{"data": [{"author_id": "801948340481064960", "edit_history_tweet_ids": ["1475520014950100993"], "id": "1475520014950100993", "text": "RT @Gregoriodalbon: Por qu\u00e9 no se dejan de pelotudear y destituyen al juez de Menores Alejandro Cilleruelo que liber\u00f3 a los Polic\u00edas y priv\u2026", "created_at": "2021-12-27T17:32:40.000Z"}, {"author_id": "1460122053848281093", "edit_history_tweet_ids": ["1475519311339003904"], "id": "1475519311339003904", "text": "Mike Ockert told me he went to a concert with Angel in Dallas limp Bizkit. I never been to any concert with Mike. We used to go shopping and to upscale restaurant in Houston. Miguel Gonzalez took me to see Luis Miguel and Alejandro Fernandez to Astrodrome. Renne Miguel and I went", "created_at": "2021-12-27T17:29:52.000Z"}, {"author_id": "200119971", "edit_history_tweet_ids": ["1475519029951483905"], "id": "1475519029951483905", "text": "RT @mundoascenso: Renov\u00f3 Alejandro Gonz\u00e1lez con el Canario #Flandria #PrimeraNacional https://t.co/0hQMcDQ70O\ufffd-alejandro-gonz\ufffdlez-con-el-ca\u2026", "created_at": "2021-12-27T17:28:45.000Z"}, {"author_id": "550975649", "edit_history_tweet_ids": ["1475518263656333313"], "id": "1475518263656333313", "text": "@RaulZambrano7 Caracas FC: Ronald Vargas \nDvo. T\u00e1chira: Gian carlos Maldonado \nZamora FC: Yeferson Soteldo\nMineros: Alejandro Guerra\nEstudiantes: Jes\u00fas G\u00f3mez\nMonagas SC: Luis 'Cariaco' Gonz\u00e1lez\nDvo. Lara: Castellin", "created_at": "2021-12-27T17:25:42.000Z"}, {"author_id": "541765150", "edit_history_tweet_ids": ["1475514564041003009"], "id": "1475514564041003009", "text": "RT @Gregoriodalbon: Por qu\u00e9 no se dejan de pelotudear y destituyen al juez de Menores Alejandro Cilleruelo que liber\u00f3 a los Polic\u00edas y priv\u2026", "created_at": "2021-12-27T17:11:00.000Z"}, {"author_id": "713833305880199168", "edit_history_tweet_ids": ["1475514480209629188"], "id": "1475514480209629188", "text": "@arck Hola mi nombre fue Alejandro Gonz\u00e1lez de un amigo de mi esposa \ud83e\udd14", "created_at": "2021-12-27T17:10:40.000Z"}, {"author_id": "1097089105", "edit_history_tweet_ids": ["1475513506120142848"], "id": "1475513506120142848", "text": "RT @Gregoriodalbon: Por qu\u00e9 no se dejan de pelotudear y destituyen al juez de Menores Alejandro Cilleruelo que liber\u00f3 a los Polic\u00edas y priv\u2026", "created_at": "2021-12-27T17:06:48.000Z"}, {"author_id": "104977066", "edit_history_tweet_ids": ["1475511796890931203"], "id": "1475511796890931203", "text": "#Ent\u00e9rate Alejandro Gonz\u00e1lez Salda\u00f1a, coordinador del Bufete Jur\u00eddico Social de la unidad de Derecho de la UAZ inform\u00f3 que los despidos injustificados y la modificaci\u00f3n de condiciones laborales se han incrementado durante la pandemia de COVID-19.\n\nhttps://t.co/sEgEqLma5e", "created_at": "2021-12-27T17:00:00.000Z"}, {"author_id": "174416070", "edit_history_tweet_ids": ["1475511595304370177"], "id": "1475511595304370177", "text": "RT @Gregoriodalbon: Por qu\u00e9 no se dejan de pelotudear y destituyen al juez de Menores Alejandro Cilleruelo que liber\u00f3 a los Polic\u00edas y priv\u2026", "created_at": "2021-12-27T16:59:12.000Z"}, {"author_id": "1219717499064930304", "edit_history_tweet_ids": ["1475511345042788353"], "id": "1475511345042788353", "text": "RT @claudipertz77: Hoy es 27 de diciembre...hace un mes la yuta mat\u00f3 a Lucas Gonzalez, Alejandro Martinez, Luciano Olivera entre otros...Nu\u2026", "created_at": "2021-12-27T16:58:12.000Z"}, {"author_id": "3128778121", "edit_history_tweet_ids": ["1475510468861038595"], "id": "1475510468861038595", "text": "RT @Gregoriodalbon: Por qu\u00e9 no se dejan de pelotudear y destituyen al juez de Menores Alejandro Cilleruelo que liber\u00f3 a los Polic\u00edas y priv\u2026", "created_at": "2021-12-27T16:54:44.000Z"}, {"author_id": "454893732", "edit_history_tweet_ids": ["1475508731735461889"], "id": "1475508731735461889", "text": "RT @Gregoriodalbon: Por qu\u00e9 no se dejan de pelotudear y destituyen al juez de Menores Alejandro Cilleruelo que liber\u00f3 a los Polic\u00edas y priv\u2026", "created_at": "2021-12-27T16:47:49.000Z"}, {"author_id": "1219717499064930304", "edit_history_tweet_ids": ["1475507853183963137"], "id": "1475507853183963137", "text": "Hoy es 27 de diciembre...hace un mes la yuta mat\u00f3 a Lucas Gonzalez, Alejandro Martinez, Luciano Olivera entre otros...Nunca vimos un collage de los homicidas, solo en el caso Olivera y porque un amigo lo puso en su Facebook. Que pasa? Por que se los encubre tanto? Estan presos?\ud83e\udd14", "created_at": "2021-12-27T16:44:20.000Z"}, {"author_id": "168551322", "edit_history_tweet_ids": ["1475507127116574721"], "id": "1475507127116574721", "text": "RT @Gregoriodalbon: Por qu\u00e9 no se dejan de pelotudear y destituyen al juez de Menores Alejandro Cilleruelo que liber\u00f3 a los Polic\u00edas y priv\u2026", "created_at": "2021-12-27T16:41:27.000Z"}, {"author_id": "1219807802685829120", "edit_history_tweet_ids": ["1475503835183341569"], "id": "1475503835183341569", "text": "RT @Gregoriodalbon: Por qu\u00e9 no se dejan de pelotudear y destituyen al juez de Menores Alejandro Cilleruelo que liber\u00f3 a los Polic\u00edas y priv\u2026", "created_at": "2021-12-27T16:28:22.000Z"}, {"author_id": "1787624282", "edit_history_tweet_ids": ["1475503815076032513"], "id": "1475503815076032513", "text": "RT @Gregoriodalbon: Por qu\u00e9 no se dejan de pelotudear y destituyen al juez de Menores Alejandro Cilleruelo que liber\u00f3 a los Polic\u00edas y priv\u2026", "created_at": "2021-12-27T16:28:17.000Z"}, {"author_id": "837715233963720704", "edit_history_tweet_ids": ["1475502857143164928"], "id": "1475502857143164928", "text": "Alejandro Gonz\u00e1lez renov\u00f3 su v\u00ednculo con Flandria. https://t.co/mQqFe1RKLA", "created_at": "2021-12-27T16:24:29.000Z"}, {"author_id": "2418905506", "edit_history_tweet_ids": ["1475502349997121537"], "id": "1475502349997121537", "text": "RT @Gregoriodalbon: Por qu\u00e9 no se dejan de pelotudear y destituyen al juez de Menores Alejandro Cilleruelo que liber\u00f3 a los Polic\u00edas y priv\u2026", "created_at": "2021-12-27T16:22:28.000Z"}, {"author_id": "333236636", "edit_history_tweet_ids": ["1475501042812915715"], "id": "1475501042812915715", "text": "RT @Gregoriodalbon: Por qu\u00e9 no se dejan de pelotudear y destituyen al juez de Menores Alejandro Cilleruelo que liber\u00f3 a los Polic\u00edas y priv\u2026", "created_at": "2021-12-27T16:17:16.000Z"}, {"author_id": "1426349728342675459", "edit_history_tweet_ids": ["1475499479587377152"], "id": "1475499479587377152", "text": "RT @Gregoriodalbon: Por qu\u00e9 no se dejan de pelotudear y destituyen al juez de Menores Alejandro Cilleruelo que liber\u00f3 a los Polic\u00edas y priv\u2026", "created_at": "2021-12-27T16:11:04.000Z"}, {"author_id": "400056243", "edit_history_tweet_ids": ["1475498127616626703"], "id": "1475498127616626703", "text": "RT @Gregoriodalbon: Por qu\u00e9 no se dejan de pelotudear y destituyen al juez de Menores Alejandro Cilleruelo que liber\u00f3 a los Polic\u00edas y priv\u2026", "created_at": "2021-12-27T16:05:41.000Z"}, {"author_id": "754875475080732672", "edit_history_tweet_ids": ["1475497979339423744"], "id": "1475497979339423744", "text": "RT @Gregoriodalbon: Por qu\u00e9 no se dejan de pelotudear y destituyen al juez de Menores Alejandro Cilleruelo que liber\u00f3 a los Polic\u00edas y priv\u2026", "created_at": "2021-12-27T16:05:06.000Z"}, {"author_id": "745019695074533376", "edit_history_tweet_ids": ["1475497214512230403"], "id": "1475497214512230403", "text": "RT @Gregoriodalbon: Por qu\u00e9 no se dejan de pelotudear y destituyen al juez de Menores Alejandro Cilleruelo que liber\u00f3 a los Polic\u00edas y priv\u2026", "created_at": "2021-12-27T16:02:04.000Z"}, {"author_id": "123972285", "edit_history_tweet_ids": ["1475496765856137221"], "id": "1475496765856137221", "text": "\ud83d\ude94Fue enviado a prisi\u00f3n Daniel Alejandro Gonz\u00e1lez Leiba, de 33 a\u00f1os, por los delitos de homicidio agravado y fabricaci\u00f3n, tr\u00e1fico, porte o tenencia de armas de fuego, a los cuales no se allan\u00f3. \ud83d\udc47\ud83d\udc47\n https://t.co/RgBQ5QKBNi", "created_at": "2021-12-27T16:00:17.000Z"}, {"author_id": "140675398", "edit_history_tweet_ids": ["1475496475639623685"], "id": "1475496475639623685", "text": "Cita y responde con el mejor jugador que viste en estos clubes:\n\nCaracas FC: Castellin \nDvo. T\u00e1chira: Chach... tomas rinc\u00f3n \nZamora FC: Evelio Hernandez\nMineros: Alejandro Guerra\nEstudiantes: Gaby Urdaneta\nMonagas SC: Luis 'Cariaco' Gonz\u00e1lez\nDvo. Lara: JM Rey https://t.co/r9MkTkqDI2", "created_at": "2021-12-27T15:59:07.000Z"}, {"author_id": "986727219329486848", "edit_history_tweet_ids": ["1475496419393822723"], "id": "1475496419393822723", "text": "RT @barci_2010: Crimen de Lucas Gonz\u00e1lez: ordenan la detenci\u00f3n de otros dos comisarios\nSe trata de Rodolfo Alejandro Ozan y Daniel Santana.\u2026", "created_at": "2021-12-27T15:58:54.000Z"}, {"author_id": "176617523", "edit_history_tweet_ids": ["1475496180859740162"], "id": "1475496180859740162", "text": "Renov\u00f3 Alejandro Gonz\u00e1lez con el Canario #Flandria #PrimeraNacional https://t.co/0hQMcDQ70O\ufffd-alejandro-gonz\ufffdlez-con-el-canario", "created_at": "2021-12-27T15:57:57.000Z"}, {"author_id": "4828186090", "edit_history_tweet_ids": ["1475495944720429063"], "id": "1475495944720429063", "text": "RT @Gregoriodalbon: Por qu\u00e9 no se dejan de pelotudear y destituyen al juez de Menores Alejandro Cilleruelo que liber\u00f3 a los Polic\u00edas y priv\u2026", "created_at": "2021-12-27T15:57:01.000Z"}, {"author_id": "2224596615", "edit_history_tweet_ids": ["1475495518537076741"], "id": "1475495518537076741", "text": "RT @Gregoriodalbon: Por qu\u00e9 no se dejan de pelotudear y destituyen al juez de Menores Alejandro Cilleruelo que liber\u00f3 a los Polic\u00edas y priv\u2026", "created_at": "2021-12-27T15:55:19.000Z"}, {"author_id": "142718717", "edit_history_tweet_ids": ["1475492386285535237"], "id": "1475492386285535237", "text": "RT @Gregoriodalbon: Por qu\u00e9 no se dejan de pelotudear y destituyen al juez de Menores Alejandro Cilleruelo que liber\u00f3 a los Polic\u00edas y priv\u2026", "created_at": "2021-12-27T15:42:52.000Z"}, {"author_id": "1136014952", "edit_history_tweet_ids": ["1475491874978742273"], "id": "1475491874978742273", "text": "RT @Denilson_Jarde: El pr\u00e9stamo de Alejandro Gonz\u00e1lez (de Sporting Cristal) a Sport Boys, ha sido aceptado por parte del cuadro celeste hac\u2026", "created_at": "2021-12-27T15:40:50.000Z"}, {"author_id": "1277357093465587718", "edit_history_tweet_ids": ["1475491473839714308"], "id": "1475491473839714308", "text": "RT @Gregoriodalbon: Por qu\u00e9 no se dejan de pelotudear y destituyen al juez de Menores Alejandro Cilleruelo que liber\u00f3 a los Polic\u00edas y priv\u2026", "created_at": "2021-12-27T15:39:15.000Z"}, {"author_id": "387745586", "edit_history_tweet_ids": ["1475490765782405125"], "id": "1475490765782405125", "text": "RT @Gregoriodalbon: Por qu\u00e9 no se dejan de pelotudear y destituyen al juez de Menores Alejandro Cilleruelo que liber\u00f3 a los Polic\u00edas y priv\u2026", "created_at": "2021-12-27T15:36:26.000Z"}, {"author_id": "4028158234", "edit_history_tweet_ids": ["1475487103303622659"], "id": "1475487103303622659", "text": "RT @Gregoriodalbon: Por qu\u00e9 no se dejan de pelotudear y destituyen al juez de Menores Alejandro Cilleruelo que liber\u00f3 a los Polic\u00edas y priv\u2026", "created_at": "2021-12-27T15:21:53.000Z"}, {"author_id": "1113583424424509443", "edit_history_tweet_ids": ["1475486696531660800"], "id": "1475486696531660800", "text": "RT @Gregoriodalbon: Por qu\u00e9 no se dejan de pelotudear y destituyen al juez de Menores Alejandro Cilleruelo que liber\u00f3 a los Polic\u00edas y priv\u2026", "created_at": "2021-12-27T15:20:16.000Z"}, {"author_id": "722605561704013825", "edit_history_tweet_ids": ["1475486056526925828"], "id": "1475486056526925828", "text": "RT @Gregoriodalbon: Por qu\u00e9 no se dejan de pelotudear y destituyen al juez de Menores Alejandro Cilleruelo que liber\u00f3 a los Polic\u00edas y priv\u2026", "created_at": "2021-12-27T15:17:43.000Z"}, {"author_id": "352477015", "edit_history_tweet_ids": ["1475485929838198794"], "id": "1475485929838198794", "text": "RT @Gregoriodalbon: Por qu\u00e9 no se dejan de pelotudear y destituyen al juez de Menores Alejandro Cilleruelo que liber\u00f3 a los Polic\u00edas y priv\u2026", "created_at": "2021-12-27T15:17:13.000Z"}, {"author_id": "2752951375", "edit_history_tweet_ids": ["1475485638744952832"], "id": "1475485638744952832", "text": "RT @Gregoriodalbon: Por qu\u00e9 no se dejan de pelotudear y destituyen al juez de Menores Alejandro Cilleruelo que liber\u00f3 a los Polic\u00edas y priv\u2026", "created_at": "2021-12-27T15:16:04.000Z"}, {"author_id": "4873896923", "edit_history_tweet_ids": ["1475485598433611781"], "id": "1475485598433611781", "text": "RT @Gregoriodalbon: Por qu\u00e9 no se dejan de pelotudear y destituyen al juez de Menores Alejandro Cilleruelo que liber\u00f3 a los Polic\u00edas y priv\u2026", "created_at": "2021-12-27T15:15:54.000Z"}, {"author_id": "2577784509", "edit_history_tweet_ids": ["1475485415989727233"], "id": "1475485415989727233", "text": "RT @Gregoriodalbon: Por qu\u00e9 no se dejan de pelotudear y destituyen al juez de Menores Alejandro Cilleruelo que liber\u00f3 a los Polic\u00edas y priv\u2026", "created_at": "2021-12-27T15:15:11.000Z"}, {"author_id": "225539130", "edit_history_tweet_ids": ["1475483897685180420"], "id": "1475483897685180420", "text": "RT @Gregoriodalbon: Por qu\u00e9 no se dejan de pelotudear y destituyen al juez de Menores Alejandro Cilleruelo que liber\u00f3 a los Polic\u00edas y priv\u2026", "created_at": "2021-12-27T15:09:09.000Z"}, {"author_id": "1702761704", "edit_history_tweet_ids": ["1475483546827382788"], "id": "1475483546827382788", "text": "RT @Gregoriodalbon: Por qu\u00e9 no se dejan de pelotudear y destituyen al juez de Menores Alejandro Cilleruelo que liber\u00f3 a los Polic\u00edas y priv\u2026", "created_at": "2021-12-27T15:07:45.000Z"}, {"author_id": "1154794876510396419", "edit_history_tweet_ids": ["1475483390518312965"], "id": "1475483390518312965", "text": "RT @Wapbaze_Com: DOWNLOAD Alejandro Gonz\u00e1lez - La Creciente #Wapbaze #technology #business #video #machinelearning #education https://t.co/\u2026", "created_at": "2021-12-27T15:07:08.000Z"}, {"author_id": "999250330138370049", "edit_history_tweet_ids": ["1475483368829513738"], "id": "1475483368829513738", "text": "DOWNLOAD Alejandro Gonz\u00e1lez - La Creciente #Wapbaze #technology #business #video #machinelearning #education https://t.co/aB5jTYI1bp #endsars #tbt #wcw", "created_at": "2021-12-27T15:07:02.000Z"}, {"author_id": "3172685669", "edit_history_tweet_ids": ["1475482336825253890"], "id": "1475482336825253890", "text": "RT @Gregoriodalbon: Por qu\u00e9 no se dejan de pelotudear y destituyen al juez de Menores Alejandro Cilleruelo que liber\u00f3 a los Polic\u00edas y priv\u2026", "created_at": "2021-12-27T15:02:56.000Z"}, {"author_id": "838368975511764992", "edit_history_tweet_ids": ["1475480872451203073"], "id": "1475480872451203073", "text": "RT @Gregoriodalbon: Por qu\u00e9 no se dejan de pelotudear y destituyen al juez de Menores Alejandro Cilleruelo que liber\u00f3 a los Polic\u00edas y priv\u2026", "created_at": "2021-12-27T14:57:07.000Z"}, {"author_id": "208727133", "edit_history_tweet_ids": ["1475480706876858371"], "id": "1475480706876858371", "text": "RT @Gregoriodalbon: Por qu\u00e9 no se dejan de pelotudear y destituyen al juez de Menores Alejandro Cilleruelo que liber\u00f3 a los Polic\u00edas y priv\u2026", "created_at": "2021-12-27T14:56:28.000Z"}, {"author_id": "901592023504998400", "edit_history_tweet_ids": ["1475478971387203588"], "id": "1475478971387203588", "text": "RT @Gregoriodalbon: Por qu\u00e9 no se dejan de pelotudear y destituyen al juez de Menores Alejandro Cilleruelo que liber\u00f3 a los Polic\u00edas y priv\u2026", "created_at": "2021-12-27T14:49:34.000Z"}, {"author_id": "2788297011", "edit_history_tweet_ids": ["1475478141812367363"], "id": "1475478141812367363", "text": "RT @Gregoriodalbon: Por qu\u00e9 no se dejan de pelotudear y destituyen al juez de Menores Alejandro Cilleruelo que liber\u00f3 a los Polic\u00edas y priv\u2026", "created_at": "2021-12-27T14:46:16.000Z"}, {"author_id": "3244434990", "edit_history_tweet_ids": ["1475477072579637253"], "id": "1475477072579637253", "text": "RT @_LaAlameda: #Tebuscamos Joaqu\u00edn Alejandro Gonz\u00e1lez Car\u00e1bes 16/5/16 #Jalisco #Colima https://t.co/PGuUI2Znd0", "created_at": "2021-12-27T14:42:01.000Z"}, {"author_id": "1231085650415366145", "edit_history_tweet_ids": ["1475476772565266440"], "id": "1475476772565266440", "text": "RT @_LaAlameda: #Tebuscamos Joaqu\u00edn Alejandro Gonz\u00e1lez Car\u00e1bes 16/5/16 #Jalisco #Colima https://t.co/PGuUI2Znd0", "created_at": "2021-12-27T14:40:50.000Z"}, {"author_id": "739852020501254144", "edit_history_tweet_ids": ["1475476736691290122"], "id": "1475476736691290122", "text": "RT @_LaAlameda: #Tebuscamos Joaqu\u00edn Alejandro Gonz\u00e1lez Car\u00e1bes 16/5/16 #Jalisco #Colima https://t.co/PGuUI2Znd0", "created_at": "2021-12-27T14:40:41.000Z"}, {"author_id": "1158875188618039296", "edit_history_tweet_ids": ["1475474896280952832"], "id": "1475474896280952832", "text": "Sobre el pr\u00e9stamo de Alejandro Gonz\u00e1lez a Sport Boys: Existe un acuerdo entre los clubes. Sporting Cristal ya dio el visto bueno (hace d\u00edas) y solo quedan ultimar detalles para su llegada al Callao. Su pr\u00e9stamo ser\u00e1 por todo el 2022.", "created_at": "2021-12-27T14:33:22.000Z"}, {"author_id": "813804262614564868", "edit_history_tweet_ids": ["1475473686023053320"], "id": "1475473686023053320", "text": "RT @Gregoriodalbon: Por qu\u00e9 no se dejan de pelotudear y destituyen al juez de Menores Alejandro Cilleruelo que liber\u00f3 a los Polic\u00edas y priv\u2026", "created_at": "2021-12-27T14:28:34.000Z"}, {"author_id": "1110040525359468544", "edit_history_tweet_ids": ["1475473143724744711"], "id": "1475473143724744711", "text": "RT @Gregoriodalbon: Por qu\u00e9 no se dejan de pelotudear y destituyen al juez de Menores Alejandro Cilleruelo que liber\u00f3 a los Polic\u00edas y priv\u2026", "created_at": "2021-12-27T14:26:25.000Z"}, {"author_id": "813441726161518592", "edit_history_tweet_ids": ["1475472534644613122"], "id": "1475472534644613122", "text": "RT @Gregoriodalbon: Por qu\u00e9 no se dejan de pelotudear y destituyen al juez de Menores Alejandro Cilleruelo que liber\u00f3 a los Polic\u00edas y priv\u2026", "created_at": "2021-12-27T14:23:59.000Z"}, {"author_id": "915319016", "edit_history_tweet_ids": ["1475471710698840070"], "id": "1475471710698840070", "text": "#Tebuscamos Joaqu\u00edn Alejandro Gonz\u00e1lez Car\u00e1bes 16/5/16 #Jalisco #Colima https://t.co/PGuUI2Znd0", "created_at": "2021-12-27T14:20:43.000Z"}, {"author_id": "796104002", "edit_history_tweet_ids": ["1475470953056325632"], "id": "1475470953056325632", "text": "Birdman or (The Unexpected Virtue of Ignorance) (2014) dir. Alejandro Gonz\u00e1lez I\u00f1\u00e1rritu https://t.co/YA0SBb9Kii", "created_at": "2021-12-27T14:17:42.000Z"}, {"author_id": "2641217056", "edit_history_tweet_ids": ["1475470834441482244"], "id": "1475470834441482244", "text": "RT @Gregoriodalbon: Por qu\u00e9 no se dejan de pelotudear y destituyen al juez de Menores Alejandro Cilleruelo que liber\u00f3 a los Polic\u00edas y priv\u2026", "created_at": "2021-12-27T14:17:14.000Z"}, {"author_id": "2168494561", "edit_history_tweet_ids": ["1475470401773858821"], "id": "1475470401773858821", "text": "RT @Gregoriodalbon: Por qu\u00e9 no se dejan de pelotudear y destituyen al juez de Menores Alejandro Cilleruelo que liber\u00f3 a los Polic\u00edas y priv\u2026", "created_at": "2021-12-27T14:15:31.000Z"}, {"author_id": "238699225", "edit_history_tweet_ids": ["1475469806795165696"], "id": "1475469806795165696", "text": "Cita y responde con el mejor jugador que viste en estos clubes:\n\nCaracas FC: Ronald Vargas\nDvo. T\u00e1chira: Tomas Rinc\u00f3n\nZamora FC: Yeferson Soteldo\nMineros: Alejandro Guerra\nEstudiantes: Brignani\nMonagas SC: Luis 'Cariaco' Gonz\u00e1lez\nDvo. Lara: NPI https://t.co/9Hm9Q8fsDE", "created_at": "2021-12-27T14:13:09.000Z"}, {"author_id": "756945730170920960", "edit_history_tweet_ids": ["1475469609105080323"], "id": "1475469609105080323", "text": "RT @Gregoriodalbon: Por qu\u00e9 no se dejan de pelotudear y destituyen al juez de Menores Alejandro Cilleruelo que liber\u00f3 a los Polic\u00edas y priv\u2026", "created_at": "2021-12-27T14:12:22.000Z"}, {"author_id": "2984716645", "edit_history_tweet_ids": ["1475468949533958153"], "id": "1475468949533958153", "text": "RT @Gregoriodalbon: Por qu\u00e9 no se dejan de pelotudear y destituyen al juez de Menores Alejandro Cilleruelo que liber\u00f3 a los Polic\u00edas y priv\u2026", "created_at": "2021-12-27T14:09:45.000Z"}, {"author_id": "4443617919", "edit_history_tweet_ids": ["1475468899252518914"], "id": "1475468899252518914", "text": "RT @Gregoriodalbon: Por qu\u00e9 no se dejan de pelotudear y destituyen al juez de Menores Alejandro Cilleruelo que liber\u00f3 a los Polic\u00edas y priv\u2026", "created_at": "2021-12-27T14:09:33.000Z"}, {"author_id": "197576678", "edit_history_tweet_ids": ["1475468132617797645"], "id": "1475468132617797645", "text": "RT @Gregoriodalbon: Por qu\u00e9 no se dejan de pelotudear y destituyen al juez de Menores Alejandro Cilleruelo que liber\u00f3 a los Polic\u00edas y priv\u2026", "created_at": "2021-12-27T14:06:30.000Z"}, {"author_id": "51254364", "edit_history_tweet_ids": ["1475468130382196739"], "id": "1475468130382196739", "text": "Cita y responde con el mejor jugador que viste en estos clubes:\n\nCaracas FC: Ronald Vargas\nDvo. T\u00e1chira: Tomas Rinc\u00f3n\nZamora FC: Yeferson Soteldo\nMineros: Alejandro Guerra\nEstudiantes: Gaby Urdaneta\nMonagas SC: Luis 'Cariaco' Gonz\u00e1lez\nDvo. Lara: Telasco Segovia https://t.co/2hkrqNAqHW", "created_at": "2021-12-27T14:06:29.000Z"}, {"author_id": "1370938157345206273", "edit_history_tweet_ids": ["1475467370495832070"], "id": "1475467370495832070", "text": "RT @Gregoriodalbon: Por qu\u00e9 no se dejan de pelotudear y destituyen al juez de Menores Alejandro Cilleruelo que liber\u00f3 a los Polic\u00edas y priv\u2026", "created_at": "2021-12-27T14:03:28.000Z"}, {"author_id": "842060825418424326", "edit_history_tweet_ids": ["1475466662975582210"], "id": "1475466662975582210", "text": "RT @Gregoriodalbon: Por qu\u00e9 no se dejan de pelotudear y destituyen al juez de Menores Alejandro Cilleruelo que liber\u00f3 a los Polic\u00edas y priv\u2026", "created_at": "2021-12-27T14:00:39.000Z"}, {"author_id": "1320502597451735041", "edit_history_tweet_ids": ["1475466020663881729"], "id": "1475466020663881729", "text": "RT @Gregoriodalbon: Por qu\u00e9 no se dejan de pelotudear y destituyen al juez de Menores Alejandro Cilleruelo que liber\u00f3 a los Polic\u00edas y priv\u2026", "created_at": "2021-12-27T13:58:06.000Z"}, {"author_id": "711536026125266944", "edit_history_tweet_ids": ["1475465756255133702"], "id": "1475465756255133702", "text": "RT @Gregoriodalbon: Por qu\u00e9 no se dejan de pelotudear y destituyen al juez de Menores Alejandro Cilleruelo que liber\u00f3 a los Polic\u00edas y priv\u2026", "created_at": "2021-12-27T13:57:03.000Z"}, {"author_id": "1002350137040089091", "edit_history_tweet_ids": ["1475465396291616776"], "id": "1475465396291616776", "text": "RT @Gregoriodalbon: Por qu\u00e9 no se dejan de pelotudear y destituyen al juez de Menores Alejandro Cilleruelo que liber\u00f3 a los Polic\u00edas y priv\u2026", "created_at": "2021-12-27T13:55:37.000Z"}, {"author_id": "347904250", "edit_history_tweet_ids": ["1475463512616931329"], "id": "1475463512616931329", "text": "RT @fernandogoz61: @alejandro_bisso @EEluzu Por qu\u00e9 solo ella? Hay un Diputado tambi\u00e9n q falt\u00f3 a su OBLIGACI\u00d3N, \u00c1lvaro Gonz\u00e1lez. Pero casi\u2026", "created_at": "2021-12-27T13:48:08.000Z"}, {"author_id": "1116698946561282048", "edit_history_tweet_ids": ["1475462422664294404"], "id": "1475462422664294404", "text": "RT @Gregoriodalbon: Por qu\u00e9 no se dejan de pelotudear y destituyen al juez de Menores Alejandro Cilleruelo que liber\u00f3 a los Polic\u00edas y priv\u2026", "created_at": "2021-12-27T13:43:48.000Z"}, {"author_id": "3056934905", "edit_history_tweet_ids": ["1475462205567029248"], "id": "1475462205567029248", "text": "RT @Gregoriodalbon: Por qu\u00e9 no se dejan de pelotudear y destituyen al juez de Menores Alejandro Cilleruelo que liber\u00f3 a los Polic\u00edas y priv\u2026", "created_at": "2021-12-27T13:42:57.000Z"}, {"author_id": "778104787510431744", "edit_history_tweet_ids": ["1475461866893844488"], "id": "1475461866893844488", "text": "RT @Gregoriodalbon: Por qu\u00e9 no se dejan de pelotudear y destituyen al juez de Menores Alejandro Cilleruelo que liber\u00f3 a los Polic\u00edas y priv\u2026", "created_at": "2021-12-27T13:41:36.000Z"}, {"author_id": "1250837884216774657", "edit_history_tweet_ids": ["1475461493319614466"], "id": "1475461493319614466", "text": "RT @Gregoriodalbon: Por qu\u00e9 no se dejan de pelotudear y destituyen al juez de Menores Alejandro Cilleruelo que liber\u00f3 a los Polic\u00edas y priv\u2026", "created_at": "2021-12-27T13:40:07.000Z"}, {"author_id": "292674051", "edit_history_tweet_ids": ["1475461492673814529"], "id": "1475461492673814529", "text": "@alejandro_bisso @EEluzu Por qu\u00e9 solo ella? Hay un Diputado tambi\u00e9n q falt\u00f3 a su OBLIGACI\u00d3N, \u00c1lvaro Gonz\u00e1lez. Pero casi nadie lo nombra,xq?  Tanto Brouwer d Koning como A.Gonz\u00e1lez tienen q ser sancionados. https://t.co/nNZE412U3q", "created_at": "2021-12-27T13:40:07.000Z"}, {"author_id": "867771810129039361", "edit_history_tweet_ids": ["1475461442539302919"], "id": "1475461442539302919", "text": "RT @Gregoriodalbon: Por qu\u00e9 no se dejan de pelotudear y destituyen al juez de Menores Alejandro Cilleruelo que liber\u00f3 a los Polic\u00edas y priv\u2026", "created_at": "2021-12-27T13:39:55.000Z"}, {"author_id": "1178737027401080833", "edit_history_tweet_ids": ["1475461055082082309"], "id": "1475461055082082309", "text": "RT @Gregoriodalbon: Por qu\u00e9 no se dejan de pelotudear y destituyen al juez de Menores Alejandro Cilleruelo que liber\u00f3 a los Polic\u00edas y priv\u2026", "created_at": "2021-12-27T13:38:22.000Z"}, {"author_id": "4738186055", "edit_history_tweet_ids": ["1475459513864138762"], "id": "1475459513864138762", "text": "RT @Gregoriodalbon: Por qu\u00e9 no se dejan de pelotudear y destituyen al juez de Menores Alejandro Cilleruelo que liber\u00f3 a los Polic\u00edas y priv\u2026", "created_at": "2021-12-27T13:32:15.000Z"}, {"author_id": "741345507147165696", "edit_history_tweet_ids": ["1475459287442935810"], "id": "1475459287442935810", "text": "RT @Gregoriodalbon: Por qu\u00e9 no se dejan de pelotudear y destituyen al juez de Menores Alejandro Cilleruelo que liber\u00f3 a los Polic\u00edas y priv\u2026", "created_at": "2021-12-27T13:31:21.000Z"}, {"author_id": "873210135677685760", "edit_history_tweet_ids": ["1475459172850450436"], "id": "1475459172850450436", "text": "RT @Gregoriodalbon: Por qu\u00e9 no se dejan de pelotudear y destituyen al juez de Menores Alejandro Cilleruelo que liber\u00f3 a los Polic\u00edas y priv\u2026", "created_at": "2021-12-27T13:30:54.000Z"}, {"author_id": "1036993921308610560", "edit_history_tweet_ids": ["1475459102734233604"], "id": "1475459102734233604", "text": "RT @Gregoriodalbon: Por qu\u00e9 no se dejan de pelotudear y destituyen al juez de Menores Alejandro Cilleruelo que liber\u00f3 a los Polic\u00edas y priv\u2026", "created_at": "2021-12-27T13:30:37.000Z"}, {"author_id": "1201586180598444032", "edit_history_tweet_ids": ["1475458577787768835"], "id": "1475458577787768835", "text": "RT @Gregoriodalbon: Por qu\u00e9 no se dejan de pelotudear y destituyen al juez de Menores Alejandro Cilleruelo que liber\u00f3 a los Polic\u00edas y priv\u2026", "created_at": "2021-12-27T13:28:32.000Z"}, {"author_id": "208553735", "edit_history_tweet_ids": ["1475458180062879756"], "id": "1475458180062879756", "text": "RT @Gregoriodalbon: Por qu\u00e9 no se dejan de pelotudear y destituyen al juez de Menores Alejandro Cilleruelo que liber\u00f3 a los Polic\u00edas y priv\u2026", "created_at": "2021-12-27T13:26:57.000Z"}, {"author_id": "209262542", "edit_history_tweet_ids": ["1475458033660702721"], "id": "1475458033660702721", "text": "RT @Gregoriodalbon: Por qu\u00e9 no se dejan de pelotudear y destituyen al juez de Menores Alejandro Cilleruelo que liber\u00f3 a los Polic\u00edas y priv\u2026", "created_at": "2021-12-27T13:26:22.000Z"}, {"author_id": "135028675", "edit_history_tweet_ids": ["1475457032757067779"], "id": "1475457032757067779", "text": "RT @Gregoriodalbon: Por qu\u00e9 no se dejan de pelotudear y destituyen al juez de Menores Alejandro Cilleruelo que liber\u00f3 a los Polic\u00edas y priv\u2026", "created_at": "2021-12-27T13:22:23.000Z"}, {"author_id": "1436159989098352643", "edit_history_tweet_ids": ["1475456297835192320"], "id": "1475456297835192320", "text": "RT @Gregoriodalbon: Por qu\u00e9 no se dejan de pelotudear y destituyen al juez de Menores Alejandro Cilleruelo que liber\u00f3 a los Polic\u00edas y priv\u2026", "created_at": "2021-12-27T13:19:28.000Z"}, {"author_id": "930052765585461250", "edit_history_tweet_ids": ["1475454084849094658"], "id": "1475454084849094658", "text": "RT @Gregoriodalbon: Por qu\u00e9 no se dejan de pelotudear y destituyen al juez de Menores Alejandro Cilleruelo que liber\u00f3 a los Polic\u00edas y priv\u2026", "created_at": "2021-12-27T13:10:41.000Z"}, {"author_id": "978818170076188672", "edit_history_tweet_ids": ["1475454005731987461"], "id": "1475454005731987461", "text": "RT @Gregoriodalbon: Por qu\u00e9 no se dejan de pelotudear y destituyen al juez de Menores Alejandro Cilleruelo que liber\u00f3 a los Polic\u00edas y priv\u2026", "created_at": "2021-12-27T13:10:22.000Z"}, {"author_id": "595214967", "edit_history_tweet_ids": ["1475453901184946178"], "id": "1475453901184946178", "text": "RT @Gregoriodalbon: Por qu\u00e9 no se dejan de pelotudear y destituyen al juez de Menores Alejandro Cilleruelo que liber\u00f3 a los Polic\u00edas y priv\u2026", "created_at": "2021-12-27T13:09:57.000Z"}, {"author_id": "385272659", "edit_history_tweet_ids": ["1475452381223702532"], "id": "1475452381223702532", "text": "RT @Gregoriodalbon: Por qu\u00e9 no se dejan de pelotudear y destituyen al juez de Menores Alejandro Cilleruelo que liber\u00f3 a los Polic\u00edas y priv\u2026", "created_at": "2021-12-27T13:03:54.000Z"}, {"author_id": "158156805", "edit_history_tweet_ids": ["1475452019175575562"], "id": "1475452019175575562", "text": "RT @Gregoriodalbon: Por qu\u00e9 no se dejan de pelotudear y destituyen al juez de Menores Alejandro Cilleruelo que liber\u00f3 a los Polic\u00edas y priv\u2026", "created_at": "2021-12-27T13:02:28.000Z"}, {"author_id": "141397818", "edit_history_tweet_ids": ["1475451453896601607"], "id": "1475451453896601607", "text": "RT @Gregoriodalbon: Por qu\u00e9 no se dejan de pelotudear y destituyen al juez de Menores Alejandro Cilleruelo que liber\u00f3 a los Polic\u00edas y priv\u2026", "created_at": "2021-12-27T13:00:13.000Z"}, {"author_id": "1133704222929772544", "edit_history_tweet_ids": ["1475451192524238849"], "id": "1475451192524238849", "text": "RT @Gregoriodalbon: Por qu\u00e9 no se dejan de pelotudear y destituyen al juez de Menores Alejandro Cilleruelo que liber\u00f3 a los Polic\u00edas y priv\u2026", "created_at": "2021-12-27T12:59:11.000Z"}, {"author_id": "186589730", "edit_history_tweet_ids": ["1475449886925488128"], "id": "1475449886925488128", "text": "RT @Gregoriodalbon: Por qu\u00e9 no se dejan de pelotudear y destituyen al juez de Menores Alejandro Cilleruelo que liber\u00f3 a los Polic\u00edas y priv\u2026", "created_at": "2021-12-27T12:54:00.000Z"}, {"author_id": "1152122665932611584", "edit_history_tweet_ids": ["1475449479448965125"], "id": "1475449479448965125", "text": "RT @Gregoriodalbon: Por qu\u00e9 no se dejan de pelotudear y destituyen al juez de Menores Alejandro Cilleruelo que liber\u00f3 a los Polic\u00edas y priv\u2026", "created_at": "2021-12-27T12:52:23.000Z"}, {"author_id": "958409198", "edit_history_tweet_ids": ["1475449215983796231"], "id": "1475449215983796231", "text": "RT @Gregoriodalbon: Por qu\u00e9 no se dejan de pelotudear y destituyen al juez de Menores Alejandro Cilleruelo que liber\u00f3 a los Polic\u00edas y priv\u2026", "created_at": "2021-12-27T12:51:20.000Z"}, {"author_id": "1363200857932763143", "edit_history_tweet_ids": ["1475449192017539073"], "id": "1475449192017539073", "text": "RT @Gregoriodalbon: Por qu\u00e9 no se dejan de pelotudear y destituyen al juez de Menores Alejandro Cilleruelo que liber\u00f3 a los Polic\u00edas y priv\u2026", "created_at": "2021-12-27T12:51:14.000Z"}], "meta": {"newest_id": "1475520014950100993", "oldest_id": "1475449192017539073", "result_count": 99, "next_token": "b26v89c19zqg8o3fpe17g2kkgortewv2mo6mer0q0gkfx"}}