{"data": [{"created_at": "2021-12-28T08:55:25.000Z", "id": "1475752235330121732", "text": "RT @RadioFreeAsia: Alejandro Gonzalez-Davidson, a Spanish environmental activist, is suspending the operations of Mother Nature, a Cambodia\u2026", "author_id": "500842601", "edit_history_tweet_ids": ["1475752235330121732"]}, {"created_at": "2021-12-28T08:44:27.000Z", "id": "1475749475058548739", "text": "RT @RadioFreeAsia: Alejandro Gonzalez-Davidson, a Spanish environmental activist, is suspending the operations of Mother Nature, a Cambodia\u2026", "author_id": "98675688", "edit_history_tweet_ids": ["1475749475058548739"]}, {"created_at": "2021-12-28T08:43:38.000Z", "id": "1475749267906068481", "text": "RT @RadioFreeAsia: Alejandro Gonzalez-Davidson, a Spanish environmental activist, is suspending the operations of Mother Nature, a Cambodia\u2026", "author_id": "25117092", "edit_history_tweet_ids": ["1475749267906068481"]}, {"created_at": "2021-12-28T08:42:33.000Z", "id": "1475748996110950400", "text": "RT @RadioFreeAsia: Alejandro Gonzalez-Davidson, a Spanish environmental activist, is suspending the operations of Mother Nature, a Cambodia\u2026", "author_id": "1424320004", "edit_history_tweet_ids": ["1475748996110950400"]}, {"created_at": "2021-12-28T08:41:17.000Z", "id": "1475748678073782274", "text": "RT @RadioFreeAsia: Alejandro Gonzalez-Davidson, a Spanish environmental activist, is suspending the operations of Mother Nature, a Cambodia\u2026", "author_id": "1368280167274151937", "edit_history_tweet_ids": ["1475748678073782274"]}, {"created_at": "2021-12-28T08:41:00.000Z", "id": "1475748605306621952", "text": "Alejandro Gonzalez-Davidson, a Spanish environmental activist, is suspending the operations of Mother Nature, a Cambodian environmental protection group amid concerns for the safety of its activists, \n\nhttps://t.co/ixYZxGAhU7", "author_id": "16561457", "edit_history_tweet_ids": ["1475748605306621952"]}, {"created_at": "2021-12-28T08:37:23.000Z", "id": "1475747695629377542", "text": "Franco Tisera y Alejandro Gonz\u00e1lez renovaron su v\u00ednculo con Flandria\nhttps://t.co/VWgFM5baCH\n\nA la continuidad de Andr\u00e9s Montenegro, Mariano Puch y Nicol\u00e1s Henry, se sumaron Alejandro Gonz\u00e1lez y Franco Tisera, quienes jugar\u00e1n para el Canario en la pr\u00f3xima temporada del Nacional. https://t.co/89iAFnFgJL", "author_id": "293379452", "edit_history_tweet_ids": ["1475747695629377542"]}, {"created_at": "2021-12-28T07:53:14.000Z", "id": "1475736584616136706", "text": "RT @_LaAlameda: #Tebuscamos Joaqu\u00edn Alejandro Gonz\u00e1lez Car\u00e1bes 16/5/16 #Jalisco #Colima https://t.co/PGuUI2Znd0", "author_id": "1373381629469728769", "edit_history_tweet_ids": ["1475736584616136706"]}, {"created_at": "2021-12-28T06:49:52.000Z", "id": "1475720637826043906", "text": "RT @_LaAlameda: #Tebuscamos Joaqu\u00edn Alejandro Gonz\u00e1lez Car\u00e1bes 16/5/16 #Jalisco #Colima https://t.co/PGuUI2Znd0", "author_id": "801077890993356800", "edit_history_tweet_ids": ["1475720637826043906"]}, {"created_at": "2021-12-28T06:01:42.000Z", "id": "1475708515675250688", "text": "#TeBuscamos Joaqu\u00edn Alejandro  Gonz\u00e1lez  Car\u00e1bes.  #Jalisco  @begolecumberri https://t.co/N9ehWHn8JN", "author_id": "2203319689", "edit_history_tweet_ids": ["1475708515675250688"]}, {"created_at": "2021-12-28T06:00:09.000Z", "id": "1475708127077146624", "text": "#TeBuscamos Alejandro Gonz\u00e1lez Soria, el 6/11/18 #PuertoVallarta #Jalisco v\u00eda @rcancino https://t.co/LSMTp2s0f0", "author_id": "2203319689", "edit_history_tweet_ids": ["1475708127077146624"]}, {"created_at": "2021-12-28T05:57:38.000Z", "id": "1475707494211194880", "text": "RT @Sergioanrodri: @AdrianMagnoli Millos Gabriel Fern\u00e1ndez \nSanta fe Omar Sebasti\u00e1n P\u00e9rez \nAm\u00e9rica jersson Gonz\u00e1lez \nCali Te\u00f3filo \nJ\u00fanior p\u2026", "author_id": "390515934", "edit_history_tweet_ids": ["1475707494211194880"]}, {"created_at": "2021-12-28T05:44:09.000Z", "id": "1475704101023502337", "text": "RT @Gregoriodalbon: Por qu\u00e9 no se dejan de pelotudear y destituyen al juez de Menores Alejandro Cilleruelo que liber\u00f3 a los Polic\u00edas y priv\u2026", "author_id": "2662139235", "edit_history_tweet_ids": ["1475704101023502337"]}, {"created_at": "2021-12-28T05:22:46.000Z", "id": "1475698718364028928", "text": "RT @Denilson_Jarde: En Sporting Cristal se busca la forma de no contar con Alejandro Gonz\u00e1lez para esta temporada 2022. Esto va m\u00e1s que tod\u2026", "author_id": "1187427204415868928", "edit_history_tweet_ids": ["1475698718364028928"]}, {"created_at": "2021-12-28T05:19:36.000Z", "id": "1475697924168376329", "text": "RT @CuartelB: Rafael Villanueva ex gerente de Sport Boys via @RPPDeportes : Al final, hubo un cambio dentro de las negociaciones por Alejan\u2026", "author_id": "130659230", "edit_history_tweet_ids": ["1475697924168376329"]}, {"created_at": "2021-12-28T05:07:16.000Z", "id": "1475694816537108482", "text": "RT @PostData_News: #Morelia #suicidios\nEl Comisionado de Seguridad, Alejandro Gonz\u00e1lez Cussi, inform\u00f3 que al d\u00eda, 3 o 4 personas intentan s\u2026", "author_id": "377066673", "edit_history_tweet_ids": ["1475694816537108482"]}, {"created_at": "2021-12-28T05:05:34.000Z", "id": "1475694392094564358", "text": "RT @ErrorArbitralTR: As\u00ed como se ha halagado el \u00e1rea audiovisual de Sport Boys, se debe criticar el p\u00e9simo trabajo de la Gerencia Deportiva\u2026", "author_id": "3366367709", "edit_history_tweet_ids": ["1475694392094564358"]}, {"created_at": "2021-12-28T05:00:40.000Z", "id": "1475693156473651202", "text": "#Morelia #suicidios\nEl Comisionado de Seguridad, Alejandro Gonz\u00e1lez Cussi, inform\u00f3 que al d\u00eda, 3 o 4 personas intentan suicidarse en Morelia.\n#PostDataNews https://t.co/7yBSpTNhyi", "author_id": "1232550188570509312", "edit_history_tweet_ids": ["1475693156473651202"]}, {"created_at": "2021-12-28T04:59:11.000Z", "id": "1475692784950693889", "text": "RT @Denilson_Jarde: En Sporting Cristal se busca la forma de no contar con Alejandro Gonz\u00e1lez para esta temporada 2022. Esto va m\u00e1s que tod\u2026", "author_id": "600678980", "edit_history_tweet_ids": ["1475692784950693889"]}, {"created_at": "2021-12-28T04:56:49.000Z", "id": "1475692189397118985", "text": "RT @alvaro_delgado: Los multimillonarios que financian a @MXvsCORRUPCION de @ClaudioXGG: Diez Morodo (Banamex, cerveza Corona, ropa Zara),\u2026", "author_id": "2434109065", "edit_history_tweet_ids": ["1475692189397118985"]}, {"created_at": "2021-12-28T04:55:44.000Z", "id": "1475691915756638209", "text": "RT @CuartelB: Rafael Villanueva ex gerente de Sport Boys via @RPPDeportes : Al final, hubo un cambio dentro de las negociaciones por Alejan\u2026", "author_id": "600678980", "edit_history_tweet_ids": ["1475691915756638209"]}, {"created_at": "2021-12-28T04:49:51.000Z", "id": "1475690436429811720", "text": "RT @Gregoriodalbon: Por qu\u00e9 no se dejan de pelotudear y destituyen al juez de Menores Alejandro Cilleruelo que liber\u00f3 a los Polic\u00edas y priv\u2026", "author_id": "147895066", "edit_history_tweet_ids": ["1475690436429811720"]}, {"created_at": "2021-12-28T04:47:35.000Z", "id": "1475689866302263300", "text": "Derek Gonzalez 12u @ RD42 Academy @ Alejandro Martinez Baseball Academy RD42 https://t.co/nVEnVQGU8l", "author_id": "3374662284", "edit_history_tweet_ids": ["1475689866302263300"]}, {"created_at": "2021-12-28T04:31:49.000Z", "id": "1475685897094017027", "text": "RT @Denilson_Jarde: En Sporting Cristal se busca la forma de no contar con Alejandro Gonz\u00e1lez para esta temporada 2022. Esto va m\u00e1s que tod\u2026", "author_id": "2837910106", "edit_history_tweet_ids": ["1475685897094017027"]}, {"created_at": "2021-12-28T04:29:11.000Z", "id": "1475685233978757126", "text": "RT @Denilson_Jarde: En Sporting Cristal se busca la forma de no contar con Alejandro Gonz\u00e1lez para esta temporada 2022. Esto va m\u00e1s que tod\u2026", "author_id": "1345210939151417344", "edit_history_tweet_ids": ["1475685233978757126"]}, {"created_at": "2021-12-28T04:20:48.000Z", "id": "1475683123362947085", "text": "RT @Denilson_Jarde: En Sporting Cristal se busca la forma de no contar con Alejandro Gonz\u00e1lez para esta temporada 2022. Esto va m\u00e1s que tod\u2026", "author_id": "1315850063218905088", "edit_history_tweet_ids": ["1475683123362947085"]}, {"created_at": "2021-12-28T04:18:03.000Z", "id": "1475682433471115265", "text": "RT @Denilson_Jarde: En Sporting Cristal se busca la forma de no contar con Alejandro Gonz\u00e1lez para esta temporada 2022. Esto va m\u00e1s que tod\u2026", "author_id": "1034625243162267651", "edit_history_tweet_ids": ["1475682433471115265"]}, {"created_at": "2021-12-28T04:15:37.000Z", "id": "1475681820071059456", "text": "RT @Denilson_Jarde: En Sporting Cristal se busca la forma de no contar con Alejandro Gonz\u00e1lez para esta temporada 2022. Esto va m\u00e1s que tod\u2026", "author_id": "1293765685420666885", "edit_history_tweet_ids": ["1475681820071059456"]}, {"created_at": "2021-12-28T04:13:43.000Z", "id": "1475681340393762816", "text": "RT @Denilson_Jarde: En Sporting Cristal se busca la forma de no contar con Alejandro Gonz\u00e1lez para esta temporada 2022. Esto va m\u00e1s que tod\u2026", "author_id": "2627258377", "edit_history_tweet_ids": ["1475681340393762816"]}, {"created_at": "2021-12-28T04:10:28.000Z", "id": "1475680526342238209", "text": "RT @Denilson_Jarde: En Sporting Cristal se busca la forma de no contar con Alejandro Gonz\u00e1lez para esta temporada 2022. Esto va m\u00e1s que tod\u2026", "author_id": "1415299686152421386", "edit_history_tweet_ids": ["1475680526342238209"]}, {"created_at": "2021-12-28T04:08:26.000Z", "id": "1475680014624604165", "text": "En Sporting Cristal se busca la forma de no contar con Alejandro Gonz\u00e1lez para esta temporada 2022. Esto va m\u00e1s que todo porque se busca utilizar el quinto cupo de extranjero. Se est\u00e1 trabajando en ello, y ser\u00eda un volante/extremo quien llegar\u00eda. Hay dos opciones.", "author_id": "2222376698", "edit_history_tweet_ids": ["1475680014624604165"]}, {"created_at": "2021-12-28T04:07:56.000Z", "id": "1475679885406482432", "text": "RT @sevillacritico: Aqu\u00ed, en este contrato, dice que, en efecto, la  @UNAM_MX y @ManceraMiguelMX s\u00ed hicieron una campa\u00f1a publicitaria a fav\u2026", "author_id": "968293954629394432", "edit_history_tweet_ids": ["1475679885406482432"]}, {"created_at": "2021-12-28T03:59:34.000Z", "id": "1475677782487318530", "text": "@ErrorArbitralTR Alejandro Gonz\u00e1lez no era un fichajazo, si cometieron un error pero lo mejor es solucionarlo lo m\u00e1s pronto posible y seguir reforz\u00e1ndose", "author_id": "1155191629243977734", "edit_history_tweet_ids": ["1475677782487318530"]}, {"created_at": "2021-12-28T03:55:02.000Z", "id": "1475676642307497988", "text": "RT @Gregoriodalbon: Por qu\u00e9 no se dejan de pelotudear y destituyen al juez de Menores Alejandro Cilleruelo que liber\u00f3 a los Polic\u00edas y priv\u2026", "author_id": "1228849782187319298", "edit_history_tweet_ids": ["1475676642307497988"]}, {"created_at": "2021-12-28T03:38:47.000Z", "id": "1475672549606363136", "text": "RT @Gregoriodalbon: Por qu\u00e9 no se dejan de pelotudear y destituyen al juez de Menores Alejandro Cilleruelo que liber\u00f3 a los Polic\u00edas y priv\u2026", "author_id": "167342139", "edit_history_tweet_ids": ["1475672549606363136"]}, {"created_at": "2021-12-28T03:30:23.000Z", "id": "1475670439208927233", "text": "RT @EGT1983: 3. Manzo di\u00f3 el OK para la contrataci\u00f3n de Alejandro Gonz\u00e1lez, Patucho se comunica con \u00e9l y llegan a un acuerdo. Despu\u00e9s de un\u2026", "author_id": "430170687", "edit_history_tweet_ids": ["1475670439208927233"]}, {"created_at": "2021-12-28T03:21:40.000Z", "id": "1475668244891586560", "text": "RT @ValeryMezaG: Rafael Villanueva, habl\u00f3 sobre la llegada del Uruguayo de Sporting Cristal: \"Hasta donde s\u00e9, no hab\u00eda ning\u00fan documento fir\u2026", "author_id": "430170687", "edit_history_tweet_ids": ["1475668244891586560"]}, {"created_at": "2021-12-28T03:21:35.000Z", "id": "1475668221156106241", "text": "RT @CuartelB: Rafael Villanueva ex gerente de Sport Boys via @RPPDeportes : Al final, hubo un cambio dentro de las negociaciones por Alejan\u2026", "author_id": "430170687", "edit_history_tweet_ids": ["1475668221156106241"]}, {"created_at": "2021-12-28T02:52:48.000Z", "id": "1475660977668509698", "text": "RT @ErrorArbitralTR: As\u00ed como se ha halagado el \u00e1rea audiovisual de Sport Boys, se debe criticar el p\u00e9simo trabajo de la Gerencia Deportiva\u2026", "author_id": "1362393509681061888", "edit_history_tweet_ids": ["1475660977668509698"]}, {"created_at": "2021-12-28T02:36:20.000Z", "id": "1475656834597863425", "text": "RT @Gregoriodalbon: Por qu\u00e9 no se dejan de pelotudear y destituyen al juez de Menores Alejandro Cilleruelo que liber\u00f3 a los Polic\u00edas y priv\u2026", "author_id": "621235504", "edit_history_tweet_ids": ["1475656834597863425"]}, {"created_at": "2021-12-28T02:33:48.000Z", "id": "1475656196350611459", "text": "As\u00ed como se ha halagado el \u00e1rea audiovisual de Sport Boys, se debe criticar el p\u00e9simo trabajo de la Gerencia Deportiva. El caso del pr\u00e9stamo de Alejandro Gonzalez refleja lo mal que se estaban llevando los posibles fichajes. \n\nSport Boys merece mucho m\u00e1s.", "author_id": "1291860085388582918", "edit_history_tweet_ids": ["1475656196350611459"]}, {"created_at": "2021-12-28T02:31:36.000Z", "id": "1475655643621060615", "text": "RT @Gregoriodalbon: Por qu\u00e9 no se dejan de pelotudear y destituyen al juez de Menores Alejandro Cilleruelo que liber\u00f3 a los Polic\u00edas y priv\u2026", "author_id": "209323005", "edit_history_tweet_ids": ["1475655643621060615"]}, {"created_at": "2021-12-28T02:25:12.000Z", "id": "1475654031385235460", "text": "RT @diomrdd: @Sc13Alexander @Aldasantacruz @ovacionweb Mi abuela con zapatos de madera es mejor que Alejandro gonzalez", "author_id": "1315850063218905088", "edit_history_tweet_ids": ["1475654031385235460"]}, {"created_at": "2021-12-28T02:18:49.000Z", "id": "1475652427302850562", "text": "RT @Gregoriodalbon: Por qu\u00e9 no se dejan de pelotudear y destituyen al juez de Menores Alejandro Cilleruelo que liber\u00f3 a los Polic\u00edas y priv\u2026", "author_id": "1437194865822126086", "edit_history_tweet_ids": ["1475652427302850562"]}, {"created_at": "2021-12-28T02:05:18.000Z", "id": "1475649025244336132", "text": "Sport Boys: exgerente deportivo explic\u00f3 la salida de Sebasti\u00e1n Penco y descart\u00f3 el pr\u00e9stamo de Alejandro\u00a0Gonz\u00e1lez https://t.co/dvphZo3SnI", "author_id": "216174831", "edit_history_tweet_ids": ["1475649025244336132"]}, {"created_at": "2021-12-28T01:48:48.000Z", "id": "1475644873407668231", "text": "#365FilmesDoNoobAno2 359/365\n\n21 Gramas (2003)\n\u2b50\u2b50\u2b50\u2b50\n\nDir: Alejandro Gonz\u00e1lez I\u00f1\u00e1rritu\nCom Naomi Watts, Benicio del Toro, Sean Penn\nhttps://t.co/SUP434ThdK\n\nPaul Rivers \u00e9 um professor que lida com uma doen\u00e7a terminal, mas sua vida muda completamente ap\u00f3s um acidente de carro +", "author_id": "1167747872", "edit_history_tweet_ids": ["1475644873407668231"]}, {"created_at": "2021-12-28T01:41:01.000Z", "id": "1475642913371656200", "text": "RT @Jose_AC94: Lo peor es que a Alejandro Gonzalez lo quer\u00edan prestar afuera del equipo pero dentro te aseguro que Mosquera lo pone por del\u2026", "author_id": "1195150800772829184", "edit_history_tweet_ids": ["1475642913371656200"]}, {"created_at": "2021-12-28T01:39:40.000Z", "id": "1475642574337712138", "text": "RT @Gregoriodalbon: Por qu\u00e9 no se dejan de pelotudear y destituyen al juez de Menores Alejandro Cilleruelo que liber\u00f3 a los Polic\u00edas y priv\u2026", "author_id": "1166119519795974144", "edit_history_tweet_ids": ["1475642574337712138"]}, {"created_at": "2021-12-28T01:37:28.000Z", "id": "1475642022195339270", "text": "RT @CuartelB: Rafael Villanueva ex gerente de Sport Boys via @RPPDeportes : Al final, hubo un cambio dentro de las negociaciones por Alejan\u2026", "author_id": "1195150800772829184", "edit_history_tweet_ids": ["1475642022195339270"]}, {"created_at": "2021-12-28T01:22:24.000Z", "id": "1475638230041174025", "text": "Sport Boys: exgerente deportivo explic\u00f3 la salida de Sebasti\u00e1n Penco y descart\u00f3 el pr\u00e9stamo de Alejandro\u00a0Gonz\u00e1lez https://t.co/yyySDDapR9", "author_id": "1206962017678110721", "edit_history_tweet_ids": ["1475638230041174025"]}, {"created_at": "2021-12-28T01:17:13.000Z", "id": "1475636924668858370", "text": "@Sc13Alexander @Aldasantacruz @ovacionweb Mi abuela con zapatos de madera es mejor que Alejandro gonzalez", "author_id": "101630550", "edit_history_tweet_ids": ["1475636924668858370"]}, {"created_at": "2021-12-28T01:15:05.000Z", "id": "1475636389370687490", "text": "Sport Boys: exgerente deportivo explic\u00f3 la salida de Sebasti\u00e1n Penco y descart\u00f3 el pr\u00e9stamo de Alejandro Gonz\u00e1lez https://t.co/v9gutNjzjm", "author_id": "1334537139237900291", "edit_history_tweet_ids": ["1475636389370687490"]}, {"created_at": "2021-12-28T01:12:13.000Z", "id": "1475635665144406017", "text": "@vivirechaza2 @SiempreChile_ @doris_gonzalez_ \u00bfy?, \u00bfcual es tu controversia con ella?.. no me interesa lo que diga no tiene mayor influencia y no es novedad.. como ya dije alejandro navarro viene haciendo lo mismo desde hace a\u00f1os \u00bfy que a logrado? \u00a1nada! \u00a1cero!.. solo persigues fantasmas. \u00bfquieres demencia? escucha esto: https://t.co/5o5VKnNUdu", "author_id": "31203775", "edit_history_tweet_ids": ["1475635665144406017"]}, {"created_at": "2021-12-28T00:57:39.000Z", "id": "1475632002606977025", "text": "RT @CuartelB: Rafael Villanueva ex gerente de Sport Boys via @RPPDeportes : Al final, hubo un cambio dentro de las negociaciones por Alejan\u2026", "author_id": "1315850063218905088", "edit_history_tweet_ids": ["1475632002606977025"]}, {"created_at": "2021-12-28T00:57:15.000Z", "id": "1475631901398355970", "text": "RT @Gregoriodalbon: Por qu\u00e9 no se dejan de pelotudear y destituyen al juez de Menores Alejandro Cilleruelo que liber\u00f3 a los Polic\u00edas y priv\u2026", "author_id": "1458189404019830790", "edit_history_tweet_ids": ["1475631901398355970"]}, {"created_at": "2021-12-28T00:57:02.000Z", "id": "1475631843969941505", "text": "RT @Gregoriodalbon: Por qu\u00e9 no se dejan de pelotudear y destituyen al juez de Menores Alejandro Cilleruelo que liber\u00f3 a los Polic\u00edas y priv\u2026", "author_id": "180759786", "edit_history_tweet_ids": ["1475631843969941505"]}, {"created_at": "2021-12-28T00:56:26.000Z", "id": "1475631695567204371", "text": "RT @Gregoriodalbon: Por qu\u00e9 no se dejan de pelotudear y destituyen al juez de Menores Alejandro Cilleruelo que liber\u00f3 a los Polic\u00edas y priv\u2026", "author_id": "4779391756", "edit_history_tweet_ids": ["1475631695567204371"]}, {"created_at": "2021-12-28T00:55:35.000Z", "id": "1475631481871474689", "text": "RT @Gregoriodalbon: Por qu\u00e9 no se dejan de pelotudear y destituyen al juez de Menores Alejandro Cilleruelo que liber\u00f3 a los Polic\u00edas y priv\u2026", "author_id": "1340346647033884673", "edit_history_tweet_ids": ["1475631481871474689"]}, {"created_at": "2021-12-28T00:53:28.000Z", "id": "1475630948800626688", "text": "RT @photo_journ: Alejandro Gonzalez-Davidson, a Spanish environmentalist, told RFA in an interview Monday that the Mother Nature NGO still\u2026", "author_id": "3265583034", "edit_history_tweet_ids": ["1475630948800626688"]}, {"created_at": "2021-12-28T00:46:55.000Z", "id": "1475629298836987906", "text": "\ud83c\udf99Entrevista realizada por Jimena Catteneo y David Gonzalez, responsables en C\u00f3rdoba del Observatorio de g\u00e9nero, biopol\u00edtica y transexualidad, a Alejandro Escudero, abogado de la Subdirecci\u00f3n de DDHH de las minor\u00edas y lucha contra la discriminaci\u00f3n \n\n\ud83d\udc47\n\n\ud83d\udccchttps://t.co/kEgZ3DB4vR", "author_id": "751716161688043520", "edit_history_tweet_ids": ["1475629298836987906"]}, {"created_at": "2021-12-28T00:43:13.000Z", "id": "1475628368670621697", "text": "RT @Gregoriodalbon: Por qu\u00e9 no se dejan de pelotudear y destituyen al juez de Menores Alejandro Cilleruelo que liber\u00f3 a los Polic\u00edas y priv\u2026", "author_id": "1244343151478751232", "edit_history_tweet_ids": ["1475628368670621697"]}, {"created_at": "2021-12-28T00:42:46.000Z", "id": "1475628255784804353", "text": "Alejandro Gonzalez-Davidson, a Spanish environmentalist, told RFA in an interview Monday that the Mother Nature NGO still exists, however, it is suspending operations in #Cambodia amid concerns for the safety of its activists #humanrights #environment https://t.co/BHAOPW5VYO", "author_id": "17183476", "edit_history_tweet_ids": ["1475628255784804353"]}, {"created_at": "2021-12-28T00:17:41.000Z", "id": "1475621944363945986", "text": "RT @Gregoriodalbon: Por qu\u00e9 no se dejan de pelotudear y destituyen al juez de Menores Alejandro Cilleruelo que liber\u00f3 a los Polic\u00edas y priv\u2026", "author_id": "757868258", "edit_history_tweet_ids": ["1475621944363945986"]}, {"created_at": "2021-12-28T00:11:32.000Z", "id": "1475620395717910534", "text": "RT @Gregoriodalbon: Por qu\u00e9 no se dejan de pelotudear y destituyen al juez de Menores Alejandro Cilleruelo que liber\u00f3 a los Polic\u00edas y priv\u2026", "author_id": "1134115493349117952", "edit_history_tweet_ids": ["1475620395717910534"]}, {"created_at": "2021-12-28T00:07:55.000Z", "id": "1475619484480118790", "text": "RT @Gregoriodalbon: Por qu\u00e9 no se dejan de pelotudear y destituyen al juez de Menores Alejandro Cilleruelo que liber\u00f3 a los Polic\u00edas y priv\u2026", "author_id": "3035094536", "edit_history_tweet_ids": ["1475619484480118790"]}, {"created_at": "2021-12-27T23:51:36.000Z", "id": "1475615377707126786", "text": "RT @CuartelB: Rafael Villanueva ex gerente de Sport Boys via @RPPDeportes : Al final, hubo un cambio dentro de las negociaciones por Alejan\u2026", "author_id": "2222376698", "edit_history_tweet_ids": ["1475615377707126786"]}, {"created_at": "2021-12-27T23:48:39.000Z", "id": "1475614636451979270", "text": "RT @CuartelB: Rafael Villanueva ex gerente de Sport Boys via @RPPDeportes : Al final, hubo un cambio dentro de las negociaciones por Alejan\u2026", "author_id": "233241477", "edit_history_tweet_ids": ["1475614636451979270"]}, {"created_at": "2021-12-27T23:38:20.000Z", "id": "1475612038378438658", "text": "RT @Gregoriodalbon: Por qu\u00e9 no se dejan de pelotudear y destituyen al juez de Menores Alejandro Cilleruelo que liber\u00f3 a los Polic\u00edas y priv\u2026", "author_id": "4921127601", "edit_history_tweet_ids": ["1475612038378438658"]}, {"created_at": "2021-12-27T23:33:34.000Z", "id": "1475610840803987468", "text": "A ra\u00edz de un tuit de @a_lacambraes he pensando en poner todas las cosas que est\u00e1n sobrevaloradas. Empiezo:\n-Michael Jackson\n-Dover\n-Lina Morgan\n-el caramelo del flan\n-el gazpacho\n-cualquier pel\u00edcula de Almodovar y Woody Allen\n-Alejandro Sanz\n-Ra\u00fal Gonz\u00e1lez\n-Cristiano Ronaldo", "author_id": "847052082855268352", "edit_history_tweet_ids": ["1475610840803987468"]}, {"created_at": "2021-12-27T23:31:03.000Z", "id": "1475610207677923331", "text": "RT @Gregoriodalbon: Por qu\u00e9 no se dejan de pelotudear y destituyen al juez de Menores Alejandro Cilleruelo que liber\u00f3 a los Polic\u00edas y priv\u2026", "author_id": "746073442852737025", "edit_history_tweet_ids": ["1475610207677923331"]}, {"created_at": "2021-12-27T23:20:38.000Z", "id": "1475607584912683013", "text": "#LineUp de #MagallanesHoy #27Dic vs Caribes #JBP #Valencia \n\nCade Gotta 8\nAlberto Gonz\u00e1lez 5\n\u00c1ngel Reyes BD \nNellie Rodr\u00edguez 3\nLeonardo Reginatto 3\nAlejandro de Aza 9\nAlbert Mart\u00ednez 7\nCarlos P\u00e9rez 2\nGabriel Noriega 6\n\nJunior Guerra 1\n\n#Magallanes #LVBP \nRound Robin #FelizLunes", "author_id": "1909888508", "edit_history_tweet_ids": ["1475607584912683013"]}, {"created_at": "2021-12-27T23:19:40.000Z", "id": "1475607340263124998", "text": "RT @RPPDeportes: \ud83c\udf99\ufe0f Rafael 'Patucho' Villanueva: \"Hasta donde s\u00e9, no hab\u00eda ning\u00fan documento firmado para que Alejandro Gonz\u00e1lez llegue a Sp\u2026", "author_id": "1401741984465829888", "edit_history_tweet_ids": ["1475607340263124998"]}, {"created_at": "2021-12-27T23:18:49.000Z", "id": "1475607126865293314", "text": "RT @CuartelB: Rafael Villanueva ex gerente de Sport Boys via @RPPDeportes : Al final, hubo un cambio dentro de las negociaciones por Alejan\u2026", "author_id": "1401741984465829888", "edit_history_tweet_ids": ["1475607126865293314"]}, {"created_at": "2021-12-27T23:14:33.000Z", "id": "1475606056453779456", "text": "@RaulZambrano7 Caracas FC: Ronald Vargas\nDvo T\u00e1chira: Maestrico Gonzalez\nZamora FC: D. Figueroa\nMineros: Alejandro Guerra\nEstudiantes: Jes\u00fas G\u00f3mez \nMonagas SC: Cariaco Gonzalez\nDvo Lara: M. Mea Vitali\n\nTodos vistieron la camiseta del unico grande de venezuela, el @Caracas_FC", "author_id": "172130095", "edit_history_tweet_ids": ["1475606056453779456"]}, {"created_at": "2021-12-27T23:08:15.000Z", "id": "1475604467382849538", "text": "RT @PSJ_Sanz_Peru: Eva Gonz\u00e1lez desvela c\u00f3mo es trabajar con su \u00eddolo, Alejandro Sanz: \"No se me ha olvidado esa ni\u00f1a que ahorraba para ir\u2026", "author_id": "131942814", "edit_history_tweet_ids": ["1475604467382849538"]}, {"created_at": "2021-12-27T22:58:34.000Z", "id": "1475602030446133252", "text": "RT @Gregoriodalbon: Por qu\u00e9 no se dejan de pelotudear y destituyen al juez de Menores Alejandro Cilleruelo que liber\u00f3 a los Polic\u00edas y priv\u2026", "author_id": "1083904910125662209", "edit_history_tweet_ids": ["1475602030446133252"]}, {"created_at": "2021-12-27T22:57:46.000Z", "id": "1475601829425827846", "text": "RT @cmiccolima2: A la reuni\u00f3n asistieron el Alcalde de Minatitl\u00e1n, Alejandro Mancilla Gonz\u00e1lez, el Ing. H\u00e9ctor Mancilla P\u00e9rez, Vicepresiden\u2026", "author_id": "1152732218122547205", "edit_history_tweet_ids": ["1475601829425827846"]}, {"created_at": "2021-12-27T22:57:26.000Z", "id": "1475601748626755587", "text": "El doctor Jos\u00e9 Alejandro Valladares Gonz\u00e1lez catedr\u00e1tico investigador de la Facultad de Psicolog\u00eda de la UASLP, mencion\u00f3 que durante la \u00e9poca decembrina, sobre todo en el inicio del invierno se presenta un tipo de depresi\u00f3n estacional ocasionada por las\u2026 https://t.co/swbjrxbt6a", "author_id": "3871232234", "edit_history_tweet_ids": ["1475601748626755587"]}, {"created_at": "2021-12-27T22:51:40.000Z", "id": "1475600294729990145", "text": "RT @mubis_es: \u2757El Renacido (The Revenant) en Blu-ray por 6,49\u20ac.\nDirigida por Alejandro Gonz\u00e1lez I\u00f1\u00e1rritu y protagonizada por Leonardo DiCap\u2026", "author_id": "155869911", "edit_history_tweet_ids": ["1475600294729990145"]}, {"created_at": "2021-12-27T22:50:31.000Z", "id": "1475600008216862725", "text": "RT @CuartelB: Rafael Villanueva ex gerente de Sport Boys via @RPPDeportes : Al final, hubo un cambio dentro de las negociaciones por Alejan\u2026", "author_id": "1290787595912445955", "edit_history_tweet_ids": ["1475600008216862725"]}, {"created_at": "2021-12-27T22:48:34.000Z", "id": "1475599516883570689", "text": "RT @Gregoriodalbon: Por qu\u00e9 no se dejan de pelotudear y destituyen al juez de Menores Alejandro Cilleruelo que liber\u00f3 a los Polic\u00edas y priv\u2026", "author_id": "1458818340873453578", "edit_history_tweet_ids": ["1475599516883570689"]}, {"created_at": "2021-12-27T22:47:14.000Z", "id": "1475599182194950144", "text": "El #ClubDeAtletismoRa\u00falnning ha participado en la #XIVSanSilvestre de #Moriles de 4 km, corriendo 2socios del club finalizando ambos en p\u00f3dium\n\n63\u00ba (57\u00ba - 2\u00ba) - Alejandro Gonz\u00e1lez Ramos - 22:00 - Juvenil\n\n#calendario y #resultados en \ud83d\uddde: https://t.co/mLLD3D233G\n#Monturqueinfo \ud83d\udcf0 https://t.co/rynimUnnMH", "author_id": "1471871516", "edit_history_tweet_ids": ["1475599182194950144"]}, {"created_at": "2021-12-27T22:46:04.000Z", "id": "1475598887356231682", "text": "3. Manzo di\u00f3 el OK para la contrataci\u00f3n de Alejandro Gonz\u00e1lez, Patucho se comunica con \u00e9l y llegan a un acuerdo. Despu\u00e9s de un momento a otro Manzo le dice que ya no quiere al jugador. Patucho al enterarse de esto decide renunciar.", "author_id": "929051614350053376", "edit_history_tweet_ids": ["1475598887356231682"]}, {"created_at": "2021-12-27T22:44:24.000Z", "id": "1475598466172686337", "text": "RT @RPPDeportes: \ud83c\udf99\ufe0f Rafael 'Patucho' Villanueva: \"Hasta donde s\u00e9, no hab\u00eda ning\u00fan documento firmado para que Alejandro Gonz\u00e1lez llegue a Sp\u2026", "author_id": "290105321", "edit_history_tweet_ids": ["1475598466172686337"]}, {"created_at": "2021-12-27T22:41:28.000Z", "id": "1475597729246056450", "text": "Rafael Villanueva, habl\u00f3 sobre la llegada del Uruguayo de Sporting Cristal: \"Hasta donde s\u00e9, no hab\u00eda ning\u00fan documento firmado para que Alejandro Gonz\u00e1lez llegue a Sport Boys\"\n\n\ud83c\udf99: RPP https://t.co/wV5Tafvp9p", "author_id": "1212842314114031616", "edit_history_tweet_ids": ["1475597729246056450"]}, {"created_at": "2021-12-27T22:41:22.000Z", "id": "1475597701999910914", "text": "RT @Gustavo_p4: Y por m\u00e1s m\u00e1s hab\u00eda acuerdo y solo faltaba la firma, la renuncia de Rafael Villanueva como gerente deportivo hizo que en Sp\u2026", "author_id": "1388192775896719361", "edit_history_tweet_ids": ["1475597701999910914"]}, {"created_at": "2021-12-27T22:36:21.000Z", "id": "1475596441410277381", "text": "RT @RPPDeportes: \ud83c\udf99\ufe0f Rafael 'Patucho' Villanueva: \"Hasta donde s\u00e9, no hab\u00eda ning\u00fan documento firmado para que Alejandro Gonz\u00e1lez llegue a Sp\u2026", "author_id": "958920479024320512", "edit_history_tweet_ids": ["1475596441410277381"]}, {"created_at": "2021-12-27T22:34:05.000Z", "id": "1475595869256830981", "text": "RT @RPPDeportes: \ud83c\udf99\ufe0f Rafael 'Patucho' Villanueva: \"Hasta donde s\u00e9, no hab\u00eda ning\u00fan documento firmado para que Alejandro Gonz\u00e1lez llegue a Sp\u2026", "author_id": "1196640552109969408", "edit_history_tweet_ids": ["1475595869256830981"]}, {"created_at": "2021-12-27T22:33:31.000Z", "id": "1475595729842450442", "text": "RT @CuartelB: Rafael Villanueva ex gerente de Sport Boys via @RPPDeportes : Al final, hubo un cambio dentro de las negociaciones por Alejan\u2026", "author_id": "948383416185212928", "edit_history_tweet_ids": ["1475595729842450442"]}, {"created_at": "2021-12-27T22:29:07.000Z", "id": "1475594621296250889", "text": "RT @CuartelB: Rafael Villanueva ex gerente de Sport Boys via @RPPDeportes : Al final, hubo un cambio dentro de las negociaciones por Alejan\u2026", "author_id": "700326824", "edit_history_tweet_ids": ["1475594621296250889"]}, {"created_at": "2021-12-27T22:28:14.000Z", "id": "1475594396905226242", "text": "\ud83c\udf99\ufe0f Rafael 'Patucho' Villanueva: \"Hasta donde s\u00e9, no hab\u00eda ning\u00fan documento firmado para que Alejandro Gonz\u00e1lez llegue a Sport Boys\"\n\n@RPPNoticias", "author_id": "41609283", "edit_history_tweet_ids": ["1475594396905226242"]}, {"created_at": "2021-12-27T22:27:21.000Z", "id": "1475594175685050369", "text": "Rafael Villanueva ex gerente de Sport Boys via @RPPDeportes : Al final, hubo un cambio dentro de las negociaciones por Alejandro Gonzalez, y por decision del comando tecnico se opto por no tomarlo en cuenta, ni habia un contrato firmado a\u00fan", "author_id": "1179799711349432320", "edit_history_tweet_ids": ["1475594175685050369"]}, {"created_at": "2021-12-27T22:26:47.000Z", "id": "1475594031631671297", "text": "RT @mubis_es: \u2757El Renacido (The Revenant) en Blu-ray por 6,49\u20ac.\nDirigida por Alejandro Gonz\u00e1lez I\u00f1\u00e1rritu y protagonizada por Leonardo DiCap\u2026", "author_id": "1364236920134520833", "edit_history_tweet_ids": ["1475594031631671297"]}, {"created_at": "2021-12-27T22:25:25.000Z", "id": "1475593688961146893", "text": "RT @Gustavo_p4: Y por m\u00e1s m\u00e1s hab\u00eda acuerdo y solo faltaba la firma, la renuncia de Rafael Villanueva como gerente deportivo hizo que en Sp\u2026", "author_id": "198382507", "edit_history_tweet_ids": ["1475593688961146893"]}, {"created_at": "2021-12-27T22:19:21.000Z", "id": "1475592161378848775", "text": "RT @rogerrojasveliz: #Magallanes vs Caribes (27/12)\n\nCade Gotta 8\nAlberto Gonz\u00e1lez 5\n\u00c1ngel Reyes DH\nNellie Rodr\u00edguez 3\nLeonardo Reginatto 4\u2026", "author_id": "140835233", "edit_history_tweet_ids": ["1475592161378848775"]}, {"created_at": "2021-12-27T22:18:43.000Z", "id": "1475592005334020101", "text": "RT @rogerrojasveliz: #Magallanes vs Caribes (27/12)\n\nCade Gotta 8\nAlberto Gonz\u00e1lez 5\n\u00c1ngel Reyes DH\nNellie Rodr\u00edguez 3\nLeonardo Reginatto 4\u2026", "author_id": "1374887033987039232", "edit_history_tweet_ids": ["1475592005334020101"]}, {"created_at": "2021-12-27T22:10:35.000Z", "id": "1475589956731035648", "text": "\u2757El Renacido (The Revenant) en Blu-ray por 6,49\u20ac.\nDirigida por Alejandro Gonz\u00e1lez I\u00f1\u00e1rritu y protagonizada por Leonardo DiCaprio\n\u27a1\ufe0f https://t.co/VoiyLfr2QM\nTr\u00e1iler https://t.co/Fl4zvSSJro https://t.co/SCbmfQdGJq", "author_id": "265948823", "edit_history_tweet_ids": ["1475589956731035648"]}, {"created_at": "2021-12-27T22:08:18.000Z", "id": "1475589382568611852", "text": "@AdrianMagnoli Millos Gabriel Fern\u00e1ndez \nSanta fe Omar Sebasti\u00e1n P\u00e9rez \nAm\u00e9rica jersson Gonz\u00e1lez \nCali Te\u00f3filo \nJ\u00fanior pachequito \nTolima marangoni\nPereira Darwin Quintero \nOnce Caldas Sergio Alejandro Galv\u00e1n rey \nNacional Armani \nDim david Montoya", "author_id": "2751721282", "edit_history_tweet_ids": ["1475589382568611852"]}, {"created_at": "2021-12-27T22:03:31.000Z", "id": "1475588179017314308", "text": "A la reuni\u00f3n asistieron el Alcalde de Minatitl\u00e1n, Alejandro Mancilla Gonz\u00e1lez, el Ing. H\u00e9ctor Mancilla P\u00e9rez, Vicepresidente de Infraestructura Municipal y el\nIng. Julio Lugo, Secretario del Comit\u00e9 Directivo CMIC Colima.\n\n#CmicConstruyendoColima", "author_id": "1086331778007162880", "edit_history_tweet_ids": ["1475588179017314308"]}], "meta": {"newest_id": "1475752235330121732", "oldest_id": "1475588179017314308", "result_count": 99, "next_token": "b26v89c19zqg8o3fpe17g4qhq7lx11gbr7foylbp9hpj1"}}