{"data": [{"created_at": "2019-01-19T04:11:05.000Z", "edit_history_tweet_ids": ["1086476111599595520"], "author_id": "1078643180151676928", "id": "1086476111599595520", "text": "RT @lobobarcino: #CubaDeporte Bravo por nuestro Secretario del PCC Julio Ramiro Lima Corso al felicitar al equipo de VC y su pueblo por eso\u2026"}, {"created_at": "2019-01-19T01:49:14.000Z", "edit_history_tweet_ids": ["1086440414058610689"], "author_id": "170347576", "id": "1086440414058610689", "text": "#CubaDeporte Bravo por nuestro Secretario del PCC Julio Ramiro Lima Corso al felicitar al equipo de VC y su pueblo por eso #YoVotoS\u00ed @AlbertoLpzDiaz @GimeranezEm @MinoskaCuba https://t.co/ga7z8SHFZZ"}, {"created_at": "2019-01-18T19:00:42.000Z", "edit_history_tweet_ids": ["1086337603971047425"], "author_id": "1327528638", "id": "1086337603971047425", "text": "@MuniLima @JorgeMunozAP @MartinVizcarraC Lima tiene obras paralizadas como la ampliaci\u00f3n de la Ramiro Priale,no se ha reconstruido la zona de Carapongo,hace 2 a\u00f1os huayco arraso pistas y veredas,fue afectado tambi\u00e9n malec\u00f3n checa en SL,C.Central colapsado al igual que puente Huachipa,cada d\u00eda trafico infernal R.Priale"}, {"created_at": "2019-01-18T16:39:55.000Z", "edit_history_tweet_ids": ["1086302174337007617"], "author_id": "1325181019", "id": "1086302174337007617", "text": "@JorgeDCG @MuniLima @munisjl @JorgeMunozAP Jorge del Castillo, tambi\u00e9n fue un buen Alcalde de Lima, ah\u00ed est\u00e1n sus obras los corredores viales, la Ramiro Priale entre otros"}, {"created_at": "2019-01-18T07:00:40.000Z", "edit_history_tweet_ids": ["1086156402840752128"], "author_id": "67252851", "id": "1086156402840752128", "text": "SERENATA CHORRILLANA A LIMA... Gracias Juan Teodoro Martin Ore Edgar Ramiro Pereyra Camargo Oscar Damian Rodrigo Zarate Martin Quezada Wendy Cuya Rosa Cuya Karlos Karlin Orozco Chepe Franco Quiroz Luis Alberto Jimenez Caichihua y m\u00e1s muchos m\u00e1s https://t.co/pyOsDMmM8N"}, {"created_at": "2019-01-17T11:44:22.000Z", "edit_history_tweet_ids": ["1085865409369333760"], "author_id": "138734426", "id": "1085865409369333760", "text": "@ramikaro @cusquenaperu Ramiro si est\u00e1s en Lima, en la zona del casco hist\u00f3rico todav\u00eda se consigue Cusque\u00f1a Marz\u00ebn"}, {"created_at": "2019-01-15T22:36:14.000Z", "edit_history_tweet_ids": ["1085304681939828736"], "author_id": "1327528638", "id": "1085304681939828736", "text": "RT @cosotec: @jfmoran07 @PanamericanaTV @MuniLima  @JorgeMunozAP En la v\u00eda Ramiro Priale,los lavacarros han invadido la via auxiliar,ponen\u2026"}, {"created_at": "2019-01-15T22:35:54.000Z", "edit_history_tweet_ids": ["1085304597504294912"], "author_id": "1327528638", "id": "1085304597504294912", "text": "RT @cosotec: @MuniLima @JorgeMunozAP Trafico infernal en la via Ramiro Priale,en ambos sentidos,se requiere @PoliciaPeru en cruce Av Huachi\u2026"}, {"created_at": "2019-01-15T22:30:50.000Z", "edit_history_tweet_ids": ["1085303321370472450"], "author_id": "170343361", "id": "1085303321370472450", "text": "RT @cosotec: @jfmoran07 @PanamericanaTV @MuniLima  @JorgeMunozAP En la v\u00eda Ramiro Priale,los lavacarros han invadido la via auxiliar,ponen\u2026"}, {"created_at": "2019-01-15T22:20:24.000Z", "edit_history_tweet_ids": ["1085300697350971397"], "author_id": "1327528638", "id": "1085300697350971397", "text": "@MuniLima @JorgeMunozAP Trafico infernal en la via Ramiro Priale,en ambos sentidos,se requiere @PoliciaPeru en cruce Av Huachipa(entrada a Mafre),solicitamos URGENTE la acci\u00f3n del Alcalde Lima,en mejorar los 10Km de la v\u00eda R.Priale,cierre el cruce de Av.Huachipa. https://t.co/Xq0Kz3AzQi"}, {"created_at": "2019-01-15T17:18:06.000Z", "edit_history_tweet_ids": ["1085224619898998790"], "author_id": "1327528638", "id": "1085224619898998790", "text": "@jfmoran07 @PanamericanaTV @MuniLima  @JorgeMunozAP En la v\u00eda Ramiro Priale,los lavacarros han invadido la via auxiliar,ponen en peligro a los conductores,Municipio de Lima debe recuperar parte de la v\u00eda."}, {"created_at": "2019-01-14T20:56:21.000Z", "edit_history_tweet_ids": ["1084917156297478144"], "author_id": "923549305507590144", "id": "1084917156297478144", "text": "MANICARAGUA. Inagura el Primer Secretario del Partido en la provincia Julio Ramiro Lima Corzo, el Centro de Preparaci\u00f3n de la Monta\u00f1a Arnaldo Milian Castro en la UBPC Herradura.\n\nFotos e informaci\u00f3n tomadas del perfil de Noel Chinea P\u00e9rez"}, {"created_at": "2019-01-14T19:35:53.000Z", "edit_history_tweet_ids": ["1084896905782616065"], "author_id": "994405085588393984", "id": "1084896905782616065", "text": "RT @lasenyal: @ramiro_mac @mazariegos_lima Que bueno saber que si tienen esa tecnolog\u00eda, ojal\u00e1 la pusieran en los lugares denominados zonas\u2026"}, {"created_at": "2019-01-14T19:26:01.000Z", "edit_history_tweet_ids": ["1084894422599434240"], "author_id": "611885348", "id": "1084894422599434240", "text": "@ramiro_mac @mazariegos_lima Que bueno saber que si tienen esa tecnolog\u00eda, ojal\u00e1 la pusieran en los lugares denominados zonas rojas."}, {"created_at": "2019-01-12T19:31:05.000Z", "edit_history_tweet_ids": ["1084170923278766081"], "author_id": "794345467", "id": "1084170923278766081", "text": "RT @AlfonsoRiveraC: Mientras la polic\u00eda lo busca en Ecuador, Ramiro Gonz\u00e1lez disfruta sus ganancias del IESS en buen Restaurant de Lima @jc\u2026"}, {"created_at": "2019-01-11T21:53:30.000Z", "edit_history_tweet_ids": ["1083844374545485826"], "author_id": "17491136", "id": "1083844374545485826", "text": "RT @AngelLarrea: Van a cerrar la Carretera Central varios a\u00f1os. La Ramiro Prial\u00e9 siempre es un caos y su ampliaci\u00f3n... sigue ah\u00ed, bien grac\u2026"}, {"created_at": "2019-01-11T17:52:11.000Z", "edit_history_tweet_ids": ["1083783646769758208"], "author_id": "1327528638", "id": "1083783646769758208", "text": "@MuniLima @MartinVizcarraC @JorgeMunozAP en100 d\u00edas,la poblaci\u00f3n de Lima-Este espera el anuncio de la continuaci\u00f3n de la obra:ampliaci\u00f3n de la Ramiro Priale,paralizado hace 3 a\u00f1os,C.Central colapsado desde el Km 5,pista en mal estado,mejoren esta via.https://t.co/aVSDcZ7zRQ"}, {"created_at": "2019-01-11T17:39:21.000Z", "edit_history_tweet_ids": ["1083780415775748096"], "author_id": "1327528638", "id": "1083780415775748096", "text": "RT @cosotec: @MuniLima @JorgeMunozAP #ramiropriale los 10Km abandonado,trafico infernal todos los d\u00edas sobretodo para salir a C.Central,es\u2026"}, {"created_at": "2019-01-11T17:39:14.000Z", "edit_history_tweet_ids": ["1083780385107001345"], "author_id": "1327528638", "id": "1083780385107001345", "text": "@MuniLima @JorgeMunozAP #ramiropriale los 10Km abandonado,trafico infernal todos los d\u00edas sobretodo para salir a C.Central,es urgente hacer algo,como desbloquear la entrada a la via Carapongo \u00d1a\u00f1a y mejorar la pista,cerrar entrada a av. huachipa(mafre) https://t.co/LQN8YyRu9b"}, {"created_at": "2019-01-11T14:47:35.000Z", "edit_history_tweet_ids": ["1083737191073886213"], "author_id": "75926770", "id": "1083737191073886213", "text": "Ramiro Escobar: \u201cNo conviene que pa\u00edses latinoamericanos rompan relaci\u00f3n con Venezuela\u201d -\u00bfCu\u00e1l es la situaci\u00f3n por la que atraviesa Venezuela luego de que la mayor\u00eda de pa\u00edses que integran el Grupo de Lima y la OEA... Enterate m\u00e1s The pos... https://t.co/RTxphvHYOt #Per\u00faNoticias https://t.co/oMHqdnnZ2h"}, {"created_at": "2019-01-11T14:00:17.000Z", "edit_history_tweet_ids": ["1083725287077134336"], "author_id": "1488226914", "id": "1083725287077134336", "text": "#Ciclismo: #vueltadelaJuventud #Colonienses:  Lautaro Lima  posici\u00f3n 20 de la general y Ramiro Leiva en el puesto 26. https://t.co/rlJGr0i370"}, {"created_at": "2019-01-11T11:49:27.000Z", "edit_history_tweet_ids": ["1083692359026647042"], "author_id": "67137343", "id": "1083692359026647042", "text": "@CentralFoxBR @FoxSportsBrasil Mais pq vc colocam o Lucas Lima nessa pesquisa sendo que o rapaz e reserva do Palmeiras??? Acho que tinha alguns meias que poderiam ter mais coer\u00eancia do Ibope, como por exemplo: o Ramiro no Corinthians, o Sanchez no Santos e at\u00e9 o Cazares do Atl\u00e9tico mineiro"}, {"created_at": "2019-01-10T12:03:16.000Z", "edit_history_tweet_ids": ["1083333451284123648"], "author_id": "782709618220883968", "id": "1083333451284123648", "text": "Jueves de camiones en la Ramiro Priale rumbo a Lima. \nLa 516 tiene tarifa \u00fanica de 2,50 soles desde Huaycan hasta la avenida M\u00e9xico \u270c\n@traficorpp @RPPNoticias @noticias_tvperu"}, {"created_at": "2019-01-09T15:30:36.000Z", "edit_history_tweet_ids": ["1083023241101406208"], "author_id": "45962926", "id": "1083023241101406208", "text": "Van a cerrar la Carretera Central varios a\u00f1os. La Ramiro Prial\u00e9 siempre es un caos y su ampliaci\u00f3n... sigue ah\u00ed, bien gracias. Llegar a la zona este de Lima ser\u00e1 un infierno. Gracias @MuniLima @MTC_GobPeru y dem\u00e1s por NUNCA HABER HECHO NADA PARA MEJORAR EL TR\u00c1NSITO EN LIMA ESTE"}, {"created_at": "2019-01-09T13:57:27.000Z", "edit_history_tweet_ids": ["1082999797894864897"], "author_id": "112796268", "id": "1082999797894864897", "text": "Ramiro Escobar, analista internacional comenta sobre el Grupo de Lima y su petici\u00f3n a Nicol\u00e1s Maduro de no asumir segundo mandato en Venezuela.\n#NacionalFM 103.9 https://t.co/eYKZ4iwuPe"}, {"created_at": "2019-01-09T11:55:59.000Z", "edit_history_tweet_ids": ["1082969230193115141"], "author_id": "1711634568", "id": "1082969230193115141", "text": "RT @CamiloGuti88: #CopaOFI Tacuaremb\u00f3  1Tiempo.  \nJhonatan V\u00e1z, Esteban Bentos, Sebasti\u00e1n Cuello,H\u00e9ctor V\u00e1zquez, Ramiro Ramos,Ricardo Lima,\u2026"}, {"created_at": "2019-01-09T11:32:40.000Z", "edit_history_tweet_ids": ["1082963363368525825"], "author_id": "3021791741", "id": "1082963363368525825", "text": "#CopaOFI Tacuaremb\u00f3  1Tiempo.  \nJhonatan V\u00e1z, Esteban Bentos, Sebasti\u00e1n Cuello,H\u00e9ctor V\u00e1zquez, Ramiro Ramos,Ricardo Lima, Julio Almeida, Cristian Rodr\u00edguez, Juan Franchi, Anderson P\u00e9rez, Sebasti\u00e1n S\u00e1nchez."}, {"created_at": "2019-01-09T04:54:01.000Z", "edit_history_tweet_ids": ["1082863039525867520"], "author_id": "781936042442186752", "id": "1082863039525867520", "text": "Para Lima se tienen en cartera o construcci\u00f3n la v\u00eda periurbana, el perif\u00e9rico vial norte, la prolongaci\u00f3n de la Ramiro Prial\u00e9, la v\u00eda expresa sur, la continuaci\u00f3n de la v\u00eda expresa Javier Prado, entre otras. \u00bfCu\u00e1les podemos decir que son necesarias y cu\u00e1les no? https://t.co/vQwXooXUEE"}, {"created_at": "2019-01-07T07:53:08.000Z", "edit_history_tweet_ids": ["1082183340260618241"], "author_id": "988384222057566209", "id": "1082183340260618241", "text": "RT @rades26: En 1924 el c. Ramiro se cas\u00f3 con Do\u00f1a Carmen Jaime con quien tuvo cinco hijos.\nViaj\u00f3 a Lima a estudiar Derecho en la UNMS, viv\u2026"}, {"created_at": "2019-01-07T03:10:29.000Z", "edit_history_tweet_ids": ["1082112208258195458"], "author_id": "1020511179138109441", "id": "1082112208258195458", "text": "@JorgeMunozAP @MuniLima  Estimado alcalde de Lima y  \u00bf C\u00f3mo quedar\u00e1 el estado del proyecto de la prolongaci\u00f3n o ampliaci\u00f3n de la Autopista de la Ramiro Priale?"}, {"created_at": "2019-01-07T01:08:00.000Z", "edit_history_tweet_ids": ["1082081383202340865"], "author_id": "766610129429078016", "id": "1082081383202340865", "text": "#Dakar2019 \ud83c\uddf5\ud83c\uddea #Peru #SanLuis #VillaMercedes #354GandaraCorvalan #Argentina\ud83c\udde6\ud83c\uddf7 EL PASO POR LA RAMPA DE LARGADA DE #354 OMAR G\u00c1NDARA Y EL VILLAMERCEDINO, RAMIRO CORVAL\u00c1N\nDesde Lima (Per\u00fa) en el Dakar 2019. https://t.co/hWkdGd3UxZ https://t.co/hY6BsJjvXc"}, {"created_at": "2019-01-06T19:54:39.000Z", "edit_history_tweet_ids": ["1082002525983780864"], "author_id": "847506678236856320", "id": "1082002525983780864", "text": "RT @rades26: En 1924 el c. Ramiro se cas\u00f3 con Do\u00f1a Carmen Jaime con quien tuvo cinco hijos.\nViaj\u00f3 a Lima a estudiar Derecho en la UNMS, viv\u2026"}, {"created_at": "2019-01-06T14:07:01.000Z", "edit_history_tweet_ids": ["1081915039374864384"], "author_id": "2288861546", "id": "1081915039374864384", "text": "RT @rades26: En 1924 el c. Ramiro se cas\u00f3 con Do\u00f1a Carmen Jaime con quien tuvo cinco hijos.\nViaj\u00f3 a Lima a estudiar Derecho en la UNMS, viv\u2026"}, {"created_at": "2019-01-06T11:14:13.000Z", "edit_history_tweet_ids": ["1081871554605080576"], "author_id": "1020294789789618176", "id": "1081871554605080576", "text": "RT @rades26: En 1924 el c. Ramiro se cas\u00f3 con Do\u00f1a Carmen Jaime con quien tuvo cinco hijos.\nViaj\u00f3 a Lima a estudiar Derecho en la UNMS, viv\u2026"}, {"created_at": "2019-01-06T10:03:13.000Z", "edit_history_tweet_ids": ["1081853686249209859"], "author_id": "602766306", "id": "1081853686249209859", "text": "RT @rades26: En 1924 el c. Ramiro se cas\u00f3 con Do\u00f1a Carmen Jaime con quien tuvo cinco hijos.\nViaj\u00f3 a Lima a estudiar Derecho en la UNMS, viv\u2026"}, {"created_at": "2019-01-06T09:46:21.000Z", "edit_history_tweet_ids": ["1081849442049974272"], "author_id": "130315210", "id": "1081849442049974272", "text": "En 1924 el c. Ramiro se cas\u00f3 con Do\u00f1a Carmen Jaime con quien tuvo cinco hijos.\nViaj\u00f3 a Lima a estudiar Derecho en la UNMS, viv\u00eda en La Victoria y era docente del Colegio Italiano.\nRamirito se afili\u00f3 al PAP en 1930, tres a\u00f1os despu\u00e9s tuvo su primera Prision, (3)\u2014-&gt;"}, {"created_at": "2019-01-05T08:07:06.000Z", "edit_history_tweet_ids": ["1081462077338853376"], "author_id": "509174215", "id": "1081462077338853376", "text": "RT @abregu_n9: @Pineiroramiro23 *Ramiro Pi\u00f1eiro de Lima"}, {"created_at": "2019-01-05T03:33:04.000Z", "edit_history_tweet_ids": ["1081393115200741377"], "author_id": "3210224577", "id": "1081393115200741377", "text": "@Pineiroramiro23 *Ramiro Pi\u00f1eiro de Lima"}, {"created_at": "2019-01-04T16:50:51.000Z", "edit_history_tweet_ids": ["1081231496130846721"], "author_id": "727813438823608320", "id": "1081231496130846721", "text": "Gr\u00eamio tinha Michel, Arthur, C\u00edcero, jailson, Ramiro...\nPalmeiras tem Mois\u00e9s, L. Lima, scarpa, Veiga, guerra, Z\u00e9 Rafael...\nA\u00ed o Flamengo pra ter arrascaeta, precisa deixar o Diego ir embora, pqp, flamenguista \u00e9 tudo burro!"}, {"created_at": "2019-01-04T08:29:11.000Z", "edit_history_tweet_ids": ["1081105248045985792"], "author_id": "1000258585660739584", "id": "1081105248045985792", "text": "@EstherCapunay enmayo 2,019 estaremos en lima para buscarla debe contactarnos al 939553784 B.P.S RAMIRO ADRIANZEN coordinador general del poder del peru"}], "meta": {"newest_id": "1086476111599595520", "oldest_id": "1081105248045985792", "result_count": 40}}