{"data": [{"created_at": "2016-02-26T03:29:28.000Z", "text": "https://t.co/iYLHZmiVtA", "author_id": "97237861", "edit_history_tweet_ids": ["703059276915478528"], "id": "703059276915478528"}, {"created_at": "2016-02-26T03:22:20.000Z", "text": "https://t.co/qR8iBjsjTJ", "author_id": "97237861", "edit_history_tweet_ids": ["703057479731703808"], "id": "703057479731703808"}, {"created_at": "2016-02-26T03:20:32.000Z", "text": "#GOPDEBATE  \"Regime change in North Korea? Are these guys really fucking serious? Like we have been greatly... https://t.co/DFDtVfm5Of", "author_id": "97237861", "edit_history_tweet_ids": ["703057028286160896"], "id": "703057028286160896"}, {"created_at": "2016-02-26T03:18:51.000Z", "text": "#GOPDEBATE: Marcio Rubio looked himself in the mirror before the debate and said, \"Not this time Marco! You're... https://t.co/qNiO2qE6h4", "author_id": "97237861", "edit_history_tweet_ids": ["703056603189223427"], "id": "703056603189223427"}, {"created_at": "2016-02-26T03:11:59.000Z", "text": "#GOPDEBATE : While entertaining, these types of debates dilute the seriousness of these debates.  We don't want... https://t.co/IrSRnBPiUG", "author_id": "97237861", "edit_history_tweet_ids": ["703054877811974144"], "id": "703054877811974144"}, {"created_at": "2016-02-26T02:52:12.000Z", "text": "#GOPDEBATE: The United States has the third highest general top marginal corporate income tax rate in the world... https://t.co/YkD5Rxzuaq", "author_id": "97237861", "edit_history_tweet_ids": ["703049899101790210"], "id": "703049899101790210"}, {"created_at": "2016-02-26T02:34:08.000Z", "text": "Trump: Millions of women are helped by Planned Parenthood, let me say that ten times. And, I would defund it.... https://t.co/1MGxAZ9sTj", "author_id": "97237861", "edit_history_tweet_ids": ["703045350546915328"], "id": "703045350546915328"}, {"created_at": "2016-02-26T02:13:36.000Z", "text": "#GOPDEBATE FYI: Deferred Action for Childhood Arrivals (DACA) is an American immigration policy that allows... https://t.co/CBpLPKdUPt", "author_id": "97237861", "edit_history_tweet_ids": ["703040184171040769"], "id": "703040184171040769"}, {"created_at": "2016-02-26T01:28:35.000Z", "text": "Roberto L\u00f3pez cumple con firmas para candidatura independiente del distrito Poza Rica https://t.co/XNxFaFyM4I #Xalapa #Veracruz", "author_id": "1899520368", "edit_history_tweet_ids": ["703028856563888129"], "id": "703028856563888129"}, {"created_at": "2016-02-26T01:01:04.000Z", "text": "Roberto L\u00f3pez Almora entreg\u00f3 las firmas al OPLE para ser Candidato Independiente por\u2026 https://t.co/vy3sZr0ZZl #Minatitl\u00e1n #Coatza #Acayucan", "author_id": "1656138240", "edit_history_tweet_ids": ["703021932178862080"], "id": "703021932178862080"}, {"created_at": "2016-02-26T00:58:29.000Z", "text": "#PozaRica Roberto L\u00f3pez Almora entreg\u00f3 las firmas al OPLE para ser Candidato Independiente por el V Distrito https://t.co/aXb3XRnOcH", "author_id": "1436096995", "edit_history_tweet_ids": ["703021279608111108"], "id": "703021279608111108"}, {"created_at": "2016-02-26T00:48:05.000Z", "text": "Maury Gallegos Roberto Lopez jajajaj \" te patear\u00e9 el trasero\" https://t.co/cYQmrGrBfJ", "author_id": "353349566", "edit_history_tweet_ids": ["703018664556015616"], "id": "703018664556015616"}, {"created_at": "2016-02-26T00:06:55.000Z", "text": "Solidaridad con Manuel Sutherland,despedido  su cargo docente en la UBV - Por: Roberto L\u00f3pez S\u00e1nchez @cruzcarrillo09 https://t.co/wXgXhlfc5L", "author_id": "145241385", "edit_history_tweet_ids": ["703008305619341312"], "id": "703008305619341312"}, {"created_at": "2016-02-25T23:56:23.000Z", "text": "RT @santosjorgeh: Denuncia penal contra Julio De Vido (MS) Es por fraude a la administraci\u00f3n p\u00fablica.Adem\u00e1s contra Roberto Baratta y Jos\u00e9 L\u2026", "author_id": "427098419", "edit_history_tweet_ids": ["703005651157524481"], "id": "703005651157524481"}, {"created_at": "2016-02-25T23:51:38.000Z", "text": "RT @Roberto_Moar: Gol de @nacional Nico Lopez pone el 1-0 #Libertadores", "author_id": "160049780", "edit_history_tweet_ids": ["703004456015810561"], "id": "703004456015810561"}, {"created_at": "2016-02-25T23:51:23.000Z", "text": "RT @Roberto_Moar: Gol de @nacional Nico Lopez pone el 1-0 #Libertadores", "author_id": "2363506902", "edit_history_tweet_ids": ["703004393663242240"], "id": "703004393663242240"}, {"created_at": "2016-02-25T23:51:08.000Z", "text": "RT @Roberto_Moar: Gol de @nacional Nico Lopez pone el 1-0 #Libertadores", "author_id": "1365724843", "edit_history_tweet_ids": ["703004329825931264"], "id": "703004329825931264"}, {"created_at": "2016-02-25T23:39:03.000Z", "text": "\ud83d\udcdd [Imaginario Social]: \"UAdeC: visi\u00f3n de futuro\", apertura de la carrera de psicolog\u00eda escribe: Roberto L\u00f3pez Franco https://t.co/buW9jlljZO", "author_id": "54738859", "edit_history_tweet_ids": ["703001292658987009"], "id": "703001292658987009"}, {"created_at": "2016-02-25T23:03:26.000Z", "text": "@NicolasMaduro El bachaqueo es un pozo sin fondo. Por: Roberto L\u00f3pez S\u00e1nchez .https://t.co/myq7E8QCeX", "author_id": "343955697", "edit_history_tweet_ids": ["702992325593731073"], "id": "702992325593731073"}, {"created_at": "2016-02-25T22:50:38.000Z", "text": "Intervenci\u00f3n tipogr\u00e1fica /Luis Alonso. Por Roberto L\u00f3pez Flores: https://t.co/5XDC2VU6bB", "author_id": "1390600814", "edit_history_tweet_ids": ["702989107790802944"], "id": "702989107790802944"}, {"created_at": "2016-02-25T22:29:50.000Z", "text": "CONTEXTO POLITICO/Roberto P\u00c9REZ L\u00d3PEZ\nCUITL\u00c1HUAC EN LA PELEA POR VERACRUZ https://t.co/xy6Vyo6VQ3 v\u00eda @El+https://t.co/C0qgGQ8aAT", "author_id": "4700810301", "edit_history_tweet_ids": ["702983871835607040"], "id": "702983871835607040"}, {"created_at": "2016-02-25T22:29:46.000Z", "text": "Asegura Roberto L\u00f3pez Lara que no hay crisis por inseguridad en Jalisco https://t.co/WdyyCFjJVj", "author_id": "87768305", "edit_history_tweet_ids": ["702983856849231873"], "id": "702983856849231873"}, {"created_at": "2016-02-25T22:02:09.000Z", "text": "JHSBoys Weightlifter Roberto Lopez makes his clean &amp; jerk at the meet going on now https://t.co/vTwKLhjYRE", "author_id": "1217210192", "edit_history_tweet_ids": ["702976903016267776"], "id": "702976903016267776"}, {"created_at": "2016-02-25T21:46:37.000Z", "text": "RT @LaParalelaBB: Omar Vizquel: \"Roberto Espinoza ser\u00e1 el coach de pitcheo; Omar L\u00f3pez, 1B, Carlos Garc\u00eda, 3B y Henry Blanco, bullpen\" #CMB\u2026", "author_id": "96572202", "edit_history_tweet_ids": ["702972994709266432"], "id": "702972994709266432"}, {"created_at": "2016-02-25T21:33:11.000Z", "text": "RT @VillarrealVAVEL: NAP 1-1 VIL | 70' | Primer cambio en el Villarreal: \n\ud83d\udd3a Adri\u00e1n L\u00f3pez\n\ud83d\udd3b Roberto Soldado", "author_id": "2260410469", "edit_history_tweet_ids": ["702969617052995584"], "id": "702969617052995584"}, {"created_at": "2016-02-25T21:32:43.000Z", "text": "Villarreal skifter. '71: Roberto Soldado g\u00e5r ud, og Adrian Lopez kommer ind #napoli #villarreal #eldk", "author_id": "4125744267", "edit_history_tweet_ids": ["702969497121103872"], "id": "702969497121103872"}, {"created_at": "2016-02-25T21:32:33.000Z", "text": "RT @VillarrealVAVEL: NAP 1-1 VIL | 70' | Primer cambio en el Villarreal: \n\ud83d\udd3a Adri\u00e1n L\u00f3pez\n\ud83d\udd3b Roberto Soldado", "author_id": "1921100456", "edit_history_tweet_ids": ["702969457308782592"], "id": "702969457308782592"}, {"created_at": "2016-02-25T21:32:19.000Z", "text": "NAP 1-1 VIL | 70' | Primer cambio en el Villarreal: \n\ud83d\udd3a Adri\u00e1n L\u00f3pez\n\ud83d\udd3b Roberto Soldado", "author_id": "601325230", "edit_history_tweet_ids": ["702969398651387905"], "id": "702969398651387905"}, {"created_at": "2016-02-25T21:30:11.000Z", "text": "RT @GDLMetro: El mando de Tlaquepaque asesinado no hab\u00eda aprobado ex\u00e1menes de confianza y era reevaluado, dijo el secretario de Gobierno Ro\u2026", "author_id": "91870046", "edit_history_tweet_ids": ["702968861721669632"], "id": "702968861721669632"}, {"created_at": "2016-02-25T21:18:36.000Z", "text": "RT @GDLMetro: El mando de Tlaquepaque asesinado no hab\u00eda aprobado ex\u00e1menes de confianza y era reevaluado, dijo el secretario de Gobierno Ro\u2026", "author_id": "573177386", "edit_history_tweet_ids": ["702965943954059264"], "id": "702965943954059264"}, {"created_at": "2016-02-25T21:14:30.000Z", "text": "@ManuelBartlett UNTIPO QUE DIJO LLAMARSE\"ROBERTO\"CONESTANDARTES DE LOPEZ OBRADOR BULLEA GRAVEMENTE A UNA ANCIANA Y M\u00c1S MUJERES", "author_id": "4822437144", "edit_history_tweet_ids": ["702964915074519040"], "id": "702964915074519040"}, {"created_at": "2016-02-25T20:42:06.000Z", "text": "RT @BeisbolSport: Cl\u00e1sico Mundial #Vzla: Omar Lopez 1B, Carlos Garc\u00eda 3B, Eduardo P\u00e9rez Coach de Banco, Henry Blanco Bullpen,Roberto Espino\u2026", "author_id": "135533804", "edit_history_tweet_ids": ["702956759606898689"], "id": "702956759606898689"}, {"created_at": "2016-02-25T20:16:08.000Z", "text": "RT @CESVIMAP: Los alumnos del IES Jos\u00e9 Luis L\u00f3pez Aranguren comienzan #VisitasCESVIMAP, Roberto presenta el edificio. https://t.co/SA6vv3MO\u2026", "author_id": "269207924", "edit_history_tweet_ids": ["702950223891529729"], "id": "702950223891529729"}, {"created_at": "2016-02-25T19:57:49.000Z", "text": "RT @GDLMetro: El mando de Tlaquepaque asesinado no hab\u00eda aprobado ex\u00e1menes de confianza y era reevaluado, dijo el secretario de Gobierno Ro\u2026", "author_id": "2319548624", "edit_history_tweet_ids": ["702945614653358080"], "id": "702945614653358080"}, {"created_at": "2016-02-25T19:24:05.000Z", "text": "RT @GDLMetro: El mando de Tlaquepaque asesinado no hab\u00eda aprobado ex\u00e1menes de confianza y era reevaluado, dijo el secretario de Gobierno Ro\u2026", "author_id": "132375655", "edit_history_tweet_ids": ["702937126577573888"], "id": "702937126577573888"}, {"created_at": "2016-02-25T19:15:08.000Z", "text": "Apoyemos los blogs #literarios: ROBERTO L\u00d3PEZ-HERRERO de @ElExpecial en https://t.co/a967E6JhUX", "author_id": "2967729875", "edit_history_tweet_ids": ["702934873451814912"], "id": "702934873451814912"}, {"created_at": "2016-02-25T19:13:45.000Z", "text": "Mensaje del secretario General de Gobierno Roberto L\u00f3pez Lara en el noveno informe anual de actividades del... https://t.co/DbKwNGAMtz", "author_id": "2657426682", "edit_history_tweet_ids": ["702934527333658624"], "id": "702934527333658624"}, {"created_at": "2016-02-25T19:09:39.000Z", "text": "RT @GDLMetro: El mando de Tlaquepaque asesinado no hab\u00eda aprobado ex\u00e1menes de confianza y era reevaluado, dijo el secretario de Gobierno Ro\u2026", "author_id": "701931198151438336", "edit_history_tweet_ids": ["702933494691811328"], "id": "702933494691811328"}, {"created_at": "2016-02-25T19:07:41.000Z", "text": "RT @GDLMetro: El mando de Tlaquepaque asesinado no hab\u00eda aprobado ex\u00e1menes de confianza y era reevaluado, dijo el secretario de Gobierno Ro\u2026", "author_id": "718375694", "edit_history_tweet_ids": ["702932998698602496"], "id": "702932998698602496"}, {"created_at": "2016-02-25T19:05:29.000Z", "text": "RT @GDLMetro: El mando de Tlaquepaque asesinado no hab\u00eda aprobado ex\u00e1menes de confianza y era reevaluado, dijo el secretario de Gobierno Ro\u2026", "author_id": "595951480", "edit_history_tweet_ids": ["702932446317146112"], "id": "702932446317146112"}, {"created_at": "2016-02-25T18:48:11.000Z", "text": "Roberto Santos Jair Gonzalez Lopez https://t.co/k7oiMzq37k", "author_id": "271514462", "edit_history_tweet_ids": ["702928093137264640"], "id": "702928093137264640"}, {"created_at": "2016-02-25T17:37:45.000Z", "text": "Lucia Lizasoain Carlos Roberto Neira Lopez ya est\u00e1 a la venta en nuevo tractor jajajajja https://t.co/uQDcvbhStU", "author_id": "333595277", "edit_history_tweet_ids": ["702910367580737540"], "id": "702910367580737540"}, {"created_at": "2016-02-25T17:08:48.000Z", "text": "El bachaqueo es un pozo sin fondo - Por: Roberto L\u00f3pez S\u00e1nchez @cruzcarrillo09 https://t.co/CbVIDVTXSD", "author_id": "141426649", "edit_history_tweet_ids": ["702903079964962816"], "id": "702903079964962816"}, {"created_at": "2016-02-25T16:47:25.000Z", "text": "Marcos Baghdatis defeats Roberto Bautista-Agut in the QFs of ATP Dubai, 75 60. Marcos faces Djokovic/F.Lopez in the SFs! #Dubai #Baghdatis", "author_id": "2603748428", "edit_history_tweet_ids": ["702897698232516608"], "id": "702897698232516608"}, {"created_at": "2016-02-25T16:30:06.000Z", "text": "RT @Vboccone: Omar Vizquel: \"Roberto Espinoza ser\u00e1 el coach de pitcheo; Omar L\u00f3pez, 1era, Carlos Garc\u00eda, 3era y Henry Blanco, bullpen\" #Ven\u2026", "author_id": "64914119", "edit_history_tweet_ids": ["702893340229017601"], "id": "702893340229017601"}, {"created_at": "2016-02-25T16:02:50.000Z", "text": "RT @palcodeportivo3: \u00a1Vizquel lo tiene claro! Coach Banca: Eduardo Perez, Pitcheo: Roberto Espinoza, Henry Blanco: bullpen, Omar Lopez 1ra \u2026", "author_id": "114349981", "edit_history_tweet_ids": ["702886479249448960"], "id": "702886479249448960"}, {"created_at": "2016-02-25T15:51:49.000Z", "text": "RT @gaspar_lopez: Buena foto Roberto  https://t.co/PiIIQ8mmh1", "author_id": "120180050", "edit_history_tweet_ids": ["702883709377241088"], "id": "702883709377241088"}, {"created_at": "2016-02-25T15:18:16.000Z", "text": "RT @palcodeportivo3: \u00a1Vizquel lo tiene claro! Coach Banca: Eduardo Perez, Pitcheo: Roberto Espinoza, Henry Blanco: bullpen, Omar Lopez 1ra \u2026", "author_id": "104552870", "edit_history_tweet_ids": ["702875264590680068"], "id": "702875264590680068"}, {"created_at": "2016-02-25T15:14:54.000Z", "text": "@proyectopanenka #PanekaRetrofootball -Kempes, Mendieta, Piojo Lopez, Roberto Ayala, Ca\u00f1izares.", "author_id": "31244490", "edit_history_tweet_ids": ["702874416527613953"], "id": "702874416527613953"}, {"created_at": "2016-02-25T15:08:53.000Z", "text": "RT @palcodeportivo3: \u00a1Vizquel lo tiene claro! Coach Banca: Eduardo Perez, Pitcheo: Roberto Espinoza, Henry Blanco: bullpen, Omar Lopez 1ra \u2026", "author_id": "76368586", "edit_history_tweet_ids": ["702872901893148672"], "id": "702872901893148672"}, {"created_at": "2016-02-25T15:02:38.000Z", "text": "RT @GurusCafetal: Vinotinto para el WBC!\nOmar Vizquel \nBanca: Eduardo P\u00e9rez\nPitcheo: Roberto Espinoza\nBullpen: Henry Blanco\n3ra: Carlos Gar\u2026", "author_id": "221594005", "edit_history_tweet_ids": ["702871329419235329"], "id": "702871329419235329"}, {"created_at": "2016-02-25T14:59:05.000Z", "text": "\u00a1Vizquel lo tiene claro! Coach Banca: Eduardo Perez, Pitcheo: Roberto Espinoza, Henry Blanco: bullpen, Omar Lopez 1ra y Carlos Garc\u00eda 3ra.", "author_id": "3805535723", "edit_history_tweet_ids": ["702870435159998464"], "id": "702870435159998464"}, {"created_at": "2016-02-25T14:28:29.000Z", "text": "Naturalizados y extranjeros que marquen diferencia: Roberto L\u00f3pez O. CIUDAD DE M\u00c9XICO. And... https://t.co/doBFdMsiTi #Culiac\u00e1n #Sinaloa", "author_id": "141796292", "edit_history_tweet_ids": ["702862737349541888"], "id": "702862737349541888"}, {"created_at": "2016-02-25T14:28:29.000Z", "text": "Naturalizados y extranjeros que marquen diferencia: Roberto L\u00f3pez O. CIUDAD DE M\u00c9XICO. Andr\u00e9s Chitiva, exjugad... https://t.co/yydxhH0vn7", "author_id": "4886968875", "edit_history_tweet_ids": ["702862734644219904"], "id": "702862734644219904"}, {"created_at": "2016-02-25T14:28:26.000Z", "text": "Naturalizados y extranjeros que marquen diferencia: Roberto L\u00f3pez O. CIUDAD DE M\u00c9XICO. Andr\u00e9s Chitiva, exjugad... https://t.co/KtRDUU1fzm", "author_id": "4887068182", "edit_history_tweet_ids": ["702862725265776640"], "id": "702862725265776640"}, {"created_at": "2016-02-25T14:28:20.000Z", "text": "Naturalizados y extranjeros que marquen diferencia: Roberto L\u00f3pez O. CIUDAD DE M\u00c9XICO. Andr\u00e9s Chitiva, exjugad... https://t.co/a4rDk0S7WC", "author_id": "4886080803", "edit_history_tweet_ids": ["702862699584032770"], "id": "702862699584032770"}, {"created_at": "2016-02-25T14:28:18.000Z", "text": "Naturalizados y extranjeros que marquen diferencia: Roberto L\u00f3pez O. CIUDAD DE M\u00c9XICO. Andr\u00e9s Chitiva, exjugad... https://t.co/hdfWAqSu0N", "author_id": "4886111753", "edit_history_tweet_ids": ["702862690880876546"], "id": "702862690880876546"}, {"created_at": "2016-02-25T14:28:16.000Z", "text": "Naturalizados y extranjeros que marquen diferencia: Roberto L\u00f3pez O. CIUDAD DE M\u00c9XICO. Andr\u00e9s Chitiva, exjugad... https://t.co/Xa0oUHBcBR", "author_id": "4885614413", "edit_history_tweet_ids": ["702862682706153472"], "id": "702862682706153472"}, {"created_at": "2016-02-25T14:28:14.000Z", "text": "Naturalizados y extranjeros que marquen diferencia: Roberto L\u00f3pez O. CIUDAD DE M\u00c9XICO. Andr\u00e9s Chitiva, exjugad... https://t.co/WkYFmXJHz4", "author_id": "4885665154", "edit_history_tweet_ids": ["702862673919119361"], "id": "702862673919119361"}, {"created_at": "2016-02-25T14:28:13.000Z", "text": "Naturalizados y extranjeros que marquen diferencia: Roberto L\u00f3pez O. CIUDAD DE M\u00c9XICO. Andr\u00e9s Chitiva, exjugad... https://t.co/eQIyGkegKo", "author_id": "4885497351", "edit_history_tweet_ids": ["702862668294586368"], "id": "702862668294586368"}, {"created_at": "2016-02-25T14:28:10.000Z", "text": "Naturalizados y extranjeros que marquen diferencia: Roberto L\u00f3pez O. CIUDAD DE M\u00c9XICO. Andr\u00e9s Chitiva, exjugad... https://t.co/Qut010T5va", "author_id": "696401441095811073", "edit_history_tweet_ids": ["702862655858446336"], "id": "702862655858446336"}, {"created_at": "2016-02-25T14:28:08.000Z", "text": "Naturalizados y extranjeros que marquen diferencia: Roberto L\u00f3pez O. CIUDAD DE M\u00c9XICO. Andr\u00e9s Chitiva, exjugad... https://t.co/Tc6JHLDdCG", "author_id": "4874832014", "edit_history_tweet_ids": ["702862647801163777"], "id": "702862647801163777"}, {"created_at": "2016-02-25T14:28:06.000Z", "text": "Naturalizados y extranjeros que marquen diferencia: Roberto L\u00f3pez O. CIUDAD DE M\u00c9XICO. Andr\u00e9s Chitiva, exjugad... https://t.co/33FAy1AOK6", "author_id": "4874791214", "edit_history_tweet_ids": ["702862638858919936"], "id": "702862638858919936"}, {"created_at": "2016-02-25T14:28:04.000Z", "text": "Naturalizados y extranjeros que marquen diferencia: Roberto L\u00f3pez O. CIUDAD DE M\u00c9XICO. Andr\u00e9s Chitiva, exjugad... https://t.co/Nxm7LPC1jq", "author_id": "4885029178", "edit_history_tweet_ids": ["702862629656657921"], "id": "702862629656657921"}, {"created_at": "2016-02-25T14:27:59.000Z", "text": "Naturalizados y extranjeros que marquen diferencia: Roberto L\u00f3pez O. CIUDAD DE M\u00c9XICO. Andr\u00e9s Chitiva, exjugad... https://t.co/9ll9BqOOOY", "author_id": "4874171683", "edit_history_tweet_ids": ["702862611092639744"], "id": "702862611092639744"}, {"created_at": "2016-02-25T14:27:57.000Z", "text": "Naturalizados y extranjeros que marquen diferencia: Roberto L\u00f3pez O. CIUDAD DE M\u00c9XICO. Andr\u00e9s Chitiva, exjugad... https://t.co/vEAP6n11DT", "author_id": "4874118500", "edit_history_tweet_ids": ["702862602523643904"], "id": "702862602523643904"}, {"created_at": "2016-02-25T14:27:53.000Z", "text": "Naturalizados y extranjeros que marquen diferencia: Roberto L\u00f3pez O. CIUDAD DE M\u00c9XICO. Andr\u00e9s Chitiva, exjugad... https://t.co/ZmzIi0XGHu", "author_id": "696631153491644417", "edit_history_tweet_ids": ["702862585343795205"], "id": "702862585343795205"}, {"created_at": "2016-02-25T14:27:51.000Z", "text": "Naturalizados y extranjeros que marquen diferencia: Roberto L\u00f3pez O. CIUDAD DE M\u00c9XICO. Andr\u00e9s Chitiva, exjugad... https://t.co/yvVQ1XZArm", "author_id": "4887519479", "edit_history_tweet_ids": ["702862576707698688"], "id": "702862576707698688"}, {"created_at": "2016-02-25T14:27:49.000Z", "text": "Naturalizados y extranjeros que marquen diferencia: Roberto L\u00f3pez O. CIUDAD DE M\u00c9XICO. Andr\u00e9s Chitiva, exjugad... https://t.co/PpP9FV8Nit", "author_id": "4887440957", "edit_history_tweet_ids": ["702862566381322240"], "id": "702862566381322240"}, {"created_at": "2016-02-25T14:27:31.000Z", "text": "(#JoanRD_) Naturalizados y extranjeros que marquen diferencia: Roberto L\u00f3pez O. CIUDAD DE M\u00c9XICO. Andr\u00e9s Chiti... https://t.co/2XwbPSvcuo", "author_id": "1920788186", "edit_history_tweet_ids": ["702862493920546816"], "id": "702862493920546816"}, {"created_at": "2016-02-25T14:08:29.000Z", "text": "RT @Roberto_Moar: .@nacional con Conde; Fucile, Victorino, Polenta, Espino; Porras, Romero, Barcia, Ram\u00edrez; L\u00f3pez y Fern\u00e1ndez. https://t.c\u2026", "author_id": "864780259", "edit_history_tweet_ids": ["702857704314945537"], "id": "702857704314945537"}, {"created_at": "2016-02-25T13:57:16.000Z", "text": "RT @Roberto_Moar: .@nacional con Conde; Fucile, Victorino, Polenta, Espino; Porras, Romero, Barcia, Ram\u00edrez; L\u00f3pez y Fern\u00e1ndez. https://t.c\u2026", "author_id": "4269131968", "edit_history_tweet_ids": ["702854881619677184"], "id": "702854881619677184"}, {"created_at": "2016-02-25T13:20:06.000Z", "text": "RT @Roberto_Moar: .@nacional con Conde; Fucile, Victorino, Polenta, Espino; Porras, Romero, Barcia, Ram\u00edrez; L\u00f3pez y Fern\u00e1ndez. https://t.c\u2026", "author_id": "3572220796", "edit_history_tweet_ids": ["702845525087920129"], "id": "702845525087920129"}, {"created_at": "2016-02-25T13:19:34.000Z", "text": "RT @Roberto_Moar: .@nacional con Conde; Fucile, Victorino, Polenta, Espino; Porras, Romero, Barcia, Ram\u00edrez; L\u00f3pez y Fern\u00e1ndez. https://t.c\u2026", "author_id": "3407655305", "edit_history_tweet_ids": ["702845390954037248"], "id": "702845390954037248"}, {"created_at": "2016-02-25T13:11:55.000Z", "text": "#ClasicoMundial #CuerpoTecnico Eduardo P\u00e9rez banca Roberto Espinoza/Henry Blanco pitchers/bullpen Carlos Garc\u00eda tercera y Omar L\u00f3pez primara", "author_id": "197128087", "edit_history_tweet_ids": ["702843468012515333"], "id": "702843468012515333"}, {"created_at": "2016-02-25T13:10:24.000Z", "text": "RT @Roberto_Moar: .@nacional con Conde; Fucile, Victorino, Polenta, Espino; Porras, Romero, Barcia, Ram\u00edrez; L\u00f3pez y Fern\u00e1ndez. https://t.c\u2026", "author_id": "2379527674", "edit_history_tweet_ids": ["702843083868741633"], "id": "702843083868741633"}, {"created_at": "2016-02-25T13:08:50.000Z", "text": "RT @Roberto_Moar: .@nacional con Conde; Fucile, Victorino, Polenta, Espino; Porras, Romero, Barcia, Ram\u00edrez; L\u00f3pez y Fern\u00e1ndez. https://t.c\u2026", "author_id": "165330966", "edit_history_tweet_ids": ["702842690044559360"], "id": "702842690044559360"}, {"created_at": "2016-02-25T12:47:46.000Z", "text": "Vinotinto para el WBC!\nOmar Vizquel \nBanca: Eduardo P\u00e9rez\nPitcheo: Roberto Espinoza\nBullpen: Henry Blanco\n3ra: Carlos Garc\u00eda\n1ra: Omar L\u00f3pez", "author_id": "1872090498", "edit_history_tweet_ids": ["702837390642167808"], "id": "702837390642167808"}, {"created_at": "2016-02-25T12:44:10.000Z", "text": "RT @Vboccone: Omar Vizquel: \"Roberto Espinoza ser\u00e1 el coach de pitcheo; Omar L\u00f3pez, 1era, Carlos Garc\u00eda, 3era y Henry Blanco, bullpen\" #Ven\u2026", "author_id": "142331936", "edit_history_tweet_ids": ["702836485045788672"], "id": "702836485045788672"}, {"created_at": "2016-02-25T12:18:05.000Z", "text": "Ac\u00e1 hay uno que se llama roberto lopez mal fla ese nombre mono", "author_id": "1038773647", "edit_history_tweet_ids": ["702829921534676992"], "id": "702829921534676992"}, {"created_at": "2016-02-25T12:16:20.000Z", "text": "RT @LVDiez: Hablamos con ROBERTO FIAT, Integrante del TOUR DE LOS BARES.\nRoberto Fiat, Marcelo L\u00f3pez, Claudio Brachetta y... https://t.co/R\u2026", "author_id": "4828029375", "edit_history_tweet_ids": ["702829478930726912"], "id": "702829478930726912"}, {"created_at": "2016-02-25T12:12:21.000Z", "text": "RT @jaime_um: @proyectopanenka Mario Alberto Kempes, Gaizka Mendieta, Piojo L\u00f3pez, David Villa y Roberto Fabi\u00e1n Ayala  #PanenkaRetrofootball", "author_id": "280397697", "edit_history_tweet_ids": ["702828477892919296"], "id": "702828477892919296"}, {"created_at": "2016-02-25T12:11:40.000Z", "text": "@proyectopanenka Mario Alberto Kempes, Gaizka Mendieta, Piojo L\u00f3pez, David Villa y Roberto Fabi\u00e1n Ayala  #PanenkaRetrofootball", "author_id": "187458662", "edit_history_tweet_ids": ["702828303648997376"], "id": "702828303648997376"}, {"created_at": "2016-02-25T12:11:32.000Z", "text": "RT @LVDiez: Hablamos con ROBERTO FIAT, Integrante del TOUR DE LOS BARES.\nRoberto Fiat, Marcelo L\u00f3pez, Claudio Brachetta y... https://t.co/R\u2026", "author_id": "83887208", "edit_history_tweet_ids": ["702828269574463489"], "id": "702828269574463489"}, {"created_at": "2016-02-25T12:07:39.000Z", "text": "RT @CESVIMAP: Los alumnos del IES Jos\u00e9 Luis L\u00f3pez Aranguren comienzan #VisitasCESVIMAP, Roberto presenta el edificio. https://t.co/SA6vv3MO\u2026", "author_id": "110975085", "edit_history_tweet_ids": ["702827293048229888"], "id": "702827293048229888"}, {"created_at": "2016-02-25T11:46:36.000Z", "text": "RT @BeisbolSport: Cl\u00e1sico Mundial #Vzla: Omar Lopez 1B, Carlos Garc\u00eda 3B, Eduardo P\u00e9rez Coach de Banco, Henry Blanco Bullpen,Roberto Espino\u2026", "author_id": "144620496", "edit_history_tweet_ids": ["702821998666387456"], "id": "702821998666387456"}, {"created_at": "2016-02-25T11:40:47.000Z", "text": "RT @cruzcarrillo09: Solidaridad con Manuel Sutherland, despedido de su cargo docente en la UBV - Por: Roberto L\u00f3pez  @cruzcarrillo09 https:\u2026", "author_id": "143474042", "edit_history_tweet_ids": ["702820534590050304"], "id": "702820534590050304"}, {"created_at": "2016-02-25T11:36:18.000Z", "text": "Chek Roberto L\u00f3pez https://t.co/IyTjs0Z1ct", "author_id": "1587678488", "edit_history_tweet_ids": ["702819404791287808"], "id": "702819404791287808"}, {"created_at": "2016-02-25T11:13:39.000Z", "text": "Rese\u00f1a de Roberto L\u00f3pez-Herrero sobre \"C\u00f3mo publicar un ebook sin volverse loco\" en https://t.co/wjxZdyu8WR", "author_id": "2250180643", "edit_history_tweet_ids": ["702813702815412224"], "id": "702813702815412224"}, {"created_at": "2016-02-25T10:05:20.000Z", "text": "Los alumnos del IES Jos\u00e9 Luis L\u00f3pez Aranguren comienzan #VisitasCESVIMAP, Roberto presenta el edificio. https://t.co/SA6vv3MOjL", "author_id": "1088299891", "edit_history_tweet_ids": ["702796513530011648"], "id": "702796513530011648"}, {"created_at": "2016-02-25T09:34:31.000Z", "text": "RT @Vboccone: Omar Vizquel: \"Roberto Espinoza ser\u00e1 el coach de pitcheo; Omar L\u00f3pez, 1era, Carlos Garc\u00eda, 3era y Henry Blanco, bullpen\" #Ven\u2026", "author_id": "137439895", "edit_history_tweet_ids": ["702788755422384128"], "id": "702788755422384128"}, {"created_at": "2016-02-25T09:20:22.000Z", "text": "RT @Vboccone: Omar Vizquel: \"Roberto Espinoza ser\u00e1 el coach de pitcheo; Omar L\u00f3pez, 1era, Carlos Garc\u00eda, 3era y Henry Blanco, bullpen\" #Ven\u2026", "author_id": "193795952", "edit_history_tweet_ids": ["702785197092241413"], "id": "702785197092241413"}, {"created_at": "2016-02-25T08:20:12.000Z", "text": "RT @santosjorgeh: Denuncia penal contra Julio De Vido (MS) Es por fraude a la administraci\u00f3n p\u00fablica.Adem\u00e1s contra Roberto Baratta y Jos\u00e9 L\u2026", "author_id": "1375252278", "edit_history_tweet_ids": ["702770054761476097"], "id": "702770054761476097"}, {"created_at": "2016-02-25T07:03:15.000Z", "text": "Me gust\u00f3 un video de @YouTube https://t.co/hWkIQ5135o DIY CHOKER / GARGANTILLA ( primera temporada ) | Roberto L\u00f3pez", "author_id": "3335723045", "edit_history_tweet_ids": ["702750689030754304"], "id": "702750689030754304"}, {"created_at": "2016-02-25T06:59:27.000Z", "text": "Roberto Carlos L\u00f3pez Garc\u00eda, CNC Michoac\u00e1n, Cnc Apatzingan, Cnc Los Reyes, Cnc Salvador Escalante, Prensa Cnc,... https://t.co/YPUAhVuvDA", "author_id": "1247690646", "edit_history_tweet_ids": ["702749732012032000"], "id": "702749732012032000"}, {"created_at": "2016-02-25T05:45:55.000Z", "text": "CONTEXTO POLITICO\nRoberto P\u00c9REZ L\u00d3PEZ\nCUITL\u00c1HUAC EN LA PELEA POR VERACRUZ\nDe buen \u00e1nimo, alegre, sonriente y... https://t.co/MJDmRQsXAz", "author_id": "135526832", "edit_history_tweet_ids": ["702731226348548096"], "id": "702731226348548096"}, {"created_at": "2016-02-25T05:43:57.000Z", "text": "RT @LaParalelaBB: Omar Vizquel: \"Roberto Espinoza ser\u00e1 el coach de pitcheo; Omar L\u00f3pez, 1B, Carlos Garc\u00eda, 3B y Henry Blanco, bullpen\" #CMB\u2026", "author_id": "157532121", "edit_history_tweet_ids": ["702730734629478400"], "id": "702730734629478400"}, {"created_at": "2016-02-25T05:35:58.000Z", "text": "RT @LaParalelaBB: Omar Vizquel: \"Roberto Espinoza ser\u00e1 el coach de pitcheo; Omar L\u00f3pez, 1B, Carlos Garc\u00eda, 3B y Henry Blanco, bullpen\" #CMB\u2026", "author_id": "402420138", "edit_history_tweet_ids": ["702728724068827136"], "id": "702728724068827136"}, {"created_at": "2016-02-25T05:29:33.000Z", "text": "RT @HechosAM: La Interpol emiti\u00f3 una ficha roja para localizar a Roberto Romero L\u00f3pez, exsecretario de gobierno de Sonora, por tr\u00e1fico de i\u2026", "author_id": "3242736332", "edit_history_tweet_ids": ["702727109417050113"], "id": "702727109417050113"}, {"created_at": "2016-02-25T05:12:19.000Z", "text": "La dermat\u00f3loga de L\u00f3pez Madrid pide que la UCO sustituya a la Polic\u00eda en el caso https://t.co/vfzos2ZzD9 Roberto R. Ballesteros", "author_id": "291734467", "edit_history_tweet_ids": ["702722773190381568"], "id": "702722773190381568"}], "meta": {"newest_id": "703059276915478528", "oldest_id": "702722773190381568", "result_count": 100, "next_token": "1jzu9lk96gu5npw2xnn251rfhic5n5p3v0b1ycz0g7zx"}}