{"data": [{"created_at": "2016-03-01T03:23:12.000Z", "id": "704507249960624128", "text": "RT @LanataPPT: Que no te tomen de boludo: Cristobal Lopez, Jefe de Roberto Navarro, echa a cientos de trabajadores del canalK CN23. https:/\u2026", "author_id": "162859947", "edit_history_tweet_ids": ["704507249960624128"]}, {"created_at": "2016-03-01T03:21:56.000Z", "id": "704506933672148992", "text": "Renuncia al PRI el alemanista Roberto L\u00f3pez Delf\u00edn https://t.co/zCx4XVsotN @LaydaSansores @alxo27 @ManuelZavala78", "author_id": "322333469", "edit_history_tweet_ids": ["704506933672148992"]}, {"created_at": "2016-03-01T03:18:18.000Z", "id": "704506018785583104", "text": "RT @LanataPPT: Que no te tomen de boludo: Cristobal Lopez, Jefe de Roberto Navarro, echa a cientos de trabajadores del canalK CN23. https:/\u2026", "author_id": "1684081688", "edit_history_tweet_ids": ["704506018785583104"]}, {"created_at": "2016-03-01T03:17:22.000Z", "id": "704505782017134592", "text": "Jose Roberto Rojas Lopez https://t.co/ur5ceAbCBB", "author_id": "2425987466", "edit_history_tweet_ids": ["704505782017134592"]}, {"created_at": "2016-03-01T03:17:00.000Z", "id": "704505690262511616", "text": "RT @LanataPPT: Que no te tomen de boludo: Cristobal Lopez, Jefe de Roberto Navarro, echa a cientos de trabajadores del canalK CN23. https:/\u2026", "author_id": "2752927197", "edit_history_tweet_ids": ["704505690262511616"]}, {"created_at": "2016-03-01T03:03:12.000Z", "id": "704502220272889856", "text": "Una excelente carta de Roberto L\u00f3pez Castellanos, un verdadero cat\u00f3lico con acci\u00f3n, que nos invita a adentrarnos... https://t.co/tbUqPSVljm", "author_id": "125249698", "edit_history_tweet_ids": ["704502220272889856"]}, {"created_at": "2016-03-01T02:55:16.000Z", "id": "704500223603838976", "text": "RT @LanataPPT: Que no te tomen de boludo: Cristobal Lopez, Jefe de Roberto Navarro, echa a cientos de trabajadores del canalK CN23. https:/\u2026", "author_id": "762873384", "edit_history_tweet_ids": ["704500223603838976"]}, {"created_at": "2016-03-01T02:51:32.000Z", "id": "704499280996868096", "text": "RT @LanataPPT: Que no te tomen de boludo: Cristobal Lopez, Jefe de Roberto Navarro, echa a cientos de trabajadores del canalK CN23. https:/\u2026", "author_id": "282654875", "edit_history_tweet_ids": ["704499280996868096"]}, {"created_at": "2016-03-01T02:50:22.000Z", "id": "704498987265560576", "text": "RT @LanataPPT: Que no te tomen de boludo: Cristobal Lopez, Jefe de Roberto Navarro, echa a cientos de trabajadores del canalK CN23. https:/\u2026", "author_id": "201694831", "edit_history_tweet_ids": ["704498987265560576"]}, {"created_at": "2016-03-01T02:49:28.000Z", "id": "704498762681622528", "text": "RT @LanataPPT: Que no te tomen de boludo: Cristobal Lopez, Jefe de Roberto Navarro, echa a cientos de trabajadores del canalK CN23. https:/\u2026", "author_id": "429861291", "edit_history_tweet_ids": ["704498762681622528"]}, {"created_at": "2016-03-01T02:47:13.000Z", "id": "704498196077264896", "text": "RT @LanataPPT: Que no te tomen de boludo: Cristobal Lopez, Jefe de Roberto Navarro, echa a cientos de trabajadores del canalK CN23. https:/\u2026", "author_id": "4768373783", "edit_history_tweet_ids": ["704498196077264896"]}, {"created_at": "2016-03-01T02:46:19.000Z", "id": "704497968678891520", "text": "RT @LanataPPT: Que no te tomen de boludo: Cristobal Lopez, Jefe de Roberto Navarro, echa a cientos de trabajadores del canalK CN23. https:/\u2026", "author_id": "705788788", "edit_history_tweet_ids": ["704497968678891520"]}, {"created_at": "2016-03-01T02:43:51.000Z", "id": "704497350140628992", "text": "RT @LanataPPT: Que no te tomen de boludo: Cristobal Lopez, Jefe de Roberto Navarro, echa a cientos de trabajadores del canalK CN23. https:/\u2026", "author_id": "56902543", "edit_history_tweet_ids": ["704497350140628992"]}, {"created_at": "2016-03-01T02:42:15.000Z", "id": "704496947286163457", "text": "RT @LanataPPT: Que no te tomen de boludo: Cristobal Lopez, Jefe de Roberto Navarro, echa a cientos de trabajadores del canalK CN23. https:/\u2026", "author_id": "209250972", "edit_history_tweet_ids": ["704496947286163457"]}, {"created_at": "2016-03-01T02:40:31.000Z", "id": "704496507861520384", "text": "RT @LanataPPT: Que no te tomen de boludo: Cristobal Lopez, Jefe de Roberto Navarro, echa a cientos de trabajadores del canalK CN23. https:/\u2026", "author_id": "939741114", "edit_history_tweet_ids": ["704496507861520384"]}, {"created_at": "2016-03-01T02:39:22.000Z", "id": "704496219079516160", "text": "RT @LanataPPT: Que no te tomen de boludo: Cristobal Lopez, Jefe de Roberto Navarro, echa a cientos de trabajadores del canalK CN23. https:/\u2026", "author_id": "129642510", "edit_history_tweet_ids": ["704496219079516160"]}, {"created_at": "2016-03-01T02:36:46.000Z", "id": "704495568077328384", "text": "RT @LanataPPT: Que no te tomen de boludo: Cristobal Lopez, Jefe de Roberto Navarro, echa a cientos de trabajadores del canalK CN23. https:/\u2026", "author_id": "1401300896", "edit_history_tweet_ids": ["704495568077328384"]}, {"created_at": "2016-03-01T02:35:28.000Z", "id": "704495239097098240", "text": "RT @LanataPPT: Que no te tomen de boludo: Cristobal Lopez, Jefe de Roberto Navarro, echa a cientos de trabajadores del canalK CN23. https:/\u2026", "author_id": "211531918", "edit_history_tweet_ids": ["704495239097098240"]}, {"created_at": "2016-03-01T02:31:01.000Z", "id": "704494119486431232", "text": "RT @LanataPPT: Que no te tomen de boludo: Cristobal Lopez, Jefe de Roberto Navarro, echa a cientos de trabajadores del canalK CN23. https:/\u2026", "author_id": "2205736700", "edit_history_tweet_ids": ["704494119486431232"]}, {"created_at": "2016-03-01T02:21:45.000Z", "id": "704491787239424000", "text": "RT @LanataPPT: Que no te tomen de boludo: Cristobal Lopez, Jefe de Roberto Navarro, echa a cientos de trabajadores del canalK CN23. https:/\u2026", "author_id": "4855100345", "edit_history_tweet_ids": ["704491787239424000"]}, {"created_at": "2016-03-01T02:21:30.000Z", "id": "704491723234394112", "text": "RT @LanataPPT: Que no te tomen de boludo: Cristobal Lopez, Jefe de Roberto Navarro, echa a cientos de trabajadores del canalK CN23. https:/\u2026", "author_id": "565032105", "edit_history_tweet_ids": ["704491723234394112"]}, {"created_at": "2016-03-01T02:20:10.000Z", "id": "704491389640437760", "text": "RT @LanataPPT: Que no te tomen de boludo: Cristobal Lopez, Jefe de Roberto Navarro, echa a cientos de trabajadores del canalK CN23. https:/\u2026", "author_id": "621426002", "edit_history_tweet_ids": ["704491389640437760"]}, {"created_at": "2016-03-01T02:13:44.000Z", "id": "704489767552065536", "text": "RT @LanataPPT: Que no te tomen de boludo: Cristobal Lopez, Jefe de Roberto Navarro, echa a cientos de trabajadores del canalK CN23. https:/\u2026", "author_id": "741100118", "edit_history_tweet_ids": ["704489767552065536"]}, {"created_at": "2016-03-01T02:05:47.000Z", "id": "704487767305297920", "text": "RT @LanataPPT: Que no te tomen de boludo: Cristobal Lopez, Jefe de Roberto Navarro, echa a cientos de trabajadores del canalK CN23. https:/\u2026", "author_id": "2365920010", "edit_history_tweet_ids": ["704487767305297920"]}, {"created_at": "2016-03-01T02:01:48.000Z", "id": "704486766296879105", "text": "RT @LanataPPT: Que no te tomen de boludo: Cristobal Lopez, Jefe de Roberto Navarro, echa a cientos de trabajadores del canalK CN23. https:/\u2026", "author_id": "1396101728", "edit_history_tweet_ids": ["704486766296879105"]}, {"created_at": "2016-03-01T01:57:11.000Z", "id": "704485606034903040", "text": "RT @LanataPPT: Que no te tomen de boludo: Cristobal Lopez, Jefe de Roberto Navarro, echa a cientos de trabajadores del canalK CN23. https:/\u2026", "author_id": "102778527", "edit_history_tweet_ids": ["704485606034903040"]}, {"created_at": "2016-03-01T01:55:30.000Z", "id": "704485182041100289", "text": "RT @LanataPPT: Que no te tomen de boludo: Cristobal Lopez, Jefe de Roberto Navarro, echa a cientos de trabajadores del canalK CN23. https:/\u2026", "author_id": "592490532", "edit_history_tweet_ids": ["704485182041100289"]}, {"created_at": "2016-03-01T01:54:59.000Z", "id": "704485050113458177", "text": "RT @LanataPPT: Que no te tomen de boludo: Cristobal Lopez, Jefe de Roberto Navarro, echa a cientos de trabajadores del canalK CN23. https:/\u2026", "author_id": "139566465", "edit_history_tweet_ids": ["704485050113458177"]}, {"created_at": "2016-03-01T01:54:21.000Z", "id": "704484892743225347", "text": "RT @LanataPPT: Que no te tomen de boludo: Cristobal Lopez, Jefe de Roberto Navarro, echa a cientos de trabajadores del canalK CN23. https:/\u2026", "author_id": "4024074328", "edit_history_tweet_ids": ["704484892743225347"]}, {"created_at": "2016-03-01T01:53:34.000Z", "id": "704484695250231297", "text": "RT @LanataPPT: Que no te tomen de boludo: Cristobal Lopez, Jefe de Roberto Navarro, echa a cientos de trabajadores del canalK CN23. https:/\u2026", "author_id": "738949123", "edit_history_tweet_ids": ["704484695250231297"]}, {"created_at": "2016-03-01T01:52:12.000Z", "id": "704484348418985984", "text": "RT @LanataPPT: Que no te tomen de boludo: Cristobal Lopez, Jefe de Roberto Navarro, echa a cientos de trabajadores del canalK CN23. https:/\u2026", "author_id": "243438382", "edit_history_tweet_ids": ["704484348418985984"]}, {"created_at": "2016-03-01T01:50:31.000Z", "id": "704483928816685056", "text": "RT @LanataPPT: Que no te tomen de boludo: Cristobal Lopez, Jefe de Roberto Navarro, echa a cientos de trabajadores del canalK CN23. https:/\u2026", "author_id": "321763095", "edit_history_tweet_ids": ["704483928816685056"]}, {"created_at": "2016-03-01T01:49:40.000Z", "id": "704483714370301952", "text": "RT @LanataPPT: Que no te tomen de boludo: Cristobal Lopez, Jefe de Roberto Navarro, echa a cientos de trabajadores del canalK CN23. https:/\u2026", "author_id": "276659392", "edit_history_tweet_ids": ["704483714370301952"]}, {"created_at": "2016-03-01T01:49:19.000Z", "id": "704483622946996225", "text": "RT @LanataPPT: Que no te tomen de boludo: Cristobal Lopez, Jefe de Roberto Navarro, echa a cientos de trabajadores del canalK CN23. https:/\u2026", "author_id": "2580910198", "edit_history_tweet_ids": ["704483622946996225"]}, {"created_at": "2016-03-01T01:47:06.000Z", "id": "704483067201769472", "text": "RT @LanataPPT: Que no te tomen de boludo: Cristobal Lopez, Jefe de Roberto Navarro, echa a cientos de trabajadores del canalK CN23 https://\u2026", "author_id": "4187530462", "edit_history_tweet_ids": ["704483067201769472"]}, {"created_at": "2016-03-01T01:47:05.000Z", "id": "704483061237305344", "text": "RT @LanataPPT: Que no te tomen de boludo: Cristobal Lopez, Jefe de Roberto Navarro, echa a cientos de trabajadores del canalK CN23. https:/\u2026", "author_id": "3231302289", "edit_history_tweet_ids": ["704483061237305344"]}, {"created_at": "2016-03-01T01:46:04.000Z", "id": "704482807259734016", "text": "RT @LanataPPT: Que no te tomen de boludo: Cristobal Lopez, Jefe de Roberto Navarro, echa a cientos de trabajadores del canalK CN23. https:/\u2026", "author_id": "1684622838", "edit_history_tweet_ids": ["704482807259734016"]}, {"created_at": "2016-03-01T01:45:11.000Z", "id": "704482583871143936", "text": "RT @LanataPPT: Que no te tomen de boludo: Cristobal Lopez, Jefe de Roberto Navarro, echa a cientos de trabajadores del canalK CN23. https:/\u2026", "author_id": "328300060", "edit_history_tweet_ids": ["704482583871143936"]}, {"created_at": "2016-03-01T01:44:20.000Z", "id": "704482370385256448", "text": "RT @LanataPPT: Que no te tomen de boludo: Cristobal Lopez, Jefe de Roberto Navarro, echa a cientos de trabajadores del canalK CN23. https:/\u2026", "author_id": "3371551085", "edit_history_tweet_ids": ["704482370385256448"]}, {"created_at": "2016-03-01T01:43:32.000Z", "id": "704482169985638400", "text": "RT @LanataPPT: Que no te tomen de boludo: Cristobal Lopez, Jefe de Roberto Navarro, echa a cientos de trabajadores del canalK CN23. https:/\u2026", "author_id": "194253972", "edit_history_tweet_ids": ["704482169985638400"]}, {"created_at": "2016-03-01T01:40:15.000Z", "id": "704481342893989888", "text": "#Pol\u00ectica Renuncia de Roberto L\u00f3pez Delf\u00edn al #PRI, sin trascendencia pol\u00edtica: @tonatiuhpola https://t.co/PiAahfmD7j", "author_id": "158533984", "edit_history_tweet_ids": ["704481342893989888"]}, {"created_at": "2016-03-01T01:34:04.000Z", "id": "704479789135093762", "text": "RT @LanataPPT: Que no te tomen de boludo: Cristobal Lopez, Jefe de Roberto Navarro, echa a cientos de trabajadores del canalK CN23. https:/\u2026", "author_id": "144960572", "edit_history_tweet_ids": ["704479789135093762"]}, {"created_at": "2016-03-01T01:31:09.000Z", "id": "704479054825725952", "text": "RT @LanataPPT: Que no te tomen de boludo: Cristobal Lopez, Jefe de Roberto Navarro, echa a cientos de trabajadores del canalK CN23. https:/\u2026", "author_id": "825953022", "edit_history_tweet_ids": ["704479054825725952"]}, {"created_at": "2016-03-01T01:30:08.000Z", "id": "704478798511804416", "text": "RT @LanataPPT: Que no te tomen de boludo: Cristobal Lopez, Jefe de Roberto Navarro, echa a cientos de trabajadores del canalK CN23. https:/\u2026", "author_id": "148141723", "edit_history_tweet_ids": ["704478798511804416"]}, {"created_at": "2016-03-01T01:29:38.000Z", "id": "704478671931834368", "text": "RT @LanataPPT: Que no te tomen de boludo: Cristobal Lopez, Jefe de Roberto Navarro, echa a cientos de trabajadores del canalK CN23. https:/\u2026", "author_id": "353343200", "edit_history_tweet_ids": ["704478671931834368"]}, {"created_at": "2016-03-01T01:29:25.000Z", "id": "704478615409397760", "text": "RT @LanataPPT: Que no te tomen de boludo: Cristobal Lopez, Jefe de Roberto Navarro, echa a cientos de trabajadores del canalK CN23. https:/\u2026", "author_id": "2589294869", "edit_history_tweet_ids": ["704478615409397760"]}, {"created_at": "2016-03-01T01:28:21.000Z", "id": "704478348181897217", "text": "RT @LanataPPT: Que no te tomen de boludo: Cristobal Lopez, Jefe de Roberto Navarro, echa a cientos de trabajadores del canalK CN23 https://\u2026", "author_id": "2477517444", "edit_history_tweet_ids": ["704478348181897217"]}, {"created_at": "2016-03-01T01:23:55.000Z", "id": "704477231570132993", "text": "RT @LanataPPT: Que no te tomen de boludo: Cristobal Lopez, Jefe de Roberto Navarro, echa a cientos de trabajadores del canalK CN23. https:/\u2026", "author_id": "747496866", "edit_history_tweet_ids": ["704477231570132993"]}, {"created_at": "2016-03-01T01:19:15.000Z", "id": "704476058834345985", "text": "RT @LanataPPT: Que no te tomen de boludo: Cristobal Lopez, Jefe de Roberto Navarro, echa a cientos de trabajadores del canalK CN23. https:/\u2026", "author_id": "410756392", "edit_history_tweet_ids": ["704476058834345985"]}, {"created_at": "2016-03-01T01:15:04.000Z", "id": "704475005397110784", "text": "RT @LanataPPT: Que no te tomen de boludo: Cristobal Lopez, Jefe de Roberto Navarro, echa a cientos de trabajadores del canalK CN23. https:/\u2026", "author_id": "966256278", "edit_history_tweet_ids": ["704475005397110784"]}, {"created_at": "2016-03-01T01:14:38.000Z", "id": "704474896022290437", "text": "RT @LanataPPT: Que no te tomen de boludo: Cristobal Lopez, Jefe de Roberto Navarro, echa a cientos de trabajadores del canalK CN23. https:/\u2026", "author_id": "220768512", "edit_history_tweet_ids": ["704474896022290437"]}, {"created_at": "2016-03-01T01:11:34.000Z", "id": "704474122982715392", "text": "RT @LanataPPT: Que no te tomen de boludo: Cristobal Lopez, Jefe de Roberto Navarro, echa a cientos de trabajadores del canalK CN23. https:/\u2026", "author_id": "457946602", "edit_history_tweet_ids": ["704474122982715392"]}, {"created_at": "2016-03-01T01:02:06.000Z", "id": "704471740659933185", "text": "RT @LanataPPT: Que no te tomen de boludo: Cristobal Lopez, Jefe de Roberto Navarro, echa a cientos de trabajadores del canalK CN23 https://\u2026", "author_id": "2854174155", "edit_history_tweet_ids": ["704471740659933185"]}, {"created_at": "2016-03-01T00:54:39.000Z", "id": "704469868649775109", "text": "RT @LanataPPT: Que no te tomen de boludo: Cristobal Lopez, Jefe de Roberto Navarro, echa a cientos de trabajadores del canalK CN23 https://\u2026", "author_id": "469201527", "edit_history_tweet_ids": ["704469868649775109"]}, {"created_at": "2016-03-01T00:53:07.000Z", "id": "704469482249568256", "text": "RT @LanataPPT: Que no te tomen de boludo: Cristobal Lopez, Jefe de Roberto Navarro, echa a cientos de trabajadores del canalK CN23. https:/\u2026", "author_id": "3290361690", "edit_history_tweet_ids": ["704469482249568256"]}, {"created_at": "2016-03-01T00:50:13.000Z", "id": "704468751023001600", "text": "RT @LanataPPT: Que no te tomen de boludo: Cristobal Lopez, Jefe de Roberto Navarro, echa a cientos de trabajadores del canalK CN23. https:/\u2026", "author_id": "3441877462", "edit_history_tweet_ids": ["704468751023001600"]}, {"created_at": "2016-03-01T00:46:22.000Z", "id": "704467782184919041", "text": "RT @LanataPPT: Que no te tomen de boludo: Cristobal Lopez, Jefe de Roberto Navarro, echa a cientos de trabajadores del canalK CN23. https:/\u2026", "author_id": "137905574", "edit_history_tweet_ids": ["704467782184919041"]}, {"created_at": "2016-03-01T00:45:45.000Z", "id": "704467627138260992", "text": "RT @LanataPPT: Que no te tomen de boludo: Cristobal Lopez, Jefe de Roberto Navarro, echa a cientos de trabajadores del canalK CN23. https:/\u2026", "author_id": "577583673", "edit_history_tweet_ids": ["704467627138260992"]}, {"created_at": "2016-03-01T00:33:17.000Z", "id": "704464488876081152", "text": "RT @LanataPPT: Que no te tomen de boludo: Cristobal Lopez, Jefe de Roberto Navarro, echa a cientos de trabajadores del canalK CN23. https:/\u2026", "author_id": "69644759", "edit_history_tweet_ids": ["704464488876081152"]}, {"created_at": "2016-03-01T00:32:45.000Z", "id": "704464356877148162", "text": "RT @LanataPPT: Que no te tomen de boludo: Cristobal Lopez, Jefe de Roberto Navarro, echa a cientos de trabajadores del canalK CN23 https://\u2026", "author_id": "2432756473", "edit_history_tweet_ids": ["704464356877148162"]}, {"created_at": "2016-03-01T00:32:45.000Z", "id": "704464356008972288", "text": "RT @LanataPPT: Que no te tomen de boludo: Cristobal Lopez, Jefe de Roberto Navarro, echa a cientos de trabajadores del canalK CN23. https:/\u2026", "author_id": "102430671", "edit_history_tweet_ids": ["704464356008972288"]}, {"created_at": "2016-03-01T00:30:56.000Z", "id": "704463899136008193", "text": "RT @LanataPPT: Que no te tomen de boludo: Cristobal Lopez, Jefe de Roberto Navarro, echa a cientos de trabajadores del canalK CN23. https:/\u2026", "author_id": "48611544", "edit_history_tweet_ids": ["704463899136008193"]}, {"created_at": "2016-03-01T00:27:13.000Z", "id": "704462961876869120", "text": "RT @LanataPPT: Que no te tomen de boludo: Cristobal Lopez, Jefe de Roberto Navarro, echa a cientos de trabajadores del canalK CN23. https:/\u2026", "author_id": "121132962", "edit_history_tweet_ids": ["704462961876869120"]}, {"created_at": "2016-03-01T00:25:20.000Z", "id": "704462489510092800", "text": "RT @LanataPPT: Que no te tomen de boludo: Cristobal Lopez, Jefe de Roberto Navarro, echa a cientos de trabajadores del canalK CN23. https:/\u2026", "author_id": "3394204750", "edit_history_tweet_ids": ["704462489510092800"]}, {"created_at": "2016-03-01T00:24:31.000Z", "id": "704462285901864961", "text": "RT @LanataPPT: Que no te tomen de boludo: Cristobal Lopez, Jefe de Roberto Navarro, echa a cientos de trabajadores del canalK CN23. https:/\u2026", "author_id": "87761410", "edit_history_tweet_ids": ["704462285901864961"]}, {"created_at": "2016-03-01T00:23:18.000Z", "id": "704461976219623425", "text": "RT @LanataPPT: Que no te tomen de boludo: Cristobal Lopez, Jefe de Roberto Navarro, echa a cientos de trabajadores del canalK CN23. https:/\u2026", "author_id": "4036379481", "edit_history_tweet_ids": ["704461976219623425"]}, {"created_at": "2016-03-01T00:22:34.000Z", "id": "704461793423392768", "text": "RT @LanataPPT: Que no te tomen de boludo: Cristobal Lopez, Jefe de Roberto Navarro, echa a cientos de trabajadores del canalK CN23. https:/\u2026", "author_id": "3432853587", "edit_history_tweet_ids": ["704461793423392768"]}, {"created_at": "2016-03-01T00:20:12.000Z", "id": "704461199774261248", "text": "#Pol\u00ectica Renuncia de Roberto L\u00f3pez Delf\u00edn al #PRI, sin trascendencia pol\u00edtica: @tonatiuhpola https://t.co/9TwwCljHmn", "author_id": "158533984", "edit_history_tweet_ids": ["704461199774261248"]}, {"created_at": "2016-03-01T00:19:09.000Z", "id": "704460933884674048", "text": "RT @LanataPPT: Que no te tomen de boludo: Cristobal Lopez, Jefe de Roberto Navarro, echa a cientos de trabajadores del canalK CN23. https:/\u2026", "author_id": "2554513900", "edit_history_tweet_ids": ["704460933884674048"]}, {"created_at": "2016-03-01T00:18:16.000Z", "id": "704460710944890880", "text": "RT @LanataPPT: Que no te tomen de boludo: Cristobal Lopez, Jefe de Roberto Navarro, echa a cientos de trabajadores del canalK CN23. https:/\u2026", "author_id": "111080847", "edit_history_tweet_ids": ["704460710944890880"]}, {"created_at": "2016-03-01T00:16:42.000Z", "id": "704460316785123329", "text": "RT @LanataPPT: Que no te tomen de boludo: Cristobal Lopez, Jefe de Roberto Navarro, echa a cientos de trabajadores del canalK CN23. https:/\u2026", "author_id": "1436810791", "edit_history_tweet_ids": ["704460316785123329"]}, {"created_at": "2016-03-01T00:16:30.000Z", "id": "704460264830345216", "text": "RT @LanataPPT: Que no te tomen de boludo: Cristobal Lopez, Jefe de Roberto Navarro, echa a cientos de trabajadores del canalK CN23. https:/\u2026", "author_id": "4195808679", "edit_history_tweet_ids": ["704460264830345216"]}, {"created_at": "2016-03-01T00:15:56.000Z", "id": "704460122144247809", "text": "RT @LanataPPT: Que no te tomen de boludo: Cristobal Lopez, Jefe de Roberto Navarro, echa a cientos de trabajadores del canalK CN23. https:/\u2026", "author_id": "311255801", "edit_history_tweet_ids": ["704460122144247809"]}, {"created_at": "2016-03-01T00:15:15.000Z", "id": "704459950848909312", "text": "RT @LanataPPT: Que no te tomen de boludo: Cristobal Lopez, Jefe de Roberto Navarro, echa a cientos de trabajadores del canalK CN23. https:/\u2026", "author_id": "154545683", "edit_history_tweet_ids": ["704459950848909312"]}, {"created_at": "2016-03-01T00:12:47.000Z", "id": "704459329601142784", "text": "RT @LanataPPT: Que no te tomen de boludo: Cristobal Lopez, Jefe de Roberto Navarro, echa a cientos de trabajadores del canalK CN23. https:/\u2026", "author_id": "1902138799", "edit_history_tweet_ids": ["704459329601142784"]}, {"created_at": "2016-03-01T00:11:52.000Z", "id": "704459102014083072", "text": "RT @LanataPPT: Que no te tomen de boludo: Cristobal Lopez, Jefe de Roberto Navarro, echa a cientos de trabajadores del canalK CN23 https://\u2026", "author_id": "137862060", "edit_history_tweet_ids": ["704459102014083072"]}, {"created_at": "2016-03-01T00:10:02.000Z", "id": "704458639831076866", "text": "RT @LanataPPT: Que no te tomen de boludo: Cristobal Lopez, Jefe de Roberto Navarro, echa a cientos de trabajadores del canalK CN23. https:/\u2026", "author_id": "175013249", "edit_history_tweet_ids": ["704458639831076866"]}, {"created_at": "2016-03-01T00:09:13.000Z", "id": "704458434171838465", "text": "RT @LanataPPT: Que no te tomen de boludo: Cristobal Lopez, Jefe de Roberto Navarro, echa a cientos de trabajadores del canalK CN23. https:/\u2026", "author_id": "950070996", "edit_history_tweet_ids": ["704458434171838465"]}, {"created_at": "2016-03-01T00:04:24.000Z", "id": "704457222055727105", "text": "RT @kartingmadrid: PODIO CKRC HI-SPEED GP1\nCategor\u00eda +80kg\n1\u00ba Roberto Mu\u00f1oz\n2\u00ba Ra\u00fal L\u00f3pez\n3\u00ba Javier Mart\u00ednez https://t.co/YkgmsGQ6AG", "author_id": "283172545", "edit_history_tweet_ids": ["704457222055727105"]}, {"created_at": "2016-03-01T00:02:30.000Z", "id": "704456742126616577", "text": "RT @LanataPPT: Que no te tomen de boludo: Cristobal Lopez, Jefe de Roberto Navarro, echa a cientos de trabajadores del canalK CN23. https:/\u2026", "author_id": "2800779568", "edit_history_tweet_ids": ["704456742126616577"]}, {"created_at": "2016-03-01T00:01:33.000Z", "id": "704456503365914626", "text": "RT @LanataPPT: Que no te tomen de boludo: Cristobal Lopez, Jefe de Roberto Navarro, echa a cientos de trabajadores del canalK CN23. https:/\u2026", "author_id": "58115211", "edit_history_tweet_ids": ["704456503365914626"]}, {"created_at": "2016-03-01T00:01:25.000Z", "id": "704456470738427905", "text": "RT @LanataPPT: Que no te tomen de boludo: Cristobal Lopez, Jefe de Roberto Navarro, echa a cientos de trabajadores del canalK CN23. https:/\u2026", "author_id": "917199391", "edit_history_tweet_ids": ["704456470738427905"]}, {"created_at": "2016-03-01T00:00:49.000Z", "id": "704456319315677184", "text": "RT @LanataPPT: Que no te tomen de boludo: Cristobal Lopez, Jefe de Roberto Navarro, echa a cientos de trabajadores del canalK CN23. https:/\u2026", "author_id": "233497101", "edit_history_tweet_ids": ["704456319315677184"]}, {"created_at": "2016-02-29T23:55:58.000Z", "id": "704455100413050880", "text": "RT @econsulta_ver: #Pol\u00ectica Renuncia de Roberto L\u00f3pez Delf\u00edn al #PRI, sin trascendencia pol\u00edtica: @tonatiuhpola https://t.co/wSF7wAssMs", "author_id": "259258832", "edit_history_tweet_ids": ["704455100413050880"]}, {"created_at": "2016-02-29T23:55:35.000Z", "id": "704455001012367360", "text": "RT @LanataPPT: Que no te tomen de boludo: Cristobal Lopez, Jefe de Roberto Navarro, echa a cientos de trabajadores del canalK CN23. https:/\u2026", "author_id": "2564201958", "edit_history_tweet_ids": ["704455001012367360"]}, {"created_at": "2016-02-29T23:55:04.000Z", "id": "704454872649867266", "text": "RT @LanataPPT: Que no te tomen de boludo: Cristobal Lopez, Jefe de Roberto Navarro, echa a cientos de trabajadores del canalK CN23. https:/\u2026", "author_id": "1341691698", "edit_history_tweet_ids": ["704454872649867266"]}, {"created_at": "2016-02-29T23:52:51.000Z", "id": "704454315080077312", "text": "RT @LanataPPT: Que no te tomen de boludo: Cristobal Lopez, Jefe de Roberto Navarro, echa a cientos de trabajadores del canalK CN23. https:/\u2026", "author_id": "709652292", "edit_history_tweet_ids": ["704454315080077312"]}, {"created_at": "2016-02-29T23:52:47.000Z", "id": "704454299313635328", "text": "RT @LanataPPT: Que no te tomen de boludo: Cristobal Lopez, Jefe de Roberto Navarro, echa a cientos de trabajadores del canalK CN23. https:/\u2026", "author_id": "172548044", "edit_history_tweet_ids": ["704454299313635328"]}, {"created_at": "2016-02-29T23:51:25.000Z", "id": "704453955116507136", "text": "RT @LanataPPT: Que no te tomen de boludo: Cristobal Lopez, Jefe de Roberto Navarro, echa a cientos de trabajadores del canalK CN23. https:/\u2026", "author_id": "4261733687", "edit_history_tweet_ids": ["704453955116507136"]}, {"created_at": "2016-02-29T23:50:01.000Z", "id": "704453602019057664", "text": "RT @LanataPPT: Que no te tomen de boludo: Cristobal Lopez, Jefe de Roberto Navarro, echa a cientos de trabajadores del canalK CN23. https:/\u2026", "author_id": "812948671", "edit_history_tweet_ids": ["704453602019057664"]}, {"created_at": "2016-02-29T23:49:47.000Z", "id": "704453544183799808", "text": "RT @LanataPPT: Que no te tomen de boludo: Cristobal Lopez, Jefe de Roberto Navarro, echa a cientos de trabajadores del canalK CN23. https:/\u2026", "author_id": "2710294359", "edit_history_tweet_ids": ["704453544183799808"]}, {"created_at": "2016-02-29T23:49:42.000Z", "id": "704453522654367744", "text": "RT @LanataPPT: Que no te tomen de boludo: Cristobal Lopez, Jefe de Roberto Navarro, echa a cientos de trabajadores del canalK CN23. https:/\u2026", "author_id": "274289489", "edit_history_tweet_ids": ["704453522654367744"]}, {"created_at": "2016-02-29T23:49:36.000Z", "id": "704453495882174464", "text": "RT @LanataPPT: Que no te tomen de boludo: Cristobal Lopez, Jefe de Roberto Navarro, echa a cientos de trabajadores del canalK CN23. https:/\u2026", "author_id": "700507840734216192", "edit_history_tweet_ids": ["704453495882174464"]}, {"created_at": "2016-02-29T23:48:24.000Z", "id": "704453195570028544", "text": "RT @LanataPPT: Que no te tomen de boludo: Cristobal Lopez, Jefe de Roberto Navarro, echa a cientos de trabajadores del canalK CN23. https:/\u2026", "author_id": "3006541593", "edit_history_tweet_ids": ["704453195570028544"]}, {"created_at": "2016-02-29T23:48:10.000Z", "id": "704453134605746178", "text": "RT @LanataPPT: Que no te tomen de boludo: Cristobal Lopez, Jefe de Roberto Navarro, echa a cientos de trabajadores del canalK CN23. https:/\u2026", "author_id": "972696715", "edit_history_tweet_ids": ["704453134605746178"]}, {"created_at": "2016-02-29T23:47:20.000Z", "id": "704452926828367872", "text": "RT @LanataPPT: Que no te tomen de boludo: Cristobal Lopez, Jefe de Roberto Navarro, echa a cientos de trabajadores del canalK CN23. https:/\u2026", "author_id": "3314225175", "edit_history_tweet_ids": ["704452926828367872"]}, {"created_at": "2016-02-29T23:46:17.000Z", "id": "704452664369782785", "text": "RT @LanataPPT: Que no te tomen de boludo: Cristobal Lopez, Jefe de Roberto Navarro, echa a cientos de trabajadores del canalK CN23. https:/\u2026", "author_id": "1976424847", "edit_history_tweet_ids": ["704452664369782785"]}], "meta": {"newest_id": "704507249960624128", "oldest_id": "704452664369782785", "result_count": 97, "next_token": "1jzu9lk96gu5npw2xnnw9wd6vja5vbqliqyhdt4ghl6l"}}