{"data": [{"id": "704393445994053632", "text": "RT @LanataPPT: Que no te tomen de boludo: Cristobal Lopez, Jefe de Roberto Navarro, echa a cientos de trabajadores del canalK CN23 https://\u2026", "edit_history_tweet_ids": ["704393445994053632"], "author_id": "2891237616", "created_at": "2016-02-29T19:50:59.000Z"}, {"id": "704393160672284672", "text": "RT @LanataPPT: Que no te tomen de boludo: Cristobal Lopez, Jefe de Roberto Navarro, echa a cientos de trabajadores del canalK CN23 https://\u2026", "edit_history_tweet_ids": ["704393160672284672"], "author_id": "157349723", "created_at": "2016-02-29T19:49:51.000Z"}, {"id": "704393093576060928", "text": "RT @LanataPPT: Que no te tomen de boludo: Cristobal Lopez, Jefe de Roberto Navarro, echa a cientos de trabajadores del canalK CN23 https://\u2026", "edit_history_tweet_ids": ["704393093576060928"], "author_id": "186617067", "created_at": "2016-02-29T19:49:35.000Z"}, {"id": "704392965339348994", "text": "RT @LanataPPT: Que no te tomen de boludo: Cristobal Lopez, Jefe de Roberto Navarro, echa a cientos de trabajadores del canalK CN23 https://\u2026", "edit_history_tweet_ids": ["704392965339348994"], "author_id": "2676821449", "created_at": "2016-02-29T19:49:04.000Z"}, {"id": "704392925493534725", "text": "RT @LanataPPT: Que no te tomen de boludo: Cristobal Lopez, Jefe de Roberto Navarro, echa a cientos de trabajadores del canalK CN23 https://\u2026", "edit_history_tweet_ids": ["704392925493534725"], "author_id": "313304446", "created_at": "2016-02-29T19:48:55.000Z"}, {"id": "704392843872366593", "text": "RT @LanataPPT: Que no te tomen de boludo: Cristobal Lopez, Jefe de Roberto Navarro, echa a cientos de trabajadores del canalK CN23 https://\u2026", "edit_history_tweet_ids": ["704392843872366593"], "author_id": "4252605022", "created_at": "2016-02-29T19:48:35.000Z"}, {"id": "704392828244377600", "text": "RT @LanataPPT: Que no te tomen de boludo: Cristobal Lopez, Jefe de Roberto Navarro, echa a cientos de trabajadores del canalK CN23 https://\u2026", "edit_history_tweet_ids": ["704392828244377600"], "author_id": "67453509", "created_at": "2016-02-29T19:48:31.000Z"}, {"id": "704392392502353920", "text": "RT @LanataPPT: Que no te tomen de boludo: Cristobal Lopez, Jefe de Roberto Navarro, echa a cientos de trabajadores del canalK CN23 https://\u2026", "edit_history_tweet_ids": ["704392392502353920"], "author_id": "180793651", "created_at": "2016-02-29T19:46:48.000Z"}, {"id": "704392309278969856", "text": "RT @LanataPPT: Que no te tomen de boludo: Cristobal Lopez, Jefe de Roberto Navarro, echa a cientos de trabajadores del canalK CN23 https://\u2026", "edit_history_tweet_ids": ["704392309278969856"], "author_id": "2920298955", "created_at": "2016-02-29T19:46:28.000Z"}, {"id": "704392287749545988", "text": "RT @LanataPPT: Que no te tomen de boludo: Cristobal Lopez, Jefe de Roberto Navarro, echa a cientos de trabajadores del canalK CN23 https://\u2026", "edit_history_tweet_ids": ["704392287749545988"], "author_id": "378516100", "created_at": "2016-02-29T19:46:23.000Z"}, {"id": "704391971935223809", "text": "RT @LanataPPT: Que no te tomen de boludo: Cristobal Lopez, Jefe de Roberto Navarro, echa a cientos de trabajadores del canalK CN23 https://\u2026", "edit_history_tweet_ids": ["704391971935223809"], "author_id": "128042093", "created_at": "2016-02-29T19:45:07.000Z"}, {"id": "704391957636890625", "text": "RT @LanataPPT: Que no te tomen de boludo: Cristobal Lopez, Jefe de Roberto Navarro, echa a cientos de trabajadores del canalK CN23 https://\u2026", "edit_history_tweet_ids": ["704391957636890625"], "author_id": "4194461116", "created_at": "2016-02-29T19:45:04.000Z"}, {"id": "704391758151610369", "text": "RT @LanataPPT: Que no te tomen de boludo: Cristobal Lopez, Jefe de Roberto Navarro, echa a cientos de trabajadores del canalK CN23 https://\u2026", "edit_history_tweet_ids": ["704391758151610369"], "author_id": "353343200", "created_at": "2016-02-29T19:44:16.000Z"}, {"id": "704391757845413889", "text": "RT @LanataPPT: Que no te tomen de boludo: Cristobal Lopez, Jefe de Roberto Navarro, echa a cientos de trabajadores del canalK CN23 https://\u2026", "edit_history_tweet_ids": ["704391757845413889"], "author_id": "194956333", "created_at": "2016-02-29T19:44:16.000Z"}, {"id": "704391708776255488", "text": "RT @LanataPPT: Que no te tomen de boludo: Cristobal Lopez, Jefe de Roberto Navarro, echa a cientos de trabajadores del canalK CN23 https://\u2026", "edit_history_tweet_ids": ["704391708776255488"], "author_id": "150442795", "created_at": "2016-02-29T19:44:04.000Z"}, {"id": "704391326591262720", "text": "RT @LanataPPT: Que no te tomen de boludo: Cristobal Lopez, Jefe de Roberto Navarro, echa a cientos de trabajadores del canalK CN23 https://\u2026", "edit_history_tweet_ids": ["704391326591262720"], "author_id": "3842930057", "created_at": "2016-02-29T19:42:33.000Z"}, {"id": "704391316524949505", "text": "RT @LanataPPT: Que no te tomen de boludo: Cristobal Lopez, Jefe de Roberto Navarro, echa a cientos de trabajadores del canalK CN23 https://\u2026", "edit_history_tweet_ids": ["704391316524949505"], "author_id": "842161009", "created_at": "2016-02-29T19:42:31.000Z"}, {"id": "704391131069546501", "text": "RT @LanataPPT: Que no te tomen de boludo: Cristobal Lopez, Jefe de Roberto Navarro, echa a cientos de trabajadores del canalK CN23 https://\u2026", "edit_history_tweet_ids": ["704391131069546501"], "author_id": "3417456909", "created_at": "2016-02-29T19:41:47.000Z"}, {"id": "704391084642795520", "text": "RT @LanataPPT: Que no te tomen de boludo: Cristobal Lopez, Jefe de Roberto Navarro, echa a cientos de trabajadores del canalK CN23 https://\u2026", "edit_history_tweet_ids": ["704391084642795520"], "author_id": "3072209597", "created_at": "2016-02-29T19:41:36.000Z"}, {"id": "704391048869584896", "text": "RT @LanataPPT: Que no te tomen de boludo: Cristobal Lopez, Jefe de Roberto Navarro, echa a cientos de trabajadores del canalK CN23 https://\u2026", "edit_history_tweet_ids": ["704391048869584896"], "author_id": "1038365857", "created_at": "2016-02-29T19:41:27.000Z"}, {"id": "704390970826203136", "text": "RT @LanataPPT: Que no te tomen de boludo: Cristobal Lopez, Jefe de Roberto Navarro, echa a cientos de trabajadores del canalK CN23 https://\u2026", "edit_history_tweet_ids": ["704390970826203136"], "author_id": "2780462625", "created_at": "2016-02-29T19:41:09.000Z"}, {"id": "704390751464062976", "text": "RT @LanataPPT: Que no te tomen de boludo: Cristobal Lopez, Jefe de Roberto Navarro, echa a cientos de trabajadores del canalK CN23 https://\u2026", "edit_history_tweet_ids": ["704390751464062976"], "author_id": "2157593481", "created_at": "2016-02-29T19:40:16.000Z"}, {"id": "704390647248244736", "text": "RT @LanataPPT: Que no te tomen de boludo: Cristobal Lopez, Jefe de Roberto Navarro, echa a cientos de trabajadores del canalK CN23 https://\u2026", "edit_history_tweet_ids": ["704390647248244736"], "author_id": "76152004", "created_at": "2016-02-29T19:39:51.000Z"}, {"id": "704390640478625792", "text": "RT @LanataPPT: Que no te tomen de boludo: Cristobal Lopez, Jefe de Roberto Navarro, echa a cientos de trabajadores del canalK CN23 https://\u2026", "edit_history_tweet_ids": ["704390640478625792"], "author_id": "2518233065", "created_at": "2016-02-29T19:39:50.000Z"}, {"id": "704390523906351104", "text": "RT @LanataPPT: Que no te tomen de boludo: Cristobal Lopez, Jefe de Roberto Navarro, echa a cientos de trabajadores del canalK CN23 https://\u2026", "edit_history_tweet_ids": ["704390523906351104"], "author_id": "4243331608", "created_at": "2016-02-29T19:39:22.000Z"}, {"id": "704390520785600516", "text": "@DiarioDiezHn \nRoberto Lopez 2\nhttps://t.co/mGMZjxLDat", "edit_history_tweet_ids": ["704390520785600516"], "author_id": "1020134832", "created_at": "2016-02-29T19:39:21.000Z"}, {"id": "704390357786738688", "text": "RT @LanataPPT: Que no te tomen de boludo: Cristobal Lopez, Jefe de Roberto Navarro, echa a cientos de trabajadores del canalK CN23 https://\u2026", "edit_history_tweet_ids": ["704390357786738688"], "author_id": "267443331", "created_at": "2016-02-29T19:38:42.000Z"}, {"id": "704390345371623425", "text": "RT @LanataPPT: Que no te tomen de boludo: Cristobal Lopez, Jefe de Roberto Navarro, echa a cientos de trabajadores del canalK CN23 https://\u2026", "edit_history_tweet_ids": ["704390345371623425"], "author_id": "210423471", "created_at": "2016-02-29T19:38:39.000Z"}, {"id": "704390263209398272", "text": "RT @LanataPPT: Que no te tomen de boludo: Cristobal Lopez, Jefe de Roberto Navarro, echa a cientos de trabajadores del canalK CN23 https://\u2026", "edit_history_tweet_ids": ["704390263209398272"], "author_id": "51823733", "created_at": "2016-02-29T19:38:20.000Z"}, {"id": "704390182234103808", "text": "RT @LanataPPT: Que no te tomen de boludo: Cristobal Lopez, Jefe de Roberto Navarro, echa a cientos de trabajadores del canalK CN23 https://\u2026", "edit_history_tweet_ids": ["704390182234103808"], "author_id": "2267406950", "created_at": "2016-02-29T19:38:01.000Z"}, {"id": "704390118661099520", "text": "RT @LanataPPT: Que no te tomen de boludo: Cristobal Lopez, Jefe de Roberto Navarro, echa a cientos de trabajadores del canalK CN23 https://\u2026", "edit_history_tweet_ids": ["704390118661099520"], "author_id": "568438918", "created_at": "2016-02-29T19:37:45.000Z"}, {"id": "704389968219803648", "text": "RT @LanataPPT: Que no te tomen de boludo: Cristobal Lopez, Jefe de Roberto Navarro, echa a cientos de trabajadores del canalK CN23 https://\u2026", "edit_history_tweet_ids": ["704389968219803648"], "author_id": "1326747475", "created_at": "2016-02-29T19:37:10.000Z"}, {"id": "704389961152393217", "text": "RT @LanataPPT: Que no te tomen de boludo: Cristobal Lopez, Jefe de Roberto Navarro, echa a cientos de trabajadores del canalK CN23 https://\u2026", "edit_history_tweet_ids": ["704389961152393217"], "author_id": "26687156", "created_at": "2016-02-29T19:37:08.000Z"}, {"id": "704389946950422529", "text": "RT @LanataPPT: Que no te tomen de boludo: Cristobal Lopez, Jefe de Roberto Navarro, echa a cientos de trabajadores del canalK CN23 https://\u2026", "edit_history_tweet_ids": ["704389946950422529"], "author_id": "124566813", "created_at": "2016-02-29T19:37:04.000Z"}, {"id": "704389940252176385", "text": "RT @LanataPPT: Que no te tomen de boludo: Cristobal Lopez, Jefe de Roberto Navarro, echa a cientos de trabajadores del canalK CN23 https://\u2026", "edit_history_tweet_ids": ["704389940252176385"], "author_id": "249379188", "created_at": "2016-02-29T19:37:03.000Z"}, {"id": "704389881317953536", "text": "RT @LanataPPT: Que no te tomen de boludo: Cristobal Lopez, Jefe de Roberto Navarro, echa a cientos de trabajadores del canalK CN23 https://\u2026", "edit_history_tweet_ids": ["704389881317953536"], "author_id": "195815062", "created_at": "2016-02-29T19:36:49.000Z"}, {"id": "704389816478265346", "text": "RT @LanataPPT: Que no te tomen de boludo: Cristobal Lopez, Jefe de Roberto Navarro, echa a cientos de trabajadores del canalK CN23 https://\u2026", "edit_history_tweet_ids": ["704389816478265346"], "author_id": "934281582", "created_at": "2016-02-29T19:36:33.000Z"}, {"id": "704389678590509056", "text": "RT @LanataPPT: Que no te tomen de boludo: Cristobal Lopez, Jefe de Roberto Navarro, echa a cientos de trabajadores del canalK CN23 https://\u2026", "edit_history_tweet_ids": ["704389678590509056"], "author_id": "3174838192", "created_at": "2016-02-29T19:36:00.000Z"}, {"id": "704389637100457984", "text": "RT @LanataPPT: Que no te tomen de boludo: Cristobal Lopez, Jefe de Roberto Navarro, echa a cientos de trabajadores del canalK CN23 https://\u2026", "edit_history_tweet_ids": ["704389637100457984"], "author_id": "1682034558", "created_at": "2016-02-29T19:35:51.000Z"}, {"id": "704389582280855552", "text": "RT @LanataPPT: Que no te tomen de boludo: Cristobal Lopez, Jefe de Roberto Navarro, echa a cientos de trabajadores del canalK CN23 https://\u2026", "edit_history_tweet_ids": ["704389582280855552"], "author_id": "1349314070", "created_at": "2016-02-29T19:35:37.000Z"}, {"id": "704389486743003136", "text": "RT @LanataPPT: Que no te tomen de boludo: Cristobal Lopez, Jefe de Roberto Navarro, echa a cientos de trabajadores del canalK CN23 https://\u2026", "edit_history_tweet_ids": ["704389486743003136"], "author_id": "2720711745", "created_at": "2016-02-29T19:35:15.000Z"}, {"id": "704389229179228160", "text": "RT @LanataPPT: Que no te tomen de boludo: Cristobal Lopez, Jefe de Roberto Navarro, echa a cientos de trabajadores del canalK CN23 https://\u2026", "edit_history_tweet_ids": ["704389229179228160"], "author_id": "1375478377", "created_at": "2016-02-29T19:34:13.000Z"}, {"id": "704389053878292480", "text": "RT @LanataPPT: Que no te tomen de boludo: Cristobal Lopez, Jefe de Roberto Navarro, echa a cientos de trabajadores del canalK CN23 https://\u2026", "edit_history_tweet_ids": ["704389053878292480"], "author_id": "3375846886", "created_at": "2016-02-29T19:33:32.000Z"}, {"id": "704388925020835840", "text": "Que no te tomen de boludo: Cristobal Lopez, Jefe de Roberto Navarro, echa a cientos de trabajadores del canalK CN23 https://t.co/xJPwVsJ8EZ", "edit_history_tweet_ids": ["704388925020835840"], "author_id": "567691634", "created_at": "2016-02-29T19:33:01.000Z"}, {"id": "704383343253712899", "text": "RT @kartingmadrid: PODIO CKRC HI-SPEED GP1\nCategor\u00eda +80kg\n1\u00ba Roberto Mu\u00f1oz\n2\u00ba Ra\u00fal L\u00f3pez\n3\u00ba Javier Mart\u00ednez https://t.co/YkgmsGQ6AG", "edit_history_tweet_ids": ["704383343253712899"], "author_id": "233139889", "created_at": "2016-02-29T19:10:50.000Z"}, {"id": "704380806244859904", "text": "EL ex secretario particular del ex gobernador Miguel Alem\u00e1n Velasco, Roberto L\u00f3pez Delf\u00edn, present\u00f3 su carta de... https://t.co/TLkErk76qA", "edit_history_tweet_ids": ["704380806244859904"], "author_id": "309359774", "created_at": "2016-02-29T19:00:45.000Z"}, {"id": "704378933211328512", "text": "SIN TRASCENDENCIA #RENUNCIA\nDE L\u00d3PEZ DELF\u00cdN AL #PRI: POLA\n\nXALAPA, VER.- La renuncia de Roberto L\u00f3pez Delf\u00edn al... https://t.co/3ZmOYXXIAW", "edit_history_tweet_ids": ["704378933211328512"], "author_id": "2940974105", "created_at": "2016-02-29T18:53:19.000Z"}, {"id": "704373660489019392", "text": "Rodrigo Zamora Roberto L\u00f3pez Roberto Robles Jr. https://t.co/v0lXdJfjFq", "edit_history_tweet_ids": ["704373660489019392"], "author_id": "113671259", "created_at": "2016-02-29T18:32:21.000Z"}, {"id": "704371300349796352", "text": "@DiarioDiezHn \nRoberto Lopez https://t.co/zwEU8LsQSX", "edit_history_tweet_ids": ["704371300349796352"], "author_id": "1020134832", "created_at": "2016-02-29T18:22:59.000Z"}, {"id": "704361640943202305", "text": "RT @kartingmadrid: PODIO CKRC HI-SPEED GP1\nCategor\u00eda +80kg\n1\u00ba Roberto Mu\u00f1oz\n2\u00ba Ra\u00fal L\u00f3pez\n3\u00ba Javier Mart\u00ednez https://t.co/YkgmsGQ6AG", "edit_history_tweet_ids": ["704361640943202305"], "author_id": "1663869716", "created_at": "2016-02-29T17:44:36.000Z"}, {"id": "704361004373811200", "text": "Roberto Navarro ayer dio una lista de los lugares donde se iban a producir despidos. Se olvido de C. Lopez. Que... https://t.co/WaC3MLimlR", "edit_history_tweet_ids": ["704361004373811200"], "author_id": "3032442197", "created_at": "2016-02-29T17:42:04.000Z"}, {"id": "704359017368268801", "text": "RT @xeunoticias: Salida de Roberto L\u00f3pez Delf\u00edn no afecta al PRI: Tonatiuh Pola  https://t.co/jnai3OwEOr #Veracruz", "edit_history_tweet_ids": ["704359017368268801"], "author_id": "3384106966", "created_at": "2016-02-29T17:34:10.000Z"}, {"id": "704354984381566985", "text": "Salida de Roberto L\u00f3pez Delf\u00edn no afecta al PRI: Tonatiuh Pola  https://t.co/ztjsMNTuwo #Veracruz", "edit_history_tweet_ids": ["704354984381566985"], "author_id": "4502173153", "created_at": "2016-02-29T17:18:09.000Z"}, {"id": "704353439598247936", "text": "Salida de Roberto L\u00f3pez Delf\u00edn no afecta al PRI: Tonatiuh Pola  https://t.co/jnai3OwEOr #Veracruz", "edit_history_tweet_ids": ["704353439598247936"], "author_id": "70538650", "created_at": "2016-02-29T17:12:00.000Z"}, {"id": "704346345130303489", "text": "RT @RayoObrero: Hoy estaremos atentos a como Roberto Navarro en @C5N nos dice que su patr\u00f3n Crist\u00f3bal L\u00f3pez \"viene por tu laburo\". #CN23 #D\u2026", "edit_history_tweet_ids": ["704346345130303489"], "author_id": "498478599", "created_at": "2016-02-29T16:43:49.000Z"}, {"id": "704345914710892545", "text": "Hoy estaremos atentos a como Roberto Navarro en @C5N nos dice que su patr\u00f3n Crist\u00f3bal L\u00f3pez \"viene por tu laburo\". #CN23 #Despidos", "edit_history_tweet_ids": ["704345914710892545"], "author_id": "1357966351", "created_at": "2016-02-29T16:42:06.000Z"}, {"id": "704343047941836800", "text": "or ahora, solo un juicio ha finalizado con absoluci\u00f3n: el de dos exdirectivos de la CAM (Roberto L\u00f3pez Abad y Juan Ram\u00f3n Avil\u00e9s)", "edit_history_tweet_ids": ["704343047941836800"], "author_id": "3064042240", "created_at": "2016-02-29T16:30:43.000Z"}, {"id": "704340916841160704", "text": "RT @Lopez_Fedee: Escuchar a Pagani decir que Roberto Carlos era vendehumo, es motivo suficiente para cambiar y mirar otra cosa.", "edit_history_tweet_ids": ["704340916841160704"], "author_id": "965175162", "created_at": "2016-02-29T16:22:15.000Z"}, {"id": "704340721525006336", "text": "VENENOTAS  \n\n Roberto L\u00f3pez Delf\u00edn, y sus maletas  \n\n El poder \n\nRoberto L\u00f3pez Delf\u00edn fue un poderoso secretario... https://t.co/8NFqPZFKVJ", "edit_history_tweet_ids": ["704340721525006336"], "author_id": "2485637814", "created_at": "2016-02-29T16:21:28.000Z"}, {"id": "704340357581021184", "text": "Ya estamos al aire! Nuestro invitado de hoy el Dr. Roberto L\u00f3pez", "edit_history_tweet_ids": ["704340357581021184"], "author_id": "4871937495", "created_at": "2016-02-29T16:20:01.000Z"}, {"id": "704340342515089408", "text": "RT @AnimaInocturno: Chicos y los vestidos de Roberto Piazza ad\u00f3nde est\u00e1n? https://t.co/QQ4RNCDbfi", "edit_history_tweet_ids": ["704340342515089408"], "author_id": "253806023", "created_at": "2016-02-29T16:19:58.000Z"}, {"id": "704339800866865152", "text": "RT @kartingmadrid: PODIO CKRC HI-SPEED GP1\nCategor\u00eda +80kg\n1\u00ba Roberto Mu\u00f1oz\n2\u00ba Ra\u00fal L\u00f3pez\n3\u00ba Javier Mart\u00ednez https://t.co/YkgmsGQ6AG", "edit_history_tweet_ids": ["704339800866865152"], "author_id": "908973690", "created_at": "2016-02-29T16:17:49.000Z"}, {"id": "704338368910520320", "text": "PODIO CKRC HI-SPEED GP1\nCategor\u00eda +80kg\n1\u00ba Roberto Mu\u00f1oz\n2\u00ba Ra\u00fal L\u00f3pez\n3\u00ba Javier Mart\u00ednez https://t.co/YkgmsGQ6AG", "edit_history_tweet_ids": ["704338368910520320"], "author_id": "202669409", "created_at": "2016-02-29T16:12:07.000Z"}, {"id": "704331291529973762", "text": "RT @carloscarcione: Solidaridad con Manuel Sutherland, despedido de su cargo docente en la UBV: Roberto L\u00f3pez S\u00e1nchez @cruzcarrillo09 https\u2026", "edit_history_tweet_ids": ["704331291529973762"], "author_id": "3421954371", "created_at": "2016-02-29T15:44:00.000Z"}, {"id": "704327083158155264", "text": "Harto de la corrupci\u00f3n, impunidad y actuaci\u00f3n de Duarte y Amadeo, renuncia al PRI Roberto L\u00f3pez https://t.co/L5TdjxwG8R", "edit_history_tweet_ids": ["704327083158155264"], "author_id": "266040857", "created_at": "2016-02-29T15:27:17.000Z"}, {"id": "704313366551076864", "text": "The rising #ice at #Baikal #Lake ...\nhttps://t.co/LiusLvVX5V https://t.co/QMXfql6ftp", "edit_history_tweet_ids": ["704313366551076864"], "author_id": "239981748", "created_at": "2016-02-29T14:32:46.000Z"}, {"id": "704302434533974016", "text": "Destituir al presidente no es dar un golpe de Estado\n\nPor Roberto L\u00f3pez\n@DrRobertoLopez2 \n\nhttps://t.co/b2ogIAta8c", "edit_history_tweet_ids": ["704302434533974016"], "author_id": "305058336", "created_at": "2016-02-29T13:49:20.000Z"}, {"id": "704302388421775361", "text": "El tucumano Roberto L\u00f3pez, el tatuador de #LioMessi , es un artista con las agujas https://t.co/6SsRzis0Fs", "edit_history_tweet_ids": ["704302388421775361"], "author_id": "86091420", "created_at": "2016-02-29T13:49:09.000Z"}, {"id": "704302207835897856", "text": "Victor Lopez Hernandez Esta Cuenta YA NO Existe Jose Roberto Hidalgo Jose Antonio Arroniz ah\u00ed se los dejo https://t.co/C479SAjiC5", "edit_history_tweet_ids": ["704302207835897856"], "author_id": "290628826", "created_at": "2016-02-29T13:48:26.000Z"}, {"id": "704301789122686976", "text": "El presidente municipal Juventino L\u00f3pez Ayala, acudi\u00f3 en compa\u00f1\u00eda del Lic. Roberto Garc\u00eda Urbano, secretario del... https://t.co/XeoB3AP1wP", "edit_history_tweet_ids": ["704301789122686976"], "author_id": "121577597", "created_at": "2016-02-29T13:46:46.000Z"}, {"id": "704272720415080449", "text": "Triunfo de Enrique L\u00f3pez P\u00e9rez en China y final de Roberto Ortega en Portugal https://t.co/24roCLiXjf", "edit_history_tweet_ids": ["704272720415080449"], "author_id": "1037012576", "created_at": "2016-02-29T11:51:15.000Z"}, {"id": "704271233198788608", "text": "Triunfo de Enrique L\u00f3pez P\u00e9rez en China y final de Roberto Ortega en Portugal https://t.co/WmpIq6q4SW", "edit_history_tweet_ids": ["704271233198788608"], "author_id": "71287196", "created_at": "2016-02-29T11:45:21.000Z"}, {"id": "704240300072558592", "text": "RT @FuntsProject: \"las personas somos como un r\u00edo en constante cambio\"- \"Ser uno/a mismo/a\" por @rlcanas https://t.co/cxoZml9dUN", "edit_history_tweet_ids": ["704240300072558592"], "author_id": "16526175", "created_at": "2016-02-29T09:42:26.000Z"}, {"id": "704237298188218368", "text": "\"las personas somos como un r\u00edo en constante cambio\"- \"Ser uno/a mismo/a\" por @rlcanas https://t.co/cxoZml9dUN", "edit_history_tweet_ids": ["704237298188218368"], "author_id": "2361356292", "created_at": "2016-02-29T09:30:30.000Z"}, {"id": "704227516274380800", "text": "He comprado: 'La Lib\u00e9lula de Piedra' de Roberto L\u00f3pez-Herrero via @amazon @ElExpecial  https://t.co/kX90KNuoA3", "edit_history_tweet_ids": ["704227516274380800"], "author_id": "346426875", "created_at": "2016-02-29T08:51:38.000Z"}, {"id": "704222107211841536", "text": "@mjesusZemper \u00bfTe interesa este libro? 'La Lib\u00e9lula de Piedra' de Roberto L\u00f3pez-Herrero https://t.co/O01cUOSyRR https://t.co/xPqspkmhEZ", "edit_history_tweet_ids": ["704222107211841536"], "author_id": "3500167696", "created_at": "2016-02-29T08:30:08.000Z"}, {"id": "704170823867740160", "text": "@DiarioDiezHn Watch Roberto Lopez in  and Lamar High School's' match-up on @Hudl https://t.co/mGMZjxLDat #hudl", "edit_history_tweet_ids": ["704170823867740160"], "author_id": "1020134832", "created_at": "2016-02-29T05:06:21.000Z"}, {"id": "704170381335142400", "text": "Por corrupci\u00f3n, impunidad y actuaci\u00f3n de Javier Duarte y Amadeo Flores, renuncia al PRI Roberto L\u00f3pez https://t.co/6rDMbtfbWs #Veracruz", "edit_history_tweet_ids": ["704170381335142400"], "author_id": "201263773", "created_at": "2016-02-29T05:04:36.000Z"}, {"id": "704168110903787522", "text": "Watch Roberto Lopez in  and Houston High School's' match-up on @Hudl https://t.co/zwEU8LsQSX #hudl", "edit_history_tweet_ids": ["704168110903787522"], "author_id": "1020134832", "created_at": "2016-02-29T04:55:35.000Z"}, {"id": "704154342442594305", "text": "#Destacado \u201c\u00bfHoy que toca vieja o viaje?\u201d Frase de Lopez Portillo, lee la columna de @Roberto_MtzH | https://t.co/zQ25JaE63q", "edit_history_tweet_ids": ["704154342442594305"], "author_id": "3022782373", "created_at": "2016-02-29T04:00:52.000Z"}, {"id": "704152231436795904", "text": "Que farsa lo de Roberto piazza que dijo q iba a vestir a Lady Gaga, Britney Spears y Jennifer Lopez para los #Oscars", "edit_history_tweet_ids": ["704152231436795904"], "author_id": "467158674", "created_at": "2016-02-29T03:52:29.000Z"}, {"id": "704129759954014208", "text": "NO OLVIDAR https://t.co/gB044UjEj5", "edit_history_tweet_ids": ["704129759954014208"], "author_id": "61989906", "created_at": "2016-02-29T02:23:11.000Z"}, {"id": "704121147474968576", "text": "RT @MRALBERTROCK: @robertoofarrill \nGracias Roberto por otro gran programa\nY tu gran invitado Lopez Padilla!!", "edit_history_tweet_ids": ["704121147474968576"], "author_id": "254309681", "created_at": "2016-02-29T01:48:58.000Z"}, {"id": "704119655904976898", "text": "#MaravillasDeDios \n\nAtardecer en #SantaCruzDelQuich\u00e9 \n\nFoto: Roberto L\u00f3pez https://t.co/rwJd55sbkE", "edit_history_tweet_ids": ["704119655904976898"], "author_id": "70409481", "created_at": "2016-02-29T01:43:02.000Z"}, {"id": "704116946921517056", "text": "RT @AnimaInocturno: Chicos y los vestidos de Roberto Piazza ad\u00f3nde est\u00e1n? https://t.co/QQ4RNCDbfi", "edit_history_tweet_ids": ["704116946921517056"], "author_id": "136036544", "created_at": "2016-02-29T01:32:16.000Z"}, {"id": "704115161162973185", "text": "RT @AnimaInocturno: Chicos y los vestidos de Roberto Piazza ad\u00f3nde est\u00e1n? https://t.co/QQ4RNCDbfi", "edit_history_tweet_ids": ["704115161162973185"], "author_id": "22112312", "created_at": "2016-02-29T01:25:10.000Z"}, {"id": "704114883340705792", "text": "@BautiGG Tambi\u00e9n se habr\u00e1 puesto un Roberto Piazza como no hicieron \u00e9stas? https://t.co/QQ4RNCDbfi", "edit_history_tweet_ids": ["704114883340705792"], "author_id": "1551066727", "created_at": "2016-02-29T01:24:04.000Z"}, {"id": "704114487297773568", "text": "@Krocita Vos que est\u00e1s respondiendo los pedidos. Buscame estos vestidos por favor https://t.co/QQ4RNCDbfi", "edit_history_tweet_ids": ["704114487297773568"], "author_id": "1551066727", "created_at": "2016-02-29T01:22:30.000Z"}, {"id": "704113735477153792", "text": "@ferigle No te preocupes por ahora  no aparecieron los vestidos de Roberto Piazza https://t.co/QQ4RNCDbfi", "edit_history_tweet_ids": ["704113735477153792"], "author_id": "1551066727", "created_at": "2016-02-29T01:19:30.000Z"}, {"id": "704113469692485632", "text": "RT @AnimaInocturno: Chicos y los vestidos de Roberto Piazza ad\u00f3nde est\u00e1n? https://t.co/QQ4RNCDbfi", "edit_history_tweet_ids": ["704113469692485632"], "author_id": "1664766218", "created_at": "2016-02-29T01:18:27.000Z"}, {"id": "704113131618963456", "text": "RT @AnimaInocturno: Chicos y los vestidos de Roberto Piazza ad\u00f3nde est\u00e1n? https://t.co/QQ4RNCDbfi", "edit_history_tweet_ids": ["704113131618963456"], "author_id": "214226972", "created_at": "2016-02-29T01:17:07.000Z"}, {"id": "704112205336322048", "text": "RT @AnimaInocturno: Chicos y los vestidos de Roberto Piazza ad\u00f3nde est\u00e1n? https://t.co/QQ4RNCDbfi", "edit_history_tweet_ids": ["704112205336322048"], "author_id": "47454010", "created_at": "2016-02-29T01:13:26.000Z"}], "meta": {"newest_id": "704393445994053632", "oldest_id": "704112205336322048", "result_count": 92, "next_token": "1jzu9lk96gu5npw2xnnw3gzl5am96vtj225n905lzwjh"}}