{"data": [{"created_at": "2020-07-06T22:10:07.000Z", "author_id": "758745652335480834", "text": "Per Jeff Sanders, AJ Cassavell, Bernie Wilson, Derek Togerson, and others, the #Padres are scheduled to start the season July 24th at Petco Park against the Arizona Diamondbacks. 6:10pm first pitch.", "id": "1280262780411457536", "edit_history_tweet_ids": ["1280262780411457536"]}, {"created_at": "2020-07-06T22:09:13.000Z", "author_id": "2923177322", "text": "RT @JimmyGsBurner: Most 25+ Yard Completions 2016-19\n\n1. Kirk Cousins (143)\n2. Tom Brady (138)\nt3. Russell Wilson (137)\nt3. Philip Rivers (\u2026", "id": "1280262553894084608", "edit_history_tweet_ids": ["1280262553894084608"]}, {"created_at": "2020-07-06T22:04:42.000Z", "author_id": "744910808887472129", "text": "RT @JimmyGsBurner: Most 25+ Yard Completions 2016-19\n\n1. Kirk Cousins (143)\n2. Tom Brady (138)\nt3. Russell Wilson (137)\nt3. Philip Rivers (\u2026", "id": "1280261415606026240", "edit_history_tweet_ids": ["1280261415606026240"]}, {"created_at": "2020-07-06T21:57:31.000Z", "author_id": "2922376630", "text": "RT @JimmyGsBurner: Most 25+ Yard Completions 2016-19\n\n1. Kirk Cousins (143)\n2. Tom Brady (138)\nt3. Russell Wilson (137)\nt3. Philip Rivers (\u2026", "id": "1280259607491903494", "edit_history_tweet_ids": ["1280259607491903494"]}, {"created_at": "2020-07-06T21:56:03.000Z", "author_id": "832762516929343489", "text": "RT @JimmyGsBurner: Most 25+ Yard Completions 2016-19\n\n1. Kirk Cousins (143)\n2. Tom Brady (138)\nt3. Russell Wilson (137)\nt3. Philip Rivers (\u2026", "id": "1280259238359633922", "edit_history_tweet_ids": ["1280259238359633922"]}, {"created_at": "2020-07-06T21:52:17.000Z", "author_id": "1403969504", "text": "RT @JimmyGsBurner: Most 25+ Yard Completions 2016-19\n\n1. Kirk Cousins (143)\n2. Tom Brady (138)\nt3. Russell Wilson (137)\nt3. Philip Rivers (\u2026", "id": "1280258292791508992", "edit_history_tweet_ids": ["1280258292791508992"]}, {"created_at": "2020-07-06T21:51:52.000Z", "author_id": "1216317780926042113", "text": "RT @iamperscoba: Congratulations to 7 newly qualified Doctors from KNUST.\n\nDoctors Bobby Brown, Isaac Ahorklo, Derek Wilson Adolwine, Danie\u2026", "id": "1280258186671534081", "edit_history_tweet_ids": ["1280258186671534081"]}, {"created_at": "2020-07-06T21:51:22.000Z", "author_id": "2546985330", "text": "RT @JimmyGsBurner: Most 25+ Yard Completions 2016-19\n\n1. Kirk Cousins (143)\n2. Tom Brady (138)\nt3. Russell Wilson (137)\nt3. Philip Rivers (\u2026", "id": "1280258060221583360", "edit_history_tweet_ids": ["1280258060221583360"]}, {"created_at": "2020-07-06T21:43:05.000Z", "author_id": "1268957229220233217", "text": "RT @JimmyGsBurner: Most 25+ Yard Completions 2016-19\n\n1. Kirk Cousins (143)\n2. Tom Brady (138)\nt3. Russell Wilson (137)\nt3. Philip Rivers (\u2026", "id": "1280255977674223617", "edit_history_tweet_ids": ["1280255977674223617"]}, {"created_at": "2020-07-06T21:28:14.000Z", "author_id": "627330571", "text": "RT @JimmyGsBurner: Most 25+ Yard Completions 2016-19\n\n1. Kirk Cousins (143)\n2. Tom Brady (138)\nt3. Russell Wilson (137)\nt3. Philip Rivers (\u2026", "id": "1280252240473788426", "edit_history_tweet_ids": ["1280252240473788426"]}, {"created_at": "2020-07-06T21:12:19.000Z", "author_id": "893142075067256832", "text": "RT @JimmyGsBurner: Most 25+ Yard Completions 2016-19\n\n1. Kirk Cousins (143)\n2. Tom Brady (138)\nt3. Russell Wilson (137)\nt3. Philip Rivers (\u2026", "id": "1280248232636026887", "edit_history_tweet_ids": ["1280248232636026887"]}, {"created_at": "2020-07-06T21:12:08.000Z", "author_id": "85734428", "text": "RT @JimmyGsBurner: Most 25+ Yard Completions 2016-19\n\n1. Kirk Cousins (143)\n2. Tom Brady (138)\nt3. Russell Wilson (137)\nt3. Philip Rivers (\u2026", "id": "1280248189816172544", "edit_history_tweet_ids": ["1280248189816172544"]}, {"created_at": "2020-07-06T21:06:36.000Z", "author_id": "980884856359014402", "text": "RT @JimmyGsBurner: Most 25+ Yard Completions 2016-19\n\n1. Kirk Cousins (143)\n2. Tom Brady (138)\nt3. Russell Wilson (137)\nt3. Philip Rivers (\u2026", "id": "1280246797110259718", "edit_history_tweet_ids": ["1280246797110259718"]}, {"created_at": "2020-07-06T20:51:24.000Z", "author_id": "2943226923", "text": "RT @JimmyGsBurner: Most 25+ Yard Completions 2016-19\n\n1. Kirk Cousins (143)\n2. Tom Brady (138)\nt3. Russell Wilson (137)\nt3. Philip Rivers (\u2026", "id": "1280242969631744007", "edit_history_tweet_ids": ["1280242969631744007"]}, {"created_at": "2020-07-06T20:48:34.000Z", "author_id": "1177598418048471041", "text": "RT @JimmyGsBurner: Most 25+ Yard Completions 2016-19\n\n1. Kirk Cousins (143)\n2. Tom Brady (138)\nt3. Russell Wilson (137)\nt3. Philip Rivers (\u2026", "id": "1280242255484387331", "edit_history_tweet_ids": ["1280242255484387331"]}, {"created_at": "2020-07-06T20:44:39.000Z", "author_id": "476449369", "text": "RT @JimmyGsBurner: Most 25+ Yard Completions 2016-19\n\n1. Kirk Cousins (143)\n2. Tom Brady (138)\nt3. Russell Wilson (137)\nt3. Philip Rivers (\u2026", "id": "1280241272679251974", "edit_history_tweet_ids": ["1280241272679251974"]}, {"created_at": "2020-07-06T20:42:47.000Z", "author_id": "976648050134437888", "text": "RT @JimmyGsBurner: Most 25+ Yard Completions 2016-19\n\n1. Kirk Cousins (143)\n2. Tom Brady (138)\nt3. Russell Wilson (137)\nt3. Philip Rivers (\u2026", "id": "1280240803265331200", "edit_history_tweet_ids": ["1280240803265331200"]}, {"created_at": "2020-07-06T20:42:32.000Z", "author_id": "1548413617", "text": "RT @JimmyGsBurner: Most 25+ Yard Completions 2016-19\n\n1. Kirk Cousins (143)\n2. Tom Brady (138)\nt3. Russell Wilson (137)\nt3. Philip Rivers (\u2026", "id": "1280240739482505223", "edit_history_tweet_ids": ["1280240739482505223"]}, {"created_at": "2020-07-06T20:39:38.000Z", "author_id": "219688720", "text": "RT @JimmyGsBurner: Most 25+ Yard Completions 2016-19\n\n1. Kirk Cousins (143)\n2. Tom Brady (138)\nt3. Russell Wilson (137)\nt3. Philip Rivers (\u2026", "id": "1280240009094848513", "edit_history_tweet_ids": ["1280240009094848513"]}, {"created_at": "2020-07-06T20:38:06.000Z", "author_id": "1183504034734448641", "text": "RT @JimmyGsBurner: Most 25+ Yard Completions 2016-19\n\n1. Kirk Cousins (143)\n2. Tom Brady (138)\nt3. Russell Wilson (137)\nt3. Philip Rivers (\u2026", "id": "1280239621662703626", "edit_history_tweet_ids": ["1280239621662703626"]}, {"created_at": "2020-07-06T20:37:05.000Z", "author_id": "138642303", "text": "RT @JimmyGsBurner: Most 25+ Yard Completions 2016-19\n\n1. Kirk Cousins (143)\n2. Tom Brady (138)\nt3. Russell Wilson (137)\nt3. Philip Rivers (\u2026", "id": "1280239366405853186", "edit_history_tweet_ids": ["1280239366405853186"]}, {"created_at": "2020-07-06T20:31:15.000Z", "author_id": "1144778536533864451", "text": "RT @JimmyGsBurner: Most 25+ Yard Completions 2016-19\n\n1. Kirk Cousins (143)\n2. Tom Brady (138)\nt3. Russell Wilson (137)\nt3. Philip Rivers (\u2026", "id": "1280237900014268424", "edit_history_tweet_ids": ["1280237900014268424"]}, {"created_at": "2020-07-06T20:22:33.000Z", "author_id": "394043217", "text": "RT @iamperscoba: Congratulations to 7 newly qualified Doctors from KNUST.\n\nDoctors Bobby Brown, Isaac Ahorklo, Derek Wilson Adolwine, Danie\u2026", "id": "1280235709782163458", "edit_history_tweet_ids": ["1280235709782163458"]}, {"created_at": "2020-07-06T20:13:26.000Z", "author_id": "464967418", "text": "RT @JimmyGsBurner: Most 25+ Yard Completions 2016-19\n\n1. Kirk Cousins (143)\n2. Tom Brady (138)\nt3. Russell Wilson (137)\nt3. Philip Rivers (\u2026", "id": "1280233415237939200", "edit_history_tweet_ids": ["1280233415237939200"]}, {"created_at": "2020-07-06T19:44:08.000Z", "author_id": "727606281272496131", "text": "RT @JimmyGsBurner: Most 25+ Yard Completions 2016-19\n\n1. Kirk Cousins (143)\n2. Tom Brady (138)\nt3. Russell Wilson (137)\nt3. Philip Rivers (\u2026", "id": "1280226042620383232", "edit_history_tweet_ids": ["1280226042620383232"]}, {"created_at": "2020-07-06T19:22:28.000Z", "author_id": "1223452524", "text": "RT @DustBaker: Most 25+ Yard Completions, since 2016:\n\n1. Kirk Cousins (143)\n2. Tom Brady (138)\nt3. Russell Wilson (137)\nt3. Philip Rivers\u2026", "id": "1280220590121594883", "edit_history_tweet_ids": ["1280220590121594883"]}, {"created_at": "2020-07-06T19:15:31.000Z", "author_id": "217311158", "text": "RT @JimmyGsBurner: Most 25+ Yard Completions 2016-19\n\n1. Kirk Cousins (143)\n2. Tom Brady (138)\nt3. Russell Wilson (137)\nt3. Philip Rivers (\u2026", "id": "1280218841734434817", "edit_history_tweet_ids": ["1280218841734434817"]}, {"created_at": "2020-07-06T19:14:17.000Z", "author_id": "161168490", "text": "RT @JimmyGsBurner: Most 25+ Yard Completions 2016-19\n\n1. Kirk Cousins (143)\n2. Tom Brady (138)\nt3. Russell Wilson (137)\nt3. Philip Rivers (\u2026", "id": "1280218530173067264", "edit_history_tweet_ids": ["1280218530173067264"]}, {"created_at": "2020-07-06T19:13:07.000Z", "author_id": "1279756524596969472", "text": "RT @JimmyGsBurner: Most 25+ Yard Completions 2016-19\n\n1. Kirk Cousins (143)\n2. Tom Brady (138)\nt3. Russell Wilson (137)\nt3. Philip Rivers (\u2026", "id": "1280218238123737092", "edit_history_tweet_ids": ["1280218238123737092"]}, {"created_at": "2020-07-06T19:04:04.000Z", "author_id": "220534167", "text": "RT @devinnotbooker: Amy Cooper has been indicted but I'll sleep easier when these names are indicted:\n\n- Ofc Garrett Rolfe\n- Ofc Derek Chau\u2026", "id": "1280215959383314432", "edit_history_tweet_ids": ["1280215959383314432"]}, {"created_at": "2020-07-06T19:03:01.000Z", "author_id": "1272267141580980224", "text": "Amy Cooper has been indicted but I'll sleep easier when these names are indicted:\n\n- Ofc Garrett Rolfe\n- Ofc Derek Chauvin\n- Ofc Aaron Dean\n- Ofc David Ried\n- Ofc Jeronimo Yanez\n- Ofc Blane Salmoni\n- Sgt Percy Dupra\n- Ofc Daniel Pantaleo\n- Ofc Timothy Loehmann\n- Ofc Darren Wilson https://t.co/vqGgj2WgIM", "id": "1280215696329318400", "edit_history_tweet_ids": ["1280215696329318400"]}, {"created_at": "2020-07-06T18:58:26.000Z", "author_id": "192052677", "text": "RT @matthewpouliot: Highest ever HBP rate, min. 1,000 PA\n\nBrandon Guyer: .057\nHughie Jennings: .051\nDerek Dietrich: .048\nF.P. Santangelo: .\u2026", "id": "1280214541272571911", "edit_history_tweet_ids": ["1280214541272571911"]}, {"created_at": "2020-07-06T18:56:51.000Z", "author_id": "43639053", "text": "RT @DustBaker: Most 25+ Yard Completions, since 2016:\n\n1. Kirk Cousins (143)\n2. Tom Brady (138)\nt3. Russell Wilson (137)\nt3. Philip Rivers\u2026", "id": "1280214141232390152", "edit_history_tweet_ids": ["1280214141232390152"]}, {"created_at": "2020-07-06T18:41:25.000Z", "author_id": "1654188156", "text": "RT @JimmyGsBurner: Most 25+ Yard Completions 2016-19\n\n1. Kirk Cousins (143)\n2. Tom Brady (138)\nt3. Russell Wilson (137)\nt3. Philip Rivers (\u2026", "id": "1280210260091961351", "edit_history_tweet_ids": ["1280210260091961351"]}, {"created_at": "2020-07-06T18:38:33.000Z", "author_id": "185073082", "text": "RT @matthewpouliot: Highest ever HBP rate, min. 1,000 PA\n\nBrandon Guyer: .057\nHughie Jennings: .051\nDerek Dietrich: .048\nF.P. Santangelo: .\u2026", "id": "1280209538516484098", "edit_history_tweet_ids": ["1280209538516484098"]}, {"created_at": "2020-07-06T18:31:29.000Z", "author_id": "306442319", "text": "RT @matthewpouliot: Highest ever HBP rate, min. 1,000 PA\n\nBrandon Guyer: .057\nHughie Jennings: .051\nDerek Dietrich: .048\nF.P. Santangelo: .\u2026", "id": "1280207758206414848", "edit_history_tweet_ids": ["1280207758206414848"]}, {"created_at": "2020-07-06T18:20:48.000Z", "author_id": "2400470996", "text": "RT @iamperscoba: Congratulations to 7 newly qualified Doctors from KNUST.\n\nDoctors Bobby Brown, Isaac Ahorklo, Derek Wilson Adolwine, Danie\u2026", "id": "1280205070399950848", "edit_history_tweet_ids": ["1280205070399950848"]}, {"created_at": "2020-07-06T18:20:36.000Z", "author_id": "718463282248425473", "text": "RT @JimmyGsBurner: Most 25+ Yard Completions 2016-19\n\n1. Kirk Cousins (143)\n2. Tom Brady (138)\nt3. Russell Wilson (137)\nt3. Philip Rivers (\u2026", "id": "1280205020038717440", "edit_history_tweet_ids": ["1280205020038717440"]}, {"created_at": "2020-07-06T18:08:18.000Z", "author_id": "1354907089", "text": "RT @matthewpouliot: Highest ever HBP rate, min. 1,000 PA\n\nBrandon Guyer: .057\nHughie Jennings: .051\nDerek Dietrich: .048\nF.P. Santangelo: .\u2026", "id": "1280201925032587267", "edit_history_tweet_ids": ["1280201925032587267"]}, {"created_at": "2020-07-06T18:07:50.000Z", "author_id": "4922582781", "text": "RT @iamperscoba: Congratulations to 7 newly qualified Doctors from KNUST.\n\nDoctors Bobby Brown, Isaac Ahorklo, Derek Wilson Adolwine, Danie\u2026", "id": "1280201806124060672", "edit_history_tweet_ids": ["1280201806124060672"]}, {"created_at": "2020-07-06T18:06:02.000Z", "author_id": "578123835", "text": "Most 25+ Yard Completions 2016-19\n\n1. Kirk Cousins (143)\n2. Tom Brady (138)\nt3. Russell Wilson (137)\nt3. Philip Rivers (137)\n5. Drew Brees (133)\n6. Matt Ryan (131)\nt7. Jameis Winston (118)\nt7. Aaron Rodgers (118)\n9. Matt Stafford (117)\n10. Derek Carr (115)\n\ndink and dunk lol https://t.co/O5QRyxl4lr", "id": "1280201356033142784", "edit_history_tweet_ids": ["1280201356033142784"]}, {"created_at": "2020-07-06T18:01:54.000Z", "author_id": "441099105", "text": "RT @matthewpouliot: Highest ever HBP rate, min. 1,000 PA\n\nBrandon Guyer: .057\nHughie Jennings: .051\nDerek Dietrich: .048\nF.P. Santangelo: .\u2026", "id": "1280200312679215104", "edit_history_tweet_ids": ["1280200312679215104"]}, {"created_at": "2020-07-06T17:57:13.000Z", "author_id": "2443407791", "text": "RT @matthewpouliot: Highest ever HBP rate, min. 1,000 PA\n\nBrandon Guyer: .057\nHughie Jennings: .051\nDerek Dietrich: .048\nF.P. Santangelo: .\u2026", "id": "1280199133454835712", "edit_history_tweet_ids": ["1280199133454835712"]}, {"created_at": "2020-07-06T17:53:01.000Z", "author_id": "182400354", "text": "RT @matthewpouliot: Highest ever HBP rate, min. 1,000 PA\n\nBrandon Guyer: .057\nHughie Jennings: .051\nDerek Dietrich: .048\nF.P. Santangelo: .\u2026", "id": "1280198080109789185", "edit_history_tweet_ids": ["1280198080109789185"]}, {"created_at": "2020-07-06T17:51:06.000Z", "author_id": "113193643", "text": "RT @matthewpouliot: Highest ever HBP rate, min. 1,000 PA\n\nBrandon Guyer: .057\nHughie Jennings: .051\nDerek Dietrich: .048\nF.P. Santangelo: .\u2026", "id": "1280197598079574018", "edit_history_tweet_ids": ["1280197598079574018"]}, {"created_at": "2020-07-06T17:51:06.000Z", "author_id": "309252249", "text": "RT @matthewpouliot: Highest ever HBP rate, min. 1,000 PA\n\nBrandon Guyer: .057\nHughie Jennings: .051\nDerek Dietrich: .048\nF.P. Santangelo: .\u2026", "id": "1280197597970534403", "edit_history_tweet_ids": ["1280197597970534403"]}, {"created_at": "2020-07-06T17:44:24.000Z", "author_id": "703771740", "text": "RT @matthewpouliot: Highest ever HBP rate, min. 1,000 PA\n\nBrandon Guyer: .057\nHughie Jennings: .051\nDerek Dietrich: .048\nF.P. Santangelo: .\u2026", "id": "1280195912099336193", "edit_history_tweet_ids": ["1280195912099336193"]}, {"created_at": "2020-07-06T17:44:21.000Z", "author_id": "196160782", "text": "RT @iamperscoba: Congratulations to 7 newly qualified Doctors from KNUST.\n\nDoctors Bobby Brown, Isaac Ahorklo, Derek Wilson Adolwine, Danie\u2026", "id": "1280195897683578880", "edit_history_tweet_ids": ["1280195897683578880"]}, {"created_at": "2020-07-06T17:40:50.000Z", "author_id": "143695947", "text": "Most HBP per 600 PA (1000+ PA)\n34.3  Brandon Guyer (85 HBP in 1487 PA)\n30.5  Hughie Jennings (career leader w 287 total)\n29.0  Derek Dietrich (active)\n24.0  F.P. Santangelo\n23.7  Ron Hunt\n23.5  Carlos Quentin\n23.4  Craig Wilson\n22.8  Dan McGann\n22.7  Sal Fasano (KING)", "id": "1280195010609192966", "edit_history_tweet_ids": ["1280195010609192966"]}, {"created_at": "2020-07-06T17:38:18.000Z", "author_id": "1201285532501889024", "text": "RT @matthewpouliot: Highest ever HBP rate, min. 1,000 PA\n\nBrandon Guyer: .057\nHughie Jennings: .051\nDerek Dietrich: .048\nF.P. Santangelo: .\u2026", "id": "1280194376048803840", "edit_history_tweet_ids": ["1280194376048803840"]}, {"created_at": "2020-07-06T17:37:56.000Z", "author_id": "263435143", "text": "RT @matthewpouliot: Highest ever HBP rate, min. 1,000 PA\n\nBrandon Guyer: .057\nHughie Jennings: .051\nDerek Dietrich: .048\nF.P. Santangelo: .\u2026", "id": "1280194281161084928", "edit_history_tweet_ids": ["1280194281161084928"]}, {"created_at": "2020-07-06T17:37:21.000Z", "author_id": "487653289", "text": "RT @matthewpouliot: Highest ever HBP rate, min. 1,000 PA\n\nBrandon Guyer: .057\nHughie Jennings: .051\nDerek Dietrich: .048\nF.P. Santangelo: .\u2026", "id": "1280194134268149766", "edit_history_tweet_ids": ["1280194134268149766"]}, {"created_at": "2020-07-06T17:34:39.000Z", "author_id": "2355888646", "text": "RT @matthewpouliot: Highest ever HBP rate, min. 1,000 PA\n\nBrandon Guyer: .057\nHughie Jennings: .051\nDerek Dietrich: .048\nF.P. Santangelo: .\u2026", "id": "1280193455470383114", "edit_history_tweet_ids": ["1280193455470383114"]}, {"created_at": "2020-07-06T17:34:29.000Z", "author_id": "909476055907491840", "text": "RT @matthewpouliot: Highest ever HBP rate, min. 1,000 PA\n\nBrandon Guyer: .057\nHughie Jennings: .051\nDerek Dietrich: .048\nF.P. Santangelo: .\u2026", "id": "1280193416102543360", "edit_history_tweet_ids": ["1280193416102543360"]}, {"created_at": "2020-07-06T17:34:21.000Z", "author_id": "2158621995", "text": "RT @matthewpouliot: Highest ever HBP rate, min. 1,000 PA\n\nBrandon Guyer: .057\nHughie Jennings: .051\nDerek Dietrich: .048\nF.P. Santangelo: .\u2026", "id": "1280193379377262592", "edit_history_tweet_ids": ["1280193379377262592"]}, {"created_at": "2020-07-06T17:32:07.000Z", "author_id": "112811686", "text": "RT @matthewpouliot: Highest ever HBP rate, min. 1,000 PA\n\nBrandon Guyer: .057\nHughie Jennings: .051\nDerek Dietrich: .048\nF.P. Santangelo: .\u2026", "id": "1280192819790045185", "edit_history_tweet_ids": ["1280192819790045185"]}, {"created_at": "2020-07-06T17:31:45.000Z", "author_id": "926975564984061952", "text": "RT @matthewpouliot: Highest ever HBP rate, min. 1,000 PA\n\nBrandon Guyer: .057\nHughie Jennings: .051\nDerek Dietrich: .048\nF.P. Santangelo: .\u2026", "id": "1280192725049098246", "edit_history_tweet_ids": ["1280192725049098246"]}, {"created_at": "2020-07-06T17:31:38.000Z", "author_id": "4650495737", "text": "RT @matthewpouliot: Highest ever HBP rate, min. 1,000 PA\n\nBrandon Guyer: .057\nHughie Jennings: .051\nDerek Dietrich: .048\nF.P. Santangelo: .\u2026", "id": "1280192697911914496", "edit_history_tweet_ids": ["1280192697911914496"]}, {"created_at": "2020-07-06T17:31:37.000Z", "author_id": "1641904014", "text": "RT @matthewpouliot: Highest ever HBP rate, min. 1,000 PA\n\nBrandon Guyer: .057\nHughie Jennings: .051\nDerek Dietrich: .048\nF.P. Santangelo: .\u2026", "id": "1280192693474295808", "edit_history_tweet_ids": ["1280192693474295808"]}, {"created_at": "2020-07-06T17:31:30.000Z", "author_id": "3027981545", "text": "RT @matthewpouliot: Highest ever HBP rate, min. 1,000 PA\n\nBrandon Guyer: .057\nHughie Jennings: .051\nDerek Dietrich: .048\nF.P. Santangelo: .\u2026", "id": "1280192662939860997", "edit_history_tweet_ids": ["1280192662939860997"]}, {"created_at": "2020-07-06T17:31:29.000Z", "author_id": "848620715184017408", "text": "RT @matthewpouliot: Highest ever HBP rate, min. 1,000 PA\n\nBrandon Guyer: .057\nHughie Jennings: .051\nDerek Dietrich: .048\nF.P. Santangelo: .\u2026", "id": "1280192660100149248", "edit_history_tweet_ids": ["1280192660100149248"]}, {"created_at": "2020-07-06T17:31:22.000Z", "author_id": "985414388248006658", "text": "RT @matthewpouliot: Highest ever HBP rate, min. 1,000 PA\n\nBrandon Guyer: .057\nHughie Jennings: .051\nDerek Dietrich: .048\nF.P. Santangelo: .\u2026", "id": "1280192630907789313", "edit_history_tweet_ids": ["1280192630907789313"]}, {"created_at": "2020-07-06T17:31:07.000Z", "author_id": "38544597", "text": "RT @matthewpouliot: Highest ever HBP rate, min. 1,000 PA\n\nBrandon Guyer: .057\nHughie Jennings: .051\nDerek Dietrich: .048\nF.P. Santangelo: .\u2026", "id": "1280192566181363714", "edit_history_tweet_ids": ["1280192566181363714"]}, {"created_at": "2020-07-06T17:30:55.000Z", "author_id": "90959399", "text": "RT @matthewpouliot: Highest ever HBP rate, min. 1,000 PA\n\nBrandon Guyer: .057\nHughie Jennings: .051\nDerek Dietrich: .048\nF.P. Santangelo: .\u2026", "id": "1280192515640045569", "edit_history_tweet_ids": ["1280192515640045569"]}, {"created_at": "2020-07-06T17:29:34.000Z", "author_id": "59020162", "text": "Highest ever HBP rate, min. 1,000 PA\n\nBrandon Guyer: .057\nHughie Jennings: .051\nDerek Dietrich: .048\nF.P. Santangelo: .040\nRon Hunt: .039\nCarlos Quentin: .039\nCraig Wilson: .039 https://t.co/L1fYBd4PE0", "id": "1280192175620468738", "edit_history_tweet_ids": ["1280192175620468738"]}, {"created_at": "2020-07-06T17:14:40.000Z", "author_id": "3007991063", "text": "RT @iamperscoba: Congratulations to 7 newly qualified Doctors from KNUST.\n\nDoctors Bobby Brown, Isaac Ahorklo, Derek Wilson Adolwine, Danie\u2026", "id": "1280188427141558272", "edit_history_tweet_ids": ["1280188427141558272"]}, {"created_at": "2020-07-06T16:23:04.000Z", "author_id": "705554787", "text": "RT @iamperscoba: Congratulations to 7 newly qualified Doctors from KNUST.\n\nDoctors Bobby Brown, Isaac Ahorklo, Derek Wilson Adolwine, Danie\u2026", "id": "1280175443270930432", "edit_history_tweet_ids": ["1280175443270930432"]}, {"created_at": "2020-07-06T15:52:27.000Z", "author_id": "3390822009", "text": "RT @iamperscoba: Congratulations to 7 newly qualified Doctors from KNUST.\n\nDoctors Bobby Brown, Isaac Ahorklo, Derek Wilson Adolwine, Danie\u2026", "id": "1280167738527408133", "edit_history_tweet_ids": ["1280167738527408133"]}, {"created_at": "2020-07-06T15:26:31.000Z", "author_id": "1105323285267603456", "text": "RT @iamperscoba: Congratulations to 7 newly qualified Doctors from KNUST.\n\nDoctors Bobby Brown, Isaac Ahorklo, Derek Wilson Adolwine, Danie\u2026", "id": "1280161209837400069", "edit_history_tweet_ids": ["1280161209837400069"]}, {"created_at": "2020-07-06T14:17:01.000Z", "author_id": "2374719228", "text": "RT @iamperscoba: Congratulations to 7 newly qualified Doctors from KNUST.\n\nDoctors Bobby Brown, Isaac Ahorklo, Derek Wilson Adolwine, Danie\u2026", "id": "1280143719874932737", "edit_history_tweet_ids": ["1280143719874932737"]}, {"created_at": "2020-07-06T14:02:11.000Z", "author_id": "1499007516", "text": "RT @iamperscoba: Congratulations to 7 newly qualified Doctors from KNUST.\n\nDoctors Bobby Brown, Isaac Ahorklo, Derek Wilson Adolwine, Danie\u2026", "id": "1280139986227134464", "edit_history_tweet_ids": ["1280139986227134464"]}, {"created_at": "2020-07-06T13:59:43.000Z", "author_id": "963924421739208704", "text": "RT @iamperscoba: Congratulations to 7 newly qualified Doctors from KNUST.\n\nDoctors Bobby Brown, Isaac Ahorklo, Derek Wilson Adolwine, Danie\u2026", "id": "1280139365394644994", "edit_history_tweet_ids": ["1280139365394644994"]}, {"created_at": "2020-07-06T13:30:09.000Z", "author_id": "1011742725706743811", "text": "RT @iamperscoba: Congratulations to 7 newly qualified Doctors from KNUST.\n\nDoctors Bobby Brown, Isaac Ahorklo, Derek Wilson Adolwine, Danie\u2026", "id": "1280131927664726019", "edit_history_tweet_ids": ["1280131927664726019"]}, {"created_at": "2020-07-06T12:40:42.000Z", "author_id": "547572116", "text": "RT @iamperscoba: Congratulations to 7 newly qualified Doctors from KNUST.\n\nDoctors Bobby Brown, Isaac Ahorklo, Derek Wilson Adolwine, Danie\u2026", "id": "1280119482334228486", "edit_history_tweet_ids": ["1280119482334228486"]}, {"created_at": "2020-07-06T12:05:06.000Z", "author_id": "737049319", "text": "RT @iamperscoba: Congratulations to 7 newly qualified Doctors from KNUST.\n\nDoctors Bobby Brown, Isaac Ahorklo, Derek Wilson Adolwine, Danie\u2026", "id": "1280110522705248256", "edit_history_tweet_ids": ["1280110522705248256"]}, {"created_at": "2020-07-06T11:33:57.000Z", "author_id": "1028591851308236800", "text": "RT @iamperscoba: Congratulations to 7 newly qualified Doctors from KNUST.\n\nDoctors Bobby Brown, Isaac Ahorklo, Derek Wilson Adolwine, Danie\u2026", "id": "1280102683978936321", "edit_history_tweet_ids": ["1280102683978936321"]}, {"created_at": "2020-07-06T11:31:27.000Z", "author_id": "2752421026", "text": "RT @iamperscoba: Congratulations to 7 newly qualified Doctors from KNUST.\n\nDoctors Bobby Brown, Isaac Ahorklo, Derek Wilson Adolwine, Danie\u2026", "id": "1280102055705796610", "edit_history_tweet_ids": ["1280102055705796610"]}, {"created_at": "2020-07-06T11:30:56.000Z", "author_id": "3123596843", "text": "RT @iamperscoba: Congratulations to 7 newly qualified Doctors from KNUST.\n\nDoctors Bobby Brown, Isaac Ahorklo, Derek Wilson Adolwine, Danie\u2026", "id": "1280101924566716416", "edit_history_tweet_ids": ["1280101924566716416"]}, {"created_at": "2020-07-06T11:20:18.000Z", "author_id": "1147779882992246784", "text": "RT @iamperscoba: Congratulations to 7 newly qualified Doctors from KNUST.\n\nDoctors Bobby Brown, Isaac Ahorklo, Derek Wilson Adolwine, Danie\u2026", "id": "1280099247648657411", "edit_history_tweet_ids": ["1280099247648657411"]}, {"created_at": "2020-07-06T11:01:18.000Z", "author_id": "1489481833", "text": "RT @iamperscoba: Congratulations to 7 newly qualified Doctors from KNUST.\n\nDoctors Bobby Brown, Isaac Ahorklo, Derek Wilson Adolwine, Danie\u2026", "id": "1280094466972487680", "edit_history_tweet_ids": ["1280094466972487680"]}, {"created_at": "2020-07-06T10:35:24.000Z", "author_id": "343363696", "text": "RT @iamperscoba: Congratulations to 7 newly qualified Doctors from KNUST.\n\nDoctors Bobby Brown, Isaac Ahorklo, Derek Wilson Adolwine, Danie\u2026", "id": "1280087948411748353", "edit_history_tweet_ids": ["1280087948411748353"]}, {"created_at": "2020-07-06T09:57:36.000Z", "author_id": "518677492", "text": "RT @iamperscoba: Congratulations to 7 newly qualified Doctors from KNUST.\n\nDoctors Bobby Brown, Isaac Ahorklo, Derek Wilson Adolwine, Danie\u2026", "id": "1280078434237063170", "edit_history_tweet_ids": ["1280078434237063170"]}, {"created_at": "2020-07-06T09:04:03.000Z", "author_id": "906154443577622528", "text": "RT @iamperscoba: Congratulations to 7 newly qualified Doctors from KNUST.\n\nDoctors Bobby Brown, Isaac Ahorklo, Derek Wilson Adolwine, Danie\u2026", "id": "1280064960903753728", "edit_history_tweet_ids": ["1280064960903753728"]}, {"created_at": "2020-07-06T08:38:46.000Z", "author_id": "1638637236", "text": "RT @iamperscoba: Congratulations to 7 newly qualified Doctors from KNUST.\n\nDoctors Bobby Brown, Isaac Ahorklo, Derek Wilson Adolwine, Danie\u2026", "id": "1280058595829338112", "edit_history_tweet_ids": ["1280058595829338112"]}, {"created_at": "2020-07-06T08:22:17.000Z", "author_id": "302285191", "text": "RT @iamperscoba: Congratulations to 7 newly qualified Doctors from KNUST.\n\nDoctors Bobby Brown, Isaac Ahorklo, Derek Wilson Adolwine, Danie\u2026", "id": "1280054449109598209", "edit_history_tweet_ids": ["1280054449109598209"]}, {"created_at": "2020-07-06T07:54:40.000Z", "author_id": "2748864611", "text": "RT @iamperscoba: Congratulations to 7 newly qualified Doctors from KNUST.\n\nDoctors Bobby Brown, Isaac Ahorklo, Derek Wilson Adolwine, Danie\u2026", "id": "1280047497029783553", "edit_history_tweet_ids": ["1280047497029783553"]}, {"created_at": "2020-07-06T07:51:54.000Z", "author_id": "1634056165", "text": "RT @iamperscoba: Congratulations to 7 newly qualified Doctors from KNUST.\n\nDoctors Bobby Brown, Isaac Ahorklo, Derek Wilson Adolwine, Danie\u2026", "id": "1280046804218896385", "edit_history_tweet_ids": ["1280046804218896385"]}, {"created_at": "2020-07-06T07:27:13.000Z", "author_id": "1037725451937034240", "text": "RT @iamperscoba: Congratulations to 7 newly qualified Doctors from KNUST.\n\nDoctors Bobby Brown, Isaac Ahorklo, Derek Wilson Adolwine, Danie\u2026", "id": "1280040590403608578", "edit_history_tweet_ids": ["1280040590403608578"]}, {"created_at": "2020-07-06T07:21:43.000Z", "author_id": "956739871766392832", "text": "RT @iamperscoba: Congratulations to 7 newly qualified Doctors from KNUST.\n\nDoctors Bobby Brown, Isaac Ahorklo, Derek Wilson Adolwine, Danie\u2026", "id": "1280039207562608642", "edit_history_tweet_ids": ["1280039207562608642"]}, {"created_at": "2020-07-06T07:09:19.000Z", "author_id": "737342508", "text": "RT @iamperscoba: Congratulations to 7 newly qualified Doctors from KNUST.\n\nDoctors Bobby Brown, Isaac Ahorklo, Derek Wilson Adolwine, Danie\u2026", "id": "1280036087449243649", "edit_history_tweet_ids": ["1280036087449243649"]}, {"created_at": "2020-07-06T07:02:22.000Z", "author_id": "364357730", "text": "@TheTalkingThumb @UprightSpeedway The thinking was it was a much stronger spark. Most were maid by a friend of Reg Wilson called Derek Hobson who was based in Pennistone near Sheffield. The actual magneto came from a concrete mixer....", "id": "1280034338881572865", "edit_history_tweet_ids": ["1280034338881572865"]}, {"created_at": "2020-07-06T06:36:50.000Z", "author_id": "744662492375285761", "text": "RT @iamperscoba: Congratulations to 7 newly qualified Doctors from KNUST.\n\nDoctors Bobby Brown, Isaac Ahorklo, Derek Wilson Adolwine, Danie\u2026", "id": "1280027913249841153", "edit_history_tweet_ids": ["1280027913249841153"]}, {"created_at": "2020-07-06T06:18:03.000Z", "author_id": "197760843", "text": "RT @iamperscoba: Congratulations to 7 newly qualified Doctors from KNUST.\n\nDoctors Bobby Brown, Isaac Ahorklo, Derek Wilson Adolwine, Danie\u2026", "id": "1280023182515351555", "edit_history_tweet_ids": ["1280023182515351555"]}, {"created_at": "2020-07-06T06:00:28.000Z", "author_id": "351708394", "text": "RT @iamperscoba: Congratulations to 7 newly qualified Doctors from KNUST.\n\nDoctors Bobby Brown, Isaac Ahorklo, Derek Wilson Adolwine, Danie\u2026", "id": "1280018759659540481", "edit_history_tweet_ids": ["1280018759659540481"]}, {"created_at": "2020-07-06T05:36:24.000Z", "author_id": "1141437616434352128", "text": "RT @iamperscoba: Congratulations to 7 newly qualified Doctors from KNUST.\n\nDoctors Bobby Brown, Isaac Ahorklo, Derek Wilson Adolwine, Danie\u2026", "id": "1280012701964603399", "edit_history_tweet_ids": ["1280012701964603399"]}, {"created_at": "2020-07-06T05:12:43.000Z", "author_id": "576769521", "text": "RT @iamperscoba: Congratulations to 7 newly qualified Doctors from KNUST.\n\nDoctors Bobby Brown, Isaac Ahorklo, Derek Wilson Adolwine, Danie\u2026", "id": "1280006743473491969", "edit_history_tweet_ids": ["1280006743473491969"]}, {"created_at": "2020-07-06T04:44:26.000Z", "author_id": "3308374091", "text": "RT @iamperscoba: Congratulations to 7 newly qualified Doctors from KNUST.\n\nDoctors Bobby Brown, Isaac Ahorklo, Derek Wilson Adolwine, Danie\u2026", "id": "1279999626452631552", "edit_history_tweet_ids": ["1279999626452631552"]}, {"created_at": "2020-07-06T04:42:10.000Z", "author_id": "288477950", "text": "RT @iamperscoba: Congratulations to 7 newly qualified Doctors from KNUST.\n\nDoctors Bobby Brown, Isaac Ahorklo, Derek Wilson Adolwine, Danie\u2026", "id": "1279999055964274691", "edit_history_tweet_ids": ["1279999055964274691"]}, {"created_at": "2020-07-06T02:25:10.000Z", "author_id": "515947462", "text": "RT @iamperscoba: Congratulations to 7 newly qualified Doctors from KNUST.\n\nDoctors Bobby Brown, Isaac Ahorklo, Derek Wilson Adolwine, Danie\u2026", "id": "1279964577149534208", "edit_history_tweet_ids": ["1279964577149534208"]}], "meta": {"newest_id": "1280262780411457536", "oldest_id": "1279964577149534208", "result_count": 99, "next_token": "b26v89c19zqg8o3fo7ggheo4pg5ewzegmobuhe74lolml"}}