{"data": [{"created_at": "2020-06-28T16:08:10.000Z", "text": "RT @LACourtReport: The 1990 NBA Draft was 30 years ago yesterday. Selected in that draft were Elden Campbell, Trevor Wilson, Sean Higgins,\u2026", "author_id": "2605799060", "edit_history_tweet_ids": ["1277272588109004801"], "id": "1277272588109004801"}, {"created_at": "2020-06-28T16:01:41.000Z", "text": "RT @DonChed54: Jack Wilson was a significantly better defensive shortstop than Derek Jeter. Just an FYI for everyone", "author_id": "2715156240", "edit_history_tweet_ids": ["1277270958819160067"], "id": "1277270958819160067"}, {"created_at": "2020-06-28T15:08:56.000Z", "text": "The 1990 NBA Draft was 30 years ago yesterday. Selected in that draft were Elden Campbell, Trevor Wilson, Sean Higgins, Derek Strong, Cedric Ceballos and Jud Buechler.", "author_id": "855589601833910275", "edit_history_tweet_ids": ["1277257684463480841"], "id": "1277257684463480841"}, {"created_at": "2020-06-28T14:40:12.000Z", "text": "RT @smokeylaroyjr: When cops start turning up dead, which I believe will be soon, it\u2019s the fault of people like these. Like Derek Chauvin.\u2026", "author_id": "229620257", "edit_history_tweet_ids": ["1277250451583492096"], "id": "1277250451583492096"}, {"created_at": "2020-06-28T13:49:53.000Z", "text": "RT @thatSECpodcast: Who will be the SEC\u2019s best defensive player in 2020?\n\nOur top candidates:\n\n\ud83d\udc2fDerek Stingley Jr.\n\ud83d\udc0aMarco Wilson\n\ud83c\udf4aHenry To'\u2026", "author_id": "2723078965", "edit_history_tweet_ids": ["1277237790254612480"], "id": "1277237790254612480"}, {"created_at": "2020-06-28T13:46:23.000Z", "text": "When cops start turning up dead, which I believe will be soon, it\u2019s the fault of people like these. Like Derek Chauvin. Like Darren Wilson. A war is coming. https://t.co/5osHC4hTfR", "author_id": "78159650", "edit_history_tweet_ids": ["1277236908960120832"], "id": "1277236908960120832"}, {"created_at": "2020-06-28T06:29:06.000Z", "text": "RT @thatSECpodcast: Who will be the SEC\u2019s best defensive player in 2020?\n\nOur top candidates:\n\n\ud83d\udc2fDerek Stingley Jr.\n\ud83d\udc0aMarco Wilson\n\ud83c\udf4aHenry To'\u2026", "author_id": "967951819757555713", "edit_history_tweet_ids": ["1277126861710123008"], "id": "1277126861710123008"}, {"created_at": "2020-06-28T04:15:56.000Z", "text": "RT @DonChed54: Jack Wilson was a significantly better defensive shortstop than Derek Jeter. Just an FYI for everyone", "author_id": "2949940991", "edit_history_tweet_ids": ["1277093348889763840"], "id": "1277093348889763840"}, {"created_at": "2020-06-28T02:52:22.000Z", "text": "RT @DonChed54: Jack Wilson was a significantly better defensive shortstop than Derek Jeter. Just an FYI for everyone", "author_id": "263391162", "edit_history_tweet_ids": ["1277072320289480707"], "id": "1277072320289480707"}, {"created_at": "2020-06-28T02:26:38.000Z", "text": "RT @DonChed54: Jack Wilson was a significantly better defensive shortstop than Derek Jeter. Just an FYI for everyone", "author_id": "338087729", "edit_history_tweet_ids": ["1277065844854599681"], "id": "1277065844854599681"}, {"created_at": "2020-06-28T01:01:10.000Z", "text": "RT @DonChed54: Jack Wilson was a significantly better defensive shortstop than Derek Jeter. Just an FYI for everyone", "author_id": "245124905", "edit_history_tweet_ids": ["1277044334047703041"], "id": "1277044334047703041"}, {"created_at": "2020-06-28T00:51:51.000Z", "text": "RT @DonChed54: Jack Wilson was a significantly better defensive shortstop than Derek Jeter. Just an FYI for everyone", "author_id": "4532722939", "edit_history_tweet_ids": ["1277041992137150464"], "id": "1277041992137150464"}], "meta": {"newest_id": "1277272588109004801", "oldest_id": "1277041992137150464", "result_count": 12}}