{"data": [{"created_at": "2020-07-07T00:53:20.000Z", "text": "RT @JimmyGsBurner: Most 25+ Yard Completions 2016-19\n\n1. Kirk Cousins (143)\n2. Tom Brady (138)\nt3. Russell Wilson (137)\nt3. Philip Rivers (\u2026", "author_id": "3173716381", "id": "1280303854311993344", "edit_history_tweet_ids": ["1280303854311993344"]}, {"created_at": "2020-07-07T00:44:41.000Z", "text": "RT @PaulHembo: Longest active streaks of 50+ QBR \n(0-to-100 scale):\n\nPatrick Mahomes (36)\nMatthew Stafford (9)\nDerek Carr (4)\nRussell Wilso\u2026", "author_id": "303951579", "id": "1280301675815882753", "edit_history_tweet_ids": ["1280301675815882753"]}, {"created_at": "2020-07-07T00:43:26.000Z", "text": "RT @JimmyGsBurner: Most 25+ Yard Completions 2016-19\n\n1. Kirk Cousins (143)\n2. Tom Brady (138)\nt3. Russell Wilson (137)\nt3. Philip Rivers (\u2026", "author_id": "536800255", "id": "1280301363407265792", "edit_history_tweet_ids": ["1280301363407265792"]}, {"created_at": "2020-07-07T00:43:12.000Z", "text": "RT @PaulHembo: Longest active streaks of 50+ QBR \n(0-to-100 scale):\n\nPatrick Mahomes (36)\nMatthew Stafford (9)\nDerek Carr (4)\nRussell Wilso\u2026", "author_id": "195365430", "id": "1280301302527000577", "edit_history_tweet_ids": ["1280301302527000577"]}, {"created_at": "2020-07-07T00:42:45.000Z", "text": "RT @JimmyGsBurner: Most 25+ Yard Completions 2016-19\n\n1. Kirk Cousins (143)\n2. Tom Brady (138)\nt3. Russell Wilson (137)\nt3. Philip Rivers (\u2026", "author_id": "2762141244", "id": "1280301190878769155", "edit_history_tweet_ids": ["1280301190878769155"]}, {"created_at": "2020-07-07T00:39:40.000Z", "text": "RT @iamperscoba: Congratulations to 7 newly qualified Doctors from KNUST.\n\nDoctors Bobby Brown, Isaac Ahorklo, Derek Wilson Adolwine, Danie\u2026", "author_id": "1001933453452087296", "id": "1280300416094416897", "edit_history_tweet_ids": ["1280300416094416897"]}, {"created_at": "2020-07-07T00:39:29.000Z", "text": "RT @JimmyGsBurner: Most 25+ Yard Completions 2016-19\n\n1. Kirk Cousins (143)\n2. Tom Brady (138)\nt3. Russell Wilson (137)\nt3. Philip Rivers (\u2026", "author_id": "64088557", "id": "1280300368790876160", "edit_history_tweet_ids": ["1280300368790876160"]}, {"created_at": "2020-07-07T00:38:32.000Z", "text": "RT @iamperscoba: Congratulations to 7 newly qualified Doctors from KNUST.\n\nDoctors Bobby Brown, Isaac Ahorklo, Derek Wilson Adolwine, Danie\u2026", "author_id": "1141688084330946560", "id": "1280300128188928007", "edit_history_tweet_ids": ["1280300128188928007"]}, {"created_at": "2020-07-07T00:36:12.000Z", "text": "RT @iamperscoba: Congratulations to 7 newly qualified Doctors from KNUST.\n\nDoctors Bobby Brown, Isaac Ahorklo, Derek Wilson Adolwine, Danie\u2026", "author_id": "2928818543", "id": "1280299544169848832", "edit_history_tweet_ids": ["1280299544169848832"]}, {"created_at": "2020-07-07T00:34:01.000Z", "text": "RT @JimmyGsBurner: Most 25+ Yard Completions 2016-19\n\n1. Kirk Cousins (143)\n2. Tom Brady (138)\nt3. Russell Wilson (137)\nt3. Philip Rivers (\u2026", "author_id": "940479067", "id": "1280298995227729922", "edit_history_tweet_ids": ["1280298995227729922"]}, {"created_at": "2020-07-07T00:32:14.000Z", "text": "RT @PaulHembo: Longest active streaks of 50+ QBR \n(0-to-100 scale):\n\nPatrick Mahomes (36)\nMatthew Stafford (9)\nDerek Carr (4)\nRussell Wilso\u2026", "author_id": "793350882", "id": "1280298543643754497", "edit_history_tweet_ids": ["1280298543643754497"]}, {"created_at": "2020-07-07T00:31:13.000Z", "text": "RT @PaulHembo: Longest active streaks of 50+ QBR \n(0-to-100 scale):\n\nPatrick Mahomes (36)\nMatthew Stafford (9)\nDerek Carr (4)\nRussell Wilso\u2026", "author_id": "270496663", "id": "1280298287401222144", "edit_history_tweet_ids": ["1280298287401222144"]}, {"created_at": "2020-07-07T00:29:20.000Z", "text": "RT @PaulHembo: Longest active streaks of 50+ QBR \n(0-to-100 scale):\n\nPatrick Mahomes (36)\nMatthew Stafford (9)\nDerek Carr (4)\nRussell Wilso\u2026", "author_id": "1152988848038842368", "id": "1280297816548691974", "edit_history_tweet_ids": ["1280297816548691974"]}, {"created_at": "2020-07-07T00:27:53.000Z", "text": "RT @PaulHembo: Longest active streaks of 50+ QBR \n(0-to-100 scale):\n\nPatrick Mahomes (36)\nMatthew Stafford (9)\nDerek Carr (4)\nRussell Wilso\u2026", "author_id": "151210783", "id": "1280297449140228098", "edit_history_tweet_ids": ["1280297449140228098"]}, {"created_at": "2020-07-07T00:26:54.000Z", "text": "RT @PaulHembo: Longest active streaks of 50+ QBR \n(0-to-100 scale):\n\nPatrick Mahomes (36)\nMatthew Stafford (9)\nDerek Carr (4)\nRussell Wilso\u2026", "author_id": "513495235", "id": "1280297203119140864", "edit_history_tweet_ids": ["1280297203119140864"]}, {"created_at": "2020-07-07T00:25:48.000Z", "text": "RT @JimmyGsBurner: Most 25+ Yard Completions 2016-19\n\n1. Kirk Cousins (143)\n2. Tom Brady (138)\nt3. Russell Wilson (137)\nt3. Philip Rivers (\u2026", "author_id": "296577996", "id": "1280296926521503744", "edit_history_tweet_ids": ["1280296926521503744"]}, {"created_at": "2020-07-07T00:21:24.000Z", "text": "RT @PaulHembo: Longest active streaks of 50+ QBR \n(0-to-100 scale):\n\nPatrick Mahomes (36)\nMatthew Stafford (9)\nDerek Carr (4)\nRussell Wilso\u2026", "author_id": "1205307000063774720", "id": "1280295817639796737", "edit_history_tweet_ids": ["1280295817639796737"]}, {"created_at": "2020-07-07T00:21:10.000Z", "text": "RT @JimmyGsBurner: Most 25+ Yard Completions 2016-19\n\n1. Kirk Cousins (143)\n2. Tom Brady (138)\nt3. Russell Wilson (137)\nt3. Philip Rivers (\u2026", "author_id": "2732475078", "id": "1280295761507487747", "edit_history_tweet_ids": ["1280295761507487747"]}, {"created_at": "2020-07-07T00:19:50.000Z", "text": "RT @PaulHembo: Longest active streaks of 50+ QBR \n(0-to-100 scale):\n\nPatrick Mahomes (36)\nMatthew Stafford (9)\nDerek Carr (4)\nRussell Wilso\u2026", "author_id": "1109398195", "id": "1280295422720987136", "edit_history_tweet_ids": ["1280295422720987136"]}, {"created_at": "2020-07-07T00:12:57.000Z", "text": "RT @PaulHembo: Longest active streaks of 50+ QBR \n(0-to-100 scale):\n\nPatrick Mahomes (36)\nMatthew Stafford (9)\nDerek Carr (4)\nRussell Wilso\u2026", "author_id": "2533217504", "id": "1280293691668803585", "edit_history_tweet_ids": ["1280293691668803585"]}, {"created_at": "2020-07-07T00:12:24.000Z", "text": "RT @PaulHembo: Longest active streaks of 50+ QBR \n(0-to-100 scale):\n\nPatrick Mahomes (36)\nMatthew Stafford (9)\nDerek Carr (4)\nRussell Wilso\u2026", "author_id": "712456781151211526", "id": "1280293553416142848", "edit_history_tweet_ids": ["1280293553416142848"]}, {"created_at": "2020-07-07T00:11:57.000Z", "text": "RT @PaulHembo: Longest active streaks of 50+ QBR \n(0-to-100 scale):\n\nPatrick Mahomes (36)\nMatthew Stafford (9)\nDerek Carr (4)\nRussell Wilso\u2026", "author_id": "67334254", "id": "1280293440824246272", "edit_history_tweet_ids": ["1280293440824246272"]}, {"created_at": "2020-07-07T00:10:15.000Z", "text": "RT @PaulHembo: Longest active streaks of 50+ QBR \n(0-to-100 scale):\n\nPatrick Mahomes (36)\nMatthew Stafford (9)\nDerek Carr (4)\nRussell Wilso\u2026", "author_id": "1241902459401846784", "id": "1280293013571305472", "edit_history_tweet_ids": ["1280293013571305472"]}, {"created_at": "2020-07-07T00:08:53.000Z", "text": "RT @PaulHembo: Longest active streaks of 50+ QBR \n(0-to-100 scale):\n\nPatrick Mahomes (36)\nMatthew Stafford (9)\nDerek Carr (4)\nRussell Wilso\u2026", "author_id": "700384014457298945", "id": "1280292668455747585", "edit_history_tweet_ids": ["1280292668455747585"]}, {"created_at": "2020-07-07T00:08:24.000Z", "text": "RT @JimmyGsBurner: Most 25+ Yard Completions 2016-19\n\n1. Kirk Cousins (143)\n2. Tom Brady (138)\nt3. Russell Wilson (137)\nt3. Philip Rivers (\u2026", "author_id": "888427423414595584", "id": "1280292545063346176", "edit_history_tweet_ids": ["1280292545063346176"]}, {"created_at": "2020-07-07T00:07:50.000Z", "text": "RT @JimmyGsBurner: Most 25+ Yard Completions 2016-19\n\n1. Kirk Cousins (143)\n2. Tom Brady (138)\nt3. Russell Wilson (137)\nt3. Philip Rivers (\u2026", "author_id": "836741478", "id": "1280292404030058496", "edit_history_tweet_ids": ["1280292404030058496"]}, {"created_at": "2020-07-07T00:07:16.000Z", "text": "RT @PaulHembo: Longest active streaks of 50+ QBR \n(0-to-100 scale):\n\nPatrick Mahomes (36)\nMatthew Stafford (9)\nDerek Carr (4)\nRussell Wilso\u2026", "author_id": "3067061292", "id": "1280292261280886784", "edit_history_tweet_ids": ["1280292261280886784"]}, {"created_at": "2020-07-07T00:06:51.000Z", "text": "RT @PaulHembo: Longest active streaks of 50+ QBR \n(0-to-100 scale):\n\nPatrick Mahomes (36)\nMatthew Stafford (9)\nDerek Carr (4)\nRussell Wilso\u2026", "author_id": "432132569", "id": "1280292158067613696", "edit_history_tweet_ids": ["1280292158067613696"]}, {"created_at": "2020-07-07T00:06:11.000Z", "text": "RT @PaulHembo: Longest active streaks of 50+ QBR \n(0-to-100 scale):\n\nPatrick Mahomes (36)\nMatthew Stafford (9)\nDerek Carr (4)\nRussell Wilso\u2026", "author_id": "1076707500819447809", "id": "1280291986914848768", "edit_history_tweet_ids": ["1280291986914848768"]}, {"created_at": "2020-07-07T00:02:46.000Z", "text": "RT @PaulHembo: Longest active streaks of 50+ QBR \n(0-to-100 scale):\n\nPatrick Mahomes (36)\nMatthew Stafford (9)\nDerek Carr (4)\nRussell Wilso\u2026", "author_id": "2373941731", "id": "1280291127342571520", "edit_history_tweet_ids": ["1280291127342571520"]}, {"created_at": "2020-07-07T00:00:17.000Z", "text": "RT @PaulHembo: Longest active streaks of 50+ QBR \n(0-to-100 scale):\n\nPatrick Mahomes (36)\nMatthew Stafford (9)\nDerek Carr (4)\nRussell Wilso\u2026", "author_id": "4251726861", "id": "1280290503179694080", "edit_history_tweet_ids": ["1280290503179694080"]}, {"created_at": "2020-07-06T23:57:12.000Z", "text": "RT @JimmyGsBurner: Most 25+ Yard Completions 2016-19\n\n1. Kirk Cousins (143)\n2. Tom Brady (138)\nt3. Russell Wilson (137)\nt3. Philip Rivers (\u2026", "author_id": "709485596", "id": "1280289729917923328", "edit_history_tweet_ids": ["1280289729917923328"]}, {"created_at": "2020-07-06T23:56:52.000Z", "text": "RT @PaulHembo: Longest active streaks of 50+ QBR \n(0-to-100 scale):\n\nPatrick Mahomes (36)\nMatthew Stafford (9)\nDerek Carr (4)\nRussell Wilso\u2026", "author_id": "174302075", "id": "1280289644215754754", "edit_history_tweet_ids": ["1280289644215754754"]}, {"created_at": "2020-07-06T23:56:43.000Z", "text": "RT @JimmyGsBurner: Most 25+ Yard Completions 2016-19\n\n1. Kirk Cousins (143)\n2. Tom Brady (138)\nt3. Russell Wilson (137)\nt3. Philip Rivers (\u2026", "author_id": "2251341150", "id": "1280289607066607616", "edit_history_tweet_ids": ["1280289607066607616"]}, {"created_at": "2020-07-06T23:56:39.000Z", "text": "RT @JimmyGsBurner: Most 25+ Yard Completions 2016-19\n\n1. Kirk Cousins (143)\n2. Tom Brady (138)\nt3. Russell Wilson (137)\nt3. Philip Rivers (\u2026", "author_id": "81756141", "id": "1280289588121133058", "edit_history_tweet_ids": ["1280289588121133058"]}, {"created_at": "2020-07-06T23:55:39.000Z", "text": "RT @PaulHembo: Longest active streaks of 50+ QBR \n(0-to-100 scale):\n\nPatrick Mahomes (36)\nMatthew Stafford (9)\nDerek Carr (4)\nRussell Wilso\u2026", "author_id": "1121080301072060416", "id": "1280289336190255104", "edit_history_tweet_ids": ["1280289336190255104"]}, {"created_at": "2020-07-06T23:54:51.000Z", "text": "RT @PaulHembo: Longest active streaks of 50+ QBR \n(0-to-100 scale):\n\nPatrick Mahomes (36)\nMatthew Stafford (9)\nDerek Carr (4)\nRussell Wilso\u2026", "author_id": "620759331", "id": "1280289135174062082", "edit_history_tweet_ids": ["1280289135174062082"]}, {"created_at": "2020-07-06T23:54:20.000Z", "text": "RT @JimmyGsBurner: Most 25+ Yard Completions 2016-19\n\n1. Kirk Cousins (143)\n2. Tom Brady (138)\nt3. Russell Wilson (137)\nt3. Philip Rivers (\u2026", "author_id": "1053810318", "id": "1280289004781330433", "edit_history_tweet_ids": ["1280289004781330433"]}, {"created_at": "2020-07-06T23:53:25.000Z", "text": "RT @PaulHembo: Longest active streaks of 50+ QBR \n(0-to-100 scale):\n\nPatrick Mahomes (36)\nMatthew Stafford (9)\nDerek Carr (4)\nRussell Wilso\u2026", "author_id": "61873769", "id": "1280288777513177092", "edit_history_tweet_ids": ["1280288777513177092"]}, {"created_at": "2020-07-06T23:53:03.000Z", "text": "RT @PaulHembo: Longest active streaks of 50+ QBR \n(0-to-100 scale):\n\nPatrick Mahomes (36)\nMatthew Stafford (9)\nDerek Carr (4)\nRussell Wilso\u2026", "author_id": "716926631680483328", "id": "1280288685410394118", "edit_history_tweet_ids": ["1280288685410394118"]}, {"created_at": "2020-07-06T23:52:38.000Z", "text": "RT @PaulHembo: Longest active streaks of 50+ QBR \n(0-to-100 scale):\n\nPatrick Mahomes (36)\nMatthew Stafford (9)\nDerek Carr (4)\nRussell Wilso\u2026", "author_id": "38494166", "id": "1280288576983482368", "edit_history_tweet_ids": ["1280288576983482368"]}, {"created_at": "2020-07-06T23:51:45.000Z", "text": "RT @JimmyGsBurner: Most 25+ Yard Completions 2016-19\n\n1. Kirk Cousins (143)\n2. Tom Brady (138)\nt3. Russell Wilson (137)\nt3. Philip Rivers (\u2026", "author_id": "40784601", "id": "1280288356694405121", "edit_history_tweet_ids": ["1280288356694405121"]}, {"created_at": "2020-07-06T23:50:55.000Z", "text": "RT @PaulHembo: Longest active streaks of 50+ QBR \n(0-to-100 scale):\n\nPatrick Mahomes (36)\nMatthew Stafford (9)\nDerek Carr (4)\nRussell Wilso\u2026", "author_id": "347513421", "id": "1280288147692310530", "edit_history_tweet_ids": ["1280288147692310530"]}, {"created_at": "2020-07-06T23:50:20.000Z", "text": "RT @PaulHembo: Longest active streaks of 50+ QBR \n(0-to-100 scale):\n\nPatrick Mahomes (36)\nMatthew Stafford (9)\nDerek Carr (4)\nRussell Wilso\u2026", "author_id": "147015320", "id": "1280288001743032320", "edit_history_tweet_ids": ["1280288001743032320"]}, {"created_at": "2020-07-06T23:49:43.000Z", "text": "RT @PaulHembo: Longest active streaks of 50+ QBR \n(0-to-100 scale):\n\nPatrick Mahomes (36)\nMatthew Stafford (9)\nDerek Carr (4)\nRussell Wilso\u2026", "author_id": "221044008", "id": "1280287843785547776", "edit_history_tweet_ids": ["1280287843785547776"]}, {"created_at": "2020-07-06T23:48:55.000Z", "text": "RT @PaulHembo: Longest active streaks of 50+ QBR \n(0-to-100 scale):\n\nPatrick Mahomes (36)\nMatthew Stafford (9)\nDerek Carr (4)\nRussell Wilso\u2026", "author_id": "1190417704571805696", "id": "1280287641947312130", "edit_history_tweet_ids": ["1280287641947312130"]}, {"created_at": "2020-07-06T23:48:07.000Z", "text": "RT @JimmyGsBurner: Most 25+ Yard Completions 2016-19\n\n1. Kirk Cousins (143)\n2. Tom Brady (138)\nt3. Russell Wilson (137)\nt3. Philip Rivers (\u2026", "author_id": "597219498", "id": "1280287443250556928", "edit_history_tweet_ids": ["1280287443250556928"]}, {"created_at": "2020-07-06T23:48:02.000Z", "text": "RT @PaulHembo: Longest active streaks of 50+ QBR \n(0-to-100 scale):\n\nPatrick Mahomes (36)\nMatthew Stafford (9)\nDerek Carr (4)\nRussell Wilso\u2026", "author_id": "1098828428671881218", "id": "1280287421343637504", "edit_history_tweet_ids": ["1280287421343637504"]}, {"created_at": "2020-07-06T23:47:42.000Z", "text": "RT @PaulHembo: Longest active streaks of 50+ QBR \n(0-to-100 scale):\n\nPatrick Mahomes (36)\nMatthew Stafford (9)\nDerek Carr (4)\nRussell Wilso\u2026", "author_id": "1093317430745726977", "id": "1280287337159720965", "edit_history_tweet_ids": ["1280287337159720965"]}, {"created_at": "2020-07-06T23:47:09.000Z", "text": "RT @PaulHembo: Longest active streaks of 50+ QBR \n(0-to-100 scale):\n\nPatrick Mahomes (36)\nMatthew Stafford (9)\nDerek Carr (4)\nRussell Wilso\u2026", "author_id": "139960190", "id": "1280287198458380291", "edit_history_tweet_ids": ["1280287198458380291"]}, {"created_at": "2020-07-06T23:46:51.000Z", "text": "RT @PaulHembo: Longest active streaks of 50+ QBR \n(0-to-100 scale):\n\nPatrick Mahomes (36)\nMatthew Stafford (9)\nDerek Carr (4)\nRussell Wilso\u2026", "author_id": "416530132", "id": "1280287122583433223", "edit_history_tweet_ids": ["1280287122583433223"]}, {"created_at": "2020-07-06T23:46:48.000Z", "text": "RT @JimmyGsBurner: Most 25+ Yard Completions 2016-19\n\n1. Kirk Cousins (143)\n2. Tom Brady (138)\nt3. Russell Wilson (137)\nt3. Philip Rivers (\u2026", "author_id": "1259594806042464258", "id": "1280287109992140800", "edit_history_tweet_ids": ["1280287109992140800"]}, {"created_at": "2020-07-06T23:46:47.000Z", "text": "RT @PaulHembo: Longest active streaks of 50+ QBR \n(0-to-100 scale):\n\nPatrick Mahomes (36)\nMatthew Stafford (9)\nDerek Carr (4)\nRussell Wilso\u2026", "author_id": "835686423793655809", "id": "1280287104724017153", "edit_history_tweet_ids": ["1280287104724017153"]}, {"created_at": "2020-07-06T23:44:46.000Z", "text": "RT @PaulHembo: Longest active streaks of 50+ QBR \n(0-to-100 scale):\n\nPatrick Mahomes (36)\nMatthew Stafford (9)\nDerek Carr (4)\nRussell Wilso\u2026", "author_id": "2355521964", "id": "1280286598471405568", "edit_history_tweet_ids": ["1280286598471405568"]}, {"created_at": "2020-07-06T23:44:34.000Z", "text": "RT @JimmyGsBurner: Most 25+ Yard Completions 2016-19\n\n1. Kirk Cousins (143)\n2. Tom Brady (138)\nt3. Russell Wilson (137)\nt3. Philip Rivers (\u2026", "author_id": "502424325", "id": "1280286549599535104", "edit_history_tweet_ids": ["1280286549599535104"]}, {"created_at": "2020-07-06T23:44:33.000Z", "text": "RT @PaulHembo: Longest active streaks of 50+ QBR \n(0-to-100 scale):\n\nPatrick Mahomes (36)\nMatthew Stafford (9)\nDerek Carr (4)\nRussell Wilso\u2026", "author_id": "187626332", "id": "1280286544776105985", "edit_history_tweet_ids": ["1280286544776105985"]}, {"created_at": "2020-07-06T23:44:32.000Z", "text": "RT @PaulHembo: Longest active streaks of 50+ QBR \n(0-to-100 scale):\n\nPatrick Mahomes (36)\nMatthew Stafford (9)\nDerek Carr (4)\nRussell Wilso\u2026", "author_id": "2863520394", "id": "1280286541110116352", "edit_history_tweet_ids": ["1280286541110116352"]}, {"created_at": "2020-07-06T23:44:00.000Z", "text": "RT @PaulHembo: Longest active streaks of 50+ QBR \n(0-to-100 scale):\n\nPatrick Mahomes (36)\nMatthew Stafford (9)\nDerek Carr (4)\nRussell Wilso\u2026", "author_id": "15729027", "id": "1280286406674468867", "edit_history_tweet_ids": ["1280286406674468867"]}, {"created_at": "2020-07-06T23:43:41.000Z", "text": "RT @PaulHembo: Longest active streaks of 50+ QBR \n(0-to-100 scale):\n\nPatrick Mahomes (36)\nMatthew Stafford (9)\nDerek Carr (4)\nRussell Wilso\u2026", "author_id": "342516213", "id": "1280286328500785153", "edit_history_tweet_ids": ["1280286328500785153"]}, {"created_at": "2020-07-06T23:43:00.000Z", "text": "Longest active streaks of 50+ QBR \n(0-to-100 scale):\n\nPatrick Mahomes (36)\nMatthew Stafford (9)\nDerek Carr (4)\nRussell Wilson (3)\nDeshaun Watson (3)\n\nIncluding playoffs, Mahomes has started 36 games. In other words, he's never had a bad game.", "author_id": "54077137", "id": "1280286153720160256", "edit_history_tweet_ids": ["1280286153720160256"]}, {"created_at": "2020-07-06T23:42:01.000Z", "text": "RT @JimmyGsBurner: Most 25+ Yard Completions 2016-19\n\n1. Kirk Cousins (143)\n2. Tom Brady (138)\nt3. Russell Wilson (137)\nt3. Philip Rivers (\u2026", "author_id": "1171252359974072320", "id": "1280285908592443392", "edit_history_tweet_ids": ["1280285908592443392"]}, {"created_at": "2020-07-06T23:41:49.000Z", "text": "RT @JimmyGsBurner: Most 25+ Yard Completions 2016-19\n\n1. Kirk Cousins (143)\n2. Tom Brady (138)\nt3. Russell Wilson (137)\nt3. Philip Rivers (\u2026", "author_id": "3815904628", "id": "1280285857367224320", "edit_history_tweet_ids": ["1280285857367224320"]}, {"created_at": "2020-07-06T23:41:08.000Z", "text": "RT @JimmyGsBurner: Most 25+ Yard Completions 2016-19\n\n1. Kirk Cousins (143)\n2. Tom Brady (138)\nt3. Russell Wilson (137)\nt3. Philip Rivers (\u2026", "author_id": "2455474512", "id": "1280285685963001856", "edit_history_tweet_ids": ["1280285685963001856"]}, {"created_at": "2020-07-06T23:40:03.000Z", "text": "RT @JimmyGsBurner: Most 25+ Yard Completions 2016-19\n\n1. Kirk Cousins (143)\n2. Tom Brady (138)\nt3. Russell Wilson (137)\nt3. Philip Rivers (\u2026", "author_id": "866017097738072066", "id": "1280285411215106049", "edit_history_tweet_ids": ["1280285411215106049"]}, {"created_at": "2020-07-06T23:38:29.000Z", "text": "RT @JimmyGsBurner: Most 25+ Yard Completions 2016-19\n\n1. Kirk Cousins (143)\n2. Tom Brady (138)\nt3. Russell Wilson (137)\nt3. Philip Rivers (\u2026", "author_id": "561641889", "id": "1280285016396832769", "edit_history_tweet_ids": ["1280285016396832769"]}, {"created_at": "2020-07-06T23:37:53.000Z", "text": "RT @JimmyGsBurner: Most 25+ Yard Completions 2016-19\n\n1. Kirk Cousins (143)\n2. Tom Brady (138)\nt3. Russell Wilson (137)\nt3. Philip Rivers (\u2026", "author_id": "2413221252", "id": "1280284867360587778", "edit_history_tweet_ids": ["1280284867360587778"]}, {"created_at": "2020-07-06T23:35:39.000Z", "text": "RT @JimmyGsBurner: Most 25+ Yard Completions 2016-19\n\n1. Kirk Cousins (143)\n2. Tom Brady (138)\nt3. Russell Wilson (137)\nt3. Philip Rivers (\u2026", "author_id": "1150791722198360064", "id": "1280284303973396480", "edit_history_tweet_ids": ["1280284303973396480"]}, {"created_at": "2020-07-06T23:26:54.000Z", "text": "RT @JimmyGsBurner: Most 25+ Yard Completions 2016-19\n\n1. Kirk Cousins (143)\n2. Tom Brady (138)\nt3. Russell Wilson (137)\nt3. Philip Rivers (\u2026", "author_id": "966475094", "id": "1280282102425059328", "edit_history_tweet_ids": ["1280282102425059328"]}, {"created_at": "2020-07-06T23:25:58.000Z", "text": "RT @JimmyGsBurner: Most 25+ Yard Completions 2016-19\n\n1. Kirk Cousins (143)\n2. Tom Brady (138)\nt3. Russell Wilson (137)\nt3. Philip Rivers (\u2026", "author_id": "1240656120341049345", "id": "1280281867619631106", "edit_history_tweet_ids": ["1280281867619631106"]}, {"created_at": "2020-07-06T23:23:26.000Z", "text": "RT @JimmyGsBurner: Most 25+ Yard Completions 2016-19\n\n1. Kirk Cousins (143)\n2. Tom Brady (138)\nt3. Russell Wilson (137)\nt3. Philip Rivers (\u2026", "author_id": "972945302", "id": "1280281231792447488", "edit_history_tweet_ids": ["1280281231792447488"]}, {"created_at": "2020-07-06T23:16:58.000Z", "text": "RT @doubleD05: Per Jeff Sanders, AJ Cassavell, Bernie Wilson, Derek Togerson, Eric (No Longer Miserable), Sam Neher, and others, the #Padre\u2026", "author_id": "480894933", "id": "1280279603009871872", "edit_history_tweet_ids": ["1280279603009871872"]}, {"created_at": "2020-07-06T23:16:32.000Z", "text": "Per Jeff Sanders, AJ Cassavell, Bernie Wilson, Derek Togerson, Eric (No Longer Miserable), Sam Neher, and others, the #Padres are scheduled to start the season July 24th at Petco Park against the Arizona Diamondbacks. 6:10pm first pitch. https://t.co/fI3Cn2ifo6", "author_id": "42572645", "id": "1280279492364124160", "edit_history_tweet_ids": ["1280279492364124160"]}, {"created_at": "2020-07-06T23:15:11.000Z", "text": "RT @JimmyGsBurner: Most 25+ Yard Completions 2016-19\n\n1. Kirk Cousins (143)\n2. Tom Brady (138)\nt3. Russell Wilson (137)\nt3. Philip Rivers (\u2026", "author_id": "86466881", "id": "1280279154542424066", "edit_history_tweet_ids": ["1280279154542424066"]}, {"created_at": "2020-07-06T23:14:19.000Z", "text": "RT @JimmyGsBurner: Most 25+ Yard Completions 2016-19\n\n1. Kirk Cousins (143)\n2. Tom Brady (138)\nt3. Russell Wilson (137)\nt3. Philip Rivers (\u2026", "author_id": "418202534", "id": "1280278938015727617", "edit_history_tweet_ids": ["1280278938015727617"]}, {"created_at": "2020-07-06T23:12:09.000Z", "text": "RT @JimmyGsBurner: Most 25+ Yard Completions 2016-19\n\n1. Kirk Cousins (143)\n2. Tom Brady (138)\nt3. Russell Wilson (137)\nt3. Philip Rivers (\u2026", "author_id": "984622830242418688", "id": "1280278391921524736", "edit_history_tweet_ids": ["1280278391921524736"]}, {"created_at": "2020-07-06T23:11:14.000Z", "text": "RT @JimmyGsBurner: Most 25+ Yard Completions 2016-19\n\n1. Kirk Cousins (143)\n2. Tom Brady (138)\nt3. Russell Wilson (137)\nt3. Philip Rivers (\u2026", "author_id": "406672989", "id": "1280278160119148545", "edit_history_tweet_ids": ["1280278160119148545"]}, {"created_at": "2020-07-06T23:10:51.000Z", "text": "RT @JimmyGsBurner: Most 25+ Yard Completions 2016-19\n\n1. Kirk Cousins (143)\n2. Tom Brady (138)\nt3. Russell Wilson (137)\nt3. Philip Rivers (\u2026", "author_id": "2218678139", "id": "1280278063364931585", "edit_history_tweet_ids": ["1280278063364931585"]}, {"created_at": "2020-07-06T23:09:39.000Z", "text": "RT @JimmyGsBurner: Most 25+ Yard Completions 2016-19\n\n1. Kirk Cousins (143)\n2. Tom Brady (138)\nt3. Russell Wilson (137)\nt3. Philip Rivers (\u2026", "author_id": "2865044511", "id": "1280277762532683785", "edit_history_tweet_ids": ["1280277762532683785"]}, {"created_at": "2020-07-06T23:08:23.000Z", "text": "RT @JimmyGsBurner: Most 25+ Yard Completions 2016-19\n\n1. Kirk Cousins (143)\n2. Tom Brady (138)\nt3. Russell Wilson (137)\nt3. Philip Rivers (\u2026", "author_id": "1080517730862878725", "id": "1280277442708623360", "edit_history_tweet_ids": ["1280277442708623360"]}, {"created_at": "2020-07-06T23:02:11.000Z", "text": "RT @JimmyGsBurner: Most 25+ Yard Completions 2016-19\n\n1. Kirk Cousins (143)\n2. Tom Brady (138)\nt3. Russell Wilson (137)\nt3. Philip Rivers (\u2026", "author_id": "949121116823572480", "id": "1280275883195011072", "edit_history_tweet_ids": ["1280275883195011072"]}, {"created_at": "2020-07-06T23:02:02.000Z", "text": "RT @JimmyGsBurner: Most 25+ Yard Completions 2016-19\n\n1. Kirk Cousins (143)\n2. Tom Brady (138)\nt3. Russell Wilson (137)\nt3. Philip Rivers (\u2026", "author_id": "1629401124", "id": "1280275843382681603", "edit_history_tweet_ids": ["1280275843382681603"]}, {"created_at": "2020-07-06T23:00:46.000Z", "text": "RT @JimmyGsBurner: Most 25+ Yard Completions 2016-19\n\n1. Kirk Cousins (143)\n2. Tom Brady (138)\nt3. Russell Wilson (137)\nt3. Philip Rivers (\u2026", "author_id": "908321280", "id": "1280275525722832897", "edit_history_tweet_ids": ["1280275525722832897"]}, {"created_at": "2020-07-06T22:57:53.000Z", "text": "RT @JimmyGsBurner: Most 25+ Yard Completions 2016-19\n\n1. Kirk Cousins (143)\n2. Tom Brady (138)\nt3. Russell Wilson (137)\nt3. Philip Rivers (\u2026", "author_id": "465074698", "id": "1280274801161056258", "edit_history_tweet_ids": ["1280274801161056258"]}, {"created_at": "2020-07-06T22:53:58.000Z", "text": "RT @JimmyGsBurner: Most 25+ Yard Completions 2016-19\n\n1. Kirk Cousins (143)\n2. Tom Brady (138)\nt3. Russell Wilson (137)\nt3. Philip Rivers (\u2026", "author_id": "2186681826", "id": "1280273816493666304", "edit_history_tweet_ids": ["1280273816493666304"]}, {"created_at": "2020-07-06T22:52:34.000Z", "text": "RT @BrandonGuyer: \ud83e\udd15\ud83e\udd15\ud83e\udd15 RT @matthewpouliot: Highest ever HBP rate, min. 1,000 PA\n\nBrandon Guyer: .057\nHughie Jennings: .051\nDerek Dietrich: .\u2026", "author_id": "282131915", "id": "1280273462402134017", "edit_history_tweet_ids": ["1280273462402134017"]}, {"created_at": "2020-07-06T22:44:42.000Z", "text": "RT @JimmyGsBurner: Most 25+ Yard Completions 2016-19\n\n1. Kirk Cousins (143)\n2. Tom Brady (138)\nt3. Russell Wilson (137)\nt3. Philip Rivers (\u2026", "author_id": "257322314", "id": "1280271481176494085", "edit_history_tweet_ids": ["1280271481176494085"]}, {"created_at": "2020-07-06T22:38:56.000Z", "text": "\ud83e\udd15\ud83e\udd15\ud83e\udd15 RT @matthewpouliot: Highest ever HBP rate, min. 1,000 PA\n\nBrandon Guyer: .057\nHughie Jennings: .051\nDerek Dietrich: .048\nF.P. Santangelo: .040\nRon Hunt: .039\nCarlos Quentin: .039\nCraig Wilson: .039", "author_id": "201382639", "id": "1280270031805390848", "edit_history_tweet_ids": ["1280270031805390848"]}, {"created_at": "2020-07-06T22:35:11.000Z", "text": "RT @JimmyGsBurner: Most 25+ Yard Completions 2016-19\n\n1. Kirk Cousins (143)\n2. Tom Brady (138)\nt3. Russell Wilson (137)\nt3. Philip Rivers (\u2026", "author_id": "332490551", "id": "1280269088846229504", "edit_history_tweet_ids": ["1280269088846229504"]}, {"created_at": "2020-07-06T22:32:24.000Z", "text": "RT @MiserableSDFan: Per Jeff Sanders, AJ Cassavell, Bernie Wilson, Derek Togerson, and others, the #Padres are scheduled to start the seaso\u2026", "author_id": "868688500077412352", "id": "1280268388544049152", "edit_history_tweet_ids": ["1280268388544049152"]}, {"created_at": "2020-07-06T22:24:33.000Z", "text": "RT @JimmyGsBurner: Most 25+ Yard Completions 2016-19\n\n1. Kirk Cousins (143)\n2. Tom Brady (138)\nt3. Russell Wilson (137)\nt3. Philip Rivers (\u2026", "author_id": "1698215196", "id": "1280266411978354688", "edit_history_tweet_ids": ["1280266411978354688"]}, {"created_at": "2020-07-06T22:17:56.000Z", "text": "RT @drunkflan: Per MiserableSDFan, Jeff Sanders, AJ Cassavell, Bernie Wilson, Derek Togerson, and others, the #Padres are scheduled to star\u2026", "author_id": "758745652335480834", "id": "1280264747678457856", "edit_history_tweet_ids": ["1280264747678457856"]}, {"created_at": "2020-07-06T22:16:47.000Z", "text": "Per MiserableSDFan, Jeff Sanders, AJ Cassavell, Bernie Wilson, Derek Togerson, and others, the #Padres are scheduled to start the season July 24th at Petco Park against the Arizona Diamondbacks. 6:10pm first pitch. https://t.co/DhN5XMMoCu", "author_id": "4899312554", "id": "1280264457784971264", "edit_history_tweet_ids": ["1280264457784971264"]}, {"created_at": "2020-07-06T22:15:33.000Z", "text": "RT @MiserableSDFan: Per Jeff Sanders, AJ Cassavell, Bernie Wilson, Derek Togerson, and others, the #Padres are scheduled to start the seaso\u2026", "author_id": "481464667", "id": "1280264145976213504", "edit_history_tweet_ids": ["1280264145976213504"]}, {"created_at": "2020-07-06T22:15:24.000Z", "text": "RT @JimmyGsBurner: Most 25+ Yard Completions 2016-19\n\n1. Kirk Cousins (143)\n2. Tom Brady (138)\nt3. Russell Wilson (137)\nt3. Philip Rivers (\u2026", "author_id": "4502938273", "id": "1280264109527674880", "edit_history_tweet_ids": ["1280264109527674880"]}, {"created_at": "2020-07-06T22:11:46.000Z", "text": "RT @SamNeher24: Per Jeff Sanders, AJ Cassavell, Bernie Wilson, Derek Togerson, Eric (No Longer Miserable), and others, the #Padres are sche\u2026", "author_id": "758745652335480834", "id": "1280263197019136001", "edit_history_tweet_ids": ["1280263197019136001"]}, {"created_at": "2020-07-06T22:11:44.000Z", "text": "RT @MiserableSDFan: Per Jeff Sanders, AJ Cassavell, Bernie Wilson, Derek Togerson, and others, the #Padres are scheduled to start the seaso\u2026", "author_id": "350449729", "id": "1280263185988272131", "edit_history_tweet_ids": ["1280263185988272131"]}, {"created_at": "2020-07-06T22:11:28.000Z", "text": "Per Jeff Sanders, AJ Cassavell, Bernie Wilson, Derek Togerson, Eric (No Longer Miserable), and others, the #Padres are scheduled to start the season July 24th at Petco Park against the Arizona Diamondbacks. 6:10pm first pitch. https://t.co/s9Wwum0Dk5", "author_id": "480894933", "id": "1280263120322060288", "edit_history_tweet_ids": ["1280263120322060288"]}, {"created_at": "2020-07-06T22:10:45.000Z", "text": "RT @MiserableSDFan: Per Jeff Sanders, AJ Cassavell, Bernie Wilson, Derek Togerson, and others, the #Padres are scheduled to start the seaso\u2026", "author_id": "480894933", "id": "1280262940646469632", "edit_history_tweet_ids": ["1280262940646469632"]}], "meta": {"newest_id": "1280303854311993344", "oldest_id": "1280262940646469632", "result_count": 98, "next_token": "b26v89c19zqg8o3fo7jcghardtvaochihotem1kx11awt"}}