{"data": [{"id": "1282811905812377600", "text": "QB 1 is clearly slinging - like deep routes while still keeping the ball safe. Lamar Jackson or Mahomes\n\nQB 2 looks like a west coast dude - watch it be like Phillip Rivers, Derek Carr, Russell Wilson (but I think his numbers are better) https://t.co/HoYrYeH0cm", "created_at": "2020-07-13T22:59:26.000Z", "edit_history_tweet_ids": ["1282811905812377600"], "author_id": "1183895810192347137"}, {"id": "1282777980146716674", "text": "@CoachMcCann9 Derek Lee Wilson Jr @dereklee44\nKings Mountain High School\n3.2 GPA\n22 ACT.                                                       DT/DE\n5\u20198\n230 pounds\ndereklee21.dlwj@gmail.com\n9802717141\n\nhttps://t.co/dOHTuSwAhs", "created_at": "2020-07-13T20:44:37.000Z", "edit_history_tweet_ids": ["1282777980146716674"], "author_id": "1071858686497308672"}, {"id": "1282766806281793536", "text": "RT @iamperscoba: Congratulations to 7 newly qualified Doctors from KNUST.\n\nDoctors Bobby Brown, Isaac Ahorklo, Derek Wilson Adolwine, Danie\u2026", "created_at": "2020-07-13T20:00:13.000Z", "edit_history_tweet_ids": ["1282766806281793536"], "author_id": "1633047180"}, {"id": "1282755027237351424", "text": "Eddgar Perez, 32\nSteve Bencom, 39\nCarla Denise Walton, 48\nSean Corey Searcy, 30\nBraulio Jr. Chavarin, 33\nTakiem Baxter, 25\nDerek Wilson, 61\n\n#RIP | #LAHomicides | #SayTheirNames", "created_at": "2020-07-13T19:13:25.000Z", "edit_history_tweet_ids": ["1282755027237351424"], "author_id": "988503090"}, {"id": "1282735107900616705", "text": "Why is Baker Mayfield and Lamar in the Top 10? Where is Russell Wilson? Drew Lock? Derek Carr? https://t.co/BN9LkVGF71", "created_at": "2020-07-13T17:54:16.000Z", "edit_history_tweet_ids": ["1282735107900616705"], "author_id": "221177162"}, {"id": "1282666809334755328", "text": "RT @JimmyGsBurner: Most 25+ Yard Completions 2016-19\n\n1. Kirk Cousins (143)\n2. Tom Brady (138)\nt3. Russell Wilson (137)\nt3. Philip Rivers (\u2026", "created_at": "2020-07-13T13:22:52.000Z", "edit_history_tweet_ids": ["1282666809334755328"], "author_id": "1365336289"}, {"id": "1282596990581444608", "text": "@andywatt72 @fire_scot @IainMMacleod1 Congratulations and welcome to the North. Looking forward to working with you and our new LSO, Derek Wilson \ud83d\udc4d", "created_at": "2020-07-13T08:45:26.000Z", "edit_history_tweet_ids": ["1282596990581444608"], "author_id": "978406168044417027"}, {"id": "1282505347748573185", "text": "@HisNamesDavid_ @MileHigh_Nick You never answered my question. Are Carson Palmer and Derek Carr better than Russell Wilson because they have more career MVP votes? It's gotta mean something right??\n\nHow is it that Simmons had a better 2019 season than Minkah?", "created_at": "2020-07-13T02:41:17.000Z", "edit_history_tweet_ids": ["1282505347748573185"], "author_id": "1249080143043272705"}, {"id": "1282501980947206145", "text": "@HisNamesDavid_ @MileHigh_Nick You're using pro bowls to determine what player is better?? Carson Palmer and Derek Carr have more career MVP votes than Russell Wilson. Are they better than him?", "created_at": "2020-07-13T02:27:54.000Z", "edit_history_tweet_ids": ["1282501980947206145"], "author_id": "1249080143043272705"}, {"id": "1282464221326909444", "text": "Another fantastic #ElamEnding. I absolutely love it. @thetournament We'll see you Tuesday @SidelineTBT ! Derek Wilson on Marcus Keene. Must see TV! #WeAreMarquette", "created_at": "2020-07-12T23:57:52.000Z", "edit_history_tweet_ids": ["1282464221326909444"], "author_id": "304054329"}, {"id": "1282447443687206913", "text": "@NFL_Stats CMC\nMahomes\nLamar\nWilson\nMicheal Thomas\nDHop\nDerek Henry", "created_at": "2020-07-12T22:51:11.000Z", "edit_history_tweet_ids": ["1282447443687206913"], "author_id": "993908455093092352"}, {"id": "1282426946660511745", "text": "@GillianRooney7 @shefin21 @crichton_derek @HarryThomson63 @gallowayglens @StuartHam1 @jaimeni20026225 @LizManson @MccrindleKirsty @DerekHextall @Stephen67189575 @Stevenwylie16 @campbell_dougie @Adam_D_Wilson @giusti5991 @mmiskimming Looks like you two are having too much fun... how far did you walk?", "created_at": "2020-07-12T21:29:45.000Z", "edit_history_tweet_ids": ["1282426946660511745"], "author_id": "1729999370"}, {"id": "1282369667496017921", "text": "RT @crichton_derek: Sunday hike @GillianRooney7 to Loch Skerrow, cannae beat oot n aboot in DG @HarryThomson63 @JimMchargj @gallowayglens @\u2026", "created_at": "2020-07-12T17:42:08.000Z", "edit_history_tweet_ids": ["1282369667496017921"], "author_id": "828414742465277952"}, {"id": "1282369664912252929", "text": "@realDonaldTrump Officer Derek Chauvin, Aaron Dean, David Ried, Jeronimo Yanez, Blane Salmoni, Sergeant Percy Dupra, Anthony Holzhauer, Daniel Pantaleo, Peter Liang, Timothy Loehmann, Darren Wilson, Scott Aldridge and Bryan Myers. Will we ever hear you call these people criminals?", "created_at": "2020-07-12T17:42:08.000Z", "edit_history_tweet_ids": ["1282369664912252929"], "author_id": "4836090470"}, {"id": "1282362999911710724", "text": "@shefin21 @crichton_derek @HarryThomson63 @JimMchargj @gallowayglens @StuartHam1 @jaimeni20026225 @LizManson @MccrindleKirsty @DerekHextall @Stephen67189575 @Stevenwylie16 @campbell_dougie @Adam_D_Wilson @giusti5991 @mmiskimming Heehee.. course we did.. you think we\u2019re amateurs??\ud83d\ude39\ud83d\ude39\nMight have no toenails left by morning but defo had the sun cream with us!!\ud83d\ude1c\ud83e\udd2a", "created_at": "2020-07-12T17:15:38.000Z", "edit_history_tweet_ids": ["1282362999911710724"], "author_id": "1154655656189845504"}, {"id": "1282343616904667137", "text": "@crichton_derek @HarryThomson63 @JimMchargj @gallowayglens @StuartHam1 @jaimeni20026225 @LizManson @MccrindleKirsty @DerekHextall @Stephen67189575 @Stevenwylie16 @campbell_dougie @Adam_D_Wilson @giusti5991 @mmiskimming Oh I think my little feet would disagree!!!\ud83d\ude39\ud83d\ude39", "created_at": "2020-07-12T15:58:37.000Z", "edit_history_tweet_ids": ["1282343616904667137"], "author_id": "1154655656189845504"}, {"id": "1282325387322761217", "text": "First time since March, no better way to spend my Sunday @Colenic84427872 kicking my back side at Ae. Bring on my holidays \ud83d\udeb5@StuartHam1 @Stevenwylie16 @Stephen67189575 @crichton_derek @Adam_D_Wilson https://t.co/WLFopAponh", "created_at": "2020-07-12T14:46:11.000Z", "edit_history_tweet_ids": ["1282325387322761217"], "author_id": "1227554262483394560"}, {"id": "1282234884568821761", "text": "Eeeeee ni Derek Shepherd ni Mark Sloan eran la mitad de brillantes que Meredith Grey, Jo Wilson y Miranda Bailey pero weno https://t.co/ikWr1my3U6", "created_at": "2020-07-12T08:46:33.000Z", "edit_history_tweet_ids": ["1282234884568821761"], "author_id": "572018468"}, {"id": "1282140009198305280", "text": "RT @ess_trainor: What I learned that night is that behind every Derek Chauvin or Darren Wilson \u2014 behind every dramatic eruption of violence\u2026", "created_at": "2020-07-12T02:29:33.000Z", "edit_history_tweet_ids": ["1282140009198305280"], "author_id": "94900143"}, {"id": "1282105334560153600", "text": "RT @OnDeckAcademy: 2021 On Deck O\u2019s pick up the win at Grasshoppers Stadium. Jacob Bowman 1B, BB, Cooper Wilson 3B, RBI, Nathan Samii 2B, 1\u2026", "created_at": "2020-07-12T00:11:46.000Z", "edit_history_tweet_ids": ["1282105334560153600"], "author_id": "29605606"}, {"id": "1282069360975151104", "text": "RT @iamperscoba: Congratulations to 7 newly qualified Doctors from KNUST.\n\nDoctors Bobby Brown, Isaac Ahorklo, Derek Wilson Adolwine, Danie\u2026", "created_at": "2020-07-11T21:48:50.000Z", "edit_history_tweet_ids": ["1282069360975151104"], "author_id": "703199463570014208"}, {"id": "1282065885080018944", "text": "RT @OnDeckAcademy: 2021 On Deck O\u2019s pick up the win at Grasshoppers Stadium. Jacob Bowman 1B, BB, Cooper Wilson 3B, RBI, Nathan Samii 2B, 1\u2026", "created_at": "2020-07-11T21:35:01.000Z", "edit_history_tweet_ids": ["1282065885080018944"], "author_id": "1254628336615206912"}, {"id": "1282065668419006464", "text": "RT @OnDeckAcademy: 2021 On Deck O\u2019s pick up the win at Grasshoppers Stadium. Jacob Bowman 1B, BB, Cooper Wilson 3B, RBI, Nathan Samii 2B, 1\u2026", "created_at": "2020-07-11T21:34:09.000Z", "edit_history_tweet_ids": ["1282065668419006464"], "author_id": "822005322"}, {"id": "1282065572306595841", "text": "RT @OnDeckAcademy: 2021 On Deck O\u2019s pick up the win at Grasshoppers Stadium. Jacob Bowman 1B, BB, Cooper Wilson 3B, RBI, Nathan Samii 2B, 1\u2026", "created_at": "2020-07-11T21:33:46.000Z", "edit_history_tweet_ids": ["1282065572306595841"], "author_id": "1225582430553346049"}, {"id": "1282063743199969281", "text": "2021 On Deck O\u2019s pick up the win at Grasshoppers Stadium. Jacob Bowman 1B, BB, Cooper Wilson 3B, RBI, Nathan Samii 2B, 1B, 2 RBI\nDerek Vartanian strong start w/4ip, 5k, 2 hits. Davis Al-Hussaini finishes it out w/3IP", "created_at": "2020-07-11T21:26:30.000Z", "edit_history_tweet_ids": ["1282063743199969281"], "author_id": "72067874"}, {"id": "1282059261728690181", "text": "@Adam_D_Wilson @StuartHam1 @annanycc @crichton_derek I\u2019m sure Kirroughtree doesn\u2019t open until the 16th or it might just be the shop....best check before you head up! Enjoy wherever you go \ud83d\udeb4\ud83c\udffb\u200d\u2642\ufe0f\ud83d\udeb4\ud83c\udffb\u200d\u2642\ufe0f\ud83d\udeb4\ud83c\udffb\u200d\u2642\ufe0f", "created_at": "2020-07-11T21:08:42.000Z", "edit_history_tweet_ids": ["1282059261728690181"], "author_id": "1227554262483394560"}, {"id": "1282031159833223168", "text": "DJ Harvey - Blind Arcade - Give It Away (Greg Wilson &amp; Derek Kaye Club Dub)  #nowplaying  #sismogrooveFM https://t.co/wWsoVpuuKA", "created_at": "2020-07-11T19:17:02.000Z", "edit_history_tweet_ids": ["1282031159833223168"], "author_id": "960812381768179712"}, {"id": "1281993066136522752", "text": "@beat_valley @SamuelRGold @KentWeyrauch @benbbaldwin Exactly. Wilson\u2019s high point of dominance never got even close to Derek Carr\u2019s or Andrew Luck\u2019s", "created_at": "2020-07-11T16:45:39.000Z", "edit_history_tweet_ids": ["1281993066136522752"], "author_id": "80103181"}, {"id": "1281956090754801664", "text": "RT @iamperscoba: Congratulations to 7 newly qualified Doctors from KNUST.\n\nDoctors Bobby Brown, Isaac Ahorklo, Derek Wilson Adolwine, Danie\u2026", "created_at": "2020-07-11T14:18:44.000Z", "edit_history_tweet_ids": ["1281956090754801664"], "author_id": "344266229"}, {"id": "1281864570185883648", "text": "Derek Wilson explores the complex range of religious, political and commercial concerns that led this group of hopeful but fallible human beings to seek a new life on the other side of the world.\n\nThe Mayflower Pilgrims paperback edition, pre-order now &gt; https://t.co/i9VNoYg9xG https://t.co/MU1qiSURLK", "created_at": "2020-07-11T08:15:04.000Z", "edit_history_tweet_ids": ["1281864570185883648"], "author_id": "344060616"}, {"id": "1281763715084214272", "text": "@MarioMayor18 @bruh_gary So there all similar or better, Russell Wilson is in a west coast scheme, Carson is in a running and RPO scheme and lamar tucked the ball a lot to get 1,103 and still compete with mahomes passing when there a geek is to pass\ud83d\ude09 Derek can do it to https://t.co/tGuRBRhmIf", "created_at": "2020-07-11T01:34:18.000Z", "edit_history_tweet_ids": ["1281763715084214272"], "author_id": "888590076170584065"}, {"id": "1281737772479524865", "text": "Matthias es el puto gemelo de Derek Wilson (Wolf en Futureman) https://t.co/OzCI1IFFAO", "created_at": "2020-07-10T23:51:13.000Z", "edit_history_tweet_ids": ["1281737772479524865"], "author_id": "130810575"}, {"id": "1281712854857658368", "text": "RT @iamperscoba: Congratulations to 7 newly qualified Doctors from KNUST.\n\nDoctors Bobby Brown, Isaac Ahorklo, Derek Wilson Adolwine, Danie\u2026", "created_at": "2020-07-10T22:12:12.000Z", "edit_history_tweet_ids": ["1281712854857658368"], "author_id": "3945977253"}, {"id": "1281700908179558400", "text": "@PatrickRaeburn @Portis86Daniel @aBStRactARtiSTe @dholliday95 @GeorgieDuffy_ @darrengrimes_ My bad...Red Robbo (Derek Robinson). Can't seem to get that other waste of fecking space out of my head Ken Livingstone - another fuckwit. Oh and Wilson was a weak leader with absolute fuck all monetary sense.", "created_at": "2020-07-10T21:24:44.000Z", "edit_history_tweet_ids": ["1281700908179558400"], "author_id": "827279090616918016"}, {"id": "1281657597674827780", "text": "RT @iamperscoba: Congratulations to 7 newly qualified Doctors from KNUST.\n\nDoctors Bobby Brown, Isaac Ahorklo, Derek Wilson Adolwine, Danie\u2026", "created_at": "2020-07-10T18:32:37.000Z", "edit_history_tweet_ids": ["1281657597674827780"], "author_id": "1087048207"}, {"id": "1281618200585736198", "text": "RT @iamperscoba: Congratulations to 7 newly qualified Doctors from KNUST.\n\nDoctors Bobby Brown, Isaac Ahorklo, Derek Wilson Adolwine, Danie\u2026", "created_at": "2020-07-10T15:56:04.000Z", "edit_history_tweet_ids": ["1281618200585736198"], "author_id": "901357769726545920"}, {"id": "1281574391076270080", "text": "RT @iamperscoba: Congratulations to 7 newly qualified Doctors from KNUST.\n\nDoctors Bobby Brown, Isaac Ahorklo, Derek Wilson Adolwine, Danie\u2026", "created_at": "2020-07-10T13:01:59.000Z", "edit_history_tweet_ids": ["1281574391076270080"], "author_id": "137060867"}, {"id": "1281568582204370948", "text": "My girlfriend thinks Russell Wilson is a better quarterback than Derek Carr lol VOTE!", "created_at": "2020-07-10T12:38:55.000Z", "edit_history_tweet_ids": ["1281568582204370948"], "author_id": "407378153"}, {"id": "1281522640902131712", "text": "@DRFW @BBCScotlandNews @theSNP @BBCBreakfast Derek Wilson which one are you https://t.co/XNc57J75eW", "created_at": "2020-07-10T09:36:21.000Z", "edit_history_tweet_ids": ["1281522640902131712"], "author_id": "239289299"}, {"id": "1281490282543042561", "text": "RT @SPCKPublishing: What motivated the #Mayflower #Pilgrims to set sail and travel to the other side of the world?\n\nHistorian Derek Wilson\u2026", "created_at": "2020-07-10T07:27:46.000Z", "edit_history_tweet_ids": ["1281490282543042561"], "author_id": "25046756"}, {"id": "1281487084990222336", "text": "What motivated the #Mayflower #Pilgrims to set sail and travel to the other side of the world?\n\nHistorian Derek Wilson explores this and more in The Mayflower Pilgrims. Paperback edition publishes next week, pre-order now &gt;\nhttps://t.co/i9VNoYg9xG\n\n#Mayflower400 @DerekAlanWilson https://t.co/Vf8xaOqglS", "created_at": "2020-07-10T07:15:04.000Z", "edit_history_tweet_ids": ["1281487084990222336"], "author_id": "344060616"}, {"id": "1281280849326063616", "text": "Reparto:\nEllen Pompeo- Meredith Grey\nJustin Chambers - Alex Karev\nChandra Wilson - Miranda Bailey.\nPatrick Dempsey - Derek Shepherd.\nJesse Williams - Jackson Every. P", "created_at": "2020-07-09T17:35:34.000Z", "edit_history_tweet_ids": ["1281280849326063616"], "author_id": "1210344454302900225"}, {"id": "1281275703921537024", "text": "Publishing next week is the paperback edition of The Mayflower Pilgrims by historian Derek Wilson.\n\nWhy did this group of hopeful but fallible human beings seek a new life on the other side of the world? Derek explores the motivating forces &gt;\nhttps://t.co/i9VNoXYy96\n#Mayflower400 https://t.co/y6xLYToaMw", "created_at": "2020-07-09T17:15:07.000Z", "edit_history_tweet_ids": ["1281275703921537024"], "author_id": "344060616"}, {"id": "1281255708940435459", "text": "RT @PaulHembo: Longest active streaks of 50+ QBR \n(0-to-100 scale):\n\nPatrick Mahomes (36)\nMatthew Stafford (9)\nDerek Carr (4)\nRussell Wilso\u2026", "created_at": "2020-07-09T15:55:40.000Z", "edit_history_tweet_ids": ["1281255708940435459"], "author_id": "417546409"}, {"id": "1281195350246776838", "text": "RT @ArthurLynch3: 13th Sept 05 Accies 2 Carrigan, Keogh) Dundee 0 Challenge Cup with Alex Neil &amp; Marvyn Wilson, Scott McKenzie, Derek Flemi\u2026", "created_at": "2020-07-09T11:55:49.000Z", "edit_history_tweet_ids": ["1281195350246776838"], "author_id": "2650692153"}, {"id": "1281195139998908416", "text": "RT @ArthurLynch3: 13th Sept 05 Accies 2 Carrigan, Keogh) Dundee 0 Challenge Cup with Alex Neil &amp; Marvyn Wilson, Scott McKenzie, Derek Flemi\u2026", "created_at": "2020-07-09T11:54:59.000Z", "edit_history_tweet_ids": ["1281195139998908416"], "author_id": "329606884"}, {"id": "1281175728265007104", "text": "RT @devinnotbooker: Amy Cooper has been indicted but I'll sleep easier when these names are indicted:\n\n- Ofc Garrett Rolfe\n- Ofc Derek Chau\u2026", "created_at": "2020-07-09T10:37:51.000Z", "edit_history_tweet_ids": ["1281175728265007104"], "author_id": "35964024"}, {"id": "1281161580462444544", "text": "RT @iamperscoba: Congratulations to 7 newly qualified Doctors from KNUST.\n\nDoctors Bobby Brown, Isaac Ahorklo, Derek Wilson Adolwine, Danie\u2026", "created_at": "2020-07-09T09:41:38.000Z", "edit_history_tweet_ids": ["1281161580462444544"], "author_id": "758782916902129664"}, {"id": "1281089037516718081", "text": "RT @PFF_Jarad: Highest-graded QBs on 3rd/4th down in 2019:\n\n1. Russell Wilson\n2. Kirk Cousins\n3. Drew Brees\n4. Matt Ryan\n5. Aaron Rodgers\n5\u2026", "created_at": "2020-07-09T04:53:22.000Z", "edit_history_tweet_ids": ["1281089037516718081"], "author_id": "1422499184"}, {"id": "1280973816324186112", "text": "RT @PFF_Jarad: Highest-graded QBs on 3rd/4th down in 2019:\n\n1. Russell Wilson\n2. Kirk Cousins\n3. Drew Brees\n4. Matt Ryan\n5. Aaron Rodgers\n5\u2026", "created_at": "2020-07-08T21:15:31.000Z", "edit_history_tweet_ids": ["1280973816324186112"], "author_id": "613178356"}, {"id": "1280970961639010304", "text": "RT @PFF_Jarad: Highest-graded QBs on 3rd/4th down in 2019:\n\n1. Russell Wilson\n2. Kirk Cousins\n3. Drew Brees\n4. Matt Ryan\n5. Aaron Rodgers\n5\u2026", "created_at": "2020-07-08T21:04:11.000Z", "edit_history_tweet_ids": ["1280970961639010304"], "author_id": "903623857537302530"}, {"id": "1280955479104110595", "text": "RT @PaulHembo: Longest active streaks of 50+ QBR \n(0-to-100 scale):\n\nPatrick Mahomes (36)\nMatthew Stafford (9)\nDerek Carr (4)\nRussell Wilso\u2026", "created_at": "2020-07-08T20:02:39.000Z", "edit_history_tweet_ids": ["1280955479104110595"], "author_id": "1387813826"}, {"id": "1280937017329795075", "text": "RT @PaulHembo: Longest active streaks of 50+ QBR \n(0-to-100 scale):\n\nPatrick Mahomes (36)\nMatthew Stafford (9)\nDerek Carr (4)\nRussell Wilso\u2026", "created_at": "2020-07-08T18:49:18.000Z", "edit_history_tweet_ids": ["1280937017329795075"], "author_id": "2990820945"}, {"id": "1280903262858862592", "text": "RT @PaulHembo: Longest active streaks of 50+ QBR \n(0-to-100 scale):\n\nPatrick Mahomes (36)\nMatthew Stafford (9)\nDerek Carr (4)\nRussell Wilso\u2026", "created_at": "2020-07-08T16:35:10.000Z", "edit_history_tweet_ids": ["1280903262858862592"], "author_id": "963764785"}, {"id": "1280880024745209859", "text": "RT @PFF_Jarad: Highest-graded QBs on 3rd/4th down in 2019:\n\n1. Russell Wilson\n2. Kirk Cousins\n3. Drew Brees\n4. Matt Ryan\n5. Aaron Rodgers\n5\u2026", "created_at": "2020-07-08T15:02:50.000Z", "edit_history_tweet_ids": ["1280880024745209859"], "author_id": "121655018"}, {"id": "1280876647034630144", "text": "RT @PFF_Jarad: Highest-graded QBs on 3rd/4th down in 2019:\n\n1. Russell Wilson\n2. Kirk Cousins\n3. Drew Brees\n4. Matt Ryan\n5. Aaron Rodgers\n5\u2026", "created_at": "2020-07-08T14:49:24.000Z", "edit_history_tweet_ids": ["1280876647034630144"], "author_id": "1267694309702283264"}, {"id": "1280871768585093122", "text": "RT @PFF_Jarad: Highest-graded QBs on 3rd/4th down in 2019:\n\n1. Russell Wilson\n2. Kirk Cousins\n3. Drew Brees\n4. Matt Ryan\n5. Aaron Rodgers\n5\u2026", "created_at": "2020-07-08T14:30:01.000Z", "edit_history_tweet_ids": ["1280871768585093122"], "author_id": "2606616841"}, {"id": "1280865956827463680", "text": "RT @PaulHembo: Longest active streaks of 50+ QBR \n(0-to-100 scale):\n\nPatrick Mahomes (36)\nMatthew Stafford (9)\nDerek Carr (4)\nRussell Wilso\u2026", "created_at": "2020-07-08T14:06:56.000Z", "edit_history_tweet_ids": ["1280865956827463680"], "author_id": "373676266"}, {"id": "1280863493521104896", "text": "RT @PFF_Jarad: Highest-graded QBs on 3rd/4th down in 2019:\n\n1. Russell Wilson\n2. Kirk Cousins\n3. Drew Brees\n4. Matt Ryan\n5. Aaron Rodgers\n5\u2026", "created_at": "2020-07-08T13:57:08.000Z", "edit_history_tweet_ids": ["1280863493521104896"], "author_id": "3464190918"}, {"id": "1280862203847958529", "text": "RT @PFF_Jarad: Highest-graded QBs on 3rd/4th down in 2019:\n\n1. Russell Wilson\n2. Kirk Cousins\n3. Drew Brees\n4. Matt Ryan\n5. Aaron Rodgers\n5\u2026", "created_at": "2020-07-08T13:52:01.000Z", "edit_history_tweet_ids": ["1280862203847958529"], "author_id": "32772154"}, {"id": "1280861550513881089", "text": "RT @PaulHembo: Longest active streaks of 50+ QBR \n(0-to-100 scale):\n\nPatrick Mahomes (36)\nMatthew Stafford (9)\nDerek Carr (4)\nRussell Wilso\u2026", "created_at": "2020-07-08T13:49:25.000Z", "edit_history_tweet_ids": ["1280861550513881089"], "author_id": "764254885"}, {"id": "1280852912457936896", "text": "RT @PFF_Jarad: Highest-graded QBs on 3rd/4th down in 2019:\n\n1. Russell Wilson\n2. Kirk Cousins\n3. Drew Brees\n4. Matt Ryan\n5. Aaron Rodgers\n5\u2026", "created_at": "2020-07-08T13:15:06.000Z", "edit_history_tweet_ids": ["1280852912457936896"], "author_id": "596971523"}, {"id": "1280849819796410369", "text": "RT @BobbySkinner_: Successful players who have led the NFL in fumbles in the 21st century\n\nLamar Jackson\nDak Prescott\nCarson Palmer\nCarson\u2026", "created_at": "2020-07-08T13:02:48.000Z", "edit_history_tweet_ids": ["1280849819796410369"], "author_id": "1068988363435331591"}, {"id": "1280847909957832704", "text": "16. Atticus Lincoln \n15. Jackson Avery\n14. Jo Wilson\n13. Lexie Grey\n12. Tom Koracick\n11. Owen Hunt\n10. Levi Schmitt \n9. Teddy Altman\n8. Miranda Bailey\n7. Richard Webber\n6. Derek Shepherd \n5. Mark Sloan\n4. Addison Montgomery\n3. Cristina Yang\n2. Alex Karev\n1. Meredith Grey", "created_at": "2020-07-08T12:55:13.000Z", "edit_history_tweet_ids": ["1280847909957832704"], "author_id": "29109326"}, {"id": "1280844669312741376", "text": "RT @PaulHembo: Longest active streaks of 50+ QBR \n(0-to-100 scale):\n\nPatrick Mahomes (36)\nMatthew Stafford (9)\nDerek Carr (4)\nRussell Wilso\u2026", "created_at": "2020-07-08T12:42:20.000Z", "edit_history_tweet_ids": ["1280844669312741376"], "author_id": "827815076"}, {"id": "1280842012724355074", "text": "RT @PFF_Jarad: Highest-graded QBs on 3rd/4th down in 2019:\n\n1. Russell Wilson\n2. Kirk Cousins\n3. Drew Brees\n4. Matt Ryan\n5. Aaron Rodgers\n5\u2026", "created_at": "2020-07-08T12:31:47.000Z", "edit_history_tweet_ids": ["1280842012724355074"], "author_id": "317609731"}, {"id": "1280840746967330816", "text": "RT @JimmyGsBurner: Most 25+ Yard Completions 2016-19\n\n1. Kirk Cousins (143)\n2. Tom Brady (138)\nt3. Russell Wilson (137)\nt3. Philip Rivers (\u2026", "created_at": "2020-07-08T12:26:45.000Z", "edit_history_tweet_ids": ["1280840746967330816"], "author_id": "76627001"}, {"id": "1280825799474663424", "text": "RT @PaulHembo: Longest active streaks of 50+ QBR \n(0-to-100 scale):\n\nPatrick Mahomes (36)\nMatthew Stafford (9)\nDerek Carr (4)\nRussell Wilso\u2026", "created_at": "2020-07-08T11:27:21.000Z", "edit_history_tweet_ids": ["1280825799474663424"], "author_id": "1041370802"}, {"id": "1280814071722328069", "text": "RT @PFF_Jarad: Highest-graded QBs on 3rd/4th down in 2019:\n\n1. Russell Wilson\n2. Kirk Cousins\n3. Drew Brees\n4. Matt Ryan\n5. Aaron Rodgers\n5\u2026", "created_at": "2020-07-08T10:40:45.000Z", "edit_history_tweet_ids": ["1280814071722328069"], "author_id": "363789925"}, {"id": "1280792877673693184", "text": "RT @PFF_Jarad: Highest-graded QBs on 3rd/4th down in 2019:\n\n1. Russell Wilson\n2. Kirk Cousins\n3. Drew Brees\n4. Matt Ryan\n5. Aaron Rodgers\n5\u2026", "created_at": "2020-07-08T09:16:32.000Z", "edit_history_tweet_ids": ["1280792877673693184"], "author_id": "2927786593"}, {"id": "1280784371167793156", "text": "RT @PFF_Jarad: Highest-graded QBs on 3rd/4th down in 2019:\n\n1. Russell Wilson\n2. Kirk Cousins\n3. Drew Brees\n4. Matt Ryan\n5. Aaron Rodgers\n5\u2026", "created_at": "2020-07-08T08:42:44.000Z", "edit_history_tweet_ids": ["1280784371167793156"], "author_id": "444489550"}, {"id": "1280767180133609473", "text": "RT @PFF_Jarad: Highest-graded QBs on 3rd/4th down in 2019:\n\n1. Russell Wilson\n2. Kirk Cousins\n3. Drew Brees\n4. Matt Ryan\n5. Aaron Rodgers\n5\u2026", "created_at": "2020-07-08T07:34:25.000Z", "edit_history_tweet_ids": ["1280767180133609473"], "author_id": "1367452765"}, {"id": "1280761920530927616", "text": "RT @PaulHembo: Longest active streaks of 50+ QBR \n(0-to-100 scale):\n\nPatrick Mahomes (36)\nMatthew Stafford (9)\nDerek Carr (4)\nRussell Wilso\u2026", "created_at": "2020-07-08T07:13:31.000Z", "edit_history_tweet_ids": ["1280761920530927616"], "author_id": "3300760554"}, {"id": "1280748155336822784", "text": "RT @iamperscoba: Congratulations to 7 newly qualified Doctors from KNUST.\n\nDoctors Bobby Brown, Isaac Ahorklo, Derek Wilson Adolwine, Danie\u2026", "created_at": "2020-07-08T06:18:50.000Z", "edit_history_tweet_ids": ["1280748155336822784"], "author_id": "3250917365"}, {"id": "1280745657574100994", "text": "RT @PFF_Jarad: Highest-graded QBs on 3rd/4th down in 2019:\n\n1. Russell Wilson\n2. Kirk Cousins\n3. Drew Brees\n4. Matt Ryan\n5. Aaron Rodgers\n5\u2026", "created_at": "2020-07-08T06:08:54.000Z", "edit_history_tweet_ids": ["1280745657574100994"], "author_id": "429189805"}, {"id": "1280727308995825667", "text": "RT @PaulHembo: Longest active streaks of 50+ QBR \n(0-to-100 scale):\n\nPatrick Mahomes (36)\nMatthew Stafford (9)\nDerek Carr (4)\nRussell Wilso\u2026", "created_at": "2020-07-08T04:55:59.000Z", "edit_history_tweet_ids": ["1280727308995825667"], "author_id": "367617460"}, {"id": "1280725871515426816", "text": "RT @PFF_Jarad: Highest-graded QBs on 3rd/4th down in 2019:\n\n1. Russell Wilson\n2. Kirk Cousins\n3. Drew Brees\n4. Matt Ryan\n5. Aaron Rodgers\n5\u2026", "created_at": "2020-07-08T04:50:17.000Z", "edit_history_tweet_ids": ["1280725871515426816"], "author_id": "3026766085"}, {"id": "1280718710341349377", "text": "RT @PaulHembo: Longest active streaks of 50+ QBR \n(0-to-100 scale):\n\nPatrick Mahomes (36)\nMatthew Stafford (9)\nDerek Carr (4)\nRussell Wilso\u2026", "created_at": "2020-07-08T04:21:49.000Z", "edit_history_tweet_ids": ["1280718710341349377"], "author_id": "592273401"}, {"id": "1280710120075399170", "text": "RT @PaulHembo: Longest active streaks of 50+ QBR \n(0-to-100 scale):\n\nPatrick Mahomes (36)\nMatthew Stafford (9)\nDerek Carr (4)\nRussell Wilso\u2026", "created_at": "2020-07-08T03:47:41.000Z", "edit_history_tweet_ids": ["1280710120075399170"], "author_id": "261878291"}, {"id": "1280706608033665024", "text": "RT @PaulHembo: Longest active streaks of 50+ QBR \n(0-to-100 scale):\n\nPatrick Mahomes (36)\nMatthew Stafford (9)\nDerek Carr (4)\nRussell Wilso\u2026", "created_at": "2020-07-08T03:33:44.000Z", "edit_history_tweet_ids": ["1280706608033665024"], "author_id": "1227323421115273216"}, {"id": "1280706424037752833", "text": "RT @JimmyGsBurner: Most 25+ Yard Completions 2016-19\n\n1. Kirk Cousins (143)\n2. Tom Brady (138)\nt3. Russell Wilson (137)\nt3. Philip Rivers (\u2026", "created_at": "2020-07-08T03:33:00.000Z", "edit_history_tweet_ids": ["1280706424037752833"], "author_id": "2936457860"}, {"id": "1280705432823066625", "text": "RT @PaulHembo: Longest active streaks of 50+ QBR \n(0-to-100 scale):\n\nPatrick Mahomes (36)\nMatthew Stafford (9)\nDerek Carr (4)\nRussell Wilso\u2026", "created_at": "2020-07-08T03:29:04.000Z", "edit_history_tweet_ids": ["1280705432823066625"], "author_id": "1228410542"}, {"id": "1280704799227416582", "text": "RT @PFF_Jarad: Highest-graded QBs on 3rd/4th down in 2019:\n\n1. Russell Wilson\n2. Kirk Cousins\n3. Drew Brees\n4. Matt Ryan\n5. Aaron Rodgers\n5\u2026", "created_at": "2020-07-08T03:26:33.000Z", "edit_history_tweet_ids": ["1280704799227416582"], "author_id": "1093285726207332355"}, {"id": "1280701451837284352", "text": "RT @PaulHembo: Longest active streaks of 50+ QBR \n(0-to-100 scale):\n\nPatrick Mahomes (36)\nMatthew Stafford (9)\nDerek Carr (4)\nRussell Wilso\u2026", "created_at": "2020-07-08T03:13:15.000Z", "edit_history_tweet_ids": ["1280701451837284352"], "author_id": "3285988520"}, {"id": "1280696373436911619", "text": "RT @BrandonGuyer: \ud83e\udd15\ud83e\udd15\ud83e\udd15 RT @matthewpouliot: Highest ever HBP rate, min. 1,000 PA\n\nBrandon Guyer: .057\nHughie Jennings: .051\nDerek Dietrich: .\u2026", "created_at": "2020-07-08T02:53:04.000Z", "edit_history_tweet_ids": ["1280696373436911619"], "author_id": "305493043"}, {"id": "1280695160150487041", "text": "RT @PaulHembo: Longest active streaks of 50+ QBR \n(0-to-100 scale):\n\nPatrick Mahomes (36)\nMatthew Stafford (9)\nDerek Carr (4)\nRussell Wilso\u2026", "created_at": "2020-07-08T02:48:15.000Z", "edit_history_tweet_ids": ["1280695160150487041"], "author_id": "314738196"}, {"id": "1280690647498981384", "text": "RT @PaulHembo: Longest active streaks of 50+ QBR \n(0-to-100 scale):\n\nPatrick Mahomes (36)\nMatthew Stafford (9)\nDerek Carr (4)\nRussell Wilso\u2026", "created_at": "2020-07-08T02:30:19.000Z", "edit_history_tweet_ids": ["1280690647498981384"], "author_id": "1117701427"}, {"id": "1280687563502739457", "text": "RT @PaulHembo: Longest active streaks of 50+ QBR \n(0-to-100 scale):\n\nPatrick Mahomes (36)\nMatthew Stafford (9)\nDerek Carr (4)\nRussell Wilso\u2026", "created_at": "2020-07-08T02:18:03.000Z", "edit_history_tweet_ids": ["1280687563502739457"], "author_id": "2765290827"}, {"id": "1280687148350480384", "text": "RT @PaulHembo: Longest active streaks of 50+ QBR \n(0-to-100 scale):\n\nPatrick Mahomes (36)\nMatthew Stafford (9)\nDerek Carr (4)\nRussell Wilso\u2026", "created_at": "2020-07-08T02:16:24.000Z", "edit_history_tweet_ids": ["1280687148350480384"], "author_id": "2398749054"}, {"id": "1280685679182258176", "text": "RT @PaulHembo: Longest active streaks of 50+ QBR \n(0-to-100 scale):\n\nPatrick Mahomes (36)\nMatthew Stafford (9)\nDerek Carr (4)\nRussell Wilso\u2026", "created_at": "2020-07-08T02:10:34.000Z", "edit_history_tweet_ids": ["1280685679182258176"], "author_id": "169596733"}, {"id": "1280684746553655298", "text": "RT @PaulHembo: Longest active streaks of 50+ QBR \n(0-to-100 scale):\n\nPatrick Mahomes (36)\nMatthew Stafford (9)\nDerek Carr (4)\nRussell Wilso\u2026", "created_at": "2020-07-08T02:06:52.000Z", "edit_history_tweet_ids": ["1280684746553655298"], "author_id": "29367753"}, {"id": "1280674353022210050", "text": "RT @PaulHembo: Longest active streaks of 50+ QBR \n(0-to-100 scale):\n\nPatrick Mahomes (36)\nMatthew Stafford (9)\nDerek Carr (4)\nRussell Wilso\u2026", "created_at": "2020-07-08T01:25:34.000Z", "edit_history_tweet_ids": ["1280674353022210050"], "author_id": "368692212"}, {"id": "1280673600266215424", "text": "RT @PFF_Jarad: Highest-graded QBs on 3rd/4th down in 2019:\n\n1. Russell Wilson\n2. Kirk Cousins\n3. Drew Brees\n4. Matt Ryan\n5. Aaron Rodgers\n5\u2026", "created_at": "2020-07-08T01:22:34.000Z", "edit_history_tweet_ids": ["1280673600266215424"], "author_id": "4877127868"}, {"id": "1280671977271898112", "text": "RT @PaulHembo: Longest active streaks of 50+ QBR \n(0-to-100 scale):\n\nPatrick Mahomes (36)\nMatthew Stafford (9)\nDerek Carr (4)\nRussell Wilso\u2026", "created_at": "2020-07-08T01:16:07.000Z", "edit_history_tweet_ids": ["1280671977271898112"], "author_id": "493620459"}], "meta": {"newest_id": "1282811905812377600", "oldest_id": "1280671977271898112", "result_count": 94, "next_token": "b26v89c19zqg8o3fo7jcgptyq2gueepol20e5m5n7a6il"}}