{"data": [{"created_at": "2021-12-30T22:29:47.000Z", "id": "1476681953323720706", "text": "RT @MagallanesHoy: #LineUp de #MagallanesHoy #30Dic vs #Cardenales en #Barquisimeto\n\nCade Gotta 8\nAlberto Gonz\u00e1lez 5\n\u00c1ngel Reyes BD \nNellie\u2026", "author_id": "1202299513991503882", "edit_history_tweet_ids": ["1476681953323720706"]}, {"created_at": "2021-12-30T22:26:28.000Z", "id": "1476681118619299852", "text": "RT @Gregoriodalbon: Para qu\u00e9? si hace 40 d\u00edas est\u00e1n durmiendo el Juicio Pol\u00edtico del Juez de Menores Alejandro Rodolfo Cilleruelo. \nJuez qu\u2026", "author_id": "727202831766265857", "edit_history_tweet_ids": ["1476681118619299852"]}, {"created_at": "2021-12-30T22:25:45.000Z", "id": "1476680936620273668", "text": "RT @PostData_News: #Polic\u00edas \nEl Comisionado de Seguridad en Morelia, Alejandro Gonz\u00e1lez inform\u00f3 que fueron separados del cargo 9 polic\u00edas\u2026", "author_id": "377066673", "edit_history_tweet_ids": ["1476680936620273668"]}, {"created_at": "2021-12-30T22:22:20.000Z", "id": "1476680078771818497", "text": "#LineUp de #MagallanesHoy #30Dic vs #Cardenales en #Barquisimeto\n\nCade Gotta 8\nAlberto Gonz\u00e1lez 5\n\u00c1ngel Reyes BD \nNellie Rodr\u00edguez 3\nLeonardo Reginatto 3\nAlejandro de Aza 9\nAlbert Mart\u00ednez 7\nCarlos P\u00e9rez 2\nGabriel Noriega 6\n\nRobert Z\u00e1rate 1\n\n#Magallanes #LVBP  #FelizJueves https://t.co/2H1ezO5oba", "author_id": "1909888508", "edit_history_tweet_ids": ["1476680078771818497"]}, {"created_at": "2021-12-30T21:59:28.000Z", "id": "1476674324312387595", "text": "RT @inau_oficial: Participaron el presidente de #INAU @pabloabdala66, el vicepresidente @afvelazquez, el presidente del @OficialCAP Ignacio\u2026", "author_id": "324612736", "edit_history_tweet_ids": ["1476674324312387595"]}, {"created_at": "2021-12-30T21:28:02.000Z", "id": "1476666411271565323", "text": "RT @inau_oficial: Participaron el presidente de #INAU @pabloabdala66, el vicepresidente @afvelazquez, el presidente del @OficialCAP Ignacio\u2026", "author_id": "269994392", "edit_history_tweet_ids": ["1476666411271565323"]}, {"created_at": "2021-12-30T21:27:00.000Z", "id": "1476666151732068361", "text": "RT @Gregoriodalbon: Para qu\u00e9? si hace 40 d\u00edas est\u00e1n durmiendo el Juicio Pol\u00edtico del Juez de Menores Alejandro Rodolfo Cilleruelo. \nJuez qu\u2026", "author_id": "321085835", "edit_history_tweet_ids": ["1476666151732068361"]}, {"created_at": "2021-12-30T21:23:06.000Z", "id": "1476665172693499906", "text": "RT @SinFaltapy: Casualmente... el Dr. Lovera es abogado de los Gonzalez Daher y de Alejandro Dom\u00ednguez...\nLos que hacen lo que quieren con\u2026", "author_id": "218316422", "edit_history_tweet_ids": ["1476665172693499906"]}, {"created_at": "2021-12-30T21:22:19.000Z", "id": "1476664975540338693", "text": "RT @inau_oficial: Participaron el presidente de #INAU @pabloabdala66, el vicepresidente @afvelazquez, el presidente del @OficialCAP Ignacio\u2026", "author_id": "843209503621439489", "edit_history_tweet_ids": ["1476664975540338693"]}, {"created_at": "2021-12-30T21:21:50.000Z", "id": "1476664852764626951", "text": "RT @SinFaltapy: Casualmente... el Dr. Lovera es abogado de los Gonzalez Daher y de Alejandro Dom\u00ednguez...\nLos que hacen lo que quieren con\u2026", "author_id": "364661184", "edit_history_tweet_ids": ["1476664852764626951"]}, {"created_at": "2021-12-30T21:12:30.000Z", "id": "1476662504407318531", "text": "RT @mc_ilse78: Libres los queremos Alejandro Ch\u00e1vez Hern\u00e1ndez,  Alexis Horacio, Daniel Gonz\u00e1lez y para todos los injustamente presos\n#Amnis\u2026", "author_id": "1394305191244148743", "edit_history_tweet_ids": ["1476662504407318531"]}, {"created_at": "2021-12-30T21:08:08.000Z", "id": "1476661405990342657", "text": "RT @mc_ilse78: Libres los queremos Alejandro Ch\u00e1vez Hern\u00e1ndez,  Alexis Horacio, Daniel Gonz\u00e1lez y para todos los injustamente presos\n#Amnis\u2026", "author_id": "1676108730", "edit_history_tweet_ids": ["1476661405990342657"]}, {"created_at": "2021-12-30T20:50:19.000Z", "id": "1476656919087616003", "text": "El tren Belgrano Sur. Ramal Gonz\u00e1lez Cat\u00e1n con servicio limitado Villa Soldati-Gonz\u00e1lez Cat\u00e1n por corte de v\u00edas en Soldati y el Roca ramal Alejandro Korn con trayecto corto Plaza Constituci\u00f3n-Burzaco por incidente. #PeriodistaDeTransito", "author_id": "288259001", "edit_history_tweet_ids": ["1476656919087616003"]}, {"created_at": "2021-12-30T20:39:25.000Z", "id": "1476654176440569857", "text": "RT @capitalporcual: Para estas fiestas decembrinas y hasta el cercano #A\u00f1oNuevo \ud83e\udd73 no puede faltar la m\u00fasica \ud83c\udfb6\n\nAlejandro Gonz\u00e1lez, de @Revi\u2026", "author_id": "123738178", "edit_history_tweet_ids": ["1476654176440569857"]}, {"created_at": "2021-12-30T20:39:15.000Z", "id": "1476654135877509124", "text": "'The Revenant' (Alejandro Gonz\u00e1lez I\u00f1\u00e1rritu, 2015) https://t.co/ih90tZa2i7", "author_id": "346893166", "edit_history_tweet_ids": ["1476654135877509124"]}, {"created_at": "2021-12-30T20:25:48.000Z", "id": "1476650752517066763", "text": "RT @SinFaltapy: Casualmente... el Dr. Lovera es abogado de los Gonzalez Daher y de Alejandro Dom\u00ednguez...\nLos que hacen lo que quieren con\u2026", "author_id": "2938980597", "edit_history_tweet_ids": ["1476650752517066763"]}, {"created_at": "2021-12-30T20:23:32.000Z", "id": "1476650178602061828", "text": "Imagen Noticias \ud83d\udcf0 - Ratifica @jm_fraustro a Luis Alejandro Hassaf Tob\u00edas en Servicios Primarios y a Luis Alfonso Carrillo Gonz\u00e1lez en Salud P\u00fablica.\n#alcaldes #alcalde #saltillo #saltillocoahuila #noticias #saludp\u00fablica @SaltilloGob @jm_fraustro @manolojim https://t.co/bOOfzmP7ni", "author_id": "1331022760974303232", "edit_history_tweet_ids": ["1476650178602061828"]}, {"created_at": "2021-12-30T20:21:29.000Z", "id": "1476649665701597188", "text": "RT @mc_ilse78: libertada para Alejandro Ch\u00e1vez Hern\u00e1ndez,  Alexis Horacio, Daniel Gonz\u00e1lez y para todos los injustamente presos \ud83d\udd4a\ud83d\udd4a\ud83d\udd4a\n#Amnist\u2026", "author_id": "1475914330608652289", "edit_history_tweet_ids": ["1476649665701597188"]}, {"created_at": "2021-12-30T20:19:10.000Z", "id": "1476649082919788549", "text": "RT @mc_ilse78: Libres los queremos Alejandro Ch\u00e1vez Hern\u00e1ndez,  Alexis Horacio, Daniel Gonz\u00e1lez y para todos los injustamente presos\n#Amnis\u2026", "author_id": "1475914330608652289", "edit_history_tweet_ids": ["1476649082919788549"]}, {"created_at": "2021-12-30T20:13:41.000Z", "id": "1476647700464652298", "text": "\ud83c\uddea\ud83c\uddf8 \u0130spanya merkezli tak\u0131mlardan Movistar Riders Academy (@Movistar_Riders) be\u015f oyuncuyu kadrosuna katt\u0131:\n\n\ud83c\uddea\ud83c\uddf8 Eduardo \"Dudu\" F. G. Mero\n\ud83c\uddea\ud83c\uddf8 \"Valans\"\n\ud83c\uddea\ud83c\uddf8 Alejandro \"Izeman\" R. Gonz\u00e1lez\n\ud83c\uddea\ud83c\uddf8 Agust\u00edn \"Aglaro\" Z. Correa\n\ud83c\uddea\ud83c\uddf8 Alberto \"Vega\" V. Garc\u00eda\n\n\ud83d\udce2 https://t.co/z2YS4pR3Xc https://t.co/Fc0sbkTHZu", "author_id": "1434973043563147264", "edit_history_tweet_ids": ["1476647700464652298"]}, {"created_at": "2021-12-30T20:00:48.000Z", "id": "1476644458024235019", "text": "RT @inau_oficial: Alejandro Gonz\u00e1lez, de la Comisi\u00f3n de Asuntos Sociales de @OficialCAP enfatiz\u00f3 la importancia de realizar acciones de res\u2026", "author_id": "166165066", "edit_history_tweet_ids": ["1476644458024235019"]}, {"created_at": "2021-12-30T20:00:03.000Z", "id": "1476644269196668933", "text": "RT @expressnewsPy: [BOMBA]\nAlejandro Dom\u00ednguez habr\u00eda heredado esquema de apriete judicial del nefasto Clan Gonz\u00e1lez Daher https://t.co/VAS\u2026", "author_id": "1118656412803129345", "edit_history_tweet_ids": ["1476644269196668933"]}, {"created_at": "2021-12-30T19:51:50.000Z", "id": "1476642203610976256", "text": "RT @expressnewsPy: [BOMBA]\nAlejandro Dom\u00ednguez habr\u00eda heredado esquema de apriete judicial del nefasto Clan Gonz\u00e1lez Daher https://t.co/VAS\u2026", "author_id": "2209746031", "edit_history_tweet_ids": ["1476642203610976256"]}, {"created_at": "2021-12-30T19:44:38.000Z", "id": "1476640389721436160", "text": "#Polic\u00edas \nEl Comisionado de Seguridad en Morelia, Alejandro Gonz\u00e1lez inform\u00f3 que fueron separados del cargo 9 polic\u00edas municipales, tras reprobar el examen de control y confianza, as\u00ed como por actos de corrupci\u00f3n y faltas administrativas.\n#postdatanews\nhttps://t.co/n1Rc7huTHS", "author_id": "1232550188570509312", "edit_history_tweet_ids": ["1476640389721436160"]}, {"created_at": "2021-12-30T19:37:44.000Z", "id": "1476638656249176070", "text": "Carta a Cupido - Bacilos &amp; Alejandro Gonz\u00e1lez-Carta a Cupido - Single", "author_id": "768188569819156484", "edit_history_tweet_ids": ["1476638656249176070"]}, {"created_at": "2021-12-30T19:29:45.000Z", "id": "1476636644321247236", "text": "#Trenes:\n\n\ud83d\udc49#L\u00edneaBelgranoSur:\n\u27a1\ufe0fRamal Gonz\u00e1lez Cat\u00e1n: limitado Villa Soldati-Gonz\u00e1lez Cat\u00e1n y ramal Marinos reducido Tapiales-Marinos por un corte de v\u00edas en Soldati.\n\n\ud83d\udc49#L\u00edneaRoca:\n\u27a1\ufe0fRamal Alejandro Korn limitado Plaza Constituci\u00f3n-Burzaco por colisi\u00f3n en Burzaco.", "author_id": "143555869", "edit_history_tweet_ids": ["1476636644321247236"]}, {"created_at": "2021-12-30T19:18:17.000Z", "id": "1476633757998215180", "text": "\ud83c\udfad El teatro en M\u00e9xico inici\u00f3 desde la \u00e9poca prehisp\u00e1nica, con grandes ceremonias y rituales. Analiza este tema con \u00c1ngeles Gonz\u00e1lez Gamio, Hugo Hiriart y Alejandro Luna en la serie \u00ab#Cr\u00f3nicasYRelatosdeM\u00e9xico a dos voces\u00bb.\n\nTe esperamos a las 13:00h Pac\u00edfico/16:00h Este.\u23f0 https://t.co/GcTS9bybMm", "author_id": "159193071", "edit_history_tweet_ids": ["1476633757998215180"]}, {"created_at": "2021-12-30T19:15:55.000Z", "id": "1476633163610865669", "text": "RT @SinFaltapy: Excelente art\u00edculo q cuenta c\u00f3mo A. Dom\u00ednguez utiliza a la justicia paraguaya para intentar callar a quien se anime a habla\u2026", "author_id": "1451959514572464137", "edit_history_tweet_ids": ["1476633163610865669"]}, {"created_at": "2021-12-30T19:15:46.000Z", "id": "1476633125098819594", "text": "RT @DADALope210DADA: @SinFaltapy @CONMEBOL La mafia  judicial gonzalez daher y alejandro dominguez son la misma esquema de todos los juicio\u2026", "author_id": "1451959514572464137", "edit_history_tweet_ids": ["1476633125098819594"]}, {"created_at": "2021-12-30T19:07:55.000Z", "id": "1476631151649312774", "text": "RT @Gregoriodalbon: Para qu\u00e9? si hace 40 d\u00edas est\u00e1n durmiendo el Juicio Pol\u00edtico del Juez de Menores Alejandro Rodolfo Cilleruelo. \nJuez qu\u2026", "author_id": "2863330337", "edit_history_tweet_ids": ["1476631151649312774"]}, {"created_at": "2021-12-30T19:06:48.000Z", "id": "1476630869410516997", "text": "Manuel Alejandro Gonz\u00e1lez,  Secretario de Desarrollo Econ\u00f3mico se\u00f1al\u00f3 que los paros continuar\u00e1n al menos por el primer trimestre del pr\u00f3ximo a\u00f1o adem\u00e1s se\u00f1al\u00f3 que  no se han dado despidos a consecuencia de la desaceleraci\u00f3n en la producci\u00f3n. https://t.co/NyZilL6vsl", "author_id": "1202333079429373954", "edit_history_tweet_ids": ["1476630869410516997"]}, {"created_at": "2021-12-30T18:49:51.000Z", "id": "1476626602238881792", "text": "@Denilson_Jarde Parece que Alejandro Gonz\u00e1lez se queda", "author_id": "1391792727675875328", "edit_history_tweet_ids": ["1476626602238881792"]}, {"created_at": "2021-12-30T18:30:00.000Z", "id": "1476621608571703334", "text": "Para estas fiestas decembrinas y hasta el cercano #A\u00f1oNuevo \ud83e\udd73 no puede faltar la m\u00fasica \ud83c\udfb6\n\nAlejandro Gonz\u00e1lez, de @RevistaMarvin, nos recomend\u00f3 algunos discos de los Beach Boys, y m\u00e1s.\n\nCh\u00e9calos en #CapitalPorCual con @TapiaFernanda y @Ciriacoelcharro | https://t.co/XouvKTh23D https://t.co/zyTg0sy11S", "author_id": "1357157394044837888", "edit_history_tweet_ids": ["1476621608571703334"]}, {"created_at": "2021-12-30T18:15:13.000Z", "id": "1476617886521344000", "text": "Del equipo subcampe\u00f3n le quitaron a Carlos Gonz\u00e1lez, Andr\u00e9s Iniestra y a Alejandro Mayorga. \u00bfSus reemplazos? Gabriel Torres y Efra\u00edn Velarde (un torneo despu\u00e9s). Despu\u00e9s no compraron a Facundo Waller y Juan Pablo Vig\u00f3n se fue VENDIDO a Tigres. 1/2 https://t.co/A21UhALtD9", "author_id": "1188566582575939584", "edit_history_tweet_ids": ["1476617886521344000"]}, {"created_at": "2021-12-30T17:53:45.000Z", "id": "1476612487944486916", "text": "RT @Gregoriodalbon: Para qu\u00e9? si hace 40 d\u00edas est\u00e1n durmiendo el Juicio Pol\u00edtico del Juez de Menores Alejandro Rodolfo Cilleruelo. \nJuez qu\u2026", "author_id": "1114694285948071937", "edit_history_tweet_ids": ["1476612487944486916"]}, {"created_at": "2021-12-30T17:51:32.000Z", "id": "1476611929577689093", "text": "RT @inau_oficial: Participaron el presidente de #INAU @pabloabdala66, el vicepresidente @afvelazquez, el presidente del @OficialCAP Ignacio\u2026", "author_id": "194766358", "edit_history_tweet_ids": ["1476611929577689093"]}, {"created_at": "2021-12-30T17:31:15.000Z", "id": "1476606825764167688", "text": "Alejandro Gonz\u00e1lez (@CSyDFlandria) -&gt; prolongation https://t.co/pjad6wUuUw", "author_id": "56124659", "edit_history_tweet_ids": ["1476606825764167688"]}, {"created_at": "2021-12-30T17:15:49.000Z", "id": "1476602939007389725", "text": "RT @Gregoriodalbon: Para qu\u00e9? si hace 40 d\u00edas est\u00e1n durmiendo el Juicio Pol\u00edtico del Juez de Menores Alejandro Rodolfo Cilleruelo. \nJuez qu\u2026", "author_id": "193384244", "edit_history_tweet_ids": ["1476602939007389725"]}, {"created_at": "2021-12-30T17:12:10.000Z", "id": "1476602020043706369", "text": "RT @Gregoriodalbon: Para qu\u00e9? si hace 40 d\u00edas est\u00e1n durmiendo el Juicio Pol\u00edtico del Juez de Menores Alejandro Rodolfo Cilleruelo. \nJuez qu\u2026", "author_id": "183292705", "edit_history_tweet_ids": ["1476602020043706369"]}, {"created_at": "2021-12-30T17:11:22.000Z", "id": "1476601821582213120", "text": "RT @inau_oficial: Alejandro Gonz\u00e1lez, de la Comisi\u00f3n de Asuntos Sociales de @OficialCAP enfatiz\u00f3 la importancia de realizar acciones de res\u2026", "author_id": "363269693", "edit_history_tweet_ids": ["1476601821582213120"]}, {"created_at": "2021-12-30T17:10:59.000Z", "id": "1476601722474676226", "text": "RT @inau_oficial: Participaron el presidente de #INAU @pabloabdala66, el vicepresidente @afvelazquez, el presidente del @OficialCAP Ignacio\u2026", "author_id": "363269693", "edit_history_tweet_ids": ["1476601722474676226"]}, {"created_at": "2021-12-30T17:08:34.000Z", "id": "1476601115462537217", "text": "RT @JoseLChilavert_: https://t.co/ckPBqoLJPm\n\u2066@agdws\u2069 \u2066@FIFAcom\u2069 \u2066@fifacom_es\u2069 Alejandro Dom\u00ednguez dijo que la justicia Pya No actu\u00f3 en el\u2026", "author_id": "461408306", "edit_history_tweet_ids": ["1476601115462537217"]}, {"created_at": "2021-12-30T17:03:58.000Z", "id": "1476599957503168514", "text": "@SinFaltapy @CONMEBOL La mafia  judicial gonzalez daher y alejandro dominguez son la misma esquema de todos los juicio  esto es ser una mafia de gran escala dentro del poder judicial pasando sobre todas las ley de un pais donde los camarista y juezes se presta a los corruptos", "author_id": "900492232050003968", "edit_history_tweet_ids": ["1476599957503168514"]}, {"created_at": "2021-12-30T16:31:55.000Z", "id": "1476591893014212608", "text": "RT @Gregoriodalbon: Para qu\u00e9? si hace 40 d\u00edas est\u00e1n durmiendo el Juicio Pol\u00edtico del Juez de Menores Alejandro Rodolfo Cilleruelo. \nJuez qu\u2026", "author_id": "4836745408", "edit_history_tweet_ids": ["1476591893014212608"]}, {"created_at": "2021-12-30T16:31:29.000Z", "id": "1476591782028795905", "text": "&amp; @FranSilke Terroristas Martillero CarlosA.Prieto, Alejandro Bellina Hijo Diego Bellina @Diego_Be Martha Ag\u00fcero, yerno Marcelo Silvia Valeria Gonz\u00e1lez por Liliana Vera, Camionero Tosca Marcos Baile San La Muerte secuestradores Oct 2015 de @GrazzianiAdolfo en &amp;ZAKIRE Tursun-Cacur", "author_id": "1021652439731200000", "edit_history_tweet_ids": ["1476591782028795905"]}, {"created_at": "2021-12-30T16:28:48.000Z", "id": "1476591108859830276", "text": "RT @mc_ilse78: Libres los queremos Alejandro Ch\u00e1vez Hern\u00e1ndez,  Alexis Horacio, Daniel Gonz\u00e1lez y para todos los injustamente presos\n#Amnis\u2026", "author_id": "1186318124955648000", "edit_history_tweet_ids": ["1476591108859830276"]}, {"created_at": "2021-12-30T16:27:58.000Z", "id": "1476590898238849024", "text": "A heartbreakingly direct performance by Javier Bardem anchors BIUTIFUL, a film by Alejandro Gonz\u00e1lez I\u00f1\u00e1rritu. https://t.co/XMExSvAr9e", "author_id": "344636497", "edit_history_tweet_ids": ["1476590898238849024"]}, {"created_at": "2021-12-30T16:08:45.000Z", "id": "1476586060306165764", "text": "RT @inau_oficial: Alejandro Gonz\u00e1lez, de la Comisi\u00f3n de Asuntos Sociales de @OficialCAP enfatiz\u00f3 la importancia de realizar acciones de res\u2026", "author_id": "161497051", "edit_history_tweet_ids": ["1476586060306165764"]}, {"created_at": "2021-12-30T15:56:15.000Z", "id": "1476582915374989318", "text": "RT @JoseLChilavert_: https://t.co/ckPBqoLJPm\n\u2066@agdws\u2069 \u2066@FIFAcom\u2069 \u2066@fifacom_es\u2069 Alejandro Dom\u00ednguez dijo que la justicia Pya No actu\u00f3 en el\u2026", "author_id": "413342231", "edit_history_tweet_ids": ["1476582915374989318"]}, {"created_at": "2021-12-30T15:55:00.000Z", "id": "1476582600798056451", "text": "Alejandro Gonz\u00e1lez, de la Comisi\u00f3n de Asuntos Sociales de @OficialCAP enfatiz\u00f3 la importancia de realizar acciones de responsabilidad soocial y transmiti\u00f3 que uno de sus objetivos es continuar trabajando junto a #INAU. https://t.co/Bhufq8isdC", "author_id": "2698389794", "edit_history_tweet_ids": ["1476582600798056451"]}, {"created_at": "2021-12-30T15:54:50.000Z", "id": "1476582560981557248", "text": "Participaron el presidente de #INAU @pabloabdala66, el vicepresidente @afvelazquez, el presidente del @OficialCAP Ignacio Ruglio, el secretario general del club @EvaristoXXI; Mar\u00eda Chapital y Alejandro Gonz\u00e1lez en representaci\u00f3n de la comisi\u00f3n social. https://t.co/jOCInZmJpH", "author_id": "2698389794", "edit_history_tweet_ids": ["1476582560981557248"]}, {"created_at": "2021-12-30T15:49:56.000Z", "id": "1476581328711827460", "text": "RT @SinFaltapy: Excelente art\u00edculo q cuenta c\u00f3mo A. Dom\u00ednguez utiliza a la justicia paraguaya para intentar callar a quien se anime a habla\u2026", "author_id": "413342231", "edit_history_tweet_ids": ["1476581328711827460"]}, {"created_at": "2021-12-30T15:43:53.000Z", "id": "1476579802538823693", "text": "RT @Gregoriodalbon: Para qu\u00e9? si hace 40 d\u00edas est\u00e1n durmiendo el Juicio Pol\u00edtico del Juez de Menores Alejandro Rodolfo Cilleruelo. \nJuez qu\u2026", "author_id": "711710889657962496", "edit_history_tweet_ids": ["1476579802538823693"]}, {"created_at": "2021-12-30T15:24:30.000Z", "id": "1476574925938991109", "text": "RT @SinFaltapy: Casualmente... el Dr. Lovera es abogado de los Gonzalez Daher y de Alejandro Dom\u00ednguez...\nLos que hacen lo que quieren con\u2026", "author_id": "141641975", "edit_history_tweet_ids": ["1476574925938991109"]}, {"created_at": "2021-12-30T15:23:33.000Z", "id": "1476574688759345154", "text": "RT @Gregoriodalbon: Para qu\u00e9? si hace 40 d\u00edas est\u00e1n durmiendo el Juicio Pol\u00edtico del Juez de Menores Alejandro Rodolfo Cilleruelo. \nJuez qu\u2026", "author_id": "205498485", "edit_history_tweet_ids": ["1476574688759345154"]}, {"created_at": "2021-12-30T15:23:30.000Z", "id": "1476574676432429056", "text": "@screenread @N1info @jonsbaird Alejandro Gonzalez I\u00f1\u00e1rritu, Brad Pitt, Angie, Benicio del Toro, Bobby DeNiro... \n\nSarajevo is a European film city. Why not? I'll talk to some people. \n\n@jonsbaird you gotta! https://t.co/fa2BqXeyHs", "author_id": "321369676", "edit_history_tweet_ids": ["1476574676432429056"]}, {"created_at": "2021-12-30T15:17:21.000Z", "id": "1476573126469296129", "text": "RT @SinFaltapy: Casualmente... el Dr. Lovera es abogado de los Gonzalez Daher y de Alejandro Dom\u00ednguez...\nLos que hacen lo que quieren con\u2026", "author_id": "962820316673335299", "edit_history_tweet_ids": ["1476573126469296129"]}, {"created_at": "2021-12-30T15:14:28.000Z", "id": "1476572400154198017", "text": "RT @Gregoriodalbon: Para qu\u00e9? si hace 40 d\u00edas est\u00e1n durmiendo el Juicio Pol\u00edtico del Juez de Menores Alejandro Rodolfo Cilleruelo. \nJuez qu\u2026", "author_id": "211352370", "edit_history_tweet_ids": ["1476572400154198017"]}, {"created_at": "2021-12-30T15:12:29.000Z", "id": "1476571900398620675", "text": "\u2705Compartimos el art\u00edculo \"Laboratorios virtuales de electr\u00f3nica b\u00e1sica para alumnos universitarios dentro del aula extendida\", escrito por Alejandro Gonz\u00e1lez, Leonardo Navarria y Alejandra Zangara, que podr\u00e1n encontrar ingresando a \u27a1\ufe0f https://t.co/MseXHptIGX https://t.co/B5Uv0jIW58", "author_id": "154670467", "edit_history_tweet_ids": ["1476571900398620675"]}, {"created_at": "2021-12-30T15:09:48.000Z", "id": "1476571225858220034", "text": "RT @Gregoriodalbon: Para qu\u00e9? si hace 40 d\u00edas est\u00e1n durmiendo el Juicio Pol\u00edtico del Juez de Menores Alejandro Rodolfo Cilleruelo. \nJuez qu\u2026", "author_id": "2851388657", "edit_history_tweet_ids": ["1476571225858220034"]}, {"created_at": "2021-12-30T15:09:27.000Z", "id": "1476571136687181833", "text": "RT @SinFaltapy: Casualmente... el Dr. Lovera es abogado de los Gonzalez Daher y de Alejandro Dom\u00ednguez...\nLos que hacen lo que quieren con\u2026", "author_id": "1216727939896791040", "edit_history_tweet_ids": ["1476571136687181833"]}, {"created_at": "2021-12-30T15:07:44.000Z", "id": "1476570705701457921", "text": "Casualmente... el Dr. Lovera es abogado de los Gonzalez Daher y de Alejandro Dom\u00ednguez...\nLos que hacen lo que quieren con la \u201cjusticia\u201d de nuestro pa\u00eds. https://t.co/1zQi2Jz1pF", "author_id": "4829624710", "edit_history_tweet_ids": ["1476570705701457921"]}, {"created_at": "2021-12-30T15:06:09.000Z", "id": "1476570306449915910", "text": "RT @miricaiba: Me encontr\u00e9 esta foto del 29 de diciembre de 2012 posando junto al libro colectivo donde colabor\u00e9: #100DiscosEsencialesDelRo\u2026", "author_id": "486276906", "edit_history_tweet_ids": ["1476570306449915910"]}, {"created_at": "2021-12-30T15:05:51.000Z", "id": "1476570234626588674", "text": "RT @Gregoriodalbon: Para qu\u00e9? si hace 40 d\u00edas est\u00e1n durmiendo el Juicio Pol\u00edtico del Juez de Menores Alejandro Rodolfo Cilleruelo. \nJuez qu\u2026", "author_id": "935899801715138560", "edit_history_tweet_ids": ["1476570234626588674"]}, {"created_at": "2021-12-30T14:58:09.000Z", "id": "1476568296941973510", "text": "RT @expressnewsPy: [BOMBA]\nAlejandro Dom\u00ednguez habr\u00eda heredado esquema de apriete judicial del nefasto Clan Gonz\u00e1lez Daher https://t.co/VAS\u2026", "author_id": "1110922289464381440", "edit_history_tweet_ids": ["1476568296941973510"]}, {"created_at": "2021-12-30T14:50:59.000Z", "id": "1476566489729683459", "text": "RT @Gregoriodalbon: Para qu\u00e9? si hace 40 d\u00edas est\u00e1n durmiendo el Juicio Pol\u00edtico del Juez de Menores Alejandro Rodolfo Cilleruelo. \nJuez qu\u2026", "author_id": "1238837086901452801", "edit_history_tweet_ids": ["1476566489729683459"]}, {"created_at": "2021-12-30T14:38:20.000Z", "id": "1476563306479558665", "text": "RT @Gregoriodalbon: Para qu\u00e9? si hace 40 d\u00edas est\u00e1n durmiendo el Juicio Pol\u00edtico del Juez de Menores Alejandro Rodolfo Cilleruelo. \nJuez qu\u2026", "author_id": "1343046782692028416", "edit_history_tweet_ids": ["1476563306479558665"]}, {"created_at": "2021-12-30T14:29:49.000Z", "id": "1476561163190165506", "text": "RT @_arXiv_physics: [2112.13943] Alejandro Gonz\u00e1lez-Tudela: Connecting steady-states of driven-dissipative photonic lattices with spontaneo\u2026", "author_id": "46719293", "edit_history_tweet_ids": ["1476561163190165506"]}, {"created_at": "2021-12-30T14:20:45.000Z", "id": "1476558882872991751", "text": "#Tebuscamos Joaqu\u00edn Alejandro Gonz\u00e1lez Car\u00e1bes 16/5/16 #Jalisco #Colima https://t.co/lVx2jZ7FRe", "author_id": "915319016", "edit_history_tweet_ids": ["1476558882872991751"]}, {"created_at": "2021-12-30T14:15:40.000Z", "id": "1476557603962384385", "text": "RT @Aubar77: \u00c1rboles que dan frutos\u2026 https://t.co/IKR4q6RqGn", "author_id": "705724831", "edit_history_tweet_ids": ["1476557603962384385"]}, {"created_at": "2021-12-30T13:50:41.000Z", "id": "1476551316210163718", "text": "RT @JoseLChilavert_: https://t.co/ckPBqoLJPm\n\u2066@agdws\u2069 \u2066@FIFAcom\u2069 \u2066@fifacom_es\u2069 Alejandro Dom\u00ednguez dijo que la justicia Pya No actu\u00f3 en el\u2026", "author_id": "157775298", "edit_history_tweet_ids": ["1476551316210163718"]}, {"created_at": "2021-12-30T13:50:07.000Z", "id": "1476551172408307713", "text": "RT @Gregoriodalbon: Para qu\u00e9? si hace 40 d\u00edas est\u00e1n durmiendo el Juicio Pol\u00edtico del Juez de Menores Alejandro Rodolfo Cilleruelo. \nJuez qu\u2026", "author_id": "1097089105", "edit_history_tweet_ids": ["1476551172408307713"]}, {"created_at": "2021-12-30T13:48:58.000Z", "id": "1476550883970322432", "text": "RT @JoseLChilavert_: https://t.co/ckPBqoLJPm\n\u2066@agdws\u2069 \u2066@FIFAcom\u2069 \u2066@fifacom_es\u2069 Alejandro Dom\u00ednguez dijo que la justicia Pya No actu\u00f3 en el\u2026", "author_id": "224853741", "edit_history_tweet_ids": ["1476550883970322432"]}, {"created_at": "2021-12-30T13:36:01.000Z", "id": "1476547623540641792", "text": "RT @Gregoriodalbon: Para qu\u00e9? si hace 40 d\u00edas est\u00e1n durmiendo el Juicio Pol\u00edtico del Juez de Menores Alejandro Rodolfo Cilleruelo. \nJuez qu\u2026", "author_id": "226917026", "edit_history_tweet_ids": ["1476547623540641792"]}, {"created_at": "2021-12-30T13:33:03.000Z", "id": "1476546878116220930", "text": "RT @Gregoriodalbon: Para qu\u00e9? si hace 40 d\u00edas est\u00e1n durmiendo el Juicio Pol\u00edtico del Juez de Menores Alejandro Rodolfo Cilleruelo. \nJuez qu\u2026", "author_id": "1498952340", "edit_history_tweet_ids": ["1476546878116220930"]}, {"created_at": "2021-12-30T13:29:54.000Z", "id": "1476546084134662152", "text": "RT @Gregoriodalbon: Para qu\u00e9? si hace 40 d\u00edas est\u00e1n durmiendo el Juicio Pol\u00edtico del Juez de Menores Alejandro Rodolfo Cilleruelo. \nJuez qu\u2026", "author_id": "3056934905", "edit_history_tweet_ids": ["1476546084134662152"]}, {"created_at": "2021-12-30T13:16:45.000Z", "id": "1476542775667560450", "text": "RT @expressnewsPy: [BOMBA]\nAlejandro Dom\u00ednguez habr\u00eda heredado esquema de apriete judicial del nefasto Clan Gonz\u00e1lez Daher https://t.co/VAS\u2026", "author_id": "1092872905", "edit_history_tweet_ids": ["1476542775667560450"]}, {"created_at": "2021-12-30T13:10:18.000Z", "id": "1476541152522244098", "text": "RT @JoseLChilavert_: https://t.co/ckPBqoLJPm\n\u2066@agdws\u2069 \u2066@FIFAcom\u2069 \u2066@fifacom_es\u2069 Alejandro Dom\u00ednguez dijo que la justicia Pya No actu\u00f3 en el\u2026", "author_id": "3252718959", "edit_history_tweet_ids": ["1476541152522244098"]}, {"created_at": "2021-12-30T13:05:36.000Z", "id": "1476539971850801152", "text": "RT @JoseLChilavert_: https://t.co/ckPBqoLJPm\n\u2066@agdws\u2069 \u2066@FIFAcom\u2069 \u2066@fifacom_es\u2069 Alejandro Dom\u00ednguez dijo que la justicia Pya No actu\u00f3 en el\u2026", "author_id": "377093403", "edit_history_tweet_ids": ["1476539971850801152"]}, {"created_at": "2021-12-30T13:05:00.000Z", "id": "1476539819354472451", "text": "#Saltillo A horas de asumir el cargo, el alcalde electo, Jos\u00e9 Mar\u00eda Fraustro Siller, revel\u00f3 que se ratificar\u00e1 a Luis Alejandro Hassaf Tob\u00edas, como director de Servicios Primarios; y a Luis Alfonso Carrillo Gonz\u00e1lez, como director de Salud P\u00fablica.\nhttps://t.co/V2EBh37VIJ", "author_id": "18461620", "edit_history_tweet_ids": ["1476539819354472451"]}, {"created_at": "2021-12-30T13:04:07.000Z", "id": "1476539598528385026", "text": "RT @expressnewsPy: [BOMBA]\nAlejandro Dom\u00ednguez habr\u00eda heredado esquema de apriete judicial del nefasto Clan Gonz\u00e1lez Daher https://t.co/VAS\u2026", "author_id": "531221039", "edit_history_tweet_ids": ["1476539598528385026"]}, {"created_at": "2021-12-30T13:01:04.000Z", "id": "1476538829473558530", "text": "RT @JoseLChilavert_: https://t.co/ckPBqoLJPm\n\u2066@agdws\u2069 \u2066@FIFAcom\u2069 \u2066@fifacom_es\u2069 Alejandro Dom\u00ednguez dijo que la justicia Pya No actu\u00f3 en el\u2026", "author_id": "1088371980334755840", "edit_history_tweet_ids": ["1476538829473558530"]}, {"created_at": "2021-12-30T12:59:32.000Z", "id": "1476538444444798983", "text": "RT @Gregoriodalbon: Para qu\u00e9? si hace 40 d\u00edas est\u00e1n durmiendo el Juicio Pol\u00edtico del Juez de Menores Alejandro Rodolfo Cilleruelo. \nJuez qu\u2026", "author_id": "3294856065", "edit_history_tweet_ids": ["1476538444444798983"]}, {"created_at": "2021-12-30T12:56:17.000Z", "id": "1476537626383593473", "text": "RT @Denilson_Jarde: Obviamente siempre y cuando se solucione lo de Alejandro Gonz\u00e1lez. Por otra parte, se est\u00e1 observando ocupar el quinto\u2026", "author_id": "233241477", "edit_history_tweet_ids": ["1476537626383593473"]}, {"created_at": "2021-12-30T12:53:21.000Z", "id": "1476536887112355846", "text": "RT @Gregoriodalbon: Para qu\u00e9? si hace 40 d\u00edas est\u00e1n durmiendo el Juicio Pol\u00edtico del Juez de Menores Alejandro Rodolfo Cilleruelo. \nJuez qu\u2026", "author_id": "1434935575589670917", "edit_history_tweet_ids": ["1476536887112355846"]}, {"created_at": "2021-12-30T12:45:31.000Z", "id": "1476534918746415112", "text": "RT @Aubar77: \u00c1rboles que dan frutos\u2026 https://t.co/IKR4q6RqGn", "author_id": "40040463", "edit_history_tweet_ids": ["1476534918746415112"]}, {"created_at": "2021-12-30T12:44:54.000Z", "id": "1476534762852528139", "text": "RT @Gregoriodalbon: Para qu\u00e9? si hace 40 d\u00edas est\u00e1n durmiendo el Juicio Pol\u00edtico del Juez de Menores Alejandro Rodolfo Cilleruelo. \nJuez qu\u2026", "author_id": "250316706", "edit_history_tweet_ids": ["1476534762852528139"]}, {"created_at": "2021-12-30T12:29:08.000Z", "id": "1476530794784980992", "text": "RT @Aubar77: \u00c1rboles que dan frutos\u2026 https://t.co/IKR4q6RqGn", "author_id": "423875997", "edit_history_tweet_ids": ["1476530794784980992"]}, {"created_at": "2021-12-30T12:28:20.000Z", "id": "1476530591680151553", "text": "RT @Gregoriodalbon: Para qu\u00e9? si hace 40 d\u00edas est\u00e1n durmiendo el Juicio Pol\u00edtico del Juez de Menores Alejandro Rodolfo Cilleruelo. \nJuez qu\u2026", "author_id": "4610046136", "edit_history_tweet_ids": ["1476530591680151553"]}, {"created_at": "2021-12-30T12:19:42.000Z", "id": "1476528421203152898", "text": "RT @JoseLChilavert_: https://t.co/ckPBqoLJPm\n\u2066@agdws\u2069 \u2066@FIFAcom\u2069 \u2066@fifacom_es\u2069 Alejandro Dom\u00ednguez dijo que la justicia Pya No actu\u00f3 en el\u2026", "author_id": "1010330214684151809", "edit_history_tweet_ids": ["1476528421203152898"]}, {"created_at": "2021-12-30T12:18:20.000Z", "id": "1476528074200162312", "text": "RT @Gregoriodalbon: Para qu\u00e9? si hace 40 d\u00edas est\u00e1n durmiendo el Juicio Pol\u00edtico del Juez de Menores Alejandro Rodolfo Cilleruelo. \nJuez qu\u2026", "author_id": "826799015828275202", "edit_history_tweet_ids": ["1476528074200162312"]}, {"created_at": "2021-12-30T12:04:44.000Z", "id": "1476524652503707648", "text": "https://t.co/t9euZZbcDF", "author_id": "759513219643899904", "edit_history_tweet_ids": ["1476524652503707648"]}, {"created_at": "2021-12-30T12:00:03.000Z", "id": "1476523475858862080", "text": "I think that in order to be a film director, one has to be a warrior who shouldn't be defeated by the daily onslaught of problems.\n\n - Alejandro Gonzalez Inarritu #dailyquotes  #Thursday #ThursdayThoughts #inspirational #ThursdayMotivation", "author_id": "1312088688290082816", "edit_history_tweet_ids": ["1476523475858862080"]}, {"created_at": "2021-12-30T11:57:30.000Z", "id": "1476522834914467843", "text": "RT @expressnewsPy: [BOMBA]\nAlejandro Dom\u00ednguez habr\u00eda heredado esquema de apriete judicial del nefasto Clan Gonz\u00e1lez Daher https://t.co/VAS\u2026", "author_id": "329291742", "edit_history_tweet_ids": ["1476522834914467843"]}, {"created_at": "2021-12-30T11:56:53.000Z", "id": "1476522679603589120", "text": "RT @SinFaltapy: Excelente art\u00edculo q cuenta c\u00f3mo A. Dom\u00ednguez utiliza a la justicia paraguaya para intentar callar a quien se anime a habla\u2026", "author_id": "354265075", "edit_history_tweet_ids": ["1476522679603589120"]}, {"created_at": "2021-12-30T11:56:22.000Z", "id": "1476522546560389128", "text": "RT @expressnewsPy: [BOMBA]\nAlejandro Dom\u00ednguez habr\u00eda heredado esquema de apriete judicial del nefasto Clan Gonz\u00e1lez Daher https://t.co/VAS\u2026", "author_id": "78430318", "edit_history_tweet_ids": ["1476522546560389128"]}, {"created_at": "2021-12-30T11:49:57.000Z", "id": "1476520934261485568", "text": "RT @Gregoriodalbon: Para qu\u00e9? si hace 40 d\u00edas est\u00e1n durmiendo el Juicio Pol\u00edtico del Juez de Menores Alejandro Rodolfo Cilleruelo. \nJuez qu\u2026", "author_id": "175018244", "edit_history_tweet_ids": ["1476520934261485568"]}, {"created_at": "2021-12-30T11:47:26.000Z", "id": "1476520298522419203", "text": "RT @Gregoriodalbon: Para qu\u00e9? si hace 40 d\u00edas est\u00e1n durmiendo el Juicio Pol\u00edtico del Juez de Menores Alejandro Rodolfo Cilleruelo. \nJuez qu\u2026", "author_id": "1188584446368321536", "edit_history_tweet_ids": ["1476520298522419203"]}, {"created_at": "2021-12-30T11:42:42.000Z", "id": "1476519106895622150", "text": "RT @Gregoriodalbon: Para qu\u00e9? si hace 40 d\u00edas est\u00e1n durmiendo el Juicio Pol\u00edtico del Juez de Menores Alejandro Rodolfo Cilleruelo. \nJuez qu\u2026", "author_id": "1242981920830562306", "edit_history_tweet_ids": ["1476519106895622150"]}, {"created_at": "2021-12-30T11:26:35.000Z", "id": "1476515051003600905", "text": "RT @Aubar77: \u00c1rboles que dan frutos\u2026 https://t.co/IKR4q6RqGn", "author_id": "1097016020", "edit_history_tweet_ids": ["1476515051003600905"]}], "meta": {"newest_id": "1476681953323720706", "oldest_id": "1476515051003600905", "result_count": 100, "next_token": "b26v89c19zqg8o3fpe17vaabzpwgcfy2vwelh7y05wkn1"}}