{"data": [{"id": "1476319176872677382", "text": "RT @Gregoriodalbon: Para qu\u00e9? si hace 40 d\u00edas est\u00e1n durmiendo el Juicio Pol\u00edtico del Juez de Menores Alejandro Rodolfo Cilleruelo. \nJuez qu\u2026", "created_at": "2021-12-29T22:28:15.000Z", "edit_history_tweet_ids": ["1476319176872677382"], "author_id": "2441202873"}, {"id": "1476318949138599936", "text": "RT @expressnewsPy: [ALARMANTE] \n@agdws @CONMEBOL @fifacom_es @GianInfantino @PoderJudicialPY @Jem_py \nAlejandro Dom\u00ednguez habr\u00eda heredado e\u2026", "created_at": "2021-12-29T22:27:20.000Z", "edit_history_tweet_ids": ["1476318949138599936"], "author_id": "1110922289464381440"}, {"id": "1476318718372286470", "text": "RT @Aubar77: \u00c1rboles que dan frutos\u2026 https://t.co/IKR4q6RqGn", "created_at": "2021-12-29T22:26:25.000Z", "edit_history_tweet_ids": ["1476318718372286470"], "author_id": "911423271219990535"}, {"id": "1476318513874685954", "text": "RT @Gregoriodalbon: Para qu\u00e9? si hace 40 d\u00edas est\u00e1n durmiendo el Juicio Pol\u00edtico del Juez de Menores Alejandro Rodolfo Cilleruelo. \nJuez qu\u2026", "created_at": "2021-12-29T22:25:37.000Z", "edit_history_tweet_ids": ["1476318513874685954"], "author_id": "908377794"}, {"id": "1476318202854531073", "text": "RT @Gregoriodalbon: Para qu\u00e9? si hace 40 d\u00edas est\u00e1n durmiendo el Juicio Pol\u00edtico del Juez de Menores Alejandro Rodolfo Cilleruelo. \nJuez qu\u2026", "created_at": "2021-12-29T22:24:22.000Z", "edit_history_tweet_ids": ["1476318202854531073"], "author_id": "1394376228438745088"}, {"id": "1476317371035897861", "text": "RT @Gregoriodalbon: Para qu\u00e9? si hace 40 d\u00edas est\u00e1n durmiendo el Juicio Pol\u00edtico del Juez de Menores Alejandro Rodolfo Cilleruelo. \nJuez qu\u2026", "created_at": "2021-12-29T22:21:04.000Z", "edit_history_tweet_ids": ["1476317371035897861"], "author_id": "1458818340873453578"}, {"id": "1476316942214615046", "text": "RT @Aubar77: \u00c1rboles que dan frutos\u2026 https://t.co/IKR4q6RqGn", "created_at": "2021-12-29T22:19:22.000Z", "edit_history_tweet_ids": ["1476316942214615046"], "author_id": "855212337149747204"}, {"id": "1476316896349732867", "text": "RT @celsonunez: Alejandro Dom\u00ednguez habr\u00eda heredado esquema de apriete judicial del nefasto Clan Gonz\u00e1lez Daher \u2013 Express News https://t.co\u2026", "created_at": "2021-12-29T22:19:11.000Z", "edit_history_tweet_ids": ["1476316896349732867"], "author_id": "2854845869"}, {"id": "1476316642762178564", "text": "Nuestro comisionado Alejandro Gonz\u00e1lez Cussi se reuni\u00f3 con los secretarios de gobierno, de seguridad p\u00fablica del estado y los integrantes del grupo de inteligencia operativa, a fin de fortalecer la seguridad y la coordinaci\u00f3n en nuestro municipio.\n\n#EstamosDeTuLado https://t.co/H7fpDpRRTQ", "created_at": "2021-12-29T22:18:10.000Z", "edit_history_tweet_ids": ["1476316642762178564"], "author_id": "4204488194"}, {"id": "1476316640392269826", "text": "RT @JoseLChilavert_: https://t.co/ckPBqoLJPm\n\u2066@agdws\u2069 \u2066@FIFAcom\u2069 \u2066@fifacom_es\u2069 Alejandro Dom\u00ednguez dijo que la justicia Pya No actu\u00f3 en el\u2026", "created_at": "2021-12-29T22:18:10.000Z", "edit_history_tweet_ids": ["1476316640392269826"], "author_id": "2209746031"}, {"id": "1476316433558773764", "text": "RT @expressnewsPy: [ALARMANTE] \n@agdws @CONMEBOL @fifacom_es @GianInfantino @PoderJudicialPY @Jem_py \nAlejandro Dom\u00ednguez habr\u00eda heredado e\u2026", "created_at": "2021-12-29T22:17:21.000Z", "edit_history_tweet_ids": ["1476316433558773764"], "author_id": "1006497863189368832"}, {"id": "1476316144315342858", "text": "RT @Gregoriodalbon: Para qu\u00e9? si hace 40 d\u00edas est\u00e1n durmiendo el Juicio Pol\u00edtico del Juez de Menores Alejandro Rodolfo Cilleruelo. \nJuez qu\u2026", "created_at": "2021-12-29T22:16:12.000Z", "edit_history_tweet_ids": ["1476316144315342858"], "author_id": "146632435"}, {"id": "1476316125231079425", "text": "RT @Gregoriodalbon: Para qu\u00e9? si hace 40 d\u00edas est\u00e1n durmiendo el Juicio Pol\u00edtico del Juez de Menores Alejandro Rodolfo Cilleruelo. \nJuez qu\u2026", "created_at": "2021-12-29T22:16:07.000Z", "edit_history_tweet_ids": ["1476316125231079425"], "author_id": "144335090"}, {"id": "1476315510119698432", "text": "RT @Gregoriodalbon: Para qu\u00e9? si hace 40 d\u00edas est\u00e1n durmiendo el Juicio Pol\u00edtico del Juez de Menores Alejandro Rodolfo Cilleruelo. \nJuez qu\u2026", "created_at": "2021-12-29T22:13:40.000Z", "edit_history_tweet_ids": ["1476315510119698432"], "author_id": "723689256938541057"}, {"id": "1476315022259200000", "text": "RT @expressnewsPy: [ALARMANTE] \n@agdws @CONMEBOL @fifacom_es @GianInfantino @PoderJudicialPY @Jem_py \nAlejandro Dom\u00ednguez habr\u00eda heredado e\u2026", "created_at": "2021-12-29T22:11:44.000Z", "edit_history_tweet_ids": ["1476315022259200000"], "author_id": "1118656412803129345"}, {"id": "1476314962582810625", "text": "Derek Gonzalez 12u @ RD42 Hitting Camp 2021 @ Alejandro Martinez Baseball Academy RD42 https://t.co/A0NMqnPsy6", "created_at": "2021-12-29T22:11:30.000Z", "edit_history_tweet_ids": ["1476314962582810625"], "author_id": "3374662284"}, {"id": "1476314895671087104", "text": "RT @Gregoriodalbon: Para qu\u00e9? si hace 40 d\u00edas est\u00e1n durmiendo el Juicio Pol\u00edtico del Juez de Menores Alejandro Rodolfo Cilleruelo. \nJuez qu\u2026", "created_at": "2021-12-29T22:11:14.000Z", "edit_history_tweet_ids": ["1476314895671087104"], "author_id": "855746142"}, {"id": "1476314564560146434", "text": "RT @Gregoriodalbon: Para qu\u00e9? si hace 40 d\u00edas est\u00e1n durmiendo el Juicio Pol\u00edtico del Juez de Menores Alejandro Rodolfo Cilleruelo. \nJuez qu\u2026", "created_at": "2021-12-29T22:09:55.000Z", "edit_history_tweet_ids": ["1476314564560146434"], "author_id": "1189966578881900547"}, {"id": "1476314448490991616", "text": "RT @expressnewsPy: [ALARMANTE] \n@agdws @CONMEBOL @fifacom_es @GianInfantino @PoderJudicialPY @Jem_py \nAlejandro Dom\u00ednguez habr\u00eda heredado e\u2026", "created_at": "2021-12-29T22:09:27.000Z", "edit_history_tweet_ids": ["1476314448490991616"], "author_id": "531221039"}, {"id": "1476314429402800133", "text": "RT @Gregoriodalbon: Para qu\u00e9? si hace 40 d\u00edas est\u00e1n durmiendo el Juicio Pol\u00edtico del Juez de Menores Alejandro Rodolfo Cilleruelo. \nJuez qu\u2026", "created_at": "2021-12-29T22:09:23.000Z", "edit_history_tweet_ids": ["1476314429402800133"], "author_id": "1455513253363265541"}, {"id": "1476313761191497732", "text": "RT @Aubar77: \u00c1rboles que dan frutos\u2026 https://t.co/IKR4q6RqGn", "created_at": "2021-12-29T22:06:43.000Z", "edit_history_tweet_ids": ["1476313761191497732"], "author_id": "62173447"}, {"id": "1476313741008515074", "text": "RT @mrvelazquez: La cultura del \u201capriete\u201d, un cl\u00e1sico de la justicia paraguaya\u2026 Antes con los Gonz\u00e0lez Daher y hoy \u00bfcon ALEJANDRO DOM\u00cdNGUEZ\u2026", "created_at": "2021-12-29T22:06:39.000Z", "edit_history_tweet_ids": ["1476313741008515074"], "author_id": "62173447"}, {"id": "1476313470765305856", "text": "RT @Gregoriodalbon: Para qu\u00e9? si hace 40 d\u00edas est\u00e1n durmiendo el Juicio Pol\u00edtico del Juez de Menores Alejandro Rodolfo Cilleruelo. \nJuez qu\u2026", "created_at": "2021-12-29T22:05:34.000Z", "edit_history_tweet_ids": ["1476313470765305856"], "author_id": "10771982"}, {"id": "1476313124777062400", "text": "RT @Gregoriodalbon: Para qu\u00e9? si hace 40 d\u00edas est\u00e1n durmiendo el Juicio Pol\u00edtico del Juez de Menores Alejandro Rodolfo Cilleruelo. \nJuez qu\u2026", "created_at": "2021-12-29T22:04:12.000Z", "edit_history_tweet_ids": ["1476313124777062400"], "author_id": "208305261"}, {"id": "1476312936855465985", "text": "RT @Gregoriodalbon: Para qu\u00e9? si hace 40 d\u00edas est\u00e1n durmiendo el Juicio Pol\u00edtico del Juez de Menores Alejandro Rodolfo Cilleruelo. \nJuez qu\u2026", "created_at": "2021-12-29T22:03:27.000Z", "edit_history_tweet_ids": ["1476312936855465985"], "author_id": "2583177608"}, {"id": "1476312769817415686", "text": "RT @CINEAR_: DICIEMBRE es un documental dirigido por Alejandro Bercovich y C\u00e9sar Gonz\u00e1lez que vas a poder ver el viernes 31 a las 22H en ht\u2026", "created_at": "2021-12-29T22:02:47.000Z", "edit_history_tweet_ids": ["1476312769817415686"], "author_id": "434414197"}, {"id": "1476312185848565766", "text": "RT @Gregoriodalbon: Para qu\u00e9? si hace 40 d\u00edas est\u00e1n durmiendo el Juicio Pol\u00edtico del Juez de Menores Alejandro Rodolfo Cilleruelo. \nJuez qu\u2026", "created_at": "2021-12-29T22:00:28.000Z", "edit_history_tweet_ids": ["1476312185848565766"], "author_id": "2990156955"}, {"id": "1476311945842147330", "text": "RT @Gregoriodalbon: Para qu\u00e9? si hace 40 d\u00edas est\u00e1n durmiendo el Juicio Pol\u00edtico del Juez de Menores Alejandro Rodolfo Cilleruelo. \nJuez qu\u2026", "created_at": "2021-12-29T21:59:31.000Z", "edit_history_tweet_ids": ["1476311945842147330"], "author_id": "1713649272"}, {"id": "1476311610629124096", "text": "RT @Gregoriodalbon: Para qu\u00e9? si hace 40 d\u00edas est\u00e1n durmiendo el Juicio Pol\u00edtico del Juez de Menores Alejandro Rodolfo Cilleruelo. \nJuez qu\u2026", "created_at": "2021-12-29T21:58:11.000Z", "edit_history_tweet_ids": ["1476311610629124096"], "author_id": "1260701962485542912"}, {"id": "1476311564810702855", "text": "RT @hecesdargentina: #LlamadoALaSolidaridad \nCompartan por favor!\nAyudemos a Sol\ud83d\ude4f\n\nEl compa\u00f1ero Alejandro Gonzalez de evasion Moron #TrenSa\u2026", "created_at": "2021-12-29T21:58:00.000Z", "edit_history_tweet_ids": ["1476311564810702855"], "author_id": "713516450"}, {"id": "1476311480492384259", "text": "#LlamadoALaSolidaridad \nCompartan por favor!\nAyudemos a Sol\ud83d\ude4f\n\nEl compa\u00f1ero Alejandro Gonzalez de evasion Moron #TrenSarmiento necesita de la ayuda de todos.\nA su hija adoptiva Sol de 23 a\u00f1os, le diagnosticaron melanoma ocular (cancer) en un ojo, es un c\u00e1ncer raricimo, https://t.co/mLuwPWUc8z", "created_at": "2021-12-29T21:57:40.000Z", "edit_history_tweet_ids": ["1476311480492384259"], "author_id": "315678342"}, {"id": "1476311298686140417", "text": "RT @Gregoriodalbon: Para qu\u00e9? si hace 40 d\u00edas est\u00e1n durmiendo el Juicio Pol\u00edtico del Juez de Menores Alejandro Rodolfo Cilleruelo. \nJuez qu\u2026", "created_at": "2021-12-29T21:56:56.000Z", "edit_history_tweet_ids": ["1476311298686140417"], "author_id": "955183701373210624"}, {"id": "1476311210568163329", "text": "RT @celsonunez: Alejandro Dom\u00ednguez habr\u00eda heredado esquema de apriete judicial del nefasto Clan Gonz\u00e1lez Daher \u2013 Express News https://t.co\u2026", "created_at": "2021-12-29T21:56:35.000Z", "edit_history_tweet_ids": ["1476311210568163329"], "author_id": "62173447"}, {"id": "1476311004262797314", "text": "RT @Gregoriodalbon: Para qu\u00e9? si hace 40 d\u00edas est\u00e1n durmiendo el Juicio Pol\u00edtico del Juez de Menores Alejandro Rodolfo Cilleruelo. \nJuez qu\u2026", "created_at": "2021-12-29T21:55:46.000Z", "edit_history_tweet_ids": ["1476311004262797314"], "author_id": "1075854976176537601"}, {"id": "1476310940014374913", "text": "RT @Aubar77: \u00c1rboles que dan frutos\u2026 https://t.co/IKR4q6RqGn", "created_at": "2021-12-29T21:55:31.000Z", "edit_history_tweet_ids": ["1476310940014374913"], "author_id": "168032180"}, {"id": "1476310759525142531", "text": "RT @Gregoriodalbon: Para qu\u00e9? si hace 40 d\u00edas est\u00e1n durmiendo el Juicio Pol\u00edtico del Juez de Menores Alejandro Rodolfo Cilleruelo. \nJuez qu\u2026", "created_at": "2021-12-29T21:54:48.000Z", "edit_history_tweet_ids": ["1476310759525142531"], "author_id": "1400310733"}, {"id": "1476309987622150146", "text": "Para qu\u00e9? si hace 40 d\u00edas est\u00e1n durmiendo el Juicio Pol\u00edtico del Juez de Menores Alejandro Rodolfo Cilleruelo. \nJuez que dej\u00f3 presos en un reformatorio a los amigos de Lucas Gonz\u00e1lez y libres a los Polic\u00edas que lo asesinaron. Gratis no va a ser ni para el Juez ni para Uds VAGOS! https://t.co/pYGGHI49n3 https://t.co/fQ6SAckN7Q", "created_at": "2021-12-29T21:51:44.000Z", "edit_history_tweet_ids": ["1476309987622150146"], "author_id": "138146308"}, {"id": "1476309952759173123", "text": "RT @expressnewsPy: [ALARMANTE] \n@agdws @CONMEBOL @fifacom_es @GianInfantino @PoderJudicialPY @Jem_py \nAlejandro Dom\u00ednguez habr\u00eda heredado e\u2026", "created_at": "2021-12-29T21:51:35.000Z", "edit_history_tweet_ids": ["1476309952759173123"], "author_id": "926696167"}, {"id": "1476309734542163968", "text": "RT @JoseLChilavert_: https://t.co/ckPBqoLJPm\n\u2066@agdws\u2069 \u2066@FIFAcom\u2069 \u2066@fifacom_es\u2069 Alejandro Dom\u00ednguez dijo que la justicia Pya No actu\u00f3 en el\u2026", "created_at": "2021-12-29T21:50:43.000Z", "edit_history_tweet_ids": ["1476309734542163968"], "author_id": "62173447"}, {"id": "1476309602237140995", "text": "RT @SinFaltapy: Excelente art\u00edculo q cuenta c\u00f3mo A. Dom\u00ednguez utiliza a la justicia paraguaya para intentar callar a quien se anime a habla\u2026", "created_at": "2021-12-29T21:50:12.000Z", "edit_history_tweet_ids": ["1476309602237140995"], "author_id": "62173447"}, {"id": "1476309359726497793", "text": "RT @expressnewsPy: [ALARMANTE] \n@agdws @CONMEBOL @fifacom_es @GianInfantino @PoderJudicialPY @Jem_py \nAlejandro Dom\u00ednguez habr\u00eda heredado e\u2026", "created_at": "2021-12-29T21:49:14.000Z", "edit_history_tweet_ids": ["1476309359726497793"], "author_id": "124902815"}, {"id": "1476307203430789121", "text": "RT @expressnewsPy: [ALARMANTE] \n@agdws @CONMEBOL @fifacom_es @GianInfantino @PoderJudicialPY @Jem_py \nAlejandro Dom\u00ednguez habr\u00eda heredado e\u2026", "created_at": "2021-12-29T21:40:40.000Z", "edit_history_tweet_ids": ["1476307203430789121"], "author_id": "62173447"}, {"id": "1476306964263092233", "text": "RT @rogerrojasveliz: #Magallanes vs Tigres (29/12)\n\nCade Gotta 8\nAlberto Gonz\u00e1lez 5\n\u00c1ngel Reyes DH\nNellie Rodr\u00edguez 3\nLeonardo Reginatto 4\u2026", "created_at": "2021-12-29T21:39:43.000Z", "edit_history_tweet_ids": ["1476306964263092233"], "author_id": "2200111638"}, {"id": "1476305902919634949", "text": "@pgiletta @ENACOMArgentina Que bueno Pablo! Tuve la suerte de pasar por ah\u00ed siendo estudiante a\u00fan, en la producci\u00f3n del programa del colorado Alejandro Gonz\u00e1lez.", "created_at": "2021-12-29T21:35:30.000Z", "edit_history_tweet_ids": ["1476305902919634949"], "author_id": "93951231"}, {"id": "1476303071441563650", "text": "RT @JoseLChilavert_: https://t.co/ckPBqoLJPm\n\u2066@agdws\u2069 \u2066@FIFAcom\u2069 \u2066@fifacom_es\u2069 Alejandro Dom\u00ednguez dijo que la justicia Pya No actu\u00f3 en el\u2026", "created_at": "2021-12-29T21:24:15.000Z", "edit_history_tweet_ids": ["1476303071441563650"], "author_id": "1323736187257999362"}, {"id": "1476301600809537542", "text": "RT @rogerrojasveliz: #Magallanes vs Tigres (29/12)\n\nCade Gotta 8\nAlberto Gonz\u00e1lez 5\n\u00c1ngel Reyes DH\nNellie Rodr\u00edguez 3\nLeonardo Reginatto 4\u2026", "created_at": "2021-12-29T21:18:24.000Z", "edit_history_tweet_ids": ["1476301600809537542"], "author_id": "542709983"}, {"id": "1476301357099503618", "text": "RT @AlexYanez: Entre los talentos de aquella generaci\u00f3n destacaban:\nAlejandro Guerra\nRonald Vargas\nLuis M. Seijas\nGrenddy Perozo\nNicol\u00e1s 'M\u2026", "created_at": "2021-12-29T21:17:26.000Z", "edit_history_tweet_ids": ["1476301357099503618"], "author_id": "278841898"}, {"id": "1476300180899176448", "text": "RT @SinFaltapy: Excelente art\u00edculo q cuenta c\u00f3mo A. Dom\u00ednguez utiliza a la justicia paraguaya para intentar callar a quien se anime a habla\u2026", "created_at": "2021-12-29T21:12:46.000Z", "edit_history_tweet_ids": ["1476300180899176448"], "author_id": "2183899155"}, {"id": "1476300038032826378", "text": "RT @rogerrojasveliz: #Magallanes vs Tigres (29/12)\n\nCade Gotta 8\nAlberto Gonz\u00e1lez 5\n\u00c1ngel Reyes DH\nNellie Rodr\u00edguez 3\nLeonardo Reginatto 4\u2026", "created_at": "2021-12-29T21:12:12.000Z", "edit_history_tweet_ids": ["1476300038032826378"], "author_id": "2587042442"}, {"id": "1476299178728960006", "text": "Se normaliza el Tren L\u00ednea Belgrano Sur: Ramal Gonz\u00e1lez Cat\u00e1n tras piquete que finalizo altura Villa Soldati y tambi\u00e9n completa su recorrido el Tren Roca Ramal Alejandro Korn luego de problemas t\u00e9cnicos. #PeriodistaDeTransito", "created_at": "2021-12-29T21:08:47.000Z", "edit_history_tweet_ids": ["1476299178728960006"], "author_id": "288259001"}, {"id": "1476297142381776905", "text": "RT @rogerrojasveliz: #Magallanes vs Tigres (29/12)\n\nCade Gotta 8\nAlberto Gonz\u00e1lez 5\n\u00c1ngel Reyes DH\nNellie Rodr\u00edguez 3\nLeonardo Reginatto 4\u2026", "created_at": "2021-12-29T21:00:41.000Z", "edit_history_tweet_ids": ["1476297142381776905"], "author_id": "1443697932797108229"}, {"id": "1476296549881757701", "text": "RT @JoseLChilavert_: https://t.co/ckPBqoLJPm\n\u2066@agdws\u2069 \u2066@FIFAcom\u2069 \u2066@fifacom_es\u2069 Alejandro Dom\u00ednguez dijo que la justicia Pya No actu\u00f3 en el\u2026", "created_at": "2021-12-29T20:58:20.000Z", "edit_history_tweet_ids": ["1476296549881757701"], "author_id": "599090628"}, {"id": "1476295490056638466", "text": "RT @rogerrojasveliz: #Magallanes vs Tigres (29/12)\n\nCade Gotta 8\nAlberto Gonz\u00e1lez 5\n\u00c1ngel Reyes DH\nNellie Rodr\u00edguez 3\nLeonardo Reginatto 4\u2026", "created_at": "2021-12-29T20:54:07.000Z", "edit_history_tweet_ids": ["1476295490056638466"], "author_id": "121277974"}, {"id": "1476294640353558534", "text": "RT @rogerrojasveliz: #Magallanes vs Tigres (29/12)\n\nCade Gotta 8\nAlberto Gonz\u00e1lez 5\n\u00c1ngel Reyes DH\nNellie Rodr\u00edguez 3\nLeonardo Reginatto 4\u2026", "created_at": "2021-12-29T20:50:45.000Z", "edit_history_tweet_ids": ["1476294640353558534"], "author_id": "235154262"}, {"id": "1476294023614767115", "text": "RT @rogerrojasveliz: #Magallanes vs Tigres (29/12)\n\nCade Gotta 8\nAlberto Gonz\u00e1lez 5\n\u00c1ngel Reyes DH\nNellie Rodr\u00edguez 3\nLeonardo Reginatto 4\u2026", "created_at": "2021-12-29T20:48:18.000Z", "edit_history_tweet_ids": ["1476294023614767115"], "author_id": "389570346"}, {"id": "1476292512344072199", "text": "RT @rogerrojasveliz: #Magallanes vs Tigres (29/12)\n\nCade Gotta 8\nAlberto Gonz\u00e1lez 5\n\u00c1ngel Reyes DH\nNellie Rodr\u00edguez 3\nLeonardo Reginatto 4\u2026", "created_at": "2021-12-29T20:42:17.000Z", "edit_history_tweet_ids": ["1476292512344072199"], "author_id": "248389056"}, {"id": "1476292193082032130", "text": "RT @rogerrojasveliz: #Magallanes vs Tigres (29/12)\n\nCade Gotta 8\nAlberto Gonz\u00e1lez 5\n\u00c1ngel Reyes DH\nNellie Rodr\u00edguez 3\nLeonardo Reginatto 4\u2026", "created_at": "2021-12-29T20:41:01.000Z", "edit_history_tweet_ids": ["1476292193082032130"], "author_id": "491781833"}, {"id": "1476292160840511488", "text": "RT @JoseLChilavert_: https://t.co/ckPBqoLJPm\n\u2066@agdws\u2069 \u2066@FIFAcom\u2069 \u2066@fifacom_es\u2069 Alejandro Dom\u00ednguez dijo que la justicia Pya No actu\u00f3 en el\u2026", "created_at": "2021-12-29T20:40:53.000Z", "edit_history_tweet_ids": ["1476292160840511488"], "author_id": "894110082"}, {"id": "1476292041650880521", "text": "RT @JoseLChilavert_: https://t.co/ckPBqoLJPm\n\u2066@agdws\u2069 \u2066@FIFAcom\u2069 \u2066@fifacom_es\u2069 Alejandro Dom\u00ednguez dijo que la justicia Pya No actu\u00f3 en el\u2026", "created_at": "2021-12-29T20:40:25.000Z", "edit_history_tweet_ids": ["1476292041650880521"], "author_id": "1214228171735748611"}, {"id": "1476291912655065095", "text": "RT @SinFaltapy: Excelente art\u00edculo q cuenta c\u00f3mo A. Dom\u00ednguez utiliza a la justicia paraguaya para intentar callar a quien se anime a habla\u2026", "created_at": "2021-12-29T20:39:54.000Z", "edit_history_tweet_ids": ["1476291912655065095"], "author_id": "716004228"}, {"id": "1476291828618088457", "text": "RT @rogerrojasveliz: #Magallanes vs Tigres (29/12)\n\nCade Gotta 8\nAlberto Gonz\u00e1lez 5\n\u00c1ngel Reyes DH\nNellie Rodr\u00edguez 3\nLeonardo Reginatto 4\u2026", "created_at": "2021-12-29T20:39:34.000Z", "edit_history_tweet_ids": ["1476291828618088457"], "author_id": "590571166"}, {"id": "1476291615593537540", "text": "RT @rogerrojasveliz: #Magallanes vs Tigres (29/12)\n\nCade Gotta 8\nAlberto Gonz\u00e1lez 5\n\u00c1ngel Reyes DH\nNellie Rodr\u00edguez 3\nLeonardo Reginatto 4\u2026", "created_at": "2021-12-29T20:38:43.000Z", "edit_history_tweet_ids": ["1476291615593537540"], "author_id": "1429409965"}, {"id": "1476291490599120902", "text": "#Magallanes vs Tigres (29/12)\n\nCade Gotta 8\nAlberto Gonz\u00e1lez 5\n\u00c1ngel Reyes DH\nNellie Rodr\u00edguez 3\nLeonardo Reginatto 4\nAlejandro De Aza 9\nAlberth Martinez 7\nCarlos P\u00e9rez 2\nGabriel Noriega 6\n\nLZ Yohander M\u00e9ndez 1", "created_at": "2021-12-29T20:38:14.000Z", "edit_history_tweet_ids": ["1476291490599120902"], "author_id": "83157010"}, {"id": "1476290183247056899", "text": "RT @SinFaltapy: Excelente art\u00edculo q cuenta c\u00f3mo A. Dom\u00ednguez utiliza a la justicia paraguaya para intentar callar a quien se anime a habla\u2026", "created_at": "2021-12-29T20:33:02.000Z", "edit_history_tweet_ids": ["1476290183247056899"], "author_id": "628415982"}, {"id": "1476289924231884802", "text": "RT @SinFaltapy: Excelente art\u00edculo q cuenta c\u00f3mo A. Dom\u00ednguez utiliza a la justicia paraguaya para intentar callar a quien se anime a habla\u2026", "created_at": "2021-12-29T20:32:00.000Z", "edit_history_tweet_ids": ["1476289924231884802"], "author_id": "284052934"}, {"id": "1476289455040303104", "text": "RT @SinFaltapy: Excelente art\u00edculo q cuenta c\u00f3mo A. Dom\u00ednguez utiliza a la justicia paraguaya para intentar callar a quien se anime a habla\u2026", "created_at": "2021-12-29T20:30:08.000Z", "edit_history_tweet_ids": ["1476289455040303104"], "author_id": "89166596"}, {"id": "1476288138813267968", "text": "RT @Aubar77: \u00c1rboles que dan frutos\u2026 https://t.co/IKR4q6RqGn", "created_at": "2021-12-29T20:24:55.000Z", "edit_history_tweet_ids": ["1476288138813267968"], "author_id": "3241847997"}, {"id": "1476288034048032771", "text": "RT @SinFaltapy: Excelente art\u00edculo q cuenta c\u00f3mo A. Dom\u00ednguez utiliza a la justicia paraguaya para intentar callar a quien se anime a habla\u2026", "created_at": "2021-12-29T20:24:30.000Z", "edit_history_tweet_ids": ["1476288034048032771"], "author_id": "810029442"}, {"id": "1476286955688280068", "text": "RT @SinFaltapy: Excelente art\u00edculo q cuenta c\u00f3mo A. Dom\u00ednguez utiliza a la justicia paraguaya para intentar callar a quien se anime a habla\u2026", "created_at": "2021-12-29T20:20:12.000Z", "edit_history_tweet_ids": ["1476286955688280068"], "author_id": "4141724055"}, {"id": "1476286006634688526", "text": "RT @SinFaltapy: Excelente art\u00edculo q cuenta c\u00f3mo A. Dom\u00ednguez utiliza a la justicia paraguaya para intentar callar a quien se anime a habla\u2026", "created_at": "2021-12-29T20:16:26.000Z", "edit_history_tweet_ids": ["1476286006634688526"], "author_id": "63499950"}, {"id": "1476285852825362439", "text": "RT @SinFaltapy: Excelente art\u00edculo q cuenta c\u00f3mo A. Dom\u00ednguez utiliza a la justicia paraguaya para intentar callar a quien se anime a habla\u2026", "created_at": "2021-12-29T20:15:50.000Z", "edit_history_tweet_ids": ["1476285852825362439"], "author_id": "1006497863189368832"}, {"id": "1476285493876715520", "text": "RT @SinFaltapy: Excelente art\u00edculo q cuenta c\u00f3mo A. Dom\u00ednguez utiliza a la justicia paraguaya para intentar callar a quien se anime a habla\u2026", "created_at": "2021-12-29T20:14:24.000Z", "edit_history_tweet_ids": ["1476285493876715520"], "author_id": "1216727939896791040"}, {"id": "1476285304965414915", "text": "RT @SinFaltapy: Excelente art\u00edculo q cuenta c\u00f3mo A. Dom\u00ednguez utiliza a la justicia paraguaya para intentar callar a quien se anime a habla\u2026", "created_at": "2021-12-29T20:13:39.000Z", "edit_history_tweet_ids": ["1476285304965414915"], "author_id": "1689615499"}, {"id": "1476285292432687104", "text": "RT @SinFaltapy: Excelente art\u00edculo q cuenta c\u00f3mo A. Dom\u00ednguez utiliza a la justicia paraguaya para intentar callar a quien se anime a habla\u2026", "created_at": "2021-12-29T20:13:36.000Z", "edit_history_tweet_ids": ["1476285292432687104"], "author_id": "41951266"}, {"id": "1476284392246894593", "text": "Excelente art\u00edculo q cuenta c\u00f3mo A. Dom\u00ednguez utiliza a la justicia paraguaya para intentar callar a quien se anime a hablar de su mala gesti\u00f3n en @CONMEBOL\nEstaremos atentos al comportamiento del juez Alfieri ma\u00f1ana en el juicio oral contra M. Vel\u00e1zquez.\n\nhttps://t.co/KSiKaDGdmJ", "created_at": "2021-12-29T20:10:01.000Z", "edit_history_tweet_ids": ["1476284392246894593"], "author_id": "4829624710"}, {"id": "1476282847048740870", "text": "RT @Aubar77: \u00c1rboles que dan frutos\u2026 https://t.co/IKR4q6RqGn", "created_at": "2021-12-29T20:03:53.000Z", "edit_history_tweet_ids": ["1476282847048740870"], "author_id": "164464358"}, {"id": "1476282455212511233", "text": "RT @JoseLChilavert_: https://t.co/ckPBqoLJPm\n\u2066@agdws\u2069 \u2066@FIFAcom\u2069 \u2066@fifacom_es\u2069 Alejandro Dom\u00ednguez dijo que la justicia Pya No actu\u00f3 en el\u2026", "created_at": "2021-12-29T20:02:19.000Z", "edit_history_tweet_ids": ["1476282455212511233"], "author_id": "4766429483"}, {"id": "1476281351062147077", "text": "RT @JoseLChilavert_: https://t.co/ckPBqoLJPm\n\u2066@agdws\u2069 \u2066@FIFAcom\u2069 \u2066@fifacom_es\u2069 Alejandro Dom\u00ednguez dijo que la justicia Pya No actu\u00f3 en el\u2026", "created_at": "2021-12-29T19:57:56.000Z", "edit_history_tweet_ids": ["1476281351062147077"], "author_id": "78430318"}, {"id": "1476280793504825347", "text": "RT @expressnewsPy: [ALARMANTE] \n@agdws @CONMEBOL @fifacom_es @GianInfantino @PoderJudicialPY @Jem_py \nAlejandro Dom\u00ednguez habr\u00eda heredado e\u2026", "created_at": "2021-12-29T19:55:43.000Z", "edit_history_tweet_ids": ["1476280793504825347"], "author_id": "165585776"}, {"id": "1476279792429412354", "text": "RT @Aubar77: \u00c1rboles que dan frutos\u2026 https://t.co/IKR4q6RqGn", "created_at": "2021-12-29T19:51:45.000Z", "edit_history_tweet_ids": ["1476279792429412354"], "author_id": "1362044057095196672"}, {"id": "1476279513843646469", "text": "RT @mrvelazquez: La cultura del \u201capriete\u201d, un cl\u00e1sico de la justicia paraguaya\u2026 Antes con los Gonz\u00e0lez Daher y hoy \u00bfcon ALEJANDRO DOM\u00cdNGUEZ\u2026", "created_at": "2021-12-29T19:50:38.000Z", "edit_history_tweet_ids": ["1476279513843646469"], "author_id": "1362044057095196672"}, {"id": "1476279351805104142", "text": "RT @JoseLChilavert_: https://t.co/ckPBqoLJPm\n\u2066@agdws\u2069 \u2066@FIFAcom\u2069 \u2066@fifacom_es\u2069 Alejandro Dom\u00ednguez dijo que la justicia Pya No actu\u00f3 en el\u2026", "created_at": "2021-12-29T19:50:00.000Z", "edit_history_tweet_ids": ["1476279351805104142"], "author_id": "1362044057095196672"}, {"id": "1476277861820604419", "text": "RT @Denilson_Jarde: Obviamente siempre y cuando se solucione lo de Alejandro Gonz\u00e1lez. Por otra parte, se est\u00e1 observando ocupar el quinto\u2026", "created_at": "2021-12-29T19:44:04.000Z", "edit_history_tweet_ids": ["1476277861820604419"], "author_id": "1315850063218905088"}, {"id": "1476277690441347072", "text": "RT @mc_ilse78: libertada para Alejandro Ch\u00e1vez Hern\u00e1ndez,  Alexis Horacio, Daniel Gonz\u00e1lez y para todos los injustamente presos \ud83d\udd4a\ud83d\udd4a\ud83d\udd4a\n#Amnist\u2026", "created_at": "2021-12-29T19:43:23.000Z", "edit_history_tweet_ids": ["1476277690441347072"], "author_id": "1261789249793167360"}, {"id": "1476276852117458946", "text": "RT @Denilson_Jarde: Obviamente siempre y cuando se solucione lo de Alejandro Gonz\u00e1lez. Por otra parte, se est\u00e1 observando ocupar el quinto\u2026", "created_at": "2021-12-29T19:40:04.000Z", "edit_history_tweet_ids": ["1476276852117458946"], "author_id": "1231653404021329920"}, {"id": "1476276201123561475", "text": "RT @Aubar77: \u00c1rboles que dan frutos\u2026 https://t.co/IKR4q6RqGn", "created_at": "2021-12-29T19:37:28.000Z", "edit_history_tweet_ids": ["1476276201123561475"], "author_id": "127558951"}, {"id": "1476276166000627712", "text": "RT @JoseLChilavert_: https://t.co/ckPBqoLJPm\n\u2066@agdws\u2069 \u2066@FIFAcom\u2069 \u2066@fifacom_es\u2069 Alejandro Dom\u00ednguez dijo que la justicia Pya No actu\u00f3 en el\u2026", "created_at": "2021-12-29T19:37:20.000Z", "edit_history_tweet_ids": ["1476276166000627712"], "author_id": "1006497863189368832"}, {"id": "1476275780384555013", "text": "RT @Aubar77: \u00c1rboles que dan frutos\u2026 https://t.co/IKR4q6RqGn", "created_at": "2021-12-29T19:35:48.000Z", "edit_history_tweet_ids": ["1476275780384555013"], "author_id": "1271882674492395520"}, {"id": "1476275259498131457", "text": "RT @JoseLChilavert_: https://t.co/ckPBqoLJPm\n\u2066@agdws\u2069 \u2066@FIFAcom\u2069 \u2066@fifacom_es\u2069 Alejandro Dom\u00ednguez dijo que la justicia Pya No actu\u00f3 en el\u2026", "created_at": "2021-12-29T19:33:44.000Z", "edit_history_tweet_ids": ["1476275259498131457"], "author_id": "89166596"}, {"id": "1476275175159066624", "text": "RT @Aubar77: \u00c1rboles que dan frutos\u2026 https://t.co/IKR4q6RqGn", "created_at": "2021-12-29T19:33:24.000Z", "edit_history_tweet_ids": ["1476275175159066624"], "author_id": "335499569"}, {"id": "1476275126693814282", "text": "RT @Aubar77: \u00c1rboles que dan frutos\u2026 https://t.co/IKR4q6RqGn", "created_at": "2021-12-29T19:33:12.000Z", "edit_history_tweet_ids": ["1476275126693814282"], "author_id": "194390735"}, {"id": "1476274842110332931", "text": "La cultura del \u201capriete\u201d, un cl\u00e1sico de la justicia paraguaya\u2026 Antes con los Gonz\u00e0lez Daher y hoy \u00bfcon ALEJANDRO DOM\u00cdNGUEZ?\nMamita querida, s\u00e1lvese quien pueda https://t.co/zkUhFqJmcR", "created_at": "2021-12-29T19:32:04.000Z", "edit_history_tweet_ids": ["1476274842110332931"], "author_id": "89166596"}, {"id": "1476274007875862529", "text": "RT @Aubar77: \u00c1rboles que dan frutos\u2026 https://t.co/IKR4q6RqGn", "created_at": "2021-12-29T19:28:45.000Z", "edit_history_tweet_ids": ["1476274007875862529"], "author_id": "89166596"}, {"id": "1476273867022819328", "text": "RT @Aubar77: \u00c1rboles que dan frutos\u2026 https://t.co/IKR4q6RqGn", "created_at": "2021-12-29T19:28:12.000Z", "edit_history_tweet_ids": ["1476273867022819328"], "author_id": "292738925"}], "meta": {"newest_id": "1476319176872677382", "oldest_id": "1476273867022819328", "result_count": 94, "next_token": "b26v89c19zqg8o3fpe17v3xy7aqaoxoyx7u6ihvbq53st"}}