{"data": [{"id": "1475449042452815875", "edit_history_tweet_ids": ["1475449042452815875"], "text": "RT @Gregoriodalbon: Por qu\u00e9 no se dejan de pelotudear y destituyen al juez de Menores Alejandro Cilleruelo que liber\u00f3 a los Polic\u00edas y priv\u2026", "created_at": "2021-12-27T12:50:38.000Z", "author_id": "1141257704"}, {"id": "1475448878837088257", "edit_history_tweet_ids": ["1475448878837088257"], "text": "RT @Gregoriodalbon: Por qu\u00e9 no se dejan de pelotudear y destituyen al juez de Menores Alejandro Cilleruelo que liber\u00f3 a los Polic\u00edas y priv\u2026", "created_at": "2021-12-27T12:49:59.000Z", "author_id": "211600427"}, {"id": "1475447942702108672", "edit_history_tweet_ids": ["1475447942702108672"], "text": "RT @Gregoriodalbon: Por qu\u00e9 no se dejan de pelotudear y destituyen al juez de Menores Alejandro Cilleruelo que liber\u00f3 a los Polic\u00edas y priv\u2026", "created_at": "2021-12-27T12:46:16.000Z", "author_id": "791287375"}, {"id": "1475447160573513729", "edit_history_tweet_ids": ["1475447160573513729"], "text": "RT @Gregoriodalbon: Por qu\u00e9 no se dejan de pelotudear y destituyen al juez de Menores Alejandro Cilleruelo que liber\u00f3 a los Polic\u00edas y priv\u2026", "created_at": "2021-12-27T12:43:10.000Z", "author_id": "1860551664"}, {"id": "1475447117992935428", "edit_history_tweet_ids": ["1475447117992935428"], "text": "RT @Gregoriodalbon: Por qu\u00e9 no se dejan de pelotudear y destituyen al juez de Menores Alejandro Cilleruelo que liber\u00f3 a los Polic\u00edas y priv\u2026", "created_at": "2021-12-27T12:43:00.000Z", "author_id": "242124701"}, {"id": "1475447108815650820", "edit_history_tweet_ids": ["1475447108815650820"], "text": "RT @Gregoriodalbon: Por qu\u00e9 no se dejan de pelotudear y destituyen al juez de Menores Alejandro Cilleruelo que liber\u00f3 a los Polic\u00edas y priv\u2026", "created_at": "2021-12-27T12:42:57.000Z", "author_id": "144335090"}, {"id": "1475447084115320834", "edit_history_tweet_ids": ["1475447084115320834"], "text": "RT @Gregoriodalbon: Por qu\u00e9 no se dejan de pelotudear y destituyen al juez de Menores Alejandro Cilleruelo que liber\u00f3 a los Polic\u00edas y priv\u2026", "created_at": "2021-12-27T12:42:51.000Z", "author_id": "2474234061"}, {"id": "1475445929368961024", "edit_history_tweet_ids": ["1475445929368961024"], "text": "RT @Gregoriodalbon: Por qu\u00e9 no se dejan de pelotudear y destituyen al juez de Menores Alejandro Cilleruelo que liber\u00f3 a los Polic\u00edas y priv\u2026", "created_at": "2021-12-27T12:38:16.000Z", "author_id": "525311889"}, {"id": "1475445816412323841", "edit_history_tweet_ids": ["1475445816412323841"], "text": "RT @Gregoriodalbon: Por qu\u00e9 no se dejan de pelotudear y destituyen al juez de Menores Alejandro Cilleruelo que liber\u00f3 a los Polic\u00edas y priv\u2026", "created_at": "2021-12-27T12:37:49.000Z", "author_id": "15130414"}, {"id": "1475445250931843078", "edit_history_tweet_ids": ["1475445250931843078"], "text": "RT @Gregoriodalbon: Por qu\u00e9 no se dejan de pelotudear y destituyen al juez de Menores Alejandro Cilleruelo que liber\u00f3 a los Polic\u00edas y priv\u2026", "created_at": "2021-12-27T12:35:34.000Z", "author_id": "883454563356987392"}, {"id": "1475444584356401159", "edit_history_tweet_ids": ["1475444584356401159"], "text": "RT @Gregoriodalbon: Por qu\u00e9 no se dejan de pelotudear y destituyen al juez de Menores Alejandro Cilleruelo que liber\u00f3 a los Polic\u00edas y priv\u2026", "created_at": "2021-12-27T12:32:56.000Z", "author_id": "222441441"}, {"id": "1475444516207443972", "edit_history_tweet_ids": ["1475444516207443972"], "text": "RT @Gregoriodalbon: Por qu\u00e9 no se dejan de pelotudear y destituyen al juez de Menores Alejandro Cilleruelo que liber\u00f3 a los Polic\u00edas y priv\u2026", "created_at": "2021-12-27T12:32:39.000Z", "author_id": "138836451"}, {"id": "1475444348133294084", "edit_history_tweet_ids": ["1475444348133294084"], "text": "RT @Gregoriodalbon: Por qu\u00e9 no se dejan de pelotudear y destituyen al juez de Menores Alejandro Cilleruelo que liber\u00f3 a los Polic\u00edas y priv\u2026", "created_at": "2021-12-27T12:31:59.000Z", "author_id": "1361913801713586176"}, {"id": "1475442695023726592", "edit_history_tweet_ids": ["1475442695023726592"], "text": "RT @Gregoriodalbon: Por qu\u00e9 no se dejan de pelotudear y destituyen al juez de Menores Alejandro Cilleruelo que liber\u00f3 a los Polic\u00edas y priv\u2026", "created_at": "2021-12-27T12:25:25.000Z", "author_id": "812466437298262016"}, {"id": "1475441834419576832", "edit_history_tweet_ids": ["1475441834419576832"], "text": "RT @Gregoriodalbon: Por qu\u00e9 no se dejan de pelotudear y destituyen al juez de Menores Alejandro Cilleruelo que liber\u00f3 a los Polic\u00edas y priv\u2026", "created_at": "2021-12-27T12:22:00.000Z", "author_id": "2324061439"}, {"id": "1475441777947688963", "edit_history_tweet_ids": ["1475441777947688963"], "text": "RT @Gregoriodalbon: Por qu\u00e9 no se dejan de pelotudear y destituyen al juez de Menores Alejandro Cilleruelo que liber\u00f3 a los Polic\u00edas y priv\u2026", "created_at": "2021-12-27T12:21:46.000Z", "author_id": "1184809631710879745"}, {"id": "1475441403379568642", "edit_history_tweet_ids": ["1475441403379568642"], "text": "RT @Gregoriodalbon: Por qu\u00e9 no se dejan de pelotudear y destituyen al juez de Menores Alejandro Cilleruelo que liber\u00f3 a los Polic\u00edas y priv\u2026", "created_at": "2021-12-27T12:20:17.000Z", "author_id": "208305261"}, {"id": "1475441298106638339", "edit_history_tweet_ids": ["1475441298106638339"], "text": "RT @Gregoriodalbon: Por qu\u00e9 no se dejan de pelotudear y destituyen al juez de Menores Alejandro Cilleruelo que liber\u00f3 a los Polic\u00edas y priv\u2026", "created_at": "2021-12-27T12:19:52.000Z", "author_id": "1623739950"}, {"id": "1475441286626910210", "edit_history_tweet_ids": ["1475441286626910210"], "text": "RT @Gregoriodalbon: Por qu\u00e9 no se dejan de pelotudear y destituyen al juez de Menores Alejandro Cilleruelo que liber\u00f3 a los Polic\u00edas y priv\u2026", "created_at": "2021-12-27T12:19:49.000Z", "author_id": "1295535031218298883"}, {"id": "1475441043814289411", "edit_history_tweet_ids": ["1475441043814289411"], "text": "RT @Gregoriodalbon: Por qu\u00e9 no se dejan de pelotudear y destituyen al juez de Menores Alejandro Cilleruelo que liber\u00f3 a los Polic\u00edas y priv\u2026", "created_at": "2021-12-27T12:18:51.000Z", "author_id": "3039388534"}, {"id": "1475440971064266754", "edit_history_tweet_ids": ["1475440971064266754"], "text": "RT @Gregoriodalbon: Por qu\u00e9 no se dejan de pelotudear y destituyen al juez de Menores Alejandro Cilleruelo que liber\u00f3 a los Polic\u00edas y priv\u2026", "created_at": "2021-12-27T12:18:34.000Z", "author_id": "159219922"}, {"id": "1475440850964398080", "edit_history_tweet_ids": ["1475440850964398080"], "text": "RT @Gregoriodalbon: Por qu\u00e9 no se dejan de pelotudear y destituyen al juez de Menores Alejandro Cilleruelo que liber\u00f3 a los Polic\u00edas y priv\u2026", "created_at": "2021-12-27T12:18:05.000Z", "author_id": "993680097373769728"}, {"id": "1475440841414135813", "edit_history_tweet_ids": ["1475440841414135813"], "text": "RT @Gregoriodalbon: Por qu\u00e9 no se dejan de pelotudear y destituyen al juez de Menores Alejandro Cilleruelo que liber\u00f3 a los Polic\u00edas y priv\u2026", "created_at": "2021-12-27T12:18:03.000Z", "author_id": "992410021"}, {"id": "1475440399305134080", "edit_history_tweet_ids": ["1475440399305134080"], "text": "RT @Gregoriodalbon: Por qu\u00e9 no se dejan de pelotudear y destituyen al juez de Menores Alejandro Cilleruelo que liber\u00f3 a los Polic\u00edas y priv\u2026", "created_at": "2021-12-27T12:16:18.000Z", "author_id": "193384244"}, {"id": "1475440323866202115", "edit_history_tweet_ids": ["1475440323866202115"], "text": "RT @Gregoriodalbon: Por qu\u00e9 no se dejan de pelotudear y destituyen al juez de Menores Alejandro Cilleruelo que liber\u00f3 a los Polic\u00edas y priv\u2026", "created_at": "2021-12-27T12:16:00.000Z", "author_id": "254569107"}, {"id": "1475439857543663616", "edit_history_tweet_ids": ["1475439857543663616"], "text": "RT @Gregoriodalbon: Por qu\u00e9 no se dejan de pelotudear y destituyen al juez de Menores Alejandro Cilleruelo que liber\u00f3 a los Polic\u00edas y priv\u2026", "created_at": "2021-12-27T12:14:09.000Z", "author_id": "248987967"}, {"id": "1475439101570600961", "edit_history_tweet_ids": ["1475439101570600961"], "text": "RT @Gregoriodalbon: Por qu\u00e9 no se dejan de pelotudear y destituyen al juez de Menores Alejandro Cilleruelo que liber\u00f3 a los Polic\u00edas y priv\u2026", "created_at": "2021-12-27T12:11:08.000Z", "author_id": "224096672"}, {"id": "1475438871567642630", "edit_history_tweet_ids": ["1475438871567642630"], "text": "RT @Gregoriodalbon: Por qu\u00e9 no se dejan de pelotudear y destituyen al juez de Menores Alejandro Cilleruelo que liber\u00f3 a los Polic\u00edas y priv\u2026", "created_at": "2021-12-27T12:10:13.000Z", "author_id": "1419825073066848270"}, {"id": "1475438756291387393", "edit_history_tweet_ids": ["1475438756291387393"], "text": "RT @Gregoriodalbon: Por qu\u00e9 no se dejan de pelotudear y destituyen al juez de Menores Alejandro Cilleruelo que liber\u00f3 a los Polic\u00edas y priv\u2026", "created_at": "2021-12-27T12:09:46.000Z", "author_id": "1365607806"}, {"id": "1475438666927411203", "edit_history_tweet_ids": ["1475438666927411203"], "text": "RT @Gregoriodalbon: Por qu\u00e9 no se dejan de pelotudear y destituyen al juez de Menores Alejandro Cilleruelo que liber\u00f3 a los Polic\u00edas y priv\u2026", "created_at": "2021-12-27T12:09:25.000Z", "author_id": "1088760072375861248"}, {"id": "1475438419232710659", "edit_history_tweet_ids": ["1475438419232710659"], "text": "RT @Gregoriodalbon: Por qu\u00e9 no se dejan de pelotudear y destituyen al juez de Menores Alejandro Cilleruelo que liber\u00f3 a los Polic\u00edas y priv\u2026", "created_at": "2021-12-27T12:08:26.000Z", "author_id": "4269204976"}, {"id": "1475438394981376001", "edit_history_tweet_ids": ["1475438394981376001"], "text": "RT @Gregoriodalbon: Por qu\u00e9 no se dejan de pelotudear y destituyen al juez de Menores Alejandro Cilleruelo que liber\u00f3 a los Polic\u00edas y priv\u2026", "created_at": "2021-12-27T12:08:20.000Z", "author_id": "2726851856"}, {"id": "1475438390149484545", "edit_history_tweet_ids": ["1475438390149484545"], "text": "RT @Gregoriodalbon: Por qu\u00e9 no se dejan de pelotudear y destituyen al juez de Menores Alejandro Cilleruelo que liber\u00f3 a los Polic\u00edas y priv\u2026", "created_at": "2021-12-27T12:08:19.000Z", "author_id": "1162550165116477440"}, {"id": "1475438032387928067", "edit_history_tweet_ids": ["1475438032387928067"], "text": "RT @Gregoriodalbon: Por qu\u00e9 no se dejan de pelotudear y destituyen al juez de Menores Alejandro Cilleruelo que liber\u00f3 a los Polic\u00edas y priv\u2026", "created_at": "2021-12-27T12:06:53.000Z", "author_id": "1115075193175777280"}, {"id": "1475437910082166786", "edit_history_tweet_ids": ["1475437910082166786"], "text": "RT @Gregoriodalbon: Por qu\u00e9 no se dejan de pelotudear y destituyen al juez de Menores Alejandro Cilleruelo que liber\u00f3 a los Polic\u00edas y priv\u2026", "created_at": "2021-12-27T12:06:24.000Z", "author_id": "4496986997"}, {"id": "1475437701776039936", "edit_history_tweet_ids": ["1475437701776039936"], "text": "RT @Gregoriodalbon: Por qu\u00e9 no se dejan de pelotudear y destituyen al juez de Menores Alejandro Cilleruelo que liber\u00f3 a los Polic\u00edas y priv\u2026", "created_at": "2021-12-27T12:05:35.000Z", "author_id": "175018244"}, {"id": "1475437669509390337", "edit_history_tweet_ids": ["1475437669509390337"], "text": "RT @Gregoriodalbon: Por qu\u00e9 no se dejan de pelotudear y destituyen al juez de Menores Alejandro Cilleruelo que liber\u00f3 a los Polic\u00edas y priv\u2026", "created_at": "2021-12-27T12:05:27.000Z", "author_id": "2557192298"}, {"id": "1475437621115453442", "edit_history_tweet_ids": ["1475437621115453442"], "text": "RT @Gregoriodalbon: Por qu\u00e9 no se dejan de pelotudear y destituyen al juez de Menores Alejandro Cilleruelo que liber\u00f3 a los Polic\u00edas y priv\u2026", "created_at": "2021-12-27T12:05:15.000Z", "author_id": "1022104500"}, {"id": "1475437545257201668", "edit_history_tweet_ids": ["1475437545257201668"], "text": "RT @Gregoriodalbon: Por qu\u00e9 no se dejan de pelotudear y destituyen al juez de Menores Alejandro Cilleruelo que liber\u00f3 a los Polic\u00edas y priv\u2026", "created_at": "2021-12-27T12:04:57.000Z", "author_id": "2480648736"}, {"id": "1475437401417867266", "edit_history_tweet_ids": ["1475437401417867266"], "text": "RT @Gregoriodalbon: Por qu\u00e9 no se dejan de pelotudear y destituyen al juez de Menores Alejandro Cilleruelo que liber\u00f3 a los Polic\u00edas y priv\u2026", "created_at": "2021-12-27T12:04:23.000Z", "author_id": "51274554"}, {"id": "1475437243108147200", "edit_history_tweet_ids": ["1475437243108147200"], "text": "RT @Gregoriodalbon: Por qu\u00e9 no se dejan de pelotudear y destituyen al juez de Menores Alejandro Cilleruelo que liber\u00f3 a los Polic\u00edas y priv\u2026", "created_at": "2021-12-27T12:03:45.000Z", "author_id": "2043051"}, {"id": "1475436908721291266", "edit_history_tweet_ids": ["1475436908721291266"], "text": "Por qu\u00e9 no se dejan de pelotudear y destituyen al juez de Menores Alejandro Cilleruelo que liber\u00f3 a los Polic\u00edas y priv\u00f3 de la libertad a los amigos de Lucas Gonz\u00e1lez? Qu\u00e9 pasa ? Es del palo ? \nManga de cagones. https://t.co/eNKtSGybut", "created_at": "2021-12-27T12:02:25.000Z", "author_id": "138146308"}, {"id": "1475420437043630084", "edit_history_tweet_ids": ["1475420437043630084"], "text": "&amp; RED Terroristas Martillero Carlos A.Prieto, Alejandro Bellina Hijo Diego Bellina @Diego_Be Martha Ag\u00fcero, yerno Marcelo Silvia Valeria Gonz\u00e1lez por Liliana Vera, Camionero Tosca Marcos Baile San La Muerte, Nahuel S Tursun (seyirhan), Mikel Tursun, @CFKArgentina &amp; Cevdet Tursun,", "created_at": "2021-12-27T10:56:58.000Z", "author_id": "1021652439731200000"}, {"id": "1475419983102590978", "edit_history_tweet_ids": ["1475419983102590978"], "text": "RT @fmrockandpop: Crimen de Lucas Gonz\u00e1lez: ordenan la detenci\u00f3n de otros dos comisarios. \n\nSe trata de Rodolfo Alejandro Ozan y Daniel San\u2026", "created_at": "2021-12-27T10:55:10.000Z", "author_id": "2430642104"}, {"id": "1475417141100822531", "edit_history_tweet_ids": ["1475417141100822531"], "text": "RT @rogerrojasveliz: #Magallanes vs Tigres (26/12)\n\nCade Gotta 8\nAlberto Gonz\u00e1lez 5\n\u00c1ngel Reyes DH\nNellie Rodr\u00edguez 3\nLeonardo Reginatto 4\u2026", "created_at": "2021-12-27T10:43:53.000Z", "author_id": "140835233"}, {"id": "1475415187289108480", "edit_history_tweet_ids": ["1475415187289108480"], "text": "RT @Gregoriodalbon: Espero se ocupen del Juez Alejandro Rodolfo Cilleruelo, que dej\u00f3 presos a chicos inocentes toda la noche y libres a los\u2026", "created_at": "2021-12-27T10:36:07.000Z", "author_id": "4800010283"}, {"id": "1475408717969506305", "edit_history_tweet_ids": ["1475408717969506305"], "text": "Crimen de Lucas Gonz\u00e1lez: ordenan la detenci\u00f3n de otros dos comisarios. \n\nSe trata de Rodolfo Alejandro Ozan y Daniel Santana. La Justicia se ampar\u00f3 en una comunicaci\u00f3n telef\u00f3nica que ambos mantuvieron tras el asesinato del adolescente. \n\n\ud83d\udc49Te lo informa @nachojuliano. https://t.co/zbGbRXPan0", "created_at": "2021-12-27T10:10:24.000Z", "author_id": "57370965"}, {"id": "1475380625976832000", "edit_history_tweet_ids": ["1475380625976832000"], "text": "RT @Denilson_Jarde: El pr\u00e9stamo de Alejandro Gonz\u00e1lez (de Sporting Cristal) a Sport Boys, ha sido aceptado por parte del cuadro celeste hac\u2026", "created_at": "2021-12-27T08:18:47.000Z", "author_id": "1410239680893833216"}, {"id": "1475380212976152576", "edit_history_tweet_ids": ["1475380212976152576"], "text": "RT @Julioac13: ... a los 1.010.722 contribuyentes que declaran Bienes Personales (dato oficial dic/2018), muchos de ellos hoy enfurecidos p\u2026", "created_at": "2021-12-27T08:17:08.000Z", "author_id": "3082038490"}, {"id": "1475360912777392128", "edit_history_tweet_ids": ["1475360912777392128"], "text": "Eva Gonz\u00e1lez desvela c\u00f3mo es trabajar con su \u00eddolo, Alejandro Sanz: \"No se me ha olvidado esa ni\u00f1a que ahorraba para ir a sus conciertos\" https://t.co/SLq6NIaGbQ", "created_at": "2021-12-27T07:00:27.000Z", "author_id": "1460223115628359683"}, {"id": "1475357661826801668", "edit_history_tweet_ids": ["1475357661826801668"], "text": "RT @MagallanesHoy: #LineUp de #MagallanesHoy #26Dic vs Tigres\n\nCade Gotta 8\nAlberto Gonz\u00e1lez 5\n\u00c1ngel Reyes BD \nNellie Rodr\u00edguez 3\nLeonardo\u2026", "created_at": "2021-12-27T06:47:32.000Z", "author_id": "82012836"}, {"id": "1475345815405268992", "edit_history_tweet_ids": ["1475345815405268992"], "text": "#TeBuscamos Alejandro Gonz\u00e1lez Soria, el 6/11/18 #PuertoVallarta #Jalisco v\u00eda @rcancino https://t.co/awHwQQ9rff", "created_at": "2021-12-27T06:00:27.000Z", "author_id": "2203319689"}, {"id": "1475338651848609793", "edit_history_tweet_ids": ["1475338651848609793"], "text": "\u2022Diversos momentos a trilha sonora se mostra presente apenas com o instrumental, seguindo uma linha como a do diretor Alejandro Gonz\u00e1lez I\u00f1\u00e1rritu em Birdman.", "created_at": "2021-12-27T05:31:59.000Z", "author_id": "1467710770452520963"}, {"id": "1475329938261696512", "edit_history_tweet_ids": ["1475329938261696512"], "text": "RT @CuartelB: \ud83c\udf99 @JeanMartinD via @InkaSports : En el caso de Percy Prado, se busca un acuerdo de rescision de contrato, porque no esta en l\u2026", "created_at": "2021-12-27T04:57:22.000Z", "author_id": "1315850063218905088"}, {"id": "1475326452153270272", "edit_history_tweet_ids": ["1475326452153270272"], "text": "RT @Denilson_Jarde: El pr\u00e9stamo de Alejandro Gonz\u00e1lez (de Sporting Cristal) a Sport Boys, ha sido aceptado por parte del cuadro celeste hac\u2026", "created_at": "2021-12-27T04:43:31.000Z", "author_id": "233241477"}, {"id": "1475326145612681216", "edit_history_tweet_ids": ["1475326145612681216"], "text": "RT @Denilson_Jarde: El pr\u00e9stamo de Alejandro Gonz\u00e1lez (de Sporting Cristal) a Sport Boys, ha sido aceptado por parte del cuadro celeste hac\u2026", "created_at": "2021-12-27T04:42:18.000Z", "author_id": "1315850063218905088"}, {"id": "1475324572408979459", "edit_history_tweet_ids": ["1475324572408979459"], "text": "Cita y responde con el mejor jugador que viste en estos clubes:\n\nCaracas FC: Dar\u00edo Figueroa\nDvo. T\u00e1chira: Edgard P\u00e9rez Greco\nZamora FC: Yeferson Soteldo\nMineros: Alejandro Guerra\nEstudiantes: Jes\u00fas G\u00f3mez\nMonagas SC: Luis 'Cariaco' Gonz\u00e1lez\nDvo. Lara: Jes\u00fas Hern\u00e1ndez", "created_at": "2021-12-27T04:36:02.000Z", "author_id": "160541190"}, {"id": "1475304463246274564", "edit_history_tweet_ids": ["1475304463246274564"], "text": "RT @LaAlamedaJal: #TeBuscamos Joaqu\u00edn Alejandro  Gonz\u00e1lez  Car\u00e1bes.  #Jalisco  @begolecumberri https://t.co/8YxVxJfUda", "created_at": "2021-12-27T03:16:08.000Z", "author_id": "801077890993356800"}, {"id": "1475302627332268035", "edit_history_tweet_ids": ["1475302627332268035"], "text": "RT @Denilson_Jarde: El pr\u00e9stamo de Alejandro Gonz\u00e1lez (de Sporting Cristal) a Sport Boys, ha sido aceptado por parte del cuadro celeste hac\u2026", "created_at": "2021-12-27T03:08:50.000Z", "author_id": "1401741984465829888"}, {"id": "1475302076624379905", "edit_history_tweet_ids": ["1475302076624379905"], "text": "RT @Denilson_Jarde: El pr\u00e9stamo de Alejandro Gonz\u00e1lez (de Sporting Cristal) a Sport Boys, ha sido aceptado por parte del cuadro celeste hac\u2026", "created_at": "2021-12-27T03:06:39.000Z", "author_id": "523347637"}, {"id": "1475298921761198081", "edit_history_tweet_ids": ["1475298921761198081"], "text": "RT @Denilson_Jarde: El pr\u00e9stamo de Alejandro Gonz\u00e1lez (de Sporting Cristal) a Sport Boys, ha sido aceptado por parte del cuadro celeste hac\u2026", "created_at": "2021-12-27T02:54:07.000Z", "author_id": "1293765685420666885"}, {"id": "1475297278638362626", "edit_history_tweet_ids": ["1475297278638362626"], "text": "RT @Denilson_Jarde: El pr\u00e9stamo de Alejandro Gonz\u00e1lez (de Sporting Cristal) a Sport Boys, ha sido aceptado por parte del cuadro celeste hac\u2026", "created_at": "2021-12-27T02:47:35.000Z", "author_id": "1290787595912445955"}, {"id": "1475294896378585089", "edit_history_tweet_ids": ["1475294896378585089"], "text": "RT @Denilson_Jarde: El pr\u00e9stamo de Alejandro Gonz\u00e1lez (de Sporting Cristal) a Sport Boys, ha sido aceptado por parte del cuadro celeste hac\u2026", "created_at": "2021-12-27T02:38:07.000Z", "author_id": "3710553701"}, {"id": "1475294314699923458", "edit_history_tweet_ids": ["1475294314699923458"], "text": "El pr\u00e9stamo de Alejandro Gonz\u00e1lez (de Sporting Cristal) a Sport Boys, ha sido aceptado por parte del cuadro celeste hace d\u00edas. Ma\u00f1ana deber\u00eda estar defini\u00e9ndose el tema de la firma del jugador para que ya sea oficial la cesi\u00f3n", "created_at": "2021-12-27T02:35:48.000Z", "author_id": "2222376698"}, {"id": "1475293202496245763", "edit_history_tweet_ids": ["1475293202496245763"], "text": "RT @CuartelB: \ud83c\udf99 @JeanMartinD via @InkaSports : En el caso de Percy Prado, se busca un acuerdo de rescision de contrato, porque no esta en l\u2026", "created_at": "2021-12-27T02:31:23.000Z", "author_id": "1401741984465829888"}, {"id": "1475285245041782791", "edit_history_tweet_ids": ["1475285245041782791"], "text": "RT @barci_2010: Crimen de Lucas Gonz\u00e1lez: ordenan la detenci\u00f3n de otros dos comisarios\nSe trata de Rodolfo Alejandro Ozan y Daniel Santana.\u2026", "created_at": "2021-12-27T01:59:46.000Z", "author_id": "1149844420541464576"}, {"id": "1475282056749850625", "edit_history_tweet_ids": ["1475282056749850625"], "text": "RT @CuartelB: \ud83c\udf99 @JeanMartinD via @InkaSports : En el caso de Percy Prado, se busca un acuerdo de rescision de contrato, porque no esta en l\u2026", "created_at": "2021-12-27T01:47:06.000Z", "author_id": "1286397950562885633"}, {"id": "1475281751622643715", "edit_history_tweet_ids": ["1475281751622643715"], "text": "\ud83c\udf99 @JeanMartinD via @InkaSports : En el caso de Percy Prado, se busca un acuerdo de rescision de contrato, porque no esta en los planes del CT; todo parece indicar que Alejandro Gonzalez ira a Sport Boys", "created_at": "2021-12-27T01:45:53.000Z", "author_id": "1179799711349432320"}, {"id": "1475278376315371521", "edit_history_tweet_ids": ["1475278376315371521"], "text": "@InkaSports  preg\u00fantenle a Jean sobre Alejandro Gonzalez,Prettell,Prado que van a a pasar con ellos.", "created_at": "2021-12-27T01:32:28.000Z", "author_id": "1345210939151417344"}, {"id": "1475277452029337600", "edit_history_tweet_ids": ["1475277452029337600"], "text": "A heartbreakingly direct performance by Javier Bardem anchors BIUTIFUL, a film by Alejandro Gonz\u00e1lez I\u00f1\u00e1rritu. https://t.co/XMExSvAr9e", "created_at": "2021-12-27T01:28:48.000Z", "author_id": "344636497"}, {"id": "1475277339093315584", "edit_history_tweet_ids": ["1475277339093315584"], "text": "RT @forbescolombia: Alejandro Ria\u00f1o apost\u00f3 por la comedia sat\u00edrica y la sac\u00f3 del estadio con el personaje Juanpis Gonz\u00e1lez. Ya tiene varias\u2026", "created_at": "2021-12-27T01:28:21.000Z", "author_id": "359351638"}, {"id": "1475275461051785219", "edit_history_tweet_ids": ["1475275461051785219"], "text": "RT @LaAlamedaJal: #TeBuscamos Joaqu\u00edn Alejandro  Gonz\u00e1lez  Car\u00e1bes.  #Jalisco  @begolecumberri https://t.co/8YxVxJfUda", "created_at": "2021-12-27T01:20:53.000Z", "author_id": "920197164"}, {"id": "1475275135896592388", "edit_history_tweet_ids": ["1475275135896592388"], "text": "RT @barci_2010: Crimen de Lucas Gonz\u00e1lez: ordenan la detenci\u00f3n de otros dos comisarios\nSe trata de Rodolfo Alejandro Ozan y Daniel Santana.\u2026", "created_at": "2021-12-27T01:19:36.000Z", "author_id": "552944497"}, {"id": "1475271007011323910", "edit_history_tweet_ids": ["1475271007011323910"], "text": "As of now, foreign players at Sporting Cristal (With Alejandro Gonzalez set to be loaned to Sport Boys)\n\nOmar Merlo \ud83c\udde6\ud83c\uddf7 \nLeandro Sosa \ud83c\uddfa\ud83c\uddfe \nJuan Sanchez Rosales \ud83c\uddea\ud83c\udde8 \nJairo Mosquera \ud83c\udde8\ud83c\uddf4 \n\nOne more foreign slot remains. Who knows if Inova will sign another foreigner or not\u2026", "created_at": "2021-12-27T01:03:11.000Z", "author_id": "1201165744773435392"}, {"id": "1475268591327002627", "edit_history_tweet_ids": ["1475268591327002627"], "text": "RT @rogerrojasveliz: #Magallanes vs Tigres (26/12)\n\nCade Gotta 8\nAlberto Gonz\u00e1lez 5\n\u00c1ngel Reyes DH\nNellie Rodr\u00edguez 3\nLeonardo Reginatto 4\u2026", "created_at": "2021-12-27T00:53:35.000Z", "author_id": "366087957"}, {"id": "1475267765674065926", "edit_history_tweet_ids": ["1475267765674065926"], "text": "RT @AdriAlvarado13: @Insano1925 @josecarloscresp Alejandro Gonzalez, uruguayo mismo", "created_at": "2021-12-27T00:50:19.000Z", "author_id": "1461114321241522180"}, {"id": "1475266442559901698", "edit_history_tweet_ids": ["1475266442559901698"], "text": "Crimen de Lucas Gonz\u00e1lez: ordenan la detenci\u00f3n de otros dos comisarios\nSe trata de Rodolfo Alejandro Ozan y Daniel Santana. La Justicia se ampar\u00f3 en una comunicaci\u00f3n telef\u00f3nica que ambos mantuvieron tras el asesinato del adolescente. #AsociacionIlicitaJxC", "created_at": "2021-12-27T00:45:03.000Z", "author_id": "186912015"}, {"id": "1475257991335227398", "edit_history_tweet_ids": ["1475257991335227398"], "text": "#TeBuscamos Joaqu\u00edn Alejandro  Gonz\u00e1lez  Car\u00e1bes.  #Jalisco  @begolecumberri https://t.co/8YxVxJfUda", "created_at": "2021-12-27T00:11:28.000Z", "author_id": "2203319689"}, {"id": "1475256021622927360", "edit_history_tweet_ids": ["1475256021622927360"], "text": "RT @rogerrojasveliz: #Magallanes vs Tigres (26/12)\n\nCade Gotta 8\nAlberto Gonz\u00e1lez 5\n\u00c1ngel Reyes DH\nNellie Rodr\u00edguez 3\nLeonardo Reginatto 4\u2026", "created_at": "2021-12-27T00:03:39.000Z", "author_id": "235154262"}, {"id": "1475248757025431557", "edit_history_tweet_ids": ["1475248757025431557"], "text": "RT @forbescolombia: Alejandro Ria\u00f1o apost\u00f3 por la comedia sat\u00edrica y la sac\u00f3 del estadio con el personaje Juanpis Gonz\u00e1lez. Ya tiene varias\u2026", "created_at": "2021-12-26T23:34:47.000Z", "author_id": "85831855"}, {"id": "1475247882609598464", "edit_history_tweet_ids": ["1475247882609598464"], "text": "RT @rogerrojasveliz: #Magallanes vs Tigres (26/12)\n\nCade Gotta 8\nAlberto Gonz\u00e1lez 5\n\u00c1ngel Reyes DH\nNellie Rodr\u00edguez 3\nLeonardo Reginatto 4\u2026", "created_at": "2021-12-26T23:31:18.000Z", "author_id": "137195880"}, {"id": "1475241690889957378", "edit_history_tweet_ids": ["1475241690889957378"], "text": "@Insano1925 @josecarloscresp Alejandro Gonzalez, uruguayo mismo", "created_at": "2021-12-26T23:06:42.000Z", "author_id": "281315766"}, {"id": "1475240799654744066", "edit_history_tweet_ids": ["1475240799654744066"], "text": "RT @Julioac13: Teniendo en cuenta que el del Pr\u00edncipe Carlos con Lady Di cost\u00f3 110 palos verdes, lo de Gonz\u00e1lez ser\u00eda para el Guinness. Ni\u2026", "created_at": "2021-12-26T23:03:09.000Z", "author_id": "3035794271"}, {"id": "1475233733062295553", "edit_history_tweet_ids": ["1475233733062295553"], "text": "@CesarVargas365 Alejandro Gonzalez Inarritu compared Marvel movies to *genocide*, is he brown enough for you or nah.", "created_at": "2021-12-26T22:35:05.000Z", "author_id": "772123255759069185"}, {"id": "1475229002189131777", "edit_history_tweet_ids": ["1475229002189131777"], "text": "RT @Magallanes_bbc: #RR1 | Estadio Jose Bernardo P\u00e9rez\n\nAlejandro De Aza se embasa por infield hit. \n\nAnota desde 3B Alberto Gonz\u00e1lez.\n\nBas\u2026", "created_at": "2021-12-26T22:16:17.000Z", "author_id": "117859564"}, {"id": "1475228434485809160", "edit_history_tweet_ids": ["1475228434485809160"], "text": "@One_Alex_ @ClubSCristal Reclamen unidad cuando hagan bien las cosas. No traigan a Herrera pero traigan alguien del mismo nivel. Echen a Madrid, Prado, Alejandro Gonz\u00e1lez. Y si pueden,de paso a Mosquera que ya cans\u00f3 y nunca vence en partidos definitorios. Cambien para exigir uni\u00f3n.", "created_at": "2021-12-26T22:14:01.000Z", "author_id": "116592071"}, {"id": "1475228369759477775", "edit_history_tweet_ids": ["1475228369759477775"], "text": "RT @Magallanes_bbc: #RR1 | Estadio Jose Bernardo P\u00e9rez\n\nAlejandro De Aza se embasa por infield hit. \n\nAnota desde 3B Alberto Gonz\u00e1lez.\n\nBas\u2026", "created_at": "2021-12-26T22:13:46.000Z", "author_id": "455916138"}, {"id": "1475228361106632712", "edit_history_tweet_ids": ["1475228361106632712"], "text": "RT @MagallanesHoy: #LineUp de #MagallanesHoy #26Dic vs Tigres\n\nCade Gotta 8\nAlberto Gonz\u00e1lez 5\n\u00c1ngel Reyes BD \nNellie Rodr\u00edguez 3\nLeonardo\u2026", "created_at": "2021-12-26T22:13:44.000Z", "author_id": "1202299513991503882"}, {"id": "1475224908615630850", "edit_history_tweet_ids": ["1475224908615630850"], "text": "Alejandro Ria\u00f1o apost\u00f3 por la comedia sat\u00edrica y la sac\u00f3 del estadio con el personaje Juanpis Gonz\u00e1lez. Ya tiene varias unidades de negocio, emplea 70 personas y abrir\u00e1 esta semana un teatro. \u00bfC\u00f3mo lo logr\u00f3? #LoM\u00e1sLe\u00eddoForbes \n\nhttps://t.co/Z1IzQDD3vT", "created_at": "2021-12-26T22:00:01.000Z", "author_id": "1186704919732072449"}, {"id": "1475222243579998211", "edit_history_tweet_ids": ["1475222243579998211"], "text": "RT @Magallanes_bbc: #RR1 | Estadio Jose Bernardo P\u00e9rez\n\nAlejandro De Aza se embasa por infield hit. \n\nAnota desde 3B Alberto Gonz\u00e1lez.\n\nBas\u2026", "created_at": "2021-12-26T21:49:25.000Z", "author_id": "108503716"}, {"id": "1475221690019946503", "edit_history_tweet_ids": ["1475221690019946503"], "text": "RT @Magallanes_bbc: #RR1 | Estadio Jose Bernardo P\u00e9rez\n\nAlejandro De Aza se embasa por infield hit. \n\nAnota desde 3B Alberto Gonz\u00e1lez.\n\nBas\u2026", "created_at": "2021-12-26T21:47:13.000Z", "author_id": "1405665552488599552"}, {"id": "1475221612068851719", "edit_history_tweet_ids": ["1475221612068851719"], "text": "#RR1 | Estadio Jose Bernardo P\u00e9rez\n\nAlejandro De Aza se embasa por infield hit. \n\nAnota desde 3B Alberto Gonz\u00e1lez.\n\nBases llenas \u2757\n\nAl bate: Carlos P\u00e9rez\n\n#Tigres 0-2 #Magallanes | 1ero. Baja - 2 out\n\n#Magallanes #LVBP", "created_at": "2021-12-26T21:46:55.000Z", "author_id": "77375171"}, {"id": "1475221517856395267", "edit_history_tweet_ids": ["1475221517856395267"], "text": "HITT DE Alejandro De Aza impulsa a Alberto Gonzalez. Le dio en el brazo a Cavanerio. 2-0 Magallanes.", "created_at": "2021-12-26T21:46:32.000Z", "author_id": "235076585"}, {"id": "1475216040770650116", "edit_history_tweet_ids": ["1475216040770650116"], "text": "#LineUp de #MagallanesHoy #26Dic vs Tigres\n\nCade Gotta 8\nAlberto Gonz\u00e1lez 5\n\u00c1ngel Reyes BD \nNellie Rodr\u00edguez 3\nLeonardo Reginatto 3\nAlbert Mart\u00ednez 7\nAlejandro de Aza\nCarlos P\u00e9rez\nGabriel Noriega 6\n\nLeal 1\n\n#Magallanes #LVBP \nRound Robin #FelizDomingo y #FelizNavidad Magallaneros https://t.co/oTjMwsbcMs", "created_at": "2021-12-26T21:24:46.000Z", "author_id": "1909888508"}, {"id": "1475204864070217729", "edit_history_tweet_ids": ["1475204864070217729"], "text": "RT @Julioac13: Teniendo en cuenta que el del Pr\u00edncipe Carlos con Lady Di cost\u00f3 110 palos verdes, lo de Gonz\u00e1lez ser\u00eda para el Guinness. Ni\u2026", "created_at": "2021-12-26T20:40:22.000Z", "author_id": "2719035609"}, {"id": "1475204103324196875", "edit_history_tweet_ids": ["1475204103324196875"], "text": "RT @rogerrojasveliz: #Magallanes vs Tigres (26/12)\n\nCade Gotta 8\nAlberto Gonz\u00e1lez 5\n\u00c1ngel Reyes DH\nNellie Rodr\u00edguez 3\nLeonardo Reginatto 4\u2026", "created_at": "2021-12-26T20:37:20.000Z", "author_id": "1463165139167760384"}, {"id": "1475201571567042561", "edit_history_tweet_ids": ["1475201571567042561"], "text": "RT @rogerrojasveliz: #Magallanes vs Tigres (26/12)\n\nCade Gotta 8\nAlberto Gonz\u00e1lez 5\n\u00c1ngel Reyes DH\nNellie Rodr\u00edguez 3\nLeonardo Reginatto 4\u2026", "created_at": "2021-12-26T20:27:17.000Z", "author_id": "3999207501"}], "meta": {"newest_id": "1475449042452815875", "oldest_id": "1475201571567042561", "result_count": 97, "next_token": "b26v89c19zqg8o3fpe17fy9wo780q0ty2gj43rwjsyn3x"}}