{"data": [{"edit_history_tweet_ids": ["603948908033736704"], "created_at": "2015-05-28T15:40:15.000Z", "text": "RT @LazerFeedNews: @LazerFeedNews AC/DC's Brian Johnson Will Appear on Jim Breuer's Album: AC/DC\u00a0frontman Brian Johnson recorded ... http:/\u2026", "author_id": "2549469360", "id": "603948908033736704"}, {"edit_history_tweet_ids": ["603948839695953920"], "created_at": "2015-05-28T15:39:58.000Z", "text": "AC/DC's Brian Johnson Will Appear on Jim Breuer's Album http://t.co/lPhyigMz1I", "author_id": "961904768", "id": "603948839695953920"}, {"edit_history_tweet_ids": ["603948731831029760"], "created_at": "2015-05-28T15:39:33.000Z", "text": "AC/DC's Brian Johnson Will Appear on Jim Breuer's Album http://t.co/PSNzXwAGgi", "author_id": "745302038", "id": "603948731831029760"}, {"edit_history_tweet_ids": ["603948635680702464"], "created_at": "2015-05-28T15:39:10.000Z", "text": "AC/DC's Brian Johnson Will Appear on Jim Breuer's Album: http://t.co/zttaPv0o1J -- AC/DC\u00a0frontman Brian Johnson... http://t.co/VRKlenxnMH", "author_id": "2763615072", "id": "603948635680702464"}, {"edit_history_tweet_ids": ["603948369854074881"], "created_at": "2015-05-28T15:38:06.000Z", "text": "@UltClassicRock @JimBreuer Cool.  He does a great Brian Johnson impersonation", "author_id": "266313392", "id": "603948369854074881"}, {"edit_history_tweet_ids": ["603947980903686145"], "created_at": "2015-05-28T15:36:34.000Z", "text": "Brian Johnson to Appear on Comedian Jim Breuer's Upcoming Metal Album http://t.co/TXeeiIEkLw #News #BrianJohnson", "author_id": "1314606997", "id": "603947980903686145"}, {"edit_history_tweet_ids": ["603947717228789760"], "created_at": "2015-05-28T15:35:31.000Z", "text": "Brian Johnson to Appear on Comedian Jim Breuer's Upcoming Metal Album: Comedian Jim Breuer promised \"some pret... http://t.co/JhnpxTtyCz", "author_id": "3228329569", "id": "603947717228789760"}, {"edit_history_tweet_ids": ["603947711201546240"], "created_at": "2015-05-28T15:35:29.000Z", "text": "Brian Johnson to Appear on Comedian Jim Breuer's Upcoming Metal Album: Comedian Jim Breuer promised \"some pret... http://t.co/gzYPsJzxGD", "author_id": "3050156189", "id": "603947711201546240"}, {"edit_history_tweet_ids": ["603947709309956096"], "created_at": "2015-05-28T15:35:29.000Z", "text": "Brian Johnson to Appear on Comedian Jim Breuer's Upcoming Metal Album: Comedian Jim Breuer promised \"some pret... http://t.co/44f5UbFQjt", "author_id": "216939989", "id": "603947709309956096"}, {"edit_history_tweet_ids": ["603947704251654145"], "created_at": "2015-05-28T15:35:28.000Z", "text": "#UltimateClassicRock Brian Johnson to Appear on Comedian Jim Breuer's Upcoming Metal Album http://t.co/VtuR7t9Etc #ClassicRock #Rock", "author_id": "2324141593", "id": "603947704251654145"}, {"edit_history_tweet_ids": ["603947703878320129"], "created_at": "2015-05-28T15:35:28.000Z", "text": "Brian Johnson to Appear on Comedian Jim Breuer's Upcoming Metal Album http://t.co/7R096KTxON #RenjiNews", "author_id": "97745478", "id": "603947703878320129"}, {"edit_history_tweet_ids": ["603947693770059776"], "created_at": "2015-05-28T15:35:25.000Z", "text": "#UltimateClassicRock Brian Johnson to Appear on Comedian Jim Breuer's Upcoming Metal Album http://t.co/16btJ1ZCxd #SHARED", "author_id": "316407341", "id": "603947693770059776"}, {"edit_history_tweet_ids": ["603947678360186880"], "created_at": "2015-05-28T15:35:21.000Z", "text": "Brian Johnson to Appear on Comedian Jim Breuer's Upcoming Metal Album http://t.co/FgMBBFBM2X #opanews", "author_id": "21186392", "id": "603947678360186880"}, {"edit_history_tweet_ids": ["603947673884889089"], "created_at": "2015-05-28T15:35:20.000Z", "text": "Brian Johnson to Appear on Comedian Jim Breuer's Upcoming Metal Album http://t.co/OCmK7wN0zz", "author_id": "20272126", "id": "603947673884889089"}, {"edit_history_tweet_ids": ["603947470591291392"], "created_at": "2015-05-28T15:34:32.000Z", "text": "I added a video to a @YouTube playlist http://t.co/hfUMuhKofa show me Your face - Brian Johnson", "author_id": "2446263230", "id": "603947470591291392"}, {"edit_history_tweet_ids": ["603947072144932864"], "created_at": "2015-05-28T15:32:57.000Z", "text": "AC/DC's Brian Johnson Will Appear on Jim Breuer's Album http://t.co/05oyARO800", "author_id": "369760961", "id": "603947072144932864"}, {"edit_history_tweet_ids": ["603947058475630592"], "created_at": "2015-05-28T15:32:54.000Z", "text": "AC/DC's Brian Johnson Will Appear on Jim Breuer's Album: AC/DC\u00a0frontman Brian Johnson recorded vocals for a so... http://t.co/giewtz2KUD", "author_id": "369760961", "id": "603947058475630592"}, {"edit_history_tweet_ids": ["603947044961591296"], "created_at": "2015-05-28T15:32:50.000Z", "text": "@LazerFeedNews AC/DC's Brian Johnson Will Appear on Jim Breuer's Album: AC/DC\u00a0frontman Brian Johnson recorded ... http://t.co/VTVofoPFC1", "author_id": "2928711967", "id": "603947044961591296"}, {"edit_history_tweet_ids": ["603947012405342209"], "created_at": "2015-05-28T15:32:43.000Z", "text": "AC/DC's Brian Johnson Will Appear on Jim Breuer's Album http://t.co/8F1VEkpqq1", "author_id": "1958040062", "id": "603947012405342209"}, {"edit_history_tweet_ids": ["603946898198757377"], "created_at": "2015-05-28T15:32:15.000Z", "text": "RT @UltClassicRock: Brian Johnson will appear on comedian @JimBreuer's upcoming metal album: http://t.co/k0UtEgbTDl http://t.co/C2vaLIYIzq", "author_id": "348843476", "id": "603946898198757377"}, {"edit_history_tweet_ids": ["603946730447572992"], "created_at": "2015-05-28T15:31:35.000Z", "text": "AC/DC's Brian Johnson Will Appear on Jim Breuer's Album http://t.co/fHFB8RkLWY #music #news", "author_id": "177488853", "id": "603946730447572992"}, {"edit_history_tweet_ids": ["603946450733510656"], "created_at": "2015-05-28T15:30:29.000Z", "text": "AC/DC's Brian Johnson Will Appear on Jim Breuer's Album: http://t.co/zttaPv0o1J -- AC/DC\u00a0frontman Brian Johnson... http://t.co/0GOqOuwkSC", "author_id": "2763615072", "id": "603946450733510656"}, {"edit_history_tweet_ids": ["603946316754915328"], "created_at": "2015-05-28T15:29:57.000Z", "text": "AC/DC's Brian Johnson Will Appear on Jim Breuer's Album http://t.co/qjGAyNArBH #rollingstone", "author_id": "2672795947", "id": "603946316754915328"}, {"edit_history_tweet_ids": ["603946301751865344"], "created_at": "2015-05-28T15:29:53.000Z", "text": "AC/DC's Brian Johnson Will Appear on Jim Breuer's Album: AC/DC\u00a0frontman Brian Johnson recorded vocals for a so... http://t.co/oCqN3gcIp0", "author_id": "221896586", "id": "603946301751865344"}, {"edit_history_tweet_ids": ["603946276867018752"], "created_at": "2015-05-28T15:29:47.000Z", "text": "AC/DC's Brian Johnson Will Appear on Jim Breuer's Album: AC/DC\u00a0frontman Brian Johnson recorded vocals for a so... http://t.co/Ecd1AxwbCj", "author_id": "2219548010", "id": "603946276867018752"}, {"edit_history_tweet_ids": ["603946266104602624"], "created_at": "2015-05-28T15:29:45.000Z", "text": "AC/DC's Brian Johnson Will Appear on Jim Breuer's Album: AC/DC\u00a0frontman Brian Johnson recorded vocals for a so... http://t.co/ZfCHdgyydI", "author_id": "924842672", "id": "603946266104602624"}, {"edit_history_tweet_ids": ["603946226623516675"], "created_at": "2015-05-28T15:29:35.000Z", "text": "AC/DC's Brian Johnson Will Appear on Jim Breuer's Album http://t.co/8pRMFJ56Tw", "author_id": "1961867437", "id": "603946226623516675"}, {"edit_history_tweet_ids": ["603946212983742464"], "created_at": "2015-05-28T15:29:32.000Z", "text": "AC/DC's Brian Johnson Will Appear on Jim Breuer's Album: AC/DC\u00a0frontman Brian Johnson recorded vocals for a so... http://t.co/5oyMmnbtAD", "author_id": "75486230", "id": "603946212983742464"}, {"edit_history_tweet_ids": ["603946204016218112"], "created_at": "2015-05-28T15:29:30.000Z", "text": "AC/DC's Brian Johnson Will Appear on Jim Breuer's Album: AC/DC\u00a0frontman Brian Johnson recorded vocals for a so... http://t.co/5oyMmmTSc3", "author_id": "75486230", "id": "603946204016218112"}, {"edit_history_tweet_ids": ["603946154749865985"], "created_at": "2015-05-28T15:29:18.000Z", "text": "#JavaisMe AC/DC's Brian Johnson Will Appear on Jim Breuer's Album http://t.co/sqJXbe0kvS", "author_id": "297474994", "id": "603946154749865985"}, {"edit_history_tweet_ids": ["603946144360566785"], "created_at": "2015-05-28T15:29:16.000Z", "text": "@mc_nelson_inxs AC/DC's Brian Johnson Will Appear on Jim Breuer's Album: AC/DC\u00a0frontman Brian ... http://t.co/SDpaZWApwD @mc_nelson_inxs", "author_id": "295174950", "id": "603946144360566785"}, {"edit_history_tweet_ids": ["603944974644817921"], "created_at": "2015-05-28T15:24:37.000Z", "text": "University of Nairobi students, Taita Ngetich, 5th year, Mechanical Engineering and Brian Bett 4th year Economics... http://t.co/Kbvn4V7ISo", "author_id": "835617463", "id": "603944974644817921"}, {"edit_history_tweet_ids": ["603944088354693120"], "created_at": "2015-05-28T15:21:06.000Z", "text": "AC/DC's Brian Johnson Will Appear on Jim Breuer's Album http://t.co/S1iUbhKe1v", "author_id": "248563008", "id": "603944088354693120"}, {"edit_history_tweet_ids": ["603943558371004416"], "created_at": "2015-05-28T15:18:59.000Z", "text": "RT @UltClassicRock: Brian Johnson will appear on comedian @JimBreuer's upcoming metal album: http://t.co/k0UtEgbTDl http://t.co/C2vaLIYIzq", "author_id": "2156037872", "id": "603943558371004416"}, {"edit_history_tweet_ids": ["603943520584343552"], "created_at": "2015-05-28T15:18:50.000Z", "text": "RT @UltClassicRock: Brian Johnson will appear on comedian @JimBreuer's upcoming metal album: http://t.co/k0UtEgbTDl http://t.co/C2vaLIYIzq", "author_id": "2372138305", "id": "603943520584343552"}, {"edit_history_tweet_ids": ["603943282746482689"], "created_at": "2015-05-28T15:17:53.000Z", "text": "RT @UltClassicRock: Brian Johnson will appear on comedian @JimBreuer's upcoming metal album: http://t.co/k0UtEgbTDl http://t.co/C2vaLIYIzq", "author_id": "2299950740", "id": "603943282746482689"}, {"edit_history_tweet_ids": ["603943112616980482"], "created_at": "2015-05-28T15:17:13.000Z", "text": "AC/DC's Brian Johnson Will Appear on Jim Breuer's Album http://t.co/5f4RyS0iSr | https://t.co/Af3rcgDlvR http://t.co/gzgauwsPig", "author_id": "2214826812", "id": "603943112616980482"}, {"edit_history_tweet_ids": ["603942876863533056"], "created_at": "2015-05-28T15:16:17.000Z", "text": "RT @UltClassicRock: Brian Johnson will appear on comedian @JimBreuer's upcoming metal album: http://t.co/k0UtEgbTDl http://t.co/C2vaLIYIzq", "author_id": "2414280805", "id": "603942876863533056"}, {"edit_history_tweet_ids": ["603942870999937026"], "created_at": "2015-05-28T15:16:15.000Z", "text": "RT @RollingStone: AC/DC's Brian Johnson will appear on Jim Breuer's upcoming comedy album: http://t.co/1faaoTi6H6", "author_id": "358258617", "id": "603942870999937026"}, {"edit_history_tweet_ids": ["603942842113794048"], "created_at": "2015-05-28T15:16:08.000Z", "text": "AC/DC's Brian Johnson Will Appear on Jim Breuer's Album http://t.co/12yQz4LOKE", "author_id": "340225488", "id": "603942842113794048"}, {"edit_history_tweet_ids": ["603942827869933569"], "created_at": "2015-05-28T15:16:05.000Z", "text": "AC/DC's Brian Johnson Will Appear on Jim Breuer's Album http://t.co/vO8C5tx5RK (#viarollingstone)", "author_id": "326796979", "id": "603942827869933569"}, {"edit_history_tweet_ids": ["603942823457509376"], "created_at": "2015-05-28T15:16:04.000Z", "text": "RT @UltClassicRock: Brian Johnson will appear on comedian @JimBreuer's upcoming metal album: http://t.co/k0UtEgbTDl http://t.co/C2vaLIYIzq", "author_id": "82079576", "id": "603942823457509376"}, {"edit_history_tweet_ids": ["603942556326498304"], "created_at": "2015-05-28T15:15:00.000Z", "text": "Brian Johnson will appear on comedian @JimBreuer's upcoming metal album: http://t.co/k0UtEgbTDl http://t.co/C2vaLIYIzq", "author_id": "288205018", "id": "603942556326498304"}, {"edit_history_tweet_ids": ["603941575438172160"], "created_at": "2015-05-28T15:11:06.000Z", "text": "AntiMusic: AC/DC Brian Johnson To Appear On Jim Breuer's New Album http://t.co/7RqsZEdm5X #axisofaudio", "author_id": "225222094", "id": "603941575438172160"}, {"edit_history_tweet_ids": ["603941228900671488"], "created_at": "2015-05-28T15:09:44.000Z", "text": "RT @RollingStone: AC/DC's Brian Johnson will appear on Jim Breuer's upcoming comedy album: http://t.co/1faaoTi6H6", "author_id": "2777641475", "id": "603941228900671488"}, {"edit_history_tweet_ids": ["603941087514763264"], "created_at": "2015-05-28T15:09:10.000Z", "text": "AC/DC's Brian Johnson Will Appear on Jim Breuer's Album http://t.co/qWWTPyjZ1v", "author_id": "306324162", "id": "603941087514763264"}, {"edit_history_tweet_ids": ["603941085828657152"], "created_at": "2015-05-28T15:09:10.000Z", "text": "AC/DC's Brian Johnson Will Appear on Jim Breuer's Album http://t.co/5hDvtln7Vb", "author_id": "306184381", "id": "603941085828657152"}, {"edit_history_tweet_ids": ["603940677223895040"], "created_at": "2015-05-28T15:07:32.000Z", "text": "RT @RollingStone: AC/DC's Brian Johnson will appear on Jim Breuer's upcoming comedy album: http://t.co/1faaoTi6H6", "author_id": "1008933828", "id": "603940677223895040"}, {"edit_history_tweet_ids": ["603940675084627970"], "created_at": "2015-05-28T15:07:32.000Z", "text": "#SymbioticAgency AC/DC's Brian Johnson Will Appear on Jim Breuer's Album http://t.co/dtAFZf5tvw http://t.co/4dXuAwZkjg", "author_id": "149038199", "id": "603940675084627970"}, {"edit_history_tweet_ids": ["603939807929245696"], "created_at": "2015-05-28T15:04:05.000Z", "text": "AC/DC's Brian Johnson Will Appear on Jim Breuer's Album - AC/DC\u00a0frontman Brian Johnson recorded vocals for a song ... http://t.co/U1KFId9nzz", "author_id": "3012034789", "id": "603939807929245696"}, {"edit_history_tweet_ids": ["603939740077948928"], "created_at": "2015-05-28T15:03:49.000Z", "text": "AC/DC's Brian Johnson Will Appear on Jim Breuer's Album - AC/DC\u00a0frontman Brian Johnson recorded vocals for a song ... http://t.co/yuZTB4GEBc", "author_id": "69117633", "id": "603939740077948928"}, {"edit_history_tweet_ids": ["603939693709885440"], "created_at": "2015-05-28T15:03:38.000Z", "text": "AC/DC's Brian Johnson Will Appear on Jim Breuer's Album - AC/DC\u00a0frontman Brian Johnson recorded vocals for a song ... http://t.co/bCkuvaTMMv", "author_id": "182242035", "id": "603939693709885440"}, {"edit_history_tweet_ids": ["603939634763141120"], "created_at": "2015-05-28T15:03:24.000Z", "text": "#instamelodymessages AC/DC's Brian Johnson Will Appear on Jim Breuer's Album http://t.co/jVgRGg8f9o", "author_id": "2294998160", "id": "603939634763141120"}, {"edit_history_tweet_ids": ["603939467833905152"], "created_at": "2015-05-28T15:02:44.000Z", "text": "#SymbioticRecords AC/DC's Brian Johnson Will Appear on Jim Breuer's Album http://t.co/S2aDfb1jGI http://t.co/FwnkWjBSsk", "author_id": "329189820", "id": "603939467833905152"}, {"edit_history_tweet_ids": ["603939291241193472"], "created_at": "2015-05-28T15:02:02.000Z", "text": "RT @BProBoston: Moving down the line, @BACowett drops some knowledge on Brian Johnson, Rafael Devers, Javy Guerra and more\nhttp://t.co/xU6s\u2026", "author_id": "50823880", "id": "603939291241193472"}, {"edit_history_tweet_ids": ["603939244906827776"], "created_at": "2015-05-28T15:01:51.000Z", "text": "AC/DC's Brian Johnson Will Appear on Jim Breuer's Album - AC/DC\u00a0frontman Brian Johnson recorded vocals for a song ... http://t.co/nLUXwhmBt6", "author_id": "155483064", "id": "603939244906827776"}, {"edit_history_tweet_ids": ["603939157405278209"], "created_at": "2015-05-28T15:01:30.000Z", "text": "RT @YahooMusic: AC/DC's Brian Johnson Will Appear on Jim Breuer's Album http://t.co/z5V8868Rtr", "author_id": "3221980346", "id": "603939157405278209"}, {"edit_history_tweet_ids": ["603939002333319169"], "created_at": "2015-05-28T15:00:53.000Z", "text": "AC/DC's Brian Johnson Will Appear on Jim Breuer's Album http://t.co/PqFE3374fc", "author_id": "265316166", "id": "603939002333319169"}, {"edit_history_tweet_ids": ["603938757998288897"], "created_at": "2015-05-28T14:59:55.000Z", "text": "RT @RollingStone: AC/DC's Brian Johnson will appear on Jim Breuer's upcoming comedy album: http://t.co/1faaoTi6H6", "author_id": "207347892", "id": "603938757998288897"}, {"edit_history_tweet_ids": ["603938415931883522"], "created_at": "2015-05-28T14:58:33.000Z", "text": "RT @RollingStone: AC/DC's Brian Johnson will appear on Jim Breuer's upcoming comedy album: http://t.co/1faaoTi6H6", "author_id": "3298250019", "id": "603938415931883522"}, {"edit_history_tweet_ids": ["603938095495585792"], "created_at": "2015-05-28T14:57:17.000Z", "text": "AC/DC's Brian Johnson Will Appear on Jim Breuer's Album http://t.co/fiamyw9Jua http://t.co/Qe3O9At1bv", "author_id": "2316230928", "id": "603938095495585792"}, {"edit_history_tweet_ids": ["603937747796033536"], "created_at": "2015-05-28T14:55:54.000Z", "text": "AC/DC's Brian Johnson Will Appear on Jim Breuer's Album: AC/DC\u00a0frontman Brian Johnson recorde... http://t.co/fUrq4j8GvX #rollingstonemag", "author_id": "3253978505", "id": "603937747796033536"}, {"edit_history_tweet_ids": ["603937694545268737"], "created_at": "2015-05-28T14:55:41.000Z", "text": "AC/DC's Brian Johnson Will Appear on Jim Breuer's Album http://t.co/NseuhLoOBX", "author_id": "112232313", "id": "603937694545268737"}, {"edit_history_tweet_ids": ["603937681219821569"], "created_at": "2015-05-28T14:55:38.000Z", "text": "#musica AC/DC's Brian Johnson Will Appear on Jim Breuer's Album: AC/DC\u00a0frontman Brian Johnson recorded... http://t.co/QBDBSpOcgy #musica", "author_id": "112232313", "id": "603937681219821569"}, {"edit_history_tweet_ids": ["603937675347759104"], "created_at": "2015-05-28T14:55:37.000Z", "text": "AC/DC's Brian Johnson Will Appear on Jim Breuer's Album: AC/DC\u00a0frontman Brian Johnson recorded vocals for a so... http://t.co/cw4yZzVluj", "author_id": "2375675881", "id": "603937675347759104"}, {"edit_history_tweet_ids": ["603937665163993088"], "created_at": "2015-05-28T14:55:34.000Z", "text": "AC/DC's Brian Johnson Will Appear on Jim Breuer's Album: AC/DC\u00a0frontman Brian Johnson recorded vocals for a so... http://t.co/HrV1ZFymCT", "author_id": "2724845083", "id": "603937665163993088"}, {"edit_history_tweet_ids": ["603937483739435008"], "created_at": "2015-05-28T14:54:51.000Z", "text": "RT @RollingStone: AC/DC's Brian Johnson will appear on Jim Breuer's upcoming comedy album: http://t.co/1faaoTi6H6", "author_id": "2735416483", "id": "603937483739435008"}, {"edit_history_tweet_ids": ["603936966275682304"], "created_at": "2015-05-28T14:52:48.000Z", "text": "RT @YahooMusic: AC/DC's Brian Johnson Will Appear on Jim Breuer's Album http://t.co/z5V8868Rtr", "author_id": "3225486679", "id": "603936966275682304"}, {"edit_history_tweet_ids": ["603936674675032064"], "created_at": "2015-05-28T14:51:38.000Z", "text": "RT @RollingStone: AC/DC's Brian Johnson will appear on Jim Breuer's upcoming comedy album: http://t.co/1faaoTi6H6", "author_id": "1328270083", "id": "603936674675032064"}, {"edit_history_tweet_ids": ["603936418528788480"], "created_at": "2015-05-28T14:50:37.000Z", "text": "RT @RollingStone: AC/DC's Brian Johnson will appear on Jim Breuer's upcoming comedy album: http://t.co/1faaoTi6H6", "author_id": "1110682586", "id": "603936418528788480"}, {"edit_history_tweet_ids": ["603935098375901184"], "created_at": "2015-05-28T14:45:22.000Z", "text": "AC/DC's Brian Johnson Will Appear on Jim Breuer's Album http://t.co/cC0UMXJWYr", "author_id": "2369420214", "id": "603935098375901184"}, {"edit_history_tweet_ids": ["603934919300096001"], "created_at": "2015-05-28T14:44:39.000Z", "text": "AC/DC's Brian Johnson Will Appear on Jim Breuer's Album http://t.co/ip1D0vQIvL", "author_id": "2243205762", "id": "603934919300096001"}, {"edit_history_tweet_ids": ["603934810239795200"], "created_at": "2015-05-28T14:44:13.000Z", "text": "AC/DC's Brian Johnson Will Appear on Jim Breuer's Album http://t.co/WQ2Xv3Zn2e", "author_id": "7540692", "id": "603934810239795200"}, {"edit_history_tweet_ids": ["603934801616310272"], "created_at": "2015-05-28T14:44:11.000Z", "text": "AC/DC\u2019s Brian Johnson will appear on Jim Breuer\u2019s upcoming comedy album: http://t.co/CYDPueFErI", "author_id": "126584605", "id": "603934801616310272"}, {"edit_history_tweet_ids": ["603934533428387841"], "created_at": "2015-05-28T14:43:07.000Z", "text": "AC/DC's Brian Johnson Will Appear on Jim Breuer's Album: AC/DC frontman Brian Johnson recorded\u2026 http://t.co/pbVJgWaV0P #RollingStone #News", "author_id": "3143810315", "id": "603934533428387841"}, {"edit_history_tweet_ids": ["603934308454248448"], "created_at": "2015-05-28T14:42:14.000Z", "text": "RT @RollingStone: AC/DC's Brian Johnson will appear on Jim Breuer's upcoming comedy album: http://t.co/1faaoTi6H6", "author_id": "2230015129", "id": "603934308454248448"}, {"edit_history_tweet_ids": ["603934215474782208"], "created_at": "2015-05-28T14:41:52.000Z", "text": "Acdc Band Signed Brian #Johnson Black on #Black #Styled Electric #Guitar @$950.00  http://t.co/RfpXDvAdei http://t.co/StouslKntk", "author_id": "3292876491", "id": "603934215474782208"}, {"edit_history_tweet_ids": ["603933453910810624"], "created_at": "2015-05-28T14:38:50.000Z", "text": "We Will Not Be Shaken (song) // Brian Johnson // We Will Not Be Shaken O... https://t.co/N8saxaXX2y v\u00eda @YouTube", "author_id": "498286960", "id": "603933453910810624"}, {"edit_history_tweet_ids": ["603933284557561856"], "created_at": "2015-05-28T14:38:10.000Z", "text": "AC/DC's Brian Johnson Will Appear on Jim Breuer's Album http://t.co/SrZleoAmj4", "author_id": "2203802857", "id": "603933284557561856"}, {"edit_history_tweet_ids": ["603932927345487872"], "created_at": "2015-05-28T14:36:45.000Z", "text": "RT @RollingStone: AC/DC's Brian Johnson will appear on Jim Breuer's upcoming comedy album: http://t.co/1faaoTi6H6", "author_id": "3153314361", "id": "603932927345487872"}, {"edit_history_tweet_ids": ["603931535775961088"], "created_at": "2015-05-28T14:31:13.000Z", "text": "RT @RollingStone: AC/DC's Brian Johnson will appear on Jim Breuer's upcoming comedy album: http://t.co/1faaoTi6H6", "author_id": "293737584", "id": "603931535775961088"}, {"edit_history_tweet_ids": ["603931145579995136"], "created_at": "2015-05-28T14:29:40.000Z", "text": "RT @YahooMusic: AC/DC's Brian Johnson Will Appear on Jim Breuer's Album http://t.co/z5V8868Rtr", "author_id": "15827727", "id": "603931145579995136"}, {"edit_history_tweet_ids": ["603931057088528384"], "created_at": "2015-05-28T14:29:19.000Z", "text": "AC/DC's Brian Johnson Will Appear on Jim Breuer's Album http://t.co/z5V8868Rtr", "author_id": "12135162", "id": "603931057088528384"}, {"edit_history_tweet_ids": ["603931024058359808"], "created_at": "2015-05-28T14:29:11.000Z", "text": "AC/DC's Brian Johnson Will Appear on Jim Breuer's Album http://t.co/tYWr16IGpv http://t.co/9fwi4vsPCx", "author_id": "15040988", "id": "603931024058359808"}, {"edit_history_tweet_ids": ["603929732028174337"], "created_at": "2015-05-28T14:24:03.000Z", "text": "RT @RollingStone: AC/DC's Brian Johnson will appear on Jim Breuer's upcoming comedy album: http://t.co/1faaoTi6H6", "author_id": "218039749", "id": "603929732028174337"}, {"edit_history_tweet_ids": ["603929166619086849"], "created_at": "2015-05-28T14:21:48.000Z", "text": "AC/DC's Brian Johnson Will Appear on Jim Breuer's Album http://t.co/X9dvWAmN1d", "author_id": "51424717", "id": "603929166619086849"}, {"edit_history_tweet_ids": ["603929139767152640"], "created_at": "2015-05-28T14:21:42.000Z", "text": "AC/DC's Brian Johnson Will Appear on Jim Breuer's Album http://t.co/QwyprXqHk5", "author_id": "152441856", "id": "603929139767152640"}, {"edit_history_tweet_ids": ["603929134637588480"], "created_at": "2015-05-28T14:21:40.000Z", "text": "AC/DC's Brian Johnson Will Appear on Jim Breuer's Album http://t.co/mtMNfFr9zS http://t.co/O54j6vSCBA #music", "author_id": "2489793649", "id": "603929134637588480"}, {"edit_history_tweet_ids": ["603929113204625408"], "created_at": "2015-05-28T14:21:35.000Z", "text": "AC/DC's Brian Johnson Will Appear on Jim Breuer's Album http://t.co/IP9CSae42B #Music", "author_id": "288093542", "id": "603929113204625408"}, {"edit_history_tweet_ids": ["603929108133781505"], "created_at": "2015-05-28T14:21:34.000Z", "text": "AC/DC's Brian Johnson Will Appear on Jim Breuer's Album http://t.co/PdMtyNsIVV #Music #News", "author_id": "705187969", "id": "603929108133781505"}, {"edit_history_tweet_ids": ["603929107924025344"], "created_at": "2015-05-28T14:21:34.000Z", "text": "AC/DC's Brian Johnson Will Appear on Jim Breuer's Album http://t.co/ZgaZU6xAaI http://t.co/giC6KJade9", "author_id": "2657878482", "id": "603929107924025344"}, {"edit_history_tweet_ids": ["603928739240660992"], "created_at": "2015-05-28T14:20:06.000Z", "text": "RT @RollingStone: AC/DC's Brian Johnson will appear on Jim Breuer's upcoming comedy album: http://t.co/1faaoTi6H6", "author_id": "119879374", "id": "603928739240660992"}, {"edit_history_tweet_ids": ["603928461200109569"], "created_at": "2015-05-28T14:19:00.000Z", "text": "AC/DC's Brian Johnson Will Appear on Jim Breuer's Album http://t.co/LpkVvSZyhY", "author_id": "2462209104", "id": "603928461200109569"}, {"edit_history_tweet_ids": ["603928458607992833"], "created_at": "2015-05-28T14:18:59.000Z", "text": "#MusicNews AC/DC's Brian Johnson Will Appear on Jim Breuer's Album http://t.co/G3QvYJ94JR #NowPlaying", "author_id": "805363236", "id": "603928458607992833"}, {"edit_history_tweet_ids": ["603928456678645760"], "created_at": "2015-05-28T14:18:59.000Z", "text": "AC/DC's Brian Johnson Will Appear on Jim Breuer's Album: AC/DC\u00a0frontman Brian Johnson recorded ... http://t.co/cgj4uwOJPw #popmusicstuff", "author_id": "2379443324", "id": "603928456678645760"}, {"edit_history_tweet_ids": ["603928449112154112"], "created_at": "2015-05-28T14:18:57.000Z", "text": "#DDNMusicNews AC/DC's Brian Johnson Will Appear on Jim Breuer's Album: AC/DC\u00a0frontman Brian Johnson recorded v... http://t.co/yXWcdbwRlm", "author_id": "2191757658", "id": "603928449112154112"}, {"edit_history_tweet_ids": ["603928445836521472"], "created_at": "2015-05-28T14:18:56.000Z", "text": "AC/DC's Brian Johnson Will Appear on Jim Breuer's Album http://t.co/5YNEA9ToQl", "author_id": "1375727646", "id": "603928445836521472"}, {"edit_history_tweet_ids": ["603928441998614528"], "created_at": "2015-05-28T14:18:55.000Z", "text": "AC/DC's Brian Johnson Will Appear on Jim Breuer's Album: AC/DC\u00a0frontman Brian Johnson recorded vocals for a so... http://t.co/hAyrxhUpb7", "author_id": "154326658", "id": "603928441998614528"}], "meta": {"newest_id": "603948908033736704", "oldest_id": "603928441998614528", "result_count": 98, "next_token": "1jzu9lk96gu5npw2cd95mey4l2ejp33z0ec10zac5qbh"}}