{"data": [{"edit_history_tweet_ids": ["605547501412851712"], "created_at": "2015-06-02T01:32:29.000Z", "text": "RT @NFLPARATODOS: - Tom, confundiste a Angus Young con Brian Johnson\n- Mala m\u00eda, no soy fan de AC/DC, yo prefiero One Direction\n- FIRED htt\u2026", "author_id": "1948061946", "id": "605547501412851712"}, {"edit_history_tweet_ids": ["605547423885357057"], "created_at": "2015-06-02T01:32:11.000Z", "text": "RT @NFLPARATODOS: - Tom, confundiste a Angus Young con Brian Johnson\n- Mala m\u00eda, no soy fan de AC/DC, yo prefiero One Direction\n- FIRED htt\u2026", "author_id": "37729854", "id": "605547423885357057"}, {"edit_history_tweet_ids": ["605547023891361792"], "created_at": "2015-06-02T01:30:35.000Z", "text": "RT @NFLPARATODOS: - Tom, confundiste a Angus Young con Brian Johnson\n- Mala m\u00eda, no soy fan de AC/DC, yo prefiero One Direction\n- FIRED htt\u2026", "author_id": "922194902", "id": "605547023891361792"}, {"edit_history_tweet_ids": ["605547013980221440"], "created_at": "2015-06-02T01:30:33.000Z", "text": "RT @NFLPARATODOS: \"Estuvo bien la RED CARD a Lady Gago. Levant\u00f3 la pierna como Brian Johnson de AC/DC\" \n@Arroban_FWTV en http://t.co/QgmKV5\u2026", "author_id": "922194902", "id": "605547013980221440"}, {"edit_history_tweet_ids": ["605546961840783360"], "created_at": "2015-06-02T01:30:20.000Z", "text": "RT @NFLPARATODOS: - Tom, confundiste a Angus Young con Brian Johnson\n- Mala m\u00eda, no soy fan de AC/DC, yo prefiero One Direction\n- FIRED htt\u2026", "author_id": "160616367", "id": "605546961840783360"}, {"edit_history_tweet_ids": ["605546809721819138"], "created_at": "2015-06-02T01:29:44.000Z", "text": "RT @NFLPARATODOS: - Tom, confundiste a Angus Young con Brian Johnson\n- Mala m\u00eda, no soy fan de AC/DC, yo prefiero One Direction\n- FIRED htt\u2026", "author_id": "1598798618", "id": "605546809721819138"}, {"edit_history_tweet_ids": ["605546792344821760"], "created_at": "2015-06-02T01:29:40.000Z", "text": "RT @NFLPARATODOS: \"Estuvo bien la RED CARD a Lady Gago. Levant\u00f3 la pierna como Brian Johnson de AC/DC\" \n@Arroban_FWTV en http://t.co/QgmKV5\u2026", "author_id": "226023707", "id": "605546792344821760"}, {"edit_history_tweet_ids": ["605546788590895104"], "created_at": "2015-06-02T01:29:39.000Z", "text": "RT @NFLPARATODOS: - Tom, confundiste a Angus Young con Brian Johnson\n- Mala m\u00eda, no soy fan de AC/DC, yo prefiero One Direction\n- FIRED htt\u2026", "author_id": "422151699", "id": "605546788590895104"}, {"edit_history_tweet_ids": ["605546755875315713"], "created_at": "2015-06-02T01:29:31.000Z", "text": "RT @NFLPARATODOS: - Tom, confundiste a Angus Young con Brian Johnson\n- Mala m\u00eda, no soy fan de AC/DC, yo prefiero One Direction\n- FIRED htt\u2026", "author_id": "1138812596", "id": "605546755875315713"}, {"edit_history_tweet_ids": ["605546606331604993"], "created_at": "2015-06-02T01:28:56.000Z", "text": "- Tom, confundiste a Angus Young con Brian Johnson\n- Mala m\u00eda, no soy fan de AC/DC, yo prefiero One Direction\n- FIRED http://t.co/c7wlpkrKdC", "author_id": "506434809", "id": "605546606331604993"}, {"edit_history_tweet_ids": ["605545731387031552"], "created_at": "2015-06-02T01:25:27.000Z", "text": "and here we have Ashton Irwin cosplaying Brian Johnson http://t.co/3z4MrtF9v4", "author_id": "2211682292", "id": "605545731387031552"}, {"edit_history_tweet_ids": ["605545489539452928"], "created_at": "2015-06-02T01:24:29.000Z", "text": "RT @NFLPARATODOS: \"Estuvo bien la RED CARD a Lady Gago. Levant\u00f3 la pierna como Brian Johnson de AC/DC\" \n@Arroban_FWTV en http://t.co/QgmKV5\u2026", "author_id": "2679695130", "id": "605545489539452928"}, {"edit_history_tweet_ids": ["605545433834917888"], "created_at": "2015-06-02T01:24:16.000Z", "text": "RT @NFLPARATODOS: \"Estuvo bien la RED CARD a Lady Gago. Levant\u00f3 la pierna como Brian Johnson de AC/DC\" \n@Arroban_FWTV en http://t.co/QgmKV5\u2026", "author_id": "928729219", "id": "605545433834917888"}, {"edit_history_tweet_ids": ["605545370677035009"], "created_at": "2015-06-02T01:24:01.000Z", "text": "RT @NFLPARATODOS: \"Estuvo bien la RED CARD a Lady Gago. Levant\u00f3 la pierna como Brian Johnson de AC/DC\" \n@Arroban_FWTV en http://t.co/QgmKV5\u2026", "author_id": "227095474", "id": "605545370677035009"}, {"edit_history_tweet_ids": ["605545125129920512"], "created_at": "2015-06-02T01:23:02.000Z", "text": "@brian_k_johnson the Spanish jawn", "author_id": "115560997", "id": "605545125129920512"}, {"edit_history_tweet_ids": ["605544454821433344"], "created_at": "2015-06-02T01:20:23.000Z", "text": "RT @NFLPARATODOS: \"Estuvo bien la RED CARD a Lady Gago. Levant\u00f3 la pierna como Brian Johnson de AC/DC\" \n@Arroban_FWTV en http://t.co/QgmKV5\u2026", "author_id": "1347429290", "id": "605544454821433344"}, {"edit_history_tweet_ids": ["605544258502803457"], "created_at": "2015-06-02T01:19:36.000Z", "text": "RT @NFLPARATODOS: \"Estuvo bien la RED CARD a Lady Gago. Levant\u00f3 la pierna como Brian Johnson de AC/DC\" \n@Arroban_FWTV en http://t.co/QgmKV5\u2026", "author_id": "1948061946", "id": "605544258502803457"}, {"edit_history_tweet_ids": ["605544240647512064"], "created_at": "2015-06-02T01:19:32.000Z", "text": "RT @NFLPARATODOS: \"Estuvo bien la RED CARD a Lady Gago. Levant\u00f3 la pierna como Brian Johnson de AC/DC\" \n@Arroban_FWTV en http://t.co/QgmKV5\u2026", "author_id": "174747460", "id": "605544240647512064"}, {"edit_history_tweet_ids": ["605544153058037760"], "created_at": "2015-06-02T01:19:11.000Z", "text": "RT @NFLPARATODOS: \"Estuvo bien la RED CARD a Lady Gago. Levant\u00f3 la pierna como Brian Johnson de AC/DC\" \n@Arroban_FWTV en http://t.co/QgmKV5\u2026", "author_id": "1263041761", "id": "605544153058037760"}, {"edit_history_tweet_ids": ["605544043192418304"], "created_at": "2015-06-02T01:18:45.000Z", "text": "\"Estuvo bien la RED CARD a Lady Gago. Levant\u00f3 la pierna como Brian Johnson de AC/DC\" \n@Arroban_FWTV en http://t.co/QgmKV5XRuf", "author_id": "506434809", "id": "605544043192418304"}, {"edit_history_tweet_ids": ["605526938179018752"], "created_at": "2015-06-02T00:10:46.000Z", "text": "Brian Hogan! Joe Pontillo! Adam Gennari! HOLLYWOOD HEARD OUR LAST PODCAST!!... http://t.co/yuX0Wiu16l", "author_id": "533093147", "id": "605526938179018752"}, {"edit_history_tweet_ids": ["605525496416358402"], "created_at": "2015-06-02T00:05:03.000Z", "text": "RT @MLBPipeline: .@RedSox #7 prospect Brian Johnson of @PawSox is the LHP on the Prospect Team of the Week: http://t.co/e5XkFxV5kE http://t\u2026", "author_id": "309967067", "id": "605525496416358402"}, {"edit_history_tweet_ids": ["605520026062450689"], "created_at": "2015-06-01T23:43:18.000Z", "text": "Brian Johnson is my favourite Geordie", "author_id": "306202562", "id": "605520026062450689"}, {"edit_history_tweet_ids": ["605519714123685888"], "created_at": "2015-06-01T23:42:04.000Z", "text": "#bostonredsox Johnson perfect in six innings for Triple-A Pawtucket http://t.co/l9EdK8ijEf", "author_id": "3068588838", "id": "605519714123685888"}, {"edit_history_tweet_ids": ["605515918412673025"], "created_at": "2015-06-01T23:26:59.000Z", "text": "#NowPlaying on @irevivalradio: Be Lifted High (feat. Brian Johnson) by Bethel Music @bethelmusic", "author_id": "3000543883", "id": "605515918412673025"}, {"edit_history_tweet_ids": ["605512187864416256"], "created_at": "2015-06-01T23:12:10.000Z", "text": "@_Brian_Johnson your mentorship through your #BigIdeas has helped me help others. Ripple Effect in action, you are the catalyst of change.", "author_id": "3053311544", "id": "605512187864416256"}, {"edit_history_tweet_ids": ["605509930951413762"], "created_at": "2015-06-01T23:03:12.000Z", "text": "@ivannieblas pompis algo the godz de Eric Moore  o the geordie de Brian Johnson", "author_id": "222331649", "id": "605509930951413762"}, {"edit_history_tweet_ids": ["605509174177464320"], "created_at": "2015-06-01T23:00:11.000Z", "text": "Author of #TrustFunnel @MarketingEasySt joined us to talk about having fun and building trust! http://t.co/AnmSqT7KgU http://t.co/EcDKCq5auu", "author_id": "2920953176", "id": "605509174177464320"}, {"edit_history_tweet_ids": ["605506272532652033"], "created_at": "2015-06-01T22:48:39.000Z", "text": "@_Brian_Johnson @YouTube really like your summary of the book, going to share this with my students", "author_id": "210064067", "id": "605506272532652033"}, {"edit_history_tweet_ids": ["605503861458108417"], "created_at": "2015-06-01T22:39:04.000Z", "text": "I liked a @YouTube video from @_brian_johnson http://t.co/cKomBwyPJK The Inner Game of Tennis by W. Timothy Gallwey", "author_id": "210064067", "id": "605503861458108417"}, {"edit_history_tweet_ids": ["605502682334433280"], "created_at": "2015-06-01T22:34:23.000Z", "text": "@PawSox When is Brian Johnson expected to pitch next?", "author_id": "557510568", "id": "605502682334433280"}, {"edit_history_tweet_ids": ["605498040703582209"], "created_at": "2015-06-01T22:15:57.000Z", "text": "brian johnson en la tele!!!", "author_id": "3070353140", "id": "605498040703582209"}, {"edit_history_tweet_ids": ["605495155873968130"], "created_at": "2015-06-01T22:04:29.000Z", "text": "Despite Kelly's last outing, he still should be replaced by Brian Johnson.", "author_id": "567498934", "id": "605495155873968130"}, {"edit_history_tweet_ids": ["605493213839814656"], "created_at": "2015-06-01T21:56:46.000Z", "text": "RT @_Brian_Johnson: Resilience by @EricGreitens: https://t.co/jEWXxQesjZ", "author_id": "3188860290", "id": "605493213839814656"}, {"edit_history_tweet_ids": ["605487500644073473"], "created_at": "2015-06-01T21:34:04.000Z", "text": "RT @SPWill: This week's @SoxProspects Weekly Notes by @EricG487: Eduardo Rodriguez debuts for Boston &amp; Brian Johnson throws a gem http://t.\u2026", "author_id": "233618312", "id": "605487500644073473"}, {"edit_history_tweet_ids": ["605483307338502144"], "created_at": "2015-06-01T21:17:24.000Z", "text": "Watching \"Cars that rock\" hosted by Brian Johnson. What a happy little camper! Really enjoying the wonderful Alfas he's driving.", "author_id": "63118044", "id": "605483307338502144"}, {"edit_history_tweet_ids": ["605481974879240192"], "created_at": "2015-06-01T21:12:06.000Z", "text": "SModcast \u00bb Tell \u2018Em Steve-Dave! - Bryan Johnson, Walter Flanagan and Brian Quinn: Walt Flanagan is a shopkeep of\u2026 http://t.co/4GURXZqy41", "author_id": "1190835998", "id": "605481974879240192"}, {"edit_history_tweet_ids": ["605479349219790848"], "created_at": "2015-06-01T21:01:40.000Z", "text": "BRIAN JOHNSON COLABORO EN EL DISCO DEL COMICO JIM BREUER\n\nEl vocalista de AC/DC, Brian Johnson, ha grabado a modo... http://t.co/zU6Z8rTNxf", "author_id": "756233142", "id": "605479349219790848"}, {"edit_history_tweet_ids": ["605478374274932736"], "created_at": "2015-06-01T20:57:48.000Z", "text": "Orioles get: Nik Makakiz, Jim Johnson\nBraves get: Bud Norris, Alejandro De Aza, Brian Matusz, David Lough, Everth Cabrera, Matt Hobgood, Rya", "author_id": "1578472633", "id": "605478374274932736"}, {"edit_history_tweet_ids": ["605478070267449344"], "created_at": "2015-06-01T20:56:35.000Z", "text": "Si tan s\u00f3lo yo tuviera la voz como Brian Johnson, la felicidad ser\u00eda arrecha.", "author_id": "2245761437", "id": "605478070267449344"}, {"edit_history_tweet_ids": ["605477786011107328"], "created_at": "2015-06-01T20:55:28.000Z", "text": "RT @SPWill: This week's @SoxProspects Weekly Notes by @EricG487: Eduardo Rodriguez debuts for Boston &amp; Brian Johnson throws a gem http://t.\u2026", "author_id": "479193852", "id": "605477786011107328"}, {"edit_history_tweet_ids": ["605477043212460032"], "created_at": "2015-06-01T20:52:30.000Z", "text": "music video by Black Dub performing \"Nomad\" | with Daryl Johnson - Daniel Lanois - Brian Blade - Trixie Whitley https://t.co/2PzTHW3GOy", "author_id": "3033463429", "id": "605477043212460032"}, {"edit_history_tweet_ids": ["605475930283180032"], "created_at": "2015-06-01T20:48:05.000Z", "text": "WATCH: The 3 Ways We Handle Pressure http://t.co/pkl3KMev3W #conscioushealthsolutions #health", "author_id": "3023287999", "id": "605475930283180032"}, {"edit_history_tweet_ids": ["605470730684395520"], "created_at": "2015-06-01T20:27:25.000Z", "text": "sublime !!! Angel Pardo creo que podr\u00eda gustarte estos remix de Brian http://t.co/0Hmy9lOBFp", "author_id": "115019500", "id": "605470730684395520"}, {"edit_history_tweet_ids": ["605469614001123328"], "created_at": "2015-06-01T20:22:59.000Z", "text": "@RussellJClay I\u2019d put him in the same tier as Ricky Williams, Jamal Lewis, Shaun Alexander, Brian Westbrook, and Larry Johnson.", "author_id": "181039444", "id": "605469614001123328"}, {"edit_history_tweet_ids": ["605468766684741632"], "created_at": "2015-06-01T20:19:37.000Z", "text": "This week's @SoxProspects Weekly Notes by @EricG487: Eduardo Rodriguez debuts for Boston &amp; Brian Johnson throws a gem http://t.co/MkFstSeQhN", "author_id": "408745196", "id": "605468766684741632"}, {"edit_history_tweet_ids": ["605452427148554243"], "created_at": "2015-06-01T19:14:42.000Z", "text": "RT @MLBPipeline: .@RedSox #7 prospect Brian Johnson of @PawSox is the LHP on the Prospect Team of the Week: http://t.co/e5XkFxV5kE http://t\u2026", "author_id": "703626703", "id": "605452427148554243"}, {"edit_history_tweet_ids": ["605451425586528256"], "created_at": "2015-06-01T19:10:43.000Z", "text": "Brian Johnson con i The Spencer Davis Group per un brano intramontabile ;) http://t.co/4xH2Dwsky0", "author_id": "71918560", "id": "605451425586528256"}, {"edit_history_tweet_ids": ["605450442202615809"], "created_at": "2015-06-01T19:06:48.000Z", "text": "Brian Johnson https://t.co/qxSEDmY7VX", "author_id": "243099930", "id": "605450442202615809"}, {"edit_history_tweet_ids": ["605449996524265472"], "created_at": "2015-06-01T19:05:02.000Z", "text": "When you worship God when you don't feel like it, it's not fake it's faith. -Brian Johnson", "author_id": "16454889", "id": "605449996524265472"}, {"edit_history_tweet_ids": ["605445294084489216"], "created_at": "2015-06-01T18:46:21.000Z", "text": "Thanks to Brian Johnson for using one of our free exhibition passes to the #AAPG #ACE2015. http://t.co/mFLY80jKq9", "author_id": "239930202", "id": "605445294084489216"}, {"edit_history_tweet_ids": ["605441257024843776"], "created_at": "2015-06-01T18:30:18.000Z", "text": "RT @MLBPipeline: .@RedSox #7 prospect Brian Johnson of @PawSox is the LHP on the Prospect Team of the Week: http://t.co/e5XkFxV5kE http://t\u2026", "author_id": "342426475", "id": "605441257024843776"}, {"edit_history_tweet_ids": ["605440544634978305"], "created_at": "2015-06-01T18:27:29.000Z", "text": "RT @MLBPipeline: .@RedSox #7 prospect Brian Johnson of @PawSox is the LHP on the Prospect Team of the Week: http://t.co/e5XkFxV5kE http://t\u2026", "author_id": "22685294", "id": "605440544634978305"}, {"edit_history_tweet_ids": ["605440328674344961"], "created_at": "2015-06-01T18:26:37.000Z", "text": ".@RedSox #7 prospect Brian Johnson of @PawSox is the LHP on the Prospect Team of the Week: http://t.co/e5XkFxV5kE http://t.co/vnOZ6uh1xQ", "author_id": "1109372617", "id": "605440328674344961"}, {"edit_history_tweet_ids": ["605437199652286465"], "created_at": "2015-06-01T18:14:11.000Z", "text": "#ALERT LAST CHANCE TO BID  AC/DC You Shook Me All Night Long  UK 7  - SIGNED BRIAN JOHNSON MALCOLM YOUNG http://t.co/5RFj5FTrDn via @eBay_UK", "author_id": "845978046", "id": "605437199652286465"}, {"edit_history_tweet_ids": ["605430996045930496"], "created_at": "2015-06-01T17:49:32.000Z", "text": "@JimBreuer your Brian Johnson covers of the. @HowardStern show Top 5 songs was #priceless!", "author_id": "105920950", "id": "605430996045930496"}, {"edit_history_tweet_ids": ["605430991528841216"], "created_at": "2015-06-01T17:49:31.000Z", "text": "RT @PelirrojaOnFire: Qu\u00e9 energ\u00eda y qu\u00e9 fuerza. Angus Young todo un showman y Brian Johnson impecable. MUY GRANDES. @acdc #ACDC #ACDCMadrid", "author_id": "1560065984", "id": "605430991528841216"}, {"edit_history_tweet_ids": ["605428696942563329"], "created_at": "2015-06-01T17:40:24.000Z", "text": "Thanks Brian Johnson for following me on Twitter! Have a sporty day. http://t.co/Y3s1wTf1Sz", "author_id": "336437711", "id": "605428696942563329"}, {"edit_history_tweet_ids": ["605422989677629440"], "created_at": "2015-06-01T17:17:43.000Z", "text": "RT @_Brian_Johnson: http://t.co/cixS6mvVFu", "author_id": "2496465882", "id": "605422989677629440"}, {"edit_history_tweet_ids": ["605421511831384064"], "created_at": "2015-06-01T17:11:51.000Z", "text": "\u00bfPor qu\u00e9 nadie recuerda el \"Who Made Who\"? Fue el primer album de Brian Johnson y a mi me parece de los mejores ):", "author_id": "1699608505", "id": "605421511831384064"}, {"edit_history_tweet_ids": ["605420089622601728"], "created_at": "2015-06-01T17:06:12.000Z", "text": "RT @2hphotography: FOTO! Brian Johnson de AC/DC en Madrid ayer por la noche #ACDCMadrid https://t.co/2EOUlr28Rw", "author_id": "1560065984", "id": "605420089622601728"}, {"edit_history_tweet_ids": ["605419376804818944"], "created_at": "2015-06-01T17:03:22.000Z", "text": "RT @_Brian_Johnson: Here are 5 of my favorite Big Ideas from \"The Upside of Stress\" by Kelly McGonigal @kellymcgonigal. Hope you enjoy! htt\u2026", "author_id": "1372946053", "id": "605419376804818944"}, {"edit_history_tweet_ids": ["605417946228260864"], "created_at": "2015-06-01T16:57:41.000Z", "text": "#NowPlaying on @irevivalradio: Love Came Down (feat. Brian Johnson) [Live] by Bethel Live &amp; Brian Johnson", "author_id": "3000543883", "id": "605417946228260864"}, {"edit_history_tweet_ids": ["605416172029415426"], "created_at": "2015-06-01T16:50:38.000Z", "text": "SLU Football Alum and current Browns TE Coach Brian Angelichio and Jimmie Johnson. #1placement #D3NATION http://t.co/uMsqfcAnd8", "author_id": "452274102", "id": "605416172029415426"}, {"edit_history_tweet_ids": ["605401240973942784"], "created_at": "2015-06-01T15:51:18.000Z", "text": "Brian Cadwallader discusses the restructuring of our legal department &amp; its projected growth.  http://t.co/DZicMTqmlw http://t.co/Fea1LIt6KM", "author_id": "1280469980", "id": "605401240973942784"}, {"edit_history_tweet_ids": ["605399374961745920"], "created_at": "2015-06-01T15:43:53.000Z", "text": "Anda Johnson be Offinsive Key fo'Indianapoliz Coltz n' 2015: Brian Spurlock-USA TODAY Spoatz\u2026 http://t.co/mIYvCIsJwn", "author_id": "2404848312", "id": "605399374961745920"}, {"edit_history_tweet_ids": ["605393276070445056"], "created_at": "2015-06-01T15:19:39.000Z", "text": "Things you didn't know: Slash, Alice Cooper, Ronnie Wood, Brian Johnson, Justin Hawkins, Seasick Steve, Roger Dalt\u2026 http://t.co/9Da6aE5C3L", "author_id": "56746447", "id": "605393276070445056"}, {"edit_history_tweet_ids": ["605384905321648129"], "created_at": "2015-06-01T14:46:23.000Z", "text": "is now playing \u266b on http://t.co/REP4w0Dsur : Brian Johnson - Champion Sound", "author_id": "15590010", "id": "605384905321648129"}, {"edit_history_tweet_ids": ["605383805579497474"], "created_at": "2015-06-01T14:42:01.000Z", "text": "Sky Hooks And Tartan Paint Sting ft Brian Johnson MP3 Best FREE Downloads http://t.co/QwMJcnrVKV", "author_id": "1082481127", "id": "605383805579497474"}, {"edit_history_tweet_ids": ["605373920859066368"], "created_at": "2015-06-01T14:02:44.000Z", "text": "Brian Johnson &amp; Angus Young!!\ud83d\udc4d\ud83c\udfa4\ud83c\udfb8\ud83d\udd25\ud83d\ude0d\ud83d\ude4c\n\n#ACDC #RockOrBustWorldTour #Madrid http://t.co/UGCZPsJFka", "author_id": "1271440770", "id": "605373920859066368"}, {"edit_history_tweet_ids": ["605373242459729921"], "created_at": "2015-06-01T14:00:02.000Z", "text": "Brian Johnson!!\ud83d\udc4d\ud83c\udfa4\ud83d\udd25\ud83d\ude0d\ud83d\ude4c\n\n#ACDC #RockOrBustWorldTour #Madrid http://t.co/nlQZvNuTe1", "author_id": "1271440770", "id": "605373242459729921"}, {"edit_history_tweet_ids": ["605370852444676096"], "created_at": "2015-06-01T13:50:33.000Z", "text": "AC/DC\u2019s Brian Johnson Collaborating With Comedian Jim Breuer http://t.co/ZmD5SisFlK", "author_id": "110412452", "id": "605370852444676096"}, {"edit_history_tweet_ids": ["605370698635341825"], "created_at": "2015-06-01T13:49:56.000Z", "text": "@Rotoprofessor pick up brian johnson?", "author_id": "117936823", "id": "605370698635341825"}, {"edit_history_tweet_ids": ["605366627035574272"], "created_at": "2015-06-01T13:33:45.000Z", "text": "V\u00eddeo: Brian Johnson interpreta \u2018You shook me all night long\u2019 con Billy Joel   http://t.co/SvMgyJTmkl  #acdc", "author_id": "2865916196", "id": "605366627035574272"}, {"edit_history_tweet_ids": ["605366514632507392"], "created_at": "2015-06-01T13:33:18.000Z", "text": "Qu\u00e9 energ\u00eda y qu\u00e9 fuerza. Angus Young todo un showman y Brian Johnson impecable. MUY GRANDES. @acdc #ACDC #ACDCMadrid", "author_id": "361826610", "id": "605366514632507392"}, {"edit_history_tweet_ids": ["605362760600420352"], "created_at": "2015-06-01T13:18:23.000Z", "text": "(Love Came Down) Brian Johnson &amp; Kari Jobe cover by Dallas Remington https://t.co/65tatBeCBf via @YouTube", "author_id": "2695363832", "id": "605362760600420352"}, {"edit_history_tweet_ids": ["605359462916816898"], "created_at": "2015-06-01T13:05:17.000Z", "text": "Ich habe ein @YouTube-Video von @bethelmusic positiv bewertet: http://t.co/b0q86D0wtN We Will Not Be Shaken (song) // Brian Johnson", "author_id": "2793547224", "id": "605359462916816898"}, {"edit_history_tweet_ids": ["605359412849614848"], "created_at": "2015-06-01T13:05:05.000Z", "text": "How to Meditate Without Moving to the Himalayas  http://t.co/y06zSiGmPK", "author_id": "879093427", "id": "605359412849614848"}, {"edit_history_tweet_ids": ["605358140150956032"], "created_at": "2015-06-01T13:00:02.000Z", "text": "@sternshow The top 5 with Brian Johnson was the FUNNIEST fuckin thing!! FAAYYAAH!!!!!", "author_id": "297966214", "id": "605358140150956032"}, {"edit_history_tweet_ids": ["605356776595292160"], "created_at": "2015-06-01T12:54:37.000Z", "text": "Next, @NickCanelas provides updates on Deven Marrero, Brian Johnson, Carlos Asuaje and more in Fenway's Future\nhttp://t.co/9t3vVqtYFQ", "author_id": "3118763052", "id": "605356776595292160"}, {"edit_history_tweet_ids": ["605347244850728961"], "created_at": "2015-06-01T12:16:44.000Z", "text": "RT @historyofsound: Brian Johnson and Angus Young on stage. http://t.co/WqSlSc4TSJ", "author_id": "45701319", "id": "605347244850728961"}, {"edit_history_tweet_ids": ["605344900775833601"], "created_at": "2015-06-01T12:07:25.000Z", "text": "AC/DC: \u00a1NO OS VAY\u00c1IS NUNCA! - Estadio Vicente Calder\u00f3n, Madrid Brian Johnson en acci\u00f3n Qu\u00e9 bien ha envejecido el r... http://t.co/6KPh8NtNzA", "author_id": "1314606997", "id": "605344900775833601"}, {"edit_history_tweet_ids": ["605343579041579008"], "created_at": "2015-06-01T12:02:10.000Z", "text": "FOTO! Brian Johnson de AC/DC en Madrid ayer por la noche #ACDCMadrid https://t.co/2EOUlr28Rw", "author_id": "212675919", "id": "605343579041579008"}, {"edit_history_tweet_ids": ["605331731298656256"], "created_at": "2015-06-01T11:15:05.000Z", "text": "WATCH: The 3 Ways We Handle Pressure http://t.co/wfGn5y7tKD #femsupport #fit #yoga #diet #health", "author_id": "2992929101", "id": "605331731298656256"}, {"edit_history_tweet_ids": ["605327531345084416"], "created_at": "2015-06-01T10:58:24.000Z", "text": "De Madrid al infierno de la mano de Angus Young, Brian Johnson y AC/DC... Buenas tardes Sevilla...", "author_id": "432092031", "id": "605327531345084416"}, {"edit_history_tweet_ids": ["605326527903973376"], "created_at": "2015-06-01T10:54:25.000Z", "text": "A segunda feira come\u00e7a menos dolorida quando se sonha que o Brian Johnson ta com ciumes de vc \ud83d\ude3b", "author_id": "264458467", "id": "605326527903973376"}, {"edit_history_tweet_ids": ["605320551536705536"], "created_at": "2015-06-01T10:30:40.000Z", "text": "Brian A. Wilson (The Wire) stars as Birdie Johnson on upcoming series Whatever It Takes. http://t.co/MBgjjV6tyY #whateverittakes", "author_id": "171251406", "id": "605320551536705536"}, {"edit_history_tweet_ids": ["605306966840213504"], "created_at": "2015-06-01T09:36:41.000Z", "text": "#NowPlaying \"For the Sake of the World\" by Brian Johnson from For the Sake of the World \u266b http://t.co/Enk5ZHMjx0", "author_id": "481940872", "id": "605306966840213504"}, {"edit_history_tweet_ids": ["605297665673289728"], "created_at": "2015-06-01T08:59:44.000Z", "text": "#NowPlaying on @irevivalradio: Be Lifted High (feat. Brian Johnson) by Bethel Music @bethelmusic", "author_id": "3000543883", "id": "605297665673289728"}, {"edit_history_tweet_ids": ["605287315561451522"], "created_at": "2015-06-01T08:18:36.000Z", "text": "La exclusiva colecci\u00f3n de coches de Brian Johnson, cantante de AC/DC http://t.co/AHJkZlLL93 v\u00eda @motorpuntoes", "author_id": "2615319673", "id": "605287315561451522"}, {"edit_history_tweet_ids": ["605286927332302848"], "created_at": "2015-06-01T08:17:03.000Z", "text": "WATCH: The 3 Ways We Handle Pressure http://t.co/m5aOZnQ2Ii #femsupport #fit #yoga #diet #health", "author_id": "2549586836", "id": "605286927332302848"}, {"edit_history_tweet_ids": ["605281096201314304"], "created_at": "2015-06-01T07:53:53.000Z", "text": "Ian John Lewis stops @Brian_Lion_Rose on his feet but helps pick Johnson up at the end of the first round when he was clearly gone strange", "author_id": "45596405", "id": "605281096201314304"}, {"edit_history_tweet_ids": ["605261374084796416"], "created_at": "2015-06-01T06:35:31.000Z", "text": "RT @metroplexboston: Brian Johnson should be in the bigs", "author_id": "3300081161", "id": "605261374084796416"}, {"edit_history_tweet_ids": ["605257456009256960"], "created_at": "2015-06-01T06:19:57.000Z", "text": "@RockFM_ES Ayer Angus Young y el amigo de El Pirata, Brian Johnson, se salieron en Madrid. Espectacular concierto de AC/DC.", "author_id": "111097025", "id": "605257456009256960"}, {"edit_history_tweet_ids": ["605250464582651904"], "created_at": "2015-06-01T05:52:10.000Z", "text": "Es que ha sido escuchar la voz de Brian Johnson y OMG", "author_id": "2892626201", "id": "605250464582651904"}, {"edit_history_tweet_ids": ["605243286073151490"], "created_at": "2015-06-01T05:23:38.000Z", "text": "@BYUsportsjunkie have to see how it goes but he does look promising. Seems to have that Brian Johnson mentality which is important", "author_id": "1081698158", "id": "605243286073151490"}], "meta": {"newest_id": "605547501412851712", "oldest_id": "605243286073151490", "result_count": 96, "next_token": "1jzu9lk96gu5npw2cd9ziqcamjvz9cfkl4q7jvn7mzjx"}}