{"data": [{"id": "1196953924206497792", "text": "LJ Herrera is still out for the Mustangs. Head coach Pete Solis is typically good for 15-20 ppg. Will be interesting to see who steps up and replaces Herrera\u2019s production. Alex Flores scores 35 points and totaled 9 3s in the season opening loss to SA Madison last Friday", "created_at": "2019-11-20T00:50:28.000Z", "author_id": "1255404488", "edit_history_tweet_ids": ["1196953924206497792"]}, {"id": "1196941808380579840", "text": "Donde est\u00e1 es sujeto que organiz\u00f3 los paros pasados? Se llama Alex Flores y es mano derecha del alcalde \"independiente\" electo en Medell\u00edn. Estar\u00e1 rezando? Estar\u00e1 agazapado y encapuchado. Ojo con ese \"refugiado\" en Antioquia. https://t.co/rBjHOLIR3P https://t.co/HZGOCQBrQc", "created_at": "2019-11-20T00:02:19.000Z", "author_id": "323300300", "edit_history_tweet_ids": ["1196941808380579840"]}, {"id": "1196927454843031552", "text": "Need holidays...\n\n#photography#art#pornfood#hot#portrait#topmodel#youtube#mac#video#wedding#lingerie#android#landscape#nude#sexy#architecture#b&amp;w#analog#natural#vegan#bts#nature#kardashians#\u00a0https://t.co/CP2bLPPdu7\u2026 https://t.co/eWLVi70Lmx", "created_at": "2019-11-19T23:05:17.000Z", "author_id": "2817768858", "edit_history_tweet_ids": ["1196927454843031552"]}, {"id": "1196903810515509248", "text": "Que Alex pare de poner todas las flores challenge", "created_at": "2019-11-19T21:31:20.000Z", "author_id": "982300253176000512", "edit_history_tweet_ids": ["1196903810515509248"]}, {"id": "1196846146163003399", "text": "Gamboa Gallery  #MortonPride #jsmArtEast #arted #Pencildrawing by Sergio Lopez, Michael Flores and Alex Contreras https://t.co/Pkj8woy0KF", "created_at": "2019-11-19T17:42:12.000Z", "author_id": "3202029503", "edit_history_tweet_ids": ["1196846146163003399"]}, {"id": "1196839139792039936", "text": "https://t.co/7qgk9nj9GU https://t.co/sIFpcV7gD0", "created_at": "2019-11-19T17:14:21.000Z", "author_id": "175000413", "edit_history_tweet_ids": ["1196839139792039936"]}, {"id": "1196823087376928768", "text": "@RazorBlade1111 @ZYTJavier Pues es algo raro por que badabun es una empresa y dentro de ella ah\u00ed personas que le hablan super bien a juan que son kavin achutegui, Alex Flores, lizbeth Rodr\u00edguez, Carolina D\u00edaz, Kim shantal entonces yo creo la pela fue dentro pero obligar\u00e1n a los miembros a hablar", "created_at": "2019-11-19T16:10:34.000Z", "author_id": "1106012064068366336", "edit_history_tweet_ids": ["1196823087376928768"]}, {"id": "1196785951034482690", "text": "\u00c1lex, de @ElPozoMurcia_FS , y @jesusizquierdo_ , del @JimbeeCartagena , mejor gol y mejor jugada de la jornada en la Primera de la @LNFS https://t.co/IUPqZl77m0", "created_at": "2019-11-19T13:43:00.000Z", "author_id": "1136599759794442240", "edit_history_tweet_ids": ["1196785951034482690"]}, {"id": "1196771646373281792", "text": "Hace poco tiempo, sobre el a\u00f1o 209, el encantador escritor Alex Flores dijo: prefiero la m\u00fasica Country antes que la m\u00fasica Indie pop", "created_at": "2019-11-19T12:46:10.000Z", "author_id": "1166108979627470848", "edit_history_tweet_ids": ["1196771646373281792"]}, {"id": "1196740595261140993", "text": "RT @OswaltAcademy: Oswalt 6th graders collaborating with their 2nd grade buddies on Natural Resources and Ancient Mesopotamia. @_JulieMitch\u2026", "created_at": "2019-11-19T10:42:46.000Z", "author_id": "2590785800", "edit_history_tweet_ids": ["1196740595261140993"]}, {"id": "1196657073301458945", "text": "@larissa__flores Alex......a ctm", "created_at": "2019-11-19T05:10:53.000Z", "author_id": "634577575", "edit_history_tweet_ids": ["1196657073301458945"]}, {"id": "1196648455239811073", "text": "@alexreyesortega @marianavenecia Abrir puertas y llevar flores no es lo m\u00edo, preg\u00fantale a @soyMarquito quiz\u00e1 \u00e9l pueda ayudarte alex", "created_at": "2019-11-19T04:36:39.000Z", "author_id": "1225972008", "edit_history_tweet_ids": ["1196648455239811073"]}, {"id": "1196615181310164992", "text": "RT @OswaltAcademy: Oswalt 6th graders collaborating with their 2nd grade buddies on Natural Resources and Ancient Mesopotamia. @_JulieMitch\u2026", "created_at": "2019-11-19T02:24:25.000Z", "author_id": "1653629138", "edit_history_tweet_ids": ["1196615181310164992"]}, {"id": "1196611809463025664", "text": "Alex Dela Cruz Dirk Flores \u2764\ufe0f https://t.co/L61Ohp4H5i", "created_at": "2019-11-19T02:11:02.000Z", "author_id": "101015883", "edit_history_tweet_ids": ["1196611809463025664"]}, {"id": "1196595051381395457", "text": "RT @OswaltAcademy: Oswalt 6th graders collaborating with their 2nd grade buddies on Natural Resources and Ancient Mesopotamia. @_JulieMitch\u2026", "created_at": "2019-11-19T01:04:26.000Z", "author_id": "890344535519186945", "edit_history_tweet_ids": ["1196595051381395457"]}, {"id": "1196566702617698304", "text": "Danny Dominguez Alex Geovanny Morales Rodriguez Luis Yagual Flores Fabian Suarez https://t.co/DDYx4tlqcn", "created_at": "2019-11-18T23:11:47.000Z", "author_id": "303467028", "edit_history_tweet_ids": ["1196566702617698304"]}, {"id": "1196561619712524289", "text": "@KimberlyLoaiza_ Bueno pero que les ha hecho Juan y Kimberly? A mi me da igual me gustan los videos de Kenia Os de \u00c1lex Flores,Caro D\u00edaz y mas e igual ellos pinches inmaduros y envidiosos todos", "created_at": "2019-11-18T22:51:35.000Z", "author_id": "1196209797122723841", "edit_history_tweet_ids": ["1196561619712524289"]}, {"id": "1196548642615840768", "text": "BIG CATCH: Kris Flores said his son, Alex, made the big catch by himself and shattered dad\u2019s record of reeling in a 36-pound (16-kilogram) fish.\n\nhttps://t.co/nj5PfCHsQm", "created_at": "2019-11-18T22:00:01.000Z", "author_id": "351669463", "edit_history_tweet_ids": ["1196548642615840768"]}, {"id": "1196543293523259392", "text": "Oswalt 6th graders collaborating with their 2nd grade buddies on Natural Resources and Ancient Mesopotamia. @_JulieMitchell_ @RowlandSchools @RowRebRod @RUSD_EdServices @Alex_Flores__ @_DennisBixler https://t.co/jOiqbLJ9Pd", "created_at": "2019-11-18T21:38:46.000Z", "author_id": "2216195154", "edit_history_tweet_ids": ["1196543293523259392"]}, {"id": "1196531519386537987", "text": "@heavyes2004 @Hucasys @FelipeAndresCU @alex_calfutue @soyeldeivid Jajajaja y con muchas flores rosadas jijijiji jajajaja", "created_at": "2019-11-18T20:51:59.000Z", "author_id": "119080860", "edit_history_tweet_ids": ["1196531519386537987"]}, {"id": "1196517444153757698", "text": "Congratulations to our 2019-2020 Spelling \ud83d\udc1d Winner - Gabriella Flores-Valerio and Alternate - Alex Ray!! The winning word was cannonade. #bainproud https://t.co/AHwqGYaAdF", "created_at": "2019-11-18T19:56:03.000Z", "author_id": "1115310834", "edit_history_tweet_ids": ["1196517444153757698"]}, {"id": "1196443605168263174", "text": "RT @AlLvbp: Lineup oficial juego 1 (@aguilasdelzulia):\n\n(CF) Jonathan Reynoso \n(SS) Engelb Vielma\n(BD) Alex Romero\n(LF) Angel Reyes\n(1B) Je\u2026", "created_at": "2019-11-18T15:02:38.000Z", "author_id": "1147290495477059584", "edit_history_tweet_ids": ["1196443605168263174"]}, {"id": "1196435510899683328", "text": "Alien 6 ...\n\n#photography#art#pornfood#hot#portrait#topmodel#youtube#mac#video#wedding#lingerie#android#landscape#nude#sexy#architecture#b&amp;w#analog#natural#vegan#bts#nature#kardashians#alien\u00a0https://t.co/CP2bLQ6OSH\u2026 https://t.co/8OiylZJJrN", "created_at": "2019-11-18T14:30:29.000Z", "author_id": "2817768858", "edit_history_tweet_ids": ["1196435510899683328"]}, {"id": "1196302458022191104", "text": "RT @AlLvbp: Lineup oficial juego 1 (@aguilasdelzulia):\n\n(CF) Jonathan Reynoso \n(SS) Engelb Vielma\n(BD) Alex Romero\n(LF) Angel Reyes\n(1B) Je\u2026", "created_at": "2019-11-18T05:41:46.000Z", "author_id": "2992486217", "edit_history_tweet_ids": ["1196302458022191104"]}, {"id": "1196298316935360512", "text": "Alguien que le diga a Alex que quiero flores en mi cumplea\u00f1os porque dice que no entiende mis indirectas\ud83d\ude02", "created_at": "2019-11-18T05:25:19.000Z", "author_id": "55706934", "edit_history_tweet_ids": ["1196298316935360512"]}, {"id": "1196292565919784961", "text": "@alex_flores_san \u00a1Hola Alex! Lamentamos el inconveniente. Te pedimos nos compartas m\u00e1s informaci\u00f3n v\u00eda DM, para validarlo. \u00a1Saludos!", "created_at": "2019-11-18T05:02:28.000Z", "author_id": "65392033", "edit_history_tweet_ids": ["1196292565919784961"]}, {"id": "1196291470304497664", "text": "RT @BritishOrchidCo: Paphiopedilum Shireen by Alex Falcao\n\n#orchids #orchid #flowers #flower #orchidee #nature #orquideas #orchidea #orchid\u2026", "created_at": "2019-11-18T04:58:07.000Z", "author_id": "1322653250", "edit_history_tweet_ids": ["1196291470304497664"]}, {"id": "1196282634411876352", "text": "\ud83d\udc2d Amigo del Muro \ud83d\udc9c https://t.co/mg00cEea6G", "created_at": "2019-11-18T04:23:00.000Z", "author_id": "899121732", "edit_history_tweet_ids": ["1196282634411876352"]}, {"id": "1196210719617892353", "text": "@Alex_balsells Y vieron esto del Festival de las Flores???? https://t.co/TZ5MI1WIH8", "created_at": "2019-11-17T23:37:14.000Z", "author_id": "265010436", "edit_history_tweet_ids": ["1196210719617892353"]}, {"id": "1196197209068441606", "text": "@alex_flores_ \ud83d\ude02\ud83d\ude02 understandable", "created_at": "2019-11-17T22:43:33.000Z", "author_id": "773347171777310720", "edit_history_tweet_ids": ["1196197209068441606"]}, {"id": "1196195836780326915", "text": "@alex_flores_ 100 percent agree", "created_at": "2019-11-17T22:38:06.000Z", "author_id": "773347171777310720", "edit_history_tweet_ids": ["1196195836780326915"]}, {"id": "1196184306273726465", "text": "@QBHitList Premium 2020 QB @aflosports15 La Mirada Hs(CA) had an awesome visit with @VandyFootball \u25b6\ufe0fProfile: https://t.co/9lL7VymlZ2 https://t.co/QYPLDMrLj0", "created_at": "2019-11-17T21:52:17.000Z", "author_id": "2326374624", "edit_history_tweet_ids": ["1196184306273726465"]}, {"id": "1196153121493401600", "text": "@sliptone Cuales troles tarugo.\nAlex Flores Pe\u00f1a 40 a\u00f1os, sta tecla dui terminacion 0063****-2\n\nAburren ys con eso de troles...  con las afiliaciones ver\u00e1n si somos troles...", "created_at": "2019-11-17T19:48:22.000Z", "author_id": "969695573719871488", "edit_history_tweet_ids": ["1196153121493401600"]}, {"id": "1196151970559594499", "text": "RT @BritishOrchidCo: Paphiopedilum Shireen by Alex Falcao\n\n#orchids #orchid #flowers #flower #orchidee #nature #orquideas #orchidea #orchid\u2026", "created_at": "2019-11-17T19:43:47.000Z", "author_id": "731259552159698944", "edit_history_tweet_ids": ["1196151970559594499"]}], "meta": {"newest_id": "1196953924206497792", "oldest_id": "1196151970559594499", "result_count": 34, "next_token": "b26v89c19zqg8o3fnmc0fgavldbmjkt92xebd0jt5d1fh"}}