{"data": [{"text": "RT @The__Grenouille: Do you want the new @twitter to reinstate previously banned accounts? In particular accounts that were silenced for th\u2026", "id": "1518999442363494402", "author_id": "1264900016180801536", "created_at": "2022-04-26T17:04:23.000Z", "edit_history_tweet_ids": ["1518999442363494402"]}, {"text": "RT @The__Grenouille: Do you want the new @twitter to reinstate previously banned accounts? In particular accounts that were silenced for th\u2026", "id": "1518996724328673285", "author_id": "1456653450595508231", "created_at": "2022-04-26T16:53:35.000Z", "edit_history_tweet_ids": ["1518996724328673285"]}, {"text": "When's Tommy Robinson,Alex Jones and Donald Trump getting their  accounts  back \n@elonmusk \n@Twitter @TwitterSupport", "id": "1518996709115932675", "author_id": "1383835226749620230", "created_at": "2022-04-26T16:53:31.000Z", "edit_history_tweet_ids": ["1518996709115932675"]}, {"text": "RT @baloncestero: #LUB\nOlimpia 67 - Bigu\u00e1 68 (1-1)\n\ud83d\udd34 Isaac Hamilton 21\n\ud83d\udd35 Luis Santos 25\n\nTrouville 91 - Urup\u00e1n 90 (1-1)\n\ud83d\udd34 Tyler Harris 27 y\u2026", "id": "1518992694227488771", "author_id": "80006919", "created_at": "2022-04-26T16:37:34.000Z", "edit_history_tweet_ids": ["1518992694227488771"]}, {"text": "RT @The__Grenouille: Do you want the new @twitter to reinstate previously banned accounts? In particular accounts that were silenced for th\u2026", "id": "1518992409086017536", "author_id": "1247812991656980481", "created_at": "2022-04-26T16:36:26.000Z", "edit_history_tweet_ids": ["1518992409086017536"]}, {"text": "#LUB\nOlimpia 67 - Bigu\u00e1 68 (1-1)\n\ud83d\udd34 Isaac Hamilton 21\n\ud83d\udd35 Luis Santos 25\n\nTrouville 91 - Urup\u00e1n 90 (1-1)\n\ud83d\udd34 Tyler Harris 27 y Dwayne Davis 19\n\ud83d\udfe2 Donald Robinson 22 y Antonio Bivins 18 https://t.co/zZ6LxlW5wN", "id": "1518987769241997312", "author_id": "174615661", "created_at": "2022-04-26T16:18:00.000Z", "edit_history_tweet_ids": ["1518987769241997312"]}, {"text": "Please restore the following accounts::::\n\nProject Veritas\nEmerald Robinson\nDonald Trump\nJuanita Broaddrick\nMike Lindell \nMichael Flynn\nSidney Powell\nKanekoaTheGreat\nKash Patel\nThe Babylon Bee", "id": "1518986019135131654", "author_id": "717437493197582336", "created_at": "2022-04-26T16:11:03.000Z", "edit_history_tweet_ids": ["1518986019135131654"]}, {"text": "Request to @elonmusk (new owner of @twitter )\n\nRe accounts for DONALD TRUMP, KATIE HOPKINS, TOMMY ROBINSON and others previously banned by the previous Twitter owners:\n\nPLEASE keep the bans in place! So much better without them.", "id": "1518984675070517248", "author_id": "37406776", "created_at": "2022-04-26T16:05:42.000Z", "edit_history_tweet_ids": ["1518984675070517248"]}, {"text": "RT @The__Grenouille: Do you want the new @twitter to reinstate previously banned accounts? In particular accounts that were silenced for th\u2026", "id": "1518983366355431430", "author_id": "883826393309642753", "created_at": "2022-04-26T16:00:30.000Z", "edit_history_tweet_ids": ["1518983366355431430"]}, {"text": "RT @The__Grenouille: Do you want the new @twitter to reinstate previously banned accounts? In particular accounts that were silenced for th\u2026", "id": "1518983171735498756", "author_id": "1408813590937735168", "created_at": "2022-04-26T15:59:44.000Z", "edit_history_tweet_ids": ["1518983171735498756"]}, {"text": "RT @The__Grenouille: Do you want the new @twitter to reinstate previously banned accounts? In particular accounts that were silenced for th\u2026", "id": "1518975457760366592", "author_id": "1263652914796601345", "created_at": "2022-04-26T15:29:04.000Z", "edit_history_tweet_ids": ["1518975457760366592"]}, {"text": "RT @The__Grenouille: Do you want the new @twitter to reinstate previously banned accounts? In particular accounts that were silenced for th\u2026", "id": "1518974838261620736", "author_id": "1243542968218370053", "created_at": "2022-04-26T15:26:37.000Z", "edit_history_tweet_ids": ["1518974838261620736"]}, {"text": "RT @The__Grenouille: Do you want the new @twitter to reinstate previously banned accounts? In particular accounts that were silenced for th\u2026", "id": "1518970369868279809", "author_id": "1179809116371456000", "created_at": "2022-04-26T15:08:51.000Z", "edit_history_tweet_ids": ["1518970369868279809"]}, {"text": "RT @The__Grenouille: Do you want the new @twitter to reinstate previously banned accounts? In particular accounts that were silenced for th\u2026", "id": "1518969905344880641", "author_id": "1164522044526084097", "created_at": "2022-04-26T15:07:01.000Z", "edit_history_tweet_ids": ["1518969905344880641"]}, {"text": "RT @tperk17: @ColumbiaBugle Alex Jones, InfoWars, Gavin McInnes, Laura Loomer, Milo Yiannopoulos, Joey Salads, ALX, carpedonktum, Michael F\u2026", "id": "1518968887840284673", "author_id": "1377129037575823361", "created_at": "2022-04-26T15:02:58.000Z", "edit_history_tweet_ids": ["1518968887840284673"]}, {"text": "RT @The__Grenouille: Do you want the new @twitter to reinstate previously banned accounts? In particular accounts that were silenced for th\u2026", "id": "1518968866717765639", "author_id": "614498529", "created_at": "2022-04-26T15:02:53.000Z", "edit_history_tweet_ids": ["1518968866717765639"]}, {"text": "RT @PorscheCutie: @bennyjohnson @elonmusk Donald Trump, Mike Lindell, James O Keefe, Sydney Powell, General Flynn, DC Draino, Mindy Robinso\u2026", "id": "1518965838639886336", "author_id": "785300633431662593", "created_at": "2022-04-26T14:50:51.000Z", "edit_history_tweet_ids": ["1518965838639886336"]}, {"text": "RT @OfficialAlgie: Imagine the scenes when we have Anonymous... Donald Trump... Tommy Robinson...  Anders Breivik... and Katie Hopkins back\u2026", "id": "1518965083732336640", "author_id": "1384437203548389376", "created_at": "2022-04-26T14:47:51.000Z", "edit_history_tweet_ids": ["1518965083732336640"]}, {"text": "RT @The__Grenouille: Do you want the new @twitter to reinstate previously banned accounts? In particular accounts that were silenced for th\u2026", "id": "1518963083598778369", "author_id": "300395529", "created_at": "2022-04-26T14:39:54.000Z", "edit_history_tweet_ids": ["1518963083598778369"]}, {"text": "RT @The__Grenouille: Do you want the new @twitter to reinstate previously banned accounts? In particular accounts that were silenced for th\u2026", "id": "1518962947560808448", "author_id": "2214499045", "created_at": "2022-04-26T14:39:22.000Z", "edit_history_tweet_ids": ["1518962947560808448"]}, {"text": "Imagine the scenes when we have Anonymous... Donald Trump... Tommy Robinson...  Anders Breivik... and Katie Hopkins back on Twitter... but @Conradreturns_7 still manages to piss off Elon Musk enough to need @Conradreturns_8...x", "id": "1518961451674882049", "author_id": "1145124465136799751", "created_at": "2022-04-26T14:33:25.000Z", "edit_history_tweet_ids": ["1518961451674882049"]}, {"text": "RT @PorscheCutie: @bennyjohnson @elonmusk Donald Trump, Mike Lindell, James O Keefe, Sydney Powell, General Flynn, DC Draino, Mindy Robinso\u2026", "id": "1518954503030124544", "author_id": "1153161321787133952", "created_at": "2022-04-26T14:05:48.000Z", "edit_history_tweet_ids": ["1518954503030124544"]}, {"text": "RT @The__Grenouille: Do you want the new @twitter to reinstate previously banned accounts? In particular accounts that were silenced for th\u2026", "id": "1518953052895653889", "author_id": "1512412516936208395", "created_at": "2022-04-26T14:00:03.000Z", "edit_history_tweet_ids": ["1518953052895653889"]}, {"text": "@AP @Tesla @elonmusk @Twitter So I'm sure we will now be welcoming back Donald Trump, Tommy Robinson &amp; Katie Hopkins.", "id": "1518949039210905600", "author_id": "1315327894126821381", "created_at": "2022-04-26T13:44:06.000Z", "edit_history_tweet_ids": ["1518949039210905600"]}, {"text": "RT @tperk17: @ColumbiaBugle Alex Jones, InfoWars, Gavin McInnes, Laura Loomer, Milo Yiannopoulos, Joey Salads, ALX, carpedonktum, Michael F\u2026", "id": "1518943900999823360", "author_id": "569546005", "created_at": "2022-04-26T13:23:41.000Z", "edit_history_tweet_ids": ["1518943900999823360"]}, {"text": "RT @The__Grenouille: Do you want the new @twitter to reinstate previously banned accounts? In particular accounts that were silenced for th\u2026", "id": "1518942794596954114", "author_id": "142703303", "created_at": "2022-04-26T13:19:17.000Z", "edit_history_tweet_ids": ["1518942794596954114"]}, {"text": "RT @The__Grenouille: Do you want the new @twitter to reinstate previously banned accounts? In particular accounts that were silenced for th\u2026", "id": "1518937978621542400", "author_id": "1516014074", "created_at": "2022-04-26T13:00:09.000Z", "edit_history_tweet_ids": ["1518937978621542400"]}, {"text": "RT @The__Grenouille: Do you want the new @twitter to reinstate previously banned accounts? In particular accounts that were silenced for th\u2026", "id": "1518934826098778113", "author_id": "492347816", "created_at": "2022-04-26T12:47:37.000Z", "edit_history_tweet_ids": ["1518934826098778113"]}, {"text": "RT @PorscheCutie: @bennyjohnson @elonmusk Donald Trump, Mike Lindell, James O Keefe, Sydney Powell, General Flynn, DC Draino, Mindy Robinso\u2026", "id": "1518934055965933570", "author_id": "1059912382464622596", "created_at": "2022-04-26T12:44:34.000Z", "edit_history_tweet_ids": ["1518934055965933570"]}, {"text": "RT @The__Grenouille: Do you want the new @twitter to reinstate previously banned accounts? In particular accounts that were silenced for th\u2026", "id": "1518931758477099009", "author_id": "1156245300102729728", "created_at": "2022-04-26T12:35:26.000Z", "edit_history_tweet_ids": ["1518931758477099009"]}, {"text": "RT @Chargers_Donald: @LibertyHawg007 @chrishayre @chargers @mattmoneysmith Do not compare any wr in this class to Terrell Owens. As crazy a\u2026", "id": "1518930611372802050", "author_id": "1490181542622158851", "created_at": "2022-04-26T12:30:52.000Z", "edit_history_tweet_ids": ["1518930611372802050"]}, {"text": "RT @The__Grenouille: Do you want the new @twitter to reinstate previously banned accounts? In particular accounts that were silenced for th\u2026", "id": "1518929371330928641", "author_id": "330458385", "created_at": "2022-04-26T12:25:57.000Z", "edit_history_tweet_ids": ["1518929371330928641"]}, {"text": "RT @socialistsunday: He\u2019s going to bring back Donald Trump, Tommy Robinson and Katie Hopkins isn\u2019t he", "id": "1518928905863839745", "author_id": "99104555", "created_at": "2022-04-26T12:24:06.000Z", "edit_history_tweet_ids": ["1518928905863839745"]}, {"text": "As requested by @jtuckerx \n\nSince then:\n\nCovid 19 hit the world by storm\n\nDonald trump got banned off twitter \n\nKatie Hopkins got banned off twitter\n\nTommy Robinson got arrested in Mexico\n\nChristian eriksen got brought back to life, signed for brentford and scored before Maguire", "id": "1518927558083059712", "author_id": "1053699070450122752", "created_at": "2022-04-26T12:18:44.000Z", "edit_history_tweet_ids": ["1518927558083059712"]}, {"text": "RT @The__Grenouille: Do you want the new @twitter to reinstate previously banned accounts? In particular accounts that were silenced for th\u2026", "id": "1518924827154919426", "author_id": "1422970723518255106", "created_at": "2022-04-26T12:07:53.000Z", "edit_history_tweet_ids": ["1518924827154919426"]}, {"text": "RT @socialistsunday: He\u2019s going to bring back Donald Trump, Tommy Robinson and Katie Hopkins isn\u2019t he", "id": "1518923993318928385", "author_id": "424478521", "created_at": "2022-04-26T12:04:34.000Z", "edit_history_tweet_ids": ["1518923993318928385"]}, {"text": "RT @The__Grenouille: Do you want the new @twitter to reinstate previously banned accounts? In particular accounts that were silenced for th\u2026", "id": "1518923517919649792", "author_id": "1146444281420439553", "created_at": "2022-04-26T12:02:41.000Z", "edit_history_tweet_ids": ["1518923517919649792"]}, {"text": "RT @The__Grenouille: Do you want the new @twitter to reinstate previously banned accounts? In particular accounts that were silenced for th\u2026", "id": "1518922689167208448", "author_id": "1022093662623281152", "created_at": "2022-04-26T11:59:23.000Z", "edit_history_tweet_ids": ["1518922689167208448"]}, {"text": "@elonmusk If he does bring back Katie Hopkins, Donald Trump and Tommy Robinson then I\u2019m definitely out.\n\nHopefully there\u2019ll be something more palatable to jump to.", "id": "1518922059082080257", "author_id": "1355605760084946946", "created_at": "2022-04-26T11:56:53.000Z", "edit_history_tweet_ids": ["1518922059082080257"]}, {"text": "RT @The__Grenouille: Do you want the new @twitter to reinstate previously banned accounts? In particular accounts that were silenced for th\u2026", "id": "1518919900697399296", "author_id": "715850854943866881", "created_at": "2022-04-26T11:48:19.000Z", "edit_history_tweet_ids": ["1518919900697399296"]}, {"text": "RT @The__Grenouille: Do you want the new @twitter to reinstate previously banned accounts? In particular accounts that were silenced for th\u2026", "id": "1518919634434539521", "author_id": "719192679725342720", "created_at": "2022-04-26T11:47:15.000Z", "edit_history_tweet_ids": ["1518919634434539521"]}, {"text": "RT @tperk17: @ColumbiaBugle Alex Jones, InfoWars, Gavin McInnes, Laura Loomer, Milo Yiannopoulos, Joey Salads, ALX, carpedonktum, Michael F\u2026", "id": "1518918690502291456", "author_id": "3303513131", "created_at": "2022-04-26T11:43:30.000Z", "edit_history_tweet_ids": ["1518918690502291456"]}, {"text": "RT @The__Grenouille: Do you want the new @twitter to reinstate previously banned accounts? In particular accounts that were silenced for th\u2026", "id": "1518918253208350729", "author_id": "1266971506644586497", "created_at": "2022-04-26T11:41:46.000Z", "edit_history_tweet_ids": ["1518918253208350729"]}, {"text": "RT @The__Grenouille: Do you want the new @twitter to reinstate previously banned accounts? In particular accounts that were silenced for th\u2026", "id": "1518917857203179521", "author_id": "3899337568", "created_at": "2022-04-26T11:40:11.000Z", "edit_history_tweet_ids": ["1518917857203179521"]}, {"text": "RT @The__Grenouille: Do you want the new @twitter to reinstate previously banned accounts? In particular accounts that were silenced for th\u2026", "id": "1518916339406151680", "author_id": "2327501304", "created_at": "2022-04-26T11:34:10.000Z", "edit_history_tweet_ids": ["1518916339406151680"]}, {"text": "RT @NickKano90: The problem with Twitter's terms of service is that it's been impossible to apply them consistently. \n\nDespise far right ra\u2026", "id": "1518915597291167745", "author_id": "2712489396", "created_at": "2022-04-26T11:31:13.000Z", "edit_history_tweet_ids": ["1518915597291167745"]}, {"text": "RT @The__Grenouille: Do you want the new @twitter to reinstate previously banned accounts? In particular accounts that were silenced for th\u2026", "id": "1518915205648031744", "author_id": "1314901204170952705", "created_at": "2022-04-26T11:29:39.000Z", "edit_history_tweet_ids": ["1518915205648031744"]}, {"text": "RT @The__Grenouille: Do you want the new @twitter to reinstate previously banned accounts? In particular accounts that were silenced for th\u2026", "id": "1518915094180151296", "author_id": "43739838", "created_at": "2022-04-26T11:29:13.000Z", "edit_history_tweet_ids": ["1518915094180151296"]}, {"text": "RT @The__Grenouille: Do you want the new @twitter to reinstate previously banned accounts? In particular accounts that were silenced for th\u2026", "id": "1518914248189034497", "author_id": "1493921311684534278", "created_at": "2022-04-26T11:25:51.000Z", "edit_history_tweet_ids": ["1518914248189034497"]}, {"text": "RT @The__Grenouille: Do you want the new @twitter to reinstate previously banned accounts? In particular accounts that were silenced for th\u2026", "id": "1518913864146030592", "author_id": "1271274279934492673", "created_at": "2022-04-26T11:24:19.000Z", "edit_history_tweet_ids": ["1518913864146030592"]}, {"text": "RT @The__Grenouille: Do you want the new @twitter to reinstate previously banned accounts? In particular accounts that were silenced for th\u2026", "id": "1518913776069791744", "author_id": "1119695227", "created_at": "2022-04-26T11:23:58.000Z", "edit_history_tweet_ids": ["1518913776069791744"]}, {"text": "RT @The__Grenouille: Do you want the new @twitter to reinstate previously banned accounts? In particular accounts that were silenced for th\u2026", "id": "1518913680867569665", "author_id": "20311385", "created_at": "2022-04-26T11:23:36.000Z", "edit_history_tweet_ids": ["1518913680867569665"]}, {"text": "@gambo222 @DominiqueTaegon \"Truth-tellers\"? \ud83d\ude02\n\nDonald Trump is the most documented serial liar on the planet...and the only person to stifle free speech in the UK in recent history was...you guessed it...Tommy Robinson.", "id": "1518913314419527680", "author_id": "1305648886963482631", "created_at": "2022-04-26T11:22:08.000Z", "edit_history_tweet_ids": ["1518913314419527680"]}, {"text": "RT @dudleylad1066: Is Tommy Robinson back on twitter?\nIf so how long before we see Donald Trump back?", "id": "1518912524833406976", "author_id": "1518536567568097282", "created_at": "2022-04-26T11:19:00.000Z", "edit_history_tweet_ids": ["1518912524833406976"]}, {"text": "RT @The__Grenouille: Do you want the new @twitter to reinstate previously banned accounts? In particular accounts that were silenced for th\u2026", "id": "1518912355765305345", "author_id": "2908039671", "created_at": "2022-04-26T11:18:20.000Z", "edit_history_tweet_ids": ["1518912355765305345"]}, {"text": "RT @PorscheCutie: @bennyjohnson @elonmusk Donald Trump, Mike Lindell, James O Keefe, Sydney Powell, General Flynn, DC Draino, Mindy Robinso\u2026", "id": "1518912063304781825", "author_id": "2638263233", "created_at": "2022-04-26T11:17:10.000Z", "edit_history_tweet_ids": ["1518912063304781825"]}, {"text": "RT @tperk17: @ColumbiaBugle Alex Jones, InfoWars, Gavin McInnes, Laura Loomer, Milo Yiannopoulos, Joey Salads, ALX, carpedonktum, Michael F\u2026", "id": "1518911529684549632", "author_id": "776080266498482176", "created_at": "2022-04-26T11:15:03.000Z", "edit_history_tweet_ids": ["1518911529684549632"]}, {"text": "RT @The__Grenouille: Do you want the new @twitter to reinstate previously banned accounts? In particular accounts that were silenced for th\u2026", "id": "1518909931671494657", "author_id": "1488892931595546629", "created_at": "2022-04-26T11:08:42.000Z", "edit_history_tweet_ids": ["1518909931671494657"]}, {"text": "RT @The__Grenouille: Do you want the new @twitter to reinstate previously banned accounts? In particular accounts that were silenced for th\u2026", "id": "1518908245947076613", "author_id": "3954461301", "created_at": "2022-04-26T11:02:00.000Z", "edit_history_tweet_ids": ["1518908245947076613"]}, {"text": "RT @socialistsunday: He\u2019s going to bring back Donald Trump, Tommy Robinson and Katie Hopkins isn\u2019t he", "id": "1518908083875074056", "author_id": "999429250775244805", "created_at": "2022-04-26T11:01:21.000Z", "edit_history_tweet_ids": ["1518908083875074056"]}], "meta": {"newest_id": "1518999442363494402", "oldest_id": "1518908083875074056", "result_count": 60, "next_token": "b26v89c19zqg8o3fpytoeabv5ooy1wxxjmipiw3xfeohp"}}