{"data": [{"created_at": "2022-04-27T16:18:36.000Z", "edit_history_tweet_ids": ["1519350309969092610"], "id": "1519350309969092610", "text": "RT @PorscheCutie: @bennyjohnson @elonmusk Donald Trump, Mike Lindell, James O Keefe, Sydney Powell, General Flynn, DC Draino, Mindy Robinso\u2026", "author_id": "23259325"}, {"created_at": "2022-04-27T16:12:15.000Z", "edit_history_tweet_ids": ["1519348710194483200"], "id": "1519348710194483200", "text": "RT @PorscheCutie: @bennyjohnson @elonmusk Donald Trump, Mike Lindell, James O Keefe, Sydney Powell, General Flynn, DC Draino, Mindy Robinso\u2026", "author_id": "1480049021980975104"}, {"created_at": "2022-04-27T15:53:58.000Z", "edit_history_tweet_ids": ["1519344111710613510"], "id": "1519344111710613510", "text": "RT @The__Grenouille: Do you want the new @twitter to reinstate previously banned accounts? In particular accounts that were silenced for th\u2026", "author_id": "165373773"}, {"created_at": "2022-04-27T15:18:17.000Z", "edit_history_tweet_ids": ["1519335129486872576"], "id": "1519335129486872576", "text": "RT @The__Grenouille: Do you want the new @twitter to reinstate previously banned accounts? In particular accounts that were silenced for th\u2026", "author_id": "4158110453"}, {"created_at": "2022-04-27T12:24:36.000Z", "edit_history_tweet_ids": ["1519291422800814081"], "id": "1519291422800814081", "text": "RT @The__Grenouille: Do you want the new @twitter to reinstate previously banned accounts? In particular accounts that were silenced for th\u2026", "author_id": "1174771733108330497"}, {"created_at": "2022-04-27T10:22:41.000Z", "edit_history_tweet_ids": ["1519260740292468738"], "id": "1519260740292468738", "text": "@FrederikEnevold Donald Trump. T. Robinson. Beh\u00f8ver jeg n\u00e6vne flere? \nSom sagt har jeg ikke personlig erfaring fra Twitter, da jeg er ny her. Men mon ikke Twitter har anvendt nogenlunde samme algoritmer og kriterier som Facebook.", "author_id": "1471469319452336128"}, {"created_at": "2022-04-27T09:46:38.000Z", "edit_history_tweet_ids": ["1519251668247982080"], "id": "1519251668247982080", "text": "RT @tperk17: @ColumbiaBugle Alex Jones, InfoWars, Gavin McInnes, Laura Loomer, Milo Yiannopoulos, Joey Salads, ALX, carpedonktum, Michael F\u2026", "author_id": "1045465489"}, {"created_at": "2022-04-27T09:22:41.000Z", "edit_history_tweet_ids": ["1519245641981042690"], "id": "1519245641981042690", "text": "RT @tperk17: @ColumbiaBugle Alex Jones, InfoWars, Gavin McInnes, Laura Loomer, Milo Yiannopoulos, Joey Salads, ALX, carpedonktum, Michael F\u2026", "author_id": "215257592"}, {"created_at": "2022-04-27T08:19:17.000Z", "edit_history_tweet_ids": ["1519229686882062336"], "id": "1519229686882062336", "text": "RT @PorscheCutie: @bennyjohnson @elonmusk Donald Trump, Mike Lindell, James O Keefe, Sydney Powell, General Flynn, DC Draino, Mindy Robinso\u2026", "author_id": "1511201807241908225"}, {"created_at": "2022-04-27T08:06:20.000Z", "edit_history_tweet_ids": ["1519226425261367297"], "id": "1519226425261367297", "text": "RT @The__Grenouille: Do you want the new @twitter to reinstate previously banned accounts? In particular accounts that were silenced for th\u2026", "author_id": "1388886187"}, {"created_at": "2022-04-27T07:44:16.000Z", "edit_history_tweet_ids": ["1519220874464751616"], "id": "1519220874464751616", "text": "RT @tperk17: @ColumbiaBugle Alex Jones, InfoWars, Gavin McInnes, Laura Loomer, Milo Yiannopoulos, Joey Salads, ALX, carpedonktum, Michael F\u2026", "author_id": "1329536441727139840"}, {"created_at": "2022-04-27T06:50:47.000Z", "edit_history_tweet_ids": ["1519207411705331712"], "id": "1519207411705331712", "text": "RT @The__Grenouille: Do you want the new @twitter to reinstate previously banned accounts? In particular accounts that were silenced for th\u2026", "author_id": "1501840979044806657"}, {"created_at": "2022-04-27T06:04:16.000Z", "edit_history_tweet_ids": ["1519195708456271874"], "id": "1519195708456271874", "text": "RT @The__Grenouille: Do you want the new @twitter to reinstate previously banned accounts? In particular accounts that were silenced for th\u2026", "author_id": "1273459833295929347"}, {"created_at": "2022-04-27T05:59:54.000Z", "edit_history_tweet_ids": ["1519194606394609664"], "id": "1519194606394609664", "text": "RT @The__Grenouille: Do you want the new @twitter to reinstate previously banned accounts? In particular accounts that were silenced for th\u2026", "author_id": "1268647272868388868"}, {"created_at": "2022-04-27T05:59:43.000Z", "edit_history_tweet_ids": ["1519194560303439872"], "id": "1519194560303439872", "text": "RT @The__Grenouille: Do you want the new @twitter to reinstate previously banned accounts? In particular accounts that were silenced for th\u2026", "author_id": "20685158"}, {"created_at": "2022-04-27T05:36:51.000Z", "edit_history_tweet_ids": ["1519188808155242502"], "id": "1519188808155242502", "text": "RT @The__Grenouille: Do you want the new @twitter to reinstate previously banned accounts? In particular accounts that were silenced for th\u2026", "author_id": "373854076"}, {"created_at": "2022-04-27T05:14:52.000Z", "edit_history_tweet_ids": ["1519183276128223232"], "id": "1519183276128223232", "text": "RT @tperk17: @ColumbiaBugle Alex Jones, InfoWars, Gavin McInnes, Laura Loomer, Milo Yiannopoulos, Joey Salads, ALX, carpedonktum, Michael F\u2026", "author_id": "1324028106831765505"}, {"created_at": "2022-04-27T05:14:26.000Z", "edit_history_tweet_ids": ["1519183164899475456"], "id": "1519183164899475456", "text": "RT @The__Grenouille: Do you want the new @twitter to reinstate previously banned accounts? In particular accounts that were silenced for th\u2026", "author_id": "1227656533326123008"}, {"created_at": "2022-04-27T05:11:30.000Z", "edit_history_tweet_ids": ["1519182427024871424"], "id": "1519182427024871424", "text": "@Eugene_Robinson Donald Trump was a character test. Republicans who supported his assault on democracy, even by cowardly silence, should be forever considered morally or mentally unfit to hold public office. They have audio, video and legislative voting records to guide us. Vote them all out!", "author_id": "2601984301"}, {"created_at": "2022-04-27T04:55:43.000Z", "edit_history_tweet_ids": ["1519178456793325568"], "id": "1519178456793325568", "text": "RT @The__Grenouille: Do you want the new @twitter to reinstate previously banned accounts? In particular accounts that were silenced for th\u2026", "author_id": "902476398576721924"}, {"created_at": "2022-04-27T04:15:31.000Z", "edit_history_tweet_ids": ["1519168339796451330"], "id": "1519168339796451330", "text": "RT @tperk17: @ColumbiaBugle Alex Jones, InfoWars, Gavin McInnes, Laura Loomer, Milo Yiannopoulos, Joey Salads, ALX, carpedonktum, Michael F\u2026", "author_id": "1327697750612447238"}, {"created_at": "2022-04-27T03:50:23.000Z", "edit_history_tweet_ids": ["1519162012407840773"], "id": "1519162012407840773", "text": "@TheLastWord @stuartpstevens @Eugene_Robinson @Lawrence @MSNBC You know, Kevin McCarthy, Donald Trump and Democracy are like two, three ships passing in the night!", "author_id": "333984212"}, {"created_at": "2022-04-27T03:03:42.000Z", "edit_history_tweet_ids": ["1519150266783698945"], "id": "1519150266783698945", "text": "RT @PorscheCutie: @bennyjohnson @elonmusk Donald Trump, Mike Lindell, James O Keefe, Sydney Powell, General Flynn, DC Draino, Mindy Robinso\u2026", "author_id": "1518811176011927554"}, {"created_at": "2022-04-27T02:55:35.000Z", "edit_history_tweet_ids": ["1519148222370902018"], "id": "1519148222370902018", "text": "RT @PorscheCutie: @bennyjohnson @elonmusk Donald Trump, Mike Lindell, James O Keefe, Sydney Powell, General Flynn, DC Draino, Mindy Robinso\u2026", "author_id": "1041273540"}, {"created_at": "2022-04-27T00:43:33.000Z", "edit_history_tweet_ids": ["1519114995757461504"], "id": "1519114995757461504", "text": "RT @The__Grenouille: Do you want the new @twitter to reinstate previously banned accounts? In particular accounts that were silenced for th\u2026", "author_id": "789849578187218946"}, {"created_at": "2022-04-26T23:52:10.000Z", "edit_history_tweet_ids": ["1519102064214872065"], "id": "1519102064214872065", "text": "RT @The__Grenouille: Do you want the new @twitter to reinstate previously banned accounts? In particular accounts that were silenced for th\u2026", "author_id": "42942856"}, {"created_at": "2022-04-26T22:52:42.000Z", "edit_history_tweet_ids": ["1519087100162838528"], "id": "1519087100162838528", "text": "@GBPdaily James Lofton , Sterling Sharpe ,  David Bakhtiari, Jerry Kramer , Dave Robinson, Herb Adderley ,  Davante Adams , Donald Driver , Leroy Butler, Fred Carr , Willie Buchanan , Clay Mathews , Jim Taylor, Forest Gregg , John Anderson, Chad Clifton to name a few !", "author_id": "345600092"}, {"created_at": "2022-04-26T22:04:52.000Z", "edit_history_tweet_ids": ["1519075063265378310"], "id": "1519075063265378310", "text": "RT @tperk17: @ColumbiaBugle Alex Jones, InfoWars, Gavin McInnes, Laura Loomer, Milo Yiannopoulos, Joey Salads, ALX, carpedonktum, Michael F\u2026", "author_id": "1217192502958096384"}, {"created_at": "2022-04-26T22:04:21.000Z", "edit_history_tweet_ids": ["1519074930318581762"], "id": "1519074930318581762", "text": "RT @The__Grenouille: Do you want the new @twitter to reinstate previously banned accounts? In particular accounts that were silenced for th\u2026", "author_id": "1252056060057325568"}, {"created_at": "2022-04-26T21:53:50.000Z", "edit_history_tweet_ids": ["1519072285654917121"], "id": "1519072285654917121", "text": "RT @NickKano90: The problem with Twitter's terms of service is that it's been impossible to apply them consistently. \n\nDespise far right ra\u2026", "author_id": "975131159951626240"}, {"created_at": "2022-04-26T21:41:59.000Z", "edit_history_tweet_ids": ["1519069304142004225"], "id": "1519069304142004225", "text": "RT @The__Grenouille: Do you want the new @twitter to reinstate previously banned accounts? In particular accounts that were silenced for th\u2026", "author_id": "972239822105399296"}, {"created_at": "2022-04-26T20:23:49.000Z", "edit_history_tweet_ids": ["1519049630520066048"], "id": "1519049630520066048", "text": "RT @The__Grenouille: Do you want the new @twitter to reinstate previously banned accounts? In particular accounts that were silenced for th\u2026", "author_id": "1305991818404925447"}, {"created_at": "2022-04-26T20:20:31.000Z", "edit_history_tweet_ids": ["1519048801763348480"], "id": "1519048801763348480", "text": "RT @The__Grenouille: Do you want the new @twitter to reinstate previously banned accounts? In particular accounts that were silenced for th\u2026", "author_id": "3176362787"}, {"created_at": "2022-04-26T20:04:59.000Z", "edit_history_tweet_ids": ["1519044891346706436"], "id": "1519044891346706436", "text": "RT @The__Grenouille: Do you want the new @twitter to reinstate previously banned accounts? In particular accounts that were silenced for th\u2026", "author_id": "2161782349"}, {"created_at": "2022-04-26T20:02:22.000Z", "edit_history_tweet_ids": ["1519044232190832642"], "id": "1519044232190832642", "text": "RT @The__Grenouille: Do you want the new @twitter to reinstate previously banned accounts? In particular accounts that were silenced for th\u2026", "author_id": "21875147"}, {"created_at": "2022-04-26T19:58:50.000Z", "edit_history_tweet_ids": ["1519043343161909254"], "id": "1519043343161909254", "text": "RT @The__Grenouille: Do you want the new @twitter to reinstate previously banned accounts? In particular accounts that were silenced for th\u2026", "author_id": "710473981925658624"}, {"created_at": "2022-04-26T19:54:24.000Z", "edit_history_tweet_ids": ["1519042230916423680"], "id": "1519042230916423680", "text": "RT @The__Grenouille: Do you want the new @twitter to reinstate previously banned accounts? In particular accounts that were silenced for th\u2026", "author_id": "248145799"}, {"created_at": "2022-04-26T19:52:48.000Z", "edit_history_tweet_ids": ["1519041824459001856"], "id": "1519041824459001856", "text": "RT @The__Grenouille: Do you want the new @twitter to reinstate previously banned accounts? In particular accounts that were silenced for th\u2026", "author_id": "2505446184"}, {"created_at": "2022-04-26T19:50:31.000Z", "edit_history_tweet_ids": ["1519041250682458112"], "id": "1519041250682458112", "text": "RT @The__Grenouille: Do you want the new @twitter to reinstate previously banned accounts? In particular accounts that were silenced for th\u2026", "author_id": "2157216183"}, {"created_at": "2022-04-26T19:34:00.000Z", "edit_history_tweet_ids": ["1519037096601788417"], "id": "1519037096601788417", "text": "RT @The__Grenouille: Do you want the new @twitter to reinstate previously banned accounts? In particular accounts that were silenced for th\u2026", "author_id": "1130473645531443202"}, {"created_at": "2022-04-26T19:21:42.000Z", "edit_history_tweet_ids": ["1519033998361694211"], "id": "1519033998361694211", "text": "RT @The__Grenouille: Do you want the new @twitter to reinstate previously banned accounts? In particular accounts that were silenced for th\u2026", "author_id": "3127122100"}, {"created_at": "2022-04-26T19:19:20.000Z", "edit_history_tweet_ids": ["1519033405828128770"], "id": "1519033405828128770", "text": "RT @The__Grenouille: Do you want the new @twitter to reinstate previously banned accounts? In particular accounts that were silenced for th\u2026", "author_id": "1386026550970273798"}, {"created_at": "2022-04-26T19:17:58.000Z", "edit_history_tweet_ids": ["1519033062365016067"], "id": "1519033062365016067", "text": "RT @The__Grenouille: Do you want the new @twitter to reinstate previously banned accounts? In particular accounts that were silenced for th\u2026", "author_id": "1254366076055564288"}, {"created_at": "2022-04-26T19:15:58.000Z", "edit_history_tweet_ids": ["1519032557937078273"], "id": "1519032557937078273", "text": "RT @The__Grenouille: Do you want the new @twitter to reinstate previously banned accounts? In particular accounts that were silenced for th\u2026", "author_id": "3412728891"}, {"created_at": "2022-04-26T19:03:27.000Z", "edit_history_tweet_ids": ["1519029407226241033"], "id": "1519029407226241033", "text": "RT @The__Grenouille: Do you want the new @twitter to reinstate previously banned accounts? In particular accounts that were silenced for th\u2026", "author_id": "1356759806959312896"}, {"created_at": "2022-04-26T18:45:09.000Z", "edit_history_tweet_ids": ["1519024801964249092"], "id": "1519024801964249092", "text": "RT @The__Grenouille: Do you want the new @twitter to reinstate previously banned accounts? In particular accounts that were silenced for th\u2026", "author_id": "1235572879019958273"}, {"created_at": "2022-04-26T18:44:06.000Z", "edit_history_tweet_ids": ["1519024539405254656"], "id": "1519024539405254656", "text": "RT @The__Grenouille: Do you want the new @twitter to reinstate previously banned accounts? In particular accounts that were silenced for th\u2026", "author_id": "1492193329177579523"}, {"created_at": "2022-04-26T18:28:29.000Z", "edit_history_tweet_ids": ["1519020607656140800"], "id": "1519020607656140800", "text": "RT @The__Grenouille: Do you want the new @twitter to reinstate previously banned accounts? In particular accounts that were silenced for th\u2026", "author_id": "53724802"}, {"created_at": "2022-04-26T18:25:47.000Z", "edit_history_tweet_ids": ["1519019928254304256"], "id": "1519019928254304256", "text": "RT @The__Grenouille: Do you want the new @twitter to reinstate previously banned accounts? In particular accounts that were silenced for th\u2026", "author_id": "1334263254827274240"}, {"created_at": "2022-04-26T18:18:53.000Z", "edit_history_tweet_ids": ["1519018192441540608"], "id": "1519018192441540608", "text": "RT @The__Grenouille: Do you want the new @twitter to reinstate previously banned accounts? In particular accounts that were silenced for th\u2026", "author_id": "954399102414000128"}, {"created_at": "2022-04-26T18:03:47.000Z", "edit_history_tweet_ids": ["1519014393165783040"], "id": "1519014393165783040", "text": "RT @The__Grenouille: Do you want the new @twitter to reinstate previously banned accounts? In particular accounts that were silenced for th\u2026", "author_id": "1209438073"}, {"created_at": "2022-04-26T17:52:30.000Z", "edit_history_tweet_ids": ["1519011553927995396"], "id": "1519011553927995396", "text": "RT @The__Grenouille: Do you want the new @twitter to reinstate previously banned accounts? In particular accounts that were silenced for th\u2026", "author_id": "1277706790743015426"}, {"created_at": "2022-04-26T17:52:07.000Z", "edit_history_tweet_ids": ["1519011456259395591"], "id": "1519011456259395591", "text": "@bennyjohnson @elonmusk Tommy Robinson. Donald Trump. Both heroes.", "author_id": "1458866626321948675"}, {"created_at": "2022-04-26T17:41:11.000Z", "edit_history_tweet_ids": ["1519008703902535681"], "id": "1519008703902535681", "text": "RT @The__Grenouille: Do you want the new @twitter to reinstate previously banned accounts? In particular accounts that were silenced for th\u2026", "author_id": "846782284393041920"}, {"created_at": "2022-04-26T17:16:59.000Z", "edit_history_tweet_ids": ["1519002614318436352"], "id": "1519002614318436352", "text": "RT @The__Grenouille: Do you want the new @twitter to reinstate previously banned accounts? In particular accounts that were silenced for th\u2026", "author_id": "913777223894781952"}, {"created_at": "2022-04-26T17:12:30.000Z", "edit_history_tweet_ids": ["1519001487069831168"], "id": "1519001487069831168", "text": "Springfield Buick GMC Cadillac and Erik Robinson would like to personally say Thank You and Congratulate Jodi and Donald Greenwood on the purchase of their 2018 GMC Acadia. We Appreciate Your Business! https://t.co/osBVBunHG1", "author_id": "1286388212315951106"}, {"created_at": "2022-04-26T17:09:23.000Z", "edit_history_tweet_ids": ["1519000703108366336"], "id": "1519000703108366336", "text": "RT @The__Grenouille: Do you want the new @twitter to reinstate previously banned accounts? In particular accounts that were silenced for th\u2026", "author_id": "1340709557685919744"}], "meta": {"newest_id": "1519350309969092610", "oldest_id": "1519000703108366336", "result_count": 57, "next_token": "b26v89c19zqg8o3fpytoswr9enjt8aok2dr1r60opkj25"}}