{"data": [{"text": "Elon musk will allow Donald trump Tommy Robinson Kate Hopkins to come back on to twitter \n\nOnce the take over is done https://t.co/UZSE3YHCYn", "id": "1518626021255397376", "created_at": "2022-04-25T16:20:32.000Z", "author_id": "896132931252609024", "edit_history_tweet_ids": ["1518626021255397376"]}, {"text": "RT @AtlantaStu: Donald Trump, Tucker Carlson, Emerald Robinson, Babylon Bee, Alex Bernson, and anyone who dared to speak Truth to Power re:\u2026", "id": "1518586232950956032", "created_at": "2022-04-25T13:42:26.000Z", "author_id": "81670015", "edit_history_tweet_ids": ["1518586232950956032"]}, {"text": "Donald Trump, Tucker Carlson, Emerald Robinson, Babylon Bee, Alex Bernson, and anyone who dared to speak Truth to Power re: Covid. These are just the beginning of people who will soon be back on Twitter. Thank you Elon Musk https://t.co/oZ1OaZn42h", "id": "1518585844919148546", "created_at": "2022-04-25T13:40:54.000Z", "author_id": "64026057", "edit_history_tweet_ids": ["1518585844919148546"]}, {"text": "@hansmollman His Ruined nothing hopefully he brings back all the boys the Donald alex Jones tommy robinson and Katie Hopkins", "id": "1518577663354585089", "created_at": "2022-04-25T13:08:23.000Z", "author_id": "1129793362196946949", "edit_history_tweet_ids": ["1518577663354585089"]}, {"text": "RT @AtlantaStu: @Synchro2021 @elonmusk There are a LOT of people I want to see unsuspend on top of Donald Trump:\nTucker Carlson\nBabylon Bee\u2026", "id": "1518575587669037056", "created_at": "2022-04-25T13:00:08.000Z", "author_id": "1085411936", "edit_history_tweet_ids": ["1518575587669037056"]}, {"text": "@Synchro2021 @elonmusk There are a LOT of people I want to see unsuspend on top of Donald Trump:\nTucker Carlson\nBabylon Bee\nEmerald Robinson\nAlex Berenson, and everyone else who spoke the truth about Covid", "id": "1518573476524789760", "created_at": "2022-04-25T12:51:45.000Z", "author_id": "64026057", "edit_history_tweet_ids": ["1518573476524789760"]}, {"text": "RT @Redapples2021: @Ballislife Hilarious video of Dominique Wilkins &amp; Ron Harper telling the inside story of Robinson's 71 PTS. \n\n\"I've bee\u2026", "id": "1518563366930898945", "created_at": "2022-04-25T12:11:34.000Z", "author_id": "2363461430", "edit_history_tweet_ids": ["1518563366930898945"]}, {"text": "RT @Mickorua1: I'm amazed that Jo Coburn uses the Term Far Right around Le pen but not Nigel farage,Donald Trump,Tommy Robinson,Priti Patel\u2026", "id": "1518561179962064896", "created_at": "2022-04-25T12:02:53.000Z", "author_id": "511664774", "edit_history_tweet_ids": ["1518561179962064896"]}, {"text": "RT @Mickorua1: I'm amazed that Jo Coburn uses the Term Far Right around Le pen but not Nigel farage,Donald Trump,Tommy Robinson,Priti Patel\u2026", "id": "1518559467167797248", "created_at": "2022-04-25T11:56:05.000Z", "author_id": "2343582668", "edit_history_tweet_ids": ["1518559467167797248"]}, {"text": "RT @Mickorua1: I'm amazed that Jo Coburn uses the Term Far Right around Le pen but not Nigel farage,Donald Trump,Tommy Robinson,Priti Patel\u2026", "id": "1518554640991805440", "created_at": "2022-04-25T11:36:54.000Z", "author_id": "84349682", "edit_history_tweet_ids": ["1518554640991805440"]}, {"text": "I'm amazed that Jo Coburn uses the Term Far Right around Le pen but not Nigel farage,Donald Trump,Tommy Robinson,Priti Patel and Boris Johnson,yet the BBC often has a few of them on Political shows and News reports.\nWhat about that bbc clown reporter camped in Dover?#politicslive", "id": "1518554323709480962", "created_at": "2022-04-25T11:35:38.000Z", "author_id": "890229317871046656", "edit_history_tweet_ids": ["1518554323709480962"]}, {"text": "@chivoo42 NFC WEST:\n1 Donald\n2 Ramsey\n3 Kupp\n4 Robinson\n5 Havensein\n6 Fuller\n7 Edwards\n8 Noteboom\n9 Jones\n10 Gaines", "id": "1518446710564876288", "created_at": "2022-04-25T04:28:01.000Z", "author_id": "1408615035845308417", "edit_history_tweet_ids": ["1518446710564876288"]}, {"text": "RT @Redapples2021: @Ballislife Hilarious video of Dominique Wilkins &amp; Ron Harper telling the inside story of Robinson's 71 PTS. \n\n\"I've bee\u2026", "id": "1518311939251843073", "created_at": "2022-04-24T19:32:29.000Z", "author_id": "335904331", "edit_history_tweet_ids": ["1518311939251843073"]}, {"text": "@p_m_robinson \"investigators have found that Trump and at least 17 of his campaign officials and advisors had more than 100 contacts between Trump associates and Russians,\u00a0belying\u00a0the campaign\u2019s November 2016 claim ..\" https://t.co/nNPBaTqWh6", "id": "1518303158937829376", "created_at": "2022-04-24T18:57:36.000Z", "author_id": "178437090", "edit_history_tweet_ids": ["1518303158937829376"]}, {"text": "RT @Redapples2021: @Ballislife Hilarious video of Dominique Wilkins &amp; Ron Harper telling the inside story of Robinson's 71 PTS. \n\n\"I've bee\u2026", "id": "1518293752288145408", "created_at": "2022-04-24T18:20:13.000Z", "author_id": "141766115", "edit_history_tweet_ids": ["1518293752288145408"]}, {"text": "RT @Redapples2021: @Ballislife Hilarious video of Dominique Wilkins &amp; Ron Harper telling the inside story of Robinson's 71 PTS. \n\n\"I've bee\u2026", "id": "1518281820495925250", "created_at": "2022-04-24T17:32:48.000Z", "author_id": "212355308", "edit_history_tweet_ids": ["1518281820495925250"]}, {"text": "RT @Redapples2021: @Ballislife Hilarious video of Dominique Wilkins &amp; Ron Harper telling the inside story of Robinson's 71 PTS. \n\n\"I've bee\u2026", "id": "1518278781613617152", "created_at": "2022-04-24T17:20:44.000Z", "author_id": "60111050", "edit_history_tweet_ids": ["1518278781613617152"]}, {"text": "RT @Redapples2021: @Ballislife Hilarious video of Dominique Wilkins &amp; Ron Harper telling the inside story of Robinson's 71 PTS. \n\n\"I've bee\u2026", "id": "1518273527589220352", "created_at": "2022-04-24T16:59:51.000Z", "author_id": "3407651355", "edit_history_tweet_ids": ["1518273527589220352"]}, {"text": "RT @Redapples2021: @Ballislife Hilarious video of Dominique Wilkins &amp; Ron Harper telling the inside story of Robinson's 71 PTS. \n\n\"I've bee\u2026", "id": "1518272600966934528", "created_at": "2022-04-24T16:56:10.000Z", "author_id": "1120990289898897408", "edit_history_tweet_ids": ["1518272600966934528"]}, {"text": "RT @Redapples2021: @Ballislife Hilarious video of Dominique Wilkins &amp; Ron Harper telling the inside story of Robinson's 71 PTS. \n\n\"I've bee\u2026", "id": "1518270443689590784", "created_at": "2022-04-24T16:47:36.000Z", "author_id": "2937635836", "edit_history_tweet_ids": ["1518270443689590784"]}, {"text": "RT @Redapples2021: @Ballislife Hilarious video of Dominique Wilkins &amp; Ron Harper telling the inside story of Robinson's 71 PTS. \n\n\"I've bee\u2026", "id": "1518267783192195073", "created_at": "2022-04-24T16:37:02.000Z", "author_id": "31048041", "edit_history_tweet_ids": ["1518267783192195073"]}, {"text": "RT @Redapples2021: @Ballislife Hilarious video of Dominique Wilkins &amp; Ron Harper telling the inside story of Robinson's 71 PTS. \n\n\"I've bee\u2026", "id": "1518267465817460736", "created_at": "2022-04-24T16:35:46.000Z", "author_id": "122871849", "edit_history_tweet_ids": ["1518267465817460736"]}, {"text": "RT @Redapples2021: @Ballislife Hilarious video of Dominique Wilkins &amp; Ron Harper telling the inside story of Robinson's 71 PTS. \n\n\"I've bee\u2026", "id": "1518266858205368321", "created_at": "2022-04-24T16:33:21.000Z", "author_id": "3466841966", "edit_history_tweet_ids": ["1518266858205368321"]}, {"text": "RT @Redapples2021: @Ballislife Hilarious video of Dominique Wilkins &amp; Ron Harper telling the inside story of Robinson's 71 PTS. \n\n\"I've bee\u2026", "id": "1518266845924519936", "created_at": "2022-04-24T16:33:18.000Z", "author_id": "750805961531494400", "edit_history_tweet_ids": ["1518266845924519936"]}, {"text": "RT @Redapples2021: @Ballislife Hilarious video of Dominique Wilkins &amp; Ron Harper telling the inside story of Robinson's 71 PTS. \n\n\"I've bee\u2026", "id": "1518266777398124546", "created_at": "2022-04-24T16:33:02.000Z", "author_id": "131380968", "edit_history_tweet_ids": ["1518266777398124546"]}, {"text": "RT @Redapples2021: @Ballislife Hilarious video of Dominique Wilkins &amp; Ron Harper telling the inside story of Robinson's 71 PTS. \n\n\"I've bee\u2026", "id": "1518263238902923265", "created_at": "2022-04-24T16:18:58.000Z", "author_id": "1340740421610332161", "edit_history_tweet_ids": ["1518263238902923265"]}, {"text": "RT @el_albaluz: @JulianMaciasT @Sevilla_nah Vivo y coleando en el cuerpo de Steve Bannon. Enter sus  disc\u00edpulos figuran: Donald Trump, Bori\u2026", "id": "1518261508312023041", "created_at": "2022-04-24T16:12:06.000Z", "author_id": "2593191931", "edit_history_tweet_ids": ["1518261508312023041"]}, {"text": "RT @Redapples2021: @Ballislife Hilarious video of Dominique Wilkins &amp; Ron Harper telling the inside story of Robinson's 71 PTS. \n\n\"I've bee\u2026", "id": "1518260781543997440", "created_at": "2022-04-24T16:09:12.000Z", "author_id": "3024443138", "edit_history_tweet_ids": ["1518260781543997440"]}, {"text": "RT @Redapples2021: @Ballislife Hilarious video of Dominique Wilkins &amp; Ron Harper telling the inside story of Robinson's 71 PTS. \n\n\"I've bee\u2026", "id": "1518238068813217798", "created_at": "2022-04-24T14:38:57.000Z", "author_id": "1386282425358168065", "edit_history_tweet_ids": ["1518238068813217798"]}, {"text": "@Ballislife Hilarious video of Dominique Wilkins &amp; Ron Harper telling the inside story of Robinson's 71 PTS. \n\n\"I've been told to take the starting 5 out after the 1st 4 minutes...Donald Sterling wants to see David Robinson keep the scoring title in the West.\"\n\nGreat reactions by Shaq &amp; Deke https://t.co/sb11dkXRQ9", "id": "1518233258533732356", "created_at": "2022-04-24T14:19:50.000Z", "author_id": "35456948", "edit_history_tweet_ids": ["1518233258533732356"]}, {"text": "24 April 1982: the Rt Revd Donald William Bradley Robinson (1922-2018), Bishop of Parramatta, installed @SydneyCathedral as sixth Archbishop of Sydney (ninth diocesan). First born in NSW. #anglican @SydAnglicans #40years 98 years to the day after Alfred Barry. https://t.co/xGLHbve6wr", "id": "1518037638661681153", "created_at": "2022-04-24T01:22:31.000Z", "author_id": "2281683319", "edit_history_tweet_ids": ["1518037638661681153"]}, {"text": "Majority of the episodes were written by Donald Glover.  Like what do y'all be talking about man. Then his brother, then Stefani Robinson all black americans. https://t.co/SpoBtaJzuQ", "id": "1517896931489550336", "created_at": "2022-04-23T16:03:24.000Z", "author_id": "119642136", "edit_history_tweet_ids": ["1517896931489550336"]}, {"text": "RT @SuperBowlSanjit: Kyler doesn't wanna play for Arizona, Russ left Seattle, Deebo is leaving SF, while the Rams added Allen Robinson, Bob\u2026", "id": "1517884801742774274", "created_at": "2022-04-23T15:15:12.000Z", "author_id": "2330939400", "edit_history_tweet_ids": ["1517884801742774274"]}, {"text": "RT @LindellTVMedia: Emerald Robinson and Crissy Donald - It's time for arrests in Maricopa County\n\n#FrankSpeech #LindellTV #MyPillow #Polit\u2026", "id": "1517549977924481024", "created_at": "2022-04-22T17:04:44.000Z", "author_id": "854987977780588544", "edit_history_tweet_ids": ["1517549977924481024"]}, {"text": "RT @fermartinezlar: Cuartos de final @LUB_Uy\ud83c\udfc0\nUrup\u00e1n 1-0\n\n@urupanpando 92\n@ClubTrouvilleUY 84\n\nUrup\u00e1n:\nMart\u00edn Trelles @TrellesM14 26 pts, 3\u2026", "id": "1517493807301935108", "created_at": "2022-04-22T13:21:31.000Z", "author_id": "1326628999712411648", "edit_history_tweet_ids": ["1517493807301935108"]}, {"text": "RT @LindellTVMedia: Emerald Robinson and Crissy Donald - It's time for arrests in Maricopa County\n\n#FrankSpeech #LindellTV #MyPillow #Polit\u2026", "id": "1517452556531871744", "created_at": "2022-04-22T10:37:37.000Z", "author_id": "1327697750612447238", "edit_history_tweet_ids": ["1517452556531871744"]}, {"text": "*MISSING* since 8.30pm, 20th April 2022 (last seen in Fraser Town) , Bengaluru\n\nDonald Christopher \nAge 14 years\n\nPlease reach out to Patrick Robinson +919980795730\n\n#Missing \n\n@deepolice12 @srinualavilli @dhanyarajendran @prajwalmanipal \nPls help to share https://t.co/MimVBCz5xP", "id": "1517436690897326080", "created_at": "2022-04-22T09:34:34.000Z", "author_id": "4430676012", "edit_history_tweet_ids": ["1517436690897326080"]}, {"text": "RT @picalanaranja: #LUB @urupanpando puso la serie 1-0 al vencer 92-84 a @ClubTrouvilleUY.\nDescollante @TrellesM14 (26 puntos, 6/9 en tripl\u2026", "id": "1517429365130342400", "created_at": "2022-04-22T09:05:27.000Z", "author_id": "2308971044", "edit_history_tweet_ids": ["1517429365130342400"]}, {"text": "Por los Cuartos de final @LUB_Uy\n@urupanpando derrot\u00f3 a @ClubTrouvilleUY 92-84.Mart\u00edn Trelles @TrellesM14 26 pts,3 reb\nDonald Robinson 16 pts,7 asist\nZygimantas Riauka @Riauka 15 pts,6 reb\nSebasti\u00e1n Ottonello @SebaOttonello3 12 pts,10 reb.En Trouvillle\nMiles Bowman 34 pts,13 reb https://t.co/PPjVhGNzeh", "id": "1517295403447689216", "created_at": "2022-04-22T00:13:08.000Z", "author_id": "142423325", "edit_history_tweet_ids": ["1517295403447689216"]}, {"text": "Cuartos de final @LUB_Uy\ud83c\udfc0\nUrup\u00e1n 1-0\n\n@urupanpando 92\n@ClubTrouvilleUY 84\n\nUrup\u00e1n:\nMart\u00edn Trelles @TrellesM14 26 pts, 3 reb\nDonald Robinson 16 pts, 7 asist\nZygimantas @Riauka 15 pts, 6 reb\n@SebaOttonello3 12 pts, 10 reb\n\nTrouville:\nMiles Bowman 34 pts, 13 reb\nDwayne Davis 20 pts https://t.co/R5QNE7NKC1", "id": "1517293672173379585", "created_at": "2022-04-22T00:06:16.000Z", "author_id": "152098079", "edit_history_tweet_ids": ["1517293672173379585"]}, {"text": "URUPAN SE LLEV\u00d2 EL PRIMERO ANTE TROUVILLE - https://t.co/CTi0itYqUB\nUrupan 92 Trouville 84DestacaronEn Urupan: Martin Trelles 26 pts 3 reb, Donald Robinson 16 pts 5 as, Zygimantas Riauka 15 pts 6 reb, Sebastian Ottonello 12 pts 10 reb, Hern`\u00e0ndo Cac\u00e8res 9 pts 4 reb, \n\nEn Tro...", "id": "1517292944117665792", "created_at": "2022-04-22T00:03:22.000Z", "author_id": "164347365", "edit_history_tweet_ids": ["1517292944117665792"]}, {"text": "URUPAN SE LLEV\u00d2 EL PRIMERO ANTE TROUVILLE - https://t.co/CTi0itYqUB\nUrupan 92 Trouville 84DestacaronEn Urupan: Martin Trelles 26 pts 3 reb, Donald Robinson 16 pts 5 as, Zygimantas Riauka 15 pts 6 reb\n\nEn Trouville: Miles Bowman 34 pts 13 reb, Dwayne Davis 20 pts 4 reb 4 as", "id": "1517292603749945344", "created_at": "2022-04-22T00:02:01.000Z", "author_id": "164347365", "edit_history_tweet_ids": ["1517292603749945344"]}, {"text": "#LUB @urupanpando puso la serie 1-0 al vencer 92-84 a @ClubTrouvilleUY.\nDescollante @TrellesM14 (26 puntos, 6/9 en triples), soberbio segundo tiempo de Donald Robinson, quien puso sus 16 tantos en ese lapso.\nEl juego #2 va el lunes 21:30 hs.\n\ud83d\udcf8: @tenfieldoficial. https://t.co/NCaDJC8QPc", "id": "1517292438775164928", "created_at": "2022-04-22T00:01:21.000Z", "author_id": "1308878927637737473", "edit_history_tweet_ids": ["1517292438775164928"]}], "meta": {"newest_id": "1518626021255397376", "oldest_id": "1517292438775164928", "result_count": 43}}