{"data": [{"created_at": "2022-05-24T14:21:47.000Z", "id": "1529105381770899456", "author_id": "529555322", "edit_history_tweet_ids": ["1529105381770899456"], "text": "RT @PPdeBilbao: Esta noche nuestro compa\u00f1ero y concejal del @PPPortugalete Jos\u00e9 Ram\u00f3n Navarro @navarro_bedoya, participa en el debate pol\u00edt\u2026"}, {"created_at": "2022-05-24T14:19:08.000Z", "id": "1529104714872369158", "author_id": "465798661", "edit_history_tweet_ids": ["1529104714872369158"], "text": "RT @PPdeBilbao: Esta noche nuestro compa\u00f1ero y concejal del @PPPortugalete Jos\u00e9 Ram\u00f3n Navarro @navarro_bedoya, participa en el debate pol\u00edt\u2026"}, {"created_at": "2022-05-24T13:59:27.000Z", "id": "1529099762036887555", "author_id": "1020644080525692928", "edit_history_tweet_ids": ["1529099762036887555"], "text": "RT @PPdeBilbao: Esta noche nuestro compa\u00f1ero y concejal del @PPPortugalete Jos\u00e9 Ram\u00f3n Navarro @navarro_bedoya, participa en el debate pol\u00edt\u2026"}, {"created_at": "2022-05-24T13:50:46.000Z", "id": "1529097577446182915", "author_id": "2240681125", "edit_history_tweet_ids": ["1529097577446182915"], "text": "Esta noche nuestro compa\u00f1ero y concejal del @PPPortugalete Jos\u00e9 Ram\u00f3n Navarro @navarro_bedoya, participa en el debate pol\u00edtico de @LaKapitalTB en @TeleBilbao\n\nS\u00edguelo en directo \ud83d\udc47\nhttps://t.co/OWBBn9PCVO\n\n\ud83d\uddd3\ufe0f Hoy, martes 24 de mayo\n\ud83d\udd59 22:00 horas\n\ud83d\udcfa Tele Bilbao https://t.co/BzAEacodf7"}, {"created_at": "2022-05-24T09:58:07.000Z", "id": "1529039028233830400", "author_id": "142220792", "edit_history_tweet_ids": ["1529039028233830400"], "text": "Ram\u00f3n Colillas, Mario Navarro y elneok pelearon tres podios en la resaca del domingo del SCOOP.\n\nhttps://t.co/PAu9lq7UFN"}, {"created_at": "2022-05-24T09:32:49.000Z", "id": "1529032663411179522", "author_id": "34566351", "edit_history_tweet_ids": ["1529032663411179522"], "text": "\ud83d\udd25 Ram\u00f3n Colillas y Mario Navarro rozan el doblete en el SCOOP\n\n\ud83d\udc4f El catal\u00e1n lograba un \ud83e\udd49 valorado en 65.120$ en el 66-H, mientras Mario era \ud83e\udd48 por 28.043$ en el 64-H.\n\n\u2600\ufe0f Junto a ellos brillaba Miguel \"elneok\", que sumaba 33.018$ gracias a dos\ud83e\udd48 \n\nhttps://t.co/xVDk3pAMiV https://t.co/vv1y41zMLN"}, {"created_at": "2022-05-24T07:00:14.000Z", "id": "1528994264469934080", "author_id": "251347448", "edit_history_tweet_ids": ["1528994264469934080"], "text": "RT @abc_es: \ud83d\udd34 Garz\u00f3n propone \u00abmenos carne y productos l\u00e1cteos\u00bb para reducir la huella de consumo en Espa\u00f1a https://t.co/GJMh2PQ2Tn Informa\u2026"}, {"created_at": "2022-05-24T03:10:02.000Z", "id": "1528936333003169792", "author_id": "158961162", "edit_history_tweet_ids": ["1528936333003169792"], "text": "Sanuk: Split Screen Radness w/ Paige ...\n \nhttps://t.co/IGuqdAzrOG\n \n#Chiba #ChibaDestinations #ChibaTour #ChibaTravel #ChibaTrip https://t.co/Pb8aFiJrnQ"}, {"created_at": "2022-05-23T12:07:57.000Z", "id": "1528709317301522433", "author_id": "148297194", "edit_history_tweet_ids": ["1528709317301522433"], "text": "@VLorente_5 @chaviladaga @Nestor_Perez_ @UteboFC @QHyTR @ZaragozaCFF @Cristiansv_ @pablobarrantes @costa_el21 \ud83d\udcfb\ud83d\udcfb #Arag\u00f3nDeporteTeruel 14:40 || Este lunes @Lara95_ nos acerca:\n\n\u27a1\ufe0fDeclaraciones de V\u00edctor Bravo y Ram\u00f3n Navarro, entrenador y presidente del @TeruelCd, valorando el sorteo de la fase de ascenso a #PrimeraRFEF\n\u27a1\ufe0fCharla con Daniel Gonz\u00e1lez, entrenador del @cfcalamocha https://t.co/eq4Cx911OX"}, {"created_at": "2022-05-22T17:32:04.000Z", "id": "1528428495780491264", "author_id": "1340939466", "edit_history_tweet_ids": ["1528428495780491264"], "text": "@GuillermitoGA Sporting Cristal 1977: De pie; Alfredo Quezada, Eleazar Soria, Jos\u00e8 Navarro, Fernando Mellan, Hector Chumpitaz, Ram\u00f3n Quiroga. Hincados; Roberto Mosquera, Raul Gorriti, Percy Rojas, Enrique Camacho y Oswaldo Ramires. https://t.co/U9dBvoOYde"}, {"created_at": "2022-05-22T17:25:31.000Z", "id": "1528426844390711296", "author_id": "1340939466", "edit_history_tweet_ids": ["1528426844390711296"], "text": "Sporting Cristal 1977: De pie; Alfredo Quezada, Eleazar Soria, Jos\u00e8 Navarro, Fernando Mellan, Hector Chumpitaz, Ram\u00f3n Quiroga. Hincados; Roberto Mosquera, Raul Gorriti, Percy Rojas, Enrique Camacho y Oswaldo Ramires. https://t.co/bzmPf5kQYW"}, {"created_at": "2022-05-21T15:18:21.000Z", "id": "1528032456783314944", "author_id": "835877091962937345", "edit_history_tweet_ids": ["1528032456783314944"], "text": "RT @abc_es: \ud83d\udd34 Garz\u00f3n propone \u00abmenos carne y productos l\u00e1cteos\u00bb para reducir la huella de consumo en Espa\u00f1a https://t.co/GJMh2PQ2Tn Informa\u2026"}, {"created_at": "2022-05-21T13:00:42.000Z", "id": "1527997814151651328", "author_id": "766331065887850496", "edit_history_tweet_ids": ["1527997814151651328"], "text": "RT @AlejandraRomo21: As\u00ed estuvo, muy bien, representado M\u00e9xico \ud83c\uddf2\ud83c\uddfd\u26f9\ud83c\udffb\u200d\u2640\ufe0f\u26f9\ud83c\udffb\u200d\u2642\ufe0f en el Basketball Without Boders Americas #FIBA #NBA #BWB \n\nAram\u2026"}, {"created_at": "2022-05-21T12:18:53.000Z", "id": "1527987292647866368", "author_id": "4520818702", "edit_history_tweet_ids": ["1527987292647866368"], "text": "RT @abc_es: \ud83d\udd34 Garz\u00f3n propone \u00abmenos carne y productos l\u00e1cteos\u00bb para reducir la huella de consumo en Espa\u00f1a https://t.co/GJMh2PQ2Tn Informa\u2026"}, {"created_at": "2022-05-21T09:16:06.000Z", "id": "1527941291052507137", "author_id": "719594871053492225", "edit_history_tweet_ids": ["1527941291052507137"], "text": "RT @abc_es: \ud83d\udd34 Garz\u00f3n propone \u00abmenos carne y productos l\u00e1cteos\u00bb para reducir la huella de consumo en Espa\u00f1a https://t.co/GJMh2PQ2Tn Informa\u2026"}, {"created_at": "2022-05-21T08:39:42.000Z", "id": "1527932130159996929", "author_id": "956058283", "edit_history_tweet_ids": ["1527932130159996929"], "text": "RT @abc_es: \ud83d\udd34 Garz\u00f3n propone \u00abmenos carne y productos l\u00e1cteos\u00bb para reducir la huella de consumo en Espa\u00f1a https://t.co/GJMh2PQ2Tn Informa\u2026"}, {"created_at": "2022-05-21T06:25:16.000Z", "id": "1527898300090925056", "author_id": "2161531012", "edit_history_tweet_ids": ["1527898300090925056"], "text": "RT @abc_es: \ud83d\udd34 Garz\u00f3n propone \u00abmenos carne y productos l\u00e1cteos\u00bb para reducir la huella de consumo en Espa\u00f1a https://t.co/GJMh2PQ2Tn Informa\u2026"}, {"created_at": "2022-05-21T05:51:58.000Z", "id": "1527889919246585856", "author_id": "925061838898855937", "edit_history_tweet_ids": ["1527889919246585856"], "text": "RT @abc_es: \ud83d\udd34 Garz\u00f3n propone \u00abmenos carne y productos l\u00e1cteos\u00bb para reducir la huella de consumo en Espa\u00f1a https://t.co/GJMh2PQ2Tn Informa\u2026"}, {"created_at": "2022-05-21T02:53:12.000Z", "id": "1527844932588666880", "author_id": "1063475536457056256", "edit_history_tweet_ids": ["1527844932588666880"], "text": "RT @AlejandraRomo21: As\u00ed estuvo, muy bien, representado M\u00e9xico \ud83c\uddf2\ud83c\uddfd\u26f9\ud83c\udffb\u200d\u2640\ufe0f\u26f9\ud83c\udffb\u200d\u2642\ufe0f en el Basketball Without Boders Americas #FIBA #NBA #BWB \n\nAram\u2026"}, {"created_at": "2022-05-21T02:08:08.000Z", "id": "1527833592960897024", "author_id": "222367037", "edit_history_tweet_ids": ["1527833592960897024"], "text": "RT @AlejandraRomo21: As\u00ed estuvo, muy bien, representado M\u00e9xico \ud83c\uddf2\ud83c\uddfd\u26f9\ud83c\udffb\u200d\u2640\ufe0f\u26f9\ud83c\udffb\u200d\u2642\ufe0f en el Basketball Without Boders Americas #FIBA #NBA #BWB \n\nAram\u2026"}, {"created_at": "2022-05-21T02:05:31.000Z", "id": "1527832933184200712", "author_id": "400199381", "edit_history_tweet_ids": ["1527832933184200712"], "text": "As\u00ed estuvo, muy bien, representado M\u00e9xico \ud83c\uddf2\ud83c\uddfd\u26f9\ud83c\udffb\u200d\u2640\ufe0f\u26f9\ud83c\udffb\u200d\u2642\ufe0f en el Basketball Without Boders Americas #FIBA #NBA #BWB \n\nAram Soqui, Alex Castro, Gizel Navarro, Regina Y\u00e1\u00f1ez, Daniela Mendoza, Santiago Camacho, Valeria Flores, Erica Carr, Dana Ram\u00f3n, Gualberto Landavazo y Diego Mart\u00ednez. https://t.co/z5b9uVuqdQ"}, {"created_at": "2022-05-21T01:55:19.000Z", "id": "1527830363552518146", "author_id": "1390624150503399424", "edit_history_tweet_ids": ["1527830363552518146"], "text": "The wonderful Ramon Navarro, mostly silent star of old Hollywood. Original Ben Hur. Tremendous actor.  #ramonnovarro #Hollywood #oldmovies #benhur #gay #cinema #design #interiordesign #fashion #architecture #murder #Trending #style #artdeco #elegant \nhttps://t.co/59zwteNn72 https://t.co/Az68cuxBEL"}, {"created_at": "2022-05-21T00:04:01.000Z", "id": "1527802357454716929", "author_id": "8314412", "edit_history_tweet_ids": ["1527802357454716929"], "text": "RT @abc_es: \ud83d\udd34 Garz\u00f3n propone \u00abmenos carne y productos l\u00e1cteos\u00bb para reducir la huella de consumo en Espa\u00f1a https://t.co/GJMh2PQ2Tn Informa\u2026"}, {"created_at": "2022-05-20T21:55:42.000Z", "id": "1527770062496665603", "author_id": "267792043", "edit_history_tweet_ids": ["1527770062496665603"], "text": "RT @abc_es: \ud83d\udd34 Garz\u00f3n propone \u00abmenos carne y productos l\u00e1cteos\u00bb para reducir la huella de consumo en Espa\u00f1a https://t.co/GJMh2PQ2Tn Informa\u2026"}, {"created_at": "2022-05-20T20:46:07.000Z", "id": "1527752553089343488", "author_id": "3188167888", "edit_history_tweet_ids": ["1527752553089343488"], "text": "RT @abc_es: \ud83d\udd34 Garz\u00f3n propone \u00abmenos carne y productos l\u00e1cteos\u00bb para reducir la huella de consumo en Espa\u00f1a https://t.co/GJMh2PQ2Tn Informa\u2026"}, {"created_at": "2022-05-20T20:36:46.000Z", "id": "1527750199921328128", "author_id": "4892178136", "edit_history_tweet_ids": ["1527750199921328128"], "text": "RT @abc_es: \ud83d\udd34 Garz\u00f3n propone \u00abmenos carne y productos l\u00e1cteos\u00bb para reducir la huella de consumo en Espa\u00f1a https://t.co/GJMh2PQ2Tn Informa\u2026"}, {"created_at": "2022-05-20T20:32:56.000Z", "id": "1527749237102022657", "author_id": "1385691280886411269", "edit_history_tweet_ids": ["1527749237102022657"], "text": "RT @abc_es: \ud83d\udd34 Garz\u00f3n propone \u00abmenos carne y productos l\u00e1cteos\u00bb para reducir la huella de consumo en Espa\u00f1a https://t.co/GJMh2PQ2Tn Informa\u2026"}, {"created_at": "2022-05-20T20:31:43.000Z", "id": "1527748928111779840", "author_id": "1854366840", "edit_history_tweet_ids": ["1527748928111779840"], "text": "RT @abc_es: \ud83d\udd34 Garz\u00f3n propone \u00abmenos carne y productos l\u00e1cteos\u00bb para reducir la huella de consumo en Espa\u00f1a https://t.co/GJMh2PQ2Tn Informa\u2026"}, {"created_at": "2022-05-20T18:38:04.000Z", "id": "1527720325869408262", "author_id": "900714383642431488", "edit_history_tweet_ids": ["1527720325869408262"], "text": "RT @abc_es: \ud83d\udd34 Garz\u00f3n propone \u00abmenos carne y productos l\u00e1cteos\u00bb para reducir la huella de consumo en Espa\u00f1a https://t.co/GJMh2PQ2Tn Informa\u2026"}, {"created_at": "2022-05-20T18:25:44.000Z", "id": "1527717224299089921", "author_id": "1511347210763616267", "edit_history_tweet_ids": ["1527717224299089921"], "text": "RT @abc_es: \ud83d\udd34 Garz\u00f3n propone \u00abmenos carne y productos l\u00e1cteos\u00bb para reducir la huella de consumo en Espa\u00f1a https://t.co/GJMh2PQ2Tn Informa\u2026"}, {"created_at": "2022-05-20T16:49:25.000Z", "id": "1527692984858337282", "author_id": "1477632710294360066", "edit_history_tweet_ids": ["1527692984858337282"], "text": "RT @abc_es: \ud83d\udd34 Garz\u00f3n propone \u00abmenos carne y productos l\u00e1cteos\u00bb para reducir la huella de consumo en Espa\u00f1a https://t.co/GJMh2PQ2Tn Informa\u2026"}, {"created_at": "2022-05-20T16:46:10.000Z", "id": "1527692168533524480", "author_id": "823006973465595908", "edit_history_tweet_ids": ["1527692168533524480"], "text": "RT @abc_es: \ud83d\udd34 Garz\u00f3n propone \u00abmenos carne y productos l\u00e1cteos\u00bb para reducir la huella de consumo en Espa\u00f1a https://t.co/GJMh2PQ2Tn Informa\u2026"}, {"created_at": "2022-05-20T16:31:43.000Z", "id": "1527688529702174729", "author_id": "174711366", "edit_history_tweet_ids": ["1527688529702174729"], "text": "RT @abc_es: \ud83d\udd34 Garz\u00f3n propone \u00abmenos carne y productos l\u00e1cteos\u00bb para reducir la huella de consumo en Espa\u00f1a https://t.co/GJMh2PQ2Tn Informa\u2026"}, {"created_at": "2022-05-20T16:30:56.000Z", "id": "1527688334977425410", "author_id": "1067949804737781760", "edit_history_tweet_ids": ["1527688334977425410"], "text": "RT @abc_es: \ud83d\udd34 Garz\u00f3n propone \u00abmenos carne y productos l\u00e1cteos\u00bb para reducir la huella de consumo en Espa\u00f1a https://t.co/GJMh2PQ2Tn Informa\u2026"}, {"created_at": "2022-05-20T16:29:19.000Z", "id": "1527687925793599488", "author_id": "21593761", "edit_history_tweet_ids": ["1527687925793599488"], "text": "RT @Drednm: The ghosts from MGM's greatest era. Clark Gable, Wallace Beery, William Haines, Joan Crawford, Norma Shearer, Marion Davies, Ma\u2026"}, {"created_at": "2022-05-20T15:55:40.000Z", "id": "1527679458571870209", "author_id": "877891385155878912", "edit_history_tweet_ids": ["1527679458571870209"], "text": "RT @abc_es: \ud83d\udd34 Garz\u00f3n propone \u00abmenos carne y productos l\u00e1cteos\u00bb para reducir la huella de consumo en Espa\u00f1a https://t.co/GJMh2PQ2Tn Informa\u2026"}, {"created_at": "2022-05-20T15:52:02.000Z", "id": "1527678544637214720", "author_id": "3323196071", "edit_history_tweet_ids": ["1527678544637214720"], "text": "RT @abc_es: \ud83d\udd34 Garz\u00f3n propone \u00abmenos carne y productos l\u00e1cteos\u00bb para reducir la huella de consumo en Espa\u00f1a https://t.co/GJMh2PQ2Tn Informa\u2026"}, {"created_at": "2022-05-20T15:42:57.000Z", "id": "1527676257990746113", "author_id": "534042878", "edit_history_tweet_ids": ["1527676257990746113"], "text": "RT @abc_es: \ud83d\udd34 Garz\u00f3n propone \u00abmenos carne y productos l\u00e1cteos\u00bb para reducir la huella de consumo en Espa\u00f1a https://t.co/GJMh2PQ2Tn Informa\u2026"}, {"created_at": "2022-05-20T14:37:29.000Z", "id": "1527659782202695682", "author_id": "1504914134852321291", "edit_history_tweet_ids": ["1527659782202695682"], "text": "RT @abc_es: \ud83d\udd34 Garz\u00f3n propone \u00abmenos carne y productos l\u00e1cteos\u00bb para reducir la huella de consumo en Espa\u00f1a https://t.co/GJMh2PQ2Tn Informa\u2026"}, {"created_at": "2022-05-20T14:34:34.000Z", "id": "1527659050149859330", "author_id": "414274629", "edit_history_tweet_ids": ["1527659050149859330"], "text": "RT @abc_es: \ud83d\udd34 Garz\u00f3n propone \u00abmenos carne y productos l\u00e1cteos\u00bb para reducir la huella de consumo en Espa\u00f1a https://t.co/GJMh2PQ2Tn Informa\u2026"}, {"created_at": "2022-05-20T14:21:34.000Z", "id": "1527655778156429313", "author_id": "1440363981009403912", "edit_history_tweet_ids": ["1527655778156429313"], "text": "RT @rsv952fm: Aqu\u00ed pod\u00e9is escuchar o descargar el 'Puntos de Vista' con Asun Par\u00eds @psoeraspeig, Pachi Pascual @Cs_SanVicente, \u00d3scar Lillo\u2026"}, {"created_at": "2022-05-20T14:20:49.000Z", "id": "1527655587508543489", "author_id": "1689686448", "edit_history_tweet_ids": ["1527655587508543489"], "text": "RT @abc_es: \ud83d\udd34 Garz\u00f3n propone \u00abmenos carne y productos l\u00e1cteos\u00bb para reducir la huella de consumo en Espa\u00f1a https://t.co/GJMh2PQ2Tn Informa\u2026"}, {"created_at": "2022-05-20T14:08:41.000Z", "id": "1527652535003136000", "author_id": "1255237684869693442", "edit_history_tweet_ids": ["1527652535003136000"], "text": "RT @abc_es: \ud83d\udd34 Garz\u00f3n propone \u00abmenos carne y productos l\u00e1cteos\u00bb para reducir la huella de consumo en Espa\u00f1a https://t.co/GJMh2PQ2Tn Informa\u2026"}, {"created_at": "2022-05-20T14:04:27.000Z", "id": "1527651469662597121", "author_id": "1214164388086607872", "edit_history_tweet_ids": ["1527651469662597121"], "text": "RT @abc_es: \ud83d\udd34 Garz\u00f3n propone \u00abmenos carne y productos l\u00e1cteos\u00bb para reducir la huella de consumo en Espa\u00f1a https://t.co/GJMh2PQ2Tn Informa\u2026"}, {"created_at": "2022-05-20T13:55:33.000Z", "id": "1527649231699337220", "author_id": "567967844", "edit_history_tweet_ids": ["1527649231699337220"], "text": "RT @abc_es: \ud83d\udd34 Garz\u00f3n propone \u00abmenos carne y productos l\u00e1cteos\u00bb para reducir la huella de consumo en Espa\u00f1a https://t.co/GJMh2PQ2Tn Informa\u2026"}, {"created_at": "2022-05-20T13:44:15.000Z", "id": "1527646384475848704", "author_id": "941818984776728577", "edit_history_tweet_ids": ["1527646384475848704"], "text": "RT @abc_es: \ud83d\udd34 Garz\u00f3n propone \u00abmenos carne y productos l\u00e1cteos\u00bb para reducir la huella de consumo en Espa\u00f1a https://t.co/GJMh2PQ2Tn Informa\u2026"}, {"created_at": "2022-05-20T13:41:18.000Z", "id": "1527645644927770625", "author_id": "365285863", "edit_history_tweet_ids": ["1527645644927770625"], "text": "RT @abc_es: \ud83d\udd34 Garz\u00f3n propone \u00abmenos carne y productos l\u00e1cteos\u00bb para reducir la huella de consumo en Espa\u00f1a https://t.co/GJMh2PQ2Tn Informa\u2026"}, {"created_at": "2022-05-20T13:21:33.000Z", "id": "1527640672936812544", "author_id": "982366752532320256", "edit_history_tweet_ids": ["1527640672936812544"], "text": "RT @abc_es: \ud83d\udd34 Garz\u00f3n propone \u00abmenos carne y productos l\u00e1cteos\u00bb para reducir la huella de consumo en Espa\u00f1a https://t.co/GJMh2PQ2Tn Informa\u2026"}, {"created_at": "2022-05-20T13:15:12.000Z", "id": "1527639075578068994", "author_id": "545273899", "edit_history_tweet_ids": ["1527639075578068994"], "text": "RT @abc_es: \ud83d\udd34 Garz\u00f3n propone \u00abmenos carne y productos l\u00e1cteos\u00bb para reducir la huella de consumo en Espa\u00f1a https://t.co/GJMh2PQ2Tn Informa\u2026"}, {"created_at": "2022-05-20T12:59:28.000Z", "id": "1527635117434347523", "author_id": "2271561669", "edit_history_tweet_ids": ["1527635117434347523"], "text": "RT @abc_es: \ud83d\udd34 Garz\u00f3n propone \u00abmenos carne y productos l\u00e1cteos\u00bb para reducir la huella de consumo en Espa\u00f1a https://t.co/GJMh2PQ2Tn Informa\u2026"}, {"created_at": "2022-05-20T12:55:38.000Z", "id": "1527634151314280448", "author_id": "1339277574581706756", "edit_history_tweet_ids": ["1527634151314280448"], "text": "RT @fiscal_es: Toma de posesi\u00f3n de Rosa Ana Mor\u00e1n como Fiscal de Sala Jefa de la Fiscal\u00eda Especial #Antidroga. El acto ha estado presidido\u2026"}, {"created_at": "2022-05-20T12:35:06.000Z", "id": "1527628982585331712", "author_id": "1461429014808125441", "edit_history_tweet_ids": ["1527628982585331712"], "text": "@hazelflag Ramon Navarro"}, {"created_at": "2022-05-20T12:33:32.000Z", "id": "1527628589692342273", "author_id": "584882199", "edit_history_tweet_ids": ["1527628589692342273"], "text": "RT @abc_es: \ud83d\udd34 Garz\u00f3n propone \u00abmenos carne y productos l\u00e1cteos\u00bb para reducir la huella de consumo en Espa\u00f1a https://t.co/GJMh2PQ2Tn Informa\u2026"}, {"created_at": "2022-05-20T12:03:11.000Z", "id": "1527620950753165312", "author_id": "357584516", "edit_history_tweet_ids": ["1527620950753165312"], "text": "RT @abc_es: \ud83d\udd34 Garz\u00f3n propone \u00abmenos carne y productos l\u00e1cteos\u00bb para reducir la huella de consumo en Espa\u00f1a https://t.co/GJMh2PQ2Tn Informa\u2026"}, {"created_at": "2022-05-20T11:57:21.000Z", "id": "1527619483472482306", "author_id": "2768338400", "edit_history_tweet_ids": ["1527619483472482306"], "text": "RT @abc_es: \ud83d\udd34 Garz\u00f3n propone \u00abmenos carne y productos l\u00e1cteos\u00bb para reducir la huella de consumo en Espa\u00f1a https://t.co/GJMh2PQ2Tn Informa\u2026"}, {"created_at": "2022-05-20T11:49:26.000Z", "id": "1527617491974860801", "author_id": "1501337805414412289", "edit_history_tweet_ids": ["1527617491974860801"], "text": "RT @abc_es: \ud83d\udd34 Garz\u00f3n propone \u00abmenos carne y productos l\u00e1cteos\u00bb para reducir la huella de consumo en Espa\u00f1a https://t.co/GJMh2PQ2Tn Informa\u2026"}, {"created_at": "2022-05-20T11:47:57.000Z", "id": "1527617119881416705", "author_id": "234374457", "edit_history_tweet_ids": ["1527617119881416705"], "text": "RT @abc_es: \ud83d\udd34 Garz\u00f3n propone \u00abmenos carne y productos l\u00e1cteos\u00bb para reducir la huella de consumo en Espa\u00f1a https://t.co/GJMh2PQ2Tn Informa\u2026"}, {"created_at": "2022-05-20T11:42:07.000Z", "id": "1527615649979125760", "author_id": "989199145440333830", "edit_history_tweet_ids": ["1527615649979125760"], "text": "RT @abc_es: \ud83d\udd34 Garz\u00f3n propone \u00abmenos carne y productos l\u00e1cteos\u00bb para reducir la huella de consumo en Espa\u00f1a https://t.co/GJMh2PQ2Tn Informa\u2026"}, {"created_at": "2022-05-20T11:40:49.000Z", "id": "1527615323414855684", "author_id": "2714777790", "edit_history_tweet_ids": ["1527615323414855684"], "text": "RT @abc_es: \ud83d\udd34 Garz\u00f3n propone \u00abmenos carne y productos l\u00e1cteos\u00bb para reducir la huella de consumo en Espa\u00f1a https://t.co/GJMh2PQ2Tn Informa\u2026"}, {"created_at": "2022-05-20T11:39:22.000Z", "id": "1527614960225984512", "author_id": "459202451", "edit_history_tweet_ids": ["1527614960225984512"], "text": "RT @abc_es: \ud83d\udd34 Garz\u00f3n propone \u00abmenos carne y productos l\u00e1cteos\u00bb para reducir la huella de consumo en Espa\u00f1a https://t.co/GJMh2PQ2Tn Informa\u2026"}, {"created_at": "2022-05-20T11:35:01.000Z", "id": "1527613865126772738", "author_id": "19923515", "edit_history_tweet_ids": ["1527613865126772738"], "text": "\ud83d\udd34 Garz\u00f3n propone \u00abmenos carne y productos l\u00e1cteos\u00bb para reducir la huella de consumo en Espa\u00f1a https://t.co/GJMh2PQ2Tn Informa Jos\u00e9 Ram\u00f3n Navarro-Pareja"}, {"created_at": "2022-05-20T10:34:04.000Z", "id": "1527598523885268992", "author_id": "372245384", "edit_history_tweet_ids": ["1527598523885268992"], "text": "\ud83d\udd34 DIRECTO | Turismo de experiencia, la naturaleza como escenario\n\nEneko Egiguren, presidente Junta del Roncal\n\nJos\u00e9 Mar\u00eda Agramonte @BardenasRN \n\nIv\u00e1n L\u00f3pez-Barco @caudalia \n\nRam\u00f3n Navarro, Hotel Beragu, Gallipienzo Viejo\n\n#SEREspa\u00f1aDespoblada \n\n\ud83d\udc49 https://t.co/FdvrF0vKVZ https://t.co/8z3zG4NDZs"}, {"created_at": "2022-05-20T10:27:41.000Z", "id": "1527596918557265920", "author_id": "998799077755248640", "edit_history_tweet_ids": ["1527596918557265920"], "text": "Aqu\u00ed pod\u00e9is escuchar o descargar el 'Puntos de Vista' con Asun Par\u00eds @psoeraspeig, Pachi Pascual @Cs_SanVicente, \u00d3scar Lillo @SanVicentePP, Alberto Bevi\u00e1 @EURaspeig, Adri\u00e1n Garc\u00eda @vox_sanvicente, David Navarro @podemos_sv y Ramon Leyda @compromis_stvic \n\nhttps://t.co/1YW5PNuh2P https://t.co/UMfKa2C8AI"}, {"created_at": "2022-05-19T23:37:15.000Z", "id": "1527433230110146580", "author_id": "841075823713124352", "edit_history_tweet_ids": ["1527433230110146580"], "text": "RT @fiscal_es: Toma de posesi\u00f3n de Rosa Ana Mor\u00e1n como Fiscal de Sala Jefa de la Fiscal\u00eda Especial #Antidroga. El acto ha estado presidido\u2026"}, {"created_at": "2022-05-19T19:47:50.000Z", "id": "1527375499147681792", "author_id": "978257435579346944", "edit_history_tweet_ids": ["1527375499147681792"], "text": "@RicardoGonDuq @sergio_fajardo @JERobledo @CristoBustos Siiii,  y Navarro, Mockus, Ramon. Creo que con 16 a\u00f1os intentandolo es suficiente"}, {"created_at": "2022-05-19T16:11:25.000Z", "id": "1527321032327327746", "author_id": "855861590301790208", "edit_history_tweet_ids": ["1527321032327327746"], "text": "RT @fiscal_es: Toma de posesi\u00f3n de Rosa Ana Mor\u00e1n como Fiscal de Sala Jefa de la Fiscal\u00eda Especial #Antidroga. El acto ha estado presidido\u2026"}, {"created_at": "2022-05-19T15:53:27.000Z", "id": "1527316511534501888", "author_id": "1248656822", "edit_history_tweet_ids": ["1527316511534501888"], "text": "RT @PublicacionesUA: Estamos en la presentaci\u00f3n del libro en @UA_Universidad @SedeAlicante_UA de la calle San Fernando en #Alicante \n\ud83d\udcdaDe la\u2026"}, {"created_at": "2022-05-19T15:49:21.000Z", "id": "1527315480201302016", "author_id": "1225073646185721856", "edit_history_tweet_ids": ["1527315480201302016"], "text": "RT @PublicacionesUA: Estamos en la presentaci\u00f3n del libro en @UA_Universidad @SedeAlicante_UA de la calle San Fernando en #Alicante \n\ud83d\udcdaDe la\u2026"}, {"created_at": "2022-05-19T13:53:37.000Z", "id": "1527286354576453633", "author_id": "4255613157", "edit_history_tweet_ids": ["1527286354576453633"], "text": "RT @fiscal_es: Toma de posesi\u00f3n de Rosa Ana Mor\u00e1n como Fiscal de Sala Jefa de la Fiscal\u00eda Especial #Antidroga. El acto ha estado presidido\u2026"}, {"created_at": "2022-05-19T13:04:10.000Z", "id": "1527273913243377665", "author_id": "1457817405263056898", "edit_history_tweet_ids": ["1527273913243377665"], "text": "RT @fiscal_es: Toma de posesi\u00f3n de Rosa Ana Mor\u00e1n como Fiscal de Sala Jefa de la Fiscal\u00eda Especial #Antidroga. El acto ha estado presidido\u2026"}, {"created_at": "2022-05-19T12:39:35.000Z", "id": "1527267725705465857", "author_id": "969654082901299202", "edit_history_tweet_ids": ["1527267725705465857"], "text": "Toma de posesi\u00f3n de Rosa Ana Mor\u00e1n como Fiscal de Sala Jefa de la Fiscal\u00eda Especial #Antidroga. El acto ha estado presidido por M\u00aa \u00c1ngeles S\u00e1nchez, Teniente Fiscal del Tribunal Supremo y Jos\u00e9 Ram\u00f3n Navarro, presidente de la Audiencia Nacional.\n\n\ud83d\udd17https://t.co/oBj9z1UIZ3 https://t.co/RyZcPg1qI7"}, {"created_at": "2022-05-18T21:15:31.000Z", "id": "1527035176026525696", "author_id": "790882831035662336", "edit_history_tweet_ids": ["1527035176026525696"], "text": "RT @zoidoJI: Un d\u00eda como hoy, ETA asesin\u00f3 a los guardias civiles Francisco Puig y Francisco Ram\u00f3n Ruiz en Goiuzeta, al cabo primero de la P\u2026"}, {"created_at": "2022-05-18T19:50:03.000Z", "id": "1527013668164091904", "author_id": "2853499246", "edit_history_tweet_ids": ["1527013668164091904"], "text": "RT @zoidoJI: Un d\u00eda como hoy, ETA asesin\u00f3 a los guardias civiles Francisco Puig y Francisco Ram\u00f3n Ruiz en Goiuzeta, al cabo primero de la P\u2026"}, {"created_at": "2022-05-18T18:56:56.000Z", "id": "1527000298971095042", "author_id": "123833769", "edit_history_tweet_ids": ["1527000298971095042"], "text": "RT @PublicacionesUA: Estamos en la presentaci\u00f3n del libro en @UA_Universidad @SedeAlicante_UA de la calle San Fernando en #Alicante \n\ud83d\udcdaDe la\u2026"}, {"created_at": "2022-05-18T17:41:02.000Z", "id": "1526981199608135683", "author_id": "51025341", "edit_history_tweet_ids": ["1526981199608135683"], "text": "RT @PublicacionesUA: Estamos en la presentaci\u00f3n del libro en @UA_Universidad @SedeAlicante_UA de la calle San Fernando en #Alicante \n\ud83d\udcdaDe la\u2026"}, {"created_at": "2022-05-18T17:37:38.000Z", "id": "1526980343831613442", "author_id": "394621026", "edit_history_tweet_ids": ["1526980343831613442"], "text": "Estamos en la presentaci\u00f3n del libro en @UA_Universidad @SedeAlicante_UA de la calle San Fernando en #Alicante \n\ud83d\udcdaDe la utop\u00eda al desencanto. Un paseo por la literatura y la ingenier\u00eda, de Jos\u0117 Ram\u00f3n Navarro Vera https://t.co/2vXlPVNfUo"}, {"created_at": "2022-05-18T13:52:45.000Z", "id": "1526923750574370816", "author_id": "950349234401890304", "edit_history_tweet_ids": ["1526923750574370816"], "text": "RT @abc_es: Los obispos acusan al Gobierno de cruzar \u00abuna de las l\u00edneas rojas que expresan la salud moral de un pueblo\u00bb con la ley del Abor\u2026"}, {"created_at": "2022-05-18T11:28:03.000Z", "id": "1526887334309937154", "author_id": "2867473090", "edit_history_tweet_ids": ["1526887334309937154"], "text": "RT @zoidoJI: Un d\u00eda como hoy, ETA asesin\u00f3 a los guardias civiles Francisco Puig y Francisco Ram\u00f3n Ruiz en Goiuzeta, al cabo primero de la P\u2026"}, {"created_at": "2022-05-18T09:11:23.000Z", "id": "1526852941893738497", "author_id": "1438818306", "edit_history_tweet_ids": ["1526852941893738497"], "text": "RT @abc_es: Los obispos acusan al Gobierno de cruzar \u00abuna de las l\u00edneas rojas que expresan la salud moral de un pueblo\u00bb con la ley del Abor\u2026"}, {"created_at": "2022-05-18T07:25:01.000Z", "id": "1526826173111705602", "author_id": "834325898480459777", "edit_history_tweet_ids": ["1526826173111705602"], "text": "RT @LaTardeCOPE: \ud83c\udf99\ufe0f@FernandodeHaro se hace esta pregunta: \u00bfC\u00f3mo se puede reducir el hambre en el mundo? \ud83c\udf7d\ufe0f\n\n\ud83d\udde3\ufe0fCarmen Santolaya, responsable\u2026"}, {"created_at": "2022-05-18T02:16:53.000Z", "id": "1526748629809102852", "author_id": "1230874021060861953", "edit_history_tweet_ids": ["1526748629809102852"], "text": "hauntedbystorytelling: George Hurrell (American, 1904-1992) :: Ramon Navarro (or Novarro) as a Clown, 1930. Gelatin silver print. | src Heritage Auctions view on wordPress https://t.co/Nf4K3JQztU"}], "meta": {"newest_id": "1529105381770899456", "oldest_id": "1526748629809102852", "result_count": 81}}