{"data": [{"text": "Hye Soon Oh, 67, of Glendale, was found in the carport area of her condo at about 8:40 p.m. in the 2900 block of... https://t.co/TeEZjGP155", "created_at": "2017-08-16T21:58:26.000Z", "edit_history_tweet_ids": ["897940642889965569"], "author_id": "837562306326376449", "id": "897940642889965569"}, {"text": "RT @abc7carlos: Detectives investigating murder in #Montrose. Victim is 67 year old Hye Soon Oh. Neighbors believe someone followed Oh to h\u2026", "created_at": "2017-08-10T09:08:51.000Z", "edit_history_tweet_ids": ["895572644006907904"], "author_id": "1264820785", "id": "895572644006907904"}, {"text": "RT @jasmineviel: Woman gunned down in garage ID'd as Hye Soon Oh, 67, who lived w/ husband in her #Montrose townhome, possible robbery, gun\u2026", "created_at": "2017-08-10T09:08:39.000Z", "edit_history_tweet_ids": ["895572590592491520"], "author_id": "1264820785", "id": "895572590592491520"}, {"text": "RT @abc7carlos: Detectives investigating murder in #Montrose. Victim is 67 year old Hye Soon Oh. Neighbors believe someone followed Oh to h\u2026", "created_at": "2017-08-10T07:50:30.000Z", "edit_history_tweet_ids": ["895552924851372032"], "author_id": "1075677710", "id": "895552924851372032"}, {"text": "Hye Soon Oh, 67 : #IHateTimWaterman", "created_at": "2017-08-09T23:27:35.000Z", "edit_history_tweet_ids": ["895426362718081024"], "author_id": "614962906", "id": "895426362718081024"}, {"text": "RT @jasmineviel: Woman gunned down in garage ID'd as Hye Soon Oh, 67, who lived w/ husband in her #Montrose townhome, possible robbery, gun\u2026", "created_at": "2017-08-09T19:56:11.000Z", "edit_history_tweet_ids": ["895373159301496832"], "author_id": "2919374310", "id": "895373159301496832"}, {"text": "RT @abc7carlos: Detectives investigating murder in #Montrose. Victim is 67 year old Hye Soon Oh. Neighbors believe someone followed Oh to h\u2026", "created_at": "2017-08-09T18:50:49.000Z", "edit_history_tweet_ids": ["895356710264512512"], "author_id": "17685447", "id": "895356710264512512"}, {"text": "RT @GigiGraciette: Murder on Montrose. \n67-year-old Hye Soon Oh shot to death in front of her Glendale garage. \nSearch on for killer. @FOXL\u2026", "created_at": "2017-08-09T18:28:30.000Z", "edit_history_tweet_ids": ["895351094095659008"], "author_id": "26619399", "id": "895351094095659008"}, {"text": "RT @jasmineviel: Woman gunned down in garage ID'd as Hye Soon Oh, 67, who lived w/ husband in her #Montrose townhome, possible robbery, gun\u2026", "created_at": "2017-08-09T18:10:22.000Z", "edit_history_tweet_ids": ["895346530915237890"], "author_id": "15686484", "id": "895346530915237890"}, {"text": "RT @jasmineviel: Woman gunned down in garage ID'd as Hye Soon Oh, 67, who lived w/ husband in her #Montrose townhome, possible robbery, gun\u2026", "created_at": "2017-08-09T17:51:31.000Z", "edit_history_tweet_ids": ["895341786826133508"], "author_id": "73495311", "id": "895341786826133508"}, {"text": "RT @GigiGraciette: Murder on Montrose. \n67-year-old Hye Soon Oh shot to death in front of her Glendale garage. \nSearch on for killer. @FOXL\u2026", "created_at": "2017-08-09T17:45:45.000Z", "edit_history_tweet_ids": ["895340335206866944"], "author_id": "33796429", "id": "895340335206866944"}, {"text": "RT @GigiGraciette: Murder on Montrose. \n67-year-old Hye Soon Oh shot to death in front of her Glendale garage. \nSearch on for killer. @FOXL\u2026", "created_at": "2017-08-09T17:44:12.000Z", "edit_history_tweet_ids": ["895339944679542789"], "author_id": "303287331", "id": "895339944679542789"}, {"text": "RT @abc7carlos: Detectives investigating murder in #Montrose. Victim is 67 year old Hye Soon Oh. Neighbors believe someone followed Oh to h\u2026", "created_at": "2017-08-09T17:25:45.000Z", "edit_history_tweet_ids": ["895335301500907520"], "author_id": "2321478247", "id": "895335301500907520"}, {"text": "Woman gunned down in garage ID'd as Hye Soon Oh, 67, who lived w/ husband in her #Montrose townhome, possible robbery, gunman fled @CBSLA https://t.co/8mwbal1zGr", "created_at": "2017-08-09T17:25:16.000Z", "edit_history_tweet_ids": ["895335180554035205"], "author_id": "41229084", "id": "895335180554035205"}, {"text": "RT @GigiGraciette: Murder on Montrose. \n67-year-old Hye Soon Oh shot to death in front of her Glendale garage. \nSearch on for killer. @FOXL\u2026", "created_at": "2017-08-09T17:23:59.000Z", "edit_history_tweet_ids": ["895334857194127360"], "author_id": "36365241", "id": "895334857194127360"}, {"text": "RT @abc7carlos: Detectives investigating murder in #Montrose. Victim is 67 year old Hye Soon Oh. Neighbors believe someone followed Oh to h\u2026", "created_at": "2017-08-09T17:14:05.000Z", "edit_history_tweet_ids": ["895332367560130560"], "author_id": "16374678", "id": "895332367560130560"}, {"text": "Detectives investigating murder in #Montrose. Victim is 67 year old Hye Soon Oh. Neighbors believe someone followed Oh to her home. https://t.co/fvgVYQ740b", "created_at": "2017-08-09T17:11:56.000Z", "edit_history_tweet_ids": ["895331826335490048"], "author_id": "34652440", "id": "895331826335490048"}, {"text": "RT @GigiGraciette: Murder on Montrose. \n67-year-old Hye Soon Oh shot to death in front of her Glendale garage. \nSearch on for killer. @FOXL\u2026", "created_at": "2017-08-09T15:46:36.000Z", "edit_history_tweet_ids": ["895310352736428033"], "author_id": "209681820", "id": "895310352736428033"}, {"text": "RT @GigiGraciette: Murder on Montrose. \n67-year-old Hye Soon Oh shot to death in front of her Glendale garage. \nSearch on for killer. @FOXL\u2026", "created_at": "2017-08-09T15:43:10.000Z", "edit_history_tweet_ids": ["895309485836689408"], "author_id": "9648652", "id": "895309485836689408"}, {"text": "RT @GigiGraciette: Murder on Montrose. \n67-year-old Hye Soon Oh shot to death in front of her Glendale garage. \nSearch on for killer. @FOXL\u2026", "created_at": "2017-08-09T15:43:10.000Z", "edit_history_tweet_ids": ["895309485824028672"], "author_id": "35702257", "id": "895309485824028672"}, {"text": "Murder on Montrose. \n67-year-old Hye Soon Oh shot to death in front of her Glendale garage. \nSearch on for killer. @FOXLA https://t.co/TpYDc7tu9Q", "created_at": "2017-08-09T15:42:01.000Z", "edit_history_tweet_ids": ["895309198719721472"], "author_id": "25235198", "id": "895309198719721472"}], "meta": {"newest_id": "897940642889965569", "oldest_id": "895309198719721472", "result_count": 21}}