{"data": [{"edit_history_tweet_ids": ["782958301055098880"], "author_id": "780922844259561472", "text": "RT @sensible_kisses: She is a Queen\nHer soul is royalty\n-Adrian Michael\n\nBeautyAndBrains KISSES https://t.co/cpaEvR3kiH", "created_at": "2016-10-03T14:59:40.000Z", "id": "782958301055098880"}, {"edit_history_tweet_ids": ["782952963383832576"], "author_id": "3611132246", "text": "RT @sensible_kisses: She is a Queen\nHer soul is royalty\n-Adrian Michael\n\nBeautyAndBrains KISSES https://t.co/cpaEvR3kiH", "created_at": "2016-10-03T14:38:27.000Z", "id": "782952963383832576"}, {"edit_history_tweet_ids": ["782948556944515074"], "author_id": "746310193529552896", "text": "RT @sensible_kisses: She is a Queen\nHer soul is royalty\n-Adrian Michael\n\nBeautyAndBrains KISSES https://t.co/cpaEvR3kiH", "created_at": "2016-10-03T14:20:57.000Z", "id": "782948556944515074"}, {"edit_history_tweet_ids": ["782947394056884224"], "author_id": "778219519445573632", "text": "RT @sensible_kisses: She is a Queen\nHer soul is royalty\n-Adrian Michael\n\nBeautyAndBrains KISSES https://t.co/cpaEvR3kiH", "created_at": "2016-10-03T14:16:19.000Z", "id": "782947394056884224"}, {"edit_history_tweet_ids": ["782946025388421120"], "author_id": "146639575", "text": "RT @sensible_kisses: She is a Queen\nHer soul is royalty\n-Adrian Michael\n\nBeautyAndBrains KISSES https://t.co/cpaEvR3kiH", "created_at": "2016-10-03T14:10:53.000Z", "id": "782946025388421120"}, {"edit_history_tweet_ids": ["782945642834333697"], "author_id": "716854004471373824", "text": "RT @sensible_kisses: She is a Queen\nHer soul is royalty\n-Adrian Michael\n\nBeautyAndBrains KISSES https://t.co/cpaEvR3kiH", "created_at": "2016-10-03T14:09:22.000Z", "id": "782945642834333697"}, {"edit_history_tweet_ids": ["782945591835832320"], "author_id": "758886293996572673", "text": "RT @sensible_kisses: She is a Queen\nHer soul is royalty\n-Adrian Michael\n\nBeautyAndBrains KISSES https://t.co/cpaEvR3kiH", "created_at": "2016-10-03T14:09:10.000Z", "id": "782945591835832320"}, {"edit_history_tweet_ids": ["782944035698724867"], "author_id": "773367430060146688", "text": "RT @sensible_kisses: She is a Queen\nHer soul is royalty\n-Adrian Michael\n\nBeautyAndBrains KISSES https://t.co/cpaEvR3kiH", "created_at": "2016-10-03T14:02:59.000Z", "id": "782944035698724867"}, {"edit_history_tweet_ids": ["782942739922980869"], "author_id": "772146375857364992", "text": "RT @sensible_kisses: She is a Queen\nHer soul is royalty\n-Adrian Michael\n\nBeautyAndBrains KISSES https://t.co/cpaEvR3kiH", "created_at": "2016-10-03T13:57:50.000Z", "id": "782942739922980869"}, {"edit_history_tweet_ids": ["782934169605148672"], "author_id": "772599629208653824", "text": "RT @sensible_kisses: She is a Queen\nHer soul is royalty\n-Adrian Michael\n\nBeautyAndBrains KISSES https://t.co/cpaEvR3kiH", "created_at": "2016-10-03T13:23:46.000Z", "id": "782934169605148672"}, {"edit_history_tweet_ids": ["782932954724962305"], "author_id": "4297492632", "text": "RT @sensible_kisses: She is a Queen\nHer soul is royalty\n-Adrian Michael\n\nBeautyAndBrains KISSES https://t.co/cpaEvR3kiH", "created_at": "2016-10-03T13:18:57.000Z", "id": "782932954724962305"}, {"edit_history_tweet_ids": ["782926641764839426"], "author_id": "3925523773", "text": "RT @sensible_kisses: She is a Queen\nHer soul is royalty\n-Adrian Michael\n\nBeautyAndBrains KISSES https://t.co/cpaEvR3kiH", "created_at": "2016-10-03T12:53:52.000Z", "id": "782926641764839426"}, {"edit_history_tweet_ids": ["782917831813763072"], "author_id": "3583509914", "text": "RT @sensible_kisses: She is a Queen\nHer soul is royalty\n-Adrian Michael\n\nBeautyAndBrains KISSES https://t.co/cpaEvR3kiH", "created_at": "2016-10-03T12:18:51.000Z", "id": "782917831813763072"}, {"edit_history_tweet_ids": ["782909333587714048"], "author_id": "2900405353", "text": "RT @sensible_kisses: She is a Queen\nHer soul is royalty\n-Adrian Michael\n\nBeautyAndBrains KISSES https://t.co/cpaEvR3kiH", "created_at": "2016-10-03T11:45:05.000Z", "id": "782909333587714048"}, {"edit_history_tweet_ids": ["782909271444951041"], "author_id": "214574442", "text": "RT @sensible_kisses: She is a Queen\nHer soul is royalty\n-Adrian Michael\n\nBeautyAndBrains KISSES https://t.co/cpaEvR3kiH", "created_at": "2016-10-03T11:44:50.000Z", "id": "782909271444951041"}, {"edit_history_tweet_ids": ["782908894498566145"], "author_id": "713315444606676992", "text": "She is a Queen\nHer soul is royalty\n-Adrian Michael\n\nBeautyAndBrains KISSES https://t.co/cpaEvR3kiH", "created_at": "2016-10-03T11:43:20.000Z", "id": "782908894498566145"}, {"edit_history_tweet_ids": ["782816099700084736"], "author_id": "2214725700", "text": "RT @Nicole_tello23: Me Adrian and Michael go way back to them oovoo days \ud83d\ude02", "created_at": "2016-10-03T05:34:36.000Z", "id": "782816099700084736"}, {"edit_history_tweet_ids": ["782797891320426496"], "author_id": "2597416441", "text": "Me Adrian and Michael go way back to them oovoo days \ud83d\ude02", "created_at": "2016-10-03T04:22:15.000Z", "id": "782797891320426496"}, {"edit_history_tweet_ids": ["782760893385846784"], "author_id": "582031613", "text": "Dee Reed Edward Jeffery Monte Clark Adrian Rolan Gonzalez Monique Monique Monique Lusk King Khalid King... https://t.co/mbpNvw98rq", "created_at": "2016-10-03T01:55:14.000Z", "id": "782760893385846784"}, {"edit_history_tweet_ids": ["782749868360081408"], "author_id": "227575661", "text": "RT @beevillesports: Junior DB Adrian Asimou tied classmate Michael Rose with 4 solo tackles. Asimou added to his big night by being in on 8\u2026", "created_at": "2016-10-03T01:11:26.000Z", "id": "782749868360081408"}, {"edit_history_tweet_ids": ["782747377010552832"], "author_id": "3798108433", "text": "\"She is water powerful enough to drown you. Soft enough to cleanse you. Deep enough to save you.\"\n-Adrian Michael", "created_at": "2016-10-03T01:01:32.000Z", "id": "782747377010552832"}, {"edit_history_tweet_ids": ["782733891320868864"], "author_id": "2896784265", "text": "Lindo d\u00eda pasando con mis ni\u00f1os bellos la Tia los ama mucho...  #michael #adrian #leonel....", "created_at": "2016-10-03T00:07:56.000Z", "id": "782733891320868864"}, {"edit_history_tweet_ids": ["782718878044479488"], "author_id": "22681612", "text": "Adrian Phillips with a big interception of Brees. He was in right place when WR Michael Thomas fell down. SD ball at NO 26.", "created_at": "2016-10-02T23:08:17.000Z", "id": "782718878044479488"}, {"edit_history_tweet_ids": ["782718874240315392"], "author_id": "1605370164", "text": "RT @JoelAErickson: Brees floats a ball for Michael Thomas, who fell as he tried to adjust to a ball over his head, and Adrian Phillips pick\u2026", "created_at": "2016-10-02T23:08:16.000Z", "id": "782718874240315392"}, {"edit_history_tweet_ids": ["782718791725699073"], "author_id": "740944039", "text": "Brees floats a ball for Michael Thomas, who fell as he tried to adjust to a ball over his head, and Adrian Phillips picked it off.", "created_at": "2016-10-02T23:07:56.000Z", "id": "782718791725699073"}, {"edit_history_tweet_ids": ["782679849953529860"], "author_id": "237322778", "text": "Role call this evening: Lee Dixon (\ud83d\ude0d), Michael Greco, Adrian Dunbar (\ud83d\ude0d), Adrian Chiles.", "created_at": "2016-10-02T20:33:12.000Z", "id": "782679849953529860"}, {"edit_history_tweet_ids": ["782674618767269888"], "author_id": "134623771", "text": "Adrian Peterson hanging out with Michael Jordan. Doesn't get much better than those two. #Legendary https://t.co/2Wh3hO74KK", "created_at": "2016-10-02T20:12:25.000Z", "id": "782674618767269888"}, {"edit_history_tweet_ids": ["782665395517857792"], "author_id": "2863619598", "text": "@zjwhitman ay bro errbody know Adrian Peterson is just a poor mans Christine Michael", "created_at": "2016-10-02T19:35:46.000Z", "id": "782665395517857792"}, {"edit_history_tweet_ids": ["782658093964558336"], "author_id": "620536650", "text": "@AtleticoVnzla - @Carabobo_FC\nTerna Arbitral \nA: Adrian Cabello\nA1: M.  Sosa\nA2: Michael Uzcategui\n4to A: Jonathan S\u00e1nchez", "created_at": "2016-10-02T19:06:45.000Z", "id": "782658093964558336"}, {"edit_history_tweet_ids": ["782657405213478912"], "author_id": "373133950", "text": "#Primera #Previa Grupo arbitral:\nPPAL: Adri\u00e1n CABELLO (BOL)\n1A: Jhairzinio SOSA (MIR)\n2A: Michael UZC\u00c1TEGUI (MIR)\n4A: Jonathan S\u00c1NCHEZ (MIR)", "created_at": "2016-10-02T19:04:01.000Z", "id": "782657405213478912"}, {"edit_history_tweet_ids": ["782627783289761792"], "author_id": "2803828297", "text": "Adrian Peterson revels at Michael Jordan's 'sparkling eyes'\nhttps://t.co/YTyGBAH47I\n(via https://t.co/zUkPquXVem )", "created_at": "2016-10-02T17:06:18.000Z", "id": "782627783289761792"}, {"edit_history_tweet_ids": ["782580756493328384"], "author_id": "3367586357", "text": "Adrian Asimou, Victor Bierman, Michael Graham and Wilson Sternad all came away with interceptions Friday, which aided Brecksville's cause.", "created_at": "2016-10-02T13:59:26.000Z", "id": "782580756493328384"}, {"edit_history_tweet_ids": ["782567170538602496"], "author_id": "3310772795", "text": "#NBA Michael Jordan Defense on Adrian Dantley - 1988 NBA ECSF https://t.co/8qraAqMRVg https://t.co/wz9eCVpJqX", "created_at": "2016-10-02T13:05:27.000Z", "id": "782567170538602496"}, {"edit_history_tweet_ids": ["782567100195954688"], "author_id": "750734402037112832", "text": "Robbie savage and Michael Owen as pundits.\nAll you need now is Adrian chiles", "created_at": "2016-10-02T13:05:10.000Z", "id": "782567100195954688"}, {"edit_history_tweet_ids": ["782560142378303492"], "author_id": "253809371", "text": "RT @theScore: Adrian Peterson revels at Michael Jordan's 'sparkling eyes' in Instagram post. https://t.co/f9M5LAQFbX https://t.co/rsJDHuOJ5l", "created_at": "2016-10-02T12:37:31.000Z", "id": "782560142378303492"}, {"edit_history_tweet_ids": ["782540613031907329"], "author_id": "2986203176", "text": "@juliamedew Michael Hii or Adrian fox", "created_at": "2016-10-02T11:19:55.000Z", "id": "782540613031907329"}, {"edit_history_tweet_ids": ["782537453961826307"], "author_id": "744504844891860992", "text": "Adrian Peterson revels at Michael Jordan's 'sparkling\u00a0eyes' https://t.co/XCfN6WIXEr https://t.co/z1ooO0kIds", "created_at": "2016-10-02T11:07:22.000Z", "id": "782537453961826307"}, {"edit_history_tweet_ids": ["782476167118934016"], "author_id": "23357639", "text": "Diabetic Happenings Adrian Vella, Michael D. Jensen, K. Sreekumaran NairOct  1, 2016; 65:2... https://t.co/D6Z3TRLXph What do you think?", "created_at": "2016-10-02T07:03:50.000Z", "id": "782476167118934016"}, {"edit_history_tweet_ids": ["782475223824203776"], "author_id": "2172409261", "text": "RT @Diabetes_Newzz: Eulogy for the Metabolic Clinical Investigator?: Adrian Vella, Michael D. Jensen, K. Sreekumaran Na... https://t.co/PQ7\u2026", "created_at": "2016-10-02T07:00:05.000Z", "id": "782475223824203776"}, {"edit_history_tweet_ids": ["782471482555314176"], "author_id": "3034950226", "text": "Michael Owen: Expect goals in West Ham vs Arsenal and Tottenham to beat #WestHamvsArsenal #WestHam #WestHam https://t.co/sJsh3KP84u https://t.co/GnwZUK6tWv", "created_at": "2016-10-02T06:45:13.000Z", "id": "782471482555314176"}, {"edit_history_tweet_ids": ["782467763302305792"], "author_id": "4835709563", "text": "Eulogy for the Metabolic Clinical Investigator?: Adrian Vella, Michael D. Jensen, K. Sreekumaran Na... https://t.co/PQ7vYDK5zE #diabetes", "created_at": "2016-10-02T06:30:26.000Z", "id": "782467763302305792"}, {"edit_history_tweet_ids": ["782456106836717568"], "author_id": "53230583", "text": "Adrian Peterson revels at Michael Jordan's 'sparkling eyes' https://t.co/nasolkl5v8 (via https://t.co/XT5uLaz3NF )", "created_at": "2016-10-02T05:44:07.000Z", "id": "782456106836717568"}, {"edit_history_tweet_ids": ["782440238681497601"], "author_id": "3002833337", "text": "Adrian Peterson revels at Michael Jordan's 'sparkling eyes' https://t.co/rpXTLJc8en", "created_at": "2016-10-02T04:41:04.000Z", "id": "782440238681497601"}, {"edit_history_tweet_ids": ["782431135288717312"], "author_id": "43435056", "text": "Have you heard \u2018Creep Ft. Adrian Michael\u2019 by @ZeadreaJones on #SoundCloud? #np https://t.co/VaE6vj0lm9", "created_at": "2016-10-02T04:04:54.000Z", "id": "782431135288717312"}, {"edit_history_tweet_ids": ["782430917944086528"], "author_id": "43435056", "text": "My new sounds: Creep Ft. Adrian Michael https://t.co/u5GMfkoxf9 on #SoundCloud", "created_at": "2016-10-02T04:04:02.000Z", "id": "782430917944086528"}, {"edit_history_tweet_ids": ["782418074133753856"], "author_id": "2947105517", "text": "RT @theScore: Adrian Peterson revels at Michael Jordan's 'sparkling eyes' in Instagram post. https://t.co/f9M5LAQFbX https://t.co/rsJDHuOJ5l", "created_at": "2016-10-02T03:13:00.000Z", "id": "782418074133753856"}, {"edit_history_tweet_ids": ["782417883083206656"], "author_id": "174777851", "text": "RT @theScore: Adrian Peterson revels at Michael Jordan's 'sparkling eyes' in Instagram post. https://t.co/f9M5LAQFbX https://t.co/rsJDHuOJ5l", "created_at": "2016-10-02T03:12:14.000Z", "id": "782417883083206656"}, {"edit_history_tweet_ids": ["782417598201884672"], "author_id": "2647893752", "text": "RT @theScore: Adrian Peterson revels at Michael Jordan's 'sparkling eyes' in Instagram post. https://t.co/f9M5LAQFbX https://t.co/rsJDHuOJ5l", "created_at": "2016-10-02T03:11:06.000Z", "id": "782417598201884672"}, {"edit_history_tweet_ids": ["782417394287411201"], "author_id": "4768740711", "text": "RT theScore \"Adrian Peterson revels at Michael Jordan's 'sparkling eyes' in Instagram post. https://t.co/hui4eDorJ1 \u2026", "created_at": "2016-10-02T03:10:18.000Z", "id": "782417394287411201"}, {"edit_history_tweet_ids": ["782417322992480257"], "author_id": "15256225", "text": "Adrian Peterson revels at Michael Jordan's 'sparkling eyes' in Instagram post. https://t.co/f9M5LAQFbX https://t.co/rsJDHuOJ5l", "created_at": "2016-10-02T03:10:01.000Z", "id": "782417322992480257"}, {"edit_history_tweet_ids": ["782411732731899904"], "author_id": "730427843390390273", "text": "Adrian Peterson revels at Michael Jordan's 'sparkling eyes'  #giveaway #NFL", "created_at": "2016-10-02T02:47:48.000Z", "id": "782411732731899904"}, {"edit_history_tweet_ids": ["782411732668952576"], "author_id": "3653956637", "text": "Adrian Peterson revels at Michael Jordan's 'sparkling eyes':     I was blessed with the opportunity to look i... https://t.co/RKkuklgV74", "created_at": "2016-10-02T02:47:48.000Z", "id": "782411732668952576"}, {"edit_history_tweet_ids": ["782411727803604993"], "author_id": "258123164", "text": "Adrian Peterson revels at Michael Jordan's 'sparkling eyes' https://t.co/n8ViAZwCpW #NFL", "created_at": "2016-10-02T02:47:47.000Z", "id": "782411727803604993"}, {"edit_history_tweet_ids": ["782411562787086336"], "author_id": "825528031", "text": "Adrian Peterson revels at Michael Jordan's 'sparkling eyes' https://t.co/2ajadee1Bw https://t.co/xEthe8VnQu", "created_at": "2016-10-02T02:47:07.000Z", "id": "782411562787086336"}, {"edit_history_tweet_ids": ["782400010692419584"], "author_id": "3279612175", "text": "\"my love isn't too deep, you just never learned how to swim\" - adrian michael", "created_at": "2016-10-02T02:01:13.000Z", "id": "782400010692419584"}, {"edit_history_tweet_ids": ["782388885821198336"], "author_id": "716280949890228224", "text": "RT @Padrezacarias_: As\u00ed han queddo en la pruba\n1\u00b0:Noe y Fernando \n2\u00b0Sonia,Angel y Ram\u00f3n \n3\u00b0Michael y Maria Jos\u00e9\n4\u00b0Rocio y Cristian\n5\u00b0Adrian\u2026", "created_at": "2016-10-02T01:17:01.000Z", "id": "782388885821198336"}, {"edit_history_tweet_ids": ["782375953347608576"], "author_id": "719911867649536001", "text": "Nominados: \nRobert y Adri\u00e1n\nRoc\u00edo y Cristi\u00e1n\nMichael y Maria Jose\n#Episodio7 https://t.co/A6M995MDdP", "created_at": "2016-10-02T00:25:37.000Z", "id": "782375953347608576"}, {"edit_history_tweet_ids": ["782371277403262976"], "author_id": "719911867649536001", "text": "As\u00ed han queddo en la pruba\n1\u00b0:Noe y Fernando \n2\u00b0Sonia,Angel y Ram\u00f3n \n3\u00b0Michael y Maria Jos\u00e9\n4\u00b0Rocio y Cristian\n5\u00b0Adrian y Robert \n#Episodio7", "created_at": "2016-10-02T00:07:02.000Z", "id": "782371277403262976"}, {"edit_history_tweet_ids": ["782277000606154756"], "author_id": "1066949670", "text": "DT Michael Fabricant: RT Adrian Goldberg: You heard it live BBC WM 95.6 - #Cameron #resignation - ... https://t.co/g0jvJ7cRJJ", "created_at": "2016-10-01T17:52:25.000Z", "id": "782277000606154756"}, {"edit_history_tweet_ids": ["782255043529543680"], "author_id": "373133950", "text": "#Primera #Previa Grupo arbitral:\nPPAL: Adri\u00e1n CABELLO (BOL)\n1A: Jhairzinio SOSA (MIR)\n2A: Michael UZC\u00c1TEGUI (MIR)\n4A: Jonathan S\u00c1NCHEZ (MIR)", "created_at": "2016-10-01T16:25:10.000Z", "id": "782255043529543680"}, {"edit_history_tweet_ids": ["782245435104632833"], "author_id": "1059282811", "text": "@Michael_Fabiano Should I drop Adrian Peterson for good in a keeper league?", "created_at": "2016-10-01T15:46:59.000Z", "id": "782245435104632833"}, {"edit_history_tweet_ids": ["782239596528672768"], "author_id": "379827091", "text": "RT @PVDarts180: Last 16 #PC18\nMichael van Gerwen v Simon Whitlock\nJustin Pipe v Ronnie Baxter\nSteve West v David Pallett\nJermaine Wattimena\u2026", "created_at": "2016-10-01T15:23:47.000Z", "id": "782239596528672768"}, {"edit_history_tweet_ids": ["782238988178427904"], "author_id": "719002590", "text": "RT @PVDarts180: Last 16 #PC18\nMichael van Gerwen v Simon Whitlock\nJustin Pipe v Ronnie Baxter\nSteve West v David Pallett\nJermaine Wattimena\u2026", "created_at": "2016-10-01T15:21:22.000Z", "id": "782238988178427904"}, {"edit_history_tweet_ids": ["782237719200006144"], "author_id": "455160876", "text": "Last 16 #PC18\nMichael van Gerwen v Simon Whitlock\nJustin Pipe v Ronnie Baxter\nSteve West v David Pallett\nJermaine Wattimena v Adrian Lewis", "created_at": "2016-10-01T15:16:20.000Z", "id": "782237719200006144"}, {"edit_history_tweet_ids": ["782144803890925568"], "author_id": "2147637712", "text": "RT @adrian_dbe: HistoryInPics: Michael J. Fox on set of Back to the Future, rehearsing Johnny B. Goode, 1985. https://t.co/GVK3nbbWPM #hist\u2026", "created_at": "2016-10-01T09:07:07.000Z", "id": "782144803890925568"}, {"edit_history_tweet_ids": ["782126272390410240"], "author_id": "3300087846", "text": "Experience taught her. Hurt raised her. Neither define her.\n-Adrian Michael\n\n#ALDUBHappy1st https://t.co/JlweGPkuC1", "created_at": "2016-10-01T07:53:29.000Z", "id": "782126272390410240"}, {"edit_history_tweet_ids": ["781966865128042496"], "author_id": "777920353729323008", "text": "Listen to Lil baby Adrian freestyle 2016$$$ by Michael Faniel #np on #SoundCloud\nhttps://t.co/M5JQhIfB9S", "created_at": "2016-09-30T21:20:03.000Z", "id": "781966865128042496"}, {"edit_history_tweet_ids": ["781930034256752641"], "author_id": "822168708", "text": "Among the sporting luminaries at the Ryder Cup today: Michael Phelps, Adrian Peterson and this guy -- Michael... https://t.co/JWCiJ6cYB3", "created_at": "2016-09-30T18:53:42.000Z", "id": "781930034256752641"}, {"edit_history_tweet_ids": ["781929551110606849"], "author_id": "23764647", "text": "Among the sporting luminaries at the Ryder Cup today: Michael Phelps, Adrian Peterson and this guy -- Michael... https://t.co/zeFpCLGQFV", "created_at": "2016-09-30T18:51:47.000Z", "id": "781929551110606849"}, {"edit_history_tweet_ids": ["781908094917935104"], "author_id": "60526058", "text": "RT @UKTentpegging: Wishing our team competing out in the Netherlands the very best of luck!! Have a great time Michael, Adrian, Nicole, Tin\u2026", "created_at": "2016-09-30T17:26:31.000Z", "id": "781908094917935104"}, {"edit_history_tweet_ids": ["781887797036593153"], "author_id": "2901449854", "text": "Mike Kalep Lopez\nNayeli Isabel Pichardo\nAdrian Montano\nNatalia Canil\udbb8\udf34\udbb8\udf34\udbb8\udf34 https://t.co/WZuA54gvDf", "created_at": "2016-09-30T16:05:52.000Z", "id": "781887797036593153"}, {"edit_history_tweet_ids": ["781874221203030016"], "author_id": "738770400113360899", "text": "@adrian_joslin @adamrank @heykayadams @Michael_Fabiano but I like both this week", "created_at": "2016-09-30T15:11:55.000Z", "id": "781874221203030016"}, {"edit_history_tweet_ids": ["781874113702928384"], "author_id": "738770400113360899", "text": "@adrian_joslin @adamrank @heykayadams @Michael_Fabiano Palmer", "created_at": "2016-09-30T15:11:29.000Z", "id": "781874113702928384"}, {"edit_history_tweet_ids": ["781862179754631177"], "author_id": "272418085", "text": "Wishing our team competing out in the Netherlands the very best of luck!! Have a great time Michael, Adrian, Nicole, Tina and Sally!", "created_at": "2016-09-30T14:24:04.000Z", "id": "781862179754631177"}, {"edit_history_tweet_ids": ["781861186887356416"], "author_id": "344478959", "text": "if you told me before the season that i would regret trading christine michael  in a deal for adrian peterson i would have just died", "created_at": "2016-09-30T14:20:07.000Z", "id": "781861186887356416"}, {"edit_history_tweet_ids": ["781814730260348932"], "author_id": "142580900", "text": "The Galgano Sword in the Stone inside the Montesiepi Chapel by Adrian Michael.  This is the actual s https://t.co/mrlhvpq0YV", "created_at": "2016-09-30T11:15:31.000Z", "id": "781814730260348932"}, {"edit_history_tweet_ids": ["781711867404165120"], "author_id": "239724647", "text": "ADRIAN MICHAEL https://t.co/qSXa7XGP3l", "created_at": "2016-09-30T04:26:47.000Z", "id": "781711867404165120"}, {"edit_history_tweet_ids": ["781592863343771649"], "author_id": "45541470", "text": "RT @SiempreMali: Adrian Suar es nuestro Michael Fox.", "created_at": "2016-09-29T20:33:54.000Z", "id": "781592863343771649"}, {"edit_history_tweet_ids": ["781579689542516736"], "author_id": "607277458", "text": "#AABLA2016 finalists for Business Leader of the Year \u2013 Southern Africa are Adrian Gore of @Discovery_SA and Michael Brown of @Nedbank", "created_at": "2016-09-29T19:41:33.000Z", "id": "781579689542516736"}, {"edit_history_tweet_ids": ["781551488984354816"], "author_id": "46885396", "text": "RT @CollinJamesRush: \ud83d\udea8\ud83d\udea8\ud83d\udea8\ud83c\udf99\u2018Adrian Michael - Lost Amongst Us All [Prod. Eternity]\u2019 on #SoundCloud #np \ud83d\udd0a\ud83d\udea8\ud83d\udea8\ud83d\udea8https://t.co/uoelgDbltQ\nMIXED BY YO\u2026", "created_at": "2016-09-29T17:49:30.000Z", "id": "781551488984354816"}, {"edit_history_tweet_ids": ["781459514981744640"], "author_id": "2901642730", "text": "RT @SiempreMali: Adrian Suar es nuestro Michael Fox.", "created_at": "2016-09-29T11:44:01.000Z", "id": "781459514981744640"}, {"edit_history_tweet_ids": ["781457794625114112"], "author_id": "275602999", "text": "Adrian Suar es nuestro Michael Fox.", "created_at": "2016-09-29T11:37:11.000Z", "id": "781457794625114112"}, {"edit_history_tweet_ids": ["781444268326002688"], "author_id": "21287783", "text": "At the #imi2016 conference learning about leadership from 'guru' Prof Adrian Furnham who is Michael McIntyre in disguise", "created_at": "2016-09-29T10:43:26.000Z", "id": "781444268326002688"}, {"edit_history_tweet_ids": ["781326127159619584"], "author_id": "777920353729323008", "text": "Listen to Big doodie ft lil baby Adrian we gone ball by Michael Faniel #np on #SoundCloud\nhttps://t.co/KKOPognfyq", "created_at": "2016-09-29T02:53:59.000Z", "id": "781326127159619584"}, {"edit_history_tweet_ids": ["781321354767273984"], "author_id": "777920353729323008", "text": "Listen to Lil baby Adrian freestyle 2016$$$ by Michael Faniel #np on #SoundCloud\nhttps://t.co/M5JQhIfB9S", "created_at": "2016-09-29T02:35:01.000Z", "id": "781321354767273984"}, {"edit_history_tweet_ids": ["781292284541296640"], "author_id": "515386375", "text": "\u201cqueen, you deserve a royal kind of love.\u201d - adrian michael (via poemsporn) https://t.co/she6lJntTu", "created_at": "2016-09-29T00:39:31.000Z", "id": "781292284541296640"}, {"edit_history_tweet_ids": ["781240256993566720"], "author_id": "875467675", "text": "Would Michael Mansfield call for his former member of chamber's (Adrian Fulford) secret judicial exoneration report to be disclosed? https://t.co/ci7ZEIL9Cv", "created_at": "2016-09-28T21:12:46.000Z", "id": "781240256993566720"}, {"edit_history_tweet_ids": ["781175768944549889"], "author_id": "1135314852", "text": "@Michael_USA1 @KeeganNYC @ADRIAN_KAL_EL the emails, we'll speculate about the contents. For this, no debate. Nice job trying to deflect btw", "created_at": "2016-09-28T16:56:31.000Z", "id": "781175768944549889"}, {"edit_history_tweet_ids": ["781090326157099008"], "author_id": "1256750192", "text": "\"She is water.\nPowerful enough to drown you soft enough to cleanse you deep enough to save you.\" -Adrian Michael", "created_at": "2016-09-28T11:17:00.000Z", "id": "781090326157099008"}, {"edit_history_tweet_ids": ["780993045588246528"], "author_id": "777920353729323008", "text": "Listen to Lil baby Adrian-think before you do by Michael Faniel #np on #SoundCloud\nhttps://t.co/iLFZc5p0qe", "created_at": "2016-09-28T04:50:26.000Z", "id": "780993045588246528"}, {"edit_history_tweet_ids": ["780992472566620160"], "author_id": "777920353729323008", "text": "Listen to Lil baby Adrian-find truth by Michael Faniel #np on #SoundCloud\nhttps://t.co/euUzWX7wiO", "created_at": "2016-09-28T04:48:10.000Z", "id": "780992472566620160"}, {"edit_history_tweet_ids": ["780899631806844929"], "author_id": "22938005", "text": "RT @VishayIndust: New application note by Vishay\u2019s Adrian Michael: \u201cLow-Inductance Customized Power Resistors for Energy Technology\u201d https:\u2026", "created_at": "2016-09-27T22:39:15.000Z", "id": "780899631806844929"}, {"edit_history_tweet_ids": ["780761741495971841"], "author_id": "196056280", "text": "Bubur kepiting super enyaaakk..\ud83c\udf72\ud83e\udd80 (with Adrian, michael, and Ellyana at \u5c0f\u9ed1\u869d\u60c5 | Xiao Hei Hao Qing) [pic] \u2014 https://t.co/QCoBzH8VnY", "created_at": "2016-09-27T13:31:19.000Z", "id": "780761741495971841"}, {"edit_history_tweet_ids": ["780759405755183104"], "author_id": "79407897", "text": "With Frandky, Adrian, and Michael at @tesateontweet \u2014 https://t.co/Vorb6PTHCK", "created_at": "2016-09-27T13:22:02.000Z", "id": "780759405755183104"}, {"edit_history_tweet_ids": ["780681518381314048"], "author_id": "196056280", "text": "\ud83c\udf63\ud83c\udf63\ud83c\udf63\ud83c\udf63 kenyang liat harga judulnya wakakakakak (with Adrian, michael, and Ellyana at Sen-ryo (\u5343\u4e24)) \u2014 https://t.co/bSsZRS7oOn", "created_at": "2016-09-27T08:12:33.000Z", "id": "780681518381314048"}, {"edit_history_tweet_ids": ["780665306847014912"], "author_id": "738742923995578368", "text": "NEW WORDS - @JimVanderpump returns with This is Norwich '98, ft Adrian Forbes and Michael Wynn-Jones - https://t.co/iQJoBml6qb #ncfc https://t.co/Cf6AAjXlRP", "created_at": "2016-09-27T07:08:07.000Z", "id": "780665306847014912"}, {"edit_history_tweet_ids": ["780658093860483072"], "author_id": "776408594", "text": "@Michael_USA1 @ADRIAN_KAL_EL @KeeganNYC those emails were recovered by the FBI they just dont have to be released as they're deemed personal", "created_at": "2016-09-27T06:39:28.000Z", "id": "780658093860483072"}, {"edit_history_tweet_ids": ["780621443323146242"], "author_id": "1455525678", "text": "\"Maybe the type of love she wants is unrealistic. but take the challenge and be the one that never leaves.\" - Adrian Michael", "created_at": "2016-09-27T04:13:49.000Z", "id": "780621443323146242"}], "meta": {"newest_id": "782958301055098880", "oldest_id": "780621443323146242", "result_count": 98, "next_token": "1jzu9lk96gu5npw2ybkevypw8ydsvt4r5sgon5kurbst"}}