{"data": [{"edit_history_tweet_ids": ["785951701849300992"], "text": "RT @TheFourthPeriod: Kings also send Adrian Kempe &amp; Michael Mersch to AHL... some thought at least 1 would make team out of camp. Kings rea\u2026", "author_id": "173663209", "created_at": "2016-10-11T21:14:22.000Z", "id": "785951701849300992"}, {"edit_history_tweet_ids": ["785950614689812481"], "text": "RT @TheFourthPeriod: Kings also send Adrian Kempe &amp; Michael Mersch to AHL... some thought at least 1 would make team out of camp. Kings rea\u2026", "author_id": "53505409", "created_at": "2016-10-11T21:10:03.000Z", "id": "785950614689812481"}, {"edit_history_tweet_ids": ["785949739481239552"], "text": "Kings also send Adrian Kempe &amp; Michael Mersch to AHL... some thought at least 1 would make team out of camp. Kings really high on Kempe", "author_id": "45693644", "created_at": "2016-10-11T21:06:34.000Z", "id": "785949739481239552"}, {"edit_history_tweet_ids": ["785921120910344192"], "text": "\"She is water, powerful enough to drown you, soft enough to cleanse you, deep enough to save you\" \ud83d\udc51 - Adrian Michael", "author_id": "2842147915", "created_at": "2016-10-11T19:12:51.000Z", "id": "785921120910344192"}, {"edit_history_tweet_ids": ["785896377985269760"], "text": "She is water, powerful enough to drown you, soft enough to cleanse you, deep enough to save you... - Adrian Michael", "author_id": "35094793", "created_at": "2016-10-11T17:34:32.000Z", "id": "785896377985269760"}, {"edit_history_tweet_ids": ["785819290893037568"], "text": "@Michael_Koepfli @mueller_adrian @Erich_Hess @lschmitter Wiederwahl vorausgesetzt - versprochen!", "author_id": "58773902", "created_at": "2016-10-11T12:28:13.000Z", "id": "785819290893037568"}, {"edit_history_tweet_ids": ["785810883981217792"], "text": "RT @Independent: Book collector 'stabbed to death over Wind in the Willows book' https://t.co/TRZpmYwH1P", "author_id": "170636353", "created_at": "2016-10-11T11:54:49.000Z", "id": "785810883981217792"}, {"edit_history_tweet_ids": ["785713172472659968"], "text": "RT @nessa_sarah: @adrian_gunter @MMarchant96 @BigKat53 @itss_nattlesss @Meaggerss86 oh Michael and his jack ass comments, nothing outta the\u2026", "author_id": "452639702", "created_at": "2016-10-11T05:26:32.000Z", "id": "785713172472659968"}, {"edit_history_tweet_ids": ["785713088867598336"], "text": "@adrian_gunter @MMarchant96 @BigKat53 @itss_nattlesss @Meaggerss86 oh Michael and his jack ass comments, nothing outta the norm \ud83d\ude07", "author_id": "424628168", "created_at": "2016-10-11T05:26:12.000Z", "id": "785713088867598336"}, {"edit_history_tweet_ids": ["785652080342020098"], "text": "RT @BlissMauiWed: \"She's the kind of magic that you marry\" - Adrian Michael #bliss #mauiwedding #bride #bridestyle @AnnaKimPhoto https://t.\u2026", "author_id": "14309125", "created_at": "2016-10-11T01:23:47.000Z", "id": "785652080342020098"}, {"edit_history_tweet_ids": ["785640255814635520"], "text": "\"She's the kind of magic that you marry\" - Adrian Michael #bliss #mauiwedding #bride #bridestyle @AnnaKimPhoto https://t.co/isuEdyqtLh https://t.co/AJNsxRPpqd", "author_id": "513483189", "created_at": "2016-10-11T00:36:48.000Z", "id": "785640255814635520"}, {"edit_history_tweet_ids": ["785631560959688704"], "text": "16FPP 9    16FCA 10 [Top 4th] [P: #8 Adrian Placencia] [B: #3 Michael Briant]", "author_id": "375954532", "created_at": "2016-10-11T00:02:15.000Z", "id": "785631560959688704"}, {"edit_history_tweet_ids": ["785614484614381569"], "text": "RT @Joe_McHugh_TD: Oifig an Phoist Gleann Cholm Cille athoscailte inniu. Maith sibh Adrian &amp; Michael Byrne. Deas buaileadh le Liam @OideasG\u2026", "author_id": "212751384", "created_at": "2016-10-10T22:54:23.000Z", "id": "785614484614381569"}, {"edit_history_tweet_ids": ["785598184022081536"], "text": "Adrian looks like Michael Keaton. #FirstDates152", "author_id": "24873990", "created_at": "2016-10-10T21:49:37.000Z", "id": "785598184022081536"}, {"edit_history_tweet_ids": ["785573756118892544"], "text": "PO foscailte ar ais; comghairdeas (Adrian, Michael, S\u00e9amus). GRMA Mary Breslin, Annie McGinley, Margaret McHugh, An Charraig. An Post.", "author_id": "119480989", "created_at": "2016-10-10T20:12:33.000Z", "id": "785573756118892544"}, {"edit_history_tweet_ids": ["785541675670265856"], "text": "@MichaelCastner @adriangrenier You are so right, Michael and Adrian. It is and never has been locker room talk. Thanks for this.", "author_id": "23836895", "created_at": "2016-10-10T18:05:04.000Z", "id": "785541675670265856"}, {"edit_history_tweet_ids": ["785510597471440896"], "text": "RT @Joe_McHugh_TD: Oifig an Phoist Gleann Cholm Cille athoscailte inniu. Maith sibh Adrian &amp; Michael Byrne. Deas buaileadh le Liam @OideasG\u2026", "author_id": "119480989", "created_at": "2016-10-10T16:01:35.000Z", "id": "785510597471440896"}, {"edit_history_tweet_ids": ["785487868349255680"], "text": "RT @Joe_McHugh_TD: Oifig an Phoist Gleann Cholm Cille athoscailte inniu. Maith sibh Adrian &amp; Michael Byrne. Deas buaileadh le Liam @OideasG\u2026", "author_id": "2584562035", "created_at": "2016-10-10T14:31:16.000Z", "id": "785487868349255680"}, {"edit_history_tweet_ids": ["785484598625132544"], "text": "Oifig an Phoist Gleann Cholm Cille athoscailte inniu. Maith sibh Adrian &amp; Michael Byrne. Deas buaileadh le Liam @OideasGael fosta https://t.co/I3dNCvAoNt", "author_id": "236912210", "created_at": "2016-10-10T14:18:16.000Z", "id": "785484598625132544"}, {"edit_history_tweet_ids": ["785457764210475009"], "text": "Check out Michael Morpurgo talking #946 @WeAreKneehigh @BirminghamRep on Adrian Goldberg 1hr 50mins in 10/10/2016 https://t.co/XFy9CgocfB", "author_id": "117074766", "created_at": "2016-10-10T12:31:38.000Z", "id": "785457764210475009"}, {"edit_history_tweet_ids": ["785450721818845184"], "text": "@Adrian_FFC @MichaelCox3792 and that is the exact reason why Michael hates Shearer", "author_id": "26553783", "created_at": "2016-10-10T12:03:39.000Z", "id": "785450721818845184"}, {"edit_history_tweet_ids": ["785418565654499329"], "text": "RT @EssendonFC: Adrian Dodoro gave an update today on negotiations with Melbourne regarding Michael Hibberd: https://t.co/JSYlMlsVab https:\u2026", "author_id": "617776715", "created_at": "2016-10-10T09:55:53.000Z", "id": "785418565654499329"}, {"edit_history_tweet_ids": ["785417498007003136"], "text": "RT @EssendonFC: Adrian Dodoro gave an update today on negotiations with Melbourne regarding Michael Hibberd: https://t.co/JSYlMlsVab https:\u2026", "author_id": "782448056599883776", "created_at": "2016-10-10T09:51:38.000Z", "id": "785417498007003136"}, {"edit_history_tweet_ids": ["785367041473650688"], "text": "U23 World Cup - Coaching staff announces final roster... Congratulations to our Indians Adrian, Alex and Michael https://t.co/iXB5DFlGED", "author_id": "2680138374", "created_at": "2016-10-10T06:31:08.000Z", "id": "785367041473650688"}, {"edit_history_tweet_ids": ["785348244607946752"], "text": "RT @EssendonFC: Adrian Dodoro gave an update today on negotiations with Melbourne regarding Michael Hibberd: https://t.co/JSYlMlsVab https:\u2026", "author_id": "1265655157", "created_at": "2016-10-10T05:16:27.000Z", "id": "785348244607946752"}, {"edit_history_tweet_ids": ["785346926824787972"], "text": "Adrian Dodoro gave an update today on negotiations with Melbourne regarding Michael Hibberd: https://t.co/JSYlMlsVab https://t.co/mezzYd2Da0", "author_id": "25903941", "created_at": "2016-10-10T05:11:13.000Z", "id": "785346926824787972"}, {"edit_history_tweet_ids": ["785325450918637568"], "text": "@Adrian_diaz23 is jelly cause he know I can get those high vocals like Michael Jackson \ud83d\ude02", "author_id": "1328378478", "created_at": "2016-10-10T03:45:52.000Z", "id": "785325450918637568"}, {"edit_history_tweet_ids": ["785315117357469696"], "text": "Si en estos 10 dias no llegas . Te tengo en mis brazos el 21 o 22 .. Michael Adrian! !! \ud83d\udc98 #Ansiosa", "author_id": "458525173", "created_at": "2016-10-10T03:04:49.000Z", "id": "785315117357469696"}, {"edit_history_tweet_ids": ["785264757716553728"], "text": "Kerrin McEvoy joins Michael after winning the Thousand Guineas on Gai Waterhouse/Adrian Bott trained Global Glamour https://t.co/Zx8jjf5aOX", "author_id": "304217661", "created_at": "2016-10-09T23:44:42.000Z", "id": "785264757716553728"}, {"edit_history_tweet_ids": ["785254054335090688"], "text": "@Michael_Fabiano a good back fights through traffic. Adrian didn't have a great Line that often", "author_id": "844763118", "created_at": "2016-10-09T23:02:10.000Z", "id": "785254054335090688"}, {"edit_history_tweet_ids": ["785181446616944640"], "text": "Michael Ficaro called for hooking in the defensive zone and the Adrian Bulldogs are on the power play", "author_id": "2239912980", "created_at": "2016-10-09T18:13:39.000Z", "id": "785181446616944640"}, {"edit_history_tweet_ids": ["785145153875021824"], "text": "RT @mjksportsevents: DO NOT MISS THIS! ADRIAN LEWIS, MICHAEL SMITH &amp; DAVE CHISNALL IN KEIGHLEY 1ST DECEMBER. https://t.co/NqCiK2DOUs #BARNS\u2026", "author_id": "2512452103", "created_at": "2016-10-09T15:49:26.000Z", "id": "785145153875021824"}, {"edit_history_tweet_ids": ["785117670853050368"], "text": "sunday well spent \ud83d\ude46\ud83c\udffb (with Caroline, Adrian, and Michael) [pic] \u2014 https://t.co/fuTn4BNn4G", "author_id": "202630170", "created_at": "2016-10-09T14:00:14.000Z", "id": "785117670853050368"}, {"edit_history_tweet_ids": ["785071077030363136"], "text": "Yo Adrian I did it\nMichael Bisping\nUFC https://t.co/25T0jwpHao", "author_id": "855878720", "created_at": "2016-10-09T10:55:05.000Z", "id": "785071077030363136"}, {"edit_history_tweet_ids": ["785055730210516992"], "text": "yuhuuu \ud83d\ude46\ud83c\udffb\ud83d\ude46\ud83c\udffb\ud83d\ude46\ud83c\udffb\ud83d\ude46\ud83c\udffb (with Caroline, Adrian, and Michael at Lucky Cat Coffee &amp; Kitchen) \u2014 https://t.co/a16voM6UVA", "author_id": "202630170", "created_at": "2016-10-09T09:54:06.000Z", "id": "785055730210516992"}, {"edit_history_tweet_ids": ["785048815141355520"], "text": "\u201cmy love isn\u2019t too deep you just never learned how to swim.\u201d - adrian michael (via poemsporn) https://t.co/H2bXbOqZyI", "author_id": "212847274", "created_at": "2016-10-09T09:26:37.000Z", "id": "785048815141355520"}, {"edit_history_tweet_ids": ["784922554104328192"], "text": "Katie Ledecky continues to lead U.S.\u2019s medal charge in pool\n\nhttps://t.co/NR64mJ5xgH https://t.co/8IjnRG5aX1", "author_id": "719426622777008128", "created_at": "2016-10-09T01:04:54.000Z", "id": "784922554104328192"}, {"edit_history_tweet_ids": ["784903906686017537"], "text": "Michael Mayo Adrian Mercieca Luke BuZu Busuttil https://t.co/rsMOMlNuh6", "author_id": "378283529", "created_at": "2016-10-08T23:50:48.000Z", "id": "784903906686017537"}, {"edit_history_tweet_ids": ["784826048588513281"], "text": "RT @BoxingHistory: PRO DEBUT KNOCKOUT - Michael Moorer TKO1 Adrian Riggs, from 1988 #boxing #history #knockout https://t.co/vu5lfMNPiB", "author_id": "702664786014826497", "created_at": "2016-10-08T18:41:26.000Z", "id": "784826048588513281"}, {"edit_history_tweet_ids": ["784814342420193280"], "text": "RT @mjksportsevents: ADRIAN LEWIS, MICHAEL SMITH &amp; DAVE CHISNALL IN KEIGHLEY THURS 1ST DECEMBER. https://t.co/25FWeQSAYe #BARNSLEYHOUR @Bar\u2026", "author_id": "2512452103", "created_at": "2016-10-08T17:54:55.000Z", "id": "784814342420193280"}, {"edit_history_tweet_ids": ["784795124207353856"], "text": "Worst commentators/pundits;\n\nStan Collymore\nMichael Owen\nGarth Crooks\nAndy Townsend\nAdrian Chiles", "author_id": "1596986798", "created_at": "2016-10-08T16:38:33.000Z", "id": "784795124207353856"}, {"edit_history_tweet_ids": ["784790859514515457"], "text": "Update: Adrian \u201cAJ\u201d Jones murder *Stepmother, Heather Jones, pled guilty; Father, Michael, will go to trial in Feb\u2026 https://t.co/46sG5E2oB2", "author_id": "741064509540859905", "created_at": "2016-10-08T16:21:36.000Z", "id": "784790859514515457"}, {"edit_history_tweet_ids": ["784770756387364864"], "text": "RT @BoxingHistory: PRO DEBUT KNOCKOUT - Michael Moorer TKO1 Adrian Riggs, from 1988 #boxing #history #knockout https://t.co/vu5lfMNPiB", "author_id": "48372697", "created_at": "2016-10-08T15:01:43.000Z", "id": "784770756387364864"}, {"edit_history_tweet_ids": ["784765854432964608"], "text": "RT @BoxingHistory: PRO DEBUT KNOCKOUT - Michael Moorer TKO1 Adrian Riggs, from 1988 #boxing #history #knockout https://t.co/vu5lfMNPiB", "author_id": "258561642", "created_at": "2016-10-08T14:42:14.000Z", "id": "784765854432964608"}, {"edit_history_tweet_ids": ["784764891504734209"], "text": "RT @BoxingHistory: PRO DEBUT KNOCKOUT - Michael Moorer TKO1 Adrian Riggs, from 1988 #boxing #history #knockout https://t.co/vu5lfMNPiB", "author_id": "219048030", "created_at": "2016-10-08T14:38:25.000Z", "id": "784764891504734209"}, {"edit_history_tweet_ids": ["784762407394668544"], "text": "RT @BoxingHistory: PRO DEBUT KNOCKOUT - Michael Moorer TKO1 Adrian Riggs, from 1988 #boxing #history #knockout https://t.co/vu5lfMNPiB", "author_id": "480919765", "created_at": "2016-10-08T14:28:32.000Z", "id": "784762407394668544"}, {"edit_history_tweet_ids": ["784762393238855684"], "text": "Check out #AdrianBranch #Autographed Trading Card #Basketball Michael #Jordan #Blazers #Bulls  https://t.co/PNlCLmGWE1 via @eBay", "author_id": "3290309733", "created_at": "2016-10-08T14:28:29.000Z", "id": "784762393238855684"}, {"edit_history_tweet_ids": ["784762259419586560"], "text": "RT @BoxingHistory: PRO DEBUT KNOCKOUT - Michael Moorer TKO1 Adrian Riggs, from 1988 #boxing #history #knockout https://t.co/vu5lfMNPiB", "author_id": "419541807", "created_at": "2016-10-08T14:27:57.000Z", "id": "784762259419586560"}, {"edit_history_tweet_ids": ["784761272495505409"], "text": "RT @BoxingHistory: PRO DEBUT KNOCKOUT - Michael Moorer TKO1 Adrian Riggs, from 1988 #boxing #history #knockout https://t.co/vu5lfMNPiB", "author_id": "1066941180", "created_at": "2016-10-08T14:24:02.000Z", "id": "784761272495505409"}, {"edit_history_tweet_ids": ["784761098121519104"], "text": "RT @BoxingHistory: PRO DEBUT KNOCKOUT - Michael Moorer TKO1 Adrian Riggs, from 1988 #boxing #history #knockout https://t.co/vu5lfMNPiB", "author_id": "172593752", "created_at": "2016-10-08T14:23:20.000Z", "id": "784761098121519104"}, {"edit_history_tweet_ids": ["784760981981306882"], "text": "PRO DEBUT KNOCKOUT - Michael Moorer TKO1 Adrian Riggs, from 1988 #boxing #history #knockout https://t.co/vu5lfMNPiB", "author_id": "482474212", "created_at": "2016-10-08T14:22:52.000Z", "id": "784760981981306882"}, {"edit_history_tweet_ids": ["784711438333911041"], "text": "@Jiebeans88 @quiingi @KWMom02 @tikisoka I loved that play\ud83d\ude0d Male lead was played by Adrian Pang&amp;Michael Lee. ML is LS's ex\ud83d\ude05\ud83d\ude0d #ALDUBHappiness", "author_id": "3345702254", "created_at": "2016-10-08T11:06:00.000Z", "id": "784711438333911041"}, {"edit_history_tweet_ids": ["784694720488497153"], "text": "Pedison Jose Baquiran Jomarie Varlys MacDo Ramirez Renz Michael Gumpal Natsu Gaffud Gumpal Adrian Fronda Reymar... https://t.co/452Q22syFs", "author_id": "2188509469", "created_at": "2016-10-08T09:59:34.000Z", "id": "784694720488497153"}, {"edit_history_tweet_ids": ["784630874750984192"], "text": "Another Great grandBaby#6. Welcome 1-week old Adrian Michael Barrios #cousinMode glad to see his momma grow up now i have him. #myheart \ud83d\udc95 https://t.co/edkULubNwY", "author_id": "41396996", "created_at": "2016-10-08T05:45:52.000Z", "id": "784630874750984192"}, {"edit_history_tweet_ids": ["784605241027231748"], "text": "Sold! #Auctioneer Michael Poulos 121 Wilson Rd Hinchinbrook by Nick &amp; Adrian, Ray White Green Valley $785k, $175k over reserve #sydre", "author_id": "2219388938", "created_at": "2016-10-08T04:04:01.000Z", "id": "784605241027231748"}, {"edit_history_tweet_ids": ["784586665780183040"], "text": "@Michael_Fabiano would you trade antonio brown and adrian foster for deandre hopkins and lamar miller", "author_id": "253336071", "created_at": "2016-10-08T02:50:12.000Z", "id": "784586665780183040"}, {"edit_history_tweet_ids": ["784480319248343040"], "text": "Bonnie: Update: Adrian \u201cAJ\u201d Jones murder *Stepmother, Heather Jones, pled guilty; Father, Michael, will go to... https://t.co/NoCxrxnpY2", "author_id": "17888852", "created_at": "2016-10-07T19:47:37.000Z", "id": "784480319248343040"}, {"edit_history_tweet_ids": ["784474453505781760"], "text": "Update: Adrian \u201cAJ\u201d Jones murder *Stepmother, Heather Jones, pled guilty; Father, Michael,\u2026 https://t.co/UhXRu7VioE https://t.co/86Yp8YvPXC", "author_id": "15996412", "created_at": "2016-10-07T19:24:19.000Z", "id": "784474453505781760"}, {"edit_history_tweet_ids": ["784460815470592001"], "text": "Adrian g\u00f6r Michael Jackson s\u00e5 j\u00e4vla bra! Och s\u00e5 swag han \u00e4r p\u00e5 scen \ud83d\ude0a\ud83d\udc4d\ud83c\udffb\ud83d\udc4f\ud83c\udffb #IdolSE", "author_id": "921164282", "created_at": "2016-10-07T18:30:07.000Z", "id": "784460815470592001"}, {"edit_history_tweet_ids": ["784446025025064960"], "text": "IT'S THE SEMI FINALS TONIGHT IN DUBLIN! Join us Adrian Lewis, Dave Chisnall &amp; Michael Smith on the 1st December. https://t.co/rhMXv3kmX3 https://t.co/hlJsVpJSep", "author_id": "2210015986", "created_at": "2016-10-07T17:31:21.000Z", "id": "784446025025064960"}, {"edit_history_tweet_ids": ["784405478340112384"], "text": "Top Tweets: Adrian Peterson runs into Michael Jordan at Ryder Cup - https://t.co/EqEmT5merI https://t.co/3XIFMDH7ON", "author_id": "585502360", "created_at": "2016-10-07T14:50:14.000Z", "id": "784405478340112384"}, {"edit_history_tweet_ids": ["784402934486274048"], "text": "Top Tweets: Adrian Peterson runs into Michael Jordan at Ryder Cup - https://t.co/FTLwxpMAtG https://t.co/A15kltNGRy", "author_id": "587727598", "created_at": "2016-10-07T14:40:07.000Z", "id": "784402934486274048"}, {"edit_history_tweet_ids": ["784400274983006209"], "text": "Top Tweets: Adrian Peterson runs into Michael Jordan at Ryder Cup: FOX Sports North's Ryan Lund scours\u2026 https://t.co/2WYy8gdio4 #north https://t.co/spXbBe4MRv", "author_id": "199874723", "created_at": "2016-10-07T14:29:33.000Z", "id": "784400274983006209"}, {"edit_history_tweet_ids": ["784399209428557824"], "text": "Top Tweets: Adrian Peterson runs into Michael Jordan at Ryder Cup https://t.co/4L1dbgMYYt \n\nXavier Rhodes, Vikings cornerback\n\n TWITTER NA\u2026", "author_id": "532381129", "created_at": "2016-10-07T14:25:19.000Z", "id": "784399209428557824"}, {"edit_history_tweet_ids": ["784398595264917504"], "text": "Top Tweets: Adrian Peterson runs into Michael Jordan at Ryder Cup https://t.co/KZ9nHAjeMt https://t.co/phV6uI5BU0", "author_id": "348969265", "created_at": "2016-10-07T14:22:53.000Z", "id": "784398595264917504"}, {"edit_history_tweet_ids": ["784398113385619457"], "text": "Top Tweets: Adrian Peterson runs into Michael Jordan at Ryder Cup https://t.co/IhntpvQvhK", "author_id": "3424487413", "created_at": "2016-10-07T14:20:58.000Z", "id": "784398113385619457"}, {"edit_history_tweet_ids": ["784397711294488576"], "text": "Top Tweets: Adrian Peterson runs into Michael Jordan at Ryder Cup: /*&lt;![CDATA[*/ epmads_key\u2026 https://t.co/bb2QkzEnhY", "author_id": "532381129", "created_at": "2016-10-07T14:19:22.000Z", "id": "784397711294488576"}, {"edit_history_tweet_ids": ["784397454691053568"], "text": "Top Tweets: Adrian Peterson runs into Michael Jordan at Ryder\u00a0Cup https://t.co/kAelbGlwTT", "author_id": "532381129", "created_at": "2016-10-07T14:18:21.000Z", "id": "784397454691053568"}, {"edit_history_tweet_ids": ["784396852477255680"], "text": "[FoxSport] Top Tweets: Adrian Peterson runs into Michael Jordan at Ryder Cup https://t.co/Lp03aVS9z6", "author_id": "748729174089539586", "created_at": "2016-10-07T14:15:57.000Z", "id": "784396852477255680"}, {"edit_history_tweet_ids": ["784342619195371520"], "text": "RT @mjksportsevents: DO NOT MISS THIS! ADRIAN LEWIS, MICHAEL SMITH &amp; DAVE CHISNALL IN KEIGHLEY 1ST DECEMBER. https://t.co/NqCiK2DOUs #BARNS\u2026", "author_id": "2512452103", "created_at": "2016-10-07T10:40:27.000Z", "id": "784342619195371520"}, {"edit_history_tweet_ids": ["784338674779426817"], "text": "RT @mattrankin180: It seems twitter is spilling over today before a dart has been thrown. Whether you support Gary, Michael, Phil or Adrian\u2026", "author_id": "387124813", "created_at": "2016-10-07T10:24:47.000Z", "id": "784338674779426817"}, {"edit_history_tweet_ids": ["784316620638330881"], "text": "RT @mjksportsevents: ADRIAN LEWIS, MICHAEL SMITH &amp; DAVE CHISNALL IN KEIGHLEY THURS 1ST  DECEMBER. https://t.co/25FWeQSAYe #BARNSLEYHOUR @Wa\u2026", "author_id": "1157034901", "created_at": "2016-10-07T08:57:08.000Z", "id": "784316620638330881"}, {"edit_history_tweet_ids": ["784299006222413824"], "text": "RT @mjksportsevents: DO NOT MISS THIS! ADRIAN LEWIS, MICHAEL SMITH &amp; DAVE CHISNALL IN KEIGHLEY THURS 1ST DECEMBER. https://t.co/25FWeQSAYe\u2026", "author_id": "286421557", "created_at": "2016-10-07T07:47:09.000Z", "id": "784299006222413824"}, {"edit_history_tweet_ids": ["784233051270197248"], "text": "Just dropped Michael Floyd picked up Adrian Peterson and put him on my IR spot. Have an open spot which has more value than Floyd.", "author_id": "33709873", "created_at": "2016-10-07T03:25:04.000Z", "id": "784233051270197248"}, {"edit_history_tweet_ids": ["784193680265601024"], "text": "Ganito ako haha Natsu Gaffud Gumpal Renz Michael Gumpal Pedison Jose Baquiran MacDo Ramirez Adrian Fronda Reymar... https://t.co/h7hJ4D5y0S", "author_id": "2188509469", "created_at": "2016-10-07T00:48:37.000Z", "id": "784193680265601024"}, {"edit_history_tweet_ids": ["784185949483831296"], "text": "@Michael Br\u00fcnner Cindy Ernst Godinez Adrian Godinez Amie Danielle Dansby\n\nwanna get involved? https://t.co/FYEzJciOLl", "author_id": "323144283", "created_at": "2016-10-07T00:17:54.000Z", "id": "784185949483831296"}, {"edit_history_tweet_ids": ["784165701380608000"], "text": "@adrianhansel Adrian, lots of Michael Ball fans are wondering if you are joining him +Alfie on their upcoming tour.we hope you are", "author_id": "89290857", "created_at": "2016-10-06T22:57:26.000Z", "id": "784165701380608000"}, {"edit_history_tweet_ids": ["784165314837774337"], "text": "\"She is water. Powerful enough to drown you, soft enough to cleanse you, deep enough to save you.\" - Adrian Michael https://t.co/5R6o6jJuxU", "author_id": "104072373", "created_at": "2016-10-06T22:55:54.000Z", "id": "784165314837774337"}, {"edit_history_tweet_ids": ["784152462060052480"], "text": "RT @mjksportsevents: DO NOT MISS THIS! ADRIAN LEWIS, MICHAEL SMITH &amp; DAVE CHISNALL IN KEIGHLEY 1ST DECEMBER. https://t.co/NqCiK2DOUs #BARNS\u2026", "author_id": "286421557", "created_at": "2016-10-06T22:04:50.000Z", "id": "784152462060052480"}, {"edit_history_tweet_ids": ["784151256986226689"], "text": "RT @mjksportsevents: DO NOT MISS THIS! ADRIAN LEWIS, MICHAEL SMITH &amp; DAVE CHISNALL IN KEIGHLEY THIS DECEMBER. #HALIFAXHOUR @Halifax_Hour @H\u2026", "author_id": "286421557", "created_at": "2016-10-06T22:00:03.000Z", "id": "784151256986226689"}, {"edit_history_tweet_ids": ["784128066654244864"], "text": "RT @mjksportsevents: DO NOT MISS THIS! ADRIAN LEWIS, MICHAEL SMITH &amp; DAVE CHISNALL IN KEIGHLEY THIS DECEMBER. #HALIFAXHOUR @Halifax_Hour @H\u2026", "author_id": "242443204", "created_at": "2016-10-06T20:27:54.000Z", "id": "784128066654244864"}, {"edit_history_tweet_ids": ["784119394850963460"], "text": "RT @mattrankin180: It seems twitter is spilling over today before a dart has been thrown. Whether you support Gary, Michael, Phil or Adrian\u2026", "author_id": "426784876", "created_at": "2016-10-06T19:53:26.000Z", "id": "784119394850963460"}, {"edit_history_tweet_ids": ["784115015943065600"], "text": "RT @mjksportsevents: ADRIAN LEWIS, MICHAEL SMITH &amp; DAVE CHISNALL IN KEIGHLEY THURS 1ST DECEMBER. https://t.co/25FWeQSAYe #BARNSLEYHOUR @Bar\u2026", "author_id": "1960639806", "created_at": "2016-10-06T19:36:02.000Z", "id": "784115015943065600"}, {"edit_history_tweet_ids": ["784111702237405184"], "text": "RT @mjksportsevents: ADRIAN LEWIS, MICHAEL SMITH &amp; DAVE CHISNALL IN KEIGHLEY THURS 1ST  DECEMBER. https://t.co/25FWeQSAYe #BARNSLEYHOUR @Wa\u2026", "author_id": "2512452103", "created_at": "2016-10-06T19:22:52.000Z", "id": "784111702237405184"}, {"edit_history_tweet_ids": ["784111609190821888"], "text": "IMDb. Top Horror Films. Fatal Attraction (1987) Michael Douglas, Glenn Close, Anne Archer. Director: Adrian Lyne.", "author_id": "37156227", "created_at": "2016-10-06T19:22:30.000Z", "id": "784111609190821888"}, {"edit_history_tweet_ids": ["784109774082347009"], "text": "DO NOT MISS THIS! ADRIAN LEWIS, MICHAEL SMITH &amp; DAVE CHISNALL IN KEIGHLEY 1ST DECEMBER. https://t.co/NqCiK2DOUs #BARNSLEYHOUR @BarnsleysHour https://t.co/r6n202BK5G", "author_id": "2210015986", "created_at": "2016-10-06T19:15:12.000Z", "id": "784109774082347009"}, {"edit_history_tweet_ids": ["784108726026395648"], "text": "RT @mjksportsevents: ADRIAN LEWIS, MICHAEL SMITH &amp; DAVE CHISNALL IN KEIGHLEY THURS 1ST DECEMBER. https://t.co/25FWeQSAYe #BARNSLEYHOUR @Bar\u2026", "author_id": "2512452103", "created_at": "2016-10-06T19:11:02.000Z", "id": "784108726026395648"}, {"edit_history_tweet_ids": ["784108515602362369"], "text": "DO NOT MISS THIS! ADRIAN LEWIS, MICHAEL SMITH &amp; DAVE CHISNALL IN KEIGHLEY THIS DECEMBER. #HALIFAXHOUR @Halifax_Hour @HalifaxHour #DARTS https://t.co/v5aZXRdlNp", "author_id": "2210015986", "created_at": "2016-10-06T19:10:12.000Z", "id": "784108515602362369"}, {"edit_history_tweet_ids": ["784108506592968704"], "text": "DO NOT MISS THIS! ADRIAN LEWIS, MICHAEL SMITH &amp; DAVE CHISNALL IN KEIGHLEY THURS 1ST DECEMBER. https://t.co/25FWeQSAYe @LeedsHour #LEEDSHOUR https://t.co/UM8IMl5FNe", "author_id": "2210015986", "created_at": "2016-10-06T19:10:10.000Z", "id": "784108506592968704"}, {"edit_history_tweet_ids": ["784108096155164672"], "text": "ADRIAN LEWIS, MICHAEL SMITH &amp; DAVE CHISNALL IN KEIGHLEY THURS 1ST  DECEMBER. https://t.co/25FWeQSAYe #BARNSLEYHOUR @WakefieldHour https://t.co/VAhv1F6Nje", "author_id": "2210015986", "created_at": "2016-10-06T19:08:32.000Z", "id": "784108096155164672"}, {"edit_history_tweet_ids": ["784107906274918400"], "text": "ADRIAN LEWIS, MICHAEL SMITH &amp; DAVE CHISNALL IN KEIGHLEY THURS 1ST DECEMBER. https://t.co/25FWeQSAYe #BARNSLEYHOUR @BarnsleysHour https://t.co/hlaxA88Cah", "author_id": "2210015986", "created_at": "2016-10-06T19:07:47.000Z", "id": "784107906274918400"}, {"edit_history_tweet_ids": ["784102735763369984"], "text": "Michael Adrian Pierce https://t.co/v4xwYf50r9", "author_id": "600335728", "created_at": "2016-10-06T18:47:14.000Z", "id": "784102735763369984"}, {"edit_history_tweet_ids": ["784088671821635584"], "text": "RT @adrian_dbe: PhotosHistos: Sylvester Stallone, Michael Caine, Pel\u00e9 et John Huston, Escape to Victory, 1981 #cinema https://t.co/AOAnE418\u2026", "author_id": "721799988234346496", "created_at": "2016-10-06T17:51:21.000Z", "id": "784088671821635584"}, {"edit_history_tweet_ids": ["784075798810599424"], "text": "It seems twitter is spilling over today before a dart has been thrown. Whether you support Gary, Michael, Phil or Adrian.. respect them all!", "author_id": "943432704", "created_at": "2016-10-06T17:00:12.000Z", "id": "784075798810599424"}, {"edit_history_tweet_ids": ["783987378222460928"], "text": "#DellEMCForum  Great keynote by Adrian, Jeremy and Michael Dell. Let the transformation begin! https://t.co/9PvEA32h7c", "author_id": "3382071615", "created_at": "2016-10-06T11:08:51.000Z", "id": "783987378222460928"}, {"edit_history_tweet_ids": ["783980846726443008"], "text": "@luc1311 https://t.co/lpdFEqs3QQ", "author_id": "60258167", "created_at": "2016-10-06T10:42:54.000Z", "id": "783980846726443008"}, {"edit_history_tweet_ids": ["783955087387455488"], "text": "Adrian Dodoro discusses about the Michael Hibberd deal: https://t.co/lsynz7qqHj\n#DonTheSash https://t.co/ig5RphPPAN", "author_id": "25903941", "created_at": "2016-10-06T09:00:32.000Z", "id": "783955087387455488"}, {"edit_history_tweet_ids": ["783945045527425024"], "text": "BACHELOR PARTY (1984) Tom Hanks Adrian Zmed Tawny Kitaen Michael Dudikoff SEALED https://t.co/YTVnpnY7yn https://t.co/KCyTX7D7f0", "author_id": "773851039997059072", "created_at": "2016-10-06T08:20:38.000Z", "id": "783945045527425024"}], "meta": {"newest_id": "785951701849300992", "oldest_id": "783945045527425024", "result_count": 98, "next_token": "1jzu9lk96gu5npw2ybloj7bub808nggekws7uaqwmw71"}}