{"data": [{"author_id": "15154460", "edit_history_tweet_ids": ["644313422679531525"], "created_at": "2015-09-17T00:54:25.000Z", "text": "RT @SEBLASD: #LASD SEB &amp; many others pay final respects at funeral of Deputy Sheriff/Paramedic Cecilia Maria Hoschet. RIP. http://t.co/YtXI\u2026", "id": "644313422679531525"}, {"author_id": "3421205054", "edit_history_tweet_ids": ["644299457077514240"], "created_at": "2015-09-16T23:58:55.000Z", "text": "RT @SEBLASD: #LASD SEB &amp; many others pay final respects at funeral of Deputy Sheriff/Paramedic Cecilia Maria Hoschet. RIP. http://t.co/YtXI\u2026", "id": "644299457077514240"}, {"author_id": "826192525", "edit_history_tweet_ids": ["644278710200209409"], "created_at": "2015-09-16T22:36:29.000Z", "text": "RT @SEBLASD: #LASD SEB &amp; many others pay final respects at funeral of Deputy Sheriff/Paramedic Cecilia Maria Hoschet. RIP. http://t.co/YtXI\u2026", "id": "644278710200209409"}, {"author_id": "2462692742", "edit_history_tweet_ids": ["644278294506901504"], "created_at": "2015-09-16T22:34:50.000Z", "text": "RT @SEBLASD: #LASD SEB &amp; many others pay final respects at funeral of Deputy Sheriff/Paramedic Cecilia Maria Hoschet. RIP. http://t.co/YtXI\u2026", "id": "644278294506901504"}, {"author_id": "424859646", "edit_history_tweet_ids": ["644268752188538880"], "created_at": "2015-09-16T21:56:55.000Z", "text": "RT @SEBLASD: #LASD SEB &amp; many others pay final respects at funeral of Deputy Sheriff/Paramedic Cecilia Maria Hoschet. RIP. http://t.co/YtXI\u2026", "id": "644268752188538880"}, {"author_id": "222368570", "edit_history_tweet_ids": ["644264230942707714"], "created_at": "2015-09-16T21:38:57.000Z", "text": "RT @SEBLASD: #LASD SEB &amp; many others pay final respects at funeral of Deputy Sheriff/Paramedic Cecilia Maria Hoschet. RIP. http://t.co/YtXI\u2026", "id": "644264230942707714"}, {"author_id": "293775908", "edit_history_tweet_ids": ["644250964661170176"], "created_at": "2015-09-16T20:46:14.000Z", "text": "RT @SEBLASD: #LASD SEB &amp; many others pay final respects at funeral of Deputy Sheriff/Paramedic Cecilia Maria Hoschet. RIP. http://t.co/YtXI\u2026", "id": "644250964661170176"}, {"author_id": "17685447", "edit_history_tweet_ids": ["644239577662656512"], "created_at": "2015-09-16T20:00:59.000Z", "text": "RT @SEBLASD: #LASD SEB &amp; many others pay final respects at funeral of Deputy Sheriff/Paramedic Cecilia Maria Hoschet. RIP. http://t.co/YtXI\u2026", "id": "644239577662656512"}, {"author_id": "293638563", "edit_history_tweet_ids": ["644231971846012929"], "created_at": "2015-09-16T19:30:45.000Z", "text": "RT @SEBLASD: #LASD SEB &amp; many others pay final respects at funeral of Deputy Sheriff/Paramedic Cecilia Maria Hoschet. RIP. http://t.co/YtXI\u2026", "id": "644231971846012929"}, {"author_id": "16314367", "edit_history_tweet_ids": ["644230660979232768"], "created_at": "2015-09-16T19:25:33.000Z", "text": "RT @SEBLASD: #LASD SEB &amp; many others pay final respects at funeral of Deputy Sheriff/Paramedic Cecilia Maria Hoschet. RIP. http://t.co/YtXI\u2026", "id": "644230660979232768"}, {"author_id": "3325354214", "edit_history_tweet_ids": ["644230203204497408"], "created_at": "2015-09-16T19:23:44.000Z", "text": "RT @SEBLASD: #LASD SEB &amp; many others pay final respects at funeral of Deputy Sheriff/Paramedic Cecilia Maria Hoschet. RIP. http://t.co/YtXI\u2026", "id": "644230203204497408"}, {"author_id": "472009754", "edit_history_tweet_ids": ["644227259813859328"], "created_at": "2015-09-16T19:12:02.000Z", "text": "RT @SEBLASD: #LASD SEB &amp; many others pay final respects at funeral of Deputy Sheriff/Paramedic Cecilia Maria Hoschet. RIP. http://t.co/YtXI\u2026", "id": "644227259813859328"}, {"author_id": "2833329937", "edit_history_tweet_ids": ["644222028141035521"], "created_at": "2015-09-16T18:51:15.000Z", "text": "RT @SEBLASD: #LASD SEB &amp; many others pay final respects at funeral of Deputy Sheriff/Paramedic Cecilia Maria Hoschet. RIP. http://t.co/YtXI\u2026", "id": "644222028141035521"}, {"author_id": "942098814", "edit_history_tweet_ids": ["644219480101384192"], "created_at": "2015-09-16T18:41:07.000Z", "text": "RT @SEBLASD: #LASD SEB &amp; many others pay final respects at funeral of Deputy Sheriff/Paramedic Cecilia Maria Hoschet. RIP. http://t.co/YtXI\u2026", "id": "644219480101384192"}, {"author_id": "26874043", "edit_history_tweet_ids": ["644214926559481857"], "created_at": "2015-09-16T18:23:02.000Z", "text": "RT @SEBLASD: #LASD SEB &amp; many others pay final respects at funeral of Deputy Sheriff/Paramedic Cecilia Maria Hoschet. RIP. http://t.co/YtXI\u2026", "id": "644214926559481857"}, {"author_id": "475614488", "edit_history_tweet_ids": ["644210578316103680"], "created_at": "2015-09-16T18:05:45.000Z", "text": "RT @SEBLASD: #LASD SEB &amp; many others pay final respects at funeral of Deputy Sheriff/Paramedic Cecilia Maria Hoschet. RIP. http://t.co/YtXI\u2026", "id": "644210578316103680"}, {"author_id": "579710876", "edit_history_tweet_ids": ["644210035749314560"], "created_at": "2015-09-16T18:03:36.000Z", "text": "RT @SEBLASD: #LASD SEB &amp; many others pay final respects at funeral of Deputy Sheriff/Paramedic Cecilia Maria Hoschet. RIP. http://t.co/YtXI\u2026", "id": "644210035749314560"}, {"author_id": "414244466", "edit_history_tweet_ids": ["644209366002872321"], "created_at": "2015-09-16T18:00:56.000Z", "text": "RT @SEBLASD: #LASD SEB &amp; many others pay final respects at funeral of Deputy Sheriff/Paramedic Cecilia Maria Hoschet. RIP. http://t.co/YtXI\u2026", "id": "644209366002872321"}, {"author_id": "3065622331", "edit_history_tweet_ids": ["644208438948446208"], "created_at": "2015-09-16T17:57:15.000Z", "text": "RT @SEBLASD: #LASD SEB &amp; many others pay final respects at funeral of Deputy Sheriff/Paramedic Cecilia Maria Hoschet. RIP. http://t.co/YtXI\u2026", "id": "644208438948446208"}, {"author_id": "16087692", "edit_history_tweet_ids": ["644208148773900288"], "created_at": "2015-09-16T17:56:06.000Z", "text": "RT @SEBLASD: #LASD SEB &amp; many others pay final respects at funeral of Deputy Sheriff/Paramedic Cecilia Maria Hoschet. RIP. http://t.co/YtXI\u2026", "id": "644208148773900288"}, {"author_id": "364498041", "edit_history_tweet_ids": ["644207258461540352"], "created_at": "2015-09-16T17:52:33.000Z", "text": "RT @SEBLASD: #LASD SEB &amp; many others pay final respects at funeral of Deputy Sheriff/Paramedic Cecilia Maria Hoschet. RIP. http://t.co/YtXI\u2026", "id": "644207258461540352"}, {"author_id": "86988848", "edit_history_tweet_ids": ["644207177981259776"], "created_at": "2015-09-16T17:52:14.000Z", "text": "RT @SEBLASD: #LASD SEB &amp; many others pay final respects at funeral of Deputy Sheriff/Paramedic Cecilia Maria Hoschet. RIP. http://t.co/YtXI\u2026", "id": "644207177981259776"}, {"author_id": "67143433", "edit_history_tweet_ids": ["644207072649740288"], "created_at": "2015-09-16T17:51:49.000Z", "text": "RT @SEBLASD: #LASD SEB &amp; many others pay final respects at funeral of Deputy Sheriff/Paramedic Cecilia Maria Hoschet. RIP. http://t.co/YtXI\u2026", "id": "644207072649740288"}, {"author_id": "217239276", "edit_history_tweet_ids": ["644206059960279040"], "created_at": "2015-09-16T17:47:48.000Z", "text": "RT @SEBLASD: #LASD SEB &amp; many others pay final respects at funeral of Deputy Sheriff/Paramedic Cecilia Maria Hoschet. RIP. http://t.co/YtXI\u2026", "id": "644206059960279040"}, {"author_id": "91637695", "edit_history_tweet_ids": ["644205912924622852"], "created_at": "2015-09-16T17:47:13.000Z", "text": "RT @SEBLASD: #LASD SEB &amp; many others pay final respects at funeral of Deputy Sheriff/Paramedic Cecilia Maria Hoschet. RIP. http://t.co/YtXI\u2026", "id": "644205912924622852"}, {"author_id": "2274094724", "edit_history_tweet_ids": ["644205621093363712"], "created_at": "2015-09-16T17:46:03.000Z", "text": "RT @SEBLASD: #LASD SEB &amp; many others pay final respects at funeral of Deputy Sheriff/Paramedic Cecilia Maria Hoschet. RIP. http://t.co/YtXI\u2026", "id": "644205621093363712"}, {"author_id": "212638721", "edit_history_tweet_ids": ["644204525943828480"], "created_at": "2015-09-16T17:41:42.000Z", "text": "RT @SEBLASD: #LASD SEB &amp; many others pay final respects at funeral of Deputy Sheriff/Paramedic Cecilia Maria Hoschet. RIP. http://t.co/YtXI\u2026", "id": "644204525943828480"}, {"author_id": "94461872", "edit_history_tweet_ids": ["644204212927221760"], "created_at": "2015-09-16T17:40:27.000Z", "text": "RT @SEBLASD: #LASD SEB &amp; many others pay final respects at funeral of Deputy Sheriff/Paramedic Cecilia Maria Hoschet. RIP. http://t.co/YtXI\u2026", "id": "644204212927221760"}, {"author_id": "1261219380", "edit_history_tweet_ids": ["644203864695050241"], "created_at": "2015-09-16T17:39:04.000Z", "text": "#LASD SEB &amp; many others pay final respects at funeral of Deputy Sheriff/Paramedic Cecilia Maria Hoschet. RIP. http://t.co/YtXI3fCzlj", "id": "644203864695050241"}], "meta": {"newest_id": "644313422679531525", "oldest_id": "644203864695050241", "result_count": 29}}