{"data": [{"created_at": "2017-03-31T13:42:02.000Z", "edit_history_tweet_ids": ["847806191384354820"], "author_id": "4158188116", "id": "847806191384354820", "text": "RT @DPoliticaCaroni: De la mano de un gobernador como Francisco Jos\u00e9 Rangel G\u00f3mez, hemos roto paradigmas para hacer de esta una regi\u00f3n... h\u2026"}, {"created_at": "2017-03-31T12:41:10.000Z", "edit_history_tweet_ids": ["847790874234941441"], "author_id": "1101381991", "id": "847790874234941441", "text": "De la mano de un gobernador como Francisco Jos\u00e9 Rangel G\u00f3mez, hemos roto paradigmas para hacer de esta una regi\u00f3n... https://t.co/bt4zL0LgZy"}, {"created_at": "2017-03-31T12:40:13.000Z", "edit_history_tweet_ids": ["847790635801300992"], "author_id": "1101381991", "id": "847790635801300992", "text": "De la mano de un gobernador como Francisco Jos\u00e9 Rangel G\u00f3mez, hemos roto paradigmas para hacer de esta una regi\u00f3n... https://t.co/TriDQQi5ir"}, {"created_at": "2017-03-31T12:14:17.000Z", "edit_history_tweet_ids": ["847784107975352324"], "author_id": "440399960", "id": "847784107975352324", "text": "RT @FSBolivar: Gracias a la mano amiga de Francisco Rangel G\u00f3mez nuestra gerencia de salud ha logrado otorgar m\u00e1s de 330.340... https://t.c\u2026"}, {"created_at": "2017-03-31T11:10:06.000Z", "edit_history_tweet_ids": ["847767959561011200"], "author_id": "2778599047", "id": "847767959561011200", "text": "OPINI\u00d3N | Ante las mentiras de Francisco Espinosa sobre Javier Cercas, por Luciano Fern\u00e1ndez G\u00f3mez. https://t.co/BNXdlBX7qz"}, {"created_at": "2017-03-31T10:31:09.000Z", "edit_history_tweet_ids": ["847758154188193792"], "author_id": "2778599047", "id": "847758154188193792", "text": "OPINI\u00d3N | Ante las mentiras de Francisco Espinosa sobre Javier Cercas, por Luciano Fern\u00e1ndez G\u00f3mez https://t.co/BNXdlCeIi7"}, {"created_at": "2017-03-31T08:46:35.000Z", "edit_history_tweet_ids": ["847731840232243200"], "author_id": "707894769830273024", "id": "847731840232243200", "text": "RT @cadenaazullorca: La concejal Satur Mart\u00ednez De #MedioAmbiente y Juan Francisco G\u00f3mez @GRUPORBITALIA presentan \"Grandes superheroes\" por\u2026"}, {"created_at": "2017-03-31T07:00:13.000Z", "edit_history_tweet_ids": ["847705073547268101"], "author_id": "814775621821853696", "id": "847705073547268101", "text": "Francisco G\u00f3mez Palma abandona la direcci\u00f3n general del Grupo Alfil https://t.co/zf8Alinkz1 https://t.co/WRoe82lxdS"}, {"created_at": "2017-03-31T06:52:18.000Z", "edit_history_tweet_ids": ["847703081366073344"], "author_id": "2992146652", "id": "847703081366073344", "text": "Novedad, Los D\u00edas Suspendidos de Francisco\u00a0G\u00f3mez https://t.co/4iwndQoMSK https://t.co/98gugMyk8R"}, {"created_at": "2017-03-31T06:09:03.000Z", "edit_history_tweet_ids": ["847692195524034560"], "author_id": "218944709", "id": "847692195524034560", "text": "Tabl\u00f3n de Anuncios particular de FRANCISCO GOMEZ LUPION https://t.co/nw6xY6gp9e #Almer\u00eda #tablondeanuncios"}, {"created_at": "2017-03-31T05:12:06.000Z", "edit_history_tweet_ids": ["847677865411854336"], "author_id": "2557618291", "id": "847677865411854336", "text": "RT @AntonioUbilla1: Andr\u00e9s G\u00f3mez y Francisco Segura, 2 grandes del tenis de todos los tiempos @AndresGomezGogo https://t.co/BiegrfTLd3"}, {"created_at": "2017-03-31T03:27:34.000Z", "edit_history_tweet_ids": ["847651555675299840"], "author_id": "2521679689", "id": "847651555675299840", "text": "https://t.co/XwafvUNnDH"}, {"created_at": "2017-03-31T02:55:09.000Z", "edit_history_tweet_ids": ["847643398215409666"], "author_id": "215407561", "id": "847643398215409666", "text": "RT @HomoEspacios: An\u00e1lisis a Fondo\nInfalibilidad papal ex Cathedra\nPor Francisco Gomez Maza/@AFDiario\nhttps://t.co/ZXIomGsfrz https://t.co/\u2026"}, {"created_at": "2017-03-31T02:53:30.000Z", "edit_history_tweet_ids": ["847642985521070081"], "author_id": "2282626418", "id": "847642985521070081", "text": "An\u00e1lisis a Fondo\nInfalibilidad papal ex Cathedra\nPor Francisco Gomez Maza/@AFDiario\nhttps://t.co/ZXIomGsfrz https://t.co/AxTcnyhAZK"}, {"created_at": "2017-03-31T02:37:32.000Z", "edit_history_tweet_ids": ["847638965138055170"], "author_id": "736936108399955968", "id": "847638965138055170", "text": "RT @enrumbado: #EscucheHoy MI\u00c9RCOLES 29 de marzo  al gobernador Francisco Rangel G\u00f3mez* en su programa radial Gobierno al D\u00eda #397 a partir\u2026"}, {"created_at": "2017-03-31T02:31:45.000Z", "edit_history_tweet_ids": ["847637509534228482"], "author_id": "2521679689", "id": "847637509534228482", "text": "Alabado sea el socialismo bolivariano... (es obvio sarcasmo). https://t.co/u2kmykr7fY"}, {"created_at": "2017-03-31T02:09:47.000Z", "edit_history_tweet_ids": ["847631981642788866"], "author_id": "2502222688", "id": "847631981642788866", "text": "((Al aire)) Quien perdio - FRANCISCO GOMEZ en #ColombiaBohemia https://t.co/OEdjSUmMBl"}, {"created_at": "2017-03-31T02:06:56.000Z", "edit_history_tweet_ids": ["847631263972302849"], "author_id": "2293712648", "id": "847631263972302849", "text": "RT @AntonioUbilla1: Andr\u00e9s G\u00f3mez y Francisco Segura, 2 grandes del tenis de todos los tiempos @AndresGomezGogo https://t.co/BiegrfTLd3"}, {"created_at": "2017-03-31T01:53:32.000Z", "edit_history_tweet_ids": ["847627891479158786"], "author_id": "162449540", "id": "847627891479158786", "text": "RT @AntonioUbilla1: Andr\u00e9s G\u00f3mez y Francisco Segura, 2 grandes del tenis de todos los tiempos @AndresGomezGogo https://t.co/BiegrfTLd3"}, {"created_at": "2017-03-31T01:14:17.000Z", "edit_history_tweet_ids": ["847618015499665408"], "author_id": "1101381991", "id": "847618015499665408", "text": "Equipo Pol\u00edtico de Francisco Jos\u00e9 Rangel G\u00f3mez recorri\u00f3 comunidad del CC Villa Esperanzas recibiendo diagn\u00f3stico... https://t.co/Rgjmi3vior"}, {"created_at": "2017-03-31T00:59:29.000Z", "edit_history_tweet_ids": ["847614290932584449"], "author_id": "243062217", "id": "847614290932584449", "text": "RT @AntonioUbilla1: Andr\u00e9s G\u00f3mez y Francisco Segura, 2 grandes del tenis de todos los tiempos @AndresGomezGogo https://t.co/BiegrfTLd3"}, {"created_at": "2017-03-30T23:46:46.000Z", "edit_history_tweet_ids": ["847595991951966208"], "author_id": "186689420", "id": "847595991951966208", "text": "Francisco: \"Por parte el sabado pasado, Gimenez y Gomez, me hacian acordar como jugaba cuando estaba Nico Gimenez\""}, {"created_at": "2017-03-30T23:19:13.000Z", "edit_history_tweet_ids": ["847589058154905600"], "author_id": "237294658", "id": "847589058154905600", "text": "Francisco G\u00f3mez Palma abandona la direcci\u00f3n general del Grupo Alfil https://t.co/61Llvo6ENc https://t.co/9isIVTKNfG"}, {"created_at": "2017-03-30T23:18:11.000Z", "edit_history_tweet_ids": ["847588796501639168"], "author_id": "237285911", "id": "847588796501639168", "text": "Francisco G\u00f3mez Palma abandona la direcci\u00f3n general del Grupo Alfil https://t.co/bgDk2pt3EG https://t.co/Zw06CP5eaU"}, {"created_at": "2017-03-30T23:18:11.000Z", "edit_history_tweet_ids": ["847588796270952448"], "author_id": "237294658", "id": "847588796270952448", "text": "Francisco G\u00f3mez Palma abandona la direcci\u00f3n general del Grupo Alfil https://t.co/v2hjvPAc3G https://t.co/xxc2G6SEK4"}, {"created_at": "2017-03-30T22:57:10.000Z", "edit_history_tweet_ids": ["847583508268756993"], "author_id": "81616673", "id": "847583508268756993", "text": "Francisco G\u00f3mez Palma abandona la direcci\u00f3n general del Grupo Alfil  https://t.co/RCHYcY1roM"}, {"created_at": "2017-03-30T22:24:34.000Z", "edit_history_tweet_ids": ["847575306374270976"], "author_id": "454504717", "id": "847575306374270976", "text": "Instagram post by Francisco Jos\u00e9 Rangel G\u00f3mez \u2022 Mar 21, 2017 at 12:08pm UTC https://t.co/wQZMgDFivT"}, {"created_at": "2017-03-30T22:01:31.000Z", "edit_history_tweet_ids": ["847569504339152896"], "author_id": "1723295227", "id": "847569504339152896", "text": "adalberto comenta, Estados Unidos alcanza la \u201ceconom\u00eda Ricitos de Oro\u201d: Fed de San Francisco https://t.co/Ey2iLgF4G7 . vazquez gomez"}, {"created_at": "2017-03-30T21:53:55.000Z", "edit_history_tweet_ids": ["847567590977409024"], "author_id": "545978380", "id": "847567590977409024", "text": "RT @EstudiantesJaen: Nuestro hermano D.Francisco Javier G\u00f3mez-Quevedo pronunciar\u00e1 el Preg\u00f3n de la S.Santa de Ja\u00e9n y su Provincia en la Casa\u2026"}, {"created_at": "2017-03-30T21:19:36.000Z", "edit_history_tweet_ids": ["847558954028736512"], "author_id": "204162777", "id": "847558954028736512", "text": "RT @redbibdgo: Se proyecto el Cortometraje El Armadillo Fronterizo y un Ojo en la Biblioteca Francisco Zarco,G\u00f3mez Palacio, Dgo. #YoAmoBibl\u2026"}, {"created_at": "2017-03-30T21:10:43.000Z", "edit_history_tweet_ids": ["847556717713936384"], "author_id": "341845571", "id": "847556717713936384", "text": "RT @AntonioUbilla1: Andr\u00e9s G\u00f3mez y Francisco Segura, 2 grandes del tenis de todos los tiempos @AndresGomezGogo https://t.co/BiegrfTLd3"}, {"created_at": "2017-03-30T21:03:21.000Z", "edit_history_tweet_ids": ["847554866893508609"], "author_id": "2360015756", "id": "847554866893508609", "text": "RT @FSBolivar: Gracias a la mano amiga de Francisco Rangel G\u00f3mez nuestra gerencia de salud ha logrado otorgar m\u00e1s de 330.340... https://t.c\u2026"}, {"created_at": "2017-03-30T20:49:34.000Z", "edit_history_tweet_ids": ["847551398212362241"], "author_id": "230860769", "id": "847551398212362241", "text": "RT @AntonioUbilla1: Andr\u00e9s G\u00f3mez y Francisco Segura, 2 grandes del tenis de todos los tiempos @AndresGomezGogo https://t.co/BiegrfTLd3"}, {"created_at": "2017-03-30T20:31:03.000Z", "edit_history_tweet_ids": ["847546738911170563"], "author_id": "243439000", "id": "847546738911170563", "text": "RT @AntonioUbilla1: Andr\u00e9s G\u00f3mez y Francisco Segura, 2 grandes del tenis de todos los tiempos @AndresGomezGogo https://t.co/BiegrfTLd3"}, {"created_at": "2017-03-30T20:24:46.000Z", "edit_history_tweet_ids": ["847545156144316416"], "author_id": "94000473", "id": "847545156144316416", "text": "RT @IndicePolitico: FRANCISCO G\u00d3MEZ MAZA\nAn\u00e1lisis a Fondo: Infalibilidad papal ex Cathedra @# https://t.co/HACkqzn7ic via@pacorodriguez"}, {"created_at": "2017-03-30T20:13:51.000Z", "edit_history_tweet_ids": ["847542407684116482"], "author_id": "307881997", "id": "847542407684116482", "text": "V\u00eddeo de la presentaci\u00f3n del libro de Francisco Moreno. G\u00f3mez.\n\"Los desaparecidos de Franco\"\n\n, de Francisco... https://t.co/JmiXd8p9XT"}, {"created_at": "2017-03-30T20:12:11.000Z", "edit_history_tweet_ids": ["847541990745137152"], "author_id": "1080828116", "id": "847541990745137152", "text": "RT @EstudiantesJaen: Nuestro hermano D.Francisco Javier G\u00f3mez-Quevedo pronunciar\u00e1 el Preg\u00f3n de la S.Santa de Ja\u00e9n y su Provincia en la Casa\u2026"}, {"created_at": "2017-03-30T20:12:00.000Z", "edit_history_tweet_ids": ["847541945106825218"], "author_id": "2188260834", "id": "847541945106825218", "text": "RT @EstudiantesJaen: Nuestro hermano D.Francisco Javier G\u00f3mez-Quevedo pronunciar\u00e1 el Preg\u00f3n de la S.Santa de Ja\u00e9n y su Provincia en la Casa\u2026"}, {"created_at": "2017-03-30T20:09:04.000Z", "edit_history_tweet_ids": ["847541203784663040"], "author_id": "218944709", "id": "847541203784663040", "text": "Tabl\u00f3n de Anuncios particular de FRANCISCO GOMEZ LUPION https://t.co/nw6xY6y0xO #Almer\u00eda #tablondeanuncios"}, {"created_at": "2017-03-30T20:05:46.000Z", "edit_history_tweet_ids": ["847540372901437441"], "author_id": "2203627602", "id": "847540372901437441", "text": "Nuestro hermano D.Francisco Javier G\u00f3mez-Quevedo pronunciar\u00e1 el Preg\u00f3n de la S.Santa de Ja\u00e9n y su Provincia en la Casa de Ja\u00e9n en Sevilla https://t.co/6KdZHiDbLW"}, {"created_at": "2017-03-30T20:04:15.000Z", "edit_history_tweet_ids": ["847539990959718400"], "author_id": "279175591", "id": "847539990959718400", "text": "RT @AntonioUbilla1: Andr\u00e9s G\u00f3mez y Francisco Segura, 2 grandes del tenis de todos los tiempos @AndresGomezGogo https://t.co/BiegrfTLd3"}, {"created_at": "2017-03-30T19:54:48.000Z", "edit_history_tweet_ids": ["847537614810959874"], "author_id": "840176430721949696", "id": "847537614810959874", "text": "RT @FSBolivar: Gracias a la mano amiga de Francisco Rangel G\u00f3mez nuestra gerencia de salud ha logrado otorgar m\u00e1s de 330.340... https://t.c\u2026"}, {"created_at": "2017-03-30T19:50:55.000Z", "edit_history_tweet_ids": ["847536638469095424"], "author_id": "875959494", "id": "847536638469095424", "text": "FRANCISCO G\u00d3MEZ MAZA\nAn\u00e1lisis a Fondo: Infalibilidad papal ex Cathedra @# https://t.co/HACkqzn7ic via@pacorodriguez"}, {"created_at": "2017-03-30T19:50:10.000Z", "edit_history_tweet_ids": ["847536449973092357"], "author_id": "138604444", "id": "847536449973092357", "text": "RT @FSBolivar: Gracias a la mano amiga de Francisco Rangel G\u00f3mez nuestra gerencia de salud ha logrado otorgar m\u00e1s de 330.340... https://t.c\u2026"}, {"created_at": "2017-03-30T19:49:41.000Z", "edit_history_tweet_ids": ["847536325104353280"], "author_id": "2327465568", "id": "847536325104353280", "text": "Gracias a la mano amiga de Francisco Rangel G\u00f3mez nuestra gerencia de salud ha logrado otorgar m\u00e1s de 330.340... https://t.co/FSYhS1jXrl"}, {"created_at": "2017-03-30T19:49:28.000Z", "edit_history_tweet_ids": ["847536272684052480"], "author_id": "733680618", "id": "847536272684052480", "text": "RT @AntonioUbilla1: Andr\u00e9s G\u00f3mez y Francisco Segura, 2 grandes del tenis de todos los tiempos @AndresGomezGogo https://t.co/BiegrfTLd3"}, {"created_at": "2017-03-30T19:47:31.000Z", "edit_history_tweet_ids": ["847535780964814848"], "author_id": "283543907", "id": "847535780964814848", "text": "RT @FSBolivar: Nuestra presidenta Nidia Escobar de Rangel y la gesti\u00f3n de Francisco Rangel G\u00f3mez tienen el placer de invitarte a... https:/\u2026"}, {"created_at": "2017-03-30T19:31:10.000Z", "edit_history_tweet_ids": ["847531668437176321"], "author_id": "744716659097800705", "id": "847531668437176321", "text": "RT @NorisSotoF: #Hoy #29Mar Hermoso encuentro municipal de teatrino infantil desde la UENB Francisco Esteban G\u00f3mez #NuevaEsparta https://t.\u2026"}, {"created_at": "2017-03-30T19:30:39.000Z", "edit_history_tweet_ids": ["847531538367557633"], "author_id": "177289328", "id": "847531538367557633", "text": "13.30 Asentamientos vehiculares a esta hora por salidas de Escuelas  sobre  Villada  de G\u00f3mez  Far\u00edas a Francisco Murgu\u00eda"}, {"created_at": "2017-03-30T19:26:39.000Z", "edit_history_tweet_ids": ["847530528567853056"], "author_id": "633999271", "id": "847530528567853056", "text": "RT @AntonioUbilla1: Andr\u00e9s G\u00f3mez y Francisco Segura, 2 grandes del tenis de todos los tiempos @AndresGomezGogo https://t.co/BiegrfTLd3"}, {"created_at": "2017-03-30T19:14:59.000Z", "edit_history_tweet_ids": ["847527594404827137"], "author_id": "120892870", "id": "847527594404827137", "text": "RT @AntonioUbilla1: Andr\u00e9s G\u00f3mez y Francisco Segura, 2 grandes del tenis de todos los tiempos @AndresGomezGogo https://t.co/BiegrfTLd3"}, {"created_at": "2017-03-30T19:11:18.000Z", "edit_history_tweet_ids": ["847526669590056960"], "author_id": "110087800", "id": "847526669590056960", "text": "Francisco G\u00f3mez Maza\n\nAn\u00e1lisis a Fondo: Infalibilidad papal ex Cathedra\n\nLa mentira os har\u00e1 esclavos del... https://t.co/mg3ISX6iss"}, {"created_at": "2017-03-30T19:08:46.000Z", "edit_history_tweet_ids": ["847526031036645376"], "author_id": "2360015756", "id": "847526031036645376", "text": "RT @FSBolivar: Nuestra presidenta Nidia Escobar de Rangel y la gesti\u00f3n de Francisco Rangel G\u00f3mez tienen el placer de invitarte a... https:/\u2026"}, {"created_at": "2017-03-30T19:07:32.000Z", "edit_history_tweet_ids": ["847525719890644993"], "author_id": "138604444", "id": "847525719890644993", "text": "RT @FSBolivar: Nuestra presidenta Nidia Escobar de Rangel y la gesti\u00f3n de Francisco Rangel G\u00f3mez tienen el placer de invitarte a... https:/\u2026"}, {"created_at": "2017-03-30T19:07:15.000Z", "edit_history_tweet_ids": ["847525646305603584"], "author_id": "2327465568", "id": "847525646305603584", "text": "Nuestra presidenta Nidia Escobar de Rangel y la gesti\u00f3n de Francisco Rangel G\u00f3mez tienen el placer de invitarte a... https://t.co/QNmITzvCPo"}, {"created_at": "2017-03-30T18:57:30.000Z", "edit_history_tweet_ids": ["847523193522978816"], "author_id": "707742380682813440", "id": "847523193522978816", "text": "RT @AntonioUbilla1: Andr\u00e9s G\u00f3mez y Francisco Segura, 2 grandes del tenis de todos los tiempos @AndresGomezGogo https://t.co/BiegrfTLd3"}, {"created_at": "2017-03-30T18:25:06.000Z", "edit_history_tweet_ids": ["847515042266402818"], "author_id": "197930493", "id": "847515042266402818", "text": "RT @AntonioUbilla1: Andr\u00e9s G\u00f3mez y Francisco Segura, 2 grandes del tenis de todos los tiempos @AndresGomezGogo https://t.co/BiegrfTLd3"}, {"created_at": "2017-03-30T18:07:10.000Z", "edit_history_tweet_ids": ["847510526053822465"], "author_id": "173639838", "id": "847510526053822465", "text": "RT @AntonioUbilla1: Andr\u00e9s G\u00f3mez y Francisco Segura, 2 grandes del tenis de todos los tiempos @AndresGomezGogo https://t.co/BiegrfTLd3"}, {"created_at": "2017-03-30T18:05:04.000Z", "edit_history_tweet_ids": ["847509997714067456"], "author_id": "45411356", "id": "847509997714067456", "text": "RT @AntonioUbilla1: Andr\u00e9s G\u00f3mez y Francisco Segura, 2 grandes del tenis de todos los tiempos @AndresGomezGogo https://t.co/BiegrfTLd3"}, {"created_at": "2017-03-30T17:59:06.000Z", "edit_history_tweet_ids": ["847508498934063106"], "author_id": "17711494", "id": "847508498934063106", "text": "RT @AntonioUbilla1: Andr\u00e9s G\u00f3mez y Francisco Segura, 2 grandes del tenis de todos los tiempos @AndresGomezGogo https://t.co/BiegrfTLd3"}, {"created_at": "2017-03-30T17:54:34.000Z", "edit_history_tweet_ids": ["847507357932408832"], "author_id": "218907352", "id": "847507357932408832", "text": "RT @AntonioUbilla1: Andr\u00e9s G\u00f3mez y Francisco Segura, 2 grandes del tenis de todos los tiempos @AndresGomezGogo https://t.co/BiegrfTLd3"}, {"created_at": "2017-03-30T17:54:33.000Z", "edit_history_tweet_ids": ["847507354606342144"], "author_id": "637126739", "id": "847507354606342144", "text": "RT @AntonioUbilla1: Andr\u00e9s G\u00f3mez y Francisco Segura, 2 grandes del tenis de todos los tiempos @AndresGomezGogo https://t.co/BiegrfTLd3"}, {"created_at": "2017-03-30T17:54:04.000Z", "edit_history_tweet_ids": ["847507230198910976"], "author_id": "260423738", "id": "847507230198910976", "text": "RT @AntonioUbilla1: Andr\u00e9s G\u00f3mez y Francisco Segura, 2 grandes del tenis de todos los tiempos @AndresGomezGogo https://t.co/BiegrfTLd3"}, {"created_at": "2017-03-30T17:53:45.000Z", "edit_history_tweet_ids": ["847507151643738112"], "author_id": "2171328791", "id": "847507151643738112", "text": "RT @AntonioUbilla1: Andr\u00e9s G\u00f3mez y Francisco Segura, 2 grandes del tenis de todos los tiempos @AndresGomezGogo https://t.co/BiegrfTLd3"}, {"created_at": "2017-03-30T17:53:15.000Z", "edit_history_tweet_ids": ["847507025349226497"], "author_id": "311159718", "id": "847507025349226497", "text": "Andr\u00e9s G\u00f3mez y Francisco Segura, 2 grandes del tenis de todos los tiempos @AndresGomezGogo https://t.co/BiegrfTLd3"}, {"created_at": "2017-03-30T17:41:03.000Z", "edit_history_tweet_ids": ["847503956670414851"], "author_id": "1912380654", "id": "847503956670414851", "text": "PODREMOS SER COMO FRANCISCO?\n\nCULPABLE!  El Papa Francisco\nPor Felipe Gomez\n\nEres un hombre y no un \u00e1ngel, as\u00ed... https://t.co/SLc10KbKSd"}, {"created_at": "2017-03-30T17:23:27.000Z", "edit_history_tweet_ids": ["847499527091142657"], "author_id": "66609397", "id": "847499527091142657", "text": "Tonight The Caf\u00e9 - San Francisco \nPICANTE with Lulu Mitzy Lee and DJ Marco P Gomez... https://t.co/AsQ3QMgZ2D"}, {"created_at": "2017-03-30T17:14:31.000Z", "edit_history_tweet_ids": ["847497279560859648"], "author_id": "2376149002", "id": "847497279560859648", "text": "RT @enrumbado: #EscucheHoy MI\u00c9RCOLES 29 de marzo  al gobernador Francisco Rangel G\u00f3mez* en su programa radial Gobierno al D\u00eda #397 a partir\u2026"}, {"created_at": "2017-03-30T17:04:43.000Z", "edit_history_tweet_ids": ["847494810294341632"], "author_id": "927865212", "id": "847494810294341632", "text": "RT @NorisSotoF: #Hoy #29Mar Hermoso encuentro municipal de teatrino infantil desde la UENB Francisco Esteban G\u00f3mez #NuevaEsparta https://t.\u2026"}, {"created_at": "2017-03-30T16:46:10.000Z", "edit_history_tweet_ids": ["847490144701513728"], "author_id": "293013687", "id": "847490144701513728", "text": "RT @redbibdgo: Se proyecto el Cortometraje El Armadillo Fronterizo y un Ojo en la Biblioteca Francisco Zarco,G\u00f3mez Palacio, Dgo. #YoAmoBibl\u2026"}, {"created_at": "2017-03-30T16:42:03.000Z", "edit_history_tweet_ids": ["847489105621536768"], "author_id": "801458383903657984", "id": "847489105621536768", "text": "Se proyecto el Cortometraje El Armadillo Fronterizo y un Ojo en la Biblioteca Francisco Zarco,G\u00f3mez Palacio, Dgo. #YoAmoBibliotecas https://t.co/kogEw1iN1e"}, {"created_at": "2017-03-30T16:10:41.000Z", "edit_history_tweet_ids": ["847481213249921028"], "author_id": "2902527040", "id": "847481213249921028", "text": "Due\u00f1o Estrellas Rojas Mag Francisco Ponce Gomez, Presidente Francisco Ponce Castillo HC JA Magallanes Borregos 1969, Asesor Barry Copenhaver https://t.co/zCisczl2A4"}, {"created_at": "2017-03-30T15:59:53.000Z", "edit_history_tweet_ids": ["847478497618669568"], "author_id": "251855271", "id": "847478497618669568", "text": "RT @YGnzalez: Los desaparecidos de Franco, de Francisco Moreno G\u00f3mez. https://t.co/DOw8BE9kan"}, {"created_at": "2017-03-30T15:04:20.000Z", "edit_history_tweet_ids": ["847464515776135168"], "author_id": "589366988", "id": "847464515776135168", "text": "7 de Dic. 1896: Muere en combate el  General Antonio Maceo junto a su ayudante Francisco G\u00f3mez Toro #Cuba #HistoriadeCuba"}, {"created_at": "2017-03-30T14:49:54.000Z", "edit_history_tweet_ids": ["847460883412299779"], "author_id": "1935585019", "id": "847460883412299779", "text": "El decimos\u00e9ptimo presidente dominicano: Francisco Antonio G\u00f3mez y\u00a0B\u00e1ez https://t.co/kMBkbf4IDr"}, {"created_at": "2017-03-30T13:53:32.000Z", "edit_history_tweet_ids": ["847446697450110976"], "author_id": "145409148", "id": "847446697450110976", "text": "Rangel G\u00f3mez: \u201cAlmagro debe renunciar\u201d\n\nEl gobernador del estado Bol\u00edvar, Francisco Rangel G\u00f3mez, felicit\u00f3 la... https://t.co/0MVtgKmOEk"}, {"created_at": "2017-03-30T13:36:50.000Z", "edit_history_tweet_ids": ["847442495667490822"], "author_id": "264496238", "id": "847442495667490822", "text": "He a\u00f1adido un v\u00eddeo a una lista de reproducci\u00f3n de @YouTube (https://t.co/IJARhWDGdf - Jhonny Rivera y Francisco Gomez-Tomando"}, {"created_at": "2017-03-30T13:36:48.000Z", "edit_history_tweet_ids": ["847442487278948358"], "author_id": "264496238", "id": "847442487278948358", "text": "He a\u00f1adido un v\u00eddeo a una lista de reproducci\u00f3n de @YouTube (https://t.co/aAJkuMF1f9 - FRANCISCO GOMEZ - QUIEN PERDIO)."}, {"created_at": "2017-03-30T13:00:03.000Z", "edit_history_tweet_ids": ["847433239329411072"], "author_id": "2442777030", "id": "847433239329411072", "text": "#VozP\u00fablica An\u00e1lisis a Fondo, de Francisco G\u00f3mez Maza: \"Infalibilidad papal ex Cathedra\"\nhttps://t.co/Ton48rVBFU"}, {"created_at": "2017-03-30T12:18:21.000Z", "edit_history_tweet_ids": ["847422743293317122"], "author_id": "134745647", "id": "847422743293317122", "text": "RT @JMMate: En el foro #bancaprivada17 de @finanzascom para hablar de Sicavs con Ana Figaredo, Carlos Aso y Francisco G\u00f3mez Tr\u00e9nor. @efpa_es"}, {"created_at": "2017-03-30T12:10:01.000Z", "edit_history_tweet_ids": ["847420646434918401"], "author_id": "320424745", "id": "847420646434918401", "text": "#Opinion Francisco G\u00f3mez Maza en @ANALISISAFONDO comenta Infalibilidad papal ex Cathedra https://t.co/bD3Abrxeux https://t.co/m3f6mqhgov"}, {"created_at": "2017-03-30T11:51:40.000Z", "edit_history_tweet_ids": ["847416030494285825"], "author_id": "12403412", "id": "847416030494285825", "text": "Francisco G\u00f3mez-Trenor @Mirabaud-AM \"Ante la incertidumbre sobre las sicavs recomendamos a nuestros clientes esperar\" #bancaprivada17"}, {"created_at": "2017-03-30T11:39:08.000Z", "edit_history_tweet_ids": ["847412874326589446"], "author_id": "294835396", "id": "847412874326589446", "text": "El Papa Francisco invita a participar en la JMJ de Panam\u00e1 Juan Manuel G\u00f3mez Alarc\u00f3n: Iglesia https://t.co/a9sxG0b6ev"}, {"created_at": "2017-03-30T11:29:10.000Z", "edit_history_tweet_ids": ["847410366539747328"], "author_id": "307881997", "id": "847410366539747328", "text": "Los desaparecidos de Franco, de Francisco Moreno G\u00f3mez. https://t.co/DOw8BE9kan"}, {"created_at": "2017-03-30T11:06:33.000Z", "edit_history_tweet_ids": ["847404675074621442"], "author_id": "187456433", "id": "847404675074621442", "text": "RT @JMMate: En el foro #bancaprivada17 de @finanzascom para hablar de Sicavs con Ana Figaredo, Carlos Aso y Francisco G\u00f3mez Tr\u00e9nor. @efpa_es"}, {"created_at": "2017-03-30T10:32:11.000Z", "edit_history_tweet_ids": ["847396028248502273"], "author_id": "2269082167", "id": "847396028248502273", "text": "#Ayer Hermoso encuentro municipal de teatrino infantil en la UENB Francisco Esteban G\u00f3mez @NorisSotoF https://t.co/H1nVjp3P5K"}, {"created_at": "2017-03-30T10:29:43.000Z", "edit_history_tweet_ids": ["847395408095526912"], "author_id": "33304713", "id": "847395408095526912", "text": "RT @JMMate: En el foro #bancaprivada17 de @finanzascom para hablar de Sicavs con Ana Figaredo, Carlos Aso y Francisco G\u00f3mez Tr\u00e9nor. @efpa_es"}, {"created_at": "2017-03-30T10:26:18.000Z", "edit_history_tweet_ids": ["847394545515937793"], "author_id": "120163387", "id": "847394545515937793", "text": "En el foro #bancaprivada17 de @finanzascom para hablar de Sicavs con Ana Figaredo, Carlos Aso y Francisco G\u00f3mez Tr\u00e9nor. @efpa_es"}, {"created_at": "2017-03-30T09:36:23.000Z", "edit_history_tweet_ids": ["847381984649203712"], "author_id": "847016059089666048", "id": "847381984649203712", "text": "Muy interesante la Conferencia de Francisco I. Vega G\u00f3mez @UExSAPIEM https://t.co/I3jkOfh6H6"}, {"created_at": "2017-03-30T09:24:51.000Z", "edit_history_tweet_ids": ["847379083365240832"], "author_id": "465822979", "id": "847379083365240832", "text": "RT @JVet_CSalud2017: Comenzamos con la Conferencia Inaugural a cargo de Francisco Isidoro Vega G\u00f3mez de @UExSAPIEM.Aula Magna de la F.Veter\u2026"}, {"created_at": "2017-03-30T08:23:07.000Z", "edit_history_tweet_ids": ["847363545314410496"], "author_id": "279976688", "id": "847363545314410496", "text": "La concejal Satur Mart\u00ednez De #MedioAmbiente y Juan Francisco G\u00f3mez @GRUPORBITALIA presentan \"Grandes superheroes\" por el cambio clim\u00e1tico. https://t.co/FsylJTqgKN"}, {"created_at": "2017-03-30T08:00:43.000Z", "edit_history_tweet_ids": ["847357910573174787"], "author_id": "847016059089666048", "id": "847357910573174787", "text": "Comenzamos con la Conferencia Inaugural a cargo de Francisco Isidoro Vega G\u00f3mez de @UExSAPIEM.Aula Magna de la F.Veterinaria @infovetcaceres"}, {"created_at": "2017-03-30T06:49:24.000Z", "edit_history_tweet_ids": ["847339961355444225"], "author_id": "273075152", "id": "847339961355444225", "text": "DIARIO TRIBUNA CHIAPAS\nCOLUMNA:\nAN\u00c1LISIS A FONDO\nFrancisco G\u00f3mez Maza\nhttps://t.co/QSWA8tiImu https://t.co/Q95lhCZ1Zt"}, {"created_at": "2017-03-30T04:46:23.000Z", "edit_history_tweet_ids": ["847309004766191616"], "author_id": "262971417", "id": "847309004766191616", "text": "RT @HomoEspacios: An\u00e1lisis a Fondo\nLos distractores del hambre\nPor Francisco Gomez Maza/@AFDiario\nhttps://t.co/ZXIomGaEA1 https://t.co/mXa2\u2026"}, {"created_at": "2017-03-30T03:48:13.000Z", "edit_history_tweet_ids": ["847294366301409280"], "author_id": "960990078", "id": "847294366301409280", "text": "Oraci\u00f3n a Francisco Gerardo Guti\u00e9rrez G\u00f3mez por examen profesional.Gracias @Pontifex_es @PadreJosedejesu @wepraytheRosary  @CorazonMariaMLG"}, {"created_at": "2017-03-30T03:28:28.000Z", "edit_history_tweet_ids": ["847289397342912512"], "author_id": "3152850734", "id": "847289397342912512", "text": "RT @pacorodriguez: FRANCISCO G\u00d3MEZ MAZA\nAn\u00e1lisis a Fondo: Los distractores del hambre\n\nEl Tianguis Tur\u00edstico igual. Otro distractor... http\u2026"}, {"created_at": "2017-03-30T02:35:59.000Z", "edit_history_tweet_ids": ["847276186262618112"], "author_id": "14030332", "id": "847276186262618112", "text": "FRANCISCO G\u00d3MEZ MAZA\nAn\u00e1lisis a Fondo: Los distractores del hambre\n\nEl Tianguis Tur\u00edstico igual. Otro distractor... https://t.co/6Xop3B2yXT"}], "meta": {"newest_id": "847806191384354820", "oldest_id": "847276186262618112", "result_count": 97, "next_token": "1jzu9lk96gu5npw3ja2kz4ceuktkcd4cfp8q62mvl1ml"}}