{"data": [{"created_at": "2015-12-14T02:47:41.000Z", "edit_history_tweet_ids": ["676232057878523904"], "author_id": "71651549", "text": "When I first saw footage of Nicholas Robertson being shot I didn't know he had a gun, but it seems like police don't de-escalate when (1/2)", "id": "676232057878523904"}, {"created_at": "2015-12-14T02:47:34.000Z", "edit_history_tweet_ids": ["676232031643144193"], "author_id": "75162187", "text": "RT @vicenews: Footage shows deputies repeatedly shoot a man as he attempts to crawl away from them: https://t.co/0BILUcNnZS https://t.co/FK\u2026", "id": "676232031643144193"}, {"created_at": "2015-12-14T02:47:16.000Z", "edit_history_tweet_ids": ["676231954719633409"], "author_id": "193498049", "text": "RT @vicenews: Footage shows deputies repeatedly shoot a man as he attempts to crawl away from them: https://t.co/0BILUcNnZS https://t.co/FK\u2026", "id": "676231954719633409"}, {"created_at": "2015-12-14T02:47:05.000Z", "edit_history_tweet_ids": ["676231909299605504"], "author_id": "2463145780", "text": "RT @vicenews: Footage shows deputies repeatedly shoot a man as he attempts to crawl away from them: https://t.co/0BILUcNnZS https://t.co/FK\u2026", "id": "676231909299605504"}, {"created_at": "2015-12-14T02:45:15.000Z", "edit_history_tweet_ids": ["676231449087975425"], "author_id": "17325352", "text": "#LynwoodShooting: Video Shows LA Deputies Gun Down Nicholas Robertson As He Walks, Crawls Away https://t.co/aj4boKK1rP", "id": "676231449087975425"}, {"created_at": "2015-12-14T02:45:07.000Z", "edit_history_tweet_ids": ["676231413247713280"], "author_id": "1619648520", "text": "RT @vicenews: Footage shows deputies repeatedly shoot a man as he attempts to crawl away from them: https://t.co/0BILUcNnZS https://t.co/FK\u2026", "id": "676231413247713280"}, {"created_at": "2015-12-14T02:43:10.000Z", "edit_history_tweet_ids": ["676230921109053440"], "author_id": "4288082548", "text": "RT @vicenews: Footage shows deputies repeatedly shoot a man as he attempts to crawl away from them: https://t.co/0BILUcNnZS https://t.co/FK\u2026", "id": "676230921109053440"}, {"created_at": "2015-12-14T02:43:06.000Z", "edit_history_tweet_ids": ["676230906479304704"], "author_id": "38426389", "text": "LA sheriff\u2019s office responds to video of deputies shooting man as he tries to crawl away: https://t.co/NW6RSxReBS via @vicenews", "id": "676230906479304704"}, {"created_at": "2015-12-14T02:42:45.000Z", "edit_history_tweet_ids": ["676230819367813120"], "author_id": "27124758", "text": "RT @vicenews: Footage shows deputies repeatedly shoot a man as he attempts to crawl away from them: https://t.co/0BILUcNnZS https://t.co/FK\u2026", "id": "676230819367813120"}, {"created_at": "2015-12-14T02:42:29.000Z", "edit_history_tweet_ids": ["676230750476353536"], "author_id": "413684419", "text": "RT @vicenews: Footage shows deputies repeatedly shoot a man as he attempts to crawl away from them: https://t.co/0BILUcNnZS https://t.co/FK\u2026", "id": "676230750476353536"}, {"created_at": "2015-12-14T02:42:16.000Z", "edit_history_tweet_ids": ["676230694767632384"], "author_id": "35528600", "text": "RT @vicenews: Footage shows deputies repeatedly shoot a man as he attempts to crawl away from them: https://t.co/0BILUcNnZS https://t.co/FK\u2026", "id": "676230694767632384"}, {"created_at": "2015-12-14T02:41:54.000Z", "edit_history_tweet_ids": ["676230603809787904"], "author_id": "102404562", "text": "RT @vicenews: Footage shows deputies repeatedly shoot a man as he attempts to crawl away from them: https://t.co/0BILUcNnZS https://t.co/FK\u2026", "id": "676230603809787904"}, {"created_at": "2015-12-14T02:40:32.000Z", "edit_history_tweet_ids": ["676230259239354368"], "author_id": "76848978", "text": "RT @vicenews: Footage shows deputies repeatedly shoot a man as he attempts to crawl away from them: https://t.co/0BILUcNnZS https://t.co/FK\u2026", "id": "676230259239354368"}, {"created_at": "2015-12-14T02:40:30.000Z", "edit_history_tweet_ids": ["676230251488272384"], "author_id": "21780601", "text": "RT @vicenews: Footage shows deputies repeatedly shoot a man as he attempts to crawl away from them: https://t.co/0BILUcNnZS https://t.co/FK\u2026", "id": "676230251488272384"}, {"created_at": "2015-12-14T02:39:48.000Z", "edit_history_tweet_ids": ["676230075755315200"], "author_id": "53938689", "text": "RT @vicenews: Footage shows deputies repeatedly shoot a man as he attempts to crawl away from them: https://t.co/0BILUcNnZS https://t.co/FK\u2026", "id": "676230075755315200"}, {"created_at": "2015-12-14T02:39:44.000Z", "edit_history_tweet_ids": ["676230060374904832"], "author_id": "17088530", "text": "RT @vicenews: LA sheriff's office responds to video of deputies shooting man as he tries to crawl away: https://t.co/oOIu1YqW2Q https://t.c\u2026", "id": "676230060374904832"}, {"created_at": "2015-12-14T02:38:18.000Z", "edit_history_tweet_ids": ["676229697475248128"], "author_id": "1579805767", "text": "RT @vicenews: Footage shows deputies repeatedly shoot a man as he attempts to crawl away from them: https://t.co/0BILUcNnZS https://t.co/FK\u2026", "id": "676229697475248128"}, {"created_at": "2015-12-14T02:38:01.000Z", "edit_history_tweet_ids": ["676229626063097860"], "author_id": "764841745", "text": "RT @vicenews: Footage shows deputies repeatedly shoot a man as he attempts to crawl away from them: https://t.co/0BILUcNnZS https://t.co/FK\u2026", "id": "676229626063097860"}, {"created_at": "2015-12-14T02:36:37.000Z", "edit_history_tweet_ids": ["676229274479673344"], "author_id": "431885414", "text": "RT @vicenews: Footage shows deputies repeatedly shoot a man as he attempts to crawl away from them: https://t.co/0BILUcNnZS https://t.co/FK\u2026", "id": "676229274479673344"}, {"created_at": "2015-12-14T02:36:32.000Z", "edit_history_tweet_ids": ["676229253009027072"], "author_id": "930831432", "text": "RT @vicenews: Footage shows deputies repeatedly shoot a man as he attempts to crawl away from them: https://t.co/0BILUcNnZS https://t.co/FK\u2026", "id": "676229253009027072"}, {"created_at": "2015-12-14T02:36:30.000Z", "edit_history_tweet_ids": ["676229247090855938"], "author_id": "16337707", "text": "RT @vicenews: Footage shows deputies repeatedly shoot a man as he attempts to crawl away from them: https://t.co/0BILUcNnZS https://t.co/FK\u2026", "id": "676229247090855938"}, {"created_at": "2015-12-14T02:36:26.000Z", "edit_history_tweet_ids": ["676229229617520646"], "author_id": "1798010173", "text": "RT @vicenews: Footage shows deputies repeatedly shoot a man as he attempts to crawl away from them: https://t.co/0BILUcNnZS https://t.co/FK\u2026", "id": "676229229617520646"}, {"created_at": "2015-12-14T02:36:12.000Z", "edit_history_tweet_ids": ["676229168187609092"], "author_id": "34574063", "text": "RT @vicenews: Footage shows deputies repeatedly shoot a man as he attempts to crawl away from them: https://t.co/0BILUcNnZS https://t.co/FK\u2026", "id": "676229168187609092"}, {"created_at": "2015-12-14T02:35:41.000Z", "edit_history_tweet_ids": ["676229040425013249"], "author_id": "40094317", "text": "RT @vicenews: Footage shows deputies repeatedly shoot a man as he attempts to crawl away from them: https://t.co/0BILUcNnZS https://t.co/FK\u2026", "id": "676229040425013249"}, {"created_at": "2015-12-14T02:35:39.000Z", "edit_history_tweet_ids": ["676229031914811392"], "author_id": "2914427715", "text": "RT @vicenews: Footage shows deputies repeatedly shoot a man as he attempts to crawl away from them: https://t.co/0BILUcNnZS https://t.co/FK\u2026", "id": "676229031914811392"}, {"created_at": "2015-12-14T02:35:30.000Z", "edit_history_tweet_ids": ["676228993746472960"], "author_id": "18042806", "text": "RT @vicenews: Footage shows deputies repeatedly shoot a man as he attempts to crawl away from them: https://t.co/0BILUcNnZS https://t.co/FK\u2026", "id": "676228993746472960"}, {"created_at": "2015-12-14T02:35:29.000Z", "edit_history_tweet_ids": ["676228988646334464"], "author_id": "885759805", "text": "RT @vicenews: Footage shows deputies repeatedly shoot a man as he attempts to crawl away from them: https://t.co/0BILUcNnZS https://t.co/FK\u2026", "id": "676228988646334464"}, {"created_at": "2015-12-14T02:35:20.000Z", "edit_history_tweet_ids": ["676228953762320386"], "author_id": "2182177319", "text": "RT @vicenews: Footage shows deputies repeatedly shoot a man as he attempts to crawl away from them: https://t.co/0BILUcNnZS https://t.co/FK\u2026", "id": "676228953762320386"}, {"created_at": "2015-12-14T02:35:04.000Z", "edit_history_tweet_ids": ["676228886112411648"], "author_id": "24084585", "text": "RT @vicenews: Footage shows deputies repeatedly shoot a man as he attempts to crawl away from them: https://t.co/0BILUcNnZS https://t.co/FK\u2026", "id": "676228886112411648"}, {"created_at": "2015-12-14T02:34:23.000Z", "edit_history_tweet_ids": ["676228712321392643"], "author_id": "450371212", "text": "RT @vicenews: Footage shows deputies repeatedly shoot a man as he attempts to crawl away from them: https://t.co/0BILUcNnZS https://t.co/FK\u2026", "id": "676228712321392643"}, {"created_at": "2015-12-14T02:34:20.000Z", "edit_history_tweet_ids": ["676228700560601089"], "author_id": "23245954", "text": "RT @vicenews: Footage shows deputies repeatedly shoot a man as he attempts to crawl away from them: https://t.co/0BILUcNnZS https://t.co/FK\u2026", "id": "676228700560601089"}, {"created_at": "2015-12-14T02:34:09.000Z", "edit_history_tweet_ids": ["676228655534620672"], "author_id": "559705005", "text": "RT @vicenews: Footage shows deputies repeatedly shoot a man as he attempts to crawl away from them: https://t.co/0BILUcNnZS https://t.co/FK\u2026", "id": "676228655534620672"}, {"created_at": "2015-12-14T02:33:55.000Z", "edit_history_tweet_ids": ["676228595002556416"], "author_id": "208174517", "text": "RT @vicenews: Footage shows deputies repeatedly shoot a man as he attempts to crawl away from them: https://t.co/0BILUcNnZS https://t.co/FK\u2026", "id": "676228595002556416"}, {"created_at": "2015-12-14T02:33:34.000Z", "edit_history_tweet_ids": ["676228507647664129"], "author_id": "423036151", "text": "RT @vicenews: Footage shows deputies repeatedly shoot a man as he attempts to crawl away from them: https://t.co/0BILUcNnZS https://t.co/FK\u2026", "id": "676228507647664129"}, {"created_at": "2015-12-14T02:33:22.000Z", "edit_history_tweet_ids": ["676228457458622464"], "author_id": "16571742", "text": "RT @vicenews: Footage shows deputies repeatedly shoot a man as he attempts to crawl away from them: https://t.co/0BILUcNnZS https://t.co/FK\u2026", "id": "676228457458622464"}, {"created_at": "2015-12-14T02:33:14.000Z", "edit_history_tweet_ids": ["676228422486593536"], "author_id": "1373505554", "text": "RT @vicenews: Footage shows deputies repeatedly shoot a man as he attempts to crawl away from them: https://t.co/0BILUcNnZS https://t.co/FK\u2026", "id": "676228422486593536"}, {"created_at": "2015-12-14T02:32:49.000Z", "edit_history_tweet_ids": ["676228320447479808"], "author_id": "250000917", "text": "RT @vicenews: Footage shows deputies repeatedly shoot a man as he attempts to crawl away from them: https://t.co/0BILUcNnZS https://t.co/FK\u2026", "id": "676228320447479808"}, {"created_at": "2015-12-14T02:32:49.000Z", "edit_history_tweet_ids": ["676228318946074626"], "author_id": "16116288", "text": "RT @vicenews: Footage shows deputies repeatedly shoot a man as he attempts to crawl away from them: https://t.co/0BILUcNnZS https://t.co/FK\u2026", "id": "676228318946074626"}, {"created_at": "2015-12-14T02:32:38.000Z", "edit_history_tweet_ids": ["676228273324474372"], "author_id": "1291291", "text": "RT @vicenews: Footage shows deputies repeatedly shoot a man as he attempts to crawl away from them: https://t.co/0BILUcNnZS https://t.co/FK\u2026", "id": "676228273324474372"}, {"created_at": "2015-12-14T02:32:13.000Z", "edit_history_tweet_ids": ["676228169284775942"], "author_id": "2388301757", "text": "RT @vicenews: Footage shows deputies repeatedly shoot a man as he attempts to crawl away from them: https://t.co/0BILUcNnZS https://t.co/FK\u2026", "id": "676228169284775942"}, {"created_at": "2015-12-14T02:31:09.000Z", "edit_history_tweet_ids": ["676227900362776576"], "author_id": "1414271227", "text": "RT @vicenews: Footage shows deputies repeatedly shoot a man as he attempts to crawl away from them: https://t.co/0BILUcNnZS https://t.co/FK\u2026", "id": "676227900362776576"}, {"created_at": "2015-12-14T02:30:53.000Z", "edit_history_tweet_ids": ["676227831639048192"], "author_id": "76147467", "text": "RT @vicenews: Footage shows deputies repeatedly shoot a man as he attempts to crawl away from them: https://t.co/0BILUcNnZS https://t.co/FK\u2026", "id": "676227831639048192"}, {"created_at": "2015-12-14T02:30:51.000Z", "edit_history_tweet_ids": ["676227822218706945"], "author_id": "2266909052", "text": "RT @vicenews: Footage shows deputies repeatedly shoot a man as he attempts to crawl away from them: https://t.co/0BILUcNnZS https://t.co/FK\u2026", "id": "676227822218706945"}, {"created_at": "2015-12-14T02:30:36.000Z", "edit_history_tweet_ids": ["676227762529566720"], "author_id": "36654629", "text": "RT @vicenews: Footage shows deputies repeatedly shoot a man as he attempts to crawl away from them: https://t.co/0BILUcNnZS https://t.co/FK\u2026", "id": "676227762529566720"}, {"created_at": "2015-12-14T02:30:28.000Z", "edit_history_tweet_ids": ["676227727368716288"], "author_id": "4551115843", "text": "RT @vicenews: Footage shows deputies repeatedly shoot a man as he attempts to crawl away from them: https://t.co/0BILUcNnZS https://t.co/FK\u2026", "id": "676227727368716288"}, {"created_at": "2015-12-14T02:30:26.000Z", "edit_history_tweet_ids": ["676227719173169153"], "author_id": "2861734173", "text": "RT @vicenews: Footage shows deputies repeatedly shoot a man as he attempts to crawl away from them: https://t.co/0BILUcNnZS https://t.co/FK\u2026", "id": "676227719173169153"}, {"created_at": "2015-12-14T02:30:07.000Z", "edit_history_tweet_ids": ["676227638176927744"], "author_id": "1630896181", "text": "Footage shows deputies repeatedly shoot a man as he attempts to crawl away from them: https://t.co/0BILUcNnZS https://t.co/FKhNfz1pt7", "id": "676227638176927744"}, {"created_at": "2015-12-14T02:28:42.000Z", "edit_history_tweet_ids": ["676227283254910981"], "author_id": "25924647", "text": "RT @Libertea2012: Man killed by LA County deputies was armed and presented threat, officials say https://t.co/QC0I9EtuJl #UniteBlue https:/\u2026", "id": "676227283254910981"}, {"created_at": "2015-12-14T02:28:35.000Z", "edit_history_tweet_ids": ["676227253563428865"], "author_id": "3740365636", "text": "The Horrific Police Murder of Nicholas Robertson https://t.co/jecUbGv5zZ via @YouTube", "id": "676227253563428865"}, {"created_at": "2015-12-14T02:28:20.000Z", "edit_history_tweet_ids": ["676227189419962370"], "author_id": "2809161682", "text": "Man fatally shot by la deputies kept holding gun police say #news #market #business https://t.co/bpAOnGGUVL https://t.co/bmNq9tSGlo", "id": "676227189419962370"}, {"created_at": "2015-12-14T02:24:41.000Z", "edit_history_tweet_ids": ["676226269948719104"], "author_id": "607558430", "text": "Man killed by LA County deputies was armed and presented threat, officials say https://t.co/QC0I9EtuJl #UniteBlue https://t.co/pmUdk1KRks", "id": "676226269948719104"}, {"created_at": "2015-12-14T02:23:27.000Z", "edit_history_tweet_ids": ["676225959524106240"], "author_id": "340400492", "text": "@4oremost @osope RIP Nicholas Robertson. Sorry you got shoot \"33\" times while crawling on your knees. Amerikka WILL pay", "id": "676225959524106240"}, {"created_at": "2015-12-14T02:16:40.000Z", "edit_history_tweet_ids": ["676224255210725376"], "author_id": "434189451", "text": "RT @CBSNews: Video shows L.A. cops pumping as many as 25 bullets into crawling man https://t.co/kWVpCHfz6h https://t.co/lQgZFETpFw", "id": "676224255210725376"}, {"created_at": "2015-12-14T02:13:11.000Z", "edit_history_tweet_ids": ["676223376688549888"], "author_id": "2516564576", "text": "RT @PressTV: Police officers kill African American man with loads of bullets: Video https://t.co/kSyonZaIih https://t.co/DaqMk6ZcQ3", "id": "676223376688549888"}, {"created_at": "2015-12-14T02:11:20.000Z", "edit_history_tweet_ids": ["676222911762595841"], "author_id": "293768205", "text": "Video shows L.A. cops pumping bullets into crawling man https://t.co/oFoG6cjA6f via @cbsnews", "id": "676222911762595841"}, {"created_at": "2015-12-14T02:00:52.000Z", "edit_history_tweet_ids": ["676220276493959169"], "author_id": "306209103", "text": "Man killed by LA County deputies was armed and presented threat, officials say https://t.co/bkZhTGkSOR @rorycarroll72", "id": "676220276493959169"}, {"created_at": "2015-12-14T02:00:18.000Z", "edit_history_tweet_ids": ["676220133711486978"], "author_id": "57728854", "text": "POLIC\u00cdA DE LOS \u00c1NGELES MAT\u00d3 CON 33 DISPAROS UN HOMBRE ARMADO\n\nNicholas Robertson perdi\u00f3 la vida luego de un... https://t.co/gcdBryfiH7", "id": "676220133711486978"}, {"created_at": "2015-12-14T02:00:17.000Z", "edit_history_tweet_ids": ["676220132193132547"], "author_id": "140219861", "text": "POLIC\u00cdA DE LOS \u00c1NGELES MAT\u00d3 CON 33 DISPAROS UN HOMBRE ARMADO\n\nNicholas Robertson perdi\u00f3 la vida luego de un... https://t.co/xLWypjK3tL", "id": "676220132193132547"}, {"created_at": "2015-12-14T02:00:15.000Z", "edit_history_tweet_ids": ["676220122026020865"], "author_id": "2923702263", "text": "POLIC\u00cdA DE LOS \u00c1NGELES MAT\u00d3 CON 33 DISPAROS UN HOMBRE ARMADO\n\nNicholas Robertson perdi\u00f3 la vida luego de un... https://t.co/MmdDf5pnjv", "id": "676220122026020865"}, {"created_at": "2015-12-14T02:00:15.000Z", "edit_history_tweet_ids": ["676220121765974016"], "author_id": "87970183", "text": "POLIC\u00cdA DE LOS \u00c1NGELES MAT\u00d3 CON 33 DISPAROS UN HOMBRE ARMADO\n\nNicholas Robertson perdi\u00f3 la vida luego de un... https://t.co/bi7s4fkKgk", "id": "676220121765974016"}, {"created_at": "2015-12-14T01:58:07.000Z", "edit_history_tweet_ids": ["676219584605761536"], "author_id": "136486046", "text": "RT @TIME: Man fatally shot by L.A. deputies kept holding gun, police say https://t.co/yv2HDLJ2ko", "id": "676219584605761536"}, {"created_at": "2015-12-14T01:54:38.000Z", "edit_history_tweet_ids": ["676218711322308609"], "author_id": "24971369", "text": "RT @KTLA: Family ID's Nicholas Robertson, 28y/o father of 3, as man killed in Lynwood shooting https://t.co/OfwNfx6SE4 https://t.co/a4horcA\u2026", "id": "676218711322308609"}, {"created_at": "2015-12-14T01:48:07.000Z", "edit_history_tweet_ids": ["676217069575122944"], "author_id": "603370044", "text": "#NicholasRobertson was walking away then crawling as he's shot by police. The video (graphic): https://t.co/8ZAh12UBsn #BlackLivesMatter", "id": "676217069575122944"}, {"created_at": "2015-12-14T01:46:09.000Z", "edit_history_tweet_ids": ["676216575880355840"], "author_id": "76008231", "text": "RT @TIME: Man fatally shot by L.A. deputies kept holding gun, police say https://t.co/yv2HDLJ2ko", "id": "676216575880355840"}, {"created_at": "2015-12-14T01:45:33.000Z", "edit_history_tweet_ids": ["676216422998016000"], "author_id": "2571283466", "text": "RT @KTLA: Family ID's Nicholas Robertson, 28y/o father of 3, as man killed in Lynwood shooting https://t.co/OfwNfx6SE4 https://t.co/a4horcA\u2026", "id": "676216422998016000"}, {"created_at": "2015-12-14T01:43:48.000Z", "edit_history_tweet_ids": ["676215981832728576"], "author_id": "2820255924", "text": "Video shows L.A. cops pumping bullets into crawling man https://t.co/WUyZuC0RLF via @cbsnews", "id": "676215981832728576"}, {"created_at": "2015-12-14T01:39:42.000Z", "edit_history_tweet_ids": ["676214952131104768"], "author_id": "52938852", "text": "RT @KTLA: Family ID's Nicholas Robertson, 28y/o father of 3, as man killed in Lynwood shooting https://t.co/OfwNfx6SE4 https://t.co/a4horcA\u2026", "id": "676214952131104768"}, {"created_at": "2015-12-14T01:38:19.000Z", "edit_history_tweet_ids": ["676214603513069569"], "author_id": "192444336", "text": "Man killed by LA County deputies was armed and presented threat, officials say - the guardian https://t.co/VhWAW1spPb", "id": "676214603513069569"}, {"created_at": "2015-12-14T01:33:02.000Z", "edit_history_tweet_ids": ["676213272794664961"], "author_id": "1395261589", "text": "RT @vicenews: LA sheriff's office responds to video of deputies shooting man as he tries to crawl away: https://t.co/oOIu1YqW2Q https://t.c\u2026", "id": "676213272794664961"}, {"created_at": "2015-12-14T01:32:16.000Z", "edit_history_tweet_ids": ["676213080850743296"], "author_id": "3015168833", "text": "Los Angeles, ucciso afroamericano: agenti gli sparano alle spalle: Un afroamericano, Nicholas Robertson, \u00e8 sta... https://t.co/paiKpE2Gnt", "id": "676213080850743296"}, {"created_at": "2015-12-14T01:29:49.000Z", "edit_history_tweet_ids": ["676212462811668480"], "author_id": "340400492", "text": "Nicholas Robertson Killed By Police..... https://t.co/QGV9x9TDXH via @YouTube", "id": "676212462811668480"}, {"created_at": "2015-12-14T01:16:07.000Z", "edit_history_tweet_ids": ["676209017832779776"], "author_id": "4246758856", "text": "RT @rochelleriley: I cannot watch video of deputies shooting more than two dozen times into man fleeing, then crawling away.\nhttps://t.co/0\u2026", "id": "676209017832779776"}, {"created_at": "2015-12-14T01:14:08.000Z", "edit_history_tweet_ids": ["676208518605606912"], "author_id": "32453798", "text": "Polic\u00eda liquida a hombre armado en Los \u00c1ngeles - Telemundo Houston https://t.co/YyAW3hlxz6", "id": "676208518605606912"}, {"created_at": "2015-12-14T01:12:50.000Z", "edit_history_tweet_ids": ["676208189512249348"], "author_id": "301148961", "text": "RT @TIME: Man fatally shot by L.A. deputies kept holding gun, police say https://t.co/yv2HDLJ2ko", "id": "676208189512249348"}, {"created_at": "2015-12-14T01:11:56.000Z", "edit_history_tweet_ids": ["676207964810690560"], "author_id": "475614488", "text": "RT @TIME: Man fatally shot by L.A. deputies kept holding gun, police say https://t.co/yv2HDLJ2ko", "id": "676207964810690560"}, {"created_at": "2015-12-14T01:11:27.000Z", "edit_history_tweet_ids": ["676207842794188800"], "author_id": "60563975", "text": "RT @TIME: Man fatally shot by L.A. deputies kept holding gun, police say https://t.co/yv2HDLJ2ko", "id": "676207842794188800"}, {"created_at": "2015-12-14T01:09:53.000Z", "edit_history_tweet_ids": ["676207445748744193"], "author_id": "48265392", "text": "RT @TIME: Man fatally shot by L.A. deputies kept holding gun, police say https://t.co/yv2HDLJ2ko", "id": "676207445748744193"}, {"created_at": "2015-12-14T01:07:36.000Z", "edit_history_tweet_ids": ["676206871120896000"], "author_id": "148905308", "text": "I liked a @YouTube video from @mrsuperboy223 https://t.co/DFjKulEoIZ Nicholas Robertson Killed By Police.....", "id": "676206871120896000"}, {"created_at": "2015-12-14T01:06:13.000Z", "edit_history_tweet_ids": ["676206526491586561"], "author_id": "65556876", "text": "SHOCK Video from LA: Nicholas Robertson Repeatedly Shot in the Back and Killed by Two Policemen https://t.co/roKvXz3eku", "id": "676206526491586561"}, {"created_at": "2015-12-14T01:05:33.000Z", "edit_history_tweet_ids": ["676206357159120896"], "author_id": "588910218", "text": "RT @Viraaspa: .@vicenews.#NicholasRobertson,in light of the execution style killings by US police,a take down of a station/s? https://t.co/\u2026", "id": "676206357159120896"}, {"created_at": "2015-12-14T01:04:39.000Z", "edit_history_tweet_ids": ["676206129039314944"], "author_id": "14903883", "text": "RT @ThisIsFusion: The man whose killing by LA sheriff's deputies was captured on video has been identified https://t.co/rqWEPUmg91 https://\u2026", "id": "676206129039314944"}, {"created_at": "2015-12-14T00:57:03.000Z", "edit_history_tweet_ids": ["676204216281464832"], "author_id": "300259617", "text": "RT @vicenews: LA sheriff's office responds to video of deputies shooting man as he tries to crawl away: https://t.co/oOIu1YqW2Q https://t.c\u2026", "id": "676204216281464832"}, {"created_at": "2015-12-14T00:56:32.000Z", "edit_history_tweet_ids": ["676204086581141504"], "author_id": "196456627", "text": "RT @ABC7: FULL STORY: Deputies fired as many as 17 rounds at Lynwood suspect Nicholas Robertson, 28 https://t.co/8UvisHVTYJ https://t.co/ds\u2026", "id": "676204086581141504"}, {"created_at": "2015-12-14T00:56:25.000Z", "edit_history_tweet_ids": ["676204057602600960"], "author_id": "147877632", "text": "RT @Viraaspa: .@vicenews.#NicholasRobertson,in light of the execution style killings by US police,a take down of a station/s? https://t.co/\u2026", "id": "676204057602600960"}, {"created_at": "2015-12-14T00:56:16.000Z", "edit_history_tweet_ids": ["676204022655676416"], "author_id": "30065994", "text": "RT @KTLA: Family ID's Nicholas Robertson, 28y/o father of 3, as man killed in Lynwood shooting https://t.co/OfwNfx6SE4 https://t.co/a4horcA\u2026", "id": "676204022655676416"}, {"created_at": "2015-12-14T00:52:55.000Z", "edit_history_tweet_ids": ["676203176274485248"], "author_id": "379989176", "text": "RT @KTLA: Family ID's Nicholas Robertson, 28y/o father of 3, as man killed in Lynwood shooting https://t.co/OfwNfx6SE4 https://t.co/a4horcA\u2026", "id": "676203176274485248"}, {"created_at": "2015-12-14T00:52:30.000Z", "edit_history_tweet_ids": ["676203072390041600"], "author_id": "3357562245", "text": "Yet another police execution of a black man https://t.co/r3kpJlX41d - this time trying to crawl away. #BlackLivesMatter #NicholasRobertson", "id": "676203072390041600"}, {"created_at": "2015-12-14T00:51:27.000Z", "edit_history_tweet_ids": ["676202807570075648"], "author_id": "2414457033", "text": "RT @Viraaspa: .@vicenews.#NicholasRobertson,in light of the execution style killings by US police,a take down of a station/s? https://t.co/\u2026", "id": "676202807570075648"}, {"created_at": "2015-12-14T00:50:49.000Z", "edit_history_tweet_ids": ["676202649771835393"], "author_id": "447265658", "text": "RT @KTLA: Family ID's Nicholas Robertson, 28y/o father of 3, as man killed in Lynwood shooting https://t.co/OfwNfx6SE4 https://t.co/a4horcA\u2026", "id": "676202649771835393"}, {"created_at": "2015-12-14T00:49:42.000Z", "edit_history_tweet_ids": ["676202368799604736"], "author_id": "23679384", "text": "VIDEO SHOWS L.A. COPS PUMPING BULLETS INTO CRAWLING MAN, NICHOLAS ROBERTSON, KILLING HIM https://t.co/x249nBenlK via @@diane_bukowski", "id": "676202368799604736"}, {"created_at": "2015-12-14T00:48:36.000Z", "edit_history_tweet_ids": ["676202090646011904"], "author_id": "553999846", "text": "RT @KTLA: Family ID's Nicholas Robertson, 28y/o father of 3, as man killed in Lynwood shooting https://t.co/OfwNfx6SE4 https://t.co/a4horcA\u2026", "id": "676202090646011904"}, {"created_at": "2015-12-14T00:48:00.000Z", "edit_history_tweet_ids": ["676201939219161092"], "author_id": "44149551", "text": "RT @KTLA: Family ID's Nicholas Robertson, 28y/o father of 3, as man killed in Lynwood shooting https://t.co/OfwNfx6SE4 https://t.co/a4horcA\u2026", "id": "676201939219161092"}, {"created_at": "2015-12-14T00:44:55.000Z", "edit_history_tweet_ids": ["676201165932089344"], "author_id": "191554075", "text": "RT @ABC7: FULL STORY: Deputies fired as many as 17 rounds at Lynwood suspect Nicholas Robertson, 28 https://t.co/8UvisHVTYJ https://t.co/ds\u2026", "id": "676201165932089344"}, {"created_at": "2015-12-14T00:43:11.000Z", "edit_history_tweet_ids": ["676200730391240704"], "author_id": "3038809186", "text": "VIDEO SHOWS L.A. COPS PUMPING BULLETS INTO CRAWLING MAN, NICHOLAS ROBERTSON: December 13, 2014 Fusillade of bullets\u2026 https://t.co/F230D7G3KS", "id": "676200730391240704"}, {"created_at": "2015-12-14T00:41:48.000Z", "edit_history_tweet_ids": ["676200380280250368"], "author_id": "427047720", "text": "RT @CBSThisMorning: Video shows L.A. cops pumping bullets into crawling man: https://t.co/CaZakpB36Y", "id": "676200380280250368"}, {"created_at": "2015-12-14T00:41:47.000Z", "edit_history_tweet_ids": ["676200377151287298"], "author_id": "1599352980", "text": "RT @KTLA: Family ID's Nicholas Robertson, 28y/o father of 3, as man killed in Lynwood shooting https://t.co/OfwNfx6SE4 https://t.co/a4horcA\u2026", "id": "676200377151287298"}, {"created_at": "2015-12-14T00:41:07.000Z", "edit_history_tweet_ids": ["676200206438830080"], "author_id": "150248433", "text": "Time: Man Fatally Shot by L.A. Deputies Kept Holding Gun, Police Say https://t.co/4KLlnYTmOh", "id": "676200206438830080"}, {"created_at": "2015-12-14T00:40:19.000Z", "edit_history_tweet_ids": ["676200008794927104"], "author_id": "2809161682", "text": "Man fatally shot by la deputies kept holding gun police say #news #market #business https://t.co/bpAOnGGUVL https://t.co/oj0Et5NBJm", "id": "676200008794927104"}], "meta": {"newest_id": "676232057878523904", "oldest_id": "676200008794927104", "result_count": 98, "next_token": "1jzu9lk96gu5npw2cy8twjgcxl63qsvd3au1apk96k59"}}