{"data": [{"created_at": "2015-05-29T00:47:02.000Z", "text": "@RedSox_Stuff @WillysTeam Kelly and Masterson in the bullpen, make Barnes a starter again, Brian Johnson a starter, Henry Owens closer", "id": "604086511160680450", "author_id": "1634228316", "edit_history_tweet_ids": ["604086511160680450"]}, {"created_at": "2015-05-29T00:40:08.000Z", "text": "AC/DC's Brian Johnson does a guest vocal on comedian Jim Breuer's upcoming rock album, coming in January.", "id": "604084776828444674", "author_id": "577549900", "edit_history_tweet_ids": ["604084776828444674"]}, {"created_at": "2015-05-29T00:40:08.000Z", "text": "AC/DC's Brian Johnson does a guest vocal on comedian Jim Breuer's upcoming rock album, coming in January.", "id": "604084776828411904", "author_id": "23093502", "edit_history_tweet_ids": ["604084776828411904"]}, {"created_at": "2015-05-29T00:17:07.000Z", "text": "RT @_Brian_Johnson: The Highest Goal by Michael Ray: https://t.co/ZWI7WswGzw", "id": "604078982175150081", "author_id": "2874315854", "edit_history_tweet_ids": ["604078982175150081"]}, {"created_at": "2015-05-28T22:40:40.000Z", "text": "#fullthrottlerock Brian Johnson to Appear on Comedian Jim Breuer's Upcoming Metal Album http://t.co/dkXwFHV7GZ http://t.co/12czPIfeqY", "id": "604054710098612224", "author_id": "2423238258", "edit_history_tweet_ids": ["604054710098612224"]}, {"created_at": "2015-05-28T22:24:51.000Z", "text": "Ici c'est Rapmag Brian Johnson ! #acdc #stadedefrance http://t.co/g1dvOWuAut", "id": "604050729330954240", "author_id": "1449645894", "edit_history_tweet_ids": ["604050729330954240"]}, {"created_at": "2015-05-28T22:22:59.000Z", "text": "RT @UltClassicRock: Brian Johnson has added vocals to comedian @JimBreuer's rock LP: http://t.co/k0UtEgbTDl http://t.co/TEgbpPJWMl", "id": "604050261024333825", "author_id": "35037260", "edit_history_tweet_ids": ["604050261024333825"]}, {"created_at": "2015-05-28T22:22:26.000Z", "text": "RT @UltClassicRock: Brian Johnson has added vocals to comedian @JimBreuer's rock LP: http://t.co/k0UtEgbTDl http://t.co/TEgbpPJWMl", "id": "604050121844604928", "author_id": "158429678", "edit_history_tweet_ids": ["604050121844604928"]}, {"created_at": "2015-05-28T22:20:24.000Z", "text": "@_Brian_Johnson I read The Optimizer every morning.  Thanks for putting in the work to better other people's lives!", "id": "604049611016130561", "author_id": "17540981", "edit_history_tweet_ids": ["604049611016130561"]}, {"created_at": "2015-05-28T22:19:42.000Z", "text": "RT @_Brian_Johnson: http://t.co/ivF81qFxyu", "id": "604049435040059392", "author_id": "375881931", "edit_history_tweet_ids": ["604049435040059392"]}, {"created_at": "2015-05-28T22:16:33.000Z", "text": "RT @UltClassicRock: Brian Johnson has added vocals to comedian @JimBreuer's rock LP: http://t.co/k0UtEgbTDl http://t.co/TEgbpPJWMl", "id": "604048640236101632", "author_id": "3124658036", "edit_history_tweet_ids": ["604048640236101632"]}, {"created_at": "2015-05-28T22:12:36.000Z", "text": "RT @UltClassicRock: Brian Johnson has added vocals to comedian @JimBreuer's rock LP: http://t.co/k0UtEgbTDl http://t.co/TEgbpPJWMl", "id": "604047645712207875", "author_id": "118931630", "edit_history_tweet_ids": ["604047645712207875"]}, {"created_at": "2015-05-28T22:12:28.000Z", "text": "UPDATE: Chuck Johnson used the same font as the \"Pretty Little Liar\" posters in his Brian Williams illustration http://t.co/FY09uReqsy", "id": "604047613218803714", "author_id": "21785215", "edit_history_tweet_ids": ["604047613218803714"]}, {"created_at": "2015-05-28T22:10:17.000Z", "text": "AC/DC's Brian Johnson Will Appear on Jim Breuer's Album https://t.co/Vjx1KFL2LU http://t.co/KJyoY8o789", "id": "604047066457726976", "author_id": "18950245", "edit_history_tweet_ids": ["604047066457726976"]}, {"created_at": "2015-05-28T22:09:22.000Z", "text": "RT @SportsMemNet: AC/DC's Brian Johnson becomes supporter of Yorkshire dementia charity http://t.co/mJFjqmHCp5 via @guardian", "id": "604046834089218048", "author_id": "2254559187", "edit_history_tweet_ids": ["604046834089218048"]}, {"created_at": "2015-05-28T22:00:13.000Z", "text": "Brian Johnson has added vocals to comedian @JimBreuer's rock LP: http://t.co/k0UtEgbTDl http://t.co/TEgbpPJWMl", "id": "604044531118383104", "author_id": "288205018", "edit_history_tweet_ids": ["604044531118383104"]}, {"created_at": "2015-05-28T21:46:30.000Z", "text": "RT @RollingStone: AC/DC's Brian Johnson will appear on Jim Breuer's upcoming comedy album: http://t.co/1faaoTi6H6", "id": "604041078312931328", "author_id": "527982058", "edit_history_tweet_ids": ["604041078312931328"]}, {"created_at": "2015-05-28T21:34:31.000Z", "text": "is now playing \u266b on http://t.co/REP4w0Dsur : Brian Johnson - All Of The Time (Oban Remix)", "id": "604038061580656641", "author_id": "15590010", "edit_history_tweet_ids": ["604038061580656641"]}, {"created_at": "2015-05-28T21:29:23.000Z", "text": "RT @SportsMemNet: AC/DC's Brian Johnson becomes supporter of Yorkshire dementia charity http://t.co/mJFjqmHCp5 via @guardian", "id": "604036769751916544", "author_id": "410831790", "edit_history_tweet_ids": ["604036769751916544"]}, {"created_at": "2015-05-28T21:28:59.000Z", "text": "The Federalist Radio Hour: Eliana Johnson and Brian Willet - Ben spoke with Eliana Johnson,the DC Editor of Nation... http://t.co/rEaSfSt3co", "id": "604036670330118147", "author_id": "15820944", "edit_history_tweet_ids": ["604036670330118147"]}, {"created_at": "2015-05-28T21:23:45.000Z", "text": "Brian Johnson to Appear on Comedian Jim Breuer\u2019s Upcoming Metal\u00a0Album http://t.co/mSIu1IwusP", "id": "604035353733775360", "author_id": "1917885116", "edit_history_tweet_ids": ["604035353733775360"]}, {"created_at": "2015-05-28T21:23:38.000Z", "text": "Brian Johnson to Appear on Comedian Jim Breuer\u2019s Upcoming Metal Album http://t.co/kT57PQ0lwx", "id": "604035324935700480", "author_id": "23800728", "edit_history_tweet_ids": ["604035324935700480"]}, {"created_at": "2015-05-28T21:23:24.000Z", "text": "RT @SportsMemNet: AC/DC's Brian Johnson becomes supporter of Yorkshire dementia charity http://t.co/mJFjqmHCp5 via @guardian", "id": "604035265854857218", "author_id": "11841062", "edit_history_tweet_ids": ["604035265854857218"]}, {"created_at": "2015-05-28T21:22:47.000Z", "text": "AC/DC's Brian Johnson becomes supporter of Yorkshire dementia charity http://t.co/mJFjqmHCp5 via @guardian", "id": "604035108824313856", "author_id": "391320739", "edit_history_tweet_ids": ["604035108824313856"]}, {"created_at": "2015-05-28T21:10:41.000Z", "text": "The Federalist Radio Hour: Eliana Johnson and Brian Willet - Ben spoke with Eliana Johnson,the DC Editor of Nation... http://t.co/ya6pHFkZSe", "id": "604032064476831746", "author_id": "15820944", "edit_history_tweet_ids": ["604032064476831746"]}, {"created_at": "2015-05-28T21:08:27.000Z", "text": "RT @tomcat8040: Have you heard \u2018Amazed - Lonestar (cover by Brian Johnson &amp; Christian O'Neill)\u2019 by @BWJohnsonMusic on #SoundCloud? https://\u2026", "id": "604031504197406720", "author_id": "995312850", "edit_history_tweet_ids": ["604031504197406720"]}, {"created_at": "2015-05-28T21:06:23.000Z", "text": "What it means to have an extrinsic or intrinsic purpose!\nhttps://t.co/COrovlF8BT", "id": "604030984313417728", "author_id": "1078190023", "edit_history_tweet_ids": ["604030984313417728"]}, {"created_at": "2015-05-28T20:34:10.000Z", "text": "@pablotorralba_ si, delante de Brian Johnson si quieres \ud83d\ude02\ud83d\ude02", "id": "604022877621460992", "author_id": "1562820853", "edit_history_tweet_ids": ["604022877621460992"]}, {"created_at": "2015-05-28T20:29:20.000Z", "text": "AC/DC's Brian Johnson Will Appear on Jim Breuer's Album http://t.co/8QrAJjS2Gs", "id": "604021660807774208", "author_id": "404449870", "edit_history_tweet_ids": ["604021660807774208"]}, {"created_at": "2015-05-28T20:24:53.000Z", "text": "@Marino_Pepen Buenas Tardes Quien Crees Tenga Mas Talento Brian Johnson , Henry Owens y Eduardo Rodriguez? \"Saludos Desde RD\" #RedSox #MLB", "id": "604020539062108160", "author_id": "2731330601", "edit_history_tweet_ids": ["604020539062108160"]}, {"created_at": "2015-05-28T20:17:27.000Z", "text": "RT @Ally__Jam: SUPERGROUP. \nLemmy, David Guetta, Noddy Holder, Midge Ure and Brian Johnson. \n\nLemmy, Guetta, Holder, Ure, Johnson.", "id": "604018667064549376", "author_id": "38498294", "edit_history_tweet_ids": ["604018667064549376"]}, {"created_at": "2015-05-28T20:07:51.000Z", "text": "RT @Brian_Warren517: Thanks to @TipsFromMrTony I've realized how similar Dwayne Johnson and \"The Rock\" look. @BasedCloud http://t.co/fgnbPM\u2026", "id": "604016253917757440", "author_id": "1167623972", "edit_history_tweet_ids": ["604016253917757440"]}, {"created_at": "2015-05-28T19:58:08.000Z", "text": "#musician #news AC/DC Brian Johnson's Guest Track Confusion [News] http://t.co/nO26xwMt3k #slingnews", "id": "604013806491033600", "author_id": "101950530", "edit_history_tweet_ids": ["604013806491033600"]}, {"created_at": "2015-05-28T19:54:34.000Z", "text": "@radioneta_975 Incre\u00edble , una banda de la puta madre , por lo que escucho se le a gastado mucho la voz a Brian Johnson..", "id": "604012908620685313", "author_id": "2274014695", "edit_history_tweet_ids": ["604012908620685313"]}, {"created_at": "2015-05-28T19:50:16.000Z", "text": "RT @BLABBERMOUTHNET: AC/DC's BRIAN JOHNSON To Guest On Comedian JIM BREUER's Rock Album http://t.co/TgFDnfTRMN http://t.co/Fcuoizahuf", "id": "604011828964913152", "author_id": "89473711", "edit_history_tweet_ids": ["604011828964913152"]}, {"created_at": "2015-05-28T19:45:47.000Z", "text": "I liked a @YouTube video from @bethelmusic http://t.co/DnoeLxzyqj Bethel Music Moment: Brian and Jenn Johnson, Amanda Cook", "id": "604010698214133760", "author_id": "5952952", "edit_history_tweet_ids": ["604010698214133760"]}, {"created_at": "2015-05-28T19:40:07.000Z", "text": "New post: AC/DC Brian Johnson&amp;#039;s Guest Track Confusion https://t.co/AyU0Eu55EP", "id": "604009275766263809", "author_id": "2182578056", "edit_history_tweet_ids": ["604009275766263809"]}, {"created_at": "2015-05-28T19:37:11.000Z", "text": "RT @tomcat8040: Have you heard \u2018Amazed - Lonestar (cover by Brian Johnson &amp; Christian O'Neill)\u2019 by @BWJohnsonMusic on #SoundCloud? https://\u2026", "id": "604008535794425856", "author_id": "3033041793", "edit_history_tweet_ids": ["604008535794425856"]}, {"created_at": "2015-05-28T19:34:25.000Z", "text": "RT @RollingStone: AC/DC's Brian Johnson will appear on Jim Breuer's upcoming comedy album: http://t.co/1faaoTi6H6", "id": "604007841259626497", "author_id": "178557505", "edit_history_tweet_ids": ["604007841259626497"]}, {"created_at": "2015-05-28T19:30:18.000Z", "text": "RT @tomcat8040: Have you heard \u2018Amazed - Lonestar (cover by Brian Johnson &amp; Christian O'Neill)\u2019 by @BWJohnsonMusic on #SoundCloud? https://\u2026", "id": "604006804951957504", "author_id": "2892798304", "edit_history_tweet_ids": ["604006804951957504"]}, {"created_at": "2015-05-28T19:22:45.000Z", "text": "RT @_Brian_Johnson: http://t.co/kZIRNKJzXH", "id": "604004902126403584", "author_id": "2730358318", "edit_history_tweet_ids": ["604004902126403584"]}, {"created_at": "2015-05-28T19:21:24.000Z", "text": "RT @tomcat8040: Have you heard \u2018Amazed - Lonestar (cover by Brian Johnson &amp; Christian O'Neill)\u2019 by @BWJohnsonMusic on #SoundCloud? https://\u2026", "id": "604004562312126465", "author_id": "81198727", "edit_history_tweet_ids": ["604004562312126465"]}, {"created_at": "2015-05-28T19:18:29.000Z", "text": "AC/DC's BRIAN JOHNSON To Guest On Comedian JIM BREUER's Rock Album http://t.co/vxyhWcw9Ey", "id": "604003831731634176", "author_id": "39316272", "edit_history_tweet_ids": ["604003831731634176"]}, {"created_at": "2015-05-28T19:18:28.000Z", "text": "RT @jcmccaffrey: With LHP Eduardo Rodriguez set to make his Red Sox debut today, a look at the timetable for LHP Brian Johnson http://t.co/\u2026", "id": "604003825540816897", "author_id": "2388031993", "edit_history_tweet_ids": ["604003825540816897"]}, {"created_at": "2015-05-28T19:16:03.000Z", "text": "RT @BnRecruit: Brian Lankford-Johnson (@bLankJohnson) receives his first offer from #BethuneCookman", "id": "604003218503303168", "author_id": "39367535", "edit_history_tweet_ids": ["604003218503303168"]}, {"created_at": "2015-05-28T19:15:11.000Z", "text": "With LHP Eduardo Rodriguez set to make his Red Sox debut today, a look at the timetable for LHP Brian Johnson http://t.co/0hFgKZ2EDl", "id": "604003001179709440", "author_id": "106609417", "edit_history_tweet_ids": ["604003001179709440"]}, {"created_at": "2015-05-28T19:14:48.000Z", "text": "RT @_Brian_Johnson: http://t.co/kZIRNKJzXH", "id": "604002904177958912", "author_id": "1390257926", "edit_history_tweet_ids": ["604002904177958912"]}, {"created_at": "2015-05-28T19:14:03.000Z", "text": "Have you heard \u2018Amazed - Lonestar (cover by Brian Johnson &amp; Christian O'Neill)\u2019 by @BWJohnsonMusic on #SoundCloud? https://t.co/BWsL0R7Tnx", "id": "604002712615809024", "author_id": "587631271", "edit_history_tweet_ids": ["604002712615809024"]}, {"created_at": "2015-05-28T19:13:09.000Z", "text": "RT @BnRecruit: Brian Lankford-Johnson (@bLankJohnson) receives his first offer from #BethuneCookman", "id": "604002488556097536", "author_id": "2670567352", "edit_history_tweet_ids": ["604002488556097536"]}, {"created_at": "2015-05-28T19:12:49.000Z", "text": "Brian Lankford-Johnson (@bLankJohnson) receives his first offer from #BethuneCookman", "id": "604002403944390658", "author_id": "3240416519", "edit_history_tweet_ids": ["604002403944390658"]}, {"created_at": "2015-05-28T19:11:15.000Z", "text": "@_Brian_Johnson Thanks for your words Brian. Great motivation and enthusiasm everyday.", "id": "604002009054760960", "author_id": "2272117778", "edit_history_tweet_ids": ["604002009054760960"]}, {"created_at": "2015-05-28T19:10:45.000Z", "text": "Mayor Kevin Johnson and Brian Castaneda discuss the fate of the Sacramento Kings at Luigi's. Time wi http://t.co/T3PLGDleum", "id": "604001885524226048", "author_id": "101575167", "edit_history_tweet_ids": ["604001885524226048"]}, {"created_at": "2015-05-28T19:09:32.000Z", "text": "RT @_Brian_Johnson: http://t.co/kZIRNKJzXH", "id": "604001578815594496", "author_id": "2272117778", "edit_history_tweet_ids": ["604001578815594496"]}, {"created_at": "2015-05-28T18:58:42.000Z", "text": "Love AC/DC but I gotta own up. Have not understood one word Brian Johnson has ever said.", "id": "603998849951117312", "author_id": "533726959", "edit_history_tweet_ids": ["603998849951117312"]}, {"created_at": "2015-05-28T18:41:59.000Z", "text": "Was great having Kendra Brisco, Moriah Gildart, Chris Gilbert, Josh Gilbert, Caleb Johnson, Rachel Johnson, Brian... http://t.co/EVM26QIzV0", "id": "603994643332603904", "author_id": "14718577", "edit_history_tweet_ids": ["603994643332603904"]}, {"created_at": "2015-05-28T18:36:54.000Z", "text": "@lenubienne Not \"Back IN Black\"? I'd like to hear your Brian Johnson impressions ;)", "id": "603993364233510913", "author_id": "28623127", "edit_history_tweet_ids": ["603993364233510913"]}, {"created_at": "2015-05-28T18:30:32.000Z", "text": "watch megabien artist Daryl Johnson with Daniel Lanois (U2 producer) &amp; Brian Blade (top drummer) at tonight show https://t.co/tsYcJiD85F", "id": "603991764035248128", "author_id": "3033463429", "edit_history_tweet_ids": ["603991764035248128"]}, {"created_at": "2015-05-28T18:27:36.000Z", "text": "RT @LangKorus: AC/DC Brian Johnson's Guest Track Confusion [News]: General Music News: Brian sang for impersonator's album - but\u2026 http://t.\u2026", "id": "603991024847888385", "author_id": "794921426", "edit_history_tweet_ids": ["603991024847888385"]}, {"created_at": "2015-05-28T18:25:14.000Z", "text": "AC/DC Brian Johnson's Guest Track Confusion [News]: General Music News: Brian sang for impersonator's album - but\u2026 http://t.co/IEn3QcSNHw", "id": "603990429906804736", "author_id": "2202763094", "edit_history_tweet_ids": ["603990429906804736"]}, {"created_at": "2015-05-28T18:24:55.000Z", "text": "RT @peterkidder: Brian Johnson fit in nicely with Acdc,when he replaced Bon Scott,the band was blessed to have them both. http://t.co/OwJfj\u2026", "id": "603990347816001536", "author_id": "2588309673", "edit_history_tweet_ids": ["603990347816001536"]}, {"created_at": "2015-05-28T18:22:32.000Z", "text": "Brian Johnson, Michael Hylton, and Joey Calhoun does Cory Powell be watching y'all like this? Lol http://t.co/Y2auN9ixrA", "id": "603989747975987202", "author_id": "762900270", "edit_history_tweet_ids": ["603989747975987202"]}, {"created_at": "2015-05-28T18:16:04.000Z", "text": "#NowPlaying on @irevivalradio: I Will Bless Your Name (Live) by Brian and Jenn Johnson", "id": "603988122922135552", "author_id": "3000543883", "edit_history_tweet_ids": ["603988122922135552"]}, {"created_at": "2015-05-28T18:15:01.000Z", "text": "I added a video to a @YouTube playlist http://t.co/lNer9FPG19 This I Believe - Brian Johnson, Bethel Church", "id": "603987858857172993", "author_id": "2764541471", "edit_history_tweet_ids": ["603987858857172993"]}, {"created_at": "2015-05-28T18:04:12.000Z", "text": "AC/DC Brian Johnson's Guest Track Confusion [News]: General Music News: Brian sang for impersonator's album - but\u2026 http://t.co/sg7YtzBawv", "id": "603985133641728000", "author_id": "2202812210", "edit_history_tweet_ids": ["603985133641728000"]}, {"created_at": "2015-05-28T18:01:54.000Z", "text": "RT @HMMofficial: AC/DC's BRIAN JOHNSON To Guest On Comedian JIM BREUER's Rock Album:\nhttp://t.co/1lWNV2lea7", "id": "603984555805036544", "author_id": "43256686", "edit_history_tweet_ids": ["603984555805036544"]}, {"created_at": "2015-05-28T18:01:37.000Z", "text": "ULT.CLASSIC ROCK: Brian Johnson to Appear on Comedian Jim Breuer's Upcoming Metal Album http://t.co/li0yb0eHnN http://t.co/yo5k5IYisE", "id": "603984485126811648", "author_id": "2275955754", "edit_history_tweet_ids": ["603984485126811648"]}, {"created_at": "2015-05-28T18:00:54.000Z", "text": "AC/DC's BRIAN JOHNSON To Guest On Comedian JIM BREUER's Rock Album http://t.co/AZW6PPRywj", "id": "603984303765217282", "author_id": "148974866", "edit_history_tweet_ids": ["603984303765217282"]}, {"created_at": "2015-05-28T18:00:10.000Z", "text": "#Meditate! \"Something magical happens when you can simply observe/witness/see yourself in action.\" @_Brian_Johnson http://t.co/JRAU5wS9bv", "id": "603984121556242432", "author_id": "46434585", "edit_history_tweet_ids": ["603984121556242432"]}, {"created_at": "2015-05-28T17:58:41.000Z", "text": "AC/DC's BRIAN JOHNSON To Guest On Comedian JIM BREUER's Rock Album http://t.co/GCvWzB7pzu", "id": "603983748665860097", "author_id": "53774769", "edit_history_tweet_ids": ["603983748665860097"]}, {"created_at": "2015-05-28T17:52:23.000Z", "text": "AC/DC's Brian Johnson Will Appear on Jim Breuer's Album http://t.co/wOgkIyj7zW", "id": "603982161629294592", "author_id": "2662265804", "edit_history_tweet_ids": ["603982161629294592"]}, {"created_at": "2015-05-28T17:43:24.000Z", "text": "RT @UltClassicRock: Brian Johnson will appear on comedian @JimBreuer's upcoming metal album: http://t.co/k0UtEgbTDl http://t.co/C2vaLIYIzq", "id": "603979899423064064", "author_id": "2522112088", "edit_history_tweet_ids": ["603979899423064064"]}, {"created_at": "2015-05-28T17:24:41.000Z", "text": "Check out Brian Johnson to Appear on Comedian Jim Breuer\u2019s Upcoming Metal Album http://t.co/BeqHX6ndxI @UltClassicRock", "id": "603975190733856768", "author_id": "2290395480", "edit_history_tweet_ids": ["603975190733856768"]}, {"created_at": "2015-05-28T17:18:08.000Z", "text": "@BobbyD1980 he knows Brian Johnson? Nice!", "id": "603973542665916416", "author_id": "336789957", "edit_history_tweet_ids": ["603973542665916416"]}, {"created_at": "2015-05-28T17:10:36.000Z", "text": "RT @switzernetwork: Brian Johnson featured in AAAS @ScienceCareers article on informal science education opportunities for researchers. htt\u2026", "id": "603971644932136960", "author_id": "598242944", "edit_history_tweet_ids": ["603971644932136960"]}, {"created_at": "2015-05-28T17:07:54.000Z", "text": "AC/DC's BRIAN JOHNSON To Guest On Comedian JIM BREUER's Rock Album:\nhttp://t.co/1lWNV2lea7", "id": "603970968634007554", "author_id": "190725167", "edit_history_tweet_ids": ["603970968634007554"]}, {"created_at": "2015-05-28T17:04:27.000Z", "text": "RT @peterkidder: Brian Johnson fit in nicely with Acdc,when he replaced Bon Scott,the band was blessed to have them both. http://t.co/OwJfj\u2026", "id": "603970097699401728", "author_id": "3218869430", "edit_history_tweet_ids": ["603970097699401728"]}, {"created_at": "2015-05-28T16:57:53.000Z", "text": "Brian Johnson fit in nicely with Acdc,when he replaced Bon Scott,the band was blessed to have them both. http://t.co/OwJfjoDlit", "id": "603968446557265921", "author_id": "1158316303", "edit_history_tweet_ids": ["603968446557265921"]}, {"created_at": "2015-05-28T16:56:23.000Z", "text": "RT @ClassicRockMag: NEWS: @acdc's Brian Johnson is set to appear on comedian @JimBreuer's album: http://t.co/Kb9RS6Y33L http://t.co/YzqD7Lm\u2026", "id": "603968070143586304", "author_id": "2189226044", "edit_history_tweet_ids": ["603968070143586304"]}, {"created_at": "2015-05-28T16:53:13.000Z", "text": "Brian Johnson, vocalista de AC/DC, colaborar\u00e1 en uno de los temas del famoso humorista americano Jim Breuer.\nhttp://t.co/mLVv2aRC4V", "id": "603967270038175744", "author_id": "232680920", "edit_history_tweet_ids": ["603967270038175744"]}, {"created_at": "2015-05-28T16:44:06.000Z", "text": "Brian Johnson to Appear on Comedian Jim Breuer's Upcoming Metal Album http://t.co/vg7pQG85sM", "id": "603964978068992003", "author_id": "2937722063", "edit_history_tweet_ids": ["603964978068992003"]}, {"created_at": "2015-05-28T16:31:09.000Z", "text": "AC/DC's Brian Johnson Will Appear on Jim Breuer's Album http://t.co/9Vck6z2AqN", "id": "603961717714919424", "author_id": "1276415725", "edit_history_tweet_ids": ["603961717714919424"]}, {"created_at": "2015-05-28T16:30:21.000Z", "text": "@JMastrodonato is Porcello completely healthy? When do you predict we see Brian Johnson?", "id": "603961516312940544", "author_id": "2699198793", "edit_history_tweet_ids": ["603961516312940544"]}, {"created_at": "2015-05-28T16:24:54.000Z", "text": "If vicariously living through 18-year-olds is your thing, good news! Rafael Devers is doing good things in Greenville\nhttp://t.co/5cSFYhSasL", "id": "603960147250020352", "author_id": "50823880", "edit_history_tweet_ids": ["603960147250020352"]}, {"created_at": "2015-05-28T16:21:00.000Z", "text": "#NewNews AC/DC's Brian Johnson Will Appear on Jim Breuer's Album: AC/DC\u00a0frontman Brian Johnson rec... http://t.co/WukuoUBg9L #WeAreMusic", "id": "603959166214877185", "author_id": "574001569", "edit_history_tweet_ids": ["603959166214877185"]}, {"created_at": "2015-05-28T16:18:46.000Z", "text": "RT @RollingStone: AC/DC's Brian Johnson will appear on Jim Breuer's upcoming comedy album: http://t.co/1faaoTi6H6", "id": "603958602492030976", "author_id": "558343762", "edit_history_tweet_ids": ["603958602492030976"]}, {"created_at": "2015-05-28T16:04:35.000Z", "text": "AC/DC's Brian Johnson Will Appear on Jim Breuer's Album http://t.co/3zK1031B6G", "id": "603955032153784321", "author_id": "360415764", "edit_history_tweet_ids": ["603955032153784321"]}, {"created_at": "2015-05-28T15:59:19.000Z", "text": "#rockmusic #stories #news Brian Johnson to Appear on Comedian Jim Breuer's Upcoming Metal Album http://t.co/Mvb8CaJO05", "id": "603953707949019136", "author_id": "970260793", "edit_history_tweet_ids": ["603953707949019136"]}, {"created_at": "2015-05-28T15:54:07.000Z", "text": "Brian Johnson to Appear on Comedian Jim Breuer's Upcoming Metal Album: Comedian Jim Breuer promised \"some pret... http://t.co/3h2FOoScYu", "id": "603952398348898305", "author_id": "1425974120", "edit_history_tweet_ids": ["603952398348898305"]}, {"created_at": "2015-05-28T15:47:44.000Z", "text": "RT @lyman_brian: Rep. Hall offers data tracking amendment; Rep. Johnson agrees with it; the House approves it 91-0. #alpolitics", "id": "603950794623311872", "author_id": "334872991", "edit_history_tweet_ids": ["603950794623311872"]}, {"created_at": "2015-05-28T15:47:07.000Z", "text": "ROLLING STONE: AC/DC's Brian Johnson Will Appear on Jim Breuer's Album http://t.co/851SfdOE5t http://t.co/AyMuhugxrJ", "id": "603950639329054720", "author_id": "2275955754", "edit_history_tweet_ids": ["603950639329054720"]}, {"created_at": "2015-05-28T15:42:55.000Z", "text": "RT @RollingStone: AC/DC's Brian Johnson will appear on Jim Breuer's upcoming comedy album: http://t.co/1faaoTi6H6", "id": "603949580951134209", "author_id": "325827239", "edit_history_tweet_ids": ["603949580951134209"]}, {"created_at": "2015-05-28T15:41:52.000Z", "text": "RT @alexspeier: Minor Details weekend wrap: Eduardo Rodriguez, Brian Johnson on target in push for big leagues http://t.co/kwpHlsSXZD via @\u2026", "id": "603949316886175744", "author_id": "16802422", "edit_history_tweet_ids": ["603949316886175744"]}, {"created_at": "2015-05-28T15:41:31.000Z", "text": "AC/DC's Brian Johnson Will Appear on Jim Breuer's Album: AC/DC frontman Brian Johnson\u2026 http://t.co/bcmMjg1tYx", "id": "603949226159116288", "author_id": "45126062", "edit_history_tweet_ids": ["603949226159116288"]}, {"created_at": "2015-05-28T15:41:23.000Z", "text": "RT @alexspeier: Mentioned in yesterday's Minor Details: Evaluator wondered how Sox could keep best Intl Lg pitching prospect ... http://t.c\u2026", "id": "603949194726998016", "author_id": "16802422", "edit_history_tweet_ids": ["603949194726998016"]}, {"created_at": "2015-05-28T15:41:19.000Z", "text": "RT @alexspeier: In Eduardo Rodiguez in AAA when they have worst rotation in AL. Evidently, Sox reached same conclusion. http://t.co/kwpHlsS\u2026", "id": "603949178230808576", "author_id": "16802422", "edit_history_tweet_ids": ["603949178230808576"]}, {"created_at": "2015-05-28T15:40:31.000Z", "text": "AC/DC's Brian Johnson Will Appear on Jim Breuer's Album http://t.co/9ZrJP3p5S9 via @rollingstone", "id": "603948976258195456", "author_id": "748144903", "edit_history_tweet_ids": ["603948976258195456"]}, {"created_at": "2015-05-28T15:40:27.000Z", "text": "AC/DC's Brian Johnson Will Appear on Jim Breuer's Album http://t.co/I79SZ3vCO1", "id": "603948961112707072", "author_id": "868602079", "edit_history_tweet_ids": ["603948961112707072"]}], "meta": {"newest_id": "604086511160680450", "oldest_id": "603948961112707072", "result_count": 97, "next_token": "1jzu9lk96gu5npw2cd95mfjpgvuy15g7abo2ojo6b1j1"}}