{"data": [{"created_at": "2017-07-04T23:26:47.000Z", "text": "@History_LigaMX @FuerzaMonarca Flaco G\u00f3mez, Alberto Aguilar, Arturo Reyna, Salvador Benz,Perro Dur\u00e1n, Pedro Gonz\u00e1lez, Javier Garay, Jaime Vera, Jorge Guerra, Mudo Ju\u00e1rez", "author_id": "360168301", "edit_history_tweet_ids": ["882380198712418307"], "id": "882380198712418307"}, {"created_at": "2017-07-04T20:11:04.000Z", "text": "El representante legal del senador Jorge Luis Lavalle Maury,  Arturo Aguilar Ram\u00edrez se\u00f1alo que llegar\u00e1n hasta... https://t.co/gEYlXF4FVg", "author_id": "766927902", "edit_history_tweet_ids": ["882330945306714112"], "id": "882330945306714112"}], "meta": {"newest_id": "882380198712418307", "oldest_id": "882330945306714112", "result_count": 2}}