{"data": [{"edit_history_tweet_ids": ["1298019830881296386"], "text": "RT @Barrett_Jackson: Hugger Orange is the new black! Powered by a 383ci V8 stroker engine mated to the original TH350 3-speed automatic tra\u2026", "author_id": "3345750237", "id": "1298019830881296386", "created_at": "2020-08-24T22:10:18.000Z"}, {"edit_history_tweet_ids": ["1298018499927867398"], "text": "My mom just texted me and said \u201cJimmy Jackson is so hot\u201d..... like mother like daughter \ud83d\ude02", "author_id": "449351915", "id": "1298018499927867398", "created_at": "2020-08-24T22:05:01.000Z"}, {"edit_history_tweet_ids": ["1298016639439589380"], "text": "RT @Barrett_Jackson: Hugger Orange is the new black! Powered by a 383ci V8 stroker engine mated to the original TH350 3-speed automatic tra\u2026", "author_id": "717194750411931651", "id": "1298016639439589380", "created_at": "2020-08-24T21:57:37.000Z"}, {"edit_history_tweet_ids": ["1298006240430133248"], "text": "RT @Barrett_Jackson: Hugger Orange is the new black! Powered by a 383ci V8 stroker engine mated to the original TH350 3-speed automatic tra\u2026", "author_id": "2179071800", "id": "1298006240430133248", "created_at": "2020-08-24T21:16:18.000Z"}, {"edit_history_tweet_ids": ["1298004059950120960"], "text": "@jimmy_kittichok Tu me crois j'ai crus c'etais Jackson a la base mdr", "author_id": "1249456643147829248", "id": "1298004059950120960", "created_at": "2020-08-24T21:07:38.000Z"}, {"edit_history_tweet_ids": ["1297995411572105216"], "text": "RT @PeaceandMJ91: Virgos are really lit asf! \nWe got Michael Jackson, Kobe Bryant, Beyonc\u00e9 , KEKE Palmer, Taraji , Cameron Diaz, Jack Black\u2026", "author_id": "325796612", "id": "1297995411572105216", "created_at": "2020-08-24T20:33:16.000Z"}, {"edit_history_tweet_ids": ["1297991030298550274"], "text": "Rockets Legend Jimmy Jackson on the call", "author_id": "2177891641", "id": "1297991030298550274", "created_at": "2020-08-24T20:15:51.000Z"}, {"edit_history_tweet_ids": ["1297990452461871110"], "text": "RT @PeaceandMJ91: Virgos are really lit asf! \nWe got Michael Jackson, Kobe Bryant, Beyonc\u00e9 , KEKE Palmer, Taraji , Cameron Diaz, Jack Black\u2026", "author_id": "147046908", "id": "1297990452461871110", "created_at": "2020-08-24T20:13:34.000Z"}, {"edit_history_tweet_ids": ["1297987883631022082"], "text": "Virgos are really lit asf! \nWe got Michael Jackson, Kobe Bryant, Beyonc\u00e9 , KEKE Palmer, Taraji , Cameron Diaz, Jack Black, Idris Elba, Adam Sandler , Nas, LUDA, Tyler Perry , JHUD , Sanna Lathan , Jimmy Fallon, Jada Pinkett. \nIjs \u264d\ufe0f\u264d\ufe0f\u264d\ufe0f\u264d\ufe0f\ud83e\udd73\ud83e\udd73\ud83e\udd73", "author_id": "57109287", "id": "1297987883631022082", "created_at": "2020-08-24T20:03:21.000Z"}, {"edit_history_tweet_ids": ["1297983997788618753"], "text": "@BenFennell_NFL If Jimmy Graham is considered \u201cbetter\u201d than Khalil Mack, Eddie Jackson, Allen Robinson, etc. then that\u2019s a problem \ud83d\ude02", "author_id": "885670154134093824", "id": "1297983997788618753", "created_at": "2020-08-24T19:47:55.000Z"}, {"edit_history_tweet_ids": ["1297978912404897792"], "text": "She hit him with the ol Jimmy \u201cI keep that thang too\u201d Jackson action. https://t.co/7sQHm3sUty https://t.co/FXkZtoMYOM", "author_id": "68356175", "id": "1297978912404897792", "created_at": "2020-08-24T19:27:42.000Z"}, {"edit_history_tweet_ids": ["1297973234680451072"], "text": "@CoughfeeShoppe_LLC \n#NowPlaying It's Five O'Clock Somewhere (Intro Clean) by Alan Jackson ft Jimmy Buffett \n\nhttps://t.co/XCCEaB7y9K\n \nhttps://t.co/sPqDh7Wr1U", "author_id": "3846601889", "id": "1297973234680451072", "created_at": "2020-08-24T19:05:08.000Z"}, {"edit_history_tweet_ids": ["1297940920286027776"], "text": "RT @Chameleon876: Co-written with longtime collaborators Jimmy Jam and Terry Lewis, the trio crafted \u2018Doesn\u2019t Really Matter\u2019 \u2013 an uptempo P\u2026", "author_id": "1232412183578976257", "id": "1297940920286027776", "created_at": "2020-08-24T16:56:44.000Z"}, {"edit_history_tweet_ids": ["1297933558904836099"], "text": "Jimmy Fallon, Janet Jackson &amp; The Roots Sing \"Runaway\" (Classroom Instru... https://t.co/Qr5VG2GdYT", "author_id": "85354137", "id": "1297933558904836099", "created_at": "2020-08-24T16:27:29.000Z"}, {"edit_history_tweet_ids": ["1297924347919765504"], "text": "Adam Jahns ranking of the 5 best #Bears players in camp so far:\n\n1. Jimmy Graham\n2. Cole Kmet\n3. Bilal Nichols\n4. Eddie Jackson\n5. Darnell Mooney", "author_id": "1282681763974848513", "id": "1297924347919765504", "created_at": "2020-08-24T15:50:53.000Z"}, {"edit_history_tweet_ids": ["1297917329981018114"], "text": "76ers need to hire Mark Jackson. Brett Brown has three straight years of not making an ECF even tho last year Kawhi got that lucky bounce. The GM Elton Brand has one more year for me. Losing Jimmy Butler and JJ Redick hurts is this whole year.", "author_id": "833717788682358786", "id": "1297917329981018114", "created_at": "2020-08-24T15:23:00.000Z"}, {"edit_history_tweet_ids": ["1297907273587666944"], "text": "RT @Chameleon876: Co-written with longtime collaborators Jimmy Jam and Terry Lewis, the trio crafted \u2018Doesn\u2019t Really Matter\u2019 \u2013 an uptempo P\u2026", "author_id": "64631399", "id": "1297907273587666944", "created_at": "2020-08-24T14:43:02.000Z"}, {"edit_history_tweet_ids": ["1297880624666206208"], "text": "RT @Chameleon876: Co-written with longtime collaborators Jimmy Jam and Terry Lewis, the trio crafted \u2018Doesn\u2019t Really Matter\u2019 \u2013 an uptempo P\u2026", "author_id": "976785753803018241", "id": "1297880624666206208", "created_at": "2020-08-24T12:57:09.000Z"}, {"edit_history_tweet_ids": ["1297866493707911169"], "text": "#NowStreaming Margaritaville (With Jimmy Buffett) by Alan Jackson Ft. Jimmy Buffet #Streaming Live on https://t.co/IjD5lTdKUC", "author_id": "1135240413558779908", "id": "1297866493707911169", "created_at": "2020-08-24T12:00:59.000Z"}, {"edit_history_tweet_ids": ["1297838146332237825"], "text": "@incidential @DanielUrbanoL MUCHAS\nBucanners, por razones obvias.\nSaints por lo redondo que ha resultado su plantilla.\nNiners a ver si Jimmy G. Da el pasito.\nRavens y el show Jackson.\n La evoluci\u00f3n de los j\u00f3venes Qbs Murray, Jones, Burrow, Tua y Lock.\nPOCO\nLas Vegas Raiders\nY los venidos a menos Rams.", "author_id": "1076539723", "id": "1297838146332237825", "created_at": "2020-08-24T10:08:21.000Z"}, {"edit_history_tweet_ids": ["1297822184858095619"], "text": "RT @EstherIkiao: it's 5 o'clock somewhere Alan Jackson ft Jimmy Buffet \ud83c\udfb6 \ud83c\udfb8 \ud83c\udfa4 @ombui @kbcenglish #KBCweekender #SundownerKBC #countrymusic", "author_id": "87377750", "id": "1297822184858095619", "created_at": "2020-08-24T09:04:55.000Z"}, {"edit_history_tweet_ids": ["1297822135805771776"], "text": "RT @NFlo2020: @ItsMwangiKelvyn @Vetmurage @IreneNjanja @Lucypau43921191 @EstherIkiao @ombui @kbcenglish @NorahSosi @benwangui7 @liznyams @L\u2026", "author_id": "87377750", "id": "1297822135805771776", "created_at": "2020-08-24T09:04:44.000Z"}, {"edit_history_tweet_ids": ["1297796906861694978"], "text": "Jimmy Wise - JW - REC (Ft. Yellow-Line, Jackson, Jet Mylez)(\u041f\u0440\u0435\u043c\u044c\u0435\u0440\u0430 \u043f\u0435\u0441... https://t.co/mfOOZ24xo9 \u0447\u0435\u0440\u0435\u0437 @YouTube", "author_id": "325156189", "id": "1297796906861694978", "created_at": "2020-08-24T07:24:29.000Z"}, {"edit_history_tweet_ids": ["1297748547706564610"], "text": "@berryfud FCK IM CRYING THERES A RONA VERSION https://t.co/awjOM0tpeT", "author_id": "1016355532238512128", "id": "1297748547706564610", "created_at": "2020-08-24T04:12:19.000Z"}, {"edit_history_tweet_ids": ["1297746045506670593"], "text": "@brooklynnets85 @BLCity5 @wjax99__ Agree 100%. People have to realize the BK Nets and NJ Nets are completely diff. Since the move to BK Dwight, KG, Pierce, D-Will, Jimmy Butler, KD, and Kyrie have all wanted to be Nets or became Nets. Also wasn\u2019t Phil Jackson rumored to be interested after we fired Avery Johnson?", "author_id": "2957975535", "id": "1297746045506670593", "created_at": "2020-08-24T04:02:22.000Z"}, {"edit_history_tweet_ids": ["1297738636008595456"], "text": "FSB LZ Russell tour with US Marine vets... Remembering Jimmy Jackson... https://t.co/xVt3hfbo5K", "author_id": "2249623693", "id": "1297738636008595456", "created_at": "2020-08-24T03:32:56.000Z"}, {"edit_history_tweet_ids": ["1297729343691653122"], "text": "@jackson_vol I think he\u2019s gonna be good too but he\u2019s gotta add some weight. Hell Jimmy Calloway is gonna be a stud too. I\u2019m excited to see what Chaney can do with all of them", "author_id": "344818252", "id": "1297729343691653122", "created_at": "2020-08-24T02:56:00.000Z"}, {"edit_history_tweet_ids": ["1297715502727528448"], "text": "@Super70sSports Use Jimmy as a decoy??? Would Phil Jackson do that with Michael Jordan??", "author_id": "331017483", "id": "1297715502727528448", "created_at": "2020-08-24T02:01:00.000Z"}, {"edit_history_tweet_ids": ["1297695040958070785"], "text": "@SholaMos1 Ppl don\u2019t like her because she\u2019s irritating, are dark people exempt from being irritating? Prince Andrew accused not convicted just as Micheal Jackson was accused and not convicted. He made a poor judgment, many celebrities made a poor judgment and didn\u2019t know Jimmy was a pedo.", "author_id": "104304845", "id": "1297695040958070785", "created_at": "2020-08-24T00:39:42.000Z"}], "meta": {"newest_id": "1298019830881296386", "oldest_id": "1297695040958070785", "result_count": 29}}