{"data": [{"text": "We almost forgot about the last of the August birthdays...\nHappy birthday to all those that celebrated Aug. 16 to 31:\nSydney, Aanya, Alwaleed, Jackson, Arav, Jimmy, Lucy, Emma, Raghav, Ariel, Theodore, Zimo, Riya, Kaden, Nycolas, Lauren, Bhavika, &amp; Hadi.  \ud83c\udf89\ud83c\udf82 https://t.co/xS0pz59vud", "id": "1301595461602734082", "edit_history_tweet_ids": ["1301595461602734082"], "created_at": "2020-09-03T18:58:35.000Z", "author_id": "869385185606983682"}, {"text": "@Cortez_Allen @Dapperlydopedad @Realrclark25 He had Dirk, who won a championship after Nash left.\nAnd a young Amare Stoudamire.\nAnd a collection of 3 ball shooters that pre dated Golden State (Joe Johnson, Q Rich, Jimmy Jackson, and Marion was a better shooter than Dray).\nIt's pretty close.", "id": "1301580961172328451", "edit_history_tweet_ids": ["1301580961172328451"], "created_at": "2020-09-03T18:00:58.000Z", "author_id": "1957934376"}, {"text": "RT @rcude93: Love the billboard in Jackson, Tn for the 50th Anniversary Show. Two of my favorite Memphis Wrestling Legends of All Time. \"Th\u2026", "id": "1301576617853095937", "edit_history_tweet_ids": ["1301576617853095937"], "created_at": "2020-09-03T17:43:42.000Z", "author_id": "975525534"}, {"text": "@jonjohnsonwip This is gonna be the same as bring in Tobias over Jimmy !! \u201cOverrated Coach overrated players !!!!!\u201d ...I\u2019m Done wit this Dumb Organization!!!   Mark Jackson is way more qualified!!! https://t.co/XIrmYEdqss", "id": "1301555418267820032", "edit_history_tweet_ids": ["1301555418267820032"], "created_at": "2020-09-03T16:19:28.000Z", "author_id": "1202028035358232576"}, {"text": "Eternal mood: Jimmy Jackson from Waterbury", "id": "1301542888925532161", "edit_history_tweet_ids": ["1301542888925532161"], "created_at": "2020-09-03T15:29:40.000Z", "author_id": "53301470"}, {"text": "#NowPlaying Alan Jackson - Its Five O Clock Somewhere (Feat. Jimmy Buffet)\nListen in Here\nhttps://t.co/Ar5yjZscCA\nhttps://t.co/jEq9pA1Yni https://t.co/5kTpYZW3Ul", "id": "1301539460769894408", "edit_history_tweet_ids": ["1301539460769894408"], "created_at": "2020-09-03T15:16:03.000Z", "author_id": "1266957921474080768"}, {"text": "@men_withven @RubyWatkinsX3 @SmoothRadio @michaeljackson Or maybe Jimmy Savile was an untalented version of Michael Jackson. Either way, you get the picture.", "id": "1301536045318709248", "edit_history_tweet_ids": ["1301536045318709248"], "created_at": "2020-09-03T15:02:29.000Z", "author_id": "1138819338310443011"}, {"text": "RT @rcude93: Love the billboard in Jackson, Tn for the 50th Anniversary Show. Two of my favorite Memphis Wrestling Legends of All Time. \"Th\u2026", "id": "1301535762631061507", "edit_history_tweet_ids": ["1301535762631061507"], "created_at": "2020-09-03T15:01:21.000Z", "author_id": "902254719569207296"}, {"text": "RT @rcude93: Love the billboard in Jackson, Tn for the 50th Anniversary Show. Two of my favorite Memphis Wrestling Legends of All Time. \"Th\u2026", "id": "1301535627834515456", "edit_history_tweet_ids": ["1301535627834515456"], "created_at": "2020-09-03T15:00:49.000Z", "author_id": "57982473"}, {"text": "@1TMJohnson @winsandspins @shazutheraider @ImNotMaheer @TheSteinLine @ChrisBHaynes @NYTSports Nah I think it was Jimmy Jackson or some other old school cat like that.", "id": "1301526717723561992", "edit_history_tweet_ids": ["1301526717723561992"], "created_at": "2020-09-03T14:25:25.000Z", "author_id": "710854877237219329"}, {"text": "Day 3: Favorite actor or actress \n\n@DarthHockey: Ewan McGregor\n\n@krittterrr: Natalie Portman\n\nThis was a hard question considering this movie features these two plus Samuel L. Jackson, Christopher Lee, Ian McDiarmid, and Jimmy Smits. https://t.co/RZ021olGYw", "id": "1301521871599525893", "edit_history_tweet_ids": ["1301521871599525893"], "created_at": "2020-09-03T14:06:09.000Z", "author_id": "1081340316861558784"}, {"text": "@RubyWatkinsX3 @SmoothRadio @michaeljackson Michael Jackson was merely a singing dancing talented version of Jimmy Savile.", "id": "1301457743501570048", "edit_history_tweet_ids": ["1301457743501570048"], "created_at": "2020-09-03T09:51:20.000Z", "author_id": "1138819338310443011"}, {"text": "RT @UntilJustice: 11+ years of The C.O.W.S. Radio Program includes the month we spent in 2012 focused on sexual abuse. 1 guest was Valerie\u2026", "id": "1301453116857036801", "edit_history_tweet_ids": ["1301453116857036801"], "created_at": "2020-09-03T09:32:57.000Z", "author_id": "906773236632842240"}, {"text": "Jimmy Webb - P.F. Sloane (Feat. Jackson Browne)", "id": "1301441604134338560", "edit_history_tweet_ids": ["1301441604134338560"], "created_at": "2020-09-03T08:47:12.000Z", "author_id": "1202896301857353728"}, {"text": "RT @DaAnsahonSports: Do they know prime jimmy Jackson ? https://t.co/hoHKlqsZuA", "id": "1301422127036461057", "edit_history_tweet_ids": ["1301422127036461057"], "created_at": "2020-09-03T07:29:48.000Z", "author_id": "95001048"}, {"text": "@MJChartData @jimmykimmel I guess Jimmy didn't get the memo from his writers that Michael Jackson is innocent.\ud83d\ude0f", "id": "1301421375190573056", "edit_history_tweet_ids": ["1301421375190573056"], "created_at": "2020-09-03T07:26:49.000Z", "author_id": "1279709445673517057"}, {"text": "@Zichivhu \ud83e\udd23\nI graduated from Rap after The Slim Shady LP. This is Messrs Alan Jackson and Jimmy Buffet. Brilliant folks.\n\nGood morning.", "id": "1301411001099849729", "edit_history_tweet_ids": ["1301411001099849729"], "created_at": "2020-09-03T06:45:36.000Z", "author_id": "2172569998"}, {"text": "RT @rcude93: Love the billboard in Jackson, Tn for the 50th Anniversary Show. Two of my favorite Memphis Wrestling Legends of All Time. \"Th\u2026", "id": "1301406184939958274", "edit_history_tweet_ids": ["1301406184939958274"], "created_at": "2020-09-03T06:26:28.000Z", "author_id": "362867570"}, {"text": "Love the billboard in Jackson, Tn for the 50th Anniversary Show. Two of my favorite Memphis Wrestling Legends of All Time. \"The King\" and \"The Mouth of the South\" Jimmy Hart!\ud83d\udc51\ud83d\udce2@JerryLawler https://t.co/wEYLa92Of4", "id": "1301397948283183104", "edit_history_tweet_ids": ["1301397948283183104"], "created_at": "2020-09-03T05:53:44.000Z", "author_id": "767223761540149253"}, {"text": "@jackfrank_jjf Think about this Jackson, Jimmy Butler never wanted to be a second fiddler instead. He wants to play in an environment that allow him to do his thing, that is feel wanted.", "id": "1301392233774690310", "edit_history_tweet_ids": ["1301392233774690310"], "created_at": "2020-09-03T05:31:01.000Z", "author_id": "1700980766"}, {"text": "@Flyin_Nrs Toss up between a \u201872 Ferrari Daytona and this beauty: https://t.co/8XRwgX64i2\n\nThough I confess, somewhere mid-teens I decided I really wanted a Jimmy stepside.", "id": "1301365571745873920", "edit_history_tweet_ids": ["1301365571745873920"], "created_at": "2020-09-03T03:45:05.000Z", "author_id": "2577607742"}, {"text": "@GregHowardJr1 @DNC @CoryBooker Here. are the pinups that should grace the 'Men of the Democratic Party' calendar\n\nThomas Jefferson\nAndrew Jackson\nJames K Polk\nFranklin Delano Roosevelt\nHarry S Truman\nJohn F Kennedy\nRobert F Kennedy\nJimmy Carter\nEdward M Kennedy\nWilliam J Clinton\nBarack H. Obama\nJoseph R Biden", "id": "1301361831148236800", "edit_history_tweet_ids": ["1301361831148236800"], "created_at": "2020-09-03T03:30:13.000Z", "author_id": "344515692"}, {"text": "Jimmy Jackson looks better than James Harden", "id": "1301356349738057730", "edit_history_tweet_ids": ["1301356349738057730"], "created_at": "2020-09-03T03:08:26.000Z", "author_id": "1195704941790273538"}, {"text": "@FanAkko Alternate musical idea:Zombie Jackson kills Zombie celebrity pedos like Jimmy Saville and Jeffrey Epstein", "id": "1301349592794095617", "edit_history_tweet_ids": ["1301349592794095617"], "created_at": "2020-09-03T02:41:35.000Z", "author_id": "1211829937008562176"}, {"text": "@starkmanalex3 Charlie Parker,  Prince, Luciano Pavarotti, Joe Cocker, Aretha Franklin, Michael Jackson, Jimmy Hendrix... \nno reason to decide who's death was the saddest.", "id": "1301337185069813762", "edit_history_tweet_ids": ["1301337185069813762"], "created_at": "2020-09-03T01:52:17.000Z", "author_id": "224521639"}, {"text": "RT @Akron_Jackson: Shoutout to defensive specialist Kyle Korver for putting the clamps down on Jimmy Buckets. Truly inspirational stuff the\u2026", "id": "1301333672344379394", "edit_history_tweet_ids": ["1301333672344379394"], "created_at": "2020-09-03T01:38:19.000Z", "author_id": "235731102"}, {"text": "Rare #NBA DALLAS MAVERICKS #24 JIMMY JACKSON SIze Large-44 JERSEY (Vintage 90's) https://t.co/IRy7EPgXCE", "id": "1301332087480352768", "edit_history_tweet_ids": ["1301332087480352768"], "created_at": "2020-09-03T01:32:01.000Z", "author_id": "4793119246"}, {"text": "Jimmy Butler look like Carl Lee Hailey  aka Samuel L Jackson on A Time To Kill \ud83e\udd23", "id": "1301331775843639302", "edit_history_tweet_ids": ["1301331775843639302"], "created_at": "2020-09-03T01:30:47.000Z", "author_id": "105460110"}, {"text": "Never get the ball in the corner. Jimmy know better then thatttt *samuel Jackson voice*", "id": "1301331119447650304", "edit_history_tweet_ids": ["1301331119447650304"], "created_at": "2020-09-03T01:28:11.000Z", "author_id": "293328482"}, {"text": "@gregarth @Brett_Jensen @wbtradio It was scientifically proven by Allen Jackson and Jimmy Buffett.", "id": "1301329001340973057", "edit_history_tweet_ids": ["1301329001340973057"], "created_at": "2020-09-03T01:19:46.000Z", "author_id": "176880415"}, {"text": "63rd st Lagoon in Jackson park to be Exact this is where jimmy be getting the Shrimp from\ud83e\udd2b\ud83e\udd2b\ud83d\udd25\ud83d\udd25\ud83d\udd25 https://t.co/cPRRpwlzJD", "id": "1301317784270450688", "edit_history_tweet_ids": ["1301317784270450688"], "created_at": "2020-09-03T00:35:11.000Z", "author_id": "48168325"}, {"text": "Give Andrew Jackson, Woodrow Wilson, FDR, LBJ, and Jimmy Carter some credit. https://t.co/pAyutzrJXi", "id": "1301315280497528832", "edit_history_tweet_ids": ["1301315280497528832"], "created_at": "2020-09-03T00:25:14.000Z", "author_id": "977715683957014528"}, {"text": "Alan Jackson, Jimmy Buffett - It's Five O' Clock Somewhere (Official Mus... https://t.co/l4qOEoCjvv via @YouTube", "id": "1301300174191386624", "edit_history_tweet_ids": ["1301300174191386624"], "created_at": "2020-09-02T23:25:13.000Z", "author_id": "785618638954827776"}, {"text": "To #BLM - SUCCESSFUL BLACKS:\nJimmy Hendrix; James Brown; Supremes; Temptations; Leo Terrell; Van Jones; MLK, Mohammed Ali; Arthur Ashe; Kobe Bryant; Isaiah Thomas, Michael Jackson; Maya Angelou; and list is very much longer. All this just in USA!!", "id": "1301295219657379842", "edit_history_tweet_ids": ["1301295219657379842"], "created_at": "2020-09-02T23:05:31.000Z", "author_id": "1283562156009684995"}, {"text": "@brose750 @klainer4ever1 @starwarstuff @BritishGQ Didn\u2019t even mention Sam Jackson, Mark Hamill, Carrie Fisher, Terence Stamp, Jimmy Smits, Ray Park, Adam Driver, Gwendolyn Christie...You can admit your surrender anytime.", "id": "1301293934635819008", "edit_history_tweet_ids": ["1301293934635819008"], "created_at": "2020-09-02T23:00:25.000Z", "author_id": "901982414255292420"}, {"text": "@jimmy_G236 @giannisallstars Preach! That white is probably a Jackson stan.", "id": "1301289412517654530", "edit_history_tweet_ids": ["1301289412517654530"], "created_at": "2020-09-02T22:42:27.000Z", "author_id": "1293029947213262848"}, {"text": ".@JasonTaylor will replace Bob Griese as co-analyst on Dolphins\u2019 radio broadcasts, alongside analyst Joe Rose and play-by-play man Jimmy Cefalo.\n\nhttps://t.co/hwwOaYS29n", "id": "1301288719111127042", "edit_history_tweet_ids": ["1301288719111127042"], "created_at": "2020-09-02T22:39:42.000Z", "author_id": "1092564589"}, {"text": "@starkmanalex3 Elvis, Jimmy Hendrix, Janis Joplin, John Lennon, Prince, Whitney Houston, M Jackson and many more who departed way too early RIP", "id": "1301282846934523905", "edit_history_tweet_ids": ["1301282846934523905"], "created_at": "2020-09-02T22:16:22.000Z", "author_id": "1700296628"}, {"text": "@RubyWatkinsX3 @SmoothRadio @michaeljackson Michael Jackson and Jimmy Savile paved the way for celebrity charity work. That\u2019s a positive vibe.", "id": "1301260003660234756", "edit_history_tweet_ids": ["1301260003660234756"], "created_at": "2020-09-02T20:45:35.000Z", "author_id": "1138819338310443011"}, {"text": "@RubyWatkinsX3 @SmoothRadio @michaeljackson What\u2019s with all the negative vibes \ud83e\udd14.  When I think celebrity charity contributions two men immediately spring to mind: Michael Jackson and Jimmy Savile.", "id": "1301258918161772547", "edit_history_tweet_ids": ["1301258918161772547"], "created_at": "2020-09-02T20:41:16.000Z", "author_id": "1138819338310443011"}, {"text": "RT @louieborrelli: Just like Jimmy Buffett and Alan Jackson said, it\u2019s Friday somewhere", "id": "1301256888173105158", "edit_history_tweet_ids": ["1301256888173105158"], "created_at": "2020-09-02T20:33:12.000Z", "author_id": "2213020173"}, {"text": "@CMT Jimmy Buffet, Keith Urban, George Strait, Alan Jackson, Carrie Underwood, Blake Shelton, Reba, Trisha Yearwood, Garth Brooks,  I could add many more. .....", "id": "1301253015186345984", "edit_history_tweet_ids": ["1301253015186345984"], "created_at": "2020-09-02T20:17:49.000Z", "author_id": "249035778"}, {"text": "Jimmy Webb - P.F. Sloane (Feat. Jackson Browne)", "id": "1301250566102945792", "edit_history_tweet_ids": ["1301250566102945792"], "created_at": "2020-09-02T20:08:05.000Z", "author_id": "1202896301857353728"}, {"text": "@RubyWatkinsX3 @SmoothRadio @michaeljackson What\u2019s racist about highlighting Michael Jackson and Jimmy Savile\u2019s charity work \ud83e\udd14", "id": "1301250560184791040", "edit_history_tweet_ids": ["1301250560184791040"], "created_at": "2020-09-02T20:08:04.000Z", "author_id": "1138819338310443011"}, {"text": "@rotobuzzguy in my ppr league, I have picks 1,1,2,3,3,4,4,5,6,9,10,11,12,13,14,15; I kept Conner 9, Gallup 10, Jimmy G 15. Someone is looking to trade Lamar Jackson (14 keep for me) for my 4&amp;5, possibly my 5&amp;6. Should I do it? Thx my fantasy guru \ud83d\ude4f", "id": "1301250436935102466", "edit_history_tweet_ids": ["1301250436935102466"], "created_at": "2020-09-02T20:07:34.000Z", "author_id": "2743196649"}, {"text": "@RubyWatkinsX3 @SmoothRadio @michaeljackson If it\u2019s not about the charity work performed by Jimmy Savile and Michael Jackson I\u2019m not interested.", "id": "1301249157219471365", "edit_history_tweet_ids": ["1301249157219471365"], "created_at": "2020-09-02T20:02:29.000Z", "author_id": "1138819338310443011"}, {"text": "Mark Jackson will give you a lot of iso and that probably isn\u2019t what you want.  However what you will get is a strong defensive team and accountability.  Jimmy tried to hold them accountable and was made out to be crazy. Coach did t back that play.  MJack will do that. https://t.co/nEKW4B8vEm", "id": "1301244395983900672", "edit_history_tweet_ids": ["1301244395983900672"], "created_at": "2020-09-02T19:43:34.000Z", "author_id": "18882735"}, {"text": "Do people realize Lamar Jackson didn't play seven quarters of football in 2019 because they were ahead by so much or were resting for the playoffs? \n\nOn top of that, for a lot of fourth quarters he was a glorified Jimmy Garappolo: just handing the ball off to burn clock.\n\nQB1. https://t.co/dLFyl7iL08", "id": "1301242810620760064", "edit_history_tweet_ids": ["1301242810620760064"], "created_at": "2020-09-02T19:37:16.000Z", "author_id": "48935039"}, {"text": "Just like Jimmy Buffett and Alan Jackson said, it\u2019s Friday somewhere", "id": "1301241908937854976", "edit_history_tweet_ids": ["1301241908937854976"], "created_at": "2020-09-02T19:33:41.000Z", "author_id": "2578446052"}, {"text": "@RubyWatkinsX3 @SmoothRadio @michaeljackson I suppose if you think positively then both Jimmy Savile and Michael Jackson did loads of good work for charity \ud83d\udc4d\ud83c\udffc", "id": "1301231827072540677", "edit_history_tweet_ids": ["1301231827072540677"], "created_at": "2020-09-02T18:53:37.000Z", "author_id": "1138819338310443011"}, {"text": "Now playing It's Five O'Clock Somewhere  by Alan Jackson ft Jimmy Buffett!", "id": "1301214205085974530", "edit_history_tweet_ids": ["1301214205085974530"], "created_at": "2020-09-02T17:43:36.000Z", "author_id": "47488502"}, {"text": "On this day in 2003, Alan Jackson and Jimmy Buffett were at #1 on the Billboard country singles chart with \"It's Five O'Clock Somewhere\".", "id": "1301214130293141505", "edit_history_tweet_ids": ["1301214130293141505"], "created_at": "2020-09-02T17:43:18.000Z", "author_id": "485391778"}, {"text": "RT @JanetJacksonFav: Let's take the time to appreciate #Runaway by Janet Jackson so happy Janet gave the song attention by singing it with\u2026", "id": "1301190673127923713", "edit_history_tweet_ids": ["1301190673127923713"], "created_at": "2020-09-02T16:10:06.000Z", "author_id": "797936352738344960"}, {"text": "RT @PsychedelicMag: ...he was also a member of Embryo in 1970 and had already played with Christian Burchard\u2019s big band of the same name in\u2026", "id": "1301184047599808518", "edit_history_tweet_ids": ["1301184047599808518"], "created_at": "2020-09-02T15:43:46.000Z", "author_id": "2248136547"}, {"text": "Needed to add that this was a great article, but also that the marginalization #JohnBoyega refers to is part of the legacy of the franchise, going back to Billy Dee, Sam Jackson, Jimmy Smits, Ahmed Best, and even Carrie Fischer. https://t.co/5YPjE9X9uk", "id": "1301175568373878786", "edit_history_tweet_ids": ["1301175568373878786"], "created_at": "2020-09-02T15:10:04.000Z", "author_id": "227174089"}, {"text": "Na ordem da minha prefer\u00eancia:\nFred Mercury\nMichael Jackson\nElvis Presley\nDavid Bowie\nJohn Lennon\nJimmy Hendrix https://t.co/N9ANM8h8zy", "id": "1301169625972047872", "edit_history_tweet_ids": ["1301169625972047872"], "created_at": "2020-09-02T14:46:28.000Z", "author_id": "478007774"}, {"text": "13-3\nL Jackson \ud83d\udc40 (Ingram &amp; Dobbins split carries)\nHollywood\nJudon\nAndrews\nQueen\nJimmy Smith\nL Jackson\nHumphrey https://t.co/uvFZINhVAc", "id": "1301166520177963008", "edit_history_tweet_ids": ["1301166520177963008"], "created_at": "2020-09-02T14:34:07.000Z", "author_id": "165466878"}, {"text": "OTD in 2003 Alan Jackson and Jimmy Buffett were at #1 on the Billboard country singles chart with the song, \"It's Five O'Clock Somewhere\". The song won the Country Music Association (CMA) Award for Vocal Event of the Year. https://t.co/UpR4wO9QAO via @YouTube", "id": "1301123245744193536", "edit_history_tweet_ids": ["1301123245744193536"], "created_at": "2020-09-02T11:42:10.000Z", "author_id": "40043965"}, {"text": "Alan Jackson &amp; Jimmy Buffett - It's 5 O'Clock Somewhere #nowplaying #listenlive", "id": "1301123213532037120", "edit_history_tweet_ids": ["1301123213532037120"], "created_at": "2020-09-02T11:42:02.000Z", "author_id": "1003285206"}, {"text": "@RaShun_Jackson @KingTruckerGA @TMZ I mean he was still in the super bowl lol. I\u2019m not even huge on Jimmy just saying he\u2019s not \u201ctrash\u201d nor is Dak. Both are at least good", "id": "1301110322040901632", "edit_history_tweet_ids": ["1301110322040901632"], "created_at": "2020-09-02T10:50:48.000Z", "author_id": "2331290948"}, {"text": "Origins!\n\nAlien Ant Farm's Michael Jackson cover is from their second LP ANThology.\n\n\"The Middle\" is from Jimmy Eat World's Bleed American.\n\n\"In The End\" was the fourth single from 2000's Hybrid Theory.\n\n\"Plug In Baby\" is the lead single from the Origin Of Symmetry LP", "id": "1301106109315416065", "edit_history_tweet_ids": ["1301106109315416065"], "created_at": "2020-09-02T10:34:04.000Z", "author_id": "1262806334736662530"}, {"text": "@estherk_k WW2 (better late than never as my Uncle Jack always said), Harley-Davidson, Bruce, KOL, Tom Petty, Michael Jackson, PCH, Starsky and Hutch, Jimmy Carter, Frisbees, Basketball, Hamburgers and John Wayne.", "id": "1301097313985875968", "edit_history_tweet_ids": ["1301097313985875968"], "created_at": "2020-09-02T09:59:07.000Z", "author_id": "20303710"}, {"text": "@Reece_Parkinson Louis Theroux has jumped on a racist smear campaign against Michael Jackson, because he never nailed his friend Jimmy Savile who was a real child abuser, who was never investigated by the police and protected by Theroux\u2019s employer the BBC.", "id": "1301084754041765889", "edit_history_tweet_ids": ["1301084754041765889"], "created_at": "2020-09-02T09:09:13.000Z", "author_id": "105101976"}, {"text": "@Reece_Parkinson How about asking him why he keeps slandering Michael Jackson based on a fraudulent, debunked TV film, despite him being exonerated by the law, while he was buddy-buddy with serial child molester Jimmy Saville and kept protecting him even though he knew what was going on?", "id": "1301066928988004352", "edit_history_tweet_ids": ["1301066928988004352"], "created_at": "2020-09-02T07:58:23.000Z", "author_id": "92286827"}, {"text": "@Reece_Parkinson @LibrarianGIRL85 Please ask him how he feels about losing all credibility and journalistic integrity after he weighed in on Michael Jackson in a bid to detract from his own failings in finding a friend in Jimmy Saville.", "id": "1301066063984177152", "edit_history_tweet_ids": ["1301066063984177152"], "created_at": "2020-09-02T07:54:56.000Z", "author_id": "1292506946831089666"}, {"text": "@DadofReilly you can certainly try Jones for Mahomes straight up, I dont think packaging Jimmy G is going to get the job done and I dont think he would give up Mostert and Jackson/Mahomes but never hurts to try", "id": "1300983816325136384", "edit_history_tweet_ids": ["1300983816325136384"], "created_at": "2020-09-02T02:28:07.000Z", "author_id": "35477762"}, {"text": "@ProjectLincoln You ever heard of Woodrow Wilson? Or FDR? Or Andrew Johnson? Or Andrew Jackson? Or Jimmy Carter? Or anyone?", "id": "1300956069628444672", "edit_history_tweet_ids": ["1300956069628444672"], "created_at": "2020-09-02T00:37:52.000Z", "author_id": "1288104997339701248"}, {"text": "RT @BazzaJ909: @Reece_Parkinson Ask him if he goes after Michael Jackson through his guilt of jimmy Saville? \nEven though once you look in\u2026", "id": "1300951922292256768", "edit_history_tweet_ids": ["1300951922292256768"], "created_at": "2020-09-02T00:21:23.000Z", "author_id": "499815801"}, {"text": "@Reece_Parkinson Ask him if he goes after Michael Jackson through his guilt of jimmy Saville? \nEven though once you look in to Jackson\u2019s case he appears innocent.\n.... side question - does he think his career has gone down the pan since the Saville failure? \n#VirtueSignaling \ud83d\udc4e @louistheroux", "id": "1300948302737833988", "edit_history_tweet_ids": ["1300948302737833988"], "created_at": "2020-09-02T00:07:00.000Z", "author_id": "293697304"}, {"text": "@Reece_Parkinson Yes.\n1) Does he still have sentiment for Jimmy Savile?\n2) Has he already managed to read up on the Michael Jackson case or is he planning to spread misconceptions about the dead, vindicated man for the rest of his life? https://t.co/LpwHg3ZxoL", "id": "1300931357401583617", "edit_history_tweet_ids": ["1300931357401583617"], "created_at": "2020-09-01T22:59:40.000Z", "author_id": "1109390623411499008"}, {"text": "In my lifetime I would stick with President Obama. However Jimmy Carter maybe the greatest living ex-president for all his charitable acts. Trump is right up their with racist Andrew Jackson, Andrew Johnson, and Tricky Dick.", "id": "1300883614494846982", "edit_history_tweet_ids": ["1300883614494846982"], "created_at": "2020-09-01T19:49:57.000Z", "author_id": "799794993435185152"}, {"text": "@cole4395 @FirstTake @stephenasmith He lost his two best players in consecutive playoff years and his opponents the last 3 years were Lebron, Kyrie Celtics and Jimmy and the Heat. Idc if you\u2019re Phil Jackson or Pop, it\u2019s impossible to not get swept when your best players go down", "id": "1300882090662264832", "edit_history_tweet_ids": ["1300882090662264832"], "created_at": "2020-09-01T19:43:54.000Z", "author_id": "1145907051681525760"}, {"text": "@DaveIsMyHero1 Neither has Lamar Jackson. Matthew Stafford. Matt Ryan. Philip Rivers. Dak Prescott. Jimmy G gets beat up for one game. They didn\u2019t finish as a team. It\u2019s not his fault solely. And my point is, I think he\u2019s done enough to warrant confidence moving forward. Some don\u2019t think so.", "id": "1300881543460802560", "edit_history_tweet_ids": ["1300881543460802560"], "created_at": "2020-09-01T19:41:43.000Z", "author_id": "735292284"}, {"text": "@jaydiggsmusic Jimmy Jam &amp; Terry Lewis\nPrince\nMorris Day\nKlimax\nLoose Ends\nJackson's\nCameo\nStevie Wonder\nCherell", "id": "1300876531238014976", "edit_history_tweet_ids": ["1300876531238014976"], "created_at": "2020-09-01T19:21:48.000Z", "author_id": "232916385"}, {"text": "RT @AndrewLeezus: I remember when there were rumors that the Suns could get Jimmy Butler for Bender and the 4th pick (Josh Jackson) in 2017\u2026", "id": "1300867932264697856", "edit_history_tweet_ids": ["1300867932264697856"], "created_at": "2020-09-01T18:47:38.000Z", "author_id": "58863348"}, {"text": "Deaton says Mehr wanted the sheriff's department to be separated from the Criminal Justice Complex in Downtown Jackson.\n\nMayor Jimmy Harris said a training center was in the works before Mehr was elected.", "id": "1300791087171211264", "edit_history_tweet_ids": ["1300791087171211264"], "created_at": "2020-09-01T13:42:17.000Z", "author_id": "36144868"}, {"text": "RT @PhilOfSports: @Sifill_LDF Fab 5 and the racist hate mail they got from UofM alumni for being black teenagers. Packer celebrating UNC wi\u2026", "id": "1300789759426670593", "edit_history_tweet_ids": ["1300789759426670593"], "created_at": "2020-09-01T13:37:00.000Z", "author_id": "4824321689"}, {"text": "RT @KTH_News: -Green Mike guy (Saudi Arabia concert) \n-Mint Hair guy (2019 Grammy)\n-Red hair (Next to janet jackson on MAMA)\n-Guy in sunflo\u2026", "id": "1300784242448715776", "edit_history_tweet_ids": ["1300784242448715776"], "created_at": "2020-09-01T13:15:05.000Z", "author_id": "1031402502296457216"}, {"text": "With respect to Alan Jackson and Jimmy Buffett, I guess it\u2019s always 4-20 somewhere... \ud83d\ude44 https://t.co/dryVxieaXf", "id": "1300750944599191553", "edit_history_tweet_ids": ["1300750944599191553"], "created_at": "2020-09-01T11:02:46.000Z", "author_id": "932622259"}, {"text": "QB record (w-l pct.)\n\n.864 Lamar Jackson\n.808 Jimmy Garoppolo\n.774 Tom Brady\n.774 Patrick Mahomes\n.676 Russell Wilson\n.669 Ben Roethlisberger\n.652 Aaron Rodgers\n.649 Deshaun Watson\n.647 Teddy Bridgewater\n.625 Dak Prescott\n.611 Jared Goff\n\n(active QBs | min. 20 reg. season starts)", "id": "1300750253294071808", "edit_history_tweet_ids": ["1300750253294071808"], "created_at": "2020-09-01T11:00:01.000Z", "author_id": "757180965735260161"}, {"text": "@4everBrandy I was wondering why you've never a song with Janet Jackson let alone with Jimmy jam and Terry Lewis! They are so underrated. I think it would bring something else out of you that you've never heard before as well as the neptunes", "id": "1300696392696913920", "edit_history_tweet_ids": ["1300696392696913920"], "created_at": "2020-09-01T07:26:00.000Z", "author_id": "742492373091946496"}, {"text": "RT @PsychedelicMag: ...he was also a member of Embryo in 1970 and had already played with Christian Burchard\u2019s big band of the same name in\u2026", "id": "1300660526134034432", "edit_history_tweet_ids": ["1300660526134034432"], "created_at": "2020-09-01T05:03:29.000Z", "author_id": "2522504906"}, {"text": "@Nilsonhandebol @smafiosataliban Cada um a seu tempo, com seu dom contribuiu para a musica. Elvis, Beatles, Jimmy Hendrix, Michael Jackson,Queen com Freddy.Goste com que mais se afina.Sou f\u00e3 do Freddy, mas sou mais Beatles. Ainda, nasci em Sant\u00ea, BH ber\u00e7o do clube da esquina, Sepultura, boemia,nasci na musica.", "id": "1300637143077982210", "edit_history_tweet_ids": ["1300637143077982210"], "created_at": "2020-09-01T03:30:34.000Z", "author_id": "41666235"}, {"text": "RT @MyronSaysWhat: Kawhi torched Khris &amp; Brogdon down the stretch to beat the Bucks in at least two of those games last year.\nTo watch Jimm\u2026", "id": "1300629580529704962", "edit_history_tweet_ids": ["1300629580529704962"], "created_at": "2020-09-01T03:00:31.000Z", "author_id": "263281248"}, {"text": "RT @UntilJustice: 11+ years of The C.O.W.S. Radio Program includes the month we spent in 2012 focused on sexual abuse. 1 guest was Valerie\u2026", "id": "1300628002758426625", "edit_history_tweet_ids": ["1300628002758426625"], "created_at": "2020-09-01T02:54:15.000Z", "author_id": "68842043"}, {"text": "I am so \ud83d\udda4\ud83e\udd0e all of the diff ppl coming together in Brandy vs. Monica from Mariah to Jimmy Jam/Terry Lewis to Babyface to Neo to Ebony, Complex, the Braxtons, Miguel, Fat Joe to Halle Berry to Erykha Badu to Sevyn to Trevor Jackson n more. The power of Rnb artists n music.", "id": "1300622735077302274", "edit_history_tweet_ids": ["1300622735077302274"], "created_at": "2020-09-01T02:33:19.000Z", "author_id": "2185469971"}, {"text": "RT @UntilJustice: 11+ years of The C.O.W.S. Radio Program includes the month we spent in 2012 focused on sexual abuse. 1 guest was Valerie\u2026", "id": "1300613929089916928", "edit_history_tweet_ids": ["1300613929089916928"], "created_at": "2020-09-01T01:58:19.000Z", "author_id": "63051990"}, {"text": "@jackfrank_jjf Jackson, they make me angry.   I trusted the so called process.  Jimmy should be here, Brett needed to go.  EB had no guts and we all lose.  #cancelingseasontixs", "id": "1300608658519339011", "edit_history_tweet_ids": ["1300608658519339011"], "created_at": "2020-09-01T01:37:22.000Z", "author_id": "896462288"}, {"text": "RT @kristak530: Today\u2019s press conference from our Governor is proof that if you protest and complain enough, he will make the changes to ke\u2026", "id": "1300607190873657344", "edit_history_tweet_ids": ["1300607190873657344"], "created_at": "2020-09-01T01:31:33.000Z", "author_id": "226303426"}], "meta": {"newest_id": "1301595461602734082", "oldest_id": "1300607190873657344", "result_count": 89, "next_token": "b26v89c19zqg8o3fos5sle0iq3nrezhi9o1k8vxc526wt"}}