{"data": [{"edit_history_tweet_ids": ["672897136409772032"], "author_id": "18297453", "text": "A Open Letter to Councilman Jose Huizar from a Grieving Father: As the Family of Adrian Ernesto Posueloz mourn... https://t.co/WHJOcHZgyz", "created_at": "2015-12-04T21:55:53.000Z", "id": "672897136409772032"}, {"edit_history_tweet_ids": ["672570834507165696"], "author_id": "614962906", "text": "Adrian Ernesto Posueloz, 25 : #IHateTimWaterman", "created_at": "2015-12-04T00:19:17.000Z", "id": "672570834507165696"}], "meta": {"newest_id": "672897136409772032", "oldest_id": "672570834507165696", "result_count": 2}}