{"data": [{"id": "1448995595205623809", "text": "RT @pelaocongatos: Gabriel Boric peg\u00e1ndole la desconocida total (nuevamente) a Ram\u00f3n L\u00f3pez JAJAJAJA, me encanta #DebateArchi", "created_at": "2021-10-15T12:54:05.000Z", "edit_history_tweet_ids": ["1448995595205623809"], "author_id": "1324096811854897153"}, {"id": "1448995405467893767", "text": "RT @jtgazmuri: Grau y Boric son ambos de ultra izquierda y no son capaces de ponerse de acuerdo en conceptos b\u00e1sicos, mientras Ram\u00f3n L\u00f3pez\u2026", "created_at": "2021-10-15T12:53:20.000Z", "edit_history_tweet_ids": ["1448995405467893767"], "author_id": "1194362667693215747"}, {"id": "1448995334705790977", "text": "RT @pelaocongatos: Gabriel Boric peg\u00e1ndole la desconocida total (nuevamente) a Ram\u00f3n L\u00f3pez JAJAJAJA, me encanta #DebateArchi", "created_at": "2021-10-15T12:53:03.000Z", "edit_history_tweet_ids": ["1448995334705790977"], "author_id": "29320679"}, {"id": "1448994667727450114", "text": "RT @jtgazmuri: Grau y Boric son ambos de ultra izquierda y no son capaces de ponerse de acuerdo en conceptos b\u00e1sicos, mientras Ram\u00f3n L\u00f3pez\u2026", "created_at": "2021-10-15T12:50:24.000Z", "edit_history_tweet_ids": ["1448994667727450114"], "author_id": "736023601246175232"}, {"id": "1448994645044772884", "text": "RT @Espelunco: Bien el Boris, quit\u00e1ndole el piso a Ram\u00f3n L\u00f3pez.\n*lo trolean", "created_at": "2021-10-15T12:50:19.000Z", "edit_history_tweet_ids": ["1448994645044772884"], "author_id": "83052847"}, {"id": "1448990988039503884", "text": "RT @jtgazmuri: Grau y Boric son ambos de ultra izquierda y no son capaces de ponerse de acuerdo en conceptos b\u00e1sicos, mientras Ram\u00f3n L\u00f3pez\u2026", "created_at": "2021-10-15T12:35:47.000Z", "edit_history_tweet_ids": ["1448990988039503884"], "author_id": "723521730740887552"}, {"id": "1448988105604665346", "text": "@diegobravorayo @aquintanilla_g No tiene nada de malo, para m\u00ed. Pienso en gente estilo Ram\u00f3n L\u00f3pez y aquellas con la pulsi\u00f3n de ver en toda afirmaci\u00f3n del candidato, un ataque al PC.", "created_at": "2021-10-15T12:24:19.000Z", "edit_history_tweet_ids": ["1448988105604665346"], "author_id": "87802131"}, {"id": "1448987268069433349", "text": "Sara Barquinero, Paula Campo, Alberto L\u00f3pez, Alba Mora, Gonzalo M\u00e9ndez, Diego Moreno, Jos\u00e9 Ram\u00f3n Su\u00e1rez... Son nuestros prometedores doctorandos que coordinan el Seminario de lectura de la \ud835\udc3e\ud835\udc5f\ud835\udc49 que dar\u00e1 comienzo el pr\u00f3ximo \ud835\udc23\ud835\udc2e\ud835\udc1e\ud835\udc2f\ud835\udc1e\ud835\udc2c \ud835\udfd0\ud835\udfcf \ud835\udc1d\ud835\udc1e \ud835\udc28\ud835\udc1c\ud835\udc2d\ud835\udc2e\ud835\udc1b\ud835\udc2b\ud835\udc1e \ud835\udc1a \ud835\udc25\ud835\udc1a\ud835\udc2c \ud835\udfcf\ud835\udfd5. https://t.co/eQ5WJvh1Cs", "created_at": "2021-10-15T12:21:00.000Z", "edit_history_tweet_ids": ["1448987268069433349"], "author_id": "1321032705803493381"}, {"id": "1448986734138740740", "text": "RT @ORMurcia: TARDE ABIERTA. Marta L\u00f3pez-Briones: \"En el Museo Ram\u00f3n Gaya se puede encontrar tambi\u00e9n parte de la historia del arte contempo\u2026", "created_at": "2021-10-15T12:18:52.000Z", "edit_history_tweet_ids": ["1448986734138740740"], "author_id": "388336040"}, {"id": "1448986130750259216", "text": "Boric respaldando a Marcel y al Banco Central pese a votar siempre en su contra. Desmarc\u00e1ndose de Ram\u00f3n L\u00f3pez, principal asesor de la Bea S\u00e1nchez y de Jadue. Esperemos le dure m\u00e1s que su negativa a los retiros. #elijocreer #porquesoyunweon", "created_at": "2021-10-15T12:16:29.000Z", "edit_history_tweet_ids": ["1448986130750259216"], "author_id": "128059173"}, {"id": "1448985886385795074", "text": "RT @floro_ceballos: Maletera la pregunta de Vergara sobre Ram\u00f3n L\u00f3pez. Sali\u00f3 trasquilado.", "created_at": "2021-10-15T12:15:30.000Z", "edit_history_tweet_ids": ["1448985886385795074"], "author_id": "1118362423436750849"}, {"id": "1448985678813954048", "text": "RT @pelaocongatos: Gabriel Boric peg\u00e1ndole la desconocida total (nuevamente) a Ram\u00f3n L\u00f3pez JAJAJAJA, me encanta #DebateArchi", "created_at": "2021-10-15T12:14:41.000Z", "edit_history_tweet_ids": ["1448985678813954048"], "author_id": "2736632361"}, {"id": "1448985549964984345", "text": "RT @pelaocongatos: Gabriel Boric peg\u00e1ndole la desconocida total (nuevamente) a Ram\u00f3n L\u00f3pez JAJAJAJA, me encanta #DebateArchi", "created_at": "2021-10-15T12:14:10.000Z", "edit_history_tweet_ids": ["1448985549964984345"], "author_id": "976167958635536385"}, {"id": "1448984617944555522", "text": "@patricionavia Su \u00eddolo tambi\u00e9n ten\u00eda por nombre Jose.\nJOSE AUGUSTO RAMON PINOCHET UGARTE (alias DANIEL LOPEZ) https://t.co/V2zxFf0bMV", "created_at": "2021-10-15T12:10:28.000Z", "edit_history_tweet_ids": ["1448984617944555522"], "author_id": "1298849219814588423"}, {"id": "1448984252889116673", "text": "@Mister_Wolf_0 Su \u00eddolo tambi\u00e9n ten\u00eda por nombre Jose.\nJOSE AUGUSTO RAMON PINOCHET UGARTE (alias DANIEL LOPEZ) https://t.co/Eb2ZXTHHU8", "created_at": "2021-10-15T12:09:01.000Z", "edit_history_tweet_ids": ["1448984252889116673"], "author_id": "1298849219814588423"}, {"id": "1448984216897683457", "text": "RT @catafernandezc: Me alegra escuchar a @gabrielboric en el #DebateARCHI validando el trabajo del Banco Central y de Mario Marcel (y desma\u2026", "created_at": "2021-10-15T12:08:52.000Z", "edit_history_tweet_ids": ["1448984216897683457"], "author_id": "1232111230594228224"}, {"id": "1448983778450362369", "text": "@jgalemparte Su \u00eddolo tambi\u00e9n ten\u00eda por nombre Jose.\nJOSE AUGUSTO RAMON PINOCHET UGARTE (alias DANIEL LOPEZ) https://t.co/tkEDKnSfEQ", "created_at": "2021-10-15T12:07:08.000Z", "edit_history_tweet_ids": ["1448983778450362369"], "author_id": "1298849219814588423"}, {"id": "1448983733877366793", "text": "RT @colmos67: Boric: \n\"No comparto las cr\u00edticas destempladas que se le han hecho a Mario Marcel\"\n\"Ram\u00f3n L\u00f3pez no es parte de mi comando ni\u2026", "created_at": "2021-10-15T12:06:57.000Z", "edit_history_tweet_ids": ["1448983733877366793"], "author_id": "107185479"}, {"id": "1448983553845317638", "text": "RT @floro_ceballos: Maletera la pregunta de Vergara sobre Ram\u00f3n L\u00f3pez. Sali\u00f3 trasquilado.", "created_at": "2021-10-15T12:06:14.000Z", "edit_history_tweet_ids": ["1448983553845317638"], "author_id": "119072054"}, {"id": "1448982888028852229", "text": "RT @Espelunco: Bien el Boris, quit\u00e1ndole el piso a Ram\u00f3n L\u00f3pez.\n*lo trolean", "created_at": "2021-10-15T12:03:35.000Z", "edit_history_tweet_ids": ["1448982888028852229"], "author_id": "65677918"}, {"id": "1448982588723392520", "text": "RT @floro_ceballos: Maletera la pregunta de Vergara sobre Ram\u00f3n L\u00f3pez. Sali\u00f3 trasquilado.", "created_at": "2021-10-15T12:02:24.000Z", "edit_history_tweet_ids": ["1448982588723392520"], "author_id": "124876294"}, {"id": "1448981866929958914", "text": "@mmlagoscc @joseantoniokast Su \u00eddolo tambi\u00e9n ten\u00eda por nombre Jose.\nJOSE AUGUSTO RAMON PINOCHET UGARTE (alias DANIEL LOPEZ) https://t.co/Nt8cILQe8W", "created_at": "2021-10-15T11:59:32.000Z", "edit_history_tweet_ids": ["1448981866929958914"], "author_id": "1298849219814588423"}, {"id": "1448981548116717568", "text": "RT @AWSBlogs: New Containers post by Ramon Lopez Narvaez:\n\nHow to build your containers for ARM and save with Graviton and Spot instances o\u2026", "created_at": "2021-10-15T11:58:16.000Z", "edit_history_tweet_ids": ["1448981548116717568"], "author_id": "480875170"}, {"id": "1448981385616580615", "text": "RT @colmos67: Boric: \n\"No comparto las cr\u00edticas destempladas que se le han hecho a Mario Marcel\"\n\"Ram\u00f3n L\u00f3pez no es parte de mi comando ni\u2026", "created_at": "2021-10-15T11:57:37.000Z", "edit_history_tweet_ids": ["1448981385616580615"], "author_id": "88846261"}, {"id": "1448981003440062464", "text": "RT @catafernandezc: Me alegra escuchar a @gabrielboric en el #DebateARCHI validando el trabajo del Banco Central y de Mario Marcel (y desma\u2026", "created_at": "2021-10-15T11:56:06.000Z", "edit_history_tweet_ids": ["1448981003440062464"], "author_id": "119455874"}, {"id": "1448980863333502982", "text": "RT @catafernandezc: Me alegra escuchar a @gabrielboric en el #DebateARCHI validando el trabajo del Banco Central y de Mario Marcel (y desma\u2026", "created_at": "2021-10-15T11:55:33.000Z", "edit_history_tweet_ids": ["1448980863333502982"], "author_id": "510981372"}, {"id": "1448980756659728386", "text": "RT @pelaocongatos: Gabriel Boric peg\u00e1ndole la desconocida total (nuevamente) a Ram\u00f3n L\u00f3pez JAJAJAJA, me encanta #DebateArchi", "created_at": "2021-10-15T11:55:07.000Z", "edit_history_tweet_ids": ["1448980756659728386"], "author_id": "1190701737428033542"}, {"id": "1448980566905434114", "text": "RT @dontobal: Boric acaba de mandar a la cresta a Ram\u00f3n L\u00f3pez en cadena nacional del #debateArchi #archi jajaja", "created_at": "2021-10-15T11:54:22.000Z", "edit_history_tweet_ids": ["1448980566905434114"], "author_id": "99730412"}, {"id": "1448980056827518978", "text": "RT @jtgazmuri: Grau y Boric son ambos de ultra izquierda y no son capaces de ponerse de acuerdo en conceptos b\u00e1sicos, mientras Ram\u00f3n L\u00f3pez\u2026", "created_at": "2021-10-15T11:52:20.000Z", "edit_history_tweet_ids": ["1448980056827518978"], "author_id": "2744145357"}, {"id": "1448979840447782913", "text": "RT @catafernandezc: Me alegra escuchar a @gabrielboric en el #DebateARCHI validando el trabajo del Banco Central y de Mario Marcel (y desma\u2026", "created_at": "2021-10-15T11:51:29.000Z", "edit_history_tweet_ids": ["1448979840447782913"], "author_id": "4778219235"}, {"id": "1448979805911797760", "text": "Boric le quit\u00f3 piso a Ram\u00f3n L\u00f3pez y a hartos tuiteros de su sector ah, hay que decirlo.", "created_at": "2021-10-15T11:51:21.000Z", "edit_history_tweet_ids": ["1448979805911797760"], "author_id": "71561984"}, {"id": "1448979729197981697", "text": "RT @pelaocongatos: Gabriel Boric peg\u00e1ndole la desconocida total (nuevamente) a Ram\u00f3n L\u00f3pez JAJAJAJA, me encanta #DebateArchi", "created_at": "2021-10-15T11:51:02.000Z", "edit_history_tweet_ids": ["1448979729197981697"], "author_id": "99730412"}, {"id": "1448979545655107591", "text": "RT @catafernandezc: Me alegra escuchar a @gabrielboric en el #DebateARCHI validando el trabajo del Banco Central y de Mario Marcel (y desma\u2026", "created_at": "2021-10-15T11:50:19.000Z", "edit_history_tweet_ids": ["1448979545655107591"], "author_id": "76448876"}, {"id": "1448979544711450624", "text": "RT @floro_ceballos: Maletera la pregunta de Vergara sobre Ram\u00f3n L\u00f3pez. Sali\u00f3 trasquilado.", "created_at": "2021-10-15T11:50:18.000Z", "edit_history_tweet_ids": ["1448979544711450624"], "author_id": "1202612790080524288"}, {"id": "1448979248031559681", "text": "Boric: \n\"No comparto las cr\u00edticas destempladas que se le han hecho a Mario Marcel\"\n\"Ram\u00f3n L\u00f3pez no es parte de mi comando ni cercano a nuestras posturas\".\n\"No soy partidario de que los miembros del Central puedan ser acusados constitucionalmente por sus decisiones\".\n#DebateArchi", "created_at": "2021-10-15T11:49:08.000Z", "edit_history_tweet_ids": ["1448979248031559681"], "author_id": "17147810"}, {"id": "1448979234249129994", "text": "Me alegra escuchar a @gabrielboric en el #DebateARCHI validando el trabajo del Banco Central y de Mario Marcel (y desmarc\u00e1ndose de Ram\u00f3n Lopez).\n\nCuesta entender eso s\u00ed por qu\u00e9 el candidato es m\u00e1s sensato que algunos de sus asesores en estos temas.", "created_at": "2021-10-15T11:49:04.000Z", "edit_history_tweet_ids": ["1448979234249129994"], "author_id": "155738783"}, {"id": "1448979203349700614", "text": "@gabrielboric descharcheta al profesor d la U d Chile y ex asesor d Jadue, Ram\u00f3n L\u00f3pez, y discrepa d las \"cr\u00edticas destempladas\" a Marcel d parte del PC y otros parlamentarios. #DebateArchi", "created_at": "2021-10-15T11:48:57.000Z", "edit_history_tweet_ids": ["1448979203349700614"], "author_id": "3434774409"}, {"id": "1448979055856943111", "text": "RT @floro_ceballos: Maletera la pregunta de Vergara sobre Ram\u00f3n L\u00f3pez. Sali\u00f3 trasquilado.", "created_at": "2021-10-15T11:48:22.000Z", "edit_history_tweet_ids": ["1448979055856943111"], "author_id": "2270148992"}, {"id": "1448979051129937922", "text": "RT @floro_ceballos: Maletera la pregunta de Vergara sobre Ram\u00f3n L\u00f3pez. Sali\u00f3 trasquilado.", "created_at": "2021-10-15T11:48:21.000Z", "edit_history_tweet_ids": ["1448979051129937922"], "author_id": "2876501555"}, {"id": "1448978885928894471", "text": "Gabriel Boric le tira la cadena al m\u00e9dico brujo Ram\u00f3n Lopez, profesor del @fenuchile #DebateArchi", "created_at": "2021-10-15T11:47:41.000Z", "edit_history_tweet_ids": ["1448978885928894471"], "author_id": "61282579"}, {"id": "1448978846552707072", "text": "RT @dontobal: Boric acaba de mandar a la cresta a Ram\u00f3n L\u00f3pez en cadena nacional del #debateArchi #archi jajaja", "created_at": "2021-10-15T11:47:32.000Z", "edit_history_tweet_ids": ["1448978846552707072"], "author_id": "26361990"}, {"id": "1448978846225559557", "text": "RT @ccifuentesh: Trat\u00e9 de ver las joyitas que se mand\u00f3 ayer el \"economista\" y profesor de la @fenuchile, Ram\u00f3n L\u00f3pez. No pude, me bloque\u00f3 \u00bf\u2026", "created_at": "2021-10-15T11:47:32.000Z", "edit_history_tweet_ids": ["1448978846225559557"], "author_id": "727269579853058048"}, {"id": "1448978843520352264", "text": "RT @floro_ceballos: Maletera la pregunta de Vergara sobre Ram\u00f3n L\u00f3pez. Sali\u00f3 trasquilado.", "created_at": "2021-10-15T11:47:31.000Z", "edit_history_tweet_ids": ["1448978843520352264"], "author_id": "71740607"}, {"id": "1448978838105563144", "text": "RT @Espelunco: Bien el Boris, quit\u00e1ndole el piso a Ram\u00f3n L\u00f3pez.\n*lo trolean", "created_at": "2021-10-15T11:47:30.000Z", "edit_history_tweet_ids": ["1448978838105563144"], "author_id": "87802131"}, {"id": "1448978657242857475", "text": "RT @floro_ceballos: Maletera la pregunta de Vergara sobre Ram\u00f3n L\u00f3pez. Sali\u00f3 trasquilado.", "created_at": "2021-10-15T11:46:47.000Z", "edit_history_tweet_ids": ["1448978657242857475"], "author_id": "1281375430847717376"}, {"id": "1448978613253070856", "text": "Maletera la pregunta de Vergara sobre Ram\u00f3n L\u00f3pez. Sali\u00f3 trasquilado.", "created_at": "2021-10-15T11:46:36.000Z", "edit_history_tweet_ids": ["1448978613253070856"], "author_id": "41685761"}, {"id": "1448978550007029763", "text": "Se viene ola de acusaciones de amarillismo a Boric por sus socios (por autonomia del Banco Central y quitada de piso a Ramon Lopez)", "created_at": "2021-10-15T11:46:21.000Z", "edit_history_tweet_ids": ["1448978550007029763"], "author_id": "87684683"}, {"id": "1448978520437231616", "text": "Boric negando presencia del PC en su gobierno, especialmente Ramon Lopez \ud83e\udd23\ud83e\udd23. Este no es cr\u00e9dulo, es hue... AD es 50% PC ni\u00f1o, ese es tu comit\u00e9 pol\u00edtico #DebateArchi", "created_at": "2021-10-15T11:46:14.000Z", "edit_history_tweet_ids": ["1448978520437231616"], "author_id": "71917298"}, {"id": "1448978269965930505", "text": "Ram\u00f3n Lopez a tu pabell\u00f3n docente caramba! \ud83d\ude0c\ud83d\ude0c\ud83d\ude0c", "created_at": "2021-10-15T11:45:14.000Z", "edit_history_tweet_ids": ["1448978269965930505"], "author_id": "35906657"}, {"id": "1448978254099107843", "text": "Bien el Boris, quit\u00e1ndole el piso a Ram\u00f3n L\u00f3pez.\n*lo trolean", "created_at": "2021-10-15T11:45:11.000Z", "edit_history_tweet_ids": ["1448978254099107843"], "author_id": "622425781"}, {"id": "1448978238391439361", "text": "Gabriel Boric peg\u00e1ndole la desconocida total (nuevamente) a Ram\u00f3n L\u00f3pez JAJAJAJA, me encanta #DebateArchi", "created_at": "2021-10-15T11:45:07.000Z", "edit_history_tweet_ids": ["1448978238391439361"], "author_id": "35892085"}, {"id": "1448978176806326281", "text": "RT @gmobastias: Ex asesor econ\u00f3mico de la Bea S\u00e1nchez y Jadue acerca de propuesta sobre tratados internacionales: \u201cLo mejor es la renegocia\u2026", "created_at": "2021-10-15T11:44:52.000Z", "edit_history_tweet_ids": ["1448978176806326281"], "author_id": "439607903"}, {"id": "1448978167226580999", "text": "Boric acaba de mandar a la cresta a Ram\u00f3n L\u00f3pez en cadena nacional del #debateArchi #archi jajaja", "created_at": "2021-10-15T11:44:50.000Z", "edit_history_tweet_ids": ["1448978167226580999"], "author_id": "71561984"}, {"id": "1448978108804046848", "text": "\u201cRam\u00f3n L\u00f3pez no es parte de mi comando ni cercano a mi candidatura\u201d Boric en #DebateArchi", "created_at": "2021-10-15T11:44:36.000Z", "edit_history_tweet_ids": ["1448978108804046848"], "author_id": "1872892916"}, {"id": "1448976046640881672", "text": "RT @jtgazmuri: Grau y Boric son ambos de ultra izquierda y no son capaces de ponerse de acuerdo en conceptos b\u00e1sicos, mientras Ram\u00f3n L\u00f3pez\u2026", "created_at": "2021-10-15T11:36:24.000Z", "edit_history_tweet_ids": ["1448976046640881672"], "author_id": "2274555398"}, {"id": "1448975515826601989", "text": "RT @jtgazmuri: Grau y Boric son ambos de ultra izquierda y no son capaces de ponerse de acuerdo en conceptos b\u00e1sicos, mientras Ram\u00f3n L\u00f3pez\u2026", "created_at": "2021-10-15T11:34:18.000Z", "edit_history_tweet_ids": ["1448975515826601989"], "author_id": "128010963"}, {"id": "1448975109172125697", "text": "Ex asesor econ\u00f3mico de la Bea S\u00e1nchez y Jadue acerca de propuesta sobre tratados internacionales: \u201cLo mejor es la renegociaci\u00f3n\u201d https://t.co/rBAInfqDMJ", "created_at": "2021-10-15T11:32:41.000Z", "edit_history_tweet_ids": ["1448975109172125697"], "author_id": "242281175"}, {"id": "1448974118695489537", "text": "RT @jtgazmuri: Grau y Boric son ambos de ultra izquierda y no son capaces de ponerse de acuerdo en conceptos b\u00e1sicos, mientras Ram\u00f3n L\u00f3pez\u2026", "created_at": "2021-10-15T11:28:45.000Z", "edit_history_tweet_ids": ["1448974118695489537"], "author_id": "1391052192715624449"}, {"id": "1448960641549709312", "text": "RT @jtgazmuri: Grau y Boric son ambos de ultra izquierda y no son capaces de ponerse de acuerdo en conceptos b\u00e1sicos, mientras Ram\u00f3n L\u00f3pez\u2026", "created_at": "2021-10-15T10:35:11.000Z", "edit_history_tweet_ids": ["1448960641549709312"], "author_id": "1401305440756056067"}, {"id": "1448960439325323266", "text": "RT @CNNChile: #HoyEsNoticiaCNN | Ram\u00f3n L\u00f3pez, ex asesor econ\u00f3mico de D. Jadue, por propuesta de revisi\u00f3n de tratados de Boric: \"No es llega\u2026", "created_at": "2021-10-15T10:34:23.000Z", "edit_history_tweet_ids": ["1448960439325323266"], "author_id": "1186811398371893249"}, {"id": "1448959651719127040", "text": "RT @museoreinasofia: #DespiertaConArte En #LaColecci\u00f3nDelReinaEp4 encontramos un espacio que recrea un sal\u00f3n de pintura al estilo decimon\u00f3n\u2026", "created_at": "2021-10-15T10:31:15.000Z", "edit_history_tweet_ids": ["1448959651719127040"], "author_id": "1284050520374685702"}, {"id": "1448954391474622464", "text": "RT @museoreinasofia: #DespiertaConArte En #LaColecci\u00f3nDelReinaEp4 encontramos un espacio que recrea un sal\u00f3n de pintura al estilo decimon\u00f3n\u2026", "created_at": "2021-10-15T10:10:21.000Z", "edit_history_tweet_ids": ["1448954391474622464"], "author_id": "1086778832"}, {"id": "1448952454448443395", "text": "Por si quer\u00edan leer tweets de Ram\u00f3n  L\u00f3pez en ingl\u00e9s: https://t.co/SJCJrilOep", "created_at": "2021-10-15T10:02:40.000Z", "edit_history_tweet_ids": ["1448952454448443395"], "author_id": "26738265"}, {"id": "1448952127695454209", "text": "RT @ccifuentesh: Trat\u00e9 de ver las joyitas que se mand\u00f3 ayer el \"economista\" y profesor de la @fenuchile, Ram\u00f3n L\u00f3pez. No pude, me bloque\u00f3 \u00bf\u2026", "created_at": "2021-10-15T10:01:22.000Z", "edit_history_tweet_ids": ["1448952127695454209"], "author_id": "87241790"}, {"id": "1448939727067901954", "text": "RT @jtgazmuri: Grau y Boric son ambos de ultra izquierda y no son capaces de ponerse de acuerdo en conceptos b\u00e1sicos, mientras Ram\u00f3n L\u00f3pez\u2026", "created_at": "2021-10-15T09:12:05.000Z", "edit_history_tweet_ids": ["1448939727067901954"], "author_id": "1299129124162863106"}, {"id": "1448939160547389444", "text": "RT @jtgazmuri: Grau y Boric son ambos de ultra izquierda y no son capaces de ponerse de acuerdo en conceptos b\u00e1sicos, mientras Ram\u00f3n L\u00f3pez\u2026", "created_at": "2021-10-15T09:09:50.000Z", "edit_history_tweet_ids": ["1448939160547389444"], "author_id": "1259298618"}, {"id": "1448938625232670737", "text": "RT @pamparana: Los medios son tambi\u00e9n culpables de c\u00f3mo estamos. Levantaron a Pamela Jiles, los retiros y ahora a Ram\u00f3n L\u00f3pez.\nDe la banali\u2026", "created_at": "2021-10-15T09:07:42.000Z", "edit_history_tweet_ids": ["1448938625232670737"], "author_id": "61597566"}, {"id": "1448937750808305664", "text": "RT @ccifuentesh: Trat\u00e9 de ver las joyitas que se mand\u00f3 ayer el \"economista\" y profesor de la @fenuchile, Ram\u00f3n L\u00f3pez. No pude, me bloque\u00f3 \u00bf\u2026", "created_at": "2021-10-15T09:04:14.000Z", "edit_history_tweet_ids": ["1448937750808305664"], "author_id": "4616656215"}, {"id": "1448933060012019733", "text": "FundacionETNOR: RT @alfonsomezquita: \"Claves para entender la Inteligencia Artificial\"\nInteresant\u00edsimo seminario de la @FundacionETNOR  con RAM\u00d3N L\u00d3PEZ DE M\u00c1NTARAS Profesor de Investigaci\u00f3n del @CSIC en el @IIIACSIC\n #IA #\u00c9tica\nhttps://t.co/8hfE76o95S", "created_at": "2021-10-15T08:45:36.000Z", "edit_history_tweet_ids": ["1448933060012019733"], "author_id": "146406912"}, {"id": "1448932031283478530", "text": "RT @alfonsomezquita: \"Claves para entender la Inteligencia Artificial\"\nInteresant\u00edsimo seminario de la @FundacionETNOR  con RAM\u00d3N L\u00d3PEZ DE\u2026", "created_at": "2021-10-15T08:41:30.000Z", "edit_history_tweet_ids": ["1448932031283478530"], "author_id": "125620036"}, {"id": "1448923569535193098", "text": "RT @jtgazmuri: Grau y Boric son ambos de ultra izquierda y no son capaces de ponerse de acuerdo en conceptos b\u00e1sicos, mientras Ram\u00f3n L\u00f3pez\u2026", "created_at": "2021-10-15T08:07:53.000Z", "edit_history_tweet_ids": ["1448923569535193098"], "author_id": "1292802444347547648"}, {"id": "1448921103389413389", "text": "Muere conductor de cami\u00f3n recolector de basura atropellado por su misma unidad by Marcelo Herdoiza G\u00f3mez https://t.co/DpahBjELiZ Los hechos sucedieron en la lateral del Perif\u00e9rico al cruce con Ram\u00f3n Mart\u00ednez Zamora, en la colonia L\u00f3pez Cotilla, Tlaquepaque", "created_at": "2021-10-15T07:58:05.000Z", "edit_history_tweet_ids": ["1448921103389413389"], "author_id": "1320040812235849728"}, {"id": "1448918939006914595", "text": "RT @jtgazmuri: Grau y Boric son ambos de ultra izquierda y no son capaces de ponerse de acuerdo en conceptos b\u00e1sicos, mientras Ram\u00f3n L\u00f3pez\u2026", "created_at": "2021-10-15T07:49:29.000Z", "edit_history_tweet_ids": ["1448918939006914595"], "author_id": "177244964"}, {"id": "1448910984593264641", "text": "RT @astursalud: Los V Premios de la Escuela de Salud de #Tineo\n\ud83c\udf96\ufe0f Carlos L\u00f3pez Ot\u00edn \n\ud83c\udf96\ufe0fEquipos de vacunaci\u00f3n\ud83d\udc89\ud83e\udda0\n\n\ud83c\udfc5@PACASASTURIAS\n\ud83c\udfc5Facultad P\u2026", "created_at": "2021-10-15T07:17:52.000Z", "edit_history_tweet_ids": ["1448910984593264641"], "author_id": "2804661292"}, {"id": "1448910905572536320", "text": "RT @jtgazmuri: Grau y Boric son ambos de ultra izquierda y no son capaces de ponerse de acuerdo en conceptos b\u00e1sicos, mientras Ram\u00f3n L\u00f3pez\u2026", "created_at": "2021-10-15T07:17:34.000Z", "edit_history_tweet_ids": ["1448910905572536320"], "author_id": "1194740127693713408"}, {"id": "1448898602894381063", "text": "RT @pamparana: Los medios son tambi\u00e9n culpables de c\u00f3mo estamos. Levantaron a Pamela Jiles, los retiros y ahora a Ram\u00f3n L\u00f3pez.\nDe la banali\u2026", "created_at": "2021-10-15T06:28:40.000Z", "edit_history_tweet_ids": ["1448898602894381063"], "author_id": "52854831"}, {"id": "1448897208280141826", "text": "RT @astursalud: Los V Premios de la Escuela de Salud de #Tineo\n\ud83c\udf96\ufe0f Carlos L\u00f3pez Ot\u00edn \n\ud83c\udf96\ufe0fEquipos de vacunaci\u00f3n\ud83d\udc89\ud83e\udda0\n\n\ud83c\udfc5@PACASASTURIAS\n\ud83c\udfc5Facultad P\u2026", "created_at": "2021-10-15T06:23:08.000Z", "edit_history_tweet_ids": ["1448897208280141826"], "author_id": "429219332"}, {"id": "1448895340543766530", "text": "RT @jtgazmuri: Grau y Boric son ambos de ultra izquierda y no son capaces de ponerse de acuerdo en conceptos b\u00e1sicos, mientras Ram\u00f3n L\u00f3pez\u2026", "created_at": "2021-10-15T06:15:43.000Z", "edit_history_tweet_ids": ["1448895340543766530"], "author_id": "1440428125918138376"}, {"id": "1448883001614557187", "text": "RT @astursalud: Los V Premios de la Escuela de Salud de #Tineo\n\ud83c\udf96\ufe0f Carlos L\u00f3pez Ot\u00edn \n\ud83c\udf96\ufe0fEquipos de vacunaci\u00f3n\ud83d\udc89\ud83e\udda0\n\n\ud83c\udfc5@PACASASTURIAS\n\ud83c\udfc5Facultad P\u2026", "created_at": "2021-10-15T05:26:41.000Z", "edit_history_tweet_ids": ["1448883001614557187"], "author_id": "1039979484240379910"}, {"id": "1448882098736095249", "text": "RT @astursalud: Los V Premios de la Escuela de Salud de #Tineo\n\ud83c\udf96\ufe0f Carlos L\u00f3pez Ot\u00edn \n\ud83c\udf96\ufe0fEquipos de vacunaci\u00f3n\ud83d\udc89\ud83e\udda0\n\n\ud83c\udfc5@PACASASTURIAS\n\ud83c\udfc5Facultad P\u2026", "created_at": "2021-10-15T05:23:05.000Z", "edit_history_tweet_ids": ["1448882098736095249"], "author_id": "972592562"}, {"id": "1448880772581056545", "text": "RT @astursalud: Los V Premios de la Escuela de Salud de #Tineo\n\ud83c\udf96\ufe0f Carlos L\u00f3pez Ot\u00edn \n\ud83c\udf96\ufe0fEquipos de vacunaci\u00f3n\ud83d\udc89\ud83e\udda0\n\n\ud83c\udfc5@PACASASTURIAS\n\ud83c\udfc5Facultad P\u2026", "created_at": "2021-10-15T05:17:49.000Z", "edit_history_tweet_ids": ["1448880772581056545"], "author_id": "16146306"}, {"id": "1448872900887470103", "text": "RT @CNNChile: #HoyEsNoticiaCNN | [Entrevista] Ex asesor econ\u00f3mico de Jadue y propuesta sobre tratados internacionales: \u201cLo mejor es la rene\u2026", "created_at": "2021-10-15T04:46:32.000Z", "edit_history_tweet_ids": ["1448872900887470103"], "author_id": "175329843"}, {"id": "1448870990470123522", "text": "RT @sebagarciareal: @OLanderretche @EconomistaFlait Falta el curso de Inflaci\u00f3n a cargo de Ramon Lopez para que acompa\u00f1e a DJ Grau.", "created_at": "2021-10-15T04:38:57.000Z", "edit_history_tweet_ids": ["1448870990470123522"], "author_id": "79822634"}, {"id": "1448870807866839043", "text": "RT @adezeregap: @OLanderretche Que horror tener a algunos profesores en la FEN, que parecen no saber nada de econom\u00eda. Me duele mi alma mat\u2026", "created_at": "2021-10-15T04:38:13.000Z", "edit_history_tweet_ids": ["1448870807866839043"], "author_id": "79822634"}, {"id": "1448869404788215813", "text": "RT @CNNChile: #HoyEsNoticiaCNN | [Entrevista] Ex asesor econ\u00f3mico de Jadue y propuesta sobre tratados internacionales: \u201cLo mejor es la rene\u2026", "created_at": "2021-10-15T04:32:39.000Z", "edit_history_tweet_ids": ["1448869404788215813"], "author_id": "853760065916084224"}, {"id": "1448864794036121600", "text": "RT @jtgazmuri: Grau y Boric son ambos de ultra izquierda y no son capaces de ponerse de acuerdo en conceptos b\u00e1sicos, mientras Ram\u00f3n L\u00f3pez\u2026", "created_at": "2021-10-15T04:14:20.000Z", "edit_history_tweet_ids": ["1448864794036121600"], "author_id": "1229932030361817094"}, {"id": "1448861685301727232", "text": "RT @jtgazmuri: Grau y Boric son ambos de ultra izquierda y no son capaces de ponerse de acuerdo en conceptos b\u00e1sicos, mientras Ram\u00f3n L\u00f3pez\u2026", "created_at": "2021-10-15T04:01:58.000Z", "edit_history_tweet_ids": ["1448861685301727232"], "author_id": "2829503409"}, {"id": "1448859614733242370", "text": "RT @CNNChile: #HoyEsNoticiaCNN | [Entrevista] Ex asesor econ\u00f3mico de Jadue y propuesta sobre tratados internacionales: \u201cLo mejor es la rene\u2026", "created_at": "2021-10-15T03:53:45.000Z", "edit_history_tweet_ids": ["1448859614733242370"], "author_id": "330159354"}, {"id": "1448859499696058376", "text": "RT @CNNChile: #HoyEsNoticiaCNN | [Entrevista] Ex asesor econ\u00f3mico de Jadue y propuesta sobre tratados internacionales: \u201cLo mejor es la rene\u2026", "created_at": "2021-10-15T03:53:17.000Z", "edit_history_tweet_ids": ["1448859499696058376"], "author_id": "295867771"}, {"id": "1448858876506525696", "text": "RT @AlcanzaPoesia: Cierra en M\u00e9xico el Premio Nacional de Poes\u00eda Ram\u00f3n L\u00f3pez Velarde. https://t.co/pxRA5JOUHC https://t.co/wBWcE4oD7I", "created_at": "2021-10-15T03:50:49.000Z", "edit_history_tweet_ids": ["1448858876506525696"], "author_id": "2616413498"}, {"id": "1448858437631291422", "text": "#HoyEsNoticiaCNN | [Entrevista] Ex asesor econ\u00f3mico de Jadue y propuesta sobre tratados internacionales: \u201cLo mejor es la renegociaci\u00f3n\u201d\nhttps://t.co/CgInLAMTKM", "created_at": "2021-10-15T03:49:04.000Z", "edit_history_tweet_ids": ["1448858437631291422"], "author_id": "18248645"}, {"id": "1448856332220579853", "text": "@CNNChile En esta candidatura Jadu\u00e9 dice A, Ram\u00f3n L\u00f3pez dice B, Nicol\u00e1s Grau dice C, y Boric dice una semana x y la otra y.....est\u00e1n claritos", "created_at": "2021-10-15T03:40:42.000Z", "edit_history_tweet_ids": ["1448856332220579853"], "author_id": "1187742444252815361"}, {"id": "1448855962190819373", "text": "RT @jtgazmuri: Grau y Boric son ambos de ultra izquierda y no son capaces de ponerse de acuerdo en conceptos b\u00e1sicos, mientras Ram\u00f3n L\u00f3pez\u2026", "created_at": "2021-10-15T03:39:14.000Z", "edit_history_tweet_ids": ["1448855962190819373"], "author_id": "1147874347836534784"}, {"id": "1448855857244958724", "text": "RT @pamparana: Los medios son tambi\u00e9n culpables de c\u00f3mo estamos. Levantaron a Pamela Jiles, los retiros y ahora a Ram\u00f3n L\u00f3pez.\nDe la banali\u2026", "created_at": "2021-10-15T03:38:49.000Z", "edit_history_tweet_ids": ["1448855857244958724"], "author_id": "371020445"}, {"id": "1448854010140655620", "text": "RT @ccifuentesh: Trat\u00e9 de ver las joyitas que se mand\u00f3 ayer el \"economista\" y profesor de la @fenuchile, Ram\u00f3n L\u00f3pez. No pude, me bloque\u00f3 \u00bf\u2026", "created_at": "2021-10-15T03:31:29.000Z", "edit_history_tweet_ids": ["1448854010140655620"], "author_id": "20405058"}, {"id": "1448853900648456192", "text": "RT @pamparana: Los medios son tambi\u00e9n culpables de c\u00f3mo estamos. Levantaron a Pamela Jiles, los retiros y ahora a Ram\u00f3n L\u00f3pez.\nDe la banali\u2026", "created_at": "2021-10-15T03:31:02.000Z", "edit_history_tweet_ids": ["1448853900648456192"], "author_id": "1116587271338127360"}, {"id": "1448852389688193050", "text": "RT @ccifuentesh: Trat\u00e9 de ver las joyitas que se mand\u00f3 ayer el \"economista\" y profesor de la @fenuchile, Ram\u00f3n L\u00f3pez. No pude, me bloque\u00f3 \u00bf\u2026", "created_at": "2021-10-15T03:25:02.000Z", "edit_history_tweet_ids": ["1448852389688193050"], "author_id": "754312769474813952"}], "meta": {"newest_id": "1448995595205623809", "oldest_id": "1448852389688193050", "result_count": 97, "next_token": "b26v89c19zqg8o3fpds9e3u04ck0gq85ebo8ep7vg7u65"}}