{"data": [{"id": "1450261208993570818", "text": "RT @PrensaComunitar: #Criminlizaci\u00f3n | \"A Rudy L\u00f3pez se le ha juzgado dos veces por el mismo crimen\", \"No se le puede juzgar a la persona d\u2026", "created_at": "2021-10-19T00:43:11.000Z", "edit_history_tweet_ids": ["1450261208993570818"], "author_id": "219137936"}, {"id": "1450257453078220800", "text": "RT @PrensaComunitar: #Criminlizaci\u00f3n | \"A Rudy L\u00f3pez se le ha juzgado dos veces por el mismo crimen\", \"No se le puede juzgar a la persona d\u2026", "created_at": "2021-10-19T00:28:15.000Z", "edit_history_tweet_ids": ["1450257453078220800"], "author_id": "1285369656279207937"}, {"id": "1450255554182529025", "text": "RT @PrensaComunitar: #Criminlizaci\u00f3n | \"A Rudy L\u00f3pez se le ha juzgado dos veces por el mismo crimen\", \"No se le puede juzgar a la persona d\u2026", "created_at": "2021-10-19T00:20:43.000Z", "edit_history_tweet_ids": ["1450255554182529025"], "author_id": "2542948735"}, {"id": "1450254276836478978", "text": "RT @A_VCarranza: #TerritorialMorelos realiza limpieza en la Plaza Ram\u00f3n L\u00f3pez Velarde, en la colonia Morelos. \ud83e\uddf9\ud83d\udebf\n\n#LaExperienciaContin\u00faa ht\u2026", "created_at": "2021-10-19T00:15:38.000Z", "edit_history_tweet_ids": ["1450254276836478978"], "author_id": "1288649298855559169"}, {"id": "1450253741890752512", "text": "En conferencia de prensa Flor Ayala Robles Linares, Tesorera Municipal; Lisette L\u00f3pez God\u00ednez, directora de Recursos Humanos y Ram\u00f3n Corral Aguirre, Oficial Mayor, explicaron la situaci\u00f3n d el Ayuntamiento de #Hermosillo \n\nhttps://t.co/bIiKxzs0Q6", "created_at": "2021-10-19T00:13:31.000Z", "edit_history_tweet_ids": ["1450253741890752512"], "author_id": "2732090972"}, {"id": "1450251375087063048", "text": "CHOQUE \ud83d\ude99\ud83d\udca5\ud83d\ude97 en Guadalajara, Col. Medrano, Medrano y Ram\u00f3n L\u00f3pez Velarde. Tome precauciones", "created_at": "2021-10-19T00:04:06.000Z", "edit_history_tweet_ids": ["1450251375087063048"], "author_id": "4501789032"}, {"id": "1450247130208161793", "text": "RT @PrensaComunitar: #Criminlizaci\u00f3n | \u201cNo tengo ninguna duda de que es un caso de persecuci\u00f3n, die el abogado Ram\u00f3n Cadena, en relaci\u00f3n a\u2026", "created_at": "2021-10-18T23:47:14.000Z", "edit_history_tweet_ids": ["1450247130208161793"], "author_id": "973260949"}, {"id": "1450246945230950401", "text": "Amix, el mi\u00e9rcoles a las 5 pm estaremos present\u00e1ndonos dentro del marco de la Muestra Estatal de Teatro, en el Ram\u00f3n L\u00f3pez Velarde. Ojal\u00e1 puedan acompa\u00f1arnos. https://t.co/5z9rJ4OZRm", "created_at": "2021-10-18T23:46:30.000Z", "edit_history_tweet_ids": ["1450246945230950401"], "author_id": "1086789306549747713"}, {"id": "1450246597183512578", "text": "RT @A_VCarranza: #TerritorialMorelos realiza limpieza en la Plaza Ram\u00f3n L\u00f3pez Velarde, en la colonia Morelos. \ud83e\uddf9\ud83d\udebf\n\n#LaExperienciaContin\u00faa ht\u2026", "created_at": "2021-10-18T23:45:07.000Z", "edit_history_tweet_ids": ["1450246597183512578"], "author_id": "707716470533324800"}, {"id": "1450245953500364800", "text": "RT @PrensaComunitar: #Criminlizaci\u00f3n | \u201cNo tengo ninguna duda de que es un caso de persecuci\u00f3n, die el abogado Ram\u00f3n Cadena, en relaci\u00f3n a\u2026", "created_at": "2021-10-18T23:42:34.000Z", "edit_history_tweet_ids": ["1450245953500364800"], "author_id": "1242524928689176580"}, {"id": "1450243223759302665", "text": "RT @PrensaComunitar: #Criminlizaci\u00f3n | \u201cNo tengo ninguna duda de que es un caso de persecuci\u00f3n, die el abogado Ram\u00f3n Cadena, en relaci\u00f3n a\u2026", "created_at": "2021-10-18T23:31:43.000Z", "edit_history_tweet_ids": ["1450243223759302665"], "author_id": "1253883156974968833"}, {"id": "1450242189494194176", "text": "RT @PrensaComunitar: #Criminlizaci\u00f3n | \"A Rudy L\u00f3pez se le ha juzgado dos veces por el mismo crimen\", \"No se le puede juzgar a la persona d\u2026", "created_at": "2021-10-18T23:27:36.000Z", "edit_history_tweet_ids": ["1450242189494194176"], "author_id": "832378106828746756"}, {"id": "1450239031103606785", "text": "RT @PrensaComunitar: #Criminlizaci\u00f3n | \u201cNo tengo ninguna duda de que es un caso de persecuci\u00f3n, die el abogado Ram\u00f3n Cadena, en relaci\u00f3n a\u2026", "created_at": "2021-10-18T23:15:03.000Z", "edit_history_tweet_ids": ["1450239031103606785"], "author_id": "1149858581417799681"}, {"id": "1450238427203522563", "text": "RT @RaquelPenaVice: Destaco el aporte de la Sociolog\u00eda dominicana, que inici\u00f3 con figuras como Pedro Fco. Bon\u00f3, Eugenio Mar\u00eda de Hostos y J\u2026", "created_at": "2021-10-18T23:12:39.000Z", "edit_history_tweet_ids": ["1450238427203522563"], "author_id": "231901788"}, {"id": "1450236157959176196", "text": "RT @delpynews: \u25b6\ufe0f DEFINICI\u00d3N | \ud83c\uddf5\ud83c\uddfe\n\n\ud83d\udccc La APF esta semana comunicar\u00e1  quien ser\u00e1 el pr\u00f3ximo entrenador de la albirroja.\n\n\ud83d\udc49 Son varios los nom\u2026", "created_at": "2021-10-18T23:03:38.000Z", "edit_history_tweet_ids": ["1450236157959176196"], "author_id": "1424419358894342146"}, {"id": "1450235654688808960", "text": "Ramon Lopez 1 \nBC 0 https://t.co/7YAeLlmw5e", "created_at": "2021-10-18T23:01:38.000Z", "edit_history_tweet_ids": ["1450235654688808960"], "author_id": "55850265"}, {"id": "1450233843361976329", "text": "RT @delpynews: \u25b6\ufe0f DEFINICI\u00d3N | \ud83c\uddf5\ud83c\uddfe\n\n\ud83d\udccc La APF esta semana comunicar\u00e1  quien ser\u00e1 el pr\u00f3ximo entrenador de la albirroja.\n\n\ud83d\udc49 Son varios los nom\u2026", "created_at": "2021-10-18T22:54:26.000Z", "edit_history_tweet_ids": ["1450233843361976329"], "author_id": "1378057673137082369"}, {"id": "1450233458953949185", "text": "RT @A_VCarranza: #TerritorialMorelos realiza limpieza en la Plaza Ram\u00f3n L\u00f3pez Velarde, en la colonia Morelos. \ud83e\uddf9\ud83d\udebf\n\n#LaExperienciaContin\u00faa ht\u2026", "created_at": "2021-10-18T22:52:55.000Z", "edit_history_tweet_ids": ["1450233458953949185"], "author_id": "1365889432541421570"}, {"id": "1450232380728487942", "text": "RT @A_VCarranza: Personal de la #TerritorialMorelos aplic\u00f3 pintura en muros de la Plaza Ram\u00f3n L\u00f3pez Velarde. \ud83c\udfa8 https://t.co/PQqeYsxiwr", "created_at": "2021-10-18T22:48:38.000Z", "edit_history_tweet_ids": ["1450232380728487942"], "author_id": "1365889432541421570"}, {"id": "1450229615193169925", "text": "RT @PrensaComunitar: #Criminlizaci\u00f3n | \"A Rudy L\u00f3pez se le ha juzgado dos veces por el mismo crimen\", \"No se le puede juzgar a la persona d\u2026", "created_at": "2021-10-18T22:37:38.000Z", "edit_history_tweet_ids": ["1450229615193169925"], "author_id": "125486723"}, {"id": "1450224925357355019", "text": "RT @delpynews: \u25b6\ufe0f DEFINICI\u00d3N | \ud83c\uddf5\ud83c\uddfe\n\n\ud83d\udccc La APF esta semana comunicar\u00e1  quien ser\u00e1 el pr\u00f3ximo entrenador de la albirroja.\n\n\ud83d\udc49 Son varios los nom\u2026", "created_at": "2021-10-18T22:19:00.000Z", "edit_history_tweet_ids": ["1450224925357355019"], "author_id": "357865959"}, {"id": "1450224272975273986", "text": "RT @PrensaComunitar: #Criminlizaci\u00f3n | \"A Rudy L\u00f3pez se le ha juzgado dos veces por el mismo crimen\", \"No se le puede juzgar a la persona d\u2026", "created_at": "2021-10-18T22:16:25.000Z", "edit_history_tweet_ids": ["1450224272975273986"], "author_id": "4779458353"}, {"id": "1450224097661800452", "text": "RT @PrensaComunitar: #Criminlizaci\u00f3n | \"A Rudy L\u00f3pez se le ha juzgado dos veces por el mismo crimen\", \"No se le puede juzgar a la persona d\u2026", "created_at": "2021-10-18T22:15:43.000Z", "edit_history_tweet_ids": ["1450224097661800452"], "author_id": "1097623807425216514"}, {"id": "1450224087536648206", "text": "RT @PrensaComunitar: #Criminlizaci\u00f3n | \"A Rudy L\u00f3pez se le ha juzgado dos veces por el mismo crimen\", \"No se le puede juzgar a la persona d\u2026", "created_at": "2021-10-18T22:15:40.000Z", "edit_history_tweet_ids": ["1450224087536648206"], "author_id": "302821353"}, {"id": "1450222788472721408", "text": "@RamonArrommel @Fjrz52Rivera @SinLinea_Mx Pruebas Sr. Ram\u00f3n de que yo a alguien cercano a m\u00ed ha perdido privilegios.\nAhora que si llama la atenci\u00f3n de c\u00f3mo te expresas con las mismas palabras aleccionadoras del Sr.Lopez Robador, deja te cuento que existimos personas que vivimos de lo que trabajamos y estudiamos", "created_at": "2021-10-18T22:10:31.000Z", "edit_history_tweet_ids": ["1450222788472721408"], "author_id": "114651577"}, {"id": "1450221469196111874", "text": "RT @jtgazmuri: Grau y Boric son ambos de ultra izquierda y no son capaces de ponerse de acuerdo en conceptos b\u00e1sicos, mientras Ram\u00f3n L\u00f3pez\u2026", "created_at": "2021-10-18T22:05:16.000Z", "edit_history_tweet_ids": ["1450221469196111874"], "author_id": "2895565085"}, {"id": "1450220813676945409", "text": "RT @delpynews: \u25b6\ufe0f DEFINICI\u00d3N | \ud83c\uddf5\ud83c\uddfe\n\n\ud83d\udccc La APF esta semana comunicar\u00e1  quien ser\u00e1 el pr\u00f3ximo entrenador de la albirroja.\n\n\ud83d\udc49 Son varios los nom\u2026", "created_at": "2021-10-18T22:02:40.000Z", "edit_history_tweet_ids": ["1450220813676945409"], "author_id": "1359473046768205833"}, {"id": "1450220679010398208", "text": "RT @delpynews: \u25b6\ufe0f DEFINICI\u00d3N | \ud83c\uddf5\ud83c\uddfe\n\n\ud83d\udccc La APF esta semana comunicar\u00e1  quien ser\u00e1 el pr\u00f3ximo entrenador de la albirroja.\n\n\ud83d\udc49 Son varios los nom\u2026", "created_at": "2021-10-18T22:02:08.000Z", "edit_history_tweet_ids": ["1450220679010398208"], "author_id": "163287159"}, {"id": "1450219647672979463", "text": "#Criminlizaci\u00f3n | \"A Rudy L\u00f3pez se le ha juzgado dos veces por el mismo crimen\", \"No se le puede juzgar a la persona dos veces por el mismo crimen\" dice Ram\u00f3n Cadena, abogado independiente.\n\n\ud83c\udfa5 Regina P\u00e9rez. https://t.co/SeX16m3qAq", "created_at": "2021-10-18T21:58:02.000Z", "edit_history_tweet_ids": ["1450219647672979463"], "author_id": "257722705"}, {"id": "1450217468576899075", "text": "RT @PrensaComunitar: #Criminlizaci\u00f3n | \u201cNo tengo ninguna duda de que es un caso de persecuci\u00f3n, die el abogado Ram\u00f3n Cadena, en relaci\u00f3n a\u2026", "created_at": "2021-10-18T21:49:22.000Z", "edit_history_tweet_ids": ["1450217468576899075"], "author_id": "1272362676178608131"}, {"id": "1450217236031893504", "text": "RT @delpynews: \u25b6\ufe0f DEFINICI\u00d3N | \ud83c\uddf5\ud83c\uddfe\n\n\ud83d\udccc La APF esta semana comunicar\u00e1  quien ser\u00e1 el pr\u00f3ximo entrenador de la albirroja.\n\n\ud83d\udc49 Son varios los nom\u2026", "created_at": "2021-10-18T21:48:27.000Z", "edit_history_tweet_ids": ["1450217236031893504"], "author_id": "237696317"}, {"id": "1450215868298825732", "text": "RT @A_VCarranza: #TerritorialMorelos realiza limpieza en la Plaza Ram\u00f3n L\u00f3pez Velarde, en la colonia Morelos. \ud83e\uddf9\ud83d\udebf\n\n#LaExperienciaContin\u00faa ht\u2026", "created_at": "2021-10-18T21:43:01.000Z", "edit_history_tweet_ids": ["1450215868298825732"], "author_id": "1220170359972007937"}, {"id": "1450213521074106368", "text": "RT @delpynews: \u25b6\ufe0f DEFINICI\u00d3N | \ud83c\uddf5\ud83c\uddfe\n\n\ud83d\udccc La APF esta semana comunicar\u00e1  quien ser\u00e1 el pr\u00f3ximo entrenador de la albirroja.\n\n\ud83d\udc49 Son varios los nom\u2026", "created_at": "2021-10-18T21:33:41.000Z", "edit_history_tweet_ids": ["1450213521074106368"], "author_id": "85754172"}, {"id": "1450213033054199808", "text": "RT @delpynews: \u25b6\ufe0f DEFINICI\u00d3N | \ud83c\uddf5\ud83c\uddfe\n\n\ud83d\udccc La APF esta semana comunicar\u00e1  quien ser\u00e1 el pr\u00f3ximo entrenador de la albirroja.\n\n\ud83d\udc49 Son varios los nom\u2026", "created_at": "2021-10-18T21:31:45.000Z", "edit_history_tweet_ids": ["1450213033054199808"], "author_id": "357173316"}, {"id": "1450213002683289602", "text": "RT @delpynews: \u25b6\ufe0f DEFINICI\u00d3N | \ud83c\uddf5\ud83c\uddfe\n\n\ud83d\udccc La APF esta semana comunicar\u00e1  quien ser\u00e1 el pr\u00f3ximo entrenador de la albirroja.\n\n\ud83d\udc49 Son varios los nom\u2026", "created_at": "2021-10-18T21:31:38.000Z", "edit_history_tweet_ids": ["1450213002683289602"], "author_id": "1182089766164189186"}, {"id": "1450212682712461314", "text": "RT @delpynews: \u25b6\ufe0f DEFINICI\u00d3N | \ud83c\uddf5\ud83c\uddfe\n\n\ud83d\udccc La APF esta semana comunicar\u00e1  quien ser\u00e1 el pr\u00f3ximo entrenador de la albirroja.\n\n\ud83d\udc49 Son varios los nom\u2026", "created_at": "2021-10-18T21:30:21.000Z", "edit_history_tweet_ids": ["1450212682712461314"], "author_id": "66839581"}, {"id": "1450212560930758662", "text": "\u25b6\ufe0f DEFINICI\u00d3N | \ud83c\uddf5\ud83c\uddfe\n\n\ud83d\udccc La APF esta semana comunicar\u00e1  quien ser\u00e1 el pr\u00f3ximo entrenador de la albirroja.\n\n\ud83d\udc49 Son varios los nombres que suenan para reemplazar a Berizzo:\n\n- Rodrigo L\u00f3pez \n- Gustavo Costas\n- Felipe Scolari \n- Ram\u00f3n D\u00edaz \n\nPara vos, \u00bfcual es el indicado?\ud83d\udc40 https://t.co/eQCtWFrz06", "created_at": "2021-10-18T21:29:52.000Z", "edit_history_tweet_ids": ["1450212560930758662"], "author_id": "718956501923192833"}, {"id": "1450211465961656323", "text": "RT @PrensaComunitar: #Criminlizaci\u00f3n | \u201cNo tengo ninguna duda de que es un caso de persecuci\u00f3n, die el abogado Ram\u00f3n Cadena, en relaci\u00f3n a\u2026", "created_at": "2021-10-18T21:25:31.000Z", "edit_history_tweet_ids": ["1450211465961656323"], "author_id": "1449873938"}, {"id": "1450211215121190913", "text": "RT @PrensaComunitar: #Criminlizaci\u00f3n | \u201cNo tengo ninguna duda de que es un caso de persecuci\u00f3n, die el abogado Ram\u00f3n Cadena, en relaci\u00f3n a\u2026", "created_at": "2021-10-18T21:24:31.000Z", "edit_history_tweet_ids": ["1450211215121190913"], "author_id": "2986405933"}, {"id": "1450210896740032519", "text": "#Criminlizaci\u00f3n | \u201cNo tengo ninguna duda de que es un caso de persecuci\u00f3n, die el abogado Ram\u00f3n Cadena, en relaci\u00f3n a Rudy Am\u00edlcar L\u00f3pez Pablo, quien fue ligado a proceso este lunes, por depredaci\u00f3n del patrimonio cultural\n\n\ud83c\udfa5 Regina P\u00e9rez https://t.co/TpzopNmcNG", "created_at": "2021-10-18T21:23:16.000Z", "edit_history_tweet_ids": ["1450210896740032519"], "author_id": "257722705"}, {"id": "1450201670273703936", "text": "RT @RaquelPenaVice: Destaco el aporte de la Sociolog\u00eda dominicana, que inici\u00f3 con figuras como Pedro Fco. Bon\u00f3, Eugenio Mar\u00eda de Hostos y J\u2026", "created_at": "2021-10-18T20:46:36.000Z", "edit_history_tweet_ids": ["1450201670273703936"], "author_id": "1142992450371407873"}, {"id": "1450194156140257281", "text": "RT @PrensaComunitar: El abogado Ram\u00f3n Cadena, de la Comisi\u00f3n Internacional de Juristas, se\u00f1al\u00f3 que el proceso de Rudy L\u00f3pez Pablo es otro c\u2026", "created_at": "2021-10-18T20:16:44.000Z", "edit_history_tweet_ids": ["1450194156140257281"], "author_id": "1580529000"}, {"id": "1450187328165593088", "text": "Jos\u00e9 de Gregorio reconoci\u00f3 que la inflaci\u00f3n es producto de factores externos y, de paso, concord\u00f3 con don Ram\u00f3n L\u00f3pez.", "created_at": "2021-10-18T19:49:36.000Z", "edit_history_tweet_ids": ["1450187328165593088"], "author_id": "855134521204887554"}, {"id": "1450186182516690956", "text": "#Deportes Este domingo lleg\u00f3 a su final la Liga Municipal de Futbol en sus categor\u00edas Premier e Intermedia, con partidos realizados en el estadio de futbol Ram\u00f3n L\u00f3pez Velarde #Ecodiario #Zacatecas https://t.co/izSlVZGJFX https://t.co/SWbc4eCw9M", "created_at": "2021-10-18T19:45:03.000Z", "edit_history_tweet_ids": ["1450186182516690956"], "author_id": "1054394794305302528"}, {"id": "1450177149470715904", "text": "RT @DarioColman98: Ayer el dt era Rorro L\u00f3pez, ahora estamos entre Ram\u00f3n D\u00edaz y Scolari.\nMa\u00f1ana van a decir que se habl\u00f3 con Zidane y pasad\u2026", "created_at": "2021-10-18T19:09:10.000Z", "edit_history_tweet_ids": ["1450177149470715904"], "author_id": "548061728"}, {"id": "1450176157077458951", "text": "@BrunoPont Bruno,\nRodrigo L\u00f3pez no es candidato, es humo para distraer.\nRam\u00f3n D\u00edaz fracas\u00f3 con la selecci\u00f3n. Y con Libertad.\nFelipa\u00f5 es bue DT, pero no conoce el f\u00fatbol paraguayo.", "created_at": "2021-10-18T19:05:13.000Z", "edit_history_tweet_ids": ["1450176157077458951"], "author_id": "1363339874808512521"}, {"id": "1450175121923231747", "text": "RT @A_VCarranza: #TerritorialMorelos realiza limpieza en la Plaza Ram\u00f3n L\u00f3pez Velarde, en la colonia Morelos. \ud83e\uddf9\ud83d\udebf\n\n#LaExperienciaContin\u00faa ht\u2026", "created_at": "2021-10-18T19:01:06.000Z", "edit_history_tweet_ids": ["1450175121923231747"], "author_id": "904828145496444929"}, {"id": "1450171271069765633", "text": "#TerritorialMorelos realiza limpieza en la Plaza Ram\u00f3n L\u00f3pez Velarde, en la colonia Morelos. \ud83e\uddf9\ud83d\udebf\n\n#LaExperienciaContin\u00faa https://t.co/TnewpzV49m", "created_at": "2021-10-18T18:45:48.000Z", "edit_history_tweet_ids": ["1450171271069765633"], "author_id": "1129770818"}, {"id": "1450168188596105221", "text": "Qu\u00edtenle el twitter al tocayo Ram\u00f3n L\u00f3pez.", "created_at": "2021-10-18T18:33:33.000Z", "edit_history_tweet_ids": ["1450168188596105221"], "author_id": "119138207"}, {"id": "1450162661778501638", "text": "RT @RamonMerono: HOY LUNES 18 DE OCTUBRE \nABIERTOS 24 HORAS\n\u00a1\u00a1\u00a1\u00a1\u00a1GUARDIA!!!!\nMARINA RAMON MERO\u00d1O\nFARMACIA TORRE-PACHECO\nC/PEDRO LOPEZ ESQUI\u2026", "created_at": "2021-10-18T18:11:35.000Z", "edit_history_tweet_ids": ["1450162661778501638"], "author_id": "1357993030725341184"}, {"id": "1450161782862004232", "text": "RT @SateliteArco: @Rherrera25 @a1varo_lopez Pedir perd\u00f3n es una concepci\u00f3n cat\u00f3lica menos amplia que \"sentir de coraz\u00f3n las perdidas, el su\u2026", "created_at": "2021-10-18T18:08:06.000Z", "edit_history_tweet_ids": ["1450161782862004232"], "author_id": "1096953499269644291"}, {"id": "1450160722244161539", "text": "RT @RaquelPenaVice: Destaco el aporte de la Sociolog\u00eda dominicana, que inici\u00f3 con figuras como Pedro Fco. Bon\u00f3, Eugenio Mar\u00eda de Hostos y J\u2026", "created_at": "2021-10-18T18:03:53.000Z", "edit_history_tweet_ids": ["1450160722244161539"], "author_id": "1270804073915322371"}, {"id": "1450157227571023884", "text": "RT @DanieljurisOHi: Doctor en econom\u00eda y profesor de la Universidad de Chile, Ram\u00f3n L\u00f3pez: los retiros no son la causa de la inflaci\u00f3n. res\u2026", "created_at": "2021-10-18T17:50:00.000Z", "edit_history_tweet_ids": ["1450157227571023884"], "author_id": "1383864224124870661"}, {"id": "1450155068137750528", "text": "RT @IPerezTuesta: No s\u00e9 qu\u00e9 tanto l\u00edo por lo del nombre. Yo conozco uno que no se complicaba: en el carnet ten\u00eda 3 (Augusto Jos\u00e9 Ram\u00f3n), cu\u2026", "created_at": "2021-10-18T17:41:25.000Z", "edit_history_tweet_ids": ["1450155068137750528"], "author_id": "1388602370"}, {"id": "1450153677503746054", "text": "RT @RaquelPenaVice: Destaco el aporte de la Sociolog\u00eda dominicana, que inici\u00f3 con figuras como Pedro Fco. Bon\u00f3, Eugenio Mar\u00eda de Hostos y J\u2026", "created_at": "2021-10-18T17:35:53.000Z", "edit_history_tweet_ids": ["1450153677503746054"], "author_id": "507918548"}, {"id": "1450151327426875396", "text": "RT @FVientosur: 'Rodolfo Mart\u00edn Villa  procesado', por Ram\u00f3n Contreras L\u00f3pez: https://t.co/vRVCdnYr5t", "created_at": "2021-10-18T17:26:33.000Z", "edit_history_tweet_ids": ["1450151327426875396"], "author_id": "3240214492"}, {"id": "1450151057536032775", "text": "RT @RaquelPenaVice: Destaco el aporte de la Sociolog\u00eda dominicana, que inici\u00f3 con figuras como Pedro Fco. Bon\u00f3, Eugenio Mar\u00eda de Hostos y J\u2026", "created_at": "2021-10-18T17:25:29.000Z", "edit_history_tweet_ids": ["1450151057536032775"], "author_id": "1303432467890794497"}, {"id": "1450150859711651843", "text": "RT @RaquelPenaVice: Destaco el aporte de la Sociolog\u00eda dominicana, que inici\u00f3 con figuras como Pedro Fco. Bon\u00f3, Eugenio Mar\u00eda de Hostos y J\u2026", "created_at": "2021-10-18T17:24:42.000Z", "edit_history_tweet_ids": ["1450150859711651843"], "author_id": "1286791649742520324"}, {"id": "1450150744011812871", "text": "Don Ram\u00f3n y Quinterito, el 10 de la selecci\u00f3n, tocando flauta y viol\u00edn en este ensayo de la orquesta de Cachao L\u00f3pez.\nIsrael \"Cachao\" Lopez \u2022 Obsesi\u00f3n https://t.co/jxgTIqmXCW via @YouTube", "created_at": "2021-10-18T17:24:14.000Z", "edit_history_tweet_ids": ["1450150744011812871"], "author_id": "1439726483476520961"}, {"id": "1450149820681932802", "text": "Ayer el dt era Rorro L\u00f3pez, ahora estamos entre Ram\u00f3n D\u00edaz y Scolari.\nMa\u00f1ana van a decir que se habl\u00f3 con Zidane y pasado van a terminar presentando al Loro Ovelar.", "created_at": "2021-10-18T17:20:34.000Z", "edit_history_tweet_ids": ["1450149820681932802"], "author_id": "1062218536498724864"}, {"id": "1450148713184305154", "text": "RT @RaquelPenaVice: Destaco el aporte de la Sociolog\u00eda dominicana, que inici\u00f3 con figuras como Pedro Fco. Bon\u00f3, Eugenio Mar\u00eda de Hostos y J\u2026", "created_at": "2021-10-18T17:16:10.000Z", "edit_history_tweet_ids": ["1450148713184305154"], "author_id": "218740138"}, {"id": "1450148612541980677", "text": "RT @RaquelPenaVice: Destaco el aporte de la Sociolog\u00eda dominicana, que inici\u00f3 con figuras como Pedro Fco. Bon\u00f3, Eugenio Mar\u00eda de Hostos y J\u2026", "created_at": "2021-10-18T17:15:46.000Z", "edit_history_tweet_ids": ["1450148612541980677"], "author_id": "1294441767304036352"}, {"id": "1450148419679531012", "text": "RT @RaquelPenaVice: Destaco el aporte de la Sociolog\u00eda dominicana, que inici\u00f3 con figuras como Pedro Fco. Bon\u00f3, Eugenio Mar\u00eda de Hostos y J\u2026", "created_at": "2021-10-18T17:15:00.000Z", "edit_history_tweet_ids": ["1450148419679531012"], "author_id": "1161341323"}, {"id": "1450148076107206661", "text": "Destaco el aporte de la Sociolog\u00eda dominicana, que inici\u00f3 con figuras como Pedro Fco. Bon\u00f3, Eugenio Mar\u00eda de Hostos y Jos\u00e9 Ram\u00f3n L\u00f3pez. Su legado contribuye al estudio adecuado de las problem\u00e1ticas sociales de nuestro pa\u00eds. Feliz D\u00eda Nacional del #Soci\u00f3logoDominicano\n\n #RP", "created_at": "2021-10-18T17:13:38.000Z", "edit_history_tweet_ids": ["1450148076107206661"], "author_id": "1237511415558221824"}, {"id": "1450145204112089098", "text": "Ganham for\u00e7a dois nomes para dirigir a sele\u00e7\u00e3o do Paraguai - Ramon Diaz e Rodrigo Lopez. O \u00faltimo \u00e9 o atual t\u00e9cnico do Nacional paraguaio.", "created_at": "2021-10-18T17:02:13.000Z", "edit_history_tweet_ids": ["1450145204112089098"], "author_id": "37950713"}, {"id": "1450144858488852484", "text": "RT @F_Fernandez_F: Tuve oportunidad de estudiar en persona un ejemplar de la primera edici\u00f3n de Zozobra (1919), el libro m\u00e1s importante de\u2026", "created_at": "2021-10-18T17:00:51.000Z", "edit_history_tweet_ids": ["1450144858488852484"], "author_id": "47690815"}, {"id": "1450132792009019392", "text": "@BrunoPont Como van a poner a ram\u00f3n Diaz o rodrigo lopez a la altura de scolari jajaja", "created_at": "2021-10-18T16:12:54.000Z", "edit_history_tweet_ids": ["1450132792009019392"], "author_id": "1166872490087538693"}, {"id": "1450130857231060994", "text": "RT @A_VCarranza: Personal de la #TerritorialMorelos aplic\u00f3 pintura en muros de la Plaza Ram\u00f3n L\u00f3pez Velarde. \ud83c\udfa8 https://t.co/PQqeYsxiwr", "created_at": "2021-10-18T16:05:13.000Z", "edit_history_tweet_ids": ["1450130857231060994"], "author_id": "1332391763412086784"}, {"id": "1450130847970086913", "text": "Estas son las voces que hay que escuchar, no a Ram\u00f3n L\u00f3pez. https://t.co/9QffJzqclU", "created_at": "2021-10-18T16:05:10.000Z", "edit_history_tweet_ids": ["1450130847970086913"], "author_id": "179663399"}, {"id": "1450130002641575938", "text": "Estos son los candidatos que maneja a @APFOficial  para conducir la selecci\u00f3n nacional: Hern\u00e1n Rodrigo L\u00f3pez uruguayo nacionalizado paraguayo, actual DT de Nacional (Par); Ram\u00f3n D\u00edaz que volver\u00eda y Luis Felipe Scolari (Felipao). No descarten al Chiqui Arce.", "created_at": "2021-10-18T16:01:49.000Z", "edit_history_tweet_ids": ["1450130002641575938"], "author_id": "365665341"}, {"id": "1450129804452265994", "text": "Doctor en econom\u00eda y profesor de la Universidad de Chile, Ram\u00f3n L\u00f3pez: los retiros no son la causa de la inflaci\u00f3n. respectohttps://www.encancha.cl/enlahora/nacional/2021/10/16/cuarto-retiro-afp-mas-de-cien-expertos-piden-rechazarlo-por-efectos-nocivos-en-la-economia-127761.html https://t.co/fpL4MEe2Ei", "created_at": "2021-10-18T16:01:02.000Z", "edit_history_tweet_ids": ["1450129804452265994"], "author_id": "855134521204887554"}, {"id": "1450113477381705729", "text": "RT @FVientosur: 'Rodolfo Mart\u00edn Villa  procesado', por Ram\u00f3n Contreras L\u00f3pez: https://t.co/vRVCdnYr5t", "created_at": "2021-10-18T14:56:09.000Z", "edit_history_tweet_ids": ["1450113477381705729"], "author_id": "3315637402"}, {"id": "1450112728681562120", "text": "@rafasa77 @Ramon_Jimenez_L An\u00f3nimo no soy, mi foto no la pongo por que no quiero, debate cual si el se\u00f1or L\u00f3pez encargado de RTP ni se molesta en responder no sabia que el se\u00f1or necesitaba defensores y en todo caso el debate es con el no con usted o tien cargo en RTP para solucionar algo?", "created_at": "2021-10-18T14:53:10.000Z", "edit_history_tweet_ids": ["1450112728681562120"], "author_id": "500189459"}, {"id": "1450110210731913216", "text": "RT @FVientosur: 'Rodolfo Mart\u00edn Villa  procesado', por Ram\u00f3n Contreras L\u00f3pez: https://t.co/vRVCdnYr5t", "created_at": "2021-10-18T14:43:10.000Z", "edit_history_tweet_ids": ["1450110210731913216"], "author_id": "17234108"}, {"id": "1450109706740117510", "text": "RT @FVientosur: 'Rodolfo Mart\u00edn Villa  procesado', por Ram\u00f3n Contreras L\u00f3pez: https://t.co/vRVCdnYr5t", "created_at": "2021-10-18T14:41:10.000Z", "edit_history_tweet_ids": ["1450109706740117510"], "author_id": "978765787"}, {"id": "1450108312473772034", "text": "\u00bfEs posible predecir la adicci\u00f3n a los videojuegos de nuestros hijos?. Aqu\u00ed est\u00e1n las respuestas, con la colaboraci\u00f3n del doctor Jos\u00e9 Ram\u00f3n L\u00f3pez Trabada de Psiquiatr\u00eda del #Hospital12deOctubre. #somosdel12. https://t.co/g9mKLX9zey a trav\u00e9s de @el_pais", "created_at": "2021-10-18T14:35:38.000Z", "edit_history_tweet_ids": ["1450108312473772034"], "author_id": "3370829117"}, {"id": "1450108103735844866", "text": "Ahora entendemos por qu\u00e9 Ram\u00f3n L\u00f3pez tiene chipe libre... Es todo FEN el que tiene problemas de seriedad, del decano para abajo. https://t.co/QYsgyIzuQX", "created_at": "2021-10-18T14:34:48.000Z", "edit_history_tweet_ids": ["1450108103735844866"], "author_id": "1205969851505881088"}, {"id": "1450104654872842243", "text": "RT @A_VCarranza: Personal de la #TerritorialMorelos aplic\u00f3 pintura en muros de la Plaza Ram\u00f3n L\u00f3pez Velarde. \ud83c\udfa8 https://t.co/PQqeYsxiwr", "created_at": "2021-10-18T14:21:06.000Z", "edit_history_tweet_ids": ["1450104654872842243"], "author_id": "824731957636390914"}, {"id": "1450103247604158471", "text": "RT @FVientosur: 'Rodolfo Mart\u00edn Villa  procesado', por Ram\u00f3n Contreras L\u00f3pez: https://t.co/vRVCdnYr5t", "created_at": "2021-10-18T14:15:30.000Z", "edit_history_tweet_ids": ["1450103247604158471"], "author_id": "1707338683"}, {"id": "1450099109147279360", "text": "Presentes:\n\nDirector del curso, el Gerente de Capacitaci\u00f3n y Proyectos, MSc. Sergio Bar\u00f3 y en representaci\u00f3n del COP, Ram\u00f3n Zotelo. \n\nPor la Municipalidad: el Sec. General Abogado, Richard L\u00f3pez; el Sec. de Cultura, Rusbel Villalba; el Sec. de Deportes, Ms. Rodi Ch\u00e1vez. https://t.co/wcUQouSVRg", "created_at": "2021-10-18T13:59:03.000Z", "edit_history_tweet_ids": ["1450099109147279360"], "author_id": "869778068"}, {"id": "1450097746858369026", "text": "RT @FVientosur: 'Rodolfo Mart\u00edn Villa  procesado', por Ram\u00f3n Contreras L\u00f3pez: https://t.co/vRVCdnYr5t", "created_at": "2021-10-18T13:53:39.000Z", "edit_history_tweet_ids": ["1450097746858369026"], "author_id": "787673400"}, {"id": "1450088929546280965", "text": "RT @IPerezTuesta: No s\u00e9 qu\u00e9 tanto l\u00edo por lo del nombre. Yo conozco uno que no se complicaba: en el carnet ten\u00eda 3 (Augusto Jos\u00e9 Ram\u00f3n), cu\u2026", "created_at": "2021-10-18T13:18:36.000Z", "edit_history_tweet_ids": ["1450088929546280965"], "author_id": "1021478394"}, {"id": "1450084166465462276", "text": "L\u00f3pez; Marvin, Mar\u00edn (Gila), Ram\u00f3n (Marvel), Miguel (Obrador); Blanco, Morante, Arribas (Bruno, por favor); Peter, Latasa, Aranda. A Ra\u00fal hay que exigirle mucho m\u00e1s.", "created_at": "2021-10-18T12:59:41.000Z", "edit_history_tweet_ids": ["1450084166465462276"], "author_id": "83135337"}, {"id": "1450076698116984832", "text": "A poetical celebration: Ram\u00f3n L\u00f3pez Velarde in English, third lecture out of 9 #today 18th October at 11h \ud83c\uddf2\ud83c\uddfd / 17h \ud83c\uddec\ud83c\udde7 via Zoom \ud83d\udc49\ud83c\udffd https://t.co/rh0HzmixXv. Here's a fragment of 'Vuelta', a #poem that expresses the return to Mixcoac, the #MexicoCity neighbourhood of his childhood\u270d\ud83c\udffb https://t.co/a9a7pyrC9k", "created_at": "2021-10-18T12:30:00.000Z", "edit_history_tweet_ids": ["1450076698116984832"], "author_id": "864445647704948736"}, {"id": "1450075785705005062", "text": "RT @IPerezTuesta: No s\u00e9 qu\u00e9 tanto l\u00edo por lo del nombre. Yo conozco uno que no se complicaba: en el carnet ten\u00eda 3 (Augusto Jos\u00e9 Ram\u00f3n), cu\u2026", "created_at": "2021-10-18T12:26:23.000Z", "edit_history_tweet_ids": ["1450075785705005062"], "author_id": "1286119649449578496"}, {"id": "1450069102823936002", "text": "@jpcbvm Eres el culpable del 18-O. T\u00fa y Ramon L\u00f3pez", "created_at": "2021-10-18T11:59:49.000Z", "edit_history_tweet_ids": ["1450069102823936002"], "author_id": "106176568"}, {"id": "1450066126952558598", "text": "'Rodolfo Mart\u00edn Villa  procesado', por Ram\u00f3n Contreras L\u00f3pez: https://t.co/vRVCdnYr5t", "created_at": "2021-10-18T11:48:00.000Z", "edit_history_tweet_ids": ["1450066126952558598"], "author_id": "104181411"}, {"id": "1450064715024158723", "text": "@Rherrera25 @a1varo_lopez Pedir perd\u00f3n es una concepci\u00f3n cat\u00f3lica menos amplia que \"sentir de coraz\u00f3n las perdidas, el sufrimiento y el dolor causado\". Adem\u00e1s de qu\u00e9 servir\u00eda si ya le estan llamando hipocrita en el PP...los buenos cristianos...\"Perdona y ser\u00e1s perdonado\" Ram\u00f3n.", "created_at": "2021-10-18T11:42:23.000Z", "edit_history_tweet_ids": ["1450064715024158723"], "author_id": "112243813"}, {"id": "1450057972747542529", "text": "RT @ArcosCiudad: \u26a0\ufe0fAviso de #EDistribuci\u00f3n:\nCorte de suministro el\u00e9ctrico por mantenimiento. \nMi\u00e9rcoles, 20 de octubre, de 7:30 a  9:00 h.\u2026", "created_at": "2021-10-18T11:15:36.000Z", "edit_history_tweet_ids": ["1450057972747542529"], "author_id": "857590507"}, {"id": "1450056701068070921", "text": "\u26a0\ufe0fAviso de #EDistribuci\u00f3n:\nCorte de suministro el\u00e9ctrico por mantenimiento. \nMi\u00e9rcoles, 20 de octubre, de 7:30 a  9:00 h. y de 13:00 a 16:00 h. \n\nAfecta a #J\u00e9dula: calles Olivo, Crist\u00f3bal Mayol\u00edn Romero, Encina, Ayllones, Camino Molinillo, Ram\u00f3n N\u00fa\u00f1ez Cort\u00e9s, Antonio L\u00f3pez Bueno.", "created_at": "2021-10-18T11:10:32.000Z", "edit_history_tweet_ids": ["1450056701068070921"], "author_id": "4155264495"}, {"id": "1450025028783939584", "text": "RT @A_VCarranza: Personal de la #TerritorialMorelos aplic\u00f3 pintura en muros de la Plaza Ram\u00f3n L\u00f3pez Velarde. \ud83c\udfa8 https://t.co/PQqeYsxiwr", "created_at": "2021-10-18T09:04:41.000Z", "edit_history_tweet_ids": ["1450025028783939584"], "author_id": "1012061940099833863"}, {"id": "1450020311378714627", "text": "Ngayon sa #TekaTeka kasama sina Se\u00f1or Rey Pacheco at Mon Ilagan: Sec. RAMON LOPEZ, Department of Trade and Industry. | LIVE https://t.co/HHOy7zaafm https://t.co/WSO2KEQXNH", "created_at": "2021-10-18T08:45:56.000Z", "edit_history_tweet_ids": ["1450020311378714627"], "author_id": "173533146"}, {"id": "1450014411779756032", "text": "RT @IPerezTuesta: No s\u00e9 qu\u00e9 tanto l\u00edo por lo del nombre. Yo conozco uno que no se complicaba: en el carnet ten\u00eda 3 (Augusto Jos\u00e9 Ram\u00f3n), cu\u2026", "created_at": "2021-10-18T08:22:30.000Z", "edit_history_tweet_ids": ["1450014411779756032"], "author_id": "3699167536"}, {"id": "1450002818828419073", "text": "Don\u2019t miss Department of Trade and Industry\u2019s Secretary Ramon M. Lopez as he opens the 10th year celebration of Design Week Philippines.\n\nLet us celebrate a decade of design connections by ushering in a new age of Philippine design. https://t.co/x964R1qNIU", "created_at": "2021-10-18T07:36:26.000Z", "edit_history_tweet_ids": ["1450002818828419073"], "author_id": "707724516873490433"}, {"id": "1450001200997273604", "text": "En los pa\u00edses donde hay \ud835\udc26\ud835\udc1a\ud835\udc32\ud835\udc28\ud835\udc2b \ud835\udc1e\ud835\udc2c\ud835\udc1c\ud835\udc1a\ud835\udc2c\ud835\udc1e\ud835\udc33 \ud835\udc1d\ud835\udc1e \ud835\udc1a\ud835\udc20\ud835\udc2e\ud835\udc1a,\ud83d\udca7 la \ud835\udc1d\ud835\udc1e\ud835\udc2c\ud835\udc1a\ud835\udc25\ud835\udc1a\ud835\udc1c\ud835\udc22\ud835\udc28\u0301\ud835\udc27 se plantea como la \ud835\udc26\ud835\udc1e\ud835\udc23\ud835\udc28\ud835\udc2b \ud835\udc1a\ud835\udc25\ud835\udc2d\ud835\udc1e\ud835\udc2b\ud835\udc27\ud835\udc1a\ud835\udc2d\ud835\udc22\ud835\udc2f\ud835\udc1a para \ud835\udc29\ud835\udc2b\ud835\udc28\ud835\udc1d\ud835\udc2e\ud835\udc1c\ud835\udc22\ud835\udc2b \ud835\udc1a\ud835\udc20\ud835\udc2e\ud835\udc1a \ud835\udc1d\ud835\udc1e \ud835\udc2e\ud835\udc2c\ud835\udc28 \ud835\udc1a\ud835\udc20\ud835\udc2b\ud835\udc22\u0301\ud835\udc1c\ud835\udc28\ud835\udc25\ud835\udc1a \ud835\udc32 \ud835\udc1d\ud835\udc28\ud835\udc26\u00e9\ud835\udc2c\ud835\udc2d\ud835\udc22\ud835\udc1c\ud835\udc28.\n| + info \ud83d\udc49 https://t.co/IKJUrN2ziW", "created_at": "2021-10-18T07:30:00.000Z", "edit_history_tweet_ids": ["1450001200997273604"], "author_id": "2166344294"}, {"id": "1449999299371147267", "text": "HOY LUNES 18 DE OCTUBRE \nABIERTOS 24 HORAS\n\u00a1\u00a1\u00a1\u00a1\u00a1GUARDIA!!!!\nMARINA RAMON MERO\u00d1O\nFARMACIA TORRE-PACHECO\nC/PEDRO LOPEZ ESQUINA VILLAESPERANZA\nTF:968577768 https://t.co/YBGHEpx37v", "created_at": "2021-10-18T07:22:27.000Z", "edit_history_tweet_ids": ["1449999299371147267"], "author_id": "1357993030725341184"}, {"id": "1449991988523241473", "text": "CHOQUE \ud83d\ude99\ud83d\udca5\ud83d\ude97 en Zapopan, Col. Jocotan, Ram\u00f3n Corona y L\u00f3pez Cotilla. Tome precauciones", "created_at": "2021-10-18T06:53:24.000Z", "edit_history_tweet_ids": ["1449991988523241473"], "author_id": "4501789032"}, {"id": "1449988550343147520", "text": "RT @A_VCarranza: Personal de la #TerritorialMorelos aplic\u00f3 pintura en muros de la Plaza Ram\u00f3n L\u00f3pez Velarde. \ud83c\udfa8 https://t.co/PQqeYsxiwr", "created_at": "2021-10-18T06:39:44.000Z", "edit_history_tweet_ids": ["1449988550343147520"], "author_id": "890688920874356737"}, {"id": "1449986393795559427", "text": "RT @aloMecha: Ram\u00f3n Jones hace un tiempo se fue a trabajar en el hip\u00f3dromo para Ricardo Benedicto, el llamado Zar del juego, y socio de L\u00f3p\u2026", "created_at": "2021-10-18T06:31:10.000Z", "edit_history_tweet_ids": ["1449986393795559427"], "author_id": "1233264558707527681"}, {"id": "1449957086977146880", "text": "@verorajel @ScuteMob @T13 Lo lee porque se lo escribi\u00f3 Manuel Riesco y Ram\u00f3n Lopez, ella nunca ha cachado nada de econom\u00eda, y de nada en realidad.", "created_at": "2021-10-18T04:34:43.000Z", "edit_history_tweet_ids": ["1449957086977146880"], "author_id": "1434955736908447748"}], "meta": {"newest_id": "1450261208993570818", "oldest_id": "1449957086977146880", "result_count": 100, "next_token": "b26v89c19zqg8o3fpds9tbkoeazlktcdqnu697dl008sd"}}