{"data": [{"edit_history_tweet_ids": ["1446627102002798593"], "text": "RT @JoseAntonioLo06: \u00bfAlguien sabe si Jos\u00e9 Ram\u00f3n L\u00f3pez Beltran @_30JR40_ el hijo de @lopezobrador_ env\u00eda remesas a M\u00e9xico o de aqu\u00ed se las\u2026", "author_id": "1231199263171870722", "id": "1446627102002798593", "created_at": "2021-10-09T00:02:32.000Z"}, {"edit_history_tweet_ids": ["1446626427407847427"], "text": "RT @JoseAntonioLo06: \u00bfAlguien sabe si Jos\u00e9 Ram\u00f3n L\u00f3pez Beltran @_30JR40_ el hijo de @lopezobrador_ env\u00eda remesas a M\u00e9xico o de aqu\u00ed se las\u2026", "author_id": "1248084252136214529", "id": "1446626427407847427", "created_at": "2021-10-08T23:59:51.000Z"}, {"edit_history_tweet_ids": ["1446626204656672768"], "text": "RT @JoseAntonioLo06: \u00bfAlguien sabe si Jos\u00e9 Ram\u00f3n L\u00f3pez Beltran @_30JR40_ el hijo de @lopezobrador_ env\u00eda remesas a M\u00e9xico o de aqu\u00ed se las\u2026", "author_id": "819635434825256960", "id": "1446626204656672768", "created_at": "2021-10-08T23:58:58.000Z"}, {"edit_history_tweet_ids": ["1446625582092111877"], "text": "RT @Discopolis3: Lleno total en la Sala Orive de C\u00f3rdoba para la presentaci\u00f3n de \"R\u00e1fagas\" de Paco Mart\u00edn. El acto fue ameno y simp\u00e1tico. E\u2026", "author_id": "190589403", "id": "1446625582092111877", "created_at": "2021-10-08T23:56:30.000Z"}, {"edit_history_tweet_ids": ["1446623913933512707"], "text": "RT @Desdeelparaiso2: Lectura recomendada. Hay que tener buena memoria hist\u00f3rica antes de \"juzgar\" y concluir que la sentencia de Julia Kele\u2026", "author_id": "987128541090385920", "id": "1446623913933512707", "created_at": "2021-10-08T23:49:52.000Z"}, {"edit_history_tweet_ids": ["1446623835168645122"], "text": "RT @JoseAntonioLo06: \u00bfAlguien sabe si Jos\u00e9 Ram\u00f3n L\u00f3pez Beltran @_30JR40_ el hijo de @lopezobrador_ env\u00eda remesas a M\u00e9xico o de aqu\u00ed se las\u2026", "author_id": "257727244", "id": "1446623835168645122", "created_at": "2021-10-08T23:49:33.000Z"}, {"edit_history_tweet_ids": ["1446623509082357764"], "text": "RT @NenesdeAntes: \ud83d\udce3 Ma\u00f1ana a las 12 hs por @fmlatribu se viene una nueva edici\u00f3n de NDA con Alan Ben\u00edtez @alanmbenitez, Ludmila Fernandez L\u2026", "author_id": "2196361302", "id": "1446623509082357764", "created_at": "2021-10-08T23:48:16.000Z"}, {"edit_history_tweet_ids": ["1446622777344200705"], "text": "RT @casadelpoetarlv: La Casa del Poeta \"Ram\u00f3n L\u00f3pez Velarde\", en el marco del Centenario Luctuoso del poeta, invita al Taller gratuito de L\u2026", "author_id": "616864082", "id": "1446622777344200705", "created_at": "2021-10-08T23:45:21.000Z"}, {"edit_history_tweet_ids": ["1446622749770854403"], "text": "\ud83d\udce3 Ma\u00f1ana a las 12 hs por @fmlatribu se viene una nueva edici\u00f3n de NDA con Alan Ben\u00edtez @alanmbenitez, Ludmila Fernandez Lopez @Ludmila_FL y Pablo Ram\u00f3n @pabloraymon https://t.co/NDRHQOyAOp", "author_id": "422789491", "id": "1446622749770854403", "created_at": "2021-10-08T23:45:15.000Z"}, {"edit_history_tweet_ids": ["1446622591914024962"], "text": "RT @JoseAntonioLo06: \u00bfAlguien sabe si Jos\u00e9 Ram\u00f3n L\u00f3pez Beltran @_30JR40_ el hijo de @lopezobrador_ env\u00eda remesas a M\u00e9xico o de aqu\u00ed se las\u2026", "author_id": "980433562338918401", "id": "1446622591914024962", "created_at": "2021-10-08T23:44:37.000Z"}, {"edit_history_tweet_ids": ["1446621765115908097"], "text": "RT @JoseAntonioLo06: \u00bfAlguien sabe si Jos\u00e9 Ram\u00f3n L\u00f3pez Beltran @_30JR40_ el hijo de @lopezobrador_ env\u00eda remesas a M\u00e9xico o de aqu\u00ed se las\u2026", "author_id": "813642176", "id": "1446621765115908097", "created_at": "2021-10-08T23:41:20.000Z"}, {"edit_history_tweet_ids": ["1446620377908658177"], "text": "Lleno total en la Sala Orive de C\u00f3rdoba para la presentaci\u00f3n de \"R\u00e1fagas\" de Paco Mart\u00edn. El acto fue ameno y simp\u00e1tico. En la mesa: Ram\u00f3n Medina, Santiago Alcanda, Jos\u00e9 Miguel L\u00f3pez, Paco Mart\u00edn, Ricardo Teixido y Javier Astudillo. Ameniz\u00f3 la velada Jes\u00fas Astorga (Religi\u00f3n) https://t.co/zt5h6ma2bK", "author_id": "232545443", "id": "1446620377908658177", "created_at": "2021-10-08T23:35:49.000Z"}, {"edit_history_tweet_ids": ["1446620255594418180"], "text": "RT @JoseAntonioLo06: \u00bfAlguien sabe si Jos\u00e9 Ram\u00f3n L\u00f3pez Beltran @_30JR40_ el hijo de @lopezobrador_ env\u00eda remesas a M\u00e9xico o de aqu\u00ed se las\u2026", "author_id": "1076532103532158983", "id": "1446620255594418180", "created_at": "2021-10-08T23:35:20.000Z"}, {"edit_history_tweet_ids": ["1446618457802412032"], "text": "RT @Desdeelparaiso2: Lectura recomendada. Hay que tener buena memoria hist\u00f3rica antes de \"juzgar\" y concluir que la sentencia de Julia Kele\u2026", "author_id": "64364687", "id": "1446618457802412032", "created_at": "2021-10-08T23:28:11.000Z"}], "meta": {"newest_id": "1446627102002798593", "oldest_id": "1446618457802412032", "result_count": 14, "next_token": "b26v89c19zqg8o3fpds8jobh2yvb0vmtflrf9igachx8d"}}