{"data": [{"author_id": "57806552", "text": "RT @IPerezTuesta: No s\u00e9 qu\u00e9 tanto l\u00edo por lo del nombre. Yo conozco uno que no se complicaba: en el carnet ten\u00eda 3 (Augusto Jos\u00e9 Ram\u00f3n), cu\u2026", "edit_history_tweet_ids": ["1449357736450396160"], "created_at": "2021-10-16T12:53:06.000Z", "id": "1449357736450396160"}, {"author_id": "147262909", "text": "RT @IPerezTuesta: No s\u00e9 qu\u00e9 tanto l\u00edo por lo del nombre. Yo conozco uno que no se complicaba: en el carnet ten\u00eda 3 (Augusto Jos\u00e9 Ram\u00f3n), cu\u2026", "edit_history_tweet_ids": ["1449356607830118401"], "created_at": "2021-10-16T12:48:37.000Z", "id": "1449356607830118401"}, {"author_id": "77309410", "text": "RT @IPerezTuesta: No s\u00e9 qu\u00e9 tanto l\u00edo por lo del nombre. Yo conozco uno que no se complicaba: en el carnet ten\u00eda 3 (Augusto Jos\u00e9 Ram\u00f3n), cu\u2026", "edit_history_tweet_ids": ["1449356178761207810"], "created_at": "2021-10-16T12:46:55.000Z", "id": "1449356178761207810"}, {"author_id": "325729559", "text": "RT @IPerezTuesta: No s\u00e9 qu\u00e9 tanto l\u00edo por lo del nombre. Yo conozco uno que no se complicaba: en el carnet ten\u00eda 3 (Augusto Jos\u00e9 Ram\u00f3n), cu\u2026", "edit_history_tweet_ids": ["1449356000746557441"], "created_at": "2021-10-16T12:46:12.000Z", "id": "1449356000746557441"}, {"author_id": "418275034", "text": "RT @IPerezTuesta: No s\u00e9 qu\u00e9 tanto l\u00edo por lo del nombre. Yo conozco uno que no se complicaba: en el carnet ten\u00eda 3 (Augusto Jos\u00e9 Ram\u00f3n), cu\u2026", "edit_history_tweet_ids": ["1449355970543501315"], "created_at": "2021-10-16T12:46:05.000Z", "id": "1449355970543501315"}, {"author_id": "962864358", "text": "RT @IPerezTuesta: No s\u00e9 qu\u00e9 tanto l\u00edo por lo del nombre. Yo conozco uno que no se complicaba: en el carnet ten\u00eda 3 (Augusto Jos\u00e9 Ram\u00f3n), cu\u2026", "edit_history_tweet_ids": ["1449355934862508034"], "created_at": "2021-10-16T12:45:57.000Z", "id": "1449355934862508034"}, {"author_id": "378288279", "text": "RT @IPerezTuesta: No s\u00e9 qu\u00e9 tanto l\u00edo por lo del nombre. Yo conozco uno que no se complicaba: en el carnet ten\u00eda 3 (Augusto Jos\u00e9 Ram\u00f3n), cu\u2026", "edit_history_tweet_ids": ["1449355610969964549"], "created_at": "2021-10-16T12:44:40.000Z", "id": "1449355610969964549"}, {"author_id": "469611037", "text": "RT @IPerezTuesta: No s\u00e9 qu\u00e9 tanto l\u00edo por lo del nombre. Yo conozco uno que no se complicaba: en el carnet ten\u00eda 3 (Augusto Jos\u00e9 Ram\u00f3n), cu\u2026", "edit_history_tweet_ids": ["1449355533459337218"], "created_at": "2021-10-16T12:44:21.000Z", "id": "1449355533459337218"}, {"author_id": "591573517", "text": "RT @meganoticiascl: #Boric toma distancia de exasesor econ\u00f3mico de #Jadue: \"No es parte de mi comando y no es cercano a mi candidatura\" htt\u2026", "edit_history_tweet_ids": ["1449355508943495175"], "created_at": "2021-10-16T12:44:15.000Z", "id": "1449355508943495175"}, {"author_id": "1280212624458874881", "text": "RT @IPerezTuesta: No s\u00e9 qu\u00e9 tanto l\u00edo por lo del nombre. Yo conozco uno que no se complicaba: en el carnet ten\u00eda 3 (Augusto Jos\u00e9 Ram\u00f3n), cu\u2026", "edit_history_tweet_ids": ["1449355136388583429"], "created_at": "2021-10-16T12:42:46.000Z", "id": "1449355136388583429"}, {"author_id": "386703244", "text": "RT @SecDef: On this final day of #HispanicHeritageMonth , I'd like to recognize our very own Senior Enlisted Advisor to the Chairman (SEAC)\u2026", "edit_history_tweet_ids": ["1449355081439088645"], "created_at": "2021-10-16T12:42:33.000Z", "id": "1449355081439088645"}, {"author_id": "1283368639740207104", "text": "RT @IPerezTuesta: No s\u00e9 qu\u00e9 tanto l\u00edo por lo del nombre. Yo conozco uno que no se complicaba: en el carnet ten\u00eda 3 (Augusto Jos\u00e9 Ram\u00f3n), cu\u2026", "edit_history_tweet_ids": ["1449355078293331979"], "created_at": "2021-10-16T12:42:33.000Z", "id": "1449355078293331979"}, {"author_id": "1305271196729180160", "text": "RT @SecDef: On this final day of #HispanicHeritageMonth , I'd like to recognize our very own Senior Enlisted Advisor to the Chairman (SEAC)\u2026", "edit_history_tweet_ids": ["1449354724445147138"], "created_at": "2021-10-16T12:41:08.000Z", "id": "1449354724445147138"}, {"author_id": "358155533", "text": "RT @IPerezTuesta: No s\u00e9 qu\u00e9 tanto l\u00edo por lo del nombre. Yo conozco uno que no se complicaba: en el carnet ten\u00eda 3 (Augusto Jos\u00e9 Ram\u00f3n), cu\u2026", "edit_history_tweet_ids": ["1449354505330442247"], "created_at": "2021-10-16T12:40:16.000Z", "id": "1449354505330442247"}, {"author_id": "1392476622780080136", "text": "RT @IPerezTuesta: No s\u00e9 qu\u00e9 tanto l\u00edo por lo del nombre. Yo conozco uno que no se complicaba: en el carnet ten\u00eda 3 (Augusto Jos\u00e9 Ram\u00f3n), cu\u2026", "edit_history_tweet_ids": ["1449354246256689152"], "created_at": "2021-10-16T12:39:14.000Z", "id": "1449354246256689152"}, {"author_id": "1232690256", "text": "RT @IPerezTuesta: No s\u00e9 qu\u00e9 tanto l\u00edo por lo del nombre. Yo conozco uno que no se complicaba: en el carnet ten\u00eda 3 (Augusto Jos\u00e9 Ram\u00f3n), cu\u2026", "edit_history_tweet_ids": ["1449354031197982720"], "created_at": "2021-10-16T12:38:23.000Z", "id": "1449354031197982720"}, {"author_id": "1368250074539687939", "text": "RT @IPerezTuesta: No s\u00e9 qu\u00e9 tanto l\u00edo por lo del nombre. Yo conozco uno que no se complicaba: en el carnet ten\u00eda 3 (Augusto Jos\u00e9 Ram\u00f3n), cu\u2026", "edit_history_tweet_ids": ["1449353959207022592"], "created_at": "2021-10-16T12:38:06.000Z", "id": "1449353959207022592"}, {"author_id": "1232111230594228224", "text": "RT @IPerezTuesta: No s\u00e9 qu\u00e9 tanto l\u00edo por lo del nombre. Yo conozco uno que no se complicaba: en el carnet ten\u00eda 3 (Augusto Jos\u00e9 Ram\u00f3n), cu\u2026", "edit_history_tweet_ids": ["1449353539659046912"], "created_at": "2021-10-16T12:36:26.000Z", "id": "1449353539659046912"}, {"author_id": "349463746", "text": "RT @IPerezTuesta: No s\u00e9 qu\u00e9 tanto l\u00edo por lo del nombre. Yo conozco uno que no se complicaba: en el carnet ten\u00eda 3 (Augusto Jos\u00e9 Ram\u00f3n), cu\u2026", "edit_history_tweet_ids": ["1449352618569084932"], "created_at": "2021-10-16T12:32:46.000Z", "id": "1449352618569084932"}, {"author_id": "118813445", "text": "RT @IPerezTuesta: No s\u00e9 qu\u00e9 tanto l\u00edo por lo del nombre. Yo conozco uno que no se complicaba: en el carnet ten\u00eda 3 (Augusto Jos\u00e9 Ram\u00f3n), cu\u2026", "edit_history_tweet_ids": ["1449352516643155970"], "created_at": "2021-10-16T12:32:22.000Z", "id": "1449352516643155970"}, {"author_id": "957811532", "text": "RT @wallanderviking: Carlos Lesmes, Enrique Lopez, Concepci\u00f3n Espejel,\u00a0Manuel Garc\u00eda Castell\u00f3n, Juli\u00e1n S\u00e1nchez Melgar, Juan Ram\u00f3n Berdugo,\u2026", "edit_history_tweet_ids": ["1449352222739939332"], "created_at": "2021-10-16T12:31:12.000Z", "id": "1449352222739939332"}, {"author_id": "975063780", "text": "RT @IPerezTuesta: No s\u00e9 qu\u00e9 tanto l\u00edo por lo del nombre. Yo conozco uno que no se complicaba: en el carnet ten\u00eda 3 (Augusto Jos\u00e9 Ram\u00f3n), cu\u2026", "edit_history_tweet_ids": ["1449352131886997510"], "created_at": "2021-10-16T12:30:50.000Z", "id": "1449352131886997510"}, {"author_id": "211886800", "text": "RT @IPerezTuesta: No s\u00e9 qu\u00e9 tanto l\u00edo por lo del nombre. Yo conozco uno que no se complicaba: en el carnet ten\u00eda 3 (Augusto Jos\u00e9 Ram\u00f3n), cu\u2026", "edit_history_tweet_ids": ["1449351886985830406"], "created_at": "2021-10-16T12:29:52.000Z", "id": "1449351886985830406"}, {"author_id": "520017327", "text": "RT @IPerezTuesta: No s\u00e9 qu\u00e9 tanto l\u00edo por lo del nombre. Yo conozco uno que no se complicaba: en el carnet ten\u00eda 3 (Augusto Jos\u00e9 Ram\u00f3n), cu\u2026", "edit_history_tweet_ids": ["1449351862235316224"], "created_at": "2021-10-16T12:29:46.000Z", "id": "1449351862235316224"}, {"author_id": "1197565097020928001", "text": "RT @IPerezTuesta: No s\u00e9 qu\u00e9 tanto l\u00edo por lo del nombre. Yo conozco uno que no se complicaba: en el carnet ten\u00eda 3 (Augusto Jos\u00e9 Ram\u00f3n), cu\u2026", "edit_history_tweet_ids": ["1449351290375471107"], "created_at": "2021-10-16T12:27:29.000Z", "id": "1449351290375471107"}, {"author_id": "559112484", "text": "RT @IPerezTuesta: No s\u00e9 qu\u00e9 tanto l\u00edo por lo del nombre. Yo conozco uno que no se complicaba: en el carnet ten\u00eda 3 (Augusto Jos\u00e9 Ram\u00f3n), cu\u2026", "edit_history_tweet_ids": ["1449350566585376780"], "created_at": "2021-10-16T12:24:37.000Z", "id": "1449350566585376780"}, {"author_id": "351898789", "text": "RT @EconomistaFlait: El chanter\u00edo intelectual de Ram\u00f3n L\u00f3pez y Manuel Riesco es pa la cag\u00e1. Comparan lo q est\u00e1 haciendo Marcel al subir las\u2026", "edit_history_tweet_ids": ["1449350138766315520"], "created_at": "2021-10-16T12:22:55.000Z", "id": "1449350138766315520"}, {"author_id": "213023965", "text": "RT @IPerezTuesta: No s\u00e9 qu\u00e9 tanto l\u00edo por lo del nombre. Yo conozco uno que no se complicaba: en el carnet ten\u00eda 3 (Augusto Jos\u00e9 Ram\u00f3n), cu\u2026", "edit_history_tweet_ids": ["1449350091731574789"], "created_at": "2021-10-16T12:22:44.000Z", "id": "1449350091731574789"}, {"author_id": "1056899111427956736", "text": "RT @RedSpmn: ENORME B\u00d3LIDO #SPMN151021C SOBRE CANARIAS, registrado anoche desde Playa Blanca, #Lanzarote a las 20h16m22s TU (21h16m hora Ca\u2026", "edit_history_tweet_ids": ["1449350049520046083"], "created_at": "2021-10-16T12:22:34.000Z", "id": "1449350049520046083"}, {"author_id": "25073073", "text": "RT @IPerezTuesta: No s\u00e9 qu\u00e9 tanto l\u00edo por lo del nombre. Yo conozco uno que no se complicaba: en el carnet ten\u00eda 3 (Augusto Jos\u00e9 Ram\u00f3n), cu\u2026", "edit_history_tweet_ids": ["1449349220717273099"], "created_at": "2021-10-16T12:19:16.000Z", "id": "1449349220717273099"}, {"author_id": "104024701", "text": "RT @IPerezTuesta: No s\u00e9 qu\u00e9 tanto l\u00edo por lo del nombre. Yo conozco uno que no se complicaba: en el carnet ten\u00eda 3 (Augusto Jos\u00e9 Ram\u00f3n), cu\u2026", "edit_history_tweet_ids": ["1449349155067813889"], "created_at": "2021-10-16T12:19:00.000Z", "id": "1449349155067813889"}, {"author_id": "443302295", "text": "RT @IPerezTuesta: No s\u00e9 qu\u00e9 tanto l\u00edo por lo del nombre. Yo conozco uno que no se complicaba: en el carnet ten\u00eda 3 (Augusto Jos\u00e9 Ram\u00f3n), cu\u2026", "edit_history_tweet_ids": ["1449348959378366468"], "created_at": "2021-10-16T12:18:14.000Z", "id": "1449348959378366468"}, {"author_id": "59872846", "text": "RT @SecDef: On this final day of #HispanicHeritageMonth , I'd like to recognize our very own Senior Enlisted Advisor to the Chairman (SEAC)\u2026", "edit_history_tweet_ids": ["1449348519068897282"], "created_at": "2021-10-16T12:16:29.000Z", "id": "1449348519068897282"}, {"author_id": "62906384", "text": "RT @IPerezTuesta: No s\u00e9 qu\u00e9 tanto l\u00edo por lo del nombre. Yo conozco uno que no se complicaba: en el carnet ten\u00eda 3 (Augusto Jos\u00e9 Ram\u00f3n), cu\u2026", "edit_history_tweet_ids": ["1449348515402956800"], "created_at": "2021-10-16T12:16:28.000Z", "id": "1449348515402956800"}, {"author_id": "83592774", "text": "RT @IPerezTuesta: No s\u00e9 qu\u00e9 tanto l\u00edo por lo del nombre. Yo conozco uno que no se complicaba: en el carnet ten\u00eda 3 (Augusto Jos\u00e9 Ram\u00f3n), cu\u2026", "edit_history_tweet_ids": ["1449348366249328640"], "created_at": "2021-10-16T12:15:52.000Z", "id": "1449348366249328640"}, {"author_id": "1187054940969230337", "text": "RT @IPerezTuesta: No s\u00e9 qu\u00e9 tanto l\u00edo por lo del nombre. Yo conozco uno que no se complicaba: en el carnet ten\u00eda 3 (Augusto Jos\u00e9 Ram\u00f3n), cu\u2026", "edit_history_tweet_ids": ["1449348313870782466"], "created_at": "2021-10-16T12:15:40.000Z", "id": "1449348313870782466"}, {"author_id": "1324783512348741632", "text": "RT @IPerezTuesta: No s\u00e9 qu\u00e9 tanto l\u00edo por lo del nombre. Yo conozco uno que no se complicaba: en el carnet ten\u00eda 3 (Augusto Jos\u00e9 Ram\u00f3n), cu\u2026", "edit_history_tweet_ids": ["1449347922454216713"], "created_at": "2021-10-16T12:14:06.000Z", "id": "1449347922454216713"}, {"author_id": "130174069", "text": "RT @RedSpmn: ENORME B\u00d3LIDO #SPMN151021C SOBRE CANARIAS, registrado anoche desde Playa Blanca, #Lanzarote a las 20h16m22s TU (21h16m hora Ca\u2026", "edit_history_tweet_ids": ["1449347210248966145"], "created_at": "2021-10-16T12:11:17.000Z", "id": "1449347210248966145"}, {"author_id": "1151542546369265664", "text": "RT @IPerezTuesta: No s\u00e9 qu\u00e9 tanto l\u00edo por lo del nombre. Yo conozco uno que no se complicaba: en el carnet ten\u00eda 3 (Augusto Jos\u00e9 Ram\u00f3n), cu\u2026", "edit_history_tweet_ids": ["1449347073875214338"], "created_at": "2021-10-16T12:10:44.000Z", "id": "1449347073875214338"}, {"author_id": "1596920041", "text": "RT @IPerezTuesta: No s\u00e9 qu\u00e9 tanto l\u00edo por lo del nombre. Yo conozco uno que no se complicaba: en el carnet ten\u00eda 3 (Augusto Jos\u00e9 Ram\u00f3n), cu\u2026", "edit_history_tweet_ids": ["1449347030296383493"], "created_at": "2021-10-16T12:10:34.000Z", "id": "1449347030296383493"}, {"author_id": "2201391518", "text": "RT @IPerezTuesta: No s\u00e9 qu\u00e9 tanto l\u00edo por lo del nombre. Yo conozco uno que no se complicaba: en el carnet ten\u00eda 3 (Augusto Jos\u00e9 Ram\u00f3n), cu\u2026", "edit_history_tweet_ids": ["1449346989586468866"], "created_at": "2021-10-16T12:10:24.000Z", "id": "1449346989586468866"}, {"author_id": "59544104", "text": "RT @IPerezTuesta: No s\u00e9 qu\u00e9 tanto l\u00edo por lo del nombre. Yo conozco uno que no se complicaba: en el carnet ten\u00eda 3 (Augusto Jos\u00e9 Ram\u00f3n), cu\u2026", "edit_history_tweet_ids": ["1449346371232808965"], "created_at": "2021-10-16T12:07:57.000Z", "id": "1449346371232808965"}, {"author_id": "101940623", "text": "RT @IPerezTuesta: No s\u00e9 qu\u00e9 tanto l\u00edo por lo del nombre. Yo conozco uno que no se complicaba: en el carnet ten\u00eda 3 (Augusto Jos\u00e9 Ram\u00f3n), cu\u2026", "edit_history_tweet_ids": ["1449345842851168257"], "created_at": "2021-10-16T12:05:51.000Z", "id": "1449345842851168257"}, {"author_id": "2786249543", "text": "RT @IPerezTuesta: No s\u00e9 qu\u00e9 tanto l\u00edo por lo del nombre. Yo conozco uno que no se complicaba: en el carnet ten\u00eda 3 (Augusto Jos\u00e9 Ram\u00f3n), cu\u2026", "edit_history_tweet_ids": ["1449345605747228675"], "created_at": "2021-10-16T12:04:54.000Z", "id": "1449345605747228675"}, {"author_id": "150113865", "text": "RT @IPerezTuesta: No s\u00e9 qu\u00e9 tanto l\u00edo por lo del nombre. Yo conozco uno que no se complicaba: en el carnet ten\u00eda 3 (Augusto Jos\u00e9 Ram\u00f3n), cu\u2026", "edit_history_tweet_ids": ["1449345547907723266"], "created_at": "2021-10-16T12:04:40.000Z", "id": "1449345547907723266"}, {"author_id": "92173560", "text": "RT @IPerezTuesta: No s\u00e9 qu\u00e9 tanto l\u00edo por lo del nombre. Yo conozco uno que no se complicaba: en el carnet ten\u00eda 3 (Augusto Jos\u00e9 Ram\u00f3n), cu\u2026", "edit_history_tweet_ids": ["1449345093702275086"], "created_at": "2021-10-16T12:02:52.000Z", "id": "1449345093702275086"}, {"author_id": "1126338219400933376", "text": "RT @IPerezTuesta: No s\u00e9 qu\u00e9 tanto l\u00edo por lo del nombre. Yo conozco uno que no se complicaba: en el carnet ten\u00eda 3 (Augusto Jos\u00e9 Ram\u00f3n), cu\u2026", "edit_history_tweet_ids": ["1449344993374744577"], "created_at": "2021-10-16T12:02:28.000Z", "id": "1449344993374744577"}, {"author_id": "1352146159805079554", "text": "RT @SecDef: On this final day of #HispanicHeritageMonth , I'd like to recognize our very own Senior Enlisted Advisor to the Chairman (SEAC)\u2026", "edit_history_tweet_ids": ["1449344974420643841"], "created_at": "2021-10-16T12:02:24.000Z", "id": "1449344974420643841"}, {"author_id": "1691997499", "text": "RT @IPerezTuesta: No s\u00e9 qu\u00e9 tanto l\u00edo por lo del nombre. Yo conozco uno que no se complicaba: en el carnet ten\u00eda 3 (Augusto Jos\u00e9 Ram\u00f3n), cu\u2026", "edit_history_tweet_ids": ["1449343880193708032"], "created_at": "2021-10-16T11:58:03.000Z", "id": "1449343880193708032"}, {"author_id": "91600775", "text": "@meganoticiascl La verdad es que en eso Boric tiene raz\u00f3n, Ram\u00f3n Lopez no es m\u00e1s que otro Vuzkovic, un econ\u00f3mista que dej\u00f3 de creer que hay partes de aquella que son una ciencia, pero \u00e9l prefiere dejarse arrastrar por su ideologia y si es necesario mentir para ello, lo hace.", "edit_history_tweet_ids": ["1449343707904311307"], "created_at": "2021-10-16T11:57:22.000Z", "id": "1449343707904311307"}, {"author_id": "2736873131", "text": "RT @meganoticiascl: #Boric toma distancia de exasesor econ\u00f3mico de #Jadue: \"No es parte de mi comando y no es cercano a mi candidatura\" htt\u2026", "edit_history_tweet_ids": ["1449343223726362628"], "created_at": "2021-10-16T11:55:26.000Z", "id": "1449343223726362628"}, {"author_id": "135624184", "text": "RT @IPerezTuesta: No s\u00e9 qu\u00e9 tanto l\u00edo por lo del nombre. Yo conozco uno que no se complicaba: en el carnet ten\u00eda 3 (Augusto Jos\u00e9 Ram\u00f3n), cu\u2026", "edit_history_tweet_ids": ["1449342944389988352"], "created_at": "2021-10-16T11:54:20.000Z", "id": "1449342944389988352"}, {"author_id": "386588944", "text": "RT @IPerezTuesta: No s\u00e9 qu\u00e9 tanto l\u00edo por lo del nombre. Yo conozco uno que no se complicaba: en el carnet ten\u00eda 3 (Augusto Jos\u00e9 Ram\u00f3n), cu\u2026", "edit_history_tweet_ids": ["1449341513977135106"], "created_at": "2021-10-16T11:48:39.000Z", "id": "1449341513977135106"}, {"author_id": "1030895929413517312", "text": "RT @IPerezTuesta: No s\u00e9 qu\u00e9 tanto l\u00edo por lo del nombre. Yo conozco uno que no se complicaba: en el carnet ten\u00eda 3 (Augusto Jos\u00e9 Ram\u00f3n), cu\u2026", "edit_history_tweet_ids": ["1449340912610549762"], "created_at": "2021-10-16T11:46:15.000Z", "id": "1449340912610549762"}, {"author_id": "231914219", "text": "RT @EconomistaFlait: El chanter\u00edo intelectual de Ram\u00f3n L\u00f3pez y Manuel Riesco es pa la cag\u00e1. Comparan lo q est\u00e1 haciendo Marcel al subir las\u2026", "edit_history_tweet_ids": ["1449340798923771908"], "created_at": "2021-10-16T11:45:48.000Z", "id": "1449340798923771908"}, {"author_id": "132308189", "text": "RT @IPerezTuesta: No s\u00e9 qu\u00e9 tanto l\u00edo por lo del nombre. Yo conozco uno que no se complicaba: en el carnet ten\u00eda 3 (Augusto Jos\u00e9 Ram\u00f3n), cu\u2026", "edit_history_tweet_ids": ["1449340475459047425"], "created_at": "2021-10-16T11:44:31.000Z", "id": "1449340475459047425"}, {"author_id": "151938801", "text": "RT @rparedesselaive: Ram\u00f3n L\u00f3pez desnudo en plaza Baquedano meg\u00e1fono en mano gritando contra el BC", "edit_history_tweet_ids": ["1449339963888193544"], "created_at": "2021-10-16T11:42:29.000Z", "id": "1449339963888193544"}, {"author_id": "1025125663", "text": "@GonzalonLine @antoniodechile @carloshuneeus Amigo  borra eso. Alumno de Ram\u00f3n Lopez?", "edit_history_tweet_ids": ["1449338942122168321"], "created_at": "2021-10-16T11:38:25.000Z", "id": "1449338942122168321"}, {"author_id": "1357746894190112769", "text": "RT @EconomistaFlait: El chanter\u00edo intelectual de Ram\u00f3n L\u00f3pez y Manuel Riesco es pa la cag\u00e1. Comparan lo q est\u00e1 haciendo Marcel al subir las\u2026", "edit_history_tweet_ids": ["1449338460435730433"], "created_at": "2021-10-16T11:36:31.000Z", "id": "1449338460435730433"}, {"author_id": "1326473179943071744", "text": "RT @IPerezTuesta: No s\u00e9 qu\u00e9 tanto l\u00edo por lo del nombre. Yo conozco uno que no se complicaba: en el carnet ten\u00eda 3 (Augusto Jos\u00e9 Ram\u00f3n), cu\u2026", "edit_history_tweet_ids": ["1449338396686667778"], "created_at": "2021-10-16T11:36:15.000Z", "id": "1449338396686667778"}, {"author_id": "1379878896980656128", "text": "RT @IPerezTuesta: No s\u00e9 qu\u00e9 tanto l\u00edo por lo del nombre. Yo conozco uno que no se complicaba: en el carnet ten\u00eda 3 (Augusto Jos\u00e9 Ram\u00f3n), cu\u2026", "edit_history_tweet_ids": ["1449337822364712963"], "created_at": "2021-10-16T11:33:58.000Z", "id": "1449337822364712963"}, {"author_id": "907070141804040192", "text": "RT @IPerezTuesta: No s\u00e9 qu\u00e9 tanto l\u00edo por lo del nombre. Yo conozco uno que no se complicaba: en el carnet ten\u00eda 3 (Augusto Jos\u00e9 Ram\u00f3n), cu\u2026", "edit_history_tweet_ids": ["1449337256884391938"], "created_at": "2021-10-16T11:31:44.000Z", "id": "1449337256884391938"}, {"author_id": "1312555344938315778", "text": "RT @IPerezTuesta: No s\u00e9 qu\u00e9 tanto l\u00edo por lo del nombre. Yo conozco uno que no se complicaba: en el carnet ten\u00eda 3 (Augusto Jos\u00e9 Ram\u00f3n), cu\u2026", "edit_history_tweet_ids": ["1449337193013469188"], "created_at": "2021-10-16T11:31:28.000Z", "id": "1449337193013469188"}, {"author_id": "773004143447400448", "text": "RT @IPerezTuesta: No s\u00e9 qu\u00e9 tanto l\u00edo por lo del nombre. Yo conozco uno que no se complicaba: en el carnet ten\u00eda 3 (Augusto Jos\u00e9 Ram\u00f3n), cu\u2026", "edit_history_tweet_ids": ["1449336536491823106"], "created_at": "2021-10-16T11:28:52.000Z", "id": "1449336536491823106"}, {"author_id": "1371946932977987584", "text": "RT @IPerezTuesta: No s\u00e9 qu\u00e9 tanto l\u00edo por lo del nombre. Yo conozco uno que no se complicaba: en el carnet ten\u00eda 3 (Augusto Jos\u00e9 Ram\u00f3n), cu\u2026", "edit_history_tweet_ids": ["1449336513561391109"], "created_at": "2021-10-16T11:28:46.000Z", "id": "1449336513561391109"}, {"author_id": "1210054643067305986", "text": "RT @IPerezTuesta: No s\u00e9 qu\u00e9 tanto l\u00edo por lo del nombre. Yo conozco uno que no se complicaba: en el carnet ten\u00eda 3 (Augusto Jos\u00e9 Ram\u00f3n), cu\u2026", "edit_history_tweet_ids": ["1449336499158196224"], "created_at": "2021-10-16T11:28:43.000Z", "id": "1449336499158196224"}, {"author_id": "1191760545717903363", "text": "RT @IPerezTuesta: No s\u00e9 qu\u00e9 tanto l\u00edo por lo del nombre. Yo conozco uno que no se complicaba: en el carnet ten\u00eda 3 (Augusto Jos\u00e9 Ram\u00f3n), cu\u2026", "edit_history_tweet_ids": ["1449336120890773506"], "created_at": "2021-10-16T11:27:13.000Z", "id": "1449336120890773506"}, {"author_id": "168179790", "text": "RT @IPerezTuesta: No s\u00e9 qu\u00e9 tanto l\u00edo por lo del nombre. Yo conozco uno que no se complicaba: en el carnet ten\u00eda 3 (Augusto Jos\u00e9 Ram\u00f3n), cu\u2026", "edit_history_tweet_ids": ["1449334879338909697"], "created_at": "2021-10-16T11:22:17.000Z", "id": "1449334879338909697"}, {"author_id": "812087695879143424", "text": "RT @IPerezTuesta: No s\u00e9 qu\u00e9 tanto l\u00edo por lo del nombre. Yo conozco uno que no se complicaba: en el carnet ten\u00eda 3 (Augusto Jos\u00e9 Ram\u00f3n), cu\u2026", "edit_history_tweet_ids": ["1449334179926212608"], "created_at": "2021-10-16T11:19:30.000Z", "id": "1449334179926212608"}, {"author_id": "1005158591890886658", "text": "RT @IPerezTuesta: No s\u00e9 qu\u00e9 tanto l\u00edo por lo del nombre. Yo conozco uno que no se complicaba: en el carnet ten\u00eda 3 (Augusto Jos\u00e9 Ram\u00f3n), cu\u2026", "edit_history_tweet_ids": ["1449333219430522881"], "created_at": "2021-10-16T11:15:41.000Z", "id": "1449333219430522881"}, {"author_id": "2880305571", "text": "RT @IPerezTuesta: No s\u00e9 qu\u00e9 tanto l\u00edo por lo del nombre. Yo conozco uno que no se complicaba: en el carnet ten\u00eda 3 (Augusto Jos\u00e9 Ram\u00f3n), cu\u2026", "edit_history_tweet_ids": ["1449332658811535366"], "created_at": "2021-10-16T11:13:27.000Z", "id": "1449332658811535366"}, {"author_id": "193153540", "text": "RT @IPerezTuesta: No s\u00e9 qu\u00e9 tanto l\u00edo por lo del nombre. Yo conozco uno que no se complicaba: en el carnet ten\u00eda 3 (Augusto Jos\u00e9 Ram\u00f3n), cu\u2026", "edit_history_tweet_ids": ["1449332633687650304"], "created_at": "2021-10-16T11:13:21.000Z", "id": "1449332633687650304"}, {"author_id": "2563115013", "text": "RT @IPerezTuesta: No s\u00e9 qu\u00e9 tanto l\u00edo por lo del nombre. Yo conozco uno que no se complicaba: en el carnet ten\u00eda 3 (Augusto Jos\u00e9 Ram\u00f3n), cu\u2026", "edit_history_tweet_ids": ["1449331865949818880"], "created_at": "2021-10-16T11:10:18.000Z", "id": "1449331865949818880"}, {"author_id": "87488909", "text": "RT @IPerezTuesta: No s\u00e9 qu\u00e9 tanto l\u00edo por lo del nombre. Yo conozco uno que no se complicaba: en el carnet ten\u00eda 3 (Augusto Jos\u00e9 Ram\u00f3n), cu\u2026", "edit_history_tweet_ids": ["1449331660827160580"], "created_at": "2021-10-16T11:09:29.000Z", "id": "1449331660827160580"}, {"author_id": "1080515173", "text": "RT @IPerezTuesta: No s\u00e9 qu\u00e9 tanto l\u00edo por lo del nombre. Yo conozco uno que no se complicaba: en el carnet ten\u00eda 3 (Augusto Jos\u00e9 Ram\u00f3n), cu\u2026", "edit_history_tweet_ids": ["1449331510113353730"], "created_at": "2021-10-16T11:08:53.000Z", "id": "1449331510113353730"}, {"author_id": "2905757213", "text": "RT @meganoticiascl: \ud83d\udd34 #Boric toma distancia de exasesor econ\u00f3mico de #Jadue: \"No es parte de mi comando y no es cercano a mi candidatura\" h\u2026", "edit_history_tweet_ids": ["1449331470800015365"], "created_at": "2021-10-16T11:08:44.000Z", "id": "1449331470800015365"}, {"author_id": "1132673508", "text": "RT @IPerezTuesta: No s\u00e9 qu\u00e9 tanto l\u00edo por lo del nombre. Yo conozco uno que no se complicaba: en el carnet ten\u00eda 3 (Augusto Jos\u00e9 Ram\u00f3n), cu\u2026", "edit_history_tweet_ids": ["1449330786189004801"], "created_at": "2021-10-16T11:06:01.000Z", "id": "1449330786189004801"}, {"author_id": "67251695", "text": "RT @IPerezTuesta: No s\u00e9 qu\u00e9 tanto l\u00edo por lo del nombre. Yo conozco uno que no se complicaba: en el carnet ten\u00eda 3 (Augusto Jos\u00e9 Ram\u00f3n), cu\u2026", "edit_history_tweet_ids": ["1449330532970418185"], "created_at": "2021-10-16T11:05:00.000Z", "id": "1449330532970418185"}, {"author_id": "1413637610115850245", "text": "RT @IPerezTuesta: No s\u00e9 qu\u00e9 tanto l\u00edo por lo del nombre. Yo conozco uno que no se complicaba: en el carnet ten\u00eda 3 (Augusto Jos\u00e9 Ram\u00f3n), cu\u2026", "edit_history_tweet_ids": ["1449329522487091202"], "created_at": "2021-10-16T11:01:00.000Z", "id": "1449329522487091202"}, {"author_id": "844542368619614208", "text": "RT @IPerezTuesta: No s\u00e9 qu\u00e9 tanto l\u00edo por lo del nombre. Yo conozco uno que no se complicaba: en el carnet ten\u00eda 3 (Augusto Jos\u00e9 Ram\u00f3n), cu\u2026", "edit_history_tweet_ids": ["1449329409144483850"], "created_at": "2021-10-16T11:00:33.000Z", "id": "1449329409144483850"}, {"author_id": "784906723337338884", "text": "RT @IPerezTuesta: No s\u00e9 qu\u00e9 tanto l\u00edo por lo del nombre. Yo conozco uno que no se complicaba: en el carnet ten\u00eda 3 (Augusto Jos\u00e9 Ram\u00f3n), cu\u2026", "edit_history_tweet_ids": ["1449329269767905281"], "created_at": "2021-10-16T10:59:59.000Z", "id": "1449329269767905281"}, {"author_id": "367524837", "text": "RT @IPerezTuesta: No s\u00e9 qu\u00e9 tanto l\u00edo por lo del nombre. Yo conozco uno que no se complicaba: en el carnet ten\u00eda 3 (Augusto Jos\u00e9 Ram\u00f3n), cu\u2026", "edit_history_tweet_ids": ["1449328914187231236"], "created_at": "2021-10-16T10:58:35.000Z", "id": "1449328914187231236"}, {"author_id": "1297213322257989633", "text": "RT @IPerezTuesta: No s\u00e9 qu\u00e9 tanto l\u00edo por lo del nombre. Yo conozco uno que no se complicaba: en el carnet ten\u00eda 3 (Augusto Jos\u00e9 Ram\u00f3n), cu\u2026", "edit_history_tweet_ids": ["1449328411474894848"], "created_at": "2021-10-16T10:56:35.000Z", "id": "1449328411474894848"}, {"author_id": "1203458191453048837", "text": "RT @IPerezTuesta: No s\u00e9 qu\u00e9 tanto l\u00edo por lo del nombre. Yo conozco uno que no se complicaba: en el carnet ten\u00eda 3 (Augusto Jos\u00e9 Ram\u00f3n), cu\u2026", "edit_history_tweet_ids": ["1449327722895867908"], "created_at": "2021-10-16T10:53:51.000Z", "id": "1449327722895867908"}, {"author_id": "40878267", "text": "RT @IPerezTuesta: No s\u00e9 qu\u00e9 tanto l\u00edo por lo del nombre. Yo conozco uno que no se complicaba: en el carnet ten\u00eda 3 (Augusto Jos\u00e9 Ram\u00f3n), cu\u2026", "edit_history_tweet_ids": ["1449327398160269312"], "created_at": "2021-10-16T10:52:33.000Z", "id": "1449327398160269312"}, {"author_id": "80923817", "text": "RT @IPerezTuesta: No s\u00e9 qu\u00e9 tanto l\u00edo por lo del nombre. Yo conozco uno que no se complicaba: en el carnet ten\u00eda 3 (Augusto Jos\u00e9 Ram\u00f3n), cu\u2026", "edit_history_tweet_ids": ["1449327226428682242"], "created_at": "2021-10-16T10:51:52.000Z", "id": "1449327226428682242"}, {"author_id": "1553859344", "text": "RT @IPerezTuesta: No s\u00e9 qu\u00e9 tanto l\u00edo por lo del nombre. Yo conozco uno que no se complicaba: en el carnet ten\u00eda 3 (Augusto Jos\u00e9 Ram\u00f3n), cu\u2026", "edit_history_tweet_ids": ["1449326924514344964"], "created_at": "2021-10-16T10:50:40.000Z", "id": "1449326924514344964"}, {"author_id": "1350027998309834752", "text": "RT @IPerezTuesta: No s\u00e9 qu\u00e9 tanto l\u00edo por lo del nombre. Yo conozco uno que no se complicaba: en el carnet ten\u00eda 3 (Augusto Jos\u00e9 Ram\u00f3n), cu\u2026", "edit_history_tweet_ids": ["1449326595857076226"], "created_at": "2021-10-16T10:49:22.000Z", "id": "1449326595857076226"}, {"author_id": "1291440974028255233", "text": "RT @IPerezTuesta: No s\u00e9 qu\u00e9 tanto l\u00edo por lo del nombre. Yo conozco uno que no se complicaba: en el carnet ten\u00eda 3 (Augusto Jos\u00e9 Ram\u00f3n), cu\u2026", "edit_history_tweet_ids": ["1449326399085551616"], "created_at": "2021-10-16T10:48:35.000Z", "id": "1449326399085551616"}, {"author_id": "1276300788449587204", "text": "RT @IPerezTuesta: No s\u00e9 qu\u00e9 tanto l\u00edo por lo del nombre. Yo conozco uno que no se complicaba: en el carnet ten\u00eda 3 (Augusto Jos\u00e9 Ram\u00f3n), cu\u2026", "edit_history_tweet_ids": ["1449325565501054978"], "created_at": "2021-10-16T10:45:16.000Z", "id": "1449325565501054978"}, {"author_id": "2962171815", "text": "RT @IPerezTuesta: No s\u00e9 qu\u00e9 tanto l\u00edo por lo del nombre. Yo conozco uno que no se complicaba: en el carnet ten\u00eda 3 (Augusto Jos\u00e9 Ram\u00f3n), cu\u2026", "edit_history_tweet_ids": ["1449325465835954181"], "created_at": "2021-10-16T10:44:52.000Z", "id": "1449325465835954181"}, {"author_id": "1258464081041858567", "text": "RT @SecDef: On this final day of #HispanicHeritageMonth , I'd like to recognize our very own Senior Enlisted Advisor to the Chairman (SEAC)\u2026", "edit_history_tweet_ids": ["1449325275293134855"], "created_at": "2021-10-16T10:44:07.000Z", "id": "1449325275293134855"}, {"author_id": "870305405276217344", "text": "RT @IPerezTuesta: No s\u00e9 qu\u00e9 tanto l\u00edo por lo del nombre. Yo conozco uno que no se complicaba: en el carnet ten\u00eda 3 (Augusto Jos\u00e9 Ram\u00f3n), cu\u2026", "edit_history_tweet_ids": ["1449325005028741120"], "created_at": "2021-10-16T10:43:03.000Z", "id": "1449325005028741120"}, {"author_id": "1271803881979330560", "text": "RT @IPerezTuesta: No s\u00e9 qu\u00e9 tanto l\u00edo por lo del nombre. Yo conozco uno que no se complicaba: en el carnet ten\u00eda 3 (Augusto Jos\u00e9 Ram\u00f3n), cu\u2026", "edit_history_tweet_ids": ["1449324850863087617"], "created_at": "2021-10-16T10:42:26.000Z", "id": "1449324850863087617"}, {"author_id": "1444055246469275649", "text": "RT @IPerezTuesta: No s\u00e9 qu\u00e9 tanto l\u00edo por lo del nombre. Yo conozco uno que no se complicaba: en el carnet ten\u00eda 3 (Augusto Jos\u00e9 Ram\u00f3n), cu\u2026", "edit_history_tweet_ids": ["1449324558671036419"], "created_at": "2021-10-16T10:41:16.000Z", "id": "1449324558671036419"}, {"author_id": "134387587", "text": "RT @IPerezTuesta: No s\u00e9 qu\u00e9 tanto l\u00edo por lo del nombre. Yo conozco uno que no se complicaba: en el carnet ten\u00eda 3 (Augusto Jos\u00e9 Ram\u00f3n), cu\u2026", "edit_history_tweet_ids": ["1449324449929383938"], "created_at": "2021-10-16T10:40:50.000Z", "id": "1449324449929383938"}, {"author_id": "1231381336679690240", "text": "RT @IPerezTuesta: No s\u00e9 qu\u00e9 tanto l\u00edo por lo del nombre. Yo conozco uno que no se complicaba: en el carnet ten\u00eda 3 (Augusto Jos\u00e9 Ram\u00f3n), cu\u2026", "edit_history_tweet_ids": ["1449324226125524996"], "created_at": "2021-10-16T10:39:57.000Z", "id": "1449324226125524996"}, {"author_id": "1234126294457057280", "text": "RT @IPerezTuesta: No s\u00e9 qu\u00e9 tanto l\u00edo por lo del nombre. Yo conozco uno que no se complicaba: en el carnet ten\u00eda 3 (Augusto Jos\u00e9 Ram\u00f3n), cu\u2026", "edit_history_tweet_ids": ["1449323891256696832"], "created_at": "2021-10-16T10:38:37.000Z", "id": "1449323891256696832"}], "meta": {"newest_id": "1449357736450396160", "oldest_id": "1449323891256696832", "result_count": 98, "next_token": "b26v89c19zqg8o3fpds9syrez0bdvfki23vv2a5sn5ldp"}}