{"data": [{"text": "RT @JoseAntonioLo06: \u00bfAlguien sabe si Jos\u00e9 Ram\u00f3n L\u00f3pez Beltran @_30JR40_ el hijo de @lopezobrador_ env\u00eda remesas a M\u00e9xico o de aqu\u00ed se las\u2026", "created_at": "2021-10-09T01:53:22.000Z", "id": "1446654992337747970", "edit_history_tweet_ids": ["1446654992337747970"], "author_id": "1156094330"}, {"text": "RT @Desdeelparaiso2: Lectura recomendada. Hay que tener buena memoria hist\u00f3rica antes de \"juzgar\" y concluir que la sentencia de Julia Kele\u2026", "created_at": "2021-10-09T01:52:45.000Z", "id": "1446654836234235911", "edit_history_tweet_ids": ["1446654836234235911"], "author_id": "492682550"}, {"text": "RT @JoseAntonioLo06: \u00bfAlguien sabe si Jos\u00e9 Ram\u00f3n L\u00f3pez Beltran @_30JR40_ el hijo de @lopezobrador_ env\u00eda remesas a M\u00e9xico o de aqu\u00ed se las\u2026", "created_at": "2021-10-09T01:46:42.000Z", "id": "1446653315459207174", "edit_history_tweet_ids": ["1446653315459207174"], "author_id": "182232802"}, {"text": "RT @JoseAntonioLo06: \u00bfAlguien sabe si Jos\u00e9 Ram\u00f3n L\u00f3pez Beltran @_30JR40_ el hijo de @lopezobrador_ env\u00eda remesas a M\u00e9xico o de aqu\u00ed se las\u2026", "created_at": "2021-10-09T01:44:54.000Z", "id": "1446652864173068290", "edit_history_tweet_ids": ["1446652864173068290"], "author_id": "865682818101379072"}, {"text": "RT @revistaetcetera: \"Bartlett fue un colaborador principal de Salinas y no fue secretario por poco tiempo, pero fue un mal secretario y ev\u2026", "created_at": "2021-10-09T01:44:36.000Z", "id": "1446652786200952841", "edit_history_tweet_ids": ["1446652786200952841"], "author_id": "92322018"}, {"text": "RT @JoseAntonioLo06: \u00bfAlguien sabe si Jos\u00e9 Ram\u00f3n L\u00f3pez Beltran @_30JR40_ el hijo de @lopezobrador_ env\u00eda remesas a M\u00e9xico o de aqu\u00ed se las\u2026", "created_at": "2021-10-09T01:42:22.000Z", "id": "1446652225875480576", "edit_history_tweet_ids": ["1446652225875480576"], "author_id": "1254483848961896451"}, {"text": "RT @revistaetcetera: \"Bartlett fue un colaborador principal de Salinas y no fue secretario por poco tiempo, pero fue un mal secretario y ev\u2026", "created_at": "2021-10-09T01:41:54.000Z", "id": "1446652107218735105", "edit_history_tweet_ids": ["1446652107218735105"], "author_id": "165624861"}, {"text": "\"Bartlett fue un colaborador principal de Salinas y no fue secretario por poco tiempo, pero fue un mal secretario y eventualmente lleg\u00f3 al fracaso pol\u00edtico en la secretar\u00eda\", por Jos\u00e9 Ram\u00f3n L\u00f3pez Rub\u00ed Calder\u00f3n.\nhttps://t.co/svKBaHkuPX", "created_at": "2021-10-09T01:40:01.000Z", "id": "1446651633430061065", "edit_history_tweet_ids": ["1446651633430061065"], "author_id": "38278953"}, {"text": "RT @JoseAntonioLo06: \u00bfAlguien sabe si Jos\u00e9 Ram\u00f3n L\u00f3pez Beltran @_30JR40_ el hijo de @lopezobrador_ env\u00eda remesas a M\u00e9xico o de aqu\u00ed se las\u2026", "created_at": "2021-10-09T01:17:14.000Z", "id": "1446645900160290818", "edit_history_tweet_ids": ["1446645900160290818"], "author_id": "1415883925809860610"}, {"text": "RT @lamusitapg: CarreraLICENCIATURA EN DERECHO\nUniversidadUNIVERSIDAD DE LAS AM\u00c9RICAS, A.C.\nEstadoCIUDAD DE M\u00c9XICO\nA\u00f1o2006 JOSE RAMON LOPEZ\u2026", "created_at": "2021-10-09T01:16:40.000Z", "id": "1446645758652866561", "edit_history_tweet_ids": ["1446645758652866561"], "author_id": "1185383760528723968"}], "meta": {"newest_id": "1446654992337747970", "oldest_id": "1446645758652866561", "result_count": 10, "next_token": "b26v89c19zqg8o3fpds8jocda7safel6zeuc4h7ua47lp"}}