{"data": [{"text": "RT @Winston_Dunhill: Y nunca te olvides, Ram\u00f3n Eloy Jones, padre de Facundo Jones Huala y su hermano, Fernando Jones, le cuidan los yobacas\u2026", "created_at": "2021-10-22T14:40:11.000Z", "author_id": "1255868367615000582", "id": "1451559012906975249", "edit_history_tweet_ids": ["1451559012906975249"]}, {"text": "RT @Winston_Dunhill: Y nunca te olvides, Ram\u00f3n Eloy Jones, padre de Facundo Jones Huala y su hermano, Fernando Jones, le cuidan los yobacas\u2026", "created_at": "2021-10-22T14:37:37.000Z", "author_id": "1221990246507786240", "id": "1451558363683180550", "edit_history_tweet_ids": ["1451558363683180550"]}, {"text": "RT @ideafuls: \u8170\u3092\u304b\u304c\u3081\u308b\u3053\u3068\u306a\u304f\u82d7\u3092\u690d\u3048\u308b\u3053\u3068\u304c\u3067\u304d\u308b\u6a5f\u5668\u3002\u3053\u308c\u306f\u4e00\u898b\u5730\u5473\u3060\u3051\u3069\u3001\u7269\u51c4\u3044\u30a4\u30ce\u30d9\u30fc\u30b7\u30e7\u30f3\u3067\u306f\u306a\u3044\u3067\u3057\u3087\u3046\u304b\uff1f\u6700\u65b0\u306e\u30c6\u30af\u30ce\u30ed\u30b8\u30fc\u306f\u304d\u3089\u304d\u3089\u3057\u305f\u672a\u6765\u3070\u304b\u308a\u3092\u5411\u304d\u304c\u3061\u3060\u3051\u3069\u3001\u306a\u304b\u306a\u304b\u76ee\u304c\u5411\u304b\u306a\u3044\u5834\u6240\u306b\u3053\u305d\u3001\u30a2\u30a4\u30c7\u30a2\u306e\u529b\u304c\u5fc5\u8981\u3060\u3068\u611f\u3058\u307e\u3059\u3002https://\u2026", "created_at": "2021-10-22T14:37:27.000Z", "author_id": "3053517284", "id": "1451558323048779789", "edit_history_tweet_ids": ["1451558323048779789"]}, {"text": "RT @UNAM_MX: #HoyEnLaUNAM En el centenario de la muerte de Ram\u00f3n L\u00f3pez Velarde \u270d\ufe0f, con\u00e9ctate a @SanIldefonsoMx para la lectura comentada de\u2026", "created_at": "2021-10-22T14:37:04.000Z", "author_id": "1362643057380904962", "id": "1451558225422204959", "edit_history_tweet_ids": ["1451558225422204959"]}, {"text": "RT @Winston_Dunhill: Y nunca te olvides, Ram\u00f3n Eloy Jones, padre de Facundo Jones Huala y su hermano, Fernando Jones, le cuidan los yobacas\u2026", "created_at": "2021-10-22T14:37:01.000Z", "author_id": "849915588", "id": "1451558213040672773", "edit_history_tweet_ids": ["1451558213040672773"]}, {"text": "RT @ideafuls: \u8170\u3092\u304b\u304c\u3081\u308b\u3053\u3068\u306a\u304f\u82d7\u3092\u690d\u3048\u308b\u3053\u3068\u304c\u3067\u304d\u308b\u6a5f\u5668\u3002\u3053\u308c\u306f\u4e00\u898b\u5730\u5473\u3060\u3051\u3069\u3001\u7269\u51c4\u3044\u30a4\u30ce\u30d9\u30fc\u30b7\u30e7\u30f3\u3067\u306f\u306a\u3044\u3067\u3057\u3087\u3046\u304b\uff1f\u6700\u65b0\u306e\u30c6\u30af\u30ce\u30ed\u30b8\u30fc\u306f\u304d\u3089\u304d\u3089\u3057\u305f\u672a\u6765\u3070\u304b\u308a\u3092\u5411\u304d\u304c\u3061\u3060\u3051\u3069\u3001\u306a\u304b\u306a\u304b\u76ee\u304c\u5411\u304b\u306a\u3044\u5834\u6240\u306b\u3053\u305d\u3001\u30a2\u30a4\u30c7\u30a2\u306e\u529b\u304c\u5fc5\u8981\u3060\u3068\u611f\u3058\u307e\u3059\u3002https://\u2026", "created_at": "2021-10-22T14:36:59.000Z", "author_id": "127771332", "id": "1451558205302083584", "edit_history_tweet_ids": ["1451558205302083584"]}, {"text": "RT @Winston_Dunhill: Y nunca te olvides, Ram\u00f3n Eloy Jones, padre de Facundo Jones Huala y su hermano, Fernando Jones, le cuidan los yobacas\u2026", "created_at": "2021-10-22T14:34:14.000Z", "author_id": "247344235", "id": "1451557514063998983", "edit_history_tweet_ids": ["1451557514063998983"]}, {"text": "RT @Winston_Dunhill: Y nunca te olvides, Ram\u00f3n Eloy Jones, padre de Facundo Jones Huala y su hermano, Fernando Jones, le cuidan los yobacas\u2026", "created_at": "2021-10-22T14:32:03.000Z", "author_id": "3293483935", "id": "1451556964777934849", "edit_history_tweet_ids": ["1451556964777934849"]}, {"text": "RT @Winston_Dunhill: Y nunca te olvides, Ram\u00f3n Eloy Jones, padre de Facundo Jones Huala y su hermano, Fernando Jones, le cuidan los yobacas\u2026", "created_at": "2021-10-22T14:31:47.000Z", "author_id": "848318193433292800", "id": "1451556898457755650", "edit_history_tweet_ids": ["1451556898457755650"]}, {"text": "RT @Winston_Dunhill: Y nunca te olvides, Ram\u00f3n Eloy Jones, padre de Facundo Jones Huala y su hermano, Fernando Jones, le cuidan los yobacas\u2026", "created_at": "2021-10-22T14:30:57.000Z", "author_id": "2448129888", "id": "1451556687685591040", "edit_history_tweet_ids": ["1451556687685591040"]}, {"text": "RT @Winston_Dunhill: Y nunca te olvides, Ram\u00f3n Eloy Jones, padre de Facundo Jones Huala y su hermano, Fernando Jones, le cuidan los yobacas\u2026", "created_at": "2021-10-22T14:30:31.000Z", "author_id": "1192415849400938496", "id": "1451556578562383879", "edit_history_tweet_ids": ["1451556578562383879"]}, {"text": "@ignaciobriones_ pero anda a decirle eso a Ram\u00f3n L\u00f3pez...te trata de burgues, poderoso, y tanta otra wea", "created_at": "2021-10-22T14:29:50.000Z", "author_id": "1196126316816453633", "id": "1451556405635342337", "edit_history_tweet_ids": ["1451556405635342337"]}, {"text": "RT @Winston_Dunhill: Y nunca te olvides, Ram\u00f3n Eloy Jones, padre de Facundo Jones Huala y su hermano, Fernando Jones, le cuidan los yobacas\u2026", "created_at": "2021-10-22T14:29:02.000Z", "author_id": "561356979", "id": "1451556203180462080", "edit_history_tweet_ids": ["1451556203180462080"]}, {"text": "RT @EmbaMexPor: En el marco del Festival Literario Internacional #FestivalFolio de #Obidos, la Casa de America Latina en Lisboa present\u00f3 la\u2026", "created_at": "2021-10-22T14:28:59.000Z", "author_id": "113231481", "id": "1451556193575505920", "edit_history_tweet_ids": ["1451556193575505920"]}, {"text": "RT @Winston_Dunhill: Y nunca te olvides, Ram\u00f3n Eloy Jones, padre de Facundo Jones Huala y su hermano, Fernando Jones, le cuidan los yobacas\u2026", "created_at": "2021-10-22T14:28:45.000Z", "author_id": "2465028480", "id": "1451556133982937090", "edit_history_tweet_ids": ["1451556133982937090"]}, {"text": "RT @Winston_Dunhill: Y nunca te olvides, Ram\u00f3n Eloy Jones, padre de Facundo Jones Huala y su hermano, Fernando Jones, le cuidan los yobacas\u2026", "created_at": "2021-10-22T14:28:14.000Z", "author_id": "1226976063168942080", "id": "1451556002868903984", "edit_history_tweet_ids": ["1451556002868903984"]}, {"text": "RT @ideafuls: \u8170\u3092\u304b\u304c\u3081\u308b\u3053\u3068\u306a\u304f\u82d7\u3092\u690d\u3048\u308b\u3053\u3068\u304c\u3067\u304d\u308b\u6a5f\u5668\u3002\u3053\u308c\u306f\u4e00\u898b\u5730\u5473\u3060\u3051\u3069\u3001\u7269\u51c4\u3044\u30a4\u30ce\u30d9\u30fc\u30b7\u30e7\u30f3\u3067\u306f\u306a\u3044\u3067\u3057\u3087\u3046\u304b\uff1f\u6700\u65b0\u306e\u30c6\u30af\u30ce\u30ed\u30b8\u30fc\u306f\u304d\u3089\u304d\u3089\u3057\u305f\u672a\u6765\u3070\u304b\u308a\u3092\u5411\u304d\u304c\u3061\u3060\u3051\u3069\u3001\u306a\u304b\u306a\u304b\u76ee\u304c\u5411\u304b\u306a\u3044\u5834\u6240\u306b\u3053\u305d\u3001\u30a2\u30a4\u30c7\u30a2\u306e\u529b\u304c\u5fc5\u8981\u3060\u3068\u611f\u3058\u307e\u3059\u3002https://\u2026", "created_at": "2021-10-22T14:26:40.000Z", "author_id": "2482162981", "id": "1451555609384390659", "edit_history_tweet_ids": ["1451555609384390659"]}, {"text": "RT @Winston_Dunhill: Y nunca te olvides, Ram\u00f3n Eloy Jones, padre de Facundo Jones Huala y su hermano, Fernando Jones, le cuidan los yobacas\u2026", "created_at": "2021-10-22T14:23:39.000Z", "author_id": "4276948936", "id": "1451554848533581826", "edit_history_tweet_ids": ["1451554848533581826"]}, {"text": "RT @Winston_Dunhill: Y nunca te olvides, Ram\u00f3n Eloy Jones, padre de Facundo Jones Huala y su hermano, Fernando Jones, le cuidan los yobacas\u2026", "created_at": "2021-10-22T14:22:50.000Z", "author_id": "1332717306", "id": "1451554646175088650", "edit_history_tweet_ids": ["1451554646175088650"]}, {"text": "RT @Winston_Dunhill: Y nunca te olvides, Ram\u00f3n Eloy Jones, padre de Facundo Jones Huala y su hermano, Fernando Jones, le cuidan los yobacas\u2026", "created_at": "2021-10-22T14:21:47.000Z", "author_id": "167563626", "id": "1451554382160355332", "edit_history_tweet_ids": ["1451554382160355332"]}, {"text": "RT @Winston_Dunhill: Y nunca te olvides, Ram\u00f3n Eloy Jones, padre de Facundo Jones Huala y su hermano, Fernando Jones, le cuidan los yobacas\u2026", "created_at": "2021-10-22T14:21:23.000Z", "author_id": "2561024332", "id": "1451554279559413793", "edit_history_tweet_ids": ["1451554279559413793"]}, {"text": "Este se\u00f1or Ram\u00f3n L\u00f3pez, no contento con haber contribuido bastante para la derrota de Jadue, ahora quiere hacer lo mismo con Boric. Ya vieron si las pesqueras le depositaron alg\u00fan chequecito? https://t.co/SLPvE7tZpu", "created_at": "2021-10-22T14:20:52.000Z", "author_id": "62742738", "id": "1451554150546907137", "edit_history_tweet_ids": ["1451554150546907137"]}, {"text": "RT @Winston_Dunhill: Y nunca te olvides, Ram\u00f3n Eloy Jones, padre de Facundo Jones Huala y su hermano, Fernando Jones, le cuidan los yobacas\u2026", "created_at": "2021-10-22T14:20:07.000Z", "author_id": "964698482501177344", "id": "1451553962369302532", "edit_history_tweet_ids": ["1451553962369302532"]}, {"text": "RT @Winston_Dunhill: Y nunca te olvides, Ram\u00f3n Eloy Jones, padre de Facundo Jones Huala y su hermano, Fernando Jones, le cuidan los yobacas\u2026", "created_at": "2021-10-22T14:18:04.000Z", "author_id": "461131602", "id": "1451553444062535681", "edit_history_tweet_ids": ["1451553444062535681"]}, {"text": "RT @Winston_Dunhill: Y nunca te olvides, Ram\u00f3n Eloy Jones, padre de Facundo Jones Huala y su hermano, Fernando Jones, le cuidan los yobacas\u2026", "created_at": "2021-10-22T14:17:19.000Z", "author_id": "208490736", "id": "1451553256237195265", "edit_history_tweet_ids": ["1451553256237195265"]}, {"text": "RT @ideafuls: \u8170\u3092\u304b\u304c\u3081\u308b\u3053\u3068\u306a\u304f\u82d7\u3092\u690d\u3048\u308b\u3053\u3068\u304c\u3067\u304d\u308b\u6a5f\u5668\u3002\u3053\u308c\u306f\u4e00\u898b\u5730\u5473\u3060\u3051\u3069\u3001\u7269\u51c4\u3044\u30a4\u30ce\u30d9\u30fc\u30b7\u30e7\u30f3\u3067\u306f\u306a\u3044\u3067\u3057\u3087\u3046\u304b\uff1f\u6700\u65b0\u306e\u30c6\u30af\u30ce\u30ed\u30b8\u30fc\u306f\u304d\u3089\u304d\u3089\u3057\u305f\u672a\u6765\u3070\u304b\u308a\u3092\u5411\u304d\u304c\u3061\u3060\u3051\u3069\u3001\u306a\u304b\u306a\u304b\u76ee\u304c\u5411\u304b\u306a\u3044\u5834\u6240\u306b\u3053\u305d\u3001\u30a2\u30a4\u30c7\u30a2\u306e\u529b\u304c\u5fc5\u8981\u3060\u3068\u611f\u3058\u307e\u3059\u3002https://\u2026", "created_at": "2021-10-22T14:13:50.000Z", "author_id": "788132220795969536", "id": "1451552380600807431", "edit_history_tweet_ids": ["1451552380600807431"]}, {"text": "RT @UNAM_MX: #HoyEnLaUNAM En el centenario de la muerte de Ram\u00f3n L\u00f3pez Velarde \u270d\ufe0f, con\u00e9ctate a @SanIldefonsoMx para la lectura comentada de\u2026", "created_at": "2021-10-22T14:12:32.000Z", "author_id": "2233679250", "id": "1451552051029286922", "edit_history_tweet_ids": ["1451552051029286922"]}, {"text": "RT @Winston_Dunhill: Y nunca te olvides, Ram\u00f3n Eloy Jones, padre de Facundo Jones Huala y su hermano, Fernando Jones, le cuidan los yobacas\u2026", "created_at": "2021-10-22T14:11:24.000Z", "author_id": "921769729622147072", "id": "1451551766198239244", "edit_history_tweet_ids": ["1451551766198239244"]}, {"text": "RT @Winston_Dunhill: Y nunca te olvides, Ram\u00f3n Eloy Jones, padre de Facundo Jones Huala y su hermano, Fernando Jones, le cuidan los yobacas\u2026", "created_at": "2021-10-22T14:10:09.000Z", "author_id": "1097151354278199296", "id": "1451551453437468674", "edit_history_tweet_ids": ["1451551453437468674"]}, {"text": "RT @Winston_Dunhill: Y nunca te olvides, Ram\u00f3n Eloy Jones, padre de Facundo Jones Huala y su hermano, Fernando Jones, le cuidan los yobacas\u2026", "created_at": "2021-10-22T14:09:47.000Z", "author_id": "1320325146733875201", "id": "1451551360751603714", "edit_history_tweet_ids": ["1451551360751603714"]}, {"text": "RT @Winston_Dunhill: Y nunca te olvides, Ram\u00f3n Eloy Jones, padre de Facundo Jones Huala y su hermano, Fernando Jones, le cuidan los yobacas\u2026", "created_at": "2021-10-22T14:09:02.000Z", "author_id": "190494783", "id": "1451551169822662663", "edit_history_tweet_ids": ["1451551169822662663"]}, {"text": "RT @Winston_Dunhill: Y nunca te olvides, Ram\u00f3n Eloy Jones, padre de Facundo Jones Huala y su hermano, Fernando Jones, le cuidan los yobacas\u2026", "created_at": "2021-10-22T14:08:37.000Z", "author_id": "119615367", "id": "1451551065304875018", "edit_history_tweet_ids": ["1451551065304875018"]}, {"text": "RT @Winston_Dunhill: Y nunca te olvides, Ram\u00f3n Eloy Jones, padre de Facundo Jones Huala y su hermano, Fernando Jones, le cuidan los yobacas\u2026", "created_at": "2021-10-22T14:07:56.000Z", "author_id": "3637931068", "id": "1451550894751891479", "edit_history_tweet_ids": ["1451550894751891479"]}, {"text": "RT @Winston_Dunhill: Y nunca te olvides, Ram\u00f3n Eloy Jones, padre de Facundo Jones Huala y su hermano, Fernando Jones, le cuidan los yobacas\u2026", "created_at": "2021-10-22T14:07:55.000Z", "author_id": "1260635744038727683", "id": "1451550891413225495", "edit_history_tweet_ids": ["1451550891413225495"]}, {"text": "RT @AlephEdu: Pamela Jiles, Ram\u00f3n L\u00f3pez y MEO en un solo pantallazo. Tres extremistas irresponsables, lo m\u00e1s rancio del manicomio actual. h\u2026", "created_at": "2021-10-22T14:07:08.000Z", "author_id": "1433573780039872513", "id": "1451550695010746378", "edit_history_tweet_ids": ["1451550695010746378"]}, {"text": "RT @Winston_Dunhill: Y nunca te olvides, Ram\u00f3n Eloy Jones, padre de Facundo Jones Huala y su hermano, Fernando Jones, le cuidan los yobacas\u2026", "created_at": "2021-10-22T14:06:45.000Z", "author_id": "150465622", "id": "1451550598608850946", "edit_history_tweet_ids": ["1451550598608850946"]}, {"text": "RT @ideafuls: \u8170\u3092\u304b\u304c\u3081\u308b\u3053\u3068\u306a\u304f\u82d7\u3092\u690d\u3048\u308b\u3053\u3068\u304c\u3067\u304d\u308b\u6a5f\u5668\u3002\u3053\u308c\u306f\u4e00\u898b\u5730\u5473\u3060\u3051\u3069\u3001\u7269\u51c4\u3044\u30a4\u30ce\u30d9\u30fc\u30b7\u30e7\u30f3\u3067\u306f\u306a\u3044\u3067\u3057\u3087\u3046\u304b\uff1f\u6700\u65b0\u306e\u30c6\u30af\u30ce\u30ed\u30b8\u30fc\u306f\u304d\u3089\u304d\u3089\u3057\u305f\u672a\u6765\u3070\u304b\u308a\u3092\u5411\u304d\u304c\u3061\u3060\u3051\u3069\u3001\u306a\u304b\u306a\u304b\u76ee\u304c\u5411\u304b\u306a\u3044\u5834\u6240\u306b\u3053\u305d\u3001\u30a2\u30a4\u30c7\u30a2\u306e\u529b\u304c\u5fc5\u8981\u3060\u3068\u611f\u3058\u307e\u3059\u3002https://\u2026", "created_at": "2021-10-22T14:05:43.000Z", "author_id": "1124922451811422209", "id": "1451550335265239045", "edit_history_tweet_ids": ["1451550335265239045"]}, {"text": "RT @Winston_Dunhill: Y nunca te olvides, Ram\u00f3n Eloy Jones, padre de Facundo Jones Huala y su hermano, Fernando Jones, le cuidan los yobacas\u2026", "created_at": "2021-10-22T14:05:03.000Z", "author_id": "1165948202002071552", "id": "1451550168084484100", "edit_history_tweet_ids": ["1451550168084484100"]}, {"text": "RT @Winston_Dunhill: Y nunca te olvides, Ram\u00f3n Eloy Jones, padre de Facundo Jones Huala y su hermano, Fernando Jones, le cuidan los yobacas\u2026", "created_at": "2021-10-22T14:04:51.000Z", "author_id": "2303012826", "id": "1451550118973411329", "edit_history_tweet_ids": ["1451550118973411329"]}, {"text": "RT @Winston_Dunhill: Y nunca te olvides, Ram\u00f3n Eloy Jones, padre de Facundo Jones Huala y su hermano, Fernando Jones, le cuidan los yobacas\u2026", "created_at": "2021-10-22T14:03:58.000Z", "author_id": "76554791", "id": "1451549896285192197", "edit_history_tweet_ids": ["1451549896285192197"]}, {"text": "RT @ideafuls: \u8170\u3092\u304b\u304c\u3081\u308b\u3053\u3068\u306a\u304f\u82d7\u3092\u690d\u3048\u308b\u3053\u3068\u304c\u3067\u304d\u308b\u6a5f\u5668\u3002\u3053\u308c\u306f\u4e00\u898b\u5730\u5473\u3060\u3051\u3069\u3001\u7269\u51c4\u3044\u30a4\u30ce\u30d9\u30fc\u30b7\u30e7\u30f3\u3067\u306f\u306a\u3044\u3067\u3057\u3087\u3046\u304b\uff1f\u6700\u65b0\u306e\u30c6\u30af\u30ce\u30ed\u30b8\u30fc\u306f\u304d\u3089\u304d\u3089\u3057\u305f\u672a\u6765\u3070\u304b\u308a\u3092\u5411\u304d\u304c\u3061\u3060\u3051\u3069\u3001\u306a\u304b\u306a\u304b\u76ee\u304c\u5411\u304b\u306a\u3044\u5834\u6240\u306b\u3053\u305d\u3001\u30a2\u30a4\u30c7\u30a2\u306e\u529b\u304c\u5fc5\u8981\u3060\u3068\u611f\u3058\u307e\u3059\u3002https://\u2026", "created_at": "2021-10-22T14:03:46.000Z", "author_id": "1420362162795548675", "id": "1451549844447711240", "edit_history_tweet_ids": ["1451549844447711240"]}, {"text": "RT @Winston_Dunhill: Y nunca te olvides, Ram\u00f3n Eloy Jones, padre de Facundo Jones Huala y su hermano, Fernando Jones, le cuidan los yobacas\u2026", "created_at": "2021-10-22T14:03:45.000Z", "author_id": "194403609", "id": "1451549843617419265", "edit_history_tweet_ids": ["1451549843617419265"]}, {"text": "RT @Winston_Dunhill: Y nunca te olvides, Ram\u00f3n Eloy Jones, padre de Facundo Jones Huala y su hermano, Fernando Jones, le cuidan los yobacas\u2026", "created_at": "2021-10-22T14:03:33.000Z", "author_id": "2168160574", "id": "1451549793826783245", "edit_history_tweet_ids": ["1451549793826783245"]}, {"text": "RT @Winston_Dunhill: Y nunca te olvides, Ram\u00f3n Eloy Jones, padre de Facundo Jones Huala y su hermano, Fernando Jones, le cuidan los yobacas\u2026", "created_at": "2021-10-22T14:03:05.000Z", "author_id": "145443219", "id": "1451549672745615388", "edit_history_tweet_ids": ["1451549672745615388"]}, {"text": "RT @Winston_Dunhill: Y nunca te olvides, Ram\u00f3n Eloy Jones, padre de Facundo Jones Huala y su hermano, Fernando Jones, le cuidan los yobacas\u2026", "created_at": "2021-10-22T14:01:40.000Z", "author_id": "154262240", "id": "1451549317622231042", "edit_history_tweet_ids": ["1451549317622231042"]}, {"text": "RT @Winston_Dunhill: Y nunca te olvides, Ram\u00f3n Eloy Jones, padre de Facundo Jones Huala y su hermano, Fernando Jones, le cuidan los yobacas\u2026", "created_at": "2021-10-22T13:59:36.000Z", "author_id": "1194388305196015616", "id": "1451548797947895810", "edit_history_tweet_ids": ["1451548797947895810"]}, {"text": "RT @Winston_Dunhill: Y nunca te olvides, Ram\u00f3n Eloy Jones, padre de Facundo Jones Huala y su hermano, Fernando Jones, le cuidan los yobacas\u2026", "created_at": "2021-10-22T13:59:28.000Z", "author_id": "1340992230509719552", "id": "1451548762921394183", "edit_history_tweet_ids": ["1451548762921394183"]}, {"text": "RT @Winston_Dunhill: Y nunca te olvides, Ram\u00f3n Eloy Jones, padre de Facundo Jones Huala y su hermano, Fernando Jones, le cuidan los yobacas\u2026", "created_at": "2021-10-22T13:59:08.000Z", "author_id": "4794105166", "id": "1451548678217506825", "edit_history_tweet_ids": ["1451548678217506825"]}, {"text": "RT @Winston_Dunhill: Y nunca te olvides, Ram\u00f3n Eloy Jones, padre de Facundo Jones Huala y su hermano, Fernando Jones, le cuidan los yobacas\u2026", "created_at": "2021-10-22T13:58:12.000Z", "author_id": "1450489302648082433", "id": "1451548444674433027", "edit_history_tweet_ids": ["1451548444674433027"]}, {"text": "RT @Winston_Dunhill: Y nunca te olvides, Ram\u00f3n Eloy Jones, padre de Facundo Jones Huala y su hermano, Fernando Jones, le cuidan los yobacas\u2026", "created_at": "2021-10-22T13:57:28.000Z", "author_id": "4021098797", "id": "1451548261186080777", "edit_history_tweet_ids": ["1451548261186080777"]}, {"text": "RT @Winston_Dunhill: Y nunca te olvides, Ram\u00f3n Eloy Jones, padre de Facundo Jones Huala y su hermano, Fernando Jones, le cuidan los yobacas\u2026", "created_at": "2021-10-22T13:55:56.000Z", "author_id": "845103354300809216", "id": "1451547873347358725", "edit_history_tweet_ids": ["1451547873347358725"]}, {"text": "RT @AlephEdu: Pamela Jiles, Ram\u00f3n L\u00f3pez y MEO en un solo pantallazo. Tres extremistas irresponsables, lo m\u00e1s rancio del manicomio actual. h\u2026", "created_at": "2021-10-22T13:55:12.000Z", "author_id": "1452965868", "id": "1451547689745797123", "edit_history_tweet_ids": ["1451547689745797123"]}, {"text": "RT @Winston_Dunhill: Y nunca te olvides, Ram\u00f3n Eloy Jones, padre de Facundo Jones Huala y su hermano, Fernando Jones, le cuidan los yobacas\u2026", "created_at": "2021-10-22T13:54:47.000Z", "author_id": "2696143632", "id": "1451547585521627141", "edit_history_tweet_ids": ["1451547585521627141"]}, {"text": "RT @Winston_Dunhill: Y nunca te olvides, Ram\u00f3n Eloy Jones, padre de Facundo Jones Huala y su hermano, Fernando Jones, le cuidan los yobacas\u2026", "created_at": "2021-10-22T13:54:41.000Z", "author_id": "468062981", "id": "1451547559785164809", "edit_history_tweet_ids": ["1451547559785164809"]}, {"text": "RT @AlephEdu: Ojal\u00e1 q en el FA incorporen a Ram\u00f3n L\u00f3pez como vocero o asesor \ud83d\ude4f . Si arruin\u00f3 las posibilidades de Jadue perfectamente tbn pu\u2026", "created_at": "2021-10-22T13:54:31.000Z", "author_id": "1452965868", "id": "1451547520233099272", "edit_history_tweet_ids": ["1451547520233099272"]}, {"text": "RT @Winston_Dunhill: Y nunca te olvides, Ram\u00f3n Eloy Jones, padre de Facundo Jones Huala y su hermano, Fernando Jones, le cuidan los yobacas\u2026", "created_at": "2021-10-22T13:52:55.000Z", "author_id": "719177730340818944", "id": "1451547116401315844", "edit_history_tweet_ids": ["1451547116401315844"]}, {"text": "RT @Winston_Dunhill: Y nunca te olvides, Ram\u00f3n Eloy Jones, padre de Facundo Jones Huala y su hermano, Fernando Jones, le cuidan los yobacas\u2026", "created_at": "2021-10-22T13:51:22.000Z", "author_id": "4044151342", "id": "1451546727765266436", "edit_history_tweet_ids": ["1451546727765266436"]}, {"text": "RT @Winston_Dunhill: Y nunca te olvides, Ram\u00f3n Eloy Jones, padre de Facundo Jones Huala y su hermano, Fernando Jones, le cuidan los yobacas\u2026", "created_at": "2021-10-22T13:48:13.000Z", "author_id": "772229690459316224", "id": "1451545931623579662", "edit_history_tweet_ids": ["1451545931623579662"]}, {"text": "RT @Winston_Dunhill: Y nunca te olvides, Ram\u00f3n Eloy Jones, padre de Facundo Jones Huala y su hermano, Fernando Jones, le cuidan los yobacas\u2026", "created_at": "2021-10-22T13:47:56.000Z", "author_id": "260800250", "id": "1451545863499694084", "edit_history_tweet_ids": ["1451545863499694084"]}, {"text": "RT @EmbaMexPor: En el marco del Festival Literario Internacional #FestivalFolio de #Obidos, la Casa de America Latina en Lisboa present\u00f3 la\u2026", "created_at": "2021-10-22T13:47:04.000Z", "author_id": "840904800204140544", "id": "1451545644057903112", "edit_history_tweet_ids": ["1451545644057903112"]}, {"text": "RT @elem_mx: En 2021 se cumplieron cien a\u00f1os de la muerte del poeta Ram\u00f3n L\u00f3pez Velarde y del nacimiento del fil\u00f3sofo Emilio Uranga. Para c\u2026", "created_at": "2021-10-22T13:46:48.000Z", "author_id": "130823696", "id": "1451545576345067529", "edit_history_tweet_ids": ["1451545576345067529"]}, {"text": "RT @ideafuls: \u8170\u3092\u304b\u304c\u3081\u308b\u3053\u3068\u306a\u304f\u82d7\u3092\u690d\u3048\u308b\u3053\u3068\u304c\u3067\u304d\u308b\u6a5f\u5668\u3002\u3053\u308c\u306f\u4e00\u898b\u5730\u5473\u3060\u3051\u3069\u3001\u7269\u51c4\u3044\u30a4\u30ce\u30d9\u30fc\u30b7\u30e7\u30f3\u3067\u306f\u306a\u3044\u3067\u3057\u3087\u3046\u304b\uff1f\u6700\u65b0\u306e\u30c6\u30af\u30ce\u30ed\u30b8\u30fc\u306f\u304d\u3089\u304d\u3089\u3057\u305f\u672a\u6765\u3070\u304b\u308a\u3092\u5411\u304d\u304c\u3061\u3060\u3051\u3069\u3001\u306a\u304b\u306a\u304b\u76ee\u304c\u5411\u304b\u306a\u3044\u5834\u6240\u306b\u3053\u305d\u3001\u30a2\u30a4\u30c7\u30a2\u306e\u529b\u304c\u5fc5\u8981\u3060\u3068\u611f\u3058\u307e\u3059\u3002https://\u2026", "created_at": "2021-10-22T13:45:22.000Z", "author_id": "1201138998988554240", "id": "1451545215399989253", "edit_history_tweet_ids": ["1451545215399989253"]}, {"text": "RT @Winston_Dunhill: Y nunca te olvides, Ram\u00f3n Eloy Jones, padre de Facundo Jones Huala y su hermano, Fernando Jones, le cuidan los yobacas\u2026", "created_at": "2021-10-22T13:44:33.000Z", "author_id": "855234581653594112", "id": "1451545010936193029", "edit_history_tweet_ids": ["1451545010936193029"]}, {"text": "RT @ideafuls: \u8170\u3092\u304b\u304c\u3081\u308b\u3053\u3068\u306a\u304f\u82d7\u3092\u690d\u3048\u308b\u3053\u3068\u304c\u3067\u304d\u308b\u6a5f\u5668\u3002\u3053\u308c\u306f\u4e00\u898b\u5730\u5473\u3060\u3051\u3069\u3001\u7269\u51c4\u3044\u30a4\u30ce\u30d9\u30fc\u30b7\u30e7\u30f3\u3067\u306f\u306a\u3044\u3067\u3057\u3087\u3046\u304b\uff1f\u6700\u65b0\u306e\u30c6\u30af\u30ce\u30ed\u30b8\u30fc\u306f\u304d\u3089\u304d\u3089\u3057\u305f\u672a\u6765\u3070\u304b\u308a\u3092\u5411\u304d\u304c\u3061\u3060\u3051\u3069\u3001\u306a\u304b\u306a\u304b\u76ee\u304c\u5411\u304b\u306a\u3044\u5834\u6240\u306b\u3053\u305d\u3001\u30a2\u30a4\u30c7\u30a2\u306e\u529b\u304c\u5fc5\u8981\u3060\u3068\u611f\u3058\u307e\u3059\u3002https://\u2026", "created_at": "2021-10-22T13:43:36.000Z", "author_id": "7221492", "id": "1451544772229820426", "edit_history_tweet_ids": ["1451544772229820426"]}, {"text": "RT @Winston_Dunhill: Y nunca te olvides, Ram\u00f3n Eloy Jones, padre de Facundo Jones Huala y su hermano, Fernando Jones, le cuidan los yobacas\u2026", "created_at": "2021-10-22T13:43:10.000Z", "author_id": "942021457", "id": "1451544662708195336", "edit_history_tweet_ids": ["1451544662708195336"]}, {"text": "RT @ideafuls: \u8170\u3092\u304b\u304c\u3081\u308b\u3053\u3068\u306a\u304f\u82d7\u3092\u690d\u3048\u308b\u3053\u3068\u304c\u3067\u304d\u308b\u6a5f\u5668\u3002\u3053\u308c\u306f\u4e00\u898b\u5730\u5473\u3060\u3051\u3069\u3001\u7269\u51c4\u3044\u30a4\u30ce\u30d9\u30fc\u30b7\u30e7\u30f3\u3067\u306f\u306a\u3044\u3067\u3057\u3087\u3046\u304b\uff1f\u6700\u65b0\u306e\u30c6\u30af\u30ce\u30ed\u30b8\u30fc\u306f\u304d\u3089\u304d\u3089\u3057\u305f\u672a\u6765\u3070\u304b\u308a\u3092\u5411\u304d\u304c\u3061\u3060\u3051\u3069\u3001\u306a\u304b\u306a\u304b\u76ee\u304c\u5411\u304b\u306a\u3044\u5834\u6240\u306b\u3053\u305d\u3001\u30a2\u30a4\u30c7\u30a2\u306e\u529b\u304c\u5fc5\u8981\u3060\u3068\u611f\u3058\u307e\u3059\u3002https://\u2026", "created_at": "2021-10-22T13:42:25.000Z", "author_id": "94656640", "id": "1451544474727837696", "edit_history_tweet_ids": ["1451544474727837696"]}, {"text": "RT @Winston_Dunhill: Y nunca te olvides, Ram\u00f3n Eloy Jones, padre de Facundo Jones Huala y su hermano, Fernando Jones, le cuidan los yobacas\u2026", "created_at": "2021-10-22T13:42:15.000Z", "author_id": "4601329161", "id": "1451544430088003587", "edit_history_tweet_ids": ["1451544430088003587"]}, {"text": "RT @ideafuls: \u8170\u3092\u304b\u304c\u3081\u308b\u3053\u3068\u306a\u304f\u82d7\u3092\u690d\u3048\u308b\u3053\u3068\u304c\u3067\u304d\u308b\u6a5f\u5668\u3002\u3053\u308c\u306f\u4e00\u898b\u5730\u5473\u3060\u3051\u3069\u3001\u7269\u51c4\u3044\u30a4\u30ce\u30d9\u30fc\u30b7\u30e7\u30f3\u3067\u306f\u306a\u3044\u3067\u3057\u3087\u3046\u304b\uff1f\u6700\u65b0\u306e\u30c6\u30af\u30ce\u30ed\u30b8\u30fc\u306f\u304d\u3089\u304d\u3089\u3057\u305f\u672a\u6765\u3070\u304b\u308a\u3092\u5411\u304d\u304c\u3061\u3060\u3051\u3069\u3001\u306a\u304b\u306a\u304b\u76ee\u304c\u5411\u304b\u306a\u3044\u5834\u6240\u306b\u3053\u305d\u3001\u30a2\u30a4\u30c7\u30a2\u306e\u529b\u304c\u5fc5\u8981\u3060\u3068\u611f\u3058\u307e\u3059\u3002https://\u2026", "created_at": "2021-10-22T13:41:48.000Z", "author_id": "468342904", "id": "1451544320201216002", "edit_history_tweet_ids": ["1451544320201216002"]}, {"text": "RT @Winston_Dunhill: Y nunca te olvides, Ram\u00f3n Eloy Jones, padre de Facundo Jones Huala y su hermano, Fernando Jones, le cuidan los yobacas\u2026", "created_at": "2021-10-22T13:41:23.000Z", "author_id": "2424614203", "id": "1451544214328782851", "edit_history_tweet_ids": ["1451544214328782851"]}, {"text": "RT @Winston_Dunhill: Y nunca te olvides, Ram\u00f3n Eloy Jones, padre de Facundo Jones Huala y su hermano, Fernando Jones, le cuidan los yobacas\u2026", "created_at": "2021-10-22T13:40:21.000Z", "author_id": "1062464711743160320", "id": "1451543955066081280", "edit_history_tweet_ids": ["1451543955066081280"]}, {"text": "RT @ideafuls: \u8170\u3092\u304b\u304c\u3081\u308b\u3053\u3068\u306a\u304f\u82d7\u3092\u690d\u3048\u308b\u3053\u3068\u304c\u3067\u304d\u308b\u6a5f\u5668\u3002\u3053\u308c\u306f\u4e00\u898b\u5730\u5473\u3060\u3051\u3069\u3001\u7269\u51c4\u3044\u30a4\u30ce\u30d9\u30fc\u30b7\u30e7\u30f3\u3067\u306f\u306a\u3044\u3067\u3057\u3087\u3046\u304b\uff1f\u6700\u65b0\u306e\u30c6\u30af\u30ce\u30ed\u30b8\u30fc\u306f\u304d\u3089\u304d\u3089\u3057\u305f\u672a\u6765\u3070\u304b\u308a\u3092\u5411\u304d\u304c\u3061\u3060\u3051\u3069\u3001\u306a\u304b\u306a\u304b\u76ee\u304c\u5411\u304b\u306a\u3044\u5834\u6240\u306b\u3053\u305d\u3001\u30a2\u30a4\u30c7\u30a2\u306e\u529b\u304c\u5fc5\u8981\u3060\u3068\u611f\u3058\u307e\u3059\u3002https://\u2026", "created_at": "2021-10-22T13:40:16.000Z", "author_id": "1190337721505419264", "id": "1451543932588806149", "edit_history_tweet_ids": ["1451543932588806149"]}, {"text": "RT @Winston_Dunhill: Y nunca te olvides, Ram\u00f3n Eloy Jones, padre de Facundo Jones Huala y su hermano, Fernando Jones, le cuidan los yobacas\u2026", "created_at": "2021-10-22T13:38:21.000Z", "author_id": "939376399", "id": "1451543448524410884", "edit_history_tweet_ids": ["1451543448524410884"]}, {"text": "RT @Winston_Dunhill: Y nunca te olvides, Ram\u00f3n Eloy Jones, padre de Facundo Jones Huala y su hermano, Fernando Jones, le cuidan los yobacas\u2026", "created_at": "2021-10-22T13:38:17.000Z", "author_id": "4482388277", "id": "1451543434716749834", "edit_history_tweet_ids": ["1451543434716749834"]}, {"text": "RT @ideafuls: \u8170\u3092\u304b\u304c\u3081\u308b\u3053\u3068\u306a\u304f\u82d7\u3092\u690d\u3048\u308b\u3053\u3068\u304c\u3067\u304d\u308b\u6a5f\u5668\u3002\u3053\u308c\u306f\u4e00\u898b\u5730\u5473\u3060\u3051\u3069\u3001\u7269\u51c4\u3044\u30a4\u30ce\u30d9\u30fc\u30b7\u30e7\u30f3\u3067\u306f\u306a\u3044\u3067\u3057\u3087\u3046\u304b\uff1f\u6700\u65b0\u306e\u30c6\u30af\u30ce\u30ed\u30b8\u30fc\u306f\u304d\u3089\u304d\u3089\u3057\u305f\u672a\u6765\u3070\u304b\u308a\u3092\u5411\u304d\u304c\u3061\u3060\u3051\u3069\u3001\u306a\u304b\u306a\u304b\u76ee\u304c\u5411\u304b\u306a\u3044\u5834\u6240\u306b\u3053\u305d\u3001\u30a2\u30a4\u30c7\u30a2\u306e\u529b\u304c\u5fc5\u8981\u3060\u3068\u611f\u3058\u307e\u3059\u3002https://\u2026", "created_at": "2021-10-22T13:36:54.000Z", "author_id": "611802538", "id": "1451543085821808645", "edit_history_tweet_ids": ["1451543085821808645"]}, {"text": "RT @ideafuls: \u8170\u3092\u304b\u304c\u3081\u308b\u3053\u3068\u306a\u304f\u82d7\u3092\u690d\u3048\u308b\u3053\u3068\u304c\u3067\u304d\u308b\u6a5f\u5668\u3002\u3053\u308c\u306f\u4e00\u898b\u5730\u5473\u3060\u3051\u3069\u3001\u7269\u51c4\u3044\u30a4\u30ce\u30d9\u30fc\u30b7\u30e7\u30f3\u3067\u306f\u306a\u3044\u3067\u3057\u3087\u3046\u304b\uff1f\u6700\u65b0\u306e\u30c6\u30af\u30ce\u30ed\u30b8\u30fc\u306f\u304d\u3089\u304d\u3089\u3057\u305f\u672a\u6765\u3070\u304b\u308a\u3092\u5411\u304d\u304c\u3061\u3060\u3051\u3069\u3001\u306a\u304b\u306a\u304b\u76ee\u304c\u5411\u304b\u306a\u3044\u5834\u6240\u306b\u3053\u305d\u3001\u30a2\u30a4\u30c7\u30a2\u306e\u529b\u304c\u5fc5\u8981\u3060\u3068\u611f\u3058\u307e\u3059\u3002https://\u2026", "created_at": "2021-10-22T13:35:57.000Z", "author_id": "70861174", "id": "1451542845211381771", "edit_history_tweet_ids": ["1451542845211381771"]}, {"text": "RT @Winston_Dunhill: Y nunca te olvides, Ram\u00f3n Eloy Jones, padre de Facundo Jones Huala y su hermano, Fernando Jones, le cuidan los yobacas\u2026", "created_at": "2021-10-22T13:34:02.000Z", "author_id": "1218646122379476992", "id": "1451542362665078786", "edit_history_tweet_ids": ["1451542362665078786"]}, {"text": "RT @Winston_Dunhill: Y nunca te olvides, Ram\u00f3n Eloy Jones, padre de Facundo Jones Huala y su hermano, Fernando Jones, le cuidan los yobacas\u2026", "created_at": "2021-10-22T13:33:10.000Z", "author_id": "1019602380239855618", "id": "1451542146071339009", "edit_history_tweet_ids": ["1451542146071339009"]}, {"text": "RT @ideafuls: \u8170\u3092\u304b\u304c\u3081\u308b\u3053\u3068\u306a\u304f\u82d7\u3092\u690d\u3048\u308b\u3053\u3068\u304c\u3067\u304d\u308b\u6a5f\u5668\u3002\u3053\u308c\u306f\u4e00\u898b\u5730\u5473\u3060\u3051\u3069\u3001\u7269\u51c4\u3044\u30a4\u30ce\u30d9\u30fc\u30b7\u30e7\u30f3\u3067\u306f\u306a\u3044\u3067\u3057\u3087\u3046\u304b\uff1f\u6700\u65b0\u306e\u30c6\u30af\u30ce\u30ed\u30b8\u30fc\u306f\u304d\u3089\u304d\u3089\u3057\u305f\u672a\u6765\u3070\u304b\u308a\u3092\u5411\u304d\u304c\u3061\u3060\u3051\u3069\u3001\u306a\u304b\u306a\u304b\u76ee\u304c\u5411\u304b\u306a\u3044\u5834\u6240\u306b\u3053\u305d\u3001\u30a2\u30a4\u30c7\u30a2\u306e\u529b\u304c\u5fc5\u8981\u3060\u3068\u611f\u3058\u307e\u3059\u3002https://\u2026", "created_at": "2021-10-22T13:31:55.000Z", "author_id": "124684175", "id": "1451541829275377664", "edit_history_tweet_ids": ["1451541829275377664"]}, {"text": "RT @Winston_Dunhill: Y nunca te olvides, Ram\u00f3n Eloy Jones, padre de Facundo Jones Huala y su hermano, Fernando Jones, le cuidan los yobacas\u2026", "created_at": "2021-10-22T13:31:45.000Z", "author_id": "1712937158", "id": "1451541788213264401", "edit_history_tweet_ids": ["1451541788213264401"]}, {"text": "RT @Winston_Dunhill: Y nunca te olvides, Ram\u00f3n Eloy Jones, padre de Facundo Jones Huala y su hermano, Fernando Jones, le cuidan los yobacas\u2026", "created_at": "2021-10-22T13:31:37.000Z", "author_id": "809658403", "id": "1451541756579913731", "edit_history_tweet_ids": ["1451541756579913731"]}, {"text": "RT @uc_camaguey: Viceprimer ministro Jorge Luis Perdomo Di-Lella, Ministro del @CubaMES Jos\u00e9 Ram\u00f3n Saborido, el rector de la #UCCuba Santia\u2026", "created_at": "2021-10-22T13:30:32.000Z", "author_id": "1426188635158765569", "id": "1451541484730159106", "edit_history_tweet_ids": ["1451541484730159106"]}, {"text": "RT @ideafuls: \u8170\u3092\u304b\u304c\u3081\u308b\u3053\u3068\u306a\u304f\u82d7\u3092\u690d\u3048\u308b\u3053\u3068\u304c\u3067\u304d\u308b\u6a5f\u5668\u3002\u3053\u308c\u306f\u4e00\u898b\u5730\u5473\u3060\u3051\u3069\u3001\u7269\u51c4\u3044\u30a4\u30ce\u30d9\u30fc\u30b7\u30e7\u30f3\u3067\u306f\u306a\u3044\u3067\u3057\u3087\u3046\u304b\uff1f\u6700\u65b0\u306e\u30c6\u30af\u30ce\u30ed\u30b8\u30fc\u306f\u304d\u3089\u304d\u3089\u3057\u305f\u672a\u6765\u3070\u304b\u308a\u3092\u5411\u304d\u304c\u3061\u3060\u3051\u3069\u3001\u306a\u304b\u306a\u304b\u76ee\u304c\u5411\u304b\u306a\u3044\u5834\u6240\u306b\u3053\u305d\u3001\u30a2\u30a4\u30c7\u30a2\u306e\u529b\u304c\u5fc5\u8981\u3060\u3068\u611f\u3058\u307e\u3059\u3002https://\u2026", "created_at": "2021-10-22T13:30:06.000Z", "author_id": "1119715893825589248", "id": "1451541373740453888", "edit_history_tweet_ids": ["1451541373740453888"]}, {"text": "RT @ideafuls: \u8170\u3092\u304b\u304c\u3081\u308b\u3053\u3068\u306a\u304f\u82d7\u3092\u690d\u3048\u308b\u3053\u3068\u304c\u3067\u304d\u308b\u6a5f\u5668\u3002\u3053\u308c\u306f\u4e00\u898b\u5730\u5473\u3060\u3051\u3069\u3001\u7269\u51c4\u3044\u30a4\u30ce\u30d9\u30fc\u30b7\u30e7\u30f3\u3067\u306f\u306a\u3044\u3067\u3057\u3087\u3046\u304b\uff1f\u6700\u65b0\u306e\u30c6\u30af\u30ce\u30ed\u30b8\u30fc\u306f\u304d\u3089\u304d\u3089\u3057\u305f\u672a\u6765\u3070\u304b\u308a\u3092\u5411\u304d\u304c\u3061\u3060\u3051\u3069\u3001\u306a\u304b\u306a\u304b\u76ee\u304c\u5411\u304b\u306a\u3044\u5834\u6240\u306b\u3053\u305d\u3001\u30a2\u30a4\u30c7\u30a2\u306e\u529b\u304c\u5fc5\u8981\u3060\u3068\u611f\u3058\u307e\u3059\u3002https://\u2026", "created_at": "2021-10-22T13:29:40.000Z", "author_id": "1304681058873438208", "id": "1451541263811964936", "edit_history_tweet_ids": ["1451541263811964936"]}, {"text": "RT @Winston_Dunhill: Y nunca te olvides, Ram\u00f3n Eloy Jones, padre de Facundo Jones Huala y su hermano, Fernando Jones, le cuidan los yobacas\u2026", "created_at": "2021-10-22T13:28:13.000Z", "author_id": "2780462625", "id": "1451540899352219649", "edit_history_tweet_ids": ["1451540899352219649"]}, {"text": "RT @Winston_Dunhill: Y nunca te olvides, Ram\u00f3n Eloy Jones, padre de Facundo Jones Huala y su hermano, Fernando Jones, le cuidan los yobacas\u2026", "created_at": "2021-10-22T13:28:07.000Z", "author_id": "334800279", "id": "1451540873989148678", "edit_history_tweet_ids": ["1451540873989148678"]}, {"text": "RT @Winston_Dunhill: Y nunca te olvides, Ram\u00f3n Eloy Jones, padre de Facundo Jones Huala y su hermano, Fernando Jones, le cuidan los yobacas\u2026", "created_at": "2021-10-22T13:27:27.000Z", "author_id": "1604203884", "id": "1451540707848695813", "edit_history_tweet_ids": ["1451540707848695813"]}, {"text": "RT @Winston_Dunhill: Y nunca te olvides, Ram\u00f3n Eloy Jones, padre de Facundo Jones Huala y su hermano, Fernando Jones, le cuidan los yobacas\u2026", "created_at": "2021-10-22T13:26:29.000Z", "author_id": "3018440225", "id": "1451540464209911814", "edit_history_tweet_ids": ["1451540464209911814"]}, {"text": "RT @Winston_Dunhill: Y nunca te olvides, Ram\u00f3n Eloy Jones, padre de Facundo Jones Huala y su hermano, Fernando Jones, le cuidan los yobacas\u2026", "created_at": "2021-10-22T13:25:59.000Z", "author_id": "709652292", "id": "1451540335910326288", "edit_history_tweet_ids": ["1451540335910326288"]}, {"text": "RT @Winston_Dunhill: Y nunca te olvides, Ram\u00f3n Eloy Jones, padre de Facundo Jones Huala y su hermano, Fernando Jones, le cuidan los yobacas\u2026", "created_at": "2021-10-22T13:24:59.000Z", "author_id": "204567997", "id": "1451540085997019139", "edit_history_tweet_ids": ["1451540085997019139"]}, {"text": "RT @ideafuls: \u8170\u3092\u304b\u304c\u3081\u308b\u3053\u3068\u306a\u304f\u82d7\u3092\u690d\u3048\u308b\u3053\u3068\u304c\u3067\u304d\u308b\u6a5f\u5668\u3002\u3053\u308c\u306f\u4e00\u898b\u5730\u5473\u3060\u3051\u3069\u3001\u7269\u51c4\u3044\u30a4\u30ce\u30d9\u30fc\u30b7\u30e7\u30f3\u3067\u306f\u306a\u3044\u3067\u3057\u3087\u3046\u304b\uff1f\u6700\u65b0\u306e\u30c6\u30af\u30ce\u30ed\u30b8\u30fc\u306f\u304d\u3089\u304d\u3089\u3057\u305f\u672a\u6765\u3070\u304b\u308a\u3092\u5411\u304d\u304c\u3061\u3060\u3051\u3069\u3001\u306a\u304b\u306a\u304b\u76ee\u304c\u5411\u304b\u306a\u3044\u5834\u6240\u306b\u3053\u305d\u3001\u30a2\u30a4\u30c7\u30a2\u306e\u529b\u304c\u5fc5\u8981\u3060\u3068\u611f\u3058\u307e\u3059\u3002https://\u2026", "created_at": "2021-10-22T13:24:01.000Z", "author_id": "3274797793", "id": "1451539841414426627", "edit_history_tweet_ids": ["1451539841414426627"]}, {"text": "RT @Winston_Dunhill: Y nunca te olvides, Ram\u00f3n Eloy Jones, padre de Facundo Jones Huala y su hermano, Fernando Jones, le cuidan los yobacas\u2026", "created_at": "2021-10-22T13:23:48.000Z", "author_id": "1252450331016994816", "id": "1451539786922184704", "edit_history_tweet_ids": ["1451539786922184704"]}, {"text": "RT @Winston_Dunhill: Y nunca te olvides, Ram\u00f3n Eloy Jones, padre de Facundo Jones Huala y su hermano, Fernando Jones, le cuidan los yobacas\u2026", "created_at": "2021-10-22T13:23:06.000Z", "author_id": "1905084290", "id": "1451539610916560898", "edit_history_tweet_ids": ["1451539610916560898"]}, {"text": "RT @Winston_Dunhill: Y nunca te olvides, Ram\u00f3n Eloy Jones, padre de Facundo Jones Huala y su hermano, Fernando Jones, le cuidan los yobacas\u2026", "created_at": "2021-10-22T13:21:55.000Z", "author_id": "2155798879", "id": "1451539312676200448", "edit_history_tweet_ids": ["1451539312676200448"]}, {"text": "RT @ideafuls: \u8170\u3092\u304b\u304c\u3081\u308b\u3053\u3068\u306a\u304f\u82d7\u3092\u690d\u3048\u308b\u3053\u3068\u304c\u3067\u304d\u308b\u6a5f\u5668\u3002\u3053\u308c\u306f\u4e00\u898b\u5730\u5473\u3060\u3051\u3069\u3001\u7269\u51c4\u3044\u30a4\u30ce\u30d9\u30fc\u30b7\u30e7\u30f3\u3067\u306f\u306a\u3044\u3067\u3057\u3087\u3046\u304b\uff1f\u6700\u65b0\u306e\u30c6\u30af\u30ce\u30ed\u30b8\u30fc\u306f\u304d\u3089\u304d\u3089\u3057\u305f\u672a\u6765\u3070\u304b\u308a\u3092\u5411\u304d\u304c\u3061\u3060\u3051\u3069\u3001\u306a\u304b\u306a\u304b\u76ee\u304c\u5411\u304b\u306a\u3044\u5834\u6240\u306b\u3053\u305d\u3001\u30a2\u30a4\u30c7\u30a2\u306e\u529b\u304c\u5fc5\u8981\u3060\u3068\u611f\u3058\u307e\u3059\u3002https://\u2026", "created_at": "2021-10-22T13:20:37.000Z", "author_id": "1401096368039493634", "id": "1451538988158763014", "edit_history_tweet_ids": ["1451538988158763014"]}, {"text": "RT @morenany_1: Ciudad de Nueva York, 21 de octubre 2021\n\nEmbajador Juan Ramon de La Fuente\n@MexOnu \nEstimado Embajador:\n\nMi nombre es Rica\u2026", "created_at": "2021-10-22T13:20:17.000Z", "author_id": "1348800507276652549", "id": "1451538903287148550", "edit_history_tweet_ids": ["1451538903287148550"]}, {"text": "RT @Winston_Dunhill: Y nunca te olvides, Ram\u00f3n Eloy Jones, padre de Facundo Jones Huala y su hermano, Fernando Jones, le cuidan los yobacas\u2026", "created_at": "2021-10-22T13:19:31.000Z", "author_id": "1019582139887771648", "id": "1451538709560524807", "edit_history_tweet_ids": ["1451538709560524807"]}, {"text": "@ferbelaunzaran @lopezobrador_ La @UNAM_MX de Juan Ram\u00f3n de la Fuente es la que se volvi\u00f3 neoliberal seg\u00fan \u00e9l. \u00bfD\u00f3nde est\u00e1 el ex rector?\nContradictorio y resentido el se\u00f1or L\u00f3pez", "created_at": "2021-10-22T13:18:59.000Z", "author_id": "58989194", "id": "1451538575649030163", "edit_history_tweet_ids": ["1451538575649030163"]}, {"text": "RT @Winston_Dunhill: Y nunca te olvides, Ram\u00f3n Eloy Jones, padre de Facundo Jones Huala y su hermano, Fernando Jones, le cuidan los yobacas\u2026", "created_at": "2021-10-22T13:16:41.000Z", "author_id": "140837289", "id": "1451537995270705163", "edit_history_tweet_ids": ["1451537995270705163"]}, {"text": "RT @Winston_Dunhill: Y nunca te olvides, Ram\u00f3n Eloy Jones, padre de Facundo Jones Huala y su hermano, Fernando Jones, le cuidan los yobacas\u2026", "created_at": "2021-10-22T13:16:21.000Z", "author_id": "2259126665", "id": "1451537913850777605", "edit_history_tweet_ids": ["1451537913850777605"]}, {"text": "RT @Winston_Dunhill: Y nunca te olvides, Ram\u00f3n Eloy Jones, padre de Facundo Jones Huala y su hermano, Fernando Jones, le cuidan los yobacas\u2026", "created_at": "2021-10-22T13:16:00.000Z", "author_id": "373755451", "id": "1451537823849451524", "edit_history_tweet_ids": ["1451537823849451524"]}], "meta": {"newest_id": "1451559012906975249", "oldest_id": "1451537823849451524", "result_count": 100, "next_token": "b26v89c19zqg8o3fpdv67q6txxxpk72r08d21864036nx"}}