{"data": [{"created_at": "2021-10-16T19:29:10.000Z", "text": "RT @IPerezTuesta: No s\u00e9 qu\u00e9 tanto l\u00edo por lo del nombre. Yo conozco uno que no se complicaba: en el carnet ten\u00eda 3 (Augusto Jos\u00e9 Ram\u00f3n), cu\u2026", "author_id": "42256620", "edit_history_tweet_ids": ["1449457407936008193"], "id": "1449457407936008193"}, {"created_at": "2021-10-16T19:28:26.000Z", "text": "RT @SecDef: On this final day of #HispanicHeritageMonth , I'd like to recognize our very own Senior Enlisted Advisor to the Chairman (SEAC)\u2026", "author_id": "62312221", "edit_history_tweet_ids": ["1449457226083614726"], "id": "1449457226083614726"}, {"created_at": "2021-10-16T19:26:17.000Z", "text": "RT @SecDef: On this final day of #HispanicHeritageMonth , I'd like to recognize our very own Senior Enlisted Advisor to the Chairman (SEAC)\u2026", "author_id": "1006498129456185345", "edit_history_tweet_ids": ["1449456683152027656"], "id": "1449456683152027656"}, {"created_at": "2021-10-16T19:24:32.000Z", "text": "RT @sotojuanjo: Hot @gabrielboric dej\u00f3 claro que defiende la autonom\u00eda del BC. Que Ram\u00f3n Lopez no pincha ni corta y que Jadue perdi\u00f3 la pri\u2026", "author_id": "1246671363055763456", "edit_history_tweet_ids": ["1449456242636869634"], "id": "1449456242636869634"}, {"created_at": "2021-10-16T19:24:25.000Z", "text": "RT @EconomistaFlait: Esta estrategia de campa\u00f1a es brillante: El economista PC Ram\u00f3n L\u00f3pez le tira caca a @gabrielboric y entonces uno dice\u2026", "author_id": "1213058764367990784", "edit_history_tweet_ids": ["1449456214522228738"], "id": "1449456214522228738"}, {"created_at": "2021-10-16T19:24:09.000Z", "text": "RT @IPerezTuesta: No s\u00e9 qu\u00e9 tanto l\u00edo por lo del nombre. Yo conozco uno que no se complicaba: en el carnet ten\u00eda 3 (Augusto Jos\u00e9 Ram\u00f3n), cu\u2026", "author_id": "159973241", "edit_history_tweet_ids": ["1449456145706278913"], "id": "1449456145706278913"}, {"created_at": "2021-10-16T19:22:56.000Z", "text": "RT @IPerezTuesta: No s\u00e9 qu\u00e9 tanto l\u00edo por lo del nombre. Yo conozco uno que no se complicaba: en el carnet ten\u00eda 3 (Augusto Jos\u00e9 Ram\u00f3n), cu\u2026", "author_id": "2444741826", "edit_history_tweet_ids": ["1449455841975750658"], "id": "1449455841975750658"}, {"created_at": "2021-10-16T19:22:31.000Z", "text": "https://t.co/TpOmR5WhEW\n\nSe cae la careta", "author_id": "182196362", "edit_history_tweet_ids": ["1449455733108400130"], "id": "1449455733108400130"}, {"created_at": "2021-10-16T19:17:14.000Z", "text": "RT @EconomistaFlait: Esta estrategia de campa\u00f1a es brillante: El economista PC Ram\u00f3n L\u00f3pez le tira caca a @gabrielboric y entonces uno dice\u2026", "author_id": "31780157", "edit_history_tweet_ids": ["1449454403564576772"], "id": "1449454403564576772"}, {"created_at": "2021-10-16T19:16:48.000Z", "text": "Asiste a la Muestra Estatal de Teatro #Zacatecas 2020 \ud83c\udfad que se realizar\u00e1 del 19 al 23 de octubre, en el Teatro Ram\u00f3n L\u00f3pez Velarde. Consulta aqu\u00ed la programaci\u00f3n \ud83d\udc47\ud83c\udffc https://t.co/82x3vl6Xev", "author_id": "1205260388306235397", "edit_history_tweet_ids": ["1449454297381474304"], "id": "1449454297381474304"}, {"created_at": "2021-10-16T19:15:48.000Z", "text": "RT @IPerezTuesta: No s\u00e9 qu\u00e9 tanto l\u00edo por lo del nombre. Yo conozco uno que no se complicaba: en el carnet ten\u00eda 3 (Augusto Jos\u00e9 Ram\u00f3n), cu\u2026", "author_id": "168124639", "edit_history_tweet_ids": ["1449454043416334336"], "id": "1449454043416334336"}, {"created_at": "2021-10-16T19:15:26.000Z", "text": "RT @IPerezTuesta: No s\u00e9 qu\u00e9 tanto l\u00edo por lo del nombre. Yo conozco uno que no se complicaba: en el carnet ten\u00eda 3 (Augusto Jos\u00e9 Ram\u00f3n), cu\u2026", "author_id": "845400732446679040", "edit_history_tweet_ids": ["1449453954186682373"], "id": "1449453954186682373"}, {"created_at": "2021-10-16T19:14:41.000Z", "text": "RT @IPerezTuesta: No s\u00e9 qu\u00e9 tanto l\u00edo por lo del nombre. Yo conozco uno que no se complicaba: en el carnet ten\u00eda 3 (Augusto Jos\u00e9 Ram\u00f3n), cu\u2026", "author_id": "961437572", "edit_history_tweet_ids": ["1449453765875011586"], "id": "1449453765875011586"}, {"created_at": "2021-10-16T19:10:02.000Z", "text": "RT @EconomistaFlait: Esta estrategia de campa\u00f1a es brillante: El economista PC Ram\u00f3n L\u00f3pez le tira caca a @gabrielboric y entonces uno dice\u2026", "author_id": "616819877", "edit_history_tweet_ids": ["1449452594342944770"], "id": "1449452594342944770"}, {"created_at": "2021-10-16T19:05:13.000Z", "text": "RT @EconomistaFlait: Esta estrategia de campa\u00f1a es brillante: El economista PC Ram\u00f3n L\u00f3pez le tira caca a @gabrielboric y entonces uno dice\u2026", "author_id": "64764075", "edit_history_tweet_ids": ["1449451381736177666"], "id": "1449451381736177666"}, {"created_at": "2021-10-16T19:03:27.000Z", "text": "Parece que fui bloqueado por Ram\u00f3n L\u00f3pez. \u00bfAcaso es una credencial democr\u00e1tica?", "author_id": "783056098924359680", "edit_history_tweet_ids": ["1449450936384974848"], "id": "1449450936384974848"}, {"created_at": "2021-10-16T19:02:17.000Z", "text": "RT @IPerezTuesta: No s\u00e9 qu\u00e9 tanto l\u00edo por lo del nombre. Yo conozco uno que no se complicaba: en el carnet ten\u00eda 3 (Augusto Jos\u00e9 Ram\u00f3n), cu\u2026", "author_id": "1054081137780445184", "edit_history_tweet_ids": ["1449450643601731590"], "id": "1449450643601731590"}, {"created_at": "2021-10-16T18:58:40.000Z", "text": "RT @IPerezTuesta: No s\u00e9 qu\u00e9 tanto l\u00edo por lo del nombre. Yo conozco uno que no se complicaba: en el carnet ten\u00eda 3 (Augusto Jos\u00e9 Ram\u00f3n), cu\u2026", "author_id": "101940569", "edit_history_tweet_ids": ["1449449731940302856"], "id": "1449449731940302856"}, {"created_at": "2021-10-16T18:57:47.000Z", "text": "RT @EconomistaFlait: Esta estrategia de campa\u00f1a es brillante: El economista PC Ram\u00f3n L\u00f3pez le tira caca a @gabrielboric y entonces uno dice\u2026", "author_id": "154333187", "edit_history_tweet_ids": ["1449449512326533125"], "id": "1449449512326533125"}, {"created_at": "2021-10-16T18:56:13.000Z", "text": "RT @IPerezTuesta: No s\u00e9 qu\u00e9 tanto l\u00edo por lo del nombre. Yo conozco uno que no se complicaba: en el carnet ten\u00eda 3 (Augusto Jos\u00e9 Ram\u00f3n), cu\u2026", "author_id": "121536672", "edit_history_tweet_ids": ["1449449115075497986"], "id": "1449449115075497986"}, {"created_at": "2021-10-16T18:55:39.000Z", "text": "RT @EconomistaFlait: Esta estrategia de campa\u00f1a es brillante: El economista PC Ram\u00f3n L\u00f3pez le tira caca a @gabrielboric y entonces uno dice\u2026", "author_id": "1221541658501828610", "edit_history_tweet_ids": ["1449448975723941890"], "id": "1449448975723941890"}, {"created_at": "2021-10-16T18:55:16.000Z", "text": "RT @SecDef: On this final day of #HispanicHeritageMonth , I'd like to recognize our very own Senior Enlisted Advisor to the Chairman (SEAC)\u2026", "author_id": "1361137873177636866", "edit_history_tweet_ids": ["1449448878017638400"], "id": "1449448878017638400"}, {"created_at": "2021-10-16T18:54:26.000Z", "text": "RT @EconomistaFlait: Esta estrategia de campa\u00f1a es brillante: El economista PC Ram\u00f3n L\u00f3pez le tira caca a @gabrielboric y entonces uno dice\u2026", "author_id": "1403404980577521667", "edit_history_tweet_ids": ["1449448667560222726"], "id": "1449448667560222726"}, {"created_at": "2021-10-16T18:53:07.000Z", "text": "RT @EconomistaFlait: Esta estrategia de campa\u00f1a es brillante: El economista PC Ram\u00f3n L\u00f3pez le tira caca a @gabrielboric y entonces uno dice\u2026", "author_id": "309724090", "edit_history_tweet_ids": ["1449448335329271809"], "id": "1449448335329271809"}, {"created_at": "2021-10-16T18:52:46.000Z", "text": "RT @EconomistaFlait: Esta estrategia de campa\u00f1a es brillante: El economista PC Ram\u00f3n L\u00f3pez le tira caca a @gabrielboric y entonces uno dice\u2026", "author_id": "1090526066", "edit_history_tweet_ids": ["1449448248297459713"], "id": "1449448248297459713"}, {"created_at": "2021-10-16T18:52:40.000Z", "text": "RT @EconomistaFlait: Esta estrategia de campa\u00f1a es brillante: El economista PC Ram\u00f3n L\u00f3pez le tira caca a @gabrielboric y entonces uno dice\u2026", "author_id": "65232161", "edit_history_tweet_ids": ["1449448222624149507"], "id": "1449448222624149507"}, {"created_at": "2021-10-16T18:52:36.000Z", "text": "RT @EconomistaFlait: Esta estrategia de campa\u00f1a es brillante: El economista PC Ram\u00f3n L\u00f3pez le tira caca a @gabrielboric y entonces uno dice\u2026", "author_id": "1369709457844953088", "edit_history_tweet_ids": ["1449448206538928130"], "id": "1449448206538928130"}, {"created_at": "2021-10-16T18:50:42.000Z", "text": "RT @IPerezTuesta: No s\u00e9 qu\u00e9 tanto l\u00edo por lo del nombre. Yo conozco uno que no se complicaba: en el carnet ten\u00eda 3 (Augusto Jos\u00e9 Ram\u00f3n), cu\u2026", "author_id": "3185282273", "edit_history_tweet_ids": ["1449447726542831619"], "id": "1449447726542831619"}, {"created_at": "2021-10-16T18:49:17.000Z", "text": "@elmostrador Sus compa\u00f1eres del PC,no piensan lo mismo.  El economista estrella de ellos,Ram\u00f3n L\u00f3pez ha desnostado al BC muchas veces,y trat\u00f3 a Boric y su equipo de derechizarse,por ciertas opiniones econ\u00f3micas al respecto. Diferencias importantes,en un conglomerado que quiere gobernar...", "author_id": "4831085746", "edit_history_tweet_ids": ["1449447371679539204"], "id": "1449447371679539204"}, {"created_at": "2021-10-16T18:48:59.000Z", "text": "RT @EconomistaFlait: Esta estrategia de campa\u00f1a es brillante: El economista PC Ram\u00f3n L\u00f3pez le tira caca a @gabrielboric y entonces uno dice\u2026", "author_id": "1198774806604369922", "edit_history_tweet_ids": ["1449447295175454722"], "id": "1449447295175454722"}, {"created_at": "2021-10-16T18:47:51.000Z", "text": "RT @EconomistaFlait: Esta estrategia de campa\u00f1a es brillante: El economista PC Ram\u00f3n L\u00f3pez le tira caca a @gabrielboric y entonces uno dice\u2026", "author_id": "69766600", "edit_history_tweet_ids": ["1449447010503835652"], "id": "1449447010503835652"}, {"created_at": "2021-10-16T18:46:01.000Z", "text": "@EconomistaFlait @gabrielboric M\u00e1s perdido que Ram\u00f3n L\u00f3pez", "author_id": "91575733", "edit_history_tweet_ids": ["1449446548836798468"], "id": "1449446548836798468"}, {"created_at": "2021-10-16T18:45:25.000Z", "text": "RT @EconomistaFlait: Esta estrategia de campa\u00f1a es brillante: El economista PC Ram\u00f3n L\u00f3pez le tira caca a @gabrielboric y entonces uno dice\u2026", "author_id": "150720119", "edit_history_tweet_ids": ["1449446399146401795"], "id": "1449446399146401795"}, {"created_at": "2021-10-16T18:45:23.000Z", "text": "RT @EconomistaFlait: Esta estrategia de campa\u00f1a es brillante: El economista PC Ram\u00f3n L\u00f3pez le tira caca a @gabrielboric y entonces uno dice\u2026", "author_id": "349244707", "edit_history_tweet_ids": ["1449446390673801224"], "id": "1449446390673801224"}, {"created_at": "2021-10-16T18:44:33.000Z", "text": "RT @sotojuanjo: Hot @gabrielboric dej\u00f3 claro que defiende la autonom\u00eda del BC. Que Ram\u00f3n Lopez no pincha ni corta y que Jadue perdi\u00f3 la pri\u2026", "author_id": "65677918", "edit_history_tweet_ids": ["1449446181264789504"], "id": "1449446181264789504"}, {"created_at": "2021-10-16T18:44:04.000Z", "text": "RT @EconomistaFlait: Esta estrategia de campa\u00f1a es brillante: El economista PC Ram\u00f3n L\u00f3pez le tira caca a @gabrielboric y entonces uno dice\u2026", "author_id": "265728396", "edit_history_tweet_ids": ["1449446058593976320"], "id": "1449446058593976320"}, {"created_at": "2021-10-16T18:42:50.000Z", "text": "RT @EconomistaFlait: Esta estrategia de campa\u00f1a es brillante: El economista PC Ram\u00f3n L\u00f3pez le tira caca a @gabrielboric y entonces uno dice\u2026", "author_id": "321711190", "edit_history_tweet_ids": ["1449445747091546123"], "id": "1449445747091546123"}, {"created_at": "2021-10-16T18:42:36.000Z", "text": "RT @EconomistaFlait: Esta estrategia de campa\u00f1a es brillante: El economista PC Ram\u00f3n L\u00f3pez le tira caca a @gabrielboric y entonces uno dice\u2026", "author_id": "1022586728769572873", "edit_history_tweet_ids": ["1449445691772837888"], "id": "1449445691772837888"}, {"created_at": "2021-10-16T18:42:35.000Z", "text": "RT @EconomistaFlait: Esta estrategia de campa\u00f1a es brillante: El economista PC Ram\u00f3n L\u00f3pez le tira caca a @gabrielboric y entonces uno dice\u2026", "author_id": "824398414171504640", "edit_history_tweet_ids": ["1449445683866472450"], "id": "1449445683866472450"}, {"created_at": "2021-10-16T18:42:08.000Z", "text": "RT @EconomistaFlait: El chanter\u00edo intelectual de Ram\u00f3n L\u00f3pez y Manuel Riesco es pa la cag\u00e1. Comparan lo q est\u00e1 haciendo Marcel al subir las\u2026", "author_id": "1143231819577528320", "edit_history_tweet_ids": ["1449445571660369923"], "id": "1449445571660369923"}, {"created_at": "2021-10-16T18:40:51.000Z", "text": "RT @IPerezTuesta: No s\u00e9 qu\u00e9 tanto l\u00edo por lo del nombre. Yo conozco uno que no se complicaba: en el carnet ten\u00eda 3 (Augusto Jos\u00e9 Ram\u00f3n), cu\u2026", "author_id": "1402738828910252032", "edit_history_tweet_ids": ["1449445250540343296"], "id": "1449445250540343296"}, {"created_at": "2021-10-16T18:40:30.000Z", "text": "RT @EconomistaFlait: Esta estrategia de campa\u00f1a es brillante: El economista PC Ram\u00f3n L\u00f3pez le tira caca a @gabrielboric y entonces uno dice\u2026", "author_id": "1172876552675188741", "edit_history_tweet_ids": ["1449445159788335104"], "id": "1449445159788335104"}, {"created_at": "2021-10-16T18:40:22.000Z", "text": "RT @EconomistaFlait: Esta estrategia de campa\u00f1a es brillante: El economista PC Ram\u00f3n L\u00f3pez le tira caca a @gabrielboric y entonces uno dice\u2026", "author_id": "95214815", "edit_history_tweet_ids": ["1449445128247021571"], "id": "1449445128247021571"}, {"created_at": "2021-10-16T18:39:24.000Z", "text": "RT @EconomistaFlait: Esta estrategia de campa\u00f1a es brillante: El economista PC Ram\u00f3n L\u00f3pez le tira caca a @gabrielboric y entonces uno dice\u2026", "author_id": "1258115753817055234", "edit_history_tweet_ids": ["1449444883001868291"], "id": "1449444883001868291"}, {"created_at": "2021-10-16T18:39:11.000Z", "text": "RT @EconomistaFlait: Esta estrategia de campa\u00f1a es brillante: El economista PC Ram\u00f3n L\u00f3pez le tira caca a @gabrielboric y entonces uno dice\u2026", "author_id": "133992085", "edit_history_tweet_ids": ["1449444830770200576"], "id": "1449444830770200576"}, {"created_at": "2021-10-16T18:39:00.000Z", "text": "RT @EconomistaFlait: Esta estrategia de campa\u00f1a es brillante: El economista PC Ram\u00f3n L\u00f3pez le tira caca a @gabrielboric y entonces uno dice\u2026", "author_id": "459930822", "edit_history_tweet_ids": ["1449444781864673284"], "id": "1449444781864673284"}, {"created_at": "2021-10-16T18:37:50.000Z", "text": "Esta estrategia de campa\u00f1a es brillante: El economista PC Ram\u00f3n L\u00f3pez le tira caca a @gabrielboric y entonces uno dice: - uta si Ram\u00f3n L\u00f3pez piensa que es malo, capaz que sea weno jajaja https://t.co/0s1hViy9z6 https://t.co/SOYNt57O3Y", "author_id": "400579091", "edit_history_tweet_ids": ["1449444491136364546"], "id": "1449444491136364546"}, {"created_at": "2021-10-16T18:27:06.000Z", "text": "RT @IPerezTuesta: No s\u00e9 qu\u00e9 tanto l\u00edo por lo del nombre. Yo conozco uno que no se complicaba: en el carnet ten\u00eda 3 (Augusto Jos\u00e9 Ram\u00f3n), cu\u2026", "author_id": "219105322", "edit_history_tweet_ids": ["1449441790180814850"], "id": "1449441790180814850"}, {"created_at": "2021-10-16T18:26:26.000Z", "text": "RT @sotojuanjo: Hot @gabrielboric dej\u00f3 claro que defiende la autonom\u00eda del BC. Que Ram\u00f3n Lopez no pincha ni corta y que Jadue perdi\u00f3 la pri\u2026", "author_id": "1196534820417032192", "edit_history_tweet_ids": ["1449441620982595586"], "id": "1449441620982595586"}, {"created_at": "2021-10-16T18:25:12.000Z", "text": "Los nuevos ensanches de Madrid: la morfolog\u00eda residencial de la periferia reciente, 1985-1993.\nRam\u00f3n L\u00f3pez de Lucio y Agust\u00edn Hern\u00e1ndez Aja (1995)\n\nLos @Tres_Olivos\nUna plaza vac\u00eda en el fondo de la vaguada.\n\nhttps://t.co/1gFjvuoEOu https://t.co/jvFkcKU40G", "author_id": "1417281468808716338", "edit_history_tweet_ids": ["1449441310369370118"], "id": "1449441310369370118"}, {"created_at": "2021-10-16T18:21:19.000Z", "text": "RT @IPerezTuesta: No s\u00e9 qu\u00e9 tanto l\u00edo por lo del nombre. Yo conozco uno que no se complicaba: en el carnet ten\u00eda 3 (Augusto Jos\u00e9 Ram\u00f3n), cu\u2026", "author_id": "104842847", "edit_history_tweet_ids": ["1449440332014178304"], "id": "1449440332014178304"}, {"created_at": "2021-10-16T18:19:03.000Z", "text": "RT @IPerezTuesta: No s\u00e9 qu\u00e9 tanto l\u00edo por lo del nombre. Yo conozco uno que no se complicaba: en el carnet ten\u00eda 3 (Augusto Jos\u00e9 Ram\u00f3n), cu\u2026", "author_id": "78747738", "edit_history_tweet_ids": ["1449439761853140993"], "id": "1449439761853140993"}, {"created_at": "2021-10-16T18:18:17.000Z", "text": "RT @IPerezTuesta: No s\u00e9 qu\u00e9 tanto l\u00edo por lo del nombre. Yo conozco uno que no se complicaba: en el carnet ten\u00eda 3 (Augusto Jos\u00e9 Ram\u00f3n), cu\u2026", "author_id": "1589873912", "edit_history_tweet_ids": ["1449439569741373443"], "id": "1449439569741373443"}, {"created_at": "2021-10-16T18:16:54.000Z", "text": "RT @IPerezTuesta: No s\u00e9 qu\u00e9 tanto l\u00edo por lo del nombre. Yo conozco uno que no se complicaba: en el carnet ten\u00eda 3 (Augusto Jos\u00e9 Ram\u00f3n), cu\u2026", "author_id": "162949978", "edit_history_tweet_ids": ["1449439223405178880"], "id": "1449439223405178880"}, {"created_at": "2021-10-16T18:15:24.000Z", "text": "RT @IPerezTuesta: No s\u00e9 qu\u00e9 tanto l\u00edo por lo del nombre. Yo conozco uno que no se complicaba: en el carnet ten\u00eda 3 (Augusto Jos\u00e9 Ram\u00f3n), cu\u2026", "author_id": "1187793245859995648", "edit_history_tweet_ids": ["1449438845339013123"], "id": "1449438845339013123"}, {"created_at": "2021-10-16T18:14:32.000Z", "text": "RT @IPerezTuesta: No s\u00e9 qu\u00e9 tanto l\u00edo por lo del nombre. Yo conozco uno que no se complicaba: en el carnet ten\u00eda 3 (Augusto Jos\u00e9 Ram\u00f3n), cu\u2026", "author_id": "338341064", "edit_history_tweet_ids": ["1449438628594077696"], "id": "1449438628594077696"}, {"created_at": "2021-10-16T18:09:52.000Z", "text": "RT @IPerezTuesta: No s\u00e9 qu\u00e9 tanto l\u00edo por lo del nombre. Yo conozco uno que no se complicaba: en el carnet ten\u00eda 3 (Augusto Jos\u00e9 Ram\u00f3n), cu\u2026", "author_id": "2806269140", "edit_history_tweet_ids": ["1449437452138131460"], "id": "1449437452138131460"}, {"created_at": "2021-10-16T18:05:58.000Z", "text": "RT @IPerezTuesta: No s\u00e9 qu\u00e9 tanto l\u00edo por lo del nombre. Yo conozco uno que no se complicaba: en el carnet ten\u00eda 3 (Augusto Jos\u00e9 Ram\u00f3n), cu\u2026", "author_id": "76871789", "edit_history_tweet_ids": ["1449436471136436228"], "id": "1449436471136436228"}, {"created_at": "2021-10-16T18:05:36.000Z", "text": "RT @IPerezTuesta: No s\u00e9 qu\u00e9 tanto l\u00edo por lo del nombre. Yo conozco uno que no se complicaba: en el carnet ten\u00eda 3 (Augusto Jos\u00e9 Ram\u00f3n), cu\u2026", "author_id": "982709922994454531", "edit_history_tweet_ids": ["1449436379398672387"], "id": "1449436379398672387"}, {"created_at": "2021-10-16T18:04:53.000Z", "text": "RT @F_Fernandez_F: Tuve oportunidad de estudiar en persona un ejemplar de la primera edici\u00f3n de Zozobra (1919), el libro m\u00e1s importante de\u2026", "author_id": "188088831", "edit_history_tweet_ids": ["1449436198452137985"], "id": "1449436198452137985"}, {"created_at": "2021-10-16T18:03:56.000Z", "text": "RT @IPerezTuesta: No s\u00e9 qu\u00e9 tanto l\u00edo por lo del nombre. Yo conozco uno que no se complicaba: en el carnet ten\u00eda 3 (Augusto Jos\u00e9 Ram\u00f3n), cu\u2026", "author_id": "67516316", "edit_history_tweet_ids": ["1449435960228286465"], "id": "1449435960228286465"}, {"created_at": "2021-10-16T18:03:37.000Z", "text": "RT @IPerezTuesta: No s\u00e9 qu\u00e9 tanto l\u00edo por lo del nombre. Yo conozco uno que no se complicaba: en el carnet ten\u00eda 3 (Augusto Jos\u00e9 Ram\u00f3n), cu\u2026", "author_id": "32643084", "edit_history_tweet_ids": ["1449435879701897217"], "id": "1449435879701897217"}, {"created_at": "2021-10-16T18:00:53.000Z", "text": "RT @sotojuanjo: Hot @gabrielboric dej\u00f3 claro que defiende la autonom\u00eda del BC. Que Ram\u00f3n Lopez no pincha ni corta y que Jadue perdi\u00f3 la pri\u2026", "author_id": "2273006797", "edit_history_tweet_ids": ["1449435191450103810"], "id": "1449435191450103810"}, {"created_at": "2021-10-16T18:00:25.000Z", "text": "RT @sotojuanjo: Hot @gabrielboric dej\u00f3 claro que defiende la autonom\u00eda del BC. Que Ram\u00f3n Lopez no pincha ni corta y que Jadue perdi\u00f3 la pri\u2026", "author_id": "1237051031776899074", "edit_history_tweet_ids": ["1449435074051678209"], "id": "1449435074051678209"}, {"created_at": "2021-10-16T17:58:32.000Z", "text": "RT @IPerezTuesta: No s\u00e9 qu\u00e9 tanto l\u00edo por lo del nombre. Yo conozco uno que no se complicaba: en el carnet ten\u00eda 3 (Augusto Jos\u00e9 Ram\u00f3n), cu\u2026", "author_id": "1312835069086765063", "edit_history_tweet_ids": ["1449434601907126276"], "id": "1449434601907126276"}, {"created_at": "2021-10-16T17:57:08.000Z", "text": "RT @F_Fernandez_F: Tuve oportunidad de estudiar en persona un ejemplar de la primera edici\u00f3n de Zozobra (1919), el libro m\u00e1s importante de\u2026", "author_id": "82761255", "edit_history_tweet_ids": ["1449434249577205760"], "id": "1449434249577205760"}, {"created_at": "2021-10-16T17:57:05.000Z", "text": "RT @IPerezTuesta: No s\u00e9 qu\u00e9 tanto l\u00edo por lo del nombre. Yo conozco uno que no se complicaba: en el carnet ten\u00eda 3 (Augusto Jos\u00e9 Ram\u00f3n), cu\u2026", "author_id": "1277357893478744064", "edit_history_tweet_ids": ["1449434234628632576"], "id": "1449434234628632576"}, {"created_at": "2021-10-16T17:56:56.000Z", "text": "RT @IPerezTuesta: No s\u00e9 qu\u00e9 tanto l\u00edo por lo del nombre. Yo conozco uno que no se complicaba: en el carnet ten\u00eda 3 (Augusto Jos\u00e9 Ram\u00f3n), cu\u2026", "author_id": "70727037", "edit_history_tweet_ids": ["1449434199102930944"], "id": "1449434199102930944"}, {"created_at": "2021-10-16T17:56:44.000Z", "text": "\ud83d\udd35 \u00a1Alineaci\u00f3n del #M\u00e1laga!\n\nEl exzaragocista Peybernes es titular en el equipo de Jos\u00e9 Alberto L\u00f3pez contra el Real Zaragoza.\n\n1\u20e31\u20e3 Dani, V\u00edctor G., Juande, Peybernes, Jim\u00e9nez, Ram\u00f3n, Genaro, Jozabed, Kevin, Roberto y Brandon. https://t.co/7ywuQHbelB", "author_id": "15580894", "edit_history_tweet_ids": ["1449434145755643912"], "id": "1449434145755643912"}, {"created_at": "2021-10-16T17:56:32.000Z", "text": "RT @IPerezTuesta: No s\u00e9 qu\u00e9 tanto l\u00edo por lo del nombre. Yo conozco uno que no se complicaba: en el carnet ten\u00eda 3 (Augusto Jos\u00e9 Ram\u00f3n), cu\u2026", "author_id": "559871299", "edit_history_tweet_ids": ["1449434097005121537"], "id": "1449434097005121537"}, {"created_at": "2021-10-16T17:53:40.000Z", "text": "RT @IPerezTuesta: No s\u00e9 qu\u00e9 tanto l\u00edo por lo del nombre. Yo conozco uno que no se complicaba: en el carnet ten\u00eda 3 (Augusto Jos\u00e9 Ram\u00f3n), cu\u2026", "author_id": "1285636654607343617", "edit_history_tweet_ids": ["1449433374074961923"], "id": "1449433374074961923"}, {"created_at": "2021-10-16T17:46:13.000Z", "text": "RT @IPerezTuesta: No s\u00e9 qu\u00e9 tanto l\u00edo por lo del nombre. Yo conozco uno que no se complicaba: en el carnet ten\u00eda 3 (Augusto Jos\u00e9 Ram\u00f3n), cu\u2026", "author_id": "263022962", "edit_history_tweet_ids": ["1449431499917381640"], "id": "1449431499917381640"}, {"created_at": "2021-10-16T17:42:09.000Z", "text": "RT @IPerezTuesta: No s\u00e9 qu\u00e9 tanto l\u00edo por lo del nombre. Yo conozco uno que no se complicaba: en el carnet ten\u00eda 3 (Augusto Jos\u00e9 Ram\u00f3n), cu\u2026", "author_id": "2890051564", "edit_history_tweet_ids": ["1449430477920608256"], "id": "1449430477920608256"}, {"created_at": "2021-10-16T17:39:45.000Z", "text": "RT @EconomistaFlait: El chanter\u00edo intelectual de Ram\u00f3n L\u00f3pez y Manuel Riesco es pa la cag\u00e1. Comparan lo q est\u00e1 haciendo Marcel al subir las\u2026", "author_id": "113517614", "edit_history_tweet_ids": ["1449429873710141443"], "id": "1449429873710141443"}, {"created_at": "2021-10-16T17:37:36.000Z", "text": "RT @IPerezTuesta: No s\u00e9 qu\u00e9 tanto l\u00edo por lo del nombre. Yo conozco uno que no se complicaba: en el carnet ten\u00eda 3 (Augusto Jos\u00e9 Ram\u00f3n), cu\u2026", "author_id": "280735069", "edit_history_tweet_ids": ["1449429331759939589"], "id": "1449429331759939589"}, {"created_at": "2021-10-16T17:37:17.000Z", "text": "Once titular confirmado del @MalagaCF : Genaro, Ram\u00f3n y Jozabed ser\u00e1n de la partido e intentar\u00e1n que el equipo de Jose Alberto L\u00f3pez logre nuevamente los tres puntos en su feudo ante el @RealZaragoza https://t.co/9ZdVppd5TD", "author_id": "385993618", "edit_history_tweet_ids": ["1449429252038926339"], "id": "1449429252038926339"}, {"created_at": "2021-10-16T17:35:36.000Z", "text": "RT @IPerezTuesta: No s\u00e9 qu\u00e9 tanto l\u00edo por lo del nombre. Yo conozco uno que no se complicaba: en el carnet ten\u00eda 3 (Augusto Jos\u00e9 Ram\u00f3n), cu\u2026", "author_id": "1443989773", "edit_history_tweet_ids": ["1449428830473490439"], "id": "1449428830473490439"}, {"created_at": "2021-10-16T17:34:58.000Z", "text": "RT @IPerezTuesta: No s\u00e9 qu\u00e9 tanto l\u00edo por lo del nombre. Yo conozco uno que no se complicaba: en el carnet ten\u00eda 3 (Augusto Jos\u00e9 Ram\u00f3n), cu\u2026", "author_id": "206846771", "edit_history_tweet_ids": ["1449428671379300358"], "id": "1449428671379300358"}, {"created_at": "2021-10-16T17:34:12.000Z", "text": "RT @EconomistaFlait: El chanter\u00edo intelectual de Ram\u00f3n L\u00f3pez y Manuel Riesco es pa la cag\u00e1. Comparan lo q est\u00e1 haciendo Marcel al subir las\u2026", "author_id": "63618999", "edit_history_tweet_ids": ["1449428474729488384"], "id": "1449428474729488384"}, {"created_at": "2021-10-16T17:34:11.000Z", "text": "RT @IPerezTuesta: No s\u00e9 qu\u00e9 tanto l\u00edo por lo del nombre. Yo conozco uno que no se complicaba: en el carnet ten\u00eda 3 (Augusto Jos\u00e9 Ram\u00f3n), cu\u2026", "author_id": "522844830", "edit_history_tweet_ids": ["1449428471680225285"], "id": "1449428471680225285"}, {"created_at": "2021-10-16T17:32:47.000Z", "text": "RT @PrensaComunitar: El abogado Ram\u00f3n Cadena, de la Comisi\u00f3n Internacional de Juristas, se\u00f1al\u00f3 que el proceso de Rudy L\u00f3pez Pablo es otro c\u2026", "author_id": "2151956467", "edit_history_tweet_ids": ["1449428120004616194"], "id": "1449428120004616194"}, {"created_at": "2021-10-16T17:32:20.000Z", "text": "RT @IPerezTuesta: No s\u00e9 qu\u00e9 tanto l\u00edo por lo del nombre. Yo conozco uno que no se complicaba: en el carnet ten\u00eda 3 (Augusto Jos\u00e9 Ram\u00f3n), cu\u2026", "author_id": "757369617874579456", "edit_history_tweet_ids": ["1449428005416275975"], "id": "1449428005416275975"}, {"created_at": "2021-10-16T17:30:30.000Z", "text": "Maravillosa Residencia en Nueva Galicia Residencial \ud83e\udd29\ud83c\udfe1\n\ud83d\udccdCamino Real a Colima, L\u00f3pez Mateos, Av. Ram\u00f3n Corona, centros comerciales, escuelas, Tlajomulco de Z\u00fa\u00f1iga\ud83d\ude0d \n\nWA \ud83d\udcf13338091149 o da clic https://t.co/3kivjoblae https://t.co/eDABC92Ilz", "author_id": "321684923", "edit_history_tweet_ids": ["1449427546039332867"], "id": "1449427546039332867"}, {"created_at": "2021-10-16T17:28:59.000Z", "text": "RT @IPerezTuesta: No s\u00e9 qu\u00e9 tanto l\u00edo por lo del nombre. Yo conozco uno que no se complicaba: en el carnet ten\u00eda 3 (Augusto Jos\u00e9 Ram\u00f3n), cu\u2026", "author_id": "569577570", "edit_history_tweet_ids": ["1449427161790631936"], "id": "1449427161790631936"}, {"created_at": "2021-10-16T17:28:08.000Z", "text": "RT @F_Fernandez_F: Tuve oportunidad de estudiar en persona un ejemplar de la primera edici\u00f3n de Zozobra (1919), el libro m\u00e1s importante de\u2026", "author_id": "1304078929162989569", "edit_history_tweet_ids": ["1449426951446351872"], "id": "1449426951446351872"}, {"created_at": "2021-10-16T17:26:28.000Z", "text": "RT @IPerezTuesta: No s\u00e9 qu\u00e9 tanto l\u00edo por lo del nombre. Yo conozco uno que no se complicaba: en el carnet ten\u00eda 3 (Augusto Jos\u00e9 Ram\u00f3n), cu\u2026", "author_id": "1715491554", "edit_history_tweet_ids": ["1449426530564820993"], "id": "1449426530564820993"}, {"created_at": "2021-10-16T17:25:03.000Z", "text": "RT @IPerezTuesta: No s\u00e9 qu\u00e9 tanto l\u00edo por lo del nombre. Yo conozco uno que no se complicaba: en el carnet ten\u00eda 3 (Augusto Jos\u00e9 Ram\u00f3n), cu\u2026", "author_id": "1532558798", "edit_history_tweet_ids": ["1449426175021834241"], "id": "1449426175021834241"}, {"created_at": "2021-10-16T17:22:50.000Z", "text": "RT @IPerezTuesta: No s\u00e9 qu\u00e9 tanto l\u00edo por lo del nombre. Yo conozco uno que no se complicaba: en el carnet ten\u00eda 3 (Augusto Jos\u00e9 Ram\u00f3n), cu\u2026", "author_id": "3111933089", "edit_history_tweet_ids": ["1449425617280110593"], "id": "1449425617280110593"}, {"created_at": "2021-10-16T17:22:37.000Z", "text": "RT @IPerezTuesta: No s\u00e9 qu\u00e9 tanto l\u00edo por lo del nombre. Yo conozco uno que no se complicaba: en el carnet ten\u00eda 3 (Augusto Jos\u00e9 Ram\u00f3n), cu\u2026", "author_id": "28044540", "edit_history_tweet_ids": ["1449425560518680584"], "id": "1449425560518680584"}, {"created_at": "2021-10-16T17:22:31.000Z", "text": "RT @IPerezTuesta: No s\u00e9 qu\u00e9 tanto l\u00edo por lo del nombre. Yo conozco uno que no se complicaba: en el carnet ten\u00eda 3 (Augusto Jos\u00e9 Ram\u00f3n), cu\u2026", "author_id": "746714763904749570", "edit_history_tweet_ids": ["1449425535600189452"], "id": "1449425535600189452"}, {"created_at": "2021-10-16T17:22:06.000Z", "text": "RT @IPerezTuesta: No s\u00e9 qu\u00e9 tanto l\u00edo por lo del nombre. Yo conozco uno que no se complicaba: en el carnet ten\u00eda 3 (Augusto Jos\u00e9 Ram\u00f3n), cu\u2026", "author_id": "118172176", "edit_history_tweet_ids": ["1449425431057231882"], "id": "1449425431057231882"}, {"created_at": "2021-10-16T17:14:55.000Z", "text": "RT @EconomistaFlait: El chanter\u00edo intelectual de Ram\u00f3n L\u00f3pez y Manuel Riesco es pa la cag\u00e1. Comparan lo q est\u00e1 haciendo Marcel al subir las\u2026", "author_id": "252660709", "edit_history_tweet_ids": ["1449423625413595141"], "id": "1449423625413595141"}, {"created_at": "2021-10-16T17:10:11.000Z", "text": "RT @IPerezTuesta: No s\u00e9 qu\u00e9 tanto l\u00edo por lo del nombre. Yo conozco uno que no se complicaba: en el carnet ten\u00eda 3 (Augusto Jos\u00e9 Ram\u00f3n), cu\u2026", "author_id": "466038274", "edit_history_tweet_ids": ["1449422431660044297"], "id": "1449422431660044297"}, {"created_at": "2021-10-16T17:07:40.000Z", "text": "RT @IPerezTuesta: No s\u00e9 qu\u00e9 tanto l\u00edo por lo del nombre. Yo conozco uno que no se complicaba: en el carnet ten\u00eda 3 (Augusto Jos\u00e9 Ram\u00f3n), cu\u2026", "author_id": "1942186116", "edit_history_tweet_ids": ["1449421800622882819"], "id": "1449421800622882819"}, {"created_at": "2021-10-16T17:03:57.000Z", "text": "RT @IPerezTuesta: No s\u00e9 qu\u00e9 tanto l\u00edo por lo del nombre. Yo conozco uno que no se complicaba: en el carnet ten\u00eda 3 (Augusto Jos\u00e9 Ram\u00f3n), cu\u2026", "author_id": "119682587", "edit_history_tweet_ids": ["1449420863707619328"], "id": "1449420863707619328"}, {"created_at": "2021-10-16T17:03:45.000Z", "text": "RT @LopezCesar2504: H\u00e9roes de la Defensa de La Revoluci\u00f3n\n#25Septiembre 1986: Cae en combate el Cro. Sofio S\u00e1nchez Hern\u00e1ndez, en la comunid\u2026", "author_id": "1412933898833702913", "edit_history_tweet_ids": ["1449420814625882114"], "id": "1449420814625882114"}, {"created_at": "2021-10-16T17:01:28.000Z", "text": "RT @IPerezTuesta: No s\u00e9 qu\u00e9 tanto l\u00edo por lo del nombre. Yo conozco uno que no se complicaba: en el carnet ten\u00eda 3 (Augusto Jos\u00e9 Ram\u00f3n), cu\u2026", "author_id": "2999781993", "edit_history_tweet_ids": ["1449420237091213312"], "id": "1449420237091213312"}, {"created_at": "2021-10-16T16:58:47.000Z", "text": "RT @EconomistaFlait: El chanter\u00edo intelectual de Ram\u00f3n L\u00f3pez y Manuel Riesco es pa la cag\u00e1. Comparan lo q est\u00e1 haciendo Marcel al subir las\u2026", "author_id": "2165230101", "edit_history_tweet_ids": ["1449419563808997390"], "id": "1449419563808997390"}, {"created_at": "2021-10-16T16:58:28.000Z", "text": "RT @IPerezTuesta: No s\u00e9 qu\u00e9 tanto l\u00edo por lo del nombre. Yo conozco uno que no se complicaba: en el carnet ten\u00eda 3 (Augusto Jos\u00e9 Ram\u00f3n), cu\u2026", "author_id": "1280934836589428737", "edit_history_tweet_ids": ["1449419482972102657"], "id": "1449419482972102657"}, {"created_at": "2021-10-16T16:58:08.000Z", "text": "RT @IPerezTuesta: No s\u00e9 qu\u00e9 tanto l\u00edo por lo del nombre. Yo conozco uno que no se complicaba: en el carnet ten\u00eda 3 (Augusto Jos\u00e9 Ram\u00f3n), cu\u2026", "author_id": "163115262", "edit_history_tweet_ids": ["1449419398381326339"], "id": "1449419398381326339"}], "meta": {"newest_id": "1449457407936008193", "oldest_id": "1449419398381326339", "result_count": 100, "next_token": "b26v89c19zqg8o3fpds9t0vukzkjul5726tosc6jaadml"}}