{"data": [{"id": "1448705327415775244", "edit_history_tweet_ids": ["1448705327415775244"], "text": "RT @jtgazmuri: Grau y Boric son ambos de ultra izquierda y no son capaces de ponerse de acuerdo en conceptos b\u00e1sicos, mientras Ram\u00f3n L\u00f3pez\u2026", "created_at": "2021-10-14T17:40:40.000Z", "author_id": "49516150"}, {"id": "1448704767308402689", "edit_history_tweet_ids": ["1448704767308402689"], "text": "RT @jtgazmuri: Grau y Boric son ambos de ultra izquierda y no son capaces de ponerse de acuerdo en conceptos b\u00e1sicos, mientras Ram\u00f3n L\u00f3pez\u2026", "created_at": "2021-10-14T17:38:26.000Z", "author_id": "539404864"}, {"id": "1448704715328565255", "edit_history_tweet_ids": ["1448704715328565255"], "text": "RT @jtgazmuri: Grau y Boric son ambos de ultra izquierda y no son capaces de ponerse de acuerdo en conceptos b\u00e1sicos, mientras Ram\u00f3n L\u00f3pez\u2026", "created_at": "2021-10-14T17:38:14.000Z", "author_id": "1188608065186205696"}, {"id": "1448704698559516674", "edit_history_tweet_ids": ["1448704698559516674"], "text": "RT @jtgazmuri: Grau y Boric son ambos de ultra izquierda y no son capaces de ponerse de acuerdo en conceptos b\u00e1sicos, mientras Ram\u00f3n L\u00f3pez\u2026", "created_at": "2021-10-14T17:38:10.000Z", "author_id": "551485478"}, {"id": "1448704581043580928", "edit_history_tweet_ids": ["1448704581043580928"], "text": "RT @Bnjmin__: No pero Ram\u00f3n Lopez \ud83e\udd2a https://t.co/KJn61hJlnm", "created_at": "2021-10-14T17:37:42.000Z", "author_id": "2313785276"}, {"id": "1448704429968953345", "edit_history_tweet_ids": ["1448704429968953345"], "text": "RT @jtgazmuri: Grau y Boric son ambos de ultra izquierda y no son capaces de ponerse de acuerdo en conceptos b\u00e1sicos, mientras Ram\u00f3n L\u00f3pez\u2026", "created_at": "2021-10-14T17:37:06.000Z", "author_id": "1022031888"}, {"id": "1448704404849188865", "edit_history_tweet_ids": ["1448704404849188865"], "text": "RT @jtgazmuri: Grau y Boric son ambos de ultra izquierda y no son capaces de ponerse de acuerdo en conceptos b\u00e1sicos, mientras Ram\u00f3n L\u00f3pez\u2026", "created_at": "2021-10-14T17:37:00.000Z", "author_id": "1198005784233357312"}, {"id": "1448704374507704331", "edit_history_tweet_ids": ["1448704374507704331"], "text": "No era ram\u00f3n l\u00f3pez el que estaba tan orgulloso de la victoria talibana??? https://t.co/54ahBBIaIU", "created_at": "2021-10-14T17:36:53.000Z", "author_id": "109438738"}, {"id": "1448704335076990996", "edit_history_tweet_ids": ["1448704335076990996"], "text": "RT @jtgazmuri: Grau y Boric son ambos de ultra izquierda y no son capaces de ponerse de acuerdo en conceptos b\u00e1sicos, mientras Ram\u00f3n L\u00f3pez\u2026", "created_at": "2021-10-14T17:36:43.000Z", "author_id": "109871816"}, {"id": "1448704288969007135", "edit_history_tweet_ids": ["1448704288969007135"], "text": "RT @jtgazmuri: Grau y Boric son ambos de ultra izquierda y no son capaces de ponerse de acuerdo en conceptos b\u00e1sicos, mientras Ram\u00f3n L\u00f3pez\u2026", "created_at": "2021-10-14T17:36:32.000Z", "author_id": "229161754"}, {"id": "1448704228436975622", "edit_history_tweet_ids": ["1448704228436975622"], "text": "definitivamente  a ramon lopez le falla el cerebro", "created_at": "2021-10-14T17:36:18.000Z", "author_id": "963510628727054338"}, {"id": "1448703865075867653", "edit_history_tweet_ids": ["1448703865075867653"], "text": "RT @jtgazmuri: Grau y Boric son ambos de ultra izquierda y no son capaces de ponerse de acuerdo en conceptos b\u00e1sicos, mientras Ram\u00f3n L\u00f3pez\u2026", "created_at": "2021-10-14T17:34:51.000Z", "author_id": "703799209"}, {"id": "1448703834348396557", "edit_history_tweet_ids": ["1448703834348396557"], "text": "RT @jtgazmuri: Grau y Boric son ambos de ultra izquierda y no son capaces de ponerse de acuerdo en conceptos b\u00e1sicos, mientras Ram\u00f3n L\u00f3pez\u2026", "created_at": "2021-10-14T17:34:44.000Z", "author_id": "21332602"}, {"id": "1448703350921474051", "edit_history_tweet_ids": ["1448703350921474051"], "text": "RT @jtgazmuri: Grau y Boric son ambos de ultra izquierda y no son capaces de ponerse de acuerdo en conceptos b\u00e1sicos, mientras Ram\u00f3n L\u00f3pez\u2026", "created_at": "2021-10-14T17:32:49.000Z", "author_id": "13690122"}, {"id": "1448703290779181061", "edit_history_tweet_ids": ["1448703290779181061"], "text": "RT @jtgazmuri: Grau y Boric son ambos de ultra izquierda y no son capaces de ponerse de acuerdo en conceptos b\u00e1sicos, mientras Ram\u00f3n L\u00f3pez\u2026", "created_at": "2021-10-14T17:32:34.000Z", "author_id": "106101267"}, {"id": "1448702995932360713", "edit_history_tweet_ids": ["1448702995932360713"], "text": "RT @jtgazmuri: Grau y Boric son ambos de ultra izquierda y no son capaces de ponerse de acuerdo en conceptos b\u00e1sicos, mientras Ram\u00f3n L\u00f3pez\u2026", "created_at": "2021-10-14T17:31:24.000Z", "author_id": "1172876552675188741"}, {"id": "1448702957093113859", "edit_history_tweet_ids": ["1448702957093113859"], "text": "RT @jtgazmuri: Grau y Boric son ambos de ultra izquierda y no son capaces de ponerse de acuerdo en conceptos b\u00e1sicos, mientras Ram\u00f3n L\u00f3pez\u2026", "created_at": "2021-10-14T17:31:15.000Z", "author_id": "1199335078460919817"}, {"id": "1448702768114376716", "edit_history_tweet_ids": ["1448702768114376716"], "text": "RT @jtgazmuri: Grau y Boric son ambos de ultra izquierda y no son capaces de ponerse de acuerdo en conceptos b\u00e1sicos, mientras Ram\u00f3n L\u00f3pez\u2026", "created_at": "2021-10-14T17:30:30.000Z", "author_id": "338965624"}, {"id": "1448702750456356910", "edit_history_tweet_ids": ["1448702750456356910"], "text": "RT @jtgazmuri: Grau y Boric son ambos de ultra izquierda y no son capaces de ponerse de acuerdo en conceptos b\u00e1sicos, mientras Ram\u00f3n L\u00f3pez\u2026", "created_at": "2021-10-14T17:30:25.000Z", "author_id": "45045371"}, {"id": "1448702666687795200", "edit_history_tweet_ids": ["1448702666687795200"], "text": "RT @jtgazmuri: Grau y Boric son ambos de ultra izquierda y no son capaces de ponerse de acuerdo en conceptos b\u00e1sicos, mientras Ram\u00f3n L\u00f3pez\u2026", "created_at": "2021-10-14T17:30:05.000Z", "author_id": "1197675294037073920"}, {"id": "1448702592263987213", "edit_history_tweet_ids": ["1448702592263987213"], "text": "RT @jtgazmuri: Grau y Boric son ambos de ultra izquierda y no son capaces de ponerse de acuerdo en conceptos b\u00e1sicos, mientras Ram\u00f3n L\u00f3pez\u2026", "created_at": "2021-10-14T17:29:48.000Z", "author_id": "99370774"}, {"id": "1448702507966865417", "edit_history_tweet_ids": ["1448702507966865417"], "text": "RT @jtgazmuri: Grau y Boric son ambos de ultra izquierda y no son capaces de ponerse de acuerdo en conceptos b\u00e1sicos, mientras Ram\u00f3n L\u00f3pez\u2026", "created_at": "2021-10-14T17:29:28.000Z", "author_id": "15670747"}, {"id": "1448702481605664779", "edit_history_tweet_ids": ["1448702481605664779"], "text": "RT @jtgazmuri: Grau y Boric son ambos de ultra izquierda y no son capaces de ponerse de acuerdo en conceptos b\u00e1sicos, mientras Ram\u00f3n L\u00f3pez\u2026", "created_at": "2021-10-14T17:29:21.000Z", "author_id": "88926817"}, {"id": "1448702236612337665", "edit_history_tweet_ids": ["1448702236612337665"], "text": "Cada vez que leo un mensaje sobre Ram\u00f3n L\u00f3pez me confundo porque pienso en el escen\u00f3grafo.", "created_at": "2021-10-14T17:28:23.000Z", "author_id": "888227372"}, {"id": "1448702083901759499", "edit_history_tweet_ids": ["1448702083901759499"], "text": "RT @jtgazmuri: Grau y Boric son ambos de ultra izquierda y no son capaces de ponerse de acuerdo en conceptos b\u00e1sicos, mientras Ram\u00f3n L\u00f3pez\u2026", "created_at": "2021-10-14T17:27:47.000Z", "author_id": "174065270"}, {"id": "1448701939823390723", "edit_history_tweet_ids": ["1448701939823390723"], "text": "RT @jtgazmuri: Grau y Boric son ambos de ultra izquierda y no son capaces de ponerse de acuerdo en conceptos b\u00e1sicos, mientras Ram\u00f3n L\u00f3pez\u2026", "created_at": "2021-10-14T17:27:12.000Z", "author_id": "1219111370182004737"}, {"id": "1448701738370883584", "edit_history_tweet_ids": ["1448701738370883584"], "text": "@leovolando Ram\u00f3n L\u00f3pez debi\u00f3 ser el primero en callar. Y despu\u00e9s del 18 de julio, con mayor raz\u00f3n", "created_at": "2021-10-14T17:26:24.000Z", "author_id": "1021464919970074624"}, {"id": "1448701511387787270", "edit_history_tweet_ids": ["1448701511387787270"], "text": "Grau y Boric son ambos de ultra izquierda y no son capaces de ponerse de acuerdo en conceptos b\u00e1sicos, mientras Ram\u00f3n L\u00f3pez (asesor de Jadue) dice que el programa est\u00e1 \u201cderechizado\u201d.\n\nEste jard\u00edn infantil de pulmones v\u00edrgenes no puede gobernar. https://t.co/xwmqgIkeZf", "created_at": "2021-10-14T17:25:30.000Z", "author_id": "404538638"}, {"id": "1448699681282793479", "edit_history_tweet_ids": ["1448699681282793479"], "text": "RT @leovolando: Ayer dije que hab\u00eda que callar a Grau y Jadue. Ram\u00f3n L\u00f3pez se une a la lista, chiques", "created_at": "2021-10-14T17:18:14.000Z", "author_id": "149970627"}, {"id": "1448699473782247441", "edit_history_tweet_ids": ["1448699473782247441"], "text": "RT @ultimocable: \ud83c\uddea\ud83c\uddfa Los eurodiputados espa\u00f1oles Leopoldo L\u00f3pez Gil (PP), Jos\u00e9 Ram\u00f3n Bauz\u00e1 (Ciudadanos) y Hermann Tertsch (Vox) exhortaron a\u2026", "created_at": "2021-10-14T17:17:24.000Z", "author_id": "1338236754860634120"}, {"id": "1448698712612642817", "edit_history_tweet_ids": ["1448698712612642817"], "text": "Ayer dije que hab\u00eda que callar a Grau y Jadue. Ram\u00f3n L\u00f3pez se une a la lista, chiques", "created_at": "2021-10-14T17:14:23.000Z", "author_id": "900562149902352386"}, {"id": "1448698237033013248", "edit_history_tweet_ids": ["1448698237033013248"], "text": "RT @EnriqueElGenio: EL PATR\u00d3N HACE LA PEGA SUCIA DEL FUTRE\nLA DC ES PATRONAL Y TODA LA CONCERTACI\u00d3N SE CONTAGI\u00d3 BORIS IGUAL\n\u00a1OJAL\u00c1! #ElCand\u2026", "created_at": "2021-10-14T17:12:29.000Z", "author_id": "1926808232"}, {"id": "1448697848258772992", "edit_history_tweet_ids": ["1448697848258772992"], "text": "RT @EnriqueElGenio: \u00a1SE VIENE LA MASACRE! TAL COMO DIJE EL 2019\n#ElCandidato Fondo E #LaCosaNostraMV Mat\u00edas del R\u00edo Ram\u00f3n L\u00f3pez", "created_at": "2021-10-14T17:10:57.000Z", "author_id": "1926808232"}, {"id": "1448697753060659212", "edit_history_tweet_ids": ["1448697753060659212"], "text": "TARDE ABIERTA. Marta L\u00f3pez-Briones: \"En el Museo Ram\u00f3n Gaya se puede encontrar tambi\u00e9n parte de la historia del arte contempor\u00e1neo de nuestro pa\u00eds\" https://t.co/zXO8sgSzKQ a trav\u00e9s de @ormurcia", "created_at": "2021-10-14T17:10:34.000Z", "author_id": "300407444"}, {"id": "1448697291817160707", "edit_history_tweet_ids": ["1448697291817160707"], "text": "RT @Bnjmin__: No pero Ram\u00f3n Lopez \ud83e\udd2a https://t.co/KJn61hJlnm", "created_at": "2021-10-14T17:08:44.000Z", "author_id": "380938969"}, {"id": "1448697198347276295", "edit_history_tweet_ids": ["1448697198347276295"], "text": "@CNNChile Hay que cerrar la econom\u00eda!!!!, eso siempre ha resultado. Ram\u00f3n Lopez al Banco Central.  Ser\u00e1 Hermostro.  !!!", "created_at": "2021-10-14T17:08:22.000Z", "author_id": "2879609277"}, {"id": "1448695483086540801", "edit_history_tweet_ids": ["1448695483086540801"], "text": "RT @__M_V_A__: Ram\u00f3n L\u00f3pez dijo q el programa de Boric se estaba derechizando? Pero como? Si a mi me dijeron q iba a ser Ministro de Hacien\u2026", "created_at": "2021-10-14T17:01:33.000Z", "author_id": "1369709457844953088"}, {"id": "1448695156996067329", "edit_history_tweet_ids": ["1448695156996067329"], "text": "Ram\u00f3n L\u00f3pez dijo q el programa de Boric se estaba derechizando? Pero como? Si a mi me dijeron q iba a ser Ministro de Hacienda.", "created_at": "2021-10-14T17:00:15.000Z", "author_id": "979768658787491840"}, {"id": "1448689818309955588", "edit_history_tweet_ids": ["1448689818309955588"], "text": "Ramon Lopez y como dejar fuera los factores mas importantes del tema en discusi\u00f3n para traer agua a su molino...\n\nAqui mejor explicado en un hilo https://t.co/0P5uMCLc3h https://t.co/v1lV6PGxuf https://t.co/tVWcEHSNNH", "created_at": "2021-10-14T16:39:02.000Z", "author_id": "734514457532092416"}, {"id": "1448688283123425291", "edit_history_tweet_ids": ["1448688283123425291"], "text": "RT @Bnjmin__: No pero Ram\u00f3n Lopez \ud83e\udd2a https://t.co/KJn61hJlnm", "created_at": "2021-10-14T16:32:56.000Z", "author_id": "576870495"}, {"id": "1448687616262479879", "edit_history_tweet_ids": ["1448687616262479879"], "text": "RT @Bnjmin__: No pero Ram\u00f3n Lopez \ud83e\udd2a https://t.co/KJn61hJlnm", "created_at": "2021-10-14T16:30:17.000Z", "author_id": "3063971716"}, {"id": "1448686881382801414", "edit_history_tweet_ids": ["1448686881382801414"], "text": "RT @AlephEdu: Ram\u00f3n L\u00f3pez cada d\u00eda m\u00e1s chalado. Igual sirve para hacer memes. https://t.co/9ilzt3xPK5", "created_at": "2021-10-14T16:27:22.000Z", "author_id": "987356489638731779"}, {"id": "1448686063208198147", "edit_history_tweet_ids": ["1448686063208198147"], "text": "RT @Bnjmin__: No pero Ram\u00f3n Lopez \ud83e\udd2a https://t.co/KJn61hJlnm", "created_at": "2021-10-14T16:24:07.000Z", "author_id": "1439116089577836544"}, {"id": "1448685017505300480", "edit_history_tweet_ids": ["1448685017505300480"], "text": "Se r\u00eden de Karina Oliva, Ram\u00f3n L\u00f3pez y Grau. Les cuento que los ex Concerta est\u00e1n igual de perdidos. https://t.co/601OodqcEf", "created_at": "2021-10-14T16:19:58.000Z", "author_id": "119289819"}, {"id": "1448684955421249537", "edit_history_tweet_ids": ["1448684955421249537"], "text": "RT @Bnjmin__: No pero Ram\u00f3n Lopez \ud83e\udd2a https://t.co/KJn61hJlnm", "created_at": "2021-10-14T16:19:43.000Z", "author_id": "426854218"}, {"id": "1448684650272940034", "edit_history_tweet_ids": ["1448684650272940034"], "text": "RT @Bnjmin__: No pero Ram\u00f3n Lopez \ud83e\udd2a https://t.co/KJn61hJlnm", "created_at": "2021-10-14T16:18:30.000Z", "author_id": "119289819"}, {"id": "1448684581960388615", "edit_history_tweet_ids": ["1448684581960388615"], "text": "@PulsoDeChile @ramonlopez54 RT a Ram\u00f3n L\u00f3pez, me dejaste claro que con raja sabes sumar.", "created_at": "2021-10-14T16:18:14.000Z", "author_id": "112881105"}, {"id": "1448684567121076225", "edit_history_tweet_ids": ["1448684567121076225"], "text": "RT @Bnjmin__: No pero Ram\u00f3n Lopez \ud83e\udd2a https://t.co/KJn61hJlnm", "created_at": "2021-10-14T16:18:10.000Z", "author_id": "826061318998327296"}, {"id": "1448684316309921794", "edit_history_tweet_ids": ["1448684316309921794"], "text": "RT @Bnjmin__: No pero Ram\u00f3n Lopez \ud83e\udd2a https://t.co/KJn61hJlnm", "created_at": "2021-10-14T16:17:10.000Z", "author_id": "894063450359558144"}, {"id": "1448684262316658689", "edit_history_tweet_ids": ["1448684262316658689"], "text": "No pero Ram\u00f3n Lopez \ud83e\udd2a https://t.co/KJn61hJlnm", "created_at": "2021-10-14T16:16:58.000Z", "author_id": "1245909850430865409"}, {"id": "1448684216993161220", "edit_history_tweet_ids": ["1448684216993161220"], "text": "RT @CuicoEconomista: En octubre de 2020 @gino_sturla me dec\u00eda bot por menospreciar e ironizar sobre el grado acad\u00e9mico de Ram\u00f3n L\u00f3pez. Dije\u2026", "created_at": "2021-10-14T16:16:47.000Z", "author_id": "987356489638731779"}, {"id": "1448683401674952707", "edit_history_tweet_ids": ["1448683401674952707"], "text": "@anvolea4 @Mega Lo malo es que para lo otra van a invitar a Ram\u00f3n Lopez o alguien se la Fundaci\u00f3n Sol", "created_at": "2021-10-14T16:13:32.000Z", "author_id": "330156496"}, {"id": "1448680615700623362", "edit_history_tweet_ids": ["1448680615700623362"], "text": "@ramonlopez54 Don Ram\u00f3n L\u00f3pez es el \u00fanico economista que sabe de econom\u00eda. \u00a1Qu\u00e9 paradoja!", "created_at": "2021-10-14T16:02:28.000Z", "author_id": "855134521204887554"}, {"id": "1448679544156786689", "edit_history_tweet_ids": ["1448679544156786689"], "text": "RT @astursalud: Los V Premios de la Escuela de Salud de #Tineo\n\ud83c\udf96\ufe0f Carlos L\u00f3pez Ot\u00edn \n\ud83c\udf96\ufe0fEquipos de vacunaci\u00f3n\ud83d\udc89\ud83e\udda0\n\n\ud83c\udfc5@PACASASTURIAS\n\ud83c\udfc5Facultad P\u2026", "created_at": "2021-10-14T15:58:13.000Z", "author_id": "3301053077"}, {"id": "1448677070360522758", "edit_history_tweet_ids": ["1448677070360522758"], "text": "https://t.co/mJDcp0kq4C https://t.co/UdUDqDcdN5", "created_at": "2021-10-14T15:48:23.000Z", "author_id": "209598141"}, {"id": "1448676614691246082", "edit_history_tweet_ids": ["1448676614691246082"], "text": "\"Claves para entender la Inteligencia Artificial\"\nInteresant\u00edsimo seminario de la @FundacionETNOR  con RAM\u00d3N L\u00d3PEZ DE M\u00c1NTARAS Profesor de Investigaci\u00f3n del @CSIC en el @IIIACSIC\n #IA #\u00c9tica\nhttps://t.co/rWtFsm3DTg", "created_at": "2021-10-14T15:46:34.000Z", "author_id": "209598141"}, {"id": "1448675998640316421", "edit_history_tweet_ids": ["1448675998640316421"], "text": "RT @USMC: Senior Enlisted Advisor to the Chairman of the Joint Chiefs of Staff Ramon Colon-Lopez observes the use of the MNTIS-X dry fire t\u2026", "created_at": "2021-10-14T15:44:07.000Z", "author_id": "1207331965747290113"}, {"id": "1448670897510834177", "edit_history_tweet_ids": ["1448670897510834177"], "text": "According to Bello, he has already met with the ECOP and Trade Secretary Ramon Lopez to discuss the possible assistance that DOLE will provide to help them pay their employees.\n\nThe 13th month pay is a statutory obligation of employers to pay their employees on or before Dec. 24.", "created_at": "2021-10-14T15:23:51.000Z", "author_id": "16374906"}, {"id": "1448669289477771266", "edit_history_tweet_ids": ["1448669289477771266"], "text": "Los V Premios de la Escuela de Salud de #Tineo\n\ud83c\udf96\ufe0f Carlos L\u00f3pez Ot\u00edn \n\ud83c\udf96\ufe0fEquipos de vacunaci\u00f3n\ud83d\udc89\ud83e\udda0\n\n\ud83c\udfc5@PACASASTURIAS\n\ud83c\udfc5Facultad Padre Oss\u00f3\n\ud83c\udfc5@FundAlimerka\n\ud83c\udfc5Fundaci\u00f3n CESPA-Proyecto Hombre de Asturias\n\ny homenajear\u00e1n a Jos\u00e9 Ram\u00f3n Hevia, jefe de Salud Poblacional \n\nEnhorabuena\u203c\ufe0f", "created_at": "2021-10-14T15:17:28.000Z", "author_id": "886386871"}, {"id": "1448668391716188174", "edit_history_tweet_ids": ["1448668391716188174"], "text": "RT @TresChauchas: @Javignacio @pinkeuberry @mandaliex Cuando alguien como Ram\u00f3n L\u00f3pez opina lo que opina sobre econom\u00eda no es ingenuo ni ig\u2026", "created_at": "2021-10-14T15:13:54.000Z", "author_id": "2693269073"}, {"id": "1448668341745369091", "edit_history_tweet_ids": ["1448668341745369091"], "text": "@ramonlopez54 Como puede ser economista de la u de chile? \nQue bueno q Ram\u00f3n L\u00f3pez no est\u00e1 en el comando de boric.", "created_at": "2021-10-14T15:13:42.000Z", "author_id": "3112968532"}, {"id": "1448666798769934343", "edit_history_tweet_ids": ["1448666798769934343"], "text": "@Javignacio @pinkeuberry @mandaliex Cuando alguien como Ram\u00f3n L\u00f3pez opina lo que opina sobre econom\u00eda no es ingenuo ni ignorante, simplemente miente", "created_at": "2021-10-14T15:07:34.000Z", "author_id": "61679524"}, {"id": "1448665455154106369", "edit_history_tweet_ids": ["1448665455154106369"], "text": "#Galiciaskills2021\nMedalla de ouro de Control industrial: \nAdri\u00e1n L\u00f3pez Bahamonde \nTitor: Ram\u00f3n Costeira Fern\u00e1ndez\nCentro: #IESMar\u00edaSarmiento\nParab\u00e9ns!\ud83d\udc4f\ud83d\udc4f\n+info https://t.co/gPetO2yVeY\n#FPGalicia #FP #Formaci\u00f3nProfesional https://t.co/E5HzZsx10c", "created_at": "2021-10-14T15:02:14.000Z", "author_id": "329601416"}, {"id": "1448664653983203344", "edit_history_tweet_ids": ["1448664653983203344"], "text": "@OLanderretche @EconomistaFlait Falta el curso de Inflaci\u00f3n a cargo de Ramon Lopez para que acompa\u00f1e a DJ Grau.", "created_at": "2021-10-14T14:59:03.000Z", "author_id": "1222257093387964420"}, {"id": "1448660257748574214", "edit_history_tweet_ids": ["1448660257748574214"], "text": "RT @USMC: Senior Enlisted Advisor to the Chairman of the Joint Chiefs of Staff Ramon Colon-Lopez observes the use of the MNTIS-X dry fire t\u2026", "created_at": "2021-10-14T14:41:34.000Z", "author_id": "1448659727517245445"}, {"id": "1448658685513719817", "edit_history_tweet_ids": ["1448658685513719817"], "text": "RT @lubrio: La danza de d\u00f3lares detr\u00e1s de la \u201cprensa libre\u201d y la destrucci\u00f3n de democracias, art\u00edculo de Ram\u00f3n L\u00f3pez Mena en  @JFjusticiafu\u2026", "created_at": "2021-10-14T14:35:20.000Z", "author_id": "142731026"}, {"id": "1448655753850458126", "edit_history_tweet_ids": ["1448655753850458126"], "text": "RT @Macruz76701932: Ejemplo este basurero lo reporte desde el a\u00f1o 2016 y contin\u00faa es en la Primera Calle de Hojalater\u00eda esquina Hortelanos\u2026", "created_at": "2021-10-14T14:23:41.000Z", "author_id": "848257883611570177"}, {"id": "1448649942503804944", "edit_history_tweet_ids": ["1448649942503804944"], "text": "@fenuchile @adnradio Bueno p\u00f3nganse de acuerdo! A quien le creemos? Al Ramon L\u00f3pez economista, phd, thc y profe de la FEN o a Joseph Ramos?", "created_at": "2021-10-14T14:00:35.000Z", "author_id": "66491239"}, {"id": "1448645960083525644", "edit_history_tweet_ids": ["1448645960083525644"], "text": "@DFinanciero Quien le va a creer eso, por favor que alguien le diga a @nico_grau que se comunique con Ram\u00f3n L\u00f3pez que es el economista del programa de @danieljadue y del @PCdeChile \n@gabrielboric esta secuestrado por el PC.\n#NoAlComunismo \n#BoricCandidatodelPC", "created_at": "2021-10-14T13:44:46.000Z", "author_id": "1198727815434309635"}, {"id": "1448645939866918927", "edit_history_tweet_ids": ["1448645939866918927"], "text": "@OLanderretche Que horror tener a algunos profesores en la FEN, que parecen no saber nada de econom\u00eda. Me duele mi alma mater. Le falto incluir a Ramon L\u00f3pez no m\u00e1s \ud83d\ude35\u200d\ud83d\udcab", "created_at": "2021-10-14T13:44:41.000Z", "author_id": "176055964"}, {"id": "1448641543481430020", "edit_history_tweet_ids": ["1448641543481430020"], "text": "NO QUIERO  DEJAR PASAR LA ENTREVISTA EN TV NACIONAL EN LA NOCHE, AL EX MIN. DE HACIENDO SR. FARFAN, OJO Q ERA SOCIALISTA E INDICA Q EL BANCO CENTRAL ES MUY RESPONSABLE EN LO Q DICE,POR OTRO LADO MENCION\u00d3 A ECONOMISTA DE PACOTILLA DE JADUE, RAM\u00d3N L\u00d3PEZ,", "created_at": "2021-10-14T13:27:13.000Z", "author_id": "1272220230731927558"}, {"id": "1448640761650634756", "edit_history_tweet_ids": ["1448640761650634756"], "text": "RT @BienTwitero: @ramonlopez54 Me da mas confianza el Pelao Vade que Ramon Lopez", "created_at": "2021-10-14T13:24:06.000Z", "author_id": "1198727815434309635"}, {"id": "1448638573486428187", "edit_history_tweet_ids": ["1448638573486428187"], "text": "RT @hectordalegre: \u23e9 Faustino Ram\u00f3n Aguayo era casi desconocido hasta el 2019 cuando la SENAD realiz\u00f3 tres grandes incautaciones de coca en\u2026", "created_at": "2021-10-14T13:15:24.000Z", "author_id": "1275536942936076288"}, {"id": "1448638517693886465", "edit_history_tweet_ids": ["1448638517693886465"], "text": "RT @museoreinasofia: #DespiertaConArte En #LaColecci\u00f3nDelReinaEp4 encontramos un espacio que recrea un sal\u00f3n de pintura al estilo decimon\u00f3n\u2026", "created_at": "2021-10-14T13:15:11.000Z", "author_id": "3209475010"}, {"id": "1448638229964640262", "edit_history_tweet_ids": ["1448638229964640262"], "text": "@dbmtwtr para ram\u00f3n l\u00f3pez?", "created_at": "2021-10-14T13:14:03.000Z", "author_id": "92673149"}, {"id": "1448638152025931787", "edit_history_tweet_ids": ["1448638152025931787"], "text": "RT @MiserableProfe: \u00bfLa minuta del Yasnismo es que ahora les preocupa tener a Ram\u00f3n L\u00f3pez a cargo de la econom\u00eda?\nLoco, llevan dos a\u00f1os hac\u2026", "created_at": "2021-10-14T13:13:44.000Z", "author_id": "102849117"}, {"id": "1448635468824809478", "edit_history_tweet_ids": ["1448635468824809478"], "text": "\ud835\udde0\ud835\uddd4\ud835\udded\ud835\uddd4\ud835\udde7\ud835\udddf\ud835\uddd4\u0301\ud835\udde1\n\u26a0\ufe0fTOME PRECAUCIONES\u26a0\ufe0f continua inundado en Av Cruz Lizarraga y calle Ram\u00f3n L\u00f3pez Alvarado, fracc. Teller\u00eda #huracanpamela  @sspsinaloa1 #vialidad #c4isinaloa #911emergencias #ssp #sesesp @AytodeMzt #UsaCubrebocas #SanaDistancia https://t.co/xtpLUfkWdu", "created_at": "2021-10-14T13:03:04.000Z", "author_id": "1071082964958625792"}, {"id": "1448631106371080199", "edit_history_tweet_ids": ["1448631106371080199"], "text": "Lo mejor de los tuits de Ram\u00f3n L\u00f3pez son las delirantes tesis de los que lo comentan. https://t.co/QvbA2eNuHe", "created_at": "2021-10-14T12:45:44.000Z", "author_id": "22195853"}, {"id": "1448627386606448645", "edit_history_tweet_ids": ["1448627386606448645"], "text": "RT @CuicoEconomista: En octubre de 2020 @gino_sturla me dec\u00eda bot por menospreciar e ironizar sobre el grado acad\u00e9mico de Ram\u00f3n L\u00f3pez. Dije\u2026", "created_at": "2021-10-14T12:30:57.000Z", "author_id": "2381270521"}, {"id": "1448626686317187076", "edit_history_tweet_ids": ["1448626686317187076"], "text": "@ramonlopez54 ** Subir la tasa (de inter\u00e9s de pol\u00edtica monetaria) va a provocar inflaci\u00f3n. **\n- ramon lopez -\nQue pasa en la FEN y en general en la U. de Chile con ejemplares como este. De un conductor de taxi he escuchado mucho m\u00e1s conocimiento de econom\u00eda monetaria.", "created_at": "2021-10-14T12:28:10.000Z", "author_id": "64475780"}, {"id": "1448625876149555202", "edit_history_tweet_ids": ["1448625876149555202"], "text": "RT @BienTwitero: @ramonlopez54 Me da mas confianza el Pelao Vade que Ramon Lopez", "created_at": "2021-10-14T12:24:57.000Z", "author_id": "185262614"}, {"id": "1448621382225444867", "edit_history_tweet_ids": ["1448621382225444867"], "text": "RT @TomCast27757620: \u00c1nimo que no todo est\u00e1 perdido. Si bien la ex-Concertaci\u00f3n dej\u00f3 de atender a sus expertos, el PC y Frente Amplio escuc\u2026", "created_at": "2021-10-14T12:07:06.000Z", "author_id": "61679524"}], "meta": {"newest_id": "1448705327415775244", "oldest_id": "1448621382225444867", "result_count": 82, "next_token": "b26v89c19zqg8o3fpds9dzjnevvxg6x8amnep952c15rx"}}