{"data": [{"edit_history_tweet_ids": ["1446635505081323521"], "text": "RT @Desdeelparaiso2: Lectura recomendada. Hay que tener buena memoria hist\u00f3rica antes de \"juzgar\" y concluir que la sentencia de Julia Kele\u2026", "author_id": "339353240", "id": "1446635505081323521", "created_at": "2021-10-09T00:35:56.000Z"}, {"edit_history_tweet_ids": ["1446634925273272321"], "text": "RT @JoseAntonioLo06: \u00bfAlguien sabe si Jos\u00e9 Ram\u00f3n L\u00f3pez Beltran @_30JR40_ el hijo de @lopezobrador_ env\u00eda remesas a M\u00e9xico o de aqu\u00ed se las\u2026", "author_id": "1184882016120197121", "id": "1446634925273272321", "created_at": "2021-10-09T00:33:38.000Z"}, {"edit_history_tweet_ids": ["1446633889372442625"], "text": "RT @JoseAntonioLo06: \u00bfAlguien sabe si Jos\u00e9 Ram\u00f3n L\u00f3pez Beltran @_30JR40_ el hijo de @lopezobrador_ env\u00eda remesas a M\u00e9xico o de aqu\u00ed se las\u2026", "author_id": "1012423364", "id": "1446633889372442625", "created_at": "2021-10-09T00:29:31.000Z"}, {"edit_history_tweet_ids": ["1446627216507514880"], "text": "RT @JoseAntonioLo06: \u00bfAlguien sabe si Jos\u00e9 Ram\u00f3n L\u00f3pez Beltran @_30JR40_ el hijo de @lopezobrador_ env\u00eda remesas a M\u00e9xico o de aqu\u00ed se las\u2026", "author_id": "81216967", "id": "1446627216507514880", "created_at": "2021-10-09T00:03:00.000Z"}], "meta": {"newest_id": "1446635505081323521", "oldest_id": "1446627216507514880", "result_count": 4, "next_token": "b26v89c19zqg8o3fpds8jobrtv721f5mm06z2x29s6a2l"}}