{"data": [{"author_id": "86007829", "created_at": "2021-10-09T04:08:05.000Z", "text": "RT @JoseAntonioLo06: \u00bfAlguien sabe si Jos\u00e9 Ram\u00f3n L\u00f3pez Beltran @_30JR40_ el hijo de @lopezobrador_ env\u00eda remesas a M\u00e9xico o de aqu\u00ed se las\u2026", "id": "1446688893450047494", "edit_history_tweet_ids": ["1446688893450047494"]}, {"author_id": "779305920958337027", "created_at": "2021-10-09T04:07:50.000Z", "text": "RT @JoseAntonioLo06: \u00bfAlguien sabe si Jos\u00e9 Ram\u00f3n L\u00f3pez Beltran @_30JR40_ el hijo de @lopezobrador_ env\u00eda remesas a M\u00e9xico o de aqu\u00ed se las\u2026", "id": "1446688832632631300", "edit_history_tweet_ids": ["1446688832632631300"]}, {"author_id": "138930359", "created_at": "2021-10-09T04:04:54.000Z", "text": "RT @JoseAntonioLo06: \u00bfAlguien sabe si Jos\u00e9 Ram\u00f3n L\u00f3pez Beltran @_30JR40_ el hijo de @lopezobrador_ env\u00eda remesas a M\u00e9xico o de aqu\u00ed se las\u2026", "id": "1446688093306867712", "edit_history_tweet_ids": ["1446688093306867712"]}, {"author_id": "526049804", "created_at": "2021-10-09T03:58:37.000Z", "text": "RT @JoseAntonioLo06: \u00bfAlguien sabe si Jos\u00e9 Ram\u00f3n L\u00f3pez Beltran @_30JR40_ el hijo de @lopezobrador_ env\u00eda remesas a M\u00e9xico o de aqu\u00ed se las\u2026", "id": "1446686513409011712", "edit_history_tweet_ids": ["1446686513409011712"]}, {"author_id": "118233108", "created_at": "2021-10-09T03:57:35.000Z", "text": "RT @JoseAntonioLo06: \u00bfAlguien sabe si Jos\u00e9 Ram\u00f3n L\u00f3pez Beltran @_30JR40_ el hijo de @lopezobrador_ env\u00eda remesas a M\u00e9xico o de aqu\u00ed se las\u2026", "id": "1446686254742048772", "edit_history_tweet_ids": ["1446686254742048772"]}, {"author_id": "1417375423181168640", "created_at": "2021-10-09T03:57:17.000Z", "text": "I've been proven right by no less than the Sec. of DTI, (the very departmnt tasked to develop the country's industril base), Ramon Lopez that the country is suffering from a industrial illiteracy when he made a statement: \"Philippines eyes Industrialization with China's help\".", "id": "1446686175893200898", "edit_history_tweet_ids": ["1446686175893200898"]}, {"author_id": "83732955", "created_at": "2021-10-09T03:51:34.000Z", "text": "RT @JoseAntonioLo06: \u00bfAlguien sabe si Jos\u00e9 Ram\u00f3n L\u00f3pez Beltran @_30JR40_ el hijo de @lopezobrador_ env\u00eda remesas a M\u00e9xico o de aqu\u00ed se las\u2026", "id": "1446684738874380289", "edit_history_tweet_ids": ["1446684738874380289"]}, {"author_id": "3021953444", "created_at": "2021-10-09T03:46:43.000Z", "text": "RT @JoseAntonioLo06: \u00bfAlguien sabe si Jos\u00e9 Ram\u00f3n L\u00f3pez Beltran @_30JR40_ el hijo de @lopezobrador_ env\u00eda remesas a M\u00e9xico o de aqu\u00ed se las\u2026", "id": "1446683517979615236", "edit_history_tweet_ids": ["1446683517979615236"]}, {"author_id": "178707175", "created_at": "2021-10-09T03:40:44.000Z", "text": "RT @JoseAntonioLo06: \u00bfAlguien sabe si Jos\u00e9 Ram\u00f3n L\u00f3pez Beltran @_30JR40_ el hijo de @lopezobrador_ env\u00eda remesas a M\u00e9xico o de aqu\u00ed se las\u2026", "id": "1446682011406639105", "edit_history_tweet_ids": ["1446682011406639105"]}, {"author_id": "416421214", "created_at": "2021-10-09T03:35:40.000Z", "text": "RT @JoseAntonioLo06: \u00bfAlguien sabe si Jos\u00e9 Ram\u00f3n L\u00f3pez Beltran @_30JR40_ el hijo de @lopezobrador_ env\u00eda remesas a M\u00e9xico o de aqu\u00ed se las\u2026", "id": "1446680737160237059", "edit_history_tweet_ids": ["1446680737160237059"]}], "meta": {"newest_id": "1446688893450047494", "oldest_id": "1446680737160237059", "result_count": 10, "next_token": "b26v89c19zqg8o3fpds8jod9tjrabjyu8f2ib51urrnul"}}