{"data": [{"edit_history_tweet_ids": ["1472024605971795977"], "text": "RT @sevillacritico: Aqu\u00ed, en este contrato, dice que, en efecto, la  @UNAM_MX y @ManceraMiguelMX s\u00ed hicieron una campa\u00f1a publicitaria a fav\u2026", "created_at": "2021-12-18T02:03:09.000Z", "id": "1472024605971795977", "author_id": "1284760419983405056"}, {"edit_history_tweet_ids": ["1472020763179991047"], "text": "Alejandro Gonz\u00e1lez https://t.co/4Md4HXaahy #musicaviral #guitarra #guitarrista #conciertos #musica #music #guitar #love #musicaclasica", "created_at": "2021-12-18T01:47:53.000Z", "id": "1472020763179991047", "author_id": "822575482373861383"}, {"edit_history_tweet_ids": ["1472018608637181957"], "text": "RT @sevillacritico: Aqu\u00ed, en este contrato, dice que, en efecto, la  @UNAM_MX y @ManceraMiguelMX s\u00ed hicieron una campa\u00f1a publicitaria a fav\u2026", "created_at": "2021-12-18T01:39:19.000Z", "id": "1472018608637181957", "author_id": "1064368961133862914"}, {"edit_history_tweet_ids": ["1472017984981901318"], "text": "Y quien iba a pensar que el Contrato Adjudicado por la @UNAM_MX y el @GobCDMX en \u00e9poca de @ManceraMiguelMX al Cineasta Alejandro Gonz\u00e1lez I\u00f1\u00e1rritu tambi\u00e9n fue firmado por la \u201cBlanca Paloma\u201d de @C_Humphrey_J la esposa de @SNietoCastillo.\n2/2 https://t.co/RKwhm6zpgf", "created_at": "2021-12-18T01:36:51.000Z", "id": "1472017984981901318", "author_id": "971163320513331200"}, {"edit_history_tweet_ids": ["1472013281678266369"], "text": "RT @DefNotDarth: We may have a genuine war hero being charged with murder for clear self defense.\n\nI\u2019ve only conducted rudimentary research\u2026", "created_at": "2021-12-18T01:18:09.000Z", "id": "1472013281678266369", "author_id": "827987659196944384"}, {"edit_history_tweet_ids": ["1472011067089952769"], "text": "RT @Cernovich: A US Army Veteran Shot And Killed An Alleged Club-Wielding Maniac Who Threatened His Mother. Now He\u2019s Up On Murder Charges\u2026", "created_at": "2021-12-18T01:09:21.000Z", "id": "1472011067089952769", "author_id": "3232186924"}, {"edit_history_tweet_ids": ["1472010654097707009"], "text": "RT @sevillacritico: Aqu\u00ed, en este contrato, dice que, en efecto, la  @UNAM_MX y @ManceraMiguelMX s\u00ed hicieron una campa\u00f1a publicitaria a fav\u2026", "created_at": "2021-12-18T01:07:43.000Z", "id": "1472010654097707009", "author_id": "778037334205870080"}, {"edit_history_tweet_ids": ["1472009436629995522"], "text": "RT @_VicenteSerrano: Se puso bueno el encontronazo en Twitter, porque @ricardomraphael le respondi\u00f3 a @sevillacritico al decir que Alejandr\u2026", "created_at": "2021-12-18T01:02:52.000Z", "id": "1472009436629995522", "author_id": "796177859408760832"}, {"edit_history_tweet_ids": ["1472007179611750400"], "text": "RT @sevillacritico: Aqu\u00ed, en este contrato, dice que, en efecto, la  @UNAM_MX y @ManceraMiguelMX s\u00ed hicieron una campa\u00f1a publicitaria a fav\u2026", "created_at": "2021-12-18T00:53:54.000Z", "id": "1472007179611750400", "author_id": "995713867"}, {"edit_history_tweet_ids": ["1472006190569820168"], "text": "@Gustavo_p4 Gustavo, y lo de Alejandro Gonz\u00e1lez? Hace d\u00edas no se sabe nada del tema...", "created_at": "2021-12-18T00:49:59.000Z", "id": "1472006190569820168", "author_id": "923990832255975424"}, {"edit_history_tweet_ids": ["1472004690757959685"], "text": "RT @Cernovich: A US Army Veteran Shot And Killed An Alleged Club-Wielding Maniac Who Threatened His Mother. Now He\u2019s Up On Murder Charges\u2026", "created_at": "2021-12-18T00:44:01.000Z", "id": "1472004690757959685", "author_id": "188139692"}, {"edit_history_tweet_ids": ["1472004363497390080"], "text": "Saludos desde Naguanagua para Paul Alejandro de la Familia Gonz\u00e1lez Labrador #SPASUPxMTV #SEPRENDIOxMTV https://t.co/NXzi7TX7b5", "created_at": "2021-12-18T00:42:43.000Z", "id": "1472004363497390080", "author_id": "1063255770169520129"}, {"edit_history_tweet_ids": ["1472004129941864448"], "text": "RT @NuevaRioja: Joaqu\u00edn V. Gonz\u00e1lez el precursor de los profesorados argentinos\n\n\u2022Por Profesor V\u00edctor Alejandro Fuentes / Asociaci\u00f3n Gonzal\u2026", "created_at": "2021-12-18T00:41:47.000Z", "id": "1472004129941864448", "author_id": "1125478031999610881"}, {"edit_history_tweet_ids": ["1472004117417676801"], "text": "RT @sevillacritico: Aqu\u00ed, en este contrato, dice que, en efecto, la  @UNAM_MX y @ManceraMiguelMX s\u00ed hicieron una campa\u00f1a publicitaria a fav\u2026", "created_at": "2021-12-18T00:41:44.000Z", "id": "1472004117417676801", "author_id": "381803675"}, {"edit_history_tweet_ids": ["1472003965583872009"], "text": "Joaqu\u00edn V. Gonz\u00e1lez el precursor de los profesorados argentinos\n\n\u2022Por Profesor V\u00edctor Alejandro Fuentes / Asociaci\u00f3n Gonzaleana\n https://t.co/5sRXgS96Lo", "created_at": "2021-12-18T00:41:08.000Z", "id": "1472003965583872009", "author_id": "335321550"}, {"edit_history_tweet_ids": ["1472003633705369608"], "text": "RT @Cernovich: A US Army Veteran Shot And Killed An Alleged Club-Wielding Maniac Who Threatened His Mother. Now He\u2019s Up On Murder Charges\u2026", "created_at": "2021-12-18T00:39:49.000Z", "id": "1472003633705369608", "author_id": "3251604476"}, {"edit_history_tweet_ids": ["1472003368553828355"], "text": "RT @sevillacritico: Aqu\u00ed, en este contrato, dice que, en efecto, la  @UNAM_MX y @ManceraMiguelMX s\u00ed hicieron una campa\u00f1a publicitaria a fav\u2026", "created_at": "2021-12-18T00:38:46.000Z", "id": "1472003368553828355", "author_id": "979886366069682177"}, {"edit_history_tweet_ids": ["1472002447631695878"], "text": "RT @Cernovich: A US Army Veteran Shot And Killed An Alleged Club-Wielding Maniac Who Threatened His Mother. Now He\u2019s Up On Murder Charges\u2026", "created_at": "2021-12-18T00:35:06.000Z", "id": "1472002447631695878", "author_id": "4875896757"}, {"edit_history_tweet_ids": ["1472002333731176450"], "text": "RT @Cernovich: A US Army Veteran Shot And Killed An Alleged Club-Wielding Maniac Who Threatened His Mother. Now He\u2019s Up On Murder Charges\u2026", "created_at": "2021-12-18T00:34:39.000Z", "id": "1472002333731176450", "author_id": "2693017924"}, {"edit_history_tweet_ids": ["1472002115543306242"], "text": "LIVE w/ Guest Mike Stark, attorney for War Hero Alejandro Gonzalez... Wa... https://t.co/sdz8iJ3D6u via @YouTube", "created_at": "2021-12-18T00:33:47.000Z", "id": "1472002115543306242", "author_id": "857890819130273793"}, {"edit_history_tweet_ids": ["1472001472430706688"], "text": "RT @soyubaldo: La derechizada UNAM y Miguel \u00c1ngel Mancera, pagaron m\u00e1s de 28 millones de pesos por una exposici\u00f3n del director cinematogr\u00e1f\u2026", "created_at": "2021-12-18T00:31:14.000Z", "id": "1472001472430706688", "author_id": "968267436914069504"}, {"edit_history_tweet_ids": ["1472001086361907206"], "text": "RT @sevillacritico: Aqu\u00ed, en este contrato, dice que, en efecto, la  @UNAM_MX y @ManceraMiguelMX s\u00ed hicieron una campa\u00f1a publicitaria a fav\u2026", "created_at": "2021-12-18T00:29:42.000Z", "id": "1472001086361907206", "author_id": "1388560097975193615"}, {"edit_history_tweet_ids": ["1472000798548762626"], "text": "RT @Cernovich: A US Army Veteran Shot And Killed An Alleged Club-Wielding Maniac Who Threatened His Mother. Now He\u2019s Up On Murder Charges\u2026", "created_at": "2021-12-18T00:28:33.000Z", "id": "1472000798548762626", "author_id": "1398448055016435715"}, {"edit_history_tweet_ids": ["1471998249439416321"], "text": "RT @soyubaldo: La derechizada UNAM y Miguel \u00c1ngel Mancera, pagaron m\u00e1s de 28 millones de pesos por una exposici\u00f3n del director cinematogr\u00e1f\u2026", "created_at": "2021-12-18T00:18:25.000Z", "id": "1471998249439416321", "author_id": "620164658"}], "meta": {"newest_id": "1472024605971795977", "oldest_id": "1471998249439416321", "result_count": 24}}