{"data": [{"text": "RT @DADALope210DADA: La esquema de los mafioso en nel.poder judicial teniendo como una vil prostituta a todas la justicia del poder judicia\u2026", "id": "1476918807620849664", "edit_history_tweet_ids": ["1476918807620849664"], "created_at": "2021-12-31T14:10:58.000Z", "author_id": "1029781841925074945"}, {"text": "HOY EN https://t.co/cOkjOax9ak TV \ud83d\udc49 DICIEMBRE, dirigido por Alejandro Bercovich y C\u00e9sar Gonz\u00e1lez pod\u00e9s verlo hoy 22H en https://t.co/cOkjOax9ak TV, y a partir del s\u00e1bado 1 disponible en https://t.co/cOkjOax9ak PLAY.\n\n#Mir\u00e1CineARgentino #CineAr #Diciembre https://t.co/NlwGNIhsPP", "id": "1476916051535294467", "edit_history_tweet_ids": ["1476916051535294467"], "created_at": "2021-12-31T14:00:01.000Z", "author_id": "198991734"}, {"text": "RT @nicaclic: #SOSNicaragua \nRut Mart\u00ednez Ortiz fue secuestrada junto a Jorge Alejandro Ram\u00edrez Gonz\u00e1lez y dos personas m\u00e1s en la ciudad de\u2026", "id": "1476913355189366785", "edit_history_tweet_ids": ["1476913355189366785"], "created_at": "2021-12-31T13:49:18.000Z", "author_id": "1219994348529573888"}, {"text": "La esquema de los mafioso en nel.poder judicial teniendo como una vil prostituta a todas la justicia del poder judicial vajo sus pie los DAHER DOMINGUEZ Alejandro Dom\u00ednguez habr\u00eda heredado esquema de apriete judicial del nefasto Clan Gonz\u00e1lez Daher \n\n https://t.co/ikusM8u1Y3", "id": "1476910717454352387", "edit_history_tweet_ids": ["1476910717454352387"], "created_at": "2021-12-31T13:38:49.000Z", "author_id": "900492232050003968"}, {"text": "RT @nicaclic: #SOSNicaragua \nRut Mart\u00ednez Ortiz fue secuestrada junto a Jorge Alejandro Ram\u00edrez Gonz\u00e1lez y dos personas m\u00e1s en la ciudad de\u2026", "id": "1476910362280828958", "edit_history_tweet_ids": ["1476910362280828958"], "created_at": "2021-12-31T13:37:24.000Z", "author_id": "2160424719"}, {"text": "RT @AMCautivo: Despedimos el a\u00f1o de la manera m\u00e1s nos gusta, con m\u00fasica. \nQue el 2022 os traiga much\u00edsima salud.\n\u00a1#FelizA\u00f1oNuevo a todos!\n\u26ea\u2026", "id": "1476907371494613003", "edit_history_tweet_ids": ["1476907371494613003"], "created_at": "2021-12-31T13:25:31.000Z", "author_id": "711515442741911552"}, {"text": "RT @nicaclic: #SOSNicaragua \nRut Mart\u00ednez Ortiz fue secuestrada junto a Jorge Alejandro Ram\u00edrez Gonz\u00e1lez y dos personas m\u00e1s en la ciudad de\u2026", "id": "1476902458475614208", "edit_history_tweet_ids": ["1476902458475614208"], "created_at": "2021-12-31T13:06:00.000Z", "author_id": "1463619038349774861"}, {"text": "RT @AMCautivo: Despedimos el a\u00f1o de la manera m\u00e1s nos gusta, con m\u00fasica. \nQue el 2022 os traiga much\u00edsima salud.\n\u00a1#FelizA\u00f1oNuevo a todos!\n\u26ea\u2026", "id": "1476902420185849856", "edit_history_tweet_ids": ["1476902420185849856"], "created_at": "2021-12-31T13:05:51.000Z", "author_id": "1025640650702839808"}, {"text": "RT @AMCautivo: Despedimos el a\u00f1o de la manera m\u00e1s nos gusta, con m\u00fasica. \nQue el 2022 os traiga much\u00edsima salud.\n\u00a1#FelizA\u00f1oNuevo a todos!\n\u26ea\u2026", "id": "1476901233613053952", "edit_history_tweet_ids": ["1476901233613053952"], "created_at": "2021-12-31T13:01:08.000Z", "author_id": "598840759"}, {"text": "RT @AMCautivo: Despedimos el a\u00f1o de la manera m\u00e1s nos gusta, con m\u00fasica. \nQue el 2022 os traiga much\u00edsima salud.\n\u00a1#FelizA\u00f1oNuevo a todos!\n\u26ea\u2026", "id": "1476899364371148805", "edit_history_tweet_ids": ["1476899364371148805"], "created_at": "2021-12-31T12:53:42.000Z", "author_id": "238765867"}, {"text": "Despedimos el a\u00f1o de la manera m\u00e1s nos gusta, con m\u00fasica. \nQue el 2022 os traiga much\u00edsima salud.\n\u00a1#FelizA\u00f1oNuevo a todos!\n\u26ea @NazarenodeCadiz\n\ud83e\udd41\ud83c\udfba Cautivo\n\ud83d\udcdd Manuel Alejandro Gonz\u00e1lez Cruz\n\ud83c\udfa5 Cofrade del Amor https://t.co/rQyLkywhX4", "id": "1476898542123982873", "edit_history_tweet_ids": ["1476898542123982873"], "created_at": "2021-12-31T12:50:26.000Z", "author_id": "420381778"}, {"text": "\"That incredible bubble and high expectations built at festivals can work against a film.\" - Alejandro Gonzalez Inarritu\n\nPresent your entries @EdiplayF via @FilmFreeway \nFinal Call Deadline - 12/01/2022\n50% Waiver Code - EPL50D\n\nhttps://t.co/oRNk1fpWPY\n#epliff #filmmakers https://t.co/UXbsHENTll", "id": "1476893401538772992", "edit_history_tweet_ids": ["1476893401538772992"], "created_at": "2021-12-31T12:30:00.000Z", "author_id": "1369883832841773056"}, {"text": "RT @nicaclic: #SOSNicaragua \nRut Mart\u00ednez Ortiz fue secuestrada junto a Jorge Alejandro Ram\u00edrez Gonz\u00e1lez y dos personas m\u00e1s en la ciudad de\u2026", "id": "1476891357125951502", "edit_history_tweet_ids": ["1476891357125951502"], "created_at": "2021-12-31T12:21:53.000Z", "author_id": "3972458620"}, {"text": "RT @nicaclic: #SOSNicaragua \nRut Mart\u00ednez Ortiz fue secuestrada junto a Jorge Alejandro Ram\u00edrez Gonz\u00e1lez y dos personas m\u00e1s en la ciudad de\u2026", "id": "1476876949490388992", "edit_history_tweet_ids": ["1476876949490388992"], "created_at": "2021-12-31T11:24:38.000Z", "author_id": "2459087733"}, {"text": "\u2728HOY CUMPLEN A\u00d1OS\u2728\n\n\ud83d\udc49 EDGAR D\u00cdAZ BOLADO\n\ud83d\udc49 MARCOS FERN\u00c1NDEZ GONZ\u00c1LEZ\n\ud83d\udc49 ALEJANDRO IGLESIAS PE\u00d3N\n\ud83d\udc49 ALBERTO P\u00c9REZ D\u00cdAZ\n\ud83d\udc49 ADRI\u00c1N CRUZ GONZ\u00c1LEZ\n\ud83d\udc49 HUGO G\u00d3MEZ GARC\u00cdA\n\ud83d\udc49 MANUEL ZUBIAGA ECHEVARR\u00cdA\n\n\ud83c\udf89\u203c\ufe0fFELICIDADES\u203c\ufe0f\ud83c\udf89 https://t.co/Li1MMyjjcI", "id": "1476848946127544324", "edit_history_tweet_ids": ["1476848946127544324"], "created_at": "2021-12-31T09:33:21.000Z", "author_id": "249819108"}, {"text": "Bibliograf\u00eda:\nPacheco Fern\u00e1ndez, A. (2015). El Glorioso. Valladolid: Galland Books.\nRodr\u00edguez Gonz\u00e1lez, A. R. (2006). Victorias por Mar de los Espa\u00f1oles. Madrid: Grafite Ediciones.\n\nLaminas:\nAugusto Ferrer-Dalmau.\nCarlos Parrilla.\nGeoff Hunt.\nAlejandro Vallesp\u00edn.\nManuel Gim\u00e9nez.", "id": "1476848578832261123", "edit_history_tweet_ids": ["1476848578832261123"], "created_at": "2021-12-31T09:31:54.000Z", "author_id": "111107076"}, {"text": "Bibliograf\u00eda:\nPacheco Fern\u00e1ndez, A. (2015). El Glorioso. Valladolid: Galland Books.\nRodr\u00edguez Gonz\u00e1lez, A. R. (2006). Victorias por Mar de los Espa\u00f1oles. Madrid: Grafite Ediciones.\n\nLaminas:\nAugusto Ferrer-Dalmau.\nCarlos Parrilla.\nGeoff Hunt.\nAlejandro Vallesp\u00edn.\nManuel Gim\u00e9nez.", "id": "1476848481788698627", "edit_history_tweet_ids": ["1476848481788698627"], "created_at": "2021-12-31T09:31:31.000Z", "author_id": "111107076"}, {"text": "Bibliograf\u00eda:\nPacheco Fern\u00e1ndez, A. (2015). El Glorioso. Valladolid: Galland Books.\nRodr\u00edguez Gonz\u00e1lez, A. R. (2006). Victorias por Mar de los Espa\u00f1oles. Madrid: Grafite Ediciones.\n\nLaminas:\nAugusto Ferrer-Dalmau.\nCarlos Parrilla.\nGeoff Hunt.\nAlejandro Vallesp\u00edn.\nJos\u00e9 Mar\u00eda Bueno", "id": "1476848413346091009", "edit_history_tweet_ids": ["1476848413346091009"], "created_at": "2021-12-31T09:31:14.000Z", "author_id": "111107076"}, {"text": "Bibliograf\u00eda:\nPacheco Fern\u00e1ndez, A. (2015). El Glorioso. Valladolid: Galland Books.\nRodr\u00edguez Gonz\u00e1lez, A. R. (2006). Victorias por Mar de los Espa\u00f1oles. Madrid: Grafite Ediciones.\n\nLaminas:\nAugusto Ferrer-Dalmau.\nCarlos Parrilla.\nGeoff Hunt.\nAlejandro Vallesp\u00edn.", "id": "1476848329606766594", "edit_history_tweet_ids": ["1476848329606766594"], "created_at": "2021-12-31T09:30:54.000Z", "author_id": "111107076"}, {"text": "Bibliograf\u00eda:\nPacheco Fern\u00e1ndez, A. (2015). El Glorioso. Valladolid: Galland Books.\nRodr\u00edguez Gonz\u00e1lez, A. R. (2006). Victorias por Mar de los Espa\u00f1oles. Madrid: Grafite Ediciones.\n\nLaminas:\nAugusto Ferrer-Dalmau.\nCarlos Parrilla.\nGeoff Hunt.\nAlejandro Vallesp\u00edn.", "id": "1476848235960541192", "edit_history_tweet_ids": ["1476848235960541192"], "created_at": "2021-12-31T09:30:32.000Z", "author_id": "111107076"}, {"text": "El futuro de Valery y Alejandro. Por Carolina Gonzalez, Jefa Social Territorial de Hogar de\u00a0Cristo https://t.co/0M2llb0Y7X", "id": "1476848219216916480", "edit_history_tweet_ids": ["1476848219216916480"], "created_at": "2021-12-31T09:30:28.000Z", "author_id": "1219631852866220037"}, {"text": "RT @nicaclic: #SOSNicaragua \nRut Mart\u00ednez Ortiz fue secuestrada junto a Jorge Alejandro Ram\u00edrez Gonz\u00e1lez y dos personas m\u00e1s en la ciudad de\u2026", "id": "1476844415473885226", "edit_history_tweet_ids": ["1476844415473885226"], "created_at": "2021-12-31T09:15:21.000Z", "author_id": "166072924"}, {"text": "Trends in prescription of psychotropic medications to children and adolescents in Australian primary care from 2011 to 2018 - Julie Klau, Carla De Oliveira Bernardo, David Alejandro Gonzalez-Chica, Melissa Raven, Jon Jureidini, 2021 https://t.co/hbwNe1a70c", "id": "1476844203955015681", "edit_history_tweet_ids": ["1476844203955015681"], "created_at": "2021-12-31T09:14:31.000Z", "author_id": "371616725"}, {"text": "@frootloops2___ Alejandro Gonz\u00e1lez se llama en feissss, igual deja le digo q te acepte por si le mandaste solo jaksjaka.", "id": "1476816641719742464", "edit_history_tweet_ids": ["1476816641719742464"], "created_at": "2021-12-31T07:24:59.000Z", "author_id": "1210514388"}, {"text": "RT @nicaclic: #SOSNicaragua \nRut Mart\u00ednez Ortiz fue secuestrada junto a Jorge Alejandro Ram\u00edrez Gonz\u00e1lez y dos personas m\u00e1s en la ciudad de\u2026", "id": "1476816140680716290", "edit_history_tweet_ids": ["1476816140680716290"], "created_at": "2021-12-31T07:23:00.000Z", "author_id": "905867884643192832"}, {"text": "RT @mc_ilse78: libertad para Alejandro Ch\u00e1vez Hern\u00e1ndez,  Alexis Horacio, Daniel Gonz\u00e1lez y para todos los injustamente presos.@Hazvalermil\u2026", "id": "1476810583085236224", "edit_history_tweet_ids": ["1476810583085236224"], "created_at": "2021-12-31T07:00:55.000Z", "author_id": "1676108730"}, {"text": "RT @FiscaliaCol: Los afectados con la decisi\u00f3n son: \n-Sebasti\u00e1n Moreno Maya, alias Sebas; y su compa\u00f1era sentimental Nayibe Alexandra Londo\u2026", "id": "1476809188420554755", "edit_history_tweet_ids": ["1476809188420554755"], "created_at": "2021-12-31T06:55:22.000Z", "author_id": "391330489"}, {"text": "@libertaddigital Se\u00f1or Alejandro Gonz\u00e1lez.\nM\u00e1s claro no lo pudo decir lo que piensa del par\u00e1sito.\nTiene raz\u00f3n.", "id": "1476804619724546050", "edit_history_tweet_ids": ["1476804619724546050"], "created_at": "2021-12-31T06:37:13.000Z", "author_id": "1044139152101584896"}, {"text": "RT @2cmariachavez: libertada para Alejandro Ch\u00e1vez Hern\u00e1ndez,\u00a0 Alexis Horacio, Daniel Gonz\u00e1lez y para todos los injustamente presos \ud83d\udd4a\ud83d\udd4a\ud83d\udd4a\n#Am\u2026", "id": "1476804560001716225", "edit_history_tweet_ids": ["1476804560001716225"], "created_at": "2021-12-31T06:36:59.000Z", "author_id": "1676108730"}, {"text": "RT @nicaclic: #SOSNicaragua \nRut Mart\u00ednez Ortiz fue secuestrada junto a Jorge Alejandro Ram\u00edrez Gonz\u00e1lez y dos personas m\u00e1s en la ciudad de\u2026", "id": "1476796554212253697", "edit_history_tweet_ids": ["1476796554212253697"], "created_at": "2021-12-31T06:05:10.000Z", "author_id": "1078392357572235269"}, {"text": "#TeBuscamos Joaqu\u00edn Alejandro  Gonz\u00e1lez  Car\u00e1bes.  #Jalisco  @begolecumberri https://t.co/aMqywwTmgv", "id": "1476795658795376648", "edit_history_tweet_ids": ["1476795658795376648"], "created_at": "2021-12-31T06:01:37.000Z", "author_id": "2203319689"}, {"text": "#TeBuscamos Joaqu\u00edn Alejandro  Gonz\u00e1lez  Car\u00e1bes.  #Jalisco  @begolecumberri https://t.co/T5iofOFymq", "id": "1476795657990070285", "edit_history_tweet_ids": ["1476795657990070285"], "created_at": "2021-12-31T06:01:37.000Z", "author_id": "2203319689"}, {"text": "#TeBuscamos Alejandro Gonz\u00e1lez Soria, el 6/11/18 #PuertoVallarta #Jalisco v\u00eda @rcancino https://t.co/IC0UjSw36i", "id": "1476795294771732494", "edit_history_tweet_ids": ["1476795294771732494"], "created_at": "2021-12-31T06:00:10.000Z", "author_id": "2203319689"}, {"text": "RT @nicaclic: #SOSNicaragua \nRut Mart\u00ednez Ortiz fue secuestrada junto a Jorge Alejandro Ram\u00edrez Gonz\u00e1lez y dos personas m\u00e1s en la ciudad de\u2026", "id": "1476794298481795072", "edit_history_tweet_ids": ["1476794298481795072"], "created_at": "2021-12-31T05:56:12.000Z", "author_id": "1423073436788744193"}, {"text": "RT @nicaclic: #SOSNicaragua \nRut Mart\u00ednez Ortiz fue secuestrada junto a Jorge Alejandro Ram\u00edrez Gonz\u00e1lez y dos personas m\u00e1s en la ciudad de\u2026", "id": "1476794074774581279", "edit_history_tweet_ids": ["1476794074774581279"], "created_at": "2021-12-31T05:55:19.000Z", "author_id": "136652011"}, {"text": "RT @nicaclic: #SOSNicaragua \nRut Mart\u00ednez Ortiz fue secuestrada junto a Jorge Alejandro Ram\u00edrez Gonz\u00e1lez y dos personas m\u00e1s en la ciudad de\u2026", "id": "1476787766239375369", "edit_history_tweet_ids": ["1476787766239375369"], "created_at": "2021-12-31T05:30:15.000Z", "author_id": "4864712366"}, {"text": "RT @nicaclic: #SOSNicaragua \nRut Mart\u00ednez Ortiz fue secuestrada junto a Jorge Alejandro Ram\u00edrez Gonz\u00e1lez y dos personas m\u00e1s en la ciudad de\u2026", "id": "1476783948395130884", "edit_history_tweet_ids": ["1476783948395130884"], "created_at": "2021-12-31T05:15:05.000Z", "author_id": "1300007248408776705"}, {"text": "RT @SolAragonMtz: El 2021 fue un a\u00f1o muy importante para el mundo del trabajo en M\u00e9xico. \n\n@eleconomista destaca a 6 personas cuya labor fu\u2026", "id": "1476778738285228043", "edit_history_tweet_ids": ["1476778738285228043"], "created_at": "2021-12-31T04:54:23.000Z", "author_id": "162891051"}, {"text": "Amores perros - Alejandro Gonz\u00e1lez I\u00f1\u00e1rritu https://t.co/Fc7xEeY75q", "id": "1476775455709614083", "edit_history_tweet_ids": ["1476775455709614083"], "created_at": "2021-12-31T04:41:20.000Z", "author_id": "3162787662"}, {"text": "RT @nicaclic: #SOSNicaragua \nRut Mart\u00ednez Ortiz fue secuestrada junto a Jorge Alejandro Ram\u00edrez Gonz\u00e1lez y dos personas m\u00e1s en la ciudad de\u2026", "id": "1476772886111260676", "edit_history_tweet_ids": ["1476772886111260676"], "created_at": "2021-12-31T04:31:07.000Z", "author_id": "1017962277276921863"}, {"text": "Talavera\nJulio Gonz\u00e1lez \nPikolin (Alejandro fue campe\u00f3n, pero quiero ponerlo en tercer lugar). https://t.co/ETplfM7XUi", "id": "1476771697248382983", "edit_history_tweet_ids": ["1476771697248382983"], "created_at": "2021-12-31T04:26:24.000Z", "author_id": "71347379"}, {"text": "RT @nicaclic: #SOSNicaragua \nRut Mart\u00ednez Ortiz fue secuestrada junto a Jorge Alejandro Ram\u00edrez Gonz\u00e1lez y dos personas m\u00e1s en la ciudad de\u2026", "id": "1476770220564004867", "edit_history_tweet_ids": ["1476770220564004867"], "created_at": "2021-12-31T04:20:32.000Z", "author_id": "3152536335"}, {"text": "RT @nicaclic: #SOSNicaragua \nRut Mart\u00ednez Ortiz fue secuestrada junto a Jorge Alejandro Ram\u00edrez Gonz\u00e1lez y dos personas m\u00e1s en la ciudad de\u2026", "id": "1476768353356238849", "edit_history_tweet_ids": ["1476768353356238849"], "created_at": "2021-12-31T04:13:07.000Z", "author_id": "1005326980433276930"}, {"text": "RT @nicaclic: #SOSNicaragua \nRut Mart\u00ednez Ortiz fue secuestrada junto a Jorge Alejandro Ram\u00edrez Gonz\u00e1lez y dos personas m\u00e1s en la ciudad de\u2026", "id": "1476765769937477633", "edit_history_tweet_ids": ["1476765769937477633"], "created_at": "2021-12-31T04:02:51.000Z", "author_id": "216567113"}, {"text": "Estas celebridades conquistaron las premiaciones del 2021 con sus espectaculares atuendos \u2728\ud83d\udc4c\n\nhttps://t.co/DKjhB3ilLG", "id": "1476765052657094693", "edit_history_tweet_ids": ["1476765052657094693"], "created_at": "2021-12-31T04:00:00.000Z", "author_id": "92617808"}, {"text": "RT @nicaclic: #SOSNicaragua \nRut Mart\u00ednez Ortiz fue secuestrada junto a Jorge Alejandro Ram\u00edrez Gonz\u00e1lez y dos personas m\u00e1s en la ciudad de\u2026", "id": "1476763844441690114", "edit_history_tweet_ids": ["1476763844441690114"], "created_at": "2021-12-31T03:55:12.000Z", "author_id": "3007097408"}, {"text": "RT @nicaclic: #SOSNicaragua \nRut Mart\u00ednez Ortiz fue secuestrada junto a Jorge Alejandro Ram\u00edrez Gonz\u00e1lez y dos personas m\u00e1s en la ciudad de\u2026", "id": "1476762919169839118", "edit_history_tweet_ids": ["1476762919169839118"], "created_at": "2021-12-31T03:51:31.000Z", "author_id": "1214277302470598656"}, {"text": "RT @nicaclic: #SOSNicaragua \nRut Mart\u00ednez Ortiz fue secuestrada junto a Jorge Alejandro Ram\u00edrez Gonz\u00e1lez y dos personas m\u00e1s en la ciudad de\u2026", "id": "1476762821690019864", "edit_history_tweet_ids": ["1476762821690019864"], "created_at": "2021-12-31T03:51:08.000Z", "author_id": "2658226050"}, {"text": "RT @nicaclic: #SOSNicaragua \nRut Mart\u00ednez Ortiz fue secuestrada junto a Jorge Alejandro Ram\u00edrez Gonz\u00e1lez y dos personas m\u00e1s en la ciudad de\u2026", "id": "1476762560623955994", "edit_history_tweet_ids": ["1476762560623955994"], "created_at": "2021-12-31T03:50:06.000Z", "author_id": "1402067850"}, {"text": "Estas celebridades brillaron con sus majestuosos atuendos en las premiaciones del 2021  \ud83d\udc4c\u2728\n\nhttps://t.co/aqOzax8NIF", "id": "1476761277988966401", "edit_history_tweet_ids": ["1476761277988966401"], "created_at": "2021-12-31T03:45:00.000Z", "author_id": "263434572"}, {"text": "RT @nicaclic: #SOSNicaragua \nRut Mart\u00ednez Ortiz fue secuestrada junto a Jorge Alejandro Ram\u00edrez Gonz\u00e1lez y dos personas m\u00e1s en la ciudad de\u2026", "id": "1476760615985238019", "edit_history_tweet_ids": ["1476760615985238019"], "created_at": "2021-12-31T03:42:22.000Z", "author_id": "988084721082077184"}, {"text": "Analizando la lista de j\u00f3venes \ud83c\uddf2\ud83c\uddfd que hice previo al #GritaMexicoA21:\n\nMejores \u2705: Alejandro Zendejas, Omar Campos, Jeremy M\u00e1rquez, Salvador Reyes y Haret Ortega\n\nSorpresas \ud83d\udc40: Luis Olivas, Israel Reyes, Erik Lira, Jairo Torres y Erick S\u00e1nchez\n\nDecepciones \ud83d\udc4e\ud83c\udffc: Jonathan Gonz\u00e1lez https://t.co/ykfmnaT98A", "id": "1476760307485880323", "edit_history_tweet_ids": ["1476760307485880323"], "created_at": "2021-12-31T03:41:08.000Z", "author_id": "932160678697275392"}, {"text": "RT @mc_ilse78: Libres los queremos Alejandro Ch\u00e1vez Hern\u00e1ndez,  Alexis Horacio, Daniel Gonz\u00e1lez y para todos los injustamente presos\n#Amnis\u2026", "id": "1476759158041022466", "edit_history_tweet_ids": ["1476759158041022466"], "created_at": "2021-12-31T03:36:34.000Z", "author_id": "1442850695703670795"}, {"text": "RT @nicaclic: #SOSNicaragua \nRut Mart\u00ednez Ortiz fue secuestrada junto a Jorge Alejandro Ram\u00edrez Gonz\u00e1lez y dos personas m\u00e1s en la ciudad de\u2026", "id": "1476757482550743060", "edit_history_tweet_ids": ["1476757482550743060"], "created_at": "2021-12-31T03:29:55.000Z", "author_id": "1310757941381914625"}, {"text": "RT @nicaclic: #SOSNicaragua \nRut Mart\u00ednez Ortiz fue secuestrada junto a Jorge Alejandro Ram\u00edrez Gonz\u00e1lez y dos personas m\u00e1s en la ciudad de\u2026", "id": "1476756592884342786", "edit_history_tweet_ids": ["1476756592884342786"], "created_at": "2021-12-31T03:26:23.000Z", "author_id": "908066734149701638"}, {"text": "RT @JoalaKentucky: 12/ Bardo - Alejandro Gonzalez Inarritu\n\n\u00c7a fait un moment que Inarritu n\u2019a pas sorti un film, et il revient m\u00eame dans s\u2026", "id": "1476755783081676817", "edit_history_tweet_ids": ["1476755783081676817"], "created_at": "2021-12-31T03:23:10.000Z", "author_id": "906046072803344384"}, {"text": "RT @nicaclic: #SOSNicaragua \nRut Mart\u00ednez Ortiz fue secuestrada junto a Jorge Alejandro Ram\u00edrez Gonz\u00e1lez y dos personas m\u00e1s en la ciudad de\u2026", "id": "1476751663763443734", "edit_history_tweet_ids": ["1476751663763443734"], "created_at": "2021-12-31T03:06:48.000Z", "author_id": "64219801"}, {"text": "RT @mc_ilse78: Libres los queremos Alejandro Ch\u00e1vez Hern\u00e1ndez,  Alexis Horacio, Daniel Gonz\u00e1lez y para todos los injustamente presos\n#Amnis\u2026", "id": "1476751284103532546", "edit_history_tweet_ids": ["1476751284103532546"], "created_at": "2021-12-31T03:05:17.000Z", "author_id": "1408961413968695298"}, {"text": "RT @mc_ilse78: libertada para Alejandro Ch\u00e1vez Hern\u00e1ndez,  Alexis Horacio, Daniel Gonz\u00e1lez y para todos los injustamente presos \ud83d\udd4a\ud83d\udd4a\ud83d\udd4a\n#Amnist\u2026", "id": "1476750321040953344", "edit_history_tweet_ids": ["1476750321040953344"], "created_at": "2021-12-31T03:01:27.000Z", "author_id": "1476011460945842177"}, {"text": "RT @mc_ilse78: libertada para Alejandro Ch\u00e1vez Hern\u00e1ndez,  Alexis Horacio, Daniel Gonz\u00e1lez y para todos los injustamente presos  @Hazvalerm\u2026", "id": "1476747116785672196", "edit_history_tweet_ids": ["1476747116785672196"], "created_at": "2021-12-31T02:48:43.000Z", "author_id": "1453553530019762181"}, {"text": "RT @mc_ilse78: Libres los queremos Alejandro Ch\u00e1vez Hern\u00e1ndez,  Alexis Horacio, Daniel Gonz\u00e1lez y para todos los injustamente presos\n#Amnis\u2026", "id": "1476746546045755394", "edit_history_tweet_ids": ["1476746546045755394"], "created_at": "2021-12-31T02:46:27.000Z", "author_id": "4803404234"}, {"text": "RT @mc_ilse78: libertada para Alejandro Ch\u00e1vez Hern\u00e1ndez,  Alexis Horacio, Daniel Gonz\u00e1lez y para todos los injustamente presos \ud83d\udd4a\ud83d\udd4a\ud83d\udd4a\n#Amnist\u2026", "id": "1476746471450062848", "edit_history_tweet_ids": ["1476746471450062848"], "created_at": "2021-12-31T02:46:10.000Z", "author_id": "1453553530019762181"}, {"text": "RT @FiscaliaCol: Los afectados con la decisi\u00f3n son: \n-Sebasti\u00e1n Moreno Maya, alias Sebas; y su compa\u00f1era sentimental Nayibe Alexandra Londo\u2026", "id": "1476742068164775944", "edit_history_tweet_ids": ["1476742068164775944"], "created_at": "2021-12-31T02:28:40.000Z", "author_id": "958492212693733376"}, {"text": "RT @nicaclic: #SOSNicaragua \nRut Mart\u00ednez Ortiz fue secuestrada junto a Jorge Alejandro Ram\u00edrez Gonz\u00e1lez y dos personas m\u00e1s en la ciudad de\u2026", "id": "1476741931283664897", "edit_history_tweet_ids": ["1476741931283664897"], "created_at": "2021-12-31T02:28:07.000Z", "author_id": "1241493852411723776"}, {"text": "RT @FiscaliaCol: Los afectados con la decisi\u00f3n son: \n-Sebasti\u00e1n Moreno Maya, alias Sebas; y su compa\u00f1era sentimental Nayibe Alexandra Londo\u2026", "id": "1476739843392745473", "edit_history_tweet_ids": ["1476739843392745473"], "created_at": "2021-12-31T02:19:49.000Z", "author_id": "1473080732482424846"}, {"text": "RT @Fher_Turkita: Oye #Durango, dice Alejandro Gonz\u00e1lez que \u00e9l no es ambicioso ... \u00a1vaya broma del 28 de diciembre! \ud83e\udd23 https://t.co/wuiJnV5O\u2026", "id": "1476739709552537649", "edit_history_tweet_ids": ["1476739709552537649"], "created_at": "2021-12-31T02:19:17.000Z", "author_id": "111969371"}, {"text": "Oye #Durango, dice Alejandro Gonz\u00e1lez que \u00e9l no es ambicioso ... \u00a1vaya broma del 28 de diciembre! \ud83e\udd23 https://t.co/wuiJnV5OYg", "id": "1476737827756859394", "edit_history_tweet_ids": ["1476737827756859394"], "created_at": "2021-12-31T02:11:49.000Z", "author_id": "332655616"}, {"text": "RT @nicaclic: #SOSNicaragua \nRut Mart\u00ednez Ortiz fue secuestrada junto a Jorge Alejandro Ram\u00edrez Gonz\u00e1lez y dos personas m\u00e1s en la ciudad de\u2026", "id": "1476737460201828356", "edit_history_tweet_ids": ["1476737460201828356"], "created_at": "2021-12-31T02:10:21.000Z", "author_id": "942458936"}, {"text": "RT @FiscaliaCol: Los afectados con la decisi\u00f3n son: \n-Sebasti\u00e1n Moreno Maya, alias Sebas; y su compa\u00f1era sentimental Nayibe Alexandra Londo\u2026", "id": "1476737187521736746", "edit_history_tweet_ids": ["1476737187521736746"], "created_at": "2021-12-31T02:09:16.000Z", "author_id": "1463972518814003205"}, {"text": "Los afectados con la decisi\u00f3n son: \n-Sebasti\u00e1n Moreno Maya, alias Sebas; y su compa\u00f1era sentimental Nayibe Alexandra Londo\u00f1o Carrillo.\n-Adri\u00e1n Kaled Guzm\u00e1n.\n-Yuly Mileidy Mazo.\n-Diego Felipe Maya Gonz\u00e1lez.\n-Diego Alejandro Carrascal Ben\u00edtez. https://t.co/X2BILXsZ4O", "id": "1476737083754655757", "edit_history_tweet_ids": ["1476737083754655757"], "created_at": "2021-12-31T02:08:51.000Z", "author_id": "219990061"}, {"text": "RT @Aubar77: \u00c1rboles que dan frutos\u2026 https://t.co/IKR4q6RqGn", "id": "1476735868110917635", "edit_history_tweet_ids": ["1476735868110917635"], "created_at": "2021-12-31T02:04:02.000Z", "author_id": "1036367811537526789"}, {"text": "RT @nicaclic: #SOSNicaragua \nRut Mart\u00ednez Ortiz fue secuestrada junto a Jorge Alejandro Ram\u00edrez Gonz\u00e1lez y dos personas m\u00e1s en la ciudad de\u2026", "id": "1476733972038266925", "edit_history_tweet_ids": ["1476733972038266925"], "created_at": "2021-12-31T01:56:29.000Z", "author_id": "2776467389"}, {"text": "RT @nicaclic: #SOSNicaragua \nRut Mart\u00ednez Ortiz fue secuestrada junto a Jorge Alejandro Ram\u00edrez Gonz\u00e1lez y dos personas m\u00e1s en la ciudad de\u2026", "id": "1476729088681381890", "edit_history_tweet_ids": ["1476729088681381890"], "created_at": "2021-12-31T01:37:05.000Z", "author_id": "56401857"}, {"text": "RT @Gregoriodalbon: Para qu\u00e9? si hace 40 d\u00edas est\u00e1n durmiendo el Juicio Pol\u00edtico del Juez de Menores Alejandro Rodolfo Cilleruelo. \nJuez qu\u2026", "id": "1476728144266620928", "edit_history_tweet_ids": ["1476728144266620928"], "created_at": "2021-12-31T01:33:20.000Z", "author_id": "878663865302753281"}, {"text": "RT @nicaclic: #SOSNicaragua \nRut Mart\u00ednez Ortiz fue secuestrada junto a Jorge Alejandro Ram\u00edrez Gonz\u00e1lez y dos personas m\u00e1s en la ciudad de\u2026", "id": "1476727291837300736", "edit_history_tweet_ids": ["1476727291837300736"], "created_at": "2021-12-31T01:29:57.000Z", "author_id": "1017395234882445312"}, {"text": "RT @nicaclic: #SOSNicaragua \nRut Mart\u00ednez Ortiz fue secuestrada junto a Jorge Alejandro Ram\u00edrez Gonz\u00e1lez y dos personas m\u00e1s en la ciudad de\u2026", "id": "1476726185581232130", "edit_history_tweet_ids": ["1476726185581232130"], "created_at": "2021-12-31T01:25:33.000Z", "author_id": "282403986"}, {"text": "RT @ScreenReview_: 'The Revenant' (Alejandro Gonz\u00e1lez I\u00f1\u00e1rritu, 2015)", "id": "1476723578506727424", "edit_history_tweet_ids": ["1476723578506727424"], "created_at": "2021-12-31T01:15:11.000Z", "author_id": "550130989"}, {"text": "Y si al final de la tiraera se descubre que Rauw Alejandro es en realidad Saree Gonz\u00e1lez.", "id": "1476722932948865028", "edit_history_tweet_ids": ["1476722932948865028"], "created_at": "2021-12-31T01:12:38.000Z", "author_id": "177699149"}, {"text": "@JulioHe27157767 Apoyas a Alejandro Gonz\u00e1lez q estuvo fuera m\u00e1s de 15 a\u00f1os , decis q apoyemos ni a jugado y ya est\u00e1s tirando vibras negativas", "id": "1476714158120919048", "edit_history_tweet_ids": ["1476714158120919048"], "created_at": "2021-12-31T00:37:45.000Z", "author_id": "776056743373647872"}, {"text": "RT @nicaclic: #SOSNicaragua \nRut Mart\u00ednez Ortiz fue secuestrada junto a Jorge Alejandro Ram\u00edrez Gonz\u00e1lez y dos personas m\u00e1s en la ciudad de\u2026", "id": "1476713286359998468", "edit_history_tweet_ids": ["1476713286359998468"], "created_at": "2021-12-31T00:34:18.000Z", "author_id": "545702973"}, {"text": "RT @90punto1fm: Despide el 2021 con la buena m\u00fasica q @90punto1fm ha preparado para este 31 de diciembre, desde las 6:00 p.m. hasta las 12:\u2026", "id": "1476711165904527373", "edit_history_tweet_ids": ["1476711165904527373"], "created_at": "2021-12-31T00:25:52.000Z", "author_id": "937069288480964609"}, {"text": "RT @nicaclic: #SOSNicaragua \nRut Mart\u00ednez Ortiz fue secuestrada junto a Jorge Alejandro Ram\u00edrez Gonz\u00e1lez y dos personas m\u00e1s en la ciudad de\u2026", "id": "1476710968277225478", "edit_history_tweet_ids": ["1476710968277225478"], "created_at": "2021-12-31T00:25:05.000Z", "author_id": "1360799445630222337"}, {"text": "RT @_IrAdler: \"Porque tambi\u00e9n somos lo que hemos perdido.\" (Amores Perros, Alejandro Gonz\u00e1lez I\u00f1\u00e1rritu, 2000) https://t.co/SG6p7Ciwzk", "id": "1476710752165806083", "edit_history_tweet_ids": ["1476710752165806083"], "created_at": "2021-12-31T00:24:13.000Z", "author_id": "328779800"}, {"text": "RT @_IrAdler: \"Porque tambi\u00e9n somos lo que hemos perdido.\" (Amores Perros, Alejandro Gonz\u00e1lez I\u00f1\u00e1rritu, 2000) https://t.co/SG6p7Ciwzk", "id": "1476710420148801538", "edit_history_tweet_ids": ["1476710420148801538"], "created_at": "2021-12-31T00:22:54.000Z", "author_id": "283159761"}, {"text": "RT @nicaclic: #SOSNicaragua \nRut Mart\u00ednez Ortiz fue secuestrada junto a Jorge Alejandro Ram\u00edrez Gonz\u00e1lez y dos personas m\u00e1s en la ciudad de\u2026", "id": "1476710307057840128", "edit_history_tweet_ids": ["1476710307057840128"], "created_at": "2021-12-31T00:22:27.000Z", "author_id": "1053031308014886915"}, {"text": "RT @nicaclic: #SOSNicaragua \nRut Mart\u00ednez Ortiz fue secuestrada junto a Jorge Alejandro Ram\u00edrez Gonz\u00e1lez y dos personas m\u00e1s en la ciudad de\u2026", "id": "1476710028333793280", "edit_history_tweet_ids": ["1476710028333793280"], "created_at": "2021-12-31T00:21:21.000Z", "author_id": "114455240"}, {"text": "#SOSNicaragua \nRut Mart\u00ednez Ortiz fue secuestrada junto a Jorge Alejandro Ram\u00edrez Gonz\u00e1lez y dos personas m\u00e1s en la ciudad de #Masaya. Ruth es hermana del preso pol\u00edtico Norlan C\u00e1rdenas.\n\nNo m\u00e1s injusticias de la dictadura Sandinista\n@CorteIDH @CIDH @OEA_oficial @PauloAbrao https://t.co/EGPhJRqnaI", "id": "1476709071675871239", "edit_history_tweet_ids": ["1476709071675871239"], "created_at": "2021-12-31T00:17:33.000Z", "author_id": "384933011"}, {"text": "RT @MetapoliticaMx: \u261e \u201cHay otros casos de abuso de polic\u00edas o maltrato, se tienen integradas las carpetas de 11 casos que se van a resolver\u2026", "id": "1476704658987134981", "edit_history_tweet_ids": ["1476704658987134981"], "created_at": "2021-12-31T00:00:01.000Z", "author_id": "1418707703346647045"}, {"text": "Despide el 2021 con la buena m\u00fasica q @90punto1fm ha preparado para este 31 de diciembre, desde las 6:00 p.m. hasta las 12:00 a.m. \n\nAcompa\u00f1a a Marcela Rivas @MarshiiRivas Ixchel Montoya @Montoya2496 y Alejandro Gonzalez @Gonzalezmachete\n\nGracias a: @claroelsalvador @PanLido https://t.co/cAXhewfgSX", "id": "1476703866683109380", "edit_history_tweet_ids": ["1476703866683109380"], "created_at": "2021-12-30T23:56:52.000Z", "author_id": "264423480"}, {"text": "RT @PostData_News: #Polic\u00edas \nEl Comisionado de Seguridad en Morelia, Alejandro Gonz\u00e1lez inform\u00f3 que fueron separados del cargo 9 polic\u00edas\u2026", "id": "1476702743272304643", "edit_history_tweet_ids": ["1476702743272304643"], "created_at": "2021-12-30T23:52:24.000Z", "author_id": "596123845"}, {"text": "RT @SinFaltapy: Casualmente... el Dr. Lovera es abogado de los Gonzalez Daher y de Alejandro Dom\u00ednguez...\nLos que hacen lo que quieren con\u2026", "id": "1476701746567294979", "edit_history_tweet_ids": ["1476701746567294979"], "created_at": "2021-12-30T23:48:26.000Z", "author_id": "402376499"}, {"text": "\u261e \u201cHay otros casos de abuso de polic\u00edas o maltrato, se tienen integradas las carpetas de 11 casos que se van a resolver\u201d, se\u00f1al\u00f3 el Comisionado para la Seguridad de Morelia, Alejandro Gonz\u00e1lez Cussi.\nhttps://t.co/y8DrwRzAJc", "id": "1476700209921077248", "edit_history_tweet_ids": ["1476700209921077248"], "created_at": "2021-12-30T23:42:20.000Z", "author_id": "804080131031633920"}, {"text": "the revenant (2015)\n\ndir. alejandro gonz\u00e1lez i\u00f1\u00e1rritu https://t.co/gMjcUwbnYG", "id": "1476697899459350528", "edit_history_tweet_ids": ["1476697899459350528"], "created_at": "2021-12-30T23:33:09.000Z", "author_id": "1052660197687201792"}, {"text": "RT @SinFaltapy: Casualmente... el Dr. Lovera es abogado de los Gonzalez Daher y de Alejandro Dom\u00ednguez...\nLos que hacen lo que quieren con\u2026", "id": "1476697805456506880", "edit_history_tweet_ids": ["1476697805456506880"], "created_at": "2021-12-30T23:32:47.000Z", "author_id": "1122584461"}, {"text": "In orbita Bar\u00e7a ci sono dei nomi che fossi la Juve mi interesserei a inserire: \n\n-Sergino Dest, con un Cuadrado certo di rimanere di sicuro un ramo verde importante a dx\n-Alejandro Bald\u00e8, usato da Koeman e ora fuori\n-Nicol\u00e0s Gonzalez (che con De Jong Gavi Pedri \u00e8 chiuso)\n-Collado", "id": "1476696760290533378", "edit_history_tweet_ids": ["1476696760290533378"], "created_at": "2021-12-30T23:28:38.000Z", "author_id": "2941195096"}, {"text": "10 directo\n\nFederico Fellini\nDario Argento\nAlejandro Gonzalez Inarritu\nWes Anderson\nMartin Scorsese\nQuentin Tarantino\nSergio Leone\nReha Erdem\nPaul Thomas Anderson\nStanley Kubrick\nEdgar Wright\nTerry Gilliam\nMichael Mann\nNuri Bilge Ceylan\nJohn Carpenter\nOrson Welles\nClint Eastwood https://t.co/APUyECRM6I", "id": "1476695948495630344", "edit_history_tweet_ids": ["1476695948495630344"], "created_at": "2021-12-30T23:25:24.000Z", "author_id": "876998246798946304"}, {"text": "RT @Aubar77: \u00c1rboles que dan frutos\u2026 https://t.co/IKR4q6RqGn", "id": "1476694284049035268", "edit_history_tweet_ids": ["1476694284049035268"], "created_at": "2021-12-30T23:18:47.000Z", "author_id": "707431490"}, {"text": "RT @expressnewsPy: [BOMBA]\nAlejandro Dom\u00ednguez habr\u00eda heredado esquema de apriete judicial del nefasto Clan Gonz\u00e1lez Daher https://t.co/VAS\u2026", "id": "1476692613969367041", "edit_history_tweet_ids": ["1476692613969367041"], "created_at": "2021-12-30T23:12:09.000Z", "author_id": "1368936043353960448"}, {"text": "RT @SinFaltapy: Casualmente... el Dr. Lovera es abogado de los Gonzalez Daher y de Alejandro Dom\u00ednguez...\nLos que hacen lo que quieren con\u2026", "id": "1476691887276834823", "edit_history_tweet_ids": ["1476691887276834823"], "created_at": "2021-12-30T23:09:16.000Z", "author_id": "89166596"}, {"text": "PRIMERA ETAPA\nENCUESTA CARRERA PRESIDENCIAL\n\u00bfQUI\u00c9N PARA PRESIDENTE DE M\u00c9XICO 2024?\nOdette Nayeri Almaz\u00e1n M\u00fa\u00f1oz\n@OdetteAlmazan\nAnah\u00ed Gonz\u00e1lez Hern\u00e1ndez\n@AnahiGonzalezQR\nAlejandro Carvajal Hidalgo\n@acarvajalh\nRaymundo Atanacio Luna\n@RayAtanacioLuna", "id": "1476690217469767687", "edit_history_tweet_ids": ["1476690217469767687"], "created_at": "2021-12-30T23:02:38.000Z", "author_id": "343429392"}], "meta": {"newest_id": "1476918807620849664", "oldest_id": "1476690217469767687", "result_count": 100, "next_token": "b26v89c19zqg8o3fpe17vchg8w66ptt5fzg26t766dx8d"}}