{"data": [{"edit_history_tweet_ids": ["926054247430610944"], "text": "RT @roberto_macias_: Los recortes a la sanidad causan sufrimiento y muerte. Mi cuerpo no resiste otra legislatura de Susana D\u00edaz\n#TodosLosS\u2026", "author_id": "845664553581137921", "created_at": "2017-11-02T11:51:52.000Z", "id": "926054247430610944"}, {"edit_history_tweet_ids": ["926052849825566726"], "text": "RT @CarmGGr: @roberto_macias_ Ni Sanidad, ni Educaci\u00f3n, ni Empleo ni Justicia.Hay algo q funcione bien en Andaluc\u00eda? Ah s\u00ed, la Gran Adm\u00f3n P\u2026", "author_id": "845664553581137921", "created_at": "2017-11-02T11:46:19.000Z", "id": "926052849825566726"}, {"edit_history_tweet_ids": ["926047191281684480"], "text": "RT @roberto_macias_: Los recortes a la sanidad causan sufrimiento y muerte. Mi cuerpo no resiste otra legislatura de Susana D\u00edaz\n#TodosLosS\u2026", "author_id": "313338682", "created_at": "2017-11-02T11:23:50.000Z", "id": "926047191281684480"}, {"edit_history_tweet_ids": ["926039683229941760"], "text": "RT @roberto_macias_: #FelizJueves Al r\u00e9gimen podrido Andaluz se le agota el tiempo. Susana D\u00edaz y su red clientelar tiene sus horas contada\u2026", "author_id": "905829158630170633", "created_at": "2017-11-02T10:54:00.000Z", "id": "926039683229941760"}, {"edit_history_tweet_ids": ["926038943283531783"], "text": "Cal obrir els ulls. Veritats, fantasies, atenci\u00f3!\n\"Catalu\u00f1a y el absolutismo borb\u00f3nico\"\nHistoria y pol\u00edtica\nRoberto Fern\u00e1ndez D\u00edaz", "author_id": "320604302", "created_at": "2017-11-02T10:51:03.000Z", "id": "926038943283531783"}, {"edit_history_tweet_ids": ["926035094594375681"], "text": "RT @roberto_macias_: #FelizJueves Al r\u00e9gimen podrido Andaluz se le agota el tiempo. Susana D\u00edaz y su red clientelar tiene sus horas contada\u2026", "author_id": "2889318153", "created_at": "2017-11-02T10:35:46.000Z", "id": "926035094594375681"}, {"edit_history_tweet_ids": ["926025485913600000"], "text": "RT @roberto_macias_: Los recortes a la sanidad causan sufrimiento y muerte. Mi cuerpo no resiste otra legislatura de Susana D\u00edaz\n#TodosLosS\u2026", "author_id": "798950708", "created_at": "2017-11-02T09:57:35.000Z", "id": "926025485913600000"}, {"edit_history_tweet_ids": ["926024202636988418"], "text": "RT @roberto_macias_: Los recortes a la sanidad causan sufrimiento y muerte. Mi cuerpo no resiste otra legislatura de Susana D\u00edaz\n#TodosLosS\u2026", "author_id": "2269461124", "created_at": "2017-11-02T09:52:29.000Z", "id": "926024202636988418"}, {"edit_history_tweet_ids": ["926020889732435968"], "text": "RT @roberto_macias_: Los recortes a la sanidad causan sufrimiento y muerte. Mi cuerpo no resiste otra legislatura de Susana D\u00edaz\n#TodosLosS\u2026", "author_id": "149481485", "created_at": "2017-11-02T09:39:19.000Z", "id": "926020889732435968"}, {"edit_history_tweet_ids": ["926019863306489856"], "text": "RT @roberto_macias_: Los recortes a la sanidad causan sufrimiento y muerte. Mi cuerpo no resiste otra legislatura de Susana D\u00edaz\n#TodosLosS\u2026", "author_id": "1311398348", "created_at": "2017-11-02T09:35:14.000Z", "id": "926019863306489856"}, {"edit_history_tweet_ids": ["926019345855270913"], "text": "RT @roberto_macias_: Los recortes a la sanidad causan sufrimiento y muerte. Mi cuerpo no resiste otra legislatura de Susana D\u00edaz\n#TodosLosS\u2026", "author_id": "912660252692303873", "created_at": "2017-11-02T09:33:11.000Z", "id": "926019345855270913"}, {"edit_history_tweet_ids": ["926014759736102913"], "text": "RT @roberto_macias_: #FelizJueves Al r\u00e9gimen podrido Andaluz se le agota el tiempo. Susana D\u00edaz y su red clientelar tiene sus horas contada\u2026", "author_id": "306133984", "created_at": "2017-11-02T09:14:57.000Z", "id": "926014759736102913"}, {"edit_history_tweet_ids": ["926006738721132545"], "text": "RT @roberto_macias_: Los recortes a la sanidad causan sufrimiento y muerte. Mi cuerpo no resiste otra legislatura de Susana D\u00edaz\n#TodosLosS\u2026", "author_id": "1970746375", "created_at": "2017-11-02T08:43:05.000Z", "id": "926006738721132545"}, {"edit_history_tweet_ids": ["926004995392143361"], "text": "RT @roberto_macias_: Los recortes a la sanidad causan sufrimiento y muerte. Mi cuerpo no resiste otra legislatura de Susana D\u00edaz\n#TodosLosS\u2026", "author_id": "742261140764413953", "created_at": "2017-11-02T08:36:09.000Z", "id": "926004995392143361"}, {"edit_history_tweet_ids": ["926004960143212544"], "text": "RT @roberto_macias_: Los recortes a la sanidad causan sufrimiento y muerte. Mi cuerpo no resiste otra legislatura de Susana D\u00edaz\n#TodosLosS\u2026", "author_id": "63766213", "created_at": "2017-11-02T08:36:01.000Z", "id": "926004960143212544"}, {"edit_history_tweet_ids": ["926004633935466496"], "text": "RT @roberto_macias_: Los recortes a la sanidad causan sufrimiento y muerte. Mi cuerpo no resiste otra legislatura de Susana D\u00edaz\n#TodosLosS\u2026", "author_id": "880720356356632576", "created_at": "2017-11-02T08:34:43.000Z", "id": "926004633935466496"}, {"edit_history_tweet_ids": ["926001175375306753"], "text": "RT @roberto_macias_: Los recortes a la sanidad causan sufrimiento y muerte. Mi cuerpo no resiste otra legislatura de Susana D\u00edaz\n#TodosLosS\u2026", "author_id": "4026506524", "created_at": "2017-11-02T08:20:59.000Z", "id": "926001175375306753"}, {"edit_history_tweet_ids": ["926000441049174016"], "text": "RT @roberto_macias_: Los recortes a la sanidad causan sufrimiento y muerte. Mi cuerpo no resiste otra legislatura de Susana D\u00edaz\n#TodosLosS\u2026", "author_id": "2937422679", "created_at": "2017-11-02T08:18:04.000Z", "id": "926000441049174016"}, {"edit_history_tweet_ids": ["926000439413366784"], "text": "RT @roberto_macias_: Los recortes a la sanidad causan sufrimiento y muerte. Mi cuerpo no resiste otra legislatura de Susana D\u00edaz\n#TodosLosS\u2026", "author_id": "854763222", "created_at": "2017-11-02T08:18:03.000Z", "id": "926000439413366784"}, {"edit_history_tweet_ids": ["925999813732327424"], "text": "RT @roberto_macias_: Los recortes a la sanidad causan sufrimiento y muerte. Mi cuerpo no resiste otra legislatura de Susana D\u00edaz\n#TodosLosS\u2026", "author_id": "3097251538", "created_at": "2017-11-02T08:15:34.000Z", "id": "925999813732327424"}, {"edit_history_tweet_ids": ["925999259870167040"], "text": "RT @roberto_macias_: Los recortes a la sanidad causan sufrimiento y muerte. Mi cuerpo no resiste otra legislatura de Susana D\u00edaz\n#TodosLosS\u2026", "author_id": "2754117225", "created_at": "2017-11-02T08:13:22.000Z", "id": "925999259870167040"}, {"edit_history_tweet_ids": ["925998524772290560"], "text": "RT @roberto_macias_: Los recortes a la sanidad causan sufrimiento y muerte. Mi cuerpo no resiste otra legislatura de Susana D\u00edaz\n#TodosLosS\u2026", "author_id": "555896578", "created_at": "2017-11-02T08:10:27.000Z", "id": "925998524772290560"}, {"edit_history_tweet_ids": ["925998298980405248"], "text": "RT @roberto_macias_: Los recortes a la sanidad causan sufrimiento y muerte. Mi cuerpo no resiste otra legislatura de Susana D\u00edaz\n#TodosLosS\u2026", "author_id": "322126271", "created_at": "2017-11-02T08:09:33.000Z", "id": "925998298980405248"}, {"edit_history_tweet_ids": ["925998286149910530"], "text": "RT @roberto_macias_: Los recortes a la sanidad causan sufrimiento y muerte. Mi cuerpo no resiste otra legislatura de Susana D\u00edaz\n#TodosLosS\u2026", "author_id": "8314412", "created_at": "2017-11-02T08:09:30.000Z", "id": "925998286149910530"}, {"edit_history_tweet_ids": ["925998100723978240"], "text": "RT @roberto_macias_: Los recortes a la sanidad causan sufrimiento y muerte. Mi cuerpo no resiste otra legislatura de Susana D\u00edaz\n#TodosLosS\u2026", "author_id": "120620613", "created_at": "2017-11-02T08:08:46.000Z", "id": "925998100723978240"}, {"edit_history_tweet_ids": ["925985590889336833"], "text": "RT @roberto_macias_: Los recortes a la sanidad causan sufrimiento y muerte. Mi cuerpo no resiste otra legislatura de Susana D\u00edaz\n#TodosLosS\u2026", "author_id": "900391142403035137", "created_at": "2017-11-02T07:19:03.000Z", "id": "925985590889336833"}, {"edit_history_tweet_ids": ["925976656279425024"], "text": "RT @roberto_macias_: Los recortes a la sanidad causan sufrimiento y muerte. Mi cuerpo no resiste otra legislatura de Susana D\u00edaz\n#TodosLosS\u2026", "author_id": "539975489", "created_at": "2017-11-02T06:43:33.000Z", "id": "925976656279425024"}, {"edit_history_tweet_ids": ["925971090962305025"], "text": "RT @roberto_macias_: Los recortes a la sanidad causan sufrimiento y muerte. Mi cuerpo no resiste otra legislatura de Susana D\u00edaz\n#TodosLosS\u2026", "author_id": "785912608586989568", "created_at": "2017-11-02T06:21:26.000Z", "id": "925971090962305025"}, {"edit_history_tweet_ids": ["925971021995405312"], "text": "RT @roberto_macias_: Los recortes a la sanidad causan sufrimiento y muerte. Mi cuerpo no resiste otra legislatura de Susana D\u00edaz\n#TodosLosS\u2026", "author_id": "1010705413", "created_at": "2017-11-02T06:21:10.000Z", "id": "925971021995405312"}, {"edit_history_tweet_ids": ["925970965812695040"], "text": "RT @roberto_macias_: Los recortes a la sanidad causan sufrimiento y muerte. Mi cuerpo no resiste otra legislatura de Susana D\u00edaz\n#TodosLosS\u2026", "author_id": "794627201777934342", "created_at": "2017-11-02T06:20:56.000Z", "id": "925970965812695040"}, {"edit_history_tweet_ids": ["925969676806639616"], "text": "RT @roberto_macias_: Los recortes a la sanidad causan sufrimiento y muerte. Mi cuerpo no resiste otra legislatura de Susana D\u00edaz\n#TodosLosS\u2026", "author_id": "261260380", "created_at": "2017-11-02T06:15:49.000Z", "id": "925969676806639616"}, {"edit_history_tweet_ids": ["925952064542445569"], "text": "RT @losemarrp: Retweeted Roberto Finat D\u00edaz (@RobertoFinat):\n\nEntr\u00f3 malita y sali\u00f3 rica. \ud83d\ude00 https://t.co/0jqFJTczhc https://t.co/5aqWocWyVP", "author_id": "55676208", "created_at": "2017-11-02T05:05:50.000Z", "id": "925952064542445569"}, {"edit_history_tweet_ids": ["925941057908387840"], "text": "RT @roberto_macias_: Los recortes a la sanidad causan sufrimiento y muerte. Mi cuerpo no resiste otra legislatura de Susana D\u00edaz\n#TodosLosS\u2026", "author_id": "3105416638", "created_at": "2017-11-02T04:22:06.000Z", "id": "925941057908387840"}, {"edit_history_tweet_ids": ["925938884315193344"], "text": "RT @losemarrp: Retweeted Roberto Finat D\u00edaz (@RobertoFinat):\n\nEntr\u00f3 malita y sali\u00f3 rica. \ud83d\ude00 https://t.co/0jqFJTczhc https://t.co/5aqWocWyVP", "author_id": "18802182", "created_at": "2017-11-02T04:13:27.000Z", "id": "925938884315193344"}, {"edit_history_tweet_ids": ["925938505892626432"], "text": "Retweeted Roberto Finat D\u00edaz (@RobertoFinat):\n\nEntr\u00f3 malita y sali\u00f3 rica. \ud83d\ude00 https://t.co/0jqFJTczhc https://t.co/5aqWocWyVP", "author_id": "2895565085", "created_at": "2017-11-02T04:11:57.000Z", "id": "925938505892626432"}, {"edit_history_tweet_ids": ["925936666841251845"], "text": "\u278c Pamela Diaz\n\u278d Saime\n\u278e Linea 6 De Metro\n\u278f Copa Libertadores 2017\n\u2790 Linea 6\n\u2791 Roberto Cavazos\n\u2792 Festival de Vi\u00f1a 2018\n\n2017/11/2 01:05 -03", "author_id": "1182010928", "created_at": "2017-11-02T04:04:39.000Z", "id": "925936666841251845"}, {"edit_history_tweet_ids": ["925900217177853952"], "text": "RT @jnicobarrios: El empresario Roberto D\u00edaz Mercado resalta la formaci\u00f3n que reciben los aprendices de #ElPorvenir luego de la jornada de\u2026", "author_id": "175937742", "created_at": "2017-11-02T01:39:48.000Z", "id": "925900217177853952"}, {"edit_history_tweet_ids": ["925892267587629057"], "text": "#ElPaisDD A esta hora... Tranque parejo en la Domingo D\u00edaz. Foto: Roberto Barrios. https://t.co/pytUbl2zTm", "author_id": "250343542", "created_at": "2017-11-02T01:08:13.000Z", "id": "925892267587629057"}, {"edit_history_tweet_ids": ["925876133438124034"], "text": "RT @DirSENACordoba: En #AprendizPorUnD\u00eda #ElPorvenir participan Omar Ghisays, H\u00e9ctor Zuluaga, Roberto Jos\u00e9 D\u00edaz,Jaime Betancur, Jackeline M\u2026", "author_id": "137740729", "created_at": "2017-11-02T00:04:06.000Z", "id": "925876133438124034"}, {"edit_history_tweet_ids": ["925875973500866560"], "text": "RT @jnicobarrios: El empresario Roberto D\u00edaz Mercado resalta la formaci\u00f3n que reciben los aprendices de #ElPorvenir luego de la jornada de\u2026", "author_id": "308137402", "created_at": "2017-11-02T00:03:28.000Z", "id": "925875973500866560"}, {"edit_history_tweet_ids": ["925875743795671040"], "text": "RT @DirSENACordoba: En #AprendizPorUnD\u00eda #ElPorvenir participan Omar Ghisays, H\u00e9ctor Zuluaga, Roberto Jos\u00e9 D\u00edaz,Jaime Betancur, Jackeline M\u2026", "author_id": "739839300905357312", "created_at": "2017-11-02T00:02:33.000Z", "id": "925875743795671040"}, {"edit_history_tweet_ids": ["925870415112794126"], "text": "F\u00daTBOL | Roberto Tobar\ud83c\udde8\ud83c\uddf1 arbitrar\u00e1 @Gremio - @BarcelonaSCweb. Asistentes: Carlos Astroza y Christian Schiemann. 4\u00b0 juez: Mario D\u00edaz de Vivar https://t.co/ElpI4CHJZR", "author_id": "320358075", "created_at": "2017-11-01T23:41:23.000Z", "id": "925870415112794126"}, {"edit_history_tweet_ids": ["925864172092616709"], "text": "RT @roberto_macias_: Los recortes a la sanidad causan sufrimiento y muerte. Mi cuerpo no resiste otra legislatura de Susana D\u00edaz\n#TodosLosS\u2026", "author_id": "753002808329248768", "created_at": "2017-11-01T23:16:35.000Z", "id": "925864172092616709"}, {"edit_history_tweet_ids": ["925860273004654592"], "text": "El empresario Roberto D\u00edaz Mercado resalta la formaci\u00f3n que reciben los aprendices de #ElPorvenir luego de la jornada de #AprendizPorUnD\u00eda https://t.co/NV3qybE8wR", "author_id": "984644478", "created_at": "2017-11-01T23:01:05.000Z", "id": "925860273004654592"}, {"edit_history_tweet_ids": ["925860000752459777"], "text": "\u00c1rbitros: @Gremio-@BarcelonaSCweb\n\n\u231a\ufe0f: Roberto Tobar  \ud83c\udde8\ud83c\uddf1\n\ud83c\udfc1: Carlos Astroza \ud83c\udde8\ud83c\uddf1\n\ud83c\udfc1: Cristhian Schiemann \ud83c\udde8\ud83c\uddf1\n\ud83d\udccb: Mario D\u00edaz  \ud83c\uddf5\ud83c\uddfe", "author_id": "213720520", "created_at": "2017-11-01T23:00:00.000Z", "id": "925860000752459777"}, {"edit_history_tweet_ids": ["925856878927675393"], "text": "RT @roberto_macias_: Los recortes a la sanidad causan sufrimiento y muerte. Mi cuerpo no resiste otra legislatura de Susana D\u00edaz\n#TodosLosS\u2026", "author_id": "142067546", "created_at": "2017-11-01T22:47:36.000Z", "id": "925856878927675393"}, {"edit_history_tweet_ids": ["925856813970608129"], "text": "RT @roberto_macias_: Los recortes a la sanidad causan sufrimiento y muerte. Mi cuerpo no resiste otra legislatura de Susana D\u00edaz\n#TodosLosS\u2026", "author_id": "2891212180", "created_at": "2017-11-01T22:47:20.000Z", "id": "925856813970608129"}, {"edit_history_tweet_ids": ["925852863645011973"], "text": "Good luck to tour player, Roberto Diaz, as he plays in the PGA Tour event tomorrow through Sunday. Diaz received... https://t.co/dXf8WEkbkN", "author_id": "89105627", "created_at": "2017-11-01T22:31:38.000Z", "id": "925852863645011973"}, {"edit_history_tweet_ids": ["925847359451475968"], "text": "RT @roberto_macias_: Los recortes a la sanidad causan sufrimiento y muerte. Mi cuerpo no resiste otra legislatura de Susana D\u00edaz\n#TodosLosS\u2026", "author_id": "2566870286", "created_at": "2017-11-01T22:09:46.000Z", "id": "925847359451475968"}, {"edit_history_tweet_ids": ["925842347266625542"], "text": "RT @roberto_macias_: Los recortes a la sanidad causan sufrimiento y muerte. Mi cuerpo no resiste otra legislatura de Susana D\u00edaz\n#TodosLosS\u2026", "author_id": "2284350969", "created_at": "2017-11-01T21:49:51.000Z", "id": "925842347266625542"}, {"edit_history_tweet_ids": ["925838841264721920"], "text": "RT @roberto_macias_: Los recortes a la sanidad causan sufrimiento y muerte. Mi cuerpo no resiste otra legislatura de Susana D\u00edaz\n#TodosLosS\u2026", "author_id": "2978998174", "created_at": "2017-11-01T21:35:55.000Z", "id": "925838841264721920"}, {"edit_history_tweet_ids": ["925836921376567296"], "text": "@RenzoVaccarezza @uchile @stgocultura @IntendenciaRM @Orrego @Mineduc @Muni_Stgo @ministeriosalud Prima hermana de mi abuelo Roberto Olivares Diaz", "author_id": "151699270", "created_at": "2017-11-01T21:28:17.000Z", "id": "925836921376567296"}, {"edit_history_tweet_ids": ["925836264083021825"], "text": "RT @roberto_macias_: Los recortes a la sanidad causan sufrimiento y muerte. Mi cuerpo no resiste otra legislatura de Susana D\u00edaz\n#TodosLosS\u2026", "author_id": "223426123", "created_at": "2017-11-01T21:25:41.000Z", "id": "925836264083021825"}, {"edit_history_tweet_ids": ["925831276568948736"], "text": "RT @roberto_macias_: Los recortes a la sanidad causan sufrimiento y muerte. Mi cuerpo no resiste otra legislatura de Susana D\u00edaz\n#TodosLosS\u2026", "author_id": "2962280140", "created_at": "2017-11-01T21:05:52.000Z", "id": "925831276568948736"}, {"edit_history_tweet_ids": ["925829724659691523"], "text": "RT @roberto_macias_: Los recortes a la sanidad causan sufrimiento y muerte. Mi cuerpo no resiste otra legislatura de Susana D\u00edaz\n#TodosLosS\u2026", "author_id": "761948608384106496", "created_at": "2017-11-01T20:59:42.000Z", "id": "925829724659691523"}, {"edit_history_tweet_ids": ["925828229151289344"], "text": "RT @roberto_macias_: Los recortes a la sanidad causan sufrimiento y muerte. Mi cuerpo no resiste otra legislatura de Susana D\u00edaz\n#TodosLosS\u2026", "author_id": "564865163", "created_at": "2017-11-01T20:53:45.000Z", "id": "925828229151289344"}, {"edit_history_tweet_ids": ["925818841984270337"], "text": "RT @CarmGGr: @roberto_macias_ Ni Sanidad, ni Educaci\u00f3n, ni Empleo ni Justicia.Hay algo q funcione bien en Andaluc\u00eda? Ah s\u00ed, la Gran Adm\u00f3n P\u2026", "author_id": "2934170655", "created_at": "2017-11-01T20:16:27.000Z", "id": "925818841984270337"}, {"edit_history_tweet_ids": ["925816932623962112"], "text": "RT @roberto_macias_: Los recortes a la sanidad causan sufrimiento y muerte. Mi cuerpo no resiste otra legislatura de Susana D\u00edaz\n#TodosLosS\u2026", "author_id": "263699785", "created_at": "2017-11-01T20:08:52.000Z", "id": "925816932623962112"}, {"edit_history_tweet_ids": ["925814553841229826"], "text": "RT @roberto_macias_: Los recortes a la sanidad causan sufrimiento y muerte. Mi cuerpo no resiste otra legislatura de Susana D\u00edaz\n#TodosLosS\u2026", "author_id": "1399432578", "created_at": "2017-11-01T19:59:25.000Z", "id": "925814553841229826"}, {"edit_history_tweet_ids": ["925811976885952514"], "text": "RT @roberto_macias_: Los recortes a la sanidad causan sufrimiento y muerte. Mi cuerpo no resiste otra legislatura de Susana D\u00edaz\n#TodosLosS\u2026", "author_id": "466869390", "created_at": "2017-11-01T19:49:10.000Z", "id": "925811976885952514"}, {"edit_history_tweet_ids": ["925811560479641600"], "text": "RT @roberto_macias_: Los recortes a la sanidad causan sufrimiento y muerte. Mi cuerpo no resiste otra legislatura de Susana D\u00edaz\n#TodosLosS\u2026", "author_id": "630650046", "created_at": "2017-11-01T19:47:31.000Z", "id": "925811560479641600"}, {"edit_history_tweet_ids": ["925807776957390848"], "text": "RT @roberto_macias_: Los recortes a la sanidad causan sufrimiento y muerte. Mi cuerpo no resiste otra legislatura de Susana D\u00edaz\n#TodosLosS\u2026", "author_id": "3309529426", "created_at": "2017-11-01T19:32:29.000Z", "id": "925807776957390848"}, {"edit_history_tweet_ids": ["925807418927468545"], "text": "RT @roberto_macias_: Los recortes a la sanidad causan sufrimiento y muerte. Mi cuerpo no resiste otra legislatura de Susana D\u00edaz\n#TodosLosS\u2026", "author_id": "2264021199", "created_at": "2017-11-01T19:31:03.000Z", "id": "925807418927468545"}, {"edit_history_tweet_ids": ["925805874647584773"], "text": "RT @CarmGGr: @roberto_macias_ Ni Sanidad, ni Educaci\u00f3n, ni Empleo ni Justicia.Hay algo q funcione bien en Andaluc\u00eda? Ah s\u00ed, la Gran Adm\u00f3n P\u2026", "author_id": "909419522695876610", "created_at": "2017-11-01T19:24:55.000Z", "id": "925805874647584773"}, {"edit_history_tweet_ids": ["925804681426763777"], "text": "RT @roberto_macias_: Los recortes a la sanidad causan sufrimiento y muerte. Mi cuerpo no resiste otra legislatura de Susana D\u00edaz\n#TodosLosS\u2026", "author_id": "766952100433657856", "created_at": "2017-11-01T19:20:11.000Z", "id": "925804681426763777"}, {"edit_history_tweet_ids": ["925804614640984065"], "text": "RT @roberto_macias_: Los recortes a la sanidad causan sufrimiento y muerte. Mi cuerpo no resiste otra legislatura de Susana D\u00edaz\n#TodosLosS\u2026", "author_id": "119008258", "created_at": "2017-11-01T19:19:55.000Z", "id": "925804614640984065"}, {"edit_history_tweet_ids": ["925804603064705024"], "text": "RT @roberto_macias_: Los recortes a la sanidad causan sufrimiento y muerte. Mi cuerpo no resiste otra legislatura de Susana D\u00edaz\n#TodosLosS\u2026", "author_id": "704696704084418561", "created_at": "2017-11-01T19:19:52.000Z", "id": "925804603064705024"}, {"edit_history_tweet_ids": ["925802937779216385"], "text": "RT @roberto_macias_: Los recortes a la sanidad causan sufrimiento y muerte. Mi cuerpo no resiste otra legislatura de Susana D\u00edaz\n#TodosLosS\u2026", "author_id": "2760704104", "created_at": "2017-11-01T19:13:15.000Z", "id": "925802937779216385"}, {"edit_history_tweet_ids": ["925801395307122688"], "text": "RT @roberto_macias_: Los recortes a la sanidad causan sufrimiento y muerte. Mi cuerpo no resiste otra legislatura de Susana D\u00edaz\n#TodosLosS\u2026", "author_id": "885854304795545602", "created_at": "2017-11-01T19:07:07.000Z", "id": "925801395307122688"}, {"edit_history_tweet_ids": ["925799646861111297"], "text": "#Informaci\u00f3nW Tumba de Roberto G\u00f3mez Bola\u00f1os \"Chespirito\"; y de Carmen Romero Rubio, esposa del general Porfirio D\u00edaz #Pante\u00f3nFranc\u00e9s https://t.co/PbpsAUPTo0", "author_id": "20561817", "created_at": "2017-11-01T19:00:10.000Z", "id": "925799646861111297"}, {"edit_history_tweet_ids": ["925790892480516096"], "text": "RT @CarmGGr: @roberto_macias_ Ni Sanidad, ni Educaci\u00f3n, ni Empleo ni Justicia.Hay algo q funcione bien en Andaluc\u00eda? Ah s\u00ed, la Gran Adm\u00f3n P\u2026", "author_id": "924626564276543488", "created_at": "2017-11-01T18:25:23.000Z", "id": "925790892480516096"}, {"edit_history_tweet_ids": ["925787951631650818"], "text": "RT @roberto_macias_: Los recortes a la sanidad causan sufrimiento y muerte. Mi cuerpo no resiste otra legislatura de Susana D\u00edaz\n#TodosLosS\u2026", "author_id": "316572612", "created_at": "2017-11-01T18:13:42.000Z", "id": "925787951631650818"}, {"edit_history_tweet_ids": ["925778355126972416"], "text": "RT @roberto_macias_: Los recortes a la sanidad causan sufrimiento y muerte. Mi cuerpo no resiste otra legislatura de Susana D\u00edaz\n#TodosLosS\u2026", "author_id": "266773064", "created_at": "2017-11-01T17:35:34.000Z", "id": "925778355126972416"}, {"edit_history_tweet_ids": ["925777413451272193"], "text": "RT @roberto_macias_: Los recortes a la sanidad causan sufrimiento y muerte. Mi cuerpo no resiste otra legislatura de Susana D\u00edaz\n#TodosLosS\u2026", "author_id": "2290088904", "created_at": "2017-11-01T17:31:50.000Z", "id": "925777413451272193"}, {"edit_history_tweet_ids": ["925775936024465409"], "text": "RT @roberto_macias_: Los recortes a la sanidad causan sufrimiento y muerte. Mi cuerpo no resiste otra legislatura de Susana D\u00edaz\n#TodosLosS\u2026", "author_id": "2908328273", "created_at": "2017-11-01T17:25:57.000Z", "id": "925775936024465409"}, {"edit_history_tweet_ids": ["925773711554342914"], "text": "RT @roberto_macias_: Los recortes a la sanidad causan sufrimiento y muerte. Mi cuerpo no resiste otra legislatura de Susana D\u00edaz\n#TodosLosS\u2026", "author_id": "731581053857632256", "created_at": "2017-11-01T17:17:07.000Z", "id": "925773711554342914"}, {"edit_history_tweet_ids": ["925771623642386437"], "text": "RT @roberto_macias_: Los recortes a la sanidad causan sufrimiento y muerte. Mi cuerpo no resiste otra legislatura de Susana D\u00edaz\n#TodosLosS\u2026", "author_id": "845768985907998722", "created_at": "2017-11-01T17:08:49.000Z", "id": "925771623642386437"}, {"edit_history_tweet_ids": ["925768040511430658"], "text": "Salvador Ramirez Alegria Ivan Barrera Rogelio Perez Roberto Diaz https://t.co/j4JT4M7mTK", "author_id": "341081101", "created_at": "2017-11-01T16:54:35.000Z", "id": "925768040511430658"}, {"edit_history_tweet_ids": ["925754635121340417"], "text": "Fashion Diaz; Ron Golk; James Ketchman; Marilyn Dilleman; Eddie Padilas; Roberto Castemunda; Henry Cane; Alin Trimble; Mark Childs", "author_id": "2307094753", "created_at": "2017-11-01T16:01:19.000Z", "id": "925754635121340417"}, {"edit_history_tweet_ids": ["925749477914370048"], "text": "RT @roberto_macias_: Los recortes a la sanidad causan sufrimiento y muerte. Mi cuerpo no resiste otra legislatura de Susana D\u00edaz\n#TodosLosS\u2026", "author_id": "802509398727860228", "created_at": "2017-11-01T15:40:49.000Z", "id": "925749477914370048"}, {"edit_history_tweet_ids": ["925745558949650432"], "text": "RT @CarmGGr: @roberto_macias_ Ni Sanidad, ni Educaci\u00f3n, ni Empleo ni Justicia.Hay algo q funcione bien en Andaluc\u00eda? Ah s\u00ed, la Gran Adm\u00f3n P\u2026", "author_id": "882272711636119554", "created_at": "2017-11-01T15:25:15.000Z", "id": "925745558949650432"}, {"edit_history_tweet_ids": ["925745098691960832"], "text": "RT @roberto_macias_: Los recortes a la sanidad causan sufrimiento y muerte. Mi cuerpo no resiste otra legislatura de Susana D\u00edaz\n#TodosLosS\u2026", "author_id": "301138970", "created_at": "2017-11-01T15:23:25.000Z", "id": "925745098691960832"}, {"edit_history_tweet_ids": ["925743355199479808"], "text": "RT @roberto_macias_: Los recortes a la sanidad causan sufrimiento y muerte. Mi cuerpo no resiste otra legislatura de Susana D\u00edaz\n#TodosLosS\u2026", "author_id": "292504608", "created_at": "2017-11-01T15:16:30.000Z", "id": "925743355199479808"}, {"edit_history_tweet_ids": ["925737155816755200"], "text": "@TReporta @Taysha_Nurse Una vez un culpable encendi\u00f3 la mecha de la dinamita y qued\u00f3 en la historia,Roberto D\u00edaz Herrera, hoy podr\u00eda ser JCV", "author_id": "2915863109", "created_at": "2017-11-01T14:51:51.000Z", "id": "925737155816755200"}, {"edit_history_tweet_ids": ["925732640333889539"], "text": "RT @roberto_macias_: Los recortes a la sanidad causan sufrimiento y muerte. Mi cuerpo no resiste otra legislatura de Susana D\u00edaz\n#TodosLosS\u2026", "author_id": "905829158630170633", "created_at": "2017-11-01T14:33:55.000Z", "id": "925732640333889539"}, {"edit_history_tweet_ids": ["925730745695506433"], "text": "RT @roberto_macias_: Los recortes a la sanidad causan sufrimiento y muerte. Mi cuerpo no resiste otra legislatura de Susana D\u00edaz\n#TodosLosS\u2026", "author_id": "1475334474", "created_at": "2017-11-01T14:26:23.000Z", "id": "925730745695506433"}, {"edit_history_tweet_ids": ["925715897356087296"], "text": "RT @roberto_macias_: Los recortes a la sanidad causan sufrimiento y muerte. Mi cuerpo no resiste otra legislatura de Susana D\u00edaz\n#TodosLosS\u2026", "author_id": "2825861896", "created_at": "2017-11-01T13:27:23.000Z", "id": "925715897356087296"}, {"edit_history_tweet_ids": ["925715230461775872"], "text": "En #AprendizPorUnD\u00eda #ElPorvenir participan Omar Ghisays, H\u00e9ctor Zuluaga, Roberto Jos\u00e9 D\u00edaz,Jaime Betancur, Jackeline Milane\ny Jhon Gonz\u00e1lez https://t.co/8bH62fhs1N", "author_id": "913392503260409856", "created_at": "2017-11-01T13:24:44.000Z", "id": "925715230461775872"}, {"edit_history_tweet_ids": ["925713430836899842"], "text": "RT @roberto_macias_: Los recortes a la sanidad causan sufrimiento y muerte. Mi cuerpo no resiste otra legislatura de Susana D\u00edaz\n#TodosLosS\u2026", "author_id": "2431372365", "created_at": "2017-11-01T13:17:35.000Z", "id": "925713430836899842"}, {"edit_history_tweet_ids": ["925712981434032129"], "text": "RT @roberto_macias_: Los recortes a la sanidad causan sufrimiento y muerte. Mi cuerpo no resiste otra legislatura de Susana D\u00edaz\n#TodosLosS\u2026", "author_id": "2763810417", "created_at": "2017-11-01T13:15:48.000Z", "id": "925712981434032129"}, {"edit_history_tweet_ids": ["925712777896919040"], "text": "RT @roberto_macias_: Los recortes a la sanidad causan sufrimiento y muerte. Mi cuerpo no resiste otra legislatura de Susana D\u00edaz\n#TodosLosS\u2026", "author_id": "361436920", "created_at": "2017-11-01T13:14:59.000Z", "id": "925712777896919040"}, {"edit_history_tweet_ids": ["925711546482864128"], "text": "RT @roberto_macias_: Los recortes a la sanidad causan sufrimiento y muerte. Mi cuerpo no resiste otra legislatura de Susana D\u00edaz\n#TodosLosS\u2026", "author_id": "2391266247", "created_at": "2017-11-01T13:10:06.000Z", "id": "925711546482864128"}, {"edit_history_tweet_ids": ["925709058988036098"], "text": "RT @roberto_macias_: Los recortes a la sanidad causan sufrimiento y muerte. Mi cuerpo no resiste otra legislatura de Susana D\u00edaz\n#TodosLosS\u2026", "author_id": "2886175683", "created_at": "2017-11-01T13:00:13.000Z", "id": "925709058988036098"}, {"edit_history_tweet_ids": ["925705675073826816"], "text": "RT @roberto_macias_: Los recortes a la sanidad causan sufrimiento y muerte. Mi cuerpo no resiste otra legislatura de Susana D\u00edaz\n#TodosLosS\u2026", "author_id": "2898357916", "created_at": "2017-11-01T12:46:46.000Z", "id": "925705675073826816"}, {"edit_history_tweet_ids": ["925704475632906240"], "text": "RT @roberto_macias_: Los recortes a la sanidad causan sufrimiento y muerte. Mi cuerpo no resiste otra legislatura de Susana D\u00edaz\n#TodosLosS\u2026", "author_id": "2905042450", "created_at": "2017-11-01T12:42:00.000Z", "id": "925704475632906240"}, {"edit_history_tweet_ids": ["925701023418724352"], "text": "RT @roberto_macias_: Los recortes a la sanidad causan sufrimiento y muerte. Mi cuerpo no resiste otra legislatura de Susana D\u00edaz\n#TodosLosS\u2026", "author_id": "2535702715", "created_at": "2017-11-01T12:28:17.000Z", "id": "925701023418724352"}, {"edit_history_tweet_ids": ["925698657764151297"], "text": "RT @roberto_macias_: Los recortes a la sanidad causan sufrimiento y muerte. Mi cuerpo no resiste otra legislatura de Susana D\u00edaz\n#TodosLosS\u2026", "author_id": "301612605", "created_at": "2017-11-01T12:18:53.000Z", "id": "925698657764151297"}, {"edit_history_tweet_ids": ["925693828945899521"], "text": "RT @roberto_macias_: Los recortes a la sanidad causan sufrimiento y muerte. Mi cuerpo no resiste otra legislatura de Susana D\u00edaz\n#TodosLosS\u2026", "author_id": "1082918490", "created_at": "2017-11-01T11:59:42.000Z", "id": "925693828945899521"}, {"edit_history_tweet_ids": ["925688386878394368"], "text": "RT @CarmGGr: @roberto_macias_ Ni Sanidad, ni Educaci\u00f3n, ni Empleo ni Justicia.Hay algo q funcione bien en Andaluc\u00eda? Ah s\u00ed, la Gran Adm\u00f3n P\u2026", "author_id": "1053998684", "created_at": "2017-11-01T11:38:04.000Z", "id": "925688386878394368"}, {"edit_history_tweet_ids": ["925682019035688962"], "text": "RT @CarmGGr: @roberto_macias_ Ni Sanidad, ni Educaci\u00f3n, ni Empleo ni Justicia.Hay algo q funcione bien en Andaluc\u00eda? Ah s\u00ed, la Gran Adm\u00f3n P\u2026", "author_id": "450877249", "created_at": "2017-11-01T11:12:46.000Z", "id": "925682019035688962"}], "meta": {"newest_id": "926054247430610944", "oldest_id": "925682019035688962", "result_count": 100, "next_token": "1jzu9lk96gu5npw44egiwvhfovlkesalq703uqopmfst"}}