{"data": [{"id": "1517838961745575937", "edit_history_tweet_ids": ["1517838961745575937"], "text": "RT @matcommenta: Tropa do PA:Jade Picon,Bruna marquezine,Neymar Jr,Gabriel Medina,\u00cdtalo Ferreira,Pedro Scooby,Gaul\u00eas,Felipe Prior,Let\u00edcia B\u2026", "author_id": "814297226709266432", "created_at": "2022-04-23T12:13:03.000Z"}, {"id": "1517838757759791110", "edit_history_tweet_ids": ["1517838757759791110"], "text": "RT @matcommenta: Tropa do PA:Jade Picon,Bruna marquezine,Neymar Jr,Gabriel Medina,\u00cdtalo Ferreira,Pedro Scooby,Gaul\u00eas,Felipe Prior,Let\u00edcia B\u2026", "author_id": "1267113520203776003", "created_at": "2022-04-23T12:12:14.000Z"}, {"id": "1517838323582222336", "edit_history_tweet_ids": ["1517838323582222336"], "text": "RT @matcommenta: Tropa do PA:Jade Picon,Bruna marquezine,Neymar Jr,Gabriel Medina,\u00cdtalo Ferreira,Pedro Scooby,Gaul\u00eas,Felipe Prior,Let\u00edcia B\u2026", "author_id": "372428916", "created_at": "2022-04-23T12:10:31.000Z"}, {"id": "1517836375114067970", "edit_history_tweet_ids": ["1517836375114067970"], "text": "RT @matcommenta: Tropa do PA:Jade Picon,Bruna marquezine,Neymar Jr,Gabriel Medina,\u00cdtalo Ferreira,Pedro Scooby,Gaul\u00eas,Felipe Prior,Let\u00edcia B\u2026", "author_id": "1503916265257283585", "created_at": "2022-04-23T12:02:46.000Z"}, {"id": "1517836111627837440", "edit_history_tweet_ids": ["1517836111627837440"], "text": "RT @matcommenta: Tropa do PA:Jade Picon,Bruna marquezine,Neymar Jr,Gabriel Medina,\u00cdtalo Ferreira,Pedro Scooby,Gaul\u00eas,Felipe Prior,Let\u00edcia B\u2026", "author_id": "545633460", "created_at": "2022-04-23T12:01:43.000Z"}, {"id": "1517836038336561152", "edit_history_tweet_ids": ["1517836038336561152"], "text": "RT @matcommenta: Tropa do PA:Jade Picon,Bruna marquezine,Neymar Jr,Gabriel Medina,\u00cdtalo Ferreira,Pedro Scooby,Gaul\u00eas,Felipe Prior,Let\u00edcia B\u2026", "author_id": "1265799226048593920", "created_at": "2022-04-23T12:01:26.000Z"}, {"id": "1517835868920295426", "edit_history_tweet_ids": ["1517835868920295426"], "text": "RT @matcommenta: Tropa do PA:Jade Picon,Bruna marquezine,Neymar Jr,Gabriel Medina,\u00cdtalo Ferreira,Pedro Scooby,Gaul\u00eas,Felipe Prior,Let\u00edcia B\u2026", "author_id": "1221645642629558274", "created_at": "2022-04-23T12:00:45.000Z"}, {"id": "1517835694173003777", "edit_history_tweet_ids": ["1517835694173003777"], "text": "RT @matcommenta: Tropa do PA:Jade Picon,Bruna marquezine,Neymar Jr,Gabriel Medina,\u00cdtalo Ferreira,Pedro Scooby,Gaul\u00eas,Felipe Prior,Let\u00edcia B\u2026", "author_id": "704112625009999872", "created_at": "2022-04-23T12:00:04.000Z"}, {"id": "1517834755991117824", "edit_history_tweet_ids": ["1517834755991117824"], "text": "RT @matcommenta: Tropa do PA:Jade Picon,Bruna marquezine,Neymar Jr,Gabriel Medina,\u00cdtalo Ferreira,Pedro Scooby,Gaul\u00eas,Felipe Prior,Let\u00edcia B\u2026", "author_id": "1388448380230250497", "created_at": "2022-04-23T11:56:20.000Z"}, {"id": "1517834503770812417", "edit_history_tweet_ids": ["1517834503770812417"], "text": "RT @matcommenta: Tropa do PA:Jade Picon,Bruna marquezine,Neymar Jr,Gabriel Medina,\u00cdtalo Ferreira,Pedro Scooby,Gaul\u00eas,Felipe Prior,Let\u00edcia B\u2026", "author_id": "1316534379494113281", "created_at": "2022-04-23T11:55:20.000Z"}, {"id": "1517834266905878531", "edit_history_tweet_ids": ["1517834266905878531"], "text": "RT @matcommenta: Tropa do PA:Jade Picon,Bruna marquezine,Neymar Jr,Gabriel Medina,\u00cdtalo Ferreira,Pedro Scooby,Gaul\u00eas,Felipe Prior,Let\u00edcia B\u2026", "author_id": "724006175231107072", "created_at": "2022-04-23T11:54:23.000Z"}, {"id": "1517832267686625281", "edit_history_tweet_ids": ["1517832267686625281"], "text": "RT @matcommenta: Tropa do PA:Jade Picon,Bruna marquezine,Neymar Jr,Gabriel Medina,\u00cdtalo Ferreira,Pedro Scooby,Gaul\u00eas,Felipe Prior,Let\u00edcia B\u2026", "author_id": "3020588956", "created_at": "2022-04-23T11:46:27.000Z"}, {"id": "1517832247512076288", "edit_history_tweet_ids": ["1517832247512076288"], "text": "RT @matcommenta: Tropa do PA:Jade Picon,Bruna marquezine,Neymar Jr,Gabriel Medina,\u00cdtalo Ferreira,Pedro Scooby,Gaul\u00eas,Felipe Prior,Let\u00edcia B\u2026", "author_id": "1127934927364870145", "created_at": "2022-04-23T11:46:22.000Z"}, {"id": "1517832160102785025", "edit_history_tweet_ids": ["1517832160102785025"], "text": "RT @matcommenta: Tropa do PA:Jade Picon,Bruna marquezine,Neymar Jr,Gabriel Medina,\u00cdtalo Ferreira,Pedro Scooby,Gaul\u00eas,Felipe Prior,Let\u00edcia B\u2026", "author_id": "1356545523357020160", "created_at": "2022-04-23T11:46:01.000Z"}, {"id": "1517831194192359424", "edit_history_tweet_ids": ["1517831194192359424"], "text": "RT @matcommenta: Tropa do PA:Jade Picon,Bruna marquezine,Neymar Jr,Gabriel Medina,\u00cdtalo Ferreira,Pedro Scooby,Gaul\u00eas,Felipe Prior,Let\u00edcia B\u2026", "author_id": "1260385451841650688", "created_at": "2022-04-23T11:42:11.000Z"}, {"id": "1517830506368454657", "edit_history_tweet_ids": ["1517830506368454657"], "text": "RT @matcommenta: Tropa do PA:Jade Picon,Bruna marquezine,Neymar Jr,Gabriel Medina,\u00cdtalo Ferreira,Pedro Scooby,Gaul\u00eas,Felipe Prior,Let\u00edcia B\u2026", "author_id": "1061362549436887040", "created_at": "2022-04-23T11:39:27.000Z"}, {"id": "1517830113861246976", "edit_history_tweet_ids": ["1517830113861246976"], "text": "RT @matcommenta: Tropa do PA:Jade Picon,Bruna marquezine,Neymar Jr,Gabriel Medina,\u00cdtalo Ferreira,Pedro Scooby,Gaul\u00eas,Felipe Prior,Let\u00edcia B\u2026", "author_id": "1339914253743116288", "created_at": "2022-04-23T11:37:53.000Z"}, {"id": "1517829435696812032", "edit_history_tweet_ids": ["1517829435696812032"], "text": "RT @matcommenta: Tropa do PA:Jade Picon,Bruna marquezine,Neymar Jr,Gabriel Medina,\u00cdtalo Ferreira,Pedro Scooby,Gaul\u00eas,Felipe Prior,Let\u00edcia B\u2026", "author_id": "162849485", "created_at": "2022-04-23T11:35:12.000Z"}, {"id": "1517829191793848320", "edit_history_tweet_ids": ["1517829191793848320"], "text": "RT @matcommenta: Tropa do PA:Jade Picon,Bruna marquezine,Neymar Jr,Gabriel Medina,\u00cdtalo Ferreira,Pedro Scooby,Gaul\u00eas,Felipe Prior,Let\u00edcia B\u2026", "author_id": "2958324215", "created_at": "2022-04-23T11:34:13.000Z"}, {"id": "1517828769788092416", "edit_history_tweet_ids": ["1517828769788092416"], "text": "RT @matcommenta: Tropa do PA:Jade Picon,Bruna marquezine,Neymar Jr,Gabriel Medina,\u00cdtalo Ferreira,Pedro Scooby,Gaul\u00eas,Felipe Prior,Let\u00edcia B\u2026", "author_id": "1038129217328873473", "created_at": "2022-04-23T11:32:33.000Z"}, {"id": "1517828318246096905", "edit_history_tweet_ids": ["1517828318246096905"], "text": "RT @matcommenta: Tropa do PA:Jade Picon,Bruna marquezine,Neymar Jr,Gabriel Medina,\u00cdtalo Ferreira,Pedro Scooby,Gaul\u00eas,Felipe Prior,Let\u00edcia B\u2026", "author_id": "270920616", "created_at": "2022-04-23T11:30:45.000Z"}, {"id": "1517828312353099776", "edit_history_tweet_ids": ["1517828312353099776"], "text": "RT @matcommenta: Tropa do PA:Jade Picon,Bruna marquezine,Neymar Jr,Gabriel Medina,\u00cdtalo Ferreira,Pedro Scooby,Gaul\u00eas,Felipe Prior,Let\u00edcia B\u2026", "author_id": "1479272655027150850", "created_at": "2022-04-23T11:30:44.000Z"}, {"id": "1517828307898839040", "edit_history_tweet_ids": ["1517828307898839040"], "text": "RT @matcommenta: Tropa do PA:Jade Picon,Bruna marquezine,Neymar Jr,Gabriel Medina,\u00cdtalo Ferreira,Pedro Scooby,Gaul\u00eas,Felipe Prior,Let\u00edcia B\u2026", "author_id": "1500126858591051778", "created_at": "2022-04-23T11:30:43.000Z"}, {"id": "1517827022638227456", "edit_history_tweet_ids": ["1517827022638227456"], "text": "RT @matcommenta: Tropa do PA:Jade Picon,Bruna marquezine,Neymar Jr,Gabriel Medina,\u00cdtalo Ferreira,Pedro Scooby,Gaul\u00eas,Felipe Prior,Let\u00edcia B\u2026", "author_id": "2846027427", "created_at": "2022-04-23T11:25:36.000Z"}, {"id": "1517825498344218624", "edit_history_tweet_ids": ["1517825498344218624"], "text": "RT @matcommenta: Tropa do PA:Jade Picon,Bruna marquezine,Neymar Jr,Gabriel Medina,\u00cdtalo Ferreira,Pedro Scooby,Gaul\u00eas,Felipe Prior,Let\u00edcia B\u2026", "author_id": "1063051934972690432", "created_at": "2022-04-23T11:19:33.000Z"}, {"id": "1517825174686609412", "edit_history_tweet_ids": ["1517825174686609412"], "text": "RT @matcommenta: Tropa do PA:Jade Picon,Bruna marquezine,Neymar Jr,Gabriel Medina,\u00cdtalo Ferreira,Pedro Scooby,Gaul\u00eas,Felipe Prior,Let\u00edcia B\u2026", "author_id": "1447603559973937154", "created_at": "2022-04-23T11:18:16.000Z"}, {"id": "1517825021665857537", "edit_history_tweet_ids": ["1517825021665857537"], "text": "RT @matcommenta: Tropa do PA:Jade Picon,Bruna marquezine,Neymar Jr,Gabriel Medina,\u00cdtalo Ferreira,Pedro Scooby,Gaul\u00eas,Felipe Prior,Let\u00edcia B\u2026", "author_id": "1339223194868322305", "created_at": "2022-04-23T11:17:39.000Z"}, {"id": "1517824804258205697", "edit_history_tweet_ids": ["1517824804258205697"], "text": "RT @matcommenta: Tropa do PA:Jade Picon,Bruna marquezine,Neymar Jr,Gabriel Medina,\u00cdtalo Ferreira,Pedro Scooby,Gaul\u00eas,Felipe Prior,Let\u00edcia B\u2026", "author_id": "3420363538", "created_at": "2022-04-23T11:16:47.000Z"}, {"id": "1517824124323774465", "edit_history_tweet_ids": ["1517824124323774465"], "text": "RT @matcommenta: Tropa do PA:Jade Picon,Bruna marquezine,Neymar Jr,Gabriel Medina,\u00cdtalo Ferreira,Pedro Scooby,Gaul\u00eas,Felipe Prior,Let\u00edcia B\u2026", "author_id": "949722533078667264", "created_at": "2022-04-23T11:14:05.000Z"}, {"id": "1517823882366963712", "edit_history_tweet_ids": ["1517823882366963712"], "text": "RT @matcommenta: Tropa do PA:Jade Picon,Bruna marquezine,Neymar Jr,Gabriel Medina,\u00cdtalo Ferreira,Pedro Scooby,Gaul\u00eas,Felipe Prior,Let\u00edcia B\u2026", "author_id": "1110532291619635200", "created_at": "2022-04-23T11:13:08.000Z"}, {"id": "1517823561632780288", "edit_history_tweet_ids": ["1517823561632780288"], "text": "RT @matcommenta: Tropa do PA:Jade Picon,Bruna marquezine,Neymar Jr,Gabriel Medina,\u00cdtalo Ferreira,Pedro Scooby,Gaul\u00eas,Felipe Prior,Let\u00edcia B\u2026", "author_id": "1282791760289202176", "created_at": "2022-04-23T11:11:51.000Z"}, {"id": "1517821696564154368", "edit_history_tweet_ids": ["1517821696564154368"], "text": "RT @matcommenta: Tropa do PA:Jade Picon,Bruna marquezine,Neymar Jr,Gabriel Medina,\u00cdtalo Ferreira,Pedro Scooby,Gaul\u00eas,Felipe Prior,Let\u00edcia B\u2026", "author_id": "913081631291924481", "created_at": "2022-04-23T11:04:26.000Z"}, {"id": "1517820457164152833", "edit_history_tweet_ids": ["1517820457164152833"], "text": "RT @matcommenta: Tropa do PA:Jade Picon,Bruna marquezine,Neymar Jr,Gabriel Medina,\u00cdtalo Ferreira,Pedro Scooby,Gaul\u00eas,Felipe Prior,Let\u00edcia B\u2026", "author_id": "711965283657719808", "created_at": "2022-04-23T10:59:31.000Z"}, {"id": "1517820225516941312", "edit_history_tweet_ids": ["1517820225516941312"], "text": "RT @matcommenta: Tropa do PA:Jade Picon,Bruna marquezine,Neymar Jr,Gabriel Medina,\u00cdtalo Ferreira,Pedro Scooby,Gaul\u00eas,Felipe Prior,Let\u00edcia B\u2026", "author_id": "3131839335", "created_at": "2022-04-23T10:58:36.000Z"}, {"id": "1517820082084265984", "edit_history_tweet_ids": ["1517820082084265984"], "text": "RT @matcommenta: Tropa do PA:Jade Picon,Bruna marquezine,Neymar Jr,Gabriel Medina,\u00cdtalo Ferreira,Pedro Scooby,Gaul\u00eas,Felipe Prior,Let\u00edcia B\u2026", "author_id": "311075080", "created_at": "2022-04-23T10:58:01.000Z"}, {"id": "1517819049601818624", "edit_history_tweet_ids": ["1517819049601818624"], "text": "RT @matcommenta: Tropa do PA:Jade Picon,Bruna marquezine,Neymar Jr,Gabriel Medina,\u00cdtalo Ferreira,Pedro Scooby,Gaul\u00eas,Felipe Prior,Let\u00edcia B\u2026", "author_id": "990703386", "created_at": "2022-04-23T10:53:55.000Z"}, {"id": "1517818882924367872", "edit_history_tweet_ids": ["1517818882924367872"], "text": "RT @matcommenta: Tropa do PA:Jade Picon,Bruna marquezine,Neymar Jr,Gabriel Medina,\u00cdtalo Ferreira,Pedro Scooby,Gaul\u00eas,Felipe Prior,Let\u00edcia B\u2026", "author_id": "74018106", "created_at": "2022-04-23T10:53:16.000Z"}, {"id": "1517818389678415874", "edit_history_tweet_ids": ["1517818389678415874"], "text": "RT @matcommenta: Tropa do PA:Jade Picon,Bruna marquezine,Neymar Jr,Gabriel Medina,\u00cdtalo Ferreira,Pedro Scooby,Gaul\u00eas,Felipe Prior,Let\u00edcia B\u2026", "author_id": "1314326789938970624", "created_at": "2022-04-23T10:51:18.000Z"}, {"id": "1517818246103277568", "edit_history_tweet_ids": ["1517818246103277568"], "text": "RT @matcommenta: Tropa do PA:Jade Picon,Bruna marquezine,Neymar Jr,Gabriel Medina,\u00cdtalo Ferreira,Pedro Scooby,Gaul\u00eas,Felipe Prior,Let\u00edcia B\u2026", "author_id": "71840253", "created_at": "2022-04-23T10:50:44.000Z"}, {"id": "1517817102928953344", "edit_history_tweet_ids": ["1517817102928953344"], "text": "RT @matcommenta: Tropa do PA:Jade Picon,Bruna marquezine,Neymar Jr,Gabriel Medina,\u00cdtalo Ferreira,Pedro Scooby,Gaul\u00eas,Felipe Prior,Let\u00edcia B\u2026", "author_id": "1134115183", "created_at": "2022-04-23T10:46:11.000Z"}, {"id": "1517817050328141826", "edit_history_tweet_ids": ["1517817050328141826"], "text": "RT @matcommenta: Tropa do PA:Jade Picon,Bruna marquezine,Neymar Jr,Gabriel Medina,\u00cdtalo Ferreira,Pedro Scooby,Gaul\u00eas,Felipe Prior,Let\u00edcia B\u2026", "author_id": "1107092372234604544", "created_at": "2022-04-23T10:45:59.000Z"}, {"id": "1517816479709900801", "edit_history_tweet_ids": ["1517816479709900801"], "text": "RT @matcommenta: Tropa do PA:Jade Picon,Bruna marquezine,Neymar Jr,Gabriel Medina,\u00cdtalo Ferreira,Pedro Scooby,Gaul\u00eas,Felipe Prior,Let\u00edcia B\u2026", "author_id": "1453500690928656392", "created_at": "2022-04-23T10:43:43.000Z"}, {"id": "1517816353427800066", "edit_history_tweet_ids": ["1517816353427800066"], "text": "RT @matcommenta: Tropa do PA:Jade Picon,Bruna marquezine,Neymar Jr,Gabriel Medina,\u00cdtalo Ferreira,Pedro Scooby,Gaul\u00eas,Felipe Prior,Let\u00edcia B\u2026", "author_id": "939439992417464320", "created_at": "2022-04-23T10:43:12.000Z"}, {"id": "1517816297282748416", "edit_history_tweet_ids": ["1517816297282748416"], "text": "RT @matcommenta: Tropa do PA:Jade Picon,Bruna marquezine,Neymar Jr,Gabriel Medina,\u00cdtalo Ferreira,Pedro Scooby,Gaul\u00eas,Felipe Prior,Let\u00edcia B\u2026", "author_id": "1217464626016923649", "created_at": "2022-04-23T10:42:59.000Z"}, {"id": "1517813610088648704", "edit_history_tweet_ids": ["1517813610088648704"], "text": "RT @matcommenta: Tropa do PA:Jade Picon,Bruna marquezine,Neymar Jr,Gabriel Medina,\u00cdtalo Ferreira,Pedro Scooby,Gaul\u00eas,Felipe Prior,Let\u00edcia B\u2026", "author_id": "990535183744098304", "created_at": "2022-04-23T10:32:18.000Z"}, {"id": "1517813113227296768", "edit_history_tweet_ids": ["1517813113227296768"], "text": "RT @matcommenta: Tropa do PA:Jade Picon,Bruna marquezine,Neymar Jr,Gabriel Medina,\u00cdtalo Ferreira,Pedro Scooby,Gaul\u00eas,Felipe Prior,Let\u00edcia B\u2026", "author_id": "1222307375132086273", "created_at": "2022-04-23T10:30:20.000Z"}, {"id": "1517813111956418560", "edit_history_tweet_ids": ["1517813111956418560"], "text": "RT @matcommenta: Tropa do PA:Jade Picon,Bruna marquezine,Neymar Jr,Gabriel Medina,\u00cdtalo Ferreira,Pedro Scooby,Gaul\u00eas,Felipe Prior,Let\u00edcia B\u2026", "author_id": "852015663992274944", "created_at": "2022-04-23T10:30:20.000Z"}, {"id": "1517813073314291712", "edit_history_tweet_ids": ["1517813073314291712"], "text": "RT @matcommenta: Tropa do PA:Jade Picon,Bruna marquezine,Neymar Jr,Gabriel Medina,\u00cdtalo Ferreira,Pedro Scooby,Gaul\u00eas,Felipe Prior,Let\u00edcia B\u2026", "author_id": "1254440847610974214", "created_at": "2022-04-23T10:30:10.000Z"}, {"id": "1517811017820123139", "edit_history_tweet_ids": ["1517811017820123139"], "text": "RT @matcommenta: Tropa do PA:Jade Picon,Bruna marquezine,Neymar Jr,Gabriel Medina,\u00cdtalo Ferreira,Pedro Scooby,Gaul\u00eas,Felipe Prior,Let\u00edcia B\u2026", "author_id": "1368457762410295298", "created_at": "2022-04-23T10:22:00.000Z"}, {"id": "1517809895713738754", "edit_history_tweet_ids": ["1517809895713738754"], "text": "RT @matcommenta: Tropa do PA:Jade Picon,Bruna marquezine,Neymar Jr,Gabriel Medina,\u00cdtalo Ferreira,Pedro Scooby,Gaul\u00eas,Felipe Prior,Let\u00edcia B\u2026", "author_id": "242967782", "created_at": "2022-04-23T10:17:33.000Z"}, {"id": "1517809698619207681", "edit_history_tweet_ids": ["1517809698619207681"], "text": "RT @matcommenta: Tropa do PA:Jade Picon,Bruna marquezine,Neymar Jr,Gabriel Medina,\u00cdtalo Ferreira,Pedro Scooby,Gaul\u00eas,Felipe Prior,Let\u00edcia B\u2026", "author_id": "1439106218027585538", "created_at": "2022-04-23T10:16:46.000Z"}, {"id": "1517809077103042561", "edit_history_tweet_ids": ["1517809077103042561"], "text": "RT @matcommenta: Tropa do PA:Jade Picon,Bruna marquezine,Neymar Jr,Gabriel Medina,\u00cdtalo Ferreira,Pedro Scooby,Gaul\u00eas,Felipe Prior,Let\u00edcia B\u2026", "author_id": "1156733536063430662", "created_at": "2022-04-23T10:14:18.000Z"}, {"id": "1517809020899409920", "edit_history_tweet_ids": ["1517809020899409920"], "text": "RT @matcommenta: Tropa do PA:Jade Picon,Bruna marquezine,Neymar Jr,Gabriel Medina,\u00cdtalo Ferreira,Pedro Scooby,Gaul\u00eas,Felipe Prior,Let\u00edcia B\u2026", "author_id": "3122772640", "created_at": "2022-04-23T10:14:04.000Z"}, {"id": "1517808410997235712", "edit_history_tweet_ids": ["1517808410997235712"], "text": "RT @matcommenta: Tropa do PA:Jade Picon,Bruna marquezine,Neymar Jr,Gabriel Medina,\u00cdtalo Ferreira,Pedro Scooby,Gaul\u00eas,Felipe Prior,Let\u00edcia B\u2026", "author_id": "1247332328675958784", "created_at": "2022-04-23T10:11:39.000Z"}, {"id": "1517808259591245824", "edit_history_tweet_ids": ["1517808259591245824"], "text": "RT @matcommenta: Tropa do PA:Jade Picon,Bruna marquezine,Neymar Jr,Gabriel Medina,\u00cdtalo Ferreira,Pedro Scooby,Gaul\u00eas,Felipe Prior,Let\u00edcia B\u2026", "author_id": "1270328794511966208", "created_at": "2022-04-23T10:11:03.000Z"}, {"id": "1517807802420547585", "edit_history_tweet_ids": ["1517807802420547585"], "text": "RT @matcommenta: Tropa do PA:Jade Picon,Bruna marquezine,Neymar Jr,Gabriel Medina,\u00cdtalo Ferreira,Pedro Scooby,Gaul\u00eas,Felipe Prior,Let\u00edcia B\u2026", "author_id": "343844348", "created_at": "2022-04-23T10:09:14.000Z"}, {"id": "1517807607657938949", "edit_history_tweet_ids": ["1517807607657938949"], "text": "RT @matcommenta: Tropa do PA:Jade Picon,Bruna marquezine,Neymar Jr,Gabriel Medina,\u00cdtalo Ferreira,Pedro Scooby,Gaul\u00eas,Felipe Prior,Let\u00edcia B\u2026", "author_id": "3114359877", "created_at": "2022-04-23T10:08:27.000Z"}, {"id": "1517806786606256133", "edit_history_tweet_ids": ["1517806786606256133"], "text": "RT @matcommenta: Tropa do PA:Jade Picon,Bruna marquezine,Neymar Jr,Gabriel Medina,\u00cdtalo Ferreira,Pedro Scooby,Gaul\u00eas,Felipe Prior,Let\u00edcia B\u2026", "author_id": "2991863619", "created_at": "2022-04-23T10:05:12.000Z"}, {"id": "1517806785347915781", "edit_history_tweet_ids": ["1517806785347915781"], "text": "RT @matcommenta: Tropa do PA:Jade Picon,Bruna marquezine,Neymar Jr,Gabriel Medina,\u00cdtalo Ferreira,Pedro Scooby,Gaul\u00eas,Felipe Prior,Let\u00edcia B\u2026", "author_id": "1174432954455601153", "created_at": "2022-04-23T10:05:11.000Z"}, {"id": "1517803972333035520", "edit_history_tweet_ids": ["1517803972333035520"], "text": "RT @matcommenta: Tropa do PA:Jade Picon,Bruna marquezine,Neymar Jr,Gabriel Medina,\u00cdtalo Ferreira,Pedro Scooby,Gaul\u00eas,Felipe Prior,Let\u00edcia B\u2026", "author_id": "1146572471438577667", "created_at": "2022-04-23T09:54:01.000Z"}, {"id": "1517803372799270913", "edit_history_tweet_ids": ["1517803372799270913"], "text": "RT @matcommenta: Tropa do PA:Jade Picon,Bruna marquezine,Neymar Jr,Gabriel Medina,\u00cdtalo Ferreira,Pedro Scooby,Gaul\u00eas,Felipe Prior,Let\u00edcia B\u2026", "author_id": "60068118", "created_at": "2022-04-23T09:51:38.000Z"}, {"id": "1517802700288757760", "edit_history_tweet_ids": ["1517802700288757760"], "text": "RT @matcommenta: Tropa do PA:Jade Picon,Bruna marquezine,Neymar Jr,Gabriel Medina,\u00cdtalo Ferreira,Pedro Scooby,Gaul\u00eas,Felipe Prior,Let\u00edcia B\u2026", "author_id": "2757494542", "created_at": "2022-04-23T09:48:57.000Z"}, {"id": "1517801726627221505", "edit_history_tweet_ids": ["1517801726627221505"], "text": "RT @matcommenta: Tropa do PA:Jade Picon,Bruna marquezine,Neymar Jr,Gabriel Medina,\u00cdtalo Ferreira,Pedro Scooby,Gaul\u00eas,Felipe Prior,Let\u00edcia B\u2026", "author_id": "2675528417", "created_at": "2022-04-23T09:45:05.000Z"}, {"id": "1517801724056162305", "edit_history_tweet_ids": ["1517801724056162305"], "text": "RT @matcommenta: Tropa do PA:Jade Picon,Bruna marquezine,Neymar Jr,Gabriel Medina,\u00cdtalo Ferreira,Pedro Scooby,Gaul\u00eas,Felipe Prior,Let\u00edcia B\u2026", "author_id": "3342009245", "created_at": "2022-04-23T09:45:05.000Z"}, {"id": "1517798835187326977", "edit_history_tweet_ids": ["1517798835187326977"], "text": "RT @matcommenta: Tropa do PA:Jade Picon,Bruna marquezine,Neymar Jr,Gabriel Medina,\u00cdtalo Ferreira,Pedro Scooby,Gaul\u00eas,Felipe Prior,Let\u00edcia B\u2026", "author_id": "482245491", "created_at": "2022-04-23T09:33:36.000Z"}, {"id": "1517797209957412864", "edit_history_tweet_ids": ["1517797209957412864"], "text": "RT @matcommenta: Tropa do PA:Jade Picon,Bruna marquezine,Neymar Jr,Gabriel Medina,\u00cdtalo Ferreira,Pedro Scooby,Gaul\u00eas,Felipe Prior,Let\u00edcia B\u2026", "author_id": "80162451", "created_at": "2022-04-23T09:27:08.000Z"}, {"id": "1517796302297436160", "edit_history_tweet_ids": ["1517796302297436160"], "text": "RT @matcommenta: Tropa do PA:Jade Picon,Bruna marquezine,Neymar Jr,Gabriel Medina,\u00cdtalo Ferreira,Pedro Scooby,Gaul\u00eas,Felipe Prior,Let\u00edcia B\u2026", "author_id": "4453132283", "created_at": "2022-04-23T09:23:32.000Z"}, {"id": "1517796272727465985", "edit_history_tweet_ids": ["1517796272727465985"], "text": "RT @matcommenta: Tropa do PA:Jade Picon,Bruna marquezine,Neymar Jr,Gabriel Medina,\u00cdtalo Ferreira,Pedro Scooby,Gaul\u00eas,Felipe Prior,Let\u00edcia B\u2026", "author_id": "1233457057111662592", "created_at": "2022-04-23T09:23:25.000Z"}, {"id": "1517795882648973312", "edit_history_tweet_ids": ["1517795882648973312"], "text": "RT @matcommenta: Tropa do PA:Jade Picon,Bruna marquezine,Neymar Jr,Gabriel Medina,\u00cdtalo Ferreira,Pedro Scooby,Gaul\u00eas,Felipe Prior,Let\u00edcia B\u2026", "author_id": "159592953", "created_at": "2022-04-23T09:21:52.000Z"}, {"id": "1517794784341078019", "edit_history_tweet_ids": ["1517794784341078019"], "text": "RT @matcommenta: Tropa do PA:Jade Picon,Bruna marquezine,Neymar Jr,Gabriel Medina,\u00cdtalo Ferreira,Pedro Scooby,Gaul\u00eas,Felipe Prior,Let\u00edcia B\u2026", "author_id": "153567498", "created_at": "2022-04-23T09:17:30.000Z"}, {"id": "1517791286354395136", "edit_history_tweet_ids": ["1517791286354395136"], "text": "RT @matcommenta: Tropa do PA:Jade Picon,Bruna marquezine,Neymar Jr,Gabriel Medina,\u00cdtalo Ferreira,Pedro Scooby,Gaul\u00eas,Felipe Prior,Let\u00edcia B\u2026", "author_id": "1163292733378826240", "created_at": "2022-04-23T09:03:36.000Z"}, {"id": "1517790262701006851", "edit_history_tweet_ids": ["1517790262701006851"], "text": "RT @matcommenta: Tropa do PA:Jade Picon,Bruna marquezine,Neymar Jr,Gabriel Medina,\u00cdtalo Ferreira,Pedro Scooby,Gaul\u00eas,Felipe Prior,Let\u00edcia B\u2026", "author_id": "56552163", "created_at": "2022-04-23T08:59:32.000Z"}, {"id": "1517789856272891905", "edit_history_tweet_ids": ["1517789856272891905"], "text": "RT @matcommenta: Tropa do PA:Jade Picon,Bruna marquezine,Neymar Jr,Gabriel Medina,\u00cdtalo Ferreira,Pedro Scooby,Gaul\u00eas,Felipe Prior,Let\u00edcia B\u2026", "author_id": "1356286057319444480", "created_at": "2022-04-23T08:57:55.000Z"}, {"id": "1517787960959291393", "edit_history_tweet_ids": ["1517787960959291393"], "text": "RT @matcommenta: Tropa do PA:Jade Picon,Bruna marquezine,Neymar Jr,Gabriel Medina,\u00cdtalo Ferreira,Pedro Scooby,Gaul\u00eas,Felipe Prior,Let\u00edcia B\u2026", "author_id": "1144812905466159105", "created_at": "2022-04-23T08:50:23.000Z"}, {"id": "1517786895039799296", "edit_history_tweet_ids": ["1517786895039799296"], "text": "RT @matcommenta: Tropa do PA:Jade Picon,Bruna marquezine,Neymar Jr,Gabriel Medina,\u00cdtalo Ferreira,Pedro Scooby,Gaul\u00eas,Felipe Prior,Let\u00edcia B\u2026", "author_id": "1068886455714484235", "created_at": "2022-04-23T08:46:09.000Z"}, {"id": "1517783659385921536", "edit_history_tweet_ids": ["1517783659385921536"], "text": "RT @matcommenta: Tropa do PA:Jade Picon,Bruna marquezine,Neymar Jr,Gabriel Medina,\u00cdtalo Ferreira,Pedro Scooby,Gaul\u00eas,Felipe Prior,Let\u00edcia B\u2026", "author_id": "907826306049613824", "created_at": "2022-04-23T08:33:18.000Z"}, {"id": "1517782723443802112", "edit_history_tweet_ids": ["1517782723443802112"], "text": "RT @matcommenta: Tropa do PA:Jade Picon,Bruna marquezine,Neymar Jr,Gabriel Medina,\u00cdtalo Ferreira,Pedro Scooby,Gaul\u00eas,Felipe Prior,Let\u00edcia B\u2026", "author_id": "3236817983", "created_at": "2022-04-23T08:29:34.000Z"}, {"id": "1517781093138800640", "edit_history_tweet_ids": ["1517781093138800640"], "text": "RT @matcommenta: Tropa do PA:Jade Picon,Bruna marquezine,Neymar Jr,Gabriel Medina,\u00cdtalo Ferreira,Pedro Scooby,Gaul\u00eas,Felipe Prior,Let\u00edcia B\u2026", "author_id": "965687872257961985", "created_at": "2022-04-23T08:23:06.000Z"}, {"id": "1517780929611239424", "edit_history_tweet_ids": ["1517780929611239424"], "text": "RT @matcommenta: Tropa do PA:Jade Picon,Bruna marquezine,Neymar Jr,Gabriel Medina,\u00cdtalo Ferreira,Pedro Scooby,Gaul\u00eas,Felipe Prior,Let\u00edcia B\u2026", "author_id": "1497999770278899716", "created_at": "2022-04-23T08:22:27.000Z"}, {"id": "1517774695453626373", "edit_history_tweet_ids": ["1517774695453626373"], "text": "RT @matcommenta: Tropa do PA:Jade Picon,Bruna marquezine,Neymar Jr,Gabriel Medina,\u00cdtalo Ferreira,Pedro Scooby,Gaul\u00eas,Felipe Prior,Let\u00edcia B\u2026", "author_id": "2962725189", "created_at": "2022-04-23T07:57:40.000Z"}, {"id": "1517773633351004160", "edit_history_tweet_ids": ["1517773633351004160"], "text": "RT @matcommenta: Tropa do PA:Jade Picon,Bruna marquezine,Neymar Jr,Gabriel Medina,\u00cdtalo Ferreira,Pedro Scooby,Gaul\u00eas,Felipe Prior,Let\u00edcia B\u2026", "author_id": "887254206", "created_at": "2022-04-23T07:53:27.000Z"}, {"id": "1517772947074789376", "edit_history_tweet_ids": ["1517772947074789376"], "text": "RT @matcommenta: Tropa do PA:Jade Picon,Bruna marquezine,Neymar Jr,Gabriel Medina,\u00cdtalo Ferreira,Pedro Scooby,Gaul\u00eas,Felipe Prior,Let\u00edcia B\u2026", "author_id": "1240660390473805824", "created_at": "2022-04-23T07:50:44.000Z"}, {"id": "1517772180163026944", "edit_history_tweet_ids": ["1517772180163026944"], "text": "RT @matcommenta: Tropa do PA:Jade Picon,Bruna marquezine,Neymar Jr,Gabriel Medina,\u00cdtalo Ferreira,Pedro Scooby,Gaul\u00eas,Felipe Prior,Let\u00edcia B\u2026", "author_id": "705822966689505280", "created_at": "2022-04-23T07:47:41.000Z"}, {"id": "1517769927544999936", "edit_history_tweet_ids": ["1517769927544999936"], "text": "RT @matcommenta: Tropa do PA:Jade Picon,Bruna marquezine,Neymar Jr,Gabriel Medina,\u00cdtalo Ferreira,Pedro Scooby,Gaul\u00eas,Felipe Prior,Let\u00edcia B\u2026", "author_id": "371430797", "created_at": "2022-04-23T07:38:44.000Z"}, {"id": "1517769632492498944", "edit_history_tweet_ids": ["1517769632492498944"], "text": "RT @matcommenta: Tropa do PA:Jade Picon,Bruna marquezine,Neymar Jr,Gabriel Medina,\u00cdtalo Ferreira,Pedro Scooby,Gaul\u00eas,Felipe Prior,Let\u00edcia B\u2026", "author_id": "852958935241961473", "created_at": "2022-04-23T07:37:33.000Z"}, {"id": "1517769271862046720", "edit_history_tweet_ids": ["1517769271862046720"], "text": "RT @matcommenta: Tropa do PA:Jade Picon,Bruna marquezine,Neymar Jr,Gabriel Medina,\u00cdtalo Ferreira,Pedro Scooby,Gaul\u00eas,Felipe Prior,Let\u00edcia B\u2026", "author_id": "2192579369", "created_at": "2022-04-23T07:36:07.000Z"}, {"id": "1517768388956893185", "edit_history_tweet_ids": ["1517768388956893185"], "text": "RT @matcommenta: Tropa do PA:Jade Picon,Bruna marquezine,Neymar Jr,Gabriel Medina,\u00cdtalo Ferreira,Pedro Scooby,Gaul\u00eas,Felipe Prior,Let\u00edcia B\u2026", "author_id": "1455601847083864074", "created_at": "2022-04-23T07:32:37.000Z"}, {"id": "1517768047569813505", "edit_history_tweet_ids": ["1517768047569813505"], "text": "RT @matcommenta: Tropa do PA:Jade Picon,Bruna marquezine,Neymar Jr,Gabriel Medina,\u00cdtalo Ferreira,Pedro Scooby,Gaul\u00eas,Felipe Prior,Let\u00edcia B\u2026", "author_id": "1080271763404193792", "created_at": "2022-04-23T07:31:15.000Z"}, {"id": "1517767593096065024", "edit_history_tweet_ids": ["1517767593096065024"], "text": "RT @matcommenta: Tropa do PA:Jade Picon,Bruna marquezine,Neymar Jr,Gabriel Medina,\u00cdtalo Ferreira,Pedro Scooby,Gaul\u00eas,Felipe Prior,Let\u00edcia B\u2026", "author_id": "1158957515155169280", "created_at": "2022-04-23T07:29:27.000Z"}, {"id": "1517767416830386177", "edit_history_tweet_ids": ["1517767416830386177"], "text": "RT @matcommenta: Tropa do PA:Jade Picon,Bruna marquezine,Neymar Jr,Gabriel Medina,\u00cdtalo Ferreira,Pedro Scooby,Gaul\u00eas,Felipe Prior,Let\u00edcia B\u2026", "author_id": "877991059908907008", "created_at": "2022-04-23T07:28:45.000Z"}, {"id": "1517767170972913666", "edit_history_tweet_ids": ["1517767170972913666"], "text": "RT @matcommenta: Tropa do PA:Jade Picon,Bruna marquezine,Neymar Jr,Gabriel Medina,\u00cdtalo Ferreira,Pedro Scooby,Gaul\u00eas,Felipe Prior,Let\u00edcia B\u2026", "author_id": "1362793061462532097", "created_at": "2022-04-23T07:27:46.000Z"}, {"id": "1517766872619487233", "edit_history_tweet_ids": ["1517766872619487233"], "text": "RT @matcommenta: Tropa do PA:Jade Picon,Bruna marquezine,Neymar Jr,Gabriel Medina,\u00cdtalo Ferreira,Pedro Scooby,Gaul\u00eas,Felipe Prior,Let\u00edcia B\u2026", "author_id": "1362164970641842245", "created_at": "2022-04-23T07:26:35.000Z"}, {"id": "1517764951309488128", "edit_history_tweet_ids": ["1517764951309488128"], "text": "RT @matcommenta: Tropa do PA:Jade Picon,Bruna marquezine,Neymar Jr,Gabriel Medina,\u00cdtalo Ferreira,Pedro Scooby,Gaul\u00eas,Felipe Prior,Let\u00edcia B\u2026", "author_id": "211862306", "created_at": "2022-04-23T07:18:57.000Z"}, {"id": "1517763101592104960", "edit_history_tweet_ids": ["1517763101592104960"], "text": "RT @matcommenta: Tropa do PA:Jade Picon,Bruna marquezine,Neymar Jr,Gabriel Medina,\u00cdtalo Ferreira,Pedro Scooby,Gaul\u00eas,Felipe Prior,Let\u00edcia B\u2026", "author_id": "49778931", "created_at": "2022-04-23T07:11:36.000Z"}, {"id": "1517762585155801092", "edit_history_tweet_ids": ["1517762585155801092"], "text": "RT @matcommenta: Tropa do PA:Jade Picon,Bruna marquezine,Neymar Jr,Gabriel Medina,\u00cdtalo Ferreira,Pedro Scooby,Gaul\u00eas,Felipe Prior,Let\u00edcia B\u2026", "author_id": "3405605086", "created_at": "2022-04-23T07:09:33.000Z"}, {"id": "1517760339173122050", "edit_history_tweet_ids": ["1517760339173122050"], "text": "RT @matcommenta: Tropa do PA:Jade Picon,Bruna marquezine,Neymar Jr,Gabriel Medina,\u00cdtalo Ferreira,Pedro Scooby,Gaul\u00eas,Felipe Prior,Let\u00edcia B\u2026", "author_id": "2714298921", "created_at": "2022-04-23T07:00:38.000Z"}, {"id": "1517760335545049090", "edit_history_tweet_ids": ["1517760335545049090"], "text": "RT @matcommenta: Tropa do PA:Jade Picon,Bruna marquezine,Neymar Jr,Gabriel Medina,\u00cdtalo Ferreira,Pedro Scooby,Gaul\u00eas,Felipe Prior,Let\u00edcia B\u2026", "author_id": "2705629456", "created_at": "2022-04-23T07:00:37.000Z"}, {"id": "1517759153439186945", "edit_history_tweet_ids": ["1517759153439186945"], "text": "RT @matcommenta: Tropa do PA:Jade Picon,Bruna marquezine,Neymar Jr,Gabriel Medina,\u00cdtalo Ferreira,Pedro Scooby,Gaul\u00eas,Felipe Prior,Let\u00edcia B\u2026", "author_id": "903495562070114304", "created_at": "2022-04-23T06:55:55.000Z"}, {"id": "1517758942541193216", "edit_history_tweet_ids": ["1517758942541193216"], "text": "RT @matcommenta: Tropa do PA:Jade Picon,Bruna marquezine,Neymar Jr,Gabriel Medina,\u00cdtalo Ferreira,Pedro Scooby,Gaul\u00eas,Felipe Prior,Let\u00edcia B\u2026", "author_id": "2770285755", "created_at": "2022-04-23T06:55:05.000Z"}], "meta": {"newest_id": "1517838961745575937", "oldest_id": "1517758942541193216", "result_count": 99, "next_token": "b26v89c19zqg8o3fpytnz0hyw5k9ksi41c151qxm6t6yl"}}