{"data": [{"text": "#LaLiga | 11 del Betis: Ad\u00e1n, A Mart\u00ednez, Mandi, Pezzella, Jos\u00e9 Carlos, Durmisi, Donk, Ceballos, Joaqu\u00edn, Sanabria y Rub\u00e9n Castro", "created_at": "2016-12-16T18:36:14.000Z", "edit_history_tweet_ids": ["809829503606386688"], "author_id": "185700502", "id": "809829503606386688"}, {"text": "REAL BETIS XI V ALAV\u00c9S: Ad\u00e1n, Carlos, Durmisi, Pezzella, Mart\u00ednez, Mandi, Joaqu\u00edn, Donk, Ceballos, Sanabria, Castro #ALABET #alaves", "created_at": "2016-12-16T18:35:08.000Z", "edit_history_tweet_ids": ["809829225876353025"], "author_id": "3046681658", "id": "809829225876353025"}, {"text": "Mejor ve con mi dentista Dr Adan Martinez de Escobar y/o Dra Claudia Raya est\u00e1n en La Roma https://t.co/x0XZBzg0Pt", "created_at": "2016-12-16T05:55:34.000Z", "edit_history_tweet_ids": ["809638077438296064"], "author_id": "111501002", "id": "809638077438296064"}, {"text": "RT @InfoRBB: Lista: Ad\u00e1n, Dani Gim\u00e9nez, Manu Herrera, Piccini, Mandi, Pezzella, Bruno, Jos\u00e9 Carlos, Durmisi, \u00c1lex Mart\u00ednez, Donk, Petros", "created_at": "2016-12-16T00:13:21.000Z", "edit_history_tweet_ids": ["809551955974451200"], "author_id": "4906801960", "id": "809551955974451200"}, {"text": "RT @PasionRealBetis: Convocados vs Alav\u00e9s: Ad\u00e1n, Dani Gim\u00e9nez, Manu Herrera, Piccini, Mandi, Pezzella, Bruno, Jos\u00e9 Carlos, Durmisi, \u00c1lex Ma\u2026", "created_at": "2016-12-15T17:51:59.000Z", "edit_history_tweet_ids": ["809455981646270464"], "author_id": "3307330251", "id": "809455981646270464"}, {"text": "Convocados vs Alav\u00e9s: Ad\u00e1n, Dani Gim\u00e9nez, Manu Herrera, Piccini, Mandi, Pezzella, Bruno, Jos\u00e9 Carlos, Durmisi, \u00c1lex Mart\u00ednez, Donk (1/2)", "created_at": "2016-12-15T16:53:30.000Z", "edit_history_tweet_ids": ["809441261845446656"], "author_id": "4817809726", "id": "809441261845446656"}, {"text": "RT @InfoRBB: Lista: Ad\u00e1n, Dani Gim\u00e9nez, Manu Herrera, Piccini, Mandi, Pezzella, Bruno, Jos\u00e9 Carlos, Durmisi, \u00c1lex Mart\u00ednez, Donk, Petros", "created_at": "2016-12-15T15:54:03.000Z", "edit_history_tweet_ids": ["809426301287366656"], "author_id": "167507791", "id": "809426301287366656"}, {"text": "Convocados (I): Ad\u00e1n, Dani Gim\u00e9nez, Manu Herrera, Piccini, Mandi, Pezzella, Bruno, Jos\u00e9 Carlos, Durmisi, \u00c1lex Mart\u00ednez.", "created_at": "2016-12-15T15:24:08.000Z", "edit_history_tweet_ids": ["809418774734577665"], "author_id": "546427541", "id": "809418774734577665"}, {"text": "RT @InfoRBB: Lista: Ad\u00e1n, Dani Gim\u00e9nez, Manu Herrera, Piccini, Mandi, Pezzella, Bruno, Jos\u00e9 Carlos, Durmisi, \u00c1lex Mart\u00ednez, Donk, Petros", "created_at": "2016-12-15T15:19:17.000Z", "edit_history_tweet_ids": ["809417553613389830"], "author_id": "796728168962985985", "id": "809417553613389830"}, {"text": "@TotalComunio C\u00faal dejo m\u00f1n fuera?Ad\u00e1n/C.Mart\u00ednez,Yeray,Mer\u00e9,Theo/Wass,Camacho,Tana,Vitolo/Sanabria,William Jos\u00e9 o Neymar. 1 al banquillo", "created_at": "2016-12-15T13:20:04.000Z", "edit_history_tweet_ids": ["809387549491888128"], "author_id": "766556713189158913", "id": "809387549491888128"}, {"text": "@cuatropicas A c\u00faal dejo m\u00f1n fuera?Ad\u00e1n/C.Mart\u00ednez,Yeray,Mer\u00e9,Theo/Wass,Camacho,Tana,Vitolo/Sanabria,William Jos\u00e9 o Neymar. 1 al banquillo", "created_at": "2016-12-15T13:18:47.000Z", "edit_history_tweet_ids": ["809387229374251009"], "author_id": "766556713189158913", "id": "809387229374251009"}, {"text": "@YonkiDelComunio C\u00faal dejo fuera m\u00f1n?Ad\u00e1n/C.Mart\u00ednez,Yeray,Mer\u00e9,Theo/Wass,Camacho,Tana,Vitolo/Sanabria,William Jos\u00e9 o Neymar. 1 al banquillo", "created_at": "2016-12-15T13:17:49.000Z", "edit_history_tweet_ids": ["809386984452096001"], "author_id": "766556713189158913", "id": "809386984452096001"}, {"text": "@DudasBiwenger C\u00faal dejo fuera m\u00f1n?Ad\u00e1n/C.Mart\u00ednez,Yeray,Mer\u00e9,Theo/Wass,Camacho,Tana,Vitolo/Sanabria,William Jos\u00e9 o Neymar. 1 al banquillo", "created_at": "2016-12-15T13:17:34.000Z", "edit_history_tweet_ids": ["809386923064250368"], "author_id": "766556713189158913", "id": "809386923064250368"}, {"text": "@Guru_Comunio C\u00faal dejo fuera m\u00f1n?Ad\u00e1n/C.Mart\u00ednez,Yeray,Mer\u00e9,Theo/Wass,Camacho,Tana,Vitolo/Sanabria,William Jos\u00e9 o Neymar. 1 al banquillo", "created_at": "2016-12-15T13:17:16.000Z", "edit_history_tweet_ids": ["809386847696732160"], "author_id": "766556713189158913", "id": "809386847696732160"}, {"text": "@jornadaperfecta C\u00faal dejo fuera m\u00f1n?Ad\u00e1n/C.Mart\u00ednez,Yeray,Mer\u00e9,Theo/Wass,Camacho,Tana,Vitolo/Sanabria,William Jos\u00e9 o Neymar. 1 al banquillo", "created_at": "2016-12-15T13:16:41.000Z", "edit_history_tweet_ids": ["809386699058978816"], "author_id": "766556713189158913", "id": "809386699058978816"}, {"text": "@ComunioTipster A c\u00faal dejo fuera m\u00f1n?Ad\u00e1n/C.Mart\u00ednez,Yeray,Mer\u00e9,Theo/Wass,Camacho,Tana,Vitolo,Sanabria,William Jos\u00e9 o Neymar.1 al banquillo", "created_at": "2016-12-15T13:09:33.000Z", "edit_history_tweet_ids": ["809384902479253505"], "author_id": "766556713189158913", "id": "809384902479253505"}, {"text": "RT @InfoRBB: Lista: Ad\u00e1n, Dani Gim\u00e9nez, Manu Herrera, Piccini, Mandi, Pezzella, Bruno, Jos\u00e9 Carlos, Durmisi, \u00c1lex Mart\u00ednez, Donk, Petros", "created_at": "2016-12-15T12:35:48.000Z", "edit_history_tweet_ids": ["809376411681255428"], "author_id": "475118804", "id": "809376411681255428"}, {"text": "RT @InfoRBB: Lista: Ad\u00e1n, Dani Gim\u00e9nez, Manu Herrera, Piccini, Mandi, Pezzella, Bruno, Jos\u00e9 Carlos, Durmisi, \u00c1lex Mart\u00ednez, Donk, Petros", "created_at": "2016-12-15T12:30:17.000Z", "edit_history_tweet_ids": ["809375022317969408"], "author_id": "466777357", "id": "809375022317969408"}, {"text": "RT @SomosBetis: Ad\u00e1n, Dani Gim\u00e9nez, Manu Herrera, Piccini, Mandi, Pezzella, Bruno, Jos\u00e9 Carlos, Durmisi, \u00c1lex Mart\u00ednez (1)", "created_at": "2016-12-15T12:30:07.000Z", "edit_history_tweet_ids": ["809374979120893952"], "author_id": "1069333520", "id": "809374979120893952"}, {"text": "Lista: Ad\u00e1n, Dani Gim\u00e9nez, Manu Herrera, Piccini, Mandi, Pezzella, Bruno, Jos\u00e9 Carlos, Durmisi, \u00c1lex Mart\u00ednez, Donk, Petros", "created_at": "2016-12-15T12:26:07.000Z", "edit_history_tweet_ids": ["809373972466909187"], "author_id": "777795775", "id": "809373972466909187"}, {"text": "Ad\u00e1n, Dani Gim\u00e9nez, Manu Herrera, Piccini, Mandi, Pezzella, Bruno, Jos\u00e9 Carlos, Durmisi, \u00c1lex Mart\u00ednez (1)", "created_at": "2016-12-15T12:24:31.000Z", "edit_history_tweet_ids": ["809373569666940928"], "author_id": "2508129132", "id": "809373569666940928"}, {"text": "Cambios en el gobierno de #ColladoVillalba\nAdan Martinez: Partcipaci\u00f3. ciudadana, comunicaci\u00f3n, deporte, juventud... https://t.co/vbpyUpgB0d", "created_at": "2016-12-15T10:10:12.000Z", "edit_history_tweet_ids": ["809339769310380032"], "author_id": "3904168038", "id": "809339769310380032"}, {"text": "Cambios en el gobierno de #ColladoVillalba\nAdan Martinez: Partcipaci\u00f3. ciudadana, comunicaci\u00f3n, deporte, juventud e infancia https://t.co/3HOd3wmzBW", "created_at": "2016-12-15T10:10:07.000Z", "edit_history_tweet_ids": ["809339750561808384"], "author_id": "3904168038", "id": "809339750561808384"}, {"text": "RT @claudiamelate: Trabajando en concurrencia con el Presidente del club Migrante #AmigosDeSantoTom\u00e1sSalvatierra Ad\u00e1n Mart\u00ednez @EPN @LuisEM\u2026", "created_at": "2016-12-14T14:57:21.000Z", "edit_history_tweet_ids": ["809049644097376256"], "author_id": "753976105", "id": "809049644097376256"}, {"text": "RT @PenchoyAida: \"Para este periodo, el a\u00f1o pasado, ya ten\u00edamos 8 lesionados por pirot\u00e9cnicos, este a\u00f1o no tenemos ninguno\": Ad\u00e1n Mart\u00ednez,\u2026", "created_at": "2016-12-14T02:40:28.000Z", "edit_history_tweet_ids": ["808864202819518465"], "author_id": "392459414", "id": "808864202819518465"}, {"text": "Senior Adan Martinez won the Power of Song Music Contest &amp; will perform January 8-9, 2017 @PalladiumSPC Theater. https://t.co/nIFKUIoY3A", "created_at": "2016-12-13T18:22:17.000Z", "edit_history_tweet_ids": ["808738830195060736"], "author_id": "715159523439329280", "id": "808738830195060736"}, {"text": "RT @PenchoyAida: \"Para este periodo, el a\u00f1o pasado, ya ten\u00edamos 8 lesionados por pirot\u00e9cnicos, este a\u00f1o no tenemos ninguno\": Ad\u00e1n Mart\u00ednez,\u2026", "created_at": "2016-12-13T17:54:07.000Z", "edit_history_tweet_ids": ["808731740479062017"], "author_id": "304064689", "id": "808731740479062017"}, {"text": "RT @PenchoyAida: Para conocer sobre el Plan Navide\u00f1o 2016 hablamos con Ad\u00e1n Mart\u00ednez, jefe de Vigilancia Sanitaria del @isss_gob_sv.\n\nhttps\u2026", "created_at": "2016-12-13T17:29:56.000Z", "edit_history_tweet_ids": ["808725655911362560"], "author_id": "384671873", "id": "808725655911362560"}, {"text": "\"Pueden llamar al 127 para preguntar horarios y las farmacias que van a estar abiertas durante esta \u00e9poca\": Ad\u00e1n Mart\u00ednez, del @isss_gob_sv. https://t.co/fYLnxGqwHQ", "created_at": "2016-12-13T16:49:35.000Z", "edit_history_tweet_ids": ["808715501555875841"], "author_id": "178986051", "id": "808715501555875841"}, {"text": "RT @PenchoyAida: \"Para este periodo, el a\u00f1o pasado, ya ten\u00edamos 8 lesionados por pirot\u00e9cnicos, este a\u00f1o no tenemos ninguno\": Ad\u00e1n Mart\u00ednez,\u2026", "created_at": "2016-12-13T16:49:27.000Z", "edit_history_tweet_ids": ["808715468785774593"], "author_id": "1449655842", "id": "808715468785774593"}, {"text": "\"Para este periodo, el a\u00f1o pasado, ya ten\u00edamos 8 lesionados por pirot\u00e9cnicos, este a\u00f1o no tenemos ninguno\": Ad\u00e1n Mart\u00ednez, del @isss_gob_sv.", "created_at": "2016-12-13T16:44:36.000Z", "edit_history_tweet_ids": ["808714247945515009"], "author_id": "178986051", "id": "808714247945515009"}, {"text": "\"Hemos tenido 6,127 lesionados por accidentes de tr\u00e1nsito\": Ad\u00e1n Mart\u00ednez, jefe de Vigilancia Sanitaria del @isss_gob_sv.", "created_at": "2016-12-13T16:41:05.000Z", "edit_history_tweet_ids": ["808713363140333568"], "author_id": "178986051", "id": "808713363140333568"}, {"text": "Para conocer sobre el Plan Navide\u00f1o 2016 hablamos con Ad\u00e1n Mart\u00ednez, jefe de Vigilancia Sanitaria del @isss_gob_sv.\n\nhttps://t.co/Vo5Zb8TXxN https://t.co/OlFpMmp4bq", "created_at": "2016-12-13T16:38:52.000Z", "edit_history_tweet_ids": ["808712806400921601"], "author_id": "178986051", "id": "808712806400921601"}, {"text": "Esta ma\u00f1ana el Dr. Jos\u00e9 Adan Mart\u00ednez del ISSS nos comenta sobre el plan de fiestas navide\u00f1as y fin de a\u00f1o. #ArribaMiGente https://t.co/rVDmh2H028", "created_at": "2016-12-13T16:02:25.000Z", "edit_history_tweet_ids": ["808703632380219396"], "author_id": "201375942", "id": "808703632380219396"}, {"text": "APROVECHA esta GRAN VENTA NAVIDE\u00d1A adan martinez te esperamos en TECNICENTROS TREJO @AdanRaiden30 https://t.co/iL3vLWoQoD", "created_at": "2016-12-13T07:42:39.000Z", "edit_history_tweet_ids": ["808577860759908352"], "author_id": "805167531870851072", "id": "808577860759908352"}, {"text": "APROVECHA esta GRAN VENTA NAVIDE\u00d1A adan Martinez Gonzal  te esperamos en TECNICENTROS TREJO @adanMartinezGo1 https://t.co/94yWvF7qvc", "created_at": "2016-12-13T07:31:05.000Z", "edit_history_tweet_ids": ["808574948835028992"], "author_id": "805167531870851072", "id": "808574948835028992"}, {"text": "APROVECHA esta GRAN VENTA NAVIDE\u00d1A ADAN MARTINEZ te esperamos en TECNICENTROS TREJO @adan26adn https://t.co/3FMFZHM9fI", "created_at": "2016-12-13T07:14:54.000Z", "edit_history_tweet_ids": ["808570876539060224"], "author_id": "805167531870851072", "id": "808570876539060224"}, {"text": "RT @claudiamelate: Trabajando en concurrencia con el Presidente del club Migrante #AmigosDeSantoTom\u00e1sSalvatierra Ad\u00e1n Mart\u00ednez @EPN @LuisEM\u2026", "created_at": "2016-12-12T23:54:01.000Z", "edit_history_tweet_ids": ["808459925571731456"], "author_id": "807380916448456704", "id": "808459925571731456"}, {"text": "RT @claudiamelate: Trabajando en concurrencia con el Presidente del club Migrante #AmigosDeSantoTom\u00e1sSalvatierra Ad\u00e1n Mart\u00ednez @EPN @LuisEM\u2026", "created_at": "2016-12-12T21:20:43.000Z", "edit_history_tweet_ids": ["808421344966770691"], "author_id": "2149646444", "id": "808421344966770691"}, {"text": "RT @claudiamelate: Trabajando en concurrencia con el Presidente del club Migrante #AmigosDeSantoTom\u00e1sSalvatierra Ad\u00e1n Mart\u00ednez @EPN @LuisEM\u2026", "created_at": "2016-12-12T21:10:00.000Z", "edit_history_tweet_ids": ["808418651539931137"], "author_id": "802197248725499904", "id": "808418651539931137"}, {"text": "RT @claudiamelate: Trabajando en concurrencia con el Presidente del club Migrante #AmigosDeSantoTom\u00e1sSalvatierra Ad\u00e1n Mart\u00ednez @EPN @LuisEM\u2026", "created_at": "2016-12-12T18:44:03.000Z", "edit_history_tweet_ids": ["808381918609715200"], "author_id": "3316434494", "id": "808381918609715200"}, {"text": "Trabajando en concurrencia con el Presidente del club Migrante #AmigosDeSantoTom\u00e1sSalvatierra Ad\u00e1n Mart\u00ednez @EPN @LuisEMirandaN https://t.co/DmFgl0rYFa", "created_at": "2016-12-12T18:43:24.000Z", "edit_history_tweet_ids": ["808381758840434688"], "author_id": "145302355", "id": "808381758840434688"}], "meta": {"newest_id": "809829503606386688", "oldest_id": "808381758840434688", "result_count": 42}}