{"data": [{"edit_history_tweet_ids": ["646850705400008704"], "text": "RT @NBCLA: JUST IN: Man found shot to death in San Gabriel riverbed ID\u2019d as Duke Herrera, 24 http://t.co/hHENb6HODc http://t.co/WVw5w0dr5u", "author_id": "2650303847", "created_at": "2015-09-24T00:56:40.000Z", "id": "646850705400008704"}, {"edit_history_tweet_ids": ["646846177246220288"], "text": "RT @NBCLA: JUST IN: Man found shot to death in San Gabriel riverbed ID\u2019d as Duke Herrera, 24 http://t.co/hHENb6HODc http://t.co/WVw5w0dr5u", "author_id": "349549922", "created_at": "2015-09-24T00:38:41.000Z", "id": "646846177246220288"}, {"edit_history_tweet_ids": ["646836211055591424"], "text": "RT @NBCLA: JUST IN: Man found shot to death in San Gabriel riverbed ID\u2019d as Duke Herrera, 24 http://t.co/hHENb6HODc http://t.co/WVw5w0dr5u", "author_id": "1098838110", "created_at": "2015-09-23T23:59:05.000Z", "id": "646836211055591424"}, {"edit_history_tweet_ids": ["646829233206005760"], "text": "RT @NBCLA: JUST IN: Man found shot to death in San Gabriel riverbed ID\u2019d as Duke Herrera, 24 http://t.co/hHENb6HODc http://t.co/WVw5w0dr5u", "author_id": "313816484", "created_at": "2015-09-23T23:31:21.000Z", "id": "646829233206005760"}, {"edit_history_tweet_ids": ["646808712045297664"], "text": "Su hermana dice que fue a la escuela y nunca regres\u00f3. Duke Herrera,con necesidades especiales, fue hallado muerto http://t.co/tlEFRP4Rnu", "author_id": "594772286", "created_at": "2015-09-23T22:09:48.000Z", "id": "646808712045297664"}, {"edit_history_tweet_ids": ["646136017049686016"], "text": "R.I.P. Friend of mine, Duke Herrera, \ud83d\ude4f\ud83c\udffb\ud83d\ude4f\ud83c\udffb you deserved better...", "author_id": "353488365", "created_at": "2015-09-22T01:36:45.000Z", "id": "646136017049686016"}, {"edit_history_tweet_ids": ["646056391237480449"], "text": "Duke Herrera, 24:  Duke Herrera, a 24-year-old Latino male, died Saturday, Sept. 19, after being shot in Long ... http://t.co/Qt8RmKDPNr", "author_id": "733264453", "created_at": "2015-09-21T20:20:21.000Z", "id": "646056391237480449"}, {"edit_history_tweet_ids": ["646056389446537216"], "text": "Duke Herrera, 24:  Duke Herrera, a 24-year-old Latino male, died Saturday, Sept. 19, after being shot in Long ... http://t.co/fDho4e5war", "author_id": "441187574", "created_at": "2015-09-21T20:20:21.000Z", "id": "646056389446537216"}, {"edit_history_tweet_ids": ["646056385617068032"], "text": "Duke Herrera, 24:  Duke Herrera, a 24-year-old Latino male, died Saturday, Sept. 19, after being shot in Long ... http://t.co/Id1IUNjVu8", "author_id": "447804471", "created_at": "2015-09-21T20:20:20.000Z", "id": "646056385617068032"}, {"edit_history_tweet_ids": ["646053407875317760"], "text": "Duke Herrera, 24 : #IHateTimWaterman", "author_id": "614962906", "created_at": "2015-09-21T20:08:30.000Z", "id": "646053407875317760"}, {"edit_history_tweet_ids": ["646050777337716736"], "text": "Duke Herrera, 24 http://t.co/aa26OsMh3A", "author_id": "1618416878", "created_at": "2015-09-21T19:58:03.000Z", "id": "646050777337716736"}, {"edit_history_tweet_ids": ["646044078103240704"], "text": "Identifican cad\u00e1ver encontrado en r\u00edo de L.A. - LOS ANGELES (California) - El Departamento del Alguacil identific\u00f3... http://t.co/cITzq5mkfT", "author_id": "137732538", "created_at": "2015-09-21T19:31:25.000Z", "id": "646044078103240704"}, {"edit_history_tweet_ids": ["646042328902291457"], "text": "Identifican cad\u00e1ver encontrado en el r\u00edo San Gabriel http://t.co/juheQqrFF7 http://t.co/tSajaMkngp", "author_id": "118829062", "created_at": "2015-09-21T19:24:28.000Z", "id": "646042328902291457"}, {"edit_history_tweet_ids": ["646003380603588608"], "text": "RT @NBCLA: JUST IN: Man found shot to death in San Gabriel riverbed ID\u2019d as Duke Herrera, 24 http://t.co/hHENb6HODc http://t.co/WVw5w0dr5u", "author_id": "199056422", "created_at": "2015-09-21T16:49:42.000Z", "id": "646003380603588608"}, {"edit_history_tweet_ids": ["646002637096153088"], "text": "RT @NBCLA: JUST IN: Man found shot to death in San Gabriel riverbed ID\u2019d as Duke Herrera, 24 http://t.co/hHENb6HODc http://t.co/WVw5w0dr5u", "author_id": "53226878", "created_at": "2015-09-21T16:46:45.000Z", "id": "646002637096153088"}, {"edit_history_tweet_ids": ["646001523240083456"], "text": "JUST IN: Man found shot to death in San Gabriel riverbed ID\u2019d as Duke Herrera, 24 http://t.co/hHENb6HODc http://t.co/WVw5w0dr5u", "author_id": "17379685", "created_at": "2015-09-21T16:42:19.000Z", "id": "646001523240083456"}, {"edit_history_tweet_ids": ["645288239570534401"], "text": "Mr. Daniel Herrera with Rhythm Divine\n\nDuke City Pix http://t.co/QmmN9Dwdm8", "author_id": "242278984", "created_at": "2015-09-19T17:27:59.000Z", "id": "645288239570534401"}, {"edit_history_tweet_ids": ["644620812075560960"], "text": "Herrera duke ngr\u00ebn\u00eb dark\u00eb n\u00eb Manchester me t\u00eb dashur\u00ebn..\n\n/D.SH/ http://t.co/B3VmyaiQNN", "author_id": "1366777999", "created_at": "2015-09-17T21:15:52.000Z", "id": "644620812075560960"}], "meta": {"newest_id": "646850705400008704", "oldest_id": "644620812075560960", "result_count": 18}}