{"data": [{"edit_history_tweet_ids": ["605814914435850240"], "id": "605814914435850240", "created_at": "2015-06-02T19:15:05.000Z", "text": "RT @Loudwire: AC/DC\u2019s Brian Johnson Writing Music With Comedian @JimBreuer: http://t.co/M2GAMYy15a http://t.co/wZldtn8tA6", "author_id": "2877864381"}, {"edit_history_tweet_ids": ["605814198518448128"], "id": "605814198518448128", "created_at": "2015-06-02T19:12:15.000Z", "text": "RT @crosaleny: Como mucha gente habla de AC DC, aqu\u00ed ten\u00e9is a su cantante Brian Johnson... como piloto en las 24h de Daytona!! https://t.co\u2026", "author_id": "2321820820"}, {"edit_history_tweet_ids": ["605814115655753729"], "id": "605814115655753729", "created_at": "2015-06-02T19:11:55.000Z", "text": "RT @crosaleny: Como mucha gente habla de AC DC, aqu\u00ed ten\u00e9is a su cantante Brian Johnson... como piloto en las 24h de Daytona!! https://t.co\u2026", "author_id": "1617969446"}, {"edit_history_tweet_ids": ["605813674427584513"], "id": "605813674427584513", "created_at": "2015-06-02T19:10:10.000Z", "text": "RT @crosaleny: Como mucha gente habla de AC DC, aqu\u00ed ten\u00e9is a su cantante Brian Johnson... como piloto en las 24h de Daytona!! https://t.co\u2026", "author_id": "2281118731"}, {"edit_history_tweet_ids": ["605813169018118147"], "id": "605813169018118147", "created_at": "2015-06-02T19:08:09.000Z", "text": "RT @crosaleny: Como mucha gente habla de AC DC, aqu\u00ed ten\u00e9is a su cantante Brian Johnson... como piloto en las 24h de Daytona!! https://t.co\u2026", "author_id": "226699552"}, {"edit_history_tweet_ids": ["605813116463546369"], "id": "605813116463546369", "created_at": "2015-06-02T19:07:57.000Z", "text": "RT @crosaleny: Como mucha gente habla de AC DC, aqu\u00ed ten\u00e9is a su cantante Brian Johnson... como piloto en las 24h de Daytona!! https://t.co\u2026", "author_id": "190657827"}, {"edit_history_tweet_ids": ["605812577034043393"], "id": "605812577034043393", "created_at": "2015-06-02T19:05:48.000Z", "text": "RT @crosaleny: Como mucha gente habla de AC DC, aqu\u00ed ten\u00e9is a su cantante Brian Johnson... como piloto en las 24h de Daytona!! https://t.co\u2026", "author_id": "19044426"}, {"edit_history_tweet_ids": ["605812548911308801"], "id": "605812548911308801", "created_at": "2015-06-02T19:05:41.000Z", "text": "Como mucha gente habla de AC DC, aqu\u00ed ten\u00e9is a su cantante Brian Johnson... como piloto en las 24h de Daytona!! https://t.co/EXc9xZPDvT", "author_id": "266293743"}, {"edit_history_tweet_ids": ["605807503830450177"], "id": "605807503830450177", "created_at": "2015-06-02T18:45:38.000Z", "text": "RT @Dan_ook: Angus Young meti\u00e9ndole un guitarrazo a un drone mientras Brian Johnson berrea \u00abthat's the way it's done by R'n'R, En'riquew\u00bb. \u2026", "author_id": "221685263"}, {"edit_history_tweet_ids": ["605807392505233409"], "id": "605807392505233409", "created_at": "2015-06-02T18:45:12.000Z", "text": "RT @Dan_ook: Angus Young meti\u00e9ndole un guitarrazo a un drone mientras Brian Johnson berrea \u00abthat's the way it's done by R'n'R, En'riquew\u00bb. \u2026", "author_id": "513175862"}, {"edit_history_tweet_ids": ["605802996333572096"], "id": "605802996333572096", "created_at": "2015-06-02T18:27:44.000Z", "text": "RT @Dan_ook: Angus Young meti\u00e9ndole un guitarrazo a un drone mientras Brian Johnson berrea \u00abthat's the way it's done by R'n'R, En'riquew\u00bb. \u2026", "author_id": "473159176"}, {"edit_history_tweet_ids": ["605802857749569536"], "id": "605802857749569536", "created_at": "2015-06-02T18:27:11.000Z", "text": "RT @_Brian_Johnson: Here are 5 of my favorite Big Ideas from \"Eat to Live\" by Joel Fuhrman. @DrFuhrman https://t.co/6vmkrhfnsV", "author_id": "3189013561"}, {"edit_history_tweet_ids": ["605799435394637826"], "id": "605799435394637826", "created_at": "2015-06-02T18:13:35.000Z", "text": "You are good - Brian Johnson (Bethel Church) (with lyrics) (Best Worship... https://t.co/jqxsFaobGu via @YouTube", "author_id": "24936252"}, {"edit_history_tweet_ids": ["605798534441402372"], "id": "605798534441402372", "created_at": "2015-06-02T18:10:00.000Z", "text": "Actual subject line of email I received today from @_Brian_Johnson: \"Sometimes pain is bliss.\" #brokenlegproblems", "author_id": "35922194"}, {"edit_history_tweet_ids": ["605794207970648064"], "id": "605794207970648064", "created_at": "2015-06-02T17:52:48.000Z", "text": "@MarketingEasySt Great coaching offer https://t.co/xRALsjTqXk with Brian G Johnson", "author_id": "15446067"}, {"edit_history_tweet_ids": ["605789493426192384"], "id": "605789493426192384", "created_at": "2015-06-02T17:34:04.000Z", "text": "#SBNation #RedSoxs Sox 2012 draft review: Cherington's first draft http://t.co/EkuOfcVwb5 http://t.co/UV3OBVP7cw", "author_id": "1529423024"}, {"edit_history_tweet_ids": ["605784145554374657"], "id": "605784145554374657", "created_at": "2015-06-02T17:12:49.000Z", "text": "RT @FOXSoccer: #USWNT lineup vs Korea Republic: Solo; Klingenberg, Johnson, Sauerbrunn, Krieger; Press, Lloyd, Holiday, Brian; Wambach, Ler\u2026", "author_id": "3003632962"}, {"edit_history_tweet_ids": ["605782909992067072"], "id": "605782909992067072", "created_at": "2015-06-02T17:07:55.000Z", "text": "Y yo hoy otra vez estudiando mientras Brian Johnson y compa\u00f1\u00eda estar\u00e1n en unas horas de nuevo en el Vicente Calder\u00f3n. \ud83d\ude2d", "author_id": "408088277"}, {"edit_history_tweet_ids": ["605775243253153792"], "id": "605775243253153792", "created_at": "2015-06-02T16:37:27.000Z", "text": "#bostonredsox #RedSox #boston #mlb Red Sox 2012 draft review: Ben Cherington's first draft has been a successf.. http://t.co/RLYekLEKSu", "author_id": "3068588838"}, {"edit_history_tweet_ids": ["605773742631841792"], "id": "605773742631841792", "created_at": "2015-06-02T16:31:29.000Z", "text": "Angus Young meti\u00e9ndole un guitarrazo a un drone mientras Brian Johnson berrea \u00abthat's the way it's done by R'n'R, En'riquew\u00bb. Coro de gaitas", "author_id": "558071509"}, {"edit_history_tweet_ids": ["605772854647357442"], "id": "605772854647357442", "created_at": "2015-06-02T16:27:57.000Z", "text": "RT @NFLPARATODOS: - Tom, confundiste a Angus Young con Brian Johnson\n- Mala m\u00eda, no soy fan de AC/DC, yo prefiero One Direction\n- FIRED htt\u2026", "author_id": "238867413"}, {"edit_history_tweet_ids": ["605772638615568384"], "id": "605772638615568384", "created_at": "2015-06-02T16:27:06.000Z", "text": "Red Sox 2012 draft review: Ben Cherington's first draft has been a successful one http://t.co/d9hjLNsPk4 http://t.co/FCRvawYFta", "author_id": "21119272"}, {"edit_history_tweet_ids": ["605772559125114880"], "id": "605772559125114880", "created_at": "2015-06-02T16:26:47.000Z", "text": "RT @NFLPARATODOS: \"Estuvo bien la RED CARD a Lady Gago. Levant\u00f3 la pierna como Brian Johnson de AC/DC\" \n@Arroban_FWTV en http://t.co/QgmKV5\u2026", "author_id": "238867413"}, {"edit_history_tweet_ids": ["605765213405593600"], "id": "605765213405593600", "created_at": "2015-06-02T15:57:36.000Z", "text": "RT @_Brian_Johnson: http://t.co/VZYOnwcqGN", "author_id": "798183"}, {"edit_history_tweet_ids": ["605762888737816576"], "id": "605762888737816576", "created_at": "2015-06-02T15:48:21.000Z", "text": "CTR w/ Brian Johnson \ud83d\udc40", "author_id": "1676087521"}, {"edit_history_tweet_ids": ["605755727685292032"], "id": "605755727685292032", "created_at": "2015-06-02T15:19:54.000Z", "text": "Beckham &gt; The Effect of the Johnson Controversy on Brian Bell | Valdosta Today http://t.co/LgUm3gI2XG", "author_id": "19243615"}, {"edit_history_tweet_ids": ["605755657237733376"], "id": "605755657237733376", "created_at": "2015-06-02T15:19:37.000Z", "text": "Love this!! \udbb8\udc45WHY CHALLENGE IN YOUR LIFE BREEDS YOUR BRILLIANCE: (thanks Brian Johnson) \"Reminds me of a great... http://t.co/sBKPuX3hOW", "author_id": "19798107"}, {"edit_history_tweet_ids": ["605754171631861761"], "id": "605754171631861761", "created_at": "2015-06-02T15:13:43.000Z", "text": "$HRL Form 4: On Dec. 16, 2014, Brian Johnson, VP &amp; Corporate Secretary, gifted 50 shares. On May 29, 2015, he sold 3,000 shares at $58.02.", "author_id": "2858171394"}, {"edit_history_tweet_ids": ["605751656756719619"], "id": "605751656756719619", "created_at": "2015-06-02T15:03:43.000Z", "text": "Cleveland Browns Rumors: Terrance West Released if Isaiah Crowell, Duke ... - Sports World Report http://t.co/NUDEJHmq7l", "author_id": "620464451"}, {"edit_history_tweet_ids": ["605748357890375680"], "id": "605748357890375680", "created_at": "2015-06-02T14:50:37.000Z", "text": "Cleveland Browns Rumors: Terrance West Released if Isaiah Crowell, Duke ... - Sports World Report http://t.co/9lLIbVbsED", "author_id": "531997457"}, {"edit_history_tweet_ids": ["605747471776509952"], "id": "605747471776509952", "created_at": "2015-06-02T14:47:06.000Z", "text": "$HRL: Johnson Brian Dean sold a net $174,060 in HORMEL FOODS CORP /DE/. http://t.co/HC00EfiQnE", "author_id": "2564014766"}, {"edit_history_tweet_ids": ["605742736151613440"], "id": "605742736151613440", "created_at": "2015-06-02T14:28:17.000Z", "text": "The infamous unplugged interview with #AC/DC front man Brian Johnson. \nhttps://t.co/Pfx1uEe3DC https://t.co/qJX7XFwpQH", "author_id": "16035151"}, {"edit_history_tweet_ids": ["605737015171280896"], "id": "605737015171280896", "created_at": "2015-06-02T14:05:33.000Z", "text": "#brownsdraft Rumors: Terrance West Released if Isaiah Crowell, Duke Johnson Starters for Josh McCown?\nhttp://t.co/E4q8akVnNV", "author_id": "583233358"}, {"edit_history_tweet_ids": ["605736995156062209"], "id": "605736995156062209", "created_at": "2015-06-02T14:05:28.000Z", "text": "#Browns Rumors: Terrance West Released if Isaiah Crowell, Duke Johnson Starters for Josh McCown?\nhttp://t.co/E4q8akVnNV", "author_id": "583233358"}, {"edit_history_tweet_ids": ["605736926692409344"], "id": "605736926692409344", "created_at": "2015-06-02T14:05:12.000Z", "text": "Cleveland Browns Rumors: Terrance West Released if Isaiah Crowell, Duke Johnson Starters for Josh McCown?\nhttp://t.co/E4q8akVnNV", "author_id": "583233358"}, {"edit_history_tweet_ids": ["605736697121374208"], "id": "605736697121374208", "created_at": "2015-06-02T14:04:17.000Z", "text": "Se acerca el d\u00eda del padre y nos encontramos con tremendo #DuoRockero, cu\u00e1n Angus young y Brian Johnson lml... http://t.co/gkMqevWJLi", "author_id": "84006545"}, {"edit_history_tweet_ids": ["605735444517679104"], "id": "605735444517679104", "created_at": "2015-06-02T13:59:18.000Z", "text": "Gifted Success is out! http://t.co/aytsZGdwDr Stories via @SarahMushMush @IEAgifted @_Brian_Johnson", "author_id": "25529126"}, {"edit_history_tweet_ids": ["605730333896667136"], "id": "605730333896667136", "created_at": "2015-06-02T13:39:00.000Z", "text": "Eres mas de Bon Scott o de Brian Johnson???", "author_id": "405735494"}, {"edit_history_tweet_ids": ["605728494065172481"], "id": "605728494065172481", "created_at": "2015-06-02T13:31:41.000Z", "text": "RT @BeEazy7: When you worship God when you don't feel like it, it's not fake it's faith. -Brian Johnson", "author_id": "30681538"}, {"edit_history_tweet_ids": ["605700850368016384"], "id": "605700850368016384", "created_at": "2015-06-02T11:41:50.000Z", "text": "[Lyrics] You are good - Brian Johnson - Psalm 34:1-10 1 I will praise the Eternal in every moment through... http://t.co/A9ENdy0TZN", "author_id": "211652692"}, {"edit_history_tweet_ids": ["605696057192914945"], "id": "605696057192914945", "created_at": "2015-06-02T11:22:47.000Z", "text": "@RedSox @Jared_Carrabis @PeteAbe @pgammo \nWelcome to Bridge Year 2015!\nno locks of love here!\nBring up @JackieBradleyJr  &amp; Brian Johnson!", "author_id": "291656437"}, {"edit_history_tweet_ids": ["605694638113075201"], "id": "605694638113075201", "created_at": "2015-06-02T11:17:09.000Z", "text": "Now Accepting Pre-order!\nBreakfast Club Andrew Clark Pop! Vinyl Figure\nBreakfast Club Brian Johnson\u2026 https://t.co/zOX4OhgWMZ", "author_id": "324885979"}, {"edit_history_tweet_ids": ["605694327944323072"], "id": "605694327944323072", "created_at": "2015-06-02T11:15:55.000Z", "text": "GOOD NEWS TODAY : SING WITH ME: ~ WE BELIEVE ~ BRIAN &amp; JENN JOHNSON.", "author_id": "92237234"}, {"edit_history_tweet_ids": ["605690762756538368"], "id": "605690762756538368", "created_at": "2015-06-02T11:01:45.000Z", "text": "Jim Breuer gets AC/DC's Brian Johnson to guest on his Album http://t.co/Cs5prTGZW8", "author_id": "2822298720"}, {"edit_history_tweet_ids": ["605674840062889985"], "id": "605674840062889985", "created_at": "2015-06-02T09:58:29.000Z", "text": "RT @NFLPARATODOS: - Tom, confundiste a Angus Young con Brian Johnson\n- Mala m\u00eda, no soy fan de AC/DC, yo prefiero One Direction\n- FIRED htt\u2026", "author_id": "2362318946"}, {"edit_history_tweet_ids": ["605643645577007104"], "id": "605643645577007104", "created_at": "2015-06-02T07:54:32.000Z", "text": "Brian Johnson - Gimme Some Lovin http://t.co/8hVoBU5EEH", "author_id": "103256583"}, {"edit_history_tweet_ids": ["605631253878956032"], "id": "605631253878956032", "created_at": "2015-06-02T07:05:17.000Z", "text": "RT @BWJohnsonMusic: Hey! Want to listen to my cover of #Amazed by @lonestarband? Check out my @SoundCloud here: https://t.co/o4xHdIqs5t", "author_id": "2883609809"}, {"edit_history_tweet_ids": ["605626545747685376"], "id": "605626545747685376", "created_at": "2015-06-02T06:46:35.000Z", "text": "http://t.co/dQ9hMbu2BN Brian Johnson Breakfast Club Pop! Vinyl Figure Anthony Michael Hall Pre-Order http://t.co/u6rW8NTky9", "author_id": "2931311375"}, {"edit_history_tweet_ids": ["605625210121912320"], "id": "605625210121912320", "created_at": "2015-06-02T06:41:16.000Z", "text": "La exclusiva colecci\u00f3n de coches de Brian Johnson, cantante de AC/DC http://t.co/W1qDYeUr1F v\u00eda @motorpuntoes", "author_id": "416928165"}, {"edit_history_tweet_ids": ["605624401522851840"], "id": "605624401522851840", "created_at": "2015-06-02T06:38:03.000Z", "text": "WATCH: The 3 Ways We Handle Pressure http://t.co/PyYloUpVPm #conscioushealthsolutions #health", "author_id": "3067110716"}, {"edit_history_tweet_ids": ["605619086060568576"], "id": "605619086060568576", "created_at": "2015-06-02T06:16:56.000Z", "text": "RT @BostonGlobe: Lefthander Brian Johnson turned in a dazzling performance on Friday with the @PawSox: http://t.co/7SwXyOmfQb", "author_id": "163689278"}, {"edit_history_tweet_ids": ["605619083564994560"], "id": "605619083564994560", "created_at": "2015-06-02T06:16:56.000Z", "text": "RT @BostonGlobe: Lefthander Brian Johnson turned in a dazzling performance on Friday with the @PawSox: http://t.co/7SwXyOmfQb", "author_id": "163707568"}, {"edit_history_tweet_ids": ["605618363289739264"], "id": "605618363289739264", "created_at": "2015-06-02T06:14:04.000Z", "text": "Lefthander Brian Johnson turned in a dazzling performance on Friday with the @PawSox: http://t.co/7SwXyOmfQb", "author_id": "95431448"}, {"edit_history_tweet_ids": ["605613277868134400"], "id": "605613277868134400", "created_at": "2015-06-02T05:53:51.000Z", "text": "We Will Not Be Shaken (song)  // Brian Johnson // We Will Not Be Shaken ... https://t.co/vITbNTicOy via @YouTube", "author_id": "1093811364"}, {"edit_history_tweet_ids": ["605603633942695936"], "id": "605603633942695936", "created_at": "2015-06-02T05:15:32.000Z", "text": "@JimBreuer revealed that @acdc frontman @BrianJohnson will trade off lead vocals on comedian's upcoming rock album! http://t.co/pnqPqEysrY", "author_id": "2974536526"}, {"edit_history_tweet_ids": ["605591836636401666"], "id": "605591836636401666", "created_at": "2015-06-02T04:28:39.000Z", "text": "Cant wait till graduation. That weekend gone be epic on the coast. Getting a room on the beach. Brian Johnson #FYNShit", "author_id": "340769004"}, {"edit_history_tweet_ids": ["605588033501569024"], "id": "605588033501569024", "created_at": "2015-06-02T04:13:33.000Z", "text": "RT @brian_k_johnson: Stay motivated. Stay positive. Stay hungry. Be selfless. And you'll get everything you want, but maybe not when you wa\u2026", "author_id": "335108480"}, {"edit_history_tweet_ids": ["605582156648345600"], "id": "605582156648345600", "created_at": "2015-06-02T03:50:11.000Z", "text": "@Maria_Colmis De todas maneras fuera de Brian Johnson y Angus Young los otros tres son viandantes.", "author_id": "2954651890"}, {"edit_history_tweet_ids": ["605580476095557632"], "id": "605580476095557632", "created_at": "2015-06-02T03:43:31.000Z", "text": "RT @NFLPARATODOS: - Tom, confundiste a Angus Young con Brian Johnson\n- Mala m\u00eda, no soy fan de AC/DC, yo prefiero One Direction\n- FIRED htt\u2026", "author_id": "37409261"}, {"edit_history_tweet_ids": ["605568395828981760"], "id": "605568395828981760", "created_at": "2015-06-02T02:55:31.000Z", "text": "Daisy Johnson? Oh hell, that /is/ worse. Stick with Skye, flower child, [Brian can't help the joyous laugh that leaves - (@FervourMassacre)", "author_id": "2218313700"}, {"edit_history_tweet_ids": ["605567177891016704"], "id": "605567177891016704", "created_at": "2015-06-02T02:50:40.000Z", "text": "RT @BWJohnsonMusic: Hey! Want to listen to my cover of #Amazed by @lonestarband? Check out my @SoundCloud here: https://t.co/o4xHdIqs5t", "author_id": "94792927"}, {"edit_history_tweet_ids": ["605566329802878977"], "id": "605566329802878977", "created_at": "2015-06-02T02:47:18.000Z", "text": "Congrats to the winner of DragRace! We won't spoil it for those who aren't caught up yet ;) Natalie Joy Johnson &amp; Brian Nash tonight!11pm xx", "author_id": "266029867"}, {"edit_history_tweet_ids": ["605565879607271426"], "id": "605565879607271426", "created_at": "2015-06-02T02:45:31.000Z", "text": "RT @NFLPARATODOS: - Tom, confundiste a Angus Young con Brian Johnson\n- Mala m\u00eda, no soy fan de AC/DC, yo prefiero One Direction\n- FIRED htt\u2026", "author_id": "206634623"}, {"edit_history_tweet_ids": ["605564996555149312"], "id": "605564996555149312", "created_at": "2015-06-02T02:42:00.000Z", "text": "LIVE: Winner of Designer of the Year is @TexasMonthly's Brian Johnson! #CRMA #CRMA2015 #CRMAawards", "author_id": "2493759696"}, {"edit_history_tweet_ids": ["605563980271259648"], "id": "605563980271259648", "created_at": "2015-06-02T02:37:58.000Z", "text": "RT @NFLPARATODOS: - Tom, confundiste a Angus Young con Brian Johnson\n- Mala m\u00eda, no soy fan de AC/DC, yo prefiero One Direction\n- FIRED htt\u2026", "author_id": "57516494"}, {"edit_history_tweet_ids": ["605563617585602561"], "id": "605563617585602561", "created_at": "2015-06-02T02:36:31.000Z", "text": "ICYMI when I played this on Friday - Check out the vocal range of Brian Johnson from @acdc:\nhttps://t.co/Sq36bV6nY5", "author_id": "24262948"}, {"edit_history_tweet_ids": ["605563530771894272"], "id": "605563530771894272", "created_at": "2015-06-02T02:36:11.000Z", "text": "RT @NFLPARATODOS: - Tom, confundiste a Angus Young con Brian Johnson\n- Mala m\u00eda, no soy fan de AC/DC, yo prefiero One Direction\n- FIRED htt\u2026", "author_id": "104042668"}, {"edit_history_tweet_ids": ["605563493702598660"], "id": "605563493702598660", "created_at": "2015-06-02T02:36:02.000Z", "text": "At the #CaneRidge Comm Mting - honoring firefighters &amp; police, like Dep. Chief Brian Johnson, who serve the community http://t.co/NLQGGvO5ph", "author_id": "1638200940"}, {"edit_history_tweet_ids": ["605560676241813504"], "id": "605560676241813504", "created_at": "2015-06-02T02:24:50.000Z", "text": "RT @NFLPARATODOS: - Tom, confundiste a Angus Young con Brian Johnson\n- Mala m\u00eda, no soy fan de AC/DC, yo prefiero One Direction\n- FIRED htt\u2026", "author_id": "1010173789"}, {"edit_history_tweet_ids": ["605559542223675392"], "id": "605559542223675392", "created_at": "2015-06-02T02:20:20.000Z", "text": "RT @NFLPARATODOS: - Tom, confundiste a Angus Young con Brian Johnson\n- Mala m\u00eda, no soy fan de AC/DC, yo prefiero One Direction\n- FIRED htt\u2026", "author_id": "1591676364"}, {"edit_history_tweet_ids": ["605556294259458048"], "id": "605556294259458048", "created_at": "2015-06-02T02:07:25.000Z", "text": "RT @BWJohnsonMusic: Hey! Want to listen to my cover of #Amazed by @lonestarband? Check out my @SoundCloud here: https://t.co/o4xHdIqs5t", "author_id": "3246415113"}, {"edit_history_tweet_ids": ["605556067842555904"], "id": "605556067842555904", "created_at": "2015-06-02T02:06:31.000Z", "text": "RT @BWJohnsonMusic: Hey! Want to listen to my cover of #Amazed by @lonestarband? Check out my @SoundCloud here: https://t.co/o4xHdIqs5t", "author_id": "135335016"}, {"edit_history_tweet_ids": ["605555915723575297"], "id": "605555915723575297", "created_at": "2015-06-02T02:05:55.000Z", "text": "RT @MLBPipeline: .@RedSox #7 prospect Brian Johnson of @PawSox is the LHP on the Prospect Team of the Week: http://t.co/e5XkFxV5kE http://t\u2026", "author_id": "475194324"}, {"edit_history_tweet_ids": ["605555607819698176"], "id": "605555607819698176", "created_at": "2015-06-02T02:04:42.000Z", "text": "RT @NFLPARATODOS: - Tom, confundiste a Angus Young con Brian Johnson\n- Mala m\u00eda, no soy fan de AC/DC, yo prefiero One Direction\n- FIRED htt\u2026", "author_id": "188567950"}, {"edit_history_tweet_ids": ["605555491566186496"], "id": "605555491566186496", "created_at": "2015-06-02T02:04:14.000Z", "text": "The Brian Johnson Daily is out! http://t.co/SyRxbPWZOk Stories via @Felonious_munk @BRIANJ32", "author_id": "20216865"}, {"edit_history_tweet_ids": ["605553610001403904"], "id": "605553610001403904", "created_at": "2015-06-02T01:56:45.000Z", "text": "RT @NFLPARATODOS: - Tom, confundiste a Angus Young con Brian Johnson\n- Mala m\u00eda, no soy fan de AC/DC, yo prefiero One Direction\n- FIRED htt\u2026", "author_id": "198373202"}, {"edit_history_tweet_ids": ["605553141195653120"], "id": "605553141195653120", "created_at": "2015-06-02T01:54:54.000Z", "text": "RT @NFLPARATODOS: - Tom, confundiste a Angus Young con Brian Johnson\n- Mala m\u00eda, no soy fan de AC/DC, yo prefiero One Direction\n- FIRED htt\u2026", "author_id": "633841546"}, {"edit_history_tweet_ids": ["605552886781755392"], "id": "605552886781755392", "created_at": "2015-06-02T01:53:53.000Z", "text": "RT @NFLPARATODOS: - Tom, confundiste a Angus Young con Brian Johnson\n- Mala m\u00eda, no soy fan de AC/DC, yo prefiero One Direction\n- FIRED htt\u2026", "author_id": "327167127"}, {"edit_history_tweet_ids": ["605552609601187840"], "id": "605552609601187840", "created_at": "2015-06-02T01:52:47.000Z", "text": "RT @NFLPARATODOS: - Tom, confundiste a Angus Young con Brian Johnson\n- Mala m\u00eda, no soy fan de AC/DC, yo prefiero One Direction\n- FIRED htt\u2026", "author_id": "726263028"}, {"edit_history_tweet_ids": ["605552337143365632"], "id": "605552337143365632", "created_at": "2015-06-02T01:51:42.000Z", "text": "RT @BWJohnsonMusic: Hey! Want to listen to my cover of #Amazed by @lonestarband? Check out my @SoundCloud here: https://t.co/o4xHdIqs5t", "author_id": "33225363"}, {"edit_history_tweet_ids": ["605552179286540288"], "id": "605552179286540288", "created_at": "2015-06-02T01:51:04.000Z", "text": "RT @NFLPARATODOS: - Tom, confundiste a Angus Young con Brian Johnson\n- Mala m\u00eda, no soy fan de AC/DC, yo prefiero One Direction\n- FIRED htt\u2026", "author_id": "383991023"}, {"edit_history_tweet_ids": ["605552085136982016"], "id": "605552085136982016", "created_at": "2015-06-02T01:50:42.000Z", "text": "RT @NFLPARATODOS: \"Estuvo bien la RED CARD a Lady Gago. Levant\u00f3 la pierna como Brian Johnson de AC/DC\" \n@Arroban_FWTV en http://t.co/QgmKV5\u2026", "author_id": "1546972663"}, {"edit_history_tweet_ids": ["605552064714960897"], "id": "605552064714960897", "created_at": "2015-06-02T01:50:37.000Z", "text": "RT @BWJohnsonMusic: Hey! Want to listen to my cover of #Amazed by @lonestarband? Check out my @SoundCloud here: https://t.co/o4xHdIqs5t", "author_id": "2202417289"}, {"edit_history_tweet_ids": ["605551859831611393"], "id": "605551859831611393", "created_at": "2015-06-02T01:49:48.000Z", "text": "RT @NFLPARATODOS: - Tom, confundiste a Angus Young con Brian Johnson\n- Mala m\u00eda, no soy fan de AC/DC, yo prefiero One Direction\n- FIRED htt\u2026", "author_id": "309884854"}, {"edit_history_tweet_ids": ["605551857973329920"], "id": "605551857973329920", "created_at": "2015-06-02T01:49:48.000Z", "text": "The @SoxProspects Players of the Week are @PawSox LHP Brian Johnson &amp; @PortlandSeaDogs CF Blake Tekotte http://t.co/w5Jnj1jK9D", "author_id": "120900311"}, {"edit_history_tweet_ids": ["605551689060495360"], "id": "605551689060495360", "created_at": "2015-06-02T01:49:07.000Z", "text": "Brian Johnson Can\u00e2??t Recognize Himself | 975 BIG FM - Big Hits &amp; Real Classic Rock http://t.co/3Ettm48HC9", "author_id": "85022303"}, {"edit_history_tweet_ids": ["605551074397798403"], "id": "605551074397798403", "created_at": "2015-06-02T01:46:41.000Z", "text": "Hey! Want to listen to my cover of #Amazed by @lonestarband? Check out my @SoundCloud here: https://t.co/o4xHdIqs5t", "author_id": "81198727"}, {"edit_history_tweet_ids": ["605550980386668544"], "id": "605550980386668544", "created_at": "2015-06-02T01:46:18.000Z", "text": "RT @NFLPARATODOS: \"Estuvo bien la RED CARD a Lady Gago. Levant\u00f3 la pierna como Brian Johnson de AC/DC\" \n@Arroban_FWTV en http://t.co/QgmKV5\u2026", "author_id": "153108245"}, {"edit_history_tweet_ids": ["605550958916059136"], "id": "605550958916059136", "created_at": "2015-06-02T01:46:13.000Z", "text": "RT @NFLPARATODOS: \"Estuvo bien la RED CARD a Lady Gago. Levant\u00f3 la pierna como Brian Johnson de AC/DC\" \n@Arroban_FWTV en http://t.co/QgmKV5\u2026", "author_id": "1628161110"}, {"edit_history_tweet_ids": ["605550113596026880"], "id": "605550113596026880", "created_at": "2015-06-02T01:42:52.000Z", "text": "RT @NFLPARATODOS: - Tom, confundiste a Angus Young con Brian Johnson\n- Mala m\u00eda, no soy fan de AC/DC, yo prefiero One Direction\n- FIRED htt\u2026", "author_id": "172608260"}, {"edit_history_tweet_ids": ["605549397171142656"], "id": "605549397171142656", "created_at": "2015-06-02T01:40:01.000Z", "text": "RT @NFLPARATODOS: - Tom, confundiste a Angus Young con Brian Johnson\n- Mala m\u00eda, no soy fan de AC/DC, yo prefiero One Direction\n- FIRED htt\u2026", "author_id": "226023707"}, {"edit_history_tweet_ids": ["605548689688555520"], "id": "605548689688555520", "created_at": "2015-06-02T01:37:12.000Z", "text": "RT @NFLPARATODOS: - Tom, confundiste a Angus Young con Brian Johnson\n- Mala m\u00eda, no soy fan de AC/DC, yo prefiero One Direction\n- FIRED htt\u2026", "author_id": "1273744532"}, {"edit_history_tweet_ids": ["605548601893351424"], "id": "605548601893351424", "created_at": "2015-06-02T01:36:51.000Z", "text": "RT @NFLPARATODOS: - Tom, confundiste a Angus Young con Brian Johnson\n- Mala m\u00eda, no soy fan de AC/DC, yo prefiero One Direction\n- FIRED htt\u2026", "author_id": "2873700407"}, {"edit_history_tweet_ids": ["605547823166312448"], "id": "605547823166312448", "created_at": "2015-06-02T01:33:46.000Z", "text": "RT @NFLPARATODOS: - Tom, confundiste a Angus Young con Brian Johnson\n- Mala m\u00eda, no soy fan de AC/DC, yo prefiero One Direction\n- FIRED htt\u2026", "author_id": "141079781"}, {"edit_history_tweet_ids": ["605547743973666816"], "id": "605547743973666816", "created_at": "2015-06-02T01:33:27.000Z", "text": "RT @NFLPARATODOS: - Tom, confundiste a Angus Young con Brian Johnson\n- Mala m\u00eda, no soy fan de AC/DC, yo prefiero One Direction\n- FIRED htt\u2026", "author_id": "574026846"}, {"edit_history_tweet_ids": ["605547517812588545"], "id": "605547517812588545", "created_at": "2015-06-02T01:32:33.000Z", "text": "RT @NFLPARATODOS: - Tom, confundiste a Angus Young con Brian Johnson\n- Mala m\u00eda, no soy fan de AC/DC, yo prefiero One Direction\n- FIRED htt\u2026", "author_id": "152473326"}], "meta": {"newest_id": "605814914435850240", "oldest_id": "605547517812588545", "result_count": 96, "next_token": "1jzu9lk96gu5npw2cd9zp4iwpk5gi3gioaa3to8yuu0t"}}