{"data": [{"edit_history_tweet_ids": ["604443506887622657"], "created_at": "2015-05-30T00:25:36.000Z", "text": "Eighteen up, 18 down with nine strikeouts for Brian Johnson at McCoy Stadium. He's thrown 74 pitches through six innings.", "author_id": "35828189", "id": "604443506887622657"}, {"edit_history_tweet_ids": ["604443268584247296"], "created_at": "2015-05-30T00:24:39.000Z", "text": "AC/DC's Brian Johnson Will Appear on Jim Breuer's Album http://t.co/P6nDOLQxCR via @rollingstone", "author_id": "45868897", "id": "604443268584247296"}, {"edit_history_tweet_ids": ["604443123188674560"], "created_at": "2015-05-30T00:24:05.000Z", "text": "RT @PawSox: Another impressive 1-2-3 inning for Brian Johnson with 2 SO (7 in game) as he's fired 5 hitless innings and #PawSox up on Louis\u2026", "author_id": "130466839", "id": "604443123188674560"}, {"edit_history_tweet_ids": ["604442939750793216"], "created_at": "2015-05-30T00:23:21.000Z", "text": "Cultura El Mundo: M\u00daSICA|Concierto - Impulsada por la guitarra de Angus Young y la voz de Brian Johnson, la primer... http://t.co/Tc22PFeJQO", "author_id": "1891342356", "id": "604442939750793216"}, {"edit_history_tweet_ids": ["604441984485441536"], "created_at": "2015-05-30T00:19:33.000Z", "text": "RT @PawSox: Another impressive 1-2-3 inning for Brian Johnson with 2 SO (7 in game) as he's fired 5 hitless innings and #PawSox up on Louis\u2026", "author_id": "605830298", "id": "604441984485441536"}, {"edit_history_tweet_ids": ["604441857377103872"], "created_at": "2015-05-30T00:19:03.000Z", "text": "pgammo: RT PawSox: Another impressive 1-2-3 inning for Brian Johnson with 2 SO (7 in game) as he's fired 5 hitless innings and #PawSox up o\u2026", "author_id": "570213392", "id": "604441857377103872"}, {"edit_history_tweet_ids": ["604441794504470529"], "created_at": "2015-05-30T00:18:48.000Z", "text": "RT @PawSox: Another impressive 1-2-3 inning for Brian Johnson with 2 SO (7 in game) as he's fired 5 hitless innings and #PawSox up on Louis\u2026", "author_id": "23501022", "id": "604441794504470529"}, {"edit_history_tweet_ids": ["604441108920311808"], "created_at": "2015-05-30T00:16:04.000Z", "text": "RT @PawSox: Another impressive 1-2-3 inning for Brian Johnson with 2 SO (7 in game) as he's fired 5 hitless innings and #PawSox up on Louis\u2026", "author_id": "278116885", "id": "604441108920311808"}, {"edit_history_tweet_ids": ["604441021347471361"], "created_at": "2015-05-30T00:15:44.000Z", "text": "RT @PawSox: Another impressive 1-2-3 inning for Brian Johnson with 2 SO (7 in game) as he's fired 5 hitless innings and #PawSox up on Louis\u2026", "author_id": "2912703682", "id": "604441021347471361"}, {"edit_history_tweet_ids": ["604440773107556352"], "created_at": "2015-05-30T00:14:44.000Z", "text": "RT @Loudwire: AC/DC\u2019s Brian Johnson Collaborates With Comedian @JimBreuer: http://t.co/M2GAMYy15a http://t.co/Nq5InkWl0Q", "author_id": "289951362", "id": "604440773107556352"}, {"edit_history_tweet_ids": ["604440669994807298"], "created_at": "2015-05-30T00:14:20.000Z", "text": "Don't wanna jinx it but thru 5 inning Pawsox pitcher Brian Johnson has a No-No. #PawSox #NoJinx", "author_id": "1677277153", "id": "604440669994807298"}, {"edit_history_tweet_ids": ["604440669315174400"], "created_at": "2015-05-30T00:14:20.000Z", "text": "RT @brianmacp: Fifteen up, 15 down with seven strikeouts for Pawtucket's Brian Johnson so far tonight.", "author_id": "387368708", "id": "604440669315174400"}, {"edit_history_tweet_ids": ["604440499420852224"], "created_at": "2015-05-30T00:13:39.000Z", "text": "Pawtucket's Brian Johnson is perfect through 5 with 7 K's. Pawtucket 1-0 over the Bats B5.", "author_id": "341750783", "id": "604440499420852224"}, {"edit_history_tweet_ids": ["604440481406324736"], "created_at": "2015-05-30T00:13:35.000Z", "text": "Another impressive 1-2-3 inning for Brian Johnson with 2 SO (7 in game) as he's fired 5 hitless innings and #PawSox up on Louisville 1-0 B5", "author_id": "22685294", "id": "604440481406324736"}, {"edit_history_tweet_ids": ["604440450095804416"], "created_at": "2015-05-30T00:13:27.000Z", "text": "RT @brianmacp: Fifteen up, 15 down with seven strikeouts for Pawtucket's Brian Johnson so far tonight.", "author_id": "2897809235", "id": "604440450095804416"}, {"edit_history_tweet_ids": ["604440339030622208"], "created_at": "2015-05-30T00:13:01.000Z", "text": "RT @brianmacp: Fifteen up, 15 down with seven strikeouts for Pawtucket's Brian Johnson so far tonight.", "author_id": "346325298", "id": "604440339030622208"}, {"edit_history_tweet_ids": ["604440246160203776"], "created_at": "2015-05-30T00:12:39.000Z", "text": "RT @brianmacp: Fifteen up, 15 down with seven strikeouts for Pawtucket's Brian Johnson so far tonight.", "author_id": "476092141", "id": "604440246160203776"}, {"edit_history_tweet_ids": ["604440203344764928"], "created_at": "2015-05-30T00:12:29.000Z", "text": "RT @brianmacp: Fifteen up, 15 down with seven strikeouts for Pawtucket's Brian Johnson so far tonight.", "author_id": "265419674", "id": "604440203344764928"}, {"edit_history_tweet_ids": ["604440167844188160"], "created_at": "2015-05-30T00:12:20.000Z", "text": "Fifteen up, 15 down with seven strikeouts for Pawtucket's Brian Johnson so far tonight.", "author_id": "35828189", "id": "604440167844188160"}, {"edit_history_tweet_ids": ["604439082383626240"], "created_at": "2015-05-30T00:08:01.000Z", "text": "RT @Cati_Cultura: Angus Young i Brian Johnson en plena forma a l'Estadi Ol\u00edmpic. Concert AC/DC. http://t.co/tvxbISiUhk", "author_id": "318355616", "id": "604439082383626240"}, {"edit_history_tweet_ids": ["604438894319398912"], "created_at": "2015-05-30T00:07:16.000Z", "text": "RT @Loudwire: AC/DC\u2019s Brian Johnson Collaborates With Comedian @JimBreuer: http://t.co/M2GAMYy15a http://t.co/Nq5InkWl0Q", "author_id": "1067750552", "id": "604438894319398912"}, {"edit_history_tweet_ids": ["604438277068845057"], "created_at": "2015-05-30T00:04:49.000Z", "text": "RT @PawSox: #PawSox lefty Brian Johnson is dealing through 4 hitless innings with 5 SO on only 53 pitches. Sox lead Louisville 1-0 going to\u2026", "author_id": "567498934", "id": "604438277068845057"}, {"edit_history_tweet_ids": ["604438240263815168"], "created_at": "2015-05-30T00:04:41.000Z", "text": "Brian Johnson 2night 4 ip 0h 0r 0bb 5k. Be aware there is a lot of talent down there", "author_id": "1403852060", "id": "604438240263815168"}, {"edit_history_tweet_ids": ["604438134236041216"], "created_at": "2015-05-30T00:04:15.000Z", "text": "RT @PawSox: #PawSox lefty Brian Johnson is dealing through 4 hitless innings with 5 SO on only 53 pitches. Sox lead Louisville 1-0 going to\u2026", "author_id": "1265786004", "id": "604438134236041216"}, {"edit_history_tweet_ids": ["604438084944568320"], "created_at": "2015-05-30T00:04:04.000Z", "text": "TMS 827:  @scottjohnson and Brian take the Utah state driving exam, and hilarity ensued. Don't miss it.\n #ROFL\nhttp://t.co/12CGuFsTdI", "author_id": "301805330", "id": "604438084944568320"}, {"edit_history_tweet_ids": ["604437398324453376"], "created_at": "2015-05-30T00:01:20.000Z", "text": "#PawSox lefty Brian Johnson is dealing through 4 hitless innings with 5 SO on only 53 pitches. Sox lead Louisville 1-0 going to bottom 4th", "author_id": "22685294", "id": "604437398324453376"}, {"edit_history_tweet_ids": ["604437211681943553"], "created_at": "2015-05-30T00:00:35.000Z", "text": "RT @historyofsound: Brian Johnson and Angus Young on stage. http://t.co/WqSlSc4TSJ", "author_id": "169468756", "id": "604437211681943553"}, {"edit_history_tweet_ids": ["604437111454851072"], "created_at": "2015-05-30T00:00:11.000Z", "text": "AC/DC\u2019s Brian Johnson Collaborates With Comedian @JimBreuer: http://t.co/M2GAMYy15a http://t.co/Nq5InkWl0Q", "author_id": "234878051", "id": "604437111454851072"}, {"edit_history_tweet_ids": ["604435529988489217"], "created_at": "2015-05-29T23:53:54.000Z", "text": "Que voz gloriosa tiene Brian Johnson por favvvor", "author_id": "623214652", "id": "604435529988489217"}, {"edit_history_tweet_ids": ["604433784264523777"], "created_at": "2015-05-29T23:46:58.000Z", "text": "RT @brianmacp: Nine up, nine down for Brian Johnson at McCoy Stadium, including four strikeouts and a spectacular barehanded play on a bunt.", "author_id": "304810788", "id": "604433784264523777"}, {"edit_history_tweet_ids": ["604433502189309952"], "created_at": "2015-05-29T23:45:51.000Z", "text": "RT @brianmacp: Nine up, nine down for Brian Johnson at McCoy Stadium, including four strikeouts and a spectacular barehanded play on a bunt.", "author_id": "605830298", "id": "604433502189309952"}, {"edit_history_tweet_ids": ["604433194872647681"], "created_at": "2015-05-29T23:44:38.000Z", "text": "RT @brianmacp: Nine up, nine down for Brian Johnson at McCoy Stadium, including four strikeouts and a spectacular barehanded play on a bunt.", "author_id": "1265786004", "id": "604433194872647681"}, {"edit_history_tweet_ids": ["604433171510370306"], "created_at": "2015-05-29T23:44:32.000Z", "text": "En santamarina allboys, Brian Johnson de acdc es el dt de qui\u00e9n ?", "author_id": "194241001", "id": "604433171510370306"}, {"edit_history_tweet_ids": ["604432969814568960"], "created_at": "2015-05-29T23:43:44.000Z", "text": "Nine up, nine down for Brian Johnson at McCoy Stadium, including four strikeouts and a spectacular barehanded play on a bunt.", "author_id": "35828189", "id": "604432969814568960"}, {"edit_history_tweet_ids": ["604432465722089472"], "created_at": "2015-05-29T23:41:44.000Z", "text": "Seas of Crimson by Bethel Music &amp; Brian Johnson \u2014 https://t.co/7LpahNWZW6", "author_id": "187830045", "id": "604432465722089472"}, {"edit_history_tweet_ids": ["604431442777497601"], "created_at": "2015-05-29T23:37:40.000Z", "text": "Congrats to freshmen Josh Johnson &amp; Brian Gaffney (and \"The Knights\") who won their game tonight 12-4! #toughcompetitorswin", "author_id": "3225162305", "id": "604431442777497601"}, {"edit_history_tweet_ids": ["604423903876915200"], "created_at": "2015-05-29T23:07:42.000Z", "text": "Goofing off while testing the stereo system in my new truck! Brian Johnson eat your heart out! Lol :P\u2026 https://t.co/j29OlR0FO6", "author_id": "635590550", "id": "604423903876915200"}, {"edit_history_tweet_ids": ["604423576981237760"], "created_at": "2015-05-29T23:06:25.000Z", "text": "El Mundo - Portada - Impulsada por la guitarra el\u00e9ctrica de Angus Young y la voz de Brian Johnson, la primera de l... http://t.co/yQPcoixuH3", "author_id": "1225727760", "id": "604423576981237760"}, {"edit_history_tweet_ids": ["604419763322953730"], "created_at": "2015-05-29T22:51:15.000Z", "text": "#NowPlaying Shine / We Wait (feat. Brian Johnson) - Dave Fitzgerald on http://t.co/wp4kWncZ3k #ChroniclesChristianRadio #ccradio", "author_id": "271213010", "id": "604419763322953730"}, {"edit_history_tweet_ids": ["604418563944890368"], "created_at": "2015-05-29T22:46:29.000Z", "text": "La exclusiva colecci\u00f3n de coches de Brian Johnson, cantante de AC/DC http://t.co/tLL729xkDJ", "author_id": "321884774", "id": "604418563944890368"}, {"edit_history_tweet_ids": ["604416013023612928"], "created_at": "2015-05-29T22:36:21.000Z", "text": "#NowPlaying on @irevivalradio: Forgiven (feat. Brian Johnson) by Bethel Live", "author_id": "3000543883", "id": "604416013023612928"}, {"edit_history_tweet_ids": ["604415165862416384"], "created_at": "2015-05-29T22:32:59.000Z", "text": "RT @Cati_Cultura: Angus Young i Brian Johnson en plena forma a l'Estadi Ol\u00edmpic. Concert AC/DC. http://t.co/tvxbISiUhk", "author_id": "17024363", "id": "604415165862416384"}, {"edit_history_tweet_ids": ["604413667929673728"], "created_at": "2015-05-29T22:27:02.000Z", "text": "RT @FrasesDRockstar: Brian Johnson &amp; Angus Young #ACDC 2015 http://t.co/P4PN6B8Af7", "author_id": "541535799", "id": "604413667929673728"}, {"edit_history_tweet_ids": ["604413132061155328"], "created_at": "2015-05-29T22:24:54.000Z", "text": "RT @Cati_Cultura: Angus Young i Brian Johnson en plena forma a l'Estadi Ol\u00edmpic. Concert AC/DC. http://t.co/tvxbISiUhk", "author_id": "1863656971", "id": "604413132061155328"}, {"edit_history_tweet_ids": ["604404758602899456"], "created_at": "2015-05-29T21:51:38.000Z", "text": "RT @DrBrianJohnson1: TUNE IN TONIGHT TUSKGEE UNIVERSITY @NBCNightlyNews: @TuskegeeUniv Our annual commencement roundup airs tonight... http\u2026", "author_id": "2190790484", "id": "604404758602899456"}, {"edit_history_tweet_ids": ["604404322848391169"], "created_at": "2015-05-29T21:49:54.000Z", "text": "TUNE IN TONIGHT TUSKGEE UNIVERSITY @NBCNightlyNews: @TuskegeeUniv Our annual commencement roundup airs tonight... http://t.co/gQf4GsxJiS", "author_id": "485329252", "id": "604404322848391169"}, {"edit_history_tweet_ids": ["604399719293444098"], "created_at": "2015-05-29T21:31:36.000Z", "text": "LOUDWIRE: AC/DC's Brian Johnson to Appear on Comedian Jim Breuer's Album http://t.co/gFeu191ILD http://t.co/GZxC6tL2s8", "author_id": "2275955754", "id": "604399719293444098"}, {"edit_history_tweet_ids": ["604399668643155968"], "created_at": "2015-05-29T21:31:24.000Z", "text": "RT @Cati_Cultura: Angus Young i Brian Johnson en plena forma a l'Estadi Ol\u00edmpic. Concert AC/DC. http://t.co/tvxbISiUhk", "author_id": "548253432", "id": "604399668643155968"}, {"edit_history_tweet_ids": ["604399179629092864"], "created_at": "2015-05-29T21:29:28.000Z", "text": "RT @Cati_Cultura: Angus Young i Brian Johnson en plena forma a l'Estadi Ol\u00edmpic. Concert AC/DC. http://t.co/tvxbISiUhk", "author_id": "146467408", "id": "604399179629092864"}, {"edit_history_tweet_ids": ["604398656725323776"], "created_at": "2015-05-29T21:27:23.000Z", "text": "RT @Cati_Cultura: Angus Young i Brian Johnson en plena forma a l'Estadi Ol\u00edmpic. Concert AC/DC. http://t.co/tvxbISiUhk", "author_id": "210101608", "id": "604398656725323776"}, {"edit_history_tweet_ids": ["604394442645098496"], "created_at": "2015-05-29T21:10:38.000Z", "text": "RT @DrBrianJohnson1: \"President Johnson,\nI have to say I am so thrilled with all you are doing with my beloved Tuskegee. The common... http\u2026", "author_id": "2190790484", "id": "604394442645098496"}, {"edit_history_tweet_ids": ["604393890565726208"], "created_at": "2015-05-29T21:08:27.000Z", "text": "RT @Cati_Cultura: Angus Young i Brian Johnson en plena forma a l'Estadi Ol\u00edmpic. Concert AC/DC. http://t.co/tvxbISiUhk", "author_id": "1035828115", "id": "604393890565726208"}, {"edit_history_tweet_ids": ["604390802157096960"], "created_at": "2015-05-29T20:56:10.000Z", "text": "AC/DC's Brian Johnson does a guest vocal on comedian Jim Breuer's upcoming rock album, coming in January.", "author_id": "467547282", "id": "604390802157096960"}, {"edit_history_tweet_ids": ["604390710511562752"], "created_at": "2015-05-29T20:55:49.000Z", "text": "RT @Cati_Cultura: Angus Young i Brian Johnson en plena forma a l'Estadi Ol\u00edmpic. Concert AC/DC. http://t.co/tvxbISiUhk", "author_id": "262606630", "id": "604390710511562752"}, {"edit_history_tweet_ids": ["604389974423769088"], "created_at": "2015-05-29T20:52:53.000Z", "text": "RT @_Brian_Johnson: Lead the Field by Earl Nightingale: https://t.co/zfjOlQpxgI", "author_id": "2263569582", "id": "604389974423769088"}, {"edit_history_tweet_ids": ["604389359392014336"], "created_at": "2015-05-29T20:50:26.000Z", "text": "\"President Johnson,\nI have to say I am so thrilled with all you are doing with my beloved Tuskegee. The common... http://t.co/xXoB49crS8", "author_id": "485329252", "id": "604389359392014336"}, {"edit_history_tweet_ids": ["604388989672497152"], "created_at": "2015-05-29T20:48:58.000Z", "text": "RT @Cati_Cultura: Angus Young i Brian Johnson en plena forma a l'Estadi Ol\u00edmpic. Concert AC/DC. http://t.co/tvxbISiUhk", "author_id": "278029943", "id": "604388989672497152"}, {"edit_history_tweet_ids": ["604387739010752512"], "created_at": "2015-05-29T20:44:00.000Z", "text": "Congrats to James Johnson on his purchase of this 2013 Kia Optima sold by Ray Bryant  and Brian Jamison. Thanks... http://t.co/7wADAt8eeI", "author_id": "2752167752", "id": "604387739010752512"}, {"edit_history_tweet_ids": ["604387348114104321"], "created_at": "2015-05-29T20:42:27.000Z", "text": "Fair winds and following seas to IT1 Brian Johnson, who retired earlier this month. Congrats and best of luck http://t.co/MQwTcgqirX", "author_id": "1640963209", "id": "604387348114104321"}, {"edit_history_tweet_ids": ["604386673846292482"], "created_at": "2015-05-29T20:39:46.000Z", "text": "Angus Young i Brian Johnson en plena forma a l'Estadi Ol\u00edmpic. Concert AC/DC. http://t.co/tvxbISiUhk", "author_id": "543319730", "id": "604386673846292482"}, {"edit_history_tweet_ids": ["604384276231028736"], "created_at": "2015-05-29T20:30:15.000Z", "text": "RT @metalinjection: Brian Johnson-Impersonator Jim Breuer Gets AC/DC Frontman To Guest On Upcoming Rock Album http://t.co/9OkmfSNXRS http:/\u2026", "author_id": "2296772575", "id": "604384276231028736"}, {"edit_history_tweet_ids": ["604384083645452288"], "created_at": "2015-05-29T20:29:29.000Z", "text": "Check out clips of Brian Johnson singing before he was in @acdc.\n- @MrBrianWest \nhttps://t.co/y5l2cxuqVw", "author_id": "23974167", "id": "604384083645452288"}, {"edit_history_tweet_ids": ["604383906943619073"], "created_at": "2015-05-29T20:28:46.000Z", "text": "RT @4Grequest: @Y108Rocks Brian Johnson?", "author_id": "23974167", "id": "604383906943619073"}, {"edit_history_tweet_ids": ["604383105772830720"], "created_at": "2015-05-29T20:25:35.000Z", "text": "@Y108Rocks Brian Johnson?", "author_id": "2464575085", "id": "604383105772830720"}, {"edit_history_tweet_ids": ["604383042744909824"], "created_at": "2015-05-29T20:25:20.000Z", "text": "RT @Pre_OrderCo: http://t.co/Mgm9jnlo7T FUNKO Pop Breakfast Club Brian Johnson Pop! PRE ORDER http://t.co/SBrSi2WsKN", "author_id": "3226279981", "id": "604383042744909824"}, {"edit_history_tweet_ids": ["604382673323343872"], "created_at": "2015-05-29T20:23:52.000Z", "text": "http://t.co/p4ATwxfb07 FUNKO Pop Breakfast Club Brian Johnson Pop! PRE ORDER http://t.co/qri9TpFcAZ", "author_id": "2931311375", "id": "604382673323343872"}, {"edit_history_tweet_ids": ["604381008981409793"], "created_at": "2015-05-29T20:17:16.000Z", "text": "#NowPlaying on @irevivalradio: I Will Bless Your Name (Live) by Brian and Jenn Johnson", "author_id": "3000543883", "id": "604381008981409793"}, {"edit_history_tweet_ids": ["604380691481104385"], "created_at": "2015-05-29T20:16:00.000Z", "text": "RT @motorpuntoes: La exclusiva colecci\u00f3n de coches de Brian Johnson, cantante de AC/DC http://t.co/N7NtxkrTeX #ACDCBARCELONA http://t.co/Lt\u2026", "author_id": "405891192", "id": "604380691481104385"}, {"edit_history_tweet_ids": ["604380636846100480"], "created_at": "2015-05-29T20:15:47.000Z", "text": "@_Brian_Johnson  Thanks for the great message... We try to live it @veryhappyliving  https://t.co/833ALGB8Vi", "author_id": "62828411", "id": "604380636846100480"}, {"edit_history_tweet_ids": ["604380636443365377"], "created_at": "2015-05-29T20:15:47.000Z", "text": "\u041c\u043d\u0435 \u043f\u043e\u043d\u0440\u0430\u0432\u0438\u043b\u043e\u0441\u044c \u0432\u0438\u0434\u0435\u043e \"Anything Like It Yet (Spontaneous Worship) - Brian &amp; Jenn Johnson\" (http://t.co/JihllAGPXp)", "author_id": "291329483", "id": "604380636443365377"}, {"edit_history_tweet_ids": ["604379930223337472"], "created_at": "2015-05-29T20:12:58.000Z", "text": "Brian Johnson nombrame aunque sea", "author_id": "414168721", "id": "604379930223337472"}, {"edit_history_tweet_ids": ["604379537514745856"], "created_at": "2015-05-29T20:11:25.000Z", "text": "RT @KellyRonYoung: Meditations by Marcus Aurelius #BigIdeas brought you by @_Brian_Johnson Great advise  http://t.co/xBCDgHbcMl", "author_id": "17856793", "id": "604379537514745856"}, {"edit_history_tweet_ids": ["604376565561049088"], "created_at": "2015-05-29T19:59:36.000Z", "text": "RT @ForACDCfans: Angus Young and Brian Johnson #ACDC #angusyoung #brianjohnson #rocknroll http://t.co/STMR50IbDT", "author_id": "3302171092", "id": "604376565561049088"}, {"edit_history_tweet_ids": ["604374290826403840"], "created_at": "2015-05-29T19:50:34.000Z", "text": "AC/DC's Brian Johnson Will Appear on Jim Breuer's Album http://t.co/ATtWTCo5qN", "author_id": "192492287", "id": "604374290826403840"}, {"edit_history_tweet_ids": ["604373771462410241"], "created_at": "2015-05-29T19:48:30.000Z", "text": "RT @KBDalton10: My friend ran into Brian Johnson and his family at the zoo today and sent me this pic to make me jealous! It worked. http:/\u2026", "author_id": "244268899", "id": "604373771462410241"}, {"edit_history_tweet_ids": ["604373466901446656"], "created_at": "2015-05-29T19:47:17.000Z", "text": "RT @KBDalton10: My friend ran into Brian Johnson and his family at the zoo today and sent me this pic to make me jealous! It worked. http:/\u2026", "author_id": "2761522002", "id": "604373466901446656"}, {"edit_history_tweet_ids": ["604370115203715074"], "created_at": "2015-05-29T19:33:58.000Z", "text": "RT @_Brian_Johnson: Lead the Field by Earl Nightingale: https://t.co/zfjOlQpxgI", "author_id": "127648035", "id": "604370115203715074"}, {"edit_history_tweet_ids": ["604365617123217408"], "created_at": "2015-05-29T19:16:06.000Z", "text": "@Brian_BlackASS @jayyy_johnson", "author_id": "2199474741", "id": "604365617123217408"}, {"edit_history_tweet_ids": ["604365606666686464"], "created_at": "2015-05-29T19:16:03.000Z", "text": "WATCH: The 3 Ways We Handle Pressure http://t.co/Ddm9b4edhX #femsupport #fit #yoga #diet #health", "author_id": "2556461798", "id": "604365606666686464"}, {"edit_history_tweet_ids": ["604365310028845056"], "created_at": "2015-05-29T19:14:53.000Z", "text": "Brian Johnson To Guest On Comedian's Metal Album #ACDC #JimBreuer http://t.co/f5J86rzGaR http://t.co/TiOMxxQS0G", "author_id": "22035313", "id": "604365310028845056"}, {"edit_history_tweet_ids": ["604365138280476673"], "created_at": "2015-05-29T19:14:12.000Z", "text": "RT @Agustin_ca: @AntonioMLG89 Bueno, Brian Johnson mantiene el nivel pese a la edad. PS tiene un registro de voz m\u00e1s amplio, ha tenido que \u2026", "author_id": "269985656", "id": "604365138280476673"}, {"edit_history_tweet_ids": ["604364957807964161"], "created_at": "2015-05-29T19:13:29.000Z", "text": "@AntonioMLG89 Bueno, Brian Johnson mantiene el nivel pese a la edad. PS tiene un registro de voz m\u00e1s amplio, ha tenido que forzar m\u00e1s.", "author_id": "389490257", "id": "604364957807964161"}, {"edit_history_tweet_ids": ["604364802719277056"], "created_at": "2015-05-29T19:12:52.000Z", "text": "My friend ran into Brian Johnson and his family at the zoo today and sent me this pic to make me jealous! It worked. http://t.co/NzBKsAB1pp", "author_id": "1185185731", "id": "604364802719277056"}, {"edit_history_tweet_ids": ["604363332984967168"], "created_at": "2015-05-29T19:07:01.000Z", "text": "@Rodry_MS para que cuando salten a alguien como tu le pisen y te hagan un da\u00f1o que sueltes unos agudos mejores que Brian Johnson.", "author_id": "435024841", "id": "604363332984967168"}, {"edit_history_tweet_ids": ["604362807065366528"], "created_at": "2015-05-29T19:04:56.000Z", "text": "RT @metalinjection: Brian Johnson-Impersonator Jim Breuer Gets AC/DC Frontman To Guest On Upcoming Rock Album http://t.co/9OkmfSNXRS http:/\u2026", "author_id": "174182583", "id": "604362807065366528"}, {"edit_history_tweet_ids": ["604362734566817792"], "created_at": "2015-05-29T19:04:39.000Z", "text": "RT @Loudwire: AC/DC\u2019s Brian Johnson to Appear on Comedian @JimBreuer\u2019s Album: http://t.co/M2GAMYy15a http://t.co/ar3KGP4ns8", "author_id": "174182583", "id": "604362734566817792"}, {"edit_history_tweet_ids": ["604359991177289728"], "created_at": "2015-05-29T18:53:45.000Z", "text": "Meditations by Marcus Aurelius #BigIdeas brought you by @_Brian_Johnson Great advise  http://t.co/xBCDgHbcMl", "author_id": "3053311544", "id": "604359991177289728"}, {"edit_history_tweet_ids": ["604359256939347968"], "created_at": "2015-05-29T18:50:49.000Z", "text": "AC/DC Brian Johnson To Appear On @JimBreuer's New #Album hennemusic http://t.co/Pc78kx3w8A", "author_id": "580226008", "id": "604359256939347968"}, {"edit_history_tweet_ids": ["604356369546784770"], "created_at": "2015-05-29T18:39:21.000Z", "text": "RT @Toppel: Check out Brian Johnson as part of our senior spotlight of Spring 2015! http://t.co/JvvShovP4y #HireACane #kindofabigdeal", "author_id": "1928841116", "id": "604356369546784770"}, {"edit_history_tweet_ids": ["604355371696799744"], "created_at": "2015-05-29T18:35:23.000Z", "text": "http://t.co/Dg6LHz2Jxw", "author_id": "2796634901", "id": "604355371696799744"}, {"edit_history_tweet_ids": ["604351016318930944"], "created_at": "2015-05-29T18:18:05.000Z", "text": "RT @PawSox: Brian Johnson on the bump tonight against the Louisville Bats! First pitch at McCoy is at 7:05pm.\u2026 https://t.co/KngVZtLVgd", "author_id": "308892843", "id": "604351016318930944"}, {"edit_history_tweet_ids": ["604344340891193346"], "created_at": "2015-05-29T17:51:33.000Z", "text": "AC/DC's Brian Johnson to Appear on Comedian Jim Breuer's Album http://t.co/qL4l1IHaa3", "author_id": "196299220", "id": "604344340891193346"}, {"edit_history_tweet_ids": ["604342877330771968"], "created_at": "2015-05-29T17:45:44.000Z", "text": "AC/DC's Brian Johnson Will Appear on Jim Breuer's Album. http://t.co/y2MoE9KBhk", "author_id": "22782914", "id": "604342877330771968"}, {"edit_history_tweet_ids": ["604340335880335362"], "created_at": "2015-05-29T17:35:38.000Z", "text": "Check out the Japan top chart: AC/DC's Brian Johnson to Appear on Comedian Jim Breuer's Album http://t.co/05ak7zYzU7", "author_id": "2150088685", "id": "604340335880335362"}, {"edit_history_tweet_ids": ["604339676955037696"], "created_at": "2015-05-29T17:33:01.000Z", "text": "@_Brian_Johnson Having trouble viewing OL101 original classes.. Videos are coming up as private. I am logged in. Thanks for the help! :)", "author_id": "516340250", "id": "604339676955037696"}, {"edit_history_tweet_ids": ["604334693463494656"], "created_at": "2015-05-29T17:13:13.000Z", "text": "RT @motorpuntoes: La exclusiva colecci\u00f3n de coches de Brian Johnson, cantante de AC/DC http://t.co/N7NtxkrTeX #ACDCBARCELONA http://t.co/Lt\u2026", "author_id": "165412650", "id": "604334693463494656"}, {"edit_history_tweet_ids": ["604333658338516992"], "created_at": "2015-05-29T17:09:06.000Z", "text": "Brian Johnson-Impersonator Jim Breuer Gets AC/DC Frontman To Guest On Upcoming Rock Album http://t.co/lNpd0ADxpp", "author_id": "11453112", "id": "604333658338516992"}, {"edit_history_tweet_ids": ["604333161036783617"], "created_at": "2015-05-29T17:07:08.000Z", "text": "@FelskeFiles and fine, I'll take Hamels, but you get Brian Johnson, not Henry Owens. Cecchini, sure. Margot, why not. I'll throw in Devers 2", "author_id": "466179914", "id": "604333161036783617"}, {"edit_history_tweet_ids": ["604331745194856449"], "created_at": "2015-05-29T17:01:30.000Z", "text": "@ChrisToTheW At this point I'd take Eduardo, Owens and Brian Johnson from AAA over any of the Sox starters.", "author_id": "2646523519", "id": "604331745194856449"}], "meta": {"newest_id": "604443506887622657", "oldest_id": "604331745194856449", "result_count": 99, "next_token": "1jzu9lk96gu5npw2cd9kf8tngyh10vzx4v30r9nhwznh"}}