{"data": [{"author_id": "54696532", "edit_history_tweet_ids": ["607005640633008128"], "created_at": "2015-06-06T02:06:37.000Z", "text": "@Barksdale666 bon scott o brian johnson?", "id": "607005640633008128"}, {"author_id": "20216865", "edit_history_tweet_ids": ["607004978796969984"], "created_at": "2015-06-06T02:03:59.000Z", "text": "The Brian Johnson Daily is out! http://t.co/DuqIBEz3Ca Stories via @Calrootsfest", "id": "607004978796969984"}, {"author_id": "631168936", "edit_history_tweet_ids": ["607001595927269376"], "created_at": "2015-06-06T01:50:32.000Z", "text": "Brian McKinney, Damion Berry, Lee Biden, D Reed Vernon Goldston...who are these people? Larry Johnson????", "id": "607001595927269376"}, {"author_id": "239519044", "edit_history_tweet_ids": ["607001288912605184"], "created_at": "2015-06-06T01:49:19.000Z", "text": "Damian Adams vs Brian Johnson ended in a No Contest after outside interference by Justin Pusser, Jasmine, Jersey Devil and Deonna Purrazzo.", "id": "607001288912605184"}, {"author_id": "2896417697", "edit_history_tweet_ids": ["606991872767062016"], "created_at": "2015-06-06T01:11:54.000Z", "text": "RT @myetvmedia: Brian Johnson #TorontoFilmCriticsAssoc in conversation with #RobertoBenigni &amp; #NicolettaBraschi #ABeautifulLife @TIFF_NET @\u2026", "id": "606991872767062016"}, {"author_id": "908636137", "edit_history_tweet_ids": ["606991374227881984"], "created_at": "2015-06-06T01:09:55.000Z", "text": "RT @myetvmedia: Brian Johnson #TorontoFilmCriticsAssoc in conversation with #RobertoBenigni &amp; #NicolettaBraschi #ABeautifulLife @TIFF_NET @\u2026", "id": "606991374227881984"}, {"author_id": "46940686", "edit_history_tweet_ids": ["606986236084035584"], "created_at": "2015-06-06T00:49:30.000Z", "text": "@toppscards #FreeCardFriday Brian Johnson of the redsox", "id": "606986236084035584"}, {"author_id": "876531985", "edit_history_tweet_ids": ["606981371651858432"], "created_at": "2015-06-06T00:30:10.000Z", "text": "Talent is Overrated http://t.co/aFensDfDUH #philosophersnotes via @_brian_johnson", "id": "606981371651858432"}, {"author_id": "555586210", "edit_history_tweet_ids": ["606968460946477056"], "created_at": "2015-06-05T23:38:52.000Z", "text": "*every girl crazy bout a sharp dressed man*\n\ndad's version:\n\n\"every girl crazy bout a Brian Johnson man\" \n\nthe man has jokes. \ud83d\ude02", "id": "606968460946477056"}, {"author_id": "68161665", "edit_history_tweet_ids": ["606966625007497216"], "created_at": "2015-06-05T23:31:34.000Z", "text": "Work harder ideas from Brian Johnson https://t.co/DUsSIpuYOy", "id": "606966625007497216"}, {"author_id": "182895073", "edit_history_tweet_ids": ["606961298530639872"], "created_at": "2015-06-05T23:10:25.000Z", "text": "Brian Johnson #TorontoFilmCriticsAssoc in conversation with #RobertoBenigni &amp; #NicolettaBraschi #ABeautifulLife @TIFF_NET @ICFFCanada", "id": "606961298530639872"}, {"author_id": "2556419958", "edit_history_tweet_ids": ["606956934638370816"], "created_at": "2015-06-05T22:53:04.000Z", "text": "WATCH: The 3 Ways We Handle Pressure http://t.co/bEu4qguIO6 #femsupport #fit #yoga #diet #health", "id": "606956934638370816"}, {"author_id": "17423532", "edit_history_tweet_ids": ["606951454465761282"], "created_at": "2015-06-05T22:31:18.000Z", "text": "RT @_Brian_Johnson What's your #1 nonnegotiable self-care habit? Here's a Big Idea from @michellesegar's No Sweat http://t.co/G7MFSolW2e", "id": "606951454465761282"}, {"author_id": "59763080", "edit_history_tweet_ids": ["606943561683206144"], "created_at": "2015-06-05T21:59:56.000Z", "text": "RT @carltonbooks: We are giving away a signed copy of Cars That Rock with Brian Johnson! Follow &amp; RT to enter #win http://t.co/6QDjOWnYSb", "id": "606943561683206144"}, {"author_id": "49333105", "edit_history_tweet_ids": ["606941159651475456"], "created_at": "2015-06-05T21:50:23.000Z", "text": "Ich wollte eigentlich noch mit Brian Johnson ein Bier trinken gehen..", "id": "606941159651475456"}, {"author_id": "414638797", "edit_history_tweet_ids": ["606940653059219456"], "created_at": "2015-06-05T21:48:22.000Z", "text": "@toppscards I think Brian Johnson has definitely earned it!! #FreeCardFriday", "id": "606940653059219456"}, {"author_id": "17688361", "edit_history_tweet_ids": ["606939101552640000"], "created_at": "2015-06-05T21:42:12.000Z", "text": "Robert Johnson tem uma hist\u00f3ria bacana. O Keith Richards conta que a primeira vez que ouviu (Brian Jones quem mostrou a ele) (+)", "id": "606939101552640000"}, {"author_id": "411993536", "edit_history_tweet_ids": ["606938321655353344"], "created_at": "2015-06-05T21:39:06.000Z", "text": "@toppscards #FreeCardFriday I'd like to see Brian Johnson or Henry Owens make their Pro Debut #RedSoxNation", "id": "606938321655353344"}, {"author_id": "2465357556", "edit_history_tweet_ids": ["606935538671611905"], "created_at": "2015-06-05T21:28:03.000Z", "text": "#Boston #RedSox Boston Red Sox RUMORS: Brian Johnson Next Prospect Coming After Success of Eduardo ...: Eduard... http://t.co/XwboF4SuZo", "id": "606935538671611905"}, {"author_id": "194075969", "edit_history_tweet_ids": ["606935092833972224"], "created_at": "2015-06-05T21:26:17.000Z", "text": "RT @_Brian_Johnson: http://t.co/3z4PyhZXyA", "id": "606935092833972224"}, {"author_id": "366985832", "edit_history_tweet_ids": ["606931561842274305"], "created_at": "2015-06-05T21:12:15.000Z", "text": "@Jay_21_Johnson @Mike_Williams3 I ain't even come off the bench for like 5 years, I was Brian Scalabrine \ud83d\ude05\ud83d\ude05", "id": "606931561842274305"}, {"author_id": "140151733", "edit_history_tweet_ids": ["606930875050283008"], "created_at": "2015-06-05T21:09:31.000Z", "text": "RT @_Brian_Johnson: http://t.co/3z4PyhZXyA", "id": "606930875050283008"}, {"author_id": "295778129", "edit_history_tweet_ids": ["606926593659936768"], "created_at": "2015-06-05T20:52:30.000Z", "text": "@toppscards  #FreeCardFriday  Brian Johnson #RedSoxNation", "id": "606926593659936768"}, {"author_id": "28316575", "edit_history_tweet_ids": ["606923849226178560"], "created_at": "2015-06-05T20:41:36.000Z", "text": "@MustardSeedUK loving that Brian Johnson asked this question.", "id": "606923849226178560"}, {"author_id": "3071468659", "edit_history_tweet_ids": ["606921869003005952"], "created_at": "2015-06-05T20:33:44.000Z", "text": "Holly Does Hollywood - Holly Johnson in the film Body Double by Brian De Palma 1984  https://t.co/0fnsgk9tQs", "id": "606921869003005952"}, {"author_id": "105622832", "edit_history_tweet_ids": ["606917767917232128"], "created_at": "2015-06-05T20:17:26.000Z", "text": "MSU QB coach Brian Johnson has a long standing relationship with the family. Can't see him giving up either way  https://t.co/J5kJKxPu0g", "id": "606917767917232128"}, {"author_id": "3044719125", "edit_history_tweet_ids": ["606915332863705088"], "created_at": "2015-06-05T20:07:45.000Z", "text": "Brian Stuart, Vol. 84 EIC, &amp; Merry Johnson, Vol. 85 Exec. Notes &amp; Comments Ed., were both recently published.\n\nhttp://t.co/XtOUVbMRsU", "id": "606915332863705088"}, {"author_id": "292094865", "edit_history_tweet_ids": ["606914000496885760"], "created_at": "2015-06-05T20:02:28.000Z", "text": "I liked a @YouTube video http://t.co/EWmagHEfuJ I want more your Presence + Spontaneous Worship Brian and Jenn Johnson", "id": "606914000496885760"}, {"author_id": "2184658339", "edit_history_tweet_ids": ["606909027851845632"], "created_at": "2015-06-05T19:42:42.000Z", "text": "El ser m\u00e1s extra\u00f1o es Brian Johnson sin su boina, no parece \u00e9l", "id": "606909027851845632"}, {"author_id": "58371235", "edit_history_tweet_ids": ["606908744061095936"], "created_at": "2015-06-05T19:41:35.000Z", "text": "I added a video to a @YouTube playlist http://t.co/hdVO0sLWz3 Anything Like It Yet (Spontaneous Worship) - Brian &amp; Jenn Johnson", "id": "606908744061095936"}, {"author_id": "33711357", "edit_history_tweet_ids": ["606899319296409600"], "created_at": "2015-06-05T19:04:08.000Z", "text": "@JimBreuer  More top 10 songs as Brian Johnson.  FIRE!!!! #wesaluteyou", "id": "606899319296409600"}, {"author_id": "24101531", "edit_history_tweet_ids": ["606884452548136960"], "created_at": "2015-06-05T18:05:03.000Z", "text": "Brian Johnson and Angus Young, AC/DC\nBallbreaker Tour 1995 \nPhotograph by Michael Halsband\nCopyright\u2026 https://t.co/W4RYjmStGr", "id": "606884452548136960"}, {"author_id": "17856793", "edit_history_tweet_ids": ["606880322790105088"], "created_at": "2015-06-05T17:48:38.000Z", "text": "RT @MichelleSegar: Just gave a webinar to health and wellness professionals and mentioned @_Brian_Johnson on non-negotiable self-care  http\u2026", "id": "606880322790105088"}, {"author_id": "21091643", "edit_history_tweet_ids": ["606871254138798080"], "created_at": "2015-06-05T17:12:36.000Z", "text": "Just gave a webinar to health and wellness professionals and mentioned @_Brian_Johnson on non-negotiable self-care  http://t.co/1DAj2C7h4D", "id": "606871254138798080"}, {"author_id": "3198585887", "edit_history_tweet_ids": ["606870496051798019"], "created_at": "2015-06-05T17:09:36.000Z", "text": "Talent is Overrated http://t.co/3mO9BCFrw0 #philosophersnotes via @_brian_johnson #hardwork #learningzone", "id": "606870496051798019"}, {"author_id": "221123365", "edit_history_tweet_ids": ["606859125025292288"], "created_at": "2015-06-05T16:24:24.000Z", "text": "Swing by our open house at 300 Deal Lake Dr on Sunday &amp; say hi to Brian J Johnson Realtor Associate. Just a few... http://t.co/VajcVw3lcp", "id": "606859125025292288"}, {"author_id": "49631183", "edit_history_tweet_ids": ["606859077239586817"], "created_at": "2015-06-05T16:24:13.000Z", "text": "RT @LucidPractice: \"Don't let anyone convince you to settle for less than full throttle vitality.\" ~Brian Johnson", "id": "606859077239586817"}, {"author_id": "136200271", "edit_history_tweet_ids": ["606857059569524736"], "created_at": "2015-06-05T16:16:12.000Z", "text": "@jratey @_Brian_Johnson very simply a return to nature. biggest lever I found is  focusing on cycles (as we used to live). go beyond linear", "id": "606857059569524736"}, {"author_id": "255600814", "edit_history_tweet_ids": ["606855950155321344"], "created_at": "2015-06-05T16:11:48.000Z", "text": "RT @jratey: RT @_Brian_Johnson: Here are 5 of my favorite Big Ideas from \"Go Wild\" by John Ratey @jratey and Richard Manning. https://t.co/\u2026", "id": "606855950155321344"}, {"author_id": "116451098", "edit_history_tweet_ids": ["606853897588752384"], "created_at": "2015-06-05T16:03:38.000Z", "text": "RT @carltonbooks: We are giving away a signed copy of Cars That Rock with Brian Johnson! Follow &amp; RT to enter #win http://t.co/6QDjOWnYSb", "id": "606853897588752384"}, {"author_id": "209102929", "edit_history_tweet_ids": ["606853120161947648"], "created_at": "2015-06-05T16:00:33.000Z", "text": "RT @carltonbooks: We are giving away a signed copy of Cars That Rock with Brian Johnson! Follow &amp; RT to enter #win http://t.co/6QDjOWnYSb", "id": "606853120161947648"}, {"author_id": "2534943072", "edit_history_tweet_ids": ["606853008257912833"], "created_at": "2015-06-05T16:00:06.000Z", "text": "RT @carltonbooks: We are giving away a signed copy of Cars That Rock with Brian Johnson! Follow &amp; RT to enter #win http://t.co/OUVRPbiuib", "id": "606853008257912833"}, {"author_id": "570178254", "edit_history_tweet_ids": ["606852565473628160"], "created_at": "2015-06-05T15:58:21.000Z", "text": "RT @carltonbooks: We are giving away a signed copy of Cars That Rock with Brian Johnson! Follow &amp; RT to enter #win http://t.co/6QDjOWnYSb", "id": "606852565473628160"}, {"author_id": "2405698317", "edit_history_tweet_ids": ["606852194718121986"], "created_at": "2015-06-05T15:56:52.000Z", "text": "RT @carltonbooks: We are giving away a signed copy of Cars That Rock with Brian Johnson! Follow &amp; RT to enter #win http://t.co/96APDzBbiB", "id": "606852194718121986"}, {"author_id": "2534943072", "edit_history_tweet_ids": ["606851911069913088"], "created_at": "2015-06-05T15:55:45.000Z", "text": "RT @carltonbooks: We are giving away a signed copy of Cars That Rock with Brian Johnson! Follow &amp; RT to enter #win http://t.co/OUVRPbiuib", "id": "606851911069913088"}, {"author_id": "108764853", "edit_history_tweet_ids": ["606851628621299712"], "created_at": "2015-06-05T15:54:37.000Z", "text": "RT @carltonbooks: We are giving away a signed copy of Cars That Rock with Brian Johnson! Follow &amp; RT to enter #win http://t.co/V7EjSh0Adw", "id": "606851628621299712"}, {"author_id": "533643767", "edit_history_tweet_ids": ["606851589043847169"], "created_at": "2015-06-05T15:54:28.000Z", "text": "RT @carltonbooks: We are giving away a signed copy of Cars That Rock with Brian Johnson! Follow &amp; RT to enter #win http://t.co/j2zNqtoNzH", "id": "606851589043847169"}, {"author_id": "2298452197", "edit_history_tweet_ids": ["606851378678530048"], "created_at": "2015-06-05T15:53:38.000Z", "text": "Presentation on creating the future by Intel futurist Brian David Johnson at @ASAEcenter Fellows retreat. @IntelFuturist @Chip_Deale_CAE", "id": "606851378678530048"}, {"author_id": "92235951", "edit_history_tweet_ids": ["606850914801090560"], "created_at": "2015-06-05T15:51:47.000Z", "text": "RT @carltonbooks: We are giving away a signed copy of Cars That Rock with Brian Johnson! Follow &amp; RT to enter #win http://t.co/FE8dMoqOET", "id": "606850914801090560"}, {"author_id": "2414886864", "edit_history_tweet_ids": ["606850686295392256"], "created_at": "2015-06-05T15:50:53.000Z", "text": "RT @carltonbooks: We are giving away a signed copy of Cars That Rock with Brian Johnson! Follow &amp; RT to enter #win http://t.co/3vsB7DLM6C", "id": "606850686295392256"}, {"author_id": "221463677", "edit_history_tweet_ids": ["606850246837182464"], "created_at": "2015-06-05T15:49:08.000Z", "text": "RT @carltonbooks: We are giving away a signed copy of Cars That Rock with Brian Johnson! Follow &amp; RT to enter #win http://t.co/RJEoseFzlw", "id": "606850246837182464"}, {"author_id": "42631532", "edit_history_tweet_ids": ["606850169460686849"], "created_at": "2015-06-05T15:48:49.000Z", "text": "RT @carltonbooks: We are giving away a signed copy of Cars That Rock with Brian Johnson! Follow &amp; RT to enter #win http://t.co/6QDjOWnYSb", "id": "606850169460686849"}, {"author_id": "468336766", "edit_history_tweet_ids": ["606849276287827968"], "created_at": "2015-06-05T15:45:16.000Z", "text": "RT @carltonbooks: We are giving away a signed copy of Cars That Rock with Brian Johnson! Follow &amp; RT to enter #win http://t.co/I2bIowEMDs", "id": "606849276287827968"}, {"author_id": "478810569", "edit_history_tweet_ids": ["606848995256889344"], "created_at": "2015-06-05T15:44:09.000Z", "text": "RT @carltonbooks: We are giving away a signed copy of Cars That Rock with Brian Johnson! Follow &amp; RT to enter #win http://t.co/6QDjOWnYSb", "id": "606848995256889344"}, {"author_id": "2367030221", "edit_history_tweet_ids": ["606847688198520832"], "created_at": "2015-06-05T15:38:58.000Z", "text": "RT @carltonbooks: We are giving away a signed copy of Cars That Rock with Brian Johnson! Follow &amp; RT to enter #win http://t.co/laxqdlf1Zy", "id": "606847688198520832"}, {"author_id": "1971017798", "edit_history_tweet_ids": ["606847596393598976"], "created_at": "2015-06-05T15:38:36.000Z", "text": "RT @carltonbooks: We are giving away a signed copy of Cars That Rock with Brian Johnson! Follow &amp; RT to enter #win http://t.co/6QDjOWnYSb", "id": "606847596393598976"}, {"author_id": "245088818", "edit_history_tweet_ids": ["606847250631917568"], "created_at": "2015-06-05T15:37:13.000Z", "text": "RT @carltonbooks: We are giving away a signed copy of Cars That Rock with Brian Johnson! Follow &amp; RT to enter #win http://t.co/6QDjOWnYSb", "id": "606847250631917568"}, {"author_id": "954414061", "edit_history_tweet_ids": ["606846184460840962"], "created_at": "2015-06-05T15:32:59.000Z", "text": "RT @carltonbooks: We are giving away a signed copy of Cars That Rock with Brian Johnson! Follow &amp; RT to enter #win http://t.co/cseBxcjTTx", "id": "606846184460840962"}, {"author_id": "2575090455", "edit_history_tweet_ids": ["606845639201333248"], "created_at": "2015-06-05T15:30:49.000Z", "text": "RT @carltonbooks: We are giving away a signed copy of Cars That Rock with Brian Johnson! Follow &amp; RT to enter #win http://t.co/903rEbLJ3I", "id": "606845639201333248"}, {"author_id": "321715990", "edit_history_tweet_ids": ["606845337559367682"], "created_at": "2015-06-05T15:29:37.000Z", "text": "@MACtheSPORK @WoodsRiley My meaningless QB ratings:  1) Mitchell 2) Smith 3)Grosscup 4)Likely Brian Johnson @TheMontyShow", "id": "606845337559367682"}, {"author_id": "58020881", "edit_history_tweet_ids": ["606845329791717376"], "created_at": "2015-06-05T15:29:35.000Z", "text": "RT @_Brian_Johnson: http://t.co/3z4PyhZXyA", "id": "606845329791717376"}, {"author_id": "108764853", "edit_history_tweet_ids": ["606845167065296897"], "created_at": "2015-06-05T15:28:57.000Z", "text": "RT @carltonbooks: We are giving away a signed copy of Cars That Rock with Brian Johnson! Follow &amp; RT to enter #win http://t.co/V7EjSh0Adw", "id": "606845167065296897"}, {"author_id": "20190571", "edit_history_tweet_ids": ["606844591598354433"], "created_at": "2015-06-05T15:26:39.000Z", "text": "RT @carltonbooks: We are giving away a signed copy of Cars That Rock with Brian Johnson! Follow &amp; RT to enter #win http://t.co/6QDjOWnYSb", "id": "606844591598354433"}, {"author_id": "355509893", "edit_history_tweet_ids": ["606844576440184833"], "created_at": "2015-06-05T15:26:36.000Z", "text": "RT @carltonbooks: We are giving away a signed copy of Cars That Rock with Brian Johnson! Follow &amp; RT to enter #win http://t.co/Gfsuj4Bzh6", "id": "606844576440184833"}, {"author_id": "2534943072", "edit_history_tweet_ids": ["606842726424952832"], "created_at": "2015-06-05T15:19:15.000Z", "text": "RT @carltonbooks: We are giving away a signed copy of Cars That Rock with Brian Johnson! Follow &amp; RT to enter #win http://t.co/OUVRPbiuib", "id": "606842726424952832"}, {"author_id": "213056655", "edit_history_tweet_ids": ["606842593134145537"], "created_at": "2015-06-05T15:18:43.000Z", "text": "RT @carltonbooks: We are giving away a signed copy of Cars That Rock with Brian Johnson! Follow &amp; RT to enter #win http://t.co/6QDjOWnYSb", "id": "606842593134145537"}, {"author_id": "2910872997", "edit_history_tweet_ids": ["606842258449698816"], "created_at": "2015-06-05T15:17:23.000Z", "text": "RT @carltonbooks: We are giving away a signed copy of Cars That Rock with Brian Johnson! Follow &amp; RT to enter #win http://t.co/6QDjOWnYSb", "id": "606842258449698816"}, {"author_id": "533643767", "edit_history_tweet_ids": ["606841772921245696"], "created_at": "2015-06-05T15:15:27.000Z", "text": "RT @carltonbooks: We are giving away a signed copy of Cars That Rock with Brian Johnson! Follow &amp; RT to enter #win http://t.co/j2zNqtoNzH", "id": "606841772921245696"}, {"author_id": "468336766", "edit_history_tweet_ids": ["606839826042765312"], "created_at": "2015-06-05T15:07:43.000Z", "text": "RT @carltonbooks: We are giving away a signed copy of Cars That Rock with Brian Johnson! Follow &amp; RT to enter #win http://t.co/I2bIowEMDs", "id": "606839826042765312"}, {"author_id": "356133573", "edit_history_tweet_ids": ["606836966311784449"], "created_at": "2015-06-05T14:56:21.000Z", "text": "RT @carltonbooks: We are giving away a signed copy of Cars That Rock with Brian Johnson! Follow &amp; RT to enter #win http://t.co/AMlgaGcV1A", "id": "606836966311784449"}, {"author_id": "17856793", "edit_history_tweet_ids": ["606834768030728194"], "created_at": "2015-06-05T14:47:37.000Z", "text": "RT @MSUGradWellness: \"What's your non-negotiable self-care habit?\" http://t.co/rd0EFzY2L2 h/t @MichelleSegar via @_Brian_Johnson #Health #W\u2026", "id": "606834768030728194"}, {"author_id": "1642519183", "edit_history_tweet_ids": ["606831650698326016"], "created_at": "2015-06-05T14:35:14.000Z", "text": "RT @carltonbooks: We are giving away a signed copy of Cars That Rock with Brian Johnson! Follow &amp; RT to enter #win http://t.co/6QDjOWnYSb", "id": "606831650698326016"}, {"author_id": "478624634", "edit_history_tweet_ids": ["606831604443447296"], "created_at": "2015-06-05T14:35:03.000Z", "text": "\"Don't let anyone convince you to settle for less than full throttle vitality.\" ~Brian Johnson", "id": "606831604443447296"}, {"author_id": "60627661", "edit_history_tweet_ids": ["606831560894087169"], "created_at": "2015-06-05T14:34:53.000Z", "text": "RT @carltonbooks: We are giving away a signed copy of Cars That Rock with Brian Johnson! Follow &amp; RT to enter #win http://t.co/XDOc9R3LgB", "id": "606831560894087169"}, {"author_id": "468336766", "edit_history_tweet_ids": ["606831266537832448"], "created_at": "2015-06-05T14:33:42.000Z", "text": "RT @carltonbooks: We are giving away a signed copy of Cars That Rock with Brian Johnson! Follow &amp; RT to enter #win http://t.co/I2bIowEMDs", "id": "606831266537832448"}, {"author_id": "30238800", "edit_history_tweet_ids": ["606830574121164800"], "created_at": "2015-06-05T14:30:57.000Z", "text": "RT @_Brian_Johnson: Here are 5 of my favorite Big Ideas from \"Go Wild\" by John Ratey @jratey and Richard Manning. https://t.co/wdRnWRGSbR", "id": "606830574121164800"}, {"author_id": "572621267", "edit_history_tweet_ids": ["606830247493967872"], "created_at": "2015-06-05T14:29:40.000Z", "text": "RT @carltonbooks: We are giving away a signed copy of Cars That Rock with Brian Johnson! Follow &amp; RT to enter #win http://t.co/6QDjOWnYSb", "id": "606830247493967872"}, {"author_id": "2915972517", "edit_history_tweet_ids": ["606830032204533760"], "created_at": "2015-06-05T14:28:48.000Z", "text": "RT @carltonbooks: We are giving away a signed copy of Cars That Rock with Brian Johnson! Follow &amp; RT to enter #win http://t.co/6QDjOWnYSb", "id": "606830032204533760"}, {"author_id": "468336766", "edit_history_tweet_ids": ["606828988208676864"], "created_at": "2015-06-05T14:24:39.000Z", "text": "RT @carltonbooks: We are giving away a signed copy of Cars That Rock with Brian Johnson! Follow &amp; RT to enter #win http://t.co/I2bIowEMDs", "id": "606828988208676864"}, {"author_id": "390940029", "edit_history_tweet_ids": ["606827983228305408"], "created_at": "2015-06-05T14:20:40.000Z", "text": "RT @carltonbooks: We are giving away a signed copy of Cars That Rock with Brian Johnson! Follow &amp; RT to enter #win", "id": "606827983228305408"}, {"author_id": "21843048", "edit_history_tweet_ids": ["606823541120458752"], "created_at": "2015-06-05T14:03:01.000Z", "text": "http://t.co/5MnzrbV1SC &gt;&gt; Brian Johnson era just around corner for Red Sox? http://t.co/0BmqLrnNlI", "id": "606823541120458752"}, {"author_id": "89588750", "edit_history_tweet_ids": ["606823408282640384"], "created_at": "2015-06-05T14:02:29.000Z", "text": "Brian Johnson era just around corner for Red Sox?: With Eduardo Rodriguez in the majors to stay, the Red Sox a... http://t.co/cViiHIij4P", "id": "606823408282640384"}, {"author_id": "954414061", "edit_history_tweet_ids": ["606822488820084737"], "created_at": "2015-06-05T13:58:50.000Z", "text": "RT @carltonbooks: We are giving away a signed copy of Cars That Rock with Brian Johnson! Follow &amp; RT to enter #win http://t.co/6QDjOWnYSb", "id": "606822488820084737"}, {"author_id": "268206612", "edit_history_tweet_ids": ["606822416053071872"], "created_at": "2015-06-05T13:58:32.000Z", "text": "RT @carltonbooks: We are giving away a signed copy of Cars That Rock with Brian Johnson! Follow &amp; RT to enter #win http://t.co/NnMzxyuruz", "id": "606822416053071872"}, {"author_id": "355509893", "edit_history_tweet_ids": ["606821477179080704"], "created_at": "2015-06-05T13:54:49.000Z", "text": "RT @carltonbooks: We are giving away a signed copy of Cars That Rock with Brian Johnson! Follow &amp; RT to enter #win http://t.co/Gfsuj4Bzh6", "id": "606821477179080704"}, {"author_id": "301647035", "edit_history_tweet_ids": ["606818769114144768"], "created_at": "2015-06-05T13:44:03.000Z", "text": "https://t.co/ShBS1OBPPh\nBrian Johnson's voice! \ud83d\ude0d\ud83d\udc4f", "id": "606818769114144768"}, {"author_id": "108764853", "edit_history_tweet_ids": ["606813931584253952"], "created_at": "2015-06-05T13:24:50.000Z", "text": "RT @carltonbooks: We are giving away a signed copy of Cars That Rock with Brian Johnson! Follow &amp; RT to enter #win http://t.co/6QDjOWnYSb", "id": "606813931584253952"}, {"author_id": "58271193", "edit_history_tweet_ids": ["606812888049827840"], "created_at": "2015-06-05T13:20:41.000Z", "text": "RT @carltonbooks: We are giving away a signed copy of Cars That Rock with Brian Johnson! Follow &amp; RT to enter #win http://t.co/KRmIHRhfPh", "id": "606812888049827840"}, {"author_id": "468336766", "edit_history_tweet_ids": ["606808976026701824"], "created_at": "2015-06-05T13:05:08.000Z", "text": "RT @carltonbooks: We are giving away a signed copy of Cars That Rock with Brian Johnson! Follow &amp; RT to enter #win http://t.co/I2bIowEMDs", "id": "606808976026701824"}, {"author_id": "2181851938", "edit_history_tweet_ids": ["606807921666719745"], "created_at": "2015-06-05T13:00:57.000Z", "text": "RT @carltonbooks: We are giving away a signed copy of Cars That Rock with Brian Johnson! Follow &amp; RT to enter #win http://t.co/6QDjOWnYSb", "id": "606807921666719745"}, {"author_id": "529624733", "edit_history_tweet_ids": ["606804944583278594"], "created_at": "2015-06-05T12:49:07.000Z", "text": "RT @carltonbooks: We are giving away a signed copy of Cars That Rock with Brian Johnson! Follow &amp; RT to enter #win http://t.co/evuhi75MXN", "id": "606804944583278594"}, {"author_id": "284708621", "edit_history_tweet_ids": ["606803935341514753"], "created_at": "2015-06-05T12:45:06.000Z", "text": "@JoeCatley_ they had a mad case about it in court because of the rights to them brian johnson hates spotify \ud83d\ude05", "id": "606803935341514753"}, {"author_id": "1534819884", "edit_history_tweet_ids": ["606802709526794240"], "created_at": "2015-06-05T12:40:14.000Z", "text": "RT @carltonbooks: We are giving away a signed copy of Cars That Rock with Brian Johnson! Follow &amp; RT to enter #win http://t.co/6QDjOWnYSb", "id": "606802709526794240"}, {"author_id": "468336766", "edit_history_tweet_ids": ["606802163982036992"], "created_at": "2015-06-05T12:38:04.000Z", "text": "RT @carltonbooks: We are giving away a signed copy of Cars That Rock with Brian Johnson! Follow &amp; RT to enter #win http://t.co/I2bIowEMDs", "id": "606802163982036992"}], "meta": {"newest_id": "607005640633008128", "oldest_id": "606802163982036992", "result_count": 94, "next_token": "1jzu9lk96gu5npw2cdaf13fwfzamhncnxy8b5f0nx2m5"}}