{"data": [{"edit_history_tweet_ids": ["606094945427062785"], "id": "606094945427062785", "created_at": "2015-06-03T13:47:50.000Z", "text": "RT @alexspeier: Brian Johnson's been scratched from his start for the PawSox, replaced by Miguel Celestino. Appears a callup for Johnson ma\u2026", "author_id": "3171662541"}, {"edit_history_tweet_ids": ["606094860018446336"], "id": "606094860018446336", "created_at": "2015-06-03T13:47:29.000Z", "text": "RT @alexspeier: Brian Johnson's been scratched from his start for the PawSox, replaced by Miguel Celestino. Appears a callup for Johnson ma\u2026", "author_id": "586901761"}, {"edit_history_tweet_ids": ["606094857896120320"], "id": "606094857896120320", "created_at": "2015-06-03T13:47:29.000Z", "text": "To be clear: Working on confirmation of Johnson callup. But as noted here, he's proven what he needs to in Pawtucket https://t.co/W3XMjLtxXi", "author_id": "45027357"}, {"edit_history_tweet_ids": ["606094836995891200"], "id": "606094836995891200", "created_at": "2015-06-03T13:47:24.000Z", "text": "RT @alexspeier: Brian Johnson's been scratched from his start for the PawSox, replaced by Miguel Celestino. Appears a callup for Johnson ma\u2026", "author_id": "1056182258"}, {"edit_history_tweet_ids": ["606094596104429568"], "id": "606094596104429568", "created_at": "2015-06-03T13:46:27.000Z", "text": "RT @alexspeier: Brian Johnson's been scratched from his start for the PawSox, replaced by Miguel Celestino. Appears a callup for Johnson ma\u2026", "author_id": "476092141"}, {"edit_history_tweet_ids": ["606094585324961792"], "id": "606094585324961792", "created_at": "2015-06-03T13:46:24.000Z", "text": "RT @alexspeier: Brian Johnson's been scratched from his start for the PawSox, replaced by Miguel Celestino. Appears a callup for Johnson ma\u2026", "author_id": "105902207"}, {"edit_history_tweet_ids": ["606094523333287937"], "id": "606094523333287937", "created_at": "2015-06-03T13:46:09.000Z", "text": "Brian Johnson scratched from start with PawSox, per @alexspeier. Possible call up to #RedSox coming?", "author_id": "182071511"}, {"edit_history_tweet_ids": ["606094521231933440"], "id": "606094521231933440", "created_at": "2015-06-03T13:46:09.000Z", "text": "RT @alexspeier: Brian Johnson's been scratched from his start for the PawSox, replaced by Miguel Celestino. Appears a callup for Johnson ma\u2026", "author_id": "3248877375"}, {"edit_history_tweet_ids": ["606094512482447360"], "id": "606094512482447360", "created_at": "2015-06-03T13:46:07.000Z", "text": "RT @alexspeier: Brian Johnson's been scratched from his start for the PawSox, replaced by Miguel Celestino. Appears a callup for Johnson ma\u2026", "author_id": "42454093"}, {"edit_history_tweet_ids": ["606094500960727041"], "id": "606094500960727041", "created_at": "2015-06-03T13:46:04.000Z", "text": "RT @BostonStrong_34: Brian Johnson scratched from his start in Pawtucket.", "author_id": "105902207"}, {"edit_history_tweet_ids": ["606094480702214144"], "id": "606094480702214144", "created_at": "2015-06-03T13:45:59.000Z", "text": "RT @alexspeier: Brian Johnson's been scratched from his start for the PawSox, replaced by Miguel Celestino. Appears a callup for Johnson ma\u2026", "author_id": "957882290"}, {"edit_history_tweet_ids": ["606094376289337344"], "id": "606094376289337344", "created_at": "2015-06-03T13:45:34.000Z", "text": "RT @alexspeier: Brian Johnson's been scratched from his start for the PawSox, replaced by Miguel Celestino. Appears a callup for Johnson ma\u2026", "author_id": "1729600020"}, {"edit_history_tweet_ids": ["606094347357044736"], "id": "606094347357044736", "created_at": "2015-06-03T13:45:27.000Z", "text": "RT @alexspeier: Brian Johnson's been scratched from his start for the PawSox, replaced by Miguel Celestino. Appears a callup for Johnson ma\u2026", "author_id": "27235711"}, {"edit_history_tweet_ids": ["606094346958442496"], "id": "606094346958442496", "created_at": "2015-06-03T13:45:27.000Z", "text": "Brian Johnson scratched from his start in Pawtucket.", "author_id": "2505074103"}, {"edit_history_tweet_ids": ["606094307410493440"], "id": "606094307410493440", "created_at": "2015-06-03T13:45:18.000Z", "text": "RT @alexspeier: Brian Johnson's been scratched from his start for the PawSox, replaced by Miguel Celestino. Appears a callup for Johnson ma\u2026", "author_id": "2300428572"}, {"edit_history_tweet_ids": ["606094274623623168"], "id": "606094274623623168", "created_at": "2015-06-03T13:45:10.000Z", "text": "RT @alexspeier: Brian Johnson's been scratched from his start for the PawSox, replaced by Miguel Celestino. Appears a callup for Johnson ma\u2026", "author_id": "202643200"}, {"edit_history_tweet_ids": ["606094258349735936"], "id": "606094258349735936", "created_at": "2015-06-03T13:45:06.000Z", "text": "RT @alexspeier: Brian Johnson's been scratched from his start for the PawSox, replaced by Miguel Celestino. Appears a callup for Johnson ma\u2026", "author_id": "40199432"}, {"edit_history_tweet_ids": ["606094210182324224"], "id": "606094210182324224", "created_at": "2015-06-03T13:44:55.000Z", "text": "RT @alexspeier: Brian Johnson's been scratched from his start for the PawSox, replaced by Miguel Celestino. Appears a callup for Johnson ma\u2026", "author_id": "772799935"}, {"edit_history_tweet_ids": ["606094191949692928"], "id": "606094191949692928", "created_at": "2015-06-03T13:44:50.000Z", "text": "RT @alexspeier: Brian Johnson's been scratched from his start for the PawSox, replaced by Miguel Celestino. Appears a callup for Johnson ma\u2026", "author_id": "37793684"}, {"edit_history_tweet_ids": ["606094173205360640"], "id": "606094173205360640", "created_at": "2015-06-03T13:44:46.000Z", "text": "RT @alexspeier: Brian Johnson's been scratched from his start for the PawSox, replaced by Miguel Celestino. Appears a callup for Johnson ma\u2026", "author_id": "164794746"}, {"edit_history_tweet_ids": ["606094151436922881"], "id": "606094151436922881", "created_at": "2015-06-03T13:44:41.000Z", "text": "RT @alexspeier: Brian Johnson's been scratched from his start for the PawSox, replaced by Miguel Celestino. Appears a callup for Johnson ma\u2026", "author_id": "60988662"}, {"edit_history_tweet_ids": ["606094070411362304"], "id": "606094070411362304", "created_at": "2015-06-03T13:44:21.000Z", "text": "RT @alexspeier: Brian Johnson's been scratched from his start for the PawSox, replaced by Miguel Celestino. Appears a callup for Johnson ma\u2026", "author_id": "35484262"}, {"edit_history_tweet_ids": ["606094068074946561"], "id": "606094068074946561", "created_at": "2015-06-03T13:44:21.000Z", "text": "RT @alexspeier: Brian Johnson's been scratched from his start for the PawSox, replaced by Miguel Celestino. Appears a callup for Johnson ma\u2026", "author_id": "386871180"}, {"edit_history_tweet_ids": ["606094049460822016"], "id": "606094049460822016", "created_at": "2015-06-03T13:44:16.000Z", "text": "RT @alexspeier: Brian Johnson's been scratched from his start for the PawSox, replaced by Miguel Celestino. Appears a callup for Johnson ma\u2026", "author_id": "35828189"}, {"edit_history_tweet_ids": ["606094019551182848"], "id": "606094019551182848", "created_at": "2015-06-03T13:44:09.000Z", "text": "Brian Johnson's been scratched from his start for the PawSox, replaced by Miguel Celestino. Appears a callup for Johnson may be imminent.", "author_id": "45027357"}, {"edit_history_tweet_ids": ["606093965654376448"], "id": "606093965654376448", "created_at": "2015-06-03T13:43:56.000Z", "text": "@brian_mcgill So? It's tough to beat a team with Stamkos and Johnson, but no one's complaining that's unfair. Your team is what it is.", "author_id": "14074661"}, {"edit_history_tweet_ids": ["606092397131497472"], "id": "606092397131497472", "created_at": "2015-06-03T13:37:42.000Z", "text": "@_Brian_Johnson Looking forward to #Meditation 101!", "author_id": "94449452"}, {"edit_history_tweet_ids": ["606089680392581120"], "id": "606089680392581120", "created_at": "2015-06-03T13:26:55.000Z", "text": "RT @_thedoels: Mereka beranggotakan Brian Johnson, Angus Young, Malcolm Young, Cliff Williams, Phil Rudd.. #TheDoelsInfo", "author_id": "293475982"}, {"edit_history_tweet_ids": ["606088613298860032"], "id": "606088613298860032", "created_at": "2015-06-03T13:22:40.000Z", "text": "Wednesday Red Sox Farm Report: Brian Johnson, Jantzen Witte among top players in May; Jackie Bradley Jr. has\u2026 http://t.co/4qAyYX56AR", "author_id": "74816508"}, {"edit_history_tweet_ids": ["606086461021134848"], "id": "606086461021134848", "created_at": "2015-06-03T13:14:07.000Z", "text": "RT @WEEI: Wednesday Red Sox Farm Report: Brian Johnson, Jantzen Witte among top players in May; Jackie Bradley Jr. has\u2026 http://t.co/hK0Xx1h\u2026", "author_id": "39363952"}, {"edit_history_tweet_ids": ["606086460995969024"], "id": "606086460995969024", "created_at": "2015-06-03T13:14:07.000Z", "text": "RT @WEEI: Wednesday Red Sox Farm Report: Brian Johnson, Jantzen Witte among top players in May; Jackie Bradley Jr. has\u2026 http://t.co/hK0Xx1h\u2026", "author_id": "98920388"}, {"edit_history_tweet_ids": ["606086416179658755"], "id": "606086416179658755", "created_at": "2015-06-03T13:13:56.000Z", "text": "Wednesday Red Sox Farm Report: Brian Johnson, Jantzen Witte among top players in May; Jackie Bradley Jr. has\u2026 http://t.co/hK0Xx1hfRI", "author_id": "17590505"}, {"edit_history_tweet_ids": ["606079714885668864"], "id": "606079714885668864", "created_at": "2015-06-03T12:47:19.000Z", "text": "RT @c_alan_johnson: \"Innovate now or be left behind\" says Nobel Laureate Brian Schmidt- http://t.co/mTWDAvaDWT", "author_id": "2934635665"}, {"edit_history_tweet_ids": ["606079318867996672"], "id": "606079318867996672", "created_at": "2015-06-03T12:45:44.000Z", "text": "Which era do you like better Bon Scott days or Brian Johnson era I like them both but the Bon Scott days are my fav https://t.co/rvNnKJEnbo", "author_id": "2858599450"}, {"edit_history_tweet_ids": ["606075685581422593"], "id": "606075685581422593", "created_at": "2015-06-03T12:31:18.000Z", "text": "Today's #MiLB notable SPs include:\n\nJose Berrios\nMatt Boyd\nBrian Johnson\nDaniel Norris\nKohl Stewart\nKevin Ziomek\nBrian Johnson", "author_id": "39322070"}, {"edit_history_tweet_ids": ["606073496125489152"], "id": "606073496125489152", "created_at": "2015-06-03T12:22:36.000Z", "text": "RT @justin_pusser: @OTWupdates remember when I beat Brian Johnson at the biggest Sole Survivor of all time? I do. So, if an Army can't stop\u2026", "author_id": "274163574"}, {"edit_history_tweet_ids": ["606071339649277952"], "id": "606071339649277952", "created_at": "2015-06-03T12:14:02.000Z", "text": "@RatGirrl cual eligirias? Bon scott o brian johnson?", "author_id": "571677506"}, {"edit_history_tweet_ids": ["606067157252849664"], "id": "606067157252849664", "created_at": "2015-06-03T11:57:25.000Z", "text": "RT @justin_pusser: @OTWupdates remember when I beat Brian Johnson at the biggest Sole Survivor of all time? I do. So, if an Army can't stop\u2026", "author_id": "191657698"}, {"edit_history_tweet_ids": ["606066983935852544"], "id": "606066983935852544", "created_at": "2015-06-03T11:56:43.000Z", "text": "@OTWupdates remember when I beat Brian Johnson at the biggest Sole Survivor of all time? I do. So, if an Army can't stop me, who can? #TryMe", "author_id": "1632950155"}, {"edit_history_tweet_ids": ["606064837374787585"], "id": "606064837374787585", "created_at": "2015-06-03T11:48:12.000Z", "text": "Think Tanks: Daina Middleton, Performics, Brian David Johnson, Intel &amp; M... https://t.co/6fKuFovRSU via @YouTube", "author_id": "19019427"}, {"edit_history_tweet_ids": ["606059897705373696"], "id": "606059897705373696", "created_at": "2015-06-03T11:28:34.000Z", "text": "Confidence 101 summary video by Brian Johnson. This guy is amazing. #OptimalLiving  http://t.co/MPHkBUM1QG", "author_id": "211011963"}, {"edit_history_tweet_ids": ["606042885260210176"], "id": "606042885260210176", "created_at": "2015-06-03T10:20:58.000Z", "text": "RT @teleoperador: El mejor del concierto de AC/DC fue el t\u00e9cnico de sonido, casi no se notaba ni el playback ni que Brian Johnson ya no lle\u2026", "author_id": "3079954051"}, {"edit_history_tweet_ids": ["606042244211220480"], "id": "606042244211220480", "created_at": "2015-06-03T10:18:25.000Z", "text": "Brian Johnson no me est\u00e1 haciendo efecto :(((", "author_id": "919952227"}, {"edit_history_tweet_ids": ["606042209926959105"], "id": "606042209926959105", "created_at": "2015-06-03T10:18:17.000Z", "text": "RT @_Brian_Johnson: http://t.co/srPnTYX0ug", "author_id": "2853340835"}, {"edit_history_tweet_ids": ["606038846908727296"], "id": "606038846908727296", "created_at": "2015-06-03T10:04:55.000Z", "text": "RT @_Brian_Johnson: Here are 5 of my favorite Big Ideas from \"Go Wild\" by John Ratey @jratey and Richard Manning. https://t.co/NdSV5Iebs2", "author_id": "3241837113"}, {"edit_history_tweet_ids": ["606029862499778560"], "id": "606029862499778560", "created_at": "2015-06-03T09:29:13.000Z", "text": "One Thing Remains by Bethel Music &amp; Brian Johnson \u2014 https://t.co/mAA0g3Sglx", "author_id": "69917150"}, {"edit_history_tweet_ids": ["606028912309747712"], "id": "606028912309747712", "created_at": "2015-06-03T09:25:26.000Z", "text": "RT @teleoperador: El mejor del concierto de AC/DC fue el t\u00e9cnico de sonido, casi no se notaba ni el playback ni que Brian Johnson ya no lle\u2026", "author_id": "326369454"}, {"edit_history_tweet_ids": ["606023659187236864"], "id": "606023659187236864", "created_at": "2015-06-03T09:04:34.000Z", "text": "RT @teleoperador: El mejor del concierto de AC/DC fue el t\u00e9cnico de sonido, casi no se notaba ni el playback ni que Brian Johnson ya no lle\u2026", "author_id": "50010892"}, {"edit_history_tweet_ids": ["606022652558491648"], "id": "606022652558491648", "created_at": "2015-06-03T09:00:34.000Z", "text": "RT @teleoperador: El mejor del concierto de AC/DC fue el t\u00e9cnico de sonido, casi no se notaba ni el playback ni que Brian Johnson ya no lle\u2026", "author_id": "72380398"}, {"edit_history_tweet_ids": ["606022416318517248"], "id": "606022416318517248", "created_at": "2015-06-03T08:59:38.000Z", "text": "El mejor del concierto de AC/DC fue el t\u00e9cnico de sonido, casi no se notaba ni el playback ni que Brian Johnson ya no llega a ninguna nota.", "author_id": "8517422"}, {"edit_history_tweet_ids": ["606015144099901440"], "id": "606015144099901440", "created_at": "2015-06-03T08:30:44.000Z", "text": "Mereka beranggotakan Brian Johnson, Angus Young, Malcolm Young, Cliff Williams, Phil Rudd.. #TheDoelsInfo", "author_id": "3168735229"}, {"edit_history_tweet_ids": ["606008225285218304"], "id": "606008225285218304", "created_at": "2015-06-03T08:03:14.000Z", "text": "Brian Johnson is getting me through revision\ud83d\udc4a\ud83c\udffc", "author_id": "1686579997"}, {"edit_history_tweet_ids": ["606001937469743104"], "id": "606001937469743104", "created_at": "2015-06-03T07:38:15.000Z", "text": "Penampilan super dari Angus Young ditambah suara emas nya Brian Johnson. Kakek kakek\u2026 \u266b Back In Black by AC/DC \u2014 https://t.co/vRGFbUj8Bk", "author_id": "1647548526"}, {"edit_history_tweet_ids": ["605997189022613504"], "id": "605997189022613504", "created_at": "2015-06-03T07:19:23.000Z", "text": "I'm listening to Forever by Bethel Music &amp; Brian Johnson. https://t.co/H7WZwLibUW", "author_id": "6890432"}, {"edit_history_tweet_ids": ["605997122886864897"], "id": "605997122886864897", "created_at": "2015-06-03T07:19:07.000Z", "text": "I'm listening to Love Came Down by Bethel Music &amp; Brian Johnson. https://t.co/H7WZwLibUW", "author_id": "6890432"}, {"edit_history_tweet_ids": ["605963133799309312"], "id": "605963133799309312", "created_at": "2015-06-03T05:04:04.000Z", "text": "RT @historyofsound: Brian Johnson and Angus Young on stage. http://t.co/WqSlSc4TSJ", "author_id": "2855946689"}, {"edit_history_tweet_ids": ["605947972568924160"], "id": "605947972568924160", "created_at": "2015-06-03T04:03:49.000Z", "text": "Rodney Vaughn Alvin Buchanan Geno Ford Gordon Hawkins Kevin Johnson Phillip Armstrong Brian Mcgrath Rodney Arnett... http://t.co/eFtvULAZRL", "author_id": "974399989"}, {"edit_history_tweet_ids": ["605947160371163136"], "id": "605947160371163136", "created_at": "2015-06-03T04:00:35.000Z", "text": "Kalley Heiligenthal and Brian Johnson - For the Cross https://t.co/oRgBRSlzuG via @YouTube", "author_id": "3245373141"}, {"edit_history_tweet_ids": ["605946680354013184"], "id": "605946680354013184", "created_at": "2015-06-03T03:58:41.000Z", "text": "RT @_Brian_Johnson: http://t.co/ivF81qFxyu", "author_id": "329558084"}, {"edit_history_tweet_ids": ["605930555008376833"], "id": "605930555008376833", "created_at": "2015-06-03T02:54:36.000Z", "text": "This might be super cool!  Brian Kurtz http://t.co/zgNZ5tQYQb", "author_id": "257442872"}, {"edit_history_tweet_ids": ["605927173292060673"], "id": "605927173292060673", "created_at": "2015-06-03T02:41:10.000Z", "text": "Paul Johnson DJ Funk DJ Sneak DJ Rush Waxmaster Hyperactive Jammin Gerald Brian Wilson George Clinton Lil Louis Ashley Beatto...", "author_id": "1096976922"}, {"edit_history_tweet_ids": ["605926184522612736"], "id": "605926184522612736", "created_at": "2015-06-03T02:37:14.000Z", "text": "OKC's Elliot Johnson pinch hitting after Brian Ward's two-out single.", "author_id": "54722908"}, {"edit_history_tweet_ids": ["605925400733052928"], "id": "605925400733052928", "created_at": "2015-06-03T02:34:07.000Z", "text": "\"Back in Black\" is a classic AC/DC song with Brian Johnson on vocals. Most of the lyrics were written by Bon Scott.\nhttps://t.co/iYlbg17ujg", "author_id": "2893396616"}, {"edit_history_tweet_ids": ["605919936121171968"], "id": "605919936121171968", "created_at": "2015-06-03T02:12:24.000Z", "text": "@timfranzen1 Any comment on Chris Beckam's show today?  http://t.co/A5V2m1wE9x  Luv to see your input. #KendrickJohnson", "author_id": "2322817512"}, {"edit_history_tweet_ids": ["605917857197596674"], "id": "605917857197596674", "created_at": "2015-06-03T02:04:09.000Z", "text": "The Brian Johnson Daily is out! http://t.co/yWgqjOt63g", "author_id": "20216865"}, {"edit_history_tweet_ids": ["605915308948217856"], "id": "605915308948217856", "created_at": "2015-06-03T01:54:01.000Z", "text": "@alexspeier They should call up Brian Johnson and JBJ.", "author_id": "3218945732"}, {"edit_history_tweet_ids": ["605911819522146305"], "id": "605911819522146305", "created_at": "2015-06-03T01:40:09.000Z", "text": "RT @DTDMike: LU Cont: 7 Vic Coffey 8 Steve Paine 9 Ron Cartwright 10 Anthony Perrego 11 Brian Swarthout 12 Danny Johnson 13 Dale Welty 14 M\u2026", "author_id": "1631188478"}, {"edit_history_tweet_ids": ["605909599485489152"], "id": "605909599485489152", "created_at": "2015-06-03T01:31:20.000Z", "text": "RT @DTDMike: LU Cont: 7 Vic Coffey 8 Steve Paine 9 Ron Cartwright 10 Anthony Perrego 11 Brian Swarthout 12 Danny Johnson 13 Dale Welty 14 M\u2026", "author_id": "95238642"}, {"edit_history_tweet_ids": ["605908911070154752"], "id": "605908911070154752", "created_at": "2015-06-03T01:28:36.000Z", "text": "LU Cont: 7 Vic Coffey 8 Steve Paine 9 Ron Cartwright 10 Anthony Perrego 11 Brian Swarthout 12 Danny Johnson 13 Dale Welty 14 Mike Bills", "author_id": "81376214"}, {"edit_history_tweet_ids": ["605907191963344897"], "id": "605907191963344897", "created_at": "2015-06-03T01:21:46.000Z", "text": "@JimBreuer doing the top 5 on @HowardStern as Brian Johnson made me laugh a lot #fire", "author_id": "40582751"}, {"edit_history_tweet_ids": ["605905962021494784"], "id": "605905962021494784", "created_at": "2015-06-03T01:16:53.000Z", "text": "RT @_Brian_Johnson: Here are 5 of my favorite Big Ideas from The Paradox of Choice by Barry Schwartz https://t.co/oeMmZd6dle @BarrySch", "author_id": "2874315854"}, {"edit_history_tweet_ids": ["605897654887784449"], "id": "605897654887784449", "created_at": "2015-06-03T00:43:52.000Z", "text": "#NowPlaying on @irevivalradio: I Will Bless Your Name (Live) by Brian and Jenn Johnson", "author_id": "3000543883"}, {"edit_history_tweet_ids": ["605887446371336194"], "id": "605887446371336194", "created_at": "2015-06-03T00:03:18.000Z", "text": "Cars That Rock With Brian Johnson https://t.co/5jIz4gvuoE via @abcshop", "author_id": "619702161"}, {"edit_history_tweet_ids": ["605887296651419650"], "id": "605887296651419650", "created_at": "2015-06-03T00:02:43.000Z", "text": "RT @radiohavito: Es que se oyen los fuegos, la bater\u00eda, el p\u00fablico, se oye a Brian Johnson...", "author_id": "429786326"}, {"edit_history_tweet_ids": ["605885013695938561"], "id": "605885013695938561", "created_at": "2015-06-02T23:53:38.000Z", "text": "Now Playing On Radio Retro CORE - Geordie Featuring  Brian Johnson - Black Cat Woman http://t.co/qnWDXz6S1V", "author_id": "327908765"}, {"edit_history_tweet_ids": ["605874190185435136"], "id": "605874190185435136", "created_at": "2015-06-02T23:10:38.000Z", "text": "Does anyone out there know who won the Brian Johnson champagne moment at Headingley? @bbctms", "author_id": "50056573"}, {"edit_history_tweet_ids": ["605873140313374720"], "id": "605873140313374720", "created_at": "2015-06-02T23:06:27.000Z", "text": "The mindless conspiracy theorist do have real world effects.  #KendrickJohnson http://t.co/1IFoE57JNp", "author_id": "2322817512"}, {"edit_history_tweet_ids": ["605871597342236674"], "id": "605871597342236674", "created_at": "2015-06-02T23:00:20.000Z", "text": "Y bueno, que nos han colado demasiadas canciones nuevas, que alguna sonaba rara y que Brian Johnson as\u00ed, as\u00e1, PERO... http://t.co/pT6pXyjxFX", "author_id": "94306970"}, {"edit_history_tweet_ids": ["605863984768507907"], "id": "605863984768507907", "created_at": "2015-06-02T22:30:05.000Z", "text": "Red Sox 2012 draft review: Ben Cherington's first draft has been a successful one  | http://t.co/tNgWKK4MJh", "author_id": "244937083"}, {"edit_history_tweet_ids": ["605863870171783172"], "id": "605863870171783172", "created_at": "2015-06-02T22:29:37.000Z", "text": "@tdi1976 toda la raz\u00f3n, quien est\u00e1 a punto de cumplir los 70 es el se\u00f1or Brian Johnson #ACDCMadrid #RockOrBustWorldTour", "author_id": "318337101"}, {"edit_history_tweet_ids": ["605857410654208001"], "id": "605857410654208001", "created_at": "2015-06-02T22:03:57.000Z", "text": "Es que se oyen los fuegos, la bater\u00eda, el p\u00fablico, se oye a Brian Johnson...", "author_id": "1026064879"}, {"edit_history_tweet_ids": ["605851621948428288"], "id": "605851621948428288", "created_at": "2015-06-02T21:40:57.000Z", "text": "RT @crosaleny: Como mucha gente habla de AC DC, aqu\u00ed ten\u00e9is a su cantante Brian Johnson... como piloto en las 24h de Daytona!! https://t.co\u2026", "author_id": "238195819"}, {"edit_history_tweet_ids": ["605847322652635136"], "id": "605847322652635136", "created_at": "2015-06-02T21:23:52.000Z", "text": "@JohnnyBeGoooddd Brian Johnson, after he leaves millions of fans devastated. You can pass along my handmade card\ud83d\ude1d", "author_id": "2605709721"}, {"edit_history_tweet_ids": ["605846950143852544"], "id": "605846950143852544", "created_at": "2015-06-02T21:22:23.000Z", "text": "@_Brian_Johnson Thanks!! I'm feeling mega inspired by this challenge and finding new ways to love my life. :)", "author_id": "35922194"}, {"edit_history_tweet_ids": ["605846012263997440"], "id": "605846012263997440", "created_at": "2015-06-02T21:18:40.000Z", "text": "Simone Muzi and Karen Johnson with Dr Brian Weiss. Wonderful days!!!!!! http://t.co/majsdla8Ro", "author_id": "726853579"}, {"edit_history_tweet_ids": ["605845376638160897"], "id": "605845376638160897", "created_at": "2015-06-02T21:16:08.000Z", "text": "Simone Muzi and Karen Johnson with Dr Brian Weiss. Wonderful days!!!!!! http://t.co/XW9FG2tNqP", "author_id": "2232222488"}, {"edit_history_tweet_ids": ["605841081159188482"], "id": "605841081159188482", "created_at": "2015-06-02T20:59:04.000Z", "text": "RT @crosaleny: Como mucha gente habla de AC DC, aqu\u00ed ten\u00e9is a su cantante Brian Johnson... como piloto en las 24h de Daytona!! https://t.co\u2026", "author_id": "2303803201"}, {"edit_history_tweet_ids": ["605836005346664451"], "id": "605836005346664451", "created_at": "2015-06-02T20:38:54.000Z", "text": "Why is Brian Johnson looking into my bedroom and asking me if I want rhythm and blues. Why is this guy even in my fuckin house", "author_id": "148599134"}, {"edit_history_tweet_ids": ["605826912955400193"], "id": "605826912955400193", "created_at": "2015-06-02T20:02:46.000Z", "text": "RT @crosaleny: Como mucha gente habla de AC DC, aqu\u00ed ten\u00e9is a su cantante Brian Johnson... como piloto en las 24h de Daytona!! https://t.co\u2026", "author_id": "488853004"}, {"edit_history_tweet_ids": ["605824963497426946"], "id": "605824963497426946", "created_at": "2015-06-02T19:55:01.000Z", "text": "RT @crosaleny: Como mucha gente habla de AC DC, aqu\u00ed ten\u00e9is a su cantante Brian Johnson... como piloto en las 24h de Daytona!! https://t.co\u2026", "author_id": "1457608465"}, {"edit_history_tweet_ids": ["605821256718376960"], "id": "605821256718376960", "created_at": "2015-06-02T19:40:17.000Z", "text": "RT @crosaleny: Como mucha gente habla de AC DC, aqu\u00ed ten\u00e9is a su cantante Brian Johnson... como piloto en las 24h de Daytona!! https://t.co\u2026", "author_id": "636161871"}, {"edit_history_tweet_ids": ["605820976324968448"], "id": "605820976324968448", "created_at": "2015-06-02T19:39:11.000Z", "text": "RT @crosaleny: Como mucha gente habla de AC DC, aqu\u00ed ten\u00e9is a su cantante Brian Johnson... como piloto en las 24h de Daytona!! https://t.co\u2026", "author_id": "241058152"}, {"edit_history_tweet_ids": ["605819802137919489"], "id": "605819802137919489", "created_at": "2015-06-02T19:34:31.000Z", "text": "RT @crosaleny: Como mucha gente habla de AC DC, aqu\u00ed ten\u00e9is a su cantante Brian Johnson... como piloto en las 24h de Daytona!! https://t.co\u2026", "author_id": "210621539"}, {"edit_history_tweet_ids": ["605819748593471488"], "id": "605819748593471488", "created_at": "2015-06-02T19:34:18.000Z", "text": "RT @crosaleny: Como mucha gente habla de AC DC, aqu\u00ed ten\u00e9is a su cantante Brian Johnson... como piloto en las 24h de Daytona!! https://t.co\u2026", "author_id": "2160013463"}, {"edit_history_tweet_ids": ["605818732800114691"], "id": "605818732800114691", "created_at": "2015-06-02T19:30:16.000Z", "text": "RT @ValdostaToday: Beckham &gt; The Effect of the Johnson Controversy on Brian Bell | Valdosta Today http://t.co/LgUm3gI2XG", "author_id": "84494498"}, {"edit_history_tweet_ids": ["605816115130855425"], "id": "605816115130855425", "created_at": "2015-06-02T19:19:52.000Z", "text": "RT @crosaleny: Como mucha gente habla de AC DC, aqu\u00ed ten\u00e9is a su cantante Brian Johnson... como piloto en las 24h de Daytona!! https://t.co\u2026", "author_id": "2915153885"}, {"edit_history_tweet_ids": ["605816012307492864"], "id": "605816012307492864", "created_at": "2015-06-02T19:19:27.000Z", "text": "Me ha gustado un v\u00eddeo de @YouTube (http://t.co/Y5aWmIA8yy - AC/DC's Brian Johnson Daytona Rolex 24 hours w/Jim Pace. Riley BMW", "author_id": "35247441"}, {"edit_history_tweet_ids": ["605815820128641024"], "id": "605815820128641024", "created_at": "2015-06-02T19:18:41.000Z", "text": "RT @crosaleny: Como mucha gente habla de AC DC, aqu\u00ed ten\u00e9is a su cantante Brian Johnson... como piloto en las 24h de Daytona!! https://t.co\u2026", "author_id": "711073357"}], "meta": {"newest_id": "606094945427062785", "oldest_id": "605815820128641024", "result_count": 98, "next_token": "1jzu9lk96gu5npw2cd9zvhswepp4ks9mcwwcbmn7utml"}}