{"data": [{"created_at": "2018-06-07T23:59:17.000Z", "id": "1004875476391743490", "author_id": "104745790", "text": "RT @lazosepulveda: Te quiero preguntar qu\u00e9 te dicen estos nombres nestora Salgado, Napole\u00f3n G\u00f3mez Urrutia Manuel barllet Jos\u00e9  Luis Abarca\u2026", "edit_history_tweet_ids": ["1004875476391743490"]}, {"created_at": "2018-06-07T23:55:01.000Z", "id": "1004874400468881409", "author_id": "40459831", "text": "Los esgrimistas Gerber Morales, Francisco Yanes, Jos\u00e9 \u00c1lvarez, Luis y Jos\u00e9 L\u00f3pez, Kevin Sierra, Silvia Herrera, Diana Huertas, Krestel Fratz y Ana L\u00f3pez se alistan para competir en el Campeonato Panamericano Senior, en La Habana, Cuba entre el 15 y 20 de junio.. https://t.co/LFlKS80n6Y", "edit_history_tweet_ids": ["1004874400468881409"]}, {"created_at": "2018-06-07T23:27:48.000Z", "id": "1004867550323380225", "author_id": "180562133", "text": "Mira Gabriela Monroy Lopez y Jose Luis Olvera Aguilar https://t.co/lsAD5pKfeH", "edit_history_tweet_ids": ["1004867550323380225"]}, {"created_at": "2018-06-07T23:15:00.000Z", "id": "1004864329567625216", "author_id": "54761166", "text": "Entrevista Jos\u00e9 Luis L\u00f3pez \u2013 CEO de https://t.co/NXHErF5BCF https://t.co/HbZqlfaCZ6 #WorkChainCenters #JoseLuisLopez #WeWork #Knotel #Blockchain #IoT #IA #FinTech #PropTech https://t.co/lVBy25OpkC", "edit_history_tweet_ids": ["1004864329567625216"]}, {"created_at": "2018-06-07T23:00:16.000Z", "id": "1004860622192947200", "author_id": "2194140621", "text": "Jos\u00e9 Luis L\u00f3pez  Corella 2014-12-17 #CDMX  Inf fb Jade Lopez https://t.co/9J6SPqCnwu", "edit_history_tweet_ids": ["1004860622192947200"]}, {"created_at": "2018-06-07T22:58:06.000Z", "id": "1004860078531506176", "author_id": "2771104492", "text": "RT @hcalcena1: @nestornunezpy @oscar_marandu @KieseCarlos @CamiloSoaresM @GeraldoRezende3 @CarlosGomezPy @jm_delpuerto Existe una denuncia\u2026", "edit_history_tweet_ids": ["1004860078531506176"]}, {"created_at": "2018-06-07T22:50:22.000Z", "id": "1004858131787247616", "author_id": "908300794763587584", "text": "RT @estadisticascai: \ud83d\uddd3#UnDiaComoHoy de 1999 #Independiente golea a @BocaJrsOficial por 4-0 en la Doble Visera con un triplete de Jos\u00e9 Luis\u2026", "edit_history_tweet_ids": ["1004858131787247616"]}, {"created_at": "2018-06-07T22:45:01.000Z", "id": "1004856785596018688", "author_id": "4684442264", "text": "RT @BatCreators: Best of The Brave and the Bold (1988) - Covers by Jos\u00e9 Luis Garc\u00eda-L\u00f3pez https://t.co/NCYJoqQzWx", "edit_history_tweet_ids": ["1004856785596018688"]}, {"created_at": "2018-06-07T22:30:29.000Z", "id": "1004853125898031105", "author_id": "2153882078", "text": "VIERNES SIN CLASES EN EL COLEGIO PREUNIVERSITARIO\nLa direcci\u00f3n del Colegio Preuniversitario \u201cGral. San Mart\u00edn\u201d lamenta informar el deceso del docente, Jos\u00e9 Luis L\u00f3pez, acaecido en la tarde de hoy. Por ello, este viernes, 08/06 no habr\u00e1 actividad escolar en ninguno de los turnos. https://t.co/RASyhNKKVe", "edit_history_tweet_ids": ["1004853125898031105"]}, {"created_at": "2018-06-07T22:29:39.000Z", "id": "1004852919198408704", "author_id": "3163035336", "text": "!El @ChavodiazDT ya no tiene plantel corto\ud83d\ude09son 27 jugadores al momento en total. Claro algunos ser\u00e1n bajados a la sub 20. Los que podr\u00e1n jugar en la sub ser\u00edan Giles Barnes, Juan Jos\u00e9 Calero, Cristian Torres, Jorge Duran, Luis Franco, y creo que Leonel L\u00f3pez;SI\ud83d\ude43 https://t.co/omOZuJ2o11", "edit_history_tweet_ids": ["1004852919198408704"]}, {"created_at": "2018-06-07T22:14:02.000Z", "id": "1004848987252383744", "author_id": "1625872430", "text": "RT @BatCreators: Best of The Brave and the Bold (1988) - Covers by Jos\u00e9 Luis Garc\u00eda-L\u00f3pez https://t.co/NCYJoqQzWx", "edit_history_tweet_ids": ["1004848987252383744"]}, {"created_at": "2018-06-07T22:08:56.000Z", "id": "1004847704307101697", "author_id": "717976927", "text": "RT @hcalcena1: @nestornunezpy @oscar_marandu @KieseCarlos @CamiloSoaresM @GeraldoRezende3 @CarlosGomezPy @jm_delpuerto Existe una denuncia\u2026", "edit_history_tweet_ids": ["1004847704307101697"]}, {"created_at": "2018-06-07T21:47:51.000Z", "id": "1004842399884107782", "author_id": "987656131", "text": "RT @CincyRedsBball: Hot take of the future Reds \n\nLF Taylor Trammell \nCF Jose Siri \nRF Jesse Winker \n\n1B Joey Votto \n2B Nick Senzel \nSS Jon\u2026", "edit_history_tweet_ids": ["1004842399884107782"]}, {"created_at": "2018-06-07T21:06:38.000Z", "id": "1004832027043090433", "author_id": "871048039938613249", "text": "@nestornunezpy @oscar_marandu @KieseCarlos @CamiloSoaresM @GeraldoRezende3 @CarlosGomezPy @jm_delpuerto Existe una denuncia en la Fiscal\u00eda Penal: causa N\u00b0 6558/17 Desacato de Ley 4711/12 C/ IPS, en el cual soy v\u00edctima por parte de los administradores de turno actual, donde soy v\u00edctima en dicha causa; Benigno L\u00f3pez, Jorge Britez, Jos\u00e9 Jara, Crisotomo Torales y Luis Fleitas Bogar\u00edn", "edit_history_tweet_ids": ["1004832027043090433"]}, {"created_at": "2018-06-07T21:06:16.000Z", "id": "1004831932528676869", "author_id": "377162188", "text": "RT @WKAQ580: Hoy en #WKAQDigital , Jose Angel Lopez Martinez - Comunicador  y Ada Alvarez Conde tendr\u00e1n invitados de lujo.\n\u00a1Tremendo esc\u00e1nd\u2026", "edit_history_tweet_ids": ["1004831932528676869"]}, {"created_at": "2018-06-07T21:05:20.000Z", "id": "1004831698356506625", "author_id": "356963281", "text": "Hoy en #WKAQDigital , Jose Angel Lopez Martinez - Comunicador  y Ada Alvarez Conde tendr\u00e1n invitados de lujo.\n\u00a1Tremendo esc\u00e1ndalo!  El representante Ramon Luis Cruz Burgos  acusa al presidente de la Junta de... https://t.co/3Lo1KrUAx8", "edit_history_tweet_ids": ["1004831698356506625"]}, {"created_at": "2018-06-07T20:54:46.000Z", "id": "1004829040602157056", "author_id": "342134654", "text": "RT @BatCreators: Best of The Brave and the Bold (1988) - Covers by Jos\u00e9 Luis Garc\u00eda-L\u00f3pez https://t.co/NCYJoqQzWx", "edit_history_tweet_ids": ["1004829040602157056"]}, {"created_at": "2018-06-07T20:53:16.000Z", "id": "1004828659985911811", "author_id": "37529237", "text": "RT @BatCreators: Best of The Brave and the Bold (1988) - Covers by Jos\u00e9 Luis Garc\u00eda-L\u00f3pez https://t.co/NCYJoqQzWx", "edit_history_tweet_ids": ["1004828659985911811"]}, {"created_at": "2018-06-07T20:43:53.000Z", "id": "1004826300035584003", "author_id": "440066523", "text": "RT @BatCreators: Best of The Brave and the Bold (1988) - Covers by Jos\u00e9 Luis Garc\u00eda-L\u00f3pez https://t.co/NCYJoqQzWx", "edit_history_tweet_ids": ["1004826300035584003"]}, {"created_at": "2018-06-07T20:41:05.000Z", "id": "1004825597749682177", "author_id": "889048640", "text": "RT @BatCreators: Best of The Brave and the Bold (1988) - Covers by Jos\u00e9 Luis Garc\u00eda-L\u00f3pez https://t.co/NCYJoqQzWx", "edit_history_tweet_ids": ["1004825597749682177"]}, {"created_at": "2018-06-07T20:36:46.000Z", "id": "1004824508983848960", "author_id": "54449164", "text": "RT @BatCreators: Best of The Brave and the Bold (1988) - Covers by Jos\u00e9 Luis Garc\u00eda-L\u00f3pez https://t.co/NCYJoqQzWx", "edit_history_tweet_ids": ["1004824508983848960"]}, {"created_at": "2018-06-07T20:35:38.000Z", "id": "1004824225172029441", "author_id": "1446659371", "text": "RT @BatCreators: Best of The Brave and the Bold (1988) - Covers by Jos\u00e9 Luis Garc\u00eda-L\u00f3pez https://t.co/NCYJoqQzWx", "edit_history_tweet_ids": ["1004824225172029441"]}, {"created_at": "2018-06-07T20:32:29.000Z", "id": "1004823433283284992", "author_id": "264256925", "text": "RT @BatCreators: Best of The Brave and the Bold (1988) - Covers by Jos\u00e9 Luis Garc\u00eda-L\u00f3pez https://t.co/NCYJoqQzWx", "edit_history_tweet_ids": ["1004823433283284992"]}, {"created_at": "2018-06-07T20:27:57.000Z", "id": "1004822292868796416", "author_id": "17489582", "text": "RT @BatCreators: Best of The Brave and the Bold (1988) - Covers by Jos\u00e9 Luis Garc\u00eda-L\u00f3pez https://t.co/NCYJoqQzWx", "edit_history_tweet_ids": ["1004822292868796416"]}, {"created_at": "2018-06-07T20:20:00.000Z", "id": "1004820289707036679", "author_id": "54761166", "text": "Entrevista Jos\u00e9 Luis L\u00f3pez \u2013 CEO de https://t.co/NXHErF5BCF https://t.co/HbZqlfaCZ6 #WorkChainCenters #JoseLuisLopez #WeWork #Knotel #Blockchain #IoT #IA #FinTech #PropTech https://t.co/x6TG4iKBUb", "edit_history_tweet_ids": ["1004820289707036679"]}, {"created_at": "2018-06-07T20:10:58.000Z", "id": "1004818016264220672", "author_id": "126712958", "text": "RT @BatCreators: Best of The Brave and the Bold (1988) - Covers by Jos\u00e9 Luis Garc\u00eda-L\u00f3pez https://t.co/NCYJoqQzWx", "edit_history_tweet_ids": ["1004818016264220672"]}, {"created_at": "2018-06-07T20:10:17.000Z", "id": "1004817843500830720", "author_id": "912533739212873728", "text": "Best of The Brave and the Bold (1988) - Covers by Jos\u00e9 Luis Garc\u00eda-L\u00f3pez https://t.co/NCYJoqQzWx", "edit_history_tweet_ids": ["1004817843500830720"]}, {"created_at": "2018-06-07T20:00:00.000Z", "id": "1004815255740940288", "author_id": "881364986886369280", "text": "@maguirekevin @themikenorton Growing up reading comics drawn by Jim Aparo, Don Newton and Jose-Luis Garc\u00eda-L\u00f3pez has colored my world view of comic book art but I don\u2019t shove that view down people\u2019s throats.", "edit_history_tweet_ids": ["1004815255740940288"]}, {"created_at": "2018-06-07T19:52:02.000Z", "id": "1004813250679238656", "author_id": "439364708", "text": "RT @andece_general: Diego Escario @canoyescario Julio Touza @TouzaArquitecto Luis Ruano @prehorquisa y Jos\u00e9 G\u00e1zquez @GrupoQuijada para habl\u2026", "edit_history_tweet_ids": ["1004813250679238656"]}, {"created_at": "2018-06-07T18:43:19.000Z", "id": "1004795960260747264", "author_id": "26503978", "text": "Jos\u00e9 Luis L\u00f3pez Portillo fue Presidente de la Rep\u00fablica porque fue amigo desde la infancia de Luis Echeverr\u00eda. No menosprecies el #networking, te puede hacer presidente de M\u00e9xico #lol", "edit_history_tweet_ids": ["1004795960260747264"]}, {"created_at": "2018-06-07T18:41:29.000Z", "id": "1004795495678701569", "author_id": "3427463112", "text": "Muchas felicidades a nuestros legionarios del primer cuatrimestre 2018:\n\nPromotora:\nJudith L\u00f3pez Casique\n\nAsesores:\nGuadalupe L\u00f3pez Casique\nCarlos Mauricio Velasco Vidaur\nJos\u00e9 Luis Avi\u00f1a Mart\u00ednez \n\nA nuestra... https://t.co/6jAjXJAu1z", "edit_history_tweet_ids": ["1004795495678701569"]}, {"created_at": "2018-06-07T18:12:44.000Z", "id": "1004788262190419968", "author_id": "2565087854", "text": "RT @andece_general: Diego Escario @canoyescario Julio Touza @TouzaArquitecto Luis Ruano @prehorquisa y Jos\u00e9 G\u00e1zquez @GrupoQuijada para habl\u2026", "edit_history_tweet_ids": ["1004788262190419968"]}, {"created_at": "2018-06-07T18:08:54.000Z", "id": "1004787296946806785", "author_id": "2584677434", "text": "RT @Carabdechile: Gracias a Carabineros de la Cuarta Comisar\u00eda Santa B\u00e1rbara, de la  Regi\u00f3n del Biob\u00edo y de la Tenencia \"La Florida\" de la\u2026", "edit_history_tweet_ids": ["1004787296946806785"]}, {"created_at": "2018-06-07T17:53:07.000Z", "id": "1004783325330968576", "author_id": "2207096826", "text": "RT @Carabdechile: Gracias a Carabineros de la Cuarta Comisar\u00eda Santa B\u00e1rbara, de la  Regi\u00f3n del Biob\u00edo y de la Tenencia \"La Florida\" de la\u2026", "edit_history_tweet_ids": ["1004783325330968576"]}, {"created_at": "2018-06-07T17:39:57.000Z", "id": "1004780011734405120", "author_id": "163503413", "text": "RT @DC_FANS_UNITED: Daily Jose Luis Garcia-Lopez art: https://t.co/dVcEgyhj6W", "edit_history_tweet_ids": ["1004780011734405120"]}, {"created_at": "2018-06-07T17:31:16.000Z", "id": "1004777827198291968", "author_id": "873341698964836352", "text": "Daily Jose Luis Garcia-Lopez art: https://t.co/dVcEgyhj6W", "edit_history_tweet_ids": ["1004777827198291968"]}, {"created_at": "2018-06-07T17:30:06.000Z", "id": "1004777533827624960", "author_id": "908068045330972673", "text": "Reconoce la ciudadan\u00eda el trabajo de Jos\u00e9 Luis Avila L\u00f3pez\n \n* Con los votos de #Huitzuco habremos a la victoria a Jos\u00e9 Luis \u00c1vila, a Manuel A\u00f1orve Ba\u00f1os y a Gaby Bernal Res\u00e9ndiz; a Karime Sevilla y a H\u00e9ctor... https://t.co/cVWSshQmeU", "edit_history_tweet_ids": ["1004777533827624960"]}, {"created_at": "2018-06-07T17:26:17.000Z", "id": "1004776572006461441", "author_id": "177994528", "text": "#Esgrima Integran el equipo: Gerber Morales, Francisco Yanes, Jos\u00e9 \u00c1lvarez, Luis y Jos\u00e9 L\u00f3pez, Kevin Sierra, Silvia Herrera, Diana Huertas, Krestel Fratz y Ana L\u00f3pez \ud83e\udd3a\ud83d\ude03 @fendesgua #Pasi\u00f3nPorGuate @CDAG_gt", "edit_history_tweet_ids": ["1004776572006461441"]}, {"created_at": "2018-06-07T17:15:29.000Z", "id": "1004773856874254337", "author_id": "993589946", "text": "@ElGranPantaleon @xavialocso @ONIXSHANAT @ADNPolitico @aesquinca En verdad, fue muy dif\u00edcil y costo mucho trabajo, superar todas las burradas que LUIS ECHEVERRIA 70-76 y JOS\u00c9 L\u00d3PEZ PORTILLO 76-82 fue una ROBADERA, y hubo mucho dispendio, que nos hundi\u00f3 en una tremenda crisis, de la que apenas estamos saliendo. Entiendo a AMLO fue lo que vio.", "edit_history_tweet_ids": ["1004773856874254337"]}, {"created_at": "2018-06-07T17:15:00.000Z", "id": "1004773733859553280", "author_id": "54761166", "text": "Entrevista Jos\u00e9 Luis L\u00f3pez \u2013 CEO de https://t.co/NXHErF5BCF https://t.co/HbZqlfaCZ6 #WorkChainCenters #JoseLuisLopez #WeWork #Knotel #Blockchain #IoT #IA #FinTech #PropTech https://t.co/Gk253yPN5L", "edit_history_tweet_ids": ["1004773733859553280"]}, {"created_at": "2018-06-07T17:08:33.000Z", "id": "1004772112203165698", "author_id": "982223527779553285", "text": "RT @Carabdechile: Gracias a Carabineros de la Cuarta Comisar\u00eda Santa B\u00e1rbara, de la  Regi\u00f3n del Biob\u00edo y de la Tenencia \"La Florida\" de la\u2026", "edit_history_tweet_ids": ["1004772112203165698"]}, {"created_at": "2018-06-07T16:56:18.000Z", "id": "1004769029226160130", "author_id": "963389028", "text": "Castell\u00f3n cerrar\u00e1 el s\u00e1bado el programa #RutaCatorce35 con una gran fiesta musical en la plaza Santa\u00a0Clara https://t.co/ykae2wspiw https://t.co/KTpNr1qFsC", "edit_history_tweet_ids": ["1004769029226160130"]}, {"created_at": "2018-06-07T15:56:03.000Z", "id": "1004753864187432960", "author_id": "2427092370", "text": "RT @RDeducamadrid: Felicitamos al IES Gri\u00f1\u00f3n por este magn\u00edfico v\u00eddeo que acent\u00faa lo aprendido del IES Jos\u00e9 Luis L\u00f3pez Aranguren e \u201cintegra\u2026", "edit_history_tweet_ids": ["1004753864187432960"]}, {"created_at": "2018-06-07T15:55:50.000Z", "id": "1004753812387778563", "author_id": "2427092370", "text": "RT @SERMadridSur: El CEIP Miguel Delibes de #Legan\u00e9s y el IES Jos\u00e9 Luis L\u00f3pez Aranguren de #Fuenlabrada han sido los dos centros galardonad\u2026", "edit_history_tweet_ids": ["1004753812387778563"]}, {"created_at": "2018-06-07T15:33:41.000Z", "id": "1004748235255304192", "author_id": "893675267725697024", "text": "RT @Carabdechile: Gracias a Carabineros de la Cuarta Comisar\u00eda Santa B\u00e1rbara, de la  Regi\u00f3n del Biob\u00edo y de la Tenencia \"La Florida\" de la\u2026", "edit_history_tweet_ids": ["1004748235255304192"]}, {"created_at": "2018-06-07T15:26:15.000Z", "id": "1004746366080385024", "author_id": "372963775", "text": "RT @Carabdechile: Gracias a Carabineros de la Cuarta Comisar\u00eda Santa B\u00e1rbara, de la  Regi\u00f3n del Biob\u00edo y de la Tenencia \"La Florida\" de la\u2026", "edit_history_tweet_ids": ["1004746366080385024"]}, {"created_at": "2018-06-07T15:24:43.000Z", "id": "1004745980158337024", "author_id": "3295467335", "text": "RT @Carabdechile: Gracias a Carabineros de la Cuarta Comisar\u00eda Santa B\u00e1rbara, de la  Regi\u00f3n del Biob\u00edo y de la Tenencia \"La Florida\" de la\u2026", "edit_history_tweet_ids": ["1004745980158337024"]}, {"created_at": "2018-06-07T15:23:38.000Z", "id": "1004745709025886208", "author_id": "252248187", "text": "Inicia la presentaci\u00f3n de la quinta temporada de \"#CienciaEnTodosLados\" con la presencia de Armando Carrillo Lavat, de @SPRMexico Jos\u00e9 Luis Mor\u00e1n L\u00f3pez, de la #AMCiencias y Margarita Flores de Inmedia. \n\nSigue la transmisi\u00f3n en vivo: https://t.co/EAGddEhLBz\n#AMCiencias https://t.co/wk7nS7yEuF", "edit_history_tweet_ids": ["1004745709025886208"]}, {"created_at": "2018-06-07T15:20:00.000Z", "id": "1004744792234864642", "author_id": "118784585", "text": "Gracias a Carabineros de la Cuarta Comisar\u00eda Santa B\u00e1rbara, de la  Regi\u00f3n del Biob\u00edo y de la Tenencia \"La Florida\" de la comuna  de Talca, Valeska L\u00f3pez conoci\u00f3 a su padre Jos\u00e9 Luis L\u00f3pez, despu\u00e9s de 22 a\u00f1os separados. #M\u00e1sCercaDeTi https://t.co/2oKhiyKV4E", "edit_history_tweet_ids": ["1004744792234864642"]}, {"created_at": "2018-06-07T15:14:17.000Z", "id": "1004743354687504384", "author_id": "856571823097380864", "text": "@AlducinK @Milenio @El_Universal_Mx @azucenau @jpbecerraacosta @elisaalanis @hdemauleon @apontedavid @hzamarron Esta m\u00e1s claro que el agua,fueron asesinados y quemados por su relaci\u00f3n con la banda de los rojos contrarios a guerreros unidos de Jose Luis Abarca y se\u00f1ora,el primero impuesto por Lopez en la presidencia de Iguala,Gro.", "edit_history_tweet_ids": ["1004743354687504384"]}, {"created_at": "2018-06-07T15:13:08.000Z", "id": "1004743065993711617", "author_id": "720153733347287040", "text": "Primera Sesi\u00f3n del III Foro Per\u00fa-Uni\u00f3n Europea Jos\u00e9 Manuel Gonz\u00e1lez-P\u00e1ramo, Consejero Ejecutivo de @BBVA, Viviana Caro @el_BID Carlos H. Montoro del @MEF_Peru Jos\u00e9 Luis L\u00f3pez -Mart\u00edn @Prosegur y Luis Miguel Pe\u00f1a @lumipeca de @LlorenteyCuenca https://t.co/C310XygAf4", "edit_history_tweet_ids": ["1004743065993711617"]}, {"created_at": "2018-06-07T15:00:07.000Z", "id": "1004739790863036416", "author_id": "908068045330972673", "text": "H\u00e9ctor Ocampo Arcos acudi\u00f3 a la Colonia del Real, en la cabecera municipal de #Huitzuco, acompa\u00f1ando al candidato a presidente municipal de Huitzuco, Jos\u00e9 Luis Avila L\u00f3pez, donde agradeci\u00f3 a su amiga y l\u00edder de colonia Nachis Nava, por todo su apoyo y entusiasmo.", "edit_history_tweet_ids": ["1004739790863036416"]}, {"created_at": "2018-06-07T14:45:35.000Z", "id": "1004736130703659011", "author_id": "3794887583", "text": "RT @andece_general: Diego Escario @canoyescario Julio Touza @TouzaArquitecto Luis Ruano @prehorquisa y Jos\u00e9 G\u00e1zquez @GrupoQuijada para habl\u2026", "edit_history_tweet_ids": ["1004736130703659011"]}, {"created_at": "2018-06-07T14:20:00.000Z", "id": "1004729692929314818", "author_id": "54761166", "text": "Entrevista Jos\u00e9 Luis L\u00f3pez \u2013 CEO de https://t.co/NXHErF5BCF https://t.co/HbZqlfaCZ6 #WorkChainCenters #JoseLuisLopez #WeWork #Knotel #Blockchain #IoT #IA #FinTech #PropTech https://t.co/04dsZgtio1", "edit_history_tweet_ids": ["1004729692929314818"]}, {"created_at": "2018-06-07T14:11:25.000Z", "id": "1004727534699900928", "author_id": "247830117", "text": "RT @CaballeroALC: Hace 5 a\u00f1os que tuve el honor de realizar un #plan de #marketing para la empresa Postres y Dulces Reina, S.L. con la tute\u2026", "edit_history_tweet_ids": ["1004727534699900928"]}, {"created_at": "2018-06-07T14:02:11.000Z", "id": "1004725207700070400", "author_id": "1116480344", "text": "Hace 5 a\u00f1os que tuve el honor de realizar un #plan de #marketing para la empresa Postres y Dulces Reina, S.L. con la tutela de Jose Luis Munuera-Alem\u00e1n y la ayuda de Sonia L\u00f3pez Gimenez.  La #inauguraci\u00f3n de su nueva planta en #EEU\u2026https://t.co/D33SfpzGMh https://t.co/dhFGPshBFn", "edit_history_tweet_ids": ["1004725207700070400"]}, {"created_at": "2018-06-07T13:48:21.000Z", "id": "1004721729871245312", "author_id": "998272378064039936", "text": "Luis L\u00f3pez @LuisLopezPSUV                      Jun 2                                                          BARINAS | Valoraci\u00f3n Cardiovascular para Plan Quir\u00fargico Nacional garantizadas hoy a ni\u00f1os y adultos totalmente gratis en la Ciudad Deportiva Antonio Jos\u00e9 de Sucre https://t.co/TSp3QpgMpM", "edit_history_tweet_ids": ["1004721729871245312"]}, {"created_at": "2018-06-07T13:46:19.000Z", "id": "1004721214605144064", "author_id": "998272378064039936", "text": "Luis L\u00f3pez @LuisLopezPSUV                      Jun 5                                                          LARA | Entrega de insulinas, gluc\u00f3metros, inyectadoras y cintas reactivas en el Hospital Jos\u00e9 Mar\u00eda Bengoa, municipio Andr\u00e9s Eloy Blanco https://t.co/gnYa4xZNaG", "edit_history_tweet_ids": ["1004721214605144064"]}, {"created_at": "2018-06-07T13:04:43.000Z", "id": "1004710749158215680", "author_id": "69102177", "text": "Tomorrow night \u2018Midnight Sun\u2019 opens with a reception at 7p featuring 50+ affordable works from over 20 global artists. DM or email info@lastritesgallery.com to see the preview catalog. \n{art shown by Jos\u00e9 Luis Lopez Galv\u00e1n}\n#art #nyc #painting #drawing https://t.co/mOaiJ828ME", "edit_history_tweet_ids": ["1004710749158215680"]}, {"created_at": "2018-06-07T11:37:10.000Z", "id": "1004688713199378432", "author_id": "331375734", "text": "SOO glad to see Ivan Reis on Superman. He\u2019s the modern day Jose Luis Garcia Lopez, in my opinion. https://t.co/iIbOzFCyRn", "edit_history_tweet_ids": ["1004688713199378432"]}, {"created_at": "2018-06-07T11:30:40.000Z", "id": "1004687080256081921", "author_id": "138722695", "text": "RT @estadisticascai: \ud83d\uddd3#UnDiaComoHoy de 1999 #Independiente golea a @BocaJrsOficial por 4-0 en la Doble Visera con un triplete de Jos\u00e9 Luis\u2026", "edit_history_tweet_ids": ["1004687080256081921"]}, {"created_at": "2018-06-07T11:15:00.000Z", "id": "1004683135769071618", "author_id": "54761166", "text": "Entrevista Jos\u00e9 Luis L\u00f3pez \u2013 CEO de https://t.co/NXHErF5BCF https://t.co/HbZqlfaCZ6 #WorkChainCenters #JoseLuisLopez #WeWork #Knotel #Blockchain #IoT #IA #FinTech #PropTech https://t.co/w7SCrZYHi6", "edit_history_tweet_ids": ["1004683135769071618"]}, {"created_at": "2018-06-07T09:00:01.000Z", "id": "1004649167707226112", "author_id": "154228309", "text": "Daniel Moreno Lopez, 32, is one of three defendants charged with killing 25-year-old Jose Luis Menchaca in 2014 in San Antonio.\nhttps://t.co/SuK03dtQyP", "edit_history_tweet_ids": ["1004649167707226112"]}, {"created_at": "2018-06-07T08:20:00.000Z", "id": "1004639095488778240", "author_id": "54761166", "text": "Entrevista Jos\u00e9 Luis L\u00f3pez \u2013 CEO de https://t.co/NXHErFncud https://t.co/HbZqlfsdQE #WorkChainCenters #JoseLuisLopez #WeWork #Knotel #Blockchain #IoT #IA #FinTech #PropTech https://t.co/1W2EhvZIFK", "edit_history_tweet_ids": ["1004639095488778240"]}, {"created_at": "2018-06-07T08:04:26.000Z", "id": "1004635179732946944", "author_id": "847164259", "text": "RT @andece_general: Diego Escario @canoyescario Julio Touza @TouzaArquitecto Luis Ruano @prehorquisa y Jos\u00e9 G\u00e1zquez @GrupoQuijada para habl\u2026", "edit_history_tweet_ids": ["1004635179732946944"]}, {"created_at": "2018-06-07T05:15:00.000Z", "id": "1004592538735595520", "author_id": "54761166", "text": "Entrevista Jos\u00e9 Luis L\u00f3pez \u2013 CEO de https://t.co/NXHErF5BCF https://t.co/HbZqlfaCZ6 #WorkChainCenters #JoseLuisLopez #WeWork #Knotel #Blockchain #IoT #IA #FinTech #PropTech https://t.co/eOosBSn6Sc", "edit_history_tweet_ids": ["1004592538735595520"]}, {"created_at": "2018-06-07T05:00:02.000Z", "id": "1004588771378188288", "author_id": "253868369", "text": "RT @AmoresdeMara1: Te rogamos Se\u00f1or por:Los Sacerdotes,Carlos Peterira,Juan Ubaldo D\u00edaz Cortez,Jos\u00e9 Luis Espinosa Trujano,Ram\u00f3n Camacho Cam\u2026", "edit_history_tweet_ids": ["1004588771378188288"]}, {"created_at": "2018-06-07T04:46:54.000Z", "id": "1004585467071721473", "author_id": "104745790", "text": "Te quiero preguntar qu\u00e9 te dicen estos nombres nestora Salgado, Napole\u00f3n G\u00f3mez Urrutia Manuel barllet Jos\u00e9  Luis Abarca Elba esther Gordillo layda Sansores Ren\u00e9 bejarano Carlos Imaz Claudia shembaum Gustavo Ponce Marcelo Ebrard Eva cadena recuerda que es c\u00edrculo de L\u00f3pez", "edit_history_tweet_ids": ["1004585467071721473"]}, {"created_at": "2018-06-07T04:41:07.000Z", "id": "1004584011379900422", "author_id": "1003832204378730496", "text": "RT @CincyRedsBball: Hot take of the future Reds \n\nLF Taylor Trammell \nCF Jose Siri \nRF Jesse Winker \n\n1B Joey Votto \n2B Nick Senzel \nSS Jon\u2026", "edit_history_tweet_ids": ["1004584011379900422"]}, {"created_at": "2018-06-07T04:18:11.000Z", "id": "1004578242022404097", "author_id": "810920752799162368", "text": "RT @ZackDavisson: This Moebius comment about Jose Luis Garcia-Lopez is the best thing ever. https://t.co/mR5S6jwpuu", "edit_history_tweet_ids": ["1004578242022404097"]}, {"created_at": "2018-06-07T03:40:53.000Z", "id": "1004568854130053120", "author_id": "826282961427263488", "text": "@heidi_belikov @bufonna @florencepavo @sanhejuca @marcossubw @economista_vega @lopezobrador_ @mexico @AngelRod097 Ernesto Zedillo y Carlos Salinas de Gortari renunciaron a sus pensiones, Felipe Calder\u00f3n dona TODA su pensi\u00f3n a una organizaci\u00f3n que ayuda a ni\u00f1os con cancer. Vicente Fox y Luis Echeverr\u00eda s\u00ed reciben su pensi\u00f3n, as\u00ed como las viudas de Jos\u00e9 L\u00f3pez P. Y Miguel de la Madrid.", "edit_history_tweet_ids": ["1004568854130053120"]}, {"created_at": "2018-06-07T03:35:00.000Z", "id": "1004567372768956416", "author_id": "137194548", "text": "PUES AHI ESTAN : DENISE MERKEL,LUIS CARDENAS,JOSE CARDENAS;CIRO,CARMEN ARISTEGUI,LEO SUCKERMAN,SILVA HERZOG,ETC;ETC!! TODOS ESOS TOMANDO COMO VERDAD ABSOLUTA QUE EL FARSANTE MALEANTE LOPEZ SERA EL PROXIMO PRESIDENTE!!ASI O MAS PALEROS? https://t.co/KnG5tpqVDh", "edit_history_tweet_ids": ["1004567372768956416"]}, {"created_at": "2018-06-07T03:05:02.000Z", "id": "1004559830886113280", "author_id": "21268553", "text": "Painting by JOSE LUIS LOPEZ PEREZ https://t.co/384JCFqorc", "edit_history_tweet_ids": ["1004559830886113280"]}, {"created_at": "2018-06-07T03:04:28.000Z", "id": "1004559690582384640", "author_id": "805708723616448512", "text": "RT @ComicsintheGA: Got some fun next couple of issues to look forward too that include art by Jose Luis Garci Lopez &amp; Starlin https://t.co/\u2026", "edit_history_tweet_ids": ["1004559690582384640"]}, {"created_at": "2018-06-07T02:50:12.000Z", "id": "1004556100061065217", "author_id": "993589946", "text": "@4beb0b76954046d @ONIXSHANAT @ADNPolitico @aesquinca Simplemente analiza las propuestas de AMLO, en cada foro dice lo que quieren o\u00edr, aunque se contradiga. Y en las que coincide, ya fueron aplicadas por Luis Echeverr\u00eda \u00c1lvarez, presidente de M\u00e9xico de 79 a 76 y con su sucesor Jos\u00e9 L\u00f3pez Portillo al 82. Fue un dispendio y ROBADERA.", "edit_history_tweet_ids": ["1004556100061065217"]}, {"created_at": "2018-06-07T02:36:30.000Z", "id": "1004552652313759745", "author_id": "460584319", "text": "Los ponentes ser\u00e1n: \n-Olmedo L\u00f3pez: Economista, candidato en 2016 a la Gob. de Antioquia, ex concejal del mpio. de Caramanta, ex secretario de Medio Ambiente de Itag\u00fc\u00ed.\n\n- Jos\u00e9 Luis Mar\u00edn : Abogado de la Universidad de Antioquia, creador del Personaje AquinoTicias.", "edit_history_tweet_ids": ["1004552652313759745"]}, {"created_at": "2018-06-07T02:20:00.000Z", "id": "1004548498950426625", "author_id": "54761166", "text": "Entrevista Jos\u00e9 Luis L\u00f3pez \u2013 CEO de https://t.co/NXHErF5BCF https://t.co/HbZqlfaCZ6 #WorkChainCenters #JoseLuisLopez #WeWork #Knotel #Blockchain #IoT #IA #FinTech #PropTech https://t.co/IDsDBvOymt", "edit_history_tweet_ids": ["1004548498950426625"]}, {"created_at": "2018-06-07T01:48:10.000Z", "id": "1004540487464816640", "author_id": "755609901959749633", "text": "RT @ComicsintheGA: Got some fun next couple of issues to look forward too that include art by Jose Luis Garci Lopez &amp; Starlin https://t.co/\u2026", "edit_history_tweet_ids": ["1004540487464816640"]}, {"created_at": "2018-06-07T01:36:26.000Z", "id": "1004537535635353600", "author_id": "377066673", "text": "Por unanimidad, el Congreso de Michoac\u00e1n determin\u00f3 no aceptar la propuesta de plan de fiscalizaci\u00f3n del auditor Jos\u00e9 Luis L\u00f3pez Salgado, al que ordenaron revisar los 113 ayuntamientos michoacanos y no s\u00f3lo 66.", "edit_history_tweet_ids": ["1004537535635353600"]}, {"created_at": "2018-06-07T01:21:55.000Z", "id": "1004533883789021184", "author_id": "190697412", "text": "RT @estadisticascai: \ud83d\uddd3#UnDiaComoHoy de 1999 #Independiente golea a @BocaJrsOficial por 4-0 en la Doble Visera con un triplete de Jos\u00e9 Luis\u2026", "edit_history_tweet_ids": ["1004533883789021184"]}, {"created_at": "2018-06-07T00:00:01.000Z", "id": "1004513270009679872", "author_id": "2414850630", "text": "ICYMI: A jury took about three hours to before finding Daniel Moreno Lopez guilty of murder in the 2014 killing of Jose Luis Menchaca. https://t.co/E7m4TYtwyO", "edit_history_tweet_ids": ["1004513270009679872"]}, {"created_at": "2018-06-06T23:54:36.000Z", "id": "1004511909780033536", "author_id": "2495600601", "text": "RT @ComicsintheGA: Got some fun next couple of issues to look forward too that include art by Jose Luis Garci Lopez &amp; Starlin https://t.co/\u2026", "edit_history_tweet_ids": ["1004511909780033536"]}, {"created_at": "2018-06-06T23:48:20.000Z", "id": "1004510332327481344", "author_id": "83446577", "text": "RT @ComicsintheGA: Got some fun next couple of issues to look forward too that include art by Jose Luis Garci Lopez &amp; Starlin https://t.co/\u2026", "edit_history_tweet_ids": ["1004510332327481344"]}], "meta": {"newest_id": "1004875476391743490", "oldest_id": "1004510332327481344", "result_count": 83, "next_token": "b26v89c19zqg8o3fn0anakt7fork4ulo3gq7luiarebgd"}}