{"data": [{"id": "1518712461314203648", "text": "RT @tperk17: @ColumbiaBugle Alex Jones, InfoWars, Gavin McInnes, Laura Loomer, Milo Yiannopoulos, Joey Salads, ALX, carpedonktum, Michael F\u2026", "created_at": "2022-04-25T22:04:01.000Z", "edit_history_tweet_ids": ["1518712461314203648"], "author_id": "3260501408"}, {"id": "1518708791331667968", "text": "RT @PorscheCutie: @bennyjohnson @elonmusk Donald Trump, Mike Lindell, James O Keefe, Sydney Powell, General Flynn, DC Draino, Mindy Robinso\u2026", "created_at": "2022-04-25T21:49:26.000Z", "edit_history_tweet_ids": ["1518708791331667968"], "author_id": "1420827231505559557"}, {"id": "1518704498654466052", "text": "RT @PorscheCutie: @bennyjohnson @elonmusk Donald Trump, Mike Lindell, James O Keefe, Sydney Powell, General Flynn, DC Draino, Mindy Robinso\u2026", "created_at": "2022-04-25T21:32:23.000Z", "edit_history_tweet_ids": ["1518704498654466052"], "author_id": "3958612006"}, {"id": "1518704284430442496", "text": "RT @HarrySt40119817: @bennyjohnson @elonmusk Donald Trump, Tommy Robinson, Katie Hopkins, U.K. Armed Forces if not yet back.", "created_at": "2022-04-25T21:31:32.000Z", "edit_history_tweet_ids": ["1518704284430442496"], "author_id": "1473246511207223298"}, {"id": "1518704083225481217", "text": "@Will_Robinson_2 @ACTBrigitte You are violent and lawless. You have no words of your own. You follow Donald Trump and Ron DeSantis because they remind you of your violent, racist elders.", "created_at": "2022-04-25T21:30:44.000Z", "edit_history_tweet_ids": ["1518704083225481217"], "author_id": "1443692283145211905"}, {"id": "1518702604506828801", "text": "@Will_Robinson_2 @ACTBrigitte You are violent and lawless. You have no words of your own. You follow Donald Trump and Ron DeSantis because they remind you of your violent, racist elders.", "created_at": "2022-04-25T21:24:51.000Z", "edit_history_tweet_ids": ["1518702604506828801"], "author_id": "1443692283145211905"}, {"id": "1518702005446922241", "text": "RT @tperk17: @ColumbiaBugle Alex Jones, InfoWars, Gavin McInnes, Laura Loomer, Milo Yiannopoulos, Joey Salads, ALX, carpedonktum, Michael F\u2026", "created_at": "2022-04-25T21:22:28.000Z", "edit_history_tweet_ids": ["1518702005446922241"], "author_id": "972972614523158528"}, {"id": "1518701360635682816", "text": "RT @PorscheCutie: @bennyjohnson @elonmusk Donald Trump, Mike Lindell, James O Keefe, Sydney Powell, General Flynn, DC Draino, Mindy Robinso\u2026", "created_at": "2022-04-25T21:19:55.000Z", "edit_history_tweet_ids": ["1518701360635682816"], "author_id": "824229929965539332"}, {"id": "1518700579375177740", "text": "RT @PorscheCutie: @bennyjohnson @elonmusk Donald Trump, Mike Lindell, James O Keefe, Sydney Powell, General Flynn, DC Draino, Mindy Robinso\u2026", "created_at": "2022-04-25T21:16:48.000Z", "edit_history_tweet_ids": ["1518700579375177740"], "author_id": "1416504417990463488"}, {"id": "1518699731169333249", "text": "RT @HarrySt40119817: @bennyjohnson @elonmusk Donald Trump, Tommy Robinson, Katie Hopkins, U.K. Armed Forces if not yet back.", "created_at": "2022-04-25T21:13:26.000Z", "edit_history_tweet_ids": ["1518699731169333249"], "author_id": "1422194352491843594"}, {"id": "1518699683073433603", "text": "RT @tperk17: @ColumbiaBugle Alex Jones, InfoWars, Gavin McInnes, Laura Loomer, Milo Yiannopoulos, Joey Salads, ALX, carpedonktum, Michael F\u2026", "created_at": "2022-04-25T21:13:15.000Z", "edit_history_tweet_ids": ["1518699683073433603"], "author_id": "1352054889757732868"}, {"id": "1518698849799327744", "text": "RT @AtlantaStu: Donald Trump, Tucker Carlson, Emerald Robinson, Babylon Bee, Alex Bernson, and anyone who dared to speak Truth to Power re:\u2026", "created_at": "2022-04-25T21:09:56.000Z", "edit_history_tweet_ids": ["1518698849799327744"], "author_id": "1231822172114440192"}, {"id": "1518698659285712896", "text": "RT @PorscheCutie: @bennyjohnson @elonmusk Donald Trump, Mike Lindell, James O Keefe, Sydney Powell, General Flynn, DC Draino, Mindy Robinso\u2026", "created_at": "2022-04-25T21:09:11.000Z", "edit_history_tweet_ids": ["1518698659285712896"], "author_id": "1289095826"}, {"id": "1518698324202856450", "text": "RT @tperk17: @ColumbiaBugle Alex Jones, InfoWars, Gavin McInnes, Laura Loomer, Milo Yiannopoulos, Joey Salads, ALX, carpedonktum, Michael F\u2026", "created_at": "2022-04-25T21:07:51.000Z", "edit_history_tweet_ids": ["1518698324202856450"], "author_id": "1435994949942665218"}, {"id": "1518697374729883650", "text": "RT @tperk17: @ColumbiaBugle Alex Jones, InfoWars, Gavin McInnes, Laura Loomer, Milo Yiannopoulos, Joey Salads, ALX, carpedonktum, Michael F\u2026", "created_at": "2022-04-25T21:04:04.000Z", "edit_history_tweet_ids": ["1518697374729883650"], "author_id": "1343629474584276993"}, {"id": "1518697192697044993", "text": "RT @PorscheCutie: @bennyjohnson @elonmusk Donald Trump, Mike Lindell, James O Keefe, Sydney Powell, General Flynn, DC Draino, Mindy Robinso\u2026", "created_at": "2022-04-25T21:03:21.000Z", "edit_history_tweet_ids": ["1518697192697044993"], "author_id": "1089958662783655936"}, {"id": "1518696399923253248", "text": "RT @tperk17: @ColumbiaBugle Alex Jones, InfoWars, Gavin McInnes, Laura Loomer, Milo Yiannopoulos, Joey Salads, ALX, carpedonktum, Michael F\u2026", "created_at": "2022-04-25T21:00:12.000Z", "edit_history_tweet_ids": ["1518696399923253248"], "author_id": "1106884731621257216"}, {"id": "1518696105437016064", "text": "@ARmastrangelo Donald Trump and Tommy Robinson", "created_at": "2022-04-25T20:59:02.000Z", "edit_history_tweet_ids": ["1518696105437016064"], "author_id": "3221728030"}, {"id": "1518695625860296706", "text": "@bennyjohnson @elonmusk Donald Trump Tommy Robinson Katie Hopkins", "created_at": "2022-04-25T20:57:07.000Z", "edit_history_tweet_ids": ["1518695625860296706"], "author_id": "1377960140339613698"}, {"id": "1518695474886328321", "text": "RT @PorscheCutie: @bennyjohnson @elonmusk Donald Trump, Mike Lindell, James O Keefe, Sydney Powell, General Flynn, DC Draino, Mindy Robinso\u2026", "created_at": "2022-04-25T20:56:31.000Z", "edit_history_tweet_ids": ["1518695474886328321"], "author_id": "1395535228056313858"}, {"id": "1518695444032929793", "text": "RT @socialistsunday: He\u2019s going to bring back Donald Trump, Tommy Robinson and Katie Hopkins isn\u2019t he", "created_at": "2022-04-25T20:56:24.000Z", "edit_history_tweet_ids": ["1518695444032929793"], "author_id": "2670696570"}, {"id": "1518694820776083456", "text": "RT @AtlantaStu: Donald Trump, Tucker Carlson, Emerald Robinson, Babylon Bee, Alex Bernson, and anyone who dared to speak Truth to Power re:\u2026", "created_at": "2022-04-25T20:53:55.000Z", "edit_history_tweet_ids": ["1518694820776083456"], "author_id": "2486142008"}, {"id": "1518694611937550338", "text": "RT @socialistsunday: He\u2019s going to bring back Donald Trump, Tommy Robinson and Katie Hopkins isn\u2019t he", "created_at": "2022-04-25T20:53:06.000Z", "edit_history_tweet_ids": ["1518694611937550338"], "author_id": "27890789"}, {"id": "1518694358656204805", "text": "RT @tperk17: @ColumbiaBugle Alex Jones, InfoWars, Gavin McInnes, Laura Loomer, Milo Yiannopoulos, Joey Salads, ALX, carpedonktum, Michael F\u2026", "created_at": "2022-04-25T20:52:05.000Z", "edit_history_tweet_ids": ["1518694358656204805"], "author_id": "1463376656567988229"}, {"id": "1518694107643793408", "text": "RT @PorscheCutie: @bennyjohnson @elonmusk Donald Trump, Mike Lindell, James O Keefe, Sydney Powell, General Flynn, DC Draino, Mindy Robinso\u2026", "created_at": "2022-04-25T20:51:05.000Z", "edit_history_tweet_ids": ["1518694107643793408"], "author_id": "1297150188"}, {"id": "1518693747151847424", "text": "RT @PorscheCutie: @bennyjohnson @elonmusk Donald Trump, Mike Lindell, James O Keefe, Sydney Powell, General Flynn, DC Draino, Mindy Robinso\u2026", "created_at": "2022-04-25T20:49:39.000Z", "edit_history_tweet_ids": ["1518693747151847424"], "author_id": "1020443961385766912"}, {"id": "1518693296381599745", "text": "RT @socialistsunday: He\u2019s going to bring back Donald Trump, Tommy Robinson and Katie Hopkins isn\u2019t he", "created_at": "2022-04-25T20:47:52.000Z", "edit_history_tweet_ids": ["1518693296381599745"], "author_id": "112220674"}, {"id": "1518693193788932097", "text": "RT @PorscheCutie: @bennyjohnson @elonmusk Donald Trump, Mike Lindell, James O Keefe, Sydney Powell, General Flynn, DC Draino, Mindy Robinso\u2026", "created_at": "2022-04-25T20:47:28.000Z", "edit_history_tweet_ids": ["1518693193788932097"], "author_id": "1511639491160821768"}, {"id": "1518692828112506880", "text": "RT @AtlantaStu: Donald Trump, Tucker Carlson, Emerald Robinson, Babylon Bee, Alex Bernson, and anyone who dared to speak Truth to Power re:\u2026", "created_at": "2022-04-25T20:46:00.000Z", "edit_history_tweet_ids": ["1518692828112506880"], "author_id": "22401823"}, {"id": "1518692768939450368", "text": "RT @socialistsunday: He\u2019s going to bring back Donald Trump, Tommy Robinson and Katie Hopkins isn\u2019t he", "created_at": "2022-04-25T20:45:46.000Z", "edit_history_tweet_ids": ["1518692768939450368"], "author_id": "1144658816"}, {"id": "1518692640509857796", "text": "He\u2019s going to bring back Donald Trump, Tommy Robinson and Katie Hopkins isn\u2019t he https://t.co/GSX3Mu5vWG", "created_at": "2022-04-25T20:45:16.000Z", "edit_history_tweet_ids": ["1518692640509857796"], "author_id": "1041398561345363969"}, {"id": "1518692630581891073", "text": "RT @PorscheCutie: @bennyjohnson @elonmusk Donald Trump, Mike Lindell, James O Keefe, Sydney Powell, General Flynn, DC Draino, Mindy Robinso\u2026", "created_at": "2022-04-25T20:45:13.000Z", "edit_history_tweet_ids": ["1518692630581891073"], "author_id": "1640835458"}, {"id": "1518692584054525952", "text": "RT @PorscheCutie: @bennyjohnson @elonmusk Donald Trump, Mike Lindell, James O Keefe, Sydney Powell, General Flynn, DC Draino, Mindy Robinso\u2026", "created_at": "2022-04-25T20:45:02.000Z", "edit_history_tweet_ids": ["1518692584054525952"], "author_id": "1144089676384485376"}, {"id": "1518692425950130176", "text": "RT @AtlantaStu: Donald Trump, Tucker Carlson, Emerald Robinson, Babylon Bee, Alex Bernson, and anyone who dared to speak Truth to Power re:\u2026", "created_at": "2022-04-25T20:44:24.000Z", "edit_history_tweet_ids": ["1518692425950130176"], "author_id": "3730158073"}, {"id": "1518690957398622209", "text": "RT @PorscheCutie: @bennyjohnson @elonmusk Donald Trump, Mike Lindell, James O Keefe, Sydney Powell, General Flynn, DC Draino, Mindy Robinso\u2026", "created_at": "2022-04-25T20:38:34.000Z", "edit_history_tweet_ids": ["1518690957398622209"], "author_id": "1461422548181295106"}, {"id": "1518690840536772608", "text": "RT @PorscheCutie: @bennyjohnson @elonmusk Donald Trump, Mike Lindell, James O Keefe, Sydney Powell, General Flynn, DC Draino, Mindy Robinso\u2026", "created_at": "2022-04-25T20:38:06.000Z", "edit_history_tweet_ids": ["1518690840536772608"], "author_id": "929043613"}, {"id": "1518690444292628482", "text": "RT @tperk17: @ColumbiaBugle Alex Jones, InfoWars, Gavin McInnes, Laura Loomer, Milo Yiannopoulos, Joey Salads, ALX, carpedonktum, Michael F\u2026", "created_at": "2022-04-25T20:36:32.000Z", "edit_history_tweet_ids": ["1518690444292628482"], "author_id": "268801278"}, {"id": "1518688683494359041", "text": "RT @tperk17: @ColumbiaBugle Alex Jones, InfoWars, Gavin McInnes, Laura Loomer, Milo Yiannopoulos, Joey Salads, ALX, carpedonktum, Michael F\u2026", "created_at": "2022-04-25T20:29:32.000Z", "edit_history_tweet_ids": ["1518688683494359041"], "author_id": "716650683550867456"}, {"id": "1518687340251725826", "text": "@bennyjohnson @elonmusk Donald Trump, Praying Medic,Mike Lindell, James O Keefe, Sydney Powell, General Flynn, DC Draino, Mindy Robinson, Babylon Bee, Marjorie Taylor green, Charlie Kirk and every other person silenced by hate", "created_at": "2022-04-25T20:24:12.000Z", "edit_history_tweet_ids": ["1518687340251725826"], "author_id": "72220143"}, {"id": "1518686221119246336", "text": "RT @PorscheCutie: @bennyjohnson @elonmusk Donald Trump, Mike Lindell, James O Keefe, Sydney Powell, General Flynn, DC Draino, Mindy Robinso\u2026", "created_at": "2022-04-25T20:19:45.000Z", "edit_history_tweet_ids": ["1518686221119246336"], "author_id": "1324460502555238401"}, {"id": "1518684868598767625", "text": "@Mike_P_Williams It's his money he can do what he likes plus he needs to reinstate the boys alex Jones tommy robinson and the Donald", "created_at": "2022-04-25T20:14:23.000Z", "edit_history_tweet_ids": ["1518684868598767625"], "author_id": "1129793362196946949"}, {"id": "1518684670581514242", "text": "RT @PorscheCutie: @bennyjohnson @elonmusk Donald Trump, Mike Lindell, James O Keefe, Sydney Powell, General Flynn, DC Draino, Mindy Robinso\u2026", "created_at": "2022-04-25T20:13:35.000Z", "edit_history_tweet_ids": ["1518684670581514242"], "author_id": "1427677041902632962"}, {"id": "1518684036230782976", "text": "RT @PorscheCutie: @bennyjohnson @elonmusk Donald Trump, Mike Lindell, James O Keefe, Sydney Powell, General Flynn, DC Draino, Mindy Robinso\u2026", "created_at": "2022-04-25T20:11:04.000Z", "edit_history_tweet_ids": ["1518684036230782976"], "author_id": "1218464347648860162"}, {"id": "1518683666418913281", "text": "RT @PorscheCutie: @bennyjohnson @elonmusk Donald Trump, Mike Lindell, James O Keefe, Sydney Powell, General Flynn, DC Draino, Mindy Robinso\u2026", "created_at": "2022-04-25T20:09:36.000Z", "edit_history_tweet_ids": ["1518683666418913281"], "author_id": "1427497303141756954"}, {"id": "1518683142277718017", "text": "RT @HarrySt40119817: @bennyjohnson @elonmusk Donald Trump, Tommy Robinson, Katie Hopkins, U.K. Armed Forces if not yet back.", "created_at": "2022-04-25T20:07:31.000Z", "edit_history_tweet_ids": ["1518683142277718017"], "author_id": "1423009574982914051"}, {"id": "1518682959875817473", "text": "RT @PorscheCutie: @bennyjohnson @elonmusk Donald Trump, Mike Lindell, James O Keefe, Sydney Powell, General Flynn, DC Draino, Mindy Robinso\u2026", "created_at": "2022-04-25T20:06:48.000Z", "edit_history_tweet_ids": ["1518682959875817473"], "author_id": "1384880112445894657"}, {"id": "1518682870549602304", "text": "RT @PorscheCutie: @bennyjohnson @elonmusk Donald Trump, Mike Lindell, James O Keefe, Sydney Powell, General Flynn, DC Draino, Mindy Robinso\u2026", "created_at": "2022-04-25T20:06:26.000Z", "edit_history_tweet_ids": ["1518682870549602304"], "author_id": "619323540"}, {"id": "1518682676596817922", "text": "RT @HarrySt40119817: @bennyjohnson @elonmusk Donald Trump, Tommy Robinson, Katie Hopkins, U.K. Armed Forces if not yet back.", "created_at": "2022-04-25T20:05:40.000Z", "edit_history_tweet_ids": ["1518682676596817922"], "author_id": "1155499964862271488"}, {"id": "1518682484929671169", "text": "RT @PorscheCutie: @bennyjohnson @elonmusk Donald Trump, Mike Lindell, James O Keefe, Sydney Powell, General Flynn, DC Draino, Mindy Robinso\u2026", "created_at": "2022-04-25T20:04:54.000Z", "edit_history_tweet_ids": ["1518682484929671169"], "author_id": "1303869867129475072"}, {"id": "1518682367723986944", "text": "RT @PorscheCutie: @bennyjohnson @elonmusk Donald Trump, Mike Lindell, James O Keefe, Sydney Powell, General Flynn, DC Draino, Mindy Robinso\u2026", "created_at": "2022-04-25T20:04:26.000Z", "edit_history_tweet_ids": ["1518682367723986944"], "author_id": "952960253993381888"}, {"id": "1518682352976863235", "text": "RT @tperk17: @ColumbiaBugle Alex Jones, InfoWars, Gavin McInnes, Laura Loomer, Milo Yiannopoulos, Joey Salads, ALX, carpedonktum, Michael F\u2026", "created_at": "2022-04-25T20:04:23.000Z", "edit_history_tweet_ids": ["1518682352976863235"], "author_id": "1514054213172613133"}, {"id": "1518682207442948096", "text": "RT @PorscheCutie: @bennyjohnson @elonmusk Donald Trump, Mike Lindell, James O Keefe, Sydney Powell, General Flynn, DC Draino, Mindy Robinso\u2026", "created_at": "2022-04-25T20:03:48.000Z", "edit_history_tweet_ids": ["1518682207442948096"], "author_id": "826236830580428801"}, {"id": "1518682138647961605", "text": "RT @HarrySt40119817: @bennyjohnson @elonmusk Donald Trump, Tommy Robinson, Katie Hopkins, U.K. Armed Forces if not yet back.", "created_at": "2022-04-25T20:03:32.000Z", "edit_history_tweet_ids": ["1518682138647961605"], "author_id": "784579199021551617"}, {"id": "1518682130880081922", "text": "RT @PorscheCutie: @bennyjohnson @elonmusk Donald Trump, Mike Lindell, James O Keefe, Sydney Powell, General Flynn, DC Draino, Mindy Robinso\u2026", "created_at": "2022-04-25T20:03:30.000Z", "edit_history_tweet_ids": ["1518682130880081922"], "author_id": "1501340124407291906"}, {"id": "1518681671880617986", "text": "RT @PorscheCutie: @bennyjohnson @elonmusk Donald Trump, Mike Lindell, James O Keefe, Sydney Powell, General Flynn, DC Draino, Mindy Robinso\u2026", "created_at": "2022-04-25T20:01:40.000Z", "edit_history_tweet_ids": ["1518681671880617986"], "author_id": "1445511869410594817"}, {"id": "1518681556184928256", "text": "@bennyjohnson @elonmusk Donald Trump, Tommy Robinson, Katie Hopkins, U.K. Armed Forces if not yet back.", "created_at": "2022-04-25T20:01:13.000Z", "edit_history_tweet_ids": ["1518681556184928256"], "author_id": "1130473645531443202"}, {"id": "1518681487490519040", "text": "RT @tperk17: @ColumbiaBugle Alex Jones, InfoWars, Gavin McInnes, Laura Loomer, Milo Yiannopoulos, Joey Salads, ALX, carpedonktum, Michael F\u2026", "created_at": "2022-04-25T20:00:57.000Z", "edit_history_tweet_ids": ["1518681487490519040"], "author_id": "504228747"}, {"id": "1518680941488652290", "text": "RT @PorscheCutie: @bennyjohnson @elonmusk Donald Trump, Mike Lindell, James O Keefe, Sydney Powell, General Flynn, DC Draino, Mindy Robinso\u2026", "created_at": "2022-04-25T19:58:46.000Z", "edit_history_tweet_ids": ["1518680941488652290"], "author_id": "3373919109"}, {"id": "1518680114078359553", "text": "RT @PorscheCutie: @bennyjohnson @elonmusk Donald Trump, Mike Lindell, James O Keefe, Sydney Powell, General Flynn, DC Draino, Mindy Robinso\u2026", "created_at": "2022-04-25T19:55:29.000Z", "edit_history_tweet_ids": ["1518680114078359553"], "author_id": "43035478"}, {"id": "1518679877859348482", "text": "@ColumbiaBugle Alex Jones, InfoWars, Gavin McInnes, Laura Loomer, Milo Yiannopoulos, Joey Salads, ALX, carpedonktum, Michael Flynn, Mike Lindell, Project Veritas, James O'Keefe, Aubrey Huff, Mindy Robinson, Alex Berenson, DC Draino\n\nAnd of course, Donald Trump", "created_at": "2022-04-25T19:54:33.000Z", "edit_history_tweet_ids": ["1518679877859348482"], "author_id": "2252897154"}, {"id": "1518679472379248640", "text": "RT @PorscheCutie: @bennyjohnson @elonmusk Donald Trump, Mike Lindell, James O Keefe, Sydney Powell, General Flynn, DC Draino, Mindy Robinso\u2026", "created_at": "2022-04-25T19:52:56.000Z", "edit_history_tweet_ids": ["1518679472379248640"], "author_id": "749682113599987713"}, {"id": "1518678619526103041", "text": "RT @PorscheCutie: @bennyjohnson @elonmusk Donald Trump, Mike Lindell, James O Keefe, Sydney Powell, General Flynn, DC Draino, Mindy Robinso\u2026", "created_at": "2022-04-25T19:49:33.000Z", "edit_history_tweet_ids": ["1518678619526103041"], "author_id": "22432051"}, {"id": "1518677776978567170", "text": "RT @PorscheCutie: @bennyjohnson @elonmusk Donald Trump, Mike Lindell, James O Keefe, Sydney Powell, General Flynn, DC Draino, Mindy Robinso\u2026", "created_at": "2022-04-25T19:46:12.000Z", "edit_history_tweet_ids": ["1518677776978567170"], "author_id": "1400085121391280132"}, {"id": "1518677463009615872", "text": "RT @PorscheCutie: @bennyjohnson @elonmusk Donald Trump, Mike Lindell, James O Keefe, Sydney Powell, General Flynn, DC Draino, Mindy Robinso\u2026", "created_at": "2022-04-25T19:44:57.000Z", "edit_history_tweet_ids": ["1518677463009615872"], "author_id": "1501930793454632967"}, {"id": "1518677249007960065", "text": "RT @PorscheCutie: @bennyjohnson @elonmusk Donald Trump, Mike Lindell, James O Keefe, Sydney Powell, General Flynn, DC Draino, Mindy Robinso\u2026", "created_at": "2022-04-25T19:44:06.000Z", "edit_history_tweet_ids": ["1518677249007960065"], "author_id": "1278044826035007488"}, {"id": "1518676338734944259", "text": "@ColumbiaBugle Donald Trump\nKatie Hopkins\nTommy Robinson \nAlex Jones", "created_at": "2022-04-25T19:40:29.000Z", "edit_history_tweet_ids": ["1518676338734944259"], "author_id": "1348760534615810060"}, {"id": "1518675963235643393", "text": "RT @PorscheCutie: @bennyjohnson @elonmusk Donald Trump, Mike Lindell, James O Keefe, Sydney Powell, General Flynn, DC Draino, Mindy Robinso\u2026", "created_at": "2022-04-25T19:38:59.000Z", "edit_history_tweet_ids": ["1518675963235643393"], "author_id": "958519356786335744"}, {"id": "1518675956860428288", "text": "RT @PorscheCutie: @bennyjohnson @elonmusk Donald Trump, Mike Lindell, James O Keefe, Sydney Powell, General Flynn, DC Draino, Mindy Robinso\u2026", "created_at": "2022-04-25T19:38:58.000Z", "edit_history_tweet_ids": ["1518675956860428288"], "author_id": "1514626798331564039"}, {"id": "1518675910529994752", "text": "RT @PorscheCutie: @bennyjohnson @elonmusk Donald Trump, Mike Lindell, James O Keefe, Sydney Powell, General Flynn, DC Draino, Mindy Robinso\u2026", "created_at": "2022-04-25T19:38:47.000Z", "edit_history_tweet_ids": ["1518675910529994752"], "author_id": "1357378367574581248"}, {"id": "1518674946922205185", "text": "@MeghanGillespie @DrAkashKalaskar @WSJ Please show the terms of service broken by any of the following:\nTommy Robinson\nMilo Yiannopoulos\nDonald Trump\nAlex Jones\nThe Babylon Bee\nCarl Benjamin", "created_at": "2022-04-25T19:34:57.000Z", "edit_history_tweet_ids": ["1518674946922205185"], "author_id": "1349445820609826818"}, {"id": "1518674924281290752", "text": "RT @AtlantaStu: @Synchro2021 @elonmusk There are a LOT of people I want to see unsuspend on top of Donald Trump:\nTucker Carlson\nBabylon Bee\u2026", "created_at": "2022-04-25T19:34:52.000Z", "edit_history_tweet_ids": ["1518674924281290752"], "author_id": "144612867"}, {"id": "1518674671234957314", "text": "RT @PorscheCutie: @bennyjohnson @elonmusk Donald Trump, Mike Lindell, James O Keefe, Sydney Powell, General Flynn, DC Draino, Mindy Robinso\u2026", "created_at": "2022-04-25T19:33:51.000Z", "edit_history_tweet_ids": ["1518674671234957314"], "author_id": "1511934474"}, {"id": "1518674579174137857", "text": "RT @PorscheCutie: @bennyjohnson @elonmusk Donald Trump, Mike Lindell, James O Keefe, Sydney Powell, General Flynn, DC Draino, Mindy Robinso\u2026", "created_at": "2022-04-25T19:33:29.000Z", "edit_history_tweet_ids": ["1518674579174137857"], "author_id": "232727377"}, {"id": "1518673841622507521", "text": "RT @karmaphilip: Bring back #Donald Trump, #Steve Bannon, #Tommy Robinson, #Laura Loomer and many many others", "created_at": "2022-04-25T19:30:34.000Z", "edit_history_tweet_ids": ["1518673841622507521"], "author_id": "1322852519756922881"}, {"id": "1518673159322546177", "text": "RT @PorscheCutie: @bennyjohnson @elonmusk Donald Trump, Mike Lindell, James O Keefe, Sydney Powell, General Flynn, DC Draino, Mindy Robinso\u2026", "created_at": "2022-04-25T19:27:51.000Z", "edit_history_tweet_ids": ["1518673159322546177"], "author_id": "1511469964024332289"}, {"id": "1518672911195848709", "text": "RT @PorscheCutie: @bennyjohnson @elonmusk Donald Trump, Mike Lindell, James O Keefe, Sydney Powell, General Flynn, DC Draino, Mindy Robinso\u2026", "created_at": "2022-04-25T19:26:52.000Z", "edit_history_tweet_ids": ["1518672911195848709"], "author_id": "1344937908"}, {"id": "1518672456369590272", "text": "RT @PorscheCutie: @bennyjohnson @elonmusk Donald Trump, Mike Lindell, James O Keefe, Sydney Powell, General Flynn, DC Draino, Mindy Robinso\u2026", "created_at": "2022-04-25T19:25:03.000Z", "edit_history_tweet_ids": ["1518672456369590272"], "author_id": "1246221505899319296"}, {"id": "1518672346847928321", "text": "RT @PorscheCutie: @bennyjohnson @elonmusk Donald Trump, Mike Lindell, James O Keefe, Sydney Powell, General Flynn, DC Draino, Mindy Robinso\u2026", "created_at": "2022-04-25T19:24:37.000Z", "edit_history_tweet_ids": ["1518672346847928321"], "author_id": "1129293313"}, {"id": "1518672051485224961", "text": "RT @PorscheCutie: @bennyjohnson @elonmusk Donald Trump, Mike Lindell, James O Keefe, Sydney Powell, General Flynn, DC Draino, Mindy Robinso\u2026", "created_at": "2022-04-25T19:23:27.000Z", "edit_history_tweet_ids": ["1518672051485224961"], "author_id": "26534991"}, {"id": "1518671483454775297", "text": "RT @karmaphilip: Bring back #Donald Trump, #Steve Bannon, #Tommy Robinson, #Laura Loomer and many many others", "created_at": "2022-04-25T19:21:11.000Z", "edit_history_tweet_ids": ["1518671483454775297"], "author_id": "1485217806752919556"}, {"id": "1518671290260930562", "text": "Bring back #Donald Trump, #Steve Bannon, #Tommy Robinson, #Laura Loomer and many many others", "created_at": "2022-04-25T19:20:25.000Z", "edit_history_tweet_ids": ["1518671290260930562"], "author_id": "74518204"}, {"id": "1518670787720450049", "text": "RT @PorscheCutie: @bennyjohnson @elonmusk Donald Trump, Mike Lindell, James O Keefe, Sydney Powell, General Flynn, DC Draino, Mindy Robinso\u2026", "created_at": "2022-04-25T19:18:25.000Z", "edit_history_tweet_ids": ["1518670787720450049"], "author_id": "1511013461559545862"}, {"id": "1518670473726500865", "text": "RT @PorscheCutie: @bennyjohnson @elonmusk Donald Trump, Mike Lindell, James O Keefe, Sydney Powell, General Flynn, DC Draino, Mindy Robinso\u2026", "created_at": "2022-04-25T19:17:11.000Z", "edit_history_tweet_ids": ["1518670473726500865"], "author_id": "3281123940"}, {"id": "1518668591372988416", "text": "RT @PorscheCutie: @bennyjohnson @elonmusk Donald Trump, Mike Lindell, James O Keefe, Sydney Powell, General Flynn, DC Draino, Mindy Robinso\u2026", "created_at": "2022-04-25T19:09:42.000Z", "edit_history_tweet_ids": ["1518668591372988416"], "author_id": "1511105420407951364"}, {"id": "1518666794994741248", "text": "RT @PorscheCutie: @bennyjohnson @elonmusk Donald Trump, Mike Lindell, James O Keefe, Sydney Powell, General Flynn, DC Draino, Mindy Robinso\u2026", "created_at": "2022-04-25T19:02:34.000Z", "edit_history_tweet_ids": ["1518666794994741248"], "author_id": "1504167269085196297"}, {"id": "1518666729701863424", "text": "RT @PorscheCutie: @bennyjohnson @elonmusk Donald Trump, Mike Lindell, James O Keefe, Sydney Powell, General Flynn, DC Draino, Mindy Robinso\u2026", "created_at": "2022-04-25T19:02:18.000Z", "edit_history_tweet_ids": ["1518666729701863424"], "author_id": "1028421193710202880"}, {"id": "1518663145342046209", "text": "RT @AtlantaStu: Donald Trump, Tucker Carlson, Emerald Robinson, Babylon Bee, Alex Bernson, and anyone who dared to speak Truth to Power re:\u2026", "created_at": "2022-04-25T18:48:03.000Z", "edit_history_tweet_ids": ["1518663145342046209"], "author_id": "1430998419800219657"}, {"id": "1518662855473704960", "text": "RT @PorscheCutie: @bennyjohnson @elonmusk Donald Trump, Mike Lindell, James O Keefe, Sydney Powell, General Flynn, DC Draino, Mindy Robinso\u2026", "created_at": "2022-04-25T18:46:54.000Z", "edit_history_tweet_ids": ["1518662855473704960"], "author_id": "1512979652784144393"}, {"id": "1518659583467737091", "text": "RT @PorscheCutie: @bennyjohnson @elonmusk Donald Trump, Mike Lindell, James O Keefe, Sydney Powell, General Flynn, DC Draino, Mindy Robinso\u2026", "created_at": "2022-04-25T18:33:54.000Z", "edit_history_tweet_ids": ["1518659583467737091"], "author_id": "914258290225401856"}, {"id": "1518659235764080641", "text": "RT @PorscheCutie: @bennyjohnson @elonmusk Donald Trump, Mike Lindell, James O Keefe, Sydney Powell, General Flynn, DC Draino, Mindy Robinso\u2026", "created_at": "2022-04-25T18:32:31.000Z", "edit_history_tweet_ids": ["1518659235764080641"], "author_id": "2886473519"}, {"id": "1518658154116091909", "text": "RT @PorscheCutie: @bennyjohnson @elonmusk Donald Trump, Mike Lindell, James O Keefe, Sydney Powell, General Flynn, DC Draino, Mindy Robinso\u2026", "created_at": "2022-04-25T18:28:13.000Z", "edit_history_tweet_ids": ["1518658154116091909"], "author_id": "1401377088498765827"}, {"id": "1518657139186671616", "text": "@bennyjohnson @elonmusk Donald Trump, Mike Lindell, James O Keefe, Sydney Powell, General Flynn, DC Draino, Mindy Robinson \ud83c\uddfa\ud83c\uddf8", "created_at": "2022-04-25T18:24:11.000Z", "edit_history_tweet_ids": ["1518657139186671616"], "author_id": "357657729"}, {"id": "1518657077350182913", "text": "RT @AtlantaStu: Donald Trump, Tucker Carlson, Emerald Robinson, Babylon Bee, Alex Bernson, and anyone who dared to speak Truth to Power re:\u2026", "created_at": "2022-04-25T18:23:57.000Z", "edit_history_tweet_ids": ["1518657077350182913"], "author_id": "1440375742299205636"}], "meta": {"newest_id": "1518712461314203648", "oldest_id": "1518657077350182913", "result_count": 93, "next_token": "b26v89c19zqg8o3fpytoe3z6epy3sge50qjb0qij4qjy5"}}