{"data": [{"id": "1521502806687068160", "created_at": "2022-05-03T14:51:51.000Z", "author_id": "298605492", "text": "#LUB | INDUSTRIA DEL BUEN JUEGO\n\nCon un gran partido ofensivo y un ingreso decisivo de Donald Robinson desde la banca, Urupan derrot\u00f3 a Trouville y forz\u00f3 un quinto partido para definir el boleto a las semifinales.\n\n\u270d\ufe0f @santirodriguez8\n\ud83d\udcdd https://t.co/NqMxj5ou7Z https://t.co/Ec8SeRBZTE", "edit_history_tweet_ids": ["1521502806687068160"]}, {"id": "1521489729316958212", "created_at": "2022-05-03T13:59:54.000Z", "author_id": "380722890", "text": "@AroundTheNFL Los Angeles Rams New Defense\n\nEDGE: Leonard Floyd\n\ud83d\udc10: Aaron Donald\nNT: Greg Gaines\nDT: A Robinson\nEDGE: Terrell Lewis / J Hollins\n\nLB: Bobby Wagner\nLB: E Jones / T Howard\n\n\u2b50\ufe0f: Jalen Ramsey\nCB: D Long / R Rochell \nSlot: Troy Hill\nS: Jordan Fuller\nS: T Rapp\nS: N Scott / T Burgess", "edit_history_tweet_ids": ["1521489729316958212"]}, {"id": "1521489694822912000", "created_at": "2022-05-03T13:59:45.000Z", "author_id": "380722890", "text": "@AroundTheNFL Los Angeles Rams New Defense\n\nEDGE: Leonard Floyd\n\ud83d\udc10: Aaron Donald\nNT: Greg Gaines\nDT: A Robinson\nEDGE: Terrell Lewis / J Hollins\n\nLB: Bobby Wagner\nLB: E Jones / T Howard\n\n\u2b50\ufe0f: Jalen Ramsey\nCB: D Long / R Rochell \nSlot: Troy Hill\nS: Jordan Fuller\nS: T Rapp\nS: N Scott / T Burgess", "edit_history_tweet_ids": ["1521489694822912000"]}, {"id": "1521413888721309696", "created_at": "2022-05-03T08:58:32.000Z", "author_id": "2308971044", "text": "RT @urubasket: URUPAN FUERZA EL 5 PARTIDO - https://t.co/ui7eNRO8FV\nUrupan 97 Trouville 84DestacaronEn Urupan: Donald Robinson 28 pts 6 reb\u2026", "edit_history_tweet_ids": ["1521413888721309696"]}, {"id": "1521405064224690176", "created_at": "2022-05-03T08:23:28.000Z", "author_id": "1931194046", "text": "RT @The__Grenouille: Do you want the new @twitter to reinstate previously banned accounts? In particular accounts that were silenced for th\u2026", "edit_history_tweet_ids": ["1521405064224690176"]}, {"id": "1521404855067287554", "created_at": "2022-05-03T08:22:38.000Z", "author_id": "23510139", "text": "RT @The__Grenouille: Do you want the new @twitter to reinstate previously banned accounts? In particular accounts that were silenced for th\u2026", "edit_history_tweet_ids": ["1521404855067287554"]}, {"id": "1521324226103234560", "created_at": "2022-05-03T03:02:14.000Z", "author_id": "785918445653229568", "text": "#Urupan derrot\u00f3 97-84 a #Trouville y estir\u00f3 la serie de cuartos de final a un quinto y decisivo partido. Donald Robinson y Zygimantas Riauka las figuras \n\n\ud83d\udc49 https://t.co/JkHxujgRpo https://t.co/18P74gnQgM", "edit_history_tweet_ids": ["1521324226103234560"]}, {"id": "1521322806252040192", "created_at": "2022-05-03T02:56:36.000Z", "author_id": "152098079", "text": "Cuartos de final @LUB_Uy \ud83c\udfc0\nSerie 2 a 2\n\n@ClubTrouvilleUY 84\n@urupanpando 97\n\nUrup\u00e1n:\nDonald Robinson 28 pts, 6 reb, 4 asist\nZygimantas @Riauka 23 pts, 7 reb\n@SebaOttonello3 15 pts, 8 reb\n@MateoSarni 12 pts, 5 asist\n\nTrouville:\nDwayne Davis 24 pts\nMiles Bowman 21 pts, 5 reb", "edit_history_tweet_ids": ["1521322806252040192"]}, {"id": "1521318848565178368", "created_at": "2022-05-03T02:40:52.000Z", "author_id": "1693868851", "text": "RT @martintobler32: Triunfo de @urupanpando sobre @ClubTrouvilleUY 97-84 x 4tos de @LUB_Uy para igualar la serie y forzar a un 5to juego.Do\u2026", "edit_history_tweet_ids": ["1521318848565178368"]}, {"id": "1521314495313764352", "created_at": "2022-05-03T02:23:34.000Z", "author_id": "1439089830084894727", "text": "RT @ACiancioBruni: Final del \u00fanico juego de la noche:\n\n\u2022 Urupan 97-84 Trouville\n\nGoleadores \ud83d\udca5: Donald Robinson 28 puntos y Dwayne Davis 26\u2026", "edit_history_tweet_ids": ["1521314495313764352"]}, {"id": "1521314358281654273", "created_at": "2022-05-03T02:23:02.000Z", "author_id": "142423325", "text": "Triunfo de @urupanpando sobre @ClubTrouvilleUY 97-84 x 4tos de @LUB_Uy para igualar la serie y forzar a un 5to juego.Donald Robinson 28 pts,6 reb, Zygimantas Riauka @riauka 23 pts,7 reb,Sebasti\u00e1n Ottonello @SebaOttonello3 15 pts,8 reb,En Trouvillle Dwayne Davis @Dwayne_davis4 24 https://t.co/Wjd7TB52eF", "edit_history_tweet_ids": ["1521314358281654273"]}, {"id": "1521312330264420352", "created_at": "2022-05-03T02:14:58.000Z", "author_id": "341311981", "text": "Final del \u00fanico juego de la noche:\n\n\u2022 Urupan 97-84 Trouville\n\nGoleadores \ud83d\udca5: Donald Robinson 28 puntos y Dwayne Davis 26 unidades. \n\n\u25b6\ufe0f La serie se puso 2-2, y el viernes se define quien avanzar\u00e1 a semifinales.\n\nInform\u00f3: \u21aa @PortoSeguroUy https://t.co/80GU8QIt76", "edit_history_tweet_ids": ["1521312330264420352"]}, {"id": "1521311552384552961", "created_at": "2022-05-03T02:11:53.000Z", "author_id": "737276288", "text": "RT @Buysan: \ud83c\udfc0 Urupan venci\u00f3 97-84 a Trouville e igual\u00f3 la serie de cuartos de final.\n\n\u2b50 Donald Robinson: \n28 puntos, 6 rebotes, 4 asistenci\u2026", "edit_history_tweet_ids": ["1521311552384552961"]}, {"id": "1521311491026309122", "created_at": "2022-05-03T02:11:38.000Z", "author_id": "153336437", "text": "\ud83c\udfc0 Urupan venci\u00f3 97-84 a Trouville e igual\u00f3 la serie de cuartos de final.\n\n\u2b50 Donald Robinson: \n28 puntos, 6 rebotes, 4 asistencias.\n\n\ud83d\udd1c El viernes se define la serie.\n\n\ud83e\udd14 \u00bfQui\u00e9n pasar\u00e1 a semifinales? https://t.co/Ww6PoUtHkW", "edit_history_tweet_ids": ["1521311491026309122"]}, {"id": "1521311369647169536", "created_at": "2022-05-03T02:11:09.000Z", "author_id": "328544907", "text": "Final del juego en La Uni\u00f3n.\n\nUrupan 97-84 Trouville.\n\nGoleadores: Donald Robinson 28 puntos y Dwayne Davis 26 unidades.\n\nEl conjunto de Pando igual\u00f3 la serie 2-2, y el viernes se jugar\u00e1 el \u00faltimo punto de la llave.\n\nInform\u00f3: @dovemencareuy\n\n#PlayoffsxBT https://t.co/RBjTmQrKAZ", "edit_history_tweet_ids": ["1521311369647169536"]}, {"id": "1521310721002422276", "created_at": "2022-05-03T02:08:35.000Z", "author_id": "164347365", "text": "URUPAN FUERZA EL 5 PARTIDO - https://t.co/ui7eNRO8FV\nUrupan 97 Trouville 84DestacaronEn Urupan: Donald Robinson 28 pts 6 reb 4 as, Zygimantas Riauka 23 pts 7 reb 4 as, Sebastian Ottonello 15 pts 8 reb 3 as.\n\nEn Trouville: Dwayne Davis 24 pts 4 reb, Miles Bowman 21 pts 5 reb,...", "edit_history_tweet_ids": ["1521310721002422276"]}, {"id": "1521310021400727553", "created_at": "2022-05-03T02:05:48.000Z", "author_id": "969784819323473921", "text": "#LUBen5x5 \u00a1\u00a1Final!! \n\nGan\u00f3 @urupanpando 97-84 ante @ClubTrouvilleUY y estir\u00f3 la serie a un quinto y \u00faltimo partido que se jugar\u00eda en principio el d\u00eda Viernes. \n\nDonald Robinson fue el goleador de la noche con 28 puntos, 6 rebotes y 4 asistencias.", "edit_history_tweet_ids": ["1521310021400727553"]}, {"id": "1521306994321371136", "created_at": "2022-05-03T01:53:46.000Z", "author_id": "1251247809522778114", "text": "Aerolineas Donald Robinson anuncia el despegue de su vuelo rumbo al quinto partido de la serie\n\n@santirodriguez8 relata y @urupanpando disfruta de un gran partido\n\n#Laradioquenosmueve \n\n\ud83d\udde3\ufe0f @santirodriguez8 \ud83e\uddd0 @frydmanmartin1 \ud83d\udcfb @M24radio https://t.co/DhN4mlIbcm", "edit_history_tweet_ids": ["1521306994321371136"]}, {"id": "1521274950568488960", "created_at": "2022-05-02T23:46:26.000Z", "author_id": "236502996", "text": "Aaron Donald is impossible.\n\nSheds the block. \n\nUses one arm to throw 220-pound James Robinson to the ground.\n\nUses the other arm to tear the ball out of Robinson's hands (plural). https://t.co/FUFEwNUsc7", "edit_history_tweet_ids": ["1521274950568488960"]}, {"id": "1521228478443626497", "created_at": "2022-05-02T20:41:46.000Z", "author_id": "967856964817575938", "text": "@danhill2011 Donald trump, Marco Rubio, Tim Scott, Ron desantis, devin nunes, John n Kennedy, josh hawley, mark Robinson, ted Cruz, mike lee, rand Paul, mtg, Jim Jordan, Glenn youngkin, Ben Carson, Kathy barnette,", "edit_history_tweet_ids": ["1521228478443626497"]}, {"id": "1521220661447954433", "created_at": "2022-05-02T20:10:43.000Z", "author_id": "191211453", "text": "@DoABarrellRollx @VarnadoKeynan @kc571v @PFF_AustinGayle @PFF_Saints Ahhh yes, von Miller, Matt stafford, Leonard Floyd, Odell, Cooper Kupp, Aaron Donald, ashawn robinson, Jalen Ramsey, cam Akers. Those mid round picks I forgot", "edit_history_tweet_ids": ["1521220661447954433"]}, {"id": "1521184854053953536", "created_at": "2022-05-02T17:48:26.000Z", "author_id": "1046496502850433024", "text": "@ian_leonard @KelceyFox9 @AmyHockert @courtneygodfrey @McDermedFox9 @AlexLehnertFox9 @DawnAtFOX9 @LydenFOX9 @JYuhasKSTP @LBrownKSTP @WrenClair5 @kscullinfox9 @RenaKARE11 @JulieNelsonKARE @mcguirereports @LeahMcLeanKSTP @RandyMeierFox9 @Molls_Robinson https://t.co/qF5XaB12cE\n\nPresident Donald Trump wanted U.S. troops to shoot protesters during the racial justice demonstrations in 2020, according to a new book from former Defense Sec...", "edit_history_tweet_ids": ["1521184854053953536"]}, {"id": "1521123749533306882", "created_at": "2022-05-02T13:45:37.000Z", "author_id": "1444033100955242496", "text": "@LionsGuy9 @sodenad Very smart underrated point. Most of our base looks will be 4-2-5, but especially since we have the personnel for it, will see more 5-1 looks.  \ni.e the Rams with Miller/ Donald/ Robinson/ Joseph-Day / Floyd\n\nI like that look w/ Julian as well b/c he can drop off &amp; cover as well", "edit_history_tweet_ids": ["1521123749533306882"]}, {"id": "1521103560720723968", "created_at": "2022-05-02T12:25:24.000Z", "author_id": "1261300362729971714", "text": "Congratulations to our May 2022 C. Well Sweepstakes winners:\n\nDonald Kaufman of Allentown, PA\nGerald Kessler of Allentown, PA\nPeter Oswald of Wescosville, PA\nRobinson &amp; Robinson, Inc. of Allentown, PA\nThomas Zimmerman of Bethlehem, PA\n\nhttps://t.co/OUD3sZqF5B https://t.co/bK2L5tN691", "edit_history_tweet_ids": ["1521103560720723968"]}, {"id": "1520874934540644352", "created_at": "2022-05-01T21:16:55.000Z", "author_id": "1393718305802919936", "text": "@elonmusk 9 accounts were victim where twitters interpretation of context was affected by their left wing bias.\n\nProject Veritas\nEmerald Robinson\nDonald Trump\nMike Lindell \nMichael Flynn\nSidney Powell\nKanekoaTheGreat\nKash Patel\nThe Babylon Bee\n\n#ElonMuskBuyTwitter \n#Twitter #elon", "edit_history_tweet_ids": ["1520874934540644352"]}, {"id": "1520852862913327105", "created_at": "2022-05-01T19:49:13.000Z", "author_id": "1209389465916997633", "text": "RT @cannabismymedi1: Max Simon explores the topic of cannabis and cancer with the help of three people on the front lines of the fight agai\u2026", "edit_history_tweet_ids": ["1520852862913327105"]}, {"id": "1520850100691431425", "created_at": "2022-05-01T19:38:14.000Z", "author_id": "1420094422608351232", "text": "@DavidBovey @FandangoJosh @BartMan247 So the rams have kupp at 18 hig at 10 Robinson 10 and Jefferson at 7 as 3 wr and TE 35 mil for your top 3 wr and 45 if you add in the TE with all that they still have Donald at 26 Ramsey at 23! and that\u2019s not even counting the ridiculous money they are paying there Oline", "edit_history_tweet_ids": ["1520850100691431425"]}, {"id": "1520821780633591808", "created_at": "2022-05-01T17:45:42.000Z", "author_id": "1316820008551366658", "text": "Max Simon explores the topic of cannabis and cancer with the help of three people on the front lines of the fight against the disease: Dr. Donald Abrams one of the world\u2019s leading physicians on cannabis and cancer, Mike Robinson a cancer patient and\n\nhttps://t.co/q1w4yspeSn", "edit_history_tweet_ids": ["1520821780633591808"]}, {"id": "1520781540296437765", "created_at": "2022-05-01T15:05:48.000Z", "author_id": "534852565", "text": "@JJCarafano It will also surprise Clarence Thomas, Tim Scott, Byron Donald\u2019s, Mark Robinson, Kathy Barnette, Kristine Karamo and others.", "edit_history_tweet_ids": ["1520781540296437765"]}, {"id": "1520772699508858882", "created_at": "2022-05-01T14:30:40.000Z", "author_id": "302761322", "text": "RT @socialistsunday: He\u2019s going to bring back Donald Trump, Tommy Robinson and Katie Hopkins isn\u2019t he", "edit_history_tweet_ids": ["1520772699508858882"]}, {"id": "1520622173173338112", "created_at": "2022-05-01T04:32:32.000Z", "author_id": "1516751047012012035", "text": "@TheNotoriousMMA last 5 fights \nDustin Poirier\nDonald Corrone\nKhabib (goat)\nMayweather (boxing goat)\n\n@jakepaul last 5 fights \nTyron Woodley (overhand right)\nBen Askren (wrestler, worst stand up)\nNate Robinson(not a fighter retired basketballer)\nDeji (spastic YouTuber) https://t.co/fdIJmWcw8z", "edit_history_tweet_ids": ["1520622173173338112"]}, {"id": "1520514068972515328", "created_at": "2022-04-30T21:22:58.000Z", "author_id": "2393045542", "text": "donald robinson c maryland \n#StumpTheTruck", "edit_history_tweet_ids": ["1520514068972515328"]}, {"id": "1520494638016176130", "created_at": "2022-04-30T20:05:45.000Z", "author_id": "318191990", "text": "RT @javanagh87: @RapSheet Los Angeles Rams New Defense\n\nEDGE: Leonard Floyd\n\ud83d\udc10: Aaron Donald\nNT: Greg Gaines\nDT: A Robinson\nEDGE: Terrell Le\u2026", "edit_history_tweet_ids": ["1520494638016176130"]}, {"id": "1520476079282040834", "created_at": "2022-04-30T18:52:01.000Z", "author_id": "1107646065459818498", "text": "RT @javanagh87: @RapSheet Los Angeles Rams New Defense\n\nEDGE: Leonard Floyd\n\ud83d\udc10: Aaron Donald\nNT: Greg Gaines\nDT: A Robinson\nEDGE: Terrell Le\u2026", "edit_history_tweet_ids": ["1520476079282040834"]}, {"id": "1520475443207548928", "created_at": "2022-04-30T18:49:29.000Z", "author_id": "380722890", "text": "@RapSheet Los Angeles Rams New Defense\n\nEDGE: Leonard Floyd\n\ud83d\udc10: Aaron Donald\nNT: Greg Gaines\nDT: A Robinson\nEDGE: Terrell Lewis / J Hollins\n\nLB: Bobby Wagner\nLB: E Jones / T Howard\n\n\u2b50\ufe0f: Jalen Ramsey\nCB: D Long / R Rochell \nSlot: Troy Hill\nS: Jordan Fuller\nS: T Rapp\nS: N Scott / T Burgess", "edit_history_tweet_ids": ["1520475443207548928"]}, {"id": "1520470253381292035", "created_at": "2022-04-30T18:28:52.000Z", "author_id": "1276322082083782656", "text": "About Individual #1, Donald John Drumpf, from 2017, let's review... https://t.co/wev784tZbB @harrisonjaime\n @allinwithchris @andersoncooper @brithume @chrislhayes @DanRather @DavidFrum @RealDLHughley @Eugene_Robinson @gtconway3d @JoeNBC @JoyAnnReid @Lawrence @maddow @Morning_Joe", "edit_history_tweet_ids": ["1520470253381292035"]}, {"id": "1520470165455925248", "created_at": "2022-04-30T18:28:31.000Z", "author_id": "1179164287719239680", "text": "RT @javanagh87: @RapSheet Los Angeles Rams New Defense\n\nEDGE: Leonard Floyd\n\ud83d\udc10: Aaron Donald\nNT: Greg Gaines\nDT: A Robinson\nEDGE: Terrell Le\u2026", "edit_history_tweet_ids": ["1520470165455925248"]}, {"id": "1520469546360094723", "created_at": "2022-04-30T18:26:03.000Z", "author_id": "380722890", "text": "@Browns @AroundTheNFL Los Angeles Rams New Defense\n\nEDGE: Leonard Floyd\n\ud83d\udc10: Aaron Donald\nNT: Greg Gaines\nDT: A Robinson\nEDGE: Terrell Lewis / J Hollins\n\nLB: Bobby Wagner\nLB: E Jones / T Howard\n\n\u2b50\ufe0f: Jalen Ramsey\nCB: D Long / R Rochell \nSlot: Troy Hill\nS: Jordan Fuller\nS: T Rapp\nS: N Scott / T Burgess", "edit_history_tweet_ids": ["1520469546360094723"]}, {"id": "1520469260425785344", "created_at": "2022-04-30T18:24:55.000Z", "author_id": "1664206267", "text": "RT @javanagh87: @RapSheet Los Angeles Rams New Defense\n\nEDGE: Leonard Floyd\n\ud83d\udc10: Aaron Donald\nNT: Greg Gaines\nDT: A Robinson\nEDGE: Terrell Le\u2026", "edit_history_tweet_ids": ["1520469260425785344"]}, {"id": "1520469036517232640", "created_at": "2022-04-30T18:24:01.000Z", "author_id": "380722890", "text": "@JRojas21 @RapSheet Los Angeles Rams New Defense\n\nEDGE: Leonard Floyd\n\ud83d\udc10: Aaron Donald\nNT: Greg Gaines\nDT: A Robinson\nEDGE: Terrell Lewis / J Hollins\n\nLB: Bobby Wagner\nLB: E Jones / T Howard\n\n\u2b50\ufe0f: Jalen Ramsey\nCB: D Long / R Rochell \nSlot: Troy Hill\nS: Jordan Fuller\nS: T Rapp\nS: N Scott / T Burgess", "edit_history_tweet_ids": ["1520469036517232640"]}, {"id": "1520465911248957440", "created_at": "2022-04-30T18:11:36.000Z", "author_id": "1331441390346145797", "text": "RT @javanagh87: @RapSheet Los Angeles Rams New Defense\n\nEDGE: Leonard Floyd\n\ud83d\udc10: Aaron Donald\nNT: Greg Gaines\nDT: A Robinson\nEDGE: Terrell Le\u2026", "edit_history_tweet_ids": ["1520465911248957440"]}, {"id": "1520465229494300673", "created_at": "2022-04-30T18:08:54.000Z", "author_id": "1283554294826971146", "text": "RT @javanagh87: @RapSheet Los Angeles Rams New Defense\n\nEDGE: Leonard Floyd\n\ud83d\udc10: Aaron Donald\nNT: Greg Gaines\nDT: A Robinson\nEDGE: Terrell Le\u2026", "edit_history_tweet_ids": ["1520465229494300673"]}, {"id": "1520464935477968896", "created_at": "2022-04-30T18:07:44.000Z", "author_id": "887695538174537730", "text": "RT @javanagh87: @jpafootball @RapSheet Los Angeles Rams New Defense\n\nEDGE: Leonard Floyd\n\ud83d\udc10: Aaron Donald\nNT: Greg Gaines\nDT: A Robinson\nEDG\u2026", "edit_history_tweet_ids": ["1520464935477968896"]}, {"id": "1520464928196374530", "created_at": "2022-04-30T18:07:42.000Z", "author_id": "972186198419456001", "text": "RT @javanagh87: @RapSheet Los Angeles Rams New Defense\n\nEDGE: Leonard Floyd\n\ud83d\udc10: Aaron Donald\nNT: Greg Gaines\nDT: A Robinson\nEDGE: Terrell Le\u2026", "edit_history_tweet_ids": ["1520464928196374530"]}, {"id": "1520464825113100288", "created_at": "2022-04-30T18:07:17.000Z", "author_id": "380722890", "text": "@jpafootball @RapSheet Los Angeles Rams New Defense\n\nEDGE: Leonard Floyd\n\ud83d\udc10: Aaron Donald\nNT: Greg Gaines\nDT: A Robinson\nEDGE: Terrell Lewis / J Hollins\n\nLB: Bobby Wagner\nLB: E Jones / T Howard\n\n\u2b50\ufe0f: Jalen Ramsey\nCB: David Long\nSlot: Troy Hill\nS: Jordan Fuller\nS: Taylor Rapp\nS: N Scott / T Burgess", "edit_history_tweet_ids": ["1520464825113100288"]}, {"id": "1520464800358322181", "created_at": "2022-04-30T18:07:11.000Z", "author_id": "380722890", "text": "@RapSheet Los Angeles Rams New Defense\n\nEDGE: Leonard Floyd\n\ud83d\udc10: Aaron Donald\nNT: Greg Gaines\nDT: A Robinson\nEDGE: Terrell Lewis / J Hollins\n\nLB: Bobby Wagner\nLB: E Jones / T Howard\n\n\u2b50\ufe0f: Jalen Ramsey\nCB: David Long\nSlot: Troy Hill\nS: Jordan Fuller\nS: Taylor Rapp\nS: N Scott / T Burgess", "edit_history_tweet_ids": ["1520464800358322181"]}, {"id": "1520343922018426880", "created_at": "2022-04-30T10:06:52.000Z", "author_id": "1067883594", "text": "RT @seattlerams_nfl: For every Aaron Donald drafted yesterday, there were a few Greg Robinson\u2019s taken as well.\n\nAlso, very unlikely an Aaro\u2026", "edit_history_tweet_ids": ["1520343922018426880"]}, {"id": "1520307197594509317", "created_at": "2022-04-30T07:40:56.000Z", "author_id": "1341402942457430026", "text": "RT @seattlerams_nfl: For every Aaron Donald drafted yesterday, there were a few Greg Robinson\u2019s taken as well.\n\nAlso, very unlikely an Aaro\u2026", "edit_history_tweet_ids": ["1520307197594509317"]}, {"id": "1520242367508271104", "created_at": "2022-04-30T03:23:19.000Z", "author_id": "942254023058407424", "text": "@SpeakEZsports_ He didn\u2019t draft Donald, also the Rams drafted Greg Robinson before Donald\u2026draft Gurley and Goff though", "edit_history_tweet_ids": ["1520242367508271104"]}, {"id": "1520233691108327427", "created_at": "2022-04-30T02:48:51.000Z", "author_id": "803799232020889601", "text": "RT @tperk17: @ColumbiaBugle Alex Jones, InfoWars, Gavin McInnes, Laura Loomer, Milo Yiannopoulos, Joey Salads, ALX, carpedonktum, Michael F\u2026", "edit_history_tweet_ids": ["1520233691108327427"]}, {"id": "1520185646685429760", "created_at": "2022-04-29T23:37:56.000Z", "author_id": "1433937060218368000", "text": "RT @seattlerams_nfl: For every Aaron Donald drafted yesterday, there were a few Greg Robinson\u2019s taken as well.\n\nAlso, very unlikely an Aaro\u2026", "edit_history_tweet_ids": ["1520185646685429760"]}, {"id": "1520171645494652928", "created_at": "2022-04-29T22:42:18.000Z", "author_id": "392190625", "text": "@TheGov74 Yeah, @Nmartin55 and I actually did shots after the Robinson/Donald draft picks, thinking they had nailed two huge needs.\n\nAs it turns out, those shots were simply for King Aaron, which is enough to make it a  huge success.", "edit_history_tweet_ids": ["1520171645494652928"]}, {"id": "1520169585382678528", "created_at": "2022-04-29T22:34:07.000Z", "author_id": "1480740875521216513", "text": "It\u2019s troll stop if the rams sign Deebo I\u2019m not a sports fan listen to this Odell, Stafford, kupp, Robinson, Akers then you flip to defense Donald, Wagner, and now you want to sign deebo no https://t.co/Rhu2GQgZTZ", "edit_history_tweet_ids": ["1520169585382678528"]}, {"id": "1520157397712621568", "created_at": "2022-04-29T21:45:41.000Z", "author_id": "34931465", "text": "@f_fjay @petespeeks21 @Ryan_Spags I posted this before:\n\nThe PATS top 5 cap hits:\n\nMatt Judon\nHunter Henry\nNelson Agholor\nJonnu Smith\nIsaiah Wynn\n\nThe RAMS top 5 cap hits:\n\nAaron Donald\nJalen Ramsey\nCooper Kupp\nMatthew Stafford\nRob Havenstein\n\nThey also have: Allen Robinson, Leonard Floyd and Bobby Wagner", "edit_history_tweet_ids": ["1520157397712621568"]}, {"id": "1520135669288382464", "created_at": "2022-04-29T20:19:20.000Z", "author_id": "161101061", "text": "RT @seattlerams_nfl: For every Aaron Donald drafted yesterday, there were a few Greg Robinson\u2019s taken as well.\n\nAlso, very unlikely an Aaro\u2026", "edit_history_tweet_ids": ["1520135669288382464"]}, {"id": "1520086796813668355", "created_at": "2022-04-29T17:05:08.000Z", "author_id": "1346487942307598337", "text": "RT @willo1246: #NeverForget PFC Donald Richard Robinson, of Turtletown Tennessee, who served with the 101st Airborne Division, 1st Battalio\u2026", "edit_history_tweet_ids": ["1520086796813668355"]}, {"id": "1520085810820775937", "created_at": "2022-04-29T17:01:13.000Z", "author_id": "1486750633122091014", "text": "@whoisryan_21 Rams had a similar if not worse cap situation than the Cards\n\nExtended Stafford for 4 years max QB money. \n\nAdded the Bears\u2019 WR1 Robinson II for 3 years $46.5 Million. \n\nSigned LB Bobby Wagner 5 year $50-$65million. \n\nResigned many of their own. Working on extending Donald. Etc.", "edit_history_tweet_ids": ["1520085810820775937"]}, {"id": "1520074658418028544", "created_at": "2022-04-29T16:16:54.000Z", "author_id": "1394269303210315782", "text": "RT @seattlerams_nfl: For every Aaron Donald drafted yesterday, there were a few Greg Robinson\u2019s taken as well.\n\nAlso, very unlikely an Aaro\u2026", "edit_history_tweet_ids": ["1520074658418028544"]}, {"id": "1520069178404708353", "created_at": "2022-04-29T15:55:08.000Z", "author_id": "1446386709004836864", "text": "RT @seattlerams_nfl: For every Aaron Donald drafted yesterday, there were a few Greg Robinson\u2019s taken as well.\n\nAlso, very unlikely an Aaro\u2026", "edit_history_tweet_ids": ["1520069178404708353"]}, {"id": "1520068491553910784", "created_at": "2022-04-29T15:52:24.000Z", "author_id": "1331651638042398723", "text": "RT @seattlerams_nfl: For every Aaron Donald drafted yesterday, there were a few Greg Robinson\u2019s taken as well.\n\nAlso, very unlikely an Aaro\u2026", "edit_history_tweet_ids": ["1520068491553910784"]}, {"id": "1520052575612989440", "created_at": "2022-04-29T14:49:09.000Z", "author_id": "392190625", "text": "For every Aaron Donald drafted yesterday, there were a few Greg Robinson\u2019s taken as well.\n\nAlso, very unlikely an Aaron Donald was taken.", "edit_history_tweet_ids": ["1520052575612989440"]}, {"id": "1520052315671117825", "created_at": "2022-04-29T14:48:07.000Z", "author_id": "1893526939", "text": "@Marc_Bertrand for the WIN!\nLes stinks\n@RamsNFL @985TheSportsHub \n\nBrockers @14 bust - 2012\nTavon Austin @8 bust -2013\nAlec olgtree @30 bust -2013\nGreg Robinson @2 \ud83e\udd23\ud83e\udd23 2014\nDonald @ 13 stud -2014\nTodd gurley @10 bust -2015\nGoff @1 \ud83e\udd23\ud83e\udd23 2016\n17-22 traded them all", "edit_history_tweet_ids": ["1520052315671117825"]}, {"id": "1520046721799229440", "created_at": "2022-04-29T14:25:54.000Z", "author_id": "1161849523620274176", "text": "RT @willo1246: #NeverForget PFC Donald Richard Robinson, of Turtletown Tennessee, who served with the 101st Airborne Division, 1st Battalio\u2026", "edit_history_tweet_ids": ["1520046721799229440"]}], "meta": {"newest_id": "1521502806687068160", "oldest_id": "1520046721799229440", "result_count": 63, "next_token": "b26v89c19zqg8o3fpywksec6m6mjsq9660t4rbb024wot"}}