{"data": [{"author_id": "910233608522272768", "text": "RT @matcommenta: Tropa do PA:Jade Picon,Bruna marquezine,Neymar Jr,Gabriel Medina,\u00cdtalo Ferreira,Pedro Scooby,Gaul\u00eas,Felipe Prior,Let\u00edcia B\u2026", "id": "1517708877919367168", "edit_history_tweet_ids": ["1517708877919367168"], "created_at": "2022-04-23T03:36:08.000Z"}, {"author_id": "885512303520755712", "text": "RT @matcommenta: Tropa do PA:Jade Picon,Bruna marquezine,Neymar Jr,Gabriel Medina,\u00cdtalo Ferreira,Pedro Scooby,Gaul\u00eas,Felipe Prior,Let\u00edcia B\u2026", "id": "1517708830234353664", "edit_history_tweet_ids": ["1517708830234353664"], "created_at": "2022-04-23T03:35:57.000Z"}, {"author_id": "1430727322139824130", "text": "RT @matcommenta: Tropa do PA:Jade Picon,Bruna marquezine,Neymar Jr,Gabriel Medina,\u00cdtalo Ferreira,Pedro Scooby,Gaul\u00eas,Felipe Prior,Let\u00edcia B\u2026", "id": "1517708794029121536", "edit_history_tweet_ids": ["1517708794029121536"], "created_at": "2022-04-23T03:35:48.000Z"}, {"author_id": "340946742", "text": "RT @matcommenta: Tropa do PA:Jade Picon,Bruna marquezine,Neymar Jr,Gabriel Medina,\u00cdtalo Ferreira,Pedro Scooby,Gaul\u00eas,Felipe Prior,Let\u00edcia B\u2026", "id": "1517708585593196544", "edit_history_tweet_ids": ["1517708585593196544"], "created_at": "2022-04-23T03:34:59.000Z"}, {"author_id": "286967730", "text": "RT @matcommenta: Tropa do PA:Jade Picon,Bruna marquezine,Neymar Jr,Gabriel Medina,\u00cdtalo Ferreira,Pedro Scooby,Gaul\u00eas,Felipe Prior,Let\u00edcia B\u2026", "id": "1517708168154996737", "edit_history_tweet_ids": ["1517708168154996737"], "created_at": "2022-04-23T03:33:19.000Z"}, {"author_id": "1111469218187411457", "text": "RT @matcommenta: Tropa do PA:Jade Picon,Bruna marquezine,Neymar Jr,Gabriel Medina,\u00cdtalo Ferreira,Pedro Scooby,Gaul\u00eas,Felipe Prior,Let\u00edcia B\u2026", "id": "1517707556344541184", "edit_history_tweet_ids": ["1517707556344541184"], "created_at": "2022-04-23T03:30:53.000Z"}, {"author_id": "1346890443242561538", "text": "RT @matcommenta: Tropa do PA:Jade Picon,Bruna marquezine,Neymar Jr,Gabriel Medina,\u00cdtalo Ferreira,Pedro Scooby,Gaul\u00eas,Felipe Prior,Let\u00edcia B\u2026", "id": "1517707391797809152", "edit_history_tweet_ids": ["1517707391797809152"], "created_at": "2022-04-23T03:30:14.000Z"}, {"author_id": "1264023992198930433", "text": "RT @matcommenta: Tropa do PA:Jade Picon,Bruna marquezine,Neymar Jr,Gabriel Medina,\u00cdtalo Ferreira,Pedro Scooby,Gaul\u00eas,Felipe Prior,Let\u00edcia B\u2026", "id": "1517706861369335809", "edit_history_tweet_ids": ["1517706861369335809"], "created_at": "2022-04-23T03:28:08.000Z"}, {"author_id": "1299566088888475648", "text": "RT @matcommenta: Tropa do PA:Jade Picon,Bruna marquezine,Neymar Jr,Gabriel Medina,\u00cdtalo Ferreira,Pedro Scooby,Gaul\u00eas,Felipe Prior,Let\u00edcia B\u2026", "id": "1517706764350808067", "edit_history_tweet_ids": ["1517706764350808067"], "created_at": "2022-04-23T03:27:44.000Z"}, {"author_id": "1354148186953310209", "text": "RT @JeffinValentine: Tropa do PA:Jade Picon,Bruna marquezine,Neymar Jr,Gabriel Medina,\u00cdtalo Ferreira,Pedro Scooby,Gaul\u00eas,Felipe Prior,Let\u00edc\u2026", "id": "1517706394190897152", "edit_history_tweet_ids": ["1517706394190897152"], "created_at": "2022-04-23T03:26:16.000Z"}, {"author_id": "1224106543903318016", "text": "RT @matcommenta: Tropa do PA:Jade Picon,Bruna marquezine,Neymar Jr,Gabriel Medina,\u00cdtalo Ferreira,Pedro Scooby,Gaul\u00eas,Felipe Prior,Let\u00edcia B\u2026", "id": "1517706339467866112", "edit_history_tweet_ids": ["1517706339467866112"], "created_at": "2022-04-23T03:26:03.000Z"}, {"author_id": "745417774323884032", "text": "RT @matcommenta: Tropa do PA:Jade Picon,Bruna marquezine,Neymar Jr,Gabriel Medina,\u00cdtalo Ferreira,Pedro Scooby,Gaul\u00eas,Felipe Prior,Let\u00edcia B\u2026", "id": "1517704889840902144", "edit_history_tweet_ids": ["1517704889840902144"], "created_at": "2022-04-23T03:20:17.000Z"}, {"author_id": "286843163", "text": "Tropa do PA:Jade Picon,Bruna marquezine,Neymar Jr,Gabriel Medina,\u00cdtalo Ferreira,Pedro Scooby,Gaul\u00eas,Felipe Prior,Let\u00edcia Buffoni,Filipe Ret,L7nnon,Ludmilla.\n\nTropa do p\u00e3o:tias do bingo,asilo,nego do Borel,S\u00f4nia Abra\u00e3o e as chifrudas que perdoam marido", "id": "1517704868969988097", "edit_history_tweet_ids": ["1517704868969988097"], "created_at": "2022-04-23T03:20:13.000Z"}, {"author_id": "3025952955", "text": "RT @matcommenta: Tropa do PA:Jade Picon,Bruna marquezine,Neymar Jr,Gabriel Medina,\u00cdtalo Ferreira,Pedro Scooby,Gaul\u00eas,Felipe Prior,Let\u00edcia B\u2026", "id": "1517704427741798402", "edit_history_tweet_ids": ["1517704427741798402"], "created_at": "2022-04-23T03:18:27.000Z"}, {"author_id": "4589813717", "text": "RT @matcommenta: Tropa do PA:Jade Picon,Bruna marquezine,Neymar Jr,Gabriel Medina,\u00cdtalo Ferreira,Pedro Scooby,Gaul\u00eas,Felipe Prior,Let\u00edcia B\u2026", "id": "1517704334645075968", "edit_history_tweet_ids": ["1517704334645075968"], "created_at": "2022-04-23T03:18:05.000Z"}, {"author_id": "1377097442781319176", "text": "RT @matcommenta: Tropa do PA:Jade Picon,Bruna marquezine,Neymar Jr,Gabriel Medina,\u00cdtalo Ferreira,Pedro Scooby,Gaul\u00eas,Felipe Prior,Let\u00edcia B\u2026", "id": "1517704304018313222", "edit_history_tweet_ids": ["1517704304018313222"], "created_at": "2022-04-23T03:17:58.000Z"}, {"author_id": "1328945798843916289", "text": "RT @matcommenta: Tropa do PA:Jade Picon,Bruna marquezine,Neymar Jr,Gabriel Medina,\u00cdtalo Ferreira,Pedro Scooby,Gaul\u00eas,Felipe Prior,Let\u00edcia B\u2026", "id": "1517703982759784449", "edit_history_tweet_ids": ["1517703982759784449"], "created_at": "2022-04-23T03:16:41.000Z"}, {"author_id": "779815053163958273", "text": "RT @matcommenta: Tropa do PA:Jade Picon,Bruna marquezine,Neymar Jr,Gabriel Medina,\u00cdtalo Ferreira,Pedro Scooby,Gaul\u00eas,Felipe Prior,Let\u00edcia B\u2026", "id": "1517703747312488448", "edit_history_tweet_ids": ["1517703747312488448"], "created_at": "2022-04-23T03:15:45.000Z"}, {"author_id": "1319341113031987201", "text": "RT @matcommenta: Tropa do PA:Jade Picon,Bruna marquezine,Neymar Jr,Gabriel Medina,\u00cdtalo Ferreira,Pedro Scooby,Gaul\u00eas,Felipe Prior,Let\u00edcia B\u2026", "id": "1517703739431337984", "edit_history_tweet_ids": ["1517703739431337984"], "created_at": "2022-04-23T03:15:43.000Z"}, {"author_id": "62290680", "text": "RT @matcommenta: Tropa do PA:Jade Picon,Bruna marquezine,Neymar Jr,Gabriel Medina,\u00cdtalo Ferreira,Pedro Scooby,Gaul\u00eas,Felipe Prior,Let\u00edcia B\u2026", "id": "1517703544727613440", "edit_history_tweet_ids": ["1517703544727613440"], "created_at": "2022-04-23T03:14:57.000Z"}, {"author_id": "4744832267", "text": "RT @matcommenta: Tropa do PA:Jade Picon,Bruna marquezine,Neymar Jr,Gabriel Medina,\u00cdtalo Ferreira,Pedro Scooby,Gaul\u00eas,Felipe Prior,Let\u00edcia B\u2026", "id": "1517703363810504704", "edit_history_tweet_ids": ["1517703363810504704"], "created_at": "2022-04-23T03:14:14.000Z"}, {"author_id": "35791119", "text": "RT @matcommenta: Tropa do PA:Jade Picon,Bruna marquezine,Neymar Jr,Gabriel Medina,\u00cdtalo Ferreira,Pedro Scooby,Gaul\u00eas,Felipe Prior,Let\u00edcia B\u2026", "id": "1517703071865917441", "edit_history_tweet_ids": ["1517703071865917441"], "created_at": "2022-04-23T03:13:04.000Z"}, {"author_id": "164068181", "text": "RT @matcommenta: Tropa do PA:Jade Picon,Bruna marquezine,Neymar Jr,Gabriel Medina,\u00cdtalo Ferreira,Pedro Scooby,Gaul\u00eas,Felipe Prior,Let\u00edcia B\u2026", "id": "1517703032586260480", "edit_history_tweet_ids": ["1517703032586260480"], "created_at": "2022-04-23T03:12:55.000Z"}, {"author_id": "1058841918409449473", "text": "RT @matcommenta: Tropa do PA:Jade Picon,Bruna marquezine,Neymar Jr,Gabriel Medina,\u00cdtalo Ferreira,Pedro Scooby,Gaul\u00eas,Felipe Prior,Let\u00edcia B\u2026", "id": "1517703027423166464", "edit_history_tweet_ids": ["1517703027423166464"], "created_at": "2022-04-23T03:12:53.000Z"}, {"author_id": "4906374916", "text": "RT @matcommenta: Tropa do PA:Jade Picon,Bruna marquezine,Neymar Jr,Gabriel Medina,\u00cdtalo Ferreira,Pedro Scooby,Gaul\u00eas,Felipe Prior,Let\u00edcia B\u2026", "id": "1517702741656801280", "edit_history_tweet_ids": ["1517702741656801280"], "created_at": "2022-04-23T03:11:45.000Z"}, {"author_id": "2488948322", "text": "RT @matcommenta: Tropa do PA:Jade Picon,Bruna marquezine,Neymar Jr,Gabriel Medina,\u00cdtalo Ferreira,Pedro Scooby,Gaul\u00eas,Felipe Prior,Let\u00edcia B\u2026", "id": "1517702673407094786", "edit_history_tweet_ids": ["1517702673407094786"], "created_at": "2022-04-23T03:11:29.000Z"}, {"author_id": "363930796", "text": "RT @matcommenta: Tropa do PA:Jade Picon,Bruna marquezine,Neymar Jr,Gabriel Medina,\u00cdtalo Ferreira,Pedro Scooby,Gaul\u00eas,Felipe Prior,Let\u00edcia B\u2026", "id": "1517702565013643264", "edit_history_tweet_ids": ["1517702565013643264"], "created_at": "2022-04-23T03:11:03.000Z"}, {"author_id": "1213970796189667328", "text": "RT @matcommenta: Tropa do PA:Jade Picon,Bruna marquezine,Neymar Jr,Gabriel Medina,\u00cdtalo Ferreira,Pedro Scooby,Gaul\u00eas,Felipe Prior,Let\u00edcia B\u2026", "id": "1517702436504408065", "edit_history_tweet_ids": ["1517702436504408065"], "created_at": "2022-04-23T03:10:33.000Z"}, {"author_id": "953036877254230016", "text": "RT @matcommenta: Tropa do PA:Jade Picon,Bruna marquezine,Neymar Jr,Gabriel Medina,\u00cdtalo Ferreira,Pedro Scooby,Gaul\u00eas,Felipe Prior,Let\u00edcia B\u2026", "id": "1517702436240171009", "edit_history_tweet_ids": ["1517702436240171009"], "created_at": "2022-04-23T03:10:33.000Z"}, {"author_id": "1293313471426199552", "text": "RT @matcommenta: Tropa do PA:Jade Picon,Bruna marquezine,Neymar Jr,Gabriel Medina,\u00cdtalo Ferreira,Pedro Scooby,Gaul\u00eas,Felipe Prior,Let\u00edcia B\u2026", "id": "1517702430875701249", "edit_history_tweet_ids": ["1517702430875701249"], "created_at": "2022-04-23T03:10:31.000Z"}, {"author_id": "83263717", "text": "RT @matcommenta: Tropa do PA:Jade Picon,Bruna marquezine,Neymar Jr,Gabriel Medina,\u00cdtalo Ferreira,Pedro Scooby,Gaul\u00eas,Felipe Prior,Let\u00edcia B\u2026", "id": "1517702294539837447", "edit_history_tweet_ids": ["1517702294539837447"], "created_at": "2022-04-23T03:09:59.000Z"}, {"author_id": "1500201261395812357", "text": "RT @matcommenta: Tropa do PA:Jade Picon,Bruna marquezine,Neymar Jr,Gabriel Medina,\u00cdtalo Ferreira,Pedro Scooby,Gaul\u00eas,Felipe Prior,Let\u00edcia B\u2026", "id": "1517702125396144128", "edit_history_tweet_ids": ["1517702125396144128"], "created_at": "2022-04-23T03:09:18.000Z"}, {"author_id": "1163999223743963136", "text": "RT @matcommenta: Tropa do PA:Jade Picon,Bruna marquezine,Neymar Jr,Gabriel Medina,\u00cdtalo Ferreira,Pedro Scooby,Gaul\u00eas,Felipe Prior,Let\u00edcia B\u2026", "id": "1517702027165507584", "edit_history_tweet_ids": ["1517702027165507584"], "created_at": "2022-04-23T03:08:55.000Z"}, {"author_id": "528632781", "text": "RT @matcommenta: Tropa do PA:Jade Picon,Bruna marquezine,Neymar Jr,Gabriel Medina,\u00cdtalo Ferreira,Pedro Scooby,Gaul\u00eas,Felipe Prior,Let\u00edcia B\u2026", "id": "1517702005149548544", "edit_history_tweet_ids": ["1517702005149548544"], "created_at": "2022-04-23T03:08:50.000Z"}, {"author_id": "928973896266764288", "text": "RT @matcommenta: Tropa do PA:Jade Picon,Bruna marquezine,Neymar Jr,Gabriel Medina,\u00cdtalo Ferreira,Pedro Scooby,Gaul\u00eas,Felipe Prior,Let\u00edcia B\u2026", "id": "1517701951038832645", "edit_history_tweet_ids": ["1517701951038832645"], "created_at": "2022-04-23T03:08:37.000Z"}, {"author_id": "4011577701", "text": "RT @matcommenta: Tropa do PA:Jade Picon,Bruna marquezine,Neymar Jr,Gabriel Medina,\u00cdtalo Ferreira,Pedro Scooby,Gaul\u00eas,Felipe Prior,Let\u00edcia B\u2026", "id": "1517701948622876672", "edit_history_tweet_ids": ["1517701948622876672"], "created_at": "2022-04-23T03:08:36.000Z"}, {"author_id": "1275602668677926918", "text": "RT @matcommenta: Tropa do PA:Jade Picon,Bruna marquezine,Neymar Jr,Gabriel Medina,\u00cdtalo Ferreira,Pedro Scooby,Gaul\u00eas,Felipe Prior,Let\u00edcia B\u2026", "id": "1517701893270929409", "edit_history_tweet_ids": ["1517701893270929409"], "created_at": "2022-04-23T03:08:23.000Z"}, {"author_id": "1379267671938711553", "text": "RT @matcommenta: Tropa do PA:Jade Picon,Bruna marquezine,Neymar Jr,Gabriel Medina,\u00cdtalo Ferreira,Pedro Scooby,Gaul\u00eas,Felipe Prior,Let\u00edcia B\u2026", "id": "1517701587858341888", "edit_history_tweet_ids": ["1517701587858341888"], "created_at": "2022-04-23T03:07:10.000Z"}, {"author_id": "1472405948", "text": "RT @matcommenta: Tropa do PA:Jade Picon,Bruna marquezine,Neymar Jr,Gabriel Medina,\u00cdtalo Ferreira,Pedro Scooby,Gaul\u00eas,Felipe Prior,Let\u00edcia B\u2026", "id": "1517701577376731140", "edit_history_tweet_ids": ["1517701577376731140"], "created_at": "2022-04-23T03:07:08.000Z"}, {"author_id": "1261138359826542592", "text": "RT @matcommenta: Tropa do PA:Jade Picon,Bruna marquezine,Neymar Jr,Gabriel Medina,\u00cdtalo Ferreira,Pedro Scooby,Gaul\u00eas,Felipe Prior,Let\u00edcia B\u2026", "id": "1517701443125456896", "edit_history_tweet_ids": ["1517701443125456896"], "created_at": "2022-04-23T03:06:36.000Z"}, {"author_id": "1241752528477392896", "text": "RT @matcommenta: Tropa do PA:Jade Picon,Bruna marquezine,Neymar Jr,Gabriel Medina,\u00cdtalo Ferreira,Pedro Scooby,Gaul\u00eas,Felipe Prior,Let\u00edcia B\u2026", "id": "1517701355804180480", "edit_history_tweet_ids": ["1517701355804180480"], "created_at": "2022-04-23T03:06:15.000Z"}, {"author_id": "1498009838399406083", "text": "RT @matcommenta: Tropa do PA:Jade Picon,Bruna marquezine,Neymar Jr,Gabriel Medina,\u00cdtalo Ferreira,Pedro Scooby,Gaul\u00eas,Felipe Prior,Let\u00edcia B\u2026", "id": "1517701190661947397", "edit_history_tweet_ids": ["1517701190661947397"], "created_at": "2022-04-23T03:05:36.000Z"}, {"author_id": "2745348729", "text": "RT @matcommenta: Tropa do PA:Jade Picon,Bruna marquezine,Neymar Jr,Gabriel Medina,\u00cdtalo Ferreira,Pedro Scooby,Gaul\u00eas,Felipe Prior,Let\u00edcia B\u2026", "id": "1517701107677544448", "edit_history_tweet_ids": ["1517701107677544448"], "created_at": "2022-04-23T03:05:16.000Z"}, {"author_id": "1084220306", "text": "RT @matcommenta: Tropa do PA:Jade Picon,Bruna marquezine,Neymar Jr,Gabriel Medina,\u00cdtalo Ferreira,Pedro Scooby,Gaul\u00eas,Felipe Prior,Let\u00edcia B\u2026", "id": "1517701094322880515", "edit_history_tweet_ids": ["1517701094322880515"], "created_at": "2022-04-23T03:05:13.000Z"}, {"author_id": "834178384653647872", "text": "RT @matcommenta: Tropa do PA:Jade Picon,Bruna marquezine,Neymar Jr,Gabriel Medina,\u00cdtalo Ferreira,Pedro Scooby,Gaul\u00eas,Felipe Prior,Let\u00edcia B\u2026", "id": "1517700995773566977", "edit_history_tweet_ids": ["1517700995773566977"], "created_at": "2022-04-23T03:04:49.000Z"}, {"author_id": "1090929979964211200", "text": "@AlieuSol's account is temporarily unavailable because it violates the Twitter Media Policy. Learn more.", "id": "1517700974764306432", "edit_history_tweet_ids": ["1517700974764306432"], "created_at": "2022-04-23T03:04:44.000Z"}, {"author_id": "3108986229", "text": "RT @matcommenta: Tropa do PA:Jade Picon,Bruna marquezine,Neymar Jr,Gabriel Medina,\u00cdtalo Ferreira,Pedro Scooby,Gaul\u00eas,Felipe Prior,Let\u00edcia B\u2026", "id": "1517700833173028865", "edit_history_tweet_ids": ["1517700833173028865"], "created_at": "2022-04-23T03:04:10.000Z"}, {"author_id": "1091602303", "text": "RT @matcommenta: Tropa do PA:Jade Picon,Bruna marquezine,Neymar Jr,Gabriel Medina,\u00cdtalo Ferreira,Pedro Scooby,Gaul\u00eas,Felipe Prior,Let\u00edcia B\u2026", "id": "1517700735525343232", "edit_history_tweet_ids": ["1517700735525343232"], "created_at": "2022-04-23T03:03:47.000Z"}, {"author_id": "700125272", "text": "RT @matcommenta: Tropa do PA:Jade Picon,Bruna marquezine,Neymar Jr,Gabriel Medina,\u00cdtalo Ferreira,Pedro Scooby,Gaul\u00eas,Felipe Prior,Let\u00edcia B\u2026", "id": "1517700218552463361", "edit_history_tweet_ids": ["1517700218552463361"], "created_at": "2022-04-23T03:01:44.000Z"}, {"author_id": "1496313109774012421", "text": "RT @matcommenta: Tropa do PA:Jade Picon,Bruna marquezine,Neymar Jr,Gabriel Medina,\u00cdtalo Ferreira,Pedro Scooby,Gaul\u00eas,Felipe Prior,Let\u00edcia B\u2026", "id": "1517700215561719808", "edit_history_tweet_ids": ["1517700215561719808"], "created_at": "2022-04-23T03:01:43.000Z"}, {"author_id": "2384398789", "text": "RT @matcommenta: Tropa do PA:Jade Picon,Bruna marquezine,Neymar Jr,Gabriel Medina,\u00cdtalo Ferreira,Pedro Scooby,Gaul\u00eas,Felipe Prior,Let\u00edcia B\u2026", "id": "1517699221352235009", "edit_history_tweet_ids": ["1517699221352235009"], "created_at": "2022-04-23T02:57:46.000Z"}, {"author_id": "875815891480567808", "text": "RT @matcommenta: Tropa do PA:Jade Picon,Bruna marquezine,Neymar Jr,Gabriel Medina,\u00cdtalo Ferreira,Pedro Scooby,Gaul\u00eas,Felipe Prior,Let\u00edcia B\u2026", "id": "1517698443300454400", "edit_history_tweet_ids": ["1517698443300454400"], "created_at": "2022-04-23T02:54:41.000Z"}, {"author_id": "1251216155269890049", "text": "RT @matcommenta: Tropa do PA:Jade Picon,Bruna marquezine,Neymar Jr,Gabriel Medina,\u00cdtalo Ferreira,Pedro Scooby,Gaul\u00eas,Felipe Prior,Let\u00edcia B\u2026", "id": "1517698055130304514", "edit_history_tweet_ids": ["1517698055130304514"], "created_at": "2022-04-23T02:53:08.000Z"}, {"author_id": "1306990427200008193", "text": "RT @matcommenta: Tropa do PA:Jade Picon,Bruna marquezine,Neymar Jr,Gabriel Medina,\u00cdtalo Ferreira,Pedro Scooby,Gaul\u00eas,Felipe Prior,Let\u00edcia B\u2026", "id": "1517697993742368771", "edit_history_tweet_ids": ["1517697993742368771"], "created_at": "2022-04-23T02:52:53.000Z"}, {"author_id": "1347954535034187782", "text": "RT @matcommenta: Tropa do PA:Jade Picon,Bruna marquezine,Neymar Jr,Gabriel Medina,\u00cdtalo Ferreira,Pedro Scooby,Gaul\u00eas,Felipe Prior,Let\u00edcia B\u2026", "id": "1517697687608508423", "edit_history_tweet_ids": ["1517697687608508423"], "created_at": "2022-04-23T02:51:40.000Z"}, {"author_id": "1288290164759027713", "text": "RT @matcommenta: Tropa do PA:Jade Picon,Bruna marquezine,Neymar Jr,Gabriel Medina,\u00cdtalo Ferreira,Pedro Scooby,Gaul\u00eas,Felipe Prior,Let\u00edcia B\u2026", "id": "1517697453969055746", "edit_history_tweet_ids": ["1517697453969055746"], "created_at": "2022-04-23T02:50:45.000Z"}, {"author_id": "3137067784", "text": "RT @matcommenta: Tropa do PA:Jade Picon,Bruna marquezine,Neymar Jr,Gabriel Medina,\u00cdtalo Ferreira,Pedro Scooby,Gaul\u00eas,Felipe Prior,Let\u00edcia B\u2026", "id": "1517697028406628352", "edit_history_tweet_ids": ["1517697028406628352"], "created_at": "2022-04-23T02:49:03.000Z"}, {"author_id": "264303364", "text": "RT @matcommenta: Tropa do PA:Jade Picon,Bruna marquezine,Neymar Jr,Gabriel Medina,\u00cdtalo Ferreira,Pedro Scooby,Gaul\u00eas,Felipe Prior,Let\u00edcia B\u2026", "id": "1517696842271805442", "edit_history_tweet_ids": ["1517696842271805442"], "created_at": "2022-04-23T02:48:19.000Z"}, {"author_id": "1231955551866834946", "text": "RT @matcommenta: Tropa do PA:Jade Picon,Bruna marquezine,Neymar Jr,Gabriel Medina,\u00cdtalo Ferreira,Pedro Scooby,Gaul\u00eas,Felipe Prior,Let\u00edcia B\u2026", "id": "1517696416159838208", "edit_history_tweet_ids": ["1517696416159838208"], "created_at": "2022-04-23T02:46:37.000Z"}, {"author_id": "1252646543087329281", "text": "RT @matcommenta: Tropa do PA:Jade Picon,Bruna marquezine,Neymar Jr,Gabriel Medina,\u00cdtalo Ferreira,Pedro Scooby,Gaul\u00eas,Felipe Prior,Let\u00edcia B\u2026", "id": "1517696286392266754", "edit_history_tweet_ids": ["1517696286392266754"], "created_at": "2022-04-23T02:46:06.000Z"}, {"author_id": "4373589801", "text": "RT @matcommenta: Tropa do PA:Jade Picon,Bruna marquezine,Neymar Jr,Gabriel Medina,\u00cdtalo Ferreira,Pedro Scooby,Gaul\u00eas,Felipe Prior,Let\u00edcia B\u2026", "id": "1517696232575148032", "edit_history_tweet_ids": ["1517696232575148032"], "created_at": "2022-04-23T02:45:53.000Z"}, {"author_id": "1468237489802465290", "text": "RT @matcommenta: Tropa do PA:Jade Picon,Bruna marquezine,Neymar Jr,Gabriel Medina,\u00cdtalo Ferreira,Pedro Scooby,Gaul\u00eas,Felipe Prior,Let\u00edcia B\u2026", "id": "1517696080653307904", "edit_history_tweet_ids": ["1517696080653307904"], "created_at": "2022-04-23T02:45:17.000Z"}, {"author_id": "1493312926949728260", "text": "RT @matcommenta: Tropa do PA:Jade Picon,Bruna marquezine,Neymar Jr,Gabriel Medina,\u00cdtalo Ferreira,Pedro Scooby,Gaul\u00eas,Felipe Prior,Let\u00edcia B\u2026", "id": "1517695903531945986", "edit_history_tweet_ids": ["1517695903531945986"], "created_at": "2022-04-23T02:44:35.000Z"}, {"author_id": "263186963", "text": "RT @matcommenta: Tropa do PA:Jade Picon,Bruna marquezine,Neymar Jr,Gabriel Medina,\u00cdtalo Ferreira,Pedro Scooby,Gaul\u00eas,Felipe Prior,Let\u00edcia B\u2026", "id": "1517695608647307265", "edit_history_tweet_ids": ["1517695608647307265"], "created_at": "2022-04-23T02:43:25.000Z"}, {"author_id": "847983700788826112", "text": "RT @matcommenta: Tropa do PA:Jade Picon,Bruna marquezine,Neymar Jr,Gabriel Medina,\u00cdtalo Ferreira,Pedro Scooby,Gaul\u00eas,Felipe Prior,Let\u00edcia B\u2026", "id": "1517695471363444737", "edit_history_tweet_ids": ["1517695471363444737"], "created_at": "2022-04-23T02:42:52.000Z"}, {"author_id": "1213098142352039936", "text": "RT @matcommenta: Tropa do PA:Jade Picon,Bruna marquezine,Neymar Jr,Gabriel Medina,\u00cdtalo Ferreira,Pedro Scooby,Gaul\u00eas,Felipe Prior,Let\u00edcia B\u2026", "id": "1517695336554323968", "edit_history_tweet_ids": ["1517695336554323968"], "created_at": "2022-04-23T02:42:20.000Z"}, {"author_id": "1202067954491363330", "text": "RT @matcommenta: Tropa do PA:Jade Picon,Bruna marquezine,Neymar Jr,Gabriel Medina,\u00cdtalo Ferreira,Pedro Scooby,Gaul\u00eas,Felipe Prior,Let\u00edcia B\u2026", "id": "1517695195382435843", "edit_history_tweet_ids": ["1517695195382435843"], "created_at": "2022-04-23T02:41:46.000Z"}, {"author_id": "1243407425949978626", "text": "RT @matcommenta: Tropa do PA:Jade Picon,Bruna marquezine,Neymar Jr,Gabriel Medina,\u00cdtalo Ferreira,Pedro Scooby,Gaul\u00eas,Felipe Prior,Let\u00edcia B\u2026", "id": "1517695024561020929", "edit_history_tweet_ids": ["1517695024561020929"], "created_at": "2022-04-23T02:41:05.000Z"}, {"author_id": "1252075859600723968", "text": "RT @matcommenta: Tropa do PA:Jade Picon,Bruna marquezine,Neymar Jr,Gabriel Medina,\u00cdtalo Ferreira,Pedro Scooby,Gaul\u00eas,Felipe Prior,Let\u00edcia B\u2026", "id": "1517694956261019648", "edit_history_tweet_ids": ["1517694956261019648"], "created_at": "2022-04-23T02:40:49.000Z"}, {"author_id": "2705055975", "text": "RT @matcommenta: Tropa do PA:Jade Picon,Bruna marquezine,Neymar Jr,Gabriel Medina,\u00cdtalo Ferreira,Pedro Scooby,Gaul\u00eas,Felipe Prior,Let\u00edcia B\u2026", "id": "1517694853169176592", "edit_history_tweet_ids": ["1517694853169176592"], "created_at": "2022-04-23T02:40:25.000Z"}, {"author_id": "1094331208916451329", "text": "RT @matcommenta: Tropa do PA:Jade Picon,Bruna marquezine,Neymar Jr,Gabriel Medina,\u00cdtalo Ferreira,Pedro Scooby,Gaul\u00eas,Felipe Prior,Let\u00edcia B\u2026", "id": "1517694832847822848", "edit_history_tweet_ids": ["1517694832847822848"], "created_at": "2022-04-23T02:40:20.000Z"}, {"author_id": "310441989", "text": "RT @matcommenta: Tropa do PA:Jade Picon,Bruna marquezine,Neymar Jr,Gabriel Medina,\u00cdtalo Ferreira,Pedro Scooby,Gaul\u00eas,Felipe Prior,Let\u00edcia B\u2026", "id": "1517694720213934080", "edit_history_tweet_ids": ["1517694720213934080"], "created_at": "2022-04-23T02:39:53.000Z"}, {"author_id": "1244800485044912129", "text": "RT @matcommenta: Tropa do PA:Jade Picon,Bruna marquezine,Neymar Jr,Gabriel Medina,\u00cdtalo Ferreira,Pedro Scooby,Gaul\u00eas,Felipe Prior,Let\u00edcia B\u2026", "id": "1517694648608776192", "edit_history_tweet_ids": ["1517694648608776192"], "created_at": "2022-04-23T02:39:36.000Z"}, {"author_id": "954099163037388801", "text": "RT @matcommenta: Tropa do PA:Jade Picon,Bruna marquezine,Neymar Jr,Gabriel Medina,\u00cdtalo Ferreira,Pedro Scooby,Gaul\u00eas,Felipe Prior,Let\u00edcia B\u2026", "id": "1517694490760392705", "edit_history_tweet_ids": ["1517694490760392705"], "created_at": "2022-04-23T02:38:58.000Z"}, {"author_id": "1923114690", "text": "RT @matcommenta: Tropa do PA:Jade Picon,Bruna marquezine,Neymar Jr,Gabriel Medina,\u00cdtalo Ferreira,Pedro Scooby,Gaul\u00eas,Felipe Prior,Let\u00edcia B\u2026", "id": "1517694436272132097", "edit_history_tweet_ids": ["1517694436272132097"], "created_at": "2022-04-23T02:38:45.000Z"}, {"author_id": "1184496039870550016", "text": "RT @matcommenta: Tropa do PA:Jade Picon,Bruna marquezine,Neymar Jr,Gabriel Medina,\u00cdtalo Ferreira,Pedro Scooby,Gaul\u00eas,Felipe Prior,Let\u00edcia B\u2026", "id": "1517694348120498178", "edit_history_tweet_ids": ["1517694348120498178"], "created_at": "2022-04-23T02:38:24.000Z"}, {"author_id": "1216551742642540544", "text": "RT @matcommenta: Tropa do PA:Jade Picon,Bruna marquezine,Neymar Jr,Gabriel Medina,\u00cdtalo Ferreira,Pedro Scooby,Gaul\u00eas,Felipe Prior,Let\u00edcia B\u2026", "id": "1517694126116020224", "edit_history_tweet_ids": ["1517694126116020224"], "created_at": "2022-04-23T02:37:31.000Z"}, {"author_id": "1299871879277182978", "text": "RT @matcommenta: Tropa do PA:Jade Picon,Bruna marquezine,Neymar Jr,Gabriel Medina,\u00cdtalo Ferreira,Pedro Scooby,Gaul\u00eas,Felipe Prior,Let\u00edcia B\u2026", "id": "1517694056075345928", "edit_history_tweet_ids": ["1517694056075345928"], "created_at": "2022-04-23T02:37:15.000Z"}, {"author_id": "1199342817107005447", "text": "RT @matcommenta: Tropa do PA:Jade Picon,Bruna marquezine,Neymar Jr,Gabriel Medina,\u00cdtalo Ferreira,Pedro Scooby,Gaul\u00eas,Felipe Prior,Let\u00edcia B\u2026", "id": "1517693514519302145", "edit_history_tweet_ids": ["1517693514519302145"], "created_at": "2022-04-23T02:35:05.000Z"}, {"author_id": "1328492371798085638", "text": "RT @matcommenta: Tropa do PA:Jade Picon,Bruna marquezine,Neymar Jr,Gabriel Medina,\u00cdtalo Ferreira,Pedro Scooby,Gaul\u00eas,Felipe Prior,Let\u00edcia B\u2026", "id": "1517693310730596357", "edit_history_tweet_ids": ["1517693310730596357"], "created_at": "2022-04-23T02:34:17.000Z"}, {"author_id": "93742590", "text": "RT @matcommenta: Tropa do PA:Jade Picon,Bruna marquezine,Neymar Jr,Gabriel Medina,\u00cdtalo Ferreira,Pedro Scooby,Gaul\u00eas,Felipe Prior,Let\u00edcia B\u2026", "id": "1517693186055053312", "edit_history_tweet_ids": ["1517693186055053312"], "created_at": "2022-04-23T02:33:47.000Z"}, {"author_id": "158555646", "text": "RT @matcommenta: Tropa do PA:Jade Picon,Bruna marquezine,Neymar Jr,Gabriel Medina,\u00cdtalo Ferreira,Pedro Scooby,Gaul\u00eas,Felipe Prior,Let\u00edcia B\u2026", "id": "1517692583048323073", "edit_history_tweet_ids": ["1517692583048323073"], "created_at": "2022-04-23T02:31:23.000Z"}, {"author_id": "1000527975329214464", "text": "RT @matcommenta: Tropa do PA:Jade Picon,Bruna marquezine,Neymar Jr,Gabriel Medina,\u00cdtalo Ferreira,Pedro Scooby,Gaul\u00eas,Felipe Prior,Let\u00edcia B\u2026", "id": "1517692219788083200", "edit_history_tweet_ids": ["1517692219788083200"], "created_at": "2022-04-23T02:29:57.000Z"}, {"author_id": "91369606", "text": "RT @matcommenta: Tropa do PA:Jade Picon,Bruna marquezine,Neymar Jr,Gabriel Medina,\u00cdtalo Ferreira,Pedro Scooby,Gaul\u00eas,Felipe Prior,Let\u00edcia B\u2026", "id": "1517692137600700416", "edit_history_tweet_ids": ["1517692137600700416"], "created_at": "2022-04-23T02:29:37.000Z"}, {"author_id": "191883688", "text": "RT @matcommenta: Tropa do PA:Jade Picon,Bruna marquezine,Neymar Jr,Gabriel Medina,\u00cdtalo Ferreira,Pedro Scooby,Gaul\u00eas,Felipe Prior,Let\u00edcia B\u2026", "id": "1517691918095949825", "edit_history_tweet_ids": ["1517691918095949825"], "created_at": "2022-04-23T02:28:45.000Z"}, {"author_id": "1369388880852643847", "text": "RT @matcommenta: Tropa do PA:Jade Picon,Bruna marquezine,Neymar Jr,Gabriel Medina,\u00cdtalo Ferreira,Pedro Scooby,Gaul\u00eas,Felipe Prior,Let\u00edcia B\u2026", "id": "1517691738227421186", "edit_history_tweet_ids": ["1517691738227421186"], "created_at": "2022-04-23T02:28:02.000Z"}, {"author_id": "1385315164786941955", "text": "RT @matcommenta: Tropa do PA:Jade Picon,Bruna marquezine,Neymar Jr,Gabriel Medina,\u00cdtalo Ferreira,Pedro Scooby,Gaul\u00eas,Felipe Prior,Let\u00edcia B\u2026", "id": "1517691110910574595", "edit_history_tweet_ids": ["1517691110910574595"], "created_at": "2022-04-23T02:25:32.000Z"}, {"author_id": "333140636", "text": "RT @matcommenta: Tropa do PA:Jade Picon,Bruna marquezine,Neymar Jr,Gabriel Medina,\u00cdtalo Ferreira,Pedro Scooby,Gaul\u00eas,Felipe Prior,Let\u00edcia B\u2026", "id": "1517691040580444160", "edit_history_tweet_ids": ["1517691040580444160"], "created_at": "2022-04-23T02:25:16.000Z"}, {"author_id": "1501403847796928512", "text": "RT @matcommenta: Tropa do PA:Jade Picon,Bruna marquezine,Neymar Jr,Gabriel Medina,\u00cdtalo Ferreira,Pedro Scooby,Gaul\u00eas,Felipe Prior,Let\u00edcia B\u2026", "id": "1517691021710307329", "edit_history_tweet_ids": ["1517691021710307329"], "created_at": "2022-04-23T02:25:11.000Z"}, {"author_id": "1394420170370715649", "text": "RT @matcommenta: Tropa do PA:Jade Picon,Bruna marquezine,Neymar Jr,Gabriel Medina,\u00cdtalo Ferreira,Pedro Scooby,Gaul\u00eas,Felipe Prior,Let\u00edcia B\u2026", "id": "1517690920774295552", "edit_history_tweet_ids": ["1517690920774295552"], "created_at": "2022-04-23T02:24:47.000Z"}, {"author_id": "1318892410852773889", "text": "RT @matcommenta: Tropa do PA:Jade Picon,Bruna marquezine,Neymar Jr,Gabriel Medina,\u00cdtalo Ferreira,Pedro Scooby,Gaul\u00eas,Felipe Prior,Let\u00edcia B\u2026", "id": "1517690717262553089", "edit_history_tweet_ids": ["1517690717262553089"], "created_at": "2022-04-23T02:23:58.000Z"}, {"author_id": "1309295786094624770", "text": "RT @matcommenta: Tropa do PA:Jade Picon,Bruna marquezine,Neymar Jr,Gabriel Medina,\u00cdtalo Ferreira,Pedro Scooby,Gaul\u00eas,Felipe Prior,Let\u00edcia B\u2026", "id": "1517690548068536320", "edit_history_tweet_ids": ["1517690548068536320"], "created_at": "2022-04-23T02:23:18.000Z"}, {"author_id": "1195515811689115653", "text": "RT @matcommenta: Tropa do PA:Jade Picon,Bruna marquezine,Neymar Jr,Gabriel Medina,\u00cdtalo Ferreira,Pedro Scooby,Gaul\u00eas,Felipe Prior,Let\u00edcia B\u2026", "id": "1517690318145085441", "edit_history_tweet_ids": ["1517690318145085441"], "created_at": "2022-04-23T02:22:23.000Z"}, {"author_id": "847962127449116672", "text": "RT @matcommenta: Tropa do PA:Jade Picon,Bruna marquezine,Neymar Jr,Gabriel Medina,\u00cdtalo Ferreira,Pedro Scooby,Gaul\u00eas,Felipe Prior,Let\u00edcia B\u2026", "id": "1517690246581919749", "edit_history_tweet_ids": ["1517690246581919749"], "created_at": "2022-04-23T02:22:06.000Z"}, {"author_id": "2770608365", "text": "RT @matcommenta: Tropa do PA:Jade Picon,Bruna marquezine,Neymar Jr,Gabriel Medina,\u00cdtalo Ferreira,Pedro Scooby,Gaul\u00eas,Felipe Prior,Let\u00edcia B\u2026", "id": "1517690143892721664", "edit_history_tweet_ids": ["1517690143892721664"], "created_at": "2022-04-23T02:21:42.000Z"}, {"author_id": "962829100166631424", "text": "RT @matcommenta: Tropa do PA:Jade Picon,Bruna marquezine,Neymar Jr,Gabriel Medina,\u00cdtalo Ferreira,Pedro Scooby,Gaul\u00eas,Felipe Prior,Let\u00edcia B\u2026", "id": "1517689686923399168", "edit_history_tweet_ids": ["1517689686923399168"], "created_at": "2022-04-23T02:19:53.000Z"}, {"author_id": "61767630", "text": "RT @matcommenta: Tropa do PA:Jade Picon,Bruna marquezine,Neymar Jr,Gabriel Medina,\u00cdtalo Ferreira,Pedro Scooby,Gaul\u00eas,Felipe Prior,Let\u00edcia B\u2026", "id": "1517689528785551360", "edit_history_tweet_ids": ["1517689528785551360"], "created_at": "2022-04-23T02:19:15.000Z"}, {"author_id": "1482356813391618048", "text": "RT @matcommenta: Tropa do PA:Jade Picon,Bruna marquezine,Neymar Jr,Gabriel Medina,\u00cdtalo Ferreira,Pedro Scooby,Gaul\u00eas,Felipe Prior,Let\u00edcia B\u2026", "id": "1517689497680596997", "edit_history_tweet_ids": ["1517689497680596997"], "created_at": "2022-04-23T02:19:08.000Z"}, {"author_id": "1088211897219014657", "text": "RT @matcommenta: Tropa do PA:Jade Picon,Bruna marquezine,Neymar Jr,Gabriel Medina,\u00cdtalo Ferreira,Pedro Scooby,Gaul\u00eas,Felipe Prior,Let\u00edcia B\u2026", "id": "1517688938474971136", "edit_history_tweet_ids": ["1517688938474971136"], "created_at": "2022-04-23T02:16:54.000Z"}], "meta": {"newest_id": "1517708877919367168", "oldest_id": "1517688938474971136", "result_count": 99, "next_token": "b26v89c19zqg8o3fpytnyye543q4k2pura3eo9qtr3wjh"}}