{"data": [{"author_id": "1101237767135285249", "text": "RT @ColombianSG: VISIONES PARA UNA COLOMBIA EN PAZ: Conversatorio con l\u00edderes defensores de DDHH y \u00e9tnicos.\nInvitados: @PalaciosLeyner, Mar\u2026", "edit_history_tweet_ids": ["1514445881147338757"], "created_at": "2022-04-14T03:30:09.000Z", "id": "1514445881147338757"}, {"author_id": "2869092539", "text": "RT @VirnaJohnson: Lideramos controles en las playas de #SantaMarta con el CC Mario Rodr\u00edguez, Comandante de la Estaci\u00f3n de Guardacostas y e\u2026", "edit_history_tweet_ids": ["1514444261781123072"], "created_at": "2022-04-14T03:23:43.000Z", "id": "1514444261781123072"}, {"author_id": "1579188110", "text": "RT @VirnaJohnson: Lideramos controles en las playas de #SantaMarta con el CC Mario Rodr\u00edguez, Comandante de la Estaci\u00f3n de Guardacostas y e\u2026", "edit_history_tweet_ids": ["1514444085905526784"], "created_at": "2022-04-14T03:23:01.000Z", "id": "1514444085905526784"}, {"author_id": "105626887", "text": "RT @PEPEILDEFONSO: @mario_delgado @lopezobrador_ No mames,  tiene m\u00e1s vuelos Jes\u00fasa Rodriguez qu3 la central avionera https://t.co/SimpyPbE\u2026", "edit_history_tweet_ids": ["1514439859389169664"], "created_at": "2022-04-14T03:06:14.000Z", "id": "1514439859389169664"}, {"author_id": "1265691680629559303", "text": "RT @VirnaJohnson: Lideramos controles en las playas de #SantaMarta con el CC Mario Rodr\u00edguez, Comandante de la Estaci\u00f3n de Guardacostas y e\u2026", "edit_history_tweet_ids": ["1514438898792996868"], "created_at": "2022-04-14T03:02:25.000Z", "id": "1514438898792996868"}, {"author_id": "875683120279769089", "text": "RT @telediario_tve: Se confirma el IPC de marzo con importantes subidas en el precio de carburantes y alimentos que lastran la econom\u00eda de\u2026", "edit_history_tweet_ids": ["1514437281964249088"], "created_at": "2022-04-14T02:55:59.000Z", "id": "1514437281964249088"}, {"author_id": "1257387965099147264", "text": "RT @VirnaJohnson: Lideramos controles en las playas de #SantaMarta con el CC Mario Rodr\u00edguez, Comandante de la Estaci\u00f3n de Guardacostas y e\u2026", "edit_history_tweet_ids": ["1514436909665292288"], "created_at": "2022-04-14T02:54:30.000Z", "id": "1514436909665292288"}, {"author_id": "2616328286", "text": "RT @VirnaJohnson: Lideramos controles en las playas de #SantaMarta con el CC Mario Rodr\u00edguez, Comandante de la Estaci\u00f3n de Guardacostas y e\u2026", "edit_history_tweet_ids": ["1514435643052593153"], "created_at": "2022-04-14T02:49:28.000Z", "id": "1514435643052593153"}, {"author_id": "2245845157", "text": "RT @VirnaJohnson: Lideramos controles en las playas de #SantaMarta con el CC Mario Rodr\u00edguez, Comandante de la Estaci\u00f3n de Guardacostas y e\u2026", "edit_history_tweet_ids": ["1514429035249643520"], "created_at": "2022-04-14T02:23:13.000Z", "id": "1514429035249643520"}, {"author_id": "1436035110", "text": "RT @VirnaJohnson: Lideramos controles en las playas de #SantaMarta con el CC Mario Rodr\u00edguez, Comandante de la Estaci\u00f3n de Guardacostas y e\u2026", "edit_history_tweet_ids": ["1514427664198684679"], "created_at": "2022-04-14T02:17:46.000Z", "id": "1514427664198684679"}, {"author_id": "343094460", "text": "RT @VirnaJohnson: Lideramos controles en las playas de #SantaMarta con el CC Mario Rodr\u00edguez, Comandante de la Estaci\u00f3n de Guardacostas y e\u2026", "edit_history_tweet_ids": ["1514425612827561987"], "created_at": "2022-04-14T02:09:37.000Z", "id": "1514425612827561987"}, {"author_id": "1314557665004195844", "text": "RT @VirnaJohnson: Lideramos controles en las playas de #SantaMarta con el CC Mario Rodr\u00edguez, Comandante de la Estaci\u00f3n de Guardacostas y e\u2026", "edit_history_tweet_ids": ["1514421962436751362"], "created_at": "2022-04-14T01:55:07.000Z", "id": "1514421962436751362"}, {"author_id": "1212863181913088001", "text": "RT @VirnaJohnson: Lideramos controles en las playas de #SantaMarta con el CC Mario Rodr\u00edguez, Comandante de la Estaci\u00f3n de Guardacostas y e\u2026", "edit_history_tweet_ids": ["1514416737139240960"], "created_at": "2022-04-14T01:34:21.000Z", "id": "1514416737139240960"}, {"author_id": "2813980859", "text": "RT @VirnaJohnson: Lideramos controles en las playas de #SantaMarta con el CC Mario Rodr\u00edguez, Comandante de la Estaci\u00f3n de Guardacostas y e\u2026", "edit_history_tweet_ids": ["1514416428853739529"], "created_at": "2022-04-14T01:33:07.000Z", "id": "1514416428853739529"}, {"author_id": "2772994833", "text": "RT @VirnaJohnson: Lideramos controles en las playas de #SantaMarta con el CC Mario Rodr\u00edguez, Comandante de la Estaci\u00f3n de Guardacostas y e\u2026", "edit_history_tweet_ids": ["1514414441189756928"], "created_at": "2022-04-14T01:25:13.000Z", "id": "1514414441189756928"}, {"author_id": "971641780184801280", "text": "RT @aplanadora_roja: Mario Edgardo Dur\u00e1n Gavidia, alias \"el Tranzas\" y Carlos Amilcar Marroqu\u00edn Chicas alias \"Sliptone\", con 2 Cabecillas d\u2026", "edit_history_tweet_ids": ["1514410243413123074"], "created_at": "2022-04-14T01:08:33.000Z", "id": "1514410243413123074"}, {"author_id": "1190487000626974720", "text": "Mario Edgardo Dur\u00e1n Gavidia, alias \"el Tranzas\" y Carlos Amilcar Marroqu\u00edn Chicas alias \"Sliptone\", con 2 Cabecillas de la MS13, Edwin Ernesto Cedillos Rodr\u00edguez, alias \"Renuente de Abriles\" o \"Pulga\" y Jos\u00e9 Wenceslao Argueta Mart\u00ednez, alias \"el Trucha de Iberia\". \u27a1\ufe0f\u27a1\ufe0f", "edit_history_tweet_ids": ["1514410194985361409"], "created_at": "2022-04-14T01:08:21.000Z", "id": "1514410194985361409"}, {"author_id": "2817757717", "text": "RT @VirnaJohnson: Lideramos controles en las playas de #SantaMarta con el CC Mario Rodr\u00edguez, Comandante de la Estaci\u00f3n de Guardacostas y e\u2026", "edit_history_tweet_ids": ["1514404055237500930"], "created_at": "2022-04-14T00:43:57.000Z", "id": "1514404055237500930"}, {"author_id": "1445429548049391621", "text": "RT @VirnaJohnson: Lideramos controles en las playas de #SantaMarta con el CC Mario Rodr\u00edguez, Comandante de la Estaci\u00f3n de Guardacostas y e\u2026", "edit_history_tweet_ids": ["1514400691564986371"], "created_at": "2022-04-14T00:30:35.000Z", "id": "1514400691564986371"}, {"author_id": "558039606", "text": "RT @VirnaJohnson: Lideramos controles en las playas de #SantaMarta con el CC Mario Rodr\u00edguez, Comandante de la Estaci\u00f3n de Guardacostas y e\u2026", "edit_history_tweet_ids": ["1514400415496163331"], "created_at": "2022-04-14T00:29:29.000Z", "id": "1514400415496163331"}, {"author_id": "766082240", "text": "RT @VirnaJohnson: Lideramos controles en las playas de #SantaMarta con el CC Mario Rodr\u00edguez, Comandante de la Estaci\u00f3n de Guardacostas y e\u2026", "edit_history_tweet_ids": ["1514400038612516873"], "created_at": "2022-04-14T00:28:00.000Z", "id": "1514400038612516873"}, {"author_id": "277017668", "text": "RT @VirnaJohnson: Lideramos controles en las playas de #SantaMarta con el CC Mario Rodr\u00edguez, Comandante de la Estaci\u00f3n de Guardacostas y e\u2026", "edit_history_tweet_ids": ["1514396566768992258"], "created_at": "2022-04-14T00:14:12.000Z", "id": "1514396566768992258"}, {"author_id": "187994897", "text": "RT @VirnaJohnson: Lideramos controles en las playas de #SantaMarta con el CC Mario Rodr\u00edguez, Comandante de la Estaci\u00f3n de Guardacostas y e\u2026", "edit_history_tweet_ids": ["1514395991541260291"], "created_at": "2022-04-14T00:11:55.000Z", "id": "1514395991541260291"}, {"author_id": "1083848102358994944", "text": "RT @VirnaJohnson: Lideramos controles en las playas de #SantaMarta con el CC Mario Rodr\u00edguez, Comandante de la Estaci\u00f3n de Guardacostas y e\u2026", "edit_history_tweet_ids": ["1514395780349526018"], "created_at": "2022-04-14T00:11:04.000Z", "id": "1514395780349526018"}, {"author_id": "1422746944762429448", "text": "RT @VirnaJohnson: Lideramos controles en las playas de #SantaMarta con el CC Mario Rodr\u00edguez, Comandante de la Estaci\u00f3n de Guardacostas y e\u2026", "edit_history_tweet_ids": ["1514395665425698816"], "created_at": "2022-04-14T00:10:37.000Z", "id": "1514395665425698816"}, {"author_id": "254090893", "text": "RT @VirnaJohnson: Lideramos controles en las playas de #SantaMarta con el CC Mario Rodr\u00edguez, Comandante de la Estaci\u00f3n de Guardacostas y e\u2026", "edit_history_tweet_ids": ["1514395467307786245"], "created_at": "2022-04-14T00:09:50.000Z", "id": "1514395467307786245"}, {"author_id": "1158780561131036673", "text": "RT @VirnaJohnson: Lideramos controles en las playas de #SantaMarta con el CC Mario Rodr\u00edguez, Comandante de la Estaci\u00f3n de Guardacostas y e\u2026", "edit_history_tweet_ids": ["1514394921423319044"], "created_at": "2022-04-14T00:07:40.000Z", "id": "1514394921423319044"}, {"author_id": "1281576194610212867", "text": "RT @VirnaJohnson: Lideramos controles en las playas de #SantaMarta con el CC Mario Rodr\u00edguez, Comandante de la Estaci\u00f3n de Guardacostas y e\u2026", "edit_history_tweet_ids": ["1514393506898448384"], "created_at": "2022-04-14T00:02:02.000Z", "id": "1514393506898448384"}], "meta": {"newest_id": "1514445881147338757", "oldest_id": "1514393506898448384", "result_count": 28}}