{"data": [{"created_at": "2022-04-20T03:06:30.000Z", "edit_history_tweet_ids": ["1516614254127947777"], "id": "1516614254127947777", "text": "Sosa 6; Ostachuk 5, Laso 5, Insaurralde 5, Lucas Rodr\u00edguez 5; So\u00f1ora 6, Benav\u00eddez 5, BLANCO 7\u2b50\ufe0f; Pozzo 7, Benegas 5, Togni 5\n\nDevecchi 7; Lucero 5, Mario L\u00f3pez 7, Valentini 5, Rom\u00e1n 6; Mosquera 4, Maciel 4, Morello 6, Braian Mart\u00ednez 6; Cauteruccio 5, Silva 6 https://t.co/uTEIvpYfxQ", "author_id": "2200550785"}, {"created_at": "2022-04-20T03:02:11.000Z", "edit_history_tweet_ids": ["1516613170126753803"], "id": "1516613170126753803", "text": "\u26bd\ufe0f Talleres \ud83c\udd9a River\n\u231a\ufe0f 19.00\n\ud83d\udcfa TNT Sports\n\ud83c\udfc6 Copa de la Liga Profesional\n\ud83d\udcc2 Zona \"A\"\n\ud83d\uddd3 Fecha 11\n\ud83c\udfdf Mario Kempes\n\u2696\ufe0f \u00c1rbitro: Patricio Loustau\n\ud83c\udff3\ufe0f 1 Juan Pablo Belatti\n\ud83c\udff3\ufe0f 2 Facundo Rodr\u00edguez\n\ud83d\udd0e Cuarto: Sebasti\u00e1n Zunino\n\ud83d\udda5 VAR: Pablo D\u00f3valo\n\ud83d\udd79\ufe0f VAR1: Alejo Castany\n\ud83d\udccb Reserva: 11.00 https://t.co/x2nDNvO5Jc", "author_id": "166278599"}, {"created_at": "2022-04-20T02:55:18.000Z", "edit_history_tweet_ids": ["1516611438697197568"], "id": "1516611438697197568", "text": "RT @LOVREGA: @alitomorenoc @mario_delgado Qu\u00e9 demagogia m\u00e1s chafa. Hasta la ret\u00f3rica vac\u00eda y zafia de Leonardo Rodr\u00edguez Alcaine es superio\u2026", "author_id": "61492762"}, {"created_at": "2022-04-20T02:48:06.000Z", "edit_history_tweet_ids": ["1516609624136470539"], "id": "1516609624136470539", "text": "@JTrianaT @Rodriguez_Sama @mario_delgado @CitlaHM @lopezobrador_ Puro desperdicio de dinero contigo. Eres un asqueroso desperdicio de curul.", "author_id": "61881359"}, {"created_at": "2022-04-20T02:46:33.000Z", "edit_history_tweet_ids": ["1516609232908431360"], "id": "1516609232908431360", "text": "RT @grahamwatson10: Fleche Wallonne today - 30 years ago Giorgio Furlan was the winner; Mario Aerts won in 2002; 'Purito' Rodriguez claimed\u2026", "author_id": "54221863"}, {"created_at": "2022-04-20T02:18:22.000Z", "edit_history_tweet_ids": ["1516602141334720516"], "id": "1516602141334720516", "text": "Fleche Wallonne today - 30 years ago Giorgio Furlan was the winner; Mario Aerts won in 2002; 'Purito' Rodriguez claimed the win in 2012... https://t.co/Thdr5gjdvD", "author_id": "88771714"}, {"created_at": "2022-04-20T01:48:03.000Z", "edit_history_tweet_ids": ["1516594512721756162"], "id": "1516594512721756162", "text": "@Rayados @CodereMX #RayadoenlaCancha Mario Alberto Rodr\u00edguez S\u00e1nchez https://t.co/yIkJ2IcADE", "author_id": "581088475"}, {"created_at": "2022-04-20T01:43:26.000Z", "edit_history_tweet_ids": ["1516593350878633985"], "id": "1516593350878633985", "text": "RT @LOVREGA: @alitomorenoc @mario_delgado Qu\u00e9 demagogia m\u00e1s chafa. Hasta la ret\u00f3rica vac\u00eda y zafia de Leonardo Rodr\u00edguez Alcaine es superio\u2026", "author_id": "112760496"}, {"created_at": "2022-04-20T01:30:00.000Z", "edit_history_tweet_ids": ["1516589969501945859"], "id": "1516589969501945859", "text": "Samuel Rodr\u00edguez | \"El liderazgo de Mario Delgado en Morena estar\u00e1 de nueva cuenta a prueba, a la par de la efectividad del sistema pol\u00edtico democr\u00e1tico nacional\". #Coliseo https://t.co/f4pzIRwD2m", "author_id": "135228435"}, {"created_at": "2022-04-20T01:23:35.000Z", "edit_history_tweet_ids": ["1516588357043863555"], "id": "1516588357043863555", "text": "Rodr\u00edguez Carrillo Mario Alberto TRAIDOR A LA PATRIA!!! Tweet desde https://t.co/BhqWHNbVho", "author_id": "1060387571388293121"}, {"created_at": "2022-04-20T01:15:41.000Z", "edit_history_tweet_ids": ["1516586366888398851"], "id": "1516586366888398851", "text": "RT @LOVREGA: @alitomorenoc @mario_delgado Qu\u00e9 demagogia m\u00e1s chafa. Hasta la ret\u00f3rica vac\u00eda y zafia de Leonardo Rodr\u00edguez Alcaine es superio\u2026", "author_id": "607296874"}, {"created_at": "2022-04-20T01:15:08.000Z", "edit_history_tweet_ids": ["1516586229378166786"], "id": "1516586229378166786", "text": "RT @LOVREGA: @alitomorenoc @mario_delgado Qu\u00e9 demagogia m\u00e1s chafa. Hasta la ret\u00f3rica vac\u00eda y zafia de Leonardo Rodr\u00edguez Alcaine es superio\u2026", "author_id": "817209117584420864"}, {"created_at": "2022-04-20T00:48:13.000Z", "edit_history_tweet_ids": ["1516579455262769152"], "id": "1516579455262769152", "text": "RT @VirnaJohnson: Lideramos controles en las playas de #SantaMarta con el CC Mario Rodr\u00edguez, Comandante de la Estaci\u00f3n de Guardacostas y e\u2026", "author_id": "380338497"}, {"created_at": "2022-04-20T00:33:46.000Z", "edit_history_tweet_ids": ["1516575818578751488"], "id": "1516575818578751488", "text": "RT @LOVREGA: @alitomorenoc @mario_delgado Qu\u00e9 demagogia m\u00e1s chafa. Hasta la ret\u00f3rica vac\u00eda y zafia de Leonardo Rodr\u00edguez Alcaine es superio\u2026", "author_id": "1385393486732566532"}, {"created_at": "2022-04-20T00:28:39.000Z", "edit_history_tweet_ids": ["1516574532584226833"], "id": "1516574532584226833", "text": "Rodr\u00edguez Carrillo Mario Alberto TRAIDOR A LA PATRIA!!! Tweet desde https://t.co/YyVpGGtBFc", "author_id": "41972079"}, {"created_at": "2022-04-20T00:12:29.000Z", "edit_history_tweet_ids": ["1516570463425773569"], "id": "1516570463425773569", "text": "RT @LOVREGA: @alitomorenoc @mario_delgado Qu\u00e9 demagogia m\u00e1s chafa. Hasta la ret\u00f3rica vac\u00eda y zafia de Leonardo Rodr\u00edguez Alcaine es superio\u2026", "author_id": "76792819"}, {"created_at": "2022-04-20T00:10:15.000Z", "edit_history_tweet_ids": ["1516569899522535431"], "id": "1516569899522535431", "text": "RT @LOVREGA: @alitomorenoc @mario_delgado Qu\u00e9 demagogia m\u00e1s chafa. Hasta la ret\u00f3rica vac\u00eda y zafia de Leonardo Rodr\u00edguez Alcaine es superio\u2026", "author_id": "3247210741"}, {"created_at": "2022-04-20T00:04:59.000Z", "edit_history_tweet_ids": ["1516568574449668110"], "id": "1516568574449668110", "text": "RT @RadioCapilla: #PrimeraDivisi\u00f3n \ud83c\udfa4\ud83c\udfa7 Ma\u00f1ana mi\u00e9rcoles transmitimos la 11\u00b0 fecha de la Primera Divisi\u00f3n, Talleres - River. Sumate a la \u26bd\ufe0f d\u2026", "author_id": "196857939"}, {"created_at": "2022-04-20T00:00:21.000Z", "edit_history_tweet_ids": ["1516567410068832260"], "id": "1516567410068832260", "text": "RT @LOVREGA: @alitomorenoc @mario_delgado Qu\u00e9 demagogia m\u00e1s chafa. Hasta la ret\u00f3rica vac\u00eda y zafia de Leonardo Rodr\u00edguez Alcaine es superio\u2026", "author_id": "85229203"}, {"created_at": "2022-04-19T23:54:19.000Z", "edit_history_tweet_ids": ["1516565890938118152"], "id": "1516565890938118152", "text": "Rodr\u00edguez Carrillo Mario Alberto TRAIDOR A LA PATRIA!!! Tweet desde https://t.co/GaaZR7yYjH", "author_id": "1195752751789232128"}, {"created_at": "2022-04-19T23:44:12.000Z", "edit_history_tweet_ids": ["1516563346526330880"], "id": "1516563346526330880", "text": "@JGarrido7 No tendr\u00e1n la del distrito 4 de Jalisco de Mario Rodr\u00edguez", "author_id": "1423451025604702208"}, {"created_at": "2022-04-19T23:39:51.000Z", "edit_history_tweet_ids": ["1516562252312326150"], "id": "1516562252312326150", "text": "RT @LOVREGA: @alitomorenoc @mario_delgado Qu\u00e9 demagogia m\u00e1s chafa. Hasta la ret\u00f3rica vac\u00eda y zafia de Leonardo Rodr\u00edguez Alcaine es superio\u2026", "author_id": "1470355560"}, {"created_at": "2022-04-19T23:12:12.000Z", "edit_history_tweet_ids": ["1516555291344650240"], "id": "1516555291344650240", "text": "RT @LOVREGA: @alitomorenoc @mario_delgado Qu\u00e9 demagogia m\u00e1s chafa. Hasta la ret\u00f3rica vac\u00eda y zafia de Leonardo Rodr\u00edguez Alcaine es superio\u2026", "author_id": "1037549204678291456"}, {"created_at": "2022-04-19T22:40:31.000Z", "edit_history_tweet_ids": ["1516547319235284996"], "id": "1516547319235284996", "text": "RT @CComesto: \u27a1\ufe0fHasta el momento, Miguel \u00c1ngel Rodr\u00edguez mov\u00eda los hilos dsd la sombra, gobernando a nombre de la mario*eta incapaz D\u00edaz Ay\u2026", "author_id": "3183043223"}, {"created_at": "2022-04-19T22:35:55.000Z", "edit_history_tweet_ids": ["1516546161506721793"], "id": "1516546161506721793", "text": "RT @LOVREGA: @alitomorenoc @mario_delgado Qu\u00e9 demagogia m\u00e1s chafa. Hasta la ret\u00f3rica vac\u00eda y zafia de Leonardo Rodr\u00edguez Alcaine es superio\u2026", "author_id": "85004367"}, {"created_at": "2022-04-19T22:24:52.000Z", "edit_history_tweet_ids": ["1516543378460057600"], "id": "1516543378460057600", "text": "RT @LOVREGA: @alitomorenoc @mario_delgado Qu\u00e9 demagogia m\u00e1s chafa. Hasta la ret\u00f3rica vac\u00eda y zafia de Leonardo Rodr\u00edguez Alcaine es superio\u2026", "author_id": "1184885336679174144"}, {"created_at": "2022-04-19T22:16:53.000Z", "edit_history_tweet_ids": ["1516541370164461570"], "id": "1516541370164461570", "text": "RT @CComesto: \u27a1\ufe0fHasta el momento, Miguel \u00c1ngel Rodr\u00edguez mov\u00eda los hilos dsd la sombra, gobernando a nombre de la mario*eta incapaz D\u00edaz Ay\u2026", "author_id": "3099933388"}, {"created_at": "2022-04-19T22:16:36.000Z", "edit_history_tweet_ids": ["1516541298303553537"], "id": "1516541298303553537", "text": "RT @CoparmexJoven: El pasado 07 de abril nuestro Presidente de la Comisi\u00f3n @ArmandoCSalazar , fue invitado a la H. C\u00e1mara de Diputados por\u2026", "author_id": "274296619"}, {"created_at": "2022-04-19T22:16:04.000Z", "edit_history_tweet_ids": ["1516541165566365700"], "id": "1516541165566365700", "text": "El pasado 07 de abril nuestro Presidente de la Comisi\u00f3n @ArmandoCSalazar , fue invitado a la H. C\u00e1mara de Diputados por el Dip. Mtro. Mario Alberto Rodr\u00edguez Carillo a la mesa de amistad M\u00e9xico \ud83c\uddf2\ud83c\uddfd - Malasia \ud83c\uddf2\ud83c\uddfe. https://t.co/GltcUfpxrf", "author_id": "318109740"}, {"created_at": "2022-04-19T22:10:28.000Z", "edit_history_tweet_ids": ["1516539755768561664"], "id": "1516539755768561664", "text": "RT @LOVREGA: @alitomorenoc @mario_delgado Qu\u00e9 demagogia m\u00e1s chafa. Hasta la ret\u00f3rica vac\u00eda y zafia de Leonardo Rodr\u00edguez Alcaine es superio\u2026", "author_id": "1466816680118603785"}, {"created_at": "2022-04-19T21:54:21.000Z", "edit_history_tweet_ids": ["1516535701365477380"], "id": "1516535701365477380", "text": "RT @LOVREGA: @alitomorenoc @mario_delgado Qu\u00e9 demagogia m\u00e1s chafa. Hasta la ret\u00f3rica vac\u00eda y zafia de Leonardo Rodr\u00edguez Alcaine es superio\u2026", "author_id": "954568957"}, {"created_at": "2022-04-19T21:43:51.000Z", "edit_history_tweet_ids": ["1516533057599250432"], "id": "1516533057599250432", "text": "RT @hendrixse: Privileged yesterday to meet Marino C\u00f3rdoba Berrio, Leyner Palacios Asprilla, Mario Baicue Escue &amp; Daniela Stefania Rodr\u00edgue\u2026", "author_id": "253061056"}, {"created_at": "2022-04-19T21:43:36.000Z", "edit_history_tweet_ids": ["1516532993254436877"], "id": "1516532993254436877", "text": "@alitomorenoc @mario_delgado Qu\u00e9 demagogia m\u00e1s chafa. Hasta la ret\u00f3rica vac\u00eda y zafia de Leonardo Rodr\u00edguez Alcaine es superior a la tuya.", "author_id": "249812258"}, {"created_at": "2022-04-19T21:33:00.000Z", "edit_history_tweet_ids": ["1516530329011593223"], "id": "1516530329011593223", "text": "RT @ManuelBaltar: Nas Vendas @ConcelloEsgos con @EthelVazquez_m con Proxecto da senda peonil con @ConcelloPereiro . Con @Luis_MenorPerez Ma\u2026", "author_id": "531300273"}, {"created_at": "2022-04-19T21:31:08.000Z", "edit_history_tweet_ids": ["1516529856338661389"], "id": "1516529856338661389", "text": "RT @hendrixse: Privileged yesterday to meet Marino C\u00f3rdoba Berrio, Leyner Palacios Asprilla, Mario Baicue Escue &amp; Daniela Stefania Rodr\u00edgue\u2026", "author_id": "973007440236171266"}, {"created_at": "2022-04-19T21:18:31.000Z", "edit_history_tweet_ids": ["1516526680961167368"], "id": "1516526680961167368", "text": "RT @hendrixse: Privileged yesterday to meet Marino C\u00f3rdoba Berrio, Leyner Palacios Asprilla, Mario Baicue Escue &amp; Daniela Stefania Rodr\u00edgue\u2026", "author_id": "828372063576551428"}, {"created_at": "2022-04-19T21:00:01.000Z", "edit_history_tweet_ids": ["1516522027984818180"], "id": "1516522027984818180", "text": "RT @estjpa59: @AnthonyLaser8 Lo que dec\u00eda esta se\u00f1ora era para hacer re\u00edr a los Venezolanos, que por cierto la estamos pasando muy mal, los\u2026", "author_id": "1036285681839091720"}, {"created_at": "2022-04-19T20:45:50.000Z", "edit_history_tweet_ids": ["1516518459395518473"], "id": "1516518459395518473", "text": "RT @hendrixse: Privileged yesterday to meet Marino C\u00f3rdoba Berrio, Leyner Palacios Asprilla, Mario Baicue Escue &amp; Daniela Stefania Rodr\u00edgue\u2026", "author_id": "227782972"}, {"created_at": "2022-04-19T20:36:13.000Z", "edit_history_tweet_ids": ["1516516039093276673"], "id": "1516516039093276673", "text": "RT @hendrixse: Privileged yesterday to meet Marino C\u00f3rdoba Berrio, Leyner Palacios Asprilla, Mario Baicue Escue &amp; Daniela Stefania Rodr\u00edgue\u2026", "author_id": "1158438083450363904"}, {"created_at": "2022-04-19T20:13:59.000Z", "edit_history_tweet_ids": ["1516510443136819204"], "id": "1516510443136819204", "text": "RT @abellas_p: \ud83d\udc49 Hoy, en la visita guiada al Archivo Hist\u00f3rico Provincial.\n\n\ud83d\udcf8 Con Eva Torres, Mario Gonz\u00e1lez S\u00e1nchez, Antonio Rodr\u00edguez, @r\u2026", "author_id": "2668802187"}, {"created_at": "2022-04-19T20:12:00.000Z", "edit_history_tweet_ids": ["1516509943691685889"], "id": "1516509943691685889", "text": "\ud83d\udc49 Hoy, en la visita guiada al Archivo Hist\u00f3rico Provincial.\n\n\ud83d\udcf8 Con Eva Torres, Mario Gonz\u00e1lez S\u00e1nchez, Antonio Rodr\u00edguez, @rosaalecrin1, y el gu\u00eda Manuel \u00c1ngel Garc\u00eda Yanes. https://t.co/n7ASkF9z83", "author_id": "1006180942237626368"}, {"created_at": "2022-04-19T20:07:10.000Z", "edit_history_tweet_ids": ["1516508728668954626"], "id": "1516508728668954626", "text": "RT @hendrixse: Privileged yesterday to meet Marino C\u00f3rdoba Berrio, Leyner Palacios Asprilla, Mario Baicue Escue &amp; Daniela Stefania Rodr\u00edgue\u2026", "author_id": "133048642"}, {"created_at": "2022-04-19T18:56:24.000Z", "edit_history_tweet_ids": ["1516490915744911366"], "id": "1516490915744911366", "text": "RT @TMXDigital: \ud83d\udcfa\ud83d\udd34\u2551#AlAire en #PuntoDeEncuentro \ncon Marco Morales .\n \ud83d\udcd6:Reforma El\u00e9ctrica 2022\nInvitados: Mtro. Mario Campa, ( @Mario_campa\u2026", "author_id": "101867986"}, {"created_at": "2022-04-19T18:51:59.000Z", "edit_history_tweet_ids": ["1516489805533691908"], "id": "1516489805533691908", "text": "@ArchivoFutboler Salvador Vaca , Pablo Caballero (PAR/MEX) Mario Grana (ARG), Nicol\u00e1s Ram\u00edrez, ARB: Marco A. Rodr\u00edguez, Marco Antonio Capetillo.", "author_id": "3274933040"}, {"created_at": "2022-04-19T18:22:24.000Z", "edit_history_tweet_ids": ["1516482361747202048"], "id": "1516482361747202048", "text": "RT @CComesto: \u27a1\ufe0fHasta el momento, Miguel \u00c1ngel Rodr\u00edguez mov\u00eda los hilos dsd la sombra, gobernando a nombre de la mario*eta incapaz D\u00edaz Ay\u2026", "author_id": "1213150659848990720"}, {"created_at": "2022-04-19T17:45:00.000Z", "edit_history_tweet_ids": ["1516472947728429056"], "id": "1516472947728429056", "text": "Privileged yesterday to meet Marino C\u00f3rdoba Berrio, Leyner Palacios Asprilla, Mario Baicue Escue &amp; Daniela Stefania Rodr\u00edguez, all 2020 #Colombia #HumanRights Award winners at @WOLA_org. Very proud to support all of you with my @USAIDLAC colleagues.", "author_id": "170101069"}, {"created_at": "2022-04-19T17:37:12.000Z", "edit_history_tweet_ids": ["1516470984882143238"], "id": "1516470984882143238", "text": "RT @CComesto: \u27a1\ufe0fHasta el momento, Miguel \u00c1ngel Rodr\u00edguez mov\u00eda los hilos dsd la sombra, gobernando a nombre de la mario*eta incapaz D\u00edaz Ay\u2026", "author_id": "1929860814"}, {"created_at": "2022-04-19T17:09:15.000Z", "edit_history_tweet_ids": ["1516463950853902338"], "id": "1516463950853902338", "text": "RT @TMXDigital: \ud83d\udcfa\ud83d\udd34\u2551#AlAire en #PuntoDeEncuentro \ncon Marco Morales .\n \ud83d\udcd6:Reforma El\u00e9ctrica 2022\nInvitados: Mtro. Mario Campa, ( @Mario_campa\u2026", "author_id": "3273494478"}, {"created_at": "2022-04-19T17:03:39.000Z", "edit_history_tweet_ids": ["1516462543446806528"], "id": "1516462543446806528", "text": "RT @TMXDigital: \ud83d\udcfa\ud83d\udd34\u2551#AlAire en #PuntoDeEncuentro \ncon Marco Morales .\n \ud83d\udcd6:Reforma El\u00e9ctrica 2022\nInvitados: Mtro. Mario Campa, ( @Mario_campa\u2026", "author_id": "1171834258299772930"}, {"created_at": "2022-04-19T17:02:20.000Z", "edit_history_tweet_ids": ["1516462210901417984"], "id": "1516462210901417984", "text": "RT @TMXDigital: \ud83d\udcfa\ud83d\udd34\u2551#AlAire en #PuntoDeEncuentro \ncon Marco Morales .\n \ud83d\udcd6:Reforma El\u00e9ctrica 2022\nInvitados: Mtro. Mario Campa, ( @Mario_campa\u2026", "author_id": "3318963446"}, {"created_at": "2022-04-19T16:44:51.000Z", "edit_history_tweet_ids": ["1516457811097620480"], "id": "1516457811097620480", "text": "RT @CComesto: \u27a1\ufe0fHasta el momento, Miguel \u00c1ngel Rodr\u00edguez mov\u00eda los hilos dsd la sombra, gobernando a nombre de la mario*eta incapaz D\u00edaz Ay\u2026", "author_id": "1419444098784763904"}, {"created_at": "2022-04-19T16:42:34.000Z", "edit_history_tweet_ids": ["1516457236075319306"], "id": "1516457236075319306", "text": "RT @CComesto: \u27a1\ufe0fHasta el momento, Miguel \u00c1ngel Rodr\u00edguez mov\u00eda los hilos dsd la sombra, gobernando a nombre de la mario*eta incapaz D\u00edaz Ay\u2026", "author_id": "964632098475855873"}, {"created_at": "2022-04-19T16:31:49.000Z", "edit_history_tweet_ids": ["1516454530145267720"], "id": "1516454530145267720", "text": "RT @DeputacionOU: \ud83d\uddde @LaRegion \"La @Xunta licita tres kil\u00f3metros de sendas en @ConcelloEsgos y @ConcelloPereiro\"\n@ManuelBaltar @GabrielOuren\u2026", "author_id": "442802772"}, {"created_at": "2022-04-19T16:19:19.000Z", "edit_history_tweet_ids": ["1516451385826496521"], "id": "1516451385826496521", "text": "RT @CCHOte_UNAM: \u2728\ud83d\udd30\u00a1Una de las actividades m\u00e1s importantes de nuestro 50 aniversario es la \"Conferencia magistral: Un paseo por la Crom\u00f3sfe\u2026", "author_id": "2467742545"}, {"created_at": "2022-04-19T16:15:58.000Z", "edit_history_tweet_ids": ["1516450545007050759"], "id": "1516450545007050759", "text": "RT @CCHOte_UNAM: \u2728\ud83d\udd30\u00a1Una de las actividades m\u00e1s importantes de nuestro 50 aniversario es la \"Conferencia magistral: Un paseo por la Crom\u00f3sfe\u2026", "author_id": "570377291"}, {"created_at": "2022-04-19T16:15:16.000Z", "edit_history_tweet_ids": ["1516450368250687489"], "id": "1516450368250687489", "text": "\u2728\ud83d\udd30\u00a1Una de las actividades m\u00e1s importantes de nuestro 50 aniversario es la \"Conferencia magistral: Un paseo por la Crom\u00f3sfera y el Disco Solar\",  impartida por el Dr. Mario Rodr\u00edguez Mart\u00ednez, director de la ENES Unidad Morelia, exalumno del plantel\ud83d\udd30\u2728\n@ENESMoreliaUNAM https://t.co/nee9AWLcca", "author_id": "495539641"}, {"created_at": "2022-04-19T16:14:40.000Z", "edit_history_tweet_ids": ["1516450218237124618"], "id": "1516450218237124618", "text": "Many thanks to Mario Rodr\u00edguez, Fernando Pozuelo, Eduardo Bartolom\u00e9 and Sara Antu\u00f1ano for this interesting conversation about Spain 5.0.", "author_id": "860137725667749893"}, {"created_at": "2022-04-19T16:12:26.000Z", "edit_history_tweet_ids": ["1516449655709704197"], "id": "1516449655709704197", "text": "Muchas gracias a Mario Rodr\u00edguez, Fernando Pozuelo, Eduardo Bartolom\u00e9 (@Rockthewinter) y Sara Antu\u00f1ano por esta interesante conversaci\u00f3n sobre la Espa\u00f1a 5.0.", "author_id": "860137725667749893"}, {"created_at": "2022-04-19T16:03:48.000Z", "edit_history_tweet_ids": ["1516447483202875409"], "id": "1516447483202875409", "text": "RT @RadioCapilla: #PrimeraDivisi\u00f3n \ud83c\udfa4\ud83c\udfa7 Ma\u00f1ana mi\u00e9rcoles transmitimos la 11\u00b0 fecha de la Primera Divisi\u00f3n, Talleres - River. Sumate a la \u26bd\ufe0f d\u2026", "author_id": "718160888977629185"}, {"created_at": "2022-04-19T15:56:21.000Z", "edit_history_tweet_ids": ["1516445606381821957"], "id": "1516445606381821957", "text": "RT @CComesto: \u27a1\ufe0fHasta el momento, Miguel \u00c1ngel Rodr\u00edguez mov\u00eda los hilos dsd la sombra, gobernando a nombre de la mario*eta incapaz D\u00edaz Ay\u2026", "author_id": "1274354548035989504"}, {"created_at": "2022-04-19T15:52:43.000Z", "edit_history_tweet_ids": ["1516444691964825613"], "id": "1516444691964825613", "text": "RT @CComesto: \u27a1\ufe0fHasta el momento, Miguel \u00c1ngel Rodr\u00edguez mov\u00eda los hilos dsd la sombra, gobernando a nombre de la mario*eta incapaz D\u00edaz Ay\u2026", "author_id": "1044502161751773184"}, {"created_at": "2022-04-19T15:45:45.000Z", "edit_history_tweet_ids": ["1516442941140738048"], "id": "1516442941140738048", "text": "RT @VirnaJohnson: Lideramos controles en las playas de #SantaMarta con el CC Mario Rodr\u00edguez, Comandante de la Estaci\u00f3n de Guardacostas y e\u2026", "author_id": "1151288380271013888"}, {"created_at": "2022-04-19T15:38:05.000Z", "edit_history_tweet_ids": ["1516441010536075265"], "id": "1516441010536075265", "text": "RT @estjpa59: @AnthonyLaser8 Lo que dec\u00eda esta se\u00f1ora era para hacer re\u00edr a los Venezolanos, que por cierto la estamos pasando muy mal, los\u2026", "author_id": "2528433473"}, {"created_at": "2022-04-19T15:34:13.000Z", "edit_history_tweet_ids": ["1516440037927309324"], "id": "1516440037927309324", "text": "RT @estjpa59: @AnthonyLaser8 Lo que dec\u00eda esta se\u00f1ora era para hacer re\u00edr a los Venezolanos, que por cierto la estamos pasando muy mal, los\u2026", "author_id": "135532897"}, {"created_at": "2022-04-19T15:34:10.000Z", "edit_history_tweet_ids": ["1516440022131617799"], "id": "1516440022131617799", "text": "#PrimeraDivisi\u00f3n \ud83c\udfa4\ud83c\udfa7 Ma\u00f1ana mi\u00e9rcoles transmitimos la 11\u00b0 fecha de la Primera Divisi\u00f3n, Talleres - River. Sumate a la \u26bd\ufe0f de #LaCapilladelGol\n\ud83c\udfdf\ufe0f Mario A. Kempes.\n\ud83d\udd59 18:30. \n\ud83d\udcfb FM106.1.\n\ud83c\udf10 https://t.co/Uxb39oOZpz\n\ud83d\udcf1 App:Radio Capilla de Rodr\u00edguez.\n\ud83d\udcf7 Instagram: @lacapilladeportiva", "author_id": "2604344257"}, {"created_at": "2022-04-19T15:32:27.000Z", "edit_history_tweet_ids": ["1516439592349671439"], "id": "1516439592349671439", "text": "RT @estjpa59: @AnthonyLaser8 Lo que dec\u00eda esta se\u00f1ora era para hacer re\u00edr a los Venezolanos, que por cierto la estamos pasando muy mal, los\u2026", "author_id": "1325107680009211904"}, {"created_at": "2022-04-19T15:21:33.000Z", "edit_history_tweet_ids": ["1516436847714574341"], "id": "1516436847714574341", "text": "@AnthonyLaser8 Lo que dec\u00eda esta se\u00f1ora era para hacer re\u00edr a los Venezolanos, que por cierto la estamos pasando muy mal, los que incitan al odio son Diosdado Cabello, los Rodr\u00edguez, Mario Silva, cabeza \u00e9 mango, Iris Varela, Calixto Ortega, el mismo Madurolandia, y otros,.-", "author_id": "229537286"}, {"created_at": "2022-04-19T15:16:30.000Z", "edit_history_tweet_ids": ["1516435577985454080"], "id": "1516435577985454080", "text": "RT @CComesto: \u27a1\ufe0fHasta el momento, Miguel \u00c1ngel Rodr\u00edguez mov\u00eda los hilos dsd la sombra, gobernando a nombre de la mario*eta incapaz D\u00edaz Ay\u2026", "author_id": "1171921021"}, {"created_at": "2022-04-19T15:04:45.000Z", "edit_history_tweet_ids": ["1516432622053900288"], "id": "1516432622053900288", "text": "RT @CComesto: \u27a1\ufe0fHasta el momento, Miguel \u00c1ngel Rodr\u00edguez mov\u00eda los hilos dsd la sombra, gobernando a nombre de la mario*eta incapaz D\u00edaz Ay\u2026", "author_id": "274957848"}, {"created_at": "2022-04-19T15:04:00.000Z", "edit_history_tweet_ids": ["1516432432081350676"], "id": "1516432432081350676", "text": "RT @DeputacionOU: \ud83d\uddde @LaRegion \"La @Xunta licita tres kil\u00f3metros de sendas en @ConcelloEsgos y @ConcelloPereiro\"\n@ManuelBaltar @GabrielOuren\u2026", "author_id": "2392706936"}, {"created_at": "2022-04-19T15:03:12.000Z", "edit_history_tweet_ids": ["1516432232067612679"], "id": "1516432232067612679", "text": "RT @CComesto: \u27a1\ufe0fHasta el momento, Miguel \u00c1ngel Rodr\u00edguez mov\u00eda los hilos dsd la sombra, gobernando a nombre de la mario*eta incapaz D\u00edaz Ay\u2026", "author_id": "418873544"}, {"created_at": "2022-04-19T15:01:49.000Z", "edit_history_tweet_ids": ["1516431881801244681"], "id": "1516431881801244681", "text": "RT @siemens_es: \"La implementaci\u00f3n de la hoja de ruta de la Espa\u00f1a 5.0 tendr\u00e1 un impacto muy positivo en la econom\u00eda y en la sociedad\"\n\n\ud83d\udde3\ufe0f\u2026", "author_id": "394145038"}, {"created_at": "2022-04-19T15:01:05.000Z", "edit_history_tweet_ids": ["1516431699416125445"], "id": "1516431699416125445", "text": "\ud83d\uddde @LaRegion \"La @Xunta licita tres kil\u00f3metros de sendas en @ConcelloEsgos y @ConcelloPereiro\"\n@ManuelBaltar @GabrielOurense @EthelVazquez_m @Luis_MenorPerez e Mario Rodr\u00edguez  \nhttps://t.co/7ZYbwewjw8 https://t.co/FrWlUfw8mN", "author_id": "533023501"}, {"created_at": "2022-04-19T15:00:24.000Z", "edit_history_tweet_ids": ["1516431527596498950"], "id": "1516431527596498950", "text": "RT @CComesto: \u27a1\ufe0fHasta el momento, Miguel \u00c1ngel Rodr\u00edguez mov\u00eda los hilos dsd la sombra, gobernando a nombre de la mario*eta incapaz D\u00edaz Ay\u2026", "author_id": "1400114690441846785"}, {"created_at": "2022-04-19T14:59:23.000Z", "edit_history_tweet_ids": ["1516431270934368259"], "id": "1516431270934368259", "text": "\u27a1\ufe0fHasta el momento, Miguel \u00c1ngel Rodr\u00edguez mov\u00eda los hilos dsd la sombra, gobernando a nombre de la mario*eta incapaz D\u00edaz Ayuso.\n\u27a1\ufe0fHoy MAR. ha salido del anonimato para hacer p\u00fablico su talante de tasca con Andrea Ropero.\n\ud83d\udde3\ufe0fSignifica esto el fin de \"alcoh\u00f3licos an\u00f3nimos\"\u2049\ufe0f\ud83e\udd14 https://t.co/jsOjg9Xk5J", "author_id": "1384292296363896842"}, {"created_at": "2022-04-19T14:39:25.000Z", "edit_history_tweet_ids": ["1516426244165877765"], "id": "1516426244165877765", "text": "RT @VirnaJohnson: Lideramos controles en las playas de #SantaMarta con el CC Mario Rodr\u00edguez, Comandante de la Estaci\u00f3n de Guardacostas y e\u2026", "author_id": "1237776837293617152"}, {"created_at": "2022-04-19T14:37:41.000Z", "edit_history_tweet_ids": ["1516425810722406401"], "id": "1516425810722406401", "text": "@tavo2366 H\u00e9ctor Mario Rodr\u00edguez", "author_id": "62139079"}, {"created_at": "2022-04-19T13:35:14.000Z", "edit_history_tweet_ids": ["1516410093742534657"], "id": "1516410093742534657", "text": "Mario Rodr\u00edguez es alg\u00fan chalado de twitter seguro. Nos est\u00e1 leyendo https://t.co/uuswcY8Lll", "author_id": "1021511524601483264"}, {"created_at": "2022-04-19T12:58:50.000Z", "edit_history_tweet_ids": ["1516400931126059009"], "id": "1516400931126059009", "text": "Mario Rodriguez, 42, was a homeless man who was shot to death on Saturday at Dronfield Avenue and Terra Bella Street, according to the... CLICK TO READ MORE https://t.co/Jd3nb8lI7r", "author_id": "1351266309988904977"}, {"created_at": "2022-04-19T12:53:37.000Z", "edit_history_tweet_ids": ["1516399619638534147"], "id": "1516399619638534147", "text": "\u2705 Taller: Cer\u00e1mica.\n\ud83d\udc69\ud83c\udffb\u200d\ud83c\udfeb Profe: Mario Rodr\u00edguez.\n\ud83d\udcf1Tel\u00e9fono: 3825409109.\n\ud83d\uddd3 Horarios: Mi\u00e9rcoles (09:30hs a 11:30hs y 17:00hs a 18:30hs) Jueves (16:00hs a 17:30hs).\n\ud83d\udccdLugar: Abuelos del Coraz\u00f3n.", "author_id": "1514435518800486403"}, {"created_at": "2022-04-19T12:52:49.000Z", "edit_history_tweet_ids": ["1516399417997373445"], "id": "1516399417997373445", "text": "\u2705 Taller: Cer\u00e1mica.\n\ud83d\udc69\ud83c\udffb\u200d\ud83c\udfeb Profe: Mario Rodr\u00edguez.\n\ud83d\udcf1Tel\u00e9fono: 3825409109.\n\ud83d\uddd3 Horarios: Mi\u00e9rcoles (09:30hs a 11:30hs y 17:00hs a 18:30hs) Jueves (16:00hs a 17:30hs).\n\ud83d\udccdLugar: Abuelos del Coraz\u00f3n.", "author_id": "1502155863775072266"}, {"created_at": "2022-04-19T12:46:23.000Z", "edit_history_tweet_ids": ["1516397800346558464"], "id": "1516397800346558464", "text": "@huyelobo @parbolo @Kaladin2017 @Tabernita @filosofotodoa1e @AMdHL @TyelpeIthildim @Demostenes_eu @borja_f_e @taleuco @fmcarreno @Desertsound @GuilleMunoz @Ainsthrilln @oalfonsogarcia @Isherwood75 @Orocline @Mitsyssa @NymeriaSolo @jhlasa @mario_jsg @raquelitaruru @jtarrio75 @CaptainMiller @Mamenjg12 @misotrasvidas @cinturondorion_ @martindonato @DalniaFutbol @Epicureo64 @GomezDominus @CamaradaBakunin @WildlandFirefig @ivanramgarcia @araujo_ady @JPSalmeronL @Regoteos @marrowofthebxne @Diego_Jimnez4 @KraMGG @geografosubjeti @MMagan82 @rrazo @Limoncius @carloshidalgo @Pascual_Return @Samante7 @Oletros @cuenta_b_o_c @mcalerom A ver lo que dice el VAR, yo veo un lance del juego, no es ni falta.\n\nhttps://t.co/NdxRJPpvCW", "author_id": "965605509209485312"}, {"created_at": "2022-04-19T12:37:11.000Z", "edit_history_tweet_ids": ["1516395485061296129"], "id": "1516395485061296129", "text": "@armentaconmigo @senadomexicano @lopezobrador_ @adan_augusto @GobiernoMX @rocionahle @SENER_mx @mario_delgado @PartidoMorenaMx @RicardoMonrealA @MorenaSenadores Diputado ,, buen d\u00eda podr\u00eda usted donar arbolitos para reforestar una escuela , es perteneciente al estado de Puebla, en Tepexi de Rodr\u00edguez..", "author_id": "251116419"}, {"created_at": "2022-04-19T11:45:37.000Z", "edit_history_tweet_ids": ["1516382509558288385"], "id": "1516382509558288385", "text": "\ud83d\udc49 \u200b\u200bNos unimos a la celebraci\u00f3n de la Di\u00f3cesis de San Crist\u00f3bal, por el 47 aniversario de ordenaci\u00f3n de vida sacerdotal del Obispo de San Crist\u00f3bal y Gran Canciller de la #UCAT, Monse\u00f1or Mario del Valle Moronta Rodr\u00edguez @mmorontar\u2063\u2063\n\u2063\u2063\n\ud83c\udf89Felicitaciones\u2063\n\n#Tachira #19Abr https://t.co/KzKIv7O6FA", "author_id": "171588729"}, {"created_at": "2022-04-19T10:18:20.000Z", "edit_history_tweet_ids": ["1516360543560515584"], "id": "1516360543560515584", "text": "RT @siemens_es: \"La implementaci\u00f3n de la hoja de ruta de la Espa\u00f1a 5.0 tendr\u00e1 un impacto muy positivo en la econom\u00eda y en la sociedad\"\n\n\ud83d\udde3\ufe0f\u2026", "author_id": "83802177"}, {"created_at": "2022-04-19T10:02:57.000Z", "edit_history_tweet_ids": ["1516356672381497346"], "id": "1516356672381497346", "text": "\"La implementaci\u00f3n de la hoja de ruta de la Espa\u00f1a 5.0 tendr\u00e1 un impacto muy positivo en la econom\u00eda y en la sociedad\"\n\n\ud83d\udde3\ufe0f Empieza la mesa de debate con nuestro CIO, Mario Rodr\u00edguez, Fernando Pozueco de @siemens_es y Sara Antu\u00f1ano de @AUSAPE.\n\n#ImagineSpain50 https://t.co/Cwayn3EFZH", "author_id": "263131563"}, {"created_at": "2022-04-19T08:54:49.000Z", "edit_history_tweet_ids": ["1516339522849619968"], "id": "1516339522849619968", "text": "RT @bagnotrash: I RODRIGUEZ SONO I MARIO DRAGHI DEI REALITY #isola https://t.co/ruQSnXVLHj", "author_id": "1325914383759912960"}, {"created_at": "2022-04-19T08:51:19.000Z", "edit_history_tweet_ids": ["1516338644021301249"], "id": "1516338644021301249", "text": "RT @bagnotrash: I RODRIGUEZ SONO I MARIO DRAGHI DEI REALITY #isola https://t.co/ruQSnXVLHj", "author_id": "1515019339132555278"}, {"created_at": "2022-04-19T07:23:20.000Z", "edit_history_tweet_ids": ["1516316503020380160"], "id": "1516316503020380160", "text": "RT @ManuelBaltar: Nas Vendas @ConcelloEsgos con @EthelVazquez_m con Proxecto da senda peonil con @ConcelloPereiro . Con @Luis_MenorPerez Ma\u2026", "author_id": "1500807463"}, {"created_at": "2022-04-19T06:44:23.000Z", "edit_history_tweet_ids": ["1516306701808541696"], "id": "1516306701808541696", "text": "@aracelibs @delfinagomeza @mario_delgado @adan_augusto Y d\u00f3nde queda el \u201cgeneralote\u201dRodr\u00edguez Bucio, tan  valiente \u00e9l que uniformado hace politiquer\u00eda. Pero se lo quita cuando le hablan de crimen organizado y masacres\ud83d\ude02\ud83d\ude02\ud83d\ude02", "author_id": "3266796206"}, {"created_at": "2022-04-19T05:45:32.000Z", "edit_history_tweet_ids": ["1516291888994824192"], "id": "1516291888994824192", "text": "RT @ManuelBaltar: Nas Vendas @ConcelloEsgos con @EthelVazquez_m con Proxecto da senda peonil con @ConcelloPereiro . Con @Luis_MenorPerez Ma\u2026", "author_id": "2392706936"}, {"created_at": "2022-04-19T05:14:10.000Z", "edit_history_tweet_ids": ["1516283997902548996"], "id": "1516283997902548996", "text": "RT @ManuelBaltar: Nas Vendas @ConcelloEsgos con @EthelVazquez_m con Proxecto da senda peonil con @ConcelloPereiro . Con @Luis_MenorPerez Ma\u2026", "author_id": "533023501"}, {"created_at": "2022-04-19T03:25:05.000Z", "edit_history_tweet_ids": ["1516256544387706885"], "id": "1516256544387706885", "text": "RT @bagnotrash: I RODRIGUEZ SONO I MARIO DRAGHI DEI REALITY #isola https://t.co/ruQSnXVLHj", "author_id": "485832202"}, {"created_at": "2022-04-19T02:57:40.000Z", "edit_history_tweet_ids": ["1516249643105112068"], "id": "1516249643105112068", "text": "Tem\u00e1tica:\ud835\udc04\ud835\udc31\ud835\udc2d\ud835\udc2b\ud835\udc1a\ud835\udc27\ud835\udc23\ud835\udc1e\ud835\udc2b\ud835\udc28\ud835\udc2c \ud835\udc1a\ud835\udc27\ud835\udc28\ud835\udc2d\ud835\udc1a\ud835\udc1d\ud835\udc28\ud835\udc2b\ud835\udc1e\ud835\udc2c \ud835\udc1e\ud835\udc27 \ud835\udc2e\ud835\udc27 \ud835\udc02\ud835\udc25\u00e1\ud835\udc2c\ud835\udc22\ud835\udc1c\ud835\udc28\nEnrique Bologna\ud83c\udde6\ud83c\uddf7, Parcko Quiroz\ud83c\udde8\ud83c\uddf1, Gonzalo Godoy\ud83c\uddfa\ud83c\uddfe, Nelson Olveira\ud83c\uddfa\ud83c\uddfe; V\u00edctor Mafla\ud83c\udde8\ud83c\uddf4, Claudio Sarria\ud83c\udde6\ud83c\uddf7, Juan Carlos Kopriva\ud83c\udde6\ud83c\uddf7, Marquinho\ud83c\udde7\ud83c\uddf7, Arley Rodr\u00edguez\ud83c\udde8\ud83c\uddf4, Mario Catal\ud83c\uddfa\ud83c\uddfe, Hern\u00e1n Barcos\ud83c\udde6\ud83c\uddf7 #AlianzaLima https://t.co/1SzOmF4SxZ", "author_id": "1508727465631485952"}, {"created_at": "2022-04-19T02:38:08.000Z", "edit_history_tweet_ids": ["1516244728437747716"], "id": "1516244728437747716", "text": "\ud83e\uddee #AHOnces\nTem\u00e1tica: Extranjeros anotadores en un Cl\u00e1sico \ud83e\uddf3\u26bd\n\nEnrique Bologna \ud83c\udde6\ud83c\uddf7; Parcko Quiroz \ud83c\udde8\ud83c\uddf1, Gonzalo Godoy \ud83c\uddfa\ud83c\uddfe, Nelson Olveira \ud83c\uddfa\ud83c\uddfe; V\u00edctor Mafla \ud83c\udde8\ud83c\uddf4, Claudio Sarria \ud83c\udde6\ud83c\uddf7, Juan Carlos Kopriva \ud83c\udde6\ud83c\uddf7, Marquinho  \ud83c\udde7\ud83c\uddf7, Arley Rodr\u00edguez \ud83c\udde8\ud83c\uddf4; Mario Catal\u00e1 \ud83c\uddfa\ud83c\uddfe, Hern\u00e1n Barcos \ud83c\udde6\ud83c\uddf7 https://t.co/h0qPfpa3yI", "author_id": "907326572"}, {"created_at": "2022-04-19T02:03:00.000Z", "edit_history_tweet_ids": ["1516235886911844355"], "id": "1516235886911844355", "text": "RT @ElMasGrande1050: \ud83d\udd1c PR\u00d3XIMO PARTIDO\n\n\ud83c\udd9a Talleres\n\ud83d\uddd3 Mi\u00e9rcoles 20 de abril\n\u231a\ufe0f 19.00\n\ud83c\udfc6 Copa de la Liga Profesional\n\ud83d\udccc Fecha 11\n\ud83c\udfdf Mario Albert\u2026", "author_id": "2176555592"}, {"created_at": "2022-04-19T01:54:22.000Z", "edit_history_tweet_ids": ["1516233712802971656"], "id": "1516233712802971656", "text": "RT @Sinremitente21: Blindaje del litio potenciar\u00e1 a M\u00e9xico en materia de energ\u00edas limpias: @manuel_rdgn  https://t.co/pdf3aAjU1s v\u00eda @sinre\u2026", "author_id": "174352085"}, {"created_at": "2022-04-19T01:42:47.000Z", "edit_history_tweet_ids": ["1516230799380602881"], "id": "1516230799380602881", "text": "Blindaje del litio potenciar\u00e1 a M\u00e9xico en materia de energ\u00edas limpias: @manuel_rdgn  https://t.co/pdf3aAjU1s v\u00eda @sinremitente21 @lopezobrador_ @adan_augusto @cmmerino @victor_ulin @leonelconsultor @AbrahmSolorzano @mario_delgado @PartidoMorenaMx @MorenaTabasco", "author_id": "742920843571781633"}], "meta": {"newest_id": "1516614254127947777", "oldest_id": "1516230799380602881", "result_count": 98, "next_token": "b26v89c19zqg8o3fpytnjk7sbfltngdh94eaco5c0qykd"}}