{"data": [{"id": "1244765972923375619", "created_at": "2020-03-30T23:18:29.000Z", "author_id": "109095112", "text": "RT @MariaTabarnia: Juan Carlos P\u00e9rez, un fontanero de Pontevedra, que vot\u00f3 a S\u00e1nchez en las \u00faltimas elecciones y, que tras los acontecimien\u2026", "edit_history_tweet_ids": ["1244765972923375619"]}, {"id": "1244765572480540678", "created_at": "2020-03-30T23:16:53.000Z", "author_id": "333627902", "text": "RT @MariaTabarnia: Juan Carlos P\u00e9rez, un fontanero de Pontevedra, que vot\u00f3 a S\u00e1nchez en las \u00faltimas elecciones y, que tras los acontecimien\u2026", "edit_history_tweet_ids": ["1244765572480540678"]}, {"id": "1244762956015026176", "created_at": "2020-03-30T23:06:29.000Z", "author_id": "1275828216", "text": "RT @ArquitecturaVzl: La Clinica IDB de #Cabudare fue dise\u00f1ada por el arquitecto Gustavo S\u00e1nchez junto con los arquitectos Mariangela Sicili\u2026", "edit_history_tweet_ids": ["1244762956015026176"]}, {"id": "1244762579886469122", "created_at": "2020-03-30T23:05:00.000Z", "author_id": "305112787", "text": "La Clinica IDB de #Cabudare fue dise\u00f1ada por el arquitecto Gustavo S\u00e1nchez junto con los arquitectos Mariangela Siciliano, Juan Jos\u00e9 Perdomo, Orlando Perdomo y Carlos R\u00faa, conoce m\u00e1s de este proyecto en: https://t.co/oEqzvjDXf6 https://t.co/mYV9VyH9yo", "edit_history_tweet_ids": ["1244762579886469122"]}, {"id": "1244759863151996929", "created_at": "2020-03-30T22:54:12.000Z", "author_id": "2350089655", "text": "RT @ArquitecturaVzl: La Clinica IDB de #Cabudare fue dise\u00f1ada por el arquitecto Gustavo S\u00e1nchez junto con los arquitectos Mariangela Sicili\u2026", "edit_history_tweet_ids": ["1244759863151996929"]}, {"id": "1244757546478342144", "created_at": "2020-03-30T22:45:00.000Z", "author_id": "305112787", "text": "La Clinica IDB de #Cabudare fue dise\u00f1ada por el arquitecto Gustavo S\u00e1nchez junto con los arquitectos Mariangela Siciliano, Juan Jos\u00e9 Perdomo, Orlando Perdomo y Carlos R\u00faa, conoce m\u00e1s de este proyecto en: https://t.co/oEqzvjDXf6 https://t.co/9EGxcUfQPt", "edit_history_tweet_ids": ["1244757546478342144"]}, {"id": "1244719167355392000", "created_at": "2020-03-30T20:12:29.000Z", "author_id": "157686868", "text": "RT @ArquitecturaVzl: La Clinica IDB de #Cabudare fue dise\u00f1ada por el arquitecto Gustavo S\u00e1nchez junto con los arquitectos Mariangela Sicili\u2026", "edit_history_tweet_ids": ["1244719167355392000"]}, {"id": "1244712934514843650", "created_at": "2020-03-30T19:47:43.000Z", "author_id": "64322514", "text": "@pelotazo 1. @C1audioBravo (Capit\u00e1n obvio)\n2. Caf\u00fa\n3. Roberto Carlos\n4. Hierro \n5. Zidane\n6. Xavi \n7. @Alexis_Sanchez\n8. Marcelo Espina \n9. @bambam9oficial\n10. Juan Roman\n11. Marcelo Salas\n14. Mati Fern\u00e1ndez (Gerrard) \n17. Arturo Sanhueza \n23. @kingarturo23\n26. H. Suazo\n30. E. Paredes", "edit_history_tweet_ids": ["1244712934514843650"]}, {"id": "1244712154986676224", "created_at": "2020-03-30T19:44:38.000Z", "author_id": "107802072", "text": "RT @ArquitecturaVzl: La Clinica IDB de #Cabudare fue dise\u00f1ada por el arquitecto Gustavo S\u00e1nchez junto con los arquitectos Mariangela Sicili\u2026", "edit_history_tweet_ids": ["1244712154986676224"]}, {"id": "1244710400534380545", "created_at": "2020-03-30T19:37:39.000Z", "author_id": "283201772", "text": "RT @ArquitecturaVzl: La Clinica IDB de #Cabudare fue dise\u00f1ada por el arquitecto Gustavo S\u00e1nchez junto con los arquitectos Mariangela Sicili\u2026", "edit_history_tweet_ids": ["1244710400534380545"]}, {"id": "1244709438474289154", "created_at": "2020-03-30T19:33:50.000Z", "author_id": "305112787", "text": "La Clinica IDB de #Cabudare fue dise\u00f1ada por el arquitecto Gustavo S\u00e1nchez junto con los arquitectos Mariangela Siciliano, Juan Jos\u00e9 Perdomo, Orlando Perdomo y Carlos R\u00faa, conoce m\u00e1s de este proyecto en: https://t.co/oEqzvjmmny https://t.co/1l4ajCgkE9", "edit_history_tweet_ids": ["1244709438474289154"]}, {"id": "1244676577394376705", "created_at": "2020-03-30T17:23:15.000Z", "author_id": "1162632388700250113", "text": "@JoseManuelAcbal @javierortsal844 @jhuerta54 Felipe VI no puede tomar el mando de una Monarqu\u00eda Parlamentaria y destituir a Cum Fraude S\u00e1nchez pero su padre Juan Carlos I bien que mont\u00f3 un golpe de estado para acabar con el Ej\u00e9rcito como poder f\u00e1ctico. La clave est\u00e1 en que el monarca es un mandado del Club Bilderberg.", "edit_history_tweet_ids": ["1244676577394376705"]}, {"id": "1244664495672360961", "created_at": "2020-03-30T16:35:15.000Z", "author_id": "148172912", "text": "@maitebazterra En abril '72, asesinaron al gral Juan Carlos S\u00e1nchez en ciudad de Rosario, matando a Dora Elcira Cucco de Ayala, (Miss Cucco, profesora de ingl\u00e9s en la escuela donde yo cursaba la primaria), agoniz\u00f3 vs horas. da\u00f1o colateral de la \" juventud maravillosa\"\ud83d\ude1f", "edit_history_tweet_ids": ["1244664495672360961"]}, {"id": "1244632700432064518", "created_at": "2020-03-30T14:28:54.000Z", "author_id": "1153231629491539968", "text": "RT @TSemillas: (V\u00cdDEO): Hermann Tertsch y Juan Carlos Girauta destrozan a la progre Esther Palomera por su sumisi\u00f3n ante Pedro S\u00e1nchez http\u2026", "edit_history_tweet_ids": ["1244632700432064518"]}, {"id": "1244631634315489281", "created_at": "2020-03-30T14:24:40.000Z", "author_id": "1153231629491539968", "text": "(V\u00cdDEO): Hermann Tertsch y Juan Carlos Girauta destrozan a la progre Esther Palomera por su sumisi\u00f3n ante Pedro S\u00e1nchez https://t.co/xmPYYxRoQm v\u00eda @NacionDigital2", "edit_history_tweet_ids": ["1244631634315489281"]}, {"id": "1244628534380974081", "created_at": "2020-03-30T14:12:21.000Z", "author_id": "1242237814797991936", "text": "Juan Valdez primero fue interpretado por el actor cubano Jos\u00e9 Duval. Tras \u00e9l llegar\u00eda S\u00e1nchez por un periodo de 37 a\u00f1os para finalmente ceder al personaje en 2006 desde cuando asumi\u00f3 Carlos Casta\u00f1eda. https://t.co/NS9KP6sqm6", "edit_history_tweet_ids": ["1244628534380974081"]}, {"id": "1244627322919059456", "created_at": "2020-03-30T14:07:32.000Z", "author_id": "1242237814797991936", "text": "RT @CafedeColombia: Lamentamos profundamente el fallecimiento del Se\u00f1or Carlos S\u00e1nchez quien dio vida al personaje Juan Valdez durante much\u2026", "edit_history_tweet_ids": ["1244627322919059456"]}, {"id": "1244627188256837636", "created_at": "2020-03-30T14:07:00.000Z", "author_id": "1242237814797991936", "text": "El se\u00f1or que ven, es alguien que interpreta el personaje, pero \u00e9l no se llama Juan Valdez. Ese se\u00f1or es Carlos S\u00e1nchez e interpret\u00f3 durante muchos a\u00f1os este personaje hasta que muri\u00f3 en 2006. https://t.co/4sOqMOmOt6", "edit_history_tweet_ids": ["1244627188256837636"]}, {"id": "1244626807728549898", "created_at": "2020-03-30T14:05:29.000Z", "author_id": "1033280410262953985", "text": "RT @SHRfutbol: @cdnumancia\n\nMarc Mateu: Fin de contrato\nJuan Carlos S\u00e1nchez: Fin de contrato\nErik Moran: Fin de contrato\nDerik Osede: Fin d\u2026", "edit_history_tweet_ids": ["1244626807728549898"]}, {"id": "1244620639584915456", "created_at": "2020-03-30T13:40:59.000Z", "author_id": "2228730179", "text": "RT @MariaTabarnia: Juan Carlos P\u00e9rez, un fontanero de Pontevedra, que vot\u00f3 a S\u00e1nchez en las \u00faltimas elecciones y, que tras los acontecimien\u2026", "edit_history_tweet_ids": ["1244620639584915456"]}, {"id": "1244619391309885440", "created_at": "2020-03-30T13:36:01.000Z", "author_id": "335535443", "text": "@NexoESPNco @casaleantonio \ud83c\udde8\ud83c\uddf4Oscar C\u00f3rdoba\n\ud83c\udde8\ud83c\uddf4Ivan Ramiro C\u00f3rdoba \n\ud83c\udde8\ud83c\uddf4Yerry Mina\n\ud83c\udde8\ud83c\uddf4Mario Yepes\n\ud83c\udde8\ud83c\uddf4Frank Fabra\n\ud83c\udde8\ud83c\uddf4Freddy Rinc\u00f3n \n\ud83c\udde8\ud83c\uddf4Carlos S\u00e1nchez \n\ud83c\udde8\ud83c\uddf4Pibe Valderrama \n\ud83c\udde8\ud83c\uddf4Juan Cuadrado\n\ud83c\udde8\ud83c\uddf4James Rodr\u00edguez \n\ud83c\udde8\ud83c\uddf4Falcao Garc\u00eda", "edit_history_tweet_ids": ["1244619391309885440"]}, {"id": "1244617028809510914", "created_at": "2020-03-30T13:26:38.000Z", "author_id": "2725089899", "text": "RT @MariaTabarnia: Juan Carlos P\u00e9rez, un fontanero de Pontevedra, que vot\u00f3 a S\u00e1nchez en las \u00faltimas elecciones y, que tras los acontecimien\u2026", "edit_history_tweet_ids": ["1244617028809510914"]}, {"id": "1244609245259202561", "created_at": "2020-03-30T12:55:42.000Z", "author_id": "110753416", "text": "RT @MariaTabarnia: Juan Carlos P\u00e9rez, un fontanero de Pontevedra, que vot\u00f3 a S\u00e1nchez en las \u00faltimas elecciones y, que tras los acontecimien\u2026", "edit_history_tweet_ids": ["1244609245259202561"]}, {"id": "1244609237923303424", "created_at": "2020-03-30T12:55:40.000Z", "author_id": "842318803", "text": "RT @MariaTabarnia: Juan Carlos P\u00e9rez, un fontanero de Pontevedra, que vot\u00f3 a S\u00e1nchez en las \u00faltimas elecciones y, que tras los acontecimien\u2026", "edit_history_tweet_ids": ["1244609237923303424"]}, {"id": "1244609081861644288", "created_at": "2020-03-30T12:55:03.000Z", "author_id": "61586013", "text": "RT @MariaTabarnia: Juan Carlos P\u00e9rez, un fontanero de Pontevedra, que vot\u00f3 a S\u00e1nchez en las \u00faltimas elecciones y, que tras los acontecimien\u2026", "edit_history_tweet_ids": ["1244609081861644288"]}, {"id": "1244608316577325056", "created_at": "2020-03-30T12:52:01.000Z", "author_id": "1470384674", "text": "RT @MariaTabarnia: Juan Carlos P\u00e9rez, un fontanero de Pontevedra, que vot\u00f3 a S\u00e1nchez en las \u00faltimas elecciones y, que tras los acontecimien\u2026", "edit_history_tweet_ids": ["1244608316577325056"]}, {"id": "1244601296142860289", "created_at": "2020-03-30T12:24:07.000Z", "author_id": "165809625", "text": "@lucasg91 @marce63guerrero Ruben S\u00e1nchez\nChiche So\u00f1ora, pancho Sa, W. Samuel, Joni Silva\nSalvio, chapa Su\u00f1\u00e9, Carlos Sosa  (el de sosa-lazzatti-pescia), \nSanfilippo, Santiago Silva, Jaime Sarlanga\n\nSupl.\nSara, Sauro, carmelo Simeone (el cholo original), loco salinas\nDt: Sarlanga\nManager: juan simon (?)", "edit_history_tweet_ids": ["1244601296142860289"]}, {"id": "1244595500810153986", "created_at": "2020-03-30T12:01:05.000Z", "author_id": "950117724943986689", "text": "RT @JacquiLizarazo: @JuanAcevedoGar1 @todoscolombia Juan Carlos, te falt\u00f3\nEs una \"gripita com\u00fan\" por eso Autoriz\u00f3 y apoy\u00f3 la Marcha del 25\u2026", "edit_history_tweet_ids": ["1244595500810153986"]}, {"id": "1244587214962675712", "created_at": "2020-03-30T11:28:10.000Z", "author_id": "1103408772897271820", "text": "RT @JacquiLizarazo: @JuanAcevedoGar1 @todoscolombia Juan Carlos, te falt\u00f3\nEs una \"gripita com\u00fan\" por eso Autoriz\u00f3 y apoy\u00f3 la Marcha del 25\u2026", "edit_history_tweet_ids": ["1244587214962675712"]}, {"id": "1244571748151984128", "created_at": "2020-03-30T10:26:42.000Z", "author_id": "262359779", "text": "@cdnumancia\n\nMarc Mateu: Fin de contrato\nJuan Carlos S\u00e1nchez: Fin de contrato\nErik Moran: Fin de contrato\nDerik Osede: Fin de contrato\nAlberto Noguera: Fin de contrato\nAlain Oyarzun: Fin de contrato\nIgor Zlatanovic: Fin de cesi\u00f3n (RCD Mallorca)", "edit_history_tweet_ids": ["1244571748151984128"]}, {"id": "1244555131510808576", "created_at": "2020-03-30T09:20:40.000Z", "author_id": "1711460798", "text": "@JuanAcevedoGar1 @todoscolombia Juan Carlos, te falt\u00f3\nEs una \"gripita com\u00fan\" por eso Autoriz\u00f3 y apoy\u00f3 la Marcha del 25 de Marzo...\nPor Claudia L\u00f3pez Bogot\u00e1 pudo estar en igual o mayor peligro que Espa\u00f1a donde el Comunista Pedro S\u00e1nchez que apoy\u00f3 la Marcha del 8 de Marzo en Espa\u00f1a y vemos las consecuencias.", "edit_history_tweet_ids": ["1244555131510808576"]}, {"id": "1244546983441895424", "created_at": "2020-03-30T08:48:18.000Z", "author_id": "1152502826767200256", "text": "RT @Juan_Carlos_ZV: As\u00ed decidi\u00f3 S\u00e1nchez el \"confinamiento total\" que impulsaba Iglesias y rechazaba Calvi\u00f1o https://t.co/IKwy0IKwae", "edit_history_tweet_ids": ["1244546983441895424"]}, {"id": "1244546950369808384", "created_at": "2020-03-30T08:48:10.000Z", "author_id": "1152502826767200256", "text": "RT @Juan_Carlos_ZV: S\u00e1nchez lleva a Espa\u00f1a al desastre econ\u00f3mico con su falta de ayudas y de estrategia https://t.co/rRQz3T9kbG", "edit_history_tweet_ids": ["1244546950369808384"]}, {"id": "1244483687279988736", "created_at": "2020-03-30T04:36:47.000Z", "author_id": "218229059", "text": "@miopepensativo @YouTube https://t.co/O6xSejZhJp  (2:02 horas). \nCreo que te gustar\u00e1.\n\nDocumental de Canal Sur televisi\u00f3n. Dirigido por Manu S\u00e1nchez y protagonizado por Juan Carlos Arag\u00f3n Becerra; El ni\u00f1o malo del carnaval, el m\u00e1s rebelde de los autores, fallecido a mediados del 2019.", "edit_history_tweet_ids": ["1244483687279988736"]}, {"id": "1244425966816018432", "created_at": "2020-03-30T00:47:25.000Z", "author_id": "97494242", "text": "RT @pjhm1969: Algo que decir Echenique, Pablo Iglesias , Pedro S\u00e1nchez, Jos\u00e9 Luis Rodr\u00edguez Zapatero, \u00c1balos, Juan Carlos Monedero, Irene M\u2026", "edit_history_tweet_ids": ["1244425966816018432"]}, {"id": "1244423772125437953", "created_at": "2020-03-30T00:38:42.000Z", "author_id": "3750008055", "text": "Algo que decir Echenique, Pablo Iglesias , Pedro S\u00e1nchez, Jos\u00e9 Luis Rodr\u00edguez Zapatero, \u00c1balos, Juan Carlos Monedero, Irene Montero y a todos los votantes de Podemos y del nuevo PSOE populista chavista, esta es la cara de vuestro jefe el dictador narco terrorista Nicol\u00e1s Maduro https://t.co/narw3sb5XK", "edit_history_tweet_ids": ["1244423772125437953"]}, {"id": "1244378894674821122", "created_at": "2020-03-29T21:40:22.000Z", "author_id": "312875405", "text": "@FCFSeleccionCol David Ospina, D\u00e1vinson S\u00e1nchez, Carlos Valderrama, Juan Cuadrado y Faustino Asprilla", "edit_history_tweet_ids": ["1244378894674821122"]}, {"id": "1244372245855731719", "created_at": "2020-03-29T21:13:57.000Z", "author_id": "3600481694", "text": "#Pomares2020 \nFINAL\nJinotega 9-7 B\u00f3er \nPG: Yeris Gonz\u00e1lez \nPP: Miguel Rojas \nJS: Harvin Talavera \nHR: Juan Carlos Urbina \n       Gilbert S\u00e1nchez \nSERIE 3-0 JINOTEGA", "edit_history_tweet_ids": ["1244372245855731719"]}, {"id": "1244339969386336258", "created_at": "2020-03-29T19:05:42.000Z", "author_id": "1159521845848227840", "text": "RT @Meliorist59: \ud83d\udea8Juan Carlos Sanchez https://t.co/JzloabETpD", "edit_history_tweet_ids": ["1244339969386336258"]}, {"id": "1244326977571561474", "created_at": "2020-03-29T18:14:04.000Z", "author_id": "871344973995757569", "text": "RT @LoberCarl: Nos preguntamos:  Donde est\u00e1n Pablo Iglesias y Juan Carlos Monedero? Pedro Sanchez? Donde esta Putin? No ha declarado ni a f\u2026", "edit_history_tweet_ids": ["1244326977571561474"]}, {"id": "1244325287451660289", "created_at": "2020-03-29T18:07:21.000Z", "author_id": "2895453333", "text": "RT @LoberCarl: Nos preguntamos:  Donde est\u00e1n Pablo Iglesias y Juan Carlos Monedero? Pedro Sanchez? Donde esta Putin? No ha declarado ni a f\u2026", "edit_history_tweet_ids": ["1244325287451660289"]}, {"id": "1244322789865205762", "created_at": "2020-03-29T17:57:26.000Z", "author_id": "1017277387", "text": "RT @DMuriarte: @FutMadrid Que buenos recuerdos, me faltan algunos pero ah\u00ed voy, Ferreras, Diego PF (yo), Moris, Manolo, Vega, Juan Carlos,\u2026", "edit_history_tweet_ids": ["1244322789865205762"]}, {"id": "1244309494479364097", "created_at": "2020-03-29T17:04:36.000Z", "author_id": "1242423931", "text": "@FutMadrid Que buenos recuerdos, me faltan algunos pero ah\u00ed voy, Ferreras, Diego PF (yo), Moris, Manolo, Vega, Juan Carlos, Herrero, Agust\u00edn, F\u00e9lix, Sa\u00edto, delegado y entrenador de porteros. Abajo S\u00e1nchez, Carrasco, Pirri, Rajado, Juanma, Guy, Chuso, Alejandro y Diego fisio. 2001/02?", "edit_history_tweet_ids": ["1244309494479364097"]}, {"id": "1244304456746926081", "created_at": "2020-03-29T16:44:35.000Z", "author_id": "2323800050", "text": "RT @JMancha64: @relatandohisto1 @jg_dominguez Dos ni\u00f1os jugando y un arma de caza disparada... Es como insinuar que Marichalar intent\u00f3 mata\u2026", "edit_history_tweet_ids": ["1244304456746926081"]}, {"id": "1244303204373782528", "created_at": "2020-03-29T16:39:36.000Z", "author_id": "2391939410", "text": "\ud83d\udea8Juan Carlos Sanchez https://t.co/JzloabETpD", "edit_history_tweet_ids": ["1244303204373782528"]}, {"id": "1244301991007879168", "created_at": "2020-03-29T16:34:47.000Z", "author_id": "360414973", "text": "@UEFA_Goleador \ud83c\uddeb\ud83c\uddf7 Michel Francois Platini\n\ud83c\udde9\ud83c\uddea Pierre Michael Littbarski\n\ud83c\udde8\ud83c\uddf1 Carlos Humberto Caszely Garrido\n\ud83c\uddf2\ud83c\uddfd Hugo S\u00e1nchez M\u00e1rquez\n\ud83c\uddfa\ud83c\uddfe Pablo Javier Bengoechea Dutra\n\ud83c\udde6\ud83c\uddf7 Diego Armando Maradona Franco\n\ud83c\udde7\ud83c\uddf7 Edson Arantes do Nascimento\n\ud83c\uddfb\ud83c\uddea Juan Fernando Arango S\u00e1enz\n\ud83c\udff4\udb40\udc67\udb40\udc62\udb40\udc65\udb40\udc6e\udb40\udc67\udb40\udc7f Gary Winston Lineker\n\ud83c\uddf7\ud83c\uddfa Lev Yashin", "edit_history_tweet_ids": ["1244301991007879168"]}, {"id": "1244257271984652297", "created_at": "2020-03-29T13:37:05.000Z", "author_id": "1085639802408615957", "text": "RT @ConAmeba: Sanidad PRIVADA:\n\u27a1\ufe0f Carmen Calvo\n\u27a1\ufe0f Pablo Iglesias\n\u27a1\ufe0f Bego\u00f1a G\u00f3mez\n\u27a1\ufe0f Pedro S\u00e1nchez\n\u27a1\ufe0f Padres Pedro S\u00e1nchez\n\u27a1\ufe0f Baltasar Garz\u00f3\u2026", "edit_history_tweet_ids": ["1244257271984652297"]}, {"id": "1244252577111461888", "created_at": "2020-03-29T13:18:26.000Z", "author_id": "775815570121904129", "text": "Bolivia: Jos\u00e9 Fern\u00e1ndez, Oscar S\u00e1nchez, Juan Manuel Pe\u00f1a, Marcos Sandy (76' Miguel \u00c1ngel Rimba), Renny Ribera, Luis Cristaldo, Ra\u00fal Justiniano, Iv\u00e1n Castillo, Limberg Guti\u00e9rrez (59' Roger Su\u00e1rez), Erwin S\u00e1nchez y Jaime Moreno (70' Joaqu\u00edn Botero). \nDT.: Carlos Aragon\u00e9s https://t.co/MTDbtW1ZWG", "edit_history_tweet_ids": ["1244252577111461888"]}, {"id": "1244234115362275328", "created_at": "2020-03-29T12:05:04.000Z", "author_id": "752229309692145665", "text": "RT @Hdad_Pasion: Juan Carlos Heras S\u00e1nchez dedic\u00f3, en su preg\u00f3n de 1998, este fragmento en el que vincul\u00f3 su devoci\u00f3n al Se\u00f1or con la trans\u2026", "edit_history_tweet_ids": ["1244234115362275328"]}, {"id": "1244225346171555840", "created_at": "2020-03-29T11:30:13.000Z", "author_id": "2969222067", "text": "Juan Carlos Heras S\u00e1nchez dedic\u00f3, en su preg\u00f3n de 1998, este fragmento en el que vincul\u00f3 su devoci\u00f3n al Se\u00f1or con la transmisi\u00f3n de la fe que hered\u00f3 de su padre, devoto de Jes\u00fas de la Pasi\u00f3n. https://t.co/9fKo8K5iOT", "edit_history_tweet_ids": ["1244225346171555840"]}, {"id": "1244210340520431617", "created_at": "2020-03-29T10:30:36.000Z", "author_id": "775465890", "text": "@relatandohisto1 @jg_dominguez Dos ni\u00f1os jugando y un arma de caza disparada... Es como insinuar que Marichalar intent\u00f3 matar a Froil\u00e1n peg\u00e1ndole un tiro en el pie... El heredero era Juan Carlos...  No hab\u00eda motivo... Volviendo al COVID... SANCHEZ ES UN ASESINO IRRESPONSABLE", "edit_history_tweet_ids": ["1244210340520431617"]}, {"id": "1244185767292911617", "created_at": "2020-03-29T08:52:57.000Z", "author_id": "1006495744717742080", "text": "RT @ConAmeba: Sanidad PRIVADA:\n\u27a1\ufe0f Carmen Calvo\n\u27a1\ufe0f Pablo Iglesias\n\u27a1\ufe0f Bego\u00f1a G\u00f3mez\n\u27a1\ufe0f Pedro S\u00e1nchez\n\u27a1\ufe0f Padres Pedro S\u00e1nchez\n\u27a1\ufe0f Baltasar Garz\u00f3\u2026", "edit_history_tweet_ids": ["1244185767292911617"]}, {"id": "1244071517358567424", "created_at": "2020-03-29T01:18:58.000Z", "author_id": "385138406", "text": "Nos preguntamos:  Donde est\u00e1n Pablo Iglesias y Juan Carlos Monedero? Pedro Sanchez? Donde esta Putin? No ha declarado ni a favor ni en contra. Desperdiciaron tanta de la riqueza venezolana, igual los abandonan como lo que son! #28Marzo #Venzuela", "edit_history_tweet_ids": ["1244071517358567424"]}, {"id": "1244032259163934722", "created_at": "2020-03-28T22:42:58.000Z", "author_id": "154992686", "text": "RT @MARIAESALERNI: \u201cA DONDE ESTAN LOS CHULOS DEL REGIMEN....\ud83d\ude04\nCORREA, CRISTINA K., ORTEGA, ZAPATERO...?\nEvo Morales, Daniel Ortega, Raul Ca\u2026", "edit_history_tweet_ids": ["1244032259163934722"]}, {"id": "1244032227693998081", "created_at": "2020-03-28T22:42:50.000Z", "author_id": "154992686", "text": "\u201cA DONDE ESTAN LOS CHULOS DEL REGIMEN....\ud83d\ude04\nCORREA, CRISTINA K., ORTEGA, ZAPATERO...?\nEvo Morales, Daniel Ortega, Raul Castro, Cristina Kirchner, Lula da Silva, Pablo Iglesias y Juan Carlos Monedero? Pedro Sanchez Oliver Stone y Danny Glover??SUCIOS TODOS!\u201d", "edit_history_tweet_ids": ["1244032227693998081"]}, {"id": "1244029602613407746", "created_at": "2020-03-28T22:32:24.000Z", "author_id": "352533147", "text": "@josemsantana15 @RonerDiaz @FelixParedes_C @JefryAMGonalez @edydiazd Gary S\u00e1nchez  C\nFernando Tatis jr SS\nManny Machado 3B\nRobinson Cano 2B\nCarlos Santana 1B\nStarlin Marte CF\nJuan Soto LF\nMarcell Ozuna RF\nNelson Cruz DH\nLuis Castillo P\nTony Pe\u00f1a M", "edit_history_tweet_ids": ["1244029602613407746"]}, {"id": "1244027770663034880", "created_at": "2020-03-28T22:25:08.000Z", "author_id": "154992686", "text": "A DONDE ESTAN LOS CHULOS DEL REGIMEN....\ud83d\ude04\nCORREA, CRISTINA K., ORTEGA, ZAPATERO...?\nEvo Morales, Daniel Ortega, Raul Castro, Cristina Kirchner, Lula da Silva, Pablo Iglesias y Juan Carlos Monedero? Pedro Sanchez Oliver Stone y Danny Glover??SUCIOS TODOS!", "edit_history_tweet_ids": ["1244027770663034880"]}, {"id": "1244009750603403264", "created_at": "2020-03-28T21:13:31.000Z", "author_id": "274025821", "text": "@exposito_juan @rafa_rubio1 @Morenin14 @dragonpat @fjmoya @Alexct1988 @Juan_hdz4 @pericrack @IreneB_CT @manulocuaz @JulitoClemente @blogefesista @garciviss @javimadridfut @JaviZapata12 @Sivori88 @PabloRuizTYM @JosePvstor @victorfdez21 @anderlafuente @Domingo_lopez @AlberPagan @gomezdesalazar @pikitb @juansevilla_1 @Aneruz_ct @cornerfranke @Guille_Mon @AlfAguera @alfonso855 @rulct @pascugg12 @andresmt82 @iosu83ss @gcarrasco85 @nana_ct @KAPA_CT @Navasct @10joserosell @PedroVidal7 @basti_ct @frandepaula81 @PepeLuDonettix @pepelopezct @pandresct @GutiOcana @maar_ct @pelli86 @jorge_fcs Es complicado pero vamos a ello:\n\n- Alberto Garc\u00eda\n- Mariano S\u00e1nchez\n- Carlos Carmona\n- V\u00edctor Fern\u00e1ndez\n\nMenciones especiales para S\u00edvori y pr\u00e1cticamente toda la plantilla de la 2008/10 (Lafuente, Long\u00e1s, De Lucas, Cygan..). Carrasquilla tiene mimbres para entrar en el futuro", "edit_history_tweet_ids": ["1244009750603403264"]}, {"id": "1243998752718721024", "created_at": "2020-03-28T20:29:49.000Z", "author_id": "976185681872637952", "text": "RT @cristina_ajj: S\u00e1nchez no defiende a los espa\u00f1oles ni dentro ni fuera de nuestras fronteras. Gobierno inoperante, peligroso e In\u00fatil. \nN\u2026", "edit_history_tweet_ids": ["1243998752718721024"]}, {"id": "1243989116347453441", "created_at": "2020-03-28T19:51:32.000Z", "author_id": "1212284827619086336", "text": "MA\u00d1ANA LO QUE FALTABA OIR AL NARCISISTA EVOLE CON EL PAYASO URUGUAYO AMIGO DE JUAN CARLOS I  OTRO PANFLETO CASI CASI MEJOR OIR  LOS MITINES\nDE SANCHEZ", "edit_history_tweet_ids": ["1243989116347453441"]}, {"id": "1243984835686907906", "created_at": "2020-03-28T19:34:31.000Z", "author_id": "2578402056", "text": "@chafitaball @TartaDeFreak Mi nombre es Juan Ramiro S\u00e1nchez Villalobos, espadero mayor de su majestad, Carlos I de Espa\u00f1a.... a su servicio...\n\nPor cierto, yo s\u00ed como Hagis \ud83d\ude18", "edit_history_tweet_ids": ["1243984835686907906"]}, {"id": "1243975144508461060", "created_at": "2020-03-28T18:56:01.000Z", "author_id": "888670603", "text": "RT @JuanaleAlcover: Sorprende que el Colegio de Economistas M\u00e1laga @ColEcoMalaga critique a @sanchezcastejon @PSOE? \nRecordemos que su impr\u2026", "edit_history_tweet_ids": ["1243975144508461060"]}, {"id": "1243951953505406976", "created_at": "2020-03-28T17:23:51.000Z", "author_id": "527589326", "text": "S\u00e1nchez no defiende a los espa\u00f1oles ni dentro ni fuera de nuestras fronteras. Gobierno inoperante, peligroso e In\u00fatil. \nNo merecemos este Gobierno ni un minuto m\u00e1s. \n#Covid_19\n#GobiernoDimision\n#GobiernoDeInutiles\n#GobiernodeChapuzas\nhttps://t.co/IFu6Mgi86G", "edit_history_tweet_ids": ["1243951953505406976"]}, {"id": "1243951707035492352", "created_at": "2020-03-28T17:22:53.000Z", "author_id": "628782225", "text": "RT @LovelasFilms: Este fin de semana se emitir\u00e1 varias veces esta obra de teatro en @crtv1.\n\"\u00bfQu\u00e9 Diablos pas\u00f3 con Baby Jane?\" dirigida por\u2026", "edit_history_tweet_ids": ["1243951707035492352"]}, {"id": "1243937734080765953", "created_at": "2020-03-28T16:27:21.000Z", "author_id": "499628911", "text": "RT @Camarada_Duarte: Este soneto lo escribi\u00f3 Juan Carlos para su mano derecha, su hombre de confianza, tal y como \u00e9l lo defin\u00eda. Al que est\u2026", "edit_history_tweet_ids": ["1243937734080765953"]}, {"id": "1243935699813961728", "created_at": "2020-03-28T16:19:16.000Z", "author_id": "2442523003", "text": "RT @jorge22094625: @sonia_riverogc Juan Carlos I hizo c\u00e9lebre la frase a Ch\u00e1vez \"\" POR QUE NO TE CALLAS \"\"...ahora nosotros deber\u00edamos de p\u2026", "edit_history_tweet_ids": ["1243935699813961728"]}, {"id": "1243933557065687040", "created_at": "2020-03-28T16:10:45.000Z", "author_id": "3305124459", "text": "RT @viejocasale: 28/3/1948. Amistoso. Racing 3 (Salvini 2, Simes) v. Boca 1 (Negri). Cancha de San Lorenzo. Debut (no oficial) de Norberto\u2026", "edit_history_tweet_ids": ["1243933557065687040"]}, {"id": "1243912899715792896", "created_at": "2020-03-28T14:48:40.000Z", "author_id": "271952753", "text": "Arriba de izquierda a derecha:  @santicanizares , Mauricio Pellegrino, Carlos Marchena, David Albelda, Salva Balllesta y Amedeo Carboni.\nAbajo en el mismo orden: Francisco Rufete, Crist\u00f3bal 'Curro' Torres, 'Kily' Gonz\u00e1lez, Juan S\u00e1nchez y Roberto Fabi\u00e1n Ayala. https://t.co/9t4ViJYU9L", "edit_history_tweet_ids": ["1243912899715792896"]}, {"id": "1243909898607484928", "created_at": "2020-03-28T14:36:45.000Z", "author_id": "490797103", "text": "RT @Camarada_Duarte: Este soneto lo escribi\u00f3 Juan Carlos para su mano derecha, su hombre de confianza, tal y como \u00e9l lo defin\u00eda. Al que est\u2026", "edit_history_tweet_ids": ["1243909898607484928"]}, {"id": "1243906531894136832", "created_at": "2020-03-28T14:23:22.000Z", "author_id": "1295207168", "text": "Gast\u00f3n Sessa\nWalter Samuel\nJuan Pablo Sor\u00edn\nCarlos S\u00e1nchez\nFranco Soldando\nDiego Simeone\nSouthampton https://t.co/6YjhdlZ7Ku", "edit_history_tweet_ids": ["1243906531894136832"]}, {"id": "1243896762269675520", "created_at": "2020-03-28T13:44:33.000Z", "author_id": "87794630", "text": "RT @ArqMarquina: @alberto_turismo @RICARDO1150AM @alextovarmx @Hortattack @jbalderas83 @GabrielAranda83 @danielgodoyuam @xavoconx @Rod_Mart\u2026", "edit_history_tweet_ids": ["1243896762269675520"]}, {"id": "1243896525308264449", "created_at": "2020-03-28T13:43:36.000Z", "author_id": "1189726969459544066", "text": "RT @pjhm1969: @hugouribev @miFBIHouston No olvidar la financiaci\u00f3n para la creaci\u00f3n de Podemos en Espa\u00f1a \ud83c\uddea\ud83c\uddf8, el vicepresidente Pablo Iglesi\u2026", "edit_history_tweet_ids": ["1243896525308264449"]}, {"id": "1243894664379408384", "created_at": "2020-03-28T13:36:13.000Z", "author_id": "42065164", "text": "RT @HoracioRubio97: Jos\u00e9 Luis Rodr\u00edguez Zapatero y Juan Carlos Monedero dos criminales de izquierda podrian muy pronto ver como sus cabezas\u2026", "edit_history_tweet_ids": ["1243894664379408384"]}, {"id": "1243892641655332865", "created_at": "2020-03-28T13:28:10.000Z", "author_id": "3303497751", "text": "RT @ConAmeba: Sanidad PRIVADA:\n\u27a1\ufe0f Carmen Calvo\n\u27a1\ufe0f Pablo Iglesias\n\u27a1\ufe0f Bego\u00f1a G\u00f3mez\n\u27a1\ufe0f Pedro S\u00e1nchez\n\u27a1\ufe0f Padres Pedro S\u00e1nchez\n\u27a1\ufe0f Baltasar Garz\u00f3\u2026", "edit_history_tweet_ids": ["1243892641655332865"]}, {"id": "1243892249513132035", "created_at": "2020-03-28T13:26:37.000Z", "author_id": "290646413", "text": "RT @ConAmeba: Sanidad PRIVADA:\n\u27a1\ufe0f Carmen Calvo\n\u27a1\ufe0f Pablo Iglesias\n\u27a1\ufe0f Bego\u00f1a G\u00f3mez\n\u27a1\ufe0f Pedro S\u00e1nchez\n\u27a1\ufe0f Padres Pedro S\u00e1nchez\n\u27a1\ufe0f Baltasar Garz\u00f3\u2026", "edit_history_tweet_ids": ["1243892249513132035"]}, {"id": "1243880368836620288", "created_at": "2020-03-28T12:39:24.000Z", "author_id": "1053988123145895936", "text": "RT @ConAmeba: Sanidad PRIVADA:\n\u27a1\ufe0f Carmen Calvo\n\u27a1\ufe0f Pablo Iglesias\n\u27a1\ufe0f Bego\u00f1a G\u00f3mez\n\u27a1\ufe0f Pedro S\u00e1nchez\n\u27a1\ufe0f Padres Pedro S\u00e1nchez\n\u27a1\ufe0f Baltasar Garz\u00f3\u2026", "edit_history_tweet_ids": ["1243880368836620288"]}, {"id": "1243875898329313281", "created_at": "2020-03-28T12:21:38.000Z", "author_id": "1068581512222818304", "text": "RT @ConAmeba: Sanidad PRIVADA:\n\u27a1\ufe0f Carmen Calvo\n\u27a1\ufe0f Pablo Iglesias\n\u27a1\ufe0f Bego\u00f1a G\u00f3mez\n\u27a1\ufe0f Pedro S\u00e1nchez\n\u27a1\ufe0f Padres Pedro S\u00e1nchez\n\u27a1\ufe0f Baltasar Garz\u00f3\u2026", "edit_history_tweet_ids": ["1243875898329313281"]}, {"id": "1243872422966833152", "created_at": "2020-03-28T12:07:50.000Z", "author_id": "1060284195061334022", "text": "\u00c1ngela Merkel: Haciendo cola en un supermercado.\n\nJuan Carlos de Borb\u00f3n: Visita sorpresa al hospital de IFEMA.\n\nVladimir Putin: Visita hospital epicentro COVID-19 Kommunarka.\n\nPedro S\u00e1nchez: Al\u00f3 Presidente todos los d\u00edas a las 21:00.\n\nEres un cobarde.", "edit_history_tweet_ids": ["1243872422966833152"]}, {"id": "1243866437355216896", "created_at": "2020-03-28T11:44:03.000Z", "author_id": "1259978400", "text": "RT @jorge22094625: @sonia_riverogc Juan Carlos I hizo c\u00e9lebre la frase a Ch\u00e1vez \"\" POR QUE NO TE CALLAS \"\"...ahora nosotros deber\u00edamos de p\u2026", "edit_history_tweet_ids": ["1243866437355216896"]}, {"id": "1243860618001756161", "created_at": "2020-03-28T11:20:55.000Z", "author_id": "1415780624", "text": "RT @ConAmeba: Sanidad PRIVADA:\n\u27a1\ufe0f Carmen Calvo\n\u27a1\ufe0f Pablo Iglesias\n\u27a1\ufe0f Bego\u00f1a G\u00f3mez\n\u27a1\ufe0f Pedro S\u00e1nchez\n\u27a1\ufe0f Padres Pedro S\u00e1nchez\n\u27a1\ufe0f Baltasar Garz\u00f3\u2026", "edit_history_tweet_ids": ["1243860618001756161"]}, {"id": "1243859089165344769", "created_at": "2020-03-28T11:14:51.000Z", "author_id": "1365666289", "text": "RT @ArqMarquina: @alberto_turismo @RICARDO1150AM @alextovarmx @Hortattack @jbalderas83 @GabrielAranda83 @danielgodoyuam @xavoconx @Rod_Mart\u2026", "edit_history_tweet_ids": ["1243859089165344769"]}, {"id": "1243858472833294337", "created_at": "2020-03-28T11:12:24.000Z", "author_id": "1324192880", "text": "RT @ConAmeba: Sanidad PRIVADA:\n\u27a1\ufe0f Carmen Calvo\n\u27a1\ufe0f Pablo Iglesias\n\u27a1\ufe0f Bego\u00f1a G\u00f3mez\n\u27a1\ufe0f Pedro S\u00e1nchez\n\u27a1\ufe0f Padres Pedro S\u00e1nchez\n\u27a1\ufe0f Baltasar Garz\u00f3\u2026", "edit_history_tweet_ids": ["1243858472833294337"]}, {"id": "1243853921921236995", "created_at": "2020-03-28T10:54:19.000Z", "author_id": "763717398", "text": "RT @ConAmeba: Sanidad PRIVADA:\n\u27a1\ufe0f Carmen Calvo\n\u27a1\ufe0f Pablo Iglesias\n\u27a1\ufe0f Bego\u00f1a G\u00f3mez\n\u27a1\ufe0f Pedro S\u00e1nchez\n\u27a1\ufe0f Padres Pedro S\u00e1nchez\n\u27a1\ufe0f Baltasar Garz\u00f3\u2026", "edit_history_tweet_ids": ["1243853921921236995"]}, {"id": "1243853438091485187", "created_at": "2020-03-28T10:52:23.000Z", "author_id": "42052360", "text": "@erreflo Me faltan 14 y 22. \u00a1Soluciones que esto es un sinvivir! Jaja\n\n1. Costillares\n2. Pepe Hillo \n3. C\u00fachares\n4. Lagartijo\n5. Fuentes\n6. Joselito el Gallo\n7. Rafael Gallo\n8. Juan Belmonte \n9. Bombita\n10. Sanchez Mej\u00edas\n11. Manolete\n12. Luis Miguel Domingu\u00edn\n13. Carlos Arruza", "edit_history_tweet_ids": ["1243853438091485187"]}, {"id": "1243852749676187648", "created_at": "2020-03-28T10:49:39.000Z", "author_id": "1022644856252977154", "text": "RT @JuanaleAlcover: Sorprende que el Colegio de Economistas M\u00e1laga @ColEcoMalaga critique a @sanchezcastejon @PSOE? \nRecordemos que su impr\u2026", "edit_history_tweet_ids": ["1243852749676187648"]}, {"id": "1243851404755771394", "created_at": "2020-03-28T10:44:19.000Z", "author_id": "628782225", "text": "Este fin de semana se emitir\u00e1 varias veces esta obra de teatro en @crtv1.\n\"\u00bfQu\u00e9 Diablos pas\u00f3 con Baby Jane?\" dirigida por Juan Carlos S\u00e1nchez Belmonte.\nV\u00eddeo Realizado por Javier L\u00f3pez Velasco de @LovelasFilms \nMucho \u00e1nimo y a desconectar por unos momentos para pasar un buen rato https://t.co/7jKsKu0Ulq", "edit_history_tweet_ids": ["1243851404755771394"]}, {"id": "1243847647741575169", "created_at": "2020-03-28T10:29:23.000Z", "author_id": "1122608105181851648", "text": "RT @HoracioRubio97: Jos\u00e9 Luis Rodr\u00edguez Zapatero y Juan Carlos Monedero dos criminales de izquierda podrian muy pronto ver como sus cabezas\u2026", "edit_history_tweet_ids": ["1243847647741575169"]}], "meta": {"newest_id": "1244765972923375619", "oldest_id": "1243847647741575169", "result_count": 87, "next_token": "b26v89c19zqg8o3fo77emqrkeu0qwp2tlo4i1wz0cpz0d"}}