{"data": [{"edit_history_tweet_ids": ["1241602299178504192"], "text": "RT @MaripiliW: @JuanCarMstol @navedelmisterio @Tasisu11 \u00bfPero Juan Carlos t\u00fa a\u00fan te crees lo que dice S\u00e1nchez? El hombre que solo dicen men\u2026", "author_id": "953225578068488192", "created_at": "2020-03-22T05:47:10.000Z", "id": "1241602299178504192"}, {"edit_history_tweet_ids": ["1241587891542863873"], "text": "\ud83c\udde6\ud83c\uddf7 Gabriel Batistuta\n\ud83c\udde7\ud83c\uddf4 Erwin S\u00e1nchez\n\ud83c\udde7\ud83c\uddf7 Zetti\n\ud83c\udde8\ud83c\uddf4 Victor Aristiz\u00e1bal\n\ud83c\udde8\ud83c\uddf1 Iv\u00e1n Zamorano\n\ud83c\uddea\ud83c\udde8 \u00c1lex Aguinaga\n\ud83c\uddf5\ud83c\uddfe Carlos Gamarra\n\ud83c\uddf5\ud83c\uddea Nolberto Solano\n\ud83c\uddfa\ud83c\uddfe Enzo Francescoli\n\ud83c\uddfb\ud83c\uddea Juan Arango https://t.co/iv5goaIfpa", "author_id": "62998174", "created_at": "2020-03-22T04:49:55.000Z", "id": "1241587891542863873"}, {"edit_history_tweet_ids": ["1241571366194696192"], "text": "Qual o melhor jogador, entre os que voc\u00ea viu jogar, de cada um desses pa\u00edses sul-americanos?\n\n\ud83c\udde6\ud83c\uddf7- Messi\n\ud83c\udde7\ud83c\uddf4- Marcelo Moreno\n\ud83c\udde7\ud83c\uddf7- Ronaldo\n\ud83c\udde8\ud83c\uddf1- Alexis S\u00e1nchez\n\ud83c\udde8\ud83c\uddf4- James Rodriguez\n\ud83c\uddea\ud83c\udde8- Ant\u00f4nio Val\u00eancia\n\ud83c\uddf5\ud83c\uddfe- Carlos Gamarra\n\ud83c\uddf5\ud83c\uddea- Paolo Guerrero\n\ud83c\uddfa\ud83c\uddfe- Diego F\u00f3rlan\n\ud83c\uddfb\ud83c\uddea- Juan Arango\n\n#FiquemEmCasa", "author_id": "1046640246", "created_at": "2020-03-22T03:44:15.000Z", "id": "1241571366194696192"}, {"edit_history_tweet_ids": ["1241563536708587521"], "text": "RT @yierva: ...filosof\u00eda. Los nombres y apellidos que tienen m\u00e1s de 90 apariciones son: mar\u00eda (317); garc\u00eda (224); jos\u00e9 (209); hern\u00e1ndez (1\u2026", "author_id": "718699558243405824", "created_at": "2020-03-22T03:13:08.000Z", "id": "1241563536708587521"}, {"edit_history_tweet_ids": ["1241563163520389120"], "text": "...filosof\u00eda. Los nombres y apellidos que tienen m\u00e1s de 90 apariciones son: mar\u00eda (317); garc\u00eda (224); jos\u00e9 (209); hern\u00e1ndez (155); gonz\u00e1lez (152); luis (152); mart\u00ednez (147); l\u00f3pez (136); carlos (131); juan (115); s\u00e1nchez (93)... https://t.co/tb9XAI307F", "author_id": "42648852", "created_at": "2020-03-22T03:11:39.000Z", "id": "1241563163520389120"}, {"edit_history_tweet_ids": ["1241541241898229760"], "text": "@pelotazo @FigueroaChile @carloscaszely @bambam9oficial @C1audioBravo @kingarturo23 @Alexis_Sanchez El karateka Juan Carlos Gonz\u00e1lez", "author_id": "381272634", "created_at": "2020-03-22T01:44:33.000Z", "id": "1241541241898229760"}, {"edit_history_tweet_ids": ["1241540355352379395"], "text": "@hgomez27 Jose Ram\u00edrez 2b\nStarling Marte RF\nManny machado SS\nJuan soto    LF\nNelson Cruz BD\nRafael devers 3b\nCarlos Santana 1b\nGary S\u00e1nchez  c \nV\u00edctor robles CF", "author_id": "371775800", "created_at": "2020-03-22T01:41:02.000Z", "id": "1241540355352379395"}, {"edit_history_tweet_ids": ["1241540003316011010"], "text": "RT @hgomez27: Este es mi equipo \ud83c\udde9\ud83c\uddf4 para el Cl\u00e1sico Mundial de B\u00e9isbol 2021.\n\n1B. Ketel Marte 2B\n2B. Fernando Tatis Jr. SS\n3B. Juan Soto LF\u2026", "author_id": "218724402", "created_at": "2020-03-22T01:39:38.000Z", "id": "1241540003316011010"}, {"edit_history_tweet_ids": ["1241539205626343432"], "text": "RT @pasealaliga: #LigaA RES\u00daMEN DEL MERCADO. #ADIP\nALTAS: JUAN GODOY, MATIAS RAMIREZ, LUCAS CATALANO, JONATAN DOS REIS, NICOL\u00c1S TOSCHI Y CA\u2026", "author_id": "1158670435", "created_at": "2020-03-22T01:36:27.000Z", "id": "1241539205626343432"}, {"edit_history_tweet_ids": ["1241538946959577088"], "text": "RT @hgomez27: Este es mi equipo \ud83c\udde9\ud83c\uddf4 para el Cl\u00e1sico Mundial de B\u00e9isbol 2021.\n\n1B. Ketel Marte 2B\n2B. Fernando Tatis Jr. SS\n3B. Juan Soto LF\u2026", "author_id": "3275108846", "created_at": "2020-03-22T01:35:26.000Z", "id": "1241538946959577088"}, {"edit_history_tweet_ids": ["1241538037856849921"], "text": "RT @hgomez27: Este es mi equipo \ud83c\udde9\ud83c\uddf4 para el Cl\u00e1sico Mundial de B\u00e9isbol 2021.\n\n1B. Ketel Marte 2B\n2B. Fernando Tatis Jr. SS\n3B. Juan Soto LF\u2026", "author_id": "584663222", "created_at": "2020-03-22T01:31:49.000Z", "id": "1241538037856849921"}, {"edit_history_tweet_ids": ["1241536871420678145"], "text": "El presidente del gobierno @sanchezcastejon ha hecho una comparecencia como podr\u00eda hacerlo cualquier otro presidente o jefe del estado de otro pais, sin importar ideolog\u00eda. Si ped\u00eds la dimisi\u00f3n de Pedro S\u00e1nchez, deber\u00edais de pedir dimisi\u00f3n a todos, incluso al Rey Juan Carlos.", "author_id": "471979533", "created_at": "2020-03-22T01:27:11.000Z", "id": "1241536871420678145"}, {"edit_history_tweet_ids": ["1241533352894705665"], "text": "que haya gente que diga Pedro S\u00e1nchez dimisi\u00f3n vale pero el discurso del rey dijo menos y tambi\u00e9n intento lavar su imagen justo cuando hubo el caso de las comisiones de Arabia Saud\u00ed de Juan Carlos I y no v\u00ed tanto revuelo.", "author_id": "389180108", "created_at": "2020-03-22T01:13:12.000Z", "id": "1241533352894705665"}, {"edit_history_tweet_ids": ["1241530323898417153"], "text": "RT @hgomez27: Este es mi equipo \ud83c\udde9\ud83c\uddf4 para el Cl\u00e1sico Mundial de B\u00e9isbol 2021.\n\n1B. Ketel Marte 2B\n2B. Fernando Tatis Jr. SS\n3B. Juan Soto LF\u2026", "author_id": "79254707", "created_at": "2020-03-22T01:01:10.000Z", "id": "1241530323898417153"}, {"edit_history_tweet_ids": ["1241529146548916225"], "text": "RT @hgomez27: Este es mi equipo \ud83c\udde9\ud83c\uddf4 para el Cl\u00e1sico Mundial de B\u00e9isbol 2021.\n\n1B. Ketel Marte 2B\n2B. Fernando Tatis Jr. SS\n3B. Juan Soto LF\u2026", "author_id": "83135785", "created_at": "2020-03-22T00:56:29.000Z", "id": "1241529146548916225"}, {"edit_history_tweet_ids": ["1241529122725269505"], "text": "RT @hgomez27: Este es mi equipo \ud83c\udde9\ud83c\uddf4 para el Cl\u00e1sico Mundial de B\u00e9isbol 2021.\n\n1B. Ketel Marte 2B\n2B. Fernando Tatis Jr. SS\n3B. Juan Soto LF\u2026", "author_id": "2509247684", "created_at": "2020-03-22T00:56:24.000Z", "id": "1241529122725269505"}, {"edit_history_tweet_ids": ["1241529107533516801"], "text": "RT @hgomez27: Este es mi equipo \ud83c\udde9\ud83c\uddf4 para el Cl\u00e1sico Mundial de B\u00e9isbol 2021.\n\n1B. Ketel Marte 2B\n2B. Fernando Tatis Jr. SS\n3B. Juan Soto LF\u2026", "author_id": "600907877", "created_at": "2020-03-22T00:56:20.000Z", "id": "1241529107533516801"}, {"edit_history_tweet_ids": ["1241528848321327104"], "text": "Este es mi equipo \ud83c\udde9\ud83c\uddf4 para el Cl\u00e1sico Mundial de B\u00e9isbol 2021.\n\n1B. Ketel Marte 2B\n2B. Fernando Tatis Jr. SS\n3B. Juan Soto LF\n4B. Nelson Cruz DH\n5B. Carlos Santana 1B\n6B. Manny Machado 3B \n7B. Gary S\u00e1nchez C\n8B. Starling Marte RF\n9B. V\u00edctor Robles CF\n\nAbridor: Luis Castillo https://t.co/zwOZiUZoAr", "author_id": "255772191", "created_at": "2020-03-22T00:55:18.000Z", "id": "1241528848321327104"}, {"edit_history_tweet_ids": ["1241524440221069313"], "text": "@FabianReporta @ABucaramanga Diego Echeverri, Carlos Valencia, Cristi\u00e1n Fajardo, Jos\u00e9 Cort\u00e9s, Alex D\u00edaz, Jherson Gonz\u00e1lez, Luis Hurtado, Juan Manuel S\u00e1nchez, Jhonatan Estrada", "author_id": "951227958408204288", "created_at": "2020-03-22T00:37:47.000Z", "id": "1241524440221069313"}, {"edit_history_tweet_ids": ["1241520954938974212"], "text": "@MarconiCabrera @GrandesELD C Gary Sanchez / W Castillo\n1B Rafael Devers /Carlos Santana\n2B Jos\u00e9 Ram\u00edrez/J Segura \n3B Manny Machado \nSS Fernando Tatis Jr\nLF Juan Soto\nCF Starling Marte/Ketel Marte\nRF Nelson Cruz\nDH Vladimir G\nJ VILLAR\n\nSP1 Luis Castillo \nSP2 Johnny Cueto\nSP3 D German\n\nRP F Rodney\nRP Colome", "author_id": "947255003223379968", "created_at": "2020-03-22T00:23:56.000Z", "id": "1241520954938974212"}, {"edit_history_tweet_ids": ["1241499377220440065"], "text": "@JuanCarMstol @navedelmisterio @Tasisu11 \u00bfPero Juan Carlos t\u00fa a\u00fan te crees lo que dice S\u00e1nchez? El hombre que solo dicen mentiras.  Por favor despierta.", "author_id": "1296023304", "created_at": "2020-03-21T22:58:12.000Z", "id": "1241499377220440065"}, {"edit_history_tweet_ids": ["1241495044730781711"], "text": "@sanchezcastejon Demonizan a S\u00e1nchez pero si hay alguien a quien los espa\u00f1oles deben pedirle cuentas es al gran\nRey Juan Carlos, ya la justicia se encargar\u00e1 de ello.", "author_id": "1232440013717168128", "created_at": "2020-03-21T22:40:59.000Z", "id": "1241495044730781711"}, {"edit_history_tweet_ids": ["1241488957101109248"], "text": "\u27a1\ufe0f Te compartimos el art\u00edculo editorial del C\u00f3nsul General Juan Carlos Mendoza S\u00e1nchez para @LMTenEspanol @lmtnews \ud83d\udcf0\ud83d\udd8b #Laredo #Webb #Texas https://t.co/8O3uIhzaAG", "author_id": "2535703434", "created_at": "2020-03-21T22:16:47.000Z", "id": "1241488957101109248"}, {"edit_history_tweet_ids": ["1241477384337047558"], "text": "La gente pidiendo la dimisi\u00f3n de Pedro S\u00e1nchez por hacer su trabajo pero no responsabilidades a la familia real por los 100 millones de d\u00f3lares de una fundaci\u00f3n \u201coffshore\u201d de Juan Carlos.\nTypical Spanish facha \ud83e\udd37\ud83c\udffb\u200d\u2642\ufe0f", "author_id": "1010566440569724928", "created_at": "2020-03-21T21:30:48.000Z", "id": "1241477384337047558"}, {"edit_history_tweet_ids": ["1241476849424904192"], "text": "@GirautaOficial Joder Juan Carlos, comentario lamentable y desafortunado donde los haya, independientemente de que tengas raz\u00f3n o no. Es un momento cr\u00edtico, para ma\u00f1ana habr\u00e1n muerto otros 300 compatriotas! A m\u00ed tampoco me gusta S\u00e1nchez pero con estos bueyes tenemos que arar! Reflexionad!", "author_id": "1190322750168190982", "created_at": "2020-03-21T21:28:41.000Z", "id": "1241476849424904192"}, {"edit_history_tweet_ids": ["1241472796330467328"], "text": "RT @ec_bsu: @VivaLaVidaT5 Vais a hacer un especial con lo del Rey em\u00e9rito Juan Carlos. Vale!! Cuando hac\u00e9is un especial con: ERE,menores Ma\u2026", "author_id": "2911890154", "created_at": "2020-03-21T21:12:34.000Z", "id": "1241472796330467328"}, {"edit_history_tweet_ids": ["1241472379810918400"], "text": "#Tigres | Ademas Repartidos entre Guido Pizarro (4), Carlos Salcedo (3), Francisco Venegas (2), Jes\u00fas Due\u00f1as, Rafael Carioca, Nahuel Guzm\u00e1n, Luis Rodr\u00edguez y Juan S\u00e1nchez Purata todos con 1 gol.\n\nMas a la suma 8 autogoles de los rivales a los que enfrentaron los auriazules.", "author_id": "1081329031499448320", "created_at": "2020-03-21T21:10:55.000Z", "id": "1241472379810918400"}, {"edit_history_tweet_ids": ["1241466686206869505"], "text": "Pedac\u00edsimo de hostia que le acaba de dar Pedro S\u00e1nchez a Juan Carlos Monedero con lo de las fake news y los bulos malintencionados... Joooder", "author_id": "183384430", "created_at": "2020-03-21T20:48:17.000Z", "id": "1241466686206869505"}, {"edit_history_tweet_ids": ["1241462143163215877"], "text": "RT @JoseLuisdelRio9: V\u00eddeo. Diplom\u00e1ticos espa\u00f1oles acuden a la Embajada de M\u00e9xico en Bolivia para intentar liberar a los delincuentes acusa\u2026", "author_id": "2512810447", "created_at": "2020-03-21T20:30:14.000Z", "id": "1241462143163215877"}, {"edit_history_tweet_ids": ["1241456849498537990"], "text": "@bummer_pea17 @carrusel \ud83c\udff0VALL: Ni puta idea\n\nCaminero, Fernando Hierro, Higuita, Valderrama, Peternac, C\u00e9sar S\u00e1nchez, Onesimo S\u00e1nchez, Juan Carlos, Aduriz, Ra\u00fal De Tom\u00e1s, V\u00edctor, Mata, Ebert, Asenjo, Cuatemoc Blanco, Eusebio, Benjam\u00edn.\n\n Ah\u00ed tienes alguno para elegir uno.", "author_id": "174369921", "created_at": "2020-03-21T20:09:12.000Z", "id": "1241456849498537990"}, {"edit_history_tweet_ids": ["1241454854968684545"], "text": "El mejor que he visto jugar.\n\ud83c\udde6\ud83c\uddf7 Messi\n\ud83c\udde7\ud83c\uddf4 #Error404\n\ud83c\udde7\ud83c\uddf7 Ronaldinho / Roberto Carlos\n\ud83c\udde8\ud83c\uddf1 Alexis Sanchez\n\ud83c\udde8\ud83c\uddf4 Falcao\n\ud83c\uddea\ud83c\udde8 Valencia\n\ud83c\uddf5\ud83c\uddfe Chilavert\n\ud83c\uddf5\ud83c\uddea  Paolo Guerrero\n\ud83c\uddfa\ud83c\uddfe Forlan\n\ud83c\uddfb\ud83c\uddea El toca Juan Arango\nVayalo:\n@luisjte @fran518 y @Jblancox pa que se obstine de tantas notificaciones \ud83d\ude02 https://t.co/7N25NF00Nu", "author_id": "58393577", "created_at": "2020-03-21T20:01:17.000Z", "id": "1241454854968684545"}, {"edit_history_tweet_ids": ["1241454047015641090"], "text": "RT @Tavares_pw: @ahnacoff @TwitteandoHE @Alber Os lo recomiendo, ahora estoy leyendo Cr\u00f3nicas de un Conquistador de Juan Carlos Sanchez Cle\u2026", "author_id": "934670320811769856", "created_at": "2020-03-21T19:58:04.000Z", "id": "1241454047015641090"}, {"edit_history_tweet_ids": ["1241433786887397381"], "text": "RT @ec_bsu: @VivaLaVidaT5 Vais a hacer un especial con lo del Rey em\u00e9rito Juan Carlos. Vale!! Cuando hac\u00e9is un especial con: ERE,menores Ma\u2026", "author_id": "1196844307443007489", "created_at": "2020-03-21T18:37:34.000Z", "id": "1241433786887397381"}, {"edit_history_tweet_ids": ["1241426479524843520"], "text": "Editorial del Siprud\nPor: Juan Carlos S\u00e1nchez\nPresidente Sindicato de Profesores de la Universidad Distrital\n\nhttps://t.co/ZvidzxRjbd", "author_id": "915721227683155968", "created_at": "2020-03-21T18:08:31.000Z", "id": "1241426479524843520"}, {"edit_history_tweet_ids": ["1241422778244440064"], "text": "Jajaja se\u00f1or Jos\u00e9 Alejandro vara como a conseguido el m\u00e1ster en gilipoyas se lo han dado en la universidad rey Juan Carlos?\u00a1S\u00e1lvanos, Ayuso! https://t.co/JbEMEq3y1c", "author_id": "261796272", "created_at": "2020-03-21T17:53:49.000Z", "id": "1241422778244440064"}, {"edit_history_tweet_ids": ["1241415582764994560"], "text": "@camilarinconv Sin embargo, el concejal Juan Carlos S\u00e1nchez, de Cajica, Cundinamarca, contagiado y algunos otros m\u00e1s, han dado declaraciones. https://t.co/zERK2JriyE", "author_id": "147357358", "created_at": "2020-03-21T17:25:13.000Z", "id": "1241415582764994560"}, {"edit_history_tweet_ids": ["1241405768307552259"], "text": "RT @GenPenaloza: PABLO IGLESIAS, VP de Sanchez exige investigaci\u00f3n sobre \u201cactividades corruptas del Rey Juan Carlos\u201d, por donaci\u00f3n multimil\u2026", "author_id": "264393382", "created_at": "2020-03-21T16:46:14.000Z", "id": "1241405768307552259"}, {"edit_history_tweet_ids": ["1241403704714170370"], "text": "RT @ec_bsu: @VivaLaVidaT5 Vais a hacer un especial con lo del Rey em\u00e9rito Juan Carlos. Vale!! Cuando hac\u00e9is un especial con: ERE,menores Ma\u2026", "author_id": "1633023750", "created_at": "2020-03-21T16:38:02.000Z", "id": "1241403704714170370"}, {"edit_history_tweet_ids": ["1241401819991019522"], "text": "RT @xaviermir: Alemanya: tants contagis com a Espanya per\u00f2 nom\u00e9s 67 morts https://t.co/D2xMLbPoEw On s\u00f3n els respiradors i els llits? Qui e\u2026", "author_id": "411435359", "created_at": "2020-03-21T16:30:32.000Z", "id": "1241401819991019522"}, {"edit_history_tweet_ids": ["1241401763481169921"], "text": "RT @ec_bsu: @VivaLaVidaT5 Vais a hacer un especial con lo del Rey em\u00e9rito Juan Carlos. Vale!! Cuando hac\u00e9is un especial con: ERE,menores Ma\u2026", "author_id": "1153581808153481216", "created_at": "2020-03-21T16:30:19.000Z", "id": "1241401763481169921"}, {"edit_history_tweet_ids": ["1241401242586415106"], "text": "RT @ec_bsu: @VivaLaVidaT5 Vais a hacer un especial con lo del Rey em\u00e9rito Juan Carlos. Vale!! Cuando hac\u00e9is un especial con: ERE,menores Ma\u2026", "author_id": "237360412", "created_at": "2020-03-21T16:28:15.000Z", "id": "1241401242586415106"}, {"edit_history_tweet_ids": ["1241395574093623296"], "text": "@VivaLaVidaT5 Vais a hacer un especial con lo del Rey em\u00e9rito Juan Carlos. Vale!! Cuando hac\u00e9is un especial con: ERE,menores Mallorca,caso Pujol,plagio Tesis S\u00e1nchez,Marido Monica Oltra pederastra,hermano Chimo Puig corrupci\u00f3n. Pablo Iglesias cuarentena. Gob Espa\u00f1a mani8Marzo etc etc etc", "author_id": "2911890154", "created_at": "2020-03-21T16:05:43.000Z", "id": "1241395574093623296"}, {"edit_history_tweet_ids": ["1241391114780921856"], "text": "#LigaA RES\u00daMEN DEL MERCADO. #ADIP\nALTAS: JUAN GODOY, MATIAS RAMIREZ, LUCAS CATALANO, JONATAN DOS REIS, NICOL\u00c1S TOSCHI Y CARLOS S\u00c1NCHEZ.", "author_id": "334174344", "created_at": "2020-03-21T15:48:00.000Z", "id": "1241391114780921856"}, {"edit_history_tweet_ids": ["1241387493490143232"], "text": "@mjcv61 @fraude_v si puede hacerlo. ni sanchez ni iglesias pueden disolver  el Parlamento  solo @CasaReal  otra cosa es que Felipe  no tenga los rea\u00f1os de su padre  para hacerlo.  pero hacerlo ya lo tenia q haber hecho hace mucho. y me apuesto q las movidas con Juan  Carlos I vinen de ah\u00ed.", "author_id": "1121430079488368640", "created_at": "2020-03-21T15:33:36.000Z", "id": "1241387493490143232"}, {"edit_history_tweet_ids": ["1241380727142432769"], "text": "RT @ErnestoEkaizer: #JuanCarlosI Urgente^^^ Felipe VI  conoc\u00eda (al menos) desde el 5/3/2019 \u00a1a situaci\u00f3n de la Fundaci\u00f3n Lucum y la Fundaci\u2026", "author_id": "616289024", "created_at": "2020-03-21T15:06:43.000Z", "id": "1241380727142432769"}, {"edit_history_tweet_ids": ["1241378257435529216"], "text": "RT @GenPenaloza: PABLO IGLESIAS, VP de Sanchez exige investigaci\u00f3n sobre \u201cactividades corruptas del Rey Juan Carlos\u201d, por donaci\u00f3n multimil\u2026", "author_id": "2379566876", "created_at": "2020-03-21T14:56:54.000Z", "id": "1241378257435529216"}, {"edit_history_tweet_ids": ["1241370520349749251"], "text": "RT @GenPenaloza: PABLO IGLESIAS, VP de Sanchez exige investigaci\u00f3n sobre \u201cactividades corruptas del Rey Juan Carlos\u201d, por donaci\u00f3n multimil\u2026", "author_id": "597636080", "created_at": "2020-03-21T14:26:10.000Z", "id": "1241370520349749251"}, {"edit_history_tweet_ids": ["1241368638474551297"], "text": "@ClaudiaLopez Sra alcaldesa buenos d\u00edas nosotros estamos fabricando tapabocas , pero tengo dudas de c\u00f3mo podr\u00edamos tener un permiso de movilizaci\u00f3n. Para poder recojer a los sat\u00e9lites y distribuir Juan Carlos S\u00e1nchez gerencia@mpsolutionsas.com 3192194832 https://t.co/AHzqgYirxC", "author_id": "887280976996552704", "created_at": "2020-03-21T14:18:41.000Z", "id": "1241368638474551297"}, {"edit_history_tweet_ids": ["1241363945316900865"], "text": "@MonederoJC @PabloIglesias No te equivoques Juan Carlos, no es la derecha el que est\u00e1 atizando a Pablo, es Pedro S\u00e1nchez y su PSOE, para quitarse la culpa de la mierda de gesti\u00f3n del gobierno, y desviar la https://t.co/p3FaBWMubq lo hab\u00e9is puesto a huevo. La realidad es que la irresponsabilidad es de ambos", "author_id": "3874378877", "created_at": "2020-03-21T14:00:02.000Z", "id": "1241363945316900865"}, {"edit_history_tweet_ids": ["1241361629587046409"], "text": "@GirautaOficial sabes algo Juan Carlos, conociendo la experiencia gerencial (creo que ninguna), especialmente en toma de decisiones, el Sr. Pedor Sanchez Castejon no tiene la capacidad en estos momentos de tomar decisiones. Este pa\u00eds necesita un Task Force!!! se les fue de las manos hace rato.", "author_id": "24382549", "created_at": "2020-03-21T13:50:50.000Z", "id": "1241361629587046409"}, {"edit_history_tweet_ids": ["1241353652629102592"], "text": "RT @IzsakSzajharc: #NoLesCreas a Pedro S\u00e1nchez, Pablo Iglesias, Susanna Griso, Juan Carlos Monedero, Pablo Echenique, Irene Montero, I\u00f1igo\u2026", "author_id": "706234483", "created_at": "2020-03-21T13:19:08.000Z", "id": "1241353652629102592"}, {"edit_history_tweet_ids": ["1241350367117488129"], "text": "RT @xaviermir: Alemanya: tants contagis com a Espanya per\u00f2 nom\u00e9s 67 morts https://t.co/D2xMLbPoEw On s\u00f3n els respiradors i els llits? Qui e\u2026", "author_id": "1014603818900901888", "created_at": "2020-03-21T13:06:05.000Z", "id": "1241350367117488129"}, {"edit_history_tweet_ids": ["1241347254876807169"], "text": "RT @IzsakSzajharc: #NoLesCreas a Pedro S\u00e1nchez, Pablo Iglesias, Susanna Griso, Juan Carlos Monedero, Pablo Echenique, Irene Montero, I\u00f1igo\u2026", "author_id": "848172625344049153", "created_at": "2020-03-21T12:53:43.000Z", "id": "1241347254876807169"}, {"edit_history_tweet_ids": ["1241337351005241346"], "text": "RT @rimbaudarth: Pedro S\u00e1nchez \nPablo Iglesias \nIrene Montero\nCarmen Calvo\nAdriana Lastra\nMar\u00eda Jes\u00fas Montero\nFernando Sim\u00f3n\nFerreras\nAna P\u2026", "author_id": "1102213247300702213", "created_at": "2020-03-21T12:14:22.000Z", "id": "1241337351005241346"}, {"edit_history_tweet_ids": ["1241328887570878464"], "text": "@FrayJosepho @FroilLannister Qu\u00e9 donas t\u00fa:\nPablo Iglesias\nPedro S\u00e1nchez\nJavier Bardem\nEchenique\nJuan Carlos Monedero\nFerreras\nJulia Otero\nCristina Fallaras\nElisa Beni\nIgnacio Escolar......\nSeguir", "author_id": "1188124995471466496", "created_at": "2020-03-21T11:40:44.000Z", "id": "1241328887570878464"}, {"edit_history_tweet_ids": ["1241326573892120576"], "text": "RT @GenPenaloza: PABLO IGLESIAS, VP de Sanchez exige investigaci\u00f3n sobre \u201cactividades corruptas del Rey Juan Carlos\u201d, por donaci\u00f3n multimil\u2026", "author_id": "1934561954", "created_at": "2020-03-21T11:31:32.000Z", "id": "1241326573892120576"}, {"edit_history_tweet_ids": ["1241304269510381569"], "text": "Juan Carlos, te has convertido junto a Sanchez, Iglesias, la Montero, Errejon y Garzon..en un problema de ESTADO, y debe ser el ESTADO el que os resitue\n\nZara responde a las cr\u00edticas de Monedero a Inditex: \"Hola, Juan Carlos. Gracias por tu opini\u00f3n\" https://t.co/XHrSUTZxWy", "author_id": "1255323818", "created_at": "2020-03-21T10:02:54.000Z", "id": "1241304269510381569"}, {"edit_history_tweet_ids": ["1241290887658901504"], "text": "RT @MOSTOLESALDIA: \ud83d\ude37\ud83d\udc95 No te pierdas el v\u00eddeo #TodoIr\u00e1BienHURJC. El \u00e9xito musical de @Chenoa es el himno de los trabajadores del Hospital Re\u2026", "author_id": "393567260", "created_at": "2020-03-21T09:09:44.000Z", "id": "1241290887658901504"}, {"edit_history_tweet_ids": ["1241289752629972992"], "text": "RT @MOSTOLESALDIA: \ud83d\ude37\ud83d\udc95 No te pierdas el v\u00eddeo #TodoIr\u00e1BienHURJC. El \u00e9xito musical de @Chenoa es el himno de los trabajadores del Hospital Re\u2026", "author_id": "224787418", "created_at": "2020-03-21T09:05:13.000Z", "id": "1241289752629972992"}, {"edit_history_tweet_ids": ["1241284411313831936"], "text": "https://t.co/PmkRFzyl0q", "author_id": "1099540242", "created_at": "2020-03-21T08:44:00.000Z", "id": "1241284411313831936"}, {"edit_history_tweet_ids": ["1241216254746206209"], "text": "RT @GenPenaloza: PABLO IGLESIAS, VP de Sanchez exige investigaci\u00f3n sobre \u201cactividades corruptas del Rey Juan Carlos\u201d, por donaci\u00f3n multimil\u2026", "author_id": "408732901", "created_at": "2020-03-21T04:13:10.000Z", "id": "1241216254746206209"}, {"edit_history_tweet_ids": ["1241207162535370752"], "text": "RT @GenPenaloza: PABLO IGLESIAS, VP de Sanchez exige investigaci\u00f3n sobre \u201cactividades corruptas del Rey Juan Carlos\u201d, por donaci\u00f3n multimil\u2026", "author_id": "123090821", "created_at": "2020-03-21T03:37:02.000Z", "id": "1241207162535370752"}, {"edit_history_tweet_ids": ["1241174330907799554"], "text": "RT @Abelgomo: Estos son los mandatarios confinados a la espera de resultados de pruebas por coronavirus: Claudia L\u00f3pez, alcaldesa de Bogot\u00e1\u2026", "author_id": "98018119", "created_at": "2020-03-21T01:26:35.000Z", "id": "1241174330907799554"}, {"edit_history_tweet_ids": ["1241169901685018627"], "text": "RT @Abelgomo: Estos son los mandatarios confinados a la espera de resultados de pruebas por coronavirus: Claudia L\u00f3pez, alcaldesa de Bogot\u00e1\u2026", "author_id": "4857412762", "created_at": "2020-03-21T01:08:59.000Z", "id": "1241169901685018627"}, {"edit_history_tweet_ids": ["1241162877437906945"], "text": "RT @Abelgomo: Estos son los mandatarios confinados a la espera de resultados de pruebas por coronavirus: Claudia L\u00f3pez, alcaldesa de Bogot\u00e1\u2026", "author_id": "733913474", "created_at": "2020-03-21T00:41:04.000Z", "id": "1241162877437906945"}, {"edit_history_tweet_ids": ["1241162612756361221"], "text": "RT @Abelgomo: Estos son los mandatarios confinados a la espera de resultados de pruebas por coronavirus: Claudia L\u00f3pez, alcaldesa de Bogot\u00e1\u2026", "author_id": "91282224", "created_at": "2020-03-21T00:40:01.000Z", "id": "1241162612756361221"}, {"edit_history_tweet_ids": ["1241160696794152960"], "text": "RT @GenPenaloza: PABLO IGLESIAS, VP de Sanchez exige investigaci\u00f3n sobre \u201cactividades corruptas del Rey Juan Carlos\u201d, por donaci\u00f3n multimil\u2026", "author_id": "2231945629", "created_at": "2020-03-21T00:32:24.000Z", "id": "1241160696794152960"}, {"edit_history_tweet_ids": ["1241154314988650496"], "text": "Estos son los mandatarios confinados a la espera de resultados de pruebas por coronavirus: Claudia L\u00f3pez, alcaldesa de Bogot\u00e1; Jorge Iv\u00e1n Ospina de Cali; Carlos Ordosgoitia de Monter\u00eda; Juan Carlos C\u00e1rdenas de Bucaramanga; Andr\u00e9s G\u00f3mez, de Sincelejo, y Mart\u00edn S\u00e1nchez, de Quibd\u00f3.", "author_id": "44207623", "created_at": "2020-03-21T00:07:02.000Z", "id": "1241154314988650496"}, {"edit_history_tweet_ids": ["1241149829016928257"], "text": "RT @MOSTOLESALDIA: \ud83d\ude37\ud83d\udc95 No te pierdas el v\u00eddeo #TodoIr\u00e1BienHURJC. El \u00e9xito musical de @Chenoa es el himno de los trabajadores del Hospital Re\u2026", "author_id": "2860660439", "created_at": "2020-03-20T23:49:13.000Z", "id": "1241149829016928257"}, {"edit_history_tweet_ids": ["1241149167562567683"], "text": "RT @GenPenaloza: PABLO IGLESIAS, VP de Sanchez exige investigaci\u00f3n sobre \u201cactividades corruptas del Rey Juan Carlos\u201d, por donaci\u00f3n multimil\u2026", "author_id": "311046024", "created_at": "2020-03-20T23:46:35.000Z", "id": "1241149167562567683"}, {"edit_history_tweet_ids": ["1241149012947894280"], "text": "RT @GenPenaloza: PABLO IGLESIAS, VP de Sanchez exige investigaci\u00f3n sobre \u201cactividades corruptas del Rey Juan Carlos\u201d, por donaci\u00f3n multimil\u2026", "author_id": "1032431378988707841", "created_at": "2020-03-20T23:45:58.000Z", "id": "1241149012947894280"}, {"edit_history_tweet_ids": ["1241146538627411974"], "text": "RT @GenPenaloza: PABLO IGLESIAS, VP de Sanchez exige investigaci\u00f3n sobre \u201cactividades corruptas del Rey Juan Carlos\u201d, por donaci\u00f3n multimil\u2026", "author_id": "1188518304836661248", "created_at": "2020-03-20T23:36:08.000Z", "id": "1241146538627411974"}, {"edit_history_tweet_ids": ["1241146068466896898"], "text": "RT @GenPenaloza: PABLO IGLESIAS, VP de Sanchez exige investigaci\u00f3n sobre \u201cactividades corruptas del Rey Juan Carlos\u201d, por donaci\u00f3n multimil\u2026", "author_id": "3295721014", "created_at": "2020-03-20T23:34:16.000Z", "id": "1241146068466896898"}, {"edit_history_tweet_ids": ["1241144269550878723"], "text": "#Tigres | Gignac sigue siendo el referente de la ofensiva de Tigres. Mira c\u00f3mo se reparten los goles. \u27a1\ufe0f https://t.co/EZfz2NLUZK https://t.co/q152wNrgLQ", "author_id": "950505210488737798", "created_at": "2020-03-20T23:27:07.000Z", "id": "1241144269550878723"}, {"edit_history_tweet_ids": ["1241142101318000644"], "text": "@carlosakd53 @HernandoRC @diegodeolivos @FeedeQ12 @valterfriese @MarFRodriguez @ubaldofillol @hugohlamadrid @HugoPericop5 @lagartofleitaok @Alfiobasilejr Puede ser, jugaron juntos en el 59. En el 60 se fue Motura y llegaron Juan Carlos Sanchez y Mansilla. En el 61 se fue Ferrero a Newells por el pase de Peano y Sacchi, con 8 m\u00e1s.  Nunca pasaron tantos jugadores de un club a otro, por un pase. Creo que es \u00fanico en la historia. Creo", "author_id": "2186602201", "created_at": "2020-03-20T23:18:30.000Z", "id": "1241142101318000644"}, {"edit_history_tweet_ids": ["1241141621250576386"], "text": "RT @GenPenaloza: PABLO IGLESIAS, VP de Sanchez exige investigaci\u00f3n sobre \u201cactividades corruptas del Rey Juan Carlos\u201d, por donaci\u00f3n multimil\u2026", "author_id": "3120178779", "created_at": "2020-03-20T23:16:36.000Z", "id": "1241141621250576386"}, {"edit_history_tweet_ids": ["1241140149817356292"], "text": "2\n\n- El PP exige a S\u00e1nchez que respalde a Felipe VI en nombre de \"todo el Gobierno\".\n\n- La argucia de Felipe VI con su herencia: toda renuncia es nula hasta que fallezca Juan Carlos I", "author_id": "3033164303", "created_at": "2020-03-20T23:10:45.000Z", "id": "1241140149817356292"}, {"edit_history_tweet_ids": ["1241139577064226816"], "text": "RT @GenPenaloza: PABLO IGLESIAS, VP de Sanchez exige investigaci\u00f3n sobre \u201cactividades corruptas del Rey Juan Carlos\u201d, por donaci\u00f3n multimil\u2026", "author_id": "1223022048555020292", "created_at": "2020-03-20T23:08:29.000Z", "id": "1241139577064226816"}, {"edit_history_tweet_ids": ["1241139169201655810"], "text": "RT @GenPenaloza: PABLO IGLESIAS, VP de Sanchez exige investigaci\u00f3n sobre \u201cactividades corruptas del Rey Juan Carlos\u201d, por donaci\u00f3n multimil\u2026", "author_id": "94177983", "created_at": "2020-03-20T23:06:51.000Z", "id": "1241139169201655810"}, {"edit_history_tweet_ids": ["1241138967011102723"], "text": "RT @GenPenaloza: PABLO IGLESIAS, VP de Sanchez exige investigaci\u00f3n sobre \u201cactividades corruptas del Rey Juan Carlos\u201d, por donaci\u00f3n multimil\u2026", "author_id": "1323025939", "created_at": "2020-03-20T23:06:03.000Z", "id": "1241138967011102723"}, {"edit_history_tweet_ids": ["1241135815755010054"], "text": "RT @GenPenaloza: PABLO IGLESIAS, VP de Sanchez exige investigaci\u00f3n sobre \u201cactividades corruptas del Rey Juan Carlos\u201d, por donaci\u00f3n multimil\u2026", "author_id": "913520231133384704", "created_at": "2020-03-20T22:53:32.000Z", "id": "1241135815755010054"}, {"edit_history_tweet_ids": ["1241133702664597504"], "text": "RT @GenPenaloza: PABLO IGLESIAS, VP de Sanchez exige investigaci\u00f3n sobre \u201cactividades corruptas del Rey Juan Carlos\u201d, por donaci\u00f3n multimil\u2026", "author_id": "107892333", "created_at": "2020-03-20T22:45:08.000Z", "id": "1241133702664597504"}, {"edit_history_tweet_ids": ["1241132757868257282"], "text": "RT @GenPenaloza: PABLO IGLESIAS, VP de Sanchez exige investigaci\u00f3n sobre \u201cactividades corruptas del Rey Juan Carlos\u201d, por donaci\u00f3n multimil\u2026", "author_id": "2344126496", "created_at": "2020-03-20T22:41:23.000Z", "id": "1241132757868257282"}, {"edit_history_tweet_ids": ["1241130937330675712"], "text": "RT @GenPenaloza: PABLO IGLESIAS, VP de Sanchez exige investigaci\u00f3n sobre \u201cactividades corruptas del Rey Juan Carlos\u201d, por donaci\u00f3n multimil\u2026", "author_id": "1226236716073267201", "created_at": "2020-03-20T22:34:09.000Z", "id": "1241130937330675712"}, {"edit_history_tweet_ids": ["1241130686645485568"], "text": "RT @GenPenaloza: PABLO IGLESIAS, VP de Sanchez exige investigaci\u00f3n sobre \u201cactividades corruptas del Rey Juan Carlos\u201d, por donaci\u00f3n multimil\u2026", "author_id": "2156124000", "created_at": "2020-03-20T22:33:09.000Z", "id": "1241130686645485568"}, {"edit_history_tweet_ids": ["1241129734039384071"], "text": "RT @GenPenaloza: PABLO IGLESIAS, VP de Sanchez exige investigaci\u00f3n sobre \u201cactividades corruptas del Rey Juan Carlos\u201d, por donaci\u00f3n multimil\u2026", "author_id": "178030014", "created_at": "2020-03-20T22:29:22.000Z", "id": "1241129734039384071"}, {"edit_history_tweet_ids": ["1241127702809149440"], "text": "RT @GenPenaloza: PABLO IGLESIAS, VP de Sanchez exige investigaci\u00f3n sobre \u201cactividades corruptas del Rey Juan Carlos\u201d, por donaci\u00f3n multimil\u2026", "author_id": "162222516", "created_at": "2020-03-20T22:21:18.000Z", "id": "1241127702809149440"}, {"edit_history_tweet_ids": ["1241127518775713800"], "text": "RT @GenPenaloza: PABLO IGLESIAS, VP de Sanchez exige investigaci\u00f3n sobre \u201cactividades corruptas del Rey Juan Carlos\u201d, por donaci\u00f3n multimil\u2026", "author_id": "1280624714", "created_at": "2020-03-20T22:20:34.000Z", "id": "1241127518775713800"}, {"edit_history_tweet_ids": ["1241126652773634054"], "text": "RT @GenPenaloza: PABLO IGLESIAS, VP de Sanchez exige investigaci\u00f3n sobre \u201cactividades corruptas del Rey Juan Carlos\u201d, por donaci\u00f3n multimil\u2026", "author_id": "1244939809", "created_at": "2020-03-20T22:17:07.000Z", "id": "1241126652773634054"}, {"edit_history_tweet_ids": ["1241126534871756802"], "text": "RT @GenPenaloza: PABLO IGLESIAS, VP de Sanchez exige investigaci\u00f3n sobre \u201cactividades corruptas del Rey Juan Carlos\u201d, por donaci\u00f3n multimil\u2026", "author_id": "2176441157", "created_at": "2020-03-20T22:16:39.000Z", "id": "1241126534871756802"}, {"edit_history_tweet_ids": ["1241126404189757442"], "text": "RT @GenPenaloza: PABLO IGLESIAS, VP de Sanchez exige investigaci\u00f3n sobre \u201cactividades corruptas del Rey Juan Carlos\u201d, por donaci\u00f3n multimil\u2026", "author_id": "2470053439", "created_at": "2020-03-20T22:16:08.000Z", "id": "1241126404189757442"}, {"edit_history_tweet_ids": ["1241124817455194116"], "text": "RT @GenPenaloza: PABLO IGLESIAS, VP de Sanchez exige investigaci\u00f3n sobre \u201cactividades corruptas del Rey Juan Carlos\u201d, por donaci\u00f3n multimil\u2026", "author_id": "829347813800689665", "created_at": "2020-03-20T22:09:50.000Z", "id": "1241124817455194116"}, {"edit_history_tweet_ids": ["1241124234656653314"], "text": "RT @GenPenaloza: PABLO IGLESIAS, VP de Sanchez exige investigaci\u00f3n sobre \u201cactividades corruptas del Rey Juan Carlos\u201d, por donaci\u00f3n multimil\u2026", "author_id": "156485237", "created_at": "2020-03-20T22:07:31.000Z", "id": "1241124234656653314"}, {"edit_history_tweet_ids": ["1241124233767522309"], "text": "RT @GenPenaloza: PABLO IGLESIAS, VP de Sanchez exige investigaci\u00f3n sobre \u201cactividades corruptas del Rey Juan Carlos\u201d, por donaci\u00f3n multimil\u2026", "author_id": "1316755658", "created_at": "2020-03-20T22:07:30.000Z", "id": "1241124233767522309"}, {"edit_history_tweet_ids": ["1241123904954957824"], "text": "RT @GenPenaloza: PABLO IGLESIAS, VP de Sanchez exige investigaci\u00f3n sobre \u201cactividades corruptas del Rey Juan Carlos\u201d, por donaci\u00f3n multimil\u2026", "author_id": "1318686758", "created_at": "2020-03-20T22:06:12.000Z", "id": "1241123904954957824"}], "meta": {"newest_id": "1241602299178504192", "oldest_id": "1241123904954957824", "result_count": 95, "next_token": "b26v89c19zqg8o3fo77ds0lzshoxagh1p0cooux84pabh"}}