{"data": [{"author_id": "363826324", "created_at": "2022-04-23T15:32:22.000Z", "text": "RT @matcommenta: Tropa do PA:Jade Picon,Bruna marquezine,Neymar Jr,Gabriel Medina,\u00cdtalo Ferreira,Pedro Scooby,Gaul\u00eas,Felipe Prior,Let\u00edcia B\u2026", "id": "1517889121636782082", "edit_history_tweet_ids": ["1517889121636782082"]}, {"author_id": "1495730007553069059", "created_at": "2022-04-23T15:29:06.000Z", "text": "RT @matcommenta: Tropa do PA:Jade Picon,Bruna marquezine,Neymar Jr,Gabriel Medina,\u00cdtalo Ferreira,Pedro Scooby,Gaul\u00eas,Felipe Prior,Let\u00edcia B\u2026", "id": "1517888299880308738", "edit_history_tweet_ids": ["1517888299880308738"]}, {"author_id": "4141962351", "created_at": "2022-04-23T15:17:12.000Z", "text": "RT @matcommenta: Tropa do PA:Jade Picon,Bruna marquezine,Neymar Jr,Gabriel Medina,\u00cdtalo Ferreira,Pedro Scooby,Gaul\u00eas,Felipe Prior,Let\u00edcia B\u2026", "id": "1517885305289945094", "edit_history_tweet_ids": ["1517885305289945094"]}, {"author_id": "1021582417889505280", "created_at": "2022-04-23T15:14:00.000Z", "text": "RT @matcommenta: Tropa do PA:Jade Picon,Bruna marquezine,Neymar Jr,Gabriel Medina,\u00cdtalo Ferreira,Pedro Scooby,Gaul\u00eas,Felipe Prior,Let\u00edcia B\u2026", "id": "1517884500528836608", "edit_history_tweet_ids": ["1517884500528836608"]}, {"author_id": "1107778642816454657", "created_at": "2022-04-23T15:13:59.000Z", "text": "RT @matcommenta: Tropa do PA:Jade Picon,Bruna marquezine,Neymar Jr,Gabriel Medina,\u00cdtalo Ferreira,Pedro Scooby,Gaul\u00eas,Felipe Prior,Let\u00edcia B\u2026", "id": "1517884498301571074", "edit_history_tweet_ids": ["1517884498301571074"]}, {"author_id": "1018857696953602060", "created_at": "2022-04-23T15:10:53.000Z", "text": "RT @matcommenta: Tropa do PA:Jade Picon,Bruna marquezine,Neymar Jr,Gabriel Medina,\u00cdtalo Ferreira,Pedro Scooby,Gaul\u00eas,Felipe Prior,Let\u00edcia B\u2026", "id": "1517883714184916994", "edit_history_tweet_ids": ["1517883714184916994"]}, {"author_id": "1114227055510597632", "created_at": "2022-04-23T15:09:13.000Z", "text": "RT @matcommenta: Tropa do PA:Jade Picon,Bruna marquezine,Neymar Jr,Gabriel Medina,\u00cdtalo Ferreira,Pedro Scooby,Gaul\u00eas,Felipe Prior,Let\u00edcia B\u2026", "id": "1517883297904439298", "edit_history_tweet_ids": ["1517883297904439298"]}, {"author_id": "1231704512269897728", "created_at": "2022-04-23T15:06:20.000Z", "text": "RT @matcommenta: Tropa do PA:Jade Picon,Bruna marquezine,Neymar Jr,Gabriel Medina,\u00cdtalo Ferreira,Pedro Scooby,Gaul\u00eas,Felipe Prior,Let\u00edcia B\u2026", "id": "1517882571631251459", "edit_history_tweet_ids": ["1517882571631251459"]}, {"author_id": "1189374235300585473", "created_at": "2022-04-23T15:01:41.000Z", "text": "RT @matcommenta: Tropa do PA:Jade Picon,Bruna marquezine,Neymar Jr,Gabriel Medina,\u00cdtalo Ferreira,Pedro Scooby,Gaul\u00eas,Felipe Prior,Let\u00edcia B\u2026", "id": "1517881401512767488", "edit_history_tweet_ids": ["1517881401512767488"]}, {"author_id": "204546917", "created_at": "2022-04-23T15:01:40.000Z", "text": "RT @matcommenta: Tropa do PA:Jade Picon,Bruna marquezine,Neymar Jr,Gabriel Medina,\u00cdtalo Ferreira,Pedro Scooby,Gaul\u00eas,Felipe Prior,Let\u00edcia B\u2026", "id": "1517881396655804416", "edit_history_tweet_ids": ["1517881396655804416"]}, {"author_id": "36223826", "created_at": "2022-04-23T14:59:48.000Z", "text": "RT @matcommenta: Tropa do PA:Jade Picon,Bruna marquezine,Neymar Jr,Gabriel Medina,\u00cdtalo Ferreira,Pedro Scooby,Gaul\u00eas,Felipe Prior,Let\u00edcia B\u2026", "id": "1517880928307236865", "edit_history_tweet_ids": ["1517880928307236865"]}, {"author_id": "731481241212571648", "created_at": "2022-04-23T14:59:46.000Z", "text": "Tropa do PA:Jade Picon,Bruna marquezine,Neymar Jr,Gabriel Medina,\u00cdtalo Ferreira,Pedro Scooby,Gaul\u00eas,Felipe Prior,Let\u00edcia Buffoni,Filipe Ret,L7nnon,Ludmilla.\n\nTropa do p\u00e3o :choquei,tias do bingo,asilo,nego do Borel,S\u00f4nia Abra\u00e3o.\n\n#BBB22 #RedeBBB #TeamPA", "id": "1517880920098934785", "edit_history_tweet_ids": ["1517880920098934785"]}, {"author_id": "122445120", "created_at": "2022-04-23T14:57:27.000Z", "text": "RT @matcommenta: Tropa do PA:Jade Picon,Bruna marquezine,Neymar Jr,Gabriel Medina,\u00cdtalo Ferreira,Pedro Scooby,Gaul\u00eas,Felipe Prior,Let\u00edcia B\u2026", "id": "1517880335865978880", "edit_history_tweet_ids": ["1517880335865978880"]}, {"author_id": "1458371680103981060", "created_at": "2022-04-23T14:57:03.000Z", "text": "RT @matcommenta: Tropa do PA:Jade Picon,Bruna marquezine,Neymar Jr,Gabriel Medina,\u00cdtalo Ferreira,Pedro Scooby,Gaul\u00eas,Felipe Prior,Let\u00edcia B\u2026", "id": "1517880233638207491", "edit_history_tweet_ids": ["1517880233638207491"]}, {"author_id": "1517631489340579842", "created_at": "2022-04-23T14:56:20.000Z", "text": "RT @matcommenta: Tropa do PA:Jade Picon,Bruna marquezine,Neymar Jr,Gabriel Medina,\u00cdtalo Ferreira,Pedro Scooby,Gaul\u00eas,Felipe Prior,Let\u00edcia B\u2026", "id": "1517880054545592320", "edit_history_tweet_ids": ["1517880054545592320"]}, {"author_id": "92793215", "created_at": "2022-04-23T14:55:35.000Z", "text": "RT @matcommenta: Tropa do PA:Jade Picon,Bruna marquezine,Neymar Jr,Gabriel Medina,\u00cdtalo Ferreira,Pedro Scooby,Gaul\u00eas,Felipe Prior,Let\u00edcia B\u2026", "id": "1517879866594582528", "edit_history_tweet_ids": ["1517879866594582528"]}, {"author_id": "1351842968177684480", "created_at": "2022-04-23T14:53:39.000Z", "text": "RT @matcommenta: Tropa do PA:Jade Picon,Bruna marquezine,Neymar Jr,Gabriel Medina,\u00cdtalo Ferreira,Pedro Scooby,Gaul\u00eas,Felipe Prior,Let\u00edcia B\u2026", "id": "1517879380466409472", "edit_history_tweet_ids": ["1517879380466409472"]}, {"author_id": "2505559231", "created_at": "2022-04-23T14:52:25.000Z", "text": "RT @matcommenta: Tropa do PA:Jade Picon,Bruna marquezine,Neymar Jr,Gabriel Medina,\u00cdtalo Ferreira,Pedro Scooby,Gaul\u00eas,Felipe Prior,Let\u00edcia B\u2026", "id": "1517879069215498242", "edit_history_tweet_ids": ["1517879069215498242"]}, {"author_id": "1448781325922623490", "created_at": "2022-04-23T14:48:46.000Z", "text": "RT @matcommenta: Tropa do PA:Jade Picon,Bruna marquezine,Neymar Jr,Gabriel Medina,\u00cdtalo Ferreira,Pedro Scooby,Gaul\u00eas,Felipe Prior,Let\u00edcia B\u2026", "id": "1517878151719931910", "edit_history_tweet_ids": ["1517878151719931910"]}, {"author_id": "4130124135", "created_at": "2022-04-23T14:48:04.000Z", "text": "RT @matcommenta: Tropa do PA:Jade Picon,Bruna marquezine,Neymar Jr,Gabriel Medina,\u00cdtalo Ferreira,Pedro Scooby,Gaul\u00eas,Felipe Prior,Let\u00edcia B\u2026", "id": "1517877973784879105", "edit_history_tweet_ids": ["1517877973784879105"]}, {"author_id": "1181617421595152385", "created_at": "2022-04-23T14:45:59.000Z", "text": "RT @matcommenta: Tropa do PA:Jade Picon,Bruna marquezine,Neymar Jr,Gabriel Medina,\u00cdtalo Ferreira,Pedro Scooby,Gaul\u00eas,Felipe Prior,Let\u00edcia B\u2026", "id": "1517877451669520385", "edit_history_tweet_ids": ["1517877451669520385"]}, {"author_id": "722035840461967361", "created_at": "2022-04-23T14:44:09.000Z", "text": "RT @matcommenta: Tropa do PA:Jade Picon,Bruna marquezine,Neymar Jr,Gabriel Medina,\u00cdtalo Ferreira,Pedro Scooby,Gaul\u00eas,Felipe Prior,Let\u00edcia B\u2026", "id": "1517876989960638465", "edit_history_tweet_ids": ["1517876989960638465"]}, {"author_id": "1191488285090222081", "created_at": "2022-04-23T14:43:49.000Z", "text": "RT @matcommenta: Tropa do PA:Jade Picon,Bruna marquezine,Neymar Jr,Gabriel Medina,\u00cdtalo Ferreira,Pedro Scooby,Gaul\u00eas,Felipe Prior,Let\u00edcia B\u2026", "id": "1517876903620882432", "edit_history_tweet_ids": ["1517876903620882432"]}, {"author_id": "37959309", "created_at": "2022-04-23T14:43:38.000Z", "text": "RT @matcommenta: Tropa do PA:Jade Picon,Bruna marquezine,Neymar Jr,Gabriel Medina,\u00cdtalo Ferreira,Pedro Scooby,Gaul\u00eas,Felipe Prior,Let\u00edcia B\u2026", "id": "1517876857844154370", "edit_history_tweet_ids": ["1517876857844154370"]}, {"author_id": "1242703566382522373", "created_at": "2022-04-23T14:41:09.000Z", "text": "RT @matcommenta: Tropa do PA:Jade Picon,Bruna marquezine,Neymar Jr,Gabriel Medina,\u00cdtalo Ferreira,Pedro Scooby,Gaul\u00eas,Felipe Prior,Let\u00edcia B\u2026", "id": "1517876232121114624", "edit_history_tweet_ids": ["1517876232121114624"]}, {"author_id": "1175221611454242818", "created_at": "2022-04-23T14:37:55.000Z", "text": "RT @matcommenta: Tropa do PA:Jade Picon,Bruna marquezine,Neymar Jr,Gabriel Medina,\u00cdtalo Ferreira,Pedro Scooby,Gaul\u00eas,Felipe Prior,Let\u00edcia B\u2026", "id": "1517875419730563074", "edit_history_tweet_ids": ["1517875419730563074"]}, {"author_id": "1210674695466565633", "created_at": "2022-04-23T14:37:46.000Z", "text": "RT @matcommenta: Tropa do PA:Jade Picon,Bruna marquezine,Neymar Jr,Gabriel Medina,\u00cdtalo Ferreira,Pedro Scooby,Gaul\u00eas,Felipe Prior,Let\u00edcia B\u2026", "id": "1517875383173099520", "edit_history_tweet_ids": ["1517875383173099520"]}, {"author_id": "383348850", "created_at": "2022-04-23T14:33:53.000Z", "text": "RT @matcommenta: Tropa do PA:Jade Picon,Bruna marquezine,Neymar Jr,Gabriel Medina,\u00cdtalo Ferreira,Pedro Scooby,Gaul\u00eas,Felipe Prior,Let\u00edcia B\u2026", "id": "1517874406109949952", "edit_history_tweet_ids": ["1517874406109949952"]}, {"author_id": "1138149086576742400", "created_at": "2022-04-23T14:32:58.000Z", "text": "RT @matcommenta: Tropa do PA:Jade Picon,Bruna marquezine,Neymar Jr,Gabriel Medina,\u00cdtalo Ferreira,Pedro Scooby,Gaul\u00eas,Felipe Prior,Let\u00edcia B\u2026", "id": "1517874175402201088", "edit_history_tweet_ids": ["1517874175402201088"]}, {"author_id": "1316470116", "created_at": "2022-04-23T14:30:47.000Z", "text": "RT @matcommenta: Tropa do PA:Jade Picon,Bruna marquezine,Neymar Jr,Gabriel Medina,\u00cdtalo Ferreira,Pedro Scooby,Gaul\u00eas,Felipe Prior,Let\u00edcia B\u2026", "id": "1517873625550012421", "edit_history_tweet_ids": ["1517873625550012421"]}, {"author_id": "1059564550457118721", "created_at": "2022-04-23T14:26:39.000Z", "text": "RT @matcommenta: Tropa do PA:Jade Picon,Bruna marquezine,Neymar Jr,Gabriel Medina,\u00cdtalo Ferreira,Pedro Scooby,Gaul\u00eas,Felipe Prior,Let\u00edcia B\u2026", "id": "1517872582489702400", "edit_history_tweet_ids": ["1517872582489702400"]}, {"author_id": "743846468", "created_at": "2022-04-23T14:26:00.000Z", "text": "RT @matcommenta: Tropa do PA:Jade Picon,Bruna marquezine,Neymar Jr,Gabriel Medina,\u00cdtalo Ferreira,Pedro Scooby,Gaul\u00eas,Felipe Prior,Let\u00edcia B\u2026", "id": "1517872422657138689", "edit_history_tweet_ids": ["1517872422657138689"]}, {"author_id": "3830804962", "created_at": "2022-04-23T14:20:49.000Z", "text": "RT @matcommenta: Tropa do PA:Jade Picon,Bruna marquezine,Neymar Jr,Gabriel Medina,\u00cdtalo Ferreira,Pedro Scooby,Gaul\u00eas,Felipe Prior,Let\u00edcia B\u2026", "id": "1517871118505455616", "edit_history_tweet_ids": ["1517871118505455616"]}, {"author_id": "1112344389194530816", "created_at": "2022-04-23T14:19:10.000Z", "text": "RT @matcommenta: Tropa do PA:Jade Picon,Bruna marquezine,Neymar Jr,Gabriel Medina,\u00cdtalo Ferreira,Pedro Scooby,Gaul\u00eas,Felipe Prior,Let\u00edcia B\u2026", "id": "1517870701532884993", "edit_history_tweet_ids": ["1517870701532884993"]}, {"author_id": "1593785826", "created_at": "2022-04-23T14:19:01.000Z", "text": "RT @matcommenta: Tropa do PA:Jade Picon,Bruna marquezine,Neymar Jr,Gabriel Medina,\u00cdtalo Ferreira,Pedro Scooby,Gaul\u00eas,Felipe Prior,Let\u00edcia B\u2026", "id": "1517870662609784833", "edit_history_tweet_ids": ["1517870662609784833"]}, {"author_id": "1450915180406247429", "created_at": "2022-04-23T14:16:42.000Z", "text": "RT @matcommenta: Tropa do PA:Jade Picon,Bruna marquezine,Neymar Jr,Gabriel Medina,\u00cdtalo Ferreira,Pedro Scooby,Gaul\u00eas,Felipe Prior,Let\u00edcia B\u2026", "id": "1517870079945449473", "edit_history_tweet_ids": ["1517870079945449473"]}, {"author_id": "801824348285861888", "created_at": "2022-04-23T14:16:00.000Z", "text": "RT @matcommenta: Tropa do PA:Jade Picon,Bruna marquezine,Neymar Jr,Gabriel Medina,\u00cdtalo Ferreira,Pedro Scooby,Gaul\u00eas,Felipe Prior,Let\u00edcia B\u2026", "id": "1517869905374294018", "edit_history_tweet_ids": ["1517869905374294018"]}, {"author_id": "1346196648553312260", "created_at": "2022-04-23T14:15:50.000Z", "text": "RT @matcommenta: Tropa do PA:Jade Picon,Bruna marquezine,Neymar Jr,Gabriel Medina,\u00cdtalo Ferreira,Pedro Scooby,Gaul\u00eas,Felipe Prior,Let\u00edcia B\u2026", "id": "1517869862974111745", "edit_history_tweet_ids": ["1517869862974111745"]}, {"author_id": "379477406", "created_at": "2022-04-23T14:14:02.000Z", "text": "RT @matcommenta: Tropa do PA:Jade Picon,Bruna marquezine,Neymar Jr,Gabriel Medina,\u00cdtalo Ferreira,Pedro Scooby,Gaul\u00eas,Felipe Prior,Let\u00edcia B\u2026", "id": "1517869410194800642", "edit_history_tweet_ids": ["1517869410194800642"]}, {"author_id": "1364354163765870595", "created_at": "2022-04-23T14:13:48.000Z", "text": "RT @matcommenta: Tropa do PA:Jade Picon,Bruna marquezine,Neymar Jr,Gabriel Medina,\u00cdtalo Ferreira,Pedro Scooby,Gaul\u00eas,Felipe Prior,Let\u00edcia B\u2026", "id": "1517869349217910785", "edit_history_tweet_ids": ["1517869349217910785"]}, {"author_id": "234460401", "created_at": "2022-04-23T14:11:46.000Z", "text": "RT @matcommenta: Tropa do PA:Jade Picon,Bruna marquezine,Neymar Jr,Gabriel Medina,\u00cdtalo Ferreira,Pedro Scooby,Gaul\u00eas,Felipe Prior,Let\u00edcia B\u2026", "id": "1517868838083342339", "edit_history_tweet_ids": ["1517868838083342339"]}, {"author_id": "397337691", "created_at": "2022-04-23T14:10:52.000Z", "text": "RT @matcommenta: Tropa do PA:Jade Picon,Bruna marquezine,Neymar Jr,Gabriel Medina,\u00cdtalo Ferreira,Pedro Scooby,Gaul\u00eas,Felipe Prior,Let\u00edcia B\u2026", "id": "1517868612308160512", "edit_history_tweet_ids": ["1517868612308160512"]}, {"author_id": "386337337", "created_at": "2022-04-23T14:09:12.000Z", "text": "RT @matcommenta: Tropa do PA:Jade Picon,Bruna marquezine,Neymar Jr,Gabriel Medina,\u00cdtalo Ferreira,Pedro Scooby,Gaul\u00eas,Felipe Prior,Let\u00edcia B\u2026", "id": "1517868191015448578", "edit_history_tweet_ids": ["1517868191015448578"]}, {"author_id": "711859763290710016", "created_at": "2022-04-23T14:07:45.000Z", "text": "RT @matcommenta: Tropa do PA:Jade Picon,Bruna marquezine,Neymar Jr,Gabriel Medina,\u00cdtalo Ferreira,Pedro Scooby,Gaul\u00eas,Felipe Prior,Let\u00edcia B\u2026", "id": "1517867829961400320", "edit_history_tweet_ids": ["1517867829961400320"]}, {"author_id": "21269900", "created_at": "2022-04-23T14:06:27.000Z", "text": "RT @matcommenta: Tropa do PA:Jade Picon,Bruna marquezine,Neymar Jr,Gabriel Medina,\u00cdtalo Ferreira,Pedro Scooby,Gaul\u00eas,Felipe Prior,Let\u00edcia B\u2026", "id": "1517867499462836233", "edit_history_tweet_ids": ["1517867499462836233"]}, {"author_id": "331942276", "created_at": "2022-04-23T14:04:49.000Z", "text": "RT @matcommenta: Tropa do PA:Jade Picon,Bruna marquezine,Neymar Jr,Gabriel Medina,\u00cdtalo Ferreira,Pedro Scooby,Gaul\u00eas,Felipe Prior,Let\u00edcia B\u2026", "id": "1517867091348570113", "edit_history_tweet_ids": ["1517867091348570113"]}, {"author_id": "270368150", "created_at": "2022-04-23T14:03:21.000Z", "text": "RT @matcommenta: Tropa do PA:Jade Picon,Bruna marquezine,Neymar Jr,Gabriel Medina,\u00cdtalo Ferreira,Pedro Scooby,Gaul\u00eas,Felipe Prior,Let\u00edcia B\u2026", "id": "1517866719670423552", "edit_history_tweet_ids": ["1517866719670423552"]}, {"author_id": "1411093359779794945", "created_at": "2022-04-23T13:53:57.000Z", "text": "RT @matcommenta: Tropa do PA:Jade Picon,Bruna marquezine,Neymar Jr,Gabriel Medina,\u00cdtalo Ferreira,Pedro Scooby,Gaul\u00eas,Felipe Prior,Let\u00edcia B\u2026", "id": "1517864357010591744", "edit_history_tweet_ids": ["1517864357010591744"]}, {"author_id": "722802372775251971", "created_at": "2022-04-23T13:47:36.000Z", "text": "RT @matcommenta: Tropa do PA:Jade Picon,Bruna marquezine,Neymar Jr,Gabriel Medina,\u00cdtalo Ferreira,Pedro Scooby,Gaul\u00eas,Felipe Prior,Let\u00edcia B\u2026", "id": "1517862758192234497", "edit_history_tweet_ids": ["1517862758192234497"]}, {"author_id": "2160930561", "created_at": "2022-04-23T13:46:42.000Z", "text": "RT @matcommenta: Tropa do PA:Jade Picon,Bruna marquezine,Neymar Jr,Gabriel Medina,\u00cdtalo Ferreira,Pedro Scooby,Gaul\u00eas,Felipe Prior,Let\u00edcia B\u2026", "id": "1517862532505128960", "edit_history_tweet_ids": ["1517862532505128960"]}, {"author_id": "385358338", "created_at": "2022-04-23T13:40:52.000Z", "text": "RT @matcommenta: Tropa do PA:Jade Picon,Bruna marquezine,Neymar Jr,Gabriel Medina,\u00cdtalo Ferreira,Pedro Scooby,Gaul\u00eas,Felipe Prior,Let\u00edcia B\u2026", "id": "1517861060711260160", "edit_history_tweet_ids": ["1517861060711260160"]}, {"author_id": "3081801487", "created_at": "2022-04-23T13:39:16.000Z", "text": "RT @matcommenta: Tropa do PA:Jade Picon,Bruna marquezine,Neymar Jr,Gabriel Medina,\u00cdtalo Ferreira,Pedro Scooby,Gaul\u00eas,Felipe Prior,Let\u00edcia B\u2026", "id": "1517860660411092993", "edit_history_tweet_ids": ["1517860660411092993"]}, {"author_id": "1110642182560645121", "created_at": "2022-04-23T13:38:35.000Z", "text": "RT @matcommenta: Tropa do PA:Jade Picon,Bruna marquezine,Neymar Jr,Gabriel Medina,\u00cdtalo Ferreira,Pedro Scooby,Gaul\u00eas,Felipe Prior,Let\u00edcia B\u2026", "id": "1517860486489989121", "edit_history_tweet_ids": ["1517860486489989121"]}, {"author_id": "1298285496288849922", "created_at": "2022-04-23T13:34:18.000Z", "text": "RT @matcommenta: Tropa do PA:Jade Picon,Bruna marquezine,Neymar Jr,Gabriel Medina,\u00cdtalo Ferreira,Pedro Scooby,Gaul\u00eas,Felipe Prior,Let\u00edcia B\u2026", "id": "1517859408075702272", "edit_history_tweet_ids": ["1517859408075702272"]}, {"author_id": "3027245218", "created_at": "2022-04-23T13:33:48.000Z", "text": "RT @matcommenta: Tropa do PA:Jade Picon,Bruna marquezine,Neymar Jr,Gabriel Medina,\u00cdtalo Ferreira,Pedro Scooby,Gaul\u00eas,Felipe Prior,Let\u00edcia B\u2026", "id": "1517859285925085185", "edit_history_tweet_ids": ["1517859285925085185"]}, {"author_id": "1477907341907574787", "created_at": "2022-04-23T13:33:33.000Z", "text": "RT @matcommenta: Tropa do PA:Jade Picon,Bruna marquezine,Neymar Jr,Gabriel Medina,\u00cdtalo Ferreira,Pedro Scooby,Gaul\u00eas,Felipe Prior,Let\u00edcia B\u2026", "id": "1517859222301593600", "edit_history_tweet_ids": ["1517859222301593600"]}, {"author_id": "1086074334312042496", "created_at": "2022-04-23T13:30:39.000Z", "text": "RT @matcommenta: Tropa do PA:Jade Picon,Bruna marquezine,Neymar Jr,Gabriel Medina,\u00cdtalo Ferreira,Pedro Scooby,Gaul\u00eas,Felipe Prior,Let\u00edcia B\u2026", "id": "1517858490940903425", "edit_history_tweet_ids": ["1517858490940903425"]}, {"author_id": "224027871", "created_at": "2022-04-23T13:30:35.000Z", "text": "RT @matcommenta: Tropa do PA:Jade Picon,Bruna marquezine,Neymar Jr,Gabriel Medina,\u00cdtalo Ferreira,Pedro Scooby,Gaul\u00eas,Felipe Prior,Let\u00edcia B\u2026", "id": "1517858473148661761", "edit_history_tweet_ids": ["1517858473148661761"]}, {"author_id": "3590449647", "created_at": "2022-04-23T13:30:23.000Z", "text": "RT @matcommenta: Tropa do PA:Jade Picon,Bruna marquezine,Neymar Jr,Gabriel Medina,\u00cdtalo Ferreira,Pedro Scooby,Gaul\u00eas,Felipe Prior,Let\u00edcia B\u2026", "id": "1517858425451040768", "edit_history_tweet_ids": ["1517858425451040768"]}, {"author_id": "1271262540442591232", "created_at": "2022-04-23T13:29:09.000Z", "text": "RT @matcommenta: Tropa do PA:Jade Picon,Bruna marquezine,Neymar Jr,Gabriel Medina,\u00cdtalo Ferreira,Pedro Scooby,Gaul\u00eas,Felipe Prior,Let\u00edcia B\u2026", "id": "1517858115978465280", "edit_history_tweet_ids": ["1517858115978465280"]}, {"author_id": "4818992637", "created_at": "2022-04-23T13:26:44.000Z", "text": "RT @matcommenta: Tropa do PA:Jade Picon,Bruna marquezine,Neymar Jr,Gabriel Medina,\u00cdtalo Ferreira,Pedro Scooby,Gaul\u00eas,Felipe Prior,Let\u00edcia B\u2026", "id": "1517857506386751488", "edit_history_tweet_ids": ["1517857506386751488"]}, {"author_id": "1064902023915675650", "created_at": "2022-04-23T13:25:24.000Z", "text": "RT @matcommenta: Tropa do PA:Jade Picon,Bruna marquezine,Neymar Jr,Gabriel Medina,\u00cdtalo Ferreira,Pedro Scooby,Gaul\u00eas,Felipe Prior,Let\u00edcia B\u2026", "id": "1517857170682953728", "edit_history_tweet_ids": ["1517857170682953728"]}, {"author_id": "451818106", "created_at": "2022-04-23T13:25:04.000Z", "text": "RT @matcommenta: Tropa do PA:Jade Picon,Bruna marquezine,Neymar Jr,Gabriel Medina,\u00cdtalo Ferreira,Pedro Scooby,Gaul\u00eas,Felipe Prior,Let\u00edcia B\u2026", "id": "1517857086729859077", "edit_history_tweet_ids": ["1517857086729859077"]}, {"author_id": "4497565155", "created_at": "2022-04-23T13:24:34.000Z", "text": "RT @matcommenta: Tropa do PA:Jade Picon,Bruna marquezine,Neymar Jr,Gabriel Medina,\u00cdtalo Ferreira,Pedro Scooby,Gaul\u00eas,Felipe Prior,Let\u00edcia B\u2026", "id": "1517856962586808321", "edit_history_tweet_ids": ["1517856962586808321"]}, {"author_id": "1237929281268965383", "created_at": "2022-04-23T13:20:34.000Z", "text": "RT @matcommenta: Tropa do PA:Jade Picon,Bruna marquezine,Neymar Jr,Gabriel Medina,\u00cdtalo Ferreira,Pedro Scooby,Gaul\u00eas,Felipe Prior,Let\u00edcia B\u2026", "id": "1517855952258621441", "edit_history_tweet_ids": ["1517855952258621441"]}, {"author_id": "1066801302993289217", "created_at": "2022-04-23T13:19:59.000Z", "text": "RT @matcommenta: Tropa do PA:Jade Picon,Bruna marquezine,Neymar Jr,Gabriel Medina,\u00cdtalo Ferreira,Pedro Scooby,Gaul\u00eas,Felipe Prior,Let\u00edcia B\u2026", "id": "1517855806422667264", "edit_history_tweet_ids": ["1517855806422667264"]}, {"author_id": "1425569371", "created_at": "2022-04-23T13:17:39.000Z", "text": "RT @matcommenta: Tropa do PA:Jade Picon,Bruna marquezine,Neymar Jr,Gabriel Medina,\u00cdtalo Ferreira,Pedro Scooby,Gaul\u00eas,Felipe Prior,Let\u00edcia B\u2026", "id": "1517855219769618433", "edit_history_tweet_ids": ["1517855219769618433"]}, {"author_id": "1107857309223526402", "created_at": "2022-04-23T13:15:04.000Z", "text": "RT @matcommenta: Tropa do PA:Jade Picon,Bruna marquezine,Neymar Jr,Gabriel Medina,\u00cdtalo Ferreira,Pedro Scooby,Gaul\u00eas,Felipe Prior,Let\u00edcia B\u2026", "id": "1517854568163512323", "edit_history_tweet_ids": ["1517854568163512323"]}, {"author_id": "1474198136004530176", "created_at": "2022-04-23T13:13:14.000Z", "text": "RT @matcommenta: Tropa do PA:Jade Picon,Bruna marquezine,Neymar Jr,Gabriel Medina,\u00cdtalo Ferreira,Pedro Scooby,Gaul\u00eas,Felipe Prior,Let\u00edcia B\u2026", "id": "1517854108060897280", "edit_history_tweet_ids": ["1517854108060897280"]}, {"author_id": "1118091580399812609", "created_at": "2022-04-23T13:12:04.000Z", "text": "RT @matcommenta: Tropa do PA:Jade Picon,Bruna marquezine,Neymar Jr,Gabriel Medina,\u00cdtalo Ferreira,Pedro Scooby,Gaul\u00eas,Felipe Prior,Let\u00edcia B\u2026", "id": "1517853816175083521", "edit_history_tweet_ids": ["1517853816175083521"]}, {"author_id": "826984203980009472", "created_at": "2022-04-23T13:11:45.000Z", "text": "RT @matcommenta: Tropa do PA:Jade Picon,Bruna marquezine,Neymar Jr,Gabriel Medina,\u00cdtalo Ferreira,Pedro Scooby,Gaul\u00eas,Felipe Prior,Let\u00edcia B\u2026", "id": "1517853734365188099", "edit_history_tweet_ids": ["1517853734365188099"]}, {"author_id": "1351202493716459535", "created_at": "2022-04-23T13:09:50.000Z", "text": "RT @matcommenta: Tropa do PA:Jade Picon,Bruna marquezine,Neymar Jr,Gabriel Medina,\u00cdtalo Ferreira,Pedro Scooby,Gaul\u00eas,Felipe Prior,Let\u00edcia B\u2026", "id": "1517853254612357121", "edit_history_tweet_ids": ["1517853254612357121"]}, {"author_id": "880430457762058240", "created_at": "2022-04-23T13:08:33.000Z", "text": "RT @matcommenta: Tropa do PA:Jade Picon,Bruna marquezine,Neymar Jr,Gabriel Medina,\u00cdtalo Ferreira,Pedro Scooby,Gaul\u00eas,Felipe Prior,Let\u00edcia B\u2026", "id": "1517852928060579840", "edit_history_tweet_ids": ["1517852928060579840"]}, {"author_id": "1238752829772378112", "created_at": "2022-04-23T13:08:22.000Z", "text": "RT @matcommenta: Tropa do PA:Jade Picon,Bruna marquezine,Neymar Jr,Gabriel Medina,\u00cdtalo Ferreira,Pedro Scooby,Gaul\u00eas,Felipe Prior,Let\u00edcia B\u2026", "id": "1517852884351791105", "edit_history_tweet_ids": ["1517852884351791105"]}, {"author_id": "1097316086838710272", "created_at": "2022-04-23T13:07:50.000Z", "text": "RT @matcommenta: Tropa do PA:Jade Picon,Bruna marquezine,Neymar Jr,Gabriel Medina,\u00cdtalo Ferreira,Pedro Scooby,Gaul\u00eas,Felipe Prior,Let\u00edcia B\u2026", "id": "1517852751145103361", "edit_history_tweet_ids": ["1517852751145103361"]}, {"author_id": "1076155254482366464", "created_at": "2022-04-23T13:05:42.000Z", "text": "RT @matcommenta: Tropa do PA:Jade Picon,Bruna marquezine,Neymar Jr,Gabriel Medina,\u00cdtalo Ferreira,Pedro Scooby,Gaul\u00eas,Felipe Prior,Let\u00edcia B\u2026", "id": "1517852213519003648", "edit_history_tweet_ids": ["1517852213519003648"]}, {"author_id": "1219267238227779584", "created_at": "2022-04-23T13:02:44.000Z", "text": "RT @matcommenta: Tropa do PA:Jade Picon,Bruna marquezine,Neymar Jr,Gabriel Medina,\u00cdtalo Ferreira,Pedro Scooby,Gaul\u00eas,Felipe Prior,Let\u00edcia B\u2026", "id": "1517851464294711297", "edit_history_tweet_ids": ["1517851464294711297"]}, {"author_id": "1183207797300875264", "created_at": "2022-04-23T12:58:57.000Z", "text": "RT @matcommenta: Tropa do PA:Jade Picon,Bruna marquezine,Neymar Jr,Gabriel Medina,\u00cdtalo Ferreira,Pedro Scooby,Gaul\u00eas,Felipe Prior,Let\u00edcia B\u2026", "id": "1517850513445949440", "edit_history_tweet_ids": ["1517850513445949440"]}, {"author_id": "1257766990393094151", "created_at": "2022-04-23T12:58:00.000Z", "text": "RT @matcommenta: Tropa do PA:Jade Picon,Bruna marquezine,Neymar Jr,Gabriel Medina,\u00cdtalo Ferreira,Pedro Scooby,Gaul\u00eas,Felipe Prior,Let\u00edcia B\u2026", "id": "1517850274005716992", "edit_history_tweet_ids": ["1517850274005716992"]}, {"author_id": "1044195142620590080", "created_at": "2022-04-23T12:57:35.000Z", "text": "RT @matcommenta: Tropa do PA:Jade Picon,Bruna marquezine,Neymar Jr,Gabriel Medina,\u00cdtalo Ferreira,Pedro Scooby,Gaul\u00eas,Felipe Prior,Let\u00edcia B\u2026", "id": "1517850168925827072", "edit_history_tweet_ids": ["1517850168925827072"]}, {"author_id": "285638855", "created_at": "2022-04-23T12:56:42.000Z", "text": "RT @matcommenta: Tropa do PA:Jade Picon,Bruna marquezine,Neymar Jr,Gabriel Medina,\u00cdtalo Ferreira,Pedro Scooby,Gaul\u00eas,Felipe Prior,Let\u00edcia B\u2026", "id": "1517849946623463425", "edit_history_tweet_ids": ["1517849946623463425"]}, {"author_id": "953085316008726528", "created_at": "2022-04-23T12:53:21.000Z", "text": "RT @matcommenta: Tropa do PA:Jade Picon,Bruna marquezine,Neymar Jr,Gabriel Medina,\u00cdtalo Ferreira,Pedro Scooby,Gaul\u00eas,Felipe Prior,Let\u00edcia B\u2026", "id": "1517849105631952898", "edit_history_tweet_ids": ["1517849105631952898"]}, {"author_id": "1136611469758541825", "created_at": "2022-04-23T12:53:10.000Z", "text": "RT @matcommenta: Tropa do PA:Jade Picon,Bruna marquezine,Neymar Jr,Gabriel Medina,\u00cdtalo Ferreira,Pedro Scooby,Gaul\u00eas,Felipe Prior,Let\u00edcia B\u2026", "id": "1517849057267441666", "edit_history_tweet_ids": ["1517849057267441666"]}, {"author_id": "488109966", "created_at": "2022-04-23T12:50:12.000Z", "text": "RT @matcommenta: Tropa do PA:Jade Picon,Bruna marquezine,Neymar Jr,Gabriel Medina,\u00cdtalo Ferreira,Pedro Scooby,Gaul\u00eas,Felipe Prior,Let\u00edcia B\u2026", "id": "1517848311029510144", "edit_history_tweet_ids": ["1517848311029510144"]}, {"author_id": "30173295", "created_at": "2022-04-23T12:46:26.000Z", "text": "RT @matcommenta: Tropa do PA:Jade Picon,Bruna marquezine,Neymar Jr,Gabriel Medina,\u00cdtalo Ferreira,Pedro Scooby,Gaul\u00eas,Felipe Prior,Let\u00edcia B\u2026", "id": "1517847365977313284", "edit_history_tweet_ids": ["1517847365977313284"]}, {"author_id": "293795176", "created_at": "2022-04-23T12:44:07.000Z", "text": "RT @matcommenta: Tropa do PA:Jade Picon,Bruna marquezine,Neymar Jr,Gabriel Medina,\u00cdtalo Ferreira,Pedro Scooby,Gaul\u00eas,Felipe Prior,Let\u00edcia B\u2026", "id": "1517846782998425600", "edit_history_tweet_ids": ["1517846782998425600"]}, {"author_id": "1309475820193415168", "created_at": "2022-04-23T12:43:25.000Z", "text": "RT @matcommenta: Tropa do PA:Jade Picon,Bruna marquezine,Neymar Jr,Gabriel Medina,\u00cdtalo Ferreira,Pedro Scooby,Gaul\u00eas,Felipe Prior,Let\u00edcia B\u2026", "id": "1517846605768052738", "edit_history_tweet_ids": ["1517846605768052738"]}, {"author_id": "400846179", "created_at": "2022-04-23T12:36:02.000Z", "text": "RT @matcommenta: Tropa do PA:Jade Picon,Bruna marquezine,Neymar Jr,Gabriel Medina,\u00cdtalo Ferreira,Pedro Scooby,Gaul\u00eas,Felipe Prior,Let\u00edcia B\u2026", "id": "1517844746793803778", "edit_history_tweet_ids": ["1517844746793803778"]}, {"author_id": "58655184", "created_at": "2022-04-23T12:35:49.000Z", "text": "RT @matcommenta: Tropa do PA:Jade Picon,Bruna marquezine,Neymar Jr,Gabriel Medina,\u00cdtalo Ferreira,Pedro Scooby,Gaul\u00eas,Felipe Prior,Let\u00edcia B\u2026", "id": "1517844691152158725", "edit_history_tweet_ids": ["1517844691152158725"]}, {"author_id": "1488101454829264902", "created_at": "2022-04-23T12:35:06.000Z", "text": "RT @matcommenta: Tropa do PA:Jade Picon,Bruna marquezine,Neymar Jr,Gabriel Medina,\u00cdtalo Ferreira,Pedro Scooby,Gaul\u00eas,Felipe Prior,Let\u00edcia B\u2026", "id": "1517844513254952962", "edit_history_tweet_ids": ["1517844513254952962"]}, {"author_id": "1128832879792984065", "created_at": "2022-04-23T12:31:41.000Z", "text": "RT @matcommenta: Tropa do PA:Jade Picon,Bruna marquezine,Neymar Jr,Gabriel Medina,\u00cdtalo Ferreira,Pedro Scooby,Gaul\u00eas,Felipe Prior,Let\u00edcia B\u2026", "id": "1517843651090694146", "edit_history_tweet_ids": ["1517843651090694146"]}, {"author_id": "1196453579835559942", "created_at": "2022-04-23T12:31:39.000Z", "text": "RT @matcommenta: Tropa do PA:Jade Picon,Bruna marquezine,Neymar Jr,Gabriel Medina,\u00cdtalo Ferreira,Pedro Scooby,Gaul\u00eas,Felipe Prior,Let\u00edcia B\u2026", "id": "1517843645537394688", "edit_history_tweet_ids": ["1517843645537394688"]}, {"author_id": "958758554143510529", "created_at": "2022-04-23T12:30:26.000Z", "text": "RT @matcommenta: Tropa do PA:Jade Picon,Bruna marquezine,Neymar Jr,Gabriel Medina,\u00cdtalo Ferreira,Pedro Scooby,Gaul\u00eas,Felipe Prior,Let\u00edcia B\u2026", "id": "1517843337209917440", "edit_history_tweet_ids": ["1517843337209917440"]}, {"author_id": "787479955697496065", "created_at": "2022-04-23T12:27:05.000Z", "text": "RT @matcommenta: Tropa do PA:Jade Picon,Bruna marquezine,Neymar Jr,Gabriel Medina,\u00cdtalo Ferreira,Pedro Scooby,Gaul\u00eas,Felipe Prior,Let\u00edcia B\u2026", "id": "1517842495853502465", "edit_history_tweet_ids": ["1517842495853502465"]}, {"author_id": "380603303", "created_at": "2022-04-23T12:19:55.000Z", "text": "RT @matcommenta: Tropa do PA:Jade Picon,Bruna marquezine,Neymar Jr,Gabriel Medina,\u00cdtalo Ferreira,Pedro Scooby,Gaul\u00eas,Felipe Prior,Let\u00edcia B\u2026", "id": "1517840689769426946", "edit_history_tweet_ids": ["1517840689769426946"]}, {"author_id": "1329083598163439618", "created_at": "2022-04-23T12:16:12.000Z", "text": "RT @matcommenta: Tropa do PA:Jade Picon,Bruna marquezine,Neymar Jr,Gabriel Medina,\u00cdtalo Ferreira,Pedro Scooby,Gaul\u00eas,Felipe Prior,Let\u00edcia B\u2026", "id": "1517839755978887171", "edit_history_tweet_ids": ["1517839755978887171"]}, {"author_id": "1517655133676572672", "created_at": "2022-04-23T12:15:24.000Z", "text": "RT @matcommenta: Tropa do PA:Jade Picon,Bruna marquezine,Neymar Jr,Gabriel Medina,\u00cdtalo Ferreira,Pedro Scooby,Gaul\u00eas,Felipe Prior,Let\u00edcia B\u2026", "id": "1517839554052603905", "edit_history_tweet_ids": ["1517839554052603905"]}], "meta": {"newest_id": "1517889121636782082", "oldest_id": "1517839554052603905", "result_count": 97, "next_token": "b26v89c19zqg8o3fpytnz2m3i4jl5tkaghn9fraxfv9ml"}}