{"data": [{"created_at": "2022-04-23T06:52:50.000Z", "edit_history_tweet_ids": ["1517758379690758147"], "author_id": "2378132778", "id": "1517758379690758147", "text": "RT @matcommenta: Tropa do PA:Jade Picon,Bruna marquezine,Neymar Jr,Gabriel Medina,\u00cdtalo Ferreira,Pedro Scooby,Gaul\u00eas,Felipe Prior,Let\u00edcia B\u2026"}, {"created_at": "2022-04-23T06:47:53.000Z", "edit_history_tweet_ids": ["1517757131268800514"], "author_id": "1071234563295326213", "id": "1517757131268800514", "text": "RT @matcommenta: Tropa do PA:Jade Picon,Bruna marquezine,Neymar Jr,Gabriel Medina,\u00cdtalo Ferreira,Pedro Scooby,Gaul\u00eas,Felipe Prior,Let\u00edcia B\u2026"}, {"created_at": "2022-04-23T06:47:41.000Z", "edit_history_tweet_ids": ["1517757082765860864"], "author_id": "1343300679641812998", "id": "1517757082765860864", "text": "RT @matcommenta: Tropa do PA:Jade Picon,Bruna marquezine,Neymar Jr,Gabriel Medina,\u00cdtalo Ferreira,Pedro Scooby,Gaul\u00eas,Felipe Prior,Let\u00edcia B\u2026"}, {"created_at": "2022-04-23T06:41:33.000Z", "edit_history_tweet_ids": ["1517755539706556416"], "author_id": "960305714102235139", "id": "1517755539706556416", "text": "RT @matcommenta: Tropa do PA:Jade Picon,Bruna marquezine,Neymar Jr,Gabriel Medina,\u00cdtalo Ferreira,Pedro Scooby,Gaul\u00eas,Felipe Prior,Let\u00edcia B\u2026"}, {"created_at": "2022-04-23T06:41:17.000Z", "edit_history_tweet_ids": ["1517755470441820160"], "author_id": "1448811760966832128", "id": "1517755470441820160", "text": "RT @matcommenta: Tropa do PA:Jade Picon,Bruna marquezine,Neymar Jr,Gabriel Medina,\u00cdtalo Ferreira,Pedro Scooby,Gaul\u00eas,Felipe Prior,Let\u00edcia B\u2026"}, {"created_at": "2022-04-23T06:39:38.000Z", "edit_history_tweet_ids": ["1517755057869139969"], "author_id": "881483006984286209", "id": "1517755057869139969", "text": "RT @matcommenta: Tropa do PA:Jade Picon,Bruna marquezine,Neymar Jr,Gabriel Medina,\u00cdtalo Ferreira,Pedro Scooby,Gaul\u00eas,Felipe Prior,Let\u00edcia B\u2026"}, {"created_at": "2022-04-23T06:30:31.000Z", "edit_history_tweet_ids": ["1517752761030430720"], "author_id": "1389583712724164608", "id": "1517752761030430720", "text": "RT @matcommenta: Tropa do PA:Jade Picon,Bruna marquezine,Neymar Jr,Gabriel Medina,\u00cdtalo Ferreira,Pedro Scooby,Gaul\u00eas,Felipe Prior,Let\u00edcia B\u2026"}, {"created_at": "2022-04-23T06:29:08.000Z", "edit_history_tweet_ids": ["1517752415356862464"], "author_id": "1274398616883429377", "id": "1517752415356862464", "text": "RT @matcommenta: Tropa do PA:Jade Picon,Bruna marquezine,Neymar Jr,Gabriel Medina,\u00cdtalo Ferreira,Pedro Scooby,Gaul\u00eas,Felipe Prior,Let\u00edcia B\u2026"}, {"created_at": "2022-04-23T06:22:06.000Z", "edit_history_tweet_ids": ["1517750642906910722"], "author_id": "64054151", "id": "1517750642906910722", "text": "RT @matcommenta: Tropa do PA:Jade Picon,Bruna marquezine,Neymar Jr,Gabriel Medina,\u00cdtalo Ferreira,Pedro Scooby,Gaul\u00eas,Felipe Prior,Let\u00edcia B\u2026"}, {"created_at": "2022-04-23T06:20:07.000Z", "edit_history_tweet_ids": ["1517750145932316672"], "author_id": "46454672", "id": "1517750145932316672", "text": "RT @matcommenta: Tropa do PA:Jade Picon,Bruna marquezine,Neymar Jr,Gabriel Medina,\u00cdtalo Ferreira,Pedro Scooby,Gaul\u00eas,Felipe Prior,Let\u00edcia B\u2026"}, {"created_at": "2022-04-23T06:19:21.000Z", "edit_history_tweet_ids": ["1517749949919899648"], "author_id": "2547075368", "id": "1517749949919899648", "text": "RT @matcommenta: Tropa do PA:Jade Picon,Bruna marquezine,Neymar Jr,Gabriel Medina,\u00cdtalo Ferreira,Pedro Scooby,Gaul\u00eas,Felipe Prior,Let\u00edcia B\u2026"}, {"created_at": "2022-04-23T06:16:06.000Z", "edit_history_tweet_ids": ["1517749133502726145"], "author_id": "872150763325329408", "id": "1517749133502726145", "text": "RT @matcommenta: Tropa do PA:Jade Picon,Bruna marquezine,Neymar Jr,Gabriel Medina,\u00cdtalo Ferreira,Pedro Scooby,Gaul\u00eas,Felipe Prior,Let\u00edcia B\u2026"}, {"created_at": "2022-04-23T06:13:36.000Z", "edit_history_tweet_ids": ["1517748505976188929"], "author_id": "1061052188670246917", "id": "1517748505976188929", "text": "RT @matcommenta: Tropa do PA:Jade Picon,Bruna marquezine,Neymar Jr,Gabriel Medina,\u00cdtalo Ferreira,Pedro Scooby,Gaul\u00eas,Felipe Prior,Let\u00edcia B\u2026"}, {"created_at": "2022-04-23T06:02:36.000Z", "edit_history_tweet_ids": ["1517745734795370497"], "author_id": "1112461874879188992", "id": "1517745734795370497", "text": "RT @matcommenta: Tropa do PA:Jade Picon,Bruna marquezine,Neymar Jr,Gabriel Medina,\u00cdtalo Ferreira,Pedro Scooby,Gaul\u00eas,Felipe Prior,Let\u00edcia B\u2026"}, {"created_at": "2022-04-23T06:02:21.000Z", "edit_history_tweet_ids": ["1517745671637508107"], "author_id": "1111810341879668736", "id": "1517745671637508107", "text": "RT @matcommenta: Tropa do PA:Jade Picon,Bruna marquezine,Neymar Jr,Gabriel Medina,\u00cdtalo Ferreira,Pedro Scooby,Gaul\u00eas,Felipe Prior,Let\u00edcia B\u2026"}, {"created_at": "2022-04-23T05:58:53.000Z", "edit_history_tweet_ids": ["1517744799943696386"], "author_id": "4254268823", "id": "1517744799943696386", "text": "RT @matcommenta: Tropa do PA:Jade Picon,Bruna marquezine,Neymar Jr,Gabriel Medina,\u00cdtalo Ferreira,Pedro Scooby,Gaul\u00eas,Felipe Prior,Let\u00edcia B\u2026"}, {"created_at": "2022-04-23T05:56:43.000Z", "edit_history_tweet_ids": ["1517744254344470529"], "author_id": "4704060973", "id": "1517744254344470529", "text": "RT @matcommenta: Tropa do PA:Jade Picon,Bruna marquezine,Neymar Jr,Gabriel Medina,\u00cdtalo Ferreira,Pedro Scooby,Gaul\u00eas,Felipe Prior,Let\u00edcia B\u2026"}, {"created_at": "2022-04-23T05:55:20.000Z", "edit_history_tweet_ids": ["1517743906250792961"], "author_id": "1550598738", "id": "1517743906250792961", "text": "RT @matcommenta: Tropa do PA:Jade Picon,Bruna marquezine,Neymar Jr,Gabriel Medina,\u00cdtalo Ferreira,Pedro Scooby,Gaul\u00eas,Felipe Prior,Let\u00edcia B\u2026"}, {"created_at": "2022-04-23T05:52:54.000Z", "edit_history_tweet_ids": ["1517743294159241216"], "author_id": "1290852616533147648", "id": "1517743294159241216", "text": "RT @matcommenta: Tropa do PA:Jade Picon,Bruna marquezine,Neymar Jr,Gabriel Medina,\u00cdtalo Ferreira,Pedro Scooby,Gaul\u00eas,Felipe Prior,Let\u00edcia B\u2026"}, {"created_at": "2022-04-23T05:52:34.000Z", "edit_history_tweet_ids": ["1517743212093399040"], "author_id": "837811501666865159", "id": "1517743212093399040", "text": "RT @matcommenta: Tropa do PA:Jade Picon,Bruna marquezine,Neymar Jr,Gabriel Medina,\u00cdtalo Ferreira,Pedro Scooby,Gaul\u00eas,Felipe Prior,Let\u00edcia B\u2026"}, {"created_at": "2022-04-23T05:51:30.000Z", "edit_history_tweet_ids": ["1517742940910673920"], "author_id": "852256789458563077", "id": "1517742940910673920", "text": "RT @matcommenta: Tropa do PA:Jade Picon,Bruna marquezine,Neymar Jr,Gabriel Medina,\u00cdtalo Ferreira,Pedro Scooby,Gaul\u00eas,Felipe Prior,Let\u00edcia B\u2026"}, {"created_at": "2022-04-23T05:49:10.000Z", "edit_history_tweet_ids": ["1517742356052725762"], "author_id": "55126380", "id": "1517742356052725762", "text": "RT @matcommenta: Tropa do PA:Jade Picon,Bruna marquezine,Neymar Jr,Gabriel Medina,\u00cdtalo Ferreira,Pedro Scooby,Gaul\u00eas,Felipe Prior,Let\u00edcia B\u2026"}, {"created_at": "2022-04-23T05:47:39.000Z", "edit_history_tweet_ids": ["1517741971959427072"], "author_id": "774134646", "id": "1517741971959427072", "text": "RT @matcommenta: Tropa do PA:Jade Picon,Bruna marquezine,Neymar Jr,Gabriel Medina,\u00cdtalo Ferreira,Pedro Scooby,Gaul\u00eas,Felipe Prior,Let\u00edcia B\u2026"}, {"created_at": "2022-04-23T05:45:07.000Z", "edit_history_tweet_ids": ["1517741334320357376"], "author_id": "886009791713357824", "id": "1517741334320357376", "text": "RT @matcommenta: Tropa do PA:Jade Picon,Bruna marquezine,Neymar Jr,Gabriel Medina,\u00cdtalo Ferreira,Pedro Scooby,Gaul\u00eas,Felipe Prior,Let\u00edcia B\u2026"}, {"created_at": "2022-04-23T05:44:03.000Z", "edit_history_tweet_ids": ["1517741069118709761"], "author_id": "1199902617121513473", "id": "1517741069118709761", "text": "RT @matcommenta: Tropa do PA:Jade Picon,Bruna marquezine,Neymar Jr,Gabriel Medina,\u00cdtalo Ferreira,Pedro Scooby,Gaul\u00eas,Felipe Prior,Let\u00edcia B\u2026"}, {"created_at": "2022-04-23T05:41:08.000Z", "edit_history_tweet_ids": ["1517740335304257538"], "author_id": "1278913615689592833", "id": "1517740335304257538", "text": "RT @matcommenta: Tropa do PA:Jade Picon,Bruna marquezine,Neymar Jr,Gabriel Medina,\u00cdtalo Ferreira,Pedro Scooby,Gaul\u00eas,Felipe Prior,Let\u00edcia B\u2026"}, {"created_at": "2022-04-23T05:40:14.000Z", "edit_history_tweet_ids": ["1517740109419929600"], "author_id": "1150589772173385729", "id": "1517740109419929600", "text": "RT @matcommenta: Tropa do PA:Jade Picon,Bruna marquezine,Neymar Jr,Gabriel Medina,\u00cdtalo Ferreira,Pedro Scooby,Gaul\u00eas,Felipe Prior,Let\u00edcia B\u2026"}, {"created_at": "2022-04-23T05:39:13.000Z", "edit_history_tweet_ids": ["1517739852216905731"], "author_id": "1977869682", "id": "1517739852216905731", "text": "RT @matcommenta: Tropa do PA:Jade Picon,Bruna marquezine,Neymar Jr,Gabriel Medina,\u00cdtalo Ferreira,Pedro Scooby,Gaul\u00eas,Felipe Prior,Let\u00edcia B\u2026"}, {"created_at": "2022-04-23T05:38:26.000Z", "edit_history_tweet_ids": ["1517739653763407875"], "author_id": "1442868422535176197", "id": "1517739653763407875", "text": "RT @matcommenta: Tropa do PA:Jade Picon,Bruna marquezine,Neymar Jr,Gabriel Medina,\u00cdtalo Ferreira,Pedro Scooby,Gaul\u00eas,Felipe Prior,Let\u00edcia B\u2026"}, {"created_at": "2022-04-23T05:37:58.000Z", "edit_history_tweet_ids": ["1517739537904119809"], "author_id": "1080106333247029248", "id": "1517739537904119809", "text": "RT @matcommenta: Tropa do PA:Jade Picon,Bruna marquezine,Neymar Jr,Gabriel Medina,\u00cdtalo Ferreira,Pedro Scooby,Gaul\u00eas,Felipe Prior,Let\u00edcia B\u2026"}, {"created_at": "2022-04-23T05:37:03.000Z", "edit_history_tweet_ids": ["1517739305384480768"], "author_id": "1089526760839041025", "id": "1517739305384480768", "text": "RT @matcommenta: Tropa do PA:Jade Picon,Bruna marquezine,Neymar Jr,Gabriel Medina,\u00cdtalo Ferreira,Pedro Scooby,Gaul\u00eas,Felipe Prior,Let\u00edcia B\u2026"}, {"created_at": "2022-04-23T05:31:08.000Z", "edit_history_tweet_ids": ["1517737816880517121"], "author_id": "1387966741096042499", "id": "1517737816880517121", "text": "RT @matcommenta: Tropa do PA:Jade Picon,Bruna marquezine,Neymar Jr,Gabriel Medina,\u00cdtalo Ferreira,Pedro Scooby,Gaul\u00eas,Felipe Prior,Let\u00edcia B\u2026"}, {"created_at": "2022-04-23T05:30:46.000Z", "edit_history_tweet_ids": ["1517737724408705025"], "author_id": "1244819648719269896", "id": "1517737724408705025", "text": "RT @matcommenta: Tropa do PA:Jade Picon,Bruna marquezine,Neymar Jr,Gabriel Medina,\u00cdtalo Ferreira,Pedro Scooby,Gaul\u00eas,Felipe Prior,Let\u00edcia B\u2026"}, {"created_at": "2022-04-23T05:28:58.000Z", "edit_history_tweet_ids": ["1517737273609146371"], "author_id": "1157735864484712450", "id": "1517737273609146371", "text": "RT @matcommenta: Tropa do PA:Jade Picon,Bruna marquezine,Neymar Jr,Gabriel Medina,\u00cdtalo Ferreira,Pedro Scooby,Gaul\u00eas,Felipe Prior,Let\u00edcia B\u2026"}, {"created_at": "2022-04-23T05:28:14.000Z", "edit_history_tweet_ids": ["1517737087960813568"], "author_id": "1089268575062372353", "id": "1517737087960813568", "text": "RT @matcommenta: Tropa do PA:Jade Picon,Bruna marquezine,Neymar Jr,Gabriel Medina,\u00cdtalo Ferreira,Pedro Scooby,Gaul\u00eas,Felipe Prior,Let\u00edcia B\u2026"}, {"created_at": "2022-04-23T05:27:10.000Z", "edit_history_tweet_ids": ["1517736820741656576"], "author_id": "1702930152", "id": "1517736820741656576", "text": "RT @matcommenta: Tropa do PA:Jade Picon,Bruna marquezine,Neymar Jr,Gabriel Medina,\u00cdtalo Ferreira,Pedro Scooby,Gaul\u00eas,Felipe Prior,Let\u00edcia B\u2026"}, {"created_at": "2022-04-23T05:25:46.000Z", "edit_history_tweet_ids": ["1517736467661045761"], "author_id": "1067430664184578048", "id": "1517736467661045761", "text": "RT @matcommenta: Tropa do PA:Jade Picon,Bruna marquezine,Neymar Jr,Gabriel Medina,\u00cdtalo Ferreira,Pedro Scooby,Gaul\u00eas,Felipe Prior,Let\u00edcia B\u2026"}, {"created_at": "2022-04-23T05:25:22.000Z", "edit_history_tweet_ids": ["1517736367488442369"], "author_id": "14243983", "id": "1517736367488442369", "text": "RT @matcommenta: Tropa do PA:Jade Picon,Bruna marquezine,Neymar Jr,Gabriel Medina,\u00cdtalo Ferreira,Pedro Scooby,Gaul\u00eas,Felipe Prior,Let\u00edcia B\u2026"}, {"created_at": "2022-04-23T05:24:35.000Z", "edit_history_tweet_ids": ["1517736168837849088"], "author_id": "1256910056009936897", "id": "1517736168837849088", "text": "RT @matcommenta: Tropa do PA:Jade Picon,Bruna marquezine,Neymar Jr,Gabriel Medina,\u00cdtalo Ferreira,Pedro Scooby,Gaul\u00eas,Felipe Prior,Let\u00edcia B\u2026"}, {"created_at": "2022-04-23T05:22:52.000Z", "edit_history_tweet_ids": ["1517735737596252160"], "author_id": "15681856", "id": "1517735737596252160", "text": "RT @matcommenta: Tropa do PA:Jade Picon,Bruna marquezine,Neymar Jr,Gabriel Medina,\u00cdtalo Ferreira,Pedro Scooby,Gaul\u00eas,Felipe Prior,Let\u00edcia B\u2026"}, {"created_at": "2022-04-23T05:18:53.000Z", "edit_history_tweet_ids": ["1517734735686029318"], "author_id": "2774869313", "id": "1517734735686029318", "text": "RT @matcommenta: Tropa do PA:Jade Picon,Bruna marquezine,Neymar Jr,Gabriel Medina,\u00cdtalo Ferreira,Pedro Scooby,Gaul\u00eas,Felipe Prior,Let\u00edcia B\u2026"}, {"created_at": "2022-04-23T05:15:06.000Z", "edit_history_tweet_ids": ["1517733782748606464"], "author_id": "1495258965327949825", "id": "1517733782748606464", "text": "RT @matcommenta: Tropa do PA:Jade Picon,Bruna marquezine,Neymar Jr,Gabriel Medina,\u00cdtalo Ferreira,Pedro Scooby,Gaul\u00eas,Felipe Prior,Let\u00edcia B\u2026"}, {"created_at": "2022-04-23T05:14:25.000Z", "edit_history_tweet_ids": ["1517733609150595072"], "author_id": "1501337486647250946", "id": "1517733609150595072", "text": "RT @matcommenta: Tropa do PA:Jade Picon,Bruna marquezine,Neymar Jr,Gabriel Medina,\u00cdtalo Ferreira,Pedro Scooby,Gaul\u00eas,Felipe Prior,Let\u00edcia B\u2026"}, {"created_at": "2022-04-23T05:07:27.000Z", "edit_history_tweet_ids": ["1517731859123384321"], "author_id": "1281705368742174721", "id": "1517731859123384321", "text": "RT @matcommenta: Tropa do PA:Jade Picon,Bruna marquezine,Neymar Jr,Gabriel Medina,\u00cdtalo Ferreira,Pedro Scooby,Gaul\u00eas,Felipe Prior,Let\u00edcia B\u2026"}, {"created_at": "2022-04-23T05:01:10.000Z", "edit_history_tweet_ids": ["1517730275588988928"], "author_id": "956135089292873728", "id": "1517730275588988928", "text": "RT @matcommenta: Tropa do PA:Jade Picon,Bruna marquezine,Neymar Jr,Gabriel Medina,\u00cdtalo Ferreira,Pedro Scooby,Gaul\u00eas,Felipe Prior,Let\u00edcia B\u2026"}, {"created_at": "2022-04-23T05:01:01.000Z", "edit_history_tweet_ids": ["1517730238909853696"], "author_id": "1493428030840221704", "id": "1517730238909853696", "text": "RT @matcommenta: Tropa do PA:Jade Picon,Bruna marquezine,Neymar Jr,Gabriel Medina,\u00cdtalo Ferreira,Pedro Scooby,Gaul\u00eas,Felipe Prior,Let\u00edcia B\u2026"}, {"created_at": "2022-04-23T05:00:57.000Z", "edit_history_tweet_ids": ["1517730222342381568"], "author_id": "3309089404", "id": "1517730222342381568", "text": "RT @matcommenta: Tropa do PA:Jade Picon,Bruna marquezine,Neymar Jr,Gabriel Medina,\u00cdtalo Ferreira,Pedro Scooby,Gaul\u00eas,Felipe Prior,Let\u00edcia B\u2026"}, {"created_at": "2022-04-23T04:58:50.000Z", "edit_history_tweet_ids": ["1517729689162457088"], "author_id": "1366746484113350665", "id": "1517729689162457088", "text": "RT @matcommenta: Tropa do PA:Jade Picon,Bruna marquezine,Neymar Jr,Gabriel Medina,\u00cdtalo Ferreira,Pedro Scooby,Gaul\u00eas,Felipe Prior,Let\u00edcia B\u2026"}, {"created_at": "2022-04-23T04:57:18.000Z", "edit_history_tweet_ids": ["1517729302200078336"], "author_id": "897658413596979200", "id": "1517729302200078336", "text": "RT @matcommenta: Tropa do PA:Jade Picon,Bruna marquezine,Neymar Jr,Gabriel Medina,\u00cdtalo Ferreira,Pedro Scooby,Gaul\u00eas,Felipe Prior,Let\u00edcia B\u2026"}, {"created_at": "2022-04-23T04:53:34.000Z", "edit_history_tweet_ids": ["1517728364882186244"], "author_id": "103073752", "id": "1517728364882186244", "text": "RT @matcommenta: Tropa do PA:Jade Picon,Bruna marquezine,Neymar Jr,Gabriel Medina,\u00cdtalo Ferreira,Pedro Scooby,Gaul\u00eas,Felipe Prior,Let\u00edcia B\u2026"}, {"created_at": "2022-04-23T04:53:10.000Z", "edit_history_tweet_ids": ["1517728262495129600"], "author_id": "3081036592", "id": "1517728262495129600", "text": "RT @matcommenta: Tropa do PA:Jade Picon,Bruna marquezine,Neymar Jr,Gabriel Medina,\u00cdtalo Ferreira,Pedro Scooby,Gaul\u00eas,Felipe Prior,Let\u00edcia B\u2026"}, {"created_at": "2022-04-23T04:47:47.000Z", "edit_history_tweet_ids": ["1517726906245857281"], "author_id": "2740397348", "id": "1517726906245857281", "text": "RT @matcommenta: Tropa do PA:Jade Picon,Bruna marquezine,Neymar Jr,Gabriel Medina,\u00cdtalo Ferreira,Pedro Scooby,Gaul\u00eas,Felipe Prior,Let\u00edcia B\u2026"}, {"created_at": "2022-04-23T04:47:37.000Z", "edit_history_tweet_ids": ["1517726864978194432"], "author_id": "2923278004", "id": "1517726864978194432", "text": "RT @matcommenta: Tropa do PA:Jade Picon,Bruna marquezine,Neymar Jr,Gabriel Medina,\u00cdtalo Ferreira,Pedro Scooby,Gaul\u00eas,Felipe Prior,Let\u00edcia B\u2026"}, {"created_at": "2022-04-23T04:45:59.000Z", "edit_history_tweet_ids": ["1517726454389293056"], "author_id": "2882462118", "id": "1517726454389293056", "text": "RT @matcommenta: Tropa do PA:Jade Picon,Bruna marquezine,Neymar Jr,Gabriel Medina,\u00cdtalo Ferreira,Pedro Scooby,Gaul\u00eas,Felipe Prior,Let\u00edcia B\u2026"}, {"created_at": "2022-04-23T04:43:17.000Z", "edit_history_tweet_ids": ["1517725774853423105"], "author_id": "1359174828914339851", "id": "1517725774853423105", "text": "RT @matcommenta: Tropa do PA:Jade Picon,Bruna marquezine,Neymar Jr,Gabriel Medina,\u00cdtalo Ferreira,Pedro Scooby,Gaul\u00eas,Felipe Prior,Let\u00edcia B\u2026"}, {"created_at": "2022-04-23T04:39:08.000Z", "edit_history_tweet_ids": ["1517724730370969603"], "author_id": "1436874644498391041", "id": "1517724730370969603", "text": "RT @matcommenta: Tropa do PA:Jade Picon,Bruna marquezine,Neymar Jr,Gabriel Medina,\u00cdtalo Ferreira,Pedro Scooby,Gaul\u00eas,Felipe Prior,Let\u00edcia B\u2026"}, {"created_at": "2022-04-23T04:36:01.000Z", "edit_history_tweet_ids": ["1517723947223105538"], "author_id": "2949390029", "id": "1517723947223105538", "text": "RT @matcommenta: Tropa do PA:Jade Picon,Bruna marquezine,Neymar Jr,Gabriel Medina,\u00cdtalo Ferreira,Pedro Scooby,Gaul\u00eas,Felipe Prior,Let\u00edcia B\u2026"}, {"created_at": "2022-04-23T04:35:10.000Z", "edit_history_tweet_ids": ["1517723732558630913"], "author_id": "1340096504497909760", "id": "1517723732558630913", "text": "RT @matcommenta: Tropa do PA:Jade Picon,Bruna marquezine,Neymar Jr,Gabriel Medina,\u00cdtalo Ferreira,Pedro Scooby,Gaul\u00eas,Felipe Prior,Let\u00edcia B\u2026"}, {"created_at": "2022-04-23T04:35:09.000Z", "edit_history_tweet_ids": ["1517723727470989312"], "author_id": "251769823", "id": "1517723727470989312", "text": "RT @matcommenta: Tropa do PA:Jade Picon,Bruna marquezine,Neymar Jr,Gabriel Medina,\u00cdtalo Ferreira,Pedro Scooby,Gaul\u00eas,Felipe Prior,Let\u00edcia B\u2026"}, {"created_at": "2022-04-23T04:30:49.000Z", "edit_history_tweet_ids": ["1517722640085045248"], "author_id": "1482962499955736580", "id": "1517722640085045248", "text": "RT @matcommenta: Tropa do PA:Jade Picon,Bruna marquezine,Neymar Jr,Gabriel Medina,\u00cdtalo Ferreira,Pedro Scooby,Gaul\u00eas,Felipe Prior,Let\u00edcia B\u2026"}, {"created_at": "2022-04-23T04:29:54.000Z", "edit_history_tweet_ids": ["1517722409331269634"], "author_id": "1503229098180685824", "id": "1517722409331269634", "text": "RT @matcommenta: Tropa do PA:Jade Picon,Bruna marquezine,Neymar Jr,Gabriel Medina,\u00cdtalo Ferreira,Pedro Scooby,Gaul\u00eas,Felipe Prior,Let\u00edcia B\u2026"}, {"created_at": "2022-04-23T04:24:28.000Z", "edit_history_tweet_ids": ["1517721040830578688"], "author_id": "1486545293143388161", "id": "1517721040830578688", "text": "RT @matcommenta: Tropa do PA:Jade Picon,Bruna marquezine,Neymar Jr,Gabriel Medina,\u00cdtalo Ferreira,Pedro Scooby,Gaul\u00eas,Felipe Prior,Let\u00edcia B\u2026"}, {"created_at": "2022-04-23T04:22:58.000Z", "edit_history_tweet_ids": ["1517720661841653760"], "author_id": "1027706833736290304", "id": "1517720661841653760", "text": "RT @matcommenta: Tropa do PA:Jade Picon,Bruna marquezine,Neymar Jr,Gabriel Medina,\u00cdtalo Ferreira,Pedro Scooby,Gaul\u00eas,Felipe Prior,Let\u00edcia B\u2026"}, {"created_at": "2022-04-23T04:22:41.000Z", "edit_history_tweet_ids": ["1517720591477915649"], "author_id": "3291772478", "id": "1517720591477915649", "text": "RT @matcommenta: Tropa do PA:Jade Picon,Bruna marquezine,Neymar Jr,Gabriel Medina,\u00cdtalo Ferreira,Pedro Scooby,Gaul\u00eas,Felipe Prior,Let\u00edcia B\u2026"}, {"created_at": "2022-04-23T04:18:22.000Z", "edit_history_tweet_ids": ["1517719506176593921"], "author_id": "612682376", "id": "1517719506176593921", "text": "RT @matcommenta: Tropa do PA:Jade Picon,Bruna marquezine,Neymar Jr,Gabriel Medina,\u00cdtalo Ferreira,Pedro Scooby,Gaul\u00eas,Felipe Prior,Let\u00edcia B\u2026"}, {"created_at": "2022-04-23T04:16:22.000Z", "edit_history_tweet_ids": ["1517719000477839360"], "author_id": "1261131944869289990", "id": "1517719000477839360", "text": "RT @matcommenta: Tropa do PA:Jade Picon,Bruna marquezine,Neymar Jr,Gabriel Medina,\u00cdtalo Ferreira,Pedro Scooby,Gaul\u00eas,Felipe Prior,Let\u00edcia B\u2026"}, {"created_at": "2022-04-23T04:15:22.000Z", "edit_history_tweet_ids": ["1517718748450467845"], "author_id": "1425548753226850311", "id": "1517718748450467845", "text": "RT @matcommenta: Tropa do PA:Jade Picon,Bruna marquezine,Neymar Jr,Gabriel Medina,\u00cdtalo Ferreira,Pedro Scooby,Gaul\u00eas,Felipe Prior,Let\u00edcia B\u2026"}, {"created_at": "2022-04-23T04:14:47.000Z", "edit_history_tweet_ids": ["1517718601867927553"], "author_id": "219473575", "id": "1517718601867927553", "text": "RT @matcommenta: Tropa do PA:Jade Picon,Bruna marquezine,Neymar Jr,Gabriel Medina,\u00cdtalo Ferreira,Pedro Scooby,Gaul\u00eas,Felipe Prior,Let\u00edcia B\u2026"}, {"created_at": "2022-04-23T04:13:19.000Z", "edit_history_tweet_ids": ["1517718232374910976"], "author_id": "4429083868", "id": "1517718232374910976", "text": "RT @matcommenta: Tropa do PA:Jade Picon,Bruna marquezine,Neymar Jr,Gabriel Medina,\u00cdtalo Ferreira,Pedro Scooby,Gaul\u00eas,Felipe Prior,Let\u00edcia B\u2026"}, {"created_at": "2022-04-23T04:12:10.000Z", "edit_history_tweet_ids": ["1517717945153167360"], "author_id": "1449946172903333891", "id": "1517717945153167360", "text": "RT @matcommenta: Tropa do PA:Jade Picon,Bruna marquezine,Neymar Jr,Gabriel Medina,\u00cdtalo Ferreira,Pedro Scooby,Gaul\u00eas,Felipe Prior,Let\u00edcia B\u2026"}, {"created_at": "2022-04-23T04:10:06.000Z", "edit_history_tweet_ids": ["1517717422492553217"], "author_id": "69331643", "id": "1517717422492553217", "text": "RT @matcommenta: Tropa do PA:Jade Picon,Bruna marquezine,Neymar Jr,Gabriel Medina,\u00cdtalo Ferreira,Pedro Scooby,Gaul\u00eas,Felipe Prior,Let\u00edcia B\u2026"}, {"created_at": "2022-04-23T04:08:59.000Z", "edit_history_tweet_ids": ["1517717144422780936"], "author_id": "927203721121017857", "id": "1517717144422780936", "text": "RT @matcommenta: Tropa do PA:Jade Picon,Bruna marquezine,Neymar Jr,Gabriel Medina,\u00cdtalo Ferreira,Pedro Scooby,Gaul\u00eas,Felipe Prior,Let\u00edcia B\u2026"}, {"created_at": "2022-04-23T04:07:35.000Z", "edit_history_tweet_ids": ["1517716790859735040"], "author_id": "1467346917529161732", "id": "1517716790859735040", "text": "RT @matcommenta: Tropa do PA:Jade Picon,Bruna marquezine,Neymar Jr,Gabriel Medina,\u00cdtalo Ferreira,Pedro Scooby,Gaul\u00eas,Felipe Prior,Let\u00edcia B\u2026"}, {"created_at": "2022-04-23T04:04:18.000Z", "edit_history_tweet_ids": ["1517715964573683714"], "author_id": "3389281402", "id": "1517715964573683714", "text": "RT @matcommenta: Tropa do PA:Jade Picon,Bruna marquezine,Neymar Jr,Gabriel Medina,\u00cdtalo Ferreira,Pedro Scooby,Gaul\u00eas,Felipe Prior,Let\u00edcia B\u2026"}, {"created_at": "2022-04-23T04:04:10.000Z", "edit_history_tweet_ids": ["1517715931325161473"], "author_id": "1245505203912290304", "id": "1517715931325161473", "text": "RT @matcommenta: Tropa do PA:Jade Picon,Bruna marquezine,Neymar Jr,Gabriel Medina,\u00cdtalo Ferreira,Pedro Scooby,Gaul\u00eas,Felipe Prior,Let\u00edcia B\u2026"}, {"created_at": "2022-04-23T04:01:51.000Z", "edit_history_tweet_ids": ["1517715346676981760"], "author_id": "3391493908", "id": "1517715346676981760", "text": "RT @matcommenta: Tropa do PA:Jade Picon,Bruna marquezine,Neymar Jr,Gabriel Medina,\u00cdtalo Ferreira,Pedro Scooby,Gaul\u00eas,Felipe Prior,Let\u00edcia B\u2026"}, {"created_at": "2022-04-23T04:01:15.000Z", "edit_history_tweet_ids": ["1517715199045693440"], "author_id": "1859731028", "id": "1517715199045693440", "text": "RT @matcommenta: Tropa do PA:Jade Picon,Bruna marquezine,Neymar Jr,Gabriel Medina,\u00cdtalo Ferreira,Pedro Scooby,Gaul\u00eas,Felipe Prior,Let\u00edcia B\u2026"}, {"created_at": "2022-04-23T04:00:38.000Z", "edit_history_tweet_ids": ["1517715042908712962"], "author_id": "1191396265805930496", "id": "1517715042908712962", "text": "RT @matcommenta: Tropa do PA:Jade Picon,Bruna marquezine,Neymar Jr,Gabriel Medina,\u00cdtalo Ferreira,Pedro Scooby,Gaul\u00eas,Felipe Prior,Let\u00edcia B\u2026"}, {"created_at": "2022-04-23T04:00:10.000Z", "edit_history_tweet_ids": ["1517714926625828865"], "author_id": "54014665", "id": "1517714926625828865", "text": "RT @matcommenta: Tropa do PA:Jade Picon,Bruna marquezine,Neymar Jr,Gabriel Medina,\u00cdtalo Ferreira,Pedro Scooby,Gaul\u00eas,Felipe Prior,Let\u00edcia B\u2026"}, {"created_at": "2022-04-23T03:55:46.000Z", "edit_history_tweet_ids": ["1517713818981384193"], "author_id": "1319829744863580160", "id": "1517713818981384193", "text": "RT @matcommenta: Tropa do PA:Jade Picon,Bruna marquezine,Neymar Jr,Gabriel Medina,\u00cdtalo Ferreira,Pedro Scooby,Gaul\u00eas,Felipe Prior,Let\u00edcia B\u2026"}, {"created_at": "2022-04-23T03:55:25.000Z", "edit_history_tweet_ids": ["1517713730204753923"], "author_id": "1059257985510400000", "id": "1517713730204753923", "text": "RT @matcommenta: Tropa do PA:Jade Picon,Bruna marquezine,Neymar Jr,Gabriel Medina,\u00cdtalo Ferreira,Pedro Scooby,Gaul\u00eas,Felipe Prior,Let\u00edcia B\u2026"}, {"created_at": "2022-04-23T03:53:57.000Z", "edit_history_tweet_ids": ["1517713361999482882"], "author_id": "170868694", "id": "1517713361999482882", "text": "RT @matcommenta: Tropa do PA:Jade Picon,Bruna marquezine,Neymar Jr,Gabriel Medina,\u00cdtalo Ferreira,Pedro Scooby,Gaul\u00eas,Felipe Prior,Let\u00edcia B\u2026"}, {"created_at": "2022-04-23T03:53:05.000Z", "edit_history_tweet_ids": ["1517713142414983179"], "author_id": "1324826795208822785", "id": "1517713142414983179", "text": "RT @matcommenta: Tropa do PA:Jade Picon,Bruna marquezine,Neymar Jr,Gabriel Medina,\u00cdtalo Ferreira,Pedro Scooby,Gaul\u00eas,Felipe Prior,Let\u00edcia B\u2026"}, {"created_at": "2022-04-23T03:52:24.000Z", "edit_history_tweet_ids": ["1517712971279085572"], "author_id": "779148540350267392", "id": "1517712971279085572", "text": "RT @matcommenta: Tropa do PA:Jade Picon,Bruna marquezine,Neymar Jr,Gabriel Medina,\u00cdtalo Ferreira,Pedro Scooby,Gaul\u00eas,Felipe Prior,Let\u00edcia B\u2026"}, {"created_at": "2022-04-23T03:49:33.000Z", "edit_history_tweet_ids": ["1517712254409580544"], "author_id": "778310861094092800", "id": "1517712254409580544", "text": "RT @matcommenta: Tropa do PA:Jade Picon,Bruna marquezine,Neymar Jr,Gabriel Medina,\u00cdtalo Ferreira,Pedro Scooby,Gaul\u00eas,Felipe Prior,Let\u00edcia B\u2026"}, {"created_at": "2022-04-23T03:48:38.000Z", "edit_history_tweet_ids": ["1517712022116478977"], "author_id": "1382751816149037060", "id": "1517712022116478977", "text": "RT @matcommenta: Tropa do PA:Jade Picon,Bruna marquezine,Neymar Jr,Gabriel Medina,\u00cdtalo Ferreira,Pedro Scooby,Gaul\u00eas,Felipe Prior,Let\u00edcia B\u2026"}, {"created_at": "2022-04-23T03:48:37.000Z", "edit_history_tweet_ids": ["1517712017460715521"], "author_id": "1291177191993114624", "id": "1517712017460715521", "text": "RT @matcommenta: Tropa do PA:Jade Picon,Bruna marquezine,Neymar Jr,Gabriel Medina,\u00cdtalo Ferreira,Pedro Scooby,Gaul\u00eas,Felipe Prior,Let\u00edcia B\u2026"}, {"created_at": "2022-04-23T03:48:26.000Z", "edit_history_tweet_ids": ["1517711973827420160"], "author_id": "101783462", "id": "1517711973827420160", "text": "RT @matcommenta: Tropa do PA:Jade Picon,Bruna marquezine,Neymar Jr,Gabriel Medina,\u00cdtalo Ferreira,Pedro Scooby,Gaul\u00eas,Felipe Prior,Let\u00edcia B\u2026"}, {"created_at": "2022-04-23T03:47:34.000Z", "edit_history_tweet_ids": ["1517711753534226439"], "author_id": "1461124104220774406", "id": "1517711753534226439", "text": "RT @matcommenta: Tropa do PA:Jade Picon,Bruna marquezine,Neymar Jr,Gabriel Medina,\u00cdtalo Ferreira,Pedro Scooby,Gaul\u00eas,Felipe Prior,Let\u00edcia B\u2026"}, {"created_at": "2022-04-23T03:45:27.000Z", "edit_history_tweet_ids": ["1517711220199075840"], "author_id": "1044255706424258560", "id": "1517711220199075840", "text": "RT @matcommenta: Tropa do PA:Jade Picon,Bruna marquezine,Neymar Jr,Gabriel Medina,\u00cdtalo Ferreira,Pedro Scooby,Gaul\u00eas,Felipe Prior,Let\u00edcia B\u2026"}, {"created_at": "2022-04-23T03:44:21.000Z", "edit_history_tweet_ids": ["1517710945488977922"], "author_id": "1202080070367612928", "id": "1517710945488977922", "text": "RT @matcommenta: Tropa do PA:Jade Picon,Bruna marquezine,Neymar Jr,Gabriel Medina,\u00cdtalo Ferreira,Pedro Scooby,Gaul\u00eas,Felipe Prior,Let\u00edcia B\u2026"}, {"created_at": "2022-04-23T03:42:29.000Z", "edit_history_tweet_ids": ["1517710476163133442"], "author_id": "1252563431586217985", "id": "1517710476163133442", "text": "RT @matcommenta: Tropa do PA:Jade Picon,Bruna marquezine,Neymar Jr,Gabriel Medina,\u00cdtalo Ferreira,Pedro Scooby,Gaul\u00eas,Felipe Prior,Let\u00edcia B\u2026"}, {"created_at": "2022-04-23T03:42:06.000Z", "edit_history_tweet_ids": ["1517710379643719680"], "author_id": "967741103637172224", "id": "1517710379643719680", "text": "RT @matcommenta: Tropa do PA:Jade Picon,Bruna marquezine,Neymar Jr,Gabriel Medina,\u00cdtalo Ferreira,Pedro Scooby,Gaul\u00eas,Felipe Prior,Let\u00edcia B\u2026"}, {"created_at": "2022-04-23T03:39:43.000Z", "edit_history_tweet_ids": ["1517709778327375878"], "author_id": "2295372962", "id": "1517709778327375878", "text": "RT @matcommenta: Tropa do PA:Jade Picon,Bruna marquezine,Neymar Jr,Gabriel Medina,\u00cdtalo Ferreira,Pedro Scooby,Gaul\u00eas,Felipe Prior,Let\u00edcia B\u2026"}, {"created_at": "2022-04-23T03:38:46.000Z", "edit_history_tweet_ids": ["1517709539365330944"], "author_id": "980256271428448256", "id": "1517709539365330944", "text": "RT @matcommenta: Tropa do PA:Jade Picon,Bruna marquezine,Neymar Jr,Gabriel Medina,\u00cdtalo Ferreira,Pedro Scooby,Gaul\u00eas,Felipe Prior,Let\u00edcia B\u2026"}, {"created_at": "2022-04-23T03:38:06.000Z", "edit_history_tweet_ids": ["1517709371446374400"], "author_id": "1252285782057984000", "id": "1517709371446374400", "text": "RT @matcommenta: Tropa do PA:Jade Picon,Bruna marquezine,Neymar Jr,Gabriel Medina,\u00cdtalo Ferreira,Pedro Scooby,Gaul\u00eas,Felipe Prior,Let\u00edcia B\u2026"}, {"created_at": "2022-04-23T03:37:07.000Z", "edit_history_tweet_ids": ["1517709125379149824"], "author_id": "1449922867773194244", "id": "1517709125379149824", "text": "RT @matcommenta: Tropa do PA:Jade Picon,Bruna marquezine,Neymar Jr,Gabriel Medina,\u00cdtalo Ferreira,Pedro Scooby,Gaul\u00eas,Felipe Prior,Let\u00edcia B\u2026"}, {"created_at": "2022-04-23T03:36:54.000Z", "edit_history_tweet_ids": ["1517709070224044033"], "author_id": "1500300230696263682", "id": "1517709070224044033", "text": "RT @matcommenta: Tropa do PA:Jade Picon,Bruna marquezine,Neymar Jr,Gabriel Medina,\u00cdtalo Ferreira,Pedro Scooby,Gaul\u00eas,Felipe Prior,Let\u00edcia B\u2026"}, {"created_at": "2022-04-23T03:36:54.000Z", "edit_history_tweet_ids": ["1517709068873486342"], "author_id": "1435454464077541383", "id": "1517709068873486342", "text": "RT @matcommenta: Tropa do PA:Jade Picon,Bruna marquezine,Neymar Jr,Gabriel Medina,\u00cdtalo Ferreira,Pedro Scooby,Gaul\u00eas,Felipe Prior,Let\u00edcia B\u2026"}], "meta": {"newest_id": "1517758379690758147", "oldest_id": "1517709068873486342", "result_count": 99, "next_token": "b26v89c19zqg8o3fpytnz0ggzhe4uhooylxzaqyojtugt"}}