{"data": [{"id": "1009224040572219393", "text": "RT @luisrodriguezrm: #PasaronCosas\nRicardo Jaime\u274c\nDe Vido\u274c\nMilani\u274c\nMilagro Sala\u274c\nCarlos Kirchner(Primo del tuerto)\u274c\nCrist\u00f3bal L\u00f3pez\u274c\nL\u00e1zaro\u2026", "created_at": "2018-06-19T23:58:56.000Z", "author_id": "341744657", "edit_history_tweet_ids": ["1009224040572219393"]}, {"id": "1009223798409908226", "text": "RT @luisrodriguezrm: #PasaronCosas\nRicardo Jaime\u274c\nDe Vido\u274c\nMilani\u274c\nMilagro Sala\u274c\nCarlos Kirchner(Primo del tuerto)\u274c\nCrist\u00f3bal L\u00f3pez\u274c\nL\u00e1zaro\u2026", "created_at": "2018-06-19T23:57:58.000Z", "author_id": "318049019", "edit_history_tweet_ids": ["1009223798409908226"]}, {"id": "1009221663194517504", "text": "RT @Congreso_Es: #Galer\u00eda Alicia Piquer, Gema L\u00f3pez y Mohamed Chaib toman posesi\u00f3n de sus actas como diputados del @gpscongreso en sustituc\u2026", "created_at": "2018-06-19T23:49:29.000Z", "author_id": "274177544", "edit_history_tweet_ids": ["1009221663194517504"]}, {"id": "1009221196645306369", "text": "RT @luisrodriguezrm: #PasaronCosas\nRicardo Jaime\u274c\nDe Vido\u274c\nMilani\u274c\nMilagro Sala\u274c\nCarlos Kirchner(Primo del tuerto)\u274c\nCrist\u00f3bal L\u00f3pez\u274c\nL\u00e1zaro\u2026", "created_at": "2018-06-19T23:47:38.000Z", "author_id": "929071049760804866", "edit_history_tweet_ids": ["1009221196645306369"]}, {"id": "1009220532712157185", "text": "RT @luisrodriguezrm: #PasaronCosas\nRicardo Jaime\u274c\nDe Vido\u274c\nMilani\u274c\nMilagro Sala\u274c\nCarlos Kirchner(Primo del tuerto)\u274c\nCrist\u00f3bal L\u00f3pez\u274c\nL\u00e1zaro\u2026", "created_at": "2018-06-19T23:45:00.000Z", "author_id": "1431760152", "edit_history_tweet_ids": ["1009220532712157185"]}, {"id": "1009219595842957312", "text": "RT @mcallistermatt2: @DocShaner  was this the Jos\u00e9 Luis Garcia Lopez preliminary sketch you were talking about? My buddy grab it for me on\u2026", "created_at": "2018-06-19T23:41:16.000Z", "author_id": "288456236", "edit_history_tweet_ids": ["1009219595842957312"]}, {"id": "1009219210185240581", "text": "RT @luisrodriguezrm: #PasaronCosas\nRicardo Jaime\u274c\nDe Vido\u274c\nMilani\u274c\nMilagro Sala\u274c\nCarlos Kirchner(Primo del tuerto)\u274c\nCrist\u00f3bal L\u00f3pez\u274c\nL\u00e1zaro\u2026", "created_at": "2018-06-19T23:39:44.000Z", "author_id": "179824150", "edit_history_tweet_ids": ["1009219210185240581"]}, {"id": "1009219210172600325", "text": "RT @luisrodriguezrm: #PasaronCosas\nRicardo Jaime\u274c\nDe Vido\u274c\nMilani\u274c\nMilagro Sala\u274c\nCarlos Kirchner(Primo del tuerto)\u274c\nCrist\u00f3bal L\u00f3pez\u274c\nL\u00e1zaro\u2026", "created_at": "2018-06-19T23:39:44.000Z", "author_id": "770731754504220672", "edit_history_tweet_ids": ["1009219210172600325"]}, {"id": "1009217863364874240", "text": "RT @luisrodriguezrm: #PasaronCosas\nRicardo Jaime\u274c\nDe Vido\u274c\nMilani\u274c\nMilagro Sala\u274c\nCarlos Kirchner(Primo del tuerto)\u274c\nCrist\u00f3bal L\u00f3pez\u274c\nL\u00e1zaro\u2026", "created_at": "2018-06-19T23:34:23.000Z", "author_id": "3401408711", "edit_history_tweet_ids": ["1009217863364874240"]}, {"id": "1009216319475068929", "text": "RT @luisrodriguezrm: #PasaronCosas\nRicardo Jaime\u274c\nDe Vido\u274c\nMilani\u274c\nMilagro Sala\u274c\nCarlos Kirchner(Primo del tuerto)\u274c\nCrist\u00f3bal L\u00f3pez\u274c\nL\u00e1zaro\u2026", "created_at": "2018-06-19T23:28:15.000Z", "author_id": "942113009173975040", "edit_history_tweet_ids": ["1009216319475068929"]}, {"id": "1009214901095723016", "text": "Retweeted Jos\u00e9 Luis L\u00f3pez F. (@fornerinojl):\n\n#MirandoAlFuturo | Una gran noticia para los mirandinos y mirandinas, gracias al presidente @NicolasMaduro y a nuestro gobernador @HectoRodriguez qued\u00f3 inaugurado... https://t.co/1AB28nPFU3", "created_at": "2018-06-19T23:22:37.000Z", "author_id": "138450321", "edit_history_tweet_ids": ["1009214901095723016"]}, {"id": "1009213336762761218", "text": "RT @laguiapambolera: HOY: #WorldCup @TeamRussia @Pharaohs por @tdmas_cr con @PabloSeguraS @claudiociccia y Jos\u00e9 Luis L\u00f3pez (11:50hrs) https\u2026", "created_at": "2018-06-19T23:16:24.000Z", "author_id": "2678858570", "edit_history_tweet_ids": ["1009213336762761218"]}, {"id": "1009210766577360897", "text": "RT @mcallistermatt2: @DocShaner  was this the Jos\u00e9 Luis Garcia Lopez preliminary sketch you were talking about? My buddy grab it for me on\u2026", "created_at": "2018-06-19T23:06:11.000Z", "author_id": "1398090512", "edit_history_tweet_ids": ["1009210766577360897"]}, {"id": "1009209657607491584", "text": "RT @luisrodriguezrm: #PasaronCosas\nRicardo Jaime\u274c\nDe Vido\u274c\nMilani\u274c\nMilagro Sala\u274c\nCarlos Kirchner(Primo del tuerto)\u274c\nCrist\u00f3bal L\u00f3pez\u274c\nL\u00e1zaro\u2026", "created_at": "2018-06-19T23:01:47.000Z", "author_id": "848206863745286144", "edit_history_tweet_ids": ["1009209657607491584"]}, {"id": "1009209265939271680", "text": "Jos\u00e9 Luis L\u00f3pez  Corella 2014-12-17 #CDMX  Inf fb Jade Lopez https://t.co/fS0iVzq8K8", "created_at": "2018-06-19T23:00:13.000Z", "author_id": "2194140621", "edit_history_tweet_ids": ["1009209265939271680"]}, {"id": "1009208189794029568", "text": "Jose Luis Cordero Lopez amigo Pocholo como ves?? Con tan solo 2 a\u00f1os de edad !  Ya te vi eh ?? AbrazoBeso \ud83c\udfbc\n#YeAASoloBlues https://t.co/R3ZRPoM7W2", "created_at": "2018-06-19T22:55:57.000Z", "author_id": "109051271", "edit_history_tweet_ids": ["1009208189794029568"]}, {"id": "1009206398226485248", "text": "Retweeted Jos\u00e9 Luis L\u00f3pez F. (@fornerinojl):\n\n#MirandoAlFuturo | El presidente de la Rep\u00fablica @NicolasMaduro junto al gobernador @HectoRodriguez activan el nuevo sistema de transporte #TransMiranda, desde el Parque Sim\u00f3n Bol\u00edvar. #VenezuelaDignaYSoberana https://t.co/WM7DuVQISm", "created_at": "2018-06-19T22:48:50.000Z", "author_id": "138450321", "edit_history_tweet_ids": ["1009206398226485248"]}, {"id": "1009204278500700160", "text": "RT @luisrodriguezrm: #PasaronCosas\nRicardo Jaime\u274c\nDe Vido\u274c\nMilani\u274c\nMilagro Sala\u274c\nCarlos Kirchner(Primo del tuerto)\u274c\nCrist\u00f3bal L\u00f3pez\u274c\nL\u00e1zaro\u2026", "created_at": "2018-06-19T22:40:24.000Z", "author_id": "629539681", "edit_history_tweet_ids": ["1009204278500700160"]}, {"id": "1009203726702215168", "text": "RT @luisrodriguezrm: #PasaronCosas\nRicardo Jaime\u274c\nDe Vido\u274c\nMilani\u274c\nMilagro Sala\u274c\nCarlos Kirchner(Primo del tuerto)\u274c\nCrist\u00f3bal L\u00f3pez\u274c\nL\u00e1zaro\u2026", "created_at": "2018-06-19T22:38:13.000Z", "author_id": "94889871", "edit_history_tweet_ids": ["1009203726702215168"]}, {"id": "1009200497679568897", "text": "RT @luisrodriguezrm: #PasaronCosas\nRicardo Jaime\u274c\nDe Vido\u274c\nMilani\u274c\nMilagro Sala\u274c\nCarlos Kirchner(Primo del tuerto)\u274c\nCrist\u00f3bal L\u00f3pez\u274c\nL\u00e1zaro\u2026", "created_at": "2018-06-19T22:25:23.000Z", "author_id": "993733866", "edit_history_tweet_ids": ["1009200497679568897"]}, {"id": "1009200132984852483", "text": "RT @ronsalas: Great things about Heroescon: looking through a Jack Kirby Fantastic Four Artist Edition and Jose Luis Garcia-Lopez coming up\u2026", "created_at": "2018-06-19T22:23:56.000Z", "author_id": "196553866", "edit_history_tweet_ids": ["1009200132984852483"]}, {"id": "1009198108557873153", "text": "RT @luisrodriguezrm: #PasaronCosas\nRicardo Jaime\u274c\nDe Vido\u274c\nMilani\u274c\nMilagro Sala\u274c\nCarlos Kirchner(Primo del tuerto)\u274c\nCrist\u00f3bal L\u00f3pez\u274c\nL\u00e1zaro\u2026", "created_at": "2018-06-19T22:15:53.000Z", "author_id": "4182129735", "edit_history_tweet_ids": ["1009198108557873153"]}, {"id": "1009196624013348864", "text": "Recibimos a Jos\u00e9 Lu\u00eds L\u00f3pez, del Proyecto Uni\u00f3n @AUCATARROJA, que nos explica su proyecto futbol\u00edstico-inclusivo.", "created_at": "2018-06-19T22:09:59.000Z", "author_id": "1425365251", "edit_history_tweet_ids": ["1009196624013348864"]}, {"id": "1009194292533972995", "text": "RT @luisrodriguezrm: #PasaronCosas\nRicardo Jaime\u274c\nDe Vido\u274c\nMilani\u274c\nMilagro Sala\u274c\nCarlos Kirchner(Primo del tuerto)\u274c\nCrist\u00f3bal L\u00f3pez\u274c\nL\u00e1zaro\u2026", "created_at": "2018-06-19T22:00:43.000Z", "author_id": "723478814", "edit_history_tweet_ids": ["1009194292533972995"]}, {"id": "1009192120643670022", "text": "@DocShaner  was this the Jos\u00e9 Luis Garcia Lopez preliminary sketch you were talking about? My buddy grab it for me on the Friday of heroes. https://t.co/5UFqspYMim", "created_at": "2018-06-19T21:52:06.000Z", "author_id": "422757468", "edit_history_tweet_ids": ["1009192120643670022"]}, {"id": "1009191133426176004", "text": "Patricia Garc\u00eda-Cabo, Fernando Rivas, Fernando L\u00f3pez, Andr\u00e9s Coca, Jos\u00e9 Luis Llorente, Justo R. G\u00f3mez @HUCA_Asturias https://t.co/R016azFL2M", "created_at": "2018-06-19T21:48:10.000Z", "author_id": "255604116", "edit_history_tweet_ids": ["1009191133426176004"]}, {"id": "1009190354636230656", "text": "RT @luisrodriguezrm: #PasaronCosas\nRicardo Jaime\u274c\nDe Vido\u274c\nMilani\u274c\nMilagro Sala\u274c\nCarlos Kirchner(Primo del tuerto)\u274c\nCrist\u00f3bal L\u00f3pez\u274c\nL\u00e1zaro\u2026", "created_at": "2018-06-19T21:45:05.000Z", "author_id": "144517140", "edit_history_tweet_ids": ["1009190354636230656"]}, {"id": "1009189645891063810", "text": "RT @luisrodriguezrm: #PasaronCosas\nRicardo Jaime\u274c\nDe Vido\u274c\nMilani\u274c\nMilagro Sala\u274c\nCarlos Kirchner(Primo del tuerto)\u274c\nCrist\u00f3bal L\u00f3pez\u274c\nL\u00e1zaro\u2026", "created_at": "2018-06-19T21:42:16.000Z", "author_id": "846517759", "edit_history_tweet_ids": ["1009189645891063810"]}, {"id": "1009189598701015041", "text": "RT @luisrodriguezrm: #PasaronCosas\nRicardo Jaime\u274c\nDe Vido\u274c\nMilani\u274c\nMilagro Sala\u274c\nCarlos Kirchner(Primo del tuerto)\u274c\nCrist\u00f3bal L\u00f3pez\u274c\nL\u00e1zaro\u2026", "created_at": "2018-06-19T21:42:04.000Z", "author_id": "146952802", "edit_history_tweet_ids": ["1009189598701015041"]}, {"id": "1009188886562500608", "text": "I have to mention that the artwork was from Jose Luis Garcia Lopez, and it was truly gorgeous and magnificent. Simply majestic.", "created_at": "2018-06-19T21:39:15.000Z", "author_id": "73869074", "edit_history_tweet_ids": ["1009188886562500608"]}, {"id": "1009188206556975111", "text": "Este lunes el peri\u00f3dico el Jornal realiz\u00f3 una entrevista al dirigente estatal de la UNTA JOS\u00c9 Luis  L\u00f3pez  Cepeda quien se\u00f1al\u00f3 que la UNTA seguir\u00e1 siendo una chingo.. pues se enfocan a apoyar a toda la gente durante todo el a\u00f1o\n\nVideo cortes\u00eda... https://t.co/Oq13pn1bl8", "created_at": "2018-06-19T21:36:32.000Z", "author_id": "1210999237", "edit_history_tweet_ids": ["1009188206556975111"]}, {"id": "1009186606346113024", "text": "RT @luisrodriguezrm: #PasaronCosas\nRicardo Jaime\u274c\nDe Vido\u274c\nMilani\u274c\nMilagro Sala\u274c\nCarlos Kirchner(Primo del tuerto)\u274c\nCrist\u00f3bal L\u00f3pez\u274c\nL\u00e1zaro\u2026", "created_at": "2018-06-19T21:30:11.000Z", "author_id": "1537934923", "edit_history_tweet_ids": ["1009186606346113024"]}, {"id": "1009186155529756674", "text": "Jose Luis Garc\u00eda Lopez killing it.\n\nCinder and\u2026 https://t.co/cC7smH7P2o", "created_at": "2018-06-19T21:28:23.000Z", "author_id": "227171507", "edit_history_tweet_ids": ["1009186155529756674"]}, {"id": "1009182996518326273", "text": "RT @luisrodriguezrm: #PasaronCosas\nRicardo Jaime\u274c\nDe Vido\u274c\nMilani\u274c\nMilagro Sala\u274c\nCarlos Kirchner(Primo del tuerto)\u274c\nCrist\u00f3bal L\u00f3pez\u274c\nL\u00e1zaro\u2026", "created_at": "2018-06-19T21:15:50.000Z", "author_id": "1068415663", "edit_history_tweet_ids": ["1009182996518326273"]}, {"id": "1009176602859704321", "text": "RT @luisrodriguezrm: #PasaronCosas\nRicardo Jaime\u274c\nDe Vido\u274c\nMilani\u274c\nMilagro Sala\u274c\nCarlos Kirchner(Primo del tuerto)\u274c\nCrist\u00f3bal L\u00f3pez\u274c\nL\u00e1zaro\u2026", "created_at": "2018-06-19T20:50:26.000Z", "author_id": "885864624356286466", "edit_history_tweet_ids": ["1009176602859704321"]}, {"id": "1009173114901671936", "text": "RT @mejoraep: El IES Jos\u00e9 Luis L\u00f3pez Aranguren de Fuenlabrada, galardonado en los Premios #cONvive de  la Comunidad de Madrid por su proyec\u2026", "created_at": "2018-06-19T20:36:34.000Z", "author_id": "2427092370", "edit_history_tweet_ids": ["1009173114901671936"]}, {"id": "1009170451296411648", "text": "Daily Jose Luis Garcia-Lopez art: https://t.co/lSPslbpf3S", "created_at": "2018-06-19T20:25:59.000Z", "author_id": "873341698964836352", "edit_history_tweet_ids": ["1009170451296411648"]}, {"id": "1009167852514041856", "text": "RT @luisrodriguezrm: #PasaronCosas\nRicardo Jaime\u274c\nDe Vido\u274c\nMilani\u274c\nMilagro Sala\u274c\nCarlos Kirchner(Primo del tuerto)\u274c\nCrist\u00f3bal L\u00f3pez\u274c\nL\u00e1zaro\u2026", "created_at": "2018-06-19T20:15:40.000Z", "author_id": "145381842", "edit_history_tweet_ids": ["1009167852514041856"]}, {"id": "1009157563307479040", "text": "RT @Congreso_Es: #Galer\u00eda Alicia Piquer, Gema L\u00f3pez y Mohamed Chaib toman posesi\u00f3n de sus actas como diputados del @gpscongreso en sustituc\u2026", "created_at": "2018-06-19T19:34:46.000Z", "author_id": "2651409288", "edit_history_tweet_ids": ["1009157563307479040"]}, {"id": "1009153823145897986", "text": "RT @Congreso_Es: #Galer\u00eda Alicia Piquer, Gema L\u00f3pez y Mohamed Chaib toman posesi\u00f3n de sus actas como diputados del @gpscongreso en sustituc\u2026", "created_at": "2018-06-19T19:19:55.000Z", "author_id": "559918699", "edit_history_tweet_ids": ["1009153823145897986"]}, {"id": "1009153026370752513", "text": "RT @luisrodriguezrm: #PasaronCosas\nRicardo Jaime\u274c\nDe Vido\u274c\nMilani\u274c\nMilagro Sala\u274c\nCarlos Kirchner(Primo del tuerto)\u274c\nCrist\u00f3bal L\u00f3pez\u274c\nL\u00e1zaro\u2026", "created_at": "2018-06-19T19:16:45.000Z", "author_id": "496425737", "edit_history_tweet_ids": ["1009153026370752513"]}, {"id": "1009151327329497088", "text": "RT @luisrodriguezrm: #PasaronCosas\nRicardo Jaime\u274c\nDe Vido\u274c\nMilani\u274c\nMilagro Sala\u274c\nCarlos Kirchner(Primo del tuerto)\u274c\nCrist\u00f3bal L\u00f3pez\u274c\nL\u00e1zaro\u2026", "created_at": "2018-06-19T19:10:00.000Z", "author_id": "799817287138234369", "edit_history_tweet_ids": ["1009151327329497088"]}, {"id": "1009148769697452032", "text": "RT @luisrodriguezrm: #PasaronCosas\nRicardo Jaime\u274c\nDe Vido\u274c\nMilani\u274c\nMilagro Sala\u274c\nCarlos Kirchner(Primo del tuerto)\u274c\nCrist\u00f3bal L\u00f3pez\u274c\nL\u00e1zaro\u2026", "created_at": "2018-06-19T18:59:50.000Z", "author_id": "2812413150", "edit_history_tweet_ids": ["1009148769697452032"]}, {"id": "1009140867574231040", "text": "RT @Congreso_Es: #Galer\u00eda Alicia Piquer, Gema L\u00f3pez y Mohamed Chaib toman posesi\u00f3n de sus actas como diputados del @gpscongreso en sustituc\u2026", "created_at": "2018-06-19T18:28:26.000Z", "author_id": "166195201", "edit_history_tweet_ids": ["1009140867574231040"]}, {"id": "1009136144410464256", "text": "RT @luisrodriguezrm: #PasaronCosas\nRicardo Jaime\u274c\nDe Vido\u274c\nMilani\u274c\nMilagro Sala\u274c\nCarlos Kirchner(Primo del tuerto)\u274c\nCrist\u00f3bal L\u00f3pez\u274c\nL\u00e1zaro\u2026", "created_at": "2018-06-19T18:09:40.000Z", "author_id": "931895899017699329", "edit_history_tweet_ids": ["1009136144410464256"]}, {"id": "1009132090951110657", "text": "RT @luisrodriguezrm: #PasaronCosas\nRicardo Jaime\u274c\nDe Vido\u274c\nMilani\u274c\nMilagro Sala\u274c\nCarlos Kirchner(Primo del tuerto)\u274c\nCrist\u00f3bal L\u00f3pez\u274c\nL\u00e1zaro\u2026", "created_at": "2018-06-19T17:53:33.000Z", "author_id": "4218616659", "edit_history_tweet_ids": ["1009132090951110657"]}, {"id": "1009131831214604288", "text": "RT @Congreso_Es: #Galer\u00eda Alicia Piquer, Gema L\u00f3pez y Mohamed Chaib toman posesi\u00f3n de sus actas como diputados del @gpscongreso en sustituc\u2026", "created_at": "2018-06-19T17:52:31.000Z", "author_id": "253160026", "edit_history_tweet_ids": ["1009131831214604288"]}, {"id": "1009130971617202177", "text": "Great things about Heroescon: looking through a Jack Kirby Fantastic Four Artist Edition and Jose Luis Garcia-Lopez coming up behind me asking \"Can I look through that with you?\"", "created_at": "2018-06-19T17:49:07.000Z", "author_id": "7373292", "edit_history_tweet_ids": ["1009130971617202177"]}, {"id": "1009128520860295169", "text": "RT @luisrodriguezrm: #PasaronCosas\nRicardo Jaime\u274c\nDe Vido\u274c\nMilani\u274c\nMilagro Sala\u274c\nCarlos Kirchner(Primo del tuerto)\u274c\nCrist\u00f3bal L\u00f3pez\u274c\nL\u00e1zaro\u2026", "created_at": "2018-06-19T17:39:22.000Z", "author_id": "833485103703715840", "edit_history_tweet_ids": ["1009128520860295169"]}, {"id": "1009128449796116481", "text": "RT @luisrodriguezrm: #PasaronCosas\nRicardo Jaime\u274c\nDe Vido\u274c\nMilani\u274c\nMilagro Sala\u274c\nCarlos Kirchner(Primo del tuerto)\u274c\nCrist\u00f3bal L\u00f3pez\u274c\nL\u00e1zaro\u2026", "created_at": "2018-06-19T17:39:05.000Z", "author_id": "171269642", "edit_history_tweet_ids": ["1009128449796116481"]}, {"id": "1009123025650843650", "text": "RT @laguiapambolera: HOY: #WorldCup @TeamRussia @Pharaohs por @tdmas_cr con @PabloSeguraS @claudiociccia y Jos\u00e9 Luis L\u00f3pez (11:50hrs) https\u2026", "created_at": "2018-06-19T17:17:32.000Z", "author_id": "356370889", "edit_history_tweet_ids": ["1009123025650843650"]}, {"id": "1009122656287936512", "text": "RT @Congreso_Es: #Galer\u00eda Alicia Piquer, Gema L\u00f3pez y Mohamed Chaib toman posesi\u00f3n de sus actas como diputados del @gpscongreso en sustituc\u2026", "created_at": "2018-06-19T17:16:04.000Z", "author_id": "1350257694", "edit_history_tweet_ids": ["1009122656287936512"]}, {"id": "1009122150966595584", "text": "Yo conozco al de la tuba, Jose Luis Lopez Barboza soy tu fan!!! no me olvides ahora que eres famoso!!!! Suenan bien ching\u00f3n carnal! https://t.co/RcXnYkVW8X", "created_at": "2018-06-19T17:14:04.000Z", "author_id": "77592362", "edit_history_tweet_ids": ["1009122150966595584"]}, {"id": "1009121847965880320", "text": "RT @Congreso_Es: #Galer\u00eda Alicia Piquer, Gema L\u00f3pez y Mohamed Chaib toman posesi\u00f3n de sus actas como diputados del @gpscongreso en sustituc\u2026", "created_at": "2018-06-19T17:12:51.000Z", "author_id": "2411442049", "edit_history_tweet_ids": ["1009121847965880320"]}, {"id": "1009116500035358720", "text": "RT @Congreso_Es: #Galer\u00eda Alicia Piquer, Gema L\u00f3pez y Mohamed Chaib toman posesi\u00f3n de sus actas como diputados del @gpscongreso en sustituc\u2026", "created_at": "2018-06-19T16:51:36.000Z", "author_id": "140489297", "edit_history_tweet_ids": ["1009116500035358720"]}, {"id": "1009113311277961216", "text": "RT @luisrodriguezrm: #PasaronCosas\nRicardo Jaime\u274c\nDe Vido\u274c\nMilani\u274c\nMilagro Sala\u274c\nCarlos Kirchner(Primo del tuerto)\u274c\nCrist\u00f3bal L\u00f3pez\u274c\nL\u00e1zaro\u2026", "created_at": "2018-06-19T16:38:56.000Z", "author_id": "964472868502409218", "edit_history_tweet_ids": ["1009113311277961216"]}, {"id": "1009111603659321344", "text": "RT @Congreso_Es: #Galer\u00eda Alicia Piquer, Gema L\u00f3pez y Mohamed Chaib toman posesi\u00f3n de sus actas como diputados del @gpscongreso en sustituc\u2026", "created_at": "2018-06-19T16:32:09.000Z", "author_id": "345639946", "edit_history_tweet_ids": ["1009111603659321344"]}, {"id": "1009110741927038976", "text": "RT @luisrodriguezrm: #PasaronCosas\nRicardo Jaime\u274c\nDe Vido\u274c\nMilani\u274c\nMilagro Sala\u274c\nCarlos Kirchner(Primo del tuerto)\u274c\nCrist\u00f3bal L\u00f3pez\u274c\nL\u00e1zaro\u2026", "created_at": "2018-06-19T16:28:43.000Z", "author_id": "917134601709146112", "edit_history_tweet_ids": ["1009110741927038976"]}, {"id": "1009100557376720897", "text": "RT @luisrodriguezrm: #PasaronCosas\nRicardo Jaime\u274c\nDe Vido\u274c\nMilani\u274c\nMilagro Sala\u274c\nCarlos Kirchner(Primo del tuerto)\u274c\nCrist\u00f3bal L\u00f3pez\u274c\nL\u00e1zaro\u2026", "created_at": "2018-06-19T15:48:15.000Z", "author_id": "3314018110", "edit_history_tweet_ids": ["1009100557376720897"]}, {"id": "1009099504073797632", "text": "RT @Congreso_Es: #Galer\u00eda Alicia Piquer, Gema L\u00f3pez y Mohamed Chaib toman posesi\u00f3n de sus actas como diputados del @gpscongreso en sustituc\u2026", "created_at": "2018-06-19T15:44:04.000Z", "author_id": "1345005890", "edit_history_tweet_ids": ["1009099504073797632"]}, {"id": "1009095978572533760", "text": "RT @Encuestaspe: Encuesta Ventanilla, IDICE \u2013 18 Junio 2018\n1.- @pedrospadaro 52%\n2.- Luis Becerra 10%\n3.- Angelica Rios 8%\n4.- @FolchRober\u2026", "created_at": "2018-06-19T15:30:04.000Z", "author_id": "3319231271", "edit_history_tweet_ids": ["1009095978572533760"]}, {"id": "1009094786257772544", "text": "RT @Congreso_Es: #Galer\u00eda Alicia Piquer, Gema L\u00f3pez y Mohamed Chaib toman posesi\u00f3n de sus actas como diputados del @gpscongreso en sustituc\u2026", "created_at": "2018-06-19T15:25:19.000Z", "author_id": "59842693", "edit_history_tweet_ids": ["1009094786257772544"]}, {"id": "1009092918546706432", "text": "RT @luisrodriguezrm: #PasaronCosas\nRicardo Jaime\u274c\nDe Vido\u274c\nMilani\u274c\nMilagro Sala\u274c\nCarlos Kirchner(Primo del tuerto)\u274c\nCrist\u00f3bal L\u00f3pez\u274c\nL\u00e1zaro\u2026", "created_at": "2018-06-19T15:17:54.000Z", "author_id": "189243287", "edit_history_tweet_ids": ["1009092918546706432"]}, {"id": "1009092058299228160", "text": "RT @luisrodriguezrm: #PasaronCosas\nRicardo Jaime\u274c\nDe Vido\u274c\nMilani\u274c\nMilagro Sala\u274c\nCarlos Kirchner(Primo del tuerto)\u274c\nCrist\u00f3bal L\u00f3pez\u274c\nL\u00e1zaro\u2026", "created_at": "2018-06-19T15:14:29.000Z", "author_id": "969440263658786817", "edit_history_tweet_ids": ["1009092058299228160"]}, {"id": "1009089626638835712", "text": "RT @mejoraep: El IES Jos\u00e9 Luis L\u00f3pez Aranguren de Fuenlabrada, galardonado en los Premios #cONvive de  la Comunidad de Madrid por su proyec\u2026", "created_at": "2018-06-19T15:04:49.000Z", "author_id": "212693213", "edit_history_tweet_ids": ["1009089626638835712"]}, {"id": "1009089536851406848", "text": "RT @Congreso_Es: #Galer\u00eda Alicia Piquer, Gema L\u00f3pez y Mohamed Chaib toman posesi\u00f3n de sus actas como diputados del @gpscongreso en sustituc\u2026", "created_at": "2018-06-19T15:04:28.000Z", "author_id": "318575136", "edit_history_tweet_ids": ["1009089536851406848"]}, {"id": "1009089171930140672", "text": "#Galer\u00eda Alicia Piquer, Gema L\u00f3pez y Mohamed Chaib toman posesi\u00f3n de sus actas como diputados del @gpscongreso en sustituci\u00f3n de Jos\u00e9 Luis \u00c1balos, Margarita Robles y Meritxell Batet, respectivamente. \n\ud83d\udcf8https://t.co/kSbQD3hxYX \n\ud83d\udcf8https://t.co/eFuhGlcihB \n\ud83d\udcf8https://t.co/h9ltbTKgFR https://t.co/AbZSjq3DSh", "created_at": "2018-06-19T15:03:01.000Z", "author_id": "44091448", "edit_history_tweet_ids": ["1009089171930140672"]}, {"id": "1009087360674525184", "text": "RT @luisrodriguezrm: #PasaronCosas\nRicardo Jaime\u274c\nDe Vido\u274c\nMilani\u274c\nMilagro Sala\u274c\nCarlos Kirchner(Primo del tuerto)\u274c\nCrist\u00f3bal L\u00f3pez\u274c\nL\u00e1zaro\u2026", "created_at": "2018-06-19T14:55:49.000Z", "author_id": "289672379", "edit_history_tweet_ids": ["1009087360674525184"]}, {"id": "1009085406757965824", "text": "@WinSportsTV @dperezdeportes Carlos Antonio V\u00e9lez, Eduardo Luis L\u00f3pez y Jorge Berm\u00fadez el pel\u00f3n, deben estar frot\u00e1ndose las manos porque la selecci\u00f3n perdi\u00f3 y, as\u00ed pueden despacharse contra Jos\u00e9 P\u00e9kerman, arrogarse la raz\u00f3n, la inteligencia y capacidad de ganarle a Jap\u00f3n seg\u00fan su veneno y odio al Argentino.", "created_at": "2018-06-19T14:48:03.000Z", "author_id": "53558873", "edit_history_tweet_ids": ["1009085406757965824"]}, {"id": "1009084597295083522", "text": "Carlos Antonio V\u00e9lez, Eduardo Luis L\u00f3pez y Jorge Berm\u00fadez el pel\u00f3n, deben estar frot\u00e1ndose las manos porque la selecci\u00f3n perdi\u00f3 y, as\u00ed pueden despacharse contra Jos\u00e9 P\u00e9kerman, arrogarse la raz\u00f3n, la inteligencia y capacidad de ganarle a Jap\u00f3n seg\u00fan su veneno y odio al Argentino.", "created_at": "2018-06-19T14:44:50.000Z", "author_id": "53558873", "edit_history_tweet_ids": ["1009084597295083522"]}, {"id": "1009083443823693824", "text": "RT @luisrodriguezrm: #PasaronCosas\nRicardo Jaime\u274c\nDe Vido\u274c\nMilani\u274c\nMilagro Sala\u274c\nCarlos Kirchner(Primo del tuerto)\u274c\nCrist\u00f3bal L\u00f3pez\u274c\nL\u00e1zaro\u2026", "created_at": "2018-06-19T14:40:15.000Z", "author_id": "173283523", "edit_history_tweet_ids": ["1009083443823693824"]}, {"id": "1009081552544903169", "text": "RT @luisrodriguezrm: #PasaronCosas\nRicardo Jaime\u274c\nDe Vido\u274c\nMilani\u274c\nMilagro Sala\u274c\nCarlos Kirchner(Primo del tuerto)\u274c\nCrist\u00f3bal L\u00f3pez\u274c\nL\u00e1zaro\u2026", "created_at": "2018-06-19T14:32:44.000Z", "author_id": "2669003057", "edit_history_tweet_ids": ["1009081552544903169"]}, {"id": "1009081464263184385", "text": "RT @luisrodriguezrm: #PasaronCosas\nRicardo Jaime\u274c\nDe Vido\u274c\nMilani\u274c\nMilagro Sala\u274c\nCarlos Kirchner(Primo del tuerto)\u274c\nCrist\u00f3bal L\u00f3pez\u274c\nL\u00e1zaro\u2026", "created_at": "2018-06-19T14:32:23.000Z", "author_id": "366879489", "edit_history_tweet_ids": ["1009081464263184385"]}, {"id": "1009081403760406529", "text": "RT @luisrodriguezrm: #PasaronCosas\nRicardo Jaime\u274c\nDe Vido\u274c\nMilani\u274c\nMilagro Sala\u274c\nCarlos Kirchner(Primo del tuerto)\u274c\nCrist\u00f3bal L\u00f3pez\u274c\nL\u00e1zaro\u2026", "created_at": "2018-06-19T14:32:09.000Z", "author_id": "78408615", "edit_history_tweet_ids": ["1009081403760406529"]}, {"id": "1009080291057651713", "text": "RT @luisrodriguezrm: #PasaronCosas\nRicardo Jaime\u274c\nDe Vido\u274c\nMilani\u274c\nMilagro Sala\u274c\nCarlos Kirchner(Primo del tuerto)\u274c\nCrist\u00f3bal L\u00f3pez\u274c\nL\u00e1zaro\u2026", "created_at": "2018-06-19T14:27:43.000Z", "author_id": "752155280293650432", "edit_history_tweet_ids": ["1009080291057651713"]}, {"id": "1009079459734056960", "text": "RT @laguiapambolera: HOY: #WorldCup @TeamRussia @Pharaohs por @tdmas_cr con @PabloSeguraS @claudiociccia y Jos\u00e9 Luis L\u00f3pez (11:50hrs) https\u2026", "created_at": "2018-06-19T14:24:25.000Z", "author_id": "847251074658349056", "edit_history_tweet_ids": ["1009079459734056960"]}, {"id": "1009079414544625664", "text": "El IES Jos\u00e9 Luis L\u00f3pez Aranguren de Fuenlabrada, galardonado en los Premios #cONvive de  la Comunidad de Madrid por su proyecto contra la violencia de g\u00e9nero, hoy en nuestra p\u00e1gina web... \u00a1Enhorabuena por tan buen trabajo!\nhttps://t.co/B1d7eBrVLt", "created_at": "2018-06-19T14:24:14.000Z", "author_id": "2427092370", "edit_history_tweet_ids": ["1009079414544625664"]}, {"id": "1009078894870200320", "text": "RT @lalo_oliver: @DanielaAcosta79 @Rajubb @lopezobrador_ @JoseAMeadeK @NuevaAlianza Muy bi\u00e9n, excelente!! Entre el mundial, las pr\u00f3ximas el\u2026", "created_at": "2018-06-19T14:22:10.000Z", "author_id": "102296256", "edit_history_tweet_ids": ["1009078894870200320"]}, {"id": "1009074160155279360", "text": "RT @Trafico_ZMG: RT @david_gtravel  Choque por alcance sobre lateral de L\u00f3pez Mateos y Jos\u00e9 Ma Vigil sentido s-n y luz apagada en t\u00fanel de\u2026", "created_at": "2018-06-19T14:03:22.000Z", "author_id": "910513341696589824", "edit_history_tweet_ids": ["1009074160155279360"]}, {"id": "1009072559025946624", "text": "En 1989 ETA asesin\u00f3 en Alcal\u00e1 de Henares a los Polic\u00edas Nacionales Jos\u00e9 Montes Gila y Juan Antonio Garc\u00eda Andr\u00e9s, e hiri\u00f3 a otros dos en un atentado en dos fases. Previamente, hab\u00edan ametrallado al funcionario de prisiones Jos\u00e9 Luis L\u00f3pez Montenegro.\nhttps://t.co/UUy7unoJPQ", "created_at": "2018-06-19T13:57:00.000Z", "author_id": "775729705", "edit_history_tweet_ids": ["1009072559025946624"]}, {"id": "1009070419150811138", "text": "RT @david_gtravel  Choque por alcance sobre lateral de L\u00f3pez Mateos y Jos\u00e9 Ma Vigil sentido s-n y luz apagada en t\u00fanel de salida a Plan de San Luis mismo sentido viniendo de L\u00f3pez Mateos", "created_at": "2018-06-19T13:48:30.000Z", "author_id": "263809798", "edit_history_tweet_ids": ["1009070419150811138"]}, {"id": "1009070160555233280", "text": "RT @luisrodriguezrm: #PasaronCosas\nRicardo Jaime\u274c\nDe Vido\u274c\nMilani\u274c\nMilagro Sala\u274c\nCarlos Kirchner(Primo del tuerto)\u274c\nCrist\u00f3bal L\u00f3pez\u274c\nL\u00e1zaro\u2026", "created_at": "2018-06-19T13:47:28.000Z", "author_id": "4925761377", "edit_history_tweet_ids": ["1009070160555233280"]}, {"id": "1009069041875501056", "text": "Choque por alcance sobre lateral de L\u00f3pez Mateos y Jos\u00e9 Ma Vigil sentido s-n y luz apagada en t\u00fanel de salida a Plan de San Luis mismo sentido viniendo de L\u00f3pez Mateos @NotisistemaVIAL @MovilidadJal @zona3noticias @Trafico_ZMG", "created_at": "2018-06-19T13:43:01.000Z", "author_id": "895982029", "edit_history_tweet_ids": ["1009069041875501056"]}, {"id": "1009061998640984064", "text": "RT @luisrodriguezrm: #PasaronCosas\nRicardo Jaime\u274c\nDe Vido\u274c\nMilani\u274c\nMilagro Sala\u274c\nCarlos Kirchner(Primo del tuerto)\u274c\nCrist\u00f3bal L\u00f3pez\u274c\nL\u00e1zaro\u2026", "created_at": "2018-06-19T13:15:02.000Z", "author_id": "840630086", "edit_history_tweet_ids": ["1009061998640984064"]}, {"id": "1009061812472598528", "text": "RT @luisrodriguezrm: #PasaronCosas\nRicardo Jaime\u274c\nDe Vido\u274c\nMilani\u274c\nMilagro Sala\u274c\nCarlos Kirchner(Primo del tuerto)\u274c\nCrist\u00f3bal L\u00f3pez\u274c\nL\u00e1zaro\u2026", "created_at": "2018-06-19T13:14:18.000Z", "author_id": "372496551", "edit_history_tweet_ids": ["1009061812472598528"]}, {"id": "1009061549598826496", "text": "RT @luisrodriguezrm: #PasaronCosas\nRicardo Jaime\u274c\nDe Vido\u274c\nMilani\u274c\nMilagro Sala\u274c\nCarlos Kirchner(Primo del tuerto)\u274c\nCrist\u00f3bal L\u00f3pez\u274c\nL\u00e1zaro\u2026", "created_at": "2018-06-19T13:13:15.000Z", "author_id": "367396547", "edit_history_tweet_ids": ["1009061549598826496"]}, {"id": "1009057072460259328", "text": "RT @luisrodriguezrm: #PasaronCosas\nRicardo Jaime\u274c\nDe Vido\u274c\nMilani\u274c\nMilagro Sala\u274c\nCarlos Kirchner(Primo del tuerto)\u274c\nCrist\u00f3bal L\u00f3pez\u274c\nL\u00e1zaro\u2026", "created_at": "2018-06-19T12:55:28.000Z", "author_id": "37082337", "edit_history_tweet_ids": ["1009057072460259328"]}, {"id": "1009055997464317952", "text": "@NConcostrina Analizando los dos apellidos, Adolfo Su\u00e1rez Gonz\u00e1lez y Felipe Gonz\u00e1lez M\u00e1rquez  tienen 3, mientras que Jos\u00e9 Mar\u00eda Aznar L\u00f3pez, Jos\u00e9 Luis Rodr\u00edguez Zapatero y Pedro S\u00e1nchez P\u00e9rez-Castej\u00f3n tienen 2. Leopoldo Calvo-Sotelo y Bustelo y Mariano Rajoy Brei los \u00fanicos que no la tienen!", "created_at": "2018-06-19T12:51:11.000Z", "author_id": "135109669", "edit_history_tweet_ids": ["1009055997464317952"]}, {"id": "1009055187477172230", "text": "RT @luisrodriguezrm: #PasaronCosas\nRicardo Jaime\u274c\nDe Vido\u274c\nMilani\u274c\nMilagro Sala\u274c\nCarlos Kirchner(Primo del tuerto)\u274c\nCrist\u00f3bal L\u00f3pez\u274c\nL\u00e1zaro\u2026", "created_at": "2018-06-19T12:47:58.000Z", "author_id": "1470719400", "edit_history_tweet_ids": ["1009055187477172230"]}, {"id": "1009051408530894848", "text": "RT @luisrodriguezrm: #PasaronCosas\nRicardo Jaime\u274c\nDe Vido\u274c\nMilani\u274c\nMilagro Sala\u274c\nCarlos Kirchner(Primo del tuerto)\u274c\nCrist\u00f3bal L\u00f3pez\u274c\nL\u00e1zaro\u2026", "created_at": "2018-06-19T12:32:57.000Z", "author_id": "1489502030", "edit_history_tweet_ids": ["1009051408530894848"]}, {"id": "1009050715178848257", "text": "RT @UECaldesOFICIAL: \ud83d\udd34 La Uni\u00f3 ha arribat a un acord amb els seg\u00fcents jugadors per la temporada 2018-2019:\n- Mario Coronado\n- Pau Xicr\u00e9s\n-\u2026", "created_at": "2018-06-19T12:30:12.000Z", "author_id": "257652029", "edit_history_tweet_ids": ["1009050715178848257"]}, {"id": "1009047249731641345", "text": "RT @luisrodriguezrm: #PasaronCosas\nRicardo Jaime\u274c\nDe Vido\u274c\nMilani\u274c\nMilagro Sala\u274c\nCarlos Kirchner(Primo del tuerto)\u274c\nCrist\u00f3bal L\u00f3pez\u274c\nL\u00e1zaro\u2026", "created_at": "2018-06-19T12:16:26.000Z", "author_id": "4104295994", "edit_history_tweet_ids": ["1009047249731641345"]}, {"id": "1009045185270026240", "text": "RT @luisrodriguezrm: #PasaronCosas\nRicardo Jaime\u274c\nDe Vido\u274c\nMilani\u274c\nMilagro Sala\u274c\nCarlos Kirchner(Primo del tuerto)\u274c\nCrist\u00f3bal L\u00f3pez\u274c\nL\u00e1zaro\u2026", "created_at": "2018-06-19T12:08:13.000Z", "author_id": "2703449812", "edit_history_tweet_ids": ["1009045185270026240"]}, {"id": "1009043309589868544", "text": "RT @luisrodriguezrm: #PasaronCosas\nRicardo Jaime\u274c\nDe Vido\u274c\nMilani\u274c\nMilagro Sala\u274c\nCarlos Kirchner(Primo del tuerto)\u274c\nCrist\u00f3bal L\u00f3pez\u274c\nL\u00e1zaro\u2026", "created_at": "2018-06-19T12:00:46.000Z", "author_id": "4104124697", "edit_history_tweet_ids": ["1009043309589868544"]}, {"id": "1009042113340870656", "text": "RT @luisrodriguezrm: #PasaronCosas\nRicardo Jaime\u274c\nDe Vido\u274c\nMilani\u274c\nMilagro Sala\u274c\nCarlos Kirchner(Primo del tuerto)\u274c\nCrist\u00f3bal L\u00f3pez\u274c\nL\u00e1zaro\u2026", "created_at": "2018-06-19T11:56:01.000Z", "author_id": "1110448772", "edit_history_tweet_ids": ["1009042113340870656"]}, {"id": "1009041674583068675", "text": "RT @luisrodriguezrm: #PasaronCosas\nRicardo Jaime\u274c\nDe Vido\u274c\nMilani\u274c\nMilagro Sala\u274c\nCarlos Kirchner(Primo del tuerto)\u274c\nCrist\u00f3bal L\u00f3pez\u274c\nL\u00e1zaro\u2026", "created_at": "2018-06-19T11:54:16.000Z", "author_id": "3035292429", "edit_history_tweet_ids": ["1009041674583068675"]}, {"id": "1009040564292071425", "text": "RT @luisrodriguezrm: #PasaronCosas\nRicardo Jaime\u274c\nDe Vido\u274c\nMilani\u274c\nMilagro Sala\u274c\nCarlos Kirchner(Primo del tuerto)\u274c\nCrist\u00f3bal L\u00f3pez\u274c\nL\u00e1zaro\u2026", "created_at": "2018-06-19T11:49:52.000Z", "author_id": "4217790381", "edit_history_tweet_ids": ["1009040564292071425"]}, {"id": "1009039147322003457", "text": "RT @luisrodriguezrm: #PasaronCosas\nRicardo Jaime\u274c\nDe Vido\u274c\nMilani\u274c\nMilagro Sala\u274c\nCarlos Kirchner(Primo del tuerto)\u274c\nCrist\u00f3bal L\u00f3pez\u274c\nL\u00e1zaro\u2026", "created_at": "2018-06-19T11:44:14.000Z", "author_id": "931697515400921090", "edit_history_tweet_ids": ["1009039147322003457"]}], "meta": {"newest_id": "1009224040572219393", "oldest_id": "1009039147322003457", "result_count": 98, "next_token": "b26v89c19zqg8o3fn0ape27w5spd1bw8twzre5yhqsxh9"}}