{"data": [{"id": "1007706034192953344", "edit_history_tweet_ids": ["1007706034192953344"], "author_id": "753290887896133636", "created_at": "2018-06-15T19:26:55.000Z", "text": "Al PP no le sienta bien la dimisi\u00f3n de Huerta https://t.co/pMcahVbNni v\u00eda @nuevatribuna"}, {"id": "1007700416346411008", "edit_history_tweet_ids": ["1007700416346411008"], "author_id": "390407996", "created_at": "2018-06-15T19:04:36.000Z", "text": "Al PP no le sienta bien la dimisi\u00f3n de Huerta https://t.co/pbJlhvDR3J v\u00eda @nuevatribuna"}, {"id": "1007697704938549249", "edit_history_tweet_ids": ["1007697704938549249"], "author_id": "2855666062", "created_at": "2018-06-15T18:53:49.000Z", "text": "RT @mariano9605: Al PP no le sienta bien la dimisi\u00f3n de Huerta https://t.co/PhHOV6TjYt v\u00eda @nuevatribuna  Quer\u00eda que Huerta se aferrara al\u2026"}, {"id": "1007696004609642498", "edit_history_tweet_ids": ["1007696004609642498"], "author_id": "1929708145", "created_at": "2018-06-15T18:47:04.000Z", "text": "RT @mariano9605: Al PP no le sienta bien la dimisi\u00f3n de Huerta https://t.co/PhHOV6TjYt v\u00eda @nuevatribuna  Quer\u00eda que Huerta se aferrara al\u2026"}, {"id": "1007694809140809733", "edit_history_tweet_ids": ["1007694809140809733"], "author_id": "526877384", "created_at": "2018-06-15T18:42:19.000Z", "text": "RT @packitorazo: Jos\u00e9 Luis L\u00f3pez Galv\u00e1n en \u201cMundos Imaginarios\u201d @GaleriaOR a partir del 19 de junio https://t.co/vGT7YYg5Y9"}, {"id": "1007694678551158784", "edit_history_tweet_ids": ["1007694678551158784"], "author_id": "805708723616448512", "created_at": "2018-06-15T18:41:48.000Z", "text": "RT @ComicsintheGA: An errand after work unexpectedly took me by a comic store and I found these in a dollar box. Not sure how I never got t\u2026"}, {"id": "1007687935360225280", "edit_history_tweet_ids": ["1007687935360225280"], "author_id": "1442006059", "created_at": "2018-06-15T18:15:00.000Z", "text": "RT @mariano9605: Al PP no le sienta bien la dimisi\u00f3n de Huerta https://t.co/PhHOV6TjYt v\u00eda @nuevatribuna  Quer\u00eda que Huerta se aferrara al\u2026"}, {"id": "1007687699661279233", "edit_history_tweet_ids": ["1007687699661279233"], "author_id": "905143715580309504", "created_at": "2018-06-15T18:14:04.000Z", "text": "RT @mariano9605: Al PP no le sienta bien la dimisi\u00f3n de Huerta https://t.co/PhHOV6TjYt v\u00eda @nuevatribuna  Quer\u00eda que Huerta se aferrara al\u2026"}, {"id": "1007687434287616000", "edit_history_tweet_ids": ["1007687434287616000"], "author_id": "990579167950508033", "created_at": "2018-06-15T18:13:00.000Z", "text": "RT @mariano9605: Al PP no le sienta bien la dimisi\u00f3n de Huerta https://t.co/PhHOV6TjYt v\u00eda @nuevatribuna  Quer\u00eda que Huerta se aferrara al\u2026"}, {"id": "1007687359327064067", "edit_history_tweet_ids": ["1007687359327064067"], "author_id": "721174516", "created_at": "2018-06-15T18:12:43.000Z", "text": "RT @mariano9605: Al PP no le sienta bien la dimisi\u00f3n de Huerta https://t.co/PhHOV6TjYt v\u00eda @nuevatribuna  Quer\u00eda que Huerta se aferrara al\u2026"}, {"id": "1007687285339557888", "edit_history_tweet_ids": ["1007687285339557888"], "author_id": "636268171", "created_at": "2018-06-15T18:12:25.000Z", "text": "RT @mariano9605: Al PP no le sienta bien la dimisi\u00f3n de Huerta https://t.co/PhHOV6TjYt v\u00eda @nuevatribuna  Quer\u00eda que Huerta se aferrara al\u2026"}, {"id": "1007687117324083200", "edit_history_tweet_ids": ["1007687117324083200"], "author_id": "419008875", "created_at": "2018-06-15T18:11:45.000Z", "text": "RT @mariano9605: Al PP no le sienta bien la dimisi\u00f3n de Huerta https://t.co/PhHOV6TjYt v\u00eda @nuevatribuna  Quer\u00eda que Huerta se aferrara al\u2026"}, {"id": "1007681140235358208", "edit_history_tweet_ids": ["1007681140235358208"], "author_id": "273607415", "created_at": "2018-06-15T17:48:00.000Z", "text": "@LaPijortera Fernando Galindo, un admirador, un esclavo , un siervo. Atraco a las tres ( para partirse) con la entonaci\u00f3n lo borda Jos\u00e9 lu\u00eds Lopez V\u00e1zquez"}, {"id": "1007679008308449281", "edit_history_tweet_ids": ["1007679008308449281"], "author_id": "954181509375840256", "created_at": "2018-06-15T17:39:32.000Z", "text": "RT @BRIANMBENDIS: \ud83d\udcf7 wondrousyears: Cover to DC Special Series #21: Super-Star Holiday Special by Jose Luis-Garcia Lopez https://t.co/jjQnfR\u2026"}, {"id": "1007678517809745922", "edit_history_tweet_ids": ["1007678517809745922"], "author_id": "2759094247", "created_at": "2018-06-15T17:37:35.000Z", "text": "RT @BRIANMBENDIS: \ud83d\udcf7 wondrousyears: Cover to DC Special Series #21: Super-Star Holiday Special by Jose Luis-Garcia Lopez https://t.co/jjQnfR\u2026"}, {"id": "1007677748222005248", "edit_history_tweet_ids": ["1007677748222005248"], "author_id": "16395449", "created_at": "2018-06-15T17:34:31.000Z", "text": "\ud83d\udcf7 wondrousyears: Cover to DC Special Series #21: Super-Star Holiday Special by Jose Luis-Garcia Lopez https://t.co/jjQnfRacQH"}, {"id": "1007676250104705026", "edit_history_tweet_ids": ["1007676250104705026"], "author_id": "3206595605", "created_at": "2018-06-15T17:28:34.000Z", "text": "Terminamos la semana con dos propiedades vendidas y una alquilada de la mano de nuestros agentes Ram\u00f3n Ojeda L\u00f3pez, Jos\u00e9 Luis S\u00e1nchez y Alejandro Soria Remax\n\n\u00a1\u00a1ENHORABUENA!!\n\u00a1\u00a1Estamos muy orgullosos de vosotros!!\n\n#RemaxJumboRios #GrupoRemaxjumbo #Ventas #Costancia #Motivaci\u00f3n https://t.co/mkQMBEcdaW"}, {"id": "1007671328206249984", "edit_history_tweet_ids": ["1007671328206249984"], "author_id": "108763002", "created_at": "2018-06-15T17:09:00.000Z", "text": "Maria Jose Lara Jos\u00e9 Luis Lara L\u00f3pez https://t.co/Gm2nY8mJmR"}, {"id": "1007669880429170689", "edit_history_tweet_ids": ["1007669880429170689"], "author_id": "766479757", "created_at": "2018-06-15T17:03:15.000Z", "text": "RT @JMusicaleSpain: Este viernes 15 de junio a las 20 h en el #MIRATeatro de #Pozuelo de Alarc\u00f3n, #ConciertoGalardonados2018 con la @OCRTVE\u2026"}, {"id": "1007663940971782144", "edit_history_tweet_ids": ["1007663940971782144"], "author_id": "1054489194", "created_at": "2018-06-15T16:39:39.000Z", "text": "Omar Beltran Irvin Retiz Fernie Elizondo Jesse Hernandez Maximo Gonzalez Luis Garcia Jose Alfaro Eddie Lopez Juan Raul Galvan Felipe Cacho https://t.co/qvswALsrAp"}, {"id": "1007663117499817984", "edit_history_tweet_ids": ["1007663117499817984"], "author_id": "876232896167780358", "created_at": "2018-06-15T16:36:23.000Z", "text": "RT @cesarfontana: #Art #Painting #Artwork #ArtLovers #Artgallery #VisualArt #Arte\n#SabadoDetremuraSDV\n\ud83c\udfa8 Jose Luis Lopez Perez\n'Paris' (aqua\u2026"}, {"id": "1007660818975088641", "edit_history_tweet_ids": ["1007660818975088641"], "author_id": "904650740", "created_at": "2018-06-15T16:27:15.000Z", "text": "Los peores a\u00f1os de nuestra vida.\n7/10.\nDirecci\u00f3n: Emilio Mart\u00ednez-L\u00e1zaro.\nM\u00fasica: Michel Camilo.\nFotograf\u00eda: Jos\u00e9 Luis L\u00f3pez Linares. https://t.co/XTAYlpOSgl"}, {"id": "1007659806918770688", "edit_history_tweet_ids": ["1007659806918770688"], "author_id": "1113552836", "created_at": "2018-06-15T16:23:14.000Z", "text": "RT @packitorazo: Jos\u00e9 Luis L\u00f3pez Galv\u00e1n en \u201cMundos Imaginarios\u201d @GaleriaOR a partir del 19 de junio https://t.co/vGT7YYg5Y9"}, {"id": "1007654919782924288", "edit_history_tweet_ids": ["1007654919782924288"], "author_id": "987533746269192193", "created_at": "2018-06-15T16:03:48.000Z", "text": "RT @BronzeAgeBabies: Jose Luis Garcia-Lopez and Dan Adkins https://t.co/iSQ9JDD9yt #Batman https://t.co/3OegbbyDMU"}, {"id": "1007649179903111168", "edit_history_tweet_ids": ["1007649179903111168"], "author_id": "1941862878", "created_at": "2018-06-15T15:41:00.000Z", "text": "Jose Luis Garcia-Lopez and Dan Adkins https://t.co/iSQ9JDD9yt #Batman https://t.co/3OegbbyDMU"}, {"id": "1007649031651196928", "edit_history_tweet_ids": ["1007649031651196928"], "author_id": "303854871", "created_at": "2018-06-15T15:40:25.000Z", "text": "@jaimearias1 Estos buscar\u00edan Jos\u00e9 luis L\u00f3pez Vazquez....."}, {"id": "1007647332962308096", "edit_history_tweet_ids": ["1007647332962308096"], "author_id": "2557433586", "created_at": "2018-06-15T15:33:40.000Z", "text": "RT @ComicsintheGA: An errand after work unexpectedly took me by a comic store and I found these in a dollar box. Not sure how I never got t\u2026"}, {"id": "1007646530227134464", "edit_history_tweet_ids": ["1007646530227134464"], "author_id": "150051638", "created_at": "2018-06-15T15:30:28.000Z", "text": "RT @laguiapambolera: MA\u00d1ANA: #WorldCup @Pharaohs @Uruguay por @tdmas_cr con @PabloSeguraS @claudiociccia y Jos\u00e9 Luis L\u00f3pez (05:30hrs) https\u2026"}, {"id": "1007646130891624449", "edit_history_tweet_ids": ["1007646130891624449"], "author_id": "118761408", "created_at": "2018-06-15T15:28:53.000Z", "text": "RT @packitorazo: Jos\u00e9 Luis L\u00f3pez Galv\u00e1n en \u201cMundos Imaginarios\u201d @GaleriaOR a partir del 19 de junio https://t.co/vGT7YYg5Y9"}, {"id": "1007639310726811650", "edit_history_tweet_ids": ["1007639310726811650"], "author_id": "186091010", "created_at": "2018-06-15T15:01:47.000Z", "text": "Una receta es la suma de experiencias, de ah\u00ed un buen resultado.\nC\u00f3mo va el plato de tu vida? \nMCOP Jos\u00e9 Luis L\u00f3pez"}, {"id": "1007639235988545536", "edit_history_tweet_ids": ["1007639235988545536"], "author_id": "186091010", "created_at": "2018-06-15T15:01:29.000Z", "text": "Quien tiene claro que quiere no tarda en encontrar el como lograrlo.\nMCOP Jos\u00e9 Luis L\u00f3pez"}, {"id": "1007636080387117056", "edit_history_tweet_ids": ["1007636080387117056"], "author_id": "561359678", "created_at": "2018-06-15T14:48:57.000Z", "text": "Al PP no le sienta bien la dimisi\u00f3n de Huerta https://t.co/sME8JjCg4T v\u00eda @nuevatribuna"}, {"id": "1007630549253525504", "edit_history_tweet_ids": ["1007630549253525504"], "author_id": "16184802", "created_at": "2018-06-15T14:26:58.000Z", "text": "@UNAMSinFrontera @gabo001_df La UNAM tiene a Jos\u00e9 L\u00f3pez Portillo, D\u00edaz Ordaz, Luis Echeverr\u00eda, Miguel de la Madrid, y le paramos con Carlos Salinas para demostrar la rid\u00edcula e idiota idea de que la universidad te otorga los principios \u00e9ticos con@los que te gu\u00edas en la vida"}, {"id": "1007628432816201728", "edit_history_tweet_ids": ["1007628432816201728"], "author_id": "1388062195", "created_at": "2018-06-15T14:18:33.000Z", "text": "Escarabajos con m\u00e1s victorias: Nairo Quintana 35, Fernando Gaviria 32; Santiago Botero, Jos\u00e9 Serpa 15; Luis Herrera y Esteban Chaves 14; Rigoberto Uran 13; Felix Cardenas 12; Miguel \u00c1ngel L\u00f3pez 11; Oliverio Rincon y Leo Duque 10; EGAN BERNAL 9, Sergio Luis Henao 8; Alvaro Mejia 6 https://t.co/XOyfqEZ3tJ"}, {"id": "1007623901843779584", "edit_history_tweet_ids": ["1007623901843779584"], "author_id": "164777194", "created_at": "2018-06-15T14:00:33.000Z", "text": "El subsecretario general de gobierno, Jos\u00e9 Luis L\u00f3pez Iba\u00f1ez, confirm\u00f3 lo dicho por la fiscal @RuthMedinaMX, en torno a la investigaci\u00f3n que se hizo en el municipio de #Tlahualilo por los se\u00f1alamientos de presuntos casos de trata de personas\nhttps://t.co/5rDeKrJm2m https://t.co/VauguX2IXr"}, {"id": "1007622130152898567", "edit_history_tweet_ids": ["1007622130152898567"], "author_id": "143952352", "created_at": "2018-06-15T13:53:31.000Z", "text": "RT @comunitAD: Talento valenciano en @educafestival  \ud83d\ude0d Grandes @rosebudvlc, Plata en Integral para La Otra Econom\u00eda de Divina Pastora y bro\u2026"}, {"id": "1007613218699689984", "edit_history_tweet_ids": ["1007613218699689984"], "author_id": "20791820", "created_at": "2018-06-15T13:18:06.000Z", "text": "JOSE LUIS LOPEZ EL INCONTENIBLE DEL HIPISMO https://t.co/E5St7ZHJpU"}, {"id": "1007612470163378176", "edit_history_tweet_ids": ["1007612470163378176"], "author_id": "20791820", "created_at": "2018-06-15T13:15:08.000Z", "text": "Hipismo JOSE LUIS LOPEZ EL INCONTENIBLE DEL HIPISMO https://t.co/evIlOplSBP #pronosticos"}, {"id": "1007609803479248897", "edit_history_tweet_ids": ["1007609803479248897"], "author_id": "153577783", "created_at": "2018-06-15T13:04:32.000Z", "text": "En Durango solo se tiene una denuncia por agresi\u00f3n a una candidata a trav\u00e9s de redes sociales: Jose Luis L\u00f3pez Ib\u00e1\u00f1ez. Subsecretario de Gobierno https://t.co/xb9vTbQnfL"}, {"id": "1007594466738307072", "edit_history_tweet_ids": ["1007594466738307072"], "author_id": "302294370", "created_at": "2018-06-15T12:03:35.000Z", "text": "RT @mariano9605: Al PP no le sienta bien la dimisi\u00f3n de Huerta https://t.co/PhHOV6TjYt v\u00eda @nuevatribuna  Quer\u00eda que Huerta se aferrara al\u2026"}, {"id": "1007593661532639233", "edit_history_tweet_ids": ["1007593661532639233"], "author_id": "371392638", "created_at": "2018-06-15T12:00:23.000Z", "text": "RT @JulianFMartinez: \u00bfBuenos muertos?\nFernando Uribe Senior \u271e1980\nCamilo Barrientos \u271e1994\nCesar Villegas \u271e2002\nLuis Alberto Villegas Uribe\u2026"}, {"id": "1007592084696698880", "edit_history_tweet_ids": ["1007592084696698880"], "author_id": "808028822", "created_at": "2018-06-15T11:54:07.000Z", "text": "Retweeted Jos\u00e9 Luis L\u00f3pez F. (@fornerinojl):\n\n#MirandoAlFuturo | 10 patrullas nuevas a municipios de los Valles del Tuy. #MirandaSegura #UnNuevoComienzo https://t.co/QUZauYRxhd https://t.co/rDP9tVPGF9"}, {"id": "1007591867935051777", "edit_history_tweet_ids": ["1007591867935051777"], "author_id": "808028822", "created_at": "2018-06-15T11:53:16.000Z", "text": "Retweeted Jos\u00e9 Luis L\u00f3pez F. (@fornerinojl):\n\n#MirandoAlFuturo | Gobierno Bolivariano de Miranda seguir\u00e1 incrementando flota de autobuses a la medida que vayan llegando las nuevas unidades. Una gesti\u00f3n eficiente de... https://t.co/FM0qWOBhqV"}, {"id": "1007587511189823489", "edit_history_tweet_ids": ["1007587511189823489"], "author_id": "1370553422", "created_at": "2018-06-15T11:35:57.000Z", "text": "RT @tdmas_cr: #EGY vrs #URU con la narraci\u00f3n de @PabloSeguraS, comentarios de @claudiociccia y Jos\u00e9 Luis L\u00f3pez (@PUPYiD) https://t.co/x9IKb\u2026"}, {"id": "1007585670427234304", "edit_history_tweet_ids": ["1007585670427234304"], "author_id": "847251074658349056", "created_at": "2018-06-15T11:28:38.000Z", "text": "RT @tdmas_cr: #EGY vrs #URU con la narraci\u00f3n de @PabloSeguraS, comentarios de @claudiociccia y Jos\u00e9 Luis L\u00f3pez (@PUPYiD) https://t.co/x9IKb\u2026"}, {"id": "1007584775631245312", "edit_history_tweet_ids": ["1007584775631245312"], "author_id": "552540926", "created_at": "2018-06-15T11:25:05.000Z", "text": "Hoy cumplen a\u00f1os: Enrique Mata (33), Jos\u00e9 Luis Arrieta (47) y Jos\u00e9 Luis L\u00f3pez Cerr\u00f3n (62). \u00a1Felicidades!"}, {"id": "1007584727816163328", "edit_history_tweet_ids": ["1007584727816163328"], "author_id": "1349849582", "created_at": "2018-06-15T11:24:53.000Z", "text": "#EGY vrs #URU con la narraci\u00f3n de @PabloSeguraS, comentarios de @claudiociccia y Jos\u00e9 Luis L\u00f3pez (@PUPYiD) https://t.co/x9IKbWQOdP"}, {"id": "1007583808311451648", "edit_history_tweet_ids": ["1007583808311451648"], "author_id": "2312470114", "created_at": "2018-06-15T11:21:14.000Z", "text": "RT @mariano9605: Al PP no le sienta bien la dimisi\u00f3n de Huerta https://t.co/PhHOV6TjYt v\u00eda @nuevatribuna  Quer\u00eda que Huerta se aferrara al\u2026"}, {"id": "1007581396821561345", "edit_history_tweet_ids": ["1007581396821561345"], "author_id": "110437600", "created_at": "2018-06-15T11:11:39.000Z", "text": "Talento valenciano en @educafestival  \ud83d\ude0d Grandes @rosebudvlc, Plata en Integral para La Otra Econom\u00eda de Divina Pastora y bronce en TV con Efecto Pigmali\u00f3n. Adem\u00e1s, por @UJI_noticias triunfaron Andrea L\u00f3pez en Talento Joven individual y Jos\u00e9 Luis Rogl\u00e1 y Paula Abell\u00e1n en grupal. https://t.co/lOeXIcFhJM"}, {"id": "1007564190427598848", "edit_history_tweet_ids": ["1007564190427598848"], "author_id": "940520087009849344", "created_at": "2018-06-15T10:03:17.000Z", "text": "RT @CongresoAe: SEMINARIO PRE-CONGRESUAL. Martes 26-junio. 9:30. Sala de Grados-Edificio F.E.S - Las revistas cient\u00edficas de comunicaci\u00f3n (\u2026"}, {"id": "1007563364455845888", "edit_history_tweet_ids": ["1007563364455845888"], "author_id": "18556155", "created_at": "2018-06-15T10:00:00.000Z", "text": "https://t.co/QFvguHfzuY"}, {"id": "1007562271097319425", "edit_history_tweet_ids": ["1007562271097319425"], "author_id": "2914276174", "created_at": "2018-06-15T09:55:39.000Z", "text": "RT @mariano9605: Al PP no le sienta bien la dimisi\u00f3n de Huerta https://t.co/PhHOV6TjYt v\u00eda @nuevatribuna  Quer\u00eda que Huerta se aferrara al\u2026"}, {"id": "1007559866804776963", "edit_history_tweet_ids": ["1007559866804776963"], "author_id": "419008875", "created_at": "2018-06-15T09:46:06.000Z", "text": "Al PP no le sienta bien la dimisi\u00f3n de Huerta https://t.co/PhHOV6TjYt v\u00eda @nuevatribuna  Quer\u00eda que Huerta se aferrara al butac\u00f3n y S\u00e1nchez se lo permitiera. Al fin y al cabo, ese es el Libro de Estilo al uso"}, {"id": "1007535747308642305", "edit_history_tweet_ids": ["1007535747308642305"], "author_id": "221512239", "created_at": "2018-06-15T08:10:15.000Z", "text": "Hoy, en Calibre .38, Jose Manuel Lopez Mara\u00f1on rese\u00f1ando una de las \u00faltimas novelas de Jos\u00e9 Luis Mu\u00f1oz, autor homenajeado en Bruma Negra, donde ser\u00e1 interrogado sin piedad por Jokin Iba\u00f1ez. Pasen y lean. https://t.co/tyEqrZKHIz"}, {"id": "1007535508787023872", "edit_history_tweet_ids": ["1007535508787023872"], "author_id": "2609056352", "created_at": "2018-06-15T08:09:19.000Z", "text": "Al PP no le sienta bien la dimisi\u00f3n de Huerta https://t.co/k9UckvJVyo v\u00eda @nuevatribuna"}, {"id": "1007535126425886720", "edit_history_tweet_ids": ["1007535126425886720"], "author_id": "251059231", "created_at": "2018-06-15T08:07:47.000Z", "text": "Apoya a Jose Luis L\u00f3pez en la campa\u00f1a 'Ministra Reyes Maroto: Medidas urgentes para que las empresas espa\u00f1olas respeten los Derechos Humanos'. https://t.co/CRTfIOhsAm"}, {"id": "1007532003179290624", "edit_history_tweet_ids": ["1007532003179290624"], "author_id": "239405151", "created_at": "2018-06-15T07:55:23.000Z", "text": "RT @BelenFGonzalez: Al PP no le sienta bien la dimisi\u00f3n de Huerta https://t.co/gP2kC0P65e v\u00eda @nuevatribuna @llautet @Detrac_tor @MiguelBar\u2026"}, {"id": "1007531767883018240", "edit_history_tweet_ids": ["1007531767883018240"], "author_id": "1286372256", "created_at": "2018-06-15T07:54:27.000Z", "text": "Al PP no le sienta bien la dimisi\u00f3n de Huerta https://t.co/gP2kC0P65e v\u00eda @nuevatribuna"}, {"id": "1007531734949335040", "edit_history_tweet_ids": ["1007531734949335040"], "author_id": "1286372256", "created_at": "2018-06-15T07:54:19.000Z", "text": "Al PP no le sienta bien la dimisi\u00f3n de Huerta https://t.co/gP2kC0P65e v\u00eda @nuevatribuna @JesusLopezMedel"}, {"id": "1007531616829394945", "edit_history_tweet_ids": ["1007531616829394945"], "author_id": "1286372256", "created_at": "2018-06-15T07:53:51.000Z", "text": "Al PP no le sienta bien la dimisi\u00f3n de Huerta https://t.co/gP2kC0P65e v\u00eda @nuevatribuna @llautet @Detrac_tor @MiguelBarranco5"}, {"id": "1007531403339272192", "edit_history_tweet_ids": ["1007531403339272192"], "author_id": "1286372256", "created_at": "2018-06-15T07:53:00.000Z", "text": "Al PP no le sienta bien la dimisi\u00f3n de Huerta https://t.co/gP2kC0P65e v\u00eda @nuevatribuna @palzaga"}, {"id": "1007531301551984641", "edit_history_tweet_ids": ["1007531301551984641"], "author_id": "1286372256", "created_at": "2018-06-15T07:52:35.000Z", "text": "Al PP no le sienta bien la dimisi\u00f3n de Huerta https://t.co/gP2kC0P65e v\u00eda @nuevatribuna @joaquinkremel"}, {"id": "1007531200880300032", "edit_history_tweet_ids": ["1007531200880300032"], "author_id": "1286372256", "created_at": "2018-06-15T07:52:11.000Z", "text": "Al PP no le sienta bien la dimisi\u00f3n de Huerta https://t.co/gP2kC0P65e v\u00eda @nuevatribuna @BALBON2046"}, {"id": "1007528805144125441", "edit_history_tweet_ids": ["1007528805144125441"], "author_id": "356370889", "created_at": "2018-06-15T07:42:40.000Z", "text": "RT @laguiapambolera: MA\u00d1ANA: #WorldCup @Pharaohs @Uruguay por @tdmas_cr con @PabloSeguraS @claudiociccia y Jos\u00e9 Luis L\u00f3pez (05:30hrs) https\u2026"}, {"id": "1007524447841144832", "edit_history_tweet_ids": ["1007524447841144832"], "author_id": "251059231", "created_at": "2018-06-15T07:25:21.000Z", "text": "\u00bfTienes 1 minuto para ayudar a Jose Luis Lopez Barcenilla? https://t.co/TNNKe45Cxe"}, {"id": "1007522374474797056", "edit_history_tweet_ids": ["1007522374474797056"], "author_id": "883554720228425728", "created_at": "2018-06-15T07:17:07.000Z", "text": "Action Comics #1000 SIGNED COA (Tom King, Scott Snyder, Jose Luis Garcia-Lopez) https://t.co/K62FvuNgiT https://t.co/V6sdMVkuRa"}, {"id": "1007519276377493504", "edit_history_tweet_ids": ["1007519276377493504"], "author_id": "889371017042382848", "created_at": "2018-06-15T07:04:48.000Z", "text": "Vea este impresionante v\u00eddeo: La Cabina - Cortometraje de Jose Luis Lopez Vazquez 1972 https://t.co/6GHyEQHfZd"}, {"id": "1007518276904079360", "edit_history_tweet_ids": ["1007518276904079360"], "author_id": "2678858570", "created_at": "2018-06-15T07:00:50.000Z", "text": "RT @laguiapambolera: MA\u00d1ANA: #WorldCup @Pharaohs @Uruguay por @tdmas_cr con @PabloSeguraS @claudiociccia y Jos\u00e9 Luis L\u00f3pez (05:30hrs) https\u2026"}, {"id": "1007495797817184256", "edit_history_tweet_ids": ["1007495797817184256"], "author_id": "930185323", "created_at": "2018-06-15T05:31:31.000Z", "text": "@ursulacamba Doctora le falt\u00f3 en la lista a Vicente Fox, Luis Echeverr\u00eda, Jos\u00e9 L\u00f3pez Portillo, Leonardo M\u00e1rquez, Lorenzo de Zavala, F\u00e9lix D\u00edaz..."}, {"id": "1007476465137537024", "edit_history_tweet_ids": ["1007476465137537024"], "author_id": "847251074658349056", "created_at": "2018-06-15T04:14:41.000Z", "text": "RT @laguiapambolera: MA\u00d1ANA: #WorldCup @Pharaohs @Uruguay por @tdmas_cr con @PabloSeguraS @claudiociccia y Jos\u00e9 Luis L\u00f3pez (05:30hrs) https\u2026"}, {"id": "1007475349955981312", "edit_history_tweet_ids": ["1007475349955981312"], "author_id": "486071682", "created_at": "2018-06-15T04:10:16.000Z", "text": "RT @laguiapambolera: MA\u00d1ANA: #WorldCup @Pharaohs @Uruguay por @tdmas_cr con @PabloSeguraS @claudiociccia y Jos\u00e9 Luis L\u00f3pez (05:30hrs) https\u2026"}, {"id": "1007466661652332544", "edit_history_tweet_ids": ["1007466661652332544"], "author_id": "99404278", "created_at": "2018-06-15T03:35:44.000Z", "text": "Jos\u00e9 Luis L\u00f3pez Galv\u00e1n en \u201cMundos Imaginarios\u201d @GaleriaOR a partir del 19 de junio https://t.co/vGT7YYg5Y9"}, {"id": "1007459137075081216", "edit_history_tweet_ids": ["1007459137075081216"], "author_id": "284644594", "created_at": "2018-06-15T03:05:50.000Z", "text": "RT @HectorYunes: Hoy se ha ido uno de mis mejores amigos: Jos\u00e9 Luis Santiago L\u00f3pez. Jos\u00e9 Luis siempre goz\u00f3 del cari\u00f1o y el reconocimiento d\u2026"}, {"id": "1007457670301978624", "edit_history_tweet_ids": ["1007457670301978624"], "author_id": "956573470690865154", "created_at": "2018-06-15T03:00:00.000Z", "text": "RT @DC_FANS_UNITED: Daily Jose Luis Garcia-Lopez art: https://t.co/IsSxQvtAsy"}, {"id": "1007452890766761984", "edit_history_tweet_ids": ["1007452890766761984"], "author_id": "37796310", "created_at": "2018-06-15T02:41:01.000Z", "text": "#DebateSLRC Jos\u00e9 Everardo L\u00f3pez: Me toc\u00f3 hacer una cancha en Luis B. S\u00e1nchez. Vamos a seguir trabajando en equipo. https://t.co/Hy4BTZKwzw"}, {"id": "1007450799755137024", "edit_history_tweet_ids": ["1007450799755137024"], "author_id": "37796310", "created_at": "2018-06-15T02:32:42.000Z", "text": "#DebateSLRC Jos\u00e9 Everardo L\u00f3pez: Quiero ser el alcalde mejor recordado por obras en SLRC. Vamos a modernizar San Luis. Queremos ciclov\u00edas. https://t.co/GlqhGpMXLX"}, {"id": "1007446172741619713", "edit_history_tweet_ids": ["1007446172741619713"], "author_id": "319703398", "created_at": "2018-06-15T02:14:19.000Z", "text": "RT @apc05: \u00bfComo ser\u00eda regresar a la \u00e9poca de los excesos presidencialistas de Luis Echeverr\u00eda y Jos\u00e9 L\u00f3pez Portillo cuando pens\u00e1bamos supe\u2026"}, {"id": "1007444531413966848", "edit_history_tweet_ids": ["1007444531413966848"], "author_id": "553169927", "created_at": "2018-06-15T02:07:48.000Z", "text": "Pobladores de la Agencia del Rosario perteneciente a San Francisco del Mar, Oaxaca, mantienen retenido al Presidente de la cabecera municipal, Froil\u00e1n Gaspar Pedro, por un supuesto desv\u00edo de recursos p\u00fablicos.\n\nReportero: Jos\u00e9 Luis L\u00f3pez\nCamar\u00f3grafo:... https://t.co/JCCBBa19EY"}, {"id": "1007430513949372418", "edit_history_tweet_ids": ["1007430513949372418"], "author_id": "958557748974772224", "created_at": "2018-06-15T01:12:06.000Z", "text": "RT @JL_LopezVelarde: Demu\u00e9strale con hechos, no con palabras, que eres capaz de generar un ambiente sano y seguro. Jos\u00e9 Luis L\u00f3pez Velarde\u2026"}, {"id": "1007430339445346304", "edit_history_tweet_ids": ["1007430339445346304"], "author_id": "2448887875", "created_at": "2018-06-15T01:11:24.000Z", "text": "RT @ComicsintheGA: An errand after work unexpectedly took me by a comic store and I found these in a dollar box. Not sure how I never got t\u2026"}, {"id": "1007421639385124870", "edit_history_tweet_ids": ["1007421639385124870"], "author_id": "4095057792", "created_at": "2018-06-15T00:36:50.000Z", "text": "RT @DC_FANS_UNITED: Daily Jose Luis Garcia-Lopez art: https://t.co/IsSxQvtAsy"}, {"id": "1007414560096178177", "edit_history_tweet_ids": ["1007414560096178177"], "author_id": "863939850", "created_at": "2018-06-15T00:08:42.000Z", "text": "RT @ComicsintheGA: An errand after work unexpectedly took me by a comic store and I found these in a dollar box. Not sure how I never got t\u2026"}, {"id": "1007397354461454336", "edit_history_tweet_ids": ["1007397354461454336"], "author_id": "2194140621", "created_at": "2018-06-14T23:00:20.000Z", "text": "Jos\u00e9 Luis L\u00f3pez  Corella 2014-12-17 #CDMX  Inf fb Jade Lopez https://t.co/36ASBrJVOg"}, {"id": "1007388413987827712", "edit_history_tweet_ids": ["1007388413987827712"], "author_id": "500403274", "created_at": "2018-06-14T22:24:48.000Z", "text": "RT @ComicsintheGA: An errand after work unexpectedly took me by a comic store and I found these in a dollar box. Not sure how I never got t\u2026"}, {"id": "1007386470674558988", "edit_history_tweet_ids": ["1007386470674558988"], "author_id": "2180073983", "created_at": "2018-06-14T22:17:05.000Z", "text": "RT @ComicsintheGA: An errand after work unexpectedly took me by a comic store and I found these in a dollar box. Not sure how I never got t\u2026"}, {"id": "1007384469374980097", "edit_history_tweet_ids": ["1007384469374980097"], "author_id": "701980109008457728", "created_at": "2018-06-14T22:09:08.000Z", "text": "An errand after work unexpectedly took me by a comic store and I found these in a dollar box. Not sure how I never got these before given that Jose Luis Garcia Lopez did the art. https://t.co/Szhb5mE7pw"}, {"id": "1007365864038060032", "edit_history_tweet_ids": ["1007365864038060032"], "author_id": "2324792770", "created_at": "2018-06-14T20:55:12.000Z", "text": "RT @la2_tve: Se incorpora hoy a #saberyganar en la carrera por los 5.000\u20ac Francisco Navarro, de Tomelloso.\nYa lo saben, a las 15:40h en La\u2026"}, {"id": "1007359873187762176", "edit_history_tweet_ids": ["1007359873187762176"], "author_id": "873341698964836352", "created_at": "2018-06-14T20:31:24.000Z", "text": "Daily Jose Luis Garcia-Lopez art: https://t.co/IsSxQvtAsy"}, {"id": "1007355182122983424", "edit_history_tweet_ids": ["1007355182122983424"], "author_id": "635491697", "created_at": "2018-06-14T20:12:45.000Z", "text": "@ManoloRL @Alvaradoblog a florentino no ay nadie que lo puede presentar,por lo tanto es un ............,que tiene cara de pelicula espa\u00f1ola de jose luis lopez vazquez"}, {"id": "1007347513760759808", "edit_history_tweet_ids": ["1007347513760759808"], "author_id": "66715854", "created_at": "2018-06-14T19:42:17.000Z", "text": "Gobierno no puede desalojar a vecinos de la Presa del Hielo: Jos\u00e9 Luis L\u00f3pez.: https://t.co/GIg0JQBxeE a trav\u00e9s de @YouTube"}, {"id": "1007338145896189952", "edit_history_tweet_ids": ["1007338145896189952"], "author_id": "21268553", "created_at": "2018-06-14T19:05:04.000Z", "text": "Painting by JOSE LUIS LOPEZ PEREZ https://t.co/384JCFqorc"}, {"id": "1007337418188468225", "edit_history_tweet_ids": ["1007337418188468225"], "author_id": "196463572", "created_at": "2018-06-14T19:02:10.000Z", "text": "RT @AngelLamuno: \u2014 Una lista incompleta de presidentes de #M\u00e9xico:\nGustavo D\u00edaz Ordaz, Luis Echeverr\u00eda \u00c1lvarez, Jos\u00e9 L\u00f3pez Portillo, \u2026\n\u2014 Un\u2026"}, {"id": "1007329581454405633", "edit_history_tweet_ids": ["1007329581454405633"], "author_id": "170471424", "created_at": "2018-06-14T18:31:02.000Z", "text": "RT @AngelLamuno: \u2014 Una lista incompleta de presidentes de #M\u00e9xico:\nGustavo D\u00edaz Ordaz, Luis Echeverr\u00eda \u00c1lvarez, Jos\u00e9 L\u00f3pez Portillo, \u2026\n\u2014 Un\u2026"}, {"id": "1007317671099002881", "edit_history_tweet_ids": ["1007317671099002881"], "author_id": "950061856764432384", "created_at": "2018-06-14T17:43:42.000Z", "text": "RT @vozcoruna: Jos\u00e9 Luis L\u00f3pez Pazos: \u00abTralo atropelo mortal de #OBurgo pensei que o condutor se \u00eda entregar\u00bb https://t.co/PS1ng40yNf"}, {"id": "1007314744712167424", "edit_history_tweet_ids": ["1007314744712167424"], "author_id": "45365727", "created_at": "2018-06-14T17:32:04.000Z", "text": "RT @carretoso: Ya estuvimos una vez as\u00ed, dur\u00f3 muchos a\u00f1os, consecuencia de la demagogia de Luis Echeverr\u00eda y Jos\u00e9 L\u00f3pez Portillo... https:/\u2026"}], "meta": {"newest_id": "1007706034192953344", "oldest_id": "1007314744712167424", "result_count": 95, "next_token": "b26v89c19zqg8o3fn0aojxdacuk59i0rhxbedxvc9otj1"}}