{"data": [{"text": "RT @Guyb: Aguilar acusa a El Pa\u00eds de censura --&gt; El Pa\u00eds despide a Aguilar despu\u00e9s de 21 a\u00f1os. Ni siquiera le llam\u00f3 Ca\u00f1o. https://t.co/q8dp\u2026", "created_at": "2015-11-10T21:12:20.000Z", "edit_history_tweet_ids": ["664188868342784000"], "id": "664188868342784000", "author_id": "580091451"}, {"text": "RT @Guyb: Aguilar acusa a El Pa\u00eds de censura --&gt; El Pa\u00eds despide a Aguilar despu\u00e9s de 21 a\u00f1os. Ni siquiera le llam\u00f3 Ca\u00f1o. https://t.co/q8dp\u2026", "created_at": "2015-11-10T21:12:02.000Z", "edit_history_tweet_ids": ["664188790358036480"], "id": "664188790358036480", "author_id": "1032456702"}, {"text": "RT @Guyb: Aguilar acusa a El Pa\u00eds de censura --&gt; El Pa\u00eds despide a Aguilar despu\u00e9s de 21 a\u00f1os. Ni siquiera le llam\u00f3 Ca\u00f1o. https://t.co/q8dp\u2026", "created_at": "2015-11-10T21:11:49.000Z", "edit_history_tweet_ids": ["664188738470346752"], "id": "664188738470346752", "author_id": "2879308287"}, {"text": "RT @Guyb: Aguilar acusa a El Pa\u00eds de censura --&gt; El Pa\u00eds despide a Aguilar despu\u00e9s de 21 a\u00f1os. Ni siquiera le llam\u00f3 Ca\u00f1o. https://t.co/q8dp\u2026", "created_at": "2015-11-10T21:11:18.000Z", "edit_history_tweet_ids": ["664188604810403840"], "id": "664188604810403840", "author_id": "1281187602"}, {"text": "RT @Guyb: Aguilar acusa a El Pa\u00eds de censura --&gt; El Pa\u00eds despide a Aguilar despu\u00e9s de 21 a\u00f1os. Ni siquiera le llam\u00f3 Ca\u00f1o. https://t.co/q8dp\u2026", "created_at": "2015-11-10T21:10:32.000Z", "edit_history_tweet_ids": ["664188414267387907"], "id": "664188414267387907", "author_id": "230696135"}, {"text": "RT @Guyb: Aguilar acusa a El Pa\u00eds de censura --&gt; El Pa\u00eds despide a Aguilar despu\u00e9s de 21 a\u00f1os. Ni siquiera le llam\u00f3 Ca\u00f1o. https://t.co/q8dp\u2026", "created_at": "2015-11-10T21:09:42.000Z", "edit_history_tweet_ids": ["664188205881798657"], "id": "664188205881798657", "author_id": "604056765"}, {"text": "RT @Guyb: Aguilar acusa a El Pa\u00eds de censura --&gt; El Pa\u00eds despide a Aguilar despu\u00e9s de 21 a\u00f1os. Ni siquiera le llam\u00f3 Ca\u00f1o. https://t.co/q8dp\u2026", "created_at": "2015-11-10T21:09:21.000Z", "edit_history_tweet_ids": ["664188114634711041"], "id": "664188114634711041", "author_id": "216507517"}, {"text": "RT @Guyb: Aguilar acusa a El Pa\u00eds de censura --&gt; El Pa\u00eds despide a Aguilar despu\u00e9s de 21 a\u00f1os. Ni siquiera le llam\u00f3 Ca\u00f1o. https://t.co/q8dp\u2026", "created_at": "2015-11-10T21:09:19.000Z", "edit_history_tweet_ids": ["664188107307278336"], "id": "664188107307278336", "author_id": "507498647"}, {"text": "@elpais_espana @antonio_cano_ que verg\u00fcenza echar alguien como Miguel \u00e1ngel Aguilar cada vez da m\u00e1s asco vuestro peri\u00f3dico cada vez m\u00e1s...", "created_at": "2015-11-10T21:09:14.000Z", "edit_history_tweet_ids": ["664188086906134528"], "id": "664188086906134528", "author_id": "714976971"}, {"text": "RT @Guyb: Aguilar acusa a El Pa\u00eds de censura --&gt; El Pa\u00eds despide a Aguilar despu\u00e9s de 21 a\u00f1os. Ni siquiera le llam\u00f3 Ca\u00f1o. https://t.co/q8dp\u2026", "created_at": "2015-11-10T21:08:53.000Z", "edit_history_tweet_ids": ["664187999463305217"], "id": "664187999463305217", "author_id": "1859889955"}, {"text": "@antonio_cano_ me he enterado del despido de Miguel \u00c1ngel Aguilar y es lo \u00faltimo que podr\u00eda esperar. No renuevo la suscripci\u00f3n.", "created_at": "2015-11-10T21:08:00.000Z", "edit_history_tweet_ids": ["664187775567142913"], "id": "664187775567142913", "author_id": "306342643"}, {"text": "RT @Guyb: Aguilar acusa a El Pa\u00eds de censura --&gt; El Pa\u00eds despide a Aguilar despu\u00e9s de 21 a\u00f1os. Ni siquiera le llam\u00f3 Ca\u00f1o. https://t.co/q8dp\u2026", "created_at": "2015-11-10T21:07:52.000Z", "edit_history_tweet_ids": ["664187742675468288"], "id": "664187742675468288", "author_id": "70394430"}, {"text": "RT @Guyb: Aguilar acusa a El Pa\u00eds de censura --&gt; El Pa\u00eds despide a Aguilar despu\u00e9s de 21 a\u00f1os. Ni siquiera le llam\u00f3 Ca\u00f1o. https://t.co/q8dp\u2026", "created_at": "2015-11-10T21:07:03.000Z", "edit_history_tweet_ids": ["664187535233519616"], "id": "664187535233519616", "author_id": "249708204"}, {"text": "RT @Guyb: Aguilar acusa a El Pa\u00eds de censura --&gt; El Pa\u00eds despide a Aguilar despu\u00e9s de 21 a\u00f1os. Ni siquiera le llam\u00f3 Ca\u00f1o. https://t.co/q8dp\u2026", "created_at": "2015-11-10T21:06:40.000Z", "edit_history_tweet_ids": ["664187441641820160"], "id": "664187441641820160", "author_id": "93186225"}, {"text": "RT @Guyb: Aguilar acusa a El Pa\u00eds de censura --&gt; El Pa\u00eds despide a Aguilar despu\u00e9s de 21 a\u00f1os. Ni siquiera le llam\u00f3 Ca\u00f1o. https://t.co/q8dp\u2026", "created_at": "2015-11-10T21:05:55.000Z", "edit_history_tweet_ids": ["664187250876530688"], "id": "664187250876530688", "author_id": "509339800"}, {"text": "RT @Guyb: Aguilar acusa a El Pa\u00eds de censura --&gt; El Pa\u00eds despide a Aguilar despu\u00e9s de 21 a\u00f1os. Ni siquiera le llam\u00f3 Ca\u00f1o. https://t.co/q8dp\u2026", "created_at": "2015-11-10T21:05:08.000Z", "edit_history_tweet_ids": ["664187055384240128"], "id": "664187055384240128", "author_id": "338435220"}, {"text": "RT @Guyb: Aguilar acusa a El Pa\u00eds de censura --&gt; El Pa\u00eds despide a Aguilar despu\u00e9s de 21 a\u00f1os. Ni siquiera le llam\u00f3 Ca\u00f1o. https://t.co/q8dp\u2026", "created_at": "2015-11-10T21:04:29.000Z", "edit_history_tweet_ids": ["664186892490027009"], "id": "664186892490027009", "author_id": "1710529969"}, {"text": "RT @Guyb: Aguilar acusa a El Pa\u00eds de censura --&gt; El Pa\u00eds despide a Aguilar despu\u00e9s de 21 a\u00f1os. Ni siquiera le llam\u00f3 Ca\u00f1o. https://t.co/q8dp\u2026", "created_at": "2015-11-10T21:03:52.000Z", "edit_history_tweet_ids": ["664186734121517056"], "id": "664186734121517056", "author_id": "863433547"}, {"text": "RT @Guyb: Aguilar acusa a El Pa\u00eds de censura --&gt; El Pa\u00eds despide a Aguilar despu\u00e9s de 21 a\u00f1os. Ni siquiera le llam\u00f3 Ca\u00f1o. https://t.co/q8dp\u2026", "created_at": "2015-11-10T21:03:46.000Z", "edit_history_tweet_ids": ["664186711291920384"], "id": "664186711291920384", "author_id": "409188587"}, {"text": "RT @Guyb: Aguilar acusa a El Pa\u00eds de censura --&gt; El Pa\u00eds despide a Aguilar despu\u00e9s de 21 a\u00f1os. Ni siquiera le llam\u00f3 Ca\u00f1o. https://t.co/q8dp\u2026", "created_at": "2015-11-10T21:03:27.000Z", "edit_history_tweet_ids": ["664186631646224384"], "id": "664186631646224384", "author_id": "567814882"}, {"text": "RT @Guyb: Aguilar acusa a El Pa\u00eds de censura --&gt; El Pa\u00eds despide a Aguilar despu\u00e9s de 21 a\u00f1os. Ni siquiera le llam\u00f3 Ca\u00f1o. https://t.co/q8dp\u2026", "created_at": "2015-11-10T21:02:41.000Z", "edit_history_tweet_ids": ["664186439882665985"], "id": "664186439882665985", "author_id": "306368228"}, {"text": "RT @Guyb: Aguilar acusa a El Pa\u00eds de censura --&gt; El Pa\u00eds despide a Aguilar despu\u00e9s de 21 a\u00f1os. Ni siquiera le llam\u00f3 Ca\u00f1o. https://t.co/q8dp\u2026", "created_at": "2015-11-10T21:02:31.000Z", "edit_history_tweet_ids": ["664186394286387200"], "id": "664186394286387200", "author_id": "1708272702"}, {"text": "RT @Guyb: Aguilar acusa a El Pa\u00eds de censura --&gt; El Pa\u00eds despide a Aguilar despu\u00e9s de 21 a\u00f1os. Ni siquiera le llam\u00f3 Ca\u00f1o. https://t.co/q8dp\u2026", "created_at": "2015-11-10T21:02:00.000Z", "edit_history_tweet_ids": ["664186266104254464"], "id": "664186266104254464", "author_id": "340400297"}, {"text": "RT @Guyb: Aguilar acusa a El Pa\u00eds de censura --&gt; El Pa\u00eds despide a Aguilar despu\u00e9s de 21 a\u00f1os. Ni siquiera le llam\u00f3 Ca\u00f1o. https://t.co/q8dp\u2026", "created_at": "2015-11-10T21:01:07.000Z", "edit_history_tweet_ids": ["664186044963770368"], "id": "664186044963770368", "author_id": "68035965"}, {"text": "RT @Guyb: Aguilar acusa a El Pa\u00eds de censura --&gt; El Pa\u00eds despide a Aguilar despu\u00e9s de 21 a\u00f1os. Ni siquiera le llam\u00f3 Ca\u00f1o. https://t.co/q8dp\u2026", "created_at": "2015-11-10T20:59:47.000Z", "edit_history_tweet_ids": ["664185706995130369"], "id": "664185706995130369", "author_id": "833917302"}, {"text": "RT @Guyb: Aguilar acusa a El Pa\u00eds de censura --&gt; El Pa\u00eds despide a Aguilar despu\u00e9s de 21 a\u00f1os. Ni siquiera le llam\u00f3 Ca\u00f1o. https://t.co/q8dp\u2026", "created_at": "2015-11-10T20:58:29.000Z", "edit_history_tweet_ids": ["664185381856874496"], "id": "664185381856874496", "author_id": "386682715"}, {"text": "RT @Guyb: Aguilar acusa a El Pa\u00eds de censura --&gt; El Pa\u00eds despide a Aguilar despu\u00e9s de 21 a\u00f1os. Ni siquiera le llam\u00f3 Ca\u00f1o. https://t.co/q8dp\u2026", "created_at": "2015-11-10T20:58:13.000Z", "edit_history_tweet_ids": ["664185314597052416"], "id": "664185314597052416", "author_id": "3009771561"}, {"text": "RT @Guyb: Aguilar acusa a El Pa\u00eds de censura --&gt; El Pa\u00eds despide a Aguilar despu\u00e9s de 21 a\u00f1os. Ni siquiera le llam\u00f3 Ca\u00f1o. https://t.co/q8dp\u2026", "created_at": "2015-11-10T20:57:51.000Z", "edit_history_tweet_ids": ["664185219931598848"], "id": "664185219931598848", "author_id": "219043213"}, {"text": "RT @Guyb: Aguilar acusa a El Pa\u00eds de censura --&gt; El Pa\u00eds despide a Aguilar despu\u00e9s de 21 a\u00f1os. Ni siquiera le llam\u00f3 Ca\u00f1o. https://t.co/q8dp\u2026", "created_at": "2015-11-10T20:56:58.000Z", "edit_history_tweet_ids": ["664184999013404672"], "id": "664184999013404672", "author_id": "233657724"}, {"text": "RT @Guyb: Aguilar acusa a El Pa\u00eds de censura --&gt; El Pa\u00eds despide a Aguilar despu\u00e9s de 21 a\u00f1os. Ni siquiera le llam\u00f3 Ca\u00f1o. https://t.co/q8dp\u2026", "created_at": "2015-11-10T20:56:00.000Z", "edit_history_tweet_ids": ["664184757039833088"], "id": "664184757039833088", "author_id": "548705837"}, {"text": "Miguel \u00c1ngel Aguilar cesado como columnista del diario El Pa\u00eds. Es lo m\u00e1s sectario que he visto en tiempo se\u00f1or @antonio_cano_ Que verg\u00fcenza", "created_at": "2015-11-10T20:54:17.000Z", "edit_history_tweet_ids": ["664184325609529344"], "id": "664184325609529344", "author_id": "59746087"}, {"text": "RT @Guyb: Aguilar acusa a El Pa\u00eds de censura --&gt; El Pa\u00eds despide a Aguilar despu\u00e9s de 21 a\u00f1os. Ni siquiera le llam\u00f3 Ca\u00f1o. https://t.co/q8dp\u2026", "created_at": "2015-11-10T20:53:15.000Z", "edit_history_tweet_ids": ["664184065738846208"], "id": "664184065738846208", "author_id": "3252719740"}, {"text": "RT @alamains: El Pa\u00eds ya da asco desde hace tiempo. A partir de hoy un poco m\u00e1s. Enhorabuena, Antonio Ca\u00f1o. https://t.co/IYQ5rulp7b v\u00eda eld\u2026", "created_at": "2015-11-10T20:52:47.000Z", "edit_history_tweet_ids": ["664183948575162369"], "id": "664183948575162369", "author_id": "2973630171"}, {"text": "RT @Guyb: Aguilar acusa a El Pa\u00eds de censura --&gt; El Pa\u00eds despide a Aguilar despu\u00e9s de 21 a\u00f1os. Ni siquiera le llam\u00f3 Ca\u00f1o. https://t.co/q8dp\u2026", "created_at": "2015-11-10T20:51:47.000Z", "edit_history_tweet_ids": ["664183696577191936"], "id": "664183696577191936", "author_id": "14419463"}, {"text": "RT @Guyb: Aguilar acusa a El Pa\u00eds de censura --&gt; El Pa\u00eds despide a Aguilar despu\u00e9s de 21 a\u00f1os. Ni siquiera le llam\u00f3 Ca\u00f1o. https://t.co/q8dp\u2026", "created_at": "2015-11-10T20:51:38.000Z", "edit_history_tweet_ids": ["664183655309381633"], "id": "664183655309381633", "author_id": "335854518"}, {"text": "RT @Guyb: Aguilar acusa a El Pa\u00eds de censura --&gt; El Pa\u00eds despide a Aguilar despu\u00e9s de 21 a\u00f1os. Ni siquiera le llam\u00f3 Ca\u00f1o. https://t.co/q8dp\u2026", "created_at": "2015-11-10T20:50:56.000Z", "edit_history_tweet_ids": ["664183479773618177"], "id": "664183479773618177", "author_id": "345639946"}, {"text": "El domingo @antonio_cano_ estaba viendo la liga en lugar de @salvadostv eso explicar\u00eda la desfachatez del despido de Miguel \u00c1ngel Aguilar", "created_at": "2015-11-10T20:50:44.000Z", "edit_history_tweet_ids": ["664183428812771328"], "id": "664183428812771328", "author_id": "309817986"}, {"text": "RT @Guyb: Aguilar acusa a El Pa\u00eds de censura --&gt; El Pa\u00eds despide a Aguilar despu\u00e9s de 21 a\u00f1os. Ni siquiera le llam\u00f3 Ca\u00f1o. https://t.co/q8dp\u2026", "created_at": "2015-11-10T20:48:49.000Z", "edit_history_tweet_ids": ["664182946530750465"], "id": "664182946530750465", "author_id": "2515877497"}, {"text": "RT @Guyb: Aguilar acusa a El Pa\u00eds de censura --&gt; El Pa\u00eds despide a Aguilar despu\u00e9s de 21 a\u00f1os. Ni siquiera le llam\u00f3 Ca\u00f1o. https://t.co/q8dp\u2026", "created_at": "2015-11-10T20:47:43.000Z", "edit_history_tweet_ids": ["664182672860823552"], "id": "664182672860823552", "author_id": "309817986"}, {"text": "RT @Guyb: Aguilar acusa a El Pa\u00eds de censura --&gt; El Pa\u00eds despide a Aguilar despu\u00e9s de 21 a\u00f1os. Ni siquiera le llam\u00f3 Ca\u00f1o. https://t.co/q8dp\u2026", "created_at": "2015-11-10T20:46:17.000Z", "edit_history_tweet_ids": ["664182311768993792"], "id": "664182311768993792", "author_id": "3352449623"}, {"text": "RT @Guyb: Aguilar acusa a El Pa\u00eds de censura --&gt; El Pa\u00eds despide a Aguilar despu\u00e9s de 21 a\u00f1os. Ni siquiera le llam\u00f3 Ca\u00f1o. https://t.co/q8dp\u2026", "created_at": "2015-11-10T20:46:11.000Z", "edit_history_tweet_ids": ["664182285089026048"], "id": "664182285089026048", "author_id": "16241042"}, {"text": "RT @Guyb: Aguilar acusa a El Pa\u00eds de censura --&gt; El Pa\u00eds despide a Aguilar despu\u00e9s de 21 a\u00f1os. Ni siquiera le llam\u00f3 Ca\u00f1o. https://t.co/q8dp\u2026", "created_at": "2015-11-10T20:46:04.000Z", "edit_history_tweet_ids": ["664182254508351489"], "id": "664182254508351489", "author_id": "17270769"}, {"text": "El Pa\u00eds ya da asco desde hace tiempo. A partir de hoy un poco m\u00e1s. Enhorabuena, Antonio Ca\u00f1o. https://t.co/IYQ5rulp7b v\u00eda eldiarioes", "created_at": "2015-11-10T20:45:57.000Z", "edit_history_tweet_ids": ["664182225659908097"], "id": "664182225659908097", "author_id": "134874167"}, {"text": "RT @Guyb: Aguilar acusa a El Pa\u00eds de censura --&gt; El Pa\u00eds despide a Aguilar despu\u00e9s de 21 a\u00f1os. Ni siquiera le llam\u00f3 Ca\u00f1o. https://t.co/q8dp\u2026", "created_at": "2015-11-10T20:45:52.000Z", "edit_history_tweet_ids": ["664182204625498114"], "id": "664182204625498114", "author_id": "78314621"}, {"text": "RT @Guyb: Aguilar acusa a El Pa\u00eds de censura --&gt; El Pa\u00eds despide a Aguilar despu\u00e9s de 21 a\u00f1os. Ni siquiera le llam\u00f3 Ca\u00f1o. https://t.co/q8dp\u2026", "created_at": "2015-11-10T20:43:05.000Z", "edit_history_tweet_ids": ["664181507687383041"], "id": "664181507687383041", "author_id": "1891173044"}, {"text": "RT @Guyb: Aguilar acusa a El Pa\u00eds de censura --&gt; El Pa\u00eds despide a Aguilar despu\u00e9s de 21 a\u00f1os. Ni siquiera le llam\u00f3 Ca\u00f1o. https://t.co/q8dp\u2026", "created_at": "2015-11-10T20:42:51.000Z", "edit_history_tweet_ids": ["664181447155163136"], "id": "664181447155163136", "author_id": "388430392"}, {"text": "RT @Guyb: Aguilar acusa a El Pa\u00eds de censura --&gt; El Pa\u00eds despide a Aguilar despu\u00e9s de 21 a\u00f1os. Ni siquiera le llam\u00f3 Ca\u00f1o. https://t.co/q8dp\u2026", "created_at": "2015-11-10T20:41:01.000Z", "edit_history_tweet_ids": ["664180986729644032"], "id": "664180986729644032", "author_id": "172244160"}, {"text": "RT @Guyb: Aguilar acusa a El Pa\u00eds de censura --&gt; El Pa\u00eds despide a Aguilar despu\u00e9s de 21 a\u00f1os. Ni siquiera le llam\u00f3 Ca\u00f1o. https://t.co/q8dp\u2026", "created_at": "2015-11-10T20:38:09.000Z", "edit_history_tweet_ids": ["664180264906682368"], "id": "664180264906682368", "author_id": "278861677"}, {"text": "RT @Guyb: Aguilar acusa a El Pa\u00eds de censura --&gt; El Pa\u00eds despide a Aguilar despu\u00e9s de 21 a\u00f1os. Ni siquiera le llam\u00f3 Ca\u00f1o. https://t.co/q8dp\u2026", "created_at": "2015-11-10T20:28:40.000Z", "edit_history_tweet_ids": ["664177876661571585"], "id": "664177876661571585", "author_id": "1264412053"}, {"text": "RT @Guyb: Aguilar acusa a El Pa\u00eds de censura --&gt; El Pa\u00eds despide a Aguilar despu\u00e9s de 21 a\u00f1os. Ni siquiera le llam\u00f3 Ca\u00f1o. https://t.co/q8dp\u2026", "created_at": "2015-11-10T20:24:11.000Z", "edit_history_tweet_ids": ["664176749119426560"], "id": "664176749119426560", "author_id": "567087585"}, {"text": "RT @Guyb: Aguilar acusa a El Pa\u00eds de censura --&gt; El Pa\u00eds despide a Aguilar despu\u00e9s de 21 a\u00f1os. Ni siquiera le llam\u00f3 Ca\u00f1o. https://t.co/q8dp\u2026", "created_at": "2015-11-10T20:22:08.000Z", "edit_history_tweet_ids": ["664176233287163905"], "id": "664176233287163905", "author_id": "404893419"}, {"text": "RT @Guyb: Aguilar acusa a El Pa\u00eds de censura --&gt; El Pa\u00eds despide a Aguilar despu\u00e9s de 21 a\u00f1os. Ni siquiera le llam\u00f3 Ca\u00f1o. https://t.co/q8dp\u2026", "created_at": "2015-11-10T20:19:34.000Z", "edit_history_tweet_ids": ["664175586248630272"], "id": "664175586248630272", "author_id": "564817445"}, {"text": "RT @JMiguelBELLA: Antonio Ca\u00f1o se esconde detr\u00e1s de uno de sus secuaces para despedir a Miguel \u00c1ngel Aguilar de @el_pais  https://t.co/BMXg\u2026", "created_at": "2015-11-10T20:19:07.000Z", "edit_history_tweet_ids": ["664175475158327297"], "id": "664175475158327297", "author_id": "2260400938"}, {"text": "RT @JMiguelBELLA: Antonio Ca\u00f1o se esconde detr\u00e1s de uno de sus secuaces para despedir a Miguel \u00c1ngel Aguilar de @el_pais  https://t.co/BMXg\u2026", "created_at": "2015-11-10T20:17:36.000Z", "edit_history_tweet_ids": ["664175091614380033"], "id": "664175091614380033", "author_id": "2598460712"}, {"text": "RT @Guyb: Aguilar acusa a El Pa\u00eds de censura --&gt; El Pa\u00eds despide a Aguilar despu\u00e9s de 21 a\u00f1os. Ni siquiera le llam\u00f3 Ca\u00f1o. https://t.co/q8dp\u2026", "created_at": "2015-11-10T20:17:33.000Z", "edit_history_tweet_ids": ["664175079312523264"], "id": "664175079312523264", "author_id": "586653124"}, {"text": "RT @Guyb: Aguilar acusa a El Pa\u00eds de censura --&gt; El Pa\u00eds despide a Aguilar despu\u00e9s de 21 a\u00f1os. Ni siquiera le llam\u00f3 Ca\u00f1o. https://t.co/q8dp\u2026", "created_at": "2015-11-10T20:16:28.000Z", "edit_history_tweet_ids": ["664174806363975680"], "id": "664174806363975680", "author_id": "470196674"}, {"text": "Lo de Miguel \u00c1ngel Aguilar lo deja bien claro. Firmeza ante la insurgencia.  Qu\u00e9 verg\u00fcenza \n@antonio_cano_", "created_at": "2015-11-10T20:10:04.000Z", "edit_history_tweet_ids": ["664173196808208384"], "id": "664173196808208384", "author_id": "1165435224"}, {"text": "Antonio Ca\u00f1o se esconde detr\u00e1s de uno de sus secuaces para despedir a Miguel \u00c1ngel Aguilar de @el_pais  https://t.co/BMXgL6ioYA", "created_at": "2015-11-10T20:03:53.000Z", "edit_history_tweet_ids": ["664171642478845952"], "id": "664171642478845952", "author_id": "246216416"}, {"text": "Antonio Ca\u00f1o se esconde detr\u00e1s de uno de sus secuaces para despedir a Miguel \u00c1ngel Aguilar de @el_pais  https://t.co/SPBsXFeh3k", "created_at": "2015-11-10T20:03:53.000Z", "edit_history_tweet_ids": ["664171642470440960"], "id": "664171642470440960", "author_id": "1831086858"}, {"text": "Antonio Ca\u00f1o se esconde detr\u00e1s de uno de sus secuaces para despedir a Miguel \u00c1ngel Aguilar de @el_pais  https://t.co/Mi3DvWTqqj", "created_at": "2015-11-10T20:03:53.000Z", "edit_history_tweet_ids": ["664171642462068737"], "id": "664171642462068737", "author_id": "3290069021"}, {"text": "Antonio Ca\u00f1o se esconde detr\u00e1s de uno de sus secuaces para despedir a Miguel \u00c1ngel Aguilar de @el_pais  https://t.co/39DYjQZxWS", "created_at": "2015-11-10T20:03:53.000Z", "edit_history_tweet_ids": ["664171642399100928"], "id": "664171642399100928", "author_id": "2823787955"}, {"text": "RT @Guyb: Aguilar acusa a El Pa\u00eds de censura --&gt; El Pa\u00eds despide a Aguilar despu\u00e9s de 21 a\u00f1os. Ni siquiera le llam\u00f3 Ca\u00f1o. https://t.co/q8dp\u2026", "created_at": "2015-11-10T20:00:23.000Z", "edit_history_tweet_ids": ["664170760437678080"], "id": "664170760437678080", "author_id": "121181001"}, {"text": "RT @TORORECORTE: @TORORECORTE Ortega Cano,  Juan Mora, Miguel Abell\u00e1n, Morenito de Aranda y Amor Rodr\u00edguez. Un placer colaborar humildement\u2026", "created_at": "2015-11-10T19:56:14.000Z", "edit_history_tweet_ids": ["664169716399915008"], "id": "664169716399915008", "author_id": "2977871577"}, {"text": "RT @Guyb: Aguilar acusa a El Pa\u00eds de censura --&gt; El Pa\u00eds despide a Aguilar despu\u00e9s de 21 a\u00f1os. Ni siquiera le llam\u00f3 Ca\u00f1o. https://t.co/q8dp\u2026", "created_at": "2015-11-10T19:50:01.000Z", "edit_history_tweet_ids": ["664168151945465857"], "id": "664168151945465857", "author_id": "2410587929"}, {"text": "Click here to support Funeral for Miguel (Michael) Cano by Jesse Cano https://t.co/u5XDOZacvu", "created_at": "2015-11-10T19:48:07.000Z", "edit_history_tweet_ids": ["664167671374704640"], "id": "664167671374704640", "author_id": "701997026"}, {"text": "RT @Guyb: Aguilar acusa a El Pa\u00eds de censura --&gt; El Pa\u00eds despide a Aguilar despu\u00e9s de 21 a\u00f1os. Ni siquiera le llam\u00f3 Ca\u00f1o. https://t.co/q8dp\u2026", "created_at": "2015-11-10T19:47:40.000Z", "edit_history_tweet_ids": ["664167559596531712"], "id": "664167559596531712", "author_id": "301312101"}, {"text": "@antonio_cano_ EP no es ni una p\u00e1lida sombra de lo que fue ya s\u00f3lo queda Manuel Vicent,\nMiguel Angel Aguilar despedido por inc\u00f3modo", "created_at": "2015-11-10T19:47:06.000Z", "edit_history_tweet_ids": ["664167415157284865"], "id": "664167415157284865", "author_id": "442638949"}, {"text": "@antonio_cano_ La \u00faltima gota de credibilidad del peri\u00f3dico que fue: Miguel \u00c1ngel Aguilar despedido por decir la verdad inc\u00f3moda EP  RIP", "created_at": "2015-11-10T19:46:05.000Z", "edit_history_tweet_ids": ["664167161494114304"], "id": "664167161494114304", "author_id": "442638949"}, {"text": "RT @Romantxus: Ca\u00f1o&amp;Alandete, as\u00ed los quer\u00eda Cebri\u00e1n. \u2018El Pa\u00eds\u2019 despide a Miguel \u00c1ngel Aguilar https://t.co/b5g1RFd3b4 v\u00eda @_infoLibre", "created_at": "2015-11-10T19:41:32.000Z", "edit_history_tweet_ids": ["664166014184243200"], "id": "664166014184243200", "author_id": "10495702"}, {"text": "Ca\u00f1o&amp;Alandete, as\u00ed los quer\u00eda Cebri\u00e1n. \u2018El Pa\u00eds\u2019 despide a Miguel \u00c1ngel Aguilar https://t.co/b5g1RFd3b4 v\u00eda @_infoLibre", "created_at": "2015-11-10T19:40:39.000Z", "edit_history_tweet_ids": ["664165791693152256"], "id": "664165791693152256", "author_id": "162504185"}, {"text": "RT @Guyb: Aguilar acusa a El Pa\u00eds de censura --&gt; El Pa\u00eds despide a Aguilar despu\u00e9s de 21 a\u00f1os. Ni siquiera le llam\u00f3 Ca\u00f1o. https://t.co/q8dp\u2026", "created_at": "2015-11-10T19:38:52.000Z", "edit_history_tweet_ids": ["664165343120723968"], "id": "664165343120723968", "author_id": "353342088"}, {"text": "Aguilar acusa a El Pa\u00eds de censura --&gt; El Pa\u00eds despide a Aguilar despu\u00e9s de 21 a\u00f1os. Ni siquiera le llam\u00f3 Ca\u00f1o. https://t.co/q8dp04AWGI", "created_at": "2015-11-10T19:32:17.000Z", "edit_history_tweet_ids": ["664163686500569088"], "id": "664163686500569088", "author_id": "5020501"}, {"text": "RT @rafaeldejulia: Domingo 27 de Diciembre. II Tentadero Solidario en Torrejon de Ardoz.Ortega Cano,Juan Mora,Miguel Abellan,Morenito de Ar\u2026", "created_at": "2015-11-10T19:22:36.000Z", "edit_history_tweet_ids": ["664161251002621953"], "id": "664161251002621953", "author_id": "319281927"}, {"text": "RT @rafaeldejulia: Domingo 27 de Diciembre. II Tentadero Solidario en Torrejon de Ardoz.Ortega Cano,Juan Mora,Miguel Abellan,Morenito de Ar\u2026", "created_at": "2015-11-10T19:18:56.000Z", "edit_history_tweet_ids": ["664160327509155840"], "id": "664160327509155840", "author_id": "722207798"}, {"text": "RT @rafaeldejulia: Domingo 27 de Diciembre. II Tentadero Solidario en Torrejon de Ardoz.Ortega Cano,Juan Mora,Miguel Abellan,Morenito de Ar\u2026", "created_at": "2015-11-10T19:16:02.000Z", "edit_history_tweet_ids": ["664159597398261761"], "id": "664159597398261761", "author_id": "2582713592"}, {"text": "RT @rafaeldejulia: Domingo 27 de Diciembre. II Tentadero Solidario en Torrejon de Ardoz.Ortega Cano,Juan Mora,Miguel Abellan,Morenito de Ar\u2026", "created_at": "2015-11-10T19:09:06.000Z", "edit_history_tweet_ids": ["664157855927410688"], "id": "664157855927410688", "author_id": "297746868"}, {"text": "RT @rafaeldejulia: Domingo 27 de Diciembre. II Tentadero Solidario en Torrejon de Ardoz.Ortega Cano,Juan Mora,Miguel Abellan,Morenito de Ar\u2026", "created_at": "2015-11-10T18:56:31.000Z", "edit_history_tweet_ids": ["664154685478150144"], "id": "664154685478150144", "author_id": "1949958582"}, {"text": "RT @rafaeldejulia: Domingo 27 de Diciembre. II Tentadero Solidario en Torrejon de Ardoz.Ortega Cano,Juan Mora,Miguel Abellan,Morenito de Ar\u2026", "created_at": "2015-11-10T18:55:34.000Z", "edit_history_tweet_ids": ["664154449259175936"], "id": "664154449259175936", "author_id": "716650353"}, {"text": "Domingo 27 de Diciembre. II Tentadero Solidario en Torrejon de Ardoz.Ortega Cano,Juan Mora,Miguel Abellan,Morenito de Aranda yAmor Rodriguez", "created_at": "2015-11-10T18:52:37.000Z", "edit_history_tweet_ids": ["664153703797145600"], "id": "664153703797145600", "author_id": "960546175"}, {"text": "RT @TORORECORTE: @TORORECORTE Ortega Cano,  Juan Mora, Miguel Abell\u00e1n, Morenito de Aranda y Amor Rodr\u00edguez. Un placer colaborar humildement\u2026", "created_at": "2015-11-10T18:52:13.000Z", "edit_history_tweet_ids": ["664153603939172353"], "id": "664153603939172353", "author_id": "3410077756"}, {"text": "RT @KTLA: Mother says her son Miguel Cano, 34, was killed by LAPD in Lake Balboa https://t.co/HaNkABIkWT https://t.co/WAWk2pTAAx", "created_at": "2015-11-10T18:50:30.000Z", "edit_history_tweet_ids": ["664153173095919616"], "id": "664153173095919616", "author_id": "607494477"}, {"text": "RT @TORORECORTE: @TORORECORTE Ortega Cano,  Juan Mora, Miguel Abell\u00e1n, Morenito de Aranda y Amor Rodr\u00edguez. Un placer colaborar humildement\u2026", "created_at": "2015-11-10T18:11:15.000Z", "edit_history_tweet_ids": ["664143294277005312"], "id": "664143294277005312", "author_id": "722342455"}, {"text": "@TORORECORTE Ortega Cano,  Juan Mora, Miguel Abell\u00e1n, Morenito de Aranda y Amor Rodr\u00edguez. Un placer colaborar humildemente con la causa", "created_at": "2015-11-10T17:35:17.000Z", "edit_history_tweet_ids": ["664134243384213504"], "id": "664134243384213504", "author_id": "238641924"}, {"text": "RT @aprieto_33: @Miguel_lopo veterano curtido chaval, t\u00fa no le haces un ca\u00f1o ni al arcoiris. #Nomefundes #niensue\u00f1os", "created_at": "2015-11-10T17:02:27.000Z", "edit_history_tweet_ids": ["664125981905526784"], "id": "664125981905526784", "author_id": "1394733061"}, {"text": "November 9, 2015\nMiguel Cano, 34\n#ComplyOrDie #PoliceThePolice #RecordThePolice #StopPoliceBrutality... https://t.co/fGl3TVql1Y", "created_at": "2015-11-10T17:01:10.000Z", "edit_history_tweet_ids": ["664125659472531456"], "id": "664125659472531456", "author_id": "21797269"}, {"text": "@Miguel_lopo veterano curtido chaval, t\u00fa no le haces un ca\u00f1o ni al arcoiris. #Nomefundes #niensue\u00f1os", "created_at": "2015-11-10T16:57:39.000Z", "edit_history_tweet_ids": ["664124771605618690"], "id": "664124771605618690", "author_id": "741048846"}, {"text": "Man killed in officer involved shooting in Lake Balboa area identified as 34yo Miguel Cano https://t.co/CUngIbtcrv https://t.co/lvtIMpE4di", "created_at": "2015-11-10T16:34:00.000Z", "edit_history_tweet_ids": ["664118820701798400"], "id": "664118820701798400", "author_id": "17685447"}, {"text": "RT @DaveMechamTime: Distraught in LA's #LakeBalboa neighborhood following officer involved shooting of 34-year-old Miguel Cano. @KTLA https\u2026", "created_at": "2015-11-10T07:44:45.000Z", "edit_history_tweet_ids": ["663985630276227072"], "id": "663985630276227072", "author_id": "1441827096"}, {"text": "RT @KTLA: Mother says her son Miguel Cano, 34, was killed by LAPD in Lake Balboa https://t.co/HaNkABIkWT https://t.co/WAWk2pTAAx", "created_at": "2015-11-10T03:43:14.000Z", "edit_history_tweet_ids": ["663924851581825024"], "id": "663924851581825024", "author_id": "2869432039"}, {"text": "RT @KTLA: Mother says her son Miguel Cano, 34, was killed by LAPD in Lake Balboa https://t.co/HaNkABIkWT https://t.co/WAWk2pTAAx", "created_at": "2015-11-10T03:15:54.000Z", "edit_history_tweet_ids": ["663917973761978368"], "id": "663917973761978368", "author_id": "596827128"}, {"text": "RT @KTLA: Mother says her son Miguel Cano, 34, was killed by LAPD in Lake Balboa https://t.co/HaNkABIkWT https://t.co/WAWk2pTAAx", "created_at": "2015-11-10T03:15:05.000Z", "edit_history_tweet_ids": ["663917766223638528"], "id": "663917766223638528", "author_id": "2448988315"}, {"text": "RT @KTLA: Mother says her son Miguel Cano, 34, was killed by LAPD in Lake Balboa https://t.co/HaNkABIkWT https://t.co/WAWk2pTAAx", "created_at": "2015-11-10T03:14:19.000Z", "edit_history_tweet_ids": ["663917575554789376"], "id": "663917575554789376", "author_id": "1003415323"}, {"text": "RT @KTLA: Mother says her son Miguel Cano, 34, was killed by LAPD in Lake Balboa https://t.co/HaNkABIkWT https://t.co/WAWk2pTAAx", "created_at": "2015-11-10T03:07:06.000Z", "edit_history_tweet_ids": ["663915758691315712"], "id": "663915758691315712", "author_id": "1848995659"}, {"text": "RT @KTLA: Mother says her son Miguel Cano, 34, was killed by LAPD in Lake Balboa https://t.co/HaNkABIkWT https://t.co/WAWk2pTAAx", "created_at": "2015-11-10T03:04:10.000Z", "edit_history_tweet_ids": ["663915022070865922"], "id": "663915022070865922", "author_id": "3153414728"}, {"text": "RT @KTLA: Mother says her son Miguel Cano, 34, was killed by LAPD in Lake Balboa https://t.co/HaNkABIkWT https://t.co/WAWk2pTAAx", "created_at": "2015-11-10T03:02:20.000Z", "edit_history_tweet_ids": ["663914559166484480"], "id": "663914559166484480", "author_id": "340534889"}, {"text": "RT @KTLA: Mother says her son Miguel Cano, 34, was killed by LAPD in Lake Balboa https://t.co/HaNkABIkWT https://t.co/WAWk2pTAAx", "created_at": "2015-11-10T02:58:35.000Z", "edit_history_tweet_ids": ["663913615737532416"], "id": "663913615737532416", "author_id": "3247239973"}, {"text": "RT @KTLA: Mother says her son Miguel Cano, 34, was killed by LAPD in Lake Balboa https://t.co/HaNkABIkWT https://t.co/WAWk2pTAAx", "created_at": "2015-11-10T02:57:54.000Z", "edit_history_tweet_ids": ["663913443498459136"], "id": "663913443498459136", "author_id": "325862777"}, {"text": "RT @KTLA: Mother says her son Miguel Cano, 34, was killed by LAPD in Lake Balboa https://t.co/HaNkABIkWT https://t.co/WAWk2pTAAx", "created_at": "2015-11-10T02:53:42.000Z", "edit_history_tweet_ids": ["663912384457674752"], "id": "663912384457674752", "author_id": "60433942"}, {"text": "RT @KTLA: Mother says her son Miguel Cano, 34, was killed by LAPD in Lake Balboa https://t.co/HaNkABIkWT https://t.co/WAWk2pTAAx", "created_at": "2015-11-10T02:52:30.000Z", "edit_history_tweet_ids": ["663912085647048704"], "id": "663912085647048704", "author_id": "3938741774"}], "meta": {"newest_id": "664188868342784000", "oldest_id": "663912085647048704", "result_count": 99, "next_token": "1jzu9lk96gu5npw2cv7syltgc3xpgwrvnaohm3czazct"}}