{"data": [{"id": "682482580021641216", "text": "Henry Xavier Estrada, 27", "edit_history_tweet_ids": ["682482580021641216"], "author_id": "800157660", "created_at": "2015-12-31T08:45:01.000Z"}, {"id": "682291026086658048", "text": "Henry Xavier Estrada, 27 https://t.co/nfvOjS4ZUl", "edit_history_tweet_ids": ["682291026086658048"], "author_id": "1618416878", "created_at": "2015-12-30T20:03:51.000Z"}, {"id": "682271413902770176", "text": "Henry Xavier Estrada, 27:  Henry Xavier Estrada, a 27-year-old Latino male, died Sunday, Dec. 27, after being ... https://t.co/aI6juuHkvZ", "edit_history_tweet_ids": ["682271413902770176"], "author_id": "733264453", "created_at": "2015-12-30T18:45:55.000Z"}, {"id": "682271412187299842", "text": "Henry Xavier Estrada, 27:  Henry Xavier Estrada, a 27-year-old Latino male, died Sunday, Dec. 27, after being ... https://t.co/gI6TRGyKe9", "edit_history_tweet_ids": ["682271412187299842"], "author_id": "441187574", "created_at": "2015-12-30T18:45:55.000Z"}, {"id": "682271408341188608", "text": "Henry Xavier Estrada, 27:  Henry Xavier Estrada, a 27-year-old Latino male, died Sunday, Dec. 27, after being ... https://t.co/2OwgYvDRSY", "edit_history_tweet_ids": ["682271408341188608"], "author_id": "447804471", "created_at": "2015-12-30T18:45:54.000Z"}, {"id": "682260560474423296", "text": "Henry Xavier Estrada, 27 : #IHateTimWaterman", "edit_history_tweet_ids": ["682260560474423296"], "author_id": "614962906", "created_at": "2015-12-30T18:02:48.000Z"}], "meta": {"newest_id": "682482580021641216", "oldest_id": "682260560474423296", "result_count": 6}}