{"data": [{"created_at": "2016-09-16T03:49:15.000Z", "author_id": "1666245667", "text": "Juan Jos\u00e9 Ben\u00edtez nos cuenta c\u00f3mo es su proceso de investigaci\u00f3n #Hora23 https://t.co/Kkz9ZZHk4L", "edit_history_tweet_ids": ["776628992942149632"], "id": "776628992942149632"}, {"created_at": "2016-09-16T03:34:09.000Z", "author_id": "1666245667", "text": "La saga Caballo de Troya de Juan Jos\u00e9 Ben\u00edtez deja con dudas a algunos bolivianos #Hora23  https://t.co/eJsFZgW6gS", "edit_history_tweet_ids": ["776625194362437632"], "id": "776625194362437632"}, {"created_at": "2016-09-16T03:31:18.000Z", "author_id": "1209571596", "text": "La saga Caballo de Troya de Juan Jos\u00e9 Ben\u00edtez deja con dudas a algunos bolivianos #Hora23  https://t.co/GQ5IYLDDlS", "edit_history_tweet_ids": ["776624475462918144"], "id": "776624475462918144"}, {"created_at": "2016-09-16T02:45:57.000Z", "author_id": "1225260966", "text": "Escritor J.J Ben\u00edtez se dedicar\u00e1 a la pintura - El escritor, periodista y uf\u00f3logo espa\u00f1ol Juan Jos\u00e9 Ben\u00edtez afi... https://t.co/dWeV92uJlp", "edit_history_tweet_ids": ["776613060375183361"], "id": "776613060375183361"}, {"created_at": "2016-09-16T02:45:32.000Z", "author_id": "455474429", "text": "Escritor J.J Ben\u00edtez se dedicar\u00e1 a la pintura: El escritor, periodista y uf\u00f3logo espa\u00f1ol Juan Jos\u00e9 Ben\u00edtez af... https://t.co/Z7SXAgJUqi", "edit_history_tweet_ids": ["776612959363538944"], "id": "776612959363538944"}, {"created_at": "2016-09-16T02:43:54.000Z", "author_id": "314675484", "text": "#FANTASMAS @dani3palaciosdj @robles_edwin Pero bueno Charles Bertlitz parece mucho a Juan Jose Benitez ?????", "edit_history_tweet_ids": ["776612546128252928"], "id": "776612546128252928"}, {"created_at": "2016-09-16T02:38:04.000Z", "author_id": "1017876758", "text": "Escritor J.J Ben\u00edtez se dedicar\u00e1 a la pintura: El escritor, periodista y uf\u00f3logo espa\u00f1ol Juan Jos\u00e9 Ben\u00edtez af... https://t.co/61plJTceTF", "edit_history_tweet_ids": ["776611076985065472"], "id": "776611076985065472"}, {"created_at": "2016-09-16T02:26:42.000Z", "author_id": "1724720348", "text": "Oscar S. Tamay Siguencia Jorge Perea Jose Luis Davalos Jorge Benitez Carlos Veli Lasso Isaias Sanchez Paul... https://t.co/Wv9tfa4y9t", "edit_history_tweet_ids": ["776608216839053312"], "id": "776608216839053312"}, {"created_at": "2016-09-15T23:02:04.000Z", "author_id": "4062456432", "text": "Alcalde, Carlos Jos\u00e9 S\u00e1nchez Pineda asiste a reuni\u00f3n convocada por la Liga Municipal Dominicana y la Federaci\u00f3n... https://t.co/Vr9N4aAnZK", "edit_history_tweet_ids": ["776556721569468422"], "id": "776556721569468422"}, {"created_at": "2016-09-15T22:26:34.000Z", "author_id": "932094488", "text": "RT @Idoble00: Las caras nuevas de la @SPVOFICIAL ,Jose,@AlexMoragas7 ,@jona11mt ,@tatiguillermo ,@JosePicon1 y Alex Benitez y (1) https://t\u2026", "edit_history_tweet_ids": ["776547787622191106"], "id": "776547787622191106"}, {"created_at": "2016-09-15T21:59:55.000Z", "author_id": "1088644142", "text": "RT @Idoble00: Las caras nuevas de la @SPVOFICIAL ,Jose,@AlexMoragas7 ,@jona11mt ,@tatiguillermo ,@JosePicon1 y Alex Benitez y (1) https://t\u2026", "edit_history_tweet_ids": ["776541079982211082"], "id": "776541079982211082"}, {"created_at": "2016-09-15T21:45:30.000Z", "author_id": "291965365", "text": "RT @Idoble00: Las caras nuevas de la @SPVOFICIAL ,Jose,@AlexMoragas7 ,@jona11mt ,@tatiguillermo ,@JosePicon1 y Alex Benitez y (1) https://t\u2026", "edit_history_tweet_ids": ["776537449862459392"], "id": "776537449862459392"}, {"created_at": "2016-09-15T21:45:11.000Z", "author_id": "4728195322", "text": "RT @Idoble00: Las caras nuevas de la @SPVOFICIAL ,Jose,@AlexMoragas7 ,@jona11mt ,@tatiguillermo ,@JosePicon1 y Alex Benitez y (1) https://t\u2026", "edit_history_tweet_ids": ["776537370376171520"], "id": "776537370376171520"}, {"created_at": "2016-09-15T21:44:18.000Z", "author_id": "1088644142", "text": "Las caras nuevas de la @SPVOFICIAL ,Jose,@AlexMoragas7 ,@jona11mt ,@tatiguillermo ,@JosePicon1 y Alex Benitez y (1) https://t.co/GyEQACTAyi", "edit_history_tweet_ids": ["776537151106379777"], "id": "776537151106379777"}, {"created_at": "2016-09-15T21:35:04.000Z", "author_id": "556567365", "text": "RT @ElAlto_GAMEA: #ElAlto_GAMEA @GAMLP @MuniLaPaz #ElAlto Juan Jos\u00e9 Ben\u00edtez dictar\u00e1 un taller a periodistas de El Alto https://t.co/VUrW47C\u2026", "edit_history_tweet_ids": ["776534826526670848"], "id": "776534826526670848"}, {"created_at": "2016-09-15T21:34:08.000Z", "author_id": "3415401629", "text": "#ElAlto_GAMEA @GAMLP @MuniLaPaz #ElAlto Juan Jos\u00e9 Ben\u00edtez dictar\u00e1 un taller a periodistas de El Alto https://t.co/VUrW47CMjF", "edit_history_tweet_ids": ["776534590483759104"], "id": "776534590483759104"}, {"created_at": "2016-09-15T21:16:08.000Z", "author_id": "1596144582", "text": "\u00a1Bienvenido a Bolivia Juan Jos\u00e9 Ben\u00edtez!\n\nJ.J. Ben\u00edtez, es escritor y periodista espa\u00f1ol, conocido en el mundo... https://t.co/WXgNSZm3jb", "edit_history_tweet_ids": ["776530059695763456"], "id": "776530059695763456"}, {"created_at": "2016-09-15T20:45:19.000Z", "author_id": "2925180929", "text": "RT @NSMBolivia: En minutos con Juan Jos\u00e9 Ben\u00edtez periodista y escritor espa\u00f1ol, acomp\u00e1\u00f1ennos junto a @paolabelmonte y @tinsotomayor https:/\u2026", "edit_history_tweet_ids": ["776522308001337344"], "id": "776522308001337344"}, {"created_at": "2016-09-15T20:43:25.000Z", "author_id": "171605370", "text": "En minutos con Juan Jos\u00e9 Ben\u00edtez periodista y escritor espa\u00f1ol, acomp\u00e1\u00f1ennos junto a @paolabelmonte y @tinsotomayor https://t.co/U9W6QOJ8pk", "edit_history_tweet_ids": ["776521826914689024"], "id": "776521826914689024"}, {"created_at": "2016-09-15T20:32:00.000Z", "author_id": "556567365", "text": "RT @TierraPlus: #Bolivia Ganado de Bestseller, Juan Jos\u00e9 Ben\u00edtez, dictar\u00e1 un taller a periodistas de #ElAlto https://t.co/ZoH53aevos https:\u2026", "edit_history_tweet_ids": ["776518956412727296"], "id": "776518956412727296"}, {"created_at": "2016-09-15T20:26:27.000Z", "author_id": "67205326", "text": "Juan Jos\u00e9 Ben\u00edtez dictar\u00e1 taller de Periodismo investigativo en #ElAlto https://t.co/kkyVr8Qfnu #Ben\u00edtezEn Bolivia", "edit_history_tweet_ids": ["776517559239573506"], "id": "776517559239573506"}, {"created_at": "2016-09-15T20:22:23.000Z", "author_id": "1245866610", "text": "RT @RafalStec: Rafa Benitez w II lidze angielskiej. Jose Mourinho w Lidze Europy. Besnik Hasi w Lidze Mistrz\u00f3w", "edit_history_tweet_ids": ["776516535108177920"], "id": "776516535108177920"}, {"created_at": "2016-09-15T20:14:46.000Z", "author_id": "1386828132", "text": "Retweeted Tierra Plus (@TierraPlus):\n\n#Bolivia Ganado de Bestseller, Juan Jos\u00e9 Ben\u00edtez, dictar\u00e1 un taller a... https://t.co/oxmRdlHyl2", "edit_history_tweet_ids": ["776514616448851968"], "id": "776514616448851968"}, {"created_at": "2016-09-15T20:08:22.000Z", "author_id": "1411753430", "text": "#Bolivia Ganado de Bestseller, Juan Jos\u00e9 Ben\u00edtez, dictar\u00e1 un taller a periodistas de #ElAlto https://t.co/ZoH53aevos https://t.co/GjmBxx63DZ", "edit_history_tweet_ids": ["776513006092087296"], "id": "776513006092087296"}, {"created_at": "2016-09-15T19:23:08.000Z", "author_id": "3731425414", "text": "RT @RafalStec: Rafa Benitez w II lidze angielskiej. Jose Mourinho w Lidze Europy. Besnik Hasi w Lidze Mistrz\u00f3w", "edit_history_tweet_ids": ["776501625489940484"], "id": "776501625489940484"}, {"created_at": "2016-09-15T19:18:08.000Z", "author_id": "730019042556313602", "text": "Join our Facebook Live on the Afro-Latina Experience with Tahiry Jose &amp; Chopped's Santana Benitez https://t.co/IBNREHI67y", "edit_history_tweet_ids": ["776500367605497856"], "id": "776500367605497856"}, {"created_at": "2016-09-15T19:07:43.000Z", "author_id": "2628782213", "text": "RT @RafalStec: Rafa Benitez w II lidze angielskiej. Jose Mourinho w Lidze Europy. Besnik Hasi w Lidze Mistrz\u00f3w", "edit_history_tweet_ids": ["776497743556710400"], "id": "776497743556710400"}, {"created_at": "2016-09-15T19:07:19.000Z", "author_id": "1151070480", "text": "RT @RafalStec: Rafa Benitez w II lidze angielskiej. Jose Mourinho w Lidze Europy. Besnik Hasi w Lidze Mistrz\u00f3w", "edit_history_tweet_ids": ["776497645095354368"], "id": "776497645095354368"}, {"created_at": "2016-09-15T18:49:51.000Z", "author_id": "1628220590", "text": "RT @IsmaelFCP: Juan Jos\u00e9 Ben\u00edtez: \u00abLos alien\u00edgenas podr\u00edan ser los sembradores de la vida en la Tierra\u00bb https://t.co/ndJXzltz2j v\u00eda @nortec\u2026", "edit_history_tweet_ids": ["776493248281976832"], "id": "776493248281976832"}, {"created_at": "2016-09-15T18:47:08.000Z", "author_id": "161186369", "text": "RT @RafalStec: Rafa Benitez w II lidze angielskiej. Jose Mourinho w Lidze Europy. Besnik Hasi w Lidze Mistrz\u00f3w", "edit_history_tweet_ids": ["776492562634903556"], "id": "776492562634903556"}, {"created_at": "2016-09-15T18:45:24.000Z", "author_id": "1195101775", "text": "RT @RafalStec: Rafa Benitez w II lidze angielskiej. Jose Mourinho w Lidze Europy. Besnik Hasi w Lidze Mistrz\u00f3w", "edit_history_tweet_ids": ["776492125999497216"], "id": "776492125999497216"}, {"created_at": "2016-09-15T18:42:16.000Z", "author_id": "3493164262", "text": "RT @RafalStec: Rafa Benitez w II lidze angielskiej. Jose Mourinho w Lidze Europy. Besnik Hasi w Lidze Mistrz\u00f3w", "edit_history_tweet_ids": ["776491339374616576"], "id": "776491339374616576"}, {"created_at": "2016-09-15T18:40:48.000Z", "author_id": "3384675333", "text": "RT @RafalStec: Rafa Benitez w II lidze angielskiej. Jose Mourinho w Lidze Europy. Besnik Hasi w Lidze Mistrz\u00f3w", "edit_history_tweet_ids": ["776490971290865664"], "id": "776490971290865664"}, {"created_at": "2016-09-15T18:40:33.000Z", "author_id": "39791866", "text": "RT @RafalStec: Rafa Benitez w II lidze angielskiej. Jose Mourinho w Lidze Europy. Besnik Hasi w Lidze Mistrz\u00f3w", "edit_history_tweet_ids": ["776490905754796032"], "id": "776490905754796032"}, {"created_at": "2016-09-15T18:40:00.000Z", "author_id": "1122450625", "text": "RT @RafalStec: Rafa Benitez w II lidze angielskiej. Jose Mourinho w Lidze Europy. Besnik Hasi w Lidze Mistrz\u00f3w", "edit_history_tweet_ids": ["776490769268039680"], "id": "776490769268039680"}, {"created_at": "2016-09-15T18:37:37.000Z", "author_id": "45620893", "text": "RT @RafalStec: Rafa Benitez w II lidze angielskiej. Jose Mourinho w Lidze Europy. Besnik Hasi w Lidze Mistrz\u00f3w", "edit_history_tweet_ids": ["776490167804760070"], "id": "776490167804760070"}, {"created_at": "2016-09-15T18:36:50.000Z", "author_id": "45550670", "text": "Rafa Benitez w II lidze angielskiej. Jose Mourinho w Lidze Europy. Besnik Hasi w Lidze Mistrz\u00f3w", "edit_history_tweet_ids": ["776489974212464640"], "id": "776489974212464640"}, {"created_at": "2016-09-15T17:58:20.000Z", "author_id": "3343177703", "text": "Hoy en #HORA23 Juan Jos\u00e9 Ben\u00edtez. \nFirma de aut\u00f3grafos 18:00 a 19:00 horas https://t.co/igdbo3zZwd", "edit_history_tweet_ids": ["776480281528111105"], "id": "776480281528111105"}, {"created_at": "2016-09-15T17:08:26.000Z", "author_id": "1458202866", "text": "Facebook Live on the #AfroLatina Experience https://t.co/mz4IsP3dRn via @latina are u hanging?! I am! #Celihangout", "edit_history_tweet_ids": ["776467726395027456"], "id": "776467726395027456"}, {"created_at": "2016-09-15T17:02:50.000Z", "author_id": "2925180929", "text": "RT @NSMBolivia: Hoy en el programa una charla con el gran escritor Juan Jos\u00e9 Ben\u00edtez, imperdible, los esperamos a las 15:00 https://t.co/0d\u2026", "edit_history_tweet_ids": ["776466317922693120"], "id": "776466317922693120"}, {"created_at": "2016-09-15T16:16:46.000Z", "author_id": "451973628", "text": "#1051. El diputado Luis Enrique Ben\u00edtez arma show en toma de posesi\u00f3n de Jos\u00e9 Aispuro,  los priistas deben aceptar que ahora son oposici\u00f3n", "edit_history_tweet_ids": ["776454723306074113"], "id": "776454723306074113"}, {"created_at": "2016-09-15T16:06:14.000Z", "author_id": "171605370", "text": "Hoy en el programa una charla con el gran escritor Juan Jos\u00e9 Ben\u00edtez, imperdible, los esperamos a las 15:00 https://t.co/0dNSkodujD", "edit_history_tweet_ids": ["776452072485089280"], "id": "776452072485089280"}, {"created_at": "2016-09-15T16:05:26.000Z", "author_id": "1507360405", "text": "En la toma de Protesta de Jos\u00e9 Rosas Aispuro Torres abuchean a Ad\u00e1n Soria y Enrique Ben\u00edtez", "edit_history_tweet_ids": ["776451872123072512"], "id": "776451872123072512"}, {"created_at": "2016-09-15T15:54:14.000Z", "author_id": "2994099267", "text": "@LuisEnriquePy @LaUnionAM800 Descomponen los PILETEROS COMO FREDDY BAREIRO, JOSE ORTIGOZA, JULIAN BENITEZ, CECILIO pero nunca uds dicen eso", "edit_history_tweet_ids": ["776449054486228992"], "id": "776449054486228992"}, {"created_at": "2016-09-15T15:43:23.000Z", "author_id": "3343129961", "text": "Hoy en #HORA23 Juan Jos\u00e9 Ben\u00edtez, periodista espa\u00f1ol, conocido por sus trabajos en investigaci\u00f3n y divulgaci\u00f3n... https://t.co/oIJwUmr89g", "edit_history_tweet_ids": ["776446321909567489"], "id": "776446321909567489"}, {"created_at": "2016-09-15T15:43:07.000Z", "author_id": "3343177703", "text": "Hoy en #HORA23 Juan Jos\u00e9 Ben\u00edtez, periodista espa\u00f1ol, conocido por sus trabajos en investigaci\u00f3n y divulgaci\u00f3n... https://t.co/Cd6gbOJzqG", "edit_history_tweet_ids": ["776446255480184833"], "id": "776446255480184833"}, {"created_at": "2016-09-15T15:42:08.000Z", "author_id": "3343129961", "text": "Hoy en #HORA23 Juan Jos\u00e9 Ben\u00edtez, periodista espa\u00f1ol, conocido por sus trabajos en investigaci\u00f3n y divulgaci\u00f3n... https://t.co/r36fisSjAi", "edit_history_tweet_ids": ["776446006195990529"], "id": "776446006195990529"}, {"created_at": "2016-09-15T15:41:53.000Z", "author_id": "3343177703", "text": "Hoy en #HORA23 Juan Jos\u00e9 Ben\u00edtez, periodista espa\u00f1ol, conocido por sus trabajos en investigaci\u00f3n y divulgaci\u00f3n... https://t.co/35rqoVjp4C", "edit_history_tweet_ids": ["776445943734427650"], "id": "776445943734427650"}, {"created_at": "2016-09-15T15:28:02.000Z", "author_id": "1332481604", "text": "RT @ElAlto_GAMEA: https://t.co/o8OnNGvG83\n#ElAlto Ganador del premio Bestseller Juan Jos\u00e9 Ben\u00edtez dictar\u00e1 un taller a periodistas https://t\u2026", "edit_history_tweet_ids": ["776442459459117056"], "id": "776442459459117056"}, {"created_at": "2016-09-15T15:23:12.000Z", "author_id": "556567365", "text": "RT @ElAlto_GAMEA: https://t.co/o8OnNGvG83\n#ElAlto Ganador del premio Bestseller Juan Jos\u00e9 Ben\u00edtez dictar\u00e1 un taller a periodistas https://t\u2026", "edit_history_tweet_ids": ["776441242032955393"], "id": "776441242032955393"}, {"created_at": "2016-09-15T15:19:52.000Z", "author_id": "3415401629", "text": "https://t.co/o8OnNGvG83\n#ElAlto Ganador del premio Bestseller Juan Jos\u00e9 Ben\u00edtez dictar\u00e1 un taller a periodistas https://t.co/sgCNWlanUV", "edit_history_tweet_ids": ["776440403515936768"], "id": "776440403515936768"}, {"created_at": "2016-09-15T14:59:51.000Z", "author_id": "635627271", "text": "Juan Jos\u00e9 Ben\u00edtez: \u00abLos alien\u00edgenas podr\u00edan ser los sembradores de la vida en la Tierra\u00bb https://t.co/ndJXzltz2j v\u00eda @nortecastilla", "edit_history_tweet_ids": ["776435367641812992"], "id": "776435367641812992"}, {"created_at": "2016-09-15T13:31:38.000Z", "author_id": "1260270895", "text": "RT @Latina: Make sure you are following our FB: https://t.co/gKAtUktyzD https://t.co/1UkmBISh2n", "edit_history_tweet_ids": ["776413165877760004"], "id": "776413165877760004"}, {"created_at": "2016-09-15T12:35:11.000Z", "author_id": "2730020969", "text": "@SkyFootball It started in Jose Morinho and Rafael Benitez era", "edit_history_tweet_ids": ["776398960219000833"], "id": "776398960219000833"}, {"created_at": "2016-09-15T11:53:32.000Z", "author_id": "226096649", "text": "Hamann \".. and because there was some needle between Rafa Benitez and Jose Mourinho, the games got very heated.\" #LFC", "edit_history_tweet_ids": ["776388479978790913"], "id": "776388479978790913"}, {"created_at": "2016-09-15T10:17:03.000Z", "author_id": "1958251632", "text": "JUAN JOS\u00c9 BEN\u00cdTEZ HABLA DE SU LIBRO \"SOLO PARA TUS OJOS\" EN CANAL DEL MISTERIO | CANAL DE MISTERIO... https://t.co/6CaLXqU9Tq", "edit_history_tweet_ids": ["776364197244309504"], "id": "776364197244309504"}, {"created_at": "2016-09-15T10:17:01.000Z", "author_id": "1958251632", "text": "JUAN JOS\u00c9 BEN\u00cdTEZ HABLA DE SU LIBRO \"SOLO PARA TUS OJOS\" EN CANAL DEL MISTERIO | CANAL DE MISTERIO https://t.co/bKi8XNTlnh", "edit_history_tweet_ids": ["776364191087202304"], "id": "776364191087202304"}, {"created_at": "2016-09-15T10:16:15.000Z", "author_id": "144147852", "text": "Gracias Jos\u00e8 Ben\u00ectez e Cecilia Garcia! Los amo mucho https://t.co/ChOcOb42nk", "edit_history_tweet_ids": ["776363997540986880"], "id": "776363997540986880"}, {"created_at": "2016-09-15T08:38:21.000Z", "author_id": "264657550", "text": "@FootballTeasers fergie....wenger.   Jose...  moyes.....redknapp curbishley benitez", "edit_history_tweet_ids": ["776339357187903488"], "id": "776339357187903488"}, {"created_at": "2016-09-15T07:57:42.000Z", "author_id": "1953700194", "text": "RT @unpoemaaldia: Jos\u00e9 Manuel Ben\u00edtez Ariza, Un dibujo infantil\n\n\u00abAl principio te cuesta...\u00bb\n\n#poesia #RT @RENACIMIENTOED https://t.co/7Pyk\u2026", "edit_history_tweet_ids": ["776329129570492416"], "id": "776329129570492416"}, {"created_at": "2016-09-15T03:58:29.000Z", "author_id": "343036752", "text": "Jose Carlos Benitez Nyssen yaaaa ven!!!!! Violeta Manzo no me est\u00e1 atudando con mi chamba... est\u00e1 fuera de control jajaja", "edit_history_tweet_ids": ["776268929555542017"], "id": "776268929555542017"}, {"created_at": "2016-09-15T02:56:27.000Z", "author_id": "190697412", "text": "RT @DamianCasais: 1 min del ST y sigue jugando gratis Jos\u00e9 Lu\u00eds G\u00f3mez en Lan\u00fas. Sigue ganando #Independiente 1-0 con Gol de Benitez @INDEPE\u2026", "edit_history_tweet_ids": ["776253318012211201"], "id": "776253318012211201"}, {"created_at": "2016-09-15T02:48:39.000Z", "author_id": "2332225010", "text": "RT @yohanandiaz: El escritor espa\u00f1ol, Juan Jos\u00e9 Ben\u00edtez se encuentra en Bolivia. Toda la informaci\u00f3n de sus actividades en Am\u00e9rica... https\u2026", "edit_history_tweet_ids": ["776251355329683456"], "id": "776251355329683456"}, {"created_at": "2016-09-15T01:42:08.000Z", "author_id": "40736200", "text": "El escritor espa\u00f1ol, Juan Jos\u00e9 Ben\u00edtez se encuentra en Bolivia. Toda la informaci\u00f3n de sus actividades en Am\u00e9rica... https://t.co/9sSbfUSlJh", "edit_history_tweet_ids": ["776234612557221888"], "id": "776234612557221888"}, {"created_at": "2016-09-15T00:09:25.000Z", "author_id": "906013712", "text": "Miren Jose Luis Medina Esteban Martone Benitez comprense un ford https://t.co/w5du6xHJCq", "edit_history_tweet_ids": ["776211282420654081"], "id": "776211282420654081"}, {"created_at": "2016-09-14T23:51:59.000Z", "author_id": "3441641656", "text": "RT @LuisLopezPSUV: FORO | \nHospital Lcdo Jos\u00e9 Mar\u00eda Ben\u00edtez hacia su transformaci\u00f3n a Hospital Docente Universitario. @TareckPSUV https://t\u2026", "edit_history_tweet_ids": ["776206893312315392"], "id": "776206893312315392"}, {"created_at": "2016-09-14T23:28:47.000Z", "author_id": "1261130083", "text": "Jornada de donantes voluntarios para pacientes del hospital Jos\u00e9 Mar\u00eda Benitez. #UNT #UnNuevoTiempo #Jds #JdsRibas https://t.co/2a1rvkhgR6", "edit_history_tweet_ids": ["776201053889003520"], "id": "776201053889003520"}, {"created_at": "2016-09-14T23:21:59.000Z", "author_id": "870700304", "text": "1 min del ST y sigue jugando gratis Jos\u00e9 Lu\u00eds G\u00f3mez en Lan\u00fas. Sigue ganando #Independiente 1-0 con Gol de Benitez @INDEPENDIENTEgc", "edit_history_tweet_ids": ["776199345871921153"], "id": "776199345871921153"}, {"created_at": "2016-09-14T23:10:55.000Z", "author_id": "2227163430", "text": "RT @DeLaCunaAlInf: #Independiente 22' | Amonestado Jos\u00e9 Luis G\u00f3mez por una falta sobre Ben\u00edtez. #CAIvsLAN", "edit_history_tweet_ids": ["776196559428026368"], "id": "776196559428026368"}, {"created_at": "2016-09-14T23:08:36.000Z", "author_id": "271850534", "text": "RT @citizendonGh: Are you not the same Jose who disrespected this competition when Benitez won it for Chelsea? https://t.co/ErtY0mpS8a", "edit_history_tweet_ids": ["776195977870999553"], "id": "776195977870999553"}, {"created_at": "2016-09-14T22:57:36.000Z", "author_id": "2939115441", "text": "Directamente de Multimedios Tampico @HenryUicabs y Jos\u00e9 Manuel Ben\u00edtez en el mariachi de #FiestaMexicana2016!!!! https://t.co/dUwxWF2Joq", "edit_history_tweet_ids": ["776193209139499008"], "id": "776193209139499008"}, {"created_at": "2016-09-14T22:57:18.000Z", "author_id": "264137458", "text": "RT @citizendonGh: Are you not the same Jose who disrespected this competition when Benitez won it for Chelsea? https://t.co/ErtY0mpS8a", "edit_history_tweet_ids": ["776193133461864448"], "id": "776193133461864448"}, {"created_at": "2016-09-14T22:48:16.000Z", "author_id": "720872178263044097", "text": "RT @Gussflorentin: #Independiente | Amonestado Jos\u00e9 Luis Gomez de #Lanus por falta contra Ben\u00edtez @Contragolpe610", "edit_history_tweet_ids": ["776190859943505920"], "id": "776190859943505920"}, {"created_at": "2016-09-14T22:45:26.000Z", "author_id": "1336370394", "text": "RT @DeLaCunaAlInf: #Independiente 22' | Amonestado Jos\u00e9 Luis G\u00f3mez por una falta sobre Ben\u00edtez. #CAIvsLAN", "edit_history_tweet_ids": ["776190146819592192"], "id": "776190146819592192"}, {"created_at": "2016-09-14T22:45:07.000Z", "author_id": "315243532", "text": "#Independiente | Amonestado Jos\u00e9 Luis Gomez de #Lanus por falta contra Ben\u00edtez @Contragolpe610", "edit_history_tweet_ids": ["776190068629405696"], "id": "776190068629405696"}, {"created_at": "2016-09-14T22:38:20.000Z", "author_id": "137439817", "text": "#Independiente 22' | Amonestado Jos\u00e9 Luis G\u00f3mez por una falta sobre Ben\u00edtez. #CAIvsLAN", "edit_history_tweet_ids": ["776188360561979392"], "id": "776188360561979392"}, {"created_at": "2016-09-14T22:31:10.000Z", "author_id": "201194808", "text": "Are you not the same Jose who disrespected this competition when Benitez won it for Chelsea? https://t.co/ErtY0mpS8a", "edit_history_tweet_ids": ["776186557128552448"], "id": "776186557128552448"}, {"created_at": "2016-09-14T22:19:40.000Z", "author_id": "813868915", "text": "RT @dogfightjgra: #ESPNFC jose desde venezuela y zidane se quiere parecer a benitez tanto q pagaron por james para dejarlo en la banca", "edit_history_tweet_ids": ["776183663193194501"], "id": "776183663193194501"}, {"created_at": "2016-09-14T22:10:17.000Z", "author_id": "52832705", "text": "@ESPNFC jose desde venezuela y zidane se quiere parecer a benitez tanto q pagaron por james para dejarlo en la banca", "edit_history_tweet_ids": ["776181301862866944"], "id": "776181301862866944"}, {"created_at": "2016-09-14T21:47:21.000Z", "author_id": "52832705", "text": "@realmadrid jose desde venezuela y zidane se quiere parecer a benitez tanto q pagaron por james para dejarlo en la banca", "edit_history_tweet_ids": ["776175531087818757"], "id": "776175531087818757"}, {"created_at": "2016-09-14T21:20:20.000Z", "author_id": "52832705", "text": "#BALONDIVIDIDO  jose desde venezuela y zidane se quiere parecer a  benitez tanto q pagaron por james para dejarlo en la banca", "edit_history_tweet_ids": ["776168730187403264"], "id": "776168730187403264"}, {"created_at": "2016-09-14T20:10:44.000Z", "author_id": "1048149348", "text": "RT @TorreMarAirshow: Estupendas Fotos de Manuel Jos\u00e9  Ben\u00edtez Guerrero de la @patrullaguila del @ejercitodelaire en el @TorreMarAirshow htt\u2026", "edit_history_tweet_ids": ["776151215944134656"], "id": "776151215944134656"}, {"created_at": "2016-09-14T19:35:13.000Z", "author_id": "4862333911", "text": "Jos\u00e9 Cuero y Caicedo, un obispo vinculado a la pol\u00edtica\u00a0 https://t.co/56tzxQ03gK", "edit_history_tweet_ids": ["776142276485459968"], "id": "776142276485459968"}, {"created_at": "2016-09-14T18:46:55.000Z", "author_id": "4625202789", "text": "Join our Facebook Live on the Afro-Latina Experience with Tahiry Jose &amp; Chopped's Santana Benitez: When plann... https://t.co/u9BTwcGgAq", "edit_history_tweet_ids": ["776130123514847232"], "id": "776130123514847232"}, {"created_at": "2016-09-14T18:17:03.000Z", "author_id": "356312021", "text": "Don't really see Chelsea and Liverpool as a rivalry. It only became heated between them because Jose and Benitez didn't like each other", "edit_history_tweet_ids": ["776122604885315584"], "id": "776122604885315584"}, {"created_at": "2016-09-14T18:00:39.000Z", "author_id": "18061792", "text": "Make sure you are following our FB: https://t.co/gKAtUktyzD https://t.co/1UkmBISh2n", "edit_history_tweet_ids": ["776118477828468736"], "id": "776118477828468736"}, {"created_at": "2016-09-14T17:49:40.000Z", "author_id": "718136183247794176", "text": "RT @LuisLopezPSUV: FORO | \nHospital Lcdo Jos\u00e9 Mar\u00eda Ben\u00edtez hacia su transformaci\u00f3n a Hospital Docente Universitario. @TareckPSUV https://t\u2026", "edit_history_tweet_ids": ["776115713060835328"], "id": "776115713060835328"}, {"created_at": "2016-09-14T17:44:27.000Z", "author_id": "3265559538", "text": "#USLatino #Latina Join our Facebook Live on the Afro-Latina Experience with Tahiry Jose &amp; Ch... https://t.co/0wioc0fhJn #UniteBlue #Tcot", "edit_history_tweet_ids": ["776114401640271872"], "id": "776114401640271872"}, {"created_at": "2016-09-14T17:20:53.000Z", "author_id": "2999416468", "text": "\u00a1S\u00edgueme y mot\u00edvame con el Seguimiento en Vivo de #Runtastic! https://t.co/F5yEpYwk54", "edit_history_tweet_ids": ["776108470139576320"], "id": "776108470139576320"}, {"created_at": "2016-09-14T16:27:07.000Z", "author_id": "464747720", "text": "RT @LuisLopezPSUV: FORO | \nHospital Lcdo Jos\u00e9 Mar\u00eda Ben\u00edtez hacia su transformaci\u00f3n a Hospital Docente Universitario. @TareckPSUV https://t\u2026", "edit_history_tweet_ids": ["776094937922306048"], "id": "776094937922306048"}, {"created_at": "2016-09-14T16:23:23.000Z", "author_id": "703487696", "text": "RT @LuisLopezPSUV: FORO | \nHospital Lcdo Jos\u00e9 Mar\u00eda Ben\u00edtez hacia su transformaci\u00f3n a Hospital Docente Universitario. @TareckPSUV https://t\u2026", "edit_history_tweet_ids": ["776094002273714176"], "id": "776094002273714176"}, {"created_at": "2016-09-14T16:20:18.000Z", "author_id": "121176422", "text": "Ben\u00edtez falha rece\u00e7\u00e3o do Braga ao Gent por les\u00e3o: O treinador do Sporting de Braga, Jos\u00e9 Peseiro, convocou ho... https://t.co/DxbNpkZked", "edit_history_tweet_ids": ["776093224708386816"], "id": "776093224708386816"}, {"created_at": "2016-09-14T16:15:13.000Z", "author_id": "2999416468", "text": "\u00a1S\u00edgueme y mot\u00edvame con el Seguimiento en Vivo de #Runtastic! https://t.co/Ccd8windPy", "edit_history_tweet_ids": ["776091944267186176"], "id": "776091944267186176"}, {"created_at": "2016-09-14T16:02:11.000Z", "author_id": "1381696771", "text": "Ben\u00edtez falha rece\u00e7\u00e3o ao Gent por les\u00e3o: ... Jos\u00e9 Peseiro, convocou hoje Mart\u00ednez e Djavan... https://t.co/jQ1u7yjzJG #football #futebol", "edit_history_tweet_ids": ["776088665319550976"], "id": "776088665319550976"}, {"created_at": "2016-09-14T15:18:00.000Z", "author_id": "241431520", "text": "GRAN OLEADA.LA  J. J. (JUAN JOSE) BENITEZ SIGMARLIBROS https://t.co/CYSJ9zyvnm", "edit_history_tweet_ids": ["776077547318632448"], "id": "776077547318632448"}, {"created_at": "2016-09-14T14:42:23.000Z", "author_id": "3128178214", "text": "Te gusta jose? \u2014 Ben\u00edtez? Esta re bueno\ud83d\udc4c\ud83d\ude0d  https://t.co/4dH7EAPIhP", "edit_history_tweet_ids": ["776068584426631168"], "id": "776068584426631168"}, {"created_at": "2016-09-14T14:35:43.000Z", "author_id": "177377000", "text": "@benitez_leo Jose \"pepe\" Moreno,Venancio Ramos,Maturana,Jairo Castillo, Marco Perez,etc", "edit_history_tweet_ids": ["776066906356903938"], "id": "776066906356903938"}, {"created_at": "2016-09-14T14:01:46.000Z", "author_id": "151708782", "text": "Sp. Braga: Matheus na baliza, Ben\u00edtez e Fonte de fora - Jos\u00e9 Peseiro confirma altera\u00e7\u00e3o na baliza https://t.co/GXP7B0wN2E", "edit_history_tweet_ids": ["776058360743522308"], "id": "776058360743522308"}, {"created_at": "2016-09-14T13:58:37.000Z", "author_id": "3114988294", "text": "RT @LuisLopezPSUV: FORO | \nHospital Lcdo Jos\u00e9 Mar\u00eda Ben\u00edtez hacia su transformaci\u00f3n a Hospital Docente Universitario. @TareckPSUV https://t\u2026", "edit_history_tweet_ids": ["776057570410782725"], "id": "776057570410782725"}, {"created_at": "2016-09-14T13:35:17.000Z", "author_id": "350918059", "text": "RT @LuisLopezPSUV: FORO | \nHospital Lcdo Jos\u00e9 Mar\u00eda Ben\u00edtez hacia su transformaci\u00f3n a Hospital Docente Universitario. @TareckPSUV https://t\u2026", "edit_history_tweet_ids": ["776051698649497600"], "id": "776051698649497600"}], "meta": {"newest_id": "776628992942149632", "oldest_id": "776051698649497600", "result_count": 100, "next_token": "1jzu9lk96gu5npw2y8n5ktptnwns65182yfwngrb34hp"}}