{"data": [{"edit_history_tweet_ids": ["1443458080801501185"], "text": "RT @Newsday_TT: KENYAN President Uhuru Kenyatta will visit TT next week to meet with the Prime Minister and Cabinet officials, Port of Spai\u2026", "author_id": "486651074", "id": "1443458080801501185", "created_at": "2021-09-30T06:09:59.000Z"}, {"edit_history_tweet_ids": ["1443417179320303623"], "text": "#AyudaCiudadana \u26a0\n\n\ud83d\udd0e El joven sali\u00f3 de su domicilio en la colonia Urbi Villas del Prado, y ya no regres\u00f3, por lo que se desconoce su paradero \ud83d\udc64\n\nhttps://t.co/GD5536rQYv", "author_id": "2486013314", "id": "1443417179320303623", "created_at": "2021-09-30T03:27:27.000Z"}, {"edit_history_tweet_ids": ["1443415808869224449"], "text": "@AxieScolarships God day manager am currently looking for a scholarship.i hope you give me opportunity to join you,\nName:Joel Martinez\nAge:43\nGender:male\nLocation:bacolod city", "author_id": "1433316513105149953", "id": "1443415808869224449", "created_at": "2021-09-30T03:22:00.000Z"}, {"edit_history_tweet_ids": ["1443410883128926209"], "text": "Pesquisa de joven de 18 a\u00f1os Joel Jair Mart\u00ednez Flores\nhttps://t.co/LkQ4BlfBJq https://t.co/Ngeiog7K4C", "author_id": "143343347", "id": "1443410883128926209", "created_at": "2021-09-30T03:02:26.000Z"}, {"edit_history_tweet_ids": ["1443402218384789505"], "text": "RT @Newsday_TT: KENYAN President Uhuru Kenyatta will visit TT next week to meet with the Prime Minister and Cabinet officials, Port of Spai\u2026", "author_id": "3309131935", "id": "1443402218384789505", "created_at": "2021-09-30T02:28:00.000Z"}, {"edit_history_tweet_ids": ["1443391858701324297"], "text": "REPORTAN COMO DESAPARECIDO A JOEL JAIR MART\u00cdNEZ FLORES DE 18 A\u00d1OS - https://t.co/e2VWxOjmLY https://t.co/RLsckjTmm2", "author_id": "2277145099", "id": "1443391858701324297", "created_at": "2021-09-30T01:46:50.000Z"}, {"edit_history_tweet_ids": ["1443380316077449217"], "text": "RT @FGEBC: La @FGE solicita el apoyo de la ciudadan\u00eda para localizar a Joel Jair Mart\u00ednez Flores de 18 a\u00f1os de edad, quien el 14 de septiem\u2026", "author_id": "2788412705", "id": "1443380316077449217", "created_at": "2021-09-30T01:00:58.000Z"}, {"edit_history_tweet_ids": ["1443379524020756480"], "text": "La @FGE solicita el apoyo de la ciudadan\u00eda para localizar a Joel Jair Mart\u00ednez Flores de 18 a\u00f1os de edad, quien el 14 de septiembre de 2021, sali\u00f3 de su domicilio en la colonia Urbi Villas del Prado, de Tijuana; en caso de tener informaci\u00f3n llamar al 911 o al 089. https://t.co/gA21KXNyxD", "author_id": "2750936599", "id": "1443379524020756480", "created_at": "2021-09-30T00:57:49.000Z"}, {"edit_history_tweet_ids": ["1443377654200102918"], "text": "#ServicioSocial La Fiscal\u00eda General del Estado (FGE) solicita el apoyo de la ciudadan\u00eda para localizar a Joel Jair Mart\u00ednez Flores de 18 a\u00f1os de edad.\nhttps://t.co/3iDer58mCq", "author_id": "65505209", "id": "1443377654200102918", "created_at": "2021-09-30T00:50:24.000Z"}, {"edit_history_tweet_ids": ["1443372224178802694"], "text": "RT @Newsday_TT: KENYAN President Uhuru Kenyatta will visit TT next week to meet with the Prime Minister and Cabinet officials, Port of Spai\u2026", "author_id": "108912964", "id": "1443372224178802694", "created_at": "2021-09-30T00:28:49.000Z"}, {"edit_history_tweet_ids": ["1443363276625154050"], "text": "RT @Newsday_TT: KENYAN President Uhuru Kenyatta will visit TT next week to meet with the Prime Minister and Cabinet officials, Port of Spai\u2026", "author_id": "768402956089786368", "id": "1443363276625154050", "created_at": "2021-09-29T23:53:16.000Z"}, {"edit_history_tweet_ids": ["1443363028179865600"], "text": "KENYAN President Uhuru Kenyatta will visit TT next week to meet with the Prime Minister and Cabinet officials, Port of Spain mayor Joel Martinez said on Wednesday.\nhttps://t.co/IvmkrITQb6", "author_id": "851457023044616192", "id": "1443363028179865600", "created_at": "2021-09-29T23:52:16.000Z"}, {"edit_history_tweet_ids": ["1443304037097431040"], "text": "#Mexicali // La alcaldesa electa, Norma Bustamante Mart\u00ednez, present\u00f3 el gabinete que conformar\u00e1 el 24 Ayuntamiento de Mexicali, donde destaca la propuesta de Joel Hidalgo Due\u00f1ez Hurtado para ocupar la direcci\u00f3n de seguridad p\u00fablica.\n\nEnt\u00e9rate ac\u00e1 \ud83d\udc47\nhttps://t.co/eBMYRxU9M8 https://t.co/ir0BQQWYkq", "author_id": "3617779276", "id": "1443304037097431040", "created_at": "2021-09-29T19:57:52.000Z"}, {"edit_history_tweet_ids": ["1443204124753993730"], "text": "Valery, Oscar Ure\u00f1a, Gabri Mart\u00ednez, Joel Roca (con la selecci\u00f3n) y lo que viene por detr\u00e1s con los Iker y Erik... \n\nMucho ojo al trabajo que se viene haciendo en la Base del Girona, que empieza a dar sus frutos. En \u00e9ste caso, va de extremos la cosa. https://t.co/Tw19qZzagL", "author_id": "475116385", "id": "1443204124753993730", "created_at": "2021-09-29T13:20:51.000Z"}, {"edit_history_tweet_ids": ["1443181368985403400"], "text": "@Ruuux10 Vaya camada de extremos que est\u00e1n saliendo de la cantera del Girona: \u00d3scar Ure\u00f1a, Gabri Mart\u00ednez, Joel Roca\ud83d\udc4c", "author_id": "1310878096770433025", "id": "1443181368985403400", "created_at": "2021-09-29T11:50:26.000Z"}, {"edit_history_tweet_ids": ["1443072802811166722"], "text": "RT @ZanferBoxing: Resultados del resto de la cartelera en Tijuana \ud83e\udd4a\u2b07\n\nMiguel \u00c1ngel Torres DU8 Edgar Ulises Espinoza\nJorge Luis Mart\u00ednez KOT\u2026", "author_id": "167283710", "id": "1443072802811166722", "created_at": "2021-09-29T04:39:01.000Z"}, {"edit_history_tweet_ids": ["1443072402473160704"], "text": "Resultados del resto de la cartelera en Tijuana \ud83e\udd4a\u2b07\n\nMiguel \u00c1ngel Torres DU8 Edgar Ulises Espinoza\nJorge Luis Mart\u00ednez KOT3 Dorian Tavizon\nJos\u00e9 Salas KOT3 Joel Alberto Mora\nErick Robles KOT1 Carlos Mujica https://t.co/jGvqaEgSi5", "author_id": "237371685", "id": "1443072402473160704", "created_at": "2021-09-29T04:37:26.000Z"}, {"edit_history_tweet_ids": ["1442974043129331715"], "text": "@max_martinez @joel_ima", "author_id": "71970580", "id": "1442974043129331715", "created_at": "2021-09-28T22:06:35.000Z"}, {"edit_history_tweet_ids": ["1442910752952643586"], "text": "@greivin_salinas @joel_campbell12 Tiene toda la raz\u00f3n amigo, por eso que tampoco vale la pena nacionalizar a Mariano, un jugador que va de salida no es una soluci\u00f3n.\nEn este punto las mejores caras para el futuro son Manfred, Mart\u00ednez... A esos hay que apoyar y apostar por ellos.", "author_id": "865566641437933568", "id": "1442910752952643586", "created_at": "2021-09-28T17:55:06.000Z"}, {"edit_history_tweet_ids": ["1442872503815184395"], "text": "@DaniJ_cr Cuando piden la jupa de Carlos Waston le cortan las alas a Manfred, despu\u00e9s a Mart\u00ednez para esta convocatoria solo falta que dejen a Joel por afuera por que es un enano", "author_id": "1207469557125992448", "id": "1442872503815184395", "created_at": "2021-09-28T15:23:06.000Z"}, {"edit_history_tweet_ids": ["1442841572970745858"], "text": "@IvKeys1 @WhoScored @sbk @Auba @Michailantonio @abdoudoucoure16 @joel_veltman @EthanPinnock5 @Kortney_30 It's a point based system calculated by actions on the pitch. It doesn't take penalty psychiatry into consideration. For example, Sa made an assist to win the game. Martinez didn't even save the penalty, Fernandes just missed.", "author_id": "588402388", "id": "1442841572970745858", "created_at": "2021-09-28T13:20:12.000Z"}, {"edit_history_tweet_ids": ["1442818978024353796"], "text": "RT @Jaideep_18: - Stinging Bees\n- Derby delight\n- And of course, the epic Emi Martinez jig!\nAll that and much more in the 5 Things We Learn\u2026", "author_id": "114518939", "id": "1442818978024353796", "created_at": "2021-09-28T11:50:25.000Z"}, {"edit_history_tweet_ids": ["1442814564748472320"], "text": "RT @Jaideep_18: - Stinging Bees\n- Derby delight\n- And of course, the epic Emi Martinez jig!\nAll that and much more in the 5 Things We Learn\u2026", "author_id": "566907119", "id": "1442814564748472320", "created_at": "2021-09-28T11:32:53.000Z"}, {"edit_history_tweet_ids": ["1442768968704430081"], "text": "RT @Jaideep_18: - Stinging Bees\n- Derby delight\n- And of course, the epic Emi Martinez jig!\nAll that and much more in the 5 Things We Learn\u2026", "author_id": "389935062", "id": "1442768968704430081", "created_at": "2021-09-28T08:31:42.000Z"}, {"edit_history_tweet_ids": ["1442751531044986880"], "text": "@v_axie Gd day manager I'll hope you notice my comment..\nName:Joel Martinez\nAge:43\nBday:july16 1977\nGender:male\nDevice:android", "author_id": "1433316513105149953", "id": "1442751531044986880", "created_at": "2021-09-28T07:22:24.000Z"}, {"edit_history_tweet_ids": ["1442749496421597184"], "text": "- Stinging Bees\n- Derby delight\n- And of course, the epic Emi Martinez jig!\nAll that and much more in the 5 Things We Learnt from GW 6.\n#PremierLeague\n#NorthLondonDerby\n#BrunoFernandes\n\nWritten by @joel_dcruz28 and @prathhs_\nVoiced by @joel_dcruz28\n\nhttps://t.co/X2717T5wMu", "author_id": "469133044", "id": "1442749496421597184", "created_at": "2021-09-28T07:14:19.000Z"}, {"edit_history_tweet_ids": ["1442722020299583488"], "text": "John Arthur Martinez Featuring Joel Guzman &amp; Sarah Fox - Cajita De Milagros https://t.co/trH8xQbqm6", "author_id": "2866550236", "id": "1442722020299583488", "created_at": "2021-09-28T05:25:08.000Z"}, {"edit_history_tweet_ids": ["1442687914719121408"], "text": "RT @warmteabreaks: @ABSCBNNews Full movie: Liza will make a perfect Maria Clara.For Ibarra: Piolo pascual is just perfect, ormaybe Dingdong\u2026", "author_id": "1368134965334999044", "id": "1442687914719121408", "created_at": "2021-09-28T03:09:37.000Z"}, {"edit_history_tweet_ids": ["1442673504114073602"], "text": "37 del ST. Ingres\u00f3 Joel Mart\u00ednez por Facundo Bruera. https://t.co/ItrpLYP37j", "author_id": "1374221222435774465", "id": "1442673504114073602", "created_at": "2021-09-28T02:12:21.000Z"}, {"edit_history_tweet_ids": ["1442673128610705417"], "text": "\u231a37' ST\n\nSegundo cambio en el Trico \ud83d\udd03\n\n\u2b05\ufe0f Facundo Bruera\n\u27a1\ufe0f Joel Mart\u00ednez\n\nMor\u00f3n 0 Brown 2\n\n#VamosTrico\n\ud83d\udc99\ud83d\udda4\u2764 https://t.co/FxaCQ3MZP9", "author_id": "1084207620", "id": "1442673128610705417", "created_at": "2021-09-28T02:10:52.000Z"}, {"edit_history_tweet_ids": ["1442655638539079681"], "text": "@juankaguerom Yo creo q va con \n\nNavas \nWaston \nDuarte\nCalvo \nBlanco \nOviedo \n\nTejeda \nCelso \nMart\u00ednez \nLuis D\u00edaz\n\nJoel", "author_id": "246641330", "id": "1442655638539079681", "created_at": "2021-09-28T01:01:22.000Z"}, {"edit_history_tweet_ids": ["1442634309626699779"], "text": "@FuniLucas @TiagoTassano Alex N\u00fa\u00f1ez\u00a0(39), Mariana D\u00edaz\u00a0(34), Joel Trivi\u00f1o (4), Cardenio Prado (37), Agust\u00edn Coro (52), Maicol Yagual (22), H\u00e9ctor Mart\u00ednez (57), Robinson G\u00f3mez (27), Abel Acu\u00f1a\u00a0(27), Mauricio Fredes (33), Jorge Mora (37), Sergio Bustos (22), Ariel Moreno\u00a0(24) y Cristi\u00e1n Valdebenito\u00a0(44).", "author_id": "118580883", "id": "1442634309626699779", "created_at": "2021-09-27T23:36:36.000Z"}, {"edit_history_tweet_ids": ["1442627713429344257"], "text": "RT @JAP_CDMX: \u201cPerspectivas Econ\u00f3micas para el cierre de 2021\u201d impartida por el especialista financiero Joel Mart\u00ednez Hern\u00e1ndez, en punto d\u2026", "author_id": "1207845607878082560", "id": "1442627713429344257", "created_at": "2021-09-27T23:10:24.000Z"}, {"edit_history_tweet_ids": ["1442626604862164995"], "text": "\u201cPerspectivas Econ\u00f3micas para el cierre de 2021\u201d impartida por el especialista financiero Joel Mart\u00ednez Hern\u00e1ndez, en punto de las 13:00 horas del d\u00eda jueves.\n\nSi a\u00fan no se han registrado, lo pueden hacer a trav\u00e9s de https://t.co/Y8Ghxl35cN https://t.co/gVuZPq4HG2", "author_id": "157027359", "id": "1442626604862164995", "created_at": "2021-09-27T23:05:59.000Z"}, {"edit_history_tweet_ids": ["1442603290559197186"], "text": "RT @PDeportiva1055: \u26bd#LigaRionegrina 11\u00b0 Fecha\ud83d\udc47\nVIERNES\nJorge 3 (Iv\u00e1n Luquet, Francisco Leal -2-)\ud83c\udd9aSol (Joaqu\u00edn Faroux -2-)\n\nDOMINGO\nFort\u00edn\u2026", "author_id": "727290303468716032", "id": "1442603290559197186", "created_at": "2021-09-27T21:33:21.000Z"}, {"edit_history_tweet_ids": ["1442580719755276288"], "text": "RT @Camiloparada: H\u00e9ctor Enrique HERNANDEZ GARCES\nArturo KOYK FREDES\nAlfredo ACEVEDO PEREIRA\nRa\u00fal CASTRO CALDERA\nHern\u00e1n CHAMORRO MONARDES.\u2026", "author_id": "147668986", "id": "1442580719755276288", "created_at": "2021-09-27T20:03:40.000Z"}, {"edit_history_tweet_ids": ["1442574515532222466"], "text": "RT @Camiloparada: H\u00e9ctor Enrique HERNANDEZ GARCES\nArturo KOYK FREDES\nAlfredo ACEVEDO PEREIRA\nRa\u00fal CASTRO CALDERA\nHern\u00e1n CHAMORRO MONARDES.\u2026", "author_id": "294361728", "id": "1442574515532222466", "created_at": "2021-09-27T19:39:00.000Z"}, {"edit_history_tweet_ids": ["1442573238727417865"], "text": "H\u00e9ctor Enrique HERNANDEZ GARCES\nArturo KOYK FREDES\nAlfredo ACEVEDO PEREIRA\nRa\u00fal CASTRO CALDERA\nHern\u00e1n CHAMORRO MONARDES.\nManuel GONZALEZ VARGAS\nAdiel MONSALVES MARTINEZ\nJos\u00e9 MORALES ALVAREZ\nPedro OYARZUN ZAMORANO\nJoel Guillermo SILVA OLIVA\nRam\u00f3n VIVANCO DIAZ\n\nPresentes", "author_id": "45663599", "id": "1442573238727417865", "created_at": "2021-09-27T19:33:56.000Z"}, {"edit_history_tweet_ids": ["1442315970178134018"], "text": "RT @PDeportiva1055: \u26bd#LigaRionegrina 11\u00b0 Fecha\ud83d\udc47\nVIERNES\nJorge 3 (Iv\u00e1n Luquet, Francisco Leal -2-)\ud83c\udd9aSol (Joaqu\u00edn Faroux -2-)\n\nDOMINGO\nFort\u00edn\u2026", "author_id": "268010554", "id": "1442315970178134018", "created_at": "2021-09-27T02:31:38.000Z"}, {"edit_history_tweet_ids": ["1442315834509119489"], "text": "\u26bd#LigaRionegrina 11\u00b0 Fecha\ud83d\udc47\nVIERNES\nJorge 3 (Iv\u00e1n Luquet, Francisco Leal -2-)\ud83c\udd9aSol (Joaqu\u00edn Faroux -2-)\n\nDOMINGO\nFort\u00edn 0\ud83c\udd9aPe\u00f1a 2 (Joel Mart\u00ednez y Agust\u00edn Ib\u00e1\u00f1ez)\n\nDepo Villalonga 3 (Rodrigo Lhande, Jonathan Furg y Emerson Abbate)\ud83c\udd9aDepo Patagones 2 (Maxi Silva y Dennis Iogna)", "author_id": "964205963468263425", "id": "1442315834509119489", "created_at": "2021-09-27T02:31:06.000Z"}, {"edit_history_tweet_ids": ["1442273512564170755"], "text": "Dibu Mart\u00ednez &amp;\nAnsu Fati &amp;\nJoel Carli &amp;\nPedra do Sal. https://t.co/6VQfz1pSGl", "author_id": "28881813", "id": "1442273512564170755", "created_at": "2021-09-26T23:42:56.000Z"}, {"edit_history_tweet_ids": ["1442270183205212160"], "text": "Banca Rayados:\n22 Luis C\u00e1rdenas\n6 Edson Guti\u00e9rrez\n27 Daniel Parra\n43 Alan Montes\n50 \u00c1ngel Zapata\n55 Jaziel Mart\u00ednez\n8 Joel Campbell\n10 Duv\u00e1n Vergara\n19 Jos\u00e9 Alvarado\n49 Neder Hern\u00e1ndez https://t.co/hCgiU1I6aE", "author_id": "1132664972079783936", "id": "1442270183205212160", "created_at": "2021-09-26T23:29:42.000Z"}, {"edit_history_tweet_ids": ["1442186539555909638"], "text": "@joelmchale @Seahawks @SeahawksDancers @UW_Football @seattlestorm @SoundersFC @Mariners @SeahawksProShop @seahawksPR I'm just happy Joel thought to include the #Seahawks PR people. It's too bad he didn't tag @Kevin_Martinez through. \ud83d\ude02 #Seattle", "author_id": "20629218", "id": "1442186539555909638", "created_at": "2021-09-26T17:57:20.000Z"}, {"edit_history_tweet_ids": ["1441920417762091009"], "text": "@MantaFutbolClub @LDU_Oficial \u00a1Suplentes de @MantaFutbolClub! \n \n1. Beder Valencia\n3. Argenis Moreira\n21. \u00c1ngel Ledesma\n80. Jordan Rezabala \n13. Iv\u00e1n Trelles\n16. Marcos Romero\n24. Jair Sion\n10. Gerardo Mart\u00ednez\n29. Joel Quintero\n32. Daniel Pati\u00f1o\n20. Jordan Jaime\n\n#LigaProBetcris\n#LaRadioQueSiempreEst\u00e1", "author_id": "213720520", "id": "1441920417762091009", "created_at": "2021-09-26T00:19:51.000Z"}, {"edit_history_tweet_ids": ["1441889345422577667"], "text": "@philkwe12 @Joel_Richards_ @AVFC_Aston Emi Martinez literally got in his head so bad that he refused to take a pen", "author_id": "1365690512552902661", "id": "1441889345422577667", "created_at": "2021-09-25T22:16:23.000Z"}, {"edit_history_tweet_ids": ["1441887020637462532"], "text": "#VamosCentenario\nXI ante CD Este:\n1.Eric Mart\u00ednez\n2.Nicol\u00e1s Wood\n4.Frannery Mart\u00ednez\n10.Joel Guevara\n14.Julio S\u00e1nchez\n15.Samuel Bachelor\n17.Aldair Clement\n19.Luis Archibold\n21.Said Mitchell\n24.Brandao Melhado\n25.Charles Bustamante\n\nJ8 #Clausura2021\n@liga_prom\n\n#SomosCentenario\ud83d\udd25", "author_id": "1020366763064774656", "id": "1441887020637462532", "created_at": "2021-09-25T22:07:09.000Z"}, {"edit_history_tweet_ids": ["1441778863726477318"], "text": "@Joel_Richards_ @aelessar7 @PSGalu Alright mate pipe down you don't get to criticize players who have never heard of Aston Villa go dream about Martinez and Ollie Watsisnane down there in Weston Super Mare.", "author_id": "1109431216653197312", "id": "1441778863726477318", "created_at": "2021-09-25T14:57:22.000Z"}, {"edit_history_tweet_ids": ["1441700358896558084"], "text": "RT @FutbolSalaOlesa: S\u00e8nior A \ud83c\udd9a FS Castellbell\n\ud83d\udcc6 Dissabte 25/09/21\n\ud83d\udd61 18h\n\ud83c\udfdfPavell\u00f3 Salvador Boada\n\nConvocatoria:\nArnau Mart\u00ednez, Jairo Camac\u2026", "author_id": "33469826", "id": "1441700358896558084", "created_at": "2021-09-25T09:45:25.000Z"}, {"edit_history_tweet_ids": ["1441699611954106369"], "text": "S\u00e8nior A \ud83c\udd9a FS Castellbell\n\ud83d\udcc6 Dissabte 25/09/21\n\ud83d\udd61 18h\n\ud83c\udfdfPavell\u00f3 Salvador Boada\n\nConvocatoria:\nArnau Mart\u00ednez, Jairo Camacho\u00a9\ufe0f, Adri\u00e0 Gil, Pau Caballol, Iv\u00e1n Casanovas, Humberto, Sergi D\u00edaz, Roger Esc\u00e1nez, G\u00e9rard Dinar\u00e8s, Joel Ayala, Mart\u00edn Macias i Albert Juventeny. \n\n#fsolesa https://t.co/pK2WKoIvNc", "author_id": "1223908226", "id": "1441699611954106369", "created_at": "2021-09-25T09:42:27.000Z"}, {"edit_history_tweet_ids": ["1441642978125107206"], "text": "@ABSCBNNews Full movie: Liza will make a perfect Maria Clara.For Ibarra: Piolo pascual is just perfect, ormaybe Dingdong Dantes, JLC or if younger maybe Alden Richards. Kapitan Tiago bets could be Joel Torre, Albert Martinez,John Arcilla or Christopher Deleon; Ricky Davao alone-Padre D\u00e1maso,", "author_id": "1328952166023884802", "id": "1441642978125107206", "created_at": "2021-09-25T05:57:25.000Z"}, {"edit_history_tweet_ids": ["1441559423600766976"], "text": "RT @CiroOchoaJr: Mission Veterans' Vincent Abrego (8) hauls in a reception for a touchdown during a District 16-5A DII game against Edcouch\u2026", "author_id": "3925116074", "id": "1441559423600766976", "created_at": "2021-09-25T00:25:24.000Z"}, {"edit_history_tweet_ids": ["1441550267820953605"], "text": "Mission Veterans' Vincent Abrego (8) hauls in a reception for a touchdown during a District 16-5A DII game against Edcouch-Elsa on Thursday at Richard Thompson Stadium in Mission. (Joel Martinez | jmartinez@themonitor.com) https://t.co/yoPhq9HM95 #mts", "author_id": "328208833", "id": "1441550267820953605", "created_at": "2021-09-24T23:49:01.000Z"}, {"edit_history_tweet_ids": ["1441495696784326656"], "text": "RT @coruna_deportes: \ud83d\udce3A concelleira de Deportes, M\u00f3nica Mart\u00ednez, conversou en Mar\u00eda Pita con Emmanuel Reyes; Jano Toro, adestrador de Joel\u2026", "author_id": "964930436634996736", "id": "1441495696784326656", "created_at": "2021-09-24T20:12:10.000Z"}, {"edit_history_tweet_ids": ["1441414444953718790"], "text": "\ud83c\udf99\ufe0fDiscurso do Presidente Bolsonaro\n...\nZoe Martinez d\u00e1 resposta a Joel Pinheiro                          \ud83d\udd38\ud83d\udd38\ud83d\udd38\ud83d\udd38\ud83d\udd38\ud83d\udd38\ud83d\udd38\ud83d\udd38\ud83d\udd38 https://t.co/2Vri6KY5jJ", "author_id": "710895129524105217", "id": "1441414444953718790", "created_at": "2021-09-24T14:49:18.000Z"}, {"edit_history_tweet_ids": ["1441396459664936971"], "text": "@AxieScolarships Hi manegar \nName:Joel Martinez\nAge:43\nLactation:bacolod city/Philippines\nNationality:pilipino\nDevice:android phone\nInternet:wifi/data", "author_id": "1433316513105149953", "id": "1441396459664936971", "created_at": "2021-09-24T13:37:50.000Z"}], "meta": {"newest_id": "1443458080801501185", "oldest_id": "1441396459664936971", "result_count": 55}}