{"data": [{"created_at": "2020-03-20T22:04:27.000Z", "text": "RT @GenPenaloza: PABLO IGLESIAS, VP de Sanchez exige investigaci\u00f3n sobre \u201cactividades corruptas del Rey Juan Carlos\u201d, por donaci\u00f3n multimil\u2026", "author_id": "77664502", "edit_history_tweet_ids": ["1241123463122870272"], "id": "1241123463122870272"}, {"created_at": "2020-03-20T22:00:58.000Z", "text": "RT @GenPenaloza: PABLO IGLESIAS, VP de Sanchez exige investigaci\u00f3n sobre \u201cactividades corruptas del Rey Juan Carlos\u201d, por donaci\u00f3n multimil\u2026", "author_id": "928392979232034818", "edit_history_tweet_ids": ["1241122587062816771"], "id": "1241122587062816771"}, {"created_at": "2020-03-20T21:59:31.000Z", "text": "RT @GenPenaloza: PABLO IGLESIAS, VP de Sanchez exige investigaci\u00f3n sobre \u201cactividades corruptas del Rey Juan Carlos\u201d, por donaci\u00f3n multimil\u2026", "author_id": "51858668", "edit_history_tweet_ids": ["1241122224792354818"], "id": "1241122224792354818"}, {"created_at": "2020-03-20T21:57:14.000Z", "text": "RT @GenPenaloza: PABLO IGLESIAS, VP de Sanchez exige investigaci\u00f3n sobre \u201cactividades corruptas del Rey Juan Carlos\u201d, por donaci\u00f3n multimil\u2026", "author_id": "1268222281", "edit_history_tweet_ids": ["1241121648486625318"], "id": "1241121648486625318"}, {"created_at": "2020-03-20T21:54:12.000Z", "text": "RT @GenPenaloza: PABLO IGLESIAS, VP de Sanchez exige investigaci\u00f3n sobre \u201cactividades corruptas del Rey Juan Carlos\u201d, por donaci\u00f3n multimil\u2026", "author_id": "1089135238872293376", "edit_history_tweet_ids": ["1241120882921259013"], "id": "1241120882921259013"}, {"created_at": "2020-03-20T21:52:49.000Z", "text": "RT @MOSTOLESALDIA: \ud83d\ude37\ud83d\udc95 No te pierdas el v\u00eddeo #TodoIr\u00e1BienHURJC. El \u00e9xito musical de @Chenoa es el himno de los trabajadores del Hospital Re\u2026", "author_id": "252110578", "edit_history_tweet_ids": ["1241120536614309889"], "id": "1241120536614309889"}, {"created_at": "2020-03-20T21:48:47.000Z", "text": "RT @GenPenaloza: PABLO IGLESIAS, VP de Sanchez exige investigaci\u00f3n sobre \u201cactividades corruptas del Rey Juan Carlos\u201d, por donaci\u00f3n multimil\u2026", "author_id": "873981536714063872", "edit_history_tweet_ids": ["1241119522666491906"], "id": "1241119522666491906"}, {"created_at": "2020-03-20T21:44:41.000Z", "text": "RT @GenPenaloza: PABLO IGLESIAS, VP de Sanchez exige investigaci\u00f3n sobre \u201cactividades corruptas del Rey Juan Carlos\u201d, por donaci\u00f3n multimil\u2026", "author_id": "869037936", "edit_history_tweet_ids": ["1241118491777863680"], "id": "1241118491777863680"}, {"created_at": "2020-03-20T21:44:29.000Z", "text": "RT @GenPenaloza: PABLO IGLESIAS, VP de Sanchez exige investigaci\u00f3n sobre \u201cactividades corruptas del Rey Juan Carlos\u201d, por donaci\u00f3n multimil\u2026", "author_id": "256180960", "edit_history_tweet_ids": ["1241118437629464576"], "id": "1241118437629464576"}, {"created_at": "2020-03-20T21:43:44.000Z", "text": "RT @GenPenaloza: PABLO IGLESIAS, VP de Sanchez exige investigaci\u00f3n sobre \u201cactividades corruptas del Rey Juan Carlos\u201d, por donaci\u00f3n multimil\u2026", "author_id": "170479822", "edit_history_tweet_ids": ["1241118252425715714"], "id": "1241118252425715714"}, {"created_at": "2020-03-20T21:38:13.000Z", "text": "RT @GenPenaloza: PABLO IGLESIAS, VP de Sanchez exige investigaci\u00f3n sobre \u201cactividades corruptas del Rey Juan Carlos\u201d, por donaci\u00f3n multimil\u2026", "author_id": "137801361", "edit_history_tweet_ids": ["1241116861107974144"], "id": "1241116861107974144"}, {"created_at": "2020-03-20T21:37:45.000Z", "text": "RT @GenPenaloza: PABLO IGLESIAS, VP de Sanchez exige investigaci\u00f3n sobre \u201cactividades corruptas del Rey Juan Carlos\u201d, por donaci\u00f3n multimil\u2026", "author_id": "890924285572915201", "edit_history_tweet_ids": ["1241116746033045506"], "id": "1241116746033045506"}, {"created_at": "2020-03-20T21:37:20.000Z", "text": "RT @GenPenaloza: PABLO IGLESIAS, VP de Sanchez exige investigaci\u00f3n sobre \u201cactividades corruptas del Rey Juan Carlos\u201d, por donaci\u00f3n multimil\u2026", "author_id": "1082029530355810305", "edit_history_tweet_ids": ["1241116639434866688"], "id": "1241116639434866688"}, {"created_at": "2020-03-20T21:37:03.000Z", "text": "RT @GenPenaloza: PABLO IGLESIAS, VP de Sanchez exige investigaci\u00f3n sobre \u201cactividades corruptas del Rey Juan Carlos\u201d, por donaci\u00f3n multimil\u2026", "author_id": "1100548001397911553", "edit_history_tweet_ids": ["1241116570010738689"], "id": "1241116570010738689"}, {"created_at": "2020-03-20T21:33:51.000Z", "text": "RT @GenPenaloza: PABLO IGLESIAS, VP de Sanchez exige investigaci\u00f3n sobre \u201cactividades corruptas del Rey Juan Carlos\u201d, por donaci\u00f3n multimil\u2026", "author_id": "196365601", "edit_history_tweet_ids": ["1241115765597597696"], "id": "1241115765597597696"}, {"created_at": "2020-03-20T21:32:23.000Z", "text": "RT @GenPenaloza: PABLO IGLESIAS, VP de Sanchez exige investigaci\u00f3n sobre \u201cactividades corruptas del Rey Juan Carlos\u201d, por donaci\u00f3n multimil\u2026", "author_id": "383404029", "edit_history_tweet_ids": ["1241115393504272384"], "id": "1241115393504272384"}, {"created_at": "2020-03-20T21:31:40.000Z", "text": "RT @GenPenaloza: PABLO IGLESIAS, VP de Sanchez exige investigaci\u00f3n sobre \u201cactividades corruptas del Rey Juan Carlos\u201d, por donaci\u00f3n multimil\u2026", "author_id": "944558094", "edit_history_tweet_ids": ["1241115215254548480"], "id": "1241115215254548480"}, {"created_at": "2020-03-20T21:31:10.000Z", "text": "RT @GenPenaloza: PABLO IGLESIAS, VP de Sanchez exige investigaci\u00f3n sobre \u201cactividades corruptas del Rey Juan Carlos\u201d, por donaci\u00f3n multimil\u2026", "author_id": "839601866103205888", "edit_history_tweet_ids": ["1241115087970152448"], "id": "1241115087970152448"}, {"created_at": "2020-03-20T21:30:48.000Z", "text": "RT @GenPenaloza: PABLO IGLESIAS, VP de Sanchez exige investigaci\u00f3n sobre \u201cactividades corruptas del Rey Juan Carlos\u201d, por donaci\u00f3n multimil\u2026", "author_id": "1220838674579050496", "edit_history_tweet_ids": ["1241114994344964102"], "id": "1241114994344964102"}, {"created_at": "2020-03-20T21:30:29.000Z", "text": "RT @GenPenaloza: PABLO IGLESIAS, VP de Sanchez exige investigaci\u00f3n sobre \u201cactividades corruptas del Rey Juan Carlos\u201d, por donaci\u00f3n multimil\u2026", "author_id": "54554846", "edit_history_tweet_ids": ["1241114914703454209"], "id": "1241114914703454209"}, {"created_at": "2020-03-20T21:29:08.000Z", "text": "RT @GenPenaloza: PABLO IGLESIAS, VP de Sanchez exige investigaci\u00f3n sobre \u201cactividades corruptas del Rey Juan Carlos\u201d, por donaci\u00f3n multimil\u2026", "author_id": "2316123726", "edit_history_tweet_ids": ["1241114577913421829"], "id": "1241114577913421829"}, {"created_at": "2020-03-20T21:28:46.000Z", "text": "RT @GenPenaloza: PABLO IGLESIAS, VP de Sanchez exige investigaci\u00f3n sobre \u201cactividades corruptas del Rey Juan Carlos\u201d, por donaci\u00f3n multimil\u2026", "author_id": "1005040604", "edit_history_tweet_ids": ["1241114485848408068"], "id": "1241114485848408068"}, {"created_at": "2020-03-20T21:28:20.000Z", "text": "RT @GenPenaloza: PABLO IGLESIAS, VP de Sanchez exige investigaci\u00f3n sobre \u201cactividades corruptas del Rey Juan Carlos\u201d, por donaci\u00f3n multimil\u2026", "author_id": "110053120", "edit_history_tweet_ids": ["1241114375244722177"], "id": "1241114375244722177"}, {"created_at": "2020-03-20T21:28:14.000Z", "text": "RT @GenPenaloza: PABLO IGLESIAS, VP de Sanchez exige investigaci\u00f3n sobre \u201cactividades corruptas del Rey Juan Carlos\u201d, por donaci\u00f3n multimil\u2026", "author_id": "549695623", "edit_history_tweet_ids": ["1241114349961445377"], "id": "1241114349961445377"}, {"created_at": "2020-03-20T21:27:51.000Z", "text": "RT @GenPenaloza: PABLO IGLESIAS, VP de Sanchez exige investigaci\u00f3n sobre \u201cactividades corruptas del Rey Juan Carlos\u201d, por donaci\u00f3n multimil\u2026", "author_id": "114553996", "edit_history_tweet_ids": ["1241114252141907969"], "id": "1241114252141907969"}, {"created_at": "2020-03-20T21:27:47.000Z", "text": "RT @GenPenaloza: PABLO IGLESIAS, VP de Sanchez exige investigaci\u00f3n sobre \u201cactividades corruptas del Rey Juan Carlos\u201d, por donaci\u00f3n multimil\u2026", "author_id": "388393464", "edit_history_tweet_ids": ["1241114237327507456"], "id": "1241114237327507456"}, {"created_at": "2020-03-20T21:27:45.000Z", "text": "RT @GenPenaloza: PABLO IGLESIAS, VP de Sanchez exige investigaci\u00f3n sobre \u201cactividades corruptas del Rey Juan Carlos\u201d, por donaci\u00f3n multimil\u2026", "author_id": "1938631070", "edit_history_tweet_ids": ["1241114226351058944"], "id": "1241114226351058944"}, {"created_at": "2020-03-20T21:27:27.000Z", "text": "RT @GenPenaloza: PABLO IGLESIAS, VP de Sanchez exige investigaci\u00f3n sobre \u201cactividades corruptas del Rey Juan Carlos\u201d, por donaci\u00f3n multimil\u2026", "author_id": "431804967", "edit_history_tweet_ids": ["1241114154842324993"], "id": "1241114154842324993"}, {"created_at": "2020-03-20T21:26:46.000Z", "text": "RT @GenPenaloza: PABLO IGLESIAS, VP de Sanchez exige investigaci\u00f3n sobre \u201cactividades corruptas del Rey Juan Carlos\u201d, por donaci\u00f3n multimil\u2026", "author_id": "3986666488", "edit_history_tweet_ids": ["1241113979721744386"], "id": "1241113979721744386"}, {"created_at": "2020-03-20T21:26:13.000Z", "text": "RT @MOSTOLESALDIA: \ud83d\ude37\ud83d\udc95 No te pierdas el v\u00eddeo #TodoIr\u00e1BienHURJC. El \u00e9xito musical de @Chenoa es el himno de los trabajadores del Hospital Re\u2026", "author_id": "794004866", "edit_history_tweet_ids": ["1241113840508637189"], "id": "1241113840508637189"}, {"created_at": "2020-03-20T21:26:04.000Z", "text": "RT @GenPenaloza: PABLO IGLESIAS, VP de Sanchez exige investigaci\u00f3n sobre \u201cactividades corruptas del Rey Juan Carlos\u201d, por donaci\u00f3n multimil\u2026", "author_id": "766338809835511809", "edit_history_tweet_ids": ["1241113803225542657"], "id": "1241113803225542657"}, {"created_at": "2020-03-20T21:25:51.000Z", "text": "RT @GenPenaloza: PABLO IGLESIAS, VP de Sanchez exige investigaci\u00f3n sobre \u201cactividades corruptas del Rey Juan Carlos\u201d, por donaci\u00f3n multimil\u2026", "author_id": "110587051", "edit_history_tweet_ids": ["1241113749609762816"], "id": "1241113749609762816"}, {"created_at": "2020-03-20T21:25:40.000Z", "text": "RT @GenPenaloza: PABLO IGLESIAS, VP de Sanchez exige investigaci\u00f3n sobre \u201cactividades corruptas del Rey Juan Carlos\u201d, por donaci\u00f3n multimil\u2026", "author_id": "615511638", "edit_history_tweet_ids": ["1241113704915140608"], "id": "1241113704915140608"}, {"created_at": "2020-03-20T21:25:15.000Z", "text": "RT @GenPenaloza: PABLO IGLESIAS, VP de Sanchez exige investigaci\u00f3n sobre \u201cactividades corruptas del Rey Juan Carlos\u201d, por donaci\u00f3n multimil\u2026", "author_id": "1228562810231238662", "edit_history_tweet_ids": ["1241113598782517248"], "id": "1241113598782517248"}, {"created_at": "2020-03-20T21:25:14.000Z", "text": "RT @GenPenaloza: PABLO IGLESIAS, VP de Sanchez exige investigaci\u00f3n sobre \u201cactividades corruptas del Rey Juan Carlos\u201d, por donaci\u00f3n multimil\u2026", "author_id": "116182732", "edit_history_tweet_ids": ["1241113595695554560"], "id": "1241113595695554560"}, {"created_at": "2020-03-20T21:24:02.000Z", "text": "RT @GenPenaloza: PABLO IGLESIAS, VP de Sanchez exige investigaci\u00f3n sobre \u201cactividades corruptas del Rey Juan Carlos\u201d, por donaci\u00f3n multimil\u2026", "author_id": "57314911", "edit_history_tweet_ids": ["1241113295073021958"], "id": "1241113295073021958"}, {"created_at": "2020-03-20T21:23:36.000Z", "text": "PABLO IGLESIAS, VP de Sanchez exige investigaci\u00f3n sobre \u201cactividades corruptas del Rey Juan Carlos\u201d, por donaci\u00f3n multimillonaria otorgada a amiga alemana, desde cuenta suiza vinculada a fundaci\u00f3n paname\u00f1a. El virus chino se queda pendejo tratando de destruir la corona Espa\u00f1ola. https://t.co/1Msuve9cZb", "author_id": "220055314", "edit_history_tweet_ids": ["1241113183953313794"], "id": "1241113183953313794"}, {"created_at": "2020-03-20T21:05:52.000Z", "text": "RT @rimbaudarth: Pedro S\u00e1nchez \nPablo Iglesias \nIrene Montero\nCarmen Calvo\nAdriana Lastra\nMar\u00eda Jes\u00fas Montero\nFernando Sim\u00f3n\nFerreras\nAna P\u2026", "author_id": "97263135", "edit_history_tweet_ids": ["1241108723143229442"], "id": "1241108723143229442"}, {"created_at": "2020-03-20T20:58:33.000Z", "text": "RT @MOSTOLESALDIA: \ud83d\ude37\ud83d\udc95 No te pierdas el v\u00eddeo #TodoIr\u00e1BienHURJC. El \u00e9xito musical de @Chenoa es el himno de los trabajadores del Hospital Re\u2026", "author_id": "188687590", "edit_history_tweet_ids": ["1241106878228242432"], "id": "1241106878228242432"}, {"created_at": "2020-03-20T20:38:13.000Z", "text": "@jcoscu Coscu repassa les classes d'hist\u00f2ria: Felip V, franco, aznar, p. Sanchez, M. Rajoy, primo de rivera, F. Gonz\u00e1lez, Juan Carlos I, felipe VI, i tu mateix. Un odi exacerbat contra el poble de Catalunya.\nIgnorant. Torna a Madrid a llepar els ous de l'amo \ud83e\udd2e\ud83e\udd2e\ud83e\udd2e", "author_id": "920199267645640704", "edit_history_tweet_ids": ["1241101764285345792"], "id": "1241101764285345792"}, {"created_at": "2020-03-20T20:31:58.000Z", "text": "\ud83d\ude37\ud83d\udc95 No te pierdas el v\u00eddeo #TodoIr\u00e1BienHURJC. El \u00e9xito musical de @Chenoa es el himno de los trabajadores del Hospital Rey Juan Carlos de #M\u00f3stoles -en el que trabaja el Doctor S\u00e1nchez Encinas, prometido de la cantante- contra el Coronavirus\ud83d\udcaa\ud83c\udffb\ud83e\udda0\ud83d\udc4f\ud83c\udffb\n\n\u27a1\ufe0f\ud83d\udcbb\ud83d\udcf2 https://t.co/Hyp6S15xTh https://t.co/pnR130xEiV", "author_id": "179909268", "edit_history_tweet_ids": ["1241100190242820097"], "id": "1241100190242820097"}, {"created_at": "2020-03-20T19:57:23.000Z", "text": "RT @clubdepguijuelo: Durante todos estos a\u00f1os en 2\u00aaB han pasado entrenadores como Alberto Iglesias , Angel Crego, Juan Carlos Pouso, Antoni\u2026", "author_id": "1026144788", "edit_history_tweet_ids": ["1241091488735473672"], "id": "1241091488735473672"}, {"created_at": "2020-03-20T19:28:20.000Z", "text": "Descargando el #ebook \ud83d\udcd6 \"Nonsumo\" y lo comparto con este tuit https://t.co/Slfodxp6Tz @jacaros88 #lektu", "author_id": "259794929", "edit_history_tweet_ids": ["1241084176645963776"], "id": "1241084176645963776"}, {"created_at": "2020-03-20T17:57:52.000Z", "text": "Pues a m\u00ed la bomba y el peligro me lo parecen las personas como Juan Carlos I y sus 'adjuntxs'.  Millones a diestro y siniestro pero luego discursito de navidad...qu\u00e9 farsa. El PSOE deber\u00eda reaccionar, s\u00ed. Pero a favor de esclarecer la verdad no en contra. https://t.co/UBWAotFTgu", "author_id": "503571190", "edit_history_tweet_ids": ["1241061408403607559"], "id": "1241061408403607559"}, {"created_at": "2020-03-20T16:46:02.000Z", "text": "Durante todos estos a\u00f1os en 2\u00aaB han pasado entrenadores como Alberto Iglesias , Angel Crego, Juan Carlos Pouso, Antonio Luis Cazalilla ,Mar\u00eda Hern\u00e1ndez ,Imanol Idiakez ,  Sito , @rubibarrerafdz , @Estevez_Fer  , @mateogarciab  , Jordi Fabregat y actualmente \u00c1ngel S\u00e1nchez . https://t.co/E5Kv45w6vD", "author_id": "1032441428", "edit_history_tweet_ids": ["1241043333365055489"], "id": "1241043333365055489"}, {"created_at": "2020-03-20T15:41:37.000Z", "text": "RT @alberttello: @Cafeynoticias *El Zulia de Luto: fallece el economista Jorge S\u00e1nchez Mele\u00e1n*\nEl 19 de marzo ha fallecido sorpresivamente\u2026", "author_id": "329018181", "edit_history_tweet_ids": ["1241027122568847360"], "id": "1241027122568847360"}, {"created_at": "2020-03-20T14:47:17.000Z", "text": "@TNormalito @eledhmel @vox_es No es tiempo de preocuparse, por 100 millones, es tiempo de parar esto  y luego vendr\u00e1n tiempos de pedir explicaciones a Juan Carlos, y juzgar al los se\u00f1ores Iglesias y Sanchez", "author_id": "215259919", "edit_history_tweet_ids": ["1241013446294020096"], "id": "1241013446294020096"}, {"created_at": "2020-03-20T13:30:44.000Z", "text": "@David02004403 @jordialapreso 100 milions d'euros a un compte opac. i el problema \u00e9s Jordi S\u00e1nchez? \nhttps://t.co/1YKcgZfLyZ", "author_id": "920199690771222528", "edit_history_tweet_ids": ["1240994182157778945"], "id": "1240994182157778945"}, {"created_at": "2020-03-20T13:11:00.000Z", "text": "@sanchezdelreal Juan Carlos Monedero t\u00fa no te estremeces con nada, tienes un coraz\u00f3n de piedra. Si te estremeces porque no cr\u00edticas el actuar tard\u00edo de S\u00e1nchez, de tu jefe Pablo Iglesias y de las responsabilidades de las muertes por el coronavirus.", "author_id": "1121925377243402240", "edit_history_tweet_ids": ["1240989218249342976"], "id": "1240989218249342976"}, {"created_at": "2020-03-20T12:58:36.000Z", "text": "RT @RacingClub: \u26bd\ufe0f\ud83c\udf93 \u00a1Comenz\u00f3 el partido de la Reserva \ud83c\udd9a @SanLorenzo!\n\nEl equipo de @tanquegerk va con: 1-Gast\u00f3n G\u00f3mez 4-Mauro Luque 2-Juan\u2026", "author_id": "2800891052", "edit_history_tweet_ids": ["1240986095556444160"], "id": "1240986095556444160"}, {"created_at": "2020-03-20T12:56:18.000Z", "text": "Hoy de buena ma\u00f1ana me han dicho que la cacerolada no tiene sentido porque Juan Carlos nos rob\u00f3 hace mucho, pero llamar asesino a S\u00e1nchez s\u00ed; que la financi\u00f3n iran\u00ed de VOX es legal; que a ETA le perdonan todo; y que Casado y Abascal son tipos sinceros. \u00bfA qui\u00e9n vota este chico?", "author_id": "843444565810012162", "edit_history_tweet_ids": ["1240985519351377922"], "id": "1240985519351377922"}, {"created_at": "2020-03-20T11:24:37.000Z", "text": "RT @tdpisuerga: @fdprvalladolid @realvalladolid Cesar S\u00e1nchez\nJuan Carlos Garc\u00eda Calvo Valiente Marcos\nColsa  Caminero \u00c1lvaro Rubio\nV\u00edctor\u2026", "author_id": "1245579806", "edit_history_tweet_ids": ["1240962446652825600"], "id": "1240962446652825600"}, {"created_at": "2020-03-20T10:13:46.000Z", "text": "@fdprvalladolid @realvalladolid Cesar S\u00e1nchez\nJuan Carlos Garc\u00eda Calvo Valiente Marcos\nColsa  Caminero \u00c1lvaro Rubio\nV\u00edctor Peternac Mata", "author_id": "1067702204759531520", "edit_history_tweet_ids": ["1240944615861125121"], "id": "1240944615861125121"}, {"created_at": "2020-03-20T08:31:45.000Z", "text": "@NotiGoya 1. Juan Carlos Vera\n2. Abraham Nava\n3. J. Beltr\u00e1n.\n4. Dar\u00edo Ver\u00f3n.\n5. Israel L\u00f3pez.\n6. Miguel Espa\u00f1a.\n7. Tuca Ferreti.\n8. A. Garc\u00eda Aspe\n9. David Pati\u00f1o.\n10. Braulio Luna\n11. Hugo S\u00e1nchez.\n12. Luis Garc\u00eda.\n13. Pata Bendita.\n17. Jorge Campos.\n20. Olaf Heredia.\n22. Manuel Negrete.", "author_id": "122878826", "edit_history_tweet_ids": ["1240918942291496964"], "id": "1240918942291496964"}, {"created_at": "2020-03-20T04:56:14.000Z", "text": "RT @alberttello: @Cafeynoticias *El Zulia de Luto: fallece el economista Jorge S\u00e1nchez Mele\u00e1n*\nEl 19 de marzo ha fallecido sorpresivamente\u2026", "author_id": "40091449", "edit_history_tweet_ids": ["1240864704383184896"], "id": "1240864704383184896"}, {"created_at": "2020-03-20T04:50:39.000Z", "text": "RT @maumorgut: @NotiGoya 1. Juan Carlos Vera @jcvera_1 \n2. Claudio Su\u00e1rez\n3. Joaqu\u00edn Beltr\u00e1n\n4. Dar\u00edo Ver\u00f3n\n5. Israel Castro\n6. Miguel Espa\u2026", "author_id": "1365666289", "edit_history_tweet_ids": ["1240863301136986112"], "id": "1240863301136986112"}, {"created_at": "2020-03-20T03:26:10.000Z", "text": "@NotiGoya 1. Juan Carlos Vera @jcvera_1 \n2. Claudio Su\u00e1rez\n3. Joaqu\u00edn Beltr\u00e1n\n4. Dar\u00edo Ver\u00f3n\n5. Israel Castro\n6. Miguel Espa\u00f1a\n7. Ricardo Ferreti\n8. Alberto Garc\u00eda Aspe\n9. Evanivaldo Castro \"Cabinho\"\n10. Jorge Campos\n11. Hugo S\u00e1nchez\n22. Manuel Negrete", "author_id": "539469879", "edit_history_tweet_ids": ["1240842040834957312"], "id": "1240842040834957312"}, {"created_at": "2020-03-20T03:19:23.000Z", "text": "@NotiGoya 1. Juan Carlos Vera\n2. Claudio Su\u00e1rez\n3. Gerardo Alcoba\n4. DON DAR\u00cdO VER\u00d3N\n5. Israel Castro\n6. Miguel Espa\u00f1a\n7. Leandro Augusto\n8. Alberto Garc\u00eda A\n9. Cabinho\n10. Mart\u00edn Bravo\n11. DON HUGO S\u00c1NCHEZ", "author_id": "267978996", "edit_history_tweet_ids": ["1240840330020188161"], "id": "1240840330020188161"}, {"created_at": "2020-03-20T03:06:59.000Z", "text": "RT @KTLA: Deputies responded to reports of a shooting when they encountered Juan Carlos Sanchez, 24, \u201csuffering from at least one gunshot w\u2026", "author_id": "454718141", "edit_history_tweet_ids": ["1240837210624135168"], "id": "1240837210624135168"}, {"created_at": "2020-03-20T02:44:03.000Z", "text": "RT @alberttello: @Cafeynoticias *El Zulia de Luto: fallece el economista Jorge S\u00e1nchez Mele\u00e1n*\nEl 19 de marzo ha fallecido sorpresivamente\u2026", "author_id": "123379429", "edit_history_tweet_ids": ["1240831438326583299"], "id": "1240831438326583299"}, {"created_at": "2020-03-20T02:19:00.000Z", "text": "@Cafeynoticias *El Zulia de Luto: fallece el economista Jorge S\u00e1nchez Mele\u00e1n*\nEl 19 de marzo ha fallecido sorpresivamente el economista, profesor universitario, pol\u00edtico, parlamentario y escritor, Jorge S\u00e1nchez Mele\u00e1n, mientras se encontraba en M\u00e9xico.   La inf la tiene Juan Carlos Fernandez", "author_id": "54038408", "edit_history_tweet_ids": ["1240825136124755968"], "id": "1240825136124755968"}, {"created_at": "2020-03-20T02:00:50.000Z", "text": "RT @trueblue51: Los socios de S\u00e1nchez en la investidura piden por tercera vez que se investigue a Juan Carlos I v\u00eda @voz_populi  https://t.\u2026", "author_id": "832335048", "edit_history_tweet_ids": ["1240820563469271040"], "id": "1240820563469271040"}, {"created_at": "2020-03-20T01:58:36.000Z", "text": "@NotiGoya 1\ufe0f\u20e3 Juan Carlos Vera\n2\ufe0f\u20e3 Claudio Suarez\n3\ufe0f\u20e3 Joaquin Beltran\n4\ufe0f\u20e3 Dario Veron\n5\ufe0f\u20e3 Roberto Medina\n6\ufe0f\u20e3 Miguel Espa\u00f1a\n7\ufe0f\u20e3 Ricardo Ferretti\n8\ufe0f\u20e3 Alberto Garcia Aspe\n9\ufe0f\u20e3 Evanivaldo Castro Cabihno\n1\ufe0f\u20e30\ufe0f\u20e3 Jorge Campos\n1\ufe0f\u20e31\ufe0f\u20e3 Hugo Sanchez", "author_id": "127653528", "edit_history_tweet_ids": ["1240820004003565568"], "id": "1240820004003565568"}, {"created_at": "2020-03-20T01:48:06.000Z", "text": "Primera B 1958. Fecha 05, 19/4. Temperley 0 Quilmes 2. Juan Carlos G\u00f3mez, Abel Pacheco, Rub\u00e9n Brescia, Miguel \u00c1ngel S\u00e1nchez, Mario Scianca y Horacio Reymundo. Oscar Pisciotto, Bernab\u00e9 C\u00f3rdoba, Carlos Morales, Jos\u00e9 Carre\u00f1o y H\u00e9ctor Figueroa. #358 https://t.co/IfmmVGfvwg", "author_id": "1017974792874594304", "edit_history_tweet_ids": ["1240817361567047680"], "id": "1240817361567047680"}, {"created_at": "2020-03-20T01:45:02.000Z", "text": "#Nacional  Podemos evita sumarse a la petici\u00f3n para crear en el Congreso una comisi\u00f3n sobre Juan Carlos de Borb\u00f3n pero defiende las caceroladas  https://t.co/Os3Y0zYM8W", "author_id": "102687520", "edit_history_tweet_ids": ["1240816587000762371"], "id": "1240816587000762371"}, {"created_at": "2020-03-20T01:32:45.000Z", "text": "@NotiGoya - Juan Carlos Vera \n- Claudio Su\u00e1rez \n- Ramirez Perales \n- Dar\u00edo Ver\u00f3n \n- Israel L\u00f3pez \n- Miguel Espa\u00f1a \n- David Pati\u00f1o \n- Garcia Aspe \n- Jorge Campos \n- Ailton. \n- Hugo S\u00e1nchez.", "author_id": "80159100", "edit_history_tweet_ids": ["1240813494758510593"], "id": "1240813494758510593"}, {"created_at": "2020-03-20T00:25:23.000Z", "text": "Los socios de S\u00e1nchez en la investidura piden por tercera vez que se investigue a Juan Carlos I v\u00eda @voz_populi  https://t.co/oPYSymNa1x", "author_id": "22690617", "edit_history_tweet_ids": ["1240796542182793217"], "id": "1240796542182793217"}, {"created_at": "2020-03-20T00:19:56.000Z", "text": "RT @KTLA: Deputies responded to reports of a shooting when they encountered Juan Carlos Sanchez, 24, \u201csuffering from at least one gunshot w\u2026", "author_id": "39395970", "edit_history_tweet_ids": ["1240795170431324160"], "id": "1240795170431324160"}, {"created_at": "2020-03-20T00:17:07.000Z", "text": "RT @TheNewsBrian: Deputies responded to reports of a shooting when they encountered Juan Carlos Sanchez, 24, \u201csuffering from at least one g\u2026", "author_id": "33796429", "edit_history_tweet_ids": ["1240794464399982594"], "id": "1240794464399982594"}, {"created_at": "2020-03-20T00:05:32.000Z", "text": "RT @KTLA: Deputies responded to reports of a shooting when they encountered Juan Carlos Sanchez, 24, \u201csuffering from at least one gunshot w\u2026", "author_id": "955576144631250944", "edit_history_tweet_ids": ["1240791548683382784"], "id": "1240791548683382784"}, {"created_at": "2020-03-20T00:03:52.000Z", "text": "RT @KTLA: Deputies responded to reports of a shooting when they encountered Juan Carlos Sanchez, 24, \u201csuffering from at least one gunshot w\u2026", "author_id": "21091954", "edit_history_tweet_ids": ["1240791128040824832"], "id": "1240791128040824832"}, {"created_at": "2020-03-20T00:03:44.000Z", "text": "Deputies responded to reports of a shooting when they encountered Juan Carlos Sanchez, 24, \u201csuffering from at least one gunshot wound to the upper torso,\u201d a sheriff's deputy said. https://t.co/auwotXVP0A", "author_id": "10252962", "edit_history_tweet_ids": ["1240791094171848705"], "id": "1240791094171848705"}, {"created_at": "2020-03-20T00:03:35.000Z", "text": "Deputies responded to reports of a shooting when they encountered Juan Carlos Sanchez, 24, \u201csuffering from at least one gunshot wound to the upper torso,\u201d a sheriff's deputy said. #Commerce https://t.co/giL4JJrCAp", "author_id": "16087692", "edit_history_tweet_ids": ["1240791055806517253"], "id": "1240791055806517253"}, {"created_at": "2020-03-19T23:26:38.000Z", "text": "@AntunezSilva Massaccesi, Carlos Daniel Tapia, Jos\u00e9 Luis S\u00e1nchez, Juan Quiroga....", "author_id": "104878878", "edit_history_tweet_ids": ["1240781757655461891"], "id": "1240781757655461891"}, {"created_at": "2020-03-19T22:55:19.000Z", "text": "RT @oncediariomx: #Tigres | De los \u00faltimos 100 goles de Tigres, s\u00f3lo 14 fueron firmados por mexicanos. \ud83d\udc49https://t.co/Ojtt8VpZlb https://t.c\u2026", "author_id": "758370734141939712", "edit_history_tweet_ids": ["1240773875744550918"], "id": "1240773875744550918"}, {"created_at": "2020-03-19T22:54:43.000Z", "text": "\ud83c\udde6\ud83c\uddf7 Messi\n\ud83c\udde7\ud83c\uddf7 Roberto Carlos\n\ud83c\uddeb\ud83c\uddf7 Pogba\n\ud83c\uddeb\ud83c\uddf7 Griezmann\n\ud83c\uddeb\ud83c\uddf7 Mbappe\n\ud83c\uddeb\ud83c\uddf7 Kante\n\ud83c\uddf5\ud83c\uddea Yotun\n\ud83c\uddf5\ud83c\uddea Paolo Guerrero\n\ud83c\udde7\ud83c\uddf7 Ronaldo\n\ud83c\uddf5\ud83c\uddea Renzo Sheput\n\ud83c\udde6\ud83c\uddf7 Juan Rom\u00e1n Riquelme\n\ud83c\udde8\ud83c\uddf4 Falcao\n\ud83c\udde7\ud83c\uddf7 Dani Alves\n\ud83c\uddfa\ud83c\uddfe Luis Su\u00e1rez\n\ud83c\udde8\ud83c\uddf1 Alexis S\u00e1nchez\n\nPor ah\u00ed que me olvido de alg\u00fan mostro \u26bd\ufe0f No est\u00e1n en orden. https://t.co/GHqqjOgFxW", "author_id": "116975969", "edit_history_tweet_ids": ["1240773728340004866"], "id": "1240773728340004866"}, {"created_at": "2020-03-19T22:30:00.000Z", "text": "#Tigres | De los \u00faltimos 100 goles de Tigres, s\u00f3lo 14 fueron firmados por mexicanos. \ud83d\udc49https://t.co/Ojtt8VpZlb https://t.co/rji1wHIJmC", "author_id": "950505210488737798", "edit_history_tweet_ids": ["1240767505100165120"], "id": "1240767505100165120"}, {"created_at": "2020-03-19T22:01:51.000Z", "text": "RT @Aleks_london10: @NotiGoya 1\ufe0f\u20e3 Juan Carlos Vera\n2\ufe0f\u20e3 Claudio Su\u00e1rez\n3\ufe0f\u20e3 Joaqu\u00edn Beltr\u00e1n\n3\ufe0f\u20e3 Hector Moreno\n4\ufe0f\u20e3 Dar\u00edo Ver\u00f3n\n5\ufe0f\u20e3 Johan Vazqu\u2026", "author_id": "1365666289", "edit_history_tweet_ids": ["1240760422229258249"], "id": "1240760422229258249"}, {"created_at": "2020-03-19T22:00:56.000Z", "text": "RT @blancas_gbe05: @NotiGoya 1\ufe0f\u20e3 Juan Carlos Ver\u00e1 \n2\ufe0f\u20e3 Claudio Su\u00e1rez \n3\ufe0f\u20e3 Ramirez Perales \n4\ufe0f\u20e3 Dar\u00edo Veron \n5\ufe0f\u20e3 Israel Lopez\n6\ufe0f\u20e3 Miguel Es\u2026", "author_id": "1365666289", "edit_history_tweet_ids": ["1240760192012300288"], "id": "1240760192012300288"}, {"created_at": "2020-03-19T22:00:51.000Z", "text": "RT @jgomezvalle: @NotiGoya 1 Juan Carlos Vera\n2 Pablo Luna\n3 Joaqu\u00edn Beltr\u00e1n \n4 Dar\u00edo Ver\u00f3n\n5 Israel L\u00f3pez\n6 Jos\u00e9 Luis \u201cPareja\u201d L\u00f3pez\n7 Ric\u2026", "author_id": "1365666289", "edit_history_tweet_ids": ["1240760171934167040"], "id": "1240760171934167040"}, {"created_at": "2020-03-19T21:59:50.000Z", "text": "RT @Acosta1899: @NotiGoya 1\ufe0f\u20e3 Juan Carlos Vera\n2\ufe0f\u20e3 Claudio Su\u00e1rez\n3\ufe0f\u20e3 Joaqu\u00edn Beltr\u00e1n\n4\ufe0f\u20e3 Dar\u00edo Ver\u00f3n\n5\ufe0f\u20e3 Roberto Medina\n6\ufe0f\u20e3 Miguel Espa\u00f1a\u2026", "author_id": "1365666289", "edit_history_tweet_ids": ["1240759915687350273"], "id": "1240759915687350273"}, {"created_at": "2020-03-19T21:59:38.000Z", "text": "RT @Franciscomtz12: @NotiGoya Juan Carlos Vera\nAbraham Nava\nJoaqu\u00edn Beltr\u00e1n\nDar\u00edo Ver\u00f3n\nMisrahi\nMiguel Espa\u00f1a\nTuca Ferreti\nAspe\nHugo S\u00e1nche\u2026", "author_id": "1365666289", "edit_history_tweet_ids": ["1240759864021975041"], "id": "1240759864021975041"}, {"created_at": "2020-03-19T21:07:48.000Z", "text": "@PRISMAROJO75 @javinno @iescolar Que  cortito eres,pides 100 de juan carlos y no pides 3.500 de Pujol o mejor los m\u00e1s de 2.000 de los eres (S\u00e1nchez,Ch\u00e1vez,Gri\u00f1an),te suenan?.. y m\u00e1 de 800 en coca,fiestas y putas de los ayudantes socialistas.\nReconoce que la fiesta y la cura seria mejor con lo robado por PSOE .", "author_id": "1189163020376858626", "edit_history_tweet_ids": ["1240746819916873730"], "id": "1240746819916873730"}, {"created_at": "2020-03-19T20:22:07.000Z", "text": "@TeresaRodr_ Los millones que tenga Juan Carlos I  NO PROVIENEN de las arcas publicas. Los EREs SI.\nEl Rey Em\u00e9rito PAR\u00d3 un golpe de Estado y tenemos democracia. PEDRO S\u00c1NCHEZ y Cia.  tiene de SOCIOS  de gobierno A GOLPISTAS \u00bf Caceroladas m\u00e1s merecidas para qui\u00e9n?", "author_id": "2443181692", "edit_history_tweet_ids": ["1240735322771730443"], "id": "1240735322771730443"}, {"created_at": "2020-03-19T20:17:24.000Z", "text": "Los millones que tenga Juan Carlos I  NO PROVIENEN de las arcas publicas. Los EREs SI.\nEl Rey Em\u00e9rito PAR\u00d3 un golpe de Estado y tenemos democracia. PEDRO S\u00c1NCHEZ y Cia.  tiene de SOCIOS  de gobierno A GOLPISTAS \u00bf Caceroladas m\u00e1s merecidas para qui\u00e9n?", "author_id": "2443181692", "edit_history_tweet_ids": ["1240734134798082052"], "id": "1240734134798082052"}, {"created_at": "2020-03-19T19:55:42.000Z", "text": "NACIONAL Podemos evita sumarse a la petici\u00f3n para crear en el Congreso una comisi\u00f3n sobre Juan Carlos de Borb\u00f3n pero defiende las caceroladas https://t.co/pTjEeJL8mz", "author_id": "38291639", "edit_history_tweet_ids": ["1240728676435742721"], "id": "1240728676435742721"}, {"created_at": "2020-03-19T19:52:38.000Z", "text": "RT @rimbaudarth: Pedro S\u00e1nchez \nPablo Iglesias \nIrene Montero\nCarmen Calvo\nAdriana Lastra\nMar\u00eda Jes\u00fas Montero\nFernando Sim\u00f3n\nFerreras\nAna P\u2026", "author_id": "200810073", "edit_history_tweet_ids": ["1240727903870083073"], "id": "1240727903870083073"}, {"created_at": "2020-03-19T19:21:01.000Z", "text": "@NotiGoya 1\ufe0f\u20e3 Juan Carlos Vera\n2\ufe0f\u20e3 Claudio Su\u00e1rez\n3\ufe0f\u20e3 Joaqu\u00edn Beltr\u00e1n\n3\ufe0f\u20e3 Hector Moreno\n4\ufe0f\u20e3 Dar\u00edo Ver\u00f3n\n5\ufe0f\u20e3 Johan Vazquez\n6\ufe0f\u20e3 Tiba\n7\ufe0f\u20e3 Ricardo Ferreti\n7\ufe0f\u20e3 Leandro Augusto\n8\ufe0f\u20e3 Barrera\n9\ufe0f\u20e3 Cabinho\n9\ufe0f\u20e3 Marioni\n1\ufe0f\u20e30\ufe0f\u20e3 Jorge Campos\n1\ufe0f\u20e31\ufe0f\u20e3 Hugo S\u00e1nchez\n1\ufe0f\u20e32\ufe0f\u20e3 Luis Garc\u00eda\n1\ufe0f\u20e38\ufe0f\u20e3 Ismael Sosa\n2\ufe0f\u20e35\ufe0f\u20e3 Ailton", "author_id": "122404507", "edit_history_tweet_ids": ["1240719947501899776"], "id": "1240719947501899776"}, {"created_at": "2020-03-19T18:47:32.000Z", "text": "RT @rimbaudarth: Pedro S\u00e1nchez \nPablo Iglesias \nIrene Montero\nCarmen Calvo\nAdriana Lastra\nMar\u00eda Jes\u00fas Montero\nFernando Sim\u00f3n\nFerreras\nAna P\u2026", "author_id": "1171812180871864320", "edit_history_tweet_ids": ["1240711518922199041"], "id": "1240711518922199041"}, {"created_at": "2020-03-19T18:43:34.000Z", "text": "@JoseAnselm @nostalgiafutbo1 @albertomarcos3 @victorfdez21 Echo de menos a Jorge polilla da Silva, tote, Jorge, mata, manolo hierro, Enrique moreno, Fernando S\u00e1nchez cipitria, Pe\u00f1a, \u00c1lvaro Guti\u00e9rrez, Benjamin, mami quevedo, Juan Carlos c\u00e9sar S\u00e1nchez, y un jugador q yo no lo vi q fue de los a\u00f1os 50 Vaquero. Es mi humilde opini\u00f3n.gracias", "author_id": "1149767024979132417", "edit_history_tweet_ids": ["1240710523341201415"], "id": "1240710523341201415"}, {"created_at": "2020-03-19T18:36:54.000Z", "text": "@NotiGoya 1\ufe0f\u20e3 Juan Carlos Ver\u00e1 \n2\ufe0f\u20e3 Claudio Su\u00e1rez \n3\ufe0f\u20e3 Ramirez Perales \n4\ufe0f\u20e3 Dar\u00edo Veron \n5\ufe0f\u20e3 Israel Lopez\n6\ufe0f\u20e3 Miguel Espa\u00f1a\n7\ufe0f\u20e3 Ricardo Ferretti \n8\ufe0f\u20e3 L\u00f3pez Zarza\n9\ufe0f\u20e3 Cabo Cabinho\n1\ufe0f\u20e30\ufe0f\u20e3 Ailton Da Silva\n1\ufe0f\u20e31\ufe0f\u20e3 Hugo S\u00e1nchez \n1\ufe0f\u20e32\ufe0f\u20e3 Luis Garcia\n1\ufe0f\u20e37\ufe0f\u20e3 Jorge Campos", "author_id": "154002201", "edit_history_tweet_ids": ["1240708844889595904"], "id": "1240708844889595904"}, {"created_at": "2020-03-19T18:36:25.000Z", "text": "@NotiGoya Juan Carlos Vera\nAbraham Nava\nJoaqu\u00edn Beltr\u00e1n\nDar\u00edo Ver\u00f3n\nMisrahi\nMiguel Espa\u00f1a\nTuca Ferreti\nAspe\nHugo S\u00e1nchez\nCampos\nJorge Santillana", "author_id": "903600504", "edit_history_tweet_ids": ["1240708724643082240"], "id": "1240708724643082240"}, {"created_at": "2020-03-19T17:50:42.000Z", "text": "RT @lichiitaz: Un grupo de trabajadores de @Zofri_SA se re\u00fanen para hablar con Juan Carlos S\u00e1nchez. En donde seg\u00fan \u00e9l, zofri no tiene las f\u2026", "author_id": "2370890894", "edit_history_tweet_ids": ["1240697217922392067"], "id": "1240697217922392067"}, {"created_at": "2020-03-19T17:35:40.000Z", "text": "RT @lichiitaz: Un grupo de trabajadoras de @Zofri_SA Se re\u00fanen para hablar con Juan Carlos S\u00e1nchez, en donde seg\u00fan el, zofri no tiene las f\u2026", "author_id": "87488909", "edit_history_tweet_ids": ["1240693434676998145"], "id": "1240693434676998145"}, {"created_at": "2020-03-19T16:57:32.000Z", "text": "@Rober_justicia @LaTitaAle1 @Virabhadra_1 \ud83e\udd14Sin Juan Carlos os habian comido los leones!!!\n     Con S\u00e1nchez?...\ud83e\udd14go to =&gt;ZP Time.", "author_id": "1133832955082805248", "edit_history_tweet_ids": ["1240683836683489280"], "id": "1240683836683489280"}, {"created_at": "2020-03-19T16:44:17.000Z", "text": "@salvameoficial Lo \u00fanico.que nos preocupa ahora mismo a los espa\u00f1oles es el rey em\u00e9rito Juan Carlos, su amante Corina y el dinero que le dio el rey Saud\u00ed. Adem\u00e1s del casopl\u00f3n que le regal\u00f3 el rey de Jordania que tanto les gusta a los presidentes Zapatero y Pedron Sanchez que veranean all\u00ed.", "author_id": "1035777181", "edit_history_tweet_ids": ["1240680503734415361"], "id": "1240680503734415361"}, {"created_at": "2020-03-19T16:19:29.000Z", "text": "@NotiGoya 1 Juan Carlos Vera\n2 Pablo Luna\n3 Joaqu\u00edn Beltr\u00e1n \n4 Dar\u00edo Ver\u00f3n\n5 Israel L\u00f3pez\n6 Jos\u00e9 Luis \u201cPareja\u201d L\u00f3pez\n7 Ricardo \u201cTuca\u201d Ferreti\n8 Enrique L\u00f3pez Zarza \n9 Jorge Campos \n10 Leonardo Cuellar \n11 Hugo S\u00e1nchez", "author_id": "184124972", "edit_history_tweet_ids": ["1240674260974047233"], "id": "1240674260974047233"}, {"created_at": "2020-03-19T16:13:38.000Z", "text": "@NotiGoya 1\ufe0f\u20e3  Juan Carlos Vera\n2\ufe0f\u20e3  Claudio Su\u00e1rez\n3\ufe0f\u20e3  Joaqu\u00edn Beltr\u00e1n\n4\ufe0f\u20e3  Dar\u00edo Ver\u00f3n\n5\ufe0f\u20e3  Israel L\u00f3pez\n6\ufe0f\u20e3  Tuca Ferreti\n7\ufe0f\u20e3  Miguel Espa\u00f1a\n8\ufe0f\u20e3   Garc\u00eda Aspe\n9\ufe0f\u20e3  Cabinho\n1\ufe0f\u20e30\ufe0f\u20e3  Jorge Campos\n1\ufe0f\u20e31\ufe0f\u20e3 Hugo S\u00e1nchez", "author_id": "28170165", "edit_history_tweet_ids": ["1240672791147483137"], "id": "1240672791147483137"}], "meta": {"newest_id": "1241123463122870272", "oldest_id": "1240672791147483137", "result_count": 98, "next_token": "b26v89c19zqg8o3fo77dd5p6ipbvtl2zi7r6mj458b7nh"}}