{"data": [{"text": "RT @rimbaudarth: Pedro S\u00e1nchez \nPablo Iglesias \nIrene Montero\nCarmen Calvo\nAdriana Lastra\nMar\u00eda Jes\u00fas Montero\nFernando Sim\u00f3n\nFerreras\nAna P\u2026", "created_at": "2020-03-17T17:19:25.000Z", "edit_history_tweet_ids": ["1239964570170454017"], "id": "1239964570170454017", "author_id": "2736365188"}, {"text": "RT @unab_online: Atentos, #ComunidadUNAB \u25b6\ufe0f Esta es la comunicaci\u00f3n de Juan Carlos S\u00e1nchez, director de nuestro Consultorio Jur\u00eddico y Cent\u2026", "created_at": "2020-03-17T17:18:42.000Z", "edit_history_tweet_ids": ["1239964390939488257"], "id": "1239964390939488257", "author_id": "56788121"}, {"text": "S\u00e1nchez apoya las decisiones de Felipe VI, pero no aclara si supo hace un a\u00f1o de la fundaci\u00f3n de Juan Carlos I. Informa @antonioRG9 https://t.co/yZGbtsKAfi", "created_at": "2020-03-17T17:16:02.000Z", "edit_history_tweet_ids": ["1239963716667322368"], "id": "1239963716667322368", "author_id": "368889720"}, {"text": "RT @rimbaudarth: Pedro S\u00e1nchez \nPablo Iglesias \nIrene Montero\nCarmen Calvo\nAdriana Lastra\nMar\u00eda Jes\u00fas Montero\nFernando Sim\u00f3n\nFerreras\nAna P\u2026", "created_at": "2020-03-17T17:14:43.000Z", "edit_history_tweet_ids": ["1239963385812287493"], "id": "1239963385812287493", "author_id": "1190804610807717889"}, {"text": "RT @eldiarioes: Pedro S\u00e1nchez ve \"ejemplar\" la actuaci\u00f3n de Felipe VI tras desvelarse los pagos de Arabia Saud\u00ed a Juan Carlos I https://t.c\u2026", "created_at": "2020-03-17T17:11:47.000Z", "edit_history_tweet_ids": ["1239962649384742912"], "id": "1239962649384742912", "author_id": "87539066"}, {"text": "RT @elperiodico: \ud83d\udde3El Gobierno considera que Felipe VI ha sido \"ejemplar\".\n\n\u27a1S\u00e1nchez considera que las \"medidas\" tomadas por el Rey son \"nec\u2026", "created_at": "2020-03-17T17:10:02.000Z", "edit_history_tweet_ids": ["1239962207523307520"], "id": "1239962207523307520", "author_id": "429428538"}, {"text": "RT @rimbaudarth: Pedro S\u00e1nchez \nPablo Iglesias \nIrene Montero\nCarmen Calvo\nAdriana Lastra\nMar\u00eda Jes\u00fas Montero\nFernando Sim\u00f3n\nFerreras\nAna P\u2026", "created_at": "2020-03-17T17:07:34.000Z", "edit_history_tweet_ids": ["1239961586388828160"], "id": "1239961586388828160", "author_id": "1090244585652129794"}, {"text": "RT @unaikooo: Pedro S\u00e1nchez: Que el sueldo del Rey em\u00e9rito Juan Carlos de Borb\u00f3n se utilice en la crisis actual - \u00a1Firma la petici\u00f3n! https\u2026", "created_at": "2020-03-17T17:05:04.000Z", "edit_history_tweet_ids": ["1239960956429406209"], "id": "1239960956429406209", "author_id": "68408757"}, {"text": "Los secretos de Javier S\u00e1nchez-Junco, el abogado de Juan Carlos I en la defensa de la trama del dinero en Suiza.\nhttps://t.co/2HEuRfbVU0", "created_at": "2020-03-17T17:02:04.000Z", "edit_history_tweet_ids": ["1239960203191300103"], "id": "1239960203191300103", "author_id": "950325439880364032"}, {"text": "#Rey Pedro S\u00e1nchez apoya la decisi\u00f3n del Rey de renunciar a la herencia de Don Juan Carlos y retirarle la asignaci\u00f3n p\u00fablica https://t.co/RNRFPRNjXk", "created_at": "2020-03-17T17:00:02.000Z", "edit_history_tweet_ids": ["1239959690873896964"], "id": "1239959690873896964", "author_id": "3117812344"}, {"text": "https://t.co/G7MWZewdqW", "created_at": "2020-03-17T16:58:29.000Z", "edit_history_tweet_ids": ["1239959299893407744"], "id": "1239959299893407744", "author_id": "914225419108438016"}, {"text": "RT @rimbaudarth: Pedro S\u00e1nchez \nPablo Iglesias \nIrene Montero\nCarmen Calvo\nAdriana Lastra\nMar\u00eda Jes\u00fas Montero\nFernando Sim\u00f3n\nFerreras\nAna P\u2026", "created_at": "2020-03-17T16:57:55.000Z", "edit_history_tweet_ids": ["1239959157404348416"], "id": "1239959157404348416", "author_id": "568991107"}, {"text": "RT @rimbaudarth: Pedro S\u00e1nchez \nPablo Iglesias \nIrene Montero\nCarmen Calvo\nAdriana Lastra\nMar\u00eda Jes\u00fas Montero\nFernando Sim\u00f3n\nFerreras\nAna P\u2026", "created_at": "2020-03-17T16:56:00.000Z", "edit_history_tweet_ids": ["1239958677043494915"], "id": "1239958677043494915", "author_id": "1851046969"}, {"text": "RT @ErnestoEkaizer: #Corinavirus La Casa del Rey dice discretamente que el 5 de marzo de 2019, tras conocer la existencia de la Fundaci\u00f3n L\u2026", "created_at": "2020-03-17T16:53:27.000Z", "edit_history_tweet_ids": ["1239958034757148672"], "id": "1239958034757148672", "author_id": "1103619073827618816"}, {"text": "Pedro S\u00e1nchez: Que el sueldo del Rey em\u00e9rito Juan Carlos de Borb\u00f3n se utilice en la crisis actual - \u00a1Firma la petici\u00f3n! https://t.co/ZqyGyVVjZN v\u00eda @change_es", "created_at": "2020-03-17T16:51:04.000Z", "edit_history_tweet_ids": ["1239957436859125763"], "id": "1239957436859125763", "author_id": "192728285"}, {"text": "\ud83c\udde6\ud83c\uddf7 Guido R/ piojo Lopez\n\ud83c\udde8\ud83c\uddf4 matheus / calero\n\ud83c\uddf5\ud83c\uddfe bruno/ caba\u00f1as\n\ud83c\uddfa\ud83c\uddfe vi\u00f1as / carlos Sanchez\n\ud83c\uddea\ud83c\udde8 mena / chucho Benitez\n\ud83c\uddf5\ud83c\uddea edison flores / juan Reynoso\n\ud83c\udde8\ud83c\uddf1 castillo / zamorano\n\ud83c\udde7\ud83c\uddf7 volpi / Kleber Boas https://t.co/YdGaLuDAWo", "created_at": "2020-03-17T16:50:53.000Z", "edit_history_tweet_ids": ["1239957388637007874"], "id": "1239957388637007874", "author_id": "1234654050794127362"}, {"text": "\u00bfEn serio?? Cre\u00eda que era un chiste... El Gobierno considera que Felipe VI ha sido \"ejemplar\" https://t.co/gB44Pe0GBp", "created_at": "2020-03-17T16:49:58.000Z", "edit_history_tweet_ids": ["1239957160445882368"], "id": "1239957160445882368", "author_id": "1189098988647137281"}, {"text": "RT @elperiodico: \ud83d\udde3El Gobierno considera que Felipe VI ha sido \"ejemplar\".\n\n\u27a1S\u00e1nchez considera que las \"medidas\" tomadas por el Rey son \"nec\u2026", "created_at": "2020-03-17T16:49:21.000Z", "edit_history_tweet_ids": ["1239957001158836224"], "id": "1239957001158836224", "author_id": "405032196"}, {"text": "RT @elperiodico: \ud83d\udde3El Gobierno considera que Felipe VI ha sido \"ejemplar\".\n\n\u27a1S\u00e1nchez considera que las \"medidas\" tomadas por el Rey son \"nec\u2026", "created_at": "2020-03-17T16:48:40.000Z", "edit_history_tweet_ids": ["1239956830325026819"], "id": "1239956830325026819", "author_id": "924334110943928321"}, {"text": "RT @eldiarioes: Pedro S\u00e1nchez ve \"ejemplar\" la actuaci\u00f3n de Felipe VI tras desvelarse los pagos de Arabia Saud\u00ed a Juan Carlos I https://t.c\u2026", "created_at": "2020-03-17T16:47:17.000Z", "edit_history_tweet_ids": ["1239956484353556482"], "id": "1239956484353556482", "author_id": "780756926"}, {"text": "RT @bekiaes: El apoyo total de Pedro S\u00e1nchez al Rey Felipe por su decisi\u00f3n de retirar la asignaci\u00f3n del Rey Juan Carlos https://t.co/MjdywO\u2026", "created_at": "2020-03-17T16:46:00.000Z", "edit_history_tweet_ids": ["1239956161048252418"], "id": "1239956161048252418", "author_id": "2980146747"}, {"text": "RT @okdiario: Pedro S\u00e1nchez apoya la renuncia de Felipe VI a la herencia de Juan Carlos I: \"Ha sido coherente\" https://t.co/wE9asvEo9V", "created_at": "2020-03-17T16:45:20.000Z", "edit_history_tweet_ids": ["1239955994085666817"], "id": "1239955994085666817", "author_id": "2462424707"}, {"text": "RT @bekiaes: El apoyo total de Pedro S\u00e1nchez al Rey Felipe por su decisi\u00f3n de retirar la asignaci\u00f3n del Rey Juan Carlos https://t.co/MjdywO\u2026", "created_at": "2020-03-17T16:45:13.000Z", "edit_history_tweet_ids": ["1239955963458867200"], "id": "1239955963458867200", "author_id": "17634874"}, {"text": "El apoyo total de Pedro S\u00e1nchez al Rey Felipe por su decisi\u00f3n de retirar la asignaci\u00f3n del Rey Juan Carlos https://t.co/MjdywOrHgH https://t.co/pwEEHwkADt", "created_at": "2020-03-17T16:45:01.000Z", "edit_history_tweet_ids": ["1239955913148116992"], "id": "1239955913148116992", "author_id": "297997140"}, {"text": "RT @elperiodico: \ud83d\udde3El Gobierno considera que Felipe VI ha sido \"ejemplar\".\n\n\u27a1S\u00e1nchez considera que las \"medidas\" tomadas por el Rey son \"nec\u2026", "created_at": "2020-03-17T16:44:41.000Z", "edit_history_tweet_ids": ["1239955828737806338"], "id": "1239955828737806338", "author_id": "1104716108395884550"}, {"text": "RT @rimbaudarth: Pedro S\u00e1nchez \nPablo Iglesias \nIrene Montero\nCarmen Calvo\nAdriana Lastra\nMar\u00eda Jes\u00fas Montero\nFernando Sim\u00f3n\nFerreras\nAna P\u2026", "created_at": "2020-03-17T16:44:06.000Z", "edit_history_tweet_ids": ["1239955683904290816"], "id": "1239955683904290816", "author_id": "1346379942"}, {"text": "Lo \u00fanico de ejemplar que tiene esta monarqu\u00eda es el desparpajo con el que defrauda Hacienda mientras la mayor\u00eda de los mortales estamos sin Renta B\u00e1sica\nhttps://t.co/ZCtvho6HYl", "created_at": "2020-03-17T16:41:05.000Z", "edit_history_tweet_ids": ["1239954923351150593"], "id": "1239954923351150593", "author_id": "982936775038504960"}, {"text": "RT @okdiario: Pedro S\u00e1nchez apoya la renuncia de Felipe VI a la herencia de Juan Carlos I: \"Ha sido coherente\" https://t.co/wE9asvEo9V", "created_at": "2020-03-17T16:40:22.000Z", "edit_history_tweet_ids": ["1239954742983491585"], "id": "1239954742983491585", "author_id": "926469410700890113"}, {"text": "Pedro S\u00e1nchez apoya la renuncia de Felipe VI a la herencia de Juan Carlos I: \"Ha sido coherente\" https://t.co/wE9asvEo9V", "created_at": "2020-03-17T16:39:29.000Z", "edit_history_tweet_ids": ["1239954520345645058"], "id": "1239954520345645058", "author_id": "3439292716"}, {"text": "El Gobierno considera que Felipe VI ha sido \"ejemplar\" https://t.co/fqOXvVwrTp", "created_at": "2020-03-17T16:39:03.000Z", "edit_history_tweet_ids": ["1239954412258373632"], "id": "1239954412258373632", "author_id": "415640865"}, {"text": "RT @rimbaudarth: Pedro S\u00e1nchez \nPablo Iglesias \nIrene Montero\nCarmen Calvo\nAdriana Lastra\nMar\u00eda Jes\u00fas Montero\nFernando Sim\u00f3n\nFerreras\nAna P\u2026", "created_at": "2020-03-17T16:31:27.000Z", "edit_history_tweet_ids": ["1239952499064410113"], "id": "1239952499064410113", "author_id": "752155280293650432"}, {"text": "RT @rafadelcastillo: \ud83d\udde8\ufe0f Pedro S\u00e1nchez, Presidente de Espa\u00f1a y l\u00edder de un partido (que se dice) republicano: \"Con Felipe VI tenemos una mon\u2026", "created_at": "2020-03-17T16:30:20.000Z", "edit_history_tweet_ids": ["1239952216535990274"], "id": "1239952216535990274", "author_id": "704947568"}, {"text": "RT @rimbaudarth: Pedro S\u00e1nchez \nPablo Iglesias \nIrene Montero\nCarmen Calvo\nAdriana Lastra\nMar\u00eda Jes\u00fas Montero\nFernando Sim\u00f3n\nFerreras\nAna P\u2026", "created_at": "2020-03-17T16:28:55.000Z", "edit_history_tweet_ids": ["1239951859936362498"], "id": "1239951859936362498", "author_id": "2574673620"}, {"text": "RT @eldiarioes: Pedro S\u00e1nchez ve \"ejemplar\" la actuaci\u00f3n de Felipe VI tras desvelarse los pagos de Arabia Saud\u00ed a Juan Carlos I https://t.c\u2026", "created_at": "2020-03-17T16:28:19.000Z", "edit_history_tweet_ids": ["1239951710166093824"], "id": "1239951710166093824", "author_id": "2260400938"}, {"text": "RT @rafadelcastillo: \ud83d\udde8\ufe0f Pedro S\u00e1nchez, Presidente de Espa\u00f1a y l\u00edder de un partido (que se dice) republicano: \"Con Felipe VI tenemos una mon\u2026", "created_at": "2020-03-17T16:25:15.000Z", "edit_history_tweet_ids": ["1239950940028973060"], "id": "1239950940028973060", "author_id": "1095998173015871490"}, {"text": "RT @catolica_a: Juan Carlos de Borb\u00f3n: te dejamos que repitas tus m\u00edticas palabras como representante p\u00fablico, antes de retirarte del todo,\u2026", "created_at": "2020-03-17T16:24:42.000Z", "edit_history_tweet_ids": ["1239950799632990209"], "id": "1239950799632990209", "author_id": "491661223"}, {"text": "RT @elperiodico: \ud83d\udde3El Gobierno considera que Felipe VI ha sido \"ejemplar\".\n\n\u27a1S\u00e1nchez considera que las \"medidas\" tomadas por el Rey son \"nec\u2026", "created_at": "2020-03-17T16:20:40.000Z", "edit_history_tweet_ids": ["1239949785647513601"], "id": "1239949785647513601", "author_id": "3259686729"}, {"text": "\ud83d\udde3El Gobierno considera que Felipe VI ha sido \"ejemplar\".\n\n\u27a1S\u00e1nchez considera que las \"medidas\" tomadas por el Rey son \"necesarias y coherentes\" con la \"transparencia\" que, en su opini\u00f3n, la Casa del Rey ha impulsado bajo su reinado https://t.co/2LW5DM6Roh", "created_at": "2020-03-17T16:18:06.000Z", "edit_history_tweet_ids": ["1239949139196116992"], "id": "1239949139196116992", "author_id": "198829810"}, {"text": "Pedro S%C3%A1nchez ve \"ejemplar\" la actuaci%C3%B3n de Felipe VI tras desvelarse los pagos de Arabia Saud%C3%AD a Juan Carlos I - https://t.co/4VBEnZfFp0 https://t.co/6hmrpEnZa7", "created_at": "2020-03-17T16:16:57.000Z", "edit_history_tweet_ids": ["1239948849319378945"], "id": "1239948849319378945", "author_id": "488010283"}, {"text": "New post (Pedro S\u00e1nchez ve \"ejemplar\" la actuaci\u00f3n de Felipe VI tras desvelarse los pagos de Arabia Saud\u00ed a Juan Carlos I - https://t.co/Kv90uc5wRb) has been published on NUOVA RESISTENZA antifa' - https://t.co/7W2BtGHz7z https://t.co/xMiZu665DA", "created_at": "2020-03-17T16:16:12.000Z", "edit_history_tweet_ids": ["1239948659929874433"], "id": "1239948659929874433", "author_id": "360386729"}, {"text": "RT @gsemprunmdg: #Qu\u00e9Verg\u00fcenza  : Pedro S\u00e1nchez ve \"ejemplar\" la actuaci\u00f3n de Felipe VI tras desvelarse los pagos de Arabia Saud\u00ed a Juan Ca\u2026", "created_at": "2020-03-17T16:15:29.000Z", "edit_history_tweet_ids": ["1239948480803737600"], "id": "1239948480803737600", "author_id": "242492546"}, {"text": "RT @eldiarioes: Pedro S\u00e1nchez ve \"ejemplar\" la actuaci\u00f3n de Felipe VI tras desvelarse los pagos de Arabia Saud\u00ed a Juan Carlos I https://t.c\u2026", "created_at": "2020-03-17T16:15:20.000Z", "edit_history_tweet_ids": ["1239948442207694848"], "id": "1239948442207694848", "author_id": "554211445"}, {"text": "RT @eldiarioes: Pedro S\u00e1nchez ve \"ejemplar\" la actuaci\u00f3n de Felipe VI tras desvelarse los pagos de Arabia Saud\u00ed a Juan Carlos I https://t.c\u2026", "created_at": "2020-03-17T16:12:10.000Z", "edit_history_tweet_ids": ["1239947646434971648"], "id": "1239947646434971648", "author_id": "269112842"}, {"text": "RT @eldiarioes: Pedro S\u00e1nchez ve \"ejemplar\" la actuaci\u00f3n de Felipe VI tras desvelarse los pagos de Arabia Saud\u00ed a Juan Carlos I https://t.c\u2026", "created_at": "2020-03-17T16:09:30.000Z", "edit_history_tweet_ids": ["1239946974956261380"], "id": "1239946974956261380", "author_id": "826705944511991810"}, {"text": "RT @CMM_noticias: \ud83d\udde3\ufe0f\"Lo \u00fanico que puedo hacer es apoyar la decisi\u00f3n tomada por el rey Felipe VI [...] creo que son unas medidas necesarias\"\u2026", "created_at": "2020-03-17T16:04:52.000Z", "edit_history_tweet_ids": ["1239945810013564930"], "id": "1239945810013564930", "author_id": "1177938948280205312"}, {"text": "RT @rafadelcastillo: \ud83d\udde8\ufe0f Pedro S\u00e1nchez, Presidente de Espa\u00f1a y l\u00edder de un partido (que se dice) republicano: \"Con Felipe VI tenemos una mon\u2026", "created_at": "2020-03-17T16:01:54.000Z", "edit_history_tweet_ids": ["1239945059937722371"], "id": "1239945059937722371", "author_id": "597582394"}, {"text": "RT @gsemprunmdg: #Qu\u00e9Verg\u00fcenza  : Pedro S\u00e1nchez ve \"ejemplar\" la actuaci\u00f3n de Felipe VI tras desvelarse los pagos de Arabia Saud\u00ed a Juan Ca\u2026", "created_at": "2020-03-17T16:01:08.000Z", "edit_history_tweet_ids": ["1239944868169998336"], "id": "1239944868169998336", "author_id": "1881363770"}, {"text": "Juan Carlos Ben\u00edtez en el III Wipa\u2019s Invitational DevSeries que se jug\u00f3 en Para\u00edso Country Club en Cuernavaca.\n\n\ud83d\udcf7 Eduardo S\u00e1nchez @tedsabegolf https://t.co/sqTg6yolom", "created_at": "2020-03-17T16:01:06.000Z", "edit_history_tweet_ids": ["1239944858959319045"], "id": "1239944858959319045", "author_id": "953719921875341312"}, {"text": "RT @mariapuntoes: Pedro S\u00e1nchez, preguntado por la decisi\u00f3n de Felipe VI de renunciar a la herencia de Juan Carlos I y retirarle la asignac\u2026", "created_at": "2020-03-17T15:58:43.000Z", "edit_history_tweet_ids": ["1239944260406906881"], "id": "1239944260406906881", "author_id": "974038824786583554"}, {"text": "RT @rafadelcastillo: \ud83d\udde8\ufe0f Pedro S\u00e1nchez, Presidente de Espa\u00f1a y l\u00edder de un partido (que se dice) republicano: \"Con Felipe VI tenemos una mon\u2026", "created_at": "2020-03-17T15:56:42.000Z", "edit_history_tweet_ids": ["1239943753860857858"], "id": "1239943753860857858", "author_id": "498911752"}, {"text": "RT @rimbaudarth: Pedro S\u00e1nchez \nPablo Iglesias \nIrene Montero\nCarmen Calvo\nAdriana Lastra\nMar\u00eda Jes\u00fas Montero\nFernando Sim\u00f3n\nFerreras\nAna P\u2026", "created_at": "2020-03-17T15:56:36.000Z", "edit_history_tweet_ids": ["1239943726497218568"], "id": "1239943726497218568", "author_id": "1196844307443007489"}, {"text": "RT @eldiarioes: Pedro S\u00e1nchez ve \"ejemplar\" la actuaci\u00f3n de Felipe VI tras desvelarse los pagos de Arabia Saud\u00ed a Juan Carlos I https://t.c\u2026", "created_at": "2020-03-17T15:56:22.000Z", "edit_history_tweet_ids": ["1239943671547600905"], "id": "1239943671547600905", "author_id": "1104898254"}, {"text": "RT @eldiarioes: Pedro S\u00e1nchez ve \"ejemplar\" la actuaci\u00f3n de Felipe VI tras desvelarse los pagos de Arabia Saud\u00ed a Juan Carlos I https://t.c\u2026", "created_at": "2020-03-17T15:56:07.000Z", "edit_history_tweet_ids": ["1239943605386653698"], "id": "1239943605386653698", "author_id": "769579399"}, {"text": "RT @eldiarioes: Pedro S\u00e1nchez ve \"ejemplar\" la actuaci\u00f3n de Felipe VI tras desvelarse los pagos de Arabia Saud\u00ed a Juan Carlos I https://t.c\u2026", "created_at": "2020-03-17T15:54:05.000Z", "edit_history_tweet_ids": ["1239943094973468675"], "id": "1239943094973468675", "author_id": "531704609"}, {"text": "RT @eldiarioes: Pedro S\u00e1nchez ve \"ejemplar\" la actuaci\u00f3n de Felipe VI tras desvelarse los pagos de Arabia Saud\u00ed a Juan Carlos I https://t.c\u2026", "created_at": "2020-03-17T15:53:42.000Z", "edit_history_tweet_ids": ["1239942999221641216"], "id": "1239942999221641216", "author_id": "121744998"}, {"text": "#Qu\u00e9Verg\u00fcenza  : Pedro S\u00e1nchez ve \"ejemplar\" la actuaci\u00f3n de Felipe VI tras desvelarse los pagos de Arabia Saud\u00ed a Juan Carlos I \nhttps://t.co/c5pOeK7n2j \n\n#COVID2019\n#QuedateEnLaCasa", "created_at": "2020-03-17T15:53:42.000Z", "edit_history_tweet_ids": ["1239942997745205251"], "id": "1239942997745205251", "author_id": "420475251"}, {"text": "Pedro S\u00e1nchez ve \"ejemplar\" la actuaci\u00f3n de Felipe VI tras desvelarse los pagos de Arabia Saud\u00ed a Juan Carlos I https://t.co/wHLDEj4nP0 Por @ikaitor", "created_at": "2020-03-17T15:52:00.000Z", "edit_history_tweet_ids": ["1239942569460551680"], "id": "1239942569460551680", "author_id": "535707261"}, {"text": "RT @rafadelcastillo: \ud83d\udde8\ufe0f Pedro S\u00e1nchez, Presidente de Espa\u00f1a y l\u00edder de un partido (que se dice) republicano: \"Con Felipe VI tenemos una mon\u2026", "created_at": "2020-03-17T15:49:27.000Z", "edit_history_tweet_ids": ["1239941928499720193"], "id": "1239941928499720193", "author_id": "243557415"}, {"text": "RT @rafadelcastillo: \ud83d\udde8\ufe0f Pedro S\u00e1nchez, Presidente de Espa\u00f1a y l\u00edder de un partido (que se dice) republicano: \"Con Felipe VI tenemos una mon\u2026", "created_at": "2020-03-17T15:44:15.000Z", "edit_history_tweet_ids": ["1239940620057300992"], "id": "1239940620057300992", "author_id": "508532281"}, {"text": "RT @rafadelcastillo: \ud83d\udde8\ufe0f Pedro S\u00e1nchez, Presidente de Espa\u00f1a y l\u00edder de un partido (que se dice) republicano: \"Con Felipe VI tenemos una mon\u2026", "created_at": "2020-03-17T15:43:19.000Z", "edit_history_tweet_ids": ["1239940386602303493"], "id": "1239940386602303493", "author_id": "2535361861"}, {"text": "RT @VilaWeb: S\u00e1nchez d\u00f3na suport a la decisi\u00f3 de Felipe VI respecte de Juan Carlos I i la suposada ren\u00fancia a l'her\u00e8ncia https://t.co/AaRxR\u2026", "created_at": "2020-03-17T15:41:23.000Z", "edit_history_tweet_ids": ["1239939897387036676"], "id": "1239939897387036676", "author_id": "2924510682"}, {"text": "RT @rafadelcastillo: \ud83d\udde8\ufe0f Pedro S\u00e1nchez, Presidente de Espa\u00f1a y l\u00edder de un partido (que se dice) republicano: \"Con Felipe VI tenemos una mon\u2026", "created_at": "2020-03-17T15:41:00.000Z", "edit_history_tweet_ids": ["1239939800624508929"], "id": "1239939800624508929", "author_id": "338903855"}, {"text": "RT @ErnestoEkaizer: #Corinavirus La Casa del Rey dice discretamente que el 5 de marzo de 2019, tras conocer la existencia de la Fundaci\u00f3n L\u2026", "created_at": "2020-03-17T15:40:56.000Z", "edit_history_tweet_ids": ["1239939785126547461"], "id": "1239939785126547461", "author_id": "875662416"}, {"text": "RT @rafadelcastillo: \ud83d\udde8\ufe0f Pedro S\u00e1nchez, Presidente de Espa\u00f1a y l\u00edder de un partido (que se dice) republicano: \"Con Felipe VI tenemos una mon\u2026", "created_at": "2020-03-17T15:40:46.000Z", "edit_history_tweet_ids": ["1239939744164970496"], "id": "1239939744164970496", "author_id": "915683089036316672"}, {"text": "RT @rafadelcastillo: \ud83d\udde8\ufe0f Pedro S\u00e1nchez, Presidente de Espa\u00f1a y l\u00edder de un partido (que se dice) republicano: \"Con Felipe VI tenemos una mon\u2026", "created_at": "2020-03-17T15:40:17.000Z", "edit_history_tweet_ids": ["1239939622613979139"], "id": "1239939622613979139", "author_id": "154317226"}, {"text": "RT @AnibalMalvar: \u00bfLa Corona que ahy detr\u00e1s de Pedro S\u00e1nchez es por el virus o por Juan Carlos?", "created_at": "2020-03-17T15:39:22.000Z", "edit_history_tweet_ids": ["1239939389918253058"], "id": "1239939389918253058", "author_id": "1050786173780680704"}, {"text": "RT @rafadelcastillo: \ud83d\udde8\ufe0f Pedro S\u00e1nchez, Presidente de Espa\u00f1a y l\u00edder de un partido (que se dice) republicano: \"Con Felipe VI tenemos una mon\u2026", "created_at": "2020-03-17T15:39:16.000Z", "edit_history_tweet_ids": ["1239939367780724737"], "id": "1239939367780724737", "author_id": "365640187"}, {"text": "RT @rafadelcastillo: \ud83d\udde8\ufe0f Pedro S\u00e1nchez, Presidente de Espa\u00f1a y l\u00edder de un partido (que se dice) republicano: \"Con Felipe VI tenemos una mon\u2026", "created_at": "2020-03-17T15:39:14.000Z", "edit_history_tweet_ids": ["1239939356670021637"], "id": "1239939356670021637", "author_id": "189987716"}, {"text": "RT @rafadelcastillo: \ud83d\udde8\ufe0f Pedro S\u00e1nchez, Presidente de Espa\u00f1a y l\u00edder de un partido (que se dice) republicano: \"Con Felipe VI tenemos una mon\u2026", "created_at": "2020-03-17T15:38:56.000Z", "edit_history_tweet_ids": ["1239939283902922752"], "id": "1239939283902922752", "author_id": "814828245552168961"}, {"text": "S\u00e1nchez ha apoyado a Felipe VI en su decisi\u00f3n de renunciar a la herencia de su padre tras las informaciones de sus cuentas opacas. \u201cMedidas necesarias\u201d, las ha descrito. No se pronuncia sobre Juan Carlos I.", "created_at": "2020-03-17T15:38:56.000Z", "edit_history_tweet_ids": ["1239939282774757377"], "id": "1239939282774757377", "author_id": "116900948"}, {"text": "RT @rafadelcastillo: \ud83d\udde8\ufe0f Pedro S\u00e1nchez, Presidente de Espa\u00f1a y l\u00edder de un partido (que se dice) republicano: \"Con Felipe VI tenemos una mon\u2026", "created_at": "2020-03-17T15:38:24.000Z", "edit_history_tweet_ids": ["1239939149936955396"], "id": "1239939149936955396", "author_id": "387664374"}, {"text": "RT @rimbaudarth: Pedro S\u00e1nchez \nPablo Iglesias \nIrene Montero\nCarmen Calvo\nAdriana Lastra\nMar\u00eda Jes\u00fas Montero\nFernando Sim\u00f3n\nFerreras\nAna P\u2026", "created_at": "2020-03-17T15:37:45.000Z", "edit_history_tweet_ids": ["1239938982349279232"], "id": "1239938982349279232", "author_id": "1214934674608476160"}, {"text": "RT @VilaWeb: S\u00e1nchez d\u00f3na suport a la decisi\u00f3 de Felipe VI respecte de Juan Carlos I i la suposada ren\u00fancia a l'her\u00e8ncia https://t.co/AaRxR\u2026", "created_at": "2020-03-17T15:35:06.000Z", "edit_history_tweet_ids": ["1239938315962417152"], "id": "1239938315962417152", "author_id": "1104853350707798020"}, {"text": "RT @Geertxu: Pedro S\u00e1nchez apoya al Rey Felipe por renunciar a la herencia corrupta del Rey Juan Carlos y no dar ninguna explicaci\u00f3n de la\u2026", "created_at": "2020-03-17T15:34:42.000Z", "edit_history_tweet_ids": ["1239938215844380674"], "id": "1239938215844380674", "author_id": "441302088"}, {"text": "Pedro S\u00e1nchez: \"Solo puedo apoyar la decisi\u00f3n de Felipe VI sobre su padre\"\nhttps://t.co/Bsy7cIzv6E", "created_at": "2020-03-17T15:29:17.000Z", "edit_history_tweet_ids": ["1239936852989222912"], "id": "1239936852989222912", "author_id": "364528766"}, {"text": "RT @basteiro: S\u00e1nchez sobre el comunicado de la Casa Real y las decisiones sobre Juan Carlos I: La cuesti\u00f3n \"ha sobresaltado al conjunto de\u2026", "created_at": "2020-03-17T15:29:02.000Z", "edit_history_tweet_ids": ["1239936792838668288"], "id": "1239936792838668288", "author_id": "515553660"}, {"text": "RT @basteiro: S\u00e1nchez sobre el comunicado de la Casa Real y las decisiones sobre Juan Carlos I: La cuesti\u00f3n \"ha sobresaltado al conjunto de\u2026", "created_at": "2020-03-17T15:28:40.000Z", "edit_history_tweet_ids": ["1239936697871347716"], "id": "1239936697871347716", "author_id": "242894957"}, {"text": "RT @VilaWeb: S\u00e1nchez d\u00f3na suport a la decisi\u00f3 de Felipe VI respecte de Juan Carlos I i la suposada ren\u00fancia a l'her\u00e8ncia https://t.co/AaRxR\u2026", "created_at": "2020-03-17T15:27:39.000Z", "edit_history_tweet_ids": ["1239936443881082885"], "id": "1239936443881082885", "author_id": "292551294"}, {"text": "\ud83d\udde3\ufe0f\"Lo \u00fanico que puedo hacer es apoyar la decisi\u00f3n tomada por el rey Felipe VI [...] creo que son unas medidas necesarias\"\n\nPedro S\u00e1nchez, sobre la decisi\u00f3n del rey de renunciar a la herencia de su padre y cancelarle la asignaci\u00f3n de la Casa Real https://t.co/Pc7lQrZ4D0 https://t.co/kr1wmTUyZx", "created_at": "2020-03-17T15:27:17.000Z", "edit_history_tweet_ids": ["1239936351631478784"], "id": "1239936351631478784", "author_id": "3027942849"}, {"text": "RT @basteiro: S\u00e1nchez sobre el comunicado de la Casa Real y las decisiones sobre Juan Carlos I: La cuesti\u00f3n \"ha sobresaltado al conjunto de\u2026", "created_at": "2020-03-17T15:26:41.000Z", "edit_history_tweet_ids": ["1239936197977346048"], "id": "1239936197977346048", "author_id": "302637617"}, {"text": "S\u00e1nchez sobre el comunicado de la Casa Real y las decisiones sobre Juan Carlos I: La cuesti\u00f3n \"ha sobresaltado al conjunto de la opini\u00f3n p\u00fablica\". El presidente asegura \"apoyar la decisi\u00f3n tomada por el rey Felipe VI\". \"Son unas medidas necesarias\".", "created_at": "2020-03-17T15:26:24.000Z", "edit_history_tweet_ids": ["1239936129345949699"], "id": "1239936129345949699", "author_id": "14396748"}, {"text": "RT @VilaWeb: S\u00e1nchez d\u00f3na suport a la decisi\u00f3 de Felipe VI respecte de Juan Carlos I i la suposada ren\u00fancia a l'her\u00e8ncia https://t.co/AaRxR\u2026", "created_at": "2020-03-17T15:25:33.000Z", "edit_history_tweet_ids": ["1239935915142909952"], "id": "1239935915142909952", "author_id": "257619220"}, {"text": "Pedro S\u00e1nchez, preguntado por la decisi\u00f3n de Felipe VI de renunciar a la herencia de Juan Carlos I y retirarle la asignaci\u00f3n:\n\n\u201cA juicio del gobierno y en particular m\u00edo,lo \u00fanico que puedo es apoyar la decisi\u00f3n de Felipe VI\u201d\n\n\u201cSon unas medidas necesarias y coherentes\u201d\n\n#COVID2019", "created_at": "2020-03-17T15:24:20.000Z", "edit_history_tweet_ids": ["1239935606622470144"], "id": "1239935606622470144", "author_id": "264233489"}, {"text": "RT @VilaWeb: S\u00e1nchez d\u00f3na suport a la decisi\u00f3 de Felipe VI respecte de Juan Carlos I i la suposada ren\u00fancia a l'her\u00e8ncia https://t.co/AaRxR\u2026", "created_at": "2020-03-17T15:22:55.000Z", "edit_history_tweet_ids": ["1239935250077229063"], "id": "1239935250077229063", "author_id": "1116648956988219392"}, {"text": "RT @Geertxu: Pedro S\u00e1nchez apoya al Rey Felipe por renunciar a la herencia corrupta del Rey Juan Carlos y no dar ninguna explicaci\u00f3n de la\u2026", "created_at": "2020-03-17T15:21:30.000Z", "edit_history_tweet_ids": ["1239934893066530817"], "id": "1239934893066530817", "author_id": "585927401"}, {"text": "Pedro S\u00e1nchez apoya al Rey Felipe por renunciar a la herencia corrupta del Rey Juan Carlos y no dar ninguna explicaci\u00f3n de la millonada recibida por parte de Arabia Saud\u00ed. \n\nMe ha emocionado con el discurso econ\u00f3mico y ahora me decepciona al no hacer ni una cr\u00edtica al respecto.", "created_at": "2020-03-17T15:20:38.000Z", "edit_history_tweet_ids": ["1239934677718360064"], "id": "1239934677718360064", "author_id": "263689257"}, {"text": "RT @rimbaudarth: Pedro S\u00e1nchez \nPablo Iglesias \nIrene Montero\nCarmen Calvo\nAdriana Lastra\nMar\u00eda Jes\u00fas Montero\nFernando Sim\u00f3n\nFerreras\nAna P\u2026", "created_at": "2020-03-17T15:20:25.000Z", "edit_history_tweet_ids": ["1239934620688420864"], "id": "1239934620688420864", "author_id": "2691192957"}, {"text": "RT @rimbaudarth: Pedro S\u00e1nchez \nPablo Iglesias \nIrene Montero\nCarmen Calvo\nAdriana Lastra\nMar\u00eda Jes\u00fas Montero\nFernando Sim\u00f3n\nFerreras\nAna P\u2026", "created_at": "2020-03-17T15:18:11.000Z", "edit_history_tweet_ids": ["1239934061361205253"], "id": "1239934061361205253", "author_id": "1030012313804439552"}, {"text": "RT @catolica_a: Juan Carlos de Borb\u00f3n: te dejamos que repitas tus m\u00edticas palabras como representante p\u00fablico, antes de retirarte del todo,\u2026", "created_at": "2020-03-17T15:15:39.000Z", "edit_history_tweet_ids": ["1239933421553627137"], "id": "1239933421553627137", "author_id": "177691673"}, {"text": "RT @rimbaudarth: Pedro S\u00e1nchez \nPablo Iglesias \nIrene Montero\nCarmen Calvo\nAdriana Lastra\nMar\u00eda Jes\u00fas Montero\nFernando Sim\u00f3n\nFerreras\nAna P\u2026", "created_at": "2020-03-17T15:13:43.000Z", "edit_history_tweet_ids": ["1239932937786753026"], "id": "1239932937786753026", "author_id": "4904020775"}, {"text": "RT @ErnestoEkaizer: #Corinavirus La Casa del Rey dice discretamente que el 5 de marzo de 2019, tras conocer la existencia de la Fundaci\u00f3n L\u2026", "created_at": "2020-03-17T15:11:23.000Z", "edit_history_tweet_ids": ["1239932350156410880"], "id": "1239932350156410880", "author_id": "935159698021634051"}, {"text": "RT @catolica_a: Juan Carlos de Borb\u00f3n: te dejamos que repitas tus m\u00edticas palabras como representante p\u00fablico, antes de retirarte del todo,\u2026", "created_at": "2020-03-17T15:11:00.000Z", "edit_history_tweet_ids": ["1239932251946848261"], "id": "1239932251946848261", "author_id": "524466906"}, {"text": "Juan Carlos de Borb\u00f3n: te dejamos que repitas tus m\u00edticas palabras como representante p\u00fablico, antes de retirarte del todo, pero esta vez a S\u00e1nchez:\n- \u00bfPor qu\u00e9 no te callas?", "created_at": "2020-03-17T15:09:22.000Z", "edit_history_tweet_ids": ["1239931843270541313"], "id": "1239931843270541313", "author_id": "1042001795168591872"}, {"text": "RT @rimbaudarth: Pedro S\u00e1nchez \nPablo Iglesias \nIrene Montero\nCarmen Calvo\nAdriana Lastra\nMar\u00eda Jes\u00fas Montero\nFernando Sim\u00f3n\nFerreras\nAna P\u2026", "created_at": "2020-03-17T15:06:55.000Z", "edit_history_tweet_ids": ["1239931226674417669"], "id": "1239931226674417669", "author_id": "246451789"}, {"text": "RT @rimbaudarth: Pedro S\u00e1nchez \nPablo Iglesias \nIrene Montero\nCarmen Calvo\nAdriana Lastra\nMar\u00eda Jes\u00fas Montero\nFernando Sim\u00f3n\nFerreras\nAna P\u2026", "created_at": "2020-03-17T15:06:08.000Z", "edit_history_tweet_ids": ["1239931027952410624"], "id": "1239931027952410624", "author_id": "720176591331008512"}, {"text": "RT @rimbaudarth: Pedro S\u00e1nchez \nPablo Iglesias \nIrene Montero\nCarmen Calvo\nAdriana Lastra\nMar\u00eda Jes\u00fas Montero\nFernando Sim\u00f3n\nFerreras\nAna P\u2026", "created_at": "2020-03-17T15:05:49.000Z", "edit_history_tweet_ids": ["1239930946297757705"], "id": "1239930946297757705", "author_id": "1158184838874181634"}, {"text": "RT @rimbaudarth: Pedro S\u00e1nchez \nPablo Iglesias \nIrene Montero\nCarmen Calvo\nAdriana Lastra\nMar\u00eda Jes\u00fas Montero\nFernando Sim\u00f3n\nFerreras\nAna P\u2026", "created_at": "2020-03-17T15:05:46.000Z", "edit_history_tweet_ids": ["1239930937351327746"], "id": "1239930937351327746", "author_id": "635223106"}], "meta": {"newest_id": "1239964570170454017", "oldest_id": "1239930937351327746", "result_count": 97, "next_token": "b26v89c19zqg8o3fo74hduifx91tgjtatrnm0wj31hit9"}}