{"data": [{"created_at": "2020-03-28T10:28:52.000Z", "text": "RT @ConAmeba: Sanidad PRIVADA:\n\u27a1\ufe0f Carmen Calvo\n\u27a1\ufe0f Pablo Iglesias\n\u27a1\ufe0f Bego\u00f1a G\u00f3mez\n\u27a1\ufe0f Pedro S\u00e1nchez\n\u27a1\ufe0f Padres Pedro S\u00e1nchez\n\u27a1\ufe0f Baltasar Garz\u00f3\u2026", "author_id": "3302098139", "edit_history_tweet_ids": ["1243847516489232384"], "id": "1243847516489232384"}, {"created_at": "2020-03-28T10:21:33.000Z", "text": "Jos\u00e9 Luis Rodr\u00edguez Zapatero y Juan Carlos Monedero dos criminales de izquierda podrian muy pronto ver como sus cabezas tambien tienen precio y son requeridos por la justicia de EEUU por sus vinculos con la dictadura genocida de Venezuela.\nOjala sigan Abalos,Sanchez,Iglesias.", "author_id": "1031991161148321792", "edit_history_tweet_ids": ["1243845677920276480"], "id": "1243845677920276480"}, {"created_at": "2020-03-28T10:17:03.000Z", "text": "RT @ConAmeba: Sanidad PRIVADA:\n\u27a1\ufe0f Carmen Calvo\n\u27a1\ufe0f Pablo Iglesias\n\u27a1\ufe0f Bego\u00f1a G\u00f3mez\n\u27a1\ufe0f Pedro S\u00e1nchez\n\u27a1\ufe0f Padres Pedro S\u00e1nchez\n\u27a1\ufe0f Baltasar Garz\u00f3\u2026", "author_id": "1025287291416272896", "edit_history_tweet_ids": ["1243844544052985862"], "id": "1243844544052985862"}, {"created_at": "2020-03-28T10:07:03.000Z", "text": "RT @ConAmeba: Sanidad PRIVADA:\n\u27a1\ufe0f Carmen Calvo\n\u27a1\ufe0f Pablo Iglesias\n\u27a1\ufe0f Bego\u00f1a G\u00f3mez\n\u27a1\ufe0f Pedro S\u00e1nchez\n\u27a1\ufe0f Padres Pedro S\u00e1nchez\n\u27a1\ufe0f Baltasar Garz\u00f3\u2026", "author_id": "300541199", "edit_history_tweet_ids": ["1243842026669572096"], "id": "1243842026669572096"}, {"created_at": "2020-03-28T09:59:13.000Z", "text": "RT @pjhm1969: @hugouribev @miFBIHouston No olvidar la financiaci\u00f3n para la creaci\u00f3n de Podemos en Espa\u00f1a \ud83c\uddea\ud83c\uddf8, el vicepresidente Pablo Iglesi\u2026", "author_id": "3306367630", "edit_history_tweet_ids": ["1243840055950618629"], "id": "1243840055950618629"}, {"created_at": "2020-03-28T09:53:38.000Z", "text": "RT @JuanaleAlcover: Sorprende que el Colegio de Economistas M\u00e1laga @ColEcoMalaga critique a @sanchezcastejon @PSOE? \nRecordemos que su impr\u2026", "author_id": "370389879", "edit_history_tweet_ids": ["1243838650036695041"], "id": "1243838650036695041"}, {"created_at": "2020-03-28T09:49:31.000Z", "text": "RT @JuanaleAlcover: Sorprende que el Colegio de Economistas M\u00e1laga @ColEcoMalaga critique a @sanchezcastejon @PSOE? \nRecordemos que su impr\u2026", "author_id": "274664446", "edit_history_tweet_ids": ["1243837613594816512"], "id": "1243837613594816512"}, {"created_at": "2020-03-28T09:36:48.000Z", "text": "RT @jorge22094625: @sonia_riverogc Juan Carlos I hizo c\u00e9lebre la frase a Ch\u00e1vez \"\" POR QUE NO TE CALLAS \"\"...ahora nosotros deber\u00edamos de p\u2026", "author_id": "2371611855", "edit_history_tweet_ids": ["1243834415001800705"], "id": "1243834415001800705"}, {"created_at": "2020-03-28T09:33:05.000Z", "text": "@sonia_riverogc Juan Carlos I hizo c\u00e9lebre la frase a Ch\u00e1vez \"\" POR QUE NO TE CALLAS \"\"...ahora nosotros deber\u00edamos de popularizar esta otra frase para S\u00e1nchez...\"\" POR QUE NO TE LARGAS \"\"", "author_id": "992611159", "edit_history_tweet_ids": ["1243833480750026752"], "id": "1243833480750026752"}, {"created_at": "2020-03-28T08:52:49.000Z", "text": "RT @pjhm1969: @hugouribev @miFBIHouston No olvidar la financiaci\u00f3n para la creaci\u00f3n de Podemos en Espa\u00f1a \ud83c\uddea\ud83c\uddf8, el vicepresidente Pablo Iglesi\u2026", "author_id": "1046259222", "edit_history_tweet_ids": ["1243823347726770177"], "id": "1243823347726770177"}, {"created_at": "2020-03-28T08:35:47.000Z", "text": "RT @ConAmeba: Sanidad PRIVADA:\n\u27a1\ufe0f Carmen Calvo\n\u27a1\ufe0f Pablo Iglesias\n\u27a1\ufe0f Bego\u00f1a G\u00f3mez\n\u27a1\ufe0f Pedro S\u00e1nchez\n\u27a1\ufe0f Padres Pedro S\u00e1nchez\n\u27a1\ufe0f Baltasar Garz\u00f3\u2026", "author_id": "1194897289447378949", "edit_history_tweet_ids": ["1243819060367851521"], "id": "1243819060367851521"}, {"created_at": "2020-03-28T08:24:54.000Z", "text": "RT @andresrarra: @mralemartin @Ant_Esp_Cr @BordoDel @76_pino @JOSMAFIDALGO @PepeTokoro @mohandipisstao @AleAlvarez89 @DelatoyaA @RafaelPere\u2026", "author_id": "239997913", "edit_history_tweet_ids": ["1243816322263322624"], "id": "1243816322263322624"}, {"created_at": "2020-03-28T08:24:30.000Z", "text": "RT @ConAmeba: Sanidad PRIVADA:\n\u27a1\ufe0f Carmen Calvo\n\u27a1\ufe0f Pablo Iglesias\n\u27a1\ufe0f Bego\u00f1a G\u00f3mez\n\u27a1\ufe0f Pedro S\u00e1nchez\n\u27a1\ufe0f Padres Pedro S\u00e1nchez\n\u27a1\ufe0f Baltasar Garz\u00f3\u2026", "author_id": "1136510162", "edit_history_tweet_ids": ["1243816220601745408"], "id": "1243816220601745408"}, {"created_at": "2020-03-28T08:23:00.000Z", "text": "RT @ConAmeba: Sanidad PRIVADA:\n\u27a1\ufe0f Carmen Calvo\n\u27a1\ufe0f Pablo Iglesias\n\u27a1\ufe0f Bego\u00f1a G\u00f3mez\n\u27a1\ufe0f Pedro S\u00e1nchez\n\u27a1\ufe0f Padres Pedro S\u00e1nchez\n\u27a1\ufe0f Baltasar Garz\u00f3\u2026", "author_id": "950256453985726464", "edit_history_tweet_ids": ["1243815844343418880"], "id": "1243815844343418880"}, {"created_at": "2020-03-28T08:16:03.000Z", "text": "RT @ConAmeba: Sanidad PRIVADA:\n\u27a1\ufe0f Carmen Calvo\n\u27a1\ufe0f Pablo Iglesias\n\u27a1\ufe0f Bego\u00f1a G\u00f3mez\n\u27a1\ufe0f Pedro S\u00e1nchez\n\u27a1\ufe0f Padres Pedro S\u00e1nchez\n\u27a1\ufe0f Baltasar Garz\u00f3\u2026", "author_id": "369560041", "edit_history_tweet_ids": ["1243814094056144896"], "id": "1243814094056144896"}, {"created_at": "2020-03-28T07:54:39.000Z", "text": "RT @ConAmeba: Sanidad PRIVADA:\n\u27a1\ufe0f Carmen Calvo\n\u27a1\ufe0f Pablo Iglesias\n\u27a1\ufe0f Bego\u00f1a G\u00f3mez\n\u27a1\ufe0f Pedro S\u00e1nchez\n\u27a1\ufe0f Padres Pedro S\u00e1nchez\n\u27a1\ufe0f Baltasar Garz\u00f3\u2026", "author_id": "1217550434493222912", "edit_history_tweet_ids": ["1243808707655479298"], "id": "1243808707655479298"}, {"created_at": "2020-03-28T07:35:14.000Z", "text": "https://t.co/KFcs40KHNq\nPrograma 0067\n- Carlos Sanchez\n- Atchere\n- Esther Ovejero\n- Polo Orti Group\n- Javier Montero\n- Jose Carlos Diaz\n- Juan Carlos Martin\n- Macaronesis\n- Miguel Afonso\n- AM Big Band\n- Javier Infante\n\nEnlaces de audio en nuestra web\n\n#jazzradio #grancanaria https://t.co/94ZB2Tdi6v", "author_id": "2421732842", "edit_history_tweet_ids": ["1243803822482493440"], "id": "1243803822482493440"}, {"created_at": "2020-03-28T06:06:36.000Z", "text": "Aquest es un gran pais! Primer Juan Carlos el \u201cCampechano\u201d. Despr\u00e9s Felipe Uve palito el \u201cPreparao\u201d i ara Pedro Sanchez el \u201cbon xaval.\u201d\nAu va home!\nNo cal matar per fer morir. Nomes cal ser incompetent! https://t.co/xWDrepGa6g", "author_id": "430143253", "edit_history_tweet_ids": ["1243781517110923264"], "id": "1243781517110923264"}, {"created_at": "2020-03-28T05:56:01.000Z", "text": "@alberto_turismo @RICARDO1150AM @alextovarmx @Hortattack @jbalderas83 @GabrielAranda83 @danielgodoyuam @xavoconx @Rod_Martinez_ @ItuPrz @nestor_galindo @tavodeportes29 @26_pabloruiz @MiguelZacarias @ChequeGasca17 @AntonioMojicaRo @miguelcruzmx @EdgarDeschamps3 @JulietaMendez_ @regieyq @adrianm01 @JCVeraza @pina_edgar @PabloAimarOK @JORGEMILHE @ArturoCarlos @edwzame @Beto_Murrieta @Leonlec @Gusharris76 @juanelovich @martin_aviles @Palomarrr4 @marcelinofc @AlexioRP @JacoboKorn @emmanuelhg7 @ELISEOJANEIRO @EX_Starkiller @comeconchas @julianromo @soyjorgeromero @PelusoM10 @YINOVILLARREAL 5 deportistas que me gustan por su trabajo o marcaron mi vida:\n\n1.- Hugo S\u00e1nchez @hugosanchez_9 \n2.- Jorge Campos\n3.- Julio C\u00e9sar Ch\u00e1vez @Jcchavez115 \n4.- Dar\u00edo Ver\u00f3n @Dario4Veron \n5.- Juan Carlos Vera @jcvera_1 \n\nNomino a @ORecinas @lalentedechacho", "author_id": "70302591", "edit_history_tweet_ids": ["1243778854512140290"], "id": "1243778854512140290"}, {"created_at": "2020-03-28T05:39:42.000Z", "text": "@SecPompeo @JosepBorrellF don't truth in this guy ! We don't like @JosepBorrellF. Is a socialist friend of maduro, pable sanchez, juan carlos monedero, pablo iglesias,  jose luis zapatero' get out of venezuela! You are our enemies! We don't like yours! Fuera de venezuela!  America para los americanos!", "author_id": "1176553224272338945", "edit_history_tweet_ids": ["1243774745625145345"], "id": "1243774745625145345"}, {"created_at": "2020-03-28T05:28:38.000Z", "text": "RT @Camarada_Duarte: Este soneto lo escribi\u00f3 Juan Carlos para su mano derecha, su hombre de confianza, tal y como \u00e9l lo defin\u00eda. Al que est\u2026", "author_id": "3686307375", "edit_history_tweet_ids": ["1243771960108204042"], "id": "1243771960108204042"}, {"created_at": "2020-03-28T03:51:39.000Z", "text": "RT @viejocasale: 28/3/1948. Amistoso. Racing 3 (Salvini 2, Simes) v. Boca 1 (Negri). Cancha de San Lorenzo. Debut (no oficial) de Norberto\u2026", "author_id": "1001278561855201280", "edit_history_tweet_ids": ["1243747555336433670"], "id": "1243747555336433670"}, {"created_at": "2020-03-28T03:47:24.000Z", "text": "RT @viejocasale: 28/3/1948. Amistoso. Racing 3 (Salvini 2, Simes) v. Boca 1 (Negri). Cancha de San Lorenzo. Debut (no oficial) de Norberto\u2026", "author_id": "187291486", "edit_history_tweet_ids": ["1243746486946496513"], "id": "1243746486946496513"}, {"created_at": "2020-03-28T03:46:14.000Z", "text": "28/3/1948. Amistoso. Racing 3 (Salvini 2, Simes) v. Boca 1 (Negri). Cancha de San Lorenzo. Debut (no oficial) de Norberto M\u00e9ndez, Llamil Simes y Juan Carlos Salvini en Racing, de Carlos G\u00f3mez S\u00e1nchez en Boca y de Lionel Gibbs (\u00e1rbitro). https://t.co/wDbr5U0WB9", "author_id": "2595655435", "edit_history_tweet_ids": ["1243746193408172033"], "id": "1243746193408172033"}, {"created_at": "2020-03-28T03:46:04.000Z", "text": "Copa Libertadores (2015)\n\n\ud83d\ude21San Jos\u00e9, Juan Aurich, Boca, Cruzeiro, Guaran\u00ed y Tigres fueron los rivales.\n\nLa final terminar\u00eda en goleada 3-0 frente al equipo mexicano con goles de Lucas Alario, Carlos S\u00e1nchez y Ramiro Funes Mori. https://t.co/kUTiIgrp98", "author_id": "880402481150349313", "edit_history_tweet_ids": ["1243746150383063040"], "id": "1243746150383063040"}, {"created_at": "2020-03-28T03:14:20.000Z", "text": "RT @pjhm1969: Alg\u00fan comentario Pablo Iglesias, I\u00f1igo Errej\u00f3n, Juan Carlos Monedero, Jos\u00e9 Luis Abalos( Delcygate) Pedro S\u00e1nchez, Jos\u00e9 Luis R\u2026", "author_id": "144823741", "edit_history_tweet_ids": ["1243738163731992578"], "id": "1243738163731992578"}, {"created_at": "2020-03-28T02:16:06.000Z", "text": "claro y raspado, as\u00ed lo dijo juan carlos sanchez. sobre la situaci\u00f3n del municipio polic\u00edas como vacunan al comercio no tienen compacidad, sumire ponte las pilas camarada la revoluci\u00f3n te llevo para solucionar, no para tener miedo y llenarse tus allegados", "author_id": "1182782029362016256", "edit_history_tweet_ids": ["1243723510469537793"], "id": "1243723510469537793"}, {"created_at": "2020-03-28T02:08:52.000Z", "text": "RT @Bogota__DC: Falleci\u00f3 Carlos S\u00e1nchez, el hombre que represent\u00f3 por 37 a\u00f1os, al ic\u00f3nico Juan Valdez, llevando el rostro de los cafeteros\u2026", "author_id": "269534959", "edit_history_tweet_ids": ["1243721689491550210"], "id": "1243721689491550210"}, {"created_at": "2020-03-28T01:38:49.000Z", "text": "@MaxCordaro @lgbucciCNN @EliperezCNN @RSaenzCNN @deportescnn \ud83c\udde9\ud83c\uddea Thomas muller.\n\ud83c\uddeb\ud83c\uddf7Zinedine Zidane\n\ud83c\udde7\ud83c\uddf7Ronaldo nazario\n\ud83c\udde6\ud83c\uddf7 Lionel messi\n\ud83c\udde8\ud83c\uddf1Ivan zamorano\n\ud83c\udde8\ud83c\uddf4Carlos valderrama\n\ud83c\uddee\ud83c\uddf9Francesco Totti.\n\ud83c\uddf3\ud83c\uddf1 Johan cruif\n\ud83c\uddea\ud83c\uddf8 Raul gonzalez\n\ud83c\uddfa\ud83c\uddfe Diego forlan\n\ud83c\uddfb\ud83c\uddeaJuan arango\n\ud83c\uddfa\ud83c\uddf2Dempsley\n\ud83c\uddf2\ud83c\uddfdHugo sanchez", "author_id": "141069033", "edit_history_tweet_ids": ["1243714126523838464"], "id": "1243714126523838464"}, {"created_at": "2020-03-28T00:59:25.000Z", "text": "RT @Camarada_Duarte: Este soneto lo escribi\u00f3 Juan Carlos para su mano derecha, su hombre de confianza, tal y como \u00e9l lo defin\u00eda. Al que est\u2026", "author_id": "2290273737", "edit_history_tweet_ids": ["1243704209213661184"], "id": "1243704209213661184"}, {"created_at": "2020-03-28T00:20:38.000Z", "text": "RT @andresrarra: @mralemartin @Ant_Esp_Cr @BordoDel @76_pino @JOSMAFIDALGO @PepeTokoro @mohandipisstao @AleAlvarez89 @DelatoyaA @RafaelPere\u2026", "author_id": "1204824235891408904", "edit_history_tweet_ids": ["1243694451190648841"], "id": "1243694451190648841"}, {"created_at": "2020-03-27T23:57:05.000Z", "text": "RT @JuanaleAlcover: Sorprende que el Colegio de Economistas M\u00e1laga @ColEcoMalaga critique a @sanchezcastejon @PSOE? \nRecordemos que su impr\u2026", "author_id": "309188862", "edit_history_tweet_ids": ["1243688523544383488"], "id": "1243688523544383488"}, {"created_at": "2020-03-27T23:45:42.000Z", "text": "@OrgBlanquiVerde @ADJimenez32 @rafaffernandez @avalosrafa @jcarlosmeni @ACarmonaFoto @pepecarvaz @QuimAraujo7 @jorgeromerosaez @FraniniRuano Comparsa: los condenaos\nChirigota: flamenkito apaleao\nCoro: el Danubio azul \ud83d\ude02\nCuarteto: como Juan Carlos no sac\u00f3 cuarteto, me quedo con el equipo A del Morera \n\ud83c\udfad\ud83c\udfad\ud83c\udfad nomino a: @JoseMSoto  @tochu_sanchez @camaron58623989 @MikyCalero13", "author_id": "160636653", "edit_history_tweet_ids": ["1243685660877193218"], "id": "1243685660877193218"}, {"created_at": "2020-03-27T23:43:12.000Z", "text": "RT @ConAmeba: Sanidad PRIVADA:\n\u27a1\ufe0f Carmen Calvo\n\u27a1\ufe0f Pablo Iglesias\n\u27a1\ufe0f Bego\u00f1a G\u00f3mez\n\u27a1\ufe0f Pedro S\u00e1nchez\n\u27a1\ufe0f Padres Pedro S\u00e1nchez\n\u27a1\ufe0f Baltasar Garz\u00f3\u2026", "author_id": "829617980", "edit_history_tweet_ids": ["1243685028665659392"], "id": "1243685028665659392"}, {"created_at": "2020-03-27T23:34:31.000Z", "text": "RT @ConAmeba: Sanidad PRIVADA:\n\u27a1\ufe0f Carmen Calvo\n\u27a1\ufe0f Pablo Iglesias\n\u27a1\ufe0f Bego\u00f1a G\u00f3mez\n\u27a1\ufe0f Pedro S\u00e1nchez\n\u27a1\ufe0f Padres Pedro S\u00e1nchez\n\u27a1\ufe0f Baltasar Garz\u00f3\u2026", "author_id": "423493146", "edit_history_tweet_ids": ["1243682844637093889"], "id": "1243682844637093889"}, {"created_at": "2020-03-27T23:18:46.000Z", "text": "RT @JuanaleAlcover: Sorprende que el Colegio de Economistas M\u00e1laga @ColEcoMalaga critique a @sanchezcastejon @PSOE? \nRecordemos que su impr\u2026", "author_id": "1186318924637462533", "edit_history_tweet_ids": ["1243678880583557121"], "id": "1243678880583557121"}, {"created_at": "2020-03-27T23:07:21.000Z", "text": "RT @ConsulMexLar: \u27a1\ufe0f Te compartimos el art\u00edculo editorial del C\u00f3nsul General Juan Carlos Mendoza S\u00e1nchez para @LMTenEspanol @lmtnews \ud83d\udcf0\ud83d\udd8b #La\u2026", "author_id": "1243671745657065472", "edit_history_tweet_ids": ["1243676006814081024"], "id": "1243676006814081024"}, {"created_at": "2020-03-27T23:07:00.000Z", "text": "RT @ConsulMexLar: El C\u00f3nsul General Juan Carlos Mendoza S\u00e1nchez recibi\u00f3 a @univisionlaredo para hablar sobre las medidas fronterizas frente\u2026", "author_id": "1243671745657065472", "edit_history_tweet_ids": ["1243675919543230466"], "id": "1243675919543230466"}, {"created_at": "2020-03-27T23:06:54.000Z", "text": "RT @ConsulMexLar: \ud83d\udde3 Te invitamos a leer el art\u00edculo que el C\u00f3nsul General Juan Carlos Mendoza S\u00e1nchez para Lights Magazine TV: \"Laredos uni\u2026", "author_id": "1243671745657065472", "edit_history_tweet_ids": ["1243675893869858816"], "id": "1243675893869858816"}, {"created_at": "2020-03-27T23:06:50.000Z", "text": "RT @ConsulMexLar: \u00a1No te pierdas la entrevista del C\u00f3nsul General Juan Carlos Mendoza S\u00e1nchez para Miguel Amante de @TelemundoLAREDO! #Lare\u2026", "author_id": "1243671745657065472", "edit_history_tweet_ids": ["1243675877759582209"], "id": "1243675877759582209"}, {"created_at": "2020-03-27T23:06:21.000Z", "text": "RT @ConsulMexLar: \ud83d\udd0aEscucha la entrevista sobre el impacto del #COVID19 en los Serv. Consulares que dio el C\u00f3nsul General Juan Carlos Mendoz\u2026", "author_id": "1243671745657065472", "edit_history_tweet_ids": ["1243675756837761024"], "id": "1243675756837761024"}, {"created_at": "2020-03-27T22:14:32.000Z", "text": "RT @ConAmeba: Sanidad PRIVADA:\n\u27a1\ufe0f Carmen Calvo\n\u27a1\ufe0f Pablo Iglesias\n\u27a1\ufe0f Bego\u00f1a G\u00f3mez\n\u27a1\ufe0f Pedro S\u00e1nchez\n\u27a1\ufe0f Padres Pedro S\u00e1nchez\n\u27a1\ufe0f Baltasar Garz\u00f3\u2026", "author_id": "1157468037706129409", "edit_history_tweet_ids": ["1243662715954114560"], "id": "1243662715954114560"}, {"created_at": "2020-03-27T22:08:03.000Z", "text": "RT @ConAmeba: Sanidad PRIVADA:\n\u27a1\ufe0f Carmen Calvo\n\u27a1\ufe0f Pablo Iglesias\n\u27a1\ufe0f Bego\u00f1a G\u00f3mez\n\u27a1\ufe0f Pedro S\u00e1nchez\n\u27a1\ufe0f Padres Pedro S\u00e1nchez\n\u27a1\ufe0f Baltasar Garz\u00f3\u2026", "author_id": "1121430079488368640", "edit_history_tweet_ids": ["1243661087385489414"], "id": "1243661087385489414"}, {"created_at": "2020-03-27T22:02:24.000Z", "text": "RT @JuanaleAlcover: Sorprende que el Colegio de Economistas M\u00e1laga @ColEcoMalaga critique a @sanchezcastejon @PSOE? \nRecordemos que su impr\u2026", "author_id": "406220103", "edit_history_tweet_ids": ["1243659664719597568"], "id": "1243659664719597568"}, {"created_at": "2020-03-27T21:45:01.000Z", "text": "RT @JuanaleAlcover: Sorprende que el Colegio de Economistas M\u00e1laga @ColEcoMalaga critique a @sanchezcastejon @PSOE? \nRecordemos que su impr\u2026", "author_id": "636268171", "edit_history_tweet_ids": ["1243655286725935104"], "id": "1243655286725935104"}, {"created_at": "2020-03-27T21:38:39.000Z", "text": "RT @ConAmeba: Sanidad PRIVADA:\n\u27a1\ufe0f Carmen Calvo\n\u27a1\ufe0f Pablo Iglesias\n\u27a1\ufe0f Bego\u00f1a G\u00f3mez\n\u27a1\ufe0f Pedro S\u00e1nchez\n\u27a1\ufe0f Padres Pedro S\u00e1nchez\n\u27a1\ufe0f Baltasar Garz\u00f3\u2026", "author_id": "315485758", "edit_history_tweet_ids": ["1243653686225764359"], "id": "1243653686225764359"}, {"created_at": "2020-03-27T21:38:11.000Z", "text": "RT @ConAmeba: Sanidad PRIVADA:\n\u27a1\ufe0f Carmen Calvo\n\u27a1\ufe0f Pablo Iglesias\n\u27a1\ufe0f Bego\u00f1a G\u00f3mez\n\u27a1\ufe0f Pedro S\u00e1nchez\n\u27a1\ufe0f Padres Pedro S\u00e1nchez\n\u27a1\ufe0f Baltasar Garz\u00f3\u2026", "author_id": "135088716", "edit_history_tweet_ids": ["1243653568911020033"], "id": "1243653568911020033"}, {"created_at": "2020-03-27T21:16:18.000Z", "text": "RT @JuanaleAlcover: Sorprende que el Colegio de Economistas M\u00e1laga @ColEcoMalaga critique a @sanchezcastejon @PSOE? \nRecordemos que su impr\u2026", "author_id": "1172614257738993664", "edit_history_tweet_ids": ["1243648063245357057"], "id": "1243648063245357057"}, {"created_at": "2020-03-27T21:08:15.000Z", "text": "RT @IzsakSzajharc: #NoLesCreas a Pedro S\u00e1nchez, Pablo Iglesias, Susanna Griso, Juan Carlos Monedero, Pablo Echenique, Irene Montero, I\u00f1igo\u2026", "author_id": "701499200769548294", "edit_history_tweet_ids": ["1243646034645078022"], "id": "1243646034645078022"}, {"created_at": "2020-03-27T20:41:59.000Z", "text": "RT @JuanaleAlcover: Sorprende que el Colegio de Economistas M\u00e1laga @ColEcoMalaga critique a @sanchezcastejon @PSOE? \nRecordemos que su impr\u2026", "author_id": "1175035798254772224", "edit_history_tweet_ids": ["1243639427143995397"], "id": "1243639427143995397"}, {"created_at": "2020-03-27T20:02:22.000Z", "text": "RT @Camarada_Duarte: Este soneto lo escribi\u00f3 Juan Carlos para su mano derecha, su hombre de confianza, tal y como \u00e9l lo defin\u00eda. Al que est\u2026", "author_id": "1210055714", "edit_history_tweet_ids": ["1243629454464778240"], "id": "1243629454464778240"}, {"created_at": "2020-03-27T19:59:43.000Z", "text": "@Carlos_Venturap Juan Carlos Barrera S\u00e1nchez 4-B https://t.co/60n7nPvlCy", "author_id": "1240919224484323333", "edit_history_tweet_ids": ["1243628790519156736"], "id": "1243628790519156736"}, {"created_at": "2020-03-27T19:38:23.000Z", "text": "RT @JuanaleAlcover: Sorprende que el Colegio de Economistas M\u00e1laga @ColEcoMalaga critique a @sanchezcastejon @PSOE? \nRecordemos que su impr\u2026", "author_id": "1198633037388488704", "edit_history_tweet_ids": ["1243623419356291075"], "id": "1243623419356291075"}, {"created_at": "2020-03-27T19:07:52.000Z", "text": "@ToyotaMex @profeco Fui a TOYOTA Serdan Puebla, hice el apartado y el enganche de PriusC. Me despidieron por la situacion actual ahora soy insolvente. Me atendio JUAN CARLOS SECUA SANCHEZ, dijo que no era posible reembolso. No he tenido posesion del carro aun.", "author_id": "816766107172253696", "edit_history_tweet_ids": ["1243615739455500289"], "id": "1243615739455500289"}, {"created_at": "2020-03-27T18:58:16.000Z", "text": "RT @JuanaleAlcover: Sorprende que el Colegio de Economistas M\u00e1laga @ColEcoMalaga critique a @sanchezcastejon @PSOE? \nRecordemos que su impr\u2026", "author_id": "1130482504434102273", "edit_history_tweet_ids": ["1243613324769742854"], "id": "1243613324769742854"}, {"created_at": "2020-03-27T18:52:08.000Z", "text": "RT @JuanaleAlcover: Sorprende que el Colegio de Economistas M\u00e1laga @ColEcoMalaga critique a @sanchezcastejon @PSOE? \nRecordemos que su impr\u2026", "author_id": "2570918620", "edit_history_tweet_ids": ["1243611780498231297"], "id": "1243611780498231297"}, {"created_at": "2020-03-27T18:43:32.000Z", "text": "RT @JuanaleAlcover: Sorprende que el Colegio de Economistas M\u00e1laga @ColEcoMalaga critique a @sanchezcastejon @PSOE? \nRecordemos que su impr\u2026", "author_id": "2223654390", "edit_history_tweet_ids": ["1243609618200383489"], "id": "1243609618200383489"}, {"created_at": "2020-03-27T18:43:12.000Z", "text": "RT @JuanaleAlcover: Sorprende que el Colegio de Economistas M\u00e1laga @ColEcoMalaga critique a @sanchezcastejon @PSOE? \nRecordemos que su impr\u2026", "author_id": "1381512937", "edit_history_tweet_ids": ["1243609532410011649"], "id": "1243609532410011649"}, {"created_at": "2020-03-27T18:40:09.000Z", "text": "RT @JuanaleAlcover: Sorprende que el Colegio de Economistas M\u00e1laga @ColEcoMalaga critique a @sanchezcastejon @PSOE? \nRecordemos que su impr\u2026", "author_id": "364337347", "edit_history_tweet_ids": ["1243608767645835264"], "id": "1243608767645835264"}, {"created_at": "2020-03-27T18:23:24.000Z", "text": "RT @JuanaleAlcover: Sorprende que el Colegio de Economistas M\u00e1laga @ColEcoMalaga critique a @sanchezcastejon @PSOE? \nRecordemos que su impr\u2026", "author_id": "1142174239", "edit_history_tweet_ids": ["1243604552189972481"], "id": "1243604552189972481"}, {"created_at": "2020-03-27T18:19:50.000Z", "text": "RT @JuanaleAlcover: Sorprende que el Colegio de Economistas M\u00e1laga @ColEcoMalaga critique a @sanchezcastejon @PSOE? \nRecordemos que su impr\u2026", "author_id": "130273069", "edit_history_tweet_ids": ["1243603651605782533"], "id": "1243603651605782533"}, {"created_at": "2020-03-27T18:14:13.000Z", "text": "RT @OcioGavia: 'Tardes con Colombine'\nDirigida por: Juan Carlos Talavera\nDramaturgia de: Carmen S\u00e1nchez Molina (@CarmenSnchezMo1)\nLugar: Te\u2026", "author_id": "1004988143127449601", "edit_history_tweet_ids": ["1243602239064879105"], "id": "1243602239064879105"}, {"created_at": "2020-03-27T18:13:34.000Z", "text": "'Tardes con Colombine'\nDirigida por: Juan Carlos Talavera\nDramaturgia de: Carmen S\u00e1nchez Molina (@CarmenSnchezMo1)\nLugar: Teatro Nueve Norte (@9NorteTeatro)\n\nCR\u00cdTICA: https://t.co/3QCKbE7pwF", "author_id": "4165379897", "edit_history_tweet_ids": ["1243602077206679552"], "id": "1243602077206679552"}, {"created_at": "2020-03-27T18:05:44.000Z", "text": "RT @JuanaleAlcover: Sorprende que el Colegio de Economistas M\u00e1laga @ColEcoMalaga critique a @sanchezcastejon @PSOE? \nRecordemos que su impr\u2026", "author_id": "777953005115236352", "edit_history_tweet_ids": ["1243600104919044096"], "id": "1243600104919044096"}, {"created_at": "2020-03-27T17:55:45.000Z", "text": "RT @JuanaleAlcover: Sorprende que el Colegio de Economistas M\u00e1laga @ColEcoMalaga critique a @sanchezcastejon @PSOE? \nRecordemos que su impr\u2026", "author_id": "728526132", "edit_history_tweet_ids": ["1243597590236725249"], "id": "1243597590236725249"}, {"created_at": "2020-03-27T17:50:51.000Z", "text": "RT @Camarada_Duarte: Este soneto lo escribi\u00f3 Juan Carlos para su mano derecha, su hombre de confianza, tal y como \u00e9l lo defin\u00eda. Al que est\u2026", "author_id": "1440841724", "edit_history_tweet_ids": ["1243596358709379072"], "id": "1243596358709379072"}, {"created_at": "2020-03-27T17:50:23.000Z", "text": "RT @Camarada_Duarte: Este soneto lo escribi\u00f3 Juan Carlos para su mano derecha, su hombre de confianza, tal y como \u00e9l lo defin\u00eda. Al que est\u2026", "author_id": "1240349654480498689", "edit_history_tweet_ids": ["1243596240853577736"], "id": "1243596240853577736"}, {"created_at": "2020-03-27T17:44:24.000Z", "text": "RT @Camarada_Duarte: Este soneto lo escribi\u00f3 Juan Carlos para su mano derecha, su hombre de confianza, tal y como \u00e9l lo defin\u00eda. Al que est\u2026", "author_id": "291612914", "edit_history_tweet_ids": ["1243594737241788416"], "id": "1243594737241788416"}, {"created_at": "2020-03-27T17:41:01.000Z", "text": "RT @JuanaleAlcover: Sorprende que el Colegio de Economistas M\u00e1laga @ColEcoMalaga critique a @sanchezcastejon @PSOE? \nRecordemos que su impr\u2026", "author_id": "1162623133255385089", "edit_history_tweet_ids": ["1243593882123763719"], "id": "1243593882123763719"}, {"created_at": "2020-03-27T17:38:16.000Z", "text": "Mi alineaci\u00f3n ideal \n\n1. Fernando Tatis Jr SS\n2. Ketel Marte CF\n3. Juan Soto LF\n4. Nelson Cruz DH\n5. Manny Machado 3B\n6. Jos\u00e9 Ram\u00edrez 2B\n7. Carlos Santana 1B\n8. Gary Sanchez C\n9. Starling Marte RF @hgomez27 @DanielAraujoRD @JordanStatsRD @ZDeportes @JuanRecioM @TenchyRodEspn", "author_id": "718437415325540354", "edit_history_tweet_ids": ["1243593193159036935"], "id": "1243593193159036935"}, {"created_at": "2020-03-27T17:35:34.000Z", "text": "RT @JuanaleAlcover: Sorprende que el Colegio de Economistas M\u00e1laga @ColEcoMalaga critique a @sanchezcastejon @PSOE? \nRecordemos que su impr\u2026", "author_id": "2582215463", "edit_history_tweet_ids": ["1243592510628388866"], "id": "1243592510628388866"}, {"created_at": "2020-03-27T17:32:07.000Z", "text": "RT @JuanaleAlcover: Sorprende que el Colegio de Economistas M\u00e1laga @ColEcoMalaga critique a @sanchezcastejon @PSOE? \nRecordemos que su impr\u2026", "author_id": "391713175", "edit_history_tweet_ids": ["1243591644533964801"], "id": "1243591644533964801"}, {"created_at": "2020-03-27T17:31:37.000Z", "text": "RT @JuanaleAlcover: Sorprende que el Colegio de Economistas M\u00e1laga @ColEcoMalaga critique a @sanchezcastejon @PSOE? \nRecordemos que su impr\u2026", "author_id": "1083258464380559360", "edit_history_tweet_ids": ["1243591519317221376"], "id": "1243591519317221376"}, {"created_at": "2020-03-27T17:29:46.000Z", "text": "RT @OcioGavia: 'Tardes con Colombine'\nDirigida por: Juan Carlos Talavera\nDramaturgia de: Carmen S\u00e1nchez Molina (@CarmenSnchezMo1)\nLugar: Te\u2026", "author_id": "1004988143127449601", "edit_history_tweet_ids": ["1243591053648822279"], "id": "1243591053648822279"}, {"created_at": "2020-03-27T17:29:14.000Z", "text": "RT @Camarada_Duarte: Este soneto lo escribi\u00f3 Juan Carlos para su mano derecha, su hombre de confianza, tal y como \u00e9l lo defin\u00eda. Al que est\u2026", "author_id": "193232131", "edit_history_tweet_ids": ["1243590919309459459"], "id": "1243590919309459459"}, {"created_at": "2020-03-27T17:29:12.000Z", "text": "RT @JuanaleAlcover: Sorprende que el Colegio de Economistas M\u00e1laga @ColEcoMalaga critique a @sanchezcastejon @PSOE? \nRecordemos que su impr\u2026", "author_id": "296556201", "edit_history_tweet_ids": ["1243590910887309312"], "id": "1243590910887309312"}, {"created_at": "2020-03-27T17:28:53.000Z", "text": "RT @JuanaleAlcover: Sorprende que el Colegio de Economistas M\u00e1laga @ColEcoMalaga critique a @sanchezcastejon @PSOE? \nRecordemos que su impr\u2026", "author_id": "2496558824", "edit_history_tweet_ids": ["1243590829844901888"], "id": "1243590829844901888"}, {"created_at": "2020-03-27T17:28:19.000Z", "text": "RT @JuanaleAlcover: Sorprende que el Colegio de Economistas M\u00e1laga @ColEcoMalaga critique a @sanchezcastejon @PSOE? \nRecordemos que su impr\u2026", "author_id": "2545824079", "edit_history_tweet_ids": ["1243590688698183682"], "id": "1243590688698183682"}, {"created_at": "2020-03-27T17:27:08.000Z", "text": "Sorprende que el Colegio de Economistas M\u00e1laga @ColEcoMalaga critique a @sanchezcastejon @PSOE? \nRecordemos que su impresentable y maleducado Decano, Juan Carlos Robles D\u00edaz, llam\u00f3 \u201cPERFECTO HIJO DE LA GRAN PUTA\u201d a S\u00e1nchez.\nSu imparcialidad y credibilidad es CERO.\nQu\u00e9 verg\u00fcenza. https://t.co/nBAjYMJwMO", "author_id": "893834977925791744", "edit_history_tweet_ids": ["1243590390550331393"], "id": "1243590390550331393"}, {"created_at": "2020-03-27T17:26:05.000Z", "text": "@protestona1 @MariaJo131976 Los que queremos meter a Pedro S\u00e1nchez y Pablo Iglesias en prisi\u00f3n, somos los mismos que queremos que Juan Carlos pague todo el dinero robado, que el PSOE pague por Andaluc\u00eda, que PODEMOS lo haga por la financiaci\u00f3n desde Venezuela e Ir\u00e1n, que queremos una Rep\u00fablica real. As\u00ed si. https://t.co/S3ESxj00UM", "author_id": "1242952659440750592", "edit_history_tweet_ids": ["1243590127164809216"], "id": "1243590127164809216"}, {"created_at": "2020-03-27T17:23:05.000Z", "text": "'Tardes con Colombine'\nDirigida por: Juan Carlos Talavera\nDramaturgia de: Carmen S\u00e1nchez Molina (@CarmenSnchezMo1)\nLugar: Teatro Nueve Norte (@9NorteTeatro)\n\nENTREVISTA a Carmen S\u00e1nchez Molina: https://t.co/1tWDaakvKv", "author_id": "4165379897", "edit_history_tweet_ids": ["1243589371657367553"], "id": "1243589371657367553"}, {"created_at": "2020-03-27T17:00:15.000Z", "text": "RT @Hinchafiel46M: @gpyfutbol @DIM_Oficial Efra\u00edn Sanchez \nOmar Ayala\nAntonio P\u00e9cora\nJuan Guillermo Cuadrado\nFrank Fabra\nRicardo Ramaccioti\u2026", "author_id": "250350672", "edit_history_tweet_ids": ["1243583623233777665"], "id": "1243583623233777665"}, {"created_at": "2020-03-27T16:41:28.000Z", "text": "RT @Camarada_Duarte: Este soneto lo escribi\u00f3 Juan Carlos para su mano derecha, su hombre de confianza, tal y como \u00e9l lo defin\u00eda. Al que est\u2026", "author_id": "521417334", "edit_history_tweet_ids": ["1243578899130396679"], "id": "1243578899130396679"}, {"created_at": "2020-03-27T16:29:27.000Z", "text": "RT @Camarada_Duarte: Este soneto lo escribi\u00f3 Juan Carlos para su mano derecha, su hombre de confianza, tal y como \u00e9l lo defin\u00eda. Al que est\u2026", "author_id": "985933508035203073", "edit_history_tweet_ids": ["1243575874282303489"], "id": "1243575874282303489"}, {"created_at": "2020-03-27T16:22:49.000Z", "text": "RT @Camarada_Duarte: Este soneto lo escribi\u00f3 Juan Carlos para su mano derecha, su hombre de confianza, tal y como \u00e9l lo defin\u00eda. Al que est\u2026", "author_id": "1026823705", "edit_history_tweet_ids": ["1243574202961199104"], "id": "1243574202961199104"}, {"created_at": "2020-03-27T15:53:36.000Z", "text": "RT @CelesteSaenzM: #VocesDelPeriodista @CelesteSaenzM @ABC760AM #OEM  @radioturquesa @NuevaRepublica Evidencias de la #Pandemia https://t.c\u2026", "author_id": "1651001454", "edit_history_tweet_ids": ["1243566850673434625"], "id": "1243566850673434625"}, {"created_at": "2020-03-27T15:34:17.000Z", "text": "@PutoMikel A modo recordatorio... la primera Ministra de Sanidad de S\u00e1nchez dimiti\u00f3 por un M\u00e1ster falso en la Juan Carlos l... pero claro, que tendra eso que ver, o los recortes en Sanidad... Suerte que hoy es lunes!! https://t.co/gcAy3KesoR", "author_id": "990262468705488896", "edit_history_tweet_ids": ["1243561991345758209"], "id": "1243561991345758209"}, {"created_at": "2020-03-27T15:01:05.000Z", "text": "@gpyfutbol @DIM_Oficial Efra\u00edn Sanchez \nOmar Ayala\nAntonio P\u00e9cora\nJuan Guillermo Cuadrado\nFrank Fabra\nRicardo Ramaccioti\nChoronta Restrepo\nJuan Carlos Sarnari\nJos\u00e9 Manuel Moreno\nGerm\u00e1n Ezequiel Cano\nJos\u00e9 Vicente Grecco", "author_id": "2567710400", "edit_history_tweet_ids": ["1243553636040531969"], "id": "1243553636040531969"}, {"created_at": "2020-03-27T14:53:11.000Z", "text": "RT @CelesteSaenzM: #VocesDelPeriodista @CelesteSaenzM @ABC760AM #OEM  @radioturquesa @NuevaRepublica Evidencias de la #Pandemia https://t.c\u2026", "author_id": "944558094", "edit_history_tweet_ids": ["1243551647709589505"], "id": "1243551647709589505"}, {"created_at": "2020-03-27T14:50:01.000Z", "text": "RT @CelesteSaenzM: #VocesDelPeriodista @CelesteSaenzM @ABC760AM #OEM  @radioturquesa @NuevaRepublica Evidencias de la #Pandemia https://t.c\u2026", "author_id": "160007022", "edit_history_tweet_ids": ["1243550849718054912"], "id": "1243550849718054912"}, {"created_at": "2020-03-27T14:45:47.000Z", "text": "RT @CelesteSaenzM: #VocesDelPeriodista @CelesteSaenzM @ABC760AM #OEM  @radioturquesa @NuevaRepublica Evidencias de la #Pandemia https://t.c\u2026", "author_id": "94629790", "edit_history_tweet_ids": ["1243549785191301121"], "id": "1243549785191301121"}, {"created_at": "2020-03-27T14:28:28.000Z", "text": "RT @andresrarra: @mralemartin @Ant_Esp_Cr @BordoDel @76_pino @JOSMAFIDALGO @PepeTokoro @mohandipisstao @AleAlvarez89 @DelatoyaA @RafaelPere\u2026", "author_id": "857153859579514880", "edit_history_tweet_ids": ["1243545426143383553"], "id": "1243545426143383553"}, {"created_at": "2020-03-27T14:04:41.000Z", "text": "@mralemartin @Ant_Esp_Cr @BordoDel @76_pino @JOSMAFIDALGO @PepeTokoro @mohandipisstao @AleAlvarez89 @DelatoyaA @RafaelPerezGue @josevilches13 @ToniSanchez11 @vorjaanton @jjromero6 @ciudadjardincf @DomingoLopez85 @cdfherrera @PradoJuanma @Cachola_4 @FReina_ @LaBarreraCF @pacocala @ajcobos @SalvaSerrano_ @asj1987_sanchez 1- Burrita (los palacios)\n2- Julio Alberto, Jes\u00fas cochino y Miguel Pe\u00f1a\n3- Gerena\n4- La  Barrera, Estrella, Viso y Arahal\n5- Juan Carlos Menudo\n6- Torreblanca-La barrera\nEstrella- Carmona\nArahal - la Luisana\nNomino\n@juanluaxel @jcdelaprida44 @domingo_caro @Ivamart07 @gustavoash1", "author_id": "239997913", "edit_history_tweet_ids": ["1243539443836956677"], "id": "1243539443836956677"}, {"created_at": "2020-03-27T13:18:31.000Z", "text": "RT @CelesteSaenzM: #VocesDelPeriodista @CelesteSaenzM @ABC760AM #OEM  @radioturquesa @NuevaRepublica Evidencias de la #Pandemia https://t.c\u2026", "author_id": "425004350", "edit_history_tweet_ids": ["1243527824272699394"], "id": "1243527824272699394"}, {"created_at": "2020-03-27T13:10:30.000Z", "text": "RT @CelesteSaenzM: #VocesDelPeriodista @CelesteSaenzM @ABC760AM #OEM  @radioturquesa @NuevaRepublica Evidencias de la #Pandemia https://t.c\u2026", "author_id": "997995620", "edit_history_tweet_ids": ["1243525807194157056"], "id": "1243525807194157056"}, {"created_at": "2020-03-27T13:05:11.000Z", "text": "RT @CelesteSaenzM: #VocesDelPeriodista @CelesteSaenzM @ABC760AM #OEM  @radioturquesa @NuevaRepublica Evidencias de la #Pandemia https://t.c\u2026", "author_id": "572994210", "edit_history_tweet_ids": ["1243524468015648769"], "id": "1243524468015648769"}, {"created_at": "2020-03-27T12:51:52.000Z", "text": "#VocesDelPeriodista @CelesteSaenzM @ABC760AM #OEM  @radioturquesa @NuevaRepublica Evidencias de la #Pandemia https://t.co/ODcgnoY5h4 @Enriquepastor @jbautista0071 @Solidaridad1000 Juan Carlos S\u00e1nchez Magall\u00e1n https://t.co/82yBEgzVXg", "author_id": "2372314050", "edit_history_tweet_ids": ["1243521117723275265"], "id": "1243521117723275265"}, {"created_at": "2020-03-27T11:33:55.000Z", "text": "RT @Camarada_Duarte: Este soneto lo escribi\u00f3 Juan Carlos para su mano derecha, su hombre de confianza, tal y como \u00e9l lo defin\u00eda. Al que est\u2026", "author_id": "373459575", "edit_history_tweet_ids": ["1243501501793910784"], "id": "1243501501793910784"}], "meta": {"newest_id": "1243847516489232384", "oldest_id": "1243501501793910784", "result_count": 98, "next_token": "b26v89c19zqg8o3fo77emkc6k0opp7r920pvgx2gy8pdp"}}