{"data": [{"id": "1242223729670647808", "created_at": "2020-03-23T22:56:31.000Z", "author_id": "811744967370514432", "text": "RT @ConsulMexLar: \ud83d\udde3 Te invitamos a leer el art\u00edculo que el C\u00f3nsul General Juan Carlos Mendoza S\u00e1nchez para Lights Magazine TV: \"Laredos uni\u2026", "edit_history_tweet_ids": ["1242223729670647808"]}, {"id": "1242211754354114567", "created_at": "2020-03-23T22:08:56.000Z", "author_id": "1118939816", "text": "RT @IzsakSzajharc: #NoLesCreas a Pedro S\u00e1nchez, Pablo Iglesias, Susanna Griso, Juan Carlos Monedero, Pablo Echenique, Irene Montero, I\u00f1igo\u2026", "edit_history_tweet_ids": ["1242211754354114567"]}, {"id": "1242196715937153026", "created_at": "2020-03-23T21:09:10.000Z", "author_id": "231919490", "text": "RT @IzsakSzajharc: #NoLesCreas a Pedro S\u00e1nchez, Pablo Iglesias, Susanna Griso, Juan Carlos Monedero, Pablo Echenique, Irene Montero, I\u00f1igo\u2026", "edit_history_tweet_ids": ["1242196715937153026"]}, {"id": "1242196047201361920", "created_at": "2020-03-23T21:06:31.000Z", "author_id": "1158225615826370560", "text": "RT @FGJ_Tam: #FGJT_Informa El Representante social de la @FGJ_Tam logr\u00f3 fuera dictada sentencia de 16 a\u00f1os y 9 meses de prisi\u00f3n en contra d\u2026", "edit_history_tweet_ids": ["1242196047201361920"]}, {"id": "1242194593585774593", "created_at": "2020-03-23T21:00:44.000Z", "author_id": "2865951965", "text": "RT @Bernat_Deltell: 11)\n-una premsa desacreditada que informa dels diners de Juan Carlos I a Su\u00efssa en una columna a la p\u00e0gina 18\n-uns nous\u2026", "edit_history_tweet_ids": ["1242194593585774593"]}, {"id": "1242177898393542656", "created_at": "2020-03-23T19:54:24.000Z", "author_id": "1239362728898244610", "text": "RT @IzsakSzajharc: #NoLesCreas a Pedro S\u00e1nchez, Pablo Iglesias, Susanna Griso, Juan Carlos Monedero, Pablo Echenique, Irene Montero, I\u00f1igo\u2026", "edit_history_tweet_ids": ["1242177898393542656"]}, {"id": "1242175193851846656", "created_at": "2020-03-23T19:43:39.000Z", "author_id": "413459920", "text": "RT @IzsakSzajharc: #NoLesCreas a Pedro S\u00e1nchez, Pablo Iglesias, Susanna Griso, Juan Carlos Monedero, Pablo Echenique, Irene Montero, I\u00f1igo\u2026", "edit_history_tweet_ids": ["1242175193851846656"]}, {"id": "1242174549980065792", "created_at": "2020-03-23T19:41:05.000Z", "author_id": "1161508957829193730", "text": "@MonederoJC @IdiazAyuso Carmen Calvo fue a la privada\nWilly Toledo fue la privada\nJuan Carlos Monedero fue la privada\nPablo Iglesias e Irene Montero  fueron la Privada\nBego\u00f1a G\u00f3mez (mujer de Pedro Sanchez) fue a  la privada.\n\nEstas son las 2 Espa\u00f1as.. La izquierda c\u00ednica y la del resto.", "edit_history_tweet_ids": ["1242174549980065792"]}, {"id": "1242172800594595842", "created_at": "2020-03-23T19:34:08.000Z", "author_id": "892859239949119488", "text": "RT @IzsakSzajharc: #NoLesCreas a Pedro S\u00e1nchez, Pablo Iglesias, Susanna Griso, Juan Carlos Monedero, Pablo Echenique, Irene Montero, I\u00f1igo\u2026", "edit_history_tweet_ids": ["1242172800594595842"]}, {"id": "1242172092637904907", "created_at": "2020-03-23T19:31:19.000Z", "author_id": "4538021549", "text": "RT @IzsakSzajharc: #NoLesCreas a Pedro S\u00e1nchez, Pablo Iglesias, Susanna Griso, Juan Carlos Monedero, Pablo Echenique, Irene Montero, I\u00f1igo\u2026", "edit_history_tweet_ids": ["1242172092637904907"]}, {"id": "1242171883606417408", "created_at": "2020-03-23T19:30:30.000Z", "author_id": "1702645513", "text": "RT @IzsakSzajharc: #NoLesCreas a Pedro S\u00e1nchez, Pablo Iglesias, Susanna Griso, Juan Carlos Monedero, Pablo Echenique, Irene Montero, I\u00f1igo\u2026", "edit_history_tweet_ids": ["1242171883606417408"]}, {"id": "1242171207128092675", "created_at": "2020-03-23T19:27:48.000Z", "author_id": "1489916689", "text": "RT @IzsakSzajharc: #NoLesCreas a Pedro S\u00e1nchez, Pablo Iglesias, Susanna Griso, Juan Carlos Monedero, Pablo Echenique, Irene Montero, I\u00f1igo\u2026", "edit_history_tweet_ids": ["1242171207128092675"]}, {"id": "1242159956276674566", "created_at": "2020-03-23T18:43:06.000Z", "author_id": "3247972604", "text": "RT @ConsulMexLar: \ud83d\udde3 Te invitamos a leer el art\u00edculo que el C\u00f3nsul General Juan Carlos Mendoza S\u00e1nchez para Lights Magazine TV: \"Laredos uni\u2026", "edit_history_tweet_ids": ["1242159956276674566"]}, {"id": "1242159086109634561", "created_at": "2020-03-23T18:39:38.000Z", "author_id": "266561631", "text": "RT @IzsakSzajharc: #NoLesCreas a Pedro S\u00e1nchez, Pablo Iglesias, Susanna Griso, Juan Carlos Monedero, Pablo Echenique, Irene Montero, I\u00f1igo\u2026", "edit_history_tweet_ids": ["1242159086109634561"]}, {"id": "1242158595397111809", "created_at": "2020-03-23T18:37:41.000Z", "author_id": "1197164750242820096", "text": "Olguita Cortece la peluquera de Carlos Paz queria saber de mi relacion con este nuevo chico Juan Sanchez contador , de si a mis padres le caia bien, Le dije SI me insisita,. Tus padres tenian ferreteria? y luego queria hablar con mi hermana (Silvana) ella Olguita y su marido Davi", "edit_history_tweet_ids": ["1242158595397111809"]}, {"id": "1242155381008236548", "created_at": "2020-03-23T18:24:55.000Z", "author_id": "273273833", "text": "RT @ConsulMexLar: \ud83d\udde3 Te invitamos a leer el art\u00edculo que el C\u00f3nsul General Juan Carlos Mendoza S\u00e1nchez para Lights Magazine TV: \"Laredos uni\u2026", "edit_history_tweet_ids": ["1242155381008236548"]}, {"id": "1242153049944199168", "created_at": "2020-03-23T18:15:39.000Z", "author_id": "97317267", "text": "RT @ConsulMexLar: \ud83d\udde3 Te invitamos a leer el art\u00edculo que el C\u00f3nsul General Juan Carlos Mendoza S\u00e1nchez para Lights Magazine TV: \"Laredos uni\u2026", "edit_history_tweet_ids": ["1242153049944199168"]}, {"id": "1242151241565732865", "created_at": "2020-03-23T18:08:28.000Z", "author_id": "2535703434", "text": "\ud83d\udde3 Te invitamos a leer el art\u00edculo que el C\u00f3nsul General Juan Carlos Mendoza S\u00e1nchez para Lights Magazine TV: \"Laredos unidos ante emergencia Covid-19\" \ud83c\uddf2\ud83c\uddfd\ud83e\udd1d\ud83c\uddfa\ud83c\uddf8 #Laredo #Webb #Texas\n\nhttps://t.co/2S0r9gs8we https://t.co/y38djQAunt", "edit_history_tweet_ids": ["1242151241565732865"]}, {"id": "1242151151262257152", "created_at": "2020-03-23T18:08:07.000Z", "author_id": "208712984", "text": "Tampoco hab\u00eda atado cabos en que fue el ingrediente principal detr\u00e1s de la iglesia cat\u00f3lica como tal y lo dice su significado,gracias al monje budista Juan Carlos Mart\u00ednez en su di\u00e1logo con la antrop\u00f3loga Galia S\u00e1nchez", "edit_history_tweet_ids": ["1242151151262257152"]}, {"id": "1242149267361476613", "created_at": "2020-03-23T18:00:38.000Z", "author_id": "811744967370514432", "text": "RT @ConsulMexLar: El C\u00f3nsul General Juan Carlos Mendoza S\u00e1nchez recibi\u00f3 a @univisionlaredo para hablar sobre las medidas fronterizas frente\u2026", "edit_history_tweet_ids": ["1242149267361476613"]}, {"id": "1242141021825380356", "created_at": "2020-03-23T17:27:52.000Z", "author_id": "3073576562", "text": "@galloestradaofi one of the best Mexican fighters of his era possesses an incredible record while avenging two of his three defeats versus @srisaket_ssr &amp; \nJuan Carlos Sanchez Jr. Estrada has made it no secret he\u2026 https://t.co/HQ8URjVeU1", "edit_history_tweet_ids": ["1242141021825380356"]}, {"id": "1242133364783669250", "created_at": "2020-03-23T16:57:26.000Z", "author_id": "1014943592", "text": "2020-03-22 Hay Derecho Elisa de la Nuez S\u00e1nchez-Cascado:\nLa monarqu\u00eda en tiempos de pandemia. Juan Carlos I Felipe VI Fiscal\u00eda suiza Corinna https://t.co/9ilUbqysSH", "edit_history_tweet_ids": ["1242133364783669250"]}, {"id": "1242130710154141704", "created_at": "2020-03-23T16:46:53.000Z", "author_id": "725715759398326272", "text": "en tiempos de #coronavirus hacemos #radio HOY presentamos nota #exclusiva con Juan Manuel el \"Chocho\" #llop desde las 20 hs x signos925 // 92,5 Mhz apps y https://t.co/rXg08YFCyO ademas J.A.Sanchez y nota homenaje a Carlos\u2026 https://t.co/KIVwl3HMu4", "edit_history_tweet_ids": ["1242130710154141704"]}, {"id": "1242128759446257665", "created_at": "2020-03-23T16:39:08.000Z", "author_id": "252399545", "text": "RT @ConsulMexLar: El C\u00f3nsul General Juan Carlos Mendoza S\u00e1nchez recibi\u00f3 a @univisionlaredo para hablar sobre las medidas fronterizas frente\u2026", "edit_history_tweet_ids": ["1242128759446257665"]}, {"id": "1242126491162497027", "created_at": "2020-03-23T16:30:07.000Z", "author_id": "725715759398326272", "text": "en tiempos de #coronavirus hacemos #radio HOY presentamos nota #exclusiva con Juan Manuel el \"Chocho\" #Llop desde las 20 hs x @signosfm 92,5 Mhz apps y https://t.co/3EhQJPfrl3 ademas J.A.Sanchez y nota homenaje a Carlos Sh\u00e4fer #platensedeprimera #cuarentena #platense https://t.co/dWvx3o2kpV", "edit_history_tweet_ids": ["1242126491162497027"]}, {"id": "1242124012911841286", "created_at": "2020-03-23T16:20:16.000Z", "author_id": "273273833", "text": "RT @ConsulMexLar: El C\u00f3nsul General Juan Carlos Mendoza S\u00e1nchez recibi\u00f3 a @univisionlaredo para hablar sobre las medidas fronterizas frente\u2026", "edit_history_tweet_ids": ["1242124012911841286"]}, {"id": "1242114661916594177", "created_at": "2020-03-23T15:43:07.000Z", "author_id": "25251560", "text": "Mi Lineup ser\u00eda el siguiente: \ud83c\udde9\ud83c\uddf4 \n1. Fernando Tatis jr SS\n2. Ketel Marte CF\n3. Juan Soto LF\n4. Eloy Jim\u00e9nez RF\n5. Manny Machado 3B\n6. Rafael Devers DH\n7. Gary S\u00e1nchez C\n8. Carlos Santana 1B\n9. Jorge Polanco 2b.", "edit_history_tweet_ids": ["1242114661916594177"]}, {"id": "1242110619333074946", "created_at": "2020-03-23T15:27:03.000Z", "author_id": "557228663", "text": "RT @Bernat_Deltell: 11)\n-una premsa desacreditada que informa dels diners de Juan Carlos I a Su\u00efssa en una columna a la p\u00e0gina 18\n-uns nous\u2026", "edit_history_tweet_ids": ["1242110619333074946"]}, {"id": "1242107073950711808", "created_at": "2020-03-23T15:12:58.000Z", "author_id": "97317267", "text": "RT @ConsulMexLar: El C\u00f3nsul General Juan Carlos Mendoza S\u00e1nchez recibi\u00f3 a @univisionlaredo para hablar sobre las medidas fronterizas frente\u2026", "edit_history_tweet_ids": ["1242107073950711808"]}, {"id": "1242106542465388544", "created_at": "2020-03-23T15:10:51.000Z", "author_id": "737357219977564160", "text": "RT @ConsulMexLar: El C\u00f3nsul General Juan Carlos Mendoza S\u00e1nchez recibi\u00f3 a @univisionlaredo para hablar sobre las medidas fronterizas frente\u2026", "edit_history_tweet_ids": ["1242106542465388544"]}, {"id": "1242104594576166912", "created_at": "2020-03-23T15:03:07.000Z", "author_id": "2535703434", "text": "El C\u00f3nsul General Juan Carlos Mendoza S\u00e1nchez recibi\u00f3 a @univisionlaredo para hablar sobre las medidas fronterizas frente al COVID-19 tomadas por M\u00e9xico y Estados Unidos \ud83c\uddf2\ud83c\uddfd\ud83e\udd1d\ud83c\udffc\ud83c\uddfa\ud83c\uddf8. #Laredo #Webb #Zapata #Texas https://t.co/ZwO7cOWcor", "edit_history_tweet_ids": ["1242104594576166912"]}, {"id": "1242096665978376195", "created_at": "2020-03-23T14:31:36.000Z", "author_id": "906483017375473664", "text": "@Republicano1965 @elespanolcom Porque ese se\u00f1or tiene que aparecer en todos los revueltos? El era uno de los que m\u00e1s apoyaba a S\u00e1nchez para la presidencia ahora calla y se mete con Juan Carlos? Es un jeta..........", "edit_history_tweet_ids": ["1242096665978376195"]}, {"id": "1242092291659108352", "created_at": "2020-03-23T14:14:13.000Z", "author_id": "1084486624669503489", "text": "RT @Javierpm67: Revilla pide al Rey Juan Carlos que done sus millones para la crisis del Coronavirus.\n\n\u00bfPorqu\u00e9 no le pides a tu compadre S\u00e1\u2026", "edit_history_tweet_ids": ["1242092291659108352"]}, {"id": "1242091967435214851", "created_at": "2020-03-23T14:12:56.000Z", "author_id": "3291768621", "text": "@GirautaOficial Juan Carlos, esto en que planeta paso? Habr\u00e1 sido de otra civilizaci\u00f3n, verdad? Imagino hoy, en el planeta tierra, una reacci\u00f3n del mismo nivel por esta pandemia, que ya se ha llevado 2,200 personas, le colgar\u00edan a sanchez en la plaza mayor, como m\u00ednimo. Pobre Excalibur\ud83e\udd26\ud83c\udffb\u200d\u2642\ufe0f", "edit_history_tweet_ids": ["1242091967435214851"]}, {"id": "1242085461943816199", "created_at": "2020-03-23T13:47:05.000Z", "author_id": "58582465", "text": "@CristinaSegui_ En el podio de la mentira \u201cno est\u00e1 infectado\u201d:\n\n1) Pedro S\u00e1nchez\n\n2) Pablo Iglesias \n\n3) Juan Carlos Monedero", "edit_history_tweet_ids": ["1242085461943816199"]}, {"id": "1242063969096957953", "created_at": "2020-03-23T12:21:41.000Z", "author_id": "849033943", "text": "RT @Bernat_Deltell: 11)\n-una premsa desacreditada que informa dels diners de Juan Carlos I a Su\u00efssa en una columna a la p\u00e0gina 18\n-uns nous\u2026", "edit_history_tweet_ids": ["1242063969096957953"]}, {"id": "1242061336428904450", "created_at": "2020-03-23T12:11:13.000Z", "author_id": "628782225", "text": "RT @LovelasFilms: Trailer de la Obra Teatral \"La Jaula de Grillos\" de Juan Carlos S\u00e1nchez Belmonte (Amigos del Teatro de Ciudad Real)\nVideo\u2026", "edit_history_tweet_ids": ["1242061336428904450"]}, {"id": "1242057762596683778", "created_at": "2020-03-23T11:57:01.000Z", "author_id": "216171879", "text": "RT @Carlos_bosch: Juan S\u00e1nchez desvela el gran secreto del Valencia de Rafa Ben\u00edtez https://t.co/CVUoQU2P0J v\u00eda @superdeporte_es", "edit_history_tweet_ids": ["1242057762596683778"]}, {"id": "1242032108404703234", "created_at": "2020-03-23T10:15:05.000Z", "author_id": "1385330077", "text": "RT @Bernat_Deltell: 11)\n-una premsa desacreditada que informa dels diners de Juan Carlos I a Su\u00efssa en una columna a la p\u00e0gina 18\n-uns nous\u2026", "edit_history_tweet_ids": ["1242032108404703234"]}, {"id": "1242026204217163777", "created_at": "2020-03-23T09:51:37.000Z", "author_id": "719223478516375554", "text": "Contrastes argentinos 2 El caso del sur de #chubut #argentina Temas que hemos venido discutiendo con Debora Reitovich @santivitale Juan Pablo Luna @sinergiasoft y Gustavo A. Carlos Bruzzo https://t.co/1FsXenqsZC", "edit_history_tweet_ids": ["1242026204217163777"]}, {"id": "1242022002833186818", "created_at": "2020-03-23T09:34:55.000Z", "author_id": "2989917712", "text": "RT @Bernat_Deltell: 11)\n-una premsa desacreditada que informa dels diners de Juan Carlos I a Su\u00efssa en una columna a la p\u00e0gina 18\n-uns nous\u2026", "edit_history_tweet_ids": ["1242022002833186818"]}, {"id": "1242014094921777152", "created_at": "2020-03-23T09:03:30.000Z", "author_id": "917081495835168769", "text": "RT @Bernat_Deltell: 11)\n-una premsa desacreditada que informa dels diners de Juan Carlos I a Su\u00efssa en una columna a la p\u00e0gina 18\n-uns nous\u2026", "edit_history_tweet_ids": ["1242014094921777152"]}, {"id": "1242010445394952192", "created_at": "2020-03-23T08:49:00.000Z", "author_id": "630360395", "text": "RT @Bernat_Deltell: 11)\n-una premsa desacreditada que informa dels diners de Juan Carlos I a Su\u00efssa en una columna a la p\u00e0gina 18\n-uns nous\u2026", "edit_history_tweet_ids": ["1242010445394952192"]}, {"id": "1242008022412656640", "created_at": "2020-03-23T08:39:22.000Z", "author_id": "551931158", "text": "RT @Javierpm67: Revilla pide al Rey Juan Carlos que done sus millones para la crisis del Coronavirus.\n\n\u00bfPorqu\u00e9 no le pides a tu compadre S\u00e1\u2026", "edit_history_tweet_ids": ["1242008022412656640"]}, {"id": "1242005809132863488", "created_at": "2020-03-23T08:30:34.000Z", "author_id": "925317696790630400", "text": "Revilla pide al Rey Juan Carlos que done sus millones para la crisis del Coronavirus.\n\n\u00bfPorqu\u00e9 no le pides a tu compadre S\u00e1nchez que el PSOE done los millones robados de los ERES de Andaluc\u00eda?... Tontolaba!!.", "edit_history_tweet_ids": ["1242005809132863488"]}, {"id": "1242005410636271617", "created_at": "2020-03-23T08:28:59.000Z", "author_id": "459547565", "text": "RT @Bernat_Deltell: 11)\n-una premsa desacreditada que informa dels diners de Juan Carlos I a Su\u00efssa en una columna a la p\u00e0gina 18\n-uns nous\u2026", "edit_history_tweet_ids": ["1242005410636271617"]}, {"id": "1242000826199085061", "created_at": "2020-03-23T08:10:46.000Z", "author_id": "830738178", "text": "RT @Bernat_Deltell: 11)\n-una premsa desacreditada que informa dels diners de Juan Carlos I a Su\u00efssa en una columna a la p\u00e0gina 18\n-uns nous\u2026", "edit_history_tweet_ids": ["1242000826199085061"]}, {"id": "1241974898676858880", "created_at": "2020-03-23T06:27:45.000Z", "author_id": "1333968594", "text": "RT @Bernat_Deltell: 11)\n-una premsa desacreditada que informa dels diners de Juan Carlos I a Su\u00efssa en una columna a la p\u00e0gina 18\n-uns nous\u2026", "edit_history_tweet_ids": ["1241974898676858880"]}, {"id": "1241961057922547712", "created_at": "2020-03-23T05:32:45.000Z", "author_id": "914128015625515008", "text": "RT @Bernat_Deltell: 11)\n-una premsa desacreditada que informa dels diners de Juan Carlos I a Su\u00efssa en una columna a la p\u00e0gina 18\n-uns nous\u2026", "edit_history_tweet_ids": ["1241961057922547712"]}, {"id": "1241957832309776385", "created_at": "2020-03-23T05:19:56.000Z", "author_id": "4245748612", "text": "RT @Bernat_Deltell: 11)\n-una premsa desacreditada que informa dels diners de Juan Carlos I a Su\u00efssa en una columna a la p\u00e0gina 18\n-uns nous\u2026", "edit_history_tweet_ids": ["1241957832309776385"]}, {"id": "1241950773849796610", "created_at": "2020-03-23T04:51:53.000Z", "author_id": "718782849", "text": "RT @Bernat_Deltell: 11)\n-una premsa desacreditada que informa dels diners de Juan Carlos I a Su\u00efssa en una columna a la p\u00e0gina 18\n-uns nous\u2026", "edit_history_tweet_ids": ["1241950773849796610"]}, {"id": "1241943821145030665", "created_at": "2020-03-23T04:24:15.000Z", "author_id": "366912788", "text": "@RomarioQR 1. Dida \ud83c\udde7\ud83c\uddf7\n2. Iv\u00e1n Ramiro C\u00f3rdoba \ud83c\udde8\ud83c\uddf4\n3. Juan Pablo Sorin \ud83c\udde6\ud83c\uddf7\n4. Juan \ud83c\udde7\ud83c\uddf7\n5. Cucho cambiasso \n6. Carlos S\u00e1nchez \ud83c\udde8\ud83c\uddf4\n7. Javier Saviola \ud83c\udde6\ud83c\uddf7\n8. Kak\u00e1 \ud83c\udde7\ud83c\uddf7\n9. Hern\u00e1n Crespo \ud83c\udde6\ud83c\uddf7\n10. Ronaldinho \ud83c\udde7\ud83c\uddf7\n11. Carlos T\u00e9vez \ud83c\udde6\ud83c\uddf7\n\nEl m\u00edo es netamente suramericano, pero esta es la primera parte.", "edit_history_tweet_ids": ["1241943821145030665"]}, {"id": "1241942090940125184", "created_at": "2020-03-23T04:17:23.000Z", "author_id": "2721744382", "text": "RT @Bernat_Deltell: 11)\n-una premsa desacreditada que informa dels diners de Juan Carlos I a Su\u00efssa en una columna a la p\u00e0gina 18\n-uns nous\u2026", "edit_history_tweet_ids": ["1241942090940125184"]}, {"id": "1241941573102972933", "created_at": "2020-03-23T04:15:19.000Z", "author_id": "1013111039255367680", "text": "RT @Bernat_Deltell: 11)\n-una premsa desacreditada que informa dels diners de Juan Carlos I a Su\u00efssa en una columna a la p\u00e0gina 18\n-uns nous\u2026", "edit_history_tweet_ids": ["1241941573102972933"]}, {"id": "1241935115669983234", "created_at": "2020-03-23T03:49:40.000Z", "author_id": "133496176", "text": "RT @ConsulMexLar: Te compartimos la entrevista  realizada por Malena Charur de @lmtnews @LMTenEspanol al C\u00f3nsul General Juan Carlos Mendoza\u2026", "edit_history_tweet_ids": ["1241935115669983234"]}, {"id": "1241922618480979973", "created_at": "2020-03-23T03:00:00.000Z", "author_id": "1054394794305302528", "text": "#Entidad El alcalde de Villa Hidalgo, Juan Carlos Saucedo S\u00e1nchez, neg\u00f3 tener alg\u00fan acuerdo con la magistrada del Tribunal Local de Conciliaci\u00f3n y Arbitraje para no pagar a extrabajadores, como denunciaron en d\u00edas pasados. #Ecodiario #Zacatecas\n\nhttps://t.co/xoBPubzc8Y", "edit_history_tweet_ids": ["1241922618480979973"]}, {"id": "1241921849925271553", "created_at": "2020-03-23T02:56:57.000Z", "author_id": "4924823333", "text": "RT @Bernat_Deltell: 11)\n-una premsa desacreditada que informa dels diners de Juan Carlos I a Su\u00efssa en una columna a la p\u00e0gina 18\n-uns nous\u2026", "edit_history_tweet_ids": ["1241921849925271553"]}, {"id": "1241920797595381762", "created_at": "2020-03-23T02:52:46.000Z", "author_id": "97317267", "text": "RT @ConsulMexLar: Te compartimos la entrevista  realizada por Malena Charur de @lmtnews @LMTenEspanol al C\u00f3nsul General Juan Carlos Mendoza\u2026", "edit_history_tweet_ids": ["1241920797595381762"]}, {"id": "1241918791451398144", "created_at": "2020-03-23T02:44:48.000Z", "author_id": "208182975", "text": "@javiherrerac @malacara_ed @monkadah @Rayados @ejmancillas @_gallegos08 @anibal1711 Nomino a:\n @VenturaElizondo \n\n\ud83c\uddf2\ud83c\uddfdArellano \n\ud83c\udde8\ud83c\uddf1Suazo \n\ud83c\uddea\ud83c\udde8Ayovi\n\ud83c\udde7\ud83c\uddf7Claudinho \n\ud83c\udde6\ud83c\uddf7Guille Franco\n\ud83c\uddfa\ud83c\uddfe Carlos Sanchez\n\ud83c\uddf5\ud83c\udde6Baloy\n\ud83c\udde8\ud83c\uddf4Medina \n\ud83c\uddf5\ud83c\uddfeRuiz D\u00edaz \n\ud83c\uddfb\ud83c\uddeaJuan Arango\nCanterano: To\u00f1o De Nigris", "edit_history_tweet_ids": ["1241918791451398144"]}, {"id": "1241915070176808967", "created_at": "2020-03-23T02:30:01.000Z", "author_id": "242003367", "text": "RT @Bernat_Deltell: 11)\n-una premsa desacreditada que informa dels diners de Juan Carlos I a Su\u00efssa en una columna a la p\u00e0gina 18\n-uns nous\u2026", "edit_history_tweet_ids": ["1241915070176808967"]}, {"id": "1241911708123308038", "created_at": "2020-03-23T02:16:39.000Z", "author_id": "2807415616", "text": "RT @Bernat_Deltell: 11)\n-una premsa desacreditada que informa dels diners de Juan Carlos I a Su\u00efssa en una columna a la p\u00e0gina 18\n-uns nous\u2026", "edit_history_tweet_ids": ["1241911708123308038"]}, {"id": "1241910123393691648", "created_at": "2020-03-23T02:10:21.000Z", "author_id": "520675778", "text": "@malacara_ed @monkadah @Rayados @ejmancillas @_gallegos08 @anibal1711 Muy parecida. La m\u00eda:\nMejor jugador que HAYAS VISTO en @Rayados\n\nNomino a:\n@angelmaal  \n\n\ud83c\uddf2\ud83c\uddfdCabrito\n\ud83c\udde8\ud83c\uddf1Chupete\n\ud83c\uddea\ud83c\udde8Ayovi\n\ud83c\udde7\ud83c\uddf7Argemiro Veiga\n\ud83c\udde6\ud83c\uddf7Guille Franco\n\ud83c\uddfa\ud83c\uddfe Carlos Sanchez\n\ud83c\uddf5\ud83c\udde6Baloy\n\ud83c\udde8\ud83c\uddf4Cardona\n\ud83c\uddf5\ud83c\uddfeRuiz D\u00edaz \n\ud83c\uddfb\ud83c\uddeaJuan Arango\nCanterano: Cabrito", "edit_history_tweet_ids": ["1241910123393691648"]}, {"id": "1241906891032330244", "created_at": "2020-03-23T01:57:30.000Z", "author_id": "1084172905347452928", "text": "Tambi\u00e9n lo puedes escuchar en #applepodcasts\n\u303d\ufe0f Coronavirus, \u00bftiene un lado moral?\n\nhttps://t.co/EG2Ri71hUH", "edit_history_tweet_ids": ["1241906891032330244"]}, {"id": "1241904136037085184", "created_at": "2020-03-23T01:46:34.000Z", "author_id": "394896709", "text": "@MLBNetwork @WBCBaseball DR\ud83c\udde9\ud83c\uddf4\n1. Fernando Tatis Jr SS\n2. Juan Soto LF\n3. Manny Machado 3B\n4. Nelson Cruz DH\n5. Jose Ramirez 2B\n6. Carlos Santana 1B\n7. Marcell Ozuna RF\n8. Gary Sanchez C\n9. Ketel Marte CF\nSP\nLuis Severino\nJohnny Cueto\nCarlos Martinez\nDanny Salazar\nDinelson Lamet\nCloser - Diego Castillo", "edit_history_tweet_ids": ["1241904136037085184"]}, {"id": "1241885577991069696", "created_at": "2020-03-23T00:32:49.000Z", "author_id": "2938805320", "text": "RT @Bernat_Deltell: 11)\n-una premsa desacreditada que informa dels diners de Juan Carlos I a Su\u00efssa en una columna a la p\u00e0gina 18\n-uns nous\u2026", "edit_history_tweet_ids": ["1241885577991069696"]}, {"id": "1241881969908219906", "created_at": "2020-03-23T00:18:29.000Z", "author_id": "975503420575625216", "text": "RT @Bernat_Deltell: 11)\n-una premsa desacreditada que informa dels diners de Juan Carlos I a Su\u00efssa en una columna a la p\u00e0gina 18\n-uns nous\u2026", "edit_history_tweet_ids": ["1241881969908219906"]}, {"id": "1241880586496675840", "created_at": "2020-03-23T00:12:59.000Z", "author_id": "297612565", "text": "RT @Bernat_Deltell: 11)\n-una premsa desacreditada que informa dels diners de Juan Carlos I a Su\u00efssa en una columna a la p\u00e0gina 18\n-uns nous\u2026", "edit_history_tweet_ids": ["1241880586496675840"]}, {"id": "1241878791376551936", "created_at": "2020-03-23T00:05:51.000Z", "author_id": "924642877522808832", "text": "RT @Bernat_Deltell: 11)\n-una premsa desacreditada que informa dels diners de Juan Carlos I a Su\u00efssa en una columna a la p\u00e0gina 18\n-uns nous\u2026", "edit_history_tweet_ids": ["1241878791376551936"]}, {"id": "1241877059036753923", "created_at": "2020-03-22T23:58:58.000Z", "author_id": "1355664228", "text": "@hgomez27 1) Fernando Tatis SS  \n2) Ketel Marte CF  \n3) Manny Machado 3B \n4) Juan Soto LF \n5) Nelson Cruz DH \n6) Carlos Santana 1B \n7) Gary Sanchez C \n8) Marcell Ozuna RF \n9) Raul Mondesi 2B", "edit_history_tweet_ids": ["1241877059036753923"]}, {"id": "1241873441688563715", "created_at": "2020-03-22T23:44:36.000Z", "author_id": "423756071", "text": "RT @Bernat_Deltell: 11)\n-una premsa desacreditada que informa dels diners de Juan Carlos I a Su\u00efssa en una columna a la p\u00e0gina 18\n-uns nous\u2026", "edit_history_tweet_ids": ["1241873441688563715"]}, {"id": "1241871890853105668", "created_at": "2020-03-22T23:38:26.000Z", "author_id": "717889480426975232", "text": "RT @Bernat_Deltell: 11)\n-una premsa desacreditada que informa dels diners de Juan Carlos I a Su\u00efssa en una columna a la p\u00e0gina 18\n-uns nous\u2026", "edit_history_tweet_ids": ["1241871890853105668"]}, {"id": "1241862856565555202", "created_at": "2020-03-22T23:02:32.000Z", "author_id": "942058885606707200", "text": "RT @Bernat_Deltell: 11)\n-una premsa desacreditada que informa dels diners de Juan Carlos I a Su\u00efssa en una columna a la p\u00e0gina 18\n-uns nous\u2026", "edit_history_tweet_ids": ["1241862856565555202"]}, {"id": "1241860246391287809", "created_at": "2020-03-22T22:52:10.000Z", "author_id": "88234851", "text": "Mi once ideal de @fbf_oficial con los jugadores que vi: 4-2-2-2 (4-4-2) Carlos Trucco; Marco Sandy, Ronald Rald\u00e9s, Juan Manuel Pe\u00f1a, Luis Cristaldo; Milton Melgar, Alejandro Chumacero; Marco Antonio Etcheverry, Platini S\u00e1nchez; Marcelo Martins, Joaqu\u00edn Botero.", "edit_history_tweet_ids": ["1241860246391287809"]}, {"id": "1241859283215618048", "created_at": "2020-03-22T22:48:20.000Z", "author_id": "135644023", "text": "RT @Bernat_Deltell: 11)\n-una premsa desacreditada que informa dels diners de Juan Carlos I a Su\u00efssa en una columna a la p\u00e0gina 18\n-uns nous\u2026", "edit_history_tweet_ids": ["1241859283215618048"]}, {"id": "1241859187421970446", "created_at": "2020-03-22T22:47:57.000Z", "author_id": "952309428937809921", "text": "RT @Bernat_Deltell: 11)\n-una premsa desacreditada que informa dels diners de Juan Carlos I a Su\u00efssa en una columna a la p\u00e0gina 18\n-uns nous\u2026", "edit_history_tweet_ids": ["1241859187421970446"]}, {"id": "1241858838736842758", "created_at": "2020-03-22T22:46:34.000Z", "author_id": "925726993106292736", "text": "RT @Bernat_Deltell: 11)\n-una premsa desacreditada que informa dels diners de Juan Carlos I a Su\u00efssa en una columna a la p\u00e0gina 18\n-uns nous\u2026", "edit_history_tweet_ids": ["1241858838736842758"]}, {"id": "1241854086078558209", "created_at": "2020-03-22T22:27:41.000Z", "author_id": "1175864589344395264", "text": "RT @Bernat_Deltell: 11)\n-una premsa desacreditada que informa dels diners de Juan Carlos I a Su\u00efssa en una columna a la p\u00e0gina 18\n-uns nous\u2026", "edit_history_tweet_ids": ["1241854086078558209"]}, {"id": "1241852380108533760", "created_at": "2020-03-22T22:20:54.000Z", "author_id": "1395952987", "text": "RT @Bernat_Deltell: 11)\n-una premsa desacreditada que informa dels diners de Juan Carlos I a Su\u00efssa en una columna a la p\u00e0gina 18\n-uns nous\u2026", "edit_history_tweet_ids": ["1241852380108533760"]}, {"id": "1241849695418421251", "created_at": "2020-03-22T22:10:14.000Z", "author_id": "907718933024854021", "text": "RT @Bernat_Deltell: 11)\n-una premsa desacreditada que informa dels diners de Juan Carlos I a Su\u00efssa en una columna a la p\u00e0gina 18\n-uns nous\u2026", "edit_history_tweet_ids": ["1241849695418421251"]}, {"id": "1241849193565761540", "created_at": "2020-03-22T22:08:14.000Z", "author_id": "2811761153", "text": "RT @Bernat_Deltell: 11)\n-una premsa desacreditada que informa dels diners de Juan Carlos I a Su\u00efssa en una columna a la p\u00e0gina 18\n-uns nous\u2026", "edit_history_tweet_ids": ["1241849193565761540"]}, {"id": "1241849002330636289", "created_at": "2020-03-22T22:07:29.000Z", "author_id": "404670464", "text": "RT @Bernat_Deltell: 11)\n-una premsa desacreditada que informa dels diners de Juan Carlos I a Su\u00efssa en una columna a la p\u00e0gina 18\n-uns nous\u2026", "edit_history_tweet_ids": ["1241849002330636289"]}, {"id": "1241848573978906625", "created_at": "2020-03-22T22:05:47.000Z", "author_id": "952488691263594496", "text": "RT @Bernat_Deltell: 11)\n-una premsa desacreditada que informa dels diners de Juan Carlos I a Su\u00efssa en una columna a la p\u00e0gina 18\n-uns nous\u2026", "edit_history_tweet_ids": ["1241848573978906625"]}, {"id": "1241847840634286080", "created_at": "2020-03-22T22:02:52.000Z", "author_id": "2776307124", "text": "RT @Bernat_Deltell: 11)\n-una premsa desacreditada que informa dels diners de Juan Carlos I a Su\u00efssa en una columna a la p\u00e0gina 18\n-uns nous\u2026", "edit_history_tweet_ids": ["1241847840634286080"]}, {"id": "1241843344638083072", "created_at": "2020-03-22T21:45:00.000Z", "author_id": "1054394794305302528", "text": "#Entidad El alcalde de Villa Hidalgo, Juan Carlos Saucedo S\u00e1nchez, neg\u00f3 tener alg\u00fan acuerdo con la magistrada del Tribunal Local de Conciliaci\u00f3n y Arbitraje para no pagar a extrabajadores, como denunciaron en d\u00edas pasados. #Ecodiario #Zacatecas\n\nhttps://t.co/xoBPubQNxy", "edit_history_tweet_ids": ["1241843344638083072"]}, {"id": "1241842857947861001", "created_at": "2020-03-22T21:43:04.000Z", "author_id": "909384681728217088", "text": "RT @Bernat_Deltell: 11)\n-una premsa desacreditada que informa dels diners de Juan Carlos I a Su\u00efssa en una columna a la p\u00e0gina 18\n-uns nous\u2026", "edit_history_tweet_ids": ["1241842857947861001"]}, {"id": "1241841262245957632", "created_at": "2020-03-22T21:36:43.000Z", "author_id": "118507229", "text": "RT @Bernat_Deltell: 11)\n-una premsa desacreditada que informa dels diners de Juan Carlos I a Su\u00efssa en una columna a la p\u00e0gina 18\n-uns nous\u2026", "edit_history_tweet_ids": ["1241841262245957632"]}, {"id": "1241841083237249030", "created_at": "2020-03-22T21:36:01.000Z", "author_id": "773102091195785216", "text": "RT @Bernat_Deltell: 11)\n-una premsa desacreditada que informa dels diners de Juan Carlos I a Su\u00efssa en una columna a la p\u00e0gina 18\n-uns nous\u2026", "edit_history_tweet_ids": ["1241841083237249030"]}, {"id": "1241839671686168583", "created_at": "2020-03-22T21:30:24.000Z", "author_id": "636170404", "text": "RT @Bernat_Deltell: 11)\n-una premsa desacreditada que informa dels diners de Juan Carlos I a Su\u00efssa en una columna a la p\u00e0gina 18\n-uns nous\u2026", "edit_history_tweet_ids": ["1241839671686168583"]}, {"id": "1241839627734056964", "created_at": "2020-03-22T21:30:14.000Z", "author_id": "301912742", "text": "RT @Bernat_Deltell: 11)\n-una premsa desacreditada que informa dels diners de Juan Carlos I a Su\u00efssa en una columna a la p\u00e0gina 18\n-uns nous\u2026", "edit_history_tweet_ids": ["1241839627734056964"]}, {"id": "1241839352851976192", "created_at": "2020-03-22T21:29:08.000Z", "author_id": "2318535146", "text": "RT @Bernat_Deltell: 11)\n-una premsa desacreditada que informa dels diners de Juan Carlos I a Su\u00efssa en una columna a la p\u00e0gina 18\n-uns nous\u2026", "edit_history_tweet_ids": ["1241839352851976192"]}, {"id": "1241839188913332232", "created_at": "2020-03-22T21:28:29.000Z", "author_id": "892463704616390656", "text": "RT @Bernat_Deltell: 11)\n-una premsa desacreditada que informa dels diners de Juan Carlos I a Su\u00efssa en una columna a la p\u00e0gina 18\n-uns nous\u2026", "edit_history_tweet_ids": ["1241839188913332232"]}, {"id": "1241838314522640388", "created_at": "2020-03-22T21:25:01.000Z", "author_id": "964264928247996422", "text": "RT @Bernat_Deltell: 11)\n-una premsa desacreditada que informa dels diners de Juan Carlos I a Su\u00efssa en una columna a la p\u00e0gina 18\n-uns nous\u2026", "edit_history_tweet_ids": ["1241838314522640388"]}, {"id": "1241837016964386823", "created_at": "2020-03-22T21:19:51.000Z", "author_id": "925469312", "text": "RT @Bernat_Deltell: 11)\n-una premsa desacreditada que informa dels diners de Juan Carlos I a Su\u00efssa en una columna a la p\u00e0gina 18\n-uns nous\u2026", "edit_history_tweet_ids": ["1241837016964386823"]}, {"id": "1241836972429185028", "created_at": "2020-03-22T21:19:41.000Z", "author_id": "247356626", "text": "RT @Bernat_Deltell: 11)\n-una premsa desacreditada que informa dels diners de Juan Carlos I a Su\u00efssa en una columna a la p\u00e0gina 18\n-uns nous\u2026", "edit_history_tweet_ids": ["1241836972429185028"]}, {"id": "1241836963772207108", "created_at": "2020-03-22T21:19:39.000Z", "author_id": "911925027884412928", "text": "RT @Bernat_Deltell: 11)\n-una premsa desacreditada que informa dels diners de Juan Carlos I a Su\u00efssa en una columna a la p\u00e0gina 18\n-uns nous\u2026", "edit_history_tweet_ids": ["1241836963772207108"]}, {"id": "1241836195069546506", "created_at": "2020-03-22T21:16:35.000Z", "author_id": "1183822800903168000", "text": "RT @Bernat_Deltell: 11)\n-una premsa desacreditada que informa dels diners de Juan Carlos I a Su\u00efssa en una columna a la p\u00e0gina 18\n-uns nous\u2026", "edit_history_tweet_ids": ["1241836195069546506"]}], "meta": {"newest_id": "1242223729670647808", "oldest_id": "1241836195069546506", "result_count": 96, "next_token": "b26v89c19zqg8o3fo77dsfjdqqympn6av3dz1u6iaizjx"}}