{"data": [{"created_at": "2020-03-22T15:34:18.000Z", "id": "1241750055125749760", "text": "RT @Bernat_Deltell: 11)\n-una premsa desacreditada que informa dels diners de Juan Carlos I a Su\u00efssa en una columna a la p\u00e0gina 18\n-uns nous\u2026", "author_id": "2236671254", "edit_history_tweet_ids": ["1241750055125749760"]}, {"created_at": "2020-03-22T15:32:33.000Z", "id": "1241749614438555649", "text": "RT @Bernat_Deltell: 11)\n-una premsa desacreditada que informa dels diners de Juan Carlos I a Su\u00efssa en una columna a la p\u00e0gina 18\n-uns nous\u2026", "author_id": "2148846382", "edit_history_tweet_ids": ["1241749614438555649"]}, {"created_at": "2020-03-22T15:30:59.000Z", "id": "1241749221189005312", "text": "RT @Bernat_Deltell: 11)\n-una premsa desacreditada que informa dels diners de Juan Carlos I a Su\u00efssa en una columna a la p\u00e0gina 18\n-uns nous\u2026", "author_id": "188244197", "edit_history_tweet_ids": ["1241749221189005312"]}, {"created_at": "2020-03-22T15:30:52.000Z", "id": "1241749192508350465", "text": "RT @Bernat_Deltell: 11)\n-una premsa desacreditada que informa dels diners de Juan Carlos I a Su\u00efssa en una columna a la p\u00e0gina 18\n-uns nous\u2026", "author_id": "437847051", "edit_history_tweet_ids": ["1241749192508350465"]}, {"created_at": "2020-03-22T15:27:38.000Z", "id": "1241748378930872320", "text": "RT @Bernat_Deltell: 11)\n-una premsa desacreditada que informa dels diners de Juan Carlos I a Su\u00efssa en una columna a la p\u00e0gina 18\n-uns nous\u2026", "author_id": "848237598707462144", "edit_history_tweet_ids": ["1241748378930872320"]}, {"created_at": "2020-03-22T15:24:42.000Z", "id": "1241747639890296838", "text": "RT @Bernat_Deltell: 11)\n-una premsa desacreditada que informa dels diners de Juan Carlos I a Su\u00efssa en una columna a la p\u00e0gina 18\n-uns nous\u2026", "author_id": "377908727", "edit_history_tweet_ids": ["1241747639890296838"]}, {"created_at": "2020-03-22T15:23:08.000Z", "id": "1241747246842097666", "text": "RT @Bernat_Deltell: 11)\n-una premsa desacreditada que informa dels diners de Juan Carlos I a Su\u00efssa en una columna a la p\u00e0gina 18\n-uns nous\u2026", "author_id": "930344933579517952", "edit_history_tweet_ids": ["1241747246842097666"]}, {"created_at": "2020-03-22T15:21:15.000Z", "id": "1241746771166060545", "text": "RT @Bernat_Deltell: 11)\n-una premsa desacreditada que informa dels diners de Juan Carlos I a Su\u00efssa en una columna a la p\u00e0gina 18\n-uns nous\u2026", "author_id": "2569699569", "edit_history_tweet_ids": ["1241746771166060545"]}, {"created_at": "2020-03-22T15:20:48.000Z", "id": "1241746656984432641", "text": "RT @Bernat_Deltell: 11)\n-una premsa desacreditada que informa dels diners de Juan Carlos I a Su\u00efssa en una columna a la p\u00e0gina 18\n-uns nous\u2026", "author_id": "864523791686406144", "edit_history_tweet_ids": ["1241746656984432641"]}, {"created_at": "2020-03-22T15:19:59.000Z", "id": "1241746450792538112", "text": "RT @Bernat_Deltell: 11)\n-una premsa desacreditada que informa dels diners de Juan Carlos I a Su\u00efssa en una columna a la p\u00e0gina 18\n-uns nous\u2026", "author_id": "52001045", "edit_history_tweet_ids": ["1241746450792538112"]}, {"created_at": "2020-03-22T15:19:08.000Z", "id": "1241746237457563650", "text": "RT @Bernat_Deltell: 11)\n-una premsa desacreditada que informa dels diners de Juan Carlos I a Su\u00efssa en una columna a la p\u00e0gina 18\n-uns nous\u2026", "author_id": "441071795", "edit_history_tweet_ids": ["1241746237457563650"]}, {"created_at": "2020-03-22T15:17:33.000Z", "id": "1241745839581802496", "text": "RT @Bernat_Deltell: 11)\n-una premsa desacreditada que informa dels diners de Juan Carlos I a Su\u00efssa en una columna a la p\u00e0gina 18\n-uns nous\u2026", "author_id": "750440493000093696", "edit_history_tweet_ids": ["1241745839581802496"]}, {"created_at": "2020-03-22T15:15:38.000Z", "id": "1241745359166210049", "text": "@PilarJerico Mucho \u00e1nimo, Pilar. Espero que lo supere. Un abrazo muy fuerte. Juan Carlos S\u00e1nchez (Adelantta).", "author_id": "469516742", "edit_history_tweet_ids": ["1241745359166210049"]}, {"created_at": "2020-03-22T15:09:46.000Z", "id": "1241743879784857600", "text": "RT @Bernat_Deltell: 11)\n-una premsa desacreditada que informa dels diners de Juan Carlos I a Su\u00efssa en una columna a la p\u00e0gina 18\n-uns nous\u2026", "author_id": "2732581636", "edit_history_tweet_ids": ["1241743879784857600"]}, {"created_at": "2020-03-22T15:07:50.000Z", "id": "1241743394604568576", "text": "RT @Bernat_Deltell: 11)\n-una premsa desacreditada que informa dels diners de Juan Carlos I a Su\u00efssa en una columna a la p\u00e0gina 18\n-uns nous\u2026", "author_id": "922226444180303872", "edit_history_tweet_ids": ["1241743394604568576"]}, {"created_at": "2020-03-22T15:06:47.000Z", "id": "1241743129075748865", "text": "RT @Bernat_Deltell: 11)\n-una premsa desacreditada que informa dels diners de Juan Carlos I a Su\u00efssa en una columna a la p\u00e0gina 18\n-uns nous\u2026", "author_id": "911268427574235136", "edit_history_tweet_ids": ["1241743129075748865"]}, {"created_at": "2020-03-22T15:05:37.000Z", "id": "1241742837382819840", "text": "RT @Bernat_Deltell: 11)\n-una premsa desacreditada que informa dels diners de Juan Carlos I a Su\u00efssa en una columna a la p\u00e0gina 18\n-uns nous\u2026", "author_id": "1042168769068642304", "edit_history_tweet_ids": ["1241742837382819840"]}, {"created_at": "2020-03-22T15:05:13.000Z", "id": "1241742737105473542", "text": "Yo le dir\u00eda a Pedro S\u00e1nchez aquella frase de su estimado monarca Juan Carlos I, \"\u00bfpor qu\u00e9 no te callas?\"", "author_id": "2866541915", "edit_history_tweet_ids": ["1241742737105473542"]}, {"created_at": "2020-03-22T15:05:12.000Z", "id": "1241742731631898628", "text": "RT @Bernat_Deltell: 11)\n-una premsa desacreditada que informa dels diners de Juan Carlos I a Su\u00efssa en una columna a la p\u00e0gina 18\n-uns nous\u2026", "author_id": "425689459", "edit_history_tweet_ids": ["1241742731631898628"]}, {"created_at": "2020-03-22T15:04:32.000Z", "id": "1241742565239590913", "text": "RT @Bernat_Deltell: 11)\n-una premsa desacreditada que informa dels diners de Juan Carlos I a Su\u00efssa en una columna a la p\u00e0gina 18\n-uns nous\u2026", "author_id": "44869111", "edit_history_tweet_ids": ["1241742565239590913"]}, {"created_at": "2020-03-22T15:04:32.000Z", "id": "1241742564002336768", "text": "RT @Bernat_Deltell: 11)\n-una premsa desacreditada que informa dels diners de Juan Carlos I a Su\u00efssa en una columna a la p\u00e0gina 18\n-uns nous\u2026", "author_id": "841761853", "edit_history_tweet_ids": ["1241742564002336768"]}, {"created_at": "2020-03-22T14:58:00.000Z", "id": "1241740919642169344", "text": "RT @Bernat_Deltell: 11)\n-una premsa desacreditada que informa dels diners de Juan Carlos I a Su\u00efssa en una columna a la p\u00e0gina 18\n-uns nous\u2026", "author_id": "847395026", "edit_history_tweet_ids": ["1241740919642169344"]}, {"created_at": "2020-03-22T14:57:32.000Z", "id": "1241740802205921280", "text": "RT @Bernat_Deltell: 11)\n-una premsa desacreditada que informa dels diners de Juan Carlos I a Su\u00efssa en una columna a la p\u00e0gina 18\n-uns nous\u2026", "author_id": "915084615127306240", "edit_history_tweet_ids": ["1241740802205921280"]}, {"created_at": "2020-03-22T14:57:17.000Z", "id": "1241740740826484736", "text": "RT @Bernat_Deltell: 11)\n-una premsa desacreditada que informa dels diners de Juan Carlos I a Su\u00efssa en una columna a la p\u00e0gina 18\n-uns nous\u2026", "author_id": "487774414", "edit_history_tweet_ids": ["1241740740826484736"]}, {"created_at": "2020-03-22T14:56:38.000Z", "id": "1241740577345024002", "text": "RT @Bernat_Deltell: 11)\n-una premsa desacreditada que informa dels diners de Juan Carlos I a Su\u00efssa en una columna a la p\u00e0gina 18\n-uns nous\u2026", "author_id": "2909634118", "edit_history_tweet_ids": ["1241740577345024002"]}, {"created_at": "2020-03-22T14:55:42.000Z", "id": "1241740340501123076", "text": "RT @Bernat_Deltell: 11)\n-una premsa desacreditada que informa dels diners de Juan Carlos I a Su\u00efssa en una columna a la p\u00e0gina 18\n-uns nous\u2026", "author_id": "2767381655", "edit_history_tweet_ids": ["1241740340501123076"]}, {"created_at": "2020-03-22T14:55:28.000Z", "id": "1241740283819298818", "text": "RT @Bernat_Deltell: 11)\n-una premsa desacreditada que informa dels diners de Juan Carlos I a Su\u00efssa en una columna a la p\u00e0gina 18\n-uns nous\u2026", "author_id": "875955133871534080", "edit_history_tweet_ids": ["1241740283819298818"]}, {"created_at": "2020-03-22T14:54:48.000Z", "id": "1241740115980046342", "text": "RT @Bernat_Deltell: 11)\n-una premsa desacreditada que informa dels diners de Juan Carlos I a Su\u00efssa en una columna a la p\u00e0gina 18\n-uns nous\u2026", "author_id": "292441966", "edit_history_tweet_ids": ["1241740115980046342"]}, {"created_at": "2020-03-22T14:52:55.000Z", "id": "1241739641457446913", "text": "RT @Bernat_Deltell: 11)\n-una premsa desacreditada que informa dels diners de Juan Carlos I a Su\u00efssa en una columna a la p\u00e0gina 18\n-uns nous\u2026", "author_id": "2371950520", "edit_history_tweet_ids": ["1241739641457446913"]}, {"created_at": "2020-03-22T14:50:15.000Z", "id": "1241738970364555271", "text": "RT @Bernat_Deltell: 11)\n-una premsa desacreditada que informa dels diners de Juan Carlos I a Su\u00efssa en una columna a la p\u00e0gina 18\n-uns nous\u2026", "author_id": "908338443327082496", "edit_history_tweet_ids": ["1241738970364555271"]}, {"created_at": "2020-03-22T14:49:08.000Z", "id": "1241738689342046210", "text": "RT @Bernat_Deltell: 11)\n-una premsa desacreditada que informa dels diners de Juan Carlos I a Su\u00efssa en una columna a la p\u00e0gina 18\n-uns nous\u2026", "author_id": "913852611832500226", "edit_history_tweet_ids": ["1241738689342046210"]}, {"created_at": "2020-03-22T14:48:39.000Z", "id": "1241738567841439752", "text": "@ccifuentes \"Como es posible que Pedro S\u00e1nchez nos ocultara esto?\"\n@ccifuentes: neoliberal conservadora,libre pensadora,y m\u00e1ster en la rey Juan Carlos.", "author_id": "1240029218668453888", "edit_history_tweet_ids": ["1241738567841439752"]}, {"created_at": "2020-03-22T14:45:00.000Z", "id": "1241737648923959297", "text": "RT @Bernat_Deltell: 11)\n-una premsa desacreditada que informa dels diners de Juan Carlos I a Su\u00efssa en una columna a la p\u00e0gina 18\n-uns nous\u2026", "author_id": "1213535455787880449", "edit_history_tweet_ids": ["1241737648923959297"]}, {"created_at": "2020-03-22T14:42:40.000Z", "id": "1241737061280989184", "text": "RT @Bernat_Deltell: 11)\n-una premsa desacreditada que informa dels diners de Juan Carlos I a Su\u00efssa en una columna a la p\u00e0gina 18\n-uns nous\u2026", "author_id": "970340412", "edit_history_tweet_ids": ["1241737061280989184"]}, {"created_at": "2020-03-22T14:41:27.000Z", "id": "1241736757089091585", "text": "RT @Bernat_Deltell: 11)\n-una premsa desacreditada que informa dels diners de Juan Carlos I a Su\u00efssa en una columna a la p\u00e0gina 18\n-uns nous\u2026", "author_id": "903732150935183360", "edit_history_tweet_ids": ["1241736757089091585"]}, {"created_at": "2020-03-22T14:39:31.000Z", "id": "1241736269547352065", "text": "RT @Bernat_Deltell: 11)\n-una premsa desacreditada que informa dels diners de Juan Carlos I a Su\u00efssa en una columna a la p\u00e0gina 18\n-uns nous\u2026", "author_id": "226614015", "edit_history_tweet_ids": ["1241736269547352065"]}, {"created_at": "2020-03-22T14:39:17.000Z", "id": "1241736210957119491", "text": "RT @Bernat_Deltell: 11)\n-una premsa desacreditada que informa dels diners de Juan Carlos I a Su\u00efssa en una columna a la p\u00e0gina 18\n-uns nous\u2026", "author_id": "706071738", "edit_history_tweet_ids": ["1241736210957119491"]}, {"created_at": "2020-03-22T14:38:37.000Z", "id": "1241736040785817600", "text": "RT @Bernat_Deltell: 11)\n-una premsa desacreditada que informa dels diners de Juan Carlos I a Su\u00efssa en una columna a la p\u00e0gina 18\n-uns nous\u2026", "author_id": "921021399363407873", "edit_history_tweet_ids": ["1241736040785817600"]}, {"created_at": "2020-03-22T14:38:15.000Z", "id": "1241735951740780544", "text": "RT @Bernat_Deltell: 11)\n-una premsa desacreditada que informa dels diners de Juan Carlos I a Su\u00efssa en una columna a la p\u00e0gina 18\n-uns nous\u2026", "author_id": "1135323631", "edit_history_tweet_ids": ["1241735951740780544"]}, {"created_at": "2020-03-22T14:37:52.000Z", "id": "1241735854009339904", "text": "RT @Bernat_Deltell: 11)\n-una premsa desacreditada que informa dels diners de Juan Carlos I a Su\u00efssa en una columna a la p\u00e0gina 18\n-uns nous\u2026", "author_id": "2172584812", "edit_history_tweet_ids": ["1241735854009339904"]}, {"created_at": "2020-03-22T14:37:12.000Z", "id": "1241735685180207106", "text": "RT @Bernat_Deltell: 11)\n-una premsa desacreditada que informa dels diners de Juan Carlos I a Su\u00efssa en una columna a la p\u00e0gina 18\n-uns nous\u2026", "author_id": "2197639704", "edit_history_tweet_ids": ["1241735685180207106"]}, {"created_at": "2020-03-22T14:35:11.000Z", "id": "1241735177665216513", "text": "RT @Bernat_Deltell: 11)\n-una premsa desacreditada que informa dels diners de Juan Carlos I a Su\u00efssa en una columna a la p\u00e0gina 18\n-uns nous\u2026", "author_id": "4196733095", "edit_history_tweet_ids": ["1241735177665216513"]}, {"created_at": "2020-03-22T14:34:26.000Z", "id": "1241734988766339081", "text": "RT @Bernat_Deltell: 11)\n-una premsa desacreditada que informa dels diners de Juan Carlos I a Su\u00efssa en una columna a la p\u00e0gina 18\n-uns nous\u2026", "author_id": "908361605456580608", "edit_history_tweet_ids": ["1241734988766339081"]}, {"created_at": "2020-03-22T14:32:46.000Z", "id": "1241734570476744704", "text": "RT @Bernat_Deltell: 11)\n-una premsa desacreditada que informa dels diners de Juan Carlos I a Su\u00efssa en una columna a la p\u00e0gina 18\n-uns nous\u2026", "author_id": "292551294", "edit_history_tweet_ids": ["1241734570476744704"]}, {"created_at": "2020-03-22T14:31:32.000Z", "id": "1241734259917889537", "text": "RT @Bernat_Deltell: 11)\n-una premsa desacreditada que informa dels diners de Juan Carlos I a Su\u00efssa en una columna a la p\u00e0gina 18\n-uns nous\u2026", "author_id": "1219882765543510016", "edit_history_tweet_ids": ["1241734259917889537"]}, {"created_at": "2020-03-22T14:30:55.000Z", "id": "1241734104145637376", "text": "RT @Bernat_Deltell: 11)\n-una premsa desacreditada que informa dels diners de Juan Carlos I a Su\u00efssa en una columna a la p\u00e0gina 18\n-uns nous\u2026", "author_id": "1139174952547082240", "edit_history_tweet_ids": ["1241734104145637376"]}, {"created_at": "2020-03-22T14:30:12.000Z", "id": "1241733923966681088", "text": "RT @Bernat_Deltell: 11)\n-una premsa desacreditada que informa dels diners de Juan Carlos I a Su\u00efssa en una columna a la p\u00e0gina 18\n-uns nous\u2026", "author_id": "2247556968", "edit_history_tweet_ids": ["1241733923966681088"]}, {"created_at": "2020-03-22T14:28:57.000Z", "id": "1241733609544986627", "text": "RT @Bernat_Deltell: 11)\n-una premsa desacreditada que informa dels diners de Juan Carlos I a Su\u00efssa en una columna a la p\u00e0gina 18\n-uns nous\u2026", "author_id": "199613282", "edit_history_tweet_ids": ["1241733609544986627"]}, {"created_at": "2020-03-22T14:28:27.000Z", "id": "1241733484462452740", "text": "RT @Bernat_Deltell: 11)\n-una premsa desacreditada que informa dels diners de Juan Carlos I a Su\u00efssa en una columna a la p\u00e0gina 18\n-uns nous\u2026", "author_id": "2420483308", "edit_history_tweet_ids": ["1241733484462452740"]}, {"created_at": "2020-03-22T14:27:56.000Z", "id": "1241733353470132225", "text": "RT @Bernat_Deltell: 11)\n-una premsa desacreditada que informa dels diners de Juan Carlos I a Su\u00efssa en una columna a la p\u00e0gina 18\n-uns nous\u2026", "author_id": "1558483032", "edit_history_tweet_ids": ["1241733353470132225"]}, {"created_at": "2020-03-22T14:27:41.000Z", "id": "1241733291398565889", "text": "RT @Bernat_Deltell: 11)\n-una premsa desacreditada que informa dels diners de Juan Carlos I a Su\u00efssa en una columna a la p\u00e0gina 18\n-uns nous\u2026", "author_id": "3235553987", "edit_history_tweet_ids": ["1241733291398565889"]}, {"created_at": "2020-03-22T14:27:20.000Z", "id": "1241733201028165633", "text": "RT @Bernat_Deltell: 11)\n-una premsa desacreditada que informa dels diners de Juan Carlos I a Su\u00efssa en una columna a la p\u00e0gina 18\n-uns nous\u2026", "author_id": "302495603", "edit_history_tweet_ids": ["1241733201028165633"]}, {"created_at": "2020-03-22T14:27:07.000Z", "id": "1241733149715030016", "text": "RT @Bernat_Deltell: 11)\n-una premsa desacreditada que informa dels diners de Juan Carlos I a Su\u00efssa en una columna a la p\u00e0gina 18\n-uns nous\u2026", "author_id": "1878998834", "edit_history_tweet_ids": ["1241733149715030016"]}, {"created_at": "2020-03-22T14:27:06.000Z", "id": "1241733142131736576", "text": "RT @Bernat_Deltell: 11)\n-una premsa desacreditada que informa dels diners de Juan Carlos I a Su\u00efssa en una columna a la p\u00e0gina 18\n-uns nous\u2026", "author_id": "1049712817958518791", "edit_history_tweet_ids": ["1241733142131736576"]}, {"created_at": "2020-03-22T14:24:19.000Z", "id": "1241732445323567104", "text": "RT @Bernat_Deltell: 11)\n-una premsa desacreditada que informa dels diners de Juan Carlos I a Su\u00efssa en una columna a la p\u00e0gina 18\n-uns nous\u2026", "author_id": "922100153045143553", "edit_history_tweet_ids": ["1241732445323567104"]}, {"created_at": "2020-03-22T14:23:26.000Z", "id": "1241732220525727751", "text": "RT @Bernat_Deltell: 11)\n-una premsa desacreditada que informa dels diners de Juan Carlos I a Su\u00efssa en una columna a la p\u00e0gina 18\n-uns nous\u2026", "author_id": "930194826057932803", "edit_history_tweet_ids": ["1241732220525727751"]}, {"created_at": "2020-03-22T14:22:04.000Z", "id": "1241731878207533058", "text": "RT @Bernat_Deltell: 11)\n-una premsa desacreditada que informa dels diners de Juan Carlos I a Su\u00efssa en una columna a la p\u00e0gina 18\n-uns nous\u2026", "author_id": "874395613", "edit_history_tweet_ids": ["1241731878207533058"]}, {"created_at": "2020-03-22T14:20:38.000Z", "id": "1241731518193635328", "text": "RT @Bernat_Deltell: 11)\n-una premsa desacreditada que informa dels diners de Juan Carlos I a Su\u00efssa en una columna a la p\u00e0gina 18\n-uns nous\u2026", "author_id": "879688560", "edit_history_tweet_ids": ["1241731518193635328"]}, {"created_at": "2020-03-22T14:17:01.000Z", "id": "1241730607597735936", "text": "RT @Bernat_Deltell: 11)\n-una premsa desacreditada que informa dels diners de Juan Carlos I a Su\u00efssa en una columna a la p\u00e0gina 18\n-uns nous\u2026", "author_id": "963144045022334976", "edit_history_tweet_ids": ["1241730607597735936"]}, {"created_at": "2020-03-22T14:16:19.000Z", "id": "1241730428559646721", "text": "RT @Bernat_Deltell: 11)\n-una premsa desacreditada que informa dels diners de Juan Carlos I a Su\u00efssa en una columna a la p\u00e0gina 18\n-uns nous\u2026", "author_id": "478667699", "edit_history_tweet_ids": ["1241730428559646721"]}, {"created_at": "2020-03-22T14:14:38.000Z", "id": "1241730006751088646", "text": "RT @Bernat_Deltell: 11)\n-una premsa desacreditada que informa dels diners de Juan Carlos I a Su\u00efssa en una columna a la p\u00e0gina 18\n-uns nous\u2026", "author_id": "473031560", "edit_history_tweet_ids": ["1241730006751088646"]}, {"created_at": "2020-03-22T14:14:14.000Z", "id": "1241729904108023809", "text": "RT @Eduardoandres08: Si a m\u00ed me pidiera que construya un lineup, lo har\u00eda de la siguiente manera:\n1. Fernando Tatis Jr. SS\n2. Ketel Marte 2\u2026", "author_id": "147642082", "edit_history_tweet_ids": ["1241729904108023809"]}, {"created_at": "2020-03-22T14:13:40.000Z", "id": "1241729762751582208", "text": "RT @Bernat_Deltell: 11)\n-una premsa desacreditada que informa dels diners de Juan Carlos I a Su\u00efssa en una columna a la p\u00e0gina 18\n-uns nous\u2026", "author_id": "872121514166038528", "edit_history_tweet_ids": ["1241729762751582208"]}, {"created_at": "2020-03-22T14:07:53.000Z", "id": "1241728310125694983", "text": "RT @IzsakSzajharc: #NoLesCreas a Pedro S\u00e1nchez, Pablo Iglesias, Susanna Griso, Juan Carlos Monedero, Pablo Echenique, Irene Montero, I\u00f1igo\u2026", "author_id": "1005738195433279488", "edit_history_tweet_ids": ["1241728310125694983"]}, {"created_at": "2020-03-22T14:07:34.000Z", "id": "1241728226675867649", "text": "RT @Bernat_Deltell: 11)\n-una premsa desacreditada que informa dels diners de Juan Carlos I a Su\u00efssa en una columna a la p\u00e0gina 18\n-uns nous\u2026", "author_id": "2320662375", "edit_history_tweet_ids": ["1241728226675867649"]}, {"created_at": "2020-03-22T14:07:01.000Z", "id": "1241728088033148928", "text": "RT @Bernat_Deltell: 11)\n-una premsa desacreditada que informa dels diners de Juan Carlos I a Su\u00efssa en una columna a la p\u00e0gina 18\n-uns nous\u2026", "author_id": "267392801", "edit_history_tweet_ids": ["1241728088033148928"]}, {"created_at": "2020-03-22T14:04:32.000Z", "id": "1241727464277229570", "text": "RT @Bernat_Deltell: 11)\n-una premsa desacreditada que informa dels diners de Juan Carlos I a Su\u00efssa en una columna a la p\u00e0gina 18\n-uns nous\u2026", "author_id": "913430852813631488", "edit_history_tweet_ids": ["1241727464277229570"]}, {"created_at": "2020-03-22T14:04:08.000Z", "id": "1241727363727179777", "text": "RT @Bernat_Deltell: 11)\n-una premsa desacreditada que informa dels diners de Juan Carlos I a Su\u00efssa en una columna a la p\u00e0gina 18\n-uns nous\u2026", "author_id": "989556636", "edit_history_tweet_ids": ["1241727363727179777"]}, {"created_at": "2020-03-22T14:01:47.000Z", "id": "1241726773953470466", "text": "RT @Bernat_Deltell: 11)\n-una premsa desacreditada que informa dels diners de Juan Carlos I a Su\u00efssa en una columna a la p\u00e0gina 18\n-uns nous\u2026", "author_id": "721076082200469505", "edit_history_tweet_ids": ["1241726773953470466"]}, {"created_at": "2020-03-22T14:01:08.000Z", "id": "1241726611147436032", "text": "RT @Bernat_Deltell: 11)\n-una premsa desacreditada que informa dels diners de Juan Carlos I a Su\u00efssa en una columna a la p\u00e0gina 18\n-uns nous\u2026", "author_id": "436978603", "edit_history_tweet_ids": ["1241726611147436032"]}, {"created_at": "2020-03-22T13:58:39.000Z", "id": "1241725982576443395", "text": "RT @Bernat_Deltell: 11)\n-una premsa desacreditada que informa dels diners de Juan Carlos I a Su\u00efssa en una columna a la p\u00e0gina 18\n-uns nous\u2026", "author_id": "919224259096055808", "edit_history_tweet_ids": ["1241725982576443395"]}, {"created_at": "2020-03-22T13:56:44.000Z", "id": "1241725500604719104", "text": "RT @Bernat_Deltell: 11)\n-una premsa desacreditada que informa dels diners de Juan Carlos I a Su\u00efssa en una columna a la p\u00e0gina 18\n-uns nous\u2026", "author_id": "1369451239", "edit_history_tweet_ids": ["1241725500604719104"]}, {"created_at": "2020-03-22T13:55:40.000Z", "id": "1241725234966863873", "text": "RT @yierva: ...filosof\u00eda. Los nombres y apellidos que tienen m\u00e1s de 90 apariciones son: mar\u00eda (317); garc\u00eda (224); jos\u00e9 (209); hern\u00e1ndez (1\u2026", "author_id": "220911015", "edit_history_tweet_ids": ["1241725234966863873"]}, {"created_at": "2020-03-22T13:53:47.000Z", "id": "1241724759131533313", "text": "RT @Bernat_Deltell: 11)\n-una premsa desacreditada que informa dels diners de Juan Carlos I a Su\u00efssa en una columna a la p\u00e0gina 18\n-uns nous\u2026", "author_id": "2173078828", "edit_history_tweet_ids": ["1241724759131533313"]}, {"created_at": "2020-03-22T13:52:10.000Z", "id": "1241724350983790592", "text": "RT @Bernat_Deltell: 11)\n-una premsa desacreditada que informa dels diners de Juan Carlos I a Su\u00efssa en una columna a la p\u00e0gina 18\n-uns nous\u2026", "author_id": "3996888017", "edit_history_tweet_ids": ["1241724350983790592"]}, {"created_at": "2020-03-22T13:50:38.000Z", "id": "1241723966408003585", "text": "RT @Bernat_Deltell: 11)\n-una premsa desacreditada que informa dels diners de Juan Carlos I a Su\u00efssa en una columna a la p\u00e0gina 18\n-uns nous\u2026", "author_id": "950331314066087937", "edit_history_tweet_ids": ["1241723966408003585"]}, {"created_at": "2020-03-22T13:46:03.000Z", "id": "1241722812101988353", "text": "RT @Bernat_Deltell: 11)\n-una premsa desacreditada que informa dels diners de Juan Carlos I a Su\u00efssa en una columna a la p\u00e0gina 18\n-uns nous\u2026", "author_id": "1622874637", "edit_history_tweet_ids": ["1241722812101988353"]}, {"created_at": "2020-03-22T13:44:20.000Z", "id": "1241722381384720385", "text": "RT @Bernat_Deltell: 11)\n-una premsa desacreditada que informa dels diners de Juan Carlos I a Su\u00efssa en una columna a la p\u00e0gina 18\n-uns nous\u2026", "author_id": "229260995", "edit_history_tweet_ids": ["1241722381384720385"]}, {"created_at": "2020-03-22T13:42:26.000Z", "id": "1241721902013562880", "text": "RT @Bernat_Deltell: 11)\n-una premsa desacreditada que informa dels diners de Juan Carlos I a Su\u00efssa en una columna a la p\u00e0gina 18\n-uns nous\u2026", "author_id": "913761220141953025", "edit_history_tweet_ids": ["1241721902013562880"]}, {"created_at": "2020-03-22T13:41:31.000Z", "id": "1241721671477800960", "text": "RT @Bernat_Deltell: 11)\n-una premsa desacreditada que informa dels diners de Juan Carlos I a Su\u00efssa en una columna a la p\u00e0gina 18\n-uns nous\u2026", "author_id": "94382464", "edit_history_tweet_ids": ["1241721671477800960"]}, {"created_at": "2020-03-22T13:40:40.000Z", "id": "1241721458755358728", "text": "RT @Bernat_Deltell: 11)\n-una premsa desacreditada que informa dels diners de Juan Carlos I a Su\u00efssa en una columna a la p\u00e0gina 18\n-uns nous\u2026", "author_id": "552133806", "edit_history_tweet_ids": ["1241721458755358728"]}, {"created_at": "2020-03-22T13:40:24.000Z", "id": "1241721389968752643", "text": "RT @Bernat_Deltell: 11)\n-una premsa desacreditada que informa dels diners de Juan Carlos I a Su\u00efssa en una columna a la p\u00e0gina 18\n-uns nous\u2026", "author_id": "1018878118675779586", "edit_history_tweet_ids": ["1241721389968752643"]}, {"created_at": "2020-03-22T13:39:16.000Z", "id": "1241721108325376001", "text": "RT @Bernat_Deltell: 11)\n-una premsa desacreditada que informa dels diners de Juan Carlos I a Su\u00efssa en una columna a la p\u00e0gina 18\n-uns nous\u2026", "author_id": "908661158378434561", "edit_history_tweet_ids": ["1241721108325376001"]}, {"created_at": "2020-03-22T13:37:13.000Z", "id": "1241720591092199424", "text": "RT @Bernat_Deltell: 11)\n-una premsa desacreditada que informa dels diners de Juan Carlos I a Su\u00efssa en una columna a la p\u00e0gina 18\n-uns nous\u2026", "author_id": "2216305923", "edit_history_tweet_ids": ["1241720591092199424"]}, {"created_at": "2020-03-22T13:36:54.000Z", "id": "1241720509831819269", "text": "RT @Bernat_Deltell: 11)\n-una premsa desacreditada que informa dels diners de Juan Carlos I a Su\u00efssa en una columna a la p\u00e0gina 18\n-uns nous\u2026", "author_id": "920736663231492096", "edit_history_tweet_ids": ["1241720509831819269"]}, {"created_at": "2020-03-22T13:35:46.000Z", "id": "1241720226149957635", "text": "RT @Bernat_Deltell: 11)\n-una premsa desacreditada que informa dels diners de Juan Carlos I a Su\u00efssa en una columna a la p\u00e0gina 18\n-uns nous\u2026", "author_id": "873833619130904576", "edit_history_tweet_ids": ["1241720226149957635"]}, {"created_at": "2020-03-22T13:32:29.000Z", "id": "1241719398869729280", "text": "RT @Bernat_Deltell: 11)\n-una premsa desacreditada que informa dels diners de Juan Carlos I a Su\u00efssa en una columna a la p\u00e0gina 18\n-uns nous\u2026", "author_id": "226108070", "edit_history_tweet_ids": ["1241719398869729280"]}, {"created_at": "2020-03-22T13:31:35.000Z", "id": "1241719174134673413", "text": "RT @Bernat_Deltell: 11)\n-una premsa desacreditada que informa dels diners de Juan Carlos I a Su\u00efssa en una columna a la p\u00e0gina 18\n-uns nous\u2026", "author_id": "922167963297484801", "edit_history_tweet_ids": ["1241719174134673413"]}, {"created_at": "2020-03-22T13:30:20.000Z", "id": "1241718857917759489", "text": "11)\n-una premsa desacreditada que informa dels diners de Juan Carlos I a Su\u00efssa en una columna a la p\u00e0gina 18\n-uns nous i grans especialistes en pand\u00e8mies com @miqueliceta, @emmariverola, @Eva_Granados, @jcoscu i @ernesturtasun aplaudint tot sol la roda de premsa de Pedro S\u00e1nchez", "author_id": "918529065321148421", "edit_history_tweet_ids": ["1241718857917759489"]}, {"created_at": "2020-03-22T12:44:21.000Z", "id": "1241707286269235201", "text": "RT @ErnestoEkaizer: #Corinavirus La Casa del Rey dice discretamente que el 5 de marzo de 2019, tras conocer la existencia de la Fundaci\u00f3n L\u2026", "author_id": "573880047", "edit_history_tweet_ids": ["1241707286269235201"]}, {"created_at": "2020-03-22T12:12:38.000Z", "id": "1241699302600253441", "text": "RT @IzsakSzajharc: #NoLesCreas a Pedro S\u00e1nchez, Pablo Iglesias, Susanna Griso, Juan Carlos Monedero, Pablo Echenique, Irene Montero, I\u00f1igo\u2026", "author_id": "948989174559985664", "edit_history_tweet_ids": ["1241699302600253441"]}, {"created_at": "2020-03-22T11:58:59.000Z", "id": "1241695869243740161", "text": "@MonederoJC Juan Carlos el victimismo es vuestro producto aut\u00f3ctono. Pon escapa nadie en pol\u00edtica. A Sanchez no lo amenazan, a Abascal, a tu mes\u00edas Iglesias.... todos. Basta ya de ese rollo. Te expones tiene un precio. Desprecio a la gente que se dedica a insultar o amenazar pero...", "author_id": "624736726", "edit_history_tweet_ids": ["1241695869243740161"]}, {"created_at": "2020-03-22T11:45:02.000Z", "id": "1241692358426624001", "text": "RT @IzsakSzajharc: #NoLesCreas a Pedro S\u00e1nchez, Pablo Iglesias, Susanna Griso, Juan Carlos Monedero, Pablo Echenique, Irene Montero, I\u00f1igo\u2026", "author_id": "3014455780", "edit_history_tweet_ids": ["1241692358426624001"]}, {"created_at": "2020-03-22T11:21:46.000Z", "id": "1241686505447403521", "text": "RT @IzsakSzajharc: #NoLesCreas a Pedro S\u00e1nchez, Pablo Iglesias, Susanna Griso, Juan Carlos Monedero, Pablo Echenique, Irene Montero, I\u00f1igo\u2026", "author_id": "915109450167590912", "edit_history_tweet_ids": ["1241686505447403521"]}, {"created_at": "2020-03-22T11:18:32.000Z", "id": "1241685689793740800", "text": "DAY 5 \ud83e\udd73 \n21:15 - 22:00 - Juan Carlos Sanchez KU \ud83c\udfb6 GRACIAS POR TU APOYO \u2764\ufe0f https://t.co/6RgFcVfwgZ", "author_id": "1239677720772194304", "edit_history_tweet_ids": ["1241685689793740800"]}, {"created_at": "2020-03-22T11:11:37.000Z", "id": "1241683950428459008", "text": "RT @rimbaudarth: Pedro S\u00e1nchez \nPablo Iglesias \nIrene Montero\nCarmen Calvo\nAdriana Lastra\nMar\u00eda Jes\u00fas Montero\nFernando Sim\u00f3n\nFerreras\nAna P\u2026", "author_id": "924252021888307200", "edit_history_tweet_ids": ["1241683950428459008"]}, {"created_at": "2020-03-22T10:33:20.000Z", "id": "1241674316682584070", "text": "RT @Adrykeltoi: El presidente del gobierno @sanchezcastejon ha hecho una comparecencia como podr\u00eda hacerlo cualquier otro presidente o jefe\u2026", "author_id": "3814290688", "edit_history_tweet_ids": ["1241674316682584070"]}, {"created_at": "2020-03-22T08:27:29.000Z", "id": "1241642642032807936", "text": "RT @rimbaudarth: Pedro S\u00e1nchez \nPablo Iglesias \nIrene Montero\nCarmen Calvo\nAdriana Lastra\nMar\u00eda Jes\u00fas Montero\nFernando Sim\u00f3n\nFerreras\nAna P\u2026", "author_id": "417316399", "edit_history_tweet_ids": ["1241642642032807936"]}, {"created_at": "2020-03-22T07:59:48.000Z", "id": "1241635677969793025", "text": "S\u00e1nchez defiende su gesti\u00f3n: \u201cHemos adoptado las medidas m\u00e1s dr\u00e1sticas del mundo\u201d https://t.co/oE8NSLLXri por Juan Carlos Merino", "author_id": "19244370", "edit_history_tweet_ids": ["1241635677969793025"]}], "meta": {"newest_id": "1241750055125749760", "oldest_id": "1241635677969793025", "result_count": 99, "next_token": "b26v89c19zqg8o3fo77dsb9xelhdm5mpnwqmbq0cslnct"}}