{"data": [{"created_at": "2015-08-28T09:50:25.000Z", "id": "637200555085950977", "text": "Aldon Smith\nJustin Smith \nPatrick Willis\nFrank Gore\nMichael Crabtree\nRay McDonald \nMike Iuapati\nAnthony Davis\nChris Borland #StillFaithful", "edit_history_tweet_ids": ["637200555085950977"], "author_id": "15529133"}, {"created_at": "2015-08-27T00:40:46.000Z", "id": "636699844422144000", "text": "Ray McDonald\nPatrick Willis\nAldon Smith\nAhmad Brooks\nMichael Crabtree\nFrank Gore\nMike Iupati\nChris Borland\nAnthony Davis\nHarbaugh &amp; Fangio", "edit_history_tweet_ids": ["636699844422144000"], "author_id": "606111138"}, {"created_at": "2015-08-20T00:48:55.000Z", "id": "634165178624442368", "text": "RT @GregoryYYee: #BREAKING: @LongBeachPD_CA report in-custody death Tuesday of 71-year-old Long Beach resident Michael Frank Smith. Full st\u2026", "edit_history_tweet_ids": ["634165178624442368"], "author_id": "325862777"}, {"created_at": "2015-08-20T00:48:24.000Z", "id": "634165047502090240", "text": "RT @GregoryYYee: #BREAKING: @LongBeachPD_CA report in-custody death Tuesday of 71-year-old Long Beach resident Michael Frank Smith. Full st\u2026", "edit_history_tweet_ids": ["634165047502090240"], "author_id": "51100232"}, {"created_at": "2015-08-20T00:47:25.000Z", "id": "634164802726727680", "text": "RT @GregoryYYee: #BREAKING: @LongBeachPD_CA report in-custody death Tuesday of 71-year-old Long Beach resident Michael Frank Smith. Full st\u2026", "edit_history_tweet_ids": ["634164802726727680"], "author_id": "27490812"}, {"created_at": "2015-08-20T00:43:59.000Z", "id": "634163936741490688", "text": "RT @GregoryYYee: #BREAKING: @LongBeachPD_CA report in-custody death Tuesday of 71-year-old Long Beach resident Michael Frank Smith. Full st\u2026", "edit_history_tweet_ids": ["634163936741490688"], "author_id": "2547790158"}, {"created_at": "2015-08-20T00:41:25.000Z", "id": "634163292680777728", "text": "RT @GregoryYYee: #BREAKING: @LongBeachPD_CA report in-custody death Tuesday of 71-year-old Long Beach resident Michael Frank Smith. Full st\u2026", "edit_history_tweet_ids": ["634163292680777728"], "author_id": "377220892"}, {"created_at": "2015-08-20T00:17:37.000Z", "id": "634157301134323712", "text": "RT @GregoryYYee: #BREAKING: @LongBeachPD_CA report in-custody death Tuesday of 71-year-old Long Beach resident Michael Frank Smith. Full st\u2026", "edit_history_tweet_ids": ["634157301134323712"], "author_id": "264393361"}, {"created_at": "2015-08-20T00:16:41.000Z", "id": "634157066366509056", "text": "#BREAKING: @LongBeachPD_CA report in-custody death Tuesday of 71-year-old Long Beach resident Michael Frank Smith. Full story to come", "edit_history_tweet_ids": ["634157066366509056"], "author_id": "979324777"}, {"created_at": "2015-08-18T20:11:09.000Z", "id": "633732890560344068", "text": "http://t.co/z6e05YUBYy DT Justin Smith? Gone. Harbaugh? Gone. Michael Crabtree? Gone. Frank Gore? Gone. Half the o-line? Gone.", "edit_history_tweet_ids": ["633732890560344068"], "author_id": "1148519803"}, {"created_at": "2015-08-18T04:48:17.000Z", "id": "633500642783289344", "text": "Seahawk rookies looked great Saturday! Tye Smith looks like Richard Sherman and Frank Clark looks like Michael Bennett. Can't wait! #GoHawks", "edit_history_tweet_ids": ["633500642783289344"], "author_id": "420775734"}], "meta": {"newest_id": "637200555085950977", "oldest_id": "633500642783289344", "result_count": 11}}