{"data": [{"id": "1139069925434253312", "text": "how similar is our music taste?\n\n10% ariana grande\n10% shawn mendes\n10% madison beer\n10% little mix\n10% marina\n10% troye sivan\n10% black pink\n10% taylor swift\n10% zayn\n10% one direction/solo", "edit_history_tweet_ids": ["1139069925434253312"], "author_id": "1124366606660927488", "created_at": "2019-06-13T07:20:07.000Z"}, {"id": "1139034417631047680", "text": "Lady gaga\nTaylor swift\nMelanie Mart\u00ednez \nAriana Grande \nSelena gomez\nRihanna\nMARINA https://t.co/pIXTXsmTbb", "edit_history_tweet_ids": ["1139034417631047680"], "author_id": "1001121755266596865", "created_at": "2019-06-13T04:59:02.000Z"}, {"id": "1139016847179821057", "text": "how similar are we? (music edition)\n\n10% kali uchis\n10% halsey\n10% nina nesbitt\n10% oasis\n10% marina\n10% niall horan\n10% 5sos\n10% green day\n10% little mix\n10% taylor swift", "edit_history_tweet_ids": ["1139016847179821057"], "author_id": "232322434", "created_at": "2019-06-13T03:49:12.000Z"}, {"id": "1139000688212631552", "text": "\u00bfQu\u00e9 tan similar es nuestro gusto musical? \nComenta con tu porcentaje\n\n10% - Chavela Vargas \n10% - Lady Gaga\n10% - Taylor Swift\n10% - Alvvays \n10% - Mecano\n10% - Marina \n10% - Miley Cyrus\n10% - Katy Perry\n10% - Troya Sivan \n10% - Queen", "edit_history_tweet_ids": ["1139000688212631552"], "author_id": "108983331", "created_at": "2019-06-13T02:45:00.000Z"}, {"id": "1138978837017092096", "text": "@ultravxl dessas eu s\u00f3 escuto ava max,marina,lana e taylor", "edit_history_tweet_ids": ["1138978837017092096"], "author_id": "1053956045624799233", "created_at": "2019-06-13T01:18:10.000Z"}, {"id": "1138966493369122816", "text": "how similar is our music taste? (Stolen from tl)\n\n10% Halsey\n10% Bea Miller\n10% Billie Eilish \n10% Lauren Jauregui \n10% Tove Lo\n10% Avril Lavigne \n10% Marina And The Diamonds \n10% Demi Lovato \n10% Julia Michaels \n10% Taylor Swift \n\nreply with your %", "edit_history_tweet_ids": ["1138966493369122816"], "author_id": "1004515862064312322", "created_at": "2019-06-13T00:29:07.000Z"}, {"id": "1138961266943377408", "text": "O quanto nosso gosto musical \u00e9 parecido?\n10% foo fighters\n10% twenty one pilots\n10% taylor swift \n10% pink floyd\n10% metallica\n10% cage the elephant\n10% marina and the diamonds\n10% the neighbourhood \n10% pearl jam\n10% lady gaga", "edit_history_tweet_ids": ["1138961266943377408"], "author_id": "52180182", "created_at": "2019-06-13T00:08:21.000Z"}, {"id": "1138904879936786432", "text": "N\u00e3o vou pgt pq ningu\u00e9m vai responder rs mas\n10% Panic at the disco\n10% Katy Perry\n10% Miley Cyrus\n10% Rihanna\n10% Lady Gaga\n10% Britney\n10% P!nk\n10% Ariana Grande\n10%  Marina (ex) the Diamonds\n10% MPB (N\u00e3o da pra botar 1 s\u00f3 rs)\n\nselena, taylor, jonas e afins vamo fazer m\u00fasica boa", "edit_history_tweet_ids": ["1138904879936786432"], "author_id": "880560376924057600", "created_at": "2019-06-12T20:24:17.000Z"}, {"id": "1138892196478951424", "text": "Gemma Taylor-Ryley\nJenny Cader\nSarah Douglas\nKrista Marina\nKevin Langley\nKim Holtham https://t.co/BW38wotxOR", "edit_history_tweet_ids": ["1138892196478951424"], "author_id": "893896778", "created_at": "2019-06-12T19:33:53.000Z"}, {"id": "1138888711951802370", "text": "O quanto nosso gosto musical \u00e9 parecido?\n\nKaty Perry 10%\nLana del Rey  10%\nAllie X 10%\nMarina Diamandis 10%\nAriana Grande 10%\nClarice Falc\u00e3o 10%\nTaylor Swift 10%\nIggy Azalea 10%\nKali Uchis 10%\nLorde 10%", "edit_history_tweet_ids": ["1138888711951802370"], "author_id": "3044756381", "created_at": "2019-06-12T19:20:03.000Z"}, {"id": "1138877311799967744", "text": "Quanto nosso gosto musical \u00e9 parecido? Comenta quantos % deu\n\n10% katy perry\n10% taylor swift \n10% lana del rey\n10% pabllo vittar\n10% marina\n10% tinashe\n10% kacey musgraves\n10% dua lipa\n10% carly rae jepsen\n10% rihanna\n\n-1000% ed sheeran", "edit_history_tweet_ids": ["1138877311799967744"], "author_id": "446754074", "created_at": "2019-06-12T18:34:45.000Z"}, {"id": "1138870300244942849", "text": "Quanto o nosso gosto musical \u00e9 parecido?\n\n10% Ariana Grande\n10% Kim Petras\n10% Blackpink\n10% BTS\n10% Taylor Swift\n10% RuPauls\n10% Ava Max\n10% Lu\u00edsa Sonza\n10% 2NE1\n10% Marina And The Diamonds\n10% Britney Spears\n10% Lady Gaga https://t.co/2qUH1MuovW", "edit_history_tweet_ids": ["1138870300244942849"], "author_id": "1114597622214471686", "created_at": "2019-06-12T18:06:53.000Z"}, {"id": "1138856343736127488", "text": "os artistas\naurora\norla gartland\ntame impala\nMISO\ntaylor swift\nariana grande\nrex orange county\ntroye sivan\ncoldplay \nvance joy\nsnow patrol\nqueen (escrevi errado o nome da musica fodase)\nmarina (and the diamonds)\ncaleon fox", "edit_history_tweet_ids": ["1138856343736127488"], "author_id": "4493210487", "created_at": "2019-06-12T17:11:25.000Z"}, {"id": "1138846048112300033", "text": "reply!!! \u2764\ufe0f\n\n10% taylor swift \n10% lana del rey\n10% the 1975 \n10% lorde\n10% marina \n10% florence and the machine \n10% ariana grande \n10% charli xcx\n5% wallows\n5% bad bunny \n5% mitski\n5% blackpink \n\nextra \n2.5% LANY\n2.5% girl in red", "edit_history_tweet_ids": ["1138846048112300033"], "author_id": "1115127799", "created_at": "2019-06-12T16:30:31.000Z"}, {"id": "1138843978848264193", "text": "Qu\u00e3o parecido \u00e9 nosso gosto musical?\n\n10% katy perry \n10% lana del rey \n10% evanescence\n10% pitty\n10% taylor swift \n10% rihanna\n10% little mix \n10% ariana grande\n10% now united \n10% marina and the diamonds \n\nse flopar nunca existiu", "edit_history_tweet_ids": ["1138843978848264193"], "author_id": "705014615047053312", "created_at": "2019-06-12T16:22:17.000Z"}, {"id": "1138835578630393860", "text": "quanto nosso gosto musical \u00e9 parecido?\n10%- marina &amp; the diamonds \n10%- twice \n10%- twenty one pilots \n10%- loona\n10%- beyonc\u00e9 \n10%- taylor swift\n10%- f(x) \n10%- red velvet\n10%- lorde\n10%- lana del rey", "edit_history_tweet_ids": ["1138835578630393860"], "author_id": "1076520585012920321", "created_at": "2019-06-12T15:48:55.000Z"}, {"id": "1138823555708280834", "text": "Quantos % meu gosto musical combina contigo\n\n10% Taylor Swift\n10% Kelly Clarkson\n10% Carly Rae Jepsen\n10% Avril Lavigne\n10% Panic! At The Disco\n10% HAIM\n10% PARAMORE\n10% Rita Ora\n10% Marina \n10% Jain", "edit_history_tweet_ids": ["1138823555708280834"], "author_id": "73651704", "created_at": "2019-06-12T15:01:08.000Z"}, {"id": "1138811483872256000", "text": "@alimkheraj Were maybe trying to say - it\u2019s not been a great year for my fave pop acts (Marina, CRJ, Taylor &amp; Swift). But they\u2019re comparing them to their imperial day success when there\u2019s other acts taking up the mantle.", "edit_history_tweet_ids": ["1138811483872256000"], "author_id": "287688643", "created_at": "2019-06-12T14:13:10.000Z"}, {"id": "1138801995173834752", "text": "Our staff have been having a great time presenting at the Learning &amp; Teaching conference. Jo Taylor and Marina Harris presented their \u201cGlobal study buddies\u201d project in collaboration with Jonkoping University in Sweden #educationalresearchprojects #dentalresearch (1)", "edit_history_tweet_ids": ["1138801995173834752"], "author_id": "2797672661", "created_at": "2019-06-12T13:35:28.000Z"}, {"id": "1138769128620269568", "text": "\u0438 \u044f \u0442\u0443\u0434\u0430 \u0436\u0435 : \u043d\u0430 \u0441\u043a\u043e\u043b\u044c\u043a\u043e % \u0441\u043e\u0432\u043f\u0430\u0434\u0430\u044e\u0442 \u043d\u0430\u0448\u0438 \u043c\u0443\u0437\u044b\u043a\u0430\u043b\u044c\u043d\u044b\u0435 \u0432\u043a\u0443\u0441\u044b? \n10% lana del rey \n10% taylor swift \n10% marina &amp; the diamonds  \n10% ariana grande \n10% ed sheeran \n10% dua lipa \n10% iggy azalea \n10% harry styles \n10% the weeknd \n10% adele", "edit_history_tweet_ids": ["1138769128620269568"], "author_id": "367454815", "created_at": "2019-06-12T11:24:52.000Z"}, {"id": "1138740235838398466", "text": "Quanto nosso gosto musical \u00e9 parecido?\n\n10% Lorde\n10% Troye Sivan\n10% Tove Lo\n10% Years &amp; Years\n10% Marina\n10% Avril Lavigne\n10% Taylor Swift\n10% Lady Gaga\n10% Poppy\n10% Lana Del Rey", "edit_history_tweet_ids": ["1138740235838398466"], "author_id": "523585098", "created_at": "2019-06-12T09:30:03.000Z"}, {"id": "1138691048744599552", "text": "Camila, Taylor, Tove, Zara, Marina, Shawn, Meghan, https://t.co/oOK71BbW7q", "edit_history_tweet_ids": ["1138691048744599552"], "author_id": "1628530646", "created_at": "2019-06-12T06:14:36.000Z"}, {"id": "1138653211672403973", "text": "O qto nosso gosto musical \u00e9 parecido?\n\n5%- Ariana\n5%- Ava Max\n5%- Bastille\n5%- Bebe Rexha\n5%- Beyonce\n5%- Dua\n5%- Ellie Goulding\n5%- Foster The People\n5%- Katy\n5%- Gaga\n5%- Little Mix\n5%- Madonna\n5%- Marina\n5%- Pabllo\n5%- Rihanna\n5%- RuPaul\n5%- Selena \n5%- Sia\n5%- Taylor\n5%- Tove", "edit_history_tweet_ids": ["1138653211672403973"], "author_id": "350383862", "created_at": "2019-06-12T03:44:15.000Z"}, {"id": "1138635149321625600", "text": "RT @ddlwiitness: quanto o nosso gosto musical \u00e9 parecido ?\n\n10% - Katy Perry\n10% - Miley Cyrus\n10% - Demi Lovato\n10% - Ariana Grande\n10% -\u2026", "edit_history_tweet_ids": ["1138635149321625600"], "author_id": "1036652627491278849", "created_at": "2019-06-12T02:32:29.000Z"}, {"id": "1138629681161363457", "text": "Quantos % n\u00f3s temos em comum?\n\n10% Lady Gaga\n10% Lorde\n10% Sia\n10% Allie X\n10% Marina \n10% Katy Perry \n10% Carly Rae Jepsen\n10% Taylor Swift \n10% Melanie Martinez \n10% Aurora", "edit_history_tweet_ids": ["1138629681161363457"], "author_id": "983891795166859264", "created_at": "2019-06-12T02:10:45.000Z"}, {"id": "1138629562018009088", "text": "#ListingOfTheDay- 2017 built, 3 bed/3.5 bath home by Taylor Morrison Homes in The Colony. Lakeside infinity pool! Two Golf courses. Future community planned beach with marina https://t.co/ZWpvCjiX82\n\nAre you thinking about selling your house?---&gt;https://t.co/a6rBzf5ARd https://t.co/zWGH3HEH6r", "edit_history_tweet_ids": ["1138629562018009088"], "author_id": "3295821727", "created_at": "2019-06-12T02:10:16.000Z"}, {"id": "1138622733821128704", "text": "O quanto nosso gosto musical \u00e9  parecido?\n\n10% - demi\n10% - rbd\n10% - the neighborhood \n10% - Ariana Grande\n10% - 1d\n10% - halsey\n10% - taylor\n10% - FUNK EM GERAL PUTARIA MANDELA\n10% - marina\n10% - rihanna \n\n100% ok vamos andar juntas no recreio \n50% p baixo vai se catar chata", "edit_history_tweet_ids": ["1138622733821128704"], "author_id": "67071387", "created_at": "2019-06-12T01:43:08.000Z"}, {"id": "1138607055168839680", "text": "Quanto nosso gosto musical \u00e9 parecido?\n\n20% - Lorde\n10% - Katy Perry\n10% - Marina and the diamonds\n10% - Twenty One Pilots\n10% - Post Malone\n10% - Iggy Azalea\n10% - Miley Cyrus\n10% - Radiohead\n8% - Taylor Swift\n2% - Blackpink\n-50% - Beyonc\u00e9", "edit_history_tweet_ids": ["1138607055168839680"], "author_id": "3443326761", "created_at": "2019-06-12T00:40:50.000Z"}, {"id": "1138603699134259203", "text": "quantos % temos em comum em gostos musicais?\n10% Lady Gaga \n10% Rihanna\n10% Paramore\n10% Imagine Dragons\n10% Michael Jackson\n10% Britney Spears\n10% Taylor Swift\n10% Echosmith\n10% Marina\n10% Marcelo Jeneci\n10% Dua Lipa \n10% Tove Lo\n10% Lorde", "edit_history_tweet_ids": ["1138603699134259203"], "author_id": "69685157", "created_at": "2019-06-12T00:27:30.000Z"}, {"id": "1138603152968749057", "text": "RT @micaelguerriero: How similar is our music taste?\n\n10% - Katy Perry\n10% - Aurora\n10% - Melanie Martinez\n10% - Marina\n10% - Lana Del Rey\u2026", "edit_history_tweet_ids": ["1138603152968749057"], "author_id": "944336099601772544", "created_at": "2019-06-12T00:25:20.000Z"}, {"id": "1138601772531032070", "text": "stole this from a bunch of ppl but how similar are our music tastes?\ud83e\udd2a\n10% lady gaga\n10% lana del rey\n10% marina and the diamonds\n10% queen\n10% adam lambert\n10% ariana grande\n10% harry styles\n10% blackpink\n10% taylor swift\n10% panic! at the disco", "edit_history_tweet_ids": ["1138601772531032070"], "author_id": "4275807329", "created_at": "2019-06-12T00:19:51.000Z"}, {"id": "1138595804657201155", "text": "quanto o seu gosto musical parece com o meu?\n\n10% - lana del rey\n10% - marina\n10% - the 1975\n10% - taylor swift\n10% - nina nesbitt\n10% - alessia cara\n10% - ariana grande\n10% - troye sivan\n10% - lorde\n10% - hayley kiyoko", "edit_history_tweet_ids": ["1138595804657201155"], "author_id": "939955825950515201", "created_at": "2019-06-11T23:56:08.000Z"}, {"id": "1138594791732776960", "text": "how similar is our music taste?\n\n10% avril lavigne \n10% taylor swift\n10% lana del rey \n10% marina \n10% britney spears \n10% kylie minogue\n10% alanis morissette \n10% charli xcx\n10% bridgit mendler\n10% christina perri", "edit_history_tweet_ids": ["1138594791732776960"], "author_id": "749015182001700872", "created_at": "2019-06-11T23:52:07.000Z"}, {"id": "1138588453069656064", "text": "Que tan parecido es nuestro gusto musical?\n\n15% Rosal\u00eda\n15% Selena Gomez\n15% Billie Eilish\n5% Demi Lovato\n5% Gabbie Hanna\n10% Mon Laferte\n10% Taylor Swift\n2% Halsey\n1% Melanie Martinez\n1% Marina and the Diamonds\n1% AVICII", "edit_history_tweet_ids": ["1138588453069656064"], "author_id": "854455328573968385", "created_at": "2019-06-11T23:26:55.000Z"}, {"id": "1138575845268832256", "text": "\ud83c\udf3a aderindo a brincadeira \ud83c\udf3a\n\nQuanto % nosso gosto musical \u00e9 parecido?\n10% Britney Spears\n10% Taylor Swift\n10% Iggy Azalea\n10% Mariah Carey\n10% Hilary Duff\n10% Avril Lavigne\n10% Janet Jackson\n10% Marina\n10% Lana del Rey\n10% Madonna", "edit_history_tweet_ids": ["1138575845268832256"], "author_id": "211829323", "created_at": "2019-06-11T22:36:49.000Z"}, {"id": "1138564525442174981", "text": "Quanto nosso gosto musical \u00e9 parecido?\n\n100% Taylor Swift\n10% Marina\n100000000% Lorde\n20% Ariana Grande\n30% Katy Perry\n10% Imagine Dragons\n10% Charli XCX https://t.co/qndyO0stEc", "edit_history_tweet_ids": ["1138564525442174981"], "author_id": "2398590169", "created_at": "2019-06-11T21:51:51.000Z"}, {"id": "1138563612019253251", "text": "Quanto nosso gosto musical \u00e9 parecido?\n\n10% Taylor Swift\n10% Joelma\n10% Iza\n10% Lady Gaga\n10% Pablo Vita\n10% Mateus Carrilho\n10% Lia Clark\n10% Gloria Groove\n10% Mar\u00edlia Mendon\u00e7a\n10% Marina", "edit_history_tweet_ids": ["1138563612019253251"], "author_id": "824381487252389895", "created_at": "2019-06-11T21:48:13.000Z"}, {"id": "1138561473482035200", "text": "Quanto nosso gosto musical \u00e9 parecido?\n\n10% Taylor Swift\n10% Marina\n10% Lorde\n10% Ariana Grande\n10% Twenty \u00d8ne Pilots\n10% Katy Perry\n10% Imagine Dragons\n10% Panic! At The Disco\n10% Kim Petras\n10% Charli XCX", "edit_history_tweet_ids": ["1138561473482035200"], "author_id": "740377383396642817", "created_at": "2019-06-11T21:39:43.000Z"}, {"id": "1138557371423305728", "text": "quanto nosso gosto musical \u00e9 parecido?\n\n10% lady gaga\n10% katy perry\n10% little mix\n10% taylor swift\n10% charlie puth\n10% ex acts da disney (miley, demi, selena, zendaya etc.)\n10% cardi b\n10% carly rae jepsen\n10% marina (com os diamantes)\n10% panic at the disco", "edit_history_tweet_ids": ["1138557371423305728"], "author_id": "950087505805791232", "created_at": "2019-06-11T21:23:25.000Z"}, {"id": "1138551257243799553", "text": "how similar is our music taste?\n\n10% - Katy Perry\n10% - Taylor Swift\n10% - Adele\n10% - Dua Lipa \n10% - Troye Sivan\n10% - Lana Del Rey\n10% - Lorde\n10% - Selena G\u00f3mez\n05% - Britney Spears\n05%- Ariana Grande\n05% - Marina &amp; the Diamonds\n2.5%- Billie Eilish \n2.5% - Avril Lavigne", "edit_history_tweet_ids": ["1138551257243799553"], "author_id": "331099970", "created_at": "2019-06-11T20:59:07.000Z"}, {"id": "1138530642520616967", "text": "Quanto o nosso gosto musical \u00e9 parecido?\n\n10% Lady Gaga\n10% MARINA (ex the diamonds)\n10% Lana Del Rey\n10% Ariana Grande\n10% Taylor Swift\n10% Jaloo\n10% Clarice Falc\u00e3o\n10% Lorde\n10% Katy Perry\n10% Banda U\u00f3", "edit_history_tweet_ids": ["1138530642520616967"], "author_id": "154261386", "created_at": "2019-06-11T19:37:12.000Z"}, {"id": "1138528138860945408", "text": "Hadi ben de \u015fu m\u00fczik \u015feyini yapay\u0131m kimse takmayacak ama idc:\n10 Taylor\n10 Kpop\n10 The Neighbourhood\n10 P!ATD\n10 Billie Eilish\n10 Marina And The Diamonds (art\u0131k sadece Marina :\")\n10 Melanie Martinez\n10 Grandson\n10 Vocaloid\n10 Halsey\n\n100 yapanlar hemen \u00f6zele auipjwkgwxkpwhlcwwk\u011f", "edit_history_tweet_ids": ["1138528138860945408"], "author_id": "1088809453355499520", "created_at": "2019-06-11T19:27:15.000Z"}, {"id": "1138517774962028544", "text": "how similar are our music taste?\n\n10% lana del rey\n10% the neighbourhood\n10% panic! at the disco\n10% he is we\n10% lorde\n10% lany\n10% marina and the diamonds\n10% hozier\n10% daughter\n10% taylor swift", "edit_history_tweet_ids": ["1138517774962028544"], "author_id": "146679128", "created_at": "2019-06-11T18:46:04.000Z"}, {"id": "1138514749594001411", "text": "gays be like how similar is our music taste?\n\n10 pts Lady Gaga\n10 pts Lana del Rey\n10 pts Carly Rae jepsen\n10 pts Taylor Swift\n10 pts Beyonc\u00e9\n10 pts Ariana grande\n10 pts Marina \n10 pts Britney spears\n10 pts Rihanna\n10 pts Rosalia", "edit_history_tweet_ids": ["1138514749594001411"], "author_id": "4028595395", "created_at": "2019-06-11T18:34:03.000Z"}, {"id": "1138503593995198465", "text": "Quanto nosso gosto musical \u00e9 parecido? \n\n10% Lady Gaga\n10% MARINA (and the Diamonds) \n10% One Direction\n10% Nicki Minaj\n10% Ariana Grande\n10% Qualquer GG (Girl Group) de kpop\n10% Duda Beat\n10% Miley Cyrus\n10% Azealia Banks\n10% Taylor Swift\n10% Rihanna", "edit_history_tweet_ids": ["1138503593995198465"], "author_id": "2922258905", "created_at": "2019-06-11T17:49:43.000Z"}, {"id": "1138500119475736576", "text": "Quantos % meu gosto musical combina contigo\n\n10% Charli XCX\n10% Paramore\n10% Tove Lo\n10% Banks\n10% Ariana Grande\n10% Taylor Swift\n10% Foxes\n10% Lady Gaga\n10% Marina\n10% Beyonc\u00e9", "edit_history_tweet_ids": ["1138500119475736576"], "author_id": "42053682", "created_at": "2019-06-11T17:35:55.000Z"}, {"id": "1138498813394657280", "text": "Quiero hacerlo aunque nadie me de pelota...\n\n10% BTS\n10% Taylor Swift\n10% Paramore\n10% Twenty one pilots\n10% Marina Diamandis\n10% Lorde\n10% Lana del rey \n10% Halsey\n10% Charli XCX\n10% Tove Lo", "edit_history_tweet_ids": ["1138498813394657280"], "author_id": "194671674", "created_at": "2019-06-11T17:30:44.000Z"}, {"id": "1138495191596392449", "text": "quanto o nosso gosto musical \u00e9 parecido?\n\n10% - Doja Cat\n10% - Mar\u00edlia Mendon\u00e7a \n10% - taylor swift\n10% - Duda Beat\n10% - Lana del rey\n10% - Ariana grande \n10% - Marina \n10% - miley cyrus\n10% - Ros\u00e1lia \n10% - Cardi B", "edit_history_tweet_ids": ["1138495191596392449"], "author_id": "951708325296656384", "created_at": "2019-06-11T17:16:20.000Z"}, {"id": "1138474956638031872", "text": "quantos % temos em comum sobre gostos musicais\n\n10% - Lana Del Rey\n10% - Kali Uchis\n10% - Marina\n10% - Jorja Smith\n10% - Iggy Azalea\n10% - Tyler The Creator\n10% - Rihanna\n10% - Florence the machine\n10% - Taylor Swift\n10% - Arctic monkeys https://t.co/Tj1yhA3ytx", "edit_history_tweet_ids": ["1138474956638031872"], "author_id": "708087360832086016", "created_at": "2019-06-11T15:55:56.000Z"}, {"id": "1138472989270454272", "text": "quantos % temos em comum sobre gostos musicais?\n\n10% - Alessia Cara \n10% - Ariana Grande \n10% - Beyonc\u00e9 \n10% - Marina\n10% - Aurora\n10% - Lady Gaga\n10% - Billie Eilish\n10% - Sia\n10% - Katy Perry \n10% - Taylor Swift\n\nse flopar, foi culpa da billie eilish", "edit_history_tweet_ids": ["1138472989270454272"], "author_id": "2304126970", "created_at": "2019-06-11T15:48:07.000Z"}, {"id": "1138465781757489152", "text": "10% Taylor Swift \n10% Lorde\n10% AURORA\n10% Marina\n10% Lana Del Rey\n10% Bishop Briggs\n10% Halsey\n10% Kacey Musgraves\n10% Oh Wonder\n10% Kesha", "edit_history_tweet_ids": ["1138465781757489152"], "author_id": "1004132292107952129", "created_at": "2019-06-11T15:19:28.000Z"}, {"id": "1138463100414365697", "text": "vou roubar tbm rss amo\n\nhow similar our taste in music is?\n\n10% - Avril Lavigne\n10% - Marina\n10% - Carly Rae Jepsen\n10% - Taylor Swift\n10% - Billie Eilish\n10% - Ariana Grande\n10% - Jonas Brothers\n10% - JoJo\n10% - Hey Violet\n10% - Logan Henderson https://t.co/hx0nS09Wom", "edit_history_tweet_ids": ["1138463100414365697"], "author_id": "2757243593", "created_at": "2019-06-11T15:08:49.000Z"}, {"id": "1138457028060504064", "text": "dayanamad\u0131m...\nm\u00fczik zevkimiz ne kadar benziyor? \n\n%10 nothing,nowhere.\n%10 NF\n%10 SYML\n%10 Sullii\n%10 twenty one pilots \n%10 xxxtentacion\n%10 Marina and the diamonds\n%10 Daughter\n%10 Blackpink\n%10 Taylor Swift", "edit_history_tweet_ids": ["1138457028060504064"], "author_id": "954000929220648960", "created_at": "2019-06-11T14:44:41.000Z"}, {"id": "1138442164176736257", "text": "O quanto nosso gosto musical \u00e9 parecido?\n\nJ\u00e3o 10%\nSelena Gomez 10%\nBlackpink 10%\nRihanna 10%\nMiley Cyrus 10 %\nEXO 10%\nAriana Grande 10% \nTaylor Swift 10% \nLittle Mix 10% \nMARINA 10%", "edit_history_tweet_ids": ["1138442164176736257"], "author_id": "747912187482677249", "created_at": "2019-06-11T13:45:37.000Z"}, {"id": "1138434896832139264", "text": "how similar is our taste in music? \n\n15% Katy Perry\n15% La Casa Azul\n10% Natalia Kills\n10% Fangoria\n10% Lady Gaga\n10% Michael Jackson\n5% Aqua\n5% Marina \n5% Nicki Minaj\n5% Green Day\n5% Poppy\n1% Papa Topo\n1% Gorillaz\n1% Rihanna\n1% Britney Spears\n1% Lana del Rey\n0% Taylor Swift", "edit_history_tweet_ids": ["1138434896832139264"], "author_id": "993753954042437632", "created_at": "2019-06-11T13:16:45.000Z"}, {"id": "1138432232941662209", "text": "how similar is our taste in music? \n20% - Taylor Swift\n15% - Abba\n10% - Rozalen\n10% - Katy Perry\n10% - AURORA \n10% - Seafret \n5% - Avril Lavigne \n5% - Marina \n5% - Fleetwood Mac\n5% - Maldita Nerea\n5% - La oreja de Van gogh", "edit_history_tweet_ids": ["1138432232941662209"], "author_id": "365421109", "created_at": "2019-06-11T13:06:10.000Z"}, {"id": "1138412752790274048", "text": "How similar is our music taste?\n\n10% Marina\n10% Melanie Martinez\n10% Tove Lo\n10% Melanie Martinez\n10% Lorde\n10% Taylor Swift\n10% Kim Petras\n10% Hayley Kiyoko\n10% Kesha\n10% Zara Larsson", "edit_history_tweet_ids": ["1138412752790274048"], "author_id": "3002251911", "created_at": "2019-06-11T11:48:45.000Z"}, {"id": "1138397050272227329", "text": "@tyhrblue Greatest moments in WT history \n1. '05 grand final\n2. Farah return\n3. Jason Taylor axing \n4. Marina Go ing", "edit_history_tweet_ids": ["1138397050272227329"], "author_id": "166968664", "created_at": "2019-06-11T10:46:21.000Z"}, {"id": "1138392701118963712", "text": "RT @Ebzo: Gonna do this cause woo music. How similar is our music taste? \n\n10% Depeche Mode \n10% Keane \n10% Marina \n10% Laura Marling \n10%\u2026", "edit_history_tweet_ids": ["1138392701118963712"], "author_id": "896439080246026241", "created_at": "2019-06-11T10:29:04.000Z"}, {"id": "1138392213891756033", "text": "How similar is our music taste?\n\n10% - Katy Perry\n10% - Aurora\n10% - Melanie Martinez\n10% - Marina\n10% - Lana Del Rey\n10% - Taylor Swift\n10% - Kacey Musgraves\n10% - Bebe Rexha\n10% - Kesha\n10% - Lady Gaga", "edit_history_tweet_ids": ["1138392213891756033"], "author_id": "2591580277", "created_at": "2019-06-11T10:27:08.000Z"}, {"id": "1138344054024892416", "text": "-namjoon\nbe alright(ariana grande) /  come see about me (nicki minaj) \n\n-j-hope \nsugar (lila yin)/  home alone (beabadobee)\n\n-yoongi \ninside out/ in the dark \n(camila cabello)\n\n-jin \ngorgeous (taylor swift)/  primadonna (marina and the diamonds)", "edit_history_tweet_ids": ["1138344054024892416"], "author_id": "1130121545316261889", "created_at": "2019-06-11T07:15:46.000Z"}, {"id": "1138336525417140224", "text": "RT @signingbandito: how similar is our music taste?\n\n10% halsey\n10% panic! at the disco\n10% twenty one pilots\n10% Hollywood Undead\n10% Yung\u2026", "edit_history_tweet_ids": ["1138336525417140224"], "author_id": "967478953077243907", "created_at": "2019-06-11T06:45:51.000Z"}, {"id": "1138309713530146816", "text": "RT @RepDeluxxxe: How similar is our music taste:\n\n10% Taylor Swift\n10% Ariana Grande \n10% Lady Gaga\n10% Lorde\n10% MARINA\n10% Shawn Mendes\n1\u2026", "edit_history_tweet_ids": ["1138309713530146816"], "author_id": "730489645893488640", "created_at": "2019-06-11T04:59:19.000Z"}, {"id": "1138300468667584512", "text": "quanto nosso gosto musical \u00e9 parecido?\n\n10% one &amp; only loona\n10% ice cream cake red velvet\n10% promiscuous nelly\n10% mtmotn carly\n10% n\u00e3o vou deitar pabllo\n10% los ageless st vincent \n10% ayhtdws taylor\n10% piece of me britney\n10% power &amp; control marina\n10% in my head ariana https://t.co/1aGKvUTG9Y", "edit_history_tweet_ids": ["1138300468667584512"], "author_id": "914568156756226049", "created_at": "2019-06-11T04:22:34.000Z"}, {"id": "1138289696046571520", "text": "quanto o nosso gosto musical \u00e9 parecido ?\n\n10% - Katy Perry\n10% - Miley Cyrus\n10% - Demi Lovato\n10% - Ariana Grande\n10% - Britney Spears\n10% - MARINA\n10% - Lady Gaga\n10% - Taylor Swift\n10% - Adele\n10% - P!ATD https://t.co/uVsNoeDVbR", "edit_history_tweet_ids": ["1138289696046571520"], "author_id": "950901905861079045", "created_at": "2019-06-11T03:39:46.000Z"}, {"id": "1138274236043341825", "text": "doing this bc everyone else is but:\nhow similar is our music taste?\u2728\n10% nicki minaj\n10% ariana grande \n10% taylor swift\n10% katy perry \n10% iggy azalea\n10% lady gaga\n10% lana del rey\n10% kesha\n10% charli xcx\n10% marina", "edit_history_tweet_ids": ["1138274236043341825"], "author_id": "927312572675698688", "created_at": "2019-06-11T02:38:20.000Z"}, {"id": "1138262854648369153", "text": "How similar are our music tastes?\n10% Taylor Swift\n10% Kacey Musgraves \n10% Charli XCX \n10% Sia\n10% Lana del Rey\n10% Marina\n10% Carly Rae Jepsen\n10% Lorde\n10% Sara Bareilles\n10% Carrie Underwood", "edit_history_tweet_ids": ["1138262854648369153"], "author_id": "948633420938137600", "created_at": "2019-06-11T01:53:07.000Z"}, {"id": "1138262046515052544", "text": "How similar is our music taste? \u2728\n\n20% Lady Gaga\n15% Marina\n15% Lana del Rey\n10% Madonna\n5% Britney\n5% Nicki Minaj\n5% Katy Perry\n5% Rihanna\n5% Charli XCX\n5% Ariana Grande\n5% Taylor Swift\n5% Kim Petras", "edit_history_tweet_ids": ["1138262046515052544"], "author_id": "984164249772740608", "created_at": "2019-06-11T01:49:54.000Z"}, {"id": "1138257369685585920", "text": "(stolen from tl)\nwhat percent similar are we:\npoppy 10%\npanic! 10%\nmarina diamandis 10%\ntaylor swift 10%\ntessa violet 10%\nmelanie martinez 10%\ntwice 10%\nariana grande 10%\nconan gray 10%\nlana del rey 10%", "edit_history_tweet_ids": ["1138257369685585920"], "author_id": "950030235763802112", "created_at": "2019-06-11T01:31:19.000Z"}, {"id": "1138255292896964608", "text": "guess what i\u2019m basic\n\nhow similar is our music taste?\n10- why don\u2019t we\n10- ariana grande\n10- melanie martinez\n10- troye sivan\n10- kim petras\n10- taylor swift\n10- poppy\n10- marina\n10- carlie hanson\n10- katy perry", "edit_history_tweet_ids": ["1138255292896964608"], "author_id": "992580139547484160", "created_at": "2019-06-11T01:23:04.000Z"}, {"id": "1138255117625581569", "text": "quanto nosso gosto musical \u00e9 parecido? \n\n10%- teatro musical\n10%- demi lovato\n10%- jonas brothers\n10%-taylor swift\n10%-marina\n10%-camila cabello\n10%-letrux\n10%- duda beat\n10%- anavitoria\n10%-bleachers", "edit_history_tweet_ids": ["1138255117625581569"], "author_id": "439207230", "created_at": "2019-06-11T01:22:22.000Z"}, {"id": "1138239053957128196", "text": "quanto nosso gosto musical se parece?\n\n10% - taylor s.\n10% - katy p.\n10% - nicki minaj\n10% - Rihanna \n10% - green day\n10% - red hot chilli peppers\n10% - pitty\n10% - marina and the diamonds\n10% - ariana grande\n10% - lady gaga\n\nResponde na humildade kkkkk", "edit_history_tweet_ids": ["1138239053957128196"], "author_id": "1074363726449524736", "created_at": "2019-06-11T00:18:32.000Z"}, {"id": "1138238231105982464", "text": "TMBMD - the 1975\nUnbreakable smile - tori kelly\nRed - taylor swift \nNeedy - ariana grande\nTrue disaster - tove lo\nOceans - seafret\nHome - gabrielle aplin\nElastic heart - sia\nAlive - gabrielle aplin\nValley of the dolls - marina\nEastside - benny, halsey, khalid\nNightcall - kavinsky https://t.co/1sOzbugp14", "edit_history_tweet_ids": ["1138238231105982464"], "author_id": "1107031747169005569", "created_at": "2019-06-11T00:15:16.000Z"}, {"id": "1138231424505372672", "text": "g - ghosts - laura marling\no - oh it is love - hellogoodbye\nd - dark paradise - lana del rey\nd - drive - oh wonder \ne - everybody wants to rule the world - tears for fears\ns - starring role - marina and the diamonds\ns - speak now - taylor swift", "edit_history_tweet_ids": ["1138231424505372672"], "author_id": "832570104592281600", "created_at": "2019-06-10T23:48:13.000Z"}, {"id": "1138230731107393536", "text": "@fffffranco S:uperstar- MARINA\nA:te You Satisfied?- MARINA\nT:he Fame- Lady Gaga\nA:ngel Down- Lady Gaga\nO:range Trees- MARINA\nN:ever Realy Over- Katy Perry\nL:ove- Lana Del Rey\nI:mmortal- MARINA\nN:ico And The... T\u00d8P\nE:ndgame- Taylor Swift", "edit_history_tweet_ids": ["1138230731107393536"], "author_id": "863585260520472576", "created_at": "2019-06-10T23:45:28.000Z"}, {"id": "1138216398885277696", "text": "how similar is our music taste? \n\n10% \u2022  bts\n10% \u2022  twenty one pilots\n10% \u2022  marina \n10% \u2022  broods\n10% \u2022  billie eilish\n10% \u2022  ariana grande\n10% \u2022  taylor swift\n10% \u2022  tove styrke\n10% \u2022  k.flay\n10% \u2022  lana del rey", "edit_history_tweet_ids": ["1138216398885277696"], "author_id": "871027269417844736", "created_at": "2019-06-10T22:48:31.000Z"}, {"id": "1138209830408196096", "text": "RT @signingbandito: how similar is our music taste?\n\n10% halsey\n10% panic! at the disco\n10% twenty one pilots\n10% Hollywood Undead\n10% Yung\u2026", "edit_history_tweet_ids": ["1138209830408196096"], "author_id": "1081317505228926976", "created_at": "2019-06-10T22:22:25.000Z"}, {"id": "1138209307139366912", "text": "how similar is our music taste?\n\n10% halsey\n10% panic! at the disco\n10% twenty one pilots\n10% Hollywood Undead\n10% Yungblud\n10% Lindsey Stirling\n10% Marina\n10% Taylor Swift\n10% Alison Wonderland\n10% the Veronicas", "edit_history_tweet_ids": ["1138209307139366912"], "author_id": "3184605126", "created_at": "2019-06-10T22:20:20.000Z"}, {"id": "1138195973795176459", "text": "how similar is our music taste? \ud83e\udd2a\n\ntaylor swift 10%\njonas brothers 10%\nfall out boy 10%\nwalk the moon 10%\nvampire weekend 10%\nmarina 10%\nhannah montana 10%\nselena gomez 10%\nthe aces 10%\nthe lonely island 10%", "edit_history_tweet_ids": ["1138195973795176459"], "author_id": "1099475234", "created_at": "2019-06-10T21:27:21.000Z"}, {"id": "1138180048127705088", "text": "a a year without rain - sg\nn no idea - big time rush\nx xoxoxo - black eyed peas\nb blue - marina\ne enchanted - taylor swift\nd dance again - jlo\na army - ellie goulding https://t.co/TNGHwxo2z0", "edit_history_tweet_ids": ["1138180048127705088"], "author_id": "597027750", "created_at": "2019-06-10T20:24:04.000Z"}, {"id": "1138172524565532672", "text": "@Ebzo DM, BBC, Marina, Laura Marling, Keane... although I have George and Taylor on playlists too....", "edit_history_tweet_ids": ["1138172524565532672"], "author_id": "21593201", "created_at": "2019-06-10T19:54:10.000Z"}, {"id": "1138168373643288577", "text": "Gonna do this cause woo music. How similar is our music taste? \n\n10% Depeche Mode \n10% Keane \n10% Marina \n10% Laura Marling \n10% Taylor Swift \n10% Daughter \n10% Bombay Bicycle Club\n10% Grandaddy \n10% Billie Eilish \n10% George Michael\nBonus 10% Kate Bush \ud83e\udd19\ud83c\udffb", "edit_history_tweet_ids": ["1138168373643288577"], "author_id": "46898189", "created_at": "2019-06-10T19:37:41.000Z"}, {"id": "1138166564014960642", "text": "how similar is our taste in music ?\n\n10% taylor swift\n10% shawn mendes \n10% selena gomez\n10% little mix\n10% rihanna\n10% ariana grande\n10% blackpink\n10% marina\n10% katy perry\n10% iggy azalea\n10% nicki minaj\n\n(plz don\u2019t let me flop &amp; stream me!)", "edit_history_tweet_ids": ["1138166564014960642"], "author_id": "1136314587475849220", "created_at": "2019-06-10T19:30:29.000Z"}, {"id": "1138165309838438401", "text": "@fffffranco M ine - Taylor S\nA ll too well - Taylor S\nR u mine - artic monkeys \nI ris - sleeping with sirens(cover)\nA chage of heart - 1975\nL ies - Marina and the diamonds\nO nce upon a dream - Disney\nN ine in the afternoon - panic at the disco\nD oll house - Melanie Martinez\nO ceans - seafret", "edit_history_tweet_ids": ["1138165309838438401"], "author_id": "1034832200208932865", "created_at": "2019-06-10T19:25:30.000Z"}, {"id": "1138161173138984961", "text": "how similar is our music taste ?\n\n10% panic! at the disco\n10% twenty one pilots \n10% nekfeu\n10% ariana grande \n10% taylor swift \n10% billie eilish\n10% m\u00e5ns zelmerl\u00f6w \n10% ang\u00e8le\n10% marina and the diamonds \n10% hayley kiyoko", "edit_history_tweet_ids": ["1138161173138984961"], "author_id": "2951053943", "created_at": "2019-06-10T19:09:04.000Z"}, {"id": "1138155139167064064", "text": "how similar is our music taste? \n(total 140)\n\n10% 5SOS\n10% Kacey Musgraves\n10% Harry Styles\n10% MARINA\n10% Lana Del Rey\n10% Lorde\n10% One Direction\n10% P!ATD\n10% Taylor Swift\n10% Charli XCX\n10% LANY\n10% the 1975\n10% Trixie Mattel\n10% Queen\n\nstolen from my tl", "edit_history_tweet_ids": ["1138155139167064064"], "author_id": "2994355642", "created_at": "2019-06-10T18:45:05.000Z"}, {"id": "1138137066712289285", "text": "stole from the tl\nhow similar are our music tastes?\n  \n10 pts - bts\n10 pts - taylor swift\n10 pts - marina\n10 pts - iz*one\n10 pts - blackpink\n10 pts - ariana grande\n10 pts - twice \n10 pts - lana del rey\n10 pts - ateez\n10 pts - demi lovato\n10 pts - chungha", "edit_history_tweet_ids": ["1138137066712289285"], "author_id": "2278802830", "created_at": "2019-06-10T17:33:16.000Z"}, {"id": "1138126283458564104", "text": "let me know - lany\nyou belong with me - taylor swift\nvapor - 5sos\neastside - khalid ft halsey\nmundo - iv of spades\namnesia - 5sos\nnicotine - p!atd\nunconditionally - katy perry \nELEMENT. - kendrick lamar\nlies - marina \nla la - the cab\nenemies - lauv\nXXX. -  kendrick lamar https://t.co/9kK0HhOoNU", "edit_history_tweet_ids": ["1138126283458564104"], "author_id": "4212489739", "created_at": "2019-06-10T16:50:25.000Z"}, {"id": "1138103358479142916", "text": "How similar is our music taste:\n\n10% Taylor Swift\n10% Ariana Grande \n10% Lady Gaga\n10% Britney Spears\n10% MARINA\n10% Madonna\n10% Katy Perry\n10% Janelle Mon\u00e1e\n10% Melanie Martinez\n10% Nicki Minaj", "edit_history_tweet_ids": ["1138103358479142916"], "author_id": "2456444976", "created_at": "2019-06-10T15:19:20.000Z"}, {"id": "1138098965252136963", "text": "Quanto nosso gosto musical de parece? \n\n10% - MARINA \n10% - Lana Del Rey\n10% - Taylor Swift \n10% - Selena Gomez \n10% - Panic! At The Disco\n10% - Arctic Monkeys\n10% - Tame Impala\n10% - The Neighbourhood \n10% - Kesha\n10% - BLACKPINK https://t.co/yrzUTveD0W", "edit_history_tweet_ids": ["1138098965252136963"], "author_id": "3371455607", "created_at": "2019-06-10T15:01:52.000Z"}], "meta": {"newest_id": "1139069925434253312", "oldest_id": "1138098965252136963", "result_count": 90, "next_token": "b26v89c19zqg8o3fnlu2md9jz76ezlazsw4dy31lemnp9"}}