{"data": [{"created_at": "2015-12-13T21:38:25.000Z", "id": "676154229791166464", "text": "RT @vicenews: LA sheriff's office responds to video of deputies shooting man as he tries to crawl away: https://t.co/oOIu1YqW2Q https://t.c\u2026", "author_id": "487763670", "edit_history_tweet_ids": ["676154229791166464"]}, {"created_at": "2015-12-13T21:37:40.000Z", "id": "676154040565149696", "text": "Witness captures fatal shooting of 28-year-old Nicholas Robertson by Los Angeles police https://t.co/uIfIF7hNYb", "author_id": "395641419", "edit_history_tweet_ids": ["676154040565149696"]}, {"created_at": "2015-12-13T21:36:58.000Z", "id": "676153866187051011", "text": "RT @theinquisitr: Nicholas Robertson Video: L.A. Cops Shoot 28-Year-Old Man As He Crawls Away [Graphic Video] https://t.co/ZZ9mqBVV9A https\u2026", "author_id": "188457007", "edit_history_tweet_ids": ["676153866187051011"]}, {"created_at": "2015-12-13T21:36:05.000Z", "id": "676153644652171264", "text": "Shooting of 28-year-old Nicholas Robertson by L.A. police captured on video https://t.co/0TG9UMJiuY https://t.co/35mNN7dMlf", "author_id": "3123322811", "edit_history_tweet_ids": ["676153644652171264"]}, {"created_at": "2015-12-13T21:35:43.000Z", "id": "676153550351781888", "text": "RT @vicenews: LA sheriff's office responds to video of deputies shooting man as he tries to crawl away: https://t.co/oOIu1YqW2Q https://t.c\u2026", "author_id": "217392151", "edit_history_tweet_ids": ["676153550351781888"]}, {"created_at": "2015-12-13T21:35:13.000Z", "id": "676153426510671872", "text": "RT @ABC7: FULL STORY: Deputies fired as many as 17 rounds at Lynwood suspect Nicholas Robertson, 28 https://t.co/8UvisHVTYJ https://t.co/ds\u2026", "author_id": "1116033000", "edit_history_tweet_ids": ["676153426510671872"]}, {"created_at": "2015-12-13T21:34:34.000Z", "id": "676153260982472705", "text": "#ViceNews LA Sheriff's Office Responds To Video Of Deputies Shooting Man As He Crawls Away https://t.co/Bsssk8cwRj #BreakingNews", "author_id": "310347243", "edit_history_tweet_ids": ["676153260982472705"]}, {"created_at": "2015-12-13T21:34:05.000Z", "id": "676153138995322880", "text": "RT @theinquisitr: Nicholas Robertson Video: L.A. Cops Shoot 28-Year-Old Man As He Crawls Away [Graphic Video] https://t.co/ZZ9mqBVV9A https\u2026", "author_id": "887340104", "edit_history_tweet_ids": ["676153138995322880"]}, {"created_at": "2015-12-13T21:32:48.000Z", "id": "676152816386183170", "text": "RT @vicenews: LA sheriff's office responds to video of deputies shooting man as he tries to crawl away: https://t.co/oOIu1YqW2Q https://t.c\u2026", "author_id": "2293111124", "edit_history_tweet_ids": ["676152816386183170"]}, {"created_at": "2015-12-13T21:31:28.000Z", "id": "676152480418410496", "text": "RT @vicenews: LA sheriff's office responds to video of deputies shooting man as he tries to crawl away: https://t.co/cCsBr131ME", "author_id": "37872935", "edit_history_tweet_ids": ["676152480418410496"]}, {"created_at": "2015-12-13T21:30:03.000Z", "id": "676152123890008065", "text": "RT @theinquisitr: Nicholas Robertson Video: L.A. Cops Shoot 28-Year-Old Man As He Crawls Away [Graphic Video] https://t.co/ZZ9mqBVV9A https\u2026", "author_id": "227617969", "edit_history_tweet_ids": ["676152123890008065"]}, {"created_at": "2015-12-13T21:28:54.000Z", "id": "676151833841258496", "text": "Nicholas Robertson Video: L.A. Cops Shoot 28-Year-Old Man As He Crawls Away [Graphic Video] https://t.co/ZZ9mqBVV9A https://t.co/Pn43DzMk23", "author_id": "14722676", "edit_history_tweet_ids": ["676151833841258496"]}, {"created_at": "2015-12-13T21:27:37.000Z", "id": "676151512427577344", "text": "RT @vicenews: LA sheriff's office responds to video of deputies shooting man as he tries to crawl away: https://t.co/oOIu1YqW2Q https://t.c\u2026", "author_id": "61058297", "edit_history_tweet_ids": ["676151512427577344"]}, {"created_at": "2015-12-13T21:27:23.000Z", "id": "676151455234007040", "text": "RT @vicenews: LA sheriff's office responds to video of deputies shooting man as he tries to crawl away: https://t.co/oOIu1YqW2Q https://t.c\u2026", "author_id": "549566596", "edit_history_tweet_ids": ["676151455234007040"]}, {"created_at": "2015-12-13T21:26:32.000Z", "id": "676151237939720192", "text": "RT @vicenews: LA sheriff's office responds to video of deputies shooting man as he tries to crawl away: https://t.co/oOIu1YqW2Q https://t.c\u2026", "author_id": "363397928", "edit_history_tweet_ids": ["676151237939720192"]}, {"created_at": "2015-12-13T21:26:07.000Z", "id": "676151133979738113", "text": "LA sheriff\u2019s office responds to video of deputies shooting man as he tries to crawl away: https://t.co/fq0YAtSuc3 via @vicenews", "author_id": "197799781", "edit_history_tweet_ids": ["676151133979738113"]}, {"created_at": "2015-12-13T21:25:12.000Z", "id": "676150904027004929", "text": "RT @vicenews: LA sheriff's office responds to video of deputies shooting man as he tries to crawl away: https://t.co/oOIu1YqW2Q https://t.c\u2026", "author_id": "562830208", "edit_history_tweet_ids": ["676150904027004929"]}, {"created_at": "2015-12-13T21:25:10.000Z", "id": "676150897269981184", "text": "RT @vicenews: LA sheriff's office responds to video of deputies shooting man as he tries to crawl away: https://t.co/oOIu1YqW2Q https://t.c\u2026", "author_id": "349942156", "edit_history_tweet_ids": ["676150897269981184"]}, {"created_at": "2015-12-13T21:24:36.000Z", "id": "676150751266267136", "text": "RT @vicenews: LA sheriff's office responds to video of deputies shooting man as he tries to crawl away: https://t.co/oOIu1YqW2Q https://t.c\u2026", "author_id": "52541572", "edit_history_tweet_ids": ["676150751266267136"]}, {"created_at": "2015-12-13T21:24:10.000Z", "id": "676150645787725824", "text": "RT @vicenews: LA sheriff's office responds to video of deputies shooting man as he tries to crawl away: https://t.co/oOIu1YqW2Q https://t.c\u2026", "author_id": "475200951", "edit_history_tweet_ids": ["676150645787725824"]}, {"created_at": "2015-12-13T21:24:06.000Z", "id": "676150628410724352", "text": "RT @vicenews: LA sheriff's office responds to video of deputies shooting man as he tries to crawl away: https://t.co/oOIu1YqW2Q https://t.c\u2026", "author_id": "197203110", "edit_history_tweet_ids": ["676150628410724352"]}, {"created_at": "2015-12-13T21:23:40.000Z", "id": "676150517568020481", "text": "RT @vicenews: LA sheriff's office responds to video of deputies shooting man as he tries to crawl away: https://t.co/oOIu1YqW2Q https://t.c\u2026", "author_id": "87959299", "edit_history_tweet_ids": ["676150517568020481"]}, {"created_at": "2015-12-13T21:23:00.000Z", "id": "676150349997080576", "text": "RT @vicenews: LA sheriff's office responds to video of deputies shooting man as he tries to crawl away: https://t.co/oOIu1YqW2Q https://t.c\u2026", "author_id": "88573922", "edit_history_tweet_ids": ["676150349997080576"]}, {"created_at": "2015-12-13T21:22:38.000Z", "id": "676150256615079936", "text": "RT @CBSNews: Video shows L.A. cops pumping as many as 25 bullets into crawling man https://t.co/kWVpCHfz6h https://t.co/lQgZFETpFw", "author_id": "2349801519", "edit_history_tweet_ids": ["676150256615079936"]}, {"created_at": "2015-12-13T21:22:35.000Z", "id": "676150245990903808", "text": "RT @vicenews: LA sheriff's office responds to video of deputies shooting man as he tries to crawl away: https://t.co/oOIu1YqW2Q https://t.c\u2026", "author_id": "1681982695", "edit_history_tweet_ids": ["676150245990903808"]}, {"created_at": "2015-12-13T21:22:26.000Z", "id": "676150206749130752", "text": "#LAPD gun down man walking away and execute him as he tries to crawl away.... https://t.co/5JOZpbe5k0", "author_id": "3913079715", "edit_history_tweet_ids": ["676150206749130752"]}, {"created_at": "2015-12-13T21:22:02.000Z", "id": "676150106823909376", "text": "Video shows L.A. cops shooting crawling man: Family, activists say father's death similar to Chicago shooting ... https://t.co/b7YLRMVZmz", "author_id": "1595076468", "edit_history_tweet_ids": ["676150106823909376"]}, {"created_at": "2015-12-13T21:21:57.000Z", "id": "676150084887711744", "text": "Video shows L.A. cops shooting crawling man: Family, activists say father's death similar to Chicago shooting ... https://t.co/ml1vWXHk20", "author_id": "1595123923", "edit_history_tweet_ids": ["676150084887711744"]}, {"created_at": "2015-12-13T21:21:52.000Z", "id": "676150063924662273", "text": "RT @CBSNews: Video shows L.A. cops pumping as many as 25 bullets into crawling man https://t.co/kWVpCHfz6h https://t.co/lQgZFETpFw", "author_id": "43901616", "edit_history_tweet_ids": ["676150063924662273"]}, {"created_at": "2015-12-13T21:21:50.000Z", "id": "676150057209487360", "text": "Video shows L.A. cops shooting crawling man: Family, activists say father's death similar to Chicago shooting ... https://t.co/Z0AVOmxiTi", "author_id": "1595122177", "edit_history_tweet_ids": ["676150057209487360"]}, {"created_at": "2015-12-13T21:21:48.000Z", "id": "676150049139625984", "text": "Video shows L.A. cops shooting crawling man: Family, activists say father's death similar to Chicago shooting ... https://t.co/nMQBSYbYmV", "author_id": "1595121901", "edit_history_tweet_ids": ["676150049139625984"]}, {"created_at": "2015-12-13T21:21:48.000Z", "id": "676150047700967424", "text": "RT @vicenews: LA sheriff's office responds to video of deputies shooting man as he tries to crawl away: https://t.co/oOIu1YqW2Q https://t.c\u2026", "author_id": "198385712", "edit_history_tweet_ids": ["676150047700967424"]}, {"created_at": "2015-12-13T21:21:47.000Z", "id": "676150043116634113", "text": "Video shows L.A. cops shooting crawling man: Family, activists say father's death similar to Chicago shooting ... https://t.co/aO9hoiJAkq", "author_id": "1595121085", "edit_history_tweet_ids": ["676150043116634113"]}, {"created_at": "2015-12-13T21:21:45.000Z", "id": "676150035780870144", "text": "RT @vicenews: LA sheriff's office responds to video of deputies shooting man as he tries to crawl away: https://t.co/oOIu1YqW2Q https://t.c\u2026", "author_id": "1378178660", "edit_history_tweet_ids": ["676150035780870144"]}, {"created_at": "2015-12-13T21:21:44.000Z", "id": "676150030021996544", "text": "Video shows L.A. cops shooting crawling man: Family, activists say father's death similar to Chicago shooting ... https://t.co/Wkz0jAQgfC", "author_id": "1595101568", "edit_history_tweet_ids": ["676150030021996544"]}, {"created_at": "2015-12-13T21:21:42.000Z", "id": "676150022342180867", "text": "Video shows L.A. cops shooting crawling man: Family, activists say father's death similar to Chicago shooting ... https://t.co/rdzc0kWtF1", "author_id": "1595101634", "edit_history_tweet_ids": ["676150022342180867"]}, {"created_at": "2015-12-13T21:21:27.000Z", "id": "676149959461224448", "text": "Video shows L.A. cops shooting crawling man: Family, activists say father's death similar to Chicago shooting ... https://t.co/6WQLD78Kyc", "author_id": "988904792", "edit_history_tweet_ids": ["676149959461224448"]}, {"created_at": "2015-12-13T21:20:26.000Z", "id": "676149703940042752", "text": "The Horrific Police Murder of Nicholas Robertson https://t.co/PapacL3D9N via @YouTube", "author_id": "62613436", "edit_history_tweet_ids": ["676149703940042752"]}, {"created_at": "2015-12-13T21:20:22.000Z", "id": "676149688651804672", "text": "RT @vicenews: LA sheriff's office responds to video of deputies shooting man as he tries to crawl away: https://t.co/oOIu1YqW2Q https://t.c\u2026", "author_id": "209681820", "edit_history_tweet_ids": ["676149688651804672"]}, {"created_at": "2015-12-13T21:20:10.000Z", "id": "676149637787607041", "text": "RT @vicenews: LA sheriff's office responds to video of deputies shooting man as he tries to crawl away: https://t.co/oOIu1YqW2Q https://t.c\u2026", "author_id": "2749078589", "edit_history_tweet_ids": ["676149637787607041"]}, {"created_at": "2015-12-13T21:20:09.000Z", "id": "676149631814889472", "text": "RT @vicenews: LA sheriff's office responds to video of deputies shooting man as he tries to crawl away: https://t.co/oOIu1YqW2Q https://t.c\u2026", "author_id": "325672955", "edit_history_tweet_ids": ["676149631814889472"]}, {"created_at": "2015-12-13T21:20:03.000Z", "id": "676149607609405440", "text": "RT @vicenews: LA sheriff's office responds to video of deputies shooting man as he tries to crawl away: https://t.co/oOIu1YqW2Q https://t.c\u2026", "author_id": "556460873", "edit_history_tweet_ids": ["676149607609405440"]}, {"created_at": "2015-12-13T21:20:00.000Z", "id": "676149595416764417", "text": "RT @vicenews: LA sheriff's office responds to video of deputies shooting man as he tries to crawl away: https://t.co/oOIu1YqW2Q https://t.c\u2026", "author_id": "3913079715", "edit_history_tweet_ids": ["676149595416764417"]}, {"created_at": "2015-12-13T21:19:57.000Z", "id": "676149582489763840", "text": "RT @vicenews: LA sheriff's office responds to video of deputies shooting man as he tries to crawl away: https://t.co/oOIu1YqW2Q https://t.c\u2026", "author_id": "204949773", "edit_history_tweet_ids": ["676149582489763840"]}, {"created_at": "2015-12-13T21:19:40.000Z", "id": "676149511824130048", "text": "Video shows L.A. cops shooting crawling man https://t.co/uKRbgd9oOG", "author_id": "16233984", "edit_history_tweet_ids": ["676149511824130048"]}, {"created_at": "2015-12-13T21:19:30.000Z", "id": "676149468878782464", "text": "LA sheriff's office responds to video of deputies shooting man as he tries to crawl away: https://t.co/oOIu1YqW2Q https://t.co/Q7nZFK82Pw", "author_id": "1630896181", "edit_history_tweet_ids": ["676149468878782464"]}, {"created_at": "2015-12-13T21:16:16.000Z", "id": "676148655540314114", "text": "I added a video to a @YouTube playlist https://t.co/nt6LPsZYlL The Horrific Police Murder of Nicholas Robertson", "author_id": "62613436", "edit_history_tweet_ids": ["676148655540314114"]}, {"created_at": "2015-12-13T21:16:14.000Z", "id": "676148647164252161", "text": "I liked a @YouTube video https://t.co/nt6LPsZYlL The Horrific Police Murder of Nicholas Robertson", "author_id": "62613436", "edit_history_tweet_ids": ["676148647164252161"]}, {"created_at": "2015-12-13T21:15:55.000Z", "id": "676148569175252993", "text": "RT @YouthJusticeLA: RALLY in #Lynwood on Long Beach Blvd between Magnolia Ave. &amp; Cedar Ave 2pm for Nicholas Robertson who was murdered by #\u2026", "author_id": "2799053575", "edit_history_tweet_ids": ["676148569175252993"]}, {"created_at": "2015-12-13T21:15:25.000Z", "id": "676148441873944576", "text": "RALLY in #Lynwood on Long Beach Blvd between Magnolia Ave. &amp; Cedar Ave 2pm for Nicholas Robertson who was murdered by #LosAngeles Sheriffs!", "author_id": "537567448", "edit_history_tweet_ids": ["676148441873944576"]}, {"created_at": "2015-12-13T21:15:00.000Z", "id": "676148336580235264", "text": "The Horrific Police Murder of Nicholas Robertson https://t.co/cl96z8sx1w via @YouTube", "author_id": "222500453", "edit_history_tweet_ids": ["676148336580235264"]}, {"created_at": "2015-12-13T21:08:48.000Z", "id": "676146776315924480", "text": "\"The Horrific Police Murder of Nicholas Robertson\" The Horrific Police Murder of Nicholas Robertson https://t.co/eUthKf5bfI", "author_id": "248846972", "edit_history_tweet_ids": ["676146776315924480"]}, {"created_at": "2015-12-13T21:08:18.000Z", "id": "676146652550447109", "text": "Nicholas Robertson Video: L.A. Cops Shoot 28-Year-Old Man As He Crawls Away [Graphic Video] - https://t.co/fQayii2v0D", "author_id": "2452744380", "edit_history_tweet_ids": ["676146652550447109"]}, {"created_at": "2015-12-13T21:07:22.000Z", "id": "676146416641777664", "text": "RT @ABC7: FULL STORY: Deputies fired as many as 17 rounds at Lynwood suspect Nicholas Robertson, 28 https://t.co/8UvisHVTYJ https://t.co/ds\u2026", "author_id": "3146865975", "edit_history_tweet_ids": ["676146416641777664"]}, {"created_at": "2015-12-13T21:04:36.000Z", "id": "676145719930019841", "text": "Witness captures fatal shooting of 28-year-old man by Los Angeles police https://t.co/cgZqWTPUSo", "author_id": "369760961", "edit_history_tweet_ids": ["676145719930019841"]}, {"created_at": "2015-12-13T21:04:34.000Z", "id": "676145712241995776", "text": "Shooting of 28-year-old Nicholas Robertson by L.A. police captured on video: The Sheriff's Department issued a... https://t.co/ADP7FbZDw6", "author_id": "369760961", "edit_history_tweet_ids": ["676145712241995776"]}, {"created_at": "2015-12-13T21:04:30.000Z", "id": "676145694936162305", "text": "#dailydot Shooting of 28-year-old Nicholas Robertson by L.A. police captured on video: The Sheriff's Departmen... https://t.co/M38lmA1czq", "author_id": "1664939335", "edit_history_tweet_ids": ["676145694936162305"]}, {"created_at": "2015-12-13T21:04:29.000Z", "id": "676145691337486336", "text": "#dailydot Shooting of 28-year-old Nicholas Robertson by L.A. police captured on video: The Sheriff's Departmen... https://t.co/y6GH8QknSm", "author_id": "17080018", "edit_history_tweet_ids": ["676145691337486336"]}, {"created_at": "2015-12-13T21:04:28.000Z", "id": "676145687805878272", "text": "Shooting of 28-year-old Nicholas Robertson by L.A. police captured on video: The Sheriff's Department issued a... https://t.co/DDazvc4iC5", "author_id": "396601079", "edit_history_tweet_ids": ["676145687805878272"]}, {"created_at": "2015-12-13T21:04:28.000Z", "id": "676145685910056960", "text": "Shooting of 28-year-old Nicholas Robertson by L.A. police captured on video https://t.co/QwJMIn72vu #Tech", "author_id": "14646840", "edit_history_tweet_ids": ["676145685910056960"]}, {"created_at": "2015-12-13T21:04:27.000Z", "id": "676145683498319872", "text": "Shooting of 28-year-old Nicholas Robertson by L.A. police captured on video: The Sheriff's Department issued a... https://t.co/KD3OX9DU2v", "author_id": "2829402252", "edit_history_tweet_ids": ["676145683498319872"]}, {"created_at": "2015-12-13T21:04:22.000Z", "id": "676145660169617408", "text": "RT @ABC7: FULL STORY: Deputies fired as many as 17 rounds at Lynwood suspect Nicholas Robertson, 28 https://t.co/8UvisHVTYJ https://t.co/ds\u2026", "author_id": "456794981", "edit_history_tweet_ids": ["676145660169617408"]}, {"created_at": "2015-12-13T21:04:20.000Z", "id": "676145652758282240", "text": "RT @ABC7: FULL STORY: Deputies fired as many as 17 rounds at Lynwood suspect Nicholas Robertson, 28 https://t.co/8UvisHVTYJ https://t.co/ds\u2026", "author_id": "219153067", "edit_history_tweet_ids": ["676145652758282240"]}, {"created_at": "2015-12-13T21:04:14.000Z", "id": "676145626363613185", "text": "Shooting of 28-year-old Nicholas Robertson by L.A. police captured on video https://t.co/MksFZHSsf1", "author_id": "1876170613", "edit_history_tweet_ids": ["676145626363613185"]}, {"created_at": "2015-12-13T21:04:13.000Z", "id": "676145624505536512", "text": "Shooting of 28-year-old Nicholas Robertson by L.A. police captured on video https://t.co/tJDtmFrz4O", "author_id": "1876516501", "edit_history_tweet_ids": ["676145624505536512"]}, {"created_at": "2015-12-13T21:04:13.000Z", "id": "676145622681014272", "text": "Shooting of 28-year-old Nicholas Robertson by L.A. police captured on video https://t.co/m2g59QNCO5", "author_id": "1875534265", "edit_history_tweet_ids": ["676145622681014272"]}, {"created_at": "2015-12-13T21:04:12.000Z", "id": "676145619384279042", "text": "Shooting of 28-year-old Nicholas Robertson by L.A. police captured on video https://t.co/aut9Mp5l6w", "author_id": "1876495640", "edit_history_tweet_ids": ["676145619384279042"]}, {"created_at": "2015-12-13T21:04:12.000Z", "id": "676145617652068354", "text": "Shooting of 28-year-old Nicholas Robertson by L.A. police captured on video https://t.co/ca5s7u6i3o", "author_id": "1875336714", "edit_history_tweet_ids": ["676145617652068354"]}, {"created_at": "2015-12-13T21:04:11.000Z", "id": "676145615936610304", "text": "Shooting of 28-year-old Nicholas Robertson by L.A. police captured on video https://t.co/GFm5KH34yL", "author_id": "1909479122", "edit_history_tweet_ids": ["676145615936610304"]}, {"created_at": "2015-12-13T21:04:11.000Z", "id": "676145614439260160", "text": "Shooting of 28-year-old Nicholas Robertson by L.A. police captured on video https://t.co/B427p6z3Xp", "author_id": "1916988852", "edit_history_tweet_ids": ["676145614439260160"]}, {"created_at": "2015-12-13T21:04:10.000Z", "id": "676145611746447370", "text": "Shooting of 28-year-old Nicholas Robertson by L.A. police captured on video https://t.co/l9mo2UZMDk", "author_id": "1909481174", "edit_history_tweet_ids": ["676145611746447370"]}, {"created_at": "2015-12-13T21:04:10.000Z", "id": "676145610110668800", "text": "Shooting of 28-year-old Nicholas Robertson by L.A. police captured on video https://t.co/v4sHbbsySk", "author_id": "1875477744", "edit_history_tweet_ids": ["676145610110668800"]}, {"created_at": "2015-12-13T21:04:09.000Z", "id": "676145608747573249", "text": "Shooting of 28-year-old Nicholas Robertson by L.A. police captured on video https://t.co/1co6DRBMtn", "author_id": "1917017546", "edit_history_tweet_ids": ["676145608747573249"]}, {"created_at": "2015-12-13T21:04:09.000Z", "id": "676145606973382657", "text": "Shooting of 28-year-old Nicholas Robertson by L.A. police captured on video https://t.co/cX0b0B6fdC", "author_id": "1878166290", "edit_history_tweet_ids": ["676145606973382657"]}, {"created_at": "2015-12-13T21:04:08.000Z", "id": "676145604469346305", "text": "Shooting of 28-year-old Nicholas Robertson by L.A. police captured on video https://t.co/MZPDVQvKIt", "author_id": "1917004410", "edit_history_tweet_ids": ["676145604469346305"]}, {"created_at": "2015-12-13T21:04:08.000Z", "id": "676145602674221057", "text": "Shooting of 28-year-old Nicholas Robertson by L.A. police captured on video https://t.co/YqaYkyL5ga", "author_id": "1878202808", "edit_history_tweet_ids": ["676145602674221057"]}, {"created_at": "2015-12-13T21:04:08.000Z", "id": "676145600874811393", "text": "Shooting of 28-year-old Nicholas Robertson by L.A. police captured on video https://t.co/aQfJKNLHEs", "author_id": "1878224665", "edit_history_tweet_ids": ["676145600874811393"]}, {"created_at": "2015-12-13T21:04:07.000Z", "id": "676145599440359424", "text": "Shooting of 28-year-old Nicholas Robertson by L.A. police captured on video https://t.co/nqQb4qRzhv", "author_id": "1876239997", "edit_history_tweet_ids": ["676145599440359424"]}, {"created_at": "2015-12-13T21:04:06.000Z", "id": "676145594226855942", "text": "Shooting of 28-year-old Nicholas Robertson by L.A. police captured on video https://t.co/E2q1enGqnP", "author_id": "1898577546", "edit_history_tweet_ids": ["676145594226855942"]}, {"created_at": "2015-12-13T21:04:06.000Z", "id": "676145592763080704", "text": "Shooting of 28-year-old Nicholas Robertson by L.A. police captured on video https://t.co/cUnRj6HaHG", "author_id": "1909494973", "edit_history_tweet_ids": ["676145592763080704"]}, {"created_at": "2015-12-13T21:04:05.000Z", "id": "676145590342950913", "text": "Shooting of 28-year-old Nicholas Robertson by L.A. police captured on video https://t.co/JKnDSPsgMu", "author_id": "1875793903", "edit_history_tweet_ids": ["676145590342950913"]}, {"created_at": "2015-12-13T21:04:05.000Z", "id": "676145589009162241", "text": "Shooting of 28-year-old Nicholas Robertson by L.A. police captured on video https://t.co/SfudJkowwW", "author_id": "1917039577", "edit_history_tweet_ids": ["676145589009162241"]}, {"created_at": "2015-12-13T21:04:04.000Z", "id": "676145587738255364", "text": "Shooting of 28-year-old Nicholas Robertson by L.A. police captured on video https://t.co/AmKb0OF5iE", "author_id": "1875548426", "edit_history_tweet_ids": ["676145587738255364"]}, {"created_at": "2015-12-13T20:58:24.000Z", "id": "676144158806024192", "text": "Black Suspect Shot By L.A. County Cops As He Crawled Away: Nicholas Robertson, a 28-year-old... https://t.co/kZvlae0IwI #hiphop #news #rt", "author_id": "576119512", "edit_history_tweet_ids": ["676144158806024192"]}, {"created_at": "2015-12-13T20:58:21.000Z", "id": "676144149096042497", "text": "Black Suspect Shot By L.A. County Cops As He Crawled Away: Nicholas Robertson, a 28-year-old... https://t.co/SAL39dBMns #hiphop #news #rt", "author_id": "199420498", "edit_history_tweet_ids": ["676144149096042497"]}, {"created_at": "2015-12-13T20:50:34.000Z", "id": "676142186589745156", "text": "RT @ABC7: FULL STORY: Deputies fired as many as 17 rounds at Lynwood suspect Nicholas Robertson, 28 https://t.co/8UvisHVTYJ https://t.co/ds\u2026", "author_id": "221590774", "edit_history_tweet_ids": ["676142186589745156"]}, {"created_at": "2015-12-13T20:50:14.000Z", "id": "676142103634821120", "text": "RT @CBSNews: Video shows L.A. cops pumping as many as 25 bullets into crawling man https://t.co/kWVpCHfz6h https://t.co/lQgZFETpFw", "author_id": "47541232", "edit_history_tweet_ids": ["676142103634821120"]}, {"created_at": "2015-12-13T20:47:22.000Z", "id": "676141383728668672", "text": "(Video) WILD SH*T!!! #LynwoodShooting: Video Shows LA Deputies Gun Down Nicholas Robertson As He Walks, Crawls Away https://t.co/DiEdw8GAJY", "author_id": "16633951", "edit_history_tweet_ids": ["676141383728668672"]}, {"created_at": "2015-12-13T20:46:33.000Z", "id": "676141178853548032", "text": "Black Suspect Shot By L.A. County Cops As He Crawled Away: Nicholas Robertson, a 28-year-old Black man, was fa... https://t.co/dXo3v20gS2", "author_id": "1871958554", "edit_history_tweet_ids": ["676141178853548032"]}, {"created_at": "2015-12-13T20:44:39.000Z", "id": "676140698958196736", "text": "RT @CBSNews: Video shows L.A. cops pumping as many as 25 bullets into crawling man https://t.co/kWVpCHfz6h https://t.co/lQgZFETpFw", "author_id": "2763932792", "edit_history_tweet_ids": ["676140698958196736"]}, {"created_at": "2015-12-13T20:44:01.000Z", "id": "676140540107341824", "text": "Video shows L.A. cops pumping bullets into crawling man https://t.co/tflRbvcRDB", "author_id": "216810509", "edit_history_tweet_ids": ["676140540107341824"]}, {"created_at": "2015-12-13T20:43:42.000Z", "id": "676140460474155008", "text": "#CBSNews Video shows L.A. cops pumping as many as 25 bullets into crawling man\u2026 https://t.co/cbROxBaC8o https://t.co/VNVrfzbqk3", "author_id": "2344022562", "edit_history_tweet_ids": ["676140460474155008"]}, {"created_at": "2015-12-13T20:42:08.000Z", "id": "676140067081945088", "text": "RT @CBSNews: Video shows L.A. cops pumping as many as 25 bullets into crawling man https://t.co/kWVpCHfz6h https://t.co/lQgZFETpFw", "author_id": "1360186644", "edit_history_tweet_ids": ["676140067081945088"]}, {"created_at": "2015-12-13T20:41:32.000Z", "id": "676139913667059718", "text": "Shooting of 28-year-old Nicholas Robertson by L.A. police captured on video https://t.co/VdJCwQyK1u #politics", "author_id": "527802050", "edit_history_tweet_ids": ["676139913667059718"]}, {"created_at": "2015-12-13T20:41:30.000Z", "id": "676139908096921600", "text": "#News: Video shows L.A. cops shooting crawling man: Family, activists say father's death similar to Chicag... https://t.co/FMMSRIWcT4 #TU", "author_id": "116155386", "edit_history_tweet_ids": ["676139908096921600"]}, {"created_at": "2015-12-13T20:41:30.000Z", "id": "676139906175897600", "text": "National News: Video shows L.A. cops shooting crawling man: Family, activists say father's death similar ... https://t.co/DQVFAluYFF #cbs", "author_id": "1281469717", "edit_history_tweet_ids": ["676139906175897600"]}, {"created_at": "2015-12-13T20:41:29.000Z", "id": "676139904498208768", "text": "National News: Video shows L.A. cops shooting crawling man: Family, activists say father's death similar ... https://t.co/7G6u0ugkJh #cbs", "author_id": "73916451", "edit_history_tweet_ids": ["676139904498208768"]}, {"created_at": "2015-12-13T20:41:28.000Z", "id": "676139898169131014", "text": "RT @WFMY: Video shows L.A. cops pumping as many as 25 bullets into crawling man https://t.co/mOCKLhABz5", "author_id": "276596113", "edit_history_tweet_ids": ["676139898169131014"]}], "meta": {"newest_id": "676154229791166464", "oldest_id": "676139898169131014", "result_count": 98, "next_token": "1jzu9lk96gu5npw2cy8tufmyl2hl9g9jljw2k5wd7bst"}}