{"data": [{"created_at": "2017-06-26T04:26:56.000Z", "text": "@A10Gzz Yo v\u00ed a Kevin  y no le llega a layun ni layun a cecilio dos santos o Juan Hern\u00e1ndez", "id": "879194241964146688", "author_id": "103946810", "edit_history_tweet_ids": ["879194241964146688"]}, {"created_at": "2017-06-24T17:45:28.000Z", "text": "RT @v_fundaculgua: Radio Zaraza le canta al llano conducido por Don Cecilio Hernandez el coplero alegre por Alazana 92.9 FM fundaculgua y M\u2026", "id": "878670424753807360", "author_id": "142110425", "edit_history_tweet_ids": ["878670424753807360"]}, {"created_at": "2017-06-23T20:25:34.000Z", "text": "RT @v_fundaculgua: Radio Zaraza le canta al llano conducido por Don Cecilio Hernandez el coplero alegre por Alazana 92.9 FM fundaculgua y M\u2026", "id": "878348326747242496", "author_id": "357755055", "edit_history_tweet_ids": ["878348326747242496"]}, {"created_at": "2017-06-23T00:46:28.000Z", "text": "RT @v_fundaculgua: Radio Zaraza le canta al llano conducido por Don Cecilio Hernandez el coplero alegre por Alazana 92.9 FM fundaculgua y M\u2026", "id": "878051596369887232", "author_id": "175532230", "edit_history_tweet_ids": ["878051596369887232"]}, {"created_at": "2017-06-22T23:16:15.000Z", "text": "SibciGuarico: RT v_fundaculgua: Radio Zaraza le canta al llano conducido por Don Cecilio Hernandez el coplero aleg\u2026 https://t.co/8lKtTIGPR4", "id": "878028891662807041", "author_id": "115183705", "edit_history_tweet_ids": ["878028891662807041"]}, {"created_at": "2017-06-22T23:12:06.000Z", "text": "RT @v_fundaculgua: Radio Zaraza le canta al llano conducido por Don Cecilio Hernandez el coplero alegre por Alazana 92.9 FM fundaculgua y M\u2026", "id": "878027846760845314", "author_id": "1259683140", "edit_history_tweet_ids": ["878027846760845314"]}, {"created_at": "2017-06-22T22:22:02.000Z", "text": "Radio Zaraza le canta al llano conducido por Don Cecilio Hernandez el coplero alegre por Alazana 92.9 FM fundaculgua y MPPC Zaraza https://t.co/oRcly1Rby7", "id": "878015249558814720", "author_id": "730678974", "edit_history_tweet_ids": ["878015249558814720"]}], "meta": {"newest_id": "879194241964146688", "oldest_id": "878015249558814720", "result_count": 7}}