{"data": [{"created_at": "2022-03-14T23:35:23.000Z", "text": "RT @FOXLA: Investigators revealed Monday robbery was the motive behind the senseless murder of 52-year-old Marcos Sandoval who was shot and\u2026", "author_id": "26619399", "id": "1503515162053017600", "edit_history_tweet_ids": ["1503515162053017600"]}, {"created_at": "2022-03-14T23:17:19.000Z", "text": "RT @GigiGraciette: A GoFundMe account has been set up to help Marcos Sandovals\u2019s family. The 52-year-old father of two was killed Saturday\u2026", "author_id": "3274981621", "id": "1503510615737831426", "edit_history_tweet_ids": ["1503510615737831426"]}, {"created_at": "2022-03-14T23:11:12.000Z", "text": "A GoFundMe account has been set up to help Marcos Sandovals\u2019s family. The 52-year-old father of two was killed Saturday morning while walking his dog. Police believe the motive was robbery. Suspect still at large. https://t.co/5LnRnV7T7K @foxla", "author_id": "25235198", "id": "1503509077913088001", "edit_history_tweet_ids": ["1503509077913088001"]}, {"created_at": "2022-03-14T23:10:39.000Z", "text": "RT @lilliamr: This is the father of my daughter's closest friend. He was tragically murdered on Saturday while walking his dog. His name wa\u2026", "author_id": "473591884", "id": "1503508940222574595", "edit_history_tweet_ids": ["1503508940222574595"]}, {"created_at": "2022-03-14T23:10:10.000Z", "text": "RT @lilliamr: This is the father of my daughter's closest friend. He was tragically murdered on Saturday while walking his dog. His name wa\u2026", "author_id": "58562432", "id": "1503508815446171658", "edit_history_tweet_ids": ["1503508815446171658"]}, {"created_at": "2022-03-14T23:09:44.000Z", "text": "RT @lilliamr: This is the father of my daughter's closest friend. He was tragically murdered on Saturday while walking his dog. His name wa\u2026", "author_id": "31003226", "id": "1503508709535674373", "edit_history_tweet_ids": ["1503508709535674373"]}, {"created_at": "2022-03-14T23:09:07.000Z", "text": "RT @lilliamr: This is the father of my daughter's closest friend. He was tragically murdered on Saturday while walking his dog. His name wa\u2026", "author_id": "937595996", "id": "1503508551439949824", "edit_history_tweet_ids": ["1503508551439949824"]}, {"created_at": "2022-03-14T23:07:50.000Z", "text": "RT @lilliamr: This is the father of my daughter's closest friend. He was tragically murdered on Saturday while walking his dog. His name wa\u2026", "author_id": "14398241", "id": "1503508230885949443", "edit_history_tweet_ids": ["1503508230885949443"]}, {"created_at": "2022-03-14T22:00:04.000Z", "text": "Una c\u00e1mara de seguridad capt\u00f3 el momento cuando le dispararon a Marcos Sandoval desde un auto, mientras paseaba a su perro.\nhttps://t.co/2tVQZ0vTaO", "author_id": "546383985", "id": "1503491177361903618", "edit_history_tweet_ids": ["1503491177361903618"]}, {"created_at": "2022-03-14T21:46:20.000Z", "text": "A terrifying video shows #LosAngeles dad Marcos Sandoval shot dead while walking his dog in L.A. Neighbors say the area is usually very safe, and they're surprised something like this could happen. https://t.co/lCZ79KHYVa", "author_id": "1370051107662098434", "id": "1503487721230245894", "edit_history_tweet_ids": ["1503487721230245894"]}, {"created_at": "2022-03-14T21:18:40.000Z", "text": "RT @FOXLA: Investigators revealed Monday robbery was the motive behind the senseless murder of 52-year-old Marcos Sandoval who was shot and\u2026", "author_id": "623313024", "id": "1503480756680679434", "edit_history_tweet_ids": ["1503480756680679434"]}, {"created_at": "2022-03-14T21:11:32.000Z", "text": "RT @FOXLA: Investigators revealed Monday robbery was the motive behind the senseless murder of 52-year-old Marcos Sandoval who was shot and\u2026", "author_id": "1136890223290458112", "id": "1503478962667806720", "edit_history_tweet_ids": ["1503478962667806720"]}, {"created_at": "2022-03-14T21:00:22.000Z", "text": "Investigators revealed Monday robbery was the motive behind the senseless murder of 52-year-old Marcos Sandoval who was shot and killed over the weekend while walking his dog in Los Angeles' Mid-City neighborhood. https://t.co/3Q3U24AAm2", "author_id": "9648652", "id": "1503476150684819457", "edit_history_tweet_ids": ["1503476150684819457"]}, {"created_at": "2022-03-14T20:35:48.000Z", "text": "Marcos Sandoval paseaba a su perro en un vecindario de LA, cuando le dispararon desde un auto.\nhttps://t.co/HCO1s38xL6", "author_id": "184562575", "id": "1503469967483748357", "edit_history_tweet_ids": ["1503469967483748357"]}, {"created_at": "2022-03-14T20:35:30.000Z", "text": "Marcos Sandoval paseaba a su perro en un vecindario de LA, cuando le dispararon desde un auto.\nhttps://t.co/8DTlNbRbPQ", "author_id": "1431210163", "id": "1503469892133130246", "edit_history_tweet_ids": ["1503469892133130246"]}, {"created_at": "2022-03-14T20:35:15.000Z", "text": "Marcos Sandoval paseaba a su perro en un vecindario de LA, cuando le dispararon desde un auto.\nhttps://t.co/b6jDDlIGRo", "author_id": "360038125", "id": "1503469829956722692", "edit_history_tweet_ids": ["1503469829956722692"]}, {"created_at": "2022-03-14T20:35:01.000Z", "text": "Marcos Sandoval paseaba a su perro en un vecindario de LA, cuando le dispararon desde un auto.\nhttps://t.co/PAjCklFRfw", "author_id": "17584258", "id": "1503469772557664268", "edit_history_tweet_ids": ["1503469772557664268"]}, {"created_at": "2022-03-14T20:34:46.000Z", "text": "Marcos Sandoval paseaba a su perro en un vecindario de LA, cuando le dispararon desde un auto.\nhttps://t.co/H0ovCaaBEw", "author_id": "2319345398", "id": "1503469709173440515", "edit_history_tweet_ids": ["1503469709173440515"]}, {"created_at": "2022-03-14T20:34:25.000Z", "text": "Marcos Sandoval paseaba a su perro en un vecindario de LA, cuando le dispararon desde un auto.\nhttps://t.co/YbLOUb70xR", "author_id": "74643663", "id": "1503469619666993157", "edit_history_tweet_ids": ["1503469619666993157"]}, {"created_at": "2022-03-14T20:25:59.000Z", "text": "Marcos Sandoval paseaba a su perro en un vecindario de LA, cuando le dispararon desde un auto.\nhttps://t.co/eCprB3BoUc", "author_id": "546383985", "id": "1503467497684709387", "edit_history_tweet_ids": ["1503467497684709387"]}, {"created_at": "2022-03-14T19:01:44.000Z", "text": "RT @lilliamr: This is the father of my daughter's closest friend. He was tragically murdered on Saturday while walking his dog. His name wa\u2026", "author_id": "4443585197", "id": "1503446298493657095", "edit_history_tweet_ids": ["1503446298493657095"]}, {"created_at": "2022-03-14T18:46:39.000Z", "text": "RT @lilliamr: This is the father of my daughter's closest friend. He was tragically murdered on Saturday while walking his dog. His name wa\u2026", "author_id": "22109714", "id": "1503442500899393539", "edit_history_tweet_ids": ["1503442500899393539"]}, {"created_at": "2022-03-14T18:43:44.000Z", "text": "This is the father of my daughter's closest friend. He was tragically murdered on Saturday while walking his dog. His name was Marcos Sandoval and he didn't deserve to die. If you can donate money please do. Just so heartbreaking. \n\nhttps://t.co/nXhzwzvnCE", "author_id": "14398241", "id": "1503441767290474496", "edit_history_tweet_ids": ["1503441767290474496"]}, {"created_at": "2022-03-14T17:53:00.000Z", "text": "RT @GigiGraciette: NEW TODAY: Search for suspect who murdered Marcos Sandoval Saturday morning while he was out walking his dog continues.\u2026", "author_id": "580458857", "id": "1503428999497740289", "edit_history_tweet_ids": ["1503428999497740289"]}, {"created_at": "2022-03-14T17:00:52.000Z", "text": "Marcos Sandoval muri\u00f3 a balazos mientras paseaba a su perro, las autoridades buscan al sospechoso que le dispar\u00f3 y piden a la comunidad estar alerta.\n\u27a1\ufe0f https://t.co/n0yLtx7CCv https://t.co/9YGUUHqzqZ", "author_id": "546383985", "id": "1503415879400366080", "edit_history_tweet_ids": ["1503415879400366080"]}, {"created_at": "2022-03-14T15:59:28.000Z", "text": "RT @GigiGraciette: NEW TODAY: Search for suspect who murdered Marcos Sandoval Saturday morning while he was out walking his dog continues.\u2026", "author_id": "16072089", "id": "1503400427424935938", "edit_history_tweet_ids": ["1503400427424935938"]}, {"created_at": "2022-03-14T14:40:33.000Z", "text": "RT @GigiGraciette: NEW TODAY: Search for suspect who murdered Marcos Sandoval Saturday morning while he was out walking his dog continues.\u2026", "author_id": "1235704060528848898", "id": "1503380567194177543", "edit_history_tweet_ids": ["1503380567194177543"]}, {"created_at": "2022-03-14T14:20:58.000Z", "text": "RT @GigiGraciette: NEW TODAY: Search for suspect who murdered Marcos Sandoval Saturday morning while he was out walking his dog continues.\u2026", "author_id": "4437837673", "id": "1503375638891143168", "edit_history_tweet_ids": ["1503375638891143168"]}, {"created_at": "2022-03-14T14:20:37.000Z", "text": "RT @GigiGraciette: NEW TODAY: Search for suspect who murdered Marcos Sandoval Saturday morning while he was out walking his dog continues.\u2026", "author_id": "1367505802265686018", "id": "1503375553528623106", "edit_history_tweet_ids": ["1503375553528623106"]}, {"created_at": "2022-03-14T13:55:12.000Z", "text": "NEW TODAY: Search for suspect who murdered Marcos Sandoval Saturday morning while he was out walking his dog continues. Sources tell us Sandoval was robbed first and then shot in the head. \ud83d\udc94 @foxla https://t.co/54GmVWCyBU", "author_id": "25235198", "id": "1503369156149735427", "edit_history_tweet_ids": ["1503369156149735427"]}, {"created_at": "2022-03-14T12:21:17.000Z", "text": "@anyquestionsbot @Marcos_ok__ @sandoval_001 Boca sho te amo... \ud83c\udfb6", "author_id": "2681139649", "id": "1503345522286936080", "edit_history_tweet_ids": ["1503345522286936080"]}, {"created_at": "2022-03-14T12:20:35.000Z", "text": "@Marcos_ok__ @HaroldCM17 @sandoval_001 basado", "author_id": "604834181", "id": "1503345344029077515", "edit_history_tweet_ids": ["1503345344029077515"]}, {"created_at": "2022-03-14T02:16:48.000Z", "text": "Picture from family of the victim, Marcos Sandoval. His daughter says she has no idea why someone would target her father while he was walking his dog @FOXLA https://t.co/jPQtojavOY", "author_id": "37711829", "id": "1503193396386566148", "edit_history_tweet_ids": ["1503193396386566148"]}, {"created_at": "2022-03-14T01:39:34.000Z", "text": "La b\u00fasqueda del sospechoso contin\u00faa. \nhttps://t.co/N3FCaGikjU", "author_id": "546383985", "id": "1503184025116192770", "edit_history_tweet_ids": ["1503184025116192770"]}, {"created_at": "2022-03-13T05:45:14.000Z", "text": "RT @Carlos_Saucedo: Man walking dog in Mid-City gunned down this morning. Tonight, relatives of the victim gathered for a candlelight vigil\u2026", "author_id": "2370903661", "id": "1502883462419652611", "edit_history_tweet_ids": ["1502883462419652611"]}, {"created_at": "2022-03-13T05:11:27.000Z", "text": "Man walking dog in Mid-City gunned down this morning. Tonight, relatives of the victim gathered for a candlelight vigil. They identified the 52-year-old victim as Marcos Sandoval. The dog was unharmed. Police still searching for the killer. Details at 10pm @KTLA https://t.co/T6mc23nyZJ", "author_id": "24496807", "id": "1502874961534283777", "edit_history_tweet_ids": ["1502874961534283777"]}, {"created_at": "2022-03-12T15:14:24.000Z", "text": "Hector Dominguez - Drip Latino (ft. Marcos Sandoval &amp; Niko Eme)", "author_id": "1250099933228695555", "id": "1502664311453401088", "edit_history_tweet_ids": ["1502664311453401088"]}, {"created_at": "2022-03-11T23:40:03.000Z", "text": "@POTUS Castro and #fresnostate are beyond belief \nAstone Mendoza Thompson Corey Chief Watson Hamm Coon Guinn Barker need to be fired along with Jim\u00e9nez-Sandoval @calstate @Fresno_State @FresnoStateASI\n@csustudents https://t.co/hq7m4jcwfE", "author_id": "25837333", "id": "1502429174719340546", "edit_history_tweet_ids": ["1502429174719340546"]}, {"created_at": "2022-03-11T22:16:26.000Z", "text": "@latimes Castro and #fresnostate are beyond belief \nAstone Mendoza Thompson Corey Chief Watson Hamm Coon Guinn Barker need to be fired along with Jim\u00e9nez-Sandoval @calstate @Fresno_State @FresnoStateASI\n@csustudents https://t.co/hq7m4jcwfE", "author_id": "25837333", "id": "1502408129836847104", "edit_history_tweet_ids": ["1502408129836847104"]}, {"created_at": "2022-03-11T00:48:14.000Z", "text": "@D7Esparza @ABC30 @VanessaABC30 Castro and #fresnostate are beyond belief \nAstone Mendoza Thompson Corey Chief Watson Hamm Coon Guinn Barker need to be fired along with Jim\u00e9nez-Sandoval @calstate @Fresno_State @FresnoStateASI\n@csustudents https://t.co/hq7m4jcwfE", "author_id": "25837333", "id": "1502083946019844097", "edit_history_tweet_ids": ["1502083946019844097"]}, {"created_at": "2022-03-11T00:42:19.000Z", "text": "@EllenNeufeldt @Fresno_State @calstate @CathySandeen @SaulJimenezSan3 @HumboldtPrez @SFSU @ACEducation @ErinAHennessy Castro and #fresnostate are beyond belief \nAstone Mendoza Thompson Corey Chief Watson Hamm Coon Guinn Barker need to be fired along with Jim\u00e9nez-Sandoval @calstate @Fresno_State @FresnoStateASI\n@csustudents https://t.co/hq7m4jcwfE", "author_id": "25837333", "id": "1502082456526077952", "edit_history_tweet_ids": ["1502082456526077952"]}, {"created_at": "2022-03-11T00:37:10.000Z", "text": "@FSMCJDept @FresnoStateCAH And you or @TheCollegian going to address @JosephICastro\nJim\u00e9nez-Sandoval is a clone of Joe @calstate and @Fresno_State ?\nhttps://t.co/hq7m4jcwfE", "author_id": "25837333", "id": "1502081160280621059", "edit_history_tweet_ids": ["1502081160280621059"]}, {"created_at": "2022-03-10T22:43:32.000Z", "text": "RT @ElSalvadorNot: Este es el carraso que se manejaba el pastor Daniel Alvarado. \n\nUn padre de familia denunci\u00f3 p\u00fablicamente a Daniel Alvar\u2026", "author_id": "372659007", "id": "1502052562996023296", "edit_history_tweet_ids": ["1502052562996023296"]}, {"created_at": "2022-03-10T22:15:55.000Z", "text": "Este es el carraso que se manejaba el pastor Daniel Alvarado. \n\nUn padre de familia denunci\u00f3 p\u00fablicamente a Daniel Alvarado Sandoval, pastor del Tabern\u00e1culo B\u00edblico Bautista de San Marcos. En el video el padre de familia acusa al pastor de intentar abusar de su hija menor de edad https://t.co/SvmEHqTmVB", "author_id": "1477200488865095685", "id": "1502045612967092226", "edit_history_tweet_ids": ["1502045612967092226"]}, {"created_at": "2022-03-10T06:23:17.000Z", "text": "@CSUBakersfield @_KFHC @KernMedical Castro and #fresnostate are beyond belief \nAstone Mendoza Thompson Corey Chief Watson Hamm Coon Guinn Barker need to be fired along with Jim\u00e9nez-Sandoval \nhttps://t.co/hq7m4jcwfE", "author_id": "25837333", "id": "1501805875429711875", "edit_history_tweet_ids": ["1501805875429711875"]}, {"created_at": "2022-03-10T06:22:04.000Z", "text": "@SDSUResearch @SDSU Castro and #fresnostate are beyond belief \nAstone Mendoza Thompson Corey Chief Watson Hamm Coon Guinn Barker need to be fired along with Jim\u00e9nez-Sandoval \nhttps://t.co/hq7m4jcwfE", "author_id": "25837333", "id": "1501805569140662272", "edit_history_tweet_ids": ["1501805569140662272"]}, {"created_at": "2022-03-10T06:21:48.000Z", "text": "@CADeptEd @TonyThurmond @SBECalifornia Castro and #fresnostate are beyond belief \nAstone Mendoza Thompson Corey Chief Watson Hamm Coon Guinn Barker need to be fired along with Jim\u00e9nez-Sandoval \nhttps://t.co/hq7m4jcwfE", "author_id": "25837333", "id": "1501805501708836866", "edit_history_tweet_ids": ["1501805501708836866"]}, {"created_at": "2022-03-10T06:21:04.000Z", "text": "@Rendon63rd @CAgovernor @SenToniAtkins @AssemblyDems Castro and #fresnostate are beyond belief \nAstone Mendoza Thompson Corey Chief Watson Hamm Coon Guinn Barker need to be fired along with Jim\u00e9nez-Sandoval \nhttps://t.co/hq7m4jcwfE", "author_id": "25837333", "id": "1501805316530311172", "edit_history_tweet_ids": ["1501805316530311172"]}, {"created_at": "2022-03-10T06:20:27.000Z", "text": "@SJSU @SJSUResearch Castro and #fresnostate are beyond belief \nAstone Mendoza Thompson Corey Chief Watson Hamm Coon Guinn Barker need to be fired along with Jim\u00e9nez-Sandoval \nhttps://t.co/hq7m4jcwfE https://t.co/KGWQCjL3zd", "author_id": "25837333", "id": "1501805164130291714", "edit_history_tweet_ids": ["1501805164130291714"]}, {"created_at": "2022-03-10T06:19:27.000Z", "text": "@SDMesaPrez @CollegeFutures @SCCCD @Iamkeithcurry @equityavengers Castro and #fresnostate are beyond belief \nAstone Mendoza Thompson Corey Chief Watson Hamm Coon Guinn Barker need to be fired along with Jim\u00e9nez-Sandoval \nhttps://t.co/hq7m4jcwfE https://t.co/Q0vhtN5qPS", "author_id": "25837333", "id": "1501804910207070208", "edit_history_tweet_ids": ["1501804910207070208"]}, {"created_at": "2022-03-10T06:18:03.000Z", "text": "@CADeptEd @TonyThurmond @AliceWaters Castro and #fresnostate are beyond belief \nAstone Mendoza Thompson Corey Chief Watson Hamm Coon Guinn Barker need to be fired along with Jim\u00e9nez-Sandoval \nhttps://t.co/hq7m4jcwfE", "author_id": "25837333", "id": "1501804558195953664", "edit_history_tweet_ids": ["1501804558195953664"]}, {"created_at": "2022-03-10T06:16:18.000Z", "text": "@calstate @IRSnews @CalFTB @FTBAdvocate @cdtfa @fionama @CalTreasurer Castro and #fresnostate are beyond belief \nAstone Mendoza Thompson Corey Chief Watson Hamm Coon Guinn Barker need to be fired along with Jim\u00e9nez-Sandoval \nhttps://t.co/hq7m4jcwfE", "author_id": "25837333", "id": "1501804117504659456", "edit_history_tweet_ids": ["1501804117504659456"]}, {"created_at": "2022-03-10T06:16:02.000Z", "text": "@CSUSM Castro and #fresnostate are beyond belief \nAstone Mendoza Thompson Corey Chief Watson Hamm Coon Guinn Barker need to be fired along with Jim\u00e9nez-Sandoval \nhttps://t.co/hq7m4jcwfE", "author_id": "25837333", "id": "1501804048743161859", "edit_history_tweet_ids": ["1501804048743161859"]}, {"created_at": "2022-03-10T06:15:46.000Z", "text": "@kevinmullin Castro and #fresnostate are beyond belief \nAstone Mendoza Thompson Corey Chief Watson Hamm Coon Guinn Barker need to be fired along with Jim\u00e9nez-Sandoval \nhttps://t.co/hq7m4ju7Ee", "author_id": "25837333", "id": "1501803983828049922", "edit_history_tweet_ids": ["1501803983828049922"]}, {"created_at": "2022-03-10T06:14:13.000Z", "text": "@sacstate Castro and #fresnostate are beyond belief \nAstone Mendoza Thompson Corey Chief Watson Hamm Coon Guinn Barker need to be fired along with Jim\u00e9nez-Sandoval \nhttps://t.co/hq7m4jcwfE", "author_id": "25837333", "id": "1501803592650412032", "edit_history_tweet_ids": ["1501803592650412032"]}], "meta": {"newest_id": "1503515162053017600", "oldest_id": "1501803592650412032", "result_count": 55}}