{"data": [{"edit_history_tweet_ids": ["1240033051222118400"], "text": "BOL\u00cdVAR: Marco Antonio Barrero, Carlos Arias, Marco Ferrufino, William Ib\u00e1\u00f1ez, Carlos Fernando Borja, Juan Urruti, Erwin S\u00e1nchez (Miguel Angel Rimba), Vladimir Soria, Carlos Angel L\u00f3pez, Fernando Salinas y Jorge Hirano.", "author_id": "775815570121904129", "created_at": "2020-03-17T21:51:32.000Z", "id": "1240033051222118400"}, {"edit_history_tweet_ids": ["1240032889540153344"], "text": "RT @gsemprunmdg: #Qu\u00e9Verg\u00fcenza  : Pedro S\u00e1nchez ve \"ejemplar\" la actuaci\u00f3n de Felipe VI tras desvelarse los pagos de Arabia Saud\u00ed a Juan Ca\u2026", "author_id": "354505784", "created_at": "2020-03-17T21:50:54.000Z", "id": "1240032889540153344"}, {"edit_history_tweet_ids": ["1240032592545624069"], "text": "RT @rimbaudarth: Pedro S\u00e1nchez \nPablo Iglesias \nIrene Montero\nCarmen Calvo\nAdriana Lastra\nMar\u00eda Jes\u00fas Montero\nFernando Sim\u00f3n\nFerreras\nAna P\u2026", "author_id": "301725247", "created_at": "2020-03-17T21:49:43.000Z", "id": "1240032592545624069"}, {"edit_history_tweet_ids": ["1240030792711122945"], "text": "RT @rimbaudarth: Pedro S\u00e1nchez \nPablo Iglesias \nIrene Montero\nCarmen Calvo\nAdriana Lastra\nMar\u00eda Jes\u00fas Montero\nFernando Sim\u00f3n\nFerreras\nAna P\u2026", "author_id": "1171532601183457282", "created_at": "2020-03-17T21:42:34.000Z", "id": "1240030792711122945"}, {"edit_history_tweet_ids": ["1240030061392207872"], "text": "RT @gsemprunmdg: #Qu\u00e9Verg\u00fcenza  : Pedro S\u00e1nchez ve \"ejemplar\" la actuaci\u00f3n de Felipe VI tras desvelarse los pagos de Arabia Saud\u00ed a Juan Ca\u2026", "author_id": "914900232491724800", "created_at": "2020-03-17T21:39:39.000Z", "id": "1240030061392207872"}, {"edit_history_tweet_ids": ["1240029916185481219"], "text": "RT @gsemprunmdg: #Qu\u00e9Verg\u00fcenza  : Pedro S\u00e1nchez ve \"ejemplar\" la actuaci\u00f3n de Felipe VI tras desvelarse los pagos de Arabia Saud\u00ed a Juan Ca\u2026", "author_id": "830470355869380609", "created_at": "2020-03-17T21:39:05.000Z", "id": "1240029916185481219"}, {"edit_history_tweet_ids": ["1240028232256274434"], "text": "RT @rimbaudarth: Pedro S\u00e1nchez \nPablo Iglesias \nIrene Montero\nCarmen Calvo\nAdriana Lastra\nMar\u00eda Jes\u00fas Montero\nFernando Sim\u00f3n\nFerreras\nAna P\u2026", "author_id": "1613378864", "created_at": "2020-03-17T21:32:23.000Z", "id": "1240028232256274434"}, {"edit_history_tweet_ids": ["1240027097118183424"], "text": "RT @rimbaudarth: Pedro S\u00e1nchez \nPablo Iglesias \nIrene Montero\nCarmen Calvo\nAdriana Lastra\nMar\u00eda Jes\u00fas Montero\nFernando Sim\u00f3n\nFerreras\nAna P\u2026", "author_id": "497127585", "created_at": "2020-03-17T21:27:53.000Z", "id": "1240027097118183424"}, {"edit_history_tweet_ids": ["1240024011331063811"], "text": "RT @rimbaudarth: Pedro S\u00e1nchez \nPablo Iglesias \nIrene Montero\nCarmen Calvo\nAdriana Lastra\nMar\u00eda Jes\u00fas Montero\nFernando Sim\u00f3n\nFerreras\nAna P\u2026", "author_id": "55973593", "created_at": "2020-03-17T21:15:37.000Z", "id": "1240024011331063811"}, {"edit_history_tweet_ids": ["1240023460006563842"], "text": "RT @eldiarioes: Pedro S\u00e1nchez ve \"ejemplar\" la actuaci\u00f3n de Felipe VI tras desvelarse los pagos de Arabia Saud\u00ed a Juan Carlos I https://t.c\u2026", "author_id": "289594339", "created_at": "2020-03-17T21:13:26.000Z", "id": "1240023460006563842"}, {"edit_history_tweet_ids": ["1240023068560547841"], "text": "RT @gsemprunmdg: #Qu\u00e9Verg\u00fcenza  : Pedro S\u00e1nchez ve \"ejemplar\" la actuaci\u00f3n de Felipe VI tras desvelarse los pagos de Arabia Saud\u00ed a Juan Ca\u2026", "author_id": "753987555624906752", "created_at": "2020-03-17T21:11:52.000Z", "id": "1240023068560547841"}, {"edit_history_tweet_ids": ["1240023028064534528"], "text": "RT @gsemprunmdg: #Qu\u00e9Verg\u00fcenza  : Pedro S\u00e1nchez ve \"ejemplar\" la actuaci\u00f3n de Felipe VI tras desvelarse los pagos de Arabia Saud\u00ed a Juan Ca\u2026", "author_id": "2555489617", "created_at": "2020-03-17T21:11:43.000Z", "id": "1240023028064534528"}, {"edit_history_tweet_ids": ["1240022653278224385"], "text": "RT @gsemprunmdg: #Qu\u00e9Verg\u00fcenza  : Pedro S\u00e1nchez ve \"ejemplar\" la actuaci\u00f3n de Felipe VI tras desvelarse los pagos de Arabia Saud\u00ed a Juan Ca\u2026", "author_id": "1273413043", "created_at": "2020-03-17T21:10:13.000Z", "id": "1240022653278224385"}, {"edit_history_tweet_ids": ["1240022179242291200"], "text": "RT @roberto_macias_: Comparto la opini\u00f3n, preguntas y preocupaciones de @jcgalindo_\n\n\u00bfNos va a ayudar se\u00f1or S\u00e1nchez? \n\nQue nos va a pasar c\u2026", "author_id": "258072436", "created_at": "2020-03-17T21:08:20.000Z", "id": "1240022179242291200"}, {"edit_history_tweet_ids": ["1240022138805014534"], "text": "Pedro S\u00e1nchez ve \"ejemplar\" la actuaci\u00f3n de Felipe VI tras desvelarse los pagos de Arabia Saud\u00ed a Juan Carlos I @CasaReal @sanchezcastejon \n https://t.co/AtZ2pNLQ9E", "author_id": "600521117", "created_at": "2020-03-17T21:08:11.000Z", "id": "1240022138805014534"}, {"edit_history_tweet_ids": ["1240022112921964545"], "text": "RT @ErnestoEkaizer: #Corinavirus La Casa del Rey dice discretamente que el 5 de marzo de 2019, tras conocer la existencia de la Fundaci\u00f3n L\u2026", "author_id": "1059783341950623744", "created_at": "2020-03-17T21:08:04.000Z", "id": "1240022112921964545"}, {"edit_history_tweet_ids": ["1240021533449478144"], "text": "RT @rimbaudarth: Pedro S\u00e1nchez \nPablo Iglesias \nIrene Montero\nCarmen Calvo\nAdriana Lastra\nMar\u00eda Jes\u00fas Montero\nFernando Sim\u00f3n\nFerreras\nAna P\u2026", "author_id": "369637041", "created_at": "2020-03-17T21:05:46.000Z", "id": "1240021533449478144"}, {"edit_history_tweet_ids": ["1240020290408787968"], "text": "RT @gsemprunmdg: #Qu\u00e9Verg\u00fcenza  : Pedro S\u00e1nchez ve \"ejemplar\" la actuaci\u00f3n de Felipe VI tras desvelarse los pagos de Arabia Saud\u00ed a Juan Ca\u2026", "author_id": "572209179", "created_at": "2020-03-17T21:00:50.000Z", "id": "1240020290408787968"}, {"edit_history_tweet_ids": ["1240019764136869895"], "text": "RT @gsemprunmdg: #Qu\u00e9Verg\u00fcenza  : Pedro S\u00e1nchez ve \"ejemplar\" la actuaci\u00f3n de Felipe VI tras desvelarse los pagos de Arabia Saud\u00ed a Juan Ca\u2026", "author_id": "1175409108582838272", "created_at": "2020-03-17T20:58:44.000Z", "id": "1240019764136869895"}, {"edit_history_tweet_ids": ["1240019341694943232"], "text": "RT @gsemprunmdg: #Qu\u00e9Verg\u00fcenza  : Pedro S\u00e1nchez ve \"ejemplar\" la actuaci\u00f3n de Felipe VI tras desvelarse los pagos de Arabia Saud\u00ed a Juan Ca\u2026", "author_id": "950912100708298752", "created_at": "2020-03-17T20:57:04.000Z", "id": "1240019341694943232"}, {"edit_history_tweet_ids": ["1240019220114673676"], "text": "RT @rimbaudarth: Pedro S\u00e1nchez \nPablo Iglesias \nIrene Montero\nCarmen Calvo\nAdriana Lastra\nMar\u00eda Jes\u00fas Montero\nFernando Sim\u00f3n\nFerreras\nAna P\u2026", "author_id": "1113551097476648960", "created_at": "2020-03-17T20:56:35.000Z", "id": "1240019220114673676"}, {"edit_history_tweet_ids": ["1240018781142945793"], "text": "RT @eldiarioes: Pedro S\u00e1nchez ve \"ejemplar\" la actuaci\u00f3n de Felipe VI tras desvelarse los pagos de Arabia Saud\u00ed a Juan Carlos I https://t.c\u2026", "author_id": "934186945428840448", "created_at": "2020-03-17T20:54:50.000Z", "id": "1240018781142945793"}, {"edit_history_tweet_ids": ["1240018730177966081"], "text": "RT @gsemprunmdg: #Qu\u00e9Verg\u00fcenza  : Pedro S\u00e1nchez ve \"ejemplar\" la actuaci\u00f3n de Felipe VI tras desvelarse los pagos de Arabia Saud\u00ed a Juan Ca\u2026", "author_id": "1219719154158227458", "created_at": "2020-03-17T20:54:38.000Z", "id": "1240018730177966081"}, {"edit_history_tweet_ids": ["1240018501039001601"], "text": "RT @gsemprunmdg: #Qu\u00e9Verg\u00fcenza  : Pedro S\u00e1nchez ve \"ejemplar\" la actuaci\u00f3n de Felipe VI tras desvelarse los pagos de Arabia Saud\u00ed a Juan Ca\u2026", "author_id": "80899853", "created_at": "2020-03-17T20:53:43.000Z", "id": "1240018501039001601"}, {"edit_history_tweet_ids": ["1240017629408047106"], "text": "RT @rimbaudarth: Pedro S\u00e1nchez \nPablo Iglesias \nIrene Montero\nCarmen Calvo\nAdriana Lastra\nMar\u00eda Jes\u00fas Montero\nFernando Sim\u00f3n\nFerreras\nAna P\u2026", "author_id": "934991642", "created_at": "2020-03-17T20:50:15.000Z", "id": "1240017629408047106"}, {"edit_history_tweet_ids": ["1240017227585380352"], "text": "RT @ErnestoEkaizer: #Corinavirus La Casa del Rey dice discretamente que el 5 de marzo de 2019, tras conocer la existencia de la Fundaci\u00f3n L\u2026", "author_id": "1117822552968183809", "created_at": "2020-03-17T20:48:40.000Z", "id": "1240017227585380352"}, {"edit_history_tweet_ids": ["1240016662327373826"], "text": "RT @rimbaudarth: Pedro S\u00e1nchez \nPablo Iglesias \nIrene Montero\nCarmen Calvo\nAdriana Lastra\nMar\u00eda Jes\u00fas Montero\nFernando Sim\u00f3n\nFerreras\nAna P\u2026", "author_id": "1202334268137058304", "created_at": "2020-03-17T20:46:25.000Z", "id": "1240016662327373826"}, {"edit_history_tweet_ids": ["1240015264391081985"], "text": "RT @rimbaudarth: Pedro S\u00e1nchez \nPablo Iglesias \nIrene Montero\nCarmen Calvo\nAdriana Lastra\nMar\u00eda Jes\u00fas Montero\nFernando Sim\u00f3n\nFerreras\nAna P\u2026", "author_id": "1222613396354404352", "created_at": "2020-03-17T20:40:52.000Z", "id": "1240015264391081985"}, {"edit_history_tweet_ids": ["1240014310102925312"], "text": "@Vive_Deportes C: Hector Sanchez\n1B: Luis Raven\n2B: Norman Carrasco\n3B: Leonardo Hernandez\nSs: Reiner Olmedo\nOF: Robert Perez\nOF: Raul Perez Tovar\nOF: \nDH: Jairo Ramos\nPD: Felipe Lira\nPZ: Juan Carlos Pulido\nRel: Jorge Julio Tapia\nRel:", "author_id": "103952323", "created_at": "2020-03-17T20:37:04.000Z", "id": "1240014310102925312"}, {"edit_history_tweet_ids": ["1240014110865199108"], "text": "RT @laSextaTV: El nuevo abogado del rey Juan Carlos, Javier S\u00e1nchez-Junco, se\u00f1ala que por el momento no ha recibido ninguna notificaci\u00f3n, c\u2026", "author_id": "979322475497623552", "created_at": "2020-03-17T20:36:17.000Z", "id": "1240014110865199108"}, {"edit_history_tweet_ids": ["1240013757415292928"], "text": "RT @MonicaAparicioA: @LanatoForever \u27a1\ufe0fAcertado, oportuno #hilo pol\u00edtido de delincuentes :\n\ud83d\udc49Luis Arce Catacora\ud83d\udc48\n\ud83d\udc49Hector Arce\ud83d\udc48\n\ud83d\udc49Wilma Alanoca\u2026", "author_id": "540413595", "created_at": "2020-03-17T20:34:52.000Z", "id": "1240013757415292928"}, {"edit_history_tweet_ids": ["1240013251380985862"], "text": "RT @rimbaudarth: Pedro S\u00e1nchez \nPablo Iglesias \nIrene Montero\nCarmen Calvo\nAdriana Lastra\nMar\u00eda Jes\u00fas Montero\nFernando Sim\u00f3n\nFerreras\nAna P\u2026", "author_id": "386064540", "created_at": "2020-03-17T20:32:52.000Z", "id": "1240013251380985862"}, {"edit_history_tweet_ids": ["1240012037507383304"], "text": "RT @rimbaudarth: Pedro S\u00e1nchez \nPablo Iglesias \nIrene Montero\nCarmen Calvo\nAdriana Lastra\nMar\u00eda Jes\u00fas Montero\nFernando Sim\u00f3n\nFerreras\nAna P\u2026", "author_id": "586411395", "created_at": "2020-03-17T20:28:02.000Z", "id": "1240012037507383304"}, {"edit_history_tweet_ids": ["1240011912936656898"], "text": "RT @rimbaudarth: Pedro S\u00e1nchez \nPablo Iglesias \nIrene Montero\nCarmen Calvo\nAdriana Lastra\nMar\u00eda Jes\u00fas Montero\nFernando Sim\u00f3n\nFerreras\nAna P\u2026", "author_id": "1076083126714224641", "created_at": "2020-03-17T20:27:33.000Z", "id": "1240011912936656898"}, {"edit_history_tweet_ids": ["1240011496870076419"], "text": "RT @laSextaTV: El nuevo abogado del rey Juan Carlos, Javier S\u00e1nchez-Junco, se\u00f1ala que por el momento no ha recibido ninguna notificaci\u00f3n, c\u2026", "author_id": "464920557", "created_at": "2020-03-17T20:25:53.000Z", "id": "1240011496870076419"}, {"edit_history_tweet_ids": ["1240010811575328770"], "text": "RT @laSextaTV: El nuevo abogado del rey Juan Carlos, Javier S\u00e1nchez-Junco, se\u00f1ala que por el momento no ha recibido ninguna notificaci\u00f3n, c\u2026", "author_id": "2553500017", "created_at": "2020-03-17T20:23:10.000Z", "id": "1240010811575328770"}, {"edit_history_tweet_ids": ["1240010732995043329"], "text": "RT @laSextaTV: El nuevo abogado del rey Juan Carlos, Javier S\u00e1nchez-Junco, se\u00f1ala que por el momento no ha recibido ninguna notificaci\u00f3n, c\u2026", "author_id": "870234735930429440", "created_at": "2020-03-17T20:22:51.000Z", "id": "1240010732995043329"}, {"edit_history_tweet_ids": ["1240010181779562496"], "text": "RT @laSextaTV: El nuevo abogado del rey Juan Carlos, Javier S\u00e1nchez-Junco, se\u00f1ala que por el momento no ha recibido ninguna notificaci\u00f3n, c\u2026", "author_id": "2509236969", "created_at": "2020-03-17T20:20:40.000Z", "id": "1240010181779562496"}, {"edit_history_tweet_ids": ["1240010158119489538"], "text": "RT @rimbaudarth: Pedro S\u00e1nchez \nPablo Iglesias \nIrene Montero\nCarmen Calvo\nAdriana Lastra\nMar\u00eda Jes\u00fas Montero\nFernando Sim\u00f3n\nFerreras\nAna P\u2026", "author_id": "1226978983818014721", "created_at": "2020-03-17T20:20:34.000Z", "id": "1240010158119489538"}, {"edit_history_tweet_ids": ["1240010016352014342"], "text": "El nuevo abogado del rey Juan Carlos, Javier S\u00e1nchez-Junco, se\u00f1ala que por el momento no ha recibido ninguna notificaci\u00f3n, comunicaci\u00f3n o requerimiento de autoridad judicial o fiscal alguna, ya sea nacional o extranjera. https://t.co/45zO9YGE51", "author_id": "22954354", "created_at": "2020-03-17T20:20:00.000Z", "id": "1240010016352014342"}, {"edit_history_tweet_ids": ["1240007850929393671"], "text": "RT @Geertxu: Pedro S\u00e1nchez apoya al Rey Felipe por renunciar a la herencia corrupta del Rey Juan Carlos y no dar ninguna explicaci\u00f3n de la\u2026", "author_id": "1095052713723944961", "created_at": "2020-03-17T20:11:24.000Z", "id": "1240007850929393671"}, {"edit_history_tweet_ids": ["1240007682733547520"], "text": "Pedro S\u00e1nchez ve necesarias las medidas adoptadas por el Rey Felipe VI al renunciar a la herencia de don Juan Carlos https://t.co/Qgi4XONY1N v\u00eda @diariomallorca", "author_id": "310318282", "created_at": "2020-03-17T20:10:44.000Z", "id": "1240007682733547520"}, {"edit_history_tweet_ids": ["1240006983228555265"], "text": "La verdad es que \u00e9ste es el mejor momento para que salga a la luz el escabroso tema de la herencia de Juan Carlos. https://t.co/eeMZuDZMuD", "author_id": "1711403580", "created_at": "2020-03-17T20:07:57.000Z", "id": "1240006983228555265"}, {"edit_history_tweet_ids": ["1240006256921849860"], "text": "RT @elmundoes: Pedro S\u00e1nchez apoya la decisi\u00f3n del Rey de renunciar a la herencia de Don Juan Carlos y retirarle la asignaci\u00f3n p\u00fablica http\u2026", "author_id": "1952158982", "created_at": "2020-03-17T20:05:04.000Z", "id": "1240006256921849860"}, {"edit_history_tweet_ids": ["1240006126466457600"], "text": "RT @ErnestoEkaizer: #Corinavirus El comunicado del domingo dice que Felipe VI decidi\u00f3  \"Trasladar copia de dicha carta a   Juan Carlos as\u00ed\u2026", "author_id": "1047318163", "created_at": "2020-03-17T20:04:33.000Z", "id": "1240006126466457600"}, {"edit_history_tweet_ids": ["1240005901450383361"], "text": "RT @MonicaAparicioA: @LanatoForever \u27a1\ufe0fAcertado, oportuno #hilo pol\u00edtido de delincuentes :\n\ud83d\udc49Luis Arce Catacora\ud83d\udc48\n\ud83d\udc49Hector Arce\ud83d\udc48\n\ud83d\udc49Wilma Alanoca\u2026", "author_id": "1182863910631809026", "created_at": "2020-03-17T20:03:39.000Z", "id": "1240005901450383361"}, {"edit_history_tweet_ids": ["1240005661007716357"], "text": "RT @elmundoes: Pedro S\u00e1nchez apoya la decisi\u00f3n del Rey de renunciar a la herencia de Don Juan Carlos y retirarle la asignaci\u00f3n p\u00fablica http\u2026", "author_id": "140512365", "created_at": "2020-03-17T20:02:42.000Z", "id": "1240005661007716357"}, {"edit_history_tweet_ids": ["1240005643882434561"], "text": "RT @elmundoes: Pedro S\u00e1nchez apoya la decisi\u00f3n del Rey de renunciar a la herencia de Don Juan Carlos y retirarle la asignaci\u00f3n p\u00fablica http\u2026", "author_id": "2822530382", "created_at": "2020-03-17T20:02:38.000Z", "id": "1240005643882434561"}, {"edit_history_tweet_ids": ["1240005576056352768"], "text": "RT @elmundoes: Pedro S\u00e1nchez apoya la decisi\u00f3n del Rey de renunciar a la herencia de Don Juan Carlos y retirarle la asignaci\u00f3n p\u00fablica http\u2026", "author_id": "1191478142881423361", "created_at": "2020-03-17T20:02:22.000Z", "id": "1240005576056352768"}, {"edit_history_tweet_ids": ["1240005485631279106"], "text": "Pedro S\u00e1nchez apoya la decisi\u00f3n del Rey de renunciar a la herencia de Don Juan Carlos y retirarle la asignaci\u00f3n p\u00fablica https://t.co/TkJPLt0h6f", "author_id": "14436030", "created_at": "2020-03-17T20:02:00.000Z", "id": "1240005485631279106"}, {"edit_history_tweet_ids": ["1240004679557316608"], "text": "RT @MonicaAparicioA: @LanatoForever \u27a1\ufe0fAcertado, oportuno #hilo pol\u00edtido de delincuentes :\n\ud83d\udc49Luis Arce Catacora\ud83d\udc48\n\ud83d\udc49Hector Arce\ud83d\udc48\n\ud83d\udc49Wilma Alanoca\u2026", "author_id": "1195550332027318273", "created_at": "2020-03-17T19:58:48.000Z", "id": "1240004679557316608"}, {"edit_history_tweet_ids": ["1240004097329303554"], "text": "RT @ErnestoEkaizer: #Corinavirus El comunicado del domingo dice que Felipe VI decidi\u00f3  \"Trasladar copia de dicha carta a   Juan Carlos as\u00ed\u2026", "author_id": "1091449054947696640", "created_at": "2020-03-17T19:56:29.000Z", "id": "1240004097329303554"}, {"edit_history_tweet_ids": ["1240003987304337415"], "text": "RT @ErnestoEkaizer: #Corinavirus El comunicado del domingo dice que Felipe VI decidi\u00f3  \"Trasladar copia de dicha carta a   Juan Carlos as\u00ed\u2026", "author_id": "1176801423952138240", "created_at": "2020-03-17T19:56:03.000Z", "id": "1240003987304337415"}, {"edit_history_tweet_ids": ["1240002593763528705"], "text": "@LanatoForever \u27a1\ufe0fAcertado, oportuno #hilo pol\u00edtido de delincuentes :\n\ud83d\udc49Luis Arce Catacora\ud83d\udc48\n\ud83d\udc49Hector Arce\ud83d\udc48\n\ud83d\udc49Wilma Alanoca\ud83d\udc48\n\ud83d\udc49Alvaro Carc\u00eda Linera\ud83d\udc48\n\ud83d\udc49Juan Ram\u00f3n Quintana\ud83d\udc48\n\ud83d\udc49Carlos Romero\ud83d\udc48\n\ud83d\udc49Javier Zavaleta\ud83d\udc48\n\ud83d\udc49N\u00e9lida Sifuentes\ud83d\udc48\n\ud83d\udc49Jose Luis S\u00e1nchez\ud83d\udc48\n\ud83d\udc49Gabriela Monta\u00f1o\ud83d\udc48\n\ud83d\udc49Diego Pary\ud83d\udc48\n\u2935\ufe0f https://t.co/1B0y2bxflr", "author_id": "284003418", "created_at": "2020-03-17T19:50:31.000Z", "id": "1240002593763528705"}, {"edit_history_tweet_ids": ["1240002413198802949"], "text": "RT @rimbaudarth: Pedro S\u00e1nchez \nPablo Iglesias \nIrene Montero\nCarmen Calvo\nAdriana Lastra\nMar\u00eda Jes\u00fas Montero\nFernando Sim\u00f3n\nFerreras\nAna P\u2026", "author_id": "2160735702", "created_at": "2020-03-17T19:49:48.000Z", "id": "1240002413198802949"}, {"edit_history_tweet_ids": ["1240000699901116418"], "text": "RT @ErnestoEkaizer: #JuanCarlosI Urgente^^^ Felipe VI  conoc\u00eda (al menos) desde el 5/3/2019 \u00a1a situaci\u00f3n de la Fundaci\u00f3n Lucum y la Fundaci\u2026", "author_id": "2277306623", "created_at": "2020-03-17T19:42:59.000Z", "id": "1240000699901116418"}, {"edit_history_tweet_ids": ["1240000667726614528"], "text": "RT @rimbaudarth: Pedro S\u00e1nchez \nPablo Iglesias \nIrene Montero\nCarmen Calvo\nAdriana Lastra\nMar\u00eda Jes\u00fas Montero\nFernando Sim\u00f3n\nFerreras\nAna P\u2026", "author_id": "1083041314353172482", "created_at": "2020-03-17T19:42:51.000Z", "id": "1240000667726614528"}, {"edit_history_tweet_ids": ["1239999664449105920"], "text": "RT @rimbaudarth: Pedro S\u00e1nchez \nPablo Iglesias \nIrene Montero\nCarmen Calvo\nAdriana Lastra\nMar\u00eda Jes\u00fas Montero\nFernando Sim\u00f3n\nFerreras\nAna P\u2026", "author_id": "1852089906", "created_at": "2020-03-17T19:38:52.000Z", "id": "1239999664449105920"}, {"edit_history_tweet_ids": ["1239999193462255622"], "text": "RT @rimbaudarth: Pedro S\u00e1nchez \nPablo Iglesias \nIrene Montero\nCarmen Calvo\nAdriana Lastra\nMar\u00eda Jes\u00fas Montero\nFernando Sim\u00f3n\nFerreras\nAna P\u2026", "author_id": "274762800", "created_at": "2020-03-17T19:37:00.000Z", "id": "1239999193462255622"}, {"edit_history_tweet_ids": ["1239998915598000128"], "text": "RT @rimbaudarth: Pedro S\u00e1nchez \nPablo Iglesias \nIrene Montero\nCarmen Calvo\nAdriana Lastra\nMar\u00eda Jes\u00fas Montero\nFernando Sim\u00f3n\nFerreras\nAna P\u2026", "author_id": "1120446023690854401", "created_at": "2020-03-17T19:35:54.000Z", "id": "1239998915598000128"}, {"edit_history_tweet_ids": ["1239998510914768899"], "text": "RT @nodo50: Mas cooperadores necesarios para la delincuencia real https://t.co/HDnC63k4Xe", "author_id": "1171860604816154629", "created_at": "2020-03-17T19:34:17.000Z", "id": "1239998510914768899"}, {"edit_history_tweet_ids": ["1239996478145400832"], "text": "RT @rimbaudarth: Pedro S\u00e1nchez \nPablo Iglesias \nIrene Montero\nCarmen Calvo\nAdriana Lastra\nMar\u00eda Jes\u00fas Montero\nFernando Sim\u00f3n\nFerreras\nAna P\u2026", "author_id": "958431355783786497", "created_at": "2020-03-17T19:26:13.000Z", "id": "1239996478145400832"}, {"edit_history_tweet_ids": ["1239995027222339585"], "text": "RT @srperezpolanco: @BravesGasm All-Latino:\n\nP Luis Severino\nC Gary S\u00e1nchez\n1B Carlos Santana\n2B Marco Scutaro\nSS Danny Santana\n3B Pablo Sa\u2026", "author_id": "53509516", "created_at": "2020-03-17T19:20:27.000Z", "id": "1239995027222339585"}, {"edit_history_tweet_ids": ["1239994493035851777"], "text": "RT @NiusDiario: S\u00e1nchez considera que la decisi\u00f3n de Felipe VI de retirar la asignaci\u00f3n al rey Juan Carlos y renunciar a la posible herenci\u2026", "author_id": "749290437135990784", "created_at": "2020-03-17T19:18:19.000Z", "id": "1239994493035851777"}, {"edit_history_tweet_ids": ["1239993907749978114"], "text": "S\u00e1nchez considera que la decisi\u00f3n de Felipe VI de retirar la asignaci\u00f3n al rey Juan Carlos y renunciar a la posible herencia es \"coherente\" con su pol\u00edtica de transparencia\n\n\u270d\ufe0f Por @monteroblog \nhttps://t.co/3JLxPYwvMn", "author_id": "1115538035167330304", "created_at": "2020-03-17T19:16:00.000Z", "id": "1239993907749978114"}, {"edit_history_tweet_ids": ["1239993710051557380"], "text": "RT @rimbaudarth: Pedro S\u00e1nchez \nPablo Iglesias \nIrene Montero\nCarmen Calvo\nAdriana Lastra\nMar\u00eda Jes\u00fas Montero\nFernando Sim\u00f3n\nFerreras\nAna P\u2026", "author_id": "1230933687484715009", "created_at": "2020-03-17T19:15:13.000Z", "id": "1239993710051557380"}, {"edit_history_tweet_ids": ["1239993696113831937"], "text": "RT @rimbaudarth: Pedro S\u00e1nchez \nPablo Iglesias \nIrene Montero\nCarmen Calvo\nAdriana Lastra\nMar\u00eda Jes\u00fas Montero\nFernando Sim\u00f3n\nFerreras\nAna P\u2026", "author_id": "1203098168", "created_at": "2020-03-17T19:15:09.000Z", "id": "1239993696113831937"}, {"edit_history_tweet_ids": ["1239993279908904963"], "text": "RT @rimbaudarth: Pedro S\u00e1nchez \nPablo Iglesias \nIrene Montero\nCarmen Calvo\nAdriana Lastra\nMar\u00eda Jes\u00fas Montero\nFernando Sim\u00f3n\nFerreras\nAna P\u2026", "author_id": "2548514720", "created_at": "2020-03-17T19:13:30.000Z", "id": "1239993279908904963"}, {"edit_history_tweet_ids": ["1239993076048900096"], "text": "@BravesGasm All-Latino:\n\nP Luis Severino\nC Gary S\u00e1nchez\n1B Carlos Santana\n2B Marco Scutaro\nSS Danny Santana\n3B Pablo Sandoval\nRF Rub\u00e9n Sierra\nCF Alfonso Soriano\nLF Juan Soto", "author_id": "65234602", "created_at": "2020-03-17T19:12:41.000Z", "id": "1239993076048900096"}, {"edit_history_tweet_ids": ["1239993023959834624"], "text": "RT @rimbaudarth: Pedro S\u00e1nchez \nPablo Iglesias \nIrene Montero\nCarmen Calvo\nAdriana Lastra\nMar\u00eda Jes\u00fas Montero\nFernando Sim\u00f3n\nFerreras\nAna P\u2026", "author_id": "1099349338260758528", "created_at": "2020-03-17T19:12:29.000Z", "id": "1239993023959834624"}, {"edit_history_tweet_ids": ["1239991840327204866"], "text": "Fue un gran Rey, pero se equivoc\u00f3. de amigos, ya lo est\u00e1 purgando, dejarlo tranquilo .\u00bf O sacamos la basura del gobierno de Sanchez?\n...\n\nEl rey mantuvo un a\u00f1o la asignaci\u00f3n de 194.000 euros a su padre pese a conocer la fundaci\u00f3n opaca https://t.co/8u9jXgrBjV v\u00eda @NiusDiario", "author_id": "84674034", "created_at": "2020-03-17T19:07:47.000Z", "id": "1239991840327204866"}, {"edit_history_tweet_ids": ["1239989750255300621"], "text": "RT @rimbaudarth: Pedro S\u00e1nchez \nPablo Iglesias \nIrene Montero\nCarmen Calvo\nAdriana Lastra\nMar\u00eda Jes\u00fas Montero\nFernando Sim\u00f3n\nFerreras\nAna P\u2026", "author_id": "3297862426", "created_at": "2020-03-17T18:59:29.000Z", "id": "1239989750255300621"}, {"edit_history_tweet_ids": ["1239989392384589826"], "text": "RT @ErnestoEkaizer: #Corinavirus La Casa del Rey dice discretamente que el 5 de marzo de 2019, tras conocer la existencia de la Fundaci\u00f3n L\u2026", "author_id": "3523605562", "created_at": "2020-03-17T18:58:03.000Z", "id": "1239989392384589826"}, {"edit_history_tweet_ids": ["1239989369542508544"], "text": "RT @rimbaudarth: Pedro S\u00e1nchez \nPablo Iglesias \nIrene Montero\nCarmen Calvo\nAdriana Lastra\nMar\u00eda Jes\u00fas Montero\nFernando Sim\u00f3n\nFerreras\nAna P\u2026", "author_id": "223407473", "created_at": "2020-03-17T18:57:58.000Z", "id": "1239989369542508544"}, {"edit_history_tweet_ids": ["1239989099773206531"], "text": "El letrado del Rey Em\u00e9rito, Javier S\u00e1nchez-Junco, asegura que la Justicia todav\u00eda no le ha requerido\n https://t.co/14K59n44WC", "author_id": "129907921", "created_at": "2020-03-17T18:56:53.000Z", "id": "1239989099773206531"}, {"edit_history_tweet_ids": ["1239985905588453377"], "text": "RT @rimbaudarth: Pedro S\u00e1nchez \nPablo Iglesias \nIrene Montero\nCarmen Calvo\nAdriana Lastra\nMar\u00eda Jes\u00fas Montero\nFernando Sim\u00f3n\nFerreras\nAna P\u2026", "author_id": "909340035866079232", "created_at": "2020-03-17T18:44:12.000Z", "id": "1239985905588453377"}, {"edit_history_tweet_ids": ["1239985606698119176"], "text": "RT @rimbaudarth: Pedro S\u00e1nchez \nPablo Iglesias \nIrene Montero\nCarmen Calvo\nAdriana Lastra\nMar\u00eda Jes\u00fas Montero\nFernando Sim\u00f3n\nFerreras\nAna P\u2026", "author_id": "1280454248", "created_at": "2020-03-17T18:43:01.000Z", "id": "1239985606698119176"}, {"edit_history_tweet_ids": ["1239985064450146304"], "text": "RT @rimbaudarth: Pedro S\u00e1nchez \nPablo Iglesias \nIrene Montero\nCarmen Calvo\nAdriana Lastra\nMar\u00eda Jes\u00fas Montero\nFernando Sim\u00f3n\nFerreras\nAna P\u2026", "author_id": "4866442779", "created_at": "2020-03-17T18:40:51.000Z", "id": "1239985064450146304"}, {"edit_history_tweet_ids": ["1239984346456563713"], "text": "El Rey Juan Carlos no ha recibido requerimiento judicial alguno,dice un comunicado emitido esta tarde x el abogado Javier Sanchez -Junco, defensor y portavoz a partir d ahora del padre d Felipe VI.", "author_id": "255408767", "created_at": "2020-03-17T18:38:00.000Z", "id": "1239984346456563713"}, {"edit_history_tweet_ids": ["1239982472642924555"], "text": "RT @voz_populi: S\u00e1nchez apoya las decisiones de Felipe VI, pero no aclara si supo hace un a\u00f1o de la fundaci\u00f3n de Juan Carlos I. Informa @an\u2026", "author_id": "418123217", "created_at": "2020-03-17T18:30:33.000Z", "id": "1239982472642924555"}, {"edit_history_tweet_ids": ["1239979958937751552"], "text": "Mas cooperadores necesarios para la delincuencia real https://t.co/HDnC63k4Xe", "author_id": "70644870", "created_at": "2020-03-17T18:20:34.000Z", "id": "1239979958937751552"}, {"edit_history_tweet_ids": ["1239979733296783363"], "text": "RT @okdiario: Pedro S\u00e1nchez apoya la renuncia de Felipe VI a la herencia de Juan Carlos I: \"Ha sido coherente\" https://t.co/wE9asvEo9V", "author_id": "1062452678939303936", "created_at": "2020-03-17T18:19:40.000Z", "id": "1239979733296783363"}, {"edit_history_tweet_ids": ["1239979632620945410"], "text": "S\u00e1nchez ve \u00abnecesaria\u00bb y \u00abejemplar\u00bb la reacci\u00f3n de Felipe VI https://t.co/xGbPeKTZrs", "author_id": "1239213814488367112", "created_at": "2020-03-17T18:19:16.000Z", "id": "1239979632620945410"}, {"edit_history_tweet_ids": ["1239977769003614213"], "text": "RT @rimbaudarth: Pedro S\u00e1nchez \nPablo Iglesias \nIrene Montero\nCarmen Calvo\nAdriana Lastra\nMar\u00eda Jes\u00fas Montero\nFernando Sim\u00f3n\nFerreras\nAna P\u2026", "author_id": "950329640547176448", "created_at": "2020-03-17T18:11:52.000Z", "id": "1239977769003614213"}, {"edit_history_tweet_ids": ["1239975386353676288"], "text": "RT @eldiarioes: Pedro S\u00e1nchez ve \"ejemplar\" la actuaci\u00f3n de Felipe VI tras desvelarse los pagos de Arabia Saud\u00ed a Juan Carlos I https://t.c\u2026", "author_id": "4196637784", "created_at": "2020-03-17T18:02:24.000Z", "id": "1239975386353676288"}, {"edit_history_tweet_ids": ["1239974343800582145"], "text": "RT @rimbaudarth: Pedro S\u00e1nchez \nPablo Iglesias \nIrene Montero\nCarmen Calvo\nAdriana Lastra\nMar\u00eda Jes\u00fas Montero\nFernando Sim\u00f3n\nFerreras\nAna P\u2026", "author_id": "404333574", "created_at": "2020-03-17T17:58:15.000Z", "id": "1239974343800582145"}, {"edit_history_tweet_ids": ["1239972045540061184"], "text": "@GrandesELD Tatis SS, starling Marte CF, Juan Soto LF, Manny Machado 3B, Nelson Cruz DH, Carlos Santana 1B, Gary S\u00e1nchez C, Eloy Jim\u00e9nez RF, Jose Ram\u00edrez 2B y Luis Castillo P.", "author_id": "234022025", "created_at": "2020-03-17T17:49:07.000Z", "id": "1239972045540061184"}, {"edit_history_tweet_ids": ["1239971717063135236"], "text": "@rosapantin1301 @PaulDesenne El tema ahora ser\u00e1 la monarqu\u00eda y la corrupci\u00f3n del rey Juan Carlos, ver\u00e1n que van a saturar los medios con chismes, dimes y diretes de la vida personal de los reyes para as\u00ed enmascarar los errores criminales de S\u00e1nchez y su gobierno. Est\u00e1n dispuestos a cortarle la cabeza", "author_id": "130927173", "created_at": "2020-03-17T17:47:49.000Z", "id": "1239971717063135236"}, {"edit_history_tweet_ids": ["1239970332322086921"], "text": "RT @eldiarioes: Pedro S\u00e1nchez ve \"ejemplar\" la actuaci\u00f3n de Felipe VI tras desvelarse los pagos de Arabia Saud\u00ed a Juan Carlos I https://t.c\u2026", "author_id": "2430567354", "created_at": "2020-03-17T17:42:19.000Z", "id": "1239970332322086921"}, {"edit_history_tweet_ids": ["1239969815709634566"], "text": "Mi equipo ideal para el cl\u00e1sico 2021! @dSoldevila \n\n2B: Ketel Marte \nLF: Juan Soto\n3B: Manny Machado \nDH: Nelson Cruz\nCA: Gary S\u00e1nchez\n1B: Carlos Santana\nRF: Eloy Jimenez\nCF: V\u00edctor Robles \nPI: Luis Castillo", "author_id": "745117408394780674", "created_at": "2020-03-17T17:40:16.000Z", "id": "1239969815709634566"}, {"edit_history_tweet_ids": ["1239969114824658946"], "text": "RT @rimbaudarth: Pedro S\u00e1nchez \nPablo Iglesias \nIrene Montero\nCarmen Calvo\nAdriana Lastra\nMar\u00eda Jes\u00fas Montero\nFernando Sim\u00f3n\nFerreras\nAna P\u2026", "author_id": "1121439160617902086", "created_at": "2020-03-17T17:37:29.000Z", "id": "1239969114824658946"}, {"edit_history_tweet_ids": ["1239969110974324736"], "text": "@ArvingGonzalez C Gary Sanchez\n1B Carlos Santana\n2B Jos\u00e9 Ram\u00edrez \n3B Manny Machado \nSS Fernando Tatis Jr\nLF Juan Soto\nCF Starling Marte\nRF Ketel Marte\nDH Nelson Cruz\n\nSP1 Luis Castillo \nSP2 Frankie Montas\nSP3 Freddy Peralta\n\nRP Britton\nRP Colome\nRP Robles\nRP Familia\nRP Castillo\nRP Betances", "author_id": "912884216", "created_at": "2020-03-17T17:37:28.000Z", "id": "1239969110974324736"}, {"edit_history_tweet_ids": ["1239968911790977027"], "text": "@GrandesELD C Gary Sanchez\n1B Carlos Santana\n2B Jos\u00e9 Ram\u00edrez \n3B Manny Machado \nSS Fernando Tatis Jr\nLF Juan Soto\nCF Starling Marte\nRF Ketel Marte\nDH Nelson Cruz\n\nSP1 Luis Castillo \nSP2 Frankie Montas\nSP3 Freddy Peralta\n\nRP Britton\nRP Colome\nRP Robles\nRP Familia\nRP Castillo\nRP Betances", "author_id": "912884216", "created_at": "2020-03-17T17:36:40.000Z", "id": "1239968911790977027"}, {"edit_history_tweet_ids": ["1239968722267197443"], "text": "RT @rimbaudarth: Pedro S\u00e1nchez \nPablo Iglesias \nIrene Montero\nCarmen Calvo\nAdriana Lastra\nMar\u00eda Jes\u00fas Montero\nFernando Sim\u00f3n\nFerreras\nAna P\u2026", "author_id": "3084667252", "created_at": "2020-03-17T17:35:55.000Z", "id": "1239968722267197443"}, {"edit_history_tweet_ids": ["1239968329722281991"], "text": "@XaviSol_ \ud83c\udde6\ud83c\uddf7 Funes Mori / Piojo L\u00f3pez\n\ud83c\udde8\ud83c\uddf4 Dorlan / Frankie Oviedo\n\ud83c\uddf5\ud83c\uddfe Bruno / Cardozo\n\ud83c\uddfa\ud83c\uddfe Vi\u00f1as / Vicente S\u00e1nchez\n\ud83c\uddea\ud83c\udde8 Mena / Aguinaga\n\ud83c\uddf5\ud83c\uddea Yotun / Juan Reynoso\n\ud83c\udde8\ud83c\uddf1 Edu Vargas / Iv\u00e1n Zamorano\n\ud83c\udde7\ud83c\uddf7 Sanvezzo / Antonio Carlos Santos", "author_id": "1143656983100190720", "created_at": "2020-03-17T17:34:21.000Z", "id": "1239968329722281991"}, {"edit_history_tweet_ids": ["1239968245681029121"], "text": "RT @rimbaudarth: Pedro S\u00e1nchez \nPablo Iglesias \nIrene Montero\nCarmen Calvo\nAdriana Lastra\nMar\u00eda Jes\u00fas Montero\nFernando Sim\u00f3n\nFerreras\nAna P\u2026", "author_id": "1235886856954433543", "created_at": "2020-03-17T17:34:01.000Z", "id": "1239968245681029121"}, {"edit_history_tweet_ids": ["1239967690120282117"], "text": "RT @AnibalMalvar: \u00bfLa Corona que ahy detr\u00e1s de Pedro S\u00e1nchez es por el virus o por Juan Carlos?", "author_id": "407831713", "created_at": "2020-03-17T17:31:49.000Z", "id": "1239967690120282117"}, {"edit_history_tweet_ids": ["1239966675698475010"], "text": "RT @CMM_noticias: \ud83d\udde3\ufe0f\"Lo \u00fanico que puedo hacer es apoyar la decisi\u00f3n tomada por el rey Felipe VI [...] creo que son unas medidas necesarias\"\u2026", "author_id": "1124866076", "created_at": "2020-03-17T17:27:47.000Z", "id": "1239966675698475010"}, {"edit_history_tweet_ids": ["1239965080692772864"], "text": "@GrandesELD Gary Sanchez C, Carlos Santana 1B, Jos\u00e9 Ramirez 2B, Fernando Tatis SS, Manny Machado 3B, Starling Marte LF, Victor Robles CF, Juan Soto RF y Eloy, Vlady, Pujols (que quiere ir) DH. Hay que llevar a Can\u00f3, Jean Segura, y otros.", "author_id": "51438990", "created_at": "2020-03-17T17:21:27.000Z", "id": "1239965080692772864"}, {"edit_history_tweet_ids": ["1239964573232316416"], "text": "RT @voz_populi: S\u00e1nchez apoya las decisiones de Felipe VI, pero no aclara si supo hace un a\u00f1o de la fundaci\u00f3n de Juan Carlos I. Informa @an\u2026", "author_id": "1329977142", "created_at": "2020-03-17T17:19:26.000Z", "id": "1239964573232316416"}], "meta": {"newest_id": "1240033051222118400", "oldest_id": "1239964573232316416", "result_count": 100, "next_token": "b26v89c19zqg8o3fo74hdujcgktcejr0id2bb95fiow3h"}}