{"data": [{"edit_history_tweet_ids": ["1165039248350896128"], "author_id": "1596852037", "id": "1165039248350896128", "text": "Una reuni\u00f3n con la direcci\u00f3n y funcionarios del consultorio de salud de Los Niches, sostuvo esta tarde el alcalde Javier Mu\u00f1oz Riquelme. En la oportunidad el jefe comunal fue acompa\u00f1ado por el director comunal de salud Nelson Guti\u00e9rrez. https://t.co/trUiPo9HT1", "created_at": "2019-08-23T23:12:56.000Z"}, {"edit_history_tweet_ids": ["1164995892690194432"], "author_id": "882440364954591233", "id": "1164995892690194432", "text": "@rhfmontero @WazePeru He visto peores, ah. Es una desgracia ese chat, no sirve para absolutamente nada m\u00e1s que leer a colectiveros insultar a Mu\u00f1oz y a pitucos en Javier Prado dici\u00e9ndole pezu\u00f1entos a los taxistas. Waze no tiene ning\u00fan liderazgo en su propio chat.", "created_at": "2019-08-23T20:20:40.000Z"}, {"edit_history_tweet_ids": ["1164995114575564802"], "author_id": "49239316", "id": "1164995114575564802", "text": "La joven deportista logr\u00f3 una gran participaci\u00f3n en el Circuito Mundial en El Salvador y ahora se prepara para el Campeonato Latinoamericano. https://t.co/Nt9wjvkJgK", "created_at": "2019-08-23T20:17:34.000Z"}, {"edit_history_tweet_ids": ["1164986593754669056"], "author_id": "364653622", "id": "1164986593754669056", "text": "Me sorprendi\u00f3 la tranquilidad de Javier Mu\u00f1oz Q.E.P.D y el cagazo que ten\u00eda el Pato Y\u00e1\u00f1ez con ese temblor \ud83e\udd23\ud83e\udd23\ud83e\udd23 https://t.co/sIlLlzmrSy", "created_at": "2019-08-23T19:43:43.000Z"}, {"edit_history_tweet_ids": ["1164964062058504192"], "author_id": "778169929", "id": "1164964062058504192", "text": "@FiscaliaPeru @Politica_LR @canalN_ @MarthaChavezC @pcmperu Que est\u00e1 invadiendo? alcalde Mu\u00f1oz? La Javier prado con divisiones de pistas y veredas ya debe terminar carretera central sin otros proyectos. https://t.co/OmcaCwWy3G", "created_at": "2019-08-23T18:14:11.000Z"}, {"edit_history_tweet_ids": ["1164932148006150144"], "author_id": "1045257274904793088", "id": "1164932148006150144", "text": "@JFCadavid @AS_Colombia Wbeimar mu\u00f1oz , javier hernandes bonnet que tipos para saber de futbol y lo mejor imparciales", "created_at": "2019-08-23T16:07:22.000Z"}, {"edit_history_tweet_ids": ["1164921365725679617"], "author_id": "54132721", "id": "1164921365725679617", "text": "@fc_pirata @mal_menor Y ahora la Javier prado toda a 60 km x hora!! Pendex Mu\u00f1oz, por todo quiere sacar plata !", "created_at": "2019-08-23T15:24:31.000Z"}, {"edit_history_tweet_ids": ["1164920306210934789"], "author_id": "3243354294", "id": "1164920306210934789", "text": "Nueva temporada de expos en el #MACQ\nInauguraci\u00f3n: mi\u00e9rcoles 28, 19:30 h\n\ud83d\udc49Estaciones de Javier Hinojosa\n\ud83d\udc49Iteraci\u00f3n 47 de Quirarte + Ornelas\n\ud83d\udc49El ri\u00f3 y la monta\u00f1a de Alejandro Uribe y Gerardo Mu\u00f1oz\n\ud83d\udc49Sobre lo natural Muestra colectiva de Taller30\n#QroOr\u2026 https://t.co/N3UBtMdsxR", "created_at": "2019-08-23T15:20:18.000Z"}, {"edit_history_tweet_ids": ["1164919804278517760"], "author_id": "98722827", "id": "1164919804278517760", "text": "Nueva temporada de expos en el #MACQ\nInauguraci\u00f3n: mi\u00e9rcoles 28, 19:30 h\n\ud83d\udc49Estaciones de Javier Hinojosa\n\ud83d\udc49Iteraci\u00f3n 47 de Quirarte + Ornelas\n\ud83d\udc49El ri\u00f3 y la monta\u00f1a de Alejandro Uribe y Gerardo Mu\u00f1oz\n\ud83d\udc49Sobre lo natural Muestra colectiva de Taller30\n#QroOrgulloDeMx #CulturaQro https://t.co/N59IR6LNg2", "created_at": "2019-08-23T15:18:19.000Z"}, {"edit_history_tweet_ids": ["1164900447221628929"], "author_id": "26595004", "id": "1164900447221628929", "text": "The latest The Javier Hern\u00e1ndez Daily! https://t.co/csOQiIEXxq Thanks to @adsuara @javi_macia @munoz_guadalupe #pol\u00edtica #lomasleido", "created_at": "2019-08-23T14:01:24.000Z"}, {"edit_history_tweet_ids": ["1164887656691621893"], "author_id": "1128814575749668864", "id": "1164887656691621893", "text": "RT @MPIPRIV: Looking forward to have Dr Javier Ochoa Mu\u00f1oz from @MDIPC_UCV at our institute. More information on the workshop \"The Role of\u2026", "created_at": "2019-08-23T13:10:34.000Z"}, {"edit_history_tweet_ids": ["1164884870184747008"], "author_id": "920228779947122688", "id": "1164884870184747008", "text": "Looking forward to have Dr Javier Ochoa Mu\u00f1oz from @MDIPC_UCV at our institute. More information on the workshop \"The Role of Academia in Latin American Private International Law\" here: https://t.co/TH1mW6SYZc https://t.co/qV2bUymbWU", "created_at": "2019-08-23T12:59:30.000Z"}, {"edit_history_tweet_ids": ["1164729369786486784"], "author_id": "2550228680", "id": "1164729369786486784", "text": "Alcalde de Curic\u00f3 Javier Mu\u00f1oz Riquelme se refiri\u00f3 al sumario que se realiza en departamento DIDECO https://t.co/YvS1BSBQSJ", "created_at": "2019-08-23T02:41:36.000Z"}, {"edit_history_tweet_ids": ["1164713755986583553"], "author_id": "893940162903904260", "id": "1164713755986583553", "text": "RT @qtoplife: Il Duomo\n\nCENA MARIDAJE con el Reconocido Chef Icono Ib\u00e9rico de la Gastronom\u00eda:  JAVIER MU\u00d1OZ \n\n\ud83d\udcc6 S\u00e1bado 31 Agosto \n\ud83d\udd58 9:00 pm\u2026", "created_at": "2019-08-23T01:39:33.000Z"}, {"edit_history_tweet_ids": ["1164672027418091520"], "author_id": "2382975618", "id": "1164672027418091520", "text": "Javier Mu\u00f1oz, Trinidad Blanco Cazarin https://t.co/TI6wk7UkaF", "created_at": "2019-08-22T22:53:44.000Z"}, {"edit_history_tweet_ids": ["1164659894387118082"], "author_id": "19070182", "id": "1164659894387118082", "text": "Alcalde Javier Mu\u00f1oz Riquelme se refiri\u00f3 al sumario que hoy se realiza en DIDECO. https://t.co/gsFEwtW6YB v\u00eda @CCN Cr\u00f3nica Noticias", "created_at": "2019-08-22T22:05:31.000Z"}, {"edit_history_tweet_ids": ["1164613381506162690"], "author_id": "282109095", "id": "1164613381506162690", "text": "Confirmen mijinis! Francisco Javier Berrezueta Alvarez Andres Mu\u00f1oz Pablo Velez Alvarez Gabbo Llivisupa Calle Jonathan Kordova fieles hasta la muerte! https://t.co/OkiIcBowFo", "created_at": "2019-08-22T19:00:42.000Z"}, {"edit_history_tweet_ids": ["1164602435115126784"], "author_id": "2710757575", "id": "1164602435115126784", "text": "Crisis ambiental tiene origen en\u00a0crisis de valores: Javier\u00a0Mu\u00f1oz https://t.co/w4AQOshpxF https://t.co/Q3wO9LJ4nM", "created_at": "2019-08-22T18:17:12.000Z"}, {"edit_history_tweet_ids": ["1164602392291291137"], "author_id": "94459066", "id": "1164602392291291137", "text": "@rmapalacios Debe desparecer!! Es un conejo que mu\u00f1oz sac\u00f3 del sombrero!! Ayer, en javier prado, hab\u00edan much\u00edsimos colectivos informales!! Nadie controlaba nada!! \ud83d\ude21\ud83d\ude21\ud83d\ude21", "created_at": "2019-08-22T18:17:02.000Z"}, {"edit_history_tweet_ids": ["1164598109906718721"], "author_id": "987922842", "id": "1164598109906718721", "text": "Crisis ambiental tiene origen en crisis de valores: Javier Mu\u00f1oz - https://t.co/AGAMGoO5DN https://t.co/oMCVWTwyMH", "created_at": "2019-08-22T18:00:01.000Z"}, {"edit_history_tweet_ids": ["1164596071663886336"], "author_id": "100588763", "id": "1164596071663886336", "text": "RT @Riverita1924: Inician los Juegos #Parapanamericanos  en #Lima2019. En Tenis de Mesa la delegaci\u00f3n salvadore\u00f1a esta representada por Mel\u2026", "created_at": "2019-08-22T17:51:55.000Z"}, {"edit_history_tweet_ids": ["1164591855528550402"], "author_id": "898526922019352577", "id": "1164591855528550402", "text": "Inician los Juegos #Parapanamericanos  en #Lima2019. En Tenis de Mesa la delegaci\u00f3n salvadore\u00f1a esta representada por Melvin Mu\u00f1oz , clase 10, Javier  C\u00f3rdova, clase 8, Gabriel  Espinoza, clase 4 y Josu\u00e9 Mora, clase 10. Entraran en acci\u00f3n a partir de este d\u00eda. @RadioNacionalsv https://t.co/yUWPJx5EHz", "created_at": "2019-08-22T17:35:10.000Z"}, {"edit_history_tweet_ids": ["1164570737870594049"], "author_id": "3099793207", "id": "1164570737870594049", "text": "#Paral\u00edmpicoES Ahora viene el turno para Javier C\u00f3rdova, Melvin Mu\u00f1oz y Josu\u00e9 Mora en el Para tenis de mesa, rondas preliminares. Polideportivo 3 de la VIDENA #Lima2019 #JugamosTodos @indeselsalvador @ParalympicsAPC https://t.co/Jjot5Y6fBR", "created_at": "2019-08-22T16:11:15.000Z"}, {"edit_history_tweet_ids": ["1164562812020170752"], "author_id": "525573854", "id": "1164562812020170752", "text": "El d\u00eda de hoy, en Ventana al Mundo, Cristian estuvo con Francisco Javier Mu\u00f1oz S\u00e1nchez, de la Universidad de la Coru\u00f1a. Adem\u00e1s de conversar, degustaron un platillo t\u00edpico mexicano: \u00a1tacos! Video disponible en el siguiente enlace:\nhttps://t.co/SM8MgDnMIz", "created_at": "2019-08-22T15:39:45.000Z"}, {"edit_history_tweet_ids": ["1164553081784193024"], "author_id": "787852629393014787", "id": "1164553081784193024", "text": "Crisis ambiental tiene origen en crisis de valores: Javier\u00a0Mu\u00f1oz https://t.co/8XU9HFvvFp https://t.co/c2zoMDbwYb", "created_at": "2019-08-22T15:01:05.000Z"}, {"edit_history_tweet_ids": ["1164547985063260161"], "author_id": "776534161", "id": "1164547985063260161", "text": "\ud83d\udda8\u25b6\ufe0f Las calles Torkas, Mu\u00f1oz Grande y Embalse de Tous de San Javier cuentan con nuevas aceras y pavimentaci\u00f3n. 22.00h Informativo Canal 1 Mar Menor-TP https://t.co/wFDOD6Hgg0", "created_at": "2019-08-22T14:40:50.000Z"}, {"edit_history_tweet_ids": ["1164542254662541317"], "author_id": "1080469624632819712", "id": "1164542254662541317", "text": "Tiempo devocional en #La_Capilla dirige el pastor javier_mu\u00f1oz https://t.co/q1tKiKCrgG", "created_at": "2019-08-22T14:18:04.000Z"}, {"edit_history_tweet_ids": ["1164526907708399617"], "author_id": "1042828672275816449", "id": "1164526907708399617", "text": "El alcalde Jos\u00e9 Miguel Luengo y la concejala de Servicios P\u00fablicos, Mar\u00eda Dolores Ruiz visitaron ayer las obras de pavimentaci\u00f3n y acerado en las calles Torkas, Mu\u00f1oz Grande y Embalse de Tous, de San Javier \u201ccon las que se ha dado respuesta a una justa  # https://t.co/pD08JaLaiK", "created_at": "2019-08-22T13:17:05.000Z"}, {"edit_history_tweet_ids": ["1164524925002100737"], "author_id": "234888128", "id": "1164524925002100737", "text": "Mu\u00f1oz se arrodillo' ante la gente de la molina .\nPero ellos son los q' causan todo el embotellamiento de la Javier prado y Ferrero.\nLos estudiiantes de la molina van en su mictobio , pocos tienen movilidad propia .\nBueno hoy la gente de pte piedra ya bloqueo' la panamericana .", "created_at": "2019-08-22T13:09:12.000Z"}, {"edit_history_tweet_ids": ["1164520759101837312"], "author_id": "4282331366", "id": "1164520759101837312", "text": "#Dellmpreso\n\nCrisis ambiental tiene origen en crisis de valores: Javier Mu\u00f1oz\n\nhttps://t.co/fU266BT0CO https://t.co/ry5Ns9DHSK", "created_at": "2019-08-22T12:52:39.000Z"}, {"edit_history_tweet_ids": ["1164507161814360064"], "author_id": "2674756628", "id": "1164507161814360064", "text": "Thanks to #automation and advances in technology this is now possible, the winning solutions proposed changes in the process including the implementation of collaborative #robots. \n\nGet to know more about one of the winners of the challenge: https://t.co/KuzmOhgR7W \n\n#cobots", "created_at": "2019-08-22T11:58:37.000Z"}, {"edit_history_tweet_ids": ["1164413901255192576"], "author_id": "602489980", "id": "1164413901255192576", "text": "Crisis ambiental tiene origen encrisis de valores: Javier\u00a0Mu\u00f1oz https://t.co/fDWbmyCz1T https://t.co/nhAHjH7tQP", "created_at": "2019-08-22T05:48:02.000Z"}, {"edit_history_tweet_ids": ["1164386459689869314"], "author_id": "504716851", "id": "1164386459689869314", "text": "RT @NoticiaEden: JAVIER DUARTE: EL MODERNO JUDAS. | @columnacayuco Enrique Mu\u00f1oz https://t.co/xoLL0dFZsc @migue_vargas @Jose_Lgg @AusencioD\u2026", "created_at": "2019-08-22T03:58:59.000Z"}, {"edit_history_tweet_ids": ["1164366079616884736"], "author_id": "114841531", "id": "1164366079616884736", "text": "@Fcoherreragal @gus13copas @Javier_Alarcon_ Que por cierto, ese gol no deb\u00eda contar, fue una faltotototota, cuando se lo preguntan a Mu\u00f1oz, solo sonr\u00ede, eso no lo comentan los del Am\u00e9rica, saludos.", "created_at": "2019-08-22T02:38:00.000Z"}, {"edit_history_tweet_ids": ["1164359384387989504"], "author_id": "109091310", "id": "1164359384387989504", "text": "RT @pantonietacagua: @ContactoCantv buenas  noches la semana pasada la cuadrilla 9899 javier gomez,ori mu\u00f1oz, y jose coba vinieron a repara\u2026", "created_at": "2019-08-22T02:11:24.000Z"}, {"edit_history_tweet_ids": ["1164357375916224512"], "author_id": "492586769", "id": "1164357375916224512", "text": "@ContactoCantv buenas  noches la semana pasada la cuadrilla 9899 javier gomez,ori mu\u00f1oz, y jose coba vinieron a repara tlf del alcalde de villa de cura q vive en cagua la fundacion sector 6 y resulta q arreglaron el de el y dejaron sin todo a varias familias", "created_at": "2019-08-22T02:03:25.000Z"}, {"edit_history_tweet_ids": ["1164352281581514752"], "author_id": "464816463", "id": "1164352281581514752", "text": "#UdeC &gt;&gt; Crisis ambiental tiene origen en crisis de valores: Javier Mu\u00f1oz https://t.co/hCkkWcmMwV", "created_at": "2019-08-22T01:43:11.000Z"}, {"edit_history_tweet_ids": ["1164344462413164544"], "author_id": "43926196", "id": "1164344462413164544", "text": "Crisis ambiental tiene origen en crisis de valores: Javier Mu\u00f1oz https://t.co/Yl5lv9A7O5 https://t.co/UIiz5L3iZI", "created_at": "2019-08-22T01:12:06.000Z"}, {"edit_history_tweet_ids": ["1164334434809761794"], "author_id": "115521940", "id": "1164334434809761794", "text": "ADORO VIVIR POR JAVIER PRADO ES ENCANTADOR Y DE PUTAMADRE LLEGAR A LA PUCP A TRAV\u00c9S DE JAVIER PRADO. AH Y EL SERVICIO DEL CORREDOR ROJO ES UNA MARAVILLA. Y ESO DE LIMITAR EL TR\u00c1FICO POR PLACAS EST\u00c1 FUNCIONANDO COMO MILAGRO. ALL HAIL MU\u00d1OZ...", "created_at": "2019-08-22T00:32:16.000Z"}, {"edit_history_tweet_ids": ["1164326094960562176"], "author_id": "134913320", "id": "1164326094960562176", "text": "@JesusBengoechea @FGwynne - La vida que pensamos. Cuentos de f\u00fatbol. Eduardo Sacheri.\n\n- La noche de los tiempos. Antonio Mu\u00f1oz Molina.\n\n- Le\u00f3n el africano. Amin Maalouf.\n\n- Berta Isla. Javier Mar\u00edas.\n\n- El r\u00edo del ed\u00e9n. Jos\u00e9 Mar\u00eda Merino.", "created_at": "2019-08-21T23:59:07.000Z"}, {"edit_history_tweet_ids": ["1164284742981816320"], "author_id": "3112282696", "id": "1164284742981816320", "text": "Il Duomo\n\nCENA MARIDAJE con el Reconocido Chef Icono Ib\u00e9rico de la Gastronom\u00eda:  JAVIER MU\u00d1OZ \n\n\ud83d\udcc6 S\u00e1bado 31 Agosto \n\ud83d\udd58 9:00 pm\nReserva (442) 223 6909\n\n#QTopLife https://t.co/DbSloY5h5O", "created_at": "2019-08-21T21:14:48.000Z"}, {"edit_history_tweet_ids": ["1164221930498678786"], "author_id": "20505459", "id": "1164221930498678786", "text": "El fiscal del Tribunal Supremo, Javier Mu\u00f1oz Cuesta, titula su tribuna 'La petici\u00f3n de suplicatorio a las C\u00e1maras una vez iniciado el juicio oral' https://t.co/edL4d5meR8 https://t.co/RwRdsZvWb5", "created_at": "2019-08-21T17:05:13.000Z"}, {"edit_history_tweet_ids": ["1164209058062225408"], "author_id": "263477108", "id": "1164209058062225408", "text": "En q pa\u00eds o ciudad vive el alcalde Mu\u00f1oz? Antes del Pico y Placa d Chorrillos a Jockey Plaza se llegaba en 35 minutos X la Av Javier Prado,  hoy se demora en promedio unos 100 minutos, es decir casi 2 horas; se necesitan nuevos intercambios viales y renovaci\u00f3n d parque automotor", "created_at": "2019-08-21T16:14:04.000Z"}, {"edit_history_tweet_ids": ["1164184945323106305"], "author_id": "1566824346", "id": "1164184945323106305", "text": "RT @Sence_Maule: #Ahora nuestra Directora Regional Alejandra Harrison Junto al Alcalde Javier Mu\u00f1oz de la Comuna de #Curic\u00f3 en compa\u00f1\u00eda de\u2026", "created_at": "2019-08-21T14:38:15.000Z"}, {"edit_history_tweet_ids": ["1164169040467845120"], "author_id": "2550228680", "id": "1164169040467845120", "text": "SUBDERE premia gesti\u00f3n de alcalde Javier Mu\u00f1oz y del municipio curicano https://t.co/WcTi5JS5Lr", "created_at": "2019-08-21T13:35:03.000Z"}, {"edit_history_tweet_ids": ["1164146622563008513"], "author_id": "576089102", "id": "1164146622563008513", "text": "V. CONCURSO #BSSMUNDUAN LEHIAKETA\n\ud83d\udcf8 I\u00f1igo Garzo - Oporto (Portugal).\n\ud83d\udcf8 Javier Mu\u00f1oz - Menorca.\n\ud83d\udcf8 Jose Teran - Mont Bl\u00f1anc (Suiza).\n\ud83d\udcf8 Juan Jos\u00e9 Inclan - El cristo de el Otero (Palencia). https://t.co/ZetcTpaJRG", "created_at": "2019-08-21T12:05:58.000Z"}, {"edit_history_tweet_ids": ["1164006219595636737"], "author_id": "790578373122723840", "id": "1164006219595636737", "text": "Subdere premia gesti\u00f3n de alcalde Javier Mu\u00f1oz y del municipio curicano https://t.co/dKEAlKVTlQ", "created_at": "2019-08-21T02:48:03.000Z"}, {"edit_history_tweet_ids": ["1164003308970881024"], "author_id": "114347144", "id": "1164003308970881024", "text": "@MoyMu23 Dejen al pobre Javier. A\u00fan anda afectado de ese tremendo cabezazo de su majestad Mois\u00e9s Mu\u00f1oz", "created_at": "2019-08-21T02:36:29.000Z"}, {"edit_history_tweet_ids": ["1163944264352636929"], "author_id": "1134989024924508165", "id": "1163944264352636929", "text": "Subdere premia gesti\u00f3n de alcalde Javier Mu\u00f1oz y del municipio curicano\n#CuricoAlDia\n#Curic\u00f3\n#Curico\nhttps://t.co/0DnrQjPsjx https://t.co/0DnrQjPsjx", "created_at": "2019-08-20T22:41:52.000Z"}, {"edit_history_tweet_ids": ["1163936648759042048"], "author_id": "1497451087", "id": "1163936648759042048", "text": "RT @InFinitye_sport: Le deseamos una pronta recuperaci\u00f3n a nuestro crack colombiano Javier @Janoz_ Mu\u00f1oz. Todo saldr\u00e1 muy bien. #goINF http\u2026", "created_at": "2019-08-20T22:11:36.000Z"}, {"edit_history_tweet_ids": ["1163908474562129921"], "author_id": "1004949189485350913", "id": "1163908474562129921", "text": "RT @ComiteIndigena: Sesi\u00f3n 18 del Comit\u00e9 de Desarrollo y Fomento Ind\u00edgena, junto al nuevo director ejecutivo del Comit\u00e9, Javier Mu\u00f1oz. Junt\u2026", "created_at": "2019-08-20T20:19:39.000Z"}, {"edit_history_tweet_ids": ["1163906555156291584"], "author_id": "257254661", "id": "1163906555156291584", "text": "RT @ComiteIndigena: Sesi\u00f3n 18 del Comit\u00e9 de Desarrollo y Fomento Ind\u00edgena, junto al nuevo director ejecutivo del Comit\u00e9, Javier Mu\u00f1oz. Junt\u2026", "created_at": "2019-08-20T20:12:01.000Z"}, {"edit_history_tweet_ids": ["1163904733997936640"], "author_id": "965582635505463297", "id": "1163904733997936640", "text": "Sesi\u00f3n 18 del Comit\u00e9 de Desarrollo y Fomento Ind\u00edgena, junto al nuevo director ejecutivo del Comit\u00e9, Javier Mu\u00f1oz. Juntos promoviendo el desarrollo de proyectos productivos ind\u00edgenas \ud83d\udcaa\ud83c\udffc\ud83d\udcaa\ud83c\udffc https://t.co/rj8LwmCBU3", "created_at": "2019-08-20T20:04:47.000Z"}, {"edit_history_tweet_ids": ["1163873626342461445"], "author_id": "1100942508", "id": "1163873626342461445", "text": "@gusgomez1701 apreciado sr. Gustavo. Quisiera compartir con usted el Himno de Colombia interpretado en idioma Nasa Yuwe, del Pueblo Nasa Paez,  del Dpto. del Cauca. No se si ya lo hayan pasado, de lo contrario \u00bfa que correo? O a donde lo puedo enviar? Gracias Att. Javier Mu\u00f1oz", "created_at": "2019-08-20T18:01:10.000Z"}, {"edit_history_tweet_ids": ["1163863855258198016"], "author_id": "60587658", "id": "1163863855258198016", "text": "Javier Mu\u00f1oz, rumbo a los primeros juegos mundiales de artes marciales\n#LGC #Colombia #Ch\u00eda #Cundinamarca\n https://t.co/TWxtufM2M8", "created_at": "2019-08-20T17:22:21.000Z"}, {"edit_history_tweet_ids": ["1163816572584001537"], "author_id": "148485677", "id": "1163816572584001537", "text": "RT @NoticiaEden: JAVIER DUARTE: EL MODERNO JUDAS. | @columnacayuco Enrique Mu\u00f1oz https://t.co/xoLL0dFZsc @migue_vargas @Jose_Lgg @AusencioD\u2026", "created_at": "2019-08-20T14:14:28.000Z"}, {"edit_history_tweet_ids": ["1163807402635845633"], "author_id": "139201329", "id": "1163807402635845633", "text": "RT @InFinitye_sport: Le deseamos una pronta recuperaci\u00f3n a nuestro crack colombiano Javier @Janoz_ Mu\u00f1oz. Todo saldr\u00e1 muy bien. #goINF http\u2026", "created_at": "2019-08-20T13:38:01.000Z"}, {"edit_history_tweet_ids": ["1163804602363535360"], "author_id": "2965257359", "id": "1163804602363535360", "text": "Le deseamos una pronta recuperaci\u00f3n a nuestro crack colombiano Javier @Janoz_ Mu\u00f1oz. Todo saldr\u00e1 muy bien. #goINF https://t.co/kZAFC0jUSq", "created_at": "2019-08-20T13:26:54.000Z"}, {"edit_history_tweet_ids": ["1163802838918684673"], "author_id": "12532592", "id": "1163802838918684673", "text": "RT @RadNalCo: \"El viernes, luego de una misi\u00f3n en la vereda Bellavista de Su\u00e1rez, quedamos en medio de un hostigamientos de disidencias al\u2026", "created_at": "2019-08-20T13:19:53.000Z"}, {"edit_history_tweet_ids": ["1163802294133112833"], "author_id": "793174129482600448", "id": "1163802294133112833", "text": "RT @RadNalCo: \"Se han emitido 8 alertas tempranas de parte de la Defensor\u00eda, sobre la situaci\u00f3n del departamento, dos de ellas son de orden\u2026", "created_at": "2019-08-20T13:17:43.000Z"}, {"edit_history_tweet_ids": ["1163802275166523392"], "author_id": "793174129482600448", "id": "1163802275166523392", "text": "RT @RadNalCo: \"El tema es my complejo, el fin de semana se present\u00f3 un nuevo enfrentamiento entre el Ej\u00e9rcito y disidencias, que dej\u00f3 en un\u2026", "created_at": "2019-08-20T13:17:39.000Z"}, {"edit_history_tweet_ids": ["1163802121470451713"], "author_id": "793174129482600448", "id": "1163802121470451713", "text": "RT @RadNalCo: #AlAire Javier Mu\u00f1oz, defensor regional del Cauca, entrega un reporte en #LaSe\u00f1alDeLaMa\u00f1ana sobre la situaci\u00f3n de orden p\u00fabli\u2026", "created_at": "2019-08-20T13:17:02.000Z"}, {"edit_history_tweet_ids": ["1163798619306319872"], "author_id": "1148503261", "id": "1163798619306319872", "text": "RT @RadNalCo: #AlAire Javier Mu\u00f1oz, defensor regional del Cauca, entrega un reporte en #LaSe\u00f1alDeLaMa\u00f1ana sobre la situaci\u00f3n de orden p\u00fabli\u2026", "created_at": "2019-08-20T13:03:07.000Z"}, {"edit_history_tweet_ids": ["1163797717803503616"], "author_id": "439322753", "id": "1163797717803503616", "text": "RT @RadNalCo: \"El viernes, luego de una misi\u00f3n en la vereda Bellavista de Su\u00e1rez, quedamos en medio de un hostigamientos de disidencias al\u2026", "created_at": "2019-08-20T12:59:32.000Z"}, {"edit_history_tweet_ids": ["1163796707957772288"], "author_id": "79483727", "id": "1163796707957772288", "text": "\"El viernes, luego de una misi\u00f3n en la vereda Bellavista de Su\u00e1rez, quedamos en medio de un hostigamientos de disidencias al Ej\u00e9rcito. Lo m\u00e1s preocupante fue que vieron nuestro logos y continuaron as\u00ed con la acci\u00f3n\": Javier Mu\u00f1oz, defensor regional del Cauca #LaSe\u00f1alDeLaMa\u00f1ana", "created_at": "2019-08-20T12:55:32.000Z"}, {"edit_history_tweet_ids": ["1163794215542956032"], "author_id": "116962530", "id": "1163794215542956032", "text": "RT @RadNalCo: \"Se han emitido 8 alertas tempranas de parte de la Defensor\u00eda, sobre la situaci\u00f3n del departamento, dos de ellas son de orden\u2026", "created_at": "2019-08-20T12:45:37.000Z"}, {"edit_history_tweet_ids": ["1163794186816110592"], "author_id": "116962530", "id": "1163794186816110592", "text": "RT @RadNalCo: \"El tema es my complejo, el fin de semana se present\u00f3 un nuevo enfrentamiento entre el Ej\u00e9rcito y disidencias, que dej\u00f3 en un\u2026", "created_at": "2019-08-20T12:45:31.000Z"}, {"edit_history_tweet_ids": ["1163794163428667392"], "author_id": "116962530", "id": "1163794163428667392", "text": "RT @RadNalCo: #AlAire Javier Mu\u00f1oz, defensor regional del Cauca, entrega un reporte en #LaSe\u00f1alDeLaMa\u00f1ana sobre la situaci\u00f3n de orden p\u00fabli\u2026", "created_at": "2019-08-20T12:45:25.000Z"}, {"edit_history_tweet_ids": ["1163793784515244032"], "author_id": "439322753", "id": "1163793784515244032", "text": "RT @RadNalCo: \"Se han emitido 8 alertas tempranas de parte de la Defensor\u00eda, sobre la situaci\u00f3n del departamento, dos de ellas son de orden\u2026", "created_at": "2019-08-20T12:43:55.000Z"}, {"edit_history_tweet_ids": ["1163793769638125568"], "author_id": "439322753", "id": "1163793769638125568", "text": "RT @RadNalCo: \"El tema es my complejo, el fin de semana se present\u00f3 un nuevo enfrentamiento entre el Ej\u00e9rcito y disidencias, que dej\u00f3 en un\u2026", "created_at": "2019-08-20T12:43:51.000Z"}, {"edit_history_tweet_ids": ["1163793737065148416"], "author_id": "439322753", "id": "1163793737065148416", "text": "RT @RadNalCo: #AlAire Javier Mu\u00f1oz, defensor regional del Cauca, entrega un reporte en #LaSe\u00f1alDeLaMa\u00f1ana sobre la situaci\u00f3n de orden p\u00fabli\u2026", "created_at": "2019-08-20T12:43:43.000Z"}, {"edit_history_tweet_ids": ["1163792978336501760"], "author_id": "79483727", "id": "1163792978336501760", "text": "\"Se han emitido 8 alertas tempranas de parte de la Defensor\u00eda, sobre la situaci\u00f3n del departamento, dos de ellas son de orden nacional\": Javier Mu\u00f1oz, defensor regional del Cauca @DefensoriaCol #LaSe\u00f1alDeLaMa\u00f1ana", "created_at": "2019-08-20T12:40:42.000Z"}, {"edit_history_tweet_ids": ["1163792552673386497"], "author_id": "79483727", "id": "1163792552673386497", "text": "\"El tema es my complejo, el fin de semana se present\u00f3 un nuevo enfrentamiento entre el Ej\u00e9rcito y disidencias, que dej\u00f3 en un solado herido\": Javier Mu\u00f1oz, defensor regional del Cauca @DefensoriaCol #LaSe\u00f1alDeLaMa\u00f1ana", "created_at": "2019-08-20T12:39:01.000Z"}, {"edit_history_tweet_ids": ["1163763653256105986"], "author_id": "802667088959705090", "id": "1163763653256105986", "text": "@cthagod @angiemartinez @WEtv You should interview Luis Miranda Sr Kirk Acevado Luis Antonio Ramos Jose Antonio Vargas Javier Munoz Mark Vieira Clifton Collins Jr Freddy Rodriguez.", "created_at": "2019-08-20T10:44:11.000Z"}, {"edit_history_tweet_ids": ["1163750459947069440"], "author_id": "900689226798432257", "id": "1163750459947069440", "text": "\ud83d\ude4b\ud83c\udffb\u200d\u2642\ufe0f \u00c1RBITRO | Kevin Javier MORENO MU\u00d1OZ, del comit\u00e9 territorial murciano, ser\u00e1 el encargado de dirigir el VCF Mestalla \ud83c\udd9a Lleida Esportiu del domingo (19:00 horas).", "created_at": "2019-08-20T09:51:45.000Z"}, {"edit_history_tweet_ids": ["1163636294288887808"], "author_id": "113934893", "id": "1163636294288887808", "text": "RT @kuarola: Copa Javier Mu\u00f1oz Delgado 2019\n\ud83d\udcc6 Jueves 29 de agosto\n\ud83d\udd54 17:00 horas\n\ud83c\udfdf Estadio Municipal de San Felipe \n\u26bd\ufe0f Amigos de Javier vs C\u2026", "created_at": "2019-08-20T02:18:06.000Z"}, {"edit_history_tweet_ids": ["1163635528731910145"], "author_id": "14328363", "id": "1163635528731910145", "text": "Copa Javier Mu\u00f1oz Delgado 2019\n\ud83d\udcc6 Jueves 29 de agosto\n\ud83d\udd54 17:00 horas\n\ud83c\udfdf Estadio Municipal de San Felipe \n\u26bd\ufe0f Amigos de Javier vs CDF \nTe esperamos \ud83d\ude4c\ud83c\udffb https://t.co/Hu4J6lYANI", "created_at": "2019-08-20T02:15:04.000Z"}, {"edit_history_tweet_ids": ["1163575720150536192"], "author_id": "186952536", "id": "1163575720150536192", "text": "RT @pauta24: Alcalde de Curic\u00f2 respondi\u00f2 a la Gobernadora por cierre de mesa de trabajo de Feria de Las Pulgas. https://t.co/wPIHIBTrEW htt\u2026", "created_at": "2019-08-19T22:17:24.000Z"}, {"edit_history_tweet_ids": ["1163575300917211141"], "author_id": "3295917115", "id": "1163575300917211141", "text": "RT @pauta24: Alcalde de Curic\u00f2 respondi\u00f2 a la Gobernadora por cierre de mesa de trabajo de Feria de Las Pulgas. https://t.co/wPIHIBTrEW htt\u2026", "created_at": "2019-08-19T22:15:44.000Z"}, {"edit_history_tweet_ids": ["1163574984888987648"], "author_id": "2411445973", "id": "1163574984888987648", "text": "Alcalde de Curic\u00f2 respondi\u00f2 a la Gobernadora por cierre de mesa de trabajo de Feria de Las Pulgas. https://t.co/wPIHIBTrEW https://t.co/npF5Q6GAeE", "created_at": "2019-08-19T22:14:29.000Z"}, {"edit_history_tweet_ids": ["1163435559399972864"], "author_id": "260267935", "id": "1163435559399972864", "text": "#Curic\u00f3: Alcalde Javier Mu\u00f1oz destac\u00f3 la llegada del C.F.T. San Agust\u00edn a Curic\u00f3. Proyecto educacional entrar\u00e1 en funciones el primer trimestre de 2020 https://t.co/Rz14Bajdts . &gt; #MauleNews https://t.co/6dELuek9MV", "created_at": "2019-08-19T13:00:27.000Z"}, {"edit_history_tweet_ids": ["1163392367329779714"], "author_id": "243554770", "id": "1163392367329779714", "text": "Javier Segovia Mu\u00f1oz", "created_at": "2019-08-19T10:08:49.000Z"}, {"edit_history_tweet_ids": ["1163369617772990464"], "author_id": "183967816", "id": "1163369617772990464", "text": "@Anina64763039 @DBarral23 https://t.co/8ZIM8Fn5DV , P\u00fablico, LaRaz\u00f3n , Okdiario... Elpais , siendo tan mierdero  es  mejor que esos . Y sigue escribiendo gente como Savater ,  Javier Mar\u00edas, Mu\u00f1oz Molina...", "created_at": "2019-08-19T08:38:25.000Z"}, {"edit_history_tweet_ids": ["1163313821886406656"], "author_id": "3099793207", "id": "1163313821886406656", "text": "Ya est\u00e1n por llegar a los Parapanamericanos #Lima2019  Melvin Mu\u00f1oz y Josu\u00e9 Mora, Gabriel Macal y Javier C\u00f3rdova.\nEl Para tenis de mesa se desarrollar\u00e1 del 22 al 27 de agosto en el Polideportivo 3 de la Videna. @indeselsalvador @Agitos\n@ParalympicsAPC https://t.co/oQleBkhQFr", "created_at": "2019-08-19T04:56:43.000Z"}, {"edit_history_tweet_ids": ["1163266047396458496"], "author_id": "36672085", "id": "1163266047396458496", "text": "RT @Daro_Sanchez_: by Hernan Javier Mu\u00f1oz https://t.co/Jgt8x18HVA", "created_at": "2019-08-19T01:46:52.000Z"}, {"edit_history_tweet_ids": ["1163192646027960324"], "author_id": "1115355895", "id": "1163192646027960324", "text": "RT @Daro_Sanchez_: by Hernan Javier Mu\u00f1oz https://t.co/Jgt8x18HVA", "created_at": "2019-08-18T20:55:12.000Z"}, {"edit_history_tweet_ids": ["1163169395771957249"], "author_id": "3044607661", "id": "1163169395771957249", "text": "#PrimeraB | #DeportesLaSerena\n\nBANCA DE SUPLENTES\nMauro Pizarro (A. S.)\nSebasti\u00e1n Rivera\nDiego Opazo\nJavier Bayk\nDanilo Catal\u00e1n\nAlan Mu\u00f1oz\nFranco Olego\n\nDT: Luis Marcoleta https://t.co/z0fMP1RPzx", "created_at": "2019-08-18T19:22:49.000Z"}, {"edit_history_tweet_ids": ["1163129612173492224"], "author_id": "1361690774", "id": "1163129612173492224", "text": "RT @Daro_Sanchez_: by Hernan Javier Mu\u00f1oz https://t.co/Jgt8x18HVA", "created_at": "2019-08-18T16:44:44.000Z"}, {"edit_history_tweet_ids": ["1163120881478131712"], "author_id": "2382540300", "id": "1163120881478131712", "text": "@wonjohn93 hey man, doesn\u2019t look like you\u2019re on here too often but let me just leave a message to say that your performance last night was fantastic. Got to see Javier Munoz in the role on Broadway. I think you brought more emotion to the part.  Wonderfully sung. Best wishes!", "created_at": "2019-08-18T16:10:02.000Z"}, {"edit_history_tweet_ids": ["1163120070970810377"], "author_id": "768904424026677248", "id": "1163120070970810377", "text": "this reminds me of javier munoz and his truth \ud83d\ude2d\ud83d\ude2d\ud83d\ude2d https://t.co/DdIqjhpW72", "created_at": "2019-08-18T16:06:49.000Z"}, {"edit_history_tweet_ids": ["1163109941609213953"], "author_id": "4634943687", "id": "1163109941609213953", "text": "RT @Daro_Sanchez_: by Hernan Javier Mu\u00f1oz https://t.co/Jgt8x18HVA", "created_at": "2019-08-18T15:26:34.000Z"}, {"edit_history_tweet_ids": ["1163107386875404288"], "author_id": "1124683406590324737", "id": "1163107386875404288", "text": "RT @Daro_Sanchez_: by Hernan Javier Mu\u00f1oz https://t.co/Jgt8x18HVA", "created_at": "2019-08-18T15:16:25.000Z"}, {"edit_history_tweet_ids": ["1163106771558371328"], "author_id": "2196009749", "id": "1163106771558371328", "text": "by Hernan Javier Mu\u00f1oz https://t.co/Jgt8x18HVA", "created_at": "2019-08-18T15:13:58.000Z"}, {"edit_history_tweet_ids": ["1163051802671177728"], "author_id": "1324449716", "id": "1163051802671177728", "text": "RT @fernandomunioz7: Awakening \nGood Morning America \nGood Afternoon Europe\nGood Night Asia \nMy Place \nAvenue Javier Prado \nAvenue San Luis\u2026", "created_at": "2019-08-18T11:35:32.000Z"}], "meta": {"newest_id": "1165039248350896128", "oldest_id": "1163051802671177728", "result_count": 94, "next_token": "b26v89c19zqg8o3fnm2zu9a848luzojs6b7ixmom7yq9p"}}