{"data": [{"created_at": "2017-12-20T07:28:54.000Z", "author_id": "266435186", "text": "RT @MissGinaDarling: He was car jacked here in LA and ran over by his own car. Now a 13 year old boy is left without a father. Please donat\u2026", "edit_history_tweet_ids": ["943382685333929986"], "id": "943382685333929986"}, {"created_at": "2017-12-20T07:26:43.000Z", "author_id": "819764758609989632", "text": "RT @MissGinaDarling: He was car jacked here in LA and ran over by his own car. Now a 13 year old boy is left without a father. Please donat\u2026", "edit_history_tweet_ids": ["943382137390096385"], "id": "943382137390096385"}, {"created_at": "2017-12-20T07:24:39.000Z", "author_id": "3317026430", "text": "RT @MissGinaDarling: He was car jacked here in LA and ran over by his own car. Now a 13 year old boy is left without a father. Please donat\u2026", "edit_history_tweet_ids": ["943381615916367872"], "id": "943381615916367872"}, {"created_at": "2017-12-20T07:21:58.000Z", "author_id": "3413833209", "text": "RT @MissGinaDarling: He was car jacked here in LA and ran over by his own car. Now a 13 year old boy is left without a father. Please donat\u2026", "edit_history_tweet_ids": ["943380940444831745"], "id": "943380940444831745"}, {"created_at": "2017-12-20T07:17:40.000Z", "author_id": "1429095986", "text": "RT @MissGinaDarling: He was car jacked here in LA and ran over by his own car. Now a 13 year old boy is left without a father. Please donat\u2026", "edit_history_tweet_ids": ["943379861279719424"], "id": "943379861279719424"}, {"created_at": "2017-12-20T07:06:50.000Z", "author_id": "79764588", "text": "RT @MissGinaDarling: He was car jacked here in LA and ran over by his own car. Now a 13 year old boy is left without a father. Please donat\u2026", "edit_history_tweet_ids": ["943377135518883840"], "id": "943377135518883840"}, {"created_at": "2017-12-20T06:56:35.000Z", "author_id": "2604680356", "text": "RT @MissGinaDarling: He was car jacked here in LA and ran over by his own car. Now a 13 year old boy is left without a father. Please donat\u2026", "edit_history_tweet_ids": ["943374555292123136"], "id": "943374555292123136"}, {"created_at": "2017-12-20T06:55:33.000Z", "author_id": "2836001040", "text": "RT @MissGinaDarling: He was car jacked here in LA and ran over by his own car. Now a 13 year old boy is left without a father. Please donat\u2026", "edit_history_tweet_ids": ["943374292690931712"], "id": "943374292690931712"}, {"created_at": "2017-12-20T06:55:27.000Z", "author_id": "1463535733", "text": "RT @MissGinaDarling: He was car jacked here in LA and ran over by his own car. Now a 13 year old boy is left without a father. Please donat\u2026", "edit_history_tweet_ids": ["943374269383294977"], "id": "943374269383294977"}, {"created_at": "2017-12-20T06:55:19.000Z", "author_id": "3462792623", "text": "RT @MissGinaDarling: He was car jacked here in LA and ran over by his own car. Now a 13 year old boy is left without a father. Please donat\u2026", "edit_history_tweet_ids": ["943374237770842112"], "id": "943374237770842112"}, {"created_at": "2017-12-20T06:54:18.000Z", "author_id": "829202065306025984", "text": "RT @MissGinaDarling: He was car jacked here in LA and ran over by his own car. Now a 13 year old boy is left without a father. Please donat\u2026", "edit_history_tweet_ids": ["943373981633060866"], "id": "943373981633060866"}, {"created_at": "2017-12-20T06:52:23.000Z", "author_id": "736437588437798912", "text": "RT @MissGinaDarling: He was car jacked here in LA and ran over by his own car. Now a 13 year old boy is left without a father. Please donat\u2026", "edit_history_tweet_ids": ["943373496297578496"], "id": "943373496297578496"}, {"created_at": "2017-12-20T06:50:01.000Z", "author_id": "28882179", "text": "RT @MissGinaDarling: He was car jacked here in LA and ran over by his own car. Now a 13 year old boy is left without a father. Please donat\u2026", "edit_history_tweet_ids": ["943372903894065152"], "id": "943372903894065152"}, {"created_at": "2017-12-20T06:48:04.000Z", "author_id": "1331905424", "text": "RT @MissGinaDarling: He was car jacked here in LA and ran over by his own car. Now a 13 year old boy is left without a father. Please donat\u2026", "edit_history_tweet_ids": ["943372412921483270"], "id": "943372412921483270"}, {"created_at": "2017-12-20T06:47:57.000Z", "author_id": "161057379", "text": "RT @MissGinaDarling: He was car jacked here in LA and ran over by his own car. Now a 13 year old boy is left without a father. Please donat\u2026", "edit_history_tweet_ids": ["943372380935634944"], "id": "943372380935634944"}, {"created_at": "2017-12-20T06:46:38.000Z", "author_id": "294832383", "text": "RT @MissGinaDarling: He was car jacked here in LA and ran over by his own car. Now a 13 year old boy is left without a father. Please donat\u2026", "edit_history_tweet_ids": ["943372049891803138"], "id": "943372049891803138"}, {"created_at": "2017-12-20T06:46:05.000Z", "author_id": "857562925543731201", "text": "RT @MissGinaDarling: He was car jacked here in LA and ran over by his own car. Now a 13 year old boy is left without a father. Please donat\u2026", "edit_history_tweet_ids": ["943371909994913793"], "id": "943371909994913793"}, {"created_at": "2017-12-20T06:42:36.000Z", "author_id": "240145990", "text": "RT @MissGinaDarling: He was car jacked here in LA and ran over by his own car. Now a 13 year old boy is left without a father. Please donat\u2026", "edit_history_tweet_ids": ["943371034362892288"], "id": "943371034362892288"}, {"created_at": "2017-12-20T06:36:13.000Z", "author_id": "263975655", "text": "RT @MissGinaDarling: He was car jacked here in LA and ran over by his own car. Now a 13 year old boy is left without a father. Please donat\u2026", "edit_history_tweet_ids": ["943369430863507457"], "id": "943369430863507457"}, {"created_at": "2017-12-20T06:33:55.000Z", "author_id": "465276559", "text": "RT @MissGinaDarling: He was car jacked here in LA and ran over by his own car. Now a 13 year old boy is left without a father. Please donat\u2026", "edit_history_tweet_ids": ["943368849293844480"], "id": "943368849293844480"}, {"created_at": "2017-12-20T06:26:16.000Z", "author_id": "127729913", "text": "RT @MissGinaDarling: He was car jacked here in LA and ran over by his own car. Now a 13 year old boy is left without a father. Please donat\u2026", "edit_history_tweet_ids": ["943366923877625857"], "id": "943366923877625857"}, {"created_at": "2017-12-20T06:26:15.000Z", "author_id": "2729536953", "text": "RT @MissGinaDarling: He was car jacked here in LA and ran over by his own car. Now a 13 year old boy is left without a father. Please donat\u2026", "edit_history_tweet_ids": ["943366921881247746"], "id": "943366921881247746"}, {"created_at": "2017-12-20T06:25:58.000Z", "author_id": "32577452", "text": "RT @MissGinaDarling: He was car jacked here in LA and ran over by his own car. Now a 13 year old boy is left without a father. Please donat\u2026", "edit_history_tweet_ids": ["943366848795566085"], "id": "943366848795566085"}, {"created_at": "2017-12-20T06:23:49.000Z", "author_id": "284916674", "text": "RT @MissGinaDarling: He was car jacked here in LA and ran over by his own car. Now a 13 year old boy is left without a father. Please donat\u2026", "edit_history_tweet_ids": ["943366308606959618"], "id": "943366308606959618"}, {"created_at": "2017-12-20T06:23:42.000Z", "author_id": "844415567146762241", "text": "RT @MissGinaDarling: He was car jacked here in LA and ran over by his own car. Now a 13 year old boy is left without a father. Please donat\u2026", "edit_history_tweet_ids": ["943366278831489024"], "id": "943366278831489024"}, {"created_at": "2017-12-20T06:20:53.000Z", "author_id": "2991266145", "text": "RT @MissGinaDarling: He was car jacked here in LA and ran over by his own car. Now a 13 year old boy is left without a father. Please donat\u2026", "edit_history_tweet_ids": ["943365571185438720"], "id": "943365571185438720"}, {"created_at": "2017-12-20T06:20:44.000Z", "author_id": "102189333", "text": "RT @MissGinaDarling: He was car jacked here in LA and ran over by his own car. Now a 13 year old boy is left without a father. Please donat\u2026", "edit_history_tweet_ids": ["943365530613841920"], "id": "943365530613841920"}, {"created_at": "2017-12-20T06:20:33.000Z", "author_id": "2551335314", "text": "RT @MissGinaDarling: He was car jacked here in LA and ran over by his own car. Now a 13 year old boy is left without a father. Please donat\u2026", "edit_history_tweet_ids": ["943365487454507014"], "id": "943365487454507014"}, {"created_at": "2017-12-20T06:20:08.000Z", "author_id": "1101824582", "text": "RT @MissGinaDarling: He was car jacked here in LA and ran over by his own car. Now a 13 year old boy is left without a father. Please donat\u2026", "edit_history_tweet_ids": ["943365381934276610"], "id": "943365381934276610"}, {"created_at": "2017-12-20T06:16:37.000Z", "author_id": "1574671352", "text": "RT @MissGinaDarling: He was car jacked here in LA and ran over by his own car. Now a 13 year old boy is left without a father. Please donat\u2026", "edit_history_tweet_ids": ["943364495552008194"], "id": "943364495552008194"}, {"created_at": "2017-12-20T06:16:15.000Z", "author_id": "459050152", "text": "RT @MissGinaDarling: He was car jacked here in LA and ran over by his own car. Now a 13 year old boy is left without a father. Please donat\u2026", "edit_history_tweet_ids": ["943364405445709824"], "id": "943364405445709824"}, {"created_at": "2017-12-20T06:14:42.000Z", "author_id": "478299175", "text": "RT @MissGinaDarling: He was car jacked here in LA and ran over by his own car. Now a 13 year old boy is left without a father. Please donat\u2026", "edit_history_tweet_ids": ["943364015643914240"], "id": "943364015643914240"}, {"created_at": "2017-12-20T06:13:45.000Z", "author_id": "381435936", "text": "RT @MissGinaDarling: He was car jacked here in LA and ran over by his own car. Now a 13 year old boy is left without a father. Please donat\u2026", "edit_history_tweet_ids": ["943363776341884928"], "id": "943363776341884928"}, {"created_at": "2017-12-20T06:11:54.000Z", "author_id": "492183624", "text": "RT @MissGinaDarling: He was car jacked here in LA and ran over by his own car. Now a 13 year old boy is left without a father. Please donat\u2026", "edit_history_tweet_ids": ["943363307510968321"], "id": "943363307510968321"}, {"created_at": "2017-12-20T06:11:42.000Z", "author_id": "1607622289", "text": "RT @MissGinaDarling: He was car jacked here in LA and ran over by his own car. Now a 13 year old boy is left without a father. Please donat\u2026", "edit_history_tweet_ids": ["943363259159269377"], "id": "943363259159269377"}, {"created_at": "2017-12-20T06:11:12.000Z", "author_id": "71622494", "text": "RT @MissGinaDarling: He was car jacked here in LA and ran over by his own car. Now a 13 year old boy is left without a father. Please donat\u2026", "edit_history_tweet_ids": ["943363132747108352"], "id": "943363132747108352"}, {"created_at": "2017-12-20T06:10:00.000Z", "author_id": "768998921435611137", "text": "RT @MissGinaDarling: He was car jacked here in LA and ran over by his own car. Now a 13 year old boy is left without a father. Please donat\u2026", "edit_history_tweet_ids": ["943362830102867968"], "id": "943362830102867968"}, {"created_at": "2017-12-20T06:08:51.000Z", "author_id": "927382710", "text": "RT @MissGinaDarling: He was car jacked here in LA and ran over by his own car. Now a 13 year old boy is left without a father. Please donat\u2026", "edit_history_tweet_ids": ["943362542109200384"], "id": "943362542109200384"}, {"created_at": "2017-12-20T06:08:02.000Z", "author_id": "701775157", "text": "RT @MissGinaDarling: He was car jacked here in LA and ran over by his own car. Now a 13 year old boy is left without a father. Please donat\u2026", "edit_history_tweet_ids": ["943362334906634240"], "id": "943362334906634240"}, {"created_at": "2017-12-20T06:07:16.000Z", "author_id": "296056602", "text": "RT @MissGinaDarling: He was car jacked here in LA and ran over by his own car. Now a 13 year old boy is left without a father. Please donat\u2026", "edit_history_tweet_ids": ["943362142262185984"], "id": "943362142262185984"}, {"created_at": "2017-12-20T06:06:35.000Z", "author_id": "1258018530", "text": "RT @MissGinaDarling: He was car jacked here in LA and ran over by his own car. Now a 13 year old boy is left without a father. Please donat\u2026", "edit_history_tweet_ids": ["943361969968570368"], "id": "943361969968570368"}, {"created_at": "2017-12-20T06:06:21.000Z", "author_id": "301120885", "text": "RT @MissGinaDarling: He was car jacked here in LA and ran over by his own car. Now a 13 year old boy is left without a father. Please donat\u2026", "edit_history_tweet_ids": ["943361914113089537"], "id": "943361914113089537"}, {"created_at": "2017-12-20T06:06:01.000Z", "author_id": "3185251507", "text": "RT @MissGinaDarling: He was car jacked here in LA and ran over by his own car. Now a 13 year old boy is left without a father. Please donat\u2026", "edit_history_tweet_ids": ["943361827580280832"], "id": "943361827580280832"}, {"created_at": "2017-12-20T06:05:39.000Z", "author_id": "746785583821897729", "text": "RT @MissGinaDarling: He was car jacked here in LA and ran over by his own car. Now a 13 year old boy is left without a father. Please donat\u2026", "edit_history_tweet_ids": ["943361734647132160"], "id": "943361734647132160"}, {"created_at": "2017-12-20T06:05:12.000Z", "author_id": "2683159236", "text": "RT @MissGinaDarling: He was car jacked here in LA and ran over by his own car. Now a 13 year old boy is left without a father. Please donat\u2026", "edit_history_tweet_ids": ["943361622520852480"], "id": "943361622520852480"}, {"created_at": "2017-12-20T06:05:04.000Z", "author_id": "3321873260", "text": "RT @MissGinaDarling: He was car jacked here in LA and ran over by his own car. Now a 13 year old boy is left without a father. Please donat\u2026", "edit_history_tweet_ids": ["943361589796884483"], "id": "943361589796884483"}, {"created_at": "2017-12-20T06:03:23.000Z", "author_id": "614720234", "text": "RT @MissGinaDarling: He was car jacked here in LA and ran over by his own car. Now a 13 year old boy is left without a father. Please donat\u2026", "edit_history_tweet_ids": ["943361167610826752"], "id": "943361167610826752"}, {"created_at": "2017-12-20T06:02:31.000Z", "author_id": "724307838202310656", "text": "RT @MissGinaDarling: He was car jacked here in LA and ran over by his own car. Now a 13 year old boy is left without a father. Please donat\u2026", "edit_history_tweet_ids": ["943360950249377792"], "id": "943360950249377792"}, {"created_at": "2017-12-20T06:02:10.000Z", "author_id": "20629110", "text": "He was car jacked here in LA and ran over by his own car. Now a 13 year old boy is left without a father. Please donate to Ricardo Mota's GoFundMe to help with rent for the family and funeral services. \n\nhttps://t.co/JxVZ7zrHJp https://t.co/dXWYDBfTN4", "edit_history_tweet_ids": ["943360860734488576"], "id": "943360860734488576"}, {"created_at": "2017-12-19T20:42:49.000Z", "author_id": "545591286", "text": "RT @ricardo_teles69: E nem mota tenho https://t.co/GbnBDn5cfe", "edit_history_tweet_ids": ["943220095295377408"], "id": "943220095295377408"}, {"created_at": "2017-12-19T19:52:30.000Z", "author_id": "874732039433531392", "text": "RT @ricardo_teles69: E nem mota tenho https://t.co/GbnBDn5cfe", "edit_history_tweet_ids": ["943207432825790465"], "id": "943207432825790465"}, {"created_at": "2017-12-19T19:43:53.000Z", "author_id": "36940556", "text": "The latest The Ricardo Mota Daily! https://t.co/YbTMDHZNQ2 Thanks to @KuantoKusta @P__Ciencia @omalestafeito #21d #politica", "edit_history_tweet_ids": ["943205265259794432"], "id": "943205265259794432"}, {"created_at": "2017-12-19T16:51:09.000Z", "author_id": "1724121786", "text": "RT @ArturoElEditor: Si Ricardo Anaya y Juan Zepeda coverean una canci\u00f3n que dice \u201cno me consuela ni la mota, ni las pastas...\u201d, en un acto\u2026", "edit_history_tweet_ids": ["943161796139118592"], "id": "943161796139118592"}, {"created_at": "2017-12-19T15:52:17.000Z", "author_id": "87460239", "text": "RT @jorge_guajardo: Josefina Vazquez Mota empez\u00f3 su campa\u00f1a con el estadio vac\u00edo, y nunca se recuper\u00f3. As\u00ed empieza su campa\u00f1a Ricardo Anaya\u2026", "edit_history_tweet_ids": ["943146977985929216"], "id": "943146977985929216"}, {"created_at": "2017-12-19T07:43:54.000Z", "author_id": "36940556", "text": "The latest The Ricardo Mota Daily! https://t.co/9KldfNojBD Thanks to @P_Mundo @P_Opiniao #empresas #economia", "edit_history_tweet_ids": ["943024074753761281"], "id": "943024074753761281"}, {"created_at": "2017-12-19T07:28:51.000Z", "author_id": "2555337043", "text": "Antonio Gonzalez TooMmy Laayz Ricardo Mota Laiz https://t.co/a4j1cgylym", "edit_history_tweet_ids": ["943020285439160321"], "id": "943020285439160321"}, {"created_at": "2017-12-19T04:25:26.000Z", "author_id": "2839988170", "text": "RT @ArturoElEditor: Si Ricardo Anaya y Juan Zepeda coverean una canci\u00f3n que dice \u201cno me consuela ni la mota, ni las pastas...\u201d, en un acto\u2026", "edit_history_tweet_ids": ["942974127866073088"], "id": "942974127866073088"}, {"created_at": "2017-12-19T04:20:35.000Z", "author_id": "65055229", "text": "Si Ricardo Anaya y Juan Zepeda coverean una canci\u00f3n que dice \u201cno me consuela ni la mota, ni las pastas...\u201d, en un acto de congruencia deber\u00edan legalizarla.", "edit_history_tweet_ids": ["942972907415891968"], "id": "942972907415891968"}, {"created_at": "2017-12-18T21:33:41.000Z", "author_id": "432288636", "text": "Ricardo Anaya habla mucho de convicciones. Respecto a Josefina V\u00e1zquez Mota siendo candidata dijo: \"Va muy bien, estoy convencido que ser\u00e1 la pr\u00f3xima gobernadora del Estado de M\u00e9xico\". Lo mismo dice respecto al Frente. As\u00ed las cosas con sus convicciones.", "edit_history_tweet_ids": ["942870506612645891"], "id": "942870506612645891"}, {"created_at": "2017-12-18T19:44:03.000Z", "author_id": "36940556", "text": "The latest The Ricardo Mota Daily! https://t.co/62pXRPKk5H Thanks to @appsdoandroid @LearningatCisco #economia #sapomag", "edit_history_tweet_ids": ["942842916095094785"], "id": "942842916095094785"}, {"created_at": "2017-12-18T07:44:06.000Z", "author_id": "36940556", "text": "The latest The Ricardo Mota Daily! https://t.co/CV8erLZUvb Thanks to @StefneMiller @xdadevelopers #opini\u00e3o #empresas", "edit_history_tweet_ids": ["942661734812258304"], "id": "942661734812258304"}, {"created_at": "2017-12-18T07:42:15.000Z", "author_id": "209796637", "text": "RT @walfoot: Apr\u00e8s Mota et Deflandre, le Standard va r\u00e9cup\u00e9rer Sa Pinto https://t.co/4RjapfSFP7 #stagnt #rscl #gantoise", "edit_history_tweet_ids": ["942661270318321665"], "id": "942661270318321665"}, {"created_at": "2017-12-18T07:41:11.000Z", "author_id": "612046182", "text": "RT @walfoot: Apr\u00e8s Mota et Deflandre, le Standard va r\u00e9cup\u00e9rer Sa Pinto https://t.co/4RjapfSFP7 #stagnt #rscl #gantoise", "edit_history_tweet_ids": ["942661002713354240"], "id": "942661002713354240"}, {"created_at": "2017-12-18T07:39:43.000Z", "author_id": "45916961", "text": "Apr\u00e8s Mota et Deflandre, le Standard va r\u00e9cup\u00e9rer Sa Pinto https://t.co/4RjapfSFP7 #stagnt #rscl #gantoise", "edit_history_tweet_ids": ["942660631748104193"], "id": "942660631748104193"}, {"created_at": "2017-12-17T21:11:52.000Z", "author_id": "57197923", "text": "Arriba el Monagas SC Carajo!! una noticia buena para nuestro estado. Campeones por 1 vez del #FutVe, La 1... https://t.co/NFAlkbA7dO", "edit_history_tweet_ids": ["942502628159836160"], "id": "942502628159836160"}, {"created_at": "2017-12-17T21:00:08.000Z", "author_id": "3028601312", "text": "RT @jorge_guajardo: Josefina Vazquez Mota empez\u00f3 su campa\u00f1a con el estadio vac\u00edo, y nunca se recuper\u00f3. As\u00ed empieza su campa\u00f1a Ricardo Anaya\u2026", "edit_history_tweet_ids": ["942499678389710848"], "id": "942499678389710848"}, {"created_at": "2017-12-17T20:22:16.000Z", "author_id": "576502680", "text": "RT @jorge_guajardo: Josefina Vazquez Mota empez\u00f3 su campa\u00f1a con el estadio vac\u00edo, y nunca se recuper\u00f3. As\u00ed empieza su campa\u00f1a Ricardo Anaya\u2026", "edit_history_tweet_ids": ["942490149149184002"], "id": "942490149149184002"}, {"created_at": "2017-12-17T19:44:27.000Z", "author_id": "36940556", "text": "The latest The Ricardo Mota Daily! https://t.co/otYH8f3NaP Thanks to @anapaulavaladao @P__Portugal #chileelige #internacional", "edit_history_tweet_ids": ["942480630008434688"], "id": "942480630008434688"}, {"created_at": "2017-12-17T15:59:10.000Z", "author_id": "563036326", "text": "RT @jorge_guajardo: Josefina Vazquez Mota empez\u00f3 su campa\u00f1a con el estadio vac\u00edo, y nunca se recuper\u00f3. As\u00ed empieza su campa\u00f1a Ricardo Anaya\u2026", "edit_history_tweet_ids": ["942423934372319232"], "id": "942423934372319232"}, {"created_at": "2017-12-17T14:55:41.000Z", "author_id": "124014327", "text": "RT @jorge_guajardo: Josefina Vazquez Mota empez\u00f3 su campa\u00f1a con el estadio vac\u00edo, y nunca se recuper\u00f3. As\u00ed empieza su campa\u00f1a Ricardo Anaya\u2026", "edit_history_tweet_ids": ["942407961913241600"], "id": "942407961913241600"}, {"created_at": "2017-12-17T07:43:54.000Z", "author_id": "36940556", "text": "The latest The Ricardo Mota Daily! https://t.co/NOBKpAX3n7 #ccna #googlephotos", "edit_history_tweet_ids": ["942299298989035520"], "id": "942299298989035520"}, {"created_at": "2017-12-17T06:33:46.000Z", "author_id": "199970839", "text": "RT @jorge_guajardo: Josefina Vazquez Mota empez\u00f3 su campa\u00f1a con el estadio vac\u00edo, y nunca se recuper\u00f3. As\u00ed empieza su campa\u00f1a Ricardo Anaya\u2026", "edit_history_tweet_ids": ["942281648867028992"], "id": "942281648867028992"}, {"created_at": "2017-12-17T05:42:21.000Z", "author_id": "424655225", "text": "RT @jorge_guajardo: Josefina Vazquez Mota empez\u00f3 su campa\u00f1a con el estadio vac\u00edo, y nunca se recuper\u00f3. As\u00ed empieza su campa\u00f1a Ricardo Anaya\u2026", "edit_history_tweet_ids": ["942268709024030725"], "id": "942268709024030725"}, {"created_at": "2017-12-17T05:18:22.000Z", "author_id": "142525420", "text": "RT @jorge_guajardo: Josefina Vazquez Mota empez\u00f3 su campa\u00f1a con el estadio vac\u00edo, y nunca se recuper\u00f3. As\u00ed empieza su campa\u00f1a Ricardo Anaya\u2026", "edit_history_tweet_ids": ["942262675907760129"], "id": "942262675907760129"}, {"created_at": "2017-12-17T04:18:54.000Z", "author_id": "161461515", "text": "RT @jorge_guajardo: Josefina Vazquez Mota empez\u00f3 su campa\u00f1a con el estadio vac\u00edo, y nunca se recuper\u00f3. As\u00ed empieza su campa\u00f1a Ricardo Anaya\u2026", "edit_history_tweet_ids": ["942247709184004096"], "id": "942247709184004096"}, {"created_at": "2017-12-17T03:51:55.000Z", "author_id": "529815297", "text": "RT @jorge_guajardo: Josefina Vazquez Mota empez\u00f3 su campa\u00f1a con el estadio vac\u00edo, y nunca se recuper\u00f3. As\u00ed empieza su campa\u00f1a Ricardo Anaya\u2026", "edit_history_tweet_ids": ["942240917993467904"], "id": "942240917993467904"}, {"created_at": "2017-12-17T03:32:25.000Z", "author_id": "196110680", "text": "RT @jorge_guajardo: Josefina Vazquez Mota empez\u00f3 su campa\u00f1a con el estadio vac\u00edo, y nunca se recuper\u00f3. As\u00ed empieza su campa\u00f1a Ricardo Anaya\u2026", "edit_history_tweet_ids": ["942236012322754560"], "id": "942236012322754560"}, {"created_at": "2017-12-17T02:17:58.000Z", "author_id": "105783783", "text": "RT @jorge_guajardo: Josefina Vazquez Mota empez\u00f3 su campa\u00f1a con el estadio vac\u00edo, y nunca se recuper\u00f3. As\u00ed empieza su campa\u00f1a Ricardo Anaya\u2026", "edit_history_tweet_ids": ["942217274336972800"], "id": "942217274336972800"}, {"created_at": "2017-12-17T01:04:02.000Z", "author_id": "157438942", "text": "RT @jorge_guajardo: Josefina Vazquez Mota empez\u00f3 su campa\u00f1a con el estadio vac\u00edo, y nunca se recuper\u00f3. As\u00ed empieza su campa\u00f1a Ricardo Anaya\u2026", "edit_history_tweet_ids": ["942198668391845889"], "id": "942198668391845889"}, {"created_at": "2017-12-16T23:29:56.000Z", "author_id": "916159393493770240", "text": "RT @jorge_guajardo: Josefina Vazquez Mota empez\u00f3 su campa\u00f1a con el estadio vac\u00edo, y nunca se recuper\u00f3. As\u00ed empieza su campa\u00f1a Ricardo Anaya\u2026", "edit_history_tweet_ids": ["942174987053436928"], "id": "942174987053436928"}, {"created_at": "2017-12-16T22:59:43.000Z", "author_id": "749979092", "text": "RT @jorge_guajardo: Josefina Vazquez Mota empez\u00f3 su campa\u00f1a con el estadio vac\u00edo, y nunca se recuper\u00f3. As\u00ed empieza su campa\u00f1a Ricardo Anaya\u2026", "edit_history_tweet_ids": ["942167385347276800"], "id": "942167385347276800"}, {"created_at": "2017-12-16T21:38:27.000Z", "author_id": "316678258", "text": "RT @jorge_guajardo: Josefina Vazquez Mota empez\u00f3 su campa\u00f1a con el estadio vac\u00edo, y nunca se recuper\u00f3. As\u00ed empieza su campa\u00f1a Ricardo Anaya\u2026", "edit_history_tweet_ids": ["942146930993328128"], "id": "942146930993328128"}, {"created_at": "2017-12-16T21:06:42.000Z", "author_id": "210194817", "text": "RT @jorge_guajardo: Josefina Vazquez Mota empez\u00f3 su campa\u00f1a con el estadio vac\u00edo, y nunca se recuper\u00f3. As\u00ed empieza su campa\u00f1a Ricardo Anaya\u2026", "edit_history_tweet_ids": ["942138941590863875"], "id": "942138941590863875"}, {"created_at": "2017-12-16T20:44:48.000Z", "author_id": "352685378", "text": "RT @jorge_guajardo: Josefina Vazquez Mota empez\u00f3 su campa\u00f1a con el estadio vac\u00edo, y nunca se recuper\u00f3. As\u00ed empieza su campa\u00f1a Ricardo Anaya\u2026", "edit_history_tweet_ids": ["942133432280260613"], "id": "942133432280260613"}, {"created_at": "2017-12-16T20:36:52.000Z", "author_id": "149659854", "text": "RT @jorge_guajardo: Josefina Vazquez Mota empez\u00f3 su campa\u00f1a con el estadio vac\u00edo, y nunca se recuper\u00f3. As\u00ed empieza su campa\u00f1a Ricardo Anaya\u2026", "edit_history_tweet_ids": ["942131432012447744"], "id": "942131432012447744"}, {"created_at": "2017-12-16T20:28:20.000Z", "author_id": "169550797", "text": "RT @jorge_guajardo: Josefina Vazquez Mota empez\u00f3 su campa\u00f1a con el estadio vac\u00edo, y nunca se recuper\u00f3. As\u00ed empieza su campa\u00f1a Ricardo Anaya\u2026", "edit_history_tweet_ids": ["942129287750209537"], "id": "942129287750209537"}, {"created_at": "2017-12-16T20:19:58.000Z", "author_id": "2911381341", "text": "RT @jorge_guajardo: Josefina Vazquez Mota empez\u00f3 su campa\u00f1a con el estadio vac\u00edo, y nunca se recuper\u00f3. As\u00ed empieza su campa\u00f1a Ricardo Anaya\u2026", "edit_history_tweet_ids": ["942127179705458688"], "id": "942127179705458688"}, {"created_at": "2017-12-16T20:16:09.000Z", "author_id": "195589018", "text": "RT @jorge_guajardo: Josefina Vazquez Mota empez\u00f3 su campa\u00f1a con el estadio vac\u00edo, y nunca se recuper\u00f3. As\u00ed empieza su campa\u00f1a Ricardo Anaya\u2026", "edit_history_tweet_ids": ["942126220711313409"], "id": "942126220711313409"}, {"created_at": "2017-12-16T19:43:58.000Z", "author_id": "36940556", "text": "The latest The Ricardo Mota Daily! https://t.co/Jpf6pLRaSn Thanks to @letras @P_Mundo #economia #sociedade", "edit_history_tweet_ids": ["942118120050843648"], "id": "942118120050843648"}, {"created_at": "2017-12-16T19:34:20.000Z", "author_id": "1328516630", "text": "RT @jorge_guajardo: Josefina Vazquez Mota empez\u00f3 su campa\u00f1a con el estadio vac\u00edo, y nunca se recuper\u00f3. As\u00ed empieza su campa\u00f1a Ricardo Anaya\u2026", "edit_history_tweet_ids": ["942115696829349888"], "id": "942115696829349888"}, {"created_at": "2017-12-16T18:16:23.000Z", "author_id": "2494561477", "text": "RT @jorge_guajardo: Josefina Vazquez Mota empez\u00f3 su campa\u00f1a con el estadio vac\u00edo, y nunca se recuper\u00f3. As\u00ed empieza su campa\u00f1a Ricardo Anaya\u2026", "edit_history_tweet_ids": ["942096081063641089"], "id": "942096081063641089"}, {"created_at": "2017-12-16T18:04:33.000Z", "author_id": "897685122870378497", "text": "RT @jorge_guajardo: Josefina Vazquez Mota empez\u00f3 su campa\u00f1a con el estadio vac\u00edo, y nunca se recuper\u00f3. As\u00ed empieza su campa\u00f1a Ricardo Anaya\u2026", "edit_history_tweet_ids": ["942093103350956032"], "id": "942093103350956032"}, {"created_at": "2017-12-16T17:35:54.000Z", "author_id": "597792850", "text": "RT @jorge_guajardo: Josefina Vazquez Mota empez\u00f3 su campa\u00f1a con el estadio vac\u00edo, y nunca se recuper\u00f3. As\u00ed empieza su campa\u00f1a Ricardo Anaya\u2026", "edit_history_tweet_ids": ["942085892793098242"], "id": "942085892793098242"}, {"created_at": "2017-12-16T17:21:27.000Z", "author_id": "133755213", "text": "RT @jorge_guajardo: Josefina Vazquez Mota empez\u00f3 su campa\u00f1a con el estadio vac\u00edo, y nunca se recuper\u00f3. As\u00ed empieza su campa\u00f1a Ricardo Anaya\u2026", "edit_history_tweet_ids": ["942082254997667840"], "id": "942082254997667840"}, {"created_at": "2017-12-16T17:02:26.000Z", "author_id": "84350832", "text": "RT @jorge_guajardo: Josefina Vazquez Mota empez\u00f3 su campa\u00f1a con el estadio vac\u00edo, y nunca se recuper\u00f3. As\u00ed empieza su campa\u00f1a Ricardo Anaya\u2026", "edit_history_tweet_ids": ["942077469993005057"], "id": "942077469993005057"}, {"created_at": "2017-12-16T16:24:41.000Z", "author_id": "824351784", "text": "RT @jorge_guajardo: Josefina Vazquez Mota empez\u00f3 su campa\u00f1a con el estadio vac\u00edo, y nunca se recuper\u00f3. As\u00ed empieza su campa\u00f1a Ricardo Anaya\u2026", "edit_history_tweet_ids": ["942067969273843712"], "id": "942067969273843712"}, {"created_at": "2017-12-16T16:20:38.000Z", "author_id": "1258700815", "text": "RT @jorge_guajardo: Josefina Vazquez Mota empez\u00f3 su campa\u00f1a con el estadio vac\u00edo, y nunca se recuper\u00f3. As\u00ed empieza su campa\u00f1a Ricardo Anaya\u2026", "edit_history_tweet_ids": ["942066949659361280"], "id": "942066949659361280"}, {"created_at": "2017-12-16T16:17:42.000Z", "author_id": "44308695", "text": "RT @jorge_guajardo: Josefina Vazquez Mota empez\u00f3 su campa\u00f1a con el estadio vac\u00edo, y nunca se recuper\u00f3. As\u00ed empieza su campa\u00f1a Ricardo Anaya\u2026", "edit_history_tweet_ids": ["942066213215125509"], "id": "942066213215125509"}, {"created_at": "2017-12-16T16:14:03.000Z", "author_id": "64929851", "text": "RT @jorge_guajardo: Josefina Vazquez Mota empez\u00f3 su campa\u00f1a con el estadio vac\u00edo, y nunca se recuper\u00f3. As\u00ed empieza su campa\u00f1a Ricardo Anaya\u2026", "edit_history_tweet_ids": ["942065293270110214"], "id": "942065293270110214"}, {"created_at": "2017-12-16T16:03:06.000Z", "author_id": "4916956717", "text": "RT @jorge_guajardo: Josefina Vazquez Mota empez\u00f3 su campa\u00f1a con el estadio vac\u00edo, y nunca se recuper\u00f3. As\u00ed empieza su campa\u00f1a Ricardo Anaya\u2026", "edit_history_tweet_ids": ["942062538937782273"], "id": "942062538937782273"}], "meta": {"newest_id": "943382685333929986", "oldest_id": "942062538937782273", "result_count": 100, "next_token": "1jzu9lk96gu5npw44kesvb3c53makg6hz7s1jmjof6nx"}}