{"data": [{"author_id": "1198147367847047168", "text": ".\n\u00bfHay alguien al mando? El gobierno ha demostrado ser un artefacto inservible, una colecci\u00f3n de pazguatos resentidos, gandules excelsos, ignorantes revenidos, incapaces de hilvanar una sola respuesta a la descomunal crisis.\n\n@Alejandro_vara \n.\nhttps://t.co/OrLHklnWDj https://t.co/87WhmAGONP", "edit_history_tweet_ids": ["1506518850002632704"], "id": "1506518850002632704", "created_at": "2022-03-23T06:30:58.000Z"}, {"author_id": "1388224662916714499", "text": "RT @NataliaSofiaMG: Ni se habla de la denuncia de Aura S\u00e1nchez de la violaci\u00f3n que hace 7 sufri\u00f3 hace 7 a\u00f1os por parte de Andr\u00e9s  Angulo Vi\u2026", "edit_history_tweet_ids": ["1506518513074249730"], "id": "1506518513074249730", "created_at": "2022-03-23T06:29:37.000Z"}, {"author_id": "989979845173170176", "text": "RT @NataliaSofiaMG: Ni se habla de la denuncia de Aura S\u00e1nchez de la violaci\u00f3n que hace 7 sufri\u00f3 hace 7 a\u00f1os por parte de Andr\u00e9s  Angulo Vi\u2026", "edit_history_tweet_ids": ["1506516347446046720"], "id": "1506516347446046720", "created_at": "2022-03-23T06:21:01.000Z"}, {"author_id": "225541843", "text": "RT @politicomx: \"Qu\u00e9 raro que Tartufo no diga ni p\u00edo sobre el pleito\": @DiegoFC\ndio a conocer su sorpresa debido al silencio de AMLO respec\u2026", "edit_history_tweet_ids": ["1506515540650692608"], "id": "1506515540650692608", "created_at": "2022-03-23T06:17:49.000Z"}, {"author_id": "1221295611518976000", "text": "RT @caracusmx: No es por echarle a perder la fiesta aeroportuaria a #ElCacas, pero... \u00bfya podemos hablar de las graves acusaciones de Julio\u2026", "edit_history_tweet_ids": ["1506512035349250053"], "id": "1506512035349250053", "created_at": "2022-03-23T06:03:53.000Z"}, {"author_id": "1442311922", "text": "RT @NataliaSofiaMG: Ni se habla de la denuncia de Aura S\u00e1nchez de la violaci\u00f3n que hace 7 sufri\u00f3 hace 7 a\u00f1os por parte de Andr\u00e9s  Angulo Vi\u2026", "edit_history_tweet_ids": ["1506511718595416064"], "id": "1506511718595416064", "created_at": "2022-03-23T06:02:38.000Z"}, {"author_id": "150545133", "text": "RT @politicomx: \"Qu\u00e9 raro que Tartufo no diga ni p\u00edo sobre el pleito\": @DiegoFC\ndio a conocer su sorpresa debido al silencio de AMLO respec\u2026", "edit_history_tweet_ids": ["1506505748779573249"], "id": "1506505748779573249", "created_at": "2022-03-23T05:38:54.000Z"}, {"author_id": "296445991", "text": "RT @JoseCardenas1: No es por echarle a perder la fiesta aeroportuaria a nadie, pero\u2026 \u00bfYa podemos hablar de las graves acusaciones de Julio\u2026", "edit_history_tweet_ids": ["1506505571079491586"], "id": "1506505571079491586", "created_at": "2022-03-23T05:38:12.000Z"}, {"author_id": "1000897064983654400", "text": "RT @aleoglez: Alguien sabe algo, sobre las graves acusaciones que hace Julio Scherer, a Alejandro Gertz Manero y Olga Sanchez Cordero?  \n\nR\u2026", "edit_history_tweet_ids": ["1506505348596830209"], "id": "1506505348596830209", "created_at": "2022-03-23T05:37:19.000Z"}, {"author_id": "1015615668052512768", "text": "RT @NataliaSofiaMG: Ni se habla de la denuncia de Aura S\u00e1nchez de la violaci\u00f3n que hace 7 sufri\u00f3 hace 7 a\u00f1os por parte de Andr\u00e9s  Angulo Vi\u2026", "edit_history_tweet_ids": ["1506504793065467909"], "id": "1506504793065467909", "created_at": "2022-03-23T05:35:06.000Z"}, {"author_id": "1046368981", "text": "RT @politicomx: \"Qu\u00e9 raro que Tartufo no diga ni p\u00edo sobre el pleito\": @DiegoFC\ndio a conocer su sorpresa debido al silencio de AMLO respec\u2026", "edit_history_tweet_ids": ["1506503926207717376"], "id": "1506503926207717376", "created_at": "2022-03-23T05:31:40.000Z"}, {"author_id": "963576270788345856", "text": "RT @politicomx: \"Qu\u00e9 raro que Tartufo no diga ni p\u00edo sobre el pleito\": @DiegoFC\ndio a conocer su sorpresa debido al silencio de AMLO respec\u2026", "edit_history_tweet_ids": ["1506503768614998021"], "id": "1506503768614998021", "created_at": "2022-03-23T05:31:02.000Z"}, {"author_id": "137474821", "text": "\"Qu\u00e9 raro que Tartufo no diga ni p\u00edo sobre el pleito\": @DiegoFC\ndio a conocer su sorpresa debido al silencio de AMLO respecto al conflicto entre Julio Scherer Ibarra, Alejandro Gertz Manero y Olga S\u00e1nchez Cordero dado a conocer en d\u00edas recientes. https://t.co/LB42wq4vkt https://t.co/a2JF5dNG2I", "edit_history_tweet_ids": ["1506503508442427395"], "id": "1506503508442427395", "created_at": "2022-03-23T05:30:00.000Z"}, {"author_id": "1087548235856601090", "text": "RT @azucenau: El s\u00e1bado se dio a conocer en la revista Proceso una carta donde el exconsejero jur\u00eddico de presidencia, Julio Scherer Ibarra\u2026", "edit_history_tweet_ids": ["1506501761229414400"], "id": "1506501761229414400", "created_at": "2022-03-23T05:23:03.000Z"}, {"author_id": "286035460", "text": "RT @JoseCardenas1: No es por echarle a perder la fiesta aeroportuaria a nadie, pero\u2026 \u00bfYa podemos hablar de las graves acusaciones de Julio\u2026", "edit_history_tweet_ids": ["1506493574904520705"], "id": "1506493574904520705", "created_at": "2022-03-23T04:50:32.000Z"}, {"author_id": "1228746697880170497", "text": "RT @aleoglez: Alguien sabe algo, sobre las graves acusaciones que hace Julio Scherer, a Alejandro Gertz Manero y Olga Sanchez Cordero?  \n\nR\u2026", "edit_history_tweet_ids": ["1506489428499386374"], "id": "1506489428499386374", "created_at": "2022-03-23T04:34:03.000Z"}, {"author_id": "1389688701677187078", "text": "RT @NataliaSofiaMG: Ni se habla de la denuncia de Aura S\u00e1nchez de la violaci\u00f3n que hace 7 sufri\u00f3 hace 7 a\u00f1os por parte de Andr\u00e9s  Angulo Vi\u2026", "edit_history_tweet_ids": ["1506485849294262273"], "id": "1506485849294262273", "created_at": "2022-03-23T04:19:50.000Z"}, {"author_id": "79271063", "text": "RT @JoseCardenas1: No es por echarle a perder la fiesta aeroportuaria a nadie, pero\u2026 \u00bfYa podemos hablar de las graves acusaciones de Julio\u2026", "edit_history_tweet_ids": ["1506485731262353408"], "id": "1506485731262353408", "created_at": "2022-03-23T04:19:22.000Z"}, {"author_id": "1036274614052085761", "text": "RT @Ferr_Mont: Los otros relatores ser\u00e1n \nTitulares\nAlfredo S\u00e1nchez Chinchilla \nEver Alejandro P\u00e9rez Arriaza \n\nSuplentes\nWilliam Oswaldo Ra\u2026", "edit_history_tweet_ids": ["1506485230571442183"], "id": "1506485230571442183", "created_at": "2022-03-23T04:17:22.000Z"}, {"author_id": "1365822703219970054", "text": "RT @azucenau: #AzucenaALas10 | Julio Scherer exconsejero jur\u00eddico de la presidencia public\u00f3 una carta donde se\u00f1ala a Olga S\u00e1nchez Cordero y\u2026", "edit_history_tweet_ids": ["1506484791864172549"], "id": "1506484791864172549", "created_at": "2022-03-23T04:15:38.000Z"}, {"author_id": "1270207426814451717", "text": "RT @azucenau: #AzucenaALas10 | Julio Scherer exconsejero jur\u00eddico de la presidencia public\u00f3 una carta donde se\u00f1ala a Olga S\u00e1nchez Cordero y\u2026", "edit_history_tweet_ids": ["1506482763880349702"], "id": "1506482763880349702", "created_at": "2022-03-23T04:07:34.000Z"}, {"author_id": "320406064", "text": "RT @azucenau: #AzucenaALas10 | Julio Scherer exconsejero jur\u00eddico de la presidencia public\u00f3 una carta donde se\u00f1ala a Olga S\u00e1nchez Cordero y\u2026", "edit_history_tweet_ids": ["1506482028698476544"], "id": "1506482028698476544", "created_at": "2022-03-23T04:04:39.000Z"}, {"author_id": "168322545", "text": "RT @NataliaSofiaMG: Ni se habla de la denuncia de Aura S\u00e1nchez de la violaci\u00f3n que hace 7 sufri\u00f3 hace 7 a\u00f1os por parte de Andr\u00e9s  Angulo Vi\u2026", "edit_history_tweet_ids": ["1506481929163522048"], "id": "1506481929163522048", "created_at": "2022-03-23T04:04:15.000Z"}, {"author_id": "1500106751957417995", "text": "RT @aleoglez: Alguien sabe algo, sobre las graves acusaciones que hace Julio Scherer, a Alejandro Gertz Manero y Olga Sanchez Cordero?  \n\nR\u2026", "edit_history_tweet_ids": ["1506480861310382081"], "id": "1506480861310382081", "created_at": "2022-03-23T04:00:01.000Z"}, {"author_id": "38091906", "text": "RT @NataliaSofiaMG: Ni se habla de la denuncia de Aura S\u00e1nchez de la violaci\u00f3n que hace 7 sufri\u00f3 hace 7 a\u00f1os por parte de Andr\u00e9s  Angulo Vi\u2026", "edit_history_tweet_ids": ["1506479541325291521"], "id": "1506479541325291521", "created_at": "2022-03-23T03:54:46.000Z"}, {"author_id": "1016456619692052480", "text": "RT @azucenau: #AzucenaALas10 | Julio Scherer exconsejero jur\u00eddico de la presidencia public\u00f3 una carta donde se\u00f1ala a Olga S\u00e1nchez Cordero y\u2026", "edit_history_tweet_ids": ["1506478921889460224"], "id": "1506478921889460224", "created_at": "2022-03-23T03:52:18.000Z"}, {"author_id": "748110248", "text": ".@MorenaSenadores, @SenadoresdelPAN y @SenadoPRI conf\u00edan en que @lopezobrador_ rectifique y se pronuncie por \u201cdiferencias\u201d y acusaciones entre Julio Scherer Ibarra; la presidenta del @senadomexicano, @M_OlgaSCordero y el fiscal Alejandro Gertz Manero.\n\nhttps://t.co/XyM051iGiQ", "edit_history_tweet_ids": ["1506478341410287622"], "id": "1506478341410287622", "created_at": "2022-03-23T03:50:00.000Z"}, {"author_id": "1149426000", "text": "RT @aleoglez: Alguien sabe algo, sobre las graves acusaciones que hace Julio Scherer, a Alejandro Gertz Manero y Olga Sanchez Cordero?  \n\nR\u2026", "edit_history_tweet_ids": ["1506478273517268995"], "id": "1506478273517268995", "created_at": "2022-03-23T03:49:44.000Z"}, {"author_id": "1053672071191060480", "text": "RT @NataliaSofiaMG: Ni se habla de la denuncia de Aura S\u00e1nchez de la violaci\u00f3n que hace 7 sufri\u00f3 hace 7 a\u00f1os por parte de Andr\u00e9s  Angulo Vi\u2026", "edit_history_tweet_ids": ["1506478149705641985"], "id": "1506478149705641985", "created_at": "2022-03-23T03:49:14.000Z"}, {"author_id": "1239409609623908352", "text": "RT @aleoglez: Alguien sabe algo, sobre las graves acusaciones que hace Julio Scherer, a Alejandro Gertz Manero y Olga Sanchez Cordero?  \n\nR\u2026", "edit_history_tweet_ids": ["1506477470400204805"], "id": "1506477470400204805", "created_at": "2022-03-23T03:46:32.000Z"}, {"author_id": "2951991563", "text": "RT @aleoglez: Alguien sabe algo, sobre las graves acusaciones que hace Julio Scherer, a Alejandro Gertz Manero y Olga Sanchez Cordero?  \n\nR\u2026", "edit_history_tweet_ids": ["1506477252841644034"], "id": "1506477252841644034", "created_at": "2022-03-23T03:45:40.000Z"}, {"author_id": "429536591", "text": "RT @aleoglez: Alguien sabe algo, sobre las graves acusaciones que hace Julio Scherer, a Alejandro Gertz Manero y Olga Sanchez Cordero?  \n\nR\u2026", "edit_history_tweet_ids": ["1506476205112971267"], "id": "1506476205112971267", "created_at": "2022-03-23T03:41:30.000Z"}, {"author_id": "1008798271433789440", "text": "RT @azucenau: El s\u00e1bado se dio a conocer en la revista Proceso una carta donde el exconsejero jur\u00eddico de presidencia, Julio Scherer Ibarra\u2026", "edit_history_tweet_ids": ["1506475632405848071"], "id": "1506475632405848071", "created_at": "2022-03-23T03:39:14.000Z"}, {"author_id": "512654945", "text": "RT @aleoglez: Alguien sabe algo, sobre las graves acusaciones que hace Julio Scherer, a Alejandro Gertz Manero y Olga Sanchez Cordero?  \n\nR\u2026", "edit_history_tweet_ids": ["1506475576193794058"], "id": "1506475576193794058", "created_at": "2022-03-23T03:39:00.000Z"}, {"author_id": "1223097289587281920", "text": "RT @aleoglez: Alguien sabe algo, sobre las graves acusaciones que hace Julio Scherer, a Alejandro Gertz Manero y Olga Sanchez Cordero?  \n\nR\u2026", "edit_history_tweet_ids": ["1506475314377109508"], "id": "1506475314377109508", "created_at": "2022-03-23T03:37:58.000Z"}, {"author_id": "1014790966262353921", "text": "\ud83d\udc68\u200d\ud83c\udfa4 \ud83c\udfbb con tanta majader\u00eda, escucha Alejandro Sanchez \ud83c\udfbc \ud83d\udc68\u200d\ud83c\udfa4", "edit_history_tweet_ids": ["1506474116336939011"], "id": "1506474116336939011", "created_at": "2022-03-23T03:33:12.000Z"}, {"author_id": "1056549997", "text": "RT @azucenau: El s\u00e1bado se dio a conocer en la revista Proceso una carta donde el exconsejero jur\u00eddico de presidencia, Julio Scherer Ibarra\u2026", "edit_history_tweet_ids": ["1506473063642185728"], "id": "1506473063642185728", "created_at": "2022-03-23T03:29:01.000Z"}, {"author_id": "1498728494389501961", "text": "RT @NataliaSofiaMG: Ni se habla de la denuncia de Aura S\u00e1nchez de la violaci\u00f3n que hace 7 sufri\u00f3 hace 7 a\u00f1os por parte de Andr\u00e9s  Angulo Vi\u2026", "edit_history_tweet_ids": ["1506471964696846341"], "id": "1506471964696846341", "created_at": "2022-03-23T03:24:39.000Z"}, {"author_id": "767386604013023233", "text": "RT @aleoglez: Alguien sabe algo, sobre las graves acusaciones que hace Julio Scherer, a Alejandro Gertz Manero y Olga Sanchez Cordero?  \n\nR\u2026", "edit_history_tweet_ids": ["1506471254462717957"], "id": "1506471254462717957", "created_at": "2022-03-23T03:21:50.000Z"}, {"author_id": "1050498833501831170", "text": "RT @aleoglez: Alguien sabe algo, sobre las graves acusaciones que hace Julio Scherer, a Alejandro Gertz Manero y Olga Sanchez Cordero?  \n\nR\u2026", "edit_history_tweet_ids": ["1506469777522380802"], "id": "1506469777522380802", "created_at": "2022-03-23T03:15:58.000Z"}, {"author_id": "219775167", "text": "RT @azucenau: #AzucenaALas10 | Julio Scherer exconsejero jur\u00eddico de la presidencia public\u00f3 una carta donde se\u00f1ala a Olga S\u00e1nchez Cordero y\u2026", "edit_history_tweet_ids": ["1506469652511305729"], "id": "1506469652511305729", "created_at": "2022-03-23T03:15:28.000Z"}, {"author_id": "83229235", "text": "RT @NataliaSofiaMG: Ni se habla de la denuncia de Aura S\u00e1nchez de la violaci\u00f3n que hace 7 sufri\u00f3 hace 7 a\u00f1os por parte de Andr\u00e9s  Angulo Vi\u2026", "edit_history_tweet_ids": ["1506468085854781445"], "id": "1506468085854781445", "created_at": "2022-03-23T03:09:15.000Z"}, {"author_id": "70032668", "text": "RT @aleoglez: Alguien sabe algo, sobre las graves acusaciones que hace Julio Scherer, a Alejandro Gertz Manero y Olga Sanchez Cordero?  \n\nR\u2026", "edit_history_tweet_ids": ["1506464592230191105"], "id": "1506464592230191105", "created_at": "2022-03-23T02:55:22.000Z"}, {"author_id": "4562513598", "text": "RT @ABCQRO: #Nacional \ud83c\uddf2\ud83c\uddfd | Scherer acusa persecuci\u00f3n \"perversa\" de Gertz y S\u00e1nchez Cordero\n\nOlga S\u00e1nchez,  respondi\u00f3 que las acusaciones so\u2026", "edit_history_tweet_ids": ["1506464241431236610"], "id": "1506464241431236610", "created_at": "2022-03-23T02:53:58.000Z"}, {"author_id": "461585405", "text": "RT @aleoglez: Alguien sabe algo, sobre las graves acusaciones que hace Julio Scherer, a Alejandro Gertz Manero y Olga Sanchez Cordero?  \n\nR\u2026", "edit_history_tweet_ids": ["1506463614760198146"], "id": "1506463614760198146", "created_at": "2022-03-23T02:51:29.000Z"}, {"author_id": "118747400", "text": "RT @aleoglez: Alguien sabe algo, sobre las graves acusaciones que hace Julio Scherer, a Alejandro Gertz Manero y Olga Sanchez Cordero?  \n\nR\u2026", "edit_history_tweet_ids": ["1506462801249808384"], "id": "1506462801249808384", "created_at": "2022-03-23T02:48:15.000Z"}, {"author_id": "822410548197425152", "text": "RT @NataliaSofiaMG: Ni se habla de la denuncia de Aura S\u00e1nchez de la violaci\u00f3n que hace 7 sufri\u00f3 hace 7 a\u00f1os por parte de Andr\u00e9s  Angulo Vi\u2026", "edit_history_tweet_ids": ["1506462179071045632"], "id": "1506462179071045632", "created_at": "2022-03-23T02:45:46.000Z"}, {"author_id": "1458281634202066945", "text": "RT @JoseCardenas1: No es por echarle a perder la fiesta aeroportuaria a nadie, pero\u2026 \u00bfYa podemos hablar de las graves acusaciones de Julio\u2026", "edit_history_tweet_ids": ["1506462169600299009"], "id": "1506462169600299009", "created_at": "2022-03-23T02:45:44.000Z"}, {"author_id": "1224892296547782658", "text": "RT @aleoglez: Alguien sabe algo, sobre las graves acusaciones que hace Julio Scherer, a Alejandro Gertz Manero y Olga Sanchez Cordero?  \n\nR\u2026", "edit_history_tweet_ids": ["1506460169265246210"], "id": "1506460169265246210", "created_at": "2022-03-23T02:37:47.000Z"}, {"author_id": "2691002964", "text": "RT @aleoglez: Alguien sabe algo, sobre las graves acusaciones que hace Julio Scherer, a Alejandro Gertz Manero y Olga Sanchez Cordero?  \n\nR\u2026", "edit_history_tweet_ids": ["1506459484222332931"], "id": "1506459484222332931", "created_at": "2022-03-23T02:35:04.000Z"}, {"author_id": "1112097486838087681", "text": "RT @aleoglez: Alguien sabe algo, sobre las graves acusaciones que hace Julio Scherer, a Alejandro Gertz Manero y Olga Sanchez Cordero?  \n\nR\u2026", "edit_history_tweet_ids": ["1506458537299304454"], "id": "1506458537299304454", "created_at": "2022-03-23T02:31:18.000Z"}, {"author_id": "217125858", "text": "#Nacional \ud83c\uddf2\ud83c\uddfd | Scherer acusa persecuci\u00f3n \"perversa\" de Gertz y S\u00e1nchez Cordero\n\nOlga S\u00e1nchez,  respondi\u00f3 que las acusaciones son falsas y tienen la \u00fanica intenci\u00f3n de distraer de los asuntos que est\u00e1n en manos del Poder Judicial \u2192 https://t.co/r4QiB6c31x https://t.co/9NKhJM1baj", "edit_history_tweet_ids": ["1506458209178988544"], "id": "1506458209178988544", "created_at": "2022-03-23T02:30:00.000Z"}, {"author_id": "1027263221957369861", "text": "RT @aleoglez: Alguien sabe algo, sobre las graves acusaciones que hace Julio Scherer, a Alejandro Gertz Manero y Olga Sanchez Cordero?  \n\nR\u2026", "edit_history_tweet_ids": ["1506457940210946052"], "id": "1506457940210946052", "created_at": "2022-03-23T02:28:56.000Z"}, {"author_id": "994425754656980992", "text": "RT @aleoglez: Alguien sabe algo, sobre las graves acusaciones que hace Julio Scherer, a Alejandro Gertz Manero y Olga Sanchez Cordero?  \n\nR\u2026", "edit_history_tweet_ids": ["1506457779313123332"], "id": "1506457779313123332", "created_at": "2022-03-23T02:28:17.000Z"}, {"author_id": "104069437", "text": "RT @aleoglez: Alguien sabe algo, sobre las graves acusaciones que hace Julio Scherer, a Alejandro Gertz Manero y Olga Sanchez Cordero?  \n\nR\u2026", "edit_history_tweet_ids": ["1506455655749664772"], "id": "1506455655749664772", "created_at": "2022-03-23T02:19:51.000Z"}, {"author_id": "728815405", "text": "RT @NataliaSofiaMG: Ni se habla de la denuncia de Aura S\u00e1nchez de la violaci\u00f3n que hace 7 sufri\u00f3 hace 7 a\u00f1os por parte de Andr\u00e9s  Angulo Vi\u2026", "edit_history_tweet_ids": ["1506455027963027467"], "id": "1506455027963027467", "created_at": "2022-03-23T02:17:21.000Z"}, {"author_id": "1469481608449245188", "text": "RT @aleoglez: Alguien sabe algo, sobre las graves acusaciones que hace Julio Scherer, a Alejandro Gertz Manero y Olga Sanchez Cordero?  \n\nR\u2026", "edit_history_tweet_ids": ["1506453571826503680"], "id": "1506453571826503680", "created_at": "2022-03-23T02:11:34.000Z"}, {"author_id": "524862885", "text": "RT @aleoglez: Alguien sabe algo, sobre las graves acusaciones que hace Julio Scherer, a Alejandro Gertz Manero y Olga Sanchez Cordero?  \n\nR\u2026", "edit_history_tweet_ids": ["1506453180011278337"], "id": "1506453180011278337", "created_at": "2022-03-23T02:10:01.000Z"}, {"author_id": "2180320802", "text": "RT @NataliaSofiaMG: Ni se habla de la denuncia de Aura S\u00e1nchez de la violaci\u00f3n que hace 7 sufri\u00f3 hace 7 a\u00f1os por parte de Andr\u00e9s  Angulo Vi\u2026", "edit_history_tweet_ids": ["1506452744252571656"], "id": "1506452744252571656", "created_at": "2022-03-23T02:08:17.000Z"}, {"author_id": "111382508", "text": "RT @caracusmx: No es por echarle a perder la fiesta aeroportuaria a #ElCacas, pero... \u00bfya podemos hablar de las graves acusaciones de Julio\u2026", "edit_history_tweet_ids": ["1506452675956641793"], "id": "1506452675956641793", "created_at": "2022-03-23T02:08:01.000Z"}, {"author_id": "1192135861263048704", "text": "RT @NataliaSofiaMG: Ni se habla de la denuncia de Aura S\u00e1nchez de la violaci\u00f3n que hace 7 sufri\u00f3 hace 7 a\u00f1os por parte de Andr\u00e9s  Angulo Vi\u2026", "edit_history_tweet_ids": ["1506452170325078016"], "id": "1506452170325078016", "created_at": "2022-03-23T02:06:00.000Z"}, {"author_id": "398871875", "text": "RT @NataliaSofiaMG: Ni se habla de la denuncia de Aura S\u00e1nchez de la violaci\u00f3n que hace 7 sufri\u00f3 hace 7 a\u00f1os por parte de Andr\u00e9s  Angulo Vi\u2026", "edit_history_tweet_ids": ["1506452141153660934"], "id": "1506452141153660934", "created_at": "2022-03-23T02:05:53.000Z"}, {"author_id": "626587465", "text": "RT @aleoglez: Alguien sabe algo, sobre las graves acusaciones que hace Julio Scherer, a Alejandro Gertz Manero y Olga Sanchez Cordero?  \n\nR\u2026", "edit_history_tweet_ids": ["1506451958558691331"], "id": "1506451958558691331", "created_at": "2022-03-23T02:05:10.000Z"}, {"author_id": "210719134", "text": "RT @caracusmx: No es por echarle a perder la fiesta aeroportuaria a #ElCacas, pero... \u00bfya podemos hablar de las graves acusaciones de Julio\u2026", "edit_history_tweet_ids": ["1506451943715225602"], "id": "1506451943715225602", "created_at": "2022-03-23T02:05:06.000Z"}, {"author_id": "842659358", "text": "RT @JoseCardenas1: No es por echarle a perder la fiesta aeroportuaria a nadie, pero\u2026 \u00bfYa podemos hablar de las graves acusaciones de Julio\u2026", "edit_history_tweet_ids": ["1506451245791383553"], "id": "1506451245791383553", "created_at": "2022-03-23T02:02:20.000Z"}, {"author_id": "113166453", "text": "RT @azucenau: El s\u00e1bado se dio a conocer en la revista Proceso una carta donde el exconsejero jur\u00eddico de presidencia, Julio Scherer Ibarra\u2026", "edit_history_tweet_ids": ["1506451093114564608"], "id": "1506451093114564608", "created_at": "2022-03-23T02:01:43.000Z"}, {"author_id": "714416130715156480", "text": "RT @NataliaSofiaMG: Ni se habla de la denuncia de Aura S\u00e1nchez de la violaci\u00f3n que hace 7 sufri\u00f3 hace 7 a\u00f1os por parte de Andr\u00e9s  Angulo Vi\u2026", "edit_history_tweet_ids": ["1506451065969033217"], "id": "1506451065969033217", "created_at": "2022-03-23T02:01:37.000Z"}, {"author_id": "727462867", "text": "RT @caracusmx: No es por echarle a perder la fiesta aeroportuaria a #ElCacas, pero... \u00bfya podemos hablar de las graves acusaciones de Julio\u2026", "edit_history_tweet_ids": ["1506451038466883588"], "id": "1506451038466883588", "created_at": "2022-03-23T02:01:30.000Z"}, {"author_id": "91628518", "text": "No es por echarle a perder la fiesta aeroportuaria a #ElCacas, pero... \u00bfya podemos hablar de las graves acusaciones de Julio Scherer Ibarra contra Alejandro Gertz Manero y Olga S\u00e1nchez Florero? \u00bfO cu\u00e1nto gana #JoseRamonLopezBeltran31?\n\n#AbreLosOjos \ud83c\uddf2\ud83c\uddfd #NoALaRevocacionDeMandato", "edit_history_tweet_ids": ["1506450790726184967"], "id": "1506450790726184967", "created_at": "2022-03-23T02:00:31.000Z"}, {"author_id": "3406088807", "text": "RT @LaRazon_mx: AMLO (@lopezobrador_) debe intervenir en conflicto Scherer-Gertz-S\u00e1nchez Cordero, considera @RicardoMonrealA https://t.co/j\u2026", "edit_history_tweet_ids": ["1506450088910270472"], "id": "1506450088910270472", "created_at": "2022-03-23T01:57:44.000Z"}, {"author_id": "113098078", "text": "RT @aleoglez: Alguien sabe algo, sobre las graves acusaciones que hace Julio Scherer, a Alejandro Gertz Manero y Olga Sanchez Cordero?  \n\nR\u2026", "edit_history_tweet_ids": ["1506449746646474758"], "id": "1506449746646474758", "created_at": "2022-03-23T01:56:22.000Z"}, {"author_id": "1429156046", "text": "RT @aleoglez: Alguien sabe algo, sobre las graves acusaciones que hace Julio Scherer, a Alejandro Gertz Manero y Olga Sanchez Cordero?  \n\nR\u2026", "edit_history_tweet_ids": ["1506449690312728578"], "id": "1506449690312728578", "created_at": "2022-03-23T01:56:09.000Z"}, {"author_id": "297828649", "text": "RT @LaVozDeGuateOf: NACIONALES | El Congreso elige como relatores titulares de la Oficina Nacional Contra la Tortura al juez Lesther Castel\u2026", "edit_history_tweet_ids": ["1506449689394167810"], "id": "1506449689394167810", "created_at": "2022-03-23T01:56:09.000Z"}, {"author_id": "1239729051683688448", "text": "NACIONALES | El Congreso elige como relatores titulares de la Oficina Nacional Contra la Tortura al juez Lesther Castellanos Rodas; Alfredo S\u00e1nchez Chinchilla y Ever Alejandro P\u00e9rez Arriaza. Castellanos es quien denunci\u00f3 a la exjefa de la FECI en Quetzaltenango,Virginia Laparra. https://t.co/eCnxZdjDqd", "edit_history_tweet_ids": ["1506449232043118596"], "id": "1506449232043118596", "created_at": "2022-03-23T01:54:20.000Z"}, {"author_id": "2767588666", "text": "RT @NataliaSofiaMG: Ni se habla de la denuncia de Aura S\u00e1nchez de la violaci\u00f3n que hace 7 sufri\u00f3 hace 7 a\u00f1os por parte de Andr\u00e9s  Angulo Vi\u2026", "edit_history_tweet_ids": ["1506447734009651206"], "id": "1506447734009651206", "created_at": "2022-03-23T01:48:22.000Z"}, {"author_id": "884932688074784768", "text": "RT @aleoglez: Alguien sabe algo, sobre las graves acusaciones que hace Julio Scherer, a Alejandro Gertz Manero y Olga Sanchez Cordero?  \n\nR\u2026", "edit_history_tweet_ids": ["1506447556376768514"], "id": "1506447556376768514", "created_at": "2022-03-23T01:47:40.000Z"}, {"author_id": "1206760346230444032", "text": "RT @NataliaSofiaMG: Ni se habla de la denuncia de Aura S\u00e1nchez de la violaci\u00f3n que hace 7 sufri\u00f3 hace 7 a\u00f1os por parte de Andr\u00e9s  Angulo Vi\u2026", "edit_history_tweet_ids": ["1506446427064573954"], "id": "1506446427064573954", "created_at": "2022-03-23T01:43:11.000Z"}, {"author_id": "792987925340225536", "text": "RT @El_Universal_Mx: \"A estas alturas, ya todo mundo ha visto o escuchado de la denuncia p\u00fablica de Julio Scherer, exconsejero jur\u00eddico de\u2026", "edit_history_tweet_ids": ["1506444807605944324"], "id": "1506444807605944324", "created_at": "2022-03-23T01:36:45.000Z"}, {"author_id": "109154755", "text": "RT @aleoglez: Alguien sabe algo, sobre las graves acusaciones que hace Julio Scherer, a Alejandro Gertz Manero y Olga Sanchez Cordero?  \n\nR\u2026", "edit_history_tweet_ids": ["1506443983618293763"], "id": "1506443983618293763", "created_at": "2022-03-23T01:33:28.000Z"}, {"author_id": "1473123229933793282", "text": "RT @aleoglez: Alguien sabe algo, sobre las graves acusaciones que hace Julio Scherer, a Alejandro Gertz Manero y Olga Sanchez Cordero?  \n\nR\u2026", "edit_history_tweet_ids": ["1506441255567331328"], "id": "1506441255567331328", "created_at": "2022-03-23T01:22:38.000Z"}, {"author_id": "327533427", "text": "RT @guatevisible: Con el Acuerdo 9-2022, diputados eligieron a los Relatores titulares ante la Oficina Nacional Contra la Tortura, siendo e\u2026", "edit_history_tweet_ids": ["1506440964365291528"], "id": "1506440964365291528", "created_at": "2022-03-23T01:21:28.000Z"}, {"author_id": "2174000722", "text": "RT @aleoglez: Alguien sabe algo, sobre las graves acusaciones que hace Julio Scherer, a Alejandro Gertz Manero y Olga Sanchez Cordero?  \n\nR\u2026", "edit_history_tweet_ids": ["1506440842067673089"], "id": "1506440842067673089", "created_at": "2022-03-23T01:20:59.000Z"}, {"author_id": "1688433084", "text": "RT @guatevisible: Con el Acuerdo 9-2022, diputados eligieron a los Relatores titulares ante la Oficina Nacional Contra la Tortura, siendo e\u2026", "edit_history_tweet_ids": ["1506440633346633730"], "id": "1506440633346633730", "created_at": "2022-03-23T01:20:09.000Z"}, {"author_id": "86466138", "text": "RT @azucenau: El s\u00e1bado se dio a conocer en la revista Proceso una carta donde el exconsejero jur\u00eddico de presidencia, Julio Scherer Ibarra\u2026", "edit_history_tweet_ids": ["1506440335269908482"], "id": "1506440335269908482", "created_at": "2022-03-23T01:18:58.000Z"}, {"author_id": "4041502587", "text": "RT @NataliaSofiaMG: Ni se habla de la denuncia de Aura S\u00e1nchez de la violaci\u00f3n que hace 7 sufri\u00f3 hace 7 a\u00f1os por parte de Andr\u00e9s  Angulo Vi\u2026", "edit_history_tweet_ids": ["1506440100099600391"], "id": "1506440100099600391", "created_at": "2022-03-23T01:18:02.000Z"}, {"author_id": "4499559076", "text": "AMLO (@lopezobrador_) debe intervenir en conflicto Scherer-Gertz-S\u00e1nchez Cordero, considera @RicardoMonrealA https://t.co/pSTLc38kUc https://t.co/IsA1sm08UL", "edit_history_tweet_ids": ["1506439261133971470"], "id": "1506439261133971470", "created_at": "2022-03-23T01:14:42.000Z"}, {"author_id": "118335146", "text": "RT @azucenau: El s\u00e1bado se dio a conocer en la revista Proceso una carta donde el exconsejero jur\u00eddico de presidencia, Julio Scherer Ibarra\u2026", "edit_history_tweet_ids": ["1506438054793334785"], "id": "1506438054793334785", "created_at": "2022-03-23T01:09:55.000Z"}, {"author_id": "201339121", "text": "RT @aleoglez: Alguien sabe algo, sobre las graves acusaciones que hace Julio Scherer, a Alejandro Gertz Manero y Olga Sanchez Cordero?  \n\nR\u2026", "edit_history_tweet_ids": ["1506437805614014474"], "id": "1506437805614014474", "created_at": "2022-03-23T01:08:55.000Z"}, {"author_id": "1281609812573401090", "text": "RT @MussePablo: El 19/10 la familia Musse realiz\u00f3 una denuncia penal por los hechos de bandalismo en el memorial de plaza de Mayo, el juez\u2026", "edit_history_tweet_ids": ["1506435954076262404"], "id": "1506435954076262404", "created_at": "2022-03-23T01:01:34.000Z"}, {"author_id": "752303663419301888", "text": "RT @azucenau: El s\u00e1bado se dio a conocer en la revista Proceso una carta donde el exconsejero jur\u00eddico de presidencia, Julio Scherer Ibarra\u2026", "edit_history_tweet_ids": ["1506435789579767808"], "id": "1506435789579767808", "created_at": "2022-03-23T01:00:55.000Z"}, {"author_id": "76116905", "text": "RT @NataliaSofiaMG: Ni se habla de la denuncia de Aura S\u00e1nchez de la violaci\u00f3n que hace 7 sufri\u00f3 hace 7 a\u00f1os por parte de Andr\u00e9s  Angulo Vi\u2026", "edit_history_tweet_ids": ["1506434962546909186"], "id": "1506434962546909186", "created_at": "2022-03-23T00:57:37.000Z"}, {"author_id": "2151740634", "text": "RT @aleoglez: Alguien sabe algo, sobre las graves acusaciones que hace Julio Scherer, a Alejandro Gertz Manero y Olga Sanchez Cordero?  \n\nR\u2026", "edit_history_tweet_ids": ["1506434429627301892"], "id": "1506434429627301892", "created_at": "2022-03-23T00:55:30.000Z"}, {"author_id": "2369959263", "text": "RT @CanalAntigua: Pleno del Congreso eligi\u00f3 a los relatores titulares de la Oficina Nacional contra la Tortura, siendo los siguientes: \n-Le\u2026", "edit_history_tweet_ids": ["1506433775886123013"], "id": "1506433775886123013", "created_at": "2022-03-23T00:52:55.000Z"}, {"author_id": "90072965", "text": "RT @PUEESUNAM: \ud83d\udcc4La guerra y los da\u00f1os colaterales\n\ud83d\udc64Dr. Alejandro Canales S\u00e1nchez @canalesa99\n\ud83d\udcf0Suplemento Campus Milenio. N\u00fam. 938.\n@Campusm\u2026", "edit_history_tweet_ids": ["1506433773713436673"], "id": "1506433773713436673", "created_at": "2022-03-23T00:52:54.000Z"}, {"author_id": "768219905829154816", "text": "RT @guatevisible: Con el Acuerdo 9-2022, diputados eligieron a los Relatores titulares ante la Oficina Nacional Contra la Tortura, siendo e\u2026", "edit_history_tweet_ids": ["1506433336562049030"], "id": "1506433336562049030", "created_at": "2022-03-23T00:51:10.000Z"}, {"author_id": "1277415776736153601", "text": "@Mayco66687537's account is temporarily unavailable because it violates the Twitter Media Policy. Learn more.", "edit_history_tweet_ids": ["1506431311652683777"], "id": "1506431311652683777", "created_at": "2022-03-23T00:43:07.000Z"}, {"author_id": "218981512", "text": "RT @azucenau: El s\u00e1bado se dio a conocer en la revista Proceso una carta donde el exconsejero jur\u00eddico de presidencia, Julio Scherer Ibarra\u2026", "edit_history_tweet_ids": ["1506430904788520966"], "id": "1506430904788520966", "created_at": "2022-03-23T00:41:30.000Z"}, {"author_id": "759581498", "text": "RT @el_Periodico: El pleno del Congreso de la Rep\u00fablica eligi\u00f3 esta tarde como relatores titulares de la Oficina Nacional Contra la Tortura\u2026", "edit_history_tweet_ids": ["1506430758487044099"], "id": "1506430758487044099", "created_at": "2022-03-23T00:40:55.000Z"}], "meta": {"newest_id": "1506518850002632704", "oldest_id": "1506430758487044099", "result_count": 98, "next_token": "b26v89c19zqg8o3fpyqnrsg1jvovg2aklcs1jikwg8ayl"}}