{"data": [{"author_id": "4431188722", "text": "RT @voz_populi: \u270d\ufe0f OPINI\u00d3N | \"Desde mucho tiempo antes de lo de Putin, el mensajero del miedo golpeaba las puertas cada fin de mes en forma\u2026", "edit_history_tweet_ids": ["1507990950961897476"], "id": "1507990950961897476", "created_at": "2022-03-27T08:00:34.000Z"}, {"author_id": "1361791142405181440", "text": "RT @amecomi_tsushin: DC\u306f\u30c8\u30e0\u30fb\u30ad\u30f3\u30b0\u306b\u3088\u308b\u65b0\u30bf\u30a4\u30c8\u30eb\u300e\u30d0\u30c3\u30c8\u30de\u30f3:\u30ad\u30ea\u30f3\u30b0\u30bf\u30a4\u30e0\u300f\u3092\u767a\u8868\u3002\n\u30d0\u30c3\u30c8\u30de\u30f3\u306e\u6d3b\u52d5\u521d\u671f\u3092\u821e\u53f0\u306b\u3001\u30ad\u30e3\u30c3\u30c8\u30a6\u30fc\u30de\u30f3\u3089\u306e\u30f4\u30a3\u30e9\u30f3\u540c\u76df\u306b\u3088\u308b\u30a6\u30a7\u30a4\u30f3\u5bb6\u306e\u79d8\u5b9d\u306e\u7a83\u76d7\u8a08\u753b\u3092\u63cf\u304f\u3002\n\u30c8\u30e0\u30fb\u30ad\u30f3\u30b0\u306f\u8fd1\u5e74\u3001\u30d0\u30c3\u30c8\u30de\u30f3\u3068\u30ad\u30e3\u30c3\u30c8\u30a6\u30fc\u30de\u30f3\u306e\u95a2\u4fc2\u6027\u3092\u2026", "edit_history_tweet_ids": ["1507982495412736002"], "id": "1507982495412736002", "created_at": "2022-03-27T07:26:58.000Z"}, {"author_id": "1171874052216111105", "text": "RT @cuestion_p: En esta foto de la cuenta @HenirLlanos se ve a Guti\u00e9rrez, su candidato a vice Rodrigo Lara S\u00e1nchez y a Alejandro Char. http\u2026", "edit_history_tweet_ids": ["1507979460905164801"], "id": "1507979460905164801", "created_at": "2022-03-27T07:14:55.000Z"}, {"author_id": "375702674", "text": "RT @fralbaro: Ni energ\u00e9tica, diplom\u00e1tica, econ\u00f3mica, ni social... En el momento m\u00e1s comprometido de nuestra reciente historia, S\u00e1nchez no h\u2026", "edit_history_tweet_ids": ["1507977399975260161"], "id": "1507977399975260161", "created_at": "2022-03-27T07:06:43.000Z"}, {"author_id": "375702674", "text": "RT @DanzaSancho: .\n\"Algo ha mudado en el tu\u00e9tano de una sociedad harta del catecismo woke, las fiestuquis de todas y todes, la verborragia\u2026", "edit_history_tweet_ids": ["1507977167459790848"], "id": "1507977167459790848", "created_at": "2022-03-27T07:05:48.000Z"}, {"author_id": "375702674", "text": "RT @voz_populi: \u270d\ufe0f OPINI\u00d3N | \"Desde mucho tiempo antes de lo de Putin, el mensajero del miedo golpeaba las puertas cada fin de mes en forma\u2026", "edit_history_tweet_ids": ["1507977008525021185"], "id": "1507977008525021185", "created_at": "2022-03-27T07:05:10.000Z"}, {"author_id": "375702674", "text": "RT @Dama_Cristal: R\u00e9quiem por S\u00e1nchez por @Alejandro_vara https://t.co/574OlbjXnA v\u00eda @voz_populi", "edit_history_tweet_ids": ["1507976901440282628"], "id": "1507976901440282628", "created_at": "2022-03-27T07:04:44.000Z"}, {"author_id": "2532239342", "text": "RT @Dama_Cristal: R\u00e9quiem por S\u00e1nchez por @Alejandro_vara https://t.co/574OlbjXnA v\u00eda @voz_populi", "edit_history_tweet_ids": ["1507972254373756929"], "id": "1507972254373756929", "created_at": "2022-03-27T06:46:16.000Z"}, {"author_id": "2763704273", "text": "RT @QuePocaMadre_Mx: LO SENTENCIAN \ud83d\udea8\n\nLa Fiscal\u00eda del #Edomex, dieron sentencia condenatoria de 47 a\u00f1os y 6 meses de prisi\u00f3n para Alejandro\u2026", "edit_history_tweet_ids": ["1507970871838875655"], "id": "1507970871838875655", "created_at": "2022-03-27T06:40:47.000Z"}, {"author_id": "137474821", "text": "#LoM\u00e1sLe\u00eddoPMX | El exconsejero jur\u00eddico de Presidencia, Julio Scherer, acus\u00f3 a @M_OlgaSCordero y Alejandro Gertz Manero de \"ataques, hostigamiento y una confabulaci\u00f3n para perseguirlo\", todo esto usando \"su poder y recursos p\u00fablicos\".  https://t.co/paIwkUu4je", "edit_history_tweet_ids": ["1507953058457792513"], "id": "1507953058457792513", "created_at": "2022-03-27T05:30:00.000Z"}, {"author_id": "232905240", "text": "RT @cuestion_p: En esta foto de la cuenta @HenirLlanos se ve a Guti\u00e9rrez, su candidato a vice Rodrigo Lara S\u00e1nchez y a Alejandro Char. http\u2026", "edit_history_tweet_ids": ["1507948279308378118"], "id": "1507948279308378118", "created_at": "2022-03-27T05:11:00.000Z"}, {"author_id": "1298687372926877697", "text": "RT @QuePocaMadre_Mx: LO SENTENCIAN \ud83d\udea8\n\nLa Fiscal\u00eda del #Edomex, dieron sentencia condenatoria de 47 a\u00f1os y 6 meses de prisi\u00f3n para Alejandro\u2026", "edit_history_tweet_ids": ["1507944873240014853"], "id": "1507944873240014853", "created_at": "2022-03-27T04:57:28.000Z"}, {"author_id": "234690126", "text": "RT @QuePocaMadre_Mx: LO SENTENCIAN \ud83d\udea8\n\nLa Fiscal\u00eda del #Edomex, dieron sentencia condenatoria de 47 a\u00f1os y 6 meses de prisi\u00f3n para Alejandro\u2026", "edit_history_tweet_ids": ["1507939121934778370"], "id": "1507939121934778370", "created_at": "2022-03-27T04:34:37.000Z"}, {"author_id": "1497364137621569538", "text": "RT @QuePocaMadre_Mx: LO SENTENCIAN \ud83d\udea8\n\nLa Fiscal\u00eda del #Edomex, dieron sentencia condenatoria de 47 a\u00f1os y 6 meses de prisi\u00f3n para Alejandro\u2026", "edit_history_tweet_ids": ["1507936986958606337"], "id": "1507936986958606337", "created_at": "2022-03-27T04:26:08.000Z"}, {"author_id": "1460441949987504128", "text": "RT @QuePocaMadre_Mx: LO SENTENCIAN \ud83d\udea8\n\nLa Fiscal\u00eda del #Edomex, dieron sentencia condenatoria de 47 a\u00f1os y 6 meses de prisi\u00f3n para Alejandro\u2026", "edit_history_tweet_ids": ["1507927729647280130"], "id": "1507927729647280130", "created_at": "2022-03-27T03:49:21.000Z"}, {"author_id": "3145216610", "text": "RT @QuePocaMadre_Mx: LO SENTENCIAN \ud83d\udea8\n\nLa Fiscal\u00eda del #Edomex, dieron sentencia condenatoria de 47 a\u00f1os y 6 meses de prisi\u00f3n para Alejandro\u2026", "edit_history_tweet_ids": ["1507925514194980872"], "id": "1507925514194980872", "created_at": "2022-03-27T03:40:33.000Z"}, {"author_id": "959582858691084289", "text": "RT @FiscaliaEdomex: #FGJEMInforma: Por homicidio, la #Fiscal\u00edaEdom\u00e9x obtuvo sentencia condenatoria de 47 a\u00f1os y seis meses de prisi\u00f3n para\u2026", "edit_history_tweet_ids": ["1507919584443174913"], "id": "1507919584443174913", "created_at": "2022-03-27T03:16:59.000Z"}, {"author_id": "712798371270909952", "text": "#Opini\u00f3n Pues claro: ya no somos colonia Parlamento Europeo | Por Arturo Sandoval https://t.co/evhQfCO5Bg", "edit_history_tweet_ids": ["1507915361789882368"], "id": "1507915361789882368", "created_at": "2022-03-27T03:00:12.000Z"}, {"author_id": "26554347", "text": "RT @LLERO_ONLINE: This week on @LatinosOutLoud_ the crew chat w/ Erick Galindo &amp; Alejandro Mendoza - hosts of the podcast: \u201c\u00cddolo: The Ball\u2026", "edit_history_tweet_ids": ["1507905881505251330"], "id": "1507905881505251330", "created_at": "2022-03-27T02:22:32.000Z"}, {"author_id": "892048112", "text": "RT @cuestion_p: En esta foto de la cuenta @HenirLlanos se ve a Guti\u00e9rrez, su candidato a vice Rodrigo Lara S\u00e1nchez y a Alejandro Char. http\u2026", "edit_history_tweet_ids": ["1507904014540759042"], "id": "1507904014540759042", "created_at": "2022-03-27T02:15:07.000Z"}, {"author_id": "800508958733529088", "text": "RT @leosarro: Este Gobierno paga menos a los polic\u00edas y los est\u00e1 utilizando pol\u00edticamente para mantener la LUC, seg\u00fan el senador FA Alejand\u2026", "edit_history_tweet_ids": ["1507899469739671558"], "id": "1507899469739671558", "created_at": "2022-03-27T01:57:03.000Z"}, {"author_id": "1493860955557703687", "text": "RT @leosarro: Este Gobierno paga menos a los polic\u00edas y los est\u00e1 utilizando pol\u00edticamente para mantener la LUC, seg\u00fan el senador FA Alejand\u2026", "edit_history_tweet_ids": ["1507896438981754885"], "id": "1507896438981754885", "created_at": "2022-03-27T01:45:01.000Z"}, {"author_id": "3043653089", "text": "RT @cuestion_p: En esta foto de la cuenta @HenirLlanos se ve a Guti\u00e9rrez, su candidato a vice Rodrigo Lara S\u00e1nchez y a Alejandro Char. http\u2026", "edit_history_tweet_ids": ["1507894428152778755"], "id": "1507894428152778755", "created_at": "2022-03-27T01:37:01.000Z"}, {"author_id": "1433099597979820042", "text": "RT @leosarro: Este Gobierno paga menos a los polic\u00edas y los est\u00e1 utilizando pol\u00edticamente para mantener la LUC, seg\u00fan el senador FA Alejand\u2026", "edit_history_tweet_ids": ["1507893485327699968"], "id": "1507893485327699968", "created_at": "2022-03-27T01:33:16.000Z"}, {"author_id": "1123610836004679685", "text": "RT @leosarro: Este Gobierno paga menos a los polic\u00edas y los est\u00e1 utilizando pol\u00edticamente para mantener la LUC, seg\u00fan el senador FA Alejand\u2026", "edit_history_tweet_ids": ["1507892541240188933"], "id": "1507892541240188933", "created_at": "2022-03-27T01:29:31.000Z"}, {"author_id": "2227138879", "text": "RT @leosarro: Este Gobierno paga menos a los polic\u00edas y los est\u00e1 utilizando pol\u00edticamente para mantener la LUC, seg\u00fan el senador FA Alejand\u2026", "edit_history_tweet_ids": ["1507891558317658112"], "id": "1507891558317658112", "created_at": "2022-03-27T01:25:37.000Z"}, {"author_id": "2804190674", "text": "Col\u00f3n de San Justo derrot\u00f3 5-1 a C. C. y. R. El Pozo por la quinta fecha de Liga Santafesina, con goles de Agust\u00edn Farias x3, Leandro Bertola y Exequiel G\u00f3mez.\n\nEn Reserva fue triunfo 3-1 (Mat\u00edas Buratil, Mateo Mena y Alejandro S\u00e1nchez) https://t.co/3fdyboVaUx", "edit_history_tweet_ids": ["1507889741521461252"], "id": "1507889741521461252", "created_at": "2022-03-27T01:18:24.000Z"}, {"author_id": "79556851", "text": "RT @QuePocaMadre_Mx: LO SENTENCIAN \ud83d\udea8\n\nLa Fiscal\u00eda del #Edomex, dieron sentencia condenatoria de 47 a\u00f1os y 6 meses de prisi\u00f3n para Alejandro\u2026", "edit_history_tweet_ids": ["1507885720924573700"], "id": "1507885720924573700", "created_at": "2022-03-27T01:02:25.000Z"}, {"author_id": "625106993", "text": "RT @ImpudorPolitico: #LopezElCorruptoEresTu y t\u00fa hijo, Jos\u00e9 Ram\u00f3n L\u00f3pez Beltr\u00e1n, tus hermanos P\u00edo y Martinazo L\u00f3pez Obrador, tu prima Felip\u2026", "edit_history_tweet_ids": ["1507885371916357634"], "id": "1507885371916357634", "created_at": "2022-03-27T01:01:02.000Z"}, {"author_id": "708099965264891904", "text": "LO SENTENCIAN \ud83d\udea8\n\nLa Fiscal\u00eda del #Edomex, dieron sentencia condenatoria de 47 a\u00f1os y 6 meses de prisi\u00f3n para Alejandro P\u00e9rez S\u00e1nchez, tras acreditar ante un Juez su participaci\u00f3n contra un hombre en #Chimalhuac\u00e1n, #Edomex. https://t.co/6uJ5m1uK6w", "edit_history_tweet_ids": ["1507885110837891073"], "id": "1507885110837891073", "created_at": "2022-03-27T01:00:00.000Z"}, {"author_id": "1285450299356913665", "text": "RT @cuestion_p: En esta foto de la cuenta @HenirLlanos se ve a Guti\u00e9rrez, su candidato a vice Rodrigo Lara S\u00e1nchez y a Alejandro Char. http\u2026", "edit_history_tweet_ids": ["1507879395482083329"], "id": "1507879395482083329", "created_at": "2022-03-27T00:37:17.000Z"}, {"author_id": "4604836995", "text": "RT @voz_populi: \u270d\ufe0f OPINI\u00d3N | \"Desde mucho tiempo antes de lo de Putin, el mensajero del miedo golpeaba las puertas cada fin de mes en forma\u2026", "edit_history_tweet_ids": ["1507868771666599946"], "id": "1507868771666599946", "created_at": "2022-03-26T23:55:04.000Z"}, {"author_id": "2289701581", "text": "RT @cuestion_p: En esta foto de la cuenta @HenirLlanos se ve a Guti\u00e9rrez, su candidato a vice Rodrigo Lara S\u00e1nchez y a Alejandro Char. http\u2026", "edit_history_tweet_ids": ["1507865134223482880"], "id": "1507865134223482880", "created_at": "2022-03-26T23:40:37.000Z"}, {"author_id": "2809588725", "text": "\u26bd\ufe0f RESULTATS I GOLEJADORS/ES PARTITS EQUIPS @FSC_oficial (26 mar\u00e7 2022)\n\n\u274c @CNCaldesFS - JUVENIL FEMEN\u00cd Institut Line: 9-1 (Sara)\n\u2705 @CFSMolins99 - JUVENIL A SERSA: 0-2 (Hugo, Jordi)\n\u2705 INFANTIL A @IguanaGrup - @CFSMolins99: 6-0 (Aleix 2, Jan S\u00e1nchez, Aitor, Manel, Alejandro) https://t.co/ixESCXI8ui", "edit_history_tweet_ids": ["1507864153221914634"], "id": "1507864153221914634", "created_at": "2022-03-26T23:36:43.000Z"}, {"author_id": "1196542901993398272", "text": "#LopezElCorruptoEresTu y t\u00fa hijo, Jos\u00e9 Ram\u00f3n L\u00f3pez Beltr\u00e1n, tus hermanos P\u00edo y Martinazo L\u00f3pez Obrador, tu prima Felipa Obrador, tu sobrina \u00darsula Patricia Salazar Mojica y tus solapados Manuel Bartlett, Alejandro Getz Manero y Olga S\u00e1nchez Cordero. \ud83d\ude20 https://t.co/Dad0nLHNMe", "edit_history_tweet_ids": ["1507863469151899655"], "id": "1507863469151899655", "created_at": "2022-03-26T23:34:00.000Z"}, {"author_id": "705688326", "text": "RT @DoloresSanJuan: \ud83d\udcddEste s\u00e1bado 26 ha tenido lugar el taller de tronos en miniatura, organizado por la vocal\u00eda de formaci\u00f3n, donde han par\u2026", "edit_history_tweet_ids": ["1507861376982822915"], "id": "1507861376982822915", "created_at": "2022-03-26T23:25:41.000Z"}, {"author_id": "713081153972908032", "text": "@isaias_nadal @sonbienviboras No s\u00e9 si contratar al Alejandro Gertz Manero a Julio Scherer o a la  Olga S\u00e1nchez Cordero. A Collado no pues est\u00e1 en la c\u00e1rcel.\nYa s\u00e9! al fiscal especial para los casos Lalo Valencia o Jonathan Hern\u00e1ndez.\nLos hijos de los gobernadores fueron exonerados y hoy gozan de cabal salud.", "edit_history_tweet_ids": ["1507861106475388937"], "id": "1507861106475388937", "created_at": "2022-03-26T23:24:37.000Z"}, {"author_id": "3116216560", "text": "RT @cuestion_p: En esta foto de la cuenta @HenirLlanos se ve a Guti\u00e9rrez, su candidato a vice Rodrigo Lara S\u00e1nchez y a Alejandro Char. http\u2026", "edit_history_tweet_ids": ["1507860042426589185"], "id": "1507860042426589185", "created_at": "2022-03-26T23:20:23.000Z"}, {"author_id": "418783519", "text": "RT @cuestion_p: En esta foto de la cuenta @HenirLlanos se ve a Guti\u00e9rrez, su candidato a vice Rodrigo Lara S\u00e1nchez y a Alejandro Char. http\u2026", "edit_history_tweet_ids": ["1507857532295036928"], "id": "1507857532295036928", "created_at": "2022-03-26T23:10:24.000Z"}, {"author_id": "255327314", "text": "RT @cuestion_p: En esta foto de la cuenta @HenirLlanos se ve a Guti\u00e9rrez, su candidato a vice Rodrigo Lara S\u00e1nchez y a Alejandro Char. http\u2026", "edit_history_tweet_ids": ["1507857414665682944"], "id": "1507857414665682944", "created_at": "2022-03-26T23:09:56.000Z"}, {"author_id": "94681577", "text": "RT @cuestion_p: En esta foto de la cuenta @HenirLlanos se ve a Guti\u00e9rrez, su candidato a vice Rodrigo Lara S\u00e1nchez y a Alejandro Char. http\u2026", "edit_history_tweet_ids": ["1507855873204445185"], "id": "1507855873204445185", "created_at": "2022-03-26T23:03:49.000Z"}, {"author_id": "21087019", "text": "RT @cuestion_p: En esta foto de la cuenta @HenirLlanos se ve a Guti\u00e9rrez, su candidato a vice Rodrigo Lara S\u00e1nchez y a Alejandro Char. http\u2026", "edit_history_tweet_ids": ["1507855154086875147"], "id": "1507855154086875147", "created_at": "2022-03-26T23:00:57.000Z"}, {"author_id": "452885879", "text": "@eurhostia Este \"Se\u00f1or\" Jos\u00e9 Alejandro Vara, aparte de un delincuente sentenciado, y despu\u00e9s de haber le\u00eddo su art\u00edculo R\u00e9quiem por Sanchez, he llegado a la conclusi\u00f3n que asimismo es un descerebrado, \u00f3sea un retrasado mental. ASQUEROSO", "edit_history_tweet_ids": ["1507855090048290819"], "id": "1507855090048290819", "created_at": "2022-03-26T23:00:42.000Z"}, {"author_id": "2256816571", "text": "RT @politicomx: #LoM\u00e1sLe\u00eddoPMX | Qu\u00e9 raro que Tartufo no diga ni p\u00edo sobre el pleito\": @DiegoFC dio a conocer su sorpresa debido al silenci\u2026", "edit_history_tweet_ids": ["1507854562086035464"], "id": "1507854562086035464", "created_at": "2022-03-26T22:58:36.000Z"}, {"author_id": "2872844162", "text": "RT @cuestion_p: En esta foto de la cuenta @HenirLlanos se ve a Guti\u00e9rrez, su candidato a vice Rodrigo Lara S\u00e1nchez y a Alejandro Char. http\u2026", "edit_history_tweet_ids": ["1507851139039076355"], "id": "1507851139039076355", "created_at": "2022-03-26T22:45:00.000Z"}, {"author_id": "137474821", "text": "#LoM\u00e1sLe\u00eddoPMX | Qu\u00e9 raro que Tartufo no diga ni p\u00edo sobre el pleito\": @DiegoFC dio a conocer su sorpresa debido al silencio de AMLO respecto al conflicto entre Julio Scherer Ibarra, Alejandro Gertz Manero y Olga S\u00e1nchez Cordero. https://t.co/LB42wpMTVT", "edit_history_tweet_ids": ["1507851136916594688"], "id": "1507851136916594688", "created_at": "2022-03-26T22:45:00.000Z"}, {"author_id": "1390058365699641347", "text": "RT @cuestion_p: En esta foto de la cuenta @HenirLlanos se ve a Guti\u00e9rrez, su candidato a vice Rodrigo Lara S\u00e1nchez y a Alejandro Char. http\u2026", "edit_history_tweet_ids": ["1507849501633130497"], "id": "1507849501633130497", "created_at": "2022-03-26T22:38:30.000Z"}, {"author_id": "1297272810507837442", "text": "RT @cuestion_p: En esta foto de la cuenta @HenirLlanos se ve a Guti\u00e9rrez, su candidato a vice Rodrigo Lara S\u00e1nchez y a Alejandro Char. http\u2026", "edit_history_tweet_ids": ["1507849307508068367"], "id": "1507849307508068367", "created_at": "2022-03-26T22:37:44.000Z"}, {"author_id": "994414551415361536", "text": "RT @FiscaliaEdomex: #FGJEMInforma: Por homicidio, la #Fiscal\u00edaEdom\u00e9x obtuvo sentencia condenatoria de 47 a\u00f1os y seis meses de prisi\u00f3n para\u2026", "edit_history_tweet_ids": ["1507848259200499717"], "id": "1507848259200499717", "created_at": "2022-03-26T22:33:34.000Z"}, {"author_id": "1078432236507222023", "text": "RT @DoloresSanJuan: \ud83d\udcddEste s\u00e1bado 26 ha tenido lugar el taller de tronos en miniatura, organizado por la vocal\u00eda de formaci\u00f3n, donde han par\u2026", "edit_history_tweet_ids": ["1507847104017977353"], "id": "1507847104017977353", "created_at": "2022-03-26T22:28:58.000Z"}, {"author_id": "1274407603968389121", "text": "RT @cdmx_diario: \ud83d\udea8 #Fiscal\u00edaEdom\u00e9x obtuvo sentencia condenatoria de 47 a\u00f1os y seis meses de prisi\u00f3n para Alejandro P\u00e9rez S\u00e1nchez, tras acre\u2026", "edit_history_tweet_ids": ["1507844502425325575"], "id": "1507844502425325575", "created_at": "2022-03-26T22:18:38.000Z"}, {"author_id": "1081419559", "text": "RT @cuestion_p: En esta foto de la cuenta @HenirLlanos se ve a Guti\u00e9rrez, su candidato a vice Rodrigo Lara S\u00e1nchez y a Alejandro Char. http\u2026", "edit_history_tweet_ids": ["1507844185021366275"], "id": "1507844185021366275", "created_at": "2022-03-26T22:17:22.000Z"}, {"author_id": "1451686248398077955", "text": "RT @cuestion_p: En esta foto de la cuenta @HenirLlanos se ve a Guti\u00e9rrez, su candidato a vice Rodrigo Lara S\u00e1nchez y a Alejandro Char. http\u2026", "edit_history_tweet_ids": ["1507843443258757125"], "id": "1507843443258757125", "created_at": "2022-03-26T22:14:25.000Z"}, {"author_id": "2845683425", "text": "RT @cuestion_p: En esta foto de la cuenta @HenirLlanos se ve a Guti\u00e9rrez, su candidato a vice Rodrigo Lara S\u00e1nchez y a Alejandro Char. http\u2026", "edit_history_tweet_ids": ["1507841249667133446"], "id": "1507841249667133446", "created_at": "2022-03-26T22:05:42.000Z"}, {"author_id": "1394639122086629381", "text": "RT @cuestion_p: En esta foto de la cuenta @HenirLlanos se ve a Guti\u00e9rrez, su candidato a vice Rodrigo Lara S\u00e1nchez y a Alejandro Char. http\u2026", "edit_history_tweet_ids": ["1507840990563942402"], "id": "1507840990563942402", "created_at": "2022-03-26T22:04:41.000Z"}, {"author_id": "323411707", "text": "RT @cuestion_p: En esta foto de la cuenta @HenirLlanos se ve a Guti\u00e9rrez, su candidato a vice Rodrigo Lara S\u00e1nchez y a Alejandro Char. http\u2026", "edit_history_tweet_ids": ["1507840833663471619"], "id": "1507840833663471619", "created_at": "2022-03-26T22:04:03.000Z"}, {"author_id": "380992648", "text": "RT @cuestion_p: En esta foto de la cuenta @HenirLlanos se ve a Guti\u00e9rrez, su candidato a vice Rodrigo Lara S\u00e1nchez y a Alejandro Char. http\u2026", "edit_history_tweet_ids": ["1507840823177719810"], "id": "1507840823177719810", "created_at": "2022-03-26T22:04:01.000Z"}, {"author_id": "915615485147910144", "text": "En esta foto de la cuenta @HenirLlanos se ve a Guti\u00e9rrez, su candidato a vice Rodrigo Lara S\u00e1nchez y a Alejandro Char. https://t.co/VaYNUcfIjo https://t.co/mP4UE8RPfc", "edit_history_tweet_ids": ["1507840545070239747"], "id": "1507840545070239747", "created_at": "2022-03-26T22:02:54.000Z"}, {"author_id": "578730531", "text": "RT @revistaetcetera: #Imperdible: Como si se tratara de un asunto menor, el presidente L\u00f3pez Obrador, consider\u00f3 que las diferencias p\u00fablica\u2026", "edit_history_tweet_ids": ["1507836180053864454"], "id": "1507836180053864454", "created_at": "2022-03-26T21:45:34.000Z"}, {"author_id": "83839341", "text": "RT @revistaetcetera: #Imperdible: Como si se tratara de un asunto menor, el presidente L\u00f3pez Obrador, consider\u00f3 que las diferencias p\u00fablica\u2026", "edit_history_tweet_ids": ["1507835577202323471"], "id": "1507835577202323471", "created_at": "2022-03-26T21:43:10.000Z"}, {"author_id": "330330563", "text": "RT @revistaetcetera: #Imperdible: Como si se tratara de un asunto menor, el presidente L\u00f3pez Obrador, consider\u00f3 que las diferencias p\u00fablica\u2026", "edit_history_tweet_ids": ["1507835322746359808"], "id": "1507835322746359808", "created_at": "2022-03-26T21:42:09.000Z"}, {"author_id": "38278953", "text": "#Imperdible: Como si se tratara de un asunto menor, el presidente L\u00f3pez Obrador, consider\u00f3 que las diferencias p\u00fablicas que existen entre Julio Sherer, Olga S\u00e1nchez Cordero, y el titular de la FGR, Alejandro Gertz Manero no es un tema prioritario para \u00e9l.\nhttps://t.co/hLR4dBdRKH", "edit_history_tweet_ids": ["1507834786907410445"], "id": "1507834786907410445", "created_at": "2022-03-26T21:40:02.000Z"}, {"author_id": "234690126", "text": "RT @cdmx_diario: \ud83d\udea8 #Fiscal\u00edaEdom\u00e9x obtuvo sentencia condenatoria de 47 a\u00f1os y seis meses de prisi\u00f3n para Alejandro P\u00e9rez S\u00e1nchez, tras acre\u2026", "edit_history_tweet_ids": ["1507834094796906514"], "id": "1507834094796906514", "created_at": "2022-03-26T21:37:17.000Z"}, {"author_id": "3415574326", "text": "RT @TelemundoUY: Bancada del FA enfocar\u00e1 la agenda legislativa en medidas de promoci\u00f3n de inversi\u00f3n, empleo y mantenimiento de precios.\n\n\"P\u2026", "edit_history_tweet_ids": ["1507833932808523778"], "id": "1507833932808523778", "created_at": "2022-03-26T21:36:38.000Z"}, {"author_id": "1073296658329427968", "text": "\ud83d\udea8 #Fiscal\u00edaEdom\u00e9x obtuvo sentencia condenatoria de 47 a\u00f1os y seis meses de prisi\u00f3n para Alejandro P\u00e9rez S\u00e1nchez, tras acreditar su participaci\u00f3n en el homicidio de un hombre en #Chimalhuac\u00e1n. https://t.co/aUVrkyo2cQ", "edit_history_tweet_ids": ["1507830558365212675"], "id": "1507830558365212675", "created_at": "2022-03-26T21:23:13.000Z"}, {"author_id": "1455433992354811905", "text": "RT @FiscaliaEdomex: #FGJEMInforma: Por homicidio, la #Fiscal\u00edaEdom\u00e9x obtuvo sentencia condenatoria de 47 a\u00f1os y seis meses de prisi\u00f3n para\u2026", "edit_history_tweet_ids": ["1507828812909793284"], "id": "1507828812909793284", "created_at": "2022-03-26T21:16:17.000Z"}, {"author_id": "712798371270909952", "text": "Pues claro: ya no somos colonia Parlamento Europeo | Por Arturo Sandoval https://t.co/evhQfCO5Bg", "edit_history_tweet_ids": ["1507824846360690691"], "id": "1507824846360690691", "created_at": "2022-03-26T21:00:32.000Z"}, {"author_id": "403955393", "text": "#FGJEMInforma: Por homicidio, la #Fiscal\u00edaEdom\u00e9x obtuvo sentencia condenatoria de 47 a\u00f1os y seis meses de prisi\u00f3n para Alejandro P\u00e9rez S\u00e1nchez, tras acreditar ante un Juez su participaci\u00f3n contra un hombre en #Chimalhuac\u00e1n.\n\ud83d\udd34La informaci\u00f3n en: https://t.co/Gqpul6cBSG https://t.co/q9MbWbnhxm", "edit_history_tweet_ids": ["1507824716429549572"], "id": "1507824716429549572", "created_at": "2022-03-26T21:00:01.000Z"}, {"author_id": "2154947768", "text": "RT @Dama_Cristal: R\u00e9quiem por S\u00e1nchez por @Alejandro_vara https://t.co/574OlbjXnA v\u00eda @voz_populi", "edit_history_tweet_ids": ["1507822723170545667"], "id": "1507822723170545667", "created_at": "2022-03-26T20:52:05.000Z"}, {"author_id": "43835513", "text": "RT @LLERO_ONLINE: This week on @LatinosOutLoud_ the crew chat w/ Erick Galindo &amp; Alejandro Mendoza - hosts of the podcast: \u201c\u00cddolo: The Ball\u2026", "edit_history_tweet_ids": ["1507819712712826880"], "id": "1507819712712826880", "created_at": "2022-03-26T20:40:08.000Z"}, {"author_id": "497277858", "text": "RT @Ortiz_Irapuato: El silencio del Presidente de la Rep\u00fablica en el esc\u00e1ndalo entre el Fiscal, Alejandro Gertz Manero; el exconsejero jur\u00ed\u2026", "edit_history_tweet_ids": ["1507818848199843843"], "id": "1507818848199843843", "created_at": "2022-03-26T20:36:41.000Z"}, {"author_id": "1198147367847047168", "text": "RT @DanzaSancho: .\n\"Algo ha mudado en el tu\u00e9tano de una sociedad harta del catecismo woke, las fiestuquis de todas y todes, la verborragia\u2026", "edit_history_tweet_ids": ["1507817538985545745"], "id": "1507817538985545745", "created_at": "2022-03-26T20:31:29.000Z"}, {"author_id": "713462042397700096", "text": "RT @voz_populi: \u270d\ufe0f OPINI\u00d3N | \"Desde mucho tiempo antes de lo de Putin, el mensajero del miedo golpeaba las puertas cada fin de mes en forma\u2026", "edit_history_tweet_ids": ["1507810838249418756"], "id": "1507810838249418756", "created_at": "2022-03-26T20:04:52.000Z"}, {"author_id": "2353923774", "text": "RT @TelemundoUY: Bancada del FA enfocar\u00e1 la agenda legislativa en medidas de promoci\u00f3n de inversi\u00f3n, empleo y mantenimiento de precios.\n\n\"P\u2026", "edit_history_tweet_ids": ["1507810463530201090"], "id": "1507810463530201090", "created_at": "2022-03-26T20:03:22.000Z"}, {"author_id": "758442854125559808", "text": "RT @TelemundoUY: Bancada del FA enfocar\u00e1 la agenda legislativa en medidas de promoci\u00f3n de inversi\u00f3n, empleo y mantenimiento de precios.\n\n\"P\u2026", "edit_history_tweet_ids": ["1507810138404663298"], "id": "1507810138404663298", "created_at": "2022-03-26T20:02:05.000Z"}, {"author_id": "2905405162", "text": "El #Senado en corto. En la semana que concluye, algunas de las acciones relevantes de esta #LXV_Legislatura: la presidenta de la mesa directiva, senadora Olga S\u00e1nchez Cordero se reuni\u00f3 con el embajador de Polonia en M\u00e9xico y se devel\u00f3 obra del artista zacatecano, Alejandro Nava. https://t.co/TpSbxh7Sfr", "edit_history_tweet_ids": ["1507808711628181511"], "id": "1507808711628181511", "created_at": "2022-03-26T19:56:25.000Z"}, {"author_id": "218341036", "text": "RT @voz_populi: \u270d\ufe0f OPINI\u00d3N | \"Desde mucho tiempo antes de lo de Putin, el mensajero del miedo golpeaba las puertas cada fin de mes en forma\u2026", "edit_history_tweet_ids": ["1507808570464681986"], "id": "1507808570464681986", "created_at": "2022-03-26T19:55:51.000Z"}, {"author_id": "2480246383", "text": "Bancada del FA enfocar\u00e1 la agenda legislativa en medidas de promoci\u00f3n de inversi\u00f3n, empleo y mantenimiento de precios.\n\n\"Propusimos al Gobierno exoneraci\u00f3n a los restos de los cortes con hueso. La gente en invierno no hace un guiso con asado\", dijo el senador Alejandro S\u00e1nchez. https://t.co/z4OyK7rAIN", "edit_history_tweet_ids": ["1507808400599621641"], "id": "1507808400599621641", "created_at": "2022-03-26T19:55:11.000Z"}, {"author_id": "1172481448135331841", "text": "- Biznaga de Plata a la mejor direcci\u00f3n: Alejandro Loayza Grisi por 'Utama'\n\n- Biznaga de Plata a la mejor interpretaci\u00f3n femenina: ex aequo a Laia Costa y Susi S\u00e1nchez por 'Cinco lobitos'", "edit_history_tweet_ids": ["1507802928677015556"], "id": "1507802928677015556", "created_at": "2022-03-26T19:33:26.000Z"}, {"author_id": "1260705137988980736", "text": "RT @voz_populi: \u270d\ufe0f OPINI\u00d3N | \"Desde mucho tiempo antes de lo de Putin, el mensajero del miedo golpeaba las puertas cada fin de mes en forma\u2026", "edit_history_tweet_ids": ["1507801870101790725"], "id": "1507801870101790725", "created_at": "2022-03-26T19:29:14.000Z"}, {"author_id": "2981255993", "text": "RT @DoloresSanJuan: \ud83d\udcddEste s\u00e1bado 26 ha tenido lugar el taller de tronos en miniatura, organizado por la vocal\u00eda de formaci\u00f3n, donde han par\u2026", "edit_history_tweet_ids": ["1507798607055011853"], "id": "1507798607055011853", "created_at": "2022-03-26T19:16:16.000Z"}, {"author_id": "2893264581", "text": "RT @elpaisuy: El expresidente dijo que \u201cla primera ley es la necesidad\u201d y Alejandro S\u00e1nchez agreg\u00f3 que \"el pueblo pobre\" en invierno come g\u2026", "edit_history_tweet_ids": ["1507796671601729550"], "id": "1507796671601729550", "created_at": "2022-03-26T19:08:34.000Z"}, {"author_id": "2891135621", "text": "RT @BenditalocuraAt: El 26.3.1995 el @Atleti y el @ManCity empataron a 1 en un partido amistoso jugado en Cartagena. El gol rojiblanco fue\u2026", "edit_history_tweet_ids": ["1507789403363725314"], "id": "1507789403363725314", "created_at": "2022-03-26T18:39:41.000Z"}, {"author_id": "1036344968762335232", "text": "RT @DoloresSanJuan: \ud83d\udcddEste s\u00e1bado 26 ha tenido lugar el taller de tronos en miniatura, organizado por la vocal\u00eda de formaci\u00f3n, donde han par\u2026", "edit_history_tweet_ids": ["1507785951061417989"], "id": "1507785951061417989", "created_at": "2022-03-26T18:25:58.000Z"}, {"author_id": "1063735543371087872", "text": "RT @voz_populi: \u270d\ufe0f OPINI\u00d3N | \"Desde mucho tiempo antes de lo de Putin, el mensajero del miedo golpeaba las puertas cada fin de mes en forma\u2026", "edit_history_tweet_ids": ["1507780022551121922"], "id": "1507780022551121922", "created_at": "2022-03-26T18:02:25.000Z"}, {"author_id": "604616397", "text": "RT @DoloresSanJuan: \ud83d\udcddEste s\u00e1bado 26 ha tenido lugar el taller de tronos en miniatura, organizado por la vocal\u00eda de formaci\u00f3n, donde han par\u2026", "edit_history_tweet_ids": ["1507774975289315330"], "id": "1507774975289315330", "created_at": "2022-03-26T17:42:21.000Z"}, {"author_id": "226535321", "text": "RT @ismartin_amoros: CINCO LOBITOS i Laia Costa conquereixen el #25FestivalMalaga: Millor pel\u00b7l\u00edcula, actriu (ex aequo amb Susi S\u00e1nchez), g\u2026", "edit_history_tweet_ids": ["1507774646745243655"], "id": "1507774646745243655", "created_at": "2022-03-26T17:41:03.000Z"}, {"author_id": "85227235", "text": "This week on @LatinosOutLoud_ the crew chat w/ Erick Galindo &amp; Alejandro Mendoza - hosts of the podcast: \u201c\u00cddolo: The Ballad of Chalino S\u00e1nchez\"  whick looks at the life of the Mexican singer &amp; his unsolved murder.\n@RachelLaLoca @ErickGEEE  @SonoroPodcast \n\nhttps://t.co/y72OBVuGYD", "edit_history_tweet_ids": ["1507773993469763585"], "id": "1507773993469763585", "created_at": "2022-03-26T17:38:27.000Z"}, {"author_id": "1500298710579826688", "text": "RT @AProgresistaVE: #Video| Alejandro S\u00e1nchez Secretario General de #AvanzadaProgresista #Zulia en la DNA: \u201cSiento orgullo de pertenecer al\u2026", "edit_history_tweet_ids": ["1507772209384861705"], "id": "1507772209384861705", "created_at": "2022-03-26T17:31:22.000Z"}, {"author_id": "1445645134889054213", "text": "RT @AProgresistaVE: #Video| Alejandro S\u00e1nchez Secretario General de #AvanzadaProgresista #Zulia en la DNA: \u201cSiento orgullo de pertenecer al\u2026", "edit_history_tweet_ids": ["1507772084398829570"], "id": "1507772084398829570", "created_at": "2022-03-26T17:30:52.000Z"}, {"author_id": "3647743590", "text": "RT @Alejandro_sj: \ud83d\udd25 Arnau Tenas, portero del Bar\u00e7a B, sustituye a Robert Sanchez en la absoluta. https://t.co/cC0C8gc7zN", "edit_history_tweet_ids": ["1507770817547055107"], "id": "1507770817547055107", "created_at": "2022-03-26T17:25:50.000Z"}, {"author_id": "1044600504", "text": "RT @DoloresSanJuan: \ud83d\udcddEste s\u00e1bado 26 ha tenido lugar el taller de tronos en miniatura, organizado por la vocal\u00eda de formaci\u00f3n, donde han par\u2026", "edit_history_tweet_ids": ["1507767884956766210"], "id": "1507767884956766210", "created_at": "2022-03-26T17:14:11.000Z"}, {"author_id": "526888054", "text": "\ud83d\udcddEste s\u00e1bado 26 ha tenido lugar el taller de tronos en miniatura, organizado por la vocal\u00eda de formaci\u00f3n, donde han participado en torno a una treintena de ni\u00f1os \n\n\ud83d\udc4f Agradecemos profundamente a Alejandro S\u00e1nchez el gran esfuerzo y su implicaci\u00f3n con los m\u00e1s peques #cofrad\u00edasMLG https://t.co/Hs2YDLAEjf", "edit_history_tweet_ids": ["1507767463177596930"], "id": "1507767463177596930", "created_at": "2022-03-26T17:12:30.000Z"}, {"author_id": "277441549", "text": "RT @Dama_Cristal: R\u00e9quiem por S\u00e1nchez por @Alejandro_vara https://t.co/574OlbjXnA v\u00eda @voz_populi", "edit_history_tweet_ids": ["1507764343588462593"], "id": "1507764343588462593", "created_at": "2022-03-26T17:00:07.000Z"}, {"author_id": "29749190", "text": "Pues claro: ya no somos colonia Parlamento Europeo | Por Arturo Sandoval https://t.co/8KQR583PHD", "edit_history_tweet_ids": ["1507762207668510725"], "id": "1507762207668510725", "created_at": "2022-03-26T16:51:37.000Z"}, {"author_id": "804930829", "text": "RT @MTartagal: #TARTAGAL: ACTO EN CONMEMORACI\u00d3N AL 197\u00b0 ANIVERSARIO DE LA CREACI\u00d3N DE LA @prensapolsal \nLa Sec. de Relaciones Inst. Vanesa\u2026", "edit_history_tweet_ids": ["1507757295547072517"], "id": "1507757295547072517", "created_at": "2022-03-26T16:32:06.000Z"}, {"author_id": "772087166", "text": "#TARTAGAL: ACTO EN CONMEMORACI\u00d3N AL 197\u00b0 ANIVERSARIO DE LA CREACI\u00d3N DE LA @prensapolsal \nLa Sec. de Relaciones Inst. Vanesa S\u00e1nchez y Alejandro Rodr\u00edguez Dir. de Relaciones Instit. en representaci\u00f3n del Int @Mariorenemimes1; entregaron un presente al Crio Gral V\u00edctor Ochoa DUR 4. https://t.co/p2h5N7D3Uo", "edit_history_tweet_ids": ["1507756256416702479"], "id": "1507756256416702479", "created_at": "2022-03-26T16:27:58.000Z"}, {"author_id": "312216709", "text": "\"Pedro Infante en movimiento\"\nNuevamente en la conducci\u00f3n Ivonne @castillo_xeb\nHorario: s\u00e1bados y domingos, de 10 a 11 de la ma\u00f1ana por XEB.\n\ud83d\udcfb\ud83c\udf99\ud83c\udf9a\ud83d\udcf1\ud83d\udcbb\n\ud83d\udda5: https://t.co/0myw8oShFZ\n\ud83d\udcfb: 1220 AM\nOperaci\u00f3n t\u00e9cnica: Alejandro Garc\u00eda. \nProgramaci\u00f3n musical: Roberto S\u00e1nchez. https://t.co/bmY144lwfj", "edit_history_tweet_ids": ["1507755528973438979"], "id": "1507755528973438979", "created_at": "2022-03-26T16:25:05.000Z"}, {"author_id": "1140724052086202370", "text": "JOS\u00c9 ALEJANDRO VARA, en tu empalagosa deriva de ir contra Pedro S\u00e1nchez, Presidente de gobierno por mayor\u00eda de votos de los espa\u00f1oles mal q te pese Tendr\u00e1s q estudiar bien el Mar\u00eda Moliner para seguir buscando falsas acusaciones y palabros en su contra tenemos Pedro para tiempo.", "edit_history_tweet_ids": ["1507749464471228418"], "id": "1507749464471228418", "created_at": "2022-03-26T16:00:59.000Z"}, {"author_id": "258130436", "text": "La votaci\u00f3n tuvo 46 votos positivos. \nLos Diputados Ma. Elena Naddeo (FPP), Gabriela Alegre (FpV), Roc\u00edo S\u00e1nchez And\u00eda (CC), Fabio Basteiro (PSur), Julio Raffo (PSur), Alejandro Bodart (MST PSur) y Helio Rebot (PRO) impulsaron q la estaci\u00f3n de subte lleve el nombre de un asesino https://t.co/NwIWJCeN7w", "edit_history_tweet_ids": ["1507748186286292992"], "id": "1507748186286292992", "created_at": "2022-03-26T15:55:54.000Z"}], "meta": {"newest_id": "1507990950961897476", "oldest_id": "1507748186286292992", "result_count": 100, "next_token": "b26v89c19zqg8o3fpyqo74gh1gnf9x0dn1rebs5vrjq7x"}}