{"data": [{"edit_history_tweet_ids": ["1512215286799286274"], "created_at": "2022-04-07T23:46:34.000Z", "id": "1512215286799286274", "author_id": "1239589406631174147", "text": "@Tribunadeportes @ClubPueblaMX @PumasMX @LaMagnificaFM @NoticiasTribuna @codigorojopue @AleBau_Tribuna @viveros_tribuna @MariLoliPellon @JitomateVital @GiselaTribuna @marioamontero @erickbecerra1 Jes\u00fas Alejandro Ram\u00edrez S\u00e1nchez, yissus1234@gmail.com"}, {"edit_history_tweet_ids": ["1512206731316707338"], "created_at": "2022-04-07T23:12:34.000Z", "id": "1512206731316707338", "author_id": "1272654859964211204", "text": "RT @rfedeto: \ud83e\uddff Carabina\n\n\u2642\ufe0f Masculino\nAlejandro Cilveti (@Cilveti1) \n\u00c0lex Ferriols\nAndr\u00e9s Zhou Blanco\n\n\u2640\ufe0f Femenino\nZahra Gonz\u00e1lez (@zhgonza\u2026"}, {"edit_history_tweet_ids": ["1512203658456313858"], "created_at": "2022-04-07T23:00:22.000Z", "id": "1512203658456313858", "author_id": "982585186847256576", "text": "RT @jmkarg: \"Hablar sobre Malvinas tiene para un latinoamericano un sentir muy especial. En 1833 fueron ocupadas por el Reino Unido. El rec\u2026"}, {"edit_history_tweet_ids": ["1512199414491791363"], "created_at": "2022-04-07T22:43:30.000Z", "id": "1512199414491791363", "author_id": "1439959225569001472", "text": "@FeijooGalicia @sanchezcastejon @populares Usted no tendr\u00e1 mi confianza mientras siga acerc\u00e1ndose a S\u00e1nchez y Alejandro sede vox. NO ME GUSTA USTED https://t.co/jVH2QFEOXc"}, {"edit_history_tweet_ids": ["1512195827221082119"], "created_at": "2022-04-07T22:29:15.000Z", "id": "1512195827221082119", "author_id": "212394754", "text": "COMPROMETI\u00c9NDOME CON USTED para enviarle fotos y v\u00eddeos del destino de su valioso aporte, que servir\u00e1n para paliar las calamidades y desgracias que vivimos algunos en mi pa\u00eds, Venezuela,... A sus \u00f3rdenes, su Hermano, Amigo y Servidor, ALEXIS ALEJANDRO SANCHEZ NAMIA,"}, {"edit_history_tweet_ids": ["1512190960909791252"], "created_at": "2022-04-07T22:09:54.000Z", "id": "1512190960909791252", "author_id": "925155432620019712", "text": "RT @promendoza: Se reunieron con nuestro t\u00e9cnico Guillermo Mart\u00ednez, Esteban S\u00e1nchez de la empresa Oil Service Latinoanericana, el Dr. Alej\u2026"}, {"edit_history_tweet_ids": ["1512187063508115466"], "created_at": "2022-04-07T21:54:25.000Z", "id": "1512187063508115466", "author_id": "206177193", "text": "RT @expansioncom: Queda menos del 10% de los #bitcoin por minar. Se trata de una barrera simb\u00f3lica, pero tambi\u00e9n psicol\u00f3gica. Lo cuenta Ale\u2026"}, {"edit_history_tweet_ids": ["1512165856264036352"], "created_at": "2022-04-07T20:30:09.000Z", "id": "1512165856264036352", "author_id": "1508550210020155396", "text": "@baumannzone Miguel Alejandro Taboada S\u00e1nchez, descansa en paz, maestro :')"}, {"edit_history_tweet_ids": ["1512152656508239878"], "created_at": "2022-04-07T19:37:42.000Z", "id": "1512152656508239878", "author_id": "1481114450740617216", "text": "\u00a1Divisi\u00f3n de puntos en la madriguera!\n#sub20 \ud83e\udd8a 1-1 \u26a1\ufe0f \n\nAtlas y Necaxa dividen puntos, por los rojinegros marc\u00f3 Alejandro S\u00e1nchez y por los rayos rescat\u00f3 al 88\u2019 Cesar L\u00f3pez para empatar.\n\n#atlas #necaxa #ligamx https://t.co/eDhYQBbN25"}, {"edit_history_tweet_ids": ["1512152186234589189"], "created_at": "2022-04-07T19:35:50.000Z", "id": "1512152186234589189", "author_id": "1121071409172746240", "text": "\ud83d\udcc4Ley general de ciencia: \u00bfal filo del consenso?\n\ud83d\udc64Dr. Alejandro Canales S\u00e1nchez @canalesa99\n\ud83d\udcf0Suplemento Campus Milenio. N\u00fam. 943. @Campusmilenio \n\nhttps://t.co/rjHoAHVule\n\n #CONACYT #Rednacecyt #SNI https://t.co/51wqH90mZE"}, {"edit_history_tweet_ids": ["1512148834180345863"], "created_at": "2022-04-07T19:22:31.000Z", "id": "1512148834180345863", "author_id": "167018595", "text": "Se reunieron con nuestro t\u00e9cnico Guillermo Mart\u00ednez, Esteban S\u00e1nchez de la empresa Oil Service Latinoanericana, el Dr. Alejandro Arico de Highmed SA, Juan Carlos Vallejos Blasco de Mickey SRL y el Dr. Luis Mar\u00eda Alfieri, del Estudio Saier - Alfieri."}, {"edit_history_tweet_ids": ["1512147242194542595"], "created_at": "2022-04-07T19:16:11.000Z", "id": "1512147242194542595", "author_id": "109580585", "text": "RT @elheraldoco: #Cumplea\u00f1osBarranquilla209 | Ambientalista, deportista y \u2018todero\u2019. \ud83d\udc4f Alejandro Hern\u00e1n Mart\u00ednez adopt\u00f3 a Barranquilla y Bar\u2026"}, {"edit_history_tweet_ids": ["1512140651764326404"], "created_at": "2022-04-07T18:50:00.000Z", "id": "1512140651764326404", "author_id": "61018481", "text": "#Cumplea\u00f1osBarranquilla209 | Ambientalista, deportista y \u2018todero\u2019. \ud83d\udc4f Alejandro Hern\u00e1n Mart\u00ednez adopt\u00f3 a Barranquilla y Barranquilla lo adopt\u00f3 a \u00e9l. Desde entonces, dedica sus d\u00edas al cuidado de las personas en el parque Olaya. Esta es su historia. \ud83d\udc47\nhttps://t.co/5vdZPJ1tAV"}, {"edit_history_tweet_ids": ["1512137586038476800"], "created_at": "2022-04-07T18:37:49.000Z", "id": "1512137586038476800", "author_id": "389272111", "text": "RT @jmkarg: \"Hablar sobre Malvinas tiene para un latinoamericano un sentir muy especial. En 1833 fueron ocupadas por el Reino Unido. El rec\u2026"}, {"edit_history_tweet_ids": ["1512134475995660293"], "created_at": "2022-04-07T18:25:27.000Z", "id": "1512134475995660293", "author_id": "809871102", "text": "RT @SenadoUy: \ud83d\udc49 La Comisi\u00f3n de Ganader\u00eda, Agricultura y Pesca, design\u00f3 como Presidente al Senador Sebasti\u00e1n Da Silva @camboue  y como Vicep\u2026"}, {"edit_history_tweet_ids": ["1512127356261089289"], "created_at": "2022-04-07T17:57:10.000Z", "id": "1512127356261089289", "author_id": "310499440", "text": "RT @SenadoUy: \ud83d\udc49 La Comisi\u00f3n de Ganader\u00eda, Agricultura y Pesca, design\u00f3 como Presidente al Senador Sebasti\u00e1n Da Silva @camboue  y como Vicep\u2026"}, {"edit_history_tweet_ids": ["1512127200312578060"], "created_at": "2022-04-07T17:56:33.000Z", "id": "1512127200312578060", "author_id": "1056962503874359296", "text": "Ayer se reunieron Ra\u00fal S\u00e1nchez, Javier Peralta, Hern\u00e1n Granda, Patricia Arag\u00f3n Reyes y Vicente Lourenzo por Lista Verde  Alternativa Profesional, Alejandro Gonz\u00e1lez Escudero por Lista Dorada, Amado Giganti y Susana Paz por Celeste y Blanca  Mart\u00edn Burgos y Ver\u00f3nica San Mart\u00edn \ud83d\udc47"}, {"edit_history_tweet_ids": ["1512120578223886344"], "created_at": "2022-04-07T17:30:14.000Z", "id": "1512120578223886344", "author_id": "1240724281706848261", "text": "\ud83d\udc49 La Comisi\u00f3n de Ganader\u00eda, Agricultura y Pesca, design\u00f3 como Presidente al Senador Sebasti\u00e1n Da Silva @camboue  y como Vicepresidente al Senador Alejandro S\u00e1nchez @pachasanchez. \n\n\ud83d\udcc4 https://t.co/xzZ6QEdnYi https://t.co/TUmfj7b0wG"}, {"edit_history_tweet_ids": ["1512108755491725319"], "created_at": "2022-04-07T16:43:15.000Z", "id": "1512108755491725319", "author_id": "401690310", "text": "RT @ProyectoOCNOS: CHILLAR TODO EL D\u00cdA\n21.04.22 -  @MusicasVang\n20:00 horas - @centrocentro\nEscena y dramaturgia: Ana S\u00e1nchez Acevedo\nCreac\u2026"}, {"edit_history_tweet_ids": ["1512098293496655883"], "created_at": "2022-04-07T16:01:41.000Z", "id": "1512098293496655883", "author_id": "756523866659270656", "text": "RT @AtlasFC: #Sub20 \u231a\ufe0f 69' l Atlas FC 1-0 @ClubNecaxa \n\nGOOOOOOOOOOOOOL ROJINEGRO!!! \ud83d\ude0d Alejandro S\u00e1nchez anota desde los once pasos!!! \n\n#t\u2026"}, {"edit_history_tweet_ids": ["1512098032472535050"], "created_at": "2022-04-07T16:00:39.000Z", "id": "1512098032472535050", "author_id": "29234866", "text": "#Sub20 Con gol de Alejandro S\u00e1nchez, empatamos ante @ClubNecaxa en CECAF URREA. \n\n#transformAMOs https://t.co/7soSnSfkIX"}, {"edit_history_tweet_ids": ["1512094650856792072"], "created_at": "2022-04-07T15:47:12.000Z", "id": "1512094650856792072", "author_id": "14942445", "text": "#Cr\u00f3nicaDeBolsa \ud83d\udcc8 | Las Bolsas europeas profundizan en los recientes recortes. El #Ibex, en positivo hasta el final de la sesi\u00f3n, cierra con un recorte del 0,17%, pese al empuje de bancos e #Inditex. Por Alejandro S\u00e1nchez y @ManudelaCruzM en #expansioncom https://t.co/sSnhv7bEhM"}, {"edit_history_tweet_ids": ["1512093790944780289"], "created_at": "2022-04-07T15:43:47.000Z", "id": "1512093790944780289", "author_id": "37585207", "text": "RT @expansioncom: Queda menos del 10% de los #bitcoin por minar. Se trata de una barrera simb\u00f3lica, pero tambi\u00e9n psicol\u00f3gica. Lo cuenta Ale\u2026"}, {"edit_history_tweet_ids": ["1512091777427193863"], "created_at": "2022-04-07T15:35:47.000Z", "id": "1512091777427193863", "author_id": "29234866", "text": "#Sub20 \u231a\ufe0f 69' l Atlas FC 1-0 @ClubNecaxa \n\nGOOOOOOOOOOOOOL ROJINEGRO!!! \ud83d\ude0d Alejandro S\u00e1nchez anota desde los once pasos!!! \n\n#transformAMOs https://t.co/xHnMwj3jC2"}, {"edit_history_tweet_ids": ["1512091469921677313"], "created_at": "2022-04-07T15:34:34.000Z", "id": "1512091469921677313", "author_id": "66844297", "text": "RT @VillarricaUC: En esta ceremonia nos acompa\u00f1a el rector de @ucatolica, Ignacio Sanchez, el decano de la @Fac_EducacionUC Alejandro Carra\u2026"}, {"edit_history_tweet_ids": ["1512089146319200261"], "created_at": "2022-04-07T15:25:20.000Z", "id": "1512089146319200261", "author_id": "59865544", "text": "En esta ceremonia nos acompa\u00f1a el rector de @ucatolica, Ignacio Sanchez, el decano de la @Fac_EducacionUC Alejandro Carrasco, y el director de DUOC Villarrica, Gonzalo Siade https://t.co/yRFM1PWrIw"}, {"edit_history_tweet_ids": ["1512084079755214851"], "created_at": "2022-04-07T15:05:12.000Z", "id": "1512084079755214851", "author_id": "900714383642431488", "text": "RT @Alejandro_vara: Casi ha hablado m\u00e1s tiempo Sanchez que Zelenski. Alguien lo dudaba?"}, {"edit_history_tweet_ids": ["1512071189052616708"], "created_at": "2022-04-07T14:13:59.000Z", "id": "1512071189052616708", "author_id": "2241568274", "text": "CHILLAR TODO EL D\u00cdA\n21.04.22 -  @MusicasVang\n20:00 horas - @centrocentro\nEscena y dramaturgia: Ana S\u00e1nchez Acevedo\nCreaci\u00f3n musical: @ProyectoOCNOS\nCantante: Isabelle Duthoit\nM\u00fasicos: Luz Prado, Marcos Serrato, Borja D\u00edaz, Alejandro Rojas-Marcos, @Tav0Dominguez  y @RojasOgayar. https://t.co/0ER7oXC8GS"}, {"edit_history_tweet_ids": ["1512067796816982034"], "created_at": "2022-04-07T14:00:30.000Z", "id": "1512067796816982034", "author_id": "1243403725307179008", "text": "RT @catwomanarchive: \u2014 batman: killing time #2, art by david marquez and alejandro sanchez https://t.co/T0sBMF85Dv"}, {"edit_history_tweet_ids": ["1512061568967589894"], "created_at": "2022-04-07T13:35:45.000Z", "id": "1512061568967589894", "author_id": "170928452", "text": "RT @expansioncom: Queda menos del 10% de los #bitcoin por minar. Se trata de una barrera simb\u00f3lica, pero tambi\u00e9n psicol\u00f3gica. Lo cuenta Ale\u2026"}], "meta": {"newest_id": "1512215286799286274", "oldest_id": "1512061568967589894", "result_count": 30, "next_token": "b26v89c19zqg8o3fpytlutjgpsqmjald5fsmeo6t25mrh"}}