{"data": [{"id": "1073054647953240064", "created_at": "2018-12-13T03:18:59.000Z", "author_id": "1049716414443995136", "text": "Solo por que la mayoria del mundo esta \"mal\" no quiere decir que sea admisible su comportamiento.\n-Bernard \"El h\u00e9roe\" Ortiz.", "edit_history_tweet_ids": ["1073054647953240064"]}, {"id": "1071974103731593216", "created_at": "2018-12-10T03:45:17.000Z", "author_id": "3135016403", "text": "RT @PantherZone: Women's Wrestling crowns 7 champions and wins the Clash of the Titans! 106- Jessica Corredor, 126- Juliana Diaz, 132- Karo\u2026", "edit_history_tweet_ids": ["1071974103731593216"]}, {"id": "1071583776977887235", "created_at": "2018-12-09T01:54:16.000Z", "author_id": "3357427702", "text": "RT @PoliticsCourage: #StillWithering:  \"Bernard is old.  We need fresh faces.  Yes, the youth should have their say now.\"\n\nYouth: \"We still\u2026", "edit_history_tweet_ids": ["1071583776977887235"]}, {"id": "1071578775672868864", "created_at": "2018-12-09T01:34:23.000Z", "author_id": "705534631559303168", "text": "RT @PoliticsCourage: #StillWithering:  \"Bernard is old.  We need fresh faces.  Yes, the youth should have their say now.\"\n\nYouth: \"We still\u2026", "edit_history_tweet_ids": ["1071578775672868864"]}, {"id": "1071567181979238402", "created_at": "2018-12-09T00:48:19.000Z", "author_id": "3378767950", "text": "RT @PantherZone: Women's Wrestling crowns 7 champions and wins the Clash of the Titans! 106- Jessica Corredor, 126- Juliana Diaz, 132- Karo\u2026", "edit_history_tweet_ids": ["1071567181979238402"]}, {"id": "1071392880793739271", "created_at": "2018-12-08T13:15:42.000Z", "author_id": "27431460", "text": "Women's Wrestling crowns 7 champions and wins the Clash of the Titans! 106- Jessica Corredor, 126- Juliana Diaz, 132- Karoline Ortiz, 152- Anastasia Etienne, 160- Shania Gowan, 170- Skyy Gowan, 182- LeAnn Bernard, 220- Shedeline Ulysse https://t.co/qpU9l6qgkz", "edit_history_tweet_ids": ["1071392880793739271"]}, {"id": "1070883722046652416", "created_at": "2018-12-07T03:32:30.000Z", "author_id": "50675135", "text": "@talkSPORT @anthonyfjoshua @BronzeBomber Ortiz, Malik Scott, Bernard Travene?\nThose guys aren\u2019t exactly mugs. \nPlus he holds the main belt btw", "edit_history_tweet_ids": ["1070883722046652416"]}, {"id": "1070256933842681861", "created_at": "2018-12-05T10:01:52.000Z", "author_id": "930726487", "text": "@FutsalFichajes Bernard (Zaragoza)\nBarr\u00f3n (Palma)\nAsier (Xota)\n\nOrtiz (Inter)\nBoyis (Bar\u00e7a)\nTolra (Benfica)\n\nAdolfo (Bar\u00e7a)\nUsin(Xota)\nPol (Industrias)\nFernando (Pozo)\nMartell (Xota)\nBorja (Inter)\n\nSolano (Inter)\nChino (Xota)\nChano (O Parrulo)\n\nAh\u00ed va una de las m\u00edas jejeje", "edit_history_tweet_ids": ["1070256933842681861"]}, {"id": "1070123009506189314", "created_at": "2018-12-05T01:09:42.000Z", "author_id": "3135016403", "text": "RT @PantherZone: Huge day for Women's Wrestling as they crown 7 individual champions in the preseason classic: Sterline Joseph (100), Jessi\u2026", "edit_history_tweet_ids": ["1070123009506189314"]}, {"id": "1069061830088232962", "created_at": "2018-12-02T02:52:57.000Z", "author_id": "27431460", "text": "Huge day for Women's Wrestling as they crown 7 individual champions in the preseason classic: Sterline Joseph (100), Jessica Corredor (106), Karoline Ortiz (132), Jennifer Charles (138), Shania Gowan (160), Skyy Gowan (170), and LeAnn Bernard (182)! https://t.co/cTUhk1Haf5", "edit_history_tweet_ids": ["1069061830088232962"]}], "meta": {"newest_id": "1073054647953240064", "oldest_id": "1069061830088232962", "result_count": 10}}