{"data": [{"id": "1043915255418630144", "created_at": "2018-09-23T17:29:26.000Z", "author_id": "130588524", "text": "Well done to Alexander, Mia, Aiden, James,Thomas, Brandon, George, Xander and Edward for completing stage 1 and/or stage 2 of their paddlesports badge this weekend - hopefully you've all dried out and warmed up by now!  I... https://t.co/6a2tfN5J8Z", "edit_history_tweet_ids": ["1043915255418630144"]}, {"id": "1042309296388595712", "created_at": "2018-09-19T07:07:56.000Z", "author_id": "427473467", "text": "RT @maya_tokyo: \u3010\u82f1\u8a9e\u3011\u540d\u524d\u306e\u77ed\u7e2e\u5f62\u30fb\u30cb\u30c3\u30af\u30cd\u30fc\u30e0\ud83d\udcdd\u2460\n\nWilliam = Bill, Will\nJames = Jim, Jimmy\nRobert = Bob, Robby\nThomas = Tom, Tommy\nJohn = Jack\nJonathan =\u2026", "edit_history_tweet_ids": ["1042309296388595712"]}, {"id": "1042203438522593281", "created_at": "2018-09-19T00:07:17.000Z", "author_id": "117287571", "text": "RT @maya_tokyo: \u3010\u82f1\u8a9e\u3011\u540d\u524d\u306e\u77ed\u7e2e\u5f62\u30fb\u30cb\u30c3\u30af\u30cd\u30fc\u30e0\ud83d\udcdd\u2460\n\nWilliam = Bill, Will\nJames = Jim, Jimmy\nRobert = Bob, Robby\nThomas = Tom, Tommy\nJohn = Jack\nJonathan =\u2026", "edit_history_tweet_ids": ["1042203438522593281"]}, {"id": "1042199602525552648", "created_at": "2018-09-18T23:52:03.000Z", "author_id": "747811750389547008", "text": "RT @maya_tokyo: \u3010\u82f1\u8a9e\u3011\u540d\u524d\u306e\u77ed\u7e2e\u5f62\u30fb\u30cb\u30c3\u30af\u30cd\u30fc\u30e0\ud83d\udcdd\u2460\n\nWilliam = Bill, Will\nJames = Jim, Jimmy\nRobert = Bob, Robby\nThomas = Tom, Tommy\nJohn = Jack\nJonathan =\u2026", "edit_history_tweet_ids": ["1042199602525552648"]}, {"id": "1042189729121202176", "created_at": "2018-09-18T23:12:49.000Z", "author_id": "977872676663390208", "text": "RT @maya_tokyo: \u3010\u82f1\u8a9e\u3011\u540d\u524d\u306e\u77ed\u7e2e\u5f62\u30fb\u30cb\u30c3\u30af\u30cd\u30fc\u30e0\ud83d\udcdd\u2460\n\nWilliam = Bill, Will\nJames = Jim, Jimmy\nRobert = Bob, Robby\nThomas = Tom, Tommy\nJohn = Jack\nJonathan =\u2026", "edit_history_tweet_ids": ["1042189729121202176"]}, {"id": "1042188367813701632", "created_at": "2018-09-18T23:07:24.000Z", "author_id": "844718360654864384", "text": "RT @maya_tokyo: \u3010\u82f1\u8a9e\u3011\u540d\u524d\u306e\u77ed\u7e2e\u5f62\u30fb\u30cb\u30c3\u30af\u30cd\u30fc\u30e0\ud83d\udcdd\u2460\n\nWilliam = Bill, Will\nJames = Jim, Jimmy\nRobert = Bob, Robby\nThomas = Tom, Tommy\nJohn = Jack\nJonathan =\u2026", "edit_history_tweet_ids": ["1042188367813701632"]}, {"id": "1042185251349442561", "created_at": "2018-09-18T22:55:01.000Z", "author_id": "117041006", "text": "RT @maya_tokyo: \u3010\u82f1\u8a9e\u3011\u540d\u524d\u306e\u77ed\u7e2e\u5f62\u30fb\u30cb\u30c3\u30af\u30cd\u30fc\u30e0\ud83d\udcdd\u2460\n\nWilliam = Bill, Will\nJames = Jim, Jimmy\nRobert = Bob, Robby\nThomas = Tom, Tommy\nJohn = Jack\nJonathan =\u2026", "edit_history_tweet_ids": ["1042185251349442561"]}, {"id": "1042179696731910145", "created_at": "2018-09-18T22:32:57.000Z", "author_id": "113031700", "text": "RT @maya_tokyo: \u3010\u82f1\u8a9e\u3011\u540d\u524d\u306e\u77ed\u7e2e\u5f62\u30fb\u30cb\u30c3\u30af\u30cd\u30fc\u30e0\ud83d\udcdd\u2460\n\nWilliam = Bill, Will\nJames = Jim, Jimmy\nRobert = Bob, Robby\nThomas = Tom, Tommy\nJohn = Jack\nJonathan =\u2026", "edit_history_tweet_ids": ["1042179696731910145"]}, {"id": "1042179059629711360", "created_at": "2018-09-18T22:30:25.000Z", "author_id": "107578129", "text": "RT @maya_tokyo: \u3010\u82f1\u8a9e\u3011\u540d\u524d\u306e\u77ed\u7e2e\u5f62\u30fb\u30cb\u30c3\u30af\u30cd\u30fc\u30e0\ud83d\udcdd\u2460\n\nWilliam = Bill, Will\nJames = Jim, Jimmy\nRobert = Bob, Robby\nThomas = Tom, Tommy\nJohn = Jack\nJonathan =\u2026", "edit_history_tweet_ids": ["1042179059629711360"]}, {"id": "1042178664643743744", "created_at": "2018-09-18T22:28:51.000Z", "author_id": "434945778", "text": "\u3010\u82f1\u8a9e\u3011\u540d\u524d\u306e\u77ed\u7e2e\u5f62\u30fb\u30cb\u30c3\u30af\u30cd\u30fc\u30e0\ud83d\udcdd\u2460\n\nWilliam = Bill, Will\nJames = Jim, Jimmy\nRobert = Bob, Robby\nThomas = Tom, Tommy\nJohn = Jack\nJonathan = Jon\nEdward = Ed, Ted\nMichael = Mike\nCharles = Chuck\nPhilip = Phil\nJoseph = Joe\nDonald = Don\nAlexander = Alex\n#\u82f1\u8a9e110\u756a", "edit_history_tweet_ids": ["1042178664643743744"]}, {"id": "1039924111844077570", "created_at": "2018-09-12T17:10:03.000Z", "author_id": "212920481", "text": "RT @markscogan: Mark David Rothenberg S-68\nJames Michael Roux S-2\nNicholas Charles Alexander Rowe N-23\nEdward V. Rowenhorst S-76\nJudy Rowle\u2026", "edit_history_tweet_ids": ["1039924111844077570"]}, {"id": "1039872621972602880", "created_at": "2018-09-12T13:45:27.000Z", "author_id": "3228888612", "text": "RT @markscogan: Mark David Rothenberg S-68\nJames Michael Roux S-2\nNicholas Charles Alexander Rowe N-23\nEdward V. Rowenhorst S-76\nJudy Rowle\u2026", "edit_history_tweet_ids": ["1039872621972602880"]}, {"id": "1039772447707291649", "created_at": "2018-09-12T07:07:24.000Z", "author_id": "212920481", "text": "Mark David Rothenberg S-68\nJames Michael Roux S-2\nNicholas Charles Alexander Rowe N-23\nEdward V. Rowenhorst S-76\nJudy Rowlett S-1\nTimothy Alan Roy, Sr. S-24\nPaul G. Ruback S-21\nRonald J. Ruben S-34", "edit_history_tweet_ids": ["1039772447707291649"]}, {"id": "1039347209916100609", "created_at": "2018-09-11T02:57:39.000Z", "author_id": "118546154", "text": "American actress, singer &amp; friend: Marva Hicks came in today ready! Casting directors WILL take notice with these NEW Strong, Working images. \n(Image 10 of 30)\n#Snaptember18\n\u2066\u2066@headshotcrew\u2069\nhttps://t.co/dImlLsT9q8\n#Getthepicture\nMake Up: James Edward Alexander https://t.co/Vp39foXmIc", "edit_history_tweet_ids": ["1039347209916100609"]}], "meta": {"newest_id": "1043915255418630144", "oldest_id": "1039347209916100609", "result_count": 14}}