{"data": [{"id": "704452570388025344", "text": "RT @LanataPPT: Que no te tomen de boludo: Cristobal Lopez, Jefe de Roberto Navarro, echa a cientos de trabajadores del canalK CN23. https:/\u2026", "created_at": "2016-02-29T23:45:55.000Z", "author_id": "540240710", "edit_history_tweet_ids": ["704452570388025344"]}, {"id": "704452443925520384", "text": "RT @LanataPPT: Que no te tomen de boludo: Cristobal Lopez, Jefe de Roberto Navarro, echa a cientos de trabajadores del canalK CN23. https:/\u2026", "created_at": "2016-02-29T23:45:25.000Z", "author_id": "4196930235", "edit_history_tweet_ids": ["704452443925520384"]}, {"id": "704452378121150464", "text": "RT @LanataPPT: Que no te tomen de boludo: Cristobal Lopez, Jefe de Roberto Navarro, echa a cientos de trabajadores del canalK CN23. https:/\u2026", "created_at": "2016-02-29T23:45:09.000Z", "author_id": "196828112", "edit_history_tweet_ids": ["704452378121150464"]}, {"id": "704452024218337280", "text": "RT @LanataPPT: Que no te tomen de boludo: Cristobal Lopez, Jefe de Roberto Navarro, echa a cientos de trabajadores del canalK CN23. https:/\u2026", "created_at": "2016-02-29T23:43:45.000Z", "author_id": "3991226542", "edit_history_tweet_ids": ["704452024218337280"]}, {"id": "704451931046027266", "text": "RT @LanataPPT: Que no te tomen de boludo: Cristobal Lopez, Jefe de Roberto Navarro, echa a cientos de trabajadores del canalK CN23. https:/\u2026", "created_at": "2016-02-29T23:43:23.000Z", "author_id": "1553568727", "edit_history_tweet_ids": ["704451931046027266"]}, {"id": "704451892429111297", "text": "RT @LanataPPT: Que no te tomen de boludo: Cristobal Lopez, Jefe de Roberto Navarro, echa a cientos de trabajadores del canalK CN23. https:/\u2026", "created_at": "2016-02-29T23:43:13.000Z", "author_id": "2774633423", "edit_history_tweet_ids": ["704451892429111297"]}, {"id": "704451881649750016", "text": "RT @LanataPPT: Que no te tomen de boludo: Cristobal Lopez, Jefe de Roberto Navarro, echa a cientos de trabajadores del canalK CN23. https:/\u2026", "created_at": "2016-02-29T23:43:11.000Z", "author_id": "1275609816", "edit_history_tweet_ids": ["704451881649750016"]}, {"id": "704451857658322944", "text": "RT @LanataPPT: Que no te tomen de boludo: Cristobal Lopez, Jefe de Roberto Navarro, echa a cientos de trabajadores del canalK CN23. https:/\u2026", "created_at": "2016-02-29T23:43:05.000Z", "author_id": "197672032", "edit_history_tweet_ids": ["704451857658322944"]}, {"id": "704451456334741504", "text": "RT @LanataPPT: Que no te tomen de boludo: Cristobal Lopez, Jefe de Roberto Navarro, echa a cientos de trabajadores del canalK CN23. https:/\u2026", "created_at": "2016-02-29T23:41:29.000Z", "author_id": "3293483935", "edit_history_tweet_ids": ["704451456334741504"]}, {"id": "704451267653976064", "text": "RT @LanataPPT: Que no te tomen de boludo: Cristobal Lopez, Jefe de Roberto Navarro, echa a cientos de trabajadores del canalK CN23. https:/\u2026", "created_at": "2016-02-29T23:40:44.000Z", "author_id": "4870444583", "edit_history_tweet_ids": ["704451267653976064"]}, {"id": "704451125852946432", "text": "#Pol\u00ectica Renuncia de Roberto L\u00f3pez Delf\u00edn al #PRI, sin trascendencia pol\u00edtica: @tonatiuhpola https://t.co/wSF7wAssMs", "created_at": "2016-02-29T23:40:11.000Z", "author_id": "158533984", "edit_history_tweet_ids": ["704451125852946432"]}, {"id": "704450692598079489", "text": "RT @LanataPPT: Que no te tomen de boludo: Cristobal Lopez, Jefe de Roberto Navarro, echa a cientos de trabajadores del canalK CN23. https:/\u2026", "created_at": "2016-02-29T23:38:27.000Z", "author_id": "172539302", "edit_history_tweet_ids": ["704450692598079489"]}, {"id": "704450510150049792", "text": "RT @LanataPPT: Que no te tomen de boludo: Cristobal Lopez, Jefe de Roberto Navarro, echa a cientos de trabajadores del canalK CN23. https:/\u2026", "created_at": "2016-02-29T23:37:44.000Z", "author_id": "563950918", "edit_history_tweet_ids": ["704450510150049792"]}, {"id": "704450452985872385", "text": "RT @LanataPPT: Que no te tomen de boludo: Cristobal Lopez, Jefe de Roberto Navarro, echa a cientos de trabajadores del canalK CN23. https:/\u2026", "created_at": "2016-02-29T23:37:30.000Z", "author_id": "4108066581", "edit_history_tweet_ids": ["704450452985872385"]}, {"id": "704450210186076164", "text": "RT @LanataPPT: Que no te tomen de boludo: Cristobal Lopez, Jefe de Roberto Navarro, echa a cientos de trabajadores del canalK CN23. https:/\u2026", "created_at": "2016-02-29T23:36:32.000Z", "author_id": "2372496272", "edit_history_tweet_ids": ["704450210186076164"]}, {"id": "704450181039788032", "text": "RT @LanataPPT: Que no te tomen de boludo: Cristobal Lopez, Jefe de Roberto Navarro, echa a cientos de trabajadores del canalK CN23 https://\u2026", "created_at": "2016-02-29T23:36:25.000Z", "author_id": "316369333", "edit_history_tweet_ids": ["704450181039788032"]}, {"id": "704450177646649344", "text": "RT @LanataPPT: Que no te tomen de boludo: Cristobal Lopez, Jefe de Roberto Navarro, echa a cientos de trabajadores del canalK CN23. https:/\u2026", "created_at": "2016-02-29T23:36:25.000Z", "author_id": "3375846886", "edit_history_tweet_ids": ["704450177646649344"]}, {"id": "704450081194434560", "text": "RT @alfredovitale1: a ROBERTO NAVARRO le dar\u00e1 el coraje para decir algo de CRISTOBAL L\u00d3PEZ por los despidos de CN23?\nhumm\ndif\u00edcil que el ch\u2026", "created_at": "2016-02-29T23:36:02.000Z", "author_id": "2705009825", "edit_history_tweet_ids": ["704450081194434560"]}, {"id": "704449801644019717", "text": "RT @LanataPPT: Que no te tomen de boludo: Cristobal Lopez, Jefe de Roberto Navarro, echa a cientos de trabajadores del canalK CN23. https:/\u2026", "created_at": "2016-02-29T23:34:55.000Z", "author_id": "3379326191", "edit_history_tweet_ids": ["704449801644019717"]}, {"id": "704449794715099136", "text": "RT @LanataPPT: Que no te tomen de boludo: Cristobal Lopez, Jefe de Roberto Navarro, echa a cientos de trabajadores del canalK CN23. https:/\u2026", "created_at": "2016-02-29T23:34:53.000Z", "author_id": "631426838", "edit_history_tweet_ids": ["704449794715099136"]}, {"id": "704449540410183680", "text": "RT @LanataPPT: Que no te tomen de boludo: Cristobal Lopez, Jefe de Roberto Navarro, echa a cientos de trabajadores del canalK CN23. https:/\u2026", "created_at": "2016-02-29T23:33:53.000Z", "author_id": "585269123", "edit_history_tweet_ids": ["704449540410183680"]}, {"id": "704449135601131520", "text": "RT @LanataPPT: Que no te tomen de boludo: Cristobal Lopez, Jefe de Roberto Navarro, echa a cientos de trabajadores del canalK CN23. https:/\u2026", "created_at": "2016-02-29T23:32:16.000Z", "author_id": "827048251", "edit_history_tweet_ids": ["704449135601131520"]}, {"id": "704448989446463488", "text": "RT @LanataPPT: Que no te tomen de boludo: Cristobal Lopez, Jefe de Roberto Navarro, echa a cientos de trabajadores del canalK CN23. https:/\u2026", "created_at": "2016-02-29T23:31:41.000Z", "author_id": "203089748", "edit_history_tweet_ids": ["704448989446463488"]}, {"id": "704448660818501634", "text": "RT @LanataPPT: Que no te tomen de boludo: Cristobal Lopez, Jefe de Roberto Navarro, echa a cientos de trabajadores del canalK CN23. https:/\u2026", "created_at": "2016-02-29T23:30:23.000Z", "author_id": "782909496", "edit_history_tweet_ids": ["704448660818501634"]}, {"id": "704448428386942976", "text": "RT @LanataPPT: Que no te tomen de boludo: Cristobal Lopez, Jefe de Roberto Navarro, echa a cientos de trabajadores del canalK CN23. https:/\u2026", "created_at": "2016-02-29T23:29:28.000Z", "author_id": "210693254", "edit_history_tweet_ids": ["704448428386942976"]}, {"id": "704448378839687168", "text": "RT @LanataPPT: Que no te tomen de boludo: Cristobal Lopez, Jefe de Roberto Navarro, echa a cientos de trabajadores del canalK CN23. https:/\u2026", "created_at": "2016-02-29T23:29:16.000Z", "author_id": "52149862", "edit_history_tweet_ids": ["704448378839687168"]}, {"id": "704448368697864192", "text": "RT @LanataPPT: Que no te tomen de boludo: Cristobal Lopez, Jefe de Roberto Navarro, echa a cientos de trabajadores del canalK CN23. https:/\u2026", "created_at": "2016-02-29T23:29:13.000Z", "author_id": "1419161016", "edit_history_tweet_ids": ["704448368697864192"]}, {"id": "704448365199806464", "text": "RT @LanataPPT: Que no te tomen de boludo: Cristobal Lopez, Jefe de Roberto Navarro, echa a cientos de trabajadores del canalK CN23. https:/\u2026", "created_at": "2016-02-29T23:29:12.000Z", "author_id": "1635291433", "edit_history_tweet_ids": ["704448365199806464"]}, {"id": "704448363832463360", "text": "RT @LanataPPT: Que no te tomen de boludo: Cristobal Lopez, Jefe de Roberto Navarro, echa a cientos de trabajadores del canalK CN23. https:/\u2026", "created_at": "2016-02-29T23:29:12.000Z", "author_id": "3153025264", "edit_history_tweet_ids": ["704448363832463360"]}, {"id": "704448351987744769", "text": "a ROBERTO NAVARRO le dar\u00e1 el coraje para decir algo de CRISTOBAL L\u00d3PEZ por los despidos de CN23?\nhumm\ndif\u00edcil que el chancho chifle.", "created_at": "2016-02-29T23:29:09.000Z", "author_id": "260875347", "edit_history_tweet_ids": ["704448351987744769"]}, {"id": "704448195544354816", "text": "RT @LanataPPT: Que no te tomen de boludo: Cristobal Lopez, Jefe de Roberto Navarro, echa a cientos de trabajadores del canalK CN23. https:/\u2026", "created_at": "2016-02-29T23:28:32.000Z", "author_id": "183012947", "edit_history_tweet_ids": ["704448195544354816"]}, {"id": "704448172534407170", "text": "RT @LanataPPT: Que no te tomen de boludo: Cristobal Lopez, Jefe de Roberto Navarro, echa a cientos de trabajadores del canalK CN23. https:/\u2026", "created_at": "2016-02-29T23:28:27.000Z", "author_id": "2914952165", "edit_history_tweet_ids": ["704448172534407170"]}, {"id": "704448105090031616", "text": "RT @LanataPPT: Que no te tomen de boludo: Cristobal Lopez, Jefe de Roberto Navarro, echa a cientos de trabajadores del canalK CN23. https:/\u2026", "created_at": "2016-02-29T23:28:10.000Z", "author_id": "605626438", "edit_history_tweet_ids": ["704448105090031616"]}, {"id": "704448087272636416", "text": "RT @LanataPPT: Que no te tomen de boludo: Cristobal Lopez, Jefe de Roberto Navarro, echa a cientos de trabajadores del canalK CN23. https:/\u2026", "created_at": "2016-02-29T23:28:06.000Z", "author_id": "260875347", "edit_history_tweet_ids": ["704448087272636416"]}, {"id": "704447794417893376", "text": "RT @LanataPPT: Que no te tomen de boludo: Cristobal Lopez, Jefe de Roberto Navarro, echa a cientos de trabajadores del canalK CN23. https:/\u2026", "created_at": "2016-02-29T23:26:56.000Z", "author_id": "870235934", "edit_history_tweet_ids": ["704447794417893376"]}, {"id": "704447471733243905", "text": "RT @LanataPPT: Que no te tomen de boludo: Cristobal Lopez, Jefe de Roberto Navarro, echa a cientos de trabajadores del canalK CN23. https:/\u2026", "created_at": "2016-02-29T23:25:39.000Z", "author_id": "2620103618", "edit_history_tweet_ids": ["704447471733243905"]}, {"id": "704447258251628544", "text": "Que no te tomen de boludo: Cristobal Lopez, Jefe de Roberto Navarro, echa a cientos de trabajadores del canalK CN23. https://t.co/xJPwVsJ8EZ", "created_at": "2016-02-29T23:24:49.000Z", "author_id": "567691634", "edit_history_tweet_ids": ["704447258251628544"]}, {"id": "704446688451231744", "text": "RT @LanataPPT: Que no te tomen de boludo: Cristobal Lopez, Jefe de Roberto Navarro, echa a cientos de trabajadores del canalK CN23 https://\u2026", "created_at": "2016-02-29T23:22:33.000Z", "author_id": "2569984708", "edit_history_tweet_ids": ["704446688451231744"]}, {"id": "704444708886585344", "text": "RT @LanataPPT: Que no te tomen de boludo: Cristobal Lopez, Jefe de Roberto Navarro, echa a cientos de trabajadores del canalK CN23 https://\u2026", "created_at": "2016-02-29T23:14:41.000Z", "author_id": "3026019406", "edit_history_tweet_ids": ["704444708886585344"]}, {"id": "704439247193907200", "text": "RT @LanataPPT: Que no te tomen de boludo: Cristobal Lopez, Jefe de Roberto Navarro, echa a cientos de trabajadores del canalK CN23 https://\u2026", "created_at": "2016-02-29T22:52:59.000Z", "author_id": "309072522", "edit_history_tweet_ids": ["704439247193907200"]}, {"id": "704438517859033088", "text": "RT @LanataPPT: Que no te tomen de boludo: Cristobal Lopez, Jefe de Roberto Navarro, echa a cientos de trabajadores del canalK CN23 https://\u2026", "created_at": "2016-02-29T22:50:05.000Z", "author_id": "2725632374", "edit_history_tweet_ids": ["704438517859033088"]}, {"id": "704438456462786560", "text": "RT @LanataPPT: Que no te tomen de boludo: Cristobal Lopez, Jefe de Roberto Navarro, echa a cientos de trabajadores del canalK CN23 https://\u2026", "created_at": "2016-02-29T22:49:50.000Z", "author_id": "758266808", "edit_history_tweet_ids": ["704438456462786560"]}, {"id": "704438407045447682", "text": "RT @LanataPPT: Que no te tomen de boludo: Cristobal Lopez, Jefe de Roberto Navarro, echa a cientos de trabajadores del canalK CN23 https://\u2026", "created_at": "2016-02-29T22:49:38.000Z", "author_id": "3382530159", "edit_history_tweet_ids": ["704438407045447682"]}, {"id": "704437094165434368", "text": "RT @LanataPPT: Que no te tomen de boludo: Cristobal Lopez, Jefe de Roberto Navarro, echa a cientos de trabajadores del canalK CN23 https://\u2026", "created_at": "2016-02-29T22:44:25.000Z", "author_id": "131258546", "edit_history_tweet_ids": ["704437094165434368"]}, {"id": "704435934549446660", "text": "RT @LanataPPT: Que no te tomen de boludo: Cristobal Lopez, Jefe de Roberto Navarro, echa a cientos de trabajadores del canalK CN23 https://\u2026", "created_at": "2016-02-29T22:39:49.000Z", "author_id": "1284568057", "edit_history_tweet_ids": ["704435934549446660"]}, {"id": "704434890780049412", "text": "#ENTERATE Es un hip\u00f2crita Roberto L\u00f2pez Delf\u00ecn, par\u00e0sito del sistema corrupto del #PRI https://t.co/AOuPaTcvqU #tampico #verfollow", "created_at": "2016-02-29T22:35:40.000Z", "author_id": "402322637", "edit_history_tweet_ids": ["704434890780049412"]}, {"id": "704430319835996160", "text": "RT @LanataPPT: Que no te tomen de boludo: Cristobal Lopez, Jefe de Roberto Navarro, echa a cientos de trabajadores del canalK CN23 https://\u2026", "created_at": "2016-02-29T22:17:30.000Z", "author_id": "3056685953", "edit_history_tweet_ids": ["704430319835996160"]}, {"id": "704427883922657280", "text": "RT @LanataPPT: Que no te tomen de boludo: Cristobal Lopez, Jefe de Roberto Navarro, echa a cientos de trabajadores del canalK CN23 https://\u2026", "created_at": "2016-02-29T22:07:49.000Z", "author_id": "956467586", "edit_history_tweet_ids": ["704427883922657280"]}, {"id": "704427074820435968", "text": "RT @LanataPPT: Que no te tomen de boludo: Cristobal Lopez, Jefe de Roberto Navarro, echa a cientos de trabajadores del canalK CN23 https://\u2026", "created_at": "2016-02-29T22:04:36.000Z", "author_id": "121132962", "edit_history_tweet_ids": ["704427074820435968"]}, {"id": "704422178545127425", "text": "#Pol\u00ectica Renuncia de Roberto L\u00f3pez Delf\u00edn al #PRI, sin trascendencia pol\u00edtica: @tonatiuhpola https://t.co/AVSbhiFJJO", "created_at": "2016-02-29T21:45:09.000Z", "author_id": "158533984", "edit_history_tweet_ids": ["704422178545127425"]}, {"id": "704421542395027457", "text": "RT @LanataPPT: Que no te tomen de boludo: Cristobal Lopez, Jefe de Roberto Navarro, echa a cientos de trabajadores del canalK CN23 https://\u2026", "created_at": "2016-02-29T21:42:37.000Z", "author_id": "3429326572", "edit_history_tweet_ids": ["704421542395027457"]}, {"id": "704420039601090565", "text": "RT @LanataPPT: Que no te tomen de boludo: Cristobal Lopez, Jefe de Roberto Navarro, echa a cientos de trabajadores del canalK CN23 https://\u2026", "created_at": "2016-02-29T21:36:39.000Z", "author_id": "147979738", "edit_history_tweet_ids": ["704420039601090565"]}, {"id": "704418379743043584", "text": "Felicitaciones al Pastor Roberto Lopez. https://t.co/AxnjaLEuw7", "created_at": "2016-02-29T21:30:03.000Z", "author_id": "2456006740", "edit_history_tweet_ids": ["704418379743043584"]}, {"id": "704416344452833280", "text": "RT @LanataPPT: Que no te tomen de boludo: Cristobal Lopez, Jefe de Roberto Navarro, echa a cientos de trabajadores del canalK CN23 https://\u2026", "created_at": "2016-02-29T21:21:58.000Z", "author_id": "4297273755", "edit_history_tweet_ids": ["704416344452833280"]}, {"id": "704416137619046400", "text": "RT @LanataPPT: Que no te tomen de boludo: Cristobal Lopez, Jefe de Roberto Navarro, echa a cientos de trabajadores del canalK CN23 https://\u2026", "created_at": "2016-02-29T21:21:09.000Z", "author_id": "449149879", "edit_history_tweet_ids": ["704416137619046400"]}, {"id": "704415178838900736", "text": "RT @LanataPPT: Que no te tomen de boludo: Cristobal Lopez, Jefe de Roberto Navarro, echa a cientos de trabajadores del canalK CN23 https://\u2026", "created_at": "2016-02-29T21:17:20.000Z", "author_id": "569140822", "edit_history_tweet_ids": ["704415178838900736"]}, {"id": "704412758482120704", "text": "Chek ChiNo Darwin Roberto L\u00f3pez https://t.co/k82OaZnDir", "created_at": "2016-02-29T21:07:43.000Z", "author_id": "1587678488", "edit_history_tweet_ids": ["704412758482120704"]}, {"id": "704412080867188737", "text": "Renuncia a PRI el alemanista Roberto L\u00f3pez\u00a0Delf\u00edn https://t.co/3hQcH052K8 https://t.co/zI2gAjHne3", "created_at": "2016-02-29T21:05:02.000Z", "author_id": "963260887", "edit_history_tweet_ids": ["704412080867188737"]}, {"id": "704412076719087616", "text": "27 Febrero de 2016 EL ex secretario particular del ex gobernador Miguel Alem\u00e1n Velasco, Roberto L\u00f3pez Delf\u00edn,... https://t.co/P3PB6VDlBh", "created_at": "2016-02-29T21:05:01.000Z", "author_id": "2709957252", "edit_history_tweet_ids": ["704412076719087616"]}, {"id": "704409824742776832", "text": "RT @LanataPPT: Que no te tomen de boludo: Cristobal Lopez, Jefe de Roberto Navarro, echa a cientos de trabajadores del canalK CN23 https://\u2026", "created_at": "2016-02-29T20:56:04.000Z", "author_id": "806523961", "edit_history_tweet_ids": ["704409824742776832"]}, {"id": "704409101401513984", "text": "RT @LanataPPT: Que no te tomen de boludo: Cristobal Lopez, Jefe de Roberto Navarro, echa a cientos de trabajadores del canalK CN23 https://\u2026", "created_at": "2016-02-29T20:53:11.000Z", "author_id": "4901799471", "edit_history_tweet_ids": ["704409101401513984"]}, {"id": "704409016533983232", "text": "RT @LanataPPT: Que no te tomen de boludo: Cristobal Lopez, Jefe de Roberto Navarro, echa a cientos de trabajadores del canalK CN23 https://\u2026", "created_at": "2016-02-29T20:52:51.000Z", "author_id": "2833547117", "edit_history_tweet_ids": ["704409016533983232"]}, {"id": "704408838791950336", "text": "RT @LanataPPT: Que no te tomen de boludo: Cristobal Lopez, Jefe de Roberto Navarro, echa a cientos de trabajadores del canalK CN23 https://\u2026", "created_at": "2016-02-29T20:52:09.000Z", "author_id": "60982903", "edit_history_tweet_ids": ["704408838791950336"]}, {"id": "704407809014763520", "text": "RT @LanataPPT: Que no te tomen de boludo: Cristobal Lopez, Jefe de Roberto Navarro, echa a cientos de trabajadores del canalK CN23 https://\u2026", "created_at": "2016-02-29T20:48:03.000Z", "author_id": "3051144010", "edit_history_tweet_ids": ["704407809014763520"]}, {"id": "704407647949344768", "text": "RT @LanataPPT: Que no te tomen de boludo: Cristobal Lopez, Jefe de Roberto Navarro, echa a cientos de trabajadores del canalK CN23 https://\u2026", "created_at": "2016-02-29T20:47:25.000Z", "author_id": "332587216", "edit_history_tweet_ids": ["704407647949344768"]}, {"id": "704406768655400960", "text": "RT @LanataPPT: Que no te tomen de boludo: Cristobal Lopez, Jefe de Roberto Navarro, echa a cientos de trabajadores del canalK CN23 https://\u2026", "created_at": "2016-02-29T20:43:55.000Z", "author_id": "2774633423", "edit_history_tweet_ids": ["704406768655400960"]}, {"id": "704404489852342274", "text": "RT @LanataPPT: Que no te tomen de boludo: Cristobal Lopez, Jefe de Roberto Navarro, echa a cientos de trabajadores del canalK CN23 https://\u2026", "created_at": "2016-02-29T20:34:52.000Z", "author_id": "3051548613", "edit_history_tweet_ids": ["704404489852342274"]}, {"id": "704403889886502912", "text": "RT @LanataPPT: Que no te tomen de boludo: Cristobal Lopez, Jefe de Roberto Navarro, echa a cientos de trabajadores del canalK CN23 https://\u2026", "created_at": "2016-02-29T20:32:29.000Z", "author_id": "599098160", "edit_history_tweet_ids": ["704403889886502912"]}, {"id": "704403880730365952", "text": "RT @LanataPPT: Que no te tomen de boludo: Cristobal Lopez, Jefe de Roberto Navarro, echa a cientos de trabajadores del canalK CN23 https://\u2026", "created_at": "2016-02-29T20:32:27.000Z", "author_id": "1084888850", "edit_history_tweet_ids": ["704403880730365952"]}, {"id": "704403781866418176", "text": "RT @LanataPPT: Que no te tomen de boludo: Cristobal Lopez, Jefe de Roberto Navarro, echa a cientos de trabajadores del canalK CN23 https://\u2026", "created_at": "2016-02-29T20:32:03.000Z", "author_id": "790753255", "edit_history_tweet_ids": ["704403781866418176"]}, {"id": "704403620717051908", "text": "RT @LanataPPT: Que no te tomen de boludo: Cristobal Lopez, Jefe de Roberto Navarro, echa a cientos de trabajadores del canalK CN23 https://\u2026", "created_at": "2016-02-29T20:31:25.000Z", "author_id": "1872208945", "edit_history_tweet_ids": ["704403620717051908"]}, {"id": "704403261437124608", "text": "RT @LanataPPT: Que no te tomen de boludo: Cristobal Lopez, Jefe de Roberto Navarro, echa a cientos de trabajadores del canalK CN23 https://\u2026", "created_at": "2016-02-29T20:29:59.000Z", "author_id": "702306661671804928", "edit_history_tweet_ids": ["704403261437124608"]}, {"id": "704403210044309504", "text": "RT @LanataPPT: Que no te tomen de boludo: Cristobal Lopez, Jefe de Roberto Navarro, echa a cientos de trabajadores del canalK CN23 https://\u2026", "created_at": "2016-02-29T20:29:47.000Z", "author_id": "155257402", "edit_history_tweet_ids": ["704403210044309504"]}, {"id": "704402714260869120", "text": "RT @LanataPPT: Que no te tomen de boludo: Cristobal Lopez, Jefe de Roberto Navarro, echa a cientos de trabajadores del canalK CN23 https://\u2026", "created_at": "2016-02-29T20:27:48.000Z", "author_id": "2623745122", "edit_history_tweet_ids": ["704402714260869120"]}, {"id": "704401725902491649", "text": "RT @LanataPPT: Que no te tomen de boludo: Cristobal Lopez, Jefe de Roberto Navarro, echa a cientos de trabajadores del canalK CN23 https://\u2026", "created_at": "2016-02-29T20:23:53.000Z", "author_id": "135953341", "edit_history_tweet_ids": ["704401725902491649"]}, {"id": "704401047125630978", "text": "RT @LanataPPT: Que no te tomen de boludo: Cristobal Lopez, Jefe de Roberto Navarro, echa a cientos de trabajadores del canalK CN23 https://\u2026", "created_at": "2016-02-29T20:21:11.000Z", "author_id": "3656033021", "edit_history_tweet_ids": ["704401047125630978"]}, {"id": "704400647051939840", "text": "RT @LanataPPT: Que no te tomen de boludo: Cristobal Lopez, Jefe de Roberto Navarro, echa a cientos de trabajadores del canalK CN23 https://\u2026", "created_at": "2016-02-29T20:19:36.000Z", "author_id": "3411284523", "edit_history_tweet_ids": ["704400647051939840"]}, {"id": "704400505406148608", "text": "RT @LanataPPT: Que no te tomen de boludo: Cristobal Lopez, Jefe de Roberto Navarro, echa a cientos de trabajadores del canalK CN23 https://\u2026", "created_at": "2016-02-29T20:19:02.000Z", "author_id": "4831489919", "edit_history_tweet_ids": ["704400505406148608"]}, {"id": "704400135481135105", "text": "RT @LanataPPT: Que no te tomen de boludo: Cristobal Lopez, Jefe de Roberto Navarro, echa a cientos de trabajadores del canalK CN23 https://\u2026", "created_at": "2016-02-29T20:17:34.000Z", "author_id": "286271753", "edit_history_tweet_ids": ["704400135481135105"]}, {"id": "704399484365754368", "text": "RT @LanataPPT: Que no te tomen de boludo: Cristobal Lopez, Jefe de Roberto Navarro, echa a cientos de trabajadores del canalK CN23 https://\u2026", "created_at": "2016-02-29T20:14:58.000Z", "author_id": "3983639621", "edit_history_tweet_ids": ["704399484365754368"]}, {"id": "704398372455780352", "text": "RT @LanataPPT: Que no te tomen de boludo: Cristobal Lopez, Jefe de Roberto Navarro, echa a cientos de trabajadores del canalK CN23 https://\u2026", "created_at": "2016-02-29T20:10:33.000Z", "author_id": "8789862", "edit_history_tweet_ids": ["704398372455780352"]}, {"id": "704398188640387073", "text": "RT @LanataPPT: Que no te tomen de boludo: Cristobal Lopez, Jefe de Roberto Navarro, echa a cientos de trabajadores del canalK CN23 https://\u2026", "created_at": "2016-02-29T20:09:49.000Z", "author_id": "437613915", "edit_history_tweet_ids": ["704398188640387073"]}, {"id": "704398063377522689", "text": "RT @LanataPPT: Que no te tomen de boludo: Cristobal Lopez, Jefe de Roberto Navarro, echa a cientos de trabajadores del canalK CN23 https://\u2026", "created_at": "2016-02-29T20:09:20.000Z", "author_id": "884794208", "edit_history_tweet_ids": ["704398063377522689"]}, {"id": "704397947233026048", "text": "RT @LanataPPT: Que no te tomen de boludo: Cristobal Lopez, Jefe de Roberto Navarro, echa a cientos de trabajadores del canalK CN23 https://\u2026", "created_at": "2016-02-29T20:08:52.000Z", "author_id": "3432853587", "edit_history_tweet_ids": ["704397947233026048"]}, {"id": "704397678147309570", "text": "Renuncia a PRI el alemanista Roberto L\u00f3pez\u00a0Delf\u00edn https://t.co/YmxLyc2pw6 https://t.co/EmIGD4Q7pI", "created_at": "2016-02-29T20:07:48.000Z", "author_id": "963260887", "edit_history_tweet_ids": ["704397678147309570"]}, {"id": "704397672178966529", "text": "27 Febrero de 2016 EL ex secretario particular del ex gobernador Miguel Alem\u00e1n Velasco, Roberto L\u00f3pez Delf\u00edn,... https://t.co/oGFNXMmCGx", "created_at": "2016-02-29T20:07:46.000Z", "author_id": "2709957252", "edit_history_tweet_ids": ["704397672178966529"]}, {"id": "704397001409036288", "text": "RT @LanataPPT: Que no te tomen de boludo: Cristobal Lopez, Jefe de Roberto Navarro, echa a cientos de trabajadores del canalK CN23 https://\u2026", "created_at": "2016-02-29T20:05:06.000Z", "author_id": "1436758573", "edit_history_tweet_ids": ["704397001409036288"]}, {"id": "704396946551808001", "text": "RT @LanataPPT: Que no te tomen de boludo: Cristobal Lopez, Jefe de Roberto Navarro, echa a cientos de trabajadores del canalK CN23 https://\u2026", "created_at": "2016-02-29T20:04:53.000Z", "author_id": "285443829", "edit_history_tweet_ids": ["704396946551808001"]}, {"id": "704396295671312384", "text": "RT @LanataPPT: Que no te tomen de boludo: Cristobal Lopez, Jefe de Roberto Navarro, echa a cientos de trabajadores del canalK CN23 https://\u2026", "created_at": "2016-02-29T20:02:18.000Z", "author_id": "199411504", "edit_history_tweet_ids": ["704396295671312384"]}, {"id": "704395949100154880", "text": "RT @LanataPPT: Que no te tomen de boludo: Cristobal Lopez, Jefe de Roberto Navarro, echa a cientos de trabajadores del canalK CN23 https://\u2026", "created_at": "2016-02-29T20:00:55.000Z", "author_id": "1164244466", "edit_history_tweet_ids": ["704395949100154880"]}, {"id": "704395448690327552", "text": "RT @LanataPPT: Que no te tomen de boludo: Cristobal Lopez, Jefe de Roberto Navarro, echa a cientos de trabajadores del canalK CN23 https://\u2026", "created_at": "2016-02-29T19:58:56.000Z", "author_id": "3015676325", "edit_history_tweet_ids": ["704395448690327552"]}, {"id": "704394724757663745", "text": "RT @LanataPPT: Que no te tomen de boludo: Cristobal Lopez, Jefe de Roberto Navarro, echa a cientos de trabajadores del canalK CN23 https://\u2026", "created_at": "2016-02-29T19:56:04.000Z", "author_id": "2567927971", "edit_history_tweet_ids": ["704394724757663745"]}, {"id": "704394565810262016", "text": "RT @LanataPPT: Que no te tomen de boludo: Cristobal Lopez, Jefe de Roberto Navarro, echa a cientos de trabajadores del canalK CN23 https://\u2026", "created_at": "2016-02-29T19:55:26.000Z", "author_id": "268415908", "edit_history_tweet_ids": ["704394565810262016"]}, {"id": "704394332913143808", "text": "RT @LanataPPT: Que no te tomen de boludo: Cristobal Lopez, Jefe de Roberto Navarro, echa a cientos de trabajadores del canalK CN23 https://\u2026", "created_at": "2016-02-29T19:54:30.000Z", "author_id": "145777342", "edit_history_tweet_ids": ["704394332913143808"]}, {"id": "704394266148278272", "text": "RT @LanataPPT: Que no te tomen de boludo: Cristobal Lopez, Jefe de Roberto Navarro, echa a cientos de trabajadores del canalK CN23 https://\u2026", "created_at": "2016-02-29T19:54:14.000Z", "author_id": "172155914", "edit_history_tweet_ids": ["704394266148278272"]}, {"id": "704394191200243717", "text": "RT @LanataPPT: Que no te tomen de boludo: Cristobal Lopez, Jefe de Roberto Navarro, echa a cientos de trabajadores del canalK CN23 https://\u2026", "created_at": "2016-02-29T19:53:56.000Z", "author_id": "2321317278", "edit_history_tweet_ids": ["704394191200243717"]}, {"id": "704394141426442241", "text": "RT @LanataPPT: Que no te tomen de boludo: Cristobal Lopez, Jefe de Roberto Navarro, echa a cientos de trabajadores del canalK CN23 https://\u2026", "created_at": "2016-02-29T19:53:44.000Z", "author_id": "1029683149", "edit_history_tweet_ids": ["704394141426442241"]}, {"id": "704394094731198465", "text": "RT @LanataPPT: Que no te tomen de boludo: Cristobal Lopez, Jefe de Roberto Navarro, echa a cientos de trabajadores del canalK CN23 https://\u2026", "created_at": "2016-02-29T19:53:33.000Z", "author_id": "2150022093", "edit_history_tweet_ids": ["704394094731198465"]}, {"id": "704393906901917696", "text": "RT @LanataPPT: Que no te tomen de boludo: Cristobal Lopez, Jefe de Roberto Navarro, echa a cientos de trabajadores del canalK CN23 https://\u2026", "created_at": "2016-02-29T19:52:49.000Z", "author_id": "296451017", "edit_history_tweet_ids": ["704393906901917696"]}], "meta": {"newest_id": "704452570388025344", "oldest_id": "704393906901917696", "result_count": 99, "next_token": "1jzu9lk96gu5npw2xnnw7su8sbxxy408yqe24sc0137h"}}