{"data": [{"id": "702423570866159616", "edit_history_tweet_ids": ["702423570866159616"], "created_at": "2016-02-24T09:23:24.000Z", "author_id": "178015685", "text": "Vive Dios,que poeta m\u00e1s genial !! presentador, locutor, editor universal es \u00fanico Roberto L\u00f3pez @ElExpecial  @MasDeUno lo puedes \"escuchal\""}, {"id": "702411667775291392", "edit_history_tweet_ids": ["702411667775291392"], "created_at": "2016-02-24T08:36:06.000Z", "author_id": "265937575", "text": "Analizamos el acuerdo de Psoe y Ciudadanos con Roberto Orive, Alberto Rubio, Margarita L\u00f3pez y Manuel Cabrera en... https://t.co/F140wupx0j"}, {"id": "702315432611586049", "edit_history_tweet_ids": ["702315432611586049"], "created_at": "2016-02-24T02:13:42.000Z", "author_id": "275329850", "text": "Solidaridad con Manuel Sutherland, despedido de su cargo docente en la UBV - Roberto L\u00f3pez S\u00e1nchez @cruzcarrillo09 https://t.co/CNxmHpVrXu"}, {"id": "702314665397907456", "edit_history_tweet_ids": ["702314665397907456"], "created_at": "2016-02-24T02:10:39.000Z", "author_id": "78627266", "text": "El SENIAT exprime el ingreso de los trabajadores - Por: Roberto L\u00f3pez S\u00e1nchez @cruzcarrillo09 https://t.co/BCJi2jJitB"}, {"id": "702313442976337920", "edit_history_tweet_ids": ["702313442976337920"], "created_at": "2016-02-24T02:05:47.000Z", "author_id": "78627266", "text": "Solidaridad con Manuel Sutherland, despedido de su cargo docente en la UBV - Por: Roberto L\u00f3pez S\u00e1nchez  https://t.co/dUbneA4mz0"}, {"id": "702313051198873601", "edit_history_tweet_ids": ["702313051198873601"], "created_at": "2016-02-24T02:04:14.000Z", "author_id": "416551845", "text": "RT @RadardeMorelia: Los agr\u00f3nomos, brazo t\u00e9cnico de la #CNC: @RobertoC_LXXIII https://t.co/rwkUiLozUp @CNC_Michoacan @lupitastacruz https:/\u2026"}, {"id": "702312780062326784", "edit_history_tweet_ids": ["702312780062326784"], "created_at": "2016-02-24T02:03:09.000Z", "author_id": "1247690646", "text": "Los agr\u00f3nomos, brazo t\u00e9cnico de la #CNC: @RobertoC_LXXIII https://t.co/rwkUiLozUp @CNC_Michoacan @lupitastacruz https://t.co/dEWTTaOo0A"}, {"id": "702310389707485186", "edit_history_tweet_ids": ["702310389707485186"], "created_at": "2016-02-24T01:53:39.000Z", "author_id": "855748322", "text": "Roberto Romero L\u00f3pez/Monica Paola Robles Manzanedo los busca la INTERPOL en 190 pa\u00edses @monicarobless X si los ven! https://t.co/i0qNd0Qv0Z"}, {"id": "702297508664504323", "edit_history_tweet_ids": ["702297508664504323"], "created_at": "2016-02-24T01:02:28.000Z", "author_id": "190383207", "text": "Buscan a Roberto Romero L\u00f3pez en 190 pa\u00edses https://t.co/Xq0OxOUOt5"}, {"id": "702297371879690240", "edit_history_tweet_ids": ["702297371879690240"], "created_at": "2016-02-24T01:01:56.000Z", "author_id": "313685515", "text": "RT @ViviendaES: Miguel L\u00f3pez ADESCO La Constancia |||, agradece el apoyo de @roberto_gochez y @gersonmop  por su nueva comunidad. https://t\u2026"}, {"id": "702291027416240128", "edit_history_tweet_ids": ["702291027416240128"], "created_at": "2016-02-24T00:36:43.000Z", "author_id": "1121760132", "text": "EDUARDO L\u00d3PEZ, SONIA ALESSO Y ROBERTO BARADEL EN TELENOCHE!https://t.co/cddSFzJuxt"}, {"id": "702275037097754624", "edit_history_tweet_ids": ["702275037097754624"], "created_at": "2016-02-23T23:33:11.000Z", "author_id": "144619530", "text": "Solidaridad con Manuel Sutherland, despedido de su cargo docente en la UBV Por:Roberto L\u00f3pez S\u00e1nchez @cruzcarrillo09\nhttps://t.co/XxGFtpLPEI"}, {"id": "702273101090918403", "edit_history_tweet_ids": ["702273101090918403"], "created_at": "2016-02-23T23:25:29.000Z", "author_id": "201342398", "text": "RT @GonzaloAporrea: Solidaridad con Manuel Sutherland, despedido UBV - Roberto L\u00f3pez @cruzcarrillo09 https://t.co/kSG4sO09Uu Si investigas \u2026"}, {"id": "702268130039562241", "edit_history_tweet_ids": ["702268130039562241"], "created_at": "2016-02-23T23:05:44.000Z", "author_id": "153466129", "text": "Solidaridad con Manuel Sutherland, despedido de su cargo docente en la UBV Por Roberto L\u00f3pez S\u00e1nchez @cruzcarrillo09 https://t.co/80ZTXg0uVT"}, {"id": "702267903064850433", "edit_history_tweet_ids": ["702267903064850433"], "created_at": "2016-02-23T23:04:50.000Z", "author_id": "2626789702", "text": "RT @GonzaloAporrea: Solidaridad con Manuel Sutherland, despedido UBV - Roberto L\u00f3pez @cruzcarrillo09 https://t.co/kSG4sO09Uu Si investigas \u2026"}, {"id": "702263045620424704", "edit_history_tweet_ids": ["702263045620424704"], "created_at": "2016-02-23T22:45:32.000Z", "author_id": "1247690646", "text": "Por H\u00e9ctor Torres El diputado Roberto Carlos L\u00f3pez Garc\u00eda afirm\u00f3 que los agr\u00f3nomos son el brazo t\u00e9cn https://t.co/az63VxvpuL"}, {"id": "702262351144292352", "edit_history_tweet_ids": ["702262351144292352"], "created_at": "2016-02-23T22:42:46.000Z", "author_id": "143474042", "text": "RT @GonzaloAporrea: Solidaridad con Manuel Sutherland, despedido UBV - Roberto L\u00f3pez @cruzcarrillo09 https://t.co/kSG4sO09Uu Si investigas \u2026"}, {"id": "702262349735059456", "edit_history_tweet_ids": ["702262349735059456"], "created_at": "2016-02-23T22:42:46.000Z", "author_id": "112610167", "text": "RT @GonzaloAporrea: Solidaridad con Manuel Sutherland, despedido UBV - Roberto L\u00f3pez @cruzcarrillo09 https://t.co/kSG4sO09Uu Si investigas \u2026"}, {"id": "702261967952732160", "edit_history_tweet_ids": ["702261967952732160"], "created_at": "2016-02-23T22:41:15.000Z", "author_id": "510874386", "text": "RT @GonzaloAporrea: Solidaridad con Manuel Sutherland, despedido UBV - Roberto L\u00f3pez @cruzcarrillo09 https://t.co/kSG4sO09Uu Si investigas \u2026"}, {"id": "702261701052391424", "edit_history_tweet_ids": ["702261701052391424"], "created_at": "2016-02-23T22:40:11.000Z", "author_id": "52693259", "text": "RT @GonzaloAporrea: Solidaridad con Manuel Sutherland, despedido UBV - Roberto L\u00f3pez @cruzcarrillo09 https://t.co/kSG4sO09Uu Si investigas \u2026"}, {"id": "702261483137183744", "edit_history_tweet_ids": ["702261483137183744"], "created_at": "2016-02-23T22:39:19.000Z", "author_id": "1247690646", "text": "Roberto Carlos Lopez Garcia https://t.co/MDR8m70s7g"}, {"id": "702261290165673984", "edit_history_tweet_ids": ["702261290165673984"], "created_at": "2016-02-23T22:38:33.000Z", "author_id": "104196750", "text": "Roberto Carlos L\u00f3pez atleta #TeamESA #remo #JuntosporelSue\u00f1o #RumboaRio Cc @thetlez @WorldRowing @row2k @DonBisca https://t.co/tjuGdFxI2T"}, {"id": "702260833842294786", "edit_history_tweet_ids": ["702260833842294786"], "created_at": "2016-02-23T22:36:44.000Z", "author_id": "110280490", "text": "RT @GonzaloAporrea: Solidaridad con Manuel Sutherland, despedido UBV - Roberto L\u00f3pez @cruzcarrillo09 https://t.co/kSG4sO09Uu Si investigas \u2026"}, {"id": "702260356002029569", "edit_history_tweet_ids": ["702260356002029569"], "created_at": "2016-02-23T22:34:50.000Z", "author_id": "376247313", "text": "RT @GonzaloAporrea: Solidaridad con Manuel Sutherland, despedido UBV - Roberto L\u00f3pez @cruzcarrillo09 https://t.co/kSG4sO09Uu Si investigas \u2026"}, {"id": "702259709177262080", "edit_history_tweet_ids": ["702259709177262080"], "created_at": "2016-02-23T22:32:16.000Z", "author_id": "106891797", "text": "RT @GonzaloAporrea: Solidaridad con Manuel Sutherland, despedido UBV - Roberto L\u00f3pez @cruzcarrillo09 https://t.co/kSG4sO09Uu Si investigas \u2026"}, {"id": "702256287002701824", "edit_history_tweet_ids": ["702256287002701824"], "created_at": "2016-02-23T22:18:40.000Z", "author_id": "392092501", "text": "#PONTEpilas Solidaridad con Manuel Sutherland, despedido de su cargo docente en la UBV Por: Roberto L\u00f3pez ... https://t.co/6BbElYEDAz"}, {"id": "702245265533747207", "edit_history_tweet_ids": ["702245265533747207"], "created_at": "2016-02-23T21:34:53.000Z", "author_id": "256585829", "text": "Hablamos con ROBERTO FIAT, Integrante del TOUR DE LOS BARES.\nRoberto Fiat, Marcelo L\u00f3pez, Claudio Brachetta y... https://t.co/R2KiWwjDFE"}, {"id": "702236901630201857", "edit_history_tweet_ids": ["702236901630201857"], "created_at": "2016-02-23T21:01:38.000Z", "author_id": "822944497", "text": "En el programa de hoy Roberto L\u00f3pez V\u00e1zquez hablar\u00e1 de \u201cPalabras envenenadas\u201d de Maite Carranza,\u2026 https://t.co/Ptg79yKSkS"}, {"id": "702236892557811714", "edit_history_tweet_ids": ["702236892557811714"], "created_at": "2016-02-23T21:01:36.000Z", "author_id": "43667068", "text": "RT @Alerta_MexicoAN: Exsecretario de gobierno de #Sonora, Roberto Romero L\u00f3pez es buscado en 190 pa\u00edses por la #Interpol https://t.co/FqEzG\u2026"}, {"id": "702222197163630592", "edit_history_tweet_ids": ["702222197163630592"], "created_at": "2016-02-23T20:03:13.000Z", "author_id": "253808090", "text": "RT @ViviendaES: Miguel L\u00f3pez ADESCO La Constancia |||, agradece el apoyo de @roberto_gochez y @gersonmop  por su nueva comunidad. https://t\u2026"}, {"id": "702221982729904128", "edit_history_tweet_ids": ["702221982729904128"], "created_at": "2016-02-23T20:02:21.000Z", "author_id": "208894127", "text": "RT @ViviendaES: Miguel L\u00f3pez ADESCO La Constancia |||, agradece el apoyo de @roberto_gochez y @gersonmop  por su nueva comunidad. https://t\u2026"}, {"id": "702221803251486720", "edit_history_tweet_ids": ["702221803251486720"], "created_at": "2016-02-23T20:01:39.000Z", "author_id": "282048673", "text": "RT @arnau_lopez: #showgol @gerardromero sisplau en pres\u00e8ncia de sergio roberto. Gerard fes-me un roberto totototo https://t.co/65faqDkjg7 g\u2026"}, {"id": "702203251467407362", "edit_history_tweet_ids": ["702203251467407362"], "created_at": "2016-02-23T18:47:56.000Z", "author_id": "360051191", "text": "Solidaridad con Manuel Sutherland despedido de su cargo docente en la UBV Por: Roberto L\u00f3pez S\u00e1nchez @cruzcarrillo09 https://t.co/kiJ5aHqmw0"}, {"id": "702199267029417984", "edit_history_tweet_ids": ["702199267029417984"], "created_at": "2016-02-23T18:32:06.000Z", "author_id": "4171233440", "text": "Pretende Roberto Carlos L\u00f3pez Garc\u00eda imponer al nuevo dirigente de la CNC en Michoac\u00e1n https://t.co/1uAZK08whI"}, {"id": "702193930427830272", "edit_history_tweet_ids": ["702193930427830272"], "created_at": "2016-02-23T18:10:53.000Z", "author_id": "1390600814", "text": "Intervenci\u00f3n tipogr\u00e1fica /Luis Alonso. Por Roberto L\u00f3pez Flores: https://t.co/hLVrcArDLW"}, {"id": "702193113222098944", "edit_history_tweet_ids": ["702193113222098944"], "created_at": "2016-02-23T18:07:38.000Z", "author_id": "702160286325673985", "text": "@annagzz @TigresOficial VAMOS TIGRES ROBERTO CONTRERAS LOPEZ"}, {"id": "702192270729064448", "edit_history_tweet_ids": ["702192270729064448"], "created_at": "2016-02-23T18:04:18.000Z", "author_id": "702160286325673985", "text": "@annagzz @TigresOficial Roberto contreras lopez"}, {"id": "702190145315844096", "edit_history_tweet_ids": ["702190145315844096"], "created_at": "2016-02-23T17:55:51.000Z", "author_id": "4167681077", "text": "Solidaridad con Manuel Sutherland, despedido de UBV - Roberto L\u00f3pez S @cruzcarrillo09 https://t.co/2Hj5eqABi0\u00a0\u2026 \u2026..."}, {"id": "702190145252909056", "edit_history_tweet_ids": ["702190145252909056"], "created_at": "2016-02-23T17:55:51.000Z", "author_id": "186108930", "text": "Solidaridad con Manuel Sutherland, despedido de UBV - Roberto L\u00f3pez S @cruzcarrillo09 https://t.co/h15nHdCdRw\u00a0\u2026 \u2026..."}, {"id": "702190145139658752", "edit_history_tweet_ids": ["702190145139658752"], "created_at": "2016-02-23T17:55:51.000Z", "author_id": "4167382115", "text": "Solidaridad con Manuel Sutherland, despedido de UBV - Roberto L\u00f3pez S @cruzcarrillo09 https://t.co/msnwlD4bwt\u00a0\u2026 \u2026..."}, {"id": "702190144971890688", "edit_history_tweet_ids": ["702190144971890688"], "created_at": "2016-02-23T17:55:51.000Z", "author_id": "4167260301", "text": "Solidaridad con Manuel Sutherland, despedido de UBV - Roberto L\u00f3pez S @cruzcarrillo09 https://t.co/TZ86v0ifZM\u00a0\u2026 \u2026..."}, {"id": "702190144372146176", "edit_history_tweet_ids": ["702190144372146176"], "created_at": "2016-02-23T17:55:51.000Z", "author_id": "2372188286", "text": "Solidaridad con Manuel Sutherland, despedido de UBV - Roberto L\u00f3pez S @cruzcarrillo09 https://t.co/6yKSb44RDk\u00a0\u2026 \u2026..."}, {"id": "702190144250470400", "edit_history_tweet_ids": ["702190144250470400"], "created_at": "2016-02-23T17:55:51.000Z", "author_id": "2371942326", "text": "Solidaridad con Manuel Sutherland, despedido de UBV - Roberto L\u00f3pez S @cruzcarrillo09 https://t.co/8hfFVsNa65\u00a0\u2026 \u2026..."}, {"id": "702189195700236289", "edit_history_tweet_ids": ["702189195700236289"], "created_at": "2016-02-23T17:52:04.000Z", "author_id": "573276580", "text": "RT @Red_Polifonica: Con los artistas pl\u00e1sticos Carlos L\u00f3pez y Roberto Delgado #VIDEOMINUTO #TalentoColimense Andador Constituci\u00f3n, Colima h\u2026"}, {"id": "702184323676565504", "edit_history_tweet_ids": ["702184323676565504"], "created_at": "2016-02-23T17:32:43.000Z", "author_id": "330067174", "text": "Solidaridad con Manuel Sutherland, despedido de su cargo docente en la UBV - Por: Roberto L\u00f3pez  @cruzcarrillo09 https://t.co/97jafzM9QB"}, {"id": "702183384425095168", "edit_history_tweet_ids": ["702183384425095168"], "created_at": "2016-02-23T17:28:59.000Z", "author_id": "161469118", "text": "Solidaridad con Manuel Sutherland, despedido de su cargo docente en la UBV - Por: Roberto L\u00f3pez S\u00e1nchez @cruzcarrillo09 ht://www.aporrea.org"}, {"id": "702183136864526337", "edit_history_tweet_ids": ["702183136864526337"], "created_at": "2016-02-23T17:28:00.000Z", "author_id": "385987530", "text": "Los que quedan detenidos son: Cristina L\u00f3pez de Polanco, Oscar Rivera, Yuri Ram\u00edrez , Jos\u00e9 Manuel Aguilera y  Jos\u00e9 Roberto Barilla Ar\u00e9valo"}, {"id": "702180818207244288", "edit_history_tweet_ids": ["702180818207244288"], "created_at": "2016-02-23T17:18:47.000Z", "author_id": "596585185", "text": "RT @PoliakMartin: Solidaridad con Manuel Sutherland, despedido d su cargo docente en la UBV Por: Roberto L\u00f3pez S\u00e1nchez @cruzcarrillo09 http\u2026"}, {"id": "702178519661424640", "edit_history_tweet_ids": ["702178519661424640"], "created_at": "2016-02-23T17:09:39.000Z", "author_id": "1228344499", "text": "Miguel L\u00f3pez ADESCO La Constancia |||, agradece el apoyo de @roberto_gochez y @gersonmop  por su nueva comunidad. https://t.co/jbw3LeG2i1"}, {"id": "702173530000117760", "edit_history_tweet_ids": ["702173530000117760"], "created_at": "2016-02-23T16:49:49.000Z", "author_id": "147958998", "text": "RT @socialistaabel: Solidaridad con Manuel Sutherland, despedido de su cargo docente en la UBV Roberto L\u00f3pez S\u00e1nchez @cruzcarrillo09 https:\u2026"}, {"id": "702172201437556736", "edit_history_tweet_ids": ["702172201437556736"], "created_at": "2016-02-23T16:44:33.000Z", "author_id": "241625397", "text": "Solidaridad con Manuel Sutherland, despedido de su cargo docente en la UBV Roberto L\u00f3pez S\u00e1nchez @cruzcarrillo09 https://t.co/eSL0cUhPxS"}, {"id": "702168737588203520", "edit_history_tweet_ids": ["702168737588203520"], "created_at": "2016-02-23T16:30:47.000Z", "author_id": "4167681077", "text": "Solidaridad con Manuel Sutherland, despedido de UBV - Roberto L\u00f3pez S @cruzcarrillo09 https://t.co/2Hj5eqABi0\u00a0\u2026..."}, {"id": "702168736761933824", "edit_history_tweet_ids": ["702168736761933824"], "created_at": "2016-02-23T16:30:47.000Z", "author_id": "4167260301", "text": "Solidaridad con Manuel Sutherland, despedido de UBV - Roberto L\u00f3pez S @cruzcarrillo09 https://t.co/TZ86v0ifZM\u00a0\u2026..."}, {"id": "702168736719998976", "edit_history_tweet_ids": ["702168736719998976"], "created_at": "2016-02-23T16:30:47.000Z", "author_id": "186108930", "text": "Solidaridad con Manuel Sutherland, despedido de UBV - Roberto L\u00f3pez S @cruzcarrillo09 https://t.co/h15nHdCdRw\u00a0\u2026..."}, {"id": "702168736506073090", "edit_history_tweet_ids": ["702168736506073090"], "created_at": "2016-02-23T16:30:47.000Z", "author_id": "4167382115", "text": "Solidaridad con Manuel Sutherland, despedido de UBV - Roberto L\u00f3pez S @cruzcarrillo09 https://t.co/msnwlD4bwt\u00a0\u2026..."}, {"id": "702168733356158977", "edit_history_tweet_ids": ["702168733356158977"], "created_at": "2016-02-23T16:30:46.000Z", "author_id": "2371942326", "text": "Solidaridad con Manuel Sutherland, despedido de UBV - Roberto L\u00f3pez S @cruzcarrillo09 https://t.co/8hfFVsNa65\u00a0\u2026..."}, {"id": "702168732861222912", "edit_history_tweet_ids": ["702168732861222912"], "created_at": "2016-02-23T16:30:46.000Z", "author_id": "2372188286", "text": "Solidaridad con Manuel Sutherland, despedido de UBV - Roberto L\u00f3pez S @cruzcarrillo09 https://t.co/6yKSb44RDk\u00a0\u2026..."}, {"id": "702164648829661185", "edit_history_tweet_ids": ["702164648829661185"], "created_at": "2016-02-23T16:14:32.000Z", "author_id": "4926386419", "text": "@Adela_Micha a los camiones pasaje nada les revisa se llama roberto lopez santoyo"}, {"id": "702160473328902144", "edit_history_tweet_ids": ["702160473328902144"], "created_at": "2016-02-23T15:57:57.000Z", "author_id": "203663303", "text": "Retweeted jose miled lopez (@miletovich):\n\nRetweeted Roberto Pi\u00f1on (@envidiadetodos):\n\nRetweeted Diana Verduzco... https://t.co/Wmkscs6jzW"}, {"id": "702154375444168704", "edit_history_tweet_ids": ["702154375444168704"], "created_at": "2016-02-23T15:33:43.000Z", "author_id": "278241075", "text": "Buscan a Roberto Romero L\u00f3pez en 190 pa\u00edses - https://t.co/afbDIgWDqz h ... https://t.co/zWtlomhv1R"}, {"id": "702152198453600257", "edit_history_tweet_ids": ["702152198453600257"], "created_at": "2016-02-23T15:25:04.000Z", "author_id": "844020098", "text": "Solidaridad con Manuel Sutherland, despedido de su cargo docente en la UBV - Por: Roberto L\u00f3pez S. @cruzcarrillo09 https://t.co/IAM5LZMwB3"}, {"id": "702151910942449664", "edit_history_tweet_ids": ["702151910942449664"], "created_at": "2016-02-23T15:23:55.000Z", "author_id": "596585185", "text": "Solidaridad con Manuel Sutherland, despedido de su cargo docente en la UBV: Roberto L\u00f3pez S\u00e1nchez @cruzcarrillo09 https://t.co/ZCOkNOqeq6"}, {"id": "702146349131657216", "edit_history_tweet_ids": ["702146349131657216"], "created_at": "2016-02-23T15:01:49.000Z", "author_id": "2372188286", "text": "Solidaridad con Manuel Sutherland, despedido de UBV - Roberto L\u00f3pez S @cruzcarrillo09 https://t.co/6yKSb44RDk..."}, {"id": "702146348825456640", "edit_history_tweet_ids": ["702146348825456640"], "created_at": "2016-02-23T15:01:49.000Z", "author_id": "186108930", "text": "Solidaridad con Manuel Sutherland, despedido de UBV - Roberto L\u00f3pez S @cruzcarrillo09 https://t.co/h15nHdCdRw..."}, {"id": "702146348515086337", "edit_history_tweet_ids": ["702146348515086337"], "created_at": "2016-02-23T15:01:49.000Z", "author_id": "4167681077", "text": "Solidaridad con Manuel Sutherland, despedido de UBV - Roberto L\u00f3pez S @cruzcarrillo09 https://t.co/2Hj5eqABi0..."}, {"id": "702146348276019201", "edit_history_tweet_ids": ["702146348276019201"], "created_at": "2016-02-23T15:01:49.000Z", "author_id": "4167260301", "text": "Solidaridad con Manuel Sutherland, despedido de UBV - Roberto L\u00f3pez S @cruzcarrillo09 https://t.co/TZ86v0ifZM..."}, {"id": "702146348133429248", "edit_history_tweet_ids": ["702146348133429248"], "created_at": "2016-02-23T15:01:49.000Z", "author_id": "4167382115", "text": "Solidaridad con Manuel Sutherland, despedido de UBV - Roberto L\u00f3pez S @cruzcarrillo09 https://t.co/msnwlD4bwt..."}, {"id": "702146347168739328", "edit_history_tweet_ids": ["702146347168739328"], "created_at": "2016-02-23T15:01:49.000Z", "author_id": "2371942326", "text": "Solidaridad con Manuel Sutherland, despedido de UBV - Roberto L\u00f3pez S @cruzcarrillo09 https://t.co/8hfFVsNa65..."}, {"id": "702144860724318208", "edit_history_tweet_ids": ["702144860724318208"], "created_at": "2016-02-23T14:55:54.000Z", "author_id": "1656222236", "text": "Solidaridad con Manuel Sutherland, despedido d su cargo docente en la UBV Por: Roberto L\u00f3pez S\u00e1nchez @cruzcarrillo09 https://t.co/qsCTI2KlTY"}, {"id": "702141824236969984", "edit_history_tweet_ids": ["702141824236969984"], "created_at": "2016-02-23T14:43:50.000Z", "author_id": "186108930", "text": "RT @GonzaloAporrea: Solidaridad con Manuel Sutherland, despedido de UBV - Roberto L\u00f3pez S @cruzcarrillo09 https://t.co/kSG4sO09Uu \u00bfPor demo\u2026"}, {"id": "702140902177906689", "edit_history_tweet_ids": ["702140902177906689"], "created_at": "2016-02-23T14:40:10.000Z", "author_id": "383368770", "text": "Solidaridad con Manuel Sutherland, despedido de su cargo docente en la UBV: Roberto L\u00f3pez S\u00e1nchez @cruzcarrillo09 https://t.co/g6qGAzcNJM"}, {"id": "702140394738470912", "edit_history_tweet_ids": ["702140394738470912"], "created_at": "2016-02-23T14:38:09.000Z", "author_id": "112347894", "text": "Solidaridad con Manuel Sutherland, despedido de UBV - Roberto L\u00f3pez @cruzcarrillo09 https://t.co/kSG4sO09Uu \u00bfStalinismo acad\u00e9mico?"}, {"id": "702140252757082112", "edit_history_tweet_ids": ["702140252757082112"], "created_at": "2016-02-23T14:37:36.000Z", "author_id": "112347894", "text": "Solidaridad con Manuel Sutherland, despedido UBV - Roberto L\u00f3pez @cruzcarrillo09 https://t.co/kSG4sO09Uu Si investigas y denuncias te purgan"}, {"id": "702140116488339456", "edit_history_tweet_ids": ["702140116488339456"], "created_at": "2016-02-23T14:37:03.000Z", "author_id": "534403031", "text": "RT @GonzaloAporrea: Solidaridad con Manuel Sutherland, despedido de UBV - Roberto L\u00f3pez S @cruzcarrillo09 https://t.co/kSG4sO09Uu \u00bfPor demo\u2026"}, {"id": "702139985919664128", "edit_history_tweet_ids": ["702139985919664128"], "created_at": "2016-02-23T14:36:32.000Z", "author_id": "112347894", "text": "Solidaridad con Manuel Sutherland, despedido de UBV - Roberto L\u00f3pez S @cruzcarrillo09 https://t.co/kSG4sO09Uu \u00bfPor demostrar fuga capitales?"}, {"id": "702139463212908545", "edit_history_tweet_ids": ["702139463212908545"], "created_at": "2016-02-23T14:34:27.000Z", "author_id": "137893841", "text": "Solidaridad con Manuel Sutherland,despedido de cargo docente en la UBV - Por: Roberto L\u00f3pez S\u00e1nchez @cruzcarrillo09 https://t.co/lcf2NKgMAe"}, {"id": "702138711564222464", "edit_history_tweet_ids": ["702138711564222464"], "created_at": "2016-02-23T14:31:28.000Z", "author_id": "141426649", "text": "Solidaridad con Manuel Sutherland, despedido de su cargo docente en la UBV - Por: Roberto L\u00f3pez S\u00e1nchez @cruzcarrillo09 http://www.aporrea."}, {"id": "702137311493021697", "edit_history_tweet_ids": ["702137311493021697"], "created_at": "2016-02-23T14:25:54.000Z", "author_id": "456718188", "text": "RT @aporrea: #Opini\u00f3n Solidaridad con Manuel Sutherland, despedido de su cargo docente en la UBV Por: Roberto L\u00f3pez ... https://t.co/dw66vc\u2026"}, {"id": "702135965679296512", "edit_history_tweet_ids": ["702135965679296512"], "created_at": "2016-02-23T14:20:33.000Z", "author_id": "106891797", "text": "#Opini\u00f3n Solidaridad con Manuel Sutherland, despedido de su cargo docente en la UBV Por: Roberto L\u00f3pez ... https://t.co/dw66vcYepJ"}, {"id": "702131731332108288", "edit_history_tweet_ids": ["702131731332108288"], "created_at": "2016-02-23T14:03:44.000Z", "author_id": "469852538", "text": "#CEI: Solidaridad con Manuel Sutherland, despedido de su cargo docente en la UBV Por: Roberto L\u00f3pez ... https://t.co/7QStgt8ATA"}, {"id": "702131717641891840", "edit_history_tweet_ids": ["702131717641891840"], "created_at": "2016-02-23T14:03:41.000Z", "author_id": "195229043", "text": "Solidaridad con Manuel Sutherland, despedido de su cargo docente en la UBV Por: Roberto L\u00f3pez ...: Nota: Antes... https://t.co/JiE4Vv7yez"}, {"id": "702125627944493056", "edit_history_tweet_ids": ["702125627944493056"], "created_at": "2016-02-23T13:39:29.000Z", "author_id": "305343743", "text": "Regional Medals: \nAngel Lozano \nRoberto Lopez Noguez\nDeamonta Harrell\nRosa Gomez\nKairon Deschamps (2)\nPaola Morales\nJaylen Moss\n1/"}, {"id": "702122708457238528", "edit_history_tweet_ids": ["702122708457238528"], "created_at": "2016-02-23T13:27:53.000Z", "author_id": "135526832", "text": "CONTEXTO POLITICO\nRoberto P\u00c9REZ L\u00d3PEZ\nINMINENTE JUBILACI\u00d3N DE RHT \nLos d\u00edas est\u00e1n contado para el vetusto y... https://t.co/TbgXEANlNL"}, {"id": "702097594097381376", "edit_history_tweet_ids": ["702097594097381376"], "created_at": "2016-02-23T11:48:05.000Z", "author_id": "1608590654", "text": "Apoyemos los blogs #literarios: ROBERTO L\u00d3PEZ-HERRERO de @ElExpecial en https://t.co/hRQn5PXHAI"}, {"id": "701998083668836353", "edit_history_tweet_ids": ["701998083668836353"], "created_at": "2016-02-23T05:12:40.000Z", "author_id": "1615700767", "text": "CONTINUAN REGISTROS DE PANISTAS MAZATLECOS.\n- Roberto Osuna y Salvador Garc\u00eda por el 22.\n- Loar L\u00f3pez por el 21 y... https://t.co/HkV4y0qDsS"}, {"id": "701978146778689537", "edit_history_tweet_ids": ["701978146778689537"], "created_at": "2016-02-23T03:53:26.000Z", "author_id": "4919003486", "text": "RT @Fuentedeamorbx: Nuestro nuevo Pastor Roselyn Roberto Lopez es ungido y asi se compromete a ser nuestro nuevo pastor y seguir la... http\u2026"}, {"id": "701973214470258690", "edit_history_tweet_ids": ["701973214470258690"], "created_at": "2016-02-23T03:33:51.000Z", "author_id": "701697492753068032", "text": "Bienvenida a ADRIANA LOPEZ apoyando a @roberto__tapia desde SANTA\u2026 https://t.co/gh8aSwR7pG"}, {"id": "701965046885314560", "edit_history_tweet_ids": ["701965046885314560"], "created_at": "2016-02-23T03:01:23.000Z", "author_id": "3022782373", "text": "#CerrandoElDia \u201c\u00bfHoy que toca vieja o viaje?\u201d Frase de Lopez Portillo, lee la columna de Roberto Mart\u00ednez | https://t.co/zQ25JaE63q"}, {"id": "701955712037990400", "edit_history_tweet_ids": ["701955712037990400"], "created_at": "2016-02-23T02:24:18.000Z", "author_id": "2390371830", "text": "te puedo refutar lo que dices en cuestion de seguridad mi estimado Roberto L\u00f3pez Lara @RobertoLopezJal https://t.co/JAN1tBgUg9"}, {"id": "701945558437642240", "edit_history_tweet_ids": ["701945558437642240"], "created_at": "2016-02-23T01:43:57.000Z", "author_id": "2425987466", "text": "Jose Roberto Rojas Lopez https://t.co/V0N6L3DxQT"}, {"id": "701924172109324289", "edit_history_tweet_ids": ["701924172109324289"], "created_at": "2016-02-23T00:18:58.000Z", "author_id": "112293094", "text": "Capturan a investigador policial por extorsi\u00f3n Jaime L\u00f3pez\n\nEl agente Carlos Roberto Amaya fue \u00a0capturado este lun\u2026 https://t.co/k7ni41yMwG"}], "meta": {"newest_id": "702423570866159616", "oldest_id": "701924172109324289", "result_count": 91}}