{"data": [{"id": "702621248237518848", "created_at": "2016-02-24T22:28:54.000Z", "author_id": "4861428072", "text": "#TCMouras | Duplas\nMaximiliano L\u00f3pez - Jos\u00e9 Savino\nRoberto Videle - Juan Pablo Gianini\n@JuantoCatalan - @patosilvasport", "edit_history_tweet_ids": ["702621248237518848"]}, {"id": "702620117897748480", "created_at": "2016-02-24T22:24:24.000Z", "author_id": "952358060", "text": "RT @El_Antesalista: #WBC2017 | Omar Vizquel define su cuerpo t\u00e9cnico. \n\nRoberto Espinoza (Picheo)\nOmar L\u00f3pez (1B)\nCarlos Garc\u00eda (3B)\nHenry \u2026", "edit_history_tweet_ids": ["702620117897748480"]}, {"id": "702619765236441088", "created_at": "2016-02-24T22:23:00.000Z", "author_id": "336768110", "text": "RT @Vboccone: Omar Vizquel: \"Roberto Espinoza ser\u00e1 el coach de pitcheo; Omar L\u00f3pez, 1era, Carlos Garc\u00eda, 3era y Henry Blanco, bullpen\" #Ven\u2026", "edit_history_tweet_ids": ["702619765236441088"]}, {"id": "702618018187186183", "created_at": "2016-02-24T22:16:04.000Z", "author_id": "215436597", "text": "RT @El_Antesalista: #WBC2017 | Omar Vizquel define su cuerpo t\u00e9cnico. \n\nRoberto Espinoza (Picheo)\nOmar L\u00f3pez (1B)\nCarlos Garc\u00eda (3B)\nHenry \u2026", "edit_history_tweet_ids": ["702618018187186183"]}, {"id": "702617846396936193", "created_at": "2016-02-24T22:15:23.000Z", "author_id": "128813153", "text": "Roberto Espinoza coach de pitcheo, Eduardo P\u00e9rez,de banca, Omar L\u00f3pez en la primera, Carlos Garc\u00eda, en tercera, y Henry Blanco de bullpen", "edit_history_tweet_ids": ["702617846396936193"]}, {"id": "702616919690649600", "created_at": "2016-02-24T22:11:42.000Z", "author_id": "64328861", "text": "RT @El_Antesalista: #WBC2017 | Omar Vizquel define su cuerpo t\u00e9cnico. \n\nRoberto Espinoza (Picheo)\nOmar L\u00f3pez (1B)\nCarlos Garc\u00eda (3B)\nHenry \u2026", "edit_history_tweet_ids": ["702616919690649600"]}, {"id": "702615398286553088", "created_at": "2016-02-24T22:05:39.000Z", "author_id": "94620461", "text": "RT @Vboccone: Omar Vizquel: \"Roberto Espinoza ser\u00e1 el coach de pitcheo; Omar L\u00f3pez, 1era, Carlos Garc\u00eda, 3era y Henry Blanco, bullpen\" #Ven\u2026", "edit_history_tweet_ids": ["702615398286553088"]}, {"id": "702614069195440130", "created_at": "2016-02-24T22:00:22.000Z", "author_id": "2592254744", "text": "RT @LaParalelaBB: Omar Vizquel: \"Roberto Espinoza ser\u00e1 el coach de pitcheo; Omar L\u00f3pez, 1B, Carlos Garc\u00eda, 3B y Henry Blanco, bullpen\" #CMB\u2026", "edit_history_tweet_ids": ["702614069195440130"]}, {"id": "702613876819546112", "created_at": "2016-02-24T21:59:36.000Z", "author_id": "138786754", "text": "RT @Vboccone: Omar Vizquel: \"Roberto Espinoza ser\u00e1 el coach de pitcheo; Omar L\u00f3pez, 1era, Carlos Garc\u00eda, 3era y Henry Blanco, bullpen\" #Ven\u2026", "edit_history_tweet_ids": ["702613876819546112"]}, {"id": "702612292098256896", "created_at": "2016-02-24T21:53:18.000Z", "author_id": "2772762863", "text": "RT @cruzcarrillo09: Solidaridad con Manuel Sutherland, despedido de su cargo docente en la UBV - Por: Roberto L\u00f3pez  @cruzcarrillo09 https:\u2026", "edit_history_tweet_ids": ["702612292098256896"]}, {"id": "702611625824673792", "created_at": "2016-02-24T21:50:40.000Z", "author_id": "81960458", "text": "RT @Vboccone: Omar Vizquel: \"Roberto Espinoza ser\u00e1 el coach de pitcheo; Omar L\u00f3pez, 1era, Carlos Garc\u00eda, 3era y Henry Blanco, bullpen\" #Ven\u2026", "edit_history_tweet_ids": ["702611625824673792"]}, {"id": "702609604358885376", "created_at": "2016-02-24T21:42:38.000Z", "author_id": "170582621", "text": "RT @Vboccone: Omar Vizquel: \"Roberto Espinoza ser\u00e1 el coach de pitcheo; Omar L\u00f3pez, 1era, Carlos Garc\u00eda, 3era y Henry Blanco, bullpen\" #Ven\u2026", "edit_history_tweet_ids": ["702609604358885376"]}, {"id": "702609463342198784", "created_at": "2016-02-24T21:42:04.000Z", "author_id": "142035436", "text": "RT @McGriffie: Roberto Espinoza coach de pitcheo, Omar L\u00f3pez 1B, Carlos Garc\u00eda en 3B y Henry Blanco como coach de bullpen. V\u00eda @Vboccone", "edit_history_tweet_ids": ["702609463342198784"]}, {"id": "702608755956039680", "created_at": "2016-02-24T21:39:15.000Z", "author_id": "18456780", "text": "RT @TeamESA_: Roberto Carlos L\u00f3pez atleta #TeamESA #remo #JuntosporelSue\u00f1o #RumboaRio Cc @thetlez @WorldRowing @row2k @DonBisca https://t.c\u2026", "edit_history_tweet_ids": ["702608755956039680"]}, {"id": "702608186415702017", "created_at": "2016-02-24T21:37:00.000Z", "author_id": "130907993", "text": "RT @martinalfredo: Vizquel tendra a: Eduardo P\u00e9rez CB, Roberto Espinoza pitcheo, Omar L\u00f3pez 1B, Carlos Garc\u00eda 3B, Henry Blanco bullpen #Cla\u2026", "edit_history_tweet_ids": ["702608186415702017"]}, {"id": "702608113707425793", "created_at": "2016-02-24T21:36:42.000Z", "author_id": "339092602", "text": "RT @El_Antesalista: #WBC2017 | Omar Vizquel define su cuerpo t\u00e9cnico. \n\nRoberto Espinoza (Picheo)\nOmar L\u00f3pez (1B)\nCarlos Garc\u00eda (3B)\nHenry \u2026", "edit_history_tweet_ids": ["702608113707425793"]}, {"id": "702606034838429697", "created_at": "2016-02-24T21:28:27.000Z", "author_id": "195567123", "text": "RT @Vboccone: Omar Vizquel: \"Roberto Espinoza ser\u00e1 el coach de pitcheo; Omar L\u00f3pez, 1era, Carlos Garc\u00eda, 3era y Henry Blanco, bullpen\" #Ven\u2026", "edit_history_tweet_ids": ["702606034838429697"]}, {"id": "702604754048798720", "created_at": "2016-02-24T21:23:21.000Z", "author_id": "4338253835", "text": "#tenis Roberto Bautista y Feliciano L\u00f3pez, en cuartos de Dubai https://t.co/vrsW8L3vzi\n @SoccerArchiv", "edit_history_tweet_ids": ["702604754048798720"]}, {"id": "702603044492603392", "created_at": "2016-02-24T21:16:34.000Z", "author_id": "86855409", "text": "RT @McGriffie: Roberto Espinoza coach de pitcheo, Omar L\u00f3pez 1B, Carlos Garc\u00eda en 3B y Henry Blanco como coach de bullpen. V\u00eda @Vboccone", "edit_history_tweet_ids": ["702603044492603392"]}, {"id": "702602654099312641", "created_at": "2016-02-24T21:15:01.000Z", "author_id": "110017782", "text": "Vizquel tendra a: Eduardo P\u00e9rez CB, Roberto Espinoza pitcheo, Omar L\u00f3pez 1B, Carlos Garc\u00eda 3B, Henry Blanco bullpen #ClasicoMundialDeBeisbol", "edit_history_tweet_ids": ["702602654099312641"]}, {"id": "702601871136055296", "created_at": "2016-02-24T21:11:54.000Z", "author_id": "319242652", "text": "RT @Vboccone: Omar Vizquel: \"Roberto Espinoza ser\u00e1 el coach de pitcheo; Omar L\u00f3pez, 1era, Carlos Garc\u00eda, 3era y Henry Blanco, bullpen\" #Ven\u2026", "edit_history_tweet_ids": ["702601871136055296"]}, {"id": "702601364778704896", "created_at": "2016-02-24T21:09:53.000Z", "author_id": "912260982", "text": "RT @santosjorgeh: Denuncia penal contra Julio De Vido (MS) Es por fraude a la administraci\u00f3n p\u00fablica.Adem\u00e1s contra Roberto Baratta y Jos\u00e9 L\u2026", "edit_history_tweet_ids": ["702601364778704896"]}, {"id": "702601185484775424", "created_at": "2016-02-24T21:09:10.000Z", "author_id": "54361405", "text": "RT @McGriffie: Roberto Espinoza coach de pitcheo, Omar L\u00f3pez 1B, Carlos Garc\u00eda en 3B y Henry Blanco como coach de bullpen. V\u00eda @Vboccone", "edit_history_tweet_ids": ["702601185484775424"]}, {"id": "702600629563346945", "created_at": "2016-02-24T21:06:58.000Z", "author_id": "165932429", "text": "RT @Vboccone: Omar Vizquel: \"Roberto Espinoza ser\u00e1 el coach de pitcheo; Omar L\u00f3pez, 1era, Carlos Garc\u00eda, 3era y Henry Blanco, bullpen\" #Ven\u2026", "edit_history_tweet_ids": ["702600629563346945"]}, {"id": "702600161470652416", "created_at": "2016-02-24T21:05:06.000Z", "author_id": "1631142768", "text": "Roberto Espinoza coach de pitcheo, Omar L\u00f3pez 1B, Carlos Garc\u00eda en 3B y Henry Blanco como coach de bullpen. V\u00eda @Vboccone", "edit_history_tweet_ids": ["702600161470652416"]}, {"id": "702593914008686594", "created_at": "2016-02-24T20:40:17.000Z", "author_id": "112528211", "text": "RT @Vboccone: Omar Vizquel: \"Roberto Espinoza ser\u00e1 el coach de pitcheo; Omar L\u00f3pez, 1era, Carlos Garc\u00eda, 3era y Henry Blanco, bullpen\" #Ven\u2026", "edit_history_tweet_ids": ["702593914008686594"]}, {"id": "702593785574912005", "created_at": "2016-02-24T20:39:46.000Z", "author_id": "162851911", "text": "RT @santosjorgeh: Denuncia penal contra Julio De Vido (MS) Es por fraude a la administraci\u00f3n p\u00fablica.Adem\u00e1s contra Roberto Baratta y Jos\u00e9 L\u2026", "edit_history_tweet_ids": ["702593785574912005"]}, {"id": "702592555674955776", "created_at": "2016-02-24T20:34:53.000Z", "author_id": "43786549", "text": "RT @Vboccone: Omar Vizquel: \"Roberto Espinoza ser\u00e1 el coach de pitcheo; Omar L\u00f3pez, 1era, Carlos Garc\u00eda, 3era y Henry Blanco, bullpen\" #Ven\u2026", "edit_history_tweet_ids": ["702592555674955776"]}, {"id": "702591765845569537", "created_at": "2016-02-24T20:31:45.000Z", "author_id": "1390600814", "text": "Intervenci\u00f3n tipogr\u00e1fica /Luis Alonso. Por Roberto L\u00f3pez Flores: https://t.co/owqoEjon2W", "edit_history_tweet_ids": ["702591765845569537"]}, {"id": "702591579601686528", "created_at": "2016-02-24T20:31:00.000Z", "author_id": "1323668552", "text": "RT @santosjorgeh: Denuncia penal contra Julio De Vido (MS) Es por fraude a la administraci\u00f3n p\u00fablica.Adem\u00e1s contra Roberto Baratta y Jos\u00e9 L\u2026", "edit_history_tweet_ids": ["702591579601686528"]}, {"id": "702591226894225409", "created_at": "2016-02-24T20:29:36.000Z", "author_id": "1487442121", "text": "RT @santosjorgeh: Denuncia penal contra Julio De Vido (MS) Es por fraude a la administraci\u00f3n p\u00fablica.Adem\u00e1s contra Roberto Baratta y Jos\u00e9 L\u2026", "edit_history_tweet_ids": ["702591226894225409"]}, {"id": "702590616052563972", "created_at": "2016-02-24T20:27:11.000Z", "author_id": "337917553", "text": "RT @santosjorgeh: Denuncia penal contra Julio De Vido (MS) Es por fraude a la administraci\u00f3n p\u00fablica.Adem\u00e1s contra Roberto Baratta y Jos\u00e9 L\u2026", "edit_history_tweet_ids": ["702590616052563972"]}, {"id": "702590239856984064", "created_at": "2016-02-24T20:25:41.000Z", "author_id": "409346881", "text": "Retweeted Lino Manuel Lopez (@LinoManuelLopez):\n\n@_roberto2012: \u201cEn Guaicaipuro recolectaremos firmas para... https://t.co/PmfOntnyyV", "edit_history_tweet_ids": ["702590239856984064"]}, {"id": "702589949170700289", "created_at": "2016-02-24T20:24:32.000Z", "author_id": "176508898", "text": "RT @santosjorgeh: Denuncia penal contra Julio De Vido (MS) Es por fraude a la administraci\u00f3n p\u00fablica.Adem\u00e1s contra Roberto Baratta y Jos\u00e9 L\u2026", "edit_history_tweet_ids": ["702589949170700289"]}, {"id": "702589752428535808", "created_at": "2016-02-24T20:23:45.000Z", "author_id": "1938220472", "text": "Eduardo P\u00e9rez, Roberto Espinoza, Henry Blanco, Omar L\u00f3pez y Carlos Garc\u00eda ser\u00e1n los coach que ayudaran a Vizquel https://t.co/FaXxS2eA6b", "edit_history_tweet_ids": ["702589752428535808"]}, {"id": "702589669448540160", "created_at": "2016-02-24T20:23:25.000Z", "author_id": "4013935395", "text": "RT @santosjorgeh: Denuncia penal contra Julio De Vido (MS) Es por fraude a la administraci\u00f3n p\u00fablica.Adem\u00e1s contra Roberto Baratta y Jos\u00e9 L\u2026", "edit_history_tweet_ids": ["702589669448540160"]}, {"id": "702589638146441221", "created_at": "2016-02-24T20:23:17.000Z", "author_id": "791758832", "text": "RT @santosjorgeh: Denuncia penal contra Julio De Vido (MS) Es por fraude a la administraci\u00f3n p\u00fablica.Adem\u00e1s contra Roberto Baratta y Jos\u00e9 L\u2026", "edit_history_tweet_ids": ["702589638146441221"]}, {"id": "702589257437859840", "created_at": "2016-02-24T20:21:47.000Z", "author_id": "290671142", "text": "RT @santosjorgeh: Denuncia penal contra Julio De Vido (MS) Es por fraude a la administraci\u00f3n p\u00fablica.Adem\u00e1s contra Roberto Baratta y Jos\u00e9 L\u2026", "edit_history_tweet_ids": ["702589257437859840"]}, {"id": "702587500288671744", "created_at": "2016-02-24T20:14:48.000Z", "author_id": "200710475", "text": "RT @santosjorgeh: Denuncia penal contra Julio De Vido (MS) Es por fraude a la administraci\u00f3n p\u00fablica.Adem\u00e1s contra Roberto Baratta y Jos\u00e9 L\u2026", "edit_history_tweet_ids": ["702587500288671744"]}, {"id": "702587492768292864", "created_at": "2016-02-24T20:14:46.000Z", "author_id": "231596926", "text": "RT @santosjorgeh: Denuncia penal contra Julio De Vido (MS) Es por fraude a la administraci\u00f3n p\u00fablica.Adem\u00e1s contra Roberto Baratta y Jos\u00e9 L\u2026", "edit_history_tweet_ids": ["702587492768292864"]}, {"id": "702587345586012160", "created_at": "2016-02-24T20:14:11.000Z", "author_id": "213840361", "text": "Denuncia penal contra Julio De Vido (MS) Es por fraude a la administraci\u00f3n p\u00fablica.Adem\u00e1s contra Roberto Baratta y Jos\u00e9 L\u00f3pez, cercanos a DV", "edit_history_tweet_ids": ["702587345586012160"]}, {"id": "702585946886184960", "created_at": "2016-02-24T20:08:37.000Z", "author_id": "746270672", "text": "Felicitamos a nuestro capit\u00e1n Roberto Lopez que logr\u00f3 llegar hasta la tercera ronda en idarb. Excelente trabajo... https://t.co/S7I5jxkpZt", "edit_history_tweet_ids": ["702585946886184960"]}, {"id": "702584564145852416", "created_at": "2016-02-24T20:03:08.000Z", "author_id": "90203517", "text": "RT @El_Antesalista: #WBC2017 | Omar Vizquel define su cuerpo t\u00e9cnico. \n\nRoberto Espinoza (Picheo)\nOmar L\u00f3pez (1B)\nCarlos Garc\u00eda (3B)\nHenry \u2026", "edit_history_tweet_ids": ["702584564145852416"]}, {"id": "702581983898021889", "created_at": "2016-02-24T19:52:52.000Z", "author_id": "67153643", "text": "@VizquelOmar13 define CT de #Venezuela al #CMB #WBC:\n\nRoberto Espinoza (Picheo)\nOmar L\u00f3pez (1B)\nCarlos Garc\u00eda (3B)\nHenry Blanco (Bullpen)", "edit_history_tweet_ids": ["702581983898021889"]}, {"id": "702575806313324544", "created_at": "2016-02-24T19:28:20.000Z", "author_id": "125198354", "text": "Solidaridad con Manuel Sutherland, despedido de su cargo docente en la UBV - Por: Roberto L\u00f3pez S\u00e1nchez @cruzcarrill https://t.co/Mczt4EhiDd", "edit_history_tweet_ids": ["702575806313324544"]}, {"id": "702571004606988288", "created_at": "2016-02-24T19:09:15.000Z", "author_id": "4563700396", "text": "RT @Vboccone: Omar Vizquel: \"Roberto Espinoza ser\u00e1 el coach de pitcheo; Omar L\u00f3pez, 1era, Carlos Garc\u00eda, 3era y Henry Blanco, bullpen\" #Ven\u2026", "edit_history_tweet_ids": ["702571004606988288"]}, {"id": "702568732430831616", "created_at": "2016-02-24T19:00:13.000Z", "author_id": "2955946804", "text": "RT @Vboccone: Omar Vizquel: \"Roberto Espinoza ser\u00e1 el coach de pitcheo; Omar L\u00f3pez, 1era, Carlos Garc\u00eda, 3era y Henry Blanco, bullpen\" #Ven\u2026", "edit_history_tweet_ids": ["702568732430831616"]}, {"id": "702567859457814529", "created_at": "2016-02-24T18:56:45.000Z", "author_id": "143503531", "text": "RT @Vboccone: Omar Vizquel: \"Roberto Espinoza ser\u00e1 el coach de pitcheo; Omar L\u00f3pez, 1era, Carlos Garc\u00eda, 3era y Henry Blanco, bullpen\" #Ven\u2026", "edit_history_tweet_ids": ["702567859457814529"]}, {"id": "702567402874261504", "created_at": "2016-02-24T18:54:56.000Z", "author_id": "128244828", "text": "Eduardo P\u00e9rez, Roberto Espinoza, Henry Blanco, Omar L\u00f3pez y Carlos Garc\u00eda forman el cuerpo tecnico de #Venezuela para el Clasico de Beisbol", "edit_history_tweet_ids": ["702567402874261504"]}, {"id": "702567171566735360", "created_at": "2016-02-24T18:54:01.000Z", "author_id": "58118785", "text": "RT @LaParalelaBB: Omar Vizquel: \"Roberto Espinoza ser\u00e1 el coach de pitcheo; Omar L\u00f3pez, 1B, Carlos Garc\u00eda, 3B y Henry Blanco, bullpen\" #CMB\u2026", "edit_history_tweet_ids": ["702567171566735360"]}, {"id": "702566141273751552", "created_at": "2016-02-24T18:49:55.000Z", "author_id": "155605131", "text": "\u201cE P\u00e9rez coach de banca, Roberto Espinoza coach del pitcheo, Omar L\u00f3pez coach de 1B,  Carlos Garc\u00eda coach 3B,  Henry Blanco coach de bullpen", "edit_history_tweet_ids": ["702566141273751552"]}, {"id": "702563625869942784", "created_at": "2016-02-24T18:39:56.000Z", "author_id": "238663887", "text": "RT @LaParalelaBB: Omar Vizquel: \"Roberto Espinoza ser\u00e1 el coach de pitcheo; Omar L\u00f3pez, 1B, Carlos Garc\u00eda, 3B y Henry Blanco, bullpen\" #CMB\u2026", "edit_history_tweet_ids": ["702563625869942784"]}, {"id": "702563257425510402", "created_at": "2016-02-24T18:38:28.000Z", "author_id": "2174916393", "text": "Omar Vizquel: \"Roberto Espinoza ser\u00e1 el coach de pitcheo; Omar L\u00f3pez, 1B, Carlos Garc\u00eda, 3B y Henry Blanco, bullpen\" #CMB via @Vboccone", "edit_history_tweet_ids": ["702563257425510402"]}, {"id": "702562195167698945", "created_at": "2016-02-24T18:34:14.000Z", "author_id": "104623135", "text": "RT @Vboccone: Omar Vizquel: \"Roberto Espinoza ser\u00e1 el coach de pitcheo; Omar L\u00f3pez, 1era, Carlos Garc\u00eda, 3era y Henry Blanco, bullpen\" #Ven\u2026", "edit_history_tweet_ids": ["702562195167698945"]}, {"id": "702560671821664257", "created_at": "2016-02-24T18:28:11.000Z", "author_id": "247102628", "text": "RT @El_Antesalista: #WBC2017 | Omar Vizquel define su cuerpo t\u00e9cnico. \n\nRoberto Espinoza (Picheo)\nOmar L\u00f3pez (1B)\nCarlos Garc\u00eda (3B)\nHenry \u2026", "edit_history_tweet_ids": ["702560671821664257"]}, {"id": "702559831585071105", "created_at": "2016-02-24T18:24:51.000Z", "author_id": "3382257922", "text": "#WBC2017 | Omar Vizquel define su cuerpo t\u00e9cnico. \n\nRoberto Espinoza (Picheo)\nOmar L\u00f3pez (1B)\nCarlos Garc\u00eda (3B)\nHenry Blanco (Bullpen)", "edit_history_tweet_ids": ["702559831585071105"]}, {"id": "702555588534910976", "created_at": "2016-02-24T18:07:59.000Z", "author_id": "249938808", "text": "RT @Vboccone: Omar Vizquel: \"Roberto Espinoza ser\u00e1 el coach de pitcheo; Omar L\u00f3pez, 1era, Carlos Garc\u00eda, 3era y Henry Blanco, bullpen\" #Ven\u2026", "edit_history_tweet_ids": ["702555588534910976"]}, {"id": "702555264038395904", "created_at": "2016-02-24T18:06:42.000Z", "author_id": "132372585", "text": "RT @Vboccone: Omar Vizquel: \"Roberto Espinoza ser\u00e1 el coach de pitcheo; Omar L\u00f3pez, 1era, Carlos Garc\u00eda, 3era y Henry Blanco, bullpen\" #Ven\u2026", "edit_history_tweet_ids": ["702555264038395904"]}, {"id": "702554216582217728", "created_at": "2016-02-24T18:02:32.000Z", "author_id": "76088698", "text": "RT @Vboccone: Omar Vizquel: \"Roberto Espinoza ser\u00e1 el coach de pitcheo; Omar L\u00f3pez, 1era, Carlos Garc\u00eda, 3era y Henry Blanco, bullpen\" #Ven\u2026", "edit_history_tweet_ids": ["702554216582217728"]}, {"id": "702552278511853568", "created_at": "2016-02-24T17:54:50.000Z", "author_id": "214161810", "text": "RT @Vboccone: Omar Vizquel: \"Roberto Espinoza ser\u00e1 el coach de pitcheo; Omar L\u00f3pez, 1era, Carlos Garc\u00eda, 3era y Henry Blanco, bullpen\" #Ven\u2026", "edit_history_tweet_ids": ["702552278511853568"]}, {"id": "702552211981778944", "created_at": "2016-02-24T17:54:34.000Z", "author_id": "92297241", "text": "Roberto Bautista y Feliciano L\u00f3pez, en cuartos del #ATPDubai #tenis https://t.co/IslFjxEEo0 https://t.co/IpDlGRO3SE", "edit_history_tweet_ids": ["702552211981778944"]}, {"id": "702550067434098693", "created_at": "2016-02-24T17:46:03.000Z", "author_id": "114279948", "text": "RT @Vboccone: Omar Vizquel: \"Roberto Espinoza ser\u00e1 el coach de pitcheo; Omar L\u00f3pez, 1era, Carlos Garc\u00eda, 3era y Henry Blanco, bullpen\" #Ven\u2026", "edit_history_tweet_ids": ["702550067434098693"]}, {"id": "702549355790798848", "created_at": "2016-02-24T17:43:13.000Z", "author_id": "139454820", "text": "RT @Vboccone: Omar Vizquel: \"Roberto Espinoza ser\u00e1 el coach de pitcheo; Omar L\u00f3pez, 1era, Carlos Garc\u00eda, 3era y Henry Blanco, bullpen\" #Ven\u2026", "edit_history_tweet_ids": ["702549355790798848"]}, {"id": "702548746102566916", "created_at": "2016-02-24T17:40:48.000Z", "author_id": "4709852301", "text": "RT @Vboccone: Omar Vizquel: \"Roberto Espinoza ser\u00e1 el coach de pitcheo; Omar L\u00f3pez, 1era, Carlos Garc\u00eda, 3era y Henry Blanco, bullpen\" #Ven\u2026", "edit_history_tweet_ids": ["702548746102566916"]}, {"id": "702545283461283840", "created_at": "2016-02-24T17:27:02.000Z", "author_id": "156734377", "text": "RT @Vboccone: Omar Vizquel: \"Roberto Espinoza ser\u00e1 el coach de pitcheo; Omar L\u00f3pez, 1era, Carlos Garc\u00eda, 3era y Henry Blanco, bullpen\" #Ven\u2026", "edit_history_tweet_ids": ["702545283461283840"]}, {"id": "702544970708815873", "created_at": "2016-02-24T17:25:48.000Z", "author_id": "161837647", "text": "CT: Roberto Espinoza (Pitcheo), Eduardo P\u00e9rez (Coach de Banca), Omar L\u00f3pez (1ra Base), Carlos Garc\u00eda (3ra Base), Henry Blanco (Bullpen).", "edit_history_tweet_ids": ["702544970708815873"]}, {"id": "702543207708684289", "created_at": "2016-02-24T17:18:47.000Z", "author_id": "103904760", "text": "RT @Vboccone: Omar Vizquel: \"Roberto Espinoza ser\u00e1 el coach de pitcheo; Omar L\u00f3pez, 1era, Carlos Garc\u00eda, 3era y Henry Blanco, bullpen\" #Ven\u2026", "edit_history_tweet_ids": ["702543207708684289"]}, {"id": "702542863645745152", "created_at": "2016-02-24T17:17:25.000Z", "author_id": "136417243", "text": "RT @Vboccone: Omar Vizquel: \"Roberto Espinoza ser\u00e1 el coach de pitcheo; Omar L\u00f3pez, 1era, Carlos Garc\u00eda, 3era y Henry Blanco, bullpen\" #Ven\u2026", "edit_history_tweet_ids": ["702542863645745152"]}, {"id": "702542686394445824", "created_at": "2016-02-24T17:16:43.000Z", "author_id": "3023774637", "text": "Omar Vizquel: \"Roberto Espinoza  coach de pitcheo; Omar L\u00f3pez, 1era, Carlos Garc\u00eda, 3era y Henry Blanco, bullpen\" https://t.co/loqJPmSqdj", "edit_history_tweet_ids": ["702542686394445824"]}, {"id": "702541803900280832", "created_at": "2016-02-24T17:13:13.000Z", "author_id": "283320940", "text": "RT @Vboccone: Omar Vizquel: \"Roberto Espinoza ser\u00e1 el coach de pitcheo; Omar L\u00f3pez, 1era, Carlos Garc\u00eda, 3era y Henry Blanco, bullpen\" #Ven\u2026", "edit_history_tweet_ids": ["702541803900280832"]}, {"id": "702541763089702912", "created_at": "2016-02-24T17:13:03.000Z", "author_id": "138411726", "text": "RT @Vboccone: Omar Vizquel: \"Roberto Espinoza ser\u00e1 el coach de pitcheo; Omar L\u00f3pez, 1era, Carlos Garc\u00eda, 3era y Henry Blanco, bullpen\" #Ven\u2026", "edit_history_tweet_ids": ["702541763089702912"]}, {"id": "702541320515096576", "created_at": "2016-02-24T17:11:18.000Z", "author_id": "81484640", "text": "RT @Vboccone: Omar Vizquel: \"Roberto Espinoza ser\u00e1 el coach de pitcheo; Omar L\u00f3pez, 1era, Carlos Garc\u00eda, 3era y Henry Blanco, bullpen\" #Ven\u2026", "edit_history_tweet_ids": ["702541320515096576"]}, {"id": "702541297819770881", "created_at": "2016-02-24T17:11:12.000Z", "author_id": "205392202", "text": "RT @Vboccone: Omar Vizquel: \"Roberto Espinoza ser\u00e1 el coach de pitcheo; Omar L\u00f3pez, 1era, Carlos Garc\u00eda, 3era y Henry Blanco, bullpen\" #Ven\u2026", "edit_history_tweet_ids": ["702541297819770881"]}, {"id": "702541249564286976", "created_at": "2016-02-24T17:11:01.000Z", "author_id": "276617542", "text": "RT @Vboccone: Omar Vizquel: \"Roberto Espinoza ser\u00e1 el coach de pitcheo; Omar L\u00f3pez, 1era, Carlos Garc\u00eda, 3era y Henry Blanco, bullpen\" #Ven\u2026", "edit_history_tweet_ids": ["702541249564286976"]}, {"id": "702541221038825474", "created_at": "2016-02-24T17:10:54.000Z", "author_id": "1626293082", "text": "RT @Vboccone: Omar Vizquel: \"Roberto Espinoza ser\u00e1 el coach de pitcheo; Omar L\u00f3pez, 1era, Carlos Garc\u00eda, 3era y Henry Blanco, bullpen\" #Ven\u2026", "edit_history_tweet_ids": ["702541221038825474"]}, {"id": "702541110531465216", "created_at": "2016-02-24T17:10:27.000Z", "author_id": "145090775", "text": "RT @Vboccone: Omar Vizquel: \"Roberto Espinoza ser\u00e1 el coach de pitcheo; Omar L\u00f3pez, 1era, Carlos Garc\u00eda, 3era y Henry Blanco, bullpen\" #Ven\u2026", "edit_history_tweet_ids": ["702541110531465216"]}, {"id": "702540975005167617", "created_at": "2016-02-24T17:09:55.000Z", "author_id": "125850617", "text": "RT @Vboccone: Omar Vizquel: \"Roberto Espinoza ser\u00e1 el coach de pitcheo; Omar L\u00f3pez, 1era, Carlos Garc\u00eda, 3era y Henry Blanco, bullpen\" #Ven\u2026", "edit_history_tweet_ids": ["702540975005167617"]}, {"id": "702540879404396544", "created_at": "2016-02-24T17:09:32.000Z", "author_id": "78326413", "text": "Omar Vizquel: \"Roberto Espinoza ser\u00e1 el coach de pitcheo; Omar L\u00f3pez, 1era, Carlos Garc\u00eda, 3era y Henry Blanco, bullpen\" #Venezuela #CMB", "edit_history_tweet_ids": ["702540879404396544"]}, {"id": "702510918698201089", "created_at": "2016-02-24T15:10:29.000Z", "author_id": "746270672", "text": "Primera ronda: Roberto Lopez \nJuego: Just dance \nDesafortunadamente no pudimos ganar esta ronda. https://t.co/jqmNKLXLOp", "edit_history_tweet_ids": ["702510918698201089"]}, {"id": "702499780455337984", "created_at": "2016-02-24T14:26:14.000Z", "author_id": "2717493805", "text": "RT @RadardeMorelia: Los agr\u00f3nomos, brazo t\u00e9cnico de la #CNC: @RobertoC_LXXIII https://t.co/rwkUiLozUp @CNC_Michoacan @lupitastacruz https:/\u2026", "edit_history_tweet_ids": ["702499780455337984"]}, {"id": "702490607378366465", "created_at": "2016-02-24T13:49:47.000Z", "author_id": "142431245", "text": "Solidaridad con Manuel Sutherland, despedido de su cargo docente en la UBV-Por:Roberto L\u00f3pez S\u00e1nchez @cruzcarrillo09 https://t.co/teoaNNfoUz", "edit_history_tweet_ids": ["702490607378366465"]}, {"id": "702486305524084736", "created_at": "2016-02-24T13:32:41.000Z", "author_id": "58996217", "text": "Solidaridad con Manuel Sutherland, despedido de su cargo docente en la UBV - Roberto L\u00f3pez S\u00e1nchez @cruzcarrillo09 https://t.co/qTCMwAfU1j", "edit_history_tweet_ids": ["702486305524084736"]}, {"id": "702482457023516672", "created_at": "2016-02-24T13:17:23.000Z", "author_id": "283180324", "text": "Bautista arrasa a Chung y Feliciano L\u00f3pez ya espera a Djokovic en Dubai: Los tenistas espa\u00f1oles Roberto Bautis... https://t.co/xB6eVBxXAO", "edit_history_tweet_ids": ["702482457023516672"]}, {"id": "702479201983700992", "created_at": "2016-02-24T13:04:27.000Z", "author_id": "776591786", "text": "Solidaridad con Manuel Sutherland, despedido de su cargo docente en la UBV - Por: Roberto L\u00f3pez", "edit_history_tweet_ids": ["702479201983700992"]}, {"id": "702476006490300416", "created_at": "2016-02-24T12:51:45.000Z", "author_id": "2494166226", "text": "Solidaridad con Manuel Sutherland, despedido de su cargo docente en la UBV - Por: Roberto L\u00f3pez S. @cruzcarrillo09 https://t.co/iP3EiJD4vp", "edit_history_tweet_ids": ["702476006490300416"]}, {"id": "702473779277144064", "created_at": "2016-02-24T12:42:54.000Z", "author_id": "1321199472", "text": "Solidaridad con Manuel Sutherland, despedido de su cargo docente en la UBV - Roberto L\u00f3pez S\u00e1nchez @cruzcarrillo09 https://t.co/vOr5diHIsl", "edit_history_tweet_ids": ["702473779277144064"]}, {"id": "702460280224268288", "created_at": "2016-02-24T11:49:16.000Z", "author_id": "23558397", "text": "\"Bust of Roberto M. Lopez\" by Julie Lluch. Terra-cotta, Undated. #instagram #manila #art\u2026 https://t.co/d384pPgvLz", "edit_history_tweet_ids": ["702460280224268288"]}, {"id": "702459303085645825", "created_at": "2016-02-24T11:45:23.000Z", "author_id": "822944497", "text": "En el programa de hoy Roberto L\u00f3pez V\u00e1zquez hablar\u00e1 de \u201cPalabras envenenadas\u201d de Maite Carranza,\u2026 https://t.co/Ptg79yKSkS", "edit_history_tweet_ids": ["702459303085645825"]}, {"id": "702455204344569856", "created_at": "2016-02-24T11:29:06.000Z", "author_id": "34988315", "text": "RT @aporrea: #Opini\u00f3n Solidaridad con Manuel Sutherland, despedido de su cargo docente en la UBV Por: Roberto L\u00f3pez ... https://t.co/dw66vc\u2026", "edit_history_tweet_ids": ["702455204344569856"]}, {"id": "702428644153692161", "created_at": "2016-02-24T09:43:33.000Z", "author_id": "141066996", "text": "Solidaridad con Manuel Sutherland, despedido de su cargo docente en la UBV - Roberto L\u00f3pez S\u00e1nchez @cruzcarrillo09 https://t.co/eTA9sdAPOb", "edit_history_tweet_ids": ["702428644153692161"]}], "meta": {"newest_id": "702621248237518848", "oldest_id": "702428644153692161", "result_count": 90, "next_token": "1jzu9lk96gu5npw2xnn1ynl8l59afalhh476oo8q7bst"}}