{"data": [{"edit_history_tweet_ids": ["951235455927791616"], "text": "La actriz Susana Gonz\u00e1lez aclara la especulaci\u00f3n de que Eduardo Santamarina le fue infiel a Itat\u00ed Cantoral al enamorarse de ella.\nhttps://t.co/BpvkID5W8e https://t.co/jib8pAJfqW", "author_id": "1307625410", "created_at": "2018-01-10T23:33:00.000Z", "id": "951235455927791616"}, {"edit_history_tweet_ids": ["951234517414670337"], "text": "Eduardo Gonzalez-sanchez, MD https://t.co/Bm3g1IYguf", "author_id": "893546935835140097", "created_at": "2018-01-10T23:29:16.000Z", "id": "951234517414670337"}, {"edit_history_tweet_ids": ["951233969181331456"], "text": "https://t.co/T5W1EgsrxZ", "author_id": "2729495402", "created_at": "2018-01-10T23:27:05.000Z", "id": "951233969181331456"}, {"edit_history_tweet_ids": ["951219407551979521"], "text": "@NorahSuarez Buenas tardes Sra. Norah, soy Andre\u00edna Gonz\u00e1lez, productora del programa de Eduardo Rodr\u00edguez. Deseamos entrevistarla en estudio. C\u00f3mo podemos contactarla?", "author_id": "90997335", "created_at": "2018-01-10T22:29:14.000Z", "id": "951219407551979521"}, {"edit_history_tweet_ids": ["951214455408427008"], "text": "Eduardo Gonzalez que se siente tenerme como amiga eh \ud83d\ude0a\ud83d\ude02 https://t.co/3tmgY9XTTN", "author_id": "962756214", "created_at": "2018-01-10T22:09:33.000Z", "id": "951214455408427008"}, {"edit_history_tweet_ids": ["951201477522894848"], "text": "Asume Eduardo Lemmen Meyer Gonz\u00e1lez titularidad de nueva dependencia https://t.co/22OQ2UzJCB", "author_id": "249369473", "created_at": "2018-01-10T21:17:59.000Z", "id": "951201477522894848"}, {"edit_history_tweet_ids": ["951200492427862017"], "text": "Asume Eduardo Lemmen Meyer Gonz\u00e1lez titularidad de nueva dependencia &gt; https://t.co/77dhkzc0lV https://t.co/uVqGBJrCtY", "author_id": "482200540", "created_at": "2018-01-10T21:14:04.000Z", "id": "951200492427862017"}, {"edit_history_tweet_ids": ["951184625380069376"], "text": "RT @centralinfoTV: Asume @EduardoLemmen1 titularidad de nueva dependencia \u27a1\ufe0fhttps://t.co/WSpusLQLPY @VisitHermosillo @MaloroAcosta @Hermosi\u2026", "author_id": "193159354", "created_at": "2018-01-10T20:11:01.000Z", "id": "951184625380069376"}, {"edit_history_tweet_ids": ["951182370274766849"], "text": "Asume Eduardo Lemmen Meyer Gonz\u00e1lez titularidad de nueva dependencia https://t.co/22OQ2URl1b", "author_id": "249369473", "created_at": "2018-01-10T20:02:03.000Z", "id": "951182370274766849"}, {"edit_history_tweet_ids": ["951171291377258500"], "text": "El hueco en la cama de Luis Eduardo Gonz\u00e1lez. Un proyectil lo conden\u00f3 a perder la extremidad y lo oblig\u00f3 a renacer https://t.co/F4lnkq3w2t https://t.co/cnhG4WMcYQ", "author_id": "157179541", "created_at": "2018-01-10T19:18:02.000Z", "id": "951171291377258500"}, {"edit_history_tweet_ids": ["951166524571701248"], "text": "Asume @EduardoLemmen1 titularidad de nueva dependencia \u27a1\ufe0fhttps://t.co/WSpusLQLPY @VisitHermosillo @MaloroAcosta @HermosilloGob @ANGELINAMUOZ2 https://t.co/PKCgXvNlzu", "author_id": "3311916793", "created_at": "2018-01-10T18:59:05.000Z", "id": "951166524571701248"}, {"edit_history_tweet_ids": ["951164710275002368"], "text": "Ag\u00e1rrate Carlos Eduardo Rico, Teo Gonz\u00e1lez ten cuidado, Memo R\u00edos, \u00bfquien te conoce? https://t.co/Q1wqEssXlv", "author_id": "252590916", "created_at": "2018-01-10T18:51:53.000Z", "id": "951164710275002368"}, {"edit_history_tweet_ids": ["951148009437483008"], "text": "Asume Eduardo Lemmen Meyer Gonz\u00e1lez titularidad de nueva dependencia https://t.co/Gq2v3JVxdt", "author_id": "705501756", "created_at": "2018-01-10T17:45:31.000Z", "id": "951148009437483008"}, {"edit_history_tweet_ids": ["951144187386351616"], "text": "Asume Eduardo Lemmen Meyer Gonz\u00e1lez titularidad de nueva dependencia - https://t.co/OE53PHp9CS https://t.co/XRsloWbJIQ", "author_id": "204142056", "created_at": "2018-01-10T17:30:20.000Z", "id": "951144187386351616"}, {"edit_history_tweet_ids": ["951144109380636672"], "text": "Asume Eduardo Lemmen Meyer Gonz\u00e1lez titularidad de nueva dependencia - https://t.co/Jr806QS47K https://t.co/SNnoPyLHj4", "author_id": "130936353", "created_at": "2018-01-10T17:30:01.000Z", "id": "951144109380636672"}, {"edit_history_tweet_ids": ["951142434284679168"], "text": "Asume Eduardo Lemmen Meyer Gonz\u00e1lez titularidad de nueva dependencia https://t.co/5bPWJZJfog @hermosillogob", "author_id": "52631693", "created_at": "2018-01-10T17:23:22.000Z", "id": "951142434284679168"}, {"edit_history_tweet_ids": ["951139515963531265"], "text": "RT @InfoNodal: #Argentina: a prop\u00f3sito del centenario de la #ReformaUniversitaria - Por Eduardo Gonzalez, @huaity, @ElIntra https://t.co/pH\u2026", "author_id": "186070960", "created_at": "2018-01-10T17:11:46.000Z", "id": "951139515963531265"}, {"edit_history_tweet_ids": ["951135035515723777"], "text": "\ud83d\udcf0 Asume Eduardo Lemmen Meyer Gonz\u00e1lez titularidad de nueva dependencia https://t.co/GywcsVM57N \n\n#Sonora #PPDigital https://t.co/39VemCu4yZ", "author_id": "139818491", "created_at": "2018-01-10T16:53:58.000Z", "id": "951135035515723777"}, {"edit_history_tweet_ids": ["951131515383140353"], "text": "RT @MilenioHidalgo: #COLUMNA Definidos los distritos  https://t.co/MLuPbpJfko ... focos rojos en el @cdeprihidalgo, por Eduardo Gonz\u00e1lez @l\u2026", "author_id": "61598299", "created_at": "2018-01-10T16:39:59.000Z", "id": "951131515383140353"}, {"edit_history_tweet_ids": ["951124747143827456"], "text": "RT @RedVialRC: Desplazamiento constante sobre R\u00edo de los Remedios, entre Eduardo Molina y la Av. Central Carlos Hank Gonz\u00e1lez. \n\n#Tr\u00e1ficoRV\u2026", "author_id": "124599617", "created_at": "2018-01-10T16:13:05.000Z", "id": "951124747143827456"}, {"edit_history_tweet_ids": ["951122023316705281"], "text": "RT @RedVialRC: Desplazamiento constante sobre R\u00edo de los Remedios, entre Eduardo Molina y la Av. Central Carlos Hank Gonz\u00e1lez. \n\n#Tr\u00e1ficoRV\u2026", "author_id": "109035558", "created_at": "2018-01-10T16:02:16.000Z", "id": "951122023316705281"}, {"edit_history_tweet_ids": ["951121911471398912"], "text": "RT @RedVialRC: Desplazamiento constante sobre R\u00edo de los Remedios, entre Eduardo Molina y la Av. Central Carlos Hank Gonz\u00e1lez. \n\n#Tr\u00e1ficoRV\u2026", "author_id": "2532810306", "created_at": "2018-01-10T16:01:49.000Z", "id": "951121911471398912"}, {"edit_history_tweet_ids": ["951121752943480834"], "text": "Sin complicaciones sobre R\u00edo de los Remedios, entre Eduardo Molina y Av. Central Carlos Hank Gonz\u00e1lez.\n#RutaLibreDF \n\nGracias a @RedVialRC", "author_id": "192921740", "created_at": "2018-01-10T16:01:11.000Z", "id": "951121752943480834"}, {"edit_history_tweet_ids": ["951121457958084608"], "text": "Desplazamiento constante sobre R\u00edo de los Remedios, entre Eduardo Molina y la Av. Central Carlos Hank Gonz\u00e1lez. \n\n#Tr\u00e1ficoRVial", "author_id": "121549722", "created_at": "2018-01-10T16:00:01.000Z", "id": "951121457958084608"}, {"edit_history_tweet_ids": ["951103511810453504"], "text": "RT @CrowleySoccer: Varsity Boys Win 2-0 over Trimble Tech.  Jose Hernandez opened up the scoring in the first half with a great goal from d\u2026", "author_id": "1059693098", "created_at": "2018-01-10T14:48:42.000Z", "id": "951103511810453504"}, {"edit_history_tweet_ids": ["951103239289786369"], "text": "RT @InfoNodal: #Argentina: a prop\u00f3sito del centenario de la #ReformaUniversitaria - Por Eduardo Gonzalez, @huaity, @ElIntra https://t.co/pH\u2026", "author_id": "1264588496", "created_at": "2018-01-10T14:47:37.000Z", "id": "951103239289786369"}, {"edit_history_tweet_ids": ["951103035870269440"], "text": "#Argentina: a prop\u00f3sito del centenario de la #ReformaUniversitaria - Por Eduardo Gonzalez, @huaity, @ElIntra https://t.co/pH54IzZXVX", "author_id": "1482333253", "created_at": "2018-01-10T14:46:49.000Z", "id": "951103035870269440"}, {"edit_history_tweet_ids": ["951101077172244481"], "text": "@RagazziOFICIAL Hola! Claro. Tenemos 4 sucursales:\nPortales, donde fue nuestro convivio con ustedes: Av. Divisi\u00f3n del Norte #1920\nEduardo Molina: San Juan de Arag\u00f3n #516 \nTepeyac: Calzada Guadalupe #431\nAragon Av. Carlos Hank Gonz\u00e1lez #120 \n\n\u00a1Los esperamos!", "author_id": "902960158321414145", "created_at": "2018-01-10T14:39:02.000Z", "id": "951101077172244481"}, {"edit_history_tweet_ids": ["951100327956242432"], "text": "#COLUMNA Definidos los distritos  https://t.co/MLuPbpJfko ... focos rojos en el @cdeprihidalgo, por Eduardo Gonz\u00e1lez @laloflu https://t.co/qGMzopWXxS", "author_id": "162786161", "created_at": "2018-01-10T14:36:03.000Z", "id": "951100327956242432"}, {"edit_history_tweet_ids": ["951091285569560577"], "text": "Asume Eduardo Lemmen Meyer Gonz\u00e1lez titularidad de nueva dependencia https://t.co/MvvS7r6sQW", "author_id": "786106585", "created_at": "2018-01-10T14:00:07.000Z", "id": "951091285569560577"}, {"edit_history_tweet_ids": ["951072904355164160"], "text": "RT @MURIXSPAIN: Enormemente orgulloso del resultado en @djmag, el nuevo album de MURIX recientemente lanzado con 83 Label encabezando las c\u2026", "author_id": "1304875008", "created_at": "2018-01-10T12:47:05.000Z", "id": "951072904355164160"}, {"edit_history_tweet_ids": ["951065325218549762"], "text": "https://t.co/C1hJmKqIGR", "author_id": "2729495402", "created_at": "2018-01-10T12:16:58.000Z", "id": "951065325218549762"}, {"edit_history_tweet_ids": ["951061426227105792"], "text": "Enormemente orgulloso del resultado en @djmag, el nuevo album de MURIX recientemente lanzado con 83 Label encabezando las criticas Breaks. El trabajo duro da su fruto y esta es una de las recompensas.\nMuchisimas gracias a todos especialmente a Eduardo Carbonell Gonz\u00e1lez por \u2026 https://t.co/KxtTw1mcYk", "author_id": "924235996270678016", "created_at": "2018-01-10T12:01:28.000Z", "id": "951061426227105792"}, {"edit_history_tweet_ids": ["951046587328933888"], "text": "RT @CrowleySoccer: Varsity Boys Win 2-0 over Trimble Tech.  Jose Hernandez opened up the scoring in the first half with a great goal from d\u2026", "author_id": "1017947900", "created_at": "2018-01-10T11:02:30.000Z", "id": "951046587328933888"}, {"edit_history_tweet_ids": ["950984449226870784"], "text": "RT @paralosdeapie1: Asume Eduardo Lemmen Meyer Gonz\u00e1lez titularidad de nueva dependencia &gt; https://t.co/ll1p7ExfRo https://t.co/RH7kRXIqxN", "author_id": "3112443417", "created_at": "2018-01-10T06:55:35.000Z", "id": "950984449226870784"}, {"edit_history_tweet_ids": ["950980563648811009"], "text": "RT @CrowleySoccer: Varsity Boys Win 2-0 over Trimble Tech.  Jose Hernandez opened up the scoring in the first half with a great goal from d\u2026", "author_id": "573777626", "created_at": "2018-01-10T06:40:09.000Z", "id": "950980563648811009"}, {"edit_history_tweet_ids": ["950977131986735104"], "text": "Luis Eduardo como quisiera que.. \ud83d\udd09\ud83c\udfb5\ud83c\udfb5\ud83c\udfb6 https://t.co/2Cp3AI70XX", "author_id": "439356535", "created_at": "2018-01-10T06:26:31.000Z", "id": "950977131986735104"}, {"edit_history_tweet_ids": ["950968204461072384"], "text": "Nelita Frias Vidal Emmanuel Palma Frias Eduardo Vidal Fabii Palma Palapa Palma Itzel Isela Gonzalez Aguilera https://t.co/Prq8FOTSgf", "author_id": "219006220", "created_at": "2018-01-10T05:51:02.000Z", "id": "950968204461072384"}, {"edit_history_tweet_ids": ["950959980714307586"], "text": "Asume Eduardo Lemmen Meyer Gonz\u00e1lez titularidad de nueva dependencia https://t.co/5bPWJZJfog @hermosillogob", "author_id": "52631693", "created_at": "2018-01-10T05:18:22.000Z", "id": "950959980714307586"}, {"edit_history_tweet_ids": ["950959522360766464"], "text": "RT @CrowleySoccer: Varsity Boys Win 2-0 over Trimble Tech.  Jose Hernandez opened up the scoring in the first half with a great goal from d\u2026", "author_id": "2496675108", "created_at": "2018-01-10T05:16:32.000Z", "id": "950959522360766464"}, {"edit_history_tweet_ids": ["950957657040531456"], "text": "RT @CrowleySoccer: Varsity Boys Win 2-0 over Trimble Tech.  Jose Hernandez opened up the scoring in the first half with a great goal from d\u2026", "author_id": "2870572395", "created_at": "2018-01-10T05:09:08.000Z", "id": "950957657040531456"}, {"edit_history_tweet_ids": ["950957558507896832"], "text": "Varsity Boys Win 2-0 over Trimble Tech.  Jose Hernandez opened up the scoring in the first half with a great goal from distance.  Assisted by Octavio Gonzalez.  The second goal was an absolute stunner scored by Maximilian Dennis #banger assisted by Eduardo Tovar.  #believe", "author_id": "807117259", "created_at": "2018-01-10T05:08:44.000Z", "id": "950957558507896832"}, {"edit_history_tweet_ids": ["950947137629708289"], "text": "Asume Eduardo Lemmen Meyer Gonz\u00e1lez titularidad de nueva dependencia &gt; https://t.co/ll1p7ExfRo https://t.co/RH7kRXIqxN", "author_id": "3112443417", "created_at": "2018-01-10T04:27:20.000Z", "id": "950947137629708289"}, {"edit_history_tweet_ids": ["950944164321091584"], "text": "Eric Eduardo Gonzalez Ortiz https://t.co/x92vJjLBd0", "author_id": "2590779025", "created_at": "2018-01-10T04:15:31.000Z", "id": "950944164321091584"}, {"edit_history_tweet_ids": ["950939079037857792"], "text": "Retweeted cecilia gonzalez (@ceciliacuba24):\n\nProh\u00edben visita en la c\u00e1rcel a m\u00e9dico opositor Eduardo Cardet... https://t.co/sILVeZVQhF", "author_id": "274209836", "created_at": "2018-01-10T03:55:18.000Z", "id": "950939079037857792"}, {"edit_history_tweet_ids": ["950935335210545152"], "text": "RT @Seguimosleyendo: Compromiso, amor por las palabras, trabajo en equipo, riqueza humana, eso y m\u00e1s Eduardo Gonz\u00e1lez @Gogesa  ha captadoco\u2026", "author_id": "837477840614477824", "created_at": "2018-01-10T03:40:26.000Z", "id": "950935335210545152"}, {"edit_history_tweet_ids": ["950935322325602305"], "text": "RT @Seguimosleyendo: Eduardo Gonz\u00e1lez @Gogesa  vivi\u00f3 la experiencia a lado de las lectoras voluntarias del Preescolar Estefan\u00eda Casta\u00f1eda,\u2026", "author_id": "837477840614477824", "created_at": "2018-01-10T03:40:23.000Z", "id": "950935322325602305"}, {"edit_history_tweet_ids": ["950932665229828097"], "text": "Asume Eduardo Lemmen Meyer Gonz\u00e1lez titularidad de nueva dependencia https://t.co/cnngUphdrR #SonoraAlaHora v\u00eda @sonoraalahora", "author_id": "222201214", "created_at": "2018-01-10T03:29:49.000Z", "id": "950932665229828097"}, {"edit_history_tweet_ids": ["950929903091937281"], "text": "ASUME EDUARDO LEMMEN MEYER GONZ\u00c1LEZ TITULARIDAD DE NUEVA DEPENDENCIA\n\n* RINDIO PROTESTA COMO COMO DIRECTOR... https://t.co/qoVKREekT7", "author_id": "282878313", "created_at": "2018-01-10T03:18:50.000Z", "id": "950929903091937281"}, {"edit_history_tweet_ids": ["950925794066313217"], "text": "Asume Eduardo Lemmen Meyer Gonz\u00e1lez titularidad de nueva dependencia https://t.co/22OQ2UzJCB", "author_id": "249369473", "created_at": "2018-01-10T03:02:31.000Z", "id": "950925794066313217"}, {"edit_history_tweet_ids": ["950919534411767808"], "text": "Asume Eduardo Lemmen Meyer Gonz\u00e1lez titularidad de nueva dependencia\nhttps://t.co/Nnzgd4fOGq\n@EduardoLemmen1 https://t.co/pJKFJN9MCe", "author_id": "70472566", "created_at": "2018-01-10T02:37:38.000Z", "id": "950919534411767808"}, {"edit_history_tweet_ids": ["950917041615228928"], "text": "Asume Eduardo Lemmen Meyer Gonz\u00e1lez titularidad de nueva dependencia &gt; https://t.co/qGkSX30v0H https://t.co/eYaFt1ut7A", "author_id": "486418237", "created_at": "2018-01-10T02:27:44.000Z", "id": "950917041615228928"}, {"edit_history_tweet_ids": ["950914901794541568"], "text": "Asume Eduardo Lemmen Meyer Gonz\u00e1lez titularidad de nueva dependencia &gt; https://t.co/aA9sRpNPse https://t.co/FsBswZwUZr", "author_id": "135201751", "created_at": "2018-01-10T02:19:14.000Z", "id": "950914901794541568"}, {"edit_history_tweet_ids": ["950904416844034050"], "text": "@Rockporlavida @cervezaindio Luis Eduardo Mart\u00ednez Gonz\u00e1lez https://t.co/ow7h5iuHB9", "author_id": "416082460", "created_at": "2018-01-10T01:37:34.000Z", "id": "950904416844034050"}, {"edit_history_tweet_ids": ["950900109054808065"], "text": "Asume Eduardo Lemmen Meyer Gonz\u00e1lez titularidad de nueva dependencia - Maloro Acosta le tom\u00f3 protesta como como ... https://t.co/UqEmboXwZg https://t.co/d4VGkQm6D4", "author_id": "278241075", "created_at": "2018-01-10T01:20:27.000Z", "id": "950900109054808065"}, {"edit_history_tweet_ids": ["950898440824799233"], "text": "RT @PortalDeLaGente: Asume Eduardo Lemmen Meyer Gonz\u00e1lez titularidad de nueva dependencia \u2013 El Portal de la Gente https://t.co/uvhDcapEJI h\u2026", "author_id": "456695361", "created_at": "2018-01-10T01:13:49.000Z", "id": "950898440824799233"}, {"edit_history_tweet_ids": ["950898358067060736"], "text": "Asume Eduardo Lemmen Meyer Gonz\u00e1lez titularidad de nueva dependencia https://t.co/W5jtV6GItS https://t.co/RRaAn60mJt", "author_id": "1967340271", "created_at": "2018-01-10T01:13:30.000Z", "id": "950898358067060736"}, {"edit_history_tweet_ids": ["950894985406242816"], "text": "Asume Eduardo Lemmen Meyer Gonz\u00e1lez titularidad de nueva dependencia &gt; https://t.co/fOQgwQKObI https://t.co/rh0y4kRR2p", "author_id": "485208522", "created_at": "2018-01-10T01:00:05.000Z", "id": "950894985406242816"}, {"edit_history_tweet_ids": ["950894976178716674"], "text": "Asume Eduardo Lemmen Meyer Gonz\u00e1lez titularidad de nueva dependencia https://t.co/7lXMgfPCnh", "author_id": "1066237676", "created_at": "2018-01-10T01:00:03.000Z", "id": "950894976178716674"}, {"edit_history_tweet_ids": ["950892975915184128"], "text": "RT @educaenvigado: El 2018 para los estudiantes de Envigado comenz\u00f3 con la entrega de kit escolares por parte de la Administraci\u00f3n Municipa\u2026", "author_id": "2562908171", "created_at": "2018-01-10T00:52:06.000Z", "id": "950892975915184128"}, {"edit_history_tweet_ids": ["950888874263236608"], "text": "Asume Eduardo Lemmen Meyer Gonz\u00e1lez titularidad de nueva dependencia \u2013 El Portal de la Gente https://t.co/uvhDcapEJI https://t.co/7wQoIk7cme", "author_id": "780460348549701632", "created_at": "2018-01-10T00:35:48.000Z", "id": "950888874263236608"}, {"edit_history_tweet_ids": ["950887175385739265"], "text": "Asume Eduardo Lemmen Meyer Gonz\u00e1lez titularidad de nueva dependencia https://t.co/LdECGKgb0e", "author_id": "176318023", "created_at": "2018-01-10T00:29:03.000Z", "id": "950887175385739265"}, {"edit_history_tweet_ids": ["950885891903492096"], "text": "\"Presos pol\u00edticos en libertad condicional\" por Humberto Gonzalez Brice\u00f1o.\n\ud83d\udd09 LIA #Libertad 7V1 #FertiNitro Eduardo Sosa Gustavo Aguado #Censo2018 https://t.co/YARYPszPzl", "author_id": "1379538816", "created_at": "2018-01-10T00:23:57.000Z", "id": "950885891903492096"}, {"edit_history_tweet_ids": ["950877642785476608"], "text": "RT @revistaclimax: El hueco en la cama de Luis Eduardo Gonz\u00e1lez. Un proyectil lo conden\u00f3 a perder la extremidad y lo oblig\u00f3 a renacer https\u2026", "author_id": "876850919601618944", "created_at": "2018-01-09T23:51:11.000Z", "id": "950877642785476608"}, {"edit_history_tweet_ids": ["950872331227992064"], "text": "Asume Eduardo Lemmen Meyer Gonz\u00e1lez titularidad de nueva dependencia &gt; https://t.co/zxEFREppbd https://t.co/NilwD0rqhO", "author_id": "254131917", "created_at": "2018-01-09T23:30:04.000Z", "id": "950872331227992064"}, {"edit_history_tweet_ids": ["950867556373532672"], "text": "Amor lo arias Irazu Gonzalez https://t.co/9wmcxgLb19", "author_id": "617110891", "created_at": "2018-01-09T23:11:06.000Z", "id": "950867556373532672"}, {"edit_history_tweet_ids": ["950856716555571200"], "text": "El hueco en la cama de Luis Eduardo Gonz\u00e1lez. Un proyectil lo conden\u00f3 a perder la extremidad y lo oblig\u00f3 a renacer https://t.co/F4lnkq3w2t https://t.co/K08sh8QC3E", "author_id": "157179541", "created_at": "2018-01-09T22:28:01.000Z", "id": "950856716555571200"}, {"edit_history_tweet_ids": ["950853112587345920"], "text": "@LiC_RuLeE3 @IzzayF I\u2019m Eduardo Gonzalez and I endorse this message.", "author_id": "86789764", "created_at": "2018-01-09T22:13:42.000Z", "id": "950853112587345920"}, {"edit_history_tweet_ids": ["950830834147385346"], "text": "El 2018 para los estudiantes de Envigado comenz\u00f3 con la entrega de kit escolares por parte de la Administraci\u00f3n Municipal en cabeza del se\u00f1or Alcalde Ra\u00fal Eduardo Cardona Gonz\u00e1lez https://t.co/Mluvuoll2b", "author_id": "983631180", "created_at": "2018-01-09T20:45:11.000Z", "id": "950830834147385346"}, {"edit_history_tweet_ids": ["950825802228264960"], "text": "RT @GilbertoBrenis: TV TRIVIA:\n\u00bfDe qu\u00e9 telenovela es esta fotograf\u00eda con Eduardo Y\u00e1\u00f1ez y Edith Gonz\u00e1lez? https://t.co/u8rrIhB6KJ", "author_id": "1281528109", "created_at": "2018-01-09T20:25:11.000Z", "id": "950825802228264960"}, {"edit_history_tweet_ids": ["950792903072403456"], "text": "Eduardo Gonz\u00e1lez Puche, director del grupo musical \"Zalagarda\" de la Comparsa de Contrabandistas Elda, dirigir\u00e1 las collas este s\u00e1bado, al final del pasacalles, para la interpretaci\u00f3n de la pieza \"Las calles se llenan de mil colores\" Junta Central de Comparsas de Moros y Cri\u2026 https://t.co/QQ0jrOJFn4", "author_id": "4904363309", "created_at": "2018-01-09T18:14:27.000Z", "id": "950792903072403456"}, {"edit_history_tweet_ids": ["950782401675976705"], "text": "RT @raquel4801: 27.\nSargento Rafael Ca\u00f1adas P\u00e9rez, Sargento Antonio Gonz\u00e1lez Hueso, Cabo Primero Guillermo Visiedo Beltr\u00e1n, Guardia Civil E\u2026", "author_id": "303480247", "created_at": "2018-01-09T17:32:43.000Z", "id": "950782401675976705"}, {"edit_history_tweet_ids": ["950781752842313730"], "text": "RT @CitasDeEscritor: \u201cEl que no tiene cabeza para preveer, tiene que tener espaldas para aguantar.\u201d \nEduardo Gonz\u00e1lez", "author_id": "840233196042219520", "created_at": "2018-01-09T17:30:09.000Z", "id": "950781752842313730"}, {"edit_history_tweet_ids": ["950780587375316993"], "text": "RT @raquel4801: 27.\nSargento Rafael Ca\u00f1adas P\u00e9rez, Sargento Antonio Gonz\u00e1lez Hueso, Cabo Primero Guillermo Visiedo Beltr\u00e1n, Guardia Civil E\u2026", "author_id": "2946794747", "created_at": "2018-01-09T17:25:31.000Z", "id": "950780587375316993"}, {"edit_history_tweet_ids": ["950774712304627713"], "text": "27.\nSargento Rafael Ca\u00f1adas P\u00e9rez, Sargento Antonio Gonz\u00e1lez Hueso, Cabo Primero Guillermo Visiedo Beltr\u00e1n, Guardia Civil Eduardo Fenoi Rodr\u00edguez, Sargento Juan S\u00e1nchez Cabrera, Guardia Civil \u00c1ngel Ojeda Guerrero, Guardia Civil Antonio Pav\u00f3n Merino y Juan Mart\u00ednez Castro.", "author_id": "2665463588", "created_at": "2018-01-09T17:02:10.000Z", "id": "950774712304627713"}, {"edit_history_tweet_ids": ["950767193041571840"], "text": "RT @MilenioHidalgo: #COLUMNA El camino de Osorio https://t.co/PEHwVixsnZ... ahora como parte de las campa\u00f1as del PRI, por Eduardo Gonz\u00e1lez\u2026", "author_id": "61598299", "created_at": "2018-01-09T16:32:17.000Z", "id": "950767193041571840"}, {"edit_history_tweet_ids": ["950749794489815040"], "text": "Por ese est\u00fapido nos retras\u00f3 \u00bfverdad? Eduardo Gonzalez https://t.co/vgdXTtE5LJ", "author_id": "490950094", "created_at": "2018-01-09T15:23:09.000Z", "id": "950749794489815040"}, {"edit_history_tweet_ids": ["950748613470285824"], "text": "Elena Gonzalez Soriano Kevin Andr\u00e9s Gonz\u00e1lez Vill\u00f3n Julio Jose Gonzalez Suarez Angel Enrrique Vera Jorge Eduardo... https://t.co/oJSofhyuR3", "author_id": "2377116744", "created_at": "2018-01-09T15:18:28.000Z", "id": "950748613470285824"}, {"edit_history_tweet_ids": ["950745056574570496"], "text": "Juan Carlos Osorio convocar\u00e1 no s\u00f3lo a Jonathan Gonz\u00e1lez para el amistoso del Tri el 31 de enero Va. Bosnia y Herzegovina, sino tambi\u00e9n a @GuzmanPocho y a un debutante m\u00e1s.\nPor ahora no llamar\u00e1 a Eduardo L\u00f3pez de #Chivas", "author_id": "172404214", "created_at": "2018-01-09T15:04:20.000Z", "id": "950745056574570496"}, {"edit_history_tweet_ids": ["950743018570764288"], "text": "Eduardo Coudet dirige la pr\u00e1ctica de Racing Club en el predio de Aldosivi en Mar del Plata. Lautaro Mart\u00ednez cerca de Director T\u00e9cnico de La Academia. Foto: Javier Gonz\u00e1lez Toledo https://t.co/5BodbYVDLJ", "author_id": "949666970072440832", "created_at": "2018-01-09T14:56:14.000Z", "id": "950743018570764288"}, {"edit_history_tweet_ids": ["950740014232752129"], "text": "#COLUMNA El camino de Osorio https://t.co/PEHwVixsnZ... ahora como parte de las campa\u00f1as del PRI, por Eduardo Gonz\u00e1lez @laloflu", "author_id": "162786161", "created_at": "2018-01-09T14:44:17.000Z", "id": "950740014232752129"}, {"edit_history_tweet_ids": ["950723206968758272"], "text": "RT @revistaclimax: El hueco en la cama de Luis Eduardo Gonz\u00e1lez. Un proyectil lo conden\u00f3 a perder la extremidad y lo oblig\u00f3 a renacer https\u2026", "author_id": "156844185", "created_at": "2018-01-09T13:37:30.000Z", "id": "950723206968758272"}, {"edit_history_tweet_ids": ["950721319708086272"], "text": "#Cuenca, #Ecuador: los invitamos al taller \"Una vida con prop\u00f3sito y abundancia. 13 de enero.  Luz Adriana Cordoba (Colombia) y Eduardo Gonz\u00e1lez (Venezuela). Info @luzacordoba https://t.co/Tt8w5taDR2", "author_id": "16171280", "created_at": "2018-01-09T13:30:00.000Z", "id": "950721319708086272"}, {"edit_history_tweet_ids": ["950720825795203072"], "text": "El hueco en la cama de Luis Eduardo Gonz\u00e1lez. Un proyectil lo conden\u00f3 a perder la extremidad y lo oblig\u00f3 a renacer https://t.co/F4lnkq3w2t https://t.co/WUrdHHDCPJ", "author_id": "157179541", "created_at": "2018-01-09T13:28:03.000Z", "id": "950720825795203072"}, {"edit_history_tweet_ids": ["950694017481805824"], "text": "https://t.co/fVh4HeVO6v", "author_id": "2729495402", "created_at": "2018-01-09T11:41:31.000Z", "id": "950694017481805824"}, {"edit_history_tweet_ids": ["950691625579184129"], "text": "RT @Radiovision995: #AhoraVideoOyente\n\nCamino Roque Gonzalez.\n\nVideo: Eduardo. https://t.co/tgvRrE5Gys", "author_id": "591284438", "created_at": "2018-01-09T11:32:01.000Z", "id": "950691625579184129"}, {"edit_history_tweet_ids": ["950691212155129856"], "text": "#AhoraVideoOyente\n\nCamino Roque Gonzalez.\n\nVideo: Eduardo. https://t.co/tgvRrE5Gys", "author_id": "2379080460", "created_at": "2018-01-09T11:30:22.000Z", "id": "950691212155129856"}, {"edit_history_tweet_ids": ["950624214612049920"], "text": "RT @LatAmRoB: Great new book by Jos\u00e9 Eduardo Gonz\u00e1lez: Appropriating Theory: Angel Rama\u2019s Critical Work\nhttps://t.co/4uwTbOovTD\n@UPittPress\u2026", "author_id": "929826847", "created_at": "2018-01-09T07:04:09.000Z", "id": "950624214612049920"}, {"edit_history_tweet_ids": ["950567520351657984"], "text": "RT @trcimplan: En reuni\u00f3n con Carlos Gonz\u00e1lez, ex c\u00f3nsul de Espa\u00f1a; Fernando Jaime, dir. de Desarrollo Econ\u00f3mico, Eduardo Holgu\u00edn y acompa\u00f1\u2026", "author_id": "2838391612", "created_at": "2018-01-09T03:18:52.000Z", "id": "950567520351657984"}, {"edit_history_tweet_ids": ["950545510854774784"], "text": "RT @revistaclimax: \u201cMir\u00e9 y vi un vac\u00edo en la cama. Brinqu\u00e9 del susto\u201d, recuerda. \u201cPens\u00e9 que ten\u00eda la pierna doblada o algo\u2026 pero levant\u00e9 la\u2026", "author_id": "76514305", "created_at": "2018-01-09T01:51:24.000Z", "id": "950545510854774784"}, {"edit_history_tweet_ids": ["950536801407717376"], "text": "Cambio efectivo de sistemas de comunicaciones: Eduardo Nieto Gonz\u00e1lez, CIO de Grupo Asesores en Negocios https://t.co/iXhDX0t8Bd", "author_id": "193564155", "created_at": "2018-01-09T01:16:48.000Z", "id": "950536801407717376"}, {"edit_history_tweet_ids": ["950532141011619841"], "text": "El hueco en la cama de Luis Eduardo Gonz\u00e1lez. Un proyectil lo conden\u00f3 a perder la extremidad y lo oblig\u00f3 a renacer https://t.co/F4lnkq3w2t https://t.co/oydkY73NNO", "author_id": "157179541", "created_at": "2018-01-09T00:58:17.000Z", "id": "950532141011619841"}, {"edit_history_tweet_ids": ["950527044449947648"], "text": "@Monagas_SC Monagas SC , en el pasado, tomo jugadores que,  hab\u00edan iniciado su formaci\u00f3n en las diferentes escuelas de la regi\u00f3n previ\u00f3 conversaciones con los presidentes y entrenadores de estas escuelas, ejem Eder Farias, Kuffaty, Carlos Cerme\u00f1o, Eduardo Lima, Cesar Gonz\u00e1lez  y otros mas.", "author_id": "883276016491405312", "created_at": "2018-01-09T00:38:01.000Z", "id": "950527044449947648"}, {"edit_history_tweet_ids": ["950526803235495937"], "text": "@MonoGonzalezCD @CeDemocratico Adelante con Eduardo Jos\u00e8 Gonz\u00e0lez #33", "author_id": "2675077723", "created_at": "2018-01-09T00:37:04.000Z", "id": "950526803235495937"}, {"edit_history_tweet_ids": ["950526301097615360"], "text": "RT @rquirrin: Falleci\u00f3 esta ma\u00f1ana Eduardo \u201cEddy\u201d Gonz\u00e1lez Anaya, reconocido peluquero. \u201cArreglaba\u201d a los obispos  Navarrete, Quintero y Ul\u2026", "author_id": "871856332789489664", "created_at": "2018-01-09T00:35:04.000Z", "id": "950526301097615360"}, {"edit_history_tweet_ids": ["950517847494709253"], "text": "Este pr\u00f3ximo jueves, 11 de enero de 2018 no te pierdas la charla de Eduardo Gonz\u00e1lez CPA, CFE, CFF \u201cTengo un Empleado Ladr\u00f3n\u201d. Se llevar\u00e1 a cabo en el Cyber Caf\u00e9 de 11:30 a.m. a 12:50 p.m. \n\u00a1Te esperamos!\n\n#TeamAsec #UPRB https://t.co/nnsQFfmbXU", "author_id": "761305876044972032", "created_at": "2018-01-09T00:01:29.000Z", "id": "950517847494709253"}, {"edit_history_tweet_ids": ["950516639979786241"], "text": "@crisexeflores Debo admitirlo que gust\u00e9 moralmente de la chica que se ri\u00f3 de Coudet. Banco much\u00edsimo tu intenci\u00f3n e intento tener acercamientos positivos a Don Eduardo Coudet. Claro est\u00e1 que me siento desgarrado, como cuando Horacio Gonzalez llam\u00f3 a votar al Daniel Osvaldo siniestro.", "author_id": "123092704", "created_at": "2018-01-08T23:56:41.000Z", "id": "950516639979786241"}, {"edit_history_tweet_ids": ["950510904126443522"], "text": "RT @SegoviaBastidas: Mir\u00e9 y vi un vac\u00edo en la cama, pens\u00e9 que ten\u00eda la pierna doblada, pero levant\u00e9 la s\u00e1bana y hab\u00eda un hueco. Mi pierna n\u2026", "author_id": "910662109754781696", "created_at": "2018-01-08T23:33:53.000Z", "id": "950510904126443522"}], "meta": {"newest_id": "951235455927791616", "oldest_id": "950510904126443522", "result_count": 98, "next_token": "1jzu9lk96gu5npw44ndqqqj9rgzmjopotf5lilg02zy5"}}