{"data": [{"edit_history_tweet_ids": ["952050576149315584"], "text": "RT @PropuestaV: @FestivalJM @ChaqePalavecino Resistencia chaco familia gonzalez diaz - celina - elias - yazmin - damaris - eduardo https://\u2026", "author_id": "948315502547521536", "created_at": "2018-01-13T05:32:00.000Z", "id": "952050576149315584"}, {"edit_history_tweet_ids": ["952049349265186816"], "text": "@FestivalJM @ChaqePalavecino Resistencia chaco familia gonzalez diaz - celina - elias - yazmin - damaris - eduardo https://t.co/vGhVEnvwj4", "author_id": "948315502547521536", "created_at": "2018-01-13T05:27:07.000Z", "id": "952049349265186816"}, {"edit_history_tweet_ids": ["952048950521094144"], "text": "RT @FlacoStereo: SODA STEREO | Audio in\u00e9dito compartido por Eduardo Bergallo.\nZapando una extra\u00f1a versi\u00f3n de \"Pr\u00f3fugos\" durante los ensayos\u2026", "author_id": "217495869", "created_at": "2018-01-13T05:25:32.000Z", "id": "952048950521094144"}, {"edit_history_tweet_ids": ["952047712702169088"], "text": "Resistencia chaco FAMILIA GONZALEZ DIAZ EDUARDO CELINA ROSA ELIAS YAZMIN DAMARIS @FestivalJM https://t.co/Prs12HzwEX", "author_id": "948315502547521536", "created_at": "2018-01-13T05:20:37.000Z", "id": "952047712702169088"}, {"edit_history_tweet_ids": ["952040759074672640"], "text": "RT @FlacoStereo: SODA STEREO | Audio in\u00e9dito compartido por Eduardo Bergallo.\nZapando una extra\u00f1a versi\u00f3n de \"Pr\u00f3fugos\" durante los ensayos\u2026", "author_id": "190923183", "created_at": "2018-01-13T04:52:59.000Z", "id": "952040759074672640"}, {"edit_history_tweet_ids": ["952036963061846018"], "text": "RT @palabrafilica: \u00abDejar de beber es como vivir en provincia\u00bb Eduardo Casar Gonzalez", "author_id": "89091702", "created_at": "2018-01-13T04:37:54.000Z", "id": "952036963061846018"}, {"edit_history_tweet_ids": ["952035439908601856"], "text": "RT @viogu: Explotaci\u00f3n geot\u00e9rmica en @BosquePrimavera y un megadesarrollo tur\u00edstico en la Reserva de la Bi\u00f3sfera Chamela-Cuixmala es parte\u2026", "author_id": "230906833", "created_at": "2018-01-13T04:31:51.000Z", "id": "952035439908601856"}, {"edit_history_tweet_ids": ["952035340482617345"], "text": "RT @palabrafilica: \u00abDejar de beber es como vivir en provincia\u00bb Eduardo Casar Gonzalez", "author_id": "2951329453", "created_at": "2018-01-13T04:31:27.000Z", "id": "952035340482617345"}, {"edit_history_tweet_ids": ["952035241207717888"], "text": "RT @FlacoStereo: SODA STEREO | Audio in\u00e9dito compartido por Eduardo Bergallo.\nZapando una extra\u00f1a versi\u00f3n de \"Pr\u00f3fugos\" durante los ensayos\u2026", "author_id": "2466379919", "created_at": "2018-01-13T04:31:04.000Z", "id": "952035241207717888"}, {"edit_history_tweet_ids": ["952033946673602560"], "text": "RT @palabrafilica: \u00abDejar de beber es como vivir en provincia\u00bb Eduardo Casar Gonzalez", "author_id": "410943187", "created_at": "2018-01-13T04:25:55.000Z", "id": "952033946673602560"}, {"edit_history_tweet_ids": ["952033572625543169"], "text": "RT @FlacoStereo: SODA STEREO | Audio in\u00e9dito compartido por Eduardo Bergallo.\nZapando una extra\u00f1a versi\u00f3n de \"Pr\u00f3fugos\" durante los ensayos\u2026", "author_id": "748538605", "created_at": "2018-01-13T04:24:26.000Z", "id": "952033572625543169"}, {"edit_history_tweet_ids": ["952032783551123456"], "text": "RT @palabrafilica: \u00abDejar de beber es como vivir en provincia\u00bb Eduardo Casar Gonzalez", "author_id": "101316763", "created_at": "2018-01-13T04:21:18.000Z", "id": "952032783551123456"}, {"edit_history_tweet_ids": ["952030492114800640"], "text": "RT @FlacoStereo: SODA STEREO | Audio in\u00e9dito compartido por Eduardo Bergallo.\nZapando una extra\u00f1a versi\u00f3n de \"Pr\u00f3fugos\" durante los ensayos\u2026", "author_id": "3247167545", "created_at": "2018-01-13T04:12:11.000Z", "id": "952030492114800640"}, {"edit_history_tweet_ids": ["952030313085009920"], "text": "RT @FlacoStereo: SODA STEREO | Audio in\u00e9dito compartido por Eduardo Bergallo.\nZapando una extra\u00f1a versi\u00f3n de \"Pr\u00f3fugos\" durante los ensayos\u2026", "author_id": "271157253", "created_at": "2018-01-13T04:11:29.000Z", "id": "952030313085009920"}, {"edit_history_tweet_ids": ["952028337697943552"], "text": "RT @palabrafilica: \u00abDejar de beber es como vivir en provincia\u00bb Eduardo Casar Gonzalez", "author_id": "109598997", "created_at": "2018-01-13T04:03:38.000Z", "id": "952028337697943552"}, {"edit_history_tweet_ids": ["952027867185074177"], "text": "RT @FlacoStereo: SODA STEREO | Audio in\u00e9dito compartido por Eduardo Bergallo.\nZapando una extra\u00f1a versi\u00f3n de \"Pr\u00f3fugos\" durante los ensayos\u2026", "author_id": "226249225", "created_at": "2018-01-13T04:01:46.000Z", "id": "952027867185074177"}, {"edit_history_tweet_ids": ["952027349045956608"], "text": "RT @palabrafilica: \u00abDejar de beber es como vivir en provincia\u00bb Eduardo Casar Gonzalez", "author_id": "252375899", "created_at": "2018-01-13T03:59:42.000Z", "id": "952027349045956608"}, {"edit_history_tweet_ids": ["952024973714968576"], "text": "RT @FlacoStereo: SODA STEREO | Audio in\u00e9dito compartido por Eduardo Bergallo.\nZapando una extra\u00f1a versi\u00f3n de \"Pr\u00f3fugos\" durante los ensayos\u2026", "author_id": "459756984", "created_at": "2018-01-13T03:50:16.000Z", "id": "952024973714968576"}, {"edit_history_tweet_ids": ["952022927150538752"], "text": "RT @FlacoStereo: SODA STEREO | Audio in\u00e9dito compartido por Eduardo Bergallo.\nZapando una extra\u00f1a versi\u00f3n de \"Pr\u00f3fugos\" durante los ensayos\u2026", "author_id": "490401555", "created_at": "2018-01-13T03:42:08.000Z", "id": "952022927150538752"}, {"edit_history_tweet_ids": ["952022079859253248"], "text": "RT @FlacoStereo: SODA STEREO | Audio in\u00e9dito compartido por Eduardo Bergallo.\nZapando una extra\u00f1a versi\u00f3n de \"Pr\u00f3fugos\" durante los ensayos\u2026", "author_id": "139820328", "created_at": "2018-01-13T03:38:46.000Z", "id": "952022079859253248"}, {"edit_history_tweet_ids": ["952020125787541504"], "text": "RT @FlacoStereo: SODA STEREO | Audio in\u00e9dito compartido por Eduardo Bergallo.\nZapando una extra\u00f1a versi\u00f3n de \"Pr\u00f3fugos\" durante los ensayos\u2026", "author_id": "186965948", "created_at": "2018-01-13T03:31:00.000Z", "id": "952020125787541504"}, {"edit_history_tweet_ids": ["952018897850511361"], "text": "RT @FlacoStereo: SODA STEREO | Audio in\u00e9dito compartido por Eduardo Bergallo.\nZapando una extra\u00f1a versi\u00f3n de \"Pr\u00f3fugos\" durante los ensayos\u2026", "author_id": "146590365", "created_at": "2018-01-13T03:26:07.000Z", "id": "952018897850511361"}, {"edit_history_tweet_ids": ["952018461722427393"], "text": "RT @palabrafilica: \u00abDejar de beber es como vivir en provincia\u00bb Eduardo Casar Gonzalez", "author_id": "952581258", "created_at": "2018-01-13T03:24:23.000Z", "id": "952018461722427393"}, {"edit_history_tweet_ids": ["952018404684238848"], "text": "RT @FlacoStereo: SODA STEREO | Audio in\u00e9dito compartido por Eduardo Bergallo.\nZapando una extra\u00f1a versi\u00f3n de \"Pr\u00f3fugos\" durante los ensayos\u2026", "author_id": "279885729", "created_at": "2018-01-13T03:24:09.000Z", "id": "952018404684238848"}, {"edit_history_tweet_ids": ["952018261692112896"], "text": "RT @FlacoStereo: SODA STEREO | Audio in\u00e9dito compartido por Eduardo Bergallo.\nZapando una extra\u00f1a versi\u00f3n de \"Pr\u00f3fugos\" durante los ensayos\u2026", "author_id": "938356567", "created_at": "2018-01-13T03:23:35.000Z", "id": "952018261692112896"}, {"edit_history_tweet_ids": ["952017778936111105"], "text": "RT @palabrafilica: \u00abDejar de beber es como vivir en provincia\u00bb Eduardo Casar Gonzalez", "author_id": "612886431", "created_at": "2018-01-13T03:21:40.000Z", "id": "952017778936111105"}, {"edit_history_tweet_ids": ["952016136077479937"], "text": "RT @palabrafilica: \u00abDejar de beber es como vivir en provincia\u00bb Eduardo Casar Gonzalez", "author_id": "112890871", "created_at": "2018-01-13T03:15:09.000Z", "id": "952016136077479937"}, {"edit_history_tweet_ids": ["952014346951057408"], "text": "RT @palabrafilica: \u00abDejar de beber es como vivir en provincia\u00bb Eduardo Casar Gonzalez", "author_id": "392490933", "created_at": "2018-01-13T03:08:02.000Z", "id": "952014346951057408"}, {"edit_history_tweet_ids": ["952013839935197184"], "text": "RT @FlacoStereo: SODA STEREO | Audio in\u00e9dito compartido por Eduardo Bergallo.\nZapando una extra\u00f1a versi\u00f3n de \"Pr\u00f3fugos\" durante los ensayos\u2026", "author_id": "459139012", "created_at": "2018-01-13T03:06:01.000Z", "id": "952013839935197184"}, {"edit_history_tweet_ids": ["952012789559775232"], "text": "@JavierSanchezPy @fidelzavala2018 @KattyaGonzalez9 @milibritez @ultrazoquet No podemos p\u00edo tener la dupla De:  Dr. Eduardo Petta presidente y Dra. Kattya Gonzalez como fiscal general del estado????", "author_id": "201976660", "created_at": "2018-01-13T03:01:51.000Z", "id": "952012789559775232"}, {"edit_history_tweet_ids": ["952012773470494721"], "text": "\u00abDejar de beber es como vivir en provincia\u00bb Eduardo Casar Gonzalez", "author_id": "151908132", "created_at": "2018-01-13T03:01:47.000Z", "id": "952012773470494721"}, {"edit_history_tweet_ids": ["952011114128297987"], "text": "RT @FlacoStereo: SODA STEREO | Audio in\u00e9dito compartido por Eduardo Bergallo.\nZapando una extra\u00f1a versi\u00f3n de \"Pr\u00f3fugos\" durante los ensayos\u2026", "author_id": "4497888275", "created_at": "2018-01-13T02:55:11.000Z", "id": "952011114128297987"}, {"edit_history_tweet_ids": ["952010268669894657"], "text": "RT @FlacoStereo: SODA STEREO | Audio in\u00e9dito compartido por Eduardo Bergallo.\nZapando una extra\u00f1a versi\u00f3n de \"Pr\u00f3fugos\" durante los ensayos\u2026", "author_id": "2207257675", "created_at": "2018-01-13T02:51:50.000Z", "id": "952010268669894657"}, {"edit_history_tweet_ids": ["952010217801306113"], "text": "RT @FlacoStereo: SODA STEREO | Audio in\u00e9dito compartido por Eduardo Bergallo.\nZapando una extra\u00f1a versi\u00f3n de \"Pr\u00f3fugos\" durante los ensayos\u2026", "author_id": "62343800", "created_at": "2018-01-13T02:51:38.000Z", "id": "952010217801306113"}, {"edit_history_tweet_ids": ["952009927370924033"], "text": "RT @FlacoStereo: SODA STEREO | Audio in\u00e9dito compartido por Eduardo Bergallo.\nZapando una extra\u00f1a versi\u00f3n de \"Pr\u00f3fugos\" durante los ensayos\u2026", "author_id": "861978235", "created_at": "2018-01-13T02:50:28.000Z", "id": "952009927370924033"}, {"edit_history_tweet_ids": ["952009274267525120"], "text": "RT @FlacoStereo: SODA STEREO | Audio in\u00e9dito compartido por Eduardo Bergallo.\nZapando una extra\u00f1a versi\u00f3n de \"Pr\u00f3fugos\" durante los ensayos\u2026", "author_id": "2282998573", "created_at": "2018-01-13T02:47:53.000Z", "id": "952009274267525120"}, {"edit_history_tweet_ids": ["952009266793197569"], "text": "RT @FlacoStereo: SODA STEREO | Audio in\u00e9dito compartido por Eduardo Bergallo.\nZapando una extra\u00f1a versi\u00f3n de \"Pr\u00f3fugos\" durante los ensayos\u2026", "author_id": "536134596", "created_at": "2018-01-13T02:47:51.000Z", "id": "952009266793197569"}, {"edit_history_tweet_ids": ["952008678592401408"], "text": "RT @FlacoStereo: SODA STEREO | Audio in\u00e9dito compartido por Eduardo Bergallo.\nZapando una extra\u00f1a versi\u00f3n de \"Pr\u00f3fugos\" durante los ensayos\u2026", "author_id": "196356805", "created_at": "2018-01-13T02:45:31.000Z", "id": "952008678592401408"}, {"edit_history_tweet_ids": ["952006850043633664"], "text": "RT @FlacoStereo: SODA STEREO | Audio in\u00e9dito compartido por Eduardo Bergallo.\nZapando una extra\u00f1a versi\u00f3n de \"Pr\u00f3fugos\" durante los ensayos\u2026", "author_id": "381066218", "created_at": "2018-01-13T02:38:15.000Z", "id": "952006850043633664"}, {"edit_history_tweet_ids": ["952006743588032512"], "text": "RT @FlacoStereo: SODA STEREO | Audio in\u00e9dito compartido por Eduardo Bergallo.\nZapando una extra\u00f1a versi\u00f3n de \"Pr\u00f3fugos\" durante los ensayos\u2026", "author_id": "920815956045303808", "created_at": "2018-01-13T02:37:49.000Z", "id": "952006743588032512"}, {"edit_history_tweet_ids": ["952006085141057542"], "text": "RT @FlacoStereo: SODA STEREO | Audio in\u00e9dito compartido por Eduardo Bergallo.\nZapando una extra\u00f1a versi\u00f3n de \"Pr\u00f3fugos\" durante los ensayos\u2026", "author_id": "898892937051992064", "created_at": "2018-01-13T02:35:12.000Z", "id": "952006085141057542"}, {"edit_history_tweet_ids": ["952005450903572480"], "text": "RT @FlacoStereo: SODA STEREO | Audio in\u00e9dito compartido por Eduardo Bergallo.\nZapando una extra\u00f1a versi\u00f3n de \"Pr\u00f3fugos\" durante los ensayos\u2026", "author_id": "380707508", "created_at": "2018-01-13T02:32:41.000Z", "id": "952005450903572480"}, {"edit_history_tweet_ids": ["952005450031075328"], "text": "RT @FlacoStereo: SODA STEREO | Audio in\u00e9dito compartido por Eduardo Bergallo.\nZapando una extra\u00f1a versi\u00f3n de \"Pr\u00f3fugos\" durante los ensayos\u2026", "author_id": "177753966", "created_at": "2018-01-13T02:32:41.000Z", "id": "952005450031075328"}, {"edit_history_tweet_ids": ["952004296844959745"], "text": "RT @FlacoStereo: SODA STEREO | Audio in\u00e9dito compartido por Eduardo Bergallo.\nZapando una extra\u00f1a versi\u00f3n de \"Pr\u00f3fugos\" durante los ensayos\u2026", "author_id": "566881839", "created_at": "2018-01-13T02:28:06.000Z", "id": "952004296844959745"}, {"edit_history_tweet_ids": ["952004119937585152"], "text": "RT @FlacoStereo: SODA STEREO | Audio in\u00e9dito compartido por Eduardo Bergallo.\nZapando una extra\u00f1a versi\u00f3n de \"Pr\u00f3fugos\" durante los ensayos\u2026", "author_id": "914968602", "created_at": "2018-01-13T02:27:24.000Z", "id": "952004119937585152"}, {"edit_history_tweet_ids": ["952004036265377793"], "text": "RT @FlacoStereo: SODA STEREO | Audio in\u00e9dito compartido por Eduardo Bergallo.\nZapando una extra\u00f1a versi\u00f3n de \"Pr\u00f3fugos\" durante los ensayos\u2026", "author_id": "61099565", "created_at": "2018-01-13T02:27:04.000Z", "id": "952004036265377793"}, {"edit_history_tweet_ids": ["952003061848952833"], "text": "RT @FlacoStereo: SODA STEREO | Audio in\u00e9dito compartido por Eduardo Bergallo.\nZapando una extra\u00f1a versi\u00f3n de \"Pr\u00f3fugos\" durante los ensayos\u2026", "author_id": "605962959", "created_at": "2018-01-13T02:23:11.000Z", "id": "952003061848952833"}, {"edit_history_tweet_ids": ["952002574818988033"], "text": "RT @FlacoStereo: SODA STEREO | Audio in\u00e9dito compartido por Eduardo Bergallo.\nZapando una extra\u00f1a versi\u00f3n de \"Pr\u00f3fugos\" durante los ensayos\u2026", "author_id": "113725208", "created_at": "2018-01-13T02:21:15.000Z", "id": "952002574818988033"}, {"edit_history_tweet_ids": ["952002005605797889"], "text": "RT @FlacoStereo: SODA STEREO | Audio in\u00e9dito compartido por Eduardo Bergallo.\nZapando una extra\u00f1a versi\u00f3n de \"Pr\u00f3fugos\" durante los ensayos\u2026", "author_id": "983539502", "created_at": "2018-01-13T02:19:00.000Z", "id": "952002005605797889"}, {"edit_history_tweet_ids": ["952001820628484096"], "text": "https://t.co/Od6hLsbgLX Agradecer a Jose Ruben Eduardo Gonzalez por el material audiovisual.... https://t.co/QVqQDt5vaA", "author_id": "976100790", "created_at": "2018-01-13T02:18:16.000Z", "id": "952001820628484096"}, {"edit_history_tweet_ids": ["952001815293431809"], "text": "RT @FlacoStereo: SODA STEREO | Audio in\u00e9dito compartido por Eduardo Bergallo.\nZapando una extra\u00f1a versi\u00f3n de \"Pr\u00f3fugos\" durante los ensayos\u2026", "author_id": "248873529", "created_at": "2018-01-13T02:18:14.000Z", "id": "952001815293431809"}, {"edit_history_tweet_ids": ["952001542500085760"], "text": "RT @FlacoStereo: SODA STEREO | Audio in\u00e9dito compartido por Eduardo Bergallo.\nZapando una extra\u00f1a versi\u00f3n de \"Pr\u00f3fugos\" durante los ensayos\u2026", "author_id": "132150758", "created_at": "2018-01-13T02:17:09.000Z", "id": "952001542500085760"}, {"edit_history_tweet_ids": ["952001143508537344"], "text": "RT @FlacoStereo: SODA STEREO | Audio in\u00e9dito compartido por Eduardo Bergallo.\nZapando una extra\u00f1a versi\u00f3n de \"Pr\u00f3fugos\" durante los ensayos\u2026", "author_id": "3129432767", "created_at": "2018-01-13T02:15:34.000Z", "id": "952001143508537344"}, {"edit_history_tweet_ids": ["952000994191335424"], "text": "RT @FlacoStereo: SODA STEREO | Audio in\u00e9dito compartido por Eduardo Bergallo.\nZapando una extra\u00f1a versi\u00f3n de \"Pr\u00f3fugos\" durante los ensayos\u2026", "author_id": "37122355", "created_at": "2018-01-13T02:14:58.000Z", "id": "952000994191335424"}, {"edit_history_tweet_ids": ["952000258590035968"], "text": "RT @FlacoStereo: SODA STEREO | Audio in\u00e9dito compartido por Eduardo Bergallo.\nZapando una extra\u00f1a versi\u00f3n de \"Pr\u00f3fugos\" durante los ensayos\u2026", "author_id": "344101119", "created_at": "2018-01-13T02:12:03.000Z", "id": "952000258590035968"}, {"edit_history_tweet_ids": ["952000068495794176"], "text": "RT @FlacoStereo: SODA STEREO | Audio in\u00e9dito compartido por Eduardo Bergallo.\nZapando una extra\u00f1a versi\u00f3n de \"Pr\u00f3fugos\" durante los ensayos\u2026", "author_id": "149146989", "created_at": "2018-01-13T02:11:18.000Z", "id": "952000068495794176"}, {"edit_history_tweet_ids": ["951998575181029376"], "text": "RT @FlacoStereo: SODA STEREO | Audio in\u00e9dito compartido por Eduardo Bergallo.\nZapando una extra\u00f1a versi\u00f3n de \"Pr\u00f3fugos\" durante los ensayos\u2026", "author_id": "606431822", "created_at": "2018-01-13T02:05:22.000Z", "id": "951998575181029376"}, {"edit_history_tweet_ids": ["951996989272715265"], "text": "RT @FlacoStereo: SODA STEREO | Audio in\u00e9dito compartido por Eduardo Bergallo.\nZapando una extra\u00f1a versi\u00f3n de \"Pr\u00f3fugos\" durante los ensayos\u2026", "author_id": "619377243", "created_at": "2018-01-13T01:59:04.000Z", "id": "951996989272715265"}, {"edit_history_tweet_ids": ["951996485046063104"], "text": "RT @FlacoStereo: SODA STEREO | Audio in\u00e9dito compartido por Eduardo Bergallo.\nZapando una extra\u00f1a versi\u00f3n de \"Pr\u00f3fugos\" durante los ensayos\u2026", "author_id": "896818924129587201", "created_at": "2018-01-13T01:57:03.000Z", "id": "951996485046063104"}, {"edit_history_tweet_ids": ["951996419996635136"], "text": "RT @FlacoStereo: SODA STEREO | Audio in\u00e9dito compartido por Eduardo Bergallo.\nZapando una extra\u00f1a versi\u00f3n de \"Pr\u00f3fugos\" durante los ensayos\u2026", "author_id": "899017550", "created_at": "2018-01-13T01:56:48.000Z", "id": "951996419996635136"}, {"edit_history_tweet_ids": ["951996122918252544"], "text": "RT @FlacoStereo: SODA STEREO | Audio in\u00e9dito compartido por Eduardo Bergallo.\nZapando una extra\u00f1a versi\u00f3n de \"Pr\u00f3fugos\" durante los ensayos\u2026", "author_id": "1898467585", "created_at": "2018-01-13T01:55:37.000Z", "id": "951996122918252544"}, {"edit_history_tweet_ids": ["951995252939862016"], "text": "RT @FlacoStereo: SODA STEREO | Audio in\u00e9dito compartido por Eduardo Bergallo.\nZapando una extra\u00f1a versi\u00f3n de \"Pr\u00f3fugos\" durante los ensayos\u2026", "author_id": "2329177980", "created_at": "2018-01-13T01:52:10.000Z", "id": "951995252939862016"}, {"edit_history_tweet_ids": ["951994396760772608"], "text": "RT @FlacoStereo: SODA STEREO | Audio in\u00e9dito compartido por Eduardo Bergallo.\nZapando una extra\u00f1a versi\u00f3n de \"Pr\u00f3fugos\" durante los ensayos\u2026", "author_id": "2528616318", "created_at": "2018-01-13T01:48:46.000Z", "id": "951994396760772608"}, {"edit_history_tweet_ids": ["951993609137639426"], "text": "RT @FlacoStereo: SODA STEREO | Audio in\u00e9dito compartido por Eduardo Bergallo.\nZapando una extra\u00f1a versi\u00f3n de \"Pr\u00f3fugos\" durante los ensayos\u2026", "author_id": "918138372", "created_at": "2018-01-13T01:45:38.000Z", "id": "951993609137639426"}, {"edit_history_tweet_ids": ["951993199257628672"], "text": "RT @FlacoStereo: SODA STEREO | Audio in\u00e9dito compartido por Eduardo Bergallo.\nZapando una extra\u00f1a versi\u00f3n de \"Pr\u00f3fugos\" durante los ensayos\u2026", "author_id": "155377819", "created_at": "2018-01-13T01:44:00.000Z", "id": "951993199257628672"}, {"edit_history_tweet_ids": ["951991712536322049"], "text": "RT @FlacoStereo: SODA STEREO | Audio in\u00e9dito compartido por Eduardo Bergallo.\nZapando una extra\u00f1a versi\u00f3n de \"Pr\u00f3fugos\" durante los ensayos\u2026", "author_id": "535740781", "created_at": "2018-01-13T01:38:06.000Z", "id": "951991712536322049"}, {"edit_history_tweet_ids": ["951989109915987970"], "text": "RT @FlacoStereo: SODA STEREO | Audio in\u00e9dito compartido por Eduardo Bergallo.\nZapando una extra\u00f1a versi\u00f3n de \"Pr\u00f3fugos\" durante los ensayos\u2026", "author_id": "987101924", "created_at": "2018-01-13T01:27:45.000Z", "id": "951989109915987970"}, {"edit_history_tweet_ids": ["951988606259822592"], "text": "RT @FlacoStereo: SODA STEREO | Audio in\u00e9dito compartido por Eduardo Bergallo.\nZapando una extra\u00f1a versi\u00f3n de \"Pr\u00f3fugos\" durante los ensayos\u2026", "author_id": "1864472948", "created_at": "2018-01-13T01:25:45.000Z", "id": "951988606259822592"}, {"edit_history_tweet_ids": ["951988201836642306"], "text": "RT @FlacoStereo: SODA STEREO | Audio in\u00e9dito compartido por Eduardo Bergallo.\nZapando una extra\u00f1a versi\u00f3n de \"Pr\u00f3fugos\" durante los ensayos\u2026", "author_id": "89722381", "created_at": "2018-01-13T01:24:09.000Z", "id": "951988201836642306"}, {"edit_history_tweet_ids": ["951988028662341633"], "text": "RT @FlacoStereo: SODA STEREO | Audio in\u00e9dito compartido por Eduardo Bergallo.\nZapando una extra\u00f1a versi\u00f3n de \"Pr\u00f3fugos\" durante los ensayos\u2026", "author_id": "893244931938103300", "created_at": "2018-01-13T01:23:27.000Z", "id": "951988028662341633"}, {"edit_history_tweet_ids": ["951987621940662274"], "text": "RT @FlacoStereo: SODA STEREO | Audio in\u00e9dito compartido por Eduardo Bergallo.\nZapando una extra\u00f1a versi\u00f3n de \"Pr\u00f3fugos\" durante los ensayos\u2026", "author_id": "144706470", "created_at": "2018-01-13T01:21:50.000Z", "id": "951987621940662274"}, {"edit_history_tweet_ids": ["951986059491016704"], "text": "@EJ_RojasRamirez @Eduardo_Guti @ldacr El mejor sin duda alguna. Luego Naham\u00e1n Gonz\u00e1lez. Y en tercer lugar no sabr\u00eda a qui\u00e9n poner.", "author_id": "798658586159280128", "created_at": "2018-01-13T01:15:38.000Z", "id": "951986059491016704"}, {"edit_history_tweet_ids": ["951985784797659136"], "text": "RT @FlacoStereo: SODA STEREO | Audio in\u00e9dito compartido por Eduardo Bergallo.\nZapando una extra\u00f1a versi\u00f3n de \"Pr\u00f3fugos\" durante los ensayos\u2026", "author_id": "3025929665", "created_at": "2018-01-13T01:14:32.000Z", "id": "951985784797659136"}, {"edit_history_tweet_ids": ["951985558804451329"], "text": "Ferreyra, Araceli (Peronismo p/ la victoria) \nFilmus, Daniel (FPV-PJ) \nFranco, Jorge Daniel (FCM) \nGarr\u00e9, Nilda Celia (FPV-PJ) \nGayol, Yanina (PRO) \nGonzalez Seligra, Nathalia Ines (PTS \u2013 FIT) \nGrana, Adri\u00e1n Eduardo (FPV-PJ) \nGrosso, Leonardo (Peronismo p/ la Victoria)", "author_id": "1936579573", "created_at": "2018-01-13T01:13:38.000Z", "id": "951985558804451329"}, {"edit_history_tweet_ids": ["951983532020203520"], "text": "RT @FlacoStereo: SODA STEREO | Audio in\u00e9dito compartido por Eduardo Bergallo.\nZapando una extra\u00f1a versi\u00f3n de \"Pr\u00f3fugos\" durante los ensayos\u2026", "author_id": "322209892", "created_at": "2018-01-13T01:05:35.000Z", "id": "951983532020203520"}, {"edit_history_tweet_ids": ["951983042951897088"], "text": "RT @FlacoStereo: SODA STEREO | Audio in\u00e9dito compartido por Eduardo Bergallo.\nZapando una extra\u00f1a versi\u00f3n de \"Pr\u00f3fugos\" durante los ensayos\u2026", "author_id": "180897096", "created_at": "2018-01-13T01:03:39.000Z", "id": "951983042951897088"}, {"edit_history_tweet_ids": ["951982918385139712"], "text": "RT @FlacoStereo: SODA STEREO | Audio in\u00e9dito compartido por Eduardo Bergallo.\nZapando una extra\u00f1a versi\u00f3n de \"Pr\u00f3fugos\" durante los ensayos\u2026", "author_id": "353404372", "created_at": "2018-01-13T01:03:09.000Z", "id": "951982918385139712"}, {"edit_history_tweet_ids": ["951982491757408256"], "text": "RT @FlacoStereo: SODA STEREO | Audio in\u00e9dito compartido por Eduardo Bergallo.\nZapando una extra\u00f1a versi\u00f3n de \"Pr\u00f3fugos\" durante los ensayos\u2026", "author_id": "600938448", "created_at": "2018-01-13T01:01:27.000Z", "id": "951982491757408256"}, {"edit_history_tweet_ids": ["951982044942397442"], "text": "RT @FlacoStereo: SODA STEREO | Audio in\u00e9dito compartido por Eduardo Bergallo.\nZapando una extra\u00f1a versi\u00f3n de \"Pr\u00f3fugos\" durante los ensayos\u2026", "author_id": "2304080483", "created_at": "2018-01-13T00:59:41.000Z", "id": "951982044942397442"}, {"edit_history_tweet_ids": ["951981698153172993"], "text": "RT @FlacoStereo: SODA STEREO | Audio in\u00e9dito compartido por Eduardo Bergallo.\nZapando una extra\u00f1a versi\u00f3n de \"Pr\u00f3fugos\" durante los ensayos\u2026", "author_id": "458909582", "created_at": "2018-01-13T00:58:18.000Z", "id": "951981698153172993"}, {"edit_history_tweet_ids": ["951981427767291904"], "text": "RT @FlacoStereo: SODA STEREO | Audio in\u00e9dito compartido por Eduardo Bergallo.\nZapando una extra\u00f1a versi\u00f3n de \"Pr\u00f3fugos\" durante los ensayos\u2026", "author_id": "198643457", "created_at": "2018-01-13T00:57:13.000Z", "id": "951981427767291904"}, {"edit_history_tweet_ids": ["951981012451512325"], "text": "RT @FlacoStereo: SODA STEREO | Audio in\u00e9dito compartido por Eduardo Bergallo.\nZapando una extra\u00f1a versi\u00f3n de \"Pr\u00f3fugos\" durante los ensayos\u2026", "author_id": "765933852313387008", "created_at": "2018-01-13T00:55:34.000Z", "id": "951981012451512325"}, {"edit_history_tweet_ids": ["951980920621301760"], "text": "RT @FlacoStereo: SODA STEREO | Audio in\u00e9dito compartido por Eduardo Bergallo.\nZapando una extra\u00f1a versi\u00f3n de \"Pr\u00f3fugos\" durante los ensayos\u2026", "author_id": "3313969821", "created_at": "2018-01-13T00:55:13.000Z", "id": "951980920621301760"}, {"edit_history_tweet_ids": ["951980394227912704"], "text": "RT @FlacoStereo: SODA STEREO | Audio in\u00e9dito compartido por Eduardo Bergallo.\nZapando una extra\u00f1a versi\u00f3n de \"Pr\u00f3fugos\" durante los ensayos\u2026", "author_id": "230330656", "created_at": "2018-01-13T00:53:07.000Z", "id": "951980394227912704"}, {"edit_history_tweet_ids": ["951979607175114752"], "text": "RT @FlacoStereo: SODA STEREO | Audio in\u00e9dito compartido por Eduardo Bergallo.\nZapando una extra\u00f1a versi\u00f3n de \"Pr\u00f3fugos\" durante los ensayos\u2026", "author_id": "1431726187", "created_at": "2018-01-13T00:49:59.000Z", "id": "951979607175114752"}, {"edit_history_tweet_ids": ["951979571372548096"], "text": "RT @FlacoStereo: SODA STEREO | Audio in\u00e9dito compartido por Eduardo Bergallo.\nZapando una extra\u00f1a versi\u00f3n de \"Pr\u00f3fugos\" durante los ensayos\u2026", "author_id": "153142801", "created_at": "2018-01-13T00:49:51.000Z", "id": "951979571372548096"}, {"edit_history_tweet_ids": ["951979540120768512"], "text": "RT @FlacoStereo: SODA STEREO | Audio in\u00e9dito compartido por Eduardo Bergallo.\nZapando una extra\u00f1a versi\u00f3n de \"Pr\u00f3fugos\" durante los ensayos\u2026", "author_id": "278340914", "created_at": "2018-01-13T00:49:43.000Z", "id": "951979540120768512"}, {"edit_history_tweet_ids": ["951979256627826688"], "text": "RT @FlacoStereo: SODA STEREO | Audio in\u00e9dito compartido por Eduardo Bergallo.\nZapando una extra\u00f1a versi\u00f3n de \"Pr\u00f3fugos\" durante los ensayos\u2026", "author_id": "1696286130", "created_at": "2018-01-13T00:48:36.000Z", "id": "951979256627826688"}, {"edit_history_tweet_ids": ["951979237564665856"], "text": "RT @FlacoStereo: SODA STEREO | Audio in\u00e9dito compartido por Eduardo Bergallo.\nZapando una extra\u00f1a versi\u00f3n de \"Pr\u00f3fugos\" durante los ensayos\u2026", "author_id": "134605624", "created_at": "2018-01-13T00:48:31.000Z", "id": "951979237564665856"}, {"edit_history_tweet_ids": ["951979154676834304"], "text": "RT @FlacoStereo: SODA STEREO | Audio in\u00e9dito compartido por Eduardo Bergallo.\nZapando una extra\u00f1a versi\u00f3n de \"Pr\u00f3fugos\" durante los ensayos\u2026", "author_id": "134800264", "created_at": "2018-01-13T00:48:12.000Z", "id": "951979154676834304"}, {"edit_history_tweet_ids": ["951979137098493952"], "text": "RT @FlacoStereo: SODA STEREO | Audio in\u00e9dito compartido por Eduardo Bergallo.\nZapando una extra\u00f1a versi\u00f3n de \"Pr\u00f3fugos\" durante los ensayos\u2026", "author_id": "146096329", "created_at": "2018-01-13T00:48:07.000Z", "id": "951979137098493952"}, {"edit_history_tweet_ids": ["951978893191319552"], "text": "RT @FlacoStereo: SODA STEREO | Audio in\u00e9dito compartido por Eduardo Bergallo.\nZapando una extra\u00f1a versi\u00f3n de \"Pr\u00f3fugos\" durante los ensayos\u2026", "author_id": "76321154", "created_at": "2018-01-13T00:47:09.000Z", "id": "951978893191319552"}, {"edit_history_tweet_ids": ["951978693236330498"], "text": "RT @FlacoStereo: SODA STEREO | Audio in\u00e9dito compartido por Eduardo Bergallo.\nZapando una extra\u00f1a versi\u00f3n de \"Pr\u00f3fugos\" durante los ensayos\u2026", "author_id": "288401006", "created_at": "2018-01-13T00:46:22.000Z", "id": "951978693236330498"}, {"edit_history_tweet_ids": ["951978467817648133"], "text": "RT @FlacoStereo: SODA STEREO | Audio in\u00e9dito compartido por Eduardo Bergallo.\nZapando una extra\u00f1a versi\u00f3n de \"Pr\u00f3fugos\" durante los ensayos\u2026", "author_id": "818664263208357888", "created_at": "2018-01-13T00:45:28.000Z", "id": "951978467817648133"}, {"edit_history_tweet_ids": ["951977985099231232"], "text": "RT @FlacoStereo: SODA STEREO | Audio in\u00e9dito compartido por Eduardo Bergallo.\nZapando una extra\u00f1a versi\u00f3n de \"Pr\u00f3fugos\" durante los ensayos\u2026", "author_id": "145498402", "created_at": "2018-01-13T00:43:33.000Z", "id": "951977985099231232"}, {"edit_history_tweet_ids": ["951977977671233541"], "text": "RT @FlacoStereo: SODA STEREO | Audio in\u00e9dito compartido por Eduardo Bergallo.\nZapando una extra\u00f1a versi\u00f3n de \"Pr\u00f3fugos\" durante los ensayos\u2026", "author_id": "942898098371727360", "created_at": "2018-01-13T00:43:31.000Z", "id": "951977977671233541"}, {"edit_history_tweet_ids": ["951977575022292992"], "text": "SODA STEREO | Audio in\u00e9dito compartido por Eduardo Bergallo.\nZapando una extra\u00f1a versi\u00f3n de \"Pr\u00f3fugos\" durante los ensayos para los 14 Gran Rex de Canci\u00f3n Animal junto a Andrea \u00c1lvarez, Daniel Melero y Tweety Gonz\u00e1lez. \nEstudio Supers\u00f3nico, Buenos Aires. 19 de Mayo de 1991 https://t.co/eXR2HJgcI8", "author_id": "1206051228", "created_at": "2018-01-13T00:41:55.000Z", "id": "951977575022292992"}, {"edit_history_tweet_ids": ["951937666139828224"], "text": "Luis Eduardo Motta Gonzalez https://t.co/R1ZNKs2DcB", "author_id": "1246092150", "created_at": "2018-01-12T22:03:20.000Z", "id": "951937666139828224"}, {"edit_history_tweet_ids": ["951914781086310401"], "text": "RT @RubnPerez: Emma Falc\u00f3n cambia de copiloto para esta temporada. Eduardo Gonz\u00e1lez le acompa\u00f1ar\u00e1 en su nueva aventura en el #ERCLadies. #E\u2026", "author_id": "274544917", "created_at": "2018-01-12T20:32:24.000Z", "id": "951914781086310401"}], "meta": {"newest_id": "952050576149315584", "oldest_id": "951914781086310401", "result_count": 99, "next_token": "1jzu9lk96gu5npw44ne64v316n5nyxbm3dty9a6aa4xp"}}