{"data": [{"id": "663911991203921920", "edit_history_tweet_ids": ["663911991203921920"], "author_id": "10252962", "created_at": "2015-11-10T02:52:08.000Z", "text": "Mother says her son Miguel Cano, 34, was killed by LAPD in Lake Balboa https://t.co/HaNkABIkWT https://t.co/WAWk2pTAAx"}, {"id": "663887696457170944", "edit_history_tweet_ids": ["663887696457170944"], "author_id": "879272826", "created_at": "2015-11-10T01:15:35.000Z", "text": "RT @DaveMechamTime: Distraught in LA's #LakeBalboa neighborhood following officer involved shooting of 34-year-old Miguel Cano. @KTLA https\u2026"}, {"id": "663884370000801792", "edit_history_tweet_ids": ["663884370000801792"], "author_id": "1387440722", "created_at": "2015-11-10T01:02:22.000Z", "text": "RT @DaveMechamTime: Distraught in LA's #LakeBalboa neighborhood following officer involved shooting of 34-year-old Miguel Cano. @KTLA https\u2026"}, {"id": "663883380451180544", "edit_history_tweet_ids": ["663883380451180544"], "author_id": "84750818", "created_at": "2015-11-10T00:58:26.000Z", "text": "RT @DaveMechamTime: Distraught in LA's #LakeBalboa neighborhood following officer involved shooting of 34-year-old Miguel Cano. @KTLA https\u2026"}, {"id": "663881964202536960", "edit_history_tweet_ids": ["663881964202536960"], "author_id": "218789497", "created_at": "2015-11-10T00:52:49.000Z", "text": "RT @DaveMechamTime: Distraught in LA's #LakeBalboa neighborhood following officer involved shooting of 34-year-old Miguel Cano. @KTLA https\u2026"}, {"id": "663881593241534464", "edit_history_tweet_ids": ["663881593241534464"], "author_id": "10252962", "created_at": "2015-11-10T00:51:20.000Z", "text": "RT @DaveMechamTime: Distraught in LA's #LakeBalboa neighborhood following officer involved shooting of 34-year-old Miguel Cano. @KTLA https\u2026"}, {"id": "663875225897975808", "edit_history_tweet_ids": ["663875225897975808"], "author_id": "2398214478", "created_at": "2015-11-10T00:26:02.000Z", "text": "Distraught in LA's #LakeBalboa neighborhood following officer involved shooting of 34-year-old Miguel Cano. @KTLA https://t.co/pUHHAYbZ5Y"}, {"id": "663873339383910404", "edit_history_tweet_ids": ["663873339383910404"], "author_id": "272636628", "created_at": "2015-11-10T00:18:32.000Z", "text": "Missing: MIGUEL CANO (CA): MIGUEL CANO, Age Now: 14, Missing: 10/05/2015. Missing From PANORAMA CITY, CA. ANYO... https://t.co/CWmBfDrqe5"}, {"id": "663800744827580416", "edit_history_tweet_ids": ["663800744827580416"], "author_id": "273756406", "created_at": "2015-11-09T19:30:05.000Z", "text": "Missing: MIGUEL CANO (CA) https://t.co/GubQaceVFd"}, {"id": "663790511631790080", "edit_history_tweet_ids": ["663790511631790080"], "author_id": "69959813", "created_at": "2015-11-09T18:49:25.000Z", "text": "@compesa Boa tarde, \ncano estourado na rua Ol\u00edmpio Chacon, entre casas de n\u00b0 118 e 122. Vila S\u00e3o Miguel - Afogados."}, {"id": "663508198515716096", "edit_history_tweet_ids": ["663508198515716096"], "author_id": "2431112304", "created_at": "2015-11-09T00:07:36.000Z", "text": "Xq #obras ayto no conservan #arboles??..miguel cano,  luis oliver, ahora avda nabeul, maiz vi\u00f1als..@MiguelDiazIU https://t.co/tMZfjhmj4W"}, {"id": "663437475604381696", "edit_history_tweet_ids": ["663437475604381696"], "author_id": "550338533", "created_at": "2015-11-08T19:26:34.000Z", "text": "Miguel Vera y Mar\u00eda Jos\u00e9 Cano se imponen en los 10 kil\u00f3metros de La Solana https://t.co/V1fOejoDto"}, {"id": "663378067788726272", "edit_history_tweet_ids": ["663378067788726272"], "author_id": "2784223355", "created_at": "2015-11-08T15:30:30.000Z", "text": "Miguel Vera y Mar\u00eda Jos\u00e9 Cano, ganadores de la XII edici\u00f3n de los 10 kil\u00f3metros\u2026 https://t.co/9JCFtvFf7h https://t.co/GsmyX1kqNI"}, {"id": "663198984786219008", "edit_history_tweet_ids": ["663198984786219008"], "author_id": "111417588", "created_at": "2015-11-08T03:38:54.000Z", "text": "@Miguel_Cano_1 eso s\u00ed, aunque LSU saldr\u00e1 hoy de ese Ranking por lo que estoy viendo"}, {"id": "663198589930213376", "edit_history_tweet_ids": ["663198589930213376"], "author_id": "34372313", "created_at": "2015-11-08T03:37:20.000Z", "text": "@M_Futbolera @Miguel_Cano_1 depende resultados creo que pasa con empate"}, {"id": "663197221081362432", "edit_history_tweet_ids": ["663197221081362432"], "author_id": "70861658", "created_at": "2015-11-08T03:31:53.000Z", "text": "@Miguel_Cano_1 no fue de Gaston Fernandes, fue de Oribe Peralta en la J-5 del Clausura 2006"}, {"id": "663193323381788672", "edit_history_tweet_ids": ["663193323381788672"], "author_id": "111417588", "created_at": "2015-11-08T03:16:24.000Z", "text": "@Miguel_Cano_1 pondr\u00eda a Clemson arriba o hasta Michigan State en primero del ranking, Clemson estan hechos unas maquinas"}, {"id": "663113499451654144", "edit_history_tweet_ids": ["663113499451654144"], "author_id": "163733004", "created_at": "2015-11-07T21:59:12.000Z", "text": "@Miguel_Cano_1 @ottohartz no fue partido oficial"}, {"id": "663012258902114305", "edit_history_tweet_ids": ["663012258902114305"], "author_id": "1343337553", "created_at": "2015-11-07T15:16:55.000Z", "text": "14'PT ||| GOOOOOLAZO de Central C\u00f3rdoba. Gran ca\u00f1o y centro de P\u00e9rez para la cabeza del goleador, Fernando Resler. Gana 1 a 0 a San Miguel"}, {"id": "662946952397643776", "edit_history_tweet_ids": ["662946952397643776"], "author_id": "982400564", "created_at": "2015-11-07T10:57:25.000Z", "text": "Estoy en b?squeda activa de #empleo. Puede ver mi CV aqu?: https://t.co/yHTvOGQivK #yonomeparo"}], "meta": {"newest_id": "663911991203921920", "oldest_id": "662946952397643776", "result_count": 20}}