{"data": [{"created_at": "2018-07-26T23:42:01.000Z", "author_id": "1909228550", "text": "RT @atletico: \ud83c\udfa5 Escala\u00e7\u00e3o do Galo: Victor, Patric, Leonardo Silva, Maidana, F\u00e1bio Santos, Jos\u00e9 Welison, Elias, Tom\u00e1s Andrade, David Terans,\u2026", "edit_history_tweet_ids": ["1022628134439583745"], "id": "1022628134439583745"}, {"created_at": "2018-07-26T23:36:20.000Z", "author_id": "115459321", "text": "#Carora Disfruta del verdadero sabor de la carne de cerdo \ud83d\udc16 en @pighousecarora\n\nPerros calientes, arepas, hamburguesas \ud83c\udf54, pepitos y tambi\u00e9n hay gratinados \ud83d\ude0b\n\n\ud83c\udfec Calle Jos\u00e9 Luis Andrade entre Contreras y Sol de Oriente\n\n\ud83d\udd55 6pm a 10pm\n\ud83d\udcf2 0412-5044964\n\u2714\ud83d\udcf1\ud83d\udcb3\n\n#Publicidad https://t.co/S5WSstSwpP", "edit_history_tweet_ids": ["1022626703565369349"], "id": "1022626703565369349"}, {"created_at": "2018-07-26T23:16:41.000Z", "author_id": "882753861404041216", "text": "En el @m_estanquillo, charla: \"Recordando a Manuel Andrade(fundador de la Academia Mexicana de Poes\u00eda). Con Alicia Garc\u00eda Bergua, Carlos L\u00f3pez Beltr\u00e1n, Jos\u00e9 Manuel Recillas y Pedro Serrano.\n\n#DiVersoCDMX #DesbordandoFronteras https://t.co/KrvRByQJbe", "edit_history_tweet_ids": ["1022621761018490884"], "id": "1022621761018490884"}, {"created_at": "2018-07-26T23:12:18.000Z", "author_id": "132247683", "text": "RT @DiVersoCDMX: En el @m_estanquillo ya comienza la charla \"Recordando a Manuel Andrade (fundador de la Academia Mexicana de Poes\u00eda)\" con\u2026", "edit_history_tweet_ids": ["1022620655420768256"], "id": "1022620655420768256"}, {"created_at": "2018-07-26T22:57:49.000Z", "author_id": "299935641", "text": "RT @housetwitoct: Retweeted \u00danete Dona en Vida (@donaenvida):\n\n#Jalisco URGE #sangre y/o #plaquetas A+ para Daael Alexander Andrade Z\u00fa\u00f1iga,\u2026", "edit_history_tweet_ids": ["1022617011799687169"], "id": "1022617011799687169"}, {"created_at": "2018-07-26T22:20:02.000Z", "author_id": "1739582898", "text": "Estas son las noticias que podr\u00e1s ver hoy en tu noticiero \u201cLa Cotorra\u201d un noticiero serio para re\u00edrse, conducido por Jos\u00e9 Prigada\u00e1 Andrade. S\u00edguenos en https://t.co/nty2Veoxwm Televisi\u00f3n.\n\n1.-Crimen pasional indican las investigaciones de las autoridades.\n2.- A cambiar las ... https://t.co/ZevDd70scs", "edit_history_tweet_ids": ["1022607504226701314"], "id": "1022607504226701314"}, {"created_at": "2018-07-26T22:09:17.000Z", "author_id": "3171626456", "text": "RT @DiVersoCDMX: En el @m_estanquillo ya comienza la charla \"Recordando a Manuel Andrade (fundador de la Academia Mexicana de Poes\u00eda)\" con\u2026", "edit_history_tweet_ids": ["1022604798678323202"], "id": "1022604798678323202"}, {"created_at": "2018-07-26T22:01:00.000Z", "author_id": "146649677", "text": "RT @DiVersoCDMX: En el @m_estanquillo ya comienza la charla \"Recordando a Manuel Andrade (fundador de la Academia Mexicana de Poes\u00eda)\" con\u2026", "edit_history_tweet_ids": ["1022602713027301378"], "id": "1022602713027301378"}, {"created_at": "2018-07-26T22:00:26.000Z", "author_id": "112081025", "text": "RT @DiVersoCDMX: En el @m_estanquillo ya comienza la charla \"Recordando a Manuel Andrade (fundador de la Academia Mexicana de Poes\u00eda)\" con\u2026", "edit_history_tweet_ids": ["1022602572060872707"], "id": "1022602572060872707"}, {"created_at": "2018-07-26T21:53:31.000Z", "author_id": "882753861404041216", "text": "En el @m_estanquillo ya comienza la charla \"Recordando a Manuel Andrade (fundador de la Academia Mexicana de Poes\u00eda)\" con la grata participaci\u00f3n de Alicia Garc\u00eda Bergua, Carlos L\u00f3pez Beltr\u00e1n,  Jos\u00e9 Manuel Recillas y Pedro Serrano. \u00a1Acomp\u00e1\u00f1enos!\n#DiVersoCDMX #DesbordandoFronteras https://t.co/W7sS3ujMUf", "edit_history_tweet_ids": ["1022600830292303872"], "id": "1022600830292303872"}, {"created_at": "2018-07-26T21:29:25.000Z", "author_id": "1739582898", "text": "Ajedrez\n\nPor. Jos\u00e9 Prigada\u00e1 Andrade\n\n*Nautla, pueblo sin ley \n\nhttps://t.co/j30QBIPJwY @ConoceNautla @H_AytoNautla", "edit_history_tweet_ids": ["1022594766238883840"], "id": "1022594766238883840"}, {"created_at": "2018-07-26T21:26:54.000Z", "author_id": "1739582898", "text": "Ajedrez\n\nPor. Jos\u00e9 Prigada\u00e1 Andrade\n\n*Nautla, pueblo sin ley \n\nhttps://t.co/j30QBJ7kow https://t.co/ikdC1QEhJe", "edit_history_tweet_ids": ["1022594131669835777"], "id": "1022594131669835777"}, {"created_at": "2018-07-26T21:11:00.000Z", "author_id": "488655177", "text": "RT @donaenvida: #Jalisco URGE #sangre y/o #plaquetas A+ para Daael Alexander Andrade Z\u00fa\u00f1iga, Hospital Real San Jos\u00e9 #Gdl. Info. @tr616 RT", "edit_history_tweet_ids": ["1022590132187262977"], "id": "1022590132187262977"}, {"created_at": "2018-07-26T20:43:57.000Z", "author_id": "356370889", "text": "RT @donaenvida: #Jalisco URGE #sangre y/o #plaquetas A+ para Daael Alexander Andrade Z\u00fa\u00f1iga, Hospital Real San Jos\u00e9 #Gdl. Info. @tr616 RT", "edit_history_tweet_ids": ["1022583324454338562"], "id": "1022583324454338562"}, {"created_at": "2018-07-26T19:49:50.000Z", "author_id": "348451945", "text": "Eduard Jose Arteaga Pedriquez Daniel Arias Jorge Alejandro Andrade Brice\u00f1o Yender Guerra https://t.co/9zsSG3kdiw", "edit_history_tweet_ids": ["1022569704727162881"], "id": "1022569704727162881"}, {"created_at": "2018-07-26T19:19:53.000Z", "author_id": "61940383", "text": "RT @atletico: \ud83c\udfa5 Escala\u00e7\u00e3o do Galo: Victor, Patric, Leonardo Silva, Maidana, F\u00e1bio Santos, Jos\u00e9 Welison, Elias, Tom\u00e1s Andrade, David Terans,\u2026", "edit_history_tweet_ids": ["1022562167768399872"], "id": "1022562167768399872"}, {"created_at": "2018-07-26T18:39:44.000Z", "author_id": "3299211999", "text": "Examen de Grado. Diego Andrade. El imaginario de Kulczewski. Comisi\u00f3n Marisol Saborido, Alessandra Caputo, Jos\u00e9 Rosas. en Magister en Patrimonio Cultural UC https://t.co/pOL5HnSTMp", "edit_history_tweet_ids": ["1022552062574440450"], "id": "1022552062574440450"}, {"created_at": "2018-07-26T18:36:40.000Z", "author_id": "50939147", "text": "RT @donaenvida: #Jalisco URGE #sangre y/o #plaquetas A+ para Daael Alexander Andrade Z\u00fa\u00f1iga, Hospital Real San Jos\u00e9 #Gdl. Info. @tr616 RT", "edit_history_tweet_ids": ["1022551290625306631"], "id": "1022551290625306631"}, {"created_at": "2018-07-26T18:27:46.000Z", "author_id": "3299211999", "text": "Ahora! Examen de Grado. Diego Andrade. Kulczewski Imaginario e Identidad. Comisi\u00f3n Marisol Saborido, Alessandra Caputo, Jos\u00e9 Rosas. en Magister en Patrimonio Cultural UC https://t.co/tq23zswJyK", "edit_history_tweet_ids": ["1022549049155768320"], "id": "1022549049155768320"}, {"created_at": "2018-07-26T17:03:53.000Z", "author_id": "1573741998", "text": "RT @housetwitoct: Retweeted \u00danete Dona en Vida (@donaenvida):\n\n#Jalisco URGE #sangre y/o #plaquetas A+ para Daael Alexander Andrade Z\u00fa\u00f1iga,\u2026", "edit_history_tweet_ids": ["1022527940196802562"], "id": "1022527940196802562"}, {"created_at": "2018-07-26T16:07:28.000Z", "author_id": "2781196415", "text": "RT @atletico: \ud83c\udfa5 Escala\u00e7\u00e3o do Galo: Victor, Patric, Leonardo Silva, Maidana, F\u00e1bio Santos, Jos\u00e9 Welison, Elias, Tom\u00e1s Andrade, David Terans,\u2026", "edit_history_tweet_ids": ["1022513744222580737"], "id": "1022513744222580737"}, {"created_at": "2018-07-26T16:01:56.000Z", "author_id": "872926988", "text": "RT @donaenvida: #Jalisco URGE #sangre y/o #plaquetas A+ para Daael Alexander Andrade Z\u00fa\u00f1iga, Hospital Real San Jos\u00e9 #Gdl. Info. @tr616 RT", "edit_history_tweet_ids": ["1022512349238976514"], "id": "1022512349238976514"}, {"created_at": "2018-07-26T15:48:58.000Z", "author_id": "2910222981", "text": "RT @donaenvida: #Jalisco URGE #sangre y/o #plaquetas A+ para Daael Alexander Andrade Z\u00fa\u00f1iga, Hospital Real San Jos\u00e9 #Gdl. Info. @tr616 RT", "edit_history_tweet_ids": ["1022509088931045376"], "id": "1022509088931045376"}, {"created_at": "2018-07-26T15:48:48.000Z", "author_id": "2910222981", "text": "RT @housetwitoct: Retweeted \u00danete Dona en Vida (@donaenvida):\n\n#Jalisco URGE #sangre y/o #plaquetas A+ para Daael Alexander Andrade Z\u00fa\u00f1iga,\u2026", "edit_history_tweet_ids": ["1022509045658382337"], "id": "1022509045658382337"}, {"created_at": "2018-07-26T15:38:56.000Z", "author_id": "82543076", "text": "RT @donaenvida: #Jalisco URGE #sangre y/o #plaquetas A+ para Daael Alexander Andrade Z\u00fa\u00f1iga, Hospital Real San Jos\u00e9 #Gdl. Info. @tr616 RT", "edit_history_tweet_ids": ["1022506564417187840"], "id": "1022506564417187840"}, {"created_at": "2018-07-26T15:22:59.000Z", "author_id": "2890781355", "text": "RT @donaenvida: #Jalisco URGE #sangre y/o #plaquetas A+ para Daael Alexander Andrade Z\u00fa\u00f1iga, Hospital Real San Jos\u00e9 #Gdl. Info. @tr616 RT", "edit_history_tweet_ids": ["1022502548668862464"], "id": "1022502548668862464"}, {"created_at": "2018-07-26T15:18:37.000Z", "author_id": "25123944", "text": "Reflejos Vol. 1, https://t.co/ZW1pwGgEyf", "edit_history_tweet_ids": ["1022501449035595776"], "id": "1022501449035595776"}, {"created_at": "2018-07-26T15:16:16.000Z", "author_id": "2890781355", "text": "RT @housetwitoct: Retweeted \u00danete Dona en Vida (@donaenvida):\n\n#Jalisco URGE #sangre y/o #plaquetas A+ para Daael Alexander Andrade Z\u00fa\u00f1iga,\u2026", "edit_history_tweet_ids": ["1022500860558028800"], "id": "1022500860558028800"}, {"created_at": "2018-07-26T14:38:20.000Z", "author_id": "111723994", "text": "RT @donaenvida: #Jalisco URGE #sangre y/o #plaquetas A+ para Daael Alexander Andrade Z\u00fa\u00f1iga, Hospital Real San Jos\u00e9 #Gdl. Info. @tr616 RT", "edit_history_tweet_ids": ["1022491313252589568"], "id": "1022491313252589568"}, {"created_at": "2018-07-26T14:34:52.000Z", "author_id": "114325194", "text": "RT @donaenvida: #Jalisco URGE #sangre y/o #plaquetas A+ para Daael Alexander Andrade Z\u00fa\u00f1iga, Hospital Real San Jos\u00e9 #Gdl. Info. @tr616 RT", "edit_history_tweet_ids": ["1022490440363397120"], "id": "1022490440363397120"}, {"created_at": "2018-07-26T14:04:05.000Z", "author_id": "100041369", "text": "RT @donaenvida: #Jalisco URGE #sangre y/o #plaquetas A+ para Daael Alexander Andrade Z\u00fa\u00f1iga, Hospital Real San Jos\u00e9 #Gdl. Info. @tr616 RT", "edit_history_tweet_ids": ["1022482691256659969"], "id": "1022482691256659969"}, {"created_at": "2018-07-26T14:03:31.000Z", "author_id": "1292903190", "text": "RT @donaenvida: #Jalisco URGE #sangre y/o #plaquetas A+ para Daael Alexander Andrade Z\u00fa\u00f1iga, Hospital Real San Jos\u00e9 #Gdl. Info. @tr616 RT", "edit_history_tweet_ids": ["1022482550231523328"], "id": "1022482550231523328"}, {"created_at": "2018-07-26T13:57:56.000Z", "author_id": "261282385", "text": "RT @donaenvida: #Jalisco URGE #sangre y/o #plaquetas A+ para Daael Alexander Andrade Z\u00fa\u00f1iga, Hospital Real San Jos\u00e9 #Gdl. Info. @tr616 RT", "edit_history_tweet_ids": ["1022481146733645824"], "id": "1022481146733645824"}, {"created_at": "2018-07-26T13:53:34.000Z", "author_id": "276027560", "text": "Retweeted \u00danete Dona en Vida (@donaenvida):\n\n#Jalisco URGE #sangre y/o #plaquetas A+ para Daael Alexander Andrade Z\u00fa\u00f1iga, Hospital Real San Jos\u00e9 #Gdl. Info. @tr616 RT", "edit_history_tweet_ids": ["1022480046164979713"], "id": "1022480046164979713"}, {"created_at": "2018-07-26T13:53:32.000Z", "author_id": "276027560", "text": "RT @donaenvida: #Jalisco URGE #sangre y/o #plaquetas A+ para Daael Alexander Andrade Z\u00fa\u00f1iga, Hospital Real San Jos\u00e9 #Gdl. Info. @tr616 RT", "edit_history_tweet_ids": ["1022480037495418881"], "id": "1022480037495418881"}, {"created_at": "2018-07-26T13:53:26.000Z", "author_id": "281705833", "text": "RT @donaenvida: #Jalisco URGE #sangre y/o #plaquetas A+ para Daael Alexander Andrade Z\u00fa\u00f1iga, Hospital Real San Jos\u00e9 #Gdl. Info. @tr616 RT", "edit_history_tweet_ids": ["1022480011725561857"], "id": "1022480011725561857"}, {"created_at": "2018-07-26T13:52:47.000Z", "author_id": "945713886778490880", "text": "RT @donaenvida: #Jalisco URGE #sangre y/o #plaquetas A+ para Daael Alexander Andrade Z\u00fa\u00f1iga, Hospital Real San Jos\u00e9 #Gdl. Info. @tr616 RT", "edit_history_tweet_ids": ["1022479851129692161"], "id": "1022479851129692161"}, {"created_at": "2018-07-26T13:52:45.000Z", "author_id": "1573741998", "text": "RT @donaenvida: #Jalisco URGE #sangre y/o #plaquetas A+ para Daael Alexander Andrade Z\u00fa\u00f1iga, Hospital Real San Jos\u00e9 #Gdl. Info. @tr616 RT", "edit_history_tweet_ids": ["1022479841549987841"], "id": "1022479841549987841"}, {"created_at": "2018-07-26T13:51:45.000Z", "author_id": "301690898", "text": "RT @donaenvida: #Jalisco URGE #sangre y/o #plaquetas A+ para Daael Alexander Andrade Z\u00fa\u00f1iga, Hospital Real San Jos\u00e9 #Gdl. Info. @tr616 RT", "edit_history_tweet_ids": ["1022479590311251968"], "id": "1022479590311251968"}, {"created_at": "2018-07-26T13:51:13.000Z", "author_id": "221921060", "text": "#Jalisco URGE #sangre y/o #plaquetas A+ para Daael Alexander Andrade Z\u00fa\u00f1iga, Hospital Real San Jos\u00e9 #Gdl. Info. @tr616 RT", "edit_history_tweet_ids": ["1022479453824471040"], "id": "1022479453824471040"}, {"created_at": "2018-07-26T12:55:42.000Z", "author_id": "898695396138119168", "text": "RT @OVSMIJ: #Ent\u00e9rate | Este 25 de julio, a las 4 pm, el Cendis realizar\u00e1 un taller con Leonisis V\u00e1squez, Jos\u00e9 Javier Meneses, Jose Luis Ve\u2026", "edit_history_tweet_ids": ["1022465482560086016"], "id": "1022465482560086016"}, {"created_at": "2018-07-26T11:27:07.000Z", "author_id": "136665317", "text": "RT @labarrabrava: Actuaci\u00f3n del #TalentoBravosDeMargarita el mi\u00e9rcoles en #MiLB:\n\nFabian Andrade-OF-1B-PZ (Red Sox1/DSL): 5-3, CI, BB, .245\u2026", "edit_history_tweet_ids": ["1022443191260401664"], "id": "1022443191260401664"}, {"created_at": "2018-07-26T11:10:54.000Z", "author_id": "61814921", "text": "Actuaci\u00f3n del #TalentoBravosDeMargarita el mi\u00e9rcoles en #MiLB:\n\nFabian Andrade-OF-1B-PZ (Red Sox1/DSL): 5-3, CI, BB, .245 AVE\n\nYimmi Cortabarria-CF (Astros-DSL): 4-2, HR, CA, 2 CA, .127 AVE\n\nJos\u00e9 Ferrer-C (Blue Jays/DSL): 2-0, CA, BB, .119 AVE", "edit_history_tweet_ids": ["1022439108726140928"], "id": "1022439108726140928"}, {"created_at": "2018-07-26T10:03:49.000Z", "author_id": "744868099434909696", "text": "RT @atletico: \ud83c\udfa5 Escala\u00e7\u00e3o do Galo: Victor, Patric, Leonardo Silva, Maidana, F\u00e1bio Santos, Jos\u00e9 Welison, Elias, Tom\u00e1s Andrade, David Terans,\u2026", "edit_history_tweet_ids": ["1022422227256573952"], "id": "1022422227256573952"}, {"created_at": "2018-07-26T08:53:49.000Z", "author_id": "178775564", "text": "RT @atletico: \ud83c\udfa5 Escala\u00e7\u00e3o do Galo: Victor, Patric, Leonardo Silva, Maidana, F\u00e1bio Santos, Jos\u00e9 Welison, Elias, Tom\u00e1s Andrade, David Terans,\u2026", "edit_history_tweet_ids": ["1022404612995903488"], "id": "1022404612995903488"}, {"created_at": "2018-07-26T08:50:07.000Z", "author_id": "178775564", "text": "RT @Velocipedi_man: Victor, Patric, Leonardo Silva, Maidana, F\u00e1bio Santos, Jos\u00e9 Welison,  Elias, Tom\u00e1s Andrade, David Terans, Char\u00e1 e Ricar\u2026", "edit_history_tweet_ids": ["1022403679540928512"], "id": "1022403679540928512"}, {"created_at": "2018-07-26T08:39:49.000Z", "author_id": "1541302322", "text": "RT @IndotEcuador: \ud83d\ude91 2 nuevos operativos exitosos en las \u00faltimas 72 horas coordinados en #Quito y Cuenca por el Instituto Nacional de Donaci\u2026", "edit_history_tweet_ids": ["1022401086722846720"], "id": "1022401086722846720"}, {"created_at": "2018-07-26T04:52:10.000Z", "author_id": "385380880", "text": "RT @atletico: \ud83c\udfa5 Escala\u00e7\u00e3o do Galo: Victor, Patric, Leonardo Silva, Maidana, F\u00e1bio Santos, Jos\u00e9 Welison, Elias, Tom\u00e1s Andrade, David Terans,\u2026", "edit_history_tweet_ids": ["1022343800545525767"], "id": "1022343800545525767"}, {"created_at": "2018-07-26T04:09:44.000Z", "author_id": "323017376", "text": "Deivid Silva Naison Pereira Silva Alyson Silva Jonatan Silva Weslei Nascimento Alex Duarte J\u00f4 Paula Ot\u00e1vio Silva Jos\u00e9 Otavio Andrade PARECE QUE \u00c9 150 CC \ud83e\udd23\ud83e\udd23\ud83e\udd23\ud83e\udd23\ud83e\udd23 https://t.co/XlMXIkqI9h", "edit_history_tweet_ids": ["1022333117946884096"], "id": "1022333117946884096"}, {"created_at": "2018-07-26T03:57:21.000Z", "author_id": "891692924290949122", "text": "RT @atletico: \ud83c\udfa5 Escala\u00e7\u00e3o do Galo: Victor, Patric, Leonardo Silva, Maidana, F\u00e1bio Santos, Jos\u00e9 Welison, Elias, Tom\u00e1s Andrade, David Terans,\u2026", "edit_history_tweet_ids": ["1022330002250051584"], "id": "1022330002250051584"}, {"created_at": "2018-07-26T03:34:36.000Z", "author_id": "130394846", "text": "RT @IndotEcuador: \ud83d\ude91 2 nuevos operativos exitosos en las \u00faltimas 72 horas coordinados en #Quito y Cuenca por el Instituto Nacional de Donaci\u2026", "edit_history_tweet_ids": ["1022324277708767232"], "id": "1022324277708767232"}, {"created_at": "2018-07-26T03:30:02.000Z", "author_id": "1014342222073024518", "text": "@amcquito @aguilarh_jose Es mentira por varios a\u00f1os los moradores de la calle Julio Andrade vamos denunciando y pidiendo se haga algo con el mercado informal que existe y a la fecha nada.\n@24horasUIO @MauricioRodasEC\n@aguilarh_jose\n@amcquito\n@comunidadquito @EcuavisaInforma https://t.co/zHqjNhfuRG", "edit_history_tweet_ids": ["1022323131174805506"], "id": "1022323131174805506"}, {"created_at": "2018-07-26T03:26:38.000Z", "author_id": "3432380038", "text": "RT @atletico: \ud83c\udfa5 Escala\u00e7\u00e3o do Galo: Victor, Patric, Leonardo Silva, Maidana, F\u00e1bio Santos, Jos\u00e9 Welison, Elias, Tom\u00e1s Andrade, David Terans,\u2026", "edit_history_tweet_ids": ["1022322274333089792"], "id": "1022322274333089792"}, {"created_at": "2018-07-26T03:23:14.000Z", "author_id": "1014342222073024518", "text": "@amcquito @aguilarh_jose El SUR tambi\u00e9n es QUITO, calle julio andrade mercado informal por varios a\u00f1os, varias denuncias y a la fecha no se hace nada.\n@24horasUIO @MauricioRodasEC\n@aguilarh_jose\n@amcquito\n@elcomerciocom\n@comunidadquito @EcuavisaInforma", "edit_history_tweet_ids": ["1022321418502057988"], "id": "1022321418502057988"}, {"created_at": "2018-07-26T03:15:21.000Z", "author_id": "1014342222073024518", "text": "@amcquito @aguilarh_jose La calle julio andrade  es tierra de nadie mercado informal ocupa toda la calle, el municipio y su administraci\u00f3n zonal no hacen nada #elsurtambienesQUITO.\n@24horasUIO @MauricioRodasEC\n@aguilarh_jose\n@amcquito\n@comunidadquito @EcuavisaInforma https://t.co/fQrVeh6CfB", "edit_history_tweet_ids": ["1022319433904279552"], "id": "1022319433904279552"}, {"created_at": "2018-07-26T02:37:32.000Z", "author_id": "353900229", "text": "RT @atletico: \ud83c\udfa5 Escala\u00e7\u00e3o do Galo: Victor, Patric, Leonardo Silva, Maidana, F\u00e1bio Santos, Jos\u00e9 Welison, Elias, Tom\u00e1s Andrade, David Terans,\u2026", "edit_history_tweet_ids": ["1022309918634921985"], "id": "1022309918634921985"}, {"created_at": "2018-07-26T02:02:10.000Z", "author_id": "865632308", "text": "RT @IndotEcuador: \ud83d\ude91 2 nuevos operativos exitosos en las \u00faltimas 72 horas coordinados en #Quito y Cuenca por el Instituto Nacional de Donaci\u2026", "edit_history_tweet_ids": ["1022301018661433344"], "id": "1022301018661433344"}, {"created_at": "2018-07-26T01:11:05.000Z", "author_id": "887732721992249344", "text": "RT @IndotEcuador: \ud83d\ude91 2 nuevos operativos exitosos en las \u00faltimas 72 horas coordinados en #Quito y Cuenca por el Instituto Nacional de Donaci\u2026", "edit_history_tweet_ids": ["1022288161358180352"], "id": "1022288161358180352"}, {"created_at": "2018-07-26T00:42:10.000Z", "author_id": "4888557310", "text": "RT @atletico: \ud83c\udfa5 Escala\u00e7\u00e3o do Galo: Victor, Patric, Leonardo Silva, Maidana, F\u00e1bio Santos, Jos\u00e9 Welison, Elias, Tom\u00e1s Andrade, David Terans,\u2026", "edit_history_tweet_ids": ["1022280885146673153"], "id": "1022280885146673153"}, {"created_at": "2018-07-26T00:40:55.000Z", "author_id": "86605050", "text": "RT @atletico: \ud83c\udfa5 Escala\u00e7\u00e3o do Galo: Victor, Patric, Leonardo Silva, Maidana, F\u00e1bio Santos, Jos\u00e9 Welison, Elias, Tom\u00e1s Andrade, David Terans,\u2026", "edit_history_tweet_ids": ["1022280571089809408"], "id": "1022280571089809408"}, {"created_at": "2018-07-26T00:36:00.000Z", "author_id": "966477230724603904", "text": "RT @atletico: \ud83c\udfa5 Escala\u00e7\u00e3o do Galo: Victor, Patric, Leonardo Silva, Maidana, F\u00e1bio Santos, Jos\u00e9 Welison, Elias, Tom\u00e1s Andrade, David Terans,\u2026", "edit_history_tweet_ids": ["1022279333136748544"], "id": "1022279333136748544"}, {"created_at": "2018-07-26T00:34:53.000Z", "author_id": "2720753087", "text": "RT @atletico: \ud83c\udfa5 Escala\u00e7\u00e3o do Galo: Victor, Patric, Leonardo Silva, Maidana, F\u00e1bio Santos, Jos\u00e9 Welison, Elias, Tom\u00e1s Andrade, David Terans,\u2026", "edit_history_tweet_ids": ["1022279051107610624"], "id": "1022279051107610624"}, {"created_at": "2018-07-26T00:21:10.000Z", "author_id": "3436180137", "text": "RT @atletico: \ud83c\udfa5 Escala\u00e7\u00e3o do Galo: Victor, Patric, Leonardo Silva, Maidana, F\u00e1bio Santos, Jos\u00e9 Welison, Elias, Tom\u00e1s Andrade, David Terans,\u2026", "edit_history_tweet_ids": ["1022275598356504581"], "id": "1022275598356504581"}, {"created_at": "2018-07-26T00:19:48.000Z", "author_id": "229550598", "text": "RT @atletico: \ud83c\udfa5 Escala\u00e7\u00e3o do Galo: Victor, Patric, Leonardo Silva, Maidana, F\u00e1bio Santos, Jos\u00e9 Welison, Elias, Tom\u00e1s Andrade, David Terans,\u2026", "edit_history_tweet_ids": ["1022275253496672256"], "id": "1022275253496672256"}, {"created_at": "2018-07-26T00:16:56.000Z", "author_id": "2205056558", "text": "RT @atletico: \ud83c\udfa5 Escala\u00e7\u00e3o do Galo: Victor, Patric, Leonardo Silva, Maidana, F\u00e1bio Santos, Jos\u00e9 Welison, Elias, Tom\u00e1s Andrade, David Terans,\u2026", "edit_history_tweet_ids": ["1022274532332236800"], "id": "1022274532332236800"}, {"created_at": "2018-07-26T00:12:36.000Z", "author_id": "33486298", "text": "RT @atletico: \ud83c\udfa5 Escala\u00e7\u00e3o do Galo: Victor, Patric, Leonardo Silva, Maidana, F\u00e1bio Santos, Jos\u00e9 Welison, Elias, Tom\u00e1s Andrade, David Terans,\u2026", "edit_history_tweet_ids": ["1022273443700649985"], "id": "1022273443700649985"}, {"created_at": "2018-07-26T00:10:25.000Z", "author_id": "577560405", "text": "RT @atletico: \ud83c\udfa5 Escala\u00e7\u00e3o do Galo: Victor, Patric, Leonardo Silva, Maidana, F\u00e1bio Santos, Jos\u00e9 Welison, Elias, Tom\u00e1s Andrade, David Terans,\u2026", "edit_history_tweet_ids": ["1022272894544629761"], "id": "1022272894544629761"}, {"created_at": "2018-07-26T00:05:45.000Z", "author_id": "63580322", "text": "RT @atletico: \ud83c\udfa5 Escala\u00e7\u00e3o do Galo: Victor, Patric, Leonardo Silva, Maidana, F\u00e1bio Santos, Jos\u00e9 Welison, Elias, Tom\u00e1s Andrade, David Terans,\u2026", "edit_history_tweet_ids": ["1022271718025510913"], "id": "1022271718025510913"}, {"created_at": "2018-07-26T00:05:39.000Z", "author_id": "763560758911303680", "text": "RT @atletico: \ud83c\udfa5 Escala\u00e7\u00e3o do Galo: Victor, Patric, Leonardo Silva, Maidana, F\u00e1bio Santos, Jos\u00e9 Welison, Elias, Tom\u00e1s Andrade, David Terans,\u2026", "edit_history_tweet_ids": ["1022271693719515136"], "id": "1022271693719515136"}, {"created_at": "2018-07-26T00:02:59.000Z", "author_id": "42781863", "text": "RT @atletico: \ud83c\udfa5 Escala\u00e7\u00e3o do Galo: Victor, Patric, Leonardo Silva, Maidana, F\u00e1bio Santos, Jos\u00e9 Welison, Elias, Tom\u00e1s Andrade, David Terans,\u2026", "edit_history_tweet_ids": ["1022271021443960833"], "id": "1022271021443960833"}, {"created_at": "2018-07-26T00:02:30.000Z", "author_id": "884719911762788352", "text": "RT @atletico: \ud83c\udfa5 Escala\u00e7\u00e3o do Galo: Victor, Patric, Leonardo Silva, Maidana, F\u00e1bio Santos, Jos\u00e9 Welison, Elias, Tom\u00e1s Andrade, David Terans,\u2026", "edit_history_tweet_ids": ["1022270903038750720"], "id": "1022270903038750720"}, {"created_at": "2018-07-26T00:02:24.000Z", "author_id": "853201250367754241", "text": "RT @atletico: \ud83c\udfa5 Escala\u00e7\u00e3o do Galo: Victor, Patric, Leonardo Silva, Maidana, F\u00e1bio Santos, Jos\u00e9 Welison, Elias, Tom\u00e1s Andrade, David Terans,\u2026", "edit_history_tweet_ids": ["1022270875834494976"], "id": "1022270875834494976"}, {"created_at": "2018-07-26T00:01:53.000Z", "author_id": "916117753005821952", "text": "RT @atletico: \ud83c\udfa5 Escala\u00e7\u00e3o do Galo: Victor, Patric, Leonardo Silva, Maidana, F\u00e1bio Santos, Jos\u00e9 Welison, Elias, Tom\u00e1s Andrade, David Terans,\u2026", "edit_history_tweet_ids": ["1022270747182592000"], "id": "1022270747182592000"}, {"created_at": "2018-07-26T00:00:25.000Z", "author_id": "344965325", "text": "RT @atletico: \ud83c\udfa5 Escala\u00e7\u00e3o do Galo: Victor, Patric, Leonardo Silva, Maidana, F\u00e1bio Santos, Jos\u00e9 Welison, Elias, Tom\u00e1s Andrade, David Terans,\u2026", "edit_history_tweet_ids": ["1022270378222211073"], "id": "1022270378222211073"}, {"created_at": "2018-07-26T00:00:05.000Z", "author_id": "2957750205", "text": "RT @atletico: \ud83c\udfa5 Escala\u00e7\u00e3o do Galo: Victor, Patric, Leonardo Silva, Maidana, F\u00e1bio Santos, Jos\u00e9 Welison, Elias, Tom\u00e1s Andrade, David Terans,\u2026", "edit_history_tweet_ids": ["1022270295103733761"], "id": "1022270295103733761"}, {"created_at": "2018-07-25T23:59:42.000Z", "author_id": "123047311", "text": "RT @atletico: \ud83c\udfa5 Escala\u00e7\u00e3o do Galo: Victor, Patric, Leonardo Silva, Maidana, F\u00e1bio Santos, Jos\u00e9 Welison, Elias, Tom\u00e1s Andrade, David Terans,\u2026", "edit_history_tweet_ids": ["1022270199054184448"], "id": "1022270199054184448"}, {"created_at": "2018-07-25T23:59:01.000Z", "author_id": "206686873", "text": "ESCALA\u00c7\u00d5ES:\n\nATL\u00c9TICO MG: Victor; Patric, L\u00e9o Silva, Maidana, Fabio Santos; Jos\u00e9 Welison, Elias; Char\u00e1, Tom\u00e1s Andrade,Terans e Ricardo Oliveira\n\nPARAN\u00c1:Thiago Rodrigues;J\u00fanior, Cleber,Ren\u00ea Santos,Mansur;Alex Santana,Vilela;Caio Henrique, Nadson, Rodolfo e Silvinho.", "edit_history_tweet_ids": ["1022270024948559872"], "id": "1022270024948559872"}, {"created_at": "2018-07-25T23:58:49.000Z", "author_id": "584951294", "text": "RT @atletico: \ud83c\udfa5 Escala\u00e7\u00e3o do Galo: Victor, Patric, Leonardo Silva, Maidana, F\u00e1bio Santos, Jos\u00e9 Welison, Elias, Tom\u00e1s Andrade, David Terans,\u2026", "edit_history_tweet_ids": ["1022269974117801984"], "id": "1022269974117801984"}, {"created_at": "2018-07-25T23:58:37.000Z", "author_id": "921661868", "text": "RT @atletico: \ud83c\udfa5 Escala\u00e7\u00e3o do Galo: Victor, Patric, Leonardo Silva, Maidana, F\u00e1bio Santos, Jos\u00e9 Welison, Elias, Tom\u00e1s Andrade, David Terans,\u2026", "edit_history_tweet_ids": ["1022269922624380928"], "id": "1022269922624380928"}, {"created_at": "2018-07-25T23:56:56.000Z", "author_id": "148522887", "text": "RT @atletico: \ud83c\udfa5 Escala\u00e7\u00e3o do Galo: Victor, Patric, Leonardo Silva, Maidana, F\u00e1bio Santos, Jos\u00e9 Welison, Elias, Tom\u00e1s Andrade, David Terans,\u2026", "edit_history_tweet_ids": ["1022269501532983296"], "id": "1022269501532983296"}, {"created_at": "2018-07-25T23:56:27.000Z", "author_id": "1009217403560095749", "text": "RT @atletico: \ud83c\udfa5 Escala\u00e7\u00e3o do Galo: Victor, Patric, Leonardo Silva, Maidana, F\u00e1bio Santos, Jos\u00e9 Welison, Elias, Tom\u00e1s Andrade, David Terans,\u2026", "edit_history_tweet_ids": ["1022269378069491713"], "id": "1022269378069491713"}, {"created_at": "2018-07-25T23:54:49.000Z", "author_id": "3468936515", "text": "RT @atletico: \ud83c\udfa5 Escala\u00e7\u00e3o do Galo: Victor, Patric, Leonardo Silva, Maidana, F\u00e1bio Santos, Jos\u00e9 Welison, Elias, Tom\u00e1s Andrade, David Terans,\u2026", "edit_history_tweet_ids": ["1022268967069671424"], "id": "1022268967069671424"}, {"created_at": "2018-07-25T23:54:39.000Z", "author_id": "987081168578367489", "text": "RT @atletico: \ud83c\udfa5 Escala\u00e7\u00e3o do Galo: Victor, Patric, Leonardo Silva, Maidana, F\u00e1bio Santos, Jos\u00e9 Welison, Elias, Tom\u00e1s Andrade, David Terans,\u2026", "edit_history_tweet_ids": ["1022268926858862592"], "id": "1022268926858862592"}, {"created_at": "2018-07-25T23:54:26.000Z", "author_id": "156595288", "text": "RT @atletico: \ud83c\udfa5 Escala\u00e7\u00e3o do Galo: Victor, Patric, Leonardo Silva, Maidana, F\u00e1bio Santos, Jos\u00e9 Welison, Elias, Tom\u00e1s Andrade, David Terans,\u2026", "edit_history_tweet_ids": ["1022268872588750848"], "id": "1022268872588750848"}, {"created_at": "2018-07-25T23:54:26.000Z", "author_id": "2272843156", "text": "RT @atletico: \ud83c\udfa5 Escala\u00e7\u00e3o do Galo: Victor, Patric, Leonardo Silva, Maidana, F\u00e1bio Santos, Jos\u00e9 Welison, Elias, Tom\u00e1s Andrade, David Terans,\u2026", "edit_history_tweet_ids": ["1022268870982356992"], "id": "1022268870982356992"}, {"created_at": "2018-07-25T23:53:52.000Z", "author_id": "68522304", "text": "Escala\u00e7\u00e3o do Galo: \n\nVictor, Patric, Leonardo Silva, Maidana, F\u00e1bio Santos, Jos\u00e9 Welison, Elias, Tom\u00e1s Andrade, David Terans, Char\u00e1 e Ricardo Oliveira. https://t.co/uBrH8mDc3t", "edit_history_tweet_ids": ["1022268726975098880"], "id": "1022268726975098880"}, {"created_at": "2018-07-25T23:53:45.000Z", "author_id": "2914130019", "text": "RT @atletico: \ud83c\udfa5 Escala\u00e7\u00e3o do Galo: Victor, Patric, Leonardo Silva, Maidana, F\u00e1bio Santos, Jos\u00e9 Welison, Elias, Tom\u00e1s Andrade, David Terans,\u2026", "edit_history_tweet_ids": ["1022268701331079168"], "id": "1022268701331079168"}, {"created_at": "2018-07-25T23:51:06.000Z", "author_id": "88769114", "text": "\ud83c\udfa5 Escala\u00e7\u00e3o do Galo: Victor, Patric, Leonardo Silva, Maidana, F\u00e1bio Santos, Jos\u00e9 Welison, Elias, Tom\u00e1s Andrade, David Terans, Char\u00e1 e Ricardo Oliveira. \n\nVamos, #Galo! #CAMxPRC https://t.co/tqkbKAOqjF", "edit_history_tweet_ids": ["1022268033539235841"], "id": "1022268033539235841"}, {"created_at": "2018-07-25T23:47:52.000Z", "author_id": "459274163", "text": "RT @atletico: \ud83c\udfa5 Escala\u00e7\u00e3o do Galo: Victor, Patric, Leonardo Silva, Maidana, F\u00e1bio Santos, Jos\u00e9 Welison, Elias, Tom\u00e1s Andrade, David Terans,\u2026", "edit_history_tweet_ids": ["1022267220234313729"], "id": "1022267220234313729"}, {"created_at": "2018-07-25T23:46:55.000Z", "author_id": "2818111697", "text": "RT @atletico: \ud83c\udfa5 Escala\u00e7\u00e3o do Galo: Victor, Patric, Leonardo Silva, Maidana, F\u00e1bio Santos, Jos\u00e9 Welison, Elias, Tom\u00e1s Andrade, David Terans,\u2026", "edit_history_tweet_ids": ["1022266980886360064"], "id": "1022266980886360064"}, {"created_at": "2018-07-25T23:46:17.000Z", "author_id": "539318305", "text": "RT @atletico: \ud83c\udfa5 Escala\u00e7\u00e3o do Galo: Victor, Patric, Leonardo Silva, Maidana, F\u00e1bio Santos, Jos\u00e9 Welison, Elias, Tom\u00e1s Andrade, David Terans,\u2026", "edit_history_tweet_ids": ["1022266819099484162"], "id": "1022266819099484162"}, {"created_at": "2018-07-25T23:45:54.000Z", "author_id": "942912580049428480", "text": "#Atl\u00e9ticoMG Victor; Patric, L\u00e9o Silva, Maidana e Fabio Santos; Elias e Jos\u00e9 Welison; Char\u00e1, Tom\u00e1s Andrade e Terans; Ricardo Oliveira\n\n#Paran\u00e1 Thiago Rodrigues; J\u00fanior, Cleber Reis, Ren\u00ea Santos e Mansur; Alex Santana, Leandro Vilela e Caio Henrique; Nadson; Rodolfo e Silvinho", "edit_history_tweet_ids": ["1022266722672418816"], "id": "1022266722672418816"}, {"created_at": "2018-07-25T23:45:30.000Z", "author_id": "1072907713", "text": "RT @atletico: \ud83c\udfa5 Escala\u00e7\u00e3o do Galo: Victor, Patric, Leonardo Silva, Maidana, F\u00e1bio Santos, Jos\u00e9 Welison, Elias, Tom\u00e1s Andrade, David Terans,\u2026", "edit_history_tweet_ids": ["1022266625574223873"], "id": "1022266625574223873"}, {"created_at": "2018-07-25T23:45:27.000Z", "author_id": "328642417", "text": "RT @atletico: \ud83c\udfa5 Escala\u00e7\u00e3o do Galo: Victor, Patric, Leonardo Silva, Maidana, F\u00e1bio Santos, Jos\u00e9 Welison, Elias, Tom\u00e1s Andrade, David Terans,\u2026", "edit_history_tweet_ids": ["1022266612680937475"], "id": "1022266612680937475"}], "meta": {"newest_id": "1022628134439583745", "oldest_id": "1022266612680937475", "result_count": 94, "next_token": "b26v89c19zqg8o3fn0glzvb1h9sse3puh7p6g4oj1cigt"}}