{"data": [{"id": "848517609041653762", "edit_history_tweet_ids": ["848517609041653762"], "author_id": "1229749476", "created_at": "2017-04-02T12:48:57.000Z", "text": "RT @Leonidasgomezg: Preparemos la visita del @Pontifex_es a #Colombia estudiando su pensamiento pol\u00edtico \nhttps://t.co/Z0hP0OUvGh @vanguard\u2026"}, {"id": "848516262942715904", "edit_history_tweet_ids": ["848516262942715904"], "author_id": "2830440814", "created_at": "2017-04-02T12:43:36.000Z", "text": "Preparemos la visita del @Pontifex_es a #Colombia estudiando su pensamiento pol\u00edtico \nhttps://t.co/Z0hP0OUvGh @vanguardiacom @Pontifex_it https://t.co/7rEPMAqUif"}, {"id": "848515353936351232", "edit_history_tweet_ids": ["848515353936351232"], "author_id": "188072564", "created_at": "2017-04-02T12:39:59.000Z", "text": "Enhorabuena Francisco G\u00f3mez Francisco Gomez Palma gran preg\u00f3n !! https://t.co/6wJuBps0Rp"}, {"id": "848514386142658560", "edit_history_tweet_ids": ["848514386142658560"], "author_id": "74866542", "created_at": "2017-04-02T12:36:08.000Z", "text": "#Izquierda invita a preparar visita @Pontifex_es estudiando su pensamiento pol\u00edtico. H\u00e1game el favor @episcopadocol https://t.co/YnbJU30RH9"}, {"id": "848501380662915072", "edit_history_tweet_ids": ["848501380662915072"], "author_id": "3544917203", "created_at": "2017-04-02T11:44:28.000Z", "text": "Preg\u00f3n oficial de la Semana Santa Ayamontina 2017 por Francisco Hidalgo Gomez, puedes verlo @tvayamonte https://t.co/GvAwQ4yyu1"}, {"id": "848500249689804800", "edit_history_tweet_ids": ["848500249689804800"], "author_id": "308390255", "created_at": "2017-04-02T11:39:58.000Z", "text": "Francisco Hidalgo G\u00f3mez pregonando la #SemanaSanta de #Ayamonte ante un Cardenio expectante https://t.co/PuKR5aVu3o"}, {"id": "848473632389181440", "edit_history_tweet_ids": ["848473632389181440"], "author_id": "258464998", "created_at": "2017-04-02T09:54:12.000Z", "text": "RT @Pedro_L_Gomez: Si Francisco Carmona Dominguez levantara la cabeza y leyera @DiarioSUR hoy estar\u00eda muy orgulloso. @agalmendres @cocojura\u2026"}, {"id": "848472183668178944", "edit_history_tweet_ids": ["848472183668178944"], "author_id": "2502222688", "created_at": "2017-04-02T09:48:27.000Z", "text": "((Al aire)) Quien perdio - FRANCISCO GOMEZ en #ColombiaBohemia https://t.co/OEdjSUEnZV"}, {"id": "848416973256044544", "edit_history_tweet_ids": ["848416973256044544"], "author_id": "218944709", "created_at": "2017-04-02T06:09:03.000Z", "text": "Tabl\u00f3n de Anuncios particular de FRANCISCO GOMEZ LUPION https://t.co/nw6xY6y0xO #Almer\u00eda #tablondeanuncios"}, {"id": "848395596738244608", "edit_history_tweet_ids": ["848395596738244608"], "author_id": "202012910", "created_at": "2017-04-02T04:44:07.000Z", "text": "RT @AlexxCarZe: @PASH_BA @anniebarreraj @UvaldoL De hecho en Everton ser\u00e1 duelo de mexicanos, all\u00e1 andan Ivan Ochoa, Steven Almeida, Nahum\u2026"}, {"id": "848392476238860289", "edit_history_tweet_ids": ["848392476238860289"], "author_id": "198253688", "created_at": "2017-04-02T04:31:43.000Z", "text": "RT @AlexxCarZe: @PASH_BA @anniebarreraj @UvaldoL De hecho en Everton ser\u00e1 duelo de mexicanos, all\u00e1 andan Ivan Ochoa, Steven Almeida, Nahum\u2026"}, {"id": "848386893641338880", "edit_history_tweet_ids": ["848386893641338880"], "author_id": "308727773", "created_at": "2017-04-02T04:09:32.000Z", "text": "@PASH_BA @anniebarreraj @UvaldoL De hecho en Everton ser\u00e1 duelo de mexicanos, all\u00e1 andan Ivan Ochoa, Steven Almeida, Nahum G\u00f3mez y Francisco Venegas, cedidos por Pachuca"}, {"id": "848386229485805568", "edit_history_tweet_ids": ["848386229485805568"], "author_id": "2521679689", "created_at": "2017-04-02T04:06:54.000Z", "text": "https://t.co/aeRl0SQSIr"}, {"id": "848373464138252288", "edit_history_tweet_ids": ["848373464138252288"], "author_id": "2521679689", "created_at": "2017-04-02T03:16:10.000Z", "text": "https://t.co/VxcEMAq5hq"}, {"id": "848361714336714752", "edit_history_tweet_ids": ["848361714336714752"], "author_id": "2521679689", "created_at": "2017-04-02T02:29:29.000Z", "text": "https://t.co/hGieT4YSX0"}, {"id": "848360918740197376", "edit_history_tweet_ids": ["848360918740197376"], "author_id": "2521679689", "created_at": "2017-04-02T02:26:19.000Z", "text": "https://t.co/ZAz9qzJpKZ"}, {"id": "848351440045199360", "edit_history_tweet_ids": ["848351440045199360"], "author_id": "2521679689", "created_at": "2017-04-02T01:48:39.000Z", "text": "https://t.co/7wyVZTTdgT"}, {"id": "848349819898699776", "edit_history_tweet_ids": ["848349819898699776"], "author_id": "2521679689", "created_at": "2017-04-02T01:42:13.000Z", "text": "Ya me tiene abeja ese mu\u00f1eco feo... mas la frasesita pendeja con la que lo acompa\u00f1an... https://t.co/bvJHSlit3K"}, {"id": "848328788639457280", "edit_history_tweet_ids": ["848328788639457280"], "author_id": "802730258", "created_at": "2017-04-02T00:18:39.000Z", "text": "Francisco Molina, Raquel G\u00f3mez y Rafael D\u00edaz del @AytoBormujos, Virginia Borrero de @CEUAndalucia y el director de la #OCB Alberto \u00c1lvarez https://t.co/QlnxwEsbfT"}, {"id": "848325335120842752", "edit_history_tweet_ids": ["848325335120842752"], "author_id": "152519380", "created_at": "2017-04-02T00:04:55.000Z", "text": "Y? (@ Estaci\u00f3n Jos\u00e9 Francisco Pe\u00f1a Gomez in Distrito Nacional, Santo Domingo) https://t.co/aOR5idwCca https://t.co/6gqgjai0ga"}, {"id": "848317790377345026", "edit_history_tweet_ids": ["848317790377345026"], "author_id": "119149874", "created_at": "2017-04-01T23:34:56.000Z", "text": "Homicidio en Cr\u00edo Pozo Ciego del Ct\u00f3n Las Morita, San Jorge. La v\u00edctima es un hombre de 55 a\u00f1os identificado como Francisco Salamanca G\u00f3mez https://t.co/FRNx2Mfuzh"}, {"id": "848317790373195777", "edit_history_tweet_ids": ["848317790373195777"], "author_id": "2538397092", "created_at": "2017-04-01T23:34:56.000Z", "text": "Homicidio en Cr\u00edo Pozo Ciego del Ct\u00f3n Las Morita, San Jorge. La v\u00edctima es un hombre de 55 a\u00f1os identificado como Francisco Salamanca G\u00f3mez https://t.co/sLhwU84GIO"}, {"id": "848316361008791552", "edit_history_tweet_ids": ["848316361008791552"], "author_id": "948357290", "created_at": "2017-04-01T23:29:16.000Z", "text": "RT @MpioPNegras: Hoy 3 escuelas: Josefa Ortiz y Benito Ju\u00e1rez de #Allende y Francisco G\u00f3mez Mart\u00ednez de #Zaragoza visitan el @MFronteraNort\u2026"}, {"id": "848316281266876420", "edit_history_tweet_ids": ["848316281266876420"], "author_id": "809222040280592384", "created_at": "2017-04-01T23:28:57.000Z", "text": "@JWeismonger https://t.co/6MJHZvsjl4"}, {"id": "848315721729937409", "edit_history_tweet_ids": ["848315721729937409"], "author_id": "809222040280592384", "created_at": "2017-04-01T23:26:43.000Z", "text": "@JWeismonger ... the important Fox issues are here (https://t.co/6MJHZvsjl4). Note, I DO take Fox as a reliable source (Reporters, not pundits)."}, {"id": "848295897167482880", "edit_history_tweet_ids": ["848295897167482880"], "author_id": "848291339473170433", "created_at": "2017-04-01T22:07:57.000Z", "text": "RT @oficinaflamenca: Por Paco Benamargo Francisco Munoz Gomez! Lindoooo!\n\n\"El Alegro Flamenco de Enrique Morente y Antonio Robledo se... ht\u2026"}, {"id": "848284573503021057", "edit_history_tweet_ids": ["848284573503021057"], "author_id": "826694000497262592", "created_at": "2017-04-01T21:22:57.000Z", "text": "RT @MpioPNegras: Hoy 3 escuelas: Josefa Ortiz y Benito Ju\u00e1rez de #Allende y Francisco G\u00f3mez Mart\u00ednez de #Zaragoza visitan el @MFronteraNort\u2026"}, {"id": "848271915169054720", "edit_history_tweet_ids": ["848271915169054720"], "author_id": "3073701730", "created_at": "2017-04-01T20:32:39.000Z", "text": "RT @MpioPNegras: Hoy 3 escuelas: Josefa Ortiz y Benito Ju\u00e1rez de #Allende y Francisco G\u00f3mez Mart\u00ednez de #Zaragoza visitan el @MFronteraNort\u2026"}, {"id": "848260773168205825", "edit_history_tweet_ids": ["848260773168205825"], "author_id": "52582045", "created_at": "2017-04-01T19:48:22.000Z", "text": "@LuisDaniel_MCJR No se si ubiques a Mar\u00eda Olivia, Jes\u00fas Francisco Urbalejo y Martha G\u00f3mez Navarrete, son mis t\u00edos \u263a"}, {"id": "848255060090003458", "edit_history_tweet_ids": ["848255060090003458"], "author_id": "1329816715", "created_at": "2017-04-01T19:25:40.000Z", "text": "RT @muyfandel36: Los desaparecidos de Franco, de Francisco Moreno G\u00f3mez.\n https://t.co/0gHECIXTaY"}, {"id": "848248081141420034", "edit_history_tweet_ids": ["848248081141420034"], "author_id": "4784074331", "created_at": "2017-04-01T18:57:56.000Z", "text": "El unico lider que han visto mis ojos se llama Jos\u00e9 Francisco Pe\u00f1a G\u00f3mez,,co\u00f1o que NEGRO que movia multitudes.. a... https://t.co/xxk9nO2zZl"}, {"id": "848247730501799936", "edit_history_tweet_ids": ["848247730501799936"], "author_id": "65839744", "created_at": "2017-04-01T18:56:33.000Z", "text": "RT @MpioPNegras: Hoy 3 escuelas: Josefa Ortiz y Benito Ju\u00e1rez de #Allende y Francisco G\u00f3mez Mart\u00ednez de #Zaragoza visitan el @MFronteraNort\u2026"}, {"id": "848247462557077506", "edit_history_tweet_ids": ["848247462557077506"], "author_id": "196208408", "created_at": "2017-04-01T18:55:29.000Z", "text": "RT @MpioPNegras: Hoy 3 escuelas: Josefa Ortiz y Benito Ju\u00e1rez de #Allende y Francisco G\u00f3mez Mart\u00ednez de #Zaragoza visitan el @MFronteraNort\u2026"}, {"id": "848236783141658624", "edit_history_tweet_ids": ["848236783141658624"], "author_id": "4795189651", "created_at": "2017-04-01T18:13:03.000Z", "text": "RT @MpioPNegras: Hoy 3 escuelas: Josefa Ortiz y Benito Ju\u00e1rez de #Allende y Francisco G\u00f3mez Mart\u00ednez de #Zaragoza visitan el @MFronteraNort\u2026"}, {"id": "848236729278513152", "edit_history_tweet_ids": ["848236729278513152"], "author_id": "553883166", "created_at": "2017-04-01T18:12:50.000Z", "text": "RT @MpioPNegras: Hoy 3 escuelas: Josefa Ortiz y Benito Ju\u00e1rez de #Allende y Francisco G\u00f3mez Mart\u00ednez de #Zaragoza visitan el @MFronteraNort\u2026"}, {"id": "848236727156187136", "edit_history_tweet_ids": ["848236727156187136"], "author_id": "2385797490", "created_at": "2017-04-01T18:12:49.000Z", "text": "RT @MpioPNegras: Hoy 3 escuelas: Josefa Ortiz y Benito Ju\u00e1rez de #Allende y Francisco G\u00f3mez Mart\u00ednez de #Zaragoza visitan el @MFronteraNort\u2026"}, {"id": "848236653823094785", "edit_history_tweet_ids": ["848236653823094785"], "author_id": "519788793", "created_at": "2017-04-01T18:12:32.000Z", "text": "RT @MpioPNegras: Hoy 3 escuelas: Josefa Ortiz y Benito Ju\u00e1rez de #Allende y Francisco G\u00f3mez Mart\u00ednez de #Zaragoza visitan el @MFronteraNort\u2026"}, {"id": "848236498440699904", "edit_history_tweet_ids": ["848236498440699904"], "author_id": "282739523", "created_at": "2017-04-01T18:11:55.000Z", "text": "Hoy 3 escuelas: Josefa Ortiz y Benito Ju\u00e1rez de #Allende y Francisco G\u00f3mez Mart\u00ednez de #Zaragoza visitan el @MFronteraNorte \u00a1Bienvenidos! https://t.co/XNEIlo9Ys6"}, {"id": "848231446925934592", "edit_history_tweet_ids": ["848231446925934592"], "author_id": "135039914", "created_at": "2017-04-01T17:51:50.000Z", "text": "Guido G\u00f3mez Mazara califica como imprudente forma Francisco Fernandez reclama https://t.co/1i32QGrXif v\u00eda @CuartaSemana.com.do"}, {"id": "848230314589728769", "edit_history_tweet_ids": ["848230314589728769"], "author_id": "2502222688", "created_at": "2017-04-01T17:47:21.000Z", "text": "((Al aire)) Quien perdio - FRANCISCO GOMEZ en #ColombiaBohemia https://t.co/OEdjSUEnZV"}, {"id": "848225301150781440", "edit_history_tweet_ids": ["848225301150781440"], "author_id": "1056025760", "created_at": "2017-04-01T17:27:25.000Z", "text": "@Erzabala La ideologia politica dominicana muri\u00f3 conjuntamente con el Dr.Jos\u00e9 Francisco Pe\u00f1a Gomez, lo que existe es el conservadurismo!"}, {"id": "848214792372400131", "edit_history_tweet_ids": ["848214792372400131"], "author_id": "98579632", "created_at": "2017-04-01T16:45:40.000Z", "text": "Concierto en la mortaja y despu\u00e9s cervecita con Francisco Ferrayoli Gomez y alguno m\u00e1s"}, {"id": "848169250862903296", "edit_history_tweet_ids": ["848169250862903296"], "author_id": "275750554", "created_at": "2017-04-01T13:44:42.000Z", "text": "RT @AntonioUbilla1: Andr\u00e9s G\u00f3mez y Francisco Segura, 2 grandes del tenis de todos los tiempos @AndresGomezGogo https://t.co/BiegrfTLd3"}, {"id": "848141796379172865", "edit_history_tweet_ids": ["848141796379172865"], "author_id": "4603820789", "created_at": "2017-04-01T11:55:36.000Z", "text": "Los desaparecidos de Franco, de Francisco Moreno G\u00f3mez.\n https://t.co/0gHECIXTaY"}, {"id": "848057217202999296", "edit_history_tweet_ids": ["848057217202999296"], "author_id": "728526132", "created_at": "2017-04-01T06:19:31.000Z", "text": "RT @frutostiempoElx: Novedad, Los D\u00edas Suspendidos de Francisco\u00a0G\u00f3mez https://t.co/4iwndQoMSK https://t.co/98gugMyk8R"}, {"id": "848054583716958209", "edit_history_tweet_ids": ["848054583716958209"], "author_id": "218944709", "created_at": "2017-04-01T06:09:03.000Z", "text": "Tabl\u00f3n de Anuncios particular de FRANCISCO GOMEZ LUPION https://t.co/nw6xY6y0xO #Almer\u00eda #tablondeanuncios"}, {"id": "848037942769700864", "edit_history_tweet_ids": ["848037942769700864"], "author_id": "501202273", "created_at": "2017-04-01T05:02:55.000Z", "text": "#SaycoAlAire FRANCISCO GOMEZ - VANIDOSA en https://t.co/1KLzG49QZJ #SaycoMusica @SaycoOficial"}, {"id": "848036922316525569", "edit_history_tweet_ids": ["848036922316525569"], "author_id": "419944402", "created_at": "2017-04-01T04:58:52.000Z", "text": "RT @EstudiantesMEFC: \u2611\ufe0f\u00c1rbitros: Estudiantes Vs Mineros\nAP: Freddy Brice\u00f1o.\nA1: Carlos Hoyo.\nA2: Francisco Gonz\u00e1lez.\n4\u00b0A: Jean Gomez.\n(Esta\u2026"}, {"id": "848021801066278912", "edit_history_tweet_ids": ["848021801066278912"], "author_id": "2521679689", "created_at": "2017-04-01T03:58:47.000Z", "text": "https://t.co/09mHeIjvLx"}, {"id": "848021582605942784", "edit_history_tweet_ids": ["848021582605942784"], "author_id": "2521679689", "created_at": "2017-04-01T03:57:55.000Z", "text": "https://t.co/Gsk174YaeV"}, {"id": "848010821838024706", "edit_history_tweet_ids": ["848010821838024706"], "author_id": "108163951", "created_at": "2017-04-01T03:15:09.000Z", "text": "Vamos otra ves?\nMirely G\u00f3mez Pel\u00e1ez Karina Vazquez Ortiz Jonathan Francisco Concha Garcia Yosber Herba https://t.co/8v2RKOl7l4"}, {"id": "848005480500908033", "edit_history_tweet_ids": ["848005480500908033"], "author_id": "501202273", "created_at": "2017-04-01T02:53:56.000Z", "text": "#SaycoAlAire FRANCISCO GOMEZ - NO PASA NADA en https://t.co/1KLzG49QZJ #SaycoMusica @SaycoOficial"}, {"id": "847996880076361728", "edit_history_tweet_ids": ["847996880076361728"], "author_id": "59877036", "created_at": "2017-04-01T02:19:45.000Z", "text": "Disfrutando a Inti Illimani con mis amigos @jotapegomez, Rolando Ortega y Francisco G\u00f3mez y el cierre con una decena de m\u00fasicos montinos https://t.co/1aN7bjNoqd"}, {"id": "847996135272837121", "edit_history_tweet_ids": ["847996135272837121"], "author_id": "2521679689", "created_at": "2017-04-01T02:16:48.000Z", "text": "https://t.co/2RlB9igjs9"}, {"id": "847994292538920960", "edit_history_tweet_ids": ["847994292538920960"], "author_id": "1571015767", "created_at": "2017-04-01T02:09:28.000Z", "text": "RT @EstudiantesMEFC: \u2611\ufe0f\u00c1rbitros: Estudiantes Vs Mineros\nAP: Freddy Brice\u00f1o.\nA1: Carlos Hoyo.\nA2: Francisco Gonz\u00e1lez.\n4\u00b0A: Jean Gomez.\n(Esta\u2026"}, {"id": "847992542058745857", "edit_history_tweet_ids": ["847992542058745857"], "author_id": "59877036", "created_at": "2017-04-01T02:02:31.000Z", "text": "Disfrutando a Inti Illimani con mis amigos Montinos Juan Pablo G\u00f3mez Ram\u00edrez, Rolando Ortega Valdivia y Francisco... https://t.co/RFRftU7FXZ"}, {"id": "847990195119169540", "edit_history_tweet_ids": ["847990195119169540"], "author_id": "59877036", "created_at": "2017-04-01T01:53:12.000Z", "text": "Junto a Gobernador Juan Pablo G\u00f3mez Ram\u00edrez, Alcalde Francisco G\u00f3mez Ram\u00edrez y Concejal Rolando Ortega Valdivia,... https://t.co/xaNKAFmf2I"}, {"id": "847989927195422720", "edit_history_tweet_ids": ["847989927195422720"], "author_id": "308208736", "created_at": "2017-04-01T01:52:08.000Z", "text": "cel francisco chamou selena gomez de gordinha eu vivi pra ler isso"}, {"id": "847982834040147968", "edit_history_tweet_ids": ["847982834040147968"], "author_id": "2432064524", "created_at": "2017-04-01T01:23:57.000Z", "text": "RT @eldiarioex: OPINI\u00d3N | Ante las mentiras de Francisco Espinosa sobre Javier Cercas, por Luciano Fern\u00e1ndez G\u00f3mez https://t.co/BNXdlCeIi7"}, {"id": "847965733770346496", "edit_history_tweet_ids": ["847965733770346496"], "author_id": "262971417", "created_at": "2017-04-01T00:16:00.000Z", "text": "RT @HomoEspacios: An\u00e1lisis a Fondo\nInfalibilidad papal ex Cathedra\nPor Francisco Gomez Maza/@AFDiario\nhttps://t.co/ZXIomGsfrz https://t.co/\u2026"}, {"id": "847954592419770368", "edit_history_tweet_ids": ["847954592419770368"], "author_id": "2981152445", "created_at": "2017-03-31T23:31:43.000Z", "text": "El regidor Francisco Javier \u00b4Paco\u00b4 G\u00f3mez renunci\u00f3 al PAN - Copia de la carta-renuncia que entreg\u00f3 el regidor Fr... https://t.co/3p2OHyXbHg"}, {"id": "847953988347670529", "edit_history_tweet_ids": ["847953988347670529"], "author_id": "754509303508307968", "created_at": "2017-03-31T23:29:19.000Z", "text": "\u270b\ud83d\udc6e #GAMADENUNCIAS  DE FRANCISCO GOMEZ CONTRA LA EMPRESA (MPS SEGURIDAD ) cobro del curso 0s10, no pago finiquito ETC https://t.co/RBJOZjgCgQ"}, {"id": "847952082212708353", "edit_history_tweet_ids": ["847952082212708353"], "author_id": "2981152445", "created_at": "2017-03-31T23:21:45.000Z", "text": "El regidor Francisco Javier \u00b4Paco\u00b4 G\u00f3mez renunci\u00f3 al\u00a0PAN https://t.co/LnQb5tC7Mu https://t.co/mn9ZpEopPJ"}, {"id": "847933709324103684", "edit_history_tweet_ids": ["847933709324103684"], "author_id": "591052649", "created_at": "2017-03-31T22:08:44.000Z", "text": "La mujer que tanto amaba - Francisco Gomez  \"El nuevo Rey de la m\u00fasica p... https://t.co/GyITeD79ar v\u00eda @YouTube ,,,"}, {"id": "847933629691031552", "edit_history_tweet_ids": ["847933629691031552"], "author_id": "591052649", "created_at": "2017-03-31T22:08:25.000Z", "text": "La mujer que tanto amaba - Francisco Gomez  \"El nuevo Rey de la m\u00fasica p... https://t.co/GyITeD79ar v\u00eda @YouTube ,"}, {"id": "847933584551948288", "edit_history_tweet_ids": ["847933584551948288"], "author_id": "591052649", "created_at": "2017-03-31T22:08:15.000Z", "text": "La mujer que tanto amaba - Francisco Gomez  \"El nuevo Rey de la m\u00fasica p... https://t.co/GyITeD79ar v\u00eda @YouTube,,"}, {"id": "847933482143821824", "edit_history_tweet_ids": ["847933482143821824"], "author_id": "591052649", "created_at": "2017-03-31T22:07:50.000Z", "text": "La mujer que tanto amaba - Francisco Gomez  \"El nuevo Rey de la m\u00fasica p... https://t.co/GyITeD79ar v\u00eda @YouTube"}, {"id": "847929214867320835", "edit_history_tweet_ids": ["847929214867320835"], "author_id": "99873209", "created_at": "2017-03-31T21:50:53.000Z", "text": "@ServPub_Toluca Los desechos est\u00e1n en Francisco M\u00e1rquez, casi esquina con G\u00f3mez Pedraza, en la colonia Ni\u00f1os H\u00e9roes Pensiones. Esto es un foco de infecci\u00f3n"}, {"id": "847927551473463296", "edit_history_tweet_ids": ["847927551473463296"], "author_id": "2955655643", "created_at": "2017-03-31T21:44:16.000Z", "text": "RT @AntonioUbilla1: Andr\u00e9s G\u00f3mez y Francisco Segura, 2 grandes del tenis de todos los tiempos @AndresGomezGogo https://t.co/BiegrfTLd3"}, {"id": "847919579397369856", "edit_history_tweet_ids": ["847919579397369856"], "author_id": "1700965459", "created_at": "2017-03-31T21:12:35.000Z", "text": "RT @Atlante: #AtlanteClausura2017\nFrancisco Gamboa G\u00f3mez #4\n31 a\u00f1os / 1.78 mts.\n\ud83c\udf82 20/07/1985\n\ud83c\uddf2\ud83c\uddfdGuadalajara, Jalisco, M\u00e9xico\n30/31 https://t\u2026"}, {"id": "847916377138761730", "edit_history_tweet_ids": ["847916377138761730"], "author_id": "4875308313", "created_at": "2017-03-31T20:59:52.000Z", "text": "RT @EstudiantesMEFC: \u2611\ufe0f\u00c1rbitros: Estudiantes Vs Mineros\nAP: Freddy Brice\u00f1o.\nA1: Carlos Hoyo.\nA2: Francisco Gonz\u00e1lez.\n4\u00b0A: Jean Gomez.\n(Esta\u2026"}, {"id": "847914365416288256", "edit_history_tweet_ids": ["847914365416288256"], "author_id": "187967626", "created_at": "2017-03-31T20:51:52.000Z", "text": "@frank7145 @lorenafanse @Lorenagomez_ Francisco  , con todo respeto, pero Lorena G\u00f3mez me gust\u00f3 m\u00e1s de Rocio Jurado, el programa me encanta."}, {"id": "847909089069989888", "edit_history_tweet_ids": ["847909089069989888"], "author_id": "2502222688", "created_at": "2017-03-31T20:30:54.000Z", "text": "((Al aire)) Quien perdio - FRANCISCO GOMEZ en #ColombiaBohemia https://t.co/OEdjSUEnZV"}, {"id": "847908961013596161", "edit_history_tweet_ids": ["847908961013596161"], "author_id": "2778599047", "created_at": "2017-03-31T20:30:24.000Z", "text": "OPINI\u00d3N | 'Ante las mentiras de Francisco Espinosa sobre Javier Cercas', por Luciano Fern\u00e1ndez G\u00f3mez.. https://t.co/BNXdlBX7qz"}, {"id": "847902249716264961", "edit_history_tweet_ids": ["847902249716264961"], "author_id": "589366988", "created_at": "2017-03-31T20:03:44.000Z", "text": "7 de Dic. 1896: Muere en combate el  General Antonio Maceo junto a su ayudante Francisco G\u00f3mez Toro #Cuba #HistoriadeCuba"}, {"id": "847897219294527488", "edit_history_tweet_ids": ["847897219294527488"], "author_id": "778294623496044544", "created_at": "2017-03-31T19:43:44.000Z", "text": "Dagon by Ezra Godden, Francisco Rabal, Raquel Mero\u00f1o, Macarena G\u00f3mez, Brendan P https://t.co/3wUPLZlV6B https://t.co/6gaHalGW8O"}, {"id": "847892235752534016", "edit_history_tweet_ids": ["847892235752534016"], "author_id": "501202273", "created_at": "2017-03-31T19:23:56.000Z", "text": "#SaycoAlAire FRANCISCO GOMEZ - CON DINERO ERES EL REY en https://t.co/1KLzG49QZJ #SaycoMusica @SaycoOficial"}, {"id": "847891465929973761", "edit_history_tweet_ids": ["847891465929973761"], "author_id": "151531938", "created_at": "2017-03-31T19:20:53.000Z", "text": "RT @EstudiantesMEFC: \u2611\ufe0f\u00c1rbitros: Estudiantes Vs Mineros\nAP: Freddy Brice\u00f1o.\nA1: Carlos Hoyo.\nA2: Francisco Gonz\u00e1lez.\n4\u00b0A: Jean Gomez.\n(Esta\u2026"}, {"id": "847886639242375169", "edit_history_tweet_ids": ["847886639242375169"], "author_id": "857557340", "created_at": "2017-03-31T19:01:42.000Z", "text": "RT @Futgol970AM: Francisco Arce, #Albirroja: \"Lo de Gustavo G\u00f3mez fue por precauci\u00f3n, le dijimos que se haga los estudios para saber que te\u2026"}, {"id": "847876206766764032", "edit_history_tweet_ids": ["847876206766764032"], "author_id": "2778599047", "created_at": "2017-03-31T18:20:15.000Z", "text": "OPINI\u00d3N | 'Ante las mentiras de Francisco Espinosa sobre Javier Cercas', por Luciano Fern\u00e1ndez G\u00f3mez. https://t.co/BNXdlBX7qz"}, {"id": "847872360833220608", "edit_history_tweet_ids": ["847872360833220608"], "author_id": "1967412324", "created_at": "2017-03-31T18:04:58.000Z", "text": "RT @elnegro_torres: Ahora en @ElMediadorTv Francisco Gomez @judicialesscruz comienza paro por falta de pago haberes de marzo. Se mantiene e\u2026"}, {"id": "847872328184868864", "edit_history_tweet_ids": ["847872328184868864"], "author_id": "498383954", "created_at": "2017-03-31T18:04:50.000Z", "text": "Ahora en @ElMediadorTv Francisco Gomez @judicialesscruz comienza paro por falta de pago haberes de marzo. Se mantiene el acampe en el STJ. https://t.co/T1LK0XSNjc"}, {"id": "847869702361796610", "edit_history_tweet_ids": ["847869702361796610"], "author_id": "1633936946", "created_at": "2017-03-31T17:54:24.000Z", "text": "\u2611\ufe0f\u00c1rbitros: Estudiantes Vs Mineros\nAP: Freddy Brice\u00f1o.\nA1: Carlos Hoyo.\nA2: Francisco Gonz\u00e1lez.\n4\u00b0A: Jean Gomez.\n(Estado Trujillo).\n#FutVe"}, {"id": "847864853595381760", "edit_history_tweet_ids": ["847864853595381760"], "author_id": "2778599047", "created_at": "2017-03-31T17:35:08.000Z", "text": "OPINI\u00d3N | 'Ante las mentiras de Francisco Espinosa sobre Javier Cercas', por Luciano Fern\u00e1ndez G\u00f3mez https://t.co/BNXdlBX7qz"}, {"id": "847863121792335874", "edit_history_tweet_ids": ["847863121792335874"], "author_id": "1952899724", "created_at": "2017-03-31T17:28:15.000Z", "text": "RT @Futgol970AM: Francisco Arce, #Albirroja: \"Lo de Gustavo G\u00f3mez fue por precauci\u00f3n, le dijimos que se haga los estudios para saber que te\u2026"}, {"id": "847863112887926785", "edit_history_tweet_ids": ["847863112887926785"], "author_id": "1952899724", "created_at": "2017-03-31T17:28:13.000Z", "text": "RT @Futgol970AM: Francisco Arce, #Albirroja: \"\u00c9l (Gustavo G\u00f3mez) no se quer\u00eda hacer los ex\u00e1menes m\u00e9dicos porque pensaba que no ten\u00eda nada\".\u2026"}, {"id": "847861939141259264", "edit_history_tweet_ids": ["847861939141259264"], "author_id": "182601111", "created_at": "2017-03-31T17:23:33.000Z", "text": "RT @Futgol970AM: Francisco Arce, #Albirroja: \"\u00c9l (Gustavo G\u00f3mez) no se quer\u00eda hacer los ex\u00e1menes m\u00e9dicos porque pensaba que no ten\u00eda nada\".\u2026"}, {"id": "847859759625773057", "edit_history_tweet_ids": ["847859759625773057"], "author_id": "2787793684", "created_at": "2017-03-31T17:14:53.000Z", "text": "RT @Futgol970AM: Francisco Arce, #Albirroja: \"Lo de Gustavo G\u00f3mez fue por precauci\u00f3n, le dijimos que se haga los estudios para saber que te\u2026"}, {"id": "847859429865345025", "edit_history_tweet_ids": ["847859429865345025"], "author_id": "705039826979065862", "created_at": "2017-03-31T17:13:35.000Z", "text": "Francisco Arce, #Albirroja: \"\u00c9l (Gustavo G\u00f3mez) no se quer\u00eda hacer los ex\u00e1menes m\u00e9dicos porque pensaba que no ten\u00eda nada\". #970AM"}, {"id": "847858878998081536", "edit_history_tweet_ids": ["847858878998081536"], "author_id": "705039826979065862", "created_at": "2017-03-31T17:11:23.000Z", "text": "Francisco Arce, #Albirroja: \"Lo de Gustavo G\u00f3mez fue por precauci\u00f3n, le dijimos que se haga los estudios para saber que ten\u00eda\". #970AM"}, {"id": "847845352124428290", "edit_history_tweet_ids": ["847845352124428290"], "author_id": "1184370842", "created_at": "2017-03-31T16:17:38.000Z", "text": "RT @AntonioUbilla1: Andr\u00e9s G\u00f3mez y Francisco Segura, 2 grandes del tenis de todos los tiempos @AndresGomezGogo https://t.co/BiegrfTLd3"}, {"id": "847843857870049281", "edit_history_tweet_ids": ["847843857870049281"], "author_id": "525279584", "created_at": "2017-03-31T16:11:42.000Z", "text": "Francisco Arce: \"Gustavo G\u00f3mez entren\u00f3 normal. Tras la \u00faltima practica tuvo las molestias\"."}, {"id": "847843189943873543", "edit_history_tweet_ids": ["847843189943873543"], "author_id": "218944709", "created_at": "2017-03-31T16:09:03.000Z", "text": "Tabl\u00f3n de Anuncios particular de FRANCISCO GOMEZ LUPION https://t.co/nw6xY6y0xO #Almer\u00eda #tablondeanuncios"}, {"id": "847830907461480448", "edit_history_tweet_ids": ["847830907461480448"], "author_id": "2778599047", "created_at": "2017-03-31T15:20:14.000Z", "text": "OPINI\u00d3N | Ante las mentiras de Francisco Espinosa sobre Javier Cercas, por Luciano Fern\u00e1ndez G\u00f3mez.. https://t.co/BNXdlBX7qz"}, {"id": "847819407762100224", "edit_history_tweet_ids": ["847819407762100224"], "author_id": "2521679689", "created_at": "2017-03-31T14:34:33.000Z", "text": "https://t.co/fRK7qG60fu"}, {"id": "847818803266375682", "edit_history_tweet_ids": ["847818803266375682"], "author_id": "2521679689", "created_at": "2017-03-31T14:32:09.000Z", "text": "https://t.co/kMRFziNPuc"}, {"id": "847818673075212290", "edit_history_tweet_ids": ["847818673075212290"], "author_id": "2521679689", "created_at": "2017-03-31T14:31:38.000Z", "text": "https://t.co/WpyNTVi2KB"}, {"id": "847817721865801729", "edit_history_tweet_ids": ["847817721865801729"], "author_id": "2521679689", "created_at": "2017-03-31T14:27:51.000Z", "text": "https://t.co/1lkTprX8YK"}, {"id": "847816556851679232", "edit_history_tweet_ids": ["847816556851679232"], "author_id": "165616919", "created_at": "2017-03-31T14:23:13.000Z", "text": "RT @AntonioUbilla1: Andr\u00e9s G\u00f3mez y Francisco Segura, 2 grandes del tenis de todos los tiempos @AndresGomezGogo https://t.co/BiegrfTLd3"}], "meta": {"newest_id": "848517609041653762", "oldest_id": "847816556851679232", "result_count": 99, "next_token": "1jzu9lk96gu5npw3ja2lbuwkay1ujfncyk4zjfbgn1bx"}}