{"data": [{"edit_history_tweet_ids": ["780608129679564801"], "author_id": "163617718", "text": "RT @ItziiiH: Yo Itzel Garc\u00eda, exijo justicia y quiero saber d\u00f3nde est\u00e1 Jorge Luis Gonz\u00e1lez Parral.\n@EPN \u00bfD\u00f3nde est\u00e1n los 43?\n#EPND\u00f3ndeEst\u00e1n\u2026", "created_at": "2016-09-27T03:20:55.000Z", "id": "780608129679564801"}, {"edit_history_tweet_ids": ["780496762674950144"], "author_id": "135302933", "text": "T\u00fa tan Coelho, yo tan Jorge Luis Borges, Mario Benedetti, Garc\u00eda M\u00e1rquez y Julio Verne.", "created_at": "2016-09-26T19:58:23.000Z", "id": "780496762674950144"}, {"edit_history_tweet_ids": ["780077969029074944"], "author_id": "1332713690", "text": "RT @r0sio: @MangelCuliaw redactame un libro, Jorge luis, garcia Marquez", "created_at": "2016-09-25T16:14:15.000Z", "id": "780077969029074944"}, {"edit_history_tweet_ids": ["779910902170718208"], "author_id": "396864094", "text": "@MangelCuliaw redactame un libro, Jorge luis, garcia Marquez", "created_at": "2016-09-25T05:10:23.000Z", "id": "779910902170718208"}, {"edit_history_tweet_ids": ["779900166375702528"], "author_id": "149733601", "text": "Carlitos Abdiel Guerra Jorge Luis Guerra Elvis Guerra Grisell Garcia https://t.co/BwFH8UqTDZ", "created_at": "2016-09-25T04:27:44.000Z", "id": "779900166375702528"}, {"edit_history_tweet_ids": ["779892030591819776"], "author_id": "163617718", "text": "Yo Itzel Garc\u00eda, exijo justicia y quiero saber d\u00f3nde est\u00e1 Jorge Luis Gonz\u00e1lez Parral.\n@EPN \u00bfD\u00f3nde est\u00e1n los 43?\n#EPND\u00f3ndeEst\u00e1nLos43 https://t.co/fEkb7rMVKt", "created_at": "2016-09-25T03:55:24.000Z", "id": "779892030591819776"}, {"edit_history_tweet_ids": ["779865042284007424"], "author_id": "477877712", "text": "RT @LaAlamedaMor: #TeBuscamos Jorge Luis Garc\u00eda Jim\u00e9nez,18a\u00f1os, #Desaparecido 28/06/14 #PuentedeIxtla #Morelos https://t.co/szZn5t1zNX @sin\u2026", "created_at": "2016-09-25T02:08:09.000Z", "id": "779865042284007424"}, {"edit_history_tweet_ids": ["779863395671564288"], "author_id": "1144203534", "text": "RT @LaAlamedaMor: #TeBuscamos Jorge Luis Garc\u00eda Jim\u00e9nez,18a\u00f1os, #Desaparecido 28/06/14 #PuentedeIxtla #Morelos https://t.co/szZn5t1zNX @sin\u2026", "created_at": "2016-09-25T02:01:37.000Z", "id": "779863395671564288"}, {"edit_history_tweet_ids": ["779780327904579584"], "author_id": "4899983127", "text": "RT @yildredcandanga: #Venezuela siempre tendr\u00e1 a #Cuba en su \ud83d\udc97  @Adan_Coromoto  y Jorge Luis Garc\u00eda agradecieron....! \ud83d\udc49 https://t.co/PZZhhs\u2026", "created_at": "2016-09-24T20:31:32.000Z", "id": "779780327904579584"}, {"edit_history_tweet_ids": ["779722335704211456"], "author_id": "879277410", "text": "RT @yildredcandanga: #Venezuela siempre tendr\u00e1 a #Cuba en su \ud83d\udc97  @Adan_Coromoto  y Jorge Luis Garc\u00eda agradecieron....! \ud83d\udc49 https://t.co/PZZhhs\u2026", "created_at": "2016-09-24T16:41:06.000Z", "id": "779722335704211456"}, {"edit_history_tweet_ids": ["779604318081003521"], "author_id": "75484290", "text": "Jorge Luis Hurtado Garcia https://t.co/6Kmmm6rKoY", "created_at": "2016-09-24T08:52:08.000Z", "id": "779604318081003521"}, {"edit_history_tweet_ids": ["779517442611523585"], "author_id": "4853789907", "text": "RT @JavierBarroso_: Luis Jorge Garc\u00eda Cruz, reconoce triunfo de un servidor y se suma a los trabajos en pro de nuestro Zimatl\u00e1n. https://t.\u2026", "created_at": "2016-09-24T03:06:55.000Z", "id": "779517442611523585"}, {"edit_history_tweet_ids": ["779504678610624512"], "author_id": "3241327305", "text": "RT @yildredcandanga: #Venezuela siempre tendr\u00e1 a #Cuba en su \ud83d\udc97  @Adan_Coromoto  y Jorge Luis Garc\u00eda agradecieron....! \ud83d\udc49 https://t.co/PZZhhs\u2026", "created_at": "2016-09-24T02:16:12.000Z", "id": "779504678610624512"}, {"edit_history_tweet_ids": ["779477044077928448"], "author_id": "778740132467789824", "text": "RT @yildredcandanga: #Venezuela siempre tendr\u00e1 a #Cuba en su \ud83d\udc97  @Adan_Coromoto  y Jorge Luis Garc\u00eda agradecieron....! \ud83d\udc49 https://t.co/PZZhhs\u2026", "created_at": "2016-09-24T00:26:23.000Z", "id": "779477044077928448"}, {"edit_history_tweet_ids": ["779475630178070528"], "author_id": "209174786", "text": "RT @embacubaven: Gobernadores Ad\u00e1n Ch\u00e1vez Fr\u00edas y Jorge Luis Garc\u00eda agradecieron en nombre de Venezuela solidaridad del pueblo cubano\nhttps\u2026", "created_at": "2016-09-24T00:20:46.000Z", "id": "779475630178070528"}, {"edit_history_tweet_ids": ["779474764494671872"], "author_id": "730679490", "text": "eusebioAGUERO: RT yildredcandanga: #Venezuela siempre tendr\u00e1 a #Cuba en su \ud83d\udc97  Adan_Coromoto  y Jorge Luis Garc\u00eda agradecieron....! \ud83d\udc49 \u2026", "created_at": "2016-09-24T00:17:20.000Z", "id": "779474764494671872"}, {"edit_history_tweet_ids": ["779473603117117440"], "author_id": "140460403", "text": "RT @yildredcandanga: #Venezuela siempre tendr\u00e1 a #Cuba en su \ud83d\udc97  @Adan_Coromoto  y Jorge Luis Garc\u00eda agradecieron....! \ud83d\udc49 https://t.co/PZZhhs\u2026", "created_at": "2016-09-24T00:12:43.000Z", "id": "779473603117117440"}, {"edit_history_tweet_ids": ["779470210390749184"], "author_id": "742547197594587136", "text": "RT @yildredcandanga: #Venezuela siempre tendr\u00e1 a #Cuba en su \ud83d\udc97  @Adan_Coromoto  y Jorge Luis Garc\u00eda agradecieron....! \ud83d\udc49 https://t.co/PZZhhs\u2026", "created_at": "2016-09-23T23:59:14.000Z", "id": "779470210390749184"}, {"edit_history_tweet_ids": ["779469823352897537"], "author_id": "163125887", "text": "RT @yildredcandanga: #Venezuela siempre tendr\u00e1 a #Cuba en su \ud83d\udc97  @Adan_Coromoto  y Jorge Luis Garc\u00eda agradecieron....! \ud83d\udc49 https://t.co/PZZhhs\u2026", "created_at": "2016-09-23T23:57:42.000Z", "id": "779469823352897537"}, {"edit_history_tweet_ids": ["779469816478466049"], "author_id": "3112536520", "text": "RT @yildredcandanga: #Venezuela siempre tendr\u00e1 a #Cuba en su \ud83d\udc97  @Adan_Coromoto  y Jorge Luis Garc\u00eda agradecieron....! \ud83d\udc49 https://t.co/PZZhhs\u2026", "created_at": "2016-09-23T23:57:40.000Z", "id": "779469816478466049"}, {"edit_history_tweet_ids": ["779466910358441984"], "author_id": "209174786", "text": "RT @yildredcandanga: #Venezuela siempre tendr\u00e1 a #Cuba en su \ud83d\udc97  @Adan_Coromoto  y Jorge Luis Garc\u00eda agradecieron....! \ud83d\udc49 https://t.co/PZZhhs\u2026", "created_at": "2016-09-23T23:46:07.000Z", "id": "779466910358441984"}, {"edit_history_tweet_ids": ["779464971923009536"], "author_id": "2209380206", "text": "RT @JavierBarroso_: Luis Jorge Garc\u00eda Cruz, reconoce triunfo de un servidor y se suma a los trabajos en pro de nuestro Zimatl\u00e1n. https://t.\u2026", "created_at": "2016-09-23T23:38:25.000Z", "id": "779464971923009536"}, {"edit_history_tweet_ids": ["779456236597174272"], "author_id": "315599153", "text": "Sinditev Vargas Sinvema Vargas Sinafum Exigen al Gobernador Jorge Luis Garcia Carneiro la\u2026 https://t.co/BF5SchjT1x", "created_at": "2016-09-23T23:03:43.000Z", "id": "779456236597174272"}, {"edit_history_tweet_ids": ["779456207899680768"], "author_id": "703950261", "text": "RT @M51Estadista: Jorge Luis Rivera on Twitter: \"AEE El Nuevo D\u00eda A que hora el ING. Garc\u00eda Padilla va con el cuento de que tenemos... http\u2026", "created_at": "2016-09-23T23:03:36.000Z", "id": "779456207899680768"}, {"edit_history_tweet_ids": ["779455694282129408"], "author_id": "315599153", "text": "Sinditev Vargas Sinvema Vargas exigen  al Gobernador Jorge Luis Garcia Carneiro la Homologacion\u2026 https://t.co/2evRt8eqfB", "created_at": "2016-09-23T23:01:33.000Z", "id": "779455694282129408"}, {"edit_history_tweet_ids": ["779455478023716864"], "author_id": "109635476", "text": "Venezuela siempre tendr\u00e1 a Cuba en su coraz\u00f3n: Ad\u00e1n Ch\u00e1vez Fr\u00edas y Jorge Luis Garc\u00eda agradecieron en nombre d... https://t.co/9PFS32sgNt", "created_at": "2016-09-23T23:00:42.000Z", "id": "779455478023716864"}, {"edit_history_tweet_ids": ["779448727308296192"], "author_id": "2987307124", "text": "RT @embacubaven: Gobernadores Ad\u00e1n Ch\u00e1vez Fr\u00edas y Jorge Luis Garc\u00eda agradecieron en nombre de Venezuela solidaridad del pueblo cubano\nhttps\u2026", "created_at": "2016-09-23T22:33:52.000Z", "id": "779448727308296192"}, {"edit_history_tweet_ids": ["779448555693936640"], "author_id": "756575599771070464", "text": "RT @LaAlamedaMor: #TeBuscamos Jorge Luis Garc\u00eda Jim\u00e9nez,18a\u00f1os, #Desaparecido 28/06/14 #PuentedeIxtla #Morelos https://t.co/szZn5t1zNX @sin\u2026", "created_at": "2016-09-23T22:33:11.000Z", "id": "779448555693936640"}, {"edit_history_tweet_ids": ["779448363464986624"], "author_id": "186694653", "text": "Gobernadores Ad\u00e1n Ch\u00e1vez Fr\u00edas y Jorge Luis Garc\u00eda agradecieron en nombre de Venezuela solidaridad del pueblo cubano\nhttps://t.co/to1k5nqlUm https://t.co/oqsvEsiW94", "created_at": "2016-09-23T22:32:25.000Z", "id": "779448363464986624"}, {"edit_history_tweet_ids": ["779446820611223553"], "author_id": "984279223", "text": "RT @LaAlamedaMor: #TeBuscamos Jorge Luis Garc\u00eda Jim\u00e9nez,18a\u00f1os, #Desaparecido 28/06/14 #PuentedeIxtla #Morelos https://t.co/szZn5t1zNX @sin\u2026", "created_at": "2016-09-23T22:26:18.000Z", "id": "779446820611223553"}, {"edit_history_tweet_ids": ["779445499594088448"], "author_id": "2206575818", "text": "RT @LaAlamedaMor: #TeBuscamos Jorge Luis Garc\u00eda Jim\u00e9nez,18a\u00f1os, #Desaparecido 28/06/14 #PuentedeIxtla #Morelos https://t.co/szZn5t1zNX @sin\u2026", "created_at": "2016-09-23T22:21:03.000Z", "id": "779445499594088448"}, {"edit_history_tweet_ids": ["779444922067714049"], "author_id": "840551485", "text": "Jorge Luis Rivera on Twitter: \"AEE El Nuevo D\u00eda A que hora el ING. Garc\u00eda Padilla va con el cuento de que tenemos... https://t.co/SNPi1xLRXR", "created_at": "2016-09-23T22:18:45.000Z", "id": "779444922067714049"}, {"edit_history_tweet_ids": ["779435990754529281"], "author_id": "150301548", "text": "Venezuela siempre tendr\u00e1 a Cuba en su coraz\u00f3n: Ad\u00e1n Ch\u00e1vez Fr\u00edas y Jorge Luis Garc\u00eda agradecieron en nombre d... https://t.co/OOnXPawaNk", "created_at": "2016-09-23T21:43:16.000Z", "id": "779435990754529281"}, {"edit_history_tweet_ids": ["779425779037925378"], "author_id": "456332774", "text": "RT @EmbaCuba_Suiza: Venezuela siempre tendr\u00e1 a Cuba en su coraz\u00f3n: Ad\u00e1n Ch\u00e1vez Fr\u00edas y Jorge Luis Garc\u00eda agradecieron en nombre d... https:\u2026", "created_at": "2016-09-23T21:02:41.000Z", "id": "779425779037925378"}, {"edit_history_tweet_ids": ["779423621500563456"], "author_id": "209174786", "text": "#Venezuela siempre tendr\u00e1 a #Cuba en su \ud83d\udc97  @Adan_Coromoto  y Jorge Luis Garc\u00eda agradecieron....! \ud83d\udc49 https://t.co/PZZhhswa9E @NicolasMaduro", "created_at": "2016-09-23T20:54:07.000Z", "id": "779423621500563456"}, {"edit_history_tweet_ids": ["779419479235100672"], "author_id": "4495357883", "text": "Venezuela siempre tendr\u00e1 a Cuba en su coraz\u00f3n: Ad\u00e1n Ch\u00e1vez Fr\u00edas y Jorge Luis Garc\u00eda agradecieron en nombre d... https://t.co/AxDEoFdTPx", "created_at": "2016-09-23T20:37:39.000Z", "id": "779419479235100672"}, {"edit_history_tweet_ids": ["779419459752779780"], "author_id": "121771199", "text": "Venezuela siempre tendr\u00e1 a Cuba en su coraz\u00f3n: Ad\u00e1n Ch\u00e1vez Fr\u00edas y Jorge Luis Garc\u00eda agradecieron en nombre d... https://t.co/KnOrrYc0ts", "created_at": "2016-09-23T20:37:34.000Z", "id": "779419459752779780"}, {"edit_history_tweet_ids": ["779404423864868864"], "author_id": "1122574537", "text": "Venezuela siempre tendr\u00e1 a Cuba en su coraz\u00f3n: Ad\u00e1n Ch\u00e1vez Fr\u00edas y Jorge Luis Garc\u00eda agradecieron en nombre d... https://t.co/HQU7rnjvMH", "created_at": "2016-09-23T19:37:49.000Z", "id": "779404423864868864"}, {"edit_history_tweet_ids": ["779404420773621761"], "author_id": "756491765440315392", "text": "#Cuba Venezuela siempre tendr\u00e1 a Cuba en su coraz\u00f3n: Ad\u00e1n Ch\u00e1vez Fr\u00edas y Jorge Luis Garc\u00eda agradecie... https://t.co/e4HxZv7553 @betam78", "created_at": "2016-09-23T19:37:49.000Z", "id": "779404420773621761"}, {"edit_history_tweet_ids": ["779404420396175360"], "author_id": "120252195", "text": "Venezuela siempre tendr\u00e1 a Cuba en su coraz\u00f3n: Ad\u00e1n Ch\u00e1vez Fr\u00edas y Jorge Luis Garc\u00eda agradecieron en nombre d... https://t.co/FAyBCvxJpE", "created_at": "2016-09-23T19:37:49.000Z", "id": "779404420396175360"}, {"edit_history_tweet_ids": ["779404408102674432"], "author_id": "1176296216", "text": "Venezuela siempre tendr\u00e1 a Cuba en su coraz\u00f3n: Ad\u00e1n Ch\u00e1vez Fr\u00edas y Jorge Luis Garc\u00eda agradecieron en nombre d... https://t.co/7pKI1nBO6x", "created_at": "2016-09-23T19:37:46.000Z", "id": "779404408102674432"}, {"edit_history_tweet_ids": ["779404395523956736"], "author_id": "4716229403", "text": "Venezuela siempre tendr\u00e1 a Cuba en su coraz\u00f3n: Ad\u00e1n Ch\u00e1vez Fr\u00edas y Jorge Luis Garc\u00eda agradecieron en nombre d... https://t.co/UQgFyEcpCH", "created_at": "2016-09-23T19:37:43.000Z", "id": "779404395523956736"}, {"edit_history_tweet_ids": ["779404394949251072"], "author_id": "720584814261248001", "text": "#SocialismoCubano Venezuela siempre tendr\u00e1 a Cuba en su coraz\u00f3n: Ad\u00e1n Ch\u00e1vez Fr\u00edas y Jorge Luis Garc\u00eda agrade... https://t.co/pombGW3Eg6", "created_at": "2016-09-23T19:37:43.000Z", "id": "779404394949251072"}, {"edit_history_tweet_ids": ["779404390729781248"], "author_id": "717380779794239488", "text": "Venezuela siempre tendr\u00e1 a Cuba en su coraz\u00f3n: Ad\u00e1n Ch\u00e1vez Fr\u00edas y Jorge Luis Garc\u00eda agradecieron en nombre d... https://t.co/tEe2hwn6D6", "created_at": "2016-09-23T19:37:42.000Z", "id": "779404390729781248"}, {"edit_history_tweet_ids": ["779404389437943808"], "author_id": "4799233604", "text": "#SocialismoCubano Venezuela siempre tendr\u00e1 a Cuba en su coraz\u00f3n: Ad\u00e1n Ch\u00e1vez Fr\u00edas y Jorge Luis Garc\u00eda agrade... https://t.co/Duiq3NPSmh", "created_at": "2016-09-23T19:37:41.000Z", "id": "779404389437943808"}, {"edit_history_tweet_ids": ["779404383586914304"], "author_id": "3302370878", "text": "Venezuela siempre tendr\u00e1 a Cuba en su coraz\u00f3n: Ad\u00e1n Ch\u00e1vez Fr\u00edas y Jorge Luis Garc\u00eda agradecieron en nombre d... https://t.co/KlNYkpc6nQ", "created_at": "2016-09-23T19:37:40.000Z", "id": "779404383586914304"}, {"edit_history_tweet_ids": ["779404374162354176"], "author_id": "3223213794", "text": "Venezuela siempre tendr\u00e1 a Cuba en su coraz\u00f3n: Ad\u00e1n Ch\u00e1vez Fr\u00edas y Jorge Luis Garc\u00eda agradecieron en no... https://t.co/GJZutqsnzP #Cuba", "created_at": "2016-09-23T19:37:38.000Z", "id": "779404374162354176"}, {"edit_history_tweet_ids": ["779404372132311041"], "author_id": "4026733933", "text": "Venezuela siempre tendr\u00e1 a Cuba en su coraz\u00f3n: Ad\u00e1n Ch\u00e1vez Fr\u00edas y Jorge Luis Garc\u00eda agradecieron en nombre d... https://t.co/FonfapPqUf", "created_at": "2016-09-23T19:37:37.000Z", "id": "779404372132311041"}, {"edit_history_tweet_ids": ["779404370668507136"], "author_id": "1267864184", "text": "Venezuela siempre tendr\u00e1 a Cuba en su coraz\u00f3n: Ad\u00e1n Ch\u00e1vez Fr\u00edas y Jorge Luis Garc\u00eda agradecieron en no... https://t.co/xtH1FxUpSh #Cuba", "created_at": "2016-09-23T19:37:37.000Z", "id": "779404370668507136"}, {"edit_history_tweet_ids": ["779404369313660929"], "author_id": "1008954415", "text": "#Granma Venezuela siempre tendr\u00e1 a Cuba en su coraz\u00f3n: Ad\u00e1n Ch\u00e1vez Fr\u00edas y Jorge Luis Garc\u00eda agradeci...... https://t.co/4PHRjMYg6P", "created_at": "2016-09-23T19:37:36.000Z", "id": "779404369313660929"}, {"edit_history_tweet_ids": ["779404368885915648"], "author_id": "226201894", "text": "#Granma Venezuela siempre tendr\u00e1 a Cuba en su coraz\u00f3n: Ad\u00e1n Ch\u00e1vez Fr\u00edas y Jorge Luis Garc\u00eda agradecier... https://t.co/flQW7vq1qa #Cuba", "created_at": "2016-09-23T19:37:36.000Z", "id": "779404368885915648"}, {"edit_history_tweet_ids": ["779404356118384640"], "author_id": "74554822", "text": "Venezuela siempre tendr\u00e1 a Cuba en su coraz\u00f3n: Ad\u00e1n Ch\u00e1vez Fr\u00edas y Jorge Luis Garc\u00eda agradecieron en nombre d... https://t.co/a95EGvjCq3", "created_at": "2016-09-23T19:37:33.000Z", "id": "779404356118384640"}, {"edit_history_tweet_ids": ["779404344294727680"], "author_id": "3030486094", "text": "#Cuba Venezuela siempre tendr\u00e1 a Cuba en su coraz\u00f3n: Ad\u00e1n Ch\u00e1vez Fr\u00edas y Jorge Luis Garc\u00eda agradec... https://t.co/1Bi7PVUVwY #YoSoyCuba", "created_at": "2016-09-23T19:37:30.000Z", "id": "779404344294727680"}, {"edit_history_tweet_ids": ["779404339865497601"], "author_id": "2182971960", "text": "Venezuela siempre tendr\u00e1 a Cuba en su coraz\u00f3n: Ad\u00e1n Ch\u00e1vez Fr\u00edas y Jorge Luis Garc\u00eda agradecieron en nombre d... https://t.co/peiYVhpLij", "created_at": "2016-09-23T19:37:29.000Z", "id": "779404339865497601"}, {"edit_history_tweet_ids": ["779404337558675456"], "author_id": "712349961078251520", "text": "#Camaguey Venezuela siempre tendr\u00e1 a Cuba en su coraz\u00f3n: Ad\u00e1n Ch\u00e1vez Fr\u00edas y Jorge Luis Garc\u00eda agradecieron e... https://t.co/iROjqu64y7", "created_at": "2016-09-23T19:37:29.000Z", "id": "779404337558675456"}, {"edit_history_tweet_ids": ["779404334962323456"], "author_id": "2409175747", "text": "#Camaguey Venezuela siempre tendr\u00e1 a Cuba en su coraz\u00f3n: Ad\u00e1n Ch\u00e1vez Fr\u00edas y Jorge Luis Garc\u00eda agradecieron e... https://t.co/d0DeMlfVkJ", "created_at": "2016-09-23T19:37:28.000Z", "id": "779404334962323456"}, {"edit_history_tweet_ids": ["779404331019755520"], "author_id": "3233584459", "text": "Venezuela siempre tendr\u00e1 a Cuba en su coraz\u00f3n: Ad\u00e1n Ch\u00e1vez Fr\u00edas y Jorge Luis Garc\u00eda agradecieron en nombre d... https://t.co/OEQuYdMPPm", "created_at": "2016-09-23T19:37:27.000Z", "id": "779404331019755520"}, {"edit_history_tweet_ids": ["779404326766731264"], "author_id": "3247216789", "text": "Venezuela siempre tendr\u00e1 a Cuba en su coraz\u00f3n: Ad\u00e1n Ch\u00e1vez Fr\u00edas y Jorge Luis Garc\u00eda agradecieron en nombre d... https://t.co/ZmxAtZgFH5", "created_at": "2016-09-23T19:37:26.000Z", "id": "779404326766731264"}, {"edit_history_tweet_ids": ["779404325776949248"], "author_id": "2940474083", "text": "Venezuela siempre tendr\u00e1 a Cuba en su coraz\u00f3n: Ad\u00e1n Ch\u00e1vez Fr\u00edas y Jorge Luis Garc\u00eda agradecieron en nombre d... https://t.co/6KjWmoa3jN", "created_at": "2016-09-23T19:37:26.000Z", "id": "779404325776949248"}, {"edit_history_tweet_ids": ["779404318596173824"], "author_id": "2537539556", "text": "Venezuela siempre tendr\u00e1 a Cuba en su coraz\u00f3n: Ad\u00e1n Ch\u00e1vez Fr\u00edas y Jorge Luis Garc\u00eda agradecieron en nombre d... https://t.co/CF46Syxgyt", "created_at": "2016-09-23T19:37:24.000Z", "id": "779404318596173824"}, {"edit_history_tweet_ids": ["779404314913542144"], "author_id": "1965531906", "text": "#Cuba Venezuela siempre tendr\u00e1 a Cuba en su coraz\u00f3n: Ad\u00e1n Ch\u00e1vez Fr\u00edas y Jorge Luis Garc\u00eda ag... https://t.co/ze48jklSlm #TodosMarchamos", "created_at": "2016-09-23T19:37:23.000Z", "id": "779404314913542144"}, {"edit_history_tweet_ids": ["779404312829104128"], "author_id": "128639623", "text": "#Guant\u00e1namo Venezuela siempre tendr\u00e1 a Cuba en su coraz\u00f3n: Ad\u00e1n Ch\u00e1vez Fr\u00edas y Jorge Luis Garc\u00eda agrade... https://t.co/BijLsoaTZg #Cuba", "created_at": "2016-09-23T19:37:23.000Z", "id": "779404312829104128"}, {"edit_history_tweet_ids": ["779404305535160322"], "author_id": "2345586145", "text": "Venezuela siempre tendr\u00e1 a Cuba en su coraz\u00f3n: Ad\u00e1n Ch\u00e1vez Fr\u00edas y Jorge Luis Garc\u00eda agradecieron en nombre d... https://t.co/w0vjoUhBZ9", "created_at": "2016-09-23T19:37:21.000Z", "id": "779404305535160322"}, {"edit_history_tweet_ids": ["779403964890558464"], "author_id": "2815507772", "text": "Venezuela siempre tendr\u00e1 a Cuba en su coraz\u00f3n: Ad\u00e1n Ch\u00e1vez Fr\u00edas y Jorge Luis Garc\u00eda agradecieron en nombre d... https://t.co/xwSV6SI3oZ", "created_at": "2016-09-23T19:36:00.000Z", "id": "779403964890558464"}, {"edit_history_tweet_ids": ["779403963124686848"], "author_id": "233977026", "text": "Venezuela siempre tendr\u00e1 a Cuba en su coraz\u00f3n: Ad\u00e1n Ch\u00e1vez Fr\u00edas y Jorge Luis Garc\u00eda agradecieron en nombre d... https://t.co/CetUHOuI5v", "created_at": "2016-09-23T19:36:00.000Z", "id": "779403963124686848"}, {"edit_history_tweet_ids": ["779403950403358720"], "author_id": "2905481583", "text": "#Camaguey Venezuela siempre tendr\u00e1 a Cuba en su coraz\u00f3n: Ad\u00e1n Ch\u00e1vez Fr\u00edas y Jorge Luis Garc\u00eda agradecieron e... https://t.co/65gqw3G2i3", "created_at": "2016-09-23T19:35:57.000Z", "id": "779403950403358720"}, {"edit_history_tweet_ids": ["779403931566809089"], "author_id": "207549332", "text": "Venezuela siempre tendr\u00e1 a Cuba en su coraz\u00f3n: Ad\u00e1n Ch\u00e1vez Fr\u00edas y Jorge Luis Garc\u00eda agradecieron en nombre d... https://t.co/e3BtwFpFoV", "created_at": "2016-09-23T19:35:52.000Z", "id": "779403931566809089"}, {"edit_history_tweet_ids": ["779403931264966656"], "author_id": "2805456660", "text": "Venezuela siempre tendr\u00e1 a Cuba en su coraz\u00f3n: Ad\u00e1n Ch\u00e1vez Fr\u00edas y Jorge Luis Garc\u00eda agradecieron en nombre d... https://t.co/7boexx9NgI", "created_at": "2016-09-23T19:35:52.000Z", "id": "779403931264966656"}, {"edit_history_tweet_ids": ["779403922796605440"], "author_id": "196272490", "text": "#Camaguey Venezuela siempre tendr\u00e1 a Cuba en su coraz\u00f3n: Ad\u00e1n Ch\u00e1vez Fr\u00edas y Jorge Luis Garc\u00eda agradecieron e... https://t.co/O1zTsPI2bP", "created_at": "2016-09-23T19:35:50.000Z", "id": "779403922796605440"}, {"edit_history_tweet_ids": ["779403908829417473"], "author_id": "2510534563", "text": "Venezuela siempre tendr\u00e1 a Cuba en su coraz\u00f3n: Ad\u00e1n Ch\u00e1vez Fr\u00edas y Jorge Luis Garc\u00eda agradecieron en nombre d... https://t.co/EYYayCQSrn", "created_at": "2016-09-23T19:35:47.000Z", "id": "779403908829417473"}, {"edit_history_tweet_ids": ["779403899249668097"], "author_id": "2422458740", "text": "#Granma: Venezuela siempre tendr\u00e1 a Cuba en su coraz\u00f3n: Ad\u00e1n Ch\u00e1vez Fr\u00edas y Jorge Luis Garc\u00eda agradecie... https://t.co/A9rSyLIsaP #Cuba", "created_at": "2016-09-23T19:35:44.000Z", "id": "779403899249668097"}, {"edit_history_tweet_ids": ["779403893977473024"], "author_id": "1087435501", "text": "Venezuela siempre tendr\u00e1 a Cuba en su coraz\u00f3n: Ad\u00e1n Ch\u00e1vez Fr\u00edas y Jorge Luis Garc\u00eda agra... https://t.co/ws9GWbyKtr via @Granma_Digital", "created_at": "2016-09-23T19:35:43.000Z", "id": "779403893977473024"}, {"edit_history_tweet_ids": ["779398565122613249"], "author_id": "103005822", "text": "1975...todos genales!\nEl oto\u00f1o del patriarca de Gabriel Garc\u00eda M\u00e1rquez\nEl libro de arena de Jorge Luis Borges\nTerra Nostra de Carlos Fuentes https://t.co/z9AL0mCgaw", "created_at": "2016-09-23T19:14:33.000Z", "id": "779398565122613249"}, {"edit_history_tweet_ids": ["779396029728763904"], "author_id": "3737963472", "text": "#Camaguey Venezuela siempre tendr\u00e1 a Cuba en su coraz\u00f3n: Ad\u00e1n Ch\u00e1vez Fr\u00edas y Jorge Luis Garc\u00eda agradecieron e... https://t.co/8BtstqaEGb", "created_at": "2016-09-23T19:04:28.000Z", "id": "779396029728763904"}, {"edit_history_tweet_ids": ["779366515703291904"], "author_id": "2282369634", "text": "Luis Jorge Garc\u00eda Cruz, reconoce triunfo de un servidor y se suma a los trabajos en pro de nuestro Zimatl\u00e1n. https://t.co/D449yJmSEf", "created_at": "2016-09-23T17:07:11.000Z", "id": "779366515703291904"}, {"edit_history_tweet_ids": ["779362162452094976"], "author_id": "136441835", "text": "Luis Filipe Paulino Garcia olha uma para fazeres ao Jorge Brito ! https://t.co/eaMpGp0vLk", "created_at": "2016-09-23T16:49:54.000Z", "id": "779362162452094976"}, {"edit_history_tweet_ids": ["779333394073128960"], "author_id": "4341839656", "text": "Agradece Jorge Luis Garc\u00eda,  gob  de Vargas, al pueblo cubano por su solidaridad. Interviene ante #movpaz @cuba https://t.co/pe6Fc2G55f", "created_at": "2016-09-23T14:55:35.000Z", "id": "779333394073128960"}, {"edit_history_tweet_ids": ["779183725645012993"], "author_id": "351759404", "text": "Retweeted Jorge  Garc\u00eda L\u00f3pez (@_jorgegarcial):\n\nHoy noveno aniversario del #PlanRenovaCFN en @ParqueSamanes con... https://t.co/C0dFSk2isE", "created_at": "2016-09-23T05:00:51.000Z", "id": "779183725645012993"}, {"edit_history_tweet_ids": ["779183661526622208"], "author_id": "351759404", "text": "Retweeted Jorge  Garc\u00eda L\u00f3pez (@_jorgegarcial):\n\nEn @ParqueSamanes participamos del 9no aniversario del... https://t.co/cnxYOKdGfP", "created_at": "2016-09-23T05:00:36.000Z", "id": "779183661526622208"}, {"edit_history_tweet_ids": ["779183655344365568"], "author_id": "351759404", "text": "Retweeted Jorge  Garc\u00eda L\u00f3pez (@_jorgegarcial):\n\nCompartimos en aniversario del #PlanRenovaCFN con ciudadan\u00eda de... https://t.co/jOACtoTbys", "created_at": "2016-09-23T05:00:34.000Z", "id": "779183655344365568"}, {"edit_history_tweet_ids": ["779183588160004096"], "author_id": "351759404", "text": "Retweeted Jorge  Garc\u00eda L\u00f3pez (@_jorgegarcial):\n\nDesde Teatro Centro C\u00edvico #Gye acompa\u00f1amos a @JorgeGlas  con... https://t.co/dyuunmptqQ", "created_at": "2016-09-23T05:00:18.000Z", "id": "779183588160004096"}, {"edit_history_tweet_ids": ["779146332753784832"], "author_id": "136441835", "text": "Luis Filipe Paulino Garcia Jorge Brito https://t.co/5LGLIstUTG", "created_at": "2016-09-23T02:32:16.000Z", "id": "779146332753784832"}, {"edit_history_tweet_ids": ["779063485506265088"], "author_id": "175474866", "text": "Que se merece?\nJorge Gonz\u00e1lez Dur\u00e1n\nCometa RS\nArkad Gazca\nHoracio Reyes Garcia\nAbogado Palma Canc\u00fan\nJose Luis... https://t.co/QvMQddqvNx", "created_at": "2016-09-22T21:03:03.000Z", "id": "779063485506265088"}, {"edit_history_tweet_ids": ["779049229079547905"], "author_id": "2731918219", "text": "@thebookatlas Gabriel Garcia Marquez, Kazuo Ishiguro, and Jorge Luis Borges \u2728 #Literary #MagicalRealism", "created_at": "2016-09-22T20:06:24.000Z", "id": "779049229079547905"}, {"edit_history_tweet_ids": ["778977191673683968"], "author_id": "67959499", "text": "Jorge Luis Garcia Tury Allende https://t.co/Am8demktgx", "created_at": "2016-09-22T15:20:09.000Z", "id": "778977191673683968"}, {"edit_history_tweet_ids": ["778970328508792832"], "author_id": "125891465", "text": "Luis Raul Garcia Baylon. Gris Ramos A. Antentv Ramos. Roberto Mu\u00f1oz. Vanne Strada Jorge Medina. Mcklen Corona.... https://t.co/9uClL39lRz", "created_at": "2016-09-22T14:52:53.000Z", "id": "778970328508792832"}, {"edit_history_tweet_ids": ["778809060204224513"], "author_id": "2358812228", "text": "@atlascorazon @Don_Felipe_ @aloatlas \nEstar\u00edamos Mejor con Lopez Obr... digo con Luis Garcia y Jorge Campos. \nNeta, peor no se puede", "created_at": "2016-09-22T04:12:04.000Z", "id": "778809060204224513"}, {"edit_history_tweet_ids": ["778798863771578369"], "author_id": "447354666", "text": "Pedro Luis Perez Vega Jorge Osuna Rafael Pardo Alejandro Perez Eduardo Palacios Francisco Garcia me cagan. https://t.co/xc5TWADDRQ", "created_at": "2016-09-22T03:31:33.000Z", "id": "778798863771578369"}, {"edit_history_tweet_ids": ["778792726753972224"], "author_id": "160729075", "text": "RT @Beisbolplaneta: Roberto Osuna, Cesar Vargas, Luis Niebla, Marco Estrada, Jorge De La Rosa y Jaime Garc\u00eda entre los Mexicanos que... htt\u2026", "created_at": "2016-09-22T03:07:09.000Z", "id": "778792726753972224"}, {"edit_history_tweet_ids": ["778767839448604672"], "author_id": "437158070", "text": "RT @Beisbolplaneta: Roberto Osuna, Cesar Vargas, Luis Niebla, Marco Estrada, Jorge De La Rosa y Jaime Garc\u00eda entre los Mexicanos que... htt\u2026", "created_at": "2016-09-22T01:28:16.000Z", "id": "778767839448604672"}, {"edit_history_tweet_ids": ["778762473952321536"], "author_id": "135258012", "text": "RT @Beisbolplaneta: Roberto Osuna, Cesar Vargas, Luis Niebla, Marco Estrada, Jorge De La Rosa y Jaime Garc\u00eda entre los Mexicanos que... htt\u2026", "created_at": "2016-09-22T01:06:57.000Z", "id": "778762473952321536"}, {"edit_history_tweet_ids": ["778751468706734081"], "author_id": "2330620866", "text": "Roberto Osuna, Cesar Vargas, Luis Niebla, Marco Estrada, Jorge De La Rosa y Jaime Garc\u00eda entre los Mexicanos que... https://t.co/Tp09TdXurZ", "created_at": "2016-09-22T00:23:13.000Z", "id": "778751468706734081"}], "meta": {"newest_id": "780608129679564801", "oldest_id": "778751468706734081", "result_count": 92}}