{"data": [{"author_id": "1138815683901493248", "id": "1523079165183987713", "edit_history_tweet_ids": ["1523079165183987713"], "created_at": "2022-05-07T23:15:45.000Z", "text": "RT @damian_from: Tommy Robinson is an unqualified supporter of zionism.\nKatie Hopkins is an unqualified supporter of zionism.\nDonald Trump\u2026"}, {"author_id": "2343582668", "id": "1523077242934366213", "edit_history_tweet_ids": ["1523077242934366213"], "created_at": "2022-05-07T23:08:06.000Z", "text": "RT @damian_from: Tommy Robinson is an unqualified supporter of zionism.\nKatie Hopkins is an unqualified supporter of zionism.\nDonald Trump\u2026"}, {"author_id": "1412906743315767297", "id": "1523076404031942656", "edit_history_tweet_ids": ["1523076404031942656"], "created_at": "2022-05-07T23:04:46.000Z", "text": "RT @damian_from: Tommy Robinson is an unqualified supporter of zionism.\nKatie Hopkins is an unqualified supporter of zionism.\nDonald Trump\u2026"}, {"author_id": "1011352291100823558", "id": "1523071431801643008", "edit_history_tweet_ids": ["1523071431801643008"], "created_at": "2022-05-07T22:45:01.000Z", "text": "RT @damian_from: Tommy Robinson is an unqualified supporter of zionism.\nKatie Hopkins is an unqualified supporter of zionism.\nDonald Trump\u2026"}, {"author_id": "2809657193", "id": "1523070539895427074", "edit_history_tweet_ids": ["1523070539895427074"], "created_at": "2022-05-07T22:41:28.000Z", "text": "RT @damian_from: Tommy Robinson is an unqualified supporter of zionism.\nKatie Hopkins is an unqualified supporter of zionism.\nDonald Trump\u2026"}, {"author_id": "1432799320617766922", "id": "1523070442491510784", "edit_history_tweet_ids": ["1523070442491510784"], "created_at": "2022-05-07T22:41:05.000Z", "text": "RT @damian_from: Tommy Robinson is an unqualified supporter of zionism.\nKatie Hopkins is an unqualified supporter of zionism.\nDonald Trump\u2026"}, {"author_id": "807354317334138880", "id": "1523069352051806208", "edit_history_tweet_ids": ["1523069352051806208"], "created_at": "2022-05-07T22:36:45.000Z", "text": "RT @damian_from: Tommy Robinson is an unqualified supporter of zionism.\nKatie Hopkins is an unqualified supporter of zionism.\nDonald Trump\u2026"}, {"author_id": "1369640064985272327", "id": "1523067010082648077", "edit_history_tweet_ids": ["1523067010082648077"], "created_at": "2022-05-07T22:27:27.000Z", "text": "RT @damian_from: Tommy Robinson is an unqualified supporter of zionism.\nKatie Hopkins is an unqualified supporter of zionism.\nDonald Trump\u2026"}, {"author_id": "1001775960763588608", "id": "1523066876515045377", "edit_history_tweet_ids": ["1523066876515045377"], "created_at": "2022-05-07T22:26:55.000Z", "text": "RT @damian_from: Tommy Robinson is an unqualified supporter of zionism.\nKatie Hopkins is an unqualified supporter of zionism.\nDonald Trump\u2026"}, {"author_id": "1488354366964834305", "id": "1523060244317982725", "edit_history_tweet_ids": ["1523060244317982725"], "created_at": "2022-05-07T22:00:33.000Z", "text": "RT @damian_from: Tommy Robinson is an unqualified supporter of zionism.\nKatie Hopkins is an unqualified supporter of zionism.\nDonald Trump\u2026"}, {"author_id": "813743913236385792", "id": "1523055222536376321", "edit_history_tweet_ids": ["1523055222536376321"], "created_at": "2022-05-07T21:40:36.000Z", "text": "RT @damian_from: Tommy Robinson is an unqualified supporter of zionism.\nKatie Hopkins is an unqualified supporter of zionism.\nDonald Trump\u2026"}, {"author_id": "731082473417912321", "id": "1523055112578793472", "edit_history_tweet_ids": ["1523055112578793472"], "created_at": "2022-05-07T21:40:10.000Z", "text": "RT @damian_from: Tommy Robinson is an unqualified supporter of zionism.\nKatie Hopkins is an unqualified supporter of zionism.\nDonald Trump\u2026"}, {"author_id": "493925943", "id": "1523054403204579329", "edit_history_tweet_ids": ["1523054403204579329"], "created_at": "2022-05-07T21:37:21.000Z", "text": "RT @damian_from: Tommy Robinson is an unqualified supporter of zionism.\nKatie Hopkins is an unqualified supporter of zionism.\nDonald Trump\u2026"}, {"author_id": "822692077", "id": "1523053900169105408", "edit_history_tweet_ids": ["1523053900169105408"], "created_at": "2022-05-07T21:35:21.000Z", "text": "RT @damian_from: Tommy Robinson is an unqualified supporter of zionism.\nKatie Hopkins is an unqualified supporter of zionism.\nDonald Trump\u2026"}, {"author_id": "20340604", "id": "1523051121866317824", "edit_history_tweet_ids": ["1523051121866317824"], "created_at": "2022-05-07T21:24:19.000Z", "text": "RT @damian_from: Tommy Robinson is an unqualified supporter of zionism.\nKatie Hopkins is an unqualified supporter of zionism.\nDonald Trump\u2026"}, {"author_id": "1401509256743038976", "id": "1523051001791492096", "edit_history_tweet_ids": ["1523051001791492096"], "created_at": "2022-05-07T21:23:50.000Z", "text": "RT @damian_from: Tommy Robinson is an unqualified supporter of zionism.\nKatie Hopkins is an unqualified supporter of zionism.\nDonald Trump\u2026"}, {"author_id": "1361682929706020867", "id": "1523050865547833344", "edit_history_tweet_ids": ["1523050865547833344"], "created_at": "2022-05-07T21:23:17.000Z", "text": "RT @damian_from: Tommy Robinson is an unqualified supporter of zionism.\nKatie Hopkins is an unqualified supporter of zionism.\nDonald Trump\u2026"}, {"author_id": "628499008", "id": "1523050328811347970", "edit_history_tweet_ids": ["1523050328811347970"], "created_at": "2022-05-07T21:21:09.000Z", "text": "RT @damian_from: Tommy Robinson is an unqualified supporter of zionism.\nKatie Hopkins is an unqualified supporter of zionism.\nDonald Trump\u2026"}, {"author_id": "1393213234665099265", "id": "1523046533779836929", "edit_history_tweet_ids": ["1523046533779836929"], "created_at": "2022-05-07T21:06:05.000Z", "text": "RT @damian_from: Tommy Robinson is an unqualified supporter of zionism.\nKatie Hopkins is an unqualified supporter of zionism.\nDonald Trump\u2026"}, {"author_id": "3233674384", "id": "1523045837433102338", "edit_history_tweet_ids": ["1523045837433102338"], "created_at": "2022-05-07T21:03:19.000Z", "text": "RT @damian_from: Tommy Robinson is an unqualified supporter of zionism.\nKatie Hopkins is an unqualified supporter of zionism.\nDonald Trump\u2026"}, {"author_id": "98211913", "id": "1523042028451516422", "edit_history_tweet_ids": ["1523042028451516422"], "created_at": "2022-05-07T20:48:10.000Z", "text": "RT @damian_from: Tommy Robinson is an unqualified supporter of zionism.\nKatie Hopkins is an unqualified supporter of zionism.\nDonald Trump\u2026"}, {"author_id": "210405413", "id": "1523039838265831425", "edit_history_tweet_ids": ["1523039838265831425"], "created_at": "2022-05-07T20:39:28.000Z", "text": "RT @damian_from: Tommy Robinson is an unqualified supporter of zionism.\nKatie Hopkins is an unqualified supporter of zionism.\nDonald Trump\u2026"}, {"author_id": "44624123", "id": "1523038314143657991", "edit_history_tweet_ids": ["1523038314143657991"], "created_at": "2022-05-07T20:33:25.000Z", "text": "RT @damian_from: Tommy Robinson is an unqualified supporter of zionism.\nKatie Hopkins is an unqualified supporter of zionism.\nDonald Trump\u2026"}, {"author_id": "2880717907", "id": "1523033325119721472", "edit_history_tweet_ids": ["1523033325119721472"], "created_at": "2022-05-07T20:13:35.000Z", "text": "RT @damian_from: Tommy Robinson is an unqualified supporter of zionism.\nKatie Hopkins is an unqualified supporter of zionism.\nDonald Trump\u2026"}, {"author_id": "1085973900511662080", "id": "1523032566319697920", "edit_history_tweet_ids": ["1523032566319697920"], "created_at": "2022-05-07T20:10:35.000Z", "text": "RT @damian_from: Tommy Robinson is an unqualified supporter of zionism.\nKatie Hopkins is an unqualified supporter of zionism.\nDonald Trump\u2026"}, {"author_id": "1022577101302587393", "id": "1523028238674837504", "edit_history_tweet_ids": ["1523028238674837504"], "created_at": "2022-05-07T19:53:23.000Z", "text": "RT @damian_from: Tommy Robinson is an unqualified supporter of zionism.\nKatie Hopkins is an unqualified supporter of zionism.\nDonald Trump\u2026"}, {"author_id": "236493002", "id": "1523022548996292608", "edit_history_tweet_ids": ["1523022548996292608"], "created_at": "2022-05-07T19:30:46.000Z", "text": "RT @damian_from: Tommy Robinson is an unqualified supporter of zionism.\nKatie Hopkins is an unqualified supporter of zionism.\nDonald Trump\u2026"}, {"author_id": "1270695830", "id": "1523021642389204993", "edit_history_tweet_ids": ["1523021642389204993"], "created_at": "2022-05-07T19:27:10.000Z", "text": "RT @damian_from: Tommy Robinson is an unqualified supporter of zionism.\nKatie Hopkins is an unqualified supporter of zionism.\nDonald Trump\u2026"}, {"author_id": "48704044", "id": "1523019688950878210", "edit_history_tweet_ids": ["1523019688950878210"], "created_at": "2022-05-07T19:19:24.000Z", "text": "RT @damian_from: Tommy Robinson is an unqualified supporter of zionism.\nKatie Hopkins is an unqualified supporter of zionism.\nDonald Trump\u2026"}, {"author_id": "867784168947630080", "id": "1523013408123404288", "edit_history_tweet_ids": ["1523013408123404288"], "created_at": "2022-05-07T18:54:27.000Z", "text": "RT @damian_from: Tommy Robinson is an unqualified supporter of zionism.\nKatie Hopkins is an unqualified supporter of zionism.\nDonald Trump\u2026"}, {"author_id": "27843443", "id": "1523013344445145088", "edit_history_tweet_ids": ["1523013344445145088"], "created_at": "2022-05-07T18:54:12.000Z", "text": "RT @damian_from: Tommy Robinson is an unqualified supporter of zionism.\nKatie Hopkins is an unqualified supporter of zionism.\nDonald Trump\u2026"}, {"author_id": "1478082164491272194", "id": "1523012759532625920", "edit_history_tweet_ids": ["1523012759532625920"], "created_at": "2022-05-07T18:51:52.000Z", "text": "RT @damian_from: Tommy Robinson is an unqualified supporter of zionism.\nKatie Hopkins is an unqualified supporter of zionism.\nDonald Trump\u2026"}, {"author_id": "1045401594819489793", "id": "1523010868761415680", "edit_history_tweet_ids": ["1523010868761415680"], "created_at": "2022-05-07T18:44:21.000Z", "text": "RT @damian_from: Tommy Robinson is an unqualified supporter of zionism.\nKatie Hopkins is an unqualified supporter of zionism.\nDonald Trump\u2026"}, {"author_id": "1208457693587005440", "id": "1523002326365380608", "edit_history_tweet_ids": ["1523002326365380608"], "created_at": "2022-05-07T18:10:25.000Z", "text": "RT @damian_from: Tommy Robinson is an unqualified supporter of zionism.\nKatie Hopkins is an unqualified supporter of zionism.\nDonald Trump\u2026"}, {"author_id": "84991727", "id": "1523002176540647425", "edit_history_tweet_ids": ["1523002176540647425"], "created_at": "2022-05-07T18:09:49.000Z", "text": "RT @damian_from: Tommy Robinson is an unqualified supporter of zionism.\nKatie Hopkins is an unqualified supporter of zionism.\nDonald Trump\u2026"}, {"author_id": "185192311", "id": "1523001280813273089", "edit_history_tweet_ids": ["1523001280813273089"], "created_at": "2022-05-07T18:06:15.000Z", "text": "RT @damian_from: Tommy Robinson is an unqualified supporter of zionism.\nKatie Hopkins is an unqualified supporter of zionism.\nDonald Trump\u2026"}, {"author_id": "783500509", "id": "1523001179973713922", "edit_history_tweet_ids": ["1523001179973713922"], "created_at": "2022-05-07T18:05:51.000Z", "text": "RT @damian_from: Tommy Robinson is an unqualified supporter of zionism.\nKatie Hopkins is an unqualified supporter of zionism.\nDonald Trump\u2026"}, {"author_id": "947524243960532993", "id": "1523000714405965824", "edit_history_tweet_ids": ["1523000714405965824"], "created_at": "2022-05-07T18:04:00.000Z", "text": "RT @damian_from: Tommy Robinson is an unqualified supporter of zionism.\nKatie Hopkins is an unqualified supporter of zionism.\nDonald Trump\u2026"}, {"author_id": "1192076567364722689", "id": "1522998867440160769", "edit_history_tweet_ids": ["1522998867440160769"], "created_at": "2022-05-07T17:56:40.000Z", "text": "RT @damian_from: Tommy Robinson is an unqualified supporter of zionism.\nKatie Hopkins is an unqualified supporter of zionism.\nDonald Trump\u2026"}, {"author_id": "1492734414", "id": "1522997325676912640", "edit_history_tweet_ids": ["1522997325676912640"], "created_at": "2022-05-07T17:50:33.000Z", "text": "RT @damian_from: Tommy Robinson is an unqualified supporter of zionism.\nKatie Hopkins is an unqualified supporter of zionism.\nDonald Trump\u2026"}, {"author_id": "1469045313209966593", "id": "1522995976767557633", "edit_history_tweet_ids": ["1522995976767557633"], "created_at": "2022-05-07T17:45:11.000Z", "text": "RT @damian_from: Tommy Robinson is an unqualified supporter of zionism.\nKatie Hopkins is an unqualified supporter of zionism.\nDonald Trump\u2026"}, {"author_id": "1217084911041073152", "id": "1522995079043960832", "edit_history_tweet_ids": ["1522995079043960832"], "created_at": "2022-05-07T17:41:37.000Z", "text": "RT @damian_from: Tommy Robinson is an unqualified supporter of zionism.\nKatie Hopkins is an unqualified supporter of zionism.\nDonald Trump\u2026"}, {"author_id": "497698757", "id": "1522994468034592770", "edit_history_tweet_ids": ["1522994468034592770"], "created_at": "2022-05-07T17:39:11.000Z", "text": "RT @damian_from: Tommy Robinson is an unqualified supporter of zionism.\nKatie Hopkins is an unqualified supporter of zionism.\nDonald Trump\u2026"}, {"author_id": "3410937027", "id": "1522993500291092480", "edit_history_tweet_ids": ["1522993500291092480"], "created_at": "2022-05-07T17:35:20.000Z", "text": "RT @damian_from: Tommy Robinson is an unqualified supporter of zionism.\nKatie Hopkins is an unqualified supporter of zionism.\nDonald Trump\u2026"}, {"author_id": "783544465931792384", "id": "1522990432057180160", "edit_history_tweet_ids": ["1522990432057180160"], "created_at": "2022-05-07T17:23:09.000Z", "text": "RT @damian_from: Tommy Robinson is an unqualified supporter of zionism.\nKatie Hopkins is an unqualified supporter of zionism.\nDonald Trump\u2026"}, {"author_id": "1315163274271432704", "id": "1522989653120503809", "edit_history_tweet_ids": ["1522989653120503809"], "created_at": "2022-05-07T17:20:03.000Z", "text": "RT @damian_from: Tommy Robinson is an unqualified supporter of zionism.\nKatie Hopkins is an unqualified supporter of zionism.\nDonald Trump\u2026"}, {"author_id": "2290276152", "id": "1522989304251052032", "edit_history_tweet_ids": ["1522989304251052032"], "created_at": "2022-05-07T17:18:40.000Z", "text": "RT @damian_from: Tommy Robinson is an unqualified supporter of zionism.\nKatie Hopkins is an unqualified supporter of zionism.\nDonald Trump\u2026"}, {"author_id": "1232009421024321536", "id": "1522986153711915010", "edit_history_tweet_ids": ["1522986153711915010"], "created_at": "2022-05-07T17:06:09.000Z", "text": "RT @damian_from: Tommy Robinson is an unqualified supporter of zionism.\nKatie Hopkins is an unqualified supporter of zionism.\nDonald Trump\u2026"}, {"author_id": "2969927877", "id": "1522984815443812359", "edit_history_tweet_ids": ["1522984815443812359"], "created_at": "2022-05-07T17:00:50.000Z", "text": "RT @damian_from: Tommy Robinson is an unqualified supporter of zionism.\nKatie Hopkins is an unqualified supporter of zionism.\nDonald Trump\u2026"}, {"author_id": "939517977128562691", "id": "1522984223350607873", "edit_history_tweet_ids": ["1522984223350607873"], "created_at": "2022-05-07T16:58:29.000Z", "text": "RT @damian_from: Tommy Robinson is an unqualified supporter of zionism.\nKatie Hopkins is an unqualified supporter of zionism.\nDonald Trump\u2026"}, {"author_id": "1132394686902091782", "id": "1522983629328109569", "edit_history_tweet_ids": ["1522983629328109569"], "created_at": "2022-05-07T16:56:07.000Z", "text": "RT @damian_from: Tommy Robinson is an unqualified supporter of zionism.\nKatie Hopkins is an unqualified supporter of zionism.\nDonald Trump\u2026"}, {"author_id": "232167856", "id": "1522983572788895745", "edit_history_tweet_ids": ["1522983572788895745"], "created_at": "2022-05-07T16:55:54.000Z", "text": "RT @damian_from: Tommy Robinson is an unqualified supporter of zionism.\nKatie Hopkins is an unqualified supporter of zionism.\nDonald Trump\u2026"}, {"author_id": "949994449509249026", "id": "1522980393254858752", "edit_history_tweet_ids": ["1522980393254858752"], "created_at": "2022-05-07T16:43:16.000Z", "text": "RT @damian_from: Tommy Robinson is an unqualified supporter of zionism.\nKatie Hopkins is an unqualified supporter of zionism.\nDonald Trump\u2026"}, {"author_id": "101333073", "id": "1522978397391106048", "edit_history_tweet_ids": ["1522978397391106048"], "created_at": "2022-05-07T16:35:20.000Z", "text": "RT @damian_from: Tommy Robinson is an unqualified supporter of zionism.\nKatie Hopkins is an unqualified supporter of zionism.\nDonald Trump\u2026"}, {"author_id": "3322888575", "id": "1522978282911719426", "edit_history_tweet_ids": ["1522978282911719426"], "created_at": "2022-05-07T16:34:52.000Z", "text": "RT @damian_from: Tommy Robinson is an unqualified supporter of zionism.\nKatie Hopkins is an unqualified supporter of zionism.\nDonald Trump\u2026"}, {"author_id": "565504553", "id": "1522978211956621312", "edit_history_tweet_ids": ["1522978211956621312"], "created_at": "2022-05-07T16:34:35.000Z", "text": "RT @damian_from: Tommy Robinson is an unqualified supporter of zionism.\nKatie Hopkins is an unqualified supporter of zionism.\nDonald Trump\u2026"}, {"author_id": "1173200783313199104", "id": "1522978153274257410", "edit_history_tweet_ids": ["1522978153274257410"], "created_at": "2022-05-07T16:34:21.000Z", "text": "RT @damian_from: Tommy Robinson is an unqualified supporter of zionism.\nKatie Hopkins is an unqualified supporter of zionism.\nDonald Trump\u2026"}, {"author_id": "1448319894580301825", "id": "1522978050643795968", "edit_history_tweet_ids": ["1522978050643795968"], "created_at": "2022-05-07T16:33:57.000Z", "text": "RT @damian_from: Tommy Robinson is an unqualified supporter of zionism.\nKatie Hopkins is an unqualified supporter of zionism.\nDonald Trump\u2026"}, {"author_id": "1060605689024929792", "id": "1522977934897786880", "edit_history_tweet_ids": ["1522977934897786880"], "created_at": "2022-05-07T16:33:29.000Z", "text": "RT @damian_from: Tommy Robinson is an unqualified supporter of zionism.\nKatie Hopkins is an unqualified supporter of zionism.\nDonald Trump\u2026"}, {"author_id": "1462168183838842885", "id": "1522976465955876865", "edit_history_tweet_ids": ["1522976465955876865"], "created_at": "2022-05-07T16:27:39.000Z", "text": "RT @damian_from: Tommy Robinson is an unqualified supporter of zionism.\nKatie Hopkins is an unqualified supporter of zionism.\nDonald Trump\u2026"}, {"author_id": "66113211", "id": "1522975736415625219", "edit_history_tweet_ids": ["1522975736415625219"], "created_at": "2022-05-07T16:24:45.000Z", "text": "RT @damian_from: Tommy Robinson is an unqualified supporter of zionism.\nKatie Hopkins is an unqualified supporter of zionism.\nDonald Trump\u2026"}, {"author_id": "199706049", "id": "1522975445494509569", "edit_history_tweet_ids": ["1522975445494509569"], "created_at": "2022-05-07T16:23:36.000Z", "text": "RT @damian_from: Tommy Robinson is an unqualified supporter of zionism.\nKatie Hopkins is an unqualified supporter of zionism.\nDonald Trump\u2026"}, {"author_id": "16027848", "id": "1522975272856965120", "edit_history_tweet_ids": ["1522975272856965120"], "created_at": "2022-05-07T16:22:55.000Z", "text": "RT @damian_from: Tommy Robinson is an unqualified supporter of zionism.\nKatie Hopkins is an unqualified supporter of zionism.\nDonald Trump\u2026"}, {"author_id": "2356354133", "id": "1522974037705637889", "edit_history_tweet_ids": ["1522974037705637889"], "created_at": "2022-05-07T16:18:00.000Z", "text": "RT @damian_from: Tommy Robinson is an unqualified supporter of zionism.\nKatie Hopkins is an unqualified supporter of zionism.\nDonald Trump\u2026"}, {"author_id": "600142315", "id": "1522973606782935042", "edit_history_tweet_ids": ["1522973606782935042"], "created_at": "2022-05-07T16:16:17.000Z", "text": "RT @damian_from: Tommy Robinson is an unqualified supporter of zionism.\nKatie Hopkins is an unqualified supporter of zionism.\nDonald Trump\u2026"}, {"author_id": "979285070140751872", "id": "1522973601766551552", "edit_history_tweet_ids": ["1522973601766551552"], "created_at": "2022-05-07T16:16:16.000Z", "text": "RT @damian_from: Tommy Robinson is an unqualified supporter of zionism.\nKatie Hopkins is an unqualified supporter of zionism.\nDonald Trump\u2026"}, {"author_id": "1001775960763588608", "id": "1522973070558117888", "edit_history_tweet_ids": ["1522973070558117888"], "created_at": "2022-05-07T16:14:10.000Z", "text": "Tommy Robinson is an unqualified supporter of zionism.\nKatie Hopkins is an unqualified supporter of zionism.\nDonald Trump is an unqualified supporter of zionism.\n@Keir_Starmer is an unqualified supporter of zionism.\n\nBirds of a feather flock together."}, {"author_id": "1484779116", "id": "1522908400081899520", "edit_history_tweet_ids": ["1522908400081899520"], "created_at": "2022-05-07T11:57:11.000Z", "text": "Donald Trump, Alex Jones, Elon Musk, Paul Joseph Watson, Stefan Molyneux, David Icke, Tommy Robinson, Mark Dice are all Jew hating nazis and always use the guise of \"free speech\" to mask their true intentions \ud83d\ude44"}, {"author_id": "299188155", "id": "1522824224385212416", "edit_history_tweet_ids": ["1522824224385212416"], "created_at": "2022-05-07T06:22:42.000Z", "text": "@timl_85 Yeah don't look at Ollie Robinson bowling like prime Alan Donald yesterday."}, {"author_id": "4853236272", "id": "1522730405157548033", "edit_history_tweet_ids": ["1522730405157548033"], "created_at": "2022-05-07T00:09:54.000Z", "text": "RT @cvcjr13: . . . Rhiannon Giddens\nJimmy Jam &amp; Terry Lewis - Janet Jackson\nJudas Priest - Lars Ulrich &amp; James Hetfield\nAllen Grubman - Don\u2026"}, {"author_id": "37552510", "id": "1522727717963067392", "edit_history_tweet_ids": ["1522727717963067392"], "created_at": "2022-05-06T23:59:13.000Z", "text": ". . . Rhiannon Giddens\nJimmy Jam &amp; Terry Lewis - Janet Jackson\nJudas Priest - Lars Ulrich &amp; James Hetfield\nAllen Grubman - Donald Passman**\nJimmy Iovine - Dr. Dre\nSylvia Robinson - Sylvia Rhone\n\n*Chaka Khan &amp; Michael McDonald covered Carly Simon's \"You Belong To Me\""}, {"author_id": "1519436850334736386", "id": "1522684805279793152", "edit_history_tweet_ids": ["1522684805279793152"], "created_at": "2022-05-06T21:08:42.000Z", "text": "Who's to Blame for Dave Chappelle Attack? 'The View' Co-Host Says Donald Trump Is via @WestJournalism https://t.co/HdpcBAZwww The entertainer has indirectly attacked bathhouse Barry Obama's first tranny Michael Lavaugn Robinson which has spawned a lot of 'woke' slander 'bots'."}, {"author_id": "1488574742168842247", "id": "1522590581523894272", "edit_history_tweet_ids": ["1522590581523894272"], "created_at": "2022-05-06T14:54:17.000Z", "text": "Florida Man Friday got really ~weird~ during today\u2019s segment of ~Weird News!~\n\nFrom babies on fire to Mike Tyson to something REALLY SUS on an airplane! \ud83d\ude31\n\n- https://t.co/75RUMQVXmk\n- https://t.co/3roRSFeVCi\n- https://t.co/NOOlp6RqT5 https://t.co/aM2Dk8zLzN"}, {"author_id": "931737330276290560", "id": "1522474764966711297", "edit_history_tweet_ids": ["1522474764966711297"], "created_at": "2022-05-06T07:14:04.000Z", "text": "Name: Donald Frederick Robinson \u2022 City: Rancho Cordova \u2022 Date: 12/07/08 \u2022 Cause of Death: Gunshot \u2022 Report: https://t.co/c8ukfw0IXA"}, {"author_id": "1145472028893417473", "id": "1522391676542722048", "edit_history_tweet_ids": ["1522391676542722048"], "created_at": "2022-05-06T01:43:55.000Z", "text": "@nfberndt Every year a player falls through the cracks. Tom Brady. Donald Driver. Phillip Lindsay. James Robinson. List goes on and on.\n\nHe mentioned how his phone was blowing up because teams were lining up to sign him as a UDFA.\n\nIt's the draft. It happens."}, {"author_id": "1469222417369346052", "id": "1521920795865497605", "edit_history_tweet_ids": ["1521920795865497605"], "created_at": "2022-05-04T18:32:48.000Z", "text": "RT @HarveyPeirson: @Trav_In_Ur_Mom Joe Rogan, Donald Trump, Alex Jones, Elon Musk, Paul Joseph Watson, Stefan Molyneux, David Icke, Tommy R\u2026"}, {"author_id": "1316877389557792772", "id": "1521885243732639746", "edit_history_tweet_ids": ["1521885243732639746"], "created_at": "2022-05-04T16:11:32.000Z", "text": "Idk who that man is but he looks and sounds like Kyle Mooney doing an impression of Tim Robinson doing an impression of Donald Trump. https://t.co/9oXjZZRo54"}, {"author_id": "18774571", "id": "1521852253040259074", "edit_history_tweet_ids": ["1521852253040259074"], "created_at": "2022-05-04T14:00:26.000Z", "text": "Today is a great day to reshare this 2019 performance of Five Themes from @starwars (composer: John Williams/transcriber: Donald Hunsberger) performed by the @UMich Symphony Band\n\nRecorded/filmed: @DeeSchizzo &amp; Cory Robinson\n\n#Maythe4thBeWithYou #umicharts\nhttps://t.co/5PB8UeaxV5"}, {"author_id": "52333391", "id": "1521848975673933827", "edit_history_tweet_ids": ["1521848975673933827"], "created_at": "2022-05-04T13:47:25.000Z", "text": "@Mischakatja @goated_5 @GabrielShoemak8 Wow very good point, I didn\u2019t realize Greg Robinson was taken in the same draft as Donald\u2026more proof the rams got extremely lucky with inept lions letting Donald fall in their lap after they rated bust Greg Robinson so highly"}, {"author_id": "2344420430", "id": "1521838911827460096", "edit_history_tweet_ids": ["1521838911827460096"], "created_at": "2022-05-04T13:07:25.000Z", "text": "$MVBF:\n\nNew Insider Filing on MVB FINANCIAL CORP's\n\nPresident\n\nDONALD T ROBINSON:\n\nhttps://t.co/aesOj9Dywq"}, {"author_id": "1000196274388267008", "id": "1521799156024881152", "edit_history_tweet_ids": ["1521799156024881152"], "created_at": "2022-05-04T10:29:27.000Z", "text": "@goated_5 @GabrielShoemak8 @TyR503 Rams got lucky scouting, drafting Donald. If they knew who he really was they wouldn\u2019t have rated Greg Robinson over him"}, {"author_id": "1081977310302081025", "id": "1521786307386740736", "edit_history_tweet_ids": ["1521786307386740736"], "created_at": "2022-05-04T09:38:23.000Z", "text": "@Trav_In_Ur_Mom Joe Rogan, Donald Trump, Alex Jones, Elon Musk, Paul Joseph Watson, Stefan Molyneux, David Icke, Tommy Robinson, Mark Dice.\nAll in one room. For 10 hours.\nOne podcast, to create the largest ocean of liberal tears ever."}, {"author_id": "1397236988755992576", "id": "1521628687334051846", "edit_history_tweet_ids": ["1521628687334051846"], "created_at": "2022-05-03T23:12:04.000Z", "text": "@ChicagoFan9320 @Peter_Bukowski Yes, Les Snead, the excellent drafting GM. We all know Les Snead has nailed all his picks. Alec Ogletree. Tavon Austin. Greg Robinson!! Aaron Donald is a HOFer. Todd Gurley in the first round with all those knee issues. Trading up for Goff. \n\nYou may have heard of these players"}, {"author_id": "1325115160353103872", "id": "1521622620998750208", "edit_history_tweet_ids": ["1521622620998750208"], "created_at": "2022-05-03T22:47:57.000Z", "text": "$MVBF \ud83d\udcdc SEC Form 4: Robinson Donald T covered exercise/tax liability with 444 shares and converted options into 1,436 shares, increasing direct ownership by 3% to 34,028 units\n\nhttps://t.co/A5foybBm0Q\n\n45 seconds delayed. Real-time feed at \ud83d\ude86 https://t.co/TvhaBDQJ0C \ud83d\ude86"}, {"author_id": "1069693680066420736", "id": "1521622521816178688", "edit_history_tweet_ids": ["1521622521816178688"], "created_at": "2022-05-03T22:47:34.000Z", "text": "$MVBF [15s. delayed] filed SEC form 4: President Robinson Donald T: \nDelivered securities 444 of Common Stock at average price $0 and Converted securities 1,436 of Common Stock at average price $0 on 2022-05-01, increased holding by 3% to 34,028 shares  https://t.co/OPxYWeyMF9"}, {"author_id": "380722890", "id": "1521607888015433734", "edit_history_tweet_ids": ["1521607888015433734"], "created_at": "2022-05-03T21:49:25.000Z", "text": "@AroundTheNFL Los Angeles Rams New Defense\n\nEDGE: Leonard Floyd\n\ud83d\udc10: Aaron Donald\nNT: Greg Gaines\nDT: A Robinson\nEDGE: Terrell Lewis / J Hollins\n\nLB: Bobby Wagner\nLB: E Jones / T Howard\n\n\u2b50\ufe0f: Jalen Ramsey\nCB: D Long / R Rochell \nSlot: Troy Hill\nS: Jordan Fuller\nS: T Rapp\nS: N Scott / T Burgess"}, {"author_id": "3950581941", "id": "1521579481235968001", "edit_history_tweet_ids": ["1521579481235968001"], "created_at": "2022-05-03T19:56:32.000Z", "text": "RT @javanagh87: @AroundTheNFL Los Angeles Rams New Defense\n\nEDGE: Leonard Floyd\n\ud83d\udc10: Aaron Donald\nNT: Greg Gaines\nDT: A Robinson\nEDGE: Terrel\u2026"}, {"author_id": "1433937060218368000", "id": "1521572306031570944", "edit_history_tweet_ids": ["1521572306031570944"], "created_at": "2022-05-03T19:28:01.000Z", "text": "RT @javanagh87: @AroundTheNFL Los Angeles Rams New Defense\n\nEDGE: Leonard Floyd\n\ud83d\udc10: Aaron Donald\nNT: Greg Gaines\nDT: A Robinson\nEDGE: Terrel\u2026"}, {"author_id": "70793606", "id": "1521557561979244544", "edit_history_tweet_ids": ["1521557561979244544"], "created_at": "2022-05-03T18:29:26.000Z", "text": "RT @ShutUpAmanda: Without even trying I\u2019ve found several \u201cpro-life\u201d Republican men, who had NO PROBLEM with abortion when THEY wanted it.\u2026"}, {"author_id": "170797041", "id": "1521556560526327808", "edit_history_tweet_ids": ["1521556560526327808"], "created_at": "2022-05-03T18:25:27.000Z", "text": "RT @ShutUpAmanda: Without even trying I\u2019ve found several \u201cpro-life\u201d Republican men, who had NO PROBLEM with abortion when THEY wanted it.\u2026"}, {"author_id": "3198853123", "id": "1521556149358583808", "edit_history_tweet_ids": ["1521556149358583808"], "created_at": "2022-05-03T18:23:49.000Z", "text": "Without even trying I\u2019ve found several \u201cpro-life\u201d Republican men, who had NO PROBLEM with abortion when THEY wanted it. \n\nMark Robinson (North Carolina) \nDonald Trump \nTodd Rokina \nJason Miller \nElliot Broidy \nScott Lloyd \nTim Murphy\n\nAnd those are just the first ones I found."}, {"author_id": "17944423", "id": "1521540630220005377", "edit_history_tweet_ids": ["1521540630220005377"], "created_at": "2022-05-03T17:22:09.000Z", "text": "RT @FO_VVerhei: Aaron Donald is impossible.\n\nSheds the block. \n\nUses one arm to throw 220-pound James Robinson to the ground.\n\nUses the oth\u2026"}, {"author_id": "174615661", "id": "1521539835218980864", "edit_history_tweet_ids": ["1521539835218980864"], "created_at": "2022-05-03T17:19:00.000Z", "text": "#LUB \nEl lunes en la @LUB_Uy \n\nTrouville 84 - Urup\u00e1n 97 (2-2)\n\ud83d\udd34 Dwayne Davis 24 y Miles Bowman 21\n\ud83d\udfe2 Donald Robinson 28 y Zigymantas Riauka 23\n\nPara hoy: \n21:15 - Olimpia vs Bigu\u00e1 (1-2)\n\nLos ganadores de estas dos series se enfrentar\u00e1n en semifinales https://t.co/VDmm2HUW5Q"}, {"author_id": "979257308508246016", "id": "1521538925528899584", "edit_history_tweet_ids": ["1521538925528899584"], "created_at": "2022-05-03T17:15:23.000Z", "text": "3\ufe0f\u20e3\ud83d\udca5 Corrida de cancha y un tirador abierto. 3 vale m\u00e1s que 2 y Felipe Garc\u00eda (@feligarciaa) lo sabe. Junta la defensa y asiste s\u00f3lo a Donald Robinson para que sume de a 3. https://t.co/wVVXDyg5io"}, {"author_id": "201775323", "id": "1521504085270179845", "edit_history_tweet_ids": ["1521504085270179845"], "created_at": "2022-05-03T14:56:56.000Z", "text": "RT @basquetcaliente: #LUB | INDUSTRIA DEL BUEN JUEGO\n\nCon un gran partido ofensivo y un ingreso decisivo de Donald Robinson desde la banca,\u2026"}, {"author_id": "286352930", "id": "1521502883245543424", "edit_history_tweet_ids": ["1521502883245543424"], "created_at": "2022-05-03T14:52:10.000Z", "text": "RT @basquetcaliente: #LUB | INDUSTRIA DEL BUEN JUEGO\n\nCon un gran partido ofensivo y un ingreso decisivo de Donald Robinson desde la banca,\u2026"}], "meta": {"newest_id": "1523079165183987713", "oldest_id": "1521502883245543424", "result_count": 96, "next_token": "b26v89c19zqg8o3fpywl7ukjy4nqa59xdk25m8tqytzst"}}