{"data": [{"text": "RT @aimengan: @marthabtz Ofrecemos este rosario por el eterno descanso de\nMario Alfredo M\u00e9ndez Espinosa\nTchokouassi Touko Louis\nAntonio Sil\u2026", "id": "1322331747426668544", "edit_history_tweet_ids": ["1322331747426668544"], "created_at": "2020-10-31T00:17:10.000Z", "author_id": "133561578"}, {"text": "RT @aimengan: @marthabtz Ofrecemos este rosario por el eterno descanso de\nMario Alfredo M\u00e9ndez Espinosa\nTchokouassi Touko Louis\nAntonio Sil\u2026", "id": "1322331463711338496", "edit_history_tweet_ids": ["1322331463711338496"], "created_at": "2020-10-31T00:16:03.000Z", "author_id": "868888244095561728"}, {"text": "RT @aimengan: @marthabtz Ofrecemos este rosario por el eterno descanso de\nMario Alfredo M\u00e9ndez Espinosa\nTchokouassi Touko Louis\nAntonio Sil\u2026", "id": "1322330933756919810", "edit_history_tweet_ids": ["1322330933756919810"], "created_at": "2020-10-31T00:13:56.000Z", "author_id": "995167652"}, {"text": "RT @aimengan: @marthabtz Ofrecemos este rosario por el eterno descanso de\nMario Alfredo M\u00e9ndez Espinosa\nTchokouassi Touko Louis\nAntonio Sil\u2026", "id": "1322330819361443841", "edit_history_tweet_ids": ["1322330819361443841"], "created_at": "2020-10-31T00:13:29.000Z", "author_id": "2603660514"}, {"text": "@marthabtz Ofrecemos este rosario por el eterno descanso de\nMario Alfredo M\u00e9ndez Espinosa\nTchokouassi Touko Louis\nAntonio Silva Orozco\nGeovanny Vimencati\nMaria Brawhite\nMaria Rosa Rosas Vasquez\nLeonardo Wood\nMajerlia Elena Campos\nLuis Gregorio Frietas Pinto \ud83d\ude4f\ud83d\ude4f", "id": "1322330762696368135", "edit_history_tweet_ids": ["1322330762696368135"], "created_at": "2020-10-31T00:13:16.000Z", "author_id": "133561578"}, {"text": "RT @TijuanaLocal: Coloridos campos de cempas\u00fachil en el Ca\u00f1\u00f3n Rosarito, #BajaCalifornia. \n\ud83d\udcf7 Alfredo Quintero. https://t.co/0SHr7vazEQ", "id": "1322295278385434625", "edit_history_tweet_ids": ["1322295278385434625"], "created_at": "2020-10-30T21:52:16.000Z", "author_id": "228255788"}, {"text": "RT @TaiwanAzua: Recibimos la oportuna visita del Director Provincial de Salud, el Dr. Alfredo Navarro Campos junto con un equipo, quienes l\u2026", "id": "1322284475754098689", "edit_history_tweet_ids": ["1322284475754098689"], "created_at": "2020-10-30T21:09:20.000Z", "author_id": "298735730"}, {"text": "Recibimos la oportuna visita del Director Provincial de Salud, el Dr. Alfredo Navarro Campos junto con un equipo, quienes llegaron a nuestras instalaciones a hacernos formal entrega de algunos insumos para el bienestar de nuestro hospital.  \n @BerigueteDante@DRperez19 https://t.co/srzp3Vx2us", "id": "1322280237841960960", "edit_history_tweet_ids": ["1322280237841960960"], "created_at": "2020-10-30T20:52:30.000Z", "author_id": "758303561864269824"}, {"text": "@migangelgarzam @TigresOficial Jorge Campos y Alfredo Talavera", "id": "1322277731166543873", "edit_history_tweet_ids": ["1322277731166543873"], "created_at": "2020-10-30T20:42:32.000Z", "author_id": "1205970300757782531"}, {"text": "RT @MachadoRobertoO: Alfredo Campos medalla de Plata en EE.UU. Vamos Ecuador !!!! https://t.co/c7PXjwXBeh", "id": "1322239580414902273", "edit_history_tweet_ids": ["1322239580414902273"], "created_at": "2020-10-30T18:10:56.000Z", "author_id": "381197468"}, {"text": "RT @TijuanaLocal: Coloridos campos de cempas\u00fachil en el Ca\u00f1\u00f3n Rosarito, #BajaCalifornia. \n\ud83d\udcf7 Alfredo Quintero. https://t.co/0SHr7vazEQ", "id": "1322208092835098624", "edit_history_tweet_ids": ["1322208092835098624"], "created_at": "2020-10-30T16:05:49.000Z", "author_id": "1146993796774711297"}, {"text": "@alfleuco Hola Alfredo buen d\u00eda. Habr\u00eda que informarle a Grabois que est\u00e1n todas las estancias y campos que se compr\u00f3 L\u00e1zaro Baez con dinero de la corrupci\u00f3n K  y que las puede usurpar y hacer su proyecto. El que le roba a un ladr\u00f3n tiene 100 a\u00f1os de perd\u00f3n.", "id": "1322170388785385472", "edit_history_tweet_ids": ["1322170388785385472"], "created_at": "2020-10-30T13:36:00.000Z", "author_id": "1255659295905067013"}, {"text": "RT @TijuanaLocal: Coloridos campos de cempas\u00fachil en el Ca\u00f1\u00f3n Rosarito, #BajaCalifornia. \n\ud83d\udcf7 Alfredo Quintero. https://t.co/0SHr7vazEQ", "id": "1322053972077654024", "edit_history_tweet_ids": ["1322053972077654024"], "created_at": "2020-10-30T05:53:24.000Z", "author_id": "144031751"}, {"text": "RT @TijuanaLocal: Coloridos campos de cempas\u00fachil en el Ca\u00f1\u00f3n Rosarito, #BajaCalifornia. \n\ud83d\udcf7 Alfredo Quintero. https://t.co/0SHr7vazEQ", "id": "1322048397176655873", "edit_history_tweet_ids": ["1322048397176655873"], "created_at": "2020-10-30T05:31:15.000Z", "author_id": "107299515"}, {"text": "RT @TijuanaLocal: Coloridos campos de cempas\u00fachil en el Ca\u00f1\u00f3n Rosarito, #BajaCalifornia. \n\ud83d\udcf7 Alfredo Quintero. https://t.co/0SHr7vazEQ", "id": "1322041862786486273", "edit_history_tweet_ids": ["1322041862786486273"], "created_at": "2020-10-30T05:05:17.000Z", "author_id": "103550063"}, {"text": "RT @TijuanaLocal: Coloridos campos de cempas\u00fachil en el Ca\u00f1\u00f3n Rosarito, #BajaCalifornia. \n\ud83d\udcf7 Alfredo Quintero. https://t.co/0SHr7vazEQ", "id": "1322008136782262273", "edit_history_tweet_ids": ["1322008136782262273"], "created_at": "2020-10-30T02:51:16.000Z", "author_id": "1246083490040254464"}, {"text": "RT @TijuanaLocal: Coloridos campos de cempas\u00fachil en el Ca\u00f1\u00f3n Rosarito, #BajaCalifornia. \n\ud83d\udcf7 Alfredo Quintero. https://t.co/0SHr7vazEQ", "id": "1322005443556777984", "edit_history_tweet_ids": ["1322005443556777984"], "created_at": "2020-10-30T02:40:34.000Z", "author_id": "115500529"}, {"text": "RT @TijuanaLocal: Coloridos campos de cempas\u00fachil en el Ca\u00f1\u00f3n Rosarito, #BajaCalifornia. \n\ud83d\udcf7 Alfredo Quintero. https://t.co/0SHr7vazEQ", "id": "1321975682692341761", "edit_history_tweet_ids": ["1321975682692341761"], "created_at": "2020-10-30T00:42:18.000Z", "author_id": "97603404"}, {"text": "RT @aimengan: @marthabtz Ofrecemos este rosario por el eterno descanso de\nMario Alfredo M\u00e9ndez Espinosa\nTchokouassi Touko Louis\nAntonio Sil\u2026", "id": "1321975518347075585", "edit_history_tweet_ids": ["1321975518347075585"], "created_at": "2020-10-30T00:41:39.000Z", "author_id": "337182000"}, {"text": "RT @aimengan: @marthabtz Ofrecemos este rosario por el eterno descanso de\nMario Alfredo M\u00e9ndez Espinosa\nTchokouassi Touko Louis\nAntonio Sil\u2026", "id": "1321971974839668737", "edit_history_tweet_ids": ["1321971974839668737"], "created_at": "2020-10-30T00:27:34.000Z", "author_id": "868888244095561728"}, {"text": "RT @aimengan: @marthabtz Ofrecemos este rosario por el eterno descanso de\nMario Alfredo M\u00e9ndez Espinosa\nTchokouassi Touko Louis\nAntonio Sil\u2026", "id": "1321970361123164162", "edit_history_tweet_ids": ["1321970361123164162"], "created_at": "2020-10-30T00:21:09.000Z", "author_id": "2603660514"}, {"text": "RT @aimengan: @marthabtz Ofrecemos este rosario por el eterno descanso de\nMario Alfredo M\u00e9ndez Espinosa\nTchokouassi Touko Louis\nAntonio Sil\u2026", "id": "1321970214452391937", "edit_history_tweet_ids": ["1321970214452391937"], "created_at": "2020-10-30T00:20:34.000Z", "author_id": "995167652"}, {"text": "@marthabtz Ofrecemos este rosario por el eterno descanso de\nMario Alfredo M\u00e9ndez Espinosa\nTchokouassi Touko Louis\nAntonio Silva Orozco\nGeovanny Vimencati\nMaria Brawhite\nMaria Rosa Rosas Vasquez\nLeonardo Wood\nMajerlia Elena Campos\nLuis Gregorio Frietas Pinto\n\ud83d\ude4f\ud83d\ude4f", "id": "1321970159905607681", "edit_history_tweet_ids": ["1321970159905607681"], "created_at": "2020-10-30T00:20:21.000Z", "author_id": "133561578"}, {"text": "RT @TijuanaLocal: Coloridos campos de cempas\u00fachil en el Ca\u00f1\u00f3n Rosarito, #BajaCalifornia. \n\ud83d\udcf7 Alfredo Quintero. https://t.co/0SHr7vazEQ", "id": "1321961791711162368", "edit_history_tweet_ids": ["1321961791711162368"], "created_at": "2020-10-29T23:47:06.000Z", "author_id": "1138192770626199552"}, {"text": "RT @TijuanaLocal: Coloridos campos de cempas\u00fachil en el Ca\u00f1\u00f3n Rosarito, #BajaCalifornia. \n\ud83d\udcf7 Alfredo Quintero. https://t.co/0SHr7vazEQ", "id": "1321948439542857728", "edit_history_tweet_ids": ["1321948439542857728"], "created_at": "2020-10-29T22:54:03.000Z", "author_id": "34534689"}, {"text": "RT @TijuanaLocal: Coloridos campos de cempas\u00fachil en el Ca\u00f1\u00f3n Rosarito, #BajaCalifornia. \n\ud83d\udcf7 Alfredo Quintero. https://t.co/0SHr7vazEQ", "id": "1321942616263462912", "edit_history_tweet_ids": ["1321942616263462912"], "created_at": "2020-10-29T22:30:54.000Z", "author_id": "1318248026314452993"}, {"text": "RT @TijuanaLocal: Coloridos campos de cempas\u00fachil en el Ca\u00f1\u00f3n Rosarito, #BajaCalifornia. \n\ud83d\udcf7 Alfredo Quintero. https://t.co/0SHr7vazEQ", "id": "1321940729262862336", "edit_history_tweet_ids": ["1321940729262862336"], "created_at": "2020-10-29T22:23:24.000Z", "author_id": "1086950059"}, {"text": "RT @TijuanaLocal: Coloridos campos de cempas\u00fachil en el Ca\u00f1\u00f3n Rosarito, #BajaCalifornia. \n\ud83d\udcf7 Alfredo Quintero. https://t.co/0SHr7vazEQ", "id": "1321938231651311616", "edit_history_tweet_ids": ["1321938231651311616"], "created_at": "2020-10-29T22:13:29.000Z", "author_id": "827665802287423491"}, {"text": "Coloridos campos de cempas\u00fachil en el Ca\u00f1\u00f3n Rosarito, #BajaCalifornia. \n\ud83d\udcf7 Alfredo Quintero. https://t.co/0SHr7vazEQ", "id": "1321936047819747328", "edit_history_tweet_ids": ["1321936047819747328"], "created_at": "2020-10-29T22:04:48.000Z", "author_id": "331343698"}, {"text": "RT @ocoringadobem: Macei\u00f3 - Alfredo Gaspar de Mendon\u00e7a (MDB) - 33\nNatal - \u00c1lvaro Dias (PSDB) (R) - 50\nRecife - Jo\u00e3o Campos (PSB) - 39\nSalva\u2026", "id": "1321903461726887937", "edit_history_tweet_ids": ["1321903461726887937"], "created_at": "2020-10-29T19:55:19.000Z", "author_id": "1241417743263502345"}, {"text": "Macei\u00f3 - Alfredo Gaspar de Mendon\u00e7a (MDB) - 33\nNatal - \u00c1lvaro Dias (PSDB) (R) - 50\nRecife - Jo\u00e3o Campos (PSB) - 39\nSalvador - Bruno Reis (DEM) - 59\nS\u00e3o Lu\u00eds - Eduardo Braide (Podemos) - 46\nTeresina - Dr. Pessoa (MDB) - 37\nJo\u00e3o Pessoa - C\u00edcero Lucena (Progressistas) - 25", "id": "1321902491299139585", "edit_history_tweet_ids": ["1321902491299139585"], "created_at": "2020-10-29T19:51:28.000Z", "author_id": "3313618782"}, {"text": "\ud83d\udccd Comienzan las obras de los vestuarios de los campos de f\u00fatbol Alfredo Cenarriaga \ud83d\udee0\ufe0f @AytoAlcorcon \n\u27a1\ufe0f https://t.co/4HXNTsX37W https://t.co/rtPs8DXsRX", "id": "1321897213707079682", "edit_history_tweet_ids": ["1321897213707079682"], "created_at": "2020-10-29T19:30:30.000Z", "author_id": "1240615603309875200"}, {"text": "Mi lista de #Constituyentes\nCarol Hullin\nIv\u00e1n fuentes\nPadre Berrios\nM\u00f3nica Gonzalez\nRoxana Miranda\nEric campos\nSara Larra\u00edn\nAlfredo sfair\nEduardo artes \nPatricia Mu\u00f1oz\nCristobal Yessen\nLucia Dammer\nDaniela Vega\nProfe maza\nStingo\nIskia Siches\nPedro Cayuqueo \nFarkas", "id": "1321872237968969728", "edit_history_tweet_ids": ["1321872237968969728"], "created_at": "2020-10-29T17:51:15.000Z", "author_id": "174403302"}, {"text": "Continuamos en #CongresoSECV20 con lamesa redonda #Innovaci\u00f3n #Producci\u00f3n #producto moderado por Alfredo Gonz\u00e1lez presidente y MIguel Campos Vicepresidente @SocEspCeramVidr en @UJIuniversitat @ITC_ceramica https://t.co/bnyYcYQibp", "id": "1321775376402710528", "edit_history_tweet_ids": ["1321775376402710528"], "created_at": "2020-10-29T11:26:21.000Z", "author_id": "812243858360770560"}, {"text": "Comienzan las obras de los vestuarios de los campos de f\u00fatbol Alfredo Cenarriaga\nhttps://t.co/RNZWgrCShf", "id": "1321760498090680320", "edit_history_tweet_ids": ["1321760498090680320"], "created_at": "2020-10-29T10:27:14.000Z", "author_id": "1240615603309875200"}, {"text": "#Ikerketak\n\"Aprendizaje de palabras en euskera, altas y bajas en imagen, mediante la mnemotecnia de la palabra clave\" artikulua REIPE aldizkarian \nhttps://t.co/lXAKCBWiwe\nAitziber Go\u00f1i-Artola eta M\u00aa Angeles Gonz\u00e1lez (@UDC_gal) &amp; Alfredo Campos (@UniversidadeUSC) https://t.co/Xf1pLeeKwx", "id": "1321752385128079361", "edit_history_tweet_ids": ["1321752385128079361"], "created_at": "2020-10-29T09:55:00.000Z", "author_id": "2797755289"}, {"text": "Trabajos de Poda en la Plaza Alfredo Kraus y Deshierbe y Limpieza en la Ladera del Corredor Verde en Siete Campos\n#jardinesLPGC @AyuntamientoLPA @Imedinamonte https://t.co/J0nZesVadj", "id": "1321715755960963074", "edit_history_tweet_ids": ["1321715755960963074"], "created_at": "2020-10-29T07:29:27.000Z", "author_id": "1165963612101500928"}, {"text": "RT @aimengan: @MirnaKy @marthabtz Ofrecemos este rosario por el eterno descanso de\nMario Alfredo M\u00e9ndez Espinosa\nTchokouassi Touko Louis\nAn\u2026", "id": "1321611045241237504", "edit_history_tweet_ids": ["1321611045241237504"], "created_at": "2020-10-29T00:33:22.000Z", "author_id": "337182000"}, {"text": "RT @aimengan: @MirnaKy @marthabtz Ofrecemos este rosario por el eterno descanso de\nMario Alfredo M\u00e9ndez Espinosa\nTchokouassi Touko Louis\nAn\u2026", "id": "1321608000809934851", "edit_history_tweet_ids": ["1321608000809934851"], "created_at": "2020-10-29T00:21:16.000Z", "author_id": "2603660514"}, {"text": "RT @aimengan: @MirnaKy @marthabtz Ofrecemos este rosario por el eterno descanso de\nMario Alfredo M\u00e9ndez Espinosa\nTchokouassi Touko Louis\nAn\u2026", "id": "1321607650644234240", "edit_history_tweet_ids": ["1321607650644234240"], "created_at": "2020-10-29T00:19:52.000Z", "author_id": "133561578"}, {"text": "RT @aimengan: @MirnaKy @marthabtz Ofrecemos este rosario por el eterno descanso de\nMario Alfredo M\u00e9ndez Espinosa\nTchokouassi Touko Louis\nAn\u2026", "id": "1321607226096836610", "edit_history_tweet_ids": ["1321607226096836610"], "created_at": "2020-10-29T00:18:11.000Z", "author_id": "995167652"}, {"text": "@MirnaKy @marthabtz Ofrecemos este rosario por el eterno descanso de\nMario Alfredo M\u00e9ndez Espinosa\nTchokouassi Touko Louis\nAntonio Silva Orozco\nGeovanny Vimencati\nMaria Brawhite\nMaria Rosa Rosas Vasquez\nLeonardo Wood\nMajerlia Elena Campos\nLuis Gregorio Frietas Pinto\n\ud83d\ude4f\ud83d\ude4f", "id": "1321607175047962631", "edit_history_tweet_ids": ["1321607175047962631"], "created_at": "2020-10-29T00:17:59.000Z", "author_id": "133561578"}], "meta": {"newest_id": "1322331747426668544", "oldest_id": "1321607175047962631", "result_count": 42}}