{"data": [{"edit_history_tweet_ids": ["1448298758660308992"], "text": "RT @MiserableProfe: \u00bfLa minuta del Yasnismo es que ahora les preocupa tener a Ram\u00f3n L\u00f3pez a cargo de la econom\u00eda?\nLoco, llevan dos a\u00f1os hac\u2026", "author_id": "154333187", "id": "1448298758660308992", "created_at": "2021-10-13T14:45:06.000Z"}, {"edit_history_tweet_ids": ["1448298753694191624"], "text": "@Bnjmin__ @Camii_R_ @pelaocongatos @Robertmz @CristobalHenr Ah, pero Ram\u00f3n L\u00f3pez en un ministerio....", "author_id": "27791327", "id": "1448298753694191624", "created_at": "2021-10-13T14:45:05.000Z"}, {"edit_history_tweet_ids": ["1448298476362551296"], "text": "RT @MiserableProfe: \u00bfLa minuta del Yasnismo es que ahora les preocupa tener a Ram\u00f3n L\u00f3pez a cargo de la econom\u00eda?\nLoco, llevan dos a\u00f1os hac\u2026", "author_id": "906179521", "id": "1448298476362551296", "created_at": "2021-10-13T14:43:59.000Z"}, {"edit_history_tweet_ids": ["1448298426379038722"], "text": "RT @MiserableProfe: \u00bfLa minuta del Yasnismo es que ahora les preocupa tener a Ram\u00f3n L\u00f3pez a cargo de la econom\u00eda?\nLoco, llevan dos a\u00f1os hac\u2026", "author_id": "1245909850430865409", "id": "1448298426379038722", "created_at": "2021-10-13T14:43:47.000Z"}, {"edit_history_tweet_ids": ["1448298271068364803"], "text": "RT @MiserableProfe: \u00bfLa minuta del Yasnismo es que ahora les preocupa tener a Ram\u00f3n L\u00f3pez a cargo de la econom\u00eda?\nLoco, llevan dos a\u00f1os hac\u2026", "author_id": "45261721", "id": "1448298271068364803", "created_at": "2021-10-13T14:43:10.000Z"}, {"edit_history_tweet_ids": ["1448297386556731393"], "text": "RT @MiserableProfe: \u00bfLa minuta del Yasnismo es que ahora les preocupa tener a Ram\u00f3n L\u00f3pez a cargo de la econom\u00eda?\nLoco, llevan dos a\u00f1os hac\u2026", "author_id": "2513053782", "id": "1448297386556731393", "created_at": "2021-10-13T14:39:39.000Z"}, {"edit_history_tweet_ids": ["1448297136429301762"], "text": "RT @MiserableProfe: \u00bfLa minuta del Yasnismo es que ahora les preocupa tener a Ram\u00f3n L\u00f3pez a cargo de la econom\u00eda?\nLoco, llevan dos a\u00f1os hac\u2026", "author_id": "61679524", "id": "1448297136429301762", "created_at": "2021-10-13T14:38:40.000Z"}, {"edit_history_tweet_ids": ["1448296431807303682"], "text": "RT @MiserableProfe: \u00bfLa minuta del Yasnismo es que ahora les preocupa tener a Ram\u00f3n L\u00f3pez a cargo de la econom\u00eda?\nLoco, llevan dos a\u00f1os hac\u2026", "author_id": "36532644", "id": "1448296431807303682", "created_at": "2021-10-13T14:35:52.000Z"}, {"edit_history_tweet_ids": ["1448296269827371015"], "text": "RT @ReneFG: @MiserableProfe Yasna vota en contra de todo lo que dice De Gregorio, pero tengamos miedo de Ram\u00f3n L\u00f3pez.", "author_id": "894063450359558144", "id": "1448296269827371015", "created_at": "2021-10-13T14:35:13.000Z"}, {"edit_history_tweet_ids": ["1448296225703223297"], "text": "@MiserableProfe Yasna vota en contra de todo lo que dice De Gregorio, pero tengamos miedo de Ram\u00f3n L\u00f3pez.", "author_id": "27791327", "id": "1448296225703223297", "created_at": "2021-10-13T14:35:02.000Z"}, {"edit_history_tweet_ids": ["1448295820655316995"], "text": "RT @Bnjmin__: A diferencia de ustedes que los sigue Briones, a mi me sigue Ram\u00f3n Lopez, fachitos neoliberales", "author_id": "36532644", "id": "1448295820655316995", "created_at": "2021-10-13T14:33:26.000Z"}, {"edit_history_tweet_ids": ["1448295810920288268"], "text": "\u00bfLa minuta del Yasnismo es que ahora les preocupa tener a Ram\u00f3n L\u00f3pez a cargo de la econom\u00eda?\nLoco, llevan dos a\u00f1os haciendo lo mismo que ellos. Un poco de pudor.", "author_id": "350438627", "id": "1448295810920288268", "created_at": "2021-10-13T14:33:24.000Z"}, {"edit_history_tweet_ids": ["1448294772733534216"], "text": "@_andreaguerrera Responder esta tontera es para hacer chiste. Adem\u00e1s de otras cosas terribles este Pin8 o m\u00e1s bien \"Daniel L\u00f3pez\" o Ram\u00f3n Ugarte y tantas otros nombres de sus cuentas en el Banco Riggs robo hasta no dar m\u00e1s. Una verg\u00fcenza para la misma FFAA. por eso varios prefieren ni nombrarlo.", "author_id": "1440786552544645121", "id": "1448294772733534216", "created_at": "2021-10-13T14:29:16.000Z"}, {"edit_history_tweet_ids": ["1448288728720580610"], "text": "RT @NicaraguaRCEM: Libertad para Osmar Ram\u00f3n vindell L\u00f3pez y los m\u00e1s de 160 presos pol\u00edticos https://t.co/MS99ZYAfx3", "author_id": "2428190896", "id": "1448288728720580610", "created_at": "2021-10-13T14:05:15.000Z"}, {"edit_history_tweet_ids": ["1448280690806558724"], "text": "RT @gusty_lopez: Me pidieron ayuda para crear un equipo de leyendas de River previo a la d\u00e9cada del 90' (25 jug), Con solo los de arriba ya\u2026", "author_id": "860912359275102208", "id": "1448280690806558724", "created_at": "2021-10-13T13:33:19.000Z"}, {"edit_history_tweet_ids": ["1448279437288648704"], "text": "RT @dpiloncita: La danza de d\u00f3lares detr\u00e1s de la \u201cprensa libre\u201d y la destrucci\u00f3n de democracias https://t.co/H8PFJ51V7V v\u00eda @Fuser_News", "author_id": "1316908004097335297", "id": "1448279437288648704", "created_at": "2021-10-13T13:28:20.000Z"}, {"edit_history_tweet_ids": ["1448272556922785795"], "text": "A diferencia de ustedes que los sigue Briones, a mi me sigue Ram\u00f3n Lopez, fachitos neoliberales", "author_id": "1245909850430865409", "id": "1448272556922785795", "created_at": "2021-10-13T13:00:59.000Z"}, {"edit_history_tweet_ids": ["1448262312436146180"], "text": "RT @kmcerorevista: #CarteleraCultural  \n\nEl @SanIldefonsoMx presenta la mesa redonda \"El camino de la pasi\u00f3n\", una lectura comentada del en\u2026", "author_id": "307709007", "id": "1448262312436146180", "created_at": "2021-10-13T12:20:17.000Z"}, {"edit_history_tweet_ids": ["1448261274777890818"], "text": "La danza de d\u00f3lares detr\u00e1s de la \u201cprensa libre\u201d y la destrucci\u00f3n de democracias https://t.co/w105hRGaE9 v\u00eda @Fuser_News\n\n#AlexEsCaracter", "author_id": "1399836600998133760", "id": "1448261274777890818", "created_at": "2021-10-13T12:16:09.000Z"}, {"edit_history_tweet_ids": ["1448260939422310404"], "text": "RT @NicaraguaRCEM: Libertad para Osmar Ram\u00f3n vindell L\u00f3pez y los m\u00e1s de 160 presos pol\u00edticos https://t.co/MS99ZYAfx3", "author_id": "358534226", "id": "1448260939422310404", "created_at": "2021-10-13T12:14:50.000Z"}, {"edit_history_tweet_ids": ["1448247784923090951"], "text": "RT @gusty_lopez: Me pidieron ayuda para crear un equipo de leyendas de River previo a la d\u00e9cada del 90' (25 jug), Con solo los de arriba ya\u2026", "author_id": "1432130706214428676", "id": "1448247784923090951", "created_at": "2021-10-13T11:22:33.000Z"}, {"edit_history_tweet_ids": ["1448247528412090369"], "text": "RT @MDefensaRD: por los Directores del Cuerpo Jur\u00eddico de las tres fuerzas militares, Coronel Abogado Lic. Serapio J. Ram\u00f3n Ram\u00f3n, ERD., Ca\u2026", "author_id": "131303580", "id": "1448247528412090369", "created_at": "2021-10-13T11:21:32.000Z"}, {"edit_history_tweet_ids": ["1448244682488680451"], "text": "por los Directores del Cuerpo Jur\u00eddico de las tres fuerzas militares, Coronel Abogado Lic. Serapio J. Ram\u00f3n Ram\u00f3n, ERD., Capit\u00e1n de Nav\u00edo Abogado Lic. F\u00e9lix Q. Ferreras M\u00e9ndez, ARD. y Coronel Abogado Lic. Rafael Ferm\u00edn L\u00f3pez, FARD.", "author_id": "1623074089", "id": "1448244682488680451", "created_at": "2021-10-13T11:10:14.000Z"}, {"edit_history_tweet_ids": ["1448243298360078341"], "text": "RT @JJDiazMachuca: No consuman de manera enfermiza, M\u00e9xico era de los pa\u00edses que m\u00e1s consum\u00eda art\u00edculos de lujo en el mundo habiendo tanta\u2026", "author_id": "140164505", "id": "1448243298360078341", "created_at": "2021-10-13T11:04:44.000Z"}, {"edit_history_tweet_ids": ["1448239216454889477"], "text": "RT @iAgua: \ud83d\udd35 Ram\u00f3n L\u00f3pez, de @SchneiderES, plantea el uso de soluciones tecnol\u00f3gicas para optimizar el ciclo completo de los proyectos en e\u2026", "author_id": "1975354388", "id": "1448239216454889477", "created_at": "2021-10-13T10:48:30.000Z"}, {"edit_history_tweet_ids": ["1448235816568958978"], "text": "\ud83d\udd35 Ram\u00f3n L\u00f3pez, de @SchneiderES, plantea el uso de soluciones tecnol\u00f3gicas para optimizar el ciclo completo de los proyectos en el \u00e1mbito de la #desalaci\u00f3n como la mejor alternativa para producir #agua de uso agr\u00edcola y dom\u00e9stico.\nhttps://t.co/ETNgFWxzzS", "author_id": "14786159", "id": "1448235816568958978", "created_at": "2021-10-13T10:35:00.000Z"}, {"edit_history_tweet_ids": ["1448234224482492424"], "text": "RT @dpiloncita: La obsesi\u00f3n no era gratis. #AlexEsResistencia\nLa danza de d\u00f3lares detr\u00e1s de la \u201cprensa libre\u201d y la destrucci\u00f3n de democraci\u2026", "author_id": "141940558", "id": "1448234224482492424", "created_at": "2021-10-13T10:28:40.000Z"}, {"edit_history_tweet_ids": ["1448232908205051905"], "text": "RT @NicaraguaRCEM: Libertad para Osmar Ram\u00f3n vindell L\u00f3pez y los m\u00e1s de 160 presos pol\u00edticos https://t.co/MS99ZYAfx3", "author_id": "1010718320461582336", "id": "1448232908205051905", "created_at": "2021-10-13T10:23:26.000Z"}, {"edit_history_tweet_ids": ["1448230616374255618"], "text": "@CchavezOjeda @luisingermanico @gosorios Ram\u00f3n L\u00f3pez por ejemplo\u2026", "author_id": "945063890529943552", "id": "1448230616374255618", "created_at": "2021-10-13T10:14:20.000Z"}, {"edit_history_tweet_ids": ["1448229813177753601"], "text": "RT @ALFTORO: \u2728\ud83d\udc47\ud83c\udffb\ud83d\ude37..LEAN \u00c9STO.. EXCELENTE..\ud83d\udc4f\ud83d\ude0c\nLa danza de d\u00f3lares detr\u00e1s de la \u201cprensa libre\u201d y la destrucci\u00f3n de democracias https://t.co/8\u2026", "author_id": "4723932615", "id": "1448229813177753601", "created_at": "2021-10-13T10:11:08.000Z"}, {"edit_history_tweet_ids": ["1448218036981403648"], "text": "RT @ALFTORO: \u2728\ud83d\udc47\ud83c\udffb\ud83d\ude37..LEAN \u00c9STO.. EXCELENTE..\ud83d\udc4f\ud83d\ude0c\nLa danza de d\u00f3lares detr\u00e1s de la \u201cprensa libre\u201d y la destrucci\u00f3n de democracias https://t.co/8\u2026", "author_id": "114903608", "id": "1448218036981403648", "created_at": "2021-10-13T09:24:21.000Z"}, {"edit_history_tweet_ids": ["1448215827547889664"], "text": "RT @IvanPadillaB: Te invito a leer y profundizar, porque as\u00ed entendemos mejor lo que ocurre con #FreeAlexSaab y #AlexEsResistencia La danza\u2026", "author_id": "113422695", "id": "1448215827547889664", "created_at": "2021-10-13T09:15:34.000Z"}, {"edit_history_tweet_ids": ["1448215587394670592"], "text": "22) MARIA JOS\u00c9 ALARC\u00d3N\n23) MARIENCA FERN\u00c1NEZ\n24) MILAGROS L\u00d3PEZ (ESCRITORA)\n25) MARTA FERRERO\n26) OCH\u00c9 CORT\u00c9S\n27) PACO (PACO RUIZ SALMER\u00d3N) MAR MENOR NI\u00d1OS\n28) SOREN PE\u00d1ALVER\n29) TERESA VICENTE VERA\n30) TERESA VICENTE  (UMU)\n31) RAM\u00d3N PAGAN (SOS MAR MENOR)", "author_id": "238994850", "id": "1448215587394670592", "created_at": "2021-10-13T09:14:37.000Z"}, {"edit_history_tweet_ids": ["1448215446407290881"], "text": "ENT\u00c9RATE: La danza de d\u00f3lares detr\u00e1s de la \u201cprensa libre\u201d y la destrucci\u00f3n de democracias Por: Ram\u00f3n L\u00f3pez Mena https://t.co/lADPly7FNF a trav\u00e9s de @@lechuguinos_com", "author_id": "1259580030994300928", "id": "1448215446407290881", "created_at": "2021-10-13T09:14:03.000Z"}, {"edit_history_tweet_ids": ["1448209264212910082"], "text": "[ARTICULO DE OPINION] \u2018La tecnologia no es la soluci\u00f3n\u2019, \nRam\u00f3n Contreras L\u00f3pez, forma parte de la Plataforma Haize Berriak https://t.co/UmNUsuQ3iP", "author_id": "501663220", "id": "1448209264212910082", "created_at": "2021-10-13T08:49:29.000Z"}, {"edit_history_tweet_ids": ["1448197184390930432"], "text": "RT @NicaraguaRCEM: Libertad para Osmar Ram\u00f3n vindell L\u00f3pez y los m\u00e1s de 160 presos pol\u00edticos https://t.co/MS99ZYAfx3", "author_id": "2208271185", "id": "1448197184390930432", "created_at": "2021-10-13T08:01:29.000Z"}, {"edit_history_tweet_ids": ["1448191225027256323"], "text": "RT @NicaraguaRCEM: Libertad para Osmar Ram\u00f3n vindell L\u00f3pez y los m\u00e1s de 160 presos pol\u00edticos https://t.co/MS99ZYAfx3", "author_id": "990679164868014080", "id": "1448191225027256323", "created_at": "2021-10-13T07:37:48.000Z"}, {"edit_history_tweet_ids": ["1448173313658957828"], "text": "RT @NicaraguaRCEM: Libertad para Osmar Ram\u00f3n vindell L\u00f3pez y los m\u00e1s de 160 presos pol\u00edticos https://t.co/MS99ZYAfx3", "author_id": "3059195759", "id": "1448173313658957828", "created_at": "2021-10-13T06:26:38.000Z"}, {"edit_history_tweet_ids": ["1448172555332988932"], "text": "RT @NicaraguaRCEM: Libertad para Osmar Ram\u00f3n vindell L\u00f3pez y los m\u00e1s de 160 presos pol\u00edticos https://t.co/MS99ZYAfx3", "author_id": "1050521657838895104", "id": "1448172555332988932", "created_at": "2021-10-13T06:23:37.000Z"}, {"edit_history_tweet_ids": ["1448168334390927362"], "text": "RT @NicaraguaRCEM: Libertad para Osmar Ram\u00f3n vindell L\u00f3pez y los m\u00e1s de 160 presos pol\u00edticos https://t.co/MS99ZYAfx3", "author_id": "1333755810707615745", "id": "1448168334390927362", "created_at": "2021-10-13T06:06:51.000Z"}, {"edit_history_tweet_ids": ["1448162739071950848"], "text": "Libertad para Osmar Ram\u00f3n vindell L\u00f3pez y los m\u00e1s de 160 presos pol\u00edticos https://t.co/MS99ZYAfx3", "author_id": "1038116342329749506", "id": "1448162739071950848", "created_at": "2021-10-13T05:44:37.000Z"}, {"edit_history_tweet_ids": ["1448149738847490048"], "text": "LIVE sa DZBB: @DtiPhilippines Sec. Ramon Lopez kaugnay ng alok nilang pautang sa micro-, small-, and medium-sized enterprises o MSMEs para magamit sa 13th month pay ng mga empleyado.\n\n\ud83d\udcfb: @dzbb 594 kHz\n\ud83d\udce1: https://t.co/Q2O7p05pWH\n\ud83d\udcf1: https://t.co/m5wWyr7dV2 https://t.co/HgcIkTk0Xo", "author_id": "461853598", "id": "1448149738847490048", "created_at": "2021-10-13T04:52:57.000Z"}], "meta": {"newest_id": "1448298758660308992", "oldest_id": "1448149738847490048", "result_count": 42, "next_token": "b26v89c19zqg8o3fpds9dowml8ntlwd7a8owpa6s7ti7x"}}