{"data": [{"created_at": "2021-10-16T22:45:45.000Z", "author_id": "322208756", "text": "RT @EconomistaFlait: Esta estrategia de campa\u00f1a es brillante: El economista PC Ram\u00f3n L\u00f3pez le tira caca a @gabrielboric y entonces uno dice\u2026", "id": "1449506878388506629", "edit_history_tweet_ids": ["1449506878388506629"]}, {"created_at": "2021-10-16T22:45:12.000Z", "author_id": "1668562944", "text": "RT @EconomistaFlait: Esta estrategia de campa\u00f1a es brillante: El economista PC Ram\u00f3n L\u00f3pez le tira caca a @gabrielboric y entonces uno dice\u2026", "id": "1449506740098109445", "edit_history_tweet_ids": ["1449506740098109445"]}, {"created_at": "2021-10-16T22:43:34.000Z", "author_id": "100748509", "text": "RT @IPerezTuesta: No s\u00e9 qu\u00e9 tanto l\u00edo por lo del nombre. Yo conozco uno que no se complicaba: en el carnet ten\u00eda 3 (Augusto Jos\u00e9 Ram\u00f3n), cu\u2026", "id": "1449506330268430336", "edit_history_tweet_ids": ["1449506330268430336"]}, {"created_at": "2021-10-16T22:40:31.000Z", "author_id": "932038870493024256", "text": "RT @IPerezTuesta: No s\u00e9 qu\u00e9 tanto l\u00edo por lo del nombre. Yo conozco uno que no se complicaba: en el carnet ten\u00eda 3 (Augusto Jos\u00e9 Ram\u00f3n), cu\u2026", "id": "1449505562685759489", "edit_history_tweet_ids": ["1449505562685759489"]}, {"created_at": "2021-10-16T22:36:28.000Z", "author_id": "931919486004924416", "text": "RT @IPerezTuesta: No s\u00e9 qu\u00e9 tanto l\u00edo por lo del nombre. Yo conozco uno que no se complicaba: en el carnet ten\u00eda 3 (Augusto Jos\u00e9 Ram\u00f3n), cu\u2026", "id": "1449504544455593984", "edit_history_tweet_ids": ["1449504544455593984"]}, {"created_at": "2021-10-16T22:32:18.000Z", "author_id": "1383132452009476103", "text": "RT @IPerezTuesta: No s\u00e9 qu\u00e9 tanto l\u00edo por lo del nombre. Yo conozco uno que no se complicaba: en el carnet ten\u00eda 3 (Augusto Jos\u00e9 Ram\u00f3n), cu\u2026", "id": "1449503496596856838", "edit_history_tweet_ids": ["1449503496596856838"]}, {"created_at": "2021-10-16T22:31:58.000Z", "author_id": "66496659", "text": "RT @IPerezTuesta: No s\u00e9 qu\u00e9 tanto l\u00edo por lo del nombre. Yo conozco uno que no se complicaba: en el carnet ten\u00eda 3 (Augusto Jos\u00e9 Ram\u00f3n), cu\u2026", "id": "1449503411943051264", "edit_history_tweet_ids": ["1449503411943051264"]}, {"created_at": "2021-10-16T22:29:46.000Z", "author_id": "1329493992015335426", "text": "RT @EconomistaFlait: Esta estrategia de campa\u00f1a es brillante: El economista PC Ram\u00f3n L\u00f3pez le tira caca a @gabrielboric y entonces uno dice\u2026", "id": "1449502858080968706", "edit_history_tweet_ids": ["1449502858080968706"]}, {"created_at": "2021-10-16T22:29:34.000Z", "author_id": "1432523942187708417", "text": "Luis Ram\u00f3n L\u00f3pez  lucha sin descans\u00f3 por una Venezuela libre y de todos los venezolanos  con justicia social para todos se asta cuando G\u00f3mez https://t.co/B1gUgvxY9L", "id": "1449502807204278273", "edit_history_tweet_ids": ["1449502807204278273"]}, {"created_at": "2021-10-16T22:28:35.000Z", "author_id": "142799518", "text": "RT @IPerezTuesta: No s\u00e9 qu\u00e9 tanto l\u00edo por lo del nombre. Yo conozco uno que no se complicaba: en el carnet ten\u00eda 3 (Augusto Jos\u00e9 Ram\u00f3n), cu\u2026", "id": "1449502558444158980", "edit_history_tweet_ids": ["1449502558444158980"]}, {"created_at": "2021-10-16T22:28:31.000Z", "author_id": "104712452", "text": "RT @IPerezTuesta: No s\u00e9 qu\u00e9 tanto l\u00edo por lo del nombre. Yo conozco uno que no se complicaba: en el carnet ten\u00eda 3 (Augusto Jos\u00e9 Ram\u00f3n), cu\u2026", "id": "1449502543860539394", "edit_history_tweet_ids": ["1449502543860539394"]}, {"created_at": "2021-10-16T22:28:22.000Z", "author_id": "369177958", "text": "RT @IPerezTuesta: No s\u00e9 qu\u00e9 tanto l\u00edo por lo del nombre. Yo conozco uno que no se complicaba: en el carnet ten\u00eda 3 (Augusto Jos\u00e9 Ram\u00f3n), cu\u2026", "id": "1449502504270565380", "edit_history_tweet_ids": ["1449502504270565380"]}, {"created_at": "2021-10-16T22:23:11.000Z", "author_id": "705016636722515968", "text": "RT @IPerezTuesta: No s\u00e9 qu\u00e9 tanto l\u00edo por lo del nombre. Yo conozco uno que no se complicaba: en el carnet ten\u00eda 3 (Augusto Jos\u00e9 Ram\u00f3n), cu\u2026", "id": "1449501201737732102", "edit_history_tweet_ids": ["1449501201737732102"]}, {"created_at": "2021-10-16T22:23:07.000Z", "author_id": "198365348", "text": "RT @IPerezTuesta: No s\u00e9 qu\u00e9 tanto l\u00edo por lo del nombre. Yo conozco uno que no se complicaba: en el carnet ten\u00eda 3 (Augusto Jos\u00e9 Ram\u00f3n), cu\u2026", "id": "1449501185468207105", "edit_history_tweet_ids": ["1449501185468207105"]}, {"created_at": "2021-10-16T22:21:51.000Z", "author_id": "901259440405590021", "text": "RT @IPerezTuesta: No s\u00e9 qu\u00e9 tanto l\u00edo por lo del nombre. Yo conozco uno que no se complicaba: en el carnet ten\u00eda 3 (Augusto Jos\u00e9 Ram\u00f3n), cu\u2026", "id": "1449500867690786818", "edit_history_tweet_ids": ["1449500867690786818"]}, {"created_at": "2021-10-16T22:20:10.000Z", "author_id": "1341515424", "text": "RT @IPerezTuesta: No s\u00e9 qu\u00e9 tanto l\u00edo por lo del nombre. Yo conozco uno que no se complicaba: en el carnet ten\u00eda 3 (Augusto Jos\u00e9 Ram\u00f3n), cu\u2026", "id": "1449500443801886722", "edit_history_tweet_ids": ["1449500443801886722"]}, {"created_at": "2021-10-16T22:18:53.000Z", "author_id": "472122299", "text": "At a meeting called Task Force T3 (Test, Trace, Treat) Partners Update, Trade Secretary Ramon Lopez said the rollout of the alert level system in other areas aside from Metro Manila is expected to be announced soon. https://t.co/1gO5ZO5TlX", "id": "1449500117581516807", "edit_history_tweet_ids": ["1449500117581516807"]}, {"created_at": "2021-10-16T22:14:16.000Z", "author_id": "2188582322", "text": "RT @IPerezTuesta: No s\u00e9 qu\u00e9 tanto l\u00edo por lo del nombre. Yo conozco uno que no se complicaba: en el carnet ten\u00eda 3 (Augusto Jos\u00e9 Ram\u00f3n), cu\u2026", "id": "1449498955998502914", "edit_history_tweet_ids": ["1449498955998502914"]}, {"created_at": "2021-10-16T22:14:00.000Z", "author_id": "1188167698125086720", "text": "RT @IPerezTuesta: No s\u00e9 qu\u00e9 tanto l\u00edo por lo del nombre. Yo conozco uno que no se complicaba: en el carnet ten\u00eda 3 (Augusto Jos\u00e9 Ram\u00f3n), cu\u2026", "id": "1449498888289804309", "edit_history_tweet_ids": ["1449498888289804309"]}, {"created_at": "2021-10-16T22:10:47.000Z", "author_id": "970754199268085762", "text": "RT @IPerezTuesta: No s\u00e9 qu\u00e9 tanto l\u00edo por lo del nombre. Yo conozco uno que no se complicaba: en el carnet ten\u00eda 3 (Augusto Jos\u00e9 Ram\u00f3n), cu\u2026", "id": "1449498082014425089", "edit_history_tweet_ids": ["1449498082014425089"]}, {"created_at": "2021-10-16T22:05:18.000Z", "author_id": "860974487851986944", "text": "RT @IPerezTuesta: No s\u00e9 qu\u00e9 tanto l\u00edo por lo del nombre. Yo conozco uno que no se complicaba: en el carnet ten\u00eda 3 (Augusto Jos\u00e9 Ram\u00f3n), cu\u2026", "id": "1449496700616314880", "edit_history_tweet_ids": ["1449496700616314880"]}, {"created_at": "2021-10-16T22:02:36.000Z", "author_id": "153667941", "text": "RT @IPerezTuesta: No s\u00e9 qu\u00e9 tanto l\u00edo por lo del nombre. Yo conozco uno que no se complicaba: en el carnet ten\u00eda 3 (Augusto Jos\u00e9 Ram\u00f3n), cu\u2026", "id": "1449496023433285632", "edit_history_tweet_ids": ["1449496023433285632"]}, {"created_at": "2021-10-16T21:56:12.000Z", "author_id": "2366219785", "text": "RT @RedSpmn: ENORME B\u00d3LIDO #SPMN151021C SOBRE CANARIAS, registrado anoche desde Playa Blanca, #Lanzarote a las 20h16m22s TU (21h16m hora Ca\u2026", "id": "1449494411038048258", "edit_history_tweet_ids": ["1449494411038048258"]}, {"created_at": "2021-10-16T21:53:11.000Z", "author_id": "1020465727508230144", "text": "RT @RedSpmn: ENORME B\u00d3LIDO #SPMN151021C SOBRE CANARIAS, registrado anoche desde Playa Blanca, #Lanzarote a las 20h16m22s TU (21h16m hora Ca\u2026", "id": "1449493649721630725", "edit_history_tweet_ids": ["1449493649721630725"]}, {"created_at": "2021-10-16T21:49:50.000Z", "author_id": "603927923", "text": "\ud83c\uddfe\ud83c\uddea Jorge Vivaldo; Gustavo L\u00f3pez, Gerardo Mi\u00f1arro, Hern\u00e1n Pag\u00e9s, Sebasti\u00e1n Ferreira; Sergio De Bonis, Ram\u00f3n Mi\u00f1o, Jos\u00e9 Garay, Cristian Salgan; Dar\u00edo Parisi y Leonardo Su\u00e1rez los XI iniciales que puso el DT, Juan Carlos Cardozo. https://t.co/O72ScDhz9J", "id": "1449492810571272199", "edit_history_tweet_ids": ["1449492810571272199"]}, {"created_at": "2021-10-16T21:48:33.000Z", "author_id": "751512602", "text": "RT @EconomistaFlait: Esta estrategia de campa\u00f1a es brillante: El economista PC Ram\u00f3n L\u00f3pez le tira caca a @gabrielboric y entonces uno dice\u2026", "id": "1449492485839855616", "edit_history_tweet_ids": ["1449492485839855616"]}, {"created_at": "2021-10-16T21:43:49.000Z", "author_id": "35941205", "text": "RT @EconomistaFlait: Esta estrategia de campa\u00f1a es brillante: El economista PC Ram\u00f3n L\u00f3pez le tira caca a @gabrielboric y entonces uno dice\u2026", "id": "1449491295911624705", "edit_history_tweet_ids": ["1449491295911624705"]}, {"created_at": "2021-10-16T21:43:19.000Z", "author_id": "1394760690", "text": "RT @IPerezTuesta: No s\u00e9 qu\u00e9 tanto l\u00edo por lo del nombre. Yo conozco uno que no se complicaba: en el carnet ten\u00eda 3 (Augusto Jos\u00e9 Ram\u00f3n), cu\u2026", "id": "1449491166806876168", "edit_history_tweet_ids": ["1449491166806876168"]}, {"created_at": "2021-10-16T21:42:42.000Z", "author_id": "1118362423436750849", "text": "RT @IPerezTuesta: No s\u00e9 qu\u00e9 tanto l\u00edo por lo del nombre. Yo conozco uno que no se complicaba: en el carnet ten\u00eda 3 (Augusto Jos\u00e9 Ram\u00f3n), cu\u2026", "id": "1449491011739140098", "edit_history_tweet_ids": ["1449491011739140098"]}, {"created_at": "2021-10-16T21:40:23.000Z", "author_id": "3307263123", "text": "RT @EconomistaFlait: Esta estrategia de campa\u00f1a es brillante: El economista PC Ram\u00f3n L\u00f3pez le tira caca a @gabrielboric y entonces uno dice\u2026", "id": "1449490429867606016", "edit_history_tweet_ids": ["1449490429867606016"]}, {"created_at": "2021-10-16T21:39:45.000Z", "author_id": "561765405", "text": "RT @IPerezTuesta: No s\u00e9 qu\u00e9 tanto l\u00edo por lo del nombre. Yo conozco uno que no se complicaba: en el carnet ten\u00eda 3 (Augusto Jos\u00e9 Ram\u00f3n), cu\u2026", "id": "1449490269963833345", "edit_history_tweet_ids": ["1449490269963833345"]}, {"created_at": "2021-10-16T21:39:03.000Z", "author_id": "1194690489464868864", "text": "@Flordecactus_s Igual no le prest\u00f3 ropa a Ram\u00f3n L\u00f3pez para quedar bien con los periodistas, siendo que Boric no sabe ni la mitad de econom\u00eda de lo q sabe \u00e9l. Pa puro quedar bien en la tele, es terrible amarillo, pero no queda otra q votar por \u00e9l, 0 convicci\u00f3n, pero en fin.", "id": "1449490095388585984", "edit_history_tweet_ids": ["1449490095388585984"]}, {"created_at": "2021-10-16T21:33:02.000Z", "author_id": "1089367345045430277", "text": "RT @EconomistaFlait: Esta estrategia de campa\u00f1a es brillante: El economista PC Ram\u00f3n L\u00f3pez le tira caca a @gabrielboric y entonces uno dice\u2026", "id": "1449488582540869632", "edit_history_tweet_ids": ["1449488582540869632"]}, {"created_at": "2021-10-16T21:32:33.000Z", "author_id": "96650390", "text": "RT @IPerezTuesta: No s\u00e9 qu\u00e9 tanto l\u00edo por lo del nombre. Yo conozco uno que no se complicaba: en el carnet ten\u00eda 3 (Augusto Jos\u00e9 Ram\u00f3n), cu\u2026", "id": "1449488458934849536", "edit_history_tweet_ids": ["1449488458934849536"]}, {"created_at": "2021-10-16T21:32:08.000Z", "author_id": "107185479", "text": "RT @sotojuanjo: Hot @gabrielboric dej\u00f3 claro que defiende la autonom\u00eda del BC. Que Ram\u00f3n Lopez no pincha ni corta y que Jadue perdi\u00f3 la pri\u2026", "id": "1449488354194583552", "edit_history_tweet_ids": ["1449488354194583552"]}, {"created_at": "2021-10-16T21:28:54.000Z", "author_id": "3081751875", "text": "RT @IPerezTuesta: No s\u00e9 qu\u00e9 tanto l\u00edo por lo del nombre. Yo conozco uno que no se complicaba: en el carnet ten\u00eda 3 (Augusto Jos\u00e9 Ram\u00f3n), cu\u2026", "id": "1449487539291578370", "edit_history_tweet_ids": ["1449487539291578370"]}, {"created_at": "2021-10-16T21:28:33.000Z", "author_id": "394675034", "text": "RT @IPerezTuesta: No s\u00e9 qu\u00e9 tanto l\u00edo por lo del nombre. Yo conozco uno que no se complicaba: en el carnet ten\u00eda 3 (Augusto Jos\u00e9 Ram\u00f3n), cu\u2026", "id": "1449487453467729920", "edit_history_tweet_ids": ["1449487453467729920"]}, {"created_at": "2021-10-16T21:28:31.000Z", "author_id": "58708980", "text": "RT @IPerezTuesta: No s\u00e9 qu\u00e9 tanto l\u00edo por lo del nombre. Yo conozco uno que no se complicaba: en el carnet ten\u00eda 3 (Augusto Jos\u00e9 Ram\u00f3n), cu\u2026", "id": "1449487445783941121", "edit_history_tweet_ids": ["1449487445783941121"]}, {"created_at": "2021-10-16T21:28:09.000Z", "author_id": "596576442", "text": "RT @EconomistaFlait: Esta estrategia de campa\u00f1a es brillante: El economista PC Ram\u00f3n L\u00f3pez le tira caca a @gabrielboric y entonces uno dice\u2026", "id": "1449487353169383428", "edit_history_tweet_ids": ["1449487353169383428"]}, {"created_at": "2021-10-16T21:27:30.000Z", "author_id": "901294651533123584", "text": "RT @IPerezTuesta: No s\u00e9 qu\u00e9 tanto l\u00edo por lo del nombre. Yo conozco uno que no se complicaba: en el carnet ten\u00eda 3 (Augusto Jos\u00e9 Ram\u00f3n), cu\u2026", "id": "1449487188362776580", "edit_history_tweet_ids": ["1449487188362776580"]}, {"created_at": "2021-10-16T21:26:49.000Z", "author_id": "1405666322332147720", "text": "RT @IPerezTuesta: No s\u00e9 qu\u00e9 tanto l\u00edo por lo del nombre. Yo conozco uno que no se complicaba: en el carnet ten\u00eda 3 (Augusto Jos\u00e9 Ram\u00f3n), cu\u2026", "id": "1449487015276388352", "edit_history_tweet_ids": ["1449487015276388352"]}, {"created_at": "2021-10-16T21:26:46.000Z", "author_id": "1289327091222224896", "text": "RT @IPerezTuesta: No s\u00e9 qu\u00e9 tanto l\u00edo por lo del nombre. Yo conozco uno que no se complicaba: en el carnet ten\u00eda 3 (Augusto Jos\u00e9 Ram\u00f3n), cu\u2026", "id": "1449487001871212547", "edit_history_tweet_ids": ["1449487001871212547"]}, {"created_at": "2021-10-16T21:25:57.000Z", "author_id": "1415433756949745664", "text": "RT @EdgarVial: @patricionavia Su \u00eddolo tambi\u00e9n ten\u00eda por nombre Jose.\nJOSE AUGUSTO RAMON PINOCHET UGARTE (alias DANIEL LOPEZ) https://t.co/\u2026", "id": "1449486798703325185", "edit_history_tweet_ids": ["1449486798703325185"]}, {"created_at": "2021-10-16T21:25:41.000Z", "author_id": "128388625", "text": "RT @IPerezTuesta: No s\u00e9 qu\u00e9 tanto l\u00edo por lo del nombre. Yo conozco uno que no se complicaba: en el carnet ten\u00eda 3 (Augusto Jos\u00e9 Ram\u00f3n), cu\u2026", "id": "1449486733062680593", "edit_history_tweet_ids": ["1449486733062680593"]}, {"created_at": "2021-10-16T21:19:32.000Z", "author_id": "420724646", "text": "RT @IPerezTuesta: No s\u00e9 qu\u00e9 tanto l\u00edo por lo del nombre. Yo conozco uno que no se complicaba: en el carnet ten\u00eda 3 (Augusto Jos\u00e9 Ram\u00f3n), cu\u2026", "id": "1449485183598489600", "edit_history_tweet_ids": ["1449485183598489600"]}, {"created_at": "2021-10-16T21:15:30.000Z", "author_id": "215065076", "text": "RT @Tres_Olivos: Los nuevos ensanches de Madrid: la morfolog\u00eda residencial de la periferia reciente, 1985-1993.\nRam\u00f3n L\u00f3pez de Lucio y Agus\u2026", "id": "1449484166689705991", "edit_history_tweet_ids": ["1449484166689705991"]}, {"created_at": "2021-10-16T21:13:16.000Z", "author_id": "855625377770868736", "text": "RT @IPerezTuesta: No s\u00e9 qu\u00e9 tanto l\u00edo por lo del nombre. Yo conozco uno que no se complicaba: en el carnet ten\u00eda 3 (Augusto Jos\u00e9 Ram\u00f3n), cu\u2026", "id": "1449483606397652992", "edit_history_tweet_ids": ["1449483606397652992"]}, {"created_at": "2021-10-16T21:12:03.000Z", "author_id": "1209845322312306688", "text": "RT @sotojuanjo: Hot @gabrielboric dej\u00f3 claro que defiende la autonom\u00eda del BC. Que Ram\u00f3n Lopez no pincha ni corta y que Jadue perdi\u00f3 la pri\u2026", "id": "1449483298150010887", "edit_history_tweet_ids": ["1449483298150010887"]}, {"created_at": "2021-10-16T21:10:16.000Z", "author_id": "124777353", "text": "RT @IPerezTuesta: No s\u00e9 qu\u00e9 tanto l\u00edo por lo del nombre. Yo conozco uno que no se complicaba: en el carnet ten\u00eda 3 (Augusto Jos\u00e9 Ram\u00f3n), cu\u2026", "id": "1449482851582316546", "edit_history_tweet_ids": ["1449482851582316546"]}, {"created_at": "2021-10-16T21:06:37.000Z", "author_id": "916737312108752898", "text": "RT @RedSpmn: ENORME B\u00d3LIDO #SPMN151021C SOBRE CANARIAS, registrado anoche desde Playa Blanca, #Lanzarote a las 20h16m22s TU (21h16m hora Ca\u2026", "id": "1449481933596110851", "edit_history_tweet_ids": ["1449481933596110851"]}, {"created_at": "2021-10-16T21:06:01.000Z", "author_id": "1005738156665106433", "text": "Despite the easing of protocol restrictions in Metro Manila, bars with live performances are still not allowed to operate according to Trade Secretary Ramon Lopez Saturday. https://t.co/pfU1so7dDM", "id": "1449481781355319297", "edit_history_tweet_ids": ["1449481781355319297"]}, {"created_at": "2021-10-16T21:05:54.000Z", "author_id": "1309348784330031104", "text": "Despite the easing of protocol restrictions in Metro Manila, bars with live performances are still not allowed to operate according to Trade Secretary Ramon Lopez Saturday. https://t.co/0EJzxBqzQN", "id": "1449481751433154562", "edit_history_tweet_ids": ["1449481751433154562"]}, {"created_at": "2021-10-16T21:02:49.000Z", "author_id": "38699359", "text": "RT @7Adrix: \u00bfQu\u00e9 tan cierto es que #CavaEnergy es propiedad de los padres de la nuera de L\u00f3pez, la tal Carolyn Adams esposa de Jos\u00e9 Ram\u00f3n L\u2026", "id": "1449480978175569921", "edit_history_tweet_ids": ["1449480978175569921"]}, {"created_at": "2021-10-16T20:59:44.000Z", "author_id": "2880382895", "text": "RT @EconomistaFlait: Esta estrategia de campa\u00f1a es brillante: El economista PC Ram\u00f3n L\u00f3pez le tira caca a @gabrielboric y entonces uno dice\u2026", "id": "1449480199515508738", "edit_history_tweet_ids": ["1449480199515508738"]}, {"created_at": "2021-10-16T20:58:00.000Z", "author_id": "47769594", "text": "RT @EconomistaFlait: Esta estrategia de campa\u00f1a es brillante: El economista PC Ram\u00f3n L\u00f3pez le tira caca a @gabrielboric y entonces uno dice\u2026", "id": "1449479764750872586", "edit_history_tweet_ids": ["1449479764750872586"]}, {"created_at": "2021-10-16T20:56:07.000Z", "author_id": "2956734190", "text": "RT @EconomistaFlait: Esta estrategia de campa\u00f1a es brillante: El economista PC Ram\u00f3n L\u00f3pez le tira caca a @gabrielboric y entonces uno dice\u2026", "id": "1449479289854783492", "edit_history_tweet_ids": ["1449479289854783492"]}, {"created_at": "2021-10-16T20:54:13.000Z", "author_id": "118141821", "text": "RT @IPerezTuesta: No s\u00e9 qu\u00e9 tanto l\u00edo por lo del nombre. Yo conozco uno que no se complicaba: en el carnet ten\u00eda 3 (Augusto Jos\u00e9 Ram\u00f3n), cu\u2026", "id": "1449478812278792194", "edit_history_tweet_ids": ["1449478812278792194"]}, {"created_at": "2021-10-16T20:50:36.000Z", "author_id": "937728856978546694", "text": "RT @IPerezTuesta: No s\u00e9 qu\u00e9 tanto l\u00edo por lo del nombre. Yo conozco uno que no se complicaba: en el carnet ten\u00eda 3 (Augusto Jos\u00e9 Ram\u00f3n), cu\u2026", "id": "1449477901250752520", "edit_history_tweet_ids": ["1449477901250752520"]}, {"created_at": "2021-10-16T20:48:52.000Z", "author_id": "304141969", "text": "RT @EconomistaFlait: Esta estrategia de campa\u00f1a es brillante: El economista PC Ram\u00f3n L\u00f3pez le tira caca a @gabrielboric y entonces uno dice\u2026", "id": "1449477463826853892", "edit_history_tweet_ids": ["1449477463826853892"]}, {"created_at": "2021-10-16T20:48:19.000Z", "author_id": "1072937591438221314", "text": "RT @IPerezTuesta: No s\u00e9 qu\u00e9 tanto l\u00edo por lo del nombre. Yo conozco uno que no se complicaba: en el carnet ten\u00eda 3 (Augusto Jos\u00e9 Ram\u00f3n), cu\u2026", "id": "1449477327994294272", "edit_history_tweet_ids": ["1449477327994294272"]}, {"created_at": "2021-10-16T20:42:54.000Z", "author_id": "2558434423", "text": "RT @IPerezTuesta: No s\u00e9 qu\u00e9 tanto l\u00edo por lo del nombre. Yo conozco uno que no se complicaba: en el carnet ten\u00eda 3 (Augusto Jos\u00e9 Ram\u00f3n), cu\u2026", "id": "1449475963805442054", "edit_history_tweet_ids": ["1449475963805442054"]}, {"created_at": "2021-10-16T20:40:06.000Z", "author_id": "1210197502831529984", "text": "RT @IPerezTuesta: No s\u00e9 qu\u00e9 tanto l\u00edo por lo del nombre. Yo conozco uno que no se complicaba: en el carnet ten\u00eda 3 (Augusto Jos\u00e9 Ram\u00f3n), cu\u2026", "id": "1449475259732692997", "edit_history_tweet_ids": ["1449475259732692997"]}, {"created_at": "2021-10-16T20:37:54.000Z", "author_id": "1260796622", "text": "RT @IPerezTuesta: No s\u00e9 qu\u00e9 tanto l\u00edo por lo del nombre. Yo conozco uno que no se complicaba: en el carnet ten\u00eda 3 (Augusto Jos\u00e9 Ram\u00f3n), cu\u2026", "id": "1449474706210320384", "edit_history_tweet_ids": ["1449474706210320384"]}, {"created_at": "2021-10-16T20:36:35.000Z", "author_id": "133139810", "text": "RT @sotojuanjo: Hot @gabrielboric dej\u00f3 claro que defiende la autonom\u00eda del BC. Que Ram\u00f3n Lopez no pincha ni corta y que Jadue perdi\u00f3 la pri\u2026", "id": "1449474373497155586", "edit_history_tweet_ids": ["1449474373497155586"]}, {"created_at": "2021-10-16T20:33:43.000Z", "author_id": "1445064423912181761", "text": "RT @sotojuanjo: Hot @gabrielboric dej\u00f3 claro que defiende la autonom\u00eda del BC. Que Ram\u00f3n Lopez no pincha ni corta y que Jadue perdi\u00f3 la pri\u2026", "id": "1449473651741323265", "edit_history_tweet_ids": ["1449473651741323265"]}, {"created_at": "2021-10-16T20:33:34.000Z", "author_id": "2360901442", "text": "@ramonlopez54 Ram\u00f3n L\u00f3pez exponiendo sus ideas fracasadas. https://t.co/Du1RXXTU5p", "id": "1449473616496640001", "edit_history_tweet_ids": ["1449473616496640001"]}, {"created_at": "2021-10-16T20:31:14.000Z", "author_id": "106184595", "text": "RT @IPerezTuesta: No s\u00e9 qu\u00e9 tanto l\u00edo por lo del nombre. Yo conozco uno que no se complicaba: en el carnet ten\u00eda 3 (Augusto Jos\u00e9 Ram\u00f3n), cu\u2026", "id": "1449473029579231232", "edit_history_tweet_ids": ["1449473029579231232"]}, {"created_at": "2021-10-16T20:30:24.000Z", "author_id": "751798575458357248", "text": "RT @IPerezTuesta: No s\u00e9 qu\u00e9 tanto l\u00edo por lo del nombre. Yo conozco uno que no se complicaba: en el carnet ten\u00eda 3 (Augusto Jos\u00e9 Ram\u00f3n), cu\u2026", "id": "1449472818454827008", "edit_history_tweet_ids": ["1449472818454827008"]}, {"created_at": "2021-10-16T20:30:22.000Z", "author_id": "2584691143", "text": "RT @IPerezTuesta: No s\u00e9 qu\u00e9 tanto l\u00edo por lo del nombre. Yo conozco uno que no se complicaba: en el carnet ten\u00eda 3 (Augusto Jos\u00e9 Ram\u00f3n), cu\u2026", "id": "1449472808753324032", "edit_history_tweet_ids": ["1449472808753324032"]}, {"created_at": "2021-10-16T20:28:59.000Z", "author_id": "3300846309", "text": "RT @IPerezTuesta: No s\u00e9 qu\u00e9 tanto l\u00edo por lo del nombre. Yo conozco uno que no se complicaba: en el carnet ten\u00eda 3 (Augusto Jos\u00e9 Ram\u00f3n), cu\u2026", "id": "1449472463017025536", "edit_history_tweet_ids": ["1449472463017025536"]}, {"created_at": "2021-10-16T20:25:44.000Z", "author_id": "195078508", "text": "RT @IPerezTuesta: No s\u00e9 qu\u00e9 tanto l\u00edo por lo del nombre. Yo conozco uno que no se complicaba: en el carnet ten\u00eda 3 (Augusto Jos\u00e9 Ram\u00f3n), cu\u2026", "id": "1449471645215768581", "edit_history_tweet_ids": ["1449471645215768581"]}, {"created_at": "2021-10-16T20:25:25.000Z", "author_id": "1404126651668221958", "text": "RT @sotojuanjo: Hot @gabrielboric dej\u00f3 claro que defiende la autonom\u00eda del BC. Que Ram\u00f3n Lopez no pincha ni corta y que Jadue perdi\u00f3 la pri\u2026", "id": "1449471564571820037", "edit_history_tweet_ids": ["1449471564571820037"]}, {"created_at": "2021-10-16T20:22:56.000Z", "author_id": "1222744208", "text": "RT @IPerezTuesta: No s\u00e9 qu\u00e9 tanto l\u00edo por lo del nombre. Yo conozco uno que no se complicaba: en el carnet ten\u00eda 3 (Augusto Jos\u00e9 Ram\u00f3n), cu\u2026", "id": "1449470940320985089", "edit_history_tweet_ids": ["1449470940320985089"]}, {"created_at": "2021-10-16T20:22:33.000Z", "author_id": "74500455", "text": "RT @IPerezTuesta: No s\u00e9 qu\u00e9 tanto l\u00edo por lo del nombre. Yo conozco uno que no se complicaba: en el carnet ten\u00eda 3 (Augusto Jos\u00e9 Ram\u00f3n), cu\u2026", "id": "1449470843789058052", "edit_history_tweet_ids": ["1449470843789058052"]}, {"created_at": "2021-10-16T20:22:19.000Z", "author_id": "197467315", "text": "RT @EconomistaFlait: Esta estrategia de campa\u00f1a es brillante: El economista PC Ram\u00f3n L\u00f3pez le tira caca a @gabrielboric y entonces uno dice\u2026", "id": "1449470782824861696", "edit_history_tweet_ids": ["1449470782824861696"]}, {"created_at": "2021-10-16T20:21:42.000Z", "author_id": "1212229995885559809", "text": "RT @IPerezTuesta: No s\u00e9 qu\u00e9 tanto l\u00edo por lo del nombre. Yo conozco uno que no se complicaba: en el carnet ten\u00eda 3 (Augusto Jos\u00e9 Ram\u00f3n), cu\u2026", "id": "1449470629695082504", "edit_history_tweet_ids": ["1449470629695082504"]}, {"created_at": "2021-10-16T20:17:45.000Z", "author_id": "2793274996", "text": "RT @IPerezTuesta: No s\u00e9 qu\u00e9 tanto l\u00edo por lo del nombre. Yo conozco uno que no se complicaba: en el carnet ten\u00eda 3 (Augusto Jos\u00e9 Ram\u00f3n), cu\u2026", "id": "1449469636169379849", "edit_history_tweet_ids": ["1449469636169379849"]}, {"created_at": "2021-10-16T20:16:29.000Z", "author_id": "232030817", "text": "RT @EconomistaFlait: Esta estrategia de campa\u00f1a es brillante: El economista PC Ram\u00f3n L\u00f3pez le tira caca a @gabrielboric y entonces uno dice\u2026", "id": "1449469317284724741", "edit_history_tweet_ids": ["1449469317284724741"]}, {"created_at": "2021-10-16T20:14:51.000Z", "author_id": "147073669", "text": "RT @EconomistaFlait: Esta estrategia de campa\u00f1a es brillante: El economista PC Ram\u00f3n L\u00f3pez le tira caca a @gabrielboric y entonces uno dice\u2026", "id": "1449468905529872388", "edit_history_tweet_ids": ["1449468905529872388"]}, {"created_at": "2021-10-16T20:11:57.000Z", "author_id": "276979188", "text": "RT @IPerezTuesta: No s\u00e9 qu\u00e9 tanto l\u00edo por lo del nombre. Yo conozco uno que no se complicaba: en el carnet ten\u00eda 3 (Augusto Jos\u00e9 Ram\u00f3n), cu\u2026", "id": "1449468175842562048", "edit_history_tweet_ids": ["1449468175842562048"]}, {"created_at": "2021-10-16T20:10:04.000Z", "author_id": "239449846", "text": "RT @IPerezTuesta: No s\u00e9 qu\u00e9 tanto l\u00edo por lo del nombre. Yo conozco uno que no se complicaba: en el carnet ten\u00eda 3 (Augusto Jos\u00e9 Ram\u00f3n), cu\u2026", "id": "1449467700325982210", "edit_history_tweet_ids": ["1449467700325982210"]}, {"created_at": "2021-10-16T20:08:35.000Z", "author_id": "976819632542769152", "text": "RT @EconomistaFlait: Esta estrategia de campa\u00f1a es brillante: El economista PC Ram\u00f3n L\u00f3pez le tira caca a @gabrielboric y entonces uno dice\u2026", "id": "1449467330258341888", "edit_history_tweet_ids": ["1449467330258341888"]}, {"created_at": "2021-10-16T20:01:47.000Z", "author_id": "1186463557292122112", "text": "RT @EconomistaFlait: Esta estrategia de campa\u00f1a es brillante: El economista PC Ram\u00f3n L\u00f3pez le tira caca a @gabrielboric y entonces uno dice\u2026", "id": "1449465617346564100", "edit_history_tweet_ids": ["1449465617346564100"]}, {"created_at": "2021-10-16T20:01:00.000Z", "author_id": "258580139", "text": "RT @IPerezTuesta: No s\u00e9 qu\u00e9 tanto l\u00edo por lo del nombre. Yo conozco uno que no se complicaba: en el carnet ten\u00eda 3 (Augusto Jos\u00e9 Ram\u00f3n), cu\u2026", "id": "1449465418217779204", "edit_history_tweet_ids": ["1449465418217779204"]}, {"created_at": "2021-10-16T19:59:13.000Z", "author_id": "1239881384", "text": "RT @PrensaComunitar: El abogado Ram\u00f3n Cadena, de la Comisi\u00f3n Internacional de Juristas, se\u00f1al\u00f3 que el proceso de Rudy L\u00f3pez Pablo es otro c\u2026", "id": "1449464972136919048", "edit_history_tweet_ids": ["1449464972136919048"]}, {"created_at": "2021-10-16T19:55:04.000Z", "author_id": "1198462419477180416", "text": "RT @IPerezTuesta: No s\u00e9 qu\u00e9 tanto l\u00edo por lo del nombre. Yo conozco uno que no se complicaba: en el carnet ten\u00eda 3 (Augusto Jos\u00e9 Ram\u00f3n), cu\u2026", "id": "1449463926781931521", "edit_history_tweet_ids": ["1449463926781931521"]}, {"created_at": "2021-10-16T19:53:54.000Z", "author_id": "349256306", "text": "RT @IPerezTuesta: No s\u00e9 qu\u00e9 tanto l\u00edo por lo del nombre. Yo conozco uno que no se complicaba: en el carnet ten\u00eda 3 (Augusto Jos\u00e9 Ram\u00f3n), cu\u2026", "id": "1449463631549136901", "edit_history_tweet_ids": ["1449463631549136901"]}, {"created_at": "2021-10-16T19:50:12.000Z", "author_id": "16742040", "text": "RT @IPerezTuesta: No s\u00e9 qu\u00e9 tanto l\u00edo por lo del nombre. Yo conozco uno que no se complicaba: en el carnet ten\u00eda 3 (Augusto Jos\u00e9 Ram\u00f3n), cu\u2026", "id": "1449462702472978434", "edit_history_tweet_ids": ["1449462702472978434"]}, {"created_at": "2021-10-16T19:49:17.000Z", "author_id": "1120365850333188102", "text": "RT @IPerezTuesta: No s\u00e9 qu\u00e9 tanto l\u00edo por lo del nombre. Yo conozco uno que no se complicaba: en el carnet ten\u00eda 3 (Augusto Jos\u00e9 Ram\u00f3n), cu\u2026", "id": "1449462470221996033", "edit_history_tweet_ids": ["1449462470221996033"]}, {"created_at": "2021-10-16T19:48:53.000Z", "author_id": "2736632361", "text": "RT @EconomistaFlait: Esta estrategia de campa\u00f1a es brillante: El economista PC Ram\u00f3n L\u00f3pez le tira caca a @gabrielboric y entonces uno dice\u2026", "id": "1449462369403293697", "edit_history_tweet_ids": ["1449462369403293697"]}, {"created_at": "2021-10-16T19:48:22.000Z", "author_id": "193091767", "text": "Cada vez q alguien de mi tl retuitea a ramon lopez se me muere una neurona.", "id": "1449462241447665667", "edit_history_tweet_ids": ["1449462241447665667"]}, {"created_at": "2021-10-16T19:46:45.000Z", "author_id": "1283221152064774144", "text": "RT @sotojuanjo: Hot @gabrielboric dej\u00f3 claro que defiende la autonom\u00eda del BC. Que Ram\u00f3n Lopez no pincha ni corta y que Jadue perdi\u00f3 la pri\u2026", "id": "1449461834365358089", "edit_history_tweet_ids": ["1449461834365358089"]}, {"created_at": "2021-10-16T19:46:09.000Z", "author_id": "932375692834168839", "text": "RT @IPerezTuesta: No s\u00e9 qu\u00e9 tanto l\u00edo por lo del nombre. Yo conozco uno que no se complicaba: en el carnet ten\u00eda 3 (Augusto Jos\u00e9 Ram\u00f3n), cu\u2026", "id": "1449461683747840001", "edit_history_tweet_ids": ["1449461683747840001"]}, {"created_at": "2021-10-16T19:39:54.000Z", "author_id": "1135653663865790464", "text": "RT @IPerezTuesta: No s\u00e9 qu\u00e9 tanto l\u00edo por lo del nombre. Yo conozco uno que no se complicaba: en el carnet ten\u00eda 3 (Augusto Jos\u00e9 Ram\u00f3n), cu\u2026", "id": "1449460108589686788", "edit_history_tweet_ids": ["1449460108589686788"]}, {"created_at": "2021-10-16T19:39:10.000Z", "author_id": "83054328", "text": "RT @IPerezTuesta: No s\u00e9 qu\u00e9 tanto l\u00edo por lo del nombre. Yo conozco uno que no se complicaba: en el carnet ten\u00eda 3 (Augusto Jos\u00e9 Ram\u00f3n), cu\u2026", "id": "1449459926967799811", "edit_history_tweet_ids": ["1449459926967799811"]}, {"created_at": "2021-10-16T19:37:29.000Z", "author_id": "1197940494095077376", "text": "RT @EconomistaFlait: El chanter\u00edo intelectual de Ram\u00f3n L\u00f3pez y Manuel Riesco es pa la cag\u00e1. Comparan lo q est\u00e1 haciendo Marcel al subir las\u2026", "id": "1449459502122627072", "edit_history_tweet_ids": ["1449459502122627072"]}, {"created_at": "2021-10-16T19:37:25.000Z", "author_id": "403748159", "text": "RT @IPerezTuesta: No s\u00e9 qu\u00e9 tanto l\u00edo por lo del nombre. Yo conozco uno que no se complicaba: en el carnet ten\u00eda 3 (Augusto Jos\u00e9 Ram\u00f3n), cu\u2026", "id": "1449459486893101059", "edit_history_tweet_ids": ["1449459486893101059"]}, {"created_at": "2021-10-16T19:37:20.000Z", "author_id": "102849117", "text": "RT @EconomistaFlait: Esta estrategia de campa\u00f1a es brillante: El economista PC Ram\u00f3n L\u00f3pez le tira caca a @gabrielboric y entonces uno dice\u2026", "id": "1449459465791713282", "edit_history_tweet_ids": ["1449459465791713282"]}, {"created_at": "2021-10-16T19:37:13.000Z", "author_id": "906148490", "text": "RT @IPerezTuesta: No s\u00e9 qu\u00e9 tanto l\u00edo por lo del nombre. Yo conozco uno que no se complicaba: en el carnet ten\u00eda 3 (Augusto Jos\u00e9 Ram\u00f3n), cu\u2026", "id": "1449459436221698048", "edit_history_tweet_ids": ["1449459436221698048"]}, {"created_at": "2021-10-16T19:32:26.000Z", "author_id": "2149167104", "text": "RT @IPerezTuesta: No s\u00e9 qu\u00e9 tanto l\u00edo por lo del nombre. Yo conozco uno que no se complicaba: en el carnet ten\u00eda 3 (Augusto Jos\u00e9 Ram\u00f3n), cu\u2026", "id": "1449458231789588481", "edit_history_tweet_ids": ["1449458231789588481"]}], "meta": {"newest_id": "1449506878388506629", "oldest_id": "1449458231789588481", "result_count": 100, "next_token": "b26v89c19zqg8o3fpds9t0x1p6896p93h6no6s4n1yiyl"}}