{"data": [{"created_at": "2021-10-14T03:53:44.000Z", "id": "1448497223428448257", "text": "SE ACABARON LOS INCENDIOS EN SANTIAGO Y VOLVIERON A LA ARAUCAN\u00cdA.\n\u00a1OJAL\u00c1! #ElCandidato Fondo E #LaCosaNostraMV Mat\u00edas del R\u00edo Ram\u00f3n L\u00f3pez https://t.co/OysjFiNwZt", "author_id": "1500476029", "edit_history_tweet_ids": ["1448497223428448257"]}, {"created_at": "2021-10-14T03:52:50.000Z", "id": "1448496996680097793", "text": "LOS 60MIL MUERTOS POR #COVID19 SON SU CULPA\n\u00a1MUCHOS M\u00c1S QUE MAPUCHES Y POR EL ESTALLIDO JUNTOS! #ElCandidato Fondo E #LaCosaNostraMV Mat\u00edas del R\u00edo Ram\u00f3n L\u00f3pez https://t.co/crXSWSIItD", "author_id": "1500476029", "edit_history_tweet_ids": ["1448496996680097793"]}, {"created_at": "2021-10-14T03:50:12.000Z", "id": "1448496334235971586", "text": "MI PADRE ES T\u00c9CNICO Y DOCENTE EN IP POR 50 A\u00d1OS\nYO NO PUDE SER PROFESOR\nSHYLEZUELA EST\u00c1 EN DECADENCIA\n\u00a1OJAL\u00c1! #ElCandidato Fondo E #LaCosaNostraMV Mat\u00edas del R\u00edo Ram\u00f3n L\u00f3pez https://t.co/x0XxCUKVr6", "author_id": "1500476029", "edit_history_tweet_ids": ["1448496334235971586"]}, {"created_at": "2021-10-14T03:49:16.000Z", "id": "1448496101007429632", "text": "LLAM\u00d3 A UNAS PUTAS Y SE PUSO A JALAR Y DE AH\u00cd TOM\u00d3 WHISKY\n\u00a1OJAL\u00c1! #ElCandidato Fondo E #LaCosaNostraMV Mat\u00edas del R\u00edo Ram\u00f3n L\u00f3pez https://t.co/4proNz3qk0", "author_id": "1500476029", "edit_history_tweet_ids": ["1448496101007429632"]}, {"created_at": "2021-10-14T03:48:53.000Z", "id": "1448496001929682946", "text": "RT @lubrio: La danza de d\u00f3lares detr\u00e1s de la \u201cprensa libre\u201d y la destrucci\u00f3n de democracias, art\u00edculo de Ram\u00f3n L\u00f3pez Mena en  @JFjusticiafu\u2026", "author_id": "77594813", "edit_history_tweet_ids": ["1448496001929682946"]}, {"created_at": "2021-10-14T03:47:38.000Z", "id": "1448495687038025735", "text": "LOS MILLENIALS NI LOS Z SALVAR\u00c1N EL MUNDO. SON FLANCITOS.\n#ElCandidato Fondo E #LaCosaNostraMV Mat\u00edas del R\u00edo Ram\u00f3n L\u00f3pez https://t.co/cuBzrP3qSH", "author_id": "1500476029", "edit_history_tweet_ids": ["1448495687038025735"]}, {"created_at": "2021-10-14T03:46:16.000Z", "id": "1448495346288562178", "text": "EL PESO DE LA NOCHE, Diego Portales.\n\u00a1OJAL\u00c1! #ElCandidato Fondo E #LaCosaNostraMV Mat\u00edas del R\u00edo Ram\u00f3n L\u00f3pez https://t.co/Y7bUt811es", "author_id": "1500476029", "edit_history_tweet_ids": ["1448495346288562178"]}, {"created_at": "2021-10-14T03:46:10.000Z", "id": "1448495318375358466", "text": "RT @juanadiazchile: Las cosas que retwitea Ramon Lopez\u2026. https://t.co/LhpeXBrrmJ", "author_id": "2933047287", "edit_history_tweet_ids": ["1448495318375358466"]}, {"created_at": "2021-10-14T03:44:46.000Z", "id": "1448494968004296708", "text": "\u00bfDE QU\u00c9 SIRVE UN LIBRO EN UNA SOCIEDAD ANALFABETA? SI LA GENTE LEYESE, NO ESTAR\u00cdAMOS PA LA CAG\u00c1 QUE ESTAMOS.  https://t.co/MxjvBfncPR \u00a1OJAL\u00c1! #ElCandidato Fondo E #LaCosaNostraMV Mat\u00edas del R\u00edo Ram\u00f3n L\u00f3pez", "author_id": "1500476029", "edit_history_tweet_ids": ["1448494968004296708"]}, {"created_at": "2021-10-14T03:37:39.000Z", "id": "1448493176587751424", "text": "RT @ultimocable: \ud83c\uddea\ud83c\uddfa Los eurodiputados espa\u00f1oles Leopoldo L\u00f3pez Gil (PP), Jos\u00e9 Ram\u00f3n Bauz\u00e1 (Ciudadanos) y Hermann Tertsch (Vox) exhortaron a\u2026", "author_id": "1324791737664024577", "edit_history_tweet_ids": ["1448493176587751424"]}, {"created_at": "2021-10-14T03:35:33.000Z", "id": "1448492647887163393", "text": "RT @EnriqueElGenio: CADA VEZ QUE PAGAS LA CUENTA DE LA LUZ, EST\u00c1S FINANCIANDO EL PCC Y \u00a1\u00c9L LO APROB\u00d3!\n\u00a1LINDO EL PATRIOTISMO! \u00a1OJAL\u00c1! #ElCan\u2026", "author_id": "494637856", "edit_history_tweet_ids": ["1448492647887163393"]}, {"created_at": "2021-10-14T03:35:21.000Z", "id": "1448492597979144194", "text": "RT @CuicoEconomista: En octubre de 2020 @gino_sturla me dec\u00eda bot por menospreciar e ironizar sobre el grado acad\u00e9mico de Ram\u00f3n L\u00f3pez. Dije\u2026", "author_id": "117878866", "edit_history_tweet_ids": ["1448492597979144194"]}, {"created_at": "2021-10-14T03:32:05.000Z", "id": "1448491776885592068", "text": "\u00a1PERO TODOS TIENEN PRONTUARIO! SI KIERES SABERLO, PREG\u00daNTASELO AL PSICOPOMPO: @azetaene \u00a1OJAL\u00c1! #ElCandidato Fondo E #LaCosaNostraMV Mat\u00edas del R\u00edo Ram\u00f3n L\u00f3pez https://t.co/G4vkaSfAMR", "author_id": "1500476029", "edit_history_tweet_ids": ["1448491776885592068"]}, {"created_at": "2021-10-14T03:32:01.000Z", "id": "1448491758795513857", "text": "@CuicoEconomista @gino_sturla Ram\u00f3n L\u00f3pez el mismo que dijo q la  act\u00faal inflaci\u00f3n viene de afuera.pffff", "author_id": "735435362", "edit_history_tweet_ids": ["1448491758795513857"]}, {"created_at": "2021-10-14T03:30:27.000Z", "id": "1448491361968087040", "text": "RT @EnriqueElGenio: \u00a1ES PSIC\u00d3PATA! \u00a1OJAL\u00c1! #ElCandidato Fondo E #LaCosaNostraMV Mat\u00edas del R\u00edo Ram\u00f3n L\u00f3pez", "author_id": "343520172", "edit_history_tweet_ids": ["1448491361968087040"]}, {"created_at": "2021-10-14T03:30:07.000Z", "id": "1448491278103158785", "text": "@seba_hiriart1 En su lugar prefieren escuchar a Ram\u00f3n L\u00f3pez. Que Dios nos libre.", "author_id": "1371840646433148940", "edit_history_tweet_ids": ["1448491278103158785"]}, {"created_at": "2021-10-14T03:29:47.000Z", "id": "1448491197274726404", "text": "\u00a1ES PSIC\u00d3PATA! \u00a1OJAL\u00c1! #ElCandidato Fondo E #LaCosaNostraMV Mat\u00edas del R\u00edo Ram\u00f3n L\u00f3pez https://t.co/iM7KCQ8K9a", "author_id": "1500476029", "edit_history_tweet_ids": ["1448491197274726404"]}, {"created_at": "2021-10-14T03:29:31.000Z", "id": "1448491131096813568", "text": "RT @EnriqueElGenio: CADA VEZ QUE PAGAS LA CUENTA DE LA LUZ, EST\u00c1S FINANCIANDO EL PCC Y \u00a1\u00c9L LO APROB\u00d3!\n\u00a1LINDO EL PATRIOTISMO! \u00a1OJAL\u00c1! #ElCan\u2026", "author_id": "2983063761", "edit_history_tweet_ids": ["1448491131096813568"]}, {"created_at": "2021-10-14T03:29:28.000Z", "id": "1448491115393454082", "text": "RT @CuicoEconomista: En octubre de 2020 @gino_sturla me dec\u00eda bot por menospreciar e ironizar sobre el grado acad\u00e9mico de Ram\u00f3n L\u00f3pez. Dije\u2026", "author_id": "587086274", "edit_history_tweet_ids": ["1448491115393454082"]}, {"created_at": "2021-10-14T03:29:03.000Z", "id": "1448491009671790600", "text": "RT @EnriqueElGenio: yo lo s\u00e9, t\u00fa lo sabes, pero a la gente NO LE IMPORTA\nVOTAR\u00c1N POR \u00c9L M\u00c1S QUE POR ART\u00c9S\n\u00a1OJAL\u00c1! #ElCandidato Fondo E #LaC\u2026", "author_id": "343520172", "edit_history_tweet_ids": ["1448491009671790600"]}, {"created_at": "2021-10-14T03:28:50.000Z", "id": "1448490956467183617", "text": "Teniendo economistas de la talla de @OLanderretche y @mariomarcelc, un sector de la izquierda chilena prefiere hacer oidos sordos a lo emp\u00edrico y escuchar a Ram\u00f3n L\u00f3pez. Dios nos libre.", "author_id": "1371840646433148940", "edit_history_tweet_ids": ["1448490956467183617"]}, {"created_at": "2021-10-14T03:28:22.000Z", "id": "1448490839542575106", "text": "yo lo s\u00e9, t\u00fa lo sabes, pero a la gente NO LE IMPORTA\nVOTAR\u00c1N POR \u00c9L M\u00c1S QUE POR ART\u00c9S\n\u00a1OJAL\u00c1! #ElCandidato Fondo E #LaCosaNostraMV Mat\u00edas del R\u00edo Ram\u00f3n L\u00f3pez https://t.co/RRhlGFhIB7", "author_id": "1500476029", "edit_history_tweet_ids": ["1448490839542575106"]}, {"created_at": "2021-10-14T03:28:12.000Z", "id": "1448490796060057600", "text": "RT @EnriqueElGenio: CADA VEZ QUE PAGAS LA CUENTA DE LA LUZ, EST\u00c1S FINANCIANDO EL PCC Y \u00a1\u00c9L LO APROB\u00d3!\n\u00a1LINDO EL PATRIOTISMO! \u00a1OJAL\u00c1! #ElCan\u2026", "author_id": "343520172", "edit_history_tweet_ids": ["1448490796060057600"]}, {"created_at": "2021-10-14T03:27:37.000Z", "id": "1448490652115914762", "text": "A un pueblo imb\u00e9cil, eso le importa nada. Por eso votar\u00e1n por \u00e9l, porque les prometi\u00f3 sacar a los inmigrantes que la gente ODIA.\n\u00a1OJAL\u00c1! #ElCandidato Fondo E #LaCosaNostraMV Mat\u00edas del R\u00edo Ram\u00f3n L\u00f3pez https://t.co/zLCklUHdJz", "author_id": "1500476029", "edit_history_tweet_ids": ["1448490652115914762"]}, {"created_at": "2021-10-14T03:27:10.000Z", "id": "1448490539498676226", "text": "En octubre de 2020 @gino_sturla me dec\u00eda bot por menospreciar e ironizar sobre el grado acad\u00e9mico de Ram\u00f3n L\u00f3pez. Dije tambi\u00e9n que era un chanta y que su trabajo sobre el impto a los super ricos dejaba en evidencia su ignorancia (de ambos).\n\nNo me equivoqu\u00e9. https://t.co/elK4SMJBxU", "author_id": "1193732306390962180", "edit_history_tweet_ids": ["1448490539498676226"]}, {"created_at": "2021-10-14T03:26:39.000Z", "id": "1448490407852118020", "text": "kast es financiado por el trumpismo\n\u00a1OJAL\u00c1! #ElCandidato Fondo E #LaCosaNostraMV Mat\u00edas del R\u00edo Ram\u00f3n L\u00f3pez https://t.co/Gv5exNH3Ed", "author_id": "1500476029", "edit_history_tweet_ids": ["1448490407852118020"]}, {"created_at": "2021-10-14T03:26:09.000Z", "id": "1448490280311656465", "text": "RT @EnriqueElGenio: CADA VEZ QUE PAGAS LA CUENTA DE LA LUZ, EST\u00c1S FINANCIANDO EL PCC Y \u00a1\u00c9L LO APROB\u00d3!\n\u00a1LINDO EL PATRIOTISMO! \u00a1OJAL\u00c1! #ElCan\u2026", "author_id": "275004953", "edit_history_tweet_ids": ["1448490280311656465"]}, {"created_at": "2021-10-14T03:26:00.000Z", "id": "1448490244119089152", "text": "#ElChanta #ElZanja #ElNazi \u00a1OJAL\u00c1! #ElCandidato Fondo E #LaCosaNostraMV Mat\u00edas del R\u00edo Ram\u00f3n L\u00f3pez https://t.co/o12ep8DeaF", "author_id": "1500476029", "edit_history_tweet_ids": ["1448490244119089152"]}, {"created_at": "2021-10-14T03:25:09.000Z", "id": "1448490029618274305", "text": "El problema con Jos\u00e9 Antonio Kast en #ElCandidato est\u00e1 en la dignidad y la moral, y es que no tiene claro que un Estado Laico no puede inmiscuirse en la moral de un ser humano. #ElCandidato Fondo E Ram\u00f3n L\u00f3pez Azul Azul #estafaconstitucional #LaCosaNostraMV Paulina Allende https://t.co/FQjLua3ZBv", "author_id": "1004474081486532608", "edit_history_tweet_ids": ["1448490029618274305"]}, {"created_at": "2021-10-14T03:24:53.000Z", "id": "1448489963532787716", "text": "CADA VEZ QUE PAGAS LA CUENTA DE LA LUZ, EST\u00c1S FINANCIANDO EL PCC Y \u00a1\u00c9L LO APROB\u00d3!\n\u00a1LINDO EL PATRIOTISMO! \u00a1OJAL\u00c1! #ElCandidato Fondo E #LaCosaNostraMV Mat\u00edas del R\u00edo Ram\u00f3n L\u00f3pez https://t.co/FKNbyRUsnH", "author_id": "1500476029", "edit_history_tweet_ids": ["1448489963532787716"]}, {"created_at": "2021-10-14T03:24:16.000Z", "id": "1448489807496159238", "text": "RT @EnriqueElGenio: \u00a1NO VA A HABER ACUSACI\u00d3N DE MIEL!\n\u00a1OJAL\u00c1! #ElCandidato Fondo E #LaCosaNostraMV Mat\u00edas del R\u00edo Ram\u00f3n L\u00f3pez", "author_id": "557715296", "edit_history_tweet_ids": ["1448489807496159238"]}, {"created_at": "2021-10-14T03:23:05.000Z", "id": "1448489508324868104", "text": "RT @EnriqueElGenio: HAY UN GUAR\u00c9N EN LA MONEDA, \u00bfNO VA A HABER UNO EN UNA SEREM\u00cdA? #ElCandidato Fondo E #LaCosaNostraMV Mat\u00edas del R\u00edo Ram\u00f3\u2026", "author_id": "343520172", "edit_history_tweet_ids": ["1448489508324868104"]}, {"created_at": "2021-10-14T03:22:27.000Z", "id": "1448489349071446022", "text": "\u00a1NO VA A HABER ACUSACI\u00d3N DE MIEL!\n\u00a1OJAL\u00c1! #ElCandidato Fondo E #LaCosaNostraMV Mat\u00edas del R\u00edo Ram\u00f3n L\u00f3pez https://t.co/YV5zNREqvk", "author_id": "1500476029", "edit_history_tweet_ids": ["1448489349071446022"]}, {"created_at": "2021-10-14T03:20:59.000Z", "id": "1448488981969186818", "text": "SER IMB\u00c9CIL NAZI Y ADORAR EL GENOCIDIO\n#ElCandidato Fondo E #LaCosaNostraMV Mat\u00edas del R\u00edo Ram\u00f3n L\u00f3pez https://t.co/KqDkiv43NG", "author_id": "1500476029", "edit_history_tweet_ids": ["1448488981969186818"]}, {"created_at": "2021-10-14T03:20:21.000Z", "id": "1448488822229147651", "text": "LA GENTE ES TAN IMB\u00c9CIL QUE ADORA LA IMPERTURBABILIDAD DE LOS PSIC\u00d3PATAS\nLA GENTE ES TAN IMB\u00c9CIL QUE QUIERE SER ASESINADA \u00a1OJAL\u00c1! #ElCandidato Fondo E #LaCosaNostraMV Mat\u00edas del R\u00edo Ram\u00f3n L\u00f3pez https://t.co/IVElDeKGn5", "author_id": "1500476029", "edit_history_tweet_ids": ["1448488822229147651"]}, {"created_at": "2021-10-14T03:19:25.000Z", "id": "1448488588581212161", "text": "\u00a1OJAL\u00c1! #ElCandidato Fondo E #LaCosaNostraMV Mat\u00edas del R\u00edo Ram\u00f3n L\u00f3pez https://t.co/s9LJYODlyl", "author_id": "1500476029", "edit_history_tweet_ids": ["1448488588581212161"]}, {"created_at": "2021-10-14T03:18:04.000Z", "id": "1448488247416565760", "text": "HAY UN GUAR\u00c9N EN LA MONEDA, \u00bfNO VA A HABER UNO EN UNA SEREM\u00cdA? #ElCandidato Fondo E #LaCosaNostraMV Mat\u00edas del R\u00edo Ram\u00f3n L\u00f3pez \nhttps://t.co/sBm2Kt5ln8", "author_id": "1500476029", "edit_history_tweet_ids": ["1448488247416565760"]}, {"created_at": "2021-10-14T03:11:08.000Z", "id": "1448486504620249090", "text": "\u00bfRECI\u00c9N SE DIERON CUENTA? SON TAN COBARDES QUE #SHYLEZUELA SE FUE A LA MIERDA Y NADIE LO QUIERE ADMITIR. #ElCandidato Fondo E #LaCosaNostraMV Mat\u00edas del R\u00edo Ram\u00f3n L\u00f3pez https://t.co/SYJOTNECYu", "author_id": "1500476029", "edit_history_tweet_ids": ["1448486504620249090"]}, {"created_at": "2021-10-14T03:09:50.000Z", "id": "1448486174885023747", "text": "RT @lubrio: La danza de d\u00f3lares detr\u00e1s de la \u201cprensa libre\u201d y la destrucci\u00f3n de democracias, art\u00edculo de Ram\u00f3n L\u00f3pez Mena en  @JFjusticiafu\u2026", "author_id": "1490681864", "edit_history_tweet_ids": ["1448486174885023747"]}, {"created_at": "2021-10-14T03:09:07.000Z", "id": "1448485996845273094", "text": "RT @EnriqueElGenio: LOS PATRIOTAS NO QUIEREN FINANCIAR A SU PATRIA\nSU \u00daNICA PATRIA SON LOS PARA\u00cdSOS FISCALES\nPOR ESO LA CC HAR\u00c1 UNA CONSTIT\u2026", "author_id": "871901593532325889", "edit_history_tweet_ids": ["1448485996845273094"]}, {"created_at": "2021-10-14T03:09:04.000Z", "id": "1448485980881793024", "text": "\u00a1SE VIENE LA MASACRE! TAL COMO DIJE EL 2019\n#ElCandidato Fondo E #LaCosaNostraMV Mat\u00edas del R\u00edo Ram\u00f3n L\u00f3pez https://t.co/Ncn54P71Xl", "author_id": "1500476029", "edit_history_tweet_ids": ["1448485980881793024"]}, {"created_at": "2021-10-14T03:05:30.000Z", "id": "1448485085880197124", "text": "\u00a1LA CIVILIZACI\u00d3N PORNOGR\u00c1FICA! #ElCandidato Fondo E #LaCosaNostraMV Mat\u00edas del R\u00edo Ram\u00f3n L\u00f3pez OCCIDENTE EST\u00c1 EN DECADENCIA TERMINAL\nCHINA PREVALECER\u00c1 https://t.co/4gwVfuuyfQ", "author_id": "1500476029", "edit_history_tweet_ids": ["1448485085880197124"]}, {"created_at": "2021-10-14T03:04:43.000Z", "id": "1448484887456067587", "text": "#ElCandidato Fondo E #LaCosaNostraMV Mat\u00edas del R\u00edo Ram\u00f3n L\u00f3pez LA CC HAR\u00c1 DE #SHYLEZUELA U PARA\u00cdSO FISCAL, PARA QUE NADIE SAQUE SU PLATA DE AC\u00c1. @azetaene https://t.co/2ypu45Lqa2", "author_id": "1500476029", "edit_history_tweet_ids": ["1448484887456067587"]}, {"created_at": "2021-10-14T03:03:08.000Z", "id": "1448484490574118920", "text": "RT @EnriqueElGenio: #ElCandidato Fondo E #LaCosaNostraMV Mat\u00edas del R\u00edo Ram\u00f3n L\u00f3pez https://t.co/uVlRBGPijB SI NO LLEGA A SAN ROSENDO, NO H\u2026", "author_id": "716967183750983681", "edit_history_tweet_ids": ["1448484490574118920"]}, {"created_at": "2021-10-14T03:02:43.000Z", "id": "1448484384504434697", "text": "LOS PATRIOTAS NO QUIEREN FINANCIAR A SU PATRIA\nSU \u00daNICA PATRIA SON LOS PARA\u00cdSOS FISCALES\nPOR ESO LA CC HAR\u00c1 UNA CONSTITUCI\u00d3N M\u00cdNIMA QUE LES PERMITA LAVAR SU DINERO SUCIO AC\u00c1 MISMO\n#ElCandidato Fondo E #LaCosaNostraMV Mat\u00edas del R\u00edo Ram\u00f3n L\u00f3pez  @azetaene https://t.co/RKdkrpd4pO", "author_id": "1500476029", "edit_history_tweet_ids": ["1448484384504434697"]}, {"created_at": "2021-10-14T03:01:19.000Z", "id": "1448484031277027329", "text": "#ElCandidato Fondo E #LaCosaNostraMV Mat\u00edas del R\u00edo Ram\u00f3n L\u00f3pez https://t.co/uVlRBGPijB SI NO LLEGA A SAN ROSENDO, NO HA LLEGADO A SHYLE.", "author_id": "1500476029", "edit_history_tweet_ids": ["1448484031277027329"]}, {"created_at": "2021-10-14T02:57:40.000Z", "id": "1448483115345723397", "text": "RT @AlephEdu: Ram\u00f3n L\u00f3pez cada d\u00eda m\u00e1s chalado. Igual sirve para hacer memes. https://t.co/9ilzt3xPK5", "author_id": "3208919297", "edit_history_tweet_ids": ["1448483115345723397"]}, {"created_at": "2021-10-14T02:56:43.000Z", "id": "1448482873183555589", "text": "Francamente, Guat\u00f3n Copi\u00f3n Eduardo Fuentes @fuentesilva, tu programa #LaCosaNostraMV debiera llamarse \"Realicemos Campa\u00f1a por Boric\". MALO MUY MALO, ESO NO HACE BRO!!! #ElCandidato Fondo E Ram\u00f3n L\u00f3pez Azul Azul https://t.co/CeJ9w57IbK", "author_id": "1004474081486532608", "edit_history_tweet_ids": ["1448482873183555589"]}, {"created_at": "2021-10-14T02:53:04.000Z", "id": "1448481956115660801", "text": "Alberto Mayol es un nihilista al pensar y referirse a Gabriel Boric en #LaCosaNostraMv, niega que Boric es un aparecido, un vago, nunca le ha trabajo un d\u00eda a nadie y jam\u00e1s ser\u00eda un Owen Grady paleont\u00f3logo en Jurasik Park #ElCandidato Fondo E Ram\u00f3n L\u00f3pez Azul Azul https://t.co/pJQbbaHRjY", "author_id": "1004474081486532608", "edit_history_tweet_ids": ["1448481956115660801"]}, {"created_at": "2021-10-14T02:52:00.000Z", "id": "1448481685704626176", "text": "RT @caioley: @edguther @melnicksergio Chatito y el Banco Riggs? Qu\u00e9 pas\u00f3 con los 6 palos verdes de Daniel L\u00f3pez  y de Jos\u00e9 Ram\u00f3n Ugarte? \nA\u2026", "author_id": "848422376", "edit_history_tweet_ids": ["1448481685704626176"]}, {"created_at": "2021-10-14T02:49:20.000Z", "id": "1448481014607540225", "text": "Ram\u00f3n L\u00f3pez cada d\u00eda m\u00e1s chalado. Igual sirve para hacer memes. https://t.co/9ilzt3xPK5", "author_id": "1518393091", "edit_history_tweet_ids": ["1448481014607540225"]}, {"created_at": "2021-10-14T02:48:47.000Z", "id": "1448480879228166145", "text": "Quiroga en #LaCosaNostraMV usa la caricatura del Ping\u00fcino de Madagascar para Gabriel Boric, pero no sintoniza, porque ni Boric sabe donde est\u00e1 Madagascar, sino que s\u00f3lo conoce el \u00e1rbol donde se esconde. #ElCandidato Fondo E Ram\u00f3n L\u00f3pez Azul Azul https://t.co/7nOkfhvCBA", "author_id": "1004474081486532608", "edit_history_tweet_ids": ["1448480879228166145"]}, {"created_at": "2021-10-14T02:45:10.000Z", "id": "1448479968498003968", "text": "Mirko Macari en #LaCosaNostraMV cuando se refiere a Gabriel Boric, no usa caricatura, sino que se expresa notoriamente apoy\u00e1ndolo  #ElCandidato Fondo E Ram\u00f3n L\u00f3pez Azul Azul https://t.co/TxkQ4Bw5L3", "author_id": "1004474081486532608", "edit_history_tweet_ids": ["1448479968498003968"]}, {"created_at": "2021-10-14T02:32:43.000Z", "id": "1448476836380348417", "text": "RT @lubrio: La danza de d\u00f3lares detr\u00e1s de la \u201cprensa libre\u201d y la destrucci\u00f3n de democracias, art\u00edculo de Ram\u00f3n L\u00f3pez Mena en  @JFjusticiafu\u2026", "author_id": "166753465", "edit_history_tweet_ids": ["1448476836380348417"]}, {"created_at": "2021-10-14T02:30:24.000Z", "id": "1448476251958624256", "text": "RT @DemRadicalCL: La gente que habla en contra del psic\u00f3logo facho es la misma que endiosa a Grau y a Ramon Lopez? Porque si bien un psicol\u2026", "author_id": "92673149", "edit_history_tweet_ids": ["1448476251958624256"]}, {"created_at": "2021-10-14T02:25:54.000Z", "id": "1448475120100651008", "text": "\ud835\ude3e\ud835\ude56\ud835\ude69\ud835\ude58\ud835\ude5d\ud835\ude5a\ud835\ude67\ud835\ude68\n\ud83d\udd38Ram\u00f3n Cabrera \n\ud83d\udd38Wilfredo Gim\u00e9nez \n\ud83d\udd38Gersel Pitre\n\n\ud835\ude44\ud835\ude63\ud835\ude5b\ud835\ude5e\ud835\ude5a\ud835\ude61\ud835\ude59\ud835\ude5a\ud835\ude67\ud835\ude68\n\ud83d\udd38Deiner L\u00f3pez\n\ud83d\udd38Edwin Garc\u00eda\n\ud83d\udd38 Ezequiel Alfonso\n\n\ud835\ude4a\ud835\ude6a\ud835\ude69\ud835\ude5b\ud835\ude5e\ud835\ude5a\ud835\ude61\ud835\ude59\ud835\ude5a\ud835\ude67\ud835\ude68\n\ud83d\udd38Kevin Aponte \n\ud83d\udd38Carlos Arroyo \n\ud83d\udd38Eduard Pinto\n\ud83d\udd38Raico Santos\n\n3/4", "author_id": "130844866", "edit_history_tweet_ids": ["1448475120100651008"]}, {"created_at": "2021-10-14T02:17:45.000Z", "id": "1448473067106209793", "text": "RT @ObrequeMauricio: Ram\u00f3n L\u00f3pez y la Bancada inflaci\u00f3n be like:", "author_id": "1254166831398555651", "edit_history_tweet_ids": ["1448473067106209793"]}, {"created_at": "2021-10-14T02:14:28.000Z", "id": "1448472243718262785", "text": "RT @lubrio: La danza de d\u00f3lares detr\u00e1s de la \u201cprensa libre\u201d y la destrucci\u00f3n de democracias, art\u00edculo de Ram\u00f3n L\u00f3pez Mena en  @JFjusticiafu\u2026", "author_id": "2358622134", "edit_history_tweet_ids": ["1448472243718262785"]}, {"created_at": "2021-10-14T02:14:28.000Z", "id": "1448472242409537539", "text": "RT @juanadiazchile: Las cosas que retwitea Ramon Lopez\u2026. https://t.co/LhpeXBrrmJ", "author_id": "118574363", "edit_history_tweet_ids": ["1448472242409537539"]}, {"created_at": "2021-10-14T02:13:18.000Z", "id": "1448471948749643778", "text": "RT @lubrio: La danza de d\u00f3lares detr\u00e1s de la \u201cprensa libre\u201d y la destrucci\u00f3n de democracias, art\u00edculo de Ram\u00f3n L\u00f3pez Mena en  @JFjusticiafu\u2026", "author_id": "145785171", "edit_history_tweet_ids": ["1448471948749643778"]}, {"created_at": "2021-10-14T02:10:04.000Z", "id": "1448471136686252034", "text": "RT @BienTwitero: @ramonlopez54 Me da mas confianza el Pelao Vade que Ramon Lopez", "author_id": "1386581268620513282", "edit_history_tweet_ids": ["1448471136686252034"]}, {"created_at": "2021-10-14T02:08:48.000Z", "id": "1448470816866381834", "text": "RT @lubrio: La danza de d\u00f3lares detr\u00e1s de la \u201cprensa libre\u201d y la destrucci\u00f3n de democracias, art\u00edculo de Ram\u00f3n L\u00f3pez Mena en  @JFjusticiafu\u2026", "author_id": "526506838", "edit_history_tweet_ids": ["1448470816866381834"]}, {"created_at": "2021-10-14T02:08:31.000Z", "id": "1448470745592516609", "text": "RT @BienTwitero: @ramonlopez54 Me da mas confianza el Pelao Vade que Ramon Lopez", "author_id": "935643042618531841", "edit_history_tweet_ids": ["1448470745592516609"]}, {"created_at": "2021-10-14T02:06:19.000Z", "id": "1448470193089482752", "text": "RT @BienTwitero: @ramonlopez54 Me da mas confianza el Pelao Vade que Ramon Lopez", "author_id": "736023601246175232", "edit_history_tweet_ids": ["1448470193089482752"]}, {"created_at": "2021-10-14T02:04:26.000Z", "id": "1448469715827888129", "text": "Creo que el profe Ram\u00f3n L\u00f3pez se est\u00e1 juntando mucho con Artes.", "author_id": "1159546113390710785", "edit_history_tweet_ids": ["1448469715827888129"]}, {"created_at": "2021-10-14T02:01:46.000Z", "id": "1448469048132620292", "text": "RT @DemRadicalCL: Ram\u00f3n L\u00f3pez para dirigir el magister de la U. Della Cornetta.", "author_id": "1171112002997116934", "edit_history_tweet_ids": ["1448469048132620292"]}, {"created_at": "2021-10-14T01:58:13.000Z", "id": "1448468154544443392", "text": "@ramonlopez54 Yo no sab\u00eda qui\u00e9n era ram\u00f3n l\u00f3pez y porque lo weveaban tanto. Con este puro tuit se me aclar\u00f3 todo: usted como dr en econom\u00eda debe ser como Boric dr en vagolog\u00eda, puros saltos y peos.", "author_id": "1414603616980291588", "edit_history_tweet_ids": ["1448468154544443392"]}, {"created_at": "2021-10-14T01:56:45.000Z", "id": "1448467784153849856", "text": "RT @juanadiazchile: Las cosas que retwitea Ramon Lopez\u2026. https://t.co/LhpeXBrrmJ", "author_id": "607710992", "edit_history_tweet_ids": ["1448467784153849856"]}, {"created_at": "2021-10-14T01:56:40.000Z", "id": "1448467763714936833", "text": "RT @ElverdaderoNano: @EconomistaFlait Te dejo esto de regalo flaite by ramon Lopez.\nComo la @fenuchile puede tener este tipo de profesores.\u2026", "author_id": "1148823887981023232", "edit_history_tweet_ids": ["1448467763714936833"]}, {"created_at": "2021-10-14T01:55:10.000Z", "id": "1448467383165743108", "text": "RT @juanadiazchile: Las cosas que retwitea Ramon Lopez\u2026. https://t.co/LhpeXBrrmJ", "author_id": "9581892", "edit_history_tweet_ids": ["1448467383165743108"]}, {"created_at": "2021-10-14T01:54:04.000Z", "id": "1448467109193949190", "text": "RT @ObrequeMauricio: Ram\u00f3n L\u00f3pez y la Bancada inflaci\u00f3n be like:", "author_id": "99224528", "edit_history_tweet_ids": ["1448467109193949190"]}, {"created_at": "2021-10-14T01:53:19.000Z", "id": "1448466919443636232", "text": "RT @kesedice: Ram\u00f3n L\u00f3pez fue se\u00f1alado de abusar de dos menores de edad en #SanMart\u00edn, #Cesar, por lo cual fue puesto en medida de aseguram\u2026", "author_id": "2605593674", "edit_history_tweet_ids": ["1448466919443636232"]}, {"created_at": "2021-10-14T01:52:19.000Z", "id": "1448466666740932608", "text": "RT @BienTwitero: @ramonlopez54 Me da mas confianza el Pelao Vade que Ramon Lopez", "author_id": "350670109", "edit_history_tweet_ids": ["1448466666740932608"]}, {"created_at": "2021-10-14T01:51:42.000Z", "id": "1448466512289935362", "text": "Ram\u00f3n L\u00f3pez cuando era chico. No ha cambiado nada. https://t.co/kM0HTWqpjo", "author_id": "350670109", "edit_history_tweet_ids": ["1448466512289935362"]}, {"created_at": "2021-10-14T01:50:32.000Z", "id": "1448466218801844224", "text": "RT @juanadiazchile: Asesor experto de Ramon Lopez\u2026.", "author_id": "119552086", "edit_history_tweet_ids": ["1448466218801844224"]}, {"created_at": "2021-10-14T01:50:17.000Z", "id": "1448466155178500099", "text": "@GringoAndrade Quien? Ramon Lopez?", "author_id": "734514457532092416", "edit_history_tweet_ids": ["1448466155178500099"]}, {"created_at": "2021-10-14T01:49:57.000Z", "id": "1448466073653702659", "text": "RT @lubrio: La danza de d\u00f3lares detr\u00e1s de la \u201cprensa libre\u201d y la destrucci\u00f3n de democracias, art\u00edculo de Ram\u00f3n L\u00f3pez Mena en  @JFjusticiafu\u2026", "author_id": "1148823887981023232", "edit_history_tweet_ids": ["1448466073653702659"]}, {"created_at": "2021-10-14T01:47:51.000Z", "id": "1448465545716772864", "text": "RT @dicosmo_rodrigo: Ram\u00f3n L\u00f3pez poh we\u00f3n\neso nos ofrece\naprueo dignid\u00e1", "author_id": "1180928854296276994", "edit_history_tweet_ids": ["1448465545716772864"]}, {"created_at": "2021-10-14T01:47:18.000Z", "id": "1448465406822436867", "text": "RT @juanadiazchile: Las cosas que retwitea Ramon Lopez\u2026. https://t.co/LhpeXBrrmJ", "author_id": "1180928854296276994", "edit_history_tweet_ids": ["1448465406822436867"]}, {"created_at": "2021-10-14T01:44:37.000Z", "id": "1448464730302128131", "text": "\u201cA Poetical Celebration: Ram\u00f3n L\u00f3pez Valverde\u201d \n@CepeUnam and @UNAM_Tucson invite you to the course in English. \nNovember 8 to December 2 (Monday, Wednesday and Friday)\n\ud83d\udc47\ud83d\udc47\ud83d\udc47\nRegistration: : https://t.co/xlty9ufNCX... https://t.co/UMYyIOaZaN", "author_id": "719975413204647936", "edit_history_tweet_ids": ["1448464730302128131"]}, {"created_at": "2021-10-14T01:40:17.000Z", "id": "1448463640059781121", "text": "RT @ObrequeMauricio: Ram\u00f3n L\u00f3pez y la Bancada inflaci\u00f3n be like:", "author_id": "1420114637694058496", "edit_history_tweet_ids": ["1448463640059781121"]}, {"created_at": "2021-10-14T01:39:33.000Z", "id": "1448463455502028801", "text": "RT @dicosmo_rodrigo: Ram\u00f3n L\u00f3pez poh we\u00f3n\neso nos ofrece\naprueo dignid\u00e1", "author_id": "1420114637694058496", "edit_history_tweet_ids": ["1448463455502028801"]}], "meta": {"newest_id": "1448497223428448257", "oldest_id": "1448463455502028801", "result_count": 82, "next_token": "b26v89c19zqg8o3fpds9dvbecypfalq9ja6tw12jx19q5"}}