{"data": [{"created_at": "2021-10-11T23:56:25.000Z", "edit_history_tweet_ids": ["1447712725145210880"], "id": "1447712725145210880", "author_id": "1347921920067567618", "text": "RT @VA_PTSD_Info: ICYMI: 4-part series from @DeptVetAffairs for those affected by the events in #Afghanistan.\n\n#1: Afghanistan: How #Vetera\u2026"}, {"created_at": "2021-10-11T23:48:57.000Z", "edit_history_tweet_ids": ["1447710846516400129"], "id": "1447710846516400129", "author_id": "3305666137", "text": "RT @cronicas_ciudad: Casa del poeta Ram\u00f3n L\u00f3pez Velarde en \u00c1lvaro Obreg\u00f3n 73 en la colonia Roma. \ud83c\uddf2\ud83c\uddfd\ud83d\udd77 https://t.co/MygQf0shP9"}, {"created_at": "2021-10-11T23:45:39.000Z", "edit_history_tweet_ids": ["1447710014559358978"], "id": "1447710014559358978", "author_id": "1223511067", "text": "#CarteleraCultural  \n\nEl @SanIldefonsoMx presenta la mesa redonda \"El camino de la pasi\u00f3n\", una lectura comentada del ensayo del escritor Octavio Paz, en el que resalta la importancia de Ram\u00f3n L\u00f3pez Velarde para la literatura mexicana.\n\n22 de #octubre: https://t.co/h3kLUKKfLU https://t.co/c1pq1uUrLa"}, {"created_at": "2021-10-11T23:03:49.000Z", "edit_history_tweet_ids": ["1447699486189383681"], "id": "1447699486189383681", "author_id": "71436596", "text": "Andr\u00e9s y Jos\u00e9 Ram\u00f3n L\u00f3pez Beltr\u00e1n les mandan saluditos a sus chairos bananeros https://t.co/6OeyOkdbfm"}, {"created_at": "2021-10-11T22:10:52.000Z", "edit_history_tweet_ids": ["1447686161321893890"], "id": "1447686161321893890", "author_id": "296622890", "text": "RT @cronicas_ciudad: Casa del poeta Ram\u00f3n L\u00f3pez Velarde en \u00c1lvaro Obreg\u00f3n 73 en la colonia Roma. \ud83c\uddf2\ud83c\uddfd\ud83d\udd77 https://t.co/MygQf0shP9"}, {"created_at": "2021-10-11T21:59:12.000Z", "edit_history_tweet_ids": ["1447683227167100930"], "id": "1447683227167100930", "author_id": "91456324", "text": "@jchnaide Bajo el nivel de profesores en la U de Chile. Ram\u00f3n L\u00f3pez y este caso: ejemplos."}, {"created_at": "2021-10-11T21:52:53.000Z", "edit_history_tweet_ids": ["1447681634904465412"], "id": "1447681634904465412", "author_id": "299291372", "text": "@trecet Ram\u00f3n en este periodo 80's - 20's mi orden de bases nacionales ser\u00eda este: Calde, Ra\u00fal L\u00f3pez, Chacho, Ricky, Corbalan, Chichi Creus, Montero, Solozabal, JL Llorente, Rafa Jofresa, Azofra... Sobre gustos..."}, {"created_at": "2021-10-11T21:21:45.000Z", "edit_history_tweet_ids": ["1447673801538375681"], "id": "1447673801538375681", "author_id": "177289328", "text": "16:21  Ignacio L\u00f3pez Ray\u00f3n tiene buen avance vehicular a partir de Ram\u00f3n Corona hasta 1\u00b0 de mayo."}, {"created_at": "2021-10-11T21:11:00.000Z", "edit_history_tweet_ids": ["1447671095293796358"], "id": "1447671095293796358", "author_id": "836969699665670145", "text": "@fandelchavit0 @gonzabjx GOLEADORES:\nMauro Zarate 9\nDar\u00edo Benedetto 6\nRamon \u00c1bila 6\nEduardo Salvio 5\nEmanuel Reynoso 3\nCristian Pavon 3\nFrank Fabra 2\nLisandro L\u00f3pez 1\nCarlos Izquierdoz 1\nPablo Perez 1\nEmmanuel M\u00e1s 1\nNahitan Nandez 1\nSebastian Villa 1\nSoldano 1\nWeigandt 1\nVazquez 1\nAlmendra 1\nEn contra 1"}, {"created_at": "2021-10-11T21:02:16.000Z", "edit_history_tweet_ids": ["1447668899542097922"], "id": "1447668899542097922", "author_id": "213816740", "text": "Jose Ram\u00f3n Lopez Beltran hijo de @lopezobrador_ aspiraba a tener una novia modelo cuando su pap\u00e1 fuera presidente y el se convirtiera en millonario. https://t.co/uP4aqTqHSc"}, {"created_at": "2021-10-11T20:27:23.000Z", "edit_history_tweet_ids": ["1447660121727938565"], "id": "1447660121727938565", "author_id": "1386767773930594304", "text": "Dr Juan Ram\u00f3n de la fuente igual que L\u00f3pez Obrador y morena \nBlablablablablablabla"}, {"created_at": "2021-10-11T20:17:02.000Z", "edit_history_tweet_ids": ["1447657513365745667"], "id": "1447657513365745667", "author_id": "1013245078792437761", "text": "RT @lopezdoriga: @MexOnu Explica el embajador Juan Ram\u00f3n de la Fuente (@MexONU) que el pa\u00eds que encabeza el Consejo de Seguridad puede prop\u2026"}, {"created_at": "2021-10-11T20:15:37.000Z", "edit_history_tweet_ids": ["1447657159014158343"], "id": "1447657159014158343", "author_id": "236636515", "text": "@MexOnu Explica el embajador Juan Ram\u00f3n de la Fuente (@MexONU) que el pa\u00eds que encabeza el Consejo de Seguridad puede proponer una serie de temas. En el caso de M\u00e9xico ser\u00e1n:\n\n1.- Mantenimiento de la paz y seguridad internacional, el cual encabezar\u00e1 el presidente L\u00f3pez Obrador"}, {"created_at": "2021-10-11T20:15:20.000Z", "edit_history_tweet_ids": ["1447657089606762505"], "id": "1447657089606762505", "author_id": "97056533", "text": "Escuchando con Lopez D\u00f3riga la \"admiraci\u00f3n\" de Juan Ram\u00f3n de La Fuente a aquel. https://t.co/mqVpj2JFVP"}, {"created_at": "2021-10-11T20:02:29.000Z", "edit_history_tweet_ids": ["1447653853323800577"], "id": "1447653853323800577", "author_id": "770355389267345408", "text": "RT @cronicas_ciudad: Casa del poeta Ram\u00f3n L\u00f3pez Velarde en \u00c1lvaro Obreg\u00f3n 73 en la colonia Roma. \ud83c\uddf2\ud83c\uddfd\ud83d\udd77 https://t.co/MygQf0shP9"}], "meta": {"newest_id": "1447712725145210880", "oldest_id": "1447653853323800577", "result_count": 15, "next_token": "b26v89c19zqg8o3fpds8ytyb5qay4tlj07fdr72zbcltp"}}