{"data": [{"edit_history_tweet_ids": ["1447638330271678464"], "text": "RT @CulturaCiudadMx: Desde el #ForoEnriqueGonz\u00e1lezRojo, se presenta el libro \u201cLa exquisita dolencia. Ensayos sobre Ram\u00f3n L\u00f3pez Velarde\u201d.\u2026", "created_at": "2021-10-11T19:00:48.000Z", "id": "1447638330271678464", "author_id": "1088890451573100544"}, {"edit_history_tweet_ids": ["1447636319304405000"], "text": "RT @cronicas_ciudad: Casa del poeta Ram\u00f3n L\u00f3pez Velarde en \u00c1lvaro Obreg\u00f3n 73 en la colonia Roma. \ud83c\uddf2\ud83c\uddfd\ud83d\udd77 https://t.co/MygQf0shP9", "created_at": "2021-10-11T18:52:48.000Z", "id": "1447636319304405000", "author_id": "76517736"}, {"edit_history_tweet_ids": ["1447634468114735110"], "text": "RT @estmannmd: (PDF) Wenceslao L\u00f3pez Albo: the unsuspected influence of Ram\u00f3n y Cajal and Charcot on Monterrey, M\u00e9xico. https://t.co/TNEShH\u2026", "created_at": "2021-10-11T18:45:27.000Z", "id": "1447634468114735110", "author_id": "249457747"}, {"edit_history_tweet_ids": ["1447633988261081088"], "text": "(PDF) Wenceslao L\u00f3pez Albo: the unsuspected influence of Ram\u00f3n y Cajal and Charcot on Monterrey, M\u00e9xico. https://t.co/TNEShHLH6S", "created_at": "2021-10-11T18:43:33.000Z", "id": "1447633988261081088", "author_id": "588201617"}, {"edit_history_tweet_ids": ["1447615264162418689"], "text": "@YuriKondratiuk No, si es mucho mejor Grau o Ram\u00f3n L\u00f3pez.", "created_at": "2021-10-11T17:29:09.000Z", "id": "1447615264162418689", "author_id": "28652289"}, {"edit_history_tweet_ids": ["1447615177843691527"], "text": "RT @letovillegasr: Tambi\u00e9n los parques urbanos adolecen de esta plaga: basura y excremento, triste situaci\u00f3n del Parque Ram\u00f3n L\u00f3pez Velarde\u2026", "created_at": "2021-10-11T17:28:48.000Z", "id": "1447615177843691527", "author_id": "1492923984"}], "meta": {"newest_id": "1447638330271678464", "oldest_id": "1447615177843691527", "result_count": 6, "next_token": "b26v89c19zqg8o3fpds8ytxevgkpptewi788lort9twn1"}}