{"data": [{"text": "RT @PrensaComunitar: El abogado Ram\u00f3n Cadena, de la Comisi\u00f3n Internacional de Juristas, se\u00f1al\u00f3 que el proceso de Rudy L\u00f3pez Pablo es otro c\u2026", "created_at": "2021-10-16T01:31:12.000Z", "author_id": "1160389319137345536", "id": "1449186129241067522", "edit_history_tweet_ids": ["1449186129241067522"]}, {"text": "RT @EconomistaFlait: De Manuel Riesco, lo entiendo, el wn es Comunista, chanta y se ha pegao wenas pas\u00e1s pitiandose we\u00e1s (AFP Magister, sis\u2026", "created_at": "2021-10-16T01:29:31.000Z", "author_id": "242450307", "id": "1449185705628815360", "edit_history_tweet_ids": ["1449185705628815360"]}, {"text": "RT @EconomistaFlait: El chanter\u00edo intelectual de Ram\u00f3n L\u00f3pez y Manuel Riesco es pa la cag\u00e1. Comparan lo q est\u00e1 haciendo Marcel al subir las\u2026", "created_at": "2021-10-16T01:28:38.000Z", "author_id": "242450307", "id": "1449185483452342275", "edit_history_tweet_ids": ["1449185483452342275"]}, {"text": "@Migma61 @ignaciobriones_ @jfauda Porque aumenta tanto la oferta como la demanda, es decir se mantiene el equilibrio. Amigo, de verdad hay que escuchar a economistas serios y no a los chantas de la fundaci\u00f3n lol o al wea del Ramon Lopez.", "created_at": "2021-10-16T01:26:44.000Z", "author_id": "37682334", "id": "1449185005679230978", "edit_history_tweet_ids": ["1449185005679230978"]}, {"text": "RT @HireHeroesUSA: As the most senior enlisted member of the military, SEAC Ram\u00f3n \"CZ\" Col\u00f3n-L\u00f3pez, a native of Ponce, Puerto Rico, underst\u2026", "created_at": "2021-10-16T01:25:54.000Z", "author_id": "733804217148801024", "id": "1449184796387823618", "edit_history_tweet_ids": ["1449184796387823618"]}, {"text": "RT @IPerezTuesta: No s\u00e9 qu\u00e9 tanto l\u00edo por lo del nombre. Yo conozco uno que no se complicaba: en el carnet ten\u00eda 3 (Augusto Jos\u00e9 Ram\u00f3n), cu\u2026", "created_at": "2021-10-16T01:25:33.000Z", "author_id": "544483914", "id": "1449184707711700998", "edit_history_tweet_ids": ["1449184707711700998"]}, {"text": "RT @IPerezTuesta: No s\u00e9 qu\u00e9 tanto l\u00edo por lo del nombre. Yo conozco uno que no se complicaba: en el carnet ten\u00eda 3 (Augusto Jos\u00e9 Ram\u00f3n), cu\u2026", "created_at": "2021-10-16T01:25:16.000Z", "author_id": "874473687981883392", "id": "1449184637624848387", "edit_history_tweet_ids": ["1449184637624848387"]}, {"text": "RT @SENABoyaca: #SENARindeCuentas || El Director regional Ram\u00f3n Vargas L\u00f3pez y el equipo directivo del #SENABoyac\u00e1, realizaron el ejercicio\u2026", "created_at": "2021-10-16T01:23:41.000Z", "author_id": "1596671887", "id": "1449184238901809155", "edit_history_tweet_ids": ["1449184238901809155"]}, {"text": "RT @IPerezTuesta: No s\u00e9 qu\u00e9 tanto l\u00edo por lo del nombre. Yo conozco uno que no se complicaba: en el carnet ten\u00eda 3 (Augusto Jos\u00e9 Ram\u00f3n), cu\u2026", "created_at": "2021-10-16T01:23:40.000Z", "author_id": "1258381648896327680", "id": "1449184234443268096", "edit_history_tweet_ids": ["1449184234443268096"]}, {"text": "@EconomistaFlait Ramon Lopez es Marxista.", "created_at": "2021-10-16T01:22:00.000Z", "author_id": "231300452", "id": "1449183814144573443", "edit_history_tweet_ids": ["1449183814144573443"]}, {"text": "RT @SENABoyaca: #SENARindeCuentas || El Director regional Ram\u00f3n Vargas L\u00f3pez y el equipo directivo del #SENABoyac\u00e1, realizaron el ejercicio\u2026", "created_at": "2021-10-16T01:19:51.000Z", "author_id": "1092519135572099072", "id": "1449183274316742656", "edit_history_tweet_ids": ["1449183274316742656"]}, {"text": "En la sesi\u00f3n de hoy tuvimos el honor de escuchar al Dr. Ram\u00f3n L\u00f3pez Villica\u00f1a, quien nos comparti\u00f3 un poco de su conocimiento sobre un pedazo de nuestra historia universal. \n\nY t\u00fa \u00bfSab\u00edas sobre la historia de Palestina? \ud83d\uddfa\ufe0f https://t.co/g3U3XNwlQg", "created_at": "2021-10-16T01:18:12.000Z", "author_id": "1445278790003855362", "id": "1449182857943998466", "edit_history_tweet_ids": ["1449182857943998466"]}, {"text": "RT @IPerezTuesta: No s\u00e9 qu\u00e9 tanto l\u00edo por lo del nombre. Yo conozco uno que no se complicaba: en el carnet ten\u00eda 3 (Augusto Jos\u00e9 Ram\u00f3n), cu\u2026", "created_at": "2021-10-16T01:17:42.000Z", "author_id": "955139023118446592", "id": "1449182730139357185", "edit_history_tweet_ids": ["1449182730139357185"]}, {"text": "RT @EconomistaFlait: De Manuel Riesco, lo entiendo, el wn es Comunista, chanta y se ha pegao wenas pas\u00e1s pitiandose we\u00e1s (AFP Magister, sis\u2026", "created_at": "2021-10-16T01:14:06.000Z", "author_id": "596576442", "id": "1449181826820411392", "edit_history_tweet_ids": ["1449181826820411392"]}, {"text": "RT @EconomistaFlait: El chanter\u00edo intelectual de Ram\u00f3n L\u00f3pez y Manuel Riesco es pa la cag\u00e1. Comparan lo q est\u00e1 haciendo Marcel al subir las\u2026", "created_at": "2021-10-16T01:13:36.000Z", "author_id": "596576442", "id": "1449181698336329733", "edit_history_tweet_ids": ["1449181698336329733"]}, {"text": "RT @Coke92: Boric negando presencia del PC en su gobierno, especialmente Ramon Lopez \ud83e\udd23\ud83e\udd23. Este no es cr\u00e9dulo, es hue... AD es 50% PC ni\u00f1o, e\u2026", "created_at": "2021-10-16T01:12:23.000Z", "author_id": "1319293271521202176", "id": "1449181393284595716", "edit_history_tweet_ids": ["1449181393284595716"]}, {"text": "RT @IPerezTuesta: No s\u00e9 qu\u00e9 tanto l\u00edo por lo del nombre. Yo conozco uno que no se complicaba: en el carnet ten\u00eda 3 (Augusto Jos\u00e9 Ram\u00f3n), cu\u2026", "created_at": "2021-10-16T01:11:11.000Z", "author_id": "2424465877", "id": "1449181093203169283", "edit_history_tweet_ids": ["1449181093203169283"]}, {"text": "RT @IPerezTuesta: No s\u00e9 qu\u00e9 tanto l\u00edo por lo del nombre. Yo conozco uno que no se complicaba: en el carnet ten\u00eda 3 (Augusto Jos\u00e9 Ram\u00f3n), cu\u2026", "created_at": "2021-10-16T01:08:36.000Z", "author_id": "1187669875008987136", "id": "1449180443912200196", "edit_history_tweet_ids": ["1449180443912200196"]}, {"text": "RT @IPerezTuesta: No s\u00e9 qu\u00e9 tanto l\u00edo por lo del nombre. Yo conozco uno que no se complicaba: en el carnet ten\u00eda 3 (Augusto Jos\u00e9 Ram\u00f3n), cu\u2026", "created_at": "2021-10-16T01:07:22.000Z", "author_id": "96863121", "id": "1449180132833251332", "edit_history_tweet_ids": ["1449180132833251332"]}, {"text": "RT @EconomistaFlait: El chanter\u00edo intelectual de Ram\u00f3n L\u00f3pez y Manuel Riesco es pa la cag\u00e1. Comparan lo q est\u00e1 haciendo Marcel al subir las\u2026", "created_at": "2021-10-16T01:05:00.000Z", "author_id": "1213058764367990784", "id": "1449179536537624581", "edit_history_tweet_ids": ["1449179536537624581"]}, {"text": "RT @IPerezTuesta: No s\u00e9 qu\u00e9 tanto l\u00edo por lo del nombre. Yo conozco uno que no se complicaba: en el carnet ten\u00eda 3 (Augusto Jos\u00e9 Ram\u00f3n), cu\u2026", "created_at": "2021-10-16T01:04:46.000Z", "author_id": "723851884944056320", "id": "1449179478370914309", "edit_history_tweet_ids": ["1449179478370914309"]}, {"text": "RT @PrensaComunitar: El abogado Ram\u00f3n Cadena, de la Comisi\u00f3n Internacional de Juristas, se\u00f1al\u00f3 que el proceso de Rudy L\u00f3pez Pablo es otro c\u2026", "created_at": "2021-10-16T01:04:23.000Z", "author_id": "1134139716469690368", "id": "1449179381306384385", "edit_history_tweet_ids": ["1449179381306384385"]}, {"text": "RT @EconomistaFlait: De Manuel Riesco, lo entiendo, el wn es Comunista, chanta y se ha pegao wenas pas\u00e1s pitiandose we\u00e1s (AFP Magister, sis\u2026", "created_at": "2021-10-16T01:03:34.000Z", "author_id": "3523603343", "id": "1449179174631919619", "edit_history_tweet_ids": ["1449179174631919619"]}, {"text": "RT @IPerezTuesta: No s\u00e9 qu\u00e9 tanto l\u00edo por lo del nombre. Yo conozco uno que no se complicaba: en el carnet ten\u00eda 3 (Augusto Jos\u00e9 Ram\u00f3n), cu\u2026", "created_at": "2021-10-16T01:03:31.000Z", "author_id": "135388346", "id": "1449179163542245376", "edit_history_tweet_ids": ["1449179163542245376"]}, {"text": "RT @EconomistaFlait: El chanter\u00edo intelectual de Ram\u00f3n L\u00f3pez y Manuel Riesco es pa la cag\u00e1. Comparan lo q est\u00e1 haciendo Marcel al subir las\u2026", "created_at": "2021-10-16T01:02:38.000Z", "author_id": "3523603343", "id": "1449178941537669121", "edit_history_tweet_ids": ["1449178941537669121"]}, {"text": "RT @EconomistaFlait: De Manuel Riesco, lo entiendo, el wn es Comunista, chanta y se ha pegao wenas pas\u00e1s pitiandose we\u00e1s (AFP Magister, sis\u2026", "created_at": "2021-10-16T01:01:15.000Z", "author_id": "99730412", "id": "1449178590801715203", "edit_history_tweet_ids": ["1449178590801715203"]}, {"text": "RT @EconomistaFlait: El chanter\u00edo intelectual de Ram\u00f3n L\u00f3pez y Manuel Riesco es pa la cag\u00e1. Comparan lo q est\u00e1 haciendo Marcel al subir las\u2026", "created_at": "2021-10-16T01:00:21.000Z", "author_id": "99730412", "id": "1449178365156528128", "edit_history_tweet_ids": ["1449178365156528128"]}, {"text": "RT @EconomistaFlait: El chanter\u00edo intelectual de Ram\u00f3n L\u00f3pez y Manuel Riesco es pa la cag\u00e1. Comparan lo q est\u00e1 haciendo Marcel al subir las\u2026", "created_at": "2021-10-16T00:58:36.000Z", "author_id": "1397311599661170688", "id": "1449177927220744193", "edit_history_tweet_ids": ["1449177927220744193"]}, {"text": "RT @EconomistaFlait: De Manuel Riesco, lo entiendo, el wn es Comunista, chanta y se ha pegao wenas pas\u00e1s pitiandose we\u00e1s (AFP Magister, sis\u2026", "created_at": "2021-10-16T00:55:43.000Z", "author_id": "435186107", "id": "1449177200691843075", "edit_history_tweet_ids": ["1449177200691843075"]}, {"text": "RT @EconomistaFlait: El chanter\u00edo intelectual de Ram\u00f3n L\u00f3pez y Manuel Riesco es pa la cag\u00e1. Comparan lo q est\u00e1 haciendo Marcel al subir las\u2026", "created_at": "2021-10-16T00:55:12.000Z", "author_id": "435186107", "id": "1449177069770842116", "edit_history_tweet_ids": ["1449177069770842116"]}, {"text": "RT @IPerezTuesta: No s\u00e9 qu\u00e9 tanto l\u00edo por lo del nombre. Yo conozco uno que no se complicaba: en el carnet ten\u00eda 3 (Augusto Jos\u00e9 Ram\u00f3n), cu\u2026", "created_at": "2021-10-16T00:52:52.000Z", "author_id": "108342872", "id": "1449176481859395596", "edit_history_tweet_ids": ["1449176481859395596"]}, {"text": "RT @IPerezTuesta: No s\u00e9 qu\u00e9 tanto l\u00edo por lo del nombre. Yo conozco uno que no se complicaba: en el carnet ten\u00eda 3 (Augusto Jos\u00e9 Ram\u00f3n), cu\u2026", "created_at": "2021-10-16T00:52:17.000Z", "author_id": "1313317259415375872", "id": "1449176335063023618", "edit_history_tweet_ids": ["1449176335063023618"]}, {"text": "RT @IPerezTuesta: No s\u00e9 qu\u00e9 tanto l\u00edo por lo del nombre. Yo conozco uno que no se complicaba: en el carnet ten\u00eda 3 (Augusto Jos\u00e9 Ram\u00f3n), cu\u2026", "created_at": "2021-10-16T00:50:10.000Z", "author_id": "927509401623318529", "id": "1449175804571623424", "edit_history_tweet_ids": ["1449175804571623424"]}, {"text": "RT @IPerezTuesta: No s\u00e9 qu\u00e9 tanto l\u00edo por lo del nombre. Yo conozco uno que no se complicaba: en el carnet ten\u00eda 3 (Augusto Jos\u00e9 Ram\u00f3n), cu\u2026", "created_at": "2021-10-16T00:49:49.000Z", "author_id": "164415269", "id": "1449175713479892999", "edit_history_tweet_ids": ["1449175713479892999"]}, {"text": "@jananeme Y no olvidemos que tuvimos un \"Augusto Jos\u00e9 Ram\u00f3n\" que gobern\u00f3 Chile. Aunque al final lo conocimos con otro nombre y apellido: Daniel L\u00f3pez.", "created_at": "2021-10-16T00:49:36.000Z", "author_id": "1440786552544645121", "id": "1449175659557924865", "edit_history_tweet_ids": ["1449175659557924865"]}, {"text": "RT @catafernandezc: Me alegra escuchar a @gabrielboric en el #DebateARCHI validando el trabajo del Banco Central y de Mario Marcel (y desma\u2026", "created_at": "2021-10-16T00:38:30.000Z", "author_id": "104200024", "id": "1449172867061456897", "edit_history_tweet_ids": ["1449172867061456897"]}, {"text": "@baradit Jos\u00e9 Ram\u00f3n,\nRam\u00f3n Jos\u00e9, \nAugusto Jos\u00e9 Ram\u00f3n,\nDaniel Lopez \nDictador Genocida", "created_at": "2021-10-16T00:38:00.000Z", "author_id": "734912527457497088", "id": "1449172741538516994", "edit_history_tweet_ids": ["1449172741538516994"]}, {"text": "RT @SENABoyaca: #SENARindeCuentas || El Director regional Ram\u00f3n Vargas L\u00f3pez y el equipo directivo del #SENABoyac\u00e1, realizaron el ejercicio\u2026", "created_at": "2021-10-16T00:36:03.000Z", "author_id": "535020357", "id": "1449172249379065858", "edit_history_tweet_ids": ["1449172249379065858"]}, {"text": "RT @PrensaComunitar: El abogado Ram\u00f3n Cadena, de la Comisi\u00f3n Internacional de Juristas, se\u00f1al\u00f3 que el proceso de Rudy L\u00f3pez Pablo es otro c\u2026", "created_at": "2021-10-16T00:36:01.000Z", "author_id": "849908472", "id": "1449172241267281922", "edit_history_tweet_ids": ["1449172241267281922"]}, {"text": "RT @IPerezTuesta: No s\u00e9 qu\u00e9 tanto l\u00edo por lo del nombre. Yo conozco uno que no se complicaba: en el carnet ten\u00eda 3 (Augusto Jos\u00e9 Ram\u00f3n), cu\u2026", "created_at": "2021-10-16T00:35:03.000Z", "author_id": "1205575207353753602", "id": "1449171998186164224", "edit_history_tweet_ids": ["1449171998186164224"]}, {"text": "@renenaranjo @CristianValdivi Na.... bullying es llamarse Miguel Juan Sebasti\u00e1n y decirle Sebasti\u00e1n... o Augusto Jos\u00e9 Ram\u00f3n y decirle Daniel L\u00f3pez.... po...", "created_at": "2021-10-16T00:34:01.000Z", "author_id": "914875734346346502", "id": "1449171740886712330", "edit_history_tweet_ids": ["1449171740886712330"]}, {"text": "RT @IPerezTuesta: No s\u00e9 qu\u00e9 tanto l\u00edo por lo del nombre. Yo conozco uno que no se complicaba: en el carnet ten\u00eda 3 (Augusto Jos\u00e9 Ram\u00f3n), cu\u2026", "created_at": "2021-10-16T00:30:24.000Z", "author_id": "186220915", "id": "1449170828755542021", "edit_history_tweet_ids": ["1449170828755542021"]}, {"text": "RT @EconomistaFlait: El chanter\u00edo intelectual de Ram\u00f3n L\u00f3pez y Manuel Riesco es pa la cag\u00e1. Comparan lo q est\u00e1 haciendo Marcel al subir las\u2026", "created_at": "2021-10-16T00:28:01.000Z", "author_id": "1284708048469135362", "id": "1449170229150437377", "edit_history_tweet_ids": ["1449170229150437377"]}, {"text": "RT @IPerezTuesta: No s\u00e9 qu\u00e9 tanto l\u00edo por lo del nombre. Yo conozco uno que no se complicaba: en el carnet ten\u00eda 3 (Augusto Jos\u00e9 Ram\u00f3n), cu\u2026", "created_at": "2021-10-16T00:28:01.000Z", "author_id": "286222881", "id": "1449170228168912898", "edit_history_tweet_ids": ["1449170228168912898"]}, {"text": "RT @IPerezTuesta: No s\u00e9 qu\u00e9 tanto l\u00edo por lo del nombre. Yo conozco uno que no se complicaba: en el carnet ten\u00eda 3 (Augusto Jos\u00e9 Ram\u00f3n), cu\u2026", "created_at": "2021-10-16T00:27:37.000Z", "author_id": "32936264", "id": "1449170127761526786", "edit_history_tweet_ids": ["1449170127761526786"]}, {"text": "RT @IPerezTuesta: No s\u00e9 qu\u00e9 tanto l\u00edo por lo del nombre. Yo conozco uno que no se complicaba: en el carnet ten\u00eda 3 (Augusto Jos\u00e9 Ram\u00f3n), cu\u2026", "created_at": "2021-10-16T00:26:51.000Z", "author_id": "112465879", "id": "1449169935792439303", "edit_history_tweet_ids": ["1449169935792439303"]}, {"text": "RT @IPerezTuesta: No s\u00e9 qu\u00e9 tanto l\u00edo por lo del nombre. Yo conozco uno que no se complicaba: en el carnet ten\u00eda 3 (Augusto Jos\u00e9 Ram\u00f3n), cu\u2026", "created_at": "2021-10-16T00:26:32.000Z", "author_id": "928016830727360512", "id": "1449169854792028163", "edit_history_tweet_ids": ["1449169854792028163"]}, {"text": "RT @IPerezTuesta: No s\u00e9 qu\u00e9 tanto l\u00edo por lo del nombre. Yo conozco uno que no se complicaba: en el carnet ten\u00eda 3 (Augusto Jos\u00e9 Ram\u00f3n), cu\u2026", "created_at": "2021-10-16T00:26:19.000Z", "author_id": "1198703090939125765", "id": "1449169799028908042", "edit_history_tweet_ids": ["1449169799028908042"]}, {"text": "RT @IPerezTuesta: No s\u00e9 qu\u00e9 tanto l\u00edo por lo del nombre. Yo conozco uno que no se complicaba: en el carnet ten\u00eda 3 (Augusto Jos\u00e9 Ram\u00f3n), cu\u2026", "created_at": "2021-10-16T00:25:42.000Z", "author_id": "85225400", "id": "1449169644510613507", "edit_history_tweet_ids": ["1449169644510613507"]}, {"text": "RT @IPerezTuesta: No s\u00e9 qu\u00e9 tanto l\u00edo por lo del nombre. Yo conozco uno que no se complicaba: en el carnet ten\u00eda 3 (Augusto Jos\u00e9 Ram\u00f3n), cu\u2026", "created_at": "2021-10-16T00:24:42.000Z", "author_id": "133103759", "id": "1449169394760916994", "edit_history_tweet_ids": ["1449169394760916994"]}, {"text": "RT @IPerezTuesta: No s\u00e9 qu\u00e9 tanto l\u00edo por lo del nombre. Yo conozco uno que no se complicaba: en el carnet ten\u00eda 3 (Augusto Jos\u00e9 Ram\u00f3n), cu\u2026", "created_at": "2021-10-16T00:24:25.000Z", "author_id": "57649411", "id": "1449169321775800324", "edit_history_tweet_ids": ["1449169321775800324"]}, {"text": "RT @IPerezTuesta: No s\u00e9 qu\u00e9 tanto l\u00edo por lo del nombre. Yo conozco uno que no se complicaba: en el carnet ten\u00eda 3 (Augusto Jos\u00e9 Ram\u00f3n), cu\u2026", "created_at": "2021-10-16T00:24:14.000Z", "author_id": "1379254100005634048", "id": "1449169278628888576", "edit_history_tweet_ids": ["1449169278628888576"]}, {"text": "RT @IPerezTuesta: No s\u00e9 qu\u00e9 tanto l\u00edo por lo del nombre. Yo conozco uno que no se complicaba: en el carnet ten\u00eda 3 (Augusto Jos\u00e9 Ram\u00f3n), cu\u2026", "created_at": "2021-10-16T00:21:30.000Z", "author_id": "1186098815109074945", "id": "1449168587319611396", "edit_history_tweet_ids": ["1449168587319611396"]}, {"text": "RT @IPerezTuesta: No s\u00e9 qu\u00e9 tanto l\u00edo por lo del nombre. Yo conozco uno que no se complicaba: en el carnet ten\u00eda 3 (Augusto Jos\u00e9 Ram\u00f3n), cu\u2026", "created_at": "2021-10-16T00:21:23.000Z", "author_id": "197281358", "id": "1449168557917413386", "edit_history_tweet_ids": ["1449168557917413386"]}, {"text": "RT @IPerezTuesta: No s\u00e9 qu\u00e9 tanto l\u00edo por lo del nombre. Yo conozco uno que no se complicaba: en el carnet ten\u00eda 3 (Augusto Jos\u00e9 Ram\u00f3n), cu\u2026", "created_at": "2021-10-16T00:20:14.000Z", "author_id": "104804066", "id": "1449168270657998862", "edit_history_tweet_ids": ["1449168270657998862"]}, {"text": "RT @IPerezTuesta: No s\u00e9 qu\u00e9 tanto l\u00edo por lo del nombre. Yo conozco uno que no se complicaba: en el carnet ten\u00eda 3 (Augusto Jos\u00e9 Ram\u00f3n), cu\u2026", "created_at": "2021-10-16T00:19:44.000Z", "author_id": "64812935", "id": "1449168143717335043", "edit_history_tweet_ids": ["1449168143717335043"]}, {"text": "RT @IPerezTuesta: No s\u00e9 qu\u00e9 tanto l\u00edo por lo del nombre. Yo conozco uno que no se complicaba: en el carnet ten\u00eda 3 (Augusto Jos\u00e9 Ram\u00f3n), cu\u2026", "created_at": "2021-10-16T00:19:38.000Z", "author_id": "397722155", "id": "1449168119834939392", "edit_history_tweet_ids": ["1449168119834939392"]}, {"text": "RT @SecDef: On this final day of #HispanicHeritageMonth , I'd like to recognize our very own Senior Enlisted Advisor to the Chairman (SEAC)\u2026", "created_at": "2021-10-16T00:18:59.000Z", "author_id": "1861846802", "id": "1449167955690917895", "edit_history_tweet_ids": ["1449167955690917895"]}, {"text": "RT @PrensaComunitar: El abogado Ram\u00f3n Cadena, de la Comisi\u00f3n Internacional de Juristas, se\u00f1al\u00f3 que el proceso de Rudy L\u00f3pez Pablo es otro c\u2026", "created_at": "2021-10-16T00:18:51.000Z", "author_id": "973260949", "id": "1449167924015603720", "edit_history_tweet_ids": ["1449167924015603720"]}, {"text": "RT @IPerezTuesta: No s\u00e9 qu\u00e9 tanto l\u00edo por lo del nombre. Yo conozco uno que no se complicaba: en el carnet ten\u00eda 3 (Augusto Jos\u00e9 Ram\u00f3n), cu\u2026", "created_at": "2021-10-16T00:17:52.000Z", "author_id": "1331760906368331776", "id": "1449167675540791305", "edit_history_tweet_ids": ["1449167675540791305"]}, {"text": "RT @EconomistaFlait: De Manuel Riesco, lo entiendo, el wn es Comunista, chanta y se ha pegao wenas pas\u00e1s pitiandose we\u00e1s (AFP Magister, sis\u2026", "created_at": "2021-10-16T00:17:49.000Z", "author_id": "1062114097", "id": "1449167662295097345", "edit_history_tweet_ids": ["1449167662295097345"]}, {"text": "RT @IPerezTuesta: No s\u00e9 qu\u00e9 tanto l\u00edo por lo del nombre. Yo conozco uno que no se complicaba: en el carnet ten\u00eda 3 (Augusto Jos\u00e9 Ram\u00f3n), cu\u2026", "created_at": "2021-10-16T00:16:16.000Z", "author_id": "1194134609933611009", "id": "1449167270329176066", "edit_history_tweet_ids": ["1449167270329176066"]}, {"text": "RT @IPerezTuesta: No s\u00e9 qu\u00e9 tanto l\u00edo por lo del nombre. Yo conozco uno que no se complicaba: en el carnet ten\u00eda 3 (Augusto Jos\u00e9 Ram\u00f3n), cu\u2026", "created_at": "2021-10-16T00:15:01.000Z", "author_id": "3537052209", "id": "1449166956607725569", "edit_history_tweet_ids": ["1449166956607725569"]}, {"text": "RT @IPerezTuesta: No s\u00e9 qu\u00e9 tanto l\u00edo por lo del nombre. Yo conozco uno que no se complicaba: en el carnet ten\u00eda 3 (Augusto Jos\u00e9 Ram\u00f3n), cu\u2026", "created_at": "2021-10-16T00:13:33.000Z", "author_id": "158221108", "id": "1449166586200346628", "edit_history_tweet_ids": ["1449166586200346628"]}, {"text": "RT @IPerezTuesta: No s\u00e9 qu\u00e9 tanto l\u00edo por lo del nombre. Yo conozco uno que no se complicaba: en el carnet ten\u00eda 3 (Augusto Jos\u00e9 Ram\u00f3n), cu\u2026", "created_at": "2021-10-16T00:12:51.000Z", "author_id": "161784688", "id": "1449166413826985984", "edit_history_tweet_ids": ["1449166413826985984"]}, {"text": "RT @EconomistaFlait: El chanter\u00edo intelectual de Ram\u00f3n L\u00f3pez y Manuel Riesco es pa la cag\u00e1. Comparan lo q est\u00e1 haciendo Marcel al subir las\u2026", "created_at": "2021-10-16T00:11:39.000Z", "author_id": "331011512", "id": "1449166111841431555", "edit_history_tweet_ids": ["1449166111841431555"]}, {"text": "RT @IPerezTuesta: No s\u00e9 qu\u00e9 tanto l\u00edo por lo del nombre. Yo conozco uno que no se complicaba: en el carnet ten\u00eda 3 (Augusto Jos\u00e9 Ram\u00f3n), cu\u2026", "created_at": "2021-10-16T00:11:05.000Z", "author_id": "1312418644543102977", "id": "1449165965732818945", "edit_history_tweet_ids": ["1449165965732818945"]}, {"text": "RT @IPerezTuesta: No s\u00e9 qu\u00e9 tanto l\u00edo por lo del nombre. Yo conozco uno que no se complicaba: en el carnet ten\u00eda 3 (Augusto Jos\u00e9 Ram\u00f3n), cu\u2026", "created_at": "2021-10-16T00:09:16.000Z", "author_id": "830215764", "id": "1449165511174934534", "edit_history_tweet_ids": ["1449165511174934534"]}, {"text": "RT @SecDef: On this final day of #HispanicHeritageMonth , I'd like to recognize our very own Senior Enlisted Advisor to the Chairman (SEAC)\u2026", "created_at": "2021-10-16T00:09:11.000Z", "author_id": "1371822235082752000", "id": "1449165488005820417", "edit_history_tweet_ids": ["1449165488005820417"]}, {"text": "RT @IPerezTuesta: No s\u00e9 qu\u00e9 tanto l\u00edo por lo del nombre. Yo conozco uno que no se complicaba: en el carnet ten\u00eda 3 (Augusto Jos\u00e9 Ram\u00f3n), cu\u2026", "created_at": "2021-10-16T00:09:11.000Z", "author_id": "76815658", "id": "1449165487728959492", "edit_history_tweet_ids": ["1449165487728959492"]}, {"text": "RT @IPerezTuesta: No s\u00e9 qu\u00e9 tanto l\u00edo por lo del nombre. Yo conozco uno que no se complicaba: en el carnet ten\u00eda 3 (Augusto Jos\u00e9 Ram\u00f3n), cu\u2026", "created_at": "2021-10-16T00:08:55.000Z", "author_id": "187799862", "id": "1449165420125044739", "edit_history_tweet_ids": ["1449165420125044739"]}, {"text": "RT @EconomistaFlait: El chanter\u00edo intelectual de Ram\u00f3n L\u00f3pez y Manuel Riesco es pa la cag\u00e1. Comparan lo q est\u00e1 haciendo Marcel al subir las\u2026", "created_at": "2021-10-16T00:08:53.000Z", "author_id": "27022118", "id": "1449165413250580482", "edit_history_tweet_ids": ["1449165413250580482"]}, {"text": "RT @IPerezTuesta: No s\u00e9 qu\u00e9 tanto l\u00edo por lo del nombre. Yo conozco uno que no se complicaba: en el carnet ten\u00eda 3 (Augusto Jos\u00e9 Ram\u00f3n), cu\u2026", "created_at": "2021-10-16T00:08:27.000Z", "author_id": "118120127", "id": "1449165305779871758", "edit_history_tweet_ids": ["1449165305779871758"]}, {"text": "RT @IPerezTuesta: No s\u00e9 qu\u00e9 tanto l\u00edo por lo del nombre. Yo conozco uno que no se complicaba: en el carnet ten\u00eda 3 (Augusto Jos\u00e9 Ram\u00f3n), cu\u2026", "created_at": "2021-10-16T00:06:55.000Z", "author_id": "296274691", "id": "1449164917295124480", "edit_history_tweet_ids": ["1449164917295124480"]}, {"text": "RT @IPerezTuesta: No s\u00e9 qu\u00e9 tanto l\u00edo por lo del nombre. Yo conozco uno que no se complicaba: en el carnet ten\u00eda 3 (Augusto Jos\u00e9 Ram\u00f3n), cu\u2026", "created_at": "2021-10-16T00:06:46.000Z", "author_id": "1186426824370380800", "id": "1449164880460664832", "edit_history_tweet_ids": ["1449164880460664832"]}, {"text": "RT @IPerezTuesta: No s\u00e9 qu\u00e9 tanto l\u00edo por lo del nombre. Yo conozco uno que no se complicaba: en el carnet ten\u00eda 3 (Augusto Jos\u00e9 Ram\u00f3n), cu\u2026", "created_at": "2021-10-16T00:06:15.000Z", "author_id": "939321882989428738", "id": "1449164750445760517", "edit_history_tweet_ids": ["1449164750445760517"]}, {"text": "RT @PrensaComunitar: El abogado Ram\u00f3n Cadena, de la Comisi\u00f3n Internacional de Juristas, se\u00f1al\u00f3 que el proceso de Rudy L\u00f3pez Pablo es otro c\u2026", "created_at": "2021-10-16T00:05:56.000Z", "author_id": "218001364", "id": "1449164670921740294", "edit_history_tweet_ids": ["1449164670921740294"]}, {"text": "RT @IPerezTuesta: No s\u00e9 qu\u00e9 tanto l\u00edo por lo del nombre. Yo conozco uno que no se complicaba: en el carnet ten\u00eda 3 (Augusto Jos\u00e9 Ram\u00f3n), cu\u2026", "created_at": "2021-10-16T00:05:35.000Z", "author_id": "344223381", "id": "1449164585253015552", "edit_history_tweet_ids": ["1449164585253015552"]}, {"text": "RT @EconomistaFlait: El chanter\u00edo intelectual de Ram\u00f3n L\u00f3pez y Manuel Riesco es pa la cag\u00e1. Comparan lo q est\u00e1 haciendo Marcel al subir las\u2026", "created_at": "2021-10-16T00:05:10.000Z", "author_id": "72204718", "id": "1449164477379727362", "edit_history_tweet_ids": ["1449164477379727362"]}, {"text": "RT @IPerezTuesta: No s\u00e9 qu\u00e9 tanto l\u00edo por lo del nombre. Yo conozco uno que no se complicaba: en el carnet ten\u00eda 3 (Augusto Jos\u00e9 Ram\u00f3n), cu\u2026", "created_at": "2021-10-16T00:04:20.000Z", "author_id": "114824578", "id": "1449164266699952128", "edit_history_tweet_ids": ["1449164266699952128"]}, {"text": "RT @IPerezTuesta: No s\u00e9 qu\u00e9 tanto l\u00edo por lo del nombre. Yo conozco uno que no se complicaba: en el carnet ten\u00eda 3 (Augusto Jos\u00e9 Ram\u00f3n), cu\u2026", "created_at": "2021-10-16T00:04:18.000Z", "author_id": "261163659", "id": "1449164260324429824", "edit_history_tweet_ids": ["1449164260324429824"]}, {"text": "@CRubicon2 @DrLorenzoMeyer \u00bfJos\u00e9 Ram\u00f3n L\u00f3pez? Se llama igual que el \"orgullo de su nepotismo\" de L\u00f3pez Portillo. Qu\u00e9 curioso. Bueno, ni tanto.", "created_at": "2021-10-16T00:04:16.000Z", "author_id": "70484549", "id": "1449164250518208513", "edit_history_tweet_ids": ["1449164250518208513"]}, {"text": "RT @IPerezTuesta: No s\u00e9 qu\u00e9 tanto l\u00edo por lo del nombre. Yo conozco uno que no se complicaba: en el carnet ten\u00eda 3 (Augusto Jos\u00e9 Ram\u00f3n), cu\u2026", "created_at": "2021-10-16T00:04:05.000Z", "author_id": "1221540699788713984", "id": "1449164205509074947", "edit_history_tweet_ids": ["1449164205509074947"]}, {"text": "RT @IPerezTuesta: No s\u00e9 qu\u00e9 tanto l\u00edo por lo del nombre. Yo conozco uno que no se complicaba: en el carnet ten\u00eda 3 (Augusto Jos\u00e9 Ram\u00f3n), cu\u2026", "created_at": "2021-10-16T00:03:51.000Z", "author_id": "1198684098237206535", "id": "1449164149133508610", "edit_history_tweet_ids": ["1449164149133508610"]}, {"text": "RT @IPerezTuesta: No s\u00e9 qu\u00e9 tanto l\u00edo por lo del nombre. Yo conozco uno que no se complicaba: en el carnet ten\u00eda 3 (Augusto Jos\u00e9 Ram\u00f3n), cu\u2026", "created_at": "2021-10-16T00:03:42.000Z", "author_id": "2548121602", "id": "1449164107375067137", "edit_history_tweet_ids": ["1449164107375067137"]}, {"text": "RT @IPerezTuesta: No s\u00e9 qu\u00e9 tanto l\u00edo por lo del nombre. Yo conozco uno que no se complicaba: en el carnet ten\u00eda 3 (Augusto Jos\u00e9 Ram\u00f3n), cu\u2026", "created_at": "2021-10-16T00:03:18.000Z", "author_id": "105140572", "id": "1449164009718968320", "edit_history_tweet_ids": ["1449164009718968320"]}, {"text": "RT @IPerezTuesta: No s\u00e9 qu\u00e9 tanto l\u00edo por lo del nombre. Yo conozco uno que no se complicaba: en el carnet ten\u00eda 3 (Augusto Jos\u00e9 Ram\u00f3n), cu\u2026", "created_at": "2021-10-16T00:02:44.000Z", "author_id": "1207077421293481985", "id": "1449163865120329733", "edit_history_tweet_ids": ["1449163865120329733"]}, {"text": "RT @IPerezTuesta: No s\u00e9 qu\u00e9 tanto l\u00edo por lo del nombre. Yo conozco uno que no se complicaba: en el carnet ten\u00eda 3 (Augusto Jos\u00e9 Ram\u00f3n), cu\u2026", "created_at": "2021-10-16T00:02:11.000Z", "author_id": "586347795", "id": "1449163727165538309", "edit_history_tweet_ids": ["1449163727165538309"]}, {"text": "RT @IPerezTuesta: No s\u00e9 qu\u00e9 tanto l\u00edo por lo del nombre. Yo conozco uno que no se complicaba: en el carnet ten\u00eda 3 (Augusto Jos\u00e9 Ram\u00f3n), cu\u2026", "created_at": "2021-10-16T00:01:22.000Z", "author_id": "1239950451300282370", "id": "1449163521283923968", "edit_history_tweet_ids": ["1449163521283923968"]}, {"text": "RT @IPerezTuesta: No s\u00e9 qu\u00e9 tanto l\u00edo por lo del nombre. Yo conozco uno que no se complicaba: en el carnet ten\u00eda 3 (Augusto Jos\u00e9 Ram\u00f3n), cu\u2026", "created_at": "2021-10-16T00:01:05.000Z", "author_id": "2444405844", "id": "1449163449066348546", "edit_history_tweet_ids": ["1449163449066348546"]}, {"text": "RT @IPerezTuesta: No s\u00e9 qu\u00e9 tanto l\u00edo por lo del nombre. Yo conozco uno que no se complicaba: en el carnet ten\u00eda 3 (Augusto Jos\u00e9 Ram\u00f3n), cu\u2026", "created_at": "2021-10-15T23:59:20.000Z", "author_id": "739140064802951168", "id": "1449163010250055684", "edit_history_tweet_ids": ["1449163010250055684"]}, {"text": "RT @IPerezTuesta: No s\u00e9 qu\u00e9 tanto l\u00edo por lo del nombre. Yo conozco uno que no se complicaba: en el carnet ten\u00eda 3 (Augusto Jos\u00e9 Ram\u00f3n), cu\u2026", "created_at": "2021-10-15T23:58:34.000Z", "author_id": "53124378", "id": "1449162818809335809", "edit_history_tweet_ids": ["1449162818809335809"]}, {"text": "RT @EconomistaFlait: El chanter\u00edo intelectual de Ram\u00f3n L\u00f3pez y Manuel Riesco es pa la cag\u00e1. Comparan lo q est\u00e1 haciendo Marcel al subir las\u2026", "created_at": "2021-10-15T23:58:06.000Z", "author_id": "67387691", "id": "1449162700563517442", "edit_history_tweet_ids": ["1449162700563517442"]}, {"text": "RT @IPerezTuesta: No s\u00e9 qu\u00e9 tanto l\u00edo por lo del nombre. Yo conozco uno que no se complicaba: en el carnet ten\u00eda 3 (Augusto Jos\u00e9 Ram\u00f3n), cu\u2026", "created_at": "2021-10-15T23:57:54.000Z", "author_id": "55987540", "id": "1449162647795113989", "edit_history_tweet_ids": ["1449162647795113989"]}, {"text": "RT @IPerezTuesta: No s\u00e9 qu\u00e9 tanto l\u00edo por lo del nombre. Yo conozco uno que no se complicaba: en el carnet ten\u00eda 3 (Augusto Jos\u00e9 Ram\u00f3n), cu\u2026", "created_at": "2021-10-15T23:57:01.000Z", "author_id": "52383998", "id": "1449162427342282756", "edit_history_tweet_ids": ["1449162427342282756"]}, {"text": "RT @IPerezTuesta: No s\u00e9 qu\u00e9 tanto l\u00edo por lo del nombre. Yo conozco uno que no se complicaba: en el carnet ten\u00eda 3 (Augusto Jos\u00e9 Ram\u00f3n), cu\u2026", "created_at": "2021-10-15T23:55:17.000Z", "author_id": "119133379", "id": "1449161990132273152", "edit_history_tweet_ids": ["1449161990132273152"]}], "meta": {"newest_id": "1449186129241067522", "oldest_id": "1449161990132273152", "result_count": 96, "next_token": "b26v89c19zqg8o3fpds9suj5r0v16v8annx3f9ecgipod"}}