{"data": [{"author_id": "1191722137704374273", "text": "RT @EconomistaFlait: El chanter\u00edo intelectual de Ram\u00f3n L\u00f3pez y Manuel Riesco es pa la cag\u00e1. Comparan lo q est\u00e1 haciendo Marcel al subir las\u2026", "edit_history_tweet_ids": ["1449090308474613762"], "id": "1449090308474613762", "created_at": "2021-10-15T19:10:26.000Z"}, {"author_id": "1191722137704374273", "text": "RT @EconomistaFlait: De Manuel Riesco, lo entiendo, el wn es Comunista, chanta y se ha pegao wenas pas\u00e1s pitiandose we\u00e1s (AFP Magister, sis\u2026", "edit_history_tweet_ids": ["1449090258604339213"], "id": "1449090258604339213", "created_at": "2021-10-15T19:10:15.000Z"}, {"author_id": "3965371", "text": "RT @EconomistaFlait: El chanter\u00edo intelectual de Ram\u00f3n L\u00f3pez y Manuel Riesco es pa la cag\u00e1. Comparan lo q est\u00e1 haciendo Marcel al subir las\u2026", "edit_history_tweet_ids": ["1449090208285147137"], "id": "1449090208285147137", "created_at": "2021-10-15T19:10:03.000Z"}, {"author_id": "1090526066", "text": "RT @EconomistaFlait: El chanter\u00edo intelectual de Ram\u00f3n L\u00f3pez y Manuel Riesco es pa la cag\u00e1. Comparan lo q est\u00e1 haciendo Marcel al subir las\u2026", "edit_history_tweet_ids": ["1449090056757538818"], "id": "1449090056757538818", "created_at": "2021-10-15T19:09:26.000Z"}, {"author_id": "1090526066", "text": "RT @EconomistaFlait: De Manuel Riesco, lo entiendo, el wn es Comunista, chanta y se ha pegao wenas pas\u00e1s pitiandose we\u00e1s (AFP Magister, sis\u2026", "edit_history_tweet_ids": ["1449090040999464960"], "id": "1449090040999464960", "created_at": "2021-10-15T19:09:23.000Z"}, {"author_id": "138771170", "text": "RT @EconomistaFlait: El chanter\u00edo intelectual de Ram\u00f3n L\u00f3pez y Manuel Riesco es pa la cag\u00e1. Comparan lo q est\u00e1 haciendo Marcel al subir las\u2026", "edit_history_tweet_ids": ["1449090021709910016"], "id": "1449090021709910016", "created_at": "2021-10-15T19:09:18.000Z"}, {"author_id": "1089367345045430277", "text": "RT @EconomistaFlait: El chanter\u00edo intelectual de Ram\u00f3n L\u00f3pez y Manuel Riesco es pa la cag\u00e1. Comparan lo q est\u00e1 haciendo Marcel al subir las\u2026", "edit_history_tweet_ids": ["1449089910372126720"], "id": "1449089910372126720", "created_at": "2021-10-15T19:08:52.000Z"}, {"author_id": "1298286714390228996", "text": "RT @meganoticiascl: \ud83d\udd34 #Boric toma distancia de exasesor econ\u00f3mico de #Jadue: \"No es parte de mi comando y no es cercano a mi candidatura\" h\u2026", "edit_history_tweet_ids": ["1449089638451367937"], "id": "1449089638451367937", "created_at": "2021-10-15T19:07:47.000Z"}, {"author_id": "1374812095552831490", "text": "RT @SecDef: On this final day of #HispanicHeritageMonth , I'd like to recognize our very own Senior Enlisted Advisor to the Chairman (SEAC)\u2026", "edit_history_tweet_ids": ["1449089208833003522"], "id": "1449089208833003522", "created_at": "2021-10-15T19:06:04.000Z"}, {"author_id": "86121266", "text": "RT @catafernandezc: Me alegra escuchar a @gabrielboric en el #DebateARCHI validando el trabajo del Banco Central y de Mario Marcel (y desma\u2026", "edit_history_tweet_ids": ["1449088979219873797"], "id": "1449088979219873797", "created_at": "2021-10-15T19:05:10.000Z"}, {"author_id": "1369709457844953088", "text": "RT @EconomistaFlait: De Manuel Riesco, lo entiendo, el wn es Comunista, chanta y se ha pegao wenas pas\u00e1s pitiandose we\u00e1s (AFP Magister, sis\u2026", "edit_history_tweet_ids": ["1449088831374827521"], "id": "1449088831374827521", "created_at": "2021-10-15T19:04:34.000Z"}, {"author_id": "1369709457844953088", "text": "RT @EconomistaFlait: El chanter\u00edo intelectual de Ram\u00f3n L\u00f3pez y Manuel Riesco es pa la cag\u00e1. Comparan lo q est\u00e1 haciendo Marcel al subir las\u2026", "edit_history_tweet_ids": ["1449088757131407364"], "id": "1449088757131407364", "created_at": "2021-10-15T19:04:17.000Z"}, {"author_id": "1024857567992926208", "text": "RT @EconomistaFlait: El chanter\u00edo intelectual de Ram\u00f3n L\u00f3pez y Manuel Riesco es pa la cag\u00e1. Comparan lo q est\u00e1 haciendo Marcel al subir las\u2026", "edit_history_tweet_ids": ["1449088438213480452"], "id": "1449088438213480452", "created_at": "2021-10-15T19:03:01.000Z"}, {"author_id": "138077137", "text": "@renelf @Espelunco Oye si hasta Jadue se desmarc\u00f3 de Ram\u00f3n L\u00f3pez", "edit_history_tweet_ids": ["1449088273322627076"], "id": "1449088273322627076", "created_at": "2021-10-15T19:02:21.000Z"}, {"author_id": "147754329", "text": "RT @EconomistaFlait: El chanter\u00edo intelectual de Ram\u00f3n L\u00f3pez y Manuel Riesco es pa la cag\u00e1. Comparan lo q est\u00e1 haciendo Marcel al subir las\u2026", "edit_history_tweet_ids": ["1449088213776228356"], "id": "1449088213776228356", "created_at": "2021-10-15T19:02:07.000Z"}, {"author_id": "3536982622", "text": "RT @EconomistaFlait: De Manuel Riesco, lo entiendo, el wn es Comunista, chanta y se ha pegao wenas pas\u00e1s pitiandose we\u00e1s (AFP Magister, sis\u2026", "edit_history_tweet_ids": ["1449088173682745346"], "id": "1449088173682745346", "created_at": "2021-10-15T19:01:58.000Z"}, {"author_id": "103117108", "text": "RT @EconomistaFlait: El chanter\u00edo intelectual de Ram\u00f3n L\u00f3pez y Manuel Riesco es pa la cag\u00e1. Comparan lo q est\u00e1 haciendo Marcel al subir las\u2026", "edit_history_tweet_ids": ["1449088061459947523"], "id": "1449088061459947523", "created_at": "2021-10-15T19:01:31.000Z"}, {"author_id": "100555966", "text": "RT @EconomistaFlait: El chanter\u00edo intelectual de Ram\u00f3n L\u00f3pez y Manuel Riesco es pa la cag\u00e1. Comparan lo q est\u00e1 haciendo Marcel al subir las\u2026", "edit_history_tweet_ids": ["1449088048206069766"], "id": "1449088048206069766", "created_at": "2021-10-15T19:01:28.000Z"}, {"author_id": "400579091", "text": "De Manuel Riesco, lo entiendo, el wn es Comunista, chanta y se ha pegao wenas pas\u00e1s pitiandose we\u00e1s (AFP Magister, sistema AFP). Pero Ram\u00f3n L\u00f3pez es un acad\u00e9mico, y con prestigio en econom\u00eda agraria (aunque de macroeconom\u00eda cacha \ud83c\udf44\ud83e\udd5a) \u00bfNo le da verg\u00fcenza ser tan chanta al wn?.", "edit_history_tweet_ids": ["1449087851082121216"], "id": "1449087851082121216", "created_at": "2021-10-15T19:00:41.000Z"}, {"author_id": "934871259686502401", "text": "RT @meganoticiascl: \ud83d\udd34 #Boric toma distancia de exasesor econ\u00f3mico de #Jadue: \"No es parte de mi comando y no es cercano a mi candidatura\" h\u2026", "edit_history_tweet_ids": ["1449087430385180672"], "id": "1449087430385180672", "created_at": "2021-10-15T18:59:00.000Z"}, {"author_id": "2557965908", "text": "RT @catafernandezc: Me alegra escuchar a @gabrielboric en el #DebateARCHI validando el trabajo del Banco Central y de Mario Marcel (y desma\u2026", "edit_history_tweet_ids": ["1449085853930639365"], "id": "1449085853930639365", "created_at": "2021-10-15T18:52:44.000Z"}, {"author_id": "151950267", "text": "RT @Espelunco: Bien el Boris, quit\u00e1ndole el piso a Ram\u00f3n L\u00f3pez.\n*lo trolean", "edit_history_tweet_ids": ["1449085012913971203"], "id": "1449085012913971203", "created_at": "2021-10-15T18:49:24.000Z"}, {"author_id": "276953165", "text": "RT @meganoticiascl: \ud83d\udd34 #Boric toma distancia de exasesor econ\u00f3mico de #Jadue: \"No es parte de mi comando y no es cercano a mi candidatura\" h\u2026", "edit_history_tweet_ids": ["1449084790762659845"], "id": "1449084790762659845", "created_at": "2021-10-15T18:48:31.000Z"}, {"author_id": "967498061269348352", "text": "RT @SecDef: On this final day of #HispanicHeritageMonth , I'd like to recognize our very own Senior Enlisted Advisor to the Chairman (SEAC)\u2026", "edit_history_tweet_ids": ["1449082249215889413"], "id": "1449082249215889413", "created_at": "2021-10-15T18:38:25.000Z"}, {"author_id": "50379061", "text": "@artiagoitia No se en que est\u00e1n Guillermo Larra\u00edn y Rene Cort\u00e1zar, pero esas ideas tienen mas tinte de ram\u00f3n L\u00f3pez que de ellos xD", "edit_history_tweet_ids": ["1449081570833403909"], "id": "1449081570833403909", "created_at": "2021-10-15T18:35:43.000Z"}, {"author_id": "194668545", "text": "RT @ccifuentesh: Trat\u00e9 de ver las joyitas que se mand\u00f3 ayer el \"economista\" y profesor de la @fenuchile, Ram\u00f3n L\u00f3pez. No pude, me bloque\u00f3 \u00bf\u2026", "edit_history_tweet_ids": ["1449079730192494597"], "id": "1449079730192494597", "created_at": "2021-10-15T18:28:24.000Z"}, {"author_id": "822867895168466944", "text": "RT @SecDef: On this final day of #HispanicHeritageMonth , I'd like to recognize our very own Senior Enlisted Advisor to the Chairman (SEAC)\u2026", "edit_history_tweet_ids": ["1449079037914238978"], "id": "1449079037914238978", "created_at": "2021-10-15T18:25:39.000Z"}, {"author_id": "151950267", "text": "RT @catafernandezc: Me alegra escuchar a @gabrielboric en el #DebateARCHI validando el trabajo del Banco Central y de Mario Marcel (y desma\u2026", "edit_history_tweet_ids": ["1449077628850278402"], "id": "1449077628850278402", "created_at": "2021-10-15T18:20:03.000Z"}, {"author_id": "512370164", "text": "RT @meganoticiascl: \ud83d\udd34 #Boric toma distancia de exasesor econ\u00f3mico de #Jadue: \"No es parte de mi comando y no es cercano a mi candidatura\" h\u2026", "edit_history_tweet_ids": ["1449076939524767747"], "id": "1449076939524767747", "created_at": "2021-10-15T18:17:19.000Z"}, {"author_id": "826654342249840640", "text": "RT @SecDef: On this final day of #HispanicHeritageMonth , I'd like to recognize our very own Senior Enlisted Advisor to the Chairman (SEAC)\u2026", "edit_history_tweet_ids": ["1449076757504610307"], "id": "1449076757504610307", "created_at": "2021-10-15T18:16:36.000Z"}, {"author_id": "3361689645", "text": "RT @pelaocongatos: Gabriel Boric peg\u00e1ndole la desconocida total (nuevamente) a Ram\u00f3n L\u00f3pez JAJAJAJA, me encanta #DebateArchi", "edit_history_tweet_ids": ["1449076494601490435"], "id": "1449076494601490435", "created_at": "2021-10-15T18:15:33.000Z"}, {"author_id": "757104237931364352", "text": "RT @SecDef: On this final day of #HispanicHeritageMonth , I'd like to recognize our very own Senior Enlisted Advisor to the Chairman (SEAC)\u2026", "edit_history_tweet_ids": ["1449076321305436163"], "id": "1449076321305436163", "created_at": "2021-10-15T18:14:52.000Z"}, {"author_id": "1064861562631004160", "text": "RT @SecDef: On this final day of #HispanicHeritageMonth , I'd like to recognize our very own Senior Enlisted Advisor to the Chairman (SEAC)\u2026", "edit_history_tweet_ids": ["1449075984683122689"], "id": "1449075984683122689", "created_at": "2021-10-15T18:13:31.000Z"}, {"author_id": "397692154", "text": "Chihuahuas\n\u2022\n\u2022\n\u2022\n\u2022\n\u2022\n#chihuahua #chihuahuas #chihuahuasofinstagram #chihuahuadog #perritochihuahua #chihuahuapuppy #sinfiltro #nofilter en Jard\u00edn Ram\u00f3n L\u00f3pez Velarde https://t.co/krgdPdIJGS", "edit_history_tweet_ids": ["1449075845558112258"], "id": "1449075845558112258", "created_at": "2021-10-15T18:12:58.000Z"}, {"author_id": "1309257625306050565", "text": "RT @meganoticiascl: \ud83d\udd34 #Boric toma distancia de exasesor econ\u00f3mico de #Jadue: \"No es parte de mi comando y no es cercano a mi candidatura\" h\u2026", "edit_history_tweet_ids": ["1449075320221573123"], "id": "1449075320221573123", "created_at": "2021-10-15T18:10:53.000Z"}, {"author_id": "2968166356", "text": "RT @SecDef: On this final day of #HispanicHeritageMonth , I'd like to recognize our very own Senior Enlisted Advisor to the Chairman (SEAC)\u2026", "edit_history_tweet_ids": ["1449075264521228289"], "id": "1449075264521228289", "created_at": "2021-10-15T18:10:40.000Z"}, {"author_id": "1383464857840668684", "text": "RT @ATicuantepe: #TicuantepeNaturalmenteBello \nAutoridades Municipales de la Alcald\u00eda de Ticuantepe, presidida por Dra. Ligia Ram\u00edrez (Alca\u2026", "edit_history_tweet_ids": ["1449074872756342789"], "id": "1449074872756342789", "created_at": "2021-10-15T18:09:06.000Z"}, {"author_id": "335996055", "text": "RT @SecDef: On this final day of #HispanicHeritageMonth , I'd like to recognize our very own Senior Enlisted Advisor to the Chairman (SEAC)\u2026", "edit_history_tweet_ids": ["1449074411831795715"], "id": "1449074411831795715", "created_at": "2021-10-15T18:07:16.000Z"}, {"author_id": "859701072", "text": "RT @SecDef: On this final day of #HispanicHeritageMonth , I'd like to recognize our very own Senior Enlisted Advisor to the Chairman (SEAC)\u2026", "edit_history_tweet_ids": ["1449073567530893313"], "id": "1449073567530893313", "created_at": "2021-10-15T18:03:55.000Z"}, {"author_id": "87624170", "text": "RT @SecDef: On this final day of #HispanicHeritageMonth , I'd like to recognize our very own Senior Enlisted Advisor to the Chairman (SEAC)\u2026", "edit_history_tweet_ids": ["1449073327474020353"], "id": "1449073327474020353", "created_at": "2021-10-15T18:02:58.000Z"}, {"author_id": "3850427354", "text": "RT @SecDef: On this final day of #HispanicHeritageMonth , I'd like to recognize our very own Senior Enlisted Advisor to the Chairman (SEAC)\u2026", "edit_history_tweet_ids": ["1449072354051727367"], "id": "1449072354051727367", "created_at": "2021-10-15T17:59:06.000Z"}, {"author_id": "3289164194", "text": "@rxnSocialista Yo creo que el d\u00eda del pico meten a Grau o al maestro Ram\u00f3n L\u00f3pez a Hacienda", "edit_history_tweet_ids": ["1449069915990675457"], "id": "1449069915990675457", "created_at": "2021-10-15T17:49:25.000Z"}, {"author_id": "1087098822759796736", "text": "RT @catafernandezc: Me alegra escuchar a @gabrielboric en el #DebateARCHI validando el trabajo del Banco Central y de Mario Marcel (y desma\u2026", "edit_history_tweet_ids": ["1449067653847400449"], "id": "1449067653847400449", "created_at": "2021-10-15T17:40:25.000Z"}, {"author_id": "348399706", "text": "RT @SecDef: On this final day of #HispanicHeritageMonth , I'd like to recognize our very own Senior Enlisted Advisor to the Chairman (SEAC)\u2026", "edit_history_tweet_ids": ["1449067427988484102"], "id": "1449067427988484102", "created_at": "2021-10-15T17:39:31.000Z"}, {"author_id": "2437610048", "text": "La Casa del Poeta \u201cRam\u00f3n L\u00f3pez Velarde\u201dinvita a la presentaci\u00f3n del libro Trazos de Manuel Cuautle el pr\u00f3ximo martes 19 de octubre a las 19:00 horas en la Sala de Conferencias.\nCupo limitado.\nTransmisi\u00f3n por Facebook. https://t.co/qncxXO8P5m", "edit_history_tweet_ids": ["1449065899072245760"], "id": "1449065899072245760", "created_at": "2021-10-15T17:33:27.000Z"}, {"author_id": "59665820", "text": "RT @catafernandezc: Me alegra escuchar a @gabrielboric en el #DebateARCHI validando el trabajo del Banco Central y de Mario Marcel (y desma\u2026", "edit_history_tweet_ids": ["1449065844240044040"], "id": "1449065844240044040", "created_at": "2021-10-15T17:33:14.000Z"}, {"author_id": "1306745404889993217", "text": "@karencastrejont @Mx_Diputados El Parque Ram\u00f3n L\u00f3pez Velarde en la Roma Sur, con masa arborea  de aprox. 3000, en lamentable descuido, ayuda!", "edit_history_tweet_ids": ["1449064960160583680"], "id": "1449064960160583680", "created_at": "2021-10-15T17:29:43.000Z"}, {"author_id": "393693505", "text": "RT @catafernandezc: Me alegra escuchar a @gabrielboric en el #DebateARCHI validando el trabajo del Banco Central y de Mario Marcel (y desma\u2026", "edit_history_tweet_ids": ["1449063278479433731"], "id": "1449063278479433731", "created_at": "2021-10-15T17:23:02.000Z"}, {"author_id": "774009293200916481", "text": "RT @SecDef: On this final day of #HispanicHeritageMonth , I'd like to recognize our very own Senior Enlisted Advisor to the Chairman (SEAC)\u2026", "edit_history_tweet_ids": ["1449062958814928902"], "id": "1449062958814928902", "created_at": "2021-10-15T17:21:46.000Z"}, {"author_id": "2437610048", "text": "La Casa del Poeta \u201cRam\u00f3n L\u00f3pez Velarde\u201d en colaboraci\u00f3n con la Universidad del Claustro de Sor Juana y como parte de la C\u00e1tedra de Poes\u00eda Iberoamericana \"Elsa Cross\", invita a la Conferencia  Magistral que sostendr\u00e1 Guillermo Sheridan \"L\u00f3pez Velarde/ nuevas lecturas\". https://t.co/T2fl9StJxn", "edit_history_tweet_ids": ["1449062236123590656"], "id": "1449062236123590656", "created_at": "2021-10-15T17:18:54.000Z"}, {"author_id": "18487837", "text": "RT @SecDef: On this final day of #HispanicHeritageMonth , I'd like to recognize our very own Senior Enlisted Advisor to the Chairman (SEAC)\u2026", "edit_history_tweet_ids": ["1449061447678504961"], "id": "1449061447678504961", "created_at": "2021-10-15T17:15:46.000Z"}, {"author_id": "302369173", "text": "RT @catafernandezc: Me alegra escuchar a @gabrielboric en el #DebateARCHI validando el trabajo del Banco Central y de Mario Marcel (y desma\u2026", "edit_history_tweet_ids": ["1449060991132704777"], "id": "1449060991132704777", "created_at": "2021-10-15T17:13:57.000Z"}, {"author_id": "4481687056", "text": "RT @SecDef: On this final day of #HispanicHeritageMonth , I'd like to recognize our very own Senior Enlisted Advisor to the Chairman (SEAC)\u2026", "edit_history_tweet_ids": ["1449060689339985929"], "id": "1449060689339985929", "created_at": "2021-10-15T17:12:45.000Z"}, {"author_id": "1325914219028639745", "text": "RT @716bhaencinoso: \ud83d\udce2 #Ent\u00e9rate || El Comandante General del Ej\u00e9rcito Bolivariano MG F\u00e9lix Ram\u00f3n Osorio Guzm\u00e1n, con la anuencia del Ministr\u2026", "edit_history_tweet_ids": ["1449058700669427713"], "id": "1449058700669427713", "created_at": "2021-10-15T17:04:51.000Z"}, {"author_id": "353165383", "text": "RT @SecDef: On this final day of #HispanicHeritageMonth , I'd like to recognize our very own Senior Enlisted Advisor to the Chairman (SEAC)\u2026", "edit_history_tweet_ids": ["1449058079597813762"], "id": "1449058079597813762", "created_at": "2021-10-15T17:02:23.000Z"}, {"author_id": "353971971", "text": "RT @catafernandezc: Me alegra escuchar a @gabrielboric en el #DebateARCHI validando el trabajo del Banco Central y de Mario Marcel (y desma\u2026", "edit_history_tweet_ids": ["1449057334693613570"], "id": "1449057334693613570", "created_at": "2021-10-15T16:59:25.000Z"}, {"author_id": "351649757", "text": "RT @SecDef: On this final day of #HispanicHeritageMonth , I'd like to recognize our very own Senior Enlisted Advisor to the Chairman (SEAC)\u2026", "edit_history_tweet_ids": ["1449054117419110402"], "id": "1449054117419110402", "created_at": "2021-10-15T16:46:38.000Z"}, {"author_id": "1404163384652800005", "text": "RT @ATicuantepe: #TicuantepeNaturalmenteBello \nAutoridades Municipales de la Alcald\u00eda de Ticuantepe, presidida por Dra. Ligia Ram\u00edrez (Alca\u2026", "edit_history_tweet_ids": ["1449053762656653313"], "id": "1449053762656653313", "created_at": "2021-10-15T16:45:13.000Z"}, {"author_id": "1211107660847710208", "text": "RT @catafernandezc: Me alegra escuchar a @gabrielboric en el #DebateARCHI validando el trabajo del Banco Central y de Mario Marcel (y desma\u2026", "edit_history_tweet_ids": ["1449053587703832584"], "id": "1449053587703832584", "created_at": "2021-10-15T16:44:32.000Z"}, {"author_id": "1390473750508879872", "text": "RT @SecDef: On this final day of #HispanicHeritageMonth , I'd like to recognize our very own Senior Enlisted Advisor to the Chairman (SEAC)\u2026", "edit_history_tweet_ids": ["1449052513827753984"], "id": "1449052513827753984", "created_at": "2021-10-15T16:40:16.000Z"}, {"author_id": "503074926", "text": "RT @astursalud: Los V Premios de la Escuela de Salud de #Tineo\n\ud83c\udf96\ufe0f Carlos L\u00f3pez Ot\u00edn \n\ud83c\udf96\ufe0fEquipos de vacunaci\u00f3n\ud83d\udc89\ud83e\udda0\n\n\ud83c\udfc5@PACASASTURIAS\n\ud83c\udfc5Facultad P\u2026", "edit_history_tweet_ids": ["1449051459870470145"], "id": "1449051459870470145", "created_at": "2021-10-15T16:36:04.000Z"}, {"author_id": "1719108084", "text": "F\u00daTBOL \ud83e\udd45 PR\u00d3XIMO PARTIDO \u25ab\ufe0f D\u00cdA DEL CLUB\n\n\ud83c\udfc6 JORNADA 5 - 2\u00aa Divisi\u00f3n Andaluza (Grupo I)\n\u26bd C.D. At. Meng\u00edbar \ud83c\udd9a Villargordo C.F.\n\ud83d\udcc5 17/10/21\n\ud83d\udd57 20:00h\n\ud83c\udfdf\ufe0f Campo Municipal Ram\u00f3n D\u00edaz L\u00f3pez\n\u2b55 D\u00cdA DEL CLUB \u2b55\n\ud83c\udf9f\ufe0f Entrada ABONADOS: 2\u20ac\nNO ABONADOS: 4\u20ac https://t.co/tD2HFFUNqc", "edit_history_tweet_ids": ["1449051337333870594"], "id": "1449051337333870594", "created_at": "2021-10-15T16:35:35.000Z"}, {"author_id": "394578714", "text": "RT @SecDef: On this final day of #HispanicHeritageMonth , I'd like to recognize our very own Senior Enlisted Advisor to the Chairman (SEAC)\u2026", "edit_history_tweet_ids": ["1449049502367760387"], "id": "1449049502367760387", "created_at": "2021-10-15T16:28:18.000Z"}, {"author_id": "17012238", "text": "RT @SecDef: On this final day of #HispanicHeritageMonth , I'd like to recognize our very own Senior Enlisted Advisor to the Chairman (SEAC)\u2026", "edit_history_tweet_ids": ["1449048329183277058"], "id": "1449048329183277058", "created_at": "2021-10-15T16:23:38.000Z"}, {"author_id": "939351876121788416", "text": "RT @ccifuentesh: Trat\u00e9 de ver las joyitas que se mand\u00f3 ayer el \"economista\" y profesor de la @fenuchile, Ram\u00f3n L\u00f3pez. No pude, me bloque\u00f3 \u00bf\u2026", "edit_history_tweet_ids": ["1449048257338900481"], "id": "1449048257338900481", "created_at": "2021-10-15T16:23:21.000Z"}, {"author_id": "945071414", "text": "RT @ccifuentesh: Trat\u00e9 de ver las joyitas que se mand\u00f3 ayer el \"economista\" y profesor de la @fenuchile, Ram\u00f3n L\u00f3pez. No pude, me bloque\u00f3 \u00bf\u2026", "edit_history_tweet_ids": ["1449048170688876550"], "id": "1449048170688876550", "created_at": "2021-10-15T16:23:00.000Z"}, {"author_id": "723521730740887552", "text": "RT @ccifuentesh: Trat\u00e9 de ver las joyitas que se mand\u00f3 ayer el \"economista\" y profesor de la @fenuchile, Ram\u00f3n L\u00f3pez. No pude, me bloque\u00f3 \u00bf\u2026", "edit_history_tweet_ids": ["1449047885841002496"], "id": "1449047885841002496", "created_at": "2021-10-15T16:21:52.000Z"}, {"author_id": "1449045405426192384", "text": "RT @716bhaencinoso: \ud83d\udce2 #Ent\u00e9rate || El Comandante General del Ej\u00e9rcito Bolivariano MG F\u00e9lix Ram\u00f3n Osorio Guzm\u00e1n, con la anuencia del Ministr\u2026", "edit_history_tweet_ids": ["1449047263641317378"], "id": "1449047263641317378", "created_at": "2021-10-15T16:19:24.000Z"}, {"author_id": "2950293316", "text": "RT @ccifuentesh: Trat\u00e9 de ver las joyitas que se mand\u00f3 ayer el \"economista\" y profesor de la @fenuchile, Ram\u00f3n L\u00f3pez. No pude, me bloque\u00f3 \u00bf\u2026", "edit_history_tweet_ids": ["1449047023403945984"], "id": "1449047023403945984", "created_at": "2021-10-15T16:18:27.000Z"}, {"author_id": "47124097", "text": "RT @SecDef: On this final day of #HispanicHeritageMonth , I'd like to recognize our very own Senior Enlisted Advisor to the Chairman (SEAC)\u2026", "edit_history_tweet_ids": ["1449046481382645764"], "id": "1449046481382645764", "created_at": "2021-10-15T16:16:17.000Z"}, {"author_id": "1141476175677710336", "text": "RT @716bhaencinoso: \ud83d\udce2 #Ent\u00e9rate || El Comandante General del Ej\u00e9rcito Bolivariano MG F\u00e9lix Ram\u00f3n Osorio Guzm\u00e1n, con la anuencia del Ministr\u2026", "edit_history_tweet_ids": ["1449046132034781186"], "id": "1449046132034781186", "created_at": "2021-10-15T16:14:54.000Z"}, {"author_id": "1369709457844953088", "text": "Ram\u00f3n L\u00f3pez, ahora mismo: https://t.co/xdKFSRaSnd https://t.co/wAeK50jeIG", "edit_history_tweet_ids": ["1449046086350356483"], "id": "1449046086350356483", "created_at": "2021-10-15T16:14:43.000Z"}, {"author_id": "1448002579015913473", "text": "RT @716bhaencinoso: \ud83d\udce2 #Ent\u00e9rate || El Comandante General del Ej\u00e9rcito Bolivariano MG F\u00e9lix Ram\u00f3n Osorio Guzm\u00e1n, con la anuencia del Ministr\u2026", "edit_history_tweet_ids": ["1449045835908620290"], "id": "1449045835908620290", "created_at": "2021-10-15T16:13:43.000Z"}, {"author_id": "88915116", "text": "RT @SecDef: On this final day of #HispanicHeritageMonth , I'd like to recognize our very own Senior Enlisted Advisor to the Chairman (SEAC)\u2026", "edit_history_tweet_ids": ["1449045809933307908"], "id": "1449045809933307908", "created_at": "2021-10-15T16:13:37.000Z"}, {"author_id": "1403372575435202561", "text": "RT @716bhaencinoso: \ud83d\udce2 #Ent\u00e9rate || El Comandante General del Ej\u00e9rcito Bolivariano MG F\u00e9lix Ram\u00f3n Osorio Guzm\u00e1n, con la anuencia del Ministr\u2026", "edit_history_tweet_ids": ["1449045290703597568"], "id": "1449045290703597568", "created_at": "2021-10-15T16:11:33.000Z"}, {"author_id": "500341627", "text": "RT @SecDef: On this final day of #HispanicHeritageMonth , I'd like to recognize our very own Senior Enlisted Advisor to the Chairman (SEAC)\u2026", "edit_history_tweet_ids": ["1449045008804352005"], "id": "1449045008804352005", "created_at": "2021-10-15T16:10:26.000Z"}, {"author_id": "141696793", "text": "RT @716bhaencinoso: \ud83d\udce2 #Ent\u00e9rate || El Comandante General del Ej\u00e9rcito Bolivariano MG F\u00e9lix Ram\u00f3n Osorio Guzm\u00e1n, con la anuencia del Ministr\u2026", "edit_history_tweet_ids": ["1449044827656658954"], "id": "1449044827656658954", "created_at": "2021-10-15T16:09:43.000Z"}, {"author_id": "1446823058761818120", "text": "RT @meganoticiascl: \ud83d\udd34 #Boric toma distancia de exasesor econ\u00f3mico de #Jadue: \"No es parte de mi comando y no es cercano a mi candidatura\" h\u2026", "edit_history_tweet_ids": ["1449044701571547140"], "id": "1449044701571547140", "created_at": "2021-10-15T16:09:13.000Z"}, {"author_id": "1286299909990293505", "text": "RT @716bhaencinoso: \ud83d\udce2 #Ent\u00e9rate || El Comandante General del Ej\u00e9rcito Bolivariano MG F\u00e9lix Ram\u00f3n Osorio Guzm\u00e1n, con la anuencia del Ministr\u2026", "edit_history_tweet_ids": ["1449044302672318474"], "id": "1449044302672318474", "created_at": "2021-10-15T16:07:38.000Z"}, {"author_id": "1396646455616712708", "text": "@diegocalde_ @NachoOrtega Latorre habr\u00e1 estado tomando clases con Ram\u00f3n L\u00f3pez?", "edit_history_tweet_ids": ["1449044267775807494"], "id": "1449044267775807494", "created_at": "2021-10-15T16:07:30.000Z"}, {"author_id": "229569396", "text": "RT @716bhaencinoso: \ud83d\udce2 #Ent\u00e9rate || El Comandante General del Ej\u00e9rcito Bolivariano MG F\u00e9lix Ram\u00f3n Osorio Guzm\u00e1n, con la anuencia del Ministr\u2026", "edit_history_tweet_ids": ["1449044040943550468"], "id": "1449044040943550468", "created_at": "2021-10-15T16:06:35.000Z"}, {"author_id": "159999680", "text": "RT @SecDef: On this final day of #HispanicHeritageMonth , I'd like to recognize our very own Senior Enlisted Advisor to the Chairman (SEAC)\u2026", "edit_history_tweet_ids": ["1449043891383066629"], "id": "1449043891383066629", "created_at": "2021-10-15T16:06:00.000Z"}, {"author_id": "1441930597656510465", "text": "RT @716bhaencinoso: \ud83d\udce2 #Ent\u00e9rate || El Comandante General del Ej\u00e9rcito Bolivariano MG F\u00e9lix Ram\u00f3n Osorio Guzm\u00e1n, con la anuencia del Ministr\u2026", "edit_history_tweet_ids": ["1449043872227725313"], "id": "1449043872227725313", "created_at": "2021-10-15T16:05:55.000Z"}, {"author_id": "1421190704219541506", "text": "RT @716bhaencinoso: \ud83d\udce2 #Ent\u00e9rate || El Comandante General del Ej\u00e9rcito Bolivariano MG F\u00e9lix Ram\u00f3n Osorio Guzm\u00e1n, con la anuencia del Ministr\u2026", "edit_history_tweet_ids": ["1449043753033945088"], "id": "1449043753033945088", "created_at": "2021-10-15T16:05:27.000Z"}, {"author_id": "1134995160864047104", "text": "\ud83d\udce2 #Ent\u00e9rate || El Comandante General del Ej\u00e9rcito Bolivariano MG F\u00e9lix Ram\u00f3n Osorio Guzm\u00e1n, con la anuencia del Ministro del Poder Popular para la Defensa, GJ Vladimir Padrino L\u00f3pez, realiz\u00f3 reuni\u00f3n con los Comandantes de Unidades T\u00e1cticas.\n#VacunarseDependeDeTi\n#FANB\n#15Oct https://t.co/kHxDfdcPoY", "edit_history_tweet_ids": ["1449043649887719435"], "id": "1449043649887719435", "created_at": "2021-10-15T16:05:02.000Z"}, {"author_id": "175329843", "text": "RT @meganoticiascl: \ud83d\udd34 #Boric toma distancia de exasesor econ\u00f3mico de #Jadue: \"No es parte de mi comando y no es cercano a mi candidatura\" h\u2026", "edit_history_tweet_ids": ["1449043187499163648"], "id": "1449043187499163648", "created_at": "2021-10-15T16:03:12.000Z"}, {"author_id": "1028482053036290058", "text": "@Mister_Wolf_0 Recordarle al brea del rojo que el asesino no se llamaba general, es decir, que cuando lo nombre diga augusto jos\u00e9 ram\u00f3n alias daniel l\u00f3pez.", "edit_history_tweet_ids": ["1449042479429394434"], "id": "1449042479429394434", "created_at": "2021-10-15T16:00:23.000Z"}, {"author_id": "2273006797", "text": "RT @catafernandezc: Me alegra escuchar a @gabrielboric en el #DebateARCHI validando el trabajo del Banco Central y de Mario Marcel (y desma\u2026", "edit_history_tweet_ids": ["1449042261078011908"], "id": "1449042261078011908", "created_at": "2021-10-15T15:59:31.000Z"}, {"author_id": "1254584681086898177", "text": "RT @jtgazmuri: Grau y Boric son ambos de ultra izquierda y no son capaces de ponerse de acuerdo en conceptos b\u00e1sicos, mientras Ram\u00f3n L\u00f3pez\u2026", "edit_history_tweet_ids": ["1449042037467086850"], "id": "1449042037467086850", "created_at": "2021-10-15T15:58:38.000Z"}, {"author_id": "931502022620340224", "text": "#Atentos \ud83d\udc49 El director del @SENABoyaca Ram\u00f3n Anselmo Vargas L\u00f3pez rinde cuentas sobre la gesti\u00f3n y promoci\u00f3n de estudios tecnol\u00f3gicos y tecnolog\u00edas que se adelantan en las diferentes sedes del Dpto. https://t.co/VJkMpwO2cz", "edit_history_tweet_ids": ["1449041912615346183"], "id": "1449041912615346183", "created_at": "2021-10-15T15:58:08.000Z"}, {"author_id": "1182776757365157888", "text": "1988. Fecha 13 B Metropolitana (L) 3-4 vs Atlanta. Goles de L\u00f3pez (e,c) y Ram\u00f3n Corona x2\n\n\ud83d\udcf8 @carguipel https://t.co/tjO9SodzKH", "edit_history_tweet_ids": ["1449041466572017665"], "id": "1449041466572017665", "created_at": "2021-10-15T15:56:22.000Z"}, {"author_id": "1665097860", "text": "RT @SecDef: On this final day of #HispanicHeritageMonth , I'd like to recognize our very own Senior Enlisted Advisor to the Chairman (SEAC)\u2026", "edit_history_tweet_ids": ["1449040859559759873"], "id": "1449040859559759873", "created_at": "2021-10-15T15:53:57.000Z"}, {"author_id": "928612561687367680", "text": "RT @catafernandezc: Me alegra escuchar a @gabrielboric en el #DebateARCHI validando el trabajo del Banco Central y de Mario Marcel (y desma\u2026", "edit_history_tweet_ids": ["1449040505086648325"], "id": "1449040505086648325", "created_at": "2021-10-15T15:52:32.000Z"}, {"author_id": "123655048", "text": "RT @SecDef: On this final day of #HispanicHeritageMonth , I'd like to recognize our very own Senior Enlisted Advisor to the Chairman (SEAC)\u2026", "edit_history_tweet_ids": ["1449040110641717256"], "id": "1449040110641717256", "created_at": "2021-10-15T15:50:58.000Z"}, {"author_id": "247961366", "text": "RT @SecDef: On this final day of #HispanicHeritageMonth , I'd like to recognize our very own Senior Enlisted Advisor to the Chairman (SEAC)\u2026", "edit_history_tweet_ids": ["1449039809578561547"], "id": "1449039809578561547", "created_at": "2021-10-15T15:49:47.000Z"}, {"author_id": "193902107", "text": "RT @meganoticiascl: \ud83d\udd34 #Boric toma distancia de exasesor econ\u00f3mico de #Jadue: \"No es parte de mi comando y no es cercano a mi candidatura\" h\u2026", "edit_history_tweet_ids": ["1449039497518321669"], "id": "1449039497518321669", "created_at": "2021-10-15T15:48:32.000Z"}, {"author_id": "54025318", "text": "RT @SecDef: On this final day of #HispanicHeritageMonth , I'd like to recognize our very own Senior Enlisted Advisor to the Chairman (SEAC)\u2026", "edit_history_tweet_ids": ["1449038930351951873"], "id": "1449038930351951873", "created_at": "2021-10-15T15:46:17.000Z"}], "meta": {"newest_id": "1449090308474613762", "oldest_id": "1449038930351951873", "result_count": 97, "next_token": "b26v89c19zqg8o3fpds9ssdjj14nrzkfraicxr1zbxs3h"}}