{"data": [{"created_at": "2021-10-16T04:20:49.000Z", "text": "RT @EconomistaFlait: El chanter\u00edo intelectual de Ram\u00f3n L\u00f3pez y Manuel Riesco es pa la cag\u00e1. Comparan lo q est\u00e1 haciendo Marcel al subir las\u2026", "author_id": "872626009", "edit_history_tweet_ids": ["1449228815809400841"], "id": "1449228815809400841"}, {"created_at": "2021-10-16T04:19:58.000Z", "text": "RT @EconomistaFlait: El chanter\u00edo intelectual de Ram\u00f3n L\u00f3pez y Manuel Riesco es pa la cag\u00e1. Comparan lo q est\u00e1 haciendo Marcel al subir las\u2026", "author_id": "69766600", "edit_history_tweet_ids": ["1449228600566190081"], "id": "1449228600566190081"}, {"created_at": "2021-10-16T04:14:00.000Z", "text": "RT @IPerezTuesta: No s\u00e9 qu\u00e9 tanto l\u00edo por lo del nombre. Yo conozco uno que no se complicaba: en el carnet ten\u00eda 3 (Augusto Jos\u00e9 Ram\u00f3n), cu\u2026", "author_id": "2539317405", "edit_history_tweet_ids": ["1449227100020305920"], "id": "1449227100020305920"}, {"created_at": "2021-10-16T04:12:39.000Z", "text": "RT @IPerezTuesta: No s\u00e9 qu\u00e9 tanto l\u00edo por lo del nombre. Yo conozco uno que no se complicaba: en el carnet ten\u00eda 3 (Augusto Jos\u00e9 Ram\u00f3n), cu\u2026", "author_id": "135785331", "edit_history_tweet_ids": ["1449226759442948103"], "id": "1449226759442948103"}, {"created_at": "2021-10-16T04:06:39.000Z", "text": "RT @IPerezTuesta: No s\u00e9 qu\u00e9 tanto l\u00edo por lo del nombre. Yo conozco uno que no se complicaba: en el carnet ten\u00eda 3 (Augusto Jos\u00e9 Ram\u00f3n), cu\u2026", "author_id": "1411723873146609668", "edit_history_tweet_ids": ["1449225250869108739"], "id": "1449225250869108739"}, {"created_at": "2021-10-16T04:01:55.000Z", "text": "RT @IPerezTuesta: No s\u00e9 qu\u00e9 tanto l\u00edo por lo del nombre. Yo conozco uno que no se complicaba: en el carnet ten\u00eda 3 (Augusto Jos\u00e9 Ram\u00f3n), cu\u2026", "author_id": "1080692432021401600", "edit_history_tweet_ids": ["1449224057916907520"], "id": "1449224057916907520"}, {"created_at": "2021-10-16T04:00:14.000Z", "text": "RT @PrensaComunitar: El abogado Ram\u00f3n Cadena, de la Comisi\u00f3n Internacional de Juristas, se\u00f1al\u00f3 que el proceso de Rudy L\u00f3pez Pablo es otro c\u2026", "author_id": "47940875", "edit_history_tweet_ids": ["1449223635542085635"], "id": "1449223635542085635"}, {"created_at": "2021-10-16T03:57:08.000Z", "text": "RT @EconomistaFlait: El chanter\u00edo intelectual de Ram\u00f3n L\u00f3pez y Manuel Riesco es pa la cag\u00e1. Comparan lo q est\u00e1 haciendo Marcel al subir las\u2026", "author_id": "296581240", "edit_history_tweet_ids": ["1449222854617165824"], "id": "1449222854617165824"}, {"created_at": "2021-10-16T03:54:43.000Z", "text": "RT @IPerezTuesta: No s\u00e9 qu\u00e9 tanto l\u00edo por lo del nombre. Yo conozco uno que no se complicaba: en el carnet ten\u00eda 3 (Augusto Jos\u00e9 Ram\u00f3n), cu\u2026", "author_id": "287497658", "edit_history_tweet_ids": ["1449222244815806468"], "id": "1449222244815806468"}, {"created_at": "2021-10-16T03:54:36.000Z", "text": "RT @EconomistaFlait: El chanter\u00edo intelectual de Ram\u00f3n L\u00f3pez y Manuel Riesco es pa la cag\u00e1. Comparan lo q est\u00e1 haciendo Marcel al subir las\u2026", "author_id": "367405373", "edit_history_tweet_ids": ["1449222217355628546"], "id": "1449222217355628546"}, {"created_at": "2021-10-16T03:54:14.000Z", "text": "RT @IPerezTuesta: No s\u00e9 qu\u00e9 tanto l\u00edo por lo del nombre. Yo conozco uno que no se complicaba: en el carnet ten\u00eda 3 (Augusto Jos\u00e9 Ram\u00f3n), cu\u2026", "author_id": "854509503882153984", "edit_history_tweet_ids": ["1449222124497817600"], "id": "1449222124497817600"}, {"created_at": "2021-10-16T03:44:51.000Z", "text": "RT @IPerezTuesta: No s\u00e9 qu\u00e9 tanto l\u00edo por lo del nombre. Yo conozco uno que no se complicaba: en el carnet ten\u00eda 3 (Augusto Jos\u00e9 Ram\u00f3n), cu\u2026", "author_id": "2766754630", "edit_history_tweet_ids": ["1449219762102300673"], "id": "1449219762102300673"}, {"created_at": "2021-10-16T03:43:16.000Z", "text": "RT @IPerezTuesta: No s\u00e9 qu\u00e9 tanto l\u00edo por lo del nombre. Yo conozco uno que no se complicaba: en el carnet ten\u00eda 3 (Augusto Jos\u00e9 Ram\u00f3n), cu\u2026", "author_id": "1164161244", "edit_history_tweet_ids": ["1449219365484867591"], "id": "1449219365484867591"}, {"created_at": "2021-10-16T03:42:55.000Z", "text": "RT @PrensaComunitar: El abogado Ram\u00f3n Cadena, de la Comisi\u00f3n Internacional de Juristas, se\u00f1al\u00f3 que el proceso de Rudy L\u00f3pez Pablo es otro c\u2026", "author_id": "979146446", "edit_history_tweet_ids": ["1449219275055640578"], "id": "1449219275055640578"}, {"created_at": "2021-10-16T03:41:42.000Z", "text": "RT @IPerezTuesta: No s\u00e9 qu\u00e9 tanto l\u00edo por lo del nombre. Yo conozco uno que no se complicaba: en el carnet ten\u00eda 3 (Augusto Jos\u00e9 Ram\u00f3n), cu\u2026", "author_id": "1265050371115925504", "edit_history_tweet_ids": ["1449218970721132550"], "id": "1449218970721132550"}, {"created_at": "2021-10-16T03:38:33.000Z", "text": "RT @IPerezTuesta: No s\u00e9 qu\u00e9 tanto l\u00edo por lo del nombre. Yo conozco uno que no se complicaba: en el carnet ten\u00eda 3 (Augusto Jos\u00e9 Ram\u00f3n), cu\u2026", "author_id": "105925103", "edit_history_tweet_ids": ["1449218180187000836"], "id": "1449218180187000836"}, {"created_at": "2021-10-16T03:36:54.000Z", "text": "RT @IPerezTuesta: No s\u00e9 qu\u00e9 tanto l\u00edo por lo del nombre. Yo conozco uno que no se complicaba: en el carnet ten\u00eda 3 (Augusto Jos\u00e9 Ram\u00f3n), cu\u2026", "author_id": "1241735082", "edit_history_tweet_ids": ["1449217764833443840"], "id": "1449217764833443840"}, {"created_at": "2021-10-16T03:32:55.000Z", "text": "RT @SecDef: On this final day of #HispanicHeritageMonth , I'd like to recognize our very own Senior Enlisted Advisor to the Chairman (SEAC)\u2026", "author_id": "2287196233", "edit_history_tweet_ids": ["1449216758527643658"], "id": "1449216758527643658"}, {"created_at": "2021-10-16T03:29:10.000Z", "text": "@aldunatefran No olvides al Augusto Jose Ram\u00f3n pero le gustaba q lo llamaran Daniel L\u00f3pez, su chapa en las fechor\u00edas", "author_id": "352598746", "edit_history_tweet_ids": ["1449215818743664641"], "id": "1449215818743664641"}, {"created_at": "2021-10-16T03:28:24.000Z", "text": "RT @IPerezTuesta: No s\u00e9 qu\u00e9 tanto l\u00edo por lo del nombre. Yo conozco uno que no se complicaba: en el carnet ten\u00eda 3 (Augusto Jos\u00e9 Ram\u00f3n), cu\u2026", "author_id": "4009608447", "edit_history_tweet_ids": ["1449215624455016449"], "id": "1449215624455016449"}, {"created_at": "2021-10-16T03:27:55.000Z", "text": "RT @IPerezTuesta: No s\u00e9 qu\u00e9 tanto l\u00edo por lo del nombre. Yo conozco uno que no se complicaba: en el carnet ten\u00eda 3 (Augusto Jos\u00e9 Ram\u00f3n), cu\u2026", "author_id": "383284508", "edit_history_tweet_ids": ["1449215502669135874"], "id": "1449215502669135874"}, {"created_at": "2021-10-16T03:26:14.000Z", "text": "RT @IPerezTuesta: No s\u00e9 qu\u00e9 tanto l\u00edo por lo del nombre. Yo conozco uno que no se complicaba: en el carnet ten\u00eda 3 (Augusto Jos\u00e9 Ram\u00f3n), cu\u2026", "author_id": "301268113", "edit_history_tweet_ids": ["1449215076670472192"], "id": "1449215076670472192"}, {"created_at": "2021-10-16T03:26:06.000Z", "text": "RT @EconomistaFlait: El chanter\u00edo intelectual de Ram\u00f3n L\u00f3pez y Manuel Riesco es pa la cag\u00e1. Comparan lo q est\u00e1 haciendo Marcel al subir las\u2026", "author_id": "257682321", "edit_history_tweet_ids": ["1449215044688908290"], "id": "1449215044688908290"}, {"created_at": "2021-10-16T03:25:40.000Z", "text": "RT @jtgazmuri: Grau y Boric son ambos de ultra izquierda y no son capaces de ponerse de acuerdo en conceptos b\u00e1sicos, mientras Ram\u00f3n L\u00f3pez\u2026", "author_id": "722273966828756992", "edit_history_tweet_ids": ["1449214937302142977"], "id": "1449214937302142977"}, {"created_at": "2021-10-16T03:22:53.000Z", "text": "RT @IPerezTuesta: No s\u00e9 qu\u00e9 tanto l\u00edo por lo del nombre. Yo conozco uno que no se complicaba: en el carnet ten\u00eda 3 (Augusto Jos\u00e9 Ram\u00f3n), cu\u2026", "author_id": "70269111", "edit_history_tweet_ids": ["1449214233514815489"], "id": "1449214233514815489"}, {"created_at": "2021-10-16T03:22:26.000Z", "text": "RT @IPerezTuesta: No s\u00e9 qu\u00e9 tanto l\u00edo por lo del nombre. Yo conozco uno que no se complicaba: en el carnet ten\u00eda 3 (Augusto Jos\u00e9 Ram\u00f3n), cu\u2026", "author_id": "14539823", "edit_history_tweet_ids": ["1449214120952311818"], "id": "1449214120952311818"}, {"created_at": "2021-10-16T03:20:19.000Z", "text": "RT @EconomistaFlait: El chanter\u00edo intelectual de Ram\u00f3n L\u00f3pez y Manuel Riesco es pa la cag\u00e1. Comparan lo q est\u00e1 haciendo Marcel al subir las\u2026", "author_id": "1365646723", "edit_history_tweet_ids": ["1449213590133637123"], "id": "1449213590133637123"}, {"created_at": "2021-10-16T03:19:51.000Z", "text": "RT @IPerezTuesta: No s\u00e9 qu\u00e9 tanto l\u00edo por lo del nombre. Yo conozco uno que no se complicaba: en el carnet ten\u00eda 3 (Augusto Jos\u00e9 Ram\u00f3n), cu\u2026", "author_id": "1188212768916287494", "edit_history_tweet_ids": ["1449213473888501760"], "id": "1449213473888501760"}, {"created_at": "2021-10-16T03:19:43.000Z", "text": "RT @EconomistaFlait: El chanter\u00edo intelectual de Ram\u00f3n L\u00f3pez y Manuel Riesco es pa la cag\u00e1. Comparan lo q est\u00e1 haciendo Marcel al subir las\u2026", "author_id": "957397690454822913", "edit_history_tweet_ids": ["1449213437314277380"], "id": "1449213437314277380"}, {"created_at": "2021-10-16T03:17:57.000Z", "text": "RT @EconomistaFlait: El chanter\u00edo intelectual de Ram\u00f3n L\u00f3pez y Manuel Riesco es pa la cag\u00e1. Comparan lo q est\u00e1 haciendo Marcel al subir las\u2026", "author_id": "143032929", "edit_history_tweet_ids": ["1449212992445243401"], "id": "1449212992445243401"}, {"created_at": "2021-10-16T03:17:56.000Z", "text": "RT @IPerezTuesta: No s\u00e9 qu\u00e9 tanto l\u00edo por lo del nombre. Yo conozco uno que no se complicaba: en el carnet ten\u00eda 3 (Augusto Jos\u00e9 Ram\u00f3n), cu\u2026", "author_id": "212057550", "edit_history_tweet_ids": ["1449212990138380293"], "id": "1449212990138380293"}, {"created_at": "2021-10-16T03:12:49.000Z", "text": "RT @IPerezTuesta: No s\u00e9 qu\u00e9 tanto l\u00edo por lo del nombre. Yo conozco uno que no se complicaba: en el carnet ten\u00eda 3 (Augusto Jos\u00e9 Ram\u00f3n), cu\u2026", "author_id": "123955818", "edit_history_tweet_ids": ["1449211703892209664"], "id": "1449211703892209664"}, {"created_at": "2021-10-16T03:11:53.000Z", "text": "RT @jtgazmuri: Grau y Boric son ambos de ultra izquierda y no son capaces de ponerse de acuerdo en conceptos b\u00e1sicos, mientras Ram\u00f3n L\u00f3pez\u2026", "author_id": "1186475845365456897", "edit_history_tweet_ids": ["1449211468176510979"], "id": "1449211468176510979"}, {"created_at": "2021-10-16T03:08:58.000Z", "text": "RT @IPerezTuesta: No s\u00e9 qu\u00e9 tanto l\u00edo por lo del nombre. Yo conozco uno que no se complicaba: en el carnet ten\u00eda 3 (Augusto Jos\u00e9 Ram\u00f3n), cu\u2026", "author_id": "785435882", "edit_history_tweet_ids": ["1449210731585413125"], "id": "1449210731585413125"}, {"created_at": "2021-10-16T03:02:44.000Z", "text": "RT @rparedesselaive: Ram\u00f3n L\u00f3pez desnudo en plaza Baquedano meg\u00e1fono en mano gritando contra el BC", "author_id": "40789865", "edit_history_tweet_ids": ["1449209165176475654"], "id": "1449209165176475654"}, {"created_at": "2021-10-16T03:02:15.000Z", "text": "RT @IPerezTuesta: No s\u00e9 qu\u00e9 tanto l\u00edo por lo del nombre. Yo conozco uno que no se complicaba: en el carnet ten\u00eda 3 (Augusto Jos\u00e9 Ram\u00f3n), cu\u2026", "author_id": "1169022180610510850", "edit_history_tweet_ids": ["1449209043747176449"], "id": "1449209043747176449"}, {"created_at": "2021-10-16T03:01:00.000Z", "text": "RT @IPerezTuesta: No s\u00e9 qu\u00e9 tanto l\u00edo por lo del nombre. Yo conozco uno que no se complicaba: en el carnet ten\u00eda 3 (Augusto Jos\u00e9 Ram\u00f3n), cu\u2026", "author_id": "1443896088", "edit_history_tweet_ids": ["1449208727643430917"], "id": "1449208727643430917"}, {"created_at": "2021-10-16T03:00:16.000Z", "text": "RT @IPerezTuesta: No s\u00e9 qu\u00e9 tanto l\u00edo por lo del nombre. Yo conozco uno que no se complicaba: en el carnet ten\u00eda 3 (Augusto Jos\u00e9 Ram\u00f3n), cu\u2026", "author_id": "32916644", "edit_history_tweet_ids": ["1449208545719685125"], "id": "1449208545719685125"}, {"created_at": "2021-10-16T02:59:11.000Z", "text": "RT @IPerezTuesta: No s\u00e9 qu\u00e9 tanto l\u00edo por lo del nombre. Yo conozco uno que no se complicaba: en el carnet ten\u00eda 3 (Augusto Jos\u00e9 Ram\u00f3n), cu\u2026", "author_id": "87364493", "edit_history_tweet_ids": ["1449208271068450820"], "id": "1449208271068450820"}, {"created_at": "2021-10-16T02:55:08.000Z", "text": "RT @sotojuanjo: Hot @gabrielboric dej\u00f3 claro que defiende la autonom\u00eda del BC. Que Ram\u00f3n Lopez no pincha ni corta y que Jadue perdi\u00f3 la pri\u2026", "author_id": "51580982", "edit_history_tweet_ids": ["1449207252624154624"], "id": "1449207252624154624"}, {"created_at": "2021-10-16T02:54:48.000Z", "text": "RT @PrensaComunitar: El abogado Ram\u00f3n Cadena, de la Comisi\u00f3n Internacional de Juristas, se\u00f1al\u00f3 que el proceso de Rudy L\u00f3pez Pablo es otro c\u2026", "author_id": "183373413", "edit_history_tweet_ids": ["1449207166448046082"], "id": "1449207166448046082"}, {"created_at": "2021-10-16T02:54:19.000Z", "text": "RT @IPerezTuesta: No s\u00e9 qu\u00e9 tanto l\u00edo por lo del nombre. Yo conozco uno que no se complicaba: en el carnet ten\u00eda 3 (Augusto Jos\u00e9 Ram\u00f3n), cu\u2026", "author_id": "420750623", "edit_history_tweet_ids": ["1449207045492674561"], "id": "1449207045492674561"}, {"created_at": "2021-10-16T02:53:57.000Z", "text": "RT @PrensaComunitar: El abogado Ram\u00f3n Cadena, de la Comisi\u00f3n Internacional de Juristas, se\u00f1al\u00f3 que el proceso de Rudy L\u00f3pez Pablo es otro c\u2026", "author_id": "2163358477", "edit_history_tweet_ids": ["1449206952748359682"], "id": "1449206952748359682"}, {"created_at": "2021-10-16T02:49:34.000Z", "text": "@mauricio_weibel @Boric1Vuelta @biobio Lindo  ejemplo a sus subalternos tanto en las polic\u00edas como  en las FFAA \nLuego de est impunidad ..!!\nTal como se enriqueci\u00f3 \nAugusto Jos\u00e9 Ram\u00f3n\nDaniel Lopez\nAugusto ugarte\nEl dejo a muestra", "author_id": "105218433", "edit_history_tweet_ids": ["1449205849704988673"], "id": "1449205849704988673"}, {"created_at": "2021-10-16T02:47:42.000Z", "text": "RT @IPerezTuesta: No s\u00e9 qu\u00e9 tanto l\u00edo por lo del nombre. Yo conozco uno que no se complicaba: en el carnet ten\u00eda 3 (Augusto Jos\u00e9 Ram\u00f3n), cu\u2026", "author_id": "104277031", "edit_history_tweet_ids": ["1449205382425972736"], "id": "1449205382425972736"}, {"created_at": "2021-10-16T02:42:17.000Z", "text": "RT @IPerezTuesta: No s\u00e9 qu\u00e9 tanto l\u00edo por lo del nombre. Yo conozco uno que no se complicaba: en el carnet ten\u00eda 3 (Augusto Jos\u00e9 Ram\u00f3n), cu\u2026", "author_id": "1648563582", "edit_history_tweet_ids": ["1449204020048846848"], "id": "1449204020048846848"}, {"created_at": "2021-10-16T02:39:32.000Z", "text": "RT @IPerezTuesta: No s\u00e9 qu\u00e9 tanto l\u00edo por lo del nombre. Yo conozco uno que no se complicaba: en el carnet ten\u00eda 3 (Augusto Jos\u00e9 Ram\u00f3n), cu\u2026", "author_id": "1096883989", "edit_history_tweet_ids": ["1449203327816937473"], "id": "1449203327816937473"}, {"created_at": "2021-10-16T02:38:24.000Z", "text": "RT @911Jalisco: MOTOCICLISTA LESIONADO \ud83d\ude91 en Guadalajara, Col. San Andr\u00e9s, Pensador Mexicano y Ram\u00f3n L\u00f3pez Velarde. Tome precauciones", "author_id": "2697745161", "edit_history_tweet_ids": ["1449203039563309059"], "id": "1449203039563309059"}, {"created_at": "2021-10-16T02:37:37.000Z", "text": "MOTOCICLISTA LESIONADO \ud83d\ude91 en Guadalajara, Col. San Andr\u00e9s, Pensador Mexicano y Ram\u00f3n L\u00f3pez Velarde. Tome precauciones", "author_id": "4501789032", "edit_history_tweet_ids": ["1449202842737299456"], "id": "1449202842737299456"}, {"created_at": "2021-10-16T02:37:31.000Z", "text": "RT @PrensaComunitar: El abogado Ram\u00f3n Cadena, de la Comisi\u00f3n Internacional de Juristas, se\u00f1al\u00f3 que el proceso de Rudy L\u00f3pez Pablo es otro c\u2026", "author_id": "2518144531", "edit_history_tweet_ids": ["1449202819362394115"], "id": "1449202819362394115"}, {"created_at": "2021-10-16T02:36:59.000Z", "text": "RT @IPerezTuesta: No s\u00e9 qu\u00e9 tanto l\u00edo por lo del nombre. Yo conozco uno que no se complicaba: en el carnet ten\u00eda 3 (Augusto Jos\u00e9 Ram\u00f3n), cu\u2026", "author_id": "1124104567942197248", "edit_history_tweet_ids": ["1449202682678456320"], "id": "1449202682678456320"}, {"created_at": "2021-10-16T02:36:43.000Z", "text": "RT @IPerezTuesta: No s\u00e9 qu\u00e9 tanto l\u00edo por lo del nombre. Yo conozco uno que no se complicaba: en el carnet ten\u00eda 3 (Augusto Jos\u00e9 Ram\u00f3n), cu\u2026", "author_id": "2474035910", "edit_history_tweet_ids": ["1449202616387481600"], "id": "1449202616387481600"}, {"created_at": "2021-10-16T02:36:36.000Z", "text": "@APinedaM @Shini7o @Carlos8Reinoso Lleg\u00f3 supliendo a Reinoso,  y ese que se hizo de Ram\u00f3n Ramirez en el Verano 99, y en el Inv 99 de Adolfo Rios, Markus Lopez, Pavel Pardo, @eltibu8 , @FABIANESTAY10 entre otros.", "author_id": "571253899", "edit_history_tweet_ids": ["1449202587794878472"], "id": "1449202587794878472"}, {"created_at": "2021-10-16T02:36:06.000Z", "text": "RT @IPerezTuesta: No s\u00e9 qu\u00e9 tanto l\u00edo por lo del nombre. Yo conozco uno que no se complicaba: en el carnet ten\u00eda 3 (Augusto Jos\u00e9 Ram\u00f3n), cu\u2026", "author_id": "1274372849474703361", "edit_history_tweet_ids": ["1449202463416877058"], "id": "1449202463416877058"}, {"created_at": "2021-10-16T02:35:10.000Z", "text": "RT @IPerezTuesta: No s\u00e9 qu\u00e9 tanto l\u00edo por lo del nombre. Yo conozco uno que no se complicaba: en el carnet ten\u00eda 3 (Augusto Jos\u00e9 Ram\u00f3n), cu\u2026", "author_id": "1304280901", "edit_history_tweet_ids": ["1449202228854730752"], "id": "1449202228854730752"}, {"created_at": "2021-10-16T02:34:57.000Z", "text": "RT @IPerezTuesta: No s\u00e9 qu\u00e9 tanto l\u00edo por lo del nombre. Yo conozco uno que no se complicaba: en el carnet ten\u00eda 3 (Augusto Jos\u00e9 Ram\u00f3n), cu\u2026", "author_id": "56248972", "edit_history_tweet_ids": ["1449202172151828480"], "id": "1449202172151828480"}, {"created_at": "2021-10-16T02:33:15.000Z", "text": "RT @EconomistaFlait: El chanter\u00edo intelectual de Ram\u00f3n L\u00f3pez y Manuel Riesco es pa la cag\u00e1. Comparan lo q est\u00e1 haciendo Marcel al subir las\u2026", "author_id": "121224208", "edit_history_tweet_ids": ["1449201745138098185"], "id": "1449201745138098185"}, {"created_at": "2021-10-16T02:32:01.000Z", "text": "RT @IPerezTuesta: No s\u00e9 qu\u00e9 tanto l\u00edo por lo del nombre. Yo conozco uno que no se complicaba: en el carnet ten\u00eda 3 (Augusto Jos\u00e9 Ram\u00f3n), cu\u2026", "author_id": "1185401798686920704", "edit_history_tweet_ids": ["1449201435753648130"], "id": "1449201435753648130"}, {"created_at": "2021-10-16T02:28:01.000Z", "text": "RT @IPerezTuesta: No s\u00e9 qu\u00e9 tanto l\u00edo por lo del nombre. Yo conozco uno que no se complicaba: en el carnet ten\u00eda 3 (Augusto Jos\u00e9 Ram\u00f3n), cu\u2026", "author_id": "1249415584179077120", "edit_history_tweet_ids": ["1449200427572944901"], "id": "1449200427572944901"}, {"created_at": "2021-10-16T02:27:03.000Z", "text": "RT @SecDef: On this final day of #HispanicHeritageMonth , I'd like to recognize our very own Senior Enlisted Advisor to the Chairman (SEAC)\u2026", "author_id": "1357545362270093312", "edit_history_tweet_ids": ["1449200185838604292"], "id": "1449200185838604292"}, {"created_at": "2021-10-16T02:26:19.000Z", "text": "RT @IPerezTuesta: No s\u00e9 qu\u00e9 tanto l\u00edo por lo del nombre. Yo conozco uno que no se complicaba: en el carnet ten\u00eda 3 (Augusto Jos\u00e9 Ram\u00f3n), cu\u2026", "author_id": "3442682416", "edit_history_tweet_ids": ["1449200001826000896"], "id": "1449200001826000896"}, {"created_at": "2021-10-16T02:25:50.000Z", "text": "RT @IPerezTuesta: No s\u00e9 qu\u00e9 tanto l\u00edo por lo del nombre. Yo conozco uno que no se complicaba: en el carnet ten\u00eda 3 (Augusto Jos\u00e9 Ram\u00f3n), cu\u2026", "author_id": "396192183", "edit_history_tweet_ids": ["1449199880010797056"], "id": "1449199880010797056"}, {"created_at": "2021-10-16T02:25:40.000Z", "text": "As\u00ed que Pepe Zanjas ahora est\u00e1 llorando por que le quitaron su identidad? No se sienta tan mal candidato, recuerde que Pinochet abri\u00f3 cuentas en el exterior para desfalcar platas p\u00fablicas usando como nombre Jos\u00e9 Ram\u00f3n Ugarte o Daniel L\u00f3pez \ud83d\ude06", "author_id": "64081304", "edit_history_tweet_ids": ["1449199835781812229"], "id": "1449199835781812229"}, {"created_at": "2021-10-16T02:22:05.000Z", "text": "RT @IPerezTuesta: No s\u00e9 qu\u00e9 tanto l\u00edo por lo del nombre. Yo conozco uno que no se complicaba: en el carnet ten\u00eda 3 (Augusto Jos\u00e9 Ram\u00f3n), cu\u2026", "author_id": "1112689843", "edit_history_tweet_ids": ["1449198935948419073"], "id": "1449198935948419073"}, {"created_at": "2021-10-16T02:21:14.000Z", "text": "RT @IPerezTuesta: No s\u00e9 qu\u00e9 tanto l\u00edo por lo del nombre. Yo conozco uno que no se complicaba: en el carnet ten\u00eda 3 (Augusto Jos\u00e9 Ram\u00f3n), cu\u2026", "author_id": "1358478620554108929", "edit_history_tweet_ids": ["1449198720549937159"], "id": "1449198720549937159"}, {"created_at": "2021-10-16T02:18:35.000Z", "text": "RT @SecDef: On this final day of #HispanicHeritageMonth , I'd like to recognize our very own Senior Enlisted Advisor to the Chairman (SEAC)\u2026", "author_id": "2320188580", "edit_history_tweet_ids": ["1449198053764870145"], "id": "1449198053764870145"}, {"created_at": "2021-10-16T02:18:12.000Z", "text": "RT @PrensaComunitar: El abogado Ram\u00f3n Cadena, de la Comisi\u00f3n Internacional de Juristas, se\u00f1al\u00f3 que el proceso de Rudy L\u00f3pez Pablo es otro c\u2026", "author_id": "994666909240123393", "edit_history_tweet_ids": ["1449197956557594631"], "id": "1449197956557594631"}, {"created_at": "2021-10-16T02:17:11.000Z", "text": "RT @EconomistaFlait: De Manuel Riesco, lo entiendo, el wn es Comunista, chanta y se ha pegao wenas pas\u00e1s pitiandose we\u00e1s (AFP Magister, sis\u2026", "author_id": "824166872", "edit_history_tweet_ids": ["1449197700033835011"], "id": "1449197700033835011"}, {"created_at": "2021-10-16T02:13:49.000Z", "text": "RT @IPerezTuesta: No s\u00e9 qu\u00e9 tanto l\u00edo por lo del nombre. Yo conozco uno que no se complicaba: en el carnet ten\u00eda 3 (Augusto Jos\u00e9 Ram\u00f3n), cu\u2026", "author_id": "1186739895110459392", "edit_history_tweet_ids": ["1449196855963705352"], "id": "1449196855963705352"}, {"created_at": "2021-10-16T02:13:15.000Z", "text": "RT @IPerezTuesta: No s\u00e9 qu\u00e9 tanto l\u00edo por lo del nombre. Yo conozco uno que no se complicaba: en el carnet ten\u00eda 3 (Augusto Jos\u00e9 Ram\u00f3n), cu\u2026", "author_id": "354103736", "edit_history_tweet_ids": ["1449196709771296768"], "id": "1449196709771296768"}, {"created_at": "2021-10-16T02:10:45.000Z", "text": "RT @IPerezTuesta: No s\u00e9 qu\u00e9 tanto l\u00edo por lo del nombre. Yo conozco uno que no se complicaba: en el carnet ten\u00eda 3 (Augusto Jos\u00e9 Ram\u00f3n), cu\u2026", "author_id": "148038214", "edit_history_tweet_ids": ["1449196084274806786"], "id": "1449196084274806786"}, {"created_at": "2021-10-16T02:09:47.000Z", "text": "RT @casadelpoetarlv: La Casa del Poeta \u201cRam\u00f3n L\u00f3pez Velarde\u201dinvita a la presentaci\u00f3n del libro Trazos de Manuel Cuautle el pr\u00f3ximo martes 1\u2026", "author_id": "2332435880", "edit_history_tweet_ids": ["1449195841143648262"], "id": "1449195841143648262"}, {"created_at": "2021-10-16T02:09:25.000Z", "text": "RT @IPerezTuesta: No s\u00e9 qu\u00e9 tanto l\u00edo por lo del nombre. Yo conozco uno que no se complicaba: en el carnet ten\u00eda 3 (Augusto Jos\u00e9 Ram\u00f3n), cu\u2026", "author_id": "3294329063", "edit_history_tweet_ids": ["1449195747505807362"], "id": "1449195747505807362"}, {"created_at": "2021-10-16T02:08:37.000Z", "text": "RT @PrensaComunitar: El abogado Ram\u00f3n Cadena, de la Comisi\u00f3n Internacional de Juristas, se\u00f1al\u00f3 que el proceso de Rudy L\u00f3pez Pablo es otro c\u2026", "author_id": "1242524928689176580", "edit_history_tweet_ids": ["1449195545319415809"], "id": "1449195545319415809"}, {"created_at": "2021-10-16T02:06:41.000Z", "text": "RT @casadelpoetarlv: La Casa del Poeta \u201cRam\u00f3n L\u00f3pez Velarde\u201d en colaboraci\u00f3n con la Universidad del Claustro de Sor Juana y como parte de l\u2026", "author_id": "2332435880", "edit_history_tweet_ids": ["1449195061078630404"], "id": "1449195061078630404"}, {"created_at": "2021-10-16T02:05:14.000Z", "text": "RT @IPerezTuesta: No s\u00e9 qu\u00e9 tanto l\u00edo por lo del nombre. Yo conozco uno que no se complicaba: en el carnet ten\u00eda 3 (Augusto Jos\u00e9 Ram\u00f3n), cu\u2026", "author_id": "529111649", "edit_history_tweet_ids": ["1449194694517264385"], "id": "1449194694517264385"}, {"created_at": "2021-10-16T01:57:46.000Z", "text": "RT @IPerezTuesta: No s\u00e9 qu\u00e9 tanto l\u00edo por lo del nombre. Yo conozco uno que no se complicaba: en el carnet ten\u00eda 3 (Augusto Jos\u00e9 Ram\u00f3n), cu\u2026", "author_id": "2357642019", "edit_history_tweet_ids": ["1449192814332416006"], "id": "1449192814332416006"}, {"created_at": "2021-10-16T01:57:35.000Z", "text": "RT @IPerezTuesta: No s\u00e9 qu\u00e9 tanto l\u00edo por lo del nombre. Yo conozco uno que no se complicaba: en el carnet ten\u00eda 3 (Augusto Jos\u00e9 Ram\u00f3n), cu\u2026", "author_id": "31763194", "edit_history_tweet_ids": ["1449192770493718530"], "id": "1449192770493718530"}, {"created_at": "2021-10-16T01:57:14.000Z", "text": "RT @PrensaComunitar: El abogado Ram\u00f3n Cadena, de la Comisi\u00f3n Internacional de Juristas, se\u00f1al\u00f3 que el proceso de Rudy L\u00f3pez Pablo es otro c\u2026", "author_id": "1272362676178608131", "edit_history_tweet_ids": ["1449192679347269632"], "id": "1449192679347269632"}, {"created_at": "2021-10-16T01:56:35.000Z", "text": "RT @IPerezTuesta: No s\u00e9 qu\u00e9 tanto l\u00edo por lo del nombre. Yo conozco uno que no se complicaba: en el carnet ten\u00eda 3 (Augusto Jos\u00e9 Ram\u00f3n), cu\u2026", "author_id": "51862072", "edit_history_tweet_ids": ["1449192517212147715"], "id": "1449192517212147715"}, {"created_at": "2021-10-16T01:55:59.000Z", "text": "RT @IPerezTuesta: No s\u00e9 qu\u00e9 tanto l\u00edo por lo del nombre. Yo conozco uno que no se complicaba: en el carnet ten\u00eda 3 (Augusto Jos\u00e9 Ram\u00f3n), cu\u2026", "author_id": "1210239762478632960", "edit_history_tweet_ids": ["1449192364392665090"], "id": "1449192364392665090"}, {"created_at": "2021-10-16T01:53:10.000Z", "text": "RT @IPerezTuesta: No s\u00e9 qu\u00e9 tanto l\u00edo por lo del nombre. Yo conozco uno que no se complicaba: en el carnet ten\u00eda 3 (Augusto Jos\u00e9 Ram\u00f3n), cu\u2026", "author_id": "2152820201", "edit_history_tweet_ids": ["1449191658331914240"], "id": "1449191658331914240"}, {"created_at": "2021-10-16T01:51:00.000Z", "text": "RT @SecDef: On this final day of #HispanicHeritageMonth , I'd like to recognize our very own Senior Enlisted Advisor to the Chairman (SEAC)\u2026", "author_id": "312468791", "edit_history_tweet_ids": ["1449191110773915655"], "id": "1449191110773915655"}, {"created_at": "2021-10-16T01:47:23.000Z", "text": "RT @IPerezTuesta: No s\u00e9 qu\u00e9 tanto l\u00edo por lo del nombre. Yo conozco uno que no se complicaba: en el carnet ten\u00eda 3 (Augusto Jos\u00e9 Ram\u00f3n), cu\u2026", "author_id": "163707938", "edit_history_tweet_ids": ["1449190201926979584"], "id": "1449190201926979584"}, {"created_at": "2021-10-16T01:46:59.000Z", "text": "RT @EconomistaFlait: El chanter\u00edo intelectual de Ram\u00f3n L\u00f3pez y Manuel Riesco es pa la cag\u00e1. Comparan lo q est\u00e1 haciendo Marcel al subir las\u2026", "author_id": "1267483009772593155", "edit_history_tweet_ids": ["1449190099942449157"], "id": "1449190099942449157"}, {"created_at": "2021-10-16T01:46:02.000Z", "text": "RT @IPerezTuesta: No s\u00e9 qu\u00e9 tanto l\u00edo por lo del nombre. Yo conozco uno que no se complicaba: en el carnet ten\u00eda 3 (Augusto Jos\u00e9 Ram\u00f3n), cu\u2026", "author_id": "1018568022305525761", "edit_history_tweet_ids": ["1449189862377238529"], "id": "1449189862377238529"}, {"created_at": "2021-10-16T01:45:47.000Z", "text": "RT @EconomistaFlait: El chanter\u00edo intelectual de Ram\u00f3n L\u00f3pez y Manuel Riesco es pa la cag\u00e1. Comparan lo q est\u00e1 haciendo Marcel al subir las\u2026", "author_id": "2880382895", "edit_history_tweet_ids": ["1449189798401302533"], "id": "1449189798401302533"}, {"created_at": "2021-10-16T01:45:37.000Z", "text": "RT @IPerezTuesta: No s\u00e9 qu\u00e9 tanto l\u00edo por lo del nombre. Yo conozco uno que no se complicaba: en el carnet ten\u00eda 3 (Augusto Jos\u00e9 Ram\u00f3n), cu\u2026", "author_id": "108511594", "edit_history_tweet_ids": ["1449189757922197507"], "id": "1449189757922197507"}, {"created_at": "2021-10-16T01:45:28.000Z", "text": "RT @IPerezTuesta: No s\u00e9 qu\u00e9 tanto l\u00edo por lo del nombre. Yo conozco uno que no se complicaba: en el carnet ten\u00eda 3 (Augusto Jos\u00e9 Ram\u00f3n), cu\u2026", "author_id": "3207675407", "edit_history_tweet_ids": ["1449189720240525316"], "id": "1449189720240525316"}, {"created_at": "2021-10-16T01:44:18.000Z", "text": "RT @IPerezTuesta: No s\u00e9 qu\u00e9 tanto l\u00edo por lo del nombre. Yo conozco uno que no se complicaba: en el carnet ten\u00eda 3 (Augusto Jos\u00e9 Ram\u00f3n), cu\u2026", "author_id": "141207579", "edit_history_tweet_ids": ["1449189428140806145"], "id": "1449189428140806145"}, {"created_at": "2021-10-16T01:43:04.000Z", "text": "RT @IPerezTuesta: No s\u00e9 qu\u00e9 tanto l\u00edo por lo del nombre. Yo conozco uno que no se complicaba: en el carnet ten\u00eda 3 (Augusto Jos\u00e9 Ram\u00f3n), cu\u2026", "author_id": "72345364", "edit_history_tweet_ids": ["1449189115845566468"], "id": "1449189115845566468"}, {"created_at": "2021-10-16T01:41:24.000Z", "text": "RT @IPerezTuesta: No s\u00e9 qu\u00e9 tanto l\u00edo por lo del nombre. Yo conozco uno que no se complicaba: en el carnet ten\u00eda 3 (Augusto Jos\u00e9 Ram\u00f3n), cu\u2026", "author_id": "14372446", "edit_history_tweet_ids": ["1449188698306670597"], "id": "1449188698306670597"}, {"created_at": "2021-10-16T01:41:19.000Z", "text": "RT @IPerezTuesta: No s\u00e9 qu\u00e9 tanto l\u00edo por lo del nombre. Yo conozco uno que no se complicaba: en el carnet ten\u00eda 3 (Augusto Jos\u00e9 Ram\u00f3n), cu\u2026", "author_id": "2846103821", "edit_history_tweet_ids": ["1449188677410820101"], "id": "1449188677410820101"}, {"created_at": "2021-10-16T01:38:31.000Z", "text": "RT @IPerezTuesta: No s\u00e9 qu\u00e9 tanto l\u00edo por lo del nombre. Yo conozco uno que no se complicaba: en el carnet ten\u00eda 3 (Augusto Jos\u00e9 Ram\u00f3n), cu\u2026", "author_id": "40284773", "edit_history_tweet_ids": ["1449187970653638658"], "id": "1449187970653638658"}, {"created_at": "2021-10-16T01:37:26.000Z", "text": "RT @IPerezTuesta: No s\u00e9 qu\u00e9 tanto l\u00edo por lo del nombre. Yo conozco uno que no se complicaba: en el carnet ten\u00eda 3 (Augusto Jos\u00e9 Ram\u00f3n), cu\u2026", "author_id": "189741445", "edit_history_tweet_ids": ["1449187696572710912"], "id": "1449187696572710912"}, {"created_at": "2021-10-16T01:34:42.000Z", "text": "RT @IPerezTuesta: No s\u00e9 qu\u00e9 tanto l\u00edo por lo del nombre. Yo conozco uno que no se complicaba: en el carnet ten\u00eda 3 (Augusto Jos\u00e9 Ram\u00f3n), cu\u2026", "author_id": "14296703", "edit_history_tweet_ids": ["1449187012183875596"], "id": "1449187012183875596"}, {"created_at": "2021-10-16T01:33:33.000Z", "text": "RT @IPerezTuesta: No s\u00e9 qu\u00e9 tanto l\u00edo por lo del nombre. Yo conozco uno que no se complicaba: en el carnet ten\u00eda 3 (Augusto Jos\u00e9 Ram\u00f3n), cu\u2026", "author_id": "19745159", "edit_history_tweet_ids": ["1449186719824154624"], "id": "1449186719824154624"}, {"created_at": "2021-10-16T01:33:28.000Z", "text": "RT @IPerezTuesta: No s\u00e9 qu\u00e9 tanto l\u00edo por lo del nombre. Yo conozco uno que no se complicaba: en el carnet ten\u00eda 3 (Augusto Jos\u00e9 Ram\u00f3n), cu\u2026", "author_id": "912841538568359936", "edit_history_tweet_ids": ["1449186701469880322"], "id": "1449186701469880322"}, {"created_at": "2021-10-16T01:33:25.000Z", "text": "RT @IPerezTuesta: No s\u00e9 qu\u00e9 tanto l\u00edo por lo del nombre. Yo conozco uno que no se complicaba: en el carnet ten\u00eda 3 (Augusto Jos\u00e9 Ram\u00f3n), cu\u2026", "author_id": "563197372", "edit_history_tweet_ids": ["1449186688207495169"], "id": "1449186688207495169"}], "meta": {"newest_id": "1449228815809400841", "oldest_id": "1449186688207495169", "result_count": 99, "next_token": "b26v89c19zqg8o3fpds9sujrjg30cej4aieqpz9ry5y0t"}}