{"data": [{"id": "1451598123151728640", "created_at": "2021-10-22T17:15:36.000Z", "text": "RT @Winston_Dunhill: Y nunca te olvides, Ram\u00f3n Eloy Jones, padre de Facundo Jones Huala y su hermano, Fernando Jones, le cuidan los yobacas\u2026", "edit_history_tweet_ids": ["1451598123151728640"], "author_id": "1434504642646450176"}, {"id": "1451598091682033664", "created_at": "2021-10-22T17:15:29.000Z", "text": "RT @AidaMargaritaV1: AMLO recibe rega\u00f1iza de Juan Ram\u00f3n Rallo (economista espa\u00f1ol) por demagogo y mentiroso que pretexta, como buen comunis\u2026", "edit_history_tweet_ids": ["1451598091682033664"], "author_id": "2803135981"}, {"id": "1451598024401108994", "created_at": "2021-10-22T17:15:13.000Z", "text": "RT @Winston_Dunhill: Y nunca te olvides, Ram\u00f3n Eloy Jones, padre de Facundo Jones Huala y su hermano, Fernando Jones, le cuidan los yobacas\u2026", "edit_history_tweet_ids": ["1451598024401108994"], "author_id": "160494659"}, {"id": "1451597534758047757", "created_at": "2021-10-22T17:13:16.000Z", "text": "RT @Winston_Dunhill: Y nunca te olvides, Ram\u00f3n Eloy Jones, padre de Facundo Jones Huala y su hermano, Fernando Jones, le cuidan los yobacas\u2026", "edit_history_tweet_ids": ["1451597534758047757"], "author_id": "965376278"}, {"id": "1451596580859965444", "created_at": "2021-10-22T17:09:28.000Z", "text": "RT @Winston_Dunhill: Y nunca te olvides, Ram\u00f3n Eloy Jones, padre de Facundo Jones Huala y su hermano, Fernando Jones, le cuidan los yobacas\u2026", "edit_history_tweet_ids": ["1451596580859965444"], "author_id": "964125344918921217"}, {"id": "1451596062058160132", "created_at": "2021-10-22T17:07:25.000Z", "text": "RT @ideafuls: \u8170\u3092\u304b\u304c\u3081\u308b\u3053\u3068\u306a\u304f\u82d7\u3092\u690d\u3048\u308b\u3053\u3068\u304c\u3067\u304d\u308b\u6a5f\u5668\u3002\u3053\u308c\u306f\u4e00\u898b\u5730\u5473\u3060\u3051\u3069\u3001\u7269\u51c4\u3044\u30a4\u30ce\u30d9\u30fc\u30b7\u30e7\u30f3\u3067\u306f\u306a\u3044\u3067\u3057\u3087\u3046\u304b\uff1f\u6700\u65b0\u306e\u30c6\u30af\u30ce\u30ed\u30b8\u30fc\u306f\u304d\u3089\u304d\u3089\u3057\u305f\u672a\u6765\u3070\u304b\u308a\u3092\u5411\u304d\u304c\u3061\u3060\u3051\u3069\u3001\u306a\u304b\u306a\u304b\u76ee\u304c\u5411\u304b\u306a\u3044\u5834\u6240\u306b\u3053\u305d\u3001\u30a2\u30a4\u30c7\u30a2\u306e\u529b\u304c\u5fc5\u8981\u3060\u3068\u611f\u3058\u307e\u3059\u3002https://\u2026", "edit_history_tweet_ids": ["1451596062058160132"], "author_id": "122379297"}, {"id": "1451595220605341696", "created_at": "2021-10-22T17:04:04.000Z", "text": "RT @AidaMargaritaV1: AMLO recibe rega\u00f1iza de Juan Ram\u00f3n Rallo (economista espa\u00f1ol) por demagogo y mentiroso que pretexta, como buen comunis\u2026", "edit_history_tweet_ids": ["1451595220605341696"], "author_id": "929912219780960256"}, {"id": "1451595189902983168", "created_at": "2021-10-22T17:03:57.000Z", "text": "RT @Winston_Dunhill: Y nunca te olvides, Ram\u00f3n Eloy Jones, padre de Facundo Jones Huala y su hermano, Fernando Jones, le cuidan los yobacas\u2026", "edit_history_tweet_ids": ["1451595189902983168"], "author_id": "347408858"}, {"id": "1451595115156283401", "created_at": "2021-10-22T17:03:39.000Z", "text": "RT @ideafuls: \u8170\u3092\u304b\u304c\u3081\u308b\u3053\u3068\u306a\u304f\u82d7\u3092\u690d\u3048\u308b\u3053\u3068\u304c\u3067\u304d\u308b\u6a5f\u5668\u3002\u3053\u308c\u306f\u4e00\u898b\u5730\u5473\u3060\u3051\u3069\u3001\u7269\u51c4\u3044\u30a4\u30ce\u30d9\u30fc\u30b7\u30e7\u30f3\u3067\u306f\u306a\u3044\u3067\u3057\u3087\u3046\u304b\uff1f\u6700\u65b0\u306e\u30c6\u30af\u30ce\u30ed\u30b8\u30fc\u306f\u304d\u3089\u304d\u3089\u3057\u305f\u672a\u6765\u3070\u304b\u308a\u3092\u5411\u304d\u304c\u3061\u3060\u3051\u3069\u3001\u306a\u304b\u306a\u304b\u76ee\u304c\u5411\u304b\u306a\u3044\u5834\u6240\u306b\u3053\u305d\u3001\u30a2\u30a4\u30c7\u30a2\u306e\u529b\u304c\u5fc5\u8981\u3060\u3068\u611f\u3058\u307e\u3059\u3002https://\u2026", "edit_history_tweet_ids": ["1451595115156283401"], "author_id": "910891366103658497"}, {"id": "1451595074790322176", "created_at": "2021-10-22T17:03:29.000Z", "text": "RT @AidaMargaritaV1: AMLO recibe rega\u00f1iza de Juan Ram\u00f3n Rallo (economista espa\u00f1ol) por demagogo y mentiroso que pretexta, como buen comunis\u2026", "edit_history_tweet_ids": ["1451595074790322176"], "author_id": "1185383760528723968"}, {"id": "1451595072072466433", "created_at": "2021-10-22T17:03:29.000Z", "text": "RT @Winston_Dunhill: Y nunca te olvides, Ram\u00f3n Eloy Jones, padre de Facundo Jones Huala y su hermano, Fernando Jones, le cuidan los yobacas\u2026", "edit_history_tweet_ids": ["1451595072072466433"], "author_id": "1419453637357670401"}, {"id": "1451595038161608711", "created_at": "2021-10-22T17:03:21.000Z", "text": "RT @Winston_Dunhill: Y nunca te olvides, Ram\u00f3n Eloy Jones, padre de Facundo Jones Huala y su hermano, Fernando Jones, le cuidan los yobacas\u2026", "edit_history_tweet_ids": ["1451595038161608711"], "author_id": "709283425"}, {"id": "1451594995513823233", "created_at": "2021-10-22T17:03:10.000Z", "text": "RT @TlacaelelRey: Tendr\u00e1n algo q decir Juan Ram\u00f3n de la Fuente, Irma Erendira, tiroloco Ackerman, Gibran, Sheinbaum, Jim\u00e9nez Espriu y tanto\u2026", "edit_history_tweet_ids": ["1451594995513823233"], "author_id": "351559124"}, {"id": "1451594686628564996", "created_at": "2021-10-22T17:01:57.000Z", "text": "RT @AidaMargaritaV1: AMLO recibe rega\u00f1iza de Juan Ram\u00f3n Rallo (economista espa\u00f1ol) por demagogo y mentiroso que pretexta, como buen comunis\u2026", "edit_history_tweet_ids": ["1451594686628564996"], "author_id": "1284213005866029056"}, {"id": "1451594489684922369", "created_at": "2021-10-22T17:01:10.000Z", "text": "RT @Winston_Dunhill: Y nunca te olvides, Ram\u00f3n Eloy Jones, padre de Facundo Jones Huala y su hermano, Fernando Jones, le cuidan los yobacas\u2026", "edit_history_tweet_ids": ["1451594489684922369"], "author_id": "735617237822935041"}, {"id": "1451594292829437955", "created_at": "2021-10-22T17:00:23.000Z", "text": "RT @ideafuls: \u8170\u3092\u304b\u304c\u3081\u308b\u3053\u3068\u306a\u304f\u82d7\u3092\u690d\u3048\u308b\u3053\u3068\u304c\u3067\u304d\u308b\u6a5f\u5668\u3002\u3053\u308c\u306f\u4e00\u898b\u5730\u5473\u3060\u3051\u3069\u3001\u7269\u51c4\u3044\u30a4\u30ce\u30d9\u30fc\u30b7\u30e7\u30f3\u3067\u306f\u306a\u3044\u3067\u3057\u3087\u3046\u304b\uff1f\u6700\u65b0\u306e\u30c6\u30af\u30ce\u30ed\u30b8\u30fc\u306f\u304d\u3089\u304d\u3089\u3057\u305f\u672a\u6765\u3070\u304b\u308a\u3092\u5411\u304d\u304c\u3061\u3060\u3051\u3069\u3001\u306a\u304b\u306a\u304b\u76ee\u304c\u5411\u304b\u306a\u3044\u5834\u6240\u306b\u3053\u305d\u3001\u30a2\u30a4\u30c7\u30a2\u306e\u529b\u304c\u5fc5\u8981\u3060\u3068\u611f\u3058\u307e\u3059\u3002https://\u2026", "edit_history_tweet_ids": ["1451594292829437955"], "author_id": "264867093"}, {"id": "1451594216908509186", "created_at": "2021-10-22T17:00:05.000Z", "text": "RT @AidaMargaritaV1: AMLO recibe rega\u00f1iza de Juan Ram\u00f3n Rallo (economista espa\u00f1ol) por demagogo y mentiroso que pretexta, como buen comunis\u2026", "edit_history_tweet_ids": ["1451594216908509186"], "author_id": "1274455468719644672"}, {"id": "1451594210088558594", "created_at": "2021-10-22T17:00:03.000Z", "text": "RT @Winston_Dunhill: Y nunca te olvides, Ram\u00f3n Eloy Jones, padre de Facundo Jones Huala y su hermano, Fernando Jones, le cuidan los yobacas\u2026", "edit_history_tweet_ids": ["1451594210088558594"], "author_id": "978805113740578816"}, {"id": "1451594061803102212", "created_at": "2021-10-22T16:59:28.000Z", "text": "RT @Winston_Dunhill: Y nunca te olvides, Ram\u00f3n Eloy Jones, padre de Facundo Jones Huala y su hermano, Fernando Jones, le cuidan los yobacas\u2026", "edit_history_tweet_ids": ["1451594061803102212"], "author_id": "1172970010161102848"}, {"id": "1451593821532295173", "created_at": "2021-10-22T16:58:31.000Z", "text": "RT @ideafuls: \u8170\u3092\u304b\u304c\u3081\u308b\u3053\u3068\u306a\u304f\u82d7\u3092\u690d\u3048\u308b\u3053\u3068\u304c\u3067\u304d\u308b\u6a5f\u5668\u3002\u3053\u308c\u306f\u4e00\u898b\u5730\u5473\u3060\u3051\u3069\u3001\u7269\u51c4\u3044\u30a4\u30ce\u30d9\u30fc\u30b7\u30e7\u30f3\u3067\u306f\u306a\u3044\u3067\u3057\u3087\u3046\u304b\uff1f\u6700\u65b0\u306e\u30c6\u30af\u30ce\u30ed\u30b8\u30fc\u306f\u304d\u3089\u304d\u3089\u3057\u305f\u672a\u6765\u3070\u304b\u308a\u3092\u5411\u304d\u304c\u3061\u3060\u3051\u3069\u3001\u306a\u304b\u306a\u304b\u76ee\u304c\u5411\u304b\u306a\u3044\u5834\u6240\u306b\u3053\u305d\u3001\u30a2\u30a4\u30c7\u30a2\u306e\u529b\u304c\u5fc5\u8981\u3060\u3068\u611f\u3058\u307e\u3059\u3002https://\u2026", "edit_history_tweet_ids": ["1451593821532295173"], "author_id": "723111126"}, {"id": "1451593724425904129", "created_at": "2021-10-22T16:58:07.000Z", "text": "RT @AidaMargaritaV1: AMLO recibe rega\u00f1iza de Juan Ram\u00f3n Rallo (economista espa\u00f1ol) por demagogo y mentiroso que pretexta, como buen comunis\u2026", "edit_history_tweet_ids": ["1451593724425904129"], "author_id": "1242065385396060170"}, {"id": "1451593583744753690", "created_at": "2021-10-22T16:57:34.000Z", "text": "RT @ricardoolivenc1: Foto de Ram\u00f3n Emeterio Betances engalanando la portada de la revista Puerto Rico Ilustrado. 7 de agosto de 1920. Foto\u2026", "edit_history_tweet_ids": ["1451593583744753690"], "author_id": "929078184318062592"}, {"id": "1451593393474318342", "created_at": "2021-10-22T16:56:48.000Z", "text": "RT @TlacaelelRey: Tendr\u00e1n algo q decir Juan Ram\u00f3n de la Fuente, Irma Erendira, tiroloco Ackerman, Gibran, Sheinbaum, Jim\u00e9nez Espriu y tanto\u2026", "edit_history_tweet_ids": ["1451593393474318342"], "author_id": "325255181"}, {"id": "1451593052355797041", "created_at": "2021-10-22T16:55:27.000Z", "text": "RT @Winston_Dunhill: Y nunca te olvides, Ram\u00f3n Eloy Jones, padre de Facundo Jones Huala y su hermano, Fernando Jones, le cuidan los yobacas\u2026", "edit_history_tweet_ids": ["1451593052355797041"], "author_id": "1358773038024691716"}, {"id": "1451592661106925605", "created_at": "2021-10-22T16:53:54.000Z", "text": "RT @AidaMargaritaV1: AMLO recibe rega\u00f1iza de Juan Ram\u00f3n Rallo (economista espa\u00f1ol) por demagogo y mentiroso que pretexta, como buen comunis\u2026", "edit_history_tweet_ids": ["1451592661106925605"], "author_id": "422144324"}, {"id": "1451592453849432067", "created_at": "2021-10-22T16:53:04.000Z", "text": "RT @ideafuls: \u8170\u3092\u304b\u304c\u3081\u308b\u3053\u3068\u306a\u304f\u82d7\u3092\u690d\u3048\u308b\u3053\u3068\u304c\u3067\u304d\u308b\u6a5f\u5668\u3002\u3053\u308c\u306f\u4e00\u898b\u5730\u5473\u3060\u3051\u3069\u3001\u7269\u51c4\u3044\u30a4\u30ce\u30d9\u30fc\u30b7\u30e7\u30f3\u3067\u306f\u306a\u3044\u3067\u3057\u3087\u3046\u304b\uff1f\u6700\u65b0\u306e\u30c6\u30af\u30ce\u30ed\u30b8\u30fc\u306f\u304d\u3089\u304d\u3089\u3057\u305f\u672a\u6765\u3070\u304b\u308a\u3092\u5411\u304d\u304c\u3061\u3060\u3051\u3069\u3001\u306a\u304b\u306a\u304b\u76ee\u304c\u5411\u304b\u306a\u3044\u5834\u6240\u306b\u3053\u305d\u3001\u30a2\u30a4\u30c7\u30a2\u306e\u529b\u304c\u5fc5\u8981\u3060\u3068\u611f\u3058\u307e\u3059\u3002https://\u2026", "edit_history_tweet_ids": ["1451592453849432067"], "author_id": "2713567764"}, {"id": "1451592431108071450", "created_at": "2021-10-22T16:52:59.000Z", "text": "RT @Winston_Dunhill: Y nunca te olvides, Ram\u00f3n Eloy Jones, padre de Facundo Jones Huala y su hermano, Fernando Jones, le cuidan los yobacas\u2026", "edit_history_tweet_ids": ["1451592431108071450"], "author_id": "907019356042874880"}, {"id": "1451592331090558977", "created_at": "2021-10-22T16:52:35.000Z", "text": "RT @Winston_Dunhill: Y nunca te olvides, Ram\u00f3n Eloy Jones, padre de Facundo Jones Huala y su hermano, Fernando Jones, le cuidan los yobacas\u2026", "edit_history_tweet_ids": ["1451592331090558977"], "author_id": "844660166276628480"}, {"id": "1451592182922612737", "created_at": "2021-10-22T16:52:00.000Z", "text": "RT @Winston_Dunhill: Y nunca te olvides, Ram\u00f3n Eloy Jones, padre de Facundo Jones Huala y su hermano, Fernando Jones, le cuidan los yobacas\u2026", "edit_history_tweet_ids": ["1451592182922612737"], "author_id": "200554740"}, {"id": "1451592027444060182", "created_at": "2021-10-22T16:51:23.000Z", "text": "RT @AidaMargaritaV1: AMLO recibe rega\u00f1iza de Juan Ram\u00f3n Rallo (economista espa\u00f1ol) por demagogo y mentiroso que pretexta, como buen comunis\u2026", "edit_history_tweet_ids": ["1451592027444060182"], "author_id": "1436422233656803328"}, {"id": "1451591897504522273", "created_at": "2021-10-22T16:50:52.000Z", "text": "RT @TlacaelelRey: Tendr\u00e1n algo q decir Juan Ram\u00f3n de la Fuente, Irma Erendira, tiroloco Ackerman, Gibran, Sheinbaum, Jim\u00e9nez Espriu y tanto\u2026", "edit_history_tweet_ids": ["1451591897504522273"], "author_id": "522376218"}, {"id": "1451591570927624237", "created_at": "2021-10-22T16:49:34.000Z", "text": "RT @Winston_Dunhill: Y nunca te olvides, Ram\u00f3n Eloy Jones, padre de Facundo Jones Huala y su hermano, Fernando Jones, le cuidan los yobacas\u2026", "edit_history_tweet_ids": ["1451591570927624237"], "author_id": "67046167"}, {"id": "1451591333710372902", "created_at": "2021-10-22T16:48:37.000Z", "text": "RT @Winston_Dunhill: Y nunca te olvides, Ram\u00f3n Eloy Jones, padre de Facundo Jones Huala y su hermano, Fernando Jones, le cuidan los yobacas\u2026", "edit_history_tweet_ids": ["1451591333710372902"], "author_id": "819965914468782081"}, {"id": "1451591154965913604", "created_at": "2021-10-22T16:47:55.000Z", "text": "RT @Winston_Dunhill: Y nunca te olvides, Ram\u00f3n Eloy Jones, padre de Facundo Jones Huala y su hermano, Fernando Jones, le cuidan los yobacas\u2026", "edit_history_tweet_ids": ["1451591154965913604"], "author_id": "1001203911913623553"}, {"id": "1451591004289568770", "created_at": "2021-10-22T16:47:19.000Z", "text": "RT @AidaMargaritaV1: AMLO recibe rega\u00f1iza de Juan Ram\u00f3n Rallo (economista espa\u00f1ol) por demagogo y mentiroso que pretexta, como buen comunis\u2026", "edit_history_tweet_ids": ["1451591004289568770"], "author_id": "2577735318"}, {"id": "1451590925529010182", "created_at": "2021-10-22T16:47:00.000Z", "text": "RT @Winston_Dunhill: Y nunca te olvides, Ram\u00f3n Eloy Jones, padre de Facundo Jones Huala y su hermano, Fernando Jones, le cuidan los yobacas\u2026", "edit_history_tweet_ids": ["1451590925529010182"], "author_id": "1287265164"}, {"id": "1451590632758120448", "created_at": "2021-10-22T16:45:50.000Z", "text": "RT @Winston_Dunhill: Y nunca te olvides, Ram\u00f3n Eloy Jones, padre de Facundo Jones Huala y su hermano, Fernando Jones, le cuidan los yobacas\u2026", "edit_history_tweet_ids": ["1451590632758120448"], "author_id": "1264230437804806144"}, {"id": "1451590305669652481", "created_at": "2021-10-22T16:44:32.000Z", "text": "RT @AidaMargaritaV1: AMLO recibe rega\u00f1iza de Juan Ram\u00f3n Rallo (economista espa\u00f1ol) por demagogo y mentiroso que pretexta, como buen comunis\u2026", "edit_history_tweet_ids": ["1451590305669652481"], "author_id": "121928296"}, {"id": "1451589941662683136", "created_at": "2021-10-22T16:43:05.000Z", "text": "RT @AidaMargaritaV1: AMLO recibe rega\u00f1iza de Juan Ram\u00f3n Rallo (economista espa\u00f1ol) por demagogo y mentiroso que pretexta, como buen comunis\u2026", "edit_history_tweet_ids": ["1451589941662683136"], "author_id": "858109860210135040"}, {"id": "1451589875866554371", "created_at": "2021-10-22T16:42:50.000Z", "text": "RT @Winston_Dunhill: Y nunca te olvides, Ram\u00f3n Eloy Jones, padre de Facundo Jones Huala y su hermano, Fernando Jones, le cuidan los yobacas\u2026", "edit_history_tweet_ids": ["1451589875866554371"], "author_id": "301038211"}, {"id": "1451589862176423939", "created_at": "2021-10-22T16:42:47.000Z", "text": "RT @Winston_Dunhill: Y nunca te olvides, Ram\u00f3n Eloy Jones, padre de Facundo Jones Huala y su hermano, Fernando Jones, le cuidan los yobacas\u2026", "edit_history_tweet_ids": ["1451589862176423939"], "author_id": "593881814"}, {"id": "1451589366128812050", "created_at": "2021-10-22T16:40:48.000Z", "text": "RT @Winston_Dunhill: Y nunca te olvides, Ram\u00f3n Eloy Jones, padre de Facundo Jones Huala y su hermano, Fernando Jones, le cuidan los yobacas\u2026", "edit_history_tweet_ids": ["1451589366128812050"], "author_id": "522419725"}, {"id": "1451589044329091074", "created_at": "2021-10-22T16:39:32.000Z", "text": "RT @AidaMargaritaV1: AMLO recibe rega\u00f1iza de Juan Ram\u00f3n Rallo (economista espa\u00f1ol) por demagogo y mentiroso que pretexta, como buen comunis\u2026", "edit_history_tweet_ids": ["1451589044329091074"], "author_id": "1365546344"}, {"id": "1451588890972753921", "created_at": "2021-10-22T16:38:55.000Z", "text": "RT @Winston_Dunhill: Y nunca te olvides, Ram\u00f3n Eloy Jones, padre de Facundo Jones Huala y su hermano, Fernando Jones, le cuidan los yobacas\u2026", "edit_history_tweet_ids": ["1451588890972753921"], "author_id": "1058828943049007104"}, {"id": "1451588401371643904", "created_at": "2021-10-22T16:36:58.000Z", "text": "RT @Winston_Dunhill: Y nunca te olvides, Ram\u00f3n Eloy Jones, padre de Facundo Jones Huala y su hermano, Fernando Jones, le cuidan los yobacas\u2026", "edit_history_tweet_ids": ["1451588401371643904"], "author_id": "1072679314662088704"}, {"id": "1451588391544426505", "created_at": "2021-10-22T16:36:56.000Z", "text": "RT @Winston_Dunhill: Y nunca te olvides, Ram\u00f3n Eloy Jones, padre de Facundo Jones Huala y su hermano, Fernando Jones, le cuidan los yobacas\u2026", "edit_history_tweet_ids": ["1451588391544426505"], "author_id": "1405207566796349448"}, {"id": "1451587925997543427", "created_at": "2021-10-22T16:35:05.000Z", "text": "RT @Winston_Dunhill: Y nunca te olvides, Ram\u00f3n Eloy Jones, padre de Facundo Jones Huala y su hermano, Fernando Jones, le cuidan los yobacas\u2026", "edit_history_tweet_ids": ["1451587925997543427"], "author_id": "347269243"}, {"id": "1451587717977018372", "created_at": "2021-10-22T16:34:15.000Z", "text": "RT @Winston_Dunhill: Y nunca te olvides, Ram\u00f3n Eloy Jones, padre de Facundo Jones Huala y su hermano, Fernando Jones, le cuidan los yobacas\u2026", "edit_history_tweet_ids": ["1451587717977018372"], "author_id": "4292292021"}, {"id": "1451587343970824196", "created_at": "2021-10-22T16:32:46.000Z", "text": "RT @Winston_Dunhill: Y nunca te olvides, Ram\u00f3n Eloy Jones, padre de Facundo Jones Huala y su hermano, Fernando Jones, le cuidan los yobacas\u2026", "edit_history_tweet_ids": ["1451587343970824196"], "author_id": "1342532302526623745"}, {"id": "1451587019142991875", "created_at": "2021-10-22T16:31:29.000Z", "text": "RT @TlacaelelRey: Tendr\u00e1n algo q decir Juan Ram\u00f3n de la Fuente, Irma Erendira, tiroloco Ackerman, Gibran, Sheinbaum, Jim\u00e9nez Espriu y tanto\u2026", "edit_history_tweet_ids": ["1451587019142991875"], "author_id": "130518052"}, {"id": "1451586701613096963", "created_at": "2021-10-22T16:30:13.000Z", "text": "@ramonlopez54 @jornacio Ramon Lopez, el doble agente que caga toda campa\u00f1a pol\u00edtica que toca.", "edit_history_tweet_ids": ["1451586701613096963"], "author_id": "26764510"}, {"id": "1451586661247242253", "created_at": "2021-10-22T16:30:03.000Z", "text": "RT @Winston_Dunhill: Y nunca te olvides, Ram\u00f3n Eloy Jones, padre de Facundo Jones Huala y su hermano, Fernando Jones, le cuidan los yobacas\u2026", "edit_history_tweet_ids": ["1451586661247242253"], "author_id": "4056583935"}, {"id": "1451586511904772108", "created_at": "2021-10-22T16:29:28.000Z", "text": "RT @Winston_Dunhill: Y nunca te olvides, Ram\u00f3n Eloy Jones, padre de Facundo Jones Huala y su hermano, Fernando Jones, le cuidan los yobacas\u2026", "edit_history_tweet_ids": ["1451586511904772108"], "author_id": "1087905164932120576"}, {"id": "1451586511456006144", "created_at": "2021-10-22T16:29:28.000Z", "text": "RT @AidaMargaritaV1: AMLO recibe rega\u00f1iza de Juan Ram\u00f3n Rallo (economista espa\u00f1ol) por demagogo y mentiroso que pretexta, como buen comunis\u2026", "edit_history_tweet_ids": ["1451586511456006144"], "author_id": "930185323"}, {"id": "1451586346951319555", "created_at": "2021-10-22T16:28:48.000Z", "text": "AMLO recibe rega\u00f1iza de Juan Ram\u00f3n Rallo (economista espa\u00f1ol) por demagogo y mentiroso que pretexta, como buen comunista, los asuntos ajenos.\n\n@lopezobrador_ \n\n\"LAS MENTIRAS DE L\u00d3PEZ OBRADOR SOBRE EL SISTEMA EL\u00c9CTRICO ESPA\u00d1OL\"  https://t.co/H2YG2M1on0", "edit_history_tweet_ids": ["1451586346951319555"], "author_id": "1097231863679115264"}, {"id": "1451586196434472966", "created_at": "2021-10-22T16:28:13.000Z", "text": "RT @Winston_Dunhill: Y nunca te olvides, Ram\u00f3n Eloy Jones, padre de Facundo Jones Huala y su hermano, Fernando Jones, le cuidan los yobacas\u2026", "edit_history_tweet_ids": ["1451586196434472966"], "author_id": "2812413150"}, {"id": "1451586049038163979", "created_at": "2021-10-22T16:27:37.000Z", "text": "RT @Winston_Dunhill: Y nunca te olvides, Ram\u00f3n Eloy Jones, padre de Facundo Jones Huala y su hermano, Fernando Jones, le cuidan los yobacas\u2026", "edit_history_tweet_ids": ["1451586049038163979"], "author_id": "1219353851230289921"}, {"id": "1451585469452414985", "created_at": "2021-10-22T16:25:19.000Z", "text": "RT @Winston_Dunhill: Y nunca te olvides, Ram\u00f3n Eloy Jones, padre de Facundo Jones Huala y su hermano, Fernando Jones, le cuidan los yobacas\u2026", "edit_history_tweet_ids": ["1451585469452414985"], "author_id": "981645700021792769"}, {"id": "1451585117055557645", "created_at": "2021-10-22T16:23:55.000Z", "text": "RT @Winston_Dunhill: Y nunca te olvides, Ram\u00f3n Eloy Jones, padre de Facundo Jones Huala y su hermano, Fernando Jones, le cuidan los yobacas\u2026", "edit_history_tweet_ids": ["1451585117055557645"], "author_id": "464140870"}, {"id": "1451584988625866753", "created_at": "2021-10-22T16:23:25.000Z", "text": "Ram\u00f3n L\u00f3pez corriendo desnudo por la Alameda gritando improperios contra Mario Marcel", "edit_history_tweet_ids": ["1451584988625866753"], "author_id": "154333187"}, {"id": "1451584947190386695", "created_at": "2021-10-22T16:23:15.000Z", "text": "RT @TlacaelelRey: Tendr\u00e1n algo q decir Juan Ram\u00f3n de la Fuente, Irma Erendira, tiroloco Ackerman, Gibran, Sheinbaum, Jim\u00e9nez Espriu y tanto\u2026", "edit_history_tweet_ids": ["1451584947190386695"], "author_id": "111796109"}, {"id": "1451584836238331905", "created_at": "2021-10-22T16:22:48.000Z", "text": "RT @Winston_Dunhill: Y nunca te olvides, Ram\u00f3n Eloy Jones, padre de Facundo Jones Huala y su hermano, Fernando Jones, le cuidan los yobacas\u2026", "edit_history_tweet_ids": ["1451584836238331905"], "author_id": "1367539868352536585"}, {"id": "1451583631575511047", "created_at": "2021-10-22T16:18:01.000Z", "text": "RT @ideafuls: \u8170\u3092\u304b\u304c\u3081\u308b\u3053\u3068\u306a\u304f\u82d7\u3092\u690d\u3048\u308b\u3053\u3068\u304c\u3067\u304d\u308b\u6a5f\u5668\u3002\u3053\u308c\u306f\u4e00\u898b\u5730\u5473\u3060\u3051\u3069\u3001\u7269\u51c4\u3044\u30a4\u30ce\u30d9\u30fc\u30b7\u30e7\u30f3\u3067\u306f\u306a\u3044\u3067\u3057\u3087\u3046\u304b\uff1f\u6700\u65b0\u306e\u30c6\u30af\u30ce\u30ed\u30b8\u30fc\u306f\u304d\u3089\u304d\u3089\u3057\u305f\u672a\u6765\u3070\u304b\u308a\u3092\u5411\u304d\u304c\u3061\u3060\u3051\u3069\u3001\u306a\u304b\u306a\u304b\u76ee\u304c\u5411\u304b\u306a\u3044\u5834\u6240\u306b\u3053\u305d\u3001\u30a2\u30a4\u30c7\u30a2\u306e\u529b\u304c\u5fc5\u8981\u3060\u3068\u611f\u3058\u307e\u3059\u3002https://\u2026", "edit_history_tweet_ids": ["1451583631575511047"], "author_id": "1293207783924408320"}, {"id": "1451582863501975554", "created_at": "2021-10-22T16:14:58.000Z", "text": "RT @Winston_Dunhill: Y nunca te olvides, Ram\u00f3n Eloy Jones, padre de Facundo Jones Huala y su hermano, Fernando Jones, le cuidan los yobacas\u2026", "edit_history_tweet_ids": ["1451582863501975554"], "author_id": "1044648661307850752"}, {"id": "1451582838990688263", "created_at": "2021-10-22T16:14:52.000Z", "text": "RT @TlacaelelRey: Tendr\u00e1n algo q decir Juan Ram\u00f3n de la Fuente, Irma Erendira, tiroloco Ackerman, Gibran, Sheinbaum, Jim\u00e9nez Espriu y tanto\u2026", "edit_history_tweet_ids": ["1451582838990688263"], "author_id": "1106391613645959173"}, {"id": "1451582734523146260", "created_at": "2021-10-22T16:14:27.000Z", "text": "RT @Winston_Dunhill: Y nunca te olvides, Ram\u00f3n Eloy Jones, padre de Facundo Jones Huala y su hermano, Fernando Jones, le cuidan los yobacas\u2026", "edit_history_tweet_ids": ["1451582734523146260"], "author_id": "582459393"}, {"id": "1451582660946530306", "created_at": "2021-10-22T16:14:10.000Z", "text": "RT @Winston_Dunhill: Y nunca te olvides, Ram\u00f3n Eloy Jones, padre de Facundo Jones Huala y su hermano, Fernando Jones, le cuidan los yobacas\u2026", "edit_history_tweet_ids": ["1451582660946530306"], "author_id": "1030103822222471168"}, {"id": "1451582651677151234", "created_at": "2021-10-22T16:14:07.000Z", "text": "RT @Winston_Dunhill: Y nunca te olvides, Ram\u00f3n Eloy Jones, padre de Facundo Jones Huala y su hermano, Fernando Jones, le cuidan los yobacas\u2026", "edit_history_tweet_ids": ["1451582651677151234"], "author_id": "151097348"}, {"id": "1451582387704385538", "created_at": "2021-10-22T16:13:04.000Z", "text": "RT @TlacaelelRey: Tendr\u00e1n algo q decir Juan Ram\u00f3n de la Fuente, Irma Erendira, tiroloco Ackerman, Gibran, Sheinbaum, Jim\u00e9nez Espriu y tanto\u2026", "edit_history_tweet_ids": ["1451582387704385538"], "author_id": "486004991"}, {"id": "1451582348923863040", "created_at": "2021-10-22T16:12:55.000Z", "text": "RT @Winston_Dunhill: Y nunca te olvides, Ram\u00f3n Eloy Jones, padre de Facundo Jones Huala y su hermano, Fernando Jones, le cuidan los yobacas\u2026", "edit_history_tweet_ids": ["1451582348923863040"], "author_id": "3135484221"}, {"id": "1451581921473929228", "created_at": "2021-10-22T16:11:13.000Z", "text": "RT @Winston_Dunhill: Y nunca te olvides, Ram\u00f3n Eloy Jones, padre de Facundo Jones Huala y su hermano, Fernando Jones, le cuidan los yobacas\u2026", "edit_history_tweet_ids": ["1451581921473929228"], "author_id": "2476975536"}, {"id": "1451581223306883078", "created_at": "2021-10-22T16:08:27.000Z", "text": "RT @Winston_Dunhill: Y nunca te olvides, Ram\u00f3n Eloy Jones, padre de Facundo Jones Huala y su hermano, Fernando Jones, le cuidan los yobacas\u2026", "edit_history_tweet_ids": ["1451581223306883078"], "author_id": "2757115833"}, {"id": "1451581111918813188", "created_at": "2021-10-22T16:08:00.000Z", "text": "RT @poleguas: @SergioSarmiento @bibiriba Ahora no puede decir nada el Dr.Juan Ram\u00f3n de la Fuente embajador de M\u00e9xico ante la ONU anda muy o\u2026", "edit_history_tweet_ids": ["1451581111918813188"], "author_id": "282312184"}, {"id": "1451580919966359553", "created_at": "2021-10-22T16:07:15.000Z", "text": "Ramon Lopez no? https://t.co/peHxwmP3Fx", "edit_history_tweet_ids": ["1451580919966359553"], "author_id": "34331033"}, {"id": "1451580919333199884", "created_at": "2021-10-22T16:07:14.000Z", "text": "RT @Winston_Dunhill: Y nunca te olvides, Ram\u00f3n Eloy Jones, padre de Facundo Jones Huala y su hermano, Fernando Jones, le cuidan los yobacas\u2026", "edit_history_tweet_ids": ["1451580919333199884"], "author_id": "1427310644689264644"}, {"id": "1451580887431188492", "created_at": "2021-10-22T16:07:07.000Z", "text": "RT @ideafuls: \u8170\u3092\u304b\u304c\u3081\u308b\u3053\u3068\u306a\u304f\u82d7\u3092\u690d\u3048\u308b\u3053\u3068\u304c\u3067\u304d\u308b\u6a5f\u5668\u3002\u3053\u308c\u306f\u4e00\u898b\u5730\u5473\u3060\u3051\u3069\u3001\u7269\u51c4\u3044\u30a4\u30ce\u30d9\u30fc\u30b7\u30e7\u30f3\u3067\u306f\u306a\u3044\u3067\u3057\u3087\u3046\u304b\uff1f\u6700\u65b0\u306e\u30c6\u30af\u30ce\u30ed\u30b8\u30fc\u306f\u304d\u3089\u304d\u3089\u3057\u305f\u672a\u6765\u3070\u304b\u308a\u3092\u5411\u304d\u304c\u3061\u3060\u3051\u3069\u3001\u306a\u304b\u306a\u304b\u76ee\u304c\u5411\u304b\u306a\u3044\u5834\u6240\u306b\u3053\u305d\u3001\u30a2\u30a4\u30c7\u30a2\u306e\u529b\u304c\u5fc5\u8981\u3060\u3068\u611f\u3058\u307e\u3059\u3002https://\u2026", "edit_history_tweet_ids": ["1451580887431188492"], "author_id": "19167268"}, {"id": "1451580839507075075", "created_at": "2021-10-22T16:06:55.000Z", "text": "RT @Winston_Dunhill: Y nunca te olvides, Ram\u00f3n Eloy Jones, padre de Facundo Jones Huala y su hermano, Fernando Jones, le cuidan los yobacas\u2026", "edit_history_tweet_ids": ["1451580839507075075"], "author_id": "1383139977953996805"}, {"id": "1451580725409435657", "created_at": "2021-10-22T16:06:28.000Z", "text": "@SergioSarmiento @bibiriba Ahora no puede decir nada el Dr.Juan Ram\u00f3n de la Fuente embajador de M\u00e9xico ante la ONU anda muy ocupado cabildeando h\u00e1sta con los que hacen el aseo en la sala general para ver si por favor pueden aplaudir cuando el presidente L\u00f3pez pronuncie su c\u00e1tedra sobre corrupci\u00f3n estilo 4T https://t.co/A34VtrEIM5", "edit_history_tweet_ids": ["1451580725409435657"], "author_id": "1071460020078944256"}, {"id": "1451580715737309185", "created_at": "2021-10-22T16:06:26.000Z", "text": "RT @Winston_Dunhill: Y nunca te olvides, Ram\u00f3n Eloy Jones, padre de Facundo Jones Huala y su hermano, Fernando Jones, le cuidan los yobacas\u2026", "edit_history_tweet_ids": ["1451580715737309185"], "author_id": "508188104"}, {"id": "1451580628063985693", "created_at": "2021-10-22T16:06:05.000Z", "text": "RT @Winston_Dunhill: Y nunca te olvides, Ram\u00f3n Eloy Jones, padre de Facundo Jones Huala y su hermano, Fernando Jones, le cuidan los yobacas\u2026", "edit_history_tweet_ids": ["1451580628063985693"], "author_id": "1255954271427866627"}, {"id": "1451580616852529152", "created_at": "2021-10-22T16:06:02.000Z", "text": "RT @TlacaelelRey: Tendr\u00e1n algo q decir Juan Ram\u00f3n de la Fuente, Irma Erendira, tiroloco Ackerman, Gibran, Sheinbaum, Jim\u00e9nez Espriu y tanto\u2026", "edit_history_tweet_ids": ["1451580616852529152"], "author_id": "477225453"}, {"id": "1451580166845599753", "created_at": "2021-10-22T16:04:15.000Z", "text": "RT @Winston_Dunhill: Y nunca te olvides, Ram\u00f3n Eloy Jones, padre de Facundo Jones Huala y su hermano, Fernando Jones, le cuidan los yobacas\u2026", "edit_history_tweet_ids": ["1451580166845599753"], "author_id": "2693129486"}, {"id": "1451580106946883587", "created_at": "2021-10-22T16:04:01.000Z", "text": "@SergioSarmiento Juan Ram\u00f3n de la fuente, callado c\u00f3mo momia, comiendo de la mano de lopez. Obvio no dir\u00e1 nada .", "edit_history_tweet_ids": ["1451580106946883587"], "author_id": "1295860279817850880"}, {"id": "1451579580398120961", "created_at": "2021-10-22T16:01:55.000Z", "text": "RT @Winston_Dunhill: Y nunca te olvides, Ram\u00f3n Eloy Jones, padre de Facundo Jones Huala y su hermano, Fernando Jones, le cuidan los yobacas\u2026", "edit_history_tweet_ids": ["1451579580398120961"], "author_id": "1162084884086759426"}, {"id": "1451579376244514822", "created_at": "2021-10-22T16:01:06.000Z", "text": "RT @Winston_Dunhill: Y nunca te olvides, Ram\u00f3n Eloy Jones, padre de Facundo Jones Huala y su hermano, Fernando Jones, le cuidan los yobacas\u2026", "edit_history_tweet_ids": ["1451579376244514822"], "author_id": "129877562"}, {"id": "1451579267309993987", "created_at": "2021-10-22T16:00:41.000Z", "text": "RT @Winston_Dunhill: Y nunca te olvides, Ram\u00f3n Eloy Jones, padre de Facundo Jones Huala y su hermano, Fernando Jones, le cuidan los yobacas\u2026", "edit_history_tweet_ids": ["1451579267309993987"], "author_id": "1261404121745313803"}, {"id": "1451579057406189568", "created_at": "2021-10-22T15:59:50.000Z", "text": "@RodoCarrascoM @DFinanciero Y a qui\u00e9n quieres a Gabriel Boric o Ramon Lopez", "edit_history_tweet_ids": ["1451579057406189568"], "author_id": "1407673032450187269"}, {"id": "1451578253467074560", "created_at": "2021-10-22T15:56:39.000Z", "text": "@ramonlopez54 @mioyanedel ramon lopez tampoco sirve una izquierda trasnochada como usted", "edit_history_tweet_ids": ["1451578253467074560"], "author_id": "842841737194328069"}, {"id": "1451577955465973760", "created_at": "2021-10-22T15:55:28.000Z", "text": "RT @Winston_Dunhill: Y nunca te olvides, Ram\u00f3n Eloy Jones, padre de Facundo Jones Huala y su hermano, Fernando Jones, le cuidan los yobacas\u2026", "edit_history_tweet_ids": ["1451577955465973760"], "author_id": "828667226387574784"}, {"id": "1451577636413599745", "created_at": "2021-10-22T15:54:12.000Z", "text": "RT @Winston_Dunhill: Y nunca te olvides, Ram\u00f3n Eloy Jones, padre de Facundo Jones Huala y su hermano, Fernando Jones, le cuidan los yobacas\u2026", "edit_history_tweet_ids": ["1451577636413599745"], "author_id": "861545786"}, {"id": "1451577503240179717", "created_at": "2021-10-22T15:53:40.000Z", "text": "RT @Winston_Dunhill: Y nunca te olvides, Ram\u00f3n Eloy Jones, padre de Facundo Jones Huala y su hermano, Fernando Jones, le cuidan los yobacas\u2026", "edit_history_tweet_ids": ["1451577503240179717"], "author_id": "739883637290770432"}, {"id": "1451577351339393024", "created_at": "2021-10-22T15:53:04.000Z", "text": "RT @Winston_Dunhill: Y nunca te olvides, Ram\u00f3n Eloy Jones, padre de Facundo Jones Huala y su hermano, Fernando Jones, le cuidan los yobacas\u2026", "edit_history_tweet_ids": ["1451577351339393024"], "author_id": "781895096912449536"}, {"id": "1451577315129843716", "created_at": "2021-10-22T15:52:55.000Z", "text": "RT @Winston_Dunhill: Y nunca te olvides, Ram\u00f3n Eloy Jones, padre de Facundo Jones Huala y su hermano, Fernando Jones, le cuidan los yobacas\u2026", "edit_history_tweet_ids": ["1451577315129843716"], "author_id": "801660673"}, {"id": "1451577173169500165", "created_at": "2021-10-22T15:52:21.000Z", "text": "RT @Winston_Dunhill: Y nunca te olvides, Ram\u00f3n Eloy Jones, padre de Facundo Jones Huala y su hermano, Fernando Jones, le cuidan los yobacas\u2026", "edit_history_tweet_ids": ["1451577173169500165"], "author_id": "4002710602"}, {"id": "1451576661615448065", "created_at": "2021-10-22T15:50:19.000Z", "text": "RT @Winston_Dunhill: Y nunca te olvides, Ram\u00f3n Eloy Jones, padre de Facundo Jones Huala y su hermano, Fernando Jones, le cuidan los yobacas\u2026", "edit_history_tweet_ids": ["1451576661615448065"], "author_id": "2236555090"}, {"id": "1451576306391519232", "created_at": "2021-10-22T15:48:55.000Z", "text": "RT @TlacaelelRey: Tendr\u00e1n algo q decir Juan Ram\u00f3n de la Fuente, Irma Erendira, tiroloco Ackerman, Gibran, Sheinbaum, Jim\u00e9nez Espriu y tanto\u2026", "edit_history_tweet_ids": ["1451576306391519232"], "author_id": "991159923147968512"}, {"id": "1451576269624250368", "created_at": "2021-10-22T15:48:46.000Z", "text": "RT @TlacaelelRey: Tendr\u00e1n algo q decir Juan Ram\u00f3n de la Fuente, Irma Erendira, tiroloco Ackerman, Gibran, Sheinbaum, Jim\u00e9nez Espriu y tanto\u2026", "edit_history_tweet_ids": ["1451576269624250368"], "author_id": "2306046985"}, {"id": "1451576200921485319", "created_at": "2021-10-22T15:48:29.000Z", "text": "Yo si fuera del FA, mandar\u00eda a alguien a quitarle el celu a Ram\u00f3n L\u00f3pez", "edit_history_tweet_ids": ["1451576200921485319"], "author_id": "35892085"}], "meta": {"newest_id": "1451598123151728640", "oldest_id": "1451576200921485319", "result_count": 98, "next_token": "b26v89c19zqg8o3fpdv67q8123j4lnn7kvnjl5ored5z1"}}