{"data": [{"created_at": "2021-10-15T23:54:46.000Z", "text": "RT @IPerezTuesta: No s\u00e9 qu\u00e9 tanto l\u00edo por lo del nombre. Yo conozco uno que no se complicaba: en el carnet ten\u00eda 3 (Augusto Jos\u00e9 Ram\u00f3n), cu\u2026", "author_id": "44172048", "id": "1449161861321027584", "edit_history_tweet_ids": ["1449161861321027584"]}, {"created_at": "2021-10-15T23:53:23.000Z", "text": "RT @IPerezTuesta: No s\u00e9 qu\u00e9 tanto l\u00edo por lo del nombre. Yo conozco uno que no se complicaba: en el carnet ten\u00eda 3 (Augusto Jos\u00e9 Ram\u00f3n), cu\u2026", "author_id": "741743125287305217", "id": "1449161515127361541", "edit_history_tweet_ids": ["1449161515127361541"]}, {"created_at": "2021-10-15T23:52:37.000Z", "text": "RT @IPerezTuesta: No s\u00e9 qu\u00e9 tanto l\u00edo por lo del nombre. Yo conozco uno que no se complicaba: en el carnet ten\u00eda 3 (Augusto Jos\u00e9 Ram\u00f3n), cu\u2026", "author_id": "217399172", "id": "1449161320671191043", "edit_history_tweet_ids": ["1449161320671191043"]}, {"created_at": "2021-10-15T23:52:25.000Z", "text": "RT @IPerezTuesta: No s\u00e9 qu\u00e9 tanto l\u00edo por lo del nombre. Yo conozco uno que no se complicaba: en el carnet ten\u00eda 3 (Augusto Jos\u00e9 Ram\u00f3n), cu\u2026", "author_id": "1560885620", "id": "1449161267906859016", "edit_history_tweet_ids": ["1449161267906859016"]}, {"created_at": "2021-10-15T23:52:22.000Z", "text": "RT @IPerezTuesta: No s\u00e9 qu\u00e9 tanto l\u00edo por lo del nombre. Yo conozco uno que no se complicaba: en el carnet ten\u00eda 3 (Augusto Jos\u00e9 Ram\u00f3n), cu\u2026", "author_id": "262659723", "id": "1449161258318577667", "edit_history_tweet_ids": ["1449161258318577667"]}, {"created_at": "2021-10-15T23:52:17.000Z", "text": "RT @IPerezTuesta: No s\u00e9 qu\u00e9 tanto l\u00edo por lo del nombre. Yo conozco uno que no se complicaba: en el carnet ten\u00eda 3 (Augusto Jos\u00e9 Ram\u00f3n), cu\u2026", "author_id": "225795540", "id": "1449161235891572736", "edit_history_tweet_ids": ["1449161235891572736"]}, {"created_at": "2021-10-15T23:51:32.000Z", "text": "RT @IPerezTuesta: No s\u00e9 qu\u00e9 tanto l\u00edo por lo del nombre. Yo conozco uno que no se complicaba: en el carnet ten\u00eda 3 (Augusto Jos\u00e9 Ram\u00f3n), cu\u2026", "author_id": "109989179", "id": "1449161049043701761", "edit_history_tweet_ids": ["1449161049043701761"]}, {"created_at": "2021-10-15T23:51:11.000Z", "text": "RT @IPerezTuesta: No s\u00e9 qu\u00e9 tanto l\u00edo por lo del nombre. Yo conozco uno que no se complicaba: en el carnet ten\u00eda 3 (Augusto Jos\u00e9 Ram\u00f3n), cu\u2026", "author_id": "88685728", "id": "1449160960069931008", "edit_history_tweet_ids": ["1449160960069931008"]}, {"created_at": "2021-10-15T23:50:38.000Z", "text": "El abogado Ram\u00f3n Cadena, de la Comisi\u00f3n Internacional de Juristas, se\u00f1al\u00f3 que el proceso de Rudy L\u00f3pez Pablo es otro caso de criminalizaci\u00f3n y que los manifestantes del 12 de octubre estaban defendiendo su derecho en contra del racismo. \n\n\ud83c\udfa5 Regina P\u00e9rez https://t.co/QuOMndzZ39", "author_id": "257722705", "id": "1449160819917434891", "edit_history_tweet_ids": ["1449160819917434891"]}, {"created_at": "2021-10-15T23:49:44.000Z", "text": "RT @sotojuanjo: Hot @gabrielboric dej\u00f3 claro que defiende la autonom\u00eda del BC. Que Ram\u00f3n Lopez no pincha ni corta y que Jadue perdi\u00f3 la pri\u2026", "author_id": "1406688483478016011", "id": "1449160596629245953", "edit_history_tweet_ids": ["1449160596629245953"]}, {"created_at": "2021-10-15T23:49:20.000Z", "text": "RT @EconomistaFlait: El chanter\u00edo intelectual de Ram\u00f3n L\u00f3pez y Manuel Riesco es pa la cag\u00e1. Comparan lo q est\u00e1 haciendo Marcel al subir las\u2026", "author_id": "81439893", "id": "1449160495760506889", "edit_history_tweet_ids": ["1449160495760506889"]}, {"created_at": "2021-10-15T23:49:10.000Z", "text": "RT @IPerezTuesta: No s\u00e9 qu\u00e9 tanto l\u00edo por lo del nombre. Yo conozco uno que no se complicaba: en el carnet ten\u00eda 3 (Augusto Jos\u00e9 Ram\u00f3n), cu\u2026", "author_id": "619751469", "id": "1449160453846798341", "edit_history_tweet_ids": ["1449160453846798341"]}, {"created_at": "2021-10-15T23:47:15.000Z", "text": "RT @IPerezTuesta: No s\u00e9 qu\u00e9 tanto l\u00edo por lo del nombre. Yo conozco uno que no se complicaba: en el carnet ten\u00eda 3 (Augusto Jos\u00e9 Ram\u00f3n), cu\u2026", "author_id": "103398426", "id": "1449159969492852736", "edit_history_tweet_ids": ["1449159969492852736"]}, {"created_at": "2021-10-15T23:47:03.000Z", "text": "RT @IPerezTuesta: No s\u00e9 qu\u00e9 tanto l\u00edo por lo del nombre. Yo conozco uno que no se complicaba: en el carnet ten\u00eda 3 (Augusto Jos\u00e9 Ram\u00f3n), cu\u2026", "author_id": "90045011", "id": "1449159918133596164", "edit_history_tweet_ids": ["1449159918133596164"]}, {"created_at": "2021-10-15T23:46:04.000Z", "text": "RT @IPerezTuesta: No s\u00e9 qu\u00e9 tanto l\u00edo por lo del nombre. Yo conozco uno que no se complicaba: en el carnet ten\u00eda 3 (Augusto Jos\u00e9 Ram\u00f3n), cu\u2026", "author_id": "209244120", "id": "1449159670980128770", "edit_history_tweet_ids": ["1449159670980128770"]}, {"created_at": "2021-10-15T23:45:48.000Z", "text": "@aldogonzal Ram\u00f3n L\u00f3pez ayer en CNN dec\u00eda que iba a revisar solo los tratados que interfieran en posibles nacionalizaciones.", "author_id": "373238312", "id": "1449159603095175176", "edit_history_tweet_ids": ["1449159603095175176"]}, {"created_at": "2021-10-15T23:43:33.000Z", "text": "No s\u00e9 qu\u00e9 tanto l\u00edo por lo del nombre. Yo conozco uno que no se complicaba: en el carnet ten\u00eda 3 (Augusto Jos\u00e9 Ram\u00f3n), cuando quer\u00eda robar, a veces usaba 2 (Jos\u00e9 Ram\u00f3n Ugarte) o uno (Daniel L\u00f3pez). Y cuando el choreo era m\u00e1s grande dejaba el apellido con punto (Augusto P.) Listo.", "author_id": "80477295", "id": "1449159039263199237", "edit_history_tweet_ids": ["1449159039263199237"]}, {"created_at": "2021-10-15T23:41:17.000Z", "text": "RT @sotojuanjo: Hot @gabrielboric dej\u00f3 claro que defiende la autonom\u00eda del BC. Que Ram\u00f3n Lopez no pincha ni corta y que Jadue perdi\u00f3 la pri\u2026", "author_id": "755479645", "id": "1449158469458690049", "edit_history_tweet_ids": ["1449158469458690049"]}, {"created_at": "2021-10-15T23:37:55.000Z", "text": "RT @EconomistaFlait: El chanter\u00edo intelectual de Ram\u00f3n L\u00f3pez y Manuel Riesco es pa la cag\u00e1. Comparan lo q est\u00e1 haciendo Marcel al subir las\u2026", "author_id": "88473472", "id": "1449157619101339648", "edit_history_tweet_ids": ["1449157619101339648"]}, {"created_at": "2021-10-15T23:36:55.000Z", "text": "RT @rparedesselaive: Ram\u00f3n L\u00f3pez desnudo en plaza Baquedano meg\u00e1fono en mano gritando contra el BC", "author_id": "148351267", "id": "1449157368676163590", "edit_history_tweet_ids": ["1449157368676163590"]}, {"created_at": "2021-10-15T23:34:20.000Z", "text": "RT @pelaocongatos: Gabriel Boric peg\u00e1ndole la desconocida total (nuevamente) a Ram\u00f3n L\u00f3pez JAJAJAJA, me encanta #DebateArchi", "author_id": "1185607150598529024", "id": "1449156719527936006", "edit_history_tweet_ids": ["1449156719527936006"]}, {"created_at": "2021-10-15T23:33:52.000Z", "text": "RT @jtgazmuri: Grau y Boric son ambos de ultra izquierda y no son capaces de ponerse de acuerdo en conceptos b\u00e1sicos, mientras Ram\u00f3n L\u00f3pez\u2026", "author_id": "4439740107", "id": "1449156602267725825", "edit_history_tweet_ids": ["1449156602267725825"]}, {"created_at": "2021-10-15T23:33:49.000Z", "text": "RT @EconomistaFlait: El chanter\u00edo intelectual de Ram\u00f3n L\u00f3pez y Manuel Riesco es pa la cag\u00e1. Comparan lo q est\u00e1 haciendo Marcel al subir las\u2026", "author_id": "371020445", "id": "1449156589953323008", "edit_history_tweet_ids": ["1449156589953323008"]}, {"created_at": "2021-10-15T23:33:23.000Z", "text": "As\u00ed con los nombres compuestos.\nRecuerdo a uno que se llamaba Augusto Jos\u00e9 Ram\u00f3n, pero en algunos lugares le llamaban Daniel Lopez, y mayormente era conocido como \"Cerdo, Cobarde, Traidor, Asesino y Ladr\u00f3n\".", "author_id": "68555493", "id": "1449156481648050179", "edit_history_tweet_ids": ["1449156481648050179"]}, {"created_at": "2021-10-15T23:31:50.000Z", "text": "RT @jtgazmuri: Grau y Boric son ambos de ultra izquierda y no son capaces de ponerse de acuerdo en conceptos b\u00e1sicos, mientras Ram\u00f3n L\u00f3pez\u2026", "author_id": "1222587755189936128", "id": "1449156090495574019", "edit_history_tweet_ids": ["1449156090495574019"]}, {"created_at": "2021-10-15T23:31:01.000Z", "text": "RT @EconomistaFlait: El chanter\u00edo intelectual de Ram\u00f3n L\u00f3pez y Manuel Riesco es pa la cag\u00e1. Comparan lo q est\u00e1 haciendo Marcel al subir las\u2026", "author_id": "257316613", "id": "1449155885406720006", "edit_history_tweet_ids": ["1449155885406720006"]}, {"created_at": "2021-10-15T23:30:53.000Z", "text": "RT @SecDef: On this final day of #HispanicHeritageMonth , I'd like to recognize our very own Senior Enlisted Advisor to the Chairman (SEAC)\u2026", "author_id": "1683133442", "id": "1449155852800303108", "edit_history_tweet_ids": ["1449155852800303108"]}, {"created_at": "2021-10-15T23:29:08.000Z", "text": "RT @EconomistaFlait: El chanter\u00edo intelectual de Ram\u00f3n L\u00f3pez y Manuel Riesco es pa la cag\u00e1. Comparan lo q est\u00e1 haciendo Marcel al subir las\u2026", "author_id": "47769594", "id": "1449155410770882565", "edit_history_tweet_ids": ["1449155410770882565"]}, {"created_at": "2021-10-15T23:28:47.000Z", "text": "RT @SecDef: On this final day of #HispanicHeritageMonth , I'd like to recognize our very own Senior Enlisted Advisor to the Chairman (SEAC)\u2026", "author_id": "838419218055970818", "id": "1449155322904461315", "edit_history_tweet_ids": ["1449155322904461315"]}, {"created_at": "2021-10-15T23:27:23.000Z", "text": "RT @EconomistaFlait: De Manuel Riesco, lo entiendo, el wn es Comunista, chanta y se ha pegao wenas pas\u00e1s pitiandose we\u00e1s (AFP Magister, sis\u2026", "author_id": "55988078", "id": "1449154969626558464", "edit_history_tweet_ids": ["1449154969626558464"]}, {"created_at": "2021-10-15T23:22:56.000Z", "text": "RT @SENABoyaca: #SENARindeCuentas || El Director regional Ram\u00f3n Vargas L\u00f3pez y el equipo directivo del #SENABoyac\u00e1, realizaron el ejercicio\u2026", "author_id": "181354522", "id": "1449153850678685699", "edit_history_tweet_ids": ["1449153850678685699"]}, {"created_at": "2021-10-15T23:21:54.000Z", "text": "#SENARindeCuentas || El Director regional Ram\u00f3n Vargas L\u00f3pez y el equipo directivo del #SENABoyac\u00e1, realizaron el ejercicio de participaci\u00f3n ciudadana y transparencia,entregando a la comunidad boyacense sus logros alcanzados en #Educaci\u00f3n, #Empleo y #Emprendimiento \ud83d\udc4f\ud83d\udc4f. https://t.co/ikuWivDpkz", "author_id": "1107760585008185344", "id": "1449153589595750404", "edit_history_tweet_ids": ["1449153589595750404"]}, {"created_at": "2021-10-15T23:12:07.000Z", "text": "RT @EconomistaFlait: De Manuel Riesco, lo entiendo, el wn es Comunista, chanta y se ha pegao wenas pas\u00e1s pitiandose we\u00e1s (AFP Magister, sis\u2026", "author_id": "1111661477277196288", "id": "1449151128126599170", "edit_history_tweet_ids": ["1449151128126599170"]}, {"created_at": "2021-10-15T23:09:22.000Z", "text": "@CalderonBassi @felichovaz Yo creo que ramon lopez le hizo un curso intensivo", "author_id": "925308249490026496", "id": "1449150437383307264", "edit_history_tweet_ids": ["1449150437383307264"]}, {"created_at": "2021-10-15T23:08:57.000Z", "text": "RT @rparedesselaive: Ram\u00f3n L\u00f3pez desnudo en plaza Baquedano meg\u00e1fono en mano gritando contra el BC", "author_id": "1245909850430865409", "id": "1449150332659908609", "edit_history_tweet_ids": ["1449150332659908609"]}, {"created_at": "2021-10-15T23:06:58.000Z", "text": "RT @rparedesselaive: Ram\u00f3n L\u00f3pez desnudo en plaza Baquedano meg\u00e1fono en mano gritando contra el BC", "author_id": "343021549", "id": "1449149833936179203", "edit_history_tweet_ids": ["1449149833936179203"]}, {"created_at": "2021-10-15T23:05:10.000Z", "text": "RT @rparedesselaive: Ram\u00f3n L\u00f3pez desnudo en plaza Baquedano meg\u00e1fono en mano gritando contra el BC", "author_id": "65183293", "id": "1449149376975106051", "edit_history_tweet_ids": ["1449149376975106051"]}, {"created_at": "2021-10-15T23:01:47.000Z", "text": "RT @Rivka_Azatl: Dejemos los debates de Twitter por un rato y mejor les comparto mi canci\u00f3n favorita de @EugeniaLeon \u2764\ufe0f:\n\u201cEl piano de Genov\u2026", "author_id": "1226184246450147334", "id": "1449148526131359745", "edit_history_tweet_ids": ["1449148526131359745"]}, {"created_at": "2021-10-15T23:01:24.000Z", "text": "RT @EconomistaFlait: El chanter\u00edo intelectual de Ram\u00f3n L\u00f3pez y Manuel Riesco es pa la cag\u00e1. Comparan lo q est\u00e1 haciendo Marcel al subir las\u2026", "author_id": "1209858529596710912", "id": "1449148432031965184", "edit_history_tweet_ids": ["1449148432031965184"]}, {"created_at": "2021-10-15T22:59:56.000Z", "text": "RT @EdgarVial: @lauralbornoz Su \u00eddolo tambi\u00e9n ten\u00eda por nombre Jose.\nJOSE AUGUSTO RAMON PINOCHET UGARTE (alias DANIEL LOPEZ) https://t.co/v\u2026", "author_id": "1168719526332108800", "id": "1449148062178287619", "edit_history_tweet_ids": ["1449148062178287619"]}, {"created_at": "2021-10-15T22:56:50.000Z", "text": "RT @meganoticiascl: \ud83d\udd34 #Boric toma distancia de exasesor econ\u00f3mico de #Jadue: \"No es parte de mi comando y no es cercano a mi candidatura\" h\u2026", "author_id": "2781936520", "id": "1449147280825602049", "edit_history_tweet_ids": ["1449147280825602049"]}, {"created_at": "2021-10-15T22:56:47.000Z", "text": "Falta que ya expropien casa habitaci\u00f3n utilizada como centro de vicio dos ubicadas en Ram\u00f3n L\u00f3pez ray\u00f3n 33 y 34, Mart\u00edn carrera Gustavo a Madero https://t.co/ajJW4Kzqtr", "author_id": "1220883639812214784", "id": "1449147271019380743", "edit_history_tweet_ids": ["1449147271019380743"]}, {"created_at": "2021-10-15T22:50:17.000Z", "text": "RT @EconomistaFlait: De Manuel Riesco, lo entiendo, el wn es Comunista, chanta y se ha pegao wenas pas\u00e1s pitiandose we\u00e1s (AFP Magister, sis\u2026", "author_id": "176055964", "id": "1449145632073994245", "edit_history_tweet_ids": ["1449145632073994245"]}, {"created_at": "2021-10-15T22:49:59.000Z", "text": "RT @EconomistaFlait: El chanter\u00edo intelectual de Ram\u00f3n L\u00f3pez y Manuel Riesco es pa la cag\u00e1. Comparan lo q est\u00e1 haciendo Marcel al subir las\u2026", "author_id": "176055964", "id": "1449145558132658176", "edit_history_tweet_ids": ["1449145558132658176"]}, {"created_at": "2021-10-15T22:49:40.000Z", "text": "RT @EdgarVial: @lauralbornoz Su \u00eddolo tambi\u00e9n ten\u00eda por nombre Jose.\nJOSE AUGUSTO RAMON PINOCHET UGARTE (alias DANIEL LOPEZ) https://t.co/v\u2026", "author_id": "450254902", "id": "1449145476255784963", "edit_history_tweet_ids": ["1449145476255784963"]}, {"created_at": "2021-10-15T22:48:18.000Z", "text": "RT @LaIndependenci1: #Atentos \ud83d\udc49 El director del @SENABoyaca Ram\u00f3n Anselmo Vargas L\u00f3pez rinde cuentas sobre la gesti\u00f3n y promoci\u00f3n de estudi\u2026", "author_id": "1107760585008185344", "id": "1449145133191114758", "edit_history_tweet_ids": ["1449145133191114758"]}, {"created_at": "2021-10-15T22:47:37.000Z", "text": "RT @SecDef: On this final day of #HispanicHeritageMonth , I'd like to recognize our very own Senior Enlisted Advisor to the Chairman (SEAC)\u2026", "author_id": "49732748", "id": "1449144960658198533", "edit_history_tweet_ids": ["1449144960658198533"]}, {"created_at": "2021-10-15T22:45:52.000Z", "text": "RT @EconomistaFlait: El chanter\u00edo intelectual de Ram\u00f3n L\u00f3pez y Manuel Riesco es pa la cag\u00e1. Comparan lo q est\u00e1 haciendo Marcel al subir las\u2026", "author_id": "2313785276", "id": "1449144520487043072", "edit_history_tweet_ids": ["1449144520487043072"]}, {"created_at": "2021-10-15T22:43:07.000Z", "text": "\ud83d\udccc CUARTOS DE FINAL ( VUELTA) \u2b07\ufe0f\n\n\u26bd  \"CHA\u00d1ARENSE\" \ud83c\udd9a \"CAFFERATENSE\"\n\ud83c\udfc6  LIF \"RAMON F. PEREYRA\" \n\ud83d\udcc6  DOMINGO 17/10\n\ud83c\udfdf\ufe0f \"CEFERINO L\u00d3PEZ\"\n\u2194\ufe0f  RESERVA: \ud83d\udd51 15:00 HS.\n\u2194\ufe0f  PRIMERA: \ud83d\udd53 17:00 HS.\n\n\u26aa\ud83d\udd35\u26aa\n\n#VAMOSMERENGUE \ud83d\udcaa\ud83d\udc99 \u26bd\ud83c\uddf8\ud83c\uddfb", "author_id": "745754151473250305", "id": "1449143828397527044", "edit_history_tweet_ids": ["1449143828397527044"]}, {"created_at": "2021-10-15T22:33:55.000Z", "text": "RT @SecDef: On this final day of #HispanicHeritageMonth , I'd like to recognize our very own Senior Enlisted Advisor to the Chairman (SEAC)\u2026", "author_id": "1325125646666792968", "id": "1449141516186931208", "edit_history_tweet_ids": ["1449141516186931208"]}, {"created_at": "2021-10-15T22:33:15.000Z", "text": "RT @EconomistaFlait: El chanter\u00edo intelectual de Ram\u00f3n L\u00f3pez y Manuel Riesco es pa la cag\u00e1. Comparan lo q est\u00e1 haciendo Marcel al subir las\u2026", "author_id": "131637274", "id": "1449141345977724929", "edit_history_tweet_ids": ["1449141345977724929"]}, {"created_at": "2021-10-15T22:30:59.000Z", "text": "RT @EconomistaFlait: De Manuel Riesco, lo entiendo, el wn es Comunista, chanta y se ha pegao wenas pas\u00e1s pitiandose we\u00e1s (AFP Magister, sis\u2026", "author_id": "3307263123", "id": "1449140776907255810", "edit_history_tweet_ids": ["1449140776907255810"]}, {"created_at": "2021-10-15T22:29:37.000Z", "text": "RT @SecDef: On this final day of #HispanicHeritageMonth , I'd like to recognize our very own Senior Enlisted Advisor to the Chairman (SEAC)\u2026", "author_id": "847899028826144768", "id": "1449140434224095232", "edit_history_tweet_ids": ["1449140434224095232"]}, {"created_at": "2021-10-15T22:29:23.000Z", "text": "RT @SecDef: On this final day of #HispanicHeritageMonth , I'd like to recognize our very own Senior Enlisted Advisor to the Chairman (SEAC)\u2026", "author_id": "22583725", "id": "1449140373545160710", "edit_history_tweet_ids": ["1449140373545160710"]}, {"created_at": "2021-10-15T22:28:17.000Z", "text": "RT @EconomistaFlait: El chanter\u00edo intelectual de Ram\u00f3n L\u00f3pez y Manuel Riesco es pa la cag\u00e1. Comparan lo q est\u00e1 haciendo Marcel al subir las\u2026", "author_id": "736023601246175232", "id": "1449140098654744576", "edit_history_tweet_ids": ["1449140098654744576"]}, {"created_at": "2021-10-15T22:27:47.000Z", "text": "RT @jtgazmuri: Grau y Boric son ambos de ultra izquierda y no son capaces de ponerse de acuerdo en conceptos b\u00e1sicos, mientras Ram\u00f3n L\u00f3pez\u2026", "author_id": "59311977", "id": "1449139970086739974", "edit_history_tweet_ids": ["1449139970086739974"]}, {"created_at": "2021-10-15T22:26:04.000Z", "text": "RT @jtgazmuri: Grau y Boric son ambos de ultra izquierda y no son capaces de ponerse de acuerdo en conceptos b\u00e1sicos, mientras Ram\u00f3n L\u00f3pez\u2026", "author_id": "1005124524", "id": "1449139537431732229", "edit_history_tweet_ids": ["1449139537431732229"]}, {"created_at": "2021-10-15T22:21:28.000Z", "text": "RT @SecDef: On this final day of #HispanicHeritageMonth , I'd like to recognize our very own Senior Enlisted Advisor to the Chairman (SEAC)\u2026", "author_id": "820704203559550979", "id": "1449138380613292035", "edit_history_tweet_ids": ["1449138380613292035"]}, {"created_at": "2021-10-15T22:15:04.000Z", "text": "RT @EconomistaFlait: De Manuel Riesco, lo entiendo, el wn es Comunista, chanta y se ha pegao wenas pas\u00e1s pitiandose we\u00e1s (AFP Magister, sis\u2026", "author_id": "132047598", "id": "1449136771938226181", "edit_history_tweet_ids": ["1449136771938226181"]}, {"created_at": "2021-10-15T22:11:28.000Z", "text": "RT @sotojuanjo: Hot @gabrielboric dej\u00f3 claro que defiende la autonom\u00eda del BC. Que Ram\u00f3n Lopez no pincha ni corta y que Jadue perdi\u00f3 la pri\u2026", "author_id": "2436141037", "id": "1449135862889988096", "edit_history_tweet_ids": ["1449135862889988096"]}, {"created_at": "2021-10-15T22:11:27.000Z", "text": "RT @SecDef: On this final day of #HispanicHeritageMonth , I'd like to recognize our very own Senior Enlisted Advisor to the Chairman (SEAC)\u2026", "author_id": "14596185", "id": "1449135858808991751", "edit_history_tweet_ids": ["1449135858808991751"]}, {"created_at": "2021-10-15T22:11:07.000Z", "text": "RT @EconomistaFlait: El chanter\u00edo intelectual de Ram\u00f3n L\u00f3pez y Manuel Riesco es pa la cag\u00e1. Comparan lo q est\u00e1 haciendo Marcel al subir las\u2026", "author_id": "154333187", "id": "1449135776252317701", "edit_history_tweet_ids": ["1449135776252317701"]}, {"created_at": "2021-10-15T22:10:22.000Z", "text": "RT @catafernandezc: Me alegra escuchar a @gabrielboric en el #DebateARCHI validando el trabajo del Banco Central y de Mario Marcel (y desma\u2026", "author_id": "96271134", "id": "1449135589853483008", "edit_history_tweet_ids": ["1449135589853483008"]}, {"created_at": "2021-10-15T22:09:48.000Z", "text": "RT @sotojuanjo: Hot @gabrielboric dej\u00f3 claro que defiende la autonom\u00eda del BC. Que Ram\u00f3n Lopez no pincha ni corta y que Jadue perdi\u00f3 la pri\u2026", "author_id": "104477115", "id": "1449135444407590914", "edit_history_tweet_ids": ["1449135444407590914"]}, {"created_at": "2021-10-15T22:06:41.000Z", "text": "RT @SecDef: On this final day of #HispanicHeritageMonth , I'd like to recognize our very own Senior Enlisted Advisor to the Chairman (SEAC)\u2026", "author_id": "1289407073751453698", "id": "1449134661859307522", "edit_history_tweet_ids": ["1449134661859307522"]}, {"created_at": "2021-10-15T22:06:00.000Z", "text": "RT @EconomistaFlait: El chanter\u00edo intelectual de Ram\u00f3n L\u00f3pez y Manuel Riesco es pa la cag\u00e1. Comparan lo q est\u00e1 haciendo Marcel al subir las\u2026", "author_id": "1432401755212554247", "id": "1449134490421321733", "edit_history_tweet_ids": ["1449134490421321733"]}, {"created_at": "2021-10-15T22:03:20.000Z", "text": "@leopoldoquezada Ramon Lopez no es parte del comando", "author_id": "842841737194328069", "id": "1449133818204471302", "edit_history_tweet_ids": ["1449133818204471302"]}, {"created_at": "2021-10-15T21:59:29.000Z", "text": "RT @SecDef: On this final day of #HispanicHeritageMonth , I'd like to recognize our very own Senior Enlisted Advisor to the Chairman (SEAC)\u2026", "author_id": "1357824296", "id": "1449132848238243840", "edit_history_tweet_ids": ["1449132848238243840"]}, {"created_at": "2021-10-15T21:54:59.000Z", "text": "RT @SecDef: On this final day of #HispanicHeritageMonth , I'd like to recognize our very own Senior Enlisted Advisor to the Chairman (SEAC)\u2026", "author_id": "2312723847", "id": "1449131718791806977", "edit_history_tweet_ids": ["1449131718791806977"]}, {"created_at": "2021-10-15T21:50:38.000Z", "text": "RT @catafernandezc: Me alegra escuchar a @gabrielboric en el #DebateARCHI validando el trabajo del Banco Central y de Mario Marcel (y desma\u2026", "author_id": "617208094", "id": "1449130621654028292", "edit_history_tweet_ids": ["1449130621654028292"]}, {"created_at": "2021-10-15T21:49:13.000Z", "text": "RT @SecDef: On this final day of #HispanicHeritageMonth , I'd like to recognize our very own Senior Enlisted Advisor to the Chairman (SEAC)\u2026", "author_id": "758134152956903425", "id": "1449130265788493832", "edit_history_tweet_ids": ["1449130265788493832"]}, {"created_at": "2021-10-15T21:48:46.000Z", "text": "RT @SecDef: On this final day of #HispanicHeritageMonth , I'd like to recognize our very own Senior Enlisted Advisor to the Chairman (SEAC)\u2026", "author_id": "1225966432409788417", "id": "1449130151976050688", "edit_history_tweet_ids": ["1449130151976050688"]}, {"created_at": "2021-10-15T21:47:19.000Z", "text": "RT @sotojuanjo: Hot @gabrielboric dej\u00f3 claro que defiende la autonom\u00eda del BC. Que Ram\u00f3n Lopez no pincha ni corta y que Jadue perdi\u00f3 la pri\u2026", "author_id": "885273122", "id": "1449129785964310530", "edit_history_tweet_ids": ["1449129785964310530"]}, {"created_at": "2021-10-15T21:46:39.000Z", "text": "RT @EconomistaFlait: De Manuel Riesco, lo entiendo, el wn es Comunista, chanta y se ha pegao wenas pas\u00e1s pitiandose we\u00e1s (AFP Magister, sis\u2026", "author_id": "922596483450449920", "id": "1449129619110518788", "edit_history_tweet_ids": ["1449129619110518788"]}, {"created_at": "2021-10-15T21:45:40.000Z", "text": "RT @EconomistaFlait: El chanter\u00edo intelectual de Ram\u00f3n L\u00f3pez y Manuel Riesco es pa la cag\u00e1. Comparan lo q est\u00e1 haciendo Marcel al subir las\u2026", "author_id": "922596483450449920", "id": "1449129371277553665", "edit_history_tweet_ids": ["1449129371277553665"]}, {"created_at": "2021-10-15T21:44:31.000Z", "text": "RT @SecDef: On this final day of #HispanicHeritageMonth , I'd like to recognize our very own Senior Enlisted Advisor to the Chairman (SEAC)\u2026", "author_id": "360863823", "id": "1449129081170272256", "edit_history_tweet_ids": ["1449129081170272256"]}, {"created_at": "2021-10-15T21:39:29.000Z", "text": "@samuelduarteper @alejopc3 @elmago_b @RevistaSemana @Corpereira Complementamente cierto. Macaco ha utilizado distintos testaferros en Deportivo Pereira: Serpa Jarr\u00f3n (1999), Ram\u00f3n R\u00edos (2000-2003), Habib Merehg (2004), L\u00f3pez Bedoya (2005-2008), Lu\u00eds Fernando Osorio (2008-2010) y ahora busca un nuevo testaferro.", "author_id": "961787452187906048", "id": "1449127815551537159", "edit_history_tweet_ids": ["1449127815551537159"]}, {"created_at": "2021-10-15T21:38:58.000Z", "text": "RT @meganoticiascl: \ud83d\udd34 #Boric toma distancia de exasesor econ\u00f3mico de #Jadue: \"No es parte de mi comando y no es cercano a mi candidatura\" h\u2026", "author_id": "1898481931", "id": "1449127684580184068", "edit_history_tweet_ids": ["1449127684580184068"]}, {"created_at": "2021-10-15T21:37:29.000Z", "text": "RT @SecDef: On this final day of #HispanicHeritageMonth , I'd like to recognize our very own Senior Enlisted Advisor to the Chairman (SEAC)\u2026", "author_id": "1163719671117303808", "id": "1449127313333915649", "edit_history_tweet_ids": ["1449127313333915649"]}, {"created_at": "2021-10-15T21:36:35.000Z", "text": "RT @EconomistaFlait: El chanter\u00edo intelectual de Ram\u00f3n L\u00f3pez y Manuel Riesco es pa la cag\u00e1. Comparan lo q est\u00e1 haciendo Marcel al subir las\u2026", "author_id": "729374134975770625", "id": "1449127087571234817", "edit_history_tweet_ids": ["1449127087571234817"]}, {"created_at": "2021-10-15T21:31:37.000Z", "text": "RT @catafernandezc: Me alegra escuchar a @gabrielboric en el #DebateARCHI validando el trabajo del Banco Central y de Mario Marcel (y desma\u2026", "author_id": "1283221152064774144", "id": "1449125835550588932", "edit_history_tweet_ids": ["1449125835550588932"]}, {"created_at": "2021-10-15T21:27:29.000Z", "text": "RT @SecDef: On this final day of #HispanicHeritageMonth , I'd like to recognize our very own Senior Enlisted Advisor to the Chairman (SEAC)\u2026", "author_id": "1288691947", "id": "1449124796063748097", "edit_history_tweet_ids": ["1449124796063748097"]}, {"created_at": "2021-10-15T21:26:52.000Z", "text": "RT @SecDef: On this final day of #HispanicHeritageMonth , I'd like to recognize our very own Senior Enlisted Advisor to the Chairman (SEAC)\u2026", "author_id": "3106128899", "id": "1449124642799689728", "edit_history_tweet_ids": ["1449124642799689728"]}, {"created_at": "2021-10-15T21:25:33.000Z", "text": "RT @SecDef: On this final day of #HispanicHeritageMonth , I'd like to recognize our very own Senior Enlisted Advisor to the Chairman (SEAC)\u2026", "author_id": "1448038433092513795", "id": "1449124308479922176", "edit_history_tweet_ids": ["1449124308479922176"]}, {"created_at": "2021-10-15T21:23:04.000Z", "text": "RT @SecDef: On this final day of #HispanicHeritageMonth , I'd like to recognize our very own Senior Enlisted Advisor to the Chairman (SEAC)\u2026", "author_id": "19805682", "id": "1449123684766076930", "edit_history_tweet_ids": ["1449123684766076930"]}, {"created_at": "2021-10-15T21:22:01.000Z", "text": "As the most senior enlisted member of the military, SEAC Ram\u00f3n \"CZ\" Col\u00f3n-L\u00f3pez, a native of Ponce, Puerto Rico, understands what it means to be a leader.\n\n#HispanicHeritageMonth https://t.co/Od6dsXUA2z", "author_id": "19658038", "id": "1449123419933626371", "edit_history_tweet_ids": ["1449123419933626371"]}, {"created_at": "2021-10-15T21:21:52.000Z", "text": "RT @SecDef: On this final day of #HispanicHeritageMonth , I'd like to recognize our very own Senior Enlisted Advisor to the Chairman (SEAC)\u2026", "author_id": "176179212", "id": "1449123381379358725", "edit_history_tweet_ids": ["1449123381379358725"]}, {"created_at": "2021-10-15T21:20:52.000Z", "text": "RT @sotojuanjo: Hot @gabrielboric dej\u00f3 claro que defiende la autonom\u00eda del BC. Que Ram\u00f3n Lopez no pincha ni corta y que Jadue perdi\u00f3 la pri\u2026", "author_id": "1195829833781129216", "id": "1449123130539053059", "edit_history_tweet_ids": ["1449123130539053059"]}, {"created_at": "2021-10-15T21:20:43.000Z", "text": "RT @SecDef: On this final day of #HispanicHeritageMonth , I'd like to recognize our very own Senior Enlisted Advisor to the Chairman (SEAC)\u2026", "author_id": "894552380", "id": "1449123094241550336", "edit_history_tweet_ids": ["1449123094241550336"]}, {"created_at": "2021-10-15T21:20:42.000Z", "text": "RT @SecDef: On this final day of #HispanicHeritageMonth , I'd like to recognize our very own Senior Enlisted Advisor to the Chairman (SEAC)\u2026", "author_id": "751852736", "id": "1449123090932408330", "edit_history_tweet_ids": ["1449123090932408330"]}, {"created_at": "2021-10-15T21:17:34.000Z", "text": "\"Ramon Lopez Liked\"\nNext @NachoOrtega https://t.co/qrkDckmbwr", "author_id": "1448414802464882688", "id": "1449122302000521219", "edit_history_tweet_ids": ["1449122302000521219"]}, {"created_at": "2021-10-15T21:17:33.000Z", "text": "RT @SecDef: On this final day of #HispanicHeritageMonth , I'd like to recognize our very own Senior Enlisted Advisor to the Chairman (SEAC)\u2026", "author_id": "21714655", "id": "1449122297508401152", "edit_history_tweet_ids": ["1449122297508401152"]}, {"created_at": "2021-10-15T21:15:25.000Z", "text": "RT @EconomistaFlait: De Manuel Riesco, lo entiendo, el wn es Comunista, chanta y se ha pegao wenas pas\u00e1s pitiandose we\u00e1s (AFP Magister, sis\u2026", "author_id": "75134246", "id": "1449121759630815234", "edit_history_tweet_ids": ["1449121759630815234"]}, {"created_at": "2021-10-15T21:13:23.000Z", "text": "RT @EconomistaFlait: El chanter\u00edo intelectual de Ram\u00f3n L\u00f3pez y Manuel Riesco es pa la cag\u00e1. Comparan lo q est\u00e1 haciendo Marcel al subir las\u2026", "author_id": "489898454", "id": "1449121248844206085", "edit_history_tweet_ids": ["1449121248844206085"]}], "meta": {"newest_id": "1449161861321027584", "oldest_id": "1449121248844206085", "result_count": 94, "next_token": "b26v89c19zqg8o3fpds9suhyl9v4xejowljuqykliasn1"}}