{"data": [{"created_at": "2021-10-22T02:40:59.000Z", "author_id": "1187515309705617408", "text": "RT @Winston_Dunhill: Y nunca te olvides, Ram\u00f3n Eloy Jones, padre de Facundo Jones Huala y su hermano, Fernando Jones, le cuidan los yobacas\u2026", "id": "1451378020166553602", "edit_history_tweet_ids": ["1451378020166553602"]}, {"created_at": "2021-10-22T02:40:21.000Z", "author_id": "2815992305", "text": "RT @Winston_Dunhill: Y nunca te olvides, Ram\u00f3n Eloy Jones, padre de Facundo Jones Huala y su hermano, Fernando Jones, le cuidan los yobacas\u2026", "id": "1451377857872211970", "edit_history_tweet_ids": ["1451377857872211970"]}, {"created_at": "2021-10-22T02:40:05.000Z", "author_id": "1157070279132274688", "text": "RT @Winston_Dunhill: Y nunca te olvides, Ram\u00f3n Eloy Jones, padre de Facundo Jones Huala y su hermano, Fernando Jones, le cuidan los yobacas\u2026", "id": "1451377789798690830", "edit_history_tweet_ids": ["1451377789798690830"]}, {"created_at": "2021-10-22T02:40:01.000Z", "author_id": "131979436", "text": "RT @Winston_Dunhill: Y nunca te olvides, Ram\u00f3n Eloy Jones, padre de Facundo Jones Huala y su hermano, Fernando Jones, le cuidan los yobacas\u2026", "id": "1451377776544686080", "edit_history_tweet_ids": ["1451377776544686080"]}, {"created_at": "2021-10-22T02:39:29.000Z", "author_id": "1126556651077668870", "text": "RT @Winston_Dunhill: Y nunca te olvides, Ram\u00f3n Eloy Jones, padre de Facundo Jones Huala y su hermano, Fernando Jones, le cuidan los yobacas\u2026", "id": "1451377640791629824", "edit_history_tweet_ids": ["1451377640791629824"]}, {"created_at": "2021-10-22T02:39:20.000Z", "author_id": "2596569320", "text": "@noticiasredmx Ante \u00e9ste pronunciamiento \u00bfQu\u00e9 dir\u00e1n profesionales como Juan Ram\u00f3n De la Fuente, sobre lo dicho por L\u00f3pez hablador? Tengo la esperanza de que cada vez, m\u00e1s personas rechacen a este charlat\u00e1n.", "id": "1451377602707566608", "edit_history_tweet_ids": ["1451377602707566608"]}, {"created_at": "2021-10-22T02:38:53.000Z", "author_id": "1542108283", "text": "RT @Winston_Dunhill: Y nunca te olvides, Ram\u00f3n Eloy Jones, padre de Facundo Jones Huala y su hermano, Fernando Jones, le cuidan los yobacas\u2026", "id": "1451377491290075142", "edit_history_tweet_ids": ["1451377491290075142"]}, {"created_at": "2021-10-22T02:38:11.000Z", "author_id": "188132964", "text": "RT @Winston_Dunhill: Y nunca te olvides, Ram\u00f3n Eloy Jones, padre de Facundo Jones Huala y su hermano, Fernando Jones, le cuidan los yobacas\u2026", "id": "1451377312038010888", "edit_history_tweet_ids": ["1451377312038010888"]}, {"created_at": "2021-10-22T02:37:58.000Z", "author_id": "604908080", "text": "RT @Winston_Dunhill: Y nunca te olvides, Ram\u00f3n Eloy Jones, padre de Facundo Jones Huala y su hermano, Fernando Jones, le cuidan los yobacas\u2026", "id": "1451377259030491139", "edit_history_tweet_ids": ["1451377259030491139"]}, {"created_at": "2021-10-22T02:37:40.000Z", "author_id": "405601936", "text": "RT @Winston_Dunhill: Y nunca te olvides, Ram\u00f3n Eloy Jones, padre de Facundo Jones Huala y su hermano, Fernando Jones, le cuidan los yobacas\u2026", "id": "1451377185147731968", "edit_history_tweet_ids": ["1451377185147731968"]}, {"created_at": "2021-10-22T02:37:21.000Z", "author_id": "200477464", "text": "RT @Winston_Dunhill: Y nunca te olvides, Ram\u00f3n Eloy Jones, padre de Facundo Jones Huala y su hermano, Fernando Jones, le cuidan los yobacas\u2026", "id": "1451377102306033664", "edit_history_tweet_ids": ["1451377102306033664"]}, {"created_at": "2021-10-22T02:37:12.000Z", "author_id": "718690136431665152", "text": "RT @Winston_Dunhill: Y nunca te olvides, Ram\u00f3n Eloy Jones, padre de Facundo Jones Huala y su hermano, Fernando Jones, le cuidan los yobacas\u2026", "id": "1451377066612600849", "edit_history_tweet_ids": ["1451377066612600849"]}, {"created_at": "2021-10-22T02:37:09.000Z", "author_id": "722603840554602496", "text": "RT @Winston_Dunhill: Y nunca te olvides, Ram\u00f3n Eloy Jones, padre de Facundo Jones Huala y su hermano, Fernando Jones, le cuidan los yobacas\u2026", "id": "1451377052402212864", "edit_history_tweet_ids": ["1451377052402212864"]}, {"created_at": "2021-10-22T02:36:49.000Z", "author_id": "229516510", "text": "RT @Winston_Dunhill: Y nunca te olvides, Ram\u00f3n Eloy Jones, padre de Facundo Jones Huala y su hermano, Fernando Jones, le cuidan los yobacas\u2026", "id": "1451376968797237250", "edit_history_tweet_ids": ["1451376968797237250"]}, {"created_at": "2021-10-22T02:36:23.000Z", "author_id": "1174159312152879105", "text": "RT @Winston_Dunhill: Y nunca te olvides, Ram\u00f3n Eloy Jones, padre de Facundo Jones Huala y su hermano, Fernando Jones, le cuidan los yobacas\u2026", "id": "1451376860684865536", "edit_history_tweet_ids": ["1451376860684865536"]}, {"created_at": "2021-10-22T02:36:17.000Z", "author_id": "3492137476", "text": "RT @Winston_Dunhill: Y nunca te olvides, Ram\u00f3n Eloy Jones, padre de Facundo Jones Huala y su hermano, Fernando Jones, le cuidan los yobacas\u2026", "id": "1451376834332045349", "edit_history_tweet_ids": ["1451376834332045349"]}, {"created_at": "2021-10-22T02:35:28.000Z", "author_id": "1440510265036918791", "text": "RT @Winston_Dunhill: Y nunca te olvides, Ram\u00f3n Eloy Jones, padre de Facundo Jones Huala y su hermano, Fernando Jones, le cuidan los yobacas\u2026", "id": "1451376628458835975", "edit_history_tweet_ids": ["1451376628458835975"]}, {"created_at": "2021-10-22T02:35:03.000Z", "author_id": "2817104744", "text": "RT @Winston_Dunhill: Y nunca te olvides, Ram\u00f3n Eloy Jones, padre de Facundo Jones Huala y su hermano, Fernando Jones, le cuidan los yobacas\u2026", "id": "1451376525648048128", "edit_history_tweet_ids": ["1451376525648048128"]}, {"created_at": "2021-10-22T02:34:40.000Z", "author_id": "1059078713143447552", "text": "RT @Winston_Dunhill: Y nunca te olvides, Ram\u00f3n Eloy Jones, padre de Facundo Jones Huala y su hermano, Fernando Jones, le cuidan los yobacas\u2026", "id": "1451376429489262601", "edit_history_tweet_ids": ["1451376429489262601"]}, {"created_at": "2021-10-22T02:33:38.000Z", "author_id": "1830892610", "text": "RT @Winston_Dunhill: Y nunca te olvides, Ram\u00f3n Eloy Jones, padre de Facundo Jones Huala y su hermano, Fernando Jones, le cuidan los yobacas\u2026", "id": "1451376169266335745", "edit_history_tweet_ids": ["1451376169266335745"]}, {"created_at": "2021-10-22T02:33:24.000Z", "author_id": "2720759055", "text": "RT @Winston_Dunhill: Y nunca te olvides, Ram\u00f3n Eloy Jones, padre de Facundo Jones Huala y su hermano, Fernando Jones, le cuidan los yobacas\u2026", "id": "1451376108172193793", "edit_history_tweet_ids": ["1451376108172193793"]}, {"created_at": "2021-10-22T02:33:07.000Z", "author_id": "316161813", "text": "RT @Winston_Dunhill: Y nunca te olvides, Ram\u00f3n Eloy Jones, padre de Facundo Jones Huala y su hermano, Fernando Jones, le cuidan los yobacas\u2026", "id": "1451376037280026628", "edit_history_tweet_ids": ["1451376037280026628"]}, {"created_at": "2021-10-22T02:31:41.000Z", "author_id": "941052092222976001", "text": "RT @Winston_Dunhill: Y nunca te olvides, Ram\u00f3n Eloy Jones, padre de Facundo Jones Huala y su hermano, Fernando Jones, le cuidan los yobacas\u2026", "id": "1451375675886260224", "edit_history_tweet_ids": ["1451375675886260224"]}, {"created_at": "2021-10-22T02:31:37.000Z", "author_id": "1213841527455174657", "text": "RT @Winston_Dunhill: Y nunca te olvides, Ram\u00f3n Eloy Jones, padre de Facundo Jones Huala y su hermano, Fernando Jones, le cuidan los yobacas\u2026", "id": "1451375660275052555", "edit_history_tweet_ids": ["1451375660275052555"]}, {"created_at": "2021-10-22T02:30:56.000Z", "author_id": "962749951758479360", "text": "RT @Winston_Dunhill: Y nunca te olvides, Ram\u00f3n Eloy Jones, padre de Facundo Jones Huala y su hermano, Fernando Jones, le cuidan los yobacas\u2026", "id": "1451375489029865480", "edit_history_tweet_ids": ["1451375489029865480"]}, {"created_at": "2021-10-22T02:30:56.000Z", "author_id": "133269922", "text": "RT @Winston_Dunhill: Y nunca te olvides, Ram\u00f3n Eloy Jones, padre de Facundo Jones Huala y su hermano, Fernando Jones, le cuidan los yobacas\u2026", "id": "1451375487071125506", "edit_history_tweet_ids": ["1451375487071125506"]}, {"created_at": "2021-10-22T02:30:46.000Z", "author_id": "221475537", "text": "RT @Winston_Dunhill: Y nunca te olvides, Ram\u00f3n Eloy Jones, padre de Facundo Jones Huala y su hermano, Fernando Jones, le cuidan los yobacas\u2026", "id": "1451375445115555841", "edit_history_tweet_ids": ["1451375445115555841"]}, {"created_at": "2021-10-22T02:30:26.000Z", "author_id": "289125526", "text": "RT @Winston_Dunhill: Y nunca te olvides, Ram\u00f3n Eloy Jones, padre de Facundo Jones Huala y su hermano, Fernando Jones, le cuidan los yobacas\u2026", "id": "1451375364211716111", "edit_history_tweet_ids": ["1451375364211716111"]}, {"created_at": "2021-10-22T02:30:18.000Z", "author_id": "2960464018", "text": "RT @Winston_Dunhill: Y nunca te olvides, Ram\u00f3n Eloy Jones, padre de Facundo Jones Huala y su hermano, Fernando Jones, le cuidan los yobacas\u2026", "id": "1451375329898115091", "edit_history_tweet_ids": ["1451375329898115091"]}, {"created_at": "2021-10-22T02:30:02.000Z", "author_id": "1187140757767032833", "text": "RT @Winston_Dunhill: Y nunca te olvides, Ram\u00f3n Eloy Jones, padre de Facundo Jones Huala y su hermano, Fernando Jones, le cuidan los yobacas\u2026", "id": "1451375264034852865", "edit_history_tweet_ids": ["1451375264034852865"]}, {"created_at": "2021-10-22T02:29:45.000Z", "author_id": "3150226936", "text": "RT @Winston_Dunhill: Y nunca te olvides, Ram\u00f3n Eloy Jones, padre de Facundo Jones Huala y su hermano, Fernando Jones, le cuidan los yobacas\u2026", "id": "1451375192341721145", "edit_history_tweet_ids": ["1451375192341721145"]}, {"created_at": "2021-10-22T02:29:20.000Z", "author_id": "260699609", "text": "RT @Winston_Dunhill: Y nunca te olvides, Ram\u00f3n Eloy Jones, padre de Facundo Jones Huala y su hermano, Fernando Jones, le cuidan los yobacas\u2026", "id": "1451375085311385603", "edit_history_tweet_ids": ["1451375085311385603"]}, {"created_at": "2021-10-22T02:28:16.000Z", "author_id": "522383039", "text": "RT @Winston_Dunhill: Y nunca te olvides, Ram\u00f3n Eloy Jones, padre de Facundo Jones Huala y su hermano, Fernando Jones, le cuidan los yobacas\u2026", "id": "1451374818276913154", "edit_history_tweet_ids": ["1451374818276913154"]}, {"created_at": "2021-10-22T02:27:56.000Z", "author_id": "61347334", "text": "RT @Winston_Dunhill: Y nunca te olvides, Ram\u00f3n Eloy Jones, padre de Facundo Jones Huala y su hermano, Fernando Jones, le cuidan los yobacas\u2026", "id": "1451374735200247811", "edit_history_tweet_ids": ["1451374735200247811"]}, {"created_at": "2021-10-22T02:27:55.000Z", "author_id": "4043586975", "text": "RT @Winston_Dunhill: Y nunca te olvides, Ram\u00f3n Eloy Jones, padre de Facundo Jones Huala y su hermano, Fernando Jones, le cuidan los yobacas\u2026", "id": "1451374731136020487", "edit_history_tweet_ids": ["1451374731136020487"]}, {"created_at": "2021-10-22T02:27:53.000Z", "author_id": "344425261", "text": "RT @Winston_Dunhill: Y nunca te olvides, Ram\u00f3n Eloy Jones, padre de Facundo Jones Huala y su hermano, Fernando Jones, le cuidan los yobacas\u2026", "id": "1451374722554413059", "edit_history_tweet_ids": ["1451374722554413059"]}, {"created_at": "2021-10-22T02:26:50.000Z", "author_id": "1409175901", "text": "RT @Winston_Dunhill: Y nunca te olvides, Ram\u00f3n Eloy Jones, padre de Facundo Jones Huala y su hermano, Fernando Jones, le cuidan los yobacas\u2026", "id": "1451374458711773188", "edit_history_tweet_ids": ["1451374458711773188"]}, {"created_at": "2021-10-22T02:26:07.000Z", "author_id": "1380417661", "text": "RT @Winston_Dunhill: Y nunca te olvides, Ram\u00f3n Eloy Jones, padre de Facundo Jones Huala y su hermano, Fernando Jones, le cuidan los yobacas\u2026", "id": "1451374276674822144", "edit_history_tweet_ids": ["1451374276674822144"]}, {"created_at": "2021-10-22T02:26:07.000Z", "author_id": "1074817759303909378", "text": "RT @Winston_Dunhill: Y nunca te olvides, Ram\u00f3n Eloy Jones, padre de Facundo Jones Huala y su hermano, Fernando Jones, le cuidan los yobacas\u2026", "id": "1451374275508723712", "edit_history_tweet_ids": ["1451374275508723712"]}, {"created_at": "2021-10-22T02:25:32.000Z", "author_id": "1096545237818855425", "text": "RT @Winston_Dunhill: Y nunca te olvides, Ram\u00f3n Eloy Jones, padre de Facundo Jones Huala y su hermano, Fernando Jones, le cuidan los yobacas\u2026", "id": "1451374129895051266", "edit_history_tweet_ids": ["1451374129895051266"]}, {"created_at": "2021-10-22T02:25:25.000Z", "author_id": "1134939534976794624", "text": "RT @Winston_Dunhill: Y nunca te olvides, Ram\u00f3n Eloy Jones, padre de Facundo Jones Huala y su hermano, Fernando Jones, le cuidan los yobacas\u2026", "id": "1451374101017202689", "edit_history_tweet_ids": ["1451374101017202689"]}, {"created_at": "2021-10-22T02:24:59.000Z", "author_id": "4057381101", "text": "RT @Winston_Dunhill: Y nunca te olvides, Ram\u00f3n Eloy Jones, padre de Facundo Jones Huala y su hermano, Fernando Jones, le cuidan los yobacas\u2026", "id": "1451373991063695370", "edit_history_tweet_ids": ["1451373991063695370"]}, {"created_at": "2021-10-22T02:24:48.000Z", "author_id": "526670021", "text": "RT @Winston_Dunhill: Y nunca te olvides, Ram\u00f3n Eloy Jones, padre de Facundo Jones Huala y su hermano, Fernando Jones, le cuidan los yobacas\u2026", "id": "1451373944230096906", "edit_history_tweet_ids": ["1451373944230096906"]}, {"created_at": "2021-10-22T02:24:39.000Z", "author_id": "1021291700", "text": "RT @Winston_Dunhill: Y nunca te olvides, Ram\u00f3n Eloy Jones, padre de Facundo Jones Huala y su hermano, Fernando Jones, le cuidan los yobacas\u2026", "id": "1451373906644897794", "edit_history_tweet_ids": ["1451373906644897794"]}, {"created_at": "2021-10-22T02:24:34.000Z", "author_id": "1282027947289989121", "text": "RT @Winston_Dunhill: Y nunca te olvides, Ram\u00f3n Eloy Jones, padre de Facundo Jones Huala y su hermano, Fernando Jones, le cuidan los yobacas\u2026", "id": "1451373887351033863", "edit_history_tweet_ids": ["1451373887351033863"]}, {"created_at": "2021-10-22T02:24:09.000Z", "author_id": "3346965976", "text": "RT @Winston_Dunhill: Y nunca te olvides, Ram\u00f3n Eloy Jones, padre de Facundo Jones Huala y su hermano, Fernando Jones, le cuidan los yobacas\u2026", "id": "1451373780434137093", "edit_history_tweet_ids": ["1451373780434137093"]}, {"created_at": "2021-10-22T02:23:35.000Z", "author_id": "876605903616737280", "text": "RT @Winston_Dunhill: Y nunca te olvides, Ram\u00f3n Eloy Jones, padre de Facundo Jones Huala y su hermano, Fernando Jones, le cuidan los yobacas\u2026", "id": "1451373639207690240", "edit_history_tweet_ids": ["1451373639207690240"]}, {"created_at": "2021-10-22T02:23:31.000Z", "author_id": "3551170355", "text": "RT @Winston_Dunhill: Y nunca te olvides, Ram\u00f3n Eloy Jones, padre de Facundo Jones Huala y su hermano, Fernando Jones, le cuidan los yobacas\u2026", "id": "1451373623608954882", "edit_history_tweet_ids": ["1451373623608954882"]}, {"created_at": "2021-10-22T02:23:23.000Z", "author_id": "1226279216", "text": "RT @Winston_Dunhill: Y nunca te olvides, Ram\u00f3n Eloy Jones, padre de Facundo Jones Huala y su hermano, Fernando Jones, le cuidan los yobacas\u2026", "id": "1451373587470987291", "edit_history_tweet_ids": ["1451373587470987291"]}, {"created_at": "2021-10-22T02:23:15.000Z", "author_id": "154984379", "text": "RT @Winston_Dunhill: Y nunca te olvides, Ram\u00f3n Eloy Jones, padre de Facundo Jones Huala y su hermano, Fernando Jones, le cuidan los yobacas\u2026", "id": "1451373557045411841", "edit_history_tweet_ids": ["1451373557045411841"]}, {"created_at": "2021-10-22T02:22:56.000Z", "author_id": "2753271054", "text": "RT @Winston_Dunhill: Y nunca te olvides, Ram\u00f3n Eloy Jones, padre de Facundo Jones Huala y su hermano, Fernando Jones, le cuidan los yobacas\u2026", "id": "1451373475470381059", "edit_history_tweet_ids": ["1451373475470381059"]}, {"created_at": "2021-10-22T02:22:41.000Z", "author_id": "51846587", "text": "RT @Winston_Dunhill: Y nunca te olvides, Ram\u00f3n Eloy Jones, padre de Facundo Jones Huala y su hermano, Fernando Jones, le cuidan los yobacas\u2026", "id": "1451373410811011075", "edit_history_tweet_ids": ["1451373410811011075"]}, {"created_at": "2021-10-22T02:22:32.000Z", "author_id": "1126435015", "text": "RT @Winston_Dunhill: Y nunca te olvides, Ram\u00f3n Eloy Jones, padre de Facundo Jones Huala y su hermano, Fernando Jones, le cuidan los yobacas\u2026", "id": "1451373377051144192", "edit_history_tweet_ids": ["1451373377051144192"]}, {"created_at": "2021-10-22T02:21:41.000Z", "author_id": "1632681642", "text": "RT @Winston_Dunhill: Y nunca te olvides, Ram\u00f3n Eloy Jones, padre de Facundo Jones Huala y su hermano, Fernando Jones, le cuidan los yobacas\u2026", "id": "1451373159136043009", "edit_history_tweet_ids": ["1451373159136043009"]}, {"created_at": "2021-10-22T02:21:33.000Z", "author_id": "69450436", "text": "RT @librosunam: \ud83d\udc4fOctavio Paz escribi\u00f3 \u201cEl camino de la pasi\u00f3n\u201d, que aborda la poes\u00eda de Ram\u00f3n L\u00f3pez Velarde, y ma\u00f1ana a las 18h platicar\u00e1n\u2026", "id": "1451373126592368640", "edit_history_tweet_ids": ["1451373126592368640"]}, {"created_at": "2021-10-22T02:21:19.000Z", "author_id": "1018523875", "text": "RT @sped_misd: Fields Elementary Self- Contained \nMrs Mares, Ms. Ramon, Mrs. Lopez, Mr. Trevino and Mr. Puente https://t.co/hZQCSv0AFd", "id": "1451373067649921038", "edit_history_tweet_ids": ["1451373067649921038"]}, {"created_at": "2021-10-22T02:21:05.000Z", "author_id": "3300442475", "text": "RT @Winston_Dunhill: Y nunca te olvides, Ram\u00f3n Eloy Jones, padre de Facundo Jones Huala y su hermano, Fernando Jones, le cuidan los yobacas\u2026", "id": "1451373008216633345", "edit_history_tweet_ids": ["1451373008216633345"]}, {"created_at": "2021-10-22T02:21:03.000Z", "author_id": "885910502421012481", "text": "RT @Winston_Dunhill: Y nunca te olvides, Ram\u00f3n Eloy Jones, padre de Facundo Jones Huala y su hermano, Fernando Jones, le cuidan los yobacas\u2026", "id": "1451373000482336772", "edit_history_tweet_ids": ["1451373000482336772"]}, {"created_at": "2021-10-22T02:20:49.000Z", "author_id": "614418504", "text": "RT @Winston_Dunhill: Y nunca te olvides, Ram\u00f3n Eloy Jones, padre de Facundo Jones Huala y su hermano, Fernando Jones, le cuidan los yobacas\u2026", "id": "1451372943167066113", "edit_history_tweet_ids": ["1451372943167066113"]}, {"created_at": "2021-10-22T02:20:18.000Z", "author_id": "626912455", "text": "RT @Winston_Dunhill: Y nunca te olvides, Ram\u00f3n Eloy Jones, padre de Facundo Jones Huala y su hermano, Fernando Jones, le cuidan los yobacas\u2026", "id": "1451372811180658688", "edit_history_tweet_ids": ["1451372811180658688"]}, {"created_at": "2021-10-22T02:19:05.000Z", "author_id": "1127490889406984192", "text": "RT @Winston_Dunhill: Y nunca te olvides, Ram\u00f3n Eloy Jones, padre de Facundo Jones Huala y su hermano, Fernando Jones, le cuidan los yobacas\u2026", "id": "1451372508876353566", "edit_history_tweet_ids": ["1451372508876353566"]}, {"created_at": "2021-10-22T02:18:14.000Z", "author_id": "171995780", "text": "RT @Winston_Dunhill: Y nunca te olvides, Ram\u00f3n Eloy Jones, padre de Facundo Jones Huala y su hermano, Fernando Jones, le cuidan los yobacas\u2026", "id": "1451372293519814657", "edit_history_tweet_ids": ["1451372293519814657"]}, {"created_at": "2021-10-22T02:18:02.000Z", "author_id": "488111332", "text": "RT @Winston_Dunhill: Y nunca te olvides, Ram\u00f3n Eloy Jones, padre de Facundo Jones Huala y su hermano, Fernando Jones, le cuidan los yobacas\u2026", "id": "1451372241355218945", "edit_history_tweet_ids": ["1451372241355218945"]}, {"created_at": "2021-10-22T02:17:58.000Z", "author_id": "135305006", "text": "RT @Winston_Dunhill: Y nunca te olvides, Ram\u00f3n Eloy Jones, padre de Facundo Jones Huala y su hermano, Fernando Jones, le cuidan los yobacas\u2026", "id": "1451372226247266304", "edit_history_tweet_ids": ["1451372226247266304"]}, {"created_at": "2021-10-22T02:17:53.000Z", "author_id": "2766869051", "text": "RT @Winston_Dunhill: Y nunca te olvides, Ram\u00f3n Eloy Jones, padre de Facundo Jones Huala y su hermano, Fernando Jones, le cuidan los yobacas\u2026", "id": "1451372204428566528", "edit_history_tweet_ids": ["1451372204428566528"]}, {"created_at": "2021-10-22T02:17:21.000Z", "author_id": "862427525640802308", "text": "RT @Winston_Dunhill: Y nunca te olvides, Ram\u00f3n Eloy Jones, padre de Facundo Jones Huala y su hermano, Fernando Jones, le cuidan los yobacas\u2026", "id": "1451372069812244483", "edit_history_tweet_ids": ["1451372069812244483"]}, {"created_at": "2021-10-22T02:17:16.000Z", "author_id": "129896184", "text": "RT @Winston_Dunhill: Y nunca te olvides, Ram\u00f3n Eloy Jones, padre de Facundo Jones Huala y su hermano, Fernando Jones, le cuidan los yobacas\u2026", "id": "1451372048287248386", "edit_history_tweet_ids": ["1451372048287248386"]}, {"created_at": "2021-10-22T02:17:05.000Z", "author_id": "2400160209", "text": "RT @Winston_Dunhill: Y nunca te olvides, Ram\u00f3n Eloy Jones, padre de Facundo Jones Huala y su hermano, Fernando Jones, le cuidan los yobacas\u2026", "id": "1451372004163031044", "edit_history_tweet_ids": ["1451372004163031044"]}, {"created_at": "2021-10-22T02:16:55.000Z", "author_id": "954771927930896384", "text": "RT @Winston_Dunhill: Y nunca te olvides, Ram\u00f3n Eloy Jones, padre de Facundo Jones Huala y su hermano, Fernando Jones, le cuidan los yobacas\u2026", "id": "1451371959867125761", "edit_history_tweet_ids": ["1451371959867125761"]}, {"created_at": "2021-10-22T02:16:29.000Z", "author_id": "2879798435", "text": "RT @Winston_Dunhill: Y nunca te olvides, Ram\u00f3n Eloy Jones, padre de Facundo Jones Huala y su hermano, Fernando Jones, le cuidan los yobacas\u2026", "id": "1451371853835030528", "edit_history_tweet_ids": ["1451371853835030528"]}, {"created_at": "2021-10-22T02:15:43.000Z", "author_id": "171896039", "text": "RT @Winston_Dunhill: Y nunca te olvides, Ram\u00f3n Eloy Jones, padre de Facundo Jones Huala y su hermano, Fernando Jones, le cuidan los yobacas\u2026", "id": "1451371659932405760", "edit_history_tweet_ids": ["1451371659932405760"]}, {"created_at": "2021-10-22T02:15:41.000Z", "author_id": "180531315", "text": "RT @Winston_Dunhill: Y nunca te olvides, Ram\u00f3n Eloy Jones, padre de Facundo Jones Huala y su hermano, Fernando Jones, le cuidan los yobacas\u2026", "id": "1451371649832525826", "edit_history_tweet_ids": ["1451371649832525826"]}, {"created_at": "2021-10-22T02:15:27.000Z", "author_id": "1279985916606644225", "text": "RT @Winston_Dunhill: Y nunca te olvides, Ram\u00f3n Eloy Jones, padre de Facundo Jones Huala y su hermano, Fernando Jones, le cuidan los yobacas\u2026", "id": "1451371593914109953", "edit_history_tweet_ids": ["1451371593914109953"]}, {"created_at": "2021-10-22T02:14:59.000Z", "author_id": "539224449", "text": "RT @Winston_Dunhill: Y nunca te olvides, Ram\u00f3n Eloy Jones, padre de Facundo Jones Huala y su hermano, Fernando Jones, le cuidan los yobacas\u2026", "id": "1451371476955897856", "edit_history_tweet_ids": ["1451371476955897856"]}, {"created_at": "2021-10-22T02:14:27.000Z", "author_id": "295723049", "text": "RT @Winston_Dunhill: Y nunca te olvides, Ram\u00f3n Eloy Jones, padre de Facundo Jones Huala y su hermano, Fernando Jones, le cuidan los yobacas\u2026", "id": "1451371342318776328", "edit_history_tweet_ids": ["1451371342318776328"]}, {"created_at": "2021-10-22T02:14:06.000Z", "author_id": "1313925523836411906", "text": "RT @Winston_Dunhill: Y nunca te olvides, Ram\u00f3n Eloy Jones, padre de Facundo Jones Huala y su hermano, Fernando Jones, le cuidan los yobacas\u2026", "id": "1451371253420503047", "edit_history_tweet_ids": ["1451371253420503047"]}, {"created_at": "2021-10-22T02:14:03.000Z", "author_id": "716295311342321665", "text": "RT @Winston_Dunhill: Y nunca te olvides, Ram\u00f3n Eloy Jones, padre de Facundo Jones Huala y su hermano, Fernando Jones, le cuidan los yobacas\u2026", "id": "1451371239365222406", "edit_history_tweet_ids": ["1451371239365222406"]}, {"created_at": "2021-10-22T02:13:46.000Z", "author_id": "303923952", "text": "RT @Winston_Dunhill: Y nunca te olvides, Ram\u00f3n Eloy Jones, padre de Facundo Jones Huala y su hermano, Fernando Jones, le cuidan los yobacas\u2026", "id": "1451371166866853888", "edit_history_tweet_ids": ["1451371166866853888"]}, {"created_at": "2021-10-22T02:13:45.000Z", "author_id": "1385075749451931648", "text": "RT @Winston_Dunhill: Y nunca te olvides, Ram\u00f3n Eloy Jones, padre de Facundo Jones Huala y su hermano, Fernando Jones, le cuidan los yobacas\u2026", "id": "1451371166350905344", "edit_history_tweet_ids": ["1451371166350905344"]}, {"created_at": "2021-10-22T02:13:11.000Z", "author_id": "2787612255", "text": "RT @Winston_Dunhill: Y nunca te olvides, Ram\u00f3n Eloy Jones, padre de Facundo Jones Huala y su hermano, Fernando Jones, le cuidan los yobacas\u2026", "id": "1451371022494601217", "edit_history_tweet_ids": ["1451371022494601217"]}, {"created_at": "2021-10-22T02:12:11.000Z", "author_id": "403674338", "text": "RT @Winston_Dunhill: Y nunca te olvides, Ram\u00f3n Eloy Jones, padre de Facundo Jones Huala y su hermano, Fernando Jones, le cuidan los yobacas\u2026", "id": "1451370769456435201", "edit_history_tweet_ids": ["1451370769456435201"]}, {"created_at": "2021-10-22T02:12:09.000Z", "author_id": "539556275", "text": "RT @Winston_Dunhill: Y nunca te olvides, Ram\u00f3n Eloy Jones, padre de Facundo Jones Huala y su hermano, Fernando Jones, le cuidan los yobacas\u2026", "id": "1451370760493273088", "edit_history_tweet_ids": ["1451370760493273088"]}, {"created_at": "2021-10-22T02:12:02.000Z", "author_id": "144140961", "text": "RT @Winston_Dunhill: Y nunca te olvides, Ram\u00f3n Eloy Jones, padre de Facundo Jones Huala y su hermano, Fernando Jones, le cuidan los yobacas\u2026", "id": "1451370733670735880", "edit_history_tweet_ids": ["1451370733670735880"]}, {"created_at": "2021-10-22T02:12:00.000Z", "author_id": "872584177841000449", "text": "RT @Winston_Dunhill: Y nunca te olvides, Ram\u00f3n Eloy Jones, padre de Facundo Jones Huala y su hermano, Fernando Jones, le cuidan los yobacas\u2026", "id": "1451370725978394630", "edit_history_tweet_ids": ["1451370725978394630"]}, {"created_at": "2021-10-22T02:11:42.000Z", "author_id": "274649627", "text": "RT @Winston_Dunhill: Y nunca te olvides, Ram\u00f3n Eloy Jones, padre de Facundo Jones Huala y su hermano, Fernando Jones, le cuidan los yobacas\u2026", "id": "1451370648312459273", "edit_history_tweet_ids": ["1451370648312459273"]}, {"created_at": "2021-10-22T02:11:23.000Z", "author_id": "1130412844875505664", "text": "RT @Winston_Dunhill: Y nunca te olvides, Ram\u00f3n Eloy Jones, padre de Facundo Jones Huala y su hermano, Fernando Jones, le cuidan los yobacas\u2026", "id": "1451370571061731329", "edit_history_tweet_ids": ["1451370571061731329"]}, {"created_at": "2021-10-22T02:11:17.000Z", "author_id": "396875746", "text": "RT @Winston_Dunhill: Y nunca te olvides, Ram\u00f3n Eloy Jones, padre de Facundo Jones Huala y su hermano, Fernando Jones, le cuidan los yobacas\u2026", "id": "1451370543232561162", "edit_history_tweet_ids": ["1451370543232561162"]}, {"created_at": "2021-10-22T02:11:12.000Z", "author_id": "1138995737390399489", "text": "RT @Winston_Dunhill: Y nunca te olvides, Ram\u00f3n Eloy Jones, padre de Facundo Jones Huala y su hermano, Fernando Jones, le cuidan los yobacas\u2026", "id": "1451370522932039681", "edit_history_tweet_ids": ["1451370522932039681"]}, {"created_at": "2021-10-22T02:09:42.000Z", "author_id": "152706664", "text": "RT @Winston_Dunhill: Y nunca te olvides, Ram\u00f3n Eloy Jones, padre de Facundo Jones Huala y su hermano, Fernando Jones, le cuidan los yobacas\u2026", "id": "1451370143435698193", "edit_history_tweet_ids": ["1451370143435698193"]}, {"created_at": "2021-10-22T02:08:17.000Z", "author_id": "1424644446", "text": "RT @Winston_Dunhill: Y nunca te olvides, Ram\u00f3n Eloy Jones, padre de Facundo Jones Huala y su hermano, Fernando Jones, le cuidan los yobacas\u2026", "id": "1451369791046946822", "edit_history_tweet_ids": ["1451369791046946822"]}, {"created_at": "2021-10-22T02:07:26.000Z", "author_id": "628902541", "text": "RT @Winston_Dunhill: Y nunca te olvides, Ram\u00f3n Eloy Jones, padre de Facundo Jones Huala y su hermano, Fernando Jones, le cuidan los yobacas\u2026", "id": "1451369574964867077", "edit_history_tweet_ids": ["1451369574964867077"]}, {"created_at": "2021-10-22T02:07:16.000Z", "author_id": "2991979563", "text": "RT @Winston_Dunhill: Y nunca te olvides, Ram\u00f3n Eloy Jones, padre de Facundo Jones Huala y su hermano, Fernando Jones, le cuidan los yobacas\u2026", "id": "1451369532929372163", "edit_history_tweet_ids": ["1451369532929372163"]}, {"created_at": "2021-10-22T02:07:16.000Z", "author_id": "1871266214", "text": "RT @Winston_Dunhill: Y nunca te olvides, Ram\u00f3n Eloy Jones, padre de Facundo Jones Huala y su hermano, Fernando Jones, le cuidan los yobacas\u2026", "id": "1451369532199743488", "edit_history_tweet_ids": ["1451369532199743488"]}, {"created_at": "2021-10-22T02:07:06.000Z", "author_id": "2303885453", "text": "RT @Winston_Dunhill: Y nunca te olvides, Ram\u00f3n Eloy Jones, padre de Facundo Jones Huala y su hermano, Fernando Jones, le cuidan los yobacas\u2026", "id": "1451369490311176203", "edit_history_tweet_ids": ["1451369490311176203"]}, {"created_at": "2021-10-22T02:06:41.000Z", "author_id": "4831489919", "text": "RT @Winston_Dunhill: Y nunca te olvides, Ram\u00f3n Eloy Jones, padre de Facundo Jones Huala y su hermano, Fernando Jones, le cuidan los yobacas\u2026", "id": "1451369385038434306", "edit_history_tweet_ids": ["1451369385038434306"]}, {"created_at": "2021-10-22T02:06:25.000Z", "author_id": "221806151", "text": "RT @Winston_Dunhill: Y nunca te olvides, Ram\u00f3n Eloy Jones, padre de Facundo Jones Huala y su hermano, Fernando Jones, le cuidan los yobacas\u2026", "id": "1451369317937860612", "edit_history_tweet_ids": ["1451369317937860612"]}, {"created_at": "2021-10-22T02:06:23.000Z", "author_id": "702168492712337408", "text": "RT @Winston_Dunhill: Y nunca te olvides, Ram\u00f3n Eloy Jones, padre de Facundo Jones Huala y su hermano, Fernando Jones, le cuidan los yobacas\u2026", "id": "1451369312820899840", "edit_history_tweet_ids": ["1451369312820899840"]}, {"created_at": "2021-10-22T02:06:18.000Z", "author_id": "3494607436", "text": "RT @Winston_Dunhill: Y nunca te olvides, Ram\u00f3n Eloy Jones, padre de Facundo Jones Huala y su hermano, Fernando Jones, le cuidan los yobacas\u2026", "id": "1451369291396304899", "edit_history_tweet_ids": ["1451369291396304899"]}], "meta": {"newest_id": "1451378020166553602", "oldest_id": "1451369291396304899", "result_count": 98, "next_token": "b26v89c19zqg8o3fpdv67lya3k3yac6fo3suluj4z9s3h"}}