{"data": [{"created_at": "2021-10-16T13:48:47.000Z", "edit_history_tweet_ids": ["1449371748315566082"], "id": "1449371748315566082", "author_id": "1323517272", "text": "RT @IPerezTuesta: No s\u00e9 qu\u00e9 tanto l\u00edo por lo del nombre. Yo conozco uno que no se complicaba: en el carnet ten\u00eda 3 (Augusto Jos\u00e9 Ram\u00f3n), cu\u2026"}, {"created_at": "2021-10-16T13:48:33.000Z", "edit_history_tweet_ids": ["1449371690304094211"], "id": "1449371690304094211", "author_id": "1395412598150111233", "text": "RT @IPerezTuesta: No s\u00e9 qu\u00e9 tanto l\u00edo por lo del nombre. Yo conozco uno que no se complicaba: en el carnet ten\u00eda 3 (Augusto Jos\u00e9 Ram\u00f3n), cu\u2026"}, {"created_at": "2021-10-16T13:47:32.000Z", "edit_history_tweet_ids": ["1449371435441397766"], "id": "1449371435441397766", "author_id": "914685348441153537", "text": "RT @IPerezTuesta: No s\u00e9 qu\u00e9 tanto l\u00edo por lo del nombre. Yo conozco uno que no se complicaba: en el carnet ten\u00eda 3 (Augusto Jos\u00e9 Ram\u00f3n), cu\u2026"}, {"created_at": "2021-10-16T13:47:19.000Z", "edit_history_tweet_ids": ["1449371380491988992"], "id": "1449371380491988992", "author_id": "2872869155", "text": "RT @IPerezTuesta: No s\u00e9 qu\u00e9 tanto l\u00edo por lo del nombre. Yo conozco uno que no se complicaba: en el carnet ten\u00eda 3 (Augusto Jos\u00e9 Ram\u00f3n), cu\u2026"}, {"created_at": "2021-10-16T13:47:14.000Z", "edit_history_tweet_ids": ["1449371356731097093"], "id": "1449371356731097093", "author_id": "1415433756949745664", "text": "RT @IPerezTuesta: No s\u00e9 qu\u00e9 tanto l\u00edo por lo del nombre. Yo conozco uno que no se complicaba: en el carnet ten\u00eda 3 (Augusto Jos\u00e9 Ram\u00f3n), cu\u2026"}, {"created_at": "2021-10-16T13:47:00.000Z", "edit_history_tweet_ids": ["1449371298430218247"], "id": "1449371298430218247", "author_id": "501324579", "text": "RT @IPerezTuesta: No s\u00e9 qu\u00e9 tanto l\u00edo por lo del nombre. Yo conozco uno que no se complicaba: en el carnet ten\u00eda 3 (Augusto Jos\u00e9 Ram\u00f3n), cu\u2026"}, {"created_at": "2021-10-16T13:46:32.000Z", "edit_history_tweet_ids": ["1449371183049285634"], "id": "1449371183049285634", "author_id": "1368716954", "text": "RT @IPerezTuesta: No s\u00e9 qu\u00e9 tanto l\u00edo por lo del nombre. Yo conozco uno que no se complicaba: en el carnet ten\u00eda 3 (Augusto Jos\u00e9 Ram\u00f3n), cu\u2026"}, {"created_at": "2021-10-16T13:45:57.000Z", "edit_history_tweet_ids": ["1449371033710985220"], "id": "1449371033710985220", "author_id": "120165475", "text": "RT @IPerezTuesta: No s\u00e9 qu\u00e9 tanto l\u00edo por lo del nombre. Yo conozco uno que no se complicaba: en el carnet ten\u00eda 3 (Augusto Jos\u00e9 Ram\u00f3n), cu\u2026"}, {"created_at": "2021-10-16T13:44:18.000Z", "edit_history_tweet_ids": ["1449370620118986756"], "id": "1449370620118986756", "author_id": "1216131699253424129", "text": "RT @IPerezTuesta: No s\u00e9 qu\u00e9 tanto l\u00edo por lo del nombre. Yo conozco uno que no se complicaba: en el carnet ten\u00eda 3 (Augusto Jos\u00e9 Ram\u00f3n), cu\u2026"}, {"created_at": "2021-10-16T13:44:08.000Z", "edit_history_tweet_ids": ["1449370577161097222"], "id": "1449370577161097222", "author_id": "709851282", "text": "RT @IPerezTuesta: No s\u00e9 qu\u00e9 tanto l\u00edo por lo del nombre. Yo conozco uno que no se complicaba: en el carnet ten\u00eda 3 (Augusto Jos\u00e9 Ram\u00f3n), cu\u2026"}, {"created_at": "2021-10-16T13:44:00.000Z", "edit_history_tweet_ids": ["1449370543187120136"], "id": "1449370543187120136", "author_id": "119808136", "text": "RT @IPerezTuesta: No s\u00e9 qu\u00e9 tanto l\u00edo por lo del nombre. Yo conozco uno que no se complicaba: en el carnet ten\u00eda 3 (Augusto Jos\u00e9 Ram\u00f3n), cu\u2026"}, {"created_at": "2021-10-16T13:42:03.000Z", "edit_history_tweet_ids": ["1449370051853778950"], "id": "1449370051853778950", "author_id": "1973861922", "text": "RT @IPerezTuesta: No s\u00e9 qu\u00e9 tanto l\u00edo por lo del nombre. Yo conozco uno que no se complicaba: en el carnet ten\u00eda 3 (Augusto Jos\u00e9 Ram\u00f3n), cu\u2026"}, {"created_at": "2021-10-16T13:41:09.000Z", "edit_history_tweet_ids": ["1449369829249454080"], "id": "1449369829249454080", "author_id": "308711841", "text": "RT @sotojuanjo: Hot @gabrielboric dej\u00f3 claro que defiende la autonom\u00eda del BC. Que Ram\u00f3n Lopez no pincha ni corta y que Jadue perdi\u00f3 la pri\u2026"}, {"created_at": "2021-10-16T13:40:48.000Z", "edit_history_tweet_ids": ["1449369739009007618"], "id": "1449369739009007618", "author_id": "1233526512214777860", "text": "RT @IPerezTuesta: No s\u00e9 qu\u00e9 tanto l\u00edo por lo del nombre. Yo conozco uno que no se complicaba: en el carnet ten\u00eda 3 (Augusto Jos\u00e9 Ram\u00f3n), cu\u2026"}, {"created_at": "2021-10-16T13:40:02.000Z", "edit_history_tweet_ids": ["1449369545785819139"], "id": "1449369545785819139", "author_id": "195459042", "text": "RT @IPerezTuesta: No s\u00e9 qu\u00e9 tanto l\u00edo por lo del nombre. Yo conozco uno que no se complicaba: en el carnet ten\u00eda 3 (Augusto Jos\u00e9 Ram\u00f3n), cu\u2026"}, {"created_at": "2021-10-16T13:39:07.000Z", "edit_history_tweet_ids": ["1449369316457992196"], "id": "1449369316457992196", "author_id": "294361728", "text": "RT @IPerezTuesta: No s\u00e9 qu\u00e9 tanto l\u00edo por lo del nombre. Yo conozco uno que no se complicaba: en el carnet ten\u00eda 3 (Augusto Jos\u00e9 Ram\u00f3n), cu\u2026"}, {"created_at": "2021-10-16T13:38:41.000Z", "edit_history_tweet_ids": ["1449369204973469697"], "id": "1449369204973469697", "author_id": "98645695", "text": "RT @sotojuanjo: Hot @gabrielboric dej\u00f3 claro que defiende la autonom\u00eda del BC. Que Ram\u00f3n Lopez no pincha ni corta y que Jadue perdi\u00f3 la pri\u2026"}, {"created_at": "2021-10-16T13:36:56.000Z", "edit_history_tweet_ids": ["1449368764617617415"], "id": "1449368764617617415", "author_id": "65377415", "text": "RT @IPerezTuesta: No s\u00e9 qu\u00e9 tanto l\u00edo por lo del nombre. Yo conozco uno que no se complicaba: en el carnet ten\u00eda 3 (Augusto Jos\u00e9 Ram\u00f3n), cu\u2026"}, {"created_at": "2021-10-16T13:35:58.000Z", "edit_history_tweet_ids": ["1449368522245566468"], "id": "1449368522245566468", "author_id": "143339343", "text": "RT @IPerezTuesta: No s\u00e9 qu\u00e9 tanto l\u00edo por lo del nombre. Yo conozco uno que no se complicaba: en el carnet ten\u00eda 3 (Augusto Jos\u00e9 Ram\u00f3n), cu\u2026"}, {"created_at": "2021-10-16T13:35:15.000Z", "edit_history_tweet_ids": ["1449368343928967174"], "id": "1449368343928967174", "author_id": "14584666", "text": "RT @EconomistaFlait: El chanter\u00edo intelectual de Ram\u00f3n L\u00f3pez y Manuel Riesco es pa la cag\u00e1. Comparan lo q est\u00e1 haciendo Marcel al subir las\u2026"}, {"created_at": "2021-10-16T13:34:32.000Z", "edit_history_tweet_ids": ["1449368163758395399"], "id": "1449368163758395399", "author_id": "2782123942", "text": "RT @IPerezTuesta: No s\u00e9 qu\u00e9 tanto l\u00edo por lo del nombre. Yo conozco uno que no se complicaba: en el carnet ten\u00eda 3 (Augusto Jos\u00e9 Ram\u00f3n), cu\u2026"}, {"created_at": "2021-10-16T13:34:23.000Z", "edit_history_tweet_ids": ["1449368126102007811"], "id": "1449368126102007811", "author_id": "3305344228", "text": "RT @IPerezTuesta: No s\u00e9 qu\u00e9 tanto l\u00edo por lo del nombre. Yo conozco uno que no se complicaba: en el carnet ten\u00eda 3 (Augusto Jos\u00e9 Ram\u00f3n), cu\u2026"}, {"created_at": "2021-10-16T13:33:49.000Z", "edit_history_tweet_ids": ["1449367980609970184"], "id": "1449367980609970184", "author_id": "66696129", "text": "RT @IPerezTuesta: No s\u00e9 qu\u00e9 tanto l\u00edo por lo del nombre. Yo conozco uno que no se complicaba: en el carnet ten\u00eda 3 (Augusto Jos\u00e9 Ram\u00f3n), cu\u2026"}, {"created_at": "2021-10-16T13:33:45.000Z", "edit_history_tweet_ids": ["1449367965539999745"], "id": "1449367965539999745", "author_id": "273963251", "text": "RT @IPerezTuesta: No s\u00e9 qu\u00e9 tanto l\u00edo por lo del nombre. Yo conozco uno que no se complicaba: en el carnet ten\u00eda 3 (Augusto Jos\u00e9 Ram\u00f3n), cu\u2026"}, {"created_at": "2021-10-16T13:33:26.000Z", "edit_history_tweet_ids": ["1449367886313582601"], "id": "1449367886313582601", "author_id": "186036718", "text": "RT @IPerezTuesta: No s\u00e9 qu\u00e9 tanto l\u00edo por lo del nombre. Yo conozco uno que no se complicaba: en el carnet ten\u00eda 3 (Augusto Jos\u00e9 Ram\u00f3n), cu\u2026"}, {"created_at": "2021-10-16T13:33:19.000Z", "edit_history_tweet_ids": ["1449367855397425170"], "id": "1449367855397425170", "author_id": "1210211474834120704", "text": "RT @IPerezTuesta: No s\u00e9 qu\u00e9 tanto l\u00edo por lo del nombre. Yo conozco uno que no se complicaba: en el carnet ten\u00eda 3 (Augusto Jos\u00e9 Ram\u00f3n), cu\u2026"}, {"created_at": "2021-10-16T13:32:59.000Z", "edit_history_tweet_ids": ["1449367774002778119"], "id": "1449367774002778119", "author_id": "100402274", "text": "RT @IPerezTuesta: No s\u00e9 qu\u00e9 tanto l\u00edo por lo del nombre. Yo conozco uno que no se complicaba: en el carnet ten\u00eda 3 (Augusto Jos\u00e9 Ram\u00f3n), cu\u2026"}, {"created_at": "2021-10-16T13:32:47.000Z", "edit_history_tweet_ids": ["1449367723218141186"], "id": "1449367723218141186", "author_id": "72776260", "text": "RT @IPerezTuesta: No s\u00e9 qu\u00e9 tanto l\u00edo por lo del nombre. Yo conozco uno que no se complicaba: en el carnet ten\u00eda 3 (Augusto Jos\u00e9 Ram\u00f3n), cu\u2026"}, {"created_at": "2021-10-16T13:32:47.000Z", "edit_history_tweet_ids": ["1449367722043879428"], "id": "1449367722043879428", "author_id": "266660509", "text": "RT @IPerezTuesta: No s\u00e9 qu\u00e9 tanto l\u00edo por lo del nombre. Yo conozco uno que no se complicaba: en el carnet ten\u00eda 3 (Augusto Jos\u00e9 Ram\u00f3n), cu\u2026"}, {"created_at": "2021-10-16T13:31:30.000Z", "edit_history_tweet_ids": ["1449367398386003968"], "id": "1449367398386003968", "author_id": "158652158", "text": "RT @IPerezTuesta: No s\u00e9 qu\u00e9 tanto l\u00edo por lo del nombre. Yo conozco uno que no se complicaba: en el carnet ten\u00eda 3 (Augusto Jos\u00e9 Ram\u00f3n), cu\u2026"}, {"created_at": "2021-10-16T13:30:15.000Z", "edit_history_tweet_ids": ["1449367082781405187"], "id": "1449367082781405187", "author_id": "40849582", "text": "RT @SecDef: On this final day of #HispanicHeritageMonth , I'd like to recognize our very own Senior Enlisted Advisor to the Chairman (SEAC)\u2026"}, {"created_at": "2021-10-16T13:29:41.000Z", "edit_history_tweet_ids": ["1449366939738927115"], "id": "1449366939738927115", "author_id": "1025125663", "text": "@carloshuneeus Parece que le hizo clases Ramon Lopez"}, {"created_at": "2021-10-16T13:29:36.000Z", "edit_history_tweet_ids": ["1449366920948502529"], "id": "1449366920948502529", "author_id": "99234419", "text": "RT @IPerezTuesta: No s\u00e9 qu\u00e9 tanto l\u00edo por lo del nombre. Yo conozco uno que no se complicaba: en el carnet ten\u00eda 3 (Augusto Jos\u00e9 Ram\u00f3n), cu\u2026"}, {"created_at": "2021-10-16T13:29:08.000Z", "edit_history_tweet_ids": ["1449366801222193157"], "id": "1449366801222193157", "author_id": "76801619", "text": "RT @IPerezTuesta: No s\u00e9 qu\u00e9 tanto l\u00edo por lo del nombre. Yo conozco uno que no se complicaba: en el carnet ten\u00eda 3 (Augusto Jos\u00e9 Ram\u00f3n), cu\u2026"}, {"created_at": "2021-10-16T13:28:24.000Z", "edit_history_tweet_ids": ["1449366618480394244"], "id": "1449366618480394244", "author_id": "1277682858153390082", "text": "RT @IPerezTuesta: No s\u00e9 qu\u00e9 tanto l\u00edo por lo del nombre. Yo conozco uno que no se complicaba: en el carnet ten\u00eda 3 (Augusto Jos\u00e9 Ram\u00f3n), cu\u2026"}, {"created_at": "2021-10-16T13:28:16.000Z", "edit_history_tweet_ids": ["1449366584645103617"], "id": "1449366584645103617", "author_id": "1193084396204630016", "text": "@exantecl Seran apuntalados por gente mayor, Manuel Riesco y Ramon Lopez."}, {"created_at": "2021-10-16T13:27:47.000Z", "edit_history_tweet_ids": ["1449366461823307776"], "id": "1449366461823307776", "author_id": "204518472", "text": "RT @IPerezTuesta: No s\u00e9 qu\u00e9 tanto l\u00edo por lo del nombre. Yo conozco uno que no se complicaba: en el carnet ten\u00eda 3 (Augusto Jos\u00e9 Ram\u00f3n), cu\u2026"}, {"created_at": "2021-10-16T13:27:41.000Z", "edit_history_tweet_ids": ["1449366437152182277"], "id": "1449366437152182277", "author_id": "281518544", "text": "RT @IPerezTuesta: No s\u00e9 qu\u00e9 tanto l\u00edo por lo del nombre. Yo conozco uno que no se complicaba: en el carnet ten\u00eda 3 (Augusto Jos\u00e9 Ram\u00f3n), cu\u2026"}, {"created_at": "2021-10-16T13:27:13.000Z", "edit_history_tweet_ids": ["1449366322026934272"], "id": "1449366322026934272", "author_id": "1281918358028460034", "text": "RT @IPerezTuesta: No s\u00e9 qu\u00e9 tanto l\u00edo por lo del nombre. Yo conozco uno que no se complicaba: en el carnet ten\u00eda 3 (Augusto Jos\u00e9 Ram\u00f3n), cu\u2026"}, {"created_at": "2021-10-16T13:27:09.000Z", "edit_history_tweet_ids": ["1449366305119694850"], "id": "1449366305119694850", "author_id": "4873800407", "text": "RT @IPerezTuesta: No s\u00e9 qu\u00e9 tanto l\u00edo por lo del nombre. Yo conozco uno que no se complicaba: en el carnet ten\u00eda 3 (Augusto Jos\u00e9 Ram\u00f3n), cu\u2026"}, {"created_at": "2021-10-16T13:26:45.000Z", "edit_history_tweet_ids": ["1449366203940626437"], "id": "1449366203940626437", "author_id": "922244763662934016", "text": "RT @IPerezTuesta: No s\u00e9 qu\u00e9 tanto l\u00edo por lo del nombre. Yo conozco uno que no se complicaba: en el carnet ten\u00eda 3 (Augusto Jos\u00e9 Ram\u00f3n), cu\u2026"}, {"created_at": "2021-10-16T13:26:02.000Z", "edit_history_tweet_ids": ["1449366023270981640"], "id": "1449366023270981640", "author_id": "163355294", "text": "RT @IPerezTuesta: No s\u00e9 qu\u00e9 tanto l\u00edo por lo del nombre. Yo conozco uno que no se complicaba: en el carnet ten\u00eda 3 (Augusto Jos\u00e9 Ram\u00f3n), cu\u2026"}, {"created_at": "2021-10-16T13:26:01.000Z", "edit_history_tweet_ids": ["1449366020414586890"], "id": "1449366020414586890", "author_id": "177026301", "text": "RT @IPerezTuesta: No s\u00e9 qu\u00e9 tanto l\u00edo por lo del nombre. Yo conozco uno que no se complicaba: en el carnet ten\u00eda 3 (Augusto Jos\u00e9 Ram\u00f3n), cu\u2026"}, {"created_at": "2021-10-16T13:25:39.000Z", "edit_history_tweet_ids": ["1449365925275254789"], "id": "1449365925275254789", "author_id": "11765192", "text": "RT @IPerezTuesta: No s\u00e9 qu\u00e9 tanto l\u00edo por lo del nombre. Yo conozco uno que no se complicaba: en el carnet ten\u00eda 3 (Augusto Jos\u00e9 Ram\u00f3n), cu\u2026"}, {"created_at": "2021-10-16T13:24:57.000Z", "edit_history_tweet_ids": ["1449365752230731780"], "id": "1449365752230731780", "author_id": "64554046", "text": "RT @IPerezTuesta: No s\u00e9 qu\u00e9 tanto l\u00edo por lo del nombre. Yo conozco uno que no se complicaba: en el carnet ten\u00eda 3 (Augusto Jos\u00e9 Ram\u00f3n), cu\u2026"}, {"created_at": "2021-10-16T13:24:50.000Z", "edit_history_tweet_ids": ["1449365722329587715"], "id": "1449365722329587715", "author_id": "524279086", "text": "RT @IPerezTuesta: No s\u00e9 qu\u00e9 tanto l\u00edo por lo del nombre. Yo conozco uno que no se complicaba: en el carnet ten\u00eda 3 (Augusto Jos\u00e9 Ram\u00f3n), cu\u2026"}, {"created_at": "2021-10-16T13:24:41.000Z", "edit_history_tweet_ids": ["1449365682995359749"], "id": "1449365682995359749", "author_id": "265991174", "text": "RT @IPerezTuesta: No s\u00e9 qu\u00e9 tanto l\u00edo por lo del nombre. Yo conozco uno que no se complicaba: en el carnet ten\u00eda 3 (Augusto Jos\u00e9 Ram\u00f3n), cu\u2026"}, {"created_at": "2021-10-16T13:24:39.000Z", "edit_history_tweet_ids": ["1449365673369427973"], "id": "1449365673369427973", "author_id": "1207390028302868482", "text": "RT @IPerezTuesta: No s\u00e9 qu\u00e9 tanto l\u00edo por lo del nombre. Yo conozco uno que no se complicaba: en el carnet ten\u00eda 3 (Augusto Jos\u00e9 Ram\u00f3n), cu\u2026"}, {"created_at": "2021-10-16T13:24:35.000Z", "edit_history_tweet_ids": ["1449365659108925448"], "id": "1449365659108925448", "author_id": "1651040966", "text": "RT @IPerezTuesta: No s\u00e9 qu\u00e9 tanto l\u00edo por lo del nombre. Yo conozco uno que no se complicaba: en el carnet ten\u00eda 3 (Augusto Jos\u00e9 Ram\u00f3n), cu\u2026"}, {"created_at": "2021-10-16T13:24:03.000Z", "edit_history_tweet_ids": ["1449365522718539782"], "id": "1449365522718539782", "author_id": "90550063", "text": "RT @IPerezTuesta: No s\u00e9 qu\u00e9 tanto l\u00edo por lo del nombre. Yo conozco uno que no se complicaba: en el carnet ten\u00eda 3 (Augusto Jos\u00e9 Ram\u00f3n), cu\u2026"}, {"created_at": "2021-10-16T13:22:39.000Z", "edit_history_tweet_ids": ["1449365172368252935"], "id": "1449365172368252935", "author_id": "1231750897853779968", "text": "RT @IPerezTuesta: No s\u00e9 qu\u00e9 tanto l\u00edo por lo del nombre. Yo conozco uno que no se complicaba: en el carnet ten\u00eda 3 (Augusto Jos\u00e9 Ram\u00f3n), cu\u2026"}, {"created_at": "2021-10-16T13:22:31.000Z", "edit_history_tweet_ids": ["1449365139006820367"], "id": "1449365139006820367", "author_id": "88841753", "text": "RT @IPerezTuesta: No s\u00e9 qu\u00e9 tanto l\u00edo por lo del nombre. Yo conozco uno que no se complicaba: en el carnet ten\u00eda 3 (Augusto Jos\u00e9 Ram\u00f3n), cu\u2026"}, {"created_at": "2021-10-16T13:22:25.000Z", "edit_history_tweet_ids": ["1449365114612850689"], "id": "1449365114612850689", "author_id": "473035976", "text": "RT @IPerezTuesta: No s\u00e9 qu\u00e9 tanto l\u00edo por lo del nombre. Yo conozco uno que no se complicaba: en el carnet ten\u00eda 3 (Augusto Jos\u00e9 Ram\u00f3n), cu\u2026"}, {"created_at": "2021-10-16T13:22:12.000Z", "edit_history_tweet_ids": ["1449365057582755848"], "id": "1449365057582755848", "author_id": "624162885", "text": "RT @IPerezTuesta: No s\u00e9 qu\u00e9 tanto l\u00edo por lo del nombre. Yo conozco uno que no se complicaba: en el carnet ten\u00eda 3 (Augusto Jos\u00e9 Ram\u00f3n), cu\u2026"}, {"created_at": "2021-10-16T13:21:58.000Z", "edit_history_tweet_ids": ["1449365000016080905"], "id": "1449365000016080905", "author_id": "3426462868", "text": "RT @IPerezTuesta: No s\u00e9 qu\u00e9 tanto l\u00edo por lo del nombre. Yo conozco uno que no se complicaba: en el carnet ten\u00eda 3 (Augusto Jos\u00e9 Ram\u00f3n), cu\u2026"}, {"created_at": "2021-10-16T13:21:51.000Z", "edit_history_tweet_ids": ["1449364969452015623"], "id": "1449364969452015623", "author_id": "280178364", "text": "RT @IPerezTuesta: No s\u00e9 qu\u00e9 tanto l\u00edo por lo del nombre. Yo conozco uno que no se complicaba: en el carnet ten\u00eda 3 (Augusto Jos\u00e9 Ram\u00f3n), cu\u2026"}, {"created_at": "2021-10-16T13:21:50.000Z", "edit_history_tweet_ids": ["1449364964410417153"], "id": "1449364964410417153", "author_id": "68202670", "text": "RT @IPerezTuesta: No s\u00e9 qu\u00e9 tanto l\u00edo por lo del nombre. Yo conozco uno que no se complicaba: en el carnet ten\u00eda 3 (Augusto Jos\u00e9 Ram\u00f3n), cu\u2026"}, {"created_at": "2021-10-16T13:20:46.000Z", "edit_history_tweet_ids": ["1449364697216475140"], "id": "1449364697216475140", "author_id": "103985063", "text": "RT @IPerezTuesta: No s\u00e9 qu\u00e9 tanto l\u00edo por lo del nombre. Yo conozco uno que no se complicaba: en el carnet ten\u00eda 3 (Augusto Jos\u00e9 Ram\u00f3n), cu\u2026"}, {"created_at": "2021-10-16T13:20:18.000Z", "edit_history_tweet_ids": ["1449364580723933196"], "id": "1449364580723933196", "author_id": "927658434887024645", "text": "RT @IPerezTuesta: No s\u00e9 qu\u00e9 tanto l\u00edo por lo del nombre. Yo conozco uno que no se complicaba: en el carnet ten\u00eda 3 (Augusto Jos\u00e9 Ram\u00f3n), cu\u2026"}, {"created_at": "2021-10-16T13:20:16.000Z", "edit_history_tweet_ids": ["1449364572595388421"], "id": "1449364572595388421", "author_id": "486904088", "text": "RT @IPerezTuesta: No s\u00e9 qu\u00e9 tanto l\u00edo por lo del nombre. Yo conozco uno que no se complicaba: en el carnet ten\u00eda 3 (Augusto Jos\u00e9 Ram\u00f3n), cu\u2026"}, {"created_at": "2021-10-16T13:20:07.000Z", "edit_history_tweet_ids": ["1449364534498525201"], "id": "1449364534498525201", "author_id": "180624408", "text": "RT @meganoticiascl: #Boric toma distancia de exasesor econ\u00f3mico de #Jadue: \"No es parte de mi comando y no es cercano a mi candidatura\" htt\u2026"}, {"created_at": "2021-10-16T13:19:51.000Z", "edit_history_tweet_ids": ["1449364467792302081"], "id": "1449364467792302081", "author_id": "299766049", "text": "RT @IPerezTuesta: No s\u00e9 qu\u00e9 tanto l\u00edo por lo del nombre. Yo conozco uno que no se complicaba: en el carnet ten\u00eda 3 (Augusto Jos\u00e9 Ram\u00f3n), cu\u2026"}, {"created_at": "2021-10-16T13:19:35.000Z", "edit_history_tweet_ids": ["1449364401169977347"], "id": "1449364401169977347", "author_id": "4072313002", "text": "RT @IPerezTuesta: No s\u00e9 qu\u00e9 tanto l\u00edo por lo del nombre. Yo conozco uno que no se complicaba: en el carnet ten\u00eda 3 (Augusto Jos\u00e9 Ram\u00f3n), cu\u2026"}, {"created_at": "2021-10-16T13:18:48.000Z", "edit_history_tweet_ids": ["1449364202607448072"], "id": "1449364202607448072", "author_id": "100205590", "text": "RT @IPerezTuesta: No s\u00e9 qu\u00e9 tanto l\u00edo por lo del nombre. Yo conozco uno que no se complicaba: en el carnet ten\u00eda 3 (Augusto Jos\u00e9 Ram\u00f3n), cu\u2026"}, {"created_at": "2021-10-16T13:18:38.000Z", "edit_history_tweet_ids": ["1449364161553600519"], "id": "1449364161553600519", "author_id": "139254317", "text": "RT @IPerezTuesta: No s\u00e9 qu\u00e9 tanto l\u00edo por lo del nombre. Yo conozco uno que no se complicaba: en el carnet ten\u00eda 3 (Augusto Jos\u00e9 Ram\u00f3n), cu\u2026"}, {"created_at": "2021-10-16T13:18:38.000Z", "edit_history_tweet_ids": ["1449364160073150465"], "id": "1449364160073150465", "author_id": "2233391938", "text": "RT @sotojuanjo: Hot @gabrielboric dej\u00f3 claro que defiende la autonom\u00eda del BC. Que Ram\u00f3n Lopez no pincha ni corta y que Jadue perdi\u00f3 la pri\u2026"}, {"created_at": "2021-10-16T13:17:34.000Z", "edit_history_tweet_ids": ["1449363893290258434"], "id": "1449363893290258434", "author_id": "1093273760164167680", "text": "RT @IPerezTuesta: No s\u00e9 qu\u00e9 tanto l\u00edo por lo del nombre. Yo conozco uno que no se complicaba: en el carnet ten\u00eda 3 (Augusto Jos\u00e9 Ram\u00f3n), cu\u2026"}, {"created_at": "2021-10-16T13:17:23.000Z", "edit_history_tweet_ids": ["1449363846506815493"], "id": "1449363846506815493", "author_id": "85594895", "text": "RT @IPerezTuesta: No s\u00e9 qu\u00e9 tanto l\u00edo por lo del nombre. Yo conozco uno que no se complicaba: en el carnet ten\u00eda 3 (Augusto Jos\u00e9 Ram\u00f3n), cu\u2026"}, {"created_at": "2021-10-16T13:17:04.000Z", "edit_history_tweet_ids": ["1449363766970363905"], "id": "1449363766970363905", "author_id": "1392997211483656194", "text": "RT @IPerezTuesta: No s\u00e9 qu\u00e9 tanto l\u00edo por lo del nombre. Yo conozco uno que no se complicaba: en el carnet ten\u00eda 3 (Augusto Jos\u00e9 Ram\u00f3n), cu\u2026"}, {"created_at": "2021-10-16T13:16:49.000Z", "edit_history_tweet_ids": ["1449363703690764288"], "id": "1449363703690764288", "author_id": "2349347370", "text": "RT @IPerezTuesta: No s\u00e9 qu\u00e9 tanto l\u00edo por lo del nombre. Yo conozco uno que no se complicaba: en el carnet ten\u00eda 3 (Augusto Jos\u00e9 Ram\u00f3n), cu\u2026"}, {"created_at": "2021-10-16T13:16:46.000Z", "edit_history_tweet_ids": ["1449363690348683265"], "id": "1449363690348683265", "author_id": "41277309", "text": "RT @IPerezTuesta: No s\u00e9 qu\u00e9 tanto l\u00edo por lo del nombre. Yo conozco uno que no se complicaba: en el carnet ten\u00eda 3 (Augusto Jos\u00e9 Ram\u00f3n), cu\u2026"}, {"created_at": "2021-10-16T13:16:15.000Z", "edit_history_tweet_ids": ["1449363561449410560"], "id": "1449363561449410560", "author_id": "2901574948", "text": "RT @IPerezTuesta: No s\u00e9 qu\u00e9 tanto l\u00edo por lo del nombre. Yo conozco uno que no se complicaba: en el carnet ten\u00eda 3 (Augusto Jos\u00e9 Ram\u00f3n), cu\u2026"}, {"created_at": "2021-10-16T13:15:52.000Z", "edit_history_tweet_ids": ["1449363463135014919"], "id": "1449363463135014919", "author_id": "1387459856878219266", "text": "RT @IPerezTuesta: No s\u00e9 qu\u00e9 tanto l\u00edo por lo del nombre. Yo conozco uno que no se complicaba: en el carnet ten\u00eda 3 (Augusto Jos\u00e9 Ram\u00f3n), cu\u2026"}, {"created_at": "2021-10-16T13:15:04.000Z", "edit_history_tweet_ids": ["1449363261338521605"], "id": "1449363261338521605", "author_id": "457171643", "text": "RT @IPerezTuesta: No s\u00e9 qu\u00e9 tanto l\u00edo por lo del nombre. Yo conozco uno que no se complicaba: en el carnet ten\u00eda 3 (Augusto Jos\u00e9 Ram\u00f3n), cu\u2026"}, {"created_at": "2021-10-16T13:14:55.000Z", "edit_history_tweet_ids": ["1449363225150062594"], "id": "1449363225150062594", "author_id": "312387656", "text": "RT @IPerezTuesta: No s\u00e9 qu\u00e9 tanto l\u00edo por lo del nombre. Yo conozco uno que no se complicaba: en el carnet ten\u00eda 3 (Augusto Jos\u00e9 Ram\u00f3n), cu\u2026"}, {"created_at": "2021-10-16T13:14:52.000Z", "edit_history_tweet_ids": ["1449363214668427268"], "id": "1449363214668427268", "author_id": "1096215368358608897", "text": "RT @IPerezTuesta: No s\u00e9 qu\u00e9 tanto l\u00edo por lo del nombre. Yo conozco uno que no se complicaba: en el carnet ten\u00eda 3 (Augusto Jos\u00e9 Ram\u00f3n), cu\u2026"}, {"created_at": "2021-10-16T13:14:51.000Z", "edit_history_tweet_ids": ["1449363210016997388"], "id": "1449363210016997388", "author_id": "2273006797", "text": "RT @IPerezTuesta: No s\u00e9 qu\u00e9 tanto l\u00edo por lo del nombre. Yo conozco uno que no se complicaba: en el carnet ten\u00eda 3 (Augusto Jos\u00e9 Ram\u00f3n), cu\u2026"}, {"created_at": "2021-10-16T13:14:23.000Z", "edit_history_tweet_ids": ["1449363089367842819"], "id": "1449363089367842819", "author_id": "106509505", "text": "RT @IPerezTuesta: No s\u00e9 qu\u00e9 tanto l\u00edo por lo del nombre. Yo conozco uno que no se complicaba: en el carnet ten\u00eda 3 (Augusto Jos\u00e9 Ram\u00f3n), cu\u2026"}, {"created_at": "2021-10-16T13:14:20.000Z", "edit_history_tweet_ids": ["1449363080396345344"], "id": "1449363080396345344", "author_id": "935200014757965824", "text": "RT @IPerezTuesta: No s\u00e9 qu\u00e9 tanto l\u00edo por lo del nombre. Yo conozco uno que no se complicaba: en el carnet ten\u00eda 3 (Augusto Jos\u00e9 Ram\u00f3n), cu\u2026"}, {"created_at": "2021-10-16T13:14:18.000Z", "edit_history_tweet_ids": ["1449363071177302020"], "id": "1449363071177302020", "author_id": "1417096376656273408", "text": "RT @IPerezTuesta: No s\u00e9 qu\u00e9 tanto l\u00edo por lo del nombre. Yo conozco uno que no se complicaba: en el carnet ten\u00eda 3 (Augusto Jos\u00e9 Ram\u00f3n), cu\u2026"}, {"created_at": "2021-10-16T13:14:11.000Z", "edit_history_tweet_ids": ["1449363040454037504"], "id": "1449363040454037504", "author_id": "721376635946188800", "text": "RT @IPerezTuesta: No s\u00e9 qu\u00e9 tanto l\u00edo por lo del nombre. Yo conozco uno que no se complicaba: en el carnet ten\u00eda 3 (Augusto Jos\u00e9 Ram\u00f3n), cu\u2026"}, {"created_at": "2021-10-16T13:14:05.000Z", "edit_history_tweet_ids": ["1449363015455834112"], "id": "1449363015455834112", "author_id": "717837997266313216", "text": "RT @IPerezTuesta: No s\u00e9 qu\u00e9 tanto l\u00edo por lo del nombre. Yo conozco uno que no se complicaba: en el carnet ten\u00eda 3 (Augusto Jos\u00e9 Ram\u00f3n), cu\u2026"}, {"created_at": "2021-10-16T13:13:30.000Z", "edit_history_tweet_ids": ["1449362867329789953"], "id": "1449362867329789953", "author_id": "296005286", "text": "RT @IPerezTuesta: No s\u00e9 qu\u00e9 tanto l\u00edo por lo del nombre. Yo conozco uno que no se complicaba: en el carnet ten\u00eda 3 (Augusto Jos\u00e9 Ram\u00f3n), cu\u2026"}, {"created_at": "2021-10-16T13:12:46.000Z", "edit_history_tweet_ids": ["1449362686601428999"], "id": "1449362686601428999", "author_id": "1185911716862926848", "text": "RT @IPerezTuesta: No s\u00e9 qu\u00e9 tanto l\u00edo por lo del nombre. Yo conozco uno que no se complicaba: en el carnet ten\u00eda 3 (Augusto Jos\u00e9 Ram\u00f3n), cu\u2026"}, {"created_at": "2021-10-16T13:11:35.000Z", "edit_history_tweet_ids": ["1449362385211383815"], "id": "1449362385211383815", "author_id": "2505163157", "text": "RT @IPerezTuesta: No s\u00e9 qu\u00e9 tanto l\u00edo por lo del nombre. Yo conozco uno que no se complicaba: en el carnet ten\u00eda 3 (Augusto Jos\u00e9 Ram\u00f3n), cu\u2026"}, {"created_at": "2021-10-16T13:10:45.000Z", "edit_history_tweet_ids": ["1449362178671357964"], "id": "1449362178671357964", "author_id": "96590088", "text": "RT @IPerezTuesta: No s\u00e9 qu\u00e9 tanto l\u00edo por lo del nombre. Yo conozco uno que no se complicaba: en el carnet ten\u00eda 3 (Augusto Jos\u00e9 Ram\u00f3n), cu\u2026"}, {"created_at": "2021-10-16T13:07:56.000Z", "edit_history_tweet_ids": ["1449361467002613772"], "id": "1449361467002613772", "author_id": "69374667", "text": "RT @IPerezTuesta: No s\u00e9 qu\u00e9 tanto l\u00edo por lo del nombre. Yo conozco uno que no se complicaba: en el carnet ten\u00eda 3 (Augusto Jos\u00e9 Ram\u00f3n), cu\u2026"}, {"created_at": "2021-10-16T13:07:49.000Z", "edit_history_tweet_ids": ["1449361438670082052"], "id": "1449361438670082052", "author_id": "55240349", "text": "RT @IPerezTuesta: No s\u00e9 qu\u00e9 tanto l\u00edo por lo del nombre. Yo conozco uno que no se complicaba: en el carnet ten\u00eda 3 (Augusto Jos\u00e9 Ram\u00f3n), cu\u2026"}, {"created_at": "2021-10-16T13:06:45.000Z", "edit_history_tweet_ids": ["1449361171992047622"], "id": "1449361171992047622", "author_id": "1436114633165873155", "text": "RT @EconomistaFlait: El chanter\u00edo intelectual de Ram\u00f3n L\u00f3pez y Manuel Riesco es pa la cag\u00e1. Comparan lo q est\u00e1 haciendo Marcel al subir las\u2026"}, {"created_at": "2021-10-16T13:06:07.000Z", "edit_history_tweet_ids": ["1449361011711135746"], "id": "1449361011711135746", "author_id": "222848490", "text": "RT @IPerezTuesta: No s\u00e9 qu\u00e9 tanto l\u00edo por lo del nombre. Yo conozco uno que no se complicaba: en el carnet ten\u00eda 3 (Augusto Jos\u00e9 Ram\u00f3n), cu\u2026"}, {"created_at": "2021-10-16T13:04:08.000Z", "edit_history_tweet_ids": ["1449360511791943682"], "id": "1449360511791943682", "author_id": "177364860", "text": "RT @IPerezTuesta: No s\u00e9 qu\u00e9 tanto l\u00edo por lo del nombre. Yo conozco uno que no se complicaba: en el carnet ten\u00eda 3 (Augusto Jos\u00e9 Ram\u00f3n), cu\u2026"}, {"created_at": "2021-10-16T13:03:54.000Z", "edit_history_tweet_ids": ["1449360453587505156"], "id": "1449360453587505156", "author_id": "88468026", "text": "RT @IPerezTuesta: No s\u00e9 qu\u00e9 tanto l\u00edo por lo del nombre. Yo conozco uno que no se complicaba: en el carnet ten\u00eda 3 (Augusto Jos\u00e9 Ram\u00f3n), cu\u2026"}, {"created_at": "2021-10-16T12:59:19.000Z", "edit_history_tweet_ids": ["1449359301676441604"], "id": "1449359301676441604", "author_id": "337138014", "text": "RT @IPerezTuesta: No s\u00e9 qu\u00e9 tanto l\u00edo por lo del nombre. Yo conozco uno que no se complicaba: en el carnet ten\u00eda 3 (Augusto Jos\u00e9 Ram\u00f3n), cu\u2026"}, {"created_at": "2021-10-16T12:56:59.000Z", "edit_history_tweet_ids": ["1449358714448891905"], "id": "1449358714448891905", "author_id": "1052368641923141633", "text": "RT @IPerezTuesta: No s\u00e9 qu\u00e9 tanto l\u00edo por lo del nombre. Yo conozco uno que no se complicaba: en el carnet ten\u00eda 3 (Augusto Jos\u00e9 Ram\u00f3n), cu\u2026"}, {"created_at": "2021-10-16T12:56:28.000Z", "edit_history_tweet_ids": ["1449358580889501697"], "id": "1449358580889501697", "author_id": "1429639094641045505", "text": "RT @IPerezTuesta: No s\u00e9 qu\u00e9 tanto l\u00edo por lo del nombre. Yo conozco uno que no se complicaba: en el carnet ten\u00eda 3 (Augusto Jos\u00e9 Ram\u00f3n), cu\u2026"}, {"created_at": "2021-10-16T12:56:17.000Z", "edit_history_tweet_ids": ["1449358537012961282"], "id": "1449358537012961282", "author_id": "843816243660537857", "text": "RT @IPerezTuesta: No s\u00e9 qu\u00e9 tanto l\u00edo por lo del nombre. Yo conozco uno que no se complicaba: en el carnet ten\u00eda 3 (Augusto Jos\u00e9 Ram\u00f3n), cu\u2026"}, {"created_at": "2021-10-16T12:55:59.000Z", "edit_history_tweet_ids": ["1449358459829370885"], "id": "1449358459829370885", "author_id": "108744588", "text": "RT @PrensaComunitar: El abogado Ram\u00f3n Cadena, de la Comisi\u00f3n Internacional de Juristas, se\u00f1al\u00f3 que el proceso de Rudy L\u00f3pez Pablo es otro c\u2026"}, {"created_at": "2021-10-16T12:54:04.000Z", "edit_history_tweet_ids": ["1449357976918106119"], "id": "1449357976918106119", "author_id": "1020162241", "text": "RT @IPerezTuesta: No s\u00e9 qu\u00e9 tanto l\u00edo por lo del nombre. Yo conozco uno que no se complicaba: en el carnet ten\u00eda 3 (Augusto Jos\u00e9 Ram\u00f3n), cu\u2026"}, {"created_at": "2021-10-16T12:53:37.000Z", "edit_history_tweet_ids": ["1449357864045146116"], "id": "1449357864045146116", "author_id": "1428145069496930304", "text": "RT @IPerezTuesta: No s\u00e9 qu\u00e9 tanto l\u00edo por lo del nombre. Yo conozco uno que no se complicaba: en el carnet ten\u00eda 3 (Augusto Jos\u00e9 Ram\u00f3n), cu\u2026"}], "meta": {"newest_id": "1449371748315566082", "oldest_id": "1449357864045146116", "result_count": 99, "next_token": "b26v89c19zqg8o3fpds9sysbicxfe4re10hby3tqjxrwd"}}