{"data": [{"id": "1446945253240360960", "author_id": "155310985", "created_at": "2021-10-09T21:06:45.000Z", "text": "Se mand\u00f3 un Ram\u00f3n L\u00f3pez https://t.co/NaE3E0mXdX", "edit_history_tweet_ids": ["1446945253240360960"]}, {"id": "1446944507027619840", "author_id": "1005738156665106433", "created_at": "2021-10-09T21:03:48.000Z", "text": "Flow of vital goods and its components should be unhampered particularly at this time when the global health crisis appears to be near its end, Trade Secretary Ramon Lopez said as he stressed the importance of keeping a strong supply chain in global trade.\nhttps://t.co/W2MeUqpFSK", "edit_history_tweet_ids": ["1446944507027619840"]}, {"id": "1446943480861896705", "author_id": "1380978188709416962", "created_at": "2021-10-09T20:59:43.000Z", "text": "RT @JoseAntonioLo06: \u00bfAlguien sabe si Jos\u00e9 Ram\u00f3n L\u00f3pez Beltran @_30JR40_ el hijo de @lopezobrador_ env\u00eda remesas a M\u00e9xico o de aqu\u00ed se las\u2026", "edit_history_tweet_ids": ["1446943480861896705"]}, {"id": "1446936416110395394", "author_id": "152727691", "created_at": "2021-10-09T20:31:39.000Z", "text": "@SandraCuevas_ Buenas tardes alcaldesa @SandraCuevas_ quer\u00eda hablarle de un pulmon que tenemos en la @LaRomaDF y que esta muy olvidado se llama el parque Ramon Lopez Velarde y que no le han hecho caso, pido por favor que tome en cuenta este jard\u00edn tan importante y olvidado...", "edit_history_tweet_ids": ["1446936416110395394"]}, {"id": "1446933120519917589", "author_id": "2962437039", "created_at": "2021-10-09T20:18:33.000Z", "text": "C\u00f3mo Ram\u00f3n L\u00f3pez puede ser profesor?! Pidan que les devuelvan la plata", "edit_history_tweet_ids": ["1446933120519917589"]}, {"id": "1446928782774837249", "author_id": "203803763", "created_at": "2021-10-09T20:01:19.000Z", "text": "@crixvilches @Vladimi49971391 @ramonlopez54 Me paso por el pico el Phd de este viejo wn, no sabe... Y si quieres creerle bien por ti. Vay a terminar en la mierda como todos los zurdos que lo alaban. Despu\u00e9s de todo, no veo que Ram\u00f3n L\u00f3pez con toda su instrucci\u00f3n acad\u00e9mica sea un wn exitoso.", "edit_history_tweet_ids": ["1446928782774837249"]}, {"id": "1446923098121330689", "author_id": "1303357470346219521", "created_at": "2021-10-09T19:38:43.000Z", "text": "RT @JoseAntonioLo06: \u00bfAlguien sabe si Jos\u00e9 Ram\u00f3n L\u00f3pez Beltran @_30JR40_ el hijo de @lopezobrador_ env\u00eda remesas a M\u00e9xico o de aqu\u00ed se las\u2026", "edit_history_tweet_ids": ["1446923098121330689"]}, {"id": "1446921925846986752", "author_id": "1324096811854897153", "created_at": "2021-10-09T19:34:04.000Z", "text": "@LyaGonzalez1 Suerte lya  con Teillier, Ram\u00f3n L\u00f3pez y toda la tropa de incompetentes buena onda con los q te aliaste.", "edit_history_tweet_ids": ["1446921925846986752"]}, {"id": "1446919251147870209", "author_id": "851957818672459776", "created_at": "2021-10-09T19:23:26.000Z", "text": "RT @revistaetcetera: \"Se caen todas las afirmaciones e incluso hip\u00f3tesis sobre un Bartlett hist\u00f3ricamente izquierdista y siempre 'nacionali\u2026", "edit_history_tweet_ids": ["1446919251147870209"]}, {"id": "1446918208003325952", "author_id": "1374165243434311685", "created_at": "2021-10-09T19:19:17.000Z", "text": "@ramonlopez54 Lo dice Ram\u00f3n L\u00f3pez,  poh", "edit_history_tweet_ids": ["1446918208003325952"]}, {"id": "1446918080039428103", "author_id": "910852419415920640", "created_at": "2021-10-09T19:18:47.000Z", "text": "RT @JoseAntonioLo06: \u00bfAlguien sabe si Jos\u00e9 Ram\u00f3n L\u00f3pez Beltran @_30JR40_ el hijo de @lopezobrador_ env\u00eda remesas a M\u00e9xico o de aqu\u00ed se las\u2026", "edit_history_tweet_ids": ["1446918080039428103"]}, {"id": "1446914404469993474", "author_id": "975902075681935360", "created_at": "2021-10-09T19:04:11.000Z", "text": "RT @revistaetcetera: \"Se caen todas las afirmaciones e incluso hip\u00f3tesis sobre un Bartlett hist\u00f3ricamente izquierdista y siempre 'nacionali\u2026", "edit_history_tweet_ids": ["1446914404469993474"]}, {"id": "1446912762345664517", "author_id": "91253899", "created_at": "2021-10-09T18:57:39.000Z", "text": "@PortillogMayra @MariettoPonce Bueno casi seguro que L\u00f3pez no termin\u00f3 ninguna carrera le dieron el t\u00edtulo cuando fue jefe del DF, su amiguis Ram\u00f3n de la fuente\nYo quisiera ver la c\u00e9dula profesional y la tesis del in\u00fatil de L\u00f3pez Obrador\nY apoyo tu comentario tienes toda la raz\u00f3n", "edit_history_tweet_ids": ["1446912762345664517"]}, {"id": "1446911182636568578", "author_id": "280544195", "created_at": "2021-10-09T18:51:22.000Z", "text": "RT @revistaetcetera: \"Se caen todas las afirmaciones e incluso hip\u00f3tesis sobre un Bartlett hist\u00f3ricamente izquierdista y siempre 'nacionali\u2026", "edit_history_tweet_ids": ["1446911182636568578"]}, {"id": "1446909897094934532", "author_id": "1314493258739994625", "created_at": "2021-10-09T18:46:16.000Z", "text": "RT @USMC: Senior Enlisted Advisor to the Chairman of the Joint Chiefs of Staff Ramon Colon-Lopez observes the use of the MNTIS-X dry fire t\u2026", "edit_history_tweet_ids": ["1446909897094934532"]}, {"id": "1446909592538058756", "author_id": "38278953", "created_at": "2021-10-09T18:45:03.000Z", "text": "\"Se caen todas las afirmaciones e incluso hip\u00f3tesis sobre un Bartlett hist\u00f3ricamente izquierdista y siempre 'nacionalista' y antineoliberal\", por Jos\u00e9 Ram\u00f3n L\u00f3pez Rub\u00ed Calder\u00f3n.\nhttps://t.co/svKBaHkuPX", "edit_history_tweet_ids": ["1446909592538058756"]}, {"id": "1446907055432998920", "author_id": "561261706", "created_at": "2021-10-09T18:34:58.000Z", "text": "RT @JoseAntonioLo06: \u00bfAlguien sabe si Jos\u00e9 Ram\u00f3n L\u00f3pez Beltran @_30JR40_ el hijo de @lopezobrador_ env\u00eda remesas a M\u00e9xico o de aqu\u00ed se las\u2026", "edit_history_tweet_ids": ["1446907055432998920"]}, {"id": "1446906777312940038", "author_id": "104430471", "created_at": "2021-10-09T18:33:52.000Z", "text": "RT @JoseAntonioLo06: \u00bfAlguien sabe si Jos\u00e9 Ram\u00f3n L\u00f3pez Beltran @_30JR40_ el hijo de @lopezobrador_ env\u00eda remesas a M\u00e9xico o de aqu\u00ed se las\u2026", "edit_history_tweet_ids": ["1446906777312940038"]}, {"id": "1446904277667041288", "author_id": "189983792", "created_at": "2021-10-09T18:23:56.000Z", "text": "RT @JoseAntonioLo06: \u00bfAlguien sabe si Jos\u00e9 Ram\u00f3n L\u00f3pez Beltran @_30JR40_ el hijo de @lopezobrador_ env\u00eda remesas a M\u00e9xico o de aqu\u00ed se las\u2026", "edit_history_tweet_ids": ["1446904277667041288"]}, {"id": "1446902466474348554", "author_id": "169928470", "created_at": "2021-10-09T18:16:44.000Z", "text": "Yo tuve, en tierra adentro, una novia muy pobre:\nojos inusitados de sulfato de cobre.\nLlam\u00e1base Mar\u00eda; viv\u00eda en un suburbio,\ny no hubo entre nosotros ni sombra de disturbio.\nNO ME CONDENES...\n(fragmento)\nRam\u00f3n L\u00f3pez Velarde", "edit_history_tweet_ids": ["1446902466474348554"]}, {"id": "1446901437469007876", "author_id": "91008298", "created_at": "2021-10-09T18:12:39.000Z", "text": "RT @JoseAntonioLo06: \u00bfAlguien sabe si Jos\u00e9 Ram\u00f3n L\u00f3pez Beltran @_30JR40_ el hijo de @lopezobrador_ env\u00eda remesas a M\u00e9xico o de aqu\u00ed se las\u2026", "edit_history_tweet_ids": ["1446901437469007876"]}, {"id": "1446900301370363914", "author_id": "718105380069486592", "created_at": "2021-10-09T18:08:08.000Z", "text": "RT @JoseAntonioLo06: \u00bfAlguien sabe si Jos\u00e9 Ram\u00f3n L\u00f3pez Beltran @_30JR40_ el hijo de @lopezobrador_ env\u00eda remesas a M\u00e9xico o de aqu\u00ed se las\u2026", "edit_history_tweet_ids": ["1446900301370363914"]}, {"id": "1446898683887431685", "author_id": "1182079971914915840", "created_at": "2021-10-09T18:01:42.000Z", "text": "RT @USMC: Senior Enlisted Advisor to the Chairman of the Joint Chiefs of Staff Ramon Colon-Lopez observes the use of the MNTIS-X dry fire t\u2026", "edit_history_tweet_ids": ["1446898683887431685"]}, {"id": "1446896505143578626", "author_id": "1895179555", "created_at": "2021-10-09T17:53:03.000Z", "text": "RT @USMC: Senior Enlisted Advisor to the Chairman of the Joint Chiefs of Staff Ramon Colon-Lopez observes the use of the MNTIS-X dry fire t\u2026", "edit_history_tweet_ids": ["1446896505143578626"]}, {"id": "1446895780598632453", "author_id": "193860831", "created_at": "2021-10-09T17:50:10.000Z", "text": "@SebastianaB Asimismo le hicieron en una oportunidad a Jos\u00e9 Ram\u00f3n L\u00f3pez en Caron\u00ed. Al final, son tan sinverg\u00fcenzas que luego se arrodillan ante quien los humill\u00f3.", "edit_history_tweet_ids": ["1446895780598632453"]}, {"id": "1446887235488559104", "author_id": "199105888", "created_at": "2021-10-09T17:16:13.000Z", "text": "RT @JoseAntonioLo06: \u00bfAlguien sabe si Jos\u00e9 Ram\u00f3n L\u00f3pez Beltran @_30JR40_ el hijo de @lopezobrador_ env\u00eda remesas a M\u00e9xico o de aqu\u00ed se las\u2026", "edit_history_tweet_ids": ["1446887235488559104"]}, {"id": "1446887097424515072", "author_id": "1107072349969379328", "created_at": "2021-10-09T17:15:40.000Z", "text": "RT @RealAFOSI: We had the privilege to welcome #SEAC4, SEAC Ram\u00f3n Col\u00f3n-L\u00f3pez to OSI Headquarters last week! \n\nRead the full story, to incl\u2026", "edit_history_tweet_ids": ["1446887097424515072"]}, {"id": "1446886493142798336", "author_id": "3315226422", "created_at": "2021-10-09T17:13:16.000Z", "text": "RT @UNAM_Tucson: \u201cA Poetical Celebration: Ram\u00f3n L\u00f3pez Valverde\u201d \n@CepeUnam  y @UNAM_Tucson \n invite you to the course in English. By: Dr. M\u2026", "edit_history_tweet_ids": ["1446886493142798336"]}, {"id": "1446886299156242438", "author_id": "1418807152005853184", "created_at": "2021-10-09T17:12:30.000Z", "text": "@AlcCuauhtemocMx El parque Ram\u00f3n Lopez Velarde, cada d\u00eda con menos bancas por vandalismo.  Indigentes a toda hora, excrementos de humanos y canes por doquier.", "edit_history_tweet_ids": ["1446886299156242438"]}, {"id": "1446884883293343746", "author_id": "150936858", "created_at": "2021-10-09T17:06:52.000Z", "text": "@ramon_aranza Saludos a todos en la transmisi\u00f3n y un saludo enorme a mi querida colega Fernanda L\u00f3pez @ferlopezll quien es de las voces autorizadas de Le\u00f3n Femenil. #EllasEnTUDN", "edit_history_tweet_ids": ["1446884883293343746"]}, {"id": "1446883253659611136", "author_id": "2881534563", "created_at": "2021-10-09T17:00:24.000Z", "text": "RT @USMC: Senior Enlisted Advisor to the Chairman of the Joint Chiefs of Staff Ramon Colon-Lopez observes the use of the MNTIS-X dry fire t\u2026", "edit_history_tweet_ids": ["1446883253659611136"]}, {"id": "1446882746261852161", "author_id": "1635736747", "created_at": "2021-10-09T16:58:23.000Z", "text": "@SandraCuevas_ Alcaldesa buenos d\u00edas , por favor no se olvide del jard\u00edn Ramon L\u00f3pez Velarde que est\u00e1 frente a centro m\u00e9dico, ya me hace falta una manita de gato tambi\u00e9n , saludos y bendiciones \ud83d\ude4f", "edit_history_tweet_ids": ["1446882746261852161"]}, {"id": "1446882600421769218", "author_id": "4661936432", "created_at": "2021-10-09T16:57:48.000Z", "text": "RT @JoseAntonioLo06: \u00bfAlguien sabe si Jos\u00e9 Ram\u00f3n L\u00f3pez Beltran @_30JR40_ el hijo de @lopezobrador_ env\u00eda remesas a M\u00e9xico o de aqu\u00ed se las\u2026", "edit_history_tweet_ids": ["1446882600421769218"]}, {"id": "1446880494763794433", "author_id": "1086159045604577280", "created_at": "2021-10-09T16:49:26.000Z", "text": "RT @USMC: Senior Enlisted Advisor to the Chairman of the Joint Chiefs of Staff Ramon Colon-Lopez observes the use of the MNTIS-X dry fire t\u2026", "edit_history_tweet_ids": ["1446880494763794433"]}, {"id": "1446879489397567493", "author_id": "3706512853", "created_at": "2021-10-09T16:45:26.000Z", "text": "RT @MUNALmx: -Ram\u00f3n L\u00f3pez Velarde, en \u201cOraci\u00f3n F\u00fanebre\u201d, texto dedicado a Saturnino Herr\u00e1n.", "edit_history_tweet_ids": ["1446879489397567493"]}, {"id": "1446878860511891464", "author_id": "2334250796", "created_at": "2021-10-09T16:42:56.000Z", "text": "RT @USMC: Senior Enlisted Advisor to the Chairman of the Joint Chiefs of Staff Ramon Colon-Lopez observes the use of the MNTIS-X dry fire t\u2026", "edit_history_tweet_ids": ["1446878860511891464"]}, {"id": "1446874299457966087", "author_id": "1353784555556151296", "created_at": "2021-10-09T16:24:49.000Z", "text": "RT @USMC: Senior Enlisted Advisor to the Chairman of the Joint Chiefs of Staff Ramon Colon-Lopez observes the use of the MNTIS-X dry fire t\u2026", "edit_history_tweet_ids": ["1446874299457966087"]}, {"id": "1446873903272366088", "author_id": "1354276970884829186", "created_at": "2021-10-09T16:23:14.000Z", "text": "RT @USMC: Senior Enlisted Advisor to the Chairman of the Joint Chiefs of Staff Ramon Colon-Lopez observes the use of the MNTIS-X dry fire t\u2026", "edit_history_tweet_ids": ["1446873903272366088"]}, {"id": "1446872278185099266", "author_id": "1369709457844953088", "created_at": "2021-10-09T16:16:47.000Z", "text": "RT @SAHRcl: Ram\u00f3n L\u00f3pez es el gato c\u00f3smico de la econom\u00eda, se saca del bolsillo constantemente cosas que solo funcionan con el poder de la\u2026", "edit_history_tweet_ids": ["1446872278185099266"]}, {"id": "1446871614688137222", "author_id": "1199090911696867328", "created_at": "2021-10-09T16:14:09.000Z", "text": "Ram\u00f3n L\u00f3pez es el gato c\u00f3smico de la econom\u00eda, se saca del bolsillo constantemente cosas que solo funcionan con el poder de la imaginaci\u00f3n. https://t.co/SvP4jN2ddj", "edit_history_tweet_ids": ["1446871614688137222"]}, {"id": "1446868891389632514", "author_id": "97592443", "created_at": "2021-10-09T16:03:19.000Z", "text": "@borisbarrera @r__g__s_ Ramon Lopez= Trofim Lysenko", "edit_history_tweet_ids": ["1446868891389632514"]}, {"id": "1446866752097296398", "author_id": "925308249490026496", "created_at": "2021-10-09T15:54:49.000Z", "text": "@DMatamala En serio Daniel? Citas en tu columna a ramon l\u00f3pez como una fuente confiable en investigaci\u00f3n econ\u00f3mica?\nCuando vas a escribir una columna period\u00edstica y te dejar\u00e1s de tirar panfletos en el diario?", "edit_history_tweet_ids": ["1446866752097296398"]}, {"id": "1446866113955045392", "author_id": "1401655165984329737", "created_at": "2021-10-09T15:52:17.000Z", "text": "RT @JoseAntonioLo06: \u00bfAlguien sabe si Jos\u00e9 Ram\u00f3n L\u00f3pez Beltran @_30JR40_ el hijo de @lopezobrador_ env\u00eda remesas a M\u00e9xico o de aqu\u00ed se las\u2026", "edit_history_tweet_ids": ["1446866113955045392"]}, {"id": "1446866010041094149", "author_id": "1436482007731736578", "created_at": "2021-10-09T15:51:52.000Z", "text": "RT @RealAFOSI: We had the privilege to welcome #SEAC4, SEAC Ram\u00f3n Col\u00f3n-L\u00f3pez to OSI Headquarters last week! \n\nRead the full story, to incl\u2026", "edit_history_tweet_ids": ["1446866010041094149"]}, {"id": "1446864342696271876", "author_id": "58989194", "created_at": "2021-10-09T15:45:15.000Z", "text": "RT @JoseAntonioLo06: \u00bfAlguien sabe si Jos\u00e9 Ram\u00f3n L\u00f3pez Beltran @_30JR40_ el hijo de @lopezobrador_ env\u00eda remesas a M\u00e9xico o de aqu\u00ed se las\u2026", "edit_history_tweet_ids": ["1446864342696271876"]}, {"id": "1446863572630396928", "author_id": "163289523", "created_at": "2021-10-09T15:42:11.000Z", "text": "RT @JoseAntonioLo06: \u00bfAlguien sabe si Jos\u00e9 Ram\u00f3n L\u00f3pez Beltran @_30JR40_ el hijo de @lopezobrador_ env\u00eda remesas a M\u00e9xico o de aqu\u00ed se las\u2026", "edit_history_tweet_ids": ["1446863572630396928"]}, {"id": "1446862938862768132", "author_id": "1387242053323665411", "created_at": "2021-10-09T15:39:40.000Z", "text": "RT @USMC: Senior Enlisted Advisor to the Chairman of the Joint Chiefs of Staff Ramon Colon-Lopez observes the use of the MNTIS-X dry fire t\u2026", "edit_history_tweet_ids": ["1446862938862768132"]}, {"id": "1446862806360395779", "author_id": "888587528936337409", "created_at": "2021-10-09T15:39:09.000Z", "text": "RT @JoseAntonioLo06: \u00bfAlguien sabe si Jos\u00e9 Ram\u00f3n L\u00f3pez Beltran @_30JR40_ el hijo de @lopezobrador_ env\u00eda remesas a M\u00e9xico o de aqu\u00ed se las\u2026", "edit_history_tweet_ids": ["1446862806360395779"]}, {"id": "1446862147120627716", "author_id": "1246153048860196864", "created_at": "2021-10-09T15:36:31.000Z", "text": "RT @USMC: Senior Enlisted Advisor to the Chairman of the Joint Chiefs of Staff Ramon Colon-Lopez observes the use of the MNTIS-X dry fire t\u2026", "edit_history_tweet_ids": ["1446862147120627716"]}, {"id": "1446861948990070788", "author_id": "311889009", "created_at": "2021-10-09T15:35:44.000Z", "text": "RT @USMC: Senior Enlisted Advisor to the Chairman of the Joint Chiefs of Staff Ramon Colon-Lopez observes the use of the MNTIS-X dry fire t\u2026", "edit_history_tweet_ids": ["1446861948990070788"]}, {"id": "1446861771474669577", "author_id": "133836987", "created_at": "2021-10-09T15:35:02.000Z", "text": "\ud83d\udc49#UNAM-CEPE y #UNAM-Tucson invite you to the course: A Poetical Celebration \ud83c\udf89: Ram\u00f3n L\u00f3pez Valverde in English. By: Dr. Mario Murgia Elizalde. \n\nDon't miss it! \ud83d\udc49November 8 to December 2 (Monday, Wednesday and Friday).\n\nRegistration here: https://t.co/CbcREzk5nk https://t.co/jahUCuEAbY", "edit_history_tweet_ids": ["1446861771474669577"]}, {"id": "1446860534318567424", "author_id": "3429104445", "created_at": "2021-10-09T15:30:07.000Z", "text": "30' \u26bd | En\u00e9sima falta visitante\n\nProtesta la grada del San Gregorio, que reclama alguna amonestaci\u00f3n tras las insistentes faltas por parte de los de Jos\u00e9 Ram\u00f3n L\u00f3pez.\n\n#Jornada6 #3RFEF\n#TorrentCFACTorrellano\n#SangTaronja #\u00danetealaBatalla\n#CentenariTCF", "edit_history_tweet_ids": ["1446860534318567424"]}, {"id": "1446859115402342403", "author_id": "2397817548", "created_at": "2021-10-09T15:24:29.000Z", "text": "RT @USMC: Senior Enlisted Advisor to the Chairman of the Joint Chiefs of Staff Ramon Colon-Lopez observes the use of the MNTIS-X dry fire t\u2026", "edit_history_tweet_ids": ["1446859115402342403"]}, {"id": "1446856243214106632", "author_id": "275750537", "created_at": "2021-10-09T15:13:04.000Z", "text": "RT @JoseAntonioLo06: \u00bfAlguien sabe si Jos\u00e9 Ram\u00f3n L\u00f3pez Beltran @_30JR40_ el hijo de @lopezobrador_ env\u00eda remesas a M\u00e9xico o de aqu\u00ed se las\u2026", "edit_history_tweet_ids": ["1446856243214106632"]}, {"id": "1446855823234375685", "author_id": "205474999", "created_at": "2021-10-09T15:11:24.000Z", "text": "RT @USMC: Senior Enlisted Advisor to the Chairman of the Joint Chiefs of Staff Ramon Colon-Lopez observes the use of the MNTIS-X dry fire t\u2026", "edit_history_tweet_ids": ["1446855823234375685"]}, {"id": "1446855286585708548", "author_id": "1269979163726938114", "created_at": "2021-10-09T15:09:16.000Z", "text": "RT @USMC: Senior Enlisted Advisor to the Chairman of the Joint Chiefs of Staff Ramon Colon-Lopez observes the use of the MNTIS-X dry fire t\u2026", "edit_history_tweet_ids": ["1446855286585708548"]}, {"id": "1446854699538423818", "author_id": "432219549", "created_at": "2021-10-09T15:06:56.000Z", "text": "RT @USMC: Senior Enlisted Advisor to the Chairman of the Joint Chiefs of Staff Ramon Colon-Lopez observes the use of the MNTIS-X dry fire t\u2026", "edit_history_tweet_ids": ["1446854699538423818"]}, {"id": "1446853857066246145", "author_id": "2947950695", "created_at": "2021-10-09T15:03:35.000Z", "text": "RT @USMC: Senior Enlisted Advisor to the Chairman of the Joint Chiefs of Staff Ramon Colon-Lopez observes the use of the MNTIS-X dry fire t\u2026", "edit_history_tweet_ids": ["1446853857066246145"]}, {"id": "1446853694251618305", "author_id": "1032123313731108865", "created_at": "2021-10-09T15:02:56.000Z", "text": "RT @USMC: Senior Enlisted Advisor to the Chairman of the Joint Chiefs of Staff Ramon Colon-Lopez observes the use of the MNTIS-X dry fire t\u2026", "edit_history_tweet_ids": ["1446853694251618305"]}], "meta": {"newest_id": "1446945253240360960", "oldest_id": "1446853694251618305", "result_count": 59, "next_token": "b26v89c19zqg8o3fpds8jsm4brlldfr2xjxilc5cl5md9"}}