{"data": [{"id": "676139894729666560", "text": "Video shows L.A. cops pumping bullets into crawling man https://t.co/MuaJATUe0E", "created_at": "2015-12-13T20:41:27.000Z", "author_id": "357084920", "edit_history_tweet_ids": ["676139894729666560"]}, {"id": "676139894171807744", "text": "Video shows L.A. cops pumping as many as 25 bullets into crawling man https://t.co/Us41xjZSXa/s/b4W0 https://t.co/paeXeV5jTm/s/LSPK", "created_at": "2015-12-13T20:41:27.000Z", "author_id": "155756535", "edit_history_tweet_ids": ["676139894171807744"]}, {"id": "676139772801253376", "text": "RT @CBSNews: Video shows L.A. cops pumping as many as 25 bullets into crawling man https://t.co/kWVpCHfz6h https://t.co/lQgZFETpFw", "created_at": "2015-12-13T20:40:58.000Z", "author_id": "94353224", "edit_history_tweet_ids": ["676139772801253376"]}, {"id": "676139622204751872", "text": "RT @CBSNews: Video shows L.A. cops pumping as many as 25 bullets into crawling man https://t.co/kWVpCHfz6h https://t.co/lQgZFETpFw", "created_at": "2015-12-13T20:40:22.000Z", "author_id": "1118784415", "edit_history_tweet_ids": ["676139622204751872"]}, {"id": "676139214040383490", "text": "RT @CBSNews: Video shows L.A. cops pumping as many as 25 bullets into crawling man https://t.co/kWVpCHfz6h https://t.co/lQgZFETpFw", "created_at": "2015-12-13T20:38:45.000Z", "author_id": "2179951", "edit_history_tweet_ids": ["676139214040383490"]}, {"id": "676139146872668160", "text": "RT @CBSNews: Video shows L.A. cops pumping as many as 25 bullets into crawling man https://t.co/kWVpCHfz6h https://t.co/lQgZFETpFw", "created_at": "2015-12-13T20:38:29.000Z", "author_id": "3228034676", "edit_history_tweet_ids": ["676139146872668160"]}, {"id": "676139128887603200", "text": "RT @CBSNews: Video shows L.A. cops pumping as many as 25 bullets into crawling man https://t.co/kWVpCHfz6h https://t.co/lQgZFETpFw", "created_at": "2015-12-13T20:38:25.000Z", "author_id": "1865621094", "edit_history_tweet_ids": ["676139128887603200"]}, {"id": "676138763588935680", "text": "RT @CBSNews: Video shows L.A. cops pumping as many as 25 bullets into crawling man https://t.co/kWVpCHfz6h https://t.co/lQgZFETpFw", "created_at": "2015-12-13T20:36:57.000Z", "author_id": "104194433", "edit_history_tweet_ids": ["676138763588935680"]}, {"id": "676138305201672194", "text": "RT @ABC7: FULL STORY: Deputies fired as many as 17 rounds at Lynwood suspect Nicholas Robertson, 28 https://t.co/8UvisHVTYJ https://t.co/ds\u2026", "created_at": "2015-12-13T20:35:08.000Z", "author_id": "227760946", "edit_history_tweet_ids": ["676138305201672194"]}, {"id": "676138292967038976", "text": "Video shows L.A. cops pumping as many as 25 bullets into crawling man https://t.co/mOCKLhABz5", "created_at": "2015-12-13T20:35:05.000Z", "author_id": "14361260", "edit_history_tweet_ids": ["676138292967038976"]}, {"id": "676138236230549504", "text": "RT @CBSNews: Video shows L.A. cops pumping as many as 25 bullets into crawling man https://t.co/kWVpCHfz6h https://t.co/lQgZFETpFw", "created_at": "2015-12-13T20:34:52.000Z", "author_id": "60241388", "edit_history_tweet_ids": ["676138236230549504"]}, {"id": "676138184875622401", "text": "RT @CBSNews: Video shows L.A. cops pumping as many as 25 bullets into crawling man https://t.co/kWVpCHfz6h https://t.co/lQgZFETpFw", "created_at": "2015-12-13T20:34:39.000Z", "author_id": "1625608422", "edit_history_tweet_ids": ["676138184875622401"]}, {"id": "676138093762748418", "text": "ABC7: FULL STORY: Deputies fired as many as 17 rounds at Lynwood suspect Nicholas Robertson, 28 \u2026 https://t.co/XiN64R4sNe", "created_at": "2015-12-13T20:34:18.000Z", "author_id": "3055908227", "edit_history_tweet_ids": ["676138093762748418"]}, {"id": "676137898324811776", "text": "@DanJJ83 Video shows L.A. cops shooting crawling man: Family, activists say father's death similar to Chicago ... https://t.co/yUTlFuqA65", "created_at": "2015-12-13T20:33:31.000Z", "author_id": "4250038481", "edit_history_tweet_ids": ["676137898324811776"]}, {"id": "676137844658864129", "text": "RT @CBSNews: Video shows L.A. cops pumping as many as 25 bullets into crawling man https://t.co/kWVpCHfz6h https://t.co/lQgZFETpFw", "created_at": "2015-12-13T20:33:18.000Z", "author_id": "4388364207", "edit_history_tweet_ids": ["676137844658864129"]}, {"id": "676137786890543105", "text": "Video shows L.A. cops shooting crawling man: Family, activists say father's death similar to Chicago shooting ... https://t.co/GGWBRlxfRC", "created_at": "2015-12-13T20:33:05.000Z", "author_id": "352045104", "edit_history_tweet_ids": ["676137786890543105"]}, {"id": "676137773581996037", "text": "Video shows L.A. cops shooting crawling man: Family, activists say father's death similar to Chicago shooting ... https://t.co/TucpHHGOgI", "created_at": "2015-12-13T20:33:01.000Z", "author_id": "366339841", "edit_history_tweet_ids": ["676137773581996037"]}, {"id": "676137750102323202", "text": "Video shows L.A. cops shooting crawling man https://t.co/rPs2upncoN", "created_at": "2015-12-13T20:32:56.000Z", "author_id": "389030908", "edit_history_tweet_ids": ["676137750102323202"]}, {"id": "676137746692345856", "text": "Video shows L.A. cops shooting crawling man https://t.co/K6WHvkOIwp", "created_at": "2015-12-13T20:32:55.000Z", "author_id": "389009309", "edit_history_tweet_ids": ["676137746692345856"]}, {"id": "676137745882869761", "text": "#CBSNews Video shows L.A. cops shooting crawling man: Family, activists say father's death similar to Chicago ... https://t.co/uaUHg29gdv", "created_at": "2015-12-13T20:32:55.000Z", "author_id": "17080018", "edit_history_tweet_ids": ["676137745882869761"]}, {"id": "676137743265619968", "text": "After they shot Nicholas Robertson 12 times he tried to crawl to the nearby gas station. So they shot him 12 more times .", "created_at": "2015-12-13T20:32:54.000Z", "author_id": "21183653", "edit_history_tweet_ids": ["676137743265619968"]}, {"id": "676137740757417984", "text": "#CBSNews Video shows L.A. cops shooting crawling man: Family, activists say father's death similar to Chicago ... https://t.co/ec8nibv6jA", "created_at": "2015-12-13T20:32:54.000Z", "author_id": "1664939335", "edit_history_tweet_ids": ["676137740757417984"]}, {"id": "676137712831754240", "text": "RT @CBSNews: Video shows L.A. cops pumping as many as 25 bullets into crawling man https://t.co/kWVpCHfz6h https://t.co/lQgZFETpFw", "created_at": "2015-12-13T20:32:47.000Z", "author_id": "209681820", "edit_history_tweet_ids": ["676137712831754240"]}, {"id": "676137697132412928", "text": "RT @ABC7: FULL STORY: Deputies fired as many as 17 rounds at Lynwood suspect Nicholas Robertson, 28 https://t.co/8UvisHVTYJ https://t.co/ds\u2026", "created_at": "2015-12-13T20:32:43.000Z", "author_id": "274728566", "edit_history_tweet_ids": ["676137697132412928"]}, {"id": "676137666358841344", "text": "RT @ABC7: FULL STORY: Deputies fired as many as 17 rounds at Lynwood suspect Nicholas Robertson, 28 https://t.co/8UvisHVTYJ https://t.co/ds\u2026", "created_at": "2015-12-13T20:32:36.000Z", "author_id": "209681820", "edit_history_tweet_ids": ["676137666358841344"]}, {"id": "676137605667250176", "text": "RT @HeavySan: Video shows LA deputies shoot Nicholas Robertson as he crawls away https://t.co/YdbjXgIjcA #LynwoodShooting https://t.co/jfdg\u2026", "created_at": "2015-12-13T20:32:21.000Z", "author_id": "506630525", "edit_history_tweet_ids": ["676137605667250176"]}, {"id": "676137602538446850", "text": "RT @CBSNews: Video shows L.A. cops pumping as many as 25 bullets into crawling man https://t.co/kWVpCHfz6h https://t.co/lQgZFETpFw", "created_at": "2015-12-13T20:32:21.000Z", "author_id": "264234073", "edit_history_tweet_ids": ["676137602538446850"]}, {"id": "676137577641025541", "text": "RT @CBSNews: Video shows L.A. cops pumping as many as 25 bullets into crawling man https://t.co/kWVpCHfz6h https://t.co/lQgZFETpFw", "created_at": "2015-12-13T20:32:15.000Z", "author_id": "1924996826", "edit_history_tweet_ids": ["676137577641025541"]}, {"id": "676137574956691456", "text": "Shooting of 28-year-old Nicholas Robertson by L.A. police captured on video https://t.co/OIcHMTdty9", "created_at": "2015-12-13T20:32:14.000Z", "author_id": "3120333642", "edit_history_tweet_ids": ["676137574956691456"]}, {"id": "676137384279326720", "text": "RT @CBSNews: Video shows L.A. cops pumping as many as 25 bullets into crawling man https://t.co/kWVpCHfz6h https://t.co/lQgZFETpFw", "created_at": "2015-12-13T20:31:29.000Z", "author_id": "770893566", "edit_history_tweet_ids": ["676137384279326720"]}, {"id": "676137333901643780", "text": "CBSNews: Video shows L.A. cops pumping as many as 25 bullets into crawling man https://t.co/tEx0x30fwY https://t.co/kfdLnZN5Ew", "created_at": "2015-12-13T20:31:17.000Z", "author_id": "128334973", "edit_history_tweet_ids": ["676137333901643780"]}, {"id": "676137235331350528", "text": "RT @CBSNews: Video shows L.A. cops pumping as many as 25 bullets into crawling man https://t.co/kWVpCHfz6h https://t.co/lQgZFETpFw", "created_at": "2015-12-13T20:30:53.000Z", "author_id": "3236137254", "edit_history_tweet_ids": ["676137235331350528"]}, {"id": "676137062483947520", "text": "RT @ABC7: FULL STORY: Deputies fired as many as 17 rounds at Lynwood suspect Nicholas Robertson, 28 https://t.co/8UvisHVTYJ https://t.co/ds\u2026", "created_at": "2015-12-13T20:30:12.000Z", "author_id": "1429923524", "edit_history_tweet_ids": ["676137062483947520"]}, {"id": "676137046495244289", "text": "RT @ABC7: FULL STORY: Deputies fired as many as 17 rounds at Lynwood suspect Nicholas Robertson, 28 https://t.co/8UvisHVTYJ https://t.co/ds\u2026", "created_at": "2015-12-13T20:30:08.000Z", "author_id": "408274521", "edit_history_tweet_ids": ["676137046495244289"]}, {"id": "676136851623792641", "text": "RT @CBSNews: Video shows L.A. cops pumping as many as 25 bullets into crawling man https://t.co/kWVpCHfz6h https://t.co/lQgZFETpFw", "created_at": "2015-12-13T20:29:22.000Z", "author_id": "3007991639", "edit_history_tweet_ids": ["676136851623792641"]}, {"id": "676136827431030784", "text": "RT @ABC7: FULL STORY: Deputies fired as many as 17 rounds at Lynwood suspect Nicholas Robertson, 28 https://t.co/8UvisHVTYJ https://t.co/ds\u2026", "created_at": "2015-12-13T20:29:16.000Z", "author_id": "264234073", "edit_history_tweet_ids": ["676136827431030784"]}, {"id": "676136744119504896", "text": "RT @ABC7: FULL STORY: Deputies fired as many as 17 rounds at Lynwood suspect Nicholas Robertson, 28 https://t.co/8UvisHVTYJ https://t.co/ds\u2026", "created_at": "2015-12-13T20:28:56.000Z", "author_id": "127104216", "edit_history_tweet_ids": ["676136744119504896"]}, {"id": "676136732383797249", "text": "RT @ABC7: FULL STORY: Deputies fired as many as 17 rounds at Lynwood suspect Nicholas Robertson, 28 https://t.co/8UvisHVTYJ https://t.co/ds\u2026", "created_at": "2015-12-13T20:28:53.000Z", "author_id": "325862777", "edit_history_tweet_ids": ["676136732383797249"]}, {"id": "676136727723962368", "text": "Video shows L.A. cops pumping bullets into crawling man: Family, activists say father's death similar to Chica... https://t.co/JWfg7HyXRH", "created_at": "2015-12-13T20:28:52.000Z", "author_id": "860984978", "edit_history_tweet_ids": ["676136727723962368"]}, {"id": "676136721499602944", "text": "Video shows L.A. cops pumping bullets into crawling man: Family, activists say father's death similar to... https://t.co/aHowuT9NTE (cbs)", "created_at": "2015-12-13T20:28:51.000Z", "author_id": "297443753", "edit_history_tweet_ids": ["676136721499602944"]}, {"id": "676136710724386818", "text": "Video shows L.A. cops pumping bullets into crawling man: Family, activists say father's death similar to Chica... https://t.co/ISZRbtj6uG", "created_at": "2015-12-13T20:28:48.000Z", "author_id": "213098960", "edit_history_tweet_ids": ["676136710724386818"]}, {"id": "676136691048906752", "text": "RT @CBSNews: Video shows L.A. cops pumping as many as 25 bullets into crawling man https://t.co/kWVpCHfz6h https://t.co/lQgZFETpFw", "created_at": "2015-12-13T20:28:43.000Z", "author_id": "4006448894", "edit_history_tweet_ids": ["676136691048906752"]}, {"id": "676136667875516416", "text": "#CBSNews Video shows L.A. cops pumping as many as 25 bullets into crawling man https://t.co/JJ7Buh4Vdu https://t.co/RCNN0cgMsu", "created_at": "2015-12-13T20:28:38.000Z", "author_id": "2737015671", "edit_history_tweet_ids": ["676136667875516416"]}, {"id": "676136294007840768", "text": "RT @CBSNews: Video shows L.A. cops pumping as many as 25 bullets into crawling man https://t.co/kWVpCHfz6h https://t.co/lQgZFETpFw", "created_at": "2015-12-13T20:27:09.000Z", "author_id": "183404992", "edit_history_tweet_ids": ["676136294007840768"]}, {"id": "676136186122018816", "text": "RT @CBSNews: Video shows L.A. cops pumping as many as 25 bullets into crawling man https://t.co/kWVpCHfz6h https://t.co/lQgZFETpFw", "created_at": "2015-12-13T20:26:43.000Z", "author_id": "1941264732", "edit_history_tweet_ids": ["676136186122018816"]}, {"id": "676136066542231552", "text": "RT @CBSNews: Video shows L.A. cops pumping as many as 25 bullets into crawling man https://t.co/kWVpCHfz6h https://t.co/lQgZFETpFw", "created_at": "2015-12-13T20:26:14.000Z", "author_id": "2749558006", "edit_history_tweet_ids": ["676136066542231552"]}, {"id": "676136028659298304", "text": "The Horrific Police Murder of Nicholas Robertson https://t.co/uI814I8f7K", "created_at": "2015-12-13T20:26:05.000Z", "author_id": "2152381201", "edit_history_tweet_ids": ["676136028659298304"]}, {"id": "676136008174411776", "text": "@LASDHQ Video shows Nicholas Robertson crawling away when L.A. Sheriff\u2019s deputies murder him https://t.co/5OIkEkxRLg", "created_at": "2015-12-13T20:26:01.000Z", "author_id": "21910246", "edit_history_tweet_ids": ["676136008174411776"]}, {"id": "676135998628171777", "text": "RT @ABC7: FULL STORY: Deputies fired as many as 17 rounds at Lynwood suspect Nicholas Robertson, 28 https://t.co/8UvisHVTYJ https://t.co/ds\u2026", "created_at": "2015-12-13T20:25:58.000Z", "author_id": "369307489", "edit_history_tweet_ids": ["676135998628171777"]}, {"id": "676135915765571584", "text": "RT @CBSNews: Video shows L.A. cops pumping as many as 25 bullets into crawling man https://t.co/kWVpCHfz6h https://t.co/lQgZFETpFw", "created_at": "2015-12-13T20:25:38.000Z", "author_id": "283398831", "edit_history_tweet_ids": ["676135915765571584"]}, {"id": "676135858240638978", "text": "RT @CBSNews: Video shows L.A. cops pumping as many as 25 bullets into crawling man https://t.co/kWVpCHfz6h https://t.co/lQgZFETpFw", "created_at": "2015-12-13T20:25:25.000Z", "author_id": "90463915", "edit_history_tweet_ids": ["676135858240638978"]}, {"id": "676135848174202880", "text": "RT @ABC7: FULL STORY: Deputies fired as many as 17 rounds at Lynwood suspect Nicholas Robertson, 28 https://t.co/8UvisHVTYJ https://t.co/ds\u2026", "created_at": "2015-12-13T20:25:22.000Z", "author_id": "890351311", "edit_history_tweet_ids": ["676135848174202880"]}, {"id": "676135721200029696", "text": "RT @ABC7: FULL STORY: Deputies fired as many as 17 rounds at Lynwood suspect Nicholas Robertson, 28 https://t.co/8UvisHVTYJ https://t.co/ds\u2026", "created_at": "2015-12-13T20:24:52.000Z", "author_id": "163575361", "edit_history_tweet_ids": ["676135721200029696"]}, {"id": "676135684747448321", "text": "RT @ABC7: FULL STORY: Deputies fired as many as 17 rounds at Lynwood suspect Nicholas Robertson, 28 https://t.co/8UvisHVTYJ https://t.co/ds\u2026", "created_at": "2015-12-13T20:24:43.000Z", "author_id": "19274969", "edit_history_tweet_ids": ["676135684747448321"]}, {"id": "676135676291624960", "text": "Video shows Nicholas Robertson crawling away when L.A. Sheriff\u2019s deputies murder\u00a0him https://t.co/JJhbrk4k4s https://t.co/vq2kOKJBk9", "created_at": "2015-12-13T20:24:41.000Z", "author_id": "21910246", "edit_history_tweet_ids": ["676135676291624960"]}, {"id": "676135488210669569", "text": "RT @ABC7: FULL STORY: Deputies fired as many as 17 rounds at Lynwood suspect Nicholas Robertson, 28 https://t.co/8UvisHVTYJ https://t.co/ds\u2026", "created_at": "2015-12-13T20:23:57.000Z", "author_id": "195591418", "edit_history_tweet_ids": ["676135488210669569"]}, {"id": "676135303862726657", "text": "RT @CBSNews: Video shows L.A. cops pumping as many as 25 bullets into crawling man https://t.co/kWVpCHfz6h https://t.co/lQgZFETpFw", "created_at": "2015-12-13T20:23:13.000Z", "author_id": "3318259329", "edit_history_tweet_ids": ["676135303862726657"]}, {"id": "676135261722423296", "text": "RT @CBSNews: Video shows L.A. cops pumping as many as 25 bullets into crawling man https://t.co/kWVpCHfz6h https://t.co/lQgZFETpFw", "created_at": "2015-12-13T20:23:03.000Z", "author_id": "254071691", "edit_history_tweet_ids": ["676135261722423296"]}, {"id": "676135048496545792", "text": "RT @CBSNews: Video shows L.A. cops pumping as many as 25 bullets into crawling man https://t.co/kWVpCHfz6h https://t.co/lQgZFETpFw", "created_at": "2015-12-13T20:22:12.000Z", "author_id": "4362623953", "edit_history_tweet_ids": ["676135048496545792"]}, {"id": "676134982218223616", "text": "RT @CBSNews: Video shows L.A. cops pumping as many as 25 bullets into crawling man https://t.co/kWVpCHfz6h https://t.co/lQgZFETpFw", "created_at": "2015-12-13T20:21:56.000Z", "author_id": "4183362219", "edit_history_tweet_ids": ["676134982218223616"]}, {"id": "676134931567910912", "text": "RT @ABC7: FULL STORY: Deputies fired as many as 17 rounds at Lynwood suspect Nicholas Robertson, 28 https://t.co/8UvisHVTYJ https://t.co/ds\u2026", "created_at": "2015-12-13T20:21:44.000Z", "author_id": "35305559", "edit_history_tweet_ids": ["676134931567910912"]}, {"id": "676134917139357696", "text": "RT @ABC7: FULL STORY: Deputies fired as many as 17 rounds at Lynwood suspect Nicholas Robertson, 28 https://t.co/8UvisHVTYJ https://t.co/ds\u2026", "created_at": "2015-12-13T20:21:40.000Z", "author_id": "50371634", "edit_history_tweet_ids": ["676134917139357696"]}, {"id": "676134901108764673", "text": "RT @CBSNews: Video shows L.A. cops pumping as many as 25 bullets into crawling man https://t.co/kWVpCHfz6h https://t.co/lQgZFETpFw", "created_at": "2015-12-13T20:21:37.000Z", "author_id": "2466233512", "edit_history_tweet_ids": ["676134901108764673"]}, {"id": "676134879763927040", "text": "RT @ABC7: FULL STORY: Deputies fired as many as 17 rounds at Lynwood suspect Nicholas Robertson, 28 https://t.co/8UvisHVTYJ https://t.co/ds\u2026", "created_at": "2015-12-13T20:21:31.000Z", "author_id": "280329066", "edit_history_tweet_ids": ["676134879763927040"]}, {"id": "676134836030070785", "text": "RT @ABC7: FULL STORY: Deputies fired as many as 17 rounds at Lynwood suspect Nicholas Robertson, 28 https://t.co/8UvisHVTYJ https://t.co/ds\u2026", "created_at": "2015-12-13T20:21:21.000Z", "author_id": "1323616627", "edit_history_tweet_ids": ["676134836030070785"]}, {"id": "676134834033418240", "text": "RT @ABC7: FULL STORY: Deputies fired as many as 17 rounds at Lynwood suspect Nicholas Robertson, 28 https://t.co/8UvisHVTYJ https://t.co/ds\u2026", "created_at": "2015-12-13T20:21:21.000Z", "author_id": "71651549", "edit_history_tweet_ids": ["676134834033418240"]}, {"id": "676134800822964229", "text": "RT @ABC7: FULL STORY: Deputies fired as many as 17 rounds at Lynwood suspect Nicholas Robertson, 28 https://t.co/8UvisHVTYJ https://t.co/ds\u2026", "created_at": "2015-12-13T20:21:13.000Z", "author_id": "526641040", "edit_history_tweet_ids": ["676134800822964229"]}, {"id": "676134731214422016", "text": "FULL STORY: Deputies fired as many as 17 rounds at Lynwood suspect Nicholas Robertson, 28 https://t.co/8UvisHVTYJ https://t.co/dsu5BFZ2pQ", "created_at": "2015-12-13T20:20:56.000Z", "author_id": "16374678", "edit_history_tweet_ids": ["676134731214422016"]}, {"id": "676134607931224065", "text": "RT @CBSNews: Video shows L.A. cops pumping as many as 25 bullets into crawling man https://t.co/kWVpCHfz6h https://t.co/lQgZFETpFw", "created_at": "2015-12-13T20:20:27.000Z", "author_id": "3437213668", "edit_history_tweet_ids": ["676134607931224065"]}, {"id": "676134542529470468", "text": "RT @CBSNews: Video shows L.A. cops pumping as many as 25 bullets into crawling man https://t.co/kWVpCHfz6h https://t.co/lQgZFETpFw", "created_at": "2015-12-13T20:20:11.000Z", "author_id": "158661936", "edit_history_tweet_ids": ["676134542529470468"]}, {"id": "676134523344678912", "text": "RT @CBSNews: Video shows L.A. cops pumping as many as 25 bullets into crawling man https://t.co/kWVpCHfz6h https://t.co/lQgZFETpFw", "created_at": "2015-12-13T20:20:06.000Z", "author_id": "2904860380", "edit_history_tweet_ids": ["676134523344678912"]}, {"id": "676134475118551041", "text": "RT @CBSNews: Video shows L.A. cops pumping as many as 25 bullets into crawling man https://t.co/kWVpCHfz6h https://t.co/lQgZFETpFw", "created_at": "2015-12-13T20:19:55.000Z", "author_id": "240697075", "edit_history_tweet_ids": ["676134475118551041"]}, {"id": "676134407766466561", "text": "RT @CBSNews: Video shows L.A. cops pumping as many as 25 bullets into crawling man https://t.co/kWVpCHfz6h https://t.co/lQgZFETpFw", "created_at": "2015-12-13T20:19:39.000Z", "author_id": "960521948", "edit_history_tweet_ids": ["676134407766466561"]}, {"id": "676134373566103557", "text": "RT @CBSNews: Video shows L.A. cops pumping as many as 25 bullets into crawling man https://t.co/kWVpCHfz6h https://t.co/lQgZFETpFw", "created_at": "2015-12-13T20:19:31.000Z", "author_id": "158203751", "edit_history_tweet_ids": ["676134373566103557"]}, {"id": "676134235258814464", "text": "RT @CBSNews: Video shows L.A. cops pumping as many as 25 bullets into crawling man https://t.co/kWVpCHfz6h https://t.co/lQgZFETpFw", "created_at": "2015-12-13T20:18:58.000Z", "author_id": "1593779827", "edit_history_tweet_ids": ["676134235258814464"]}, {"id": "676134209988067328", "text": "Demilitarization can't come soon enough; these cops need fewer bullets. https://t.co/wiZrDVmFQG", "created_at": "2015-12-13T20:18:52.000Z", "author_id": "69299734", "edit_history_tweet_ids": ["676134209988067328"]}, {"id": "676134188827828224", "text": "RT @CBSNews: Video shows L.A. cops pumping as many as 25 bullets into crawling man https://t.co/kWVpCHfz6h https://t.co/lQgZFETpFw", "created_at": "2015-12-13T20:18:47.000Z", "author_id": "762556028", "edit_history_tweet_ids": ["676134188827828224"]}, {"id": "676134103004106752", "text": "RT @dailydot: Shooting of 28-year-old Nicholas Robertson by L.A. police captured on video: https://t.co/JkzsuOxBEP", "created_at": "2015-12-13T20:18:26.000Z", "author_id": "2285247656", "edit_history_tweet_ids": ["676134103004106752"]}, {"id": "676134098574827521", "text": "Video shows L.A. cops pumping bullets into crawling man https://t.co/TMVuOazyTy", "created_at": "2015-12-13T20:18:25.000Z", "author_id": "3311544643", "edit_history_tweet_ids": ["676134098574827521"]}, {"id": "676134096746233856", "text": "watch &amp; RT RT @CBSNews Video shows L.A. cops pumping as many as 25 bullets into crawling man https://t.co/O1j7Ai7kj2 https://t.co/XGvZQJsMdg", "created_at": "2015-12-13T20:18:25.000Z", "author_id": "42812790", "edit_history_tweet_ids": ["676134096746233856"]}, {"id": "676134089188089856", "text": "RT @CBSNews: Video shows L.A. cops pumping as many as 25 bullets into crawling man https://t.co/kWVpCHfz6h https://t.co/lQgZFETpFw", "created_at": "2015-12-13T20:18:23.000Z", "author_id": "164141551", "edit_history_tweet_ids": ["676134089188089856"]}, {"id": "676134049694420992", "text": "RT @CBSNews: Video shows L.A. cops pumping as many as 25 bullets into crawling man https://t.co/kWVpCHfz6h https://t.co/lQgZFETpFw", "created_at": "2015-12-13T20:18:14.000Z", "author_id": "344178429", "edit_history_tweet_ids": ["676134049694420992"]}, {"id": "676134041305882625", "text": "RT @CBSNews: Video shows L.A. cops pumping as many as 25 bullets into crawling man https://t.co/kWVpCHfz6h https://t.co/lQgZFETpFw", "created_at": "2015-12-13T20:18:12.000Z", "author_id": "17387823", "edit_history_tweet_ids": ["676134041305882625"]}, {"id": "676134001938178048", "text": "RT @CBSNews: Video shows L.A. cops pumping as many as 25 bullets into crawling man https://t.co/kWVpCHfz6h https://t.co/lQgZFETpFw", "created_at": "2015-12-13T20:18:02.000Z", "author_id": "2828024604", "edit_history_tweet_ids": ["676134001938178048"]}, {"id": "676133876125798400", "text": "RT @CBSNews: Video shows L.A. cops pumping as many as 25 bullets into crawling man https://t.co/kWVpCHfz6h https://t.co/lQgZFETpFw", "created_at": "2015-12-13T20:17:32.000Z", "author_id": "385155834", "edit_history_tweet_ids": ["676133876125798400"]}, {"id": "676133811113988096", "text": "RT @CBSNews: Video shows L.A. cops pumping as many as 25 bullets into crawling man https://t.co/kWVpCHfz6h https://t.co/lQgZFETpFw", "created_at": "2015-12-13T20:17:17.000Z", "author_id": "1176935827", "edit_history_tweet_ids": ["676133811113988096"]}, {"id": "676133786485178368", "text": "RT @CBSNews: Video shows L.A. cops pumping as many as 25 bullets into crawling man https://t.co/kWVpCHfz6h https://t.co/lQgZFETpFw", "created_at": "2015-12-13T20:17:11.000Z", "author_id": "1323616627", "edit_history_tweet_ids": ["676133786485178368"]}, {"id": "676133755187253249", "text": "Video shows L.A. cops pumping as many as 25 bullets into crawling man https://t.co/kWVpCHfz6h https://t.co/lQgZFETpFw", "created_at": "2015-12-13T20:17:03.000Z", "author_id": "15012486", "edit_history_tweet_ids": ["676133755187253249"]}, {"id": "676133388856594432", "text": "RT @CBSTopNews: Video shows L.A. cops pumping bullets into crawling man https://t.co/8TeHjrSUNm", "created_at": "2015-12-13T20:15:36.000Z", "author_id": "1059644598", "edit_history_tweet_ids": ["676133388856594432"]}, {"id": "676133056655179776", "text": "RT @ThisIsFusion: The man whose killing by LA sheriff's deputies was captured on video has been identified https://t.co/rqWEPUmg91 https://\u2026", "created_at": "2015-12-13T20:14:17.000Z", "author_id": "34079020", "edit_history_tweet_ids": ["676133056655179776"]}, {"id": "676132568551436288", "text": "RT @revclub_la: #revcom \"no justice, no peace\" justice for Nicholas Robertson! #nomorestolenlives  @tuneintorevcom @SMIN_LA  https://t.co/Q\u2026", "created_at": "2015-12-13T20:12:20.000Z", "author_id": "124894584", "edit_history_tweet_ids": ["676132568551436288"]}, {"id": "676132123791634432", "text": "Man Fatally Shot by LA Sheriff's Deputies in Video is Identified https://t.co/EOrJfkzvS5", "created_at": "2015-12-13T20:10:34.000Z", "author_id": "17691862", "edit_history_tweet_ids": ["676132123791634432"]}, {"id": "676132020674830336", "text": "RT @dailydot: Shooting of 28-year-old Nicholas Robertson by L.A. police captured on video: https://t.co/JkzsuOxBEP", "created_at": "2015-12-13T20:10:10.000Z", "author_id": "496627046", "edit_history_tweet_ids": ["676132020674830336"]}, {"id": "676131211287199744", "text": "RT @CBSTopNews: Video shows L.A. cops pumping bullets into crawling man https://t.co/8TeHjrSUNm", "created_at": "2015-12-13T20:06:57.000Z", "author_id": "25903919", "edit_history_tweet_ids": ["676131211287199744"]}, {"id": "676131201107668993", "text": "Video shows L.A. cops pumping bullets into crawling man: Family, activists say father's death similar to Chica... https://t.co/EzJg8lSWd1", "created_at": "2015-12-13T20:06:54.000Z", "author_id": "28818582", "edit_history_tweet_ids": ["676131201107668993"]}, {"id": "676131189040672768", "text": "Video shows L.A. cops pumping bullets into crawling man: Family, activists say father's death similar to Chica... https://t.co/2UCaMIJUQ8", "created_at": "2015-12-13T20:06:52.000Z", "author_id": "187595854", "edit_history_tweet_ids": ["676131189040672768"]}], "meta": {"newest_id": "676139894729666560", "oldest_id": "676131189040672768", "result_count": 96, "next_token": "1jzu9lk96gu5npw2cy8tufmmele59rqsqziduljeybgd"}}