{"data": [{"author_id": "819595176", "id": "1508235275062763521", "created_at": "2022-03-28T00:11:25.000Z", "text": "RT @universal970: Alejandro S\u00e1nchez: \"Hoy, la democracia uruguaya se fortaleci\u00f3. El uruguayo ya decidi\u00f3. Ahora se ven proyecciones, pero ha\u2026", "edit_history_tweet_ids": ["1508235275062763521"]}, {"author_id": "819595176", "id": "1508235242192007168", "created_at": "2022-03-28T00:11:18.000Z", "text": "RT @universal970: Alejandro S\u00e1nchez, senador del Frente Amplio: \"El mensaje m\u00e1s fuerte de hoy es que Uruguay sigue siendo democr\u00e1tico y que\u2026", "edit_history_tweet_ids": ["1508235242192007168"]}, {"author_id": "1289301950303834112", "id": "1508233164820344833", "created_at": "2022-03-28T00:03:02.000Z", "text": "RT @Radio_Formula: #LoM\u00e1sVisto | El exconsejero jur\u00eddico de la presidencia, Julio Scherer Ibarra, acus\u00f3 una confabulaci\u00f3n entre la presiden\u2026", "edit_history_tweet_ids": ["1508233164820344833"]}, {"author_id": "4876584089", "id": "1508230461126025225", "created_at": "2022-03-27T23:52:18.000Z", "text": "RT @TelenocheUy: #Refer\u00e9ndumLUC | El senador Alejandro \"Pacha\" S\u00e1nchez indic\u00f3 que \"la democracia uruguaya est\u00e1 fuerte y s\u00f3lida\".\n\n\"Logramos\u2026", "edit_history_tweet_ids": ["1508230461126025225"]}, {"author_id": "303234033", "id": "1508229279603113986", "created_at": "2022-03-27T23:47:36.000Z", "text": "Alejandro S\u00e1nchez, senador del Frente Amplio: \"El mensaje m\u00e1s fuerte de hoy es que Uruguay sigue siendo democr\u00e1tico y que no quiere grietas\" \n\n\ud83c\udf99 Ahora en la transmisi\u00f3n especial de 970 Universal\n#ReferendumLUC", "edit_history_tweet_ids": ["1508229279603113986"]}, {"author_id": "303234033", "id": "1508228697110765573", "created_at": "2022-03-27T23:45:17.000Z", "text": "Alejandro S\u00e1nchez: \"Hoy, la democracia uruguaya se fortaleci\u00f3. El uruguayo ya decidi\u00f3. Ahora se ven proyecciones, pero hay que esperar al escrutinio\"\n\n\ud83c\udf99 Ahora en la transmisi\u00f3n especial de 970 Universal\n#ReferendumLUC", "edit_history_tweet_ids": ["1508228697110765573"]}, {"author_id": "340628221", "id": "1508222594893459461", "created_at": "2022-03-27T23:21:02.000Z", "text": "RT @TelenocheUy: #Refer\u00e9ndumLUC | El senador Alejandro \"Pacha\" S\u00e1nchez indic\u00f3 que \"la democracia uruguaya est\u00e1 fuerte y s\u00f3lida\".\n\n\"Logramos\u2026", "edit_history_tweet_ids": ["1508222594893459461"]}, {"author_id": "203176940", "id": "1508219885368844294", "created_at": "2022-03-27T23:10:16.000Z", "text": "#Refer\u00e9ndumLUC | El senador Alejandro \"Pacha\" S\u00e1nchez indic\u00f3 que \"la democracia uruguaya est\u00e1 fuerte y s\u00f3lida\".\n\n\"Logramos que se debatiera una Ley que mucha gente no conoc\u00eda y 800.000 firmas dieron camino a esto\", dijo el legislador.\n\nSumate en vivo a la pantalla de @Canal4_UY. https://t.co/HaEZsVjq6a", "edit_history_tweet_ids": ["1508219885368844294"]}, {"author_id": "1337930647206326273", "id": "1508218980682584073", "created_at": "2022-03-27T23:06:41.000Z", "text": "RT @Radio_Formula: #LoM\u00e1sVisto | El exconsejero jur\u00eddico de la presidencia, Julio Scherer Ibarra, acus\u00f3 una confabulaci\u00f3n entre la presiden\u2026", "edit_history_tweet_ids": ["1508218980682584073"]}, {"author_id": "148372339", "id": "1508217305913651201", "created_at": "2022-03-27T23:00:01.000Z", "text": "#LoM\u00e1sVisto | El exconsejero jur\u00eddico de la presidencia, Julio Scherer Ibarra, acus\u00f3 una confabulaci\u00f3n entre la presidenta del senado Olga S\u00e1nchez Cordero, y el fiscal Alejandro Gertz Manero. \ud83d\udc40 https://t.co/VFcFPqzMTl", "edit_history_tweet_ids": ["1508217305913651201"]}, {"author_id": "965672018275393536", "id": "1508216957358669824", "created_at": "2022-03-27T22:58:38.000Z", "text": "Alejandro S\u00e1nchez: \"hay que continuar el da\u00f1o digo el di\u00e1logo\" jajajaj", "edit_history_tweet_ids": ["1508216957358669824"]}, {"author_id": "3816772099", "id": "1508215978680889348", "created_at": "2022-03-27T22:54:45.000Z", "text": "RT @DespachoInfoRD: \u2b50\ufe0f Ciriaco Hidalgo \u201cUlin\u201d, alcalde, CC- PLD\n\u2b50\ufe0f Yokaty Liriano, vicealcaldesa\n\u2b50\ufe0f Sugeidy S\u00e1nchez, regidora\n\u2b50\ufe0f Alejandro\u2026", "edit_history_tweet_ids": ["1508215978680889348"]}, {"author_id": "1372992047393673230", "id": "1508210277749252099", "created_at": "2022-03-27T22:32:06.000Z", "text": "RT @cuestion_p: En esta foto de la cuenta @HenirLlanos se ve a Guti\u00e9rrez, su candidato a vice Rodrigo Lara S\u00e1nchez y a Alejandro Char. http\u2026", "edit_history_tweet_ids": ["1508210277749252099"]}, {"author_id": "108505522", "id": "1508201827338182665", "created_at": "2022-03-27T21:58:31.000Z", "text": "@easanchezl Saludos Alejandro! \ud83d\udc4d\n\nGraciaw a Dios que pudimos disfrutar esa gran etapa del llamado \"ni\u00f1o de oro\" Hugo S\u00e1nchez.", "edit_history_tweet_ids": ["1508201827338182665"]}, {"author_id": "1478504203463147522", "id": "1508198703101849613", "created_at": "2022-03-27T21:46:06.000Z", "text": "RT @francarrillog: \u201cAlgo ha mudado en el tu\u00e9tano de una sociedad harta\u00a0del catecismo woke, las fiestuquis de todas y todes, la verborragia\u2026", "edit_history_tweet_ids": ["1508198703101849613"]}, {"author_id": "1078460262", "id": "1508198190885048331", "created_at": "2022-03-27T21:44:04.000Z", "text": "Emiti\u00f3 Alejandro S\u00e1nchez Franco su\u00a0sufragio https://t.co/X674jwCz0c", "edit_history_tweet_ids": ["1508198190885048331"]}, {"author_id": "851957818672459776", "id": "1508195064215920647", "created_at": "2022-03-27T21:31:38.000Z", "text": "RT @cuestione: El conflicto que Alejandro Gertz Manero mantiene con su familia pol\u00edtica es la base de otro conflicto que el fiscal tiene co\u2026", "edit_history_tweet_ids": ["1508195064215920647"]}, {"author_id": "108428278", "id": "1508194720920621062", "created_at": "2022-03-27T21:30:17.000Z", "text": "@cisvgbm Buenas estimado Carlos. Deseo preguntarte si eres familia de mis grandes amigos de hace aaanos, Alix Beatriz Sanchez Vegas y sus hermanos Cuti y Alejandro. Un afectuoso saludo para todos de mi parte.", "edit_history_tweet_ids": ["1508194720920621062"]}, {"author_id": "88592446", "id": "1508191910141251587", "created_at": "2022-03-27T21:19:06.000Z", "text": "RT @contralinea: LO M\u00c1S LEIDO | El exconsejero jur\u00eddico de la Presidencia, #JulioScherer, denunci\u00f3 una conspiraci\u00f3n en su contra y responsa\u2026", "edit_history_tweet_ids": ["1508191910141251587"]}, {"author_id": "1378434909442822146", "id": "1508191304072712198", "created_at": "2022-03-27T21:16:42.000Z", "text": "Emiti\u00f3 Alejandro S\u00e1nchez Franco su\u00a0sufragio https://t.co/tfGDU8wt6p", "edit_history_tweet_ids": ["1508191304072712198"]}, {"author_id": "1325914207418716163", "id": "1508191299945611282", "created_at": "2022-03-27T21:16:41.000Z", "text": "Emiti\u00f3 Alejandro S\u00e1nchez Franco su\u00a0sufragio https://t.co/LS354tOLTu", "edit_history_tweet_ids": ["1508191299945611282"]}, {"author_id": "1445404573359804416", "id": "1508190115939594243", "created_at": "2022-03-27T21:11:59.000Z", "text": "RT @contralinea: LO M\u00c1S LEIDO | El exconsejero jur\u00eddico de la Presidencia, #JulioScherer, denunci\u00f3 una conspiraci\u00f3n en su contra y responsa\u2026", "edit_history_tweet_ids": ["1508190115939594243"]}, {"author_id": "67645047", "id": "1508187171836108809", "created_at": "2022-03-27T21:00:17.000Z", "text": "BANCA Deportes Iquique\n\n25. Alejandro S\u00e1nchez (AS)\n11. Edwin Pern\u00eda\n17. C\u00e9sar Gonz\u00e1lez\n21. Iam Gonz\u00e1lez\n26. Jairo V\u00e1squez\n32. Benjam\u00edn Rivera\n34. Diego Rojas\n#CopaChilexEEC \nhttps://t.co/YlHxTlqOfb", "edit_history_tweet_ids": ["1508187171836108809"]}, {"author_id": "1220204728119853056", "id": "1508182891909496833", "created_at": "2022-03-27T20:43:16.000Z", "text": "RT @contralinea: LO M\u00c1S LEIDO | El exconsejero jur\u00eddico de la Presidencia, #JulioScherer, denunci\u00f3 una conspiraci\u00f3n en su contra y responsa\u2026", "edit_history_tweet_ids": ["1508182891909496833"]}, {"author_id": "422144324", "id": "1508181948480503811", "created_at": "2022-03-27T20:39:31.000Z", "text": "RT @cuestione: El conflicto que Alejandro Gertz Manero mantiene con su familia pol\u00edtica es la base de otro conflicto que el fiscal tiene co\u2026", "edit_history_tweet_ids": ["1508181948480503811"]}, {"author_id": "3044607661", "id": "1508181628287344643", "created_at": "2022-03-27T20:38:15.000Z", "text": "#CopaChileRP | Banca de #DeportesIquique\n\n25. Alejandro S\u00e1nchez (arq.)\n11. Edwuin Pern\u00eda\n17. C\u00e9sar Gonz\u00e1lez\n21. Iam Gonz\u00e1lez\n26. Jairo V\u00e1squez\n32. Benjam\u00edn Rivera\n34. Diego Rojas\n\nDT: V\u00edctor Rivero", "edit_history_tweet_ids": ["1508181628287344643"]}, {"author_id": "146127778", "id": "1508181097720463366", "created_at": "2022-03-27T20:36:09.000Z", "text": "RT @contralinea: LO M\u00c1S LEIDO | El exconsejero jur\u00eddico de la Presidencia, #JulioScherer, denunci\u00f3 una conspiraci\u00f3n en su contra y responsa\u2026", "edit_history_tweet_ids": ["1508181097720463366"]}, {"author_id": "996533967645011968", "id": "1508181020193042437", "created_at": "2022-03-27T20:35:50.000Z", "text": "RT @contralinea: LO M\u00c1S LEIDO | El exconsejero jur\u00eddico de la Presidencia, #JulioScherer, denunci\u00f3 una conspiraci\u00f3n en su contra y responsa\u2026", "edit_history_tweet_ids": ["1508181020193042437"]}, {"author_id": "4676174952", "id": "1508180750402686978", "created_at": "2022-03-27T20:34:46.000Z", "text": "RT @contralinea: LO M\u00c1S LEIDO | El exconsejero jur\u00eddico de la Presidencia, #JulioScherer, denunci\u00f3 una conspiraci\u00f3n en su contra y responsa\u2026", "edit_history_tweet_ids": ["1508180750402686978"]}, {"author_id": "996533967645011968", "id": "1508179817870602250", "created_at": "2022-03-27T20:31:03.000Z", "text": "RT @cuestione: El conflicto que Alejandro Gertz Manero mantiene con su familia pol\u00edtica es la base de otro conflicto que el fiscal tiene co\u2026", "edit_history_tweet_ids": ["1508179817870602250"]}, {"author_id": "1022991279104380929", "id": "1508179188280291329", "created_at": "2022-03-27T20:28:33.000Z", "text": "El conflicto que Alejandro Gertz Manero mantiene con su familia pol\u00edtica es la base de otro conflicto que el fiscal tiene con Julio Scherer Ibarra.\nhttps://t.co/YfYwm9m0LB", "edit_history_tweet_ids": ["1508179188280291329"]}, {"author_id": "882171864356990977", "id": "1508177868299423754", "created_at": "2022-03-27T20:23:19.000Z", "text": "@voz_populi @Alejandro_vara Las ganas. S\u00e1nchez otro 6 a\u00f1itos.", "edit_history_tweet_ids": ["1508177868299423754"]}, {"author_id": "700545287295791104", "id": "1508176783824371722", "created_at": "2022-03-27T20:19:00.000Z", "text": "RT @NewMarvelComics: ...\n\n\ud83d\udca5 Letterer: Vc Joe Caramagna\n\ud83d\udca5 Colorist: Carlos Lopez\n\ud83d\udca5 Colorist: Bryan Valenza\n\ud83d\udca5 Colorist, cover: Alejandro Sanc\u2026", "edit_history_tweet_ids": ["1508176783824371722"]}, {"author_id": "213720520", "id": "1508175403483074561", "created_at": "2022-03-27T20:13:31.000Z", "text": "@Chacaritas_CP Suplentes @Chacaritas_CP \n\n26. Alejandro S\u00e1nchez\n17. Geancarlo Zumba\n14. Carlos Alvarado\n55. Steven Gongora\n18. Milton Bola\u00f1os\n33. Andr\u00e9s Garc\u00eda\n23. Davinson Jama\n06. Joshua Salas\n15. Juan Ortiz\n08. Jhonathan Lucas\n22. Edison Guerrero\n20. Jorge Cuesta\n\n#LaRadioQueSiempreEst\u00e1", "edit_history_tweet_ids": ["1508175403483074561"]}, {"author_id": "1051364114466041857", "id": "1508175253930917897", "created_at": "2022-03-27T20:12:55.000Z", "text": "RT @contralinea: LO M\u00c1S LEIDO | El exconsejero jur\u00eddico de la Presidencia, #JulioScherer, denunci\u00f3 una conspiraci\u00f3n en su contra y responsa\u2026", "edit_history_tweet_ids": ["1508175253930917897"]}, {"author_id": "2208893550", "id": "1508174841295343616", "created_at": "2022-03-27T20:11:17.000Z", "text": "RT @fralbaro: Nada de cuanto ha protagonizado S\u00e1nchez\u00a0desde su llegada al Gobierno ha tenido que ver con la tradici\u00f3n democr\u00e1tica, los usos\u2026", "edit_history_tweet_ids": ["1508174841295343616"]}, {"author_id": "942585245378973701", "id": "1508173922822496263", "created_at": "2022-03-27T20:07:38.000Z", "text": "RT @contralinea: LO M\u00c1S LEIDO | El exconsejero jur\u00eddico de la Presidencia, #JulioScherer, denunci\u00f3 una conspiraci\u00f3n en su contra y responsa\u2026", "edit_history_tweet_ids": ["1508173922822496263"]}, {"author_id": "1216872852131057665", "id": "1508173740525465601", "created_at": "2022-03-27T20:06:54.000Z", "text": "RT @QuePocaMadre_Mx: LO SENTENCIAN \ud83d\udea8\n\nLa Fiscal\u00eda del #Edomex, dieron sentencia condenatoria de 47 a\u00f1os y 6 meses de prisi\u00f3n para Alejandro\u2026", "edit_history_tweet_ids": ["1508173740525465601"]}, {"author_id": "1238584219502358529", "id": "1508172423761481734", "created_at": "2022-03-27T20:01:40.000Z", "text": "RT @francarrillog: \u201cAlgo ha mudado en el tu\u00e9tano de una sociedad harta\u00a0del catecismo woke, las fiestuquis de todas y todes, la verborragia\u2026", "edit_history_tweet_ids": ["1508172423761481734"]}, {"author_id": "1314665332636868609", "id": "1508166673584513034", "created_at": "2022-03-27T19:38:50.000Z", "text": "RT @francarrillog: \u201cAlgo ha mudado en el tu\u00e9tano de una sociedad harta\u00a0del catecismo woke, las fiestuquis de todas y todes, la verborragia\u2026", "edit_history_tweet_ids": ["1508166673584513034"]}, {"author_id": "2971525739", "id": "1508165379914403841", "created_at": "2022-03-27T19:33:41.000Z", "text": "RT @francarrillog: \u201cAlgo ha mudado en el tu\u00e9tano de una sociedad harta\u00a0del catecismo woke, las fiestuquis de todas y todes, la verborragia\u2026", "edit_history_tweet_ids": ["1508165379914403841"]}, {"author_id": "292643958", "id": "1508165177879023622", "created_at": "2022-03-27T19:32:53.000Z", "text": "RT @francarrillog: \u201cAlgo ha mudado en el tu\u00e9tano de una sociedad harta\u00a0del catecismo woke, las fiestuquis de todas y todes, la verborragia\u2026", "edit_history_tweet_ids": ["1508165177879023622"]}, {"author_id": "16116368", "id": "1508165172745093120", "created_at": "2022-03-27T19:32:52.000Z", "text": "RT @fralbaro: Nada de cuanto ha protagonizado S\u00e1nchez\u00a0desde su llegada al Gobierno ha tenido que ver con la tradici\u00f3n democr\u00e1tica, los usos\u2026", "edit_history_tweet_ids": ["1508165172745093120"]}, {"author_id": "16116368", "id": "1508165048660807682", "created_at": "2022-03-27T19:32:22.000Z", "text": "RT @francarrillog: \u201cAlgo ha mudado en el tu\u00e9tano de una sociedad harta\u00a0del catecismo woke, las fiestuquis de todas y todes, la verborragia\u2026", "edit_history_tweet_ids": ["1508165048660807682"]}, {"author_id": "137396610", "id": "1508159916086865930", "created_at": "2022-03-27T19:11:58.000Z", "text": "La militancia y dirigencia del PLD en (Villa Magante)  da su apoyo a las aspiraciones presidenciales de Abel Martinez.\n\ud83d\udccdVilla Magante\n\u2b50\ufe0f Ciriaco Hidalgo \u201cUlin\u201d (Alcalde - Miembro del CC)\n\u2b50\ufe0f Yokaty Liriano (Vicealcaldesa)\n\u2b50\ufe0f Sugeidy S\u00e1nchez (Regidora)\n\u2b50\ufe0f Alejandro Sierra (Regidor https://t.co/2xnxqFssk5", "edit_history_tweet_ids": ["1508159916086865930"]}, {"author_id": "14496397", "id": "1508158525255479297", "created_at": "2022-03-27T19:06:27.000Z", "text": "RT @ValeriaBersaken: @valcorrosa @PuntoFinalOf @DeltaMdelta @betovillarc @Latina_Noticias @Latina_pe Cuando no Latina limpiando a Castillo,\u2026", "edit_history_tweet_ids": ["1508158525255479297"]}, {"author_id": "1420936848222924804", "id": "1508156208502484999", "created_at": "2022-03-27T18:57:14.000Z", "text": "RT @DespachoInfoRD: \u2b50\ufe0f Ciriaco Hidalgo \u201cUlin\u201d, alcalde, CC- PLD\n\u2b50\ufe0f Yokaty Liriano, vicealcaldesa\n\u2b50\ufe0f Sugeidy S\u00e1nchez, regidora\n\u2b50\ufe0f Alejandro\u2026", "edit_history_tweet_ids": ["1508156208502484999"]}, {"author_id": "1189663081", "id": "1508152957489102855", "created_at": "2022-03-27T18:44:19.000Z", "text": "Nada de cuanto ha protagonizado S\u00e1nchez\u00a0desde su llegada al Gobierno ha tenido que ver con la tradici\u00f3n democr\u00e1tica, los usos pol\u00edticos o el marco comunitario que nos rodea. Todo ha sido estridente, extremo y, por supuesto, desastroso.\n\u270d\ufe0f @Alejandro_vara\nhttps://t.co/gQXy5oSAUi", "edit_history_tweet_ids": ["1508152957489102855"]}, {"author_id": "760774526", "id": "1508151177393086464", "created_at": "2022-03-27T18:37:15.000Z", "text": "@AAAD25 Hola alejandro qu\u00e9 piensas sobre el nombramiento de Rodrigo Lara S\u00e1nchez como candidato a vicepresidente de @FicoGutierrez", "edit_history_tweet_ids": ["1508151177393086464"]}, {"author_id": "1183813958488203265", "id": "1508144870241800196", "created_at": "2022-03-27T18:12:11.000Z", "text": "RT @DespachoInfoRD: \u2b50\ufe0f Ciriaco Hidalgo \u201cUlin\u201d, alcalde, CC- PLD\n\u2b50\ufe0f Yokaty Liriano, vicealcaldesa\n\u2b50\ufe0f Sugeidy S\u00e1nchez, regidora\n\u2b50\ufe0f Alejandro\u2026", "edit_history_tweet_ids": ["1508144870241800196"]}, {"author_id": "837999977217593344", "id": "1508144708446470153", "created_at": "2022-03-27T18:11:33.000Z", "text": "\u2b50\ufe0f Ciriaco Hidalgo \u201cUlin\u201d, alcalde, CC- PLD\n\u2b50\ufe0f Yokaty Liriano, vicealcaldesa\n\u2b50\ufe0f Sugeidy S\u00e1nchez, regidora\n\u2b50\ufe0f Alejandro Sierra, regidor\n\u2b50\ufe0f Joan Bueno, exregidor \n\u2b50\ufe0f Mon Polanco, dirigente\n\u2b50\ufe0f Juan Dom\u00ednguez \u201cJuan Queso\u201d, empresario.\n\n#GasparHndzEsDeAbel #Abel24 #ConAbelSeGana https://t.co/fIfNSWPV09", "edit_history_tweet_ids": ["1508144708446470153"]}, {"author_id": "1255942080637161473", "id": "1508144604708757509", "created_at": "2022-03-27T18:11:08.000Z", "text": "RT @contralinea: LO M\u00c1S LEIDO | El exconsejero jur\u00eddico de la Presidencia, #JulioScherer, denunci\u00f3 una conspiraci\u00f3n en su contra y responsa\u2026", "edit_history_tweet_ids": ["1508144604708757509"]}, {"author_id": "179792506", "id": "1508142371569033223", "created_at": "2022-03-27T18:02:15.000Z", "text": "RT @abelistas: \u2b50\ufe0f Sugeidy S\u00e1nchez (Regidora)\n\u2b50\ufe0f Alejandro Sierra (Regidor)\n\u2b50\ufe0f Joan Bueno (Exregidor)\n\u2b50\ufe0f Mon Polanco (Dirigente)\n\u2b50\ufe0f Juan Dom\u2026", "edit_history_tweet_ids": ["1508142371569033223"]}, {"author_id": "360278507", "id": "1508135228665180168", "created_at": "2022-03-27T17:33:52.000Z", "text": "\u2b50\ufe0f Sugeidy S\u00e1nchez (Regidora)\n\u2b50\ufe0f Alejandro Sierra (Regidor)\n\u2b50\ufe0f Joan Bueno (Exregidor)\n\u2b50\ufe0f Mon Polanco (Dirigente)\n\u2b50\ufe0f Juan Dom\u00ednguez \u201cJuan Queso\u201d (Empresario)\n\n#GasparHndzEsDeAbel #Abel24 #ConAbelSeGana", "edit_history_tweet_ids": ["1508135228665180168"]}, {"author_id": "259258832", "id": "1508134492879429632", "created_at": "2022-03-27T17:30:57.000Z", "text": "RT @contralinea: LO M\u00c1S LEIDO | El exconsejero jur\u00eddico de la Presidencia, #JulioScherer, denunci\u00f3 una conspiraci\u00f3n en su contra y responsa\u2026", "edit_history_tweet_ids": ["1508134492879429632"]}, {"author_id": "1468293429470052353", "id": "1508133285939261441", "created_at": "2022-03-27T17:26:09.000Z", "text": "RT @contralinea: LO M\u00c1S LEIDO | El exconsejero jur\u00eddico de la Presidencia, #JulioScherer, denunci\u00f3 una conspiraci\u00f3n en su contra y responsa\u2026", "edit_history_tweet_ids": ["1508133285939261441"]}, {"author_id": "67029972", "id": "1508132272372912137", "created_at": "2022-03-27T17:22:08.000Z", "text": "RT @contralinea: LO M\u00c1S LEIDO | El exconsejero jur\u00eddico de la Presidencia, #JulioScherer, denunci\u00f3 una conspiraci\u00f3n en su contra y responsa\u2026", "edit_history_tweet_ids": ["1508132272372912137"]}, {"author_id": "1447747445132173313", "id": "1508131938212757508", "created_at": "2022-03-27T17:20:48.000Z", "text": "RT @contralinea: LO M\u00c1S LEIDO | El exconsejero jur\u00eddico de la Presidencia, #JulioScherer, denunci\u00f3 una conspiraci\u00f3n en su contra y responsa\u2026", "edit_history_tweet_ids": ["1508131938212757508"]}, {"author_id": "185810867", "id": "1508131790040571917", "created_at": "2022-03-27T17:20:13.000Z", "text": "RT @contralinea: LO M\u00c1S LEIDO | El exconsejero jur\u00eddico de la Presidencia, #JulioScherer, denunci\u00f3 una conspiraci\u00f3n en su contra y responsa\u2026", "edit_history_tweet_ids": ["1508131790040571917"]}, {"author_id": "4700211973", "id": "1508131328390279177", "created_at": "2022-03-27T17:18:23.000Z", "text": "RT @contralinea: LO M\u00c1S LEIDO | El exconsejero jur\u00eddico de la Presidencia, #JulioScherer, denunci\u00f3 una conspiraci\u00f3n en su contra y responsa\u2026", "edit_history_tweet_ids": ["1508131328390279177"]}, {"author_id": "1357050795871457281", "id": "1508127792231198721", "created_at": "2022-03-27T17:04:19.000Z", "text": "RT @contralinea: LO M\u00c1S LEIDO | El exconsejero jur\u00eddico de la Presidencia, #JulioScherer, denunci\u00f3 una conspiraci\u00f3n en su contra y responsa\u2026", "edit_history_tweet_ids": ["1508127792231198721"]}, {"author_id": "1391848122217734146", "id": "1508127276868771847", "created_at": "2022-03-27T17:02:17.000Z", "text": "RT @contralinea: LO M\u00c1S LEIDO | El exconsejero jur\u00eddico de la Presidencia, #JulioScherer, denunci\u00f3 una conspiraci\u00f3n en su contra y responsa\u2026", "edit_history_tweet_ids": ["1508127276868771847"]}, {"author_id": "1404489343679467521", "id": "1508126918700318735", "created_at": "2022-03-27T17:00:51.000Z", "text": "RT @contralinea: LO M\u00c1S LEIDO | El exconsejero jur\u00eddico de la Presidencia, #JulioScherer, denunci\u00f3 una conspiraci\u00f3n en su contra y responsa\u2026", "edit_history_tweet_ids": ["1508126918700318735"]}, {"author_id": "28608099", "id": "1508126785657094152", "created_at": "2022-03-27T17:00:19.000Z", "text": "LO M\u00c1S LEIDO | El exconsejero jur\u00eddico de la Presidencia, #JulioScherer, denunci\u00f3 una conspiraci\u00f3n en su contra y responsabiliz\u00f3 de ello a Alejandro Gertz Manero, y a  @M_OlgaSCordero \n\n#Contral\u00ednea #PeriodismodeInvestigaci\u00f3n https://t.co/r5jIFXxwG6", "edit_history_tweet_ids": ["1508126785657094152"]}, {"author_id": "100179371", "id": "1508119977257275401", "created_at": "2022-03-27T16:33:16.000Z", "text": "RT @QuePocaMadre_Mx: LO SENTENCIAN \ud83d\udea8\n\nLa Fiscal\u00eda del #Edomex, dieron sentencia condenatoria de 47 a\u00f1os y 6 meses de prisi\u00f3n para Alejandro\u2026", "edit_history_tweet_ids": ["1508119977257275401"]}, {"author_id": "29160186", "id": "1508119477812142094", "created_at": "2022-03-27T16:31:17.000Z", "text": "Alejandro Moreno S\u00e1nchez me hace una larga entrevista a cuenta de Memorias de un reportero indecente en su podcast La Inicial Escarlata. Alejandro es todo un entendido en el mundo de la literatura negra. Nos lo pasamos genial. \n\nhttps://t.co/Xsfr3FlC5A", "edit_history_tweet_ids": ["1508119477812142094"]}, {"author_id": "305172448", "id": "1508116037543288837", "created_at": "2022-03-27T16:17:37.000Z", "text": "\ud83c\udfc3\ud83c\udfc3\u200d\u2640\ufe0f Alejandro Gonz\u00e1lez y Ver\u00f3nica S\u00e1nchez se llevan la V Carrera por el Campo del Toro Bravo https://t.co/wnKndG2BH3 https://t.co/v6myQNSRyw", "edit_history_tweet_ids": ["1508116037543288837"]}, {"author_id": "384074806", "id": "1508114334899007490", "created_at": "2022-03-27T16:10:51.000Z", "text": "RT @juanblancouy: Escucho al senador Alejandro Pacha S\u00e1nchez decir:Hay que votar para que baje los precios de los huevos.\nAlguien me alcanc\u2026", "edit_history_tweet_ids": ["1508114334899007490"]}, {"author_id": "744416954350350337", "id": "1508114094989234183", "created_at": "2022-03-27T16:09:54.000Z", "text": "RT @QuePocaMadre_Mx: LO SENTENCIAN \ud83d\udea8\n\nLa Fiscal\u00eda del #Edomex, dieron sentencia condenatoria de 47 a\u00f1os y 6 meses de prisi\u00f3n para Alejandro\u2026", "edit_history_tweet_ids": ["1508114094989234183"]}, {"author_id": "910233193445543936", "id": "1508112918570696704", "created_at": "2022-03-27T16:05:13.000Z", "text": "RT @directorgrupor: Escucho al senador Alejandro Pacha S\u00e1nchez decir:Hay que votar para que baje los precios de los huevos.\nAlguien me alca\u2026", "edit_history_tweet_ids": ["1508112918570696704"]}, {"author_id": "467456524", "id": "1508108451238408193", "created_at": "2022-03-27T15:47:28.000Z", "text": "RT @MTartagal: #TARTAGAL: ACTO EN CONMEMORACI\u00d3N AL 197\u00b0 ANIVERSARIO DE LA CREACI\u00d3N DE LA @prensapolsal \nLa Sec. de Relaciones Inst. Vanesa\u2026", "edit_history_tweet_ids": ["1508108451238408193"]}, {"author_id": "826631724662652928", "id": "1508102987016962048", "created_at": "2022-03-27T15:25:45.000Z", "text": "Escucho al senador Alejandro Pacha S\u00e1nchez decir:Hay que votar para que baje los precios de los huevos.\nAlguien me alcance el art\u00edculo que hizo subir los huevos dentro de los 135 art\u00edculos.\nEquivoca el camino no aprenden de los errores.", "edit_history_tweet_ids": ["1508102987016962048"]}, {"author_id": "1484990680447418369", "id": "1508102762155839491", "created_at": "2022-03-27T15:24:52.000Z", "text": "Escucho al senador Alejandro Pacha S\u00e1nchez decir:Hay que votar para que baje los precios de los huevos.\nAlguien me alcance el art\u00edculo que hizo subir los huevos dentro de los 135 art\u00edculos.\nEquivoca el camino no aprenden de los errores.", "edit_history_tweet_ids": ["1508102762155839491"]}, {"author_id": "4799405683", "id": "1508097715934224393", "created_at": "2022-03-27T15:04:49.000Z", "text": "Abundaron en la audiencia ganaderos, toreros, novilleros aficionados de la pe\u00f1a y tlaxcaltecas distinguidos como la maestra Marina Aguilar con su hermano Alejandro Aguilar, Pablo Badillo, Emilio S\u00e1nchez y el destacado periodista Juan Antonio Hern\u00e1ndez https://t.co/zteiGZ9CWp", "edit_history_tweet_ids": ["1508097715934224393"]}, {"author_id": "712798371270909952", "id": "1508096790012256260", "created_at": "2022-03-27T15:01:08.000Z", "text": "#Opini\u00f3n Pues claro: ya no somos colonia Parlamento Europeo | Por Arturo Sandoval https://t.co/evhQfCO5Bg", "edit_history_tweet_ids": ["1508096790012256260"]}, {"author_id": "229219572", "id": "1508094956229087234", "created_at": "2022-03-27T14:53:51.000Z", "text": "RT @francarrillog: \u201cAlgo ha mudado en el tu\u00e9tano de una sociedad harta\u00a0del catecismo woke, las fiestuquis de todas y todes, la verborragia\u2026", "edit_history_tweet_ids": ["1508094956229087234"]}, {"author_id": "778980212910456834", "id": "1508094778478575620", "created_at": "2022-03-27T14:53:08.000Z", "text": "\ud83d\udc99On\u00e9simo S\u00e1nchez es el 4\u00b0 entrenador del RC Celta B con m\u00e1s puntos en Segunda B / Primera RFEF.\n\n\ud83d\udc4fEntrenadores del RC Celta B con m\u00e1s puntos conseguidos en Segunda B / Primera RFEF:\n224\u27a1Alejandro Men\u00e9ndez\n200\u27a1Milo Abelleira\n195\u27a1Rafa S\u00e1ez\n103\u27a1On\u00e9simo\n102\u27a1Rub\u00e9n Alb\u00e9s https://t.co/kAhdZRgBbn", "edit_history_tweet_ids": ["1508094778478575620"]}, {"author_id": "1017418364228997120", "id": "1508094760157913100", "created_at": "2022-03-27T14:53:04.000Z", "text": "\u201cAlgo ha mudado en el tu\u00e9tano de una sociedad harta\u00a0del catecismo woke, las fiestuquis de todas y todes, la verborragia ecolo, el dispendio desaforado, el gasto interminable, el enga\u00f1o persistente, la deuda impagable\u201d.\n\n@Alejandro_vara retrata a S\u00e1nchez.\n\nhttps://t.co/ASJUfkAZqt", "edit_history_tweet_ids": ["1508094760157913100"]}, {"author_id": "1320054335481483264", "id": "1508093625950953479", "created_at": "2022-03-27T14:48:34.000Z", "text": "RT @AfoutezaRCCelta: \ud83d\udc99Entrenadores del RC Celta B con mejor porcentaje de VICTORIAS en Segunda B / Primera RFEF (con 10 partidos dirigidos\u2026", "edit_history_tweet_ids": ["1508093625950953479"]}, {"author_id": "778980212910456834", "id": "1508093166272004096", "created_at": "2022-03-27T14:46:44.000Z", "text": "\ud83d\udc99Entrenadores del RC Celta B con mejor porcentaje de VICTORIAS en Segunda B / Primera RFEF (con 10 partidos dirigidos como m\u00ednimo):\n1\u00b0 ON\u00c9SIMO S\u00c1NCHEZ\u27a152,54%\n2\u00b0 Alejandro Men\u00e9ndez\u27a150,78%\n3\u00b0 Fredi\u27a141,6%\n4\u00b0 Rub\u00e9n Alb\u00e9s\u27a139,5% https://t.co/PL3YtkE8m4", "edit_history_tweet_ids": ["1508093166272004096"]}, {"author_id": "266800625", "id": "1508091137755648008", "created_at": "2022-03-27T14:38:40.000Z", "text": "RT @voz_populi: \u270d\ufe0f OPINI\u00d3N | \"Desde mucho tiempo antes de lo de Putin, el mensajero del miedo golpeaba las puertas cada fin de mes en forma\u2026", "edit_history_tweet_ids": ["1508091137755648008"]}, {"author_id": "861813584", "id": "1508090087174778883", "created_at": "2022-03-27T14:34:30.000Z", "text": "Rodrigo Lara S\u00e1nchez, Federico Guti\u00e9rrez y Alejandro Char fueron alcaldes de manera simult\u00e1nea de Neiva, Medell\u00edn y Barranquilla, respectivamente, fueron adem\u00e1s elegidos como los mejores alcaldes en su momento.", "edit_history_tweet_ids": ["1508090087174778883"]}, {"author_id": "137474821", "id": "1508081406697779208", "created_at": "2022-03-27T14:00:00.000Z", "text": "#LoM\u00e1sLe\u00eddoPMX | Respecto al conflicto entre Julio Scherer, Alejandro Gertz Manero y @M_OlgaSCordero, AMLO evit\u00f3 pronunciarse; se\u00f1al\u00f3 que no puede evitar que en su equipo haya diferencias. https://t.co/oB9DvGr9xo", "edit_history_tweet_ids": ["1508081406697779208"]}, {"author_id": "1075287395338280960", "id": "1508077436180783116", "created_at": "2022-03-27T13:44:14.000Z", "text": "RT @politicomx: #LoM\u00e1sLe\u00eddoPMX | El exconsejero jur\u00eddico de Presidencia, Julio Scherer, acus\u00f3 a @M_OlgaSCordero y Alejandro Gertz Manero de\u2026", "edit_history_tweet_ids": ["1508077436180783116"]}, {"author_id": "1312657162401910784", "id": "1508076217387438090", "created_at": "2022-03-27T13:39:23.000Z", "text": "@MorataDario @parkerpaco @_Alejandro_MG_ @CecilioCastro @ismaelquesada Lo de pedro sanchez es mearte en la cara y decirte que llueve, por cierto que el viaje de la fashionaria a roma fue asunto privado suyo y tir\u00f3 de falcon", "edit_history_tweet_ids": ["1508076217387438090"]}, {"author_id": "1232362123742846976", "id": "1508075106316214291", "created_at": "2022-03-27T13:34:58.000Z", "text": "RT @FiscaliaEdomex: #FGJEMInforma: Por homicidio, la #Fiscal\u00edaEdom\u00e9x obtuvo sentencia condenatoria de 47 a\u00f1os y seis meses de prisi\u00f3n para\u2026", "edit_history_tweet_ids": ["1508075106316214291"]}, {"author_id": "1384172318939701253", "id": "1508074267698675717", "created_at": "2022-03-27T13:31:38.000Z", "text": "RT @AleDiaz72891562: @lauritalonso Vos pod\u00e9s denunciar como te denunci\u00f3 a vos por el delito de tr\u00e1fico de influencias el abogado\u00a0Alejandro\u2026", "edit_history_tweet_ids": ["1508074267698675717"]}, {"author_id": "172628759", "id": "1508073020551745543", "created_at": "2022-03-27T13:26:41.000Z", "text": "RT @nowmedia_tv: NOTICIERO FIN DE SEMANA - con Sofia Garcia @SofiGarciaMX y Alejandro Sanchez @AlexSanchezMx @findesemanaHmx https://t.co/j\u2026", "edit_history_tweet_ids": ["1508073020551745543"]}, {"author_id": "1324672206694191106", "id": "1508071622544035844", "created_at": "2022-03-27T13:21:08.000Z", "text": "RT @leosarro: Este Gobierno paga menos a los polic\u00edas y los est\u00e1 utilizando pol\u00edticamente para mantener la LUC, seg\u00fan el senador FA Alejand\u2026", "edit_history_tweet_ids": ["1508071622544035844"]}, {"author_id": "431247305", "id": "1508070611612061697", "created_at": "2022-03-27T13:17:07.000Z", "text": "RT @nowmedia_tv: NOTICIERO FIN DE SEMANA - con Sofia Garcia @SofiGarciaMX y Alejandro Sanchez @AlexSanchezMx @findesemanaHmx https://t.co/j\u2026", "edit_history_tweet_ids": ["1508070611612061697"]}, {"author_id": "1343348319070920704", "id": "1508066794174562306", "created_at": "2022-03-27T13:01:56.000Z", "text": "#ALAIRE Informativo fin de Semana\n\nUn recuento informativo de todo el acontecer en M\u00e9xico y los Estados Unidos. Una co-produccion de NowMedia Television con Heraldo Media Group, conducido por Sofia Garcia y Alejandro Sanchez.\nEscucha en \u25b6\ufe0f\ud83d\udd25 https://t.co/Xv5Qbhjgqx \ud83d\ude80\ud83c\udf99\ufe0f https://t.co/ENaByHZr0A", "edit_history_tweet_ids": ["1508066794174562306"]}, {"author_id": "1491538758897913864", "id": "1508063167057907720", "created_at": "2022-03-27T12:47:32.000Z", "text": "...\n\n\ud83d\udca5 Letterer: Vc Joe Caramagna\n\ud83d\udca5 Colorist: Carlos Lopez\n\ud83d\udca5 Colorist: Bryan Valenza\n\ud83d\udca5 Colorist, cover: Alejandro Sanchez\n\ud83d\udca5 Editor: Nick Lowe\n\n[3/4]", "edit_history_tweet_ids": ["1508063167057907720"]}, {"author_id": "1271892386755629061", "id": "1508051226763890688", "created_at": "2022-03-27T12:00:05.000Z", "text": "NOTICIERO FIN DE SEMANA - con Sofia Garcia @SofiGarciaMX y Alejandro Sanchez @AlexSanchezMx @findesemanaHmx https://t.co/jX8ASVn7NF", "edit_history_tweet_ids": ["1508051226763890688"]}, {"author_id": "1260638689694269447", "id": "1508048619269730306", "created_at": "2022-03-27T11:49:43.000Z", "text": "RT @QuePocaMadre_Mx: LO SENTENCIAN \ud83d\udea8\n\nLa Fiscal\u00eda del #Edomex, dieron sentencia condenatoria de 47 a\u00f1os y 6 meses de prisi\u00f3n para Alejandro\u2026", "edit_history_tweet_ids": ["1508048619269730306"]}, {"author_id": "1104426227803348992", "id": "1508033852018675716", "created_at": "2022-03-27T10:51:02.000Z", "text": "@DimitriRadxenko @parkerpaco @_Alejandro_MG_ @CecilioCastro @ismaelquesada Sigues demostrando que tienes media neurona al afirmar una cosa y justificarla con una imagen que dice que no hay datos pq S\u00e1nchez no los da\ud83d\ude43\ud83e\udd23", "edit_history_tweet_ids": ["1508033852018675716"]}, {"author_id": "1104426227803348992", "id": "1508033561441583108", "created_at": "2022-03-27T10:49:53.000Z", "text": "@DimitriRadxenko @parkerpaco @_Alejandro_MG_ @CecilioCastro @ismaelquesada Cre\u00ed que lo dec\u00edas por Yolanda Diaz, que ya explic\u00f3 a qu\u00e9 se deb\u00edan en realidsd sus viajes y c\u00f3mo estaban marcados en la agenda. Tuvo un bulo bastante extendido sobre que se iba a hacer visitas privadas. \n\nLo de Pedro S\u00e1nchez no est\u00e1 confirmado, simplemente no ha declarado.", "edit_history_tweet_ids": ["1508033561441583108"]}, {"author_id": "2691192957", "id": "1508025800720883712", "created_at": "2022-03-27T10:19:03.000Z", "text": "RT @voz_populi: \u270d\ufe0f OPINI\u00d3N | \"Desde mucho tiempo antes de lo de Putin, el mensajero del miedo golpeaba las puertas cada fin de mes en forma\u2026", "edit_history_tweet_ids": ["1508025800720883712"]}, {"author_id": "2494946240", "id": "1508023281185697798", "created_at": "2022-03-27T10:09:02.000Z", "text": "RT @Dama_Cristal: R\u00e9quiem por S\u00e1nchez por @Alejandro_vara https://t.co/574OlbjXnA v\u00eda @voz_populi", "edit_history_tweet_ids": ["1508023281185697798"]}, {"author_id": "4089668951", "id": "1508011178303401984", "created_at": "2022-03-27T09:20:57.000Z", "text": "alejandro s\u00e1nchez me ha dedicado un gol t\u00fa que tienes", "edit_history_tweet_ids": ["1508011178303401984"]}, {"author_id": "840093224", "id": "1508004126986317828", "created_at": "2022-03-27T08:52:55.000Z", "text": "L\u00facido, realista y premonitorio art\u00edculo de Jos\u00e9 Alejandro Vara.\n\nR\u00e9quiem por S\u00e1nchez https://t.co/Ui98zPeLCA a trav\u00e9s de @voz_populi", "edit_history_tweet_ids": ["1508004126986317828"]}], "meta": {"newest_id": "1508235275062763521", "oldest_id": "1508004126986317828", "result_count": 100, "next_token": "b26v89c19zqg8o3fpyqolv44lexfsuv02ipveebp7j4hp"}}