{"data": [{"text": "RT @Alejandro_vara: Casi ha hablado m\u00e1s tiempo Sanchez que Zelenski. Alguien lo dudaba?", "id": "1511402764294930437", "author_id": "1077319290020352001", "created_at": "2022-04-05T17:57:54.000Z", "edit_history_tweet_ids": ["1511402764294930437"]}, {"text": "RT @nightwaynes: He\u2019s just so cool \n\nBatman: Killing Time #2 Art by David Marquez &amp; Alejandro Sanchez https://t.co/3ykyCH0TkI", "id": "1511402253651005444", "author_id": "31568767", "created_at": "2022-04-05T17:55:52.000Z", "edit_history_tweet_ids": ["1511402253651005444"]}, {"text": "RT @Alejandro_vara: Casi ha hablado m\u00e1s tiempo Sanchez que Zelenski. Alguien lo dudaba?", "id": "1511402200374915078", "author_id": "613516909", "created_at": "2022-04-05T17:55:39.000Z", "edit_history_tweet_ids": ["1511402200374915078"]}, {"text": "RT @Alejandro_vara: Casi ha hablado m\u00e1s tiempo Sanchez que Zelenski. Alguien lo dudaba?", "id": "1511402109127872520", "author_id": "718365986", "created_at": "2022-04-05T17:55:17.000Z", "edit_history_tweet_ids": ["1511402109127872520"]}, {"text": "RT @Alejandro_vara: Casi ha hablado m\u00e1s tiempo Sanchez que Zelenski. Alguien lo dudaba?", "id": "1511399042663821312", "author_id": "795550972609261568", "created_at": "2022-04-05T17:43:06.000Z", "edit_history_tweet_ids": ["1511399042663821312"]}, {"text": "RT @Alejandro_vara: Casi ha hablado m\u00e1s tiempo Sanchez que Zelenski. Alguien lo dudaba?", "id": "1511398145049169922", "author_id": "1032234358806114304", "created_at": "2022-04-05T17:39:32.000Z", "edit_history_tweet_ids": ["1511398145049169922"]}, {"text": "RT @Alejandro_vara: Casi ha hablado m\u00e1s tiempo Sanchez que Zelenski. Alguien lo dudaba?", "id": "1511397112981901323", "author_id": "520699652", "created_at": "2022-04-05T17:35:26.000Z", "edit_history_tweet_ids": ["1511397112981901323"]}, {"text": "RT @Alejandro_vara: Casi ha hablado m\u00e1s tiempo Sanchez que Zelenski. Alguien lo dudaba?", "id": "1511396269310230533", "author_id": "636306436", "created_at": "2022-04-05T17:32:05.000Z", "edit_history_tweet_ids": ["1511396269310230533"]}, {"text": "RT @Alejandro_vara: Casi ha hablado m\u00e1s tiempo Sanchez que Zelenski. Alguien lo dudaba?", "id": "1511395737082503169", "author_id": "2910784887", "created_at": "2022-04-05T17:29:58.000Z", "edit_history_tweet_ids": ["1511395737082503169"]}, {"text": "RT @nightwaynes: He\u2019s just so cool \n\nBatman: Killing Time #2 Art by David Marquez &amp; Alejandro Sanchez https://t.co/3ykyCH0TkI", "id": "1511395597579915271", "author_id": "1238859023929290752", "created_at": "2022-04-05T17:29:25.000Z", "edit_history_tweet_ids": ["1511395597579915271"]}, {"text": "RT @Alejandro_vara: Casi ha hablado m\u00e1s tiempo Sanchez que Zelenski. Alguien lo dudaba?", "id": "1511394032919973891", "author_id": "552097170", "created_at": "2022-04-05T17:23:12.000Z", "edit_history_tweet_ids": ["1511394032919973891"]}, {"text": "RT @Alejandro_vara: Casi ha hablado m\u00e1s tiempo Sanchez que Zelenski. Alguien lo dudaba?", "id": "1511392037890924554", "author_id": "1363509309020200967", "created_at": "2022-04-05T17:15:16.000Z", "edit_history_tweet_ids": ["1511392037890924554"]}, {"text": "RT @Alejandro_vara: Casi ha hablado m\u00e1s tiempo Sanchez que Zelenski. Alguien lo dudaba?", "id": "1511391845124825092", "author_id": "3246770231", "created_at": "2022-04-05T17:14:30.000Z", "edit_history_tweet_ids": ["1511391845124825092"]}, {"text": "RT @Alejandro_vara: Casi ha hablado m\u00e1s tiempo Sanchez que Zelenski. Alguien lo dudaba?", "id": "1511391636395286532", "author_id": "393602388", "created_at": "2022-04-05T17:13:41.000Z", "edit_history_tweet_ids": ["1511391636395286532"]}, {"text": "RT @Alejandro_vara: Casi ha hablado m\u00e1s tiempo Sanchez que Zelenski. Alguien lo dudaba?", "id": "1511391608234721289", "author_id": "737719543691390977", "created_at": "2022-04-05T17:13:34.000Z", "edit_history_tweet_ids": ["1511391608234721289"]}, {"text": "RT @Alejandro_vara: Casi ha hablado m\u00e1s tiempo Sanchez que Zelenski. Alguien lo dudaba?", "id": "1511391480996409351", "author_id": "2421019796", "created_at": "2022-04-05T17:13:04.000Z", "edit_history_tweet_ids": ["1511391480996409351"]}, {"text": "RT @LiceoEuropeo: Alejandro S\u00e1nchez, uno de los creadores de @unigow_tw comparte su experiencia personal con los alumnos\u2026 \u2018La organizaci\u00f3n\u2026", "id": "1511389711880929285", "author_id": "884359260922142720", "created_at": "2022-04-05T17:06:02.000Z", "edit_history_tweet_ids": ["1511389711880929285"]}, {"text": "RT @Alejandro_vara: Casi ha hablado m\u00e1s tiempo Sanchez que Zelenski. Alguien lo dudaba?", "id": "1511389680507539459", "author_id": "874205098423046144", "created_at": "2022-04-05T17:05:54.000Z", "edit_history_tweet_ids": ["1511389680507539459"]}, {"text": "RT @Alejandro_vara: Casi ha hablado m\u00e1s tiempo Sanchez que Zelenski. Alguien lo dudaba?", "id": "1511389423799345162", "author_id": "208053476", "created_at": "2022-04-05T17:04:53.000Z", "edit_history_tweet_ids": ["1511389423799345162"]}, {"text": "RT @batmancurated: by tom king, david marquez and alejandro sanchez! https://t.co/ucixNvrG6i", "id": "1511387996830023681", "author_id": "1088547820179783681", "created_at": "2022-04-05T16:59:13.000Z", "edit_history_tweet_ids": ["1511387996830023681"]}, {"text": "RT @Alejandro_vara: Casi ha hablado m\u00e1s tiempo Sanchez que Zelenski. Alguien lo dudaba?", "id": "1511386423177453572", "author_id": "1234807005782695939", "created_at": "2022-04-05T16:52:58.000Z", "edit_history_tweet_ids": ["1511386423177453572"]}, {"text": "RT @Alejandro_vara: Casi ha hablado m\u00e1s tiempo Sanchez que Zelenski. Alguien lo dudaba?", "id": "1511382693669490700", "author_id": "911230406300770305", "created_at": "2022-04-05T16:38:08.000Z", "edit_history_tweet_ids": ["1511382693669490700"]}, {"text": "RT @Alejandro_vara: Casi ha hablado m\u00e1s tiempo Sanchez que Zelenski. Alguien lo dudaba?", "id": "1511382511468822532", "author_id": "441756277", "created_at": "2022-04-05T16:37:25.000Z", "edit_history_tweet_ids": ["1511382511468822532"]}, {"text": "RT @Alejandro_vara: Casi ha hablado m\u00e1s tiempo Sanchez que Zelenski. Alguien lo dudaba?", "id": "1511382163224244236", "author_id": "186184806", "created_at": "2022-04-05T16:36:02.000Z", "edit_history_tweet_ids": ["1511382163224244236"]}, {"text": "RT @Alejandro_vara: Casi ha hablado m\u00e1s tiempo Sanchez que Zelenski. Alguien lo dudaba?", "id": "1511381205983371271", "author_id": "2312530447", "created_at": "2022-04-05T16:32:14.000Z", "edit_history_tweet_ids": ["1511381205983371271"]}, {"text": "RT @Alejandro_vara: Casi ha hablado m\u00e1s tiempo Sanchez que Zelenski. Alguien lo dudaba?", "id": "1511380867675000839", "author_id": "1312211389", "created_at": "2022-04-05T16:30:53.000Z", "edit_history_tweet_ids": ["1511380867675000839"]}, {"text": "RT @Alejandro_vara: Casi ha hablado m\u00e1s tiempo Sanchez que Zelenski. Alguien lo dudaba?", "id": "1511380674304958470", "author_id": "919696079117082624", "created_at": "2022-04-05T16:30:07.000Z", "edit_history_tweet_ids": ["1511380674304958470"]}, {"text": "RT @Alejandro_vara: Casi ha hablado m\u00e1s tiempo Sanchez que Zelenski. Alguien lo dudaba?", "id": "1511380364492779529", "author_id": "2267768894", "created_at": "2022-04-05T16:28:53.000Z", "edit_history_tweet_ids": ["1511380364492779529"]}, {"text": "RT @Alejandro_vara: Casi ha hablado m\u00e1s tiempo Sanchez que Zelenski. Alguien lo dudaba?", "id": "1511379656703975435", "author_id": "240189558", "created_at": "2022-04-05T16:26:04.000Z", "edit_history_tweet_ids": ["1511379656703975435"]}, {"text": "RT @Alejandro_vara: Casi ha hablado m\u00e1s tiempo Sanchez que Zelenski. Alguien lo dudaba?", "id": "1511379608490414082", "author_id": "2656637294", "created_at": "2022-04-05T16:25:53.000Z", "edit_history_tweet_ids": ["1511379608490414082"]}, {"text": "RT @Alejandro_vara: Casi ha hablado m\u00e1s tiempo Sanchez que Zelenski. Alguien lo dudaba?", "id": "1511379246110941186", "author_id": "3640746975", "created_at": "2022-04-05T16:24:26.000Z", "edit_history_tweet_ids": ["1511379246110941186"]}, {"text": "RT @Alejandro_vara: Casi ha hablado m\u00e1s tiempo Sanchez que Zelenski. Alguien lo dudaba?", "id": "1511379007673098253", "author_id": "411579362", "created_at": "2022-04-05T16:23:30.000Z", "edit_history_tweet_ids": ["1511379007673098253"]}, {"text": "RT @nightwaynes: He\u2019s just so cool \n\nBatman: Killing Time #2 Art by David Marquez &amp; Alejandro Sanchez https://t.co/3ykyCH0TkI", "id": "1511378998118518795", "author_id": "4857166894", "created_at": "2022-04-05T16:23:27.000Z", "edit_history_tweet_ids": ["1511378998118518795"]}, {"text": "RT @Alejandro_vara: Casi ha hablado m\u00e1s tiempo Sanchez que Zelenski. Alguien lo dudaba?", "id": "1511378924487553026", "author_id": "1194557305653735427", "created_at": "2022-04-05T16:23:10.000Z", "edit_history_tweet_ids": ["1511378924487553026"]}, {"text": "RT @nightwaynes: He\u2019s just so cool \n\nBatman: Killing Time #2 Art by David Marquez &amp; Alejandro Sanchez https://t.co/3ykyCH0TkI", "id": "1511378249963692033", "author_id": "453551552", "created_at": "2022-04-05T16:20:29.000Z", "edit_history_tweet_ids": ["1511378249963692033"]}, {"text": "RT @Alejandro_vara: Casi ha hablado m\u00e1s tiempo Sanchez que Zelenski. Alguien lo dudaba?", "id": "1511378171077271558", "author_id": "1046874832393162752", "created_at": "2022-04-05T16:20:10.000Z", "edit_history_tweet_ids": ["1511378171077271558"]}, {"text": "He\u2019s just so cool \n\nBatman: Killing Time #2 Art by David Marquez &amp; Alejandro Sanchez https://t.co/3ykyCH0TkI", "id": "1511377300503334921", "author_id": "1233076435528622081", "created_at": "2022-04-05T16:16:43.000Z", "edit_history_tweet_ids": ["1511377300503334921"]}, {"text": "RT @Alejandro_vara: Casi ha hablado m\u00e1s tiempo Sanchez que Zelenski. Alguien lo dudaba?", "id": "1511376683336617984", "author_id": "400017205", "created_at": "2022-04-05T16:14:15.000Z", "edit_history_tweet_ids": ["1511376683336617984"]}, {"text": "RT @Alejandro_vara: Casi ha hablado m\u00e1s tiempo Sanchez que Zelenski. Alguien lo dudaba?", "id": "1511376181433667593", "author_id": "1020783600311197696", "created_at": "2022-04-05T16:12:16.000Z", "edit_history_tweet_ids": ["1511376181433667593"]}, {"text": "RT @Alejandro_vara: Casi ha hablado m\u00e1s tiempo Sanchez que Zelenski. Alguien lo dudaba?", "id": "1511375836817076229", "author_id": "416516865", "created_at": "2022-04-05T16:10:54.000Z", "edit_history_tweet_ids": ["1511375836817076229"]}, {"text": "RT @Alejandro_vara: Casi ha hablado m\u00e1s tiempo Sanchez que Zelenski. Alguien lo dudaba?", "id": "1511375082970664961", "author_id": "1177984763107381249", "created_at": "2022-04-05T16:07:54.000Z", "edit_history_tweet_ids": ["1511375082970664961"]}, {"text": "RT @Alejandro_vara: Casi ha hablado m\u00e1s tiempo Sanchez que Zelenski. Alguien lo dudaba?", "id": "1511375041874870281", "author_id": "1166265792", "created_at": "2022-04-05T16:07:44.000Z", "edit_history_tweet_ids": ["1511375041874870281"]}, {"text": "RT @Alejandro_vara: Casi ha hablado m\u00e1s tiempo Sanchez que Zelenski. Alguien lo dudaba?", "id": "1511374790111682571", "author_id": "3194880706", "created_at": "2022-04-05T16:06:44.000Z", "edit_history_tweet_ids": ["1511374790111682571"]}, {"text": "RT @Alejandro_vara: Casi ha hablado m\u00e1s tiempo Sanchez que Zelenski. Alguien lo dudaba?", "id": "1511374618380152844", "author_id": "1266267439576174594", "created_at": "2022-04-05T16:06:03.000Z", "edit_history_tweet_ids": ["1511374618380152844"]}, {"text": "RT @Alejandro_vara: Casi ha hablado m\u00e1s tiempo Sanchez que Zelenski. Alguien lo dudaba?", "id": "1511374347977515018", "author_id": "489772535", "created_at": "2022-04-05T16:04:59.000Z", "edit_history_tweet_ids": ["1511374347977515018"]}, {"text": "RT @Alejandro_vara: Casi ha hablado m\u00e1s tiempo Sanchez que Zelenski. Alguien lo dudaba?", "id": "1511374031978651652", "author_id": "1456345839354490881", "created_at": "2022-04-05T16:03:43.000Z", "edit_history_tweet_ids": ["1511374031978651652"]}, {"text": "RT @Alejandro_vara: Casi ha hablado m\u00e1s tiempo Sanchez que Zelenski. Alguien lo dudaba?", "id": "1511373226588487688", "author_id": "3034295405", "created_at": "2022-04-05T16:00:31.000Z", "edit_history_tweet_ids": ["1511373226588487688"]}, {"text": "RT @Alejandro_vara: Casi ha hablado m\u00e1s tiempo Sanchez que Zelenski. Alguien lo dudaba?", "id": "1511372902565879810", "author_id": "853694302131716097", "created_at": "2022-04-05T15:59:14.000Z", "edit_history_tweet_ids": ["1511372902565879810"]}, {"text": "RT @Alejandro_vara: Casi ha hablado m\u00e1s tiempo Sanchez que Zelenski. Alguien lo dudaba?", "id": "1511372833783529481", "author_id": "247659262", "created_at": "2022-04-05T15:58:58.000Z", "edit_history_tweet_ids": ["1511372833783529481"]}, {"text": "RT @Alejandro_vara: Casi ha hablado m\u00e1s tiempo Sanchez que Zelenski. Alguien lo dudaba?", "id": "1511372365866881034", "author_id": "600165330", "created_at": "2022-04-05T15:57:06.000Z", "edit_history_tweet_ids": ["1511372365866881034"]}, {"text": "RT @Alejandro_vara: Casi ha hablado m\u00e1s tiempo Sanchez que Zelenski. Alguien lo dudaba?", "id": "1511372127622082560", "author_id": "1413026924", "created_at": "2022-04-05T15:56:09.000Z", "edit_history_tweet_ids": ["1511372127622082560"]}, {"text": "RT @Alejandro_vara: Casi ha hablado m\u00e1s tiempo Sanchez que Zelenski. Alguien lo dudaba?", "id": "1511371054668787713", "author_id": "270487539", "created_at": "2022-04-05T15:51:54.000Z", "edit_history_tweet_ids": ["1511371054668787713"]}, {"text": "RT @Alejandro_vara: Casi ha hablado m\u00e1s tiempo Sanchez que Zelenski. Alguien lo dudaba?", "id": "1511370776859000840", "author_id": "65384731", "created_at": "2022-04-05T15:50:47.000Z", "edit_history_tweet_ids": ["1511370776859000840"]}, {"text": "RT @Alejandro_vara: Casi ha hablado m\u00e1s tiempo Sanchez que Zelenski. Alguien lo dudaba?", "id": "1511370772094373888", "author_id": "369717653", "created_at": "2022-04-05T15:50:46.000Z", "edit_history_tweet_ids": ["1511370772094373888"]}, {"text": "RT @Alejandro_vara: Casi ha hablado m\u00e1s tiempo Sanchez que Zelenski. Alguien lo dudaba?", "id": "1511370722903535623", "author_id": "1583199918", "created_at": "2022-04-05T15:50:34.000Z", "edit_history_tweet_ids": ["1511370722903535623"]}, {"text": "RT @Alejandro_vara: Casi ha hablado m\u00e1s tiempo Sanchez que Zelenski. Alguien lo dudaba?", "id": "1511370662421610507", "author_id": "2782994309", "created_at": "2022-04-05T15:50:20.000Z", "edit_history_tweet_ids": ["1511370662421610507"]}, {"text": "RT @Alejandro_vara: Casi ha hablado m\u00e1s tiempo Sanchez que Zelenski. Alguien lo dudaba?", "id": "1511370397526147077", "author_id": "200050541", "created_at": "2022-04-05T15:49:17.000Z", "edit_history_tweet_ids": ["1511370397526147077"]}, {"text": "#Cr\u00f3nicaDeBolsa \ud83d\udcc8 | Las Bolsas europeas cierran con recortes ante las dudas macro y las nuevas sanciones a Rusia. El #Ibex se desmarca con un avance del 1,2% por las subidas de las renovables y las utilities. Por Alejandro S\u00e1nchez y @ManudelaCruzM  https://t.co/wv9I91tWZW", "id": "1511370292840566786", "author_id": "14942445", "created_at": "2022-04-05T15:48:52.000Z", "edit_history_tweet_ids": ["1511370292840566786"]}, {"text": "RT @Alejandro_vara: Casi ha hablado m\u00e1s tiempo Sanchez que Zelenski. Alguien lo dudaba?", "id": "1511370231511498753", "author_id": "227555451", "created_at": "2022-04-05T15:48:37.000Z", "edit_history_tweet_ids": ["1511370231511498753"]}, {"text": "RT @Alejandro_vara: Casi ha hablado m\u00e1s tiempo Sanchez que Zelenski. Alguien lo dudaba?", "id": "1511370050535628807", "author_id": "1243909800028704768", "created_at": "2022-04-05T15:47:54.000Z", "edit_history_tweet_ids": ["1511370050535628807"]}, {"text": "RT @Alejandro_vara: Casi ha hablado m\u00e1s tiempo Sanchez que Zelenski. Alguien lo dudaba?", "id": "1511370039793967115", "author_id": "962961433", "created_at": "2022-04-05T15:47:52.000Z", "edit_history_tweet_ids": ["1511370039793967115"]}, {"text": "RT @Alejandro_vara: Casi ha hablado m\u00e1s tiempo Sanchez que Zelenski. Alguien lo dudaba?", "id": "1511369963717681152", "author_id": "1265167278", "created_at": "2022-04-05T15:47:33.000Z", "edit_history_tweet_ids": ["1511369963717681152"]}, {"text": "RT @Alejandro_vara: Casi ha hablado m\u00e1s tiempo Sanchez que Zelenski. Alguien lo dudaba?", "id": "1511369880318230530", "author_id": "1903650679", "created_at": "2022-04-05T15:47:14.000Z", "edit_history_tweet_ids": ["1511369880318230530"]}, {"text": "RT @Alejandro_vara: Casi ha hablado m\u00e1s tiempo Sanchez que Zelenski. Alguien lo dudaba?", "id": "1511369729637761025", "author_id": "78688464", "created_at": "2022-04-05T15:46:38.000Z", "edit_history_tweet_ids": ["1511369729637761025"]}, {"text": "RT @gaby_icv: \ud83d\udcdaEste martes llega un nuevo episodio de #CapitalDeLetras, no te pierdas la lectura en voz alta de los autores, Miguel Alejand\u2026", "id": "1511369668010942475", "author_id": "1288116634989686785", "created_at": "2022-04-05T15:46:23.000Z", "edit_history_tweet_ids": ["1511369668010942475"]}, {"text": "RT @Alejandro_vara: Casi ha hablado m\u00e1s tiempo Sanchez que Zelenski. Alguien lo dudaba?", "id": "1511369522560831493", "author_id": "974783574", "created_at": "2022-04-05T15:45:48.000Z", "edit_history_tweet_ids": ["1511369522560831493"]}, {"text": "RT @Alejandro_vara: Casi ha hablado m\u00e1s tiempo Sanchez que Zelenski. Alguien lo dudaba?", "id": "1511369452574683140", "author_id": "627603028", "created_at": "2022-04-05T15:45:32.000Z", "edit_history_tweet_ids": ["1511369452574683140"]}, {"text": "RT @Alejandro_vara: Casi ha hablado m\u00e1s tiempo Sanchez que Zelenski. Alguien lo dudaba?", "id": "1511369289864990729", "author_id": "385907481", "created_at": "2022-04-05T15:44:53.000Z", "edit_history_tweet_ids": ["1511369289864990729"]}, {"text": "RT @Alejandro_vara: Casi ha hablado m\u00e1s tiempo Sanchez que Zelenski. Alguien lo dudaba?", "id": "1511368956791201796", "author_id": "45088970", "created_at": "2022-04-05T15:43:33.000Z", "edit_history_tweet_ids": ["1511368956791201796"]}, {"text": "RT @Alejandro_vara: Casi ha hablado m\u00e1s tiempo Sanchez que Zelenski. Alguien lo dudaba?", "id": "1511368681317707776", "author_id": "1247229190967103490", "created_at": "2022-04-05T15:42:28.000Z", "edit_history_tweet_ids": ["1511368681317707776"]}, {"text": "\ud83d\udc49 En la media hora previa de la Sesi\u00f3n de hoy hicieron uso de la palabra los Senadores: @JorgeGandini, Carmen Asia\u00edn @casiain1, @GustavoPenades, Alejandro S\u00e1nchez @pachasanchez, \u00d3scar Andrade @Oandradelallana y Ra\u00fal Lozano @raul_lozanob.\n\nhttps://t.co/yBDBQjE5P3", "id": "1511363824422633477", "author_id": "1240724281706848261", "created_at": "2022-04-05T15:23:10.000Z", "edit_history_tweet_ids": ["1511363824422633477"]}, {"text": "Alejandro Mart\u00ednez y Ram\u00f3n S\u00e1nchez, candidatos en el Consejo de Estudiantes de la @unirioja.  https://t.co/ko5z7SPDXJ", "id": "1511361979365134337", "author_id": "374671472", "created_at": "2022-04-05T15:15:50.000Z", "edit_history_tweet_ids": ["1511361979365134337"]}, {"text": "@ Alejandro S\u00e1nchez help", "id": "1511354908460601352", "author_id": "940622868592852992", "created_at": "2022-04-05T14:47:44.000Z", "edit_history_tweet_ids": ["1511354908460601352"]}, {"text": "C.F. Jara\u00edz VS C\u00e1ceres F.C. , 1\u00aa Divisi\u00f3n Extreme\u00f1a\n\u00c1rbitro : Alejandro Molano Casas\nAsistente 1 : Alberto Garro S\u00e1nchez \nAsistente 2 : Javier V\u00e1zquez Obejero https://t.co/XlrQ2t9TDc", "id": "1511354103028494350", "author_id": "1448271746466033664", "created_at": "2022-04-05T14:44:32.000Z", "edit_history_tweet_ids": ["1511354103028494350"]}, {"text": "@gener_usuga @petrogustavo Alejandro S\u00e1nchez, preg\u00fantele eso de leg\u00edtima Defensa a PETRO en los 70 y 80 que cinismo el suyo que se la cree toda sin autoridad moral, pobre est\u00fapido y tonto", "id": "1511340953541427208", "author_id": "1431972417132507138", "created_at": "2022-04-05T13:52:17.000Z", "edit_history_tweet_ids": ["1511340953541427208"]}, {"text": "RT @gaby_icv: \ud83d\udcdaEste martes llega un nuevo episodio de #CapitalDeLetras, no te pierdas la lectura en voz alta de los autores, Miguel Alejand\u2026", "id": "1511336651468984321", "author_id": "992373278", "created_at": "2022-04-05T13:35:11.000Z", "edit_history_tweet_ids": ["1511336651468984321"]}, {"text": "\ud83d\uddf3\ufe0f Elecciones a Presidente y Mesa Permanente del Consejo @estudiantesUR\u00a0\n\nAlejandro Mart\u00ednez Grau, del Grado en Ingenier\u00eda Mec\u00e1nica, y a Ram\u00f3n S\u00e1nchez Esteban, del doble Grado en Matem\u00e1ticas e Ingenier\u00eda Inform\u00e1tica, candidatos a la Presidencia\u00a0\n\ud83d\udc47\n\u2139\ufe0fhttps://t.co/OPFtjcQ8XE https://t.co/bhwXrPg2Dd", "id": "1511335406842884106", "author_id": "115650900", "created_at": "2022-04-05T13:30:14.000Z", "edit_history_tweet_ids": ["1511335406842884106"]}, {"text": "Primer cl\u00e1sico de Alejandro Sabella en el clausura 2009 y apareci\u00f3 S\u00e1nchez Prette. Para esconder las pelotas, primero hay que tenerlas. https://t.co/jqYGdE9Zcu", "id": "1511326921656872967", "author_id": "1131952374816399361", "created_at": "2022-04-05T12:56:31.000Z", "edit_history_tweet_ids": ["1511326921656872967"]}, {"text": "Alejandro Mart\u00ednez y Ram\u00f3n S\u00e1nchez, candidatos a presidir el Consejo de Estudiantes de la @unirioja. \nhttps://t.co/Ry9xW6DqfJ", "id": "1511320497820409856", "author_id": "15995033", "created_at": "2022-04-05T12:31:00.000Z", "edit_history_tweet_ids": ["1511320497820409856"]}, {"text": "RT @frp_inicia: Emprender es construir un camino que no exist\u00eda. Alejandro Sanchez @unigow_tw con @frdelpino en @LiceoEuropeo #INICIAVALORES", "id": "1511314522371407873", "author_id": "1493572487170478084", "created_at": "2022-04-05T12:07:15.000Z", "edit_history_tweet_ids": ["1511314522371407873"]}, {"text": "RT @batmancurated: by tom king, david marquez and alejandro sanchez! https://t.co/ucixNvrG6i", "id": "1511308869452017664", "author_id": "2360830701", "created_at": "2022-04-05T11:44:47.000Z", "edit_history_tweet_ids": ["1511308869452017664"]}, {"text": "RT @batmancurated: by tom king, david marquez and alejandro sanchez! https://t.co/ucixNvrG6i", "id": "1511308054226247687", "author_id": "1388028164174196739", "created_at": "2022-04-05T11:41:33.000Z", "edit_history_tweet_ids": ["1511308054226247687"]}, {"text": "RT @oREDbra: \u2757Equipe de arbitragem para o jogo de ida das quartas-de-final da #UCL entre Liverpool e Benfica, que acontece amanh\u00e3:\n\n\ud83d\udde3\ufe0f Jes\u00fa\u2026", "id": "1511307123065606152", "author_id": "1100056277303070720", "created_at": "2022-04-05T11:37:51.000Z", "edit_history_tweet_ids": ["1511307123065606152"]}, {"text": "RT @LiceoEuropeo: Alejandro S\u00e1nchez, uno de los creadores de @unigow_tw comparte su experiencia personal con los alumnos\u2026 \u2018La organizaci\u00f3n\u2026", "id": "1511306781867261960", "author_id": "1232636792651821057", "created_at": "2022-04-05T11:36:30.000Z", "edit_history_tweet_ids": ["1511306781867261960"]}, {"text": "RT @frp_inicia: Emprender es construir un camino que no exist\u00eda. Alejandro Sanchez @unigow_tw con @frdelpino en @LiceoEuropeo #INICIAVALORES", "id": "1511302602004340736", "author_id": "75377078", "created_at": "2022-04-05T11:19:53.000Z", "edit_history_tweet_ids": ["1511302602004340736"]}, {"text": "RT @frp_inicia: Emprender es construir un camino que no exist\u00eda. Alejandro Sanchez @unigow_tw con @frdelpino en @LiceoEuropeo #INICIAVALORES", "id": "1511301611959865347", "author_id": "297409652", "created_at": "2022-04-05T11:15:57.000Z", "edit_history_tweet_ids": ["1511301611959865347"]}, {"text": "Emprender es construir un camino que no exist\u00eda. Alejandro Sanchez @unigow_tw con @frdelpino en @LiceoEuropeo #INICIAVALORES", "id": "1511301540237172738", "author_id": "973664209", "created_at": "2022-04-05T11:15:40.000Z", "edit_history_tweet_ids": ["1511301540237172738"]}, {"text": "RT @frp_inicia: Juntaros con gente que os ayude a crecer. Alejandro Sanchez @unigow_tw en @LiceoEuropeo con @frdelpino #INICIAVALORES", "id": "1511301389946920963", "author_id": "297409652", "created_at": "2022-04-05T11:15:04.000Z", "edit_history_tweet_ids": ["1511301389946920963"]}, {"text": "RT @frp_inicia: Atreveros a hacer cosas diferentes.  Alejandro Sanchez \u2066@unigow_tw\u2069 en \u2066@LiceoEuropeo\u2069 con \u2066@frdelpino\u2069 #INICIAVALORES http\u2026", "id": "1511301317377019907", "author_id": "297409652", "created_at": "2022-04-05T11:14:47.000Z", "edit_history_tweet_ids": ["1511301317377019907"]}, {"text": "RT @frp_inicia: La incertidumbre genera inseguridad. Alejandro Sanchez @unigow_tw en @LiceoEuropeo con @frdelpino #INICIAVALORES", "id": "1511300279517470720", "author_id": "75377078", "created_at": "2022-04-05T11:10:39.000Z", "edit_history_tweet_ids": ["1511300279517470720"]}, {"text": "La incertidumbre genera inseguridad. Alejandro Sanchez @unigow_tw en @LiceoEuropeo con @frdelpino #INICIAVALORES", "id": "1511300145278865410", "author_id": "973664209", "created_at": "2022-04-05T11:10:07.000Z", "edit_history_tweet_ids": ["1511300145278865410"]}, {"text": "@crstinasnchez @Javi_jiimenez Alejandro S\u00e1nchez Jim\u00e9nez.", "id": "1511295534161661956", "author_id": "1217103671751847936", "created_at": "2022-04-05T10:51:48.000Z", "edit_history_tweet_ids": ["1511295534161661956"]}, {"text": "Nada m\u00e1s acertado que estas palabras para responder a declaraciones del comunista Alejandro S\u00e1nchez https://t.co/5ZK6PfWVVI", "id": "1511293370806722569", "author_id": "1244535836890279936", "created_at": "2022-04-05T10:43:12.000Z", "edit_history_tweet_ids": ["1511293370806722569"]}, {"text": "RT @LiceoEuropeo: Alejandro S\u00e1nchez, uno de los creadores de @unigow_tw comparte su experiencia personal con los alumnos\u2026 \u2018La organizaci\u00f3n\u2026", "id": "1511284914490163208", "author_id": "1613349842", "created_at": "2022-04-05T10:09:36.000Z", "edit_history_tweet_ids": ["1511284914490163208"]}, {"text": "Alejandro S\u00e1nchez, uno de los creadores de @unigow_tw comparte su experiencia personal con los alumnos\u2026 \u2018La organizaci\u00f3n y la productividad son clave\u2019\n\n#ProgramaInicia #IniciaValores / @frp_inicia https://t.co/vJc2qVkfyN", "id": "1511284134467059712", "author_id": "297409652", "created_at": "2022-04-05T10:06:30.000Z", "edit_history_tweet_ids": ["1511284134467059712"]}, {"text": "CF Jara\u00edz VS C\u00e1ceres FC, 1\u00aa Divisi\u00f3n Extreme\u00f1a\n\u00c1rbitro: Alejandro Molano Casas\nAsistente 1: Alberto Garro S\u00e1nchez \nAsistente 2: Javier V\u00e1zquez Obejero https://t.co/lJnoUkH5QH", "id": "1511283789607092224", "author_id": "882229073631744000", "created_at": "2022-04-05T10:05:08.000Z", "edit_history_tweet_ids": ["1511283789607092224"]}, {"text": "RT @batmancurated: by tom king, david marquez and alejandro sanchez! https://t.co/ucixNvrG6i", "id": "1511276674297614337", "author_id": "1314232203518316545", "created_at": "2022-04-05T09:36:51.000Z", "edit_history_tweet_ids": ["1511276674297614337"]}, {"text": "RT @frp_inicia: Juntaros con gente que os ayude a crecer. Alejandro Sanchez @unigow_tw en @LiceoEuropeo con @frdelpino #INICIAVALORES", "id": "1511269748125974533", "author_id": "75377078", "created_at": "2022-04-05T09:09:20.000Z", "edit_history_tweet_ids": ["1511269748125974533"]}, {"text": "RT @SIJI_CSIC: Alejandro S\u00e1nchez Berrocal comienza su ponencia \ud83d\ude0d\ud83e\udd70 https://t.co/wO1g5QaPu1", "id": "1511268734928891908", "author_id": "267620219", "created_at": "2022-04-05T09:05:19.000Z", "edit_history_tweet_ids": ["1511268734928891908"]}, {"text": "RT @frp_inicia: Atreveros a hacer cosas diferentes.  Alejandro Sanchez \u2066@unigow_tw\u2069 en \u2066@LiceoEuropeo\u2069 con \u2066@frdelpino\u2069 #INICIAVALORES http\u2026", "id": "1511268733053976582", "author_id": "75377078", "created_at": "2022-04-05T09:05:18.000Z", "edit_history_tweet_ids": ["1511268733053976582"]}], "meta": {"newest_id": "1511402764294930437", "oldest_id": "1511268733053976582", "result_count": 100, "next_token": "b26v89c19zqg8o3fpytlfs6zfkpjfts8iwmkhh5c9r3b1"}}