{"data": [{"id": "1508838667384729603", "created_at": "2022-03-29T16:09:05.000Z", "author_id": "1375363579", "text": "RT @chucho_cuerero: Fue \u201cun favor\u201d que Alejandro Gertz Manero le pidi\u00f3 a Julio Scherer, al cual se neg\u00f3 por ser ilegal: impedir que Laura M\u2026", "edit_history_tweet_ids": ["1508838667384729603"]}, {"id": "1508838373087191043", "created_at": "2022-03-29T16:07:55.000Z", "author_id": "1507218100428713987", "text": "RT @chucho_cuerero: Fue \u201cun favor\u201d que Alejandro Gertz Manero le pidi\u00f3 a Julio Scherer, al cual se neg\u00f3 por ser ilegal: impedir que Laura M\u2026", "edit_history_tweet_ids": ["1508838373087191043"]}, {"id": "1508837855606591493", "created_at": "2022-03-29T16:05:52.000Z", "author_id": "1423196413", "text": "RT @expansioncom: #Cr\u00f3nicaDeBolsa \ud83d\udcc8 | Las Bolsas europeas cierran con subidas cercanas al 3% ante los avances en las negociaciones de paz.\u2026", "edit_history_tweet_ids": ["1508837855606591493"]}, {"id": "1508836867558547456", "created_at": "2022-03-29T16:01:56.000Z", "author_id": "1303714697733079040", "text": "Fue \u201cun favor\u201d que Alejandro Gertz Manero le pidi\u00f3 a Julio Scherer, al cual se neg\u00f3 por ser ilegal: impedir que Laura Mor\u00e1n, cu\u00f1ada de Gertz, y su hija, Alejandra Cuevas Mor\u00e1n, obtuvieran un amparo.\nhttps://t.co/qplKzRPTeG", "edit_history_tweet_ids": ["1508836867558547456"]}, {"id": "1508834880783798276", "created_at": "2022-03-29T15:54:03.000Z", "author_id": "137375100", "text": "RT @expansioncom: #Cr\u00f3nicaDeBolsa \ud83d\udcc8 | Las Bolsas europeas cierran con subidas cercanas al 3% ante los avances en las negociaciones de paz.\u2026", "edit_history_tweet_ids": ["1508834880783798276"]}, {"id": "1508834641985384452", "created_at": "2022-03-29T15:53:06.000Z", "author_id": "14942445", "text": "#Cr\u00f3nicaDeBolsa \ud83d\udcc8 | Las Bolsas europeas cierran con subidas cercanas al 3% ante los avances en las negociaciones de paz. El #Ibex, en su tercera jornada al alza, se ha anotado un repunte del 2,98%. Por Alejandro S\u00e1nchez y @ManudelaCruzM en #expansioncom https://t.co/I1n1XCPlWY", "edit_history_tweet_ids": ["1508834641985384452"]}, {"id": "1508833924482408460", "created_at": "2022-03-29T15:50:15.000Z", "author_id": "1263928723411292161", "text": "RT @maximiliano1_mx: Capitana villista Dolores S\u00e1nchez Dom\u00ednguez. Muri\u00f3 en el a\u00f1o de 1915 en las Batallas de Celaya. \n\nFotograf\u00eda in\u00e9dita p\u2026", "edit_history_tweet_ids": ["1508833924482408460"]}, {"id": "1508833050150404101", "created_at": "2022-03-29T15:46:46.000Z", "author_id": "2269175378", "text": "RT @maximiliano1_mx: Capitana villista Dolores S\u00e1nchez Dom\u00ednguez. Muri\u00f3 en el a\u00f1o de 1915 en las Batallas de Celaya. \n\nFotograf\u00eda in\u00e9dita p\u2026", "edit_history_tweet_ids": ["1508833050150404101"]}, {"id": "1508829841952546822", "created_at": "2022-03-29T15:34:01.000Z", "author_id": "1237782101463834624", "text": "Como me gustan las variant covers! Aqu\u00ed, Art Adams con Alejandro S\u00e1nchez Rodr\u00edguez https://t.co/WS9PbbIaVb", "edit_history_tweet_ids": ["1508829841952546822"]}, {"id": "1508829695961358343", "created_at": "2022-03-29T15:33:26.000Z", "author_id": "1417968409938169858", "text": "RT @maximiliano1_mx: Capitana villista Dolores S\u00e1nchez Dom\u00ednguez. Muri\u00f3 en el a\u00f1o de 1915 en las Batallas de Celaya. \n\nFotograf\u00eda in\u00e9dita p\u2026", "edit_history_tweet_ids": ["1508829695961358343"]}, {"id": "1508827525522333701", "created_at": "2022-03-29T15:24:49.000Z", "author_id": "14051638", "text": "RT @Reysol_x: @CarlosLoret Chido, los primeros consejeros ser\u00e1n Jos\u00e9 Ram\u00f3n L\u00f3pez Beltr\u00e1n, Alejandro Gertz, Arturo Zald\u00edvar, Olga S\u00e1nchez y\u2026", "edit_history_tweet_ids": ["1508827525522333701"]}, {"id": "1508826242845450248", "created_at": "2022-03-29T15:19:43.000Z", "author_id": "166669532", "text": "RT @maximiliano1_mx: Capitana villista Dolores S\u00e1nchez Dom\u00ednguez. Muri\u00f3 en el a\u00f1o de 1915 en las Batallas de Celaya. \n\nFotograf\u00eda in\u00e9dita p\u2026", "edit_history_tweet_ids": ["1508826242845450248"]}, {"id": "1508822644703047688", "created_at": "2022-03-29T15:05:25.000Z", "author_id": "1287315193", "text": "@CarlosLoret Chido, los primeros consejeros ser\u00e1n Jos\u00e9 Ram\u00f3n L\u00f3pez Beltr\u00e1n, Alejandro Gertz, Arturo Zald\u00edvar, Olga S\u00e1nchez y agreguen a los dem\u00e1s", "edit_history_tweet_ids": ["1508822644703047688"]}, {"id": "1508821376613896206", "created_at": "2022-03-29T15:00:23.000Z", "author_id": "1423196413", "text": "RT @expansioncom: \ud83d\udd34 Los mensajes de las negociaciones sobre Ucrania apuntan hacia nuevos avances, y despejan el camino para las subidas en\u2026", "edit_history_tweet_ids": ["1508821376613896206"]}, {"id": "1508818321713553411", "created_at": "2022-03-29T14:48:15.000Z", "author_id": "938280225443647489", "text": "RT @maximiliano1_mx: Capitana villista Dolores S\u00e1nchez Dom\u00ednguez. Muri\u00f3 en el a\u00f1o de 1915 en las Batallas de Celaya. \n\nFotograf\u00eda in\u00e9dita p\u2026", "edit_history_tweet_ids": ["1508818321713553411"]}, {"id": "1508814249417658383", "created_at": "2022-03-29T14:32:04.000Z", "author_id": "3356648093", "text": "RT @LuisBasteiro: \ud83c\uddea\ud83c\uddf8 OFICIAL | XI de la @SeFutbol Sub-21 para el partido ante Eslovaquia\n\n\ud83e\udde4 Joan Garc\u00eda\n\n\ud83d\udee1\ufe0f Juan Miranda, Jon Pacheco, Alej\u2026", "edit_history_tweet_ids": ["1508814249417658383"]}, {"id": "1508813499752931341", "created_at": "2022-03-29T14:29:05.000Z", "author_id": "2787797810", "text": "RT @DelSolUy: HOY \u2192 Alejandro S\u00e1nchez en @FacilDesviarse \n\n\ud83d\udcf2 https://t.co/M5z7djADv5\n\ud83d\udcfb 99.5 FM https://t.co/RlWUo7ffxs", "edit_history_tweet_ids": ["1508813499752931341"]}, {"id": "1508811734747955210", "created_at": "2022-03-29T14:22:04.000Z", "author_id": "151012568", "text": "RT @LuisBasteiro: \ud83c\uddea\ud83c\uddf8 OFICIAL | XI de la @SeFutbol Sub-21 para el partido ante Eslovaquia\n\n\ud83e\udde4 Joan Garc\u00eda\n\n\ud83d\udee1\ufe0f Juan Miranda, Jon Pacheco, Alej\u2026", "edit_history_tweet_ids": ["1508811734747955210"]}, {"id": "1508806110446243849", "created_at": "2022-03-29T13:59:43.000Z", "author_id": "370029665", "text": "RT @LuisBasteiro: \ud83c\uddea\ud83c\uddf8 OFICIAL | XI de la @SeFutbol Sub-21 para el partido ante Eslovaquia\n\n\ud83e\udde4 Joan Garc\u00eda\n\n\ud83d\udee1\ufe0f Juan Miranda, Jon Pacheco, Alej\u2026", "edit_history_tweet_ids": ["1508806110446243849"]}, {"id": "1508803591343071233", "created_at": "2022-03-29T13:49:43.000Z", "author_id": "21058929", "text": "RT @maximiliano1_mx: Capitana villista Dolores S\u00e1nchez Dom\u00ednguez. Muri\u00f3 en el a\u00f1o de 1915 en las Batallas de Celaya. \n\nFotograf\u00eda in\u00e9dita p\u2026", "edit_history_tweet_ids": ["1508803591343071233"]}, {"id": "1508803166875312129", "created_at": "2022-03-29T13:48:01.000Z", "author_id": "436425580", "text": "RT @fanysantiagof: La democracia gan\u00f3 en Santa Cruz Xoxocotl\u00e1n, Oaxaca y Chiconamel, Veracruz en las elecciones extraordinarias que se llev\u2026", "edit_history_tweet_ids": ["1508803166875312129"]}, {"id": "1508802514568765448", "created_at": "2022-03-29T13:45:26.000Z", "author_id": "4710147691", "text": "RT @maximiliano1_mx: Capitana villista Dolores S\u00e1nchez Dom\u00ednguez. Muri\u00f3 en el a\u00f1o de 1915 en las Batallas de Celaya. \n\nFotograf\u00eda in\u00e9dita p\u2026", "edit_history_tweet_ids": ["1508802514568765448"]}, {"id": "1508800955973877763", "created_at": "2022-03-29T13:39:14.000Z", "author_id": "75927801", "text": "RT @maximiliano1_mx: Capitana villista Dolores S\u00e1nchez Dom\u00ednguez. Muri\u00f3 en el a\u00f1o de 1915 en las Batallas de Celaya. \n\nFotograf\u00eda in\u00e9dita p\u2026", "edit_history_tweet_ids": ["1508800955973877763"]}, {"id": "1508797475338940418", "created_at": "2022-03-29T13:25:24.000Z", "author_id": "1234101200917794817", "text": "RT @M24radio: \ud83c\udf99\ufe0f \"Esta es una gran epopeya de los an\u00f3nimos\", asegur\u00f3 Alejandro \"Pacha\" S\u00e1nchez la ma\u00f1ana despu\u00e9s del refer\u00e9ndum en @NadaQue\u2026", "edit_history_tweet_ids": ["1508797475338940418"]}, {"id": "1508796952414105601", "created_at": "2022-03-29T13:23:20.000Z", "author_id": "119545041", "text": "RT @fanysantiagof: La democracia gan\u00f3 en Santa Cruz Xoxocotl\u00e1n, Oaxaca y Chiconamel, Veracruz en las elecciones extraordinarias que se llev\u2026", "edit_history_tweet_ids": ["1508796952414105601"]}, {"id": "1508794450927050762", "created_at": "2022-03-29T13:13:23.000Z", "author_id": "105532240", "text": "RT @cuestion_p: En esta foto de la cuenta @HenirLlanos se ve a Guti\u00e9rrez, su candidato a vice Rodrigo Lara S\u00e1nchez y a Alejandro Char. http\u2026", "edit_history_tweet_ids": ["1508794450927050762"]}, {"id": "1508792921428004866", "created_at": "2022-03-29T13:07:19.000Z", "author_id": "223647359", "text": "RT @LuisBasteiro: \ud83c\uddea\ud83c\uddf8 OFICIAL | XI de la @SeFutbol Sub-21 para el partido ante Eslovaquia\n\n\ud83e\udde4 Joan Garc\u00eda\n\n\ud83d\udee1\ufe0f Juan Miranda, Jon Pacheco, Alej\u2026", "edit_history_tweet_ids": ["1508792921428004866"]}, {"id": "1508791166040522757", "created_at": "2022-03-29T13:00:20.000Z", "author_id": "2303353000", "text": "RT @LuisBasteiro: \ud83c\uddea\ud83c\uddf8 OFICIAL | XI de la @SeFutbol Sub-21 para el partido ante Eslovaquia\n\n\ud83e\udde4 Joan Garc\u00eda\n\n\ud83d\udee1\ufe0f Juan Miranda, Jon Pacheco, Alej\u2026", "edit_history_tweet_ids": ["1508791166040522757"]}, {"id": "1508789355082567690", "created_at": "2022-03-29T12:53:08.000Z", "author_id": "333125233", "text": "\ud83c\uddea\ud83c\uddf8 - \ud83c\uddf8\ud83c\uddf0 \n\ud83c\udfdf MSK ZILINA\n\ud83c\udfc6 Fase de Clasificaci\u00f3n #U21EURO \n\n\ud83e\udde4 Joan Garc\u00eda\n\n\ud83d\udee1 Juan Miranda, Jon Pacheco, Alejandro Franc\u00e9s, V\u00edctor G\u00f3mez\n\n\ud83e\udde0 Nico Gonz\u00e1lez, Antonio Blanco, Rodri S\u00e1nchez \n\n\ud83c\udfaf Bryan Gil, Abel Ruiz, Sergio G\u00f3mez https://t.co/tHsEveXOHz", "edit_history_tweet_ids": ["1508789355082567690"]}, {"id": "1508787564098035723", "created_at": "2022-03-29T12:46:01.000Z", "author_id": "14942445", "text": "\ud83d\udd34 Los mensajes de las negociaciones sobre Ucrania apuntan hacia nuevos avances, y despejan el camino para las subidas en los mercados, superiores incluso al 3% en Europa. El #Ibex acelera en su tercera jornada al alza. Por Alejandro S\u00e1nchez #expansioncom https://t.co/I1n1XCPlWY", "edit_history_tweet_ids": ["1508787564098035723"]}, {"id": "1508787445881524227", "created_at": "2022-03-29T12:45:33.000Z", "author_id": "856208544", "text": "RT @LuisBasteiro: \ud83c\uddea\ud83c\uddf8 OFICIAL | XI de la @SeFutbol Sub-21 para el partido ante Eslovaquia\n\n\ud83e\udde4 Joan Garc\u00eda\n\n\ud83d\udee1\ufe0f Juan Miranda, Jon Pacheco, Alej\u2026", "edit_history_tweet_ids": ["1508787445881524227"]}, {"id": "1508786092396486661", "created_at": "2022-03-29T12:40:10.000Z", "author_id": "1423196413", "text": "RT @expansioncom: El mercado de #criptomonedas recupera los dos billones de d\u00f3lares de capitalizaci\u00f3n gracias a una remontada en la que vue\u2026", "edit_history_tweet_ids": ["1508786092396486661"]}, {"id": "1508786063686483971", "created_at": "2022-03-29T12:40:04.000Z", "author_id": "286248859", "text": "RT @LuisBasteiro: \ud83c\uddea\ud83c\uddf8 OFICIAL | XI de la @SeFutbol Sub-21 para el partido ante Eslovaquia\n\n\ud83e\udde4 Joan Garc\u00eda\n\n\ud83d\udee1\ufe0f Juan Miranda, Jon Pacheco, Alej\u2026", "edit_history_tweet_ids": ["1508786063686483971"]}, {"id": "1508785292924313607", "created_at": "2022-03-29T12:37:00.000Z", "author_id": "1234484987707166721", "text": "RT @LuisBasteiro: \ud83c\uddea\ud83c\uddf8 OFICIAL | XI de la @SeFutbol Sub-21 para el partido ante Eslovaquia\n\n\ud83e\udde4 Joan Garc\u00eda\n\n\ud83d\udee1\ufe0f Juan Miranda, Jon Pacheco, Alej\u2026", "edit_history_tweet_ids": ["1508785292924313607"]}, {"id": "1508784877080137730", "created_at": "2022-03-29T12:35:21.000Z", "author_id": "182330628", "text": "RT @LuisBasteiro: \ud83c\uddea\ud83c\uddf8 OFICIAL | XI de la @SeFutbol Sub-21 para el partido ante Eslovaquia\n\n\ud83e\udde4 Joan Garc\u00eda\n\n\ud83d\udee1\ufe0f Juan Miranda, Jon Pacheco, Alej\u2026", "edit_history_tweet_ids": ["1508784877080137730"]}, {"id": "1508784845480251408", "created_at": "2022-03-29T12:35:13.000Z", "author_id": "182501483", "text": "RT @LuisBasteiro: \ud83c\uddea\ud83c\uddf8 OFICIAL | XI de la @SeFutbol Sub-21 para el partido ante Eslovaquia\n\n\ud83e\udde4 Joan Garc\u00eda\n\n\ud83d\udee1\ufe0f Juan Miranda, Jon Pacheco, Alej\u2026", "edit_history_tweet_ids": ["1508784845480251408"]}, {"id": "1508784820364759048", "created_at": "2022-03-29T12:35:07.000Z", "author_id": "413234800", "text": "\ud83c\uddea\ud83c\uddf8 OFICIAL | XI de la @SeFutbol Sub-21 para el partido ante Eslovaquia\n\n\ud83e\udde4 Joan Garc\u00eda\n\n\ud83d\udee1\ufe0f Juan Miranda, Jon Pacheco, Alejandro Franc\u00e9s y V\u00edctor G\u00f3mez \n\n\ud83d\udc5f Nico Gonz\u00e1lez, Antonio Blanco y Rodri S\u00e1nchez\n\n\u26bd Bryan Gil, Abel Ruiz (C) y Sergio G\u00f3mez\n\n#U21EURO https://t.co/Ra1u3W2UxO", "edit_history_tweet_ids": ["1508784820364759048"]}, {"id": "1508780663880794116", "created_at": "2022-03-29T12:18:36.000Z", "author_id": "311509151", "text": "Los Guardianes de la colmena realizan rescates de Colmenas de abejas en zonas Urbanas, re insert\u00e1ndolas en la naturaleza. Adem\u00e1s tambi\u00e9n trabajan con la apicultura biodinamica y el asesoramiento en Apicultura.  @ivoox  https://t.co/pH7WDvYRMo", "edit_history_tweet_ids": ["1508780663880794116"]}, {"id": "1508778854441136134", "created_at": "2022-03-29T12:11:25.000Z", "author_id": "233024109", "text": "RT @maximiliano1_mx: Capitana villista Dolores S\u00e1nchez Dom\u00ednguez. Muri\u00f3 en el a\u00f1o de 1915 en las Batallas de Celaya. \n\nFotograf\u00eda in\u00e9dita p\u2026", "edit_history_tweet_ids": ["1508778854441136134"]}, {"id": "1508776768219537419", "created_at": "2022-03-29T12:03:07.000Z", "author_id": "753924308", "text": "RT @maximiliano1_mx: Capitana villista Dolores S\u00e1nchez Dom\u00ednguez. Muri\u00f3 en el a\u00f1o de 1915 en las Batallas de Celaya. \n\nFotograf\u00eda in\u00e9dita p\u2026", "edit_history_tweet_ids": ["1508776768219537419"]}, {"id": "1508776537998467077", "created_at": "2022-03-29T12:02:13.000Z", "author_id": "143991172", "text": "RT @maximiliano1_mx: Capitana villista Dolores S\u00e1nchez Dom\u00ednguez. Muri\u00f3 en el a\u00f1o de 1915 en las Batallas de Celaya. \n\nFotograf\u00eda in\u00e9dita p\u2026", "edit_history_tweet_ids": ["1508776537998467077"]}, {"id": "1508767772041355265", "created_at": "2022-03-29T11:27:23.000Z", "author_id": "1418322462211723265", "text": "RT @maximiliano1_mx: Capitana villista Dolores S\u00e1nchez Dom\u00ednguez. Muri\u00f3 en el a\u00f1o de 1915 en las Batallas de Celaya. \n\nFotograf\u00eda in\u00e9dita p\u2026", "edit_history_tweet_ids": ["1508767772041355265"]}, {"id": "1508767768660828167", "created_at": "2022-03-29T11:27:22.000Z", "author_id": "2889552161", "text": "Alejandro Moreno S\u00e1nchez  En el cap\u00edtulo 40 de La Inicial Escarlata estreno secci\u00f3n llamada La Biblioteca Negra de\u2026 y en este primer episodio tendremos a la escritora y podcaster, Ana Ballabriga, par...  via @AlexMorenoSchez https://t.co/iN3zib6ycV", "edit_history_tweet_ids": ["1508767768660828167"]}, {"id": "1508767619314171905", "created_at": "2022-03-29T11:26:46.000Z", "author_id": "29975728", "text": "@NicoCalvaoVizc @gbianchi404 @Nataliabrites5 Cu\u00e1ntos proyectos presentaron Astori, Bergara, Andrade, Alejandro S\u00e1nchez, Mujica, Topolansky, Olesker?", "edit_history_tweet_ids": ["1508767619314171905"]}, {"id": "1508763825037848579", "created_at": "2022-03-29T11:11:42.000Z", "author_id": "14942445", "text": "El mercado de #criptomonedas recupera los dos billones de d\u00f3lares de capitalizaci\u00f3n gracias a una remontada en la que vuelve a brillar una divisa digital de origen ucraniano disparada desde el inicio de la guerra. Por Alejandro S\u00e1nchez en #expansioncom https://t.co/znpgynIayi", "edit_history_tweet_ids": ["1508763825037848579"]}, {"id": "1508760938610102277", "created_at": "2022-03-29T11:00:13.000Z", "author_id": "1296169255", "text": "RT @maximiliano1_mx: Capitana villista Dolores S\u00e1nchez Dom\u00ednguez. Muri\u00f3 en el a\u00f1o de 1915 en las Batallas de Celaya. \n\nFotograf\u00eda in\u00e9dita p\u2026", "edit_history_tweet_ids": ["1508760938610102277"]}, {"id": "1508745568822124546", "created_at": "2022-03-29T09:59:09.000Z", "author_id": "888418921233211392", "text": "RT @fanysantiagof: La democracia gan\u00f3 en Santa Cruz Xoxocotl\u00e1n, Oaxaca y Chiconamel, Veracruz en las elecciones extraordinarias que se llev\u2026", "edit_history_tweet_ids": ["1508745568822124546"]}, {"id": "1508743449603936262", "created_at": "2022-03-29T09:50:44.000Z", "author_id": "2731609377", "text": "RT @maximiliano1_mx: Capitana villista Dolores S\u00e1nchez Dom\u00ednguez. Muri\u00f3 en el a\u00f1o de 1915 en las Batallas de Celaya. \n\nFotograf\u00eda in\u00e9dita p\u2026", "edit_history_tweet_ids": ["1508743449603936262"]}, {"id": "1508734814119157763", "created_at": "2022-03-29T09:16:25.000Z", "author_id": "543283972", "text": "RT @TriPortocolom: El 10 de abril contaremos con Alejandro S\u00e1nchez Palomero en la l\u00ednea de salida del 55.5. Uno de los mejores paratriatlet\u2026", "edit_history_tweet_ids": ["1508734814119157763"]}, {"id": "1508732444291313674", "created_at": "2022-03-29T09:07:00.000Z", "author_id": "217359240", "text": "RT @TriPortocolom: El 10 de abril contaremos con Alejandro S\u00e1nchez Palomero en la l\u00ednea de salida del 55.5. Uno de los mejores paratriatlet\u2026", "edit_history_tweet_ids": ["1508732444291313674"]}, {"id": "1508731880409079812", "created_at": "2022-03-29T09:04:45.000Z", "author_id": "442538662", "text": "RT @maximiliano1_mx: Capitana villista Dolores S\u00e1nchez Dom\u00ednguez. Muri\u00f3 en el a\u00f1o de 1915 en las Batallas de Celaya. \n\nFotograf\u00eda in\u00e9dita p\u2026", "edit_history_tweet_ids": ["1508731880409079812"]}, {"id": "1508726152600469506", "created_at": "2022-03-29T08:42:00.000Z", "author_id": "1245693470", "text": "El 10 de abril contaremos con Alejandro S\u00e1nchez Palomero en la l\u00ednea de salida del 55.5. Uno de los mejores paratriatletas a nivel mundial y un enamorado de Portocolom. \n\n\u00a1Qu\u00e9 ganas de verle d\u00e1ndolo todo! https://t.co/L3ae2JO4o5", "edit_history_tweet_ids": ["1508726152600469506"]}, {"id": "1508709064888532994", "created_at": "2022-03-29T07:34:06.000Z", "author_id": "401889371", "text": "RT @inurrieta: OPINI\u00d3N | Mucha publicidad y poca realidad en las medidas del presidente S\u00e1nchez, por Alejandro Inurrieta @inurrieta https:/\u2026", "edit_history_tweet_ids": ["1508709064888532994"]}, {"id": "1508706805219684352", "created_at": "2022-03-29T07:25:07.000Z", "author_id": "770611136492285952", "text": "RT @maximiliano1_mx: Capitana villista Dolores S\u00e1nchez Dom\u00ednguez. Muri\u00f3 en el a\u00f1o de 1915 en las Batallas de Celaya. \n\nFotograf\u00eda in\u00e9dita p\u2026", "edit_history_tweet_ids": ["1508706805219684352"]}, {"id": "1508704869380767746", "created_at": "2022-03-29T07:17:25.000Z", "author_id": "445109986", "text": "RT @maximiliano1_mx: Capitana villista Dolores S\u00e1nchez Dom\u00ednguez. Muri\u00f3 en el a\u00f1o de 1915 en las Batallas de Celaya. \n\nFotograf\u00eda in\u00e9dita p\u2026", "edit_history_tweet_ids": ["1508704869380767746"]}, {"id": "1508703523449749508", "created_at": "2022-03-29T07:12:05.000Z", "author_id": "333094121", "text": "RT @sindolafuente: OPINI\u00d3N | Mucha publicidad y poca realidad en las medidas del presidente S\u00e1nchez, por Alejandro Inurrieta @inurrieta htt\u2026", "edit_history_tweet_ids": ["1508703523449749508"]}, {"id": "1508703046137700357", "created_at": "2022-03-29T07:10:11.000Z", "author_id": "333094121", "text": "RT @inurrieta: OPINI\u00d3N | Mucha publicidad y poca realidad en las medidas del presidente S\u00e1nchez, por Alejandro Inurrieta @inurrieta https:/\u2026", "edit_history_tweet_ids": ["1508703046137700357"]}, {"id": "1508702293503447047", "created_at": "2022-03-29T07:07:11.000Z", "author_id": "805200140340494336", "text": "RT @maximiliano1_mx: Capitana villista Dolores S\u00e1nchez Dom\u00ednguez. Muri\u00f3 en el a\u00f1o de 1915 en las Batallas de Celaya. \n\nFotograf\u00eda in\u00e9dita p\u2026", "edit_history_tweet_ids": ["1508702293503447047"]}, {"id": "1508700635994234880", "created_at": "2022-03-29T07:00:36.000Z", "author_id": "15644202", "text": "OPINI\u00d3N | Mucha publicidad y poca realidad en las medidas del presidente S\u00e1nchez, por Alejandro Inurrieta @inurrieta https://t.co/vUw2H1UB62 v\u00eda @eldiarioes", "edit_history_tweet_ids": ["1508700635994234880"]}, {"id": "1508700244359495680", "created_at": "2022-03-29T06:59:03.000Z", "author_id": "236807336", "text": "OPINI\u00d3N | Mucha publicidad y poca realidad en las medidas del presidente S\u00e1nchez, por Alejandro Inurrieta @inurrieta https://t.co/tgeddp9Poh via @eldiarioes", "edit_history_tweet_ids": ["1508700244359495680"]}, {"id": "1508700204698157057", "created_at": "2022-03-29T06:58:53.000Z", "author_id": "15644202", "text": "RT @sindolafuente: OPINI\u00d3N | Mucha publicidad y poca realidad en las medidas del presidente S\u00e1nchez, por Alejandro Inurrieta @inurrieta htt\u2026", "edit_history_tweet_ids": ["1508700204698157057"]}, {"id": "1508697400612986884", "created_at": "2022-03-29T06:47:45.000Z", "author_id": "290256603", "text": "RT @maximiliano1_mx: Capitana villista Dolores S\u00e1nchez Dom\u00ednguez. Muri\u00f3 en el a\u00f1o de 1915 en las Batallas de Celaya. \n\nFotograf\u00eda in\u00e9dita p\u2026", "edit_history_tweet_ids": ["1508697400612986884"]}, {"id": "1508695868903501836", "created_at": "2022-03-29T06:41:40.000Z", "author_id": "2941216533", "text": "RT @maximiliano1_mx: Capitana villista Dolores S\u00e1nchez Dom\u00ednguez. Muri\u00f3 en el a\u00f1o de 1915 en las Batallas de Celaya. \n\nFotograf\u00eda in\u00e9dita p\u2026", "edit_history_tweet_ids": ["1508695868903501836"]}, {"id": "1508695486802321411", "created_at": "2022-03-29T06:40:08.000Z", "author_id": "77470801", "text": "RT @sindolafuente: OPINI\u00d3N | Mucha publicidad y poca realidad en las medidas del presidente S\u00e1nchez, por Alejandro Inurrieta @inurrieta htt\u2026", "edit_history_tweet_ids": ["1508695486802321411"]}, {"id": "1508694891517431809", "created_at": "2022-03-29T06:37:46.000Z", "author_id": "301042338", "text": "Mucha publicidad y poca realidad en las medidas del presidente S\u00e1nchez, por Alejandro Inurrieta @inurrieta https://t.co/HuKdmQOWmQ a trav\u00e9s de @eldiarioes", "edit_history_tweet_ids": ["1508694891517431809"]}, {"id": "1508694859707789316", "created_at": "2022-03-29T06:37:39.000Z", "author_id": "15565721", "text": "OPINI\u00d3N | Mucha publicidad y poca realidad en las medidas del presidente S\u00e1nchez, por Alejandro Inurrieta @inurrieta https://t.co/7Kj1cJEoZm v\u00eda @eldiarioes", "edit_history_tweet_ids": ["1508694859707789316"]}, {"id": "1508694426176176129", "created_at": "2022-03-29T06:35:56.000Z", "author_id": "873810037", "text": "RT @maximiliano1_mx: Capitana villista Dolores S\u00e1nchez Dom\u00ednguez. Muri\u00f3 en el a\u00f1o de 1915 en las Batallas de Celaya. \n\nFotograf\u00eda in\u00e9dita p\u2026", "edit_history_tweet_ids": ["1508694426176176129"]}, {"id": "1508688881247526915", "created_at": "2022-03-29T06:13:54.000Z", "author_id": "1259292423789953024", "text": "RT @maximiliano1_mx: Capitana villista Dolores S\u00e1nchez Dom\u00ednguez. Muri\u00f3 en el a\u00f1o de 1915 en las Batallas de Celaya. \n\nFotograf\u00eda in\u00e9dita p\u2026", "edit_history_tweet_ids": ["1508688881247526915"]}, {"id": "1508685894202572805", "created_at": "2022-03-29T06:02:01.000Z", "author_id": "14051638", "text": "RT @IsraelKano: @CaraveoBertha habla de la corrupci\u00f3n que impera en el gobierno de @lopezobrador_ y si no me cre\u00e9 preguntele Julio Scherer\u2026", "edit_history_tweet_ids": ["1508685894202572805"]}, {"id": "1508685712098484227", "created_at": "2022-03-29T06:01:18.000Z", "author_id": "14051638", "text": "RT @gilbertoperez: \ud83d\udc49 Cuatro MUY CERCANOS funcionarios de L\u00f3pez Obrador (S\u00e1nchez Cordero, Alejandro Gertz, Julio Scherer y Santiago Nieto) s\u2026", "edit_history_tweet_ids": ["1508685712098484227"]}, {"id": "1508683851073306633", "created_at": "2022-03-29T05:53:54.000Z", "author_id": "368474662", "text": "RT @maximiliano1_mx: Capitana villista Dolores S\u00e1nchez Dom\u00ednguez. Muri\u00f3 en el a\u00f1o de 1915 en las Batallas de Celaya. \n\nFotograf\u00eda in\u00e9dita p\u2026", "edit_history_tweet_ids": ["1508683851073306633"]}, {"id": "1508681453852311553", "created_at": "2022-03-29T05:44:23.000Z", "author_id": "1245837459679858690", "text": "RT @fanysantiagof: La democracia gan\u00f3 en Santa Cruz Xoxocotl\u00e1n, Oaxaca y Chiconamel, Veracruz en las elecciones extraordinarias que se llev\u2026", "edit_history_tweet_ids": ["1508681453852311553"]}, {"id": "1508681299921358851", "created_at": "2022-03-29T05:43:46.000Z", "author_id": "2450504768", "text": "RT @maximiliano1_mx: Capitana villista Dolores S\u00e1nchez Dom\u00ednguez. Muri\u00f3 en el a\u00f1o de 1915 en las Batallas de Celaya. \n\nFotograf\u00eda in\u00e9dita p\u2026", "edit_history_tweet_ids": ["1508681299921358851"]}, {"id": "1508681292031877122", "created_at": "2022-03-29T05:43:44.000Z", "author_id": "100179371", "text": "RT @maximiliano1_mx: Capitana villista Dolores S\u00e1nchez Dom\u00ednguez. Muri\u00f3 en el a\u00f1o de 1915 en las Batallas de Celaya. \n\nFotograf\u00eda in\u00e9dita p\u2026", "edit_history_tweet_ids": ["1508681292031877122"]}, {"id": "1508680304587911178", "created_at": "2022-03-29T05:39:49.000Z", "author_id": "1483667346539622400", "text": "@DonVocero \"Dolor testicular\" \u00f3 \"Ya no tuve de otra\".. \" M\u00e1xima presi\u00f3n\" ...\" Ni p\u00e9x!\". Pepto Bismol o Inmodium para Alejandro Gertz Manero que a su vez tiene agarrado de salva sea la parte a AMLO m\u00e1s lo que sabe J.Sherer y S\u00e1nchez Cordero y as\u00ed bien \" bonitos\" agarraditos de \"ah\u00ed\" !!", "edit_history_tweet_ids": ["1508680304587911178"]}, {"id": "1508678725277261825", "created_at": "2022-03-29T05:33:32.000Z", "author_id": "62926011", "text": "RT @maximiliano1_mx: Capitana villista Dolores S\u00e1nchez Dom\u00ednguez. Muri\u00f3 en el a\u00f1o de 1915 en las Batallas de Celaya. \n\nFotograf\u00eda in\u00e9dita p\u2026", "edit_history_tweet_ids": ["1508678725277261825"]}, {"id": "1508677919735836672", "created_at": "2022-03-29T05:30:20.000Z", "author_id": "4589971289", "text": "OPINI\u00d3N | Mucha publicidad y poca realidad en las medidas del presidente S\u00e1nchez, por Alejandro Inurrieta @inurrieta https://t.co/Tz2n193SFj a trav\u00e9s de @eldiarioes", "edit_history_tweet_ids": ["1508677919735836672"]}, {"id": "1508674813845557248", "created_at": "2022-03-29T05:18:00.000Z", "author_id": "1496355233924059137", "text": "RT @maximiliano1_mx: Capitana villista Dolores S\u00e1nchez Dom\u00ednguez. Muri\u00f3 en el a\u00f1o de 1915 en las Batallas de Celaya. \n\nFotograf\u00eda in\u00e9dita p\u2026", "edit_history_tweet_ids": ["1508674813845557248"]}, {"id": "1508674813040246784", "created_at": "2022-03-29T05:17:59.000Z", "author_id": "159972757", "text": "RT @maximiliano1_mx: Capitana villista Dolores S\u00e1nchez Dom\u00ednguez. Muri\u00f3 en el a\u00f1o de 1915 en las Batallas de Celaya. \n\nFotograf\u00eda in\u00e9dita p\u2026", "edit_history_tweet_ids": ["1508674813040246784"]}, {"id": "1508673926116880387", "created_at": "2022-03-29T05:14:28.000Z", "author_id": "2233025652", "text": "RT @maximiliano1_mx: Capitana villista Dolores S\u00e1nchez Dom\u00ednguez. Muri\u00f3 en el a\u00f1o de 1915 en las Batallas de Celaya. \n\nFotograf\u00eda in\u00e9dita p\u2026", "edit_history_tweet_ids": ["1508673926116880387"]}, {"id": "1508673615142821889", "created_at": "2022-03-29T05:13:14.000Z", "author_id": "516912942", "text": "RT @maximiliano1_mx: Capitana villista Dolores S\u00e1nchez Dom\u00ednguez. Muri\u00f3 en el a\u00f1o de 1915 en las Batallas de Celaya. \n\nFotograf\u00eda in\u00e9dita p\u2026", "edit_history_tweet_ids": ["1508673615142821889"]}, {"id": "1508672641124769796", "created_at": "2022-03-29T05:09:22.000Z", "author_id": "959215653239574528", "text": "RT @maximiliano1_mx: Capitana villista Dolores S\u00e1nchez Dom\u00ednguez. Muri\u00f3 en el a\u00f1o de 1915 en las Batallas de Celaya. \n\nFotograf\u00eda in\u00e9dita p\u2026", "edit_history_tweet_ids": ["1508672641124769796"]}, {"id": "1508672499894128645", "created_at": "2022-03-29T05:08:48.000Z", "author_id": "281579151", "text": "RT @maximiliano1_mx: Capitana villista Dolores S\u00e1nchez Dom\u00ednguez. Muri\u00f3 en el a\u00f1o de 1915 en las Batallas de Celaya. \n\nFotograf\u00eda in\u00e9dita p\u2026", "edit_history_tweet_ids": ["1508672499894128645"]}, {"id": "1508672253285879808", "created_at": "2022-03-29T05:07:49.000Z", "author_id": "714283115259109376", "text": "RT @maximiliano1_mx: Capitana villista Dolores S\u00e1nchez Dom\u00ednguez. Muri\u00f3 en el a\u00f1o de 1915 en las Batallas de Celaya. \n\nFotograf\u00eda in\u00e9dita p\u2026", "edit_history_tweet_ids": ["1508672253285879808"]}, {"id": "1508671961878081537", "created_at": "2022-03-29T05:06:40.000Z", "author_id": "1500798416095309828", "text": "RT @maximiliano1_mx: Capitana villista Dolores S\u00e1nchez Dom\u00ednguez. Muri\u00f3 en el a\u00f1o de 1915 en las Batallas de Celaya. \n\nFotograf\u00eda in\u00e9dita p\u2026", "edit_history_tweet_ids": ["1508671961878081537"]}, {"id": "1508671887844458499", "created_at": "2022-03-29T05:06:22.000Z", "author_id": "57301443", "text": "RT @madridfusion: \ud83d\udccdEscenario Polivalente \ud83d\udc68\u200d\ud83c\udf73 Alejandro S\u00e1nchez y \u201cNueva cocina marinera\u201d @saboresalmeria en #madridfusion2022 https://t.co/\u2026", "edit_history_tweet_ids": ["1508671887844458499"]}, {"id": "1508671386339975168", "created_at": "2022-03-29T05:04:22.000Z", "author_id": "149649917", "text": "RT @maximiliano1_mx: Capitana villista Dolores S\u00e1nchez Dom\u00ednguez. Muri\u00f3 en el a\u00f1o de 1915 en las Batallas de Celaya. \n\nFotograf\u00eda in\u00e9dita p\u2026", "edit_history_tweet_ids": ["1508671386339975168"]}, {"id": "1508669667178602496", "created_at": "2022-03-29T04:57:33.000Z", "author_id": "1199186328", "text": "RT @maximiliano1_mx: Capitana villista Dolores S\u00e1nchez Dom\u00ednguez. Muri\u00f3 en el a\u00f1o de 1915 en las Batallas de Celaya. \n\nFotograf\u00eda in\u00e9dita p\u2026", "edit_history_tweet_ids": ["1508669667178602496"]}, {"id": "1508667545703927810", "created_at": "2022-03-29T04:49:07.000Z", "author_id": "790743656441323520", "text": "RT @SDAyR_GTO: Nuestro Secretario se reuni\u00f3 con los Alcaldes de San Luis de la Paz, Gerardo Sanch\u00e9z ; Villagr\u00e1n, Juan Lara; Salvatierra, @g\u2026", "edit_history_tweet_ids": ["1508667545703927810"]}, {"id": "1508666738975682560", "created_at": "2022-03-29T04:45:54.000Z", "author_id": "90050668", "text": "RT @maximiliano1_mx: Capitana villista Dolores S\u00e1nchez Dom\u00ednguez. Muri\u00f3 en el a\u00f1o de 1915 en las Batallas de Celaya. \n\nFotograf\u00eda in\u00e9dita p\u2026", "edit_history_tweet_ids": ["1508666738975682560"]}, {"id": "1508666533609979907", "created_at": "2022-03-29T04:45:05.000Z", "author_id": "889266791507267585", "text": "RT @maximiliano1_mx: Capitana villista Dolores S\u00e1nchez Dom\u00ednguez. Muri\u00f3 en el a\u00f1o de 1915 en las Batallas de Celaya. \n\nFotograf\u00eda in\u00e9dita p\u2026", "edit_history_tweet_ids": ["1508666533609979907"]}, {"id": "1508666457667866624", "created_at": "2022-03-29T04:44:47.000Z", "author_id": "633413508", "text": "RT @maximiliano1_mx: Capitana villista Dolores S\u00e1nchez Dom\u00ednguez. Muri\u00f3 en el a\u00f1o de 1915 en las Batallas de Celaya. \n\nFotograf\u00eda in\u00e9dita p\u2026", "edit_history_tweet_ids": ["1508666457667866624"]}, {"id": "1508664298637348867", "created_at": "2022-03-29T04:36:13.000Z", "author_id": "1315081007318675456", "text": "RT @maximiliano1_mx: Capitana villista Dolores S\u00e1nchez Dom\u00ednguez. Muri\u00f3 en el a\u00f1o de 1915 en las Batallas de Celaya. \n\nFotograf\u00eda in\u00e9dita p\u2026", "edit_history_tweet_ids": ["1508664298637348867"]}, {"id": "1508662759151783936", "created_at": "2022-03-29T04:30:06.000Z", "author_id": "15489607", "text": "RT @maximiliano1_mx: Capitana villista Dolores S\u00e1nchez Dom\u00ednguez. Muri\u00f3 en el a\u00f1o de 1915 en las Batallas de Celaya. \n\nFotograf\u00eda in\u00e9dita p\u2026", "edit_history_tweet_ids": ["1508662759151783936"]}, {"id": "1508662616557768704", "created_at": "2022-03-29T04:29:32.000Z", "author_id": "84255991", "text": "RT @maximiliano1_mx: Capitana villista Dolores S\u00e1nchez Dom\u00ednguez. Muri\u00f3 en el a\u00f1o de 1915 en las Batallas de Celaya. \n\nFotograf\u00eda in\u00e9dita p\u2026", "edit_history_tweet_ids": ["1508662616557768704"]}, {"id": "1508660633268457472", "created_at": "2022-03-29T04:21:39.000Z", "author_id": "342337219", "text": "RT @maximiliano1_mx: Capitana villista Dolores S\u00e1nchez Dom\u00ednguez. Muri\u00f3 en el a\u00f1o de 1915 en las Batallas de Celaya. \n\nFotograf\u00eda in\u00e9dita p\u2026", "edit_history_tweet_ids": ["1508660633268457472"]}, {"id": "1508657818454343682", "created_at": "2022-03-29T04:10:28.000Z", "author_id": "114246289", "text": "RT @maximiliano1_mx: Capitana villista Dolores S\u00e1nchez Dom\u00ednguez. Muri\u00f3 en el a\u00f1o de 1915 en las Batallas de Celaya. \n\nFotograf\u00eda in\u00e9dita p\u2026", "edit_history_tweet_ids": ["1508657818454343682"]}, {"id": "1508656938342662146", "created_at": "2022-03-29T04:06:58.000Z", "author_id": "802690732637175808", "text": "RT @maximiliano1_mx: Capitana villista Dolores S\u00e1nchez Dom\u00ednguez. Muri\u00f3 en el a\u00f1o de 1915 en las Batallas de Celaya. \n\nFotograf\u00eda in\u00e9dita p\u2026", "edit_history_tweet_ids": ["1508656938342662146"]}, {"id": "1508653258964975621", "created_at": "2022-03-29T03:52:21.000Z", "author_id": "183240366", "text": "RT @maximiliano1_mx: Capitana villista Dolores S\u00e1nchez Dom\u00ednguez. Muri\u00f3 en el a\u00f1o de 1915 en las Batallas de Celaya. \n\nFotograf\u00eda in\u00e9dita p\u2026", "edit_history_tweet_ids": ["1508653258964975621"]}, {"id": "1508652779711217667", "created_at": "2022-03-29T03:50:26.000Z", "author_id": "1641833022", "text": "RT @maximiliano1_mx: Capitana villista Dolores S\u00e1nchez Dom\u00ednguez. Muri\u00f3 en el a\u00f1o de 1915 en las Batallas de Celaya. \n\nFotograf\u00eda in\u00e9dita p\u2026", "edit_history_tweet_ids": ["1508652779711217667"]}], "meta": {"newest_id": "1508838667384729603", "oldest_id": "1508652779711217667", "result_count": 100, "next_token": "b26v89c19zqg8o3fpyqom7xzcjlvy2lbotnoh97rotoxp"}}