{"data": [{"created_at": "2022-03-26T15:52:43.000Z", "id": "1507747384369033222", "edit_history_tweet_ids": ["1507747384369033222"], "text": "RT @voz_populi: \u270d\ufe0f OPINI\u00d3N | \"Desde mucho tiempo antes de lo de Putin, el mensajero del miedo golpeaba las puertas cada fin de mes en forma\u2026", "author_id": "1242193612340965378"}, {"created_at": "2022-03-26T15:44:09.000Z", "id": "1507745229419515909", "edit_history_tweet_ids": ["1507745229419515909"], "text": "RT @voz_populi: \u270d\ufe0f OPINI\u00d3N | \"Desde mucho tiempo antes de lo de Putin, el mensajero del miedo golpeaba las puertas cada fin de mes en forma\u2026", "author_id": "1361647995943550978"}, {"created_at": "2022-03-26T15:43:26.000Z", "id": "1507745045398568971", "edit_history_tweet_ids": ["1507745045398568971"], "text": "RT @voz_populi: \u270d\ufe0f OPINI\u00d3N | \"Desde mucho tiempo antes de lo de Putin, el mensajero del miedo golpeaba las puertas cada fin de mes en forma\u2026", "author_id": "962082232692297728"}, {"created_at": "2022-03-26T15:23:52.000Z", "id": "1507740122837663744", "edit_history_tweet_ids": ["1507740122837663744"], "text": "RT @voz_populi: \u270d\ufe0f OPINI\u00d3N | \"Desde mucho tiempo antes de lo de Putin, el mensajero del miedo golpeaba las puertas cada fin de mes en forma\u2026", "author_id": "576680777"}, {"created_at": "2022-03-26T15:08:57.000Z", "id": "1507736368260255747", "edit_history_tweet_ids": ["1507736368260255747"], "text": "RT @voz_populi: \u270d\ufe0f OPINI\u00d3N | \"Desde mucho tiempo antes de lo de Putin, el mensajero del miedo golpeaba las puertas cada fin de mes en forma\u2026", "author_id": "1265304829"}, {"created_at": "2022-03-26T15:08:28.000Z", "id": "1507736246755414025", "edit_history_tweet_ids": ["1507736246755414025"], "text": "RT @voz_populi: \u270d\ufe0f OPINI\u00d3N | \"Desde mucho tiempo antes de lo de Putin, el mensajero del miedo golpeaba las puertas cada fin de mes en forma\u2026", "author_id": "743728296"}, {"created_at": "2022-03-26T15:07:37.000Z", "id": "1507736035228327945", "edit_history_tweet_ids": ["1507736035228327945"], "text": "RT @voz_populi: \u270d\ufe0f OPINI\u00d3N | \"Desde mucho tiempo antes de lo de Putin, el mensajero del miedo golpeaba las puertas cada fin de mes en forma\u2026", "author_id": "1473716633856319500"}, {"created_at": "2022-03-26T15:06:52.000Z", "id": "1507735844500692998", "edit_history_tweet_ids": ["1507735844500692998"], "text": "RT @voz_populi: \u270d\ufe0f OPINI\u00d3N | \"Desde mucho tiempo antes de lo de Putin, el mensajero del miedo golpeaba las puertas cada fin de mes en forma\u2026", "author_id": "3910066539"}, {"created_at": "2022-03-26T15:05:55.000Z", "id": "1507735606880780296", "edit_history_tweet_ids": ["1507735606880780296"], "text": "@Gonzalo_Te_Ve @Alejandro_vara @PSOE No se, no se. Como he le\u00eddo en otro art\u00edculo, S\u00e1nchez tiene baraka.", "author_id": "1321801597048000512"}, {"created_at": "2022-03-26T15:03:49.000Z", "id": "1507735077870002186", "edit_history_tweet_ids": ["1507735077870002186"], "text": "RT @voz_populi: \u270d\ufe0f OPINI\u00d3N | \"Desde mucho tiempo antes de lo de Putin, el mensajero del miedo golpeaba las puertas cada fin de mes en forma\u2026", "author_id": "1094766765018615815"}, {"created_at": "2022-03-26T15:03:25.000Z", "id": "1507734975214493697", "edit_history_tweet_ids": ["1507734975214493697"], "text": "RT @voz_populi: \u270d\ufe0f OPINI\u00d3N | \"Desde mucho tiempo antes de lo de Putin, el mensajero del miedo golpeaba las puertas cada fin de mes en forma\u2026", "author_id": "722509830037053440"}, {"created_at": "2022-03-26T15:02:03.000Z", "id": "1507734634624438284", "edit_history_tweet_ids": ["1507734634624438284"], "text": "RT @voz_populi: \u270d\ufe0f OPINI\u00d3N | \"Desde mucho tiempo antes de lo de Putin, el mensajero del miedo golpeaba las puertas cada fin de mes en forma\u2026", "author_id": "101470168"}, {"created_at": "2022-03-26T15:00:38.000Z", "id": "1507734275537395721", "edit_history_tweet_ids": ["1507734275537395721"], "text": "\u270d\ufe0f OPINI\u00d3N | \"Desde mucho tiempo antes de lo de Putin, el mensajero del miedo golpeaba las puertas cada fin de mes en forma de recibo de la luz o del gas\"\n\n\ud83d\udc49 Por @Alejandro_vara\n\nhttps://t.co/CtoSCb2jVp", "author_id": "368889720"}, {"created_at": "2022-03-26T14:57:52.000Z", "id": "1507733580746797059", "edit_history_tweet_ids": ["1507733580746797059"], "text": "RT @pilarmarcosd: R\u00e9quiem por S\u00e1nchez \n@Alejandro_vara \n\n\u201cEntr\u00f3 en La Moncloa por la trampilla y saldr\u00e1 por la alcantarilla. Una nube de in\u2026", "author_id": "1484972393995067392"}, {"created_at": "2022-03-26T14:55:33.000Z", "id": "1507732998044663818", "edit_history_tweet_ids": ["1507732998044663818"], "text": "RT @Dama_Cristal: R\u00e9quiem por S\u00e1nchez por @Alejandro_vara https://t.co/574OlbjXnA v\u00eda @voz_populi", "author_id": "1475853748287246340"}, {"created_at": "2022-03-26T14:50:12.000Z", "id": "1507731649555050504", "edit_history_tweet_ids": ["1507731649555050504"], "text": "RT @Dama_Cristal: R\u00e9quiem por S\u00e1nchez por @Alejandro_vara https://t.co/574OlbjXnA v\u00eda @voz_populi", "author_id": "3821894602"}, {"created_at": "2022-03-26T14:49:45.000Z", "id": "1507731536640192512", "edit_history_tweet_ids": ["1507731536640192512"], "text": "@Gonzalo_Te_Ve @Alejandro_vara @PSOE es incre\u00edble la de gente que ha intentado dar por muerto a S\u00e1nchez todos estos a\u00f1os. Todos se han equivocado, desde el principio, sin excepci\u00f3n ....", "author_id": "1475899187153756166"}, {"created_at": "2022-03-26T14:42:55.000Z", "id": "1507729817969471497", "edit_history_tweet_ids": ["1507729817969471497"], "text": "RT @uwc_mexico: Estas son las acciones del Primer Round del combate de Alejandro S\u00e1nchez vs Stiven Valencia\ud83d\udc4a.\n\n#uwc32 #2022esnuestro https:\u2026", "author_id": "865947935267106817"}, {"created_at": "2022-03-26T14:42:39.000Z", "id": "1507729752534126593", "edit_history_tweet_ids": ["1507729752534126593"], "text": "RT @uwc_mexico: Les dejamos las acciones del tercer y \u00faltimo round de la pelea estelar de la noche donde Alejandro S\u00e1nchez se lleva la vict\u2026", "author_id": "865947935267106817"}, {"created_at": "2022-03-26T14:39:59.000Z", "id": "1507729080942313473", "edit_history_tweet_ids": ["1507729080942313473"], "text": "RT @BenditalocuraAt: El 26.3.1995 el @Atleti y el @ManCity empataron a 1 en un partido amistoso jugado en Cartagena. El gol rojiblanco fue\u2026", "author_id": "1427888686318985218"}, {"created_at": "2022-03-26T14:37:25.000Z", "id": "1507728432423186440", "edit_history_tweet_ids": ["1507728432423186440"], "text": "RT @AProgresistaVE: #Video| Alejandro S\u00e1nchez Secretario General de #AvanzadaProgresista #Zulia en la DNA: \u201cSiento orgullo de pertenecer al\u2026", "author_id": "1258084195437629442"}, {"created_at": "2022-03-26T14:20:48.000Z", "id": "1507724252853714944", "edit_history_tweet_ids": ["1507724252853714944"], "text": "RT @ismartin_amoros: CINCO LOBITOS i Laia Costa conquereixen el #25FestivalMalaga: Millor pel\u00b7l\u00edcula, actriu (ex aequo amb Susi S\u00e1nchez), g\u2026", "author_id": "742463539336646658"}, {"created_at": "2022-03-26T13:47:26.000Z", "id": "1507715856888999939", "edit_history_tweet_ids": ["1507715856888999939"], "text": "RT @AProgresistaVE: #Video| Alejandro S\u00e1nchez Secretario General de #AvanzadaProgresista #Zulia en la DNA: \u201cSiento orgullo de pertenecer al\u2026", "author_id": "1493936032378765315"}, {"created_at": "2022-03-26T13:44:34.000Z", "id": "1507715135195992072", "edit_history_tweet_ids": ["1507715135195992072"], "text": "Juan Matas y Alejandro S\u00e1nchez brillan en Alto Campoo https://t.co/YQLEwZO76z via @bejar", "author_id": "1029647773191352320"}, {"created_at": "2022-03-26T13:37:36.000Z", "id": "1507713379812581382", "edit_history_tweet_ids": ["1507713379812581382"], "text": "RT @ismartin_amoros: CINCO LOBITOS i Laia Costa conquereixen el #25FestivalMalaga: Millor pel\u00b7l\u00edcula, actriu (ex aequo amb Susi S\u00e1nchez), g\u2026", "author_id": "301306928"}, {"created_at": "2022-03-26T13:36:17.000Z", "id": "1507713047489564672", "edit_history_tweet_ids": ["1507713047489564672"], "text": "RT @ismartin_amoros: CINCO LOBITOS i Laia Costa conquereixen el #25FestivalMalaga: Millor pel\u00b7l\u00edcula, actriu (ex aequo amb Susi S\u00e1nchez), g\u2026", "author_id": "404817610"}, {"created_at": "2022-03-26T13:32:44.000Z", "id": "1507712153612132354", "edit_history_tweet_ids": ["1507712153612132354"], "text": "RT @nowmedia_tv: #ALAIRE Informativo fin de Semana\n\nUn recuento informativo de todo el acontecer en M\u00e9xico y los Estados Unidos. Una co-pro\u2026", "author_id": "73622364"}, {"created_at": "2022-03-26T13:23:03.000Z", "id": "1507709719850409995", "edit_history_tweet_ids": ["1507709719850409995"], "text": "RT @BenditalocuraAt: El 26.3.1995 el @Atleti y el @ManCity empataron a 1 en un partido amistoso jugado en Cartagena. El gol rojiblanco fue\u2026", "author_id": "457073935"}, {"created_at": "2022-03-26T13:10:34.000Z", "id": "1507706576169320454", "edit_history_tweet_ids": ["1507706576169320454"], "text": "RT @nowmedia_tv: NOTICIERO FIN DE SEMANA - con Sofia Garcia @SofiGarciaMX y Alejandro Sanchez @AlexSanchezMx @findesemanaHmx https://t.co/F\u2026", "author_id": "172628759"}, {"created_at": "2022-03-26T13:09:37.000Z", "id": "1507706338092191757", "edit_history_tweet_ids": ["1507706338092191757"], "text": "RT @revistaetcetera: \u26d4MENTIRA 2: Tengo cosas \u201cm\u00e1s importantes\u201d que atender que la confrontaci\u00f3n entre Julio Scherer, Alejandro Gertz Manero\u2026", "author_id": "137924902"}, {"created_at": "2022-03-26T13:08:51.000Z", "id": "1507706144906752005", "edit_history_tweet_ids": ["1507706144906752005"], "text": "RT @nowmedia_tv: NOTICIERO FIN DE SEMANA - con Sofia Garcia @SofiGarciaMX y Alejandro Sanchez @AlexSanchezMx @findesemanaHmx https://t.co/F\u2026", "author_id": "73622364"}, {"created_at": "2022-03-26T13:08:41.000Z", "id": "1507706101910880257", "edit_history_tweet_ids": ["1507706101910880257"], "text": "RT @nowmedia_tv: NOTICIERO FIN DE SEMANA - con Sofia Garcia @SofiGarciaMX y Alejandro Sanchez @AlexSanchezMx @findesemanaHmx https://t.co/0\u2026", "author_id": "73622364"}, {"created_at": "2022-03-26T13:02:20.000Z", "id": "1507704503436460032", "edit_history_tweet_ids": ["1507704503436460032"], "text": "#ALAIRE Informativo fin de Semana\n\nUn recuento informativo de todo el acontecer en M\u00e9xico y los Estados Unidos. Una co-produccion de NowMedia Television con Heraldo Media Group, conducido por Sofia Garcia y Alejandro Sanchez.\nEscucha en \u25b6\ufe0f\ud83d\udd25 https://t.co/Xv5Qbhjgqx \ud83d\ude80\ud83c\udf99\ufe0f https://t.co/9XUDJcbfrY", "author_id": "1343348319070920704"}, {"created_at": "2022-03-26T13:02:19.000Z", "id": "1507704500236300288", "edit_history_tweet_ids": ["1507704500236300288"], "text": "#ALAIRE Informativo fin de Semana\n\nUn recuento informativo de todo el acontecer en M\u00e9xico y los Estados Unidos. Una co-produccion de NowMedia Television con Heraldo Media Group, conducido por Sofia Garcia y Alejandro Sanchez.\nEscucha en \u25b6\ufe0f\ud83d\udd25 https://t.co/VZPqxECwGY \ud83d\ude80\ud83c\udf99\ufe0f https://t.co/kh0ulS07uY", "author_id": "1271892386755629061"}, {"created_at": "2022-03-26T13:00:11.000Z", "id": "1507703964250218498", "edit_history_tweet_ids": ["1507703964250218498"], "text": "NOTICIERO FIN DE SEMANA - con Sofia Garcia @SofiGarciaMX y Alejandro Sanchez @AlexSanchezMx @findesemanaHmx https://t.co/FHPTRQF17c", "author_id": "1271892386755629061"}, {"created_at": "2022-03-26T12:50:59.000Z", "id": "1507701649539747841", "edit_history_tweet_ids": ["1507701649539747841"], "text": "RT @AProgresistaVE: #Video| Alejandro S\u00e1nchez Secretario General de #AvanzadaProgresista #Zulia en la DNA: \u201cSiento orgullo de pertenecer al\u2026", "author_id": "253194862"}, {"created_at": "2022-03-26T12:48:56.000Z", "id": "1507701132029800449", "edit_history_tweet_ids": ["1507701132029800449"], "text": "RT @ismartin_amoros: CINCO LOBITOS i Laia Costa conquereixen el #25FestivalMalaga: Millor pel\u00b7l\u00edcula, actriu (ex aequo amb Susi S\u00e1nchez), g\u2026", "author_id": "260687518"}, {"created_at": "2022-03-26T12:48:07.000Z", "id": "1507700927888773123", "edit_history_tweet_ids": ["1507700927888773123"], "text": "RT @pilarmarcosd: R\u00e9quiem por S\u00e1nchez \n@Alejandro_vara \n\n\u201cEntr\u00f3 en La Moncloa por la trampilla y saldr\u00e1 por la alcantarilla. Una nube de in\u2026", "author_id": "3086495507"}, {"created_at": "2022-03-26T12:43:48.000Z", "id": "1507699839722786817", "edit_history_tweet_ids": ["1507699839722786817"], "text": "RT @ismartin_amoros: CINCO LOBITOS i Laia Costa conquereixen el #25FestivalMalaga: Millor pel\u00b7l\u00edcula, actriu (ex aequo amb Susi S\u00e1nchez), g\u2026", "author_id": "734709961230536704"}, {"created_at": "2022-03-26T12:25:41.000Z", "id": "1507695283936894976", "edit_history_tweet_ids": ["1507695283936894976"], "text": "RT @AProgresistaVE: #Video| Alejandro S\u00e1nchez Secretario General de #AvanzadaProgresista #Zulia en la DNA: \u201cSiento orgullo de pertenecer al\u2026", "author_id": "1403478978028085249"}, {"created_at": "2022-03-26T12:23:53.000Z", "id": "1507694830771744779", "edit_history_tweet_ids": ["1507694830771744779"], "text": "RT @ismartin_amoros: CINCO LOBITOS i Laia Costa conquereixen el #25FestivalMalaga: Millor pel\u00b7l\u00edcula, actriu (ex aequo amb Susi S\u00e1nchez), g\u2026", "author_id": "1603818288"}, {"created_at": "2022-03-26T12:22:11.000Z", "id": "1507694401040039942", "edit_history_tweet_ids": ["1507694401040039942"], "text": "CINCO LOBITOS i Laia Costa conquereixen el #25FestivalMalaga: Millor pel\u00b7l\u00edcula, actriu (ex aequo amb Susi S\u00e1nchez), gui\u00f3 i P.P\u00fablic.\nUTAMA Direcci\u00f3 (Alejandro Loayza) i film iberoameric\u00e0.\nP.Especial Jurat per la catalana MI VAC\u00cdO Y YO i Meritxell Colell millor direcci\u00f3 Zonazine. https://t.co/WnrbWz4at9", "author_id": "3158213034"}, {"created_at": "2022-03-26T12:14:18.000Z", "id": "1507692415548854274", "edit_history_tweet_ids": ["1507692415548854274"], "text": "R\u00e9quiem por S\u00e1nchez por @Alejandro_vara https://t.co/574OlbjXnA v\u00eda @voz_populi", "author_id": "70214437"}, {"created_at": "2022-03-26T12:01:44.000Z", "id": "1507689253949657095", "edit_history_tweet_ids": ["1507689253949657095"], "text": "RT @BenditalocuraAt: El 26.3.1995 el @Atleti y el @ManCity empataron a 1 en un partido amistoso jugado en Cartagena. El gol rojiblanco fue\u2026", "author_id": "2364662607"}, {"created_at": "2022-03-26T12:00:33.000Z", "id": "1507688955831111682", "edit_history_tweet_ids": ["1507688955831111682"], "text": "Comparto art\u00edculo: Gesti\u00f3n del mantenimiento y la industria 4.0 Maintenance management and industry 4.0\nHERRERA-S\u00c1NCHEZ, Gustavo\u2020*, MOR\u00c1N-BRAVO, Luz del Carmen, GALLARDO-NAVARRO, Jos\u00e9 Luis y SILVA-JU\u00c1REZ, Alejandro https://t.co/7oqVwtFGN2", "author_id": "1115979596892180480"}, {"created_at": "2022-03-26T12:00:03.000Z", "id": "1507688829309784067", "edit_history_tweet_ids": ["1507688829309784067"], "text": "NOTICIERO FIN DE SEMANA - con Sofia Garcia @SofiGarciaMX y Alejandro Sanchez @AlexSanchezMx @findesemanaHmx https://t.co/0wwbl7H7Xq", "author_id": "1271892386755629061"}, {"created_at": "2022-03-26T11:57:22.000Z", "id": "1507688156128292866", "edit_history_tweet_ids": ["1507688156128292866"], "text": "RT @pilarmarcosd: R\u00e9quiem por S\u00e1nchez \n@Alejandro_vara \n\n\u201cEntr\u00f3 en La Moncloa por la trampilla y saldr\u00e1 por la alcantarilla. Una nube de in\u2026", "author_id": "1389255201996034049"}, {"created_at": "2022-03-26T11:41:31.000Z", "id": "1507684164975353856", "edit_history_tweet_ids": ["1507684164975353856"], "text": "El 26.3.1995 el @Atleti y el @ManCity empataron a 1 en un partido amistoso jugado en Cartagena. El gol rojiblanco fue obra de Alejandro S\u00e1nchez, aprovechando un pase de @Simeone prolongado de tac\u00f3n por Toni.\n#TalD\u00edaComoHoy\n#HistoriaATM\n#ManchesterCityAtleti https://t.co/bBsJJpJQ1r", "author_id": "819507014401486849"}, {"created_at": "2022-03-26T11:33:04.000Z", "id": "1507682040073891842", "edit_history_tweet_ids": ["1507682040073891842"], "text": "RT @voz_populi: \u270d\ufe0f OPINI\u00d3N | \"Desde mucho tiempo antes de lo de Putin, el mensajero del miedo golpeaba las puertas cada fin de mes en forma\u2026", "author_id": "1649885016"}, {"created_at": "2022-03-26T11:13:31.000Z", "id": "1507677119744286723", "edit_history_tweet_ids": ["1507677119744286723"], "text": "RT @voz_populi: \u270d\ufe0f OPINI\u00d3N | \"Desde mucho tiempo antes de lo de Putin, el mensajero del miedo golpeaba las puertas cada fin de mes en forma\u2026", "author_id": "78688464"}, {"created_at": "2022-03-26T11:06:50.000Z", "id": "1507675440495931394", "edit_history_tweet_ids": ["1507675440495931394"], "text": "RT @AProgresistaVE: #Video| Alejandro S\u00e1nchez Secretario General de #AvanzadaProgresista #Zulia en la DNA: \u201cSiento orgullo de pertenecer al\u2026", "author_id": "367701562"}, {"created_at": "2022-03-26T10:51:53.000Z", "id": "1507671675424448513", "edit_history_tweet_ids": ["1507671675424448513"], "text": "RT @AProgresistaVE: #Video| Alejandro S\u00e1nchez Secretario General de #AvanzadaProgresista #Zulia en la DNA: \u201cSiento orgullo de pertenecer al\u2026", "author_id": "1269267870086766595"}, {"created_at": "2022-03-26T10:49:40.000Z", "id": "1507671117879820291", "edit_history_tweet_ids": ["1507671117879820291"], "text": "RT @AProgresistaVE: #Video| Alejandro S\u00e1nchez Secretario General de #AvanzadaProgresista #Zulia en la DNA: \u201cSiento orgullo de pertenecer al\u2026", "author_id": "1492337802507431936"}, {"created_at": "2022-03-26T10:46:14.000Z", "id": "1507670254708834307", "edit_history_tweet_ids": ["1507670254708834307"], "text": "RT @pilarmarcosd: R\u00e9quiem por S\u00e1nchez \n@Alejandro_vara \n\n\u201cEntr\u00f3 en La Moncloa por la trampilla y saldr\u00e1 por la alcantarilla. Una nube de in\u2026", "author_id": "1423781102"}, {"created_at": "2022-03-26T09:49:57.000Z", "id": "1507656088317042690", "edit_history_tweet_ids": ["1507656088317042690"], "text": "RT @voz_populi: \u270d\ufe0f OPINI\u00d3N | \"Desde mucho tiempo antes de lo de Putin, el mensajero del miedo golpeaba las puertas cada fin de mes en forma\u2026", "author_id": "2513025367"}, {"created_at": "2022-03-26T09:47:40.000Z", "id": "1507655516578881536", "edit_history_tweet_ids": ["1507655516578881536"], "text": "RT @voz_populi: \u270d\ufe0f OPINI\u00d3N | \"Desde mucho tiempo antes de lo de Putin, el mensajero del miedo golpeaba las puertas cada fin de mes en forma\u2026", "author_id": "452339526"}, {"created_at": "2022-03-26T09:43:42.000Z", "id": "1507654515671060480", "edit_history_tweet_ids": ["1507654515671060480"], "text": "RT @voz_populi: \u270d\ufe0f OPINI\u00d3N | \"Desde mucho tiempo antes de lo de Putin, el mensajero del miedo golpeaba las puertas cada fin de mes en forma\u2026", "author_id": "926361144"}, {"created_at": "2022-03-26T09:39:35.000Z", "id": "1507653480965722115", "edit_history_tweet_ids": ["1507653480965722115"], "text": "Esto de Jos\u00e9 Alejandro Vara, en Vozp\u00f3puli, genial. Al filibustero de S\u00e1nchez pocos le compran ya sus enga\u00f1os, la desconfianza es tal que los acuerdos son papel mojado, las promesas palabras que se las lleva el viento y su mera presencia irrita por su afectada teatralidad. https://t.co/rCaXBFsW3b", "author_id": "1254473290757914624"}, {"created_at": "2022-03-26T09:37:04.000Z", "id": "1507652849899085825", "edit_history_tweet_ids": ["1507652849899085825"], "text": "RT @pilarmarcosd: R\u00e9quiem por S\u00e1nchez \n@Alejandro_vara \n\n\u201cEntr\u00f3 en La Moncloa por la trampilla y saldr\u00e1 por la alcantarilla. Una nube de in\u2026", "author_id": "244235605"}, {"created_at": "2022-03-26T09:27:12.000Z", "id": "1507650364862091271", "edit_history_tweet_ids": ["1507650364862091271"], "text": "RT @voz_populi: \u270d\ufe0f OPINI\u00d3N | \"Desde mucho tiempo antes de lo de Putin, el mensajero del miedo golpeaba las puertas cada fin de mes en forma\u2026", "author_id": "1413203082"}, {"created_at": "2022-03-26T09:26:40.000Z", "id": "1507650229675466753", "edit_history_tweet_ids": ["1507650229675466753"], "text": "RT @pilarmarcosd: R\u00e9quiem por S\u00e1nchez \n@Alejandro_vara \n\n\u201cEntr\u00f3 en La Moncloa por la trampilla y saldr\u00e1 por la alcantarilla. Una nube de in\u2026", "author_id": "2797681043"}, {"created_at": "2022-03-26T09:24:52.000Z", "id": "1507649779614076928", "edit_history_tweet_ids": ["1507649779614076928"], "text": "RT @voz_populi: \u270d\ufe0f OPINI\u00d3N | \"Desde mucho tiempo antes de lo de Putin, el mensajero del miedo golpeaba las puertas cada fin de mes en forma\u2026", "author_id": "280932734"}, {"created_at": "2022-03-26T09:22:41.000Z", "id": "1507649228495114240", "edit_history_tweet_ids": ["1507649228495114240"], "text": "RT @voz_populi: \u270d\ufe0f OPINI\u00d3N | \"Desde mucho tiempo antes de lo de Putin, el mensajero del miedo golpeaba las puertas cada fin de mes en forma\u2026", "author_id": "1092108877783617538"}, {"created_at": "2022-03-26T09:20:45.000Z", "id": "1507648743419650051", "edit_history_tweet_ids": ["1507648743419650051"], "text": "Desde la izquierda se escuchan algunas voces con esp\u00edritu de autocr\u00edtica. Rufianes y otros melones recitan doloridas pr\u00e9dicas sobre la necesidad de hablar de lo que le interesa a la gente. \u00bfLa republiqueta, quiz\u00e1s?\u2026\n\n\ud83d\udc4f@Alejandro_vara \n\nhttps://t.co/4JTxL4HRHi v\u00eda @voz_populi", "author_id": "1217501053245108224"}, {"created_at": "2022-03-26T09:19:38.000Z", "id": "1507648462342529025", "edit_history_tweet_ids": ["1507648462342529025"], "text": "RT @voz_populi: \u270d\ufe0f OPINI\u00d3N | \"Desde mucho tiempo antes de lo de Putin, el mensajero del miedo golpeaba las puertas cada fin de mes en forma\u2026", "author_id": "38720717"}, {"created_at": "2022-03-26T09:14:46.000Z", "id": "1507647235642826759", "edit_history_tweet_ids": ["1507647235642826759"], "text": "RT @DanzaSancho: .\n\"Algo ha mudado en el tu\u00e9tano de una sociedad harta del catecismo woke, las fiestuquis de todas y todes, la verborragia\u2026", "author_id": "1244997337040261120"}, {"created_at": "2022-03-26T09:11:23.000Z", "id": "1507646385050591237", "edit_history_tweet_ids": ["1507646385050591237"], "text": "RT @voz_populi: \u270d\ufe0f OPINI\u00d3N | \"Desde mucho tiempo antes de lo de Putin, el mensajero del miedo golpeaba las puertas cada fin de mes en forma\u2026", "author_id": "1542892705"}, {"created_at": "2022-03-26T08:58:26.000Z", "id": "1507643125350686720", "edit_history_tweet_ids": ["1507643125350686720"], "text": "RT @DanzaSancho: .\n\"Algo ha mudado en el tu\u00e9tano de una sociedad harta del catecismo woke, las fiestuquis de todas y todes, la verborragia\u2026", "author_id": "288291806"}, {"created_at": "2022-03-26T08:52:02.000Z", "id": "1507641515253903364", "edit_history_tweet_ids": ["1507641515253903364"], "text": "RT @voz_populi: \u270d\ufe0f OPINI\u00d3N | \"Desde mucho tiempo antes de lo de Putin, el mensajero del miedo golpeaba las puertas cada fin de mes en forma\u2026", "author_id": "1348563398934601728"}, {"created_at": "2022-03-26T08:51:32.000Z", "id": "1507641388795633664", "edit_history_tweet_ids": ["1507641388795633664"], "text": "RT @voz_populi: \u270d\ufe0f OPINI\u00d3N | \"Desde mucho tiempo antes de lo de Putin, el mensajero del miedo golpeaba las puertas cada fin de mes en forma\u2026", "author_id": "768890872729509888"}, {"created_at": "2022-03-26T08:51:19.000Z", "id": "1507641336190672903", "edit_history_tweet_ids": ["1507641336190672903"], "text": "RT @pilarmarcosd: R\u00e9quiem por S\u00e1nchez \n@Alejandro_vara \n\n\u201cEntr\u00f3 en La Moncloa por la trampilla y saldr\u00e1 por la alcantarilla. Una nube de in\u2026", "author_id": "758268318973394945"}, {"created_at": "2022-03-26T08:51:13.000Z", "id": "1507641311146430468", "edit_history_tweet_ids": ["1507641311146430468"], "text": "R\u00e9quiem por S\u00e1nchez \n@Alejandro_vara \n\n\u201cEntr\u00f3 en La Moncloa por la trampilla y saldr\u00e1 por la alcantarilla. Una nube de infamias le envuelve. Un adi\u00f3s aliviado le acompa\u00f1a. \"En la p\u00e1lida memoria, no quedar\u00e1n m\u00e1s que pestilentes cenizas\", rematar\u00eda\u00a0JLB.\n\nhttps://t.co/LaZTTAJXr5", "author_id": "144981542"}, {"created_at": "2022-03-26T08:50:44.000Z", "id": "1507641189016784899", "edit_history_tweet_ids": ["1507641189016784899"], "text": "RT @azucenau: El s\u00e1bado se dio a conocer en la revista Proceso una carta donde el exconsejero jur\u00eddico de presidencia, Julio Scherer Ibarra\u2026", "author_id": "909180017954873344"}, {"created_at": "2022-03-26T08:45:58.000Z", "id": "1507639986895654913", "edit_history_tweet_ids": ["1507639986895654913"], "text": "\u270d\ufe0f OPINI\u00d3N | \"Desde mucho tiempo antes de lo de Putin, el mensajero del miedo golpeaba las puertas cada fin de mes en forma de recibo de la luz o del gas\"\n\n\ud83d\udc49 Por @Alejandro_vara\n\nhttps://t.co/bAJAGJja24", "author_id": "368889720"}, {"created_at": "2022-03-26T08:42:51.000Z", "id": "1507639206042025984", "edit_history_tweet_ids": ["1507639206042025984"], "text": "RT @DanzaSancho: .\n\"Algo ha mudado en el tu\u00e9tano de una sociedad harta del catecismo woke, las fiestuquis de todas y todes, la verborragia\u2026", "author_id": "1292751833367183361"}, {"created_at": "2022-03-26T08:39:10.000Z", "id": "1507638278412976130", "edit_history_tweet_ids": ["1507638278412976130"], "text": "RT @DanzaSancho: .\n\"Algo ha mudado en el tu\u00e9tano de una sociedad harta del catecismo woke, las fiestuquis de todas y todes, la verborragia\u2026", "author_id": "393634514"}, {"created_at": "2022-03-26T08:35:44.000Z", "id": "1507637414239559683", "edit_history_tweet_ids": ["1507637414239559683"], "text": "RT @DanzaSancho: .\n\"Algo ha mudado en el tu\u00e9tano de una sociedad harta del catecismo woke, las fiestuquis de todas y todes, la verborragia\u2026", "author_id": "2417729636"}, {"created_at": "2022-03-26T08:27:22.000Z", "id": "1507635308858380294", "edit_history_tweet_ids": ["1507635308858380294"], "text": "Premonici\u00f3n de un descalabro anunciado...\nExcelente art\u00edculo de Jos\u00e9 Alejandro Vara en VOZP\u00d3PULI.\nhttps://t.co/G1VlqWYvgy", "author_id": "1336382693597208577"}, {"created_at": "2022-03-26T08:22:46.000Z", "id": "1507634150647517186", "edit_history_tweet_ids": ["1507634150647517186"], "text": "RT @DanzaSancho: .\n\"Algo ha mudado en el tu\u00e9tano de una sociedad harta del catecismo woke, las fiestuquis de todas y todes, la verborragia\u2026", "author_id": "2996632509"}, {"created_at": "2022-03-26T08:13:16.000Z", "id": "1507631760766603264", "edit_history_tweet_ids": ["1507631760766603264"], "text": ".\n\"Algo ha mudado en el tu\u00e9tano de una sociedad harta del catecismo woke, las fiestuquis de todas y todes, la verborragia ecolo, el dispendio desaforado, el gasto interminable, el enga\u00f1o persistente, la deuda impagable...\".\n\n@Alejandro_vara \n.\nhttps://t.co/xnKSCeLn62 https://t.co/rZgMXTniyL", "author_id": "1198147367847047168"}, {"created_at": "2022-03-26T06:25:49.000Z", "id": "1507604716724793347", "edit_history_tweet_ids": ["1507604716724793347"], "text": "RT @somosmma: \ud83d\udde3\u00a1LLEG\u00d3 UWC3\ufe0f\u20e32\ufe0f\u20e3!\n\n@uwc_mexico ofrecer\u00e1 un nuevo evento esta noche desde Tijuana \ud83d\udccd, el cual estar\u00e1 estelarizado por \ud83c\uddf2\ud83c\uddfd Aleja\u2026", "author_id": "1261798452033318912"}, {"created_at": "2022-03-26T06:07:26.000Z", "id": "1507600092211130369", "edit_history_tweet_ids": ["1507600092211130369"], "text": "RT @AProgresistaVE: #Video| Alejandro S\u00e1nchez Secretario General de #AvanzadaProgresista #Zulia en la DNA: \u201cSiento orgullo de pertenecer al\u2026", "author_id": "1291548367709974530"}, {"created_at": "2022-03-26T06:05:26.000Z", "id": "1507599587858685957", "edit_history_tweet_ids": ["1507599587858685957"], "text": "RT @revistaetcetera: \u26d4MENTIRA 2: Tengo cosas \u201cm\u00e1s importantes\u201d que atender que la confrontaci\u00f3n entre Julio Scherer, Alejandro Gertz Manero\u2026", "author_id": "60624253"}, {"created_at": "2022-03-26T05:49:51.000Z", "id": "1507595666746445831", "edit_history_tweet_ids": ["1507595666746445831"], "text": "RT @revistaetcetera: \u26d4MENTIRA 2: Tengo cosas \u201cm\u00e1s importantes\u201d que atender que la confrontaci\u00f3n entre Julio Scherer, Alejandro Gertz Manero\u2026", "author_id": "2291573478"}, {"created_at": "2022-03-26T05:21:04.000Z", "id": "1507588423221194755", "edit_history_tweet_ids": ["1507588423221194755"], "text": "RT @AProgresistaVE: #Video| Alejandro S\u00e1nchez Secretario General de #AvanzadaProgresista #Zulia en la DNA: \u201cSiento orgullo de pertenecer al\u2026", "author_id": "1465768501487063041"}, {"created_at": "2022-03-26T05:20:02.000Z", "id": "1507588161945411584", "edit_history_tweet_ids": ["1507588161945411584"], "text": "\u26d4MENTIRA 2: Tengo cosas \u201cm\u00e1s importantes\u201d que atender que la confrontaci\u00f3n entre Julio Scherer, Alejandro Gertz Manero y Olga S\u00e1nchez Cordero, dijo AMLO.\nhttps://t.co/qUIwvbNLFt", "author_id": "38278953"}, {"created_at": "2022-03-26T04:03:03.000Z", "id": "1507568791340863488", "edit_history_tweet_ids": ["1507568791340863488"], "text": "RT @AProgresistaVE: #Video| Alejandro S\u00e1nchez Secretario General de #AvanzadaProgresista #Zulia en la DNA: \u201cSiento orgullo de pertenecer al\u2026", "author_id": "1434920495426768899"}, {"created_at": "2022-03-26T04:02:13.000Z", "id": "1507568582338781184", "edit_history_tweet_ids": ["1507568582338781184"], "text": "RT @AProgresistaVE: #Video| Alejandro S\u00e1nchez Secretario General de #AvanzadaProgresista #Zulia en la DNA: \u201cSiento orgullo de pertenecer al\u2026", "author_id": "1429431147285598216"}, {"created_at": "2022-03-26T03:56:10.000Z", "id": "1507567058044833794", "edit_history_tweet_ids": ["1507567058044833794"], "text": "RT @chamanesco: Al hacer el retrato de Alejandro Gertz y Olga S\u00e1nchez Cordero, el abogado Julio Scherer Ibarra termin\u00f3 haciendo, tambi\u00e9n, u\u2026", "author_id": "3622266852"}, {"created_at": "2022-03-26T03:48:04.000Z", "id": "1507565021169037317", "edit_history_tweet_ids": ["1507565021169037317"], "text": "Busquen en RadioCut la nota de @SEHRadio a Alejandro \"Pacha\" Sanchez  \ud83d\ude31\ud83d\ude31\ud83d\ude31\ud83d\ude31\ud83d\ude31\ud83d\ude31 https://t.co/0P6l1iJ1ht https://t.co/WCOoW2OXX5", "author_id": "453587574"}, {"created_at": "2022-03-26T03:47:43.000Z", "id": "1507564932182773762", "edit_history_tweet_ids": ["1507564932182773762"], "text": "RT @AProgresistaVE: #Video| Alejandro S\u00e1nchez Secretario General de #AvanzadaProgresista #Zulia en la DNA: \u201cSiento orgullo de pertenecer al\u2026", "author_id": "1497759340949913606"}, {"created_at": "2022-03-26T03:39:00.000Z", "id": "1507562738519879690", "edit_history_tweet_ids": ["1507562738519879690"], "text": "RT @AProgresistaVE: #Video| Alejandro S\u00e1nchez Secretario General de #AvanzadaProgresista #Zulia en la DNA: \u201cSiento orgullo de pertenecer al\u2026", "author_id": "1068299673767723009"}, {"created_at": "2022-03-26T03:31:17.000Z", "id": "1507560797379211268", "edit_history_tweet_ids": ["1507560797379211268"], "text": "RT @AProgresistaVE: #Video| Alejandro S\u00e1nchez Secretario General de #AvanzadaProgresista #Zulia en la DNA: \u201cSiento orgullo de pertenecer al\u2026", "author_id": "869034871"}, {"created_at": "2022-03-26T03:25:35.000Z", "id": "1507559359924080641", "edit_history_tweet_ids": ["1507559359924080641"], "text": "RT @AProgresistaVE: #Video| Alejandro S\u00e1nchez Secretario General de #AvanzadaProgresista #Zulia en la DNA: \u201cSiento orgullo de pertenecer al\u2026", "author_id": "894284083123113984"}, {"created_at": "2022-03-26T03:14:43.000Z", "id": "1507556624675835906", "edit_history_tweet_ids": ["1507556624675835906"], "text": "RT @AProgresistaVE: #Video| Alejandro S\u00e1nchez Secretario General de #AvanzadaProgresista #Zulia en la DNA: \u201cSiento orgullo de pertenecer al\u2026", "author_id": "1157308073096224768"}, {"created_at": "2022-03-26T03:09:34.000Z", "id": "1507555331211239425", "edit_history_tweet_ids": ["1507555331211239425"], "text": "RT @AProgresistaVE: #Video| Alejandro S\u00e1nchez Secretario General de #AvanzadaProgresista #Zulia en la DNA: \u201cSiento orgullo de pertenecer al\u2026", "author_id": "1072246186055254016"}, {"created_at": "2022-03-26T03:06:18.000Z", "id": "1507554508213297152", "edit_history_tweet_ids": ["1507554508213297152"], "text": "#Video| Alejandro S\u00e1nchez Secretario General de #AvanzadaProgresista #Zulia en la DNA: \u201cSiento orgullo de pertenecer al mejor partido por Venezuela: Avanzada Progresista. En nuestros estatutos se debe expresar la autonom\u00eda de las regiones\u201d @A1sanchezp https://t.co/CyytCJcwVC", "author_id": "1329581267663409155"}, {"created_at": "2022-03-26T02:33:07.000Z", "id": "1507546155718115328", "edit_history_tweet_ids": ["1507546155718115328"], "text": "Alejandro S\u00e1nchez es uno de los grandes protagonistas de la Copa 1.8 y es un f\u00e9rreo rival en la pista en todas las competencias\n\n#copanotiauto #queretaro #mini #copa1800 https://t.co/aUFTo8F7P2", "author_id": "2552807810"}, {"created_at": "2022-03-26T02:27:51.000Z", "id": "1507544831001866241", "edit_history_tweet_ids": ["1507544831001866241"], "text": "\ud83d\udea8 #TeamIridium beast Alejandro Sanchez improves to 12-3 with a 4th straight win at @uwc_mexico \ud83d\ude4c\ud83c\udffd #TheDarkside https://t.co/BIu2FPbrNa", "author_id": "773347076792999936"}, {"created_at": "2022-03-26T02:15:48.000Z", "id": "1507541800629669888", "edit_history_tweet_ids": ["1507541800629669888"], "text": "Les dejamos las acciones del tercer y \u00faltimo round de la pelea estelar de la noche donde Alejandro S\u00e1nchez se lleva la victoria frente a Stiven Valencia\ud83d\udc4a.\n#uwc32 #2022esnuestro https://t.co/RF6Tn8IzXe", "author_id": "797299212627025920"}], "meta": {"newest_id": "1507747384369033222", "oldest_id": "1507541800629669888", "result_count": 100, "next_token": "b26v89c19zqg8o3fpyqo7070g7uvpf2r0fy00nyftdcal"}}