{"data": [{"created_at": "2018-06-12T03:10:20.000Z", "text": "RT @juan_amorin: Caso Jos\u00e9 L\u00f3pez: el testaferro del ex secretario de Obras P\u00fablicas era aportante a la campa\u00f1a de Macri y financista de la\u2026", "author_id": "825125396530225155", "edit_history_tweet_ids": ["1006373106708111360"], "id": "1006373106708111360"}, {"created_at": "2018-06-12T03:09:55.000Z", "text": "RT @juan_amorin: Caso Jos\u00e9 L\u00f3pez: el testaferro del ex secretario de Obras P\u00fablicas era aportante a la campa\u00f1a de Macri y financista de la\u2026", "author_id": "425084557", "edit_history_tweet_ids": ["1006373001577852929"], "id": "1006373001577852929"}, {"created_at": "2018-06-12T03:08:14.000Z", "text": "RT @juan_amorin: Caso Jos\u00e9 L\u00f3pez: el testaferro del ex secretario de Obras P\u00fablicas era aportante a la campa\u00f1a de Macri y financista de la\u2026", "author_id": "732639007746740225", "edit_history_tweet_ids": ["1006372574937387008"], "id": "1006372574937387008"}, {"created_at": "2018-06-12T03:06:26.000Z", "text": "Motivo 1: nadie \nMovito 2: Lina Vanessa Insandara Lopez\nMotivo 3: Karen Andrade\nMotivo 4: Luis Repoio \nMotivo 5: Isaac Nicolas Santacruz Narvaez\nMotivo 6: Jose Miguel Jojoa Piscal\nMotivo 7: nadie c: \nMotivo 8:... https://t.co/TccZyRapLR", "author_id": "818680638475763712", "edit_history_tweet_ids": ["1006372125672984576"], "id": "1006372125672984576"}, {"created_at": "2018-06-12T03:04:45.000Z", "text": "RT @juan_amorin: Caso Jos\u00e9 L\u00f3pez: el testaferro del ex secretario de Obras P\u00fablicas era aportante a la campa\u00f1a de Macri y financista de la\u2026", "author_id": "275375366", "edit_history_tweet_ids": ["1006371698277527552"], "id": "1006371698277527552"}, {"created_at": "2018-06-12T03:04:08.000Z", "text": "RT @juan_amorin: Caso Jos\u00e9 L\u00f3pez: el testaferro del ex secretario de Obras P\u00fablicas era aportante a la campa\u00f1a de Macri y financista de la\u2026", "author_id": "618393244", "edit_history_tweet_ids": ["1006371544900259840"], "id": "1006371544900259840"}, {"created_at": "2018-06-12T03:03:39.000Z", "text": "RT @juan_amorin: Caso Jos\u00e9 L\u00f3pez: el testaferro del ex secretario de Obras P\u00fablicas era aportante a la campa\u00f1a de Macri y financista de la\u2026", "author_id": "1547353945", "edit_history_tweet_ids": ["1006371424712429568"], "id": "1006371424712429568"}, {"created_at": "2018-06-12T03:03:31.000Z", "text": "RT @juan_amorin: Caso Jos\u00e9 L\u00f3pez: el testaferro del ex secretario de Obras P\u00fablicas era aportante a la campa\u00f1a de Macri y financista de la\u2026", "author_id": "797996891988492288", "edit_history_tweet_ids": ["1006371388758855680"], "id": "1006371388758855680"}, {"created_at": "2018-06-12T03:03:22.000Z", "text": "RT @juan_amorin: Caso Jos\u00e9 L\u00f3pez: el testaferro del ex secretario de Obras P\u00fablicas era aportante a la campa\u00f1a de Macri y financista de la\u2026", "author_id": "373761004", "edit_history_tweet_ids": ["1006371351651868672"], "id": "1006371351651868672"}, {"created_at": "2018-06-12T03:03:06.000Z", "text": "RT @juan_amorin: Caso Jos\u00e9 L\u00f3pez: el testaferro del ex secretario de Obras P\u00fablicas era aportante a la campa\u00f1a de Macri y financista de la\u2026", "author_id": "4606544416", "edit_history_tweet_ids": ["1006371283205021696"], "id": "1006371283205021696"}, {"created_at": "2018-06-12T03:00:43.000Z", "text": "RT @juan_amorin: Caso Jos\u00e9 L\u00f3pez: el testaferro del ex secretario de Obras P\u00fablicas era aportante a la campa\u00f1a de Macri y financista de la\u2026", "author_id": "415554572", "edit_history_tweet_ids": ["1006370686762438661"], "id": "1006370686762438661"}, {"created_at": "2018-06-12T02:57:50.000Z", "text": "RT @juan_amorin: Caso Jos\u00e9 L\u00f3pez: el testaferro del ex secretario de Obras P\u00fablicas era aportante a la campa\u00f1a de Macri y financista de la\u2026", "author_id": "206289726", "edit_history_tweet_ids": ["1006369961332428801"], "id": "1006369961332428801"}, {"created_at": "2018-06-12T02:57:03.000Z", "text": "RT @juan_amorin: Caso Jos\u00e9 L\u00f3pez: el testaferro del ex secretario de Obras P\u00fablicas era aportante a la campa\u00f1a de Macri y financista de la\u2026", "author_id": "701373881999826944", "edit_history_tweet_ids": ["1006369764372107265"], "id": "1006369764372107265"}, {"created_at": "2018-06-12T02:56:08.000Z", "text": "RT @juan_amorin: Caso Jos\u00e9 L\u00f3pez: el testaferro del ex secretario de Obras P\u00fablicas era aportante a la campa\u00f1a de Macri y financista de la\u2026", "author_id": "363455130", "edit_history_tweet_ids": ["1006369530631872512"], "id": "1006369530631872512"}, {"created_at": "2018-06-12T02:52:52.000Z", "text": "RT @juan_amorin: Caso Jos\u00e9 L\u00f3pez: el testaferro del ex secretario de Obras P\u00fablicas era aportante a la campa\u00f1a de Macri y financista de la\u2026", "author_id": "446689472", "edit_history_tweet_ids": ["1006368709668167681"], "id": "1006368709668167681"}, {"created_at": "2018-06-12T02:52:10.000Z", "text": "RT @juan_amorin: Caso Jos\u00e9 L\u00f3pez: el testaferro del ex secretario de Obras P\u00fablicas era aportante a la campa\u00f1a de Macri y financista de la\u2026", "author_id": "876856419231911936", "edit_history_tweet_ids": ["1006368533826232320"], "id": "1006368533826232320"}, {"created_at": "2018-06-12T02:46:58.000Z", "text": "RT @juan_amorin: Caso Jos\u00e9 L\u00f3pez: el testaferro del ex secretario de Obras P\u00fablicas era aportante a la campa\u00f1a de Macri y financista de la\u2026", "author_id": "152889434", "edit_history_tweet_ids": ["1006367225207513091"], "id": "1006367225207513091"}, {"created_at": "2018-06-12T02:46:44.000Z", "text": "RT @juan_amorin: Caso Jos\u00e9 L\u00f3pez: el testaferro del ex secretario de Obras P\u00fablicas era aportante a la campa\u00f1a de Macri y financista de la\u2026", "author_id": "3006504929", "edit_history_tweet_ids": ["1006367167288406017"], "id": "1006367167288406017"}, {"created_at": "2018-06-12T02:41:16.000Z", "text": "RT @juan_amorin: Caso Jos\u00e9 L\u00f3pez: el testaferro del ex secretario de Obras P\u00fablicas era aportante a la campa\u00f1a de Macri y financista de la\u2026", "author_id": "1002167449725358080", "edit_history_tweet_ids": ["1006365790000549888"], "id": "1006365790000549888"}, {"created_at": "2018-06-12T02:36:57.000Z", "text": "RT @juan_amorin: Caso Jos\u00e9 L\u00f3pez: el testaferro del ex secretario de Obras P\u00fablicas era aportante a la campa\u00f1a de Macri y financista de la\u2026", "author_id": "712039945695862790", "edit_history_tweet_ids": ["1006364704585998336"], "id": "1006364704585998336"}, {"created_at": "2018-06-12T02:34:15.000Z", "text": "RT @juan_amorin: Caso Jos\u00e9 L\u00f3pez: el testaferro del ex secretario de Obras P\u00fablicas era aportante a la campa\u00f1a de Macri y financista de la\u2026", "author_id": "754070320135495684", "edit_history_tweet_ids": ["1006364024664219648"], "id": "1006364024664219648"}, {"created_at": "2018-06-12T02:32:37.000Z", "text": "RT @juan_amorin: Caso Jos\u00e9 L\u00f3pez: el testaferro del ex secretario de Obras P\u00fablicas era aportante a la campa\u00f1a de Macri y financista de la\u2026", "author_id": "254316467", "edit_history_tweet_ids": ["1006363611789488128"], "id": "1006363611789488128"}, {"created_at": "2018-06-12T02:31:11.000Z", "text": "RT @juan_amorin: Caso Jos\u00e9 L\u00f3pez: el testaferro del ex secretario de Obras P\u00fablicas era aportante a la campa\u00f1a de Macri y financista de la\u2026", "author_id": "1293322147", "edit_history_tweet_ids": ["1006363251129700353"], "id": "1006363251129700353"}, {"created_at": "2018-06-12T02:30:01.000Z", "text": "RT @juan_amorin: Caso Jos\u00e9 L\u00f3pez: el testaferro del ex secretario de Obras P\u00fablicas era aportante a la campa\u00f1a de Macri y financista de la\u2026", "author_id": "4719958395", "edit_history_tweet_ids": ["1006362961278132224"], "id": "1006362961278132224"}, {"created_at": "2018-06-12T02:27:51.000Z", "text": "RT @juan_amorin: Caso Jos\u00e9 L\u00f3pez: el testaferro del ex secretario de Obras P\u00fablicas era aportante a la campa\u00f1a de Macri y financista de la\u2026", "author_id": "743673529", "edit_history_tweet_ids": ["1006362413954928640"], "id": "1006362413954928640"}, {"created_at": "2018-06-12T02:27:31.000Z", "text": "RT @juan_amorin: Caso Jos\u00e9 L\u00f3pez: el testaferro del ex secretario de Obras P\u00fablicas era aportante a la campa\u00f1a de Macri y financista de la\u2026", "author_id": "721332361", "edit_history_tweet_ids": ["1006362330827980802"], "id": "1006362330827980802"}, {"created_at": "2018-06-12T02:27:02.000Z", "text": "RT @juan_amorin: Caso Jos\u00e9 L\u00f3pez: el testaferro del ex secretario de Obras P\u00fablicas era aportante a la campa\u00f1a de Macri y financista de la\u2026", "author_id": "372796630", "edit_history_tweet_ids": ["1006362207909830658"], "id": "1006362207909830658"}, {"created_at": "2018-06-12T02:26:37.000Z", "text": "RT @juan_amorin: Caso Jos\u00e9 L\u00f3pez: el testaferro del ex secretario de Obras P\u00fablicas era aportante a la campa\u00f1a de Macri y financista de la\u2026", "author_id": "187805337", "edit_history_tweet_ids": ["1006362103446458368"], "id": "1006362103446458368"}, {"created_at": "2018-06-12T02:26:30.000Z", "text": "RT @juan_amorin: Caso Jos\u00e9 L\u00f3pez: el testaferro del ex secretario de Obras P\u00fablicas era aportante a la campa\u00f1a de Macri y financista de la\u2026", "author_id": "2531359745", "edit_history_tweet_ids": ["1006362072962265088"], "id": "1006362072962265088"}, {"created_at": "2018-06-12T02:26:08.000Z", "text": "RT @juan_amorin: Caso Jos\u00e9 L\u00f3pez: el testaferro del ex secretario de Obras P\u00fablicas era aportante a la campa\u00f1a de Macri y financista de la\u2026", "author_id": "304464313", "edit_history_tweet_ids": ["1006361980117114880"], "id": "1006361980117114880"}, {"created_at": "2018-06-12T02:26:03.000Z", "text": "RT @juan_amorin: Caso Jos\u00e9 L\u00f3pez: el testaferro del ex secretario de Obras P\u00fablicas era aportante a la campa\u00f1a de Macri y financista de la\u2026", "author_id": "2786013233", "edit_history_tweet_ids": ["1006361961888731136"], "id": "1006361961888731136"}, {"created_at": "2018-06-12T02:25:00.000Z", "text": "Entrevista Jos\u00e9 Luis L\u00f3pez \u2013 CEO de https://t.co/NXHErF5BCF https://t.co/HbZqlfaCZ6 #WorkChainCenters #JoseLuisLopez #WeWork #Knotel #Blockchain #IoT #IA #FinTech #PropTech https://t.co/M0VFK9YmFV", "author_id": "54761166", "edit_history_tweet_ids": ["1006361696284348418"], "id": "1006361696284348418"}, {"created_at": "2018-06-12T02:17:45.000Z", "text": "RT @juan_amorin: Caso Jos\u00e9 L\u00f3pez: el testaferro del ex secretario de Obras P\u00fablicas era aportante a la campa\u00f1a de Macri y financista de la\u2026", "author_id": "356163272", "edit_history_tweet_ids": ["1006359870998761477"], "id": "1006359870998761477"}, {"created_at": "2018-06-12T02:17:33.000Z", "text": "RT @juan_amorin: Caso Jos\u00e9 L\u00f3pez: el testaferro del ex secretario de Obras P\u00fablicas era aportante a la campa\u00f1a de Macri y financista de la\u2026", "author_id": "33057322", "edit_history_tweet_ids": ["1006359821111713793"], "id": "1006359821111713793"}, {"created_at": "2018-06-12T02:15:04.000Z", "text": "RT @juan_amorin: Caso Jos\u00e9 L\u00f3pez: el testaferro del ex secretario de Obras P\u00fablicas era aportante a la campa\u00f1a de Macri y financista de la\u2026", "author_id": "721283184017715200", "edit_history_tweet_ids": ["1006359197968207874"], "id": "1006359197968207874"}, {"created_at": "2018-06-12T02:11:30.000Z", "text": "RT @juan_amorin: Caso Jos\u00e9 L\u00f3pez: el testaferro del ex secretario de Obras P\u00fablicas era aportante a la campa\u00f1a de Macri y financista de la\u2026", "author_id": "714225600844677121", "edit_history_tweet_ids": ["1006358301389606918"], "id": "1006358301389606918"}, {"created_at": "2018-06-12T02:10:28.000Z", "text": "RT @juan_amorin: Caso Jos\u00e9 L\u00f3pez: el testaferro del ex secretario de Obras P\u00fablicas era aportante a la campa\u00f1a de Macri y financista de la\u2026", "author_id": "2992428713", "edit_history_tweet_ids": ["1006358040868769792"], "id": "1006358040868769792"}, {"created_at": "2018-06-12T02:07:57.000Z", "text": "RT @juan_amorin: Caso Jos\u00e9 L\u00f3pez: el testaferro del ex secretario de Obras P\u00fablicas era aportante a la campa\u00f1a de Macri y financista de la\u2026", "author_id": "2894532125", "edit_history_tweet_ids": ["1006357406564208645"], "id": "1006357406564208645"}, {"created_at": "2018-06-12T02:05:18.000Z", "text": "RT @juan_amorin: Caso Jos\u00e9 L\u00f3pez: el testaferro del ex secretario de Obras P\u00fablicas era aportante a la campa\u00f1a de Macri y financista de la\u2026", "author_id": "2853488872", "edit_history_tweet_ids": ["1006356737702727680"], "id": "1006356737702727680"}, {"created_at": "2018-06-12T02:03:58.000Z", "text": "RT @juan_amorin: Caso Jos\u00e9 L\u00f3pez: el testaferro del ex secretario de Obras P\u00fablicas era aportante a la campa\u00f1a de Macri y financista de la\u2026", "author_id": "603942871", "edit_history_tweet_ids": ["1006356403412496386"], "id": "1006356403412496386"}, {"created_at": "2018-06-12T02:02:38.000Z", "text": "RT @juan_amorin: Caso Jos\u00e9 L\u00f3pez: el testaferro del ex secretario de Obras P\u00fablicas era aportante a la campa\u00f1a de Macri y financista de la\u2026", "author_id": "762134499622780928", "edit_history_tweet_ids": ["1006356069977919489"], "id": "1006356069977919489"}, {"created_at": "2018-06-12T02:00:09.000Z", "text": "RT @juan_amorin: Caso Jos\u00e9 L\u00f3pez: el testaferro del ex secretario de Obras P\u00fablicas era aportante a la campa\u00f1a de Macri y financista de la\u2026", "author_id": "134611621", "edit_history_tweet_ids": ["1006355441906061314"], "id": "1006355441906061314"}, {"created_at": "2018-06-12T01:58:28.000Z", "text": "RT @juan_amorin: Caso Jos\u00e9 L\u00f3pez: el testaferro del ex secretario de Obras P\u00fablicas era aportante a la campa\u00f1a de Macri y financista de la\u2026", "author_id": "425993095", "edit_history_tweet_ids": ["1006355020202168320"], "id": "1006355020202168320"}, {"created_at": "2018-06-12T01:57:00.000Z", "text": "RT @juan_amorin: Caso Jos\u00e9 L\u00f3pez: el testaferro del ex secretario de Obras P\u00fablicas era aportante a la campa\u00f1a de Macri y financista de la\u2026", "author_id": "2733490341", "edit_history_tweet_ids": ["1006354652525400065"], "id": "1006354652525400065"}, {"created_at": "2018-06-12T01:57:00.000Z", "text": "RT @juan_amorin: Caso Jos\u00e9 L\u00f3pez: el testaferro del ex secretario de Obras P\u00fablicas era aportante a la campa\u00f1a de Macri y financista de la\u2026", "author_id": "4205826436", "edit_history_tweet_ids": ["1006354652198260737"], "id": "1006354652198260737"}, {"created_at": "2018-06-12T01:56:21.000Z", "text": "RT @juan_amorin: Caso Jos\u00e9 L\u00f3pez: el testaferro del ex secretario de Obras P\u00fablicas era aportante a la campa\u00f1a de Macri y financista de la\u2026", "author_id": "2437124366", "edit_history_tweet_ids": ["1006354488049979397"], "id": "1006354488049979397"}, {"created_at": "2018-06-12T01:56:20.000Z", "text": "RT @cm_mza: #Urgente #Investigaci\u00f3n @juan_amorin Caso Jos\u00e9 L\u00f3pez: El testaferro del ex secretario de Obras P\u00fablicas era aportante a la camp\u2026", "author_id": "256087514", "edit_history_tweet_ids": ["1006354482937155586"], "id": "1006354482937155586"}, {"created_at": "2018-06-12T01:55:30.000Z", "text": "RT @juan_amorin: Caso Jos\u00e9 L\u00f3pez: el testaferro del ex secretario de Obras P\u00fablicas era aportante a la campa\u00f1a de Macri y financista de la\u2026", "author_id": "344954496", "edit_history_tweet_ids": ["1006354271418404865"], "id": "1006354271418404865"}, {"created_at": "2018-06-12T01:55:22.000Z", "text": "RT @juan_amorin: Caso Jos\u00e9 L\u00f3pez: el testaferro del ex secretario de Obras P\u00fablicas era aportante a la campa\u00f1a de Macri y financista de la\u2026", "author_id": "715713128923795458", "edit_history_tweet_ids": ["1006354238346289154"], "id": "1006354238346289154"}, {"created_at": "2018-06-12T01:55:15.000Z", "text": "RT @juan_amorin: Caso Jos\u00e9 L\u00f3pez: el testaferro del ex secretario de Obras P\u00fablicas era aportante a la campa\u00f1a de Macri y financista de la\u2026", "author_id": "958409198", "edit_history_tweet_ids": ["1006354209858637824"], "id": "1006354209858637824"}, {"created_at": "2018-06-12T01:54:33.000Z", "text": "RT @juan_amorin: Caso Jos\u00e9 L\u00f3pez: el testaferro del ex secretario de Obras P\u00fablicas era aportante a la campa\u00f1a de Macri y financista de la\u2026", "author_id": "745019695074533376", "edit_history_tweet_ids": ["1006354034184409090"], "id": "1006354034184409090"}, {"created_at": "2018-06-12T01:54:20.000Z", "text": "RT @juan_amorin: Caso Jos\u00e9 L\u00f3pez: el testaferro del ex secretario de Obras P\u00fablicas era aportante a la campa\u00f1a de Macri y financista de la\u2026", "author_id": "3334983987", "edit_history_tweet_ids": ["1006353978010079242"], "id": "1006353978010079242"}, {"created_at": "2018-06-12T01:51:43.000Z", "text": "#Urgente #Investigaci\u00f3n @juan_amorin Caso Jos\u00e9 L\u00f3pez: El testaferro del ex secretario de Obras P\u00fablicas era aportante a la campa\u00f1a de Macri y financista de la fundaci\u00f3n de Michetti\nLa tesorera de SUMA era Elizabeth Conte Grand, esposa de Luis Majul. https://t.co/fTlKHn1MvD", "author_id": "714948048149946368", "edit_history_tweet_ids": ["1006353322377400320"], "id": "1006353322377400320"}, {"created_at": "2018-06-12T01:51:33.000Z", "text": "RT @juan_amorin: Caso Jos\u00e9 L\u00f3pez: el testaferro del ex secretario de Obras P\u00fablicas era aportante a la campa\u00f1a de Macri y financista de la\u2026", "author_id": "1467043896", "edit_history_tweet_ids": ["1006353279851421700"], "id": "1006353279851421700"}, {"created_at": "2018-06-12T01:50:24.000Z", "text": "RT @juan_amorin: Caso Jos\u00e9 L\u00f3pez: el testaferro del ex secretario de Obras P\u00fablicas era aportante a la campa\u00f1a de Macri y financista de la\u2026", "author_id": "271670899", "edit_history_tweet_ids": ["1006352988670255104"], "id": "1006352988670255104"}, {"created_at": "2018-06-12T01:47:13.000Z", "text": "RT @juan_amorin: Caso Jos\u00e9 L\u00f3pez: el testaferro del ex secretario de Obras P\u00fablicas era aportante a la campa\u00f1a de Macri y financista de la\u2026", "author_id": "153900494", "edit_history_tweet_ids": ["1006352190192144384"], "id": "1006352190192144384"}, {"created_at": "2018-06-12T01:46:55.000Z", "text": "RT @juan_amorin: Caso Jos\u00e9 L\u00f3pez: el testaferro del ex secretario de Obras P\u00fablicas era aportante a la campa\u00f1a de Macri y financista de la\u2026", "author_id": "2405543154", "edit_history_tweet_ids": ["1006352114212331523"], "id": "1006352114212331523"}, {"created_at": "2018-06-12T01:46:50.000Z", "text": "RT @juan_amorin: Caso Jos\u00e9 L\u00f3pez: el testaferro del ex secretario de Obras P\u00fablicas era aportante a la campa\u00f1a de Macri y financista de la\u2026", "author_id": "891749754", "edit_history_tweet_ids": ["1006352091026284545"], "id": "1006352091026284545"}, {"created_at": "2018-06-12T01:44:39.000Z", "text": "RT @juan_amorin: Caso Jos\u00e9 L\u00f3pez: el testaferro del ex secretario de Obras P\u00fablicas era aportante a la campa\u00f1a de Macri y financista de la\u2026", "author_id": "714028400927748096", "edit_history_tweet_ids": ["1006351540481912832"], "id": "1006351540481912832"}, {"created_at": "2018-06-12T01:44:23.000Z", "text": "RT @juan_amorin: Caso Jos\u00e9 L\u00f3pez: el testaferro del ex secretario de Obras P\u00fablicas era aportante a la campa\u00f1a de Macri y financista de la\u2026", "author_id": "744703980719190016", "edit_history_tweet_ids": ["1006351475382112268"], "id": "1006351475382112268"}, {"created_at": "2018-06-12T01:44:09.000Z", "text": "RT @juan_amorin: Caso Jos\u00e9 L\u00f3pez: el testaferro del ex secretario de Obras P\u00fablicas era aportante a la campa\u00f1a de Macri y financista de la\u2026", "author_id": "824415634054348802", "edit_history_tweet_ids": ["1006351415751725056"], "id": "1006351415751725056"}, {"created_at": "2018-06-12T01:43:28.000Z", "text": "RT @juan_amorin: Caso Jos\u00e9 L\u00f3pez: el testaferro del ex secretario de Obras P\u00fablicas era aportante a la campa\u00f1a de Macri y financista de la\u2026", "author_id": "879051793413672960", "edit_history_tweet_ids": ["1006351245131550721"], "id": "1006351245131550721"}, {"created_at": "2018-06-12T01:43:14.000Z", "text": "RT @juan_amorin: Caso Jos\u00e9 L\u00f3pez: el testaferro del ex secretario de Obras P\u00fablicas era aportante a la campa\u00f1a de Macri y financista de la\u2026", "author_id": "234936389", "edit_history_tweet_ids": ["1006351187652771841"], "id": "1006351187652771841"}, {"created_at": "2018-06-12T01:41:18.000Z", "text": "RT @juan_amorin: Caso Jos\u00e9 L\u00f3pez: el testaferro del ex secretario de Obras P\u00fablicas era aportante a la campa\u00f1a de Macri y financista de la\u2026", "author_id": "752240579560534016", "edit_history_tweet_ids": ["1006350701130338305"], "id": "1006350701130338305"}, {"created_at": "2018-06-12T01:40:00.000Z", "text": "RT @juan_amorin: Caso Jos\u00e9 L\u00f3pez: el testaferro del ex secretario de Obras P\u00fablicas era aportante a la campa\u00f1a de Macri y financista de la\u2026", "author_id": "209354478", "edit_history_tweet_ids": ["1006350370715598849"], "id": "1006350370715598849"}, {"created_at": "2018-06-12T01:39:19.000Z", "text": "RT @juan_amorin: Caso Jos\u00e9 L\u00f3pez: el testaferro del ex secretario de Obras P\u00fablicas era aportante a la campa\u00f1a de Macri y financista de la\u2026", "author_id": "322951785", "edit_history_tweet_ids": ["1006350201542541313"], "id": "1006350201542541313"}, {"created_at": "2018-06-12T01:39:03.000Z", "text": "RT @juan_amorin: Caso Jos\u00e9 L\u00f3pez: el testaferro del ex secretario de Obras P\u00fablicas era aportante a la campa\u00f1a de Macri y financista de la\u2026", "author_id": "895354771812622336", "edit_history_tweet_ids": ["1006350132374319111"], "id": "1006350132374319111"}, {"created_at": "2018-06-12T01:38:17.000Z", "text": "RT @juan_amorin: Caso Jos\u00e9 L\u00f3pez: el testaferro del ex secretario de Obras P\u00fablicas era aportante a la campa\u00f1a de Macri y financista de la\u2026", "author_id": "1289288647", "edit_history_tweet_ids": ["1006349942095523841"], "id": "1006349942095523841"}, {"created_at": "2018-06-12T01:37:49.000Z", "text": "RT @juan_amorin: Caso Jos\u00e9 L\u00f3pez: el testaferro del ex secretario de Obras P\u00fablicas era aportante a la campa\u00f1a de Macri y financista de la\u2026", "author_id": "156658037", "edit_history_tweet_ids": ["1006349823912697856"], "id": "1006349823912697856"}, {"created_at": "2018-06-12T01:36:34.000Z", "text": "RT @juan_amorin: Caso Jos\u00e9 L\u00f3pez: el testaferro del ex secretario de Obras P\u00fablicas era aportante a la campa\u00f1a de Macri y financista de la\u2026", "author_id": "1648996830", "edit_history_tweet_ids": ["1006349507645399042"], "id": "1006349507645399042"}, {"created_at": "2018-06-12T01:36:26.000Z", "text": "RT @juan_amorin: Caso Jos\u00e9 L\u00f3pez: el testaferro del ex secretario de Obras P\u00fablicas era aportante a la campa\u00f1a de Macri y financista de la\u2026", "author_id": "801889762525282304", "edit_history_tweet_ids": ["1006349475785445377"], "id": "1006349475785445377"}, {"created_at": "2018-06-12T01:33:55.000Z", "text": "RT @juan_amorin: Caso Jos\u00e9 L\u00f3pez: el testaferro del ex secretario de Obras P\u00fablicas era aportante a la campa\u00f1a de Macri y financista de la\u2026", "author_id": "452910387", "edit_history_tweet_ids": ["1006348843452125186"], "id": "1006348843452125186"}, {"created_at": "2018-06-12T01:33:47.000Z", "text": "RT @juan_amorin: Caso Jos\u00e9 L\u00f3pez: el testaferro del ex secretario de Obras P\u00fablicas era aportante a la campa\u00f1a de Macri y financista de la\u2026", "author_id": "1122134748", "edit_history_tweet_ids": ["1006348806043074560"], "id": "1006348806043074560"}, {"created_at": "2018-06-12T01:32:49.000Z", "text": "RT @juan_amorin: Caso Jos\u00e9 L\u00f3pez: el testaferro del ex secretario de Obras P\u00fablicas era aportante a la campa\u00f1a de Macri y financista de la\u2026", "author_id": "4130443509", "edit_history_tweet_ids": ["1006348564157681664"], "id": "1006348564157681664"}, {"created_at": "2018-06-12T01:32:43.000Z", "text": "RT @juan_amorin: Caso Jos\u00e9 L\u00f3pez: el testaferro del ex secretario de Obras P\u00fablicas era aportante a la campa\u00f1a de Macri y financista de la\u2026", "author_id": "4777699763", "edit_history_tweet_ids": ["1006348537448271872"], "id": "1006348537448271872"}, {"created_at": "2018-06-12T01:31:05.000Z", "text": "RT @juan_amorin: Caso Jos\u00e9 L\u00f3pez: el testaferro del ex secretario de Obras P\u00fablicas era aportante a la campa\u00f1a de Macri y financista de la\u2026", "author_id": "2166944480", "edit_history_tweet_ids": ["1006348128415551488"], "id": "1006348128415551488"}, {"created_at": "2018-06-12T01:30:27.000Z", "text": "RT @juan_amorin: Caso Jos\u00e9 L\u00f3pez: el testaferro del ex secretario de Obras P\u00fablicas era aportante a la campa\u00f1a de Macri y financista de la\u2026", "author_id": "4737755775", "edit_history_tweet_ids": ["1006347968557924352"], "id": "1006347968557924352"}, {"created_at": "2018-06-12T01:30:11.000Z", "text": "RT @juan_amorin: Caso Jos\u00e9 L\u00f3pez: el testaferro del ex secretario de Obras P\u00fablicas era aportante a la campa\u00f1a de Macri y financista de la\u2026", "author_id": "937446012", "edit_history_tweet_ids": ["1006347901730254848"], "id": "1006347901730254848"}, {"created_at": "2018-06-12T01:29:13.000Z", "text": "RT @juan_amorin: Caso Jos\u00e9 L\u00f3pez: el testaferro del ex secretario de Obras P\u00fablicas era aportante a la campa\u00f1a de Macri y financista de la\u2026", "author_id": "1424428034", "edit_history_tweet_ids": ["1006347658498371584"], "id": "1006347658498371584"}, {"created_at": "2018-06-12T01:28:41.000Z", "text": "RT @juan_amorin: Caso Jos\u00e9 L\u00f3pez: el testaferro del ex secretario de Obras P\u00fablicas era aportante a la campa\u00f1a de Macri y financista de la\u2026", "author_id": "2369332701", "edit_history_tweet_ids": ["1006347523336876039"], "id": "1006347523336876039"}, {"created_at": "2018-06-12T01:28:33.000Z", "text": "RT @juan_amorin: Caso Jos\u00e9 L\u00f3pez: el testaferro del ex secretario de Obras P\u00fablicas era aportante a la campa\u00f1a de Macri y financista de la\u2026", "author_id": "935279420", "edit_history_tweet_ids": ["1006347492903047173"], "id": "1006347492903047173"}, {"created_at": "2018-06-12T01:28:23.000Z", "text": "RT @juan_amorin: Caso Jos\u00e9 L\u00f3pez: el testaferro del ex secretario de Obras P\u00fablicas era aportante a la campa\u00f1a de Macri y financista de la\u2026", "author_id": "4158133697", "edit_history_tweet_ids": ["1006347449483571200"], "id": "1006347449483571200"}, {"created_at": "2018-06-12T01:27:03.000Z", "text": "RT @juan_amorin: Caso Jos\u00e9 L\u00f3pez: el testaferro del ex secretario de Obras P\u00fablicas era aportante a la campa\u00f1a de Macri y financista de la\u2026", "author_id": "273492863", "edit_history_tweet_ids": ["1006347113620496389"], "id": "1006347113620496389"}, {"created_at": "2018-06-12T01:26:46.000Z", "text": "RT @juan_amorin: Caso Jos\u00e9 L\u00f3pez: el testaferro del ex secretario de Obras P\u00fablicas era aportante a la campa\u00f1a de Macri y financista de la\u2026", "author_id": "217288412", "edit_history_tweet_ids": ["1006347043072282625"], "id": "1006347043072282625"}, {"created_at": "2018-06-12T01:26:16.000Z", "text": "RT @juan_amorin: Caso Jos\u00e9 L\u00f3pez: el testaferro del ex secretario de Obras P\u00fablicas era aportante a la campa\u00f1a de Macri y financista de la\u2026", "author_id": "972464286697164800", "edit_history_tweet_ids": ["1006346916186058753"], "id": "1006346916186058753"}, {"created_at": "2018-06-12T01:24:50.000Z", "text": "RT @juan_amorin: Caso Jos\u00e9 L\u00f3pez: el testaferro del ex secretario de Obras P\u00fablicas era aportante a la campa\u00f1a de Macri y financista de la\u2026", "author_id": "3024185075", "edit_history_tweet_ids": ["1006346553475391489"], "id": "1006346553475391489"}, {"created_at": "2018-06-12T01:24:34.000Z", "text": "RT @juan_amorin: Caso Jos\u00e9 L\u00f3pez: el testaferro del ex secretario de Obras P\u00fablicas era aportante a la campa\u00f1a de Macri y financista de la\u2026", "author_id": "24750423", "edit_history_tweet_ids": ["1006346488509759488"], "id": "1006346488509759488"}, {"created_at": "2018-06-12T01:24:02.000Z", "text": "RT @juan_amorin: Caso Jos\u00e9 L\u00f3pez: el testaferro del ex secretario de Obras P\u00fablicas era aportante a la campa\u00f1a de Macri y financista de la\u2026", "author_id": "1206091970", "edit_history_tweet_ids": ["1006346354531209219"], "id": "1006346354531209219"}, {"created_at": "2018-06-12T01:24:01.000Z", "text": "RT @juan_amorin: Caso Jos\u00e9 L\u00f3pez: el testaferro del ex secretario de Obras P\u00fablicas era aportante a la campa\u00f1a de Macri y financista de la\u2026", "author_id": "887840260905979905", "edit_history_tweet_ids": ["1006346351783837697"], "id": "1006346351783837697"}, {"created_at": "2018-06-12T01:23:38.000Z", "text": "RT @juan_amorin: Caso Jos\u00e9 L\u00f3pez: el testaferro del ex secretario de Obras P\u00fablicas era aportante a la campa\u00f1a de Macri y financista de la\u2026", "author_id": "143228144", "edit_history_tweet_ids": ["1006346254786363393"], "id": "1006346254786363393"}, {"created_at": "2018-06-12T01:21:15.000Z", "text": "RT @juan_amorin: Caso Jos\u00e9 L\u00f3pez: el testaferro del ex secretario de Obras P\u00fablicas era aportante a la campa\u00f1a de Macri y financista de la\u2026", "author_id": "855498648695734273", "edit_history_tweet_ids": ["1006345652123598851"], "id": "1006345652123598851"}, {"created_at": "2018-06-12T01:21:13.000Z", "text": "RT @juan_amorin: Caso Jos\u00e9 L\u00f3pez: el testaferro del ex secretario de Obras P\u00fablicas era aportante a la campa\u00f1a de Macri y financista de la\u2026", "author_id": "155727266", "edit_history_tweet_ids": ["1006345643827322880"], "id": "1006345643827322880"}, {"created_at": "2018-06-12T01:20:56.000Z", "text": "RT @juan_amorin: Caso Jos\u00e9 L\u00f3pez: el testaferro del ex secretario de Obras P\u00fablicas era aportante a la campa\u00f1a de Macri y financista de la\u2026", "author_id": "4379711416", "edit_history_tweet_ids": ["1006345575841828869"], "id": "1006345575841828869"}, {"created_at": "2018-06-12T01:20:45.000Z", "text": "RT @juan_amorin: Caso Jos\u00e9 L\u00f3pez: el testaferro del ex secretario de Obras P\u00fablicas era aportante a la campa\u00f1a de Macri y financista de la\u2026", "author_id": "196837227", "edit_history_tweet_ids": ["1006345528743989255"], "id": "1006345528743989255"}, {"created_at": "2018-06-12T01:20:06.000Z", "text": "RT @juan_amorin: Caso Jos\u00e9 L\u00f3pez: el testaferro del ex secretario de Obras P\u00fablicas era aportante a la campa\u00f1a de Macri y financista de la\u2026", "author_id": "1646695452", "edit_history_tweet_ids": ["1006345363152867328"], "id": "1006345363152867328"}, {"created_at": "2018-06-12T01:19:53.000Z", "text": "RT @juan_amorin: Caso Jos\u00e9 L\u00f3pez: el testaferro del ex secretario de Obras P\u00fablicas era aportante a la campa\u00f1a de Macri y financista de la\u2026", "author_id": "941119495782961152", "edit_history_tweet_ids": ["1006345309319057408"], "id": "1006345309319057408"}, {"created_at": "2018-06-12T01:18:29.000Z", "text": "RT @juan_amorin: Caso Jos\u00e9 L\u00f3pez: el testaferro del ex secretario de Obras P\u00fablicas era aportante a la campa\u00f1a de Macri y financista de la\u2026", "author_id": "2693569469", "edit_history_tweet_ids": ["1006344955684671488"], "id": "1006344955684671488"}], "meta": {"newest_id": "1006373106708111360", "oldest_id": "1006344955684671488", "result_count": 97, "next_token": "b26v89c19zqg8o3fn0ao4rsjiiqlsexo01a38oczjjszh"}}