{"data": [{"created_at": "2017-10-28T12:57:29.000Z", "id": "924258819190001669", "text": "En el banquillo del Lugo: Roberto, Josete, Pita, Mario Barco, Luis Mu\u00f1oz, Albarrac\u00edn y Sergio D\u00edaz #NasticVAVEL", "author_id": "897990674", "edit_history_tweet_ids": ["924258819190001669"]}, {"created_at": "2017-10-28T12:54:13.000Z", "id": "924257998293348353", "text": "A la banqueta local: Roberto, Josete, Pita, Mario Barco, Luis Mu\u00f1oz, Albarrac\u00edn i Sergio D\u00edaz. #LugoN\u00e0stic", "author_id": "79501309", "edit_history_tweet_ids": ["924257998293348353"]}, {"created_at": "2017-10-28T12:44:26.000Z", "id": "924255535825858560", "text": "RT @deportapitapty: Asumo que a Roberto Nurse no le hizo gracia ver a Ismael Diaz en la convocatoria #Panama #VamosPanama #SomosLaSele", "author_id": "454105978", "edit_history_tweet_ids": ["924255535825858560"]}, {"created_at": "2017-10-28T11:54:44.000Z", "id": "924243031464775680", "text": "noticiero matutino\ncon roberto silva diaz\nsabado 28 de oct. 2017 https://t.co/Nzxw5goikZ", "author_id": "139168572", "edit_history_tweet_ids": ["924243031464775680"]}, {"created_at": "2017-10-28T02:20:37.000Z", "id": "924098548181946370", "text": "RT @Diaz__Roberto: @JoshuaRush Honestly, thank you for this! It\u2019s such an important moment and you conveyed it well.", "author_id": "923706606067634181", "edit_history_tweet_ids": ["924098548181946370"]}, {"created_at": "2017-10-28T01:33:22.000Z", "id": "924086656365449216", "text": "RT @Diaz__Roberto: The fact that people are offended at a main character being gay is EXACTLY why this storyline was needed. #AndiMack", "author_id": "733365902964445187", "edit_history_tweet_ids": ["924086656365449216"]}, {"created_at": "2017-10-28T00:51:50.000Z", "id": "924076206806446080", "text": "@VivaAerobus Roberto Carlos Guti\u00e9rrez D\u00edaz. CDMX\n#VivaSep7imoD\u00eda @VivaAerobus", "author_id": "17418866", "edit_history_tweet_ids": ["924076206806446080"]}, {"created_at": "2017-10-28T00:16:38.000Z", "id": "924067346309840898", "text": "RT @deportapitapty: Asumo que a Roberto Nurse no le hizo gracia ver a Ismael Diaz en la convocatoria #Panama #VamosPanama #SomosLaSele", "author_id": "484339501", "edit_history_tweet_ids": ["924067346309840898"]}, {"created_at": "2017-10-27T23:35:32.000Z", "id": "924057003311239168", "text": "RT @deportapitapty: Asumo que a Roberto Nurse no le hizo gracia ver a Ismael Diaz en la convocatoria #Panama #VamosPanama #SomosLaSele", "author_id": "1658901578", "edit_history_tweet_ids": ["924057003311239168"]}, {"created_at": "2017-10-27T23:04:07.000Z", "id": "924049098713567232", "text": "Asumo que a Roberto Nurse no le hizo gracia ver a Ismael Diaz en la convocatoria #Panama #VamosPanama #SomosLaSele", "author_id": "4254605223", "edit_history_tweet_ids": ["924049098713567232"]}, {"created_at": "2017-10-27T21:55:50.000Z", "id": "924031915413434368", "text": "Matt Atkins 2 under, Roberto Diaz 2 over at Sanderson Farms Championship. Both done for the day. Cut currently projected at 1 under.", "author_id": "272761890", "edit_history_tweet_ids": ["924031915413434368"]}, {"created_at": "2017-10-27T18:16:08.000Z", "id": "923976623497596928", "text": "Roberto D\u00edaz - bogey on hole 17 +1 (+2): T100th", "author_id": "3228995810", "edit_history_tweet_ids": ["923976623497596928"]}, {"created_at": "2017-10-27T17:34:02.000Z", "id": "923966029625208832", "text": "Roberto D\u00edaz - bogey on hole 15 E (+1): T88th", "author_id": "3228995810", "edit_history_tweet_ids": ["923966029625208832"]}, {"created_at": "2017-10-27T17:29:10.000Z", "id": "923964806473887749", "text": "Chequen como quedo nuestro uniforme.  Angel Molina Sol Diaz Zepeda Roberto Operbus Mendez Roberto Vargas mira... https://t.co/G4llJz4RNZ", "author_id": "883440584", "edit_history_tweet_ids": ["923964806473887749"]}, {"created_at": "2017-10-27T17:16:02.000Z", "id": "923961501450416129", "text": "Roberto D\u00edaz - birdie on hole 14 -1 (E): T71st", "author_id": "2891452520", "edit_history_tweet_ids": ["923961501450416129"]}, {"created_at": "2017-10-27T16:34:04.000Z", "id": "923950936183181317", "text": "Roberto D\u00edaz - birdie on hole 11 E (+1): T88th", "author_id": "2891452520", "edit_history_tweet_ids": ["923950936183181317"]}, {"created_at": "2017-10-27T15:46:04.000Z", "id": "923938857615314944", "text": "Roberto D\u00edaz - bogey on hole 8 +1 (+2): T99th", "author_id": "3228995810", "edit_history_tweet_ids": ["923938857615314944"]}, {"created_at": "2017-10-27T15:40:07.000Z", "id": "923937360005431297", "text": "Roberto D\u00edaz - bogey on hole 7 E (+1): T87th", "author_id": "3228995810", "edit_history_tweet_ids": ["923937360005431297"]}, {"created_at": "2017-10-27T13:58:02.000Z", "id": "923911672988864514", "text": "Roberto D\u00edaz - birdie on hole 1 -1 (E): T68th", "author_id": "2891452520", "edit_history_tweet_ids": ["923911672988864514"]}, {"created_at": "2017-10-27T12:44:58.000Z", "id": "923893282840727553", "text": "Miguel D\u00edaz a Tenerife, a ver si hay suerte y le vemos unos minutos. Por l\u00f3gica deber\u00eda de jugar por Roberto.", "author_id": "1642658316", "edit_history_tweet_ids": ["923893282840727553"]}, {"created_at": "2017-10-27T04:31:56.000Z", "id": "923769206381957120", "text": "RT @FCEGuatemala: #FceHoy los esperamos en la presentaci\u00f3n del libro Mascar\u00f3n de Pro de Roberto D\u00edaz Castillo a las 18:00 horas en la @Emba\u2026", "author_id": "347531959", "edit_history_tweet_ids": ["923769206381957120"]}, {"created_at": "2017-10-27T03:50:19.000Z", "id": "923758732894404609", "text": "Retweeted Margarita Restrepo (@MargaritaRepo):\n\n#VIDEO | \u00bfPor qu\u00e9 no han detenido al corrupto de Roberto Prieto?... https://t.co/ZQ9Y1v8Ixe", "author_id": "390497227", "edit_history_tweet_ids": ["923758732894404609"]}, {"created_at": "2017-10-27T03:48:29.000Z", "id": "923758273203003393", "text": "Retweeted Doctor Fausto (@Dr__Fausto):\n\n\u00bfEx fiscal Montealegre es intocable? \n\u00bfRoberto Prieto, Gina, Cecilia, que... https://t.co/uEpZc59R5B", "author_id": "390497227", "edit_history_tweet_ids": ["923758273203003393"]}, {"created_at": "2017-10-27T02:21:48.000Z", "id": "923736457096900609", "text": "RT @maresolmos: @UdeGuanajuato Y el Ing Roberto D\u00edaz Colunga tambi\u00e9n egresado de la UG gana el@premio nacional de miner\u00eda en la misma premi\u2026", "author_id": "725313930160021505", "edit_history_tweet_ids": ["923736457096900609"]}, {"created_at": "2017-10-27T02:00:09.000Z", "id": "923731009102807040", "text": "Retweeted Vicky D\u00e1vila (@VickyDavilaH):\n\nJuan Sebastian Correa revel\u00f3 que Roberto Prieto y Luis F. Andrade... https://t.co/1SQQpSHxLr", "author_id": "390497227", "edit_history_tweet_ids": ["923731009102807040"]}, {"created_at": "2017-10-27T01:23:00.000Z", "id": "923721661400207360", "text": "Gente como Roberto D\u00edaz Castillo nunca muere, sigue vivo entre nosotros dice Jos\u00e9 Luis Perdomo en la presentaci\u00f3n de Mascar\u00f3n de Proa https://t.co/pCIm2PDyTI", "author_id": "871938720", "edit_history_tweet_ids": ["923721661400207360"]}, {"created_at": "2017-10-27T01:03:48.000Z", "id": "923716829570269184", "text": "#FceHoy Anabella Giracara dice de Roberto Diaz Castillo y su libro Mascar\u00f3n de Proa, \"Su texto no tiene polvo, es limpio\" https://t.co/Ce4ECY4VCN", "author_id": "871938720", "edit_history_tweet_ids": ["923716829570269184"]}, {"created_at": "2017-10-27T00:29:40.000Z", "id": "923708238524137472", "text": "RT @Pacoaleman_ESPN: 70 (-2) @cabrera_pato y A. Ancer en la primera ronda del Sandersons Farms. 73 Roberto Diaz. Lideres en -6", "author_id": "897806393335590912", "edit_history_tweet_ids": ["923708238524137472"]}, {"created_at": "2017-10-27T00:27:58.000Z", "id": "923707810231095296", "text": "70 (-2) @cabrera_pato y A. Ancer en la primera ronda del Sandersons Farms. 73 Roberto Diaz. Lideres en -6", "author_id": "157427517", "edit_history_tweet_ids": ["923707810231095296"]}, {"created_at": "2017-10-27T00:11:55.000Z", "id": "923703771321942017", "text": "RT @SebasDecker: Jueces para #Gremio-#BSC:\n\u2022Central: Roberto Tobar (\ud83c\udde8\ud83c\uddf1).\n\u2022L1: Carlos Astroza.\n\u2022L2: Christian Schiemann.\n\u20224to: Mario D\u00edaz De\u2026", "author_id": "3390444154", "edit_history_tweet_ids": ["923703771321942017"]}, {"created_at": "2017-10-26T23:51:57.000Z", "id": "923698748777046017", "text": "RT @FCEGuatemala: #FceHoy los esperamos en la presentaci\u00f3n del libro Mascar\u00f3n de Pro de Roberto D\u00edaz Castillo a las 18:00 horas en la @Emba\u2026", "author_id": "746032016", "edit_history_tweet_ids": ["923698748777046017"]}, {"created_at": "2017-10-26T23:39:39.000Z", "id": "923695650490822657", "text": "JV \ud83c\udfc8 UPDATE\nFriars 3, Warriors 0 - 1Q\n*37-yard FG by Roberto Diaz", "author_id": "64443890", "edit_history_tweet_ids": ["923695650490822657"]}, {"created_at": "2017-10-26T23:31:36.000Z", "id": "923693626726608896", "text": "#FceHoy los esperamos en la presentaci\u00f3n del libro Mascar\u00f3n de Pro de Roberto D\u00edaz Castillo a las 18:00 horas en la @EmbaMexGua https://t.co/5AngSFbuBw", "author_id": "871938720", "edit_history_tweet_ids": ["923693626726608896"]}, {"created_at": "2017-10-26T23:20:36.000Z", "id": "923690858007871488", "text": "RT @racingespueblo: #Efem\u00e9rides en la voz de @gleonar63: Conmemoramos a Roberto Osvaldo D\u00edaz, m\u00e1s conocido como #ElRoperoD\u00edaz. https://t.co\u2026", "author_id": "273588566", "edit_history_tweet_ids": ["923690858007871488"]}, {"created_at": "2017-10-26T23:20:18.000Z", "id": "923690781197533185", "text": "@UdeGuanajuato Y el Ing Roberto D\u00edaz Colunga tambi\u00e9n egresado de la UG gana el@premio nacional de miner\u00eda en la misma premiacion", "author_id": "1470800954", "edit_history_tweet_ids": ["923690781197533185"]}, {"created_at": "2017-10-26T23:07:44.000Z", "id": "923687620126937088", "text": "RT @SebasDecker: Jueces para #Gremio-#BSC:\n\u2022Central: Roberto Tobar (\ud83c\udde8\ud83c\uddf1).\n\u2022L1: Carlos Astroza.\n\u2022L2: Christian Schiemann.\n\u20224to: Mario D\u00edaz De\u2026", "author_id": "2374352671", "edit_history_tweet_ids": ["923687620126937088"]}, {"created_at": "2017-10-26T21:44:49.000Z", "id": "923666752885673984", "text": "RT @PGABogeys: Roberto D\u00edaz - bogey on hole 4* +3 (+3): T113th", "author_id": "2843708525", "edit_history_tweet_ids": ["923666752885673984"]}, {"created_at": "2017-10-26T21:42:03.000Z", "id": "923666058283765760", "text": "Roberto D\u00edaz - bogey on hole 4* +3 (+3): T113th", "author_id": "3228995810", "edit_history_tweet_ids": ["923666058283765760"]}, {"created_at": "2017-10-26T21:22:05.000Z", "id": "923661031125155846", "text": "\u00c1rbitros para Gremio vs Barcelona SC. \n\nRoberto Tobar \ud83c\udde8\ud83c\uddf1 (Central)\nCarlos Astroza (A1)\nCristhian Schiemann (A2)\nMario Diaz de Vivar \ud83c\uddf5\ud83c\uddfe (4to)", "author_id": "85417141", "edit_history_tweet_ids": ["923661031125155846"]}, {"created_at": "2017-10-26T21:20:29.000Z", "id": "923660631487770624", "text": "Jueces para #Gremio-#BSC:\n\u2022Central: Roberto Tobar (\ud83c\udde8\ud83c\uddf1).\n\u2022L1: Carlos Astroza.\n\u2022L2: Christian Schiemann.\n\u20224to: Mario D\u00edaz De Vivar (\ud83c\uddf5\ud83c\uddfe).", "author_id": "184270592", "edit_history_tweet_ids": ["923660631487770624"]}, {"created_at": "2017-10-26T21:05:41.000Z", "id": "923656906324967425", "text": "@angrudo88 @jordigarciatv @balompiedom @XCadalso @Doce_Pasion @FutbolTotalRD @minuto90rd @Tiempodfutbolrd @SeleFutRD De donde era Roberto Diaz? Fundaci\u00f3n Atl\u00e9tico. Donde estaba Baroni? Riquito en Fundaci\u00f3n Atletico. Temas ocultos", "author_id": "802093172478320640", "edit_history_tweet_ids": ["923656906324967425"]}, {"created_at": "2017-10-26T21:03:44.000Z", "id": "923656414849052673", "text": "@CONCACAFDOMINI @jordigarciatv @balompiedom @XCadalso @Doce_Pasion @FutbolTotalRD @minuto90rd @Tiempodfutbolrd @SeleFutRD Baroni era fijo en las convocatorias de Roberto Diaz.", "author_id": "841991128555618305", "edit_history_tweet_ids": ["923656414849052673"]}, {"created_at": "2017-10-26T20:56:03.000Z", "id": "923654480025018368", "text": "Roberto D\u00edaz - bogey on hole 1* +2 (+2): T105th", "author_id": "3228995810", "edit_history_tweet_ids": ["923654480025018368"]}, {"created_at": "2017-10-26T19:58:05.000Z", "id": "923639893951238144", "text": "Roberto D\u00edaz - bogey on hole 15* +1 (+1): T87th", "author_id": "3228995810", "edit_history_tweet_ids": ["923639893951238144"]}, {"created_at": "2017-10-26T19:56:44.000Z", "id": "923639553696641026", "text": "#Efem\u00e9rides en la voz de @gleonar63: Conmemoramos a Roberto Osvaldo D\u00edaz, m\u00e1s conocido como #ElRoperoD\u00edaz. https://t.co/DyGz4U3679", "author_id": "2847338657", "edit_history_tweet_ids": ["923639553696641026"]}, {"created_at": "2017-10-26T16:27:16.000Z", "id": "923586840258588672", "text": "as\u00ed el tr\u00e1fico de Pedro Miguel para la ciudad tvntrafico https://t.co/xKKjuNmFKJ\n\n\u2014 Roberto Ruiz Diaz. (R_RuizDiaz) October 26, 2017\n\nVia.\u2026", "author_id": "892385788700368896", "edit_history_tweet_ids": ["923586840258588672"]}, {"created_at": "2017-10-26T16:01:09.000Z", "id": "923580267058683905", "text": "26 Oct. 6pm. Presentaci\u00f3n del libro \"Mascar\u00f3n de Proa\" de Roberto D\u00edaz Castilo. Entrada libre, Embajada de M\u00e9xico... https://t.co/f54APw5Eav", "author_id": "82543997", "edit_history_tweet_ids": ["923580267058683905"]}, {"created_at": "2017-10-26T04:51:18.000Z", "id": "923411695078227968", "text": "RT @FCEGuatemala: Ma\u00f1ana conoceremos las historias que plasm\u00f3 Roberto D\u00edaz Castillo en su obra p\u00f3stuma Mascar\u00f3n de Proa, en la @EmbaMexGua\u2026", "author_id": "800809098904145920", "edit_history_tweet_ids": ["923411695078227968"]}, {"created_at": "2017-10-26T03:24:06.000Z", "id": "923389749766828034", "text": "Ivo Diaz Barrozo agreg\u00f3 una foto nueva \u2014 con Henry Stephen Pierre Cuenta II y Carlos Roberto More\u00e1n Corothie. https://t.co/BvC7lKIXY7", "author_id": "1074524798", "edit_history_tweet_ids": ["923389749766828034"]}, {"created_at": "2017-10-26T00:12:51.000Z", "id": "923341620329811970", "text": "RT @FCEGuatemala: Ma\u00f1ana conoceremos las historias que plasm\u00f3 Roberto D\u00edaz Castillo en su obra p\u00f3stuma Mascar\u00f3n de Proa, en la @EmbaMexGua\u2026", "author_id": "820602714", "edit_history_tweet_ids": ["923341620329811970"]}, {"created_at": "2017-10-25T23:59:34.000Z", "id": "923338274545991681", "text": "@cabrera_pato y Fabi\u00e1n G\u00f3mez, en el Sanbderson Farms del @PGATOUR https://t.co/gHelZunFJ8", "author_id": "175445382", "edit_history_tweet_ids": ["923338274545991681"]}, {"created_at": "2017-10-25T23:54:54.000Z", "id": "923337103827722240", "text": "RT @FCEGuatemala: Ma\u00f1ana conoceremos las historias que plasm\u00f3 Roberto D\u00edaz Castillo en su obra p\u00f3stuma Mascar\u00f3n de Proa, en la @EmbaMexGua\u2026", "author_id": "453323548", "edit_history_tweet_ids": ["923337103827722240"]}, {"created_at": "2017-10-25T22:23:53.000Z", "id": "923314195407532035", "text": "RT @FCEGuatemala: Ma\u00f1ana conoceremos las historias que plasm\u00f3 Roberto D\u00edaz Castillo en su obra p\u00f3stuma Mascar\u00f3n de Proa, en la @EmbaMexGua\u2026", "author_id": "82543997", "edit_history_tweet_ids": ["923314195407532035"]}, {"created_at": "2017-10-25T20:42:52.000Z", "id": "923288774615928832", "text": "@guayaquil92's account is temporarily unavailable because it violates the Twitter Media Policy. Learn more.", "author_id": "822279546024103936", "edit_history_tweet_ids": ["923288774615928832"]}, {"created_at": "2017-10-25T20:05:53.000Z", "id": "923279466083823620", "text": "RT @jamolestina: Barcelona para hoy:\nBanguera\n\nVelasco\nArreaga\nL. Caicedo\nB. Caicedo\n\nOyola\nMinda\n\nEsterilla\nD\u00edaz\nVera\n\nNahuelpan\n\nV\u00eda @rob\u2026", "author_id": "3038250533", "edit_history_tweet_ids": ["923279466083823620"]}, {"created_at": "2017-10-25T19:31:45.000Z", "id": "923270876182835200", "text": "RT @jamolestina: Barcelona para hoy:\nBanguera\n\nVelasco\nArreaga\nL. Caicedo\nB. Caicedo\n\nOyola\nMinda\n\nEsterilla\nD\u00edaz\nVera\n\nNahuelpan\n\nV\u00eda @rob\u2026", "author_id": "285273853", "edit_history_tweet_ids": ["923270876182835200"]}, {"created_at": "2017-10-25T19:21:05.000Z", "id": "923268191845011456", "text": "RT @jamolestina: Barcelona para hoy:\nBanguera\n\nVelasco\nArreaga\nL. Caicedo\nB. Caicedo\n\nOyola\nMinda\n\nEsterilla\nD\u00edaz\nVera\n\nNahuelpan\n\nV\u00eda @rob\u2026", "author_id": "418072605", "edit_history_tweet_ids": ["923268191845011456"]}, {"created_at": "2017-10-25T18:35:41.000Z", "id": "923256767814959106", "text": "RT @jamolestina: Barcelona para hoy:\nBanguera\n\nVelasco\nArreaga\nL. Caicedo\nB. Caicedo\n\nOyola\nMinda\n\nEsterilla\nD\u00edaz\nVera\n\nNahuelpan\n\nV\u00eda @rob\u2026", "author_id": "290593320", "edit_history_tweet_ids": ["923256767814959106"]}, {"created_at": "2017-10-25T18:29:02.000Z", "id": "923255095030149120", "text": "RT @jamolestina: Barcelona para hoy:\nBanguera\n\nVelasco\nArreaga\nL. Caicedo\nB. Caicedo\n\nOyola\nMinda\n\nEsterilla\nD\u00edaz\nVera\n\nNahuelpan\n\nV\u00eda @rob\u2026", "author_id": "215109282", "edit_history_tweet_ids": ["923255095030149120"]}, {"created_at": "2017-10-25T18:27:31.000Z", "id": "923254715051397120", "text": "RT @jamolestina: Barcelona para hoy:\nBanguera\n\nVelasco\nArreaga\nL. Caicedo\nB. Caicedo\n\nOyola\nMinda\n\nEsterilla\nD\u00edaz\nVera\n\nNahuelpan\n\nV\u00eda @rob\u2026", "author_id": "455806124", "edit_history_tweet_ids": ["923254715051397120"]}, {"created_at": "2017-10-25T18:20:14.000Z", "id": "923252880823513089", "text": "RT @FCEGuatemala: Ma\u00f1ana conoceremos las historias que plasm\u00f3 Roberto D\u00edaz Castillo en su obra p\u00f3stuma Mascar\u00f3n de Proa, en la @EmbaMexGua\u2026", "author_id": "506111304", "edit_history_tweet_ids": ["923252880823513089"]}, {"created_at": "2017-10-25T18:07:51.000Z", "id": "923249762555478017", "text": "RT @FILGuatemala: Mascar\u00f3n de proa, de Roberto D\u00edaz Castillo. https://t.co/fqRh1l4PDD", "author_id": "343658848", "edit_history_tweet_ids": ["923249762555478017"]}, {"created_at": "2017-10-25T18:06:09.000Z", "id": "923249333901938698", "text": "Mascar\u00f3n de proa, de Roberto D\u00edaz Castillo. https://t.co/qoArkhuG1K", "author_id": "603601586", "edit_history_tweet_ids": ["923249333901938698"]}, {"created_at": "2017-10-25T18:05:47.000Z", "id": "923249242612920322", "text": "Mascar\u00f3n de proa, de Roberto D\u00edaz Castillo. https://t.co/OrvMC3J0HP", "author_id": "439343773", "edit_history_tweet_ids": ["923249242612920322"]}, {"created_at": "2017-10-25T18:05:26.000Z", "id": "923249153731452929", "text": "Mascar\u00f3n de proa, de Roberto D\u00edaz Castillo. https://t.co/fqRh1l4PDD", "author_id": "506111304", "edit_history_tweet_ids": ["923249153731452929"]}, {"created_at": "2017-10-25T17:25:00.000Z", "id": "923238979650162688", "text": "RT @jamolestina: Barcelona para hoy:\nBanguera\n\nVelasco\nArreaga\nL. Caicedo\nB. Caicedo\n\nOyola\nMinda\n\nEsterilla\nD\u00edaz\nVera\n\nNahuelpan\n\nV\u00eda @rob\u2026", "author_id": "334820008", "edit_history_tweet_ids": ["923238979650162688"]}, {"created_at": "2017-10-25T16:38:09.000Z", "id": "923227191365787648", "text": "RT @jamolestina: Barcelona para hoy:\nBanguera\n\nVelasco\nArreaga\nL. Caicedo\nB. Caicedo\n\nOyola\nMinda\n\nEsterilla\nD\u00edaz\nVera\n\nNahuelpan\n\nV\u00eda @rob\u2026", "author_id": "213030770", "edit_history_tweet_ids": ["923227191365787648"]}, {"created_at": "2017-10-25T16:30:35.000Z", "id": "923225285507604480", "text": "RT @jamolestina: Barcelona para hoy:\nBanguera\n\nVelasco\nArreaga\nL. Caicedo\nB. Caicedo\n\nOyola\nMinda\n\nEsterilla\nD\u00edaz\nVera\n\nNahuelpan\n\nV\u00eda @rob\u2026", "author_id": "189939408", "edit_history_tweet_ids": ["923225285507604480"]}, {"created_at": "2017-10-25T16:30:14.000Z", "id": "923225198387716096", "text": "RT @FederacionMSS: Roberto Moreno D\u00edaz, del @VallecasSOS, convocado para participar en la German Cup\u00b417 \u00a1Enhorabuena! https://t.co/RkXsm19l\u2026", "author_id": "2382084373", "edit_history_tweet_ids": ["923225198387716096"]}, {"created_at": "2017-10-25T16:28:21.000Z", "id": "923224724267728896", "text": "RT @FCEGuatemala: Ma\u00f1ana conoceremos las historias que plasm\u00f3 Roberto D\u00edaz Castillo en su obra p\u00f3stuma Mascar\u00f3n de Proa, en la @EmbaMexGua\u2026", "author_id": "746032016", "edit_history_tweet_ids": ["923224724267728896"]}, {"created_at": "2017-10-25T16:25:59.000Z", "id": "923224129129631744", "text": "RT @jamolestina: Barcelona para hoy:\nBanguera\n\nVelasco\nArreaga\nL. Caicedo\nB. Caicedo\n\nOyola\nMinda\n\nEsterilla\nD\u00edaz\nVera\n\nNahuelpan\n\nV\u00eda @rob\u2026", "author_id": "4856965667", "edit_history_tweet_ids": ["923224129129631744"]}, {"created_at": "2017-10-25T16:25:47.000Z", "id": "923224079506780164", "text": "RT @jamolestina: Barcelona para hoy:\nBanguera\n\nVelasco\nArreaga\nL. Caicedo\nB. Caicedo\n\nOyola\nMinda\n\nEsterilla\nD\u00edaz\nVera\n\nNahuelpan\n\nV\u00eda @rob\u2026", "author_id": "148976175", "edit_history_tweet_ids": ["923224079506780164"]}, {"created_at": "2017-10-25T16:22:51.000Z", "id": "923223341254807553", "text": "Ma\u00f1ana conoceremos las historias que plasm\u00f3 Roberto D\u00edaz Castillo en su obra p\u00f3stuma Mascar\u00f3n de Proa, en la @EmbaMexGua a las 18:00 horas https://t.co/CNIOk7x7vY", "author_id": "871938720", "edit_history_tweet_ids": ["923223341254807553"]}, {"created_at": "2017-10-25T16:21:32.000Z", "id": "923223006675161088", "text": "RT @jamolestina: Barcelona para hoy:\nBanguera\n\nVelasco\nArreaga\nL. Caicedo\nB. Caicedo\n\nOyola\nMinda\n\nEsterilla\nD\u00edaz\nVera\n\nNahuelpan\n\nV\u00eda @rob\u2026", "author_id": "1330502617", "edit_history_tweet_ids": ["923223006675161088"]}, {"created_at": "2017-10-25T16:19:22.000Z", "id": "923222464792072193", "text": "RT @jamolestina: Barcelona para hoy:\nBanguera\n\nVelasco\nArreaga\nL. Caicedo\nB. Caicedo\n\nOyola\nMinda\n\nEsterilla\nD\u00edaz\nVera\n\nNahuelpan\n\nV\u00eda @rob\u2026", "author_id": "264540995", "edit_history_tweet_ids": ["923222464792072193"]}, {"created_at": "2017-10-25T16:12:55.000Z", "id": "923220839914524672", "text": "RT @jamolestina: Barcelona para hoy:\nBanguera\n\nVelasco\nArreaga\nL. Caicedo\nB. Caicedo\n\nOyola\nMinda\n\nEsterilla\nD\u00edaz\nVera\n\nNahuelpan\n\nV\u00eda @rob\u2026", "author_id": "997175376", "edit_history_tweet_ids": ["923220839914524672"]}, {"created_at": "2017-10-25T15:50:59.000Z", "id": "923215320608837632", "text": "RT @jamolestina: Barcelona para hoy:\nBanguera\n\nVelasco\nArreaga\nL. Caicedo\nB. Caicedo\n\nOyola\nMinda\n\nEsterilla\nD\u00edaz\nVera\n\nNahuelpan\n\nV\u00eda @rob\u2026", "author_id": "862874079082274816", "edit_history_tweet_ids": ["923215320608837632"]}, {"created_at": "2017-10-25T15:46:57.000Z", "id": "923214304509390848", "text": "Barcelona para hoy:\nBanguera\n\nVelasco\nArreaga\nL. Caicedo\nB. Caicedo\n\nOyola\nMinda\n\nEsterilla\nD\u00edaz\nVera\n\nNahuelpan\n\nV\u00eda @roberto_032", "author_id": "919984050567307266", "edit_history_tweet_ids": ["923214304509390848"]}, {"created_at": "2017-10-25T15:46:41.000Z", "id": "923214237987635200", "text": "RT @jamolestina: Barcelona para hoy:\nBanguera\n\nVelasco\nArreaga\nL. Caicedo\nB. Caicedo\n\nOyola\nMinda\n\nEsterilla\nD\u00edaz\nVera\n\nNahuelpan\n\nV\u00eda @rob\u2026", "author_id": "290793372", "edit_history_tweet_ids": ["923214237987635200"]}, {"created_at": "2017-10-25T15:35:53.000Z", "id": "923211518895726592", "text": "RT @jamolestina: Barcelona para hoy:\nBanguera\n\nVelasco\nArreaga\nL. Caicedo\nB. Caicedo\n\nOyola\nMinda\n\nEsterilla\nD\u00edaz\nVera\n\nNahuelpan\n\nV\u00eda @rob\u2026", "author_id": "154356058", "edit_history_tweet_ids": ["923211518895726592"]}, {"created_at": "2017-10-25T15:34:35.000Z", "id": "923211193409515526", "text": "RT @jamolestina: Barcelona para hoy:\nBanguera\n\nVelasco\nArreaga\nL. Caicedo\nB. Caicedo\n\nOyola\nMinda\n\nEsterilla\nD\u00edaz\nVera\n\nNahuelpan\n\nV\u00eda @rob\u2026", "author_id": "865900676", "edit_history_tweet_ids": ["923211193409515526"]}, {"created_at": "2017-10-25T15:33:35.000Z", "id": "923210942887931905", "text": "RT @jamolestina: Barcelona para hoy:\nBanguera\n\nVelasco\nArreaga\nL. Caicedo\nB. Caicedo\n\nOyola\nMinda\n\nEsterilla\nD\u00edaz\nVera\n\nNahuelpan\n\nV\u00eda @rob\u2026", "author_id": "2376494467", "edit_history_tweet_ids": ["923210942887931905"]}, {"created_at": "2017-10-25T15:31:41.000Z", "id": "923210462711418880", "text": "RT @jamolestina: Barcelona para hoy:\nBanguera\n\nVelasco\nArreaga\nL. Caicedo\nB. Caicedo\n\nOyola\nMinda\n\nEsterilla\nD\u00edaz\nVera\n\nNahuelpan\n\nV\u00eda @rob\u2026", "author_id": "120508793", "edit_history_tweet_ids": ["923210462711418880"]}, {"created_at": "2017-10-25T15:24:29.000Z", "id": "923208651820752896", "text": "RT @jamolestina: Barcelona para hoy:\nBanguera\n\nVelasco\nArreaga\nL. Caicedo\nB. Caicedo\n\nOyola\nMinda\n\nEsterilla\nD\u00edaz\nVera\n\nNahuelpan\n\nV\u00eda @rob\u2026", "author_id": "3404519740", "edit_history_tweet_ids": ["923208651820752896"]}, {"created_at": "2017-10-25T15:18:24.000Z", "id": "923207119716999168", "text": "RT @jamolestina: Barcelona para hoy:\nBanguera\n\nVelasco\nArreaga\nL. Caicedo\nB. Caicedo\n\nOyola\nMinda\n\nEsterilla\nD\u00edaz\nVera\n\nNahuelpan\n\nV\u00eda @rob\u2026", "author_id": "3425067071", "edit_history_tweet_ids": ["923207119716999168"]}, {"created_at": "2017-10-25T15:18:16.000Z", "id": "923207087664058368", "text": "RT @jamolestina: Barcelona para hoy:\nBanguera\n\nVelasco\nArreaga\nL. Caicedo\nB. Caicedo\n\nOyola\nMinda\n\nEsterilla\nD\u00edaz\nVera\n\nNahuelpan\n\nV\u00eda @rob\u2026", "author_id": "100068267", "edit_history_tweet_ids": ["923207087664058368"]}, {"created_at": "2017-10-25T15:14:41.000Z", "id": "923206185444102146", "text": "RT @jamolestina: Barcelona para hoy:\nBanguera\n\nVelasco\nArreaga\nL. Caicedo\nB. Caicedo\n\nOyola\nMinda\n\nEsterilla\nD\u00edaz\nVera\n\nNahuelpan\n\nV\u00eda @rob\u2026", "author_id": "2968666851", "edit_history_tweet_ids": ["923206185444102146"]}, {"created_at": "2017-10-25T15:13:39.000Z", "id": "923205926605217807", "text": "RT @jamolestina: Barcelona para hoy:\nBanguera\n\nVelasco\nArreaga\nL. Caicedo\nB. Caicedo\n\nOyola\nMinda\n\nEsterilla\nD\u00edaz\nVera\n\nNahuelpan\n\nV\u00eda @rob\u2026", "author_id": "479124594", "edit_history_tweet_ids": ["923205926605217807"]}, {"created_at": "2017-10-25T15:11:46.000Z", "id": "923205449255673856", "text": "RT @jamolestina: Barcelona para hoy:\nBanguera\n\nVelasco\nArreaga\nL. Caicedo\nB. Caicedo\n\nOyola\nMinda\n\nEsterilla\nD\u00edaz\nVera\n\nNahuelpan\n\nV\u00eda @rob\u2026", "author_id": "200753906", "edit_history_tweet_ids": ["923205449255673856"]}, {"created_at": "2017-10-25T15:10:02.000Z", "id": "923205014570590209", "text": "RT @jamolestina: Barcelona para hoy:\nBanguera\n\nVelasco\nArreaga\nL. Caicedo\nB. Caicedo\n\nOyola\nMinda\n\nEsterilla\nD\u00edaz\nVera\n\nNahuelpan\n\nV\u00eda @rob\u2026", "author_id": "274259001", "edit_history_tweet_ids": ["923205014570590209"]}, {"created_at": "2017-10-25T15:06:24.000Z", "id": "923204099490963457", "text": "Once de @BarcelonaSCweb: Banguera; Velasco, Arreaga, Caicedo, B. Caicedo; Minda, Oyola; Esterilla, Vera; D\u00edaz; Nahuelpan v\u00eda @roberto_032", "author_id": "112065318", "edit_history_tweet_ids": ["923204099490963457"]}, {"created_at": "2017-10-25T15:06:22.000Z", "id": "923204093384019969", "text": "Barcelona para hoy:\nBanguera\n\nVelasco\nArreaga\nL. Caicedo\nB. Caicedo\n\nOyola\nMinda\n\nEsterilla\nD\u00edaz\nVera\n\nNahuelpan\n\nV\u00eda @roberto_032", "author_id": "142061797", "edit_history_tweet_ids": ["923204093384019969"]}, {"created_at": "2017-10-25T12:11:34.000Z", "id": "923160102898753537", "text": "@FabianGomezGolf @cabrera_pato @Abraham_Ancer y @bobbydiazz, a por el @Sanderson_Champ del @PGATOUR #Golf https://t.co/gs5bzfGVLb", "author_id": "107844292", "edit_history_tweet_ids": ["923160102898753537"]}, {"created_at": "2017-10-25T11:53:57.000Z", "id": "923155668978356224", "text": "RT @TROOPERGRIS: @Julioac13 @AlsinaJuana No se si por ignorancia, o adrede, la Prensa NO LO MARCA. De RAM\u00d3N DIAZ y de ROBERTO MOUZO, hay qu\u2026", "author_id": "373685098", "edit_history_tweet_ids": ["923155668978356224"]}, {"created_at": "2017-10-25T11:12:34.000Z", "id": "923145253183524865", "text": "@Julioac13 @AlsinaJuana No se si por ignorancia, o adrede, la Prensa NO LO MARCA. De RAM\u00d3N DIAZ y de ROBERTO MOUZO, hay que decirla verdad. NO LO HACEN.", "author_id": "1414199240", "edit_history_tweet_ids": ["923145253183524865"]}, {"created_at": "2017-10-25T02:59:35.000Z", "id": "923021189353746432", "text": "RT @EmbaMexGua: @FigueroaSarti, Jos\u00e9 Luis Perdomo y Anabella Giraca comentar\u00e1n libro Mascar\u00f3n de Proa de Roberto D\u00edaz presentado por @FCEGu\u2026", "author_id": "362137489", "edit_history_tweet_ids": ["923021189353746432"]}, {"created_at": "2017-10-25T02:26:26.000Z", "id": "923012847667482624", "text": "RT @EmbaMexGua: @FigueroaSarti, Jos\u00e9 Luis Perdomo y Anabella Giraca comentar\u00e1n libro Mascar\u00f3n de Proa de Roberto D\u00edaz presentado por @FCEGu\u2026", "author_id": "1071240157", "edit_history_tweet_ids": ["923012847667482624"]}, {"created_at": "2017-10-25T02:07:39.000Z", "id": "923008121370394624", "text": "RT @EmbaMexGua: @FigueroaSarti, Jos\u00e9 Luis Perdomo y Anabella Giraca comentar\u00e1n libro Mascar\u00f3n de Proa de Roberto D\u00edaz presentado por @FCEGu\u2026", "author_id": "603601586", "edit_history_tweet_ids": ["923008121370394624"]}, {"created_at": "2017-10-24T22:37:07.000Z", "id": "922955137869602816", "text": "RT @EmbaMexGua: @FigueroaSarti, Jos\u00e9 Luis Perdomo y Anabella Giraca comentar\u00e1n libro Mascar\u00f3n de Proa de Roberto D\u00edaz presentado por @FCEGu\u2026", "author_id": "746032016", "edit_history_tweet_ids": ["922955137869602816"]}], "meta": {"newest_id": "924258819190001669", "oldest_id": "922955137869602816", "result_count": 99, "next_token": "1jzu9lk96gu5npw44ef9mexvspxzeqr4zws2251t7r7h"}}