{"data": [{"created_at": "2017-11-01T10:40:51.000Z", "id": "925673988315066371", "author_id": "733406833709174785", "text": "RT @CarmGGr: @roberto_macias_ Ni Sanidad, ni Educaci\u00f3n, ni Empleo ni Justicia.Hay algo q funcione bien en Andaluc\u00eda? Ah s\u00ed, la Gran Adm\u00f3n P\u2026", "edit_history_tweet_ids": ["925673988315066371"]}, {"created_at": "2017-11-01T10:37:26.000Z", "id": "925673129493651456", "author_id": "900391142403035137", "text": "RT @CarmGGr: @roberto_macias_ Ni Sanidad, ni Educaci\u00f3n, ni Empleo ni Justicia.Hay algo q funcione bien en Andaluc\u00eda? Ah s\u00ed, la Gran Adm\u00f3n P\u2026", "edit_history_tweet_ids": ["925673129493651456"]}, {"created_at": "2017-11-01T10:15:14.000Z", "id": "925667540004671488", "author_id": "2889318153", "text": "RT @CarmGGr: @roberto_macias_ Ni Sanidad, ni Educaci\u00f3n, ni Empleo ni Justicia.Hay algo q funcione bien en Andaluc\u00eda? Ah s\u00ed, la Gran Adm\u00f3n P\u2026", "edit_history_tweet_ids": ["925667540004671488"]}, {"created_at": "2017-11-01T10:07:03.000Z", "id": "925665479670329346", "author_id": "905829158630170633", "text": "RT @CarmGGr: @roberto_macias_ Ni Sanidad, ni Educaci\u00f3n, ni Empleo ni Justicia.Hay algo q funcione bien en Andaluc\u00eda? Ah s\u00ed, la Gran Adm\u00f3n P\u2026", "edit_history_tweet_ids": ["925665479670329346"]}, {"created_at": "2017-11-01T10:05:35.000Z", "id": "925665112899407872", "author_id": "2664830020", "text": "RT @CarmGGr: @roberto_macias_ Ni Sanidad, ni Educaci\u00f3n, ni Empleo ni Justicia.Hay algo q funcione bien en Andaluc\u00eda? Ah s\u00ed, la Gran Adm\u00f3n P\u2026", "edit_history_tweet_ids": ["925665112899407872"]}, {"created_at": "2017-11-01T10:04:48.000Z", "id": "925664917184708608", "author_id": "277642944", "text": "RT @CarmGGr: @roberto_macias_ Ni Sanidad, ni Educaci\u00f3n, ni Empleo ni Justicia.Hay algo q funcione bien en Andaluc\u00eda? Ah s\u00ed, la Gran Adm\u00f3n P\u2026", "edit_history_tweet_ids": ["925664917184708608"]}, {"created_at": "2017-11-01T09:59:41.000Z", "id": "925663625615986689", "author_id": "1035492522", "text": "RT @CarmGGr: @roberto_macias_ Ni Sanidad, ni Educaci\u00f3n, ni Empleo ni Justicia.Hay algo q funcione bien en Andaluc\u00eda? Ah s\u00ed, la Gran Adm\u00f3n P\u2026", "edit_history_tweet_ids": ["925663625615986689"]}, {"created_at": "2017-11-01T09:57:23.000Z", "id": "925663049645789184", "author_id": "1311398348", "text": "RT @CarmGGr: @roberto_macias_ Ni Sanidad, ni Educaci\u00f3n, ni Empleo ni Justicia.Hay algo q funcione bien en Andaluc\u00eda? Ah s\u00ed, la Gran Adm\u00f3n P\u2026", "edit_history_tweet_ids": ["925663049645789184"]}, {"created_at": "2017-11-01T09:55:04.000Z", "id": "925662466239090688", "author_id": "1881363770", "text": "RT @CarmGGr: @roberto_macias_ Ni Sanidad, ni Educaci\u00f3n, ni Empleo ni Justicia.Hay algo q funcione bien en Andaluc\u00eda? Ah s\u00ed, la Gran Adm\u00f3n P\u2026", "edit_history_tweet_ids": ["925662466239090688"]}, {"created_at": "2017-11-01T09:52:46.000Z", "id": "925661886825353216", "author_id": "612411163", "text": "RT @CarmGGr: @roberto_macias_ Ni Sanidad, ni Educaci\u00f3n, ni Empleo ni Justicia.Hay algo q funcione bien en Andaluc\u00eda? Ah s\u00ed, la Gran Adm\u00f3n P\u2026", "edit_history_tweet_ids": ["925661886825353216"]}, {"created_at": "2017-11-01T09:49:30.000Z", "id": "925661064636887040", "author_id": "2513404060", "text": "RT @CarmGGr: @roberto_macias_ Ni Sanidad, ni Educaci\u00f3n, ni Empleo ni Justicia.Hay algo q funcione bien en Andaluc\u00eda? Ah s\u00ed, la Gran Adm\u00f3n P\u2026", "edit_history_tweet_ids": ["925661064636887040"]}, {"created_at": "2017-11-01T09:48:30.000Z", "id": "925660812513071104", "author_id": "861459593049911297", "text": "RT @CarmGGr: @roberto_macias_ Ni Sanidad, ni Educaci\u00f3n, ni Empleo ni Justicia.Hay algo q funcione bien en Andaluc\u00eda? Ah s\u00ed, la Gran Adm\u00f3n P\u2026", "edit_history_tweet_ids": ["925660812513071104"]}, {"created_at": "2017-11-01T09:47:59.000Z", "id": "925660681764040704", "author_id": "234680773", "text": "RT @CarmGGr: @roberto_macias_ Ni Sanidad, ni Educaci\u00f3n, ni Empleo ni Justicia.Hay algo q funcione bien en Andaluc\u00eda? Ah s\u00ed, la Gran Adm\u00f3n P\u2026", "edit_history_tweet_ids": ["925660681764040704"]}, {"created_at": "2017-11-01T09:47:48.000Z", "id": "925660635647504384", "author_id": "1339760053", "text": "RT @CarmGGr: @roberto_macias_ Ni Sanidad, ni Educaci\u00f3n, ni Empleo ni Justicia.Hay algo q funcione bien en Andaluc\u00eda? Ah s\u00ed, la Gran Adm\u00f3n P\u2026", "edit_history_tweet_ids": ["925660635647504384"]}, {"created_at": "2017-11-01T09:47:31.000Z", "id": "925660566160662528", "author_id": "2326490765", "text": "RT @CarmGGr: @roberto_macias_ Ni Sanidad, ni Educaci\u00f3n, ni Empleo ni Justicia.Hay algo q funcione bien en Andaluc\u00eda? Ah s\u00ed, la Gran Adm\u00f3n P\u2026", "edit_history_tweet_ids": ["925660566160662528"]}, {"created_at": "2017-11-01T09:47:15.000Z", "id": "925660497617281024", "author_id": "1964572009", "text": "RT @CarmGGr: @roberto_macias_ Ni Sanidad, ni Educaci\u00f3n, ni Empleo ni Justicia.Hay algo q funcione bien en Andaluc\u00eda? Ah s\u00ed, la Gran Adm\u00f3n P\u2026", "edit_history_tweet_ids": ["925660497617281024"]}, {"created_at": "2017-11-01T09:46:42.000Z", "id": "925660359171682304", "author_id": "181154612", "text": "RT @CarmGGr: @roberto_macias_ Ni Sanidad, ni Educaci\u00f3n, ni Empleo ni Justicia.Hay algo q funcione bien en Andaluc\u00eda? Ah s\u00ed, la Gran Adm\u00f3n P\u2026", "edit_history_tweet_ids": ["925660359171682304"]}, {"created_at": "2017-11-01T09:43:05.000Z", "id": "925659452136738816", "author_id": "802509398727860228", "text": "RT @CarmGGr: @roberto_macias_ Ni Sanidad, ni Educaci\u00f3n, ni Empleo ni Justicia.Hay algo q funcione bien en Andaluc\u00eda? Ah s\u00ed, la Gran Adm\u00f3n P\u2026", "edit_history_tweet_ids": ["925659452136738816"]}, {"created_at": "2017-11-01T09:40:16.000Z", "id": "925658742443663360", "author_id": "794627201777934342", "text": "RT @CarmGGr: @roberto_macias_ Ni Sanidad, ni Educaci\u00f3n, ni Empleo ni Justicia.Hay algo q funcione bien en Andaluc\u00eda? Ah s\u00ed, la Gran Adm\u00f3n P\u2026", "edit_history_tweet_ids": ["925658742443663360"]}, {"created_at": "2017-11-01T09:38:58.000Z", "id": "925658412465127424", "author_id": "795632298280488960", "text": "@roberto_macias_ Ni Sanidad, ni Educaci\u00f3n, ni Empleo ni Justicia.Hay algo q funcione bien en Andaluc\u00eda? Ah s\u00ed, la Gran Adm\u00f3n Paralela https://t.co/tDmesdENS3", "edit_history_tweet_ids": ["925658412465127424"]}, {"created_at": "2017-11-01T00:00:28.000Z", "id": "925512829012271105", "author_id": "134012919", "text": "Negrete est\u00e1 preparado para ir por el t\u00edtulo: Roberto D\u00edaz https://t.co/Z92LbU48g6 https://t.co/oXMTaneAvR", "edit_history_tweet_ids": ["925512829012271105"]}, {"created_at": "2017-10-31T21:24:28.000Z", "id": "925473571333394438", "author_id": "104589304", "text": "Retweeted ROBERTO DIAZ DE LEON (@robertoddel):\n\nApertura atrae casi 73 mil mill. pesos a M\u00e9xico, se\u00f1ala... https://t.co/6uYmTuMfRX", "edit_history_tweet_ids": ["925473571333394438"]}, {"created_at": "2017-10-31T21:24:27.000Z", "id": "925473568011505664", "author_id": "116356671", "text": "Retweeted ROBERTO DIAZ DE LEON (@robertoddel):\n\nApertura atrae casi 73 mil mill. pesos a M\u00e9xico, se\u00f1ala... https://t.co/dWa4Pv8toD", "edit_history_tweet_ids": ["925473568011505664"]}, {"created_at": "2017-10-31T21:24:24.000Z", "id": "925473553578725376", "author_id": "104589304", "text": "Retweeted ROBERTO DIAZ DE LEON (@robertoddel):\n\nApertura atrae casi 73 mil mill. pesos a M\u00e9xico, se\u00f1ala... https://t.co/hhrjAHO80r", "edit_history_tweet_ids": ["925473553578725376"]}, {"created_at": "2017-10-31T21:01:53.000Z", "id": "925467886889652224", "author_id": "954543144", "text": "\ud83d\ude02\ud83d\ude02\ud83d\ude02\ud83d\ude02\ud83d\ude02\ud83d\ude02\ud83d\ude02\ud83d\ude02 el regio Luis Roberto Diaz pidiendo hallowen vdd Nallely Ferrel Lizbeth Rosete Guillen https://t.co/sNkDV0sUIo", "edit_history_tweet_ids": ["925467886889652224"]}, {"created_at": "2017-10-31T19:57:25.000Z", "id": "925451663149813760", "author_id": "169550797", "text": "RT @Roberto_Osornio: Compartiendo con una par de grandes amigos @abe_garcia &amp; @diaz_manuel la XIII Convenci\u00f3n del @IMECE_MX en la @HDeLosMo\u2026", "edit_history_tweet_ids": ["925451663149813760"]}, {"created_at": "2017-10-31T19:31:43.000Z", "id": "925445197651169280", "author_id": "32466494", "text": "RT @Diaz__Roberto: @1061KISSFMDFW I\u2019ll go down into this basement with the scary dude https://t.co/wpc95koLaC", "edit_history_tweet_ids": ["925445197651169280"]}, {"created_at": "2017-10-31T18:43:45.000Z", "id": "925433125488005126", "author_id": "152418843", "text": "@Roberto_Osornio @diaz_manuel @IMECE_MX @HDeLosMorales Siempre un gusto, querido amigo", "edit_history_tweet_ids": ["925433125488005126"]}, {"created_at": "2017-10-31T17:09:52.000Z", "id": "925409498432499713", "author_id": "978543308", "text": "\u00a1Que hoy sea un d\u00eda lleno de emociones que pueda disfrutar al maximo! #FelizCumplea\u00f1os al Lic. Roberto Diaz L\u00f3pez, Gerente de  @XpuHaTravel https://t.co/8nVtlkaJvh", "edit_history_tweet_ids": ["925409498432499713"]}, {"created_at": "2017-10-31T16:07:13.000Z", "id": "925393733046161414", "author_id": "134012919", "text": "Negrete est\u00e1 preparado para ir por el t\u00edtulo: Roberto D\u00edaz https://t.co/Z92LbU48g6 https://t.co/7QCsBXmfXQ", "edit_history_tweet_ids": ["925393733046161414"]}, {"created_at": "2017-10-31T15:46:09.000Z", "id": "925388430766469120", "author_id": "873230187240071169", "text": "RT @borisoscarn: @olimpo_saez Viendo la retransmisi\u00f3n de su programa con el Coronel Roberto D\u00edaz Herrera. Impensable este duelo de ideas a\u00f1\u2026", "edit_history_tweet_ids": ["925388430766469120"]}, {"created_at": "2017-10-31T15:42:10.000Z", "id": "925387427954425856", "author_id": "150397339", "text": "@IgorVerBistki preguntale a roberto rincon, abrahan shiera, nervis villalobos Luus J Diaz etc etc y mas etc", "edit_history_tweet_ids": ["925387427954425856"]}, {"created_at": "2017-10-31T14:56:21.000Z", "id": "925375900329406464", "author_id": "921347696933339137", "text": "RT @Cynegeticus: HT Argentina 0-0 Chile - D\u00edaz and Rojo sent off, other players carded. Brazilian referee H\u00e9ber Roberto Lopes very poor so\u2026", "edit_history_tweet_ids": ["925375900329406464"]}, {"created_at": "2017-10-31T14:49:12.000Z", "id": "925374101019119617", "author_id": "1589778090", "text": "RT @Cynegeticus: HT Argentina 0-0 Chile - D\u00edaz and Rojo sent off, other players carded. Brazilian referee H\u00e9ber Roberto Lopes very poor so\u2026", "edit_history_tweet_ids": ["925374101019119617"]}, {"created_at": "2017-10-31T12:59:49.000Z", "id": "925346573315395584", "author_id": "2247251205", "text": "RT @theSupremeRk9s: @Diaz__Roberto Not even close I think lol", "edit_history_tweet_ids": ["925346573315395584"]}, {"created_at": "2017-10-31T09:23:23.000Z", "id": "925292106658217984", "author_id": "1111934696", "text": "\u2615Vuleve a ver la entrevisa completa a Roberto Fern\u00e1ndez D\u00edaz en #UnCaf\u00e9conSusanna #Caf\u00e9Universidad @EspejoPublico  https://t.co/vqdv7JTH3e https://t.co/9tgOOTB2RU", "edit_history_tweet_ids": ["925292106658217984"]}, {"created_at": "2017-10-31T07:53:53.000Z", "id": "925269583111622657", "author_id": "286350811", "text": "Roberto Fernandez d\u00edaz (Rector, Catedr\u00e1tico de Historia): \"no sobran universidades, no sobran universitarios. Necesitamos medios\"", "edit_history_tweet_ids": ["925269583111622657"]}, {"created_at": "2017-10-31T07:52:41.000Z", "id": "925269279406284801", "author_id": "907376138091102210", "text": "Roberto Fern\u00e1ndez D\u00edaz: \"El gobierno de Espa\u00f1a tiene que tomarse en serio a La Universidad\".\n\u00a1Cu\u00e1nta verdad!", "edit_history_tweet_ids": ["925269279406284801"]}, {"created_at": "2017-10-31T07:51:27.000Z", "id": "925268968557940737", "author_id": "1528943497", "text": "Roberto Fern\u00e1ndez Diaz: ' las democracias aburridas son fant\u00e1sticas.'Brillante el presidente de la conferencia de rectores rector de Lleida", "edit_history_tweet_ids": ["925268968557940737"]}, {"created_at": "2017-10-31T07:47:46.000Z", "id": "925268042472394752", "author_id": "243090036", "text": "#cafeuniversidad Da gusto por hablar a Roberto Fern\u00e1ndez D\u00edaz, que educaci\u00f3n y coherencia.", "edit_history_tweet_ids": ["925268042472394752"]}, {"created_at": "2017-10-31T07:43:43.000Z", "id": "925267024229621760", "author_id": "913749537591832576", "text": "#cafeuniversidad Roberto Fern\u00e1ndez D\u00edaz un rector e historiador qu\u00e9 dese\u00f3 se respete su trabajo!", "edit_history_tweet_ids": ["925267024229621760"]}, {"created_at": "2017-10-31T07:42:12.000Z", "id": "925266641033842688", "author_id": "823224168", "text": "Susanna Griso: \u201chablemos de Catalu\u00f1a\u201d\nRoberto Fern\u00e1ndez D\u00edaz: \u201cyo he venido a hablar de mi libro\u201d #Caf\u00e9Universidad", "edit_history_tweet_ids": ["925266641033842688"]}, {"created_at": "2017-10-31T07:41:37.000Z", "id": "925266493369192448", "author_id": "707651179", "text": "RT @marcialmarinh: Felicidades a Roberto Fern\u00e1ndez D\u00edaz, rector de @UdL_info y nuevo presidente de la @CrueUniversidad. Gracias por tu gest\u2026", "edit_history_tweet_ids": ["925266493369192448"]}, {"created_at": "2017-10-31T07:40:51.000Z", "id": "925266302524166145", "author_id": "41557723", "text": "\u201cMe gusta hablar de lo que s\u00e9\u201d. - Roberto Fern\u00e1ndez D\u00edaz, rector de la Universidad de Lleida. Debe ser el \u00fanico espa\u00f1ol, pide un deseo.", "edit_history_tweet_ids": ["925266302524166145"]}, {"created_at": "2017-10-31T07:38:28.000Z", "id": "925265699530043393", "author_id": "168612873", "text": "RT @Todoliteratura: Roberto Fern\u00e1ndez D\u00edaz publica la biograf\u00eda \"Carlos III. Un monarca reformista\". La biograf\u00eda definitiva del monarca ht\u2026", "edit_history_tweet_ids": ["925265699530043393"]}, {"created_at": "2017-10-31T07:36:02.000Z", "id": "925265090928107520", "author_id": "168612873", "text": "RT @ElLlobregat: El hospitalense Roberto Fern\u00e1ndez D\u00edaz, nuevo presidente de la Conferencia de Rectores de las Universidades Esp. \u27a1\ufe0f https:\u2026", "edit_history_tweet_ids": ["925265090928107520"]}, {"created_at": "2017-10-31T07:35:23.000Z", "id": "925264925341175808", "author_id": "69036854", "text": "\u2615Hoy el rector de la Universidad de Lleida, Roberto Fern\u00e1ndez D\u00edaz, se toma #UnCaf\u00e9ConSusanna  \u25b6https://t.co/897gn9dxri #Caf\u00e9Universidad https://t.co/DcQAAbs4h9", "edit_history_tweet_ids": ["925264925341175808"]}, {"created_at": "2017-10-31T02:40:43.000Z", "id": "925190772240146433", "author_id": "75387832", "text": "RT @elroundfinal: @paolovega Mario Arano y Roberto D\u00edaz, matchmaker de GB, realizaron la petici\u00f3n. Si la AMB aprueba, Matthysse pelear\u00e1 por\u2026", "edit_history_tweet_ids": ["925190772240146433"]}, {"created_at": "2017-10-31T02:39:52.000Z", "id": "925190554778038272", "author_id": "3436301933", "text": "RT @elroundfinal: @paolovega Mario Arano y Roberto D\u00edaz, matchmaker de GB, realizaron la petici\u00f3n. Si la AMB aprueba, Matthysse pelear\u00e1 por\u2026", "edit_history_tweet_ids": ["925190554778038272"]}, {"created_at": "2017-10-31T00:15:00.000Z", "id": "925154099020161025", "author_id": "393039595", "text": "@Diaz__Roberto Still I don\u2019t think so! I haven\u2019t been able to play tooo much", "edit_history_tweet_ids": ["925154099020161025"]}, {"created_at": "2017-10-31T00:06:55.000Z", "id": "925152066011586562", "author_id": "393039595", "text": "@Diaz__Roberto Not even close I think lol", "edit_history_tweet_ids": ["925152066011586562"]}, {"created_at": "2017-10-30T23:38:33.000Z", "id": "925144924802179072", "author_id": "28807463", "text": "RT @elroundfinal: @paolovega Mario Arano y Roberto D\u00edaz, matchmaker de GB, realizaron la petici\u00f3n. Si la AMB aprueba, Matthysse pelear\u00e1 por\u2026", "edit_history_tweet_ids": ["925144924802179072"]}, {"created_at": "2017-10-30T23:38:19.000Z", "id": "925144869500223488", "author_id": "3436301933", "text": "@paolovega Mario Arano y Roberto D\u00edaz, matchmaker de GB, realizaron la petici\u00f3n. Si la AMB aprueba, Matthysse pelear\u00e1 por el t\u00edtulo (ph @paolovega) https://t.co/XRaYFImiRH", "edit_history_tweet_ids": ["925144869500223488"]}, {"created_at": "2017-10-30T17:35:22.000Z", "id": "925053527180894208", "author_id": "105702715", "text": "RT @Diaz__Roberto: FIRST OF ALL. It\u2019s \u201cCindy! This bitch is messing up my floor!\u201d \n\nI am appalled that 20K people retweeted that wrong ass\u2026", "edit_history_tweet_ids": ["925053527180894208"]}, {"created_at": "2017-10-30T17:30:38.000Z", "id": "925052338326458368", "author_id": "1696826660", "text": "Esmil Diaz at Woodstock Club / Photos by Roberto Geri PH.\n\nNEXT... Marted\u00ec 31 Ottobre HALLOWEEN LATINO...\nVenerd\u00ec... https://t.co/BTJbgHlNXk", "edit_history_tweet_ids": ["925052338326458368"]}, {"created_at": "2017-10-30T17:30:24.000Z", "id": "925052279127990272", "author_id": "178331301", "text": "Esmil Diaz at Woodstock Club / Photos by Roberto Geri PH.\n\nNEXT... Marted\u00ec 31 Ottobre HALLOWEEN LATINO...\nVenerd\u00ec... https://t.co/sCAg6n9rPj", "edit_history_tweet_ids": ["925052279127990272"]}, {"created_at": "2017-10-30T15:46:27.000Z", "id": "925026119354671104", "author_id": "746032016", "text": "RT @FCEGuatemala: #FceHoy Anabella Giracara dice de Roberto Diaz Castillo y su libro Mascar\u00f3n de Proa, \"Su texto no tiene polvo, es limpio\"\u2026", "edit_history_tweet_ids": ["925026119354671104"]}, {"created_at": "2017-10-30T13:21:41.000Z", "id": "924989688137560064", "author_id": "2768556395", "text": "RT @eolopacheco: Ya lleg\u00f3 Graco, \u00a1aguas con sus carteras!, la columna de Roberto D\u00edaz Guerrero en El Regional\nhttps://t.co/K5E4aOLGcR", "edit_history_tweet_ids": ["924989688137560064"]}, {"created_at": "2017-10-30T11:48:34.000Z", "id": "924966251348332545", "author_id": "154016269", "text": "RT @eolopacheco: Ya lleg\u00f3 Graco, \u00a1aguas con sus carteras!, la columna de Roberto D\u00edaz Guerrero en El Regional\nhttps://t.co/K5E4aOLGcR", "edit_history_tweet_ids": ["924966251348332545"]}, {"created_at": "2017-10-30T11:48:12.000Z", "id": "924966159996325888", "author_id": "135656427", "text": "Ya lleg\u00f3 Graco, \u00a1aguas con sus carteras!, la columna de Roberto D\u00edaz Guerrero en El Regional\nhttps://t.co/K5E4aOLGcR", "edit_history_tweet_ids": ["924966159996325888"]}, {"created_at": "2017-10-29T21:45:04.000Z", "id": "924753980294561792", "author_id": "110534434", "text": "@diaz_rovira @MalagaCF @adriangonzalez8 @JoseRecio45 Roberto de mi vida por poco me da algo", "edit_history_tweet_ids": ["924753980294561792"]}, {"created_at": "2017-10-29T18:15:21.000Z", "id": "924701202423664641", "author_id": "2247251205", "text": "RT @theSupremeRk9s: @Diaz__Roberto @dilliciousmac I didn\u2019t know she did let\u2019s plays", "edit_history_tweet_ids": ["924701202423664641"]}, {"created_at": "2017-10-29T14:18:01.000Z", "id": "924641477082386432", "author_id": "2247251205", "text": "RT @theSupremeRk9s: @Diaz__Roberto Better damn be", "edit_history_tweet_ids": ["924641477082386432"]}, {"created_at": "2017-10-29T05:40:29.000Z", "id": "924511233402957824", "author_id": "908892830", "text": "RT @roberto_macias_: #YoApoyoAJesusCandel si las pintadas fueran en casa de Susana D\u00edaz, los responsables de las amenazas ya estuvieran det\u2026", "edit_history_tweet_ids": ["924511233402957824"]}, {"created_at": "2017-10-29T04:13:54.000Z", "id": "924489446510166016", "author_id": "452372132", "text": "@Diaz__Roberto @dilliciousmac your worst nightmare", "edit_history_tweet_ids": ["924489446510166016"]}, {"created_at": "2017-10-29T03:54:48.000Z", "id": "924484639942692865", "author_id": "1480828890", "text": "@Diaz__Roberto Everyone be Jeb and Winnie this year!", "edit_history_tweet_ids": ["924484639942692865"]}, {"created_at": "2017-10-29T03:47:41.000Z", "id": "924482845413990400", "author_id": "393039595", "text": "@Diaz__Roberto Better damn be", "edit_history_tweet_ids": ["924482845413990400"]}, {"created_at": "2017-10-28T23:28:44.000Z", "id": "924417678827237376", "author_id": "304505333", "text": "@profebraca #UDLigaMX Apoyando a los Tigres con Roberto Dimas Garza y Omar Diaz desde Corpus Christi Tx.", "edit_history_tweet_ids": ["924417678827237376"]}, {"created_at": "2017-10-28T23:28:23.000Z", "id": "924417593649360896", "author_id": "304505333", "text": "@jllopezsalido #UDLigaMX Apoyando a los Tigres con Roberto Dimas Garza y Omar Diaz desde Corpus Christi Tx.", "edit_history_tweet_ids": ["924417593649360896"]}, {"created_at": "2017-10-28T22:16:33.000Z", "id": "924399513900548096", "author_id": "329597345", "text": "RT @roberto_macias_: #YoApoyoAJesusCandel si las pintadas fueran en casa de Susana D\u00edaz, los responsables de las amenazas ya estuvieran det\u2026", "edit_history_tweet_ids": ["924399513900548096"]}, {"created_at": "2017-10-28T21:33:23.000Z", "id": "924388650812555264", "author_id": "719594871053492225", "text": "RT @roberto_macias_: #YoApoyoAJesusCandel si las pintadas fueran en casa de Susana D\u00edaz, los responsables de las amenazas ya estuvieran det\u2026", "edit_history_tweet_ids": ["924388650812555264"]}, {"created_at": "2017-10-28T21:30:59.000Z", "id": "924388046207930369", "author_id": "794627201777934342", "text": "RT @roberto_macias_: #YoApoyoAJesusCandel si las pintadas fueran en casa de Susana D\u00edaz, los responsables de las amenazas ya estuvieran det\u2026", "edit_history_tweet_ids": ["924388046207930369"]}, {"created_at": "2017-10-28T19:54:12.000Z", "id": "924363689884569600", "author_id": "1379518640", "text": "RT @roberto_macias_: #YoApoyoAJesusCandel si las pintadas fueran en casa de Susana D\u00edaz, los responsables de las amenazas ya estuvieran det\u2026", "edit_history_tweet_ids": ["924363689884569600"]}, {"created_at": "2017-10-28T19:38:37.000Z", "id": "924359771649691650", "author_id": "255930346", "text": "RT @roberto_macias_: #YoApoyoAJesusCandel si las pintadas fueran en casa de Susana D\u00edaz, los responsables de las amenazas ya estuvieran det\u2026", "edit_history_tweet_ids": ["924359771649691650"]}, {"created_at": "2017-10-28T19:35:09.000Z", "id": "924358897200238592", "author_id": "2889318153", "text": "RT @roberto_macias_: #YoApoyoAJesusCandel si las pintadas fueran en casa de Susana D\u00edaz, los responsables de las amenazas ya estuvieran det\u2026", "edit_history_tweet_ids": ["924358897200238592"]}, {"created_at": "2017-10-28T19:26:44.000Z", "id": "924356777835188224", "author_id": "897806393335590912", "text": "RT @noraventu: Semana que viene PGA Tour se juega el Shriners Hospitals con Abraham Ancer, Roberto Diaz, Fabian Gomez y Camilo Villegas en\u2026", "edit_history_tweet_ids": ["924356777835188224"]}, {"created_at": "2017-10-28T19:20:40.000Z", "id": "924355253922807808", "author_id": "104589304", "text": "Retweeted ROBERTO DIAZ DE LEON (@robertoddel):\n\nInauguran primera estaci\u00f3n  de gasolinera extranjera (@endeavor /... https://t.co/JU4CrrEL8a", "edit_history_tweet_ids": ["924355253922807808"]}, {"created_at": "2017-10-28T19:20:39.000Z", "id": "924355248755372032", "author_id": "116356671", "text": "Retweeted ROBERTO DIAZ DE LEON (@robertoddel):\n\nInauguran primera estaci\u00f3n  de gasolinera extranjera (@endeavor /... https://t.co/HvEo945xWQ", "edit_history_tweet_ids": ["924355248755372032"]}, {"created_at": "2017-10-28T19:20:35.000Z", "id": "924355229545402369", "author_id": "104589304", "text": "Retweeted ROBERTO DIAZ DE LEON (@robertoddel):\n\nInauguran primera estaci\u00f3n  de gasolinera extranjera (@endeavor /... https://t.co/xrk6rUGAQ9", "edit_history_tweet_ids": ["924355229545402369"]}, {"created_at": "2017-10-28T19:17:28.000Z", "id": "924354448171913216", "author_id": "146941448", "text": "Semana que viene PGA Tour se juega el Shriners Hospitals con Abraham Ancer, Roberto Diaz, Fabian Gomez y Camilo Villegas en el field.", "edit_history_tweet_ids": ["924354448171913216"]}, {"created_at": "2017-10-28T19:13:11.000Z", "id": "924353370504204288", "author_id": "918473207170117632", "text": "RT @roberto_macias_: #YoApoyoAJesusCandel si las pintadas fueran en casa de Susana D\u00edaz, los responsables de las amenazas ya estuvieran det\u2026", "edit_history_tweet_ids": ["924353370504204288"]}, {"created_at": "2017-10-28T19:12:18.000Z", "id": "924353145970548736", "author_id": "393039595", "text": "@Diaz__Roberto @dilliciousmac I didn\u2019t know she did let\u2019s plays", "edit_history_tweet_ids": ["924353145970548736"]}, {"created_at": "2017-10-28T18:41:02.000Z", "id": "924345279998058496", "author_id": "393394781", "text": "RT @roberto_macias_: #YoApoyoAJesusCandel si las pintadas fueran en casa de Susana D\u00edaz, los responsables de las amenazas ya estuvieran det\u2026", "edit_history_tweet_ids": ["924345279998058496"]}, {"created_at": "2017-10-28T18:39:06.000Z", "id": "924344792682844160", "author_id": "860528604", "text": "@olimpo_saez Viendo la retransmisi\u00f3n de su programa con el Coronel Roberto D\u00edaz Herrera. Impensable este duelo de ideas a\u00f1os atr\u00e1s, pero hoy es realidad.", "edit_history_tweet_ids": ["924344792682844160"]}, {"created_at": "2017-10-28T18:18:45.000Z", "id": "924339670430945285", "author_id": "2290088904", "text": "RT @roberto_macias_: #YoApoyoAJesusCandel si las pintadas fueran en casa de Susana D\u00edaz, los responsables de las amenazas ya estuvieran det\u2026", "edit_history_tweet_ids": ["924339670430945285"]}, {"created_at": "2017-10-28T18:17:14.000Z", "id": "924339288287965184", "author_id": "346039749", "text": "RT @roberto_macias_: #YoApoyoAJesusCandel si las pintadas fueran en casa de Susana D\u00edaz, los responsables de las amenazas ya estuvieran det\u2026", "edit_history_tweet_ids": ["924339288287965184"]}, {"created_at": "2017-10-28T18:10:49.000Z", "id": "924337674676207617", "author_id": "360614339", "text": "RT @roberto_macias_: #YoApoyoAJesusCandel si las pintadas fueran en casa de Susana D\u00edaz, los responsables de las amenazas ya estuvieran det\u2026", "edit_history_tweet_ids": ["924337674676207617"]}, {"created_at": "2017-10-28T18:05:46.000Z", "id": "924336403642814465", "author_id": "2664830020", "text": "RT @roberto_macias_: #YoApoyoAJesusCandel si las pintadas fueran en casa de Susana D\u00edaz, los responsables de las amenazas ya estuvieran det\u2026", "edit_history_tweet_ids": ["924336403642814465"]}, {"created_at": "2017-10-28T18:04:45.000Z", "id": "924336146611691521", "author_id": "856536981207166980", "text": "RT @roberto_macias_: #YoApoyoAJesusCandel si las pintadas fueran en casa de Susana D\u00edaz, los responsables de las amenazas ya estuvieran det\u2026", "edit_history_tweet_ids": ["924336146611691521"]}, {"created_at": "2017-10-28T18:03:05.000Z", "id": "924335727869153282", "author_id": "405580954", "text": "RT @roberto_macias_: #YoApoyoAJesusCandel si las pintadas fueran en casa de Susana D\u00edaz, los responsables de las amenazas ya estuvieran det\u2026", "edit_history_tweet_ids": ["924335727869153282"]}, {"created_at": "2017-10-28T18:02:45.000Z", "id": "924335643412647936", "author_id": "564253751", "text": "RT @roberto_macias_: #YoApoyoAJesusCandel si las pintadas fueran en casa de Susana D\u00edaz, los responsables de las amenazas ya estuvieran det\u2026", "edit_history_tweet_ids": ["924335643412647936"]}, {"created_at": "2017-10-28T18:01:04.000Z", "id": "924335219175514118", "author_id": "802637638557716480", "text": "RT @roberto_macias_: #YoApoyoAJesusCandel si las pintadas fueran en casa de Susana D\u00edaz, los responsables de las amenazas ya estuvieran det\u2026", "edit_history_tweet_ids": ["924335219175514118"]}, {"created_at": "2017-10-28T17:58:50.000Z", "id": "924334657042370560", "author_id": "1319835678", "text": "RT @roberto_macias_: #YoApoyoAJesusCandel si las pintadas fueran en casa de Susana D\u00edaz, los responsables de las amenazas ya estuvieran det\u2026", "edit_history_tweet_ids": ["924334657042370560"]}, {"created_at": "2017-10-28T17:57:56.000Z", "id": "924334431380307968", "author_id": "2189846128", "text": "RT @roberto_macias_: #YoApoyoAJesusCandel si las pintadas fueran en casa de Susana D\u00edaz, los responsables de las amenazas ya estuvieran det\u2026", "edit_history_tweet_ids": ["924334431380307968"]}, {"created_at": "2017-10-28T17:57:18.000Z", "id": "924334272374288386", "author_id": "181154612", "text": "RT @roberto_macias_: #YoApoyoAJesusCandel si las pintadas fueran en casa de Susana D\u00edaz, los responsables de las amenazas ya estuvieran det\u2026", "edit_history_tweet_ids": ["924334272374288386"]}, {"created_at": "2017-10-28T14:36:46.000Z", "id": "924283804801318912", "author_id": "835876914766233604", "text": "APOYAMOS LA CANDIDATURA DE LA CAMARADA TANIA DIAZ COMO ALCALDESA DEL MUNICIPIO BOLIVARIANO LIBERTADOR.SOMOS... https://t.co/4a5RiEVE6j", "edit_history_tweet_ids": ["924283804801318912"]}, {"created_at": "2017-10-28T14:25:22.000Z", "id": "924280939152363521", "author_id": "835876914766233604", "text": "SOMOS FEMINISTAS SOCIALISTAS APOYAMOS LA CANDIDATURA DE LA CAMARADA TENIA DIAZ COMO PROXIMA ALCALDESA DEL... https://t.co/xx6LKqaeaD", "edit_history_tweet_ids": ["924280939152363521"]}, {"created_at": "2017-10-28T13:33:24.000Z", "id": "924267861404766208", "author_id": "2418918823", "text": "Suplents: Roberto, Josete, Carlos Pita, Mario Barco, Luis Mu\u00f1oz,Albarrac\u00edn, Sergio D\u00edaz  #LugoN\u00e0stic", "edit_history_tweet_ids": ["924267861404766208"]}, {"created_at": "2017-10-28T13:09:22.000Z", "id": "924261810869624833", "author_id": "96627965", "text": "BANQUETA del @CDeportivoLugo | Roberto, Josete, Pita, Mario Barco, Luis Mu\u00f1oz, Albarrac\u00edn i Sergio D\u00edaz #SempreN\u00e0stic", "edit_history_tweet_ids": ["924261810869624833"]}], "meta": {"newest_id": "925673988315066371", "oldest_id": "924261810869624833", "result_count": 99, "next_token": "1jzu9lk96gu5npw44eg3iq1azdano6jf21vkipv1vtdp"}}