{"data": [{"edit_history_tweet_ids": ["922835300295917569"], "author_id": "294242766", "text": "El pajaro canta, aunque cruja la rama.\nRoberto Tinoco\nSalvador D\u00edaz Mir\u00f3n dijo: -el ave canta aunque la rama... https://t.co/yVC7wVHEmD", "created_at": "2017-10-24T14:40:55.000Z", "id": "922835300295917569"}, {"edit_history_tweet_ids": ["922657356730822657"], "author_id": "875913702007947264", "text": "Jesus Contreras\nDaniel Hern\u00e1ndez\nMi Mi Ortega\nArq Roberto German Lezama Espinoza\nRafael Xochipa Diaz https://t.co/jRIlPx9xSS", "created_at": "2017-10-24T02:53:50.000Z", "id": "922657356730822657"}, {"edit_history_tweet_ids": ["922637378560380930"], "author_id": "390497227", "text": "Retweeted Doctor Fausto (@Dr__Fausto):\n\nLo que Roberto Prieto robo al presupuesto nacional pas\u00f3 del bill\u00f3n de... https://t.co/KB6MmoUr70", "created_at": "2017-10-24T01:34:27.000Z", "id": "922637378560380930"}, {"edit_history_tweet_ids": ["922627879275413504"], "author_id": "3171645896", "text": "@Diaz__Roberto thank u!", "created_at": "2017-10-24T00:56:42.000Z", "id": "922627879275413504"}, {"edit_history_tweet_ids": ["922614447595761664"], "author_id": "82543997", "text": "RT @EmbaMexGua: Libro Mascar\u00f3n de Proa del autor guatemalteco Roberto D\u00edaz Castillo editado por @FCEMexico @FCEGuatemala se presentar\u00e1 en #\u2026", "created_at": "2017-10-24T00:03:20.000Z", "id": "922614447595761664"}, {"edit_history_tweet_ids": ["922605114447167488"], "author_id": "746032016", "text": "RT @EmbaMexGua: Libro Mascar\u00f3n de Proa del autor guatemalteco Roberto D\u00edaz Castillo editado por @FCEMexico @FCEGuatemala se presentar\u00e1 en #\u2026", "created_at": "2017-10-23T23:26:15.000Z", "id": "922605114447167488"}, {"edit_history_tweet_ids": ["922563698912137219"], "author_id": "87802215", "text": "Estame po\u00f1endo nervioso Roberto Leal intentando moi fortemente non ter acento. Rec\u00f3rdame a Susana D\u00edaz. #OTGala0", "created_at": "2017-10-23T20:41:40.000Z", "id": "922563698912137219"}, {"edit_history_tweet_ids": ["922556061235728384"], "author_id": "18939115", "text": "@sr_diaz_84 Hola Roberto. Danos todos los detalles de la oferta junto con tus datos por MD y vemos qu\u00e9 ha sucedido. Un saludo.", "created_at": "2017-10-23T20:11:19.000Z", "id": "922556061235728384"}, {"edit_history_tweet_ids": ["922545656018997249"], "author_id": "758773982753587204", "text": "Roberto Diaz: Set to play this week - https://t.co/eAXhQNGaz4", "created_at": "2017-10-23T19:29:59.000Z", "id": "922545656018997249"}, {"edit_history_tweet_ids": ["922541947276869632"], "author_id": "772861011455979520", "text": "REGION \u2013 The two men gunned down in La Puente Saturday have both been identified.\n\nRoberto Diaz, 32 from Pomona,... https://t.co/HomeZAr7BQ", "created_at": "2017-10-23T19:15:14.000Z", "id": "922541947276869632"}, {"edit_history_tweet_ids": ["922503798110736385"], "author_id": "202247080", "text": "Roberto Diaz quiero hacer todasssss https://t.co/yifU9DHKD3", "created_at": "2017-10-23T16:43:39.000Z", "id": "922503798110736385"}, {"edit_history_tweet_ids": ["922490241231065088"], "author_id": "498215299", "text": "SUB-15: Deportes La Serena 3-2 Coquimbo Unido\nGoles: Roberto Jopia x2, Carlos D\u00edaz DLS; Pablo Guajardo, Carlos Araya COQ", "created_at": "2017-10-23T15:49:47.000Z", "id": "922490241231065088"}, {"edit_history_tweet_ids": ["922472035690872832"], "author_id": "482313905", "text": "Roberto Goyheneche nac\u00eda hace 119 a\u00f1os\nHugo D\u00edaz muri\u00f3 hace 40 a\u00f1os", "created_at": "2017-10-23T14:37:26.000Z", "id": "922472035690872832"}, {"edit_history_tweet_ids": ["922324001803907072"], "author_id": "819049564946599936", "text": "@Diaz__Roberto wow I'm shook", "created_at": "2017-10-23T04:49:12.000Z", "id": "922324001803907072"}, {"edit_history_tweet_ids": ["922295808766050304"], "author_id": "365752732", "text": "RT @sgvcrime: Coroner's officials have identified 1 of the victims as Roberto Diaz, 32, of #Pomona. ID of second victim not yet released.", "created_at": "2017-10-23T02:57:10.000Z", "id": "922295808766050304"}, {"edit_history_tweet_ids": ["922287557790126082"], "author_id": "921826335630282752", "text": "#ElCartelYSixtoPaz Roberto Andr\u00e9s Herrera diaz 27/04/1991", "created_at": "2017-10-23T02:24:23.000Z", "id": "922287557790126082"}, {"edit_history_tweet_ids": ["922282644947251201"], "author_id": "921826335630282752", "text": "@CarteLdeLaMega Roberto Andr\u00e9s Herrera diaz 27/04/1991", "created_at": "2017-10-23T02:04:52.000Z", "id": "922282644947251201"}, {"edit_history_tweet_ids": ["922255721223409664"], "author_id": "776906863149539328", "text": "RT @RevistaFairway: Roberto D\u00edaz y Ben Silverman ser\u00e1n los capitanes para la Aruba Cup - https://t.co/ejSQudxR5N https://t.co/UGbp6BQyIg", "created_at": "2017-10-23T00:17:53.000Z", "id": "922255721223409664"}, {"edit_history_tweet_ids": ["922246947683164167"], "author_id": "524904517", "text": "Han aminorado los asaltos en las carreteras: Canacar. El presidente de la Canacar, Roberto D\u00edaz Ruiz", "created_at": "2017-10-22T23:43:01.000Z", "id": "922246947683164167"}, {"edit_history_tweet_ids": ["922245923819831297"], "author_id": "16087692", "text": "Coroner's officials have identified 1 of the victims as Roberto Diaz, 32, of #Pomona. ID of second victim not yet released.", "created_at": "2017-10-22T23:38:57.000Z", "id": "922245923819831297"}, {"edit_history_tweet_ids": ["922235761784737792"], "author_id": "390497227", "text": "Retweeted Hernando Carvalho Q. (@HCarvalhoQuigua):\n\n\u00a1Confirman que pellizco de Roberto Prieto al presupuesto... https://t.co/o306c9eX8M", "created_at": "2017-10-22T22:58:34.000Z", "id": "922235761784737792"}, {"edit_history_tweet_ids": ["922219365163868160"], "author_id": "1268259522", "text": "Una tarde con la familia.\ud83e\udd18\ud83d\ude02\ud83d\udc95\nMaria Elena Hernandez Diaz Gabriel Garcia Vazquez Roberto Garcia Javier Garcia", "created_at": "2017-10-22T21:53:25.000Z", "id": "922219365163868160"}, {"edit_history_tweet_ids": ["922194277496754176"], "author_id": "332900034", "text": "E o Quintal Ta arrasando ate mesmo c/ chuva... Etelvina Teodoro, Roberto, Odete, Edneia,...E muitos amigos... https://t.co/pFkeET72Pj", "created_at": "2017-10-22T20:13:43.000Z", "id": "922194277496754176"}, {"edit_history_tweet_ids": ["922039334940958720"], "author_id": "282090101", "text": "RT @jorgelopezmalla: @CICactualidad y si quereis ayuda @CICactualidad os invita a venir a los cursos de Spark y Tensorflow que daremos Robe\u2026", "created_at": "2017-10-22T09:58:02.000Z", "id": "922039334940958720"}, {"edit_history_tweet_ids": ["921924257734643712"], "author_id": "164434425", "text": "En @JuniorClubSA ingresaron Roberto Ovelar por Luis D\u00edaz y Leiner Escalante por Jarlan Barrera.", "created_at": "2017-10-22T02:20:46.000Z", "id": "921924257734643712"}, {"edit_history_tweet_ids": ["921923733002051584"], "author_id": "4333607308", "text": "Sale @JarlanJBarrera y entra Escalante y Roberto Ovelar lo hace por Luis D\u00edaz. https://t.co/zND0NMjiw3 https://t.co/XeUzchvdfG", "created_at": "2017-10-22T02:18:41.000Z", "id": "921923733002051584"}, {"edit_history_tweet_ids": ["921923626668044288"], "author_id": "901070635580968960", "text": "RT @DIARIODEPORTES: 22' ST CAMBIOS EN @JuniorClubSA SALIERON JARLAN BARRERA Y LUIS D\u00cdAZ. ENTRARON L\u00c9INER ESCALANTE Y ROBERTO OVELAR. #Junio\u2026", "created_at": "2017-10-22T02:18:15.000Z", "id": "921923626668044288"}, {"edit_history_tweet_ids": ["921923568417562624"], "author_id": "61018481", "text": "RT @DeportesEH: Min 67. Dos cambios en Junior: Sale Jarlan y entra L\u00e9iner Escalante. Roberto Ovelar lo hace por Luis D\u00edaz.", "created_at": "2017-10-22T02:18:01.000Z", "id": "921923568417562624"}, {"edit_history_tweet_ids": ["921923387286523905"], "author_id": "289442761", "text": "Min 67'\nDos cambios en Junior:\nEntran Roberto Ovelar y Leiner Escalante y Salen Jarlan Barrera y Luis D\u00edaz.\n#VamosJunior", "created_at": "2017-10-22T02:17:18.000Z", "id": "921923387286523905"}, {"edit_history_tweet_ids": ["921923329661067265"], "author_id": "128020050", "text": "22' ST CAMBIOS EN @JuniorClubSA SALIERON JARLAN BARRERA Y LUIS D\u00cdAZ. ENTRARON L\u00c9INER ESCALANTE Y ROBERTO OVELAR. #JuniorSantaFe", "created_at": "2017-10-22T02:17:04.000Z", "id": "921923329661067265"}, {"edit_history_tweet_ids": ["921923248731848704"], "author_id": "501931998", "text": "Min 67. Dos cambios en Junior: Sale Jarlan y entra L\u00e9iner Escalante. Roberto Ovelar lo hace por Luis D\u00edaz.", "created_at": "2017-10-22T02:16:45.000Z", "id": "921923248731848704"}, {"edit_history_tweet_ids": ["921912188956274688"], "author_id": "222777990", "text": "Malu Mader, Enrique Diaz, Guilherme Fontes, Roberto Battaglin, Drica Moraes, entre outros.", "created_at": "2017-10-22T01:32:48.000Z", "id": "921912188956274688"}, {"edit_history_tweet_ids": ["921911596162670592"], "author_id": "33350532", "text": "RT @esedelaefe: 8. Paso los nombres de las personas f\u00edsicas a las que les envi\u00e9 el dinero: Roberto D\u00edaz Martin. DNI C0017236034.", "created_at": "2017-10-22T01:30:27.000Z", "id": "921911596162670592"}, {"edit_history_tweet_ids": ["921891972029313024"], "author_id": "2895565085", "text": "Retweeted Roberto Finat D\u00edaz (@RobertoFinat):\n\nFARC entrena ind\u00edgenas\nTorturan polic\u00edas!\n@mujeraraucania... https://t.co/8BDyGhJGPh", "created_at": "2017-10-22T00:12:28.000Z", "id": "921891972029313024"}, {"edit_history_tweet_ids": ["921846072821067776"], "author_id": "390497227", "text": "Retweeted Doctor Fausto (@Dr__Fausto):\n\nEl protegido del ileg\u00edtimo @JuanManSantos; Roberto Prieto reconoce que... https://t.co/Q2Eo7PdptO", "created_at": "2017-10-21T21:10:05.000Z", "id": "921846072821067776"}, {"edit_history_tweet_ids": ["921841972821798913"], "author_id": "128920747", "text": "Presentaci\u00f3n de \"Mascar\u00f3n de proa\" de Roberto D\u00edaz Castillo https://t.co/Csiab6qzvW", "created_at": "2017-10-21T20:53:47.000Z", "id": "921841972821798913"}, {"edit_history_tweet_ids": ["921766579150426113"], "author_id": "841991128555618305", "text": "@XCadalso @Shareaholic Otra es Roberto D\u00edaz entrenador....", "created_at": "2017-10-21T15:54:12.000Z", "id": "921766579150426113"}, {"edit_history_tweet_ids": ["921760032726962176"], "author_id": "163522747", "text": "Roberto Miranda Carbonell escribi\u00f3: \nEva D\u00edaz M\u00e9ndez MI hermana me dijo el miercoles que en Carolina tienen un... https://t.co/eZg9nCCcAh", "created_at": "2017-10-21T15:28:11.000Z", "id": "921760032726962176"}, {"edit_history_tweet_ids": ["921718834364583937"], "author_id": "390497227", "text": "Retweeted Freddyrm (@Frojasmos):\n\nAlguien sabe a donde mando  @JuanManSantos  a Roberto Prieto para que se... https://t.co/odtJJjvNAu", "created_at": "2017-10-21T12:44:29.000Z", "id": "921718834364583937"}, {"edit_history_tweet_ids": ["921712659472543746"], "author_id": "390497227", "text": "Retweeted V\u00edctor Mendoza (@Vicme100):\n\nCorruptos! Aqu\u00ed el video de Roberto Prieto confirmando sin pudor que... https://t.co/kr6Kppx8RG", "created_at": "2017-10-21T12:19:57.000Z", "id": "921712659472543746"}, {"edit_history_tweet_ids": ["921664208453996544"], "author_id": "245942520", "text": "RT @ElLlobregat: El hospitalense Roberto Fern\u00e1ndez D\u00edaz, nuevo presidente de la Conferencia de Rectores de las Universidades Esp. \u27a1\ufe0f https:\u2026", "created_at": "2017-10-21T09:07:25.000Z", "id": "921664208453996544"}, {"edit_history_tweet_ids": ["921627042885636096"], "author_id": "88157590", "text": "https://t.co/5ykh3E0LnW", "created_at": "2017-10-21T06:39:44.000Z", "id": "921627042885636096"}, {"edit_history_tweet_ids": ["921617447123333120"], "author_id": "2933223515", "text": "@Diaz__Roberto It's the only way to treat people who wont pineapple on Pizza!", "created_at": "2017-10-21T06:01:36.000Z", "id": "921617447123333120"}, {"edit_history_tweet_ids": ["921597873703317504"], "author_id": "826998967703572482", "text": "@Diaz__Roberto Do you really need to ask that question? Lol", "created_at": "2017-10-21T04:43:50.000Z", "id": "921597873703317504"}, {"edit_history_tweet_ids": ["921547964971089920"], "author_id": "2377597093", "text": "RT @esedelaefe: 8. Paso los nombres de las personas f\u00edsicas a las que les envi\u00e9 el dinero: Roberto D\u00edaz Martin. DNI C0017236034.", "created_at": "2017-10-21T01:25:31.000Z", "id": "921547964971089920"}, {"edit_history_tweet_ids": ["921530910847258624"], "author_id": "64443890", "text": "1Q | 4:32 \u2013 Friars 14, Cardinals 0\nJacob Lewis powers in from 2 yards out. Roberto Diaz good on another PAT.", "created_at": "2017-10-21T00:17:45.000Z", "id": "921530910847258624"}, {"edit_history_tweet_ids": ["921510027789291520"], "author_id": "3227534744", "text": "RT @PressPortmx: Duelo con sello de Liguilla, el quinto recibe al sexto. Roberto Hern\u00e1ndez contra el 'Chavo' D\u00edaz, desde el Estadio Morelos\u2026", "created_at": "2017-10-20T22:54:46.000Z", "id": "921510027789291520"}, {"edit_history_tweet_ids": ["921509470424981504"], "author_id": "2526207188", "text": "Duelo con sello de Liguilla, el quinto recibe al sexto. Roberto Hern\u00e1ndez contra el 'Chavo' D\u00edaz, desde el Estadio Morelos. \n\n#MORvLEO https://t.co/ohXhqUmpYJ", "created_at": "2017-10-20T22:52:33.000Z", "id": "921509470424981504"}, {"edit_history_tweet_ids": ["921460495852457984"], "author_id": "162851911", "text": "RT @esedelaefe: 8. Paso los nombres de las personas f\u00edsicas a las que les envi\u00e9 el dinero: Roberto D\u00edaz Martin. DNI C0017236034.", "created_at": "2017-10-20T19:37:56.000Z", "id": "921460495852457984"}, {"edit_history_tweet_ids": ["921450991198920705"], "author_id": "139168572", "text": "primera edicion\ncon roberto silva diaz\nviernes 20 oct. 2017 https://t.co/Jb3eGbaAq7", "created_at": "2017-10-20T19:00:10.000Z", "id": "921450991198920705"}, {"edit_history_tweet_ids": ["921450959456358404"], "author_id": "2471384935", "text": "Roberto Diaz platic\u00f3 con PGA TOUR Latinoam\u00e9rica en relaci\u00f3n a su nombramiento como capit\u00e1n en #ArubaCup 2017.... https://t.co/ug5pRNBjMr", "created_at": "2017-10-20T19:00:03.000Z", "id": "921450959456358404"}, {"edit_history_tweet_ids": ["921445294872678400"], "author_id": "191253552", "text": "RT @esedelaefe: 8. Paso los nombres de las personas f\u00edsicas a las que les envi\u00e9 el dinero: Roberto D\u00edaz Martin. DNI C0017236034.", "created_at": "2017-10-20T18:37:32.000Z", "id": "921445294872678400"}, {"edit_history_tweet_ids": ["921432684248928256"], "author_id": "18904979", "text": "RT @esedelaefe: 8. Paso los nombres de las personas f\u00edsicas a las que les envi\u00e9 el dinero: Roberto D\u00edaz Martin. DNI C0017236034.", "created_at": "2017-10-20T17:47:25.000Z", "id": "921432684248928256"}, {"edit_history_tweet_ids": ["921431054703038464"], "author_id": "816847774029385728", "text": "RT @esedelaefe: 8. Paso los nombres de las personas f\u00edsicas a las que les envi\u00e9 el dinero: Roberto D\u00edaz Martin. DNI C0017236034.", "created_at": "2017-10-20T17:40:57.000Z", "id": "921431054703038464"}, {"edit_history_tweet_ids": ["921430789727883265"], "author_id": "224104691", "text": "RT @esedelaefe: 8. Paso los nombres de las personas f\u00edsicas a las que les envi\u00e9 el dinero: Roberto D\u00edaz Martin. DNI C0017236034.", "created_at": "2017-10-20T17:39:54.000Z", "id": "921430789727883265"}, {"edit_history_tweet_ids": ["921429793794613248"], "author_id": "2731222895", "text": "RT @esedelaefe: 8. Paso los nombres de las personas f\u00edsicas a las que les envi\u00e9 el dinero: Roberto D\u00edaz Martin. DNI C0017236034.", "created_at": "2017-10-20T17:35:56.000Z", "id": "921429793794613248"}, {"edit_history_tweet_ids": ["921428855998636032"], "author_id": "2317633790", "text": "RT @esedelaefe: 8. Paso los nombres de las personas f\u00edsicas a las que les envi\u00e9 el dinero: Roberto D\u00edaz Martin. DNI C0017236034.", "created_at": "2017-10-20T17:32:13.000Z", "id": "921428855998636032"}, {"edit_history_tweet_ids": ["921427845427036160"], "author_id": "251453399", "text": "RT @esedelaefe: 8. Paso los nombres de las personas f\u00edsicas a las que les envi\u00e9 el dinero: Roberto D\u00edaz Martin. DNI C0017236034.", "created_at": "2017-10-20T17:28:12.000Z", "id": "921427845427036160"}, {"edit_history_tweet_ids": ["921426092736512000"], "author_id": "30504981", "text": "RT @esedelaefe: 8. Paso los nombres de las personas f\u00edsicas a las que les envi\u00e9 el dinero: Roberto D\u00edaz Martin. DNI C0017236034.", "created_at": "2017-10-20T17:21:14.000Z", "id": "921426092736512000"}, {"edit_history_tweet_ids": ["921424991115194368"], "author_id": "399608912", "text": "RT @esedelaefe: 8. Paso los nombres de las personas f\u00edsicas a las que les envi\u00e9 el dinero: Roberto D\u00edaz Martin. DNI C0017236034.", "created_at": "2017-10-20T17:16:51.000Z", "id": "921424991115194368"}, {"edit_history_tweet_ids": ["921424330826878976"], "author_id": "296451017", "text": "RT @esedelaefe: 8. Paso los nombres de las personas f\u00edsicas a las que les envi\u00e9 el dinero: Roberto D\u00edaz Martin. DNI C0017236034.", "created_at": "2017-10-20T17:14:14.000Z", "id": "921424330826878976"}, {"edit_history_tweet_ids": ["921423469333700608"], "author_id": "163055343", "text": "RT @esedelaefe: 8. Paso los nombres de las personas f\u00edsicas a las que les envi\u00e9 el dinero: Roberto D\u00edaz Martin. DNI C0017236034.", "created_at": "2017-10-20T17:10:48.000Z", "id": "921423469333700608"}, {"edit_history_tweet_ids": ["921410198404829186"], "author_id": "1011485360", "text": "El hospitalense Roberto Fern\u00e1ndez D\u00edaz, nuevo presidente de la Conferencia de Rectores de las Universidades Esp. \u27a1\ufe0f https://t.co/O5vsrY02at https://t.co/avq83uctcB", "created_at": "2017-10-20T16:18:04.000Z", "id": "921410198404829186"}, {"edit_history_tweet_ids": ["921407208973373440"], "author_id": "348760808", "text": "RT @prensa_libre: #NobelAsturias50A\u00f1os | \u201cAutoquiromancia\u201d es el poema que interpreta Roberto D\u00edaz Gomar, no se lo pierda. https://t.co/S1i\u2026", "created_at": "2017-10-20T16:06:12.000Z", "id": "921407208973373440"}, {"edit_history_tweet_ids": ["921390128890875904"], "author_id": "169114287", "text": "RT @esedelaefe: 8. Paso los nombres de las personas f\u00edsicas a las que les envi\u00e9 el dinero: Roberto D\u00edaz Martin. DNI C0017236034.", "created_at": "2017-10-20T14:58:19.000Z", "id": "921390128890875904"}, {"edit_history_tweet_ids": ["921376160558321665"], "author_id": "2349473132", "text": "RT @esedelaefe: 8. Paso los nombres de las personas f\u00edsicas a las que les envi\u00e9 el dinero: Roberto D\u00edaz Martin. DNI C0017236034.", "created_at": "2017-10-20T14:02:49.000Z", "id": "921376160558321665"}, {"edit_history_tweet_ids": ["921376014453886976"], "author_id": "109263802", "text": "RT @esedelaefe: 8. Paso los nombres de las personas f\u00edsicas a las que les envi\u00e9 el dinero: Roberto D\u00edaz Martin. DNI C0017236034.", "created_at": "2017-10-20T14:02:14.000Z", "id": "921376014453886976"}, {"edit_history_tweet_ids": ["921375328014143489"], "author_id": "113679736", "text": "RT @esedelaefe: 8. Paso los nombres de las personas f\u00edsicas a las que les envi\u00e9 el dinero: Roberto D\u00edaz Martin. DNI C0017236034.", "created_at": "2017-10-20T13:59:31.000Z", "id": "921375328014143489"}, {"edit_history_tweet_ids": ["921370201861640192"], "author_id": "210857146", "text": "RT @prensa_libre: #NobelAsturias50A\u00f1os | \u201cAutoquiromancia\u201d es el poema que interpreta Roberto D\u00edaz Gomar, no se lo pierda. https://t.co/S1i\u2026", "created_at": "2017-10-20T13:39:09.000Z", "id": "921370201861640192"}, {"edit_history_tweet_ids": ["921356913786478598"], "author_id": "48601698", "text": "RT @esedelaefe: 8. Paso los nombres de las personas f\u00edsicas a las que les envi\u00e9 el dinero: Roberto D\u00edaz Martin. DNI C0017236034.", "created_at": "2017-10-20T12:46:20.000Z", "id": "921356913786478598"}, {"edit_history_tweet_ids": ["921348919975653377"], "author_id": "291378912", "text": "RT @esedelaefe: 8. Paso los nombres de las personas f\u00edsicas a las que les envi\u00e9 el dinero: Roberto D\u00edaz Martin. DNI C0017236034.", "created_at": "2017-10-20T12:14:35.000Z", "id": "921348919975653377"}, {"edit_history_tweet_ids": ["921347060007428096"], "author_id": "579649487", "text": "RT @jorgelopezmalla: @CICactualidad y si quereis ayuda @CICactualidad os invita a venir a los cursos de Spark y Tensorflow que daremos Robe\u2026", "created_at": "2017-10-20T12:07:11.000Z", "id": "921347060007428096"}, {"edit_history_tweet_ids": ["921346299533889537"], "author_id": "390356635", "text": "@CICactualidad y si quereis ayuda @CICactualidad os invita a venir a los cursos de Spark y Tensorflow que daremos Roberto D\u00edaz y un servidor!", "created_at": "2017-10-20T12:04:10.000Z", "id": "921346299533889537"}, {"edit_history_tweet_ids": ["921345771433324544"], "author_id": "112521859", "text": "RT @esedelaefe: 8. Paso los nombres de las personas f\u00edsicas a las que les envi\u00e9 el dinero: Roberto D\u00edaz Martin. DNI C0017236034.", "created_at": "2017-10-20T12:02:04.000Z", "id": "921345771433324544"}, {"edit_history_tweet_ids": ["921333745873014784"], "author_id": "36410389", "text": "RT @esedelaefe: 8. Paso los nombres de las personas f\u00edsicas a las que les envi\u00e9 el dinero: Roberto D\u00edaz Martin. DNI C0017236034.", "created_at": "2017-10-20T11:14:17.000Z", "id": "921333745873014784"}, {"edit_history_tweet_ids": ["921329412259401728"], "author_id": "1291572830", "text": "RT @esedelaefe: 8. Paso los nombres de las personas f\u00edsicas a las que les envi\u00e9 el dinero: Roberto D\u00edaz Martin. DNI C0017236034.", "created_at": "2017-10-20T10:57:04.000Z", "id": "921329412259401728"}, {"edit_history_tweet_ids": ["921317002047827969"], "author_id": "2271707580", "text": "RT @esedelaefe: 8. Paso los nombres de las personas f\u00edsicas a las que les envi\u00e9 el dinero: Roberto D\u00edaz Martin. DNI C0017236034.", "created_at": "2017-10-20T10:07:45.000Z", "id": "921317002047827969"}, {"edit_history_tweet_ids": ["921294925030883329"], "author_id": "130240991", "text": "RT @esedelaefe: 8. Paso los nombres de las personas f\u00edsicas a las que les envi\u00e9 el dinero: Roberto D\u00edaz Martin. DNI C0017236034.", "created_at": "2017-10-20T08:40:01.000Z", "id": "921294925030883329"}, {"edit_history_tweet_ids": ["921248702748090369"], "author_id": "3688613177", "text": "RT @esedelaefe: 8. Paso los nombres de las personas f\u00edsicas a las que les envi\u00e9 el dinero: Roberto D\u00edaz Martin. DNI C0017236034.", "created_at": "2017-10-20T05:36:21.000Z", "id": "921248702748090369"}, {"edit_history_tweet_ids": ["921227973566459905"], "author_id": "333699650", "text": "RT @esedelaefe: 8. Paso los nombres de las personas f\u00edsicas a las que les envi\u00e9 el dinero: Roberto D\u00edaz Martin. DNI C0017236034.", "created_at": "2017-10-20T04:13:59.000Z", "id": "921227973566459905"}, {"edit_history_tweet_ids": ["921225833645096961"], "author_id": "1708342104", "text": "RT @esedelaefe: 8. Paso los nombres de las personas f\u00edsicas a las que les envi\u00e9 el dinero: Roberto D\u00edaz Martin. DNI C0017236034.", "created_at": "2017-10-20T04:05:28.000Z", "id": "921225833645096961"}, {"edit_history_tweet_ids": ["921225052917342210"], "author_id": "250157416", "text": "RT @esedelaefe: 8. Paso los nombres de las personas f\u00edsicas a las que les envi\u00e9 el dinero: Roberto D\u00edaz Martin. DNI C0017236034.", "created_at": "2017-10-20T04:02:22.000Z", "id": "921225052917342210"}, {"edit_history_tweet_ids": ["921225022303125504"], "author_id": "452181966", "text": "RT @esedelaefe: 8. Paso los nombres de las personas f\u00edsicas a las que les envi\u00e9 el dinero: Roberto D\u00edaz Martin. DNI C0017236034.", "created_at": "2017-10-20T04:02:15.000Z", "id": "921225022303125504"}, {"edit_history_tweet_ids": ["921224460455133184"], "author_id": "38687143", "text": "#NobelAsturias50A\u00f1os | \u201cAutoquiromancia\u201d es el poema que interpreta Roberto D\u00edaz Gomar, no se lo pierda. https://t.co/S1ilcdbsW6 https://t.co/HjOTKawz30", "created_at": "2017-10-20T04:00:01.000Z", "id": "921224460455133184"}, {"edit_history_tweet_ids": ["921223171621076994"], "author_id": "2174938647", "text": "RT @esedelaefe: 8. Paso los nombres de las personas f\u00edsicas a las que les envi\u00e9 el dinero: Roberto D\u00edaz Martin. DNI C0017236034.", "created_at": "2017-10-20T03:54:54.000Z", "id": "921223171621076994"}, {"edit_history_tweet_ids": ["921222764156960768"], "author_id": "1343226990", "text": "RT @esedelaefe: 8. Paso los nombres de las personas f\u00edsicas a las que les envi\u00e9 el dinero: Roberto D\u00edaz Martin. DNI C0017236034.", "created_at": "2017-10-20T03:53:17.000Z", "id": "921222764156960768"}, {"edit_history_tweet_ids": ["921220950317600768"], "author_id": "146686491", "text": "RT @esedelaefe: 8. Paso los nombres de las personas f\u00edsicas a las que les envi\u00e9 el dinero: Roberto D\u00edaz Martin. DNI C0017236034.", "created_at": "2017-10-20T03:46:04.000Z", "id": "921220950317600768"}, {"edit_history_tweet_ids": ["921219701526560773"], "author_id": "96651497", "text": "RT @esedelaefe: 8. Paso los nombres de las personas f\u00edsicas a las que les envi\u00e9 el dinero: Roberto D\u00edaz Martin. DNI C0017236034.", "created_at": "2017-10-20T03:41:06.000Z", "id": "921219701526560773"}, {"edit_history_tweet_ids": ["921219591606431744"], "author_id": "695090909743050752", "text": "RT @esedelaefe: 8. Paso los nombres de las personas f\u00edsicas a las que les envi\u00e9 el dinero: Roberto D\u00edaz Martin. DNI C0017236034.", "created_at": "2017-10-20T03:40:40.000Z", "id": "921219591606431744"}, {"edit_history_tweet_ids": ["921218760513433601"], "author_id": "45541470", "text": "RT @esedelaefe: 8. Paso los nombres de las personas f\u00edsicas a las que les envi\u00e9 el dinero: Roberto D\u00edaz Martin. DNI C0017236034.", "created_at": "2017-10-20T03:37:22.000Z", "id": "921218760513433601"}, {"edit_history_tweet_ids": ["921216988956856320"], "author_id": "27570567", "text": "RT @esedelaefe: 8. Paso los nombres de las personas f\u00edsicas a las que les envi\u00e9 el dinero: Roberto D\u00edaz Martin. DNI C0017236034.", "created_at": "2017-10-20T03:30:20.000Z", "id": "921216988956856320"}, {"edit_history_tweet_ids": ["921216611075293184"], "author_id": "2392712225", "text": "RT @esedelaefe: 8. Paso los nombres de las personas f\u00edsicas a las que les envi\u00e9 el dinero: Roberto D\u00edaz Martin. DNI C0017236034.", "created_at": "2017-10-20T03:28:50.000Z", "id": "921216611075293184"}, {"edit_history_tweet_ids": ["921215124471390208"], "author_id": "136515039", "text": "RT @esedelaefe: 8. Paso los nombres de las personas f\u00edsicas a las que les envi\u00e9 el dinero: Roberto D\u00edaz Martin. DNI C0017236034.", "created_at": "2017-10-20T03:22:55.000Z", "id": "921215124471390208"}, {"edit_history_tweet_ids": ["921213525866901505"], "author_id": "196299804", "text": "RT @esedelaefe: 8. Paso los nombres de las personas f\u00edsicas a las que les envi\u00e9 el dinero: Roberto D\u00edaz Martin. DNI C0017236034.", "created_at": "2017-10-20T03:16:34.000Z", "id": "921213525866901505"}, {"edit_history_tweet_ids": ["921212604613308416"], "author_id": "63997451", "text": "Pirotecnia por Av. Diego Diaz, altura de Roberto Espinoza. No son balazos. \ud83d\ude02\ud83d\ude02\ud83d\ude02", "created_at": "2017-10-20T03:12:54.000Z", "id": "921212604613308416"}, {"edit_history_tweet_ids": ["921212024864038913"], "author_id": "383473483", "text": "RT @esedelaefe: 8. Paso los nombres de las personas f\u00edsicas a las que les envi\u00e9 el dinero: Roberto D\u00edaz Martin. DNI C0017236034.", "created_at": "2017-10-20T03:10:36.000Z", "id": "921212024864038913"}, {"edit_history_tweet_ids": ["921211890935783424"], "author_id": "187728041", "text": "RT @esedelaefe: 8. Paso los nombres de las personas f\u00edsicas a las que les envi\u00e9 el dinero: Roberto D\u00edaz Martin. DNI C0017236034.", "created_at": "2017-10-20T03:10:04.000Z", "id": "921211890935783424"}, {"edit_history_tweet_ids": ["921206196723437569"], "author_id": "323435036", "text": "RT @esedelaefe: 8. Paso los nombres de las personas f\u00edsicas a las que les envi\u00e9 el dinero: Roberto D\u00edaz Martin. DNI C0017236034.", "created_at": "2017-10-20T02:47:27.000Z", "id": "921206196723437569"}], "meta": {"newest_id": "922835300295917569", "oldest_id": "921206196723437569", "result_count": 98, "next_token": "1jzu9lk96gu5npw44eeu1uf0sqxiut5m4eegvw54vypp"}}