{"data": [{"created_at": "2016-03-08T00:41:58.000Z", "edit_history_tweet_ids": ["707003389348077569"], "author_id": "2412658273", "text": "RT @GrupoGourmets: El 7, 8 y 9 de marzo, Diego L\u00f3pez \u201cMoli\u201d y Roberto Ruiz cocinan juntos en Punto MX https://t.co/PgrjBfoWtM #Madrid https\u2026", "id": "707003389348077569"}, {"created_at": "2016-03-08T00:13:24.000Z", "edit_history_tweet_ids": ["706996199971106816"], "author_id": "2425987466", "text": "Jose Roberto Rojas Lopez https://t.co/bOhuogvoqk", "id": "706996199971106816"}, {"created_at": "2016-03-08T00:11:50.000Z", "edit_history_tweet_ids": ["706995805643616257"], "author_id": "53201731", "text": "RT @GrupoGourmets: El 7, 8 y 9 de marzo, Diego L\u00f3pez \u201cMoli\u201d y Roberto Ruiz cocinan juntos en Punto MX https://t.co/PgrjBfoWtM #Madrid https\u2026", "id": "706995805643616257"}, {"created_at": "2016-03-07T23:48:05.000Z", "edit_history_tweet_ids": ["706989829125345280"], "author_id": "1608590654", "text": "Apoyemos los blogs #literarios: ROBERTO L\u00d3PEZ-HERRERO de @ElExpecial en https://t.co/hRQn5PXHAI", "id": "706989829125345280"}, {"created_at": "2016-03-07T23:15:10.000Z", "edit_history_tweet_ids": ["706981547656794113"], "author_id": "24950973", "text": "RT @GrupoGourmets: El 7, 8 y 9 de marzo, Diego L\u00f3pez \u201cMoli\u201d y Roberto Ruiz cocinan juntos en Punto MX https://t.co/PgrjBfoWtM #Madrid https\u2026", "id": "706981547656794113"}, {"created_at": "2016-03-07T23:11:41.000Z", "edit_history_tweet_ids": ["706980670648795136"], "author_id": "69916601", "text": "RT @GrupoGourmets: El 7, 8 y 9 de marzo, Diego L\u00f3pez \u201cMoli\u201d y Roberto Ruiz cocinan juntos en Punto MX https://t.co/PgrjBfoWtM #Madrid https\u2026", "id": "706980670648795136"}, {"created_at": "2016-03-07T23:09:43.000Z", "edit_history_tweet_ids": ["706980175175655425"], "author_id": "1462202473", "text": "RT @GrupoGourmets: El 7, 8 y 9 de marzo, Diego L\u00f3pez \u201cMoli\u201d y Roberto Ruiz cocinan juntos en Punto MX https://t.co/PgrjBfoWtM #Madrid https\u2026", "id": "706980175175655425"}, {"created_at": "2016-03-07T22:41:46.000Z", "edit_history_tweet_ids": ["706973140484657153"], "author_id": "2266355266", "text": "RT @soyestadista16: Roberto L\u00f3pez nuestro Candidato Alcalde en la Ciudad\" CRIOLLA\" de Caguas https://t.co/wQM6iZu6iA", "id": "706973140484657153"}, {"created_at": "2016-03-07T22:34:15.000Z", "edit_history_tweet_ids": ["706971249776328705"], "author_id": "1240331467", "text": "RT @soyestadista16: Roberto L\u00f3pez nuestro Candidato Alcalde en la Ciudad\" CRIOLLA\" de Caguas https://t.co/wQM6iZu6iA", "id": "706971249776328705"}, {"created_at": "2016-03-07T22:32:17.000Z", "edit_history_tweet_ids": ["706970754324283394"], "author_id": "4819621575", "text": "RT @soyestadista16: Roberto L\u00f3pez nuestro Candidato Alcalde en la Ciudad\" CRIOLLA\" de Caguas https://t.co/wQM6iZu6iA", "id": "706970754324283394"}, {"created_at": "2016-03-07T22:30:35.000Z", "edit_history_tweet_ids": ["706970325209235457"], "author_id": "242064009", "text": "RT @lapostatv: Ten\u00eda raz\u00f3n Roberto Navarro, su jefe Cristobal Lopez del Grupo Echalo compr\u00f3 CN23 y despidi\u00f3 a 136 trabajadores https://t.co\u2026", "id": "706970325209235457"}, {"created_at": "2016-03-07T22:24:04.000Z", "edit_history_tweet_ids": ["706968685932580865"], "author_id": "2364439620", "text": "Roberto L\u00f3pez nuestro Candidato Alcalde en la Ciudad\" CRIOLLA\" de Caguas https://t.co/wQM6iZu6iA", "id": "706968685932580865"}, {"created_at": "2016-03-07T22:23:02.000Z", "edit_history_tweet_ids": ["706968426359726080"], "author_id": "311255801", "text": "RT @lapostatv: Ten\u00eda raz\u00f3n Roberto Navarro, su jefe Cristobal Lopez del Grupo Echalo compr\u00f3 CN23 y despidi\u00f3 a 136 trabajadores https://t.co\u2026", "id": "706968426359726080"}, {"created_at": "2016-03-07T22:22:38.000Z", "edit_history_tweet_ids": ["706968324660449280"], "author_id": "342279403", "text": "RT @lapostatv: Ten\u00eda raz\u00f3n Roberto Navarro, su jefe Cristobal Lopez del Grupo Echalo compr\u00f3 CN23 y despidi\u00f3 a 136 trabajadores https://t.co\u2026", "id": "706968324660449280"}, {"created_at": "2016-03-07T22:19:31.000Z", "edit_history_tweet_ids": ["706967542200442880"], "author_id": "1553568727", "text": "RT @lapostatv: Ten\u00eda raz\u00f3n Roberto Navarro, su jefe Cristobal Lopez del Grupo Echalo compr\u00f3 CN23 y despidi\u00f3 a 136 trabajadores https://t.co\u2026", "id": "706967542200442880"}, {"created_at": "2016-03-07T22:18:15.000Z", "edit_history_tweet_ids": ["706967221730463750"], "author_id": "364855736", "text": "RT @lapostatv: Ten\u00eda raz\u00f3n Roberto Navarro, su jefe Cristobal Lopez del Grupo Echalo compr\u00f3 CN23 y despidi\u00f3 a 136 trabajadores https://t.co\u2026", "id": "706967221730463750"}, {"created_at": "2016-03-07T22:16:51.000Z", "edit_history_tweet_ids": ["706966871594156036"], "author_id": "1375252278", "text": "RT @lapostatv: Ten\u00eda raz\u00f3n Roberto Navarro, su jefe Cristobal Lopez del Grupo Echalo compr\u00f3 CN23 y despidi\u00f3 a 136 trabajadores https://t.co\u2026", "id": "706966871594156036"}, {"created_at": "2016-03-07T22:08:34.000Z", "edit_history_tweet_ids": ["706964785733079040"], "author_id": "136050973", "text": "RT @CEFMichoacan: Participa por una de las 3 Becas; Diputado Roberto Carlos L\u00f3pez Garcia, consulta la convocatoria en nuestra fan page http\u2026", "id": "706964785733079040"}, {"created_at": "2016-03-07T22:08:24.000Z", "edit_history_tweet_ids": ["706964746231152641"], "author_id": "2729601951", "text": "RT @CEFMichoacan: Participa por una de las 3 Becas; Diputado Roberto Carlos L\u00f3pez Garcia, consulta la convocatoria en nuestra fan page http\u2026", "id": "706964746231152641"}, {"created_at": "2016-03-07T22:08:02.000Z", "edit_history_tweet_ids": ["706964653897682944"], "author_id": "2717493805", "text": "RT @CEFMichoacan: Participa por una de las 3 Becas; Diputado Roberto Carlos L\u00f3pez Garcia, consulta la convocatoria en nuestra fan page http\u2026", "id": "706964653897682944"}, {"created_at": "2016-03-07T21:59:44.000Z", "edit_history_tweet_ids": ["706962564018786305"], "author_id": "1009378164", "text": "\u00bfQu\u00e9 opinas Boss... eh? por Roberto L\u00f3pez https://t.co/ecSge1SWxf Via @expresoec", "id": "706962564018786305"}, {"created_at": "2016-03-07T21:53:56.000Z", "edit_history_tweet_ids": ["706961104488890369"], "author_id": "1581032485", "text": "Participa por una de las 3 Becas; Diputado Roberto Carlos L\u00f3pez Garcia, consulta la convocatoria en nuestra fan page https://t.co/Sb2gnT3CZ5", "id": "706961104488890369"}, {"created_at": "2016-03-07T20:41:13.000Z", "edit_history_tweet_ids": ["706942802148651009"], "author_id": "333595277", "text": "Vamos chicos entre todos podemos  Carlos Roberto Neira Lopez  Jose Luis Martinez Javier Martin Casas https://t.co/3wVlHwtHty", "id": "706942802148651009"}, {"created_at": "2016-03-07T20:00:12.000Z", "edit_history_tweet_ids": ["706932483275759617"], "author_id": "2346970762", "text": "RT @GrupoGourmets: El 7, 8 y 9 de marzo, Diego L\u00f3pez \u201cMoli\u201d y Roberto Ruiz cocinan juntos en Punto MX https://t.co/PgrjBfoWtM #Madrid https\u2026", "id": "706932483275759617"}, {"created_at": "2016-03-07T19:43:30.000Z", "edit_history_tweet_ids": ["706928279228383232"], "author_id": "360337036", "text": "https://t.co/rwi648lHU5\n\nPor Emmanuel Alvarez Agis * y Pablo L\u00f3pez **... https://t.co/VsFemqCmEd", "id": "706928279228383232"}, {"created_at": "2016-03-07T19:30:22.000Z", "edit_history_tweet_ids": ["706924974284664833"], "author_id": "705789038549209089", "text": "RT @GrupoGourmets: El 7, 8 y 9 de marzo, Diego L\u00f3pez \u201cMoli\u201d y Roberto Ruiz cocinan juntos en Punto MX https://t.co/PgrjBfoWtM #Madrid https\u2026", "id": "706924974284664833"}, {"created_at": "2016-03-07T19:28:57.000Z", "edit_history_tweet_ids": ["706924618708348930"], "author_id": "4909859829", "text": "RT @lapostatv: Ten\u00eda raz\u00f3n Roberto Navarro, su jefe Cristobal Lopez del Grupo Echalo compr\u00f3 CN23 y despidi\u00f3 a 136 trabajadores https://t.co\u2026", "id": "706924618708348930"}, {"created_at": "2016-03-07T19:19:47.000Z", "edit_history_tweet_ids": ["706922311769788416"], "author_id": "1668210541", "text": "RT @GrupoGourmets: El 7, 8 y 9 de marzo, Diego L\u00f3pez \u201cMoli\u201d y Roberto Ruiz cocinan juntos en Punto MX https://t.co/PgrjBfoWtM #Madrid https\u2026", "id": "706922311769788416"}, {"created_at": "2016-03-07T18:54:06.000Z", "edit_history_tweet_ids": ["706915847554670592"], "author_id": "2499688923", "text": "Acabo de seleccionar a Javi L\u00f3pez el Roberto  en @UltimateFanLive para el #rcde contra #Rayo https://t.co/nGIncqQJiV https://t.co/KQ6s3AzLig", "id": "706915847554670592"}, {"created_at": "2016-03-07T18:21:15.000Z", "edit_history_tweet_ids": ["706907581059620868"], "author_id": "355508952", "text": "A partir de las 20:00 con @sergio_mt1995, @fenrygaston y Roberto L\u00f3pez en #CiudadDeportiva https://t.co/Q2tV1bglZc y apps.", "id": "706907581059620868"}, {"created_at": "2016-03-07T18:07:48.000Z", "edit_history_tweet_ids": ["706904196717613056"], "author_id": "196074348", "text": "El 7, 8 y 9 de marzo, Diego L\u00f3pez \u201cMoli\u201d y Roberto Ruiz cocinan juntos en Punto MX https://t.co/PgrjBfoWtM #Madrid https://t.co/xW0LKFzVm6", "id": "706904196717613056"}, {"created_at": "2016-03-07T17:48:36.000Z", "edit_history_tweet_ids": ["706899363470118912"], "author_id": "3080228115", "text": "RT @lapostatv: Ten\u00eda raz\u00f3n Roberto Navarro, su jefe Cristobal Lopez del Grupo Echalo compr\u00f3 CN23 y despidi\u00f3 a 136 trabajadores https://t.co\u2026", "id": "706899363470118912"}, {"created_at": "2016-03-07T17:15:40.000Z", "edit_history_tweet_ids": ["706891075298926592"], "author_id": "508848864", "text": "Polic\u00eda busca a joven desaparecido en Mayag\u00fcez \n787-343-2020\n\nRoberto Junior Granell L\u00f3pez https://t.co/SekVO9Aw0Z", "id": "706891075298926592"}, {"created_at": "2016-03-07T16:53:23.000Z", "edit_history_tweet_ids": ["706885466398654468"], "author_id": "132226323", "text": "Nombran a Ernesto N\u00fa\u00f1ez presidente del Patronato Consultivo de Vinculaci\u00f3n del\u00a0Icatmi https://t.co/sZsykEcNYW https://t.co/6044suU2dG", "id": "706885466398654468"}, {"created_at": "2016-03-07T16:53:20.000Z", "edit_history_tweet_ids": ["706885456118419457"], "author_id": "132226323", "text": "Morelia, Michoac\u00e1n a 7 de marzo del 2016.-El diputado local Ernesto N\u00fa\u00f1ez Aguilar fue designado presidente del... https://t.co/Q80B0rocR3", "id": "706885456118419457"}, {"created_at": "2016-03-07T15:25:15.000Z", "edit_history_tweet_ids": ["706863289519751169"], "author_id": "357288030", "text": "RT @lapostatv: Ten\u00eda raz\u00f3n Roberto Navarro, su jefe Cristobal Lopez del Grupo Echalo compr\u00f3 CN23 y despidi\u00f3 a 136 trabajadores https://t.co\u2026", "id": "706863289519751169"}, {"created_at": "2016-03-07T15:24:54.000Z", "edit_history_tweet_ids": ["706863200105463808"], "author_id": "126676277", "text": "ROBERTO LOPEZ ON YOUTH SOCCER\nGoalNation Youth Soccer Coaches Interview Series\nBorn in Buenos Aires, Argentina,... https://t.co/MRMowzd7vy", "id": "706863200105463808"}, {"created_at": "2016-03-07T15:10:58.000Z", "edit_history_tweet_ids": ["706859694586011648"], "author_id": "2391425965", "text": "RT @lapostatv: Ten\u00eda raz\u00f3n Roberto Navarro, su jefe Cristobal Lopez del Grupo Echalo compr\u00f3 CN23 y despidi\u00f3 a 136 trabajadores https://t.co\u2026", "id": "706859694586011648"}, {"created_at": "2016-03-07T14:56:47.000Z", "edit_history_tweet_ids": ["706856123446501376"], "author_id": "239766800", "text": "Tres vilalbeses, Roberto D\u00edaz, Carlos Yobanni e Yago L\u00f3pez, son os flamantes campi\u00f3ns de Espa\u00f1a de loita cadete https://t.co/t3P31OcvBR", "id": "706856123446501376"}, {"created_at": "2016-03-07T14:15:52.000Z", "edit_history_tweet_ids": ["706845826618798080"], "author_id": "257737973", "text": "RT @canal6mediaTV: #NoticieroCanal6 con @lalaurismarin invitado diputado del @PRI_Nacional Roberto Carlos L\u00f3pez en @canal6mediaTV https://t\u2026", "id": "706845826618798080"}, {"created_at": "2016-03-07T14:02:33.000Z", "edit_history_tweet_ids": ["706842474996699137"], "author_id": "822944497", "text": "PROGRAMA REALIZADO por Roberto L\u00f3pez V\u00e1zquez, bajo gui\u00f3n y direcci\u00f3n de Miguel A. Mateos En este\u2026 https://t.co/TbemEkCnge", "id": "706842474996699137"}, {"created_at": "2016-03-07T13:56:20.000Z", "edit_history_tweet_ids": ["706840909917327360"], "author_id": "57095629", "text": "RT @lapostatv: Ten\u00eda raz\u00f3n Roberto Navarro, su jefe Cristobal Lopez del Grupo Echalo compr\u00f3 CN23 y despidi\u00f3 a 136 trabajadores https://t.co\u2026", "id": "706840909917327360"}, {"created_at": "2016-03-07T13:41:10.000Z", "edit_history_tweet_ids": ["706837096326045697"], "author_id": "4071978258", "text": "#NoticieroCanal6 con @lalaurismarin invitado diputado del @PRI_Nacional Roberto Carlos L\u00f3pez en @canal6mediaTV https://t.co/NmZqwYNuzq", "id": "706837096326045697"}, {"created_at": "2016-03-07T13:27:52.000Z", "edit_history_tweet_ids": ["706833746037579776"], "author_id": "4832399514", "text": "@Tirodopolus @lalormx #AudioramaRMX si a la canci\u00f3n. Mi nombre es Edgar Roberto Lopez Sanchez", "id": "706833746037579776"}, {"created_at": "2016-03-07T06:36:53.000Z", "edit_history_tweet_ids": ["706730319379111936"], "author_id": "1024118467", "text": "Retweeted roberto l\u00f3pez (@DrRobertoLopez2):\n\nOye Sherlock H Serrano: y aqui q paso? PQ no descubriste el crimen... https://t.co/1GeccG2Mg5", "id": "706730319379111936"}, {"created_at": "2016-03-07T05:02:16.000Z", "edit_history_tweet_ids": ["706706507967172608"], "author_id": "97237861", "text": "Need a friend?  This is cool and creepy.  Would you get one? #Aido https://t.co/i83J56zQCG", "id": "706706507967172608"}, {"created_at": "2016-03-07T04:35:05.000Z", "edit_history_tweet_ids": ["706699668458246144"], "author_id": "143900547", "text": "RT @lapostatv: Ten\u00eda raz\u00f3n Roberto Navarro, su jefe Cristobal Lopez del Grupo Echalo compr\u00f3 CN23 y despidi\u00f3 a 136 trabajadores https://t.co\u2026", "id": "706699668458246144"}, {"created_at": "2016-03-07T04:26:54.000Z", "edit_history_tweet_ids": ["706697608610324484"], "author_id": "97237861", "text": "#dropsmic https://t.co/7ayWEuIjvQ", "id": "706697608610324484"}, {"created_at": "2016-03-07T03:13:01.000Z", "edit_history_tweet_ids": ["706679016976211968"], "author_id": "527524034", "text": "RT @lapostatv: Ten\u00eda raz\u00f3n Roberto Navarro, su jefe Cristobal Lopez del Grupo Echalo compr\u00f3 CN23 y despidi\u00f3 a 136 trabajadores https://t.co\u2026", "id": "706679016976211968"}, {"created_at": "2016-03-07T03:10:40.000Z", "edit_history_tweet_ids": ["706678423515742208"], "author_id": "576154304", "text": "RT @lapostatv: Ten\u00eda raz\u00f3n Roberto Navarro, su jefe Cristobal Lopez del Grupo Echalo compr\u00f3 CN23 y despidi\u00f3 a 136 trabajadores https://t.co\u2026", "id": "706678423515742208"}, {"created_at": "2016-03-07T03:06:04.000Z", "edit_history_tweet_ids": ["706677268534444032"], "author_id": "339172805", "text": "RT @lapostatv: Ten\u00eda raz\u00f3n Roberto Navarro, su jefe Cristobal Lopez del Grupo Echalo compr\u00f3 CN23 y despidi\u00f3 a 136 trabajadores https://t.co\u2026", "id": "706677268534444032"}, {"created_at": "2016-03-07T03:01:21.000Z", "edit_history_tweet_ids": ["706676078555824129"], "author_id": "266956236", "text": "RT @lapostatv: Ten\u00eda raz\u00f3n Roberto Navarro, su jefe Cristobal Lopez del Grupo Echalo compr\u00f3 CN23 y despidi\u00f3 a 136 trabajadores https://t.co\u2026", "id": "706676078555824129"}, {"created_at": "2016-03-07T02:56:18.000Z", "edit_history_tweet_ids": ["706674810965893120"], "author_id": "171056231", "text": "RT @lapostatv: Ten\u00eda raz\u00f3n Roberto Navarro, su jefe Cristobal Lopez del Grupo Echalo compr\u00f3 CN23 y despidi\u00f3 a 136 trabajadores https://t.co\u2026", "id": "706674810965893120"}, {"created_at": "2016-03-07T02:43:15.000Z", "edit_history_tweet_ids": ["706671523671744512"], "author_id": "4077638673", "text": "RT @lapostatv: Ten\u00eda raz\u00f3n Roberto Navarro, su jefe Cristobal Lopez del Grupo Echalo compr\u00f3 CN23 y despidi\u00f3 a 136 trabajadores https://t.co\u2026", "id": "706671523671744512"}, {"created_at": "2016-03-07T02:41:18.000Z", "edit_history_tweet_ids": ["706671034813030400"], "author_id": "1393482576", "text": "RT @lapostatv: Ten\u00eda raz\u00f3n Roberto Navarro, su jefe Cristobal Lopez del Grupo Echalo compr\u00f3 CN23 y despidi\u00f3 a 136 trabajadores https://t.co\u2026", "id": "706671034813030400"}, {"created_at": "2016-03-07T02:39:36.000Z", "edit_history_tweet_ids": ["706670605270171648"], "author_id": "97237861", "text": "#DEMDebate Should companies profiting from Americans be able to \"Hide\" 10's of billions of dollars in overseas... https://t.co/h0b6F9wI3Y", "id": "706670605270171648"}, {"created_at": "2016-03-07T02:32:28.000Z", "edit_history_tweet_ids": ["706668812020617216"], "author_id": "589971073", "text": "RT @lapostatv: Ten\u00eda raz\u00f3n Roberto Navarro, su jefe Cristobal Lopez del Grupo Echalo compr\u00f3 CN23 y despidi\u00f3 a 136 trabajadores https://t.co\u2026", "id": "706668812020617216"}, {"created_at": "2016-03-07T02:30:44.000Z", "edit_history_tweet_ids": ["706668373128699904"], "author_id": "416029760", "text": "RT @lapostatv: Ten\u00eda raz\u00f3n Roberto Navarro, su jefe Cristobal Lopez del Grupo Echalo compr\u00f3 CN23 y despidi\u00f3 a 136 trabajadores https://t.co\u2026", "id": "706668373128699904"}, {"created_at": "2016-03-07T02:29:27.000Z", "edit_history_tweet_ids": ["706668053493387264"], "author_id": "146987312", "text": "RT @lapostatv: Ten\u00eda raz\u00f3n Roberto Navarro, su jefe Cristobal Lopez del Grupo Echalo compr\u00f3 CN23 y despidi\u00f3 a 136 trabajadores https://t.co\u2026", "id": "706668053493387264"}, {"created_at": "2016-03-07T02:26:36.000Z", "edit_history_tweet_ids": ["706667333662674944"], "author_id": "1610372268", "text": "RT @lapostatv: Ten\u00eda raz\u00f3n Roberto Navarro, su jefe Cristobal Lopez del Grupo Echalo compr\u00f3 CN23 y despidi\u00f3 a 136 trabajadores https://t.co\u2026", "id": "706667333662674944"}, {"created_at": "2016-03-07T02:24:27.000Z", "edit_history_tweet_ids": ["706666792702312450"], "author_id": "155319491", "text": "RT @lapostatv: Ten\u00eda raz\u00f3n Roberto Navarro, su jefe Cristobal Lopez del Grupo Echalo compr\u00f3 CN23 y despidi\u00f3 a 136 trabajadores https://t.co\u2026", "id": "706666792702312450"}, {"created_at": "2016-03-07T02:23:19.000Z", "edit_history_tweet_ids": ["706666507263152128"], "author_id": "231147141", "text": "RT @lapostatv: Ten\u00eda raz\u00f3n Roberto Navarro, su jefe Cristobal Lopez del Grupo Echalo compr\u00f3 CN23 y despidi\u00f3 a 136 trabajadores https://t.co\u2026", "id": "706666507263152128"}, {"created_at": "2016-03-07T02:23:16.000Z", "edit_history_tweet_ids": ["706666494567063556"], "author_id": "362474008", "text": "RT @lapostatv: Ten\u00eda raz\u00f3n Roberto Navarro, su jefe Cristobal Lopez del Grupo Echalo compr\u00f3 CN23 y despidi\u00f3 a 136 trabajadores https://t.co\u2026", "id": "706666494567063556"}, {"created_at": "2016-03-07T02:20:03.000Z", "edit_history_tweet_ids": ["706665685204738048"], "author_id": "141336155", "text": "RT @lapostatv: Ten\u00eda raz\u00f3n Roberto Navarro, su jefe Cristobal Lopez del Grupo Echalo compr\u00f3 CN23 y despidi\u00f3 a 136 trabajadores https://t.co\u2026", "id": "706665685204738048"}, {"created_at": "2016-03-07T01:50:42.000Z", "edit_history_tweet_ids": ["706658300046282752"], "author_id": "2498788272", "text": "RT @lapostatv: Ten\u00eda raz\u00f3n Roberto Navarro, su jefe Cristobal Lopez del Grupo Echalo compr\u00f3 CN23 y despidi\u00f3 a 136 trabajadores https://t.co\u2026", "id": "706658300046282752"}, {"created_at": "2016-03-07T01:45:56.000Z", "edit_history_tweet_ids": ["706657101414854656"], "author_id": "451029168", "text": "RT @lapostatv: Ten\u00eda raz\u00f3n Roberto Navarro, su jefe Cristobal Lopez del Grupo Echalo compr\u00f3 CN23 y despidi\u00f3 a 136 trabajadores https://t.co\u2026", "id": "706657101414854656"}, {"created_at": "2016-03-07T01:42:36.000Z", "edit_history_tweet_ids": ["706656259827695616"], "author_id": "87761410", "text": "RT @lapostatv: Ten\u00eda raz\u00f3n Roberto Navarro, su jefe Cristobal Lopez del Grupo Echalo compr\u00f3 CN23 y despidi\u00f3 a 136 trabajadores https://t.co\u2026", "id": "706656259827695616"}, {"created_at": "2016-03-07T01:38:10.000Z", "edit_history_tweet_ids": ["706655147489947652"], "author_id": "454129435", "text": "RT @lapostatv: Ten\u00eda raz\u00f3n Roberto Navarro, su jefe Cristobal Lopez del Grupo Echalo compr\u00f3 CN23 y despidi\u00f3 a 136 trabajadores https://t.co\u2026", "id": "706655147489947652"}, {"created_at": "2016-03-07T01:37:21.000Z", "edit_history_tweet_ids": ["706654940203249664"], "author_id": "151702054", "text": "RT @lapostatv: Ten\u00eda raz\u00f3n Roberto Navarro, su jefe Cristobal Lopez del Grupo Echalo compr\u00f3 CN23 y despidi\u00f3 a 136 trabajadores https://t.co\u2026", "id": "706654940203249664"}, {"created_at": "2016-03-07T01:36:46.000Z", "edit_history_tweet_ids": ["706654793754873856"], "author_id": "153995543", "text": "RT @lapostatv: Ten\u00eda raz\u00f3n Roberto Navarro, su jefe Cristobal Lopez del Grupo Echalo compr\u00f3 CN23 y despidi\u00f3 a 136 trabajadores https://t.co\u2026", "id": "706654793754873856"}, {"created_at": "2016-03-07T01:35:33.000Z", "edit_history_tweet_ids": ["706654487633600513"], "author_id": "2147959290", "text": "RT @lapostatv: Ten\u00eda raz\u00f3n Roberto Navarro, su jefe Cristobal Lopez del Grupo Echalo compr\u00f3 CN23 y despidi\u00f3 a 136 trabajadores https://t.co\u2026", "id": "706654487633600513"}, {"created_at": "2016-03-07T01:33:53.000Z", "edit_history_tweet_ids": ["706654067800596480"], "author_id": "2723765336", "text": "RT @lapostatv: Ten\u00eda raz\u00f3n Roberto Navarro, su jefe Cristobal Lopez del Grupo Echalo compr\u00f3 CN23 y despidi\u00f3 a 136 trabajadores https://t.co\u2026", "id": "706654067800596480"}, {"created_at": "2016-03-07T01:33:11.000Z", "edit_history_tweet_ids": ["706653893380411392"], "author_id": "402366594", "text": "RT @lapostatv: Ten\u00eda raz\u00f3n Roberto Navarro, su jefe Cristobal Lopez del Grupo Echalo compr\u00f3 CN23 y despidi\u00f3 a 136 trabajadores https://t.co\u2026", "id": "706653893380411392"}, {"created_at": "2016-03-07T01:31:54.000Z", "edit_history_tweet_ids": ["706653568124719104"], "author_id": "2161989312", "text": "RT @lapostatv: Ten\u00eda raz\u00f3n Roberto Navarro, su jefe Cristobal Lopez del Grupo Echalo compr\u00f3 CN23 y despidi\u00f3 a 136 trabajadores https://t.co\u2026", "id": "706653568124719104"}, {"created_at": "2016-03-07T01:31:00.000Z", "edit_history_tweet_ids": ["706653341242290176"], "author_id": "2337480118", "text": "RT @lapostatv: Ten\u00eda raz\u00f3n Roberto Navarro, su jefe Cristobal Lopez del Grupo Echalo compr\u00f3 CN23 y despidi\u00f3 a 136 trabajadores https://t.co\u2026", "id": "706653341242290176"}, {"created_at": "2016-03-07T01:30:37.000Z", "edit_history_tweet_ids": ["706653244035096576"], "author_id": "487760699", "text": "RT @lapostatv: Ten\u00eda raz\u00f3n Roberto Navarro, su jefe Cristobal Lopez del Grupo Echalo compr\u00f3 CN23 y despidi\u00f3 a 136 trabajadores https://t.co\u2026", "id": "706653244035096576"}, {"created_at": "2016-03-07T01:29:02.000Z", "edit_history_tweet_ids": ["706652848470237184"], "author_id": "1646167980", "text": "RT @lapostatv: Ten\u00eda raz\u00f3n Roberto Navarro, su jefe Cristobal Lopez del Grupo Echalo compr\u00f3 CN23 y despidi\u00f3 a 136 trabajadores https://t.co\u2026", "id": "706652848470237184"}, {"created_at": "2016-03-07T01:28:29.000Z", "edit_history_tweet_ids": ["706652708288274433"], "author_id": "2321317278", "text": "RT @lapostatv: Ten\u00eda raz\u00f3n Roberto Navarro, su jefe Cristobal Lopez del Grupo Echalo compr\u00f3 CN23 y despidi\u00f3 a 136 trabajadores https://t.co\u2026", "id": "706652708288274433"}, {"created_at": "2016-03-07T01:27:47.000Z", "edit_history_tweet_ids": ["706652534191083520"], "author_id": "264747808", "text": "RT @lapostatv: Ten\u00eda raz\u00f3n Roberto Navarro, su jefe Cristobal Lopez del Grupo Echalo compr\u00f3 CN23 y despidi\u00f3 a 136 trabajadores https://t.co\u2026", "id": "706652534191083520"}, {"created_at": "2016-03-07T01:27:01.000Z", "edit_history_tweet_ids": ["706652338631647233"], "author_id": "233754487", "text": "RT @lapostatv: Ten\u00eda raz\u00f3n Roberto Navarro, su jefe Cristobal Lopez del Grupo Echalo compr\u00f3 CN23 y despidi\u00f3 a 136 trabajadores https://t.co\u2026", "id": "706652338631647233"}, {"created_at": "2016-03-07T01:24:34.000Z", "edit_history_tweet_ids": ["706651724719767553"], "author_id": "2424551066", "text": "RT @lapostatv: Ten\u00eda raz\u00f3n Roberto Navarro, su jefe Cristobal Lopez del Grupo Echalo compr\u00f3 CN23 y despidi\u00f3 a 136 trabajadores https://t.co\u2026", "id": "706651724719767553"}, {"created_at": "2016-03-07T01:23:20.000Z", "edit_history_tweet_ids": ["706651412944523264"], "author_id": "159324144", "text": "RT @lapostatv: Ten\u00eda raz\u00f3n Roberto Navarro, su jefe Cristobal Lopez del Grupo Echalo compr\u00f3 CN23 y despidi\u00f3 a 136 trabajadores https://t.co\u2026", "id": "706651412944523264"}, {"created_at": "2016-03-07T01:23:03.000Z", "edit_history_tweet_ids": ["706651342039814144"], "author_id": "3110319462", "text": "RT @lapostatv: Ten\u00eda raz\u00f3n Roberto Navarro, su jefe Cristobal Lopez del Grupo Echalo compr\u00f3 CN23 y despidi\u00f3 a 136 trabajadores https://t.co\u2026", "id": "706651342039814144"}, {"created_at": "2016-03-07T01:22:35.000Z", "edit_history_tweet_ids": ["706651222548332544"], "author_id": "4231574812", "text": "RT @lapostatv: Ten\u00eda raz\u00f3n Roberto Navarro, su jefe Cristobal Lopez del Grupo Echalo compr\u00f3 CN23 y despidi\u00f3 a 136 trabajadores https://t.co\u2026", "id": "706651222548332544"}, {"created_at": "2016-03-07T01:22:22.000Z", "edit_history_tweet_ids": ["706651169540710401"], "author_id": "186633413", "text": "RT @lapostatv: Ten\u00eda raz\u00f3n Roberto Navarro, su jefe Cristobal Lopez del Grupo Echalo compr\u00f3 CN23 y despidi\u00f3 a 136 trabajadores https://t.co\u2026", "id": "706651169540710401"}, {"created_at": "2016-03-07T01:19:24.000Z", "edit_history_tweet_ids": ["706650425215340544"], "author_id": "1279497572", "text": "RT @lapostatv: Ten\u00eda raz\u00f3n Roberto Navarro, su jefe Cristobal Lopez del Grupo Echalo compr\u00f3 CN23 y despidi\u00f3 a 136 trabajadores https://t.co\u2026", "id": "706650425215340544"}, {"created_at": "2016-03-07T01:13:32.000Z", "edit_history_tweet_ids": ["706648945804636161"], "author_id": "312239491", "text": "RT @lapostatv: Ten\u00eda raz\u00f3n Roberto Navarro, su jefe Cristobal Lopez del Grupo Echalo compr\u00f3 CN23 y despidi\u00f3 a 136 trabajadores https://t.co\u2026", "id": "706648945804636161"}, {"created_at": "2016-03-07T00:56:27.000Z", "edit_history_tweet_ids": ["706644646018093056"], "author_id": "332320463", "text": "RT @lapostatv: Ten\u00eda raz\u00f3n Roberto Navarro, su jefe Cristobal Lopez del Grupo Echalo compr\u00f3 CN23 y despidi\u00f3 a 136 trabajadores https://t.co\u2026", "id": "706644646018093056"}, {"created_at": "2016-03-07T00:55:08.000Z", "edit_history_tweet_ids": ["706644315511132160"], "author_id": "98980371", "text": "RT @lapostatv: Ten\u00eda raz\u00f3n Roberto Navarro, su jefe Cristobal Lopez del Grupo Echalo compr\u00f3 CN23 y despidi\u00f3 a 136 trabajadores https://t.co\u2026", "id": "706644315511132160"}, {"created_at": "2016-03-07T00:51:59.000Z", "edit_history_tweet_ids": ["706643522863108096"], "author_id": "146905903", "text": "RT @lapostatv: Ten\u00eda raz\u00f3n Roberto Navarro, su jefe Cristobal Lopez del Grupo Echalo compr\u00f3 CN23 y despidi\u00f3 a 136 trabajadores https://t.co\u2026", "id": "706643522863108096"}, {"created_at": "2016-03-07T00:49:11.000Z", "edit_history_tweet_ids": ["706642818933133312"], "author_id": "127707347", "text": "RT @lapostatv: Ten\u00eda raz\u00f3n Roberto Navarro, su jefe Cristobal Lopez del Grupo Echalo compr\u00f3 CN23 y despidi\u00f3 a 136 trabajadores https://t.co\u2026", "id": "706642818933133312"}, {"created_at": "2016-03-07T00:47:43.000Z", "edit_history_tweet_ids": ["706642451440734208"], "author_id": "253717942", "text": "RT @lapostatv: Ten\u00eda raz\u00f3n Roberto Navarro, su jefe Cristobal Lopez del Grupo Echalo compr\u00f3 CN23 y despidi\u00f3 a 136 trabajadores https://t.co\u2026", "id": "706642451440734208"}, {"created_at": "2016-03-07T00:45:55.000Z", "edit_history_tweet_ids": ["706641995213770752"], "author_id": "66798277", "text": "PLEASE BE ADVISED:\n\nThe Lopez Museum and Library and the Roberto M. Lopez Conservation Center will be CLOSED from... https://t.co/nVGwsC9DfD", "id": "706641995213770752"}, {"created_at": "2016-03-07T00:43:50.000Z", "edit_history_tweet_ids": ["706641474142785537"], "author_id": "377734753", "text": "RT @lapostatv: Ten\u00eda raz\u00f3n Roberto Navarro, su jefe Cristobal Lopez del Grupo Echalo compr\u00f3 CN23 y despidi\u00f3 a 136 trabajadores https://t.co\u2026", "id": "706641474142785537"}, {"created_at": "2016-03-07T00:40:57.000Z", "edit_history_tweet_ids": ["706640746930159616"], "author_id": "299657399", "text": "RT @lapostatv: Ten\u00eda raz\u00f3n Roberto Navarro, su jefe Cristobal Lopez del Grupo Echalo compr\u00f3 CN23 y despidi\u00f3 a 136 trabajadores https://t.co\u2026", "id": "706640746930159616"}, {"created_at": "2016-03-07T00:38:57.000Z", "edit_history_tweet_ids": ["706640245283033088"], "author_id": "1315650668", "text": "RT @lapostatv: Ten\u00eda raz\u00f3n Roberto Navarro, su jefe Cristobal Lopez del Grupo Echalo compr\u00f3 CN23 y despidi\u00f3 a 136 trabajadores https://t.co\u2026", "id": "706640245283033088"}, {"created_at": "2016-03-07T00:37:20.000Z", "edit_history_tweet_ids": ["706639838867550209"], "author_id": "4254149410", "text": "RT @lapostatv: Ten\u00eda raz\u00f3n Roberto Navarro, su jefe Cristobal Lopez del Grupo Echalo compr\u00f3 CN23 y despidi\u00f3 a 136 trabajadores https://t.co\u2026", "id": "706639838867550209"}, {"created_at": "2016-03-07T00:35:54.000Z", "edit_history_tweet_ids": ["706639477847019520"], "author_id": "125839738", "text": "RT @lapostatv: Ten\u00eda raz\u00f3n Roberto Navarro, su jefe Cristobal Lopez del Grupo Echalo compr\u00f3 CN23 y despidi\u00f3 a 136 trabajadores https://t.co\u2026", "id": "706639477847019520"}, {"created_at": "2016-03-07T00:35:47.000Z", "edit_history_tweet_ids": ["706639446310047744"], "author_id": "384099379", "text": "RT @lapostatv: Ten\u00eda raz\u00f3n Roberto Navarro, su jefe Cristobal Lopez del Grupo Echalo compr\u00f3 CN23 y despidi\u00f3 a 136 trabajadores https://t.co\u2026", "id": "706639446310047744"}], "meta": {"newest_id": "707003389348077569", "oldest_id": "706639446310047744", "result_count": 99, "next_token": "1jzu9lk96gu5npw2xnoqpd41emw9d8z74pem54d92et9"}}