id, author_id, created_at, text
696495064592191488, 220139814, 2016-02-08T00:45:38.000Z, RT @randall_ibarra: Lmao Steve Harvey commercial. 😂
697239764588584960, 10252962, 2016-02-10T02:04:48.000Z, Man killed in Lincoln Heights shooting at car w/ Uber sticker ID'd as Steve Ibarra, 36 https://t.co/WSZBGmbtiC https://t.co/YWK8SZnu9W
697239862458609666, 388942956, 2016-02-10T02:05:11.000Z, RT @KTLA: Man killed in Lincoln Heights shooting at car w/ Uber sticker ID'd as Steve Ibarra, 36 https://t.co/WSZBGmbtiC https://t.co/YWK8S…
697239973603336193, 1179978818, 2016-02-10T02:05:38.000Z, RT @KTLA: Man killed in Lincoln Heights shooting at car w/ Uber sticker ID'd as Steve Ibarra, 36 https://t.co/WSZBGmbtiC https://t.co/YWK8S…
697240275240882176, 334853420, 2016-02-10T02:06:50.000Z, RT @KTLA: Man killed in Lincoln Heights shooting at car w/ Uber sticker ID'd as Steve Ibarra, 36 https://t.co/WSZBGmbtiC https://t.co/YWK8S…
697240853048225794, 706564398, 2016-02-10T02:09:08.000Z, RT @KTLA: Man killed in Lincoln Heights shooting at car w/ Uber sticker ID'd as Steve Ibarra, 36 https://t.co/WSZBGmbtiC https://t.co/YWK8S…
697241574539812864, 325862777, 2016-02-10T02:12:00.000Z, RT @KTLA: Man killed in Lincoln Heights shooting at car w/ Uber sticker ID'd as Steve Ibarra, 36 https://t.co/WSZBGmbtiC https://t.co/YWK8S…
697241934310428672, 3288338892, 2016-02-10T02:13:25.000Z, RT @KTLA: Man killed in Lincoln Heights shooting at car w/ Uber sticker ID'd as Steve Ibarra, 36 https://t.co/WSZBGmbtiC https://t.co/YWK8S…
697242802002882560, 58371682, 2016-02-10T02:16:52.000Z, RT @KTLA: Man killed in Lincoln Heights shooting at car w/ Uber sticker ID'd as Steve Ibarra, 36 https://t.co/WSZBGmbtiC https://t.co/YWK8S…
697245679651958785, 3385254859, 2016-02-10T02:28:18.000Z, RT @KTLA: Man killed in Lincoln Heights shooting at car w/ Uber sticker ID'd as Steve Ibarra, 36 https://t.co/WSZBGmbtiC https://t.co/YWK8S…
697245997811044352, 131058997, 2016-02-10T02:29:34.000Z, RT @KTLA: Man killed in Lincoln Heights shooting at car w/ Uber sticker ID'd as Steve Ibarra, 36 https://t.co/WSZBGmbtiC https://t.co/YWK8S…
697246053729370112, 881416218, 2016-02-10T02:29:48.000Z, RT @KTLA: Man killed in Lincoln Heights shooting at car w/ Uber sticker ID'd as Steve Ibarra, 36 https://t.co/WSZBGmbtiC https://t.co/YWK8S…
697246621625548801, 223346707, 2016-02-10T02:32:03.000Z, RT @KTLA: Man killed in Lincoln Heights shooting at car w/ Uber sticker ID'd as Steve Ibarra, 36 https://t.co/WSZBGmbtiC https://t.co/YWK8S…
697246817994481664, 2374404228, 2016-02-10T02:32:50.000Z, RT @KTLA: Man killed in Lincoln Heights shooting at car w/ Uber sticker ID'd as Steve Ibarra, 36 https://t.co/WSZBGmbtiC https://t.co/YWK8S…
697252537133498368, 92920337, 2016-02-10T02:55:33.000Z, RT @KTLA: Man killed in Lincoln Heights shooting at car w/ Uber sticker ID'd as Steve Ibarra, 36 https://t.co/WSZBGmbtiC https://t.co/YWK8S…
697252713751445504, 333500928, 2016-02-10T02:56:15.000Z, RT @KTLA: Man killed in Lincoln Heights shooting at car w/ Uber sticker ID'd as Steve Ibarra, 36 https://t.co/WSZBGmbtiC https://t.co/YWK8S…
697263083400527872, 258556299, 2016-02-10T03:37:28.000Z, RT @KTLA: Man killed in Lincoln Heights shooting at car w/ Uber sticker ID'd as Steve Ibarra, 36 https://t.co/WSZBGmbtiC https://t.co/YWK8S…
697288302261465088, 748445137, 2016-02-10T05:17:40.000Z, RT @KTLA: Man killed in Lincoln Heights shooting at car w/ Uber sticker ID'd as Steve Ibarra, 36 https://t.co/WSZBGmbtiC https://t.co/YWK8S…
697312465491591168, 589732224, 2016-02-10T06:53:41.000Z, RT @KTLA: Man killed in Lincoln Heights shooting at car w/ Uber sticker ID'd as Steve Ibarra, 36 https://t.co/WSZBGmbtiC https://t.co/YWK8S…
697319645779341312, 455099848, 2016-02-10T07:22:13.000Z, RT @KTLA: Man killed in Lincoln Heights shooting at car w/ Uber sticker ID'd as Steve Ibarra, 36 https://t.co/WSZBGmbtiC https://t.co/YWK8S…
697320166493786112, 106653942, 2016-02-10T07:24:17.000Z, RT @KTLA: Man killed in Lincoln Heights shooting at car w/ Uber sticker ID'd as Steve Ibarra, 36 https://t.co/WSZBGmbtiC https://t.co/YWK8S…
697323872257839104, 92427244, 2016-02-10T07:39:01.000Z, RT @KTLA: Man killed in Lincoln Heights shooting at car w/ Uber sticker ID'd as Steve Ibarra, 36 https://t.co/WSZBGmbtiC https://t.co/YWK8S…
697359775160496131, 30347857, 2016-02-10T10:01:41.000Z, RT @KTLA: Man killed in Lincoln Heights shooting at car w/ Uber sticker ID'd as Steve Ibarra, 36 https://t.co/WSZBGmbtiC https://t.co/YWK8S…
697653820021567490, 3233291820, 2016-02-11T05:30:07.000Z, RT @KTLA: Man killed in Lincoln Heights shooting at car w/ Uber sticker ID'd as Steve Ibarra, 36 https://t.co/WSZBGmbtiC https://t.co/YWK8S…
