id, author_id, created_at, text
1273411604621623296, 917089358020091904, 2020-06-18T00:26:00.000Z, @jesus_solis @Bvlxp Roberto Carlos ft. Shuy
1273487013392650242, 2736068923, 2020-06-18T05:25:38.000Z, @Aqus_solis Se llama Juan Carlos por lo chupa p.ja
1273707252013305857, 900122660537077762, 2020-06-18T20:00:47.000Z, 👤 #ConociendoA Carlos Ramón Rosas Solís, quien trabaja como coordinador de edición; le gusta el béisbol, los autos y cocinar.  #TelediarioEnEl6 con @azucenau y @janupi | https://t.co/VqUPqVxLBf https://t.co/VvXnQHuTGY
1273736752986021889, 770691169135230976, 2020-06-18T21:58:01.000Z, Carlos Solis par contre 🤰🏽 un mexicain sukali comme on dit, hm. il est trop grrrrrrrr
1273738442166411265, 1206584758089736197, 2020-06-18T22:04:44.000Z, Carlos got me in my feelings with Ana Gabriel and Marco Antonio Solis 😭😩
1273768053596176384, 1088878491314126848, 2020-06-19T00:02:24.000Z, @crhoycom LOS DESTRUYE PATRIA LUIS GUILLERMO SOLÍS , CARLOS ALVARADO Y EL PAC LO MAS MALO PARA QUE A PASADO EN ESTE PAÍS¡
1273768235591032832, 1179609138805932037, 2020-06-19T00:03:07.000Z, @izza_solis @kariosleon @estephanytt @fabricio_lpzp @ayleen_vv Carlos Correa le está invitando a una reunión de Zoom programada.  Tema: Sala de reuniones personales de Carlos Correa  Unirse a la reunión Zoom https://t.co/tEv21RBEmQ  ID de reunión: 491 701 1709 Contraseña: 1Hq1T5 A las 9:30 pm
1273789413324140544, 602838173, 2020-06-19T01:27:16.000Z, No couple living or dead, fictional or otherwise deserved each other more than Gabrielle and Carlos Solis. Beautifully dysfunctional match made in tartarus
1273813819391741953, 1179609138805932037, 2020-06-19T03:04:15.000Z, @izza_solis @estephanytt Carlos Correa le está invitando a una reunión de Zoom programada. MAÑANA 10:30 pm (horario Mexico)  Tema: Sala de reuniones personales de Carlos Correa  Unirse a la reunión Zoom https://t.co/tEv21RBEmQ  ID de reunión: 491 701 1709 Contraseña: 1Hq1T5
1273857269797699585, 890976419408474113, 2020-06-19T05:56:54.000Z, RT @EliasRa03212503: @crhoycom LOS DESTRUYE PATRIA LUIS GUILLERMO SOLÍS , CARLOS ALVARADO Y EL PAC LO MAS MALO PARA QUE A PASADO EN ESTE PA…
1273945507254226944, 630204487, 2020-06-19T11:47:32.000Z, Carlos Solis https://t.co/aPOeT2XnUK
1273953076953722880, 1232620917706153984, 2020-06-19T12:17:37.000Z, RT @nieves93747430: Carlos Solis https://t.co/aPOeT2XnUK
1273979617972555776, 378610433, 2020-06-19T14:03:04.000Z, Consternada por el fallecimiento de Carlos Ruiz Zafón. Gran escritor, y creador de una de las novelas más bonitas que he leído jamás: La Sombra del Viento. @Miguel_Solis_R  te la recomiendo
1274026029716307970, 3241494042, 2020-06-19T17:07:30.000Z, @YovanyMartillo Jajajaja me imagino que eres un pendejo como el puto tepa Solís o el pendejo de del Carlos Fierro
1274107288828215298, 1030578036960382977, 2020-06-19T22:30:24.000Z, Lic. Carlos Medrano, Consejero Comercial de Guatemala ante el Reino de España 🇪🇸; Lic. William Turton, Consejero Comercial en la Embajada de Guatemala ante el Reino de Los Países Bajos 🇳🇱; Lic. Miguel Solís, Consejero Comercial de la Embajada de Guatemala en Berlín 🇩🇪. https://t.co/AgWfoouyz8
1274194893309607936, 1136430415638597633, 2020-06-20T04:18:30.000Z, @OptimusPrime65 @AlbertMSaade @MirnaTobar5 @VulcanoDr @Edwin42476760 @victor3332 @MercyRam02 @Vanessa08489189 @Mercy7212 @Maurici86104891 @tigresahermosa @tigre_arnau77 @Miguela39965764 @TauraWilliam @willstarher @lalacamposSV @PatriciaMir8 @KarlaSalamanc14 @PatricitaLemus @AracelyMndez14 @Elizita2021 @_eliza1Capri_s @lisethland @MeybeDom @bonitafeliz10 @LilivethF @la_flamante @LChiks1912 @NormaAguilarDe1 @Dee_N_JP @JakeMateMusic Gracias 🙏   Como fui a enamorarme de ti  Más que amigos (Marco Antonio Solis)  Ya no vives en mi (Yuri y Carlos Rivera)  Amor secreto (Ángeles Azules)   😁✌
1274284601041719300, 570225410, 2020-06-20T10:14:58.000Z, gabby and carlos solis are my fave toxic relationship
1274379664534970368, 298213675, 2020-06-20T16:32:43.000Z, Pregunta seria: De verdad consideran a Luis Guillermo Solís pero que Carlos Alvarado?
1274412511899668480, 3071982336, 2020-06-20T18:43:14.000Z, @jccorral_solis Mi estimado Juan Carlos, esa es la bronca de cambiar de chaleco amarillo, luego naranja y al final guinda... ya no distingues entre un simulacro y otro... 😅  Te falta uno tricolor.... 😅
1274427134690447366, 130318589, 2020-06-20T19:41:21.000Z, @Antonio_Fierro @jccorral_solis @LaloSerranoZ Lo mismo quizá responderían aquellos que no terminaron los “elefantes blancos” a los que te refieres estimado Juan Carlos. Y así, Administracion tras Administración, trienio tras trienio, sexenio tras sexenio.
1274451247089750017, 1198910845918556160, 2020-06-20T21:17:10.000Z, Saw an old interview of iyke ogbonna n his wife on you tube mehn d were super cute together, anyways I wish dem happiness in ere new lives apart but if d ever pull a carlos n garbi solis will be super dope 😀😀
1274494215976820736, 825435780923453441, 2020-06-21T00:07:54.000Z, @PGuillermoSerra Carlos Solís,gracias Padre por tan lindo gesto,Dios le pague
1274496778591768577, 1174374910099169280, 2020-06-21T00:18:05.000Z, Apropósito que hoy los progres le están volando verga a la Alianza Cívica, les pregunto a estos zurdos aduladores de los dictadores naranjas de Lo 80, donde estan Azahlia Solis, Gioconda Belli y Carlos Tunnermann? Ellos son mienbros de la @AlianzaCivicaNi por q no les reclaman?
1274497633697042434, 3245365603, 2020-06-21T00:21:29.000Z, RT @IConCriterioP: Apropósito que hoy los progres le están volando verga a la Alianza Cívica, les pregunto a estos zurdos aduladores de los…
1274497670091071488, 453292968, 2020-06-21T00:21:38.000Z, RT @IConCriterioP: Apropósito que hoy los progres le están volando verga a la Alianza Cívica, les pregunto a estos zurdos aduladores de los…
1274514005407793153, 1716858644, 2020-06-21T01:26:32.000Z, Este 21 de junio celebra a papá junto a Anny B y Aranza en el programa especial #DíaDelPadre!  Carlos Cuevas, Diana Bellini, Miriam Solis, Grupo Blanco y Negro, Nayely Miel y Cumbia, Sexy Ritmo La Sensualidad Musical Oficial  2:00 PM Canal 34.1 y 34.2 de #MexiquenseTV https://t.co/mNiGILIuZc
1274524744738537473, 371086859, 2020-06-21T02:09:13.000Z, RT @IConCriterioP: Apropósito que hoy los progres le están volando verga a la Alianza Cívica, les pregunto a estos zurdos aduladores de los…
1274527127207985153, 112895452, 2020-06-21T02:18:41.000Z, @PGuillermoSerra Carlos Morán Solis por favor.
1274531858466955267, 1193999265661685762, 2020-06-21T02:37:29.000Z, RT @IConCriterioP: Apropósito que hoy los progres le están volando verga a la Alianza Cívica, les pregunto a estos zurdos aduladores de los…
1274551174029598721, 1035753606648094721, 2020-06-21T03:54:14.000Z, RT @IConCriterioP: Apropósito que hoy los progres le están volando verga a la Alianza Cívica, les pregunto a estos zurdos aduladores de los…
1274554564897845255, 134208784, 2020-06-21T04:07:43.000Z, RT @IConCriterioP: Apropósito que hoy los progres le están volando verga a la Alianza Cívica, les pregunto a estos zurdos aduladores de los…
1274560793892343808, 1126661833140723712, 2020-06-21T04:32:28.000Z, RT @IConCriterioP: Apropósito que hoy los progres le están volando verga a la Alianza Cívica, les pregunto a estos zurdos aduladores de los…
1274570086112788482, 87952052, 2020-06-21T05:09:23.000Z, RT @dsilvaprod: Este 21 de junio celebra a papá junto a Anny B y Aranza en el programa especial #DíaDelPadre!  Carlos Cuevas, Diana Bellini…
1274581567114031104, 2254236894, 2020-06-21T05:55:00.000Z, Reproduciendo actualmente: Roberto Carlos/Marco Antonio Solís - Arrastra una Silla - Primera Fila - En Vivo, escuchalo por #Firamix #Laromantica https://t.co/G0pKxZ91us
1274645541243232258, 385921374, 2020-06-21T10:09:13.000Z, Carlos Solis’ mum in desperate housewives https://t.co/cY7Y7WKvON
1274762208140984321, 27631737, 2020-06-21T17:52:49.000Z, Carlos Solis existed https://t.co/9RMDha8z3S
1274793743728742401, 44699314, 2020-06-21T19:58:07.000Z, Feliz día papá Carlos! El “Flaco” Solís!!! Espero verte pronto! https://t.co/ZdLatsgxuV https://t.co/WWI5SbZFmS
1274830493339484166, 2339917600, 2020-06-21T22:24:09.000Z, IS THAT CARLOS SOLIS
1274830980663123968, 1213670656069357568, 2020-06-21T22:26:05.000Z, francisco vargas &gt;&gt;&gt;&gt; carlos solis https://t.co/hzX1f2QeN6
1274871726548140032, 28191953, 2020-06-22T01:08:00.000Z, #ABCCultural A los frutos de los árboles dedica Carlos Villagra Marsal algunos poemas en El júbilo difícil.  🌳Oscar Pintasilgo Solís escribe sobre el poeta paraguayo y su musa, la naturaleza.  https://t.co/XiGwveLNGz
1274891549432672258, 1139543464918409217, 2020-06-22T02:26:46.000Z, https://t.co/rTjByEOPwg https://t.co/VpqbgCjney
1274892157271158787, 964235460649172992, 2020-06-22T02:29:11.000Z, Carlos solis funeral expenses https://t.co/VD9Gz18j4W
1274894257627607042, 3301833044, 2020-06-22T02:37:32.000Z, Please Donate or simply retweet🙏🏼🕊🥺 Carlos solis funeral expenses https://t.co/6JBO5WQWop
1274895457391706114, 813318181, 2020-06-22T02:42:18.000Z, RT @ABCDigital: #ABCCultural A los frutos de los árboles dedica Carlos Villagra Marsal algunos poemas en El júbilo difícil.  🌳Oscar Pintasi…
1274895992631025670, 2746064775, 2020-06-22T02:44:25.000Z, RT @lizzzycakes: Please Donate or simply retweet🙏🏼🕊🥺 Carlos solis funeral expenses https://t.co/6JBO5WQWop
1274899391480987648, 166329070, 2020-06-22T02:57:56.000Z, RT @ABCDigital: #ABCCultural A los frutos de los árboles dedica Carlos Villagra Marsal algunos poemas en El júbilo difícil.  🌳Oscar Pintasi…
1274907251971686403, 1004241210305724418, 2020-06-22T03:29:10.000Z, RT @lizzzycakes: Please Donate or simply retweet🙏🏼🕊🥺 Carlos solis funeral expenses https://t.co/6JBO5WQWop
1274910601060335616, 1406836639, 2020-06-22T03:42:28.000Z, RT @lizzzycakes: Please Donate or simply retweet🙏🏼🕊🥺 Carlos solis funeral expenses https://t.co/6JBO5WQWop
1274915304183721985, 1406836639, 2020-06-22T04:01:09.000Z, Anything helps💙 https://t.co/OuZFQyRZoQ
1274917190370619394, 2931033616, 2020-06-22T04:08:39.000Z, Carlos solis funeral expenses https://t.co/Xw4p5KrMne
1274939794024366081, 805673327557627904, 2020-06-22T05:38:28.000Z, RT @ok111488: Carlos solis funeral expenses https://t.co/Xw4p5KrMne
1274940355641659393, 1046948361058770944, 2020-06-22T05:40:42.000Z, RT @ok111488: Carlos solis funeral expenses https://t.co/Xw4p5KrMne
1274949099758878720, 1047190712930820101, 2020-06-22T06:15:27.000Z, RT @lizzzycakes: Please Donate or simply retweet🙏🏼🕊🥺 Carlos solis funeral expenses https://t.co/6JBO5WQWop
1274950713248854017, 2616180120, 2020-06-22T06:21:52.000Z, https://t.co/e3wu0EEinI
1274953813418315776, 957497440403316736, 2020-06-22T06:34:11.000Z, RT @lizzzycakes: Please Donate or simply retweet🙏🏼🕊🥺 Carlos solis funeral expenses https://t.co/6JBO5WQWop
1274954286384832512, 2756479717, 2020-06-22T06:36:04.000Z, RT @lizzzycakes: Please Donate or simply retweet🙏🏼🕊🥺 Carlos solis funeral expenses https://t.co/6JBO5WQWop
1274957983227588608, 1564892515, 2020-06-22T06:50:45.000Z, RT @lizzzycakes: Please Donate or simply retweet🙏🏼🕊🥺 Carlos solis funeral expenses https://t.co/6JBO5WQWop
1274958290401685505, 4756705826, 2020-06-22T06:51:58.000Z, RT @ok111488: Carlos solis funeral expenses https://t.co/Xw4p5KrMne
1274959658483019777, 4636371266, 2020-06-22T06:57:24.000Z, RT @lizzzycakes: Please Donate or simply retweet🙏🏼🕊🥺 Carlos solis funeral expenses https://t.co/6JBO5WQWop
1274960857072467968, 954549730159214592, 2020-06-22T07:02:10.000Z, RT @lizzzycakes: Please Donate or simply retweet🙏🏼🕊🥺 Carlos solis funeral expenses https://t.co/6JBO5WQWop
1274965176916176897, 1440387152, 2020-06-22T07:19:20.000Z, RT @lizzzycakes: Please Donate or simply retweet🙏🏼🕊🥺 Carlos solis funeral expenses https://t.co/6JBO5WQWop
1274966055933243392, 2884119042, 2020-06-22T07:22:50.000Z, RT @ok111488: Carlos solis funeral expenses https://t.co/Xw4p5KrMne
1274966523166121986, 1631290272, 2020-06-22T07:24:41.000Z, RT @ok111488: Carlos solis funeral expenses https://t.co/Xw4p5KrMne
1274967238664044544, 2222645245, 2020-06-22T07:27:32.000Z, RT @ok111488: Carlos solis funeral expenses https://t.co/Xw4p5KrMne
1274971065421164544, 2287205564, 2020-06-22T07:42:44.000Z, RT @lizzzycakes: Please Donate or simply retweet🙏🏼🕊🥺 Carlos solis funeral expenses https://t.co/6JBO5WQWop
1274975591171715072, 1058534298964254721, 2020-06-22T08:00:43.000Z, RT @lizzzycakes: Please Donate or simply retweet🙏🏼🕊🥺 Carlos solis funeral expenses https://t.co/6JBO5WQWop
1274980157766250502, 775516094580727808, 2020-06-22T08:18:52.000Z, RT @lizzzycakes: Please Donate or simply retweet🙏🏼🕊🥺 Carlos solis funeral expenses https://t.co/6JBO5WQWop
1274984922495815680, 4180112715, 2020-06-22T08:37:48.000Z, RT @ABCDigital: #ABCCultural A los frutos de los árboles dedica Carlos Villagra Marsal algunos poemas en El júbilo difícil.  🌳Oscar Pintasi…
1274988873685200896, 757759024112685056, 2020-06-22T08:53:30.000Z, RT @ok111488: Carlos solis funeral expenses https://t.co/Xw4p5KrMne
1274996840757223426, 786431263733272576, 2020-06-22T09:25:09.000Z, RT @lizzzycakes: Please Donate or simply retweet🙏🏼🕊🥺 Carlos solis funeral expenses https://t.co/6JBO5WQWop
1274999812937506823, 860554032, 2020-06-22T09:36:58.000Z, RT @ok111488: Carlos solis funeral expenses https://t.co/Xw4p5KrMne
1275000208481374208, 1112906838477959168, 2020-06-22T09:38:32.000Z, RT @lizzzycakes: Please Donate or simply retweet🙏🏼🕊🥺 Carlos solis funeral expenses https://t.co/6JBO5WQWop
1275001968746827776, 156400880, 2020-06-22T09:45:32.000Z, RT @ok111488: Carlos solis funeral expenses https://t.co/Xw4p5KrMne
1275008889356869633, 3247591093, 2020-06-22T10:13:02.000Z, RT @lizzzycakes: Please Donate or simply retweet🙏🏼🕊🥺 Carlos solis funeral expenses https://t.co/6JBO5WQWop
1275009124472741888, 3247591093, 2020-06-22T10:13:58.000Z, He was one of my younger clients, always a pleasure to cut you up bro. Fly high 🕊   https://t.co/2DiP7cPKhm
1275025987986534402, 788935712506728450, 2020-06-22T11:20:59.000Z, RT @ok111488: Carlos solis funeral expenses https://t.co/Xw4p5KrMne
1275031672996626439, 2243425941, 2020-06-22T11:43:34.000Z, RT @ABCDigital: #ABCCultural A los frutos de los árboles dedica Carlos Villagra Marsal algunos poemas en El júbilo difícil.  🌳Oscar Pintasi…
1275038649114132480, 1081221739076571137, 2020-06-22T12:11:17.000Z, RT @ABCDigital: #ABCCultural A los frutos de los árboles dedica Carlos Villagra Marsal algunos poemas en El júbilo difícil.  🌳Oscar Pintasi…
1275044398930071552, 1080695888027107328, 2020-06-22T12:34:08.000Z, RT @lizzzycakes: Please Donate or simply retweet🙏🏼🕊🥺 Carlos solis funeral expenses https://t.co/6JBO5WQWop
1275057276022210561, 176625557, 2020-06-22T13:25:18.000Z, Versiones encontradas entre Irma Eréndira y Carlos Loret, ambos deben demostrar sus argumentos. Mi colaboración. @arlncontreras @luzyolanda09 @PattySierra_R @dionelsena @EduardoOrtegaS @LaloSerranoZ @AlejandroFdelaP @hermannlinden @jccorral_solis @fermejorado @RAYYENRIQUEZ https://t.co/jVmMhUkQ4d
1275057370553634816, 3071982336, 2020-06-22T13:25:41.000Z, RT @Quetzalh: Versiones encontradas entre Irma Eréndira y Carlos Loret, ambos deben demostrar sus argumentos. Mi colaboración. @arlncontrer…
1275058094452719618, 92351512, 2020-06-22T13:28:33.000Z, RT @Quetzalh: Versiones encontradas entre Irma Eréndira y Carlos Loret, ambos deben demostrar sus argumentos. Mi colaboración. @arlncontrer…
1275058144045981697, 213403702, 2020-06-22T13:28:45.000Z, RT @Quetzalh: Versiones encontradas entre Irma Eréndira y Carlos Loret, ambos deben demostrar sus argumentos. Mi colaboración. @arlncontrer…
1275058734801223685, 858067168465997825, 2020-06-22T13:31:06.000Z, RT @ABCDigital: #ABCCultural A los frutos de los árboles dedica Carlos Villagra Marsal algunos poemas en El júbilo difícil.  🌳Oscar Pintasi…
1275059818626117634, 771821574500544512, 2020-06-22T13:35:24.000Z, no tienen visos de realidad. ¿Qué harán los representantes de organizaciones sociales que están en la Alianza, como Carlos Tünnerman y Azahalea Solís? Por su trayectoria y sensibilidad social estos tienden a estar más cerca de la UNAB y la Coalición que de una alianza entre
1275063548192763907, 184126139, 2020-06-22T13:50:14.000Z, RT @Quetzalh: Versiones encontradas entre Irma Eréndira y Carlos Loret, ambos deben demostrar sus argumentos. Mi colaboración. @arlncontrer…
1275070364620451843, 106508412, 2020-06-22T14:17:19.000Z, RT @Quetzalh: Versiones encontradas entre Irma Eréndira y Carlos Loret, ambos deben demostrar sus argumentos. Mi colaboración. @arlncontrer…
1275081979763945473, 2560248194, 2020-06-22T15:03:28.000Z, RT @lizzzycakes: Please Donate or simply retweet🙏🏼🕊🥺 Carlos solis funeral expenses https://t.co/6JBO5WQWop
1275083287506100224, 3110684471, 2020-06-22T15:08:40.000Z, RT @Quetzalh: Versiones encontradas entre Irma Eréndira y Carlos Loret, ambos deben demostrar sus argumentos. Mi colaboración. @arlncontrer…
1275084821417558016, 87807224, 2020-06-22T15:14:46.000Z, RT @ABCDigital: #ABCCultural A los frutos de los árboles dedica Carlos Villagra Marsal algunos poemas en El júbilo difícil.  🌳Oscar Pintasi…
1275085106928062465, 764181398819368962, 2020-06-22T15:15:54.000Z, RT @ABCDigital: #ABCCultural A los frutos de los árboles dedica Carlos Villagra Marsal algunos poemas en El júbilo difícil.  🌳Oscar Pintasi…
1275085759394058240, 859745776829947905, 2020-06-22T15:18:29.000Z, RT @ABCDigital: #ABCCultural A los frutos de los árboles dedica Carlos Villagra Marsal algunos poemas en El júbilo difícil.  🌳Oscar Pintasi…
1275094913269579778, 3084629584, 2020-06-22T15:54:52.000Z, RT @ABCDigital: #ABCCultural A los frutos de los árboles dedica Carlos Villagra Marsal algunos poemas en El júbilo difícil.  🌳Oscar Pintasi…
1275096482102698001, 4636371266, 2020-06-22T16:01:06.000Z, RT @ok111488: Carlos solis funeral expenses https://t.co/Xw4p5KrMne
1275097098086686727, 374658449, 2020-06-22T16:03:32.000Z, RT @ABCDigital: #ABCCultural A los frutos de los árboles dedica Carlos Villagra Marsal algunos poemas en El júbilo difícil.  🌳Oscar Pintasi…
1275112355358101507, 3344066233, 2020-06-22T17:04:10.000Z, RT @ok111488: Carlos solis funeral expenses https://t.co/Xw4p5KrMne
1275122939860410368, 1245783247616798744, 2020-06-22T17:46:14.000Z, RT @lizzzycakes: Please Donate or simply retweet🙏🏼🕊🥺 Carlos solis funeral expenses https://t.co/6JBO5WQWop
1275123760161452032, 1096289740440010752, 2020-06-22T17:49:29.000Z, RT @lizzzycakes: Please Donate or simply retweet🙏🏼🕊🥺 Carlos solis funeral expenses https://t.co/6JBO5WQWop
1275134038659837953, 4561859712, 2020-06-22T18:30:20.000Z, RT @lizzzycakes: Please Donate or simply retweet🙏🏼🕊🥺 Carlos solis funeral expenses https://t.co/6JBO5WQWop
1275142033959616512, 1158613893293363201, 2020-06-22T19:02:06.000Z, RT @lizzzycakes: Please Donate or simply retweet🙏🏼🕊🥺 Carlos solis funeral expenses https://t.co/6JBO5WQWop
1275142395772825600, 1298050796, 2020-06-22T19:03:32.000Z, RT @lizzzycakes: Please Donate or simply retweet🙏🏼🕊🥺 Carlos solis funeral expenses https://t.co/6JBO5WQWop
1275142619492839424, 1298050796, 2020-06-22T19:04:26.000Z, Please donate🙏🏽 RiP Carlos .🙏🏽 https://t.co/jvoK8uZMPK
1275144200737054720, 1157734370070786048, 2020-06-22T19:10:43.000Z, RT @lizzzycakes: Please Donate or simply retweet🙏🏼🕊🥺 Carlos solis funeral expenses https://t.co/6JBO5WQWop
1275144748781596672, 977605930756882432, 2020-06-22T19:12:53.000Z, RT @lizzzycakes: Please Donate or simply retweet🙏🏼🕊🥺 Carlos solis funeral expenses https://t.co/6JBO5WQWop
1275147425267605504, 861147242220068864, 2020-06-22T19:23:31.000Z, RT @lizzzycakes: Please Donate or simply retweet🙏🏼🕊🥺 Carlos solis funeral expenses https://t.co/6JBO5WQWop
1275150455929098240, 3240526466, 2020-06-22T19:35:34.000Z, RT @lizzzycakes: Please Donate or simply retweet🙏🏼🕊🥺 Carlos solis funeral expenses https://t.co/6JBO5WQWop
1275160125141991424, 932856095235760128, 2020-06-22T20:13:59.000Z, RT @lizzzycakes: Please Donate or simply retweet🙏🏼🕊🥺 Carlos solis funeral expenses https://t.co/6JBO5WQWop
1275167584183181312, 1056727111149346816, 2020-06-22T20:43:38.000Z, RT @lizzzycakes: Please Donate or simply retweet🙏🏼🕊🥺 Carlos solis funeral expenses https://t.co/6JBO5WQWop
1275169536048685056, 1064317058, 2020-06-22T20:51:23.000Z, RT @lizzzycakes: Please Donate or simply retweet🙏🏼🕊🥺 Carlos solis funeral expenses https://t.co/6JBO5WQWop
1275175825654988805, 905642770978693122, 2020-06-22T21:16:23.000Z, Anything would help please donate &amp; share 🙏🏻  Carlos solis funeral expenses https://t.co/dZajalx7PH
1275182065550417920, 1237746080, 2020-06-22T21:41:10.000Z, My brother lost his best friend on Saturday night. Any donations would help thank you! 🙏🏼🕊Carlos Solis expenses https://t.co/b55ZmSJAMm
1275185312595992576, 753679690812919808, 2020-06-22T21:54:04.000Z, RT @lallireynosoo: Anything would help please donate &amp; share 🙏🏻  Carlos solis funeral expenses https://t.co/dZajalx7PH
1275190089744695297, 754876380849004544, 2020-06-22T22:13:03.000Z, RT @lallireynosoo: Anything would help please donate &amp; share 🙏🏻  Carlos solis funeral expenses https://t.co/dZajalx7PH
1275193005348016128, 2925045373, 2020-06-22T22:24:39.000Z, RT @lallireynosoo: Anything would help please donate &amp; share 🙏🏻  Carlos solis funeral expenses https://t.co/dZajalx7PH
1275193461679902720, 1125867419761664000, 2020-06-22T22:26:27.000Z, RT @lizzzycakes: Please Donate or simply retweet🙏🏼🕊🥺 Carlos solis funeral expenses https://t.co/6JBO5WQWop
1275193761551671297, 1157734370070786048, 2020-06-22T22:27:39.000Z, RT @lallireynosoo: Anything would help please donate &amp; share 🙏🏻  Carlos solis funeral expenses https://t.co/dZajalx7PH
1275193830942203905, 794575484973563904, 2020-06-22T22:27:55.000Z, RT @lallireynosoo: Anything would help please donate &amp; share 🙏🏻  Carlos solis funeral expenses https://t.co/dZajalx7PH
1275196056616275968, 364599051, 2020-06-22T22:36:46.000Z, RT @ABCDigital: #ABCCultural A los frutos de los árboles dedica Carlos Villagra Marsal algunos poemas en El júbilo difícil.  🌳Oscar Pintasi…
1275196404239962113, 2222645245, 2020-06-22T22:38:09.000Z, RT @lallireynosoo: Anything would help please donate &amp; share 🙏🏻  Carlos solis funeral expenses https://t.co/dZajalx7PH
1275197397619089408, 1355788070, 2020-06-22T22:42:06.000Z, RT @ABCDigital: #ABCCultural A los frutos de los árboles dedica Carlos Villagra Marsal algunos poemas en El júbilo difícil.  🌳Oscar Pintasi…
1275198686901841921, 1169072928094216197, 2020-06-22T22:47:13.000Z, RT @lallireynosoo: Anything would help please donate &amp; share 🙏🏻  Carlos solis funeral expenses https://t.co/dZajalx7PH
1275199417679675393, 2159071081, 2020-06-22T22:50:07.000Z, RT @lallireynosoo: Anything would help please donate &amp; share 🙏🏻  Carlos solis funeral expenses https://t.co/dZajalx7PH
1275201702262521856, 1133472301645623296, 2020-06-22T22:59:12.000Z, RT @lallireynosoo: Anything would help please donate &amp; share 🙏🏻  Carlos solis funeral expenses https://t.co/dZajalx7PH
1275202846477049856, 2953107554, 2020-06-22T23:03:45.000Z, RT @lallireynosoo: Anything would help please donate &amp; share 🙏🏻  Carlos solis funeral expenses https://t.co/dZajalx7PH
1275203046734061569, 864347913090093058, 2020-06-22T23:04:33.000Z, RT @lallireynosoo: Anything would help please donate &amp; share 🙏🏻  Carlos solis funeral expenses https://t.co/dZajalx7PH
1275203921892409345, 4636371266, 2020-06-22T23:08:01.000Z, RT @lallireynosoo: Anything would help please donate &amp; share 🙏🏻  Carlos solis funeral expenses https://t.co/dZajalx7PH
1275206826275954688, 1112906838477959168, 2020-06-22T23:19:34.000Z, RT @lallireynosoo: Anything would help please donate &amp; share 🙏🏻  Carlos solis funeral expenses https://t.co/dZajalx7PH
1275209622215778305, 2754695493, 2020-06-22T23:30:40.000Z, RT @espia1973: @iaia_Anee @gabor0514 En todo caso el responsable de levantar sendas investigaciones en contra de Juan Carlos Varela por Pec…
1275211889006440448, 757660459361193984, 2020-06-22T23:39:41.000Z, RT @lallireynosoo: Anything would help please donate &amp; share 🙏🏻  Carlos solis funeral expenses https://t.co/dZajalx7PH
1275216577126731776, 1002364043611406339, 2020-06-22T23:58:19.000Z, RT @lallireynosoo: Anything would help please donate &amp; share 🙏🏻  Carlos solis funeral expenses https://t.co/dZajalx7PH
1275219126269521920, 850590813486698496, 2020-06-23T00:08:26.000Z, RT @lallireynosoo: Anything would help please donate &amp; share 🙏🏻  Carlos solis funeral expenses https://t.co/dZajalx7PH
1275220139974131713, 2716827703, 2020-06-23T00:12:28.000Z, RT @lallireynosoo: Anything would help please donate &amp; share 🙏🏻  Carlos solis funeral expenses https://t.co/dZajalx7PH
1275221431958122497, 1139543464918409217, 2020-06-23T00:17:36.000Z, https://t.co/rTjByEOPwg
1275221484563128321, 1139543464918409217, 2020-06-23T00:17:49.000Z, @elvale_1 https://t.co/rTjByEOPwg
1275221521854640129, 1139543464918409217, 2020-06-23T00:17:57.000Z, @Rah_ven https://t.co/rTjByEOPwg
1275221878693486592, 1139543464918409217, 2020-06-23T00:19:23.000Z, @altheprofessor https://t.co/rTjByEOPwg
1275221913552293890, 1139543464918409217, 2020-06-23T00:19:31.000Z, @ReadTsukihime https://t.co/rTjByEOPwg
1275224833417113601, 623618133, 2020-06-23T00:31:07.000Z, RT @lallireynosoo: Anything would help please donate &amp; share 🙏🏻  Carlos solis funeral expenses https://t.co/dZajalx7PH
1275229790157500416, 785691926397792257, 2020-06-23T00:50:49.000Z, RT @lallireynosoo: Anything would help please donate &amp; share 🙏🏻  Carlos solis funeral expenses https://t.co/dZajalx7PH
1275230459660652544, 1061800470, 2020-06-23T00:53:28.000Z, RT @lizzzycakes: Please Donate or simply retweet🙏🏼🕊🥺 Carlos solis funeral expenses https://t.co/6JBO5WQWop
1275237919473627137, 1046948361058770944, 2020-06-23T01:23:07.000Z, RT @lallireynosoo: Anything would help please donate &amp; share 🙏🏻  Carlos solis funeral expenses https://t.co/dZajalx7PH
1275239488302706689, 1323386341, 2020-06-23T01:29:21.000Z, RT @lallireynosoo: Anything would help please donate &amp; share 🙏🏻  Carlos solis funeral expenses https://t.co/dZajalx7PH
1275249013881802753, 759512912197144576, 2020-06-23T02:07:12.000Z, @Carlos_Solis_14 Irrelevant bro
1275256519374909440, 213403702, 2020-06-23T02:37:01.000Z, @CarloSalinasITD @EduardoOrtegaS @heraldodemexico @arlncontreras @AlejandroFdelaP @LaloSerranoZ @ClaudiaAdame @hermannlinden @jccorral_solis @luzyolanda09 @MtroDelaRosa @PattySierra_R @FelipeCorrea_1 @Quetzalh @claudiotv12dgo No se trata de partidos mi estimado Don Carlos, se trata de los personajes que llegan a las curules y por temas meramente personales brincan de una bancada a otra. Saludos
1275264493556084736, 3139468346, 2020-06-23T03:08:43.000Z, RT @lallireynosoo: Anything would help please donate &amp; share 🙏🏻  Carlos solis funeral expenses https://t.co/dZajalx7PH
1275299625230987266, 850143906297786368, 2020-06-23T05:28:19.000Z, RT @lizzzycakes: Please Donate or simply retweet🙏🏼🕊🥺 Carlos solis funeral expenses https://t.co/6JBO5WQWop
1275301401120215040, 737031079098351616, 2020-06-23T05:35:22.000Z, RT @ok111488: Carlos solis funeral expenses https://t.co/Xw4p5KrMne
1275303344895033344, 2438180694, 2020-06-23T05:43:06.000Z, RT @espia1973: @iaia_Anee @gabor0514 En todo caso el responsable de levantar sendas investigaciones en contra de Juan Carlos Varela por Pec…
1275307110369079304, 711730727503572992, 2020-06-23T05:58:03.000Z, RT @lallireynosoo: Anything would help please donate &amp; share 🙏🏻  Carlos solis funeral expenses https://t.co/dZajalx7PH
1275330463926611968, 3145904288, 2020-06-23T07:30:51.000Z, RT @lallireynosoo: Anything would help please donate &amp; share 🙏🏻  Carlos solis funeral expenses https://t.co/dZajalx7PH
1275338931211505664, 2746064775, 2020-06-23T08:04:30.000Z, RT @lallireynosoo: Anything would help please donate &amp; share 🙏🏻  Carlos solis funeral expenses https://t.co/dZajalx7PH
1275339628531167232, 736067146531274752, 2020-06-23T08:07:16.000Z, RT @lizzzycakes: Please Donate or simply retweet🙏🏼🕊🥺 Carlos solis funeral expenses https://t.co/6JBO5WQWop
1275386834005233669, 2754918790, 2020-06-23T11:14:51.000Z, RT @espia1973: @iaia_Anee @gabor0514 En todo caso el responsable de levantar sendas investigaciones en contra de Juan Carlos Varela por Pec…
1275416206498037760, 1202279313883709440, 2020-06-23T13:11:34.000Z, RT @espia1973: @iaia_Anee @gabor0514 En todo caso el responsable de levantar sendas investigaciones en contra de Juan Carlos Varela por Pec…
1275418135420702720, 1023331691585327104, 2020-06-23T13:19:14.000Z, RT @Guiosvald: no tienen visos de realidad. ¿Qué harán los representantes de organizaciones sociales que están en la Alianza, como Carlos T…
1275421944985186306, 2383122594, 2020-06-23T13:34:22.000Z, Anything helps 🙏🏽 https://t.co/l0RI1xBN6C
1275446724836724741, 1139543464918409217, 2020-06-23T15:12:50.000Z, https://t.co/rTjByEOPwg
1275447014239531008, 1139543464918409217, 2020-06-23T15:13:59.000Z, @KTLA https://t.co/rTjByEOPwg
1275447186243764229, 1139543464918409217, 2020-06-23T15:14:40.000Z, @ABC https://t.co/rTjByEOPwg
1275450155781681153, 1009570769913958400, 2020-06-23T15:26:28.000Z, Carlos Solis’ toxic masculinity😍
1275457809182683137, 1161830248154947589, 2020-06-23T15:56:53.000Z, RT @Stephxxi93: @KTLA https://t.co/rTjByEOPwg
1275472260128600073, 46698376, 2020-06-23T16:54:18.000Z, En la AC los únicos perversos no son los empresarios. Que papel juegan en este embrollo Carlos Tunnerman, Azahalea Solis y Gioconda Belli? Si vamos a satanizar a la AC, entonces seamos parejos con TODOS porque los nicaraguenses se hunden en la miseria, la enfermedad y la muerte. https://t.co/W9GUuRmvDS
1275472559140716544, 192009062, 2020-06-23T16:55:29.000Z, RT @fenix66: En la AC los únicos perversos no son los empresarios. Que papel juegan en este embrollo Carlos Tunnerman, Azahalea Solis y Gio…
1275486906491559942, 2897562935, 2020-06-23T17:52:30.000Z, RT @fenix66: En la AC los únicos perversos no son los empresarios. Que papel juegan en este embrollo Carlos Tunnerman, Azahalea Solis y Gio…
1275490420693381120, 848407238834311168, 2020-06-23T18:06:28.000Z, Pregunta @nacion si debemos bajar la estatua de León Cortés por ser un político que a pesar de sus aportes tuvo grandes yerros y contradicciones. Si por eso debemos bajarlo, ¿qué deberíamos hacer con Carlos Alvarado y Luis Guillermo Solís?
1275490713103405059, 995883399121457152, 2020-06-23T18:07:38.000Z, RT @fenix66: En la AC los únicos perversos no son los empresarios. Que papel juegan en este embrollo Carlos Tunnerman, Azahalea Solis y Gio…
1275493431322820610, 1008061171059101697, 2020-06-23T18:18:26.000Z, RT @fenix66: En la AC los únicos perversos no son los empresarios. Que papel juegan en este embrollo Carlos Tunnerman, Azahalea Solis y Gio…
1275493787700248577, 1274533795392348162, 2020-06-23T18:19:51.000Z, RT @DannyPrezSola29: Pregunta @nacion si debemos bajar la estatua de León Cortés por ser un político que a pesar de sus aportes tuvo grande…
1275497695227117568, 1126661833140723712, 2020-06-23T18:35:22.000Z, RT @fenix66: En la AC los únicos perversos no son los empresarios. Que papel juegan en este embrollo Carlos Tunnerman, Azahalea Solis y Gio…
1275520452555935744, 1079532309366349825, 2020-06-23T20:05:48.000Z, RT @fenix66: En la AC los únicos perversos no son los empresarios. Que papel juegan en este embrollo Carlos Tunnerman, Azahalea Solis y Gio…
1275523586153943046, 1047141081236852737, 2020-06-23T20:18:15.000Z, RT @espia1973: @iaia_Anee @gabor0514 En todo caso el responsable de levantar sendas investigaciones en contra de Juan Carlos Varela por Pec…
1275526858403176451, 1253802480661680131, 2020-06-23T20:31:15.000Z, RT @DannyPrezSola29: Pregunta @nacion si debemos bajar la estatua de León Cortés por ser un político que a pesar de sus aportes tuvo grande…
1275527242395922433, 1174143869358956545, 2020-06-23T20:32:47.000Z, RT @fenix66: En la AC los únicos perversos no son los empresarios. Que papel juegan en este embrollo Carlos Tunnerman, Azahalea Solis y Gio…
1275544088046116869, 770083179910860800, 2020-06-23T21:39:43.000Z, RT @DannyPrezSola29: Pregunta @nacion si debemos bajar la estatua de León Cortés por ser un político que a pesar de sus aportes tuvo grande…
1275546472579203074, 1126870438305587200, 2020-06-23T21:49:12.000Z, RT @fenix66: En la AC los únicos perversos no son los empresarios. Que papel juegan en este embrollo Carlos Tunnerman, Azahalea Solis y Gio…
1275550273176514560, 1128024890592907264, 2020-06-23T22:04:18.000Z, RT @ernest_solis: @carloselizondom Carlos, tu paciencia es digna de admiración. Ya no pierdas mas tiempo con los porristas del régimen, lo…
1275552282894110720, 1436547210, 2020-06-23T22:12:17.000Z, RT @fenix66: En la AC los únicos perversos no son los empresarios. Que papel juegan en este embrollo Carlos Tunnerman, Azahalea Solis y Gio…
1275559938832531456, 905642770978693122, 2020-06-23T22:42:42.000Z, RT @lallireynosoo: Anything would help please donate &amp; share 🙏🏻  Carlos solis funeral expenses https://t.co/dZajalx7PH
1275563720199069698, 256793131, 2020-06-23T22:57:44.000Z, Carlos Solis without a beard 😭😭😭😭😭 noooo!
1275565307659051008, 4455701233, 2020-06-23T23:04:02.000Z, RT @lallireynosoo: Anything would help please donate &amp; share 🙏🏻  Carlos solis funeral expenses https://t.co/dZajalx7PH
1275565627852222464, 736067146531274752, 2020-06-23T23:05:19.000Z, RT @lallireynosoo: Anything would help please donate &amp; share 🙏🏻  Carlos solis funeral expenses https://t.co/dZajalx7PH
1275571891432943616, 993609081343668224, 2020-06-23T23:30:12.000Z, RT @fenix66: En la AC los únicos perversos no son los empresarios. Que papel juegan en este embrollo Carlos Tunnerman, Azahalea Solis y Gio…
1275573934759411712, 3301833044, 2020-06-23T23:38:19.000Z, RT @lizzzycakes: Please Donate or simply retweet🙏🏼🕊🥺 Carlos solis funeral expenses https://t.co/6JBO5WQWop
1275583745744080897, 855597263346913280, 2020-06-24T00:17:18.000Z, RT @ernest_solis: @carloselizondom Carlos, tu paciencia es digna de admiración. Ya no pierdas mas tiempo con los porristas del régimen, lo…
1275584625096617985, 38807167, 2020-06-24T00:20:48.000Z, RT @fenix66: En la AC los únicos perversos no son los empresarios. Que papel juegan en este embrollo Carlos Tunnerman, Azahalea Solis y Gio…
1275590455309336582, 1093177217427931139, 2020-06-24T00:43:58.000Z, RT @fenix66: En la AC los únicos perversos no son los empresarios. Que papel juegan en este embrollo Carlos Tunnerman, Azahalea Solis y Gio…
1275607737242550273, 1035753606648094721, 2020-06-24T01:52:38.000Z, RT @fenix66: En la AC los únicos perversos no son los empresarios. Que papel juegan en este embrollo Carlos Tunnerman, Azahalea Solis y Gio…
1275643709862928387, 162929592, 2020-06-24T04:15:35.000Z, Varias cosas a destacar de la entrevista:  -José Pallais confirma las suposiciones de que los empresarios tienen el control en la Alianza. -Y lxs representantes estudiantes siguiéndoles la línea. -Carlos Tunnerman, Sandra Ramos y Azahalea Solís son quienes van contra la corriente https://t.co/TMLc2cMx9U
1275644953146908672, 1139543464918409217, 2020-06-24T04:20:31.000Z, https://t.co/rTjByF6qUQ
1275648161856577537, 1406836639, 2020-06-24T04:33:16.000Z, RT @lallireynosoo: Anything would help please donate &amp; share 🙏🏻  Carlos solis funeral expenses https://t.co/dZajalx7PH
1275654186491838465, 241237990, 2020-06-24T04:57:13.000Z, @m_ebrard Quién gobernaba en 1989, ¡ah! si, Carlos Salinas De Gortari y en la CDMX, Manuel Camacho Solis y su Secretario de Gobierno, era Marcelo Ebrard. Puro Pinche Conservador. ¡Qué asco!
1275658779225460737, 2183532920, 2020-06-24T05:15:28.000Z, RT @lallireynosoo: Anything would help please donate &amp; share 🙏🏻  Carlos solis funeral expenses https://t.co/dZajalx7PH
1275674625679208448, 145676658, 2020-06-24T06:18:26.000Z, RT @DannyPrezSola29: Pregunta @nacion si debemos bajar la estatua de León Cortés por ser un político que a pesar de sus aportes tuvo grande…
1275769464617828355, 77340424, 2020-06-24T12:35:17.000Z, RT @DannyPrezSola29: Pregunta @nacion si debemos bajar la estatua de León Cortés por ser un político que a pesar de sus aportes tuvo grande…
1275771990025162752, 1035597793950400512, 2020-06-24T12:45:19.000Z, La @FECAPEQ organizó la plática virtual “Ingeniería Financiera…reinventando mi negocio ante la nueva normalidad”, dictada por Juan Carlos García Solís, expresidente del Colegio de Contadores Públicos de Querétaro. https://t.co/dFJxzuFaU6
1275795421152018432, 68533612, 2020-06-24T14:18:26.000Z, #LiveDoPT “Os Imigrantes e a pandemia” com o vereador Antônio Donato @donato_pt, deputado federal Carlos Zararttini @CarlosZarattini, Adriano Diogo @adrianodiogo, Karina Quintanilha, Thais La Rosa e Diana Solis https://t.co/7BrstdrOtu
1275808190576418817, 1096509100828041216, 2020-06-24T15:09:10.000Z, Estamos sufriendo la segunda ola de la #pacdemia que ha sido mucho peor que la primera de Luis Guillermo Solís, ya es momento de abandonar los paliativos y eliminar por completo la enfermedad: el PAC. #EleccionesAdelantadas para bajar a Carlos Alvarado de la silla presidencial. https://t.co/joegeWf3SA
1275811756024246273, 4864712366, 2020-06-24T15:23:20.000Z, RT @fenix66: En la AC los únicos perversos no son los empresarios. Que papel juegan en este embrollo Carlos Tunnerman, Azahalea Solis y Gio…
1275822783109496834, 1249450351410827264, 2020-06-24T16:07:09.000Z, RT @MovimientoDEA: Estamos sufriendo la segunda ola de la #pacdemia que ha sido mucho peor que la primera de Luis Guillermo Solís, ya es mo…
1275832206561366016, 356519733, 2020-06-24T16:44:36.000Z, RT @MovimientoDEA: Estamos sufriendo la segunda ola de la #pacdemia que ha sido mucho peor que la primera de Luis Guillermo Solís, ya es mo…
1275833328143413251, 118849872, 2020-06-24T16:49:03.000Z, @enriquemjojot @evertonsadp @PasiondeCerro Luis Guarda, Araña Solís,  Jaime Zapata,  Milton Melgar, Domingo Sorace, Carlos Rojas, Chispa Cruz, Claudio Muñoz, Chicho García,  Polo Vallejos
1275846660057452544, 268561269, 2020-06-24T17:42:02.000Z, Yo con el ánimo por el subsuelo y mi mama haciendo aseo con música de Roberto Carlos y Marco Antonio Solis... quiero llorar
1275846815573827589, 274154870, 2020-06-24T17:42:39.000Z, El empleo y por ende los negocios turísticos en La Fortuna de San Carlos, están con afectaciones económicas muy serias que requieren de atención.  https://t.co/D0xcHMAlK5
1275857437887811584, 1138989153499009024, 2020-06-24T18:24:52.000Z, RT @gusjauregui: @m_ebrard Quién gobernaba en 1989, ¡ah! si, Carlos Salinas De Gortari y en la CDMX, Manuel Camacho Solis y su Secretario d…
1275878628354555906, 497218317, 2020-06-24T19:49:04.000Z, He looks like Carlos Solis https://t.co/3d8OQDnyWB
1275880437429219337, 777891400297897985, 2020-06-24T19:56:15.000Z, En #Ecuador más del 60% de la población entre 19 y 59 años vive con sobrepeso y obesidad. Esta condición es un factor de riesgo en pacientes con #COVID19. #NoComasCuento HOY a las 17:00 en #CienciasVsCovid analizaremos el tema junto a la Dra. Karina Aguirre y Dr. Carlos Solis. https://t.co/TP2HzKFw8L
1275880996261552130, 362250914, 2020-06-24T19:58:28.000Z, RT @ECUADORCHEQUEA: En #Ecuador más del 60% de la población entre 19 y 59 años vive con sobrepeso y obesidad. Esta condición es un factor d…
1275881080906608640, 727000870026510337, 2020-06-24T19:58:49.000Z, Love you kid. R.I.P Goon . Anything helps 🙏🏾   https://t.co/BNnMKh3nik
1275885537392558083, 2813435612, 2020-06-24T20:16:31.000Z, #RecorridoEnTerritorio| Este miércoles 24 de junio, los habitantes de la calle Carlos Toro Navas, del Barrio Solís, recorrieron junto al Alcalde de Ambato, Dr. Javier Altamirano Sánchez el avance de las obras que se contempla en el 'Plan Vial Ambato La Gran Ciudad' tercera etapa. https://t.co/vkTT18kOBv
1275885694435635200, 2496993644, 2020-06-24T20:17:09.000Z, 💣 ¡FUERTES DECLARACIONES!  El exviceministro de Hacienda de Luis Guillermo Solís, Fernando Rodríguez, manifestó que le gustaría saber cuál es la posición del presidente Carlos Alvarado en muchos temas.  Entrevista completa 👇 https://t.co/EU6K8jZaJv https://t.co/x5SMXQ40tJ
1275886053413605376, 83625209, 2020-06-24T20:18:34.000Z, RT @misolisq: El empleo y por ende los negocios turísticos en La Fortuna de San Carlos, están con afectaciones económicas muy serias que re…
1275886949178490880, 470750919, 2020-06-24T20:22:08.000Z, RT @ElFarocr: 💣 ¡FUERTES DECLARACIONES!  El exviceministro de Hacienda de Luis Guillermo Solís, Fernando Rodríguez, manifestó que le gustar…
1275895357902331904, 994733917579239424, 2020-06-24T20:55:32.000Z, CARLOS FERNANDO CHAMORRO BARRIOS     (EL PELON TURCO),  Y AZAHALEA SOLÍS……………….. ETERNA  “DUEÑA-FUNDADORA-DIRECTORA DEL MOVIMIENTO AUTONOMO DE MUJERES… (MAM)……….  ACTUAN ENTRE OTROS COMO AGENTES EXTRANJEROS EN LA GUERRA MEDIATICA CONTRA NICARAGUA…… https://t.co/79TUmksQel
1275906546703257606, 711569602, 2020-06-24T21:40:00.000Z, RT @bunitapplebum: Carlos Solis par contre 🤰🏽 un mexicain sukali comme on dit, hm. il est trop grrrrrrrr
1275908675014742016, 747521481266053121, 2020-06-24T21:48:28.000Z, RT @ElFarocr: 💣 ¡FUERTES DECLARACIONES!  El exviceministro de Hacienda de Luis Guillermo Solís, Fernando Rodríguez, manifestó que le gustar…
1275915909618524160, 1139543464918409217, 2020-06-24T22:17:12.000Z, https://t.co/rTjByF6qUQ
1275919272745881600, 777891400297897985, 2020-06-24T22:30:34.000Z, “No tuvimos una visión preventiva de un problema que ya lo venimos arrastrando hace muchos años. El 80 % de los pacientes con diabetes tienen sobrepeso u obesidad. En Latinoamerica no hay cifras oficiales sobre personas que viven con sobrepeso”, dice el Dr. Carlos Solís https://t.co/u569YWy6CS
1275919799479123968, 777891400297897985, 2020-06-24T22:32:40.000Z, “Los ciudadanos debemos tomarnos en serio la emergencia sanitaria. Hay miles de muertos y hay personas, como médicos, que siguen trabajando en primera línea. Tenemos que hacer caso a las autoridades”, añadió al Dr. Carlos Solís Sánchez en #CienciasVSCovid
1275921842436485120, 538407602, 2020-06-24T22:40:47.000Z, RT @ECUADORCHEQUEA: “No tuvimos una visión preventiva de un problema que ya lo venimos arrastrando hace muchos años. El 80 % de los pacient…
1275921851248775168, 538407602, 2020-06-24T22:40:49.000Z, RT @ECUADORCHEQUEA: “Los ciudadanos debemos tomarnos en serio la emergencia sanitaria. Hay miles de muertos y hay personas, como médicos, q…
1275933503151124480, 1268680060816457730, 2020-06-24T23:27:07.000Z, Ponentes locales. Carlos Solis, embajador DOJO y uno de los lideres de Microsoft Azure User Group Panamá. Amplia experiencia en tecnología y seguridad de la información en sectores como el bancario, público, servicios y seguridad de Estado. @soysoliscarlos #dojoconf https://t.co/VdERjnxQ3T
1275953630818955264, 1139543464918409217, 2020-06-25T00:47:06.000Z, https://t.co/rTjByEOPwg
1275968913491271680, 4725230788, 2020-06-25T01:47:49.000Z, RT @gadambato: #RecorridoEnTerritorio| Este miércoles 24 de junio, los habitantes de la calle Carlos Toro Navas, del Barrio Solís, recorrie…
1275974244724244480, 1253854504518332417, 2020-06-25T02:09:01.000Z, RT @misolisq: El empleo y por ende los negocios turísticos en La Fortuna de San Carlos, están con afectaciones económicas muy serias que re…
1276016899424428039, 579104447, 2020-06-25T04:58:30.000Z, RT @ElFarocr: 💣 ¡FUERTES DECLARACIONES!  El exviceministro de Hacienda de Luis Guillermo Solís, Fernando Rodríguez, manifestó que le gustar…
1276045965921845250, 2275275722, 2020-06-25T06:54:00.000Z, RT @DannyPrezSola29: Pregunta @nacion si debemos bajar la estatua de León Cortés por ser un político que a pesar de sus aportes tuvo grande…
1276128717606195201, 343284634, 2020-06-25T12:22:50.000Z, RT @dojoconfpa: Ponentes locales. Carlos Solis, embajador DOJO y uno de los lideres de Microsoft Azure User Group Panamá. Amplia experienci…
1276136528448835585, 1274106790368759808, 2020-06-25T12:53:52.000Z, RT @dojoconfpa: Ponentes locales. Carlos Solis, embajador DOJO y uno de los lideres de Microsoft Azure User Group Panamá. Amplia experienci…
1276156541339684870, 1206755270, 2020-06-25T14:13:23.000Z, #ReciboDeLuz Hoy jueves a las 11am. por @CADENATVHYO te explicaremos cómo solicitar el fraccionamiento de tu recibo de luz. Nuestro invitado será el Jefe de atención al cliente de #Electrocentro Carlos Solís.  #ImpactoEconómicoHuancayo con el Economista @karl_juan #Finanzas https://t.co/KslluMNqkD
1276169234410811392, 63567756, 2020-06-25T15:03:50.000Z, RT @dojoconfpa: Ponentes locales. Carlos Solis, embajador DOJO y uno de los lideres de Microsoft Azure User Group Panamá. Amplia experienci…
1276202657984716808, 2587869290, 2020-06-25T17:16:39.000Z, Anybody else hate Carlos solis from DH
1276205324895047680, 727000870026510337, 2020-06-25T17:27:14.000Z, RT @ccesarxh: Love you kid. R.I.P Goon . Anything helps 🙏🏾   https://t.co/BNnMKh3nik
1276222556924715009, 265565158, 2020-06-25T18:35:43.000Z, RT @ABCDigital: #ABCCultural A los frutos de los árboles dedica Carlos Villagra Marsal algunos poemas en El júbilo difícil.  🌳Oscar Pintasi…
1276223543961948163, 924837614829670401, 2020-06-25T18:39:38.000Z, #ParidadYAlternancia  Zenaida Solis, congresista del Partido Morado, corrige a Carlos Almeri, quien señaló que en su momento las mujeres eran cabeza de las familias tribales. "Pero ya no estamos en esos tiempos", señaló.
1276223565503889408, 1201620325244571648, 2020-06-25T18:39:43.000Z, RT @poliantea: #ParidadYAlternancia  Zenaida Solis, congresista del Partido Morado, corrige a Carlos Almeri, quien señaló que en su momento…
1276256902989651969, 144972794, 2020-06-25T20:52:12.000Z, ARAGUA Detenido el detective agregado Cicpc Erick Orlando Solís, tras el hallazgo del cadáver descompuesto de Jean Carlos Ramírez,34, aka Pichón, en la vía férrea Santa Cruz-Cagua, mie13h. Según minuta, Solís ultimó a Ramírez pues este intentó asaltar a su esposa varias veces.
1276257025589157888, 128963219, 2020-06-25T20:52:41.000Z, RT @javiermayorca: ARAGUA Detenido el detective agregado Cicpc Erick Orlando Solís, tras el hallazgo del cadáver descompuesto de Jean Carlo…
1276257163514646528, 52545554, 2020-06-25T20:53:14.000Z, RT @javiermayorca: ARAGUA Detenido el detective agregado Cicpc Erick Orlando Solís, tras el hallazgo del cadáver descompuesto de Jean Carlo…
1276257363834609665, 105282627, 2020-06-25T20:54:01.000Z, RT @javiermayorca: ARAGUA Detenido el detective agregado Cicpc Erick Orlando Solís, tras el hallazgo del cadáver descompuesto de Jean Carlo…
1276257514120675328, 2742341086, 2020-06-25T20:54:37.000Z, RT @javiermayorca: ARAGUA Detenido el detective agregado Cicpc Erick Orlando Solís, tras el hallazgo del cadáver descompuesto de Jean Carlo…
1276257590310244353, 81011041, 2020-06-25T20:54:55.000Z, RT @javiermayorca: ARAGUA Detenido el detective agregado Cicpc Erick Orlando Solís, tras el hallazgo del cadáver descompuesto de Jean Carlo…
1276257599999049728, 245106472, 2020-06-25T20:54:58.000Z, RT @javiermayorca: ARAGUA Detenido el detective agregado Cicpc Erick Orlando Solís, tras el hallazgo del cadáver descompuesto de Jean Carlo…
1276257658107027456, 494565140, 2020-06-25T20:55:12.000Z, RT @javiermayorca: ARAGUA Detenido el detective agregado Cicpc Erick Orlando Solís, tras el hallazgo del cadáver descompuesto de Jean Carlo…
1276257671721684993, 1204582446529953793, 2020-06-25T20:55:15.000Z, RT @javiermayorca: ARAGUA Detenido el detective agregado Cicpc Erick Orlando Solís, tras el hallazgo del cadáver descompuesto de Jean Carlo…
1276257885237006344, 163070859, 2020-06-25T20:56:06.000Z, RT @javiermayorca: ARAGUA Detenido el detective agregado Cicpc Erick Orlando Solís, tras el hallazgo del cadáver descompuesto de Jean Carlo…
1276258162820120576, 187334584, 2020-06-25T20:57:12.000Z, RT @javiermayorca: ARAGUA Detenido el detective agregado Cicpc Erick Orlando Solís, tras el hallazgo del cadáver descompuesto de Jean Carlo…
1276258206461898752, 363974993, 2020-06-25T20:57:22.000Z, RT @javiermayorca: ARAGUA Detenido el detective agregado Cicpc Erick Orlando Solís, tras el hallazgo del cadáver descompuesto de Jean Carlo…
1276258494602260489, 217495792, 2020-06-25T20:58:31.000Z, RT @javiermayorca: ARAGUA Detenido el detective agregado Cicpc Erick Orlando Solís, tras el hallazgo del cadáver descompuesto de Jean Carlo…
1276258513602457600, 116801759, 2020-06-25T20:58:36.000Z, RT @javiermayorca: ARAGUA Detenido el detective agregado Cicpc Erick Orlando Solís, tras el hallazgo del cadáver descompuesto de Jean Carlo…
1276258586105204740, 48243662, 2020-06-25T20:58:53.000Z, RT @javiermayorca: ARAGUA Detenido el detective agregado Cicpc Erick Orlando Solís, tras el hallazgo del cadáver descompuesto de Jean Carlo…
1276258779378614272, 89347833, 2020-06-25T20:59:39.000Z, RT @javiermayorca: ARAGUA Detenido el detective agregado Cicpc Erick Orlando Solís, tras el hallazgo del cadáver descompuesto de Jean Carlo…
1276258780263649280, 329216161, 2020-06-25T20:59:39.000Z, RT @javiermayorca: ARAGUA Detenido el detective agregado Cicpc Erick Orlando Solís, tras el hallazgo del cadáver descompuesto de Jean Carlo…
1276259354203901953, 336248234, 2020-06-25T21:01:56.000Z, RT @javiermayorca: ARAGUA Detenido el detective agregado Cicpc Erick Orlando Solís, tras el hallazgo del cadáver descompuesto de Jean Carlo…
1276259928496373760, 165127610, 2020-06-25T21:04:13.000Z, RT @javiermayorca: ARAGUA Detenido el detective agregado Cicpc Erick Orlando Solís, tras el hallazgo del cadáver descompuesto de Jean Carlo…
1276259957411909632, 919760802952949761, 2020-06-25T21:04:20.000Z, RT @javiermayorca: ARAGUA Detenido el detective agregado Cicpc Erick Orlando Solís, tras el hallazgo del cadáver descompuesto de Jean Carlo…
1276260033446240257, 1230706467851735051, 2020-06-25T21:04:38.000Z, RT @javiermayorca: ARAGUA Detenido el detective agregado Cicpc Erick Orlando Solís, tras el hallazgo del cadáver descompuesto de Jean Carlo…
1276260050999410690, 3337652015, 2020-06-25T21:04:42.000Z, RT @javiermayorca: ARAGUA Detenido el detective agregado Cicpc Erick Orlando Solís, tras el hallazgo del cadáver descompuesto de Jean Carlo…
1276260239072022533, 1255883195586875394, 2020-06-25T21:05:27.000Z, RT @javiermayorca: ARAGUA Detenido el detective agregado Cicpc Erick Orlando Solís, tras el hallazgo del cadáver descompuesto de Jean Carlo…
1276260494064717824, 268950821, 2020-06-25T21:06:28.000Z, RT @javiermayorca: ARAGUA Detenido el detective agregado Cicpc Erick Orlando Solís, tras el hallazgo del cadáver descompuesto de Jean Carlo…
1276260897074417665, 16173851, 2020-06-25T21:08:04.000Z, RT @javiermayorca: ARAGUA Detenido el detective agregado Cicpc Erick Orlando Solís, tras el hallazgo del cadáver descompuesto de Jean Carlo…
1276260905458769920, 127638831, 2020-06-25T21:08:06.000Z, RT @javiermayorca: ARAGUA Detenido el detective agregado Cicpc Erick Orlando Solís, tras el hallazgo del cadáver descompuesto de Jean Carlo…
1276261298687410178, 71372185, 2020-06-25T21:09:40.000Z, RT @javiermayorca: ARAGUA Detenido el detective agregado Cicpc Erick Orlando Solís, tras el hallazgo del cadáver descompuesto de Jean Carlo…
1276261329138003970, 140931135, 2020-06-25T21:09:47.000Z, RT @javiermayorca: ARAGUA Detenido el detective agregado Cicpc Erick Orlando Solís, tras el hallazgo del cadáver descompuesto de Jean Carlo…
1276261579357671425, 14753850, 2020-06-25T21:10:46.000Z, RT @javiermayorca: ARAGUA Detenido el detective agregado Cicpc Erick Orlando Solís, tras el hallazgo del cadáver descompuesto de Jean Carlo…
1276262034565365765, 139716871, 2020-06-25T21:12:35.000Z, RT @javiermayorca: ARAGUA Detenido el detective agregado Cicpc Erick Orlando Solís, tras el hallazgo del cadáver descompuesto de Jean Carlo…
1276262569465057283, 172819609, 2020-06-25T21:14:43.000Z, RT @javiermayorca: ARAGUA Detenido el detective agregado Cicpc Erick Orlando Solís, tras el hallazgo del cadáver descompuesto de Jean Carlo…
1276263732142845953, 4899494693, 2020-06-25T21:19:20.000Z, RT @javiermayorca: ARAGUA Detenido el detective agregado Cicpc Erick Orlando Solís, tras el hallazgo del cadáver descompuesto de Jean Carlo…
1276263936678035456, 1033887445992058881, 2020-06-25T21:20:08.000Z, RT @javiermayorca: ARAGUA Detenido el detective agregado Cicpc Erick Orlando Solís, tras el hallazgo del cadáver descompuesto de Jean Carlo…
1276263984837079041, 93257168, 2020-06-25T21:20:20.000Z, RT @javiermayorca: ARAGUA Detenido el detective agregado Cicpc Erick Orlando Solís, tras el hallazgo del cadáver descompuesto de Jean Carlo…
1276265095744696326, 733261411938357248, 2020-06-25T21:24:45.000Z, RT @javiermayorca: ARAGUA Detenido el detective agregado Cicpc Erick Orlando Solís, tras el hallazgo del cadáver descompuesto de Jean Carlo…
1276265508854210560, 949829654340358144, 2020-06-25T21:26:23.000Z, RT @javiermayorca: ARAGUA Detenido el detective agregado Cicpc Erick Orlando Solís, tras el hallazgo del cadáver descompuesto de Jean Carlo…
1276265826459553792, 317245455, 2020-06-25T21:27:39.000Z, RT @javiermayorca: ARAGUA Detenido el detective agregado Cicpc Erick Orlando Solís, tras el hallazgo del cadáver descompuesto de Jean Carlo…
1276266371727478794, 77664502, 2020-06-25T21:29:49.000Z, RT @javiermayorca: ARAGUA Detenido el detective agregado Cicpc Erick Orlando Solís, tras el hallazgo del cadáver descompuesto de Jean Carlo…
1276266477444911104, 1256264573923049473, 2020-06-25T21:30:14.000Z, RT @javiermayorca: ARAGUA Detenido el detective agregado Cicpc Erick Orlando Solís, tras el hallazgo del cadáver descompuesto de Jean Carlo…
1276266551142944770, 98520340, 2020-06-25T21:30:32.000Z, RT @javiermayorca: ARAGUA Detenido el detective agregado Cicpc Erick Orlando Solís, tras el hallazgo del cadáver descompuesto de Jean Carlo…
1276266906517999619, 2436241807, 2020-06-25T21:31:57.000Z, RT @javiermayorca: ARAGUA Detenido el detective agregado Cicpc Erick Orlando Solís, tras el hallazgo del cadáver descompuesto de Jean Carlo…
1276267128002314241, 14117349, 2020-06-25T21:32:49.000Z, RT @javiermayorca: ARAGUA Detenido el detective agregado Cicpc Erick Orlando Solís, tras el hallazgo del cadáver descompuesto de Jean Carlo…
1276267377295048706, 274581006, 2020-06-25T21:33:49.000Z, RT @javiermayorca: ARAGUA Detenido el detective agregado Cicpc Erick Orlando Solís, tras el hallazgo del cadáver descompuesto de Jean Carlo…
1276267577203884032, 354405344, 2020-06-25T21:34:36.000Z, RT @javiermayorca: ARAGUA Detenido el detective agregado Cicpc Erick Orlando Solís, tras el hallazgo del cadáver descompuesto de Jean Carlo…
1276267597865066499, 488932951, 2020-06-25T21:34:41.000Z, RT @javiermayorca: ARAGUA Detenido el detective agregado Cicpc Erick Orlando Solís, tras el hallazgo del cadáver descompuesto de Jean Carlo…
1276267844322369544, 2432362861, 2020-06-25T21:35:40.000Z, RT @javiermayorca: ARAGUA Detenido el detective agregado Cicpc Erick Orlando Solís, tras el hallazgo del cadáver descompuesto de Jean Carlo…
1276267854451654656, 937854517, 2020-06-25T21:35:43.000Z, RT @javiermayorca: ARAGUA Detenido el detective agregado Cicpc Erick Orlando Solís, tras el hallazgo del cadáver descompuesto de Jean Carlo…
1276268789676589056, 3366621009, 2020-06-25T21:39:26.000Z, RT @javiermayorca: ARAGUA Detenido el detective agregado Cicpc Erick Orlando Solís, tras el hallazgo del cadáver descompuesto de Jean Carlo…
1276269083810566145, 954750532396175360, 2020-06-25T21:40:36.000Z, RT @javiermayorca: ARAGUA Detenido el detective agregado Cicpc Erick Orlando Solís, tras el hallazgo del cadáver descompuesto de Jean Carlo…
1276270708486701057, 165937655, 2020-06-25T21:47:03.000Z, RT @javiermayorca: ARAGUA Detenido el detective agregado Cicpc Erick Orlando Solís, tras el hallazgo del cadáver descompuesto de Jean Carlo…
1276270768712749056, 1233462332954759168, 2020-06-25T21:47:17.000Z, RT @javiermayorca: ARAGUA Detenido el detective agregado Cicpc Erick Orlando Solís, tras el hallazgo del cadáver descompuesto de Jean Carlo…
1276271264605376512, 860992372355805188, 2020-06-25T21:49:16.000Z, RT @javiermayorca: ARAGUA Detenido el detective agregado Cicpc Erick Orlando Solís, tras el hallazgo del cadáver descompuesto de Jean Carlo…
1276272098504249345, 154269337, 2020-06-25T21:52:34.000Z, RT @javiermayorca: ARAGUA Detenido el detective agregado Cicpc Erick Orlando Solís, tras el hallazgo del cadáver descompuesto de Jean Carlo…
1276273060081999877, 139694559, 2020-06-25T21:56:24.000Z, RT @javiermayorca: ARAGUA Detenido el detective agregado Cicpc Erick Orlando Solís, tras el hallazgo del cadáver descompuesto de Jean Carlo…
1276273763986833410, 2910925061, 2020-06-25T21:59:12.000Z, RT @javiermayorca: ARAGUA Detenido el detective agregado Cicpc Erick Orlando Solís, tras el hallazgo del cadáver descompuesto de Jean Carlo…
1276273848816742403, 1196562925554667524, 2020-06-25T21:59:32.000Z, RT @javiermayorca: ARAGUA Detenido el detective agregado Cicpc Erick Orlando Solís, tras el hallazgo del cadáver descompuesto de Jean Carlo…
1276274186881847301, 143490783, 2020-06-25T22:00:52.000Z, RT @javiermayorca: ARAGUA Detenido el detective agregado Cicpc Erick Orlando Solís, tras el hallazgo del cadáver descompuesto de Jean Carlo…
1276275340789329923, 112697645, 2020-06-25T22:05:27.000Z, RT @javiermayorca: ARAGUA Detenido el detective agregado Cicpc Erick Orlando Solís, tras el hallazgo del cadáver descompuesto de Jean Carlo…
1276275523392614403, 114317632, 2020-06-25T22:06:11.000Z, RT @javiermayorca: ARAGUA Detenido el detective agregado Cicpc Erick Orlando Solís, tras el hallazgo del cadáver descompuesto de Jean Carlo…
1276275536562700290, 395522475, 2020-06-25T22:06:14.000Z, RT @javiermayorca: ARAGUA Detenido el detective agregado Cicpc Erick Orlando Solís, tras el hallazgo del cadáver descompuesto de Jean Carlo…
1276275642657640453, 143968446, 2020-06-25T22:06:39.000Z, RT @javiermayorca: ARAGUA Detenido el detective agregado Cicpc Erick Orlando Solís, tras el hallazgo del cadáver descompuesto de Jean Carlo…
1276275963303772160, 80901578, 2020-06-25T22:07:56.000Z, RT @javiermayorca: ARAGUA Detenido el detective agregado Cicpc Erick Orlando Solís, tras el hallazgo del cadáver descompuesto de Jean Carlo…
1276276054752141313, 89576250, 2020-06-25T22:08:18.000Z, RT @javiermayorca: ARAGUA Detenido el detective agregado Cicpc Erick Orlando Solís, tras el hallazgo del cadáver descompuesto de Jean Carlo…
1276276562493669377, 139836945, 2020-06-25T22:10:19.000Z, RT @javiermayorca: ARAGUA Detenido el detective agregado Cicpc Erick Orlando Solís, tras el hallazgo del cadáver descompuesto de Jean Carlo…
1276276634010693633, 107540745, 2020-06-25T22:10:36.000Z, RT @javiermayorca: ARAGUA Detenido el detective agregado Cicpc Erick Orlando Solís, tras el hallazgo del cadáver descompuesto de Jean Carlo…
1276276678034182147, 425476788, 2020-06-25T22:10:46.000Z, RT @javiermayorca: ARAGUA Detenido el detective agregado Cicpc Erick Orlando Solís, tras el hallazgo del cadáver descompuesto de Jean Carlo…
1276278617065037826, 92578854, 2020-06-25T22:18:29.000Z, RT @javiermayorca: ARAGUA Detenido el detective agregado Cicpc Erick Orlando Solís, tras el hallazgo del cadáver descompuesto de Jean Carlo…
1276279629616222209, 861754322, 2020-06-25T22:22:30.000Z, RT @javiermayorca: ARAGUA Detenido el detective agregado Cicpc Erick Orlando Solís, tras el hallazgo del cadáver descompuesto de Jean Carlo…
1276281567858524160, 1729187964, 2020-06-25T22:30:12.000Z, RT @javiermayorca: ARAGUA Detenido el detective agregado Cicpc Erick Orlando Solís, tras el hallazgo del cadáver descompuesto de Jean Carlo…
1276282258698244099, 148341196, 2020-06-25T22:32:57.000Z, RT @javiermayorca: ARAGUA Detenido el detective agregado Cicpc Erick Orlando Solís, tras el hallazgo del cadáver descompuesto de Jean Carlo…
1276283430007955457, 62088872, 2020-06-25T22:37:36.000Z, RT @javiermayorca: ARAGUA Detenido el detective agregado Cicpc Erick Orlando Solís, tras el hallazgo del cadáver descompuesto de Jean Carlo…
1276283601995399170, 92133780, 2020-06-25T22:38:17.000Z, RT @javiermayorca: ARAGUA Detenido el detective agregado Cicpc Erick Orlando Solís, tras el hallazgo del cadáver descompuesto de Jean Carlo…
1276285435564752902, 151312950, 2020-06-25T22:45:34.000Z, RT @javiermayorca: ARAGUA Detenido el detective agregado Cicpc Erick Orlando Solís, tras el hallazgo del cadáver descompuesto de Jean Carlo…
1276285619820466176, 917079245175828485, 2020-06-25T22:46:18.000Z, RT @javiermayorca: ARAGUA Detenido el detective agregado Cicpc Erick Orlando Solís, tras el hallazgo del cadáver descompuesto de Jean Carlo…
1276285828784893955, 2227312186, 2020-06-25T22:47:08.000Z, RT @javiermayorca: ARAGUA Detenido el detective agregado Cicpc Erick Orlando Solís, tras el hallazgo del cadáver descompuesto de Jean Carlo…
1276286212651790337, 1200872491289317378, 2020-06-25T22:48:40.000Z, RT @javiermayorca: ARAGUA Detenido el detective agregado Cicpc Erick Orlando Solís, tras el hallazgo del cadáver descompuesto de Jean Carlo…
1276286669797367810, 1359444260, 2020-06-25T22:50:28.000Z, RT @javiermayorca: ARAGUA Detenido el detective agregado Cicpc Erick Orlando Solís, tras el hallazgo del cadáver descompuesto de Jean Carlo…
1276295439516676100, 109084632, 2020-06-25T23:25:19.000Z, RT @javiermayorca: ARAGUA Detenido el detective agregado Cicpc Erick Orlando Solís, tras el hallazgo del cadáver descompuesto de Jean Carlo…
1276295997493256193, 80698727, 2020-06-25T23:27:32.000Z, RT @javiermayorca: ARAGUA Detenido el detective agregado Cicpc Erick Orlando Solís, tras el hallazgo del cadáver descompuesto de Jean Carlo…
1276301121921802241, 1242195542651867136, 2020-06-25T23:47:54.000Z, RT @javiermayorca: ARAGUA Detenido el detective agregado Cicpc Erick Orlando Solís, tras el hallazgo del cadáver descompuesto de Jean Carlo…
1276304832245235713, 49494264, 2020-06-26T00:02:39.000Z, RT @javiermayorca: ARAGUA Detenido el detective agregado Cicpc Erick Orlando Solís, tras el hallazgo del cadáver descompuesto de Jean Carlo…
1276305029352370176, 2574246089, 2020-06-26T00:03:26.000Z, RT @javiermayorca: ARAGUA Detenido el detective agregado Cicpc Erick Orlando Solís, tras el hallazgo del cadáver descompuesto de Jean Carlo…
1276308721392549891, 373084943, 2020-06-26T00:18:06.000Z, RT @javiermayorca: ARAGUA Detenido el detective agregado Cicpc Erick Orlando Solís, tras el hallazgo del cadáver descompuesto de Jean Carlo…
1276310769953579009, 2370407368, 2020-06-26T00:26:14.000Z, RT @javiermayorca: ARAGUA Detenido el detective agregado Cicpc Erick Orlando Solís, tras el hallazgo del cadáver descompuesto de Jean Carlo…
1276311602137096194, 2411466798, 2020-06-26T00:29:33.000Z, RT @javiermayorca: ARAGUA Detenido el detective agregado Cicpc Erick Orlando Solís, tras el hallazgo del cadáver descompuesto de Jean Carlo…
1276311834610544641, 411870415, 2020-06-26T00:30:28.000Z, RT @javiermayorca: ARAGUA Detenido el detective agregado Cicpc Erick Orlando Solís, tras el hallazgo del cadáver descompuesto de Jean Carlo…
1276311866793439232, 113138713, 2020-06-26T00:30:36.000Z, RT @javiermayorca: ARAGUA Detenido el detective agregado Cicpc Erick Orlando Solís, tras el hallazgo del cadáver descompuesto de Jean Carlo…
1276316045322727424, 119222479, 2020-06-26T00:47:12.000Z, RT @javiermayorca: ARAGUA Detenido el detective agregado Cicpc Erick Orlando Solís, tras el hallazgo del cadáver descompuesto de Jean Carlo…
1276317975453356032, 490339410, 2020-06-26T00:54:52.000Z, RT @javiermayorca: ARAGUA Detenido el detective agregado Cicpc Erick Orlando Solís, tras el hallazgo del cadáver descompuesto de Jean Carlo…
1276318389011730432, 149393226, 2020-06-26T00:56:31.000Z, RT @javiermayorca: ARAGUA Detenido el detective agregado Cicpc Erick Orlando Solís, tras el hallazgo del cadáver descompuesto de Jean Carlo…
1276321716017475585, 819951686, 2020-06-26T01:09:44.000Z, RT @javiermayorca: ARAGUA Detenido el detective agregado Cicpc Erick Orlando Solís, tras el hallazgo del cadáver descompuesto de Jean Carlo…
1276325715236007936, 114443389, 2020-06-26T01:25:38.000Z, RT @javiermayorca: ARAGUA Detenido el detective agregado Cicpc Erick Orlando Solís, tras el hallazgo del cadáver descompuesto de Jean Carlo…
1276327039352442881, 142493840, 2020-06-26T01:30:53.000Z, @Luislop65228653 De los más recientes, Mario Mendoza, Luis Gómez, chaflán López, Houston Jiménez, Carlos Rodriguez, Guillermo Velázquez, Juan castro, Fredy Sandoval, Alí Solís y Luis Urías.
1276335215774924800, 186952400, 2020-06-26T02:03:23.000Z, RT @javiermayorca: ARAGUA Detenido el detective agregado Cicpc Erick Orlando Solís, tras el hallazgo del cadáver descompuesto de Jean Carlo…
1276336236962164736, 549524824, 2020-06-26T02:07:26.000Z, RT @javiermayorca: ARAGUA Detenido el detective agregado Cicpc Erick Orlando Solís, tras el hallazgo del cadáver descompuesto de Jean Carlo…
1276337016213561345, 760288542199279616, 2020-06-26T02:10:32.000Z, RT @javiermayorca: ARAGUA Detenido el detective agregado Cicpc Erick Orlando Solís, tras el hallazgo del cadáver descompuesto de Jean Carlo…
1276338046892421120, 481537833, 2020-06-26T02:14:38.000Z, RT @javiermayorca: ARAGUA Detenido el detective agregado Cicpc Erick Orlando Solís, tras el hallazgo del cadáver descompuesto de Jean Carlo…
1276348761384648705, 260355483, 2020-06-26T02:57:12.000Z, RT @javiermayorca: ARAGUA Detenido el detective agregado Cicpc Erick Orlando Solís, tras el hallazgo del cadáver descompuesto de Jean Carlo…
1276355265160523784, 906839608020926470, 2020-06-26T03:23:03.000Z, RT @javiermayorca: ARAGUA Detenido el detective agregado Cicpc Erick Orlando Solís, tras el hallazgo del cadáver descompuesto de Jean Carlo…
1276359514514771971, 1892284352, 2020-06-26T03:39:56.000Z, RT @javiermayorca: ARAGUA Detenido el detective agregado Cicpc Erick Orlando Solís, tras el hallazgo del cadáver descompuesto de Jean Carlo…
1276368507832283136, 1458631447, 2020-06-26T04:15:40.000Z, RT @javiermayorca: ARAGUA Detenido el detective agregado Cicpc Erick Orlando Solís, tras el hallazgo del cadáver descompuesto de Jean Carlo…
1276370435119157248, 2379583170, 2020-06-26T04:23:20.000Z, RT @javiermayorca: ARAGUA Detenido el detective agregado Cicpc Erick Orlando Solís, tras el hallazgo del cadáver descompuesto de Jean Carlo…
1276387704067014656, 150059648, 2020-06-26T05:31:57.000Z, RT @javiermayorca: ARAGUA Detenido el detective agregado Cicpc Erick Orlando Solís, tras el hallazgo del cadáver descompuesto de Jean Carlo…
1276429703168098306, 2869840652, 2020-06-26T08:18:50.000Z, RT @javiermayorca: ARAGUA Detenido el detective agregado Cicpc Erick Orlando Solís, tras el hallazgo del cadáver descompuesto de Jean Carlo…
1276436551065497600, 1224220231712690176, 2020-06-26T08:46:03.000Z, RT @lallireynosoo: Anything would help please donate &amp; share 🙏🏻  Carlos solis funeral expenses https://t.co/dZajalx7PH
1276437826259881984, 51596075, 2020-06-26T08:51:07.000Z, RT @javiermayorca: ARAGUA Detenido el detective agregado Cicpc Erick Orlando Solís, tras el hallazgo del cadáver descompuesto de Jean Carlo…
1276441163587883008, 309234145, 2020-06-26T09:04:23.000Z, RT @javiermayorca: ARAGUA Detenido el detective agregado Cicpc Erick Orlando Solís, tras el hallazgo del cadáver descompuesto de Jean Carlo…
1276443067168493568, 1053092086923309056, 2020-06-26T09:11:57.000Z, RT @javiermayorca: ARAGUA Detenido el detective agregado Cicpc Erick Orlando Solís, tras el hallazgo del cadáver descompuesto de Jean Carlo…
1276475834149359616, 968070981393813504, 2020-06-26T11:22:09.000Z, Carlos Solis sans barbe 😍😍
1276481055609020416, 708369396088049664, 2020-06-26T11:42:54.000Z, Un jurado de excepción decidirá los ganadores nacionales del concurso de #nanorrelatos #10alamenos9: Juan Carlos Sanchez- Lopez @ICMSevilla  Ana Benito @ICB_CSIC  Pedro Gómez @icn2nano Silvia Gallego @icmmcsic  Teresa Valdés Solís @ICTC_CTIC @NanoCINN https://t.co/tFSrAGhEcj
1276482936016158721, 2415799412, 2020-06-26T11:50:22.000Z, RT @festnano: Un jurado de excepción decidirá los ganadores nacionales del concurso de #nanorrelatos #10alamenos9: Juan Carlos Sanchez- Lop…
1276485922725466114, 2731640539, 2020-06-26T12:02:14.000Z, RT @festnano: Un jurado de excepción decidirá los ganadores nacionales del concurso de #nanorrelatos #10alamenos9: Juan Carlos Sanchez- Lop…
1276491813591945216, 178835716, 2020-06-26T12:25:39.000Z, RT @javiermayorca: ARAGUA Detenido el detective agregado Cicpc Erick Orlando Solís, tras el hallazgo del cadáver descompuesto de Jean Carlo…
1276517789868666884, 106476979, 2020-06-26T14:08:52.000Z, RT @javiermayorca: ARAGUA Detenido el detective agregado Cicpc Erick Orlando Solís, tras el hallazgo del cadáver descompuesto de Jean Carlo…
1276565671917338625, 179738029, 2020-06-26T17:19:08.000Z, The toxicity between Gabrielle and Carlos Solis in the early seasons &gt;&gt;&gt;&gt;&gt;&gt;&gt;&gt;&gt;&gt;&gt;&gt;
1276567037213630464, 483162614, 2020-06-26T17:24:33.000Z, RT @javiermayorca: ARAGUA Detenido el detective agregado Cicpc Erick Orlando Solís, tras el hallazgo del cadáver descompuesto de Jean Carlo…
1276569776647819264, 950551489549914112, 2020-06-26T17:35:26.000Z, @isaactregzz El s la bronca cuando no te toco ver a Lostanau, Bira, Bertochi, Corbo, Guaraci, Cano, Juan González,Nilo Acuña, Huesos Montoya, Paco Solís,Milton Carlos, Gato Núñez, Javan Marinho, Lenci, Lama !  Te garantizo que si los hubieran visto más de 5 de estos estarían en la alineación
1276581199310467073, 4853528229, 2020-06-26T18:20:50.000Z, Un día como hoy, la dictadura cívico-militar chilena secuestró, asesinó y desapareció a las y los militantes Exequiel Ponce, Carlos Lorca, Ricardo Lagos Salinas, Ariel Mancilla, Michelle Peña, Carolina Wiff, Rosa Solís y Sara Donoso https://t.co/m5qOpqqDKp
1276586686802268161, 994733917579239424, 2020-06-26T18:42:38.000Z, CARLOS FERNANDO CHAMORRO BARRIOS     (EL PELON TURCO),  Y AZAHALEA SOLÍS……………….. ETERNA  “DUEÑA-FUNDADORA-DIRECTORA DEL MOVIMIENTO AUTONOMO DE MUJERES… (MAM)……….  ACTUAN ENTRE OTROS COMO PROMOTORES AGENTES LOCALES EXTRANJEROS EN LA GUERRA MEDIATICA CONTRA NICARAGUA……
1276626847560802304, 994733917579239424, 2020-06-26T21:22:13.000Z, EN NICARAGUA LA AGENDA DATA DE MUCHO TIEMPO ATRAS QUE SE IMPLEMENTA CON LOS SOCIOS LOCALES COMO …. EL TRIANGULADOR DE DINERO  CARLOS FERNANDO CHAMORRO BARRIOS     (EL PELON TURCO),  Y AZAHALEA SOLÍS… ETERNA  “DUEÑA-FUNDADORA-DIRECTORA DEL MOVIMIENTO AUTONOMO DE MUJERES… (MAM) https://t.co/Eo3OUeoIMB
1276649491475693568, 1161825319537561601, 2020-06-26T22:52:12.000Z, Carlos Solis e a dancinha da vitória. 😂😂😂 @RicardoAChavira #DesperateHousewives https://t.co/b0bQNNkLmu
1276650317296422914, 930635960253059073, 2020-06-26T22:55:29.000Z, RT @DHousewivesBR: Carlos Solis e a dancinha da vitória. 😂😂😂 @RicardoAChavira #DesperateHousewives https://t.co/b0bQNNkLmu
1276650604736249856, 4795158072, 2020-06-26T22:56:37.000Z, RT @DHousewivesBR: Carlos Solis e a dancinha da vitória. 😂😂😂 @RicardoAChavira #DesperateHousewives https://t.co/b0bQNNkLmu
1276673132347219969, 1235278841972690949, 2020-06-27T00:26:08.000Z, One more thing about dad, can we get him and Carlos Solis as brothers or cousins. Thatd be fun  #LoveVictor
1276688785929977856, 855197954440704000, 2020-06-27T01:28:20.000Z, RT @lallireynosoo: Anything would help please donate &amp; share 🙏🏻  Carlos solis funeral expenses https://t.co/dZajalx7PH
1276754997410217984, 2254236894, 2020-06-27T05:51:27.000Z, Reproduciendo actualmente: Roberto Carlos/Marco Antonio Solís - Arrastra una Silla - Primera Fila - En Vivo, escuchalo por #Firamix #Laromantica https://t.co/G0pKxZ91us
1276758045142519808, 186624431, 2020-06-27T06:03:33.000Z, @luisamatonm Aquí con el blas (Juan Antonio Juarez Vazquez y con Paganini (Juan Carlos Fuentes Solis)...saludos. https://t.co/dDHsgn5lum
1276931234980073474, 1029488071472033792, 2020-06-27T17:31:45.000Z, PARTE 1: Dr. Carlos Luis Solís Rodríguez: Entendemos que en el cristianismo existen actividades sagradas y actividades seculares, entonces cuando nosotros pensamos "que nuestra profesión", la actividad o lo que sea… https://t.co/Ga1j79wrRB
1276932052814909441, 1029488071472033792, 2020-06-27T17:35:00.000Z, PARTE 2: Dr. Carlos Luis Solís Rodríguez: sino que el creyente es el templo del Espíritu de Dios, es el que ha venido el Espíritu de Dios y ha compartido su naturaleza divina a nosotros y está en nosotros, no en un… https://t.co/Fhj53nE4rH
1277000760367161344, 1000145424685109248, 2020-06-27T22:08:01.000Z, Se viene la cuenta regresiva? Equipos ya casi listos 😍🤗  • GAMETECH CYBER GAMING • 📍Solis esq Avellaneda (frente al IESS), Carlos Paz 📞3541541237 https://t.co/GjkhYqBWUQ
1277026795053813760, 137789460, 2020-06-27T23:51:28.000Z, Un sábado cualquiera terminé escuchando Marco Antonio Solis, Camilo Sesto y Roberto Carlos... https://t.co/0QexiBwKSk
1277058366473453569, 171645786, 2020-06-28T01:56:55.000Z, La alineación que usó ese día El Salvador estuvo integrada por Tomás Pineda ("tarzán" Alvarenga), Guillermo Rodríguez Bou, Wilfredo Fagoaga, Carlos Recinos, Eduardo Valdés, Víctor Mejía "Pato" Valencia, Warner Solís, Félix "Garrobito" Pineda (Acevedo), Luis "Pelé" Ramírez
1277066383835172866, 1242096357701279747, 2020-06-28T02:28:47.000Z, @guibrego @paolavegar Lo que se ocupa es no prorrogar más las multas. Que se vienen prorrogado desde Laura chinchilla. Y Solis hizo lo mismo y Carlos Alvarado también. Este año inician a partir de julio. Esperemos no las prorrogue más.
1277087277336977408, 1174374910099169280, 2020-06-28T03:51:48.000Z, La vieja clase política tanto los progres como sus aliados los pactistas han usurpado los liderazgo de la insurrección d abril 2018, es por eso q vemos en la @AlianzaCivicaNi a una Azahalia Solís, GIOCONDA BELLI, Carlos Tunnermann, EliseoNúñez y un José Pallais así d mal estamos
1277094561702166529, 453292968, 2020-06-28T04:20:45.000Z, RT @IConCriterioP: La vieja clase política tanto los progres como sus aliados los pactistas han usurpado los liderazgo de la insurrección d…
1277100581212114944, 1011026923886206976, 2020-06-28T04:44:40.000Z, RT @IConCriterioP: La vieja clase política tanto los progres como sus aliados los pactistas han usurpado los liderazgo de la insurrección d…
1277138332556935168, 983584076522176512, 2020-06-28T07:14:41.000Z, Equipo de Época . Arriba izq a der: Magdaleno Cano, Gustavo Peña, Juan González, Guaraci Barbosa, Vicente Álvarez y José Ledezma. Abajo de izq a der: Nilo Acuña, Fco Bertocchi, Milton Carlos Francisco Solís y Luis Montoya  1973 @Rayados https://t.co/peFNODScIy
1277138863173984256, 156894642, 2020-06-28T07:16:47.000Z, RT @Alfredo45471075: Equipo de Época . Arriba izq a der: Magdaleno Cano, Gustavo Peña, Juan González, Guaraci Barbosa, Vicente Álvarez y Jo…
1277138889241694209, 766066580, 2020-06-28T07:16:53.000Z, RT @Alfredo45471075: Equipo de Época . Arriba izq a der: Magdaleno Cano, Gustavo Peña, Juan González, Guaraci Barbosa, Vicente Álvarez y Jo…
1277142747368099840, 1257153787975929856, 2020-06-28T07:32:13.000Z, RT @Alfredo45471075: Equipo de Época . Arriba izq a der: Magdaleno Cano, Gustavo Peña, Juan González, Guaraci Barbosa, Vicente Álvarez y Jo…
1277243063581192192, 1035753606648094721, 2020-06-28T14:10:51.000Z, RT @IConCriterioP: La vieja clase política tanto los progres como sus aliados los pactistas han usurpado los liderazgo de la insurrección d…
1277315102480510984, 277133469, 2020-06-28T18:57:06.000Z, Mensaje a todos los Chitreanos del Alcalde  Juan Carlos Huerta Solis De nada sirve nuestro esfuerzo si tu no te quedas en casa. Son miles de chitreanos que en esta cuarentena no han podido visitar a familiares,… https://t.co/Uw1xNlGeYO
1277386124093206529, 560997066, 2020-06-28T23:39:19.000Z, @JBoban17 Y tenemos demasiado pocos jugadores q han superado a los de México, Ruiz, Lopez, Centeno, Fonseca, Navas, Cayasso, Duarte, Tumba, Mauricio Solís, Chope, la Bala, Carlos Castro y Celso y fuera de ellos los demás son mejores q los nuestros y x mucho.
1277421780467159040, 159317229, 2020-06-29T02:01:00.000Z, Everton Apertura 1990. Jorge Solis,Mario Salas, Cristian Romero, Edgardo Arasa, Marcelo Del Canto, Ramón Climent; Alfredo Núñez, Juan Carlos Guarda, Mario Cruz, Luis Guarda, Edgardo Geoffroy. DT: Miguel Ángel Leyes. https://t.co/kqXe8lC8hc
1277422563375951873, 159317229, 2020-06-29T02:04:07.000Z, RT @ccamposfutbol: Everton Apertura 1990. Jorge Solis,Mario Salas, Cristian Romero, Edgardo Arasa, Marcelo Del Canto, Ramón Climent; Alfred…
1277425198724198400, 994733917579239424, 2020-06-29T02:14:35.000Z, CARLOS FERNANDO CHAMORRO BARRIOS     (EL PELON TURCO),  Y AZAHALEA SOLÍS……………….. ETERNA  “DUEÑA-FUNDADORA-DIRECTORA DEL MOVIMIENTO AUTONOMO DE MUJERES… (MAM)……….  ACTUAN ENTRE OTROS COMO PROMOTORES AGENTES LOCALES EXTRANJEROS EN LA GUERRA MEDIATICA CONTRA NICARAGUA…… https://t.co/mkClUGi5wM
1277436659236253696, 172760892, 2020-06-29T03:00:07.000Z, RT @ccamposfutbol: Everton Apertura 1990. Jorge Solis,Mario Salas, Cristian Romero, Edgardo Arasa, Marcelo Del Canto, Ramón Climent; Alfred…
1277624898857381888, 168017798, 2020-06-29T15:28:07.000Z, 11:27 | 🚒🌧️#SanBernardo Sale RB6 @cbsanbernardo a inundación en Martín de Solis c/ Calbuco @reddeemergencia @Carlos_tmk
1277639558172160000, 1202672538490462210, 2020-06-29T16:26:22.000Z, No te pierdas el examen profesional de CARLOS ZAVALA SOLIS con el trabajo “ISOTERMA Y CINÉTICA DE ADSORCIÓN DE Mn (VII) EN BAGAZO DE CAFÉ TOSTADO" a las 15:00 h a través de Microsoft TEAMS. Para tener acceso comunicarse 1 h antes con esther.carrillo@unison.mx.
1277640230338793472, 970890653101047808, 2020-06-29T16:29:02.000Z, RT @DIQyMUnison: No te pierdas el examen profesional de CARLOS ZAVALA SOLIS con el trabajo “ISOTERMA Y CINÉTICA DE ADSORCIÓN DE Mn (VII) EN…
1277655767902896128, 81714155, 2020-06-29T17:30:47.000Z, RT @DIQyMUnison: No te pierdas el examen profesional de CARLOS ZAVALA SOLIS con el trabajo “ISOTERMA Y CINÉTICA DE ADSORCIÓN DE Mn (VII) EN…
1277689329796689920, 1232065916852199424, 2020-06-29T19:44:09.000Z, @marcar71 Si Carlos hipotéticamente se va. Renuncia  Quedamos peor  la vicepresidencia hará lo de  L G Solís. Tomar la presidencia como agencia de viajes  PAC TOUR
1277788690299981826, 1198599621137903616, 2020-06-30T02:18:58.000Z, RT @ccamposfutbol: Everton Apertura 1990. Jorge Solis,Mario Salas, Cristian Romero, Edgardo Arasa, Marcelo Del Canto, Ramón Climent; Alfred…
1277819926804381696, 2518157492, 2020-06-30T04:23:05.000Z, Últimos VOLANTES campeones de goleo.  Juan Carlos Arguedas: 99-2000.   Kurt Bernard: 2005-06.  Alonso Solís: 2006-07.  José Carlos Cancela: Verano 2012 (compartido).  José Luis Cordero ( compartido ).  Christian Bolaños - Clausura 2020.
1277999850953379840, 1139543464918409217, 2020-06-30T16:18:03.000Z, https://t.co/rTjByEOPwg
1278002974166482944, 249769023, 2020-06-30T16:30:27.000Z, would love a man like carlos solis in my life
1278012189039828992, 197291917, 2020-06-30T17:07:04.000Z, El plantel del campeón Johnny Walker 19 PJ 14 GR Nelson Cossio 4 PJ 6 GR Branimi Matijevic 0 PJ Pablo Lenci 20 PJ 2 Goles Cristián Álvarez 19 PJ 0 Gol Miguel Ramírez 21 PJ 6 Goles Dante Poli 4 PJ 0 Gol Carlos Tapia 3 PJ 0 Gol Miguel Ponce 13 PJ 1 Gol Fernando Solís 13 PJ 0 Gol... https://t.co/awnbv9lC81
1278063249267687424, 149751990, 2020-06-30T20:29:58.000Z, RT @DIQyMUnison: No te pierdas el examen profesional de CARLOS ZAVALA SOLIS con el trabajo “ISOTERMA Y CINÉTICA DE ADSORCIÓN DE Mn (VII) EN…
1278099209904967683, 145117698, 2020-06-30T22:52:52.000Z, RT @RoboIronLeo: El plantel del campeón Johnny Walker 19 PJ 14 GR Nelson Cossio 4 PJ 6 GR Branimi Matijevic 0 PJ Pablo Lenci 20 PJ 2 Goles…
1278102132420497408, 1165754115139473408, 2020-06-30T23:04:29.000Z, RT @ccamposfutbol: Everton Apertura 1990. Jorge Solis,Mario Salas, Cristian Romero, Edgardo Arasa, Marcelo Del Canto, Ramón Climent; Alfred…
1278109973717889024, 1217287636412510208, 2020-06-30T23:35:38.000Z, #ÚLTIMAHORA 🚨La titular del DIF @Rocio_Beamonte busca apoderarse de la @FiscaliaMich a través del Secretario de Finanzas CARLOS MALDONADO, quien ejerce influencia sobre el FISCAL ADRÍAN LÓPEZ SOLÍS.🚨 👇🏾💸DALE CLICK LEER LA NOTA💸👇🏾 https://t.co/fv3DMi8nY5 Murillo Karam Yalitza
1278126184811937794, 1151981396782698496, 2020-07-01T00:40:03.000Z, I can’t wait to marry carlos solis
1278127675304030208, 1237178984384925697, 2020-07-01T00:45:58.000Z, RT @MafiaMichoacan: #ÚLTIMAHORA 🚨La titular del DIF @Rocio_Beamonte busca apoderarse de la @FiscaliaMich a través del Secretario de Finanza…
1278167531832909825, 92351512, 2020-07-01T03:24:21.000Z, @CarloSalinasITD @dionelsena @EduardoOrtegaS @Quetzalh @FelipeCorrea_1 @jccorral_solis @ClaudiaAdame @hermannlinden @juancuit @luzyolanda09 @PattySierra_R @IngJsmith @MtroDelaRosa No lo dude, don Carlos. Lo usarán hasta que les sirva para sacrificarlo y martirizarse. Saludos.
1278250200566546437, 2254236894, 2020-07-01T08:52:51.000Z, Reproduciendo actualmente: Roberto Carlos/Marco Antonio Solís - Arrastra una Silla - Primera Fila - En Vivo, escuchalo por #Firamix #Laromantica https://t.co/G0pKxZ91us
1278284057642766336, 3172960912, 2020-07-01T11:07:23.000Z, Carlos Solis reminiscing over the five year jump between S4 &amp; S5 of Desperate Housewives: https://t.co/hWArrldM75
1278284497939726337, 167419466, 2020-07-01T11:09:08.000Z, RT @MitchellLWell: Carlos Solis reminiscing over the five year jump between S4 &amp; S5 of Desperate Housewives: https://t.co/hWArrldM75
1278291866333708296, 423710437, 2020-07-01T11:38:25.000Z, @ab_carlos_solis Muchas gracias por tus oraciones
1278295940470845440, 97256380, 2020-07-01T11:54:36.000Z, Carlos Solis in season 5 of Desperate Housewives https://t.co/zJifvQ7WLz
1278310464569704449, 1183519596592160768, 2020-07-01T12:52:19.000Z, RT @MitchellLWell: Carlos Solis reminiscing over the five year jump between S4 &amp; S5 of Desperate Housewives: https://t.co/hWArrldM75
1278321938105065473, 234168771, 2020-07-01T13:37:54.000Z, RT @JudithMedrano: Edgar Fabián Solís Rodríguez Gerardo de León Alemán José Fidencio Armendáriz Guardiola Francisco Javier Eguia Meza Luis…
1278333594671419396, 1095343777403723776, 2020-07-01T14:24:13.000Z, RT @MitchellLWell: Carlos Solis reminiscing over the five year jump between S4 &amp; S5 of Desperate Housewives: https://t.co/hWArrldM75
1278347247030329345, 968417096223940608, 2020-07-01T15:18:28.000Z, RT @MitchellLWell: Carlos Solis reminiscing over the five year jump between S4 &amp; S5 of Desperate Housewives: https://t.co/hWArrldM75
1278377020553076737, 312148854, 2020-07-01T17:16:47.000Z, Alineación para la conferencia COVID-19 hoy del gobierno  Carlos Alvarado - Presidente   Daniel Salas - Salud  Pilar Garrido - MIDEPLAN  Román Macaya - CCSS  Alexander Solís - CNE   12:45 h
1278378812485623808, 219545245, 2020-07-01T17:23:54.000Z, RT @oscarulloa01: Alineación para la conferencia COVID-19 hoy del gobierno  Carlos Alvarado - Presidente   Daniel Salas - Salud  Pilar Garr…
1278380001742721030, 1101396810181025792, 2020-07-01T17:28:38.000Z, RT @MitchellLWell: Carlos Solis reminiscing over the five year jump between S4 &amp; S5 of Desperate Housewives: https://t.co/hWArrldM75
1278380987588554752, 3071911620, 2020-07-01T17:32:33.000Z, @EncasteTv @LaPlazaMexico @mezcal_gusanoro @TauromaquiaTMX @CarlosFloresMtz @rana_72 @CarcerJeronimo @fchannels @toropsique @luismiguelcas @RadioFaena @BEGAALFERADIO @JoseLMtzG Jesús Guerra "Guerrita", Edmundo Zepeda "El Brujo", José Rodríguez "Joselillo", Salvador Freg, Merced Gómez, Pepe Ortíz, Jesús Solórzano, Victoriano de la Serna, Vicente Barrera, Samuel Solís, El Niño de la Palma, Carlos Vera "Cañitas"
1278382987764215811, 1253854504518332417, 2020-07-01T17:40:30.000Z, RT @oscarulloa01: Alineación para la conferencia COVID-19 hoy del gobierno  Carlos Alvarado - Presidente   Daniel Salas - Salud  Pilar Garr…
1278396797090701312, 109119811, 2020-07-01T18:35:22.000Z, RT @oscarulloa01: Alineación para la conferencia COVID-19 hoy del gobierno  Carlos Alvarado - Presidente   Daniel Salas - Salud  Pilar Garr…
1278398604940644352, 3024435883, 2020-07-01T18:42:33.000Z, Apodos de jugadores de la Liga Nacional🤪:  El 'hijo del viento', Marvin Chávez. El 'niño de vidrio', Abidán Solís. Carlos el 'Mango' Sánchez. Sergio el 'Camarón' Diduch. Luis 'Comayagua' López.  ¿Qué otro apodo de jugador se te viene a la mente?👀 https://t.co/6qRuOGOF48
1278410497017200643, 839194618835136512, 2020-07-01T19:29:48.000Z, RT @oscarulloa01: Alineación para la conferencia COVID-19 hoy del gobierno  Carlos Alvarado - Presidente   Daniel Salas - Salud  Pilar Garr…
1278415848802324481, 895555442, 2020-07-01T19:51:04.000Z, RT @MitchellLWell: Carlos Solis reminiscing over the five year jump between S4 &amp; S5 of Desperate Housewives: https://t.co/hWArrldM75
1278423364231626752, 168760693, 2020-07-01T20:20:56.000Z, RT @tdtvhn: Apodos de jugadores de la Liga Nacional🤪:  El 'hijo del viento', Marvin Chávez. El 'niño de vidrio', Abidán Solís. Carlos el 'M…
1278443719562330112, 61369484, 2020-07-01T21:41:49.000Z, RT @tdtvhn: Apodos de jugadores de la Liga Nacional🤪:  El 'hijo del viento', Marvin Chávez. El 'niño de vidrio', Abidán Solís. Carlos el 'M…
1278451942893682689, 1115614439451938816, 2020-07-01T22:14:30.000Z, RT @Carlos_Esstrada: Desde hace casi medio siglo, la maestra Consuelo Solís cuida el legado de su esposo y compañero de lucha Genaro Vázque…
1278456133473021952, 1005670041642139648, 2020-07-01T22:31:09.000Z, RT @JudithMedrano: Edgar Fabián Solís Rodríguez Gerardo de León Alemán José Fidencio Armendáriz Guardiola Francisco Javier Eguia Meza Luis…
1278462174885818368, 2904200073, 2020-07-01T22:55:09.000Z, RT @MitchellLWell: Carlos Solis reminiscing over the five year jump between S4 &amp; S5 of Desperate Housewives: https://t.co/hWArrldM75
1278471839409414152, 18906899, 2020-07-01T23:33:34.000Z, Día de gestión. Muchas gracias al Director de @ConaguaNayarit, al Ing. Carlos Alberto Hernández Solís por sus atenciones para conservar los ojos de agua que se encuentran en Pantanal, Xalisco. https://t.co/qzu4MH2M9F
1278473599242760192, 1274513443, 2020-07-01T23:40:33.000Z, RT @JulietaMejia: Día de gestión. Muchas gracias al Director de @ConaguaNayarit, al Ing. Carlos Alberto Hernández Solís por sus atenciones…
1278477854037217286, 623988091, 2020-07-01T23:57:28.000Z, RT @JulietaMejia: Día de gestión. Muchas gracias al Director de @ConaguaNayarit, al Ing. Carlos Alberto Hernández Solís por sus atenciones…
1278484506538803202, 346892348, 2020-07-02T00:23:54.000Z, RT @tdtvhn: Apodos de jugadores de la Liga Nacional🤪:  El 'hijo del viento', Marvin Chávez. El 'niño de vidrio', Abidán Solís. Carlos el 'M…
1278485774372155392, 1058037993418747906, 2020-07-02T00:28:56.000Z, RT @tdtvhn: Apodos de jugadores de la Liga Nacional🤪:  El 'hijo del viento', Marvin Chávez. El 'niño de vidrio', Abidán Solís. Carlos el 'M…
1278489796126662656, 320845978, 2020-07-02T00:44:55.000Z, RT @tdtvhn: Apodos de jugadores de la Liga Nacional🤪:  El 'hijo del viento', Marvin Chávez. El 'niño de vidrio', Abidán Solís. Carlos el 'M…
1278496837373251584, 343619220, 2020-07-02T01:12:54.000Z, RT @tdtvhn: Apodos de jugadores de la Liga Nacional🤪:  El 'hijo del viento', Marvin Chávez. El 'niño de vidrio', Abidán Solís. Carlos el 'M…
1278511943330992134, 602250050, 2020-07-02T02:12:55.000Z, RT @JulietaMejia: Día de gestión. Muchas gracias al Director de @ConaguaNayarit, al Ing. Carlos Alberto Hernández Solís por sus atenciones…
1278513737012359168, 612000621, 2020-07-02T02:20:03.000Z, RT @JulietaMejia: Día de gestión. Muchas gracias al Director de @ConaguaNayarit, al Ing. Carlos Alberto Hernández Solís por sus atenciones…
1278547016734441472, 764699983, 2020-07-02T04:32:17.000Z, RT @tdtvhn: Apodos de jugadores de la Liga Nacional🤪:  El 'hijo del viento', Marvin Chávez. El 'niño de vidrio', Abidán Solís. Carlos el 'M…
1278560820595773440, 3883540753, 2020-07-02T05:27:08.000Z, RT @JulietaMejia: Día de gestión. Muchas gracias al Director de @ConaguaNayarit, al Ing. Carlos Alberto Hernández Solís por sus atenciones…
1278697436253507591, 263980293, 2020-07-02T14:30:00.000Z, #Ajedrez  ♟️♟️♟️// Luis Galarza Juárez (Sub-1.800), de Puerto Esperanza, y Carlos Solís (Sub-2.300) se quedaron con el título de campeones del Provincial Online organizado por la Federación Misionera. https://t.co/JTFiHS5wuk
1278749074854830081, 1058419118, 2020-07-02T17:55:12.000Z, RT @SoyCele71214229: @EncasteTv @LaPlazaMexico @mezcal_gusanoro @TauromaquiaTMX @CarlosFloresMtz @rana_72 @CarcerJeronimo @fchannels @torop…
1278754050163519488, 429416730, 2020-07-02T18:14:58.000Z, #NoticiasALDIA Carlos Solis, presidente del GAD, informó que, por causa de la pandemia, se suspendieron todos los eventos públicos. Más detalles 👉 https://t.co/UatUptnkxW https://t.co/jKIJxXoFQf
1278897862726897664, 1114991794054238208, 2020-07-03T03:46:25.000Z, carlos solis you are going to rue the day you ever betrayed edie britt 🤬
1278923399243300865, 1139543464918409217, 2020-07-03T05:27:54.000Z, https://t.co/rTjByEOPwg
1278947763015778304, 1238143897605464065, 2020-07-03T07:04:43.000Z, I’ve always felt like a Tom Sacco but there’s definitely a bit of Carlos Solis
1279095989580828672, 54289055, 2020-07-03T16:53:43.000Z, RT @dojoconfpa: Ponentes locales. Carlos Solis, embajador DOJO y uno de los lideres de Microsoft Azure User Group Panamá. Amplia experienci…
1279097840934019074, 181991674, 2020-07-03T17:01:04.000Z, @MonumentalCR Diay llegó Guillermo Solis y Carlos Alvarado a ser presidentes óigase “Presidentes” (Pat de estupidos) y supuestamente estar medió preparados 🤔, este sería un medio interesante candidato
1279099383494119425, 854566027266371584, 2020-07-03T17:07:12.000Z, @jccorral_solis No tienes calidad moral para opinar Juan Carlos eres peor q basura,buen viernes
1279138867938033667, 307739467, 2020-07-03T19:44:06.000Z, @jonprendas GRACIAS A LAURA CHINCHILLA, LUIS GUILLERMO SOLIS Y CARLOS ALVARADO, PRESIDENTES DE COSTA RICA Hooooolissss chon
