id, author_id, created_at, text
1445642385262714888, 1355158049686695939, 2021-10-06T06:49:38.000Z, Jesse Medrano Wiki                                        Jesse Medrano Biography Who was Jesse Medrano ? Jesse Medrano, who killed 61-year-old Ruben Marrufo and wounded two other people, was shot dead by the police. A  #JesseMedrano  https://t.co/XkPT75b9Kd https://t.co/6WpQ9Ehky8
1445846359853121537, 24928809, 2021-10-06T20:20:09.000Z, Jesse Medrano, 35, had been identified by the LAPD as a suspect in a Sunday triple shooting that killed his own father, 61-year-old Ruben Marrufo, just hours before he was fatally shot by CHP officers on the 105 Freeway. https://t.co/hUte6PQAw1
1445846486864986118, 1136436092549312513, 2021-10-06T20:20:39.000Z, RT @CBSLA: Jesse Medrano, 35, had been identified by the LAPD as a suspect in a Sunday triple shooting that killed his own father, 61-year-…
1445848792687800324, 390471968, 2021-10-06T20:29:49.000Z, RT @CBSLA: Jesse Medrano, 35, had been identified by the LAPD as a suspect in a Sunday triple shooting that killed his own father, 61-year-…
1445849003732594696, 56438671, 2021-10-06T20:30:39.000Z, RT @CBSLA: Jesse Medrano, 35, had been identified by the LAPD as a suspect in a Sunday triple shooting that killed his own father, 61-year-…
1445849197790384129, 890201334, 2021-10-06T20:31:25.000Z, RT @CBSLA: Jesse Medrano, 35, had been identified by the LAPD as a suspect in a Sunday triple shooting that killed his own father, 61-year-…
1445856373707735042, 1239406706750148610, 2021-10-06T20:59:56.000Z, RT @CBSLA: Jesse Medrano, 35, had been identified by the LAPD as a suspect in a Sunday triple shooting that killed his own father, 61-year-…
1445913001802932226, 1137805881045704704, 2021-10-07T00:44:58.000Z, RT @CBSLA: Jesse Medrano, 35, had been identified by the LAPD as a suspect in a Sunday triple shooting that killed his own father, 61-year-…
