id, author_id, created_at, text
1536175055427846144, 20239066, 2022-06-13T02:34:08.000Z, @annie61smith4 @CathyJoeGPT @RepSwalwell Lot's of good folks from Mississippi. Eudora Welty, BB King, Jimmy Buffett, William Faulkner, Walter Anderson, James Earl Jones, Medgar Evers, Benny Thompson
1536175794720055304, 738786290313920513, 2022-06-13T02:37:04.000Z, RT @msgulfmary: @annie61smith4 @CathyJoeGPT @RepSwalwell Lot's of good folks from Mississippi. Eudora Welty, BB King, Jimmy Buffett, Willia…
1536540762363482115, 191508694, 2022-06-14T02:47:19.000Z, @MarkHamill I can envision the movie version right now: Alec Baldwin as Trump, James Earl Jones as Bennie Thompson,  Merle Streep as Lynn Cheney, Peter MacNicol as Rudy Giulaini, Paris Hilton as Ivanka Trump, Jim Parsons as Jared Kushner, William Shatner as William Barr, Rob Lowe as Trump Jr
1536545209613533184, 1006623083006955522, 2022-06-14T03:05:00.000Z, RT @kitteehawk57: @MarkHamill I can envision the movie version right now: Alec Baldwin as Trump, James Earl Jones as Bennie Thompson,  Merl…
1537904944379883522, 2778229037, 2022-06-17T21:08:06.000Z, Exorcist II: The Heretic, directed by John Boorman from a screenplay by William Goodhart and starring Linda Blair, Richard Burton, Louise Fletcher, Max von Sydow, Kitty Winn, Paul Henreid, James Earl Jones and Ned Beatty, was released on this day in 1977 (USA) 🎬 https://t.co/KCeuGuuEA6
1537950846125604864, 1631492510, 2022-06-18T00:10:30.000Z, RT @Horror31: Exorcist II: The Heretic, directed by John Boorman from a screenplay by William Goodhart and starring Linda Blair, Richard Bu…
1538066893646471168, 2778229037, 2022-06-18T07:51:38.000Z, RT @Horror31: Exorcist II: The Heretic, directed by John Boorman from a screenplay by William Goodhart and starring Linda Blair, Richard Bu…
1539428754937761795, 1066800427423944705, 2022-06-22T02:03:11.000Z, Has anyone ever heard of the movie Quantum Quest: A Cassini Space Oddity bc the cast is insane   Chris Pine, Hayden Christensen, Samuel L Jackson, James Earl Jones, Mark Hamill, Sandra Oh, William Shatner, Tom Kenny, Abigail Breslen and more   AND It's only 45 minutes
1539436793308798977, 22759229, 2022-06-22T02:35:07.000Z, RT @JewishSkywalkrs: Has anyone ever heard of the movie Quantum Quest: A Cassini Space Oddity bc the cast is insane   Chris Pine, Hayden Ch…
1539437104421142529, 2765248092, 2022-06-22T02:36:21.000Z, RT @JewishSkywalkrs: Has anyone ever heard of the movie Quantum Quest: A Cassini Space Oddity bc the cast is insane   Chris Pine, Hayden Ch…
1539441973366505474, 1066800427423944705, 2022-06-22T02:55:42.000Z, There's a whole feature on the Quantum Quest  website about Chris Pine working with William Shatner bc they're both Captain Kirk but not one about Hayden Christensen and James Earl Jones 😔😔😔
1539690432623509512, 954198774691303424, 2022-06-22T19:22:59.000Z, 2/2  Starring Pete Aguilar, John Goodman as William Barr, Kate McKinnon as Liz Cheney and James Earl Jones as Bennie Thompson.  It would be a blast, and could be paired, back to back, with a live presentation of Trump's trial for seditious conspiracy.
1539697501510443013, 564241025, 2022-06-22T19:51:05.000Z, top 5 desirable narrators for my life, actors edition (in no particular order):   Jason Beghe Sam Elliot James Earl Jones William Dafoe Benedict Cumberbatch
1539700540354994176, 2447976103, 2022-06-22T20:03:09.000Z, RT @ChrisOchs: top 5 desirable narrators for my life, actors edition (in no particular order):   Jason Beghe Sam Elliot James Earl Jones Wi…
1541063593516535809, 21496838, 2022-06-26T14:19:26.000Z, Train lookalikes. William H Macy, Lindsey Lohan and James Earl Jones.
1541119814516838401, 1045025131410722816, 2022-06-26T18:02:51.000Z, @walshbros Hoping for New interviews w/ @FredMalmberg, John Milius (via Nat Segaloff), William Stout, Renato Casaro, Tony Brubaker (Stunt Double James Earl Jones), Jorge Sanz, Erik Holmey, Sven-Ole Thorsen, Cassandra Gava, Pilar Alcon, Gerry, Sandahl and Arnold.
