id, author_id, created_at, text
1323081609654853633, 1260813006, 2020-11-02T01:56:52.000Z, The Damned / Final Damnation / See Her Tonite / Brian James / 1989 / Castle Music UK https://t.co/oxjBl1jzDw
1323161167481786368, 62666453, 2020-11-02T07:13:00.000Z, Brian Rose, London Real TV, gave an emotional, life-changing message during the Grad Night of the QLA Hard Core Castle Seminar (January 2020) https://t.co/w6OkuVw7eg .   To watch more videos of people whose lives have been changed by Dan, visit https://t.co/Skvgezy5HP .
1323216066571464705, 998255727838879744, 2020-11-02T10:51:09.000Z, We are raising money for both, Toys for Tots, and Extra Life. The entire month of November, all Bits and Subs will be donated to Toys for Tots! As well we are still working hard to raise funds for Extra Life. #twitchstreamer #SmallStreamersConnect  https://t.co/nEJa0cR8ts
1323216532441354240, 1137440925343506432, 2020-11-02T10:53:00.000Z, RT @phamyns: We are raising money for both, Toys for Tots, and Extra Life. The entire month of November, all Bits and Subs will be donated…
1323244315917930499, 832279697715245056, 2020-11-02T12:43:24.000Z, RT @phamyns: We are raising money for both, Toys for Tots, and Extra Life. The entire month of November, all Bits and Subs will be donated…
1323297629661548544, 903739971181449216, 2020-11-02T16:15:15.000Z, RT @phamyns: We are raising money for both, Toys for Tots, and Extra Life. The entire month of November, all Bits and Subs will be donated…
1323321158263996416, 209602032, 2020-11-02T17:48:44.000Z, RT @phamyns: We are raising money for both, Toys for Tots, and Extra Life. The entire month of November, all Bits and Subs will be donated…
1323394798242377728, 1123508348316540933, 2020-11-02T22:41:22.000Z, @goodwalkerme Thank you, Brian. Yes, it is one of those paths the radiates from the Castle. The colours everywhere have been even better this year.
1323443616921038848, 1286871410200256515, 2020-11-03T01:55:21.000Z, @Castle_of_Brian Yup I agree with you. Bland white trash shouldve stayed his crispy ass home !
1323523555527692290, 62666453, 2020-11-03T07:13:00.000Z, Brian Rose, London Real TV, gave an emotional, life-changing message during the Grad Night of the QLA Hard Core Castle Seminar (January 2020) https://t.co/w6OkuVw7eg .   To watch more videos of people whose lives have been changed by Dan, visit https://t.co/Skvgezy5HP .
1323573304855322624, 996903355975790592, 2020-11-03T10:30:41.000Z, Silhouette od castle during lunar eclipse.  Cr: Brian Chorski    #moon #totaleclipse #nature #fullmoon #photooftheday #astronomy #lunareclipse #picoftheday #pic #picture #photos #nature #pics #pictures https://t.co/mFVKZXbkgu
1323693960511037444, 77893245, 2020-11-03T18:30:07.000Z, Parklife's Brian Castle discusses the key to successful #ContentMarketing and it's probably not what you think! His best advice? Keep your end goal in mind and work backwards... or hire a professional (shameless self-promotion) 😉 #WeAreParklife https://t.co/2CNBrVaQKa https://t.co/aiYUXPwTYR
1323814567810633733, 467111568, 2020-11-04T02:29:22.000Z, RT @Castle_of_Brian: Never trust the south to do anything correctly
1323819920451403779, 379304181, 2020-11-04T02:50:39.000Z, @Castle_of_Brian Bruh I’m mad about Florida 😂
1323885943196188673, 62666453, 2020-11-04T07:13:00.000Z, Brian Rose, London Real TV, gave an emotional, life-changing message during the Grad Night of the QLA Hard Core Castle Seminar (January 2020) https://t.co/w6OkuVw7eg .   To watch more videos of people whose lives have been changed by Dan, visit https://t.co/Skvgezy5HP .
1324001000676610049, 459400316, 2020-11-04T14:50:11.000Z, @Brian__Owen Mourinho needs a Lockdown trio to Barnard Castle. He is losing his sight.
1324101792922247170, 3190366605, 2020-11-04T21:30:42.000Z, Castle Bridge, Buncrana, Winter by Brian Scampton Medium: Oil on board  Size: https://t.co/vwYaSALEBP https://t.co/elnHxwbg9L
1324146519050801153, 1141361095124406272, 2020-11-05T00:28:26.000Z, @Castle_of_Brian Bruhhhh if Georgia does the unthinkable I might have to pull up and blow a bag 😂😂😂😂😂😂
1324154518716715008, 2443801098, 2020-11-05T01:00:13.000Z, @Brian_Alford @N3ILA_ @ConcernedinPV @alshadowdancer @Emma34770971 @JanineVorr @Lovestr50361283 @ziggystardad @RightinCA @cloudzzz757 @zaharias19 @Vickie627 @N3ILA_FH @PoliticsPot @medwoman1 @DigiVorr @mathmomma24 @rwlawoffice @_Kel_Varnsen_ @QDecoder @LadyOfTheOcean1 @RAGINxCAJUN @misshellca @BSHerrle @laylow88861429 @HurrNot @KattMist @TrumpSugar @calijeff1 @ConnorInsurance @GaryPostell4 @MistressRedWasp @Fueldog2 @zaphodbebblebr1 @Beardedfox89 @topleveltroll2 @robcarlson20 @KelliPenney @hrt6017 @homeworkeater @r0xie_f0x @Theocracidal @ahrehead @TheRensh @QDified @kent_nye @parknfly07 @Scottkeding @d1017baby @Mongo3804 Yep! I have a lot of he man&amp; she ra toys&amp; skeletors castle that my kids still played w
1324248331179249665, 62666453, 2020-11-05T07:13:00.000Z, Brian Rose, London Real TV, gave an emotional, life-changing message during the Grad Night of the QLA Hard Core Castle Seminar (January 2020) https://t.co/w6OkuVw7eg .   To watch more videos of people whose lives have been changed by Dan, visit https://t.co/Skvgezy5HP .
1324479506384670721, 301131496, 2020-11-05T22:31:36.000Z, and Brian MacShane "knocker"  O'h-Aodha scourge of the Planters in Cork, my paternal ancestor, Chief of Carberry Luachra, Aghamillie Castle and the seven great keeps. I am a practicing Hibernian. https://t.co/sikKiJMv8h
1324559583130619904, 297689456, 2020-11-06T03:49:48.000Z, @Brian3Thousand @ddale8 @BlakeMurphyODC Brian Castle: I hate Bobby Sura  cute girl: I love Bobby Sura  Brian Castle: I love Bobby Sura!!!!!
1324610719095132160, 62666453, 2020-11-06T07:13:00.000Z, Brian Rose, London Real TV, gave an emotional, life-changing message during the Grad Night of the QLA Hard Core Castle Seminar (January 2020) https://t.co/w6OkuVw7eg .   To watch more videos of people whose lives have been changed by Dan, visit https://t.co/Skvgezy5HP .
1324684001328590848, 3227825104, 2020-11-06T12:04:12.000Z, @LutherBeckett Watch "Castle". Australian comedy, old but current. "The Life of Brian" must be my all time favourite. I can't get enough "Seinfeld" :)))
1324695721572970496, 787246985938030592, 2020-11-06T12:50:46.000Z, The ultimate in relaxation - the West Coast of Ireland and music - and a bonus for me is that the castle on the Rock of Cashel is my ancestral home - where the High King Brian Boru once held sway 1000 years ago.
1324745741932367873, 52819864, 2020-11-06T16:09:32.000Z, New in https://t.co/ZD2YwedPJV: Michelle Orange on the 1985 film “Smooth Talk"; Jeremy Lybarger on Derek McCormack’s new novel, “Castle Faggot”; Geeta Dayal on Doug McKechnie’s album “San Francisco Moog, 1968-1972; and Brian Dillon on Susan Miller’s book “Documentary in Dispute" https://t.co/gSBKDGVvAi
1324759288481501186, 776844140009185281, 2020-11-06T17:03:21.000Z, RT @Bparks3000: New in https://t.co/ZD2YwedPJV: Michelle Orange on the 1985 film “Smooth Talk"; Jeremy Lybarger on Derek McCormack’s new no…
1324806816463728651, 101196500, 2020-11-06T20:12:13.000Z, Having a watch of Brian’s best walks with @JuliaBradbury at peckforton castle..done a few weddings there ..great place 👍
1324923924166144001, 379304181, 2020-11-07T03:57:34.000Z, @Castle_of_Brian Well if the recount in Georgia we gonna have to wait another week
1324973106772013056, 62666453, 2020-11-07T07:13:00.000Z, Brian Rose, London Real TV, gave an emotional, life-changing message during the Grad Night of the QLA Hard Core Castle Seminar (January 2020) https://t.co/w6OkuVw7eg .   To watch more videos of people whose lives have been changed by Dan, visit https://t.co/Skvgezy5HP .
1325045073583595520, 366365419, 2020-11-07T11:58:58.000Z, RT @castle_tintagel: (11)📚"Techniques of Medieval Armour Reproduction: The 14th Century" by Brian Price 2000年 14世紀の西洋甲冑の作り方を説明している本。英語ですが写真…
1325070122218762243, 2193738631, 2020-11-07T13:38:30.000Z, RT @castle_tintagel: (11)📚"Techniques of Medieval Armour Reproduction: The 14th Century" by Brian Price 2000年 14世紀の西洋甲冑の作り方を説明している本。英語ですが写真…
1325070279291236353, 88169212, 2020-11-07T13:39:07.000Z, RT @castle_tintagel: (11)📚"Techniques of Medieval Armour Reproduction: The 14th Century" by Brian Price 2000年 14世紀の西洋甲冑の作り方を説明している本。英語ですが写真…
1325089040429801472, 3316926200, 2020-11-07T14:53:40.000Z, RT @castle_tintagel: (11)📚"Techniques of Medieval Armour Reproduction: The 14th Century" by Brian Price 2000年 14世紀の西洋甲冑の作り方を説明している本。英語ですが写真…
1325126632059723779, 1061010587487031297, 2020-11-07T17:23:03.000Z, Jimmy Hastings and Humphrey Lyttelton,   Hever Castle, Kent.   Artist: Brian O'Connor  #jazz #photo https://t.co/verqNfJod6
1325155518340460544, 2746200413, 2020-11-07T19:17:50.000Z, RT @OrskiAndrzej: Jimmy Hastings and Humphrey Lyttelton,   Hever Castle, Kent.   Artist: Brian O'Connor  #jazz #photo https://t.co/verqNfJo…
1325229235859021825, 6133942, 2020-11-08T00:10:46.000Z, @Bob_Fischer @JaseHeeley There was a lot of Takeshi’s Castle a few years ago. And Brian Blessed in a very odd red Samurai outfit at one point too
1325275885608427521, 211667425, 2020-11-08T03:16:08.000Z, #Watched #Wrestling #ROH #RingOfHonor 'Dak Draper v/s Brian Johnson; Brody King v/s Dalton Castle' @ringofhonor
1325318596411715584, 836698666857545729, 2020-11-08T06:05:51.000Z, SURVIVOR SERIES: The team of Domino, Damien the Snake, Jimmy Hart, Dalton Castle and Billie Kay defeats The team of Jake Roberts, Lince Dorado, Nia Jax, Dean Ambrose and Brian Pillman via A Chop in a Losers Gets Grounded Match in Russo's wet dreams
1325325581068726277, 835584762425327616, 2020-11-08T06:33:36.000Z, @PhilDiagnosis @QDecoder @_Kel_Varnsen_ @RAGINxCAJUN @__CassidyRae__ @Merry_Hippie @RPCovit @atumpkins11 @kent_nye @r0xie_f0x @Emma34770971 @hrt6017 @topleveltroll2 @SlimJimJohn1 @Lovestr50361283 @DigiVorr @medwoman1 @PoliticsPot @ziggystardad @Brian_Alford @laylow88861429 @ahrehead @Jason38857239 @LadyOfTheOcean1 @Vickie627 @RickySi16087724 @chrisg409ubc @bogeymitchell16 @ichismom @I_am_a_INFJ @JosephS08455956 @RbKerry @MistressRedWasp @Rotag2_0 @Mongo3804 @SpaceForceBravo @ConcernedinPV @cloudzzz757 @AdrenochromeD @daveyb0072 @gardengirl625 @BarryHalls7 @JenCages @JessicaOutLoud @robcarlson20 @JustinT33999857 @LynnCheney8 @psfnyc5 @MarthaLeah2 @GOPkleptocrat He was my hero. He worked at Disney World, tunnels underneath, Swiss Family Robinson Treehouse &amp; Cinderella's Castle. He was a pipe fitter. Worked at NASA, ran pipes to pump in millions of gallons of water into launchpad when shuttle booster fired up.
1325335494826266625, 62666453, 2020-11-08T07:13:00.000Z, Brian Rose, London Real TV, gave an emotional, life-changing message during the Grad Night of the QLA Hard Core Castle Seminar (January 2020) https://t.co/w6OkuVw7eg .   To watch more videos of people whose lives have been changed by Dan, visit https://t.co/Skvgezy5HP .
1325546388717887489, 3286298496, 2020-11-08T21:11:01.000Z, @Brian_ECMAF @IlhanMN Sorry, divisionist policies are what got us in this mess. It has to stop somewhere. I never said give him the keys to the castle, he’s still got to earn it. By completely shutting them out, you’re no better than Trump and his cronies.
1325643825755271168, 2311807794, 2020-11-09T03:38:11.000Z, RT @castle_tintagel: (11)📚"Techniques of Medieval Armour Reproduction: The 14th Century" by Brian Price 2000年 14世紀の西洋甲冑の作り方を説明している本。英語ですが写真…
1325644528707985408, 1292334380103303168, 2020-11-09T03:40:59.000Z, RT @castle_tintagel: (11)📚"Techniques of Medieval Armour Reproduction: The 14th Century" by Brian Price 2000年 14世紀の西洋甲冑の作り方を説明している本。英語ですが写真…
1325644771537252352, 3034696345, 2020-11-09T03:41:57.000Z, RT @castle_tintagel: (11)📚"Techniques of Medieval Armour Reproduction: The 14th Century" by Brian Price 2000年 14世紀の西洋甲冑の作り方を説明している本。英語ですが写真…
1325664825502953472, 819904637922746370, 2020-11-09T05:01:38.000Z, RT @castle_tintagel: (11)📚"Techniques of Medieval Armour Reproduction: The 14th Century" by Brian Price 2000年 14世紀の西洋甲冑の作り方を説明している本。英語ですが写真…
1325697882717097984, 62666453, 2020-11-09T07:13:00.000Z, Brian Rose, London Real TV, gave an emotional, life-changing message during the Grad Night of the QLA Hard Core Castle Seminar (January 2020) https://t.co/w6OkuVw7eg .   To watch more videos of people whose lives have been changed by Dan, visit https://t.co/Skvgezy5HP .
1325698755451113472, 19243887, 2020-11-09T07:16:28.000Z, RT @danspena: Brian Rose, London Real TV, gave an emotional, life-changing message during the Grad Night of the QLA Hard Core Castle Semina…
1325745027494993920, 120627978, 2020-11-09T10:20:20.000Z, RT @castle_tintagel: (11)📚"Techniques of Medieval Armour Reproduction: The 14th Century" by Brian Price 2000年 14世紀の西洋甲冑の作り方を説明している本。英語ですが写真…
1325888816490696706, 1255132709506084873, 2020-11-09T19:51:42.000Z, i long to have the aesthetic look of johnny castle or johnny lawrence but alas i am more of a joey gladstone or a brian johnson
1325892678459019266, 172920057, 2020-11-09T20:07:03.000Z, TONIGHT - let’s all watch together at 7pm Eastern. Use the hashtag #WatchROH   Dak Draper vs Brian Johnson in a Pure Rules match, plus Dalton Castle vs Brody King in a first-time-ever singles bout - Join us!  Details below: https://t.co/yHaMJnizNH
1325893955565850624, 54929902, 2020-11-09T20:12:07.000Z, RT @sinclairtodd: TONIGHT - let’s all watch together at 7pm Eastern. Use the hashtag #WatchROH   Dak Draper vs Brian Johnson in a Pure Rule…
1325928171640852481, 31187615, 2020-11-09T22:28:05.000Z, RT @sinclairtodd: TONIGHT - let’s all watch together at 7pm Eastern. Use the hashtag #WatchROH   Dak Draper vs Brian Johnson in a Pure Rule…
1325937228711923714, 29420606, 2020-11-09T23:04:04.000Z, Dak Draper and Brian Johnson both have all the tools to be top heels. Especially Draper with his size and athleticism. King and Castle killed it in the main event too. #ROH is the best #Wrestling company right now.  #RingOfHonor
1325941106534649856, 101369343, 2020-11-09T23:19:29.000Z, RT @sinclairtodd: TONIGHT - let’s all watch together at 7pm Eastern. Use the hashtag #WatchROH   Dak Draper vs Brian Johnson in a Pure Rule…
1325964363736387584, 100658374, 2020-11-10T00:51:54.000Z, Una semana después de terminar el torneo Pure, @ringofhonor presenta contenido de calidad. Dak Draper tiene potencial de estrella. Emocionantes declaraciones de Brian Johnson. Castle vs King es para un PPV. Gran lucha para terminar el programa.
1326027017469521920, 1310453032619048960, 2020-11-10T05:00:52.000Z, @thejamesmax @talkRADIO Morning James!  Me in castle today (Ryan from fife, brian actually)  Have good show, here scoop for you!  https://t.co/BbYvUPiAXH bring covid threat into the light? 🌈🚦❤️🏴󠁧󠁢󠁳󠁣󠁴󠁿👍  £2/person ppe , protect wearer, warn those too close, exit lockdown sooner, have xmas party in street https://t.co/mXfsSanyb3
1326032977189593089, 1732986320, 2020-11-10T05:24:32.000Z, @ProfBrianCox Sounds like you are not watching enough spitting image, Brian. Every vampire will derive satisfaction from reducing the peasant's ability to storm the castle.
1326043551512195073, 807798666383659008, 2020-11-10T06:06:34.000Z, RT @sinclairtodd: TONIGHT - let’s all watch together at 7pm Eastern. Use the hashtag #WatchROH   Dak Draper vs Brian Johnson in a Pure Rule…
1326060270855348224, 62666453, 2020-11-10T07:13:00.000Z, Brian Rose, London Real TV, gave an emotional, life-changing message during the Grad Night of the QLA Hard Core Castle Seminar (January 2020) https://t.co/w6OkuVw7eg .   To watch more videos of people whose lives have been changed by Dan, visit https://t.co/Skvgezy5HP .
1326061931917168640, 793811321758167040, 2020-11-10T07:19:36.000Z, RT @danspena: Brian Rose, London Real TV, gave an emotional, life-changing message during the Grad Night of the QLA Hard Core Castle Semina…
1326097925689237504, 923300778, 2020-11-10T09:42:37.000Z, RT @sinclairtodd: TONIGHT - let’s all watch together at 7pm Eastern. Use the hashtag #WatchROH   Dak Draper vs Brian Johnson in a Pure Rule…
1326111938745675776, 4872438533, 2020-11-10T10:38:18.000Z, RT @sinclairtodd: TONIGHT - let’s all watch together at 7pm Eastern. Use the hashtag #WatchROH   Dak Draper vs Brian Johnson in a Pure Rule…
1326199590731833345, 1064903944969904133, 2020-11-10T16:26:36.000Z, @WrestleJoy I can't decide between Brian Pillman Jr, Dalton Castle, or Gentleman Jervis
1326292501557370886, 34416769, 2020-11-10T22:35:48.000Z, My review of the latest #ROH TV show headlined by Dalton Castle vs. Brody King (my audio review is also available for Dot Net Members): https://t.co/cLRY026x80
1326304276206006273, 215434317, 2020-11-10T23:22:35.000Z, +1 https://t.co/J2J9DRTaxH https://t.co/JRrcbYyXSC
1326370126766149632, 1164174785741504513, 2020-11-11T03:44:15.000Z, Melanie posta em seu story o post de seu amigo Brian, conhecido como @/herecomescottontail, onde ele anuncia o clipe de “Princess Castle”, música du @/jazminbean no qual ele é o feat. No story também se encontra a ferramenta de deslizar para cima, com o link pro clipe no YouTube. https://t.co/J3Zxzr0uTP
1326380442430402560, 864604616843022336, 2020-11-11T04:25:15.000Z, RT @melaniesdailybr: Melanie posta em seu story o post de seu amigo Brian, conhecido como @/herecomescottontail, onde ele anuncia o clipe d…
1326422658469285890, 62666453, 2020-11-11T07:13:00.000Z, Brian Rose, London Real TV, gave an emotional, life-changing message during the Grad Night of the QLA Hard Core Castle Seminar (January 2020) https://t.co/w6OkuVw7eg .   To watch more videos of people whose lives have been changed by Dan, visit https://t.co/Skvgezy5HP .
1326448221133156353, 1191720323021975553, 2020-11-11T08:54:34.000Z, Resultados de ROH #477 -Brian Johnson vencio a Dax Draper. -Brody King vencio a Dalton Castle. https://t.co/k6eXJj2XW0
1326480249647992832, 367103934, 2020-11-11T11:01:50.000Z, Opinion – 11 November 2020 (Thinking Anglicans) https://t.co/CJoqGTD2AV See also opinion on Living in Love and Faith here. David Brown Surviving Church Leaven. Challenging the Power of Culture in our Church Brian Castle Church Times Comment: What the Government fails to grasp a…
1326531901230882817, 92565336, 2020-11-11T14:27:05.000Z, Happy #VeteransDay2020!  FREE WRITING WORKSHOP FOR MILITARY VETERANS  Sunday, Nov 15, 2-6pm ET  Featuring Veterans-Writers: Sean Mullin (AMIRA &amp; SAM) Chris Roessner (SAND CASTLE) T. J. Brady (THE CHI) Brian Anthony (STATION 19)   Veterans register here: https://t.co/e0Pyvh5Nk4
1326533609533136896, 430834036, 2020-11-11T14:33:52.000Z, RT @WGAEast: Happy #VeteransDay2020!  FREE WRITING WORKSHOP FOR MILITARY VETERANS  Sunday, Nov 15, 2-6pm ET  Featuring Veterans-Writers: Se…
1326535504112701441, 415854742, 2020-11-11T14:41:24.000Z, RT @WGAEast: Happy #VeteransDay2020!  FREE WRITING WORKSHOP FOR MILITARY VETERANS  Sunday, Nov 15, 2-6pm ET  Featuring Veterans-Writers: Se…
1326539560294100999, 10386152, 2020-11-11T14:57:31.000Z, RT @WGAEast: Happy #VeteransDay2020!  FREE WRITING WORKSHOP FOR MILITARY VETERANS  Sunday, Nov 15, 2-6pm ET  Featuring Veterans-Writers: Se…
1326616202207092737, 3234363895, 2020-11-11T20:02:04.000Z, RT @WGAEast: Happy #VeteransDay2020!  FREE WRITING WORKSHOP FOR MILITARY VETERANS  Sunday, Nov 15, 2-6pm ET  Featuring Veterans-Writers: Se…
1326630725165195264, 763317948584976384, 2020-11-11T20:59:47.000Z, RT @melaniesdailybr: Melanie posta em seu story o post de seu amigo Brian, conhecido como @/herecomescottontail, onde ele anuncia o clipe d…
1326639370670059521, 1103102087976624128, 2020-11-11T21:34:08.000Z, RT @WGAEast: Happy #VeteransDay2020!  FREE WRITING WORKSHOP FOR MILITARY VETERANS  Sunday, Nov 15, 2-6pm ET  Featuring Veterans-Writers: Se…
1326645715754487808, 1177329927722557445, 2020-11-11T21:59:21.000Z, RT @melaniesdailybr: Melanie posta em seu story o post de seu amigo Brian, conhecido como @/herecomescottontail, onde ele anuncia o clipe d…
1326713861727195137, 3125208149, 2020-11-12T02:30:08.000Z, WHERE EAGLES DARE (1968) Richard Burton, Clint Eastwood, Mary Ure. Dir: Brian G. Hutton 7:30 PM PT    An Allied team sets out to free an American officer held by the Nazis in a mountaintop castle.  Color, 155 mins, CC, Letterbox, #war #TCM https://t.co/lNu1IHMrMi
1326713862112997376, 278222169, 2020-11-12T02:30:08.000Z, WHERE EAGLES DARE (1968) Richard Burton, Clint Eastwood, Mary Ure. Dir: Brian G. Hutton 10:30 PM ET    An Allied team sets out to free an American officer held by the Nazis in a mountaintop castle.  Color, 155 mins, CC, Letterbox, #war #TCM https://t.co/dX0axhwRim
1326713924314652672, 274707084, 2020-11-12T02:30:23.000Z, RT @NextOnTCM: WHERE EAGLES DARE (1968) Richard Burton, Clint Eastwood, Mary Ure. Dir: Brian G. Hutton 10:30 PM ET    An Allied team sets o…
1326714192389410819, 164833519, 2020-11-12T02:31:27.000Z, RT @NextOnTCM_PT: WHERE EAGLES DARE (1968) Richard Burton, Clint Eastwood, Mary Ure. Dir: Brian G. Hutton 7:30 PM PT    An Allied team sets…
1326714730874986502, 22085922, 2020-11-12T02:33:35.000Z, RT @NextOnTCM: WHERE EAGLES DARE (1968) Richard Burton, Clint Eastwood, Mary Ure. Dir: Brian G. Hutton 10:30 PM ET    An Allied team sets o…
1326714813578432513, 1029485976, 2020-11-12T02:33:55.000Z, RT @NextOnTCM: WHERE EAGLES DARE (1968) Richard Burton, Clint Eastwood, Mary Ure. Dir: Brian G. Hutton 10:30 PM ET    An Allied team sets o…
1326714900509577216, 335594317, 2020-11-12T02:34:16.000Z, RT @NextOnTCM: WHERE EAGLES DARE (1968) Richard Burton, Clint Eastwood, Mary Ure. Dir: Brian G. Hutton 10:30 PM ET    An Allied team sets o…
1326785046196482054, 62666453, 2020-11-12T07:13:00.000Z, Brian Rose, London Real TV, gave an emotional, life-changing message during the Grad Night of the QLA Hard Core Castle Seminar (January 2020) https://t.co/w6OkuVw7eg .   To watch more videos of people whose lives have been changed by Dan, visit https://t.co/Skvgezy5HP .
1326790558543699968, 2887888505, 2020-11-12T07:34:54.000Z, @brian__oneill @lftony @bbclaurak It is Cummings’ personal responsibility. His family jaunt to Barnard Castle for an eye test, his smirking performance in the Rose Garden, and Johnson’s failure to sack him, totally undermined the public’s adherence to the rules and compliance generally.
1326865553185775617, 2746214784, 2020-11-12T12:32:54.000Z, @brian__oneill @lftony @bbclaurak So when you get a positive test and realise that means 2 weeks without pay as the Govt have done literally nothing but make a £200 payment available in the last couple of weeks coupled with the clear as mud guidance and Barnard Castle fiasco. Its all your fault for not isolating?
1326949915147243520, 2746214784, 2020-11-12T18:08:07.000Z, @brian__oneill @lftony @bbclaurak Its the Govts fault, mixed messaging, dithering over inevitable decisions and cronyism and don't tell me Cummings has nothing to do with that.  Then you have Barnard Castle which is pretty much accepted as a reason for ppl losing patience with the first and no doubt this lockdown
1327147434175328257, 62666453, 2020-11-13T07:13:00.000Z, Brian Rose, London Real TV, gave an emotional, life-changing message during the Grad Night of the QLA Hard Core Castle Seminar (January 2020) https://t.co/w6OkuVw7eg .   To watch more videos of people whose lives have been changed by Dan, visit https://t.co/Skvgezy5HP .
1327202161630081025, 3182799927, 2020-11-13T10:50:28.000Z, @brian_bilston Nailed it... I hope someone puts these lyrics to music and releases it under the bandname Blind Boys of Barnard Castle 😂
1327238807331213312, 1623105589, 2020-11-13T13:16:05.000Z, RT @NextOnTCM: WHERE EAGLES DARE (1968) Richard Burton, Clint Eastwood, Mary Ure. Dir: Brian G. Hutton 10:30 PM ET    An Allied team sets o…
1327241710196371456, 803939186935996416, 2020-11-13T13:27:37.000Z, @wanderwiltshire Old Wardour castle is our go to picnic place when I manage to get south home... still not found Brian Blessed's grave though 😉
1327262752612753409, 322660160, 2020-11-13T14:51:14.000Z, I always find these pieces a bit overdone, but "we got the giblets of the Mirror's chicken suit" is worth the price of admission. And it's always good to be reminded of Brian Harvey, jacked up on baked potatoes, running himself over with his own car.  https://t.co/iQLqdsmKkx
1327264962855792645, 2285209002, 2020-11-13T15:00:01.000Z, State &amp; local authorities must apply decisions evenhandedly, said Brian Leentjes, owner of the Castle Fun Center, located 4 miles away in Chester, that’s struggled mightily due to pandemic-related opening restrictions. “If Legoland can open up, that means our doors can open up."
1327285293590994944, 799720355837464582, 2020-11-13T16:20:48.000Z, @brian_bilston Glad my butchering raised a chuckle, and the photo's definitely my favourite of His Majesty, King of Barnard Castle.  It seemed so bizarrely theatrical - the Yorick skull scene just sprung to mind &amp; I couldn't resist! 😁
1327290011461545989, 11254852, 2020-11-13T16:39:33.000Z, “As for Cummings, the revolution devours its children. He has been thrown under a £350m bus, a feat last managed when East 17’s Brian Harvey contrived to run himself over with his own car...” This week’s events a gift to ⁦@MarinaHyde⁩... https://t.co/KgMZmYhNxM
1327291398161391616, 177707206, 2020-11-13T16:45:03.000Z, RT @owen_g: “As for Cummings, the revolution devours its children. He has been thrown under a £350m bus, a feat last managed when East 17’s…
1327297761293766657, 1633959013, 2020-11-13T17:10:20.000Z, “As for Cummings, the revolution devours its children. He has been thrown under a £350m bus, a feat last managed when East 17’s Brian Harvey contrived to run himself over with his own car”. https://t.co/rIDikyupVT
1327303994293825538, 2746214784, 2020-11-13T17:35:07.000Z, @brian__oneill @lftony @bbclaurak I know what you're saying and no I wouldn't let a jumped up posh boy tell me what to do but then I wouldnt accept what someone like him just says. More than enough do which is why the PM couldn't risk losing him over a jolly to Barnard Castle. Unfortunately that has consequences.
1327310603485147138, 20039661, 2020-11-13T18:01:22.000Z, “As for Cummings, the revolution devours its children. He has been thrown under a £350m bus, a feat last managed when East 17’s Brian Harvey contrived to run himself over with his own car, an incident the singer put down to a bizarre …” Marina Hyde https://t.co/RlfSgs9LCO
1327311346438971393, 2559007706, 2020-11-13T18:04:19.000Z, @brianmoore666 Don’t suppose Cummins will be shitting bricks at the prospect of not having a job in the morning Brian! ..... maybe he’ll be a tour guide at Barnard Castle!
1327318757618950146, 317333002, 2020-11-13T18:33:46.000Z, Marina Hyde is on fire.  "As for Cummings, the revolution devours its children. He has been thrown under a £350m bus, a feat last managed when East 17’s Brian Harvey contrived to run himself over with his own car" https://t.co/N3s9FlPo3M
1327332179773444096, 268482891, 2020-11-13T19:27:06.000Z, Cummings “has been thrown under a £350m bus, a feat last managed when East 17’s Brian Harvey contrived to run himself over with his own car, an incident the singer put down to a bizarre chain of events sparked by eating three baked potatoes.” https://t.co/4QuaGN7Q1W
1327363159741620225, 220052067, 2020-11-13T21:30:13.000Z, ‘As for Cummings, the revolution devours its children. He has been thrown under a £350m bus, a feat last managed when East 17’s Brian Harvey contrived to run himself over with his own car’ 😂 https://t.co/cMRJldGr5t
1327376477009088512, 2372108707, 2020-11-13T22:23:08.000Z, RT @BDStanley: I always find these pieces a bit overdone, but "we got the giblets of the Mirror's chicken suit" is worth the price of admis…
1327407789543665666, 854544110119682048, 2020-11-14T00:27:33.000Z, @Brian_PearlJam @TonesOfMusic @bungalsrback Saw her at the Connect festival at Inverurie Castle... Amazing gig.
1327509821982191617, 62666453, 2020-11-14T07:13:00.000Z, Brian Rose, London Real TV, gave an emotional, life-changing message during the Grad Night of the QLA Hard Core Castle Seminar (January 2020) https://t.co/w6OkuVw7eg .   To watch more videos of people whose lives have been changed by Dan, visit https://t.co/Skvgezy5HP .
1327518498462064640, 2646543084, 2020-11-14T07:47:28.000Z, Tantallon Castle, East Lothian (Scotland) 'Brian Cairns' image &amp; reconstruction of dam wall flooding 'burn' beside Spurwork into waterfall off the cliff. (Angled rubble wall into ditch was a sheep dip wall from 1920's and wasn't a defensive feature.) #TantallonCastle https://t.co/XTPEPUEpWJ
1327519543367909376, 712433595042803712, 2020-11-14T07:51:37.000Z, RT @andrewsp2009: Tantallon Castle, East Lothian (Scotland) 'Brian Cairns' image &amp; reconstruction of dam wall flooding 'burn' beside Spurwo…
1327519913754439681, 816849789325312000, 2020-11-14T07:53:06.000Z, RT @andrewsp2009: Tantallon Castle, East Lothian (Scotland) 'Brian Cairns' image &amp; reconstruction of dam wall flooding 'burn' beside Spurwo…
1327550714151923712, 287441692, 2020-11-14T09:55:29.000Z, @katewinslet88 we are getting older. Let me know before you miss your chance.ttfn. hope all is well. I've always wanted to live in a fairytale castle. Do u need a man to look after you? One day, I thought.. you might. Love Brian
1327551658344243202, 216756986, 2020-11-14T09:59:14.000Z, Tory Britain: 'Cummings has been thrown under a £350m bus, a feat last managed when East 17’s Brian Harvey contrived to run himself over with his own car, an incident the singer put down to a bizarre chain of events sparked by eating three baked potatoes.' https://t.co/gY7C7SQGVG
1327610263063973888, 1304391792142569472, 2020-11-14T13:52:07.000Z, RT @andrewsp2009: Tantallon Castle, East Lothian (Scotland) 'Brian Cairns' image &amp; reconstruction of dam wall flooding 'burn' beside Spurwo…
1327645150944911361, 28112665, 2020-11-14T16:10:45.000Z, @MartinLondonTHT Carcassonne festival - summer 2 years ago. Brian Ferry 👏.  The castle setting, the warm evening air, the lights, the atmosphere.  +Tickets kindly offered by musician friend of my son, last minute surprise. + my birthday weekend. Wow It had the lot:)
1327697318238306305, 34668551, 2020-11-14T19:38:02.000Z, ROH Episode 477 Recap: Brody King Vs. Dalton Castle, Dak Draper &amp; Brian Johnson In Action https://t.co/FBqfWjAKCu
1327697441190080512, 1056760669, 2020-11-14T19:38:32.000Z, RT @WrestlingInc: ROH Episode 477 Recap: Brody King Vs. Dalton Castle, Dak Draper &amp; Brian Johnson In Action https://t.co/FBqfWjAKCu
1327793561761316864, 814822926, 2020-11-15T02:00:28.000Z, Pageant Director Brian Gilbertson spots me filming the floats returning to Stardust Castle. Yup mate, I am a pageant tragic! @7NewsAdelaide https://t.co/fq2F15yF9P
1327795698666881024, 269581619, 2020-11-15T02:08:58.000Z, RT @timhatfield87: Pageant Director Brian Gilbertson spots me filming the floats returning to Stardust Castle. Yup mate, I am a pageant tra…
1327797165637263360, 534291241, 2020-11-15T02:14:48.000Z, RT @timhatfield87: Pageant Director Brian Gilbertson spots me filming the floats returning to Stardust Castle. Yup mate, I am a pageant tra…
1327800410485137408, 1180609189, 2020-11-15T02:27:41.000Z, RT @timhatfield87: Pageant Director Brian Gilbertson spots me filming the floats returning to Stardust Castle. Yup mate, I am a pageant tra…
1327801256291692544, 1157944645222952960, 2020-11-15T02:31:03.000Z, RT @timhatfield87: Pageant Director Brian Gilbertson spots me filming the floats returning to Stardust Castle. Yup mate, I am a pageant tra…
1327824796416053248, 58446144, 2020-11-15T04:04:35.000Z, RT @timhatfield87: Pageant Director Brian Gilbertson spots me filming the floats returning to Stardust Castle. Yup mate, I am a pageant tra…
1327872209885540353, 62666453, 2020-11-15T07:13:00.000Z, Brian Rose, London Real TV, gave an emotional, life-changing message during the Grad Night of the QLA Hard Core Castle Seminar (January 2020) https://t.co/w6OkuVw7eg .   To watch more videos of people whose lives have been changed by Dan, visit https://t.co/Skvgezy5HP .
1327968706195042305, 2926962354, 2020-11-15T13:36:26.000Z, "Ain't No Woman (Like the One I've Got)" is a song written by Dennis Lambert and Brian Potter, released as a single by the Four Tops on the ABC/Dunhill record label, from the album Keeper of the Castle.  @ronniemcneir https://t.co/Swhq2jggJN
1327976352688037888, 797549729106239488, 2020-11-15T14:06:49.000Z, RT @50years_music: "Ain't No Woman (Like the One I've Got)" is a song written by Dennis Lambert and Brian Potter, released as a single by t…
1328088339216551936, 992656562186571776, 2020-11-15T21:31:49.000Z, @ABD_Sussex Are you Really that Bloody Thick, it’s  Simon Reeve And NOT Sir Brian Cox, I think you Need a Trip to Specsavers or Even a Trip to Barnard Castle like  Dominic Cummings did.
1328120240291651585, 2171855246, 2020-11-15T23:38:35.000Z, @wearechester @GwrychTrust @imacelebrity Does anyone remember Brian Sharpe and his band from about 1960? Used to play at the castle in the evenings.
1328190120613322752, 3516539484, 2020-11-16T04:16:15.000Z, Brian's Hamburger Castle
1328234597604352002, 62666453, 2020-11-16T07:13:00.000Z, Brian Rose, London Real TV, gave an emotional, life-changing message during the Grad Night of the QLA Hard Core Castle Seminar (January 2020) https://t.co/w6OkuVw7eg .   To watch more videos of people whose lives have been changed by Dan, visit https://t.co/Skvgezy5HP .
1328291793872453632, 301408492, 2020-11-16T11:00:16.000Z, RT @castle_tintagel: (11)📚"Techniques of Medieval Armour Reproduction: The 14th Century" by Brian Price 2000年 14世紀の西洋甲冑の作り方を説明している本。英語ですが写真…
1328303856741134337, 1243621063617122304, 2020-11-16T11:48:12.000Z, @YOONJlNNlE Tan enamorado - CNCO La temperatura ver. Erick Brian Castle of glass, what i've done, numb - link park Inovidable - Giulia Be  Inesquecível - Giulia Be e Luan Now or Never, Wake up, bright, this band is back, wow, flying solo, i got the music, tosoh, all eyes off me,
1328348512753496066, 188027577, 2020-11-16T14:45:39.000Z, @amendlocke Didn't Brian Aldiss say The Castle was just one big alien reveal from being sf? Also, Woolf's obsession with the night sky often makes To the Lighthouse feel like a early stage alien invasion novel
1328596985654489089, 62666453, 2020-11-17T07:13:00.000Z, Brian Rose, London Real TV, gave an emotional, life-changing message during the Grad Night of the QLA Hard Core Castle Seminar (January 2020) https://t.co/w6OkuVw7eg .   To watch more videos of people whose lives have been changed by Dan, visit https://t.co/Skvgezy5HP .
1328839256584892416, 1337144052, 2020-11-17T23:15:42.000Z, some say Brian Urlacher with hair was a sign of hope, others say it was a curse...... throw down your hair Urlacher and let me up to your hair castle this instant!
1328849223215792128, 18251284, 2020-11-17T23:55:18.000Z, @BrianRoemmele Finally Brian tweets somewhere I have been , Palácio Nacional da Pena - Sintra is like a Disney Castle   BTW, they have NO guardrails, so be very careful with kids. https://t.co/cJlSnEFjq2
