id, author_id, created_at, text
825703361492156416, 2667396619, 2017-01-29T13:53:16.000Z, Vamos míjos David Palacios Rodrigo Echeverria al mejor carnaval sólo escuchen no mas pilas 😊😊😊🎉🎉🎉 https://t.co/QiCGMXJjHq
826371477935099904, 934308781, 2017-01-31T10:08:08.000Z, Hoy empieza todo con Marta Echeverría - Patrimonio Flamenco con David Calzado y Teo Sánchez - (31/01/2017) https://t.co/kFrS7unyVn
826450217562038272, 30697822, 2017-01-31T15:21:01.000Z, Visitamos en la @BNE_biblioteca  la exposición 'Patrimonio Flamenco', co-comisariada por Teo Sánchez de @Duendeando1 https://t.co/lzmH8UHKWp https://t.co/amSQ2TL45u
826456576525475841, 153973602, 2017-01-31T15:46:17.000Z, RT @radio3_rne: Visitamos en la @BNE_biblioteca  la exposición 'Patrimonio Flamenco', co-comisariada por Teo Sánchez de @Duendeando1 https:…
826463737628487681, 526802742, 2017-01-31T16:14:44.000Z, RT @radio3_rne: Visitamos en la @BNE_biblioteca  la exposición 'Patrimonio Flamenco', co-comisariada por Teo Sánchez de @Duendeando1 https:…
826464972112797696, 116884729, 2017-01-31T16:19:38.000Z, Hoy empieza todo con Marta Echeverría - Patrimonio Flamenco. Una expo en la @BNE_biblioteca. (10', curiosidades)  https://t.co/dybdNnmsRp
826466583321202688, 2801667883, 2017-01-31T16:26:03.000Z, RT @musikeso: Hoy empieza todo con Marta Echeverría - Patrimonio Flamenco. Una expo en la @BNE_biblioteca. (10', curiosidades)  https://t.c…
826466634219020289, 2801667883, 2017-01-31T16:26:15.000Z, RT @radio3_rne: Visitamos en la @BNE_biblioteca  la exposición 'Patrimonio Flamenco', co-comisariada por Teo Sánchez de @Duendeando1 https:…
826506628962861057, 273654888, 2017-01-31T19:05:10.000Z, #PatrimonioFlamenco en la @BNE_biblioteca No digo más. https://t.co/uG82cRExbn https://t.co/f3KTCeJD0v
826524833873854465, 2886199139, 2017-01-31T20:17:31.000Z, RT @radio3_rne: Visitamos en la @BNE_biblioteca  la exposición 'Patrimonio Flamenco', co-comisariada por Teo Sánchez de @Duendeando1 https:…
827715686872920065, 2814243715, 2017-02-04T03:09:32.000Z, Visitamos en la @BNE_biblioteca la exposición Patrimonio Flamenco , co-comisariada por Teo Sánchez de @Duendeando1 https://t.co/YGfoACKxbM…
828015666112364544, 2674372706, 2017-02-04T23:01:33.000Z, ROBERTO ECHEVERRÍA -Todo me gusta de ti (1996) Productor Ejecutivo David Drezner, contiene temas como: Magia... https://t.co/ICjVJVg95l
828250580854267905, 30697822, 2017-02-05T14:35:01.000Z, Visitamos en la @BNE_biblioteca  la exposición 'Patrimonio Flamenco', co-comisariada por Teo Sánchez de @Duendeando1 https://t.co/lzmH8UHKWp https://t.co/6q2ISSuwRe
828317063643070464, 408059017, 2017-02-05T18:59:12.000Z, RT @radio3_rne: Visitamos en la @BNE_biblioteca  la exposición 'Patrimonio Flamenco', co-comisariada por Teo Sánchez de @Duendeando1 https:…
828547635657203713, 934308781, 2017-02-06T10:15:24.000Z, Hoy empieza todo con Marta Echeverría - Clandestino de David Beriain - (06/02/2017) https://t.co/Nq0TZJgp7r
828551546161999872, 172774151, 2017-02-06T10:30:57.000Z, Patrimonio flamenco en la @BNE_biblioteca https://t.co/coMhMTb0fa @CarolaAlba Lorca y Falla te están invitando a su atrapante mundo!! ;)
828600705007177729, 2791536866, 2017-02-06T13:46:17.000Z, Un placer hablar de un gran trabajo https://t.co/YteuwqpbKe @DavidBeriain @DMAX_es @93metros
828604887642554368, 2610571280, 2017-02-06T14:02:54.000Z, RT @HET2_Radio3: Un placer hablar de un gran trabajo https://t.co/YteuwqpbKe @DavidBeriain @DMAX_es @93metros
828683808299941890, 1485668580, 2017-02-06T19:16:30.000Z, david echeverria https://t.co/p7lWgDwEJh
829438604317487105, 140115080, 2017-02-08T21:15:48.000Z, @jaabellan como es tu relación con david miner y Fernando Echeverría se ha roto ? Los podías fichar para @Radio_4g
