id, author_id, created_at, text
751485031613210629, 348004787, 2016-07-08T18:36:08.000Z, Knife-Wielding Suspect Killed by Police ID'd as Vinson Lee Ramos https://t.co/zJGAENyhcE
751485045383147520, 160922354, 2016-07-08T18:36:11.000Z, Knife-Wielding Suspect Killed by Police ID'd as Vinson Lee Ramos https://t.co/05QVMde67I
752182164188499968, 27225301, 2016-07-10T16:46:17.000Z, VINSON LEE RAMOS WAS KILLED AFTER DOMESTIC DISPUTE AT A JACK IN THE BOX IN BELL, CALIFORNIA… https://t.co/BjMN321wwf
752265366743576577, 2668705273, 2016-07-10T22:16:54.000Z, South Gate-Lynwood Patch: Knife-Wielding Suspect Killed by Police ID'd as Vinson Lee Ramos https://t.co/gZ51GNuZWx
752309554923397120, 47779575, 2016-07-11T01:12:29.000Z, South Gate-Lynwood Patch: Knife-Wielding Suspect Killed by Police ID'd as #VinsonLeeRamos https://t.co/bPl3uTPctj
752356619661475840, 58144971, 2016-07-11T04:19:30.000Z, South Gate-Lynwood Patch: Knife-Wielding Suspect Killed by #Police ID'd as Vinson Lee Ramos https://t.co/k1HyilwoMH
752591298968875009, 950139374, 2016-07-11T19:52:02.000Z, Vinson Lee Ramos - wielding a knife Melissa Ventura - wielding a knife Pedro Villanueva - drag-racing, unarmed... https://t.co/ffOQbu5ojh
753552073392783360, 27225301, 2016-07-14T11:29:49.000Z, VINSON LEE RAMOS WAS KILLED AFTER DOMESTIC DISPUTE AT A JACK IN THE BOX IN BELL, CALIFORNIA… https://t.co/BjMN321wwf
754685658745233408, 27225301, 2016-07-17T14:34:17.000Z, VINSON LEE RAMOS WAS KILLED AFTER DOMESTIC DISPUTE AT A JACK IN THE BOX IN BELL, CALIFORNIA… https://t.co/BjMN321wwf
