id, author_id, created_at, text
1442147489751224326, 135251818, 2021-09-26T15:22:10.000Z, RT @leonel_garcia24: "De adversaria furibunda de un gobierno antidemocrático como el de Hugo Chávez a funcionaria de facto, silente pero co…
1442286175088226309, 1010216989879668736, 2021-09-27T00:33:15.000Z, El Nuevo Directorio de la ONG SAR BIOBIO periodo 2021-2024 es el siguente:  Presidente: Yerko Lagos B. Vice. Presidente: Mauricio Chavez F. Tesorero: Ralf Burgos R. Secretaria: Fabiola Moraga G. Director Operativo: Leonel Azocar F. Director Contralor: Marlene Bascourt C. https://t.co/oZ1LrC1Aaa
1442590524263657477, 1242026467, 2021-09-27T20:42:37.000Z, @EvelinPlacidoAl Al demagogo mayor, Leonel le encanta figurear en las cumbres para seguir dándose bombos y promoción política. Así lo hizo en la cumbre de las Américas celebrado en este país cuando era presidente en q buscó acercamiento entre Uribe de Colombia y Chávez de Venezuela. Buscó su foto
1442590676894486529, 402952054, 2021-09-27T20:43:14.000Z, RT @GalitoTejada: @EvelinPlacidoAl Al demagogo mayor, Leonel le encanta figurear en las cumbres para seguir dándose bombos y promoción polí…
1442626485630771203, 1246237941770473473, 2021-09-27T23:05:31.000Z, RT @ong_sarbiobio: El Nuevo Directorio de la ONG SAR BIOBIO periodo 2021-2024 es el siguente:  Presidente: Yerko Lagos B. Vice. Presidente:…
1442963623480119296, 1345453456702771206, 2021-09-28T21:25:11.000Z, Efectué visita al Complejo Industrial Fábrica de Fábricas Hugo Chávez Frías, ubicada en el Municipio Anaco, estado Anzoátegui, donde su presidente, el Ingeniero Leonel Rodríguez nos mostró las potencialidades de este complejo industrial. https://t.co/45iOXOpGOp
1442965990396948485, 4471849167, 2021-09-28T21:34:35.000Z, RT @AnibalBritoHer1: Efectué visita al Complejo Industrial Fábrica de Fábricas Hugo Chávez Frías, ubicada en el Municipio Anaco, estado Anz…
1442966130088296458, 1253815325474336770, 2021-09-28T21:35:09.000Z, RT @AnibalBritoHer1: Efectué visita al Complejo Industrial Fábrica de Fábricas Hugo Chávez Frías, ubicada en el Municipio Anaco, estado Anz…
1442967753183223815, 1400818661254893569, 2021-09-28T21:41:36.000Z, RT @AnibalBritoHer1: Efectué visita al Complejo Industrial Fábrica de Fábricas Hugo Chávez Frías, ubicada en el Municipio Anaco, estado Anz…
1442971070143729675, 1282132080500051968, 2021-09-28T21:54:46.000Z, 1/2 El Alm @AnibalBritoHer1 Viceministro de Planificacion y Desarrollo para la Defensa, en compañía del Ing. Leonel Rodríguez presidente del complejo industrial Fábrica de Fábricas "Hugo Chávez Frías", realizó visita institucional a éste complejo industrial. https://t.co/HeWtgoY59m
1442972161249972228, 2443093152, 2021-09-28T21:59:07.000Z, RT @AnibalBritoHer1: Efectué visita al Complejo Industrial Fábrica de Fábricas Hugo Chávez Frías, ubicada en el Municipio Anaco, estado Anz…
1442972206519099397, 2443093152, 2021-09-28T21:59:17.000Z, RT @viceplani_mppd: 1/2 El Alm @AnibalBritoHer1 Viceministro de Planificacion y Desarrollo para la Defensa, en compañía del Ing. Leonel Rod…
1442974587713736704, 2981324458, 2021-09-28T22:08:45.000Z, RT @AnibalBritoHer1: Efectué visita al Complejo Industrial Fábrica de Fábricas Hugo Chávez Frías, ubicada en el Municipio Anaco, estado Anz…
1442974766625804292, 152682885, 2021-09-28T22:09:28.000Z, RT @viceplani_mppd: 1/2 El Alm @AnibalBritoHer1 Viceministro de Planificacion y Desarrollo para la Defensa, en compañía del Ing. Leonel Rod…
1442974768009973760, 2981324458, 2021-09-28T22:09:28.000Z, RT @viceplani_mppd: 1/2 El Alm @AnibalBritoHer1 Viceministro de Planificacion y Desarrollo para la Defensa, en compañía del Ing. Leonel Rod…
1442975642602049537, 1214156294, 2021-09-28T22:12:57.000Z, RT @viceplani_mppd: 1/2 El Alm @AnibalBritoHer1 Viceministro de Planificacion y Desarrollo para la Defensa, en compañía del Ing. Leonel Rod…
1442976404870623236, 1312107444756197377, 2021-09-28T22:15:58.000Z, RT @AnibalBritoHer1: Efectué visita al Complejo Industrial Fábrica de Fábricas Hugo Chávez Frías, ubicada en el Municipio Anaco, estado Anz…
1442984245870223364, 157808437, 2021-09-28T22:47:08.000Z, RT @AnibalBritoHer1: Efectué visita al Complejo Industrial Fábrica de Fábricas Hugo Chávez Frías, ubicada en el Municipio Anaco, estado Anz…
1442985411526156289, 122847625, 2021-09-28T22:51:46.000Z, RT @AnibalBritoHer1: Efectué visita al Complejo Industrial Fábrica de Fábricas Hugo Chávez Frías, ubicada en el Municipio Anaco, estado Anz…
1442985881917276161, 1023222308419321856, 2021-09-28T22:53:38.000Z, RT @viceplani_mppd: 1/2 El Alm @AnibalBritoHer1 Viceministro de Planificacion y Desarrollo para la Defensa, en compañía del Ing. Leonel Rod…
1442985968047325191, 1023222308419321856, 2021-09-28T22:53:58.000Z, RT @AnibalBritoHer1: Efectué visita al Complejo Industrial Fábrica de Fábricas Hugo Chávez Frías, ubicada en el Municipio Anaco, estado Anz…
1443016894173360128, 4860535617, 2021-09-29T00:56:52.000Z, RT @viceplani_mppd: 1/2 El Alm @AnibalBritoHer1 Viceministro de Planificacion y Desarrollo para la Defensa, en compañía del Ing. Leonel Rod…
1443017056018997251, 4860535617, 2021-09-29T00:57:30.000Z, RT @AnibalBritoHer1: Efectué visita al Complejo Industrial Fábrica de Fábricas Hugo Chávez Frías, ubicada en el Municipio Anaco, estado Anz…
1443017200814669828, 1440460689349353481, 2021-09-29T00:58:05.000Z, RT @AnibalBritoHer1: Efectué visita al Complejo Industrial Fábrica de Fábricas Hugo Chávez Frías, ubicada en el Municipio Anaco, estado Anz…
1443017201422852096, 1440460689349353481, 2021-09-29T00:58:05.000Z, RT @viceplani_mppd: 1/2 El Alm @AnibalBritoHer1 Viceministro de Planificacion y Desarrollo para la Defensa, en compañía del Ing. Leonel Rod…
1443017460937068549, 1305248137448239106, 2021-09-29T00:59:07.000Z, RT @AnibalBritoHer1: Efectué visita al Complejo Industrial Fábrica de Fábricas Hugo Chávez Frías, ubicada en el Municipio Anaco, estado Anz…
1443018108952879116, 4872934420, 2021-09-29T01:01:41.000Z, RT @AnibalBritoHer1: Efectué visita al Complejo Industrial Fábrica de Fábricas Hugo Chávez Frías, ubicada en el Municipio Anaco, estado Anz…
1443023060014145538, 1717015442, 2021-09-29T01:21:22.000Z, RT @AnibalBritoHer1: Efectué visita al Complejo Industrial Fábrica de Fábricas Hugo Chávez Frías, ubicada en el Municipio Anaco, estado Anz…
1443032071614734337, 1254231091, 2021-09-29T01:57:10.000Z, RT @AnibalBritoHer1: Efectué visita al Complejo Industrial Fábrica de Fábricas Hugo Chávez Frías, ubicada en el Municipio Anaco, estado Anz…
1443036320209719299, 131656710, 2021-09-29T02:14:03.000Z, RT @AnibalBritoHer1: Efectué visita al Complejo Industrial Fábrica de Fábricas Hugo Chávez Frías, ubicada en el Municipio Anaco, estado Anz…
1443041458127261697, 1228688204779474950, 2021-09-29T02:34:28.000Z, RT @AnibalBritoHer1: Efectué visita al Complejo Industrial Fábrica de Fábricas Hugo Chávez Frías, ubicada en el Municipio Anaco, estado Anz…
1443042409756119043, 2853435274, 2021-09-29T02:38:15.000Z, RT @AnibalBritoHer1: Efectué visita al Complejo Industrial Fábrica de Fábricas Hugo Chávez Frías, ubicada en el Municipio Anaco, estado Anz…
1443042805186760709, 119463168, 2021-09-29T02:39:49.000Z, RT @AnibalBritoHer1: Efectué visita al Complejo Industrial Fábrica de Fábricas Hugo Chávez Frías, ubicada en el Municipio Anaco, estado Anz…
1443068230281711619, 1299437392793948160, 2021-09-29T04:20:51.000Z, RT @AnibalBritoHer1: Efectué visita al Complejo Industrial Fábrica de Fábricas Hugo Chávez Frías, ubicada en el Municipio Anaco, estado Anz…
1443068530627317762, 1299437392793948160, 2021-09-29T04:22:03.000Z, RT @viceplani_mppd: 1/2 El Alm @AnibalBritoHer1 Viceministro de Planificacion y Desarrollo para la Defensa, en compañía del Ing. Leonel Rod…
1443088584773443585, 1152618673019994112, 2021-09-29T05:41:44.000Z, RT @viceplani_mppd: 1/2 El Alm @AnibalBritoHer1 Viceministro de Planificacion y Desarrollo para la Defensa, en compañía del Ing. Leonel Rod…
1443110413424603145, 1436868393928466437, 2021-09-29T07:08:28.000Z, RT @AnibalBritoHer1: Efectué visita al Complejo Industrial Fábrica de Fábricas Hugo Chávez Frías, ubicada en el Municipio Anaco, estado Anz…
1443163860601655301, 1427391743494873093, 2021-09-29T10:40:51.000Z, RT @AnibalBritoHer1: Efectué visita al Complejo Industrial Fábrica de Fábricas Hugo Chávez Frías, ubicada en el Municipio Anaco, estado Anz…
1443163929933385735, 1436668373329403906, 2021-09-29T10:41:08.000Z, RT @AnibalBritoHer1: Efectué visita al Complejo Industrial Fábrica de Fábricas Hugo Chávez Frías, ubicada en el Municipio Anaco, estado Anz…
1443165012718202890, 157808437, 2021-09-29T10:45:26.000Z, RT @viceplani_mppd: 1/2 El Alm @AnibalBritoHer1 Viceministro de Planificacion y Desarrollo para la Defensa, en compañía del Ing. Leonel Rod…
1443179732787474435, 3806397023, 2021-09-29T11:43:55.000Z, RT @AnibalBritoHer1: Efectué visita al Complejo Industrial Fábrica de Fábricas Hugo Chávez Frías, ubicada en el Municipio Anaco, estado Anz…
1443199111835099140, 1082306347092402176, 2021-09-29T13:00:56.000Z, RT @AnibalBritoHer1: Efectué visita al Complejo Industrial Fábrica de Fábricas Hugo Chávez Frías, ubicada en el Municipio Anaco, estado Anz…
1443199320359112714, 1433634827409018882, 2021-09-29T13:01:45.000Z, RT @AnibalBritoHer1: Efectué visita al Complejo Industrial Fábrica de Fábricas Hugo Chávez Frías, ubicada en el Municipio Anaco, estado Anz…
1443201164984651776, 1082306347092402176, 2021-09-29T13:09:05.000Z, RT @viceplani_mppd: 1/2 El Alm @AnibalBritoHer1 Viceministro de Planificacion y Desarrollo para la Defensa, en compañía del Ing. Leonel Rod…
1443205634762153989, 2188939100, 2021-09-29T13:26:51.000Z, RT @AnibalBritoHer1: Efectué visita al Complejo Industrial Fábrica de Fábricas Hugo Chávez Frías, ubicada en el Municipio Anaco, estado Anz…
1443216213992161280, 1433157406549331969, 2021-09-29T14:08:53.000Z, RT @AnibalBritoHer1: Efectué visita al Complejo Industrial Fábrica de Fábricas Hugo Chávez Frías, ubicada en el Municipio Anaco, estado Anz…
1443228678977200132, 386018793, 2021-09-29T14:58:25.000Z, RT @viceplani_mppd: 1/2 El Alm @AnibalBritoHer1 Viceministro de Planificacion y Desarrollo para la Defensa, en compañía del Ing. Leonel Rod…
1443229113142153219, 386018793, 2021-09-29T15:00:09.000Z, RT @AnibalBritoHer1: Efectué visita al Complejo Industrial Fábrica de Fábricas Hugo Chávez Frías, ubicada en el Municipio Anaco, estado Anz…
1443254693505949702, 1362893826822668288, 2021-09-29T16:41:47.000Z, RT @AnibalBritoHer1: Efectué visita al Complejo Industrial Fábrica de Fábricas Hugo Chávez Frías, ubicada en el Municipio Anaco, estado Anz…
1443268939409248257, 1442330761810481158, 2021-09-29T17:38:24.000Z, RT @AnibalBritoHer1: Efectué visita al Complejo Industrial Fábrica de Fábricas Hugo Chávez Frías, ubicada en el Municipio Anaco, estado Anz…
1443291623631249409, 1407387068783906817, 2021-09-29T19:08:32.000Z, RT @AnibalBritoHer1: Efectué visita al Complejo Industrial Fábrica de Fábricas Hugo Chávez Frías, ubicada en el Municipio Anaco, estado Anz…
1443299929028382720, 456794981, 2021-09-29T19:41:32.000Z, El Sereno, CA (#CHP) | "'Leonel Chavez was unarmed and unjustifiably shot and killed by CHP officers,' the attorney statement said... the California Department of Justice is investigating the shooting" https://t.co/HXjYAn7yyg
1443312201763282949, 1427373821460418561, 2021-09-29T20:30:19.000Z, RT @AnibalBritoHer1: Efectué visita al Complejo Industrial Fábrica de Fábricas Hugo Chávez Frías, ubicada en el Municipio Anaco, estado Anz…
1443316183575502853, 60385710, 2021-09-29T20:46:08.000Z, RT @AnibalBritoHer1: Efectué visita al Complejo Industrial Fábrica de Fábricas Hugo Chávez Frías, ubicada en el Municipio Anaco, estado Anz…
1443329627599118336, 2896782917, 2021-09-29T21:39:33.000Z, El Alcalde Ing. Duval Valeriano junto con el concejal Ing. José Huerta y los Directores Ing. José Velázquez de Obras Públicas, Arq. Leonel Chavez de Planificación sostuvieron una reunión con el Eco. Fabián Carrillo Jaramillo Gerente General del Banco de Desarrollo del Ecuador https://t.co/Itwo8k9EZe
1443330858564390916, 910228614997843979, 2021-09-29T21:44:27.000Z, RT @AnibalBritoHer1: Efectué visita al Complejo Industrial Fábrica de Fábricas Hugo Chávez Frías, ubicada en el Municipio Anaco, estado Anz…
1443332486566711301, 3394087343, 2021-09-29T21:50:55.000Z, RT @viceplani_mppd: 1/2 El Alm @AnibalBritoHer1 Viceministro de Planificacion y Desarrollo para la Defensa, en compañía del Ing. Leonel Rod…
1443333003015503880, 3394087343, 2021-09-29T21:52:58.000Z, RT @AnibalBritoHer1: Efectué visita al Complejo Industrial Fábrica de Fábricas Hugo Chávez Frías, ubicada en el Municipio Anaco, estado Anz…
1443341322660708356, 456794981, 2021-09-29T22:26:01.000Z, RT @OLAASM: El Sereno, CA (#CHP) | "'Leonel Chavez was unarmed and unjustifiably shot and killed by CHP officers,' the attorney statement s…
1443355876748791810, 41418040, 2021-09-29T23:23:51.000Z, Attorneys for Leonel Chavez’s family say he was unarmed and posed no threat to CHP officers when those officers shot him multiple times resulted in his death after a traffic collision Tuesday. Attorney General is investigating.
1443356807359991808, 41418040, 2021-09-29T23:27:33.000Z, When it comes to fatal shootings by its officers the California Highway Patrol says less than other police agencies. Beyond saying they shot Leonel Chavez after officers arrived at a traffic collision, the agency has given any other info despite his family saying he was unarmed
1443357601413013505, 1013656510776336384, 2021-09-29T23:30:43.000Z, RT @LAcrimes: When it comes to fatal shootings by its officers the California Highway Patrol says less than other police agencies. Beyond s…
1443366724439404545, 30130169, 2021-09-30T00:06:58.000Z, .@AGRobBonta says he's opened an investigation into the @CHP East LA fatal shooting of Leonel Chavez, 24, who was unarmed, per new state law AB1506. "They panicked, they overreacted," says his family's attorney Humberto Guizar. https://t.co/kMOn7rPLrK
1443368354899656705, 1282545384, 2021-09-30T00:13:26.000Z, CHP Killing of Unarmed Man in East LA Under State Investigation | LAist https://t.co/CCpRsAn3XH
1443373079082700806, 6487292, 2021-09-30T00:32:13.000Z, The family of the man who was killed — 24-year-old Leonel Chavez — plans to file a complaint, according to its lawyer, Humberto Guizar. A complaint is a precursor to a wrongful death lawsuit. https://t.co/pld0npkgLD
1443373107364995072, 12804312, 2021-09-30T00:32:20.000Z, The family of the man who was killed — 24-year-old Leonel Chavez — plans to file a complaint, according to its lawyer, Humberto Guizar. A complaint is a precursor to a wrongful death lawsuit. https://t.co/vNYgmFUhq3
1443373262457745415, 2654460900, 2021-09-30T00:32:57.000Z, RT @LAist: The family of the man who was killed — 24-year-old Leonel Chavez — plans to file a complaint, according to its lawyer, Humberto…
1443373288433012739, 19374709, 2021-09-30T00:33:03.000Z, RT @KPCC: The family of the man who was killed — 24-year-old Leonel Chavez — plans to file a complaint, according to its lawyer, Humberto G…
1443377064766164992, 14948971, 2021-09-30T00:48:03.000Z, CHP Killing of Unarmed Man in East LA Under State Investigation https://t.co/3KPrBOd9IW
1443383129041821699, 853489265409351680, 2021-09-30T01:12:09.000Z, RT @LAist: The family of the man who was killed — 24-year-old Leonel Chavez — plans to file a complaint, according to its lawyer, Humberto…
1443390645209497604, 778700704990978048, 2021-09-30T01:42:01.000Z, RT @LAcrimes: Attorneys for Leonel Chavez’s family say he was unarmed and posed no threat to CHP officers when those officers shot him mult…
1443404358566047744, 394343311, 2021-09-30T02:36:30.000Z, RT @LAist: The family of the man who was killed — 24-year-old Leonel Chavez — plans to file a complaint, according to its lawyer, Humberto…
1443408432766193664, 1630851128, 2021-09-30T02:52:42.000Z, RT @LAcrimes: When it comes to fatal shootings by its officers the California Highway Patrol says less than other police agencies. Beyond s…
1443408499455655944, 1630851128, 2021-09-30T02:52:58.000Z, RT @LAcrimes: Attorneys for Leonel Chavez’s family say he was unarmed and posed no threat to CHP officers when those officers shot him mult…
1443416422550548484, 859489107189346305, 2021-09-30T03:24:27.000Z, RT @OLAASM: El Sereno, CA (#CHP) | "'Leonel Chavez was unarmed and unjustifiably shot and killed by CHP officers,' the attorney statement s…
1443417628387774465, 1152618673019994112, 2021-09-30T03:29:14.000Z, RT @AnibalBritoHer1: Efectué visita al Complejo Industrial Fábrica de Fábricas Hugo Chávez Frías, ubicada en el Municipio Anaco, estado Anz…
1443437738552803330, 10938752, 2021-09-30T04:49:09.000Z, RT @StoltzeFrankly: .@AGRobBonta says he's opened an investigation into the @CHP East LA fatal shooting of Leonel Chavez, 24, who was unarm…
1443438911582212099, 289058999, 2021-09-30T04:53:48.000Z, RT @StoltzeFrankly: .@AGRobBonta says he's opened an investigation into the @CHP East LA fatal shooting of Leonel Chavez, 24, who was unarm…
1443515054511562752, 1406203984210186242, 2021-09-30T09:56:22.000Z, RT @AnibalBritoHer1: Efectué visita al Complejo Industrial Fábrica de Fábricas Hugo Chávez Frías, ubicada en el Municipio Anaco, estado Anz…
1443515096228114432, 1404815191141978112, 2021-09-30T09:56:32.000Z, RT @AnibalBritoHer1: Efectué visita al Complejo Industrial Fábrica de Fábricas Hugo Chávez Frías, ubicada en el Municipio Anaco, estado Anz…
1443551903095341063, 891838094, 2021-09-30T12:22:48.000Z, RT @AnibalBritoHer1: Efectué visita al Complejo Industrial Fábrica de Fábricas Hugo Chávez Frías, ubicada en el Municipio Anaco, estado Anz…
1443575154353704963, 1346618752134164481, 2021-09-30T13:55:11.000Z, RT @KPCC: The family of the man who was killed — 24-year-old Leonel Chavez — plans to file a complaint, according to its lawyer, Humberto G…
1443634961664421889, 1365405281253879810, 2021-09-30T17:52:50.000Z, Justice &amp; Funeral cost for Leonel Chavez https://t.co/nZ4mligfqr.        #boyleheights
1443645016962908164, 304855409, 2021-09-30T18:32:48.000Z, The young man shot and killed by @CHP_EastLA officers on Tuesday was a resident of Ramona Gardens in #BoyleHeights, and now the family of Leonel Chávez plans to file a complaint, preliminary to a wrongful death lawsuit. Story by @StoltzeFrankly for @LAist https://t.co/I45sNv2VXl
1443656476531167233, 21809306, 2021-09-30T19:18:20.000Z, RT @boyleheightsbt: The young man shot and killed by @CHP_EastLA officers on Tuesday was a resident of Ramona Gardens in #BoyleHeights, and…
1443672809029386246, 1253815325474336770, 2021-09-30T20:23:14.000Z, RT @viceplani_mppd: 1/2 El Alm @AnibalBritoHer1 Viceministro de Planificacion y Desarrollo para la Defensa, en compañía del Ing. Leonel Rod…
1443775179507732489, 1276930864316735489, 2021-10-01T03:10:01.000Z, Justice for Leonel Chavez. #JusticeForLeo https://t.co/MwGuJziO83
1443776073133694978, 1182522337079562241, 2021-10-01T03:13:34.000Z, https://t.co/VGREXxwODD
1443889265386172419, 1365405281253879810, 2021-10-01T10:43:21.000Z, https://t.co/QYVi44LnO0 #GoFundMe Leo Chavez justice #justiceforleochavez
1444089445016293381, 326615118, 2021-10-01T23:58:48.000Z, @OmarLFernandez @ListinDiario No me sorprende verte abogar por soluciones pacíficas, pues lo llevas en los genes. La inolvidable Cumbre de Río es inspiración para quienes amamos la diplomacia: Leonel Fernández unió a Uribe, Chávez y Correa👋. Cuando el conflicto se endurece, la mediación debe protagonizar🇩🇴👌
1444090533991833600, 1145098231656960000, 2021-10-02T00:03:07.000Z, RT @LeonorZacarias: @OmarLFernandez @ListinDiario No me sorprende verte abogar por soluciones pacíficas, pues lo llevas en los genes. La in…
1444143645959983108, 1287438630974152704, 2021-10-02T03:34:10.000Z, RT @KPCC: The family of the man who was killed — 24-year-old Leonel Chavez — plans to file a complaint, according to its lawyer, Humberto G…
1445082874873630724, 1365405281253879810, 2021-10-04T17:46:20.000Z, Click here to support Justice &amp; Funeral cost for Leonel Chavez organized by Maritza Padilla https://t.co/JNuUH2zQTI #GoFundMe #justiceforleochavez
1445092517129687057, 93471556, 2021-10-04T18:24:39.000Z, @GallitoVip Tom Brady Michael Jordan Rafael Nadal Fernando Valenzuela  Leonel Messi Julio César Chávez Ídolo: Ayrton Senna
1445106061648801795, 1365405281253879810, 2021-10-04T19:18:28.000Z, RT @boyleheightsbt: The young man shot and killed by @CHP_EastLA officers on Tuesday was a resident of Ramona Gardens in #BoyleHeights, and…
1445133697548800008, 384583977, 2021-10-04T21:08:17.000Z, @GallitoVip 🏀 - Michael Jordan  ⚾️ - Hank Aaron 🏈 - Joe Montaña 🎾 - Roger Federer ⚽️ - Leonel Messi  🥊 - Julio Cesar Chavez ⭐️ Idolo - Ronaldo ( el gordo)
1445216206957465603, 1418294078559641601, 2021-10-05T02:36:09.000Z, Leonel no creo que exista el  "Chavismo" Creo que aún existe CHÁVEZ, y mientras él exista, existe la LUCHA, LA BATALLA Y LA VICTORIA. ¡Unidos, Nosotros Venceremos! https://t.co/xUGJdPbD2t
1445216679248728070, 1029477433, 2021-10-05T02:38:01.000Z, RT @YuryHdz08: Leonel no creo que exista el  "Chavismo" Creo que aún existe CHÁVEZ, y mientras él exista, existe la LUCHA, LA BATALLA Y LA…
1445217962856697862, 1373622082374930434, 2021-10-05T02:43:07.000Z, RT @YuryHdz08: Leonel no creo que exista el  "Chavismo" Creo que aún existe CHÁVEZ, y mientras él exista, existe la LUCHA, LA BATALLA Y LA…
1445222011316363264, 4114402894, 2021-10-05T02:59:13.000Z, RT @YuryHdz08: Leonel no creo que exista el  "Chavismo" Creo que aún existe CHÁVEZ, y mientras él exista, existe la LUCHA, LA BATALLA Y LA…
1445231436206911492, 1688523024, 2021-10-05T03:36:40.000Z, RT @YuryHdz08: Leonel no creo que exista el  "Chavismo" Creo que aún existe CHÁVEZ, y mientras él exista, existe la LUCHA, LA BATALLA Y LA…
1445327969883410435, 9648652, 2021-10-05T10:00:15.000Z, A man was shot and killed by a highway patrol officer in the El Sereno area. Now, his family is calling for justice.  https://t.co/3Vosd7mRB2
1445390230979321860, 546624622, 2021-10-05T14:07:39.000Z, RT @FOXLA: A man was shot and killed by a highway patrol officer in the El Sereno area. Now, his family is calling for justice.  https://t.…
1445458711791603718, 1323429912967929858, 2021-10-05T18:39:46.000Z, RT @FOXLA: A man was shot and killed by a highway patrol officer in the El Sereno area. Now, his family is calling for justice.  https://t.…
1445490253628805120, 9648652, 2021-10-05T20:45:07.000Z, A man was shot and killed by a highway patrol officer in the El Sereno area. Now, his family is calling for justice.  https://t.co/yNIBKjMrhS
1445494386125541382, 2157244796, 2021-10-05T21:01:32.000Z, RT @FOXLA: A man was shot and killed by a highway patrol officer in the El Sereno area. Now, his family is calling for justice.  https://t.…
1445518766087950336, 408920416, 2021-10-05T22:38:24.000Z, RT @FOXLA: A man was shot and killed by a highway patrol officer in the El Sereno area. Now, his family is calling for justice.  https://t.…
1445543098470187025, 152142811, 2021-10-06T00:15:06.000Z, 🎥 Nuevo video revela que el joven latino al que la policía disparó en #California no estaba armado.  “Quiero justicia, quiero que castiguen al policía que mató a mi hijo”, dijo Maritza Padilla, madre de Leonel Chávez.  https://t.co/F4B6ZZonpF
1445553493620654084, 807561947508051968, 2021-10-06T00:56:24.000Z, RT @TelemundoNews: 🎥 Nuevo video revela que el joven latino al que la policía disparó en #California no estaba armado.  “Quiero justicia, q…
1445554445626982402, 22952132, 2021-10-06T01:00:11.000Z, Nuevo video revela que el joven latino al que la policía disparó en #California no estaba armado.  “Quiero justicia, quiero que castiguen al policía que mató a mi hijo”, dijo Maritza Padilla, madre de Leonel Chávez.  👉🏻 https://t.co/UL3qSYr5rg  #Noticias vía @TelemundoNews https://t.co/nHkptI0Gs6
1445554670789824515, 4379037253, 2021-10-06T01:01:05.000Z, RT @Telemundo: Nuevo video revela que el joven latino al que la policía disparó en #California no estaba armado.  “Quiero justicia, quiero…
1445554926105477126, 1436499419134824451, 2021-10-06T01:02:06.000Z, RT @Telemundo: Nuevo video revela que el joven latino al que la policía disparó en #California no estaba armado.  “Quiero justicia, quiero…
1445555481276137474, 1191381289108201472, 2021-10-06T01:04:18.000Z, RT @Telemundo: Nuevo video revela que el joven latino al que la policía disparó en #California no estaba armado.  “Quiero justicia, quiero…
1445556174825349120, 3121728123, 2021-10-06T01:07:03.000Z, RT @Telemundo: Nuevo video revela que el joven latino al que la policía disparó en #California no estaba armado.  “Quiero justicia, quiero…
1445556928780939264, 41820310, 2021-10-06T01:10:03.000Z, Nuevo video revela que el joven latino al que la policía disparó en #California no estaba armado.  “Quiero justicia, quiero que castiguen al policía que mató a mi hijo”, dijo Maritza Padilla, madre de Leonel Chávez.  Más detalles 👉🏻 https://t.co/g7E2648VEn https://t.co/5cQ1xhld60
1445564599575605261, 1689912024, 2021-10-06T01:40:32.000Z, RT @Telemundo: Nuevo video revela que el joven latino al que la policía disparó en #California no estaba armado.  “Quiero justicia, quiero…
1445565595336863753, 733551276, 2021-10-06T01:44:29.000Z, RT @Telemundo: Nuevo video revela que el joven latino al que la policía disparó en #California no estaba armado.  “Quiero justicia, quiero…
1445623069746237446, 1408233566476009474, 2021-10-06T05:32:52.000Z, RT @FOXLA: A man was shot and killed by a highway patrol officer in the El Sereno area. Now, his family is calling for justice.  https://t.…
1445625842848047115, 1408233566476009474, 2021-10-06T05:43:54.000Z, @LAPDPIO @LAPDHQ https://t.co/yUHc8ZwJkw
1445626001233383427, 1408233566476009474, 2021-10-06T05:44:31.000Z, @CBSLA https://t.co/yUHc8ZwJkw
1445627976884756484, 1408233566476009474, 2021-10-06T05:52:22.000Z, @kevrector https://t.co/yUHc8ZwJkw
1446526206996893698, 1359538113677316098, 2021-10-08T17:21:37.000Z, RT @AnibalBritoHer1: Efectué visita al Complejo Industrial Fábrica de Fábricas Hugo Chávez Frías, ubicada en el Municipio Anaco, estado Anz…
1446651643647365124, 33884545, 2021-10-09T01:40:03.000Z, ▶ "Me mataron en vida": la familia de Leonel Chávez, el joven latino que murió a manos de agentes de la Patrulla de Caminos de California, asegura que él no estaba armado. Este es el testimonio. https://t.co/S8o762FD8E
1446651845699686403, 1410536080949002244, 2021-10-09T01:40:52.000Z, RT @CNNEE: ▶ "Me mataron en vida": la familia de Leonel Chávez, el joven latino que murió a manos de agentes de la Patrulla de Caminos de C…
1446652044744527881, 218975089, 2021-10-09T01:41:39.000Z, RT @CNNEE: ▶ "Me mataron en vida": la familia de Leonel Chávez, el joven latino que murió a manos de agentes de la Patrulla de Caminos de C…
1446652468666961920, 81683723, 2021-10-09T01:43:20.000Z, RT @CNNEE: ▶ "Me mataron en vida": la familia de Leonel Chávez, el joven latino que murió a manos de agentes de la Patrulla de Caminos de C…
1446652786083569666, 606573794, 2021-10-09T01:44:36.000Z, RT @CNNEE: ▶ "Me mataron en vida": la familia de Leonel Chávez, el joven latino que murió a manos de agentes de la Patrulla de Caminos de C…
1446653167383482370, 286209594, 2021-10-09T01:46:07.000Z, RT @CNNEE: ▶ "Me mataron en vida": la familia de Leonel Chávez, el joven latino que murió a manos de agentes de la Patrulla de Caminos de C…
1446653206528856068, 778761518439477248, 2021-10-09T01:46:16.000Z, RT @CNNEE: ▶ "Me mataron en vida": la familia de Leonel Chávez, el joven latino que murió a manos de agentes de la Patrulla de Caminos de C…
1446653780800454657, 143558415, 2021-10-09T01:48:33.000Z, RT @CNNEE: ▶ "Me mataron en vida": la familia de Leonel Chávez, el joven latino que murió a manos de agentes de la Patrulla de Caminos de C…
1446654072883453953, 1385980135661346817, 2021-10-09T01:49:43.000Z, RT @CNNEE: ▶ "Me mataron en vida": la familia de Leonel Chávez, el joven latino que murió a manos de agentes de la Patrulla de Caminos de C…
1446654696052170752, 1415809086701162502, 2021-10-09T01:52:11.000Z, RT @CNNEE: ▶ "Me mataron en vida": la familia de Leonel Chávez, el joven latino que murió a manos de agentes de la Patrulla de Caminos de C…
1446656010458959879, 945412327750422529, 2021-10-09T01:57:25.000Z, RT @CNNEE: ▶ "Me mataron en vida": la familia de Leonel Chávez, el joven latino que murió a manos de agentes de la Patrulla de Caminos de C…
1446656784870084608, 253061056, 2021-10-09T02:00:29.000Z, RT @CNNEE: ▶ "Me mataron en vida": la familia de Leonel Chávez, el joven latino que murió a manos de agentes de la Patrulla de Caminos de C…
1446661710945861632, 3002554243, 2021-10-09T02:20:04.000Z, RT @CNNEE: ▶ "Me mataron en vida": la familia de Leonel Chávez, el joven latino que murió a manos de agentes de la Patrulla de Caminos de C…
1446662708057673731, 2229216114, 2021-10-09T02:24:01.000Z, RT @CNNEE: ▶ "Me mataron en vida": la familia de Leonel Chávez, el joven latino que murió a manos de agentes de la Patrulla de Caminos de C…
1446667358660083713, 1306018973629263872, 2021-10-09T02:42:30.000Z, RT @CNNEE: ▶ "Me mataron en vida": la familia de Leonel Chávez, el joven latino que murió a manos de agentes de la Patrulla de Caminos de C…
1446671703225032705, 1368639027671351299, 2021-10-09T02:59:46.000Z, RT @CNNEE: ▶ "Me mataron en vida": la familia de Leonel Chávez, el joven latino que murió a manos de agentes de la Patrulla de Caminos de C…
1446680549372932097, 1337460270, 2021-10-09T03:34:55.000Z, RT @CNNEE: ▶ "Me mataron en vida": la familia de Leonel Chávez, el joven latino que murió a manos de agentes de la Patrulla de Caminos de C…
1446686514226901000, 1277354039487926273, 2021-10-09T03:58:37.000Z, RT @CNNEE: ▶ "Me mataron en vida": la familia de Leonel Chávez, el joven latino que murió a manos de agentes de la Patrulla de Caminos de C…
1446837800213561350, 1142824552549847040, 2021-10-09T13:59:47.000Z, RT @CNNEE: ▶ "Me mataron en vida": la familia de Leonel Chávez, el joven latino que murió a manos de agentes de la Patrulla de Caminos de C…
1446962865420767242, 111028556, 2021-10-09T22:16:45.000Z, RT @CNNEE: ▶ "Me mataron en vida": la familia de Leonel Chávez, el joven latino que murió a manos de agentes de la Patrulla de Caminos de C…
1447265331362373642, 1121261614269902853, 2021-10-10T18:18:38.000Z, https://t.co/BDeNnRffJ7 U.S.A&amp;GOD VIEW LINK on MORE EVIDENCE sworn oath POLICE KILLING BLACKS&amp;MINORITIES mirroring GOD&amp;U.S GOVs NOT RUSHING in ILLEGALLY LEGALLY JUDGING&amp;PUNISHING POLICE as wit me 4 OWE 32yrs RIGHTEOUS LEGAL REDRESS RITE GOD&amp;U.S GOVs as 5% POLICE rarely PROSECUTED
1447608311671631880, 1121261614269902853, 2021-10-11T17:01:31.000Z, RT @JamesCAMobley7: https://t.co/BDeNnRffJ7 U.S.A&amp;GOD VIEW LINK on MORE EVIDENCE sworn oath POLICE KILLING BLACKS&amp;MINORITIES mirroring GOD&amp;…
