id, author_id, created_at, text
1099008190610579456, 3004163176, 2019-02-22T18:09:05.000Z, Grissom vs John Carrol tied 1-1 at halftime. Andre Potts scored for the Tigers #ONEtiger...ManyStripes #GHSletsGO #WeAreGrissom
1099018757819822081, 3004163176, 2019-02-22T18:51:05.000Z, Island Cup Game 1: Grissom 6 John Carroll 2. Goals: Andre Potts 2, James Balogun 3, Aidan Cleary #ONEtiger...ManyStripes #Road2JohnHunt #WeAreGrissom https://t.co/XRzNIS0NyI
1099026550459166721, 2326466961, 2019-02-22T19:22:03.000Z, RT @GHSMensSoccer: Island Cup Game 1: Grissom 6 John Carroll 2. Goals: Andre Potts 2, James Balogun 3, Aidan Cleary #ONEtiger...ManyStripes…
1099074004852326400, 3004163176, 2019-02-22T22:30:37.000Z, Grissom leads James Clemens 2-0 at halftime. Goals: Andre Potts, James Balogun #ONEtiger...ManyStripes #GHSletsGO #WeAreGrissom https://t.co/7ntHnvEFxu
1099085220412882944, 3004163176, 2019-02-22T23:15:11.000Z, Island Cup Game 2: Grissom 2 James Clemens 0. Goals: Andre Potts, James Balogun #ONEtiger...ManyStripes #GHSletsGO #WeAreGrissom https://t.co/biugJrjeJg
1099329368805916679, 2326466961, 2019-02-23T15:25:20.000Z, RT @GHSMensSoccer: Island Cup Game 2: Grissom 2 James Clemens 0. Goals: Andre Potts, James Balogun #ONEtiger...ManyStripes #GHSletsGO #WeAr…
