id, author_id, created_at, text
639108367571656704, 114844202, 2015-09-02T16:11:23.000Z, Today on #VJDay @RepDanRamos honors Ohio's highest ranking serviceman Fleet Admiral Ernest J. King w new bill. MORE: http://t.co/5a2TfayPgj
639132552129720320, 1618416878, 2015-09-02T17:47:29.000Z, Ernest Ramos, 25 http://t.co/SfsTSq2VVk
639140852749627393, 447804471, 2015-09-02T18:20:28.000Z, Ernest Ramos, 25:  Ernest Ramos, a 25-year-old Latino male, died Tuesday, Sept. 1, after being shot in Commerc... http://t.co/R5sL7InatA
639140856985862144, 441187574, 2015-09-02T18:20:29.000Z, Ernest Ramos, 25:  Ernest Ramos, a 25-year-old Latino male, died Tuesday, Sept. 1, after being shot in Commerc... http://t.co/OmFGN63uXN
639140859464683520, 733264453, 2015-09-02T18:20:30.000Z, Ernest Ramos, 25:  Ernest Ramos, a 25-year-old Latino male, died Tuesday, Sept. 1, after being shot in Commerc... http://t.co/2KB07sT9cU
