id, author_id, created_at, text
1470058458389094403, 1351251505454731267, 2021-12-12T15:50:23.000Z, @MayfieldSport Antonio Freeman, Santana Dotson. C'mon man!!
1470863564156063746, 18785182, 2021-12-14T21:09:35.000Z, I chat with Austin Spurs' Dotson on his takeaways on Spurs rookie Wieskamp 👇👇👇👇  'He's very smart' | Austin Spurs player notes rookie Joe Wieskamp's well-rounded game https://t.co/wm1X2j4meF #nba75 #porvida #nbatwitter @austin_spurs
1470863587270963210, 779766382724395008, 2021-12-14T21:09:41.000Z, RT @JeffGSpursZone: I chat with Austin Spurs' Dotson on his takeaways on Spurs rookie Wieskamp 👇👇👇👇  'He's very smart' | Austin Spurs playe…
1470876254945505284, 18785182, 2021-12-14T22:00:01.000Z, I chat with Austin Spurs' Dotson on his takeaways on Spurs rookie Wieskamp 👇👇👇👇  'He's very smart' | Austin Spurs player notes rookie Joe Wieskamp's well-rounded game https://t.co/wm1X2iMKQ5 #nba75 #porvida #nbatwitter
1470909794810830853, 2887699813, 2021-12-15T00:13:17.000Z, RT @JeffGSpursZone: I chat with Austin Spurs' Dotson on his takeaways on Spurs rookie Wieskamp 👇👇👇👇  'He's very smart' | Austin Spurs playe…
1470924319752609800, 1074098680649695233, 2021-12-15T01:11:00.000Z, RT @JeffGSpursZone: I chat with Austin Spurs' Dotson on his takeaways on Spurs rookie Wieskamp 👇👇👇👇  'He's very smart' | Austin Spurs playe…
1471132941401079814, 18785182, 2021-12-15T15:00:00.000Z, I chat with Austin Spurs' Dotson on his takeaways on Spurs rookie Wieskamp 👇👇👇👇  'He's very smart' | Austin Spurs player notes rookie Joe Wieskamp's well-rounded game https://t.co/wm1X2j4meF #nba75 #porvida #nbatwitter
1471133034778931202, 779766382724395008, 2021-12-15T15:00:22.000Z, RT @JeffGSpursZone: I chat with Austin Spurs' Dotson on his takeaways on Spurs rookie Wieskamp 👇👇👇👇  'He's very smart' | Austin Spurs playe…
1471137118978199553, 173698899, 2021-12-15T15:16:36.000Z, RT @JeffGSpursZone: I chat with Austin Spurs' Dotson on his takeaways on Spurs rookie Wieskamp 👇👇👇👇  'He's very smart' | Austin Spurs playe…
1472260811112521732, 1272580766, 2021-12-18T17:41:45.000Z, You fans kill me worrying about the #Steelers draft position lol, Ramon Foster UDFA, Mike Hilton UDFA, Bret Keisel 6th rd draft pick, Antonio Brown 6th rd draft, Kevin Dotson 3rd draft pick 🤣🤣🤣it DOES matter where you draft as long as you select the right player #HereWeGo
1472260942356520969, 1969923769, 2021-12-18T17:42:16.000Z, RT @bigfoots0169: You fans kill me worrying about the #Steelers draft position lol, Ramon Foster UDFA, Mike Hilton UDFA, Bret Keisel 6th rd…
1472261119930769416, 1046834353, 2021-12-18T17:42:58.000Z, RT @bigfoots0169: You fans kill me worrying about the #Steelers draft position lol, Ramon Foster UDFA, Mike Hilton UDFA, Bret Keisel 6th rd…
1472274946663587842, 1444779814192287746, 2021-12-18T18:37:55.000Z, RT @bigfoots0169: You fans kill me worrying about the #Steelers draft position lol, Ramon Foster UDFA, Mike Hilton UDFA, Bret Keisel 6th rd…
1472289196933103622, 227282363, 2021-12-18T19:34:33.000Z, RT @bigfoots0169: You fans kill me worrying about the #Steelers draft position lol, Ramon Foster UDFA, Mike Hilton UDFA, Bret Keisel 6th rd…
1472298554660110342, 1183402627377307649, 2021-12-18T20:11:44.000Z, RT @bigfoots0169: You fans kill me worrying about the #Steelers draft position lol, Ramon Foster UDFA, Mike Hilton UDFA, Bret Keisel 6th rd…
1472302737475788800, 1416567706631819266, 2021-12-18T20:28:21.000Z, RT @bigfoots0169: You fans kill me worrying about the #Steelers draft position lol, Ramon Foster UDFA, Mike Hilton UDFA, Bret Keisel 6th rd…
1472316929889095680, 70051209, 2021-12-18T21:24:45.000Z, RT @bigfoots0169: You fans kill me worrying about the #Steelers draft position lol, Ramon Foster UDFA, Mike Hilton UDFA, Bret Keisel 6th rd…
1472329367338590211, 99512206, 2021-12-18T22:14:10.000Z, RT @bigfoots0169: You fans kill me worrying about the #Steelers draft position lol, Ramon Foster UDFA, Mike Hilton UDFA, Bret Keisel 6th rd…
1472340683008757767, 430869152, 2021-12-18T22:59:08.000Z, RT @bigfoots0169: You fans kill me worrying about the #Steelers draft position lol, Ramon Foster UDFA, Mike Hilton UDFA, Bret Keisel 6th rd…
1472423755997614081, 1394712563598860288, 2021-12-19T04:29:14.000Z, RT @bigfoots0169: You fans kill me worrying about the #Steelers draft position lol, Ramon Foster UDFA, Mike Hilton UDFA, Bret Keisel 6th rd…
1472450410656976898, 1449596770812678147, 2021-12-19T06:15:09.000Z, RT @bigfoots0169: You fans kill me worrying about the #Steelers draft position lol, Ramon Foster UDFA, Mike Hilton UDFA, Bret Keisel 6th rd…
1472501664758251524, 1323443456, 2021-12-19T09:38:49.000Z, RT @bigfoots0169: You fans kill me worrying about the #Steelers draft position lol, Ramon Foster UDFA, Mike Hilton UDFA, Bret Keisel 6th rd…
1472554373360332807, 991924034081316864, 2021-12-19T13:08:16.000Z, RT @bigfoots0169: You fans kill me worrying about the #Steelers draft position lol, Ramon Foster UDFA, Mike Hilton UDFA, Bret Keisel 6th rd…
1472590227470528519, 563318231, 2021-12-19T15:30:44.000Z, RT @bigfoots0169: You fans kill me worrying about the #Steelers draft position lol, Ramon Foster UDFA, Mike Hilton UDFA, Bret Keisel 6th rd…
1473683923272142849, 69584598, 2021-12-22T15:56:41.000Z, What a mighty God we serve! The one who sits outside of time, in order to step in time, to be on time. 🙌🏿🙌🏿🙌🏿  -Antonio Dotson  #Affirmation
1475544182118879242, 123270557, 2021-12-27T19:08:41.000Z, More time to enjoy Cacok, Primo, and Wieskamp in San Antonio. Don't forget, Dotson appears to still be available for the Knicks for a couple of days yet too. #PorVida https://t.co/J9ZAiS4toW
