id, author_id, created_at, text
1121573977628008448, 1055844042259480576, 2019-04-26T00:37:28.000Z, RT @Amaliaa90332393: @lbarrios0123 @martamartinelli La oración tiene poder. Estoy más que segura que así como Dios le está dando esa fuerza…
1121731970092945408, 16794066, 2019-04-26T11:05:17.000Z, Segura essa, ô Flávio! Por Ricardo Noblat  Leia no blog:  https://t.co/U0iwTj7Nm8 via @VEJA
1121732332967407616, 129864435, 2019-04-26T11:06:43.000Z, RT @BlogdoNoblat: Segura essa, ô Flávio! Por Ricardo Noblat  Leia no blog:  https://t.co/U0iwTj7Nm8 via @VEJA
1121735010900434944, 62163715, 2019-04-26T11:17:22.000Z, RT @BlogdoNoblat: Segura essa, ô Flávio! Por Ricardo Noblat  Leia no blog:  https://t.co/U0iwTj7Nm8 via @VEJA
1121741009212379136, 2335867298, 2019-04-26T11:41:12.000Z, RT @BlogdoNoblat: Segura essa, ô Flávio! Por Ricardo Noblat  Leia no blog:  https://t.co/U0iwTj7Nm8 via @VEJA
1121744492627931142, 34805544, 2019-04-26T11:55:02.000Z, RT @BlogdoNoblat: Segura essa, ô Flávio! Por Ricardo Noblat  Leia no blog:  https://t.co/U0iwTj7Nm8 via @VEJA
1121753338750619648, 1077285645230530560, 2019-04-26T12:30:11.000Z, RT @BlogdoNoblat: Segura essa, ô Flávio! Por Ricardo Noblat  Leia no blog:  https://t.co/U0iwTj7Nm8 via @VEJA
1121757962513547264, 3366832907, 2019-04-26T12:48:34.000Z, RT @BlogdoNoblat: Segura essa, ô Flávio! Por Ricardo Noblat  Leia no blog:  https://t.co/U0iwTj7Nm8 via @VEJA
1121779020398583808, 42802926, 2019-04-26T14:12:14.000Z, RT @BlogdoNoblat: Segura essa, ô Flávio! Por Ricardo Noblat  Leia no blog:  https://t.co/U0iwTj7Nm8 via @VEJA
1121833434110922752, 1110571770346684416, 2019-04-26T17:48:28.000Z, La segura victoria cómo alcalde de la ciudad Ricardo Martinelli ha hecho que el ejecutivo tiemble tratando de hacer fraude electoral. #PorMartinelliVotaRómulo https://t.co/qHSj7z8w5f
1121846968165314560, 174099585, 2019-04-26T18:42:14.000Z, @RicardoMoran Felicidades apreciado Ricardo. Todo lo mejor para ti y tus bellos hijos. Estoy segura que serás un buen Padre.
1121855865726881792, 975834610767663104, 2019-04-26T19:17:36.000Z, @RicardoMoran Feliiiicitaciones Ricardo segura q seras un gran padre..!!
1121881236836896769, 1582096009, 2019-04-26T20:58:25.000Z, RICARDO MORAN ES PAPÁ, ME MUERO DE AMOR Y TERNURA, estoy segura que él les enseñará demasiado bien todo acerca de la vida 💕💕💕, felicidades!!!!!! https://t.co/IWhRQQCM04
1121888204238610438, 982051811858272257, 2019-04-26T21:26:06.000Z, RT @harryyftshawnx: RICARDO MORAN ES PAPÁ, ME MUERO DE AMOR Y TERNURA, estoy segura que él les enseñará demasiado bien todo acerca de la vi…
1121894870925365249, 870404812856315909, 2019-04-26T21:52:35.000Z, RT @harryyftshawnx: RICARDO MORAN ES PAPÁ, ME MUERO DE AMOR Y TERNURA, estoy segura que él les enseñará demasiado bien todo acerca de la vi…
1121901147869126656, 2686565526, 2019-04-26T22:17:32.000Z, RT @harryyftshawnx: RICARDO MORAN ES PAPÁ, ME MUERO DE AMOR Y TERNURA, estoy segura que él les enseñará demasiado bien todo acerca de la vi…
1121902378804969473, 2488938608, 2019-04-26T22:22:25.000Z, RT @harryyftshawnx: RICARDO MORAN ES PAPÁ, ME MUERO DE AMOR Y TERNURA, estoy segura que él les enseñará demasiado bien todo acerca de la vi…
1121905209150791685, 985649755035459584, 2019-04-26T22:33:40.000Z, RT @harryyftshawnx: RICARDO MORAN ES PAPÁ, ME MUERO DE AMOR Y TERNURA, estoy segura que él les enseñará demasiado bien todo acerca de la vi…
1121909157743951873, 921481175318908928, 2019-04-26T22:49:21.000Z, RT @harryyftshawnx: RICARDO MORAN ES PAPÁ, ME MUERO DE AMOR Y TERNURA, estoy segura que él les enseñará demasiado bien todo acerca de la vi…
1121915533828534272, 2758572577, 2019-04-26T23:14:42.000Z, @marques_elp @boavistaoficial O Ricardo Barros era do Leixões, esse gajo segura mm bem a bola, e é bastante trabalhador. Normalmente corre bastante e esforça se... mas n é grande finalizador
1121920134279520256, 3441436943, 2019-04-26T23:32:58.000Z, RT @harryyftshawnx: RICARDO MORAN ES PAPÁ, ME MUERO DE AMOR Y TERNURA, estoy segura que él les enseñará demasiado bien todo acerca de la vi…
1121933224157110273, 2888915604, 2019-04-27T00:24:59.000Z, RT @harryyftshawnx: RICARDO MORAN ES PAPÁ, ME MUERO DE AMOR Y TERNURA, estoy segura que él les enseñará demasiado bien todo acerca de la vi…
1121934142080540672, 765416087949369344, 2019-04-27T00:28:38.000Z, @venecasagrande @diogodantas Por favor não de certo a negociação com Ricardo Oliveira . E @marcosbrazrio  pelo amor de Zico.. . Se isso for verdade não segura esse cara n ... já tinha q ter ido embora a tempos
1121939219683971077, 1075343182920077314, 2019-04-27T00:48:49.000Z, RT @harryyftshawnx: RICARDO MORAN ES PAPÁ, ME MUERO DE AMOR Y TERNURA, estoy segura que él les enseñará demasiado bien todo acerca de la vi…
1121945446363037698, 944774170390515712, 2019-04-27T01:13:33.000Z, RT @harryyftshawnx: RICARDO MORAN ES PAPÁ, ME MUERO DE AMOR Y TERNURA, estoy segura que él les enseñará demasiado bien todo acerca de la vi…
1121951172863168513, 2540211287, 2019-04-27T01:36:19.000Z, RT @harryyftshawnx: RICARDO MORAN ES PAPÁ, ME MUERO DE AMOR Y TERNURA, estoy segura que él les enseñará demasiado bien todo acerca de la vi…
1121962654233505792, 369017500, 2019-04-27T02:21:56.000Z, RT @harryyftshawnx: RICARDO MORAN ES PAPÁ, ME MUERO DE AMOR Y TERNURA, estoy segura que él les enseñará demasiado bien todo acerca de la vi…
1121966064919879680, 3263415951, 2019-04-27T02:35:29.000Z, RT @harryyftshawnx: RICARDO MORAN ES PAPÁ, ME MUERO DE AMOR Y TERNURA, estoy segura que él les enseñará demasiado bien todo acerca de la vi…
1121985927214194688, 763083307466780672, 2019-04-27T03:54:25.000Z, RT @fjchaux: @MargaritaRepo @Arias_Ricardo @acastroforero @WilsonCordobaM @CeDemocratico @MinInterior @CDemocraticoANT @CamaraColombia Siem…
1121987292950925312, 902693014438543360, 2019-04-27T03:59:50.000Z, RT @harryyftshawnx: RICARDO MORAN ES PAPÁ, ME MUERO DE AMOR Y TERNURA, estoy segura que él les enseñará demasiado bien todo acerca de la vi…
1121995068263546880, 1073678098103787520, 2019-04-27T04:30:44.000Z, RT @harryyftshawnx: RICARDO MORAN ES PAPÁ, ME MUERO DE AMOR Y TERNURA, estoy segura que él les enseñará demasiado bien todo acerca de la vi…
1122004607864115200, 1021241009794142208, 2019-04-27T05:08:39.000Z, RT @harryyftshawnx: RICARDO MORAN ES PAPÁ, ME MUERO DE AMOR Y TERNURA, estoy segura que él les enseñará demasiado bien todo acerca de la vi…
1122018292229705729, 738069193, 2019-04-27T06:03:01.000Z, RT @harryyftshawnx: RICARDO MORAN ES PAPÁ, ME MUERO DE AMOR Y TERNURA, estoy segura que él les enseñará demasiado bien todo acerca de la vi…
1122024233473802242, 1009894653162934274, 2019-04-27T06:26:38.000Z, RT @harryyftshawnx: RICARDO MORAN ES PAPÁ, ME MUERO DE AMOR Y TERNURA, estoy segura que él les enseñará demasiado bien todo acerca de la vi…
1122029761927102464, 4839275980, 2019-04-27T06:48:36.000Z, RT @harryyftshawnx: RICARDO MORAN ES PAPÁ, ME MUERO DE AMOR Y TERNURA, estoy segura que él les enseñará demasiado bien todo acerca de la vi…
1122045042653323264, 1028759201986830336, 2019-04-27T07:49:19.000Z, RT @harryyftshawnx: RICARDO MORAN ES PAPÁ, ME MUERO DE AMOR Y TERNURA, estoy segura que él les enseñará demasiado bien todo acerca de la vi…
1122078696087535616, 59865529, 2019-04-27T10:03:03.000Z, Após atuação segura, Ricardo pode ganhar outra chance como titular https://t.co/UqTu02Yf8M https://t.co/YV5jklpCId
1122078696985153536, 15488353, 2019-04-27T10:03:03.000Z, Após atuação segura, Ricardo pode ganhar outra chance como titular https://t.co/yTciZIusk3 #lancenet
1122083734738673664, 3138087796, 2019-04-27T10:23:04.000Z, RT @harryyftshawnx: RICARDO MORAN ES PAPÁ, ME MUERO DE AMOR Y TERNURA, estoy segura que él les enseñará demasiado bien todo acerca de la vi…
1122114183145897985, 903392807410434049, 2019-04-27T12:24:03.000Z, RT @harryyftshawnx: RICARDO MORAN ES PAPÁ, ME MUERO DE AMOR Y TERNURA, estoy segura que él les enseñará demasiado bien todo acerca de la vi…
1122127314098302976, 593765767, 2019-04-27T13:16:14.000Z, RT @fjchaux: @MargaritaRepo @Arias_Ricardo @acastroforero @WilsonCordobaM @CeDemocratico @MinInterior @CDemocraticoANT @CamaraColombia Siem…
1122127607208738817, 827118139720736770, 2019-04-27T13:17:24.000Z, RT @lance_vasco: Após atuação segura, Ricardo pode ganhar outra chance como titular https://t.co/UqTu02Yf8M https://t.co/YV5jklpCId
1122129843855007744, 1960644541, 2019-04-27T13:26:17.000Z, RT @fjchaux: @MargaritaRepo @Arias_Ricardo @acastroforero @WilsonCordobaM @CeDemocratico @MinInterior @CDemocraticoANT @CamaraColombia Siem…
1122133144902209538, 764071236322426880, 2019-04-27T13:39:24.000Z, RT @fjchaux: @MargaritaRepo @Arias_Ricardo @acastroforero @WilsonCordobaM @CeDemocratico @MinInterior @CDemocraticoANT @CamaraColombia Siem…
1122134918513987585, 232676723, 2019-04-27T13:46:27.000Z, RT @fjchaux: @MargaritaRepo @Arias_Ricardo @acastroforero @WilsonCordobaM @CeDemocratico @MinInterior @CDemocraticoANT @CamaraColombia Siem…
1122136883528634369, 1033675820651487232, 2019-04-27T13:54:15.000Z, RT @fjchaux: @MargaritaRepo @Arias_Ricardo @acastroforero @WilsonCordobaM @CeDemocratico @MinInterior @CDemocraticoANT @CamaraColombia Siem…
1122137456252526597, 267674945, 2019-04-27T13:56:32.000Z, RT @fjchaux: @MargaritaRepo @Arias_Ricardo @acastroforero @WilsonCordobaM @CeDemocratico @MinInterior @CDemocraticoANT @CamaraColombia Siem…
1122140314964320257, 257300873, 2019-04-27T14:07:54.000Z, RT @fjchaux: @MargaritaRepo @Arias_Ricardo @acastroforero @WilsonCordobaM @CeDemocratico @MinInterior @CDemocraticoANT @CamaraColombia Siem…
1122141977288560640, 2221754585, 2019-04-27T14:14:30.000Z, @RicardoMoran Ricardo de mi ❤️ Dios te bendiga enormemente ... Muchas felicidades, estoy segura que serán los mejores en esta nueva etapa 👨‍👨‍👧‍👦
1122154054145204227, 1666019702, 2019-04-27T15:02:29.000Z, RT @harryyftshawnx: RICARDO MORAN ES PAPÁ, ME MUERO DE AMOR Y TERNURA, estoy segura que él les enseñará demasiado bien todo acerca de la vi…
1122158582290685953, 1710667578, 2019-04-27T15:20:29.000Z, RT @fjchaux: @MargaritaRepo @Arias_Ricardo @acastroforero @WilsonCordobaM @CeDemocratico @MinInterior @CDemocraticoANT @CamaraColombia Siem…
1122161966494121989, 919984716715036672, 2019-04-27T15:33:56.000Z, RT @fjchaux: @MargaritaRepo @Arias_Ricardo @acastroforero @WilsonCordobaM @CeDemocratico @MinInterior @CDemocraticoANT @CamaraColombia Siem…
1122163219777380352, 468567290, 2019-04-27T15:38:55.000Z, RT @fjchaux: @MargaritaRepo @Arias_Ricardo @acastroforero @WilsonCordobaM @CeDemocratico @MinInterior @CDemocraticoANT @CamaraColombia Siem…
1122181309051408384, 870309603480932352, 2019-04-27T16:50:47.000Z, RT @harryyftshawnx: RICARDO MORAN ES PAPÁ, ME MUERO DE AMOR Y TERNURA, estoy segura que él les enseñará demasiado bien todo acerca de la vi…
1122203041413967877, 739311394697416704, 2019-04-27T18:17:09.000Z, RT @harryyftshawnx: RICARDO MORAN ES PAPÁ, ME MUERO DE AMOR Y TERNURA, estoy segura que él les enseñará demasiado bien todo acerca de la vi…
1122245164305666050, 130618929, 2019-04-27T21:04:32.000Z, @jesustarre No estoy muy segura pero creo que Alejandro y Ricardo Montaner con Mi guitarra.
1122279730961682432, 250343542, 2019-04-27T23:21:53.000Z, #PanamáDecide Pidió el voto castigo y dijo estar segura del enorme cariño que le tienen en este sector a Ricardo Martinelli por el progreso que tuvo durante su gobierno. https://t.co/65uAw5jJ56
1122292784877191168, 1345121042, 2019-04-28T00:13:45.000Z, @RicardoMoran Muchas felicidades Ricardo, estoy segura q serás un gran padre para ellos, y también estoy segura q tus hijos se van a sentir muy orgullosos de ti, mucho amor para ti y tus bebés😘😘🤗🤗
1122293996074819584, 58127090, 2019-04-28T00:18:34.000Z, @Guida_Bor @conmigonooo @LaPataViajera Ahí le aviso a Ricardo Edward, no parece Manuela pero no puedo estar segura de nada. Gracias! Ojalá que esté bien sea quien sea.
1122295243842437121, 701755247937658880, 2019-04-28T00:23:32.000Z, Entrevista con Ricardo Segura y Carlos Martin Fedalto Arce https://t.co/x6RKzHMcP7
1122297304805978112, 701755247937658880, 2019-04-28T00:31:43.000Z, Sin límites Nos vista un análista político, Ricardo Segura, y un representante político del Apra, Carlos Martin Fedalto Arce, para analizar el deceso de Alan García. ¡Inperdible! Quiero agrade a Rock Ola,... https://t.co/Ifly5QY8wm
1122319527621140483, 31161322, 2019-04-28T02:00:01.000Z, Após atuação segura, Ricardo pode ganhar outra chance como titular https://t.co/PHtezcUFkg https://t.co/Wd59kwfSry
1122348436102082561, 987936951855656960, 2019-04-28T03:54:54.000Z, @mexrichard @CeltaMexa En efecto Ricardo para todos es comprensible e incluso necesario que alguien con su cargo se movilice de forma rápida y segura.. Lo que molesta es su demagogia POPULISTA y mentirosa.  #AMLORENUNCIA #AmloElFracasoPresidencial #ConAMLOoConLaPaz
1122440404345995264, 2593250934, 2019-04-28T10:00:20.000Z, Após atuação segura, Ricardo pode ganhar outra chance como titular https://t.co/NqXlCRFno7 https://t.co/62ABeVtg0L
1122493320012414976, 1006576175479705600, 2019-04-28T13:30:37.000Z, RT @DiaaDiaPa: #PanamáDecide Pidió el voto castigo y dijo estar segura del enorme cariño que le tienen en este sector a Ricardo Martinelli…
1122503422614228993, 586739261, 2019-04-28T14:10:45.000Z, RT @ArqElias11: @mexrichard @CeltaMexa En efecto Ricardo para todos es comprensible e incluso necesario que alguien con su cargo se movilic…
1122509557689876481, 55723587, 2019-04-28T14:35:08.000Z, @klinsamar @kikesitov67 Estoy segura que no tienes hijos y que tampoco nunca haz intentado adoptar un niño en Perú, sabes como celebra mi hijo el Día del Padre? Me lo celebra a mí porque su “padre” brilla por su ausencia hace 18 años😉y los hijos de Ricardo celebrarán lo que deseen y con quien lo deseen
1122515403434090496, 720019233724370944, 2019-04-28T14:58:22.000Z, #NacionalCri Dijo estar segura del enorme cariño que le tienen en este barrio a Ricardo Martinelli https://t.co/YpOnxfUelB
1122519512560041987, 1106753876395507713, 2019-04-28T15:14:41.000Z, RT @DiaaDiaPa: #PanamáDecide Pidió el voto castigo y dijo estar segura del enorme cariño que le tienen en este sector a Ricardo Martinelli…
1122536522564165634, 257596284, 2019-04-28T16:22:17.000Z, RT @criticaenlinea: #NacionalCri Dijo estar segura del enorme cariño que le tienen en este barrio a Ricardo Martinelli https://t.co/YpOnxfU…
1122551152510414849, 748295907016220672, 2019-04-28T17:20:25.000Z, RT @criticaenlinea: #NacionalCri Dijo estar segura del enorme cariño que le tienen en este barrio a Ricardo Martinelli https://t.co/YpOnxfU…
1122573853836890113, 2950252769, 2019-04-28T18:50:37.000Z, @hfloret Mas o Ricardo talvez faça esse papel. Herley segura no meio, Ricardo vai pra volante enquanto lucas ajuda na frente. Perigo mesmo só o Barcelos
1122592014992855040, 1061495994360254465, 2019-04-28T20:02:47.000Z, RT @harryyftshawnx: RICARDO MORAN ES PAPÁ, ME MUERO DE AMOR Y TERNURA, estoy segura que él les enseñará demasiado bien todo acerca de la vi…
1122593934071480321, 233077811, 2019-04-28T20:10:25.000Z, Estoy muy segura que el amor de mi vida se llama David, Ricardo o Rodrigo.  Guarden este tweet.
1122607075387944960, 257596284, 2019-04-28T21:02:38.000Z, RT @DiaaDiaPa: #PanamáDecide Pidió el voto castigo y dijo estar segura del enorme cariño que le tienen en este sector a Ricardo Martinelli…
1122628677999779848, 4387697727, 2019-04-28T22:28:28.000Z, Ricardo falou que sou o trem desgovernado ninguém segura não adianta kkkkkkkkkkk se não for pra fica louca eu nem saio de casa
1122680576245473281, 190502509, 2019-04-29T01:54:42.000Z, @Ricardo_Maipu Tu crees? Yo no estoy segura hasta que termine la reunión, aunque me digan lo que me digan. Se ha cagado a todo Chile no va a ser capaz de sacar un As sucio de debajo de la manga 🙄
1122818690892869632, 1309015478, 2019-04-29T11:03:31.000Z, Olha aí um CARA que GRITA ALTO.     Parabéns MARCOS BRASIL. Vamos GRITAR contra a REFORMA da PREVIDÊNCIA, AUMENTO da ÁGUA SANEPAR 12%, AUMENTO do IPTU e vigiar o DEPUTADO FEDERAL RICARDO BARROS para defender o Trabalhador Londrinense. SEGURA PIÃO. https://t.co/XcnAVfwfLW
1122839063944318976, 4072450517, 2019-04-29T12:24:28.000Z, @yoveraP Te lo dije, con mucho amor, eso es lo importante. Que sean buenos ciudadanos. Estoy Segura que Ricardo los orientará muy bien. Un abrazo
1122875988059279360, 49408559, 2019-04-29T14:51:12.000Z, Foto 1: Si no estoy mal, esos pedales son los de Lucho. Ya estaba segura porque los de Leiva estaban al otro lado y Ricardo tenía los suyos en un punto alto del escenario.
1122991989836931072, 583190344, 2019-04-29T22:32:09.000Z, Expulsados en la jornada 16.  Carlos Gutiérrez (Veracruz) Miguel Sansores (Morelia) César Montes (Monterrey) Andrés Andrade y Jorge Segura (Atlas) Brian Fernández (Necaxa) José Abella (Santos) Paul Aguilar (América) Ricardo Ferretti, DT de Tigres José Luis Sánchez Solá, DT Puebla https://t.co/PcQtwENFKt
1123015560969822208, 10075202, 2019-04-30T00:05:49.000Z, EITA! Segura essa seleção da rodada #1! Quem desses caras ajudou você na estreia do #CartolaFC deste ano? E confira o resumão do fim de semana: https://t.co/fNRuEHBftW. 🎩😊🔝 https://t.co/7mt4GgPBLE
1123016026524979201, 1106578209422958592, 2019-04-30T00:07:40.000Z, RT @cartolafc: EITA! Segura essa seleção da rodada #1! Quem desses caras ajudou você na estreia do #CartolaFC deste ano? E confira o resumã…
1123016171249459210, 122401698, 2019-04-30T00:08:14.000Z, RT @cartolafc: EITA! Segura essa seleção da rodada #1! Quem desses caras ajudou você na estreia do #CartolaFC deste ano? E confira o resumã…
1123017548818202625, 2496708860, 2019-04-30T00:13:42.000Z, RT @cartolafc: EITA! Segura essa seleção da rodada #1! Quem desses caras ajudou você na estreia do #CartolaFC deste ano? E confira o resumã…
1123017884794609665, 1797769069, 2019-04-30T00:15:03.000Z, RT @cartolafc: EITA! Segura essa seleção da rodada #1! Quem desses caras ajudou você na estreia do #CartolaFC deste ano? E confira o resumã…
1123020383026843648, 980928802548314112, 2019-04-30T00:24:58.000Z, RT @cartolafc: EITA! Segura essa seleção da rodada #1! Quem desses caras ajudou você na estreia do #CartolaFC deste ano? E confira o resumã…
1123021050026037249, 187147453, 2019-04-30T00:27:37.000Z, RT @cartolafc: EITA! Segura essa seleção da rodada #1! Quem desses caras ajudou você na estreia do #CartolaFC deste ano? E confira o resumã…
1123021828597874688, 936606302738042881, 2019-04-30T00:30:43.000Z, RT @cartolafc: EITA! Segura essa seleção da rodada #1! Quem desses caras ajudou você na estreia do #CartolaFC deste ano? E confira o resumã…
1123023873283371010, 419739435, 2019-04-30T00:38:50.000Z, RT @cartolafc: EITA! Segura essa seleção da rodada #1! Quem desses caras ajudou você na estreia do #CartolaFC deste ano? E confira o resumã…
1123026018799951872, 48117193, 2019-04-30T00:47:22.000Z, RT @cartolafc: EITA! Segura essa seleção da rodada #1! Quem desses caras ajudou você na estreia do #CartolaFC deste ano? E confira o resumã…
1123026195078156288, 2668572224, 2019-04-30T00:48:04.000Z, RT @cartolafc: EITA! Segura essa seleção da rodada #1! Quem desses caras ajudou você na estreia do #CartolaFC deste ano? E confira o resumã…
1123026669869117441, 830624195851718656, 2019-04-30T00:49:57.000Z, RT @cartolafc: EITA! Segura essa seleção da rodada #1! Quem desses caras ajudou você na estreia do #CartolaFC deste ano? E confira o resumã…
1123029443541442560, 994759491827781632, 2019-04-30T01:00:58.000Z, RT @cartolafc: EITA! Segura essa seleção da rodada #1! Quem desses caras ajudou você na estreia do #CartolaFC deste ano? E confira o resumã…
1123031858273509377, 902295881743048704, 2019-04-30T01:10:34.000Z, RT @cartolafc: EITA! Segura essa seleção da rodada #1! Quem desses caras ajudou você na estreia do #CartolaFC deste ano? E confira o resumã…
1123033153130639362, 1094594968973426689, 2019-04-30T01:15:43.000Z, RT @cartolafc: EITA! Segura essa seleção da rodada #1! Quem desses caras ajudou você na estreia do #CartolaFC deste ano? E confira o resumã…
1123034216730513408, 2545240522, 2019-04-30T01:19:56.000Z, RT @cartolafc: EITA! Segura essa seleção da rodada #1! Quem desses caras ajudou você na estreia do #CartolaFC deste ano? E confira o resumã…
1123035186973876224, 158642317, 2019-04-30T01:23:48.000Z, RT @cartolafc: EITA! Segura essa seleção da rodada #1! Quem desses caras ajudou você na estreia do #CartolaFC deste ano? E confira o resumã…
1123044682177634304, 4583750369, 2019-04-30T02:01:32.000Z, RT @cartolafc: EITA! Segura essa seleção da rodada #1! Quem desses caras ajudou você na estreia do #CartolaFC deste ano? E confira o resumã…
1123047310890622976, 736219513679646720, 2019-04-30T02:11:58.000Z, RT @cartolafc: EITA! Segura essa seleção da rodada #1! Quem desses caras ajudou você na estreia do #CartolaFC deste ano? E confira o resumã…
1123051457811501057, 2160966688, 2019-04-30T02:28:27.000Z, RT @cartolafc: EITA! Segura essa seleção da rodada #1! Quem desses caras ajudou você na estreia do #CartolaFC deste ano? E confira o resumã…
1123054534379618304, 900658061479686145, 2019-04-30T02:40:40.000Z, RT @cartolafc: EITA! Segura essa seleção da rodada #1! Quem desses caras ajudou você na estreia do #CartolaFC deste ano? E confira o resumã…
1123057151952474113, 837938692698300416, 2019-04-30T02:51:05.000Z, RT @cartolafc: EITA! Segura essa seleção da rodada #1! Quem desses caras ajudou você na estreia do #CartolaFC deste ano? E confira o resumã…
1123063211983503360, 3051649970, 2019-04-30T03:15:09.000Z, RT @cartolafc: EITA! Segura essa seleção da rodada #1! Quem desses caras ajudou você na estreia do #CartolaFC deste ano? E confira o resumã…
1123093725733904384, 3307476159, 2019-04-30T05:16:24.000Z, RT @feliixquel: Ricardo falou que sou o trem desgovernado ninguém segura não adianta kkkkkkkkkkk se não for pra fica louca eu nem saio de c…
1123202902040903686, 2569442025, 2019-04-30T12:30:14.000Z, RT @cartolafc: EITA! Segura essa seleção da rodada #1! Quem desses caras ajudou você na estreia do #CartolaFC deste ano? E confira o resumã…
1123213090940686338, 4744079267, 2019-04-30T13:10:43.000Z, RT @cartolafc: EITA! Segura essa seleção da rodada #1! Quem desses caras ajudou você na estreia do #CartolaFC deste ano? E confira o resumã…
1123235890913075202, 17523521, 2019-04-30T14:41:19.000Z, Saiba em quais situações uma multa pode ser cancelada. Esse é o tema do quadro Direção Segura, com o Inspetor da Polícia Rodoviária Federal do Espírito Santo, Ricardo Alves. Ouça:  https://t.co/rb2ekjLK3E
1123355537708584960, 887736850047283213, 2019-04-30T22:36:45.000Z, RT @cartolafc: EITA! Segura essa seleção da rodada #1! Quem desses caras ajudou você na estreia do #CartolaFC deste ano? E confira o resumã…
1123361409730060288, 323330138, 2019-04-30T23:00:05.000Z, RT @fjchaux: @MargaritaRepo @Arias_Ricardo @acastroforero @WilsonCordobaM @CeDemocratico @MinInterior @CDemocraticoANT @CamaraColombia Siem…
1123524048925884416, 777360854140452864, 2019-05-01T09:46:21.000Z, @dveq4 @ricardo___rf @BolsonaroSP @NicolasMaduro @jairbolsonaro Ué!! A colocação é: Maduro não se importa de abusar dos outros. E quem paga essa conta? Logo, o brasileiro, o qual segura as pontas.
1123584833752588288, 387193807, 2019-05-01T13:47:54.000Z, @MoureOrtega @orbitalaika_tve @raquelsastrecom @edusadeci @deborahciencia @boticariagarcia @JaSantaolalla @Divulgameteo No ha decepcionado, sabiendo quién estaba detrás del proyecto era una apuesta segura. Tal como comenté antes de ver ninguno sabía que me iba a gustar. Ademas Ricardo no estaba al principio y es un buen fichaje como ya se vio en Dame Veneno.
1123630403019997190, 266076965, 2019-05-01T16:48:58.000Z, Los diputados que le darían la espalda al PAC para el Directorio legislativo lo hacen luego de que ya tienen segura la presidencia de Carlos Ricardo Benavides, quien la obtuvo con 40 votos.   @nacion
1123632439031676929, 170137532, 2019-05-01T16:57:04.000Z, George aunque esta difícil me decido por Ricardo Montaner por: ❣️al final del arcoíris   Y  ❣️en el último lugar del mundo 🌍 escúchalas  🎧 estoy segura que no las conoces 😌 @YoSoyImitador
1123633495832768512, 18906662, 2019-05-01T17:01:16.000Z, RT @aaaseque: Los diputados que le darían la espalda al PAC para el Directorio legislativo lo hacen luego de que ya tienen segura la presid…
1123799948099768327, 915205809965027330, 2019-05-02T04:02:41.000Z, @Joao_Almirante Segura ae  Alexander  Winck Luis Gustavo Ricardo Henrique  Tanto faz  Lucas Mineiro Andrey  Valdivia Rossi Maxi
1123927791790166016, 59036129, 2019-05-02T12:30:41.000Z, Eu não sei o que seria de mim sem o Ricardo. Segura o meu mundo e me faz enxergar coisas como ninguém.
1124083937549197312, 273570989, 2019-05-02T22:51:09.000Z, Estoy casi segura que la gente que pasa por la vereda de mí local piensa que estoy loca, quién no lo pensaría si estoy gritando los temas de @Ricardo_Arjona perdón jajaja
1124107942280691712, 982435341184458753, 2019-05-03T00:26:33.000Z, @ricardo_villada Eso esta muy bueno ,excelente propuesta para poder andar de forma segura en bicicleta y trasladarse a todos lados en ellas,es un vehiculo noble que evita   cotaminacion,congestion vehicular,destruccion de calles y es muy buen ejercicio para la salud.
1124115230169227267, 262791353, 2019-05-03T00:55:30.000Z, . @ricardo_villada "Se trata de conseguir una red que alcance 160 km  para que las bicis se trasladen de forma ordenada y segura. Ahora tenemos una red que no supera los 60. Es necesario integrarlas"
1124164449135468544, 289168945, 2019-05-03T04:11:05.000Z, Estoy segura que el Ricardo va a jotear. Guarden este tweet
1124430838928748545, 1110620074195537920, 2019-05-03T21:49:37.000Z, @Ana_0330 @LinaVegaAbad Señora no distraiga...  Este terreno estuvo involucrado en un escándalo de titulación de tierras durante la pasada administración del expresidente Ricardo Martinelli, siendo adjudicado en un proceso cuestionado al florista César Segura.   https://t.co/apvMYwYKO3
1124440187344424963, 366863182, 2019-05-03T22:26:46.000Z, Recuerdos de hace 20 años cuando formaba parte del equipo de Azteca Noticias con Guillermo Gutiérrez,Guillermo Chavarría ,Sergio Jiménez,Alejandro Castro,José Luis Segura ,Efrén Argüelles, César Graw , Emilio Martínez QEPD y su servidor Ricardo Vitela ,UFFF Ya llovio!!!! https://t.co/Vee4casVQb
1124453057167810561, 1645691503, 2019-05-03T23:17:54.000Z, RT @ricardovitela: Recuerdos de hace 20 años cuando formaba parte del equipo de Azteca Noticias con Guillermo Gutiérrez,Guillermo Chavarría…
1124461890493722625, 735947510, 2019-05-03T23:53:00.000Z, @montanertwiter Ricardo cumplimos 40 años de egresados de la escuela 4 de Valentin Alsina. Estoy segura que este video te va a traer recuerdos y tal vez alguna fue tu maestra. Vale la pena verlo https://t.co/jrdWX5RbBL
1124474234497953792, 321662457, 2019-05-04T00:42:03.000Z, RT @ricardovitela: Recuerdos de hace 20 años cuando formaba parte del equipo de Azteca Noticias con Guillermo Gutiérrez,Guillermo Chavarría…
1124566804494454784, 3388672858, 2019-05-04T06:49:54.000Z, @Lordfla92 @LucasReis_30 Não, Ricardo Goulart tá emprestado do clube da china, lá ele ganha 3 milhões (reais), o Palmeiras paga 600 mil e os chineses pagam o resto. Perceba q eu te trato com respeito meu ANTI kkkk segura a emoção aí
1124709304127434754, 52212314, 2019-05-04T16:16:08.000Z, Así decían los xenófobos antichilenos venezolanos cuando a ustedes les tocó huir de Pinochet y llegar a mi país: la puerta es ancha,sureños. @edgarmanuel, estoy segura de que muchos chilenos nos entienden y apoyan, hasta los de izquierda democrática como Ricardo Lagos https://t.co/zl2R4YfFJP
1124712065900404737, 2389377521, 2019-05-04T16:27:07.000Z, RT @giselakozak: Así decían los xenófobos antichilenos venezolanos cuando a ustedes les tocó huir de Pinochet y llegar a mi país: la puerta…
1124815326259101697, 296006112, 2019-05-04T23:17:26.000Z, Ricardo Graça evoluiu demais. Impressionante a autoridade como tá desarmando, saindo pro jogo. Com Castan pode formar uma dupla bem mais consistente e segura.
1124815399932051457, 329446794, 2019-05-04T23:17:44.000Z, RT @pablofreitas7: Ricardo Graça evoluiu demais. Impressionante a autoridade como tá desarmando, saindo pro jogo. Com Castan pode formar um…
1124817987612102656, 1604061776, 2019-05-04T23:28:01.000Z, RT @pablofreitas7: Ricardo Graça evoluiu demais. Impressionante a autoridade como tá desarmando, saindo pro jogo. Com Castan pode formar um…
1124846744070762496, 2948453391, 2019-05-05T01:22:17.000Z, só ta dando esse Ricardo Bueno, segura ele aí carai
1124927842586906624, 119531213, 2019-05-05T06:44:32.000Z, RT @DionisoLyd: #TrabajoAr Mi papá quedó sin trabajo en junio 2016 y aún no consigue, segura/ por la edad. Áreas Depósito y Logística, exp…
1124952850524725249, 994855857052704769, 2019-05-05T08:23:54.000Z, @VeroRluna @ElRelicarioPue @ricardo_cid @DavidAlbertoTV @betonoticias Y que su escelsa magnificencia pueda verlo con los ojos en las manos.   Eres mas animal que tus queridos perritos... Y no eres más hija de puta porque tu madre no está segura de quien es tu padre.
1125031533444849665, 2824046463, 2019-05-05T13:36:34.000Z, RT @pablofreitas7: Ricardo Graça evoluiu demais. Impressionante a autoridade como tá desarmando, saindo pro jogo. Com Castan pode formar um…
1125048622142435328, 923898478446678016, 2019-05-05T14:44:28.000Z, RT @pablofreitas7: Ricardo Graça evoluiu demais. Impressionante a autoridade como tá desarmando, saindo pro jogo. Com Castan pode formar um…
1125110358929223681, 765415451635646464, 2019-05-05T18:49:47.000Z, @FeijuCompositor Segura essa merda pra vcs, igual fizeram com o Zé Ricardo...
1125126162815037440, 181624745, 2019-05-05T19:52:35.000Z, Ricardo Segura ahora un vieeo que no da risa https://t.co/AyBOLomRTD
1125282512731869185, 150847097, 2019-05-06T06:13:52.000Z, Eso y que después de compartir una situación así con Ricardo, estoy segura que no quiero nada más que estar con él siempre siempre💙  Mil puntos a su paciencia conmigo. 🌟🌟🌟🌟🌟
1125370145076076544, 16794066, 2019-05-06T12:02:05.000Z, O que segura Ernesto, por Ricardo Noblat  Leia no blog:  https://t.co/124j1oUVXe via @VEJA
1125370364186570752, 58780764, 2019-05-06T12:02:57.000Z, RT @BlogdoNoblat: O que segura Ernesto, por Ricardo Noblat  Leia no blog:  https://t.co/124j1oUVXe via @VEJA
1125379816079986690, 57549474, 2019-05-06T12:40:31.000Z, @ricardo_niebles Richi, no estoy muy segura de que la nutricionista se refiriera precisamente a ese desayuno de campeones que te estás jartando 🤔
1125410862615945217, 38515384, 2019-05-06T14:43:53.000Z, RT @BlogdoNoblat: O que segura Ernesto, por Ricardo Noblat  Leia no blog:  https://t.co/124j1oUVXe via @VEJA
1125424685188034562, 381138769, 2019-05-06T15:38:48.000Z, RT @BlogdoNoblat: O que segura Ernesto, por Ricardo Noblat  Leia no blog:  https://t.co/124j1oUVXe via @VEJA
1125431094101385217, 399726051, 2019-05-06T16:04:16.000Z, @soybendechu Hola consulta, tengo entendido que ningún seguro cubre enfermedades mentales ni medicinas. Estás segura de la cobertura de la clínica Ricardo Palma?
1125451644991361024, 380749300, 2019-05-06T17:25:56.000Z, @RICARDO__BURGOS ¿sabías que puedes iniciar sesión de manera segura en tus apps… con tu cara?  Responde #finalizar para dejar de recibir consejos.
1125451803070431235, 380749300, 2019-05-06T17:26:34.000Z, @lizcano_ricardo ¿sabías que puedes iniciar sesión de manera segura en tus apps… con tu cara?  Responde #finalizar para dejar de recibir consejos.
1125451871186038786, 380749300, 2019-05-06T17:26:50.000Z, @Ricardo_espaa2 ¿sabías que puedes iniciar sesión de manera segura en tus apps… con tu cara?  Responde #finalizar para dejar de recibir consejos.
1125452248564359171, 380749300, 2019-05-06T17:28:20.000Z, @Ricardo_Soliss ¿sabías que puedes iniciar sesión de manera segura en tus apps… con tu cara?  Responde #baja para dejar de recibir consejos.
1125452351710662658, 380749300, 2019-05-06T17:28:45.000Z, @Ricardo_Galena ¿sabías que puedes iniciar sesión de manera segura en tus apps… con tu cara?  Responde #baja para dejar de recibir consejos.
1125452363794350082, 380749300, 2019-05-06T17:28:48.000Z, @Ricardo_MGlz ¿sabías que puedes iniciar sesión de manera segura en tus apps… con tu cara?  Responde #baja para dejar de recibir consejos.
1125452828414304256, 380749300, 2019-05-06T17:30:38.000Z, @Ricardo_LopezG ¿sabías que puedes iniciar sesión de manera segura en tus apps… con tu cara?  Responde #baja para dejar de recibir consejos.
1125452875264602113, 380749300, 2019-05-06T17:30:50.000Z, @leyva_ricardo ¿sabías que puedes iniciar sesión de manera segura en tus apps… con tu cara?  Responde #baja para dejar de recibir consejos.
1125453064553619458, 380749300, 2019-05-06T17:31:35.000Z, @acos_ricardo ¿sabías que puedes iniciar sesión de manera segura en tus apps… con tu cara?  Responde #baja para dejar de recibir consejos.
1125453268879126530, 380749300, 2019-05-06T17:32:23.000Z, @Ricardo_Loredo9 ¿sabías que puedes iniciar sesión de manera segura en tus apps… con tu cara?  Responde #baja para dejar de recibir consejos.
1125498513473921025, 707734891237150721, 2019-05-06T20:32:11.000Z, E tudo começou com Ricardo Pereira arregando. Fazia uma partida segura, resolve bicar uma bola do nada. @_paulo_andrade_ @maurocezar @ESPNagora @futmundoespn
1125574860971945989, 101773692, 2019-05-07T01:35:33.000Z, RT @BlogdoNoblat: O que segura Ernesto, por Ricardo Noblat  Leia no blog:  https://t.co/124j1oUVXe via @VEJA
1125575173158113280, 1085234921822740482, 2019-05-07T01:36:48.000Z, Felicito a Ricardo Briseño Senosiain, por su nombramiento como presidente de Amigos del Museo de Arte de Querétaro A.C., que estoy segura realizará un excelente trabajo en beneficio del MAQRO, junto a un gran equipo integrado por Juan Córdoba, Francisco Ceballos... https://t.co/NWKwPy6qN3
1125674199052365825, 1121418858475261952, 2019-05-07T08:10:17.000Z, ¡Buenos días! Os presentamos al equipo que quiere hacer grande el municipio de #Bacares.  1. Ricardo Pascual Román 2. Miguel Ángel Sobrino Sola 3. Daniel López Segura 4. Juan Luis Blánquez Medina  5. Pedro López Marín  #CentradosEnTuFuturo #CentradosEnBacares
1125697030834331653, 129907921, 2019-05-07T09:41:01.000Z, VIDEO | «Hasta la llegada del aeropuerto internacional teníamos problemas de infraestructuras para llegar a atraer a turistas», explica Ricardo Zamora, presidente de @murciacongresos #MurciaDestinoTurístico #DesayunosLaOpinión // Más info en https://t.co/1d3NdlssQq https://t.co/pbvOKaDjNj
1125824498400415744, 727902113783685120, 2019-05-07T18:07:31.000Z, Gracias a una inversión de 17 millones de pesos, la Escuela Primaria "Ricardo García Zamudio" fue reconstruida, es más segura y permite el regreso a clases a 750 alumnos en dos turnos. https://t.co/lHLDYgqsWk
1125848783827369984, 274556568, 2019-05-07T19:44:01.000Z, Al ser entrevistado, Germán Luna Segura señaló que efectivamente fue contratado por el FEC en agosto del 2017, pero su jefe Ricardo Vásquez nunca le informó qué labor... https://t.co/j7uALohfx5
1125875264666447874, 569431255, 2019-05-07T21:29:15.000Z, Eu quero só ver o Ricardo colocar toda essa matéria em 10 questões, mas eu vou falar hein, me segura
1125895547020124160, 140959506, 2019-05-07T22:49:51.000Z, @889Noticias Monedero electrónico Ricardo Segura Hernández.
1125896309339299840, 1008559201172541440, 2019-05-07T22:52:52.000Z, APRENDE RICARDO OLIVEIRO, PORRA SEGURA O MULEQUE
1126038254183243777, 3375862343, 2019-05-08T08:16:55.000Z, RT @diariolaopinion: VIDEO | «Hasta la llegada del aeropuerto internacional teníamos problemas de infraestructuras para llegar a atraer a t…
1126060065616814081, 694912796400705536, 2019-05-08T09:43:35.000Z, Ricardo Costa, CEO e Founder, Loqr: "A tecnologia hoje em dia é suficiente para fazermos tudo de forma segura, é preciso é pesar security by design". @NovaSBE https://t.co/J9JhAYZwW8
1126082461715374080, 251281792, 2019-05-08T11:12:35.000Z, RT @INIFEDmx: Gracias a una inversión de 17 millones de pesos, la Escuela Primaria "Ricardo García Zamudio" fue reconstruida, es más segura…
1126126395757875200, 1116204124624904197, 2019-05-08T14:07:09.000Z, RT @INIFEDmx: Gracias a una inversión de 17 millones de pesos, la Escuela Primaria "Ricardo García Zamudio" fue reconstruida, es más segura…
1126130358855118848, 1116217428365721600, 2019-05-08T14:22:54.000Z, RT @INIFEDmx: Gracias a una inversión de 17 millones de pesos, la Escuela Primaria "Ricardo García Zamudio" fue reconstruida, es más segura…
1126137973500780546, 118456108, 2019-05-08T14:53:10.000Z, RT @PaulinaAguado: Felicito a Ricardo Briseño Senosiain, por su nombramiento como presidente de Amigos del Museo de Arte de Querétaro A.C.,…
1126169060306243584, 1018096751599935488, 2019-05-08T16:56:41.000Z, Impresionismo puro desbordante de luz y color, consigue atraernos con una pincelada gruesa y empastada, fruto de las escuelas francesas y alemanas. Una obra que no dejara de sorprenderte. Ricardo Segura Torrella Nocturno con luna.  92 x 73 cm.  https://t.co/rfccyc82Wg https://t.co/XNp7ChjqOM
1126172862296068096, 1018468891, 2019-05-08T17:11:48.000Z, Personal de @CruzRojaSal celebra el Día Mundial de la Cruz Roja y de la Media Luna Roja. Foto Ricardo Chicas Segura https://t.co/FoF5jidEbE
1126175196677906433, 1213193851, 2019-05-08T17:21:04.000Z, RT @DiarioCoLatino: Personal de @CruzRojaSal celebra el Día Mundial de la Cruz Roja y de la Media Luna Roja. Foto Ricardo Chicas Segura htt…
1126269769483718659, 2318271048, 2019-05-08T23:36:52.000Z, RT @INIFEDmx: Gracias a una inversión de 17 millones de pesos, la Escuela Primaria "Ricardo García Zamudio" fue reconstruida, es más segura…
1126332987472265223, 1109289240683315200, 2019-05-09T03:48:05.000Z, RT @INIFEDmx: Gracias a una inversión de 17 millones de pesos, la Escuela Primaria "Ricardo García Zamudio" fue reconstruida, es más segura…
1126460891879362560, 2176030269, 2019-05-09T12:16:19.000Z, @Ricardo_Peralta Jajajaja, estoy segura que se le grabo muy bien tu imagen, es imposible olvidar tanto encanto y mucho más con sweter rosado grafitiado y collar dorado
1126824852936110081, 1051998782219534336, 2019-05-10T12:22:34.000Z, @ricardo_johnny Não existe. O que falta é ser Macho em Campo aprender a segurar a Bola. Porra falta 01 minuto pra acabar o jogo. Meu Deus segura a Bola nos Pés. e Não dar Chutão
1126833829484924928, 158840741, 2019-05-10T12:58:15.000Z, Hilda María Torres Ricardo, Elisa Beatriz Azze Mayan,Yoana Aguilera Sanchez, Betsy Aymee Segura Oro,Zaida Betancourt, Kirenia Verdecia https://t.co/brDZDVdqsw
1126892759845990401, 3228482917, 2019-05-10T16:52:25.000Z, @Ricardo_pto No de eso si estoy segura que no ah sido mi amigo por mas de 8 años.
1127062832493801472, 1101270916418424832, 2019-05-11T04:08:13.000Z, quando o Ricardo me abraça assim, eu me sinto muito segura, e nada mais importa!! https://t.co/rnzIl68O5Q
1127168465629065216, 832190274902310912, 2019-05-11T11:07:58.000Z, Ricardo Rouvier: “Los últimos meses del año pasado teníamos una suerte de estabilidad en la imagen del presidente, que había caído mucho y que mantenía un 30% de los votos en forma segura” @rrouvier
1127288169957818368, 1018468891, 2019-05-11T19:03:38.000Z, Reportan lluvia en Santa Tecla, San Salvador, Mejicanos y distintos puntos del país. No se reporta crecimiento del río en La Málaga, San Salvador. Fotos: Ricardo Chicas Segura https://t.co/8bQRRae9G3
1127290996851716097, 960995321672294400, 2019-05-11T19:14:52.000Z, RT @DiarioCoLatino: Reportan lluvia en Santa Tecla, San Salvador, Mejicanos y distintos puntos del país. No se reporta crecimiento del río…
