id, author_id, created_at, text
892942583290265600, 2497804596, 2017-08-03T02:57:56.000Z, @AstridJanzich @telebajocero Para vos será cultura García,, para mi no. Tinelli, en lo suyo, es el mejor. García, es el mejor ? Mejor es Sandro, Marc,,Boccelli !!!!
892950663008858115, 46717443, 2017-08-03T03:30:02.000Z, Mercado: Landesberg y Dragovic, caras nuevas; Marc García, al Barça y Radovic, al Obradoiro... https://t.co/MzZAysKiR6
892991314031194112, 2375017764, 2017-08-03T06:11:34.000Z, RT @ChildFocusNL: Verdwijning van Marc #GARCIA MORENO te #Neder-Over-Heembeek op 29/07/17 Getuigenissen, tel Child Focus 116000 https://t.c…
893005575683964928, 264362135, 2017-08-03T07:08:15.000Z, @ramonresist Sito va parlar de 14 fitxes. Amb Marc Garcia+Rice+Kurucs+Seraphin+Hanga o Lojeski, surten 16... Hi ha coses que no sabem encara
893007780319309824, 1708171412, 2017-08-03T07:17:00.000Z, Marc Garcia al Sub16 #escacs #españa2017 https://t.co/FkBEQjUxTA
893051444462538754, 1608482202, 2017-08-03T10:10:31.000Z, Fichajes ACB: Marc Garcia, Sylven Landesberg, Nemanja Radovic… https://t.co/iWcPgW2UZR
893058885904465921, 1025156479, 2017-08-03T10:40:05.000Z, Fichajes ACB: Marc Garcia, Sylven Landesberg, Nemanja Radovic… https://t.co/b7oDMQRryp
893062336352837632, 211316485, 2017-08-03T10:53:47.000Z, @AlexCasado8 Y Marc Garcia tendrá papel residual. En aleros, Hanga (ojalá) y Sanders con Claver alternando 3-4. Y Oriola no estorba a Tomic-Seraphin.
893062811533942784, 758758269095731206, 2017-08-03T10:55:41.000Z, Hoy cumple 50 años Marc Garcia, piloto de #500CC  #MarcGarcia https://t.co/1f8azNui9K
893072261292453888, 3091332627, 2017-08-03T11:33:14.000Z, RT @ChildFocusNL: Verdwijning van Marc #GARCIA MORENO te #Neder-Over-Heembeek op 29/07/17 Getuigenissen, tel Child Focus 116000 https://t.c…
893073349479464960, 2419541171, 2017-08-03T11:37:33.000Z, RT @ChildFocusNL: Verdwijning van Marc #GARCIA MORENO te #Neder-Over-Heembeek op 29/07/17 Getuigenissen, tel Child Focus 116000 https://t.c…
893075175310327809, 517477928, 2017-08-03T11:44:48.000Z, RT @ChildFocusNL: Verdwijning van Marc #GARCIA MORENO te #Neder-Over-Heembeek op 29/07/17 Getuigenissen, tel Child Focus 116000 https://t.c…
893115584535293952, 714090030, 2017-08-03T14:25:23.000Z, RT @FCBbasket: 🏀 Marc Garcia torna a la disciplina del @FCBbasket per al curs 2017/18  👋 Ben tornat, @marcga8 !  👉 https://t.co/m9RlRtkl34…
893181250336432129, 375637584, 2017-08-03T18:46:19.000Z, RT @ChildFocusNL: Verdwijning van Marc #GARCIA MORENO te #Neder-Over-Heembeek op 29/07/17 Getuigenissen, tel Child Focus 116000 https://t.c…
893218020121653250, 1608482202, 2017-08-03T21:12:25.000Z, Fichajes ACB: Marc Garcia, Sylven Landesberg, Nemanja Radovic… https://t.co/iWcPgVLjBh
893221286016581632, 15579705, 2017-08-03T21:25:24.000Z, @Lonis_T @R_KeioU @campestrinxe @fcbbasketnews @jaimemendezfont No lo veo, sorry. Demasiados jugadores fuera de su posicion natural. Ribas es 2. Hanga 3 y Claver 4. Y Marc Garcia?
893224983698309125, 1025156479, 2017-08-03T21:40:06.000Z, Fichajes ACB: Marc Garcia, Sylven Landesberg, Nemanja Radovic… https://t.co/3tazLSybA4
893262203071090693, 1017560100, 2017-08-04T00:07:59.000Z, @ColleenDoran @monkey__marc I told her what she means is that it looks like a José Luis García-López Wonder Woman and that's a hell of a compliment to give.
893360682908999681, 224818485, 2017-08-04T06:39:19.000Z, @ToniReyes76 X lo mateix et diré que el necessitem de 2 junt amb koponen, en Navarro tindrà pocs minuts aquest any i Marc Garcia no crec que jugui massa
893372451148713986, 637329360, 2017-08-04T07:26:05.000Z, @Jartopuma A Marc Garcia se lo habrán quedado por cupos más que nada. Y Diagné la enésima cesión.
893375740816891904, 103710949, 2017-08-04T07:39:09.000Z, Juego exterior 2017-18 FC Barcelona:  Pressey+Heurtel  Pau Ribas+Navarro+Koponen  Sanders+Kurucs+ Hanga (esperan)+Marc García
893375988477952002, 1025156479, 2017-08-04T07:40:08.000Z, Fichajes ACB: Marc Garcia, Sylven Landesberg, Nemanja Radovic… https://t.co/kGJRk5GiNC
893376206317518848, 442651112, 2017-08-04T07:41:00.000Z, @chemadelucas Hasta enero Kurucs no es cupo, así que lo normal sería Marc Garcia hasta enero y luego Korucs le pasa por delante
893377003885215744, 4895008894, 2017-08-04T07:44:10.000Z, Save the date!  Sunday Lounge with Xevious aka Marc Garcia &amp; Oliver Loew  Xevious aka Marc Garcia 10:00 AM -... https://t.co/1MdgwaQJb2
893377179916042240, 1031154128, 2017-08-04T07:44:52.000Z, RT @chemadelucas: Juego exterior 2017-18 FC Barcelona:  Pressey+Heurtel  Pau Ribas+Navarro+Koponen  Sanders+Kurucs+ Hanga (esperan)+Marc Ga…
893377675729010688, 326944033, 2017-08-04T07:46:50.000Z, RT @chemadelucas: Juego exterior 2017-18 FC Barcelona:  Pressey+Heurtel  Pau Ribas+Navarro+Koponen  Sanders+Kurucs+ Hanga (esperan)+Marc Ga…
893379909359456256, 882324091331645440, 2017-08-04T07:55:43.000Z, RT @chemadelucas: Juego exterior 2017-18 FC Barcelona:  Pressey+Heurtel  Pau Ribas+Navarro+Koponen  Sanders+Kurucs+ Hanga (esperan)+Marc Ga…
893380474093137921, 705354689815171073, 2017-08-04T07:57:57.000Z, RT @chemadelucas: Juego exterior 2017-18 FC Barcelona:  Pressey+Heurtel  Pau Ribas+Navarro+Koponen  Sanders+Kurucs+ Hanga (esperan)+Marc Ga…
893381864794226688, 140497818, 2017-08-04T08:03:29.000Z, @chemadelucas @gamomario Aparte de poder fichar en caso de lesión pueden moverse Marc García al puesto de 2, y Koponen de 1. Rice no debería aceptar estar en ese rol
893382790120689665, 257887808, 2017-08-04T08:07:10.000Z, RT @chemadelucas: Juego exterior 2017-18 FC Barcelona:  Pressey+Heurtel  Pau Ribas+Navarro+Koponen  Sanders+Kurucs+ Hanga (esperan)+Marc Ga…
893383580377903105, 812983219138293760, 2017-08-04T08:10:18.000Z, RT @chemadelucas: Juego exterior 2017-18 FC Barcelona:  Pressey+Heurtel  Pau Ribas+Navarro+Koponen  Sanders+Kurucs+ Hanga (esperan)+Marc Ga…
893383798418747392, 1608482202, 2017-08-04T08:11:10.000Z, Fichajes ACB: Marc Garcia, Sylven Landesberg, Nemanja Radovic… https://t.co/FUn5ctRyvv
893384484502065152, 491369721, 2017-08-04T08:13:54.000Z, RT @chemadelucas: Juego exterior 2017-18 FC Barcelona:  Pressey+Heurtel  Pau Ribas+Navarro+Koponen  Sanders+Kurucs+ Hanga (esperan)+Marc Ga…
893385458717261824, 1116670363, 2017-08-04T08:17:46.000Z, RT @chemadelucas: Juego exterior 2017-18 FC Barcelona:  Pressey+Heurtel  Pau Ribas+Navarro+Koponen  Sanders+Kurucs+ Hanga (esperan)+Marc Ga…
893385985551212546, 265578668, 2017-08-04T08:19:51.000Z, RT @chemadelucas: Juego exterior 2017-18 FC Barcelona:  Pressey+Heurtel  Pau Ribas+Navarro+Koponen  Sanders+Kurucs+ Hanga (esperan)+Marc Ga…
893386335540699136, 575247203, 2017-08-04T08:21:15.000Z, RT @chemadelucas: Juego exterior 2017-18 FC Barcelona:  Pressey+Heurtel  Pau Ribas+Navarro+Koponen  Sanders+Kurucs+ Hanga (esperan)+Marc Ga…
893386356046651392, 3042290537, 2017-08-04T08:21:20.000Z, RT @chemadelucas: Juego exterior 2017-18 FC Barcelona:  Pressey+Heurtel  Pau Ribas+Navarro+Koponen  Sanders+Kurucs+ Hanga (esperan)+Marc Ga…
893386463668260865, 196646250, 2017-08-04T08:21:45.000Z, @marc_escoda Marc Garcia y Kurucs.
893392561179512833, 2931828542, 2017-08-04T08:45:59.000Z, Eh kok gue jadi pengen merhatiin garcia pas race yha😂😂 gara² keseringan ghibahin marc sama @duhitzdewi
893395019561930752, 287877112, 2017-08-04T08:55:45.000Z, RT @chemadelucas: Juego exterior 2017-18 FC Barcelona:  Pressey+Heurtel  Pau Ribas+Navarro+Koponen  Sanders+Kurucs+ Hanga (esperan)+Marc Ga…
893395592684208128, 1951735190, 2017-08-04T08:58:02.000Z, RT @chemadelucas: Juego exterior 2017-18 FC Barcelona:  Pressey+Heurtel  Pau Ribas+Navarro+Koponen  Sanders+Kurucs+ Hanga (esperan)+Marc Ga…
893398001154220032, 4419052767, 2017-08-04T09:07:36.000Z, RT @chemadelucas: Juego exterior 2017-18 FC Barcelona:  Pressey+Heurtel  Pau Ribas+Navarro+Koponen  Sanders+Kurucs+ Hanga (esperan)+Marc Ga…
893404834627559426, 442651112, 2017-08-04T09:34:45.000Z, @CusCusBcn @ernestnegro @dgonzalezvil No, cap peça més, perquè Marc Garcia repescat vol dir que tindrem 15 fitxes, 2 a cavall amb LEB.
893406493072130048, 267089905, 2017-08-04T09:41:21.000Z, @ernestnegro @CusCusBcn @MalCulerisme @dgonzalezvil I Kurucs i Marc García.
893415400700092417, 225401425, 2017-08-04T10:16:45.000Z, RT @chemadelucas: Juego exterior 2017-18 FC Barcelona:  Pressey+Heurtel  Pau Ribas+Navarro+Koponen  Sanders+Kurucs+ Hanga (esperan)+Marc Ga…
893416618415579136, 322592464, 2017-08-04T10:21:35.000Z, @Lonis_T @ramonresist @jordito46843815 @Actimell @fcbbasketnews @chemadelucas Y evidentemente antes minutos a Marc Garcia
893436378192658432, 1025156479, 2017-08-04T11:40:06.000Z, Fichajes ACB: Marc Garcia, Sylven Landesberg, Nemanja Radovic… https://t.co/k6sA5BFkNP
893452908762730496, 2595505661, 2017-08-04T12:45:47.000Z, @eldeu @kantinu A mi Kop m'encanta, i si Ribas pot recuperar-se Navarro pot repartir aigua. I Marc Garcia ha d'anar creixent...
893455054845431809, 167387336, 2017-08-04T12:54:19.000Z, Thomas Heurtel, Adrien Moerman, Pierre Oriola, Phil Pressey, Rakim Sanders y Kevin Séraphin+ la apuesta por Marc García, el Barsa de Sito 🔝🔝
893459297841152001, 375544740, 2017-08-04T13:11:10.000Z, @chemadelucas Marc García no es más escolta?
893466846996910080, 248605193, 2017-08-04T13:41:10.000Z, @palauresist ya tengo a puntito el pleno al 14. El 15 me han hecho el lio marc garcia-peno🤐😂 https://t.co/B7RZNKnvoL
893469816836763648, 852588602223677440, 2017-08-04T13:52:58.000Z, RT @chemadelucas: Juego exterior 2017-18 FC Barcelona:  Pressey+Heurtel  Pau Ribas+Navarro+Koponen  Sanders+Kurucs+ Hanga (esperan)+Marc Ga…
893482742436028416, 632911153, 2017-08-04T14:44:20.000Z, @FCBbasket También falta Marc García, recientemente repescado para el primer equipo.
893485983035002881, 314670465, 2017-08-04T14:57:13.000Z, @Felixfashion Y decían q Marc García sería de la primera plantilla
893497789728120832, 788489940300656640, 2017-08-04T15:44:08.000Z, RT @chemadelucas: Juego exterior 2017-18 FC Barcelona:  Pressey+Heurtel  Pau Ribas+Navarro+Koponen  Sanders+Kurucs+ Hanga (esperan)+Marc Ga…
893508081619021826, 3362188211, 2017-08-04T16:25:01.000Z, @kantinu Pressey Heurtel Marc García , Koponen Ribas Navarro, Hanga Sanders Kurucs , Claver Vezenkov Moerman, Tomic Seraph Oriola, esta plantilla? 👌🏻
893519808402268160, 40047903, 2017-08-04T17:11:37.000Z, Sin Nieto no habría Marc Márquez Sin Santana no habría Nadal Sin Severiano Ballesteros no habría Sergio García ALIENTO HEROICO
893520451120619520, 15016365, 2017-08-04T17:14:11.000Z, RT @trecet: Sin Nieto no habría Marc Márquez Sin Santana no habría Nadal Sin Severiano Ballesteros no habría Sergio García ALIENTO HEROICO
893520477905457152, 291400978, 2017-08-04T17:14:17.000Z, RT @trecet: Sin Nieto no habría Marc Márquez Sin Santana no habría Nadal Sin Severiano Ballesteros no habría Sergio García ALIENTO HEROICO
893521675777699841, 883189992, 2017-08-04T17:19:02.000Z, RT @trecet: Sin Nieto no habría Marc Márquez Sin Santana no habría Nadal Sin Severiano Ballesteros no habría Sergio García ALIENTO HEROICO
893521723852816385, 624715536, 2017-08-04T17:19:14.000Z, RT @trecet: Sin Nieto no habría Marc Márquez Sin Santana no habría Nadal Sin Severiano Ballesteros no habría Sergio García ALIENTO HEROICO
893521910251827201, 201901797, 2017-08-04T17:19:58.000Z, RT @trecet: Sin Nieto no habría Marc Márquez Sin Santana no habría Nadal Sin Severiano Ballesteros no habría Sergio García ALIENTO HEROICO
893521990182678528, 502038529, 2017-08-04T17:20:17.000Z, RT @trecet: Sin Nieto no habría Marc Márquez Sin Santana no habría Nadal Sin Severiano Ballesteros no habría Sergio García ALIENTO HEROICO
893521998458101761, 370565565, 2017-08-04T17:20:19.000Z, RT @trecet: Sin Nieto no habría Marc Márquez Sin Santana no habría Nadal Sin Severiano Ballesteros no habría Sergio García ALIENTO HEROICO
893522465300860929, 2927871317, 2017-08-04T17:22:11.000Z, RT @trecet: Sin Nieto no habría Marc Márquez Sin Santana no habría Nadal Sin Severiano Ballesteros no habría Sergio García ALIENTO HEROICO
893522587455770625, 16236094, 2017-08-04T17:22:40.000Z, RT @trecet: Sin Nieto no habría Marc Márquez Sin Santana no habría Nadal Sin Severiano Ballesteros no habría Sergio García ALIENTO HEROICO
893522830289252352, 283486333, 2017-08-04T17:23:38.000Z, RT @trecet: Sin Nieto no habría Marc Márquez Sin Santana no habría Nadal Sin Severiano Ballesteros no habría Sergio García ALIENTO HEROICO
893523137782067200, 209496112, 2017-08-04T17:24:51.000Z, RT @trecet: Sin Nieto no habría Marc Márquez Sin Santana no habría Nadal Sin Severiano Ballesteros no habría Sergio García ALIENTO HEROICO
893523212092547072, 1394254754, 2017-08-04T17:25:09.000Z, RT @trecet: Sin Nieto no habría Marc Márquez Sin Santana no habría Nadal Sin Severiano Ballesteros no habría Sergio García ALIENTO HEROICO
893523265636925440, 366780146, 2017-08-04T17:25:22.000Z, RT @trecet: Sin Nieto no habría Marc Márquez Sin Santana no habría Nadal Sin Severiano Ballesteros no habría Sergio García ALIENTO HEROICO
893523285237014529, 123871410, 2017-08-04T17:25:26.000Z, RT @trecet: Sin Nieto no habría Marc Márquez Sin Santana no habría Nadal Sin Severiano Ballesteros no habría Sergio García ALIENTO HEROICO
893523870766047233, 504588992, 2017-08-04T17:27:46.000Z, RT @trecet: Sin Nieto no habría Marc Márquez Sin Santana no habría Nadal Sin Severiano Ballesteros no habría Sergio García ALIENTO HEROICO
893524017348579330, 1916623784, 2017-08-04T17:28:21.000Z, RT @trecet: Sin Nieto no habría Marc Márquez Sin Santana no habría Nadal Sin Severiano Ballesteros no habría Sergio García ALIENTO HEROICO
893524625719734276, 68656712, 2017-08-04T17:30:46.000Z, RT @trecet: Sin Nieto no habría Marc Márquez Sin Santana no habría Nadal Sin Severiano Ballesteros no habría Sergio García ALIENTO HEROICO
893524724113911808, 367184408, 2017-08-04T17:31:09.000Z, RT @trecet: Sin Nieto no habría Marc Márquez Sin Santana no habría Nadal Sin Severiano Ballesteros no habría Sergio García ALIENTO HEROICO
893524734595526658, 473357174, 2017-08-04T17:31:12.000Z, RT @trecet: Sin Nieto no habría Marc Márquez Sin Santana no habría Nadal Sin Severiano Ballesteros no habría Sergio García ALIENTO HEROICO
893525212599386113, 122720027, 2017-08-04T17:33:06.000Z, RT @trecet: Sin Nieto no habría Marc Márquez Sin Santana no habría Nadal Sin Severiano Ballesteros no habría Sergio García ALIENTO HEROICO
893525900792406016, 3435446361, 2017-08-04T17:35:50.000Z, RT @trecet: Sin Nieto no habría Marc Márquez Sin Santana no habría Nadal Sin Severiano Ballesteros no habría Sergio García ALIENTO HEROICO
893525999484358661, 197568390, 2017-08-04T17:36:13.000Z, RT @trecet: Sin Nieto no habría Marc Márquez Sin Santana no habría Nadal Sin Severiano Ballesteros no habría Sergio García ALIENTO HEROICO
893526478243213312, 116458986, 2017-08-04T17:38:07.000Z, RT @trecet: Sin Nieto no habría Marc Márquez Sin Santana no habría Nadal Sin Severiano Ballesteros no habría Sergio García ALIENTO HEROICO
893526618693664769, 375833027, 2017-08-04T17:38:41.000Z, RT @trecet: Sin Nieto no habría Marc Márquez Sin Santana no habría Nadal Sin Severiano Ballesteros no habría Sergio García ALIENTO HEROICO
893527471739609089, 14033642, 2017-08-04T17:42:04.000Z, RT @trecet: Sin Nieto no habría Marc Márquez Sin Santana no habría Nadal Sin Severiano Ballesteros no habría Sergio García ALIENTO HEROICO
893528155851542530, 334112880, 2017-08-04T17:44:47.000Z, RT @trecet: Sin Nieto no habría Marc Márquez Sin Santana no habría Nadal Sin Severiano Ballesteros no habría Sergio García ALIENTO HEROICO
893528528846807041, 483032070, 2017-08-04T17:46:16.000Z, RT @trecet: Sin Nieto no habría Marc Márquez Sin Santana no habría Nadal Sin Severiano Ballesteros no habría Sergio García ALIENTO HEROICO
893528535549267968, 364510508, 2017-08-04T17:46:18.000Z, RT @trecet: Sin Nieto no habría Marc Márquez Sin Santana no habría Nadal Sin Severiano Ballesteros no habría Sergio García ALIENTO HEROICO
893528683331428353, 397585593, 2017-08-04T17:46:53.000Z, RT @trecet: Sin Nieto no habría Marc Márquez Sin Santana no habría Nadal Sin Severiano Ballesteros no habría Sergio García ALIENTO HEROICO
893528722791428096, 836661409685581824, 2017-08-04T17:47:03.000Z, RT @trecet: Sin Nieto no habría Marc Márquez Sin Santana no habría Nadal Sin Severiano Ballesteros no habría Sergio García ALIENTO HEROICO
893529284542951426, 944556986, 2017-08-04T17:49:17.000Z, RT @trecet: Sin Nieto no habría Marc Márquez Sin Santana no habría Nadal Sin Severiano Ballesteros no habría Sergio García ALIENTO HEROICO
893530129053474816, 117418928, 2017-08-04T17:52:38.000Z, RT @trecet: Sin Nieto no habría Marc Márquez Sin Santana no habría Nadal Sin Severiano Ballesteros no habría Sergio García ALIENTO HEROICO
893530624119767040, 428396415, 2017-08-04T17:54:36.000Z, RT @trecet: Sin Nieto no habría Marc Márquez Sin Santana no habría Nadal Sin Severiano Ballesteros no habría Sergio García ALIENTO HEROICO
893530657384779776, 608506018, 2017-08-04T17:54:44.000Z, RT @trecet: Sin Nieto no habría Marc Márquez Sin Santana no habría Nadal Sin Severiano Ballesteros no habría Sergio García ALIENTO HEROICO
893531440377450496, 153572953, 2017-08-04T17:57:51.000Z, RT @trecet: Sin Nieto no habría Marc Márquez Sin Santana no habría Nadal Sin Severiano Ballesteros no habría Sergio García ALIENTO HEROICO
893531523936382976, 246309926, 2017-08-04T17:58:10.000Z, RT @trecet: Sin Nieto no habría Marc Márquez Sin Santana no habría Nadal Sin Severiano Ballesteros no habría Sergio García ALIENTO HEROICO
893532083796287488, 2688167288, 2017-08-04T18:00:24.000Z, RT @trecet: Sin Nieto no habría Marc Márquez Sin Santana no habría Nadal Sin Severiano Ballesteros no habría Sergio García ALIENTO HEROICO
893532885755604993, 855832943197126656, 2017-08-04T18:03:35.000Z, RT @trecet: Sin Nieto no habría Marc Márquez Sin Santana no habría Nadal Sin Severiano Ballesteros no habría Sergio García ALIENTO HEROICO
893533797957894145, 459302610, 2017-08-04T18:07:13.000Z, RT @trecet: Sin Nieto no habría Marc Márquez Sin Santana no habría Nadal Sin Severiano Ballesteros no habría Sergio García ALIENTO HEROICO
893534430823841792, 394093932, 2017-08-04T18:09:44.000Z, RT @trecet: Sin Nieto no habría Marc Márquez Sin Santana no habría Nadal Sin Severiano Ballesteros no habría Sergio García ALIENTO HEROICO
893534540689551360, 95223717, 2017-08-04T18:10:10.000Z, RT @trecet: Sin Nieto no habría Marc Márquez Sin Santana no habría Nadal Sin Severiano Ballesteros no habría Sergio García ALIENTO HEROICO
893534568237731844, 1146388388, 2017-08-04T18:10:16.000Z, RT @trecet: Sin Nieto no habría Marc Márquez Sin Santana no habría Nadal Sin Severiano Ballesteros no habría Sergio García ALIENTO HEROICO
893534885817831424, 376701083, 2017-08-04T18:11:32.000Z, RT @trecet: Sin Nieto no habría Marc Márquez Sin Santana no habría Nadal Sin Severiano Ballesteros no habría Sergio García ALIENTO HEROICO
893535355655385088, 631023272, 2017-08-04T18:13:24.000Z, RT @trecet: Sin Nieto no habría Marc Márquez Sin Santana no habría Nadal Sin Severiano Ballesteros no habría Sergio García ALIENTO HEROICO
893535363620380672, 383973014, 2017-08-04T18:13:26.000Z, RT @trecet: Sin Nieto no habría Marc Márquez Sin Santana no habría Nadal Sin Severiano Ballesteros no habría Sergio García ALIENTO HEROICO
893535813190995970, 277187137, 2017-08-04T18:15:13.000Z, RT @trecet: Sin Nieto no habría Marc Márquez Sin Santana no habría Nadal Sin Severiano Ballesteros no habría Sergio García ALIENTO HEROICO
893536528118534146, 1598983196, 2017-08-04T18:18:04.000Z, RT @trecet: Sin Nieto no habría Marc Márquez Sin Santana no habría Nadal Sin Severiano Ballesteros no habría Sergio García ALIENTO HEROICO
893538190480482305, 708425710218715136, 2017-08-04T18:24:40.000Z, RT @trecet: Sin Nieto no habría Marc Márquez Sin Santana no habría Nadal Sin Severiano Ballesteros no habría Sergio García ALIENTO HEROICO
893539262125273088, 169216392, 2017-08-04T18:28:55.000Z, RT @trecet: Sin Nieto no habría Marc Márquez Sin Santana no habría Nadal Sin Severiano Ballesteros no habría Sergio García ALIENTO HEROICO
893540384772587520, 839784936, 2017-08-04T18:33:23.000Z, RT @trecet: Sin Nieto no habría Marc Márquez Sin Santana no habría Nadal Sin Severiano Ballesteros no habría Sergio García ALIENTO HEROICO
893540580067647488, 2426961728, 2017-08-04T18:34:10.000Z, Marc Garcia #OrangeCounty #Florida #Arrest #Mugshot https://t.co/VJGli093Gr
893540927171637249, 289338983, 2017-08-04T18:35:32.000Z, RT @trecet: Sin Nieto no habría Marc Márquez Sin Santana no habría Nadal Sin Severiano Ballesteros no habría Sergio García ALIENTO HEROICO
893541446896287745, 2366038838, 2017-08-04T18:37:36.000Z, RT @trecet: Sin Nieto no habría Marc Márquez Sin Santana no habría Nadal Sin Severiano Ballesteros no habría Sergio García ALIENTO HEROICO
893541948434382848, 47200365, 2017-08-04T18:39:36.000Z, RT @trecet: Sin Nieto no habría Marc Márquez Sin Santana no habría Nadal Sin Severiano Ballesteros no habría Sergio García ALIENTO HEROICO
893543776412721155, 94936600, 2017-08-04T18:46:52.000Z, RT @trecet: Sin Nieto no habría Marc Márquez Sin Santana no habría Nadal Sin Severiano Ballesteros no habría Sergio García ALIENTO HEROICO
893546490026639360, 310560561, 2017-08-04T18:57:39.000Z, RT @trecet: Sin Nieto no habría Marc Márquez Sin Santana no habría Nadal Sin Severiano Ballesteros no habría Sergio García ALIENTO HEROICO
893547224654917632, 2806916987, 2017-08-04T19:00:34.000Z, RT @trecet: Sin Nieto no habría Marc Márquez Sin Santana no habría Nadal Sin Severiano Ballesteros no habría Sergio García ALIENTO HEROICO
893548099607576576, 864791046, 2017-08-04T19:04:02.000Z, RT @trecet: Sin Nieto no habría Marc Márquez Sin Santana no habría Nadal Sin Severiano Ballesteros no habría Sergio García ALIENTO HEROICO
893550180741644289, 191422439, 2017-08-04T19:12:19.000Z, RT @trecet: Sin Nieto no habría Marc Márquez Sin Santana no habría Nadal Sin Severiano Ballesteros no habría Sergio García ALIENTO HEROICO
893550792896114688, 764585766508953604, 2017-08-04T19:14:45.000Z, RT @trecet: Sin Nieto no habría Marc Márquez Sin Santana no habría Nadal Sin Severiano Ballesteros no habría Sergio García ALIENTO HEROICO
893550828660948992, 241019922, 2017-08-04T19:14:53.000Z, RT @trecet: Sin Nieto no habría Marc Márquez Sin Santana no habría Nadal Sin Severiano Ballesteros no habría Sergio García ALIENTO HEROICO
893552186864660480, 2876406324, 2017-08-04T19:20:17.000Z, Marc GARCIA MORENO https://t.co/cPN64Mzr5e
893553103990996992, 2968755220, 2017-08-04T19:23:56.000Z, RT @trecet: Sin Nieto no habría Marc Márquez Sin Santana no habría Nadal Sin Severiano Ballesteros no habría Sergio García ALIENTO HEROICO
893553998271315968, 433415110, 2017-08-04T19:27:29.000Z, RT @trecet: Sin Nieto no habría Marc Márquez Sin Santana no habría Nadal Sin Severiano Ballesteros no habría Sergio García ALIENTO HEROICO
893554640566054914, 80825477, 2017-08-04T19:30:02.000Z, RT @trecet: Sin Nieto no habría Marc Márquez Sin Santana no habría Nadal Sin Severiano Ballesteros no habría Sergio García ALIENTO HEROICO
893555521499824128, 355181969, 2017-08-04T19:33:32.000Z, RT @trecet: Sin Nieto no habría Marc Márquez Sin Santana no habría Nadal Sin Severiano Ballesteros no habría Sergio García ALIENTO HEROICO
893555625032134658, 1369754334, 2017-08-04T19:33:57.000Z, RT @trecet: Sin Nieto no habría Marc Márquez Sin Santana no habría Nadal Sin Severiano Ballesteros no habría Sergio García ALIENTO HEROICO
893557384513286144, 2810484489, 2017-08-04T19:40:56.000Z, RT @trecet: Sin Nieto no habría Marc Márquez Sin Santana no habría Nadal Sin Severiano Ballesteros no habría Sergio García ALIENTO HEROICO
893557759597322240, 508074312, 2017-08-04T19:42:26.000Z, RT @trecet: Sin Nieto no habría Marc Márquez Sin Santana no habría Nadal Sin Severiano Ballesteros no habría Sergio García ALIENTO HEROICO
893557799539490816, 21221826, 2017-08-04T19:42:35.000Z, RT @trecet: Sin Nieto no habría Marc Márquez Sin Santana no habría Nadal Sin Severiano Ballesteros no habría Sergio García ALIENTO HEROICO
893559785538408449, 376395862, 2017-08-04T19:50:29.000Z, RT @trecet: Sin Nieto no habría Marc Márquez Sin Santana no habría Nadal Sin Severiano Ballesteros no habría Sergio García ALIENTO HEROICO
893561780005359616, 471908656, 2017-08-04T19:58:24.000Z, RT @trecet: Sin Nieto no habría Marc Márquez Sin Santana no habría Nadal Sin Severiano Ballesteros no habría Sergio García ALIENTO HEROICO
893562906771570688, 266159714, 2017-08-04T20:02:53.000Z, RT @trecet: Sin Nieto no habría Marc Márquez Sin Santana no habría Nadal Sin Severiano Ballesteros no habría Sergio García ALIENTO HEROICO
893564890283114498, 214833399, 2017-08-04T20:10:46.000Z, RT @trecet: Sin Nieto no habría Marc Márquez Sin Santana no habría Nadal Sin Severiano Ballesteros no habría Sergio García ALIENTO HEROICO
893566119461744641, 196625054, 2017-08-04T20:15:39.000Z, RT @trecet: Sin Nieto no habría Marc Márquez Sin Santana no habría Nadal Sin Severiano Ballesteros no habría Sergio García ALIENTO HEROICO
893569369900556288, 203475466, 2017-08-04T20:28:34.000Z, RT @trecet: Sin Nieto no habría Marc Márquez Sin Santana no habría Nadal Sin Severiano Ballesteros no habría Sergio García ALIENTO HEROICO
893575575629160449, 146156290, 2017-08-04T20:53:13.000Z, RT @trecet: Sin Nieto no habría Marc Márquez Sin Santana no habría Nadal Sin Severiano Ballesteros no habría Sergio García ALIENTO HEROICO
893575603827466240, 4524306453, 2017-08-04T20:53:20.000Z, RT @trecet: Sin Nieto no habría Marc Márquez Sin Santana no habría Nadal Sin Severiano Ballesteros no habría Sergio García ALIENTO HEROICO
893576787237765120, 1209928296, 2017-08-04T20:58:02.000Z, RT @trecet: Sin Nieto no habría Marc Márquez Sin Santana no habría Nadal Sin Severiano Ballesteros no habría Sergio García ALIENTO HEROICO
893576955701972992, 132799877, 2017-08-04T20:58:42.000Z, RT @trecet: Sin Nieto no habría Marc Márquez Sin Santana no habría Nadal Sin Severiano Ballesteros no habría Sergio García ALIENTO HEROICO
893577284636069888, 362410619, 2017-08-04T21:00:01.000Z, RT @trecet: Sin Nieto no habría Marc Márquez Sin Santana no habría Nadal Sin Severiano Ballesteros no habría Sergio García ALIENTO HEROICO
893578485461127169, 4547191, 2017-08-04T21:04:47.000Z, RT @trecet: Sin Nieto no habría Marc Márquez Sin Santana no habría Nadal Sin Severiano Ballesteros no habría Sergio García ALIENTO HEROICO
893580105158676480, 100483345, 2017-08-04T21:11:13.000Z, RT @trecet: Sin Nieto no habría Marc Márquez Sin Santana no habría Nadal Sin Severiano Ballesteros no habría Sergio García ALIENTO HEROICO
893581784964902913, 2273958219, 2017-08-04T21:17:54.000Z, RT @trecet: Sin Nieto no habría Marc Márquez Sin Santana no habría Nadal Sin Severiano Ballesteros no habría Sergio García ALIENTO HEROICO
893582143053496328, 1109413357, 2017-08-04T21:19:19.000Z, RT @trecet: Sin Nieto no habría Marc Márquez Sin Santana no habría Nadal Sin Severiano Ballesteros no habría Sergio García ALIENTO HEROICO
893583029221953536, 113727098, 2017-08-04T21:22:50.000Z, RT @trecet: Sin Nieto no habría Marc Márquez Sin Santana no habría Nadal Sin Severiano Ballesteros no habría Sergio García ALIENTO HEROICO
893584889328660480, 1530386112, 2017-08-04T21:30:14.000Z, RT @trecet: Sin Nieto no habría Marc Márquez Sin Santana no habría Nadal Sin Severiano Ballesteros no habría Sergio García ALIENTO HEROICO
893587406275960832, 453174718, 2017-08-04T21:40:14.000Z, RT @trecet: Sin Nieto no habría Marc Márquez Sin Santana no habría Nadal Sin Severiano Ballesteros no habría Sergio García ALIENTO HEROICO
893587935181889539, 544291178, 2017-08-04T21:42:20.000Z, RT @trecet: Sin Nieto no habría Marc Márquez Sin Santana no habría Nadal Sin Severiano Ballesteros no habría Sergio García ALIENTO HEROICO
893588543343407104, 445855582, 2017-08-04T21:44:45.000Z, RT @trecet: Sin Nieto no habría Marc Márquez Sin Santana no habría Nadal Sin Severiano Ballesteros no habría Sergio García ALIENTO HEROICO
893589596201779200, 436178518, 2017-08-04T21:48:56.000Z, RT @trecet: Sin Nieto no habría Marc Márquez Sin Santana no habría Nadal Sin Severiano Ballesteros no habría Sergio García ALIENTO HEROICO
893595557956026369, 309560773, 2017-08-04T22:12:37.000Z, RT @trecet: Sin Nieto no habría Marc Márquez Sin Santana no habría Nadal Sin Severiano Ballesteros no habría Sergio García ALIENTO HEROICO
893595872763707392, 271977984, 2017-08-04T22:13:52.000Z, RT @trecet: Sin Nieto no habría Marc Márquez Sin Santana no habría Nadal Sin Severiano Ballesteros no habría Sergio García ALIENTO HEROICO
893596333147389952, 269695300, 2017-08-04T22:15:42.000Z, RT @trecet: Sin Nieto no habría Marc Márquez Sin Santana no habría Nadal Sin Severiano Ballesteros no habría Sergio García ALIENTO HEROICO
893596334162407424, 248291101, 2017-08-04T22:15:42.000Z, RT @trecet: Sin Nieto no habría Marc Márquez Sin Santana no habría Nadal Sin Severiano Ballesteros no habría Sergio García ALIENTO HEROICO
893597167537074180, 2752665419, 2017-08-04T22:19:01.000Z, RT @trecet: Sin Nieto no habría Marc Márquez Sin Santana no habría Nadal Sin Severiano Ballesteros no habría Sergio García ALIENTO HEROICO
893598146420391936, 137796685, 2017-08-04T22:22:55.000Z, RT @trecet: Sin Nieto no habría Marc Márquez Sin Santana no habría Nadal Sin Severiano Ballesteros no habría Sergio García ALIENTO HEROICO
893604412354056192, 56061787, 2017-08-04T22:47:48.000Z, RT @trecet: Sin Nieto no habría Marc Márquez Sin Santana no habría Nadal Sin Severiano Ballesteros no habría Sergio García ALIENTO HEROICO
893606671477383170, 276650148, 2017-08-04T22:56:47.000Z, RT @trecet: Sin Nieto no habría Marc Márquez Sin Santana no habría Nadal Sin Severiano Ballesteros no habría Sergio García ALIENTO HEROICO
893608910749388805, 211723313, 2017-08-04T23:05:41.000Z, RT @trecet: Sin Nieto no habría Marc Márquez Sin Santana no habría Nadal Sin Severiano Ballesteros no habría Sergio García ALIENTO HEROICO
893615806730444800, 48503571, 2017-08-04T23:33:05.000Z, RT @trecet: Sin Nieto no habría Marc Márquez Sin Santana no habría Nadal Sin Severiano Ballesteros no habría Sergio García ALIENTO HEROICO
893616044597813249, 430269531, 2017-08-04T23:34:02.000Z, RT @trecet: Sin Nieto no habría Marc Márquez Sin Santana no habría Nadal Sin Severiano Ballesteros no habría Sergio García ALIENTO HEROICO
893625713114267650, 1894309993, 2017-08-05T00:12:27.000Z, RT @trecet: Sin Nieto no habría Marc Márquez Sin Santana no habría Nadal Sin Severiano Ballesteros no habría Sergio García ALIENTO HEROICO
893629769862057984, 273360453, 2017-08-05T00:28:34.000Z, RT @trecet: Sin Nieto no habría Marc Márquez Sin Santana no habría Nadal Sin Severiano Ballesteros no habría Sergio García ALIENTO HEROICO
893649523158994945, 390893942, 2017-08-05T01:47:04.000Z, RT @trecet: Sin Nieto no habría Marc Márquez Sin Santana no habría Nadal Sin Severiano Ballesteros no habría Sergio García ALIENTO HEROICO
893708495853322241, 234690778, 2017-08-05T05:41:24.000Z, RT @trecet: Sin Nieto no habría Marc Márquez Sin Santana no habría Nadal Sin Severiano Ballesteros no habría Sergio García ALIENTO HEROICO
893717798865825793, 1163463343, 2017-08-05T06:18:22.000Z, RT @trecet: Sin Nieto no habría Marc Márquez Sin Santana no habría Nadal Sin Severiano Ballesteros no habría Sergio García ALIENTO HEROICO
893719173825789952, 310245749, 2017-08-05T06:23:50.000Z, RT @trecet: Sin Nieto no habría Marc Márquez Sin Santana no habría Nadal Sin Severiano Ballesteros no habría Sergio García ALIENTO HEROICO
893720169192796161, 878519117162176512, 2017-08-05T06:27:47.000Z, RT @trecet: Sin Nieto no habría Marc Márquez Sin Santana no habría Nadal Sin Severiano Ballesteros no habría Sergio García ALIENTO HEROICO
893734095741739010, 3103151369, 2017-08-05T07:23:07.000Z, RT @trecet: Sin Nieto no habría Marc Márquez Sin Santana no habría Nadal Sin Severiano Ballesteros no habría Sergio García ALIENTO HEROICO
893737498635108352, 507480619, 2017-08-05T07:36:39.000Z, RT @trecet: Sin Nieto no habría Marc Márquez Sin Santana no habría Nadal Sin Severiano Ballesteros no habría Sergio García ALIENTO HEROICO
893743276305641472, 3002922297, 2017-08-05T07:59:36.000Z, RT @trecet: Sin Nieto no habría Marc Márquez Sin Santana no habría Nadal Sin Severiano Ballesteros no habría Sergio García ALIENTO HEROICO
893744739429863425, 2261322810, 2017-08-05T08:05:25.000Z, RT @trecet: Sin Nieto no habría Marc Márquez Sin Santana no habría Nadal Sin Severiano Ballesteros no habría Sergio García ALIENTO HEROICO
893797078853439490, 4895008894, 2017-08-05T11:33:24.000Z, Morgen gibt's es für die Sunday Lounge mit Xevious aka Marc Garcia &amp; Oliver Loew ein Heimspiel :D  Und das... https://t.co/PQeKg2cKVt
893797833572331520, 818917934, 2017-08-05T11:36:24.000Z, RT @trecet: Sin Nieto no habría Marc Márquez Sin Santana no habría Nadal Sin Severiano Ballesteros no habría Sergio García ALIENTO HEROICO
893808549108871168, 228526289, 2017-08-05T12:18:58.000Z, RT @trecet: Sin Nieto no habría Marc Márquez Sin Santana no habría Nadal Sin Severiano Ballesteros no habría Sergio García ALIENTO HEROICO
893823041427431424, 1846514688, 2017-08-05T13:16:34.000Z, RT @trecet: Sin Nieto no habría Marc Márquez Sin Santana no habría Nadal Sin Severiano Ballesteros no habría Sergio García ALIENTO HEROICO
893828466793205762, 501678935, 2017-08-05T13:38:07.000Z, RT @trecet: Sin Nieto no habría Marc Márquez Sin Santana no habría Nadal Sin Severiano Ballesteros no habría Sergio García ALIENTO HEROICO
893833340687712258, 397591355, 2017-08-05T13:57:29.000Z, RT @trecet: Sin Nieto no habría Marc Márquez Sin Santana no habría Nadal Sin Severiano Ballesteros no habría Sergio García ALIENTO HEROICO
893847698046160896, 445834401, 2017-08-05T14:54:32.000Z, RT @trecet: Sin Nieto no habría Marc Márquez Sin Santana no habría Nadal Sin Severiano Ballesteros no habría Sergio García ALIENTO HEROICO
893851659591438336, 265611161, 2017-08-05T15:10:17.000Z, @llamame_george Si pero EJ: al Barça Marc García, convocarle no le va a costar alta o baja.  Imagino que Randoncic tendrá esa ficha. Yusta no sé.
893853432322433025, 1329426242, 2017-08-05T15:17:19.000Z, RT @trecet: Sin Nieto no habría Marc Márquez Sin Santana no habría Nadal Sin Severiano Ballesteros no habría Sergio García ALIENTO HEROICO
893861261271760897, 636828620, 2017-08-05T15:48:26.000Z, RT @trecet: Sin Nieto no habría Marc Márquez Sin Santana no habría Nadal Sin Severiano Ballesteros no habría Sergio García ALIENTO HEROICO
893870278081728515, 718074562, 2017-08-05T16:24:16.000Z, RT @trecet: Sin Nieto no habría Marc Márquez Sin Santana no habría Nadal Sin Severiano Ballesteros no habría Sergio García ALIENTO HEROICO
893899800671694849, 2388878820, 2017-08-05T18:21:34.000Z, Marc Garcia vuelve a la disciplina del Barça Lassa: El escolta catalán estará bajo las órdenes de Sito Alonso en el… https://t.co/71zj3VeVb8 https://t.co/ssOHX8s0bm
893908445128085505, 267898988, 2017-08-05T18:55:55.000Z, RT @trecet: Sin Nieto no habría Marc Márquez Sin Santana no habría Nadal Sin Severiano Ballesteros no habría Sergio García ALIENTO HEROICO
893912109184110593, 341372527, 2017-08-05T19:10:29.000Z, RT @trecet: Sin Nieto no habría Marc Márquez Sin Santana no habría Nadal Sin Severiano Ballesteros no habría Sergio García ALIENTO HEROICO
893926872685457408, 360570004, 2017-08-05T20:09:09.000Z, RT @trecet: Sin Nieto no habría Marc Márquez Sin Santana no habría Nadal Sin Severiano Ballesteros no habría Sergio García ALIENTO HEROICO
893933059938144258, 230438239, 2017-08-05T20:33:44.000Z, RT @trecet: Sin Nieto no habría Marc Márquez Sin Santana no habría Nadal Sin Severiano Ballesteros no habría Sergio García ALIENTO HEROICO
893939713421320195, 2173820941, 2017-08-05T21:00:10.000Z, El color de la calle - @MarcusGas @TEDxGracia #TED ➜ https://t.co/T7erJEOHET https://t.co/zkwERyyOD9
893940397801697280, 2254903525, 2017-08-05T21:02:54.000Z, RT @TEDxGracia: El color de la calle - @MarcusGas @TEDxGracia #TED ➜ https://t.co/T7erJEOHET https://t.co/zkwERyyOD9
893955020353396738, 2510624441, 2017-08-05T22:01:00.000Z, RT @trecet: Sin Nieto no habría Marc Márquez Sin Santana no habría Nadal Sin Severiano Ballesteros no habría Sergio García ALIENTO HEROICO
893955770722680832, 4885805985, 2017-08-05T22:03:59.000Z, RT @trecet: Sin Nieto no habría Marc Márquez Sin Santana no habría Nadal Sin Severiano Ballesteros no habría Sergio García ALIENTO HEROICO
894003608752197633, 828010085293125632, 2017-08-06T01:14:04.000Z, RT @FCBbasket: 🏀 Marc Garcia torna a la disciplina del @FCBbasket per al curs 2017/18  👋 Ben tornat, @marcga8 !  👉 https://t.co/m9RlRtkl34…
894119925522079744, 267902373, 2017-08-06T08:56:16.000Z, RT @trecet: Sin Nieto no habría Marc Márquez Sin Santana no habría Nadal Sin Severiano Ballesteros no habría Sergio García ALIENTO HEROICO
894282642199281664, 813660854, 2017-08-06T19:42:51.000Z, RT @trecet: Sin Nieto no habría Marc Márquez Sin Santana no habría Nadal Sin Severiano Ballesteros no habría Sergio García ALIENTO HEROICO
894302899324563456, 705354689815171073, 2017-08-06T21:03:21.000Z, Digbeu, Samanic, Sergio Martinez, Velicka, Marc Garcia, Kurucs! @FCBbasket has some real talent! https://t.co/k7FfOnOOAP
894306730099826692, 458619536, 2017-08-06T21:18:34.000Z, @DanielUrresti1  https://t.co/HvW6dFrNlY Urresti le canta a Alan Garcia con Pilar y keiko con Marc Vitto.....UNA VERDAD QUE LES ESPERA....
894308367157653504, 254070225, 2017-08-06T21:25:04.000Z, @MiguelLois Y que ha pasado Miguel? no le ha convencido? ha preferido a Marc García?
894310998370381830, 103534119, 2017-08-06T21:35:32.000Z, .@3aaamp:"A Marc García le dije que su muñeca no la tiene nadie en @acbcom, pero que necesitaba trabajar su físico" https://t.co/YuJ0rIUMGw https://t.co/krN30t4s6b
894342567692840960, 2334139272, 2017-08-06T23:40:58.000Z, RT @nachosilvan: Adán, Barragán, Marc Valiente, Piqué, Canella; Javi García, Mario Suárez, Toni Calvo, Capel; Mata y Bueno. EQUIPAZO. Y yo…
894486313117917184, 219379341, 2017-08-07T09:12:10.000Z, @XavierBastida @RamonMurcia Totalmente de acuerdo, para mí Kurucs, Aleix Font, Marc García y Sergi Martínez tendrían que ir dos convocados a cada partido ACB.
894730022770036741, 1491817770, 2017-08-08T01:20:35.000Z, @xe_garcia El sabado emborracharemos al marc.
894875269378572288, 15925074, 2017-08-08T10:57:44.000Z, @ShaunMoore is Cutler the new era of Marc Burnell/ Jeff Garcia / Vinny Testaverde QBs who make a second career of being ready for the call?
894932342824992768, 874294858512465920, 2017-08-08T14:44:32.000Z, @jordito46843815 @Edumartin7 @R_KeioU @ramonresist @fcbbasketnews Año que viene queda libre,no digo que vayan a por él ahora,pero puede ser que sí antes de Marc García.Él quería minutos,y en FCB difícil
895131552727695360, 4300065986, 2017-08-09T03:56:07.000Z, Tell them to call Marc Garcia @ Visit Mesa - he needs a big taxpayer-funded idea like this to bundle into an Outdoor Sports Complex :) https://t.co/jtoetdbfXZ
895133221444177922, 4300065986, 2017-08-09T04:02:45.000Z, Make a Deal w Marc Garcia @ Visit Mesa-needs to bundle big taxpayer-funded anchor attraction to Red Mtn Outdoor Sports Complex for lifeline$ https://t.co/wXk5BygO6m
895419806777724930, 130845620, 2017-08-09T23:01:32.000Z, Marc Garcia-Chicote, Quico Cortès, Pau Quemada i Pepe Romeu (Egara). Xavi Lleonart (Bloemendaal).
895426497334345728, 614962906, 2017-08-09T23:28:07.000Z, Marc Garcia, 18 : #IHateTimWaterman
895587229766082560, 265611161, 2017-08-10T10:06:49.000Z, Era cantado lo de Luke Nelson y el Betis. Ahora, 1º que juegue que Cate se ha pegado 2 años allí sin jugar y Marc García lo mismo
895616510349242368, 874294858512465920, 2017-08-10T12:03:10.000Z, 4/4 @RMBaloncesto  Marc García Dike Egum Rubén López @BFuenlabrada  Juan José Santana @ClubEstudiantes  Héctor Alderete
895633643619700738, 760707637482774529, 2017-08-10T13:11:15.000Z, RT @FrasesDEscritor: La pobreza del rico es la ignorancia, y la riqueza del pobre es vivir en ella. Marc Garcia.
895706333240074240, 201868760, 2017-08-10T18:00:05.000Z, Bona tarda. Equip inicial al camp de @FCLESCALA Quinti Sergio Garcia, Cano, Lluc, Subi; Herrera, Cornellà, Barrera; Litus, Bona i Marc Vilà.
895708335885996033, 216098347, 2017-08-10T18:08:03.000Z, RT @palamoscf: Bona tarda. Equip inicial al camp de @FCLESCALA Quinti Sergio Garcia, Cano, Lluc, Subi; Herrera, Cornellà, Barrera; Litus, B…
895711820979200001, 855066516294950913, 2017-08-10T18:21:54.000Z, @AustinLyons43 @quin_quinlan @twoskompany @marc_raimondi MMA striking is nowhere near Boxing striking. Aldo was undefeated for 10 years and won most his KO's by hands. watch him train with Garcia.
895712102928703489, 855066516294950913, 2017-08-10T18:23:01.000Z, @AustinLyons43 @quin_quinlan @twoskompany @marc_raimondi He looks like a rank amateur training with Robert Garcia. MMA striking is nowhere near a boxers, you'll find that out on Aug 26th
895721380825759744, 270015075, 2017-08-10T18:59:53.000Z, @mediavida5 Feddal ,Marc Navarro,maffeo,David García y vesga
895779496074379265, 119053919, 2017-08-10T22:50:49.000Z, @turuwilder @RondoBlaugrana Con Navarro prejubilado, Ribas lesionado y rk joven marc garcia, Koponen a su nivel es clave!!!
895784200271482880, 778167691, 2017-08-10T23:09:30.000Z, Gracias!! @dlacalle @memobarba @Marc__Fb @euribor_com_es @PedroJ_Cuestas @PablodelaMac @jalmagro @cgilnavarro @mateo_garcia_ @brotebrote
895859467895676928, 594478364, 2017-08-11T04:08:36.000Z, Awen Garcia Marc Dalimpapas Andre Gumasing kailan ba tayo ulit magkakasama. 😂 https://t.co/mXeTJeP2Jk
895898800694448129, 1066235594, 2017-08-11T06:44:53.000Z, @DodgeLRC @LabGodess @robmusic0 @SeeligSly @MikeRymer @LadyKMariea @Anashay_Loves @paulamarie100 @c_celticmama @emma_garcia_xx :-) Cheers Marc. Have a great weekend. 😊🌷xx
895932934330437632, 375544740, 2017-08-11T09:00:31.000Z, @Gorahristo @turuwilder @RondoBlaugrana Esperemos que a Marc Garcia le den muchos minutos en ACB. Tengo ganas de verlo...
896007082272579584, 265611161, 2017-08-11T13:55:10.000Z, @lehanejc Barça va a tener 15 + Marc García. Es que si no, llegas con la lengua fuera
896052462469001216, 101223853, 2017-08-11T16:55:29.000Z, Alice senior LB Marc Garcia flying around. Working through block and makes a tackle in screen drills. #3SportsBlitz @kiii3sports https://t.co/OuUZCmOTws
896052523030544384, 56428719, 2017-08-11T16:55:43.000Z, RT @IanSteeleKIII: Alice senior LB Marc Garcia flying around. Working through block and makes a tackle in screen drills. #3SportsBlitz @kii…
896062422951223297, 2859667198, 2017-08-11T17:35:04.000Z, @syrys_garcia @marc_markk You beat me 1 time out of 100
896063072145506306, 2859667198, 2017-08-11T17:37:39.000Z, @syrys_garcia @marc_markk Bitch weren't you crying yesterday when I beat you?
896063331982757888, 1477798070, 2017-08-11T17:38:41.000Z, RT @JoseAguirre_23: @syrys_garcia @marc_markk Bitch weren't you crying yesterday when I beat you?
896063564389036032, 2859667198, 2017-08-11T17:39:36.000Z, @marc_markk @syrys_garcia He didn't have lebron?
896063850499366912, 2859667198, 2017-08-11T17:40:44.000Z, @syrys_garcia @marc_markk You're stupid af. You barley beat me on one on one. You've bought like 5 new controllers cause of me
896064064731848705, 2859667198, 2017-08-11T17:41:35.000Z, @syrys_garcia @marc_markk Bring it to the salon. I'm dying my hair😂
896064475320557568, 2859667198, 2017-08-11T17:43:13.000Z, @syrys_garcia @marc_markk You ain't shit
896066568886538241, 1141265521, 2017-08-11T17:51:32.000Z, RT @IanSteeleKIII: Alice senior LB Marc Garcia flying around. Working through block and makes a tackle in screen drills. #3SportsBlitz @kii…
896066611219644416, 179208939, 2017-08-11T17:51:42.000Z, RT @IanSteeleKIII: Alice senior LB Marc Garcia flying around. Working through block and makes a tackle in screen drills. #3SportsBlitz @kii…
896068814982356994, 2678360257, 2017-08-11T18:00:28.000Z, RT @IanSteeleKIII: Alice senior LB Marc Garcia flying around. Working through block and makes a tackle in screen drills. #3SportsBlitz @kii…
896071397478252545, 2583466759, 2017-08-11T18:10:44.000Z, RT @IanSteeleKIII: Alice senior LB Marc Garcia flying around. Working through block and makes a tackle in screen drills. #3SportsBlitz @kii…
896072167401508864, 3000443017, 2017-08-11T18:13:47.000Z, RT @IanSteeleKIII: Alice senior LB Marc Garcia flying around. Working through block and makes a tackle in screen drills. #3SportsBlitz @kii…
896072450097594368, 2911393700, 2017-08-11T18:14:54.000Z, @JoseAguirre_23 @syrys_garcia @marc_markk Bro im the best 😭💀💀😂
896073468617252866, 2627775753, 2017-08-11T18:18:57.000Z, RT @IanSteeleKIII: Alice senior LB Marc Garcia flying around. Working through block and makes a tackle in screen drills. #3SportsBlitz @kii…
896076081886773248, 3188002987, 2017-08-11T18:29:20.000Z, RT @IanSteeleKIII: Alice senior LB Marc Garcia flying around. Working through block and makes a tackle in screen drills. #3SportsBlitz @kii…
896077626095190016, 2911393700, 2017-08-11T18:35:29.000Z, @syrys_garcia @JoseAguirre_23 @marc_markk Not even 😭😅
896085008124751872, 763808248822587396, 2017-08-11T19:04:49.000Z, RT @IanSteeleKIII: Alice senior LB Marc Garcia flying around. Working through block and makes a tackle in screen drills. #3SportsBlitz @kii…
896087197752807426, 591088309, 2017-08-11T19:13:31.000Z, RT @IanSteeleKIII: Alice senior LB Marc Garcia flying around. Working through block and makes a tackle in screen drills. #3SportsBlitz @kii…
896090733710409729, 797850046293278720, 2017-08-11T19:27:34.000Z, RT @IanSteeleKIII: Alice senior LB Marc Garcia flying around. Working through block and makes a tackle in screen drills. #3SportsBlitz @kii…
896098133079244800, 1664596609, 2017-08-11T19:56:58.000Z, RT @IanSteeleKIII: Alice senior LB Marc Garcia flying around. Working through block and makes a tackle in screen drills. #3SportsBlitz @kii…
896104040391524353, 3223876052, 2017-08-11T20:20:26.000Z, RT @IanSteeleKIII: Alice senior LB Marc Garcia flying around. Working through block and makes a tackle in screen drills. #3SportsBlitz @kii…
896107442102181888, 2732175627, 2017-08-11T20:33:57.000Z, RT @IanSteeleKIII: Alice senior LB Marc Garcia flying around. Working through block and makes a tackle in screen drills. #3SportsBlitz @kii…
896107900484988928, 888035605, 2017-08-11T20:35:47.000Z, RT @IanSteeleKIII: Alice senior LB Marc Garcia flying around. Working through block and makes a tackle in screen drills. #3SportsBlitz @kii…
896111834519945217, 853691274, 2017-08-11T20:51:24.000Z, RT @IanSteeleKIII: Alice senior LB Marc Garcia flying around. Working through block and makes a tackle in screen drills. #3SportsBlitz @kii…
896116708082987008, 4030842074, 2017-08-11T21:10:46.000Z, RT @IanSteeleKIII: Alice senior LB Marc Garcia flying around. Working through block and makes a tackle in screen drills. #3SportsBlitz @kii…
896119388876619777, 179025517, 2017-08-11T21:21:26.000Z, @PedroJimeneez Yo pido a un delantero rápido y también me traía a Marc Gual y de mediocentro a Dani García 🙏🙏
896146779573334016, 1587699528, 2017-08-11T23:10:16.000Z, RT @IanSteeleKIII: Alice senior LB Marc Garcia flying around. Working through block and makes a tackle in screen drills. #3SportsBlitz @kii…
896155753722990592, 1611767910, 2017-08-11T23:45:56.000Z, RT @IanSteeleKIII: Alice senior LB Marc Garcia flying around. Working through block and makes a tackle in screen drills. #3SportsBlitz @kii…
896164958345371648, 321737304, 2017-08-12T00:22:30.000Z, RT @IanSteeleKIII: Alice senior LB Marc Garcia flying around. Working through block and makes a tackle in screen drills. #3SportsBlitz @kii…
896176007480266752, 2227659373, 2017-08-12T01:06:24.000Z, RT @IanSteeleKIII: Alice senior LB Marc Garcia flying around. Working through block and makes a tackle in screen drills. #3SportsBlitz @kii…
896192910043033600, 757691361793495040, 2017-08-12T02:13:34.000Z, RT @IanSteeleKIII: Alice senior LB Marc Garcia flying around. Working through block and makes a tackle in screen drills. #3SportsBlitz @kii…
896273370387546113, 301206103, 2017-08-12T07:33:18.000Z, RT @IanSteeleKIII: Alice senior LB Marc Garcia flying around. Working through block and makes a tackle in screen drills. #3SportsBlitz @kii…
896280622464999424, 2759207680, 2017-08-12T08:02:07.000Z, @Asesor_Biwenger Este seria mi equipo ahora suplentes bakali,marc roca,leglent,sergio garcia y jose angel algun consejo? https://t.co/gTp1uRbhJB
896286722044162050, 3345643181, 2017-08-12T08:26:21.000Z, @palauresist @Lonis_T @jaimemendezfont Yo el tema de cupos estoy tranquilo: Marc Garcia, Sergi Martinez, Kurucs, Diagné...aún así tener controlado Smits es una gran opción.
896398862734303233, 1183683103, 2017-08-12T15:51:57.000Z, RT @IanSteeleKIII: Alice senior LB Marc Garcia flying around. Working through block and makes a tackle in screen drills. #3SportsBlitz @kii…
896410073517445122, 367610921, 2017-08-12T16:36:30.000Z, Suplents @ecgranollers : Luís, Colchero, Carrillo, Mamadou, Español, Cristian, Marc Garcia i Samu Obeng.
896434978602594305, 758697146883375105, 2017-08-12T18:15:28.000Z, Goooooooooooool de Marc García  @spriberena 0-1 Juvenil A  #futuroazulgrana
896435374691581952, 2320515136, 2017-08-12T18:17:02.000Z, RT @cantera_ud: Goooooooooooool de Marc García  @spriberena 0-1 Juvenil A  #futuroazulgrana
896439499751903232, 758697146883375105, 2017-08-12T18:33:26.000Z, Gooooooooooooool de Marc García.  @spriberena 0-2 Juvenil A  #futuroazulgrana
896464741735976960, 139748568, 2017-08-12T20:13:44.000Z, 44e Trofeu Garcia-Munté @uesitges 4-0 @cemarganell1982. Adri Alonso(2) Alex Pérez i Marc Martinez, fan els gols a #sitges @Gol_Cat @SalvaCJ https://t.co/BFKKY37zFy
896464936888451072, 139748568, 2017-08-12T20:14:31.000Z, 44e Trofeu Garcia-Munté @uesitges 4-0 @cemarganell1982. Adri Alonso(2) Alex Pérez i Marc Martinez, fan els gols a... https://t.co/9nc5NCovvx
896469078671593473, 1730078774, 2017-08-12T20:30:58.000Z, 1-2 perdió el Eupen de @AuliJordi,@Xinoexposito o @RomaCunillera,con Marc Valiente y Luis García todo el encuentro, contra Kortrijk.
896476245508141057, 891764282, 2017-08-12T20:59:27.000Z, RT @uesitges: 44e Trofeu Garcia-Munté @uesitges 4-0 @cemarganell1982. Adri Alonso(2) Alex Pérez i Marc Martinez, fan els gols a #sitges @Go…
896532807710912512, 200414964, 2017-08-13T00:44:12.000Z, RT @uesitges: 44e Trofeu Garcia-Munté @uesitges 4-0 @cemarganell1982. Adri Alonso(2) Alex Pérez i Marc Martinez, fan els gols a #sitges @Go…
896586719436439552, 2438522153, 2017-08-13T04:18:26.000Z, RT @angelicadisogno: https://t.co/jOnQzkdiEF 🎼Pauline Viardot-Garcia(1821-1910) 🎵Berceuse cosaque 🎨Marc Chagall (Bella e Ida alla finestra)…
896609351615614976, 3081602615, 2017-08-13T05:48:22.000Z, RT @angelicadisogno: https://t.co/jOnQzkdiEF 🎼Pauline Viardot-Garcia(1821-1910) 🎵Berceuse cosaque 🎨Marc Chagall (Bella e Ida alla finestra)…
896638123332993024, 717953167, 2017-08-13T07:42:41.000Z, RT @uesitges: 44e Trofeu Garcia-Munté @uesitges 4-0 @cemarganell1982. Adri Alonso(2) Alex Pérez i Marc Martinez, fan els gols a #sitges @Go…
896661745447710722, 555180029, 2017-08-13T09:16:33.000Z, Florian Marquis Kévin Garcia https://t.co/gfmp1M2H1g
896789041286230016, 3290978054, 2017-08-13T17:42:23.000Z, @marc_jason11 @charliearevalo Last night for a solid 3 minutes I thought... just put Rafa Garcia ho front. Maybe he'll get a goal.
897001019476979713, 2580332245, 2017-08-14T07:44:43.000Z, @accasco Y por fin con jugadores de la cantera en el primer equipo Kurucs y Marc García, y en la recamara Sergi Martinez. Veremos si les dan bola.
897028225808953344, 796571749, 2017-08-14T09:32:49.000Z, Estan a la llista Ferran Pol, Emili Garcia, Txus Rubio, Ludovic Clemente, Marc Pujol, Jordi Aláez, Àlex Martínez i Aaron Sànchez. https://t.co/CXfZUAy9DS
897058351842041860, 2482493241, 2017-08-14T11:32:32.000Z, RT @FCA_oficial: Estan a la llista Ferran Pol, Emili Garcia, Txus Rubio, Ludovic Clemente, Marc Pujol, Jordi Aláez, Àlex Martínez i Aaron S…
897197965600841732, 2214431318, 2017-08-14T20:47:18.000Z, Por Aleña, Adama, Sandro, Marc García Mboula, Samper, Palencia... #bartomeudimiteya
897213537843630090, 332702893, 2017-08-14T21:49:11.000Z, @Sedenov02 @mundodeportivo @scurto55 Marc Garcia es de 1996
897485478647263232, 1334482339, 2017-08-15T15:49:47.000Z, En la alineación de los españoles comienzan Pablo Maffeo y Marc Muniesa. Douglas Luiz, Marlos Moreno y Aleix Garcia en la banca.
897495260036829187, 23575593, 2017-08-15T16:28:39.000Z, @biancapui99 @danimonti77 @MarcMundet78 @FemSantAdria @BasquetManresa Als ultims anys ens fitxen a Marc Garcia i Ericsson a part de desenes de MINIS (sisi minis) desconec si passa en dona xi arribaria a passar
897538039865647104, 28047201, 2017-08-15T19:18:38.000Z, España 24-Venezuela 9 FIN 1C ESP Marc Gasol 9, Sergio Rodríguez 5, 5 jugadores con 2 VEN José Vargas 4, César García 3, Néstor Colmenares 2
897690695879798785, 231738418, 2017-08-16T05:25:14.000Z, RT @FCA_oficial: Estan a la llista Ferran Pol, Emili Garcia, Txus Rubio, Ludovic Clemente, Marc Pujol, Jordi Aláez, Àlex Martínez i Aaron S…
897774988131958784, 778167691, 2017-08-16T11:00:11.000Z, Gracias!! @inthemoodfortw @martanillo @Marc__Fb @Jose_Borgo @cgilnavarro @mateo_garcia_ @demetonen @jalmagro @JpratJ @Sheeletta @DEBOUTSION
897777635425746944, 1379556830, 2017-08-16T11:10:42.000Z, ¿Escucha activa y #JasonBourne? Marc García, controlador aéreo de @ENAIRE en #BarcelonaElPrat ▶️ https://t.co/6y3GppKHS8 #AeroportTV3 🎧 https://t.co/1uc86PgaOQ
897821412802666496, 2658975882, 2017-08-16T14:04:40.000Z, No hemos vendido a Diego Lopez, David Lopez, Aaron, Marc Navarro, Gerard Moreno, Piatti, Jurado y han vuelto Sergio Garcia y Pau. #rcde
897821625705521153, 1436147334, 2017-08-16T14:05:30.000Z, RT @Jorge18994756: No hemos vendido a Diego Lopez, David Lopez, Aaron, Marc Navarro, Gerard Moreno, Piatti, Jurado y han vuelto Sergio Garc…
897834696758964225, 861247375800664065, 2017-08-16T14:57:27.000Z, RT @Jorge18994756: No hemos vendido a Diego Lopez, David Lopez, Aaron, Marc Navarro, Gerard Moreno, Piatti, Jurado y han vuelto Sergio Garc…
897848372287209472, 132313640, 2017-08-16T15:51:47.000Z, 5-8 Cieza-UCAM Murcia 0-7 (Marc Fernández,Quiles,Góngora 2,1p,Víctor García y Moukam)
897874807643156485, 43456627, 2017-08-16T17:36:50.000Z, Marc Garcia lolzzzzzzzzzzzzzz https://t.co/OTeoYocFs8
897888587445751808, 718019029999468547, 2017-08-16T18:31:35.000Z, Substitution On - Marc Garcia (Andorra 0 - 0 Qatar)
897898295816630272, 2975574604, 2017-08-16T19:10:10.000Z, RT @Fedandfut: Canvis: Entren: Jordi Rubio, Marc Garcia i Emili. Surten: Vales, Chus i Moi
898024730208370688, 892433868300660736, 2017-08-17T03:32:34.000Z, Pres Simona Garcia Marc Sievers Mamie Walton Sylwia Wilczynska #dot @ThePeninsulaChi  🎥 @CandidCandace https://t.co/Zc1QXGDs1J
898092868669145089, 132313640, 2017-08-17T08:03:20.000Z, 29-7 Martos CD -Córdoba B 1-2 (Jordi Ortega y Marc Rueda) 2-8 Ciudad de Lucena-Córdoba B 2-2 (Diego García y Juan Guerra / Vera (p) y Borja)
898125199043899394, 484833601, 2017-08-17T10:11:48.000Z, RT @ENAIRE: ¿Escucha activa y #JasonBourne? Marc García, controlador aéreo de @ENAIRE en #BarcelonaElPrat ▶️ https://t.co/6y3GppKHS8 #Aerop…
898168071050940416, 1622524081, 2017-08-17T13:02:09.000Z, @ACBCOM @AlexSua33 @BasketZaragoza @RMBaloncesto Entre Suarez Sebas y Barreiro sale un Zaragoza muy madridista. Si ls juntas con Sergi García y Marc Martí un equipo con mucho futuro.Suerte!
898191485463613440, 1220231701, 2017-08-17T14:35:12.000Z, @monkey__marc @deanbeattie Hard to beat a recommendation from Marc. Early issues have fantastic art from Jose Luis Garcia-Lopez.
898225519136780289, 20952164, 2017-08-17T16:50:26.000Z, RT @S_C_CHICAGO: Pres Simona Garcia Marc Sievers Mamie Walton Sylwia Wilczynska #dot @ThePeninsulaChi  🎥 @CandidCandace https://t.co/Zc1QXG…
898253594985672706, 268884204, 2017-08-17T18:42:00.000Z, le trio zadig, marc girard garcia au violoncelle, boris borgotto au violon et ian barber au piano à dinard samedi 19 08 à 20h30 #belété https://t.co/IZCpS6BzGs
898256411628646400, 773978536226979840, 2017-08-17T18:53:11.000Z, RT @Marc_FTO_garcia: @1996Javi Para ir a donde
898257111595057153, 773978536226979840, 2017-08-17T18:55:58.000Z, RT @Marc_FTO_garcia: @widl3r Ya tendrian q acabar con todos ellos
898324597619081216, 98675423, 2017-08-17T23:24:08.000Z, There's a new addition to my list of TV Series Spirit Animals. Kevin Keller meet Marc, Amanda and Penelope Garcia https://t.co/TsipAItx8I
898486869389959168, 1066235594, 2017-08-18T10:08:57.000Z, @DodgeLRC @LabGodess @robmusic0 @SeeligSly @MikeRymer @LadyKMariea @Anashay_Loves @paulamarie100 @c_celticmama @emma_garcia_xx :-) Cheers Marc. Hope you have a great weekend. xx
898504802925019137, 480380655, 2017-08-18T11:20:13.000Z, Us enrecordeu de l'Alba Garcia? Al mes de març va venir al #Pdtrobada a parlar de la seva passió: la natació! https://t.co/YHTSBBaGWa https://t.co/QCoKHBbPVX
898524635771404289, 607108265, 2017-08-18T12:39:01.000Z, @josehuguet Koponen, Navarro, Ribas, Marc García (Escoltas). Sanders, Hanga, Kurucs, Claver (Aleros).  Overbooking en el 2-3, no?
898540178616274944, 143213413, 2017-08-18T13:40:47.000Z, @luisone2012 @jmiguel_AC @josehuguet Como Navarro, Marc García y su me apuras Koponen
898551710787919875, 879452315425681408, 2017-08-18T14:26:36.000Z, RT @IanSteeleKIII: Alice senior LB Marc Garcia flying around. Working through block and makes a tackle in screen drills. #3SportsBlitz @kii…
898563423939825666, 108246103, 2017-08-18T15:13:09.000Z, @jaimemendezfont @Carlosruna y Marc García?
898585272245518336, 248605193, 2017-08-18T16:39:58.000Z, @jon2jontxu @cristianbatel11 @ramonresist @palauresist @FCBbasket Si me concedeis lo del cambio peno-marc garcia...no está mal a 27 de julio 😎
898620537953558528, 2173820941, 2017-08-18T19:00:06.000Z, El color de la calle - @MarcusGas @TEDxGracia #TED ➜ https://t.co/T7erJEOHET https://t.co/cjRnPZNqtF
898661590182088704, 821728810559303681, 2017-08-18T21:43:14.000Z, A que 2 vendo? Bergara-Jony Rodriguez-Kuzmanovic-Marc Roca-Iván Alejo-Borja García-Fede Valverde o Pizarro @JornadaPerfecta @DudasBiwenger
