id, author_id, created_at, text
860073595564851204, 349045949, 2017-05-04T10:08:19.000Z, SEAMOS FRANCOS 13/03/17 La obra social de José Antonio Girón de Velasco. Con Luis López Novelles https://t.co/kZ89CROO0r
860237195348783106, 2370998347, 2017-05-04T20:58:24.000Z, Conferencia de hoy en la #Biblioteca de #SantRoc, #Badalona, a cargo de Jose Luis Montero Villa y Antonio Velasco Gómez.
860276237285171200, 614962906, 2017-05-04T23:33:32.000Z, Jose Luis Velasco, 38 : #IHateTimWaterman
860294184489693184, 2400281774, 2017-05-05T00:44:51.000Z, Lamenta el delegado de Economía en el Estado de México, José Luis Velasco Lino, que el Presidente de Estados... https://t.co/VVC5CIwatO
860303406501683200, 343188002, 2017-05-05T01:21:30.000Z, Lamenta el delegado de Economía en el Estado de México, José Luis Velasco Lino, que el Presidente de Estados... https://t.co/zUmbHzlcvS
860334936724836354, 343188002, 2017-05-05T03:26:47.000Z, RT @seunonoticias: Lamenta el delegado de Economía en el Estado de México, José Luis Velasco Lino, que el Presidente de Estados... https://…
860623234647162880, 308046482, 2017-05-05T22:32:23.000Z, José Luis Gutiérrez-Sheila Blanco. 12º Festival de Jazz de Castilla y León. Sala Concha Velasco. Lava.... https://t.co/XhPYECxgn1
860654271087378433, 157836520, 2017-05-06T00:35:43.000Z, #BibliotecaDelTerror  El Hombrecillo De Las Gafas José Luis Velasco No. 39 https://t.co/AQyTfdVtYh
860930234119532544, 17106158, 2017-05-06T18:52:17.000Z, @carloscasabona Hace años, el gran José Luis Velasco tenía en @La_SER al doctor Fallos. Oftalmólogo .
860940040490409986, 17106158, 2017-05-06T19:31:15.000Z, @maitecicleta @carloscasabona @La_SER En ese programa de @La_SER que dirigía el espléndido José Luis Velasco, había una doctora Pardillo.
862002446788440064, 574030246, 2017-05-09T17:52:53.000Z, Mesa redonda sobre filosofía iberoamericana, participan José Luis Mora, Ambrosio Velasco y Pedro Calafate, 9 de mayo, 17:00 horas, Sala A https://t.co/mNXeaA99Ap
862031645586731009, 573667961, 2017-05-09T19:48:54.000Z, RT @filos_unam: Mesa redonda sobre filosofía iberoamericana, participan José Luis Mora, Ambrosio Velasco y Pedro Calafate, 9 de mayo, 17:00…
862419711941906433, 2895565085, 2017-05-10T21:30:56.000Z, Retweeted José Luis Velasco (@profe_VELASCO):  Disparan balines a Bus q había salido d Temuco a las 22:15 a... https://t.co/9Vsrudi0fm
862722315968278528, 271032499, 2017-05-11T17:33:23.000Z, Sábado 13 de mayo a las 13 Misa en Rivela por José Luis Vinseiro Couceiro y Regina Velasco. Familia Couceiros
862722463570030592, 271032499, 2017-05-11T17:33:58.000Z, RT @jomacota: Sábado 13 de mayo a las 13 Misa en Rivela por José Luis Vinseiro Couceiro y Regina Velasco. Familia Couceiros
