id, author_id, created_at, text
1213996048118505472, 10252962, 2020-01-06T01:29:47.000Z, Claudia Janet Lopez, 37, of Sherman Oaks died following the shooting that also left her father critically wounded. Her 2 children were home at the time of the shooting, but were not hurt. https://t.co/Uux7vVBYje
1213996371524481024, 16087692, 2020-01-06T01:31:04.000Z, Claudia Janet Lopez, 37, of #ShermanOaks died following the shooting that also left her father critically wounded. Her 2 children were home at the time of the shooting, but were not hurt. https://t.co/Q1wVeoNAkp
1213996698575335424, 1179584309977444352, 2020-01-06T01:32:22.000Z, RT @TheNewsBrian: Claudia Janet Lopez, 37, of #ShermanOaks died following the shooting that also left her father critically wounded. Her 2…
1214001820340613126, 718172570839715840, 2020-01-06T01:52:43.000Z, RT @KTLA: Claudia Janet Lopez, 37, of Sherman Oaks died following the shooting that also left her father critically wounded. Her 2 children…
1214870358035009538, 311711914, 2020-01-08T11:23:59.000Z, RT @KTLA: Claudia Janet Lopez, 37, of Sherman Oaks died following the shooting that also left her father critically wounded. Her 2 children…
