id, author_id, created_at, text
688347077429039104, 175671937, 2016-01-16T13:08:26.000Z, OMI - CHEERLEADER (FELIX JAEHN REMIX) [ OFFICIAL MUSIC VIDEO] KEVIN ZAMORA COVER https://t.co/PsrK5jZvpK
688562031813873664, 175671937, 2016-01-17T03:22:35.000Z, BRUNO MARS - JUST THE WAY YOU ARE [OFFICIAL KEVIN ZAMORA VIDEO] https://t.co/6nEnUxYe3R via @YouTube
689055749960544256, 175671937, 2016-01-18T12:04:27.000Z, Bruno Mars - "It Will Rain" (Kevin Zamora) Cover https://t.co/QCr9TQIoC9
689235963738890241, 272452986, 2016-01-19T00:00:33.000Z, Claudia de Zamora dispuso la asistencia inmediata para la familia de Kevin Coronel https://t.co/pZenROqMJD
689263552964751360, 2816445634, 2016-01-19T01:50:11.000Z, Claudia de Zamora dispuso la asistencia inmediata para la familia de Kevin Coronel https://t.co/2CF9455Fpp
689536959686021120, 3193762877, 2016-01-19T19:56:36.000Z, Emoticón wink Reunion De Los Boy's Nigga's #Urgente Puede Asistir El Que Quiera Emoticón smile  Dia: Viernes 22... https://t.co/CI8NelFOWV
689615510019928065, 2698760450, 2016-01-20T01:08:44.000Z, Claudia de Zamora dispuso la asistencia inmediata para la familia de Kevin Coronel https://t.co/DslbQXWmlN
691114323989508097, 590544690, 2016-01-24T04:24:29.000Z, In Loving Memory Kevin Zamora https://t.co/gUVPzKp2m0 via @gofundme
693257038500106240, 3167588620, 2016-01-30T02:18:52.000Z, Lindos los animadores , saludos a mi amor Moises Castro y mi hijito Kevin Zamora  #TodosEnOlmue
