id, author_id, created_at, text
1057875707773231104, 75117285, 2018-11-01T06:03:17.000Z, Nomination – Ralph Rivera nouveau Directeur Général NBA Europe et Moyen-Orient https://t.co/eoZrKUzhf2
1058105282331635717, 22178780, 2018-11-01T21:15:32.000Z, @Ralph_Rivera_ Kyrie Irving and the Celtics host the Bucks, then the Pelicans travel to Portland to face Damian Lillard and the Trail Blazers - Coverage begins tonight at 8pm ET on TNT! 🔥  Reply #Stop to unsubscribe. https://t.co/OwWxWC7CRt
1058486669886844928, 869604506425806848, 2018-11-02T22:31:02.000Z, Ralph Rivera Gutierrez dijo que ya no es decano y que además no lo invitaron a ser miembro del comité. https://t.co/3BdAIiBdCY
1058498194944995328, 310281492, 2018-11-02T23:16:50.000Z, Nuova notizia: Ralph Rivera managing director di NBA Europa e Medio Oriente https://t.co/pigeSokpQC
1058670269756268546, 197590548, 2018-11-03T10:40:36.000Z, RT @amariorla: Ralph Rivera Gutierrez dijo que ya no es decano y que además no lo invitaron a ser miembro del comité. https://t.co/3BdAIiBd…
1060606202386751488, 90324235, 2018-11-08T18:53:18.000Z, @Ralph_Rivera_ Thank you!!!! Tell RJ hi!
1060657043357532161, 22178780, 2018-11-08T22:15:19.000Z, @Ralph_Rivera_ The Thunder host James Harden and the Rockets, then the Bucks visit the Bay to face Steph Curry and the Warriors - Coverage begins tonight at 8pm ET on TNT! 🔥 https://t.co/FbX9uQJtBe
