id, author_id, created_at, text
757624459012501504, 398527811, 2016-07-25T17:12:01.000Z, Retweeted Papa Francisco (@Pontifex_es):  Queridos jóvenes, ¡ofrezcamos al mundo un mosaico de numerosas... https://t.co/ui8IHrMv7k
757706596835139584, 398527811, 2016-07-25T22:38:24.000Z, Retweeted Papa Francisco (@Pontifex_es):  Queridos jóvenes, bendigo vuestros pasos hacia Cracovia para que formen... https://t.co/uWLcAL1VBx
757957701997584384, 237673706, 2016-07-26T15:16:12.000Z, Adolfo Vallejos en directo desde Cracovia JMJ: "Hoy comienza oficialmente la JMJ en espera del Papa Francisco" #680AM #80Años
757964637513986048, 991200666, 2016-07-26T15:43:46.000Z, Para el increíble pero cierto del @eldeforma un #oxxo con dos cajas funcionando! Suc. Adolfo Prieto y San Francisco
758039850259853312, 195179340, 2016-07-26T20:42:38.000Z, https://t.co/A7jdT1BBEq: 4º Ex. prefeito anuncia apoio às pré-candidaturas de Adolfo e Iltan em Francisco Dantas. https://t.co/oN0yqbBjBI
758068232813248512, 3386868321, 2016-07-26T22:35:25.000Z, RT @toroscanalplus: Toros de Adolfo Martín para Manuel Escribano, Francisco José Palazón y Paco Ureña. https://t.co/iHaAIHnIwv
758131723070824449, 398527811, 2016-07-27T02:47:42.000Z, Retweeted Papa Francisco (@Pontifex_es):  Queridos jóvenes, permanezcamos unidos en la oración para que esta JMJ... https://t.co/9atckG8pEo
758280605104734208, 237673706, 2016-07-27T12:39:19.000Z, Adolfo Vallejos en directo desde Cracovia #JMJ: "Una inmensa alegría de todos los que estamos aquí esperando la llegada del Papa Francisco".
758299862500769792, 237673706, 2016-07-27T13:55:50.000Z, [Ahora] Papa Francisco llega a la Jornada Mundial de la Juventud. Informa enviado especial Adolfo Vallejos #Cracovia2016 #680AM #80Años
758300279565590528, 1372241762, 2016-07-27T13:57:29.000Z, RT @680CARITAS: [Ahora] Papa Francisco llega a la Jornada Mundial de la Juventud. Informa enviado especial Adolfo Vallejos #Cracovia2016 #6…
758323043143917569, 237673706, 2016-07-27T15:27:57.000Z, Adolfo Vallejos en directo desde Cracovia: "Una actividad bastante cargada tiene el Papa Francisco" #JMJ #680AM #80Años
758469718311333890, 581471438, 2016-07-28T01:10:47.000Z, Danny Carvajal, Heiner Mora, Adolfo Machado, Roy Miller, Francisco Calvo, David Guzmán, Marvin Angulo, Mariano... https://t.co/f8or8FgfyL
758671859680354308, 130263066, 2016-07-28T14:34:01.000Z, 28 de julio de 1920 Francisco Villa pacta con el gobierno de Adolfo de la Huerta su retiro de las armas.
758674010397929473, 2534598665, 2016-07-28T14:42:34.000Z, RT @adolfo_eslava: Economía de paz sin excluidos.  Dignidad y capacidades de la gente de los barrios y del campo.  https://t.co/HwBdVZa4ys…
759226052614950914, 3304298105, 2016-07-30T03:16:11.000Z, Adolfo traemelo a Francisco
759234183348781056, 118528916, 2016-07-30T03:48:29.000Z, RT @Adolfo_Madalino: Cuando Don Francisco aparece es porque la cosa se puso seria #Los33
759234588120064000, 93728729, 2016-07-30T03:50:06.000Z, RT @Adolfo_Madalino: Se imaginan a Don Francisco con doblaje mexicano? "Aún no sabemos la neta con #Los33 chavos que están 700 mts bajo tie…
759389564725293060, 2627093987, 2016-07-30T14:05:55.000Z, RT @joaofilgueira3: Ex. prefeito, Epifânio Silvino, anuncia apoio a pré-candidatura de Adolfo Silveira em Francisco Dantas.: O at... https:…
759447738450792449, 398527811, 2016-07-30T17:57:05.000Z, Retweeted Papa Francisco (@Pontifex_es):  Jesús quiere corazones realmente consagrados, que viven del perdón... https://t.co/Cie0mlDSs0
759504691373805569, 398527811, 2016-07-30T21:43:23.000Z, Retweeted Papa Francisco (@Pontifex_es):  Jesús te llama a dejar tu huella en la vida, una huella que marque tu... https://t.co/NUDgx7yQyq
759575225180848128, 398527811, 2016-07-31T02:23:40.000Z, Retweeted Papa Francisco (@Pontifex_es):  Abrazando la cruz, Jesús abrazó desnudez y hambre, sed y soledad, dolor... https://t.co/enQiLabZoH
759732305438978048, 398527811, 2016-07-31T12:47:51.000Z, Retweeted Papa Francisco (@Pontifex_es):  Dios cuenta contigo por lo que eres, no por lo que tienes. A sus ojos,... https://t.co/VqwW9ApCFe
760103111553785856, 34268963, 2016-08-01T13:21:18.000Z, 3 - General History of Brazil   Francisco Adolfo de Varnhagen (1816-1878)   Son of a German military engineer in... https://t.co/VKp1NCwXYz
760457817325056001, 2627093987, 2016-08-02T12:50:46.000Z, Anúncio de apoio do Ex. prefeito Gilson Dias fortalece ainda mais os nomes de Adolfo e Iltan em Francisco Dan... https://t.co/q2GUMefiMj
760457821309632512, 749580924560482304, 2016-08-02T12:50:47.000Z, Anúncio de apoio do Ex. prefeito Gilson Dias fortalece ainda mais os nomes de Adolfo e Iltan em Francisco Dan... https://t.co/ymVqvsk8yL
760895816236208128, 38943145, 2016-08-03T17:51:14.000Z, Belo presente do amigo Francisco Adolfo Ferreira https://t.co/pYLaKvSuME
760896171250450434, 45147540, 2016-08-03T17:52:38.000Z, RT @ahportugal: Belo presente do amigo Francisco Adolfo Ferreira https://t.co/pYLaKvSuME
761090050314555392, 2242830642, 2016-08-04T06:43:03.000Z, Adolfo Roitman: "El Templo de Jerusalén es una de las grandes estructuras del Mundo Antiguo": (José Manuel Vi... https://t.co/XFIoI2MvbC
761107632983715840, 148445725, 2016-08-04T07:52:55.000Z, Adolfo Roitman: "El Templo de Jerusalén es una de las grandes estructuras del Mundo Antiguo": (José Manuel Vi... https://t.co/FbXe1FVCFI
761148220907061248, 1957610347, 2016-08-04T10:34:11.000Z, Adolfo Roitman: 'El Templo de Jerusalén es una de las grandes estructuras del Mundo Antiguo' https://t.co/GomARyGqGS https://t.co/bMkx7tP9EG
761184224535805952, 1130660690, 2016-08-04T12:57:15.000Z, RT @FraterUniversal: Adolfo Roitman: 'El Templo de Jerusalén es una de las grandes estructuras del Mundo Antiguo' https://t.co/GomARyGqGS h…
761269729764016128, 974009064, 2016-08-04T18:37:01.000Z, Adolfo Roitman: 'El Templo de Jerusalén es una de las grandes estructuras del Mundo Antiguo' https://t.co/6p4fCiEOTW https://t.co/YjSqPmKW3H
761269807585067008, 229426524, 2016-08-04T18:37:20.000Z, RT @FuenteLatina: Adolfo Roitman: 'El Templo de Jerusalén es una de las grandes estructuras del Mundo Antiguo' https://t.co/6p4fCiEOTW http…
761281597245104128, 80199214, 2016-08-04T19:24:11.000Z, RT @FuenteLatina: Adolfo Roitman: 'El Templo de Jerusalén es una de las grandes estructuras del Mundo Antiguo' https://t.co/6p4fCiEOTW http…
761295310081720373, 1130660690, 2016-08-04T20:18:40.000Z, RT @FuenteLatina: Adolfo Roitman: 'El Templo de Jerusalén es una de las grandes estructuras del Mundo Antiguo' https://t.co/6p4fCiEOTW http…
761302343870742528, 209615629, 2016-08-04T20:46:37.000Z, RT @FuenteLatina: Adolfo Roitman: 'El Templo de Jerusalén es una de las grandes estructuras del Mundo Antiguo' https://t.co/6p4fCiEOTW http…
761336111973163009, 598086383, 2016-08-04T23:00:48.000Z, RT @FuenteLatina: Adolfo Roitman: 'El Templo de Jerusalén es una de las grandes estructuras del Mundo Antiguo' https://t.co/6p4fCiEOTW http…
761678926183817217, 2194791158, 2016-08-05T21:43:01.000Z, El Palmar de Troya canonizó a San Francisco Franco y a San Adolfo Hitler, entre otros, desde luego que hay gente pa to jajaja
761820710557843456, 1135003322, 2016-08-06T07:06:25.000Z, Equipos: LDU (Quito-Ecuador) 1978  Parados: Adolfo Bolaños, Luis De Carlos (uruguayo), Roberto Sussman, Francisco... https://t.co/ynzlc7snfv
762688954483281920, 104960312, 2016-08-08T16:36:31.000Z, Adolfo Roitman: 'El Templo de Jerusalén es una de las grandes estructuras del Mundo Antiguo' https://t.co/F7kk81By3h
762775008896692224, 172212442, 2016-08-08T22:18:28.000Z, @EnchiladaSuiza Gustavo Adolfo Francisco González Uruchurtu.
762795433643106308, 3059838443, 2016-08-08T23:39:38.000Z, Hoje o @cresol_marreco joga com as cores de Francisco Beltrão: azul e amarelo #LNF2016 #CORxMAR  Adolfo Pegoraro📷 https://t.co/sCRAGM5P0V
763064715488681984, 3107478760, 2016-08-09T17:29:39.000Z, ES UNA VERGÜENZA QUE EXISTA LA "FUNDACIÓN ADOLFO HITLER" en Alemania. En España sería impensable una "Fundación Francisco Franco"
763118200154447876, 239149359, 2016-08-09T21:02:11.000Z, Hoy nos acompañan los goleadores del fútbol juvenil: Adolfo Gaich (6ta) y Francisco Bonfiglio (9na) https://t.co/CQpUDwADur
763118274888470528, 155915658, 2016-08-09T21:02:29.000Z, RT @lacuerveria970: Hoy nos acompañan los goleadores del fútbol juvenil: Adolfo Gaich (6ta) y Francisco Bonfiglio (9na) https://t.co/CQpUDw…
763120294378766336, 2373422709, 2016-08-09T21:10:30.000Z, RT @lacuerveria970: Hoy nos acompañan los goleadores del fútbol juvenil: Adolfo Gaich (6ta) y Francisco Bonfiglio (9na) https://t.co/CQpUDw…
763121915989024768, 2249101304, 2016-08-09T21:16:57.000Z, RT @lacuerveria970: Hoy nos acompañan los goleadores del fútbol juvenil: Adolfo Gaich (6ta) y Francisco Bonfiglio (9na) https://t.co/CQpUDw…
763135266005651456, 239149359, 2016-08-09T22:10:00.000Z, Gracias por participar en LA CUERVERIA (AM 970); Adolfo Gaich (6ta) y Francisco Bonfiglio (9na) https://t.co/3W1LEnl1o5
763135441071697920, 2373422709, 2016-08-09T22:10:42.000Z, RT @lacuerveria970: Gracias por participar en LA CUERVERIA (AM 970); Adolfo Gaich (6ta) y Francisco Bonfiglio (9na) https://t.co/3W1LEnl1o5
763136298337067013, 759384265733840896, 2016-08-09T22:14:06.000Z, RT @lacuerveria970: Gracias por participar en LA CUERVERIA (AM 970); Adolfo Gaich (6ta) y Francisco Bonfiglio (9na) https://t.co/3W1LEnl1o5
763136301877059584, 759384265733840896, 2016-08-09T22:14:07.000Z, RT @lacuerveria970: Hoy nos acompañan los goleadores del fútbol juvenil: Adolfo Gaich (6ta) y Francisco Bonfiglio (9na) https://t.co/CQpUDw…
763145101665239040, 155915658, 2016-08-09T22:49:05.000Z, RT @lacuerveria970: Gracias por participar en LA CUERVERIA (AM 970); Adolfo Gaich (6ta) y Francisco Bonfiglio (9na) https://t.co/3W1LEnl1o5
