id, author_id, created_at, text
953492724002390016, 115705583, 2018-01-17T05:02:35.000Z, Lieutenant Radtke provides details as to the arrest &amp; criminal filing in the murder of 33 year-old Victoria Ramos-Gutierrez, known by her friends as Viccky, a transgender woman who was well-loved in the local LGBTQ community. Full news conference here ➡️ https://t.co/Hc7aK3UsuN https://t.co/rC1mKYCz4E
953492851563757568, 126374634, 2018-01-17T05:03:05.000Z, RT @LAPDHQ: Lieutenant Radtke provides details as to the arrest &amp; criminal filing in the murder of 33 year-old Victoria Ramos-Gutierrez, kn…
953492965355282432, 56283684, 2018-01-17T05:03:32.000Z, RT @LAPDHQ: Lieutenant Radtke provides details as to the arrest &amp; criminal filing in the murder of 33 year-old Victoria Ramos-Gutierrez, kn…
953493356079820800, 355192080, 2018-01-17T05:05:05.000Z, RT @LAPDHQ: Lieutenant Radtke provides details as to the arrest &amp; criminal filing in the murder of 33 year-old Victoria Ramos-Gutierrez, kn…
953493559776182272, 50240793, 2018-01-17T05:05:54.000Z, RT @LAPDHQ: Lieutenant Radtke provides details as to the arrest &amp; criminal filing in the murder of 33 year-old Victoria Ramos-Gutierrez, kn…
953493722787856384, 39694855, 2018-01-17T05:06:33.000Z, RT @LAPDHQ: Lieutenant Radtke provides details as to the arrest &amp; criminal filing in the murder of 33 year-old Victoria Ramos-Gutierrez, kn…
953494295197073408, 24596887, 2018-01-17T05:08:49.000Z, RT @LAPDHQ: Lieutenant Radtke provides details as to the arrest &amp; criminal filing in the murder of 33 year-old Victoria Ramos-Gutierrez, kn…
953495866001756160, 880804728363520000, 2018-01-17T05:15:04.000Z, RT @LAPDHQ: Lieutenant Radtke provides details as to the arrest &amp; criminal filing in the murder of 33 year-old Victoria Ramos-Gutierrez, kn…
953503217438015489, 115705583, 2018-01-17T05:44:16.000Z, .@LAPDGirmala talks about the diligent efforts by LAPD West Bureau Homicide Detectives &amp; @LAFD Arson in solving the murder of Victoria Ramos-Gutierrez, known by her friends as Viccky, and the partnerships with the LGBTQ community. Full news conference ➡️ https://t.co/Hc7aK3UsuN https://t.co/9tbIWExobF
953503474603368448, 917912768811909120, 2018-01-17T05:45:18.000Z, RT @LAPDHQ: .@LAPDGirmala talks about the diligent efforts by LAPD West Bureau Homicide Detectives &amp; @LAFD Arson in solving the murder of V…
953503902078459904, 579343325, 2018-01-17T05:47:00.000Z, RT @LAPDHQ: Lieutenant Radtke provides details as to the arrest &amp; criminal filing in the murder of 33 year-old Victoria Ramos-Gutierrez, kn…
953504180206841856, 209681820, 2018-01-17T05:48:06.000Z, RT @LAPDHQ: .@LAPDGirmala talks about the diligent efforts by LAPD West Bureau Homicide Detectives &amp; @LAFD Arson in solving the murder of V…
953504905586552832, 110634962, 2018-01-17T05:50:59.000Z, RT @LAPDHQ: .@LAPDGirmala talks about the diligent efforts by LAPD West Bureau Homicide Detectives &amp; @LAFD Arson in solving the murder of V…
953509433899859968, 24596887, 2018-01-17T06:08:59.000Z, Man charged in stabbing death of Pico-Union house fire victim Victoria “Viccky” Ramos Gutierrez, a 33-year-old transgender woman. https://t.co/Xv9u0aGkNE by @nicolesantacruz
953520311739203584, 3196826682, 2018-01-17T06:52:12.000Z, RT @LAPDHQ: .@LAPDGirmala talks about the diligent efforts by LAPD West Bureau Homicide Detectives &amp; @LAFD Arson in solving the murder of V…
953521389067268096, 877993640710348800, 2018-01-17T06:56:29.000Z, RT @LAPDHQ: .@LAPDGirmala talks about the diligent efforts by LAPD West Bureau Homicide Detectives &amp; @LAFD Arson in solving the murder of V…
953522655298285568, 3166264359, 2018-01-17T07:01:31.000Z, RT @LAPDHQ: .@LAPDGirmala talks about the diligent efforts by LAPD West Bureau Homicide Detectives &amp; @LAFD Arson in solving the murder of V…
953523369927938049, 281687769, 2018-01-17T07:04:21.000Z, RT @LAPDHQ: .@LAPDGirmala talks about the diligent efforts by LAPD West Bureau Homicide Detectives &amp; @LAFD Arson in solving the murder of V…
953523950746611717, 1167156666, 2018-01-17T07:06:40.000Z, RT @LAPDHQ: .@LAPDGirmala talks about the diligent efforts by LAPD West Bureau Homicide Detectives &amp; @LAFD Arson in solving the murder of V…
953524264627589120, 2183687886, 2018-01-17T07:07:54.000Z, RT @LAPDHQ: .@LAPDGirmala talks about the diligent efforts by LAPD West Bureau Homicide Detectives &amp; @LAFD Arson in solving the murder of V…
953524396483805184, 899274910194962432, 2018-01-17T07:08:26.000Z, RT @LAPDHQ: .@LAPDGirmala talks about the diligent efforts by LAPD West Bureau Homicide Detectives &amp; @LAFD Arson in solving the murder of V…
953534384665079808, 4450160719, 2018-01-17T07:48:07.000Z, RT @LAPDHQ: .@LAPDGirmala talks about the diligent efforts by LAPD West Bureau Homicide Detectives &amp; @LAFD Arson in solving the murder of V…
953536522447474688, 29491411, 2018-01-17T07:56:37.000Z, RT @LAPDHQ: Lieutenant Radtke provides details as to the arrest &amp; criminal filing in the murder of 33 year-old Victoria Ramos-Gutierrez, kn…
953541855316148225, 923091059617554432, 2018-01-17T08:17:48.000Z, RT @LAPDHQ: .@LAPDGirmala talks about the diligent efforts by LAPD West Bureau Homicide Detectives &amp; @LAFD Arson in solving the murder of V…
953579928343273472, 794718518000386048, 2018-01-17T10:49:06.000Z, RT @LAPDHQ: .@LAPDGirmala talks about the diligent efforts by LAPD West Bureau Homicide Detectives &amp; @LAFD Arson in solving the murder of V…
953587423828525056, 298445049, 2018-01-17T11:18:53.000Z, RT @LAPDHQ: Lieutenant Radtke provides details as to the arrest &amp; criminal filing in the murder of 33 year-old Victoria Ramos-Gutierrez, kn…
953618507647803397, 1488556669, 2018-01-17T13:22:24.000Z, RT @LAPDHQ: .@LAPDGirmala talks about the diligent efforts by LAPD West Bureau Homicide Detectives &amp; @LAFD Arson in solving the murder of V…
953624417459949568, 1529421373, 2018-01-17T13:45:53.000Z, RT @LAPDHQ: Lieutenant Radtke provides details as to the arrest &amp; criminal filing in the murder of 33 year-old Victoria Ramos-Gutierrez, kn…
953626455350558720, 2687811476, 2018-01-17T13:53:59.000Z, RT @LAPDHQ: Lieutenant Radtke provides details as to the arrest &amp; criminal filing in the murder of 33 year-old Victoria Ramos-Gutierrez, kn…
953648248543092742, 21367161, 2018-01-17T15:20:35.000Z, RT @LAPDHQ: .@LAPDGirmala talks about the diligent efforts by LAPD West Bureau Homicide Detectives &amp; @LAFD Arson in solving the murder of V…
953660310744739840, 880985279066238980, 2018-01-17T16:08:30.000Z, RT @LAPDHQ: .@LAPDGirmala talks about the diligent efforts by LAPD West Bureau Homicide Detectives &amp; @LAFD Arson in solving the murder of V…
953682072639426560, 1276611187, 2018-01-17T17:34:59.000Z, RT @LAPDHQ: .@LAPDGirmala talks about the diligent efforts by LAPD West Bureau Homicide Detectives &amp; @LAFD Arson in solving the murder of V…
953682160799555585, 1276611187, 2018-01-17T17:35:20.000Z, RT @LAPDHQ: Lieutenant Radtke provides details as to the arrest &amp; criminal filing in the murder of 33 year-old Victoria Ramos-Gutierrez, kn…
953685836914028549, 263871199, 2018-01-17T17:49:56.000Z, RT @LAPDHQ: Lieutenant Radtke provides details as to the arrest &amp; criminal filing in the murder of 33 year-old Victoria Ramos-Gutierrez, kn…
953810783573544960, 3091032342, 2018-01-18T02:06:26.000Z, RT @LAPDHQ: Lieutenant Radtke provides details as to the arrest &amp; criminal filing in the murder of 33 year-old Victoria Ramos-Gutierrez, kn…
953841658860367873, 116806367, 2018-01-18T04:09:07.000Z, RT @LAPDHQ: .@LAPDGirmala talks about the diligent efforts by LAPD West Bureau Homicide Detectives &amp; @LAFD Arson in solving the murder of V…
953888190443683840, 403075430, 2018-01-18T07:14:01.000Z, RT @LAPDHQ: .@LAPDGirmala talks about the diligent efforts by LAPD West Bureau Homicide Detectives &amp; @LAFD Arson in solving the murder of V…
953925101451292673, 3020266434, 2018-01-18T09:40:41.000Z, RT @LAPDHQ: .@LAPDGirmala talks about the diligent efforts by LAPD West Bureau Homicide Detectives &amp; @LAFD Arson in solving the murder of V…
954167073839738880, 1570363741, 2018-01-19T01:42:12.000Z, RT @LAPDHQ: Lieutenant Radtke provides details as to the arrest &amp; criminal filing in the murder of 33 year-old Victoria Ramos-Gutierrez, kn…
