id, author_id, created_at, text
1546650341327998977, 48134969, 2022-07-12T00:19:11.000Z, #SobrenombresVenezolanos   BASKET: ¿Quien le puso "Mimou" a Alexander Vargas?.  HIPISMO: ¿Quien le puso "Caimán " a Daniel Pérez?.  BEISBOL:¿Quien le puso "El Tapón" a Carlos Hernández?  ¿por qué esos motes?   @Cpamphil17   @JuanCRivera01   @cisneros65   @TiliqueMartinez
1546977350822367232, 229250490, 2022-07-12T21:58:36.000Z, 🔴🔔 Alexander Callens y Raúl Ruidíaz, además de Carlos Vela (Los Ángeles FC) y Javier 'Chicharito' Hernández (Los Ángeles Galaxy) son los nombres más destacados de los jugadores elegidos este martes para el All-Star de la MLS.  📲 Visita la web: https://t.co/1MAtLi1rER https://t.co/5OGyQs6Bfz
1547442430831648773, 1039375980089884672, 2022-07-14T04:46:40.000Z, 📸6|  7•Carlos Mauricio cuéllar peña 8•Roberto Aguilar leal 9•José Luis García Hernández 10•Manuel Alberto Razo Padilla 11•Jesús Alexander Zalazar García 12•Jorge Carlo Flores Bernal 13•Jesús Israel Sauceda Alvarado 14•Eleobardo Castro Armenta. https://t.co/cqBsu0JK4B
1547451697483714561, 1388116800810979330, 2022-07-14T05:23:29.000Z, RT @LPueblo2: 📸6|  7•Carlos Mauricio cuéllar peña 8•Roberto Aguilar leal 9•José Luis García Hernández 10•Manuel Alberto Razo Padilla 11•Jes…
1550830895522873344, 1155872396, 2022-07-23T13:11:13.000Z, Antigua de visita el domingo. Linares, Jimenez, José Mena o Manuel moreno, Alexander Robinson, José Ardón, Oscar castellanos, Bruno Jiménez, Cristian Hernandez, Vidal Paz o Romario, Lucas Gómez y Carlos Mejia
1551661711853232128, 2426207221, 2022-07-25T20:12:35.000Z, @AdrianaBjP123 Álvaro Uribe Velez Iván Duque  Los Lafaurie Cabal  Vicky Dávila  Nestor Humberto Martinez  José Obdulio Gaviria  Paloma Valencia  Sergio Fajardo  Jorge Robledo Alexander Vega Francisco Barbosa Salud Hernández Andrea Nieto Luis Carlos Velez  Nestor Morales  Daniel Samper O.
