id, author_id, created_at, text
1506762625065132034, 3054577211, 2022-03-23T22:39:38.000Z, @marcellyjelly @JakeAndHoops @KOT4Q Aaron Donald Aaron Rodgers Patrick Mahomes Tom Brady Josh Allen TJ Watt George Kittle Davante Adams Jalen Ramsey Jaire Alexander Travis Kelce Cooper Kupp Justin Herbert Russel Wilson Derrick Henry Jonathan Taylor Quenton Nelson Trent Williams Deebo Samuel Myles Garrett
1508485539669987339, 185669539, 2022-03-28T16:45:53.000Z, @samebillz I did not see the Queen of England, I did not see George Bush, I did not see Obama, I did not see Margaret Thatcher, i did not see king Leopold II of Belgium, i did not see Allen W. Dulles (former CIA director), I did not see Harold Wilson,
1508559710714220546, 1480899119073923073, 2022-03-28T21:40:37.000Z, RT @dadimonso1: @samebillz I did not see the Queen of England, I did not see George Bush, I did not see Obama, I did not see Margaret Thatc…
1508601936546779143, 551964617, 2022-03-29T00:28:24.000Z, RT @dadimonso1: @samebillz I did not see the Queen of England, I did not see George Bush, I did not see Obama, I did not see Margaret Thatc…
1508703890342039555, 915995242679201793, 2022-03-29T07:13:32.000Z, RT @dadimonso1: @samebillz I did not see the Queen of England, I did not see George Bush, I did not see Obama, I did not see Margaret Thatc…
1508715144376893440, 1286939978900156421, 2022-03-29T07:58:15.000Z, RT @dadimonso1: @samebillz I did not see the Queen of England, I did not see George Bush, I did not see Obama, I did not see Margaret Thatc…
1508723384129105920, 1170679925503909888, 2022-03-29T08:31:00.000Z, RT @dadimonso1: @samebillz I did not see the Queen of England, I did not see George Bush, I did not see Obama, I did not see Margaret Thatc…
1509562581861773322, 52299844, 2022-03-31T16:05:40.000Z, RT @dadimonso1: @samebillz I did not see the Queen of England, I did not see George Bush, I did not see Obama, I did not see Margaret Thatc…
1510329543801851907, 23442990, 2022-04-02T18:53:18.000Z, We'd 3 very welcome FPs watching today - pictured with club president @DrewDonaldson14 l-r are Allen Robertson, steady full back 1990-98; Alan Woods, 55 today &amp; father of Musselburgh's Gregor, with us 1994-98; &amp; appearance record holder George Wilson, 1985-99. https://t.co/wP1nN4uCdF
1510366764533694468, 868823707, 2022-04-02T21:21:12.000Z, RT @HaddAth: We'd 3 very welcome FPs watching today - pictured with club president @DrewDonaldson14 l-r are Allen Robertson, steady full ba…
