id, author_id, created_at, text
834191290212298755, 45014284, 2017-02-22T00:01:16.000Z, If you're interested in helping the family of 8 y/o Pomona shooting victim #JonahHwang , pls visit https://t.co/tIdC00WtWh @KTLA @PomonaPD
834191406193209344, 211888722, 2017-02-22T00:01:44.000Z, Family of 8 yo killed in drive by shooting in #Pomona releases photo. Adopted Jonah Hwang 3 yrs ago.He liked superheroes and sports. @CBSLA https://t.co/PQlxUsyfUL
834191419132620800, 209681820, 2017-02-22T00:01:47.000Z, RT @ChristinaKTLA: If you're interested in helping the family of 8 y/o Pomona shooting victim #JonahHwang , pls visit https://t.co/tIdC00Wt…
834192200565092352, 608295952, 2017-02-22T00:04:53.000Z, RT @CBSLAKristine: Family of 8 yo killed in drive by shooting in #Pomona releases photo. Adopted Jonah Hwang 3 yrs ago.He liked superheroes…
834192807631822848, 179622401, 2017-02-22T00:07:18.000Z, RT @ChristinaKTLA: My ❤️ breaks in a million pieces for the family of 8 y/o Jonah Hwang. He was beautiful little boy. Photo/family statemen…
834192992780967936, 92407522, 2017-02-22T00:08:02.000Z, RT @CBSLAKristine: Family of 8 yo killed in drive by shooting in #Pomona releases photo. Adopted Jonah Hwang 3 yrs ago.He liked superheroes…
834193305390903296, 575786507, 2017-02-22T00:09:17.000Z, RT @CBSLAKristine: Family of 8 yo killed in drive by shooting in #Pomona releases photo. Adopted Jonah Hwang 3 yrs ago.He liked superheroes…
834193707918204928, 466821972, 2017-02-22T00:10:53.000Z, RT @ChristinaKTLA: If you're interested in helping the family of 8 y/o Pomona shooting victim #JonahHwang , pls visit https://t.co/tIdC00Wt…
834194013913653248, 755994519724621825, 2017-02-22T00:12:06.000Z, RT @CBSLAKristine: Family of 8 yo killed in drive by shooting in #Pomona releases photo. Adopted Jonah Hwang 3 yrs ago.He liked superheroes…
834195273115000832, 502994590, 2017-02-22T00:17:06.000Z, RT @CBSLAKristine: Family of 8 yo killed in drive by shooting in #Pomona releases photo. Adopted Jonah Hwang 3 yrs ago.He liked superheroes…
834195346070728704, 252974008, 2017-02-22T00:17:23.000Z, RT @ChristinaKTLA: If you're interested in helping the family of 8 y/o Pomona shooting victim #JonahHwang , pls visit https://t.co/tIdC00Wt…
834195958997004290, 608295952, 2017-02-22T00:19:49.000Z, RT @ChristinaKTLA: If you're interested in helping the family of 8 y/o Pomona shooting victim #JonahHwang , pls visit https://t.co/tIdC00Wt…
834197044898050048, 1219251589, 2017-02-22T00:24:08.000Z, RT @KTLA: Update: Child killed in drive-by shooting while visiting another family's Pomona home ID'd as 8 y/o Jonah Min Hwang https://t.co/…
834197542086725632, 41305559, 2017-02-22T00:26:07.000Z, RT @ChristinaKTLA: My ❤️ breaks in a million pieces for the family of 8 y/o Jonah Hwang. He was beautiful little boy. Photo/family statemen…
834197542137049088, 47790669, 2017-02-22T00:26:07.000Z, RT @ChristinaKTLA: My ❤️ breaks in a million pieces for the family of 8 y/o Jonah Hwang. He was beautiful little boy. Photo/family statemen…
834198212110073856, 479154048, 2017-02-22T00:28:47.000Z, RT @ChristinaKTLA: If you're interested in helping the family of 8 y/o Pomona shooting victim #JonahHwang , pls visit https://t.co/tIdC00Wt…
834198332331266048, 2276490019, 2017-02-22T00:29:15.000Z, RT @ChristinaKTLA: If you're interested in helping the family of 8 y/o Pomona shooting victim #JonahHwang , pls visit https://t.co/tIdC00Wt…
834198703669796864, 24928809, 2017-02-22T00:30:44.000Z, RT @CBSLAKristine: Family of 8 yo killed in drive by shooting in #Pomona releases photo. Adopted Jonah Hwang 3 yrs ago.He liked superheroes…
834198789237780480, 3484904360, 2017-02-22T00:31:04.000Z, RT @CBSLAKristine: Family of 8 yo killed in drive by shooting in #Pomona releases photo. Adopted Jonah Hwang 3 yrs ago.He liked superheroes…
834199061616029697, 592563824, 2017-02-22T00:32:09.000Z, RT @CBSLAKristine: Family of 8 yo killed in drive by shooting in #Pomona releases photo. Adopted Jonah Hwang 3 yrs ago.He liked superheroes…
834199331930415105, 525104965, 2017-02-22T00:33:14.000Z, RT @ChristinaKTLA: My ❤️ breaks in a million pieces for the family of 8 y/o Jonah Hwang. He was beautiful little boy. Photo/family statemen…
834199379045019648, 39421048, 2017-02-22T00:33:25.000Z, RT @ChristinaKTLA: If you're interested in helping the family of 8 y/o Pomona shooting victim #JonahHwang , pls visit https://t.co/tIdC00Wt…
834199531508101122, 388532629, 2017-02-22T00:34:01.000Z, RT @ChristinaKTLA: If you're interested in helping the family of 8 y/o Pomona shooting victim #JonahHwang , pls visit https://t.co/tIdC00Wt…
834199565066784768, 19211195, 2017-02-22T00:34:09.000Z, Jonah Min Hwang, 8, was killed in a Pomona drive-by shooting while he was visiting family.   Authorities said he... https://t.co/vN9Tx8KDwJ
834199850807918594, 26134438, 2017-02-22T00:35:17.000Z, RT @CBSLAKristine: Family of 8 yo killed in drive by shooting in #Pomona releases photo. Adopted Jonah Hwang 3 yrs ago.He liked superheroes…
834199945435508736, 26652508, 2017-02-22T00:35:40.000Z, RT @CBSLAKristine: Family of 8 yo killed in drive by shooting in #Pomona releases photo. Adopted Jonah Hwang 3 yrs ago.He liked superheroes…
834200156165779456, 93985476, 2017-02-22T00:36:30.000Z, RT @ChristinaKTLA: If you're interested in helping the family of 8 y/o Pomona shooting victim #JonahHwang , pls visit https://t.co/tIdC00Wt…
834200350185754624, 104960703, 2017-02-22T00:37:16.000Z, RT @ChristinaKTLA: If you're interested in helping the family of 8 y/o Pomona shooting victim #JonahHwang , pls visit https://t.co/tIdC00Wt…
834201457603670017, 26350255, 2017-02-22T00:41:40.000Z, RT @ChristinaKTLA: If you're interested in helping the family of 8 y/o Pomona shooting victim #JonahHwang , pls visit https://t.co/tIdC00Wt…
834202147113693184, 819764758609989632, 2017-02-22T00:44:25.000Z, RT @ChristinaKTLA: If you're interested in helping the family of 8 y/o Pomona shooting victim #JonahHwang , pls visit https://t.co/tIdC00Wt…
834202271051190273, 229342413, 2017-02-22T00:44:54.000Z, RT @ChristinaKTLA: If you're interested in helping the family of 8 y/o Pomona shooting victim #JonahHwang , pls visit https://t.co/tIdC00Wt…
834202631358648320, 2913248655, 2017-02-22T00:46:20.000Z, RT @ChristinaKTLA: If you're interested in helping the family of 8 y/o Pomona shooting victim #JonahHwang , pls visit https://t.co/tIdC00Wt…
834203719117873152, 367750047, 2017-02-22T00:50:40.000Z, A #GoFundMe acct was set up for the family of 8-year-old Jonah Hwang of Pomona who was fatally gunned down Monday https://t.co/z5gyMhCxzC
834203777460678656, 755227235003412481, 2017-02-22T00:50:53.000Z, RT @crimeshutterbug: A #GoFundMe acct was set up for the family of 8-year-old Jonah Hwang of Pomona who was fatally gunned down Monday http…
834204124245667840, 2567352996, 2017-02-22T00:52:16.000Z, RT @crimeshutterbug: A #GoFundMe acct was set up for the family of 8-year-old Jonah Hwang of Pomona who was fatally gunned down Monday http…
834204277254025217, 312426669, 2017-02-22T00:52:53.000Z, RT @ChristinaKTLA: If you're interested in helping the family of 8 y/o Pomona shooting victim #JonahHwang , pls visit https://t.co/tIdC00Wt…
834204309155880961, 223191284, 2017-02-22T00:53:00.000Z, RT @ChristinaKTLA: If you're interested in helping the family of 8 y/o Pomona shooting victim #JonahHwang , pls visit https://t.co/tIdC00Wt…
834205057721606144, 566769191, 2017-02-22T00:55:59.000Z, RT @ChristinaKTLA: My ❤️ breaks in a million pieces for the family of 8 y/o Jonah Hwang. He was beautiful little boy. Photo/family statemen…
834205805293363200, 578526179, 2017-02-22T00:58:57.000Z, RT @ChristinaKTLA: If you're interested in helping the family of 8 y/o Pomona shooting victim #JonahHwang , pls visit https://t.co/tIdC00Wt…
834206847032647680, 17146195, 2017-02-22T01:03:05.000Z, RT @ChristinaKTLA: If you're interested in helping the family of 8 y/o Pomona shooting victim #JonahHwang , pls visit https://t.co/tIdC00Wt…
834207013529858049, 1382689550, 2017-02-22T01:03:45.000Z, RT @ChristinaKTLA: If you're interested in helping the family of 8 y/o Pomona shooting victim #JonahHwang , pls visit https://t.co/tIdC00Wt…
834207246082940928, 8251472, 2017-02-22T01:04:40.000Z, RT @ChristinaKTLA: If you're interested in helping the family of 8 y/o Pomona shooting victim #JonahHwang , pls visit https://t.co/tIdC00Wt…
834207322939355136, 1391977850, 2017-02-22T01:04:59.000Z, RT @ChristinaKTLA: If you're interested in helping the family of 8 y/o Pomona shooting victim #JonahHwang , pls visit https://t.co/tIdC00Wt…
834207818165080064, 3028274779, 2017-02-22T01:06:57.000Z, RT @ChristinaKTLA: If you're interested in helping the family of 8 y/o Pomona shooting victim #JonahHwang , pls visit https://t.co/tIdC00Wt…
834209280295211009, 17184282, 2017-02-22T01:12:45.000Z, RT @crimeshutterbug: A #GoFundMe acct was set up for the family of 8-year-old Jonah Hwang of Pomona who was fatally gunned down Monday http…
834210119315386368, 454511317, 2017-02-22T01:16:05.000Z, RT @ChristinaKTLA: If you're interested in helping the family of 8 y/o Pomona shooting victim #JonahHwang , pls visit https://t.co/tIdC00Wt…
834211104683220992, 2589738150, 2017-02-22T01:20:00.000Z, RT @ChristinaKTLA: If you're interested in helping the family of 8 y/o Pomona shooting victim #JonahHwang , pls visit https://t.co/tIdC00Wt…
834213382135779328, 17685447, 2017-02-22T01:29:03.000Z, Pomona update: family of 8yo Jonah Hwang, killed in apparent drive-by shooting, says he was adopted from Taiwan https://t.co/PskuvNVunV https://t.co/IJ6UjK1jOa
834213481956020225, 720124607513161728, 2017-02-22T01:29:27.000Z, RT @ChristinaKTLA: If you're interested in helping the family of 8 y/o Pomona shooting victim #JonahHwang , pls visit https://t.co/tIdC00Wt…
834213642493046785, 4291469960, 2017-02-22T01:30:05.000Z, RT @ChristinaKTLA: If you're interested in helping the family of 8 y/o Pomona shooting victim #JonahHwang , pls visit https://t.co/tIdC00Wt…
834213887142621184, 4291469960, 2017-02-22T01:31:04.000Z, RT @ABC7JulieSone: Pomona update: family of 8yo Jonah Hwang, killed in apparent drive-by shooting, says he was adopted from Taiwan https://…
834214059113328640, 614962906, 2017-02-22T01:31:45.000Z, Jonah Hwang, 8 : #IHateTimWaterman
834214114486390784, 2681697738, 2017-02-22T01:31:58.000Z, RT @ChristinaKTLA: If you're interested in helping the family of 8 y/o Pomona shooting victim #JonahHwang , pls visit https://t.co/tIdC00Wt…
834214432385359872, 822143912089243648, 2017-02-22T01:33:14.000Z, RT @FOXLA: Police are looking for the suspect who killed 8-year-old Jonah Min Hwang in a drive-by shooting in Pomona. https://t.co/wFeirNxs…
834216026883493888, 3128161539, 2017-02-22T01:39:34.000Z, RT @ChristinaKTLA: If you're interested in helping the family of 8 y/o Pomona shooting victim #JonahHwang , pls visit https://t.co/tIdC00Wt…
834216320224800768, 4291469960, 2017-02-22T01:40:44.000Z, RT @EricRichards: Jonah Min Hwang, 8, was killed in a Pomona drive-by shooting while he was visiting family.   Authorities said he... https…
834216584788914176, 34316604, 2017-02-22T01:41:47.000Z, RT @ChristinaKTLA: If you're interested in helping the family of 8 y/o Pomona shooting victim #JonahHwang , pls visit https://t.co/tIdC00Wt…
834216706134274050, 4291469960, 2017-02-22T01:42:16.000Z, RT @CBSLAKristine: Family of 8 yo killed in drive by shooting in #Pomona releases photo. Adopted Jonah Hwang 3 yrs ago.He liked superheroes…
834219198301687808, 56034369, 2017-02-22T01:52:10.000Z, 😞🙏🏽 https://t.co/KfBvqYsnmP
834220702609780736, 720124607513161728, 2017-02-22T01:58:09.000Z, RT @ChristinaKTLA: My ❤️ breaks in a million pieces for the family of 8 y/o Jonah Hwang. He was beautiful little boy. Photo/family statemen…
834223734332420096, 2274147738, 2017-02-22T02:10:12.000Z, RT @ChristinaKTLA: If you're interested in helping the family of 8 y/o Pomona shooting victim #JonahHwang , pls visit https://t.co/tIdC00Wt…
834223922241368064, 21843513, 2017-02-22T02:10:56.000Z, What's going on Pomona 💁🏻https://t.co/nXvbIikPK3
834225794939441152, 98786379, 2017-02-22T02:18:23.000Z, This happened near my home... please help #donate to the Jonah Hwang Funeral Expenses https://t.co/OPpJLA3ZAj
834226304417345536, 795368169514745856, 2017-02-22T02:20:24.000Z, https://t.co/LF11JiMSsn
834226346872037376, 26578338, 2017-02-22T02:20:34.000Z, RT @crimeshutterbug: A #GoFundMe acct was set up for the family of 8-year-old Jonah Hwang of Pomona who was fatally gunned down Monday http…
834230823092056064, 2234042874, 2017-02-22T02:38:22.000Z, RT @CBSLAKristine: Family of 8 yo killed in drive by shooting in #Pomona releases photo. Adopted Jonah Hwang 3 yrs ago.He liked superheroes…
834231170791460864, 2234042874, 2017-02-22T02:39:45.000Z, RT @ChristinaKTLA: My ❤️ breaks in a million pieces for the family of 8 y/o Jonah Hwang. He was beautiful little boy. Photo/family statemen…
834231343714217985, 2234042874, 2017-02-22T02:40:26.000Z, RT @crimeshutterbug: A #GoFundMe acct was set up for the family of 8-year-old Jonah Hwang of Pomona who was fatally gunned down Monday http…
834231371488825344, 82224636, 2017-02-22T02:40:32.000Z, RT @crimeshutterbug: A #GoFundMe acct was set up for the family of 8-year-old Jonah Hwang of Pomona who was fatally gunned down Monday http…
834240573347205120, 51309801, 2017-02-22T03:17:06.000Z, https://t.co/sbxWltxtEb
834241187418566656, 2440455823, 2017-02-22T03:19:33.000Z, RIP Jonah Hwang. It's a shame you had to leave us at such a young age :(
834242476365926401, 104946935, 2017-02-22T03:24:40.000Z, RT @crimeshutterbug: A #GoFundMe acct was set up for the family of 8-year-old Jonah Hwang of Pomona who was fatally gunned down Monday http…
834243176911089664, 415322957, 2017-02-22T03:27:27.000Z, RT @crimeshutterbug: A #GoFundMe acct was set up for the family of 8-year-old Jonah Hwang of Pomona who was fatally gunned down Monday http…
834245250113736706, 2380900226, 2017-02-22T03:35:41.000Z, The story of Jonah Hwang, the little 8 year old who was shot and killed yesterday on the south side of Pomona... https://t.co/EgkySlfLjo
834249628895768576, 23562333, 2017-02-22T03:53:05.000Z, "He had an infectious smile” says fam of Jonah Hwang, 8, the boy killed in a drive-by shooting last night. @PomonaPD looking for his killer. https://t.co/AjjelwvbzI
834254582448418817, 2992690710, 2017-02-22T04:12:46.000Z, What a cruel world.  prayers for the Hwang family 🕇  https://t.co/Glc4SgagND
834256706771169280, 16087692, 2017-02-22T04:21:13.000Z, RT @crimeshutterbug: A #GoFundMe acct was set up for the family of 8-year-old Jonah Hwang of Pomona who was fatally gunned down Monday http…
834256753164378112, 209681820, 2017-02-22T04:21:24.000Z, RT @crimeshutterbug: A #GoFundMe acct was set up for the family of 8-year-old Jonah Hwang of Pomona who was fatally gunned down Monday http…
834256868440625152, 17520908, 2017-02-22T04:21:51.000Z, RT @crimeshutterbug: A #GoFundMe acct was set up for the family of 8-year-old Jonah Hwang of Pomona who was fatally gunned down Monday http…
834258076635000832, 268588202, 2017-02-22T04:26:39.000Z, RT @ChristinaKTLA: If you're interested in helping the family of 8 y/o Pomona shooting victim #JonahHwang , pls visit https://t.co/tIdC00Wt…
834258129357459458, 122570807, 2017-02-22T04:26:52.000Z, RT @crimeshutterbug: A #GoFundMe acct was set up for the family of 8-year-old Jonah Hwang of Pomona who was fatally gunned down Monday http…
834258957002608640, 398352340, 2017-02-22T04:30:09.000Z, I don't understand gangs that harm innocent bystanders. RIP Jonah hwang 😔👼🏻
834259542716190720, 321668426, 2017-02-22T04:32:29.000Z, RT @crimeshutterbug: A #GoFundMe acct was set up for the family of 8-year-old Jonah Hwang of Pomona who was fatally gunned down Monday http…
834260051976036352, 268588202, 2017-02-22T04:34:30.000Z, RT @crimeshutterbug: A #GoFundMe acct was set up for the family of 8-year-old Jonah Hwang of Pomona who was fatally gunned down Monday http…
834261957825814528, 590291886, 2017-02-22T04:42:05.000Z, RT @crimeshutterbug: A #GoFundMe acct was set up for the family of 8-year-old Jonah Hwang of Pomona who was fatally gunned down Monday http…
834262566369005568, 52463915, 2017-02-22T04:44:30.000Z, RT @crimeshutterbug: A #GoFundMe acct was set up for the family of 8-year-old Jonah Hwang of Pomona who was fatally gunned down Monday http…
834263689708523520, 348906684, 2017-02-22T04:48:58.000Z, RT @crimeshutterbug: A #GoFundMe acct was set up for the family of 8-year-old Jonah Hwang of Pomona who was fatally gunned down Monday http…
834267351562407936, 2451783416, 2017-02-22T05:03:31.000Z, RT @crimeshutterbug: A #GoFundMe acct was set up for the family of 8-year-old Jonah Hwang of Pomona who was fatally gunned down Monday http…
834268022785310720, 3948593608, 2017-02-22T05:06:11.000Z, Jonah Hwang Funeral Expenses https://t.co/sVXnTXVFcA #rt
834269142333087748, 34194464, 2017-02-22T05:10:38.000Z, Killed in a drive-by.. Jonah Hwang Funeral Expenses https://t.co/eJaIyXFlv3
834269258875953152, 251751491, 2017-02-22T05:11:05.000Z, RT @MarkTLive: Killed in a drive-by.. Jonah Hwang Funeral Expenses https://t.co/eJaIyXFlv3
834270091424305152, 348227860, 2017-02-22T05:14:24.000Z, RT @ChristinaKTLA: My ❤️ breaks in a million pieces for the family of 8 y/o Jonah Hwang. He was beautiful little boy. Photo/family statemen…
834271580649709568, 17379685, 2017-02-22T05:20:19.000Z, RT @RickNBCLA: "He had an infectious smile” says fam of Jonah Hwang, 8, the boy killed in a drive-by shooting last night. @PomonaPD looking…
834271708978688000, 4076585713, 2017-02-22T05:20:50.000Z, RT @RickNBCLA: "He had an infectious smile” says fam of Jonah Hwang, 8, the boy killed in a drive-by shooting last night. @PomonaPD looking…
834272103717179392, 249308032, 2017-02-22T05:22:24.000Z, RT @RickNBCLA: "He had an infectious smile” says fam of Jonah Hwang, 8, the boy killed in a drive-by shooting last night. @PomonaPD looking…
834273056151384064, 2686962020, 2017-02-22T05:26:11.000Z, RT @ChristinaKTLA: If you're interested in helping the family of 8 y/o Pomona shooting victim #JonahHwang , pls visit https://t.co/tIdC00Wt…
834273490303725568, 14734784, 2017-02-22T05:27:54.000Z, KCAL9 at 10P: GoFundMe Campaign for Jonah Hwang.  He was the victim of a drive-by.  He was 8.  https://t.co/mqVfien17k
834273619127595008, 805572344483745793, 2017-02-22T05:28:25.000Z, RT @Moises_Silva_42: What a cruel world.  prayers for the Hwang family 🕇  https://t.co/Glc4SgagND
834276127585640448, 17331247, 2017-02-22T05:38:23.000Z, 8 yr old Jonah Hwang was shot &amp; killed in a drive by Mon night. A public vigil is scheduled for Wed @4:00p Sacred Heart Church @FOXLA https://t.co/gxTybyPDRr
834279214907944960, 17197496, 2017-02-22T05:50:39.000Z, RT @crimeshutterbug: A #GoFundMe acct was set up for the family of 8-year-old Jonah Hwang of Pomona who was fatally gunned down Monday http…
834280254621388800, 2166938988, 2017-02-22T05:54:47.000Z, RT @VictoriaFOXLA: 8 yr old Jonah Hwang was shot &amp; killed in a drive by Mon night. A public vigil is scheduled for Wed @4:00p Sacred Heart…
834280617290330113, 1232203603, 2017-02-22T05:56:14.000Z, Jonah Hwang Funeral Expenses https://t.co/N5ODP4884I
834285509216083968, 950517757, 2017-02-22T06:15:40.000Z, @e_espinosa Please retweet, my heart is broken for this family &amp; all the other innocent victims of senseless crime. https://t.co/gb1oCOqcHe
834286708757663744, 417571583, 2017-02-22T06:20:26.000Z, RT @ChristinaKTLA: If you're interested in helping the family of 8 y/o Pomona shooting victim #JonahHwang , pls visit https://t.co/tIdC00Wt…
834287088107335680, 78368586, 2017-02-22T06:21:56.000Z, #POMONA:  Donations for funeral of 8 year old boy murdered by stray bullet doubles goal. https://t.co/0lpHNmtUz2
834288112251478016, 777946750598295552, 2017-02-22T06:26:00.000Z, RT @crimeshutterbug: A #GoFundMe acct was set up for the family of 8-year-old Jonah Hwang of Pomona who was fatally gunned down Monday http…
834291771521708032, 247382644, 2017-02-22T06:40:33.000Z, Jonah Hwang Funeral Expenses https://t.co/3hBsjxoTpH
834293555430453248, 576769845, 2017-02-22T06:47:38.000Z, RT @ChristinaKTLA: If you're interested in helping the family of 8 y/o Pomona shooting victim #JonahHwang , pls visit https://t.co/tIdC00Wt…
834300930463903744, 38961087, 2017-02-22T07:16:57.000Z, RT @ChristinaKTLA: My ❤️ breaks in a million pieces for the family of 8 y/o Jonah Hwang. He was beautiful little boy. Photo/family statemen…
834301683001749504, 227855408, 2017-02-22T07:19:56.000Z, RT @KTLA: Update: Child killed in drive-by shooting while visiting another family's Pomona home ID'd as 8 y/o Jonah Min Hwang https://t.co/…
834301783623102465, 66499141, 2017-02-22T07:20:20.000Z, RT @jeffnguyen: KCAL9 at 10P: GoFundMe Campaign for Jonah Hwang.  He was the victim of a drive-by.  He was 8.  https://t.co/mqVfien17k
834303542055677952, 707408220025782273, 2017-02-22T07:27:19.000Z, Check it out! I donated to 'Jonah Hwang Funeral Expenses' -  https://t.co/NraIh8gZid via @gofundme please help to donate
834305704890490881, 292137104, 2017-02-22T07:35:55.000Z, RT @cheyannequinta3: Check it out! I donated to 'Jonah Hwang Funeral Expenses' -  https://t.co/NraIh8gZid via @gofundme please help to dona…
834307729174908928, 14734784, 2017-02-22T07:43:57.000Z, WATCH: Vigil Scheduled For 8 Year Old Jonah Hwang Killed In Pomona Drive-By Shooting https://t.co/HQTvbcZq9K
834315569402826752, 581565605, 2017-02-22T08:15:07.000Z, Please consider donating to Jonah Hwang Funeral Expenses https://t.co/iqIsN4isL2 via @gofundme
834355771773030400, 4291469960, 2017-02-22T10:54:52.000Z, RT @crimeshutterbug: A #GoFundMe acct was set up for the family of 8-year-old Jonah Hwang of Pomona who was fatally gunned down Monday http…
834355820129251330, 4291469960, 2017-02-22T10:55:03.000Z, RT @AsmRodriguez52: Assemblymember Rodriguez’s statement on death of Jonah Hwang: https://t.co/gH535qLGlU https://t.co/P5S2ClBTSz
834355943559225344, 4291469960, 2017-02-22T10:55:33.000Z, RT @cheyannequinta3: Check it out! I donated to 'Jonah Hwang Funeral Expenses' -  https://t.co/NraIh8gZid via @gofundme please help to dona…
834356028141506561, 4291469960, 2017-02-22T10:55:53.000Z, RT @jayko2020: Jonah Hwang Funeral Expenses https://t.co/3hBsjxoTpH
834356065521147904, 4291469960, 2017-02-22T10:56:02.000Z, RT @VictoriaFOXLA: 8 yr old Jonah Hwang was shot &amp; killed in a drive by Mon night. A public vigil is scheduled for Wed @4:00p Sacred Heart…
834356302818091008, 4291469960, 2017-02-22T10:56:58.000Z, RT @jeffnguyen: KCAL9 at 10P: GoFundMe Campaign for Jonah Hwang.  He was the victim of a drive-by.  He was 8.  https://t.co/mqVfien17k
834356335697227776, 4291469960, 2017-02-22T10:57:06.000Z, RT @MarkTLive: Killed in a drive-by.. Jonah Hwang Funeral Expenses https://t.co/eJaIyXFlv3
834356376172318720, 4291469960, 2017-02-22T10:57:16.000Z, RT @PomonaTakeItBak: The story of Jonah Hwang, the little 8 year old who was shot and killed yesterday on the south side of Pomona... https…
834356413056978946, 4291469960, 2017-02-22T10:57:25.000Z, RT @TheChrisLu: RIP Jonah Hwang. It's a shame you had to leave us at such a young age :(
834386040949387264, 1038572790, 2017-02-22T12:55:08.000Z, Jonah Hwang Funeral Expenses https://t.co/Ad0y5xHcR3
834391383683252224, 17379685, 2017-02-22T13:16:22.000Z, Jonah Hwang came to the U.S. less than three years ago when his family adopted him from Taiwan https://t.co/vMRXA096ww
834393954028105729, 29407646, 2017-02-22T13:26:35.000Z, RT @TrueTrixie: @e_espinosa Please retweet, my heart is broken for this family &amp; all the other innocent victims of senseless crime. https:/…
834394978679861248, 42717681, 2017-02-22T13:30:39.000Z, RT @NBCLA: Jonah Hwang came to the U.S. less than three years ago when his family adopted him from Taiwan https://t.co/vMRXA096ww
834397963266953217, 2380900226, 2017-02-22T13:42:31.000Z, Condolences to the Hwang Family  Little Jonah Min Hwang did not deserve what happened to him.  An 8 year old... https://t.co/wAZJi9wfUQ
834399228981960705, 963063642, 2017-02-22T13:47:33.000Z, RT @TrueTrixie: @e_espinosa Please retweet, my heart is broken for this family &amp; all the other innocent victims of senseless crime. https:/…
834403083660595200, 7703052, 2017-02-22T14:02:52.000Z, RT @crimeshutterbug: A #GoFundMe acct was set up for the family of 8-year-old Jonah Hwang of Pomona who was fatally gunned down Monday http…
834404984196255745, 255769626, 2017-02-22T14:10:25.000Z, RT @crimeshutterbug: A #GoFundMe acct was set up for the family of 8-year-old Jonah Hwang of Pomona who was fatally gunned down Monday http…
834417786369683456, 123639712, 2017-02-22T15:01:17.000Z, .@PomonaPD continue to search for those who killed 8-year-old Jonah Hwang as he and his family, friends had dinner. https://t.co/p5JgYzEkaP
834424865755000832, 959914184, 2017-02-22T15:29:25.000Z, I was gonna say there's a gofundme page but it already surpassed the goal https://t.co/zMUwP4BGJH
834428145193218048, 1217260051, 2017-02-22T15:42:27.000Z, RT @RickNBCLA: "He had an infectious smile” says fam of Jonah Hwang, 8, the boy killed in a drive-by shooting last night. @PomonaPD looking…
834430735545036800, 39420969, 2017-02-22T15:52:44.000Z, RT @crimeshutterbug: A #GoFundMe acct was set up for the family of 8-year-old Jonah Hwang of Pomona who was fatally gunned down Monday http…
834459661885591552, 2906522761, 2017-02-22T17:47:41.000Z, 8歲華童遭流彈射殺 隨養父母作客遭橫禍 20日晚間，波莫納一戶民居從屋外遭到掃射，4枚子彈射入屋內，導致一名8歲男童身亡。警方21日證實，被槍殺的孩子名叫黃敏喬（Jonah Min Hwang，音譯）...https://t.co/seDSMEf0wm https://t.co/kJu51lp0hP
834460482551504896, 2906522761, 2017-02-22T17:50:57.000Z, 孤雛淚原盼新生 黃敏喬親屬設募款網站 黃敏喬(Jonah Min Hwang)不幸於20日晚上，在波莫納的槍擊案中中槍身亡。家人已經在募款網站Go Fund Me上開設網頁，希望募取喪葬及相關費用...https://t.co/WB2HuHLVQl https://t.co/BjhxtPyyHr
834467628353609728, 351378550, 2017-02-22T18:19:20.000Z, Click here to support Jonah Hwang Funeral Expenses by Sandi Hwang Adam https://t.co/8dyU3iFJPc
834468505957199872, 4291469960, 2017-02-22T18:22:50.000Z, https://t.co/26U5RIvP8V
834491418827632640, 831668454872608768, 2017-02-22T19:53:53.000Z, keeping mr. hwangs family in our prayers ): https://t.co/8PziOsmJfb
834493682715725824, 4291469960, 2017-02-22T20:02:52.000Z, @surrichitrader https://t.co/26U5RIvP8V
834503199646113792, 4291469960, 2017-02-22T20:40:41.000Z, RT @jeffnguyen: WATCH: Vigil Scheduled For 8 Year Old Jonah Hwang Killed In Pomona Drive-By Shooting https://t.co/HQTvbcZq9K
834503449119166468, 4291469960, 2017-02-22T20:41:41.000Z, RT @ChristinaKTLA: My ❤️ breaks in a million pieces for the family of 8 y/o Jonah Hwang. He was beautiful little boy. Photo/family statemen…
834503574004436993, 4291469960, 2017-02-22T20:42:11.000Z, RT @TERRYROBNETT: Click here to support Jonah Hwang Funeral Expenses by Sandi Hwang Adam https://t.co/8dyU3iFJPc
834503704770342912, 4291469960, 2017-02-22T20:42:42.000Z, RT @TrueTrixie: @e_espinosa Please retweet, my heart is broken for this family &amp; all the other innocent victims of senseless crime. https:/…
834503864233582592, 4291469960, 2017-02-22T20:43:20.000Z, RT @Moises_Silva_42: What a cruel world.  prayers for the Hwang family 🕇  https://t.co/Glc4SgagND
834509836981112832, 1113271, 2017-02-22T21:07:04.000Z, Niño de 8 años sin vida tras tiroteo en Pamona https://t.co/Fpz1r0El5R
834509965524033536, 14734784, 2017-02-22T21:07:34.000Z, The vigil for Jonah Hwang has been rescheduled to Friday 2/24/17 at Sacred Heart Church 1215 S Hamilton Blvd in Pomona at 6pm https://t.co/E2euiBNGvQ
834510309377335306, 271309844, 2017-02-22T21:08:56.000Z, RT @jeffnguyen: The vigil for Jonah Hwang has been rescheduled to Friday 2/24/17 at Sacred Heart Church 1215 S Hamilton Blvd in Pomona at 6…
834512185757884416, 24928809, 2017-02-22T21:16:24.000Z, RT @jeffnguyen: The vigil for Jonah Hwang has been rescheduled to Friday 2/24/17 at Sacred Heart Church 1215 S Hamilton Blvd in Pomona at 6…
834512795706150912, 15799349, 2017-02-22T21:18:49.000Z, RT @BeatrizVNews: .@PomonaPD continue to search for those who killed 8-year-old Jonah Hwang as he and his family, friends had dinner. https…
834514761920372736, 36226144, 2017-02-22T21:26:38.000Z, RT @jeffnguyen: The vigil for Jonah Hwang has been rescheduled to Friday 2/24/17 at Sacred Heart Church 1215 S Hamilton Blvd in Pomona at 6…
834514896557453312, 719278903768911874, 2017-02-22T21:27:10.000Z, RT @jeffnguyen: The vigil for Jonah Hwang has been rescheduled to Friday 2/24/17 at Sacred Heart Church 1215 S Hamilton Blvd in Pomona at 6…
834518222107992072, 44299861, 2017-02-22T21:40:23.000Z, RT @jasmineviel: Pomona Police confirm Jonah Hwang, 8, of Pomona killed in drive by Monday night at neighbor's home @CBSLA https://t.co/TPF…
834518420506841088, 37435493, 2017-02-22T21:41:10.000Z, Such a tragedy. @jeffnguyen: The vigil for Jonah Hwang has been rescheduled to Friday 2/24/17 at (cont) https://t.co/TLHI0veMmv
834520832168693760, 16005250, 2017-02-22T21:50:45.000Z, Police have no suspects in the drive-by shooting that killed 8-year-old Jonah Hwang. https://t.co/SPQd6icGx4
834520899328040969, 4279416323, 2017-02-22T21:51:01.000Z, RT @angryasianman: Police have no suspects in the drive-by shooting that killed 8-year-old Jonah Hwang. https://t.co/SPQd6icGx4
834520937164857348, 570522682, 2017-02-22T21:51:10.000Z, RT @angryasianman: Police have no suspects in the drive-by shooting that killed 8-year-old Jonah Hwang. https://t.co/SPQd6icGx4
834522537514115072, 17955927, 2017-02-22T21:57:32.000Z, RT @angryasianman: Police have no suspects in the drive-by shooting that killed 8-year-old Jonah Hwang. https://t.co/SPQd6icGx4
834523253007740930, 10041062, 2017-02-22T22:00:22.000Z, RT @angryasianman: Police have no suspects in the drive-by shooting that killed 8-year-old Jonah Hwang. https://t.co/SPQd6icGx4
834529585568030720, 44299861, 2017-02-22T22:25:32.000Z, RT @ABC7JulieSone: Pomona update: family of 8yo Jonah Hwang, killed in apparent drive-by shooting, says he was adopted from Taiwan https://…
834531000134795264, 3310798739, 2017-02-22T22:31:09.000Z, RT @angryasianman: Police have no suspects in the drive-by shooting that killed 8-year-old Jonah Hwang. https://t.co/SPQd6icGx4
834534512952483840, 44299861, 2017-02-22T22:45:07.000Z, RT @FOXLA: Police are looking for the suspect who killed 8-year-old Jonah Min Hwang in a drive-by shooting in Pomona. https://t.co/wFeirNxs…
834534703684263941, 44299861, 2017-02-22T22:45:52.000Z, RT @CBSLAKristine: Family of 8 yo killed in drive by shooting in #Pomona releases photo. Adopted Jonah Hwang 3 yrs ago.He liked superheroes…
834535894824595456, 617736491, 2017-02-22T22:50:36.000Z, RT @ChristinaKTLA: If you're interested in helping the family of 8 y/o Pomona shooting victim #JonahHwang , pls visit https://t.co/tIdC00Wt…
834545747240513537, 48145410, 2017-02-22T23:29:45.000Z, There will be a prayer vigil in memory of Jonah Hwang on Friday evening, February 24th at 6pm at Sacred Heart Church, 1215 S. Hamilton.
834547645678915584, 1243042520, 2017-02-22T23:37:18.000Z, The Pomona Police Department asks you to join us in a community wide prayer vigil to mourn the tragic loss of 8 year-old Jonah Hwang.
834548948194861056, 1276436959, 2017-02-22T23:42:29.000Z, RT @PomonaPD: The Pomona Police Department asks you to join us in a community wide prayer vigil to mourn the tragic loss of 8 year-old Jona…
834549710736089090, 191347002, 2017-02-22T23:45:30.000Z, RT @angryasianman: Police have no suspects in the drive-by shooting that killed 8-year-old Jonah Hwang. https://t.co/SPQd6icGx4
834553340037980160, 950517757, 2017-02-22T23:59:56.000Z, RT @PomonaPD: The Pomona Police Department asks you to join us in a community wide prayer vigil to mourn the tragic loss of 8 year-old Jona…
834554764830445568, 918108661, 2017-02-23T00:05:35.000Z, RT @PomonaPD: The Pomona Police Department asks you to join us in a community wide prayer vigil to mourn the tragic loss of 8 year-old Jona…
834556909650747392, 1646363288, 2017-02-23T00:14:07.000Z, RT @CityofPomona: There will be a prayer vigil in memory of Jonah Hwang on Friday evening, February 24th at 6pm at Sacred Heart Church, 121…
834559185211645952, 146906985, 2017-02-23T00:23:09.000Z, RT @PomonaPD: The Pomona Police Department asks you to join us in a community wide prayer vigil to mourn the tragic loss of 8 year-old Jona…
834559458655113217, 36842963, 2017-02-23T00:24:14.000Z, RT @PomonaPD: The Pomona Police Department asks you to join us in a community wide prayer vigil to mourn the tragic loss of 8 year-old Jona…
834560238254583809, 1232203603, 2017-02-23T00:27:20.000Z, RT @CityofPomona: There will be a prayer vigil in memory of Jonah Hwang on Friday evening, February 24th at 6pm at Sacred Heart Church, 121…
834560449236475904, 61702543, 2017-02-23T00:28:11.000Z, Please donate to Jonah Hwang Funeral Expenses https://t.co/vcHtosStvA via @gofundme
834560941492547584, 2282681323, 2017-02-23T00:30:08.000Z, RT @CityofPomona: There will be a prayer vigil in memory of Jonah Hwang on Friday evening, February 24th at 6pm at Sacred Heart Church, 121…
834564319677255680, 36842963, 2017-02-23T00:43:33.000Z, RT @CityofPomona: There will be a prayer vigil in memory of Jonah Hwang on Friday evening, February 24th at 6pm at Sacred Heart Church, 121…
834564498782449664, 146906985, 2017-02-23T00:44:16.000Z, RT @CityofPomona: There will be a prayer vigil in memory of Jonah Hwang on Friday evening, February 24th at 6pm at Sacred Heart Church, 121…
834585881021345792, 1370793224, 2017-02-23T02:09:14.000Z, RT @CityofPomona: There will be a prayer vigil in memory of Jonah Hwang on Friday evening, February 24th at 6pm at Sacred Heart Church, 121…
834594532683493376, 1071448806, 2017-02-23T02:43:37.000Z, RT @ABC7JulieSone: Pomona update: family of 8yo Jonah Hwang, killed in apparent drive-by shooting, says he was adopted from Taiwan https://…
834602121156710401, 7213972, 2017-02-23T03:13:46.000Z, Absolutely senseless gun violence, not too far from my house. https://t.co/iu3mHkW9uN
834614873317191681, 14263133, 2017-02-23T04:04:26.000Z, RT @angryasianman: Police have no suspects in the drive-by shooting that killed 8-year-old Jonah Hwang. https://t.co/SPQd6icGx4
834618749869228032, 24198633, 2017-02-23T04:19:51.000Z, 3年前被美夫婦領養 台裔童命喪槍擊案: 美國加州洛杉磯郡波莫納市（Pomona）周一晚間發生槍擊案，8歲台裔男童黃喬敏（Jonah Min Hwang）當時正與家人拜訪朋友，不幸遭歹徒屋外開槍波及，命喪異鄉。他的養父母在網路發起… https://t.co/EOS4khgcNh
834619515275137024, 32159247, 2017-02-23T04:22:53.000Z, Pomona PD asks you to join us in a community wide prayer vigil to mourn the tragic loss of 8 year-old Jonah Hwang.   https://t.co/rCgxbu6CsJ
834619907811577856, 1391977850, 2017-02-23T04:24:27.000Z, Pomona PD asks you to join us in a community wide prayer vigil to mourn the tragic loss of 8 year-old Jonah Hwang.   https://t.co/Mz7hfeAiKl
834620013717897217, 2235322560, 2017-02-23T04:24:52.000Z, RT @EllisPPD: Pomona PD asks you to join us in a community wide prayer vigil to mourn the tragic loss of 8 year-old Jonah Hwang.   https://…
834623313687097344, 16087692, 2017-02-23T04:37:59.000Z, RT @EllisPPD: Pomona PD asks you to join us in a community wide prayer vigil to mourn the tragic loss of 8 year-old Jonah Hwang.   https://…
834623811769110529, 367750047, 2017-02-23T04:39:57.000Z, RT @EllisPPD: Pomona PD asks you to join us in a community wide prayer vigil to mourn the tragic loss of 8 year-old Jonah Hwang.   https://…
834624244222816257, 36226144, 2017-02-23T04:41:41.000Z, RT @EllisPPD: Pomona PD asks you to join us in a community wide prayer vigil to mourn the tragic loss of 8 year-old Jonah Hwang.   https://…
834629415787061249, 2321478247, 2017-02-23T05:02:14.000Z, RT @EllisPPD: Pomona PD asks you to join us in a community wide prayer vigil to mourn the tragic loss of 8 year-old Jonah Hwang.   https://…
834629895418310656, 28227336, 2017-02-23T05:04:08.000Z, RT @EllisPPD: Pomona PD asks you to join us in a community wide prayer vigil to mourn the tragic loss of 8 year-old Jonah Hwang.   https://…
834630163765747714, 755227235003412481, 2017-02-23T05:05:12.000Z, RT @EllisPPD: Pomona PD asks you to join us in a community wide prayer vigil to mourn the tragic loss of 8 year-old Jonah Hwang.   https://…
834632205221535744, 257759480, 2017-02-23T05:13:19.000Z, RT @EllisPPD: Pomona PD asks you to join us in a community wide prayer vigil to mourn the tragic loss of 8 year-old Jonah Hwang.   https://…
834636014014525441, 285840307, 2017-02-23T05:28:27.000Z, RT @EllisPPD: Pomona PD asks you to join us in a community wide prayer vigil to mourn the tragic loss of 8 year-old Jonah Hwang.   https://…
834655339119206400, 3148622570, 2017-02-23T06:45:14.000Z, @KamalaHarris @JerryBrownGov where r ur posts 4 Jonah Hwang? He was a boy adopted from Taiwan, an immigrant killed in a drive by!
834663180081065984, 19211195, 2017-02-23T07:16:24.000Z, RT @PomonaPD: The Pomona Police Department asks you to join us in a community wide prayer vigil to mourn the tragic loss of 8 year-old Jona…
834673272838959104, 3148622570, 2017-02-23T07:56:30.000Z, @KamalaHarris are you fighting for Jonah Min Hwang too?
834698095132766208, 2493745375, 2017-02-23T09:35:08.000Z, 8岁台湾男童在美国一枪击案中中弹身亡 8岁男童黄敏乔（Jonah Min Hwang）据台湾“中时电子报”2月23日报道，美 https://t.co/0V9jbdytKb https://t.co/DiZPtmCWrb
834806778038661120, 4291469960, 2017-02-23T16:47:00.000Z, RT @jeffnguyen: The vigil for Jonah Hwang has been rescheduled to Friday 2/24/17 at Sacred Heart Church 1215 S Hamilton Blvd in Pomona at 6…
834826845342232576, 2906522761, 2017-02-23T18:06:44.000Z, 華童慘遭流彈射殺 社區為黃敏喬守夜 洛縣Pomona 20日晚上6時36分左右，來自台灣孤兒院的8歲華童黃敏喬（Jonah Min Hwang，音譯）隨養父母在作客朋友家時，慘遭流彈射殺。一時之間，波莫納市的城市治安成為關注焦點...https://t.co/usI8sjKDwP https://t.co/CfO7nZsEZZ
834832462077448196, 3040340676, 2017-02-23T18:29:04.000Z, We will mourn the tragic loss of 8 year-old Jonah Hwang on Friday, February 24, 2017 at 6pm at Sacred Heart Church- 1215 S. Hamilton Blvd. https://t.co/LikI6UCwdQ
834871398472392704, 123639712, 2017-02-23T21:03:47.000Z, Family of Jonah Hwang, shot and killed in Pomona, will use  donated funds to set up a scholarship fund in the 8-year-old's name. https://t.co/oGFiR8xZfj
834872347186171904, 14734784, 2017-02-23T21:07:33.000Z, Memorial services for Jonah Hwang will be held at Purpose Church in Pomona, on Saturday, March 4 at 1 PM. https://t.co/06f8TTRbR0
834884551025455104, 2587965655, 2017-02-23T21:56:03.000Z, RT @BeatrizVNews: Family of Jonah Hwang, shot and killed in Pomona, will use  donated funds to set up a scholarship fund in the 8-year-old'…
834932587369902080, 4291469960, 2017-02-24T01:06:55.000Z, RT @EllisPPD: Pomona PD asks you to join us in a community wide prayer vigil to mourn the tragic loss of 8 year-old Jonah Hwang.   https://…
834939893000228865, 4291469960, 2017-02-24T01:35:57.000Z, RT @jeffnguyen: Memorial services for Jonah Hwang will be held at Purpose Church in Pomona, on Saturday, March 4 at 1 PM. https://t.co/06f8…
834939947933040640, 4291469960, 2017-02-24T01:36:10.000Z, RT @AsmRodriguez52: We will mourn the tragic loss of 8 year-old Jonah Hwang on Friday, February 24, 2017 at 6pm at Sacred Heart Church- 121…
834946399808577536, 56186911, 2017-02-24T02:01:48.000Z, RT @AsmRodriguez52: We will mourn the tragic loss of 8 year-old Jonah Hwang on Friday, February 24, 2017 at 6pm at Sacred Heart Church- 121…
834952580962754560, 608295952, 2017-02-24T02:26:22.000Z, RT @jeffnguyen: Memorial services for Jonah Hwang will be held at Purpose Church in Pomona, on Saturday, March 4 at 1 PM. https://t.co/06f8…
834952635941695488, 608295952, 2017-02-24T02:26:35.000Z, RT @BeatrizVNews: Family of Jonah Hwang, shot and killed in Pomona, will use  donated funds to set up a scholarship fund in the 8-year-old'…
834953282841763845, 608295952, 2017-02-24T02:29:09.000Z, RT @jeffnguyen: The vigil for Jonah Hwang has been rescheduled to Friday 2/24/17 at Sacred Heart Church 1215 S Hamilton Blvd in Pomona at 6…
834958704151650304, 367750047, 2017-02-24T02:50:42.000Z, RT @jeffnguyen: The vigil for Jonah Hwang has been rescheduled to Friday 2/24/17 at Sacred Heart Church 1215 S Hamilton Blvd in Pomona at 6…
834958891259613187, 367750047, 2017-02-24T02:51:27.000Z, RT @BeatrizVNews: Family of Jonah Hwang, shot and killed in Pomona, will use  donated funds to set up a scholarship fund in the 8-year-old'…
834960202742931457, 2896840916, 2017-02-24T02:56:39.000Z, RT @jeffnguyen: The vigil for Jonah Hwang has been rescheduled to Friday 2/24/17 at Sacred Heart Church 1215 S Hamilton Blvd in Pomona at 6…
834972282112004097, 15955512, 2017-02-24T03:44:39.000Z, Jonah Hwang Family Support https://t.co/IME6UKfl70
835157931641405441, 608295952, 2017-02-24T16:02:22.000Z, RT @PomonaPD: The Pomona Police Department asks you to join us in a community wide prayer vigil to mourn the tragic loss of 8 year-old Jona…
835165265738379265, 608295952, 2017-02-24T16:31:30.000Z, RT @AsmRodriguez52: We will mourn the tragic loss of 8 year-old Jonah Hwang on Friday, February 24, 2017 at 6pm at Sacred Heart Church- 121…
835168752664641536, 608295952, 2017-02-24T16:45:21.000Z, RT @EllisPPD: Pomona PD asks you to join us in a community wide prayer vigil to mourn the tragic loss of 8 year-old Jonah Hwang.   https://…
835246562905247744, 2426163072, 2017-02-24T21:54:33.000Z, My friends' son was killed this week in a senseless act of violence.  Please consider supporting them https://t.co/WNvYVPPVYj
835275490139258880, 365673400, 2017-02-24T23:49:30.000Z, 8-Year-Old Boy Killed in a Drive-By Shooting in Pomona https://t.co/ucTBsua4t3 https://t.co/i3mIrbtb31
835284503706779648, 33747765, 2017-02-25T00:25:19.000Z, 8-Year-Old Boy Killed in a Drive-By Shooting in Pomona - NextShark https://t.co/1aN07DxDFK #ChinoCaNews https://t.co/MDiLEtbxgU
835288002268033024, 142339246, 2017-02-25T00:39:13.000Z, Jonah Hwang Family Support https://t.co/iiQSMulMV1
835298913305362432, 808902416, 2017-02-25T01:22:34.000Z, 8-Year-Old Boy Killed in a Drive-By Shooting in Pomona https://t.co/7H4hft5NQM #startup #Dubai #KSA
835299321725792258, 118342823, 2017-02-25T01:24:12.000Z, 8-Year-Old Boy Killed in a Drive-By Shooting in Pomona https://t.co/ma2Cm8P6EL #strartup #Dubai #UAE #Innovation
835304582632726532, 268091305, 2017-02-25T01:45:06.000Z, Prayer Vigil for Jonah Hwang starting shortly. Please watch out for pedestrians. Peace and Blessings to the Hwang family. @PomonaPD https://t.co/8w8WNfyNfW
835306754690990081, 130760661, 2017-02-25T01:53:44.000Z, RT @silverbacklive: 8-Year-Old Boy Killed in a Drive-By Shooting in Pomona https://t.co/ma2Cm8P6EL #strartup #Dubai #UAE #Innovation
835308033085321216, 275106837, 2017-02-25T01:58:49.000Z, Large turnout for tonight's vigil in memory of 8-year-old Jonah Hwang killed Monday night in drive-by https://t.co/b7RvBpNnZv
835312567480299520, 52795858, 2017-02-25T02:16:50.000Z, Crowd growing at vigil for Jonah Hwang, 8 year old Pomona boy who was shot and killed in his home Monday by drive by shooter. @ABC7 https://t.co/83FEKaZYo5
835312661155848194, 16374678, 2017-02-25T02:17:12.000Z, RT @ABC7Jory: Crowd growing at vigil for Jonah Hwang, 8 year old Pomona boy who was shot and killed in his home Monday by drive by shooter.…
835312854307753986, 491073506, 2017-02-25T02:17:58.000Z, RT @ABC7Jory: Crowd growing at vigil for Jonah Hwang, 8 year old Pomona boy who was shot and killed in his home Monday by drive by shooter.…
835312960805314560, 824726157731864577, 2017-02-25T02:18:23.000Z, RT @ABC7Jory: Crowd growing at vigil for Jonah Hwang, 8 year old Pomona boy who was shot and killed in his home Monday by drive by shooter.…
835313028711120897, 209681820, 2017-02-25T02:18:40.000Z, RT @ABC7Jory: Crowd growing at vigil for Jonah Hwang, 8 year old Pomona boy who was shot and killed in his home Monday by drive by shooter.…
835313412846534656, 3055908227, 2017-02-25T02:20:11.000Z, ABC7: RT ABC7Jory: Crowd growing at vigil for Jonah Hwang, 8 year old Pomona boy who was shot and killed in his ho… https://t.co/r0nlHycOSJ
835313614810574849, 19088288, 2017-02-25T02:20:59.000Z, RT @ABC7Jory: Crowd growing at vigil for Jonah Hwang, 8 year old Pomona boy who was shot and killed in his home Monday by drive by shooter.…
835313652618035203, 608295952, 2017-02-25T02:21:08.000Z, Jonah Hwang Prayer Vigil on Facebook Live: https://t.co/vTLk0jA5Tj #pomona #shooting #gunviolence
835313811359817728, 608295952, 2017-02-25T02:21:46.000Z, RT @JournaLiset: Large turnout for tonight's vigil in memory of 8-year-old Jonah Hwang killed Monday night in drive-by https://t.co/b7RvBpN…
835314087206739968, 2458935073, 2017-02-25T02:22:52.000Z, RT @ABC7Jory: Crowd growing at vigil for Jonah Hwang, 8 year old Pomona boy who was shot and killed in his home Monday by drive by shooter.…
835314372297768961, 799531411, 2017-02-25T02:24:00.000Z, RT @ABC7Jory: Crowd growing at vigil for Jonah Hwang, 8 year old Pomona boy who was shot and killed in his home Monday by drive by shooter.…
835314954848763904, 30596554, 2017-02-25T02:26:19.000Z, RT @ABC7Jory: Crowd growing at vigil for Jonah Hwang, 8 year old Pomona boy who was shot and killed in his home Monday by drive by shooter.…
835314969897906176, 483360857, 2017-02-25T02:26:22.000Z, RT @ABC7Jory: Crowd growing at vigil for Jonah Hwang, 8 year old Pomona boy who was shot and killed in his home Monday by drive by shooter.…
835315116363010049, 3229058694, 2017-02-25T02:26:57.000Z, RT @ABC7Jory: Crowd growing at vigil for Jonah Hwang, 8 year old Pomona boy who was shot and killed in his home Monday by drive by shooter.…
835315721487933441, 965188334, 2017-02-25T02:29:22.000Z, RT @ABC7Jory: Crowd growing at vigil for Jonah Hwang, 8 year old Pomona boy who was shot and killed in his home Monday by drive by shooter.…
835316924422709248, 327394044, 2017-02-25T02:34:08.000Z, RT @ABC7Jory: Crowd growing at vigil for Jonah Hwang, 8 year old Pomona boy who was shot and killed in his home Monday by drive by shooter.…
835317111446626304, 588910218, 2017-02-25T02:34:53.000Z, RT @ABC7Jory: Crowd growing at vigil for Jonah Hwang, 8 year old Pomona boy who was shot and killed in his home Monday by drive by shooter.…
835317111740370944, 827555032551845888, 2017-02-25T02:34:53.000Z, RT @ABC7Jory: Crowd growing at vigil for Jonah Hwang, 8 year old Pomona boy who was shot and killed in his home Monday by drive by shooter.…
835317320171937793, 753469927495835648, 2017-02-25T02:35:43.000Z, RT @ABC7Jory: Crowd growing at vigil for Jonah Hwang, 8 year old Pomona boy who was shot and killed in his home Monday by drive by shooter.…
835317524258418691, 608295952, 2017-02-25T02:36:31.000Z, RT @ABC7Jory: Crowd growing at vigil for Jonah Hwang, 8 year old Pomona boy who was shot and killed in his home Monday by drive by shooter.…
835318035468558336, 67980932, 2017-02-25T02:38:33.000Z, RT @ABC7Jory: Crowd growing at vigil for Jonah Hwang, 8 year old Pomona boy who was shot and killed in his home Monday by drive by shooter.…
835318568300462080, 102919755, 2017-02-25T02:40:40.000Z, RT @ABC7Jory: Crowd growing at vigil for Jonah Hwang, 8 year old Pomona boy who was shot and killed in his home Monday by drive by shooter.…
835319386504216577, 36739057, 2017-02-25T02:43:55.000Z, 'Your city is with you' -- vigil for 8-year-old Jonah Hwang features prayers, vows for justice https://t.co/BR9DmBVuSb
835319461032816640, 1912135135, 2017-02-25T02:44:13.000Z, 'Your city is with you' -- vigil for 8-year-old Jonah Hwang features prayers, vows for justice: POMONA &gt;&gt; "This… https://t.co/pT8nkQLBIk https://t.co/1xdasPasjd
835319830261583872, 608295952, 2017-02-25T02:45:41.000Z, RT @ivdailybulletin: 'Your city is with you' -- vigil for 8-year-old Jonah Hwang features prayers, vows for justice https://t.co/BR9DmBVuSb
835320192230014976, 19312573, 2017-02-25T02:47:07.000Z, 'Your city is with you' -- vigil for 8-year-old Jonah Hwang features prayers, vows for justice https://t.co/RcyY6irHaN https://t.co/xzhCPmKf3D
835320212589178880, 2531199722, 2017-02-25T02:47:12.000Z, RT @ABC7Jory: Crowd growing at vigil for Jonah Hwang, 8 year old Pomona boy who was shot and killed in his home Monday by drive by shooter.…
835321792885555200, 204447314, 2017-02-25T02:53:29.000Z, At prayer vigil for Jonah Min Hwang, 8, killed Monday by driveby gunfire into Pomona home of… https://t.co/jQDY4bkibI
835321919809314816, 608295952, 2017-02-25T02:53:59.000Z, RT @SGVTribune: 'Your city is with you' -- vigil for 8-year-old Jonah Hwang features prayers, vows for justice https://t.co/RcyY6irHaN http…
835322753637052416, 46916822, 2017-02-25T02:57:18.000Z, RT @PatrickNBCLA: At prayer vigil for Jonah Min Hwang, 8, killed Monday by driveby gunfire into Pomona home of… https://t.co/jQDY4bkibI
835323194542178306, 801306259395903488, 2017-02-25T02:59:03.000Z, RT @ABC7Jory: Crowd growing at vigil for Jonah Hwang, 8 year old Pomona boy who was shot and killed in his home Monday by drive by shooter.…
835323425698672641, 1232203603, 2017-02-25T02:59:58.000Z, RT @ABC7Jory: Crowd growing at vigil for Jonah Hwang, 8 year old Pomona boy who was shot and killed in his home Monday by drive by shooter.…
835323705475629057, 703520844, 2017-02-25T03:01:05.000Z, RT @ABC7Jory: Crowd growing at vigil for Jonah Hwang, 8 year old Pomona boy who was shot and killed in his home Monday by drive by shooter.…
835324062360428545, 3226599186, 2017-02-25T03:02:30.000Z, RT @ABC7Jory: Crowd growing at vigil for Jonah Hwang, 8 year old Pomona boy who was shot and killed in his home Monday by drive by shooter.…
835325578328731648, 275106837, 2017-02-25T03:08:32.000Z, Wentz, who clutched a Kleenex box in other hand, cried as she spoke abt Jonah's death. Wentz lives in Claremont and doesn't know Hwang fam
835332473294848000, 41831995, 2017-02-25T03:35:56.000Z, RT @ABC7Jory: Crowd growing at vigil for Jonah Hwang, 8 year old Pomona boy who was shot and killed in his home Monday by drive by shooter.…
835334382604840961, 797476286490812416, 2017-02-25T03:43:31.000Z, RT @ABC7Jory: Crowd growing at vigil for Jonah Hwang, 8 year old Pomona boy who was shot and killed in his home Monday by drive by shooter.…
835335721707675648, 275106837, 2017-02-25T03:48:50.000Z, RT @ivdailybulletin: 'Your city is with you' -- vigil for 8-year-old Jonah Hwang features prayers, vows for justice https://t.co/BR9DmBVuSb
835341125737013250, 178026947, 2017-02-25T04:10:18.000Z, RT @ABC7Jory: Crowd growing at vigil for Jonah Hwang, 8 year old Pomona boy who was shot and killed in his home Monday by drive by shooter.…
835343673344720897, 275106837, 2017-02-25T04:20:26.000Z, PHOTOS: Pomona gathers in prayer for Jonah Hwang https://t.co/Xo1MkRqfMf
835343811681239040, 123639712, 2017-02-25T04:20:59.000Z, RT @JournaLiset: PHOTOS: Pomona gathers in prayer for Jonah Hwang https://t.co/Xo1MkRqfMf
835346026764476416, 17685447, 2017-02-25T04:29:47.000Z, RT @ABC7Jory: Crowd growing at vigil for Jonah Hwang, 8 year old Pomona boy who was shot and killed in his home Monday by drive by shooter.…
835346444051701760, 2574552351, 2017-02-25T04:31:26.000Z, RT @ABC7Jory: Crowd growing at vigil for Jonah Hwang, 8 year old Pomona boy who was shot and killed in his home Monday by drive by shooter.…
835358979706400768, 273842391, 2017-02-25T05:21:15.000Z, RT @ABC7Jory: Crowd growing at vigil for Jonah Hwang, 8 year old Pomona boy who was shot and killed in his home Monday by drive by shooter.…
835360167839461376, 273842391, 2017-02-25T05:25:58.000Z, RT @PatrickNBCLA: At prayer vigil for Jonah Min Hwang, 8, killed Monday by driveby gunfire into Pomona home of… https://t.co/jQDY4bkibI
835368381935038464, 1602059683, 2017-02-25T05:58:37.000Z, RT @ABC7Jory: Crowd growing at vigil for Jonah Hwang, 8 year old Pomona boy who was shot and killed in his home Monday by drive by shooter.…
835374647675760641, 17685447, 2017-02-25T06:23:31.000Z, Photo of 8yo Jonah Hwang's football team attending vigil in Pomona  #RIP https://t.co/Bp8uSGB0iY
835376072107548674, 608295952, 2017-02-25T06:29:10.000Z, RT @ABC7JulieSone: Photo of 8yo Jonah Hwang's football team attending vigil in Pomona  #RIP https://t.co/Bp8uSGB0iY
835382598935334912, 1123868227, 2017-02-25T06:55:06.000Z, RT @ABC7Jory: Crowd growing at vigil for Jonah Hwang, 8 year old Pomona boy who was shot and killed in his home Monday by drive by shooter.…
835385167560658945, 2437901106, 2017-02-25T07:05:19.000Z, RT @ABC7Jory: Crowd growing at vigil for Jonah Hwang, 8 year old Pomona boy who was shot and killed in his home Monday by drive by shooter.…
835410281102630912, 14632433, 2017-02-25T08:45:06.000Z, RT @PatrickNBCLA: At prayer vigil for Jonah Min Hwang, 8, killed Monday by driveby gunfire into Pomona home of… https://t.co/jQDY4bkibI
835462180938010624, 21759076, 2017-02-25T12:11:20.000Z, Pomona gathers in prayer for Jonah Hwang https://t.co/akLgSjZMPH via @ivdailybulletin
835534892683296770, 15955512, 2017-02-25T17:00:16.000Z, 'Your city is with you' &amp;#x2014; vigil for 8-year-old Jonah Hwang features prayers, vows for justice https://t.co/MoJhynSc5h
835607155336105984, 38291678, 2017-02-25T21:47:25.000Z, RT @ivdailybulletin: 'Your city is with you' -- vigil for 8-year-old Jonah Hwang features prayers, vows for justice https://t.co/BR9DmBVuSb
835644583140720640, 608295952, 2017-02-26T00:16:08.000Z, Facebook page set up to honor and remember Jonah Hwang : https://t.co/S2sdJxE3gS #jonahslight #pomona
835887147106258944, 4291469960, 2017-02-26T16:20:00.000Z, RT @MMacCubbin: @KamalaHarris @JerryBrownGov where r ur posts 4 Jonah Hwang? He was a boy adopted from Taiwan, an immigrant killed in a dri…
835888368323973121, 4291469960, 2017-02-26T16:24:51.000Z, RT @SandiHwangAdam: Facebook page set up to honor and remember Jonah Hwang : https://t.co/S2sdJxE3gS #jonahslight #pomona
835888396073512960, 4291469960, 2017-02-26T16:24:58.000Z, RT @ABC7JulieSone: Photo of 8yo Jonah Hwang's football team attending vigil in Pomona  #RIP https://t.co/Bp8uSGB0iY
835889237081796608, 4291469960, 2017-02-26T16:28:18.000Z, RT @NBCLA: Jonah Hwang came to the U.S. less than three years ago when his family adopted him from Taiwan https://t.co/vMRXA096ww
836054488431509504, 988503090, 2017-02-27T03:24:57.000Z, #RIP Jonah Min Hwang: "A boy that was just full of joy." | https://t.co/mscDdjm2k8 by @Sonali_Kohli; cc: @PomonaPD
836306197934292992, 1243042520, 2017-02-27T20:05:10.000Z, $20,000 Reward Offered in Murder of 8 Year Old Jonah Hwang https://t.co/iwFRTxpzvE
836306264397234176, 16087692, 2017-02-27T20:05:25.000Z, RT @PomonaPD: $20,000 Reward Offered in Murder of 8 Year Old Jonah Hwang https://t.co/iwFRTxpzvE
836306497915121664, 268091305, 2017-02-27T20:06:21.000Z, RT @PomonaPD: $20,000 Reward Offered in Murder of 8 Year Old Jonah Hwang https://t.co/iwFRTxpzvE
836306724084539392, 32689293, 2017-02-27T20:07:15.000Z, RT @PomonaPD: $20,000 Reward Offered in Murder of 8 Year Old Jonah Hwang https://t.co/iwFRTxpzvE
836306866527358976, 123639712, 2017-02-27T20:07:49.000Z, .@PomonaPD and the City of Pomona announce a $20,000 reward for the arrest and conviction of those responsible for killing Jonah Hwang, 8. https://t.co/PNl9mx0uY8
836309341208633345, 17685447, 2017-02-27T20:17:39.000Z, $20,000 reward offered in murder of 8yo Jonah Hwang via @PomonaPD https://t.co/D5JHeME4Eh
836309391208960000, 1488865435, 2017-02-27T20:17:51.000Z, RT @PomonaPD: $20,000 Reward Offered in Murder of 8 Year Old Jonah Hwang https://t.co/iwFRTxpzvE
836309710823276544, 29849771, 2017-02-27T20:19:07.000Z, RT @PomonaPD: $20,000 Reward Offered in Murder of 8 Year Old Jonah Hwang https://t.co/iwFRTxpzvE
836309789265154048, 228424398, 2017-02-27T20:19:26.000Z, RT @ABC7JulieSone: $20,000 reward offered in murder of 8yo Jonah Hwang via @PomonaPD https://t.co/D5JHeME4Eh
836311202904989696, 608295952, 2017-02-27T20:25:03.000Z, RT @ABC7JulieSone: $20,000 reward offered in murder of 8yo Jonah Hwang via @PomonaPD https://t.co/D5JHeME4Eh
836311284496773123, 28726553, 2017-02-27T20:25:22.000Z, RT @ABC7JulieSone: $20,000 reward offered in murder of 8yo Jonah Hwang via @PomonaPD https://t.co/D5JHeME4Eh
836311418345402368, 28726553, 2017-02-27T20:25:54.000Z, RT @PomonaPD: $20,000 Reward Offered in Murder of 8 Year Old Jonah Hwang https://t.co/iwFRTxpzvE
836311558770700288, 828464437338136576, 2017-02-27T20:26:28.000Z, RT @PomonaPD: $20,000 Reward Offered in Murder of 8 Year Old Jonah Hwang https://t.co/iwFRTxpzvE
836312181213835264, 10252962, 2017-02-27T20:28:56.000Z, RT @PomonaPD: $20,000 Reward Offered in Murder of 8 Year Old Jonah Hwang https://t.co/iwFRTxpzvE
836312306237636608, 819110940603887617, 2017-02-27T20:29:26.000Z, RT @PomonaPD: $20,000 Reward Offered in Murder of 8 Year Old Jonah Hwang https://t.co/iwFRTxpzvE
836313146348314624, 283664467, 2017-02-27T20:32:46.000Z, RT @PomonaPD: $20,000 Reward Offered in Murder of 8 Year Old Jonah Hwang https://t.co/iwFRTxpzvE
836313351932129280, 880840466, 2017-02-27T20:33:35.000Z, RT @PomonaPD: $20,000 Reward Offered in Murder of 8 Year Old Jonah Hwang https://t.co/iwFRTxpzvE
836314064447930368, 1229040415, 2017-02-27T20:36:25.000Z, RT @PomonaPD: $20,000 Reward Offered in Murder of 8 Year Old Jonah Hwang https://t.co/iwFRTxpzvE
836314784777658368, 733766125, 2017-02-27T20:39:17.000Z, RT @PomonaPD: $20,000 Reward Offered in Murder of 8 Year Old Jonah Hwang https://t.co/iwFRTxpzvE
836320440188456960, 553106483, 2017-02-27T21:01:45.000Z, RT @PomonaPD: $20,000 Reward Offered in Murder of 8 Year Old Jonah Hwang https://t.co/iwFRTxpzvE
836333944282865664, 608295952, 2017-02-27T21:55:25.000Z, @PomonaUnified School District schools decorated with yellow ribbons this week in honor of 8-yo Jonah Hwang #jonahslight #pomona https://t.co/UDCTLhbevp
836335417947389953, 18320614, 2017-02-27T22:01:16.000Z, RT @PomonaPD: $20,000 Reward Offered in Murder of 8 Year Old Jonah Hwang https://t.co/iwFRTxpzvE
836338926260346880, 351378550, 2017-02-27T22:15:13.000Z, $20,000 Reward Offered in Murder of 8 year old Jonah Hwang   https://t.co/pIb6cdl4Fy https://t.co/WfftTXfcfV
836343636740624384, 62211710, 2017-02-27T22:33:56.000Z, RT @PomonaPD: $20,000 Reward Offered in Murder of 8 Year Old Jonah Hwang https://t.co/iwFRTxpzvE
836346795047419904, 32159247, 2017-02-27T22:46:29.000Z, RT @PomonaPD: $20,000 Reward Offered in Murder of 8 Year Old Jonah Hwang https://t.co/iwFRTxpzvE
836353687702351872, 3040340676, 2017-02-27T23:13:52.000Z, RT @PomonaPD: $20,000 Reward Offered in Murder of 8 Year Old Jonah Hwang https://t.co/iwFRTxpzvE
836354737662414849, 15955512, 2017-02-27T23:18:02.000Z, “$20,000 Reward Offered in Murder of 8 Year Old Jonah Hwang” from Pomona Police Department : Nixle https://t.co/DIdOLWQx4W
836360774306058240, 2251411867, 2017-02-27T23:42:02.000Z, RT @ChristinaKTLA: My ❤️ breaks in a million pieces for the family of 8 y/o Jonah Hwang. He was beautiful little boy. Photo/family statemen…
836367827284054017, 717341274517295105, 2017-02-28T00:10:03.000Z, RT @PomonaPD: $20,000 Reward Offered in Murder of 8 Year Old Jonah Hwang https://t.co/iwFRTxpzvE
836373612605009921, 94242873, 2017-02-28T00:33:02.000Z, RT @PomonaPD: $20,000 Reward Offered in Murder of 8 Year Old Jonah Hwang https://t.co/iwFRTxpzvE
836383323991715840, 33678986, 2017-02-28T01:11:38.000Z, $20,000 Reward Offered in Murder of 8 Year Old Jonah Hwang from Pomona Police Department : Nixle https://t.co/kWj6UO2nZx
836383491562455040, 4291469960, 2017-02-28T01:12:18.000Z, RT @PomonaPD: $20,000 Reward Offered in Murder of 8 Year Old Jonah Hwang https://t.co/iwFRTxpzvE
836441636515127297, 172523549, 2017-02-28T05:03:21.000Z, RT @PomonaPD: $20,000 Reward Offered in Murder of 8 Year Old Jonah Hwang https://t.co/iwFRTxpzvE
836452096379539456, 2335299469, 2017-02-28T05:44:54.000Z, RT @ABC7JulieSone: $20,000 reward offered in murder of 8yo Jonah Hwang via @PomonaPD https://t.co/D5JHeME4Eh
836485591491477504, 414512734, 2017-02-28T07:58:00.000Z, RT @PomonaPD: $20,000 Reward Offered in Murder of 8 Year Old Jonah Hwang https://t.co/iwFRTxpzvE
836488393345261568, 581565605, 2017-02-28T08:09:08.000Z, Jonah Hwang Family Support https://t.co/4SXyaDieD3
836545254371229697, 17379685, 2017-02-28T11:55:05.000Z, Police are offering a $20K reward in the murder of 8-year-old Jonah Hwang https://t.co/DFR0xTcI6X
836546113578610688, 33648132, 2017-02-28T11:58:30.000Z, RT @NBCLA: Police are offering a $20K reward in the murder of 8-year-old Jonah Hwang https://t.co/DFR0xTcI6X
836566221742993412, 834351013028978688, 2017-02-28T13:18:24.000Z, RT @NBCLA: Police are offering a $20K reward in the murder of 8-year-old Jonah Hwang https://t.co/DFR0xTcI6X
836589148416823296, 26874043, 2017-02-28T14:49:30.000Z, Pomona PD offering $20K reward in Murder of 8-year-old Jonah Hwang https://t.co/0XOQ6gu8vO @PomonaPD #LACrimestoppers 1-800-222-TIPS https://t.co/xcAEjRlivy
836589252775292929, 50423990, 2017-02-28T14:49:55.000Z, RT @SCVSHERIFF: Pomona PD offering $20K reward in Murder of 8-year-old Jonah Hwang https://t.co/0XOQ6gu8vO @PomonaPD #LACrimestoppers 1-800…
836590339288858624, 317582440, 2017-02-28T14:54:14.000Z, RT @SCVSHERIFF: Pomona PD offering $20K reward in Murder of 8-year-old Jonah Hwang https://t.co/0XOQ6gu8vO @PomonaPD #LACrimestoppers 1-800…
836599542959099906, 15766493, 2017-02-28T15:30:48.000Z, RT @SCVSHERIFF: Pomona PD offering $20K reward in Murder of 8-year-old Jonah Hwang https://t.co/0XOQ6gu8vO @PomonaPD #LACrimestoppers 1-800…
836599942365892612, 22425266, 2017-02-28T15:32:24.000Z, RT @SCVSHERIFF: Pomona PD offering $20K reward in Murder of 8-year-old Jonah Hwang https://t.co/0XOQ6gu8vO @PomonaPD #LACrimestoppers 1-800…
836620266016915456, 48145410, 2017-02-28T16:53:09.000Z, Mayor Tim Sandoval releases statement regarding reward offered in Jonah Hwang homicide. https://t.co/97D4o0RLPl
836621200117792768, 593931681, 2017-02-28T16:56:52.000Z, RT @SandiHwangAdam: @PomonaUnified School District schools decorated with yellow ribbons this week in honor of 8-yo Jonah Hwang #jonahsligh…
836629298832297984, 28508102, 2017-02-28T17:29:03.000Z, RT @CityofPomona: Mayor Tim Sandoval releases statement regarding reward offered in Jonah Hwang homicide. https://t.co/97D4o0RLPl
836656237148319748, 2380900226, 2017-02-28T19:16:05.000Z, SOMEBODY KNOWS WHO.......SOMEBODY KNOWS WHY!  $20,000 Reward Offered in Murder of 8 Year Old Jonah Hwang  The... https://t.co/PRd4TJEYE2
836710088425418752, 1113271, 2017-02-28T22:50:05.000Z, Buscan a responsable de muerte de menor en Pomona https://t.co/apHBIHfizu
836775758353747968, 531640925, 2017-03-01T03:11:01.000Z, RT @PomonaPD: $20,000 Reward Offered in Murder of 8 Year Old Jonah Hwang https://t.co/iwFRTxpzvE
836800742744866816, 57857024, 2017-03-01T04:50:18.000Z, RT @SandiHwangAdam: @PomonaUnified School District schools decorated with yellow ribbons this week in honor of 8-yo Jonah Hwang #jonahsligh…
836806463305695233, 608295952, 2017-03-01T05:13:02.000Z, #Pomona Unified School District Students honoring Jonah Hwang #jonahslight https://t.co/xu54DIPQmP
836879040292274178, 1861496978, 2017-03-01T10:01:26.000Z, RT @PomonaPD: $20,000 Reward Offered in Murder of 8 Year Old Jonah Hwang https://t.co/iwFRTxpzvE
837100703113863168, 608295952, 2017-03-02T00:42:14.000Z, RT @CityofPomona: Mayor Tim Sandoval releases statement regarding reward offered in Jonah Hwang homicide. https://t.co/97D4o0RLPl
837177819973087233, 608295952, 2017-03-02T05:48:40.000Z, RT @NBCLA: Police are offering a $20K reward in the murder of 8-year-old Jonah Hwang https://t.co/DFR0xTcI6X
837408055310467072, 915553476, 2017-03-02T21:03:33.000Z, Yellow Ribbons tied around #PomonaUSD schools in honor of 8/yo Jonah Hwang killed last week in a drive-by shooting. https://t.co/19RjKGLNsY
837450345475268608, 608295952, 2017-03-02T23:51:36.000Z, RT @ABC7Leticia: Yellow Ribbons tied around #PomonaUSD schools in honor of 8/yo Jonah Hwang killed last week in a drive-by shooting. https:…
837452236661784576, 608295952, 2017-03-02T23:59:06.000Z, Buscan a responsable de muerte de menor en Pomona - una recompensa de 20 mil dólares se esta ofreciendo https://t.co/paeXlWQQiN @telemundo52
837473920538169348, 804802286186729472, 2017-03-03T01:25:16.000Z, RT @PomonaPD: $20,000 Reward Offered in Murder of 8 Year Old Jonah Hwang https://t.co/iwFRTxpzvE
837479905533124608, 19312573, 2017-03-03T01:49:03.000Z, How Pomona students are honoring drive-by shooting victim Jonah Hwang https://t.co/PtelAmyQlm https://t.co/wL4CD9zKxm
837480411756277760, 36739057, 2017-03-03T01:51:04.000Z, How Pomona students are honoring drive-by shooting victim Jonah Hwang https://t.co/Nht2tfXh7n
837480427229106178, 1912135135, 2017-03-03T01:51:08.000Z, How Pomona students are honoring drive-by shooting victim Jonah Hwang: POMONA &gt;&gt; Greeting someone with a smile,… https://t.co/wNpQlAKyVp https://t.co/hcLI3Rzmbm
837481436198293505, 613186780, 2017-03-03T01:55:08.000Z, RT @SGVTribune: How Pomona students are honoring drive-by shooting victim Jonah Hwang https://t.co/PtelAmyQlm https://t.co/wL4CD9zKxm
837485206537842692, 33747765, 2017-03-03T02:10:07.000Z, How Pomona students are honoring drive-by shooting victim Jonah Hwang https://t.co/Htj34npgwV #ChinoCaNews https://t.co/nxufPJgsr3
837508084180213761, 14734784, 2017-03-03T03:41:02.000Z, WATCH: Family Friends Mourn Death Of 8 Year Old Drive-By Victim Jonah Hwang As They Prepare For Funeral https://t.co/hTolaK3JMh
837508953604947969, 46503479, 2017-03-03T03:44:29.000Z, RT @jeffnguyen: WATCH: Family Friends Mourn Death Of 8 Year Old Drive-By Victim Jonah Hwang As They Prepare For Funeral https://t.co/hTolaK…
837578821461139457, 33747765, 2017-03-03T08:22:07.000Z, How Pomona students are honoring drive-by shooting victim Jonah Hwang - Inland Valley Daily Bulletin https://t.co/10lMdU4OaN #ChinoCaNews https://t.co/2auc8b2UCb
837696093706125313, 15604914, 2017-03-03T16:08:07.000Z, How Pomona students are honoring drive-by shooting victim Jonah Hwang, by @PomonaNow: https://t.co/8npvhXTAjL 💕 https://t.co/bmd2QTcYRR
837696357192232960, 123639712, 2017-03-03T16:09:09.000Z, RT @LBY3: How Pomona students are honoring drive-by shooting victim Jonah Hwang, by @PomonaNow: https://t.co/8npvhXTAjL 💕 https://t.co/bmd2…
837703407615926272, 38291678, 2017-03-03T16:37:10.000Z, RT @ivdailybulletin: How Pomona students are honoring drive-by shooting victim Jonah Hwang https://t.co/Nht2tfXh7n
837703607763927041, 275106837, 2017-03-03T16:37:58.000Z, RT @ivdailybulletin: How Pomona students are honoring drive-by shooting victim Jonah Hwang https://t.co/Nht2tfXh7n
837720226108059648, 608295952, 2017-03-03T17:44:00.000Z, How #Pomona students are honoring drive-by shooting victim Jonah Hwang https://t.co/X1j7Cl7xYY via @ivdailybulletin #jonahslight
837798541862944768, 3274827133, 2017-03-03T22:55:12.000Z, Arroyo Panthers sharing their thoughts of hope for Jonah Hwang #proudtobepusd @PomonaUnified https://t.co/Xr1ppl7lsi
837884287349227520, 3313686018, 2017-03-04T04:35:55.000Z, RT @arroyoPUSD: Arroyo Panthers sharing their thoughts of hope for Jonah Hwang #proudtobepusd @PomonaUnified https://t.co/Xr1ppl7lsi
838135204094976000, 233168568, 2017-03-04T21:12:59.000Z, Children invited to color &amp; build Legos in honor of 8 yr old Jonah Hwang. #CBSLA https://t.co/5pIvCNUMj4
838135635177136128, 367750047, 2017-03-04T21:14:41.000Z, Hundreds turn out for a memorial service Saturday being held for Jonah Hwang, 8 of Pomona, who was killed in a drive-by shooting. https://t.co/MpI69ZLjRj
838137169201913856, 233168568, 2017-03-04T21:20:47.000Z, Sweet to see 8 yr old Jonah Hwang's love of superheroes remembered with this song. #CBSLA https://t.co/ZWybtCbI2F
838137170065932288, 24928809, 2017-03-04T21:20:47.000Z, RT @tina_patel: Children invited to color &amp; build Legos in honor of 8 yr old Jonah Hwang. #CBSLA https://t.co/5pIvCNUMj4
838137512090460160, 3236432942, 2017-03-04T21:22:09.000Z, RT @tina_patel: Children invited to color &amp; build Legos in honor of 8 yr old Jonah Hwang. #CBSLA https://t.co/5pIvCNUMj4
838138480421036032, 64763927, 2017-03-04T21:26:00.000Z, RT @tina_patel: Children invited to color &amp; build Legos in honor of 8 yr old Jonah Hwang. #CBSLA https://t.co/5pIvCNUMj4
838141732717912065, 24928809, 2017-03-04T21:38:55.000Z, RT @tina_patel: Sweet to see 8 yr old Jonah Hwang's love of superheroes remembered with this song. #CBSLA https://t.co/ZWybtCbI2F
838142271383977986, 13120182, 2017-03-04T21:41:04.000Z, RT @tina_patel: Sweet to see 8 yr old Jonah Hwang's love of superheroes remembered with this song. #CBSLA https://t.co/ZWybtCbI2F
838142592231469056, 3236432942, 2017-03-04T21:42:20.000Z, RT @tina_patel: Sweet to see 8 yr old Jonah Hwang's love of superheroes remembered with this song. #CBSLA https://t.co/ZWybtCbI2F
838143075440594944, 3025907973, 2017-03-04T21:44:15.000Z, RT @tina_patel: Sweet to see 8 yr old Jonah Hwang's love of superheroes remembered with this song. #CBSLA https://t.co/ZWybtCbI2F
838146848846032896, 367750047, 2017-03-04T21:59:15.000Z, A family friend too devastated by this loss is consoled during the memorial service for Jonah Hwang, 8 of Pomona killed in a drive by https://t.co/t30zsi8Ir9
838158814734012416, 4291469960, 2017-03-04T22:46:48.000Z, RT @crimeshutterbug: Hundreds turn out for a memorial service Saturday being held for Jonah Hwang, 8 of Pomona, who was killed in a drive-b…
838159156255178756, 4291469960, 2017-03-04T22:48:09.000Z, RT @tina_patel: Children invited to color &amp; build Legos in honor of 8 yr old Jonah Hwang. #CBSLA https://t.co/5pIvCNUMj4
838160578011025408, 2930398999, 2017-03-04T22:53:48.000Z, RT @tina_patel: Children invited to color &amp; build Legos in honor of 8 yr old Jonah Hwang. #CBSLA https://t.co/5pIvCNUMj4
838162801327656962, 2930398999, 2017-03-04T23:02:38.000Z, RT @tina_patel: Sweet to see 8 yr old Jonah Hwang's love of superheroes remembered with this song. #CBSLA https://t.co/ZWybtCbI2F
838164641368854528, 14134213, 2017-03-04T23:09:57.000Z, RT @crimeshutterbug: Hundreds turn out for a memorial service Saturday being held for Jonah Hwang, 8 of Pomona, who was killed in a drive-b…
838175832988266496, 608295952, 2017-03-04T23:54:25.000Z, RT @crimeshutterbug: A family friend too devastated by this loss is consoled during the memorial service for Jonah Hwang, 8 of Pomona kille…
838175833801936896, 608295952, 2017-03-04T23:54:25.000Z, RT @crimeshutterbug: Hundreds turn out for a memorial service Saturday being held for Jonah Hwang, 8 of Pomona, who was killed in a drive-b…
838175873215803392, 608295952, 2017-03-04T23:54:35.000Z, RT @tina_patel: Children invited to color &amp; build Legos in honor of 8 yr old Jonah Hwang. #CBSLA https://t.co/5pIvCNUMj4
838257447303282689, 1306309154, 2017-03-05T05:18:44.000Z, RT @angryasianman: Police have no suspects in the drive-by shooting that killed 8-year-old Jonah Hwang. https://t.co/SPQd6icGx4
838309030376321024, 871116008, 2017-03-05T08:43:42.000Z, RT @jeffnguyen: WATCH: Family Friends Mourn Death Of 8 Year Old Drive-By Victim Jonah Hwang As They Prepare For Funeral https://t.co/hTolaK…
838354359838621697, 768983944876306432, 2017-03-05T11:43:49.000Z, RT @tina_patel: Sweet to see 8 yr old Jonah Hwang's love of superheroes remembered with this song. #CBSLA https://t.co/ZWybtCbI2F
838562306976059393, 38029388, 2017-03-06T01:30:08.000Z, This is 8-year-old Jonah Hwang. He was shot and killed in a drive-by as he was eating dinner at a friend's home on Feb. 20. #EndGunViolence https://t.co/zQwrqRHql1
838562380875448320, 53503202, 2017-03-06T01:30:25.000Z, RT @SUPGVNetwork: This is 8-year-old Jonah Hwang. He was shot and killed in a drive-by as he was eating dinner at a friend's home on Feb. 2…
838562466892247040, 362391615, 2017-03-06T01:30:46.000Z, RT @SUPGVNetwork: This is 8-year-old Jonah Hwang. He was shot and killed in a drive-by as he was eating dinner at a friend's home on Feb. 2…
838562679551901696, 402732269, 2017-03-06T01:31:37.000Z, RT @SUPGVNetwork: This is 8-year-old Jonah Hwang. He was shot and killed in a drive-by as he was eating dinner at a friend's home on Feb. 2…
838562715950002177, 18165865, 2017-03-06T01:31:45.000Z, RT @SUPGVNetwork: This is 8-year-old Jonah Hwang. He was shot and killed in a drive-by as he was eating dinner at a friend's home on Feb. 2…
838562747671523329, 96152318, 2017-03-06T01:31:53.000Z, RT @SUPGVNetwork: This is 8-year-old Jonah Hwang. He was shot and killed in a drive-by as he was eating dinner at a friend's home on Feb. 2…
838563158855938048, 169026791, 2017-03-06T01:33:31.000Z, RT @SUPGVNetwork: This is 8-year-old Jonah Hwang. He was shot and killed in a drive-by as he was eating dinner at a friend's home on Feb. 2…
838563318851858432, 3383116294, 2017-03-06T01:34:09.000Z, RT @SUPGVNetwork: This is 8-year-old Jonah Hwang. He was shot and killed in a drive-by as he was eating dinner at a friend's home on Feb. 2…
838563651195895813, 2786325603, 2017-03-06T01:35:28.000Z, RT @SUPGVNetwork: This is 8-year-old Jonah Hwang. He was shot and killed in a drive-by as he was eating dinner at a friend's home on Feb. 2…
838563734452764672, 232988687, 2017-03-06T01:35:48.000Z, RT @SUPGVNetwork: This is 8-year-old Jonah Hwang. He was shot and killed in a drive-by as he was eating dinner at a friend's home on Feb. 2…
838564024228925440, 1157902490, 2017-03-06T01:36:57.000Z, RT @SUPGVNetwork: This is 8-year-old Jonah Hwang. He was shot and killed in a drive-by as he was eating dinner at a friend's home on Feb. 2…
838564024342175744, 2369777683, 2017-03-06T01:36:57.000Z, RT @SUPGVNetwork: This is 8-year-old Jonah Hwang. He was shot and killed in a drive-by as he was eating dinner at a friend's home on Feb. 2…
838564296703553537, 18660631, 2017-03-06T01:38:02.000Z, RT @SUPGVNetwork: This is 8-year-old Jonah Hwang. He was shot and killed in a drive-by as he was eating dinner at a friend's home on Feb. 2…
838564331314827264, 276859227, 2017-03-06T01:38:11.000Z, RT @SUPGVNetwork: This is 8-year-old Jonah Hwang. He was shot and killed in a drive-by as he was eating dinner at a friend's home on Feb. 2…
838564389183684609, 818204115595575296, 2017-03-06T01:38:24.000Z, RT @SUPGVNetwork: This is 8-year-old Jonah Hwang. He was shot and killed in a drive-by as he was eating dinner at a friend's home on Feb. 2…
838564409563807744, 468647690, 2017-03-06T01:38:29.000Z, RT @SUPGVNetwork: This is 8-year-old Jonah Hwang. He was shot and killed in a drive-by as he was eating dinner at a friend's home on Feb. 2…
838564765307842560, 527946787, 2017-03-06T01:39:54.000Z, RT @SUPGVNetwork: This is 8-year-old Jonah Hwang. He was shot and killed in a drive-by as he was eating dinner at a friend's home on Feb. 2…
838565385624555523, 28782316, 2017-03-06T01:42:22.000Z, RT @SUPGVNetwork: This is 8-year-old Jonah Hwang. He was shot and killed in a drive-by as he was eating dinner at a friend's home on Feb. 2…
838565664726077445, 15983266, 2017-03-06T01:43:28.000Z, RT @SUPGVNetwork: This is 8-year-old Jonah Hwang. He was shot and killed in a drive-by as he was eating dinner at a friend's home on Feb. 2…
838565901293137920, 745890091025960960, 2017-03-06T01:44:25.000Z, RT @SUPGVNetwork: This is 8-year-old Jonah Hwang. He was shot and killed in a drive-by as he was eating dinner at a friend's home on Feb. 2…
838566808240209923, 336651276, 2017-03-06T01:48:01.000Z, RT @SUPGVNetwork: This is 8-year-old Jonah Hwang. He was shot and killed in a drive-by as he was eating dinner at a friend's home on Feb. 2…
838567076650340352, 2778837504, 2017-03-06T01:49:05.000Z, RT @SUPGVNetwork: This is 8-year-old Jonah Hwang. He was shot and killed in a drive-by as he was eating dinner at a friend's home on Feb. 2…
838567298357202944, 586075861, 2017-03-06T01:49:58.000Z, RT @SUPGVNetwork: This is 8-year-old Jonah Hwang. He was shot and killed in a drive-by as he was eating dinner at a friend's home on Feb. 2…
838567644085243904, 4847793004, 2017-03-06T01:51:20.000Z, RT @SUPGVNetwork: This is 8-year-old Jonah Hwang. He was shot and killed in a drive-by as he was eating dinner at a friend's home on Feb. 2…
838569969512243201, 4646823914, 2017-03-06T02:00:35.000Z, RT @SUPGVNetwork: This is 8-year-old Jonah Hwang. He was shot and killed in a drive-by as he was eating dinner at a friend's home on Feb. 2…
838571948934316035, 21811025, 2017-03-06T02:08:27.000Z, RT @SUPGVNetwork: This is 8-year-old Jonah Hwang. He was shot and killed in a drive-by as he was eating dinner at a friend's home on Feb. 2…
838574839061495808, 28681356, 2017-03-06T02:19:56.000Z, RT @SUPGVNetwork: This is 8-year-old Jonah Hwang. He was shot and killed in a drive-by as he was eating dinner at a friend's home on Feb. 2…
838577193294909441, 34383891, 2017-03-06T02:29:17.000Z, RT @SUPGVNetwork: This is 8-year-old Jonah Hwang. He was shot and killed in a drive-by as he was eating dinner at a friend's home on Feb. 2…
838579256758149120, 489653466, 2017-03-06T02:37:29.000Z, RT @SUPGVNetwork: This is 8-year-old Jonah Hwang. He was shot and killed in a drive-by as he was eating dinner at a friend's home on Feb. 2…
838579880136749056, 2158855397, 2017-03-06T02:39:58.000Z, RT @SUPGVNetwork: This is 8-year-old Jonah Hwang. He was shot and killed in a drive-by as he was eating dinner at a friend's home on Feb. 2…
838583034311933952, 786675546256084992, 2017-03-06T02:52:30.000Z, RT @SUPGVNetwork: This is 8-year-old Jonah Hwang. He was shot and killed in a drive-by as he was eating dinner at a friend's home on Feb. 2…
838584693817757696, 47109990, 2017-03-06T02:59:05.000Z, RT @SUPGVNetwork: This is 8-year-old Jonah Hwang. He was shot and killed in a drive-by as he was eating dinner at a friend's home on Feb. 2…
838585121267564544, 137102683, 2017-03-06T03:00:47.000Z, RT @SUPGVNetwork: This is 8-year-old Jonah Hwang. He was shot and killed in a drive-by as he was eating dinner at a friend's home on Feb. 2…
838585147905695744, 2681950577, 2017-03-06T03:00:54.000Z, RT @SUPGVNetwork: This is 8-year-old Jonah Hwang. He was shot and killed in a drive-by as he was eating dinner at a friend's home on Feb. 2…
838586532105715713, 2164044995, 2017-03-06T03:06:24.000Z, RT @SUPGVNetwork: This is 8-year-old Jonah Hwang. He was shot and killed in a drive-by as he was eating dinner at a friend's home on Feb. 2…
838586716365729793, 763540757928181760, 2017-03-06T03:07:08.000Z, RT @SUPGVNetwork: This is 8-year-old Jonah Hwang. He was shot and killed in a drive-by as he was eating dinner at a friend's home on Feb. 2…
838587568551677952, 4764058106, 2017-03-06T03:10:31.000Z, RT @SUPGVNetwork: This is 8-year-old Jonah Hwang. He was shot and killed in a drive-by as he was eating dinner at a friend's home on Feb. 2…
838588316299608066, 24661579, 2017-03-06T03:13:29.000Z, RT @SUPGVNetwork: This is 8-year-old Jonah Hwang. He was shot and killed in a drive-by as he was eating dinner at a friend's home on Feb. 2…
838589475089338368, 14944452, 2017-03-06T03:18:05.000Z, RT @SUPGVNetwork: This is 8-year-old Jonah Hwang. He was shot and killed in a drive-by as he was eating dinner at a friend's home on Feb. 2…
838603565564317696, 1646110706, 2017-03-06T04:14:05.000Z, RT @SUPGVNetwork: This is 8-year-old Jonah Hwang. He was shot and killed in a drive-by as he was eating dinner at a friend's home on Feb. 2…
838637109376348160, 3167679562, 2017-03-06T06:27:22.000Z, RT @SUPGVNetwork: This is 8-year-old Jonah Hwang. He was shot and killed in a drive-by as he was eating dinner at a friend's home on Feb. 2…
838678029580832768, 584302493, 2017-03-06T09:09:58.000Z, RT @SUPGVNetwork: This is 8-year-old Jonah Hwang. He was shot and killed in a drive-by as he was eating dinner at a friend's home on Feb. 2…
838778204987011073, 226339491, 2017-03-06T15:48:02.000Z, RT @SUPGVNetwork: This is 8-year-old Jonah Hwang. He was shot and killed in a drive-by as he was eating dinner at a friend's home on Feb. 2…
838785170492776449, 38029388, 2017-03-06T16:15:43.000Z, RT @SUPGVNetwork: This is 8-year-old Jonah Hwang. He was shot and killed in a drive-by as he was eating dinner at a friend's home on Feb. 2…
838788359715696640, 261336733, 2017-03-06T16:28:23.000Z, RT @SUPGVNetwork: This is 8-year-old Jonah Hwang. He was shot and killed in a drive-by as he was eating dinner at a friend's home on Feb. 2…
838789792913588225, 801882, 2017-03-06T16:34:05.000Z, RT @SUPGVNetwork: This is 8-year-old Jonah Hwang. He was shot and killed in a drive-by as he was eating dinner at a friend's home on Feb. 2…
838791061078224897, 22969087, 2017-03-06T16:39:07.000Z, RT @SUPGVNetwork: This is 8-year-old Jonah Hwang. He was shot and killed in a drive-by as he was eating dinner at a friend's home on Feb. 2…
838793393870356480, 1032290077, 2017-03-06T16:48:23.000Z, RT @SUPGVNetwork: This is 8-year-old Jonah Hwang. He was shot and killed in a drive-by as he was eating dinner at a friend's home on Feb. 2…
838793458764636161, 2256614755, 2017-03-06T16:48:39.000Z, RT @SUPGVNetwork: This is 8-year-old Jonah Hwang. He was shot and killed in a drive-by as he was eating dinner at a friend's home on Feb. 2…
838793658597953536, 322373559, 2017-03-06T16:49:26.000Z, RT @SUPGVNetwork: This is 8-year-old Jonah Hwang. He was shot and killed in a drive-by as he was eating dinner at a friend's home on Feb. 2…
838793794397011968, 3122541676, 2017-03-06T16:49:59.000Z, RT @SUPGVNetwork: This is 8-year-old Jonah Hwang. He was shot and killed in a drive-by as he was eating dinner at a friend's home on Feb. 2…
838794052690710528, 335536115, 2017-03-06T16:51:00.000Z, RT @SUPGVNetwork: This is 8-year-old Jonah Hwang. He was shot and killed in a drive-by as he was eating dinner at a friend's home on Feb. 2…
838794213294628865, 781931326656000001, 2017-03-06T16:51:39.000Z, RT @SUPGVNetwork: This is 8-year-old Jonah Hwang. He was shot and killed in a drive-by as he was eating dinner at a friend's home on Feb. 2…
838795715342135297, 1539564943, 2017-03-06T16:57:37.000Z, RT @SUPGVNetwork: This is 8-year-old Jonah Hwang. He was shot and killed in a drive-by as he was eating dinner at a friend's home on Feb. 2…
838796943388180481, 1311723835, 2017-03-06T17:02:30.000Z, RT @SUPGVNetwork: This is 8-year-old Jonah Hwang. He was shot and killed in a drive-by as he was eating dinner at a friend's home on Feb. 2…
838797592230256640, 38239546, 2017-03-06T17:05:04.000Z, RT @SUPGVNetwork: This is 8-year-old Jonah Hwang. He was shot and killed in a drive-by as he was eating dinner at a friend's home on Feb. 2…
838800666168553474, 411882965, 2017-03-06T17:17:17.000Z, RT @SUPGVNetwork: This is 8-year-old Jonah Hwang. He was shot and killed in a drive-by as he was eating dinner at a friend's home on Feb. 2…
838801076216291329, 2191568058, 2017-03-06T17:18:55.000Z, RT @SUPGVNetwork: This is 8-year-old Jonah Hwang. He was shot and killed in a drive-by as he was eating dinner at a friend's home on Feb. 2…
838802437922250756, 2151791698, 2017-03-06T17:24:20.000Z, RT @SUPGVNetwork: This is 8-year-old Jonah Hwang. He was shot and killed in a drive-by as he was eating dinner at a friend's home on Feb. 2…
838803033387474944, 36303972, 2017-03-06T17:26:42.000Z, RT @SUPGVNetwork: This is 8-year-old Jonah Hwang. He was shot and killed in a drive-by as he was eating dinner at a friend's home on Feb. 2…
838803083211612164, 35912624, 2017-03-06T17:26:53.000Z, RT @SUPGVNetwork: This is 8-year-old Jonah Hwang. He was shot and killed in a drive-by as he was eating dinner at a friend's home on Feb. 2…
838808378935820288, 14361980, 2017-03-06T17:47:56.000Z, RT @SUPGVNetwork: This is 8-year-old Jonah Hwang. He was shot and killed in a drive-by as he was eating dinner at a friend's home on Feb. 2…
838816359685447680, 767190285470138368, 2017-03-06T18:19:39.000Z, RT @SUPGVNetwork: This is 8-year-old Jonah Hwang. He was shot and killed in a drive-by as he was eating dinner at a friend's home on Feb. 2…
839572215951667203, 50344427, 2017-03-08T20:23:09.000Z, RT @SUPGVNetwork: This is 8-year-old Jonah Hwang. He was shot and killed in a drive-by as he was eating dinner at a friend's home on Feb. 2…
839979288229109761, 3040340676, 2017-03-09T23:20:43.000Z, This morning I adjourned the State Assembly in honor of a Pomona superhero, Jonah Hwang. https://t.co/nvwgG75JpO
