id, author_id, created_at, text
1135718537341935623, 1126903534828564481, 2019-06-04T01:22:54.000Z, Looking For Mutuals.  RT if you stan  Lana Del Rey Arctic Monkeys Lorde MARINA Tame Impala London Grammar Broods Twin Peaks Ariana Grande Taylor Swift The Smiths The Cure The 1975 Alvvays Angus &amp; Julia Stone The Aquadolls Beastie Boys Mac Miller Billie Eilish Bully
1135726856236408832, 983786280256491520, 2019-06-04T01:55:57.000Z, RT @LittlestOfNugs: Looking For Mutuals.  RT if you stan  Lana Del Rey Arctic Monkeys Lorde MARINA Tame Impala London Grammar Broods Twin P…
1135735180512178177, 4205538017, 2019-06-04T02:29:02.000Z, RT @musictrendscol: El 2020 (y final de 2019) serán de divas. Beyoncé, Florence and The Machine, Ariana Grande, Rihanna, Taylor Swift, Mado…
1135863075020689411, 68539085, 2019-06-04T10:57:15.000Z, Fav e te dou 7 motivos pra colocar uma música   1. I Of The Storm - OMAM  2. Formation - Beyoncé   3. Vincent - Don McLean 4. Holy Ground - Taylor Swift  5. Dress - Taylor Swift/ Suck It And See - Arctic Monkeys   6. Blue - Marina  7. Tamando de Fogo - Getúlio Abelha
1135930358363504641, 3363594993, 2019-06-04T15:24:36.000Z, @ribeiro__marina TAYLOR SWEET
1135934734180257793, 1002890067386527744, 2019-06-04T15:41:59.000Z, @Devilsownluck0 Uiii, das ist schön  Hm, bei mir sind das immer viele, ich mag das Album „Love + Fear“ von Marina sehr gerne, sonst auch „Me“ von Taylor Swift und auch „Nightmare“ von Halsey... oh und „Dead girl walking (reprise)“ aus dem Soundtrack vom Musical Heathers  also bisschen viel haha
1135941224991510528, 1031689583476527104, 2019-06-04T16:07:47.000Z, @moleculesoffame @millionhookers I thought you were saying Gaga and Taylor too 😭 I’m not stanning Marina this era. I was listening to L+F but then I fell asleep so I’ve gotta go at it again. I don’t like L4L but I wouldn’t unstan Lana because of that. Plus I only listened to it once so maybe I’ll like it more
1135965013246697474, 125135496, 2019-06-04T17:42:19.000Z, @SergioPagonis00 lorde, lana, marina, taylor swift, rosalia, kim petras, ariana grande, billie eilish, dua lipa
1135966296074571777, 125546287, 2019-06-04T17:47:24.000Z, Puberty 2 - Mitski Ceremonials - Florence + the Machine Emotion - Carly Rae Jepsen Electra Heart - MARINA 1989 - Taylor Swift https://t.co/HZqhzspyty
1136010166275588096, 1098007910351810560, 2019-06-04T20:41:44.000Z, You've heard of "Jane crocker listens to Taylor Swift." Now get ready for:  Jade Harley listens to marina and the diamonds
1136010342658641921, 922955549989273600, 2019-06-04T20:42:26.000Z, RT @kripticlori: You've heard of "Jane crocker listens to Taylor Swift." Now get ready for:  Jade Harley listens to marina and the diamonds
1136028478707511297, 1052584662, 2019-06-04T21:54:30.000Z, All too well - Taylor swift Happy - Marina Liability - Lorde https://t.co/7jwd9CLMnR
1136111334402154496, 1055478488428240896, 2019-06-05T03:23:44.000Z, RT @kripticlori: You've heard of "Jane crocker listens to Taylor Swift." Now get ready for:  Jade Harley listens to marina and the diamonds
1136118569228546049, 3057968236, 2019-06-05T03:52:29.000Z, @lauramarano The colorful ones feel more sincere like for you, Taylor, Shaun, Marina, Kels, Sonita, Lauren, Sam, Haf, Emma, Tofy, Anto, Boombox Kim, Mikayla.. I wish I could explain it but I kind of like that the empty ♡ can actually be interpreted as an open one if you can find the chink to
1136136907241512960, 760270842047496193, 2019-06-05T05:05:21.000Z, RT @kripticlori: You've heard of "Jane crocker listens to Taylor Swift." Now get ready for:  Jade Harley listens to marina and the diamonds
1136254940295380992, 2757243593, 2019-06-05T12:54:23.000Z, What would you sing at Karaoke night? — vc ainda pergunta? avril, Marina, Carly, Taylor, JoJo (top little to late ta) etc https://t.co/67EDp3MNZO
1136299406985179136, 62094316, 2019-06-05T15:51:04.000Z, RT @kripticlori: You've heard of "Jane crocker listens to Taylor Swift." Now get ready for:  Jade Harley listens to marina and the diamonds
1136318650091098112, 3282700633, 2019-06-05T17:07:32.000Z, RT @kripticlori: You've heard of "Jane crocker listens to Taylor Swift." Now get ready for:  Jade Harley listens to marina and the diamonds
1136322842272948225, 861734047445340160, 2019-06-05T17:24:12.000Z, RT @kripticlori: You've heard of "Jane crocker listens to Taylor Swift." Now get ready for:  Jade Harley listens to marina and the diamonds
1136327984149745664, 1119729756910518275, 2019-06-05T17:44:38.000Z, RT @kripticlori: You've heard of "Jane crocker listens to Taylor Swift." Now get ready for:  Jade Harley listens to marina and the diamonds
1136340839624511488, 758572415043588097, 2019-06-05T18:35:43.000Z, RT @kripticlori: You've heard of "Jane crocker listens to Taylor Swift." Now get ready for:  Jade Harley listens to marina and the diamonds
1136369625892040705, 973689711746265088, 2019-06-05T20:30:06.000Z, Marina &amp; Jean are delighted to tell us that Tim is now away for the four days of the Appleby Horse Fair, chasing that all elusive Taylor-Wessing / NPG Portrait Prize winning image -which closes for entries 11 June; so they get some work done in peace. https://t.co/0nR3BY9OKu
1136466704102514688, 922252906321121281, 2019-06-06T02:55:51.000Z, RT @kripticlori: You've heard of "Jane crocker listens to Taylor Swift." Now get ready for:  Jade Harley listens to marina and the diamonds
1136562690934001664, 1116906367367782400, 2019-06-06T09:17:16.000Z, RT @kripticlori: You've heard of "Jane crocker listens to Taylor Swift." Now get ready for:  Jade Harley listens to marina and the diamonds
1136632339956736002, 109245603, 2019-06-06T13:54:02.000Z, @esbarnard_ "Like A Girl" - Lizzo "Enjoy Your Life" - Marina "when the party's over" - Billie Eilish "Delicate" - Taylor Swift "Alive in New Light" - Iamx
1136634634245148672, 2269041322, 2019-06-06T14:03:09.000Z, @escariaoreal - Electra Heart - Marina And The Diamonds  - Sweetener - Ariana Grande  - 1989 - Taylor Swift  - Golden Hour - Kacey Musgraves  - Sunset Season - Conan Gray
1136866738610548736, 598356116, 2019-06-07T05:25:27.000Z, 13. I always think of marina, sophia &amp; taylor when i think of you. I now also think of alex morgan after finding out you would watch the uswnt too! Funny how you chose that number lol. I just love the vibe you give, I truly hope i get to meet you one day! ☺️
1136922266971754496, 2641995961, 2019-06-07T09:06:06.000Z, @adoremedicine Taylor, lana, marina, harry
1136967071412170762, 1127016576312664064, 2019-06-07T12:04:08.000Z, @BestLiveSongs Taylor , Marina
1137006505134362625, 942718062414979072, 2019-06-07T14:40:50.000Z, Glenveagh Open Viewings this Weekend:  Marina Village-Greystones: Launching Sat &amp; Sun (10am - 1pm) Cnoc Dubh-Ballyboughal: Sat &amp; Sun (12pm - 1pm) Knightsgate-Rush: Sat (12pm – 1pm) Semple Woods-Donabate: Sat (12.30pm - 2.30pm) Taylor Hill-Balbriggan: Sat (12.30pm - 1.30pm) https://t.co/v8ZdsbSUwE
1137021633661722624, 234754476, 2019-06-07T15:40:56.000Z, RT @GlenveaghHomes: Glenveagh Open Viewings this Weekend:  Marina Village-Greystones: Launching Sat &amp; Sun (10am - 1pm) Cnoc Dubh-Ballybough…
1137067812797554688, 4443872713, 2019-06-07T18:44:26.000Z, @HAUSSUXX Where tf is Tove Lo, Kesha, Marina, Carly, Taylor LITERALLY ANY OF THE GIRLS WITH TALENT WTF THE HOMOPHOBIA JUMPED OUT
1137145895722655744, 543934543, 2019-06-07T23:54:43.000Z, @minyoongisdior not a playlist but  this is what a broken heart feels like (stripped version) by marina lin you don’t know by katelyn tarver lost without you by freya ridings surrender by natalie taylor  come to this by natalie taylor (tae listened to today !) hold on by chord overstreet
1137167847061372928, 154281851, 2019-06-08T01:21:56.000Z, @Viine_Correa @gutohenri @lilyallen @AmericanAir 💔 sim 2013 a Taylor Monsen cancelou show com a banda Dela no Brasil, 2016 Marina, 2017 a Gaga. Parece que a Lily Será 2019💔💔
1137194918861058048, 1705755192, 2019-06-08T03:09:31.000Z, pietra's top 5 artists this week: Miley Cyrus (51), Marina (13), Taylor Swift (13), Lana Del Rey (10), Gentle Whispering (4) #jotafm
1137397442125684736, 481222250, 2019-06-08T16:34:16.000Z, Lady Amelia, Lady Marina, their brother Edward, Princess Alexandra, Eloise Taylor and her brothers, Julia Ogilvy, Earl and Countess of Ulster with children, Lady Nicholas and her two sons Louis and Leopold, The Duchess of Kent weren't on the balcony during Trooping The Colour.
1137398082507878400, 481222250, 2019-06-08T16:36:49.000Z, And Marina Mowatt, her son Christian, Columbus and Cassius Taylor who weren't seen on the balcony for years were also absent.
1137438210324348928, 1428601326, 2019-06-08T19:16:16.000Z, RT @Princeroyal99: Lady Amelia, Lady Marina, their brother Edward, Princess Alexandra, Eloise Taylor and her brothers, Julia Ogilvy, Earl a…
1137585635009662976, 827210880916082689, 2019-06-09T05:02:05.000Z, @siteptbr CORREÇÃO: #1 LUGAR/WINNER (s)   Teenage Dream - Katy Perry 1989 - Taylor Swift Born To Die - Lana Del Rey The New Classic - Iggy A. Froot &amp; Electra Heart - Marina (and the 💎) BEYONCÉ - Beyoncé The Fame - Lady Gaga Loud &amp; Unapologetic - Rihanna I Love You - The Neighbourhood https://t.co/EAmRUMCUaQ
1137663627195031552, 229805057, 2019-06-09T10:12:00.000Z, 💘sharing my #PrideMonth playlist 💘  ❤️red - taylor swift 🧡orange trees - marina 💛yellow - coldplay 💚green light - lorde 💙blue - troye sivan 💜purple rain - prince  https://t.co/TpylLeq8GN
1137664070180458497, 115301730, 2019-06-09T10:13:45.000Z, RT @adrianmaquilan: 💘sharing my #PrideMonth playlist 💘  ❤️red - taylor swift 🧡orange trees - marina 💛yellow - coldplay 💚green light - lorde…
1137696593367490560, 866391951041593346, 2019-06-09T12:22:59.000Z, @fffffranco Redbone- gambino Everybody talks- neon trees Broken- lovelythebad End game- Taylor swift Legend- tøp Red-TS Escape- kongos Doubt- tøp Piano man- billy joel Oh no!- marina Cold cold cold- cage te Kangaroo court- capital cities Easy tiger- Portugal the man Time is running out- muse
1137754665175650305, 1018691822992986112, 2019-06-09T16:13:45.000Z, @REDoftheBoys 1. Taylor Swift 2. Lana Del Rey 3. Kacey Musgraves 4. Lorde 5. Marina
1137754758905774080, 2233837094, 2019-06-09T16:14:07.000Z, RT @cleansavedme: @REDoftheBoys 1. Taylor Swift 2. Lana Del Rey 3. Kacey Musgraves 4. Lorde 5. Marina
1137769322145824769, 4806017847, 2019-06-09T17:11:59.000Z, @REDoftheBoys 1) Taylor Swift  2) Kate Bush  3) Annie Lennox  4) MARINA 5) Bananarama
1137780082653536257, 767938231, 2019-06-09T17:54:45.000Z, o quanto nosso gosto musical eh parecido?? (kibei)  +10 rihanna +10 ariana grande  +10 rbd +10 lady gaga  +10 shakira +10 demi lovato +10 selenagomez  +10 taylor swift  +10 2ne1 +10 beyoncé +10 luiz gonzaga +10 marina +10 stromae  quem flopar é corno
1137786057032962048, 3366580120, 2019-06-09T18:18:29.000Z, @fffffranco (y)ou don't know me - ariana (s)avages - marina (l)iability - lorde (m)eet me in the hallway - harry  (e)nchanted - taylor swift (r)ebel rebel - david bowie (c)armen - lana del rey (i) wanna be yours - arctic monkeys
1137795912598790152, 966148275404460039, 2019-06-09T18:57:39.000Z, stolen !! how alike are we on music taste 10% - taylor swift  10% - nirvana  10% - conan gray 10% - gerard way 10% - muse 10% - marina 10% - 5sos 10% - queen 10% - panic! at the disco 10% - lana del rey
1137808903402598401, 1002925705188007936, 2019-06-09T19:49:16.000Z, @imfakinnn and your favorite band/musicians are sabrina carpenter, taylor swift, ariana grande, madison beer, marina, troye sivan, nina nesbitt, ruel, and a Lot more people
1137816614831820800, 857634572976238592, 2019-06-09T20:19:55.000Z, @heyiamkaan 1-Taylor Swift 2-Little Mix 3-Marina  4-Bebe Rexha 5-harry styles
1137817878671921152, 2574148854, 2019-06-09T20:24:56.000Z, Make me feel-Janelle Monáe  Love -Lana del Rey  Screwed -Janelle Monáe  Sucker -Jonas brothers  Clarity -Zedd  Out of the woods -Taylor Swift  Red -Taylor Don’t forget -demi Lovato  Emotional machine - marina  Lies - marina  I like that - Janelle Monáe  American - Lana Del Rey https://t.co/vPKzzg6JNa
1137818638961008640, 263021474, 2019-06-09T20:27:57.000Z, rainbow - kesha artpop - lady gaga firework - katy perry alive - sia god in jeans - ryan beatty ride - lana del rey all the lovers - kylie minogue clean - taylor swift into you - ariana grande amanecer - ruth lorenzo believe in love - marina https://t.co/n5uQZIDbZR
1137826395944620033, 784550160512782337, 2019-06-09T20:58:47.000Z, @REDoftheBoys 1. Lady Gaga 2. Lana Del Rey 3. Katy Perry 4. Marina 5. Taylor Swift
1137862923211149312, 2836825468, 2019-06-09T23:23:56.000Z, @REDoftheBoys 1. Katy Perry 2. Taylor Swift 3. Lana Del Rey 4. Marina Diamandis 5. BlackPink
1137865240853536768, 135358295, 2019-06-09T23:33:08.000Z, I: I'm a Ruin - Marina V: Various Storms &amp; Saints - Florence A: All That - Carly N: Nobody - Mitski P: Piel - Arca A: All Too Well - Taylor L: La Romana - Bad Bunny A: Awake My Soul - Mumford &amp; Sons Z: Zoo Eyes - Aldous Harding Z: Zombies - Childish Gambino O: Otra Era - Javiera https://t.co/pZllWYziV1
1137872737089839105, 81694451, 2019-06-10T00:02:55.000Z, indo e voltando do trabalho ao som de 5 artists this week: Carly Rae Jepsen (23), Marina (20), Taylor Swift (20), Paramore (18), Liniker e os Caramelows (16) #jotafm
1137904577037180929, 959883918521651200, 2019-06-10T02:09:27.000Z, how similar is our taste in music? 10% Lady Gaga 10% Ariana Grande 10% Katy Perry 10% Madonna 10% Shakira 10% Beyoncé 10% Donna Summer 10% Charli XCX 10% Marina (Ex And The Diamonds) 10% Taylor Swift https://t.co/a1O1ZynkLv
1137909279858601990, 3029014858, 2019-06-10T02:28:08.000Z, @REDoftheBoys Taylor Swift Florence Welch Marina Diamandis Lorde Lea Michele
1137918191882125313, 2747334980, 2019-06-10T03:03:33.000Z, B- loodline - ariana g A- ningún hombre - rosalia S- tarlight - taylor s T- een idle - marina A- nklebiters - paramore R- eptilia - the strokes D- elicate - taylor s Y- ou had me at hello - adtr O- range trees - marina U- nstoppable - sia T- ap out - the strokes H- ow - the nbhd https://t.co/gUNQQHslsF
1137939590717640709, 3372884793, 2019-06-10T04:28:34.000Z, Enchanted (taylor swift) Money Power Glory (lana) Merry Go Round (kacey) Alibi (banks) Karma (marina) Dust (broods) All this and Heaven too (florence) Vienna (billy joel) Ignorance (paramore) Savior (st vincent) 1 8 https://t.co/GNsZ5Ztb6f
1137941412153110529, 170781776, 2019-06-10T04:35:49.000Z, No me ignoren 🙌  Cuanto % tenemos en común   10%: Jonas Brothers 10% Twenty One Pilots 10%: Selena Gomez 10%: The Killers 10%: RHCP 10%: One Direction 10%: Imagine Dragons  10%: Marina 10%: McFly 10%: Taylor swift
1137941953855799297, 935549806969327616, 2019-06-10T04:37:58.000Z, o- orange trees - marina  f- fallingwater - maggie rogers a- about you - fletcher  i- I know places - taylor swift i- if you want to - beabadoobee t- thoughts - sasha sloan  h- happy - julia michaels  e- edge of seventeen - stevie nicks  n- never mine - sigrid https://t.co/FKhMCEcJK6
1137949031613829121, 990244957041635328, 2019-06-10T05:06:05.000Z, how similar is our music taste? taylor swift - 50 allie x - 30 ariana grande - 10 carly rae jepsen - 30 chvrches - 20 cupcakke - 30 kacey musgraves - 20 katy perry - 30 kim petras - 30 lana del rey - 50  tove lo - 30 lorde - 30 marina and the diamonds - 50 zella day - 30
1137985939857399808, 1045513553795592192, 2019-06-10T07:32:45.000Z, @swansongswift taylor, ariana, carly, chvrches, kacey, katy, lana, tove, marina and lorde. if heard the other ones but i dont stan them
1138021696156393472, 2151525161, 2019-06-10T09:54:50.000Z, @cfcangelia It's going to be terrible with fraud referees like Anthony Taylor,  Andre Marina etc
1138024269483466752, 3242252521, 2019-06-10T10:05:03.000Z, yall hated halsey for having a lana del rey-ish / taylor swift-ish / marina and the diamond-ish type of album with badlands but ava max is doing the same with lady gaga-ish / marina and the diamond-ish type of music but yall like her  anyway ✈️to study ava max for science 😗
1138067731373338624, 105142860, 2019-06-10T12:57:46.000Z, there's so much good pop coming out this year (eg marina, carly, katy, even taylor) but they've ended with a formulaic album that sounds like it wants to innovate but doesn't manage to
1138095339783806977, 960578596774535168, 2019-06-10T14:47:28.000Z, How similar is our music taste:  10% Taylor Swift 10% Ariana Grande  10% Lady Gaga 10% Lorde 10% MARINA 10% Shawn Mendes 10% Katy Perry 10% Carly Rae Jepsen 10% 5 Seconds of Summer 10% Nicki Minaj
1138096154854547456, 1050077152102756352, 2019-06-10T14:50:42.000Z, @tayftperry 1. Taylor swift 2. Ed sheeran 3. Shawn mendes 4. camila cabello 5. Marina and the Diamonds (or just Marina now), Ariana grande
1138097386369245184, 848679881558958080, 2019-06-10T14:55:36.000Z, RT @RepDeluxxxe: How similar is our music taste:  10% Taylor Swift 10% Ariana Grande  10% Lady Gaga 10% Lorde 10% MARINA 10% Shawn Mendes 1…
1138098489680941058, 590113971, 2019-06-10T14:59:59.000Z, Frank's top 5 artists this week: Lady Gaga (109), Taylor Swift (82), Marina (80), Carly Rae Jepsen (71), Lana Del Rey (67) #jotafm
1138098965252136963, 3371455607, 2019-06-10T15:01:52.000Z, Quanto nosso gosto musical de parece?   10% - MARINA  10% - Lana Del Rey 10% - Taylor Swift  10% - Selena Gomez  10% - Panic! At The Disco 10% - Arctic Monkeys 10% - Tame Impala 10% - The Neighbourhood  10% - Kesha 10% - BLACKPINK https://t.co/yrzUTveD0W
1138103358479142916, 2456444976, 2019-06-10T15:19:20.000Z, How similar is our music taste:  10% Taylor Swift 10% Ariana Grande  10% Lady Gaga 10% Britney Spears 10% MARINA 10% Madonna 10% Katy Perry 10% Janelle Monáe 10% Melanie Martinez 10% Nicki Minaj
1138126283458564104, 4212489739, 2019-06-10T16:50:25.000Z, let me know - lany you belong with me - taylor swift vapor - 5sos eastside - khalid ft halsey mundo - iv of spades amnesia - 5sos nicotine - p!atd unconditionally - katy perry  ELEMENT. - kendrick lamar lies - marina  la la - the cab enemies - lauv XXX. -  kendrick lamar https://t.co/9kK0HhOoNU
1138137066712289285, 2278802830, 2019-06-10T17:33:16.000Z, stole from the tl how similar are our music tastes?    10 pts - bts 10 pts - taylor swift 10 pts - marina 10 pts - iz*one 10 pts - blackpink 10 pts - ariana grande 10 pts - twice  10 pts - lana del rey 10 pts - ateez 10 pts - demi lovato 10 pts - chungha
1138155139167064064, 2994355642, 2019-06-10T18:45:05.000Z, how similar is our music taste?  (total 140)  10% 5SOS 10% Kacey Musgraves 10% Harry Styles 10% MARINA 10% Lana Del Rey 10% Lorde 10% One Direction 10% P!ATD 10% Taylor Swift 10% Charli XCX 10% LANY 10% the 1975 10% Trixie Mattel 10% Queen  stolen from my tl
1138161173138984961, 2951053943, 2019-06-10T19:09:04.000Z, how similar is our music taste ?  10% panic! at the disco 10% twenty one pilots  10% nekfeu 10% ariana grande  10% taylor swift  10% billie eilish 10% måns zelmerlöw  10% angèle 10% marina and the diamonds  10% hayley kiyoko
1138165309838438401, 1034832200208932865, 2019-06-10T19:25:30.000Z, @fffffranco M ine - Taylor S A ll too well - Taylor S R u mine - artic monkeys  I ris - sleeping with sirens(cover) A chage of heart - 1975 L ies - Marina and the diamonds O nce upon a dream - Disney N ine in the afternoon - panic at the disco D oll house - Melanie Martinez O ceans - seafret
1138166564014960642, 1136314587475849220, 2019-06-10T19:30:29.000Z, how similar is our taste in music ?  10% taylor swift 10% shawn mendes  10% selena gomez 10% little mix 10% rihanna 10% ariana grande 10% blackpink 10% marina 10% katy perry 10% iggy azalea 10% nicki minaj  (plz don’t let me flop &amp; stream me!)
1138168373643288577, 46898189, 2019-06-10T19:37:41.000Z, Gonna do this cause woo music. How similar is our music taste?   10% Depeche Mode  10% Keane  10% Marina  10% Laura Marling  10% Taylor Swift  10% Daughter  10% Bombay Bicycle Club 10% Grandaddy  10% Billie Eilish  10% George Michael Bonus 10% Kate Bush 🤙🏻
1138172524565532672, 21593201, 2019-06-10T19:54:10.000Z, @Ebzo DM, BBC, Marina, Laura Marling, Keane... although I have George and Taylor on playlists too....
1138180048127705088, 597027750, 2019-06-10T20:24:04.000Z, a a year without rain - sg n no idea - big time rush x xoxoxo - black eyed peas b blue - marina e enchanted - taylor swift d dance again - jlo a army - ellie goulding https://t.co/TNGHwxo2z0
1138195973795176459, 1099475234, 2019-06-10T21:27:21.000Z, how similar is our music taste? 🤪  taylor swift 10% jonas brothers 10% fall out boy 10% walk the moon 10% vampire weekend 10% marina 10% hannah montana 10% selena gomez 10% the aces 10% the lonely island 10%
1138209307139366912, 3184605126, 2019-06-10T22:20:20.000Z, how similar is our music taste?  10% halsey 10% panic! at the disco 10% twenty one pilots 10% Hollywood Undead 10% Yungblud 10% Lindsey Stirling 10% Marina 10% Taylor Swift 10% Alison Wonderland 10% the Veronicas
1138209830408196096, 1081317505228926976, 2019-06-10T22:22:25.000Z, RT @signingbandito: how similar is our music taste?  10% halsey 10% panic! at the disco 10% twenty one pilots 10% Hollywood Undead 10% Yung…
1138216398885277696, 871027269417844736, 2019-06-10T22:48:31.000Z, how similar is our music taste?   10% •  bts 10% •  twenty one pilots 10% •  marina  10% •  broods 10% •  billie eilish 10% •  ariana grande 10% •  taylor swift 10% •  tove styrke 10% •  k.flay 10% •  lana del rey
1138230731107393536, 863585260520472576, 2019-06-10T23:45:28.000Z, @fffffranco S:uperstar- MARINA A:te You Satisfied?- MARINA T:he Fame- Lady Gaga A:ngel Down- Lady Gaga O:range Trees- MARINA N:ever Realy Over- Katy Perry L:ove- Lana Del Rey I:mmortal- MARINA N:ico And The... TØP E:ndgame- Taylor Swift
1138231424505372672, 832570104592281600, 2019-06-10T23:48:13.000Z, g - ghosts - laura marling o - oh it is love - hellogoodbye d - dark paradise - lana del rey d - drive - oh wonder  e - everybody wants to rule the world - tears for fears s - starring role - marina and the diamonds s - speak now - taylor swift
1138238231105982464, 1107031747169005569, 2019-06-11T00:15:16.000Z, TMBMD - the 1975 Unbreakable smile - tori kelly Red - taylor swift  Needy - ariana grande True disaster - tove lo Oceans - seafret Home - gabrielle aplin Elastic heart - sia Alive - gabrielle aplin Valley of the dolls - marina Eastside - benny, halsey, khalid Nightcall - kavinsky https://t.co/1sOzbugp14
1138239053957128196, 1074363726449524736, 2019-06-11T00:18:32.000Z, quanto nosso gosto musical se parece?  10% - taylor s. 10% - katy p. 10% - nicki minaj 10% - Rihanna  10% - green day 10% - red hot chilli peppers 10% - pitty 10% - marina and the diamonds 10% - ariana grande 10% - lady gaga  Responde na humildade kkkkk
1138255117625581569, 439207230, 2019-06-11T01:22:22.000Z, quanto nosso gosto musical é parecido?   10%- teatro musical 10%- demi lovato 10%- jonas brothers 10%-taylor swift 10%-marina 10%-camila cabello 10%-letrux 10%- duda beat 10%- anavitoria 10%-bleachers
1138255292896964608, 992580139547484160, 2019-06-11T01:23:04.000Z, guess what i’m basic  how similar is our music taste? 10- why don’t we 10- ariana grande 10- melanie martinez 10- troye sivan 10- kim petras 10- taylor swift 10- poppy 10- marina 10- carlie hanson 10- katy perry
1138257369685585920, 950030235763802112, 2019-06-11T01:31:19.000Z, (stolen from tl) what percent similar are we: poppy 10% panic! 10% marina diamandis 10% taylor swift 10% tessa violet 10% melanie martinez 10% twice 10% ariana grande 10% conan gray 10% lana del rey 10%
1138262046515052544, 984164249772740608, 2019-06-11T01:49:54.000Z, How similar is our music taste? ✨  20% Lady Gaga 15% Marina 15% Lana del Rey 10% Madonna 5% Britney 5% Nicki Minaj 5% Katy Perry 5% Rihanna 5% Charli XCX 5% Ariana Grande 5% Taylor Swift 5% Kim Petras
1138262854648369153, 948633420938137600, 2019-06-11T01:53:07.000Z, How similar are our music tastes? 10% Taylor Swift 10% Kacey Musgraves  10% Charli XCX  10% Sia 10% Lana del Rey 10% Marina 10% Carly Rae Jepsen 10% Lorde 10% Sara Bareilles 10% Carrie Underwood
1138274236043341825, 927312572675698688, 2019-06-11T02:38:20.000Z, doing this bc everyone else is but: how similar is our music taste?✨ 10% nicki minaj 10% ariana grande  10% taylor swift 10% katy perry  10% iggy azalea 10% lady gaga 10% lana del rey 10% kesha 10% charli xcx 10% marina
1138289696046571520, 950901905861079045, 2019-06-11T03:39:46.000Z, quanto o nosso gosto musical é parecido ?  10% - Katy Perry 10% - Miley Cyrus 10% - Demi Lovato 10% - Ariana Grande 10% - Britney Spears 10% - MARINA 10% - Lady Gaga 10% - Taylor Swift 10% - Adele 10% - P!ATD https://t.co/uVsNoeDVbR
1138300468667584512, 914568156756226049, 2019-06-11T04:22:34.000Z, quanto nosso gosto musical é parecido?  10% one &amp; only loona 10% ice cream cake red velvet 10% promiscuous nelly 10% mtmotn carly 10% não vou deitar pabllo 10% los ageless st vincent  10% ayhtdws taylor 10% piece of me britney 10% power &amp; control marina 10% in my head ariana https://t.co/1aGKvUTG9Y
1138309713530146816, 730489645893488640, 2019-06-11T04:59:19.000Z, RT @RepDeluxxxe: How similar is our music taste:  10% Taylor Swift 10% Ariana Grande  10% Lady Gaga 10% Lorde 10% MARINA 10% Shawn Mendes 1…
1138336525417140224, 967478953077243907, 2019-06-11T06:45:51.000Z, RT @signingbandito: how similar is our music taste?  10% halsey 10% panic! at the disco 10% twenty one pilots 10% Hollywood Undead 10% Yung…
1138344054024892416, 1130121545316261889, 2019-06-11T07:15:46.000Z, -namjoon be alright(ariana grande) /  come see about me (nicki minaj)   -j-hope  sugar (lila yin)/  home alone (beabadobee)  -yoongi  inside out/ in the dark  (camila cabello)  -jin  gorgeous (taylor swift)/  primadonna (marina and the diamonds)
1138392213891756033, 2591580277, 2019-06-11T10:27:08.000Z, How similar is our music taste?  10% - Katy Perry 10% - Aurora 10% - Melanie Martinez 10% - Marina 10% - Lana Del Rey 10% - Taylor Swift 10% - Kacey Musgraves 10% - Bebe Rexha 10% - Kesha 10% - Lady Gaga
1138392701118963712, 896439080246026241, 2019-06-11T10:29:04.000Z, RT @Ebzo: Gonna do this cause woo music. How similar is our music taste?   10% Depeche Mode  10% Keane  10% Marina  10% Laura Marling  10%…
1138397050272227329, 166968664, 2019-06-11T10:46:21.000Z, @tyhrblue Greatest moments in WT history  1. '05 grand final 2. Farah return 3. Jason Taylor axing  4. Marina Go ing
1138412752790274048, 3002251911, 2019-06-11T11:48:45.000Z, How similar is our music taste?  10% Marina 10% Melanie Martinez 10% Tove Lo 10% Melanie Martinez 10% Lorde 10% Taylor Swift 10% Kim Petras 10% Hayley Kiyoko 10% Kesha 10% Zara Larsson
1138432232941662209, 365421109, 2019-06-11T13:06:10.000Z, how similar is our taste in music?  20% - Taylor Swift 15% - Abba 10% - Rozalen 10% - Katy Perry 10% - AURORA  10% - Seafret  5% - Avril Lavigne  5% - Marina  5% - Fleetwood Mac 5% - Maldita Nerea 5% - La oreja de Van gogh
1138434896832139264, 993753954042437632, 2019-06-11T13:16:45.000Z, how similar is our taste in music?   15% Katy Perry 15% La Casa Azul 10% Natalia Kills 10% Fangoria 10% Lady Gaga 10% Michael Jackson 5% Aqua 5% Marina  5% Nicki Minaj 5% Green Day 5% Poppy 1% Papa Topo 1% Gorillaz 1% Rihanna 1% Britney Spears 1% Lana del Rey 0% Taylor Swift
1138442164176736257, 747912187482677249, 2019-06-11T13:45:37.000Z, O quanto nosso gosto musical é parecido?  Jão 10% Selena Gomez 10% Blackpink 10% Rihanna 10% Miley Cyrus 10 % EXO 10% Ariana Grande 10%  Taylor Swift 10%  Little Mix 10%  MARINA 10%
1138457028060504064, 954000929220648960, 2019-06-11T14:44:41.000Z, dayanamadım... müzik zevkimiz ne kadar benziyor?   %10 nothing,nowhere. %10 NF %10 SYML %10 Sullii %10 twenty one pilots  %10 xxxtentacion %10 Marina and the diamonds %10 Daughter %10 Blackpink %10 Taylor Swift
1138463100414365697, 2757243593, 2019-06-11T15:08:49.000Z, vou roubar tbm rss amo  how similar our taste in music is?  10% - Avril Lavigne 10% - Marina 10% - Carly Rae Jepsen 10% - Taylor Swift 10% - Billie Eilish 10% - Ariana Grande 10% - Jonas Brothers 10% - JoJo 10% - Hey Violet 10% - Logan Henderson https://t.co/hx0nS09Wom
1138465781757489152, 1004132292107952129, 2019-06-11T15:19:28.000Z, 10% Taylor Swift  10% Lorde 10% AURORA 10% Marina 10% Lana Del Rey 10% Bishop Briggs 10% Halsey 10% Kacey Musgraves 10% Oh Wonder 10% Kesha
1138472989270454272, 2304126970, 2019-06-11T15:48:07.000Z, quantos % temos em comum sobre gostos musicais?  10% - Alessia Cara  10% - Ariana Grande  10% - Beyoncé  10% - Marina 10% - Aurora 10% - Lady Gaga 10% - Billie Eilish 10% - Sia 10% - Katy Perry  10% - Taylor Swift  se flopar, foi culpa da billie eilish
1138474956638031872, 708087360832086016, 2019-06-11T15:55:56.000Z, quantos % temos em comum sobre gostos musicais  10% - Lana Del Rey 10% - Kali Uchis 10% - Marina 10% - Jorja Smith 10% - Iggy Azalea 10% - Tyler The Creator 10% - Rihanna 10% - Florence the machine 10% - Taylor Swift 10% - Arctic monkeys https://t.co/Tj1yhA3ytx
1138495191596392449, 951708325296656384, 2019-06-11T17:16:20.000Z, quanto o nosso gosto musical é parecido?  10% - Doja Cat 10% - Marília Mendonça  10% - taylor swift 10% - Duda Beat 10% - Lana del rey 10% - Ariana grande  10% - Marina  10% - miley cyrus 10% - Rosália  10% - Cardi B
1138498813394657280, 194671674, 2019-06-11T17:30:44.000Z, Quiero hacerlo aunque nadie me de pelota...  10% BTS 10% Taylor Swift 10% Paramore 10% Twenty one pilots 10% Marina Diamandis 10% Lorde 10% Lana del rey  10% Halsey 10% Charli XCX 10% Tove Lo
1138500119475736576, 42053682, 2019-06-11T17:35:55.000Z, Quantos % meu gosto musical combina contigo  10% Charli XCX 10% Paramore 10% Tove Lo 10% Banks 10% Ariana Grande 10% Taylor Swift 10% Foxes 10% Lady Gaga 10% Marina 10% Beyoncé
1138503593995198465, 2922258905, 2019-06-11T17:49:43.000Z, Quanto nosso gosto musical é parecido?   10% Lady Gaga 10% MARINA (and the Diamonds)  10% One Direction 10% Nicki Minaj 10% Ariana Grande 10% Qualquer GG (Girl Group) de kpop 10% Duda Beat 10% Miley Cyrus 10% Azealia Banks 10% Taylor Swift 10% Rihanna
1138514749594001411, 4028595395, 2019-06-11T18:34:03.000Z, gays be like how similar is our music taste?  10 pts Lady Gaga 10 pts Lana del Rey 10 pts Carly Rae jepsen 10 pts Taylor Swift 10 pts Beyoncé 10 pts Ariana grande 10 pts Marina  10 pts Britney spears 10 pts Rihanna 10 pts Rosalia
1138517774962028544, 146679128, 2019-06-11T18:46:04.000Z, how similar are our music taste?  10% lana del rey 10% the neighbourhood 10% panic! at the disco 10% he is we 10% lorde 10% lany 10% marina and the diamonds 10% hozier 10% daughter 10% taylor swift
1138528138860945408, 1088809453355499520, 2019-06-11T19:27:15.000Z, Hadi ben de şu müzik şeyini yapayım kimse takmayacak ama idc: 10 Taylor 10 Kpop 10 The Neighbourhood 10 P!ATD 10 Billie Eilish 10 Marina And The Diamonds (artık sadece Marina :") 10 Melanie Martinez 10 Grandson 10 Vocaloid 10 Halsey  100 yapanlar hemen özele auipjwkgwxkpwhlcwwkğ
1138530642520616967, 154261386, 2019-06-11T19:37:12.000Z, Quanto o nosso gosto musical é parecido?  10% Lady Gaga 10% MARINA (ex the diamonds) 10% Lana Del Rey 10% Ariana Grande 10% Taylor Swift 10% Jaloo 10% Clarice Falcão 10% Lorde 10% Katy Perry 10% Banda Uó
1138551257243799553, 331099970, 2019-06-11T20:59:07.000Z, how similar is our music taste?  10% - Katy Perry 10% - Taylor Swift 10% - Adele 10% - Dua Lipa  10% - Troye Sivan 10% - Lana Del Rey 10% - Lorde 10% - Selena Gómez 05% - Britney Spears 05%- Ariana Grande 05% - Marina &amp; the Diamonds 2.5%- Billie Eilish  2.5% - Avril Lavigne
1138557371423305728, 950087505805791232, 2019-06-11T21:23:25.000Z, quanto nosso gosto musical é parecido?  10% lady gaga 10% katy perry 10% little mix 10% taylor swift 10% charlie puth 10% ex acts da disney (miley, demi, selena, zendaya etc.) 10% cardi b 10% carly rae jepsen 10% marina (com os diamantes) 10% panic at the disco
1138561473482035200, 740377383396642817, 2019-06-11T21:39:43.000Z, Quanto nosso gosto musical é parecido?  10% Taylor Swift 10% Marina 10% Lorde 10% Ariana Grande 10% Twenty Øne Pilots 10% Katy Perry 10% Imagine Dragons 10% Panic! At The Disco 10% Kim Petras 10% Charli XCX
1138563612019253251, 824381487252389895, 2019-06-11T21:48:13.000Z, Quanto nosso gosto musical é parecido?  10% Taylor Swift 10% Joelma 10% Iza 10% Lady Gaga 10% Pablo Vita 10% Mateus Carrilho 10% Lia Clark 10% Gloria Groove 10% Marília Mendonça 10% Marina
1138564525442174981, 2398590169, 2019-06-11T21:51:51.000Z, Quanto nosso gosto musical é parecido?  100% Taylor Swift 10% Marina 100000000% Lorde 20% Ariana Grande 30% Katy Perry 10% Imagine Dragons 10% Charli XCX https://t.co/qndyO0stEc
1138575845268832256, 211829323, 2019-06-11T22:36:49.000Z, 🌺 aderindo a brincadeira 🌺  Quanto % nosso gosto musical é parecido? 10% Britney Spears 10% Taylor Swift 10% Iggy Azalea 10% Mariah Carey 10% Hilary Duff 10% Avril Lavigne 10% Janet Jackson 10% Marina 10% Lana del Rey 10% Madonna
1138588453069656064, 854455328573968385, 2019-06-11T23:26:55.000Z, Que tan parecido es nuestro gusto musical?  15% Rosalía 15% Selena Gomez 15% Billie Eilish 5% Demi Lovato 5% Gabbie Hanna 10% Mon Laferte 10% Taylor Swift 2% Halsey 1% Melanie Martinez 1% Marina and the Diamonds 1% AVICII
1138594791732776960, 749015182001700872, 2019-06-11T23:52:07.000Z, how similar is our music taste?  10% avril lavigne  10% taylor swift 10% lana del rey  10% marina  10% britney spears  10% kylie minogue 10% alanis morissette  10% charli xcx 10% bridgit mendler 10% christina perri
1138595804657201155, 939955825950515201, 2019-06-11T23:56:08.000Z, quanto o seu gosto musical parece com o meu?  10% - lana del rey 10% - marina 10% - the 1975 10% - taylor swift 10% - nina nesbitt 10% - alessia cara 10% - ariana grande 10% - troye sivan 10% - lorde 10% - hayley kiyoko
1138601772531032070, 4275807329, 2019-06-12T00:19:51.000Z, stole this from a bunch of ppl but how similar are our music tastes?🤪 10% lady gaga 10% lana del rey 10% marina and the diamonds 10% queen 10% adam lambert 10% ariana grande 10% harry styles 10% blackpink 10% taylor swift 10% panic! at the disco
1138603152968749057, 944336099601772544, 2019-06-12T00:25:20.000Z, RT @micaelguerriero: How similar is our music taste?  10% - Katy Perry 10% - Aurora 10% - Melanie Martinez 10% - Marina 10% - Lana Del Rey…
1138603699134259203, 69685157, 2019-06-12T00:27:30.000Z, quantos % temos em comum em gostos musicais? 10% Lady Gaga  10% Rihanna 10% Paramore 10% Imagine Dragons 10% Michael Jackson 10% Britney Spears 10% Taylor Swift 10% Echosmith 10% Marina 10% Marcelo Jeneci 10% Dua Lipa  10% Tove Lo 10% Lorde
1138607055168839680, 3443326761, 2019-06-12T00:40:50.000Z, Quanto nosso gosto musical é parecido?  20% - Lorde 10% - Katy Perry 10% - Marina and the diamonds 10% - Twenty One Pilots 10% - Post Malone 10% - Iggy Azalea 10% - Miley Cyrus 10% - Radiohead 8% - Taylor Swift 2% - Blackpink -50% - Beyoncé
1138622733821128704, 67071387, 2019-06-12T01:43:08.000Z, O quanto nosso gosto musical é  parecido?  10% - demi 10% - rbd 10% - the neighborhood  10% - Ariana Grande 10% - 1d 10% - halsey 10% - taylor 10% - FUNK EM GERAL PUTARIA MANDELA 10% - marina 10% - rihanna   100% ok vamos andar juntas no recreio  50% p baixo vai se catar chata
1138629562018009088, 3295821727, 2019-06-12T02:10:16.000Z, #ListingOfTheDay- 2017 built, 3 bed/3.5 bath home by Taylor Morrison Homes in The Colony. Lakeside infinity pool! Two Golf courses. Future community planned beach with marina https://t.co/ZWpvCjiX82  Are you thinking about selling your house?---&gt;https://t.co/a6rBzf5ARd https://t.co/zWGH3HEH6r
1138629681161363457, 983891795166859264, 2019-06-12T02:10:45.000Z, Quantos % nós temos em comum?  10% Lady Gaga 10% Lorde 10% Sia 10% Allie X 10% Marina  10% Katy Perry  10% Carly Rae Jepsen 10% Taylor Swift  10% Melanie Martinez  10% Aurora
1138635149321625600, 1036652627491278849, 2019-06-12T02:32:29.000Z, RT @ddlwiitness: quanto o nosso gosto musical é parecido ?  10% - Katy Perry 10% - Miley Cyrus 10% - Demi Lovato 10% - Ariana Grande 10% -…
1138653211672403973, 350383862, 2019-06-12T03:44:15.000Z, O qto nosso gosto musical é parecido?  5%- Ariana 5%- Ava Max 5%- Bastille 5%- Bebe Rexha 5%- Beyonce 5%- Dua 5%- Ellie Goulding 5%- Foster The People 5%- Katy 5%- Gaga 5%- Little Mix 5%- Madonna 5%- Marina 5%- Pabllo 5%- Rihanna 5%- RuPaul 5%- Selena  5%- Sia 5%- Taylor 5%- Tove
1138691048744599552, 1628530646, 2019-06-12T06:14:36.000Z, Camila, Taylor, Tove, Zara, Marina, Shawn, Meghan, https://t.co/oOK71BbW7q
1138740235838398466, 523585098, 2019-06-12T09:30:03.000Z, Quanto nosso gosto musical é parecido?  10% Lorde 10% Troye Sivan 10% Tove Lo 10% Years &amp; Years 10% Marina 10% Avril Lavigne 10% Taylor Swift 10% Lady Gaga 10% Poppy 10% Lana Del Rey
1138769128620269568, 367454815, 2019-06-12T11:24:52.000Z, и я туда же : на сколько % совпадают наши музыкальные вкусы?  10% lana del rey  10% taylor swift  10% marina &amp; the diamonds   10% ariana grande  10% ed sheeran  10% dua lipa  10% iggy azalea  10% harry styles  10% the weeknd  10% adele
1138801995173834752, 2797672661, 2019-06-12T13:35:28.000Z, Our staff have been having a great time presenting at the Learning &amp; Teaching conference. Jo Taylor and Marina Harris presented their “Global study buddies” project in collaboration with Jonkoping University in Sweden #educationalresearchprojects #dentalresearch (1)
1138811483872256000, 287688643, 2019-06-12T14:13:10.000Z, @alimkheraj Were maybe trying to say - it’s not been a great year for my fave pop acts (Marina, CRJ, Taylor &amp; Swift). But they’re comparing them to their imperial day success when there’s other acts taking up the mantle.
1138823555708280834, 73651704, 2019-06-12T15:01:08.000Z, Quantos % meu gosto musical combina contigo  10% Taylor Swift 10% Kelly Clarkson 10% Carly Rae Jepsen 10% Avril Lavigne 10% Panic! At The Disco 10% HAIM 10% PARAMORE 10% Rita Ora 10% Marina  10% Jain
1138835578630393860, 1076520585012920321, 2019-06-12T15:48:55.000Z, quanto nosso gosto musical é parecido? 10%- marina &amp; the diamonds  10%- twice  10%- twenty one pilots  10%- loona 10%- beyoncé  10%- taylor swift 10%- f(x)  10%- red velvet 10%- lorde 10%- lana del rey
1138843978848264193, 705014615047053312, 2019-06-12T16:22:17.000Z, Quão parecido é nosso gosto musical?  10% katy perry  10% lana del rey  10% evanescence 10% pitty 10% taylor swift  10% rihanna 10% little mix  10% ariana grande 10% now united  10% marina and the diamonds   se flopar nunca existiu
1138846048112300033, 1115127799, 2019-06-12T16:30:31.000Z, reply!!! ❤️  10% taylor swift  10% lana del rey 10% the 1975  10% lorde 10% marina  10% florence and the machine  10% ariana grande  10% charli xcx 5% wallows 5% bad bunny  5% mitski 5% blackpink   extra  2.5% LANY 2.5% girl in red
1138856343736127488, 4493210487, 2019-06-12T17:11:25.000Z, os artistas aurora orla gartland tame impala MISO taylor swift ariana grande rex orange county troye sivan coldplay  vance joy snow patrol queen (escrevi errado o nome da musica fodase) marina (and the diamonds) caleon fox
1138870300244942849, 1114597622214471686, 2019-06-12T18:06:53.000Z, Quanto o nosso gosto musical é parecido?  10% Ariana Grande 10% Kim Petras 10% Blackpink 10% BTS 10% Taylor Swift 10% RuPauls 10% Ava Max 10% Luísa Sonza 10% 2NE1 10% Marina And The Diamonds 10% Britney Spears 10% Lady Gaga https://t.co/2qUH1MuovW
1138877311799967744, 446754074, 2019-06-12T18:34:45.000Z, Quanto nosso gosto musical é parecido? Comenta quantos % deu  10% katy perry 10% taylor swift  10% lana del rey 10% pabllo vittar 10% marina 10% tinashe 10% kacey musgraves 10% dua lipa 10% carly rae jepsen 10% rihanna  -1000% ed sheeran
1138888711951802370, 3044756381, 2019-06-12T19:20:03.000Z, O quanto nosso gosto musical é parecido?  Katy Perry 10% Lana del Rey  10% Allie X 10% Marina Diamandis 10% Ariana Grande 10% Clarice Falcão 10% Taylor Swift 10% Iggy Azalea 10% Kali Uchis 10% Lorde 10%
1138892196478951424, 893896778, 2019-06-12T19:33:53.000Z, Gemma Taylor-Ryley Jenny Cader Sarah Douglas Krista Marina Kevin Langley Kim Holtham https://t.co/BW38wotxOR
1138904879936786432, 880560376924057600, 2019-06-12T20:24:17.000Z, Não vou pgt pq ninguém vai responder rs mas 10% Panic at the disco 10% Katy Perry 10% Miley Cyrus 10% Rihanna 10% Lady Gaga 10% Britney 10% P!nk 10% Ariana Grande 10%  Marina (ex) the Diamonds 10% MPB (Não da pra botar 1 só rs)  selena, taylor, jonas e afins vamo fazer música boa
1138961266943377408, 52180182, 2019-06-13T00:08:21.000Z, O quanto nosso gosto musical é parecido? 10% foo fighters 10% twenty one pilots 10% taylor swift  10% pink floyd 10% metallica 10% cage the elephant 10% marina and the diamonds 10% the neighbourhood  10% pearl jam 10% lady gaga
1138966493369122816, 1004515862064312322, 2019-06-13T00:29:07.000Z, how similar is our music taste? (Stolen from tl)  10% Halsey 10% Bea Miller 10% Billie Eilish  10% Lauren Jauregui  10% Tove Lo 10% Avril Lavigne  10% Marina And The Diamonds  10% Demi Lovato  10% Julia Michaels  10% Taylor Swift   reply with your %
1138978837017092096, 1053956045624799233, 2019-06-13T01:18:10.000Z, @ultravxl dessas eu só escuto ava max,marina,lana e taylor
1139000688212631552, 108983331, 2019-06-13T02:45:00.000Z, ¿Qué tan similar es nuestro gusto musical?  Comenta con tu porcentaje  10% - Chavela Vargas  10% - Lady Gaga 10% - Taylor Swift 10% - Alvvays  10% - Mecano 10% - Marina  10% - Miley Cyrus 10% - Katy Perry 10% - Troya Sivan  10% - Queen
1139016847179821057, 232322434, 2019-06-13T03:49:12.000Z, how similar are we? (music edition)  10% kali uchis 10% halsey 10% nina nesbitt 10% oasis 10% marina 10% niall horan 10% 5sos 10% green day 10% little mix 10% taylor swift
1139034417631047680, 1001121755266596865, 2019-06-13T04:59:02.000Z, Lady gaga Taylor swift Melanie Martínez  Ariana Grande  Selena gomez Rihanna MARINA https://t.co/pIXTXsmTbb
1139069925434253312, 1124366606660927488, 2019-06-13T07:20:07.000Z, how similar is our music taste?  10% ariana grande 10% shawn mendes 10% madison beer 10% little mix 10% marina 10% troye sivan 10% black pink 10% taylor swift 10% zayn 10% one direction/solo
1139155142928949248, 1124836228375953408, 2019-06-13T12:58:45.000Z, RT @LittlestOfNugs: Looking For Mutuals.  RT if you stan  Lana Del Rey Arctic Monkeys Lorde MARINA Tame Impala London Grammar Broods Twin P…
1139171568477544448, 1135256457946050560, 2019-06-13T14:04:01.000Z, RT @LittlestOfNugs: Looking For Mutuals.  RT if you stan  Lana Del Rey Arctic Monkeys Lorde MARINA Tame Impala London Grammar Broods Twin P…
1139183448827060224, 4189943356, 2019-06-13T14:51:13.000Z, @onthisdayinkpop Britney, Marina, Lana Del Rey, Taylor, Gaga, Ariana, Little Mix, Tinashe, Nicki Minaj e Liam Payne!
1139201976380448768, 912381638771859459, 2019-06-13T16:04:51.000Z, RT @DawnieeDreams: eh why not  how similar are our music tastes?  10% Poppy 10% Ariana Grande 10% Cupcakke  10% Janelle Monae 10% Fever 333…
1139238931269062656, 755168771623583744, 2019-06-13T18:31:41.000Z, How similar is ur music taste?  Katy Perry - 10% Melanie Martínez - 10% Selena Gomez 10% Blackpink 10% Billie Eilish 10% Marina 10% Taylor Swift 10% The Neighborhood 5% Rihanna 5% Ariana 5% Lorde 5% Dua Lipa 5% Nicki Minaj 5%
1139248168347033601, 2176928703, 2019-06-13T19:08:24.000Z, O quanto a gente poderia dividir o fone?  30% MARINA 10% The White Stripes 10% Fall Out Boy 5% My Chemical Romance 5% Joy Division 5% Hole 5% Florence and the Machine 5% Taylor Swift 5% The 1975 5% The Regrettes 5% Ghost Quartet cast 5% Great Comet cast 5%  Hamilton cast
1139250769004257280, 2277697917, 2019-06-13T19:18:44.000Z, Quantos % nosso gosto musical se parece?  20% Marina 10% Lady gaga  10% Taylor Swift 10% Beyoncé  5% Tom Odell  5% Lana Del Rey   10% Ariana grande  10% Aurora  5% BTS 5% BORNS 10% músicas aleatórias
1139261044122181632, 2818045626, 2019-06-13T19:59:34.000Z, How similar are we? (music edition)  10% Snow Patrol 10% Taylor Swift 10% Kodaline 10% Gabrielle Aplin 10% Florence + The Machine 10% Marina 10% Fall out boy 10% Halsey 10% The Fray 10% Vancouver Sleep Clinic
1139280372896862226, 470592706, 2019-06-13T21:16:22.000Z, 2019 todas mis artistas favoritas sacan disco: marina, sky, charli, taylor, faltas tú m*ldita @LanaDelRey 😭😭
1139286667465039878, 477809206, 2019-06-13T21:41:23.000Z, dovevo andare a dormire prima oggi per svegliarmi presto domani ma niente grazie taylor grazie will grazie marina grazie legends
1139288305089032192, 1095596393572511745, 2019-06-13T21:47:53.000Z, @gonsheep18 Lady Gaga, Taylor, Marina, etc.
1139291087040851973, 497949973, 2019-06-13T21:58:56.000Z, @Marina_G3 Sicuro, me lo sento anch’io ahah anche perché ormai di fan in Italia ne ha parecchi quindi almeno una data DEVE farla Io da Ed non sono riuscita a prenderli invece💔 cosa che per Taylor non deve succedere piuttosto vendo un rene
1139295763173969922, 3002251911, 2019-06-13T22:17:31.000Z, RT @musictweets1234: How similar is our music taste?  10% Marina 10% Melanie Martinez 10% Tove Lo 10% Melanie Martinez 10% Lorde 10% Taylor…
1139298184801529858, 524275843, 2019-06-13T22:27:09.000Z, A: Ace of heart - Zella Day  L:  Lucky - Charli XCX B: Black Beauty - Lana Del Rey A: All Too Well - Taylor swift R: REALiTi - Grimes A: Are you satisfied? -MARINA _ B: Bad Kids -Lady Gaga https://t.co/0d2QHRK7FQ
1139315430345117698, 1861297478, 2019-06-13T23:35:40.000Z, So I mean if it IS a sorta , Taylor is a fan of Marina could've been that.  Extra layer is that Lover will have a lot of Electra Heart influences in it which would honestly be interesting to see. Might make me actually sit down and listen to a full album of hers for once!
1139321643908632576, 2239494659, 2019-06-14T00:00:22.000Z, quao o seu gosto musical é parecido com o meu (facam amigos facam)  10% lana del rey 10% taylor swift 10% lorde 10% avril lavigne 10% ed sheeran 10% years&amp;years 10% marina (ex and the diamonds) 10% sam smith 10% carly rae jepsen 10% justin timberlake
1139321914663538694, 1606733964, 2019-06-14T00:01:26.000Z, @jilllpole Nossa eu fiquei com muito pena delas :( Que nem Marina lançando o Fear no dia de ME!   Taylor Swift é o vingadores do pop
1139326050553466887, 939955825950515201, 2019-06-14T00:17:52.000Z, @annajcamargo marina, drake, zara, the weeknd, taylor e justin
1139329177893724160, 1137409987385446400, 2019-06-14T00:30:18.000Z, How similar are our music taste?  10%  Lana Del Rey 10%  Nicki Minaj 10%  Beyonce 10%  Rihanna 10%  Lorde 10%  Marina 10%  Taylor Swift 10%  Katy Perry 10%  Ariana Grande 10%  Megan Thee Stallion
1139340202697248768, 1126903534828564481, 2019-06-14T01:14:06.000Z, RT @LittlestOfNugs: Looking For Mutuals.  RT if you stan  Lana Del Rey Arctic Monkeys Lorde MARINA Tame Impala London Grammar Broods Twin P…
1139350510799114241, 833474429023711232, 2019-06-14T01:55:04.000Z, 1-La Oreja de Van Gogh 2- Lorde 3-Taylor Swift 4-Muse 5-Madonna 6-Adele/Marina 7-Lady Gaga https://t.co/7xD4IELDKk
1139367041792696320, 762085629618425856, 2019-06-14T03:00:45.000Z, Olha negos se vcs tem dúvidas do que me dar de aniversário, tem os álbuns da Miley, Lover da Taylor, Bloom do Troye, Love+Fear da Marina e por ai vai
1139400775761707010, 1041514646585262080, 2019-06-14T05:14:48.000Z, RT @LittlestOfNugs: Looking For Mutuals.  RT if you stan  Lana Del Rey Arctic Monkeys Lorde MARINA Tame Impala London Grammar Broods Twin P…
1139470274481577984, 1052584662, 2019-06-14T09:50:58.000Z, @tombetaga pensa cosa sta passando il sottoscritto, stan di marina e taylor, mentre le suddette befane rilasciano i loro peggiori lavori https://t.co/G3VjJnjVZe
1139522632557240320, 91861214, 2019-06-14T13:19:01.000Z, Pelo menos completei os álbuns da Bey (mas faltam dvds), Taylor (faltava o EP de Natal e o DVD Journey to Fearless), os álbuns da Marina (ex- The Diamonds) e é isto https://t.co/mTBEV7jeFO
1139536120742649859, 874667333209513984, 2019-06-14T14:12:37.000Z, Lana del Rey, Taylor Momsen &amp; Marina and the Diamonds https://t.co/Cyee5Y9POl
1139543449345155072, 966243863223562241, 2019-06-14T14:41:44.000Z, quantos % temos em comum?  10%  lana del rey 10%  dua lipa 10%  troye sivan  10%  Taylor Swift 10%  BTS 10%  Ariana Grande 10%  Rosalía 10%  Tommy Genesis 10%  Bjork 10%  Marina  não deixem flopar...
1139551719191404546, 4302158114, 2019-06-14T15:14:36.000Z, @TheAJayII At least FOR ME this is one if the best. We've been served! These are the albums I've been waiting forma this year:  Aurora Marina Melanie Banks Billie Eilish Charli XCX Kim Petras Carly Rae JeNsen Charli XCX Clairo  Possibly Lana Ariana Katy Taylor Miley  Did I forget someone?
1139557378825887746, 307523578, 2019-06-14T15:37:05.000Z, 🚨SAVE THE DATE🚨  Patrick F. Taylor  1st Annual Fishing Rodeo  Sat. Aug. 17, 2019  @ Nick’s Marina  #PftAthletics #PftFootball #GeauxTigers #TigerBait https://t.co/3yVoF8X5YC
1139561769935020039, 1928406126, 2019-06-14T15:54:32.000Z, RT @EdsyMil: @TheAJayII At least FOR ME this is one if the best. We've been served! These are the albums I've been waiting forma this year:…
1139561923853213701, 2641995961, 2019-06-14T15:55:09.000Z, @TheAJayII no omg 2018 was the worst year. This year we've had: Taylor Lana Marina Maggie Nina Broods Khalid Aurora  Sabrina Halsey  Weyes Ariana
1139577350323134464, 2885803553, 2019-06-14T16:56:27.000Z, Escuche el cachito de la cancion de Taylor que todes estan posteando y la verdad es que si todo el album es así me va a pasar lo mismo que con Marina y me voy a tener que MATAR
1139592972016791554, 1002890067386527744, 2019-06-14T17:58:31.000Z, Wie ähnlich ist unser Musikgeschmack?  10% Marina  5% jeweils: Lorde Taylor Swift Lana Del Rey Madleine Juno  2,5% jeweils: Evanescene Melanie Martinez Au/Ra Sia Katy Perry Rio Reiser AnnenMayKantereit Jessie J Natalia Kills Leonard Choen Poppy Linkin Park Kontra K Billie Eilish
1139594438966226954, 876188867652714497, 2019-06-14T18:04:21.000Z, now i’m back on my sabrina and taylor bs and have a more cohesive list, how similar are our music tastes?  10% marina 10% abba 10% musical soundtracks  10% rizha  10% fletcher 10% sabrina carpenter  10% taylor swift 10% nina nesbitt  10% sara bareilles  10% carole king
1139599681829429248, 1124212751306510336, 2019-06-14T18:25:11.000Z, @fiomymi_ Marina Lorde Taylor Swift Lana Del Rey Melanie Martinez Au/Ra Sia Katy Perry Jessie J Natalia Kills Linkin Park Billie Eilish  Sind nur 50 % upsiii
1139690551194685440, 3227233557, 2019-06-15T00:26:16.000Z, Muse, Marina Diamandis,Taylor Swift vienen a argentina REALMENTE NECESITO MI CASA??? *la vendía*
1139706408591601664, 1081364536236617728, 2019-06-15T01:29:17.000Z, RT @gwsfoolss: how similar is our music taste?  10% ariana grande 10% shawn mendes 10% madison beer 10% little mix 10% marina 10% troye siv…
1139716071945117696, 84423565, 2019-06-15T02:07:41.000Z, Quero terminar minha coleção de cds da Marina, Adele e da Taylor. AAAAA
1139744857952587777, 4900826003, 2019-06-15T04:02:04.000Z, O quanto nosso gosto musical é parecido?   10% Lana Del Rey 10% Hozier 10% Taylor Swift  10% YUNGBLUD 10% Foster The People 10% Tame impala 10% Lady Gaga 10% MARINA 10% Oh Wonder 10% Twenty One Pilots
1139835018170126336, 4901126179, 2019-06-15T10:00:20.000Z, Coming up this hour 🕒  Blame Ringo Linus of Hollywood Caro Emerald Divorcee Bettye Swann Kate Earl Anya Marina Taxiride Los Lonely Boys Melvin Taylor &amp; The Slack Band The Jayhawks The Zolas Flim &amp; The BB's Mozella  and more! https://t.co/HZZpd4pqWY
1139872385539223552, 2283992564, 2019-06-15T12:28:49.000Z, @CrillySwift i can excuse this because of marina and taylor
1139905806651088896, 1053681204980039682, 2019-06-15T14:41:37.000Z, marina gosta de me! da taylor swift
1139918828626993154, 2915727939, 2019-06-15T15:33:22.000Z, MIAA SOFTBALL: Marina DiBiasio singles and Taylor Sullivan comes to the plate with 2 down
1139940523224064006, 46989283, 2019-06-15T16:59:34.000Z, garbage can't's top 5 artists this week: Taylor Swift (32), Marina (19), Ásgeir (10), Lady Gaga (9), John Mayer (6) #jotafm
1139940730359701508, 62933451, 2019-06-15T17:00:23.000Z, Quantos % seu gosto musical é parecido com o meu?   10% Lady Gaga  10% Lana Del Rey  10% Taylor Swift  10% Adele 10% Florence And The Machine  10% Marina 10% Foxes 10% Within Temptation 10% The Weeknd 10% Tove Lo
1139963670295908352, 707298533431447552, 2019-06-15T18:31:33.000Z, auriocharts - artistas #1 marina #2 madonna #3 ariana grande #4 lorde #5 mariah carey #6 sam smith #7 kesha #8 taylor swift #9 troye sivan #10 sophie
1140003252567773185, 186910917, 2019-06-15T21:08:50.000Z, @backtocarlos Taylor Red Velvet Little Mix Suzy Selena  Britney Camila Alicia Keys  Beyoncé Marina
1140046242699010048, 972843992, 2019-06-15T23:59:39.000Z, guilherme's top 5 artists this week: Madonna (122), Taylor Swift (44), Mariah Carey (26), Billie Eilish (25), Marina (20) #jotafm
1140059167555801088, 934755609274146816, 2019-06-16T00:51:01.000Z, por aqui staneo a muchos cantantes en vd:  1. raoul y agoney  2. nerea, miriam, aitana, julia, carlos, marilia  3. (De vez en cuando) gmlrs, belén aguilera, alfred, roi, mireya, marina, ja, noelia, dave, damion, pablo alborán, selena gomez, taylor s., miley, jonas bro, ricky, etc
1140061159300706305, 1195566264, 2019-06-16T00:58:56.000Z, 1. LOOΠ∆ 2. Carly Rae Jepsen 3. BANKS 4. Charli XCX 5. Taylor Swift 6. Marina 7. Allie X 8. Lorde 9. Kim Petras 10. Lana Del Rey https://t.co/CTmp34QDYr
1140075549345243136, 1472062369, 2019-06-16T01:56:07.000Z, EM QUEM OS WILDCATS VOTARIAM?  Troy: Bolsonaro nos 2 turnos Gabriella: Ciro e nulo Sharpay: Amoedo e nulo Ryan: Boulos e Haddad Chad: Haddad e Haddad Taylor: Marina e Haddad
1140084049828089856, 3403689675, 2019-06-16T02:29:53.000Z, @backtocarlos 1- ariana grande 2- taylor swift 3- marina 4- khalid 5- lewis capaldi 6- avril lavigne 7- carly rae jepsen 8- pink 9- lauv 10- dominic fike
1140091546425057281, 1311061628, 2019-06-16T02:59:41.000Z, 😪's top 5 artists this week: Marina (22), Luísa Sonza (17), Taylor Swift (14), Clarice Falcão (13), Alessia Cara (10) #jotafm
1140103085328621570, 15184246, 2019-06-16T03:45:32.000Z, #Repost @marina.harss ・・・ The Apollonian MIchael Trusnovec in Brandenburgs, photographed by Whitney Browne. What will the Paul Taylor Dance Company do when he leaves at the end of the current run of  all-Bach programs at the Manhattan School of Music… https://t.co/dZh4fMQvyM https://t.co/cF41J3e6Xw
1140124461221449731, 15184246, 2019-06-16T05:10:28.000Z, #Repost @marina.harss ・・・ The Apollonian MIchael Trusnovec in Brandenburgs, photographed by Whitney Browne. What will the Paul Taylor Dance Company do when he leaves at the end of the current run of  all-Bach programs at the Manhattan School of Music… https://t.co/dZh4fMQvyM https://t.co/xzK0X6M8uI
1140135516165292032, 3368444237, 2019-06-16T05:54:24.000Z, ryan infelizmente tb parece cirista, ele q convenceu a sharpay a votar no ciro, gabriella tb votou no ciro(ou na marina), taylor votou no pt, chad votou amoedo e troy nao sei, gosto de pensar que ele votou no pt mas o pai dele é bolsonaro, e a sra darbus é 13 total
1140142932152016897, 1018691822992986112, 2019-06-16T06:23:52.000Z, my first concert was: ariana grande my last concert was: taylor swift my next concert is: carly or marina https://t.co/oghq0d2mqe
1140181106764857344, 1033884832034508801, 2019-06-16T08:55:34.000Z, My first concert was: Taylor Swift(w/ Charli, Camila, Troye, and Selena) My last concert was: Ariana Grande(w/ Normani) My next concert is: Either Charli Xcx or Marina   Wbu???
1140227582983659520, 179564865, 2019-06-16T12:00:14.000Z, troy: ciro gabriella: haddad  sharpay: biroliro  chad: haddad  taylor: boulos rayan: marina https://t.co/6QDoLDwuvO
1140278145809035265, 86420996, 2019-06-16T15:21:09.000Z, Confesso que o que eu gosto nessa música da Taylor é essa batida meio psicodélica (que deve ter um nome, ainda vou procurar).  É parecida com a de End of the Earth da Marina e White Ferrari do Frank Ocean. Faz você sentir como se tivesse viajando pelo espaço ou coisa do tipo.
1140314698715455489, 22186596, 2019-06-16T17:46:24.000Z, RT @morphing: #Repost @marina.harss ・・・ The Apollonian MIchael Trusnovec in Brandenburgs, photographed by Whitney Browne. What will the Pau…
1140330764179058688, 1418041956, 2019-06-16T18:50:15.000Z, h - haze - tessa violet o - out of the woods - taylor swift m - misguided ghosts - paramore o - origin of love - mika v - valley of the dolls - marina diamandis e - exactly how I feel - lizzo y - you - dodie 1 - one last time - ariana grande 4 - four pink walls - alessia cara https://t.co/vZYWUHRuLK
1140381832753684481, 4497730037, 2019-06-16T22:13:10.000Z, Artistas: 1. Taylor Swift 2. Lana Del Rey 3. Florence + The Machine  Álbuns: 1. reputation - Taylor Swift 2. 1989 - Taylor Swift 3. Ctrl by SZA  Músicas: 1. Delicate - Taylor Swift 2. Style - Taylor Swift 3. Radioactive - MARINA https://t.co/7ly64fW5zc
1140452686703280129, 343756782, 2019-06-17T02:54:43.000Z, Top 10 da semana: Keane (59), Jonas Brothers (36), Marina (19), Bastille (15), Miley Cyrus (13), Sigrid (13), The Chainsmokers (13), Taylor Swift (11), Ellie Goulding (8), Mark Ronson (7) #jotafm
1140454284871503872, 2972471063, 2019-06-17T03:01:04.000Z, eduarda's top artists this week: Taylor Swift (117), Marina (33), Cardi B (28), Mariah Carey (22), The Killers (21) #jotafm
1140454432628494336, 448464997, 2019-06-17T03:01:40.000Z, MATHEUS's top 5 artists this week: Taylor Swift (141), Marina &amp; the Diamonds (62), Lady Gaga (44), Alicia Keys (43), Taylor Swift feat. Brendon Urie (34) #jotafm
1140454474168844288, 487133255, 2019-06-17T03:01:49.000Z, daniel's top 5 artists this week: Carly Rae Jepsen (45), Madonna (35), Luísa Sonza (23), Taylor Swift (23), Marina (16) #jotafm
1140577406488633345, 876188867652714497, 2019-06-17T11:10:19.000Z, - lyndsy fonseca - lily james - marina - sabrina carpenter  - taylor swift  - west end/broadway   also comment below which ones you do stan and i’ll follow back 🥰
1140601907083403264, 1101251918054256647, 2019-06-17T12:47:40.000Z, minha única crítica ao clipe foi a taylor não ter colocado uma drag vestida de marina mas fora isso perfeito
1140612379291598848, 2570732698, 2019-06-17T13:29:17.000Z, @primadonnr1 eu acho que a Taylor nem sabe quem é a Marina e nem to falando isso como um ataque
1140630131666563079, 1108532879108259840, 2019-06-17T14:39:49.000Z, me encantaste haciendo de marina jade en el video de taylor 😍 @eurekaohara
1140656392145178626, 125184172, 2019-06-17T16:24:10.000Z, Eu e minhas teorias K@lor &amp; Daisy: Marina deve ser coisa da minha cabeça  Taylor Swift: https://t.co/sM3D9OuA6X
1140664123061153793, 69748007, 2019-06-17T16:54:54.000Z, 1. Taylor Swift 2. Ariana Grande 3. Marina 4. Paramore 5. The Neighbourhood 6. Lali 7. Rosalía 8. Sabrina Carpenter 9. Sufjan Stevens 10. Sonohra https://t.co/CPxUqgXvNr
1140670574794031105, 840524950066847744, 2019-06-17T17:20:32.000Z, the second half of 2019 is going to be so expensive- Charli, Taylor, Halsey, Melanie, Katy, Marina, 5SOS and Miley are coming and I hope they’re ready to take my money!
1140673790189420545, 3233837384, 2019-06-17T17:33:18.000Z, Katy y taylor se arreglaron ahora hay q poner a charli y marina en un cuarto y q no salgan hasta q sean amigas de nuevo o una quede muerta
1140700872294502400, 925253980023746560, 2019-06-17T19:20:55.000Z, RT @lilyshoneybee: - lyndsy fonseca - lily james - marina - sabrina carpenter  - taylor swift  - west end/broadway   also comment below whi…
1140705923297681410, 3335593186, 2019-06-17T19:41:00.000Z, quanto nosso gosto musical é parecido? 🎧  10% marina (and the diamonds) 10% mystery skulls 10% postmodern jukebox 10% halsey 10% ABBA 10% imagine dragons 10% hozier 10% gorillaz 10% josh groban 10% taylor swift
1140707738806304768, 716813272238977028, 2019-06-17T19:48:12.000Z, @veronicvsawyer marina, mystery skulls, halsey, abba, imagine dragons, hozier e gorillaz !!! (nao sei se conto taylor swift pq faz mtmt tempo q nao escuto nada dela)
1140726101716688898, 1115317778, 2019-06-17T21:01:10.000Z, Here Come The Girls!  Welcoming our awesome threesome in our cast IDENTITY 🌟  Introducing Marina Climent Casas and Chloe Jane Nestor as featured ensemble 💪🏽 These 2 are a force to be reckoned with! we are very happy to welcome back our talented Caitlin Taylor as the lead role! https://t.co/P6NFNtAgCn
1140757759744512000, 80144844, 2019-06-17T23:06:58.000Z, Tem um conjunto de músicas que saíram esse ano que tenho ouvido como se fossem exclusivamente pra mim. Parecem até trilha sonora original da minha cinebiografia. 365 - Katy Perry Me! - Taylor Swift Never Really Over - Katy Perry  (além de todo o Love + Fear de Marina)
1140817139147972608, 19613508, 2019-06-18T03:02:55.000Z, Marina Taylor, 65 - The Homicide Report https://t.co/bd7AJCUbiW
1140950524856098816, 1111899744694087680, 2019-06-18T11:52:57.000Z, @CentipedeLove taylor swift, bastille, marina, of monsters and men!!! ♥️
1140973789716594694, 317796433, 2019-06-18T13:25:24.000Z, RT @chris_tendai: Here Come The Girls!  Welcoming our awesome threesome in our cast IDENTITY 🌟  Introducing Marina Climent Casas and Chloe…
1141041867213217792, 756208514771681280, 2019-06-18T17:55:55.000Z, @ lana, taylor, the pretty reckless, florence + the machine, marina, lorde, gaga, etc COME TO BARCELONA SOON PLEASE
1141044693620281349, 1037943821311533056, 2019-06-18T18:07:09.000Z, @taylorswift13 Fact, when i see taylor with this outfit. Suddenly i hear MARINA and her bubblegum bitch. 👑
1141113700331544576, 276731413, 2019-06-18T22:41:21.000Z, @Genius Taylor Swift and MARINA  iconic.
1141139867130372097, 136906731, 2019-06-19T00:25:20.000Z, @Manu_Lopez Lunes: Lana del Rey  Martes: Imagine Dragons Miércoles: Marina and the Diamonds Jueves: Melanie Martínez Viernes: Taylor Swift Sábado: Lady Gaga  Domingo: Lana del Rey otra vez! 😍
1141185192398336000, 1324642458, 2019-06-19T03:25:26.000Z, - a mulher do fim do mundo, elza soares - something to tell you/days are gone, haim - born to die, lana del rey - froot, marina - night time, my time, sky ferreira - 1989, taylor swift - bangerz, miley cyrus  fechei em 15, devo ter esquecido em algum mas é por ai
1141202924103766016, 3303644371, 2019-06-19T04:35:54.000Z, ¿Qué tan similar es nuestro gusto musical?🎶  10% Lana del Rey. 10% The NBHD. 10% Tame Impala. 10% Cage The Elephant. 10% Lorde. 10% Taylor Swift. 10% Melanie M. 10% Billie Eilish.  10% The 1975. 10% Marina.  Bonus:  10% Troye S.  Culo el que lea el tweet y no conteste.
1141282134906277888, 384107910, 2019-06-19T09:50:39.000Z, me and taylor going to marina in dublin on halloween eve. tag ur chaotic gay mess !!!!!!!
1141282187393638400, 59770786, 2019-06-19T09:50:52.000Z, RT @elliotalterson: me and taylor going to marina in dublin on halloween eve. tag ur chaotic gay mess !!!!!!!
1141305645918035968, 606696594, 2019-06-19T11:24:05.000Z, degli oasis è stata whatever, dei Beatles im only sleeping, di taylor praticamente tutto 1989 e mi colpì molto la storia dietro i wish you would, di Grimes laughing and not being normal, di Marina bubblegum bitch, di Lana this is what make us girls https://t.co/zvBjQX1Vgp
1141448356109201408, 19808745, 2019-06-19T20:51:09.000Z, UhHhhh if Lana really has collabs with Taylor, Miley, MGK, Marina, AND Shawn I’m going to PASS OUT
1141472499588325377, 1936179169, 2019-06-19T22:27:06.000Z, RT @Marina_Herrera1: - 'Love Story' es la canción country más vendida de todos los tiempos  Por esto y mucho más, Taylor Swift, es y siempr…
