id, author_id, created_at, text
1611793993301659649, 1569867584266444802, 2023-01-07T18:36:48.000Z, RIP Isaiah Saucedo at a very young age you were taken from this world. May you reunite with your pops and tell him your sisters are still in great hands. 🙏
1612266728821764096, 1612261386532552709, 2023-01-09T01:55:17.000Z, RT @coachcastillo_4: Tarkanian Classic  Norco 36 vs Juneau Douglas 28 at the half.  Diego Saucedo has 18  Isaiah Peters with 7
1614780782928867330, 72091647, 2023-01-16T00:25:14.000Z, my friends baby brother was killed at the young age of 18😢 please help her lay him to rest 🙏🕊 even at RT helps  https://t.co/mKstIOtMc3 https://t.co/4ySBocw2TE
1614786639376846848, 967112220030074880, 2023-01-16T00:48:30.000Z, RT @allysamarieE__: my friends baby brother was killed at the young age of 18😢 please help her lay him to rest 🙏🕊 even at RT helps  https:/…
1614787910209015808, 1525644252671160320, 2023-01-16T00:53:33.000Z, RT @allysamarieE__: my friends baby brother was killed at the young age of 18😢 please help her lay him to rest 🙏🕊 even at RT helps  https:/…
1614802768887443456, 630727576, 2023-01-16T01:52:36.000Z, RT @allysamarieE__: my friends baby brother was killed at the young age of 18😢 please help her lay him to rest 🙏🕊 even at RT helps  https:/…
1615070830655930377, 31012768, 2023-01-16T19:37:47.000Z, RT @allysamarieE__: my friends baby brother was killed at the young age of 18😢 please help her lay him to rest 🙏🕊 even at RT helps  https:/…
