id, author_id, created_at, text
1190309666288492544, 182946739, 2019-11-01T16:48:33.000Z, Veteran rockers Breathe play Ned's tonight at 8pm! Corona bottles are just $5.50 today. #milton #MiltonON #livemusic #beerspecials #corona #rockmusic #HardRock #acoustic https://t.co/aqBnVqjIHF
1191372667384975361, 1090036682, 2019-11-04T15:12:33.000Z, @LigaBBVAMX @ColinKazim @rogermartinezt9 @NicoGabSanchez @vloroaa @Csalcedojr @jesuscorona01 Lo mejor Chuy Corona... Como siempre y Miltón Caraglio
1191551876396986368, 1189334913083940867, 2019-11-05T03:04:39.000Z, Coverage will be as follows: Gettysburg @ Berks Catholic - Major Lee Hung(Purple Heart recipient) Mifflin @ Cocalico - Wilma Dicfit Exeter @ Shippensburg - Phil Maweeney Weiser @ Milton Hershey - Eric Shin Harrisburg @ Wilson - Stacey Recht Anville-Corona @ Wyomissing - Dic Hurts
1192858037318496256, 182946739, 2019-11-08T17:34:52.000Z, The Decent Blokes are here tonight at 8pm! Get ready for a fantastic night of alternative, classic, and modern rock. And Corona bottles are $5.50 today. #MIlton #MiltonON #livemusic #alternativerock #rockmusic #beerspecial #corona #beer https://t.co/rH3L7E4dCj
1192859159944974337, 1398457218, 2019-11-08T17:39:20.000Z, RT @NedDevinesON: The Decent Blokes are here tonight at 8pm! Get ready for a fantastic night of alternative, classic, and modern rock. And…
1193680831249833984, 1132664972079783936, 2019-11-11T00:04:22.000Z, Alineación Cruz Azul: 1 Jesús Corona 4 Julio Domínguez  5 Igor Lichnovsky  23 Pablo Aguilar 24 Juan Escobar  22 Rafael Baca 14 Josué Domínguez  8 Javier Salas 25 Roberto Alvarado  9 Milton Caraglio  21 Jonathan Rodríguez   DT Robert Dante Siboldi. https://t.co/QgEt2M9Rbf
1193685097112686592, 1013799368, 2019-11-11T00:21:19.000Z, Alineación @CruzAzulCD :  1.- Jesús Corona 4.- Julio Domínguez 5.- Igor Lichnovsky 8.- Javier Salas 9.- Milton Caraglio 14.-Josué Domínguez 21.- Jonathan Rodríguez 22.-Rafael Baca 23.- Pablo Aguilar 24.- Juan Escobar 25.- Roberto Alvarado  D.T.: Robert Dante Siboldi
1193690882928791554, 1136302939998306308, 2019-11-11T00:44:18.000Z, Alineación 🐰  1 José Corona (C) 4 Julio Cesar Domínguez 23 Pablo Aguilar 24 Juan Escobar 5 Igor Lichnobsky 8 Javier Salas 22 Rafael Baca  14 Misael Dominguez 21 Jonathan Rodriguez 25 Roberto Alvarado 9 Milton Caraglio Dt Roberto Siboldi
1193718698437226496, 2358884366, 2019-11-11T02:34:50.000Z, Temporada para la mierda, Corona, Milton, Caute y compañia a chsm.
1193720211192635393, 3071496191, 2019-11-11T02:40:51.000Z, @CruzAzulFC1969 Compran mal o se hacen negocio con eso, cara si es pero no significa calidad,Igor,Milton,Caute,Mendez,Baca,Salas,Corona son malisimos para poder competir en liga
1193720721622482945, 408110478, 2019-11-11T02:42:52.000Z, Fuera Rafa Baca, Milton Caraglio José de Jesús Corona, Roberto Alvarado y Siboldi por favor, sin queremos ser un equipo competitivo debemos prescindir de estos jugadores
1193728002347225089, 3160543375, 2019-11-11T03:11:48.000Z, Ya es momento de pedir que rueden cabezas o están felices por qué se quede otros años más Corona? @CruzAzulCD ya por salud, dale las gracias a corona, Milton, Mendez, Caute ni nosotros queremos ni ellos quieren #CruzAzul
1193743942392483841, 121528246, 2019-11-11T04:15:09.000Z, Jugadores que deben estar fuera de Cruz Azul: 1. Jesús Corona 2. Igor Lichnovski 3. Javier Salas 4.José Madueña 5. Milton Caraglio 6. Edgar Méndez 7. Martín Cauteruccio 8. Brayan Angulo.  De directivos: 1. los hermanos Álvarez 2. el cuñado incómodo Víctor Garcés.
1193773315900485632, 366377865, 2019-11-11T06:11:52.000Z, @rgomez68 Considero que 5 es un buen número de bajas para el poco tiempo que hay entre cada torneo. Las bajas cantadas  Martín Cauteruccio Edgar Méndez Las que yo quiero, pero que no creo que se den: J. Corona Rafael Baca Y las que están en el limbo Milton Caraglio Brayan Ángulo Eustaquio
1194252158025138177, 585365765, 2019-11-12T13:54:37.000Z, @futpicante Corona, Baca, Cauteruccio, Milton, Cata, Madueña, Méndez.
1194349378858823680, 892754904854515712, 2019-11-12T20:20:56.000Z, @alanlarav @CruzAzulCD   Altas: -Ivan Marcone (Boca Jrs) -Julio Furch (Santos) -Edwin Cardona (Pachuca) -Ivan Rodríguez (León) -Cristian Pavón (Galaxy)  Bajas: -Javier Salas -M. Cauteruccio  -Elias Hernández  -Milton Caraglio  -Jesus Corona -Rafael Baca  Fuentes: lo imaginé
1194480893546651648, 152520293, 2019-11-13T05:03:32.000Z, RT @CJasso1201: @alanlarav @CruzAzulCD   Altas: -Ivan Marcone (Boca Jrs) -Julio Furch (Santos) -Edwin Cardona (Pachuca) -Ivan Rodríguez (Le…
