id, author_id, created_at, text
1562238760569524224, 1306319976, 2022-08-24T00:42:00.000Z, RT @indersantander: Desde el #GobiernoDelDeporte lamentamos la partida del Dr. Jairo Ortiz Rico, directivo y comunicador social querido que…
1562249595249377280, 924832620931887104, 2022-08-24T01:25:03.000Z, RT @indersantander: Desde el #GobiernoDelDeporte lamentamos la partida del Dr. Jairo Ortiz Rico, directivo y comunicador social querido que…
1562260075841978368, 929134660420079616, 2022-08-24T02:06:42.000Z, RT @CanalTRO: La familia del Canal TRO lamenta profundamente el fallecimiento del señor Jairo Ortiz Rico, lo recordaremos por su labor como…
1562266828239429632, 590207228, 2022-08-24T02:33:32.000Z, RT @MAguilarHurtado: Que en paz descanse el señor Jairo Ortiz Rico, periodista nortesantandereano que asumió con responsabilidad la quinta…
1562270477460148224, 1120812786106404864, 2022-08-24T02:48:02.000Z, RT @MAguilarHurtado: Que en paz descanse el señor Jairo Ortiz Rico, periodista nortesantandereano que asumió con responsabilidad la quinta…
1562409097852604416, 1349137974362050560, 2022-08-24T11:58:51.000Z, Lamento mucho la temprana muerte de Jairo Ortiz, comunicador social de Pamplona y gerente del canal de Televisión Regional del Oriente TRO. Mis condolencias a sus familiares, amigos y colegas en Pamplona y Bucaramanga. https://t.co/LKeBDqDRRx
1562521446840033283, 1232379354648326145, 2022-08-24T19:25:17.000Z, RT @MAguilarHurtado: Que en paz descanse el señor Jairo Ortiz Rico, periodista nortesantandereano que asumió con responsabilidad la quinta…
1562821552466722822, 1205980285466267653, 2022-08-25T15:17:48.000Z, RT @OscarAndresBa18: @oronoticias_tv #EXTRA @CanalTRO ESTA DE LUTO ✝️✝️✝️✝️✝️✝️✝️✝️✝️✝️  Falleció JAIRO ORTIZ RICO quien fue Gerente del @C…
1562821750429167616, 1363141122, 2022-08-25T15:18:35.000Z, RT @acordsantander1: Lamentamos la muerte del Dr. Jairo Ortiz Rico, exgerente del @CanalTRO. Que el señor Todopoderoso lo reciba en su Sant…
1562821789255811072, 1363141122, 2022-08-25T15:18:45.000Z, RT @williamndes_: Lamentamos el fallecimiento de  Jairo Ortiz Rico, nortesantandereano, Ex Gerente del Canal TRO. Enviamos  un abrazo de fo…
1562821805349679104, 1363141122, 2022-08-25T15:18:48.000Z, RT @CanalTRO: La familia del Canal TRO lamenta profundamente el fallecimiento del señor Jairo Ortiz Rico, lo recordaremos por su labor como…
1562821843329105923, 1363141122, 2022-08-25T15:18:57.000Z, RT @LaVozDelNorteAM: #REGIONAL •Lamentamos informar el fallecimiento del señor Jairo Ortíz Rico,  periodista Pamplonés, con un largo recorr…
1562821858872868865, 1363141122, 2022-08-25T15:19:01.000Z, RT @OscarAndresBa18: @oronoticias_tv #EXTRA @CanalTRO ESTA DE LUTO ✝️✝️✝️✝️✝️✝️✝️✝️✝️✝️  Falleció JAIRO ORTIZ RICO quien fue Gerente del @C…
1562821895363317763, 1363141122, 2022-08-25T15:19:10.000Z, RT @MAguilarHurtado: Que en paz descanse el señor Jairo Ortiz Rico, periodista nortesantandereano que asumió con responsabilidad la quinta…
1562821919917101063, 1363141122, 2022-08-25T15:19:16.000Z, RT @Unipamplona: La Universidad de Pamplona lamenta el fallecimiento del señor, Jairo Ortiz Rico. 🙏 https://t.co/0NfklIvHKZ
1562821944348913664, 1363141122, 2022-08-25T15:19:22.000Z, RT @persofblanca: ⁦@persofblanca⁩ lamenta la muerte del comunicador social Jairo Ortiz Rico, exgerente del Canal TRO. Igualmente, envía su…
1562821967199481858, 1363141122, 2022-08-25T15:19:27.000Z, RT @hernanbautistam: Siempre agradecido con el Dr Jairo Ortiz Rico, exgerente del @CanalTRO quien me dio oportunidad de aprender y crecer e…
1562821993367769088, 1363141122, 2022-08-25T15:19:33.000Z, RT @laopinioncucuta: #LaÓ #Luto | El Comunicador Social Jairo Ortiz Rico, fue gerente del Canal TRO durante el periodo 2002-2007. Los detal…
1562822018571333633, 1363141122, 2022-08-25T15:19:39.000Z, RT @indersantander: Desde el #GobiernoDelDeporte lamentamos la partida del Dr. Jairo Ortiz Rico, directivo y comunicador social querido que…
1562822048799371264, 1363141122, 2022-08-25T15:19:46.000Z, RT @emirhdo: @MAguilarHurtado @CanalTRO Nuestro más sentido pésame para su esposa,hijos,familia y amigos del Canal TRO por el sensible fall…
1562822342400942086, 1205980285466267653, 2022-08-25T15:20:56.000Z, RT @CanalTRO: La familia del Canal TRO lamenta profundamente el fallecimiento del señor Jairo Ortiz Rico, lo recordaremos por su labor como…
1562822360826523648, 1205980285466267653, 2022-08-25T15:21:01.000Z, RT @hernanbautistam: Siempre agradecido con el Dr Jairo Ortiz Rico, exgerente del @CanalTRO quien me dio oportunidad de aprender y crecer e…
1562822385598070786, 1205980285466267653, 2022-08-25T15:21:07.000Z, RT @persofblanca: ⁦@persofblanca⁩ lamenta la muerte del comunicador social Jairo Ortiz Rico, exgerente del Canal TRO. Igualmente, envía su…
1562822404178452482, 1205980285466267653, 2022-08-25T15:21:11.000Z, RT @acordsantander1: Lamentamos la muerte del Dr. Jairo Ortiz Rico, exgerente del @CanalTRO. Que el señor Todopoderoso lo reciba en su Sant…
1562822415893204993, 1205980285466267653, 2022-08-25T15:21:14.000Z, RT @indersantander: Desde el #GobiernoDelDeporte lamentamos la partida del Dr. Jairo Ortiz Rico, directivo y comunicador social querido que…
1562822431836090369, 1205980285466267653, 2022-08-25T15:21:18.000Z, RT @MAguilarHurtado: Que en paz descanse el señor Jairo Ortiz Rico, periodista nortesantandereano que asumió con responsabilidad la quinta…
1562822447313096711, 1205980285466267653, 2022-08-25T15:21:21.000Z, RT @laopinioncucuta: #LaÓ #Luto | El Comunicador Social Jairo Ortiz Rico, fue gerente del Canal TRO durante el periodo 2002-2007. Los detal…
1562822463859277824, 1205980285466267653, 2022-08-25T15:21:25.000Z, RT @LaVozDelNorteAM: #REGIONAL •Lamentamos informar el fallecimiento del señor Jairo Ortíz Rico,  periodista Pamplonés, con un largo recorr…
1562822675848110088, 907109185, 2022-08-25T15:22:16.000Z, RT @laopinioncucuta: #LaÓ #Luto | El Comunicador Social Jairo Ortiz Rico, fue gerente del Canal TRO durante el periodo 2002-2007. Los detal…
1562822689928388609, 3295496462, 2022-08-25T15:22:19.000Z, RT @CanalTRO: La familia del Canal TRO lamenta profundamente el fallecimiento del señor Jairo Ortiz Rico, lo recordaremos por su labor como…
1562822703693774848, 3295496462, 2022-08-25T15:22:23.000Z, RT @persofblanca: ⁦@persofblanca⁩ lamenta la muerte del comunicador social Jairo Ortiz Rico, exgerente del Canal TRO. Igualmente, envía su…
1562822725814534145, 3295496462, 2022-08-25T15:22:28.000Z, RT @acordsantander1: Lamentamos la muerte del Dr. Jairo Ortiz Rico, exgerente del @CanalTRO. Que el señor Todopoderoso lo reciba en su Sant…
1562822749894377473, 3295496462, 2022-08-25T15:22:34.000Z, RT @indersantander: Desde el #GobiernoDelDeporte lamentamos la partida del Dr. Jairo Ortiz Rico, directivo y comunicador social querido que…
1562822769389477889, 907109185, 2022-08-25T15:22:38.000Z, RT @hernanbautistam: Siempre agradecido con el Dr Jairo Ortiz Rico, exgerente del @CanalTRO quien me dio oportunidad de aprender y crecer e…
1562822774313271296, 3295496462, 2022-08-25T15:22:39.000Z, RT @hernanbautistam: Siempre agradecido con el Dr Jairo Ortiz Rico, exgerente del @CanalTRO quien me dio oportunidad de aprender y crecer e…
1562822817015484419, 3295496462, 2022-08-25T15:22:50.000Z, RT @laopinioncucuta: #LaÓ #Luto | El Comunicador Social Jairo Ortiz Rico, fue gerente del Canal TRO durante el periodo 2002-2007. Los detal…
1562822836431224834, 3295496462, 2022-08-25T15:22:54.000Z, RT @LaVozDelNorteAM: #REGIONAL •Lamentamos informar el fallecimiento del señor Jairo Ortíz Rico,  periodista Pamplonés, con un largo recorr…
1562822870912606209, 3295496462, 2022-08-25T15:23:02.000Z, RT @OscarAndresBa18: @oronoticias_tv #EXTRA @CanalTRO ESTA DE LUTO ✝️✝️✝️✝️✝️✝️✝️✝️✝️✝️  Falleció JAIRO ORTIZ RICO quien fue Gerente del @C…
1562823920990158851, 907109185, 2022-08-25T15:27:13.000Z, RT @Unipamplona: La Universidad de Pamplona lamenta el fallecimiento del señor, Jairo Ortiz Rico. 🙏 https://t.co/0NfklIvHKZ
1562855942093705219, 2864864363, 2022-08-25T17:34:27.000Z, RT @MAguilarHurtado: Que en paz descanse el señor Jairo Ortiz Rico, periodista nortesantandereano que asumió con responsabilidad la quinta…
1563311229795307521, 25276610, 2022-08-26T23:43:36.000Z, #BREAKING: A security guard working a movie production in downtown #LA last night was killed after trying to stop a man from breaking into cars. The victim, 34 year old Jairo Ortiz, was shot near Bay Street and Mateo Street. LAPD searching for the shooter. #LAcrime
1563312115267489793, 2553461047, 2022-08-26T23:47:07.000Z, RT @JeffVaughn: #BREAKING: A security guard working a movie production in downtown #LA last night was killed after trying to stop a man fro…
1563312289079472128, 59321313, 2022-08-26T23:47:49.000Z, RT @JeffVaughn: #BREAKING: A security guard working a movie production in downtown #LA last night was killed after trying to stop a man fro…
1563317618055925760, 582200798, 2022-08-27T00:08:59.000Z, RT @CanalTRO: La familia del Canal TRO lamenta profundamente el fallecimiento del señor Jairo Ortiz Rico, lo recordaremos por su labor como…
1563941290454274049, 453955367, 2022-08-28T17:27:14.000Z, Jairo Ortíz, administrador del Polideportivo del Barrio Ciudad 2000, habla del arreglo de luminarias, "llamé hace 24 horas a Emcali y ya están aquí".   📢Recuerda que puedes reportar novedades en los servicios públicos en las líneas 177 o 602 524 01 77 ✔  @Marinodelrio https://t.co/bp86xPTYKZ
1563943310611419137, 236988350, 2022-08-28T17:35:16.000Z, RT @EMCALIoficial: Jairo Ortíz, administrador del Polideportivo del Barrio Ciudad 2000, habla del arreglo de luminarias, "llamé hace 24 hor…
1563964636550123520, 729107010139004929, 2022-08-28T19:00:01.000Z, Secret Movie Club would like to offer its condolences to the family of Jairo Ortiz who was tragically shot and killed in the Arts District this past weekend. The family would be grateful for any tip that could lead to information on Jairo's murderer.  God bless you Jairo.
1563965152440901633, 179724874, 2022-08-28T19:02:04.000Z, RT @secretmovieclub: Secret Movie Club would like to offer its condolences to the family of Jairo Ortiz who was tragically shot and killed…
1564148906811727873, 154383760, 2022-08-29T07:12:14.000Z, Jairo Ortiz https://t.co/fwQoQUlEuJ Anything will help 🙏🏻
1564650805315211267, 915615485147910144, 2022-08-30T16:26:36.000Z, Finalmente, te dejamos este🧵sobre algunos de los más sonados: Alfonso Campo  Diego Osorio Maritza Martínez Harry Giovanni González Benjamín Ortiz  Alejandro Baquero Xinia Navarro Álvaro Echeverry Jairo Fabián Corzo Ana Carolina Osorio Fabiola Márquez 👇 https://t.co/6o2aEtfsCS
1564653404453994496, 1297272810507837442, 2022-08-30T16:36:56.000Z, RT @cuestion_p: Finalmente, te dejamos este🧵sobre algunos de los más sonados: Alfonso Campo  Diego Osorio Maritza Martínez Harry Giovanni G…
1564654426245283843, 386330680, 2022-08-30T16:40:59.000Z, RT @cuestion_p: Finalmente, te dejamos este🧵sobre algunos de los más sonados: Alfonso Campo  Diego Osorio Maritza Martínez Harry Giovanni G…
1564654898725142528, 190078343, 2022-08-30T16:42:52.000Z, RT @cuestion_p: Finalmente, te dejamos este🧵sobre algunos de los más sonados: Alfonso Campo  Diego Osorio Maritza Martínez Harry Giovanni G…
1564659571838390272, 985520145450897408, 2022-08-30T17:01:26.000Z, RT @cuestion_p: Finalmente, te dejamos este🧵sobre algunos de los más sonados: Alfonso Campo  Diego Osorio Maritza Martínez Harry Giovanni G…
1564659863749332994, 880122147951321151, 2022-08-30T17:02:36.000Z, Cómplice, estamos en vivo por Facebook Live, YouTube Live, Twitter Live y https://t.co/M7tCI0X2iy Te espero 🙂 https://t.co/SIN2MAMNhW  Hoy nos acompañan: LIDIA ELIZABETH LARES – ADRIANA GONZALEZ- LUIS ORTIZ- JAIRO TACAMI – LLUVIA ESCALONA
1564661359450755073, 1275085473594171393, 2022-08-30T17:08:32.000Z, RT @cuestion_p: Finalmente, te dejamos este🧵sobre algunos de los más sonados: Alfonso Campo  Diego Osorio Maritza Martínez Harry Giovanni G…
1564664451240009730, 986473510842327046, 2022-08-30T17:20:49.000Z, RT @cuestion_p: Finalmente, te dejamos este🧵sobre algunos de los más sonados: Alfonso Campo  Diego Osorio Maritza Martínez Harry Giovanni G…
1564665616845443072, 168880232, 2022-08-30T17:25:27.000Z, RT @cuestion_p: Finalmente, te dejamos este🧵sobre algunos de los más sonados: Alfonso Campo  Diego Osorio Maritza Martínez Harry Giovanni G…
1564679465782968321, 994206625132089344, 2022-08-30T18:20:29.000Z, RT @cuestion_p: Finalmente, te dejamos este🧵sobre algunos de los más sonados: Alfonso Campo  Diego Osorio Maritza Martínez Harry Giovanni G…
1564682393285427202, 1046638685071069184, 2022-08-30T18:32:07.000Z, RT @cuestion_p: Finalmente, te dejamos este🧵sobre algunos de los más sonados: Alfonso Campo  Diego Osorio Maritza Martínez Harry Giovanni G…
1564682471735705600, 172515489, 2022-08-30T18:32:26.000Z, RT @cuestion_p: Finalmente, te dejamos este🧵sobre algunos de los más sonados: Alfonso Campo  Diego Osorio Maritza Martínez Harry Giovanni G…
1564688432017842176, 2173612017, 2022-08-30T18:56:07.000Z, RT @cuestion_p: Finalmente, te dejamos este🧵sobre algunos de los más sonados: Alfonso Campo  Diego Osorio Maritza Martínez Harry Giovanni G…
1564693067147448320, 740896516001419264, 2022-08-30T19:14:32.000Z, RT @cuestion_p: Finalmente, te dejamos este🧵sobre algunos de los más sonados: Alfonso Campo  Diego Osorio Maritza Martínez Harry Giovanni G…
1564699034123747330, 1373792550, 2022-08-30T19:38:15.000Z, RT @cuestion_p: Finalmente, te dejamos este🧵sobre algunos de los más sonados: Alfonso Campo  Diego Osorio Maritza Martínez Harry Giovanni G…
1564699486202601472, 2889151478, 2022-08-30T19:40:02.000Z, RT @cuestion_p: Finalmente, te dejamos este🧵sobre algunos de los más sonados: Alfonso Campo  Diego Osorio Maritza Martínez Harry Giovanni G…
1564706960255188992, 1362152348, 2022-08-30T20:09:44.000Z, RT @cuestion_p: Finalmente, te dejamos este🧵sobre algunos de los más sonados: Alfonso Campo  Diego Osorio Maritza Martínez Harry Giovanni G…
1564731716685660167, 1019923213093163009, 2022-08-30T21:48:07.000Z, RT @cuestion_p: Finalmente, te dejamos este🧵sobre algunos de los más sonados: Alfonso Campo  Diego Osorio Maritza Martínez Harry Giovanni G…
1564739093334032385, 863168809, 2022-08-30T22:17:25.000Z, RT @cuestion_p: Finalmente, te dejamos este🧵sobre algunos de los más sonados: Alfonso Campo  Diego Osorio Maritza Martínez Harry Giovanni G…
1564766651907710976, 175901668, 2022-08-31T00:06:56.000Z, RT @cuestion_p: Finalmente, te dejamos este🧵sobre algunos de los más sonados: Alfonso Campo  Diego Osorio Maritza Martínez Harry Giovanni G…
1564781045957918720, 154419854, 2022-08-31T01:04:08.000Z, RT @cuestion_p: Finalmente, te dejamos este🧵sobre algunos de los más sonados: Alfonso Campo  Diego Osorio Maritza Martínez Harry Giovanni G…
1564811246095982594, 1643385337, 2022-08-31T03:04:08.000Z, DEPORTES TOLIMA 1997 Arriba de izquierda a derecha: Luis Barbat, Geovannis Cassiani, Antonio Moreno, John Jairo Mejía, Jorge Ramírez Quesada, Carlos César Castro. Abajo en el mismo orden: Jorge Da Costa , Freddy León, Bernardo Redín, Néstor Ortiz, Luis Manuel Quiñones. https://t.co/3q9jhE6Qoo
1564814685324582912, 113756593, 2022-08-31T03:17:48.000Z, RT @MemoriaFPC: DEPORTES TOLIMA 1997 Arriba de izquierda a derecha: Luis Barbat, Geovannis Cassiani, Antonio Moreno, John Jairo Mejía, Jorg…
1564827759892897792, 59821336, 2022-08-31T04:09:45.000Z, @gonzalez16 @fedefutbolcrc No es que Jafet tenga influencias en Panini, pero Tejeda, Douglas, John Jairo y Memo Ortiz, y ya
1564852708103917569, 1145553944, 2022-08-31T05:48:53.000Z, RT @MemoriaFPC: DEPORTES TOLIMA 1997 Arriba de izquierda a derecha: Luis Barbat, Geovannis Cassiani, Antonio Moreno, John Jairo Mejía, Jorg…
1564985418076020737, 787750969790631936, 2022-08-31T14:36:14.000Z, RT @MAguilarHurtado: Que en paz descanse el señor Jairo Ortiz Rico, periodista nortesantandereano que asumió con responsabilidad la quinta…
1565165010866913280, 3295496462, 2022-09-01T02:29:52.000Z, RT @MAguilarHurtado: Que en paz descanse el señor Jairo Ortiz Rico, periodista nortesantandereano que asumió con responsabilidad la quinta…
1565329372722118656, 302929562, 2022-09-01T13:22:59.000Z, RT @cuestion_p: Finalmente, te dejamos este🧵sobre algunos de los más sonados: Alfonso Campo  Diego Osorio Maritza Martínez Harry Giovanni G…
1565880057393995777, 66242316, 2022-09-03T01:51:12.000Z, @JulianCaperaB Ninguno de los dos, Jairo Arboleda o willington Ortiz
1565895112890384384, 41449586, 2022-09-03T02:51:02.000Z, @Oskarina_Ortiz @___jairob Ese Jairo es un cerdo 😔
1565923486660526080, 1475792051094659072, 2022-09-03T04:43:47.000Z, @YanjaneMG Por décadas  70s Jairo Arboleda 80s Willignton Ortiz  90s Carlos Valderrama  00s Freddy Rincón  10s Falcao Garcia  20s Angelo Rodriguez
1565947566105272320, 1115086322, 2022-09-03T06:19:28.000Z, RT @BrennerABarrios: #ProhibidoOlvidar   En este hilo recopilaré los nombres de los caídos durante las protestas del 2017 con la fecha de s…
1566548156514553857, 130710304, 2022-09-04T22:06:00.000Z, ¡Arranca el partido!  🦁 @CDOlimpia  suma 5 triunfos consecutivos contra  Honduras Progreso y 16 juegos en fila sin perder vs @ClubHProgreso  (12-G, 4-E).   ⚽️ Jhon Jairo López (COL), se ha enfrentado 6 veces a Olimpia y perdió todos los juegos  👤Marvin Ortiz  📺 @DeportesTVC https://t.co/zkP5y3AX6K
1566825001352839168, 218317489, 2022-09-05T16:26:05.000Z, CRISTO VIENE_ CESAR Y JAIRO ORTIZ https://t.co/TxUMoMJK9x via @YouTube
1566937060954591236, 218317489, 2022-09-05T23:51:22.000Z, JESUS VIENE_ CESAR Y JAIRO ORTIZ https://t.co/nTJSKBidwQ via @YouTube
1567112883040706560, 870454281006174208, 2022-09-06T11:30:01.000Z, El 6 de abril de 2017, Jairo Ortiz fue la primera víctima fatal del patrón de represión armada de ese año. Este joven estudiante de ingeniería y aficionado a la poesía salió a ejercer su legítimo derecho a la protesta cuando fue asesinado.  ¡Justicia para Jairo! #SembramosMemoria https://t.co/4VDjDhO9Ss
1567115024564379648, 142712080, 2022-09-06T11:38:32.000Z, RT @JEPvzla: El 6 de abril de 2017, Jairo Ortiz fue la primera víctima fatal del patrón de represión armada de ese año. Este joven estudian…
1567115431214710787, 235338024, 2022-09-06T11:40:09.000Z, RT @JEPvzla: El 6 de abril de 2017, Jairo Ortiz fue la primera víctima fatal del patrón de represión armada de ese año. Este joven estudian…
1567117043559702528, 1035672780031881216, 2022-09-06T11:46:33.000Z, RT @JEPvzla: El 6 de abril de 2017, Jairo Ortiz fue la primera víctima fatal del patrón de represión armada de ese año. Este joven estudian…
1567129165215719426, 278572100, 2022-09-06T12:34:43.000Z, RT @JEPvzla: El 6 de abril de 2017, Jairo Ortiz fue la primera víctima fatal del patrón de represión armada de ese año. Este joven estudian…
1567143856281452545, 48611544, 2022-09-06T13:33:06.000Z, RT @JEPvzla: El 6 de abril de 2017, Jairo Ortiz fue la primera víctima fatal del patrón de represión armada de ese año. Este joven estudian…
1567147285342986242, 54083981, 2022-09-06T13:46:43.000Z, RT @JEPvzla: El 6 de abril de 2017, Jairo Ortiz fue la primera víctima fatal del patrón de represión armada de ese año. Este joven estudian…
1567157333565870083, 2382910309, 2022-09-06T14:26:39.000Z, RT @JEPvzla: El 6 de abril de 2017, Jairo Ortiz fue la primera víctima fatal del patrón de represión armada de ese año. Este joven estudian…
1567165538279002112, 1455004499907579908, 2022-09-06T14:59:15.000Z, RT @JEPvzla: El 6 de abril de 2017, Jairo Ortiz fue la primera víctima fatal del patrón de represión armada de ese año. Este joven estudian…
1567166018052624384, 459515283, 2022-09-06T15:01:09.000Z, RT @JEPvzla: El 6 de abril de 2017, Jairo Ortiz fue la primera víctima fatal del patrón de represión armada de ese año. Este joven estudian…
1567168575256797184, 307514177, 2022-09-06T15:11:19.000Z, RT @JEPvzla: El 6 de abril de 2017, Jairo Ortiz fue la primera víctima fatal del patrón de represión armada de ese año. Este joven estudian…
1567169880880824320, 75937220, 2022-09-06T15:16:30.000Z, RT @JEPvzla: El 6 de abril de 2017, Jairo Ortiz fue la primera víctima fatal del patrón de represión armada de ese año. Este joven estudian…
1567170586069049344, 45189247, 2022-09-06T15:19:18.000Z, RT @JEPvzla: El 6 de abril de 2017, Jairo Ortiz fue la primera víctima fatal del patrón de represión armada de ese año. Este joven estudian…
1567175301402185728, 80450080, 2022-09-06T15:38:03.000Z, RT @JEPvzla: El 6 de abril de 2017, Jairo Ortiz fue la primera víctima fatal del patrón de represión armada de ese año. Este joven estudian…
1567209301483077637, 289336872, 2022-09-06T17:53:09.000Z, RT @JEPvzla: El 6 de abril de 2017, Jairo Ortiz fue la primera víctima fatal del patrón de represión armada de ese año. Este joven estudian…
1567338593999364096, 2149968770, 2022-09-07T02:26:55.000Z, RT @JEPvzla: El 6 de abril de 2017, Jairo Ortiz fue la primera víctima fatal del patrón de represión armada de ese año. Este joven estudian…
1567354522279755776, 286534489, 2022-09-07T03:30:12.000Z, RT @JEPvzla: El 6 de abril de 2017, Jairo Ortiz fue la primera víctima fatal del patrón de represión armada de ese año. Este joven estudian…
1567468897946812418, 4874247682, 2022-09-07T11:04:42.000Z, Dice @MartinezPozo que soltará una bomba 💣 en su comentario,ojalá y no sea como las primicias de Jairo Ortiz 😂😂 @jimenezpedro27
