id, author_id, created_at, text
1440474943456612359, 1434154429561835525, 2021-09-22T00:36:03.000Z, RT @SrtaOlmedo: #Intermedia2021 Mario Jara @mariojaradt será presentado hoy 15:30 hs como nuevo DT del Club San Lorenzo su cuerpo técnico e…
1440476517025271813, 2903861302, 2021-09-22T00:42:19.000Z, RT @SanLorenzo1930: ¡Presentación del cuerpo técnico del DT @mariojaradt!   DT: Mario Jara AT: Alfredo Cano AT: Carlos Segovia PF: Braulio…
1440478775578279955, 1926755215, 2021-09-22T00:51:17.000Z, RT @HectorAstudillo: Agradezco al Dr. José Alfredo Romero Olea, rector de la Universidad Autónoma de Guerrero; al maestro Armando Guzmán Za…
1440488535719510026, 893526194410459136, 2021-09-22T01:30:04.000Z, RT @HectorAstudillo: Agradezco al Dr. José Alfredo Romero Olea, rector de la Universidad Autónoma de Guerrero; al maestro Armando Guzmán Za…
1440492629351809025, 3001596138, 2021-09-22T01:46:20.000Z, RT @SanLorenzo1930: ¡Presentación del cuerpo técnico del DT @mariojaradt!   DT: Mario Jara AT: Alfredo Cano AT: Carlos Segovia PF: Braulio…
1440497477870768138, 248001931, 2021-09-22T02:05:36.000Z, RT @HectorAstudillo: Agradezco al Dr. José Alfredo Romero Olea, rector de la Universidad Autónoma de Guerrero; al maestro Armando Guzmán Za…
1440536886410244099, 269557885, 2021-09-22T04:42:12.000Z, RT @HectorAstudillo: Agradezco al Dr. José Alfredo Romero Olea, rector de la Universidad Autónoma de Guerrero; al maestro Armando Guzmán Za…
1440555375934074880, 144217682, 2021-09-22T05:55:40.000Z, RT @HectorAstudillo: Agradezco al Dr. José Alfredo Romero Olea, rector de la Universidad Autónoma de Guerrero; al maestro Armando Guzmán Za…
1440667303155159054, 963225638407737344, 2021-09-22T13:20:26.000Z, Plan mierda https://t.co/ghmKyggakV
1440697514299060237, 4766527200, 2021-09-22T15:20:28.000Z, Jugó 17 años seguidos en Sp. Cristal desde 1968 hasta mediados de 1985, obtuvo 6 títulos en 1968, 1970, 1972, 1979, 1980, 1983, los últimos tres como capitán, un volante todo terreno y guerrero, sus inicios en las menores en 1963 fue delantero.  Feliz Cumpleaños Alfredo Quesada! https://t.co/0huX8wrha3
1440698609243095045, 1193223381191024641, 2021-09-22T15:24:49.000Z, RT @HectorAstudillo: Agradezco al Dr. José Alfredo Romero Olea, rector de la Universidad Autónoma de Guerrero; al maestro Armando Guzmán Za…
1440708134834638857, 106755764, 2021-09-22T16:02:41.000Z, 🫂 _Invitación especial del *Dr. José Alfredo Pineda Gómez*, Maestro investigador de la Universidad Autónoma de Guerrero - México, para participar del *I Congreso Internacional de Innovación Educativa en el Mundo del Trabajo CTU – USCTRAB*, que se desarrollará el próximo 23 y 24 https://t.co/2FOoqSqmsg
1440728846152585219, 360813488, 2021-09-22T17:24:59.000Z, RT @fagaro2001: 🫂 _Invitación especial del *Dr. José Alfredo Pineda Gómez*, Maestro investigador de la Universidad Autónoma de Guerrero - M…
1440737441023815683, 1571561340, 2021-09-22T17:59:08.000Z, RT @GloriosoDeLos90: Jugó 17 años seguidos en Sp. Cristal desde 1968 hasta mediados de 1985, obtuvo 6 títulos en 1968, 1970, 1972, 1979, 19…
1440745859856044034, 246468033, 2021-09-22T18:32:35.000Z, RT @HectorAstudillo: Agradezco al Dr. José Alfredo Romero Olea, rector de la Universidad Autónoma de Guerrero; al maestro Armando Guzmán Za…
1440756755030441986, 829755786825965568, 2021-09-22T19:15:53.000Z, Invitamos a toda nuestra #ComunidadUAGro a presenciar de manera virtual la toma de protesta del Dr. José Alfredo Romero Olea como rector de nuestra Universidad Autónoma de Guerrero por el periodo 2021-2023.  👉🏼 https://t.co/8Za69N6cgW https://t.co/QhGSrpM8o1
1440757173370318859, 2984390355, 2021-09-22T19:17:32.000Z, RT @UAGro_MX: Invitamos a toda nuestra #ComunidadUAGro a presenciar de manera virtual la toma de protesta del Dr. José Alfredo Romero Olea…
1440764659435380740, 361636902, 2021-09-22T19:47:17.000Z, RT @UAGro_MX: Invitamos a toda nuestra #ComunidadUAGro a presenciar de manera virtual la toma de protesta del Dr. José Alfredo Romero Olea…
1440770563236982785, 277694070, 2021-09-22T20:10:45.000Z, RT @GloriosoDeLos90: Jugó 17 años seguidos en Sp. Cristal desde 1968 hasta mediados de 1985, obtuvo 6 títulos en 1968, 1970, 1972, 1979, 19…
1440776364982890504, 1195150800772829184, 2021-09-22T20:33:48.000Z, RT @GloriosoDeLos90: Jugó 17 años seguidos en Sp. Cristal desde 1968 hasta mediados de 1985, obtuvo 6 títulos en 1968, 1970, 1972, 1979, 19…
1440789918653894659, 980917123571638273, 2021-09-22T21:27:39.000Z, #ComunidadUAGro 🦅   Se les hace la más cordial Invitación a presenciar la toma de protesta del Dr. José Alfredo Romero Olea como rector de la Universidad Autónoma de Guerrero por el periodo 2021-2023.  👉🏽 https://t.co/ktdYp4bfaP https://t.co/paDX8wTpEL
1440833891883880450, 1120208875565801473, 2021-09-23T00:22:23.000Z, RT @GloriosoDeLos90: Jugó 17 años seguidos en Sp. Cristal desde 1968 hasta mediados de 1985, obtuvo 6 títulos en 1968, 1970, 1972, 1979, 19…
1441069707197566976, 1022953865551990784, 2021-09-23T15:59:26.000Z, RT @UAGro_MX: Invitamos a toda nuestra #ComunidadUAGro a presenciar de manera virtual la toma de protesta del Dr. José Alfredo Romero Olea…
1441523891801927681, 1352002809160462336, 2021-09-24T22:04:12.000Z, RT @GloriosoDeLos90: Jugó 17 años seguidos en Sp. Cristal desde 1968 hasta mediados de 1985, obtuvo 6 títulos en 1968, 1970, 1972, 1979, 19…
1441702591553937417, 342834241, 2021-09-25T09:54:18.000Z, Los más jóvenes no recordaréis la serie de TVE que hizo Alfredo Amestoy llamada Los Botejara. Solo destacaré la sintonía. La cantaba Pablo Guerrero, y en ella se decía : "Hubo en España una guerra, que como todas las guerras, la ganará quién ganase, la perdieron los poetas".
1441873371369598980, 311159718, 2021-09-25T21:12:55.000Z, @ManenaU cumbre beisbolera en el Yeyo Uraga, Eloy Guerrero, Freddy Uzcátegui, Alfredo.Portalanza, Diego Valenzuela https://t.co/mBS5cMFtkL
1441877380058927104, 37415600, 2021-09-25T21:28:50.000Z, RT @AntonioUbilla1: @ManenaU cumbre beisbolera en el Yeyo Uraga, Eloy Guerrero, Freddy Uzcátegui, Alfredo.Portalanza, Diego Valenzuela http…
1442051933129383940, 4833068007, 2021-09-26T09:02:27.000Z, 📌Orfidal, Valium, Trankimazin o Lexatin, del uso al abuso ▶️Antes de la medicación, está el psicólogo ▶️El psiquiatra Alfredo Guerrero advierte de las benzodiacepinas🔻 #psicología #psiquiatría #benzodiacepinas #orfidal #lexatin #SaludMental @copclm  https://t.co/T1QbpS041X
1442053251835338753, 487065503, 2021-09-26T09:07:41.000Z, RT @DiarioSanitari0: 📌Orfidal, Valium, Trankimazin o Lexatin, del uso al abuso ▶️Antes de la medicación, está el psicólogo ▶️El psiquiatra…
1442055382713528320, 218432014, 2021-09-26T09:16:09.000Z, RT @DiarioSanitari0: 📌Orfidal, Valium, Trankimazin o Lexatin, del uso al abuso ▶️Antes de la medicación, está el psicólogo ▶️El psiquiatra…
1442063011791917061, 4915572028, 2021-09-26T09:46:28.000Z, @AlternaChavez "Hablamos con Alfredo (Cutuchi) Gutiérrez Vaca Diez y le pedí que nos trajese todo el armamento (...)Estábamos organizándonos cuando llegaron Gustavo Melgar Guerrero, José Luis (Papi) Camacho Parada y Mario Serrate Ruiz y me dijeron, “orden de jefatura, debe dispersar la gente"
1442065642568314885, 4915572028, 2021-09-26T09:56:56.000Z, RT @MarKaAbyaYala: @AlternaChavez "Hablamos con Alfredo (Cutuchi) Gutiérrez Vaca Diez y le pedí que nos trajese todo el armamento (...)Está…
1442097176306388995, 1213257465447403520, 2021-09-26T12:02:14.000Z, RT @MarKaAbyaYala: @AlternaChavez "Hablamos con Alfredo (Cutuchi) Gutiérrez Vaca Diez y le pedí que nos trajese todo el armamento (...)Está…
1442190036137508864, 135748631, 2021-09-26T18:11:13.000Z, @FOXSportsMX @rgarciaochoa @eleonbaz @CarlosRosadoV Saludos desde Guerrero! ALFREDO Y MIGUEL LANDA REPORTANDO!!!
1442236903160434690, 1411745970610704385, 2021-09-26T21:17:27.000Z, Y cristobal y rafa guerrero de árbitros y Alfredo duro de comentaristas.  ESTO DEBE SER COÑA https://t.co/WVvk0llaQu
1442237107658010624, 220977840, 2021-09-26T21:18:16.000Z, Piqué e Ibai van a organizar un Mundial de Globos, lo va a comentar Ibai con Ander y Alfredo Duro. Quieren contar con Rafa Guerrero y Cristobal Soria. 0.o
1442239789336612867, 1411745970610704385, 2021-09-26T21:28:55.000Z, @_dembou Y ibai  cristobal soria y rafa guerrero como árbitros y Alfredo duro de comentaristas jajajajajjaja
1442436337668263941, 382185774, 2021-09-27T10:29:56.000Z, RT @DiarioSanitari0: 📌Orfidal, Valium, Trankimazin o Lexatin, del uso al abuso ▶️Antes de la medicación, está el psicólogo ▶️El psiquiatra…
1442442825837121537, 1205967433699381249, 2021-09-27T10:55:43.000Z, RT @DiarioSanitari0: 📌Orfidal, Valium, Trankimazin o Lexatin, del uso al abuso ▶️Antes de la medicación, está el psicólogo ▶️El psiquiatra…
1442521977516814343, 1354170094432219136, 2021-09-27T16:10:14.000Z, https://t.co/uUV7aJqIgx
1442542411172007941, 829755786825965568, 2021-09-27T17:31:26.000Z, De manera oficial se realiza la toma de protesta del Dr. José Alfredo Romero Olea, como Rector de la Universidad Autónoma de Guerrero #UAGro, por el periodo del 27 de septiembre de 2021 al 27 de septiembre de 2023, ante el Pleno del H. Consejo Universitario. https://t.co/WJhUi6ddxH
1442544921987010560, 829755786825965568, 2021-09-27T17:41:25.000Z, "Reafirmo mi compromiso y lealtad con la UAGro, Institución al servicio de Guerrero y México, agradezco la confianza del H. Consejo Universitario que me han conferido encabezar la misión educativa, científica y cultural de nuestra comunidad".  -Dr. José Alfredo Romero Olea. https://t.co/BetBNFdHoV
1442550391334309890, 980917123571638273, 2021-09-27T18:03:09.000Z, Fundación UAGro felicita al Dr. José Alfredo Romero Olea por su toma de protesta como Rector de la Universidad Autónoma de Guerrero @UAGro_MX  por el periodo 2021 - 2023.   ¡Somos Orgullosamente UAGro!   #SomosFundaciónUAGro #RectorJARO #Rectorado2021 https://t.co/DUKJh91cKh
1442550482543603717, 829755786825965568, 2021-09-27T18:03:30.000Z, RT @Fundacion_UAGro: Fundación UAGro felicita al Dr. José Alfredo Romero Olea por su toma de protesta como Rector de la Universidad Autónom…
1442555189068804100, 3248222348, 2021-09-27T18:22:13.000Z, Felicito al Dr. José Alfredo Romero Olea, quien el día de hoy, tomó protesta como Rector de la Universidad Autónoma de Guerrero (@UAGro_MX) para el período 2021-2023. ¡Muchas felicidades y mucho éxito! https://t.co/tus9lGljSU
1442555335974154243, 829755786825965568, 2021-09-27T18:22:48.000Z, RT @AdrianChavezG5: Felicito al Dr. José Alfredo Romero Olea, quien el día de hoy, tomó protesta como Rector de la Universidad Autónoma de…
1442564811011903496, 832373251418488834, 2021-09-27T19:00:27.000Z, El @FGEGuerrero, @jzuriel, participó de manera virtual en la sesión solemne de toma de protesta del Dr. José Alfredo Romero Olea, como rector de la Universidad Autónoma de Guerrero para el periodo que comprende del 2021 al 2023. https://t.co/6RbRBFHjvi
1442565935618007041, 137612440, 2021-09-27T19:04:55.000Z, 👉Rinde protesta Romero Olea como rector de la #UAG  En un acto virtual, José Alfredo Romero Olea agradeció a Héctor Astudillo por el apoyo, y dijo que Evelyn Salgado Pineda será una aliada para la universidad #Acapulco #Chilpancingo #Guerrero https://t.co/5iK1Cxtwxe
1442569075280941056, 257281560, 2021-09-27T19:17:23.000Z, "Que te duele"  (Alfredo Cuadro Guerrero, 2021) https://t.co/C0PYBUicbX
1442569731572211715, 2493621931, 2021-09-27T19:20:00.000Z, #Guerrero | José Alfredo Romero Olea dirigirá la UAGro hasta el 2023 https://t.co/ISliuzmueA
1442573199800111112, 2169381486, 2021-09-27T19:33:47.000Z, Rinde protesta José Alfredo Romero Olea como rector de la Uagro https://t.co/aUoI37m7u4
1442582340732026883, 1212827055273832448, 2021-09-27T20:10:06.000Z, Toma protesta Romero Olea como rector de la UAGro   La tarde de este lunes, José Alfredo Romero Olea tomó protesta como rector de la Universidad Autónoma de Guerrero para el periodo 2021-2023. https://t.co/DxU8yorblu https://t.co/Q9Srl6y1oH https://t.co/bbCANJUem4
1442598263450783754, 2804094000, 2021-09-27T21:13:22.000Z, La gobernadora electa participó en la de toma de protesta virtual de José Alfredo Romero Olea como rector de la Universidad Autónoma de Guerrero. https://t.co/8s387v767s @EvelynSalgadoP @UAGro_MX @Prensa_UAGro
1442598823138762754, 941719741, 2021-09-27T21:15:36.000Z, Hoy toma protesta como rector de la máxima casa de estudios de la Universidad Autónoma de Guerrero el Dr. JOSÉ ALFREDO ROMERO OLEA. A quien le deseamos el mayor de los  éxitos. https://t.co/iHtY8nXAkz
1442633065218682882, 812150716676456448, 2021-09-27T23:31:40.000Z, Al rendir protesta como rector de la Uagro, José Alfredo Romero Olea ofreció garantizar una universidad incluyente https://t.co/Wdt8Dp78LP
1442633068511207425, 77650086, 2021-09-27T23:31:41.000Z, Al rendir protesta como rector de la Uagro, José Alfredo Romero Olea ofreció garantizar una universidad incluyente https://t.co/uNq5T71l55
1442633140338446337, 1132048266852470789, 2021-09-27T23:31:58.000Z, El Departamento de Cultura Física y Recreación le desea todo el éxito en esta encomienda al Dr. José Alfredo Romero Olea como Rector de nuestra UAGro Universidad Autónoma de Guerrero, para el período 2021-2023   #OrgullosamenteUAGro 🔴🔵⚪️🦅 https://t.co/Vv3fyTxfAv
1442633206931464192, 1204917222080155648, 2021-09-27T23:32:14.000Z, RT @DeportesUAGro: El Departamento de Cultura Física y Recreación le desea todo el éxito en esta encomienda al Dr. José Alfredo Romero Olea…
1442633610658336768, 1204917222080155648, 2021-09-27T23:33:50.000Z, RT @Fundacion_UAGro: Fundación UAGro felicita al Dr. José Alfredo Romero Olea por su toma de protesta como Rector de la Universidad Autónom…
1442640066539442177, 829755786825965568, 2021-09-27T23:59:29.000Z, RT @DeportesUAGro: El Departamento de Cultura Física y Recreación le desea todo el éxito en esta encomienda al Dr. José Alfredo Romero Olea…
1442693160207994882, 2804094000, 2021-09-28T03:30:27.000Z, En su primer mensaje, ratificó que su rectorado será incluyente, propositivo, impulsor de consensos y de puertas abiertas al diálogo. https://t.co/polWSe9GWm @UAGro_MX @Prensa_UAGro
1442697493376995334, 315821878, 2021-09-28T03:47:41.000Z, La #UAGro es aliada en el desarrollo integral de Guerrero, destaca @EvelynSalgadoP   La gobernadora electa participa en el evento de toma de protesta como rector de la Universidad Autónoma de Guerrero de José Alfredo Romero Olea. https://t.co/fNIb1w340s
1442697563249909762, 49112773, 2021-09-28T03:47:57.000Z, RT @sosnoticiasgro: La #UAGro es aliada en el desarrollo integral de Guerrero, destaca @EvelynSalgadoP   La gobernadora electa participa en…
1442725619138183168, 106441834, 2021-09-28T05:39:26.000Z, Gracias a la @UAGro_MX por la invitación a la toma de protesta del Dr. José Alfredo Romero Olea, como Rector para el periodo 2021-2023.  Con la presencia de los tres poderes del Estado de Guerrero y el Subsecretario @LucianoConchier de @SEP_mx. https://t.co/GS9vxG2dMQ
1442749552990298112, 2903951666, 2021-09-28T07:14:33.000Z, Al tomar protesta como rector de la Universidad Autónoma de Guerrero (UAGro) para el periodo del 27 de septiembre del 2021 al 27 de septiembre del 2023, el doctor José Alfredo Romero Olea se comprometió a encabezar un rectorado  https://t.co/IkEH5bClc7 https://t.co/pxR4CCdm2O
1442789172838797315, 100185915, 2021-09-28T09:51:59.000Z, Alfredo Bosco è un fotografo. Il suo progetto "Forgotten Guerrero" immortala la situazione nello stato messicano più violento. Quanto è necessario fotografare le vittime e le loro ferite? Roberto Zichittella lo ha intervistato, si riascolta da qui https://t.co/5j33U5Kmwf https://t.co/E4UouPXkiM
1442789932234416132, 1070192994475638784, 2021-09-28T09:55:00.000Z, #Guerrero | Es aliada en el desarrollo integral de Guerrero, destaca la gobernadora electa al participar en la toma de protesta como rector de esa institución educativa, José Alfredo Romero Olea  https://t.co/UAISMkyTy4
1442799164182695945, 30513255, 2021-09-28T10:31:41.000Z, RT @Radio3tweet: Alfredo Bosco è un fotografo. Il suo progetto "Forgotten Guerrero" immortala la situazione nello stato messicano più viole…
1442829235782135814, 60850394, 2021-09-28T12:31:10.000Z, RT @Radio3tweet: Alfredo Bosco è un fotografo. Il suo progetto "Forgotten Guerrero" immortala la situazione nello stato messicano più viole…
1442843534558650373, 884023737745645572, 2021-09-28T13:28:00.000Z, RT @Radio3tweet: Alfredo Bosco è un fotografo. Il suo progetto "Forgotten Guerrero" immortala la situazione nello stato messicano più viole…
1442849407943200780, 137612440, 2021-09-28T13:51:20.000Z, 🔻Toma protesta José Alfredo Romero como rector de la #UAG hasta 2023  La sesión solemne se realizó de manera virtual. El año pasado ha sido uno de los más difíciles en la historia de la humanidad, dice el nuevo rector #Acapulco #Chilpancingo #Guerrero https://t.co/4kLunYXUTI
1442853541324918790, 829755786825965568, 2021-09-28T14:07:45.000Z, RT @carmen_ta: Gracias a la @UAGro_MX por la invitación a la toma de protesta del Dr. José Alfredo Romero Olea, como Rector para el periodo…
1442858164010070023, 3602138062, 2021-09-28T14:26:07.000Z, RT @AvisponNoticias: Al tomar protesta como rector de la Universidad Autónoma de Guerrero (UAGro) para el periodo del 27 de septiembre del…
1442868894717206528, 1014643624980688896, 2021-09-28T15:08:46.000Z, Rafa Guerrero, Cristóbal Soria y Alfredo Duro. Ahora sí que lo veo. https://t.co/jVmNgK1Rwh
1442877990065655811, 133010778, 2021-09-28T15:44:54.000Z, Hoy conmemoramos el natalicio del artista “Alfredo Guerrero” 👨‍🎨  ✏️El 28 de septiembre de 1936, nació Alfredo Guerrero en la ciudad de Cartagena. Fue reconocido por ser un pintor, dibujante y grabador.   📷Fotografía toda por: Zenia Valdelamar-El Universal https://t.co/SIEwvN6CaS
1442885457994465285, 3231325633, 2021-09-28T16:14:35.000Z, RT @Fundacion_UAGro: Fundación UAGro felicita al Dr. José Alfredo Romero Olea por su toma de protesta como Rector de la Universidad Autónom…
1442937376704118784, 612928287, 2021-09-28T19:40:53.000Z, #Guerrero 🔴 | José Alfredo Romero Olea, tomó protesta este lunes como nuevo rector de la #UAGro para el periodo 2021-2023.  https://t.co/Ak7yhIzT7S
1442949866854879233, 827589547, 2021-09-28T20:30:31.000Z, RT @Radio3tweet: Alfredo Bosco è un fotografo. Il suo progetto "Forgotten Guerrero" immortala la situazione nello stato messicano più viole…
1442984265357135873, 245924257, 2021-09-28T22:47:12.000Z, @AbudyVPH El sorprendente hijo de Motatan, su nombre viene de un pueblo en Francia dónde su propietario el Dr. Alfredo Toledo Guerrero hizo vida civil, esa lesión se agravó hasta el punto de que no pudo hacer campaña pistear como ejemplar maduro...
1442998320918499346, 1097409554428514304, 2021-09-28T23:43:03.000Z, Random lineup from history: Dodgers (59-41) hosting the Astros (54-47) at Dodger Stadium, Friday, July 29, 1988:  Steve Sax 2b Kirk Gibson lf Pedro Guerrero 1b Mike Marshall rf John Shelby cf Mike Scioscia c Tracy Woodson 3b Alfredo Griffin ss Shawn Hillegas p
1443030294060314626, 865703737, 2021-09-29T01:50:06.000Z, 🤍💙 Pachuca vs. América 🦅   Estadio Hidalgo   Árbitro: Fernando Guerrero  Árbitros asistentes: José Alfredo López y Mauricio Nieto   Cuarto árbitro: Víctor Alfonso Cáceres  VAR: Eduardo Galván y Juan Joel Rangel   #Jornada11 #GritaMéxicoA21 #LigaBBVAMX
1443037989509242883, 862749578789093377, 2021-09-29T02:20:41.000Z, @ibrahimdeportes El sorprendente hijo de Motatan, su nombre viene de un pueblo en Francia dónde su propietario el Dr. Alfredo Toledo Guerrero hizo vida civil, esa lesión se agravó hasta el punto de que no pudo hacer campaña pista como ejemplar maduro... https://t.co/4XHQkiOpbY
1443040244073439232, 1160760650613841923, 2021-09-29T02:29:39.000Z, RT @UNoticiasdeGro: https://t.co/uUV7aJqIgx
1443108736441200641, 2903951666, 2021-09-29T07:01:49.000Z, El diputado Alfredo Sánchez Esquivel propuso reformar la Ley Orgánica del Municipio Libre del Estado de Guerrero, para establecer que los ayuntamientos instituyentes duren como mínimo un año y tres como máximo en los casos de  https://t.co/2bfguUkvjr https://t.co/8KeJzwJpOJ
1443151293946675200, 953575709980745728, 2021-09-29T09:50:55.000Z, Iniciamos IV Edición #HR4HR Ecosystem ¡Gracias! @ING_es "Banco de #lideres" ¡Gracias! Alfredo Jacobo, Alicia Guerrero y Marina Rodero. Dos jornadas junto a Jon Segovia y Marta Aguilar (Deusto BS), Nuria Torrijos (CEOE Campus) y Gonzalo Grau (The Corporate School) ¡Comenzamos! https://t.co/JaYDv6eP4T
1443163452768403465, 499373790, 2021-09-29T10:39:14.000Z, RT @CEOE_Campus: Iniciamos IV Edición #HR4HR Ecosystem ¡Gracias! @ING_es "Banco de #lideres" ¡Gracias! Alfredo Jacobo, Alicia Guerrero y Ma…
1443295322613161988, 301519601, 2021-09-29T19:23:14.000Z, José Alfredo Romero tomó protesta como rector  de la Universidad Autónoma de Guerrero, para el período 2021.   📲 #LasNoticiasGuerrero #TelevisaGuerrero 😷 #UsaCubrebocas https://t.co/KLZRd2bWFy
1443308447043395587, 3303037869, 2021-09-29T20:15:23.000Z, RT @CEOE_Campus: Iniciamos IV Edición #HR4HR Ecosystem ¡Gracias! @ING_es "Banco de #lideres" ¡Gracias! Alfredo Jacobo, Alicia Guerrero y Ma…
1443333737404674063, 87912158, 2021-09-29T21:55:53.000Z, RT @Radio3tweet: Alfredo Bosco è un fotografo. Il suo progetto "Forgotten Guerrero" immortala la situazione nello stato messicano più viole…
1443348272039530497, 245772828, 2021-09-29T22:53:38.000Z, Alfredo tiene viaje, y todo super en orden para ello...  Diosito: Pero ay mira, mi mejor Guerrero, vamos ponerle una prueba   Jejejeje
1443401770021969925, 1440880794927460354, 2021-09-30T02:26:13.000Z, Install Download Online Free Now Scalp Price Action  Install Full Software Here Size: 50,020 KB D0wnl0ad URL &gt;&gt; https://t.co/A1qgI3n8N8 - D0WNL0AD APPS Software TextSoftware Scalp Price Action by Marcos Alfredo Guerrero Chavez  Last access https://t.co/qq9t1chC1D
1443462683202752513, 46595552, 2021-09-30T06:28:16.000Z, RT @Jaime_Guerrero: #ULTIMAHORA  🚨El @TEPJF_informa anula la votación en cuatro municipios de Michoacán por la participación de grupos crim…
1443468814478454786, 858044279138263041, 2021-09-30T06:52:38.000Z, RT @Jaime_Guerrero: #ULTIMAHORA  🚨El @TEPJF_informa anula la votación en cuatro municipios de Michoacán por la participación de grupos crim…
1443477127656091649, 4558701493, 2021-09-30T07:25:40.000Z, RT @Jaime_Guerrero: #ULTIMAHORA  🚨El @TEPJF_informa anula la votación en cuatro municipios de Michoacán por la participación de grupos crim…
1443509964094513152, 1616505410, 2021-09-30T09:36:09.000Z, RT @Jaime_Guerrero: #ULTIMAHORA  🚨El @TEPJF_informa anula la votación en cuatro municipios de Michoacán por la participación de grupos crim…
1443541948560707584, 1242589153948241927, 2021-09-30T11:43:14.000Z, NOTICENTRO SN al amanecer en RadioSonora 5:30hrs con SilviaRamírez, JoelVillatoro y OscarOvando.  PERIODISTAS: Alfredo Reynoso, JavierHurtarte, VíctorAlvarez, JuanVíctor Castillo, WilberNavarro.  APOYO TÉCNICO de Haroldo Guerrero y FernandoÁvila.  COBERTURA NACIONAL. @sonora969 https://t.co/fuknqAMXy5
1443542261548077059, 491650671, 2021-09-30T11:44:29.000Z, RT @ArnulfoAgustinG: NOTICENTRO SN al amanecer en RadioSonora 5:30hrs con SilviaRamírez, JoelVillatoro y OscarOvando.  PERIODISTAS: Alfredo…
1443542394532663297, 235605750, 2021-09-30T11:45:01.000Z, RT @ArnulfoAgustinG: NOTICENTRO SN al amanecer en RadioSonora 5:30hrs con SilviaRamírez, JoelVillatoro y OscarOvando.  PERIODISTAS: Alfredo…
1443556544042373125, 1366950570565763072, 2021-09-30T12:41:14.000Z, Central Córdoba 🇦🇷 1982 Ariel Murillo, Lalo Garcia, Alfredo Murillo, Quinto Pagés, Ovando. Guerrero, Carlovich, Gómez, Ocampo, "Perro" Lebioso, Acuña https://t.co/pJ2rztukWp
1443563321345589253, 310579003, 2021-09-30T13:08:10.000Z, RT @revedemarseille: Central Córdoba 🇦🇷 1982 Ariel Murillo, Lalo Garcia, Alfredo Murillo, Quinto Pagés, Ovando. Guerrero, Carlovich, Gómez,…
1443609092086505479, 1097328312, 2021-09-30T16:10:03.000Z, Delanteros: Gabriel Torres, Abdiel Arroyo, Ismael Díaz, Rolando Blackburn, Jair Catuy, Eduardo Guerrero, Alfredo Stephens, Freddy Góndola.
1443609470794444806, 371542436, 2021-09-30T16:11:33.000Z, RT @BitacoraPma: Delanteros: Gabriel Torres, Abdiel Arroyo, Ismael Díaz, Rolando Blackburn, Jair Catuy, Eduardo Guerrero, Alfredo Stephens,…
1443609861435047941, 237779986, 2021-09-30T16:13:06.000Z, RT @BitacoraPma: Delanteros: Gabriel Torres, Abdiel Arroyo, Ismael Díaz, Rolando Blackburn, Jair Catuy, Eduardo Guerrero, Alfredo Stephens,…
1443612203236667395, 188899701, 2021-09-30T16:22:24.000Z, Volantes:  Aníbal Godoy, Armando Cooper, Alberto Quintero, Édgar Bárcenas, José Rodríguez, Abdiel Ayarza, Cristian Martínez, César Yanis.  Delanteros: Rolando Blackburn, Alfredo Stephens, Jair Catuy, Abdiel Arroyo, Ismael Díaz, Gabriel Torres, Eduardo Guerrero, Freddy Góndola. https://t.co/4rlhCFZaZh
1443612803412156416, 134646085, 2021-09-30T16:24:48.000Z, RT @Jaime_Guerrero: #ULTIMAHORA  🚨El @TEPJF_informa anula la votación en cuatro municipios de Michoacán por la participación de grupos crim…
1443615502136451073, 237779986, 2021-09-30T16:35:31.000Z, Delanteros: Eduardo Guerrero Ismael Díaz  Gabriel Torres Jair Catuy Freddy Gondola Alfredo Stephens  Abdiel Arroyo https://t.co/Zuq2t8nYlS
1443615560869322756, 1290494808138502151, 2021-09-30T16:35:45.000Z, RT @leoaguilar_29: Delanteros: Eduardo Guerrero Ismael Díaz  Gabriel Torres Jair Catuy Freddy Gondola Alfredo Stephens  Abdiel Arroyo https…
1443616009122947072, 1368685153, 2021-09-30T16:37:32.000Z, RT @JMDeporte: Volantes:  Aníbal Godoy, Armando Cooper, Alberto Quintero, Édgar Bárcenas, José Rodríguez, Abdiel Ayarza, Cristian Martínez,…
1443616712427986955, 371848140, 2021-09-30T16:40:20.000Z, RT @BitacoraPma: Delanteros: Gabriel Torres, Abdiel Arroyo, Ismael Díaz, Rolando Blackburn, Jair Catuy, Eduardo Guerrero, Alfredo Stephens,…
1443620679384018945, 1442103702714679299, 2021-09-30T16:56:05.000Z, DELANTEROS   Ecuador Guerrero (Maccabi Tel Aviv🇮🇱) Rolando Blackburn (The Strongest🇧🇴) Alfredo Stephens (Aragua FC🇻🇪) Jair Catuy (Club Always Ready🇧🇴) Abdiel Arroyo (CD Árabe Unido🇵🇦) Freddy Góndola (Deportivo Tachira🇻🇪) Gabriel Torres (LD Alajuelense🇨🇷) Ismael Diaz (Tauro FC🇵🇦)
1443624158538108929, 1249225990800322560, 2021-09-30T17:09:55.000Z, RT @revedemarseille: Central Córdoba 🇦🇷 1982 Ariel Murillo, Lalo Garcia, Alfredo Murillo, Quinto Pagés, Ovando. Guerrero, Carlovich, Gómez,…
1443641958145183748, 1430292708363575297, 2021-09-30T18:20:39.000Z, @matisin23 @alfredo_hf28 @santoscanoc agregaria un central mas por un delantero chen por guerrero y  un contension mas  por otro delantero  gaby torres que apenas esta agarrando ritmo llevar 8 delanteros es inecesario
1443643427124563970, 2176967902, 2021-09-30T18:26:29.000Z, @angelit48115015 @alfredo_hf28 @santoscanoc Arroyo guerrero ismael y hasta gaby pueden jugar de volantes ( negrito barcena puma) 9 fijos me parece q no son yo creo q si puede ir por alli llevar un central mas por las dudas
1443676852992761861, 186485663, 2021-09-30T20:39:18.000Z, TEPJF ratifica triunfo de Alfredo Ramírez Bedolla en Michoacán y de Samuel García en Nuevo León #MiltonAndreeNoticias El Tribunal declaró la nulidad de la elección del municipio de Iliatenco, Guerrero, por actos constitutivos de violencia política https://t.co/7guLEtzyUM
1443713471942733824, 2804094000, 2021-09-30T23:04:49.000Z, Se procederá penalmente contra quienes ingresaron de manera violenta al Congreso del Estado, advirtió el diputado Alfredo Sánchez Esquivel. https://t.co/qlwFozm2Rw @AlfredoSnchezE @congresogro
1443728365748461568, 2590505322, 2021-10-01T00:04:00.000Z, RT @revedemarseille: Central Córdoba 🇦🇷 1982 Ariel Murillo, Lalo Garcia, Alfredo Murillo, Quinto Pagés, Ovando. Guerrero, Carlovich, Gómez,…
1443740773795733508, 2804094000, 2021-10-01T00:53:18.000Z, El también coordinador del Grupo Parlamentario de Morena conminó a los integrantes de los ayuntamientos entrantes a conducirse con legalidad, racionalidad y efectividad en el uso de los recursos públicos. https://t.co/jcd38uVm77 @AlfredoSnchezE @congresogro
1443955160393428996, 1366950570565763072, 2021-10-01T15:05:12.000Z, RT @revedemarseille: Central Córdoba 🇦🇷 1982 Ariel Murillo, Lalo Garcia, Alfredo Murillo, Quinto Pagés, Ovando. Guerrero, Carlovich, Gómez,…
1443961853370109953, 2990582085, 2021-10-01T15:31:48.000Z, RT @ArnulfoAgustinG: NOTICENTRO SN al amanecer en RadioSonora 5:30hrs con SilviaRamírez, JoelVillatoro y OscarOvando.  PERIODISTAS: Alfredo…
1443975156838322181, 117175998, 2021-10-01T16:24:39.000Z, @CorteSupremaJ comprobó que Luis Alfredo Ramos asistió a una reunión celebrara en la Finca Bellanita en el municipio de Bello Antioquia de Hugo Quintero, a la que asistieron varios jefes paramilitares entre ellos ‘Ernesto Báez’, ‘Julián Bolivar’, ‘Alberto Guerrero’.
1443978357801107457, 385603306, 2021-10-01T16:37:22.000Z, RT @Jaime_Guerrero: #ULTIMAHORA  🚨El @TEPJF_informa anula la votación en cuatro municipios de Michoacán por la participación de grupos crim…
1443980862350139393, 1404490745717923855, 2021-10-01T16:47:20.000Z, @LassoGuillermo Un mensaje de Ezequiel Rua estudiante de la Unidad Educativa "Alfredo Pérez Guerrero" no le pudo decir https://t.co/9xfodfNjX1
1443985263638757385, 59503225, 2021-10-01T17:04:49.000Z, El presidente de la #AMIC #Guerrero, Alfredo Felipe Avilés, declaró que la Asociación Mexicana de la Industria de la Construcción no está de acuerdo con una nueva modificación a la Ley de Obras Públicas y Servicios... https://t.co/frM9ZOWUKd
1444019499544494083, 1237607701921665027, 2021-10-01T19:20:51.000Z, #CongresoDelEstadoDeGuerrero| #AlfredoSánchezEsquivel, rechazó la irrupción violenta de manifestantes al Congreso local y ratificó la disposición de las y los legisladores de la LXIII Legislatura para atender a todos los sectores de la población. https://t.co/lALDILsM6v
1444116646805770246, 105997198, 2021-10-02T01:46:53.000Z, #Michoacán | ➡ El gobernador del Estado, Alfredo Ramírez Bedolla, solicitó al Gobierno Federal, que el municipio de Lázaro Cárdenas junto con La Unión, Guerrero sean consideradas como Zona Libre Fronteriza. #CBTelevisión   https://t.co/FavxjGuo2l
1444289426788585477, 979788994979549184, 2021-10-02T13:13:27.000Z, Sala de Primera Instancia probó que Ramos desde 2001 planificó y ejecutó actividades criminales con Vicente y Carlos Castaño, Ernesto Báez, Don Berna y Alberto Guerrero de los bloques Metro y Centauros, quienes a su vez financiaron sus campañas políticas. https://t.co/B89lgkO8cM
1444289631382556676, 256499753, 2021-10-02T13:14:16.000Z, RT @ConnieAlfonso5: Sala de Primera Instancia probó que Ramos desde 2001 planificó y ejecutó actividades criminales con Vicente y Carlos Ca…
1444289782872518661, 979788994979549184, 2021-10-02T13:14:52.000Z, RT @ConnieAlfonso5: Sala de Primera Instancia probó que Ramos desde 2001 planificó y ejecutó actividades criminales con Vicente y Carlos Ca…
1444289853496123396, 4012266509, 2021-10-02T13:15:09.000Z, RT @ConnieAlfonso5: Sala de Primera Instancia probó que Ramos desde 2001 planificó y ejecutó actividades criminales con Vicente y Carlos Ca…
1444295059072065541, 1438535548730322948, 2021-10-02T13:35:50.000Z, RT @ConnieAlfonso5: Sala de Primera Instancia probó que Ramos desde 2001 planificó y ejecutó actividades criminales con Vicente y Carlos Ca…
1444295445984038915, 1085961079228956672, 2021-10-02T13:37:22.000Z, RT @ConnieAlfonso5: Sala de Primera Instancia probó que Ramos desde 2001 planificó y ejecutó actividades criminales con Vicente y Carlos Ca…
1444297332032516102, 285181160, 2021-10-02T13:44:52.000Z, RT @ConnieAlfonso5: Sala de Primera Instancia probó que Ramos desde 2001 planificó y ejecutó actividades criminales con Vicente y Carlos Ca…
1444318560889806853, 4280208682, 2021-10-02T15:09:13.000Z, RT @ConnieAlfonso5: Sala de Primera Instancia probó que Ramos desde 2001 planificó y ejecutó actividades criminales con Vicente y Carlos Ca…
1444356424050565120, 1032740228, 2021-10-02T17:39:40.000Z, RT @ConnieAlfonso5: Sala de Primera Instancia probó que Ramos desde 2001 planificó y ejecutó actividades criminales con Vicente y Carlos Ca…
1444491700932681734, 199138045, 2021-10-03T02:37:13.000Z, @AdamL08238175 @Wertayo1 @hpuchet @PonchoGutz Oiloo!!. 😅😅 O miserables y narcos, como los Salgado en Guerrero, y Alfredo Bedolla en Michoacan. O rateras como @LaydaSansores. Y que podemos decir se una delincuente comprobada en el gabinete federal @delfinagomeza, la cual sigue operando con la bendición del ruquito 😬🤔
1444618670219534347, 1031550728806887425, 2021-10-03T11:01:45.000Z, happy bf day kay lee do hyun, song kang, kyungsoo, kim min jae, jung hae in, kim seon ho, kento yamazaki, timothee chalamet, lucas jade zumann, louis partridge, captain wentworth, mr darcy, gilbert blythe, g. lucas alfonso, g. sebastian guerrero, g. alfredo salazar, and more
1444841892336660487, 2717527885, 2021-10-04T01:48:45.000Z, No demora la estrategia electoral de Morena rumbo a la elección de gobernador, la cual empieza a tomar forma de la mano de Martha Guerrero. Se trata de debilitar al tricolor a través de la crítica severa a Alfredo del Mazo.
1444886838607503360, 2437926199, 2021-10-04T04:47:21.000Z, RT @HectorAstudillo: Agradezco al Dr. José Alfredo Romero Olea, rector de la Universidad Autónoma de Guerrero; al maestro Armando Guzmán Za…
1445072251733356545, 302318271, 2021-10-04T17:04:07.000Z, @Enrique_Rojas1 Hay posibilidad de un MVP compartido tal como ocurrió en 1979 con el novato del año entre Alfredo Griffin y Castino, o en la serie mundial 81 con Pedro Guerrero, Ron Cey y Steve Yeager?
1445802159522516999, 1362850107851497475, 2021-10-06T17:24:31.000Z, La AMEREIAF A.C. felicita al Dr. José Alfredo Romero Olea, por su Toma de Protesta como Rector de la Universidad Autónoma de Guerrero, por el período 2021-2023.  #AMEREIAF https://t.co/r3ADoaJp58
1445841716590702593, 520000770, 2021-10-06T20:01:42.000Z, RT @E_Guerrero_R: @petrogustavo Yo creo que la reculada #reculada de  Alfredo Saade @ALFREDOSAADEV mas bien es una tiron de orejas de mas a…
1445913156316958724, 115442666, 2021-10-07T00:45:34.000Z, CHILPANCINGO. * 6 de octubre de 2021. ) Acapulco Press. El pleno de la LXIII Legislatura aprobó el acuerdo suscrito por el presidente de la Junta de Coordinación Política del Congreso de Guerrero, Alfredo Sánchez Esquivel , en el que se delinea la   https://t.co/i6UmI5qMxe https://t.co/xkivQSzcT2
1445931622902108161, 1440530942372683777, 2021-10-07T01:58:57.000Z, Download Install Online Free Now Scalp Price Action  Install Exprert Advisor Robot Size: 53,949 KB D0wnl0ad URL -&gt; https://t.co/F4gRR68Zdq - D0WNL0AD APPS Software Scalp Price Action by Marcos Alfredo Guerrero Chavez Last access: 35972 https://t.co/Lb2B6uicHv
1446060233244090371, 1070192994475638784, 2021-10-07T10:30:00.000Z, #Guerrero | Asistieron la diputada Ana Lenis Reséndiz Javier y los diputados Alfredo Sánchez Esquivel, Héctor Apreza Patrón, Raymundo García Gutiérrez y Manuel Quiñonez Cortés, integrantes de la Jucopo  https://t.co/RAndnHq9uN
1446113254669836313, 1116358273656086528, 2021-10-07T14:00:42.000Z, Exelente   José Alfredo Guerrero  https://t.co/gZxVlK055M
1446118491736530959, 397359196, 2021-10-07T14:21:30.000Z, RT @Eduardo34288406: Exelente   José Alfredo Guerrero  https://t.co/gZxVlK055M
1446133065030328331, 489581025, 2021-10-07T15:19:25.000Z, JOSÉ ALFREDO GUERRERO: El odio de los colectivistas a las AFP y las CCI | Acento https://t.co/xhf01BScvW a través de @acentodiario
1446192482941800452, 1433917505290924033, 2021-10-07T19:15:31.000Z, RT @Fundacion_UAGro: Fundación UAGro felicita al Dr. José Alfredo Romero Olea por su toma de protesta como Rector de la Universidad Autónom…
1446250564300460033, 2804094000, 2021-10-07T23:06:19.000Z, Trabajan arduamente en este tema para poder llevarlo ante el Pleno lo más pronto posible, aseguró el diputado Alfredo Sánchez Esquivel. https://t.co/T7ur6KFYOC @AlfredoSnchezE @congresogro
