id, author_id, created_at, text
647786027063635968, 61763816, 2015-09-26T14:53:18.000Z, @IBNincarcerated do I trade Vincent Jackson and john Stewart for moncreif and donta freeman?
647820464773984256, 17521936, 2015-09-26T17:10:09.000Z, I see you donta Jackson
648695672011669504, 614962906, 2015-09-29T03:07:55.000Z, Donta Jackson, 20 : #IHateTimWaterman
651519158140686336, 214782024, 2015-10-06T22:07:26.000Z, Kim Burrell singing I look to YOu"  Kire Senoj Dontá Morrison Gesento Gillespie Bobby Jaekeys Jackson Norman Lee... http://t.co/YTxWVQdEGT
