id, author_id, created_at, text
911052322385596417, 891370873927675905, 2017-09-22T02:19:34.000Z, RT @nacionaloficial: Minuto 61: Dos cambios en Nacional entran Jeison Lucumí y Ronaldo Lucena y salen Hadier Borja y Raúl Loaiza. #VamosNac…
911062629690544128, 396246048, 2017-09-22T03:00:32.000Z, RT @nacionaloficial: Minuto 61: Dos cambios en Nacional entran Jeison Lucumí y Ronaldo Lucena y salen Hadier Borja y Raúl Loaiza. #VamosNac…
911237879409594368, 1691309396, 2017-09-22T14:36:55.000Z, Raúl Espinosa de los Monteros 5529728694 San Borja 1062 int 402, esquina Pitágoras. Es mi amigatzo, si gustan ahí les dejo el dato. ❤️🙏🏼❤️ https://t.co/qTl71HKbAD
911238017066557441, 153402973, 2017-09-22T14:37:27.000Z, RT @nodigamosmas: Raúl Espinosa de los Monteros 5529728694 San Borja 1062 int 402, esquina Pitágoras. Es mi amigatzo, si gustan ahí les dej…
911238163737268224, 3050858235, 2017-09-22T14:38:02.000Z, RT @nodigamosmas: Raúl Espinosa de los Monteros 5529728694 San Borja 1062 int 402, esquina Pitágoras. Es mi amigatzo, si gustan ahí les dej…
911238442721382400, 1643296915, 2017-09-22T14:39:09.000Z, RT @nodigamosmas: Raúl Espinosa de los Monteros 5529728694 San Borja 1062 int 402, esquina Pitágoras. Es mi amigatzo, si gustan ahí les dej…
911238926769078275, 84579804, 2017-09-22T14:41:04.000Z, RT @nodigamosmas: Raúl Espinosa de los Monteros 5529728694 San Borja 1062 int 402, esquina Pitágoras. Es mi amigatzo, si gustan ahí les dej…
911238982134108162, 120344272, 2017-09-22T14:41:17.000Z, RT @nodigamosmas: Raúl Espinosa de los Monteros 5529728694 San Borja 1062 int 402, esquina Pitágoras. Es mi amigatzo, si gustan ahí les dej…
911239112929288192, 803701571267661824, 2017-09-22T14:41:49.000Z, RT @nodigamosmas: Raúl Espinosa de los Monteros 5529728694 San Borja 1062 int 402, esquina Pitágoras. Es mi amigatzo, si gustan ahí les dej…
911239943565070338, 491785490, 2017-09-22T14:45:07.000Z, RT @nodigamosmas: Raúl Espinosa de los Monteros 5529728694 San Borja 1062 int 402, esquina Pitágoras. Es mi amigatzo, si gustan ahí les dej…
911240004067786755, 102148998, 2017-09-22T14:45:21.000Z, RT @nodigamosmas: Raúl Espinosa de los Monteros 5529728694 San Borja 1062 int 402, esquina Pitágoras. Es mi amigatzo, si gustan ahí les dej…
911240497812910080, 568652188, 2017-09-22T14:47:19.000Z, RT @nodigamosmas: Raúl Espinosa de los Monteros 5529728694 San Borja 1062 int 402, esquina Pitágoras. Es mi amigatzo, si gustan ahí les dej…
911241730011385856, 246129628, 2017-09-22T14:52:13.000Z, RT @nodigamosmas: Raúl Espinosa de los Monteros 5529728694 San Borja 1062 int 402, esquina Pitágoras. Es mi amigatzo, si gustan ahí les dej…
911241951571308544, 570261009, 2017-09-22T14:53:05.000Z, RT @nodigamosmas: Raúl Espinosa de los Monteros 5529728694 San Borja 1062 int 402, esquina Pitágoras. Es mi amigatzo, si gustan ahí les dej…
911243731348619265, 483605418, 2017-09-22T15:00:10.000Z, RT @nodigamosmas: Raúl Espinosa de los Monteros 5529728694 San Borja 1062 int 402, esquina Pitágoras. Es mi amigatzo, si gustan ahí les dej…
911245934234886144, 2966876176, 2017-09-22T15:08:55.000Z, RT @nodigamosmas: Raúl Espinosa de los Monteros 5529728694 San Borja 1062 int 402, esquina Pitágoras. Es mi amigatzo, si gustan ahí les dej…
911247783075520513, 569564880, 2017-09-22T15:16:16.000Z, RT @nodigamosmas: Raúl Espinosa de los Monteros 5529728694 San Borja 1062 int 402, esquina Pitágoras. Es mi amigatzo, si gustan ahí les dej…
911247907008819200, 64250948, 2017-09-22T15:16:45.000Z, RT @nodigamosmas: Raúl Espinosa de los Monteros 5529728694 San Borja 1062 int 402, esquina Pitágoras. Es mi amigatzo, si gustan ahí les dej…
911249010316345344, 2883437176, 2017-09-22T15:21:08.000Z, RT @nodigamosmas: Raúl Espinosa de los Monteros 5529728694 San Borja 1062 int 402, esquina Pitágoras. Es mi amigatzo, si gustan ahí les dej…
911252663978938368, 3621237847, 2017-09-22T15:35:40.000Z, RT @nodigamosmas: Raúl Espinosa de los Monteros 5529728694 San Borja 1062 int 402, esquina Pitágoras. Es mi amigatzo, si gustan ahí les dej…
911282274498437121, 375447570, 2017-09-22T17:33:19.000Z, RT @nodigamosmas: Raúl Espinosa de los Monteros 5529728694 San Borja 1062 int 402, esquina Pitágoras. Es mi amigatzo, si gustan ahí les dej…
911287074346717186, 3011443697, 2017-09-22T17:52:24.000Z, RT @nodigamosmas: Raúl Espinosa de los Monteros 5529728694 San Borja 1062 int 402, esquina Pitágoras. Es mi amigatzo, si gustan ahí les dej…
911297144866435073, 1150019324, 2017-09-22T18:32:25.000Z, RT @nodigamosmas: Raúl Espinosa de los Monteros 5529728694 San Borja 1062 int 402, esquina Pitágoras. Es mi amigatzo, si gustan ahí les dej…
911604300383735809, 342645138, 2017-09-23T14:52:56.000Z, Once inicial: D.Castro, Romero, Sebas, Sacha, Raúl Toro, Edu González, Heredia, Lucas, Nunu, Borja y Mariano.
911616154019430400, 3313164627, 2017-09-23T15:40:02.000Z, https://t.co/SGYGSvVvrn
911752373609156608, 904053586564440065, 2017-09-24T00:41:20.000Z, RT @nacionaloficial: Minuto 61: Dos cambios en Nacional entran Jeison Lucumí y Ronaldo Lucena y salen Hadier Borja y Raúl Loaiza. #VamosNac…
911975518047801346, 20935756, 2017-09-24T15:28:01.000Z, Raul, Llasera, Borja, Adria, Julen, Makan, Bret, Luque, Monforte, Joan y Juan Carlos. Empieza el partido.
911977219739619328, 1579705290, 2017-09-24T15:34:47.000Z, Kappa Maki with Salmon Poke in gluten free Tamari sauce.  - Culinary marvels from the kitchen of Raul Borja, our in-house #Japanese Chef 😊 https://t.co/XY9c3U7WC4
911978020604448769, 733373122695532544, 2017-09-24T15:37:58.000Z, Kappa Maki with Salmon Poke in gluten free Tamari sauce.  - Culinary marvels from the kitchen of Raul Borja, our in… https://t.co/N4JtOiIY5r
912302047550230528, 397908694, 2017-09-25T13:05:32.000Z, ⚽ #Juvenil | Tres de tres per al juvenil i sense encaixar 🏆 Dragon Force 0 - Juvenil 5 🙌 Hat-trick d'@AlbertoOsoro i gols de Borja i Raúl.
912305712226848768, 2999860743, 2017-09-25T13:20:06.000Z, RT @OntinyentCF: ⚽ #Juvenil | Tres de tres per al juvenil i sense encaixar 🏆 Dragon Force 0 - Juvenil 5 🙌 Hat-trick d'@AlbertoOsoro i gols…
912446618946949120, 2670081674, 2017-09-25T22:40:01.000Z, @goleiroverde @clubemondoverde @Rafa_midiasep Legal, imperdivel,  ja imagino o Rafa elogiando o Deyverson e o Raul querendo o retorno do Barrios ou a entrada do Borja...
912450036650389505, 32722674, 2017-09-25T22:53:35.000Z, RT @Ivanph10: @goleiroverde @clubemondoverde @Rafa_midiasep Legal, imperdivel,  ja imagino o Rafa elogiando o Deyverson e o Raul querendo o…
912627298901331974, 703345356, 2017-09-26T10:37:58.000Z, @akaZerf Asi rapidillo y actual... Howard; Carvajal, Piqué, Ramos, Nacho; De Rossi, Crosas, Borja Valero, Raúl Garcia; Messi y Lacazette
912790004832841728, 151181834, 2017-09-26T21:24:30.000Z, Raúl Castillo, Nacho García y Borja Rubiato https://t.co/1b8iq8dZoM
913140461430296582, 298198038, 2017-09-27T20:37:05.000Z, @Consultor_BW @GuruBiwenger @DudasBiwenger Borja no puntua mal.. pero si que parece que raul vuelva a puntuar hasta final de liga
913174782195191809, 187488529, 2017-09-27T22:53:28.000Z, Hoy cumplen años Raúl, Trejo, Sicarivs, don Víctor, Francisco de Borja, el 7, Lope, Durán... y otros tantos. ¡Felicidades, @VctorClavijo! 🎉😘
913277952846176256, 1027485744, 2017-09-28T05:43:26.000Z, RT @AliciaMartin_S: Hoy cumplen años Raúl, Trejo, Sicarivs, don Víctor, Francisco de Borja, el 7, Lope, Durán... y otros tantos. ¡Felicidad…
913290947357810688, 142279951, 2017-09-28T06:35:04.000Z, RT @AliciaMartin_S: Hoy cumplen años Raúl, Trejo, Sicarivs, don Víctor, Francisco de Borja, el 7, Lope, Durán... y otros tantos. ¡Felicidad…
913293457124462592, 131794683, 2017-09-28T06:45:03.000Z, RT @AliciaMartin_S: Hoy cumplen años Raúl, Trejo, Sicarivs, don Víctor, Francisco de Borja, el 7, Lope, Durán... y otros tantos. ¡Felicidad…
913312146729074688, 243117140, 2017-09-28T07:59:18.000Z, RT @AliciaMartin_S: Hoy cumplen años Raúl, Trejo, Sicarivs, don Víctor, Francisco de Borja, el 7, Lope, Durán... y otros tantos. ¡Felicidad…
913339325173157888, 214049986, 2017-09-28T09:47:18.000Z, RT @AliciaMartin_S: Hoy cumplen años Raúl, Trejo, Sicarivs, don Víctor, Francisco de Borja, el 7, Lope, Durán... y otros tantos. ¡Felicidad…
913474277881581571, 44992826, 2017-09-28T18:43:34.000Z, @21galarraga46 Hola, Borja. Soy Raúl. Pásanos tu NIF, fijo y un móvil de contacto por privado, que lo revisemos. Un saludo.
913686849738113024, 840161380250591233, 2017-09-29T08:48:15.000Z, @JuanDy_4 @mediavida5 Metería a Borja por Raúl García
913787437217931265, 3028192155, 2017-09-29T15:27:57.000Z, @raulrojan raul como puedo conseguir la portada de borja para ps4 de fifa. El enlace esta caido
913800707802877952, 105739177, 2017-09-29T16:20:40.000Z, @futbol_fantasy Borja García supongo,  no Raúl
913902937033887744, 105114942, 2017-09-29T23:06:54.000Z, RT @AliciaMartin_S: Hoy cumplen años Raúl, Trejo, Sicarivs, don Víctor, Francisco de Borja, el 7, Lope, Durán... y otros tantos. ¡Felicidad…
914105489901752323, 763321530671443973, 2017-09-30T12:31:46.000Z, RT @TheOberoiGrand: Kappa Maki with Salmon Poke in gluten free Tamari sauce.  - Culinary marvels from the kitchen of Raul Borja, our in-hou…
914118228925992960, 264186991, 2017-09-30T13:22:23.000Z, El 11 de incio de @EM_ElOlivar:  Montaner Parra Sanchez Suarez Cardiel Sofi Borja Willy Jesus Benedet Raul
914119028226101249, 2374987914, 2017-09-30T13:25:34.000Z, RT @Penyadeportiva: El 11 de incio de @EM_ElOlivar:  Montaner Parra Sanchez Suarez Cardiel Sofi Borja Willy Jesus Benedet Raul
914119286024806400, 897883666755485696, 2017-09-30T13:26:35.000Z, RT @Penyadeportiva: El 11 de incio de @EM_ElOlivar:  Montaner Parra Sanchez Suarez Cardiel Sofi Borja Willy Jesus Benedet Raul
914124666167578624, 351532058, 2017-09-30T13:47:58.000Z, RT @Penyadeportiva: El 11 de incio de @EM_ElOlivar:  Montaner Parra Sanchez Suarez Cardiel Sofi Borja Willy Jesus Benedet Raul
914455854447054848, 365321779, 2017-10-01T11:44:00.000Z, 5 cambio entra  Raul y sale Borja minuto 86 https://t.co/fLdIcrePxD
914499149156044800, 20935756, 2017-10-01T14:36:02.000Z, @cdaltorricon   Raul Llasera Ander Bret Borja Adam Joan Monforte Adria Mackan Albert Hoy a 17hr en el Municial de Benabarre
914508718397632512, 274806743, 2017-10-01T15:14:03.000Z, #Fabril (4-2-3-1) Álex Cobo - Blas, Raúl González, One, Caballo – Edu Expósito, Carlos López – Borja Galán, Romay, Óscar – Uxío.
914509012787515392, 3366627399, 2017-10-01T15:15:14.000Z, RT @rcdlccom: #Fabril (4-2-3-1) Álex Cobo - Blas, Raúl González, One, Caballo – Edu Expósito, Carlos López – Borja Galán, Romay, Óscar – Ux…
914509601256722432, 284191279, 2017-10-01T15:17:34.000Z, RT @rcdlccom: #Fabril (4-2-3-1) Álex Cobo - Blas, Raúl González, One, Caballo – Edu Expósito, Carlos López – Borja Galán, Romay, Óscar – Ux…
914511097935400960, 2981214579, 2017-10-01T15:23:31.000Z, XI del Fabril:Álex Cobo.Blas,Raúl, One,,Caballo ,Edu Expósito, Carlos López  Borja Galán, Romay,,Pinchi,Uxío https://t.co/Huu4AClDrS
914512529275199489, 801393829194690560, 2017-10-01T15:29:12.000Z, Contra la @SDP_1922  jugarán de inicio:  Álex Cobo Blas Raúl González One D. Caballo Edu Óscar Pinchi Carlos López Uxío Romay  Borja Galán
914512647302807552, 695730011966480384, 2017-10-01T15:29:40.000Z, RT @DEPORSEMPRE1: XI del Fabril:Álex Cobo.Blas,Raúl, One,,Caballo ,Edu Expósito, Carlos López  Borja Galán, Romay,,Pinchi,Uxío https://t.co…
914513067878297603, 3645693082, 2017-10-01T15:31:20.000Z, RT @DEPORSEMPRE1: XI del Fabril:Álex Cobo.Blas,Raúl, One,,Caballo ,Edu Expósito, Carlos López  Borja Galán, Romay,,Pinchi,Uxío https://t.co…
914526572153057281, 872398678350336001, 2017-10-01T16:25:00.000Z, En Directo desde Hernán Cortés🎤 Comienza el Partido. Equipo Titular:Jorge-Fran-Chesco-Raúl-Coke-Alberto-Edgar-Josemi-Borja-Franciskito-Jaime https://t.co/Poeqsa75CY
914563056155480064, 292555511, 2017-10-01T18:49:59.000Z, RT @moralejacp: En Directo desde Hernán Cortés🎤 Comienza el Partido. Equipo Titular:Jorge-Fran-Chesco-Raúl-Coke-Alberto-Edgar-Josemi-Borja-…
914576168854151170, 403447468, 2017-10-01T19:42:05.000Z, Retweeted Borja Penalba (@BPenalba):  El Rey se esconde. El PSOE agoniza. La prensa miente. El PP ahostia a la... https://t.co/rlfYDg24p6
914702488661483520, 766404058437607424, 2017-10-02T04:04:02.000Z, @FoxGolMexico @ClubAmerica @TolucaFC @LIGABancomerMX Comento. Raul. Orvañanos. Y. Puente de ENRIQUE. Borja que le decían Pirulete.  El saco las Aventuras de Borjita. Pirulete era Reynoso.
914709456792854528, 150832830, 2017-10-02T04:31:43.000Z, Alguna vez fue Marcelino García Paniagua y en otra ocasión Raúl Borja Navarrete. El "poder" sabe como "utilizar" y "mover" sus piezas... https://t.co/nE4jkHABXm
914709929033736192, 378756812, 2017-10-02T04:33:36.000Z, RT @Faitelson_ESPN: Alguna vez fue Marcelino García Paniagua y en otra ocasión Raúl Borja Navarrete. El "poder" sabe como "utilizar" y "mov…
914709999003238400, 245073327, 2017-10-02T04:33:52.000Z, RT @Faitelson_ESPN: Alguna vez fue Marcelino García Paniagua y en otra ocasión Raúl Borja Navarrete. El "poder" sabe como "utilizar" y "mov…
914710157581537281, 573186137, 2017-10-02T04:34:30.000Z, RT @Faitelson_ESPN: Alguna vez fue Marcelino García Paniagua y en otra ocasión Raúl Borja Navarrete. El "poder" sabe como "utilizar" y "mov…
914710314201047041, 356370889, 2017-10-02T04:35:08.000Z, RT @Faitelson_ESPN: Alguna vez fue Marcelino García Paniagua y en otra ocasión Raúl Borja Navarrete. El "poder" sabe como "utilizar" y "mov…
914710539661643776, 98767274, 2017-10-02T04:36:01.000Z, RT @Faitelson_ESPN: Alguna vez fue Marcelino García Paniagua y en otra ocasión Raúl Borja Navarrete. El "poder" sabe como "utilizar" y "mov…
914710920911130624, 709779266, 2017-10-02T04:37:32.000Z, RT @Faitelson_ESPN: Alguna vez fue Marcelino García Paniagua y en otra ocasión Raúl Borja Navarrete. El "poder" sabe como "utilizar" y "mov…
914710992965292037, 882778514654728192, 2017-10-02T04:37:49.000Z, RT @Faitelson_ESPN: Alguna vez fue Marcelino García Paniagua y en otra ocasión Raúl Borja Navarrete. El "poder" sabe como "utilizar" y "mov…
914711753707200512, 202955619, 2017-10-02T04:40:51.000Z, RT @Faitelson_ESPN: Alguna vez fue Marcelino García Paniagua y en otra ocasión Raúl Borja Navarrete. El "poder" sabe como "utilizar" y "mov…
914714305265729536, 108372003, 2017-10-02T04:50:59.000Z, RT @Faitelson_ESPN: Alguna vez fue Marcelino García Paniagua y en otra ocasión Raúl Borja Navarrete. El "poder" sabe como "utilizar" y "mov…
914714336752488448, 3740977992, 2017-10-02T04:51:07.000Z, RT @Faitelson_ESPN: Alguna vez fue Marcelino García Paniagua y en otra ocasión Raúl Borja Navarrete. El "poder" sabe como "utilizar" y "mov…
914729416764252160, 730465643330293760, 2017-10-02T05:51:02.000Z, RT @Faitelson_ESPN: Alguna vez fue Marcelino García Paniagua y en otra ocasión Raúl Borja Navarrete. El "poder" sabe como "utilizar" y "mov…
914789078800982016, 827209008935211008, 2017-10-02T09:48:07.000Z, RT @Faitelson_ESPN: Alguna vez fue Marcelino García Paniagua y en otra ocasión Raúl Borja Navarrete. El "poder" sabe como "utilizar" y "mov…
914831057236537346, 1700065316, 2017-10-02T12:34:55.000Z, RT @Faitelson_ESPN: Alguna vez fue Marcelino García Paniagua y en otra ocasión Raúl Borja Navarrete. El "poder" sabe como "utilizar" y "mov…
914833357565030400, 117109012, 2017-10-02T12:44:03.000Z, RT @Faitelson_ESPN: Alguna vez fue Marcelino García Paniagua y en otra ocasión Raúl Borja Navarrete. El "poder" sabe como "utilizar" y "mov…
914904281676943361, 772409375461740544, 2017-10-02T17:25:53.000Z, RT @Faitelson_ESPN: Alguna vez fue Marcelino García Paniagua y en otra ocasión Raúl Borja Navarrete. El "poder" sabe como "utilizar" y "mov…
915165102592200705, 354756983, 2017-10-03T10:42:18.000Z, Hui tenim una cita en la presentació del llibre El lèxic tradicional de Joan Valls Jordà. Amb Joan Borja Sanz,... https://t.co/aDYphdvbYI
915352674614341633, 2948874323, 2017-10-03T23:07:38.000Z, @XRaul_LHDP *Le ves emocionado, salen todos y te doy en el culo* Borja y Raul, os toca
915933575945564160, 892530252475506688, 2017-10-05T13:35:56.000Z, @marca @SDEibar Garmendia, capa, Raúl Navas, Manuel, sarriegi; xabi alonso, Dani García, Solaun, Silva; Joseba Llorente, Borja Bastón
916134538849521665, 237432120, 2017-10-06T02:54:29.000Z, @goleiroverde Nova barberagem de Raul Casto Bianchi: "Rueda leva Borja e Guerra p/ São Paulo e eles jogam"! Rueda está no Cheirinho sr Raul!
916189193457602561, 1394738720, 2017-10-06T06:31:40.000Z, Gañou o Deportivo 7-0 ao Corinthians Gois de Oscar Pinchi, Raul Albentosa x2, Borja Valle x2, Edu Exposito e Luisinho #Amigable
916716735759298561, 456572499, 2017-10-07T17:27:56.000Z, A falta de 17 minutos (2). Inter 6-1 Gran Canaria. Raúl Canto bloquea un tiro de Borja. El Inter sigue intentándolo. #FútbolSalaconHA10
