id, author_id, created_at, text
746956658308321280, 434275626, 2016-06-26T06:41:59.000Z, Click here to support Dianey's Funeral Donation by Emily Santos https://t.co/6o242oTvvY
746957166326669316, 434275626, 2016-06-26T06:44:00.000Z, Click here to support Dianey's Funeral Donation by Emily Santos https://t.co/hbShQnguQQ
748560495842459648, 447804471, 2016-06-30T16:55:04.000Z, 'Innocent victim caught in gang crossfire' in Florence was mother to two girls, 9 and 15: Dianey Santos waite... https://t.co/2cwGJ32stj
748560498908532736, 441187574, 2016-06-30T16:55:05.000Z, 'Innocent victim caught in gang crossfire' in Florence was mother to two girls, 9 and 15: Dianey Santos waite... https://t.co/hgl9P0gBFi
748560500640739329, 733264453, 2016-06-30T16:55:05.000Z, 'Innocent victim caught in gang crossfire' in Florence was mother to two girls, 9 and 15: Dianey Santos waite... https://t.co/7K5QnsEQ35
