id, author_id, created_at, text
928302494849024000, 164992860, 2017-11-08T16:45:36.000Z, @cutenessAvie actualy hinde lang si A or louise ang pinapanood ko dyan yung story kasi talaga.. pag naumpisahan mo kasi ang hirap na bitawan and yung cast wow! caridad sanchez,jean garcia,agot isidro,raymond bagatsing.. and wynwyn marquez was there also diba?
928789162379104256, 845698332056043525, 2017-11-10T00:59:27.000Z, @Raymond Garcia 🎙 I am happy that you followed me. Removed you from my to-exterminate-list.
928981173002366977, 111362717, 2017-11-10T13:42:25.000Z, ESPD wishes the United States Marine Corps a Happy 242nd birthday today. Acting Captain Raymond Garcia and proud former USMC Drill Instructor, pulled out and donned his preserved campaign cover in honor of this special day.   #usmc #oorah #happybirthday #elsegundopd #gundostrong https://t.co/NWUeSYth4M
928982980479070208, 1529421373, 2017-11-10T13:49:36.000Z, RT @elsegundopd: ESPD wishes the United States Marine Corps a Happy 242nd birthday today. Acting Captain Raymond Garcia and proud former US…
929060881371054080, 913664130, 2017-11-10T18:59:09.000Z, Family identifies man shot outside dialysis center as Raymond Garcia, known to friends as “Camel.” WATCH @ABC7 11am. https://t.co/a8eFAqjJ8p https://t.co/iYkrjlzAP0
929149266009960448, 815131470, 2017-11-11T00:50:22.000Z, new report : Raymond Garcia https://t.co/b4BM0nXBgv via @GunDeaths #guncontrol
929208583203430400, 39409977, 2017-11-11T04:46:04.000Z, Walking the red carpet at @LeonardMaltin's Celebrity Tribute-- Andy Garcia and Raymond de Felitta. #CIFF17 https://t.co/O9ljqrVqWP
929208915069345792, 890978709905080320, 2017-11-11T04:47:23.000Z, RT @photogjenn: Walking the red carpet at @LeonardMaltin's Celebrity Tribute-- Andy Garcia and Raymond de Felitta. #CIFF17 https://t.co/O9l…
929526854368755717, 2731703780, 2017-11-12T01:50:46.000Z, RT @photogjenn: Walking the red carpet at @LeonardMaltin's Celebrity Tribute-- Andy Garcia and Raymond de Felitta. #CIFF17 https://t.co/O9l…
930210266360541184, 614962906, 2017-11-13T23:06:24.000Z, Raymond Garcia, 48 : #IHateTimWaterman
930492461927030785, 2562323742, 2017-11-14T17:47:45.000Z, Other Ferris Offensive Players to watch vs Celina WR- Ian Nunez @1anNunez  QB/RB- Riley Fagan @beasmode27  WR- Caleb Cox @CalebCo30255484  Xavier Garcia Raymond Gonzalez
930548299983179776, 153799919, 2017-11-14T21:29:38.000Z, @Raymond_Jacquet Et Oscar Garcia dégage, sans doute victime du grand Pep Genesio
930645011821137922, 3139710289, 2017-11-15T03:53:56.000Z, RT @derekraydj: Other Ferris Offensive Players to watch vs Celina WR- Ian Nunez @1anNunez  QB/RB- Riley Fagan @beasmode27  WR- Caleb Cox @C…
930883402571579393, 112738681, 2017-11-15T19:41:12.000Z, #Desolation Trailer | Raymond J. Barry, Dominik García-Lorido, Brock Kelly https://t.co/Wtm3v0bxYa
931005603123572736, 262657733, 2017-11-16T03:46:47.000Z, LOOK: PDP-Laban to gather 50T officials, supporters in tomorrow's mass oath taking in Cebu, says Councilor Raymond Garcia | via @jeandemecilloTF https://t.co/AJF6LLQmzy
931038194178519041, 904743352037294080, 2017-11-16T05:56:18.000Z, [Fifth match] Blue Eagle Leonell Garcia plays a careful round against NU's Raymond Caño, 4-8.  Ateneo 0 NU 4  #UAAPTaekwondo https://t.co/p224Zj5c6X
931038475683426304, 61192003, 2017-11-16T05:57:25.000Z, RT @Apa_TheGUIDON: [Fifth match] Blue Eagle Leonell Garcia plays a careful round against NU's Raymond Caño, 4-8.  Ateneo 0 NU 4  #UAAPTaekw…
931039860332179456, 3781889052, 2017-11-16T06:02:55.000Z, RT @Apa_TheGUIDON: [Fifth match] Blue Eagle Leonell Garcia plays a careful round against NU's Raymond Caño, 4-8.  Ateneo 0 NU 4  #UAAPTaekw…
931787989625311233, 778587817039372289, 2017-11-18T07:35:43.000Z, PFC GARCIA, RAYMOND JR, KILLED IN ACTION, SOUTH VIETNAM. (1967)
932004521374638081, 454494538, 2017-11-18T21:56:08.000Z, La Verdadera Bombonera y el sueño erotico de Gonzalo Nuñez , jajaja Lindo Raymond Garcia Carla Chevez Lavado... https://t.co/SvHHXHb590
932056825293393920, 3081644281, 2017-11-19T01:23:58.000Z, RT @thedailyfallen: PFC GARCIA, RAYMOND JR, KILLED IN ACTION, SOUTH VIETNAM. (1967)
932702893047795712, 273865822, 2017-11-20T20:11:13.000Z, Salle pleine à l’Utopia pour la projection de « Un peu après minuit », soutenu par la Région @NvelleAquitaine, en présence des réalisateurs Anne-Marie Puga et Jean-Raymond Garcia, du comédien Rémi Taffanel et du journaliste Jean-Pierre Dionnet. https://t.co/Z19tW0mS0z
932712179668840450, 907727844, 2017-11-20T20:48:07.000Z, Salle comble pour la première projection bordelaise de Un peu après minuit de Jean-Raymond Garcia et Anne-Marie Puga ! @UProduction3 @JRGarcia3366 https://t.co/XGGWIHayrP
932718656710238209, 198715254, 2017-11-20T21:13:51.000Z, Spectateurs attentifs à la projection de Un peu aprės minuit de Jean-Raymond Garcia et Anne-Marie Puga a l'Utopia, Bordeaux. https://t.co/zSCWtOIj4j
932787045038284800, 404763532, 2017-11-21T01:45:36.000Z, 67: MICHAEL PEÑA: LEONES POR CORDEROS. 68: ANDY GARCIA: LLUVIA NEGRA. 69: RICARDO MOLTALBAN: LA IRA DE KHAN. 70: RAYMOND CRUZ: LA ROCA. 71: ANTONIO BANDERAS: ASESINOS. 72: DANNY TREJO: FACINEROSO. 73: JOAQUIN DALMEIDA: FURIOSOS Y RAPIDOS 5. 74: JAMES EARL OLMOS: ALTA TENSION.
932881554522681344, 1327759321, 2017-11-21T08:01:09.000Z, RT @EclaAquitaine: Salle pleine à l’Utopia pour la projection de « Un peu après minuit », soutenu par la Région @NvelleAquitaine, en présen…
932892715825684480, 763414033986879490, 2017-11-21T08:45:30.000Z, RT @MaelstromNews: Salle comble pour la première projection bordelaise de Un peu après minuit de Jean-Raymond Garcia et Anne-Marie Puga ! @…
932892783916003328, 763414033986879490, 2017-11-21T08:45:46.000Z, RT @Pierre__Dasilva: Spectateurs attentifs à la projection de Un peu aprės minuit de Jean-Raymond Garcia et Anne-Marie Puga a l'Utopia, Bor…
932893089517187073, 763414033986879490, 2017-11-21T08:46:59.000Z, RT @EclaAquitaine: Salle pleine à l’Utopia pour la projection de « Un peu après minuit », soutenu par la Région @NvelleAquitaine, en présen…
932893519123046400, 786815718, 2017-11-21T08:48:41.000Z, RT @EclaAquitaine: Salle pleine à l’Utopia pour la projection de « Un peu après minuit », soutenu par la Région @NvelleAquitaine, en présen…
932965828978511873, 459339607, 2017-11-21T13:36:01.000Z, RT @Pierre__Dasilva: Spectateurs attentifs à la projection de Un peu aprės minuit de Jean-Raymond Garcia et Anne-Marie Puga a l'Utopia, Bor…
933038321596620800, 3377817021, 2017-11-21T18:24:05.000Z, To begin this offseason, we will be recapping each manager. To begin this series, we start with our defending champion Raymond Garcia  @rag231
