id, author_id, created_at, text
1082329409099612160, 1729777801, 2019-01-07T17:33:34.000Z, Brian Vicuña. Nadia Solis Rojas https://t.co/kmrvCTHMvi
1083549032595759105, 1729777801, 2019-01-11T02:19:55.000Z, Brian Vicuña. Teresa RT. Nadia Solis Rojas. ClAu Sol https://t.co/60rNlmY9xT
1083586665745170432, 4866375989, 2019-01-11T04:49:27.000Z, Nadia Solís  Whittier-Area Man Charged With Murder After Discovery of Girlfriend’s Remains in Parked Car: DA | KTLA https://t.co/rbhFcHUyvR
1083640607451447296, 4118667193, 2019-01-11T08:23:48.000Z, Varsity Girls Basketball Steilacoom @ Fife, game images and coupon codes here: https://t.co/QwSRkif42e  Carla Ortiz-Solis Janae James Nadia Herring @steillyschools1 @bigsteilly https://t.co/51nKaeKyfz
1084318828618792960, 1729777801, 2019-01-13T05:18:49.000Z, Mira mana!!! Nadia Solis Rojas https://t.co/wbCXOU6N62
