id, author_id, created_at, text
1075247204267380737, 436436041, 2018-12-19T04:31:25.000Z, Misa de preparación de Agrupación  de Esposas Cristianas en la diócesis de Izcalli, el día de hoy, celebrada por el padre Epifanio Moreno Lemus en la parroquia de San José. https://t.co/AU6osrHKAO
1075265074519031809, 3255971119, 2018-12-19T05:42:25.000Z, Brendita Hernandez Jose Adolfo Castillo Lemus entretenía ver éso https://t.co/efeDwOb7tZ
1075490570871558146, 1226134567, 2018-12-19T20:38:28.000Z, #TorneoDeCopa @CremasOficial B juega con:  Kevin Moscoso Jonathan Lozano Manuel Klug  Christian Ojeda José Milla Stheven Robles  José Lemus José Ruiz  Dagoberto Arriola Carlos Estrada Nelson García
1075491096153731090, 710243881409839104, 2018-12-19T20:40:33.000Z, RT @Deportes_PN: #TorneoDeCopa @CremasOficial B juega con:  Kevin Moscoso Jonathan Lozano Manuel Klug  Christian Ojeda José Milla Stheven R…
1075491109709721605, 822821957515309057, 2018-12-19T20:40:36.000Z, RT @Deportes_PN: #TorneoDeCopa @CremasOficial B juega con:  Kevin Moscoso Jonathan Lozano Manuel Klug  Christian Ojeda José Milla Stheven R…
1075752734714925057, 928361672623960064, 2018-12-20T14:00:13.000Z, RT @Deportes_PN: #TorneoDeCopa @CremasOficial B juega con:  Kevin Moscoso Jonathan Lozano Manuel Klug  Christian Ojeda José Milla Stheven R…
1075786000155230208, 373514723, 2018-12-20T16:12:24.000Z, Escritura Sagrada PESHITA traducida al español directamente del antiguo Arameo Galileo por el Dr. Jose Lemus Hernandez  Copy Right 1992.  Esta es la original Tercera Edición 9-1-2014... https://t.co/JMoQYojwSS
1075787081534922753, 373514723, 2018-12-20T16:16:42.000Z, Escritura Sagrada PESHITA traducida al español directamente del antiguo Arameo Galileo por el Dr. Jose Lemus Hernandez  Copy Right 1992.  Esta es la original Tercera Edición 9-1-2014... https://t.co/9hnq1E535M
1075909320980787200, 1419225242, 2018-12-21T00:22:26.000Z, Ay  Le Encargo Comadre conduce Guille corrales Lemus y Sarai Ortega. Invitados Jose Manuel Betancurt  y Axel Betancurt https://t.co/5IpEyRG88L
1075957461587251200, 910624670, 2018-12-21T03:33:43.000Z, @gransopi @baradit Se acuerdan de Alex Lemus Saavedra  12/11/2002 ( R.Lagos) José Huenante Huenante 3/9/2005(R. Lagos) Juan Collihuin Catril 28/8/2006 ( M. Bachelet) Matias Catrileo 3/1/2008 ( M. Bachelet) Facundo Mendoza Collio 12/8/2009 ( M. Bachelet) y estos solo casos involucrados carabineros.
1076364996110618624, 834437880, 2018-12-22T06:33:07.000Z, Ahí te hablan Jose Lino Lemus Alvarado https://t.co/dDB2XBY4kE
1076624222670258176, 382980240, 2018-12-22T23:43:12.000Z, ⚽🇸🇻El mundialista Jairo Henríquez, último en debutar en finales de 1a, salió campeón STC. Se suma a: Giovanni Zavaleta(STC, camp) Kevin Ayala(STC, camp 3vcs) Miguel Lemus(FAS) José Peña(FAS, ALI) Fito Menéndez(FAS) René Gómez(ÁGU) Con más finales: Ayala(4) Peña(2) @EDH_Deportes
1076625771874213888, 65290276, 2018-12-22T23:49:21.000Z, RT @VSkalanT: ⚽🇸🇻El mundialista Jairo Henríquez, último en debutar en finales de 1a, salió campeón STC. Se suma a: Giovanni Zavaleta(STC, c…
1076626893225496576, 2541922591, 2018-12-22T23:53:48.000Z, RT @VSkalanT: ⚽🇸🇻El mundialista Jairo Henríquez, último en debutar en finales de 1a, salió campeón STC. Se suma a: Giovanni Zavaleta(STC, c…
1076924567749304320, 114492198, 2018-12-23T19:36:39.000Z, Hahaha yo en la posada Abraham Torres Gerardo Alvarez Saldaña Gil Alvarez Saldaña María José Benjamin Peña Lemus An Maldonado Karen Aide https://t.co/7D1yjw3cN9
1077903326195400706, 270312949, 2018-12-26T12:25:54.000Z, Hoy el autor de "La guía de los guachinches parranderos 2018" José Sacramento estará en nuestra librería de Avda. Trinidad 59, imprescindible para los amantes de la buena comida y el buen vino ;), ¡no te quedes sin tu ejemplar dedicado! #guiaguachinchesparranderos #firmas #lemus https://t.co/aMeOO5Y0BQ
1077908061757542401, 1070649769566056448, 2018-12-26T12:44:43.000Z, @why5mentarios @KarenEs95078688 @DalasReview Porta es de los que va creando polémica y follón como lo hace Daniel José Santomé Lemus? Entonces por qué se las tomó con porta tb? Es curioso que este tipo sea un irreverente y siga aquí y Porta por caer en su trampa y cabrearse le cancelaron la cuenta de Tweeter.
1078129029092384769, 101971502, 2018-12-27T03:22:45.000Z, Presentación del libro El Falso Caso Wallace con los periodistas José Reveles, Guadalupe Lizárraga y Jesus Lemus. https://t.co/fG38JeU3wG
1078787681553993729, 1915801717, 2018-12-28T23:00:00.000Z, #OjaláFueraPorInocente  La municipalidad de San José La Arada, Chiquimula, compró 250 pilas de dos lavaderos, costaron Q169,500. Este es el primer período de su alcalde, José Adán Lemus. De nuestro archivo, por #JotaCe  https://t.co/WNFjw9HCdD https://t.co/0XJtufQ9MZ
1078795827374510080, 228378598, 2018-12-28T23:32:22.000Z, En CRÓNICA POLÍTICA conversaremos con el presidente municipal de la capital oaxaqueña, José Antonio Hernández Fraguas @JAHFraguas , a punto de concluir su mandato, y con el periodista Sócrates A. Campos  Lemus. En ESTÉREO UNO 106.1 FM de 6 a 9 pm. @MolinaRobertoMx  @May_Garcia_M
1078796131411185664, 228378598, 2018-12-28T23:33:35.000Z, En CRÓNICA POLÍTICA conversaremos con el presidente municipal de la capital oaxaqueña, José Antonio Hernández Fraguas @JAHFraguas , a punto de concluir su mandato, y con el periodista Sócrates A. Campos  Lemus. En ESTÉREO UNO 106.1 FM de 6 a 9 pm. @JCarlosMedranoM  @
1078796248717709314, 317995271, 2018-12-28T23:34:03.000Z, RT @rosyramales: En CRÓNICA POLÍTICA conversaremos con el presidente municipal de la capital oaxaqueña, José Antonio Hernández Fraguas @JAH…
1078796358100881408, 85341767, 2018-12-28T23:34:29.000Z, RT @rosyramales: En CRÓNICA POLÍTICA conversaremos con el presidente municipal de la capital oaxaqueña, José Antonio Hernández Fraguas @JAH…
1078796948658884613, 482567348, 2018-12-28T23:36:50.000Z, RT @rosyramales: En CRÓNICA POLÍTICA conversaremos con el presidente municipal de la capital oaxaqueña, José Antonio Hernández Fraguas @JAH…
1078798022744702976, 2729035918, 2018-12-28T23:41:06.000Z, RT @rosyramales: En CRÓNICA POLÍTICA conversaremos con el presidente municipal de la capital oaxaqueña, José Antonio Hernández Fraguas @JAH…
1078798483598000129, 45499811, 2018-12-28T23:42:56.000Z, RT @rosyramales: En CRÓNICA POLÍTICA conversaremos con el presidente municipal de la capital oaxaqueña, José Antonio Hernández Fraguas @JAH…
1078800319755231232, 294777679, 2018-12-28T23:50:14.000Z, RT @rosyramales: En CRÓNICA POLÍTICA conversaremos con el presidente municipal de la capital oaxaqueña, José Antonio Hernández Fraguas @JAH…
1078802094113603584, 3870921614, 2018-12-28T23:57:17.000Z, RT @rosyramales: En CRÓNICA POLÍTICA conversaremos con el presidente municipal de la capital oaxaqueña, José Antonio Hernández Fraguas @JAH…
1078802142914404357, 3870921614, 2018-12-28T23:57:28.000Z, RT @rosyramales: En CRÓNICA POLÍTICA conversaremos con el presidente municipal de la capital oaxaqueña, José Antonio Hernández Fraguas @JAH…
1078803358645927937, 15404670, 2018-12-29T00:02:18.000Z, RT @rosyramales: En CRÓNICA POLÍTICA conversaremos con el presidente municipal de la capital oaxaqueña, José Antonio Hernández Fraguas @JAH…
1078808547973087233, 759453852290600961, 2018-12-29T00:22:55.000Z, RT @rosyramales: En CRÓNICA POLÍTICA conversaremos con el presidente municipal de la capital oaxaqueña, José Antonio Hernández Fraguas @JAH…
1078808960591777792, 228378598, 2018-12-29T00:24:34.000Z, En CRÓNICA POLÍTICA conversamos con el presidente municipal de la capital oaxaqueña, José Antonio Hernández Fraguas @JAHFraguas , a punto de concluir su mandato, y con el periodista Sócrates A. Campos  Lemus. En ESTÉREO UNO 106.1 FM de 6 a 7 pm. https://t.co/ga11Biv9LY
1078809464910667777, 70835662, 2018-12-29T00:26:34.000Z, RT @rosyramales: En CRÓNICA POLÍTICA conversaremos con el presidente municipal de la capital oaxaqueña, José Antonio Hernández Fraguas @JAH…
1078809489724194816, 70835662, 2018-12-29T00:26:40.000Z, RT @rosyramales: En CRÓNICA POLÍTICA conversamos con el presidente municipal de la capital oaxaqueña, José Antonio Hernández Fraguas @JAHFr…
1078809645626454016, 85341767, 2018-12-29T00:27:17.000Z, RT @rosyramales: En CRÓNICA POLÍTICA conversamos con el presidente municipal de la capital oaxaqueña, José Antonio Hernández Fraguas @JAHFr…
1078809825306468352, 2294833484, 2018-12-29T00:28:00.000Z, RT @rosyramales: En CRÓNICA POLÍTICA conversaremos con el presidente municipal de la capital oaxaqueña, José Antonio Hernández Fraguas @JAH…
1078810539097239552, 514473774, 2018-12-29T00:30:50.000Z, RT @rosyramales: En CRÓNICA POLÍTICA conversamos con el presidente municipal de la capital oaxaqueña, José Antonio Hernández Fraguas @JAHFr…
1078811200266240000, 1080798090, 2018-12-29T00:33:28.000Z, RT @rosyramales: En CRÓNICA POLÍTICA conversamos con el presidente municipal de la capital oaxaqueña, José Antonio Hernández Fraguas @JAHFr…
1078814151529631746, 1028374921179815936, 2018-12-29T00:45:11.000Z, RT @rosyramales: En CRÓNICA POLÍTICA conversamos con el presidente municipal de la capital oaxaqueña, José Antonio Hernández Fraguas @JAHFr…
1078814285923463168, 168739961, 2018-12-29T00:45:43.000Z, RT @rosyramales: En CRÓNICA POLÍTICA conversaremos con el presidente municipal de la capital oaxaqueña, José Antonio Hernández Fraguas @JAH…
1078814864422907906, 357234981, 2018-12-29T00:48:01.000Z, RT @rosyramales: En CRÓNICA POLÍTICA conversamos con el presidente municipal de la capital oaxaqueña, José Antonio Hernández Fraguas @JAHFr…
1078817772073758720, 212026712, 2018-12-29T00:59:34.000Z, RT @rosyramales: En CRÓNICA POLÍTICA conversamos con el presidente municipal de la capital oaxaqueña, José Antonio Hernández Fraguas @JAHFr…
1078818162223722496, 738370416121511938, 2018-12-29T01:01:08.000Z, RT @rosyramales: En CRÓNICA POLÍTICA conversamos con el presidente municipal de la capital oaxaqueña, José Antonio Hernández Fraguas @JAHFr…
1078834697386541056, 150542901, 2018-12-29T02:06:50.000Z, RT @rosyramales: En CRÓNICA POLÍTICA conversaremos con el presidente municipal de la capital oaxaqueña, José Antonio Hernández Fraguas @JAH…
1078842275411701765, 126411689, 2018-12-29T02:36:57.000Z, RT @rosyramales: En CRÓNICA POLÍTICA conversamos con el presidente municipal de la capital oaxaqueña, José Antonio Hernández Fraguas @JAHFr…
1078845770277834752, 172067036, 2018-12-29T02:50:50.000Z, RT @rosyramales: En CRÓNICA POLÍTICA conversaremos con el presidente municipal de la capital oaxaqueña, José Antonio Hernández Fraguas @JAH…
1078857294551625728, 446501496, 2018-12-29T03:36:37.000Z, RT @rosyramales: En CRÓNICA POLÍTICA conversaremos con el presidente municipal de la capital oaxaqueña, José Antonio Hernández Fraguas @JAH…
1078891982989213701, 932180612, 2018-12-29T05:54:28.000Z, RT @rosyramales: En CRÓNICA POLÍTICA conversamos con el presidente municipal de la capital oaxaqueña, José Antonio Hernández Fraguas @JAHFr…
1078932507830046720, 997547456089870338, 2018-12-29T08:35:30.000Z, RT @rosyramales: En CRÓNICA POLÍTICA conversaremos con el presidente municipal de la capital oaxaqueña, José Antonio Hernández Fraguas @JAH…
1078940834928705536, 372368024, 2018-12-29T09:08:35.000Z, Fernando Lemus San jose la arada, chiquimula @ferxol12 https://t.co/5sqtBDBN2c
1078979093973032960, 736383585545015296, 2018-12-29T11:40:37.000Z, DalasReview queda sin casa y pide ayuda económica a sus seguidores (Vídeo): El #Youtuber Daniel José Santomé Lemus, o como popularmente se le conoce: «DalasReview» se ha quedado sin hogar por supuesta negligencia de ... https://t.co/p0Yxfee43X
1079022879147208704, 882396078422851585, 2018-12-29T14:34:36.000Z, RT @rosyramales: En CRÓNICA POLÍTICA conversaremos con el presidente municipal de la capital oaxaqueña, José Antonio Hernández Fraguas @JAH…
1079084241554681856, 88307779, 2018-12-29T18:38:26.000Z, @EnriqueAlfaroR #RT Se solicita sangre A+ para el Sr Jesús Lemus Contreras Hospital Real San José. Gracias !!! 🔴💉 #MiVidaCorrePorTusVenas https://t.co/CMZ6ybETMo
1079167644261990400, 48253075, 2018-12-30T00:09:51.000Z, RT @rosyramales: En CRÓNICA POLÍTICA conversaremos con el presidente municipal de la capital oaxaqueña, José Antonio Hernández Fraguas @JAH…
1079226411896971265, 807067885, 2018-12-30T04:03:22.000Z, RT @rosyramales: En CRÓNICA POLÍTICA conversaremos con el presidente municipal de la capital oaxaqueña, José Antonio Hernández Fraguas @JAH…
1079727786556825600, 3377958185, 2018-12-31T13:15:39.000Z, Que me sale Daniel José Santome Lemus en la TL por qué algunos seguidores míos le dan like, pues unfollow y pa casa cracks
1079849302040764416, 225552373, 2018-12-31T21:18:30.000Z, ¡Bienvenido 2019, desde Exquisitamente nuestros mejores deseos para todos! Foto exclusiva de Juan Monino para Exquisitamente, de nuestros co-fundadores Roberto Carlos Lemus y José Díaz Romero, tomada el... https://t.co/T4BFwhWhqE
1079849510212460544, 225552373, 2018-12-31T21:19:20.000Z, ¡Bienvenido 2019, desde Exquisitamente nuestros mejores deseos para todos! Foto exclusiva de Juan Monino para Exquisitamente, de nuestros co-fundadores Roberto Carlos Lemus y José Díaz Romero, tomada el miércoles... https://t.co/JgAfdJJ0LA
1080253364615761920, 1053060529189732352, 2019-01-02T00:04:06.000Z, RT @failedont: Policía: -Pasajero de nombre Daniel José Santomé Lemus, toque el botón de azafatas. Dalas: ¿Qué pasa? Policía: ¿Sabes lo que…
1080481269396447232, 492528519, 2019-01-02T15:09:43.000Z, RT @rosyramales: En CRÓNICA POLÍTICA conversamos con el presidente municipal de la capital oaxaqueña, José Antonio Hernández Fraguas @JAHFr…
1080602656148803586, 127680542, 2019-01-02T23:12:04.000Z, JUGADORES DEL ATLÁNTICO CONVOCADOS A LA SELECCIÓN COLOMBIA PARA SURAMERICANO SUB 20 :  Reynaldo Miguel Fontalvo Freile, Juan David Lemus Quintero,Luis Fernando Sandoval Oyola y José David Enamorado Gómez. Ausente : Juan Camilo "Cucho" Hernández  https://t.co/ASwhGZqFD3
1080877948838821889, 3511162214, 2019-01-03T17:25:59.000Z, Sentencia contra 4 personas involucradas en robo a una tienda  Responsables por el delito de robo agravado, Antonio Mejía Bolaños, María Elizabeth Fernández Arriola, Grecia Guadalupe Lemus Picazo y Juan José... https://t.co/VZCAobGjTn
1080951742148284416, 533593362, 2019-01-03T22:19:13.000Z, Pura artillería pesada, en 15 días empezamos * José M. Morita Cancino * @normaarzate  * Agustín Celorio Vela (@CMEPT_AC  * @SilvinoVergaraN  * @AbogadoRene  * @Kaye1Dionisio  * @arnulfosanchezm  * @cpvivar  * Alberto Gonzalez Lemus @IntelegisMX  * José Antonio Pérez Ramos @mrcimx https://t.co/z5wxytZOV6
1080957565528350725, 169023574, 2019-01-03T22:42:21.000Z, Gloria Lemus Soriano Jose Chernichero Alonso Luchi Soriano que lo pillo fijo cuando venga un Bebé jajajajajajajajajaj https://t.co/Z6Td24IO3a
