id, author_id, created_at, text
1562705001973051394, 193048365, 2022-08-25T07:34:40.000Z, RT @narcoguerramx: #SEBUSCA Juan Francisco Martínez Ramírez #Paquito77 importante operador del #GrupoScorpion del Cártel de #Matamoros en #…
1562829389036789760, 38402588, 2022-08-25T15:48:56.000Z, San Luis de la Paz (Guanajuato) MEX hoy en el Lienzo Juan Charro  toros de José Julián Llaguno para la Tradicional Corrida de Feria que lidiarán @EJCalita, Francisco Martínez y Juan @pedrollaguno @portaltaurino https://t.co/lYr9UxUqik
1562891114738159618, 1548400521098039298, 2022-08-25T19:54:13.000Z, RT @LopezCesar2504: 💥Presos liberados: por el Comando RLP : Tomás Borge Martínez, René Núñez Téllez, Javier Carrión, Marcio Jáenz, Iván Mon…
1562957067182571520, 165037556, 2022-08-26T00:16:17.000Z, @LaTri ... Fidel Martínez, Geovanny Ibarra, Juan Carlos Burbano, Gustavo Alfaro, Óscar Bagüí, Jaime Ayoví, Francisco Egas, Christian Mora, Néicer Reasco, 🤔, Máximo Banguera, Marlon Ayoví, Luis Saritama, Pedro Muñoz, Iván Kaviedes. Gracias por su atención. Un abrazo a todos.
1562957360146317315, 165037556, 2022-08-26T00:17:27.000Z, ... Fidel Martínez, Geovanny Ibarra, Juan Carlos Burbano, Gustavo Alfaro, Óscar Bagüí, Jaime Ayoví, Francisco Egas, Christian Mora, Néicer Reasco, 🤔, Máximo Banguera, Marlon Ayoví, Luis Saritama, Pedro Muñoz, Iván Kaviedes. Gracias por su atención. Un abrazo a todos. https://t.co/tlqMM8sF5N
1562966218105307137, 189277631, 2022-08-26T00:52:39.000Z, #Noticia 🇲🇽 Francisco Martinez a hombros en San Luis de la Paz. Se lidiaron toros bien presentados y de buen juego en su conjunto de José Julián Llaguno.    “El Calita”, palmas y ovación Francisco Martinez, 2 orejas y ovación   Juan Pedro Llaguno, oreja y ovación. https://t.co/dlbAOeHQMe
1562993864914350080, 885233569899196417, 2022-08-26T02:42:31.000Z, Corrida de Toros : San Luis de la Paz : Entrada : Tres cuartos de plaza. Toros : José Julián Llaguno : De justa presencia y buen juego. 📍Calita : Ovación y Ovación. 📍Francisco Martínez : Dos orejas y Ovación. 📍Juan Pedro Llaguno : Oreja y Ovación. 📷 Juancho Cervantes (NTR). https://t.co/GCq7WBNBg8
1563105432222461959, 38402588, 2022-08-26T10:05:50.000Z, San Luis de la Paz (Guanajuato) MEX Lienzo Charro "Juan Flores". Toros de José Julián @JJLlaguno para Ernesto Javier @EJCalita ovación/ovación, Francisco Martínez 2orejas/ovación y Juan @pedrollaguno oreja/ovación foto Juancho Cervantes @portaltaurino https://t.co/Wkath94DVY
1563281552515088385, 602146900, 2022-08-26T21:45:41.000Z, En el banco de suplentes de Villa Dálmine estarán Francisco Salerno, Gabriel Pusula, Ramiro Arias, Laureano Tello, Franco Costantino, Ezequiel D'Angelo, Nicolás González, Federico Martínez y Juan Pablo Zárate.
1563356052380614656, 1329871914660229123, 2022-08-27T02:41:43.000Z, RT @LopezCesar2504: 💥Presos liberados: por el Comando RLP : Tomás Borge Martínez, René Núñez Téllez, Javier Carrión, Marcio Jáenz, Iván Mon…
1563526992368087040, 827996557094039553, 2022-08-27T14:00:58.000Z, Fundada  en 1778. La provincia Duarte, en honor a Juan Pablo Duarte, municipio cabecera san Francisco de Macorís. Centro comercial de la Zona Norte. Actualmente no tiene Alcalde ni Senador. Nadie sabe quienes son. Hoy gran recorrido del próximo presidente Abel Martínez. https://t.co/9VQKFGlf48
1563532823520108544, 226637921, 2022-08-27T14:24:08.000Z, RT @CesarNicolsCas1: Fundada  en 1778. La provincia Duarte, en honor a Juan Pablo Duarte, municipio cabecera san Francisco de Macorís. Cent…
1563538815687737349, 176260866, 2022-08-27T14:47:57.000Z, El Santo Padre #Francisco ha creado a Mons. Adalberto Martínez Flores, Arzobispo de la Santísima Asunción en Paraguay, como #Cardenal de la Santa Iglesia Romana, con el Título de San Juan ante la Puerta Latina
1563538995723661313, 42762670, 2022-08-27T14:48:40.000Z, Su Eminencia, Mons. Adalberto Martínez, ya es Cardenal de la Iglesia Romana con el título de San Juan de Puerta Latina.  Oramos por él para que la Iglesia de Cristo en Paraguay se colme de bendiciones y que  nuestros gobernantes sigan al Santo Evangelio. Viva el Papa Francisco.
1563539396242026496, 148583633, 2022-08-27T14:50:15.000Z, RT @ProfMoriarty_Py: Su Eminencia, Mons. Adalberto Martínez, ya es Cardenal de la Iglesia Romana con el título de San Juan de Puerta Latina…
1563539921092063233, 1522288060964249602, 2022-08-27T14:52:21.000Z, RT @ProfMoriarty_Py: Su Eminencia, Mons. Adalberto Martínez, ya es Cardenal de la Iglesia Romana con el título de San Juan de Puerta Latina…
1563541063461400576, 984976831144255488, 2022-08-27T14:56:53.000Z, RT @ProfMoriarty_Py: Su Eminencia, Mons. Adalberto Martínez, ya es Cardenal de la Iglesia Romana con el título de San Juan de Puerta Latina…
1563541911469985792, 901161146035712001, 2022-08-27T15:00:15.000Z, RT @ProfMoriarty_Py: Su Eminencia, Mons. Adalberto Martínez, ya es Cardenal de la Iglesia Romana con el título de San Juan de Puerta Latina…
1563542399007473668, 558683394, 2022-08-27T15:02:11.000Z, RT @ProfMoriarty_Py: Su Eminencia, Mons. Adalberto Martínez, ya es Cardenal de la Iglesia Romana con el título de San Juan de Puerta Latina…
1563542408452644865, 1534014934568296448, 2022-08-27T15:02:14.000Z, RT @CesarNicolsCas1: Fundada  en 1778. La provincia Duarte, en honor a Juan Pablo Duarte, municipio cabecera san Francisco de Macorís. Cent…
1563546455238840321, 1227076737655345157, 2022-08-27T15:18:18.000Z, RT @ProfMoriarty_Py: Su Eminencia, Mons. Adalberto Martínez, ya es Cardenal de la Iglesia Romana con el título de San Juan de Puerta Latina…
1563551450080284672, 1491400263399260164, 2022-08-27T15:38:09.000Z, RT @ProfMoriarty_Py: Su Eminencia, Mons. Adalberto Martínez, ya es Cardenal de la Iglesia Romana con el título de San Juan de Puerta Latina…
1563554376311967745, 835927489222479872, 2022-08-27T15:49:47.000Z, RT @CesarNicolsCas1: Fundada  en 1778. La provincia Duarte, en honor a Juan Pablo Duarte, municipio cabecera san Francisco de Macorís. Cent…
1563554785034260480, 892182111230324736, 2022-08-27T15:51:24.000Z, RT @ProfMoriarty_Py: Su Eminencia, Mons. Adalberto Martínez, ya es Cardenal de la Iglesia Romana con el título de San Juan de Puerta Latina…
1563562710792433667, 769942694735085568, 2022-08-27T16:22:54.000Z, RT @ProfMoriarty_Py: Su Eminencia, Mons. Adalberto Martínez, ya es Cardenal de la Iglesia Romana con el título de San Juan de Puerta Latina…
1563562723794857984, 427626345, 2022-08-27T16:22:57.000Z, RT @ProfMoriarty_Py: Su Eminencia, Mons. Adalberto Martínez, ya es Cardenal de la Iglesia Romana con el título de San Juan de Puerta Latina…
1563565129803120643, 3493336457, 2022-08-27T16:32:31.000Z, RT @ProfMoriarty_Py: Su Eminencia, Mons. Adalberto Martínez, ya es Cardenal de la Iglesia Romana con el título de San Juan de Puerta Latina…
1563566050590875656, 403669766, 2022-08-27T16:36:10.000Z, RT @ProfMoriarty_Py: Su Eminencia, Mons. Adalberto Martínez, ya es Cardenal de la Iglesia Romana con el título de San Juan de Puerta Latina…
1563566169545936896, 3517822097, 2022-08-27T16:36:39.000Z, RT @ProfMoriarty_Py: Su Eminencia, Mons. Adalberto Martínez, ya es Cardenal de la Iglesia Romana con el título de San Juan de Puerta Latina…
1563571103049478146, 896820977455300608, 2022-08-27T16:56:15.000Z, RT @ProfMoriarty_Py: Su Eminencia, Mons. Adalberto Martínez, ya es Cardenal de la Iglesia Romana con el título de San Juan de Puerta Latina…
1563572731131482112, 1429457752477294592, 2022-08-27T17:02:43.000Z, Así formará @CSyDFlandria  1. Juan Lugarzo  2. Gino Barbieri 3. Francisco Martinez 4. Mariano Puch 5. Gaston Mansilla 6. Tomas Mantia 7. Benjamin Borasi 8. Franco Ortigosa  9. Brian Ferreyra 10. Joaquín Ibañez 11. AdriánTorres DT Felipe de la Riva   #PasionDeportiva
1563573122041008134, 1099393731864727554, 2022-08-27T17:04:16.000Z, RT @ProfMoriarty_Py: Su Eminencia, Mons. Adalberto Martínez, ya es Cardenal de la Iglesia Romana con el título de San Juan de Puerta Latina…
1563579694200414219, 243719541, 2022-08-27T17:30:23.000Z, RT @ProfMoriarty_Py: Su Eminencia, Mons. Adalberto Martínez, ya es Cardenal de la Iglesia Romana con el título de San Juan de Puerta Latina…
1563605022830538754, 4148248965, 2022-08-27T19:11:02.000Z, RT @ProfMoriarty_Py: Su Eminencia, Mons. Adalberto Martínez, ya es Cardenal de la Iglesia Romana con el título de San Juan de Puerta Latina…
1563659484794195969, 836698666857545729, 2022-08-27T22:47:27.000Z, The team of Shelly Martinez and Pentagón Jr. defeats The team of Ava Storie and Juan Francisco de Coronado via the Bank Statement in a Capture the Midget at Extreme Rules
1563664491283447809, 1018667447468068864, 2022-08-27T23:07:20.000Z, @JuanJoseRodRD @JLMendoza_ @jmena26 @kevcabral @tomasjcabrera @ARenLosDeportes @CarlosAlmanzarR Juan marichal en el 1969 con san Francisco EFE 2.1 Alejandro peña en el 1984 con los Dodgers EFE 2.48 Juan Guzmán en el 1996 con toronto EFE 2.93 Pedro Martinez en el 1997 con montreal EFE 1.9 Y 4 veces más con boston 1999, 2000, 2002, y 2003 #MLBporTeleAntillas
1563673063665053696, 1304890113240031236, 2022-08-27T23:41:24.000Z, @JuanJoseRodRD @JLMendoza_ @jmena26 @kevcabral @tomasjcabrera @ARenLosDeportes @CarlosAlmanzarR Juan guzman,1996 con 2.93 Pedro Martínez en 1999 con  2.07 y en el 2000 con 1.74,Pedro Martínez en el 2002 con 2.26 y el 2003 con 2.22,Juan Marichal con San Francisco con 2.10 en 1969, Alejandro peña con 2.48 , Pedro Martínez  con 1.90 @JuanJoseRodRD #Mlbporteleantillas
1563676617100390400, 196270544, 2022-08-27T23:55:31.000Z, RT @ProfMoriarty_Py: Su Eminencia, Mons. Adalberto Martínez, ya es Cardenal de la Iglesia Romana con el título de San Juan de Puerta Latina…
1563695782825496578, 1107110086651064320, 2022-08-28T01:11:41.000Z, RT @CesarNicolsCas1: Fundada  en 1778. La provincia Duarte, en honor a Juan Pablo Duarte, municipio cabecera san Francisco de Macorís. Cent…
1563698448238579714, 893551699, 2022-08-28T01:22:16.000Z, RT @CesarNicolsCas1: Fundada  en 1778. La provincia Duarte, en honor a Juan Pablo Duarte, municipio cabecera san Francisco de Macorís. Cent…
1563814645021872128, 1246540122, 2022-08-28T09:04:00.000Z, 👉🏻 Desde las #06AM @alcarajoradio 📢 información política, social y cultural de los pueblos de América del Sur, América Central y el Caribe con @PabloDanielOvin 🎙️ @Mabicita 🎙️ y Juan Francisco Martinez Peria 🎙️  📻 Escuchá en https://t.co/WNlsdQ7P2W https://t.co/Yt21Z8ZtBC
1563835783320145921, 3226996221, 2022-08-28T10:28:00.000Z, https://t.co/HDMid1ajdz  El único cardenal en la historia de la Iglesia Católica en PR es el fenecido Luis Aponte Martínez, Arzobispo Metropolitano de San Juan, a quien sustituyó el franciscano Roberto Octavio González Nieves.
1563931932458684416, 566898520, 2022-08-28T16:50:03.000Z, RT @ProfMoriarty_Py: Su Eminencia, Mons. Adalberto Martínez, ya es Cardenal de la Iglesia Romana con el título de San Juan de Puerta Latina…
1564060956992409601, 1222384860, 2022-08-29T01:22:45.000Z, RT @ProfMoriarty_Py: Su Eminencia, Mons. Adalberto Martínez, ya es Cardenal de la Iglesia Romana con el título de San Juan de Puerta Latina…
1564441107987054592, 4836811942, 2022-08-30T02:33:20.000Z, ATLÉTICO PALMIRA (1): Leandro Irrera, Maxi Sandoval, Enzo Barsotti, Joaquín Estrada (Andrés Arrébalos), Jesús Sandoval, Brian Funes, Juan Cuello, Agustín Sandoval, Cristian Mortes, Alejo Martínez (Manu Paredes) y Francisco Morales (Iván Casas). DT: Daniel Arias https://t.co/QPgNSvE48H
1564489416118239234, 277179412, 2022-08-30T05:45:18.000Z, @jotacmilan Chaves y Griñam son unos Santos Varones, por eso están condenados por un tribunal. Gaspar Zarrias,Magdalena Álvarez,José Antonio Viera,Carmen Martínez,Francisco Vallejo,Agustín Barberá,Jesús Rodríguez, Juan Márquez,Jacinto Cañete, se me acaba el espacio para tanto sapo.
1564761304702717953, 1514080573374930945, 2022-08-30T23:45:41.000Z, La propuesta fue hecha por los putrefactos diputados Carlos Calderón, Karla Martínez, Felipe Alejos Lorenzana y Juan Francisco Mérida. https://t.co/noPVEs4wFD via @lahoragt
1564765513573605377, 117156755, 2022-08-31T00:02:25.000Z, Gracias a Juan Francisco Martínez Ortiz por la entrevista con motivo del Foro Americano para el Desarrollo Sostenible.   La tecnología y su incorporación a la seguridad es la gran agenda transversal de los compromisos  Sigue 1/2  https://t.co/Cww0zxKmRo https://t.co/Cww0zxKmRo
1564766025408716806, 845112158891388929, 2022-08-31T00:04:27.000Z, RT @JPArellanoMX: Gracias a Juan Francisco Martínez Ortiz por la entrevista con motivo del Foro Americano para el Desarrollo Sostenible.…
1565045957418536960, 1444730506449461248, 2022-08-31T18:36:48.000Z, @JoaqunRiveraCh1 Don Juan de Borbón, Pedro Sainz Rodríguez, Gil Robles, Martínez de Velasco, Alfonso Xlll y sus hijos, Manuel Portela Valladares, Francisco Franco, Rico Avello…
1565046249287569412, 1205345400, 2022-08-31T18:37:57.000Z, A generous assumption is that the editors, Francisco Jose Roig &amp; Juan Francisco Martínez-Blanch, know very little English. A less generous assumption would be that they are ignoramuses. @FRANCIS43543601 So happy I resigned from @FrontiersIn.  https://t.co/OYIYT0tkke https://t.co/HpgEVfT1a4
1565121108285743104, 130315077, 2022-08-31T23:35:25.000Z, Los detenidos fueron identificados como Francisco Aurelio Santizo Guillén, de 72 años, Paulo Sales López, de 38 años, Carmelino Morales Díaz, de 65 años, Juan Alberto Mendoza Vásquez, de 26 años, José Librado Martínez Martínez, de 44 años, Guadalupe Daniel López López, de 62 años
1565124056315301889, 1117847434833661953, 2022-08-31T23:47:08.000Z, RT @PNCdeGuatemala: Los detenidos fueron identificados como Francisco Aurelio Santizo Guillén, de 72 años, Paulo Sales López, de 38 años, C…
1565377198558781441, 915058887077789697, 2022-09-01T16:33:02.000Z, 🔵  🟡  Juan Francisco Martínez, presidente de Transporte de Mueble Nuevo en FVET,  aboga por la transformación digital.   Uno de los grandes problemas que señala para este subsector son las zonas de bajas emisiones en las grandes capitales.  Somos #TransportistasEsenciales https://t.co/Wtit6dBoZe
1565426265242361860, 283694514, 2022-09-01T19:48:00.000Z, @324cat 1. Rafael Naranjo 2. Miguel Blesa 3. María José Alcón 4. Rita Barberá 5. Leopoldo Gómez 6. Isidro Cuberos 7. Francisco Yáñez 8. María del Mar Rodríguez Alonso 9. José Martínez Núñez 10. Francisco Sánchez Arranz 11. Álvaro Lapuerta 12. Antonio Pedreira 13. Juan Pérez Mora
1565436875711692800, 1201561204206034944, 2022-09-01T20:30:10.000Z, #DeDeportes Todo listo para que se desarrolle el partido entre San Miguel vs San Salvador, en el estadio Juan Francisco Barraza. Fotos: David Martínez/#DiarioElSalvador https://t.co/bMhv8CZhTp
1565442784789762048, 1314591475645243398, 2022-09-01T20:53:39.000Z, #DeDeportes | Se suspende el juego entre ⁦@SanMiguelFC11⁩ y ⁦@SanSalvador_FC⁩ por el mal estado de la cancha del estadio Juan Francisco Barraza   ⁦@liganacional_⁩ #LNF   Fotos David Martínez / #DiarioElSalvador https://t.co/NwyijHPrSj
1565443439709282304, 1314591475645243398, 2022-09-01T20:56:15.000Z, #DeDeportes | ⁦@HugoPerezDT⁩, técnico de la selección nacional de #ElSalvador, llegó al Juan Francisco Barraza para presenciar el choque entre ⁦@SanMiguelFC11⁩ y ⁦@SanSalvador_FC⁩, pero no podrá ver talentos porque no se jugará el partido   Foto David Martínez https://t.co/Na78ruasQb
1565461008474423303, 1342266480008732673, 2022-09-01T22:06:03.000Z, El estilo de vida de su equipo cercano cambio drásticamente al hacerse de contratos millonarios hoy FRANCISCO ESTRADA CORREA, LUCIANA MONTAÑO POMPOSO, CECILIA VELASCO AGUIRRE, JUAN MANUEL ESTRADA, OLIVIA ROJO MARTINEZ,  HILDA LOPEZ DEL AGUILA, son los Beverly San Jerónimo ricos https://t.co/OyhrVjeEzP
1565506090405593088, 1145531910602600451, 2022-09-02T01:05:12.000Z, RT @Malaria441: El estilo de vida de su equipo cercano cambio drásticamente al hacerse de contratos millonarios hoy FRANCISCO ESTRADA CORRE…
1565773907973529606, 1114258017430667264, 2022-09-02T18:49:24.000Z, RT @DeDeporte_ES: #DeDeportes | ⁦@HugoPerezDT⁩, técnico de la selección nacional de #ElSalvador, llegó al Juan Francisco Barraza para prese…
1565803173708701698, 1303854413824622592, 2022-09-02T20:45:42.000Z, RT @DeDeporte_ES: #DeDeportes | Se suspende el juego entre ⁦@SanMiguelFC11⁩ y ⁦@SanSalvador_FC⁩ por el mal estado de la cancha del estadio…
1565822119363203076, 35541975, 2022-09-02T22:00:59.000Z, ⚠️El ingeniero Juan Francisco Martínez Ávalos, @paquin2001, subsecretario de Protección Civil en el estado de Coahuila, @PCCoahuila, comentará sobre la situación que se vive en el municipio de Múzquiz por inundaciones que dejaron inéditas lluvias.
1565825678599196673, 21917507, 2022-09-02T22:15:08.000Z, RT @MVSNoticias: ⚠️El ingeniero Juan Francisco Martínez Ávalos, @paquin2001, subsecretario de Protección Civil en el estado de Coahuila, @P…
1565825953456177152, 1334880571273728005, 2022-09-02T22:16:13.000Z, RT @MVSNoticias: ⚠️El ingeniero Juan Francisco Martínez Ávalos, @paquin2001, subsecretario de Protección Civil en el estado de Coahuila, @P…
1565826277914730496, 304503701, 2022-09-02T22:17:30.000Z, RT @MVSNoticias: ⚠️El ingeniero Juan Francisco Martínez Ávalos, @paquin2001, subsecretario de Protección Civil en el estado de Coahuila, @P…
1566029986716389376, 613756907, 2022-09-03T11:46:58.000Z, @CB_ILICITANO : LLEGA JUAN GONZALEZ. SUBEN DESDE EL JUNIOR, BORJA GARCIA Y FRANCISCO MARTINEZ. https://t.co/EI5ChTSwer https://t.co/evMDBO2G8q
1566068334587781120, 198829810, 2022-09-03T14:19:21.000Z, 👤Mijaíl Gorbachov, el líder comunista que gastó 300.000 pesetas en Lanzarote  ➡El empresario Francisco Martínez rememora el crédito que dejó al mandatario a petición del rey Juan Carlos I https://t.co/JlEme5TMUF
1566351360081022977, 1246540122, 2022-09-04T09:04:00.000Z, 👉🏻 Desde las #06AM @alcarajoradio 📢 información política, social y cultural de los pueblos de América del Sur, América Central y el Caribe con @PabloDanielOvin 🎙️ @Mabicita 🎙️ y Juan Francisco Martinez Peria 🎙️  📻 Escuchá en https://t.co/WNlsdQ7P2W https://t.co/gQbxuJVSpJ
1566355466317332480, 842137249, 2022-09-04T09:20:19.000Z, RT @SmashTheEye: La persona q le dio CRISPR al mundo, es Francisco Juan Martínez Mojica. Acá nos cuenta como por 60 euros, cualquier lab si…
1566408225385324546, 1491342233664163841, 2022-09-04T12:49:58.000Z, RT @SmashTheEye: La persona q le dio CRISPR al mundo, es Francisco Juan Martínez Mojica. Acá nos cuenta como por 60 euros, cualquier lab si…
1566413450288324609, 1554203971560128514, 2022-09-04T13:10:43.000Z, Culpables: Francisco Javier Martínez Iparraguirre, Juan Carlos Iglesias Chouzas Arma: Bomba lapa Asesinado por: ETA https://t.co/9IKVTg8zVU
1566413923120648192, 128900690, 2022-09-04T13:12:36.000Z, El Papa Francisco beatifica a Juan Pablo I: «Vivió sin concesiones» https://t.co/wM0F7EEVOI a través de @abc_es Por Javier Martínez-Brocal
1566417302345711616, 1676866644, 2022-09-04T13:26:02.000Z, #PrimeraNacional CSyD Flandria (Jáuregui, Buenos Aires) alistará hoy a: Juan Lungarzo; Mariano Puch, Gino Barbieri, Tomás Mantia, Francisco Martínez; Franco Ortigosa, Gastón Mansilla, Joaquín Ibáñez, Enzo Trinidad; Benjamín Borasi y Brian Ferreyra. DT: Felipe De La Riva. https://t.co/ZWSHImACN2
1566484884134191104, 382905136, 2022-09-04T17:54:34.000Z, Feliz cumpleaños a Carmen Boullosa; aquí en la presentación de “La obra de Enrico Martínez”, 1994, en Casa Lamm, con Carla Rippey, Juan Pascoe, Francisco Segovia. https://t.co/C4MRoNtC1A
1566486184494338048, 602146900, 2022-09-04T17:59:44.000Z, Los once de Villa Dálmine para enfrentar a Agropecuario Argentino en Campana: Alan Sosa; Agustín Alberione, Facundo Gómez, Fernando Moreyra, Diego Martínez; Rafael Sangiovani, Laureano Tello, Nicolás Bertochi; Francisco Molina; Juan Pablo Zárate y Francisco Nouet. https://t.co/tY6meWi9ET
1566614745876254720, 135970508, 2022-09-05T02:30:36.000Z, RT @juanpascoe: Feliz cumpleaños a Carmen Boullosa; aquí en la presentación de “La obra de Enrico Martínez”, 1994, en Casa Lamm, con Carla…
1566853448280293377, 1494901476900188160, 2022-09-05T18:19:07.000Z, ¡Insólito!😀  El preparador físico de Motagua, Juan Bertani, subido en un muro perimetral donde presenció el partido entre 'Las Águilas' y Real Sociedad en el Francisco Martínez de Tocoa.  El argentino fue expulsado en duelo de la jornada 6 ante Olancho FC.  #FBNConecta #Bertani https://t.co/cNzoaLRbew
1567311614444969984, 2562663602, 2022-09-07T00:39:42.000Z, Coordinan  • Dr. Raúl Arriaga Ortiz (Coordinador del CEAGSE-ENAH) • Mtro. Juan Francisco Escobedo Martínez (Coordinador del CEAGSE/ENAH
1567587733219991552, 1437150845682999305, 2022-09-07T18:56:54.000Z, @MisterGafan Don Juan Francisco Martínez Modesto, Nino.
1567710281354067968, 965741472208351233, 2022-09-08T03:03:52.000Z, @ReginaDuevolte francisco de ajís  máximo goles serafín sandez juan bruno rayas ruben martinez villana
1567836469393235969, 139689286, 2022-09-08T11:25:17.000Z, 📸 El Ministro @subirats9 y el Rector de #Unileon Juan Francisco García Marín son recibidos por la Decana de la Facultad de Educación (Dña. MaLourdes Gutiérrez Provecho) y el Presidente de la Junta de Estudiantes (D. Álvaro Mejías Martínez)  @UniversidadGob @JEULe_Unileon https://t.co/BAkotlRcQu
1568197287444185088, 351504922, 2022-09-09T11:19:03.000Z, Los directores generales del ITREM, Juan Francisco Martínez, y de Deportes, Francisco Javier Sánchez, asisten a la presentación de la prueba del Circuito Nacional de Vóley Playa que se celebrará en la Playa de Entremares de La Manga del 9 al 11 de septiembre https://t.co/lW07VxZBNS
1568306347141382144, 730109116694204416, 2022-09-09T18:32:25.000Z, ↑ 176. ROCCO VALENTE “EL DESTRUCTOR”(FRANCISCO ARCE MARTINEZ)(FAISAN) 177. SUPER ASTRO “EL DADO DE ORO”(JUAN ZEZATTI RAMIREZ) 178. REY MISTERIO Jr./REY MYSTERIO “SUPER NINO”“FLYING FURY”“THE BIGGEST LITTLE MAN”“THE MASTER OF THE 619”“THE GIANT KILLER”(OSCAR GUTIERREZ RUBIO) ↓
1568306440775016449, 730109116694204416, 2022-09-09T18:32:47.000Z, RT @8Tmhr: ↑ 176. ROCCO VALENTE “EL DESTRUCTOR”(FRANCISCO ARCE MARTINEZ)(FAISAN) 177. SUPER ASTRO “EL DADO DE ORO”(JUAN ZEZATTI RAMIREZ) 17…
1568317833406476289, 488951611, 2022-09-09T19:18:04.000Z, #ConvocatoriaCongreso Abadía 8, en @Alcala_la_Real, 30/09-1/10/22. Homenaje a Francisco Juan Martínez Rojas. Temas: -La Abadía de Alcalá la Real y sus prelados (1341-1851) -Jurisdicciones eclesiásticas exentas en la Historia de la Iglesia. #CFP: https://t.co/5Emgvb7SGR https://t.co/OU2ovCY1VK
1568324014610808833, 234357561, 2022-09-09T19:42:37.000Z, RT @OPR_71: #ConvocatoriaCongreso Abadía 8, en @Alcala_la_Real, 30/09-1/10/22. Homenaje a Francisco Juan Martínez Rojas. Temas: -La Abadía…
1568364694787821568, 1470501050, 2022-09-09T22:24:16.000Z, *Vespertino -Salida Caseta Municipal (19:00)  -C/ Camino de Umbrete -C/ Juan Bautista Castaño de Huelva -C/ Poeta José Luis Núñez -Avda. Manuel García Gómez -C/ San Francisco Javier -C/ Concejal José Fernández Martínez. - Plaza del Paraguas. -C/ Juan Emilio Fernández Mora.
