id, author_id, created_at, text
1525280048567177219, 1314666494941302784, 2022-05-14T01:01:16.000Z, @tudimebeto Gracias por el muy acertado comentario lame huevos del América, no tomaste en cuenta al Sambueza, a Alfredo Tena, Eduardo Rergis por solo mencionar a ídolos tuyos
1525312643917135873, 880974333920915463, 2022-05-14T03:10:47.000Z, RT @JuanJoseZendej2: @tudimebeto Gracias por el muy acertado comentario lame huevos del América, no tomaste en cuenta al Sambueza, a Alfred…
1526994517651595264, 56267261, 2022-05-18T18:33:57.000Z, @realidadamerica @Agustin_Manzo @hkiese @PimpinoBahiano @rinconderufo @17TITULOSDELIGA @kirkudian333 Antonio De la Torre, René “Popeye” Trujillo, Eduardo Rergis, Paco Castrejón, Agustín Manzo, Hugo Enrique Kiese, Narciso Ramírez, Alfredo Tena, Cristóbal Ortega, Jesús “Palillo” Martínez y José de Jesús “El Güero” Aceves.
1530384283004698626, 295759781, 2022-05-28T03:03:40.000Z, Datos fut; jugadores hermanos que han Jugado en el fut mexicano:  Roberto y Gerardo Masciareli (atlas). Eduardo  y Néstor de la Torre ( chivas).Armando  Y Agustín Manzo ( América). Alfredo Y Luis Fernando Tena. Sergio y María Eugenia Rubio. Geovani y Jonathan Dosantos (América)
