id, author_id, created_at, text
1021580422558494720, 863225528261767168, 2018-07-24T02:18:47.000Z, His name was Frederick Renay Taft. He was my sister's best friend's uncle. Please find justice for him. https://t.co/wsgPkEqXbg
1021624710193442817, 487196001, 2018-07-24T05:14:46.000Z, RT @sonnyzier: His name was Frederick Renay Taft. He was my sister's best friend's uncle. Please find justice for him. https://t.co/wsgPkEq…
1021626866690662405, 4671253530, 2018-07-24T05:23:20.000Z, RT @sonnyzier: His name was Frederick Renay Taft. He was my sister's best friend's uncle. Please find justice for him. https://t.co/wsgPkEq…
1021632832505040896, 2373040398, 2018-07-24T05:47:02.000Z, RT @sonnyzier: His name was Frederick Renay Taft. He was my sister's best friend's uncle. Please find justice for him. https://t.co/wsgPkEq…
