id, author_id, created_at, text
611503599395467266, 32866238, 2015-06-18T11:59:53.000Z, Today 3:00 880AM Thebiz, Jack Miller down to business, Robert Weisbeen  Financial Planner will talk about proper financial planning
613336120093491201, 65661666, 2015-06-23T13:21:40.000Z, Jack Lowe Jr. to receive Robert S. Folsom Leadership Award from @mhshospitals Foundation 10/14 http://t.co/WVgRYvyn98 http://t.co/ZuLCVxLpnZ
613336120110280704, 63216241, 2015-06-23T13:21:40.000Z, Jack Lowe Jr. to receive Robert S. Folsom Leadership Award from @mhshospitals Foundation 10/14 http://t.co/b2QRLy11oW http://t.co/2r6cuKQs2N
613336120689078272, 65662278, 2015-06-23T13:21:41.000Z, Jack Lowe Jr. to receive Robert S. Folsom Leadership Award from @mhshospitals Foundation 10/14 http://t.co/NYX7zx2Rax http://t.co/McxrRstQ6P
613336147931066368, 65687241, 2015-06-23T13:21:47.000Z, Jack Lowe Jr. to receive Robert S. Folsom Leadership Award from @mhshospitals Foundation 10/14 http://t.co/tEsoLP4wdF http://t.co/lutaZbCyBg
613336147952074752, 65662803, 2015-06-23T13:21:47.000Z, Jack Lowe Jr. to receive Robert S. Folsom Leadership Award from @mhshospitals Foundation 10/14 http://t.co/n5IxyvSV2X http://t.co/hJ5DP5CNNT
613336147977203712, 2915869632, 2015-06-23T13:21:47.000Z, Jack Lowe Jr. to receive Robert S. Folsom Leadership Award from @mhshospitals Foundation 10/14 http://t.co/cyC7CfzlRx http://t.co/PSVcDvTqcS
613337588653408256, 1096233006, 2015-06-23T13:27:31.000Z, Jack Lowe Jr. to receive Robert S. Folsom Leadership Award from @mhshospitals Foundation 10/14 http://t.co/swLuJwGaVe http://t.co/TLWGS3oRB4
613408800641409024, 2870778488, 2015-06-23T18:10:29.000Z, Methodist Health System Foundation to honor Jack Lowe Jr. | @DMNbiz http://t.co/U4pNKAHlpY
