id, author_id, created_at, text
1424200873723396097, 1014026853353308161, 2021-08-08T02:48:43.000Z, Wilson Chandler, Adrian Smith, Brent Barry, Larry Kenon, Jim Barnett, Mahmoud Abdul-Rauf, Mehmet Okur, MIKE BANTOM, Larry Costello, Sam Mitchell, Drew Gooden, CEDRIC CEBALLOS, Dale Davis, Ken Norman, DeAndre Jordan, Jay Vincent, Darryl Dawkins, Jim McMillian, CLEM HASKINS (5/8)
1424427122286792704, 2881024677, 2021-08-08T17:47:45.000Z, DeAndre Davis nie zagrał z powodu lekkiego urazu. #plkpl https://t.co/Z8vP9t62jH
1424462798927630336, 2978334226, 2021-08-08T20:09:31.000Z, Deandre Ayton destroyed Anthony Davis 2-10 looks shockingly rusty.
1424497702067396609, 1648106761, 2021-08-08T22:28:12.000Z, @fantasycouch How would you feel about Dalvin Cook Mike Davis Damien Harris DeAndre Swift Jamaal Williams as your RB's? Full ppr
1424711593540132878, 3582901757, 2021-08-09T12:38:08.000Z, team with puss n boots, dakota thompson, Anthony davis, Damian Bates, and Deandre jordan
1424804748419555331, 3582901757, 2021-08-09T18:48:18.000Z, team with Goku, Deandre jordan, Anthony davis, Russell westbrook, and dan barnes
1424807694121111561, 105891984, 2021-08-09T19:00:00.000Z, Washington releases its 1st unofficial depth chart of camp:  * McLaurin, Samuel, Humphries listed as starting WRs * LG Schweitzer, RT Cosmi with 1s * Jamin Davis at MLB * Starting safeties: SS Landon Collins, FS Kam Curl * KR = Danny Johnson * PR = DeAndre Carter * Hemingway TE2
1424807732553658368, 1145447031122669569, 2021-08-09T19:00:09.000Z, RT @BenStandig: Washington releases its 1st unofficial depth chart of camp:  * McLaurin, Samuel, Humphries listed as starting WRs * LG Schw…
1424808036045033475, 236237883, 2021-08-09T19:01:22.000Z, RT @BenStandig: Washington releases its 1st unofficial depth chart of camp:  * McLaurin, Samuel, Humphries listed as starting WRs * LG Schw…
1424808223354331142, 1212880659200401408, 2021-08-09T19:02:06.000Z, RT @BenStandig: Washington releases its 1st unofficial depth chart of camp:  * McLaurin, Samuel, Humphries listed as starting WRs * LG Schw…
1424808266337603597, 144386424, 2021-08-09T19:02:17.000Z, RT @BenStandig: Washington releases its 1st unofficial depth chart of camp:  * McLaurin, Samuel, Humphries listed as starting WRs * LG Schw…
1424808366250119172, 887461125452902400, 2021-08-09T19:02:40.000Z, RT @BenStandig: Washington releases its 1st unofficial depth chart of camp:  * McLaurin, Samuel, Humphries listed as starting WRs * LG Schw…
1424808404271443968, 65490131, 2021-08-09T19:02:49.000Z, RT @BenStandig: Washington releases its 1st unofficial depth chart of camp:  * McLaurin, Samuel, Humphries listed as starting WRs * LG Schw…
1424808780848566277, 61851684, 2021-08-09T19:04:19.000Z, RT @BenStandig: Washington releases its 1st unofficial depth chart of camp:  * McLaurin, Samuel, Humphries listed as starting WRs * LG Schw…
1424809463064768514, 191077641, 2021-08-09T19:07:02.000Z, RT @BenStandig: Washington releases its 1st unofficial depth chart of camp:  * McLaurin, Samuel, Humphries listed as starting WRs * LG Schw…
1424809488159227905, 1366749939263537158, 2021-08-09T19:07:08.000Z, RT @BenStandig: Washington releases its 1st unofficial depth chart of camp:  * McLaurin, Samuel, Humphries listed as starting WRs * LG Schw…
1424810073717678093, 27955016, 2021-08-09T19:09:27.000Z, RT @BenStandig: Washington releases its 1st unofficial depth chart of camp:  * McLaurin, Samuel, Humphries listed as starting WRs * LG Schw…
1424810074653044744, 68516239, 2021-08-09T19:09:28.000Z, RT @BenStandig: Washington releases its 1st unofficial depth chart of camp:  * McLaurin, Samuel, Humphries listed as starting WRs * LG Schw…
1424810516606824452, 847871591128150018, 2021-08-09T19:11:13.000Z, RT @BenStandig: Washington releases its 1st unofficial depth chart of camp:  * McLaurin, Samuel, Humphries listed as starting WRs * LG Schw…
1424812221792727041, 167228296, 2021-08-09T19:18:00.000Z, RT @BenStandig: Washington releases its 1st unofficial depth chart of camp:  * McLaurin, Samuel, Humphries listed as starting WRs * LG Schw…
1424812616795500544, 1403558885487747073, 2021-08-09T19:19:34.000Z, RT @BenStandig: Washington releases its 1st unofficial depth chart of camp:  * McLaurin, Samuel, Humphries listed as starting WRs * LG Schw…
1424813817335361542, 107197165, 2021-08-09T19:24:20.000Z, RT @BenStandig: Washington releases its 1st unofficial depth chart of camp:  * McLaurin, Samuel, Humphries listed as starting WRs * LG Schw…
1424815239502221320, 260547585, 2021-08-09T19:29:59.000Z, RT @BenStandig: Washington releases its 1st unofficial depth chart of camp:  * McLaurin, Samuel, Humphries listed as starting WRs * LG Schw…
1424815685956419595, 1293600636743884800, 2021-08-09T19:31:45.000Z, RT @BenStandig: Washington releases its 1st unofficial depth chart of camp:  * McLaurin, Samuel, Humphries listed as starting WRs * LG Schw…
1424816077566062599, 276637168, 2021-08-09T19:33:19.000Z, RT @BenStandig: Washington releases its 1st unofficial depth chart of camp:  * McLaurin, Samuel, Humphries listed as starting WRs * LG Schw…
1424818088424312844, 287838109, 2021-08-09T19:41:18.000Z, RT @BenStandig: Washington releases its 1st unofficial depth chart of camp:  * McLaurin, Samuel, Humphries listed as starting WRs * LG Schw…
1424821645324267520, 1260244089951399936, 2021-08-09T19:55:26.000Z, RT @BenStandig: Washington releases its 1st unofficial depth chart of camp:  * McLaurin, Samuel, Humphries listed as starting WRs * LG Schw…
1424822176495116299, 1382788117497794561, 2021-08-09T19:57:33.000Z, RT @BenStandig: Washington releases its 1st unofficial depth chart of camp:  * McLaurin, Samuel, Humphries listed as starting WRs * LG Schw…
1424823199225757705, 229558485, 2021-08-09T20:01:37.000Z, RT @BenStandig: Washington releases its 1st unofficial depth chart of camp:  * McLaurin, Samuel, Humphries listed as starting WRs * LG Schw…
1424827822229663749, 1001898172111835136, 2021-08-09T20:19:59.000Z, Washington releases its 1st unofficial depth chart of camp:  - McLaurin, Samuel, Humphries listed as starting WRs - LG Schweitzer, RT Cosmi with 1s - Jamin Davis at MLB - Starting safeties: SS Landon Collins, FS Kam Curl - PR: DeAndre Carter - Hemingway: TE2  (Via @BenStandig) https://t.co/5J9mPUL6NV
1424849892594249748, 2334114516, 2021-08-09T21:47:41.000Z, RT @BenStandig: Washington releases its 1st unofficial depth chart of camp:  * McLaurin, Samuel, Humphries listed as starting WRs * LG Schw…
1425014795292532754, 1072642247554936832, 2021-08-10T08:42:57.000Z, RT @allproreels: Washington releases its 1st unofficial depth chart of camp:  - McLaurin, Samuel, Humphries listed as starting WRs - LG Sch…
1425143980044570625, 2288598873, 2021-08-10T17:16:17.000Z, All In Their Prime, 5V5, who won this lineup? Lakers:  PG: Russell Westbrook SG: LeBron James SF: Carmelo Anthony PF: Anthony Davis C: Dwight Howard  Nets: PG: Kylie Irving SG: James Harden SF: Kevin Durant PF: Blake Griffin C: DeAndre Jordan
1425177328087441412, 1145355717605568518, 2021-08-10T19:28:48.000Z, First Team  PG: Darius Garland SG: Jaylen Brown SF: Deandre Hunter PF: Jaren Jackson Jr.  C: Anthony Davis  #AllSlingyTeam
1425182824513015811, 975874231505510400, 2021-08-10T19:50:38.000Z, Keeper league   Mike Davis in the 12th   Deandre Swift in the 9th   Who you keeping?
1425212177938624513, 1425091796615540751, 2021-08-10T21:47:17.000Z, Donc là on peut avoir une final NBA entre les Lakers et les Nets :   Lakers :  -James -Davis -Westbrook  -Melo  -Howard  Nets :   -Kd  -Irving  -Harden  -Griffin  -DeAndre   C'est le all Stars game 2015 ou quoi ?
1425225945150013442, 814980274043940868, 2021-08-10T22:41:59.000Z, Players im excited to watch this pre season:  - QB Taylor Heinicke - WR Dyami Brown - RB Jaret Patterson - LB Jamin Davis - CB Benjamin St Juste - WR/PR Deandre Carter  I’m excited to watch the team in general, but very interested in these guys
1425226340316418048, 264361396, 2021-08-10T22:43:33.000Z, RT @wfteamjordan: Players im excited to watch this pre season:  - QB Taylor Heinicke - WR Dyami Brown - RB Jaret Patterson - LB Jamin Davis…
1425226391071727616, 229558485, 2021-08-10T22:43:45.000Z, RT @wfteamjordan: Players im excited to watch this pre season:  - QB Taylor Heinicke - WR Dyami Brown - RB Jaret Patterson - LB Jamin Davis…
1425228056545857549, 27087859, 2021-08-10T22:50:22.000Z, RT @wfteamjordan: Players im excited to watch this pre season:  - QB Taylor Heinicke - WR Dyami Brown - RB Jaret Patterson - LB Jamin Davis…
1425229844871217153, 410466825, 2021-08-10T22:57:29.000Z, RT @wfteamjordan: Players im excited to watch this pre season:  - QB Taylor Heinicke - WR Dyami Brown - RB Jaret Patterson - LB Jamin Davis…
1425231004839596039, 394665227, 2021-08-10T23:02:05.000Z, RT @wfteamjordan: Players im excited to watch this pre season:  - QB Taylor Heinicke - WR Dyami Brown - RB Jaret Patterson - LB Jamin Davis…
1425231516041363456, 3158099368, 2021-08-10T23:04:07.000Z, RT @wfteamjordan: Players im excited to watch this pre season:  - QB Taylor Heinicke - WR Dyami Brown - RB Jaret Patterson - LB Jamin Davis…
1425232104426811393, 1287287581, 2021-08-10T23:06:27.000Z, RT @wfteamjordan: Players im excited to watch this pre season:  - QB Taylor Heinicke - WR Dyami Brown - RB Jaret Patterson - LB Jamin Davis…
1425233076339281921, 2216174972, 2021-08-10T23:10:19.000Z, RT @wfteamjordan: Players im excited to watch this pre season:  - QB Taylor Heinicke - WR Dyami Brown - RB Jaret Patterson - LB Jamin Davis…
1425237058977734658, 3184645031, 2021-08-10T23:26:09.000Z, RT @wfteamjordan: Players im excited to watch this pre season:  - QB Taylor Heinicke - WR Dyami Brown - RB Jaret Patterson - LB Jamin Davis…
1425237856331649025, 3384612313, 2021-08-10T23:29:19.000Z, RT @wfteamjordan: Players im excited to watch this pre season:  - QB Taylor Heinicke - WR Dyami Brown - RB Jaret Patterson - LB Jamin Davis…
1425244744662274051, 949121116823572480, 2021-08-10T23:56:41.000Z, RT @wfteamjordan: Players im excited to watch this pre season:  - QB Taylor Heinicke - WR Dyami Brown - RB Jaret Patterson - LB Jamin Davis…
1425244953425416194, 42121555, 2021-08-10T23:57:31.000Z, RT @wfteamjordan: Players im excited to watch this pre season:  - QB Taylor Heinicke - WR Dyami Brown - RB Jaret Patterson - LB Jamin Davis…
1425247719694737410, 225108025, 2021-08-11T00:08:30.000Z, RT @wfteamjordan: Players im excited to watch this pre season:  - QB Taylor Heinicke - WR Dyami Brown - RB Jaret Patterson - LB Jamin Davis…
1425254104549494790, 1500080473, 2021-08-11T00:33:53.000Z, RT @wfteamjordan: Players im excited to watch this pre season:  - QB Taylor Heinicke - WR Dyami Brown - RB Jaret Patterson - LB Jamin Davis…
1425255050352472069, 243404986, 2021-08-11T00:37:38.000Z, RT @wfteamjordan: Players im excited to watch this pre season:  - QB Taylor Heinicke - WR Dyami Brown - RB Jaret Patterson - LB Jamin Davis…
1425261116595310595, 1297727285433438209, 2021-08-11T01:01:44.000Z, RT @wfteamjordan: Players im excited to watch this pre season:  - QB Taylor Heinicke - WR Dyami Brown - RB Jaret Patterson - LB Jamin Davis…
1425262318028533763, 66228053, 2021-08-11T01:06:31.000Z, RT @wfteamjordan: Players im excited to watch this pre season:  - QB Taylor Heinicke - WR Dyami Brown - RB Jaret Patterson - LB Jamin Davis…
1425264662258589701, 455487288, 2021-08-11T01:15:50.000Z, RT @wfteamjordan: Players im excited to watch this pre season:  - QB Taylor Heinicke - WR Dyami Brown - RB Jaret Patterson - LB Jamin Davis…
1425266184681836549, 141648982, 2021-08-11T01:21:53.000Z, RT @wfteamjordan: Players im excited to watch this pre season:  - QB Taylor Heinicke - WR Dyami Brown - RB Jaret Patterson - LB Jamin Davis…
1425268561090600963, 99373782, 2021-08-11T01:31:19.000Z, RT @wfteamjordan: Players im excited to watch this pre season:  - QB Taylor Heinicke - WR Dyami Brown - RB Jaret Patterson - LB Jamin Davis…
1425307140227584005, 2367644471, 2021-08-11T04:04:37.000Z, RT @wfteamjordan: Players im excited to watch this pre season:  - QB Taylor Heinicke - WR Dyami Brown - RB Jaret Patterson - LB Jamin Davis…
1425330968878014464, 710351611013554176, 2021-08-11T05:39:19.000Z, RT @BenStandig: Washington releases its 1st unofficial depth chart of camp:  * McLaurin, Samuel, Humphries listed as starting WRs * LG Schw…
1425416381974122501, 59165688, 2021-08-11T11:18:43.000Z, RT @wfteamjordan: Players im excited to watch this pre season:  - QB Taylor Heinicke - WR Dyami Brown - RB Jaret Patterson - LB Jamin Davis…
1425428518956146689, 1557382484, 2021-08-11T12:06:56.000Z, RT @wfteamjordan: Players im excited to watch this pre season:  - QB Taylor Heinicke - WR Dyami Brown - RB Jaret Patterson - LB Jamin Davis…
1425443264346435584, 404134182, 2021-08-11T13:05:32.000Z, RT @wfteamjordan: Players im excited to watch this pre season:  - QB Taylor Heinicke - WR Dyami Brown - RB Jaret Patterson - LB Jamin Davis…
1425448409444532232, 1108324766899949569, 2021-08-11T13:25:59.000Z, RT @wfteamjordan: Players im excited to watch this pre season:  - QB Taylor Heinicke - WR Dyami Brown - RB Jaret Patterson - LB Jamin Davis…
1425471630927704070, 3582901757, 2021-08-11T14:58:15.000Z, team with Damian Bates, Anthony davis, Vegeta, Deandre jordan, and Trey ebert
1425488496077193220, 43192090, 2021-08-11T16:05:16.000Z, Most games w/100+ receiving yards in 2020:  8: Calvin Ridley 7: Davante Adams, Stefon Diggs, DeAndre Hopkins, Justin Jefferson 6: Travis Kelce 5: Will Fuller, DK Metcalf, Darren Waller, Corey Davis, Cole Beasley  A Beasley tweet disguised as Waller tweet disguised as Fuller tweet
1425489516794507268, 3063892076, 2021-08-11T16:09:19.000Z, RT @Ihartitz: Most games w/100+ receiving yards in 2020:  8: Calvin Ridley 7: Davante Adams, Stefon Diggs, DeAndre Hopkins, Justin Jefferso…
1425489694712811525, 710351611013554176, 2021-08-11T16:10:02.000Z, RT @wfteamjordan: Players im excited to watch this pre season:  - QB Taylor Heinicke - WR Dyami Brown - RB Jaret Patterson - LB Jamin Davis…
1425492540032098307, 1068738697565155329, 2021-08-11T16:21:20.000Z, RT @Ihartitz: Most games w/100+ receiving yards in 2020:  8: Calvin Ridley 7: Davante Adams, Stefon Diggs, DeAndre Hopkins, Justin Jefferso…
1425493271636230150, 1029956029411459072, 2021-08-11T16:24:14.000Z, RT @wfteamjordan: Players im excited to watch this pre season:  - QB Taylor Heinicke - WR Dyami Brown - RB Jaret Patterson - LB Jamin Davis…
1425499366954053633, 980831913370939393, 2021-08-11T16:48:28.000Z, RT @Ihartitz: Most games w/100+ receiving yards in 2020:  8: Calvin Ridley 7: Davante Adams, Stefon Diggs, DeAndre Hopkins, Justin Jefferso…
1425501196811386882, 3347506121, 2021-08-11T16:55:44.000Z, RT @Ihartitz: Most games w/100+ receiving yards in 2020:  8: Calvin Ridley 7: Davante Adams, Stefon Diggs, DeAndre Hopkins, Justin Jefferso…
1425501219259392006, 766484535219458048, 2021-08-11T16:55:49.000Z, RT @wfteamjordan: Players im excited to watch this pre season:  - QB Taylor Heinicke - WR Dyami Brown - RB Jaret Patterson - LB Jamin Davis…
1425505790769631232, 1010053616, 2021-08-11T17:13:59.000Z, RT @Ihartitz: Most games w/100+ receiving yards in 2020:  8: Calvin Ridley 7: Davante Adams, Stefon Diggs, DeAndre Hopkins, Justin Jefferso…
1425509150088433668, 1313816851189772293, 2021-08-11T17:27:20.000Z, RT @Ihartitz: Most games w/100+ receiving yards in 2020:  8: Calvin Ridley 7: Davante Adams, Stefon Diggs, DeAndre Hopkins, Justin Jefferso…
1425516055984812038, 61931995, 2021-08-11T17:54:47.000Z, RT @wfteamjordan: Players im excited to watch this pre season:  - QB Taylor Heinicke - WR Dyami Brown - RB Jaret Patterson - LB Jamin Davis…
1425528455043719174, 1400051926151139330, 2021-08-11T18:44:03.000Z, RT @Ihartitz: Most games w/100+ receiving yards in 2020:  8: Calvin Ridley 7: Davante Adams, Stefon Diggs, DeAndre Hopkins, Justin Jefferso…
1425553109963743232, 488744888, 2021-08-11T20:22:01.000Z, RT @Ihartitz: Most games w/100+ receiving yards in 2020:  8: Calvin Ridley 7: Davante Adams, Stefon Diggs, DeAndre Hopkins, Justin Jefferso…
1425649743519223815, 3078519118, 2021-08-12T02:46:00.000Z, RT @Ihartitz: Most games w/100+ receiving yards in 2020:  8: Calvin Ridley 7: Davante Adams, Stefon Diggs, DeAndre Hopkins, Justin Jefferso…
1425657522271051777, 2280211717, 2021-08-12T03:16:55.000Z, RT @Ihartitz: Most games w/100+ receiving yards in 2020:  8: Calvin Ridley 7: Davante Adams, Stefon Diggs, DeAndre Hopkins, Justin Jefferso…
1425668746400632836, 879005789372940289, 2021-08-12T04:01:31.000Z, RT @Ihartitz: Most games w/100+ receiving yards in 2020:  8: Calvin Ridley 7: Davante Adams, Stefon Diggs, DeAndre Hopkins, Justin Jefferso…
1425678150814642177, 1412415088292683779, 2021-08-12T04:38:53.000Z, RT @Ihartitz: Most games w/100+ receiving yards in 2020:  8: Calvin Ridley 7: Davante Adams, Stefon Diggs, DeAndre Hopkins, Justin Jefferso…
1425708622663802880, 3374764073, 2021-08-12T06:39:58.000Z, RT @Ihartitz: Most games w/100+ receiving yards in 2020:  8: Calvin Ridley 7: Davante Adams, Stefon Diggs, DeAndre Hopkins, Justin Jefferso…
1425757805571543042, 1976524592, 2021-08-12T09:55:24.000Z, RT @Ihartitz: Most games w/100+ receiving yards in 2020:  8: Calvin Ridley 7: Davante Adams, Stefon Diggs, DeAndre Hopkins, Justin Jefferso…
1425927792043175939, 993660903357931520, 2021-08-12T21:10:52.000Z, @Giants @oakley @saquon Oline has Giant cavities that  have not been filled. Remember DeAndre Baker chosen over Dalten Risner despite, warnings ⚠️ around the league  on Baker at senior bowl. This past draft Dave passed on Trey Smith and Wyatt Davis for Ellerson Smith . Really?
1425975408906878981, 4888287942, 2021-08-13T00:20:05.000Z, @EddieUnterfeId @couchgoate @LakersLead @AntDavis23 @Lakers Basketball God's punished Rob Pelinka's for choosing 6'7 Montrez Harrell who had just gotten embarrassed as a post defender by Nikola Jokic. Anthony Davis injured and Montrez unplayable against 7'0 DeAndre Ayton = KARMA is a "B."
1426179101329694728, 1247162022, 2021-08-13T13:49:29.000Z, RT @Ihartitz: Most games w/100+ receiving yards in 2020:  8: Calvin Ridley 7: Davante Adams, Stefon Diggs, DeAndre Hopkins, Justin Jefferso…
1426205788134154242, 204892208, 2021-08-13T15:35:32.000Z, #DiaDelZurdo   Harden Fox Domantas Oubre Zion C.Payne Conley Ingles Wiseman Claxton Barrett Randle Brunson Bazemore Hood Bagley Coffey D.Russell N.knight Bazley Thaddeus Miles Bridges DeAndre Es Davis Tyler Johnson
1426218265395748868, 1313242035214790664, 2021-08-13T16:25:06.000Z, Durant score moins, mais mieux que James Harden  Davis et Giannis prennent de meilleurs rebonds et les utilisent mieux que Deandre Jordan  Lebron et Chris Paul font moins de passe mais de bien meilleurs que Westbrook  Kawhi intercepte moins que CP3 mais ne gamble jamais ➡️ DPOY
1426284132150226949, 60233945, 2021-08-13T20:46:50.000Z, @hopefulknick PG: Stephen Curry  SG: Klay Thompson SF: LeBron James PF: Anthony Davis C: Deandre Ayton
1426407803401474054, 3582901757, 2021-08-14T04:58:16.000Z, team with damian lillard, Anthony davis, Tim duncan, Deandre jordan, and dwyane wade
1426437328189415425, 1317581005105074177, 2021-08-14T06:55:35.000Z, PG: Luka Doncic  SG: Devin Booker SF: Lebron James PF: Anthony Davis C: Deandre Ayton https://t.co/2QLx5GKayD
1426453083660374017, 3582901757, 2021-08-14T07:58:12.000Z, team with Paul george, Anthony davis, Deandre jordan, Russell westbrook, and batman
1426507955621486593, 926838699555303425, 2021-08-14T11:36:14.000Z, @X02Overdose @itsbre_zy @SnottieDrippen Must have been his career 5.7 ppg. Lol. Or maybe his all-time worst ft percentage (41%). Guy was so skilled. Just a technician down low. 😂 if he’s a hall of famer so is Dale Davis. So is Deandre Jordon. Nice role player at best. Maybe the most overrated player in nba history.
1426528948150755334, 1260731306570285057, 2021-08-14T12:59:39.000Z, no NBA 2K20 no meu MyCarrer o Ice Trae tá jogando no lakers junto com LeBron James, Anthony Davis, Deandre Ayton e o meu personagem https://t.co/Cdg5hWALz3
1426566798997135363, 1087759479800770560, 2021-08-14T15:30:03.000Z, @hopefulknick PG: Markelle Fultz SG: Terence Davis ll SF: Cam Reddish PF: Jonathan Issac C: DeAndre Ayton  *6ix man: D’Angelo Russell
1426959191982317570, 2268460802, 2021-08-15T17:29:17.000Z, Deandre Davis //Darby3💔♥️🤞🏾
1426961109953617921, 142494988, 2021-08-15T17:36:54.000Z, RT @Knastyyyyy: Deandre Davis //Darby3💔♥️🤞🏾
1426998096144134145, 1227946835232215042, 2021-08-15T20:03:53.000Z, RT @Knastyyyyy: Deandre Davis //Darby3💔♥️🤞🏾
1427065317595955209, 32218443, 2021-08-16T00:30:59.000Z, Along Bledsoe’s teammates his 1st go around with the Clippers were Blake Griffin, DeAndre Jordan, CP3, Chauncey Billups, Baron Davis, Grant Hill, Caron Butler, Kenyon Martin https://t.co/6TZGTT5HJL
1427302495425024004, 1209166974766346240, 2021-08-16T16:13:27.000Z, Most Blocks in the NBA since 2013:  1,323-Anthony Davis 1,220-Rudy Gobert 1,183-Serge Ibaka 1,101-Brook Lopez 1,069- DeAndre Jordan https://t.co/zPmafNABqr
1427303765980352515, 1310454458745344001, 2021-08-16T16:18:30.000Z, RT @ALLICONICSPORTS: Most Blocks in the NBA since 2013:  1,323-Anthony Davis 1,220-Rudy Gobert 1,183-Serge Ibaka 1,101-Brook Lopez 1,069- D…
1427308760813293571, 960613067867467778, 2021-08-16T16:38:21.000Z, RT @ALLICONICSPORTS: Most Blocks in the NBA since 2013:  1,323-Anthony Davis 1,220-Rudy Gobert 1,183-Serge Ibaka 1,101-Brook Lopez 1,069- D…
1427309490693672968, 298329220, 2021-08-16T16:41:15.000Z, RT @ALLICONICSPORTS: Most Blocks in the NBA since 2013:  1,323-Anthony Davis 1,220-Rudy Gobert 1,183-Serge Ibaka 1,101-Brook Lopez 1,069- D…
1427312314743771138, 1019010672749838338, 2021-08-16T16:52:28.000Z, RT @ALLICONICSPORTS: Most Blocks in the NBA since 2013:  1,323-Anthony Davis 1,220-Rudy Gobert 1,183-Serge Ibaka 1,101-Brook Lopez 1,069- D…
1427312575377719300, 1220080877587390464, 2021-08-16T16:53:30.000Z, RT @ALLICONICSPORTS: Most Blocks in the NBA since 2013:  1,323-Anthony Davis 1,220-Rudy Gobert 1,183-Serge Ibaka 1,101-Brook Lopez 1,069- D…
1427315975012057090, 1127826337442353152, 2021-08-16T17:07:01.000Z, RT @ALLICONICSPORTS: Most Blocks in the NBA since 2013:  1,323-Anthony Davis 1,220-Rudy Gobert 1,183-Serge Ibaka 1,101-Brook Lopez 1,069- D…
1427317445899915265, 870503635863523328, 2021-08-16T17:12:52.000Z, RT @ALLICONICSPORTS: Most Blocks in the NBA since 2013:  1,323-Anthony Davis 1,220-Rudy Gobert 1,183-Serge Ibaka 1,101-Brook Lopez 1,069- D…
1427319420620185616, 24996732, 2021-08-16T17:20:42.000Z, RT @ALLICONICSPORTS: Most Blocks in the NBA since 2013:  1,323-Anthony Davis 1,220-Rudy Gobert 1,183-Serge Ibaka 1,101-Brook Lopez 1,069- D…
1427319912037380097, 1359575859061878784, 2021-08-16T17:22:40.000Z, RT @ALLICONICSPORTS: Most Blocks in the NBA since 2013:  1,323-Anthony Davis 1,220-Rudy Gobert 1,183-Serge Ibaka 1,101-Brook Lopez 1,069- D…
1427320099627835392, 561581128, 2021-08-16T17:23:24.000Z, RT @ALLICONICSPORTS: Most Blocks in the NBA since 2013:  1,323-Anthony Davis 1,220-Rudy Gobert 1,183-Serge Ibaka 1,101-Brook Lopez 1,069- D…
1427321097620361217, 2917150417, 2021-08-16T17:27:22.000Z, RT @ALLICONICSPORTS: Most Blocks in the NBA since 2013:  1,323-Anthony Davis 1,220-Rudy Gobert 1,183-Serge Ibaka 1,101-Brook Lopez 1,069- D…
1427322177146265605, 2717628202, 2021-08-16T17:31:40.000Z, RT @ALLICONICSPORTS: Most Blocks in the NBA since 2013:  1,323-Anthony Davis 1,220-Rudy Gobert 1,183-Serge Ibaka 1,101-Brook Lopez 1,069- D…
1427325624981475336, 140855247, 2021-08-16T17:45:22.000Z, RT @ALLICONICSPORTS: Most Blocks in the NBA since 2013:  1,323-Anthony Davis 1,220-Rudy Gobert 1,183-Serge Ibaka 1,101-Brook Lopez 1,069- D…
1427326137986867213, 3113337348, 2021-08-16T17:47:24.000Z, RT @ALLICONICSPORTS: Most Blocks in the NBA since 2013:  1,323-Anthony Davis 1,220-Rudy Gobert 1,183-Serge Ibaka 1,101-Brook Lopez 1,069- D…
1427328333356929024, 2208371668, 2021-08-16T17:56:07.000Z, RT @ALLICONICSPORTS: Most Blocks in the NBA since 2013:  1,323-Anthony Davis 1,220-Rudy Gobert 1,183-Serge Ibaka 1,101-Brook Lopez 1,069- D…
1427329077443055617, 1310703713619603456, 2021-08-16T17:59:05.000Z, RT @ALLICONICSPORTS: Most Blocks in the NBA since 2013:  1,323-Anthony Davis 1,220-Rudy Gobert 1,183-Serge Ibaka 1,101-Brook Lopez 1,069- D…
1427331092584050694, 221790378, 2021-08-16T18:07:05.000Z, RT @ALLICONICSPORTS: Most Blocks in the NBA since 2013:  1,323-Anthony Davis 1,220-Rudy Gobert 1,183-Serge Ibaka 1,101-Brook Lopez 1,069- D…
1427331223064649729, 342399972, 2021-08-16T18:07:36.000Z, RT @ALLICONICSPORTS: Most Blocks in the NBA since 2013:  1,323-Anthony Davis 1,220-Rudy Gobert 1,183-Serge Ibaka 1,101-Brook Lopez 1,069- D…
1427331321131589633, 91683648, 2021-08-16T18:08:00.000Z, RT @ALLICONICSPORTS: Most Blocks in the NBA since 2013:  1,323-Anthony Davis 1,220-Rudy Gobert 1,183-Serge Ibaka 1,101-Brook Lopez 1,069- D…
1427331550581075981, 2821462785, 2021-08-16T18:08:54.000Z, RT @ALLICONICSPORTS: Most Blocks in the NBA since 2013:  1,323-Anthony Davis 1,220-Rudy Gobert 1,183-Serge Ibaka 1,101-Brook Lopez 1,069- D…
1427332418600542210, 3357364039, 2021-08-16T18:12:21.000Z, RT @ALLICONICSPORTS: Most Blocks in the NBA since 2013:  1,323-Anthony Davis 1,220-Rudy Gobert 1,183-Serge Ibaka 1,101-Brook Lopez 1,069- D…
1427332883950161929, 750887271658844163, 2021-08-16T18:14:12.000Z, RT @ALLICONICSPORTS: Most Blocks in the NBA since 2013:  1,323-Anthony Davis 1,220-Rudy Gobert 1,183-Serge Ibaka 1,101-Brook Lopez 1,069- D…
1427332893034962945, 149135229, 2021-08-16T18:14:14.000Z, RT @ALLICONICSPORTS: Most Blocks in the NBA since 2013:  1,323-Anthony Davis 1,220-Rudy Gobert 1,183-Serge Ibaka 1,101-Brook Lopez 1,069- D…
1427333785381654529, 1357480061541228546, 2021-08-16T18:17:47.000Z, RT @ALLICONICSPORTS: Most Blocks in the NBA since 2013:  1,323-Anthony Davis 1,220-Rudy Gobert 1,183-Serge Ibaka 1,101-Brook Lopez 1,069- D…
1427336278333431812, 1221576672564170754, 2021-08-16T18:27:42.000Z, RT @ALLICONICSPORTS: Most Blocks in the NBA since 2013:  1,323-Anthony Davis 1,220-Rudy Gobert 1,183-Serge Ibaka 1,101-Brook Lopez 1,069- D…
1427336909047549969, 605851389, 2021-08-16T18:30:12.000Z, RT @ALLICONICSPORTS: Most Blocks in the NBA since 2013:  1,323-Anthony Davis 1,220-Rudy Gobert 1,183-Serge Ibaka 1,101-Brook Lopez 1,069- D…
1427337850144509964, 902334894939881473, 2021-08-16T18:33:56.000Z, RT @ALLICONICSPORTS: Most Blocks in the NBA since 2013:  1,323-Anthony Davis 1,220-Rudy Gobert 1,183-Serge Ibaka 1,101-Brook Lopez 1,069- D…
1427342786265698324, 1147517719287177216, 2021-08-16T18:53:33.000Z, RT @ALLICONICSPORTS: Most Blocks in the NBA since 2013:  1,323-Anthony Davis 1,220-Rudy Gobert 1,183-Serge Ibaka 1,101-Brook Lopez 1,069- D…
1427343219075928076, 728325642505216000, 2021-08-16T18:55:16.000Z, RT @ALLICONICSPORTS: Most Blocks in the NBA since 2013:  1,323-Anthony Davis 1,220-Rudy Gobert 1,183-Serge Ibaka 1,101-Brook Lopez 1,069- D…
1427346317773197346, 1081562632056782849, 2021-08-16T19:07:35.000Z, RT @ALLICONICSPORTS: Most Blocks in the NBA since 2013:  1,323-Anthony Davis 1,220-Rudy Gobert 1,183-Serge Ibaka 1,101-Brook Lopez 1,069- D…
1427348061634777105, 516037715, 2021-08-16T19:14:31.000Z, RT @ALLICONICSPORTS: Most Blocks in the NBA since 2013:  1,323-Anthony Davis 1,220-Rudy Gobert 1,183-Serge Ibaka 1,101-Brook Lopez 1,069- D…
1427352958795075613, 857833536761380864, 2021-08-16T19:33:58.000Z, RT @ALLICONICSPORTS: Most Blocks in the NBA since 2013:  1,323-Anthony Davis 1,220-Rudy Gobert 1,183-Serge Ibaka 1,101-Brook Lopez 1,069- D…
1427356434186981387, 1212490060982968320, 2021-08-16T19:47:47.000Z, RT @ALLICONICSPORTS: Most Blocks in the NBA since 2013:  1,323-Anthony Davis 1,220-Rudy Gobert 1,183-Serge Ibaka 1,101-Brook Lopez 1,069- D…
1427358089586544643, 82534800, 2021-08-16T19:54:22.000Z, RT @ALLICONICSPORTS: Most Blocks in the NBA since 2013:  1,323-Anthony Davis 1,220-Rudy Gobert 1,183-Serge Ibaka 1,101-Brook Lopez 1,069- D…
1427359266675970070, 315949892, 2021-08-16T19:59:02.000Z, RT @ALLICONICSPORTS: Most Blocks in the NBA since 2013:  1,323-Anthony Davis 1,220-Rudy Gobert 1,183-Serge Ibaka 1,101-Brook Lopez 1,069- D…
1427359509199065090, 1154504532929503234, 2021-08-16T20:00:00.000Z, RT @ALLICONICSPORTS: Most Blocks in the NBA since 2013:  1,323-Anthony Davis 1,220-Rudy Gobert 1,183-Serge Ibaka 1,101-Brook Lopez 1,069- D…
1427363142187864072, 42513476, 2021-08-16T20:14:26.000Z, RT @ALLICONICSPORTS: Most Blocks in the NBA since 2013:  1,323-Anthony Davis 1,220-Rudy Gobert 1,183-Serge Ibaka 1,101-Brook Lopez 1,069- D…
1427363167487807489, 384432767, 2021-08-16T20:14:32.000Z, RT @ALLICONICSPORTS: Most Blocks in the NBA since 2013:  1,323-Anthony Davis 1,220-Rudy Gobert 1,183-Serge Ibaka 1,101-Brook Lopez 1,069- D…
1427363725330173976, 339235819, 2021-08-16T20:16:45.000Z, RT @ALLICONICSPORTS: Most Blocks in the NBA since 2013:  1,323-Anthony Davis 1,220-Rudy Gobert 1,183-Serge Ibaka 1,101-Brook Lopez 1,069- D…
1427364576459464705, 1044364636383055872, 2021-08-16T20:20:08.000Z, RT @ALLICONICSPORTS: Most Blocks in the NBA since 2013:  1,323-Anthony Davis 1,220-Rudy Gobert 1,183-Serge Ibaka 1,101-Brook Lopez 1,069- D…
1427366052292349959, 1136518449990123520, 2021-08-16T20:26:00.000Z, RT @ALLICONICSPORTS: Most Blocks in the NBA since 2013:  1,323-Anthony Davis 1,220-Rudy Gobert 1,183-Serge Ibaka 1,101-Brook Lopez 1,069- D…
1427366860341788673, 1077099000501862406, 2021-08-16T20:29:13.000Z, RT @ALLICONICSPORTS: Most Blocks in the NBA since 2013:  1,323-Anthony Davis 1,220-Rudy Gobert 1,183-Serge Ibaka 1,101-Brook Lopez 1,069- D…
1427367027019223045, 302086269, 2021-08-16T20:29:53.000Z, RT @ALLICONICSPORTS: Most Blocks in the NBA since 2013:  1,323-Anthony Davis 1,220-Rudy Gobert 1,183-Serge Ibaka 1,101-Brook Lopez 1,069- D…
1427367303054708750, 382408384, 2021-08-16T20:30:58.000Z, RT @ALLICONICSPORTS: Most Blocks in the NBA since 2013:  1,323-Anthony Davis 1,220-Rudy Gobert 1,183-Serge Ibaka 1,101-Brook Lopez 1,069- D…
1427368448556879875, 636010957, 2021-08-16T20:35:32.000Z, RT @ALLICONICSPORTS: Most Blocks in the NBA since 2013:  1,323-Anthony Davis 1,220-Rudy Gobert 1,183-Serge Ibaka 1,101-Brook Lopez 1,069- D…
1427368604014563334, 1335025936178184194, 2021-08-16T20:36:09.000Z, RT @ALLICONICSPORTS: Most Blocks in the NBA since 2013:  1,323-Anthony Davis 1,220-Rudy Gobert 1,183-Serge Ibaka 1,101-Brook Lopez 1,069- D…
1427369392615067649, 1280461257334763521, 2021-08-16T20:39:17.000Z, RT @ALLICONICSPORTS: Most Blocks in the NBA since 2013:  1,323-Anthony Davis 1,220-Rudy Gobert 1,183-Serge Ibaka 1,101-Brook Lopez 1,069- D…
1427373661116420099, 371076644, 2021-08-16T20:56:14.000Z, RT @ALLICONICSPORTS: Most Blocks in the NBA since 2013:  1,323-Anthony Davis 1,220-Rudy Gobert 1,183-Serge Ibaka 1,101-Brook Lopez 1,069- D…
1427375673241440259, 3040652059, 2021-08-16T21:04:14.000Z, RT @ALLICONICSPORTS: Most Blocks in the NBA since 2013:  1,323-Anthony Davis 1,220-Rudy Gobert 1,183-Serge Ibaka 1,101-Brook Lopez 1,069- D…
1427376351573643270, 983089338, 2021-08-16T21:06:56.000Z, RT @ALLICONICSPORTS: Most Blocks in the NBA since 2013:  1,323-Anthony Davis 1,220-Rudy Gobert 1,183-Serge Ibaka 1,101-Brook Lopez 1,069- D…
1427377226329247745, 1188342277212725253, 2021-08-16T21:10:24.000Z, RT @ALLICONICSPORTS: Most Blocks in the NBA since 2013:  1,323-Anthony Davis 1,220-Rudy Gobert 1,183-Serge Ibaka 1,101-Brook Lopez 1,069- D…
1427378255686930440, 552312192, 2021-08-16T21:14:30.000Z, RT @ALLICONICSPORTS: Most Blocks in the NBA since 2013:  1,323-Anthony Davis 1,220-Rudy Gobert 1,183-Serge Ibaka 1,101-Brook Lopez 1,069- D…
1427378416974761988, 318195130, 2021-08-16T21:15:08.000Z, RT @ALLICONICSPORTS: Most Blocks in the NBA since 2013:  1,323-Anthony Davis 1,220-Rudy Gobert 1,183-Serge Ibaka 1,101-Brook Lopez 1,069- D…
1427378778813042691, 112644550, 2021-08-16T21:16:34.000Z, RT @ALLICONICSPORTS: Most Blocks in the NBA since 2013:  1,323-Anthony Davis 1,220-Rudy Gobert 1,183-Serge Ibaka 1,101-Brook Lopez 1,069- D…
1427378787956760586, 235603050, 2021-08-16T21:16:37.000Z, RT @ALLICONICSPORTS: Most Blocks in the NBA since 2013:  1,323-Anthony Davis 1,220-Rudy Gobert 1,183-Serge Ibaka 1,101-Brook Lopez 1,069- D…
1427379364812017672, 4241137699, 2021-08-16T21:18:54.000Z, RT @ALLICONICSPORTS: Most Blocks in the NBA since 2013:  1,323-Anthony Davis 1,220-Rudy Gobert 1,183-Serge Ibaka 1,101-Brook Lopez 1,069- D…
1427379710091091968, 843831804801011716, 2021-08-16T21:20:16.000Z, RT @ALLICONICSPORTS: Most Blocks in the NBA since 2013:  1,323-Anthony Davis 1,220-Rudy Gobert 1,183-Serge Ibaka 1,101-Brook Lopez 1,069- D…
1427380320588992514, 117072439, 2021-08-16T21:22:42.000Z, RT @ALLICONICSPORTS: Most Blocks in the NBA since 2013:  1,323-Anthony Davis 1,220-Rudy Gobert 1,183-Serge Ibaka 1,101-Brook Lopez 1,069- D…
1427380628039733250, 1156150146830221312, 2021-08-16T21:23:55.000Z, RT @ALLICONICSPORTS: Most Blocks in the NBA since 2013:  1,323-Anthony Davis 1,220-Rudy Gobert 1,183-Serge Ibaka 1,101-Brook Lopez 1,069- D…
1427380807472226305, 3327519344, 2021-08-16T21:24:38.000Z, RT @ALLICONICSPORTS: Most Blocks in the NBA since 2013:  1,323-Anthony Davis 1,220-Rudy Gobert 1,183-Serge Ibaka 1,101-Brook Lopez 1,069- D…
1427380944550440963, 768999529194528768, 2021-08-16T21:25:11.000Z, RT @ALLICONICSPORTS: Most Blocks in the NBA since 2013:  1,323-Anthony Davis 1,220-Rudy Gobert 1,183-Serge Ibaka 1,101-Brook Lopez 1,069- D…
1427382191525269530, 1417297625204756499, 2021-08-16T21:30:08.000Z, RT @ALLICONICSPORTS: Most Blocks in the NBA since 2013:  1,323-Anthony Davis 1,220-Rudy Gobert 1,183-Serge Ibaka 1,101-Brook Lopez 1,069- D…
1427382362573348864, 155610443, 2021-08-16T21:30:49.000Z, RT @ALLICONICSPORTS: Most Blocks in the NBA since 2013:  1,323-Anthony Davis 1,220-Rudy Gobert 1,183-Serge Ibaka 1,101-Brook Lopez 1,069- D…
1427382653318205444, 475283765, 2021-08-16T21:31:58.000Z, RT @ALLICONICSPORTS: Most Blocks in the NBA since 2013:  1,323-Anthony Davis 1,220-Rudy Gobert 1,183-Serge Ibaka 1,101-Brook Lopez 1,069- D…
1427384079138295818, 1247028442350190595, 2021-08-16T21:37:38.000Z, RT @ALLICONICSPORTS: Most Blocks in the NBA since 2013:  1,323-Anthony Davis 1,220-Rudy Gobert 1,183-Serge Ibaka 1,101-Brook Lopez 1,069- D…
1427384147115315201, 273161439, 2021-08-16T21:37:54.000Z, RT @ALLICONICSPORTS: Most Blocks in the NBA since 2013:  1,323-Anthony Davis 1,220-Rudy Gobert 1,183-Serge Ibaka 1,101-Brook Lopez 1,069- D…
1427385091710410752, 2700033031, 2021-08-16T21:41:40.000Z, RT @ALLICONICSPORTS: Most Blocks in the NBA since 2013:  1,323-Anthony Davis 1,220-Rudy Gobert 1,183-Serge Ibaka 1,101-Brook Lopez 1,069- D…
1427385108772933639, 281229864, 2021-08-16T21:41:44.000Z, RT @ALLICONICSPORTS: Most Blocks in the NBA since 2013:  1,323-Anthony Davis 1,220-Rudy Gobert 1,183-Serge Ibaka 1,101-Brook Lopez 1,069- D…
1427385142205616128, 148395106, 2021-08-16T21:41:52.000Z, RT @ALLICONICSPORTS: Most Blocks in the NBA since 2013:  1,323-Anthony Davis 1,220-Rudy Gobert 1,183-Serge Ibaka 1,101-Brook Lopez 1,069- D…
1427385300637167617, 24071566, 2021-08-16T21:42:29.000Z, RT @ALLICONICSPORTS: Most Blocks in the NBA since 2013:  1,323-Anthony Davis 1,220-Rudy Gobert 1,183-Serge Ibaka 1,101-Brook Lopez 1,069- D…
1427385497756835847, 772915249020362752, 2021-08-16T21:43:16.000Z, RT @ALLICONICSPORTS: Most Blocks in the NBA since 2013:  1,323-Anthony Davis 1,220-Rudy Gobert 1,183-Serge Ibaka 1,101-Brook Lopez 1,069- D…
1427388436869107712, 522620869, 2021-08-16T21:54:57.000Z, RT @ALLICONICSPORTS: Most Blocks in the NBA since 2013:  1,323-Anthony Davis 1,220-Rudy Gobert 1,183-Serge Ibaka 1,101-Brook Lopez 1,069- D…
1427390179690483759, 2745753926, 2021-08-16T22:01:53.000Z, RT @ALLICONICSPORTS: Most Blocks in the NBA since 2013:  1,323-Anthony Davis 1,220-Rudy Gobert 1,183-Serge Ibaka 1,101-Brook Lopez 1,069- D…
1427390314592014336, 1298657925691371521, 2021-08-16T22:02:25.000Z, RT @ALLICONICSPORTS: Most Blocks in the NBA since 2013:  1,323-Anthony Davis 1,220-Rudy Gobert 1,183-Serge Ibaka 1,101-Brook Lopez 1,069- D…
1427390791442305048, 1392362186522062852, 2021-08-16T22:04:18.000Z, RT @ALLICONICSPORTS: Most Blocks in the NBA since 2013:  1,323-Anthony Davis 1,220-Rudy Gobert 1,183-Serge Ibaka 1,101-Brook Lopez 1,069- D…
1427391192950616064, 142127639, 2021-08-16T22:05:54.000Z, RT @ALLICONICSPORTS: Most Blocks in the NBA since 2013:  1,323-Anthony Davis 1,220-Rudy Gobert 1,183-Serge Ibaka 1,101-Brook Lopez 1,069- D…
1427391706832375830, 189423110, 2021-08-16T22:07:57.000Z, RT @ALLICONICSPORTS: Most Blocks in the NBA since 2013:  1,323-Anthony Davis 1,220-Rudy Gobert 1,183-Serge Ibaka 1,101-Brook Lopez 1,069- D…
1427392662047494148, 301976625, 2021-08-16T22:11:44.000Z, RT @ALLICONICSPORTS: Most Blocks in the NBA since 2013:  1,323-Anthony Davis 1,220-Rudy Gobert 1,183-Serge Ibaka 1,101-Brook Lopez 1,069- D…
1427393548874358788, 725030359612710912, 2021-08-16T22:15:16.000Z, RT @ALLICONICSPORTS: Most Blocks in the NBA since 2013:  1,323-Anthony Davis 1,220-Rudy Gobert 1,183-Serge Ibaka 1,101-Brook Lopez 1,069- D…
1427394149473562625, 2243568532, 2021-08-16T22:17:39.000Z, RT @ALLICONICSPORTS: Most Blocks in the NBA since 2013:  1,323-Anthony Davis 1,220-Rudy Gobert 1,183-Serge Ibaka 1,101-Brook Lopez 1,069- D…
1427395963514130433, 1190512493564706818, 2021-08-16T22:24:52.000Z, RT @ALLICONICSPORTS: Most Blocks in the NBA since 2013:  1,323-Anthony Davis 1,220-Rudy Gobert 1,183-Serge Ibaka 1,101-Brook Lopez 1,069- D…
1427396339466309641, 3343586952, 2021-08-16T22:26:21.000Z, RT @ALLICONICSPORTS: Most Blocks in the NBA since 2013:  1,323-Anthony Davis 1,220-Rudy Gobert 1,183-Serge Ibaka 1,101-Brook Lopez 1,069- D…
1427398374710382608, 538727487, 2021-08-16T22:34:26.000Z, RT @ALLICONICSPORTS: Most Blocks in the NBA since 2013:  1,323-Anthony Davis 1,220-Rudy Gobert 1,183-Serge Ibaka 1,101-Brook Lopez 1,069- D…
1427398929000325129, 1333004357210664963, 2021-08-16T22:36:39.000Z, RT @ALLICONICSPORTS: Most Blocks in the NBA since 2013:  1,323-Anthony Davis 1,220-Rudy Gobert 1,183-Serge Ibaka 1,101-Brook Lopez 1,069- D…
1427399303509721089, 2179943500, 2021-08-16T22:38:08.000Z, RT @ALLICONICSPORTS: Most Blocks in the NBA since 2013:  1,323-Anthony Davis 1,220-Rudy Gobert 1,183-Serge Ibaka 1,101-Brook Lopez 1,069- D…
1427399880960446485, 1092493334763982848, 2021-08-16T22:40:26.000Z, RT @ALLICONICSPORTS: Most Blocks in the NBA since 2013:  1,323-Anthony Davis 1,220-Rudy Gobert 1,183-Serge Ibaka 1,101-Brook Lopez 1,069- D…
1427400828076400645, 342519468, 2021-08-16T22:44:11.000Z, RT @ALLICONICSPORTS: Most Blocks in the NBA since 2013:  1,323-Anthony Davis 1,220-Rudy Gobert 1,183-Serge Ibaka 1,101-Brook Lopez 1,069- D…
1427401887813353472, 33744277, 2021-08-16T22:48:24.000Z, RT @ALLICONICSPORTS: Most Blocks in the NBA since 2013:  1,323-Anthony Davis 1,220-Rudy Gobert 1,183-Serge Ibaka 1,101-Brook Lopez 1,069- D…
1427402132680937478, 4196020513, 2021-08-16T22:49:22.000Z, RT @ALLICONICSPORTS: Most Blocks in the NBA since 2013:  1,323-Anthony Davis 1,220-Rudy Gobert 1,183-Serge Ibaka 1,101-Brook Lopez 1,069- D…
1427403161485119489, 102317858, 2021-08-16T22:53:28.000Z, RT @ALLICONICSPORTS: Most Blocks in the NBA since 2013:  1,323-Anthony Davis 1,220-Rudy Gobert 1,183-Serge Ibaka 1,101-Brook Lopez 1,069- D…
1427403324509278214, 1364258331959971842, 2021-08-16T22:54:07.000Z, RT @ALLICONICSPORTS: Most Blocks in the NBA since 2013:  1,323-Anthony Davis 1,220-Rudy Gobert 1,183-Serge Ibaka 1,101-Brook Lopez 1,069- D…
1427403642706042882, 748109461701681153, 2021-08-16T22:55:22.000Z, RT @ALLICONICSPORTS: Most Blocks in the NBA since 2013:  1,323-Anthony Davis 1,220-Rudy Gobert 1,183-Serge Ibaka 1,101-Brook Lopez 1,069- D…
1427403946662969350, 160827452, 2021-08-16T22:56:35.000Z, RT @ALLICONICSPORTS: Most Blocks in the NBA since 2013:  1,323-Anthony Davis 1,220-Rudy Gobert 1,183-Serge Ibaka 1,101-Brook Lopez 1,069- D…
1427404407524708355, 501922393, 2021-08-16T22:58:25.000Z, RT @ALLICONICSPORTS: Most Blocks in the NBA since 2013:  1,323-Anthony Davis 1,220-Rudy Gobert 1,183-Serge Ibaka 1,101-Brook Lopez 1,069- D…
1427404662815272960, 2712907610, 2021-08-16T22:59:26.000Z, RT @ALLICONICSPORTS: Most Blocks in the NBA since 2013:  1,323-Anthony Davis 1,220-Rudy Gobert 1,183-Serge Ibaka 1,101-Brook Lopez 1,069- D…
1427405124486508547, 1157392202366115841, 2021-08-16T23:01:16.000Z, RT @ALLICONICSPORTS: Most Blocks in the NBA since 2013:  1,323-Anthony Davis 1,220-Rudy Gobert 1,183-Serge Ibaka 1,101-Brook Lopez 1,069- D…
1427407291431727105, 4056170781, 2021-08-16T23:09:52.000Z, RT @ALLICONICSPORTS: Most Blocks in the NBA since 2013:  1,323-Anthony Davis 1,220-Rudy Gobert 1,183-Serge Ibaka 1,101-Brook Lopez 1,069- D…
1427407653358104587, 183554983, 2021-08-16T23:11:19.000Z, RT @ALLICONICSPORTS: Most Blocks in the NBA since 2013:  1,323-Anthony Davis 1,220-Rudy Gobert 1,183-Serge Ibaka 1,101-Brook Lopez 1,069- D…
1427407943952211972, 1099423641299763202, 2021-08-16T23:12:28.000Z, RT @ALLICONICSPORTS: Most Blocks in the NBA since 2013:  1,323-Anthony Davis 1,220-Rudy Gobert 1,183-Serge Ibaka 1,101-Brook Lopez 1,069- D…
1427409975647870984, 818745406288957440, 2021-08-16T23:20:32.000Z, RT @ALLICONICSPORTS: Most Blocks in the NBA since 2013:  1,323-Anthony Davis 1,220-Rudy Gobert 1,183-Serge Ibaka 1,101-Brook Lopez 1,069- D…
1427413239697231879, 1286419297246552069, 2021-08-16T23:33:31.000Z, RT @ALLICONICSPORTS: Most Blocks in the NBA since 2013:  1,323-Anthony Davis 1,220-Rudy Gobert 1,183-Serge Ibaka 1,101-Brook Lopez 1,069- D…
1427413860751970307, 2889976414, 2021-08-16T23:35:59.000Z, RT @ALLICONICSPORTS: Most Blocks in the NBA since 2013:  1,323-Anthony Davis 1,220-Rudy Gobert 1,183-Serge Ibaka 1,101-Brook Lopez 1,069- D…
1427413896290349059, 345608281, 2021-08-16T23:36:07.000Z, RT @ALLICONICSPORTS: Most Blocks in the NBA since 2013:  1,323-Anthony Davis 1,220-Rudy Gobert 1,183-Serge Ibaka 1,101-Brook Lopez 1,069- D…
1427414290894622725, 3286013113, 2021-08-16T23:37:41.000Z, RT @ALLICONICSPORTS: Most Blocks in the NBA since 2013:  1,323-Anthony Davis 1,220-Rudy Gobert 1,183-Serge Ibaka 1,101-Brook Lopez 1,069- D…
1427414404849676293, 997898393627348992, 2021-08-16T23:38:08.000Z, RT @ALLICONICSPORTS: Most Blocks in the NBA since 2013:  1,323-Anthony Davis 1,220-Rudy Gobert 1,183-Serge Ibaka 1,101-Brook Lopez 1,069- D…
1427414993318944770, 3003175814, 2021-08-16T23:40:29.000Z, RT @ALLICONICSPORTS: Most Blocks in the NBA since 2013:  1,323-Anthony Davis 1,220-Rudy Gobert 1,183-Serge Ibaka 1,101-Brook Lopez 1,069- D…
1427415094779068423, 1884511728, 2021-08-16T23:40:53.000Z, RT @ALLICONICSPORTS: Most Blocks in the NBA since 2013:  1,323-Anthony Davis 1,220-Rudy Gobert 1,183-Serge Ibaka 1,101-Brook Lopez 1,069- D…
1427418798307438593, 884802360177958913, 2021-08-16T23:55:36.000Z, RT @ALLICONICSPORTS: Most Blocks in the NBA since 2013:  1,323-Anthony Davis 1,220-Rudy Gobert 1,183-Serge Ibaka 1,101-Brook Lopez 1,069- D…
1427419455643164677, 739118769759490048, 2021-08-16T23:58:13.000Z, RT @ALLICONICSPORTS: Most Blocks in the NBA since 2013:  1,323-Anthony Davis 1,220-Rudy Gobert 1,183-Serge Ibaka 1,101-Brook Lopez 1,069- D…
1427424387272110092, 347590591, 2021-08-17T00:17:48.000Z, RT @ALLICONICSPORTS: Most Blocks in the NBA since 2013:  1,323-Anthony Davis 1,220-Rudy Gobert 1,183-Serge Ibaka 1,101-Brook Lopez 1,069- D…
1427424979088519168, 829839314821451776, 2021-08-17T00:20:09.000Z, RT @ALLICONICSPORTS: Most Blocks in the NBA since 2013:  1,323-Anthony Davis 1,220-Rudy Gobert 1,183-Serge Ibaka 1,101-Brook Lopez 1,069- D…
1427429751896121344, 2980453329, 2021-08-17T00:39:07.000Z, RT @ALLICONICSPORTS: Most Blocks in the NBA since 2013:  1,323-Anthony Davis 1,220-Rudy Gobert 1,183-Serge Ibaka 1,101-Brook Lopez 1,069- D…
1427431129875943427, 766031612098347008, 2021-08-17T00:44:36.000Z, RT @ALLICONICSPORTS: Most Blocks in the NBA since 2013:  1,323-Anthony Davis 1,220-Rudy Gobert 1,183-Serge Ibaka 1,101-Brook Lopez 1,069- D…
1427432002844696577, 116620666, 2021-08-17T00:48:04.000Z, RT @ALLICONICSPORTS: Most Blocks in the NBA since 2013:  1,323-Anthony Davis 1,220-Rudy Gobert 1,183-Serge Ibaka 1,101-Brook Lopez 1,069- D…
1427432594061373446, 289756627, 2021-08-17T00:50:25.000Z, RT @ALLICONICSPORTS: Most Blocks in the NBA since 2013:  1,323-Anthony Davis 1,220-Rudy Gobert 1,183-Serge Ibaka 1,101-Brook Lopez 1,069- D…
1427433679941480451, 355158894, 2021-08-17T00:54:44.000Z, RT @ALLICONICSPORTS: Most Blocks in the NBA since 2013:  1,323-Anthony Davis 1,220-Rudy Gobert 1,183-Serge Ibaka 1,101-Brook Lopez 1,069- D…
1427434258319122447, 635535773, 2021-08-17T00:57:02.000Z, RT @ALLICONICSPORTS: Most Blocks in the NBA since 2013:  1,323-Anthony Davis 1,220-Rudy Gobert 1,183-Serge Ibaka 1,101-Brook Lopez 1,069- D…
1427435667848679426, 551986195, 2021-08-17T01:02:38.000Z, RT @ALLICONICSPORTS: Most Blocks in the NBA since 2013:  1,323-Anthony Davis 1,220-Rudy Gobert 1,183-Serge Ibaka 1,101-Brook Lopez 1,069- D…
1427436191775969285, 297131784, 2021-08-17T01:04:43.000Z, RT @ALLICONICSPORTS: Most Blocks in the NBA since 2013:  1,323-Anthony Davis 1,220-Rudy Gobert 1,183-Serge Ibaka 1,101-Brook Lopez 1,069- D…
1427436827057790977, 314128355, 2021-08-17T01:07:14.000Z, RT @ALLICONICSPORTS: Most Blocks in the NBA since 2013:  1,323-Anthony Davis 1,220-Rudy Gobert 1,183-Serge Ibaka 1,101-Brook Lopez 1,069- D…
1427437192453005320, 161127167, 2021-08-17T01:08:41.000Z, RT @ALLICONICSPORTS: Most Blocks in the NBA since 2013:  1,323-Anthony Davis 1,220-Rudy Gobert 1,183-Serge Ibaka 1,101-Brook Lopez 1,069- D…
1427437826950451203, 316397908, 2021-08-17T01:11:13.000Z, RT @ALLICONICSPORTS: Most Blocks in the NBA since 2013:  1,323-Anthony Davis 1,220-Rudy Gobert 1,183-Serge Ibaka 1,101-Brook Lopez 1,069- D…
1427437901244030977, 1731796914, 2021-08-17T01:11:30.000Z, RT @ALLICONICSPORTS: Most Blocks in the NBA since 2013:  1,323-Anthony Davis 1,220-Rudy Gobert 1,183-Serge Ibaka 1,101-Brook Lopez 1,069- D…
1427440192785424385, 4749274169, 2021-08-17T01:20:37.000Z, RT @ALLICONICSPORTS: Most Blocks in the NBA since 2013:  1,323-Anthony Davis 1,220-Rudy Gobert 1,183-Serge Ibaka 1,101-Brook Lopez 1,069- D…
1427440819150094337, 103734063, 2021-08-17T01:23:06.000Z, RT @ALLICONICSPORTS: Most Blocks in the NBA since 2013:  1,323-Anthony Davis 1,220-Rudy Gobert 1,183-Serge Ibaka 1,101-Brook Lopez 1,069- D…
1427440877555814405, 192331087, 2021-08-17T01:23:20.000Z, RT @ALLICONICSPORTS: Most Blocks in the NBA since 2013:  1,323-Anthony Davis 1,220-Rudy Gobert 1,183-Serge Ibaka 1,101-Brook Lopez 1,069- D…
1427440881469202434, 1317917634688528384, 2021-08-17T01:23:21.000Z, RT @ALLICONICSPORTS: Most Blocks in the NBA since 2013:  1,323-Anthony Davis 1,220-Rudy Gobert 1,183-Serge Ibaka 1,101-Brook Lopez 1,069- D…
1427441644119502848, 1589867624, 2021-08-17T01:26:23.000Z, RT @ALLICONICSPORTS: Most Blocks in the NBA since 2013:  1,323-Anthony Davis 1,220-Rudy Gobert 1,183-Serge Ibaka 1,101-Brook Lopez 1,069- D…
1427446727540367367, 855024542066106368, 2021-08-17T01:46:35.000Z, RT @ALLICONICSPORTS: Most Blocks in the NBA since 2013:  1,323-Anthony Davis 1,220-Rudy Gobert 1,183-Serge Ibaka 1,101-Brook Lopez 1,069- D…
1427454024480067590, 283238022, 2021-08-17T02:15:34.000Z, RT @ALLICONICSPORTS: Most Blocks in the NBA since 2013:  1,323-Anthony Davis 1,220-Rudy Gobert 1,183-Serge Ibaka 1,101-Brook Lopez 1,069- D…
1427454127412547587, 195531086, 2021-08-17T02:15:59.000Z, RT @ALLICONICSPORTS: Most Blocks in the NBA since 2013:  1,323-Anthony Davis 1,220-Rudy Gobert 1,183-Serge Ibaka 1,101-Brook Lopez 1,069- D…
1427456726266175495, 169141531, 2021-08-17T02:26:19.000Z, RT @ALLICONICSPORTS: Most Blocks in the NBA since 2013:  1,323-Anthony Davis 1,220-Rudy Gobert 1,183-Serge Ibaka 1,101-Brook Lopez 1,069- D…
1427459047981305857, 883304076, 2021-08-17T02:35:32.000Z, RT @ALLICONICSPORTS: Most Blocks in the NBA since 2013:  1,323-Anthony Davis 1,220-Rudy Gobert 1,183-Serge Ibaka 1,101-Brook Lopez 1,069- D…
1427462231546028034, 1972770858, 2021-08-17T02:48:11.000Z, RT @ALLICONICSPORTS: Most Blocks in the NBA since 2013:  1,323-Anthony Davis 1,220-Rudy Gobert 1,183-Serge Ibaka 1,101-Brook Lopez 1,069- D…
1427462528838377475, 1344559433171537921, 2021-08-17T02:49:22.000Z, RT @ALLICONICSPORTS: Most Blocks in the NBA since 2013:  1,323-Anthony Davis 1,220-Rudy Gobert 1,183-Serge Ibaka 1,101-Brook Lopez 1,069- D…
1427464426379153408, 110630408, 2021-08-17T02:56:54.000Z, RT @ALLICONICSPORTS: Most Blocks in the NBA since 2013:  1,323-Anthony Davis 1,220-Rudy Gobert 1,183-Serge Ibaka 1,101-Brook Lopez 1,069- D…
1427465105554485249, 347668968, 2021-08-17T02:59:36.000Z, RT @ALLICONICSPORTS: Most Blocks in the NBA since 2013:  1,323-Anthony Davis 1,220-Rudy Gobert 1,183-Serge Ibaka 1,101-Brook Lopez 1,069- D…
1427465166782963712, 436243795, 2021-08-17T02:59:51.000Z, RT @ALLICONICSPORTS: Most Blocks in the NBA since 2013:  1,323-Anthony Davis 1,220-Rudy Gobert 1,183-Serge Ibaka 1,101-Brook Lopez 1,069- D…
1427466094734888961, 940768045580070912, 2021-08-17T03:03:32.000Z, RT @ALLICONICSPORTS: Most Blocks in the NBA since 2013:  1,323-Anthony Davis 1,220-Rudy Gobert 1,183-Serge Ibaka 1,101-Brook Lopez 1,069- D…
1427466135524446210, 3300351002, 2021-08-17T03:03:42.000Z, RT @ALLICONICSPORTS: Most Blocks in the NBA since 2013:  1,323-Anthony Davis 1,220-Rudy Gobert 1,183-Serge Ibaka 1,101-Brook Lopez 1,069- D…
1427467314895654921, 4820952430, 2021-08-17T03:08:23.000Z, RT @ALLICONICSPORTS: Most Blocks in the NBA since 2013:  1,323-Anthony Davis 1,220-Rudy Gobert 1,183-Serge Ibaka 1,101-Brook Lopez 1,069- D…
1427469034681946114, 1645530847, 2021-08-17T03:15:13.000Z, RT @ALLICONICSPORTS: Most Blocks in the NBA since 2013:  1,323-Anthony Davis 1,220-Rudy Gobert 1,183-Serge Ibaka 1,101-Brook Lopez 1,069- D…
1427472838521466882, 115281618, 2021-08-17T03:30:20.000Z, RT @ALLICONICSPORTS: Most Blocks in the NBA since 2013:  1,323-Anthony Davis 1,220-Rudy Gobert 1,183-Serge Ibaka 1,101-Brook Lopez 1,069- D…
1427476140264992769, 3184645031, 2021-08-17T03:43:27.000Z, RT @ALLICONICSPORTS: Most Blocks in the NBA since 2013:  1,323-Anthony Davis 1,220-Rudy Gobert 1,183-Serge Ibaka 1,101-Brook Lopez 1,069- D…
1427479420898525187, 512640029, 2021-08-17T03:56:29.000Z, RT @ALLICONICSPORTS: Most Blocks in the NBA since 2013:  1,323-Anthony Davis 1,220-Rudy Gobert 1,183-Serge Ibaka 1,101-Brook Lopez 1,069- D…
1427479499478867970, 171648117, 2021-08-17T03:56:48.000Z, RT @ALLICONICSPORTS: Most Blocks in the NBA since 2013:  1,323-Anthony Davis 1,220-Rudy Gobert 1,183-Serge Ibaka 1,101-Brook Lopez 1,069- D…
1427482154280292355, 1150899828379082753, 2021-08-17T04:07:21.000Z, RT @ALLICONICSPORTS: Most Blocks in the NBA since 2013:  1,323-Anthony Davis 1,220-Rudy Gobert 1,183-Serge Ibaka 1,101-Brook Lopez 1,069- D…
1427483519672930306, 1878144619, 2021-08-17T04:12:47.000Z, RT @ALLICONICSPORTS: Most Blocks in the NBA since 2013:  1,323-Anthony Davis 1,220-Rudy Gobert 1,183-Serge Ibaka 1,101-Brook Lopez 1,069- D…
1427484121044070401, 1336345897102348289, 2021-08-17T04:15:10.000Z, RT @ALLICONICSPORTS: Most Blocks in the NBA since 2013:  1,323-Anthony Davis 1,220-Rudy Gobert 1,183-Serge Ibaka 1,101-Brook Lopez 1,069- D…
1427486828408426499, 2590122056, 2021-08-17T04:25:55.000Z, RT @ALLICONICSPORTS: Most Blocks in the NBA since 2013:  1,323-Anthony Davis 1,220-Rudy Gobert 1,183-Serge Ibaka 1,101-Brook Lopez 1,069- D…
1427487312179511298, 279369166, 2021-08-17T04:27:51.000Z, RT @ALLICONICSPORTS: Most Blocks in the NBA since 2013:  1,323-Anthony Davis 1,220-Rudy Gobert 1,183-Serge Ibaka 1,101-Brook Lopez 1,069- D…
1427487574596235268, 2274976123, 2021-08-17T04:28:53.000Z, RT @ALLICONICSPORTS: Most Blocks in the NBA since 2013:  1,323-Anthony Davis 1,220-Rudy Gobert 1,183-Serge Ibaka 1,101-Brook Lopez 1,069- D…
1427490220484833280, 298187315, 2021-08-17T04:39:24.000Z, RT @ALLICONICSPORTS: Most Blocks in the NBA since 2013:  1,323-Anthony Davis 1,220-Rudy Gobert 1,183-Serge Ibaka 1,101-Brook Lopez 1,069- D…
1427491166791118855, 574010797, 2021-08-17T04:43:10.000Z, RT @ALLICONICSPORTS: Most Blocks in the NBA since 2013:  1,323-Anthony Davis 1,220-Rudy Gobert 1,183-Serge Ibaka 1,101-Brook Lopez 1,069- D…
1427491420793827331, 45676647, 2021-08-17T04:44:10.000Z, RT @ALLICONICSPORTS: Most Blocks in the NBA since 2013:  1,323-Anthony Davis 1,220-Rudy Gobert 1,183-Serge Ibaka 1,101-Brook Lopez 1,069- D…
1427491550066479106, 948664099289919488, 2021-08-17T04:44:41.000Z, RT @ALLICONICSPORTS: Most Blocks in the NBA since 2013:  1,323-Anthony Davis 1,220-Rudy Gobert 1,183-Serge Ibaka 1,101-Brook Lopez 1,069- D…
1427494931862597633, 606785963, 2021-08-17T04:58:07.000Z, RT @ALLICONICSPORTS: Most Blocks in the NBA since 2013:  1,323-Anthony Davis 1,220-Rudy Gobert 1,183-Serge Ibaka 1,101-Brook Lopez 1,069- D…
1427496095924596740, 487303147, 2021-08-17T05:02:45.000Z, RT @ALLICONICSPORTS: Most Blocks in the NBA since 2013:  1,323-Anthony Davis 1,220-Rudy Gobert 1,183-Serge Ibaka 1,101-Brook Lopez 1,069- D…
1427496633730838543, 1083795160192991233, 2021-08-17T05:04:53.000Z, RT @ALLICONICSPORTS: Most Blocks in the NBA since 2013:  1,323-Anthony Davis 1,220-Rudy Gobert 1,183-Serge Ibaka 1,101-Brook Lopez 1,069- D…
1427497875710234628, 1171538222972694529, 2021-08-17T05:09:49.000Z, RT @ALLICONICSPORTS: Most Blocks in the NBA since 2013:  1,323-Anthony Davis 1,220-Rudy Gobert 1,183-Serge Ibaka 1,101-Brook Lopez 1,069- D…
1427497932236869635, 1325172960, 2021-08-17T05:10:03.000Z, RT @ALLICONICSPORTS: Most Blocks in the NBA since 2013:  1,323-Anthony Davis 1,220-Rudy Gobert 1,183-Serge Ibaka 1,101-Brook Lopez 1,069- D…
1427498564033425408, 832648110379790336, 2021-08-17T05:12:33.000Z, RT @ALLICONICSPORTS: Most Blocks in the NBA since 2013:  1,323-Anthony Davis 1,220-Rudy Gobert 1,183-Serge Ibaka 1,101-Brook Lopez 1,069- D…
1427498888240541711, 1356749693603237888, 2021-08-17T05:13:51.000Z, RT @ALLICONICSPORTS: Most Blocks in the NBA since 2013:  1,323-Anthony Davis 1,220-Rudy Gobert 1,183-Serge Ibaka 1,101-Brook Lopez 1,069- D…
1427502969369636865, 1075637590567587840, 2021-08-17T05:30:04.000Z, RT @ALLICONICSPORTS: Most Blocks in the NBA since 2013:  1,323-Anthony Davis 1,220-Rudy Gobert 1,183-Serge Ibaka 1,101-Brook Lopez 1,069- D…
1427503308307009538, 36210202, 2021-08-17T05:31:25.000Z, RT @ALLICONICSPORTS: Most Blocks in the NBA since 2013:  1,323-Anthony Davis 1,220-Rudy Gobert 1,183-Serge Ibaka 1,101-Brook Lopez 1,069- D…
1427504049453248512, 1330918045607473152, 2021-08-17T05:34:21.000Z, RT @ALLICONICSPORTS: Most Blocks in the NBA since 2013:  1,323-Anthony Davis 1,220-Rudy Gobert 1,183-Serge Ibaka 1,101-Brook Lopez 1,069- D…
1427504396380774403, 492796937, 2021-08-17T05:35:44.000Z, RT @ALLICONICSPORTS: Most Blocks in the NBA since 2013:  1,323-Anthony Davis 1,220-Rudy Gobert 1,183-Serge Ibaka 1,101-Brook Lopez 1,069- D…
1427504723511455764, 3238550389, 2021-08-17T05:37:02.000Z, RT @ALLICONICSPORTS: Most Blocks in the NBA since 2013:  1,323-Anthony Davis 1,220-Rudy Gobert 1,183-Serge Ibaka 1,101-Brook Lopez 1,069- D…
1427505396894240769, 1390533476680552448, 2021-08-17T05:39:43.000Z, RT @ALLICONICSPORTS: Most Blocks in the NBA since 2013:  1,323-Anthony Davis 1,220-Rudy Gobert 1,183-Serge Ibaka 1,101-Brook Lopez 1,069- D…
1427505975599280132, 399660042, 2021-08-17T05:42:01.000Z, RT @ALLICONICSPORTS: Most Blocks in the NBA since 2013:  1,323-Anthony Davis 1,220-Rudy Gobert 1,183-Serge Ibaka 1,101-Brook Lopez 1,069- D…
1427506040053149709, 302866062, 2021-08-17T05:42:16.000Z, RT @ALLICONICSPORTS: Most Blocks in the NBA since 2013:  1,323-Anthony Davis 1,220-Rudy Gobert 1,183-Serge Ibaka 1,101-Brook Lopez 1,069- D…
1427509549133705233, 1016235691, 2021-08-17T05:56:13.000Z, RT @ALLICONICSPORTS: Most Blocks in the NBA since 2013:  1,323-Anthony Davis 1,220-Rudy Gobert 1,183-Serge Ibaka 1,101-Brook Lopez 1,069- D…
1427510270465912853, 791742110437376001, 2021-08-17T05:59:04.000Z, RT @ALLICONICSPORTS: Most Blocks in the NBA since 2013:  1,323-Anthony Davis 1,220-Rudy Gobert 1,183-Serge Ibaka 1,101-Brook Lopez 1,069- D…
1427511052900741137, 2914462084, 2021-08-17T06:02:11.000Z, RT @ALLICONICSPORTS: Most Blocks in the NBA since 2013:  1,323-Anthony Davis 1,220-Rudy Gobert 1,183-Serge Ibaka 1,101-Brook Lopez 1,069- D…
1427512411989454886, 111417441, 2021-08-17T06:07:35.000Z, RT @ALLICONICSPORTS: Most Blocks in the NBA since 2013:  1,323-Anthony Davis 1,220-Rudy Gobert 1,183-Serge Ibaka 1,101-Brook Lopez 1,069- D…
1427512581829406743, 751281348657033222, 2021-08-17T06:08:16.000Z, RT @ALLICONICSPORTS: Most Blocks in the NBA since 2013:  1,323-Anthony Davis 1,220-Rudy Gobert 1,183-Serge Ibaka 1,101-Brook Lopez 1,069- D…
1427514310335639559, 111104738, 2021-08-17T06:15:08.000Z, RT @ALLICONICSPORTS: Most Blocks in the NBA since 2013:  1,323-Anthony Davis 1,220-Rudy Gobert 1,183-Serge Ibaka 1,101-Brook Lopez 1,069- D…
1427517889058271232, 1150506185067397120, 2021-08-17T06:29:21.000Z, RT @ALLICONICSPORTS: Most Blocks in the NBA since 2013:  1,323-Anthony Davis 1,220-Rudy Gobert 1,183-Serge Ibaka 1,101-Brook Lopez 1,069- D…
1427518225152024581, 578604187, 2021-08-17T06:30:41.000Z, RT @ALLICONICSPORTS: Most Blocks in the NBA since 2013:  1,323-Anthony Davis 1,220-Rudy Gobert 1,183-Serge Ibaka 1,101-Brook Lopez 1,069- D…
1427518364218535942, 2174550799, 2021-08-17T06:31:14.000Z, RT @ALLICONICSPORTS: Most Blocks in the NBA since 2013:  1,323-Anthony Davis 1,220-Rudy Gobert 1,183-Serge Ibaka 1,101-Brook Lopez 1,069- D…
1427519923928981504, 398981398, 2021-08-17T06:37:26.000Z, RT @ALLICONICSPORTS: Most Blocks in the NBA since 2013:  1,323-Anthony Davis 1,220-Rudy Gobert 1,183-Serge Ibaka 1,101-Brook Lopez 1,069- D…
1427521699017371677, 306001972, 2021-08-17T06:44:29.000Z, RT @ALLICONICSPORTS: Most Blocks in the NBA since 2013:  1,323-Anthony Davis 1,220-Rudy Gobert 1,183-Serge Ibaka 1,101-Brook Lopez 1,069- D…
1427525245041356821, 1017195563480244224, 2021-08-17T06:58:35.000Z, RT @ALLICONICSPORTS: Most Blocks in the NBA since 2013:  1,323-Anthony Davis 1,220-Rudy Gobert 1,183-Serge Ibaka 1,101-Brook Lopez 1,069- D…
1427536604709728270, 1123844222958936064, 2021-08-17T07:43:43.000Z, RT @ALLICONICSPORTS: Most Blocks in the NBA since 2013:  1,323-Anthony Davis 1,220-Rudy Gobert 1,183-Serge Ibaka 1,101-Brook Lopez 1,069- D…
1427539536712773633, 573531813, 2021-08-17T07:55:22.000Z, RT @ALLICONICSPORTS: Most Blocks in the NBA since 2013:  1,323-Anthony Davis 1,220-Rudy Gobert 1,183-Serge Ibaka 1,101-Brook Lopez 1,069- D…
1427546500691730433, 244099971, 2021-08-17T08:23:02.000Z, RT @ALLICONICSPORTS: Most Blocks in the NBA since 2013:  1,323-Anthony Davis 1,220-Rudy Gobert 1,183-Serge Ibaka 1,101-Brook Lopez 1,069- D…
1427552012003127318, 866411886, 2021-08-17T08:44:56.000Z, RT @ALLICONICSPORTS: Most Blocks in the NBA since 2013:  1,323-Anthony Davis 1,220-Rudy Gobert 1,183-Serge Ibaka 1,101-Brook Lopez 1,069- D…
1427552635079561217, 434250233, 2021-08-17T08:47:25.000Z, RT @ALLICONICSPORTS: Most Blocks in the NBA since 2013:  1,323-Anthony Davis 1,220-Rudy Gobert 1,183-Serge Ibaka 1,101-Brook Lopez 1,069- D…
1427553752945471496, 15929347, 2021-08-17T08:51:52.000Z, RT @ALLICONICSPORTS: Most Blocks in the NBA since 2013:  1,323-Anthony Davis 1,220-Rudy Gobert 1,183-Serge Ibaka 1,101-Brook Lopez 1,069- D…
1427554287828226050, 1049597100, 2021-08-17T08:53:59.000Z, RT @ALLICONICSPORTS: Most Blocks in the NBA since 2013:  1,323-Anthony Davis 1,220-Rudy Gobert 1,183-Serge Ibaka 1,101-Brook Lopez 1,069- D…
1427555331459137548, 1409615363021619204, 2021-08-17T08:58:08.000Z, RT @ALLICONICSPORTS: Most Blocks in the NBA since 2013:  1,323-Anthony Davis 1,220-Rudy Gobert 1,183-Serge Ibaka 1,101-Brook Lopez 1,069- D…
1427558589602881553, 328738829, 2021-08-17T09:11:05.000Z, RT @ALLICONICSPORTS: Most Blocks in the NBA since 2013:  1,323-Anthony Davis 1,220-Rudy Gobert 1,183-Serge Ibaka 1,101-Brook Lopez 1,069- D…
1427559190629867524, 714173965648994305, 2021-08-17T09:13:28.000Z, RT @ALLICONICSPORTS: Most Blocks in the NBA since 2013:  1,323-Anthony Davis 1,220-Rudy Gobert 1,183-Serge Ibaka 1,101-Brook Lopez 1,069- D…
1427561778758684675, 1016756345364733959, 2021-08-17T09:23:45.000Z, RT @ALLICONICSPORTS: Most Blocks in the NBA since 2013:  1,323-Anthony Davis 1,220-Rudy Gobert 1,183-Serge Ibaka 1,101-Brook Lopez 1,069- D…
1427566011558027283, 65000424, 2021-08-17T09:40:34.000Z, RT @ALLICONICSPORTS: Most Blocks in the NBA since 2013:  1,323-Anthony Davis 1,220-Rudy Gobert 1,183-Serge Ibaka 1,101-Brook Lopez 1,069- D…
1427566633455955971, 1235890663423709184, 2021-08-17T09:43:02.000Z, RT @ALLICONICSPORTS: Most Blocks in the NBA since 2013:  1,323-Anthony Davis 1,220-Rudy Gobert 1,183-Serge Ibaka 1,101-Brook Lopez 1,069- D…
1427567414171033615, 409889507, 2021-08-17T09:46:09.000Z, RT @ALLICONICSPORTS: Most Blocks in the NBA since 2013:  1,323-Anthony Davis 1,220-Rudy Gobert 1,183-Serge Ibaka 1,101-Brook Lopez 1,069- D…
1427569421598351363, 3614603120, 2021-08-17T09:54:07.000Z, RT @ALLICONICSPORTS: Most Blocks in the NBA since 2013:  1,323-Anthony Davis 1,220-Rudy Gobert 1,183-Serge Ibaka 1,101-Brook Lopez 1,069- D…
1427569434391203841, 709055583, 2021-08-17T09:54:10.000Z, RT @ALLICONICSPORTS: Most Blocks in the NBA since 2013:  1,323-Anthony Davis 1,220-Rudy Gobert 1,183-Serge Ibaka 1,101-Brook Lopez 1,069- D…
1427569534328791043, 2221578947, 2021-08-17T09:54:34.000Z, RT @ALLICONICSPORTS: Most Blocks in the NBA since 2013:  1,323-Anthony Davis 1,220-Rudy Gobert 1,183-Serge Ibaka 1,101-Brook Lopez 1,069- D…
1427571709184466962, 1008378510375874560, 2021-08-17T10:03:13.000Z, RT @ALLICONICSPORTS: Most Blocks in the NBA since 2013:  1,323-Anthony Davis 1,220-Rudy Gobert 1,183-Serge Ibaka 1,101-Brook Lopez 1,069- D…
1427575678388559893, 1123584261607624704, 2021-08-17T10:18:59.000Z, RT @ALLICONICSPORTS: Most Blocks in the NBA since 2013:  1,323-Anthony Davis 1,220-Rudy Gobert 1,183-Serge Ibaka 1,101-Brook Lopez 1,069- D…
1427576119889387568, 448064495, 2021-08-17T10:20:44.000Z, RT @ALLICONICSPORTS: Most Blocks in the NBA since 2013:  1,323-Anthony Davis 1,220-Rudy Gobert 1,183-Serge Ibaka 1,101-Brook Lopez 1,069- D…
1427577884999254016, 1250570817575907329, 2021-08-17T10:27:45.000Z, RT @ALLICONICSPORTS: Most Blocks in the NBA since 2013:  1,323-Anthony Davis 1,220-Rudy Gobert 1,183-Serge Ibaka 1,101-Brook Lopez 1,069- D…
1427583560844816385, 965110507, 2021-08-17T10:50:18.000Z, RT @ALLICONICSPORTS: Most Blocks in the NBA since 2013:  1,323-Anthony Davis 1,220-Rudy Gobert 1,183-Serge Ibaka 1,101-Brook Lopez 1,069- D…
1427590204622315520, 59367948, 2021-08-17T11:16:42.000Z, RT @ALLICONICSPORTS: Most Blocks in the NBA since 2013:  1,323-Anthony Davis 1,220-Rudy Gobert 1,183-Serge Ibaka 1,101-Brook Lopez 1,069- D…
1427591758242893855, 996552917762093057, 2021-08-17T11:22:53.000Z, RT @ALLICONICSPORTS: Most Blocks in the NBA since 2013:  1,323-Anthony Davis 1,220-Rudy Gobert 1,183-Serge Ibaka 1,101-Brook Lopez 1,069- D…
1427591784650186752, 1571731508, 2021-08-17T11:22:59.000Z, RT @ALLICONICSPORTS: Most Blocks in the NBA since 2013:  1,323-Anthony Davis 1,220-Rudy Gobert 1,183-Serge Ibaka 1,101-Brook Lopez 1,069- D…
1427592283885654035, 2387652247, 2021-08-17T11:24:58.000Z, RT @ALLICONICSPORTS: Most Blocks in the NBA since 2013:  1,323-Anthony Davis 1,220-Rudy Gobert 1,183-Serge Ibaka 1,101-Brook Lopez 1,069- D…
1427592839303778314, 117657248, 2021-08-17T11:27:10.000Z, RT @ALLICONICSPORTS: Most Blocks in the NBA since 2013:  1,323-Anthony Davis 1,220-Rudy Gobert 1,183-Serge Ibaka 1,101-Brook Lopez 1,069- D…
1427593357140938760, 2688095159, 2021-08-17T11:29:14.000Z, RT @ALLICONICSPORTS: Most Blocks in the NBA since 2013:  1,323-Anthony Davis 1,220-Rudy Gobert 1,183-Serge Ibaka 1,101-Brook Lopez 1,069- D…
1427598206762995718, 2396727373, 2021-08-17T11:48:30.000Z, RT @ALLICONICSPORTS: Most Blocks in the NBA since 2013:  1,323-Anthony Davis 1,220-Rudy Gobert 1,183-Serge Ibaka 1,101-Brook Lopez 1,069- D…
1427598807055978515, 777221193803988992, 2021-08-17T11:50:53.000Z, RT @ALLICONICSPORTS: Most Blocks in the NBA since 2013:  1,323-Anthony Davis 1,220-Rudy Gobert 1,183-Serge Ibaka 1,101-Brook Lopez 1,069- D…
1427600668173377543, 1255611703687024641, 2021-08-17T11:58:17.000Z, RT @ALLICONICSPORTS: Most Blocks in the NBA since 2013:  1,323-Anthony Davis 1,220-Rudy Gobert 1,183-Serge Ibaka 1,101-Brook Lopez 1,069- D…
1427605079784308737, 597658222, 2021-08-17T12:15:49.000Z, RT @ALLICONICSPORTS: Most Blocks in the NBA since 2013:  1,323-Anthony Davis 1,220-Rudy Gobert 1,183-Serge Ibaka 1,101-Brook Lopez 1,069- D…
1427605562926288925, 2636732981, 2021-08-17T12:17:44.000Z, RT @ALLICONICSPORTS: Most Blocks in the NBA since 2013:  1,323-Anthony Davis 1,220-Rudy Gobert 1,183-Serge Ibaka 1,101-Brook Lopez 1,069- D…
1427606695707127812, 186866769, 2021-08-17T12:22:14.000Z, RT @ALLICONICSPORTS: Most Blocks in the NBA since 2013:  1,323-Anthony Davis 1,220-Rudy Gobert 1,183-Serge Ibaka 1,101-Brook Lopez 1,069- D…
1427606818688323615, 272946436, 2021-08-17T12:22:43.000Z, RT @ALLICONICSPORTS: Most Blocks in the NBA since 2013:  1,323-Anthony Davis 1,220-Rudy Gobert 1,183-Serge Ibaka 1,101-Brook Lopez 1,069- D…
1427608031509073948, 308993919, 2021-08-17T12:27:33.000Z, RT @ALLICONICSPORTS: Most Blocks in the NBA since 2013:  1,323-Anthony Davis 1,220-Rudy Gobert 1,183-Serge Ibaka 1,101-Brook Lopez 1,069- D…
1427610564398813192, 1145464153898983425, 2021-08-17T12:37:36.000Z, RT @ALLICONICSPORTS: Most Blocks in the NBA since 2013:  1,323-Anthony Davis 1,220-Rudy Gobert 1,183-Serge Ibaka 1,101-Brook Lopez 1,069- D…
1427611752280231941, 1599768151, 2021-08-17T12:42:20.000Z, RT @ALLICONICSPORTS: Most Blocks in the NBA since 2013:  1,323-Anthony Davis 1,220-Rudy Gobert 1,183-Serge Ibaka 1,101-Brook Lopez 1,069- D…
1427615714014232577, 511415071, 2021-08-17T12:58:04.000Z, RT @ALLICONICSPORTS: Most Blocks in the NBA since 2013:  1,323-Anthony Davis 1,220-Rudy Gobert 1,183-Serge Ibaka 1,101-Brook Lopez 1,069- D…
1427616294413668361, 895508686113845248, 2021-08-17T13:00:23.000Z, RT @ALLICONICSPORTS: Most Blocks in the NBA since 2013:  1,323-Anthony Davis 1,220-Rudy Gobert 1,183-Serge Ibaka 1,101-Brook Lopez 1,069- D…
1427618547711217673, 188457060, 2021-08-17T13:09:20.000Z, RT @ALLICONICSPORTS: Most Blocks in the NBA since 2013:  1,323-Anthony Davis 1,220-Rudy Gobert 1,183-Serge Ibaka 1,101-Brook Lopez 1,069- D…
1427627313156481036, 96320034, 2021-08-17T13:44:10.000Z, RT @ALLICONICSPORTS: Most Blocks in the NBA since 2013:  1,323-Anthony Davis 1,220-Rudy Gobert 1,183-Serge Ibaka 1,101-Brook Lopez 1,069- D…
1427629962606137347, 733884150411755520, 2021-08-17T13:54:41.000Z, RT @ALLICONICSPORTS: Most Blocks in the NBA since 2013:  1,323-Anthony Davis 1,220-Rudy Gobert 1,183-Serge Ibaka 1,101-Brook Lopez 1,069- D…
1427630303447863299, 79938035, 2021-08-17T13:56:03.000Z, RT @ALLICONICSPORTS: Most Blocks in the NBA since 2013:  1,323-Anthony Davis 1,220-Rudy Gobert 1,183-Serge Ibaka 1,101-Brook Lopez 1,069- D…
1427632338591272971, 1203318198, 2021-08-17T14:04:08.000Z, RT @ALLICONICSPORTS: Most Blocks in the NBA since 2013:  1,323-Anthony Davis 1,220-Rudy Gobert 1,183-Serge Ibaka 1,101-Brook Lopez 1,069- D…
1427632723238211604, 1271703391, 2021-08-17T14:05:40.000Z, RT @ALLICONICSPORTS: Most Blocks in the NBA since 2013:  1,323-Anthony Davis 1,220-Rudy Gobert 1,183-Serge Ibaka 1,101-Brook Lopez 1,069- D…
1427634477078093828, 1101842165964173313, 2021-08-17T14:12:38.000Z, RT @ALLICONICSPORTS: Most Blocks in the NBA since 2013:  1,323-Anthony Davis 1,220-Rudy Gobert 1,183-Serge Ibaka 1,101-Brook Lopez 1,069- D…
1427635059725672460, 1191409232056389634, 2021-08-17T14:14:57.000Z, RT @ALLICONICSPORTS: Most Blocks in the NBA since 2013:  1,323-Anthony Davis 1,220-Rudy Gobert 1,183-Serge Ibaka 1,101-Brook Lopez 1,069- D…
1427636142069932039, 2463091615, 2021-08-17T14:19:15.000Z, RT @ALLICONICSPORTS: Most Blocks in the NBA since 2013:  1,323-Anthony Davis 1,220-Rudy Gobert 1,183-Serge Ibaka 1,101-Brook Lopez 1,069- D…
1427637533836562438, 357118407, 2021-08-17T14:24:46.000Z, RT @ALLICONICSPORTS: Most Blocks in the NBA since 2013:  1,323-Anthony Davis 1,220-Rudy Gobert 1,183-Serge Ibaka 1,101-Brook Lopez 1,069- D…
1427638152911630351, 2890300045, 2021-08-17T14:27:14.000Z, RT @ALLICONICSPORTS: Most Blocks in the NBA since 2013:  1,323-Anthony Davis 1,220-Rudy Gobert 1,183-Serge Ibaka 1,101-Brook Lopez 1,069- D…
1427640513042210819, 739819775044538369, 2021-08-17T14:36:37.000Z, RT @ALLICONICSPORTS: Most Blocks in the NBA since 2013:  1,323-Anthony Davis 1,220-Rudy Gobert 1,183-Serge Ibaka 1,101-Brook Lopez 1,069- D…
1427640965167296517, 367282791, 2021-08-17T14:38:25.000Z, RT @ALLICONICSPORTS: Most Blocks in the NBA since 2013:  1,323-Anthony Davis 1,220-Rudy Gobert 1,183-Serge Ibaka 1,101-Brook Lopez 1,069- D…
1427643912622071812, 52864730, 2021-08-17T14:50:07.000Z, RT @ALLICONICSPORTS: Most Blocks in the NBA since 2013:  1,323-Anthony Davis 1,220-Rudy Gobert 1,183-Serge Ibaka 1,101-Brook Lopez 1,069- D…
1427644424931221506, 1292988374060597248, 2021-08-17T14:52:09.000Z, RT @ALLICONICSPORTS: Most Blocks in the NBA since 2013:  1,323-Anthony Davis 1,220-Rudy Gobert 1,183-Serge Ibaka 1,101-Brook Lopez 1,069- D…
1427647419173543943, 1153778689328500737, 2021-08-17T15:04:03.000Z, RT @ALLICONICSPORTS: Most Blocks in the NBA since 2013:  1,323-Anthony Davis 1,220-Rudy Gobert 1,183-Serge Ibaka 1,101-Brook Lopez 1,069- D…
1427648169194795011, 2513827462, 2021-08-17T15:07:02.000Z, RT @ALLICONICSPORTS: Most Blocks in the NBA since 2013:  1,323-Anthony Davis 1,220-Rudy Gobert 1,183-Serge Ibaka 1,101-Brook Lopez 1,069- D…
1427648240535625731, 1122904929067241472, 2021-08-17T15:07:19.000Z, RT @ALLICONICSPORTS: Most Blocks in the NBA since 2013:  1,323-Anthony Davis 1,220-Rudy Gobert 1,183-Serge Ibaka 1,101-Brook Lopez 1,069- D…
1427648885351231513, 1201293750489751554, 2021-08-17T15:09:53.000Z, RT @ALLICONICSPORTS: Most Blocks in the NBA since 2013:  1,323-Anthony Davis 1,220-Rudy Gobert 1,183-Serge Ibaka 1,101-Brook Lopez 1,069- D…
1427649086778400776, 60264243, 2021-08-17T15:10:41.000Z, RT @ALLICONICSPORTS: Most Blocks in the NBA since 2013:  1,323-Anthony Davis 1,220-Rudy Gobert 1,183-Serge Ibaka 1,101-Brook Lopez 1,069- D…
1427653321700040709, 744648988088012801, 2021-08-17T15:27:31.000Z, RT @ALLICONICSPORTS: Most Blocks in the NBA since 2013:  1,323-Anthony Davis 1,220-Rudy Gobert 1,183-Serge Ibaka 1,101-Brook Lopez 1,069- D…
1427653931895869440, 735199223398944768, 2021-08-17T15:29:56.000Z, RT @ALLICONICSPORTS: Most Blocks in the NBA since 2013:  1,323-Anthony Davis 1,220-Rudy Gobert 1,183-Serge Ibaka 1,101-Brook Lopez 1,069- D…
1427655140182482952, 1602460536, 2021-08-17T15:34:44.000Z, RT @ALLICONICSPORTS: Most Blocks in the NBA since 2013:  1,323-Anthony Davis 1,220-Rudy Gobert 1,183-Serge Ibaka 1,101-Brook Lopez 1,069- D…
1427656840490496002, 123173729, 2021-08-17T15:41:30.000Z, RT @ALLICONICSPORTS: Most Blocks in the NBA since 2013:  1,323-Anthony Davis 1,220-Rudy Gobert 1,183-Serge Ibaka 1,101-Brook Lopez 1,069- D…
1427657591153467395, 451042992, 2021-08-17T15:44:28.000Z, RT @ALLICONICSPORTS: Most Blocks in the NBA since 2013:  1,323-Anthony Davis 1,220-Rudy Gobert 1,183-Serge Ibaka 1,101-Brook Lopez 1,069- D…
1427659391164112899, 2923566411, 2021-08-17T15:51:38.000Z, RT @ALLICONICSPORTS: Most Blocks in the NBA since 2013:  1,323-Anthony Davis 1,220-Rudy Gobert 1,183-Serge Ibaka 1,101-Brook Lopez 1,069- D…
1427659775282585601, 464341176, 2021-08-17T15:53:09.000Z, RT @ALLICONICSPORTS: Most Blocks in the NBA since 2013:  1,323-Anthony Davis 1,220-Rudy Gobert 1,183-Serge Ibaka 1,101-Brook Lopez 1,069- D…
1427660945896222728, 266365117, 2021-08-17T15:57:48.000Z, RT @ALLICONICSPORTS: Most Blocks in the NBA since 2013:  1,323-Anthony Davis 1,220-Rudy Gobert 1,183-Serge Ibaka 1,101-Brook Lopez 1,069- D…
1427662863842299911, 478165174, 2021-08-17T16:05:26.000Z, RT @ALLICONICSPORTS: Most Blocks in the NBA since 2013:  1,323-Anthony Davis 1,220-Rudy Gobert 1,183-Serge Ibaka 1,101-Brook Lopez 1,069- D…
1427663679064002566, 299155402, 2021-08-17T16:08:40.000Z, RT @ALLICONICSPORTS: Most Blocks in the NBA since 2013:  1,323-Anthony Davis 1,220-Rudy Gobert 1,183-Serge Ibaka 1,101-Brook Lopez 1,069- D…
1427665682624401409, 237004191, 2021-08-17T16:16:38.000Z, RT @ALLICONICSPORTS: Most Blocks in the NBA since 2013:  1,323-Anthony Davis 1,220-Rudy Gobert 1,183-Serge Ibaka 1,101-Brook Lopez 1,069- D…
1427668593685278722, 1386062910275915779, 2021-08-17T16:28:12.000Z, RT @ALLICONICSPORTS: Most Blocks in the NBA since 2013:  1,323-Anthony Davis 1,220-Rudy Gobert 1,183-Serge Ibaka 1,101-Brook Lopez 1,069- D…
1427703077893771265, 2300790236, 2021-08-17T18:45:13.000Z, RT @ALLICONICSPORTS: Most Blocks in the NBA since 2013:  1,323-Anthony Davis 1,220-Rudy Gobert 1,183-Serge Ibaka 1,101-Brook Lopez 1,069- D…
1427752133491838977, 1410782293493530624, 2021-08-17T22:00:09.000Z, Top 10 #1 Picks in the NBA (Active)  1. LeBron James 🏞 2. Anthony Davis 🏞 3. Zion Williamson 🦆 4. Ben Simmons 🔔 5. DeAndre Ayton ☀️ 6. Andrew Wiggins 🌉 7. Karl-Anthony Towns 🐺 8. Kyrie Irving 🥅 9. Derrick Rose 🗽 10. Anthony Edwards 🐺  Thoughts?
1427757045219012608, 4888287942, 2021-08-17T22:19:40.000Z, @driipz13 @thereal69savag3 @smokegawd3000 Phoenix Suns can stop Lebron James's dribble-drive with 4 defenders clogging the paint. They can't stop 6'11 A.D from shooting over the top. DeAndre Ayton is no match for Anthony Davis.
1427763240675643394, 99822746, 2021-08-17T22:44:17.000Z, RT @ALLICONICSPORTS: Most Blocks in the NBA since 2013:  1,323-Anthony Davis 1,220-Rudy Gobert 1,183-Serge Ibaka 1,101-Brook Lopez 1,069- D…
1427879700219768834, 1334962104424665096, 2021-08-18T06:27:03.000Z, RT @ALLICONICSPORTS: Most Blocks in the NBA since 2013:  1,323-Anthony Davis 1,220-Rudy Gobert 1,183-Serge Ibaka 1,101-Brook Lopez 1,069- D…
1427980947044065282, 3582901757, 2021-08-18T13:09:23.000Z, team with Deandre jordan,  Carmelo Anthony, batman, Anthony davis, and homer
1428020977779281929, 4888287942, 2021-08-18T15:48:27.000Z, @JaValeMcPhoenix @LakersNation Twin Shot-blockers special lineup of Anthony Davis and Dwight Howard will get plenty of playing time because Anthony Davis is "fragile," doesn't want to bang in the paint against 7'0 DeAndre Ayton for offensive rebounds on a regular basis.
1428184937950232582, 1213664339191681025, 2021-08-19T02:39:58.000Z, Charles davis had deandre baker mocked to the chiefs for the 2019 draft, kinda cool how we actually have him now
1428809863069569025, 984775300163751942, 2021-08-20T20:03:12.000Z, Bron &gt; KD Davis &gt; Blake  Dwight &gt; DeAndre Melo  = Harden (they even out) Westbrook &lt; Kyrie    Lakers &gt; Nets https://t.co/8asJNv3MWZ
1428848829348995081, 928872818, 2021-08-20T22:38:02.000Z, @swaveyquis Guess we're just on a different page then. I don't see how you would say Deandre Ayton is as good as Anthony Davis was when he was the same age.
1428879526336077824, 1117942914666192899, 2021-08-21T00:40:01.000Z, @ESPNNBA Westbrook &lt;&lt;&lt;&lt; kyrie Carmelo &gt;&gt;&gt;&gt;&gt;&gt;&gt;&gt;&gt;&gt; Harden ROTY LeBron ==== ROTY Durant Davis &lt;&lt;&lt;&lt;&lt;&lt;&lt;&lt; Blake Howard &gt;&gt;&gt;&gt;&gt;&gt;&gt;&gt;&gt;&gt; DeAndre  Nets in 7
1428888920994062339, 1241546125007519744, 2021-08-21T01:17:20.000Z, @StevieWFT I dont know if I heard him wrong or not, but I'm 99% sure he said that DeAndre Carter got talked by Jamin Davis
1429084616049233920, 195409295, 2021-08-21T14:14:58.000Z, O 16:00 rozpoczęliśmy spotkanie ze @SpojniaStargard. 🏀 Do rywalizacji przystąpiliśmy w składzie Brandon Young, Yannick Franke, Michał Kolenda, DeAndre Davis i Paweł Leończyk. #plkpl https://t.co/t2lcyyr04y
1429195120709152769, 1205647089344110593, 2021-08-21T21:34:04.000Z, @AOopBR MVP:  Stephen Curry  ROY: Jalen Green  MIP: DeAndre Ayton  DPOY: Anthony Davis  COY: Steve Kerr   Finalistas: Lakers x 76ers  Campeão: Lakers
1429445053789966349, 840578982890344449, 2021-08-22T14:07:13.000Z, What if this 4th round pick could turn out to be the caliber of DeAndre Levy. We need some luck after the failure of 1st round pick Jarrad Davis, which him luck in NY though! https://t.co/nt0fbGrvde
1429452975613825025, 1294327607354327040, 2021-08-22T14:38:41.000Z, @MattDonnellyFF @MyFantasyLeague @DynastyVipers QB - Deshaun Watson  RB- Arian Foster RB - Domanick Davis or Ahman Green (if you get Packers years) WR- Andre Johnson WR - DeAndre Hopkins WR - Will Fuller TE- Owen Daniels W/R/T- Brandin Cooks W/R/T - Demaryius Thomas (if you get his Broncos years) Q/W/R/T- Matt Schuab
1429495783993270278, 3334410552, 2021-08-22T17:28:48.000Z, Only nine other WRs had at least four games above 30%.  Games with a TPRR of 30% or higher: 7 - Davante Adams 5 - Stefon Diggs, Alvin Kamara, Keenan Allen, Diontae Johnson 4 - Chase Claypool, Darren Waller, Corey Davis, Allen Robinson, A.J. Brown, DeAndre Hopkins
1429611404064083975, 317929799, 2021-08-23T01:08:14.000Z, @TheFFBallers Full PPR &amp; keeper league. DeAndre Swift at 6.1 or Mike Davis at 10.1?
1429618001226174474, 528119915, 2021-08-23T01:34:27.000Z, @1smoovemf A bad shooter is a bad shooter idc how you try to justify that and you said deandre Ayton like he Anthony Davis or somebody 😂 ain’t hard to guard somebody that don’t score but 5 ft from the basket. He’s a dpoy for the same reasons as Rudy Gobert. If not show me some perimeter
1429682737703706625, 1344691479067951104, 2021-08-23T05:51:41.000Z, RT @ALLICONICSPORTS: Most Blocks in the NBA since 2013:  1,323-Anthony Davis 1,220-Rudy Gobert 1,183-Serge Ibaka 1,101-Brook Lopez 1,069- D…
