id, author_id, created_at, text
1512199804239065097, 4832205337, 2022-04-07T22:45:03.000Z, RT @benwright: #SKCvNSH availability report:  #SportingKC OUT: Gadi Kinda (knee surgery), Jose Mauri (unavailable), Alan Pulido (knee surge…
1512205792598007809, 934828912080809985, 2022-04-07T23:08:51.000Z, #SKCvNSH availability report: #SportingKC OUT: M Gadi Kinda (knee), M Jose Mauri (top secret mystery), F Alan Pulido (knee) #EveryoneN OUT: F Teal Bunbury (knee), D Robert Castellanos (ankle) SUSP.: M Dax McCarty (violent conduct red)  #majorleaguesoccer
1512225489745813505, 19830297, 2022-04-08T00:27:07.000Z, RT @ClubCountryUSA: #SKCvNSH availability report: #SportingKC OUT: M Gadi Kinda (knee), M Jose Mauri (top secret mystery), F Alan Pulido (k…
1512433088042835968, 934828912080809985, 2022-04-08T14:12:02.000Z, RT @ClubCountryUSA: #SKCvNSH availability report: #SportingKC OUT: M Gadi Kinda (knee), M Jose Mauri (top secret mystery), F Alan Pulido (k…
