id, author_id, created_at, text
1161352364999110657, 69149755, 2019-08-13T19:02:35.000Z, Speaking at the #CA4ALL Rally, CFA Associate VP Margarita Berta-Avila, says #CA4ALL means teaching our @calstate students how “to be conscious, productive participants in our society.” #CA4ALL #AB1460 #caleg #ethnicstudiesyes https://t.co/J9YXxpbF1f
1161352619773710336, 69149755, 2019-08-13T19:03:36.000Z, CFA Associate VP Margarita Berta-Avila: our members “...intentionally center anti-racism as part of our daily work, by codifying guiding principles of anti-racism, social justice and equity into our union’s bylaws, policies, practices…” #AB1460 #CA4ALL #caleg #ethnicstudiesyes https://t.co/IvnymJtun7
1161359259977732096, 367571920, 2019-08-13T19:29:59.000Z, RT @CFA_News: Speaking at the #CA4ALL Rally, CFA Associate VP Margarita Berta-Avila, says #CA4ALL means teaching our @calstate students how…
1161359300087783424, 367571920, 2019-08-13T19:30:08.000Z, RT @CFA_News: CFA Associate VP Margarita Berta-Avila: our members “...intentionally center anti-racism as part of our daily work, by codify…
1161366179975270400, 3012634598, 2019-08-13T19:57:29.000Z, RT @CFA_News: CFA Associate VP Margarita Berta-Avila: our members “...intentionally center anti-racism as part of our daily work, by codify…
1161395376970092544, 62521939, 2019-08-13T21:53:30.000Z, RT @CFA_News: CFA Associate VP Margarita Berta-Avila: our members “...intentionally center anti-racism as part of our daily work, by codify…
1161575555604656129, 2350701109, 2019-08-14T09:49:28.000Z, @Edurodriguezg Disfrutando mi hermoso Avila en este viaje corto a Caracas,para regresar próxima semana a mi bella isla de Margarita.
1161576111916101633, 108722247, 2019-08-14T09:51:40.000Z, RT @omairacabezona: @Edurodriguezg Disfrutando mi hermoso Avila en este viaje corto a Caracas,para regresar próxima semana a mi bella isla…
1161981951840063489, 1117399154, 2019-08-15T12:44:20.000Z, @PSOEdeAvila ¿Dónde está vuestra flamante diputada "made in Ávila" Margarita Robles presentando iniciativas para la provincia de Ávila? Menos mal que está el @PPopularAvila y @AliciaGarcia_Av  que se preocupan de nuestra tierra. Sois un fraude democrático @PSOEdeAvila https://t.co/ifB6cQvFt0
1162421381121957888, 176208877, 2019-08-16T17:50:28.000Z, @TarekWiliamSaab #NOSTALGIA de esa época de los 80 diversidad de estilos de  canciones.. excursiones y acampar en carpa en Los Caracas, El Ávila,  Morrocoy .. viajar en autobús a Mérida por el páramo.. ir a Margarita era como viajar a otro país.. el bulevard de sabana grande era sano y divertido
1162613307083251712, 82964046, 2019-08-17T06:33:07.000Z, @por_puesto Yo echo de menos La Luz de Caracas, ver el Ávila al despertar. Morrocoy, Margarita. Ahora estoy en Cádiz, la suelo echar de menos con la misma intensidad que a Caracas. Pronto iré a Almería. No al Cabo de Gata, pero si a un rinconcito especial. Te enviaré fotos 😊
1162762543590518784, 176208877, 2019-08-17T16:26:08.000Z, RT @jogre8a: @TarekWiliamSaab #NOSTALGIA de esa época de los 80 diversidad de estilos de  canciones.. excursiones y acampar en carpa en Los…
1162765927592673281, 219792387, 2019-08-17T16:39:34.000Z, RT @jogre8a: @TarekWiliamSaab #NOSTALGIA de esa época de los 80 diversidad de estilos de  canciones.. excursiones y acampar en carpa en Los…
1162829951349006338, 133828149, 2019-08-17T20:53:59.000Z, @versotica Si es vivir, en la ciudad. La playa no me encanta (y eso que vivía en Margarita), nunca voy a montañas (excepto cuando subía el Ávila de niño) y la selva, ¿quién con Twitter prefiere la selva? jajaja.
1162892728981696513, 1102582230, 2019-08-18T01:03:26.000Z, Razon mas que suficiente para que Cebreros tenga una dotacion de dicho cuerpo como dijo Margarita Robles en la ultima campaña electoral. https://t.co/w7LlcxiRwO
1162905701532016640, 1916838595, 2019-08-18T01:54:59.000Z, RT @sergiosnbl: Razon mas que suficiente para que Cebreros tenga una dotacion de dicho cuerpo como dijo Margarita Robles en la ultima campa…
1163100497831706625, 70007743, 2019-08-18T14:49:02.000Z, 1932, Navalcruz (Ávila). Margarita Andiano y Lucía Uceda contando cuentos a los niñas y niños de la villa. Archivo Residencia de Estudiantes, Madrid #Colorized Coloreada #MisionesPedagógicas https://t.co/GUgmtjS2IU
1163102116350746631, 1005798493473165313, 2019-08-18T14:55:28.000Z, RT @latinapaterson: 1932, Navalcruz (Ávila). Margarita Andiano y Lucía Uceda contando cuentos a los niñas y niños de la villa. Archivo Resi…
1163116333405495298, 251855271, 2019-08-18T15:51:58.000Z, RT @latinapaterson: 1932, Navalcruz (Ávila). Margarita Andiano y Lucía Uceda contando cuentos a los niñas y niños de la villa. Archivo Resi…
1163118611315265537, 146518820, 2019-08-18T16:01:01.000Z, RT @latinapaterson: 1932, Navalcruz (Ávila). Margarita Andiano y Lucía Uceda contando cuentos a los niñas y niños de la villa. Archivo Resi…
1163120288814510081, 1163721696, 2019-08-18T16:07:41.000Z, RT @latinapaterson: 1932, Navalcruz (Ávila). Margarita Andiano y Lucía Uceda contando cuentos a los niñas y niños de la villa. Archivo Resi…
1163139747587461122, 16570502, 2019-08-18T17:25:00.000Z, RT @latinapaterson: 1932, Navalcruz (Ávila). Margarita Andiano y Lucía Uceda contando cuentos a los niñas y niños de la villa. Archivo Resi…
1163402827261206528, 547903894, 2019-08-19T10:50:23.000Z, UN DIA ESPECIAL Y TRISTE EN LA FAMILIA INGA AVILA,RECUERDOS DE UNAS DE MI TIAS MARGARITA la llamada QUECA, HERMANA DE MI MADRE MERCEDES,Y SUS HERMANOS ,Y MIS PRIMOS JUAN PEPE,CHARO Y JAQUELIN UN ABRAZO FUERTE... https://t.co/3fBHLUOb3Z
1163514539595296769, 69149755, 2019-08-19T18:14:17.000Z, Margarita Berta-Avila, @sacstate professor + @CFA_News Associate VP, getting ready to call on @CalPERS to stop investing in private prison operators @CoreCivic and @WeAreGeo. #StandUp4Migrants #CloseTheCamps #UnionStrong https://t.co/7Clfd7GGKb
1163515326090207232, 67246392, 2019-08-19T18:17:25.000Z, RT @CFA_News: Margarita Berta-Avila, @sacstate professor + @CFA_News Associate VP, getting ready to call on @CalPERS to stop investing in p…
1163542339098304512, 69149755, 2019-08-19T20:04:45.000Z, @CFA_News Associate VP, Margarita Berta-Avila, tells @CalPERS its “isolated decision to continue investing in @CoreCivic and @WeAreGeo has made us [CFA members and public employees] all complicit in this unethical venture.” #StandUp4Migrants #CloseTheCamps #UnionStrong https://t.co/WC373thZhd
1163542601842061312, 69149755, 2019-08-19T20:05:48.000Z, Margarita Berta-Avila concludes @CalPERS remarks: “Like so many other times, the country and the world, are looking to California for leadership that resists and inspires on a host of issues...this is one of them.” #StandUp4Migrants #CloseTheCamps #UnionStrong
1163543899601641473, 829043039096107008, 2019-08-19T20:10:57.000Z, RT @CFA_News: Margarita Berta-Avila concludes @CalPERS remarks: “Like so many other times, the country and the world, are looking to Califo…
1163823849651048448, 373409323, 2019-08-20T14:43:23.000Z, 🔴🔴 #Endirecto Margarita Robles @Defensagob en #IFValleseco #IFGranCanaria "es de los mayores y los informes de @UMEgob son zona de España junto a Ávila más graves" https://t.co/Ti9FlDxYiw
1164064953302577153, 2390002256, 2019-08-21T06:41:26.000Z, RT @CFA_News: Margarita Berta-Avila, @sacstate professor + @CFA_News Associate VP, getting ready to call on @CalPERS to stop investing in p…
1164064961263329280, 480842188, 2019-08-21T06:41:28.000Z, RT @CFA_News: Margarita Berta-Avila, @sacstate professor + @CFA_News Associate VP, getting ready to call on @CalPERS to stop investing in p…
1164068858228957184, 2390002256, 2019-08-21T06:56:57.000Z, RT @CFA_News: @CFA_News Associate VP, Margarita Berta-Avila, tells @CalPERS its “isolated decision to continue investing in @CoreCivic and…
1164070317880332289, 2390002256, 2019-08-21T07:02:45.000Z, RT @CFA_News: Margarita Berta-Avila concludes @CalPERS remarks: “Like so many other times, the country and the world, are looking to Califo…
1164133062155935745, 4165292115, 2019-08-21T11:12:05.000Z, En directo Incendio de Gran Canaria: #IFGranCanaria #IFValleseco #IFAgaete  El jefe de la UME ha departido con la ministra de Defensa, Margarita Robles, y Pablo Casado, sobre los incendios más importantes declarados en España: los de Gran Canaria y Ávila. https://t.co/dHVuHnES1g
1164136710088925186, 1546184846, 2019-08-21T11:26:34.000Z, El jefe de UME departe con Margarita Robles y Pablo Casado sobre los fuegos de Ávila y Gran Canaria https://t.co/tCwnZYB6iX vía @efe_canarias
1164163430196088832, 1122334488, 2019-08-21T13:12:45.000Z, @portadas_vv Buenos Dias, queria saber si podrian felicitar a mi hijo sebastian avila que esta de Cumpleaños hoy desde la isla de margarita
1164199341982134272, 182506310, 2019-08-21T15:35:27.000Z, RT @EFE_Canarias: El jefe de UME departe con Margarita Robles y Pablo Casado sobre los fuegos de Ávila y Gran Canaria https://t.co/tCwnZYB6…
1164501327952715776, 237433642, 2019-08-22T11:35:26.000Z, Pedro Muñoz, alcalde de Cebreros reitera a @Defensagob  el ofrecimiento de fórmulas para contar con la presencia de @UMEgob en la localidad. De hecho, Margarita Robles, antes de la campaña de incendios ya mostró su disposición a desarrollar esta iniciativa. #IF #Ávila https://t.co/XGqjAfVmIu
1164501733793587204, 483796036, 2019-08-22T11:37:03.000Z, RT @PSOEdeAvila: Pedro Muñoz, alcalde de Cebreros reitera a @Defensagob  el ofrecimiento de fórmulas para contar con la presencia de @UMEgo…
1164516036034605063, 1707552476, 2019-08-22T12:33:53.000Z, RT @PSOEdeAvila: Pedro Muñoz, alcalde de Cebreros reitera a @Defensagob  el ofrecimiento de fórmulas para contar con la presencia de @UMEgo…
1164582356419776513, 1102582230, 2019-08-22T16:57:25.000Z, RT @PSOEdeAvila: Pedro Muñoz, alcalde de Cebreros reitera a @Defensagob  el ofrecimiento de fórmulas para contar con la presencia de @UMEgo…
1164648037001715722, 249728148, 2019-08-22T21:18:24.000Z, #mintur buenas tardes compaiotas una humilde sugerencia para fomentar el turismo en el pais sobre todo en margarita hagan unos  microsinformativo con nuestro defenzor y pasarlo por la  televicion como se la esta haciendo publicidad al avila
1164648100125958144, 249728148, 2019-08-22T21:18:39.000Z, RT @snamendez: #mintur buenas tardes compaiotas una humilde sugerencia para fomentar el turismo en el pais sobre todo en margarita hagan un…
1164905049195188224, 3417299465, 2019-08-23T14:19:41.000Z, @PSOEdeAvila @Defensagob Como que lo aplaude? Quiero pensar que como diputada nacional del @PSOEdeAvila de #Ávila lo habrá gestionado ella.  Margarita aprende de Chusma a  colgarte medallas.
1165495374188109824, 1151450277058363398, 2019-08-25T05:25:25.000Z, RT @latinapaterson: 1932, Navalcruz (Ávila). Margarita Andiano y Lucía Uceda contando cuentos a los niñas y niños de la villa. Archivo Resi…
1165730915752062978, 154706448, 2019-08-25T21:01:23.000Z, RT @laadelita3: la información difundida por el medio el blog del narco, Luis Felipe Calderón Zavala hijo del expresidente Felipe Calderon…
1165824480050143237, 901902380840755203, 2019-08-26T03:13:10.000Z, Me llevaste en mis tiempos d aventura y me recordaste Bitácora y 2 de Viajes con Valentina Q. Los hermosos viajes q pude realizar dsd el 2012 hasta el 2016, Margarita, Mérida, Ávila, Colonia Tovar, Sucre, La Tortuga, Canaima,.. Espero y algún día poder terminar lo que empecé 😢 https://t.co/iWZaqW9SVu
1165824618206248960, 1143675192641761281, 2019-08-26T03:13:43.000Z, RT @Marlin_gf: Me llevaste en mis tiempos d aventura y me recordaste Bitácora y 2 de Viajes con Valentina Q. Los hermosos viajes q pude rea…
1165890603550482437, 78637625, 2019-08-26T07:35:55.000Z, RT @Marlin_gf: Me llevaste en mis tiempos d aventura y me recordaste Bitácora y 2 de Viajes con Valentina Q. Los hermosos viajes q pude rea…
1165982309767626752, 624891663, 2019-08-26T13:40:20.000Z, 27-08-1930, nació en Los Robles, hoy El Pilar, Margarita, Edo. Nueva Esparta, Jesús Ávila o "Chú" Ávila, cantante y compositor. Murió en 2012. https://t.co/TIqWnzph92
1166352819290615808, 976190850588954627, 2019-08-27T14:12:36.000Z, #VEN911Zulia #27Ago #Efemérides  El cantante y compositor Jesús Ávila o "Chú" Ávila, nació el 27 de agosto de 1930, en Los Robles. Margarita, Edo. Nueva Esparta. https://t.co/FPWyTfebSm
1166423487843590147, 2716936303, 2019-08-27T18:53:25.000Z, #27Ago #Efemérides | El cantante y compositor Jesús Ávila o "Chú" Ávila, nació el 27 de agosto de 1930, en Los Robles. Margarita, Edo. Nueva Esparta. #VenezuelaTierraDePatriotas https://t.co/0mUHpVkSna
1166424151462035456, 1165306997924909056, 2019-08-27T18:56:03.000Z, RT @GMBNBT_Falcon: #27Ago #Efemérides | El cantante y compositor Jesús Ávila o "Chú" Ávila, nació el 27 de agosto de 1930, en Los Robles. M…
1166424892964843525, 335417012, 2019-08-27T18:59:00.000Z, RT @GMBNBT_Falcon: #27Ago #Efemérides | El cantante y compositor Jesús Ávila o "Chú" Ávila, nació el 27 de agosto de 1930, en Los Robles. M…
1166428511848030214, 1156409885887778817, 2019-08-27T19:13:23.000Z, RT @GMBNBT_Falcon: #27Ago #Efemérides | El cantante y compositor Jesús Ávila o "Chú" Ávila, nació el 27 de agosto de 1930, en Los Robles. M…
1166428819693232130, 1161365164458946570, 2019-08-27T19:14:36.000Z, RT @GMBNBT_Falcon: #27Ago #Efemérides | El cantante y compositor Jesús Ávila o "Chú" Ávila, nació el 27 de agosto de 1930, en Los Robles. M…
1166429735989235712, 1163862588729516034, 2019-08-27T19:18:14.000Z, RT @GMBNBT_Falcon: #27Ago #Efemérides | El cantante y compositor Jesús Ávila o "Chú" Ávila, nació el 27 de agosto de 1930, en Los Robles. M…
1166439536265760769, 3546103660, 2019-08-27T19:57:11.000Z, RT @GMBNBT_Falcon: #27Ago #Efemérides | El cantante y compositor Jesús Ávila o "Chú" Ávila, nació el 27 de agosto de 1930, en Los Robles. M…
1166566636800958464, 109278681, 2019-08-28T04:22:14.000Z, 🔹 Suena 'Diciembre En Margarita' ♫ 🔹 Intérprete: Jesus Avila 🇻🇪🎤 🔹 Descarga el MP3 ⬇ https://t.co/sTei3XCuXn 🔹 Sintonízanos en Caracas por la 96.3 FM 📻 🔹 Por Internet: https://t.co/7R7VsPhhBv 🌎
1166757437610909698, 130150373, 2019-08-28T17:00:25.000Z, Mary Nava Suamy Nayeli Avila Montalvo José David Margarita Hernandez JuarezJuan Jose apoyemos al emprendedor Teresita Román https://t.co/NrlkwzKfhv
1166850598639214593, 109278681, 2019-08-28T23:10:36.000Z, 🔹 Suena 'Diciembre En Margarita' ♫ 🔹 Intérprete: Jesus Avila 🇻🇪🎤 🔹 Descarga el MP3 ⬇ https://t.co/sTei3XCuXn 🔹 Sintonízanos en Caracas por la 96.3 FM 📻 🔹 Por Internet: https://t.co/7R7VsPhhBv 🌎
