id, author_id, created_at, text
644203864695050241, 1261219380, 2015-09-16T17:39:04.000Z, #LASD SEB &amp; many others pay final respects at funeral of Deputy Sheriff/Paramedic Cecilia Maria Hoschet. RIP. http://t.co/YtXI3fCzlj
644204212927221760, 94461872, 2015-09-16T17:40:27.000Z, RT @SEBLASD: #LASD SEB &amp; many others pay final respects at funeral of Deputy Sheriff/Paramedic Cecilia Maria Hoschet. RIP. http://t.co/YtXI…
644204525943828480, 212638721, 2015-09-16T17:41:42.000Z, RT @SEBLASD: #LASD SEB &amp; many others pay final respects at funeral of Deputy Sheriff/Paramedic Cecilia Maria Hoschet. RIP. http://t.co/YtXI…
644205621093363712, 2274094724, 2015-09-16T17:46:03.000Z, RT @SEBLASD: #LASD SEB &amp; many others pay final respects at funeral of Deputy Sheriff/Paramedic Cecilia Maria Hoschet. RIP. http://t.co/YtXI…
644205912924622852, 91637695, 2015-09-16T17:47:13.000Z, RT @SEBLASD: #LASD SEB &amp; many others pay final respects at funeral of Deputy Sheriff/Paramedic Cecilia Maria Hoschet. RIP. http://t.co/YtXI…
644206059960279040, 217239276, 2015-09-16T17:47:48.000Z, RT @SEBLASD: #LASD SEB &amp; many others pay final respects at funeral of Deputy Sheriff/Paramedic Cecilia Maria Hoschet. RIP. http://t.co/YtXI…
644207072649740288, 67143433, 2015-09-16T17:51:49.000Z, RT @SEBLASD: #LASD SEB &amp; many others pay final respects at funeral of Deputy Sheriff/Paramedic Cecilia Maria Hoschet. RIP. http://t.co/YtXI…
644207177981259776, 86988848, 2015-09-16T17:52:14.000Z, RT @SEBLASD: #LASD SEB &amp; many others pay final respects at funeral of Deputy Sheriff/Paramedic Cecilia Maria Hoschet. RIP. http://t.co/YtXI…
644207258461540352, 364498041, 2015-09-16T17:52:33.000Z, RT @SEBLASD: #LASD SEB &amp; many others pay final respects at funeral of Deputy Sheriff/Paramedic Cecilia Maria Hoschet. RIP. http://t.co/YtXI…
644208148773900288, 16087692, 2015-09-16T17:56:06.000Z, RT @SEBLASD: #LASD SEB &amp; many others pay final respects at funeral of Deputy Sheriff/Paramedic Cecilia Maria Hoschet. RIP. http://t.co/YtXI…
644208438948446208, 3065622331, 2015-09-16T17:57:15.000Z, RT @SEBLASD: #LASD SEB &amp; many others pay final respects at funeral of Deputy Sheriff/Paramedic Cecilia Maria Hoschet. RIP. http://t.co/YtXI…
644209366002872321, 414244466, 2015-09-16T18:00:56.000Z, RT @SEBLASD: #LASD SEB &amp; many others pay final respects at funeral of Deputy Sheriff/Paramedic Cecilia Maria Hoschet. RIP. http://t.co/YtXI…
644210035749314560, 579710876, 2015-09-16T18:03:36.000Z, RT @SEBLASD: #LASD SEB &amp; many others pay final respects at funeral of Deputy Sheriff/Paramedic Cecilia Maria Hoschet. RIP. http://t.co/YtXI…
644210578316103680, 475614488, 2015-09-16T18:05:45.000Z, RT @SEBLASD: #LASD SEB &amp; many others pay final respects at funeral of Deputy Sheriff/Paramedic Cecilia Maria Hoschet. RIP. http://t.co/YtXI…
644214926559481857, 26874043, 2015-09-16T18:23:02.000Z, RT @SEBLASD: #LASD SEB &amp; many others pay final respects at funeral of Deputy Sheriff/Paramedic Cecilia Maria Hoschet. RIP. http://t.co/YtXI…
644219480101384192, 942098814, 2015-09-16T18:41:07.000Z, RT @SEBLASD: #LASD SEB &amp; many others pay final respects at funeral of Deputy Sheriff/Paramedic Cecilia Maria Hoschet. RIP. http://t.co/YtXI…
644222028141035521, 2833329937, 2015-09-16T18:51:15.000Z, RT @SEBLASD: #LASD SEB &amp; many others pay final respects at funeral of Deputy Sheriff/Paramedic Cecilia Maria Hoschet. RIP. http://t.co/YtXI…
644227259813859328, 472009754, 2015-09-16T19:12:02.000Z, RT @SEBLASD: #LASD SEB &amp; many others pay final respects at funeral of Deputy Sheriff/Paramedic Cecilia Maria Hoschet. RIP. http://t.co/YtXI…
644230203204497408, 3325354214, 2015-09-16T19:23:44.000Z, RT @SEBLASD: #LASD SEB &amp; many others pay final respects at funeral of Deputy Sheriff/Paramedic Cecilia Maria Hoschet. RIP. http://t.co/YtXI…
644230660979232768, 16314367, 2015-09-16T19:25:33.000Z, RT @SEBLASD: #LASD SEB &amp; many others pay final respects at funeral of Deputy Sheriff/Paramedic Cecilia Maria Hoschet. RIP. http://t.co/YtXI…
644231971846012929, 293638563, 2015-09-16T19:30:45.000Z, RT @SEBLASD: #LASD SEB &amp; many others pay final respects at funeral of Deputy Sheriff/Paramedic Cecilia Maria Hoschet. RIP. http://t.co/YtXI…
644239577662656512, 17685447, 2015-09-16T20:00:59.000Z, RT @SEBLASD: #LASD SEB &amp; many others pay final respects at funeral of Deputy Sheriff/Paramedic Cecilia Maria Hoschet. RIP. http://t.co/YtXI…
644250964661170176, 293775908, 2015-09-16T20:46:14.000Z, RT @SEBLASD: #LASD SEB &amp; many others pay final respects at funeral of Deputy Sheriff/Paramedic Cecilia Maria Hoschet. RIP. http://t.co/YtXI…
644264230942707714, 222368570, 2015-09-16T21:38:57.000Z, RT @SEBLASD: #LASD SEB &amp; many others pay final respects at funeral of Deputy Sheriff/Paramedic Cecilia Maria Hoschet. RIP. http://t.co/YtXI…
644268752188538880, 424859646, 2015-09-16T21:56:55.000Z, RT @SEBLASD: #LASD SEB &amp; many others pay final respects at funeral of Deputy Sheriff/Paramedic Cecilia Maria Hoschet. RIP. http://t.co/YtXI…
644278294506901504, 2462692742, 2015-09-16T22:34:50.000Z, RT @SEBLASD: #LASD SEB &amp; many others pay final respects at funeral of Deputy Sheriff/Paramedic Cecilia Maria Hoschet. RIP. http://t.co/YtXI…
644278710200209409, 826192525, 2015-09-16T22:36:29.000Z, RT @SEBLASD: #LASD SEB &amp; many others pay final respects at funeral of Deputy Sheriff/Paramedic Cecilia Maria Hoschet. RIP. http://t.co/YtXI…
644299457077514240, 3421205054, 2015-09-16T23:58:55.000Z, RT @SEBLASD: #LASD SEB &amp; many others pay final respects at funeral of Deputy Sheriff/Paramedic Cecilia Maria Hoschet. RIP. http://t.co/YtXI…
644313422679531525, 15154460, 2015-09-17T00:54:25.000Z, RT @SEBLASD: #LASD SEB &amp; many others pay final respects at funeral of Deputy Sheriff/Paramedic Cecilia Maria Hoschet. RIP. http://t.co/YtXI…
