id, author_id, created_at, text
900042455088857089, 614962906, 2017-08-22T17:10:17.000Z, Florencio Ramirez, 44 : #IHateTimWaterman
902202503202316290, 164036984, 2017-08-28T16:13:33.000Z, Se llama Milagros Ramírez y desapareció hoy (28/8) a las 3:00 am en Florencio Varela https://t.co/NtJGk9JmJ1
902203555045658625, 446919053, 2017-08-28T16:17:44.000Z, RT @milusx: Se llama Milagros Ramírez y desapareció hoy (28/8) a las 3:00 am en Florencio Varela https://t.co/NtJGk9JmJ1
902203729650356224, 812360356156899328, 2017-08-28T16:18:25.000Z, RT @milusx: Se llama Milagros Ramírez y desapareció hoy (28/8) a las 3:00 am en Florencio Varela https://t.co/NtJGk9JmJ1
902203982298402817, 175633663, 2017-08-28T16:19:26.000Z, RT @milusx: Se llama Milagros Ramírez y desapareció hoy (28/8) a las 3:00 am en Florencio Varela https://t.co/NtJGk9JmJ1
902204819544395777, 4656363393, 2017-08-28T16:22:45.000Z, RT @milusx: Se llama Milagros Ramírez y desapareció hoy (28/8) a las 3:00 am en Florencio Varela https://t.co/NtJGk9JmJ1
902209054495428609, 485203368, 2017-08-28T16:39:35.000Z, RT @milusx: Se llama Milagros Ramírez y desapareció hoy (28/8) a las 3:00 am en Florencio Varela https://t.co/NtJGk9JmJ1
902210132905472000, 603302606, 2017-08-28T16:43:52.000Z, RT @milusx: Se llama Milagros Ramírez y desapareció hoy (28/8) a las 3:00 am en Florencio Varela https://t.co/NtJGk9JmJ1
902211255875899393, 4368188296, 2017-08-28T16:48:20.000Z, RT @milusx: Se llama Milagros Ramírez y desapareció hoy (28/8) a las 3:00 am en Florencio Varela https://t.co/NtJGk9JmJ1
902212136675549186, 324488946, 2017-08-28T16:51:50.000Z, RT @milusx: Se llama Milagros Ramírez y desapareció hoy (28/8) a las 3:00 am en Florencio Varela https://t.co/NtJGk9JmJ1
902212167205781504, 2328917070, 2017-08-28T16:51:57.000Z, RT @milusx: Se llama Milagros Ramírez y desapareció hoy (28/8) a las 3:00 am en Florencio Varela https://t.co/NtJGk9JmJ1
902212482651054080, 1452669973, 2017-08-28T16:53:12.000Z, RT @milusx: Se llama Milagros Ramírez y desapareció hoy (28/8) a las 3:00 am en Florencio Varela https://t.co/NtJGk9JmJ1
902212643074826240, 414781261, 2017-08-28T16:53:51.000Z, RT @milusx: Se llama Milagros Ramírez y desapareció hoy (28/8) a las 3:00 am en Florencio Varela https://t.co/NtJGk9JmJ1
902216013097439232, 324433973, 2017-08-28T17:07:14.000Z, RT @milusx: Se llama Milagros Ramírez y desapareció hoy (28/8) a las 3:00 am en Florencio Varela https://t.co/NtJGk9JmJ1
902217218955628544, 448542791, 2017-08-28T17:12:02.000Z, RT @milusx: Se llama Milagros Ramírez y desapareció hoy (28/8) a las 3:00 am en Florencio Varela https://t.co/NtJGk9JmJ1
902221184787513344, 709908421, 2017-08-28T17:27:47.000Z, RT @milusx: Se llama Milagros Ramírez y desapareció hoy (28/8) a las 3:00 am en Florencio Varela https://t.co/NtJGk9JmJ1
902222863041789952, 137176641, 2017-08-28T17:34:27.000Z, RT @milusx: Se llama Milagros Ramírez y desapareció hoy (28/8) a las 3:00 am en Florencio Varela https://t.co/NtJGk9JmJ1
902223291494039554, 474572219, 2017-08-28T17:36:09.000Z, RT @milusx: Se llama Milagros Ramírez y desapareció hoy (28/8) a las 3:00 am en Florencio Varela https://t.co/NtJGk9JmJ1
902223447991967749, 785425890, 2017-08-28T17:36:47.000Z, RT @milusx: Se llama Milagros Ramírez y desapareció hoy (28/8) a las 3:00 am en Florencio Varela https://t.co/NtJGk9JmJ1
902223470012112896, 2781274478, 2017-08-28T17:36:52.000Z, RT @milusx: Se llama Milagros Ramírez y desapareció hoy (28/8) a las 3:00 am en Florencio Varela https://t.co/NtJGk9JmJ1
902224502330978304, 2586210522, 2017-08-28T17:40:58.000Z, RT @milusx: Se llama Milagros Ramírez y desapareció hoy (28/8) a las 3:00 am en Florencio Varela https://t.co/NtJGk9JmJ1
902228861517213696, 4499649381, 2017-08-28T17:58:17.000Z, RT @milusx: Se llama Milagros Ramírez y desapareció hoy (28/8) a las 3:00 am en Florencio Varela https://t.co/NtJGk9JmJ1
902229011971141633, 750844144944345088, 2017-08-28T17:58:53.000Z, RT @milusx: Se llama Milagros Ramírez y desapareció hoy (28/8) a las 3:00 am en Florencio Varela https://t.co/NtJGk9JmJ1
902229664646791168, 535968822, 2017-08-28T18:01:29.000Z, RT @milusx: Se llama Milagros Ramírez y desapareció hoy (28/8) a las 3:00 am en Florencio Varela https://t.co/NtJGk9JmJ1
902230800388763649, 2528794960, 2017-08-28T18:06:00.000Z, RT @milusx: Se llama Milagros Ramírez y desapareció hoy (28/8) a las 3:00 am en Florencio Varela https://t.co/NtJGk9JmJ1
902232689268412416, 1578124980, 2017-08-28T18:13:30.000Z, RT @milusx: Se llama Milagros Ramírez y desapareció hoy (28/8) a las 3:00 am en Florencio Varela https://t.co/NtJGk9JmJ1
902232939387334659, 807781424, 2017-08-28T18:14:30.000Z, RT @milusx: Se llama Milagros Ramírez y desapareció hoy (28/8) a las 3:00 am en Florencio Varela https://t.co/NtJGk9JmJ1
902233298721804289, 2768472670, 2017-08-28T18:15:55.000Z, RT @milusx: Se llama Milagros Ramírez y desapareció hoy (28/8) a las 3:00 am en Florencio Varela https://t.co/NtJGk9JmJ1
902235463662100480, 1378160030, 2017-08-28T18:24:31.000Z, RT @milusx: Se llama Milagros Ramírez y desapareció hoy (28/8) a las 3:00 am en Florencio Varela https://t.co/NtJGk9JmJ1
902236026684497920, 403842429, 2017-08-28T18:26:46.000Z, RT @milusx: Se llama Milagros Ramírez y desapareció hoy (28/8) a las 3:00 am en Florencio Varela https://t.co/NtJGk9JmJ1
902236806346932228, 610373531, 2017-08-28T18:29:52.000Z, RT @milusx: Se llama Milagros Ramírez y desapareció hoy (28/8) a las 3:00 am en Florencio Varela https://t.co/NtJGk9JmJ1
902238468453142532, 1321080542, 2017-08-28T18:36:28.000Z, RT @milusx: Se llama Milagros Ramírez y desapareció hoy (28/8) a las 3:00 am en Florencio Varela https://t.co/NtJGk9JmJ1
902243196872388608, 2917792648, 2017-08-28T18:55:15.000Z, RT @milusx: Se llama Milagros Ramírez y desapareció hoy (28/8) a las 3:00 am en Florencio Varela https://t.co/NtJGk9JmJ1
902252374961651712, 737584250, 2017-08-28T19:31:43.000Z, RT @milusx: Se llama Milagros Ramírez y desapareció hoy (28/8) a las 3:00 am en Florencio Varela https://t.co/NtJGk9JmJ1
902256210870771712, 356895103, 2017-08-28T19:46:58.000Z, RT @milusx: Se llama Milagros Ramírez y desapareció hoy (28/8) a las 3:00 am en Florencio Varela https://t.co/NtJGk9JmJ1
902256661397635072, 373531354, 2017-08-28T19:48:45.000Z, RT @milusx: Se llama Milagros Ramírez y desapareció hoy (28/8) a las 3:00 am en Florencio Varela https://t.co/NtJGk9JmJ1
902256898887516160, 1644253188, 2017-08-28T19:49:42.000Z, RT @milusx: Se llama Milagros Ramírez y desapareció hoy (28/8) a las 3:00 am en Florencio Varela https://t.co/NtJGk9JmJ1
902257592474509312, 3733290856, 2017-08-28T19:52:27.000Z, RT @milusx: Se llama Milagros Ramírez y desapareció hoy (28/8) a las 3:00 am en Florencio Varela https://t.co/NtJGk9JmJ1
902257602586927106, 2767511752, 2017-08-28T19:52:30.000Z, RT @milusx: Se llama Milagros Ramírez y desapareció hoy (28/8) a las 3:00 am en Florencio Varela https://t.co/NtJGk9JmJ1
902257604965040129, 217798052, 2017-08-28T19:52:30.000Z, RT @milusx: Se llama Milagros Ramírez y desapareció hoy (28/8) a las 3:00 am en Florencio Varela https://t.co/NtJGk9JmJ1
902258227538251779, 3091477175, 2017-08-28T19:54:59.000Z, RT @milusx: Se llama Milagros Ramírez y desapareció hoy (28/8) a las 3:00 am en Florencio Varela https://t.co/NtJGk9JmJ1
902258345834196992, 548811206, 2017-08-28T19:55:27.000Z, RT @milusx: Se llama Milagros Ramírez y desapareció hoy (28/8) a las 3:00 am en Florencio Varela https://t.co/NtJGk9JmJ1
902258603825913861, 215878910, 2017-08-28T19:56:28.000Z, RT @milusx: Se llama Milagros Ramírez y desapareció hoy (28/8) a las 3:00 am en Florencio Varela https://t.co/NtJGk9JmJ1
902259053971124224, 748265156, 2017-08-28T19:58:16.000Z, RT @milusx: Se llama Milagros Ramírez y desapareció hoy (28/8) a las 3:00 am en Florencio Varela https://t.co/NtJGk9JmJ1
902259156618539008, 9860102, 2017-08-28T19:58:40.000Z, RT @milusx: Se llama Milagros Ramírez y desapareció hoy (28/8) a las 3:00 am en Florencio Varela https://t.co/NtJGk9JmJ1
902260205488091136, 164456264, 2017-08-28T20:02:50.000Z, RT @milusx: Se llama Milagros Ramírez y desapareció hoy (28/8) a las 3:00 am en Florencio Varela https://t.co/NtJGk9JmJ1
902260413382975489, 64286033, 2017-08-28T20:03:40.000Z, RT @milusx: Se llama Milagros Ramírez y desapareció hoy (28/8) a las 3:00 am en Florencio Varela https://t.co/NtJGk9JmJ1
902260821274890241, 258308059, 2017-08-28T20:05:17.000Z, RT @milusx: Se llama Milagros Ramírez y desapareció hoy (28/8) a las 3:00 am en Florencio Varela https://t.co/NtJGk9JmJ1
902261323920113664, 172528601, 2017-08-28T20:07:17.000Z, RT @milusx: Se llama Milagros Ramírez y desapareció hoy (28/8) a las 3:00 am en Florencio Varela https://t.co/NtJGk9JmJ1
902261931947503617, 1520347380, 2017-08-28T20:09:42.000Z, RT @milusx: Se llama Milagros Ramírez y desapareció hoy (28/8) a las 3:00 am en Florencio Varela https://t.co/NtJGk9JmJ1
902264571817328640, 1624186376, 2017-08-28T20:20:11.000Z, RT @milusx: Se llama Milagros Ramírez y desapareció hoy (28/8) a las 3:00 am en Florencio Varela https://t.co/NtJGk9JmJ1
902271019024572416, 166321284, 2017-08-28T20:45:48.000Z, RT @milusx: Se llama Milagros Ramírez y desapareció hoy (28/8) a las 3:00 am en Florencio Varela https://t.co/NtJGk9JmJ1
902271214105878534, 2829523042, 2017-08-28T20:46:35.000Z, RT @milusx: Se llama Milagros Ramírez y desapareció hoy (28/8) a las 3:00 am en Florencio Varela https://t.co/NtJGk9JmJ1
902273450458443777, 707249008465596416, 2017-08-28T20:55:28.000Z, RT @milusx: Se llama Milagros Ramírez y desapareció hoy (28/8) a las 3:00 am en Florencio Varela https://t.co/NtJGk9JmJ1
902274563798683651, 56475260, 2017-08-28T20:59:54.000Z, RT @milusx: Se llama Milagros Ramírez y desapareció hoy (28/8) a las 3:00 am en Florencio Varela https://t.co/NtJGk9JmJ1
902284346375237632, 2216391763, 2017-08-28T21:38:46.000Z, RT @milusx: Se llama Milagros Ramírez y desapareció hoy (28/8) a las 3:00 am en Florencio Varela https://t.co/NtJGk9JmJ1
902285935802327040, 2750781010, 2017-08-28T21:45:05.000Z, RT @milusx: Se llama Milagros Ramírez y desapareció hoy (28/8) a las 3:00 am en Florencio Varela https://t.co/NtJGk9JmJ1
902289143258116096, 872097066, 2017-08-28T21:57:50.000Z, RT @milusx: Se llama Milagros Ramírez y desapareció hoy (28/8) a las 3:00 am en Florencio Varela https://t.co/NtJGk9JmJ1
902290324449525760, 859139683636453376, 2017-08-28T22:02:31.000Z, RT @milusx: Se llama Milagros Ramírez y desapareció hoy (28/8) a las 3:00 am en Florencio Varela https://t.co/NtJGk9JmJ1
902290477344595968, 157150743, 2017-08-28T22:03:08.000Z, RT @milusx: Se llama Milagros Ramírez y desapareció hoy (28/8) a las 3:00 am en Florencio Varela https://t.co/NtJGk9JmJ1
902291266603536386, 885910502421012481, 2017-08-28T22:06:16.000Z, RT @milusx: Se llama Milagros Ramírez y desapareció hoy (28/8) a las 3:00 am en Florencio Varela https://t.co/NtJGk9JmJ1
902291435994718209, 89197422, 2017-08-28T22:06:56.000Z, RT @milusx: Se llama Milagros Ramírez y desapareció hoy (28/8) a las 3:00 am en Florencio Varela https://t.co/NtJGk9JmJ1
902294914234449924, 2154342053, 2017-08-28T22:20:46.000Z, RT @milusx: Se llama Milagros Ramírez y desapareció hoy (28/8) a las 3:00 am en Florencio Varela https://t.co/NtJGk9JmJ1
902296726828146688, 4909232746, 2017-08-28T22:27:58.000Z, RT @milusx: Se llama Milagros Ramírez y desapareció hoy (28/8) a las 3:00 am en Florencio Varela https://t.co/NtJGk9JmJ1
902298343510073345, 2161371585, 2017-08-28T22:34:23.000Z, RT @milusx: Se llama Milagros Ramírez y desapareció hoy (28/8) a las 3:00 am en Florencio Varela https://t.co/NtJGk9JmJ1
902299531567669249, 305874862, 2017-08-28T22:39:06.000Z, RT @milusx: Se llama Milagros Ramírez y desapareció hoy (28/8) a las 3:00 am en Florencio Varela https://t.co/NtJGk9JmJ1
902304889753231360, 809984971523977217, 2017-08-28T23:00:24.000Z, RT @milusx: Se llama Milagros Ramírez y desapareció hoy (28/8) a las 3:00 am en Florencio Varela https://t.co/NtJGk9JmJ1
902305404310433793, 4193379437, 2017-08-28T23:02:27.000Z, RT @milusx: Se llama Milagros Ramírez y desapareció hoy (28/8) a las 3:00 am en Florencio Varela https://t.co/NtJGk9JmJ1
902306542325825538, 2823104993, 2017-08-28T23:06:58.000Z, RT @milusx: Se llama Milagros Ramírez y desapareció hoy (28/8) a las 3:00 am en Florencio Varela https://t.co/NtJGk9JmJ1
902306774946127872, 2170375651, 2017-08-28T23:07:53.000Z, RT @milusx: Se llama Milagros Ramírez y desapareció hoy (28/8) a las 3:00 am en Florencio Varela https://t.co/NtJGk9JmJ1
902306871398338560, 178083065, 2017-08-28T23:08:16.000Z, RT @milusx: Se llama Milagros Ramírez y desapareció hoy (28/8) a las 3:00 am en Florencio Varela https://t.co/NtJGk9JmJ1
902307179738406912, 130635153, 2017-08-28T23:09:30.000Z, RT @milusx: Se llama Milagros Ramírez y desapareció hoy (28/8) a las 3:00 am en Florencio Varela https://t.co/NtJGk9JmJ1
902307534500978688, 179008952, 2017-08-28T23:10:54.000Z, RT @milusx: Se llama Milagros Ramírez y desapareció hoy (28/8) a las 3:00 am en Florencio Varela https://t.co/NtJGk9JmJ1
902307902911905796, 393637781, 2017-08-28T23:12:22.000Z, RT @milusx: Se llama Milagros Ramírez y desapareció hoy (28/8) a las 3:00 am en Florencio Varela https://t.co/NtJGk9JmJ1
902308080100270083, 2287774886, 2017-08-28T23:13:05.000Z, RT @milusx: Se llama Milagros Ramírez y desapareció hoy (28/8) a las 3:00 am en Florencio Varela https://t.co/NtJGk9JmJ1
902308289920331776, 244965525, 2017-08-28T23:13:55.000Z, RT @milusx: Se llama Milagros Ramírez y desapareció hoy (28/8) a las 3:00 am en Florencio Varela https://t.co/NtJGk9JmJ1
902308312561143810, 1507540080, 2017-08-28T23:14:00.000Z, RT @milusx: Se llama Milagros Ramírez y desapareció hoy (28/8) a las 3:00 am en Florencio Varela https://t.co/NtJGk9JmJ1
902310037573558273, 884984784207925249, 2017-08-28T23:20:51.000Z, RT @milusx: Se llama Milagros Ramírez y desapareció hoy (28/8) a las 3:00 am en Florencio Varela https://t.co/NtJGk9JmJ1
902310767940304897, 751950686204592128, 2017-08-28T23:23:45.000Z, RT @milusx: Se llama Milagros Ramírez y desapareció hoy (28/8) a las 3:00 am en Florencio Varela https://t.co/NtJGk9JmJ1
902311314462269444, 78408615, 2017-08-28T23:25:56.000Z, RT @milusx: Se llama Milagros Ramírez y desapareció hoy (28/8) a las 3:00 am en Florencio Varela https://t.co/NtJGk9JmJ1
902311932845330435, 885540199891161088, 2017-08-28T23:28:23.000Z, RT @milusx: Se llama Milagros Ramírez y desapareció hoy (28/8) a las 3:00 am en Florencio Varela https://t.co/NtJGk9JmJ1
902313070265077760, 8255352, 2017-08-28T23:32:54.000Z, RT @milusx: Se llama Milagros Ramírez y desapareció hoy (28/8) a las 3:00 am en Florencio Varela https://t.co/NtJGk9JmJ1
902314102307086337, 736204388, 2017-08-28T23:37:00.000Z, RT @milusx: Se llama Milagros Ramírez y desapareció hoy (28/8) a las 3:00 am en Florencio Varela https://t.co/NtJGk9JmJ1
902314671633555458, 108012249, 2017-08-28T23:39:16.000Z, RT @milusx: Se llama Milagros Ramírez y desapareció hoy (28/8) a las 3:00 am en Florencio Varela https://t.co/NtJGk9JmJ1
902318952101150722, 4516962399, 2017-08-28T23:56:17.000Z, RT @milusx: Se llama Milagros Ramírez y desapareció hoy (28/8) a las 3:00 am en Florencio Varela https://t.co/NtJGk9JmJ1
902319132804308992, 182148842, 2017-08-28T23:57:00.000Z, RT @milusx: Se llama Milagros Ramírez y desapareció hoy (28/8) a las 3:00 am en Florencio Varela https://t.co/NtJGk9JmJ1
902319808028348416, 849361547084410881, 2017-08-28T23:59:41.000Z, RT @milusx: Se llama Milagros Ramírez y desapareció hoy (28/8) a las 3:00 am en Florencio Varela https://t.co/NtJGk9JmJ1
902320445164281857, 2981814969, 2017-08-29T00:02:13.000Z, RT @milusx: Se llama Milagros Ramírez y desapareció hoy (28/8) a las 3:00 am en Florencio Varela https://t.co/NtJGk9JmJ1
902320979992608768, 902288599915405312, 2017-08-29T00:04:20.000Z, RT @milusx: Se llama Milagros Ramírez y desapareció hoy (28/8) a las 3:00 am en Florencio Varela https://t.co/NtJGk9JmJ1
902323829535584256, 3099878859, 2017-08-29T00:15:39.000Z, RT @milusx: Se llama Milagros Ramírez y desapareció hoy (28/8) a las 3:00 am en Florencio Varela https://t.co/NtJGk9JmJ1
902325563490217985, 471360902, 2017-08-29T00:22:33.000Z, RT @milusx: Se llama Milagros Ramírez y desapareció hoy (28/8) a las 3:00 am en Florencio Varela https://t.co/NtJGk9JmJ1
902327943770329088, 780949184241434624, 2017-08-29T00:32:00.000Z, RT @milusx: Se llama Milagros Ramírez y desapareció hoy (28/8) a las 3:00 am en Florencio Varela https://t.co/NtJGk9JmJ1
902330275136507906, 737150059704356864, 2017-08-29T00:41:16.000Z, RT @milusx: Se llama Milagros Ramírez y desapareció hoy (28/8) a las 3:00 am en Florencio Varela https://t.co/NtJGk9JmJ1
902336460514263040, 211220776, 2017-08-29T01:05:51.000Z, RT @milusx: Se llama Milagros Ramírez y desapareció hoy (28/8) a las 3:00 am en Florencio Varela https://t.co/NtJGk9JmJ1
902339779651620866, 857210006, 2017-08-29T01:19:02.000Z, RT @milusx: Se llama Milagros Ramírez y desapareció hoy (28/8) a las 3:00 am en Florencio Varela https://t.co/NtJGk9JmJ1
902346109930090496, 2380574449, 2017-08-29T01:44:12.000Z, RT @milusx: Se llama Milagros Ramírez y desapareció hoy (28/8) a las 3:00 am en Florencio Varela https://t.co/NtJGk9JmJ1
902348322006020096, 2214491090, 2017-08-29T01:52:59.000Z, RT @milusx: Se llama Milagros Ramírez y desapareció hoy (28/8) a las 3:00 am en Florencio Varela https://t.co/NtJGk9JmJ1
902349113789997056, 2496597474, 2017-08-29T01:56:08.000Z, RT @milusx: Se llama Milagros Ramírez y desapareció hoy (28/8) a las 3:00 am en Florencio Varela https://t.co/NtJGk9JmJ1
902354150410858496, 3040372275, 2017-08-29T02:16:09.000Z, RT @milusx: Se llama Milagros Ramírez y desapareció hoy (28/8) a las 3:00 am en Florencio Varela https://t.co/NtJGk9JmJ1
902359759042555904, 4762996042, 2017-08-29T02:38:26.000Z, RT @milusx: Se llama Milagros Ramírez y desapareció hoy (28/8) a las 3:00 am en Florencio Varela https://t.co/NtJGk9JmJ1
902361189119877120, 885941623858843648, 2017-08-29T02:44:07.000Z, RT @milusx: Se llama Milagros Ramírez y desapareció hoy (28/8) a las 3:00 am en Florencio Varela https://t.co/NtJGk9JmJ1
902361758433771522, 741646850, 2017-08-29T02:46:22.000Z, RT @milusx: Se llama Milagros Ramírez y desapareció hoy (28/8) a las 3:00 am en Florencio Varela https://t.co/NtJGk9JmJ1
902361823655153664, 156476638, 2017-08-29T02:46:38.000Z, RT @milusx: Se llama Milagros Ramírez y desapareció hoy (28/8) a las 3:00 am en Florencio Varela https://t.co/NtJGk9JmJ1
902362809098530818, 184876192, 2017-08-29T02:50:33.000Z, RT @milusx: Se llama Milagros Ramírez y desapareció hoy (28/8) a las 3:00 am en Florencio Varela https://t.co/NtJGk9JmJ1
902364340275347456, 264936278, 2017-08-29T02:56:38.000Z, RT @milusx: Se llama Milagros Ramírez y desapareció hoy (28/8) a las 3:00 am en Florencio Varela https://t.co/NtJGk9JmJ1
902364385682890753, 208875723, 2017-08-29T02:56:49.000Z, RT @milusx: Se llama Milagros Ramírez y desapareció hoy (28/8) a las 3:00 am en Florencio Varela https://t.co/NtJGk9JmJ1
902364598984204288, 255486066, 2017-08-29T02:57:40.000Z, RT @milusx: Se llama Milagros Ramírez y desapareció hoy (28/8) a las 3:00 am en Florencio Varela https://t.co/NtJGk9JmJ1
902365799456890881, 461643458, 2017-08-29T03:02:26.000Z, RT @milusx: Se llama Milagros Ramírez y desapareció hoy (28/8) a las 3:00 am en Florencio Varela https://t.co/NtJGk9JmJ1
902366151354744832, 593057577, 2017-08-29T03:03:50.000Z, RT @milusx: Se llama Milagros Ramírez y desapareció hoy (28/8) a las 3:00 am en Florencio Varela https://t.co/NtJGk9JmJ1
902366955541340160, 242021643, 2017-08-29T03:07:02.000Z, RT @milusx: Se llama Milagros Ramírez y desapareció hoy (28/8) a las 3:00 am en Florencio Varela https://t.co/NtJGk9JmJ1
902371150235410435, 476347738, 2017-08-29T03:23:42.000Z, RT @milusx: Se llama Milagros Ramírez y desapareció hoy (28/8) a las 3:00 am en Florencio Varela https://t.co/NtJGk9JmJ1
902384179526164482, 767527700978335744, 2017-08-29T04:15:28.000Z, RT @milusx: Se llama Milagros Ramírez y desapareció hoy (28/8) a las 3:00 am en Florencio Varela https://t.co/NtJGk9JmJ1
902390366925672448, 840694957035929601, 2017-08-29T04:40:03.000Z, RT @milusx: Se llama Milagros Ramírez y desapareció hoy (28/8) a las 3:00 am en Florencio Varela https://t.co/NtJGk9JmJ1
902390385976193025, 104300134, 2017-08-29T04:40:08.000Z, RT @milusx: Se llama Milagros Ramírez y desapareció hoy (28/8) a las 3:00 am en Florencio Varela https://t.co/NtJGk9JmJ1
902391016937881600, 1179926190, 2017-08-29T04:42:38.000Z, RT @milusx: Se llama Milagros Ramírez y desapareció hoy (28/8) a las 3:00 am en Florencio Varela https://t.co/NtJGk9JmJ1
902391914732941313, 2745324636, 2017-08-29T04:46:12.000Z, RT @milusx: Se llama Milagros Ramírez y desapareció hoy (28/8) a las 3:00 am en Florencio Varela https://t.co/NtJGk9JmJ1
902393051796078594, 375119560, 2017-08-29T04:50:43.000Z, RT @milusx: Se llama Milagros Ramírez y desapareció hoy (28/8) a las 3:00 am en Florencio Varela https://t.co/NtJGk9JmJ1
902395063963090945, 289090424, 2017-08-29T04:58:43.000Z, RT @milusx: Se llama Milagros Ramírez y desapareció hoy (28/8) a las 3:00 am en Florencio Varela https://t.co/NtJGk9JmJ1
902404035684298752, 883390448, 2017-08-29T05:34:22.000Z, RT @milusx: Se llama Milagros Ramírez y desapareció hoy (28/8) a las 3:00 am en Florencio Varela https://t.co/NtJGk9JmJ1
902417212090322944, 110634845, 2017-08-29T06:26:44.000Z, RT @milusx: Se llama Milagros Ramírez y desapareció hoy (28/8) a las 3:00 am en Florencio Varela https://t.co/NtJGk9JmJ1
902475454879236096, 945091338, 2017-08-29T10:18:10.000Z, RT @milusx: Se llama Milagros Ramírez y desapareció hoy (28/8) a las 3:00 am en Florencio Varela https://t.co/NtJGk9JmJ1
902477729433624576, 726876466936336384, 2017-08-29T10:27:12.000Z, RT @milusx: Se llama Milagros Ramírez y desapareció hoy (28/8) a las 3:00 am en Florencio Varela https://t.co/NtJGk9JmJ1
902480181373411328, 3659260397, 2017-08-29T10:36:57.000Z, RT @milusx: Se llama Milagros Ramírez y desapareció hoy (28/8) a las 3:00 am en Florencio Varela https://t.co/NtJGk9JmJ1
902561126902353921, 621405367, 2017-08-29T15:58:36.000Z, RT @milusx: Se llama Milagros Ramírez y desapareció hoy (28/8) a las 3:00 am en Florencio Varela https://t.co/NtJGk9JmJ1
902567483399299072, 876792104269250560, 2017-08-29T16:23:51.000Z, RT @milusx: Se llama Milagros Ramírez y desapareció hoy (28/8) a las 3:00 am en Florencio Varela https://t.co/NtJGk9JmJ1
902579764371886080, 429063483, 2017-08-29T17:12:39.000Z, RT @milusx: Se llama Milagros Ramírez y desapareció hoy (28/8) a las 3:00 am en Florencio Varela https://t.co/NtJGk9JmJ1
902605433222955010, 436999819, 2017-08-29T18:54:39.000Z, RT @milusx: Se llama Milagros Ramírez y desapareció hoy (28/8) a las 3:00 am en Florencio Varela https://t.co/NtJGk9JmJ1
902634401896517632, 338077591, 2017-08-29T20:49:46.000Z, RT @milusx: Se llama Milagros Ramírez y desapareció hoy (28/8) a las 3:00 am en Florencio Varela https://t.co/NtJGk9JmJ1
902635021466558464, 1689163742, 2017-08-29T20:52:13.000Z, RT @milusx: Se llama Milagros Ramírez y desapareció hoy (28/8) a las 3:00 am en Florencio Varela https://t.co/NtJGk9JmJ1
902646322498547713, 2751527821, 2017-08-29T21:37:08.000Z, RT @milusx: Se llama Milagros Ramírez y desapareció hoy (28/8) a las 3:00 am en Florencio Varela https://t.co/NtJGk9JmJ1
902665033397805058, 2289852690, 2017-08-29T22:51:29.000Z, RT @milusx: Se llama Milagros Ramírez y desapareció hoy (28/8) a las 3:00 am en Florencio Varela https://t.co/NtJGk9JmJ1
902665308636368902, 762016389859315712, 2017-08-29T22:52:34.000Z, RT @milusx: Se llama Milagros Ramírez y desapareció hoy (28/8) a las 3:00 am en Florencio Varela https://t.co/NtJGk9JmJ1
902733391208091648, 793525314936836097, 2017-08-30T03:23:07.000Z, Municipio Caracciolo Parra Olmedo, continúan inspecciones en vivirendas en el sector 7 de Octubre Parroquia Florencio Ramírez @JaRamos15
902873736440840192, 826029521602228224, 2017-08-30T12:40:48.000Z, RT @milusx: Se llama Milagros Ramírez y desapareció hoy (28/8) a las 3:00 am en Florencio Varela https://t.co/NtJGk9JmJ1
903106282655289344, 305821220, 2017-08-31T04:04:51.000Z, RT @milusx: Se llama Milagros Ramírez y desapareció hoy (28/8) a las 3:00 am en Florencio Varela https://t.co/NtJGk9JmJ1
903245909240287233, 2328141606, 2017-08-31T13:19:40.000Z, RT @milusx: Se llama Milagros Ramírez y desapareció hoy (28/8) a las 3:00 am en Florencio Varela https://t.co/NtJGk9JmJ1
903401287533912064, 2926032208, 2017-08-31T23:37:05.000Z, En estas condiciones dan clases en la escuela de educacion secundaria numero 11 Agustin Ramirez de Florencio Varela https://t.co/aOOO8Oo3TC
903405341865541637, 2926032208, 2017-08-31T23:53:12.000Z, @C5N Buenas noches.Asi se dan clases en la escuela secundaria numero 11 Agustin Ramirez de Florencio Varela. https://t.co/CFrdeTTvml
