id, author_id, created_at, text
1541281690676383745, 1081663508285132802, 2022-06-27T04:46:05.000Z, Ulises Oli Cortez La transformación desde el Amor. Vive feliz con su maravillosa familia, Rocío Rodríguez gran madraza. #RescataAdoptaEsteriliza #SalvaVidas https://t.co/8ReMpbCQBc
1541422007903985664, 1442492714218524675, 2022-06-27T14:03:39.000Z, RT @ROCIO_CORTEZ_E1: Buen día https://t.co/10vv6DWhhG
1541618275452321793, 1178806700813557760, 2022-06-28T03:03:33.000Z, RT @vergara240: Tus monitos animados favoritos se toman el micrófono en Estudio 3R. Descubre junto a Rocío Cortez, Rayén Sepúlveda y Rocío…
1541618538279862273, 1106621070264725504, 2022-06-28T03:04:36.000Z, RT @vergara240: Tus monitos animados favoritos se toman el micrófono en Estudio 3R. Descubre junto a Rocío Cortez, Rayén Sepúlveda y Rocío…
1542212563013976066, 1407042126425300992, 2022-06-29T18:25:02.000Z, Congratulations to May 2022 Student Research Grant recipient, Rocio Cortez, @txst, for her project: “Integrating Wildlife Rescue and Rehabilitation into Disaster Loss Reduction Planning.”   Learn more about our Student Research Grants here: https://t.co/hSjljd6YOj https://t.co/G7BxNMUmF0
1542262069973729280, 637016270, 2022-06-29T21:41:45.000Z, RT @SFPEFoundation: Congratulations to May 2022 Student Research Grant recipient, Rocio Cortez, @txst, for her project: “Integrating Wildli…
1542920373422829569, 1234870423424241665, 2022-07-01T17:17:37.000Z, RT @ROCIO_CORTEZ_E1: #salariorosanosedetiene sigueavansando
1542987627208531968, 1234870423424241665, 2022-07-01T21:44:52.000Z, RT @ROCIO_CORTEZ_E1: #SalarioRosaVaPormas se sigue avansando
1543029454305476608, 1234870423424241665, 2022-07-02T00:31:04.000Z, RT @ROCIO_CORTEZ_E1: #SalarioRosaNoSeDetiene seguimos avanzando
1543737230484807682, 1512488582556094466, 2022-07-03T23:23:31.000Z, @ALEXANDERACHA @LaAcademiaTV Alexander  , ponles canciones de divas como de Rocío jurado  , Rocío  Durcal,  Angela carrasco,  Amanda Miguel,  y a los varones de Nino bravo , camilo sesto , Miguel gallardo entre otros grandes , talves así quedas bien  con la insasialble  de loca cortez
1544412033000562688, 1234870423424241665, 2022-07-05T20:04:57.000Z, RT @ROCIO_CORTEZ_E1: #SalarioRosaFamiliasFuertes cada día apoyando más a las amás de casa
1544414278039605248, 1234870423424241665, 2022-07-05T20:13:52.000Z, RT @ROCIO_CORTEZ_E1: #salariorosafamilasfuertes llegando a todas las amás de casa
1544433720530243584, 1234870423424241665, 2022-07-05T21:31:07.000Z, RT @ROCIO_CORTEZ_E1: Excelente apoyo #SalarioRosaFamiliasFuertes
1544436120175476737, 1406001862541824004, 2022-07-05T21:40:39.000Z, RT @ROCIO_CORTEZ_E1: #salariorosafamilasfuertes llegando a todas las amás de casa
1544819956675710976, 1685416508, 2022-07-06T23:05:53.000Z, Rocío muy guay, pero creo que el ganador será otro. Un Caparrós, un Chelo García Cortez o como se llamaba? Jajajaja  #SalvameMediafest3
1546669992195809280, 1278487242303049728, 2022-07-12T01:37:16.000Z, @EliZea_derecho @MirtyVas @MimpPeru a Mirtha Vasquez a Veronika Mendoza, a Marisa Glave, a Indira Huica, a Sigrid Bazan, a Isabel Cortez, Rocio Silva Santistevan ,  a la ministra de la mujer que ni me acuerdo el nombre... etc etc,h hipocritas, figuretis, tal vez esto no da votos por eso no es importante ....
1546887128981938176, 1234870423424241665, 2022-07-12T16:00:05.000Z, RT @ROCIO_CORTEZ_E1: Sigue el gran apoyo para las amas de casa #salariorosaestacontigo
1546914415940812800, 981194190263672832, 2022-07-12T17:48:31.000Z, RT @ROCIO_CORTEZ_E1: Llora se ate las lágrimas y adelante https://t.co/mV4CONXUov
1546914457837703168, 981194190263672832, 2022-07-12T17:48:41.000Z, RT @ROCIO_CORTEZ_E1: Y si es verdad jajaja https://t.co/QdeFoa21aq
1546921567250255874, 1234870423424241665, 2022-07-12T18:16:56.000Z, RT @ROCIO_CORTEZ_E1: Seguimos avanzando para llegar a todos los hogares#salariorosaestacontigo
