id, author_id, created_at, text
1190042173783363587, 41116847, 2019-10-31T23:05:38.000Z, Long Beach police say Thursday that 25-year-old Maurice Poe Jr., 35-year-old Melvin Williams II, and 28-year-old Ricardo Torres were slain in the attack.   https://t.co/lqe8PRjLEx
1190560826702348288, 846101232422834177, 2019-11-02T09:26:35.000Z, Men Shot Dead At Long Beach Halloween Party Identified — Suspect Still At Large https://t.co/3K3PHiLSmX https://t.co/Tyu9HwWCTV
1190560879751966728, 846101232422834177, 2019-11-02T09:26:47.000Z, Men Shot Dead At Long Beach Halloween Party Identified — Suspect Still At Large: Three… https://t.co/4xGpUTGBsr
1190563394669006849, 930914198946594816, 2019-11-02T09:36:47.000Z, They discovered three men — Melvin Williams II, 35, of Gardena, Ricardo Torres, 28, of Inglewood, and Maurice Poe Jr., 25 — who were already dead, and several other victims with serious injuries.  #California #LongBeach #Guns #Violence #Crime  https://t.co/4W3u52xWju
1190563577037352960, 846101232422834177, 2019-11-02T09:37:31.000Z, Three people have been confirmed dead after a mass shooting that took place at a Halloween party in Long Beach, California on Tuesday.   #California #LongBeach #Guns #Violence #Crime  https://t.co/3K3PHiugYn
1190576187451400193, 718765110, 2019-11-02T10:27:37.000Z, Men Shot Dead At Long Beach Halloween Party Identified -- Suspect Still At Large https://t.co/q7cQIs0ewQ via @USDailyReport
