id, author_id, created_at, text
614651530910666753, 446712606, 2015-06-27T04:28:39.000Z, R.I.P Kody Ryan Cook 💙 my KRC, my husband Cuh, my lil tupac I promise I'll never stop loving you 💙🙏🏽 #GoneButNeverForgotten  I love you
614656013652901888, 1507826923, 2015-06-27T04:46:28.000Z, RT @MissMila_: R.I.P Kody Ryan Cook 💙 my KRC, my husband Cuh, my lil tupac I promise I'll never stop loving you 💙🙏🏽 #GoneButNeverForgotten …
614656629242368000, 219120104, 2015-06-27T04:48:54.000Z, RT @MissMila_: R.I.P Kody Ryan Cook 💙 my KRC, my husband Cuh, my lil tupac I promise I'll never stop loving you 💙🙏🏽 #GoneButNeverForgotten …
614657899441332224, 2756594827, 2015-06-27T04:53:57.000Z, RT @MissMila_: R.I.P Kody Ryan Cook 💙 my KRC, my husband Cuh, my lil tupac I promise I'll never stop loving you 💙🙏🏽 #GoneButNeverForgotten …
614663939553521664, 2756594827, 2015-06-27T05:17:57.000Z, Kody Ryan cook gone but never forgotten I miss you so much 😢
614665359002574848, 1507826923, 2015-06-27T05:23:36.000Z, RT @tolovemegan: Kody Ryan cook gone but never forgotten I miss you so much 😢
614670992711946240, 1547458188, 2015-06-27T05:45:59.000Z, RT @MissMila_: R.I.P Kody Ryan Cook 💙 my KRC, my husband Cuh, my lil tupac I promise I'll never stop loving you 💙🙏🏽 #GoneButNeverForgotten …
614671443184349184, 1456110008, 2015-06-27T05:47:46.000Z, RT @MissMila_: R.I.P Kody Ryan Cook 💙 my KRC, my husband Cuh, my lil tupac I promise I'll never stop loving you 💙🙏🏽 #GoneButNeverForgotten …
614690497622179841, 97304401, 2015-06-27T07:03:29.000Z, RT @MissMila_: R.I.P Kody Ryan Cook 💙 my KRC, my husband Cuh, my lil tupac I promise I'll never stop loving you 💙🙏🏽 #GoneButNeverForgotten …
614691246397788160, 2277226644, 2015-06-27T07:06:28.000Z, RT @MissMila_: R.I.P Kody Ryan Cook 💙 my KRC, my husband Cuh, my lil tupac I promise I'll never stop loving you 💙🙏🏽 #GoneButNeverForgotten …
614844557511913473, 581426911, 2015-06-27T17:15:40.000Z, Candlelight for Kody Ryan Cook 🌌👼🏽 TONIGT @8  Baskin Robbins on 135th Street and Crenshaw Boulevard 🙏🏽
614853728730923008, 581426911, 2015-06-27T17:52:07.000Z, Candlelight for Kody Ryan Cook 🌌👼🏽 TONIGT @8  Baskin Robbins on 135th Street and Crenshaw Boulevard 🙏🏽 http://t.co/tYoTQjwpfb
614854591553929216, 2756594827, 2015-06-27T17:55:32.000Z, RT @briannalove_xo: Candlelight for Kody Ryan Cook 🌌👼🏽 TONIGT @8  Baskin Robbins on 135th Street and Crenshaw Boulevard 🙏🏽
614862493530206208, 446712606, 2015-06-27T18:26:56.000Z, Candlelight for Kody Ryan Cook 🌌👼🏽 TONIGT @8  Baskin Robbins on 135th Street and Crenshaw Boulevard 🙏🏽 TONIGHT ❗️💙
614863155122954240, 581426911, 2015-06-27T18:29:34.000Z, RT @MissMila_: Candlelight for Kody Ryan Cook 🌌👼🏽 TONIGT @8  Baskin Robbins on 135th Street and Crenshaw Boulevard 🙏🏽 TONIGHT ❗️💙
614865488863039488, 157230539, 2015-06-27T18:38:50.000Z, RT @MissMila_: Candlelight for Kody Ryan Cook 🌌👼🏽 TONIGT @8  Baskin Robbins on 135th Street and Crenshaw Boulevard 🙏🏽 TONIGHT ❗️💙
614975309008404480, 1144120412, 2015-06-28T01:55:14.000Z, RIP Kody Ryan Cook👼🏼😭❤️ you were always able to make me laugh &amp; put a smile on people's faces. You'll be missed and in my prayers forever. 💕
615003416935305217, 25518162, 2015-06-28T03:46:55.000Z, RT @gingmariee: RIP Kody Ryan Cook👼🏼😭❤️ you were always able to make me laugh &amp; put a smile on people's faces. You'll be missed and in my p…
615737028760637444, 3240624019, 2015-06-30T04:22:02.000Z, @dontgasme R.I.P Kody Ryan Cook, Hello, Jurrasic World is available to watch online! please kindly visit my bio and click my site :)
617237862031847424, 41317123, 2015-07-04T07:45:48.000Z, Life is precious, life is a gift. RIP Kody Ryan Cook.❤️
619274027912171520, 2855905998, 2015-07-09T22:36:48.000Z, I'm so blessed to have gotten the chance to get this made. I love you so much Kody Ryan Cook. Rest easy KDog💙 http://t.co/dvj3A42RqI
