id, author_id, created_at, text
1506059609093644299, 208695951, 2022-03-22T00:06:06.000Z, RT @ctxt_es: ‼️Deberían leer esta pieza de @Jonathan_K_Cook  "La dificultad de contención de los periodistas occidentales a la hora de iden…
1506061290623713286, 310248484, 2022-03-22T00:12:47.000Z, RT @IUSLabor_UPF: Ya está disponible el número 1/2022 #IUSLabor con editorial de Ana de la Puebla, y artículos🔝de @73Lac, Mª José Cervilla,…
1506061718354604041, 1223378134789238796, 2022-03-22T00:14:29.000Z, RT @ctxt_es: ‼️Deberían leer esta pieza de @Jonathan_K_Cook  "La dificultad de contención de los periodistas occidentales a la hora de iden…
1506061971359215627, 841075823713124352, 2022-03-22T00:15:29.000Z, RT @IUSLabor_UPF: Ya está disponible el número 1/2022 #IUSLabor con editorial de Ana de la Puebla, y artículos🔝de @73Lac, Mª José Cervilla,…
1506076532468502528, 2707703662, 2022-03-22T01:13:21.000Z, @frade_alexandre Boa noite Alexandre.  Você afirma que Velazquez e Luis Felipe não rendem e que o Maicon não vem para uma posição carente? Rsrsrs  O treinador antigo queria manter Tailson e Allazinho, devem ser negociados agora.  Sanchez só um acordo e Felipe Jonathan deve ser negociado em junho.
1506076694662234114, 912335307122597891, 2022-03-22T01:14:00.000Z, Irving Muñoz se mostró en desacuerdo con una medida cautelar que emitió un Juez de Garantías, que le otorgó una medida de libertad y reporte periódico en favor de Jonathan Sánchez, a quien se le señala por haber agredido a una unidad de  @ProtegeryServir   https://t.co/KcB05QISOP https://t.co/DD7eseYKK8
1506078630652350465, 885830754688741376, 2022-03-22T01:21:41.000Z, É rezar para o Sanchez poder voltar a ser AQUELE Sanchez pelo menos um tempo.Rezar pro Felipe Jonathan ter mais vigor fisico e melhor um pouco na marcação.Rezar pro Maranhão pelo menos ajudar.Rezar pro Terceiros vingar, etc  E nem sempre (ou quase nunca) REZA SALVA,não no futebol
1506148863933136898, 2194140621, 2022-03-22T06:00:46.000Z, #TeBuscamos Jonathan Ulises Ruvalcaba Sánchez. Neza, Estado de Mexico  #EdoMex https://t.co/FfM3Fy3Thv
1506162337920790533, 908370646400471041, 2022-03-22T06:54:19.000Z, RT @IUSLabor_UPF: Ya está disponible el número 1/2022 #IUSLabor con editorial de Ana de la Puebla, y artículos🔝de @73Lac, Mª José Cervilla,…
1506174298951716875, 522048515, 2022-03-22T07:41:50.000Z, RT @ctxt_es: ‼️Deberían leer esta pieza de @Jonathan_K_Cook  "La dificultad de contención de los periodistas occidentales a la hora de iden…
1506178516928315395, 255989017, 2022-03-22T07:58:36.000Z, RT @ctxt_es: ‼️Deberían leer esta pieza de @Jonathan_K_Cook  "La dificultad de contención de los periodistas occidentales a la hora de iden…
1506178867895099398, 3064068119, 2022-03-22T08:00:00.000Z, Ja està disponible el número 1/2022 #IUSLabor amb editorial d´Ana de la Puebla, y artícles🔝de @73Lac, Mª José Cervilla, @cmolinan66, @cdiazgarcia92, @aflabor, @frantruji84, Arturo Montesdeoca, Cristina Sánchez-Rodas, Jonathan Gallego, Javier León, Laura Casas i Mª Jesús Espuny https://t.co/XkhNFZpA4L
1506180126890868737, 3064068119, 2022-03-22T08:05:00.000Z, Number 1/2022 #IUSLabor is available with an editorial by Ana de la Puebla, and🔝papers by @73Lac, Mª José Cervilla, @cmolinan66, @cdiazgarcia92, @aflabor, @frantruji84, Arturo Montesdeoca, Cristina Sánchez-Rodas, Jonathan Gallego, Javier León, Laura Casas, and Mª Jesús Espuny https://t.co/NiiW3n9rtp
1506185158348746753, 196164638, 2022-03-22T08:24:59.000Z, RT @IUSLabor_UPF: Number 1/2022 #IUSLabor is available with an editorial by Ana de la Puebla, and🔝papers by @73Lac, Mª José Cervilla, @cmol…
1506187781462274049, 9427562, 2022-03-22T08:35:25.000Z, RT @ctxt_es: ‼️Deberían leer esta pieza de @Jonathan_K_Cook  "La dificultad de contención de los periodistas occidentales a la hora de iden…
1506193262184382465, 1089284179, 2022-03-22T08:57:12.000Z, RT @IUSLabor_UPF: Ja està disponible el número 1/2022 #IUSLabor amb editorial d´Ana de la Puebla, y artícles🔝de @73Lac, Mª José Cervilla, @…
1506206790807355399, 1196531457717653504, 2022-03-22T09:50:57.000Z, RT @IUSLabor_UPF: Ya está disponible el número 1/2022 #IUSLabor con editorial de Ana de la Puebla, y artículos🔝de @73Lac, Mª José Cervilla,…
1506217638715871233, 3145436572, 2022-03-22T10:34:03.000Z, RT @IUSLabor_UPF: Number 1/2022 #IUSLabor is available with an editorial by Ana de la Puebla, and🔝papers by @73Lac, Mª José Cervilla, @cmol…
1506217652259364868, 3145436572, 2022-03-22T10:34:07.000Z, RT @IUSLabor_UPF: Ja està disponible el número 1/2022 #IUSLabor amb editorial d´Ana de la Puebla, y artícles🔝de @73Lac, Mª José Cervilla, @…
1506231187685228548, 409188587, 2022-03-22T11:27:54.000Z, RT @ctxt_es: ‼️Deberían leer esta pieza de @Jonathan_K_Cook  "La dificultad de contención de los periodistas occidentales a la hora de iden…
1506248710451249156, 1223635236543696901, 2022-03-22T12:37:31.000Z, RT @awesomejasonsel: How I would assign 2022 NFL on FOX crews:  1: Kevin Burkhardt, Greg Olsen 2: Adam Amin, Mark Schlereth 3: Kevin Kugler…
1506277353017782276, 463983553, 2022-03-22T14:31:20.000Z, RT @ctxt_es: ‼️Deberían leer esta pieza de @Jonathan_K_Cook  "La dificultad de contención de los periodistas occidentales a la hora de iden…
1506278843916730376, 505155881, 2022-03-22T14:37:16.000Z, RT @ctxt_es: ‼️Deberían leer esta pieza de @Jonathan_K_Cook  "La dificultad de contención de los periodistas occidentales a la hora de iden…
1506282784544993280, 846820290525106178, 2022-03-22T14:52:55.000Z, RT @elllamadorcsr: Cartel para la salida procesional de la Vera Cruz de Carrión de los Céspedes. Por Jonathan Sánchez Aguilera. https://t.c…
1506288655211634704, 1419119340889194499, 2022-03-22T15:16:15.000Z, Gracias a estos grandes artistas catrachos por su aporte en nuestro gran evento la Pasarela Down. Alec, Wilfredo, Jonathan y  Yesenia. Thaks to these great Catrachos artists for their contribution in our great event the Pasarela Down. Alec, Wilfredo Jonathan Sánchez and Yesenia. https://t.co/pGm0VqnSQD
1506311151998623744, 2512104918, 2022-03-22T16:45:39.000Z, RT @IUSLabor_UPF: Number 1/2022 #IUSLabor is available with an editorial by Ana de la Puebla, and🔝papers by @73Lac, Mª José Cervilla, @cmol…
1506311172789874689, 2512104918, 2022-03-22T16:45:44.000Z, RT @IUSLabor_UPF: Ja està disponible el número 1/2022 #IUSLabor amb editorial d´Ana de la Puebla, y artícles🔝de @73Lac, Mª José Cervilla, @…
1506311227550715905, 2512104918, 2022-03-22T16:45:57.000Z, RT @IUSLabor_UPF: Ya está disponible el número 1/2022 #IUSLabor con editorial de Ana de la Puebla, y artículos🔝de @73Lac, Mª José Cervilla,…
1506317042844114948, 2672767371, 2022-03-22T17:09:03.000Z, RT @ctxt_es: ‼️Deberían leer esta pieza de @Jonathan_K_Cook  "La dificultad de contención de los periodistas occidentales a la hora de iden…
1506317633527988227, 1214683784, 2022-03-22T17:11:24.000Z, Top-300: Yusei Kikuchi- 278.7 Isiah Kiner-Falefa- 274.9 Gary Sanchez- 221.2 Joe Barlow- 233.7 Matt Barnes- 251.2 Jonathan Villar- 239.8 Riley Greene- 273.9 Bobby Dalbec- 215.5 Casey Mize- 271.4 Eric Haase- 283.9
1506377220654342155, 1470418988, 2022-03-22T21:08:11.000Z, Join us on March 31 and April 1, 2022 for “Migration in the Americas: The Workings of Collective Hope”  Featured speakers include:@AllisonBWolf1 @menjivar_ceci , Jonathan Hiskey, Juan Carlos Gomez, Mariana Sanchez, and @RafaelFdeC   Registration is open at https://t.co/BgtFvjrGoq https://t.co/Y9hwtMwR2m
1506384197543415816, 3321233811, 2022-03-22T21:35:54.000Z, RT @FIULACC: Join us on March 31 and April 1, 2022 for “Migration in the Americas: The Workings of Collective Hope”  Featured speakers incl…
1506386877703667718, 885830754688741376, 2022-03-22T21:46:33.000Z, @Vh33_ Tem mais essa do Madson? Putz, que bom.  Madson, Sanchez e Felipe Jonathan, se estiverem bem, podem ajudar demais.
1506395053568282636, 738290240, 2022-03-22T22:19:02.000Z, @NonEvoluto Penso sia fattibile Botman e Renato Sanchez + Adli e Pobega certi. Origi a parametro zero come si dice lascerebbe budget per un ala destra perché no Jonathan David che nasce proprio ala destra? Magari con David e Leao più vicini al centravanti @NonEvoluto ?🤔
1506413843571949577, 4746717761, 2022-03-22T23:33:42.000Z, RT @IUSLabor_UPF: Number 1/2022 #IUSLabor is available with an editorial by Ana de la Puebla, and🔝papers by @73Lac, Mª José Cervilla, @cmol…
1506430666631794693, 366521181, 2022-03-23T00:40:33.000Z, RT @ctxt_es: ‼️Deberían leer esta pieza de @Jonathan_K_Cook  "La dificultad de contención de los periodistas occidentales a la hora de iden…
1506468635371618304, 1019424930092511232, 2022-03-23T03:11:26.000Z, El primer hecho traer a Anselmo Bruera y Sosa Sanchez y Jonathan Torres Libre   @marcecalello @GonzaloFigueroa   es tan surrealista QAC   https://t.co/4t6RBiBxCn
1506497741760999430, 766124375217172480, 2022-03-23T05:07:05.000Z, Congrats to OAP at Bi-district competition! Alternate advancing play! Tech award to Makenzie Van, stage manager.  Honorable mention to Jonathan Thomas and Britney Delgado. All Star Cast to Alyson Sanchez! Way to go! https://t.co/RC8xprPpHI
1506511475430539266, 2194140621, 2022-03-23T06:01:40.000Z, #TeBuscamos Jonathan Ulises Ruvalcaba Sánchez. Neza, Estado de Mexico  #EdoMex https://t.co/IYUVUoNME2
1506514350063988740, 323614679, 2022-03-23T06:13:05.000Z, RT @LaAlamedaEdoMex: #TeBuscamos Jonathan Ulises Ruvalcaba Sánchez. Neza, Estado de Mexico  #EdoMex https://t.co/IYUVUoNME2
1506554600437989386, 2876411861, 2022-03-23T08:53:01.000Z, Sobre las fases del ciclo del #agua, la red de saneamiento, la importancia del cuidado del #agua y las consecuencias de tirar toallitas por el inodoro, han aprendido los alumnos del CEIP Catalina de Palacios de Esquivias(#Toledo) con Jonathan Sánchez, jefe de servicio de #Aqualia https://t.co/IxHBorELaM
1506559324277121026, 1366052894013808646, 2022-03-23T09:11:48.000Z, RT @aqualia: Sobre las fases del ciclo del #agua, la red de saneamiento, la importancia del cuidado del #agua y las consecuencias de tirar…
1506583280711356419, 2366599496, 2022-03-23T10:46:59.000Z, RT @FHSEagleBeat: Congrats to OAP at Bi-district competition! Alternate advancing play! Tech award to Makenzie Van, stage manager.  Honorab…
1506584780749656066, 1500613430004391943, 2022-03-23T10:52:57.000Z, @Mtw_rnz @JetaimeMessi @ActuFoot_ Renato Sanchez, martial ont été golden boy. Et aujourd'hui tu prend un Jonathan Clauss il vaut plus chère qu'eux .. en faite vous vous tirez trop l élastique sur lui c'est gênant
1506607900931801089, 421515551, 2022-03-23T12:24:49.000Z, RT @FHSEagleBeat: Congrats to OAP at Bi-district competition! Alternate advancing play! Tech award to Makenzie Van, stage manager.  Honorab…
1506609545455575040, 229562958, 2022-03-23T12:31:21.000Z, RT @IUSLabor_UPF: Ya está disponible el número 1/2022 #IUSLabor con editorial de Ana de la Puebla, y artículos🔝de @73Lac, Mª José Cervilla,…
1506625209562021888, 2940353194, 2022-03-23T13:33:36.000Z, RT @FHSEagleBeat: Congrats to OAP at Bi-district competition! Alternate advancing play! Tech award to Makenzie Van, stage manager.  Honorab…
1506665755068174340, 915319016, 2022-03-23T16:14:43.000Z, #LosBuscamos Eduardo, Jonathan y Ubaldo Montiel Morales; Erick Lira, Eduardo Sánchez Báez y Armando Martínez, de #Tlaxcala, desaparecieron en #Soyaltepec #Oaxaca https://t.co/8eYXVdP4s1
1506666857905991688, 1430609320941527041, 2022-03-23T16:19:06.000Z, RT @_LaAlameda: #LosBuscamos Eduardo, Jonathan y Ubaldo Montiel Morales; Erick Lira, Eduardo Sánchez Báez y Armando Martínez, de #Tlaxcala,…
1506671800897486853, 1387591129, 2022-03-23T16:38:44.000Z, Te invitamos este jueves 24 de Marzo a las 11 am y 12 pm a la Conferencia de Jonathan Sanchez Pérez #ElMexicanoEspacial - "Que está pidiendo de mi esta vida - Mi Experiencia en la #NASA" - en nuestra Sala de Usos Múltiples, abierto al público favor de reservar, cupo limitado. https://t.co/QBoDLJ2Avp
1506672187469668356, 79486662, 2022-03-23T16:40:16.000Z, RT @PartenonCozumel: Te invitamos este jueves 24 de Marzo a las 11 am y 12 pm a la Conferencia de Jonathan Sanchez Pérez #ElMexicanoEspacia…
1506689509718736903, 293830108, 2022-03-23T17:49:06.000Z, RT @PartenonCozumel: Te invitamos este jueves 24 de Marzo a las 11 am y 12 pm a la Conferencia de Jonathan Sanchez Pérez #ElMexicanoEspacia…
1506696457759473669, 107595475, 2022-03-23T18:16:43.000Z, RT @PartenonCozumel: Te invitamos este jueves 24 de Marzo a las 11 am y 12 pm a la Conferencia de Jonathan Sanchez Pérez #ElMexicanoEspacia…
1506701926896836610, 2497659612, 2022-03-23T18:38:27.000Z, RT @_LaAlameda: #LosBuscamos Eduardo, Jonathan y Ubaldo Montiel Morales; Erick Lira, Eduardo Sánchez Báez y Armando Martínez, de #Tlaxcala,…
1506751825000734723, 943716467580788736, 2022-03-23T21:56:43.000Z, EDU DRACENA GABARITO TA AQUI  empresta:  paulo mazoti vinicius baliero luizinho alanzinho tailson  vende/troca:  lucas braga felipe jonathan luiz felipe jobson madson sanchez  espera acaba contrato:  jun\22: marcos guilherme daniel guedes augusto galvan  dez\22: velasquez camacho
1506768466812063748, 1428518184601141249, 2022-03-23T23:02:51.000Z, ⏱️ 61' 2T || Sustitución en #CDFMarteSoyapango  ➡️ Ingresa: Oscar Molina #6 ⬅️ Abandona: José Rodríguez #10  ➡️ Ingresa: Gerson Sánchez #11 ⬅️ Abandona: David Díaz #9  ➡️ Ingresa: Bryan Mejía #34 ⬅️ Abandona: Jonathan Esquivel #32  #FUEvsMAR #MasVivoQueNunca #TorneoClausura2022 https://t.co/0uAw6C6eay
1506777922618732548, 872281895664582656, 2022-03-23T23:40:25.000Z, RT @Diegol90Mx: 🤬🇲🇽 NO HAY NINGUNA JUSTIFICACIÓN PARA CONVOCAR A Selección Mexicana a: Rodolfo Cota Jonathan Orozco Jesús Gallardo Jorge Sá…
1506873883474997251, 2194140621, 2022-03-24T06:01:44.000Z, #TeBuscamos Jonathan Ulises Ruvalcaba Sánchez. Neza, Estado de Mexico  #EdoMex https://t.co/YbqgbaCAIb
1506874234768793605, 2551849994, 2022-03-24T06:03:08.000Z, RT @LaAlamedaEdoMex: #TeBuscamos Jonathan Ulises Ruvalcaba Sánchez. Neza, Estado de Mexico  #EdoMex https://t.co/YbqgbaCAIb
1507022005056544775, 2938754604, 2022-03-24T15:50:19.000Z, Cáscara en el azul Arriba: Cardoso, Pastor, Nachito Flores, Sergio Rubio, Mau, José Luis Sixtos, JL Guerrero, Toño Chávez, Beto Valdes, Sánchez Galindo. Abajo: Silvino Román, Pecas, Jonathan Bernard, Edgar Sánchez y Rodríguez Beltrán https://t.co/5s4y6ONw9d
1507063290937200648, 915319016, 2022-03-24T18:34:23.000Z, #LosBuscamos Eduardo, Jonathan y Ubaldo Montiel Morales; Erick Lira, Eduardo Sánchez Báez y Armando Martínez, de #Tlaxcala, desaparecieron en #Soyaltepec #Oaxaca https://t.co/8eYXVdP4s1
1507063450278768641, 19932866, 2022-03-24T18:35:01.000Z, Congrats to #OLLUTrackandField's Jonathan Sanchez, who set an OLLU record in the Javelin throw at the Bobcat Invitational at Texas State University today! #WingsUpSaints https://t.co/PZ4BreVHVx
1507063834841858052, 602325817, 2022-03-24T18:36:32.000Z, RT @_LaAlameda: #LosBuscamos Eduardo, Jonathan y Ubaldo Montiel Morales; Erick Lira, Eduardo Sánchez Báez y Armando Martínez, de #Tlaxcala,…
1507066003083173901, 1686066356, 2022-03-24T18:45:09.000Z, RT @OLLUSaints: Congrats to #OLLUTrackandField's Jonathan Sanchez, who set an OLLU record in the Javelin throw at the Bobcat Invitational a…
1507071832624701448, 2600313360, 2022-03-24T19:08:19.000Z, RT @OLLUSaints: Congrats to #OLLUTrackandField's Jonathan Sanchez, who set an OLLU record in the Javelin throw at the Bobcat Invitational a…
1507085172713340932, 399184965, 2022-03-24T20:01:20.000Z, RT @OLLUSaints: Congrats to #OLLUTrackandField's Jonathan Sanchez, who set an OLLU record in the Javelin throw at the Bobcat Invitational a…
1507126171779145730, 405894298, 2022-03-24T22:44:15.000Z, RT @elllamadorcsr: Cartel de Jesús de Medinaceli de Madrid. Por Jonathan Sánchez Aguilera. https://t.co/OgEwBXAvTC
1507127850641641479, 405894298, 2022-03-24T22:50:55.000Z, RT @elllamadorcsr: Retrato de la Virgen de la Antigua encargado a Jonathan Sánchez Aguilera, utilizado como cartel para la Semana Santa de…
1507148471614287884, 4290154102, 2022-03-25T00:12:51.000Z, ARS: Saka AVL: Bailey BRE: Toney BHA: Lamptey BUR: Cornet CHE: Kante, Mendy, Sarr CRY: Zaha EVE: Doucoure LEE: Raphina LEI: Lookman LIV:Konate MCI: Fernandinho  MAN: Rashford NEW: ASM NOR: Jonathan Rowe SOU: Redmond TOT: Sanchez WAT: Dennis WHU: Antonio https://t.co/6yqNHrBhHM
1507160735234801666, 1098319989680078848, 2022-03-25T01:01:35.000Z, Record breaking day for our boys golf team!  ❗️4 boys shot 100 or better❗️ Brayden Silva 100 Dayden Cheek 96 Stephen Rodriguez 96 Mateo Sanchez 92  ❗️broke 400 on our team score for the 1st time❗️  Great job to our other golfers Tyce, Ceasar, Jonathan, and Robert! #TheE #FAMILY
1507161185124298764, 2601943050, 2022-03-25T01:03:22.000Z, RT @EstacadoGolf: Record breaking day for our boys golf team!  ❗️4 boys shot 100 or better❗️ Brayden Silva 100 Dayden Cheek 96 Stephen Rodr…
1507161583063023622, 64522133, 2022-03-25T01:04:57.000Z, RT @EstacadoGolf: Record breaking day for our boys golf team!  ❗️4 boys shot 100 or better❗️ Brayden Silva 100 Dayden Cheek 96 Stephen Rodr…
1507175491119333381, 104617634, 2022-03-25T02:00:13.000Z, El mexicano espacial, Jonathan Cristhan Sánchez , realizo una conferencia motivacional y de superación a los estudiantes del Instituto Partenón Cozumel.  https://t.co/yDc0dN5UbS
1507178838031224834, 1239765919829721088, 2022-03-25T02:13:31.000Z, RT @Diegol90Mx: 🤬🇲🇽 NO HAY NINGUNA JUSTIFICACIÓN PARA CONVOCAR A Selección Mexicana a: Rodolfo Cota Jonathan Orozco Jesús Gallardo Jorge Sá…
1507183007563751433, 52756832, 2022-03-25T02:30:05.000Z, RT @Diegol90Mx: 🤬🇲🇽 NO HAY NINGUNA JUSTIFICACIÓN PARA CONVOCAR A Selección Mexicana a: Rodolfo Cota Jonathan Orozco Jesús Gallardo Jorge Sá…
1507235932725989377, 2194140621, 2022-03-25T06:00:24.000Z, #TeBuscamos Jonathan Ulises Ruvalcaba Sánchez. Neza, Estado de Mexico  #EdoMex https://t.co/TOGYX2zZzQ
1507290642854125569, 2895565085, 2022-03-25T09:37:48.000Z, RT @desakordes: 1/37 Así es Alexander Soros,el hijo de George Soros y soltero de oro del "anticapitalismo" que se ha reunido con Perro Sánc…
1507294611521347585, 1035253871847849985, 2022-03-25T09:53:34.000Z, RT @OLLUSaints: Congrats to #OLLUTrackandField's Jonathan Sanchez, who set an OLLU record in the Javelin throw at the Bobcat Invitational a…
1507311336283332618, 282618922, 2022-03-25T11:00:01.000Z, Time for a #VOGUE catch up ⏰ the latest issue of #VogueCzechoslovakia is here [April 2022]   Available for purchase in store and online now!  On the cover: Erin Wasson &amp; Irina Lazareanu 📸: Branislav Simoncik 💇‍♀️: Olivier Noraz 💄: Jonathan Sánchez  #cnwn #cnwnshop #vogue https://t.co/7ALFehnWQk
1507316028728086528, 146477137, 2022-03-25T11:18:40.000Z, RT @LaAlamedaEdoMex: #TeBuscamos Jonathan Ulises Ruvalcaba Sánchez. Neza, Estado de Mexico  #EdoMex https://t.co/TOGYX2zZzQ
1507356144423124996, 1144262526, 2022-03-25T13:58:04.000Z, @mackmaojr @alan_591 @GzzLvelle @DanieCortesB Nada que Jorge Sánchez o Alan Mozo no puedan hacer, en MLS hasta Jonathan dos santos era figura , wey si piensas que por opinar de fútbol se está jodido que mente tan limitada tienes wey
1507375721190154248, 2333695267, 2022-03-25T15:15:52.000Z, RT @Diegol90Mx: 🤬🇲🇽 NO HAY NINGUNA JUSTIFICACIÓN PARA CONVOCAR A Selección Mexicana a: Rodolfo Cota Jonathan Orozco Jesús Gallardo Jorge Sá…
1507392949784567809, 29451899, 2022-03-25T16:24:19.000Z, Mark Sanchez Brett Favre Uncle Rico Jonathan Moxon https://t.co/oFE68McEdj
1507396566658609153, 1168013759018700801, 2022-03-25T16:38:42.000Z, @FanDuel Jonathan Sanchez
1507417507593740296, 26841565, 2022-03-25T18:01:54.000Z, @KNBR Jonathan Sanchez
1507434744681836556, 1188530225040232448, 2022-03-25T19:10:24.000Z, A los de Lugo que les ha afectado la huelga del transporte.  Que sepáis que es por la guerra y no por SÁNCHEZ, que estos chulitos del volante deben pagar por sus daños y la mejor forma es no darles transporte. Rabade y Jonathan camiones de Lugo han hecho mucho daño a su industria
1507437524507152393, 1188530225040232448, 2022-03-25T19:21:27.000Z, RT @yaestabien17: A los de Lugo que les ha afectado la huelga del transporte.  Que sepáis que es por la guerra y no por SÁNCHEZ, que estos…
1507487958990942210, 1232732937495310337, 2022-03-25T22:41:51.000Z, RT @_LaAlameda: #LosBuscamos Eduardo, Jonathan y Ubaldo Montiel Morales; Erick Lira, Eduardo Sánchez Báez y Armando Martínez, de #Tlaxcala,…
1507570899444187140, 1431829015539552264, 2022-03-26T04:11:26.000Z, RT @_LaAlameda: #LosBuscamos Eduardo, Jonathan y Ubaldo Montiel Morales; Erick Lira, Eduardo Sánchez Báez y Armando Martínez, de #Tlaxcala,…
1507598710221545473, 2194140621, 2022-03-26T06:01:57.000Z, #TeBuscamos Jonathan Ulises Ruvalcaba Sánchez. Neza, Estado de Mexico  #EdoMex https://t.co/Fg3dwpHeZb
1507606214556979201, 1345952129329070080, 2022-03-26T06:31:46.000Z, Varsity Girls, Bi-District Champs 3-1 over Jeff HS.   ⚽️ Anissa Mendez,  ⚽️ Margui Nieves,  ⚽️ Vanessa Preciado 🎯 🎯 Arianna Mendez  🎯 Ivy Lara  Boys Tie 1-1 vs Irvin HS ⚽️ Jonathan Ulloa 🎯 Josh Juarez, Manny Chavez 2OTs  ⚽️ Michael Garcia ⚽️ Andy Sanchez End Season with SOL https://t.co/qiSFatrkU7
1507643544990892033, 1464039688226979840, 2022-03-26T09:00:06.000Z, 2010 Topps #28 Jonathan Sanchez San Francisco Giants MLB Baseball Card NM-MT...👉 https://t.co/i9H4sy3BCS
1507688326295437315, 2786495711, 2022-03-26T11:58:03.000Z, RT @_LaAlameda: #LosBuscamos Eduardo, Jonathan y Ubaldo Montiel Morales; Erick Lira, Eduardo Sánchez Báez y Armando Martínez, de #Tlaxcala,…
1507693408026046468, 1273268041317564416, 2022-03-26T12:18:14.000Z, @futebol_info @UOLEsporte @lucas_musetti Manda o Goulart, Leo Baptistao, Marcos Leonardo, Lucas Braga e o Carlos Sanchez e a volta do Felipe Jonathan ai nós aceitamos
1507696801410953221, 1471896599307689992, 2022-03-26T12:31:43.000Z, @_ju9n_ @futebol_info @UOLEsporte @lucas_musetti Sanchez, baptistao e Felipe Jonathan pode levar, nois leva no aeroporto eles três
1507708332353675273, 959152162457702400, 2022-03-26T13:17:32.000Z, #APFPrimeraB ⚽  ⌚12'  🟨 Amonestado Jonathan Sánchez de Capiatá.  ➡️ #Tembetary 0 ➡️ #Capiatá 0  🗓 Fecha 1. https://t.co/DjU0Sfy38C
1507728480208924687, 959152162457702400, 2022-03-26T14:37:36.000Z, #APFPrimeraB ⚽  ⌚76'  Cambio en Capiatá, ingresa Guido Cáceres por Jonathan Sánchez.  ➡️ #Tembetary 0 ➡️ #Capiatá 0  🗓 Fecha 1.
1507729069307314184, 410064436, 2022-03-26T14:39:57.000Z, RT @APFPrimeraB: #APFPrimeraB ⚽  ⌚76'  Cambio en Capiatá, ingresa Guido Cáceres por Jonathan Sánchez.  ➡️ #Tembetary 0 ➡️ #Capiatá 0  🗓 Fec…
1507787385559474178, 83675576, 2022-03-26T18:31:40.000Z, A 5 jugadores trapeo, y si la jugada terminó en nada pero quedaron exhibidos, Herrera (2 ocasiones),Jonathan Vasques, Jorge Sanchez, Charlie Rodriguez y Edson Alvarez... esta es la realidad de @miseleccionmx https://t.co/vHAwgYTEUj
1507788303273181187, 449336802, 2022-03-26T18:35:19.000Z, FORMACIÓN @casdcamioneros 🚚  TITULARES  1- Julio Chiarini 2- Juan Centurión  3- Jonathan  Medina 4- Juan Ferreira 5- Alam Olinick 6- Federico Sanchez 7- Matiás González  8- Brian Musarella 9- Gonzalo Vivanco 10- Axel Musarella 11- Facundo Moyano
1507857749866123265, 915319016, 2022-03-26T23:11:16.000Z, #LosBuscamos Eduardo, Jonathan y Ubaldo Montiel Morales; Erick Lira, Eduardo Sánchez Báez y Armando Martínez, de #Tlaxcala, desaparecieron en #Soyaltepec #Oaxaca https://t.co/8eYXVdP4s1
1507861106475388937, 713081153972908032, 2022-03-26T23:24:37.000Z, @isaias_nadal @sonbienviboras No sé si contratar al Alejandro Gertz Manero a Julio Scherer o a la  Olga Sánchez Cordero. A Collado no pues está en la cárcel. Ya sé! al fiscal especial para los casos Lalo Valencia o Jonathan Hernández. Los hijos de los gobernadores fueron exonerados y hoy gozan de cabal salud.
1507910096793309184, 576547843, 2022-03-27T02:39:17.000Z, #JugadorASeguir 🔝  Jonathan Sánchez es uno de los elementos más importantes del @Atlante, un pilar en la zaga para que los Potros mantengan el orden.  ¡Regístrate ahora en https://t.co/NDBTt6IMx6 y recibe $400 🤑 para meterle a la #LigaBBVAExpansiónMX! 📲 https://t.co/tF8I2zEEoK https://t.co/b5sLzbI7SB
1507926371628113924, 93545617, 2022-03-27T03:43:57.000Z, 1T32’ Tarjeta amarilla para Jonathan Sánchez. 🟨  Tepatitlán 0 🆚 0 Atlante   #GritaXLaPaz #SerAtlante #SerdeHierro #SerdelPueblo https://t.co/bKiRvXFpYH
1507929094616399873, 719998387106385920, 2022-03-27T03:54:46.000Z, RT @CanutilloSoccer: Varsity Girls, Bi-District Champs 3-1 over Jeff HS.   ⚽️ Anissa Mendez,  ⚽️ Margui Nieves,  ⚽️ Vanessa Preciado 🎯 🎯 Ar…
1507960993640599552, 2194140621, 2022-03-27T06:01:32.000Z, #TeBuscamos Jonathan Ulises Ruvalcaba Sánchez. Neza, Estado de Mexico  #EdoMex https://t.co/wVne1g3fXE
1508092596299706368, 549576526, 2022-03-27T14:44:28.000Z, RT @_LaAlameda: #LosBuscamos Eduardo, Jonathan y Ubaldo Montiel Morales; Erick Lira, Eduardo Sánchez Báez y Armando Martínez, de #Tlaxcala,…
1508110444921339904, 915319016, 2022-03-27T15:55:24.000Z, #LosBuscamos Eduardo, Jonathan y Ubaldo Montiel Morales; Erick Lira, Eduardo Sánchez Báez y Armando Martínez, de #Tlaxcala, desaparecieron en #Soyaltepec #Oaxaca https://t.co/8eYXVdP4s1
1508153052305395713, 2815821937, 2022-03-27T18:44:42.000Z, ⚽ #BABYFUTBOL - Letra B 🚨 En Villa Real 🏆 Categoría 2009 📌 Camioneros 4 - Alvear 3 Tiziano Veliz 9, Ezequiel Sanchez 10 (1), Seba Leiva 1, Aguilera 6 (1), Samuel Pinilla 3 (1), Jonathan Escalante 8 (1), Villalba 7, Thiago Gandulfo 2, Tobias Navarro 4.  D.T.: Titino y Zarate https://t.co/5XLN1L8JIg
1508163026473545728, 3137114541, 2022-03-27T19:24:20.000Z, #Primera 🚩Suplentes   Oviedo Lisandro Oviedo Álvaro Massa Giuliano Sánchez Facundo García Jonathan Farías Mateo Soria Jonathan  #AlianzaSomosTodos
1508323047757029376, 2194140621, 2022-03-28T06:00:12.000Z, #TeBuscamos Jonathan Ulises Ruvalcaba Sánchez. Neza, Estado de Mexico  #EdoMex https://t.co/DsRT2ofebT
1508563440620785666, 1288405888659861510, 2022-03-28T21:55:26.000Z, @baloncorto @uesantandreu Que vuelva Jonathan Sánchez
1508563866099322880, 1277827106504876032, 2022-03-28T21:57:08.000Z, Vendo os canais do Coritiba, Falaram que eles tem que se preocupar com Felipe Jonathan, Sanchez (Não vem jogando) kkkkkkkkkkkkkkkkkkkkkkkkkkkkkkkkkkkkkkkkkkkkkkkkkkkkk
1508596173640245251, 1016077282165841920, 2022-03-29T00:05:30.000Z, @CentralDoBraga jobson, luiz felipe, felipe jonathan, velasquez, camacho, balieiro, carlos sanchez, tailson, renyer, auro, tem vários mano, pode vir aqui e formar sua seleção
1508643050972758016, 915319016, 2022-03-29T03:11:47.000Z, #LosBuscamos Eduardo, Jonathan y Ubaldo Montiel Morales; Erick Lira, Eduardo Sánchez Báez y Armando Martínez, de #Tlaxcala, desaparecieron en #Soyaltepec #Oaxaca https://t.co/8eYXVdP4s1
1508649935889178628, 1430609320941527041, 2022-03-29T03:39:08.000Z, RT @_LaAlameda: #LosBuscamos Eduardo, Jonathan y Ubaldo Montiel Morales; Erick Lira, Eduardo Sánchez Báez y Armando Martínez, de #Tlaxcala,…
1508767932733538305, 915319016, 2022-03-29T11:28:01.000Z, #LosBuscamos Eduardo, Jonathan y Ubaldo Montiel Morales; Erick Lira, Eduardo Sánchez Báez y Armando Martínez, de #Tlaxcala, desaparecieron en #Soyaltepec #Oaxaca https://t.co/8eYXVdP4s1
1508789216964227077, 1223793534467280896, 2022-03-29T12:52:35.000Z, Boston Red Sox lineup vs the Pirates 1. Christian Arroyo RF 2. Travis Shaw 1B  3. Bobby Dalbec 3B  4. Kevin Plawecki C 5. Christin Stewart LF 6. Rob Refsnyder CF 7. Franchy Cordero DH 8. Yolmer Sánchez 2B 9. Jonathan Araúz SS  SP. Nick Pivetta
1508791207610175493, 1113904650107932673, 2022-03-29T13:00:30.000Z, 3/29 Boston Red Sox Lineup:  1 RF Christian Arroyo 2 1B Travis Shaw 3 3B Bobby Dalbec 4 C Kevin Plawecki 5 LF Christin Stewart 6 CF Rob Refsnyder 7 DH Franchy Cordero 8 2B Yolmer Sanchez 9 SS Jonathan Arauz   SP:Nick Pivetta #DirtyWater  #MLB
1508847510000857089, 626915136, 2022-03-29T16:44:14.000Z, #RedSox today in #SpringTraining Game 12 vs #Pirates:  Christian Arroyo RF Travis Shaw 1B Bobby Dalbec 3B Kevin Plawecki C Christin Stewart LF Rob Refsnyder CF Franchy Cordero DH Yolmer Sánchez 2B Jonathan Araúz SS
1508847545375670282, 808810450779508736, 2022-03-29T16:44:22.000Z, RT @RSNStats: #RedSox today in #SpringTraining Game 12 vs #Pirates:  Christian Arroyo RF Travis Shaw 1B Bobby Dalbec 3B Kevin Plawecki C Ch…
1508848524322127873, 2602409682, 2022-03-29T16:48:15.000Z, RT @RSNStats: #RedSox today in #SpringTraining Game 12 vs #Pirates:  Christian Arroyo RF Travis Shaw 1B Bobby Dalbec 3B Kevin Plawecki C Ch…
1508850788910747648, 1011021369390387200, 2022-03-29T16:57:15.000Z, The real last chapter of this STORY is today. Here's today's starting nine:   Christian Arroyo RF  Travis Shaw 1B  Bobby Dalbec 3B  Kevin Plawecki C  Christian Stewart LF  Rob Refsnyder CF  Franchy Cordero DH  Yolmer Sánchez 2B  Jonathan Araúz SS   Nick Pivetta SP   Games @ 1:05
1508852889502068744, 1505818790591926285, 2022-03-29T17:05:36.000Z, @XaviSol_ El Hijo de Jorge Sanchez ni de locos es el mejor, na ya enserio yo diria que Jonathan David, el delantero canadiense del Lille
1508852965615964160, 626915136, 2022-03-29T17:05:54.000Z, #RedSox today: Christian Arroyo RF, Travis Shaw 1B, Bobby Dalbec 3B, Kevin Plawecki C, Christin Stewart LF, Rob Refsnyder CF, Franchy Cordero DH, Yolmer Sánchez 2B, Jonathan Araúz SS, Nick Pivetta P. #MLB
1508884224593432578, 324612736, 2022-03-29T19:10:07.000Z, Juega Tercera División ante Deportivo Maldonado en Las Acacias, @OficialCAP Jonathan Lima; Luciano Fernández, Alexis Piages, Lautaro Águate, Jairo O’ Neill; Ademir Silva, Mateo Carrizo; Nicolás Rossi, Gaston Sánchez, Máximo Alonso; Sergio “Toto” Núñez https://t.co/Tw7FLrPGax
1508884595780902916, 483261773, 2022-03-29T19:11:36.000Z, RT @WilsonMendez86: Juega Tercera División ante Deportivo Maldonado en Las Acacias, @OficialCAP Jonathan Lima; Luciano Fernández, Alexis Pi…
1508884677712437256, 1351887848341975040, 2022-03-29T19:11:55.000Z, RT @WilsonMendez86: Juega Tercera División ante Deportivo Maldonado en Las Acacias, @OficialCAP Jonathan Lima; Luciano Fernández, Alexis Pi…
1508887216705073153, 626915136, 2022-03-29T19:22:00.000Z, Defensive changes: #RedSox now have Triston Casas at first, Yolmer Sánchez at second, and Bobby Dalbec at third with Jonathan Araúz at short, and Elih Marrero behind the plate catching Kutter Crawford.
1508887916306653195, 1318289482135818247, 2022-03-29T19:24:47.000Z, RT @WilsonMendez86: Juega Tercera División ante Deportivo Maldonado en Las Acacias, @OficialCAP Jonathan Lima; Luciano Fernández, Alexis Pi…
1508889124547272709, 330762847, 2022-03-29T19:29:35.000Z, RT @WilsonMendez86: Juega Tercera División ante Deportivo Maldonado en Las Acacias, @OficialCAP Jonathan Lima; Luciano Fernández, Alexis Pi…
1508944724236947457, 2194140621, 2022-03-29T23:10:31.000Z, #TeBuscamos Jonathan Ulises Ruvalcaba Sánchez. Neza, Estado de Mexico  #EdoMex https://t.co/Cpu8uTZsfB
1508953132780376068, 1476249671899262988, 2022-03-29T23:43:56.000Z, PUTA ARBITRAJE MEXICANO NUNCA NOS DAS UNA HIJOS DE PUTA, en fuera de lugar el gol de Jonathan “Cuba” Sánchez POR SEGUNDO PARTIDO CONSECUTIVO 😭, minuto 42’.
1509048000613601283, 2194140621, 2022-03-30T06:00:54.000Z, #TeBuscamos Jonathan Ulises Ruvalcaba Sánchez. Neza, Estado de Mexico  #EdoMex https://t.co/sd9q009MaV
1509056932505657345, 1325524944214700035, 2022-03-30T06:36:24.000Z, Lo sabe el Jony y lo sabe Antonio Sánchez  "La ignorancia es el peor enemigo de un pueblo que quiere ser libre"  (Jonathan Hennessey) https://t.co/NCXHmwpvL0
1509057257178382338, 225855505, 2022-03-30T06:37:41.000Z, RT @OlgayCarlos2: Lo sabe el Jony y lo sabe Antonio Sánchez  "La ignorancia es el peor enemigo de un pueblo que quiere ser libre"  (Jonatha…
1509057500229902341, 302817861, 2022-03-30T06:38:39.000Z, RT @OlgayCarlos2: Lo sabe el Jony y lo sabe Antonio Sánchez  "La ignorancia es el peor enemigo de un pueblo que quiere ser libre"  (Jonatha…
1509057572397006849, 1494421939754000384, 2022-03-30T06:38:56.000Z, RT @OlgayCarlos2: Lo sabe el Jony y lo sabe Antonio Sánchez  "La ignorancia es el peor enemigo de un pueblo que quiere ser libre"  (Jonatha…
1509057736373325829, 160499164, 2022-03-30T06:39:35.000Z, RT @OlgayCarlos2: Lo sabe el Jony y lo sabe Antonio Sánchez  "La ignorancia es el peor enemigo de un pueblo que quiere ser libre"  (Jonatha…
1509058456245964813, 1452622814448599043, 2022-03-30T06:42:27.000Z, RT @OlgayCarlos2: Lo sabe el Jony y lo sabe Antonio Sánchez  "La ignorancia es el peor enemigo de un pueblo que quiere ser libre"  (Jonatha…
1509060621010096129, 1291475877407203334, 2022-03-30T06:51:03.000Z, RT @OlgayCarlos2: Lo sabe el Jony y lo sabe Antonio Sánchez  "La ignorancia es el peor enemigo de un pueblo que quiere ser libre"  (Jonatha…
1509168120442798086, 915319016, 2022-03-30T13:58:13.000Z, #LosBuscamos Eduardo, Jonathan y Ubaldo Montiel Morales; Erick Lira, Eduardo Sánchez Báez y Armando Martínez, de #Tlaxcala, desaparecieron en #Soyaltepec #Oaxaca https://t.co/8eYXVdP4s1
1509178332537106432, 138830247, 2022-03-30T14:38:48.000Z, Related: Koomey, Jonathan G., Stephen Berard, Marla Sanchez, and Henry Wong. 2011. "Implications of Historical Trends in The Electrical Efficiency of Computing." IEEE Annals of the History of Computing. vol. 33, no. 3. July-September. pp. 46-54. [https://t.co/Wa7jHDtKUI]
1509206068324356100, 919762714637062145, 2022-03-30T16:29:01.000Z, quem torce pra outro time até pensa que o Marinho foi o nosso melhor jogador nos últimos anos KKKKKK  cara fez UMA TEMPORADA BOA, além de que ele jogou bem nessa mesma temporada num time com: Veríssimo, Luan Peres, Pituca, Felipe Jonathan no auge, Sanchez, Soteldo e outros
1509250000559116290, 854381293416599553, 2022-03-30T19:23:35.000Z, Chiconamel con el amigo Alejandro Sanchez Franco previo a recibir su constancia de mayoría como candidato ganador de la elección extraordinaria, en compañía de su esposa María Luisa Bautista, Jonathan Flores y Jorge Martinez. https://t.co/hKMXxE4zbW
1509298322925785091, 822087284, 2022-03-30T22:35:36.000Z, RT @SergioCadna: Chiconamel con el amigo Alejandro Sanchez Franco previo a recibir su constancia de mayoría como candidato ganador de la el…
1509322431432962049, 340696305, 2022-03-31T00:11:24.000Z, I had both of these guys making the team when I ran my projection on Friday.(https://t.co/kFrtlPmoXr)  Yolmer Sánchez, Franchy Cordero, Jonathan Araúz also still in camp and could fight for 28-man spots. https://t.co/aToVnl92Qr
1509336452210978816, 1422677904, 2022-03-31T01:07:06.000Z, RT @ChrisCotillo: I had both of these guys making the team when I ran my projection on Friday.(https://t.co/kFrtlPmoXr)  Yolmer Sánchez, Fr…
1509337130962718720, 3277522177, 2022-03-31T01:09:48.000Z, RT @ChrisCotillo: I had both of these guys making the team when I ran my projection on Friday.(https://t.co/kFrtlPmoXr)  Yolmer Sánchez, Fr…
1509372450798190593, 340696305, 2022-03-31T03:30:09.000Z, RT @ChrisCotillo: I had both of these guys making the team when I ran my projection on Friday.(https://t.co/kFrtlPmoXr)  Yolmer Sánchez, Fr…
1509387135882723330, 909730316, 2022-03-31T04:28:30.000Z, @mySA @ericchurch In comparable news, I missed a SF Giants no-hitter from Jonathan Sanchez 13 years ago when my band played a show at a bar in Berkeley for 15 people.
1509458819159633928, 1369045087209066496, 2022-03-31T09:13:21.000Z, RT @lvchxf: quem torce pra outro time até pensa que o Marinho foi o nosso melhor jogador nos últimos anos KKKKKK  cara fez UMA TEMPORADA BO…
1509503679547682816, 803785105, 2022-03-31T12:11:37.000Z, RT @_LaAlameda: #LosBuscamos Eduardo, Jonathan y Ubaldo Montiel Morales; Erick Lira, Eduardo Sánchez Báez y Armando Martínez, de #Tlaxcala,…
1509515111781838858, 915319016, 2022-03-31T12:57:02.000Z, #LosBuscamos Eduardo, Jonathan y Ubaldo Montiel Morales; Erick Lira, Eduardo Sánchez Báez y Armando Martínez, de #Tlaxcala, desaparecieron en #Soyaltepec #Oaxaca https://t.co/8eYXVdP4s1
1509534666105237513, 1157205781, 2022-03-31T14:14:44.000Z, @MarginalS4th Andrew Sanchez's "Criminal Capital Violence, Corruption and Class in Industrial India" is an interesting look at the Tata steel plant in Jamshedpur and Jonathan Parry's excellent collection of essays "Classes of Labour: Work and Life in a Central Indian Steel Town" brings togethe
1509542600595832832, 1479060785389203457, 2022-03-31T14:46:16.000Z, 🗣️Arbitraje para el compromiso del sábado entre nuestra ACADEMIA ANZOATEGUI vs Angostura FC.  Árbitro: Adrián Machillanda (DMC) Asistente 1: Richard Castañeda (DMC) Asistente 2: Carlos Sánchez (DMC) 4° Árbitro: Michael Figueroa (DMC) Asesor Arbitral: Jonathan Jiménez (Bolívar). https://t.co/tqQhpJLaD3
1509543343491063817, 970449184313827328, 2022-03-31T14:49:13.000Z, ✉️ Mail: Issue #104  → 22 upcoming launches → Canadian brands to watch → Inside "unclean" beauty → Spotted by Primaried Studios' Jonathan Sanchez-Obias → @character_home, @byheartbaby, @eatFFUPs + 7 more brands spotted → This week in tabs   https://t.co/G8ptMEywtO
1509545102011604999, 1153506957929648128, 2022-03-31T14:56:12.000Z, RT @BlogAcanz: 🗣️Arbitraje para el compromiso del sábado entre nuestra ACADEMIA ANZOATEGUI vs Angostura FC.  Árbitro: Adrián Machillanda (D…
1509545361655808007, 1025122500, 2022-03-31T14:57:14.000Z, RT @BlogAcanz: 🗣️Arbitraje para el compromiso del sábado entre nuestra ACADEMIA ANZOATEGUI vs Angostura FC.  Árbitro: Adrián Machillanda (D…
1509561237222404107, 1241495561041334273, 2022-03-31T16:00:19.000Z, Talk about crushing’ it!  CJ Hyde, Charlie McLemore, Mercy Sanchez Morgado, and Jonathan Crutcher are a putting the smack down on third I-ready program. #PatriotProud https://t.co/a2lHeNwb1A
1509614768562311175, 1308953208874729473, 2022-03-31T19:33:02.000Z, últimos ganadores del GP Miguel Indurain.  2022 ? 2021 🇪🇦 Alejandro Valverde 2019 🇨🇵Jonathan Hivert 2018 🇪🇦 Alejandro Valverde 2017 🇬🇧 Simon Yates 2016 🇪🇦 Ion Izagirre 2015 🇪🇦 Ángel Vicioso 2014 🇪🇦 Alejandro Valverde 2013 🇸🇮 Simon Spilak 2012 🇪🇦 Dani Moreno 2011 🇪🇦 Samuel Sánchez
1509651880049270790, 2194140621, 2022-03-31T22:00:30.000Z, #TeBuscamos Jonathan Ulises Ruvalcaba Sánchez. Neza, Estado de Mexico  #EdoMex https://t.co/M8piMeoqTs
1509660415097282562, 1455707961939177475, 2022-03-31T22:34:25.000Z, COMUNICADO OPINIÓN PÚBLICA Los consejeros de juventud Connie Madeleine Arias, Samir Andrés Velasco, Leidy Katherine Luna Peñaloza, Silvia Johana Durán , Jonathan Daniel Sánchez, Leidy Katiusca  Silva, Ergwin Daniel Rico  y Johan Sebastián López, realizan el siguiente comunicado: https://t.co/tYq8s8QBkj
1509759682226925623, 1424375597187444738, 2022-04-01T05:08:52.000Z, RT @BlogAcanz: 🗣️Arbitraje para el compromiso del sábado entre nuestra ACADEMIA ANZOATEGUI vs Angostura FC.  Árbitro: Adrián Machillanda (D…
1509773041852682240, 2194140621, 2022-04-01T06:01:58.000Z, #TeBuscamos Jonathan Ulises Ruvalcaba Sánchez. Neza, Estado de Mexico  #EdoMex https://t.co/uUGn2I2Xgp
1509820366835060740, 953518219465080835, 2022-04-01T09:10:01.000Z, RT @ConradkBarwa: @MarginalS4th Andrew Sanchez's "Criminal Capital Violence, Corruption and Class in Industrial India" is an interesting lo…
1509859439058190337, 1359625089298358272, 2022-04-01T11:45:16.000Z, Suplentes:  12-Lucas Lavagnino 🧤 13-Francisco Petrasso 14-Franco Camargo 15-Sebastián Sánchez 16-Axel Encinas 17-Carlos Airala 18-Luciano Paz  DT: Jonathan La Rosa
1509875880197242886, 915319016, 2022-04-01T12:50:36.000Z, #LosBuscamos Eduardo, Jonathan y Ubaldo Montiel Morales; Erick Lira, Eduardo Sánchez Báez y Armando Martínez, de #Tlaxcala, desaparecieron en #Soyaltepec #Oaxaca https://t.co/8eYXVdP4s1
1509884156100157442, 797173786177048576, 2022-04-01T13:23:29.000Z, Jonathan Sánchez &amp; ProyectoLMF son los responsables de la obra que hoy en día adorna y embellece la entra de Las Matas de Farfán. https://t.co/SIIe5IVjJF
1509885128834789381, 1954860690, 2022-04-01T13:27:21.000Z, RT @StalinRoa1: Jonathan Sánchez &amp; ProyectoLMF son los responsables de la obra que hoy en día adorna y embellece la entra de Las Matas de F…
1509913701020803077, 959152162457702400, 2022-04-01T15:20:53.000Z, #APFPrimeraB ⚽  ⌚ 59'  Cambio en Capiatá, ingresa Jesús Asta por Jonathan Sánchez.  ➡️ #Capiatá 1 ➡️  #24DeSetiembre 1  🗓 Fecha 2.
1509921102499356696, 282667763, 2022-04-01T15:50:18.000Z, 📍Entrada a Las Matas de Farfán, San Juan una belleza está obra 👏  Representa la identidad de este municipio elaborado por el artista Jonathan Sánchez y el ProyectoLMF, además de la voluntad de las autoridades. Me voy para #LasMatasdeFarfan @Hernani2020 https://t.co/rNS1AfShMh
1509922409750663170, 238752082, 2022-04-01T15:55:30.000Z, RT @LauraenSociedad: 📍Entrada a Las Matas de Farfán, San Juan una belleza está obra 👏  Representa la identidad de este municipio elaborado…
1509943275955933185, 282667763, 2022-04-01T17:18:25.000Z, @DefensaPatrioti @americo_galan Se llama Jonathan Sánchez
1509943323267579914, 1483225759812661250, 2022-04-01T17:18:36.000Z, RT @LauraenSociedad: @DefensaPatrioti @americo_galan Se llama Jonathan Sánchez
1509964436626456578, 64085882, 2022-04-01T18:42:30.000Z, Gracias al escultor Jonathan Sánchez por esta obra tan importante para la familia del periodista Orlando Martínez, Las Matas de Farfán, donde nació, y el país. La libertad de expresión es un derecho inconculcable y pilar de la democracia.  #LasMatasDeFarfán #RaquelArbaje https://t.co/NSbmPkcwlw
1509964601802334222, 43561270, 2022-04-01T18:43:09.000Z, RT @raquelarbaje: Gracias al escultor Jonathan Sánchez por esta obra tan importante para la familia del periodista Orlando Martínez, Las Ma…
1509965273721446401, 414011717, 2022-04-01T18:45:49.000Z, RT @raquelarbaje: Gracias al escultor Jonathan Sánchez por esta obra tan importante para la familia del periodista Orlando Martínez, Las Ma…
1509968062027608078, 850081086839435264, 2022-04-01T18:56:54.000Z, RT @raquelarbaje: Gracias al escultor Jonathan Sánchez por esta obra tan importante para la familia del periodista Orlando Martínez, Las Ma…
1509969392041406475, 1294693494888574976, 2022-04-01T19:02:11.000Z, RT @raquelarbaje: Gracias al escultor Jonathan Sánchez por esta obra tan importante para la familia del periodista Orlando Martínez, Las Ma…
1509969502431285256, 212427320, 2022-04-01T19:02:37.000Z, RT @raquelarbaje: Gracias al escultor Jonathan Sánchez por esta obra tan importante para la familia del periodista Orlando Martínez, Las Ma…
1509970758705029128, 252256043, 2022-04-01T19:07:37.000Z, RT @raquelarbaje: Gracias al escultor Jonathan Sánchez por esta obra tan importante para la familia del periodista Orlando Martínez, Las Ma…
1509975030301704196, 1492576235188363269, 2022-04-01T19:24:35.000Z, RT @raquelarbaje: Gracias al escultor Jonathan Sánchez por esta obra tan importante para la familia del periodista Orlando Martínez, Las Ma…
1509980868579835916, 1090935015045808128, 2022-04-01T19:47:47.000Z, RT @raquelarbaje: Gracias al escultor Jonathan Sánchez por esta obra tan importante para la familia del periodista Orlando Martínez, Las Ma…
1509985167770898439, 346928755, 2022-04-01T20:04:52.000Z, RT @raquelarbaje: Gracias al escultor Jonathan Sánchez por esta obra tan importante para la familia del periodista Orlando Martínez, Las Ma…
1509988002201837574, 1286791649742520324, 2022-04-01T20:16:08.000Z, RT @raquelarbaje: Gracias al escultor Jonathan Sánchez por esta obra tan importante para la familia del periodista Orlando Martínez, Las Ma…
1509993658346524678, 1456352585565171714, 2022-04-01T20:38:37.000Z, Congratulations to our Top 3 Elementary February Nearpod users! Velma Sanchez, Clover Elem  top user 110 Nearpod sessions  received an HEB gift card &amp; a swag bag. Maria Villarreal Clover Elem &amp; Jonathan Zarate Ramirez Elem 2nd and 3rd Super Users and received a swag bag! @PSJAISD https://t.co/i5dVVv6D7Y
1509994604531261445, 1287515505297969156, 2022-04-01T20:42:22.000Z, RT @raquelarbaje: Gracias al escultor Jonathan Sánchez por esta obra tan importante para la familia del periodista Orlando Martínez, Las Ma…
1509997508646289408, 317580816, 2022-04-01T20:53:55.000Z, RT @raquelarbaje: Gracias al escultor Jonathan Sánchez por esta obra tan importante para la familia del periodista Orlando Martínez, Las Ma…
1510002172406157314, 700406036, 2022-04-01T21:12:27.000Z, RT @raquelarbaje: Gracias al escultor Jonathan Sánchez por esta obra tan importante para la familia del periodista Orlando Martínez, Las Ma…
1510002418020495369, 1420192064474697728, 2022-04-01T21:13:25.000Z, RT @raquelarbaje: Gracias al escultor Jonathan Sánchez por esta obra tan importante para la familia del periodista Orlando Martínez, Las Ma…
1510009362743443456, 15726324, 2022-04-01T21:41:01.000Z, Para suscriptores | Tras debutar en la parte final de la pasada campaña con Minnesota, el relevista boricua intenta seguirle los pasos a sus compueblanos José Vidro y Jonathan Sánchez. https://t.co/fCbuK72xFi
1510017700390711302, 1302809300151271424, 2022-04-01T22:14:09.000Z, RT @raquelarbaje: Gracias al escultor Jonathan Sánchez por esta obra tan importante para la familia del periodista Orlando Martínez, Las Ma…
1510030850192195586, 105933687, 2022-04-01T23:06:24.000Z, RT @raquelarbaje: Gracias al escultor Jonathan Sánchez por esta obra tan importante para la familia del periodista Orlando Martínez, Las Ma…
1510083874214322179, 539981975, 2022-04-02T02:37:06.000Z, RT @raquelarbaje: Gracias al escultor Jonathan Sánchez por esta obra tan importante para la familia del periodista Orlando Martínez, Las Ma…
1510084482006765568, 1349161023299866624, 2022-04-02T02:39:31.000Z, RT @raquelarbaje: Gracias al escultor Jonathan Sánchez por esta obra tan importante para la familia del periodista Orlando Martínez, Las Ma…
1510134721392611328, 100313898, 2022-04-02T05:59:09.000Z, RT @raquelarbaje: Gracias al escultor Jonathan Sánchez por esta obra tan importante para la familia del periodista Orlando Martínez, Las Ma…
1510135482306420741, 2194140621, 2022-04-02T06:02:10.000Z, #TeBuscamos Jonathan Ulises Ruvalcaba Sánchez. Neza, Estado de Mexico  #EdoMex https://t.co/uybZDWDsdC
1510202447813394433, 3889440316, 2022-04-02T10:28:16.000Z, RT @raquelarbaje: Gracias al escultor Jonathan Sánchez por esta obra tan importante para la familia del periodista Orlando Martínez, Las Ma…
1510213497375928320, 585098930, 2022-04-02T11:12:10.000Z, RT @LauraenSociedad: 📍Entrada a Las Matas de Farfán, San Juan una belleza está obra 👏  Representa la identidad de este municipio elaborado…
1510227924334567430, 495141132, 2022-04-02T12:09:30.000Z, RT @StalinRoa1: Jonathan Sánchez &amp; ProyectoLMF son los responsables de la obra que hoy en día adorna y embellece la entra de Las Matas de F…
1510240636758286337, 123361401, 2022-04-02T13:00:01.000Z, #LigaFUTVE2 | 🗣Árbitros para la #J2 entre:  #AngosturaFC 🆚️ @AcademiaAnzFC  🟨 Principal: Adrian Machillanda 🟥  🚩Asistente 1: Richard Castañeda  🚩Asistente 2: Carlos Sánchez   🚩4° Árbitro: Jonathan Jimenez  (Distrito Capital)  🎫 Entrada Libre   #VenezuelaEsFutVe 🇻🇪
1510242820719788034, 915319016, 2022-04-02T13:08:42.000Z, #LosBuscamos Eduardo, Jonathan y Ubaldo Montiel Morales; Erick Lira, Eduardo Sánchez Báez y Armando Martínez, de #Tlaxcala, desaparecieron en #Soyaltepec #Oaxaca https://t.co/8eYXVdP4s1
1510253163311505412, 144525588, 2022-04-02T13:49:47.000Z, RT @TuAngosturaFC: #LigaFUTVE2 | 🗣Árbitros para la #J2 entre:  #AngosturaFC 🆚️ @AcademiaAnzFC  🟨 Principal: Adrian Machillanda 🟥  🚩Asistent…
1510257735589597187, 1024101739, 2022-04-02T14:07:58.000Z, 86. [REC]² (2009)  Country : Spain Directed by Jaume Balagueró and Paco Plaza Genre : Horror, Thriller Cast : Manuela Velasco, Jonathan D Mellor, Ariel Casas, Oscar Sánchez Zafra, Pablo Rosso, etc.  3/5 https://t.co/cax2jTIcin https://t.co/1To4QqZiv0
1510262078933770244, 1048568858347495424, 2022-04-02T14:25:13.000Z, RT @raquelarbaje: Gracias al escultor Jonathan Sánchez por esta obra tan importante para la familia del periodista Orlando Martínez, Las Ma…
1510280885421195273, 1406667398695038984, 2022-04-02T15:39:57.000Z, RT @raquelarbaje: Gracias al escultor Jonathan Sánchez por esta obra tan importante para la familia del periodista Orlando Martínez, Las Ma…
1510282213153284097, 597793593, 2022-04-02T15:45:13.000Z, RT @raquelarbaje: Gracias al escultor Jonathan Sánchez por esta obra tan importante para la familia del periodista Orlando Martínez, Las Ma…
1510286696335740934, 2943901895, 2022-04-02T16:03:02.000Z, RT @raquelarbaje: Gracias al escultor Jonathan Sánchez por esta obra tan importante para la familia del periodista Orlando Martínez, Las Ma…
1510292864999333893, 1491618977491079170, 2022-04-02T16:27:33.000Z, RT @raquelarbaje: Gracias al escultor Jonathan Sánchez por esta obra tan importante para la familia del periodista Orlando Martínez, Las Ma…
1510306276571590658, 277241734, 2022-04-02T17:20:51.000Z, RT @raquelarbaje: Gracias al escultor Jonathan Sánchez por esta obra tan importante para la familia del periodista Orlando Martínez, Las Ma…
1510324937457692677, 2348981444, 2022-04-02T18:35:00.000Z, 🗣 Árbitros para la jornada 2️⃣ de la @LigaFUTVE2 ante @TuAngosturaFC 🔥⚽  ◼ Árbitro Principal: Adrian Machillanda  🚩Asistente 1: Richard Castañeda  🚩Asistente 2: Carlos Sánchez   ◼ 4° Árbitro: Jonathan Jimenez  (Distrito Capital)  #VenezuelaEsFUTVE 🇻🇪  #RenaceAnzoategui 🟠
1510325124498530308, 1424375597187444738, 2022-04-02T18:35:44.000Z, RT @AcademiaAnzFC: 🗣 Árbitros para la jornada 2️⃣ de la @LigaFUTVE2 ante @TuAngosturaFC 🔥⚽  ◼ Árbitro Principal: Adrian Machillanda  🚩Asist…
1510325158233329665, 1153506957929648128, 2022-04-02T18:35:52.000Z, RT @AcademiaAnzFC: 🗣 Árbitros para la jornada 2️⃣ de la @LigaFUTVE2 ante @TuAngosturaFC 🔥⚽  ◼ Árbitro Principal: Adrian Machillanda  🚩Asist…
1510325203741552644, 1025122500, 2022-04-02T18:36:03.000Z, RT @AcademiaAnzFC: 🗣 Árbitros para la jornada 2️⃣ de la @LigaFUTVE2 ante @TuAngosturaFC 🔥⚽  ◼ Árbitro Principal: Adrian Machillanda  🚩Asist…
1510325255734132736, 1479060785389203457, 2022-04-02T18:36:16.000Z, RT @AcademiaAnzFC: 🗣 Árbitros para la jornada 2️⃣ de la @LigaFUTVE2 ante @TuAngosturaFC 🔥⚽  ◼ Árbitro Principal: Adrian Machillanda  🚩Asist…
1510325429181333506, 1487067463250493451, 2022-04-02T18:36:57.000Z, RT @AcademiaAnzFC: 🗣 Árbitros para la jornada 2️⃣ de la @LigaFUTVE2 ante @TuAngosturaFC 🔥⚽  ◼ Árbitro Principal: Adrian Machillanda  🚩Asist…
1510327170429857797, 784793715663593472, 2022-04-02T18:43:52.000Z, RT @AcademiaAnzFC: 🗣 Árbitros para la jornada 2️⃣ de la @LigaFUTVE2 ante @TuAngosturaFC 🔥⚽  ◼ Árbitro Principal: Adrian Machillanda  🚩Asist…
1510339428518178825, 35722845, 2022-04-02T19:32:35.000Z, Moeller’s Most Recent 2x GCL Champ , Jonathan Sanchez ‘22 ! https://t.co/7k7QcskBU2
1510341170160881680, 302908620, 2022-04-02T19:39:30.000Z, RT @moewrestling: Moeller’s Most Recent 2x GCL Champ , Jonathan Sanchez ‘22 ! https://t.co/7k7QcskBU2
1510348867878989830, 1413255055134838784, 2022-04-02T20:10:05.000Z, RT @raquelarbaje: Gracias al escultor Jonathan Sánchez por esta obra tan importante para la familia del periodista Orlando Martínez, Las Ma…
1510349521829736460, 1102637295876952067, 2022-04-02T20:12:41.000Z, Who should get the final roster spots?  Rob Refsnyder, Franchy Cordero, Yolmer Sánchez, Jonathan Arauz or Travis Shaw  Let us know👇🏻  #RedSox #DirtyWater
1510361182682636305, 282667763, 2022-04-02T20:59:01.000Z, Creador del monumento al periodista Orlando Martínez Howley y la entrada al municipio de Las Matas de Farfán en San Juan.  👏 Jonathan Sánchez un talento de San Juan. @raquelarbaje @CDP_RD https://t.co/OcCCn686Hf
1510362331250896903, 309218509, 2022-04-02T21:03:35.000Z, RT @LauraenSociedad: Creador del monumento al periodista Orlando Martínez Howley y la entrada al municipio de Las Matas de Farfán en San Ju…
1510410944752472064, 1025886248764928001, 2022-04-03T00:16:45.000Z, RT @raquelarbaje: Gracias al escultor Jonathan Sánchez por esta obra tan importante para la familia del periodista Orlando Martínez, Las Ma…
1510413388270256129, 82231856, 2022-04-03T00:26:28.000Z, Ochoa; Sánchez, Cáceres, Valdez, Fuentes; Richard, Fidalgo, Valdés; Zendejas, Henry, Roger.  Banca: Jiménez, Meré, Jordan, Layún, Jonathan, Reyes, Naveda, Lainez, Iker Moreno, Viñas.
1510419213223186442, 1332215061356613632, 2022-04-03T00:49:37.000Z, RT @RubSainz: Ochoa; Sánchez, Cáceres, Valdez, Fuentes; Richard, Fidalgo, Valdés; Zendejas, Henry, Roger.  Banca: Jiménez, Meré, Jordan, La…
1510442705662451716, 1437473164079112199, 2022-04-03T02:22:58.000Z, RT @raquelarbaje: Gracias al escultor Jonathan Sánchez por esta obra tan importante para la familia del periodista Orlando Martínez, Las Ma…
1510443577389764609, 2893093644, 2022-04-03T02:26:26.000Z, RT @LauraenSociedad: 📍Entrada a Las Matas de Farfán, San Juan una belleza está obra 👏  Representa la identidad de este municipio elaborado…
1510459480823189513, 1305220283826044929, 2022-04-03T03:29:37.000Z, I never get tired of repeating. Ilie Sanchez was #LAFC's best signing this season. (Jonathan Rodriguez 🇺🇾 could have been a great signing had he happened) but Ilie Sanchez is GOAT. What player is this!!! #MLS
1510587252312887296, 915319016, 2022-04-03T11:57:20.000Z, #LosBuscamos Eduardo, Jonathan y Ubaldo Montiel Morales; Erick Lira, Eduardo Sánchez Báez y Armando Martínez, de #Tlaxcala, desaparecieron en #Soyaltepec #Oaxaca https://t.co/8eYXVdP4s1
1510587898726424577, 1223793534467280896, 2022-04-03T11:59:55.000Z, Boston Red Sox lineup vs the Braves 1. Kiké Hernández CF 2. Rafael Devers 3B  3. JD Martinez DH  4. Alex Verdugo LF 5. Bobby Dalbec 1B  6. Jackie Bradley Jr RF 7. Christian Vázquez C  8. Jonathan Araúz SS  9. Yolmer Sánchez 2B SP. Nick Pivetta
1510589657905606662, 36545286, 2022-04-03T12:06:54.000Z, RT @raquelarbaje: Gracias al escultor Jonathan Sánchez por esta obra tan importante para la familia del periodista Orlando Martínez, Las Ma…
1510639031452725249, 971071601042075649, 2022-04-03T15:23:06.000Z, RT @Brun0liveiraa: I never get tired of repeating. Ilie Sanchez was #LAFC's best signing this season. (Jonathan Rodriguez 🇺🇾 could have bee…
1510653411439656965, 1011021369390387200, 2022-04-03T16:20:14.000Z, Opening day is just a few days away. Here's today's starting nine:   Kiké Hernández CF  Rafael Devers 3B  JD Martinez DH  Alex Verdugo LF  Bobby Dalbec 1B  Jackie Bradley Jr RF  Christian Vázquez C  Jonathan Araúz SS  Yolmer Sánchez 2B   Nick Pivetta SP   Games @ 1:05 @ ATLANTA
1510692799926128643, 194416001, 2022-04-03T18:56:45.000Z, @sondraa Greg Bird, Mike Ford, Thairo Estrada, Miguel Andujar, Tyler Austin, Clint Frazier, Tyler Wade, Gary Sanchez.. some pitchers too like Chance Adams, Justus Sheffield, Stephen Tarpley, Jonathan Holder..
1510724103803650049, 201346000, 2022-04-03T21:01:08.000Z, RT @Brun0liveiraa: I never get tired of repeating. Ilie Sanchez was #LAFC's best signing this season. (Jonathan Rodriguez 🇺🇾 could have bee…
1510741573377703940, 2194140621, 2022-04-03T22:10:33.000Z, #TeBuscamos Jonathan Ulises Ruvalcaba Sánchez. Neza, Estado de Mexico  #EdoMex https://t.co/rlGGacPLzu
1510762191389020160, 516281225, 2022-04-03T23:32:29.000Z, RT @Brun0liveiraa: I never get tired of repeating. Ilie Sanchez was #LAFC's best signing this season. (Jonathan Rodriguez 🇺🇾 could have bee…
1510788163135963141, 31638208, 2022-04-04T01:15:41.000Z, RT @Brun0liveiraa: I never get tired of repeating. Ilie Sanchez was #LAFC's best signing this season. (Jonathan Rodriguez 🇺🇾 could have bee…
1510828429150547968, 614523495, 2022-04-04T03:55:42.000Z, RT @Brun0liveiraa: I never get tired of repeating. Ilie Sanchez was #LAFC's best signing this season. (Jonathan Rodriguez 🇺🇾 could have bee…
1510844757819465735, 2194140621, 2022-04-04T05:00:35.000Z, #TeBuscamos Jonathan Ulises Ruvalcaba Sánchez. Neza, Estado de Mexico  #EdoMex https://t.co/HlwEcu5P1o
1510846627505975304, 1432088077149818883, 2022-04-04T05:08:00.000Z, RT @PSJATech: Congratulations to our Top 3 Elementary February Nearpod users! Velma Sanchez, Clover Elem  top user 110 Nearpod sessions  re…
1510956148760973316, 915319016, 2022-04-04T12:23:12.000Z, #LosBuscamos Eduardo, Jonathan y Ubaldo Montiel Morales; Erick Lira, Eduardo Sánchez Báez y Armando Martínez, de #Tlaxcala, desaparecieron en #Soyaltepec #Oaxaca https://t.co/8eYXVdP4s1
1511050622828613633, 135269902, 2022-04-04T18:38:37.000Z, Semana de la Comunicación/UNAM-FES-Aragón. Cordialmente Invitados:Este miércoles 6 de Abril de 2022 a las 13:00 -15:00 hrs. Conferencia:"BARRAS Y VIOLENCIA EN EL FUTBOL MEXICANO" Prof. Hugo Sánchez G./y Prof.Jonathan Peña. Modera: Itzel Sue  Sue Hirugame https://t.co/xdgrmA23T2 https://t.co/wUV05sMLx9
1511053381493735426, 1162827960610689024, 2022-04-04T18:49:34.000Z, RT @hugosgudino: Semana de la Comunicación/UNAM-FES-Aragón. Cordialmente Invitados:Este miércoles 6 de Abril de 2022 a las 13:00 -15:00 hrs…
1511114356288888836, 1154781082845417473, 2022-04-04T22:51:52.000Z, Créditos de memes 2/2: Lucía Sánchez, Julian Colmenares, Natalia Ferrand, Samuel Pedroza, Sofía Vega, Jerónimo Gutierrez, Paula Bermejo, Mateo Paez, Camila Ortiz, Jonathan Triana y Oscar Vargas. #scicomm #GlobalWarming #climate #phdlife
1511159090856267777, 1296908343194329088, 2022-04-05T01:49:37.000Z, We have traded CL Pedro Strop to Houston for SP Jonathan Sanchez (retaining 45%)
1511207172461453314, 2194140621, 2022-04-05T05:00:41.000Z, #TeBuscamos Jonathan Ulises Ruvalcaba Sánchez. Neza, Estado de Mexico  #EdoMex https://t.co/2LuwKcrHB0
1511274493947305984, 743144492845391872, 2022-04-05T09:28:12.000Z, MIGUEL DÍAZ Y JONATHAN SÁNCHEZ ARBITRARÁN LAS COPAS DEL REY Y DE LA REINA 2022 https://t.co/ik6DjLybyx   #Asturias #Deporte #patinaje #DeporteAsturiano #tdc_skateroller #helyaskates #SomosMovimiento  #EresMovimiento #hockeypatines https://t.co/cUYjBF4dq8
1511299654855626756, 634104567, 2022-04-05T11:08:10.000Z, RT @FHSEagleBeat: Congrats to OAP at Bi-district competition! Alternate advancing play! Tech award to Makenzie Van, stage manager.  Honorab…
1511315159444344837, 915319016, 2022-04-05T12:09:47.000Z, #LosBuscamos Eduardo, Jonathan y Ubaldo Montiel Morales; Erick Lira, Eduardo Sánchez Báez y Armando Martínez, de #Tlaxcala, desaparecieron en #Soyaltepec #Oaxaca https://t.co/8eYXVdP4s1
1511327817262374914, 1075596065456447488, 2022-04-05T13:00:05.000Z, Congratulations to the following players for their 16-4A All District Selections:  2nd Team All-District Brayam Garzon Jonathan Sanchez  Hector Olivares   Honorable Mention All-District  Favian Rosas Miguel Torres Zeke Machuca
1511372668913729542, 3948485536, 2022-04-05T15:58:18.000Z, Tributes to #Graeber inc. texts from from Jonathan Parry @LSEAnthropology  , Chris Gregory @ANUAnthropology ,  @johnkeithhart , @maka_suarez , @eta____carinae @meganjlaws , @ayca_cu , @drkeirmartin , Michael Edwards @CSASCambridge , Andrew Sanchez, Mao Mallona @GoldAnth https://t.co/k2iAR1VfKc
1511372816876199936, 3218577862, 2022-04-05T15:58:54.000Z, RT @FocaalBlog: Tributes to #Graeber inc. texts from from Jonathan Parry @LSEAnthropology  , Chris Gregory @ANUAnthropology ,  @johnkeithha…
1511374973037862916, 3094057402, 2022-04-05T16:07:28.000Z, RT @FocaalBlog: Tributes to #Graeber inc. texts from from Jonathan Parry @LSEAnthropology  , Chris Gregory @ANUAnthropology ,  @johnkeithha…
1511400212979277829, 1248438159840407553, 2022-04-05T17:47:45.000Z, @GoatedMbappe Ah shit. My favorite was Jonathan sanchez in 2009, that was totally unexpected
1511424964892712967, 1343485338, 2022-04-05T19:26:07.000Z, RT @raquelarbaje: Gracias al escultor Jonathan Sánchez por esta obra tan importante para la familia del periodista Orlando Martínez, Las Ma…
1511436198425899010, 1428209100039626757, 2022-04-05T20:10:45.000Z, @LapidarioRayado Comparar a rodolfo pizarro vs 2022 es enorme, celso ortiz era peor pero te cumplia, jonathan 2019 mejor que krane, charly 2019 mejor que en 2021 y muchisimo mejor que Romo, gallardo 2019 mejor que erick aguirre, stefan 2019 en mejor momento, nicolas sanchez en gran momento, sigo?
1511441073888976904, 22330615, 2022-04-05T20:30:07.000Z, Sam Houston High School’s Eniola Akinbo, Veronica Arrocha, Jonathan Sanchez Camacho, Cristopher Gamez, Titan Henderson, Adeyemi Johnson and Oyindamola Ogunhibe were named @TCU  Community Scholars! Relive the celebration in front of their #SamFam and comment below! @SamHoustonHS https://t.co/LH4qmj271m
1511441251052228608, 1927322827, 2022-04-05T20:30:50.000Z, RT @ArlingtonISD: Sam Houston High School’s Eniola Akinbo, Veronica Arrocha, Jonathan Sanchez Camacho, Cristopher Gamez, Titan Henderson, A…
1511443912212328449, 298897046, 2022-04-05T20:41:24.000Z, Semana de Comunicación/UNAM-FES-Aragón. Cordialmente Invitados:Este miércoles 6 de Abril de 2022 a las 13:00 -15:00 hrs. Conferencia:"BARRAS VIOLENCIA EN EL FUTBOL MEXICANO"Prof. Hugo Sánchez G./y Prof.Jonathan Peña. Modera: Sue  Suehttps://www.facebook.com/FESAragon.comunicacion https://t.co/tXyRTrBTDS
1511450255438585864, 57077870, 2022-04-05T21:06:36.000Z, RT @ArlingtonISD: Sam Houston High School’s Eniola Akinbo, Veronica Arrocha, Jonathan Sanchez Camacho, Cristopher Gamez, Titan Henderson, A…
1511484103761268742, 1152771206, 2022-04-05T23:21:07.000Z, RT @ArlingtonISD: Sam Houston High School’s Eniola Akinbo, Veronica Arrocha, Jonathan Sanchez Camacho, Cristopher Gamez, Titan Henderson, A…
1511484256555618312, 765225103864926208, 2022-04-05T23:21:43.000Z, RT @ArlingtonISD: Sam Houston High School’s Eniola Akinbo, Veronica Arrocha, Jonathan Sanchez Camacho, Cristopher Gamez, Titan Henderson, A…
1511486831371689986, 135269902, 2022-04-05T23:31:57.000Z, Mañana 6 de abril a la 1:00 p.m. los esperamos a través de la transmisión de FB de Comunicación y Periodismo FES Aragón.  Conferencia Magistral: "Barras y Violencia en el Futbol Mexicano". En la Semana de la Comunicación 2022. Con Hugo Sánchez Gudiño y Jonathan Peña Obando. https://t.co/B6uYjFcWeu
1511489070941151239, 1428336792, 2022-04-05T23:40:51.000Z, RT @hugosgudino: Mañana 6 de abril a la 1:00 p.m. los esperamos a través de la transmisión de FB de Comunicación y Periodismo FES Aragón.…
1511492787773923328, 126562921, 2022-04-05T23:55:37.000Z, RT @hugosgudino: Mañana 6 de abril a la 1:00 p.m. los esperamos a través de la transmisión de FB de Comunicación y Periodismo FES Aragón.…
1511535405761548301, 576547843, 2022-04-06T02:44:58.000Z, ¡Expulsión! Jonathan Alejandro Sánchez de @Atlante se lleva la Roja  al minuto 37. CLICK AQUÍ https://t.co/2Jo6yjj2HX
1511535720095264775, 1476249671899262988, 2022-04-06T02:46:13.000Z, Roja para Jonathan “Cuba” Sánchez, minuto 36’.
1511535743189110786, 93545617, 2022-04-06T02:46:18.000Z, 1T37’ Tarjeta roja para Jonathan Sánchez. 🟥  Dorados 0 🆚 1 Atlante   #GritaMéxicoC22  #SerAtlante #SerdeHierro #SerdelPueblo https://t.co/a4sKQADmQj
1511536202457010177, 1931581532, 2022-04-06T02:48:08.000Z, ¡EL @Atlante SE QUEDA CON 10 HOMBRES!🟥  Jonathan Alejandro Sánchez es expulsado  🐠0⃣-1⃣🐴 EN VIVO: https://t.co/rhAQ8eIujk https://t.co/HSQmIRPKic
1511538359985917952, 123681659, 2022-04-06T02:56:42.000Z, ¡TODO LE SALIÓ MAL AL ATLANTE! 😱😦  Expulsión para Jonathan Sánchez y gol del "Mono" Osuna para el empate de Dorados.  #LigaExpansiónxFOX https://t.co/kxYQGOoBgO
1511544869696716802, 4766653106, 2022-04-06T03:22:34.000Z, RT @MarcaClaro: ¡EL @Atlante SE QUEDA CON 10 HOMBRES!🟥  Jonathan Alejandro Sánchez es expulsado  🐠0⃣-1⃣🐴 EN VIVO: https://t.co/rhAQ8eIujk h…
1511549242959093763, 1169460904423018496, 2022-04-06T03:39:57.000Z, @17TITULOSDELIGA @ClubAmerica Se va Jiménez, Sánchez (a europa aunque sea a un equipo perfil bajo), Valdez, Cáceres y Mere fuera, Fuentes creo que ya sería baja (aunque podría quedarse 1 año).  Se van Richard Aquino Jonathan y Omití que podría quedarse Fidalgo.  Se van Roger, Viñas Henry Otero
1511552603850743810, 3184423525, 2022-04-06T03:53:18.000Z, RT @hugosgudino: Mañana 6 de abril a la 1:00 p.m. los esperamos a través de la transmisión de FB de Comunicación y Periodismo FES Aragón.…
1511681196316626953, 915319016, 2022-04-06T12:24:17.000Z, #LosBuscamos Eduardo, Jonathan y Ubaldo Montiel Morales; Erick Lira, Eduardo Sánchez Báez y Armando Martínez, de #Tlaxcala, desaparecieron en #Soyaltepec #Oaxaca https://t.co/8eYXVdP4s1
1511681294714945537, 1016753207140409346, 2022-04-06T12:24:40.000Z, RT @ArlingtonISD: Sam Houston High School’s Eniola Akinbo, Veronica Arrocha, Jonathan Sanchez Camacho, Cristopher Gamez, Titan Henderson, A…
1511681970111229957, 1478966318418128897, 2022-04-06T12:27:22.000Z, RT @_LaAlameda: #LosBuscamos Eduardo, Jonathan y Ubaldo Montiel Morales; Erick Lira, Eduardo Sánchez Báez y Armando Martínez, de #Tlaxcala,…
1511691232686354443, 1298461832244596737, 2022-04-06T13:04:10.000Z, RT @ArlingtonISD: Sam Houston High School’s Eniola Akinbo, Veronica Arrocha, Jonathan Sanchez Camacho, Cristopher Gamez, Titan Henderson, A…
1511704293807570946, 2565567882, 2022-04-06T13:56:04.000Z, Special shout-out to Jonathan Sanchez Huanca, our most improved performer of the meet, who ran 6:54 to drop 74 seconds off his personal best from last season!
1511722782673063942, 874587924678967296, 2022-04-06T15:09:32.000Z, @J_Zaragoza_ No como usted que solo los llama fanáticos ultraderechistas.  Que llamen Satanás a Pedro Sánchez le molesta, que Pedro Sánchez hunda el país no, ya sabemos que el dinero hace más amigos que los donettes.  "Cuando el diablo está satisfecho, es una buena persona."  -Jonathan Swift
1511747154158800907, 1162931718166392833, 2022-04-06T16:46:23.000Z, RT @ArlingtonISD: Sam Houston High School’s Eniola Akinbo, Veronica Arrocha, Jonathan Sanchez Camacho, Cristopher Gamez, Titan Henderson, A…
1511759462490648584, 1474205711513137160, 2022-04-06T17:35:17.000Z, Santos FC teve a estreia de Fernandez que foi boa, apesar das péssimas estréia de Maranhão e Michel, aliás o técnico Bustos escalou mau o time a volta de Filipe Jonathan, Marcos Guilherme, embora a torcida santista atual reclama o elenco, mas Sandry, Pirani, Zanocelo, Sanchez?... https://t.co/16NyRDqJGw
1511788833540562950, 1112498992292814848, 2022-04-06T19:32:00.000Z, Had a great @BanTheBoxFAU1 event yesterday with @noelvest, Angel Sanchez, &amp; Jonathan Bleiweiss re: access to higher ed. for system-impacted people. Society expects people to successfully reintegrate, yet we continue to block access and erect barriers to prevent it. #SecondChance
1511831256337731591, 2194140621, 2022-04-06T22:20:34.000Z, #TeBuscamos Jonathan Ulises Ruvalcaba Sánchez. Neza, Estado de Mexico  #EdoMex https://t.co/vGEDPuetXD
