id, author_id, created_at, text
621488603248656384, 1626678290, 2015-07-16T01:16:44.000Z, Kevin es de fierro &lt;3 &lt;3
621492295154712576, 870227210, 2015-07-16T01:31:24.000Z, RT @euggeniiia: Kevin es de fierro &lt;3 &lt;3
621800808372436992, 2323839240, 2015-07-16T21:57:19.000Z, @EmreUtkucan abi biliyorsunuzdur mutlaka ama şu meksikadan carlos fierro cok iyi adam bkz..sonra kevin volland var ama biraz pahali olabilir
622373149036802049, 1852564231, 2015-07-18T11:51:36.000Z, RT @kevin_rc4a0: @priperea muchas gracias mi amor ❤ sos de fierro!!!
622654112056872960, 353227252, 2015-07-19T06:28:03.000Z, "Amar, para crear.  Crear para alegrar.  Alegrar para enamorar.  Enamorar para después un corazón destrozar."  - Kevin Arturo Cano Fierro.
623940393856446468, 365752732, 2015-07-22T19:39:16.000Z, Tina Lopez was allegedly w/ Kevin Fierro &amp; Roger Soriano during a crime spree that started w/ LA carjacking &amp; ended in Montebello robbery..
623940922196164609, 2370903661, 2015-07-22T19:41:22.000Z, RT @RubyGonzales2: Tina Lopez was allegedly w/ Kevin Fierro &amp; Roger Soriano during a crime spree that started w/ LA carjacking &amp; ended in M…
624393739503472640, 2880608899, 2015-07-24T01:40:42.000Z, #cars Woman charged with murder of 2 Montebello shooting accomplices: ... with Kevin Fierro and... http://t.co/Vpr98ym2vj #toyota #camry
624406621863702528, 353227252, 2015-07-24T02:31:54.000Z, #BH005 Avalaible Now On Mixcloud. Listen &amp; Enjoy! :D... http://t.co/6PHPxBpHiz
624694648683032576, 353227252, 2015-07-24T21:36:25.000Z, #BH006 Avalaible Now O0n Mixcloud. Listen &amp; Enjoy :D... http://t.co/31tTYuuRRk
625485026872946688, 2170579122, 2015-07-27T01:57:06.000Z, Si Vos Vas.. Yo Voy :D La vida me Dio un Amigaso de Fierro,Es el amigo Que Toda Persona Desea Tener. Te quiero Kevin! http://t.co/IrCzUwSF2l
625539033033273345, 2257225718, 2015-07-27T05:31:42.000Z, caminando por mi barrio no me importa nada kevin tiene fierro kevin tiene pasta ajaja mati de mierda se me re pego el tema
625892908487548929, 123090999, 2015-07-28T04:57:52.000Z, @AgusBillordo25 yo con el fierro estoy mas para ser el kevin que Michael Corleone
626050335841349632, 3310769411, 2015-07-28T15:23:26.000Z, @Kevin_dga pero no le pongo un fierro en la cabeza para q lo haga 😑
