id, author_id, created_at, text
879829670732206081, 183800804, 2017-06-27T22:31:54.000Z, FRIDAY! We welcome back Fragment with @Marco_A_Cardoza @pallares_alex @ManuelManueM 💥 Join us… https://t.co/0H23SsreXj
880875887725428736, 77706128, 2017-06-30T19:49:12.000Z, Per @BurbankPD, ID of man killed in officer involved shooting Thurs. is Marco Cardoza, 41. Pointed a replica gun at officers. #Burbank
883401030351769603, 736681884621656064, 2017-07-07T19:03:13.000Z, Posible CDT vs JAG: Silva; Arboleda, Torijano, Cardoza, Banguero; Rentería, Carrascal; Ocampo, Villa; Marco, Correa.  INFO: @DptesRCNIbague
883673117205430273, 745978459, 2017-07-08T13:04:23.000Z, Miguel Cardoza: Pero el TSE es vigilante desde el marco de lo constitucional que se cumpla la ley y ahí nosotros actuamos https://t.co/GO535z04Zv
883673117406756865, 241168539, 2017-07-08T13:04:23.000Z, Miguel Cardoza: Pero el TSE es vigilante desde el marco de lo constitucional que se cumpla la ley y ahí nosotros actuamos https://t.co/7vivOFtikL
883674290326994944, 1317498956, 2017-07-08T13:09:03.000Z, RT @netolopezradio: Miguel Cardoza: Pero el TSE es vigilante desde el marco de lo constitucional que se cumpla la ley y ahí nosotros actuam…
883674916440199169, 1317498956, 2017-07-08T13:11:32.000Z, RT @dialogo21: Miguel Cardoza: Pero el TSE es vigilante desde el marco de lo constitucional que se cumpla la ley y ahí nosotros actuamos ht…
883696164805255169, 2399965685, 2017-07-08T14:35:58.000Z, RT @netolopezradio: Miguel Cardoza: Pero el TSE es vigilante desde el marco de lo constitucional que se cumpla la ley y ahí nosotros actuam…
