id, author_id, created_at, text
1353529852075372544, 1294843441613078529, 2021-01-25T02:27:18.000Z, RT @HealthBeautyanM: Dieting A Few Vanity Pounds Less https://t.co/RNdaoaDa8F #Diet #Health #eat #food joon #tuesdayvibe #ByeFelicia Mets D…
1353536511237640193, 400738053, 2021-01-25T02:53:46.000Z, @bomani_jones USC: Cheryl Miller/Lisa Leslie, Randy Johnson/Tom Seaver, Ronnie Lott/Munoz is close as is UCLA: Jackie Robinson, Kareem, Arthur Ashe/Jimmy Connors (Also have Jackie Joyner Kersee)
1353537814818918401, 817385663569989632, 2021-01-25T02:58:57.000Z, •Jordan, Lawrence Taylor, Mia Hamm •OJ, Randy Johnson, Cheryl Miller  Both groups better than your trio. https://t.co/Dd1z1GhIDE
1353541271365685248, 1143456210, 2021-01-25T03:12:41.000Z, @bomani_jones OJ Simpson, Randy Johnson, Cheryl Miller
1353544365508096000, 1306607506907705349, 2021-01-25T03:24:59.000Z, @BearcatsNati @GoBEARCATS @GoBearcatsFB @UC_Recruiting USC: Randy Johnson, Marcus Allen, Cheryl Miller
1353548620377714688, 300564408, 2021-01-25T03:41:53.000Z, @BearcatsNati @GoBEARCATS @GoBearcatsFB @UC_Recruiting Surprised that UCLA mentioned many times and no word from SC...  Marcus Allen, Randy Johnson, Cheryl Miller  @dodgerdudel @Lakers8052
1353549885589450752, 927257911516004352, 2021-01-25T03:46:55.000Z, RT @ViewfromArgus: @BearcatsNati @GoBEARCATS @GoBearcatsFB @UC_Recruiting Surprised that UCLA mentioned many times and no word from SC...…
1353552524347760641, 117569786, 2021-01-25T03:57:24.000Z, @lonestarball Cheryl Miller, Randy Johnson, &lt;pick a USC football player&gt;  Lisa Leslie, Mark McGwire, &lt;pick a different USC football player&gt;
1353557855735975936, 65942768, 2021-01-25T04:18:35.000Z, @BearcatsNati @GoBEARCATS @GoBearcatsFB @UC_Recruiting Randy Johnson. OJ Simpson. Cheryl Miller. USC
1353562575326208000, 851953853293486080, 2021-01-25T04:37:20.000Z, @bomani_jones How about OJ Simpson, Randy Johnson &amp; Cheryl Miller.
1353565767997022208, 1347004578999332865, 2021-01-25T04:50:01.000Z, @jrichardgoodman I said OJ, Cheryl Miller, Mark McGwire but I guess you could put Randy Johnson there too.
1353569112287543297, 15339975, 2021-01-25T05:03:19.000Z, I'll submit a bid for USC. There are probably a dozen football players you can pick.   I'll go with Marcus Allen, Cheryl Miller, and Randy Johnson (or Mark McGwire if you don't care about steroids) ... (Or Fred Lynn if you just want to go pure Boston) https://t.co/QFQPMPBse2
1353570965318373377, 44728481, 2021-01-25T05:10:40.000Z, @BearcatsNati @GoBEARCATS @GoBearcatsFB @UC_Recruiting Randy Johnson, Cheryl Miller, OJ Simpson
1353572818546470912, 619275000, 2021-01-25T05:18:02.000Z, @bomani_jones If we're including women then USC - OJ, Randy Johnson, Cheryl Miller.
1353581286779097089, 19166749, 2021-01-25T05:51:41.000Z, @bomani_jones USC - Anthony Muñoz/Junior Seau, Cheryl Miller/Lisa Leslie, Randy Johnson/Tom Seaver, Allyson Felix
1353584109235236865, 317358163, 2021-01-25T06:02:54.000Z, @cpoff USC with Randy Johnson, Cheryl Miller and Pick a Football Player (Lott/Allen/Polamalu) is also a good shout, but we can’t have @antioxygen get a swelled head.
1353585488435703808, 979215037, 2021-01-25T06:08:23.000Z, @bomani_jones USC Cheryl Miller Randy Johnson OJ Simpson
1353590662881538048, 175519935, 2021-01-25T06:28:57.000Z, @starrettjason USC ... Football: Marcus Allen/Ronnie Lott/Troy Polamalu .... Basketball: Cheryl Miller/Lisa Leslie .... Baseball: Tom Seaver/Randy Johnson/ Mark McGwire ....
1353600680280252416, 34127251, 2021-01-25T07:08:45.000Z, @bomani_jones UNC and Auburn are hard to beat, but UCLA with Kareem, Jackie Robinson and Jackie Joyner Kersey (Or Flo Jo or Rafer Johnson) is in the conversation BIG TIME! Trojans with OJ, Cheryl Miller and Randy Johnson are too
1353607774987403264, 376477244, 2021-01-25T07:36:57.000Z, @BearcatsNati @GoBEARCATS @GoBearcatsFB @UC_Recruiting USC OJ Simpson  Randy Johnson  Cheryl Miller
1353723161687126016, 146077410, 2021-01-25T15:15:27.000Z, RT @alw0045: @BearcatsNati @GoBEARCATS @GoBearcatsFB @UC_Recruiting USC: Randy Johnson, Marcus Allen, Cheryl Miller
1353749295875416065, 2275312120, 2021-01-25T16:59:18.000Z, @amandavande1 @rfarmer27 Joel  Schneider, Fuchs, Flanagan, K. McGrew, S. Ortiz, Ron Dumont, John Willis, Cecil Reynolds, Randy Kamphaus, Marlene Sowell Dynega, George McCloskey, Dan Miller, John Garruto, Cathy Fiorello, Randy Floyd, V. Alfonso, Dehn.
1353789780522369025, 3565248672, 2021-01-25T19:40:10.000Z, House Republicans joining the Agriculture Committee include Reps:   Kat Cammack FL Michael Cloud TX Randy Feenstra IA Michelle Fischbach MN Tracy Mann KS Mary Miller IL Barry Moore AL
1353790366084984839, 269080996, 2021-01-25T19:42:30.000Z, RT @Olivia_Beavers: House Republicans joining the Agriculture Committee include Reps:   Kat Cammack FL Michael Cloud TX Randy Feenstra IA M…
1353792244747218945, 1326337184106950656, 2021-01-25T19:49:58.000Z, RT @Olivia_Beavers: House Republicans joining the Agriculture Committee include Reps:   Kat Cammack FL Michael Cloud TX Randy Feenstra IA M…
1353802740544249856, 71372467, 2021-01-25T20:31:40.000Z, Got a wonderful surprise today - my great friend, and now master distiller, Randy Miller sent me a case of his Scottish Kings gin!  Its only available in NY and Colorado, so despite being my favorite its normal on strict rationing.  Here’s the story: https://t.co/auO8k9rMiJ
1353811015864082433, 3028884677, 2021-01-25T21:04:33.000Z, RT @Olivia_Beavers: House Republicans joining the Agriculture Committee include Reps:   Kat Cammack FL Michael Cloud TX Randy Feenstra IA M…
1353811451501309952, 875102174824542208, 2021-01-25T21:06:17.000Z, These seditionists are using @laurenboebert’s naïveté and inexperience as a tool to obstruct Biden. #GOPTraitorsToDemocracy   📌 Reps. Andy Biggs,Mo Brooks, Ted Budd, Ben Cline, Bob Good, Yvette Herrell, Doug LaMalfa, Mary Miller, Alex Mooney, August Pfluger, and Randy Weber. https://t.co/ZchxQ2Db0x
1353811631814262790, 1083495635561541632, 2021-01-25T21:07:00.000Z, RT @CMDR_Paylor: These seditionists are using @laurenboebert’s naïveté and inexperience as a tool to obstruct Biden. #GOPTraitorsToDemocrac…
1353816487186849793, 2272400485, 2021-01-25T21:26:17.000Z, RT @CMDR_Paylor: These seditionists are using @laurenboebert’s naïveté and inexperience as a tool to obstruct Biden. #GOPTraitorsToDemocrac…
1353827582312120320, 1242241511569457152, 2021-01-25T22:10:23.000Z, @nfldraftscout Matt miller is turning heel like randy orton, i swear if we land watson he is becoming the new manish
1353827757986258945, 32214312, 2021-01-25T22:11:05.000Z, @BearcatsNati @GoBEARCATS @GoBearcatsFB @UC_Recruiting Reggie Bush, Randy Johnson, Cheryl Miller. #FightOn   Or Reggie Bush, Mark McGwire, Lisa Leslie.  You pick...
1353829739748880385, 826570605168381954, 2021-01-25T22:18:57.000Z, RT @CMDR_Paylor: These seditionists are using @laurenboebert’s naïveté and inexperience as a tool to obstruct Biden. #GOPTraitorsToDemocrac…
1353861191634980873, 1353458040557731842, 2021-01-26T00:23:56.000Z, RT @HealthBeautyanM: Dieting A Few Vanity Pounds Less https://t.co/RNdaoaDa8F #Diet #Health #eat #food joon #tuesdayvibe #ByeFelicia Mets D…
1353969154773159936, 265030677, 2021-01-26T07:32:56.000Z, Survivorship Announces its 2021 Ritual Abuse and Mind Control Online Conference May 21-23, 2021. Past Speakers: Dr. Randy Noblitt, Dr. Karol Darsa, Dr. Ellen Lacter, Dr. Alison Miller, Neil Brick, Wendy Hoffman https://t.co/7EehgUWbbu https://t.co/cbD6rZOGf5
1353971094802354176, 21826477, 2021-01-26T07:40:39.000Z, RT @Neil_Brick: Survivorship Announces its 2021 Ritual Abuse and Mind Control Online Conference May 21-23, 2021. Past Speakers: Dr. Randy N…
1353989589313200128, 1342317891924992001, 2021-01-26T08:54:08.000Z, @reisner_steven @THEdonochocinco @TheTylerDragon They're trying to make 4 foot scotty miller out to be randy moss or something.
1354058313273643008, 425052595, 2021-01-26T13:27:13.000Z, @magicfm Abracadabra ... Steve Miller Band   Almaz......Randy Crawford  @EmmaB_Radio https://t.co/66SqP5MqTu
1354060024784551940, 4252267059, 2021-01-26T13:34:01.000Z, RT @leanneb68: @magicfm Abracadabra ... Steve Miller Band   Almaz......Randy Crawford  @EmmaB_Radio https://t.co/66SqP5MqTu
1354101596553162753, 4410672623, 2021-01-26T16:19:13.000Z, @LeMickey8 @Larry__Miller @Tpapi2113 @wopeshii__ @Joelrocks4eva @ChaseGoodbread @NFLDraft Bro he had an amazing o line. Heisman quarterback. 2 other top receivers to take other people attention and the fucking son of randy moss. Think. PLEASE
1354164738536726528, 185817496, 2021-01-26T20:30:07.000Z, .@HouseAgGOP appointed seven new members to the Agriculture Committee — Michelle Fischbach of Minnesota, Tracey Mann of Kansas, Randy Feenstra of Iowa, Michael Cloud of Texas, Kat Cammack of Florida, Barry Moore of Alabama and Mary Miller of Illinois. https://t.co/AEGcybDdlG
1354208834634608645, 364250630, 2021-01-26T23:25:20.000Z, A 3-pointer from Randy Miller, and the Trees are threatening to run away, up 52-40
1354212908608221187, 555454616, 2021-01-26T23:41:32.000Z, Curt and Randy both in the hall as #Dbacks would be amazing, hoping the veterans committee in 2023 make it happen, they’re the committee that got Lee Smith, Harold Baines, Jack Morris, Ted Simmons, Marvin Miller in over the last 3 years https://t.co/KvMAcD5mqJ
1354215791927898115, 40568909, 2021-01-26T23:52:59.000Z, Randy Miller Jr. splits a pair of free throws to put Indiana State up 10 on SIU. Timeout #Salukis with 132 left. Miller has 11pts, part of #Sycamores ' resurgence from their bench tonight, 23 points.
1354219278535434245, 705231769, 2021-01-27T00:06:50.000Z, The guys put in a lot of work tonight to earn their fourth straight win‼️  Tre Williams (10 pts, 4 reb) Jake LaRavia (20 pts, 6 reb) Julian Larry (10 pts, 2 reb) Randy Miller Jr. (11 pts, 6 reb)
1354226414128607232, 368771690, 2021-01-27T00:35:12.000Z, RT @IndStMBB: The guys put in a lot of work tonight to earn their fourth straight win‼️  Tre Williams (10 pts, 4 reb) Jake LaRavia (20 pts,…
1354226633956323330, 1025613021694107650, 2021-01-27T00:36:04.000Z, RT @IndStMBB: The guys put in a lot of work tonight to earn their fourth straight win‼️  Tre Williams (10 pts, 4 reb) Jake LaRavia (20 pts,…
1354226832338345989, 258528134, 2021-01-27T00:36:51.000Z, @BWalkerSEC @rasslin Brandon told me in private he can't rewatch the 04 Rumble because Randy Orton eliminates Ernest "The Cat" Miller and he's always thought that was bullshit. Said Randy never earned that right.
1354229209346891777, 948602015256645638, 2021-01-27T00:46:18.000Z, RT @RobbieBarstool: @BWalkerSEC @rasslin Brandon told me in private he can't rewatch the 04 Rumble because Randy Orton eliminates Ernest "T…
1354231556311805952, 17286994, 2021-01-27T00:55:38.000Z, RT @IndStMBB: The guys put in a lot of work tonight to earn their fourth straight win‼️  Tre Williams (10 pts, 4 reb) Jake LaRavia (20 pts,…
1354232715135090689, 449742613, 2021-01-27T01:00:14.000Z, @TheRealCastle1 @BernieSanders And Randy didn't offer him a Miller Lite.  Guess I don't blame him 🙂
1354233005364174850, 1280710305010589698, 2021-01-27T01:01:23.000Z, Stand up for Canadian Rights &amp; Freedoms with Randy Miller, Derek Sloan, Maxime Bernier &amp; any other with the guts to fight or step down &amp; make room for True Patriots because we are coming &amp; you will get trampled! https://t.co/OseG2amOFq
1354238066454536198, 1125992665986691072, 2021-01-27T01:21:30.000Z, RT @HealthBeautyanM: Dieting A Few Vanity Pounds Less https://t.co/RNdaoaDa8F #Diet #Health #eat #food joon #tuesdayvibe #ByeFelicia Mets D…
1354238273548414984, 29496421, 2021-01-27T01:22:19.000Z, @randy_miller @thechrisharrod @griffin1977 Have you ever heard of sysnative or that fun new sysarm32? https://t.co/NBy9y0vAfq All that makes me want to throw up. It's time for a windows without all that legacy stuff.
1354246988854927360, 1599152466, 2021-01-27T01:56:57.000Z, @RenegadeBlitz @DogDinner8 That’s the ultimate measure, for sure. But does that make Randy Grossman or Bennie Cunningham better TEs than Heath? I wouldn’t want to make that case.  It might be worth noting that in Miller’s 2 best seasons, his only 2 Pro Bowls, the Steelers missed the playoffs.
1354316046753091584, 813840638, 2021-01-27T06:31:22.000Z, @Ebron85 @GordonsWord Heath Miller  Bennie Cunningham Randy Grossman Eric Ebron   EE change the narrative  Don’t be the “what doesn’t belong”part of this list.
1354565321080901632, 16533116, 2021-01-27T23:01:53.000Z, @RandyKarraker @gehrig38 @Giants @ProFootballHOF Interesting. Marvin Miller is the most recent example in the Hall, Randy. And he was elected this past year. He's not voted on by the writers, though many -- if they had the chance -- would have supported him, I bet.
1354566282478309379, 85131625, 2021-01-27T23:05:43.000Z, @JorgeMarioEspa1 Tenía a Randy Moss y Wes Welker. De ahí nada más interesante, eso si tenía una defensiva espectacular y una OL muy buena. Ahora tiene una de las mejores OL de la liga, RoJo, Fournette, Godwin, Cameron Brate, Rob Gronkowski, Antonio Brown, Scott Miller, y por supuesto Mike Evans
1354645388662333440, 1354477621162221571, 2021-01-28T04:20:03.000Z, RT @HealthBeautyanM: Dieting A Few Vanity Pounds Less https://t.co/RNdaoaDa8F #Diet #Health #eat #food joon #tuesdayvibe #ByeFelicia Mets D…
1354661693226422278, 26401985, 2021-01-28T05:24:50.000Z, @CBSSportsHQ @Chiefs @chiefsdaily15 @ChiefsKingdom5 @ArrowheadLive @ArrowheadAddict @ArrowheadPride @MahomeSZN @Bucs_Nation @ThePewterPlank Cheetah is the fastest player in nfl history (maaaybe randy moss). Miller is probably the 500th fastest in history
1354682956183433219, 110330546, 2021-01-28T06:49:20.000Z, RT @Neil_Brick: Survivorship Announces its 2021 Ritual Abuse and Mind Control Online Conference May 21-23, 2021. Past Speakers: Dr. Randy N…
1354685078811586562, 265030677, 2021-01-28T06:57:46.000Z, RT @Neil_Brick: Survivorship Announces its 2021 Ritual Abuse and Mind Control Online Conference May 21-23, 2021. Past Speakers: Dr. Randy N…
1354766067802005505, 1346815416681824258, 2021-01-28T12:19:35.000Z, It’s a full house for Thursday’s show with @ULM_FB HC Terry Bowden, @kennedy_randy of @995SportsTalk and Jerry Miller to talk @TroyAthletics Catch us on @FoxSportsShoals and other GREAT radio stations throughout Alabama and online 24/7 at https://t.co/02zlfhbTbt https://t.co/uy9fEVT4EG
1354784436810899463, 2305337652, 2021-01-28T13:32:35.000Z, RT @PressBoxRadio1: It’s a full house for Thursday’s show with @ULM_FB HC Terry Bowden, @kennedy_randy of @995SportsTalk and Jerry Miller t…
1354977558186618881, 1293045836960731136, 2021-01-29T02:19:58.000Z, RT @HealthBeautyanM: Dieting A Few Vanity Pounds Less https://t.co/RNdaoaDa8F #Diet #Health #eat #food joon #tuesdayvibe #ByeFelicia Mets D…
1354995149844193286, 1354920096574169090, 2021-01-29T03:29:52.000Z, RT @HealthBeautyanM: Dieting A Few Vanity Pounds Less https://t.co/RNdaoaDa8F #Diet #Health #eat #food joon #tuesdayvibe #ByeFelicia Mets D…
1355195119645978626, 1133742192072302592, 2021-01-29T16:44:29.000Z, Von Miller. Randy Moss. Reggie White. https://t.co/APff8HhJVl
1355247621179228164, 3277880372, 2021-01-29T20:13:06.000Z, Shit is really happening watch how this year ends up, why go to government facility and not our own , Canada on some shit like randy miller said https://t.co/0IKUxFQVKw
1355279989495611392, 3038542184, 2021-01-29T22:21:44.000Z, Randy Hardy, Hardy Energy Consulting; Bobby Olsen, @SRPconnect; Peter Griffes, @PGE4Me; Beth Vaughan, @cal_cca; Tony Zimmer, @NCPA_Alert; Carrie Bentley, Gridwell Consulting; Scott Miller, Western Power Trading Forum; Ed Randolph, @californiapuc; Susan Ackerman, @EWEButility.
1355517459219050498, 34672742, 2021-01-30T14:05:21.000Z, The @NARI_National Milwaukee Home Improvement Show w/ @BigTime1250 @MikeMcgivern is on the air now!  This week's guests:  Randy Miller - @Allritehome Jeff Feyrer - JT Feyrer Exteriors LLC  Listen Live: https://t.co/dc5ZG1bfdd or the @Radiodotcom App
1355524660440539140, 1400450808, 2021-01-30T14:33:58.000Z, RT @1250AMTheFan: The @NARI_National Milwaukee Home Improvement Show w/ @BigTime1250 @MikeMcgivern is on the air now!  This week's guests:…
1355619963919196168, 1042330378881576960, 2021-01-30T20:52:40.000Z, @parlertakes Seems to be recurring pattern w/GOP. I remind Gosar daily his family publicly denounced him and despises him. McConnell’s daughters distanced themselves,of course Stephen Miller  Here is a list of others. Most on here are GOP. Not much of a coincidence  https://t.co/Ep9cvVfAh0
1355751176696967170, 788805114274451456, 2021-01-31T05:34:03.000Z, Now Playing: "He's in the Fire" By "Randy &amp; Sherri Miller" on Good News Southern Gospel #NowPlayingOnGNSG
1355818771475271684, 944618228, 2021-01-31T10:02:39.000Z, @MedusaJazz *Pianista: Brian Culbertson *Trompetista: Till Brönner *Saxofonista: David Sanborn *Contrabajista: Marcus Miller *Baterista: Steve Gadd  *Vocalista: Michael Franks/Randy Crawford *Otro (cualquier instrumento, compositor):  Armonicista: Toots Thielemans;  Vibrafonista: Roy Ayers
1355856054291193857, 267986264, 2021-01-31T12:30:48.000Z, @waub Yup. Babysitting in the 80s; Jon Lovitz, Randy Quaid, Dennis Miller, Robert Downey Jr.
1355920593498025989, 1057813073153720321, 2021-01-31T16:47:15.000Z, NOT MILLER TRYING TO SET VIOLET UP WOTH RANDY IM@LAUGHING
1356029093771431938, 1300530445105483778, 2021-01-31T23:58:24.000Z, @AnthonyEm20 @HardmanSzn @2_dollars_in_1 @AtOm_twelve @Intreverted @SNFonNBC U failed to mention that Tom Brady literally had Randy Moss.And Tom Brady’s weapons compared to Mahomes weapons let’s do it: Tyreek&gt;Evans Watkins&lt;Godwin Hardman&lt;AB Robinson&lt;Miller Pringle=Johnson Kelce&gt;Gronk  Chiefs o line&lt;Brady’s O line  Brady either has better or equal weapons
1356057293113208835, 33607854, 2021-02-01T01:50:27.000Z, On Oct 12, 1985 SNL young Dan saw a rerun. Three weeks later Season 11:   Joan Cusack Robert Downey Jr. Nora Dunn Anthony Michael Hall Jon Lovitz Dennis Miller Randy Quaid Terry Sweeney Danitra Vance  Host was Madonna. Music- Simple Minds. (nice AMH Breakfast Club tie-in)  Damn. https://t.co/5HKytD2Ktw
1356060180014915584, 304163049, 2021-02-01T02:01:55.000Z, @TTSO_James I saw Randy Johnson get a milestone strikeout of some sort in Miller Park as a Giant. Crowd gave him an ovation which paused the game. It was random enough that I can’t even find it online
1356079982620135426, 473274808, 2021-02-01T03:20:37.000Z, @randy_miller I saw Hardware in theaters introduced by Richard Stanley a couple years ago
1356088929506766850, 1006317394279714816, 2021-02-01T03:56:10.000Z, So because no one in the giveaway drew number 1, the runner up was Randy Orton who was number 2, making @scottie_miller the winner.
1356314188809965568, 150994111, 2021-02-01T18:51:16.000Z, Funeral donations for my lovin father randy miller https://t.co/9egHfjfAhi
1356330456682262529, 1303461023354150919, 2021-02-01T19:55:54.000Z, @bguimond82 @trevormay23 @RapSheet He’s had randy moss eddleman and belicheck Bruce arians mike Evans Scotty Miller ab Chris Goodwin too many great recivers lol he gets carried
1356385252252372992, 68774092, 2021-02-01T23:33:39.000Z, Kennemer ran in the GOP primary for OR secretary of state in 1992; he lost to then-Rep. Randy Miller, who then lost to appointed Democratic incumbent Phil Keisling. #Orpol
1356392679198785536, 14180091, 2021-02-02T00:03:09.000Z, RT @CapitolWong: Kennemer ran in the GOP primary for OR secretary of state in 1992; he lost to then-Rep. Randy Miller, who then lost to app…
1356540718299418624, 726247228344537088, 2021-02-02T09:51:25.000Z, Randy and Sherri Miller - He's In The Fire
1356603846206902274, 10282082, 2021-02-02T14:02:16.000Z, s11 SNL cast is one of those strange, transitional casts: Joan Cusack Robert Downey Jr. Nora Dunn Anthony Michael-Hall Jon Lovitz Dennis Miller Randy Quaid Terry Sweeney Danitra Vance w/Damon Wayans
1356633703565377542, 509145315, 2021-02-02T16:00:54.000Z, @randy_psu you wanted a reminder about The Miller Lite Ridiculously Long Calorie-Burning Big Game URL and that's what you're gonna get. See you Sunday. https://t.co/pGzH4Z8eW8
1356636495839428612, 1464676056, 2021-02-02T16:12:00.000Z, Randy Miller, our Global Advanced Manufacturing &amp; Mobility Leader, discusses the findings of the EY Consumer Mobility Lens Index that delves into the changes that consumers have made to their #mobility habits due to the global pandemic. #FutureOfMobility https://t.co/4p9a5YaBnT
1356669968943702017, 238284056, 2021-02-02T18:25:00.000Z, @LAPCFails @lapdcommission @LAPDChiefMoore @stoplapdspying @BLMLA @LACANetwork @WP4BL @PplsCityCouncil @GroundGameLA @PMbeers @MayorOfLA Randy Miller was his name. Not Moore
1356670827975081985, 16359233, 2021-02-02T18:28:25.000Z, RT @tiffanyruns: @LAPCFails @lapdcommission @LAPDChiefMoore @stoplapdspying @BLMLA @LACANetwork @WP4BL @PplsCityCouncil @GroundGameLA @PMbe…
1356724049565614081, 1303229099742236672, 2021-02-02T21:59:54.000Z, Summary 1/2/2021 - Global All-Time Lists  Eric Gordon 29th 3P 1590 Mike Miller Danilo Gallinari 69th 3P 1222 John Starks Danilo Gallinari 70th 3P 1221 Chuck Person DJ Augustin 85th 3P 1133 Gary Payton Ricky Rubio 87th AST 4490 Jeff Teague Ricky Rubio 88th AST 4487 Randy Smith https://t.co/htSQX8ZzFQ
1356783283770646528, 1169446418270101506, 2021-02-03T01:55:17.000Z, @RadioFreeTom They're in the running for the best and campaign series I've ever seen. The Miller Lite ads in the early 90's ("Hey...aren't you Randy Cross?") Are it's only TRUE competition IMO
1356866943270014977, 916784045849174016, 2021-02-03T07:27:43.000Z, Erik Prince &amp; Kim Jong Un &amp; Rodrigo Duterte &amp; the Proud Boys &amp; Stephen Miller &amp; Steve Bannon &amp; Sebastian Gorka &amp; Count Chocula &amp; Robert Jeffress &amp; Jerry Fallwell Jr &amp; The Jersey Devil &amp; Lee Greenwood &amp; Michael Flynn &amp; Sasquatch &amp; Macho Man Randy Savage &amp;
1356994913175560196, 24540958, 2021-02-03T15:56:13.000Z, Jim Croce, Aaliyah, John Denver, half of Lynyrd Skynyrd, Buddy Holly, Ritchie Valens, the Big Bopper, Patsy Cline, Otis Redding, Randy Rhoads, Glenn Miller...
1357037054799056897, 1642361173, 2021-02-03T18:43:41.000Z, @BrothaMonty They got ruined once the cultaholic folks left. Now all they do is complain on wwe and hate on randy orton apparently lol 😂  the only good guy there is simon miller.
1357049562016460802, 906155456019791872, 2021-02-03T19:33:23.000Z, @Ccrypto5 @Borderlands With regular hosts Greg Miller and Fran Mirabella from Kinda Funny and Mitsu from the Borderlands Creator Team, you'll get to see additional missions, end-game content, behind-the-scenes extras, and more! The gang will also be chatting with returning guest Randy Varnell
1357111879198519296, 1061963386571739137, 2021-02-03T23:41:00.000Z, Randy Miller, our Global Advanced Manufacturing &amp; Mobility Leader, discusses the findings of the EY Consumer Mobility Lens Index that delves into the changes that consumers have made to their #mobility habits due to the global pandemic. #FutureOfMobility https://t.co/It7oBTvMyW
1357141060628062209, 1357134892069343233, 2021-02-04T01:36:57.000Z, RT @HealthBeautyanM: Dieting A Few Vanity Pounds Less https://t.co/RNdaoaDa8F #Diet #Health #eat #food joon #tuesdayvibe #ByeFelicia Mets D…
1357190268739604482, 1355607962207866883, 2021-02-04T04:52:30.000Z, RT @HealthBeautyanM: Dieting A Few Vanity Pounds Less https://t.co/RNdaoaDa8F #Diet #Health #eat #food joon #tuesdayvibe #ByeFelicia Mets D…
1357336004684832769, 255091289, 2021-02-04T14:31:36.000Z, For Throwback Thursday #tbt we have the 1973-74 Junior B Windsor Royals: a highly skilled team led by captain Glen Mosher. Coaching this talented and long-haired crew was AHL veteran Randy "Jake" Miller who played 16 seasons of pro hockey. #birthplaceofhockey #NovaScotia https://t.co/KbBssu2olN
1357365048071622661, 1464676056, 2021-02-04T16:27:00.000Z, Randy Miller, our Global Advanced Manufacturing &amp; Mobility Leader, discusses the findings of the EY Consumer Mobility Lens Index that delves into the changes that consumers have made to their #mobility habits due to the global pandemic. #FutureOfMobility https://t.co/ltQBFpZTo8
1357421494146596868, 1089152554162966529, 2021-02-04T20:11:18.000Z, @DeeshaThosar Great article. I’d be interested in your thoughts on @RealMichaelKay. This is from Randy Miller’s article on https://t.co/zXcQ8tlkkp. Kay claims to have known for years, but of course, said nothing. Shouldn’t a guy who has a radio show be speaking up about this? https://t.co/pCmemYBUDi
1357430269255557121, 1089152554162966529, 2021-02-04T20:46:10.000Z, @NickFrancona @RealMichaelKay Randy Miller’s article on https://t.co/zXcQ8tlkkp. I was just blown away that a guy who admits to knowing all this could even think to point fingers at anyone else.
1357461337547358211, 345503881, 2021-02-04T22:49:37.000Z, @iamshellyshel The U x2 just watched it again last night, Rand University Randy miss joint, Miller time with Reggie
1357494110576406533, 509145315, 2021-02-05T00:59:51.000Z, @lattimore_randy you wanted a reminder about The Miller Lite Ridiculously Long Calorie-Burning Big Game URL and that's what you're gonna get. See you Sunday. https://t.co/2qo4zB7ivl
1357504693761695744, 1264646056324800512, 2021-02-05T01:41:54.000Z, This dude has Scottie Miller  Prime mike Evan's  Chris godwin  Antaino brown  Rob  Bill belichick  Randy moss  Always has a good offensive line  Always had a good defense  He has more help than mahomes https://t.co/F3M76RyUgJ
1357523561079054338, 15011153, 2021-02-05T02:56:53.000Z, Regarding Greene-The following IOWA Representatives are NOT on the list of 11 GOP Reps who voted to Defend our Country and Our Democracy 1st district: Ashley Hinson, 2nd district: Mariannette Miller-Meeks , and 4th district: Randy Feenstra  @hinsonashley @RepMMM @RandyFeenstra
1357557027275300866, 1349984601997860864, 2021-02-05T05:09:52.000Z, RT @HealthBeautyanM: Dieting A Few Vanity Pounds Less https://t.co/RNdaoaDa8F #Diet #Health #eat #food joon #tuesdayvibe #ByeFelicia Mets D…
1357589333650378753, 1356843139458285568, 2021-02-05T07:18:14.000Z, RT @HealthBeautyanM: Dieting A Few Vanity Pounds Less https://t.co/RNdaoaDa8F #Diet #Health #eat #food joon #tuesdayvibe #ByeFelicia Mets D…
1357594036404711425, 1872741763, 2021-02-05T07:36:55.000Z, موزیکی به نام Gentle Rain ساخته ی Randy Miller از آلبوم زیبای Echoes for the Soul. یک موزیک لایت و بسیار دلنشین نواخته شده با گیتار الکتریک و سینت سایزر که حس متفاوتی رو به شنونده القا میکنه.  #listentomusicwithme
1357608154935214080, 1350160454295949312, 2021-02-05T08:33:01.000Z, RT @HealthBeautyanM: Dieting A Few Vanity Pounds Less https://t.co/RNdaoaDa8F #Diet #Health #eat #food joon #tuesdayvibe #ByeFelicia Mets D…
1357608234052419584, 4845432892, 2021-02-05T08:33:20.000Z, RT @HealthBeautyanM: Dieting A Few Vanity Pounds Less https://t.co/RNdaoaDa8F #Diet #Health #eat #food joon #tuesdayvibe #ByeFelicia Mets D…
1357615322241630208, 1356207361170530305, 2021-02-05T09:01:30.000Z, RT @HealthBeautyanM: Dieting A Few Vanity Pounds Less https://t.co/RNdaoaDa8F #Diet #Health #eat #food joon #tuesdayvibe #ByeFelicia Mets D…
1357680922011856897, 509145315, 2021-02-05T13:22:10.000Z, @nielsen__randy you wanted a reminder about The Miller Lite Ridiculously Long Calorie-Burning Big Game URL and that's what you're gonna get. See you Sunday. https://t.co/9dvsziAuLw
1357683907253174274, 2591200543, 2021-02-05T13:34:02.000Z, @DouglieDoWrong Where should I start..lamar miller.patrick surtain. Bernie parmalie. Troy vincent. Jake long. Chris chambers. Ted Ginn jr. Ryan tannehill. Neville hewitt. Jeff cross. Rashad mathews. Ronnie brown. Randy mcmichael. Larry Izzo. And many more
1357743642472022018, 1048595893, 2021-02-05T17:31:24.000Z, @ootsakothpod Check out this KOTH character tierlist I created. Unfortunately, some of these pics were too big so the heads got cut off. Those pics are Alabaster the Pimp, Bill, Boomhauer, Dale, Hank, &amp; Randy Miller  https://t.co/tGzfHbzvJa
1357745303231877121, 1061963386571739137, 2021-02-05T17:38:00.000Z, Randy Miller, our Global Advanced Manufacturing &amp; Mobility Leader, discusses the findings of the EY Consumer Mobility Lens Index that delves into the changes that consumers have made to their #mobility habits due to the global pandemic. #FutureOfMobility https://t.co/UDbLwpWgqc
1357760920110432256, 1215018873520631808, 2021-02-05T18:40:03.000Z, Navigating a Church Crash – Finding Healing &amp; Hope  It is possible to find healing and hope after a church splits. See how one church handled it and what God taught them. By Randy Miller, Worship Pastor #hope #healing  Read more: https://t.co/HEXzOL6nDT https://t.co/alsFAkIXaM
1357932311107366913, 717608826015318017, 2021-02-06T06:01:06.000Z, Randy presents the life and times of Ernest Miller Hemingway in EXACTLY ... https://t.co/s4arJRKrlM via @YouTube
1358041870086070274, 1353035167091273730, 2021-02-06T13:16:27.000Z, RT @HealthBeautyanM: Dieting A Few Vanity Pounds Less https://t.co/RNdaoaDa8F #Diet #Health #eat #food joon #tuesdayvibe #ByeFelicia Mets D…
1358107437870555149, 1464676056, 2021-02-06T17:37:00.000Z, Randy Miller, our Global Advanced Manufacturing &amp; Mobility Leader, discusses the findings of the EY Consumer Mobility Lens Index that delves into the changes that consumers have made to their #mobility habits due to the global pandemic. #FutureOfMobility https://t.co/gKoxgRsINf
1358109915936681988, 1315571728190406657, 2021-02-06T17:46:51.000Z, RT @EY_Automotive: Randy Miller, our Global Advanced Manufacturing &amp; Mobility Leader, discusses the findings of the EY Consumer Mobility Le…
1358388205381427200, 76384845, 2021-02-07T12:12:40.000Z, @randy_miller @clams_kessino @AITA_reddit You need two witnesses in the UK. And significant parts of the ceremony are legally relevant.  But our marriage rules are quite strict in other ways too.
1358458599434051585, 239700809, 2021-02-07T16:52:23.000Z, John Miller, Lin-Manuel Miranda, Jessica Molaskey, Eric William Morris, Ann Morrison, Randy Morrison, Robert E. Morse, Julia Murney, Donna Murphy, Anne L. Nathan, George Nestor, Casey Nicholaw, Kelli O'Hara, Brynn O'Malley, Cynthia Onrubia, Eric Paris, Joey Parnes,
1358477849112440833, 2674986259, 2021-02-07T18:08:53.000Z, Shirtless Randy Wayne in The Lying Game  Shirtless Randy Wayne is playing Justin Miller on the show The Lying Game. He is also playing Gabe on the show Talent: The Casting https://t.co/S9Nqzw92kz
1358526257198215188, 338743143, 2021-02-07T21:21:14.000Z, ISU 18-14, 1037. With a short turnaround between media timeouts, ISU goes to its bench with not good results. Randy Miller Jr. missed a 3, UNI scored on a fourth-chance opportunity &amp; then UNI forces ISU into a shot clock violation after the Sycamores were too tentative running O.
1358567394667552771, 509145315, 2021-02-08T00:04:42.000Z, @randy_psu remember when you asked us to remind you about The Miller Lite Ridiculously Long Calorie-Burning Big Game URL? Well this is your reminder about The Miller Lite Ridiculously Long Calorie-Burning Big Game URL. Get ready to type. https://t.co/2OOcl1nhbE
1358589746059104256, 509145315, 2021-02-08T01:33:31.000Z, @lattimore_randy remember when you asked us to remind you about The Miller Lite Ridiculously Long Calorie-Burning Big Game URL? Well this is your reminder about The Miller Lite Ridiculously Long Calorie-Burning Big Game URL. Get ready to type. https://t.co/5J79UOknKD
1358662030480338946, 1318194079214276612, 2021-02-08T06:20:45.000Z, Bruh imagine being Kaz Miller and they replaced your boyfriend with some randy because he wanted to create a micronation
1358688765477281792, 1348708795162259457, 2021-02-08T08:06:59.000Z, RT @HealthBeautyanM: Dieting A Few Vanity Pounds Less https://t.co/RNdaoaDa8F #Diet #Health #eat #food joon #tuesdayvibe #ByeFelicia Mets D…
1358802169722413056, 574502858, 2021-02-08T15:37:37.000Z, Veteran Jackson to return for new season with Miller Express By: Randy Palmer https://t.co/T2LBzgpIJq #baseball  @wcbleague
1358875347916324868, 857261287, 2021-02-08T20:28:24.000Z, @ChristianCamara @EvanPower Everything ends. This will as well. I would never use the term winning because I suspect Randy Miller's family and thousands of others don't feel this way, but the original point is valid.
1358955512767930370, 1347625869133684736, 2021-02-09T01:46:57.000Z, RT @HealthBeautyanM: Dieting A Few Vanity Pounds Less https://t.co/RNdaoaDa8F #Diet #Health #eat #food joon #tuesdayvibe #ByeFelicia Mets D…
1358957201843494920, 1245884829226450946, 2021-02-09T01:53:39.000Z, RT @HealthBeautyanM: Dieting A Few Vanity Pounds Less https://t.co/RNdaoaDa8F #Diet #Health #eat #food joon #tuesdayvibe #ByeFelicia Mets D…
1358981417712181248, 1225896745080541185, 2021-02-09T03:29:53.000Z, @NotJackKemp Ok. Luka dong talk... Wang, large Indian man, Finley, Dirk, Luka, Nash, Marion, Boban, Bradley, Tarpley, B Davis, O. Miller, DFS, JJ, Randy White, Kidd, Mash, Gary Trent, KP. 1-5 Go!
1358999500862406656, 346909660, 2021-02-09T04:41:44.000Z, RT @HealthBeautyanM: Dieting A Few Vanity Pounds Less https://t.co/RNdaoaDa8F #Diet #Health #eat #food joon #tuesdayvibe #ByeFelicia Mets D…
1359009414620053504, 1358824901696749569, 2021-02-09T05:21:08.000Z, RT @HealthBeautyanM: Dieting A Few Vanity Pounds Less https://t.co/RNdaoaDa8F #Diet #Health #eat #food joon #tuesdayvibe #ByeFelicia Mets D…
1359160836288307205, 1355498259062673408, 2021-02-09T15:22:50.000Z, @davidpollack47 @CoachTomlin Randy Miller, Norm Pollack and Steve Burrell #ZeroDefense
1359190083182731267, 963207235873763328, 2021-02-09T17:19:03.000Z, thank you Tim O'Leary, Scot Ritchey, Bill Trinen, Maki Yamane, Rich Amtower, Nate Bihldorff, Jeff Miller, Leslie Swan, Raychole L'Anett, Robert Crombie, Kirk Buchanan, Dan Simpson, Miho Hattori, Sean Sakuma, Randy Shoemake, and Andrew Becraft for making a banger localization
1359213538389020673, 1283028228911828992, 2021-02-09T18:52:15.000Z, @CoachDrewBurton @svsu_football @ryan_whitely @CoachJ_Miller @rbrady1313 @SVSU @BenSimmons65 @svsuathletics @mzanellato @IsiahDaniels8 @RunThePower https://t.co/MhotYrVtrB
1359217929389277189, 2414876317, 2021-02-09T19:09:42.000Z, Fav tv characters no particular order.   Nick Miller, Ari Gold, Kramer, Jesse Pinkman, Dr Perry Cox,  Hank Moody, Randy Marsh, Doug Heffernan, Omar.....
