id, author_id, created_at, text
650097157471662081, 3394472499, 2015-10-02T23:56:55.000Z, RT @rick_givens: D'Marea Whitt with his second pick of the night. Clinton threatening again.
650097792648654849, 38580024, 2015-10-02T23:59:26.000Z, RT @rick_givens: J'Quan Thomas takes a swing pass 38 yards for the Clinton TD. Clinton 7, Lenoir City 0. @prepxtra @VarsityAllAxs
650098305649758208, 3394472499, 2015-10-03T00:01:28.000Z, RT @rick_givens: Touchdown Clinton. Isaiah Vibbert from 3. Clinton 14, Lenoir City 0. @prepxtra @VarsityAllAxs
650098472931172352, 3394472499, 2015-10-03T00:02:08.000Z, RT @rick_givens: Lenoir City takes the ensuing kickoff to the house. Kenny Miller 91 yards up the right. Clinton 14, Lenoir City 7. @prepxt…
650098650023075840, 38580024, 2015-10-03T00:02:51.000Z, RT @rick_givens: Touchdown Clinton. Isaiah Vibbert from 3. Clinton 14, Lenoir City 0. @prepxtra @VarsityAllAxs
650098869670428672, 38580024, 2015-10-03T00:03:43.000Z, RT @rick_givens: Lenoir City takes the ensuing kickoff to the house. Kenny Miller 91 yards up the right. Clinton 14, Lenoir City 7. @prepxt…
650100599300714497, 3394472499, 2015-10-03T00:10:35.000Z, RT @rick_givens: Demarea Whitt doing it all. 45 yard touchdown reception on a bubble screen. Clinton 21, Lenoir City 7. 8:55, 2Q. @prepxtra…
650101591744344064, 38580024, 2015-10-03T00:14:32.000Z, RT @rick_givens: Demarea Whitt doing it all. 45 yard touchdown reception on a bubble screen. Clinton 21, Lenoir City 7. 8:55, 2Q. @prepxtra…
650103382997364736, 3394472499, 2015-10-03T00:21:39.000Z, RT @rick_givens: Have yourself a half Demarea Whitt. Another touchdown catch. Clinton 28, Lenoir City 7. @prepxtra @VarsityAllAxs
650105690485334016, 3394472499, 2015-10-03T00:30:49.000Z, RT @rick_givens: Demarea Whitt AGAIN. That's his third TD catch of the night. This time for 23. Clinton 35, Lenoir City 7. @prepxtra
650106069180678145, 38580024, 2015-10-03T00:32:19.000Z, RT @rick_givens: Demarea Whitt AGAIN. That's his third TD catch of the night. This time for 23. Clinton 35, Lenoir City 7. @prepxtra
650106896943316992, 3394472499, 2015-10-03T00:35:37.000Z, RT @rick_givens: Lenoir City answers. 1 play drive. Kenny Miller with his second touchdown of the night. Clinton 35, LC 14. @prepxtra
650107709409333248, 3394472499, 2015-10-03T00:38:50.000Z, RT @rick_givens: HALFTIME: Clinton 35, Lenoir City 14. Demarea Whitt 121 yards receiving, 3 TDs. Also has 2 interceptions. @prepxtra
650111615812157440, 38580024, 2015-10-03T00:54:22.000Z, RT @rick_givens: HALFTIME: Clinton 35, Lenoir City 14. Demarea Whitt 121 yards receiving, 3 TDs. Also has 2 interceptions. @prepxtra
650116735639662592, 3394472499, 2015-10-03T01:14:43.000Z, RT @rick_givens: Dragons cash in on the turnover again. That's 35 points off turnovers. Clinton 42, Lenoir City 14. @prepxtra
650116847162032132, 38580024, 2015-10-03T01:15:09.000Z, RT @rick_givens: Dragons cash in on the turnover again. That's 35 points off turnovers. Clinton 42, Lenoir City 14. @prepxtra
650118631230152704, 3394472499, 2015-10-03T01:22:14.000Z, RT @rick_givens: J'Quan Thomas 75-yard touchdown catch. Goodnight. Clinton 49, Lenoir City 14. @prepxtra
650119061792256000, 38580024, 2015-10-03T01:23:57.000Z, RT @rick_givens: J'Quan Thomas 75-yard touchdown catch. Goodnight. Clinton 49, Lenoir City 14. @prepxtra
650122156563656704, 1006957506, 2015-10-03T01:36:15.000Z, RT @rick_givens: J'Quan Thomas 75-yard touchdown catch. Goodnight. Clinton 49, Lenoir City 14. @prepxtra
650124458188009472, 38580024, 2015-10-03T01:45:24.000Z, RT @rick_givens: FINAL: Clinton 49, Lenoir City 14. Demarea Whitt catches 3 touchdowns and J'Quan Thomas adds 2 as Clinton picks up 2nd reg…
650133971678965760, 272251478, 2015-10-03T02:23:12.000Z, RT @rick_givens: FINAL: Clinton 49, Lenoir City 14. Demarea Whitt catches 3 touchdowns and J'Quan Thomas adds 2 as Clinton picks up 2nd reg…
650134131637112833, 260794894, 2015-10-03T02:23:50.000Z, RT @rick_givens: FINAL: Clinton 49, Lenoir City 14. Demarea Whitt catches 3 touchdowns and J'Quan Thomas adds 2 as Clinton picks up 2nd reg…
650134678096101380, 287308941, 2015-10-03T02:26:00.000Z, RT @rick_givens: FINAL: Clinton 49, Lenoir City 14. Demarea Whitt catches 3 touchdowns and J'Quan Thomas adds 2 as Clinton picks up 2nd reg…
650135561106292736, 2680121114, 2015-10-03T02:29:31.000Z, RT @rick_givens: FINAL: Clinton 49, Lenoir City 14. Demarea Whitt catches 3 touchdowns and J'Quan Thomas adds 2 as Clinton picks up 2nd reg…
