id, author_id, created_at, text
1582642597775822853, 818379037370437632, 2022-10-19T07:59:34.000Z, A man with a secret that he doesn't want to share. Michael James Lewis, a 44-year-old geophysicist,   by @chariss_walker  get it now  https://t.co/4QuTTxoIk1 https://t.co/XfSLhAXVS1 #RT  #iartg  #asmsg  #bookboost  #Thriller
1583009992453431297, 818379037370437632, 2022-10-20T08:19:27.000Z, A man with a secret that he doesn't want to share. Michael James Lewis, a 44-year-old geophysicist,   by @chariss_walker  get it now  https://t.co/4QuTTxoIk1 https://t.co/XfSLhAXVS1 #RT  #iartg  #asmsg  #bookboost  #Thriller
1583365467649245184, 1492637838969647104, 2022-10-21T07:51:59.000Z, A man with a secret that he doesn't want to share. Michael James Lewis, a 44-year-old geophysicist,   by @chariss_walker  get it now  https://t.co/nvNa2oOMxB https://t.co/D6q81pJUtB #RT  #iartg  #asmsg  #bookboost  #Thriller
1583649660647788544, 1512200387771740161, 2022-10-22T02:41:16.000Z, Cuántos % Tenemos ( no me ignoren ) 10%-beret 10%-Morat 10%-Imagine Dragons  10%-Michael Jackson  10%-Maroon 5 10%-Alan Walker  10%-Bruno Mars  10%-Ed Sheeran 10%-lewis Capaldi  10%-Daddy Yankee
1583732146539495431, 818379037370437632, 2022-10-22T08:09:02.000Z, A man with a secret that he doesn't want to share. Michael James Lewis, a 44-year-old geophysicist,   by @chariss_walker  find out more -&gt;  https://t.co/4QuTTxGRy9 https://t.co/XfSLhAGSQ1  #iartg  #asmsg  #bookboost  #Thriller  #RT
1584087968326696960, 1492637838969647104, 2022-10-23T07:42:57.000Z, A man with a secret that he doesn't want to share. Michael James Lewis, a 44-year-old geophysicist,   by @chariss_walker  get it now  https://t.co/nvNa2p5PzB https://t.co/D6q81q0XvB #RT  #iartg  #asmsg  #bookboost  #Thriller
1584452864596144128, 818379037370437632, 2022-10-24T07:52:55.000Z, A man with a secret that he doesn't want to share. Michael James Lewis, a 44-year-old geophysicist,   by @chariss_walker  available at  https://t.co/4QuTTxGRy9 https://t.co/XfSLhAGSQ1  #iartg  #asmsg  #Thriller  #RT
1584452864994291712, 818379037370437632, 2022-10-24T07:52:55.000Z, A man with a secret that he doesn't want to share. Michael James Lewis, a 44-year-old geophysicist,   by @chariss_walker  get it now  https://t.co/4QuTTxoIk1 https://t.co/XfSLhAXVS1 #RT  #iartg  #asmsg  #bookboost  #Thriller
1584815059712315393, 818379037370437632, 2022-10-25T07:52:09.000Z, A man with a secret that he doesn't want to share. Michael James Lewis, a 44-year-old geophysicist,   by @chariss_walker  get it now  https://t.co/4QuTTxGjIB https://t.co/XfSLhAGl0t #RT  #iartg  #asmsg  #bookboost  #Thriller
1585176776472420352, 818379037370437632, 2022-10-26T07:49:29.000Z, A man with a secret that he doesn't want to share. Michael James Lewis, a 44-year-old geophysicist,   by @chariss_walker  available at  https://t.co/4QuTTxGjIB https://t.co/XfSLhAGl0t  #iartg  #asmsg  #bookboost  #Thriller  #RT
1585904086238593029, 818379037370437632, 2022-10-28T07:59:33.000Z, A man with a secret that he doesn't want to share. Michael James Lewis, a 44-year-old geophysicist,   by @chariss_walker  get it now  https://t.co/4QuTTxGjIB https://t.co/XfSLhAGl0t #RT  #iartg  #asmsg  #bookboost  #Thriller
1586191217867444224, 215144366, 2022-10-29T03:00:31.000Z, @FanDuel Herschel Walker Marcus Dupree Warrick Dunn Jamal Lewis Matt Forte Clinton Portis Steve Slaton Steven Jackson (AJAX) Garrison Hearst Willis McGahee Fred Jackson Ronnie Harmon Duce Staley Jonathan Stewart Michael Pittman DeAngelo Williams Brian Westbrook
1587356078622363648, 818379037370437632, 2022-11-01T08:09:15.000Z, A man with a secret that he doesn't want to share. Michael James Lewis, a 44-year-old geophysicist,   by @chariss_walker  get it now  https://t.co/4QuTTxGjIB https://t.co/XfSLhAGl0t  #iartg  #asmsg  #bookboost  #Thriller  #RT
1587717377353027585, 1492637838969647104, 2022-11-02T08:04:55.000Z, A man with a secret that he doesn't want to share. Michael James Lewis, a 44-year-old geophysicist,   by @chariss_walker  get it now  https://t.co/nvNa2oOeI3 https://t.co/D6q81pJmE3 #RT  #iartg  #asmsg  #bookboost  #Thriller
