id, author_id, created_at, text
1485791990805585923, 615807971, 2022-01-25T01:49:49.000Z, RT @micainargentina: todes somos ángela torres con tomás fonzi https://t.co/dy3MqKp2l4
1485802700021198848, 985349881618485249, 2022-01-25T02:32:23.000Z, RT @micainargentina: todes somos ángela torres con tomás fonzi https://t.co/dy3MqKp2l4
1485805696125911047, 1483869777164652557, 2022-01-25T02:44:17.000Z, RT @micainargentina: todes somos ángela torres con tomás fonzi https://t.co/dy3MqKp2l4
1485805964561420288, 3314972043, 2022-01-25T02:45:21.000Z, RT @micainargentina: todes somos ángela torres con tomás fonzi https://t.co/dy3MqKp2l4
1485806972343500803, 1302817104689877000, 2022-01-25T02:49:21.000Z, RT @micainargentina: todes somos ángela torres con tomás fonzi https://t.co/dy3MqKp2l4
1485807095685341188, 947955635047534598, 2022-01-25T02:49:51.000Z, RT @micainargentina: todes somos ángela torres con tomás fonzi https://t.co/dy3MqKp2l4
1485809787971403776, 1181031241820196865, 2022-01-25T03:00:33.000Z, RT @micainargentina: todes somos ángela torres con tomás fonzi https://t.co/dy3MqKp2l4
1485811826608640001, 1450516182499528707, 2022-01-25T03:08:39.000Z, RT @micainargentina: todes somos ángela torres con tomás fonzi https://t.co/dy3MqKp2l4
1485813423665553408, 1403064259597246467, 2022-01-25T03:14:59.000Z, RT @micainargentina: todes somos ángela torres con tomás fonzi https://t.co/dy3MqKp2l4
1485814383208980484, 1344518109898678273, 2022-01-25T03:18:48.000Z, RT @micainargentina: todes somos ángela torres con tomás fonzi https://t.co/dy3MqKp2l4
1485814888068964353, 1331303226818383877, 2022-01-25T03:20:49.000Z, RT @micainargentina: todes somos ángela torres con tomás fonzi https://t.co/dy3MqKp2l4
1485914723703005186, 1555506865, 2022-01-25T09:57:31.000Z, La espléndida madurez de un #poeta esencial: PROXIMIDAD POR RESTABLECER, Tomás Torres Larumbe.https://t.co/00QVYxqtwk … https://t.co/SoBgJnRNFl
1485991763777097731, 1434643772764303364, 2022-01-25T15:03:39.000Z, Masculino: Ángel Granda, Jorge Aranzueque, Tomás Vieito, Fernando Lamadrid y Jose Luis Boronat.  Femenino: Blanca Manchón, Pilar Lamadrid, Andrea Torres y Nicole van der Velden.
1485992032975921159, 766880503, 2022-01-25T15:04:43.000Z, tomas torres y dylan https://t.co/22abWXmlIb
1486054338204250112, 34038417, 2022-01-25T19:12:18.000Z, Podcast Dígame La Verdad @MillyMendezpr   -@JuanZaragozaPR -Tomás Torres Placa Representante Consumidores @AEEONLINE -Julián Herencia Dir.Ejec.Asociación Productores Energía Renovable -Víctor Bonilla @amprnet -Panel Político con @JoseAponte51 @dennismarquezpip y @ramonluisnieves https://t.co/flqUpsIj7H
1486058303645958149, 1356740162366164992, 2022-01-25T19:28:03.000Z, ⛵️IQ Foil International Games 2022, Lanzarote🇪🇸  Resultados 1er día de regatas: -♂️ Ángel Granada 32º Fernando Lamadrid 35º Tomás Vieito 40º Jorge Aaranzueque 48º  -♀️ Pilar Lamadrid 1ª🥇 Andrea Torres 16ª Blanca Manchón 19ª Nicole Van der Velden 31ª https://t.co/iZsoAG8SM5
1486064207988678663, 34038417, 2022-01-25T19:51:31.000Z, El Director Ejecutivo de la Asociación de Productores de Energía Renovable de PR,Julián Herencia,aseguró en entrevista con @MillyMendezpr que la Junta de Gobierno de la @AEEONLINE y Tomás Torres Placa,son responsables de los atrasos de los proyectos de energía renovable. https://t.co/wq73OOSn3Z
1486073422727860228, 36951270, 2022-01-25T20:28:08.000Z, RT @falsafa1126: Comparto esta reseña que hiciera Tomás Torres López:  'Reseña: Rodrigo Karmy, “El porvenir se hereda: fragmentos de un Chi…
1486074516283527173, 245290633, 2022-01-25T20:32:29.000Z, #Vela IQFoil International Games Tras 5 regatas, Pilar @PiLamadrid12 sigue con pleno de victorias y Andrea Torres baja al 15º  Los chicos tras 5 regatas Ángel Granda retrocede al 32º, Fernando Lamadrid 35° y Tomas Vieito bajó de 12° a 40° al tener algún problema en las 2 últimas
1486169308074070018, 369803144, 2022-01-26T02:49:09.000Z, Mi abuelo me enseñó una foto de él (izquierda de la imagen), era el año 1946, junto a su amigo Tomás Chávez..  Arturo Torres "El Arthur" que así le decían.. https://t.co/VJps1jGHJc
1486192356147621891, 1287265164, 2022-01-26T04:20:44.000Z, RT @gimnasiaoficial: ⚽️🐺🌞 Se viene el cuarto amistoso de pretemporada.  Tomas Durso, Guillermo Enrique, Bruno Palazzo, Oscar Piris, Matías…
1486270434333057026, 1196152469534982145, 2022-01-26T09:30:59.000Z, Pere Palou Calvó "Patxalon Petit" (CNT), Josep Palou Masachs, Josep Pere Tomàs de Can Joani (CNT), Benet Puigdefàbregas Soler, Joan Ramon Falgà de Can Trop (CNT), Justiniano Ruiz de Can Fusta, Joaquim Torres Sunyol i Pere Vallcorba Guasch.
1486274163291664389, 1555506865, 2022-01-26T09:45:48.000Z, La espléndida madurez de un #poeta esencial: PROXIMIDAD POR RESTABLECER, Tomás Torres Larumbe.https://t.co/00QVYxqtwk … https://t.co/SoBgJnRNFl
1486329771483189250, 73385384, 2022-01-26T13:26:46.000Z, Caroe, Tomás y Buffy andarán en las Torres del paine wn -_-
1486411157099454474, 4227254114, 2022-01-26T18:50:10.000Z, RT @TORRESrobe: Mi abuelo me enseñó una foto de él (izquierda de la imagen), era el año 1946, junto a su amigo Tomás Chávez..  Arturo Torre…
1486416398041690112, 1356740162366164992, 2022-01-26T19:11:00.000Z, ⛵️IQFoil International Games 2022, Lanzarote🇪🇸  ❓🌬️No hubo viento hoy = No regatas  Repaso resultados 1er día: ♂️ Ángel Granada 32º Fernando Lamadrid 35º Tomás Vieito 40º Jorge Aaranzueque 48º  ♀️ Pilar Lamadrid 1ª🥇 Andrea Torres 15ª Blanca Manchón 29ª Nicole Van der Velden 31ª
1486429596740431880, 350773694, 2022-01-26T20:03:27.000Z, Tomas Campos, Daniel Crespo, Fernando Adrián, Javier Jiménez, David Galván, Ángel Jiménez, Jorge Isiegas, Adrián de Torres, Borja Jiménez, Angel Sánchez, Damián Castaño, Tomás Ángulo, Diego San Román, Sergio Serrano y algunos más que me dejo. De ahí saldría la feria normalmente
1486429932960075778, 458336683, 2022-01-26T20:04:47.000Z, #OKLiga #LiceoLleida  🕐 COMEZA o partido! Quintetos iniciais:  🥅 #DeportivoLiceo: C. Grau; Dava Torres, M. Grau, À. Rodríguez e R. Di Benedetto.  🥅 @LleidaLlista: Martí Serra; B. Di Benedetto, Cañellas, Tomàs e Folguera.  🎥 STREAMING de @hockeyglobal: https://t.co/4gex3LUPaY
1486454603998654464, 788436874385760257, 2022-01-26T21:42:49.000Z, Recorrimos las Colonias Simón Torres y Tomas Yarringtón de #CdVictoria casa por casa con #UnGobiernoCercaDeTi, para llevarles apoyos a las familias de este sector, como cobijas, dotaciones alimentarias, suplementos alimenticios, leche y pañales para bebé, dulces, juguetes @gobtam https://t.co/AlTNQtOb2u
1486454919636865025, 783085887101874176, 2022-01-26T21:44:04.000Z, RT @dif_tam: Recorrimos las Colonias Simón Torres y Tomas Yarringtón de #CdVictoria casa por casa con #UnGobiernoCercaDeTi, para llevarles…
1486460528469938182, 1312086874467565568, 2022-01-26T22:06:21.000Z, RT @memoria_parets: Pere Palou Calvó "Patxalon Petit" (CNT), Josep Palou Masachs, Josep Pere Tomàs de Can Joani (CNT), Benet Puigdefàbregas…
1486460802773262342, 2942592240, 2022-01-26T22:07:27.000Z, RT @TORRESrobe: Mi abuelo me enseñó una foto de él (izquierda de la imagen), era el año 1946, junto a su amigo Tomás Chávez..  Arturo Torre…
1486461643949318145, 946203302, 2022-01-26T22:10:47.000Z, RT @sergiomoreno16: Tomas Campos, Daniel Crespo, Fernando Adrián, Javier Jiménez, David Galván, Ángel Jiménez, Jorge Isiegas, Adrián de Tor…
1486474420139003907, 1886602513, 2022-01-26T23:01:33.000Z, RT @dif_tam: Recorrimos las Colonias Simón Torres y Tomas Yarringtón de #CdVictoria casa por casa con #UnGobiernoCercaDeTi, para llevarles…
1486495936310177794, 1389029386544877569, 2022-01-27T00:27:03.000Z, RT @micainargentina: todes somos ángela torres con tomás fonzi https://t.co/dy3MqKp2l4
1486502732190076938, 1364309412848889857, 2022-01-27T00:54:03.000Z, RT @dif_tam: Recorrimos las Colonias Simón Torres y Tomas Yarringtón de #CdVictoria casa por casa con #UnGobiernoCercaDeTi, para llevarles…
1486503191499923458, 1441196586390855682, 2022-01-27T00:55:53.000Z, @Tomas_izq UUffff...tamos "al otro lado entonces"  IMPUNILANDIA nos dicen en latinoamérica, debe ser por el Hogar de Cristo o las Torres de Paine
1486512564439851008, 167437490, 2022-01-27T01:33:08.000Z, RT @dif_tam: Recorrimos las Colonias Simón Torres y Tomas Yarringtón de #CdVictoria casa por casa con #UnGobiernoCercaDeTi, para llevarles…
1486526723063701507, 1257334954486378499, 2022-01-27T02:29:23.000Z, RT @dif_tam: Recorrimos las Colonias Simón Torres y Tomas Yarringtón de #CdVictoria casa por casa con #UnGobiernoCercaDeTi, para llevarles…
1486532032658296834, 1163527764672167936, 2022-01-27T02:50:29.000Z, RT @dif_tam: Recorrimos las Colonias Simón Torres y Tomas Yarringtón de #CdVictoria casa por casa con #UnGobiernoCercaDeTi, para llevarles…
1486557314857549826, 238004583, 2022-01-27T04:30:57.000Z, RT @dif_tam: Recorrimos las Colonias Simón Torres y Tomas Yarringtón de #CdVictoria casa por casa con #UnGobiernoCercaDeTi, para llevarles…
1486557676448460806, 124949093, 2022-01-27T04:32:23.000Z, RT @dif_tam: Recorrimos las Colonias Simón Torres y Tomas Yarringtón de #CdVictoria casa por casa con #UnGobiernoCercaDeTi, para llevarles…
1486636288195317764, 1555506865, 2022-01-27T09:44:46.000Z, La espléndida madurez de un #poeta esencial: PROXIMIDAD POR RESTABLECER, Tomás Torres Larumbe.https://t.co/00QVYxqtwk … https://t.co/SoBgJnRNFl
1486704315150618633, 757176485451014144, 2022-01-27T14:15:05.000Z, @CopaChenel @carmelolopezm @jfmardomingo @GonIzdoBienve @ondamadrid Daniel Crespo Diego Carretero Tomás Campos Alejandro Marcos Jorge Isiegas Angel Jiménez Ángel Sánchez Javier Jiménez Fco José Espada  Sebastián Ritter Angel Téllez Miguel Angel Pacheco Gómez del Pilar  Calita David de Miranda Fernando Adrián  Adrián de Torres El Rafi
1486844641638977536, 905179952915599361, 2022-01-27T23:32:41.000Z, RT @dif_tam: Recorrimos las Colonias Simón Torres y Tomas Yarringtón de #CdVictoria casa por casa con #UnGobiernoCercaDeTi, para llevarles…
1486881813746311173, 790920450473766917, 2022-01-28T02:00:23.000Z, RT @dif_tam: Recorrimos las Colonias Simón Torres y Tomas Yarringtón de #CdVictoria casa por casa con #UnGobiernoCercaDeTi, para llevarles…
1487004615170306051, 1555506865, 2022-01-28T10:08:22.000Z, La espléndida madurez de un #poeta esencial: PROXIMIDAD POR RESTABLECER, Tomás Torres Larumbe.https://t.co/00QVYxqtwk … https://t.co/SoBgJnRNFl
1487004938186207238, 983125937012256769, 2022-01-28T10:09:39.000Z, @French4Us @Ricardo_cool1 https://t.co/99C5o6Bvha Fernando Torres and Tomás López.
1487036696734715904, 2369498509, 2022-01-28T12:15:50.000Z, NOW LIVE Acto académico Santo Tomás de Aquino 2022 @uniovi_info Tras conferencia Luis Rodríguez-Ovejero @satec_es Andrea G. Torres @andreagarto recibe Premio Extraordinario Doctorado. Directora @mar_corti @fyluniovi @musicologyspain @jamasturias @Musicologiasred @UA_Universidad https://t.co/o8aCyOUl0m
1487036739160100864, 2279255768, 2022-01-28T12:16:01.000Z, #Denuncia #MarielSuarez Tomás Malerba "Hay dos denuncias contra la doctora Suárez, por mal desempeño en su función como jueza. Una fue ingresada por el Senador Ignacio Torres y la familia del policía Roberts"
1487044196930408453, 2279686003, 2022-01-28T12:45:39.000Z, RT @RamonSobrino1: NOW LIVE Acto académico Santo Tomás de Aquino 2022 @uniovi_info Tras conferencia Luis Rodríguez-Ovejero @satec_es Andrea…
1487063323497709571, 544158667, 2022-01-28T14:01:39.000Z, RT @RamonSobrino1: NOW LIVE Acto académico Santo Tomás de Aquino 2022 @uniovi_info Tras conferencia Luis Rodríguez-Ovejero @satec_es Andrea…
1487071511496306693, 2729908174, 2022-01-28T14:34:11.000Z, RT @RamonSobrino1: NOW LIVE Acto académico Santo Tomás de Aquino 2022 @uniovi_info Tras conferencia Luis Rodríguez-Ovejero @satec_es Andrea…
1487081608842723330, 1044311696, 2022-01-28T15:14:18.000Z, RT @RamonSobrino1: NOW LIVE Acto académico Santo Tomás de Aquino 2022 @uniovi_info Tras conferencia Luis Rodríguez-Ovejero @satec_es Andrea…
1487116722704420867, 1271534117876895746, 2022-01-28T17:33:50.000Z, RT @dif_tam: Recorrimos las Colonias Simón Torres y Tomas Yarringtón de #CdVictoria casa por casa con #UnGobiernoCercaDeTi, para llevarles…
1487208026461384704, 2536695988, 2022-01-28T23:36:39.000Z, RT @memoria_parets: Pere Palou Calvó "Patxalon Petit" (CNT), Josep Palou Masachs, Josep Pere Tomàs de Can Joani (CNT), Benet Puigdefàbregas…
1487219292806471680, 1479531976684191747, 2022-01-29T00:21:25.000Z, @PalmieriXime Calienta agua en una tasa y le hechas te de gengibre y le exprimes un limon y dejas la cáscara, ya tibio lo tomas en ayunas todos los días, si quieres una cucharada de miel. El té de gengibre lo venden en las Torres y CONFÍA en El.
1487292332747603968, 3011131312, 2022-01-29T05:11:39.000Z, [29/1 02:09] micaela torres: la extraño [29/1 02:10] Cami: Lunes la mando una semana allá [29/1 02:10] Cami: No te preocupes [29/1 02:10] micaela torres: te doy la mano me tomas el hombro [29/1 02:10] micaela torres: así no pue  @Caamilamerlo no la extraño más jajajajjajajajaj
1487356844821516297, 784421263779430400, 2022-01-29T09:28:00.000Z, ♻️Hui també reciclem! Trobaràs, fins a les 14h, els #ecoparcs mòbils🚛 de @ValenciaNetaVLC i l'@EmtreEntitat a⤵️  📍C/ #SantMarcel·lí - Av. Dr.Tomàs Sala 📍C/ Menorca - Pintor Maella #PenyaRoja 📍Passeig Marítim #Cabanyal 📍C/ Santa Genoveva Torres - Arquitecte Tolsà #SantLlorenç https://t.co/3F83rnTxSm
1487362407278256128, 107687219, 2022-01-29T09:50:06.000Z, RT @AjuntamentVLC: ♻️Hui també reciclem! Trobaràs, fins a les 14h, els #ecoparcs mòbils🚛 de @ValenciaNetaVLC i l'@EmtreEntitat a⤵️  📍C/ #Sa…
1487421865077489671, 118056286, 2022-01-29T13:46:22.000Z, ⚽️🐺 ¡Se viene el segundo partido!  Así formamos: Tomás Durso; Alexis Steimbach, Bruno Palazzo, Gonzalo González, Matías Bazzi; Ignacio Miramón, Emanuel Cecchini; Franco Torres, Manuel Insaurralde, Benjamín Domínguez; y Eric Ramírez.   #AguanteGimnasia 🇫🇮
1487422573520592899, 1281021362, 2022-01-29T13:49:11.000Z, #CGE #GELP #FITBOL⚽  ⚽️🐺 ¡Se viene el segundo partido!  Así formamos: Tomás Durso; Alexis Steimbach, Bruno Palazzo, Gonzalo González, Matías Bazzi; Ignacio Miramón, Emanuel Cecchini; Franco Torres, Manuel Insaurralde, Benjamín Domínguez; y Eric Ramírez.   #AguanteGimnasia 🇫🇮
1487451777742028806, 125751763, 2022-01-29T15:45:13.000Z, 19:30 horas - Obra de danza: “Material Suficiente”, de José Tomás Torres, que nos invita a reflexionar sobre el cuerpo más allá de lo físico, mostrando un aspecto ideológico, social, político y sensible de este. 🍂  Inscríbete en: https://t.co/Sco17iqTxL https://t.co/tZqVYB2yaR
1487465586519003136, 450201831, 2022-01-29T16:40:06.000Z, RT @gimnasiaoficial: ⚽️🐺 ¡Se viene el segundo partido!  Así formamos: Tomás Durso; Alexis Steimbach, Bruno Palazzo, Gonzalo González, Matía…
1487489078794805255, 1479322027366440963, 2022-01-29T18:13:27.000Z, RT @Fer_Max_Torres: @Dfamiliaysalud El problema es que las leyes actuales de Argentina tomas discutir o incluso no hablarse, como violencia…
1487490827748261892, 258663846, 2022-01-29T18:20:24.000Z, @AndhyPlant @GMonroyEnergy @Abril_More @Pablo_Arreola @curi_torres @vicfc7 @GCorreaCabrera Al país sin control y lo peor,no genera cosas útiles a futuro. Sería largo de explicar,pero es un posicionamiento ideológico donde no ofrece sustento sino conjeturas sin base. No es un análisis y lo puedes comprobar si te tomas el tiempo de investigar.
1487525460565184515, 1366434425064607745, 2022-01-29T20:38:01.000Z, RT @dif_tam: Recorrimos las Colonias Simón Torres y Tomas Yarringtón de #CdVictoria casa por casa con #UnGobiernoCercaDeTi, para llevarles…
1487536339650183170, 1054914901691387904, 2022-01-29T21:21:15.000Z, 60' Trejo, Jennings, and Mahala up top now. Christian Torres, Frank Daroma and Jorge Almaguer in the middle. Alex Villanueva, Mamadou, Leone, and Quezada in the back. Tomas Romero in goal.
1487610423616569345, 1266418362944557057, 2022-01-30T02:15:38.000Z, Nombre: Tomás. Apellido: Torres. Animal: Tiburón. Cosa: Teléfono. Color: Turquesa. Pueblo/País: Torreón. Fruta/Vegetal: Tomate. https://t.co/W4wOqy3OoJ
1487887129095016448, 1260933475533643777, 2022-01-30T20:35:09.000Z, RT @gayasstomouth: Joey Pele, Fernando Torres and Rafael Carreras fuck Tomas Lopez, load his ass up with cum and suck each other's cocks st…
1487921358856237062, 1438581474886885383, 2022-01-30T22:51:10.000Z, @torres_xavier @EconoMetal Solo los nacos toman con popote, también el arroz te lo tomas así? Que asco de nacada estás tomando. Quieres respeto, respeta. Por cierto provecho y que Dios te bendiga.
1487925171256274950, 492463075, 2022-01-30T23:06:19.000Z, ⚽ #Fútbol #RegionalAmateur  El once de Liniers:  1️⃣ Lucas Partal 2️⃣ Maximiliano Tormann 3️⃣ Nicolás Benavídez  4️⃣ Axel Lischeske 5️⃣ Franco Lefinir 6️⃣ Mauro Martínez 7️⃣ Lautaro Cerato 8️⃣ Gonzalo Barez 9️⃣ Mariano Mc Coubrey 1️⃣0️⃣ Tomás Onorio 1️⃣1️⃣ Matías Soto Torres  #VamosChivo🐐
1487925355788832768, 191812705, 2022-01-30T23:07:03.000Z, RT @CALiniers: ⚽ #Fútbol #RegionalAmateur  El once de Liniers:  1️⃣ Lucas Partal 2️⃣ Maximiliano Tormann 3️⃣ Nicolás Benavídez  4️⃣ Axel Li…
1487925427616174080, 326456522, 2022-01-30T23:07:20.000Z, RT @CALiniers: ⚽ #Fútbol #RegionalAmateur  El once de Liniers:  1️⃣ Lucas Partal 2️⃣ Maximiliano Tormann 3️⃣ Nicolás Benavídez  4️⃣ Axel Li…
1487940958121517062, 710832089663283200, 2022-01-31T00:09:03.000Z, @torres_xavier @Cinthya_Liz24 Dices que #Avon son mugres de pésima calidad y tomas “Bacacho”.   El chiste se cuenta sólo.
1487978929436577792, 817443889334382592, 2022-01-31T02:39:56.000Z, @laredcincoradio Cuando salen del parque paseo del río atoyac que esta en avenida las torres van en sentido contrario y si les tomas el tlaxon te hacen señas obscenas, además no tanto pelean sus ciclopistas, entonces xq cerrar calles afectando la movilidad
1487979815235850241, 1215808363566632961, 2022-01-31T02:43:27.000Z, @tomas_galfre @Torres_Erwerle Jajsjdjdjajajs
1487981212916338690, 1305031023927885826, 2022-01-31T02:49:01.000Z, @tomas_galfre @Torres_Erwerle neymar juega al cricket
1487981500997976066, 759055956055556096, 2022-01-31T02:50:09.000Z, @ramagaarcia1 @tomas_galfre @Torres_Erwerle Neymar dice JJAJSJAJS mamita
1487982149433184257, 1487216187490586624, 2022-01-31T02:52:44.000Z, @ramagaarcia1 @tomas_galfre @Torres_Erwerle Neymar tiene la mentalidad de un nene de 15 años por eso no explotó todo su potencial
1487984879916793858, 1449880023054397440, 2022-01-31T03:03:35.000Z, @MotorCABJ @ramagaarcia1 @tomas_galfre @Torres_Erwerle que chota sabes vos sobre la mente de neymar
1487985835475550210, 1487216187490586624, 2022-01-31T03:07:23.000Z, @futbolfalopa_ @ramagaarcia1 @tomas_galfre @Torres_Erwerle Nada pero se sabe que Neymar siempre faltó a partidos para ir a Brasil al cumple de la hermana e ir de carnaval, se fue a estancarse a la liga francesa, no figuró en champions y cuando juega en Brasil es intrascendente, en las difíciles desaparece, muy sobrevalorado
1487987642931105793, 1487216187490586624, 2022-01-31T03:14:34.000Z, @tomas_galfre @ramagaarcia1 @Torres_Erwerle Y justamente eso es muy poco para llegar a la altura de leyenda, para mí está mal rodeado aunque su estilo de vida no ayuda, pudo ser Pelé no tengo dudas
1488005080087293954, 1293965375068135424, 2022-01-31T04:23:51.000Z, @tomas_galfre @Torres_Erwerle 🏦
1488015194710290438, 735054325, 2022-01-31T05:04:03.000Z, RT @AjuntamentVLC: ♻️Hui també reciclem! Trobaràs, fins a les 14h, els #ecoparcs mòbils🚛 de @ValenciaNetaVLC i l'@EmtreEntitat a⤵️  📍C/ #Sa…
1488087663760621570, 1555506865, 2022-01-31T09:52:01.000Z, La espléndida madurez de un #poeta esencial: PROXIMIDAD POR RESTABLECER, Tomás Torres Larumbe.https://t.co/00QVYxqtwk … https://t.co/SoBgJnRNFl
1488094018206584832, 1487216187490586624, 2022-01-31T10:17:16.000Z, @matias_braca @futbolfalopa_ @ramagaarcia1 @tomas_galfre @Torres_Erwerle Si los ví, y perdió la oportunidad de ser una leyenda por su personalidad
1488141145884536834, 236837102, 2022-01-31T13:24:32.000Z, @kenneth_garay no sabía que el PatoDato tenía nada más que 18 años Patotas…. Está en la pubertad puma @barracudo regale una cheyloshik a Patota Torres @Tomas_M_C @FREDDYMONTEJO1 @akademia76 https://t.co/PdSYRBJr8I
1488149489265246214, 1333988655136976896, 2022-01-31T13:57:41.000Z, @tomas_galfre @Torres_Erwerle ?
1488161706052366345, 772281737116200962, 2022-01-31T14:46:14.000Z, @tomas_galfre @Torres_Erwerle Suarez es tenista
1488197428503326723, 1449880023054397440, 2022-01-31T17:08:10.000Z, @MotorCABJ @matias_braca @ramagaarcia1 @tomas_galfre @Torres_Erwerle campeon de la libertadores copa america champions (siendo goleador) 11 titulos en 5 años en el psg,llegando todos los años a instancias finales de champions 1 mundial de clubes 3 copas del rey siendo goleador en una y asi te puedo escribir mil cosas pero no sabes nada,claramente
1488198398155137034, 1487216187490586624, 2022-01-31T17:12:02.000Z, @futbolfalopa_ @matias_braca @ramagaarcia1 @tomas_galfre @Torres_Erwerle No es una leyenda
1488217874560950272, 743953085316366336, 2022-01-31T18:29:25.000Z, @felipelunasi Tomás Andrade (Ex Atlético); Diego Torres (CRB); Elvis (GOI); Marcinho (Novorizontino); e Bruno Sávio (Guarani).
1488243144709705728, 1449880023054397440, 2022-01-31T20:09:50.000Z, @MotorCABJ @matias_braca @ramagaarcia1 @tomas_galfre @Torres_Erwerle bueno pedazo de mononeuronal,fijate despues de 10 años que se retire a ver si no es leyenda pelotudazo
1488246991402450952, 1487216187490586624, 2022-01-31T20:25:07.000Z, @futbolfalopa_ @matias_braca @ramagaarcia1 @tomas_galfre @Torres_Erwerle Ya pasó su oportunidad
1488276298837512198, 1299799846371700738, 2022-01-31T22:21:35.000Z, @Torres_Erwerle tomas Pochettino es un burro
1488276666824626180, 274840412, 2022-01-31T22:23:02.000Z, Si el Edo Caroe y Tomas el amigo están en Torres del Paine y sobreviven, es que nada es imposible weon, ni una weá, nada JAJAJJA
1488285663564865542, 1653725886, 2022-01-31T22:58:47.000Z, @rafarg_22 @TCubeto Jóvenes con futuro: Alejandro Marcos Tomás Campos Ángel Jiménez  Ángel Sánchez Adrián de Torres
1488448180299739138, 1555506865, 2022-02-01T09:44:34.000Z, La espléndida madurez de un #poeta esencial: PROXIMIDAD POR RESTABLECER, Tomás Torres Larumbe.https://t.co/00QVYxqtwk … https://t.co/SoBgJnRNFl
1488689198710337538, 1197279377345667078, 2022-02-02T01:42:18.000Z, @carlosbrazil8 fez proposta por Régis e Diego Torres, então é claro que existe a necessidade de se ter outro meia no elenco até pra comissão técnica.  Tomás Andrade seria uma contração até melhor que ambos, já que foge um pouco das características do Nenê. Me anima demais o nome. https://t.co/dvl1mhiFAL
1488811990894141442, 1555506865, 2022-02-02T09:50:14.000Z, La espléndida madurez de un #poeta esencial: PROXIMIDAD POR RESTABLECER, Tomás Torres Larumbe.https://t.co/00QVYxqtwk … https://t.co/SoBgJnRNFl
1488943025749381130, 1351933214353448961, 2022-02-02T18:30:55.000Z, @samito_torres @medranoazteca @AztecaSiete @AztecaDeportes @martinolimx @GarciaPosti @LRZague @CARLOSLGUERRERO @InesSainzG No tomas nada
1489014800298373120, 40403870, 2022-02-02T23:16:07.000Z, En 2015 platicaba en San Lázaro con el experimentado y decano diputado zacatecano @Tomas_Torres sobre sus expectativas del inicio del periodo ordinario de sesiones. Don Tomás fue el primer Presidente de la Mesa Directiva por el #PVEM Falleció unos meses después el 22 de octubre. https://t.co/3UiiY9cyD6
1489082581236826115, 1427349617092485125, 2022-02-03T03:45:27.000Z, @tulioagomez Tulio por favor no escriban a gustavo torres es un paquete y traiga a tomas andrade porfa
1489169064970829828, 1555506865, 2022-02-03T09:29:07.000Z, La espléndida madurez de un #poeta esencial: PROXIMIDAD POR RESTABLECER, Tomás Torres Larumbe.https://t.co/00QVYxqtwk … https://t.co/SoBgJnRNFl
1489309855068340225, 1481215393532465153, 2022-02-03T18:48:34.000Z, ✅FEMENINO. Profesor Tomás Torres. Coordinador Matías Oliveras. Miércoles y Viernes.  ➡️PRE MINI: 8, 9 y 10 años. 17.30 a 18.30 hs.  ➡️MINI:  11, 12 y 13 años. 18.30 a 19.30 hs  ➡️SUB 16: 14, 15 y 16 años. 15.00 a 16.30 hs  ✅MASCULINO. Profesor Matías Oliveras. Martes y Jueves
1489339677589049350, 1421153355741732864, 2022-02-03T20:47:04.000Z, Me parece bien que las figuras vayan a San Isidro y algunos maten cositas diferentes, pero yo no me olvido de Robleño, de Sánchez Vara, de Fernando Adrián, de Adrián de Torres, de Alberto Pozo, de Pacheco, de Tomás Campos, de Daniel Crespo, ni de Román, entre otros...
1489416052664680452, 1487907167818723342, 2022-02-04T01:50:33.000Z, @ElPetisoArango @AmericadeCali @fcmidtjylland Bien por Ortiz y Andrade. Gracias por la 15.  Y América ? Sólo veo el mismo equipo del 2021 sólo sin ( Gómez , Joao, torres , Andrade , Ortiz ) Y Por que Osorio cambio....pero no veo los REFUERZOS y Daniel Hernández NO VA MAS.   Traigan ese argentino tomas andrada urgente.
1489539806262607873, 1555506865, 2022-02-04T10:02:18.000Z, La espléndida madurez de un #poeta esencial: PROXIMIDAD POR RESTABLECER, Tomás Torres Larumbe.https://t.co/00QVYxqtwk … https://t.co/SoBgJnRNFl
1489573476960993280, 1382194474516877315, 2022-02-04T12:16:06.000Z, @padangatomas @kibulontakon27 @Official_ALAMAT 3. The local artists that I know and present are   Kim karter  Sean and Clyde Ortencio Madnasty  Tomas Paolo Falconite  Joshua  Eian Bryle  Gary Joe  RedRed and Chan  Rock Opong Kenneth Torres
1489592477455638530, 118056286, 2022-02-04T13:31:36.000Z, Ya comienza el segundo partido amistoso vs @BocaJrsOficial   Tomas Durso, Guillermo Enrique, Bruno Palazzo, Oscar Piris, Matías Bazzi, Manuel Insaurralde, Tomás Muro, Lautaro Chávez, Matías Miranda, Franco Torres y Eric Ramirez  ¡Dale Lobo!  🐺👊🏽
1489594311045894144, 537223892, 2022-02-04T13:38:53.000Z, RT @gimnasiaoficial: Ya comienza el segundo partido amistoso vs @BocaJrsOficial   Tomas Durso, Guillermo Enrique, Bruno Palazzo, Oscar Piri…
1489596272260616203, 140987031, 2022-02-04T13:46:41.000Z, RT @gimnasiaoficial: Ya comienza el segundo partido amistoso vs @BocaJrsOficial   Tomas Durso, Guillermo Enrique, Bruno Palazzo, Oscar Piri…
1489597397848236042, 145275477, 2022-02-04T13:51:09.000Z, RT @gimnasiaoficial: Ya comienza el segundo partido amistoso vs @BocaJrsOficial   Tomas Durso, Guillermo Enrique, Bruno Palazzo, Oscar Piri…
1489637028153200643, 1352035324650790914, 2022-02-04T16:28:38.000Z, 1️⃣ Tomás Pellandino el más veloz en la segunda tanda ➡️ El piloto del Satorra Competición dominó en la previa a la primera clasificación del año ⏱️ 1:29.569 2️⃣ Felipe Bernasconi 3️⃣ Federico Hermida 4️⃣ Enzo Torres 5️⃣ Luciano Martínez ⏰ 18.20hs Clasificación https://t.co/pilL65E1Z4
1489736525604552704, 1038749757722775552, 2022-02-04T23:04:00.000Z, Gran clasificación de los debutantes Simon Volpi, Emiliano Puerto, Tomas Granzella y Maximo Evans. La cara del Toto Torres cuando se bajo del auto era de micha decepción porque estaba para más.  Bernasconi y Pellandino son cosa seria. https://t.co/IAoFtznZJj
1489782240875851786, 2937243347, 2022-02-05T02:05:39.000Z, RT @eddya_torres: @islademiencanto Tu no tomas leche los únicos animales q toman leche después d viejos son los humanos yo le doy leche al…
1489828528082272259, 966394341748068353, 2022-02-05T05:09:35.000Z, @fernandocollaor @RocknRollantn Eso son los hoteles lujosos que bordean las torres del paine.  Si se puede hacer turismo, quédate en puerto natales, arrienda auto o consigue un tour.  Si tomas como referencia los hoteles de lujo dentro del parque obviamente nunca podras hacer turismo
1489942340454293512, 124244607, 2022-02-05T12:41:50.000Z, RESISTENCIA: Rhuan dos Santos; Iván Paniagua, Óscar Brizuela, Jorge González y Wildo Alonso; Tomás Rojas, Jesús Araújo, Fernando Garcete y Matías Duffard; Rodrigo Ruiz Díaz y Diego Martínez. DT: Roberto Torres.
1489946587564412929, 1038749757722775552, 2022-02-05T12:58:43.000Z, Algunos de los que aceleran poco. Tremendo como van los wachines. Felipe Bernasconi Tomas Pellandino Toto Torres Juampi Guiffrey https://t.co/uZGyy4BOkG
1489951265346015240, 1103341873807196166, 2022-02-05T13:17:18.000Z, RT @waybig: Banging Tomas Lopez (@ttomaslopezxxx, @joeypele, @nandotorresxxx, @RAFAELCARERAS) http://t.co/UKyQ7Q88Tl @LucasEnt http://t.co/…
1489951842486341634, 1103341873807196166, 2022-02-05T13:19:35.000Z, RT @QueerMeNow: Tomas Lopez GANGBANGED by @joeypele Fernando Torres @RAFAELCARERAS at @MichaelLucasNYC -- http://t.co/bBzHpzKDRF http://t.c…
1489957012146307075, 1038749757722775552, 2022-02-05T13:40:08.000Z, Esta intratable. Pole position nuevamente para Tomas Pellandino para la carrera del domingo de la Formula 3 Metropolitana. Federico Hermida, Juampi Guiffrey, Bautista Oliva y el Toto Torres completaron los 5.  15:10 1er carrera. https://t.co/Xb10USxlFu
1489964218409435138, 1352035324650790914, 2022-02-05T14:08:46.000Z, 🚀Tomás Pellandino logró la "pole" para la carrera dominical. ✅Segunda consecutiva para el piloto del Satorra Competición.  ⏱️ 1m29s662 2⃣Federico Hermida 3⃣Juan Pablo Guiffrey 4⃣Bautista Oliva 5⃣Enzo Torres 🕒A las 15 se larga la final 📺La mirás por https://t.co/UXr4gRGiL5 https://t.co/FslFOryd8w
1490012934659055620, 1424578333799591937, 2022-02-05T17:22:21.000Z, RT @newells_info74: LOS PIBES SE COPAN!!  La lista que representarán a #Newells en la Conmebol Libertadores Sub-20 que se disputará en Ecua…
1490050419850190851, 1154389520281939968, 2022-02-05T19:51:18.000Z, @Batallitass arribada al destino pudo averiguar quién era el culpable, lo puso en conocimiento del oficial encargado de la sumaria, quien ordenó fuera apresado Tomás Torres, conocedor el comandante de la inocencia el mismo 28 de diciembre ordenó formar en cubierta a toda la dotación y puso en
1490051625762705409, 757970473036775424, 2022-02-05T19:56:06.000Z, 🧤 Bautista Burke y Juan Ignacio Peralta resguardarán el arco 🥅  🛡️ La defensa contará con Valentín Benítez, Tomás Torres, Dino Andreozzi, Tomás Berardozzi, Uriel Erazu y Lucio Urquia. https://t.co/PfJeAxmfT1
1490052510786150405, 1424578333799591937, 2022-02-05T19:59:37.000Z, RT @NewellsJuvenil: 🧤 Bautista Burke y Juan Ignacio Peralta resguardarán el arco 🥅  🛡️ La defensa contará con Valentín Benítez, Tomás Torre…
1490056000845623302, 157349637, 2022-02-05T20:13:29.000Z, RT @NewellsJuvenil: 🧤 Bautista Burke y Juan Ignacio Peralta resguardarán el arco 🥅  🛡️ La defensa contará con Valentín Benítez, Tomás Torre…
1490058615805251584, 2318746396, 2022-02-05T20:23:52.000Z, RT @NewellsJuvenil: 🧤 Bautista Burke y Juan Ignacio Peralta resguardarán el arco 🥅  🛡️ La defensa contará con Valentín Benítez, Tomás Torre…
1490065037297438722, 1436680440828645380, 2022-02-05T20:49:23.000Z, nombre: Tomás apellido: torres color: turquesa país(cuidad o distrito): Tolima animal tortuga objeto: tetero https://t.co/96TZI5fZfu
1490072994944888835, 2937243347, 2022-02-05T21:21:00.000Z, RT @eddya_torres: @Ericpr40 Todos son lo mismo, ver a fortuño refutando lo d los maestros un Tomas Rivera Schatz  jhonny mendez otra mierda…
1490292245219655680, 4031209886, 2022-02-06T11:52:14.000Z, RT @waybig: Banging Tomas Lopez (@ttomaslopezxxx, @joeypele, @nandotorresxxx, @RAFAELCARERAS) http://t.co/UKyQ7Q88Tl @LucasEnt http://t.co/…
1490356221643264004, 329429111, 2022-02-06T16:06:27.000Z, @OpinionEscobar Es que si tomas de ejemplo a Álvaro Torres no estás en nada man… estos asesores súper dotados 🥵
1490450743240929284, 1213111068374880256, 2022-02-06T22:22:03.000Z, Facto interessante: esta torre do departamento de engenharia da Universidade de Leicester, de James Stirling, foi uma das inspirações para Tomás Taveira criar (no atelier Conceição Silva, 1960s) as Torres de Alfragide, um dos poucos projetos tardo-brutalistas que Portugal teve https://t.co/Xr5Kssi6FD
1490464535446237188, 492463075, 2022-02-06T23:16:51.000Z, ⚽ #Fútbol #RegionalAmateur  Los titulares de Liniers:  1️⃣ Lucas Partal 2️⃣ Julián Taverna 3️⃣ Manuel Cutrín 4️⃣ Boris Herrera 5️⃣ Franco Lefinir 6️⃣ Mauro Martínez 7️⃣ Diego Romero 8️⃣ Gonzalo Barez 9️⃣ Lautaro Cerato 1️⃣0️⃣ Tomás Onorio 1️⃣1️⃣ Matías Soto Torres  #VamosChivo🐐
1490464753780768780, 191812705, 2022-02-06T23:17:43.000Z, RT @CALiniers: ⚽ #Fútbol #RegionalAmateur  Los titulares de Liniers:  1️⃣ Lucas Partal 2️⃣ Julián Taverna 3️⃣ Manuel Cutrín 4️⃣ Boris Herre…
1490466497105436684, 326456522, 2022-02-06T23:24:39.000Z, RT @CALiniers: ⚽ #Fútbol #RegionalAmateur  Los titulares de Liniers:  1️⃣ Lucas Partal 2️⃣ Julián Taverna 3️⃣ Manuel Cutrín 4️⃣ Boris Herre…
1490476378847952897, 66767417, 2022-02-07T00:03:55.000Z, A veces siento que mi vida tiene comentarios en off como en una novela, la voz sería de Tomás Henríquez o de Porfirio Torres...  "y ella sabía que no iba a conseguir nada allí, pero la muy pendeja seguía intentándolo"  (me estoy volviendo loca) (más loca) 🙃
1490490297775759361, 4228146378, 2022-02-07T00:59:13.000Z, @FabricioHN1 @Lredondo sugiero que se le cambie el nombre al estadio de Goascorán, V. De llamarse E. Tomás Zambrano a Llamarse E. José María Torres D.E.P quién fue una persona de los talentos de la música de Goascorán y ex director de la banda de Goascorán y creador.
1490502613690945539, 1189421575109599232, 2022-02-07T01:48:09.000Z, ricardo "pinto" gonçalves, joão torres, timóteo dragao, damião wilson, estephany barros, cassandra castro, bárbara gomes, durval tomás https://t.co/sBdhOmypJq
1490508705292505093, 148475261, 2022-02-07T02:12:22.000Z, RT @VICKYZOE: A veces siento que mi vida tiene comentarios en off como en una novela, la voz sería de Tomás Henríquez o de Porfirio Torres.…
1490516103545733123, 505076949, 2022-02-07T02:41:46.000Z, Espectaculares tomas de una familia de delfines la tarde del domingo en la bahía de Santos Guardiola en Roatán, Islas de la Bahía, nuestro compañero Rigoberto Torres nos comparte esta imágenes https://t.co/ymxWOhTWwj
1490517329888829442, 1291972833564819464, 2022-02-07T02:46:38.000Z, RT @HCHTelevDigital: Espectaculares tomas de una familia de delfines la tarde del domingo en la bahía de Santos Guardiola en Roatán, Islas…
1490523054199513089, 1317919330747748355, 2022-02-07T03:09:23.000Z, RT @HCHTelevDigital: Espectaculares tomas de una familia de delfines la tarde del domingo en la bahía de Santos Guardiola en Roatán, Islas…
1490605465432211457, 142454213, 2022-02-07T08:36:51.000Z, RT @VICKYZOE: A veces siento que mi vida tiene comentarios en off como en una novela, la voz sería de Tomás Henríquez o de Porfirio Torres.…
1490628913743151113, 1555506865, 2022-02-07T10:10:02.000Z, La espléndida madurez de un #poeta esencial: PROXIMIDAD POR RESTABLECER, Tomás Torres Larumbe.https://t.co/00QVYxqtwk … https://t.co/SoBgJnRNFl
1490691145118191623, 138608019, 2022-02-07T14:17:19.000Z, RT @VICKYZOE: A veces siento que mi vida tiene comentarios en off como en una novela, la voz sería de Tomás Henríquez o de Porfirio Torres.…
1490715037144657920, 2243283366, 2022-02-07T15:52:15.000Z, Hay antecedentes del concepto en la Política de Aristóteles y en santo Tomás de Aquino, a quien, paradójicamente, citó Camilo Torres Restrepo, al justificar el recurso revolucionario a la violencia, recurriendo a argumentos de autoridad. https://t.co/mG2U3d2WFi
1490761955681972228, 825098594642440194, 2022-02-07T18:58:41.000Z, RT @tamayadas_1977: @Batallitass arribada al destino pudo averiguar quién era el culpable, lo puso en conocimiento del oficial encargado de…
1490792722352988167, 72412137, 2022-02-07T21:00:57.000Z, @Joaquingz_ @askomartin Una de las torres hasta tenía el logo de los JJOO y lo usaron de fondo paeea las tomas de repetición de lso saltos.
1490796459985448962, 1391872462384779266, 2022-02-07T21:15:48.000Z, @f__moncada @AtlasFC No seas irrespetuoso. Si es el mejor, pero el Pistache Torres, Ricardo Lavolpe, Che Valdatti, Tomás Boy y Juan Carlos Chávez tienen su lugar
1490797126921637899, 751964110330273792, 2022-02-07T21:18:27.000Z, RT @pieldezorromx: @f__moncada @AtlasFC No seas irrespetuoso. Si es el mejor, pero el Pistache Torres, Ricardo Lavolpe, Che Valdatti, Tomás…
1490806890187661319, 701810150273916930, 2022-02-07T21:57:15.000Z, No Newell's Old Boys é inegável os talentos de Lisandro Pola, Contrera, Genaro Rossi e Alan Maciel talvez os de melhor projeção e desempenho. Valores. Muito olho no GOL Burke. Vale destaque: Beradozzi, Ivan Prefacio, Tomás Torres, Sartori. #LibertadoresSub20
1490815048608100359, 1469161962978398209, 2022-02-07T22:29:40.000Z, Nombre: Tomas  Apellido: Torres  Color: Turquesa  Flor/fruto: Tomate  Ciudad/país: Texas  Canción:Todo de ti  Cosa: Tabla https://t.co/xL4HMzL9JF
1490873455851769856, 555855717, 2022-02-08T02:21:45.000Z, @JornadaPerfecta Raúl de Tomás o Ferrán Torres?
1490893937585704960, 1100759270239408128, 2022-02-08T03:43:08.000Z, @mariojose25 @alejoguzman12 @Gonzalo44564179 @LassoGuillermo @PoliciaEcuador Tomás Moreno Torres será recordado como una víctima de la delincuencia, de las mafias que gobiernan este país que cada vez se hunde más, aquí no hay justicia, conciencia ni condescendencia con una persona que siempre trabajó de manera honrada, con la frente en alto y así como el
1490928714607067138, 321733091, 2022-02-08T06:01:20.000Z, RT @GurumendiMichel: @mariojose25 @alejoguzman12 @Gonzalo44564179 @LassoGuillermo @PoliciaEcuador Tomás Moreno Torres será recordado como u…
1490986405820235778, 1555506865, 2022-02-08T09:50:34.000Z, La espléndida madurez de un #poeta esencial: PROXIMIDAD POR RESTABLECER, Tomás Torres Larumbe.https://t.co/00QVYxr1lS … https://t.co/SoBgJnRNFl
1491034578047635458, 2918886334, 2022-02-08T13:02:00.000Z, @tochoac Buen dia don Tomas! Se que no es el lugar, pero no tengo otra instancia. Mi nombre es Eduardo Torres, soy miembro del comite los Alerces de Con Con. Que pasa con los plazos acordados??
1491155859098984448, 34038417, 2022-02-08T21:03:55.000Z, Podcast de Dígame La Verdad con @MillyMendezpr   -Sybaris Morales Secretaria General @amprnet -Yasmín Ramos Enfermera -@senadorRuiz -Tomás Torres Placa -Carlos Vélez Portavoz Empleados Ciencias Forenses -Panel Político con Ángel Cintrón @ramonluisnieves y @dennismarquezpip https://t.co/qX0EDSrIOm
1491170182416707586, 1120633669239091200, 2022-02-08T22:00:50.000Z, RT @FonsiLoaiza: Tres emprendedores:   - Borja Barrilero. Nieto de Tomás Maestre, magnate turístico del franquismo  - Enrique Gutiérrez-Her…
1491270028347711489, 1478554596847104005, 2022-02-09T04:37:35.000Z, RT @HCHTelevDigital: Espectaculares tomas de una familia de delfines la tarde del domingo en la bahía de Santos Guardiola en Roatán, Islas…
1491349508101664769, 1555506865, 2022-02-09T09:53:25.000Z, La espléndida madurez de un #poeta esencial: PROXIMIDAD POR RESTABLECER, Tomás Torres Larumbe.https://t.co/00QVYxr1lS … https://t.co/SoBgJnRNFl
1491464532291690503, 1375437413124866054, 2022-02-09T17:30:29.000Z, RT @markarloff: • Tomás Yarrington (cifra incalculable).  • Guillermo Padrés (450 millones de pesos).  • Luis Alberto Reynosa (13 millones…
1491484577830821892, 2348623459, 2022-02-09T18:50:08.000Z, Créditos:  Gracias a @jcvisualfx por acompañarnos en este vídeo con sus tomas espectaculares 🙌🏻  Canción: Viajera del Río - Serenata Guayanesa Fotos antiguas: @FundacionMEFRI, Guillermo Mora, Rafael Vivas Vivas, Gerardo Hoogesteyng, Rubén Torres Antequera, Guillermo Toro.
1491531930361344006, 1494209498, 2022-02-09T21:58:18.000Z, RT @SoyPuertoOrdaz: Créditos:  Gracias a @jcvisualfx por acompañarnos en este vídeo con sus tomas espectaculares 🙌🏻  Canción: Viajera del R…
