id, author_id, created_at, text
1006994120634560512, 177772174, 2018-06-13T20:18:02.000Z, ALUMNOS DE SEXTO, TIENEN PENDIENTES EN DIRECCIÓN. FAVOR DE ATENDER.  ADAME SAAVEDRA OMAR ALEJANDRO 602 AGUILAR MAGAÑA MONICA JAZMIN 602 AGUILERA CABELLO JUAN MANUEL 602 ALEJO ALCALA JENIFER LIZBETH 601 ANDRADE... https://t.co/wCazoMjLoO
1007349031696306176, 308727773, 2018-06-14T19:48:19.000Z, El mexicano 🇲🇽 Aldo Magaña es nuevo jugador de @csherediano1921 de Costa Rica 🇨🇷   Será el cuarto jugador para esta temporada junto a Omar Arellano, Antonio Pedroza y Edgar Lugo. https://t.co/8LKASj9lKF
1007351564615462912, 1061752458, 2018-06-14T19:58:23.000Z, RT @AlexxCarZe: El mexicano 🇲🇽 Aldo Magaña es nuevo jugador de @csherediano1921 de Costa Rica 🇨🇷   Será el cuarto jugador para esta tempora…
1007353795989463040, 947207323893751808, 2018-06-14T20:07:15.000Z, RT @AlexxCarZe: El mexicano 🇲🇽 Aldo Magaña es nuevo jugador de @csherediano1921 de Costa Rica 🇨🇷   Será el cuarto jugador para esta tempora…
1007602916134227968, 241783413, 2018-06-15T12:37:10.000Z, Fútbol de Costa Rica 🇨🇷 Herediano anunció a Aldo Magaña como nuevo refuerzo. Con esto el equipo tico completa sus 4 plazas de extranjeros, los cuales son ocupadas por puros mexicanos:  Omar Arellano 🇲🇽 Antonio Pedroza 🇲🇽 Gerardo Lugo 🇲🇽 Aldo Magaña 🇲🇽 https://t.co/MbkiF6kjOI
1007660237208289281, 262775010, 2018-06-15T16:24:56.000Z, RT @AlexxCarZe: El mexicano 🇲🇽 Aldo Magaña es nuevo jugador de @csherediano1921 de Costa Rica 🇨🇷   Será el cuarto jugador para esta tempora…
1008765548140879872, 1001212861912203264, 2018-06-18T17:37:03.000Z, La próxima #CopaDelMundo para México tendrá que ser en #innovación por sus mejores #pymes y #emprendedores · 5 startups que quieren cambiarte la vida: un artículo de Omar Magaña, cofundador de Romani Network, para @VICEenEspanol   https://t.co/t5vMfaJi38 https://t.co/B0ZXhbDbQa
1008770762625277952, 974174466, 2018-06-18T17:57:46.000Z, RT @RomaniNetwork: La próxima #CopaDelMundo para México tendrá que ser en #innovación por sus mejores #pymes y #emprendedores · 5 startups…
1008787949922738176, 151124997, 2018-06-18T19:06:04.000Z, Acá presento 5 #startup capaces de jugar un #MexicoVsAlemania en #innovación · Un artículo de Omar Magaña a.k.a. Roman Magnani para @VICEenEspanol · Salud.   https://t.co/a53wRvu1ns https://t.co/G0Dd7l3PZP
1009531205765750785, 929054279008124929, 2018-06-20T20:19:30.000Z, The #GIHac panel will be moderated by our program director, Roberto Requejo. Jessica Boland from @EsperanzaHealth, Jessica Davenport-Williams from @BLKGrlsBrkBread, Omar Magana from @OpenCenterArts and Mike Tomas from @GPCCouncil will be participating. https://t.co/bx9gCI033V
1009532041946333184, 89537401, 2018-06-20T20:22:49.000Z, RT @elevated_chi: The #GIHac panel will be moderated by our program director, Roberto Requejo. Jessica Boland from @EsperanzaHealth, Jessic…
1009536313253560320, 2573176736, 2018-06-20T20:39:48.000Z, RT @elevated_chi: The #GIHac panel will be moderated by our program director, Roberto Requejo. Jessica Boland from @EsperanzaHealth, Jessic…
1009536371323699202, 929054279008124929, 2018-06-20T20:40:01.000Z, Second #GIHac panel question is for Omar Magana and Jessica Davenport: How are your organizations working with residents, artists and youth to bridge communities across race/ethnicity? What have you learned through your Elevated Chicago work?
1009538367913168896, 929054279008124929, 2018-06-20T20:47:57.000Z, Omar Magana at #GIHac panel: "We try to unify neighborhoods through murals." https://t.co/7kL3F4HnyW
1009540583130652674, 929054279008124929, 2018-06-20T20:56:46.000Z, We now begin our #GIHac walking tour, led by Omar Magana, @danfulwiler from @EsperanzaHealth, and Luis Gutierrez from @latinospro
1009546108719288320, 785198451038584832, 2018-06-20T21:18:43.000Z, RT @elevated_chi: The #GIHac panel will be moderated by our program director, Roberto Requejo. Jessica Boland from @EsperanzaHealth, Jessic…
1009576575912865792, 2338766017, 2018-06-20T23:19:47.000Z, RT @elevated_chi: We now begin our #GIHac walking tour, led by Omar Magana, @danfulwiler from @EsperanzaHealth, and Luis Gutierrez from @la…
1009576593394675713, 2338766017, 2018-06-20T23:19:51.000Z, RT @elevated_chi: Omar Magana at #GIHac panel: "We try to unify neighborhoods through murals." https://t.co/7kL3F4HnyW
1009632080857325569, 2887035269, 2018-06-21T03:00:20.000Z, RT @elevated_chi: The #GIHac panel will be moderated by our program director, Roberto Requejo. Jessica Boland from @EsperanzaHealth, Jessic…
1009632213045075968, 2887035269, 2018-06-21T03:00:52.000Z, RT @elevated_chi: Second #GIHac panel question is for Omar Magana and Jessica Davenport: How are your organizations working with residents,…
1009632228295479297, 2887035269, 2018-06-21T03:00:55.000Z, RT @elevated_chi: Omar Magana at #GIHac panel: "We try to unify neighborhoods through murals." https://t.co/7kL3F4HnyW
1009632299141525505, 2887035269, 2018-06-21T03:01:12.000Z, RT @elevated_chi: We now begin our #GIHac walking tour, led by Omar Magana, @danfulwiler from @EsperanzaHealth, and Luis Gutierrez from @la…
1009655399786610688, 2573176736, 2018-06-21T04:33:00.000Z, RT @elevated_chi: Omar Magana at #GIHac panel: "We try to unify neighborhoods through murals." https://t.co/7kL3F4HnyW
