id, author_id, created_at, text
1180380082503913472, 30476803, 2019-10-05T07:11:56.000Z, Armando Vasquez dios te bendiga hermano https://t.co/3LqOg0hu6X
1180771404406558721, 420426784, 2019-10-06T09:06:55.000Z, “The only limitation is self imposed.” -Armando Vasquez, student at California State University San Marcos #hope #hopebot #bot
1180973232456908800, 1095458060041039872, 2019-10-06T22:28:54.000Z, Los cremas igualaron 0-0 ante Sport Boys, pero mantienen la punta del Torneo Clausura 2019. https://t.co/3qeP1h1L8r
1180978812907134977, 1719603014, 2019-10-06T22:51:05.000Z, RT @liberoperu: Los cremas igualaron 0-0 ante Sport Boys, pero mantienen la punta del Torneo Clausura 2019. https://t.co/3qeP1h1L8r
1181200301753274369, 8962082, 2019-10-07T13:31:12.000Z, @Giank_76M @Universitario @ClubSCristal La información de las suspensiones la saqué de Libero: https://t.co/GwrtLc8YUa
1181204648918695936, 8962082, 2019-10-07T13:48:28.000Z, @shadai1986 @LeydiFernanU @Asoc_TodoporlaU @Universitario Espero confirmes ambas. Me basé en lo que publicó @liberoperu (https://t.co/GwrtLc8YUa)
1181204758562054144, 8962082, 2019-10-07T13:48:54.000Z, @renzo_caro2 @LeydiFernanU @Asoc_TodoporlaU @Universitario Espero sea así. Me he basado en una noticia de @liberoperu (https://t.co/GwrtLc8YUa)
1181228017374367744, 1095458060041039872, 2019-10-07T15:21:20.000Z, Comizzo tendrá un dura 'chamba' para rearmar su equipo debido a que muchos de sus titulares estarán con la @SeleccionPeru.   https://t.co/3qeP1h1L8r
1181356508413665281, 420426784, 2019-10-07T23:51:54.000Z, “The only limitation is self imposed.” -Armando Vasquez, student at California State University San Marcos #hope #hopebot #bot
1181619017724944384, 215346785, 2019-10-08T17:15:01.000Z, Armando mi equipo Universitario para el sábado  Titular: Carvallo - Zevallos, Ramos, Quina, Vásquez - Barreto, Páucar, Guarderas - Cabanillas, A. Osorio, De la Cruz  Alternativas: Zubczuk, G. Rodríguez, Morales, Lavandeira, Correa, Vaca, Olascuaga
1181752871861264384, 420426784, 2019-10-09T02:06:55.000Z, “The only limitation is self imposed.” -Armando Vasquez, student at California State University San Marcos #hope #hopebot #bot
1181975152927612930, 309899123, 2019-10-09T16:50:11.000Z, Armando el once de @Universitario para este sábado vs @ClubSCristal   Carvallo Zevallos, Ramos, Quina, Vásquez  Guarderas, Barreto, De la Cruz Olascuaga, Cabanillas, Osorio.
1182326651033722882, 420426784, 2019-10-10T16:06:54.000Z, “The only limitation is self imposed.” -Armando Vasquez, student at California State University San Marcos #hope #hopebot #bot
1182354570560839680, 79850246, 2019-10-10T17:57:51.000Z, 1a CARRERA BOOMBASTIC, STUD ALMALERO, PREPARADOR ARMANDO LAB., JINETE ALBERTO VASQUEZ, HARAS MATRIARCA @hipodromo_chile @LaHipica https://t.co/89wPbu5tBd
1182354876409503750, 79850246, 2019-10-10T17:59:04.000Z, 1a CARRERA BOOMBASTIC, STUD ALMALERO, PREPARADOR ARMANDO LAB., JINETE ALBERTO VASQUEZ, HARAS MATRIARCA @hipodromo_chile @LaHipica https://t.co/oW4AGdnqR9
1182459301144748038, 772224932776333312, 2019-10-11T00:54:01.000Z, PAINTED BY PERRY broke his Maiden in Race 5 today at Evangeline Downs!  Congrats to the winning connections on a great race💥💥  Painted by Perry Win: $7.80 Place: $5.00 Show: $2.60 Owner: Armando Vasquez Rodriguez Trainer: Wendy Alejandra Garcia Jockey: Rolando Cabrera
1182481958691115009, 1053398910, 2019-10-11T02:24:03.000Z, Armando Vásquez Soto se encuentra solo en la clinica independencia, llegó solo caminando portando un carnet del Sindicato Nacional de trabajadores de la prensa y cin sintomas de Alzheimer. Compartir para que llegue a sus familiares la información. https://t.co/IzUH7LONH8
1182483379129896960, 165177027, 2019-10-11T02:29:41.000Z, RT @Augustogr1963: Armando Vásquez Soto se encuentra solo en la clinica independencia, llegó solo caminando portando un carnet del Sindicat…
1182484423616409600, 1110137952460521472, 2019-10-11T02:33:50.000Z, RT @Augustogr1963: Armando Vásquez Soto se encuentra solo en la clinica independencia, llegó solo caminando portando un carnet del Sindicat…
1182484902043967490, 2273184391, 2019-10-11T02:35:44.000Z, RT @Augustogr1963: Armando Vásquez Soto se encuentra solo en la clinica independencia, llegó solo caminando portando un carnet del Sindicat…
1182485595882434561, 1038915699488567298, 2019-10-11T02:38:30.000Z, RT @Augustogr1963: Armando Vásquez Soto se encuentra solo en la clinica independencia, llegó solo caminando portando un carnet del Sindicat…
1182485604573106177, 1010647602621239296, 2019-10-11T02:38:32.000Z, RT @Augustogr1963: Armando Vásquez Soto se encuentra solo en la clinica independencia, llegó solo caminando portando un carnet del Sindicat…
1182485686022279168, 533509643, 2019-10-11T02:38:51.000Z, RT @Augustogr1963: Armando Vásquez Soto se encuentra solo en la clinica independencia, llegó solo caminando portando un carnet del Sindicat…
1182486895927971841, 3280076755, 2019-10-11T02:43:40.000Z, RT @Augustogr1963: Armando Vásquez Soto se encuentra solo en la clinica independencia, llegó solo caminando portando un carnet del Sindicat…
1182488454015438848, 781171841968775168, 2019-10-11T02:49:51.000Z, RT @Augustogr1963: Armando Vásquez Soto se encuentra solo en la clinica independencia, llegó solo caminando portando un carnet del Sindicat…
1182488619824623617, 143660333, 2019-10-11T02:50:31.000Z, RT @Augustogr1963: Armando Vásquez Soto se encuentra solo en la clinica independencia, llegó solo caminando portando un carnet del Sindicat…
1182489018442964992, 173681237, 2019-10-11T02:52:06.000Z, RT @Augustogr1963: Armando Vásquez Soto se encuentra solo en la clinica independencia, llegó solo caminando portando un carnet del Sindicat…
1182489248278237184, 32581859, 2019-10-11T02:53:01.000Z, RT @Augustogr1963: Armando Vásquez Soto se encuentra solo en la clinica independencia, llegó solo caminando portando un carnet del Sindicat…
1182489408823582720, 473551716, 2019-10-11T02:53:39.000Z, RT @Augustogr1963: Armando Vásquez Soto se encuentra solo en la clinica independencia, llegó solo caminando portando un carnet del Sindicat…
1182489588834754560, 860193361709473792, 2019-10-11T02:54:22.000Z, RT @Augustogr1963: Armando Vásquez Soto se encuentra solo en la clinica independencia, llegó solo caminando portando un carnet del Sindicat…
1182489722737844224, 267968825, 2019-10-11T02:54:54.000Z, RT @Augustogr1963: Armando Vásquez Soto se encuentra solo en la clinica independencia, llegó solo caminando portando un carnet del Sindicat…
1182490035117068288, 2355670343, 2019-10-11T02:56:08.000Z, RT @Augustogr1963: Armando Vásquez Soto se encuentra solo en la clinica independencia, llegó solo caminando portando un carnet del Sindicat…
1182490368392286208, 173478093, 2019-10-11T02:57:28.000Z, RT @Augustogr1963: Armando Vásquez Soto se encuentra solo en la clinica independencia, llegó solo caminando portando un carnet del Sindicat…
1182490530019708929, 325695811, 2019-10-11T02:58:06.000Z, RT @Augustogr1963: Armando Vásquez Soto se encuentra solo en la clinica independencia, llegó solo caminando portando un carnet del Sindicat…
1182490998494171136, 866729851369205760, 2019-10-11T02:59:58.000Z, RT @Augustogr1963: Armando Vásquez Soto se encuentra solo en la clinica independencia, llegó solo caminando portando un carnet del Sindicat…
1182491540230430720, 797821533813174273, 2019-10-11T03:02:07.000Z, RT @Augustogr1963: Armando Vásquez Soto se encuentra solo en la clinica independencia, llegó solo caminando portando un carnet del Sindicat…
1182492284803264512, 2791026466, 2019-10-11T03:05:04.000Z, RT @Augustogr1963: Armando Vásquez Soto se encuentra solo en la clinica independencia, llegó solo caminando portando un carnet del Sindicat…
1182492794193092609, 824278576736456704, 2019-10-11T03:07:06.000Z, RT @Augustogr1963: Armando Vásquez Soto se encuentra solo en la clinica independencia, llegó solo caminando portando un carnet del Sindicat…
1182493462471593984, 227474327, 2019-10-11T03:09:45.000Z, RT @Augustogr1963: Armando Vásquez Soto se encuentra solo en la clinica independencia, llegó solo caminando portando un carnet del Sindicat…
1182493485900926977, 125671051, 2019-10-11T03:09:51.000Z, RT @Augustogr1963: Armando Vásquez Soto se encuentra solo en la clinica independencia, llegó solo caminando portando un carnet del Sindicat…
1182496490796834817, 219327178, 2019-10-11T03:21:47.000Z, RT @Augustogr1963: Armando Vásquez Soto se encuentra solo en la clinica independencia, llegó solo caminando portando un carnet del Sindicat…
1182498660002783234, 366618332, 2019-10-11T03:30:24.000Z, RT @Augustogr1963: Armando Vásquez Soto se encuentra solo en la clinica independencia, llegó solo caminando portando un carnet del Sindicat…
1182499310065405954, 119757964, 2019-10-11T03:32:59.000Z, RT @Augustogr1963: Armando Vásquez Soto se encuentra solo en la clinica independencia, llegó solo caminando portando un carnet del Sindicat…
1182499435420508162, 85223924, 2019-10-11T03:33:29.000Z, RT @Augustogr1963: Armando Vásquez Soto se encuentra solo en la clinica independencia, llegó solo caminando portando un carnet del Sindicat…
1182499921632681984, 185058648, 2019-10-11T03:35:25.000Z, RT @Augustogr1963: Armando Vásquez Soto se encuentra solo en la clinica independencia, llegó solo caminando portando un carnet del Sindicat…
1182501749078265856, 280508585, 2019-10-11T03:42:41.000Z, RT @Augustogr1963: Armando Vásquez Soto se encuentra solo en la clinica independencia, llegó solo caminando portando un carnet del Sindicat…
1182515050856308736, 120840402, 2019-10-11T04:35:32.000Z, RT @Augustogr1963: Armando Vásquez Soto se encuentra solo en la clinica independencia, llegó solo caminando portando un carnet del Sindicat…
1182516579428454403, 31241636, 2019-10-11T04:41:37.000Z, RT @Augustogr1963: Armando Vásquez Soto se encuentra solo en la clinica independencia, llegó solo caminando portando un carnet del Sindicat…
1182596706677985280, 45645678, 2019-10-11T10:00:01.000Z, RT @Augustogr1963: Armando Vásquez Soto se encuentra solo en la clinica independencia, llegó solo caminando portando un carnet del Sindicat…
1182608974488715266, 16567420, 2019-10-11T10:48:45.000Z, El señor Armando Vásquez se encuentra en la clinica Abreu. Sufre de Alzheimer. Si alguien lo identifica favor de avisarle a su familia.  #armandovasquez #Alzheimer #clinicaabreu #testigouno #TestigoAybarTv #ALaFranca https://t.co/ogpO8fB5Qk
1182609399413649408, 90708121, 2019-10-11T10:50:27.000Z, RT @testigo: El señor Armando Vásquez se encuentra en la clinica Abreu. Sufre de Alzheimer. Si alguien lo identifica favor de avisarle a su…
1182609923261251584, 722308370, 2019-10-11T10:52:32.000Z, RT @testigo: El señor Armando Vásquez se encuentra en la clinica Abreu. Sufre de Alzheimer. Si alguien lo identifica favor de avisarle a su…
1182614051165265920, 254339351, 2019-10-11T11:08:56.000Z, RT @testigo: El señor Armando Vásquez se encuentra en la clinica Abreu. Sufre de Alzheimer. Si alguien lo identifica favor de avisarle a su…
1182627513765380096, 11296902, 2019-10-11T12:02:26.000Z, RT @Augustogr1963: Armando Vásquez Soto se encuentra solo en la clinica independencia, llegó solo caminando portando un carnet del Sindicat…
1182628422096437251, 125663496, 2019-10-11T12:06:02.000Z, RT @Augustogr1963: Armando Vásquez Soto se encuentra solo en la clinica independencia, llegó solo caminando portando un carnet del Sindicat…
1182628652984524803, 19097468, 2019-10-11T12:06:57.000Z, RT @Augustogr1963: Armando Vásquez Soto se encuentra solo en la clinica independencia, llegó solo caminando portando un carnet del Sindicat…
1182628747687714816, 336022933, 2019-10-11T12:07:20.000Z, RT @Augustogr1963: Armando Vásquez Soto se encuentra solo en la clinica independencia, llegó solo caminando portando un carnet del Sindicat…
1182629675304132608, 129187188, 2019-10-11T12:11:01.000Z, RT @Augustogr1963: Armando Vásquez Soto se encuentra solo en la clinica independencia, llegó solo caminando portando un carnet del Sindicat…
1182630366445801473, 769566073, 2019-10-11T12:13:46.000Z, RT @Augustogr1963: Armando Vásquez Soto se encuentra solo en la clinica independencia, llegó solo caminando portando un carnet del Sindicat…
1182631521116721152, 185806898, 2019-10-11T12:18:21.000Z, RT @Augustogr1963: Armando Vásquez Soto se encuentra solo en la clinica independencia, llegó solo caminando portando un carnet del Sindicat…
1182633708223975424, 81035403, 2019-10-11T12:27:02.000Z, RT @Augustogr1963: Armando Vásquez Soto se encuentra solo en la clinica independencia, llegó solo caminando portando un carnet del Sindicat…
1182637317728755712, 305269823, 2019-10-11T12:41:23.000Z, RT @Augustogr1963: Armando Vásquez Soto se encuentra solo en la clinica independencia, llegó solo caminando portando un carnet del Sindicat…
1182638196485742593, 450192373, 2019-10-11T12:44:53.000Z, RT @Augustogr1963: Armando Vásquez Soto se encuentra solo en la clinica independencia, llegó solo caminando portando un carnet del Sindicat…
1182639469972938757, 335467698, 2019-10-11T12:49:56.000Z, RT @Augustogr1963: Armando Vásquez Soto se encuentra solo en la clinica independencia, llegó solo caminando portando un carnet del Sindicat…
1182645963703369728, 258851847, 2019-10-11T13:15:44.000Z, RT @Augustogr1963: Armando Vásquez Soto se encuentra solo en la clinica independencia, llegó solo caminando portando un carnet del Sindicat…
1182648240661024768, 213094010, 2019-10-11T13:24:47.000Z, RT @Augustogr1963: Armando Vásquez Soto se encuentra solo en la clinica independencia, llegó solo caminando portando un carnet del Sindicat…
1182650295454752769, 75318370, 2019-10-11T13:32:57.000Z, RT @Augustogr1963: Armando Vásquez Soto se encuentra solo en la clinica independencia, llegó solo caminando portando un carnet del Sindicat…
1182652644789293064, 947511743844179968, 2019-10-11T13:42:17.000Z, RT @Augustogr1963: Armando Vásquez Soto se encuentra solo en la clinica independencia, llegó solo caminando portando un carnet del Sindicat…
1182652783843008513, 104311340, 2019-10-11T13:42:50.000Z, RT @Augustogr1963: Armando Vásquez Soto se encuentra solo en la clinica independencia, llegó solo caminando portando un carnet del Sindicat…
1182657009373593601, 160414809, 2019-10-11T13:59:38.000Z, RT @Augustogr1963: Armando Vásquez Soto se encuentra solo en la clinica independencia, llegó solo caminando portando un carnet del Sindicat…
1182661414076502016, 328617106, 2019-10-11T14:17:08.000Z, RT @Augustogr1963: Armando Vásquez Soto se encuentra solo en la clinica independencia, llegó solo caminando portando un carnet del Sindicat…
1182678199769141250, 618415306, 2019-10-11T15:23:50.000Z, RT @Augustogr1963: Armando Vásquez Soto se encuentra solo en la clinica independencia, llegó solo caminando portando un carnet del Sindicat…
1182678559434907648, 69873099, 2019-10-11T15:25:16.000Z, RT @Augustogr1963: Armando Vásquez Soto se encuentra solo en la clinica independencia, llegó solo caminando portando un carnet del Sindicat…
1182688005582131200, 79086151, 2019-10-11T16:02:48.000Z, RT @Augustogr1963: Armando Vásquez Soto se encuentra solo en la clinica independencia, llegó solo caminando portando un carnet del Sindicat…
1182689107107037185, 1059064885, 2019-10-11T16:07:11.000Z, RT @Augustogr1963: Armando Vásquez Soto se encuentra solo en la clinica independencia, llegó solo caminando portando un carnet del Sindicat…
1182689227219320832, 1219343000, 2019-10-11T16:07:39.000Z, RT @Augustogr1963: Armando Vásquez Soto se encuentra solo en la clinica independencia, llegó solo caminando portando un carnet del Sindicat…
1182690191070380033, 134888247, 2019-10-11T16:11:29.000Z, RT @Augustogr1963: Armando Vásquez Soto se encuentra solo en la clinica independencia, llegó solo caminando portando un carnet del Sindicat…
1182690858451324929, 880544996, 2019-10-11T16:14:08.000Z, RT @Augustogr1963: Armando Vásquez Soto se encuentra solo en la clinica independencia, llegó solo caminando portando un carnet del Sindicat…
1182698301008891904, 1031630088536813570, 2019-10-11T16:43:43.000Z, RT @Augustogr1963: Armando Vásquez Soto se encuentra solo en la clinica independencia, llegó solo caminando portando un carnet del Sindicat…
1182700431388168194, 289918074, 2019-10-11T16:52:11.000Z, RT @Augustogr1963: Armando Vásquez Soto se encuentra solo en la clinica independencia, llegó solo caminando portando un carnet del Sindicat…
1182713178364534785, 235377197, 2019-10-11T17:42:50.000Z, RT @Augustogr1963: Armando Vásquez Soto se encuentra solo en la clinica independencia, llegó solo caminando portando un carnet del Sindicat…
1182714994334535682, 501905594, 2019-10-11T17:50:03.000Z, RT @Augustogr1963: Armando Vásquez Soto se encuentra solo en la clinica independencia, llegó solo caminando portando un carnet del Sindicat…
1182716594176299009, 163080754, 2019-10-11T17:56:24.000Z, RT @Augustogr1963: Armando Vásquez Soto se encuentra solo en la clinica independencia, llegó solo caminando portando un carnet del Sindicat…
1182716813353848834, 373919370, 2019-10-11T17:57:16.000Z, RT @Augustogr1963: Armando Vásquez Soto se encuentra solo en la clinica independencia, llegó solo caminando portando un carnet del Sindicat…
1182717178174496769, 467789183, 2019-10-11T17:58:43.000Z, RT @Augustogr1963: Armando Vásquez Soto se encuentra solo en la clinica independencia, llegó solo caminando portando un carnet del Sindicat…
1182717219089911809, 159678333, 2019-10-11T17:58:53.000Z, RT @Augustogr1963: Armando Vásquez Soto se encuentra solo en la clinica independencia, llegó solo caminando portando un carnet del Sindicat…
1182717505636388866, 295948236, 2019-10-11T18:00:01.000Z, RT @Augustogr1963: Armando Vásquez Soto se encuentra solo en la clinica independencia, llegó solo caminando portando un carnet del Sindicat…
1182717969404694530, 1267377907, 2019-10-11T18:01:52.000Z, RT @Augustogr1963: Armando Vásquez Soto se encuentra solo en la clinica independencia, llegó solo caminando portando un carnet del Sindicat…
1182718898044657665, 309934692, 2019-10-11T18:05:33.000Z, RT @Augustogr1963: Armando Vásquez Soto se encuentra solo en la clinica independencia, llegó solo caminando portando un carnet del Sindicat…
1182719867243421703, 281792772, 2019-10-11T18:09:24.000Z, RT @Augustogr1963: Armando Vásquez Soto se encuentra solo en la clinica independencia, llegó solo caminando portando un carnet del Sindicat…
1182723205909417985, 120653578, 2019-10-11T18:22:40.000Z, RT @Augustogr1963: Armando Vásquez Soto se encuentra solo en la clinica independencia, llegó solo caminando portando un carnet del Sindicat…
1182725037670981635, 268555161, 2019-10-11T18:29:57.000Z, RT @Augustogr1963: Armando Vásquez Soto se encuentra solo en la clinica independencia, llegó solo caminando portando un carnet del Sindicat…
1182729752890789889, 168743344, 2019-10-11T18:48:41.000Z, RT @Augustogr1963: Armando Vásquez Soto se encuentra solo en la clinica independencia, llegó solo caminando portando un carnet del Sindicat…
1182735023990022146, 40499218, 2019-10-11T19:09:38.000Z, RT @Augustogr1963: Armando Vásquez Soto se encuentra solo en la clinica independencia, llegó solo caminando portando un carnet del Sindicat…
1182739803156164611, 1146953069629968384, 2019-10-11T19:28:37.000Z, RT @Augustogr1963: Armando Vásquez Soto se encuentra solo en la clinica independencia, llegó solo caminando portando un carnet del Sindicat…
1182743769466187776, 101350779, 2019-10-11T19:44:23.000Z, RT @Augustogr1963: Armando Vásquez Soto se encuentra solo en la clinica independencia, llegó solo caminando portando un carnet del Sindicat…
1182773633439002624, 1127291598394535938, 2019-10-11T21:43:03.000Z, Efecto de la metodología ERCA en el desarrollo del área Ciencia Tecnología y Ambiente del cuarto año de secundaria I.E. “Julio Armando Ruiz Vásquez” distrito de Amarilis. Año 2018 https://t.co/tDvpC9uq73
1182777856142827522, 331184454, 2019-10-11T21:59:50.000Z, RT @Augustogr1963: Armando Vásquez Soto se encuentra solo en la clinica independencia, llegó solo caminando portando un carnet del Sindicat…
1182778451608125440, 49387486, 2019-10-11T22:02:12.000Z, RT @Augustogr1963: Armando Vásquez Soto se encuentra solo en la clinica independencia, llegó solo caminando portando un carnet del Sindicat…
1182782132541972481, 152816129, 2019-10-11T22:16:50.000Z, RT @Augustogr1963: Armando Vásquez Soto se encuentra solo en la clinica independencia, llegó solo caminando portando un carnet del Sindicat…
1182804723272957955, 268855076, 2019-10-11T23:46:36.000Z, RT @Augustogr1963: Armando Vásquez Soto se encuentra solo en la clinica independencia, llegó solo caminando portando un carnet del Sindicat…
1182806445542297601, 1155112930540761088, 2019-10-11T23:53:26.000Z, RT @Augustogr1963: Armando Vásquez Soto se encuentra solo en la clinica independencia, llegó solo caminando portando un carnet del Sindicat…
1182806622072197121, 234197314, 2019-10-11T23:54:08.000Z, RT @Augustogr1963: Armando Vásquez Soto se encuentra solo en la clinica independencia, llegó solo caminando portando un carnet del Sindicat…
1182807150919372800, 108648495, 2019-10-11T23:56:14.000Z, RT @Augustogr1963: Armando Vásquez Soto se encuentra solo en la clinica independencia, llegó solo caminando portando un carnet del Sindicat…
1182829695894769665, 105163621, 2019-10-12T01:25:50.000Z, RT @Augustogr1963: Armando Vásquez Soto se encuentra solo en la clinica independencia, llegó solo caminando portando un carnet del Sindicat…
1182852921962180609, 703151605, 2019-10-12T02:58:07.000Z, RT @Augustogr1963: Armando Vásquez Soto se encuentra solo en la clinica independencia, llegó solo caminando portando un carnet del Sindicat…
1182869195710697473, 497091247, 2019-10-12T04:02:47.000Z, RT @Augustogr1963: Armando Vásquez Soto se encuentra solo en la clinica independencia, llegó solo caminando portando un carnet del Sindicat…
1183028777061892096, 420426784, 2019-10-12T14:36:54.000Z, “The only limitation is self imposed.” -Armando Vasquez, student at California State University San Marcos #hope #hopebot #bot
1183094682475212806, 274493445, 2019-10-12T18:58:47.000Z, @ooduran @jotavillarroel @Mary_Jar @Lourdes2050 @3mSsantos @gracon27 @jamaral72 @mafasu @Jacke453 @Tanyatorrealba @persea2002 @iMi_1970 @kati_rojas_2014 @MEGAROSA El cantante es Armando Vásquez, grabó ese sólo álbum y al poco tiempo se metió a Cristiano y actualmente es pastor evangélico
1183095210345140224, 116583359, 2019-10-12T19:00:53.000Z, RT @Alextoursca: @ooduran @jotavillarroel @Mary_Jar @Lourdes2050 @3mSsantos @gracon27 @jamaral72 @mafasu @Jacke453 @Tanyatorrealba @persea2…
1183095869593309185, 2964993946, 2019-10-12T19:03:30.000Z, @CNationsLeague. @fedefutbolcrc vs @CuracaoFutbol. 👤: Armando Villarreal (USA) 🚩: Corey Michael Parker (USA) 🚩: Logan Victor Brown (USA) 📟: Rubiel Vásquez Álvarez (USA)  🏟️ Estadio Alejandro Morera Soto (CRC) 📅 13/Octubre/2019.
1183162878813200385, 912808347811885057, 2019-10-12T23:29:47.000Z, @FFAAECUADOR ENVÍEN MILITARES A CARCELEN HAY MUCHA GENTE ARMANDO EL CAOS A LA ALTURA DEL COMPLEJO DEL DEPORTIVO QUITO EN LA AV. DIEGO VASQUEZ https://t.co/DUFXXRfeOE
1183274142889582592, 420426784, 2019-10-13T06:51:54.000Z, “The only limitation is self imposed.” -Armando Vasquez, student at California State University San Marcos #hope #hopebot #bot
1183463633596174336, 943987183089868801, 2019-10-13T19:24:52.000Z, RT @Augustogr1963: Armando Vásquez Soto se encuentra solo en la clinica independencia, llegó solo caminando portando un carnet del Sindicat…
1183493089341722628, 420426784, 2019-10-13T21:21:55.000Z, “The only limitation is self imposed.” -Armando Vasquez, student at California State University San Marcos #hope #hopebot #bot
1183764165191749632, 146953163, 2019-10-14T15:19:04.000Z, Morra: Qué mamón que seas armandtv por televisión, eso es pendejo. Armando: Wey, son mis apellidos: Torres Vásquez Morra: ¡Ah no mames!
1183781048150364162, 117578558, 2019-10-14T16:26:10.000Z, Juan Karlos Valentino Del Piero Ponce Orlando Mattos Armando Miro Mantilla Ponce Yabrahan Dionicio Ponce Percy Ponce Jaime Ponce Vasquez Edwin Ronald Ponce Vasquez uds si AH https://t.co/2X29ILx6kq
1184330323062153216, 312461706, 2019-10-16T04:48:47.000Z, Ya està la columna Archivo Confidencial de Armando Vasquez en https://t.co/Dzyk1MPubB https://t.co/M0FhrkjYpa
1184332030873653248, 870299040, 2019-10-16T04:55:34.000Z, RT @Sebastmd: Ya està la columna Archivo Confidencial de Armando Vasquez en https://t.co/Dzyk1MPubB https://t.co/M0FhrkjYpa
1184459456693841920, 420426784, 2019-10-16T13:21:55.000Z, “The only limitation is self imposed.” -Armando Vasquez, student at California State University San Marcos #hope #hopebot #bot
1184987218714267649, 121278079, 2019-10-18T00:19:03.000Z, @ccsoulmates @simplementeCar6 @camila__vasquez Y ojo que Cristomasito salió en Perdona Nuestros Pecados de hijo del Armando Quiroga y soa Ángela, por tanto hermano chico de María Elsa, Isabélica, Gerardo y Augusta y tenia hasta sobrinos de casi su misma edad
1185229051918770177, 312461706, 2019-10-18T16:20:01.000Z, Crisis para Alfonso Durazo, plantea Armando Vásquez en su @Archivoconfiden Archivo Confidencial listo ya en https://t.co/cZi3C6EIy7 https://t.co/Fu12A9StJ3
1185230180102463488, 574624393, 2019-10-18T16:24:30.000Z, RT @Sebastmd: Crisis para Alfonso Durazo, plantea Armando Vásquez en su @Archivoconfiden Archivo Confidencial listo ya en https://t.co/cZi3…
1185269438976839681, 870299040, 2019-10-18T19:00:30.000Z, RT @Sebastmd: Crisis para Alfonso Durazo, plantea Armando Vásquez en su @Archivoconfiden Archivo Confidencial listo ya en https://t.co/cZi3…
1185677772439670784, 471540187, 2019-10-19T22:03:04.000Z, That's what you call FUBAR!!! 😂😂😂😂😂 😱😱😱😱😱Let's do it Allie Nate Vasquez and Armando Vela. https://t.co/irEOUPt0mS
1185754237130760192, 420426784, 2019-10-20T03:06:55.000Z, “The only limitation is self imposed.” -Armando Vasquez, student at California State University San Marcos #hope #hopebot #bot
1186007151887769601, 420426784, 2019-10-20T19:51:54.000Z, “The only limitation is self imposed.” -Armando Vasquez, student at California State University San Marcos #hope #hopebot #bot
