id, author_id, created_at, text
643740353783316480, 3436755196, 2015-09-15T10:57:15.000Z, Photoset: femmequeens: Beverly Peele, Naomi Campbell, Isamar Gonzalez, Tyra Banks, Lorraine Pascale, and... http://t.co/Y3kXskM5u2
643943112897904640, 17985565, 2015-09-16T00:22:56.000Z, Photoset: femmequeens: Beverly Peele, Naomi Campbell, Isamar Gonzalez, Tyra Banks, Lorraine Pascale, and... http://t.co/1cUPDtBqw9
644722677043871744, 102475235, 2015-09-18T04:00:39.000Z, Photoset: femmequeens: Beverly Peele, Naomi Campbell, Isamar Gonzalez, Tyra Banks, Lorraine Pascale, and... http://t.co/uhCABfrvzt
645436512117649408, 28634176, 2015-09-20T03:17:10.000Z, Photoset: femmequeens: Beverly Peele, Naomi Campbell, Isamar Gonzalez, Tyra Banks, Lorraine Pascale, and... http://t.co/jHnFrdM9CA
645810002654031872, 2352482090, 2015-09-21T04:01:17.000Z, Photoset: femmequeens: Beverly Peele, Naomi Campbell, Isamar Gonzalez, Tyra Banks, Lorraine Pascale, and... http://t.co/jvS9RJwLQt
645825002688913408, 19999490, 2015-09-21T05:00:54.000Z, Photoset: femmequeens: Beverly Peele, Naomi Campbell, Isamar Gonzalez, Tyra Banks, Lorraine Pascale, and... http://t.co/KsSWe6uuqw
646086260415578112, 311884997, 2015-09-21T22:19:02.000Z, RT @Brohogany: Photoset: femmequeens: Beverly Peele, Naomi Campbell, Isamar Gonzalez, Tyra Banks, Lorraine Pascale, and... http://t.co/KsSW…
646086261409583104, 311884997, 2015-09-21T22:19:03.000Z, RT @LionessVision: Photoset: femmequeens: Beverly Peele, Naomi Campbell, Isamar Gonzalez, Tyra Banks, Lorraine Pascale, and... http://t.co/…
646086266727985152, 311884997, 2015-09-21T22:19:04.000Z, RT @Phvroah1: Photoset: femmequeens: Beverly Peele, Naomi Campbell, Isamar Gonzalez, Tyra Banks, Lorraine Pascale, and... http://t.co/jHnFr…
646779033917632512, 3238311462, 2015-09-23T20:11:52.000Z, Photoset: femmequeens: Beverly Peele, Naomi Campbell, Isamar Gonzalez, Tyra Banks, Lorraine Pascale, and... http://t.co/WQiU00Atv3
