id, author_id, created_at, text
1618074426502746113, 738038612613312513, 2023-01-25T02:33:00.000Z, The Monterey Park victims:  - Valentino Marcos Alvero, 68 - Hongying Jian, 62 - Yu-Lun Kao, 72 - Lilan Li, 63 - Ming Wei Ma, 72 - Mymy Nhan, 65 - Diana Man Ling Tom, 70 - Muoi Dai Ung, 67 - Chia Ling Yau, 76 - Wen-Tau Yu, 64 - Xiujuan Yu, 57 https://t.co/76I3aMuacj
1618074974346170368, 2598357146, 2023-01-25T02:35:10.000Z, RT @joekatz45: The Monterey Park victims:  - Valentino Marcos Alvero, 68 - Hongying Jian, 62 - Yu-Lun Kao, 72 - Lilan Li, 63 - Ming Wei Ma,…
1618075080365608961, 131055748, 2023-01-25T02:35:36.000Z, RT @joekatz45: The Monterey Park victims:  - Valentino Marcos Alvero, 68 - Hongying Jian, 62 - Yu-Lun Kao, 72 - Lilan Li, 63 - Ming Wei Ma,…
1618075491558359040, 978764212863492098, 2023-01-25T02:37:14.000Z, RT @joekatz45: The Monterey Park victims:  - Valentino Marcos Alvero, 68 - Hongying Jian, 62 - Yu-Lun Kao, 72 - Lilan Li, 63 - Ming Wei Ma,…
1618075509958807561, 1144464382857904129, 2023-01-25T02:37:18.000Z, RT @joekatz45: The Monterey Park victims:  - Valentino Marcos Alvero, 68 - Hongying Jian, 62 - Yu-Lun Kao, 72 - Lilan Li, 63 - Ming Wei Ma,…
1618081687984050178, 155277535, 2023-01-25T03:01:51.000Z, RT @joekatz45: The Monterey Park victims:  - Valentino Marcos Alvero, 68 - Hongying Jian, 62 - Yu-Lun Kao, 72 - Lilan Li, 63 - Ming Wei Ma,…
1618093167471124481, 1422333662666821639, 2023-01-25T03:47:28.000Z, RT @joekatz45: The Monterey Park victims:  - Valentino Marcos Alvero, 68 - Hongying Jian, 62 - Yu-Lun Kao, 72 - Lilan Li, 63 - Ming Wei Ma,…
1618095496089972736, 1492924236075261962, 2023-01-25T03:56:43.000Z, RT @joekatz45: The Monterey Park victims:  - Valentino Marcos Alvero, 68 - Hongying Jian, 62 - Yu-Lun Kao, 72 - Lilan Li, 63 - Ming Wei Ma,…
1618264677905240065, 811592270717865985, 2023-01-25T15:08:59.000Z, Diana Man Ling Tom's family said she "was a hard-working mother, wife and grandmother who loved to dance...To those who knew her, she was someone who always went out of her way to give to others."
1618265298695778310, 811592270717865985, 2023-01-25T15:11:27.000Z, The names of the victims of the Monterey Park shooting are:  Mymy Nhan, 65 Lilian Li, 63 Xiujuan Yu, 57 Muoi Dai Ung, 67 Hongying Jian, 62 Yu Lun Kao, 72 Chia Ling Yau, 76 Valentino Marcos Alvero, 68 Wen Tau Yu, 64 Ming Wei Ma, 72 Diana Man Ling Tom, 70
1618271072868261888, 1507105509710577678, 2023-01-25T15:34:24.000Z, Xiujuan Yu, 57 Hongying Jian, 62 Lilian Li, 63 Mymy Nhan, 65  Muoi Dai Ung, 67  Diana Man Ling Tom, 70 Wen-Tau Yu, 64 Valentino Marcos Alvero, 68 Ming Wei Ma, 72 Yu-Lun Kao, 72 Chia Ling Yau, 76   They live on in our memories. #MontereyParkStrong
1618272361559773184, 122476804, 2023-01-25T15:39:31.000Z, RT @AsmMikeFong: Xiujuan Yu, 57 Hongying Jian, 62 Lilian Li, 63 Mymy Nhan, 65  Muoi Dai Ung, 67  Diana Man Ling Tom, 70 Wen-Tau Yu, 64 Vale…
1618273110549213184, 64426122, 2023-01-25T15:42:30.000Z, RT @AsmMikeFong: Xiujuan Yu, 57 Hongying Jian, 62 Lilian Li, 63 Mymy Nhan, 65  Muoi Dai Ung, 67  Diana Man Ling Tom, 70 Wen-Tau Yu, 64 Vale…
1618273610485084162, 2315775492, 2023-01-25T15:44:29.000Z, RT @AsmMikeFong: Xiujuan Yu, 57 Hongying Jian, 62 Lilian Li, 63 Mymy Nhan, 65  Muoi Dai Ung, 67  Diana Man Ling Tom, 70 Wen-Tau Yu, 64 Vale…
1618276270391037952, 344905604, 2023-01-25T15:55:03.000Z, RT @jaclynmdiaz: Diana Man Ling Tom's family said she "was a hard-working mother, wife and grandmother who loved to dance...To those who kn…
1618278291219136515, 3243500510, 2023-01-25T16:03:05.000Z, My My Nhan Lilan Li Xiujuan Yu Muoi Dai Ung Hongying Jian Diana Man Ling Tom Yu Lun Kao Chia Ling Yau Valentino Marcos Alvero Wen Tau Yu Ming Wei Ma  @skbaer &amp; @clarissajanlim report on the Monterey Park shooting victims, whose ages spanned from 57 to 76: https://t.co/KFGDJtsT34
1618278871388033025, 18358190, 2023-01-25T16:05:23.000Z, RT @teamtrace: My My Nhan Lilan Li Xiujuan Yu Muoi Dai Ung Hongying Jian Diana Man Ling Tom Yu Lun Kao Chia Ling Yau Valentino Marcos Alver…
1618278904942460929, 192344443, 2023-01-25T16:05:31.000Z, RT @teamtrace: My My Nhan Lilan Li Xiujuan Yu Muoi Dai Ung Hongying Jian Diana Man Ling Tom Yu Lun Kao Chia Ling Yau Valentino Marcos Alver…
1618281451291836418, 339731465, 2023-01-25T16:15:38.000Z, RT @teamtrace: My My Nhan Lilan Li Xiujuan Yu Muoi Dai Ung Hongying Jian Diana Man Ling Tom Yu Lun Kao Chia Ling Yau Valentino Marcos Alver…
1618283159241498625, 1020058453, 2023-01-25T16:22:26.000Z, RT @teamtrace: My My Nhan Lilan Li Xiujuan Yu Muoi Dai Ung Hongying Jian Diana Man Ling Tom Yu Lun Kao Chia Ling Yau Valentino Marcos Alver…
1618284222497845248, 873111562004742144, 2023-01-25T16:26:39.000Z, RT @teamtrace: My My Nhan Lilan Li Xiujuan Yu Muoi Dai Ung Hongying Jian Diana Man Ling Tom Yu Lun Kao Chia Ling Yau Valentino Marcos Alver…
1618288357884448770, 1148296003256119296, 2023-01-25T16:43:05.000Z, RT @teamtrace: My My Nhan Lilan Li Xiujuan Yu Muoi Dai Ung Hongying Jian Diana Man Ling Tom Yu Lun Kao Chia Ling Yau Valentino Marcos Alver…
1618289041719586819, 765258136626290688, 2023-01-25T16:45:48.000Z, RT @teamtrace: My My Nhan Lilan Li Xiujuan Yu Muoi Dai Ung Hongying Jian Diana Man Ling Tom Yu Lun Kao Chia Ling Yau Valentino Marcos Alver…
1618294528720658439, 274238502, 2023-01-25T17:07:36.000Z, RT @teamtrace: My My Nhan Lilan Li Xiujuan Yu Muoi Dai Ung Hongying Jian Diana Man Ling Tom Yu Lun Kao Chia Ling Yau Valentino Marcos Alver…
1618294922003771392, 250386727, 2023-01-25T17:09:10.000Z, We remember and honor the victims of Monterey Park. Give the shooter #NoNotoriety.  Ming Wei Ma, 72 Xiujuan Yu, 57 Mymy Nhan, 65 Valentino Marcos Alvero, 68 Diana Man Ling Tom, 70 Yu Lun Kao, 72 Hongying Jian, 62 Lilan Li, 63  Chia Ling Yau, 76 Muoi Dai Ung, 67 Wen Tau Yu, 64
1618294930916659201, 250386727, 2023-01-25T17:09:12.000Z, Diana Man Ling Tom, 70, was a hard-working mother, wife and grandmother who loved to dance. Her loved ones said, "to those who knew her, she was someone who always went out of her way to give to others.” https://t.co/MZ28yslHBG
1618295016967016449, 1268104200, 2023-01-25T17:09:33.000Z, RT @Everytown: We remember and honor the victims of Monterey Park. Give the shooter #NoNotoriety.  Ming Wei Ma, 72 Xiujuan Yu, 57 Mymy Nhan…
1618295086525329409, 885192546317742083, 2023-01-25T17:09:49.000Z, RT @Everytown: We remember and honor the victims of Monterey Park. Give the shooter #NoNotoriety.  Ming Wei Ma, 72 Xiujuan Yu, 57 Mymy Nhan…
1618295143953747972, 839722819, 2023-01-25T17:10:03.000Z, RT @Everytown: We remember and honor the victims of Monterey Park. Give the shooter #NoNotoriety.  Ming Wei Ma, 72 Xiujuan Yu, 57 Mymy Nhan…
1618295291245105153, 4107186927, 2023-01-25T17:10:38.000Z, RT @Everytown: We remember and honor the victims of Monterey Park. Give the shooter #NoNotoriety.  Ming Wei Ma, 72 Xiujuan Yu, 57 Mymy Nhan…
1618295335079809024, 1612539874288238592, 2023-01-25T17:10:49.000Z, RT @Everytown: We remember and honor the victims of Monterey Park. Give the shooter #NoNotoriety.  Ming Wei Ma, 72 Xiujuan Yu, 57 Mymy Nhan…
1618295347415220226, 286980191, 2023-01-25T17:10:51.000Z, RT @Everytown: We remember and honor the victims of Monterey Park. Give the shooter #NoNotoriety.  Ming Wei Ma, 72 Xiujuan Yu, 57 Mymy Nhan…
1618297331170037761, 167110567, 2023-01-25T17:18:44.000Z, RT @Everytown: We remember and honor the victims of Monterey Park. Give the shooter #NoNotoriety.  Ming Wei Ma, 72 Xiujuan Yu, 57 Mymy Nhan…
1618298048005931013, 1522926276, 2023-01-25T17:21:35.000Z, RT @Everytown: We remember and honor the victims of Monterey Park. Give the shooter #NoNotoriety.  Ming Wei Ma, 72 Xiujuan Yu, 57 Mymy Nhan…
1618298644410806272, 151274219, 2023-01-25T17:23:58.000Z, RT @Everytown: We remember and honor the victims of Monterey Park. Give the shooter #NoNotoriety.  Ming Wei Ma, 72 Xiujuan Yu, 57 Mymy Nhan…
1618299381970776064, 820821745, 2023-01-25T17:26:53.000Z, RT @Everytown: We remember and honor the victims of Monterey Park. Give the shooter #NoNotoriety.  Ming Wei Ma, 72 Xiujuan Yu, 57 Mymy Nhan…
1618299864399646726, 1396579624704905219, 2023-01-25T17:28:48.000Z, RT @Everytown: We remember and honor the victims of Monterey Park. Give the shooter #NoNotoriety.  Ming Wei Ma, 72 Xiujuan Yu, 57 Mymy Nhan…
1618300714001874944, 14615330, 2023-01-25T17:32:11.000Z, RT @Everytown: We remember and honor the victims of Monterey Park. Give the shooter #NoNotoriety.  Ming Wei Ma, 72 Xiujuan Yu, 57 Mymy Nhan…
1618300993468510208, 1938994615, 2023-01-25T17:33:18.000Z, RT @Everytown: We remember and honor the victims of Monterey Park. Give the shooter #NoNotoriety.  Ming Wei Ma, 72 Xiujuan Yu, 57 Mymy Nhan…
1618301384293748736, 4502024239, 2023-01-25T17:34:51.000Z, RT @Everytown: We remember and honor the victims of Monterey Park. Give the shooter #NoNotoriety.  Ming Wei Ma, 72 Xiujuan Yu, 57 Mymy Nhan…
1618302306918989825, 363259494, 2023-01-25T17:38:31.000Z, RT @Everytown: We remember and honor the victims of Monterey Park. Give the shooter #NoNotoriety.  Ming Wei Ma, 72 Xiujuan Yu, 57 Mymy Nhan…
1618303000606552064, 54747587, 2023-01-25T17:41:16.000Z, RT @teamtrace: My My Nhan Lilan Li Xiujuan Yu Muoi Dai Ung Hongying Jian Diana Man Ling Tom Yu Lun Kao Chia Ling Yau Valentino Marcos Alver…
1618305014438723584, 16215298, 2023-01-25T17:49:16.000Z, RT @AsmMikeFong: Xiujuan Yu, 57 Hongying Jian, 62 Lilian Li, 63 Mymy Nhan, 65  Muoi Dai Ung, 67  Diana Man Ling Tom, 70 Wen-Tau Yu, 64 Vale…
1618306481539153920, 1281325588075159553, 2023-01-25T17:55:06.000Z, RT @Everytown: We remember and honor the victims of Monterey Park. Give the shooter #NoNotoriety.  Ming Wei Ma, 72 Xiujuan Yu, 57 Mymy Nhan…
1618307506559942659, 1017637447, 2023-01-25T17:59:10.000Z, RT @Everytown: We remember and honor the victims of Monterey Park. Give the shooter #NoNotoriety.  Ming Wei Ma, 72 Xiujuan Yu, 57 Mymy Nhan…
1618307599073705985, 1017637447, 2023-01-25T17:59:32.000Z, RT @Everytown: Diana Man Ling Tom, 70, was a hard-working mother, wife and grandmother who loved to dance. Her loved ones said, "to those w…
1618307669022085122, 21459028, 2023-01-25T17:59:49.000Z, RT @Everytown: We remember and honor the victims of Monterey Park. Give the shooter #NoNotoriety.  Ming Wei Ma, 72 Xiujuan Yu, 57 Mymy Nhan…
1618307695425257472, 25393894, 2023-01-25T17:59:55.000Z, RT @Everytown: We remember and honor the victims of Monterey Park. Give the shooter #NoNotoriety.  Ming Wei Ma, 72 Xiujuan Yu, 57 Mymy Nhan…
1618307700642971649, 321309377, 2023-01-25T17:59:57.000Z, RT @Everytown: We remember and honor the victims of Monterey Park. Give the shooter #NoNotoriety.  Ming Wei Ma, 72 Xiujuan Yu, 57 Mymy Nhan…
1618307786777165824, 737450843637710848, 2023-01-25T18:00:17.000Z, RT @Everytown: We remember and honor the victims of Monterey Park. Give the shooter #NoNotoriety.  Ming Wei Ma, 72 Xiujuan Yu, 57 Mymy Nhan…
1618308250453291009, 1604753336, 2023-01-25T18:02:08.000Z, RT @Everytown: We remember and honor the victims of Monterey Park. Give the shooter #NoNotoriety.  Ming Wei Ma, 72 Xiujuan Yu, 57 Mymy Nhan…
1618308458088128516, 30167884, 2023-01-25T18:02:57.000Z, RT @Everytown: We remember and honor the victims of Monterey Park. Give the shooter #NoNotoriety.  Ming Wei Ma, 72 Xiujuan Yu, 57 Mymy Nhan…
1618308718717988864, 1304495012529541127, 2023-01-25T18:03:59.000Z, RT @Everytown: We remember and honor the victims of Monterey Park. Give the shooter #NoNotoriety.  Ming Wei Ma, 72 Xiujuan Yu, 57 Mymy Nhan…
1618310125563031554, 3282018792, 2023-01-25T18:09:35.000Z, RT @Everytown: We remember and honor the victims of Monterey Park. Give the shooter #NoNotoriety.  Ming Wei Ma, 72 Xiujuan Yu, 57 Mymy Nhan…
1618310294190845953, 145661066, 2023-01-25T18:10:15.000Z, RT @Everytown: We remember and honor the victims of Monterey Park. Give the shooter #NoNotoriety.  Ming Wei Ma, 72 Xiujuan Yu, 57 Mymy Nhan…
1618311604474621952, 193409392, 2023-01-25T18:15:27.000Z, RT @Everytown: Diana Man Ling Tom, 70, was a hard-working mother, wife and grandmother who loved to dance. Her loved ones said, "to those w…
1618311719125938177, 969384689164308480, 2023-01-25T18:15:55.000Z, RT @Everytown: We remember and honor the victims of Monterey Park. Give the shooter #NoNotoriety.  Ming Wei Ma, 72 Xiujuan Yu, 57 Mymy Nhan…
1618311969186131971, 1147269163930570753, 2023-01-25T18:16:54.000Z, RT @Everytown: We remember and honor the victims of Monterey Park. Give the shooter #NoNotoriety.  Ming Wei Ma, 72 Xiujuan Yu, 57 Mymy Nhan…
1618312077231394816, 193409392, 2023-01-25T18:17:20.000Z, RT @Everytown: We remember and honor the victims of Monterey Park. Give the shooter #NoNotoriety.  Ming Wei Ma, 72 Xiujuan Yu, 57 Mymy Nhan…
1618312316965244928, 1294880859426902016, 2023-01-25T18:18:17.000Z, RT @Everytown: We remember and honor the victims of Monterey Park. Give the shooter #NoNotoriety.  Ming Wei Ma, 72 Xiujuan Yu, 57 Mymy Nhan…
1618312321235030016, 2308133465, 2023-01-25T18:18:18.000Z, RT @AsmMikeFong: Xiujuan Yu, 57 Hongying Jian, 62 Lilian Li, 63 Mymy Nhan, 65  Muoi Dai Ung, 67  Diana Man Ling Tom, 70 Wen-Tau Yu, 64 Vale…
1618312902968250369, 24138681, 2023-01-25T18:20:37.000Z, RT @Everytown: We remember and honor the victims of Monterey Park. Give the shooter #NoNotoriety.  Ming Wei Ma, 72 Xiujuan Yu, 57 Mymy Nhan…
1618313157562486784, 1535423545806770176, 2023-01-25T18:21:38.000Z, RT @AsmMikeFong: Xiujuan Yu, 57 Hongying Jian, 62 Lilian Li, 63 Mymy Nhan, 65  Muoi Dai Ung, 67  Diana Man Ling Tom, 70 Wen-Tau Yu, 64 Vale…
1618313667392700416, 487665468, 2023-01-25T18:23:39.000Z, RT @AsmMikeFong: Xiujuan Yu, 57 Hongying Jian, 62 Lilian Li, 63 Mymy Nhan, 65  Muoi Dai Ung, 67  Diana Man Ling Tom, 70 Wen-Tau Yu, 64 Vale…
1618314402905849857, 2247799814, 2023-01-25T18:26:35.000Z, RT @Everytown: We remember and honor the victims of Monterey Park. Give the shooter #NoNotoriety.  Ming Wei Ma, 72 Xiujuan Yu, 57 Mymy Nhan…
1618314750324281345, 879818460481691648, 2023-01-25T18:27:57.000Z, RT @Everytown: We remember and honor the victims of Monterey Park. Give the shooter #NoNotoriety.  Ming Wei Ma, 72 Xiujuan Yu, 57 Mymy Nhan…
1618315452761133058, 2335817209, 2023-01-25T18:30:45.000Z, RT @Everytown: We remember and honor the victims of Monterey Park. Give the shooter #NoNotoriety.  Ming Wei Ma, 72 Xiujuan Yu, 57 Mymy Nhan…
1618317833880096769, 1213915555029114880, 2023-01-25T18:40:13.000Z, RT @Everytown: We remember and honor the victims of Monterey Park. Give the shooter #NoNotoriety.  Ming Wei Ma, 72 Xiujuan Yu, 57 Mymy Nhan…
1618320639408107520, 945696216997879809, 2023-01-25T18:51:22.000Z, RT @Everytown: We remember and honor the victims of Monterey Park. Give the shooter #NoNotoriety.  Ming Wei Ma, 72 Xiujuan Yu, 57 Mymy Nhan…
1618322434700238849, 50223338, 2023-01-25T18:58:30.000Z, RT @Everytown: We remember and honor the victims of Monterey Park. Give the shooter #NoNotoriety.  Ming Wei Ma, 72 Xiujuan Yu, 57 Mymy Nhan…
1618323784444043264, 452613232, 2023-01-25T19:03:51.000Z, RT @teamtrace: My My Nhan Lilan Li Xiujuan Yu Muoi Dai Ung Hongying Jian Diana Man Ling Tom Yu Lun Kao Chia Ling Yau Valentino Marcos Alver…
1618324248392761345, 1611161822530527232, 2023-01-25T19:05:42.000Z, RT @Everytown: Diana Man Ling Tom, 70, was a hard-working mother, wife and grandmother who loved to dance. Her loved ones said, "to those w…
1618324731186536448, 1611161822530527232, 2023-01-25T19:07:37.000Z, RT @Everytown: We remember and honor the victims of Monterey Park. Give the shooter #NoNotoriety.  Ming Wei Ma, 72 Xiujuan Yu, 57 Mymy Nhan…
1618333132968857601, 310477375, 2023-01-25T19:41:00.000Z, RT @Everytown: We remember and honor the victims of Monterey Park. Give the shooter #NoNotoriety.  Ming Wei Ma, 72 Xiujuan Yu, 57 Mymy Nhan…
1618340163150819329, 2316123804, 2023-01-25T20:08:56.000Z, RT @Everytown: We remember and honor the victims of Monterey Park. Give the shooter #NoNotoriety.  Ming Wei Ma, 72 Xiujuan Yu, 57 Mymy Nhan…
1618346474160672769, 806585617651888128, 2023-01-25T20:34:01.000Z, RT @Everytown: We remember and honor the victims of Monterey Park. Give the shooter #NoNotoriety.  Ming Wei Ma, 72 Xiujuan Yu, 57 Mymy Nhan…
1618347111720038401, 1645327136, 2023-01-25T20:36:33.000Z, RT @Everytown: Diana Man Ling Tom, 70, was a hard-working mother, wife and grandmother who loved to dance. Her loved ones said, "to those w…
1618347288581275648, 1645327136, 2023-01-25T20:37:15.000Z, RT @Everytown: We remember and honor the victims of Monterey Park. Give the shooter #NoNotoriety.  Ming Wei Ma, 72 Xiujuan Yu, 57 Mymy Nhan…
1618360399036022785, 16806337, 2023-01-25T21:29:21.000Z, RT @Everytown: We remember and honor the victims of Monterey Park. Give the shooter #NoNotoriety.  Ming Wei Ma, 72 Xiujuan Yu, 57 Mymy Nhan…
1618362477322055681, 1540377292517539842, 2023-01-25T21:37:36.000Z, RT @Everytown: We remember and honor the victims of Monterey Park. Give the shooter #NoNotoriety.  Ming Wei Ma, 72 Xiujuan Yu, 57 Mymy Nhan…
1618373396970065920, 16664681, 2023-01-25T22:21:00.000Z, The 11 people killed in the Monterey Park mass shooting:   Xiujuan Yu, 57 Hongying Jian, 62 Lilan Li, 63 Wen-Tau Yu, 64 Mymy Nhan, 65 Muoi Dai Ung, 67 Valentino Marcos Alvero, 68 Diana Man Ling Tom, 70 Yu-Lun Kao, 72 Ming Wei Ma, 72 Chia Ling Yau, 76  https://t.co/e5OiuDOzEB
1618374336607555606, 38234596, 2023-01-25T22:24:44.000Z, RT @latimes: The 11 people killed in the Monterey Park mass shooting:   Xiujuan Yu, 57 Hongying Jian, 62 Lilan Li, 63 Wen-Tau Yu, 64 Mymy N…
1618374343561711625, 955242253991100416, 2023-01-25T22:24:46.000Z, RT @latimes: The 11 people killed in the Monterey Park mass shooting:   Xiujuan Yu, 57 Hongying Jian, 62 Lilan Li, 63 Wen-Tau Yu, 64 Mymy N…
1618374698529853447, 22208194, 2023-01-25T22:26:10.000Z, RT @latimes: The 11 people killed in the Monterey Park mass shooting:   Xiujuan Yu, 57 Hongying Jian, 62 Lilan Li, 63 Wen-Tau Yu, 64 Mymy N…
1618375220955582471, 1441994357742059522, 2023-01-25T22:28:15.000Z, RT @Everytown: We remember and honor the victims of Monterey Park. Give the shooter #NoNotoriety.  Ming Wei Ma, 72 Xiujuan Yu, 57 Mymy Nhan…
1618375290660720641, 1205180283718234112, 2023-01-25T22:28:31.000Z, RT @latimes: The 11 people killed in the Monterey Park mass shooting:   Xiujuan Yu, 57 Hongying Jian, 62 Lilan Li, 63 Wen-Tau Yu, 64 Mymy N…
1618375362962133004, 1594032581665820672, 2023-01-25T22:28:49.000Z, RT @latimes: The 11 people killed in the Monterey Park mass shooting:   Xiujuan Yu, 57 Hongying Jian, 62 Lilan Li, 63 Wen-Tau Yu, 64 Mymy N…
1618378746100318210, 1529224807945973760, 2023-01-25T22:42:15.000Z, RT @Everytown: We remember and honor the victims of Monterey Park. Give the shooter #NoNotoriety.  Ming Wei Ma, 72 Xiujuan Yu, 57 Mymy Nhan…
1618379050959138819, 1529224807945973760, 2023-01-25T22:43:28.000Z, RT @Everytown: Diana Man Ling Tom, 70, was a hard-working mother, wife and grandmother who loved to dance. Her loved ones said, "to those w…
1618379557807218690, 1264354108837818369, 2023-01-25T22:45:29.000Z, RT @teamtrace: My My Nhan Lilan Li Xiujuan Yu Muoi Dai Ung Hongying Jian Diana Man Ling Tom Yu Lun Kao Chia Ling Yau Valentino Marcos Alver…
1618381359424344064, 1289568707489017857, 2023-01-25T22:52:38.000Z, RT @Everytown: We remember and honor the victims of Monterey Park. Give the shooter #NoNotoriety.  Ming Wei Ma, 72 Xiujuan Yu, 57 Mymy Nhan…
1618381654426550272, 1266469863972909063, 2023-01-25T22:53:49.000Z, RT @AsmMikeFong: Xiujuan Yu, 57 Hongying Jian, 62 Lilian Li, 63 Mymy Nhan, 65  Muoi Dai Ung, 67  Diana Man Ling Tom, 70 Wen-Tau Yu, 64 Vale…
1618382061953495040, 369775787, 2023-01-25T22:55:26.000Z, RT @latimes: The 11 people killed in the Monterey Park mass shooting:   Xiujuan Yu, 57 Hongying Jian, 62 Lilan Li, 63 Wen-Tau Yu, 64 Mymy N…
1618383657852637185, 1132822434829090816, 2023-01-25T23:01:46.000Z, RT @Everytown: We remember and honor the victims of Monterey Park. Give the shooter #NoNotoriety.  Ming Wei Ma, 72 Xiujuan Yu, 57 Mymy Nhan…
1618384457404403712, 839649983959818242, 2023-01-25T23:04:57.000Z, RT @AsmMikeFong: Xiujuan Yu, 57 Hongying Jian, 62 Lilian Li, 63 Mymy Nhan, 65  Muoi Dai Ung, 67  Diana Man Ling Tom, 70 Wen-Tau Yu, 64 Vale…
1618384688216965120, 1385238794, 2023-01-25T23:05:52.000Z, RT @Everytown: We remember and honor the victims of Monterey Park. Give the shooter #NoNotoriety.  Ming Wei Ma, 72 Xiujuan Yu, 57 Mymy Nhan…
1618387384948920320, 338298739, 2023-01-25T23:16:35.000Z, RT @Everytown: We remember and honor the victims of Monterey Park. Give the shooter #NoNotoriety.  Ming Wei Ma, 72 Xiujuan Yu, 57 Mymy Nhan…
1618391467055251459, 1615802764189114368, 2023-01-25T23:32:48.000Z, RT @Everytown: We remember and honor the victims of Monterey Park. Give the shooter #NoNotoriety.  Ming Wei Ma, 72 Xiujuan Yu, 57 Mymy Nhan…
1618392482496286725, 816157667882373120, 2023-01-25T23:36:50.000Z, @RepJudyChu As I continue working on gun safety laws to keep our loved ones safe, I am thinking of the families of:  Xiujuan Yu Hongying Jian Lilian Li Mymy Nhan Muoi Dai Ung Diana Man Ling Tom Wen-Tau Yu Valentino Marcos Alvero Ming Wei Ma Yu-Lun Kao Chia Ling Yau  I am grieving with you.
1618395440743067649, 703048938681720832, 2023-01-25T23:48:36.000Z, RT @Everytown: We remember and honor the victims of Monterey Park. Give the shooter #NoNotoriety.  Ming Wei Ma, 72 Xiujuan Yu, 57 Mymy Nhan…
1618402503179272193, 772432609, 2023-01-26T00:16:39.000Z, RT @Everytown: We remember and honor the victims of Monterey Park. Give the shooter #NoNotoriety.  Ming Wei Ma, 72 Xiujuan Yu, 57 Mymy Nhan…
1618404916464320514, 139845536, 2023-01-26T00:26:15.000Z, RT @Everytown: We remember and honor the victims of Monterey Park. Give the shooter #NoNotoriety.  Ming Wei Ma, 72 Xiujuan Yu, 57 Mymy Nhan…
1618406426564788226, 1599891474035970049, 2023-01-26T00:32:15.000Z, RT @Everytown: We remember and honor the victims of Monterey Park. Give the shooter #NoNotoriety.  Ming Wei Ma, 72 Xiujuan Yu, 57 Mymy Nhan…
1618409637539373060, 147064434, 2023-01-26T00:45:00.000Z, RT @Everytown: We remember and honor the victims of Monterey Park. Give the shooter #NoNotoriety.  Ming Wei Ma, 72 Xiujuan Yu, 57 Mymy Nhan…
1618413284042104834, 3158182316, 2023-01-26T00:59:30.000Z, RT @latimes: The 11 people killed in the Monterey Park mass shooting:   Xiujuan Yu, 57 Hongying Jian, 62 Lilan Li, 63 Wen-Tau Yu, 64 Mymy N…
1618414003717558272, 346445388, 2023-01-26T01:02:21.000Z, RT @latimes: The 11 people killed in the Monterey Park mass shooting:   Xiujuan Yu, 57 Hongying Jian, 62 Lilan Li, 63 Wen-Tau Yu, 64 Mymy N…
1618420056958054400, 3408442393, 2023-01-26T01:26:25.000Z, RT @latimes: The 11 people killed in the Monterey Park mass shooting:   Xiujuan Yu, 57 Hongying Jian, 62 Lilan Li, 63 Wen-Tau Yu, 64 Mymy N…
1618420911174225922, 364367255, 2023-01-26T01:29:48.000Z, RT @Everytown: We remember and honor the victims of Monterey Park. Give the shooter #NoNotoriety.  Ming Wei Ma, 72 Xiujuan Yu, 57 Mymy Nhan…
1618432883735269376, 832473482852069377, 2023-01-26T02:17:23.000Z, RT @Everytown: We remember and honor the victims of Monterey Park. Give the shooter #NoNotoriety.  Ming Wei Ma, 72 Xiujuan Yu, 57 Mymy Nhan…
1618438527196475392, 402822053, 2023-01-26T02:39:48.000Z, RT @Everytown: We remember and honor the victims of Monterey Park. Give the shooter #NoNotoriety.  Ming Wei Ma, 72 Xiujuan Yu, 57 Mymy Nhan…
1618463155906318336, 19360725, 2023-01-26T04:17:40.000Z, RT @Everytown: We remember and honor the victims of Monterey Park. Give the shooter #NoNotoriety.  Ming Wei Ma, 72 Xiujuan Yu, 57 Mymy Nhan…
1618464655143489537, 1121520952892960769, 2023-01-26T04:23:38.000Z, RT @Everytown: We remember and honor the victims of Monterey Park. Give the shooter #NoNotoriety.  Ming Wei Ma, 72 Xiujuan Yu, 57 Mymy Nhan…
1618465457346056192, 31946653, 2023-01-26T04:26:49.000Z, RT @Everytown: We remember and honor the victims of Monterey Park. Give the shooter #NoNotoriety.  Ming Wei Ma, 72 Xiujuan Yu, 57 Mymy Nhan…
1618474855963447296, 2876222898, 2023-01-26T05:04:10.000Z, MEMORIAL FOR THE LOST Monterey Park CA  My Nhan, 65 Lilan Li, 63 Xiujan Yu, 57  Valentino Marcos Alvero, 68 Hongying Jian, 62 Yu Lun Kao, 72 Wen Tau Yu, 64 Ming Wei Ma, 72 Diana Man Ling Tom, 70 Muoi Dai Ung, 67 Chia Ling Yau, 76  #ItsTheDamnGuns  #enoughisenough
1618479801614077953, 1025419341771104256, 2023-01-26T05:23:49.000Z, RT @latimes: The 11 people killed in the Monterey Park mass shooting:   Xiujuan Yu, 57 Hongying Jian, 62 Lilan Li, 63 Wen-Tau Yu, 64 Mymy N…
1618497714249158658, 1478783723718033412, 2023-01-26T06:34:59.000Z, RT @AsmMikeFong: Xiujuan Yu, 57 Hongying Jian, 62 Lilian Li, 63 Mymy Nhan, 65  Muoi Dai Ung, 67  Diana Man Ling Tom, 70 Wen-Tau Yu, 64 Vale…
1618519205279850499, 39974036, 2023-01-26T08:00:23.000Z, RT @AsmMikeFong: Xiujuan Yu, 57 Hongying Jian, 62 Lilian Li, 63 Mymy Nhan, 65  Muoi Dai Ung, 67  Diana Man Ling Tom, 70 Wen-Tau Yu, 64 Vale…
1618529119662395393, 1509199132824682506, 2023-01-26T08:39:47.000Z, RT @Everytown: We remember and honor the victims of Monterey Park. Give the shooter #NoNotoriety.  Ming Wei Ma, 72 Xiujuan Yu, 57 Mymy Nhan…
1618535485642805248, 745690267752226816, 2023-01-26T09:05:05.000Z, RT @Everytown: We remember and honor the victims of Monterey Park. Give the shooter #NoNotoriety.  Ming Wei Ma, 72 Xiujuan Yu, 57 Mymy Nhan…
1618567915443453954, 1161386652390043654, 2023-01-26T11:13:57.000Z, RT @Everytown: We remember and honor the victims of Monterey Park. Give the shooter #NoNotoriety.  Ming Wei Ma, 72 Xiujuan Yu, 57 Mymy Nhan…
1618577486320906241, 29431831, 2023-01-26T11:51:59.000Z, RT @teamtrace: My My Nhan Lilan Li Xiujuan Yu Muoi Dai Ung Hongying Jian Diana Man Ling Tom Yu Lun Kao Chia Ling Yau Valentino Marcos Alver…
1618639261649240065, 730654939370782720, 2023-01-26T15:57:27.000Z, RT @Everytown: We remember and honor the victims of Monterey Park. Give the shooter #NoNotoriety.  Ming Wei Ma, 72 Xiujuan Yu, 57 Mymy Nhan…
1618691313033150464, 1514653040, 2023-01-26T19:24:17.000Z, QiZhong Cheng YeTao Bing Martinez Jimenez ZhiShen Liu JingZhi Lu Marciano Jimenez Martinez Jose Romero Perez AiXiang Zhang Valentino Marcos Alvero  Hongying Jian  YuLun Kao Lilian Li  My Nhan MingWei Ma Diana Man Ling Tom MuoiDai Ung ChiaLing Yau  WenTau Yu  Xiujuan Yu
1618716859960016897, 827182422303334400, 2023-01-26T21:05:48.000Z, RT @Everytown: We remember and honor the victims of Monterey Park. Give the shooter #NoNotoriety.  Ming Wei Ma, 72 Xiujuan Yu, 57 Mymy Nhan…
1618726328026669058, 587536673, 2023-01-26T21:43:25.000Z, Always remember the lives taken in Monterey Park, and honor them with action. 🧡  Mymy Nhan, 65 Lilian Li, 63 Xiujuan Yu, 57 Muoi Dai Ung, 67 Hongying Jian, 62 Yu-Lun Kao, 72 Chia Ling Yau, 76 Valentino Marcos Alvero, 68 Wen-Tau Yu, 64 Ming Wei Ma, 72 Diana Man Ling Tom, 70
1618727633059192832, 53952464, 2023-01-26T21:48:36.000Z, RT @GiffordsCourage: Always remember the lives taken in Monterey Park, and honor them with action. 🧡  Mymy Nhan, 65 Lilian Li, 63 Xiujuan Y…
1618729379479298053, 44177383, 2023-01-26T21:55:33.000Z, RT @GiffordsCourage: Always remember the lives taken in Monterey Park, and honor them with action. 🧡  Mymy Nhan, 65 Lilian Li, 63 Xiujuan Y…
1618729544437080069, 29115723, 2023-01-26T21:56:12.000Z, RT @GiffordsCourage: Always remember the lives taken in Monterey Park, and honor them with action. 🧡  Mymy Nhan, 65 Lilian Li, 63 Xiujuan Y…
1618729603237027841, 246848025, 2023-01-26T21:56:26.000Z, RT @GiffordsCourage: Always remember the lives taken in Monterey Park, and honor them with action. 🧡  Mymy Nhan, 65 Lilian Li, 63 Xiujuan Y…
1618729622409191443, 1465014698701737984, 2023-01-26T21:56:31.000Z, RT @GiffordsCourage: Always remember the lives taken in Monterey Park, and honor them with action. 🧡  Mymy Nhan, 65 Lilian Li, 63 Xiujuan Y…
1618729869969596424, 1586926235879440386, 2023-01-26T21:57:30.000Z, RT @GiffordsCourage: Always remember the lives taken in Monterey Park, and honor them with action. 🧡  Mymy Nhan, 65 Lilian Li, 63 Xiujuan Y…
1618730068636999692, 39483414, 2023-01-26T21:58:17.000Z, RT @GiffordsCourage: Always remember the lives taken in Monterey Park, and honor them with action. 🧡  Mymy Nhan, 65 Lilian Li, 63 Xiujuan Y…
1618730076304187399, 1017208610634412032, 2023-01-26T21:58:19.000Z, RT @GiffordsCourage: Always remember the lives taken in Monterey Park, and honor them with action. 🧡  Mymy Nhan, 65 Lilian Li, 63 Xiujuan Y…
1618730304088449031, 211910821, 2023-01-26T21:59:13.000Z, RT @GiffordsCourage: Always remember the lives taken in Monterey Park, and honor them with action. 🧡  Mymy Nhan, 65 Lilian Li, 63 Xiujuan Y…
1618730328713207818, 60399177, 2023-01-26T21:59:19.000Z, RT @GiffordsCourage: Always remember the lives taken in Monterey Park, and honor them with action. 🧡  Mymy Nhan, 65 Lilian Li, 63 Xiujuan Y…
1618730582309240832, 20698237, 2023-01-26T22:00:20.000Z, RT @GiffordsCourage: Always remember the lives taken in Monterey Park, and honor them with action. 🧡  Mymy Nhan, 65 Lilian Li, 63 Xiujuan Y…
1618730616652193792, 991316464094167040, 2023-01-26T22:00:28.000Z, RT @GiffordsCourage: Always remember the lives taken in Monterey Park, and honor them with action. 🧡  Mymy Nhan, 65 Lilian Li, 63 Xiujuan Y…
1618730855417151490, 906939208035471360, 2023-01-26T22:01:25.000Z, RT @GiffordsCourage: Always remember the lives taken in Monterey Park, and honor them with action. 🧡  Mymy Nhan, 65 Lilian Li, 63 Xiujuan Y…
1618731960142303232, 20735587, 2023-01-26T22:05:48.000Z, RT @GiffordsCourage: Always remember the lives taken in Monterey Park, and honor them with action. 🧡  Mymy Nhan, 65 Lilian Li, 63 Xiujuan Y…
1618732016488550401, 902353171, 2023-01-26T22:06:01.000Z, RT @GiffordsCourage: Always remember the lives taken in Monterey Park, and honor them with action. 🧡  Mymy Nhan, 65 Lilian Li, 63 Xiujuan Y…
1618732537790214144, 896499488344481792, 2023-01-26T22:08:06.000Z, RT @GiffordsCourage: Always remember the lives taken in Monterey Park, and honor them with action. 🧡  Mymy Nhan, 65 Lilian Li, 63 Xiujuan Y…
1618734045567025152, 1529518647957508097, 2023-01-26T22:14:05.000Z, RT @GiffordsCourage: Always remember the lives taken in Monterey Park, and honor them with action. 🧡  Mymy Nhan, 65 Lilian Li, 63 Xiujuan Y…
1618734918036774913, 1318268824131719169, 2023-01-26T22:17:33.000Z, RT @GiffordsCourage: Always remember the lives taken in Monterey Park, and honor them with action. 🧡  Mymy Nhan, 65 Lilian Li, 63 Xiujuan Y…
1618736963762401280, 1220091290043539458, 2023-01-26T22:25:41.000Z, RT @GiffordsCourage: Always remember the lives taken in Monterey Park, and honor them with action. 🧡  Mymy Nhan, 65 Lilian Li, 63 Xiujuan Y…
1618738628427145216, 520570656, 2023-01-26T22:32:18.000Z, RT @GiffordsCourage: Always remember the lives taken in Monterey Park, and honor them with action. 🧡  Mymy Nhan, 65 Lilian Li, 63 Xiujuan Y…
1618739375617232896, 131175226, 2023-01-26T22:35:16.000Z, RT @GiffordsCourage: Always remember the lives taken in Monterey Park, and honor them with action. 🧡  Mymy Nhan, 65 Lilian Li, 63 Xiujuan Y…
1618740529373806594, 24764473, 2023-01-26T22:39:51.000Z, RT @GiffordsCourage: Always remember the lives taken in Monterey Park, and honor them with action. 🧡  Mymy Nhan, 65 Lilian Li, 63 Xiujuan Y…
1618740672676384772, 853352697948393472, 2023-01-26T22:40:25.000Z, RT @GiffordsCourage: Always remember the lives taken in Monterey Park, and honor them with action. 🧡  Mymy Nhan, 65 Lilian Li, 63 Xiujuan Y…
1618741385116663809, 43390148, 2023-01-26T22:43:15.000Z, RT @GiffordsCourage: Always remember the lives taken in Monterey Park, and honor them with action. 🧡  Mymy Nhan, 65 Lilian Li, 63 Xiujuan Y…
1618748468062986240, 301597436, 2023-01-26T23:11:24.000Z, RT @GiffordsCourage: Always remember the lives taken in Monterey Park, and honor them with action. 🧡  Mymy Nhan, 65 Lilian Li, 63 Xiujuan Y…
1618754582003482624, 189300417, 2023-01-26T23:35:42.000Z, RT @GiffordsCourage: Always remember the lives taken in Monterey Park, and honor them with action. 🧡  Mymy Nhan, 65 Lilian Li, 63 Xiujuan Y…
1618754846508843010, 1453840838023319554, 2023-01-26T23:36:45.000Z, RT @ARCHDrNguyen: QiZhong Cheng YeTao Bing Martinez Jimenez ZhiShen Liu JingZhi Lu Marciano Jimenez Martinez Jose Romero Perez AiXiang Zhan…
1618756434950524928, 996902040969281537, 2023-01-26T23:43:03.000Z, RT @GiffordsCourage: Always remember the lives taken in Monterey Park, and honor them with action. 🧡  Mymy Nhan, 65 Lilian Li, 63 Xiujuan Y…
1618759667286671360, 1636761090, 2023-01-26T23:55:54.000Z, RT @GiffordsCourage: Always remember the lives taken in Monterey Park, and honor them with action. 🧡  Mymy Nhan, 65 Lilian Li, 63 Xiujuan Y…
1618793983781781504, 1313603901711691776, 2023-01-27T02:12:16.000Z, RT @GiffordsCourage: Always remember the lives taken in Monterey Park, and honor them with action. 🧡  Mymy Nhan, 65 Lilian Li, 63 Xiujuan Y…
1618795848217018369, 2680411430, 2023-01-27T02:19:40.000Z, RT @GiffordsCourage: Always remember the lives taken in Monterey Park, and honor them with action. 🧡  Mymy Nhan, 65 Lilian Li, 63 Xiujuan Y…
1618801596670042112, 266999028, 2023-01-27T02:42:31.000Z, RT @GiffordsCourage: Always remember the lives taken in Monterey Park, and honor them with action. 🧡  Mymy Nhan, 65 Lilian Li, 63 Xiujuan Y…
1618807110032297984, 4713575707, 2023-01-27T03:04:25.000Z, RT @GiffordsCourage: Always remember the lives taken in Monterey Park, and honor them with action. 🧡  Mymy Nhan, 65 Lilian Li, 63 Xiujuan Y…
1618810892573081600, 1028683289622663168, 2023-01-27T03:19:27.000Z, RT @GiffordsCourage: Always remember the lives taken in Monterey Park, and honor them with action. 🧡  Mymy Nhan, 65 Lilian Li, 63 Xiujuan Y…
1618811950762459136, 1360818178859827201, 2023-01-27T03:23:39.000Z, RT @ARCHDrNguyen: QiZhong Cheng YeTao Bing Martinez Jimenez ZhiShen Liu JingZhi Lu Marciano Jimenez Martinez Jose Romero Perez AiXiang Zhan…
1618826849618137089, 2260532269, 2023-01-27T04:22:51.000Z, RT @GiffordsCourage: Always remember the lives taken in Monterey Park, and honor them with action. 🧡  Mymy Nhan, 65 Lilian Li, 63 Xiujuan Y…
1618903444064194562, 1972721455, 2023-01-27T09:27:13.000Z, RT @GiffordsCourage: Always remember the lives taken in Monterey Park, and honor them with action. 🧡  Mymy Nhan, 65 Lilian Li, 63 Xiujuan Y…
1618913958211260420, 21942536, 2023-01-27T10:09:00.000Z, RT @GiffordsCourage: Always remember the lives taken in Monterey Park, and honor them with action. 🧡  Mymy Nhan, 65 Lilian Li, 63 Xiujuan Y…
1618975009317482496, 322174112, 2023-01-27T14:11:35.000Z, RT @GiffordsCourage: Always remember the lives taken in Monterey Park, and honor them with action. 🧡  Mymy Nhan, 65 Lilian Li, 63 Xiujuan Y…
1619299088532652034, 1600064475935215623, 2023-01-28T11:39:22.000Z, RT @latimes: The 11 people killed in the Monterey Park mass shooting:   Xiujuan Yu, 57 Hongying Jian, 62 Lilan Li, 63 Wen-Tau Yu, 64 Mymy N…
1620091498053386241, 20487659, 2023-01-30T16:08:07.000Z, ... Mymy Nhan, Xiujuan Yu, Hongying Jian, Yu Lun Kao, Valentino Marcos Alvero, Wen Tau Yu, Ming Wei Ma, Diana Man Ling Tom, Muoi Dai Ung, and Chia Ling Yau.
1620127233972269058, 27852273, 2023-01-30T18:30:07.000Z, RT @Everytown: We remember and honor the victims of Monterey Park. Give the shooter #NoNotoriety.  Ming Wei Ma, 72 Xiujuan Yu, 57 Mymy Nhan…
1620127495113826304, 45182867, 2023-01-30T18:31:10.000Z, RT @Everytown: We remember and honor the victims of Monterey Park. Give the shooter #NoNotoriety.  Ming Wei Ma, 72 Xiujuan Yu, 57 Mymy Nhan…
1620127688743858176, 99408825, 2023-01-30T18:31:56.000Z, RT @Everytown: We remember and honor the victims of Monterey Park. Give the shooter #NoNotoriety.  Ming Wei Ma, 72 Xiujuan Yu, 57 Mymy Nhan…
1620127809460109312, 69772094, 2023-01-30T18:32:24.000Z, RT @Everytown: We remember and honor the victims of Monterey Park. Give the shooter #NoNotoriety.  Ming Wei Ma, 72 Xiujuan Yu, 57 Mymy Nhan…
1620129363877572609, 293302111, 2023-01-30T18:38:35.000Z, RT @Everytown: We remember and honor the victims of Monterey Park. Give the shooter #NoNotoriety.  Ming Wei Ma, 72 Xiujuan Yu, 57 Mymy Nhan…
1620129806582177792, 632279524, 2023-01-30T18:40:21.000Z, RT @Everytown: We remember and honor the victims of Monterey Park. Give the shooter #NoNotoriety.  Ming Wei Ma, 72 Xiujuan Yu, 57 Mymy Nhan…
1620132495906975745, 1163873018, 2023-01-30T18:51:02.000Z, RT @Everytown: We remember and honor the victims of Monterey Park. Give the shooter #NoNotoriety.  Ming Wei Ma, 72 Xiujuan Yu, 57 Mymy Nhan…
1620141312610795521, 454025403, 2023-01-30T19:26:04.000Z, RT @Everytown: We remember and honor the victims of Monterey Park. Give the shooter #NoNotoriety.  Ming Wei Ma, 72 Xiujuan Yu, 57 Mymy Nhan…
1620144629143461888, 1455804468, 2023-01-30T19:39:15.000Z, RT @GiffordsCourage: Always remember the lives taken in Monterey Park, and honor them with action. 🧡  Mymy Nhan, 65 Lilian Li, 63 Xiujuan Y…
1620166967943639041, 414188880, 2023-01-30T21:08:01.000Z, RT @Everytown: We remember and honor the victims of Monterey Park. Give the shooter #NoNotoriety.  Ming Wei Ma, 72 Xiujuan Yu, 57 Mymy Nhan…
1620168738099314691, 831282290940637185, 2023-01-30T21:15:03.000Z, RT @Everytown: We remember and honor the victims of Monterey Park. Give the shooter #NoNotoriety.  Ming Wei Ma, 72 Xiujuan Yu, 57 Mymy Nhan…
1620170194772692996, 24455480, 2023-01-30T21:20:50.000Z, RT @Everytown: We remember and honor the victims of Monterey Park. Give the shooter #NoNotoriety.  Ming Wei Ma, 72 Xiujuan Yu, 57 Mymy Nhan…
1620175448583061506, 42152635, 2023-01-30T21:41:43.000Z, RT @Everytown: We remember and honor the victims of Monterey Park. Give the shooter #NoNotoriety.  Ming Wei Ma, 72 Xiujuan Yu, 57 Mymy Nhan…
1620178019188109313, 776959799871303681, 2023-01-30T21:51:55.000Z, RT @Everytown: We remember and honor the victims of Monterey Park. Give the shooter #NoNotoriety.  Ming Wei Ma, 72 Xiujuan Yu, 57 Mymy Nhan…
1620178286033915909, 776959799871303681, 2023-01-30T21:52:59.000Z, RT @Everytown: Diana Man Ling Tom, 70, was a hard-working mother, wife and grandmother who loved to dance. Her loved ones said, "to those w…
1620181148717690881, 50223338, 2023-01-30T22:04:22.000Z, RT @Everytown: We remember and honor the victims of Monterey Park. Give the shooter #NoNotoriety.  Ming Wei Ma, 72 Xiujuan Yu, 57 Mymy Nhan…
1620192845024870400, 2853177367, 2023-01-30T22:50:50.000Z, RT @Everytown: We remember and honor the victims of Monterey Park. Give the shooter #NoNotoriety.  Ming Wei Ma, 72 Xiujuan Yu, 57 Mymy Nhan…
1620230781988900864, 44393729, 2023-01-31T01:21:35.000Z, RT @Everytown: We remember and honor the victims of Monterey Park. Give the shooter #NoNotoriety.  Ming Wei Ma, 72 Xiujuan Yu, 57 Mymy Nhan…
1620525627865731072, 988503090, 2023-01-31T20:53:12.000Z, Ming Wei Ma, 72 Mymy Nhan, 65 Diana Man Ling Tom, 70 Xiujuan Yu, 57 Valentino Marcos Alvero, 68  #RIP | #SayTheirNames | #LAHomicides
1620832118850064384, 345673106, 2023-02-01T17:11:05.000Z, We extend our deepest condolences to the families of Yetao Bing, Qizhong Cheng, Marciano Martinez Jimenez, Aixiang Zhang, Jingzhi Lu, Zhishen Liu, Mymy Nhan, Lilian Li, Xiujuan Yu, Valentino Alvero, Muoi Dai Ung, Diana Man Ling Tom, Wen-Tau Yu, Ming Wei Ma, Yu-Lun Kao, ...  1/2 https://t.co/E8tlHT4Z7L
1620832810251718656, 2248654587, 2023-02-01T17:13:50.000Z, RT @WomenWhoCode: We extend our deepest condolences to the families of Yetao Bing, Qizhong Cheng, Marciano Martinez Jimenez, Aixiang Zhang,…
1620878362926321676, 771634088, 2023-02-01T20:14:50.000Z, WomenWhoCode: We extend our deepest condolences to the families of Yetao Bing, Qizhong Cheng, Marciano Martinez Jimenez, Aixiang Zhang, Jingzhi Lu, Zhishen Liu, Mymy Nhan, Lilian Li, Xiujuan Yu, Valentino Alvero, Muoi Dai Ung, Diana Man Ling Tom, Wen-Tau… https://t.co/oxb3jmwcc6
1620889045386809345, 18778611, 2023-02-01T20:57:17.000Z, RT @WomenWhoCode: We extend our deepest condolences to the families of Yetao Bing, Qizhong Cheng, Marciano Martinez Jimenez, Aixiang Zhang,…
1621387939967123458, 731926723, 2023-02-03T05:59:43.000Z, RT @WomenWhoCode: We extend our deepest condolences to the families of Yetao Bing, Qizhong Cheng, Marciano Martinez Jimenez, Aixiang Zhang,…
