id, author_id, created_at, text
1006157723979927552, 993925603412856832, 2018-06-11T12:54:29.000Z, More names from May 28th... Juan Bernal, 21 Devante Carthers, 25 Darrell Hill, 27 Anthony Clark, 24 Curtis McCollum, 48 Jonathan Polanco, 27 Zachary Morrison, 28 Brisa Covarrubias, 13 Ernest Casanova, 35 Steven Archuleta, 26 Sergio Tabares, 21 Jamari Leblanc, 31 #SayTheirNames
1006158729371365376, 824216698551209984, 2018-06-11T12:58:29.000Z, RT @SayTheirNamesUS: More names from May 28th... Juan Bernal, 21 Devante Carthers, 25 Darrell Hill, 27 Anthony Clark, 24 Curtis McCollum, 4…
1006158933394935808, 2331581, 2018-06-11T12:59:17.000Z, RT @SayTheirNamesUS: More names from May 28th... Juan Bernal, 21 Devante Carthers, 25 Darrell Hill, 27 Anthony Clark, 24 Curtis McCollum, 4…
1006159967651549184, 784498575795482624, 2018-06-11T13:03:24.000Z, RT @SayTheirNamesUS: More names from May 28th... Juan Bernal, 21 Devante Carthers, 25 Darrell Hill, 27 Anthony Clark, 24 Curtis McCollum, 4…
1006160437518524418, 1720530361, 2018-06-11T13:05:16.000Z, RT @SayTheirNamesUS: More names from May 28th... Juan Bernal, 21 Devante Carthers, 25 Darrell Hill, 27 Anthony Clark, 24 Curtis McCollum, 4…
