id, author_id, created_at, text
1127356996515028992, 404257672, 2019-05-11T23:37:07.000Z, @Espejored @LaydaSansores @leonel_luna Hasta no ver no creer... Sabías que @LaydaSansores tiene entre su equipo a Julio Colín, esposo de la anterior corrupta delegada Antonieta Hidalgo? @RBKDESIERTO @DenunciaAOCDMX
1127412852556484610, 4390120513, 2019-05-12T03:19:05.000Z, RT @invitado001: @Espejored @LaydaSansores @leonel_luna Hasta no ver no creer... Sabías que @LaydaSansores tiene entre su equipo a Julio Co…
1127429711150424069, 284724666, 2019-05-12T04:26:04.000Z, RT @invitado001: @Espejored @LaydaSansores @leonel_luna Hasta no ver no creer... Sabías que @LaydaSansores tiene entre su equipo a Julio Co…
1127570429500112897, 613038529, 2019-05-12T13:45:14.000Z, RT @invitado001: @Espejored @LaydaSansores @leonel_luna Hasta no ver no creer... Sabías que @LaydaSansores tiene entre su equipo a Julio Co…
