id, author_id, created_at, text
726198670392057856, 10252962, 2016-04-29T23:57:09.000Z, Burbank body found wrapped in plastic ID'd as that of 30 y/o NoHo man, Nshan Balyan https://t.co/EfADwNahma https://t.co/OYCOBCSdiG
726198807742959616, 2227349515, 2016-04-29T23:57:42.000Z, RT @KTLA: Burbank body found wrapped in plastic ID'd as that of 30 y/o NoHo man, Nshan Balyan https://t.co/EfADwNahma https://t.co/OYCOBCSd…
726199376507359232, 136775764, 2016-04-29T23:59:58.000Z, RT @KTLA: Burbank body found wrapped in plastic ID'd as that of 30 y/o NoHo man, Nshan Balyan https://t.co/EfADwNahma https://t.co/OYCOBCSd…
726199539342802945, 1596403813, 2016-04-30T00:00:36.000Z, RT @KTLA: Burbank body found wrapped in plastic ID'd as that of 30 y/o NoHo man, Nshan Balyan https://t.co/EfADwNahma https://t.co/OYCOBCSd…
726200809780731904, 2646324438, 2016-04-30T00:05:39.000Z, RT @KTLA: Burbank body found wrapped in plastic ID'd as that of 30 y/o NoHo man, Nshan Balyan https://t.co/EfADwNahma https://t.co/OYCOBCSd…
726200869146914818, 234241623, 2016-04-30T00:05:54.000Z, RT @KTLA: Burbank body found wrapped in plastic ID'd as that of 30 y/o NoHo man, Nshan Balyan https://t.co/EfADwNahma https://t.co/OYCOBCSd…
726200981759754241, 1535054335, 2016-04-30T00:06:20.000Z, RT @KTLA: Burbank body found wrapped in plastic ID'd as that of 30 y/o NoHo man, Nshan Balyan https://t.co/EfADwNahma https://t.co/OYCOBCSd…
726201291748188161, 2595830142, 2016-04-30T00:07:34.000Z, RT @KTLA: Burbank body found wrapped in plastic ID'd as that of 30 y/o NoHo man, Nshan Balyan https://t.co/EfADwNahma https://t.co/OYCOBCSd…
726201355447103488, 2429457972, 2016-04-30T00:07:49.000Z, RT @KTLA: Burbank body found wrapped in plastic ID'd as that of 30 y/o NoHo man, Nshan Balyan https://t.co/EfADwNahma https://t.co/OYCOBCSd…
726201740807180288, 1963625982, 2016-04-30T00:09:21.000Z, RT @KTLA: Burbank body found wrapped in plastic ID'd as that of 30 y/o NoHo man, Nshan Balyan https://t.co/EfADwNahma https://t.co/OYCOBCSd…
726201978427039746, 1107712962, 2016-04-30T00:10:18.000Z, RT @KTLA: Burbank body found wrapped in plastic ID'd as that of 30 y/o NoHo man, Nshan Balyan https://t.co/EfADwNahma https://t.co/OYCOBCSd…
726201997599207424, 2458418592, 2016-04-30T00:10:23.000Z, RT @KTLA: Burbank body found wrapped in plastic ID'd as that of 30 y/o NoHo man, Nshan Balyan https://t.co/EfADwNahma https://t.co/OYCOBCSd…
726202252520648704, 942902118, 2016-04-30T00:11:23.000Z, RT @KTLA: Burbank body found wrapped in plastic ID'd as that of 30 y/o NoHo man, Nshan Balyan https://t.co/EfADwNahma https://t.co/OYCOBCSd…
726202717396451328, 21351688, 2016-04-30T00:13:14.000Z, RT @KTLA: Burbank body found wrapped in plastic ID'd as that of 30 y/o NoHo man, Nshan Balyan https://t.co/EfADwNahma https://t.co/OYCOBCSd…
726203974567661568, 528159532, 2016-04-30T00:18:14.000Z, RT @KTLA: Burbank body found wrapped in plastic ID'd as that of 30 y/o NoHo man, Nshan Balyan https://t.co/EfADwNahma https://t.co/OYCOBCSd…
726204241841254400, 420753237, 2016-04-30T00:19:18.000Z, RT @KTLA: Burbank body found wrapped in plastic ID'd as that of 30 y/o NoHo man, Nshan Balyan https://t.co/EfADwNahma https://t.co/OYCOBCSd…
726204864905142272, 2869857734, 2016-04-30T00:21:46.000Z, RT @KTLA: Burbank body found wrapped in plastic ID'd as that of 30 y/o NoHo man, Nshan Balyan https://t.co/EfADwNahma https://t.co/OYCOBCSd…
726206272043798529, 1402841095, 2016-04-30T00:27:22.000Z, RT @KTLA: Burbank body found wrapped in plastic ID'd as that of 30 y/o NoHo man, Nshan Balyan https://t.co/EfADwNahma https://t.co/OYCOBCSd…
726208420328525824, 3062040416, 2016-04-30T00:35:54.000Z, RT @KTLA: Burbank body found wrapped in plastic ID'd as that of 30 y/o NoHo man, Nshan Balyan https://t.co/EfADwNahma https://t.co/OYCOBCSd…
726209645845471232, 1684468832, 2016-04-30T00:40:46.000Z, RT @KTLA: Burbank body found wrapped in plastic ID'd as that of 30 y/o NoHo man, Nshan Balyan https://t.co/EfADwNahma https://t.co/OYCOBCSd…
726210023030820864, 408321258, 2016-04-30T00:42:16.000Z, RT @KTLA: Burbank body found wrapped in plastic ID'd as that of 30 y/o NoHo man, Nshan Balyan https://t.co/EfADwNahma https://t.co/OYCOBCSd…
726211859183865856, 1417098474, 2016-04-30T00:49:34.000Z, RT @KTLA: Burbank body found wrapped in plastic ID'd as that of 30 y/o NoHo man, Nshan Balyan https://t.co/EfADwNahma https://t.co/OYCOBCSd…
726213398208241665, 879672314, 2016-04-30T00:55:41.000Z, RT @KTLA: Burbank body found wrapped in plastic ID'd as that of 30 y/o NoHo man, Nshan Balyan https://t.co/EfADwNahma https://t.co/OYCOBCSd…
726213726056108032, 232060880, 2016-04-30T00:56:59.000Z, RT @KTLA: Burbank body found wrapped in plastic ID'd as that of 30 y/o NoHo man, Nshan Balyan https://t.co/EfADwNahma https://t.co/OYCOBCSd…
726215079339823104, 1473736417, 2016-04-30T01:02:21.000Z, RT @KTLA: Burbank body found wrapped in plastic ID'd as that of 30 y/o NoHo man, Nshan Balyan https://t.co/EfADwNahma https://t.co/OYCOBCSd…
726215246902259712, 2197232287, 2016-04-30T01:03:01.000Z, RT @KTLA: Burbank body found wrapped in plastic ID'd as that of 30 y/o NoHo man, Nshan Balyan https://t.co/EfADwNahma https://t.co/OYCOBCSd…
726215515186712576, 1008132133, 2016-04-30T01:04:05.000Z, RT @KTLA: Burbank body found wrapped in plastic ID'd as that of 30 y/o NoHo man, Nshan Balyan https://t.co/EfADwNahma https://t.co/OYCOBCSd…
726216097632931840, 2810567725, 2016-04-30T01:06:24.000Z, RT @KTLA: Burbank body found wrapped in plastic ID'd as that of 30 y/o NoHo man, Nshan Balyan https://t.co/EfADwNahma https://t.co/OYCOBCSd…
726219206815932416, 4659764729, 2016-04-30T01:18:46.000Z, RT @KTLA: Burbank body found wrapped in plastic ID'd as that of 30 y/o NoHo man, Nshan Balyan https://t.co/EfADwNahma https://t.co/OYCOBCSd…
726220394152128512, 428883047, 2016-04-30T01:23:29.000Z, RT @KTLA: Burbank body found wrapped in plastic ID'd as that of 30 y/o NoHo man, Nshan Balyan https://t.co/EfADwNahma https://t.co/OYCOBCSd…
726221085985787904, 24643873, 2016-04-30T01:26:14.000Z, RT @KTLA: Burbank body found wrapped in plastic ID'd as that of 30 y/o NoHo man, Nshan Balyan https://t.co/EfADwNahma https://t.co/OYCOBCSd…
726228632553713664, 566634879, 2016-04-30T01:56:13.000Z, RT @KTLA: Burbank body found wrapped in plastic ID'd as that of 30 y/o NoHo man, Nshan Balyan https://t.co/EfADwNahma https://t.co/OYCOBCSd…
726229323338797056, 1056071676, 2016-04-30T01:58:58.000Z, RT @KTLA: Burbank body found wrapped in plastic ID'd as that of 30 y/o NoHo man, Nshan Balyan https://t.co/EfADwNahma https://t.co/OYCOBCSd…
726235945737969665, 2759349956, 2016-04-30T02:25:16.000Z, RT @KTLA: Burbank body found wrapped in plastic ID'd as that of 30 y/o NoHo man, Nshan Balyan https://t.co/EfADwNahma https://t.co/OYCOBCSd…
726242775625175040, 453602405, 2016-04-30T02:52:25.000Z, RT @KTLA: Burbank body found wrapped in plastic ID'd as that of 30 y/o NoHo man, Nshan Balyan https://t.co/EfADwNahma https://t.co/OYCOBCSd…
726252082232102912, 3178345302, 2016-04-30T03:29:24.000Z, RT @KTLA: Burbank body found wrapped in plastic ID'd as that of 30 y/o NoHo man, Nshan Balyan https://t.co/EfADwNahma https://t.co/OYCOBCSd…
726253120221630464, 4647449652, 2016-04-30T03:33:31.000Z, RT @KTLA: Burbank body found wrapped in plastic ID'd as that of 30 y/o NoHo man, Nshan Balyan https://t.co/EfADwNahma https://t.co/OYCOBCSd…
726258768254652416, 1915339334, 2016-04-30T03:55:58.000Z, RT @KTLA: Burbank body found wrapped in plastic ID'd as that of 30 y/o NoHo man, Nshan Balyan https://t.co/EfADwNahma https://t.co/OYCOBCSd…
726262373934239744, 2521481377, 2016-04-30T04:10:17.000Z, RT @KTLA: Burbank body found wrapped in plastic ID'd as that of 30 y/o NoHo man, Nshan Balyan https://t.co/EfADwNahma https://t.co/OYCOBCSd…
726280208819453952, 4209381973, 2016-04-30T05:21:10.000Z, RT @KTLA: Burbank body found wrapped in plastic ID'd as that of 30 y/o NoHo man, Nshan Balyan https://t.co/EfADwNahma https://t.co/OYCOBCSd…
726286655531819008, 2212955976, 2016-04-30T05:46:47.000Z, RT @KTLA: Burbank body found wrapped in plastic ID'd as that of 30 y/o NoHo man, Nshan Balyan https://t.co/EfADwNahma https://t.co/OYCOBCSd…
726321594566504449, 1061097912, 2016-04-30T08:05:37.000Z, RT @KTLA: Burbank body found wrapped in plastic ID'd as that of 30 y/o NoHo man, Nshan Balyan https://t.co/EfADwNahma https://t.co/OYCOBCSd…
726332209238396929, 2525921342, 2016-04-30T08:47:47.000Z, RT @KTLA: Burbank body found wrapped in plastic ID'd as that of 30 y/o NoHo man, Nshan Balyan https://t.co/EfADwNahma https://t.co/OYCOBCSd…
726432933406351360, 1526915857, 2016-04-30T15:28:02.000Z, RT @KTLA: Burbank body found wrapped in plastic ID'd as that of 30 y/o NoHo man, Nshan Balyan https://t.co/EfADwNahma https://t.co/OYCOBCSd…
726434170734563328, 24218664, 2016-04-30T15:32:57.000Z, RT @KTLA: Burbank body found wrapped in plastic ID'd as that of 30 y/o NoHo man, Nshan Balyan https://t.co/EfADwNahma https://t.co/OYCOBCSd…
726462097941368832, 2616669342, 2016-04-30T17:23:55.000Z, RT @KTLA: Burbank body found wrapped in plastic ID'd as that of 30 y/o NoHo man, Nshan Balyan https://t.co/EfADwNahma https://t.co/OYCOBCSd…
726495062478049280, 2430980120, 2016-04-30T19:34:55.000Z, RT @KTLA: Burbank body found wrapped in plastic ID'd as that of 30 y/o NoHo man, Nshan Balyan https://t.co/EfADwNahma https://t.co/OYCOBCSd…
726501856713658368, 378252265, 2016-04-30T20:01:55.000Z, RT @KTLA: Burbank body found wrapped in plastic ID'd as that of 30 y/o NoHo man, Nshan Balyan https://t.co/EfADwNahma https://t.co/OYCOBCSd…
726520994853097472, 1094003190, 2016-04-30T21:17:57.000Z, RT @KTLA: Burbank body found wrapped in plastic ID'd as that of 30 y/o NoHo man, Nshan Balyan https://t.co/EfADwNahma https://t.co/OYCOBCSd…
726533956238110721, 3233291820, 2016-04-30T22:09:28.000Z, RT @KTLA: Burbank body found wrapped in plastic ID'd as that of 30 y/o NoHo man, Nshan Balyan https://t.co/EfADwNahma https://t.co/OYCOBCSd…
726547739601858560, 2411317081, 2016-04-30T23:04:14.000Z, RT @KTLA: Burbank body found wrapped in plastic ID'd as that of 30 y/o NoHo man, Nshan Balyan https://t.co/EfADwNahma https://t.co/OYCOBCSd…
726579510343168000, 3191885878, 2016-05-01T01:10:29.000Z, RT @KTLA: Burbank body found wrapped in plastic ID'd as that of 30 y/o NoHo man, Nshan Balyan https://t.co/EfADwNahma https://t.co/OYCOBCSd…
726985586360250368, 2576479742, 2016-05-02T04:04:05.000Z, RT @KTLA: Burbank body found wrapped in plastic ID'd as that of 30 y/o NoHo man, Nshan Balyan https://t.co/EfADwNahma https://t.co/OYCOBCSd…
727493151548649472, 586272938, 2016-05-03T13:40:58.000Z, Burbank police investigating body found wrapped in plastic identified as Nshan Balyan https://t.co/MaEkMDl3RQ
