id, author_id, created_at, text
950539454707462144, 614962906, 2018-01-09T01:27:20.000Z, Fernando Manuel Garcia, 40 : #IHateTimWaterman
951543651238338561, 251680163, 2018-01-11T19:57:39.000Z, Excelente artículo de Fernando Schapachnik en el anuario de El Gato y La Caja. Rolando García, Oscar Varsavsky, Manuel Sadosky y Jorge Sábato aplauden donde estén.. https://t.co/ozOT9rMVS6
951887200211341314, 133546814, 2018-01-12T18:42:48.000Z, #FondoEditorial “El Fomento y la promoción del sector turístico en México. Estudios de caso y recomendaciones de política” por  Mario Alberto Velázquez García y  Hugo Nathanael Lara Figueroa. Adquiérelo en el Centro de Información Manuel Fernando Soto.  https://t.co/UZKfdGVb8H https://t.co/PiIsvTufiu
951892968725729280, 3266290782, 2018-01-12T19:05:43.000Z, RT @elcolegiohgo: #FondoEditorial “El Fomento y la promoción del sector turístico en México. Estudios de caso y recomendaciones de política…
951897013821505536, 175638859, 2018-01-12T19:21:48.000Z, RT @elcolegiohgo: #FondoEditorial “El Fomento y la promoción del sector turístico en México. Estudios de caso y recomendaciones de política…
951909207267315712, 1618392620, 2018-01-12T20:10:15.000Z, RT @elcolegiohgo: #FondoEditorial “El Fomento y la promoción del sector turístico en México. Estudios de caso y recomendaciones de política…
952014395328139264, 87466621, 2018-01-13T03:08:14.000Z, @44Jesteller Toñito Soler y Giner García son una biblioteca del Béisbol ambulante, son de otro nivel (LVBP Y MLB) Carlitos es todo una eminencia de la narración, donde Fernando Arreaza domina. pero mis primeros recuerdos son de Gonzalo López Silvero (+) y Luis Manuel Fernández (+)
952376905621061632, 997790845, 2018-01-14T03:08:43.000Z, RT @elcolegiohgo: #FondoEditorial “El Fomento y la promoción del sector turístico en México. Estudios de caso y recomendaciones de política…
952380008030396416, 97552704, 2018-01-14T03:21:02.000Z, El gol que anoto Fernando Navarro de pierna derecha al segundo poste de la porteria de Luis Manuel Garcia es un poema de gol dejo totalmente parado al portero de Toluca la pelota entro en el angulo.
952619438217580546, 1899890264, 2018-01-14T19:12:27.000Z, Lunes 15 Enero a las 20:00 en el Círculo de la Amistad mesa redonda muy interesante sobre “Actualidad en Investigación y Docencia en Ciencias de la Actividad Física y el Deporte para la salud”.  Dr. Fernando del Villar Álvarez.  Dr. José Manuel García García. Dr. José Devís Devís https://t.co/LvVUTXrV9v
952637979503353856, 803711814492188672, 2018-01-14T20:26:08.000Z, La Sociedad de Medicina y Cirugía de Albacete tiene el gusto de invitarle a la conferencia: “V CENTENARIO DE LA MUERTE DE FERNANDO EL CATOLICO" Que expondrá el Doctor D. JOSE MARIA MANUEL GARCIA-OSUNA Y RODRIGUEZ  https://t.co/Sk5WL7LHIa
952815450362085376, 15525157, 2018-01-15T08:11:20.000Z, RT @juandinicordoba: Lunes 15 Enero a las 20:00 en el Círculo de la Amistad mesa redonda muy interesante sobre “Actualidad en Investigación…
953017151073472512, 888158434520178688, 2018-01-15T21:32:49.000Z, Y a ver hoy en Historia de nuestro cine:  "FULANO Y MENGANO" (1955) con José Isbert, Julia Martínez, Juanjo Menéndez, Emilio Santiago, Antonio García Quijada, Manuel Arbó, Rafael Bardem, Xan das Bolas, Fernando Delgado, Emilio Rodríguez, Manuel Alexandre, Antonio Burgos. https://t.co/89xr4ojGjH
953749021503483904, 430531529, 2018-01-17T22:01:01.000Z, Con El Puerto, que dedica su Feria a #Sanlúcar, y su alcalde, @daviddelaencina, en #Fitur2018,  junto a @JLBelizon, delegado de la Junta en Cádiz, Manuel Jiménez Barrios, vpte. de la Junta, @chefdelmar, @Irene_Garcia_M García, pta. Diputación, y @patriciacavada, de San Fernando. https://t.co/KeVzF51dhV
953761203918114816, 96163789, 2018-01-17T22:49:25.000Z, RT @moravictorescob: Con El Puerto, que dedica su Feria a #Sanlúcar, y su alcalde, @daviddelaencina, en #Fitur2018,  junto a @JLBelizon, de…
953761645330944000, 2771515067, 2018-01-17T22:51:10.000Z, RT @moravictorescob: Con El Puerto, que dedica su Feria a #Sanlúcar, y su alcalde, @daviddelaencina, en #Fitur2018,  junto a @JLBelizon, de…
953869878750072833, 4338306807, 2018-01-18T06:01:15.000Z, RT @moravictorescob: Con El Puerto, que dedica su Feria a #Sanlúcar, y su alcalde, @daviddelaencina, en #Fitur2018,  junto a @JLBelizon, de…
953882886352105472, 248631759, 2018-01-18T06:52:57.000Z, RT @moravictorescob: Con El Puerto, que dedica su Feria a #Sanlúcar, y su alcalde, @daviddelaencina, en #Fitur2018,  junto a @JLBelizon, de…
953883099124858880, 1045510885, 2018-01-18T06:53:47.000Z, RT @moravictorescob: Con El Puerto, que dedica su Feria a #Sanlúcar, y su alcalde, @daviddelaencina, en #Fitur2018,  junto a @JLBelizon, de…
953883168406474752, 2824369970, 2018-01-18T06:54:04.000Z, RT @moravictorescob: Con El Puerto, que dedica su Feria a #Sanlúcar, y su alcalde, @daviddelaencina, en #Fitur2018,  junto a @JLBelizon, de…
953883787452125184, 839393871457026048, 2018-01-18T06:56:31.000Z, RT @moravictorescob: Con El Puerto, que dedica su Feria a #Sanlúcar, y su alcalde, @daviddelaencina, en #Fitur2018,  junto a @JLBelizon, de…
954115414291869696, 167802098, 2018-01-18T22:16:56.000Z, Vea pues, quieren a punta de miedo y chantaje meter a Álvaro Asthon, César Gaviria, Ernesto Samper, Juan Fernando Cristo, Juan Manuel Galán,Luis Fernando Duque, Guillermo García y demás seres oscuros de @PartidoLiberal dentro de #CoaliciónColombia. Tan vivos https://t.co/MOdODlErxf
954317171445944320, 3157316962, 2018-01-19T11:38:38.000Z, Mañana, oportunidad de un gran encuentro en Madrid con José Manuel Naredo, Fernando García-Dory , Juan Serna, Artemio Baigorri, Pablo Campos... EXTREMADURA SAQUEADA https://t.co/d0sWBN9fy1
954317775257964544, 477904492, 2018-01-19T11:41:02.000Z, RT @JorgeRiechmann: Mañana, oportunidad de un gran encuentro en Madrid con José Manuel Naredo, Fernando García-Dory , Juan Serna, Artemio B…
954319283470962688, 299741964, 2018-01-19T11:47:02.000Z, RT @JorgeRiechmann: Mañana, oportunidad de un gran encuentro en Madrid con José Manuel Naredo, Fernando García-Dory , Juan Serna, Artemio B…
954339561563402246, 407842559, 2018-01-19T13:07:36.000Z, RT @JorgeRiechmann: Mañana, oportunidad de un gran encuentro en Madrid con José Manuel Naredo, Fernando García-Dory , Juan Serna, Artemio B…
954368856319029248, 3028847566, 2018-01-19T15:04:01.000Z, RT @JorgeRiechmann: Mañana, oportunidad de un gran encuentro en Madrid con José Manuel Naredo, Fernando García-Dory , Juan Serna, Artemio B…
954393226156396544, 436129892, 2018-01-19T16:40:51.000Z, RT @JorgeRiechmann: Mañana, oportunidad de un gran encuentro en Madrid con José Manuel Naredo, Fernando García-Dory , Juan Serna, Artemio B…
954416089991086081, 543670496, 2018-01-19T18:11:42.000Z, RT @JorgeRiechmann: Mañana, oportunidad de un gran encuentro en Madrid con José Manuel Naredo, Fernando García-Dory , Juan Serna, Artemio B…
954494019928813568, 229674603, 2018-01-19T23:21:22.000Z, Los ex en #PalacioDeGobierno. José Manuel Hernández (Agricultura), Fernando Zavala (PCM), Ana María Romero (Mujer), Patricia García (Salud) y Marilú Martens (Educación). Fotito para el recuerdo luego de escuchar al #PapaFrancisco https://t.co/aHNW2f65Ju
954503563639689216, 138657729, 2018-01-19T23:59:18.000Z, RT @DorisHinojosa: Los ex en #PalacioDeGobierno. José Manuel Hernández (Agricultura), Fernando Zavala (PCM), Ana María Romero (Mujer), Patr…
