id, author_id, created_at, text
1404958230036500481, 1354784331814887427, 2021-06-16T00:25:19.000Z, RT @FelicianoValen: "El subdirector de la Fundación Paz y Reconciliación Ariel Ávila reitero el llamado al presidente Iván Duque para que n…
1405139202292031488, 177823502, 2021-06-16T12:24:26.000Z, Ariel Ávila:  “EL URIBISMO JUEGA A DEGRADAR EL PARO CON VIOLENCIA”  "ES QUE EL GOBIERNO DE IVÁN DUQUE NO QUIERE NI LE INTERESA NEGOCIAR; intentó aplacar esta protesta a punta de violencia como lo hizo Nicolás Maduro en 2017, aplicando la misma estrategia" https://t.co/9FNe0mt7R4
1405144627976364035, 1080825534031060992, 2021-06-16T12:46:00.000Z, Iván Barbero cuenta para @CAOsasuna como cuarto delantero. Informa @DiariodeNavarra que es una opción real para complementar el ataque junto a Budimir, Chimy Ávila y Kike García. Los que no cuentan son Enric Gallego, Marc Cardona y Brandon Thomas, muy cotizados en Segunda
1405145654335311874, 627372565, 2021-06-16T12:50:04.000Z, RT @solofichajes123: Iván Barbero cuenta para @CAOsasuna como cuarto delantero. Informa @DiariodeNavarra que es una opción real para comple…
1405146136554446855, 1209928296, 2021-06-16T12:51:59.000Z, RT @solofichajes123: Iván Barbero cuenta para @CAOsasuna como cuarto delantero. Informa @DiariodeNavarra que es una opción real para comple…
1405147338931322890, 1320947499843133440, 2021-06-16T12:56:46.000Z, RT @FelicianoValen: "El subdirector de la Fundación Paz y Reconciliación Ariel Ávila reitero el llamado al presidente Iván Duque para que n…
1405171842877472768, 1125924139, 2021-06-16T14:34:08.000Z, RT @solofichajes123: Iván Barbero cuenta para @CAOsasuna como cuarto delantero. Informa @DiariodeNavarra que es una opción real para comple…
1405172572900237319, 276613008, 2021-06-16T14:37:02.000Z, RT @solofichajes123: Iván Barbero cuenta para @CAOsasuna como cuarto delantero. Informa @DiariodeNavarra que es una opción real para comple…
1405178450676178947, 459344764, 2021-06-16T15:00:24.000Z, RT @solofichajes123: Iván Barbero cuenta para @CAOsasuna como cuarto delantero. Informa @DiariodeNavarra que es una opción real para comple…
1405184054840991744, 1250554152083750923, 2021-06-16T15:22:40.000Z, RT @solofichajes123: Iván Barbero cuenta para @CAOsasuna como cuarto delantero. Informa @DiariodeNavarra que es una opción real para comple…
1405208829864857602, 1353748777086103558, 2021-06-16T17:01:07.000Z, RT @solofichajes123: Iván Barbero cuenta para @CAOsasuna como cuarto delantero. Informa @DiariodeNavarra que es una opción real para comple…
1405231481585389573, 356393288, 2021-06-16T18:31:07.000Z, La E.S.E Hospital Integrado Sabana de Torres sigue trabajando por mejorar la prestación de servicios médicos. Junto al concejal Andrés Ávila, el gerente del hospital, Javier Iván Bell y la alcaldía de @SabanaDeTorres1, gestionamos los equipos médicos que necesitaba la comunidad. https://t.co/SboPbyPOLL
1405263933276033036, 272373419, 2021-06-16T20:40:04.000Z, RT @solofichajes123: Iván Barbero cuenta para @CAOsasuna como cuarto delantero. Informa @DiariodeNavarra que es una opción real para comple…
1405323505563058190, 1379891876363440142, 2021-06-17T00:36:48.000Z, RT @monte_avila: Disfruta de nuestro Conversatorio: De Macuto a Carabobo, una jugada estratégica en el camino a la batalla. A cargo del inv…
1405324948357455875, 140732835, 2021-06-17T00:42:32.000Z, RT @monte_avila: Disfruta de nuestro Conversatorio: De Macuto a Carabobo, una jugada estratégica en el camino a la batalla. A cargo del inv…
1405326418649755655, 1358434635101962240, 2021-06-17T00:48:22.000Z, RT @monte_avila: Disfruta de nuestro Conversatorio: De Macuto a Carabobo, una jugada estratégica en el camino a la batalla. A cargo del inv…
1405329410463604739, 3015517485, 2021-06-17T01:00:15.000Z, RT @CiroFernandezN: La E.S.E Hospital Integrado Sabana de Torres sigue trabajando por mejorar la prestación de servicios médicos. Junto al…
1405388101279748099, 62939176, 2021-06-17T04:53:28.000Z, @gilbertobm @abramartti No lo deberia hacer, te digo y cierro el tema. Conozco a Ivan, trabajamos,  ah leí el libró, incluso puedo discrepar de transcripciones del texto, y para que tengas una idea clara de San Roman y Terrazas del Ávila, remítase a las actas procesales. Fue un placer.
1405389777587916804, 1127105771181940736, 2021-06-17T05:00:08.000Z, Chinga tu madre Iván Avila
1405440559372767235, 1193504927965954054, 2021-06-17T08:21:55.000Z, Iván #Barbero intéresse @CAOsasuna. Info selon @DiariodeNavarra, il est une vraie option pour compléter l'attaque avec Budimir, Chimy Ávila et Kike García. Ceux qui ne comptent plus sont Enric Gallego, Marc Cardona et Brandon Thomas, très appréciés en seconde division. https://t.co/p903Yx4mgb
1405471274059583494, 484919021, 2021-06-17T10:23:58.000Z, RT @solofichajes123: Iván Barbero cuenta para @CAOsasuna como cuarto delantero. Informa @DiariodeNavarra que es una opción real para comple…
1405473128038416388, 474261815, 2021-06-17T10:31:20.000Z, RT @solofichajes123: Iván Barbero cuenta para @CAOsasuna como cuarto delantero. Informa @DiariodeNavarra que es una opción real para comple…
1405566326052208649, 1353506433099309062, 2021-06-17T16:41:40.000Z, RT @monte_avila: Disfruta de nuestro Conversatorio: De Macuto a Carabobo, una jugada estratégica en el camino a la batalla. A cargo del inv…
1405582609053368320, 130932225, 2021-06-17T17:46:23.000Z, @Ivan_Jim @miguirocha Si hay gusto por el béisbol pero ya tienen las instalaciones hasta de sobra en el beto ávila, pero bueno esperemos en 3 años todo vuelva a la normalidad de pena lo que hace @CuitlahuacGJ
1405904149791793161, 14807254, 2021-06-18T15:04:04.000Z, This week we're excited to share coaching students Ivan Avila and Jenny Acosta's rehab!    What design feature catches your eye the most? 👀  We love the wine display feature wall in the dining area!? 😍 https://t.co/PVwDoNouvq
1407368914892472323, 1279793912333455361, 2021-06-22T16:04:31.000Z, GOBIERNO DE DUQUE ES  DE MAFIOSOS El equipo de gobierno de duque esta constituido por mafiosos, porque la  mafia  financio su campaña  https://t.co/Oc1Ya7NBQn https://t.co/CRcGsQeODf
1407381125840912387, 1243500605127176193, 2021-06-22T16:53:02.000Z, RT @monte_avila: Disfruta de nuestro Conversatorio: De Macuto a Carabobo, una jugada estratégica en el camino a la batalla. A cargo del inv…
1407588672917098496, 1691251046, 2021-06-23T06:37:46.000Z, ¡Echa un vistazo al vídeo de kimil iván aguilera avila! #TikTok https://t.co/OR5Gog73hG
1407602195315429376, 115653126, 2021-06-23T07:31:30.000Z, RT @cof_avila: Ni las vacunas ni las PCR magnetizan con grafeno.   Nueva información de @EFEVerifica con declaraciones de Iván Espada de @F…
1407715982735556619, 949897206, 2021-06-23T15:03:39.000Z, #Loja| El director de @DirmovSocial, Grab. Alexander Levoyer, acompañado del Tcrn. Iván Ávila, comandante de la Base de Movilización Sur, visitaron el Centro de Movilización Loja, y verificaron el cumplimiento de las actividades encomendadas en beneficio de la institución. https://t.co/ErR6QxmOFs
1407716291545387009, 1400536834443251716, 2021-06-23T15:04:52.000Z, RT @FFAAECUADOR: #Loja| El director de @DirmovSocial, Grab. Alexander Levoyer, acompañado del Tcrn. Iván Ávila, comandante de la Base de Mo…
1407728138130530304, 1245418999510335490, 2021-06-23T15:51:57.000Z, RT @FFAAECUADOR: #Loja| El director de @DirmovSocial, Grab. Alexander Levoyer, acompañado del Tcrn. Iván Ávila, comandante de la Base de Mo…
1407733031226466314, 3817945815, 2021-06-23T16:11:23.000Z, RT @FFAAECUADOR: #Loja| El director de @DirmovSocial, Grab. Alexander Levoyer, acompañado del Tcrn. Iván Ávila, comandante de la Base de Mo…
1407751248032550919, 327395797, 2021-06-23T17:23:46.000Z, @Avila_Turismo Con buena gente de Toledo! #AvilaEnTapas  #Ivan #Lucia
1407840213880107017, 2831009790, 2021-06-23T23:17:18.000Z, ➡ Conversatorio con Iván Ávila Dueñas  El próximo miércoles 30 de junio, en #UNIAT, tendremos un conversatorio totalmente en línea con @IvanAvilaDuenas, director, guionista y productor de cine mexicano.  Conoce todos los detalles en el enlace: 👇   https://t.co/VJ9n0M2r40
1408023143592177665, 2380716987, 2021-06-24T11:24:11.000Z, RT @cof_avila: Ni las vacunas ni las PCR magnetizan con grafeno.   Nueva información de @EFEVerifica con declaraciones de Iván Espada de @F…
1408023501504761862, 1398318623303872512, 2021-06-24T11:25:37.000Z, RT @cof_avila: Ni las vacunas ni las PCR magnetizan con grafeno.   Nueva información de @EFEVerifica con declaraciones de Iván Espada de @F…
1408025908598951936, 1343280302056157184, 2021-06-24T11:35:11.000Z, RT @cof_avila: Ni las vacunas ni las PCR magnetizan con grafeno.   Nueva información de @EFEVerifica con declaraciones de Iván Espada de @F…
1408145235780194305, 1343309303684485120, 2021-06-24T19:29:20.000Z, RT @monte_avila: Disfruta de nuestro Conversatorio: De Macuto a Carabobo, una jugada estratégica en el camino a la batalla. A cargo del inv…
1408234943248048132, 1250898198295691266, 2021-06-25T01:25:48.000Z, A las 22.30 hrs. se exhibe por @Canal22 EL PELUQUERO ROMÁNTICO💈💇 de Iván Ávila Dueñas, como parte del ciclo @Est_Churubusco Presenta.   Les dejamos una reseña sobre esta interesantísima película✍️🎞️.  https://t.co/VkhMyXQUj4
1408235650248183810, 92772631, 2021-06-25T01:28:37.000Z, RT @FotogeniaPod: A las 22.30 hrs. se exhibe por @Canal22 EL PELUQUERO ROMÁNTICO💈💇 de Iván Ávila Dueñas, como parte del ciclo @Est_Churubus…
1408519665459019778, 177823502, 2021-06-25T20:17:11.000Z, "EL GOBIERNO DE IVÁN DUQUE JUEGA CON CANDELA Y ESO PUEDE LLEVAR A QUE SE QUEME. El mejor escenario es negociar, no sobre toda la agenda pero sí sobre unos mínimos, y dejar que el resto se solucione en el debate electoral del 2022"  https://t.co/BtEN5rsKZS
1408576893352349698, 1345807801906573312, 2021-06-26T00:04:36.000Z, RT @monte_avila: Disfruta de nuestro Conversatorio: De Macuto a Carabobo, una jugada estratégica en el camino a la batalla. A cargo del inv…
1408578082315898884, 1352619268349845507, 2021-06-26T00:09:19.000Z, RT @monte_avila: Disfruta de nuestro Conversatorio: De Macuto a Carabobo, una jugada estratégica en el camino a la batalla. A cargo del inv…
1408603241378689027, 450826116, 2021-06-26T01:49:17.000Z, @VickyDavilaH Revista SEMATA gratis de Vicky Avila: isla Providencia reconstruida a pesar de las mentiras de Ivan Duque. Eso gracias a la legendaria promesa: "El Dia en que un Cerdo Vuele" El cerdo voló de Sardinata a Cúcuta. El Cerdo: entregamos 500 casas.. Los habitantes dicen que fueron dos
1408603305253691394, 450826116, 2021-06-26T01:49:33.000Z, RT @carloslevelgar: @VickyDavilaH Revista SEMATA gratis de Vicky Avila: isla Providencia reconstruida a pesar de las mentiras de Ivan Duque…
1408605793931431936, 2359433474, 2021-06-26T01:59:26.000Z, RT @carloslevelgar: @VickyDavilaH Revista SEMATA gratis de Vicky Avila: isla Providencia reconstruida a pesar de las mentiras de Ivan Duque…
1408805974744391680, 1389263764202065921, 2021-06-26T15:14:53.000Z, Sólo el Polo Democrático, Ariel Ávila e Iván Cepeda se pronuncian claramente contra el gobierno Duque. Y sólo Uribe Vélez y Fenalco vociferan contra el Paro. Pero en general, en País Twitter "el tal Paro ya no Existe". #ElMonumentoSeRespeta #cali #ParoNacional26J #ElParoNoPara ⬇️ https://t.co/PLem8D4dRu
1408837862041264132, 1298764914090278912, 2021-06-26T17:21:35.000Z, THELIEROOM  A SHORTFILM BY IVÁN HECHAVARRÍA &amp; ERNESTO ÁVILA... . . . . . 📣: @ivznhc  . 📹: @rafhdezp  . 🎤: @therealrhdezp https://t.co/yrCjSexK1H
1408838239977361413, 1199468589734146048, 2021-06-26T17:23:06.000Z, RT @guillo_con_nes: THELIEROOM  A SHORTFILM BY IVÁN HECHAVARRÍA &amp; ERNESTO ÁVILA... . . . . . 📣: @ivznhc  . 📹: @rafhdezp  . 🎤: @therealrhdez…
1408838771999711236, 1388571299237203969, 2021-06-26T17:25:12.000Z, RT @guillo_con_nes: THELIEROOM  A SHORTFILM BY IVÁN HECHAVARRÍA &amp; ERNESTO ÁVILA... . . . . . 📣: @ivznhc  . 📹: @rafhdezp  . 🎤: @therealrhdez…
1408852664633511936, 1366071482519089153, 2021-06-26T18:20:25.000Z, RT @guillo_con_nes: THELIEROOM  A SHORTFILM BY IVÁN HECHAVARRÍA &amp; ERNESTO ÁVILA... . . . . . 📣: @ivznhc  . 📹: @rafhdezp  . 🎤: @therealrhdez…
1408853325399924745, 1372821365082963970, 2021-06-26T18:23:02.000Z, RT @guillo_con_nes: THELIEROOM  A SHORTFILM BY IVÁN HECHAVARRÍA &amp; ERNESTO ÁVILA... . . . . . 📣: @ivznhc  . 📹: @rafhdezp  . 🎤: @therealrhdez…
1408908559593750532, 130254911, 2021-06-26T22:02:31.000Z, Jugadores rivales que siempre quisE en mi equipo.  El pipa de Avila, Ivan Rene valenciano, al guigo mafla, Oscar pareja, Mao molina, Jhon Mario Ramirez, edson becerra, Giovanny Cordoba y uno que otro que se me escapa. Rivales siempre pero jamás como para desearles que algo malo.
1408977736962506755, 967598054068146176, 2021-06-27T02:37:24.000Z, Ariel Ávila piensa que Iván Duque empeoró la seguridad de Colombia https://t.co/M0GNNiswXD
1408978284965208066, 955015750259011584, 2021-06-27T02:39:35.000Z, RT @PluralidadZ: Ariel Ávila piensa que Iván Duque empeoró la seguridad de Colombia https://t.co/M0GNNiswXD
1408980122779148288, 1354241118, 2021-06-27T02:46:53.000Z, RT @PluralidadZ: Ariel Ávila piensa que Iván Duque empeoró la seguridad de Colombia https://t.co/M0GNNiswXD
1408980789056974850, 342232007, 2021-06-27T02:49:32.000Z, RT @PluralidadZ: Ariel Ávila piensa que Iván Duque empeoró la seguridad de Colombia https://t.co/M0GNNiswXD
1408980984222081024, 181698310, 2021-06-27T02:50:18.000Z, RT @PluralidadZ: Ariel Ávila piensa que Iván Duque empeoró la seguridad de Colombia https://t.co/M0GNNiswXD
1408985469317173252, 474480941, 2021-06-27T03:08:08.000Z, RT @PluralidadZ: Ariel Ávila piensa que Iván Duque empeoró la seguridad de Colombia https://t.co/M0GNNiswXD
1408990282058719235, 1247153599144054784, 2021-06-27T03:27:15.000Z, RT @PluralidadZ: Ariel Ávila piensa que Iván Duque empeoró la seguridad de Colombia https://t.co/M0GNNiswXD
1408990981123362817, 1391084407449137155, 2021-06-27T03:30:02.000Z, RT @PluralidadZ: Ariel Ávila piensa que Iván Duque empeoró la seguridad de Colombia https://t.co/M0GNNiswXD
1408993686768263170, 1308798698, 2021-06-27T03:40:47.000Z, RT @PluralidadZ: Ariel Ávila piensa que Iván Duque empeoró la seguridad de Colombia https://t.co/M0GNNiswXD
1408996080004513792, 881183617342418944, 2021-06-27T03:50:18.000Z, RT @PluralidadZ: Ariel Ávila piensa que Iván Duque empeoró la seguridad de Colombia https://t.co/M0GNNiswXD
1409007018820702210, 1085961079228956672, 2021-06-27T04:33:46.000Z, RT @PluralidadZ: Ariel Ávila piensa que Iván Duque empeoró la seguridad de Colombia https://t.co/M0GNNiswXD
1409007457398136832, 1398408985590521858, 2021-06-27T04:35:30.000Z, RT @FelicianoValen: "El subdirector de la Fundación Paz y Reconciliación Ariel Ávila reitero el llamado al presidente Iván Duque para que n…
1409010916881059844, 2347465815, 2021-06-27T04:49:15.000Z, RT @PluralidadZ: Ariel Ávila piensa que Iván Duque empeoró la seguridad de Colombia https://t.co/M0GNNiswXD
1409094810984669191, 1272506172147408898, 2021-06-27T10:22:37.000Z, RT @PluralidadZ: Ariel Ávila piensa que Iván Duque empeoró la seguridad de Colombia https://t.co/M0GNNiswXD
1409124074127757313, 992778756862414848, 2021-06-27T12:18:54.000Z, RT @PluralidadZ: Ariel Ávila piensa que Iván Duque empeoró la seguridad de Colombia https://t.co/M0GNNiswXD
1409134591479324674, 271033419, 2021-06-27T13:00:41.000Z, RT @PluralidadZ: Ariel Ávila piensa que Iván Duque empeoró la seguridad de Colombia https://t.co/M0GNNiswXD
1409183035539460099, 3043653089, 2021-06-27T16:13:11.000Z, RT @PluralidadZ: Ariel Ávila piensa que Iván Duque empeoró la seguridad de Colombia https://t.co/M0GNNiswXD
1409201502242103297, 304661260, 2021-06-27T17:26:34.000Z, RT @PluralidadZ: Ariel Ávila piensa que Iván Duque empeoró la seguridad de Colombia https://t.co/M0GNNiswXD
1409203053836783621, 398444223, 2021-06-27T17:32:44.000Z, RT @PluralidadZ: Ariel Ávila piensa que Iván Duque empeoró la seguridad de Colombia https://t.co/M0GNNiswXD
1409213426627493888, 889344279453282304, 2021-06-27T18:13:57.000Z, RT @PluralidadZ: Ariel Ávila piensa que Iván Duque empeoró la seguridad de Colombia https://t.co/M0GNNiswXD
1409222015983230978, 2351904883, 2021-06-27T18:48:05.000Z, RT @PluralidadZ: Ariel Ávila piensa que Iván Duque empeoró la seguridad de Colombia https://t.co/M0GNNiswXD
1409223221749202944, 2537376130, 2021-06-27T18:52:52.000Z, RT @PluralidadZ: Ariel Ávila piensa que Iván Duque empeoró la seguridad de Colombia https://t.co/M0GNNiswXD
1409228673304207362, 1226392998, 2021-06-27T19:14:32.000Z, RT @PluralidadZ: Ariel Ávila piensa que Iván Duque empeoró la seguridad de Colombia https://t.co/M0GNNiswXD
1409263537869013002, 1406359922938351622, 2021-06-27T21:33:04.000Z, RT @PluralidadZ: Ariel Ávila piensa que Iván Duque empeoró la seguridad de Colombia https://t.co/M0GNNiswXD
1409327226848415746, 1298764914090278912, 2021-06-28T01:46:09.000Z, RT @guillo_con_nes: THELIEROOM  A SHORTFILM BY IVÁN HECHAVARRÍA &amp; ERNESTO ÁVILA... . . . . . 📣: @ivznhc  . 📹: @rafhdezp  . 🎤: @therealrhdez…
1409500254895054849, 1376249685644566529, 2021-06-28T13:13:42.000Z, RT @PluralidadZ: Ariel Ávila piensa que Iván Duque empeoró la seguridad de Colombia https://t.co/M0GNNiswXD
1409502509136232449, 1393271407891652610, 2021-06-28T13:22:40.000Z, RT @PluralidadZ: Ariel Ávila piensa que Iván Duque empeoró la seguridad de Colombia https://t.co/M0GNNiswXD
1409553277134512131, 197097278, 2021-06-28T16:44:24.000Z, Entrevista 🎙️ | Entre Tintos &amp; Papeles. 🍷🗞️  Esta tarde, el Dr. Marco Avila Cartagena entrevistará a a Iván Abril, Concejal de la ciudad de Cuenca.  Lunes 28/06 a las 17:55h por 106.1FM 📻 en #Azuay y #Cañar, https://t.co/cyy8GN0hs0 https://t.co/5VV5AmTzUq
1409553417937227783, 506319524, 2021-06-28T16:44:57.000Z, RT @radialvision: Entrevista 🎙️ | Entre Tintos &amp; Papeles. 🍷🗞️  Esta tarde, el Dr. Marco Avila Cartagena entrevistará a a Iván Abril, Concej…
1409554108047056897, 1311019305883103232, 2021-06-28T16:47:42.000Z, RT @monte_avila: Disfruta de nuestro Conversatorio: De Macuto a Carabobo, una jugada estratégica en el camino a la batalla. A cargo del inv…
1409564808974766082, 2477111018, 2021-06-28T17:30:13.000Z, Manuel Skye photographed by Iván Ávila. https://t.co/f10oGMw89z
1409617662775218179, 2528246576, 2021-06-28T21:00:14.000Z, OJO #CEA no especifica el por qué salen de operación los pozos y ni tampoco mencionan cuando se va a solucionar en asunto. ¿Pagaron la luz? Que no nos quiera ver la cara Iván Cruz. @sergio_avila_ce
1409840964907278338, 4888519917, 2021-06-29T11:47:34.000Z, What is erotic? The acrobatic play of the imagination. The sea of memories in which we bathe. The way we caress and adore things with our eyes. What is erotic is our passion for the vitality of life.  📸Wonderful images of sexy @ManuelSkyexxx by Iván Ávila. https://t.co/UhDyOdWup0
1409842131385135104, 4888519917, 2021-06-29T11:52:12.000Z, Perversion is just another form of art. It's like painting or drawing or sculpture. Except, instead of painting, we perverts use sex as our medium. 📸Stunning as always @ManuelSkyexxx by Iván Ávila. https://t.co/6bygPis9i8
1409849304643211267, 799667490313928704, 2021-06-29T12:20:42.000Z, RT @miguelsolo611: What is erotic? The acrobatic play of the imagination. The sea of memories in which we bathe. The way we caress and ador…
1409849858924716034, 1040041385741754368, 2021-06-29T12:22:54.000Z, RT @miguelsolo611: What is erotic? The acrobatic play of the imagination. The sea of memories in which we bathe. The way we caress and ador…
1409851625510998021, 1194627545846575105, 2021-06-29T12:29:55.000Z, RT @miguelsolo611: What is erotic? The acrobatic play of the imagination. The sea of memories in which we bathe. The way we caress and ador…
1409856243594711043, 1282560273383997440, 2021-06-29T12:48:16.000Z, RT @miguelsolo611: What is erotic? The acrobatic play of the imagination. The sea of memories in which we bathe. The way we caress and ador…
1409880893393625088, 1322057200718761984, 2021-06-29T14:26:13.000Z, RT @miguelsolo611: Perversion is just another form of art. It's like painting or drawing or sculpture. Except, instead of painting, we perv…
1409881667746025474, 1191366043090006024, 2021-06-29T14:29:18.000Z, RT @miguelsolo611: Perversion is just another form of art. It's like painting or drawing or sculpture. Except, instead of painting, we perv…
1409884570917421068, 1372129470912561153, 2021-06-29T14:40:50.000Z, RT @miguelsolo611: What is erotic? The acrobatic play of the imagination. The sea of memories in which we bathe. The way we caress and ador…
1409894333407535105, 1692456529, 2021-06-29T15:19:38.000Z, RT @miguelsolo611: What is erotic? The acrobatic play of the imagination. The sea of memories in which we bathe. The way we caress and ador…
1409903520833232900, 971250507514859520, 2021-06-29T15:56:08.000Z, RT @miguelsolo611: Perversion is just another form of art. It's like painting or drawing or sculpture. Except, instead of painting, we perv…
1409909378128351234, 1188329512695500800, 2021-06-29T16:19:25.000Z, RT @miguelsolo611: What is erotic? The acrobatic play of the imagination. The sea of memories in which we bathe. The way we caress and ador…
1409910049976193029, 1097870947615293440, 2021-06-29T16:22:05.000Z, RT @miguelsolo611: What is erotic? The acrobatic play of the imagination. The sea of memories in which we bathe. The way we caress and ador…
1409917926279421952, 1338603648876761092, 2021-06-29T16:53:23.000Z, RT @monte_avila: Disfruta de nuestro Conversatorio: De Macuto a Carabobo, una jugada estratégica en el camino a la batalla. A cargo del inv…
1409922064102793216, 2831009790, 2021-06-29T17:09:49.000Z, ➡ No te pierdas mañana nuestro conversatorio con Iván Ávila Dueñas. 🎬  El director de cine, productor y guionista mexicano, nos hablará sobre su carrera y trayectoria, y sobre el hacer cine en México. 😀  🗓 Fecha: 30 de Junio de 2021. ⏰ Horario: 13:00 horas (CST).
1409922068464889857, 2831009790, 2021-06-29T17:09:50.000Z, Más información: 👇  #UNIAT #UNIATOnline #CreateDefyInspire  https://t.co/VJ9n0M2r40
1409925995457650688, 1386777355700641793, 2021-06-29T17:25:27.000Z, RT @miguelsolo611: What is erotic? The acrobatic play of the imagination. The sea of memories in which we bathe. The way we caress and ador…
1409927672445165570, 3070283826, 2021-06-29T17:32:06.000Z, RT @miguelsolo611: What is erotic? The acrobatic play of the imagination. The sea of memories in which we bathe. The way we caress and ador…
1409927752191418373, 3070283826, 2021-06-29T17:32:25.000Z, RT @miguelsolo611: Perversion is just another form of art. It's like painting or drawing or sculpture. Except, instead of painting, we perv…
1409928620789977090, 1311812310739058699, 2021-06-29T17:35:53.000Z, RT @miguelsolo611: What is erotic? The acrobatic play of the imagination. The sea of memories in which we bathe. The way we caress and ador…
1409930853765959681, 2494331822, 2021-06-29T17:44:45.000Z, RT @miguelsolo611: What is erotic? The acrobatic play of the imagination. The sea of memories in which we bathe. The way we caress and ador…
1409942771969015812, 2250611180, 2021-06-29T18:32:06.000Z, Ciego de Ávila entre las provincias de Cuba más complicadas con la Covid-19 Por Iván Paz Nogueira  Ciego de Ávila clasifica como la tercera provincia de más alta tasa de incidencia de Coronavirus en Cuba al registrar 416,3 casos por cada cien mil habitantes. https://t.co/zTWLvg3sxQ
1409985937145098241, 1384178296414343169, 2021-06-29T21:23:38.000Z, RT @monte_avila: Disfruta de nuestro Conversatorio: De Macuto a Carabobo, una jugada estratégica en el camino a la batalla. A cargo del inv…
1409999433899577344, 1389338934174433285, 2021-06-29T22:17:16.000Z, RT @Luis_Avila_19: PLENARIA VIRTUAL🟢 💻  #envivo desde las 3:00 p.m. estaremos en plenaria virtual del Concejo de Bucaramanga para presentac…
1410041964993654793, 100722987, 2021-06-30T01:06:16.000Z, RT @UNIATedu: ➡ No te pierdas mañana nuestro conversatorio con Iván Ávila Dueñas. 🎬  El director de cine, productor y guionista mexicano, n…
1410065537640525825, 1248323754788356096, 2021-06-30T02:39:56.000Z, RT @miguelsolo611: What is erotic? The acrobatic play of the imagination. The sea of memories in which we bathe. The way we caress and ador…
1410081929781710849, 1082656594905780226, 2021-06-30T03:45:04.000Z, ⚾️🦅 @elaguilabeisbol (18-15) sigue en plan grande y derrotaron en un duelo de remontadas 4-3 a los @OlmecasTabasco (15-18) en el Parque Beto Ávila.  W: José Manuel López (2-1) L: Adam Choplick (0-1) SV: Iván Zavala (4) https://t.co/ntnPpSvgYn
1410181964921982981, 4888519917, 2021-06-30T10:22:35.000Z, RT @miguelsolo611: Perversion is just another form of art. It's like painting or drawing or sculpture. Except, instead of painting, we perv…
1410216163955679238, 1148950434331144198, 2021-06-30T12:38:28.000Z, RT @miguelsolo611: Perversion is just another form of art. It's like painting or drawing or sculpture. Except, instead of painting, we perv…
1410270180220022790, 2831009790, 2021-06-30T16:13:07.000Z, ¡No te pierdas el Conversatorio con Iván Ávila Dueñas que tendremos el día de hoy! 🤩   ➡ El director, productor y guionista mexicano, nos hablará sobre su carrera y trayectoria, y sobre el hacer cine en México. https://t.co/TCkJcBiSLX
1410273998529835023, 703606969312026624, 2021-06-30T16:28:17.000Z, RT @miguelsolo611: What is erotic? The acrobatic play of the imagination. The sea of memories in which we bathe. The way we caress and ador…
1410276710302597124, 799667490313928704, 2021-06-30T16:39:04.000Z, New Glam-Erotic Portfolio by https://t.co/qjYLApxUAc  https://t.co/4WPDoU8vbj  Available at: https://t.co/L748S4AV4i https://t.co/DDX5rWQgGV Join now!  @theQueerPig @QueerMeNow @thebonerguide https://t.co/TcPOfjJK1J
1410276827994767368, 1407776345392750593, 2021-06-30T16:39:32.000Z, RT @ManuelSkyexxx: New Glam-Erotic Portfolio by https://t.co/qjYLApxUAc  https://t.co/4WPDoU8vbj  Available at: https://t.co/L748S4AV4i htt…
1410276840267304966, 873855831082774528, 2021-06-30T16:39:35.000Z, RT @ManuelSkyexxx: New Glam-Erotic Portfolio by https://t.co/qjYLApxUAc  https://t.co/4WPDoU8vbj  Available at: https://t.co/L748S4AV4i htt…
1410276875402891265, 1353637542881538049, 2021-06-30T16:39:43.000Z, RT @ManuelSkyexxx: New Glam-Erotic Portfolio by https://t.co/qjYLApxUAc  https://t.co/4WPDoU8vbj  Available at: https://t.co/L748S4AV4i htt…
1410279489901375493, 69958063, 2021-06-30T16:50:06.000Z, RT @ManuelSkyexxx: New Glam-Erotic Portfolio by https://t.co/qjYLApxUAc  https://t.co/4WPDoU8vbj  Available at: https://t.co/L748S4AV4i htt…
1410283209502375942, 1277426740672036864, 2021-06-30T17:04:53.000Z, RT @ManuelSkyexxx: New Glam-Erotic Portfolio by https://t.co/qjYLApxUAc  https://t.co/4WPDoU8vbj  Available at: https://t.co/L748S4AV4i htt…
1410287475902255110, 3070283826, 2021-06-30T17:21:50.000Z, RT @ManuelSkyexxx: New Glam-Erotic Portfolio by https://t.co/qjYLApxUAc  https://t.co/4WPDoU8vbj  Available at: https://t.co/L748S4AV4i htt…
1410292033210683395, 827238370749190144, 2021-06-30T17:39:57.000Z, RT @miguelsolo611: What is erotic? The acrobatic play of the imagination. The sea of memories in which we bathe. The way we caress and ador…
1410304307044536320, 284214349, 2021-06-30T18:28:43.000Z, RT @ManuelSkyexxx: New Glam-Erotic Portfolio by https://t.co/qjYLApxUAc  https://t.co/4WPDoU8vbj  Available at: https://t.co/L748S4AV4i htt…
1410304535705231361, 1045795724586188800, 2021-06-30T18:29:38.000Z, RT @ManuelSkyexxx: New Glam-Erotic Portfolio by https://t.co/qjYLApxUAc  https://t.co/4WPDoU8vbj  Available at: https://t.co/L748S4AV4i htt…
1410306125635936276, 3022319410, 2021-06-30T18:35:57.000Z, RT @ManuelSkyexxx: New Glam-Erotic Portfolio by https://t.co/qjYLApxUAc  https://t.co/4WPDoU8vbj  Available at: https://t.co/L748S4AV4i htt…
1410306138403491841, 2766246206, 2021-06-30T18:36:00.000Z, RT @ManuelSkyexxx: New Glam-Erotic Portfolio by https://t.co/qjYLApxUAc  https://t.co/4WPDoU8vbj  Available at: https://t.co/L748S4AV4i htt…
1410326312552591362, 833860002662080513, 2021-06-30T19:56:10.000Z, RT @ManuelSkyexxx: New Glam-Erotic Portfolio by https://t.co/qjYLApxUAc  https://t.co/4WPDoU8vbj  Available at: https://t.co/L748S4AV4i htt…
1410346961409085452, 1387472406269337601, 2021-06-30T21:18:13.000Z, RT @ManuelSkyexxx: New Glam-Erotic Portfolio by https://t.co/qjYLApxUAc  https://t.co/4WPDoU8vbj  Available at: https://t.co/L748S4AV4i htt…
1410347263055048714, 193142927, 2021-06-30T21:19:25.000Z, RT @ManuelSkyexxx: New Glam-Erotic Portfolio by https://t.co/qjYLApxUAc  https://t.co/4WPDoU8vbj  Available at: https://t.co/L748S4AV4i htt…
1410386251698556928, 3078408189, 2021-06-30T23:54:20.000Z, RT @ManuelSkyexxx: New Glam-Erotic Portfolio by https://t.co/qjYLApxUAc  https://t.co/4WPDoU8vbj  Available at: https://t.co/L748S4AV4i htt…
1410409259808997379, 1692456529, 2021-07-01T01:25:46.000Z, RT @ManuelSkyexxx: New Glam-Erotic Portfolio by https://t.co/qjYLApxUAc  https://t.co/4WPDoU8vbj  Available at: https://t.co/L748S4AV4i htt…
1410431975169662980, 967317277, 2021-07-01T02:56:02.000Z, RT @ManuelSkyexxx: New Glam-Erotic Portfolio by https://t.co/qjYLApxUAc  https://t.co/4WPDoU8vbj  Available at: https://t.co/L748S4AV4i htt…
1410481358930120709, 139894565, 2021-07-01T06:12:16.000Z, RT @ManuelSkyexxx: New Glam-Erotic Portfolio by https://t.co/qjYLApxUAc  https://t.co/4WPDoU8vbj  Available at: https://t.co/L748S4AV4i htt…
1410528340323282944, 1170926115948548096, 2021-07-01T09:18:57.000Z, RT @ManuelSkyexxx: New Glam-Erotic Portfolio by https://t.co/qjYLApxUAc  https://t.co/4WPDoU8vbj  Available at: https://t.co/L748S4AV4i htt…
1410567444750651394, 1646620970, 2021-07-01T11:54:20.000Z, RT @ManuelSkyexxx: New Glam-Erotic Portfolio by https://t.co/qjYLApxUAc  https://t.co/4WPDoU8vbj  Available at: https://t.co/L748S4AV4i htt…
1410573606036328449, 2691093874, 2021-07-01T12:18:49.000Z, RT @miguelsolo611: What is erotic? The acrobatic play of the imagination. The sea of memories in which we bathe. The way we caress and ador…
1410578128984895488, 1161824197, 2021-07-01T12:36:47.000Z, RT @ManuelSkyexxx: New Glam-Erotic Portfolio by https://t.co/qjYLApxUAc  https://t.co/4WPDoU8vbj  Available at: https://t.co/L748S4AV4i htt…
1410579160301408258, 1162161527610200065, 2021-07-01T12:40:53.000Z, RT @ManuelSkyexxx: New Glam-Erotic Portfolio by https://t.co/qjYLApxUAc  https://t.co/4WPDoU8vbj  Available at: https://t.co/L748S4AV4i htt…
1410584449826258944, 329529305, 2021-07-01T13:01:54.000Z, RT @ManuelSkyexxx: New Glam-Erotic Portfolio by https://t.co/qjYLApxUAc  https://t.co/4WPDoU8vbj  Available at: https://t.co/L748S4AV4i htt…
1410652291598753793, 1256867034408923136, 2021-07-01T17:31:29.000Z, RT @ManuelSkyexxx: New Glam-Erotic Portfolio by https://t.co/qjYLApxUAc  https://t.co/4WPDoU8vbj  Available at: https://t.co/L748S4AV4i htt…
1410667260348403714, 803572778427420672, 2021-07-01T18:30:58.000Z, El alcalde Iván Arias, junto al subalcalde de la zona sur Vladimir Ávila, llegó a un acuerdo con los loteadores ubicados en la calle 1 de Bolognia, para desocupar las viviendas ilegales en el plazo de 15 días. https://t.co/fpmI4KLRH8
1410672753292857350, 1140552996, 2021-07-01T18:52:48.000Z, RT @miguelsolo611: What is erotic? The acrobatic play of the imagination. The sea of memories in which we bathe. The way we caress and ador…
1410702656671256576, 1109977423859384321, 2021-07-01T20:51:37.000Z, RT @LaPazAlcaldia: El alcalde Iván Arias, junto al subalcalde de la zona sur Vladimir Ávila, llegó a un acuerdo con los loteadores ubicados…
1410713872537948161, 889891434337325056, 2021-07-01T21:36:11.000Z, RT @ManuelSkyexxx: New Glam-Erotic Portfolio by https://t.co/qjYLApxUAc  https://t.co/4WPDoU8vbj  Available at: https://t.co/L748S4AV4i htt…
1410742673816707075, 397617372, 2021-07-01T23:30:38.000Z, RT @ManuelSkyexxx: New Glam-Erotic Portfolio by https://t.co/qjYLApxUAc  https://t.co/4WPDoU8vbj  Available at: https://t.co/L748S4AV4i htt…
1410743534135635971, 887869454851358720, 2021-07-01T23:34:03.000Z, RT @ManuelSkyexxx: New Glam-Erotic Portfolio by https://t.co/qjYLApxUAc  https://t.co/4WPDoU8vbj  Available at: https://t.co/L748S4AV4i htt…
