id, author_id, created_at, text
1527091428794441728, 878760675555913728, 2022-05-19T00:59:03.000Z, @DeeTwoCents "If a ruler can get rid of private crookedness and promote the public law, his people will become secure, and his state will become well ordered."  Han Fei
1527161900454162434, 1367803396346941441, 2022-05-19T05:39:05.000Z, RT @FEI_IXLEE: halo halo aku mau nawarin siapa tau ada yg mau   jewel case oddinary sealed felix, seungmin, han 85k each   bene mmt oddinar…
1527162066552795137, 1118882792765452288, 2022-05-19T05:39:44.000Z, RT @FEI_IXLEE: halo halo aku mau nawarin siapa tau ada yg mau   jewel case oddinary sealed felix, seungmin, han 85k each   bene mmt oddinar…
1527162365263101952, 1442041476003758090, 2022-05-19T05:40:55.000Z, RT @FEI_IXLEE: halo halo aku mau nawarin siapa tau ada yg mau   jewel case oddinary sealed felix, seungmin, han 85k each   bene mmt oddinar…
1527163998910631936, 1125456441085612033, 2022-05-19T05:47:25.000Z, /ss wts mmt pob oddinary only seungmin &amp; jewel case oddinary seungmin, han , felix sealed , buat harga bisa dm aja karena underprice dm @FEI_IXLEE
1527164228334780416, 1274277692712431618, 2022-05-19T05:48:20.000Z, RT @FEI_IXLEE: halo halo aku mau nawarin siapa tau ada yg mau   jewel case oddinary sealed felix, seungmin, han 85k each   bene mmt oddinar…
1527216587094339584, 1457752044887019522, 2022-05-19T09:16:23.000Z, “The Root of Chinese Culture: The Foundations Laid by Seven Pre-Qin Scholars” by Prof Yang Zebo has been published. The book explains the thoughts of Confucius, Mozi, Laozi, Mencius, Zhuangzi, Xunzi and Han Fei in an accessible and personal way. #ChinesePhilosophy https://t.co/2k5rMdsWir
1527282562288459777, 706138485, 2022-05-19T13:38:33.000Z, RT @historydefined: A 1400-year-old Ginkgo tree found within the walls of the Gu Guanyin Buddhist Temple, in the Zhongnan Mountains region…
1527371311760019456, 559694097, 2022-05-19T19:31:12.000Z, ¿Qué componen el panel del FEI, el NIE, el Dept. de Justicia, entre otros?  Son cómplices y encubridores de la corrupción en nuestro país.  ¿De qué vale que el FBI intervenga, si a cambio de cooperación, negocian las condenas de esos sujetos que tanto le han robado al país?
1527380413974515717, 2864893625, 2022-05-19T20:07:22.000Z, @LuisDS49913210 @Fei_wangfan @EmbajadaRusaES @mae_rusia @desdelamoncloa Cierto, pero queridos compañeros, pensar que no informarían de que le compramos a toda América cuando nos ponen los porcentajes y todo.  Lo del procesado del crudo no me lo han explicado. Pero sí nos han dicho, con %, lo que nos vende cada país.
1527570886630559745, 47756377, 2022-05-20T08:44:14.000Z, @SariArhoHavren @Krishna95949597 I would put a caveat on “the rule of law”: “just and equitable rule of law”. Xi with his proclivity for historical references to China’s “great past” such as Han Fei Zi legalism insists on the “rule of law” as evidenced by the imposition of the National Security Law in Hong Kong.
1527585809184051200, 3764859556, 2022-05-20T09:43:32.000Z, @SamoBurja Mine will be Legalism and you can't mention it without mentioning one of its tragic figures Han Fei Tzu. This book will give you short introduction to his philosophy https://t.co/cMWeOWRivZ
1527618959650201601, 1103504757979721728, 2022-05-20T11:55:16.000Z, @BlueRedFeathers cue han ye fainting into fei ye’s arms
1527672686469685256, 1283756551094796288, 2022-05-20T15:28:45.000Z, 「📸 | Drama juvenil #ClosertoYou2, lança novo pôster de #LiYinan e #Tianai para 520 💜   Segue Han Fei enquanto ela viaja no tempo para seus dias de universidade e se reúne com seu namorado Wu Jinghao, que deveria estar inconsciente em uma cama de hospital.    #我的刺猬女孩2 https://t.co/OzQ79A6Hid
1527672688684290049, 1283756551094796288, 2022-05-20T15:28:46.000Z, Eles continuam sua história de amor enquanto tentam resolver os mistérios do destino. Dez anos atrás, Wu Jinghao entrou em coma para salvar Han Fei; e ela tem sidoesperando que ele acordasse desde então.
1527672690068299776, 1283756551094796288, 2022-05-20T15:28:46.000Z, Por acaso, Han Fei, de 28 anos, viaja no tempo para a cerimônia de formatura no campus da universidade. Se as coisas fossem como antes, Wu Jinghao deveria estar no hospital. Em vez disso, Wu Jinghao perdeu parte de suas memórias.
1527672692161318912, 1283756551094796288, 2022-05-20T15:28:47.000Z, A mente de Han Fei está queimando com perguntas, mas ela entra na vida de Wu Jinghao mais uma vez para continuar seu romance. No processo, ela descobre que não há como escapar do destino.
1527703557293711360, 1080908796237676544, 2022-05-20T17:31:26.000Z, RT @wisteria_magic: Lin Fei comes in for the Han Dynasty! Sure she's actually from much later but close enough . . #brawlhalla #BrawlhallaA…
1527781656077082624, 393462273, 2022-05-20T22:41:46.000Z, Todo IRÍA BIEN SIEMPRE QUE SE RESPETE LA PRESUNCIÓN DE INOCENCIA. Entonces por favor NO MUESTREN LA HILACHA. NO SE PUEDE SENTENCIAR SIN PRESUNCIÓN DE INOCENCIA. Y los medios a veces no lo han respetado. #MJInnocent #VolviendoANeverland @fei_rock @DraMLCordero @FMConquistador https://t.co/7kc4OnQXoH
1527816257244131328, 106976895, 2022-05-21T00:59:15.000Z, RT @ArtMuseumMagCN: “The Root of Chinese Culture: The Foundations Laid by Seven Pre-Qin Scholars” by Prof Yang Zebo has been published. The…
1527834200329572352, 522382716, 2022-05-21T02:10:33.000Z, RT @historydefined: A 1400-year-old Ginkgo tree found within the walls of the Gu Guanyin Buddhist Temple, in the Zhongnan Mountains region…
1527881310055936000, 1052291597487001600, 2022-05-21T05:17:45.000Z, RT @CdramaL: 「📸 | Drama juvenil #ClosertoYou2, lança novo pôster de #LiYinan e #Tianai para 520 💜   Segue Han Fei enquanto ela viaja no tem…
1527881322965917697, 1052291597487001600, 2022-05-21T05:17:48.000Z, RT @CdramaL: Eles continuam sua história de amor enquanto tentam resolver os mistérios do destino. Dez anos atrás, Wu Jinghao entrou em com…
1527881331937628160, 1052291597487001600, 2022-05-21T05:17:50.000Z, RT @CdramaL: Por acaso, Han Fei, de 28 anos, viaja no tempo para a cerimônia de formatura no campus da universidade. Se as coisas fossem co…
1527881344608616449, 1052291597487001600, 2022-05-21T05:17:53.000Z, RT @CdramaL: A mente de Han Fei está queimando com perguntas, mas ela entra na vida de Wu Jinghao mais uma vez para continuar seu romance.…
1527910176879165440, 1236737723421114377, 2022-05-21T07:12:28.000Z, @elareale (B) Eine Freundin meinte, sie war als Jugendliche mit ihrer Mutter und ner Verwandte beim Schuhkaufen, Mutter: Gfoin da de? Verwandte: De han fei ned schworz! Mutter: ?? Verwandte: Mei, da Tante Anni gähts ja aa nimma so guad, ge.
1528033398530658304, 1295405594, 2022-05-21T15:22:06.000Z, Shāng Bù Huàn (殤不患) Guǐ Niǎo (鬼鳥) Dān Fěi (丹翡) Dān Héng (丹衡) Shòu Yún Xiāo (狩雲霄) Ruì Yǎn Chuān Yáng (鋭眼穿楊) Juǎn Cán Yún (捲殘雲) Hán Hè (寒赫) Xíng Hài (刑亥) Qì Xiāo (泣宵)  almost like a side effect https://t.co/ccwkeo0Rk6
1528072261231595521, 919851948882452481, 2022-05-21T17:56:31.000Z, Twitter hjelp. Noen som vet hvor denne saken var? Gutt med downs får ikke busskort lenger av kommunen fordi han brukte den fei…. Eller noe slikt. https://t.co/MjYFZWvdsz
1528076904099635206, 1901126112, 2022-05-21T18:14:58.000Z, RT @TankeKrim: Twitter hjelp. Noen som vet hvor denne saken var? Gutt med downs får ikke busskort lenger av kommunen fordi han brukte den f…
1528088372857688066, 64418855, 2022-05-21T19:00:33.000Z, #GorgeousGardens – a 1,400-year-old ginkgo tree at the Gu Guanyin Buddhist Temple, Xi’an City, China 🌳⁠ ⁠ 📸 by Han Fei https://t.co/m8b79RGHtA
1528089361048281088, 976584459226112000, 2022-05-21T19:04:28.000Z, RT @AnOtherMagazine: #GorgeousGardens – a 1,400-year-old ginkgo tree at the Gu Guanyin Buddhist Temple, Xi’an City, China 🌳⁠ ⁠ 📸 by Han Fei…
1528090966200094720, 1480477117, 2022-05-21T19:10:51.000Z, RT @AnOtherMagazine: #GorgeousGardens – a 1,400-year-old ginkgo tree at the Gu Guanyin Buddhist Temple, Xi’an City, China 🌳⁠ ⁠ 📸 by Han Fei…
1528106852285915137, 1208166782768484352, 2022-05-21T20:13:59.000Z, RT @AnOtherMagazine: #GorgeousGardens – a 1,400-year-old ginkgo tree at the Gu Guanyin Buddhist Temple, Xi’an City, China 🌳⁠ ⁠ 📸 by Han Fei…
1528143881916846080, 1528069746838708226, 2022-05-21T22:41:07.000Z, RT @AnOtherMagazine: #GorgeousGardens – a 1,400-year-old ginkgo tree at the Gu Guanyin Buddhist Temple, Xi’an City, China 🌳⁠ ⁠ 📸 by Han Fei…
1528314706783457280, 1201752215989317632, 2022-05-22T09:59:55.000Z, @MichaelMjfm @edwardW2 Even in the West, Britain had a bourgeois technocratic revolution and kept its royals, just relegated them to a rubber stamp role - exactly what Han Fei (for example) wanted in China.
1528371240649363456, 35985903, 2022-05-22T13:44:34.000Z, RT @AnOtherMagazine: #GorgeousGardens – a 1,400-year-old ginkgo tree at the Gu Guanyin Buddhist Temple, Xi’an City, China 🌳⁠ ⁠ 📸 by Han Fei…
1528392727813046272, 709410110854934529, 2022-05-22T15:09:57.000Z, @XianyangCB @gesabouc @pplsartofwar @edwardW2 So let me ask you this: the heroes of legalism, Shang Yang, Han Fei, Li Si - were their careers determined by bureaucratic standards or personal loyalties?
1528446445887447041, 1443012682752282625, 2022-05-22T18:43:24.000Z, RT @CGdrawing: 1400 year old ginkgo tree.  地點：陝西省西安市古觀音禪寺 Photography: Han Fei https://t.co/ke7VAoGtOG
1528761300582510592, 144006578, 2022-05-23T15:34:31.000Z, teaching han fei this week and realizing that it's a mistake to leave replies on for tweets. to do so is to relinquish control over the two handles of reward and punishment, leaving them in the filthy hands of devious and scheming ministers (reply guys)
1528836144770781186, 1621511264, 2022-05-23T20:31:55.000Z, Kalp kırıldığında  Beyin çalışmaya başlar   Han Fei Zu
1528903202879328256, 144006578, 2022-05-24T00:58:23.000Z, pour one out for Han Fei Da GOAT tonight 😭
1528907396483100672, 872833374381060097, 2022-05-24T01:15:03.000Z, Francis-Yan Cyr-Racine, de la Universidad de Nuevo México, así como Fei Ge y Lloyd Knox, de la Universidad de California en Davis, ambas de Estados Unidos, han encontrado una propiedad matemática de los modelos cosmológicos. https://t.co/dtur5gne5t
1528930000459943937, 1125456441085612033, 2022-05-24T02:44:52.000Z, /ss yuk yang masih cari slot bangchan,leeknow,changbin,hyunjin,han,felix,in dan grup aku ada nihhh est 35-40k bersih ina dp 20k aja dom jakarta &amp; medan, dm @FEI_IXLEE https://t.co/IEZWwGBi17
1529017089058811906, 1442919105724497922, 2022-05-24T08:30:56.000Z, RT @FEI_IXLEE: WTS   Help rt please  Withfans Ending /WF R3 noeasy Han 20$  Withdrama oddinary changbin 15$  Subk vc oddinary seungmin + pc…
1529017333444153350, 1444154507722571779, 2022-05-24T08:31:54.000Z, RT @FEI_IXLEE: WTS   Help rt please  Withfans Ending /WF R3 noeasy Han 20$  Withdrama oddinary changbin 15$  Subk vc oddinary seungmin + pc…
1529017575400931328, 1369485659774148610, 2022-05-24T08:32:52.000Z, RT @FEI_IXLEE: WTS   Help rt please  Withfans Ending /WF R3 noeasy Han 20$  Withdrama oddinary changbin 15$  Subk vc oddinary seungmin + pc…
1529017604748496898, 1442041476003758090, 2022-05-24T08:32:59.000Z, RT @FEI_IXLEE: WTS   Help rt please  Withfans Ending /WF R3 noeasy Han 20$  Withdrama oddinary changbin 15$  Subk vc oddinary seungmin + pc…
1529018005707161600, 1398929362561339394, 2022-05-24T08:34:34.000Z, RT @FEI_IXLEE: WTS   Help rt please  Withfans Ending /WF R3 noeasy Han 20$  Withdrama oddinary changbin 15$  Subk vc oddinary seungmin + pc…
1529018707522883584, 1420760915381678081, 2022-05-24T08:37:22.000Z, RT @FEI_IXLEE: WTS   Help rt please  Withfans Ending /WF R3 noeasy Han 20$  Withdrama oddinary changbin 15$  Subk vc oddinary seungmin + pc…
1529019870633144320, 1388837705446952962, 2022-05-24T08:41:59.000Z, RT @FEI_IXLEE: WTS   Help rt please  Withfans Ending /WF R3 noeasy Han 20$  Withdrama oddinary changbin 15$  Subk vc oddinary seungmin + pc…
1529024557243256833, 1380831536728006657, 2022-05-24T09:00:37.000Z, RT @FEI_IXLEE: WTS   Help rt please  Withfans Ending /WF R3 noeasy Han 20$  Withdrama oddinary changbin 15$  Subk vc oddinary seungmin + pc…
1529031615166713857, 1481442681457119233, 2022-05-24T09:28:39.000Z, Zhang Fei (pronunciation, courtesy name Yide, was a military general serving under the warlord Liu Bei in the late Eastern Han dynasty and early Three Kingdoms period of China. . #rerable #nftartist #nftartwork #nftart #cryptonews #NFT #game #match3game #match #zhangfei https://t.co/56g7yLWxHk
1529061787361980416, 730992236146515968, 2022-05-24T11:28:33.000Z, RT @FEI_IXLEE: WTS   Help rt please  Withfans Ending /WF R3 noeasy Han 20$  Withdrama oddinary changbin 15$  Subk vc oddinary seungmin + pc…
1529067735149596672, 1395030498863304708, 2022-05-24T11:52:11.000Z, RT @FEI_IXLEE: WTS STRAYKIDS PHOTOCARD  Take all only   500K IDR / 36$ ALL   📍Bandung,INA WW ✅ Negotiable ✅  Tag : straykids chan changbin…
1529068358288539648, 1364101129445859330, 2022-05-24T11:54:39.000Z, RT @FEI_IXLEE: WTS STRAYKIDS PHOTOCARD  Take all only   500K IDR / 36$ ALL   📍Bandung,INA WW ✅ Negotiable ✅  Tag : straykids chan changbin…
1529068884765990912, 1442919105724497922, 2022-05-24T11:56:45.000Z, RT @FEI_IXLEE: WTS STRAYKIDS PHOTOCARD  Take all only   500K IDR / 36$ ALL   📍Bandung,INA WW ✅ Negotiable ✅  Tag : straykids chan changbin…
1529083051334152195, 709410110854934529, 2022-05-24T12:53:03.000Z, @SinoPortable @XianyangCB @PeterSRabbit1 Yeah, which is why most of the Buddho-Dao (and Xunzi! and Han Fei! etc) criticism by Neo-Cons is rather infantile, not engaging with their systems of thought in any serious way.
1529091774211235840, 1509302202875011073, 2022-05-24T13:27:42.000Z, RT @FEI_IXLEE: WTS STRAYKIDS PHOTOCARD  Take all only   500K IDR / 36$ ALL   📍Bandung,INA WW ✅ Negotiable ✅  Tag : straykids chan changbin…
1529162638944374784, 1472211706344460289, 2022-05-24T18:09:18.000Z, RT @FEI_IXLEE: WTS   Help rt please  Withfans Ending /WF R3 noeasy Han 20$  Withdrama oddinary changbin 15$  Subk vc oddinary seungmin + pc…
1529213562513551362, 1523877318644486144, 2022-05-24T21:31:39.000Z, @onigiribakar INI HAN SOOYOUNG DARI ORV FEI 😭😭😭😭😭😭😭
1529315468091457536, 2362274258, 2022-05-25T04:16:35.000Z, SEJARAH Ringkas Filsafat Cina; Sejak Conficius Sampai Han Fei Tzu.  Oleh: Soejono Soemargono.  Tahun; 1990 221 Halaman  Harga 65.000 Minat?   Cara Order silakan  ‌DM atau klik link WA https://t.co/bSBuqUJdLQ https://t.co/xmPcMoZRuh
1529338263311466496, 77961487, 2022-05-25T05:47:10.000Z, Sun Tzu has become a household name. But few, outside of Chinese mainland and China specialist community, have heard about Han Fei. Han Fei and the legalist philosophy have made a comeback in recent years. But the philosophy was popular during multiple periods of Chinese history.
1529348354064322560, 256859727, 2022-05-25T06:27:16.000Z, Not Sun Tzu or Confucius, Xi Jinping &amp; elite Chinese politicians are reading this philosopher   “What Han Fei meant by ‘force and strength’ was power,” Mao said about Han Fei’s work, concluding, “A smart emperor must control power.” @aadilbrar https://t.co/8t33D5jLoW
1529348477108400128, 1211571375564935169, 2022-05-25T06:27:45.000Z, Xiongnu makes Han Fei followers squirm. https://t.co/m51jmxiQgp
1529348808064110592, 77961487, 2022-05-25T06:29:04.000Z, RT @sudheerktm: Not Sun Tzu or Confucius, Xi Jinping &amp; elite Chinese politicians are reading this philosopher   “What Han Fei meant by ‘for…
1529352638214524928, 330808784, 2022-05-25T06:44:17.000Z, RT @sudheerktm: Not Sun Tzu or Confucius, Xi Jinping &amp; elite Chinese politicians are reading this philosopher   “What Han Fei meant by ‘for…
1529356559318298625, 67380876, 2022-05-25T06:59:52.000Z, RT @sudheerktm: Not Sun Tzu or Confucius, Xi Jinping &amp; elite Chinese politicians are reading this philosopher   “What Han Fei meant by ‘for…
1529366462904774656, 888575981849419777, 2022-05-25T07:39:13.000Z, RT @aadilbrar: Sun Tzu has become a household name. But few, outside of Chinese mainland and China specialist community, have heard about H…
1529375444696457216, 1510351087668277249, 2022-05-25T08:14:55.000Z, RT @historydefined: A 1400-year-old Ginkgo tree found within the walls of the Gu Guanyin Buddhist Temple, in the Zhongnan Mountains region…
1529396718306881536, 19155369, 2022-05-25T09:39:27.000Z, That's i am going to reinvent my self as Maldivian Han Fei...  cc @XianyangCB https://t.co/HWk4Y4ioxo
1529419979099189248, 757639971805233156, 2022-05-25T11:11:52.000Z, Han Fei was a great man. His work should be better understood in the West and this article is an excellent introduction to the man's work in the legalist school. https://t.co/3n5jkdoXtn
1529481047947194370, 59043234, 2022-05-25T15:14:32.000Z, RT @AestheteFanatic: Han Fei was a great man. His work should be better understood in the West and this article is an excellent introductio…
1529579152772415490, 61404555, 2022-05-25T21:44:22.000Z, RT @historydefined: A 1400-year-old Ginkgo tree found within the walls of the Gu Guanyin Buddhist Temple, in the Zhongnan Mountains region…
1529579438555668480, 41631797, 2022-05-25T21:45:31.000Z, RT @aadilbrar: Sun Tzu has become a household name. But few, outside of Chinese mainland and China specialist community, have heard about H…
1529586743619596293, 1046811889, 2022-05-25T22:14:32.000Z, Not Sun Tzu or Confucius, Xi Jinping and Chinese elite politicians read the classical „legalist“ philosopher Han Fei … https://t.co/Qam8EVaDtz
1529635078564827137, 1243168979994148864, 2022-05-26T01:26:36.000Z, @aadilbrar @ThePrintIndia Han Fei is not of Korean  origin, you should correct that
1529681967142211585, 1305842097531035648, 2022-05-26T04:32:55.000Z, What explains China's current regime functioning ? It is not SunTzu or Confucius but this champ also known as Chinese Machiavelli. A hardcore realist and belonging to the legalist school of thought, Han Fei is the new fav. of Xi.  @aadilbrar https://t.co/zG9W0gmUGH
1529689607175933952, 1488945134175723527, 2022-05-26T05:03:17.000Z, RT @ir_ytharth: What explains China's current regime functioning ? It is not SunTzu or Confucius but this champ also known as Chinese Machi…
1529694932243427328, 1252153732793540609, 2022-05-26T05:24:26.000Z, RT @ir_ytharth: What explains China's current regime functioning ? It is not SunTzu or Confucius but this champ also known as Chinese Machi…
1529701006795493382, 60801035, 2022-05-26T05:48:35.000Z, @XianyangCB Who is this Southern barbarian "Machiavelli" that these uncultured mongrels dare to compare the incomparable Han Fei or the sage Lord Shang? https://t.co/v2O3GQBg8w
1529715308662927360, 4475686212, 2022-05-26T06:45:24.000Z, RT @ir_ytharth: What explains China's current regime functioning ? It is not SunTzu or Confucius but this champ also known as Chinese Machi…
1529723140481462272, 1289849703094456320, 2022-05-26T07:16:32.000Z, Pour la quatrième question, les Chinois utilisaient le jade pour préserver le corps. Mais dans la réalité, le jade n'a aucun effet de préservation. Ici, vous avez une armure en jade de Liu Fei datant de la dynastie des Han
1529725946064142337, 1369680803790155779, 2022-05-26T07:27:41.000Z, Han Fei, popular among chinese politicians, sometimes referred  as China’s Machiavelli, (Korean origin), was a prince of the ruling family of Han and is known to have lived during the Warring States period....(1/n) #HanFei #AadilBrar #ThePrint  https://t.co/1Ou7YDGQ7u
1529726368845807616, 1369680803790155779, 2022-05-26T07:29:21.000Z, Han Fei is attributed as one of the founders of the ‘legalist school’ of Chinese philosophy. Han Fei’s ‘Defining the Standards’ (Ding fa) is the 1° text of the legalist school. Han Fei takes a materialist &amp; a realist view of politics, with a maximalist legalistic action..(2/n)
1529726389578084352, 77961487, 2022-05-26T07:29:26.000Z, RT @ir_ytharth: What explains China's current regime functioning ? It is not SunTzu or Confucius but this champ also known as Chinese Machi…
1529726605903695872, 1369680803790155779, 2022-05-26T07:30:18.000Z, Unlike Confucius, whose philosophy prescribes a patriarchal morality at a more personal level, Han Fei is more concerned with macro legalism that he forwards as the basis of the State’s authority.. (3/n)
1529726682680401920, 1369680803790155779, 2022-05-26T07:30:36.000Z, The core tenant of Han Fei’s philosophy is the legalistic adherence to agriculture and war, which requires a militaristic fervour to maintain the State’s power. Han Fei promoted a system of rewards and punishment by the State to govern the people..(4/n)
1529732993425604608, 748316675183808512, 2022-05-26T07:55:41.000Z, RT @ir_ytharth: What explains China's current regime functioning ? It is not SunTzu or Confucius but this champ also known as Chinese Machi…
1529748759453675520, 1168922776335503360, 2022-05-26T08:58:20.000Z, RT @ir_ytharth: What explains China's current regime functioning ? It is not SunTzu or Confucius but this champ also known as Chinese Machi…
1529768671958081538, 1089444939983810560, 2022-05-26T10:17:27.000Z, RT @ir_ytharth: What explains China's current regime functioning ? It is not SunTzu or Confucius but this champ also known as Chinese Machi…
1529787275537575937, 77961487, 2022-05-26T11:31:23.000Z, Yan Xuetong downplays Han Fei’s influence on Chinese foreign policy but that’s far from true. But it’s still a good text and worth reading.
1529853749807550467, 2999007542, 2022-05-26T15:55:31.000Z, RT @ir_ytharth: What explains China's current regime functioning ? It is not SunTzu or Confucius but this champ also known as Chinese Machi…
1529858099347169280, 7155782, 2022-05-26T16:12:48.000Z, RT @JohnF_Sullivan: @Eric_M_Murphy @br4s1d4s @zenpundit Paul Goldin’s survey book of the eight most well known Chinese philosophical texts…
1529915621001019392, 1377895762076520454, 2022-05-26T20:01:23.000Z, @roger_kauai Han Fei: 忘民不可谓仁义。
1529924892921106432, 282018400, 2022-05-26T20:38:13.000Z, RT @anifel20: Dr. Fei Han, have a fully-funded PhD student to join his research lab in 2022 Fall or 2023 Spring. Please contact him if you…
1529925328017231872, 2269485719, 2022-05-26T20:39:57.000Z, RT @anifel20: Dr. Fei Han, have a fully-funded PhD student to join his research lab in 2022 Fall or 2023 Spring. Please contact him if you…
1529925596788281345, 1378739828179755013, 2022-05-26T20:41:01.000Z, RT @anifel20: Dr. Fei Han, have a fully-funded PhD student to join his research lab in 2022 Fall or 2023 Spring. Please contact him if you…
1529925644389429248, 3176906061, 2022-05-26T20:41:12.000Z, RT @anifel20: Dr. Fei Han, have a fully-funded PhD student to join his research lab in 2022 Fall or 2023 Spring. Please contact him if you…
1529927159673937920, 733796041980575744, 2022-05-26T20:47:14.000Z, RT @anifel20: Dr. Fei Han, have a fully-funded PhD student to join his research lab in 2022 Fall or 2023 Spring. Please contact him if you…
1529927355027824640, 760108182496739328, 2022-05-26T20:48:00.000Z, RT @anifel20: Dr. Fei Han, have a fully-funded PhD student to join his research lab in 2022 Fall or 2023 Spring. Please contact him if you…
1529927995594620930, 1243514834114744322, 2022-05-26T20:50:33.000Z, RT @anifel20: Dr. Fei Han, have a fully-funded PhD student to join his research lab in 2022 Fall or 2023 Spring. Please contact him if you…
1529936203344232453, 423247415, 2022-05-26T21:23:10.000Z, RT @anifel20: Dr. Fei Han, have a fully-funded PhD student to join his research lab in 2022 Fall or 2023 Spring. Please contact him if you…
1529952614472876033, 1181225339814588416, 2022-05-26T22:28:23.000Z, RT @anifel20: Dr. Fei Han, have a fully-funded PhD student to join his research lab in 2022 Fall or 2023 Spring. Please contact him if you…
1529955018966704130, 4619511915, 2022-05-26T22:37:56.000Z, RT @anifel20: Dr. Fei Han, have a fully-funded PhD student to join his research lab in 2022 Fall or 2023 Spring. Please contact him if you…
1529959172644667392, 746315558275133440, 2022-05-26T22:54:26.000Z, RT @anifel20: Dr. Fei Han, have a fully-funded PhD student to join his research lab in 2022 Fall or 2023 Spring. Please contact him if you…
1529960383569702912, 2346271521, 2022-05-26T22:59:15.000Z, RT @anifel20: Dr. Fei Han, have a fully-funded PhD student to join his research lab in 2022 Fall or 2023 Spring. Please contact him if you…
1529963724156592134, 1166014588023955456, 2022-05-26T23:12:31.000Z, RT @anifel20: Dr. Fei Han, have a fully-funded PhD student to join his research lab in 2022 Fall or 2023 Spring. Please contact him if you…
1529973179204132868, 315037660, 2022-05-26T23:50:06.000Z, RT @anifel20: Dr. Fei Han, have a fully-funded PhD student to join his research lab in 2022 Fall or 2023 Spring. Please contact him if you…
1529973523401396225, 1436417586, 2022-05-26T23:51:28.000Z, RT @anifel20: Dr. Fei Han, have a fully-funded PhD student to join his research lab in 2022 Fall or 2023 Spring. Please contact him if you…
1529974608148844546, 328714918, 2022-05-26T23:55:46.000Z, RT @anifel20: Dr. Fei Han, have a fully-funded PhD student to join his research lab in 2022 Fall or 2023 Spring. Please contact him if you…
1530008329887547403, 1170257251380191232, 2022-05-27T02:09:46.000Z, RT @anifel20: Dr. Fei Han, have a fully-funded PhD student to join his research lab in 2022 Fall or 2023 Spring. Please contact him if you…
1530012944032997389, 1367064057732161536, 2022-05-27T02:28:06.000Z, RT @AnOtherMagazine: #GorgeousGardens – a 1,400-year-old ginkgo tree at the Gu Guanyin Buddhist Temple, Xi’an City, China 🌳⁠ ⁠ 📸 by Han Fei…
1530038943491584002, 1512570827299962881, 2022-05-27T04:11:25.000Z, RT @FEI_IXLEE: halo halo aku mau nawarin siapa tau ada yg mau   jewel case oddinary sealed felix, seungmin, han 85k each   bene mmt oddinar…
1530049577134571520, 2502462804, 2022-05-27T04:53:40.000Z, RT @anifel20: Dr. Fei Han, have a fully-funded PhD student to join his research lab in 2022 Fall or 2023 Spring. Please contact him if you…
1530050076281917440, 957501721, 2022-05-27T04:55:39.000Z, RT @anifel20: Dr. Fei Han, have a fully-funded PhD student to join his research lab in 2022 Fall or 2023 Spring. Please contact him if you…
1530050878882840577, 1226847784705445888, 2022-05-27T04:58:51.000Z, RT @anifel20: Dr. Fei Han, have a fully-funded PhD student to join his research lab in 2022 Fall or 2023 Spring. Please contact him if you…
1530052490808401920, 229246905, 2022-05-27T05:05:15.000Z, RT @anifel20: Dr. Fei Han, have a fully-funded PhD student to join his research lab in 2022 Fall or 2023 Spring. Please contact him if you…
1530058784869081089, 1354895036085841921, 2022-05-27T05:30:16.000Z, RT @anifel20: Dr. Fei Han, have a fully-funded PhD student to join his research lab in 2022 Fall or 2023 Spring. Please contact him if you…
1530059401381429248, 2622594021, 2022-05-27T05:32:43.000Z, RT @anifel20: Dr. Fei Han, have a fully-funded PhD student to join his research lab in 2022 Fall or 2023 Spring. Please contact him if you…
1530063681752551426, 573368437, 2022-05-27T05:49:43.000Z, RT @anifel20: Dr. Fei Han, have a fully-funded PhD student to join his research lab in 2022 Fall or 2023 Spring. Please contact him if you…
1530065613997191169, 545715433, 2022-05-27T05:57:24.000Z, RT @anifel20: Dr. Fei Han, have a fully-funded PhD student to join his research lab in 2022 Fall or 2023 Spring. Please contact him if you…
1530066130873860097, 1063866354799968258, 2022-05-27T05:59:27.000Z, RT @anifel20: Dr. Fei Han, have a fully-funded PhD student to join his research lab in 2022 Fall or 2023 Spring. Please contact him if you…
1530066734840963078, 1207731955535695872, 2022-05-27T06:01:51.000Z, 'non-emergency' is a wanker'. Photography by Han Fei.
1530073237849268224, 126304793, 2022-05-27T06:27:41.000Z, RT @anifel20: Dr. Fei Han, have a fully-funded PhD student to join his research lab in 2022 Fall or 2023 Spring. Please contact him if you…
1530073752154869762, 1258023390671224832, 2022-05-27T06:29:44.000Z, RT @anifel20: Dr. Fei Han, have a fully-funded PhD student to join his research lab in 2022 Fall or 2023 Spring. Please contact him if you…
1530085257508167680, 3164611, 2022-05-27T07:15:27.000Z, @jprthor He escuchado a VC’s que “congelan” un poco sus inversiones 2-3 meses para aprovechar mejores oportunidades en 4T22. Piensa que los fondos que tienen dinero (y FEI &amp; ICO han inyectado mucho) tienen que invertirlo, otra cosa es que habrá una corrección de valoraciones.
1530090814075961344, 223519887, 2022-05-27T07:37:32.000Z, RT @anifel20: Dr. Fei Han, have a fully-funded PhD student to join his research lab in 2022 Fall or 2023 Spring. Please contact him if you…
1530091139335872512, 1055356331325095936, 2022-05-27T07:38:49.000Z, RT @anifel20: Dr. Fei Han, have a fully-funded PhD student to join his research lab in 2022 Fall or 2023 Spring. Please contact him if you…
1530099749596106752, 1076149163522428929, 2022-05-27T08:13:02.000Z, RT @anifel20: Dr. Fei Han, have a fully-funded PhD student to join his research lab in 2022 Fall or 2023 Spring. Please contact him if you…
1530101121276166144, 381534127, 2022-05-27T08:18:29.000Z, RT @anifel20: Dr. Fei Han, have a fully-funded PhD student to join his research lab in 2022 Fall or 2023 Spring. Please contact him if you…
1530113744268713985, 310993124, 2022-05-27T09:08:39.000Z, RT @anifel20: Dr. Fei Han, have a fully-funded PhD student to join his research lab in 2022 Fall or 2023 Spring. Please contact him if you…
1530116173781733376, 2255430794, 2022-05-27T09:18:18.000Z, RT @anifel20: Dr. Fei Han, have a fully-funded PhD student to join his research lab in 2022 Fall or 2023 Spring. Please contact him if you…
1530123584286367744, 1057706636641484800, 2022-05-27T09:47:45.000Z, RT @anifel20: Dr. Fei Han, have a fully-funded PhD student to join his research lab in 2022 Fall or 2023 Spring. Please contact him if you…
1530123962126110721, 1507094377688141836, 2022-05-27T09:49:15.000Z, RT @anifel20: Dr. Fei Han, have a fully-funded PhD student to join his research lab in 2022 Fall or 2023 Spring. Please contact him if you…
1530130357177155584, 390914738, 2022-05-27T10:14:40.000Z, RT @anifel20: Dr. Fei Han, have a fully-funded PhD student to join his research lab in 2022 Fall or 2023 Spring. Please contact him if you…
1530131246830977024, 1187322273595834368, 2022-05-27T10:18:12.000Z, RT @anifel20: Dr. Fei Han, have a fully-funded PhD student to join his research lab in 2022 Fall or 2023 Spring. Please contact him if you…
1530136503091097600, 834841634214850560, 2022-05-27T10:39:05.000Z, RT @historydefined: A 1400-year-old Ginkgo tree found within the walls of the Gu Guanyin Buddhist Temple, in the Zhongnan Mountains region…
1530140429638852608, 228003541, 2022-05-27T10:54:41.000Z, RT @anifel20: Dr. Fei Han, have a fully-funded PhD student to join his research lab in 2022 Fall or 2023 Spring. Please contact him if you…
1530143526473945088, 1044617311339118592, 2022-05-27T11:07:00.000Z, RT @anifel20: Dr. Fei Han, have a fully-funded PhD student to join his research lab in 2022 Fall or 2023 Spring. Please contact him if you…
1530149257528868870, 1155210100790812672, 2022-05-27T11:29:46.000Z, RT @anifel20: Dr. Fei Han, have a fully-funded PhD student to join his research lab in 2022 Fall or 2023 Spring. Please contact him if you…
1530160445012713472, 549409687, 2022-05-27T12:14:13.000Z, RT @anifel20: Dr. Fei Han, have a fully-funded PhD student to join his research lab in 2022 Fall or 2023 Spring. Please contact him if you…
1530167791667630080, 208398094, 2022-05-27T12:43:25.000Z, RT @anifel20: Dr. Fei Han, have a fully-funded PhD student to join his research lab in 2022 Fall or 2023 Spring. Please contact him if you…
1530175211143892998, 1038655291905253376, 2022-05-27T13:12:54.000Z, RT @anifel20: Dr. Fei Han, have a fully-funded PhD student to join his research lab in 2022 Fall or 2023 Spring. Please contact him if you…
1530180191980494850, 133230988, 2022-05-27T13:32:41.000Z, RT @anifel20: Dr. Fei Han, have a fully-funded PhD student to join his research lab in 2022 Fall or 2023 Spring. Please contact him if you…
1530189489766801408, 933363481323233283, 2022-05-27T14:09:38.000Z, RT @anifel20: Dr. Fei Han, have a fully-funded PhD student to join his research lab in 2022 Fall or 2023 Spring. Please contact him if you…
1530193039850975233, 1406963562468290561, 2022-05-27T14:23:44.000Z, RT @anifel20: Dr. Fei Han, have a fully-funded PhD student to join his research lab in 2022 Fall or 2023 Spring. Please contact him if you…
1530194190885330945, 1316510934798675971, 2022-05-27T14:28:19.000Z, RT @anifel20: Dr. Fei Han, have a fully-funded PhD student to join his research lab in 2022 Fall or 2023 Spring. Please contact him if you…
1530209023659847680, 1382276834973335552, 2022-05-27T15:27:15.000Z, RT @anifel20: Dr. Fei Han, have a fully-funded PhD student to join his research lab in 2022 Fall or 2023 Spring. Please contact him if you…
1530215226708221952, 1094650597821898752, 2022-05-27T15:51:54.000Z, RT @anifel20: Dr. Fei Han, have a fully-funded PhD student to join his research lab in 2022 Fall or 2023 Spring. Please contact him if you…
1530219023853568000, 1171856782903447553, 2022-05-27T16:07:00.000Z, RT @anifel20: Dr. Fei Han, have a fully-funded PhD student to join his research lab in 2022 Fall or 2023 Spring. Please contact him if you…
1530223160695693315, 360525336, 2022-05-27T16:23:26.000Z, RT @anifel20: Dr. Fei Han, have a fully-funded PhD student to join his research lab in 2022 Fall or 2023 Spring. Please contact him if you…
1530231970415902722, 1037770584, 2022-05-27T16:58:26.000Z, @CaptainKidd25 Así por último me gusta que todo ocurre de forma muy natural, tanto relaciones entre personajes como Fei y Elly, que me pareció magistral como con la trama, siempre me han dejado claro dónde ir, que hacer, sin ser intrusivos.  Pocas veces he tenido que mirar una guía.
1530238220700721153, 1378042238752673806, 2022-05-27T17:23:16.000Z, RT @anifel20: Dr. Fei Han, have a fully-funded PhD student to join his research lab in 2022 Fall or 2023 Spring. Please contact him if you…
1530243543024869377, 1126627008656449537, 2022-05-27T17:44:25.000Z, Biggest congratulations to Morghan Carr for doing an amazing job on her master's defense. So Proud of you Morgan👏👏👏 Also thank you for your service! Majid Ghayoomi Fei Han Yanbo Wang  University of New Hampshire University of Utah #armyveteran #student…https://t.co/qPwDJ4S4sq
1530248951542194177, 495368154, 2022-05-27T18:05:55.000Z, RT @anifel20: Dr. Fei Han, have a fully-funded PhD student to join his research lab in 2022 Fall or 2023 Spring. Please contact him if you…
1530255539757887491, 379731318, 2022-05-27T18:32:06.000Z, RT @anifel20: Dr. Fei Han, have a fully-funded PhD student to join his research lab in 2022 Fall or 2023 Spring. Please contact him if you…
1530287878424739842, 1160481547, 2022-05-27T20:40:36.000Z, RT @anifel20: Dr. Fei Han, have a fully-funded PhD student to join his research lab in 2022 Fall or 2023 Spring. Please contact him if you…
1530370912356380674, 2764413622, 2022-05-28T02:10:33.000Z, RT @anifel20: Dr. Fei Han, have a fully-funded PhD student to join his research lab in 2022 Fall or 2023 Spring. Please contact him if you…
1530427716478341120, 990364277872607233, 2022-05-28T05:56:16.000Z, Waterboys zhang wei, chen ming han, gao fei, ququ, wang zi https://t.co/Qhik5jz5WC
1530432889627848705, 1296526592068517888, 2022-05-28T06:16:49.000Z, RT @anifel20: Dr. Fei Han, have a fully-funded PhD student to join his research lab in 2022 Fall or 2023 Spring. Please contact him if you…
1530444845491396610, 1185882552776744962, 2022-05-28T07:04:20.000Z, RT @anifel20: Dr. Fei Han, have a fully-funded PhD student to join his research lab in 2022 Fall or 2023 Spring. Please contact him if you…
1530445796365189125, 919167753315078144, 2022-05-28T07:08:06.000Z, RT @anifel20: Dr. Fei Han, have a fully-funded PhD student to join his research lab in 2022 Fall or 2023 Spring. Please contact him if you…
1530452338330292225, 1140227234864742400, 2022-05-28T07:34:06.000Z, Reading a bit of Han Fei.   "The literati by means of letters disturb laws; the cavaliers by means of weapons transgress prohibitions"  Very elegant. Makes me think of Macchiavellis foxes and lions.
1530479996208308224, 1511936276055965696, 2022-05-28T09:24:00.000Z, RT @anifel20: Dr. Fei Han, have a fully-funded PhD student to join his research lab in 2022 Fall or 2023 Spring. Please contact him if you…
1530485010196832256, 53341007, 2022-05-28T09:43:56.000Z, RT @anifel20: Dr. Fei Han, have a fully-funded PhD student to join his research lab in 2022 Fall or 2023 Spring. Please contact him if you…
1530524168479035393, 557273440, 2022-05-28T12:19:32.000Z, RT @anifel20: Dr. Fei Han, have a fully-funded PhD student to join his research lab in 2022 Fall or 2023 Spring. Please contact him if you…
1530593356778176514, 1220279553974833153, 2022-05-28T16:54:27.000Z, RT @anifel20: Dr. Fei Han, have a fully-funded PhD student to join his research lab in 2022 Fall or 2023 Spring. Please contact him if you…
1530601390053130242, 2639504872, 2022-05-28T17:26:23.000Z, RT @anifel20: Dr. Fei Han, have a fully-funded PhD student to join his research lab in 2022 Fall or 2023 Spring. Please contact him if you…
1530610078503550980, 361224330, 2022-05-28T18:00:54.000Z, RT @anifel20: Dr. Fei Han, have a fully-funded PhD student to join his research lab in 2022 Fall or 2023 Spring. Please contact him if you…
1530633317137014784, 782950897198338048, 2022-05-28T19:33:15.000Z, RT @historydefined: A 1400-year-old Ginkgo tree found within the walls of the Gu Guanyin Buddhist Temple, in the Zhongnan Mountains region…
1530639259010580483, 68395570, 2022-05-28T19:56:51.000Z, RT @anifel20: Dr. Fei Han, have a fully-funded PhD student to join his research lab in 2022 Fall or 2023 Spring. Please contact him if you…
1530649745194209280, 337110263, 2022-05-28T20:38:32.000Z, RT @anifel20: Dr. Fei Han, have a fully-funded PhD student to join his research lab in 2022 Fall or 2023 Spring. Please contact him if you…
1530670820435042304, 871717594633568257, 2022-05-28T22:02:16.000Z, RT @anifel20: Dr. Fei Han, have a fully-funded PhD student to join his research lab in 2022 Fall or 2023 Spring. Please contact him if you…
1530701922088660992, 1044174585048883200, 2022-05-29T00:05:51.000Z, @MichaelMjfm I promise I won't torture Han Fei except with questions.
1530994432769654784, 2285444134, 2022-05-29T19:28:11.000Z, Read my 4-star review of Han Feizi: Basic Writings by Han Fei  https://t.co/1LHuZnWWXF
1531043434030682112, 841373949544058880, 2022-05-29T22:42:54.000Z, Han Fei will probably just stutter to shit. Confucius is not a fighter-type. Laozi will do nothing. Mozi will wait till you attack him, before he destroys you.   I'd go with Han Fei, tbh. Would be an interesting conversation. https://t.co/LH95aG4NwG
1531140888709177345, 3323389871, 2022-05-30T05:10:09.000Z, RT @historydefined: A 1400-year-old Ginkgo tree found within the walls of the Gu Guanyin Buddhist Temple, in the Zhongnan Mountains region…
1531159438278676480, 927273671470796800, 2022-05-30T06:23:52.000Z, @InfraHaz Socialist Legalism. Xi has made it clear his favorite classical philosopher is Han Fei who emphasized appropriateness and consistency of reward and punishment, to throughly discipline the bureaucracy to serve the people and their ruler.
1531160699514281984, 1525531532412198914, 2022-05-30T06:28:53.000Z, @orikron @InfraHaz Han Fei was Mao's favorite too!
1531170509051768834, 2575666549, 2022-05-30T07:07:51.000Z, RT @orikron: @InfraHaz Socialist Legalism. Xi has made it clear his favorite classical philosopher is Han Fei who emphasized appropriatenes…
1531179317249572868, 1377895762076520454, 2022-05-30T07:42:51.000Z, Centered around personages like Kong Zi or even Han Fei. So my question is: what do you think is the most interesting issue, concept, reasoning that came about roughly the Warring States era I could talk through with people ranging from high school to BA years.
1531225842289889280, 927273671470796800, 2022-05-30T10:47:44.000Z, @MichaelMjfm Han Fei would totally get Marxism
1531227213697253377, 1377895762076520454, 2022-05-30T10:53:11.000Z, @MichaelMjfm I'd tell Han Fei "punish me, daddy, I've been a bad boy" and we'd hit it off from there. 🥺🙏🏼
1531250877067104257, 328493902, 2022-05-30T12:27:13.000Z, RT @anifel20: Dr. Fei Han, have a fully-funded PhD student to join his research lab in 2022 Fall or 2023 Spring. Please contact him if you…
1531284762916278275, 709410110854934529, 2022-05-30T14:41:52.000Z, @Sibenlun This is Mozi, right? I see some Han Fei accounts use this image, and google isn't conclusive
1531301844307300354, 74219748, 2022-05-30T15:49:44.000Z, RT @historydefined: A 1400-year-old Ginkgo tree found within the walls of the Gu Guanyin Buddhist Temple, in the Zhongnan Mountains region…
1531304341998534656, 27887431, 2022-05-30T15:59:40.000Z, RT @historydefined: A 1400-year-old Ginkgo tree found within the walls of the Gu Guanyin Buddhist Temple, in the Zhongnan Mountains region…
1531304962176827394, 1464315997, 2022-05-30T16:02:07.000Z, RT @historydefined: A 1400-year-old Ginkgo tree found within the walls of the Gu Guanyin Buddhist Temple, in the Zhongnan Mountains region…
1531320823239192576, 958508539839959040, 2022-05-30T17:05:09.000Z, Han Fei hat schrieb mal, wenn ein kleines Land seinen großen Nachbarn nicht respektiert, dann verdient es den Untergang. Diese Selbstverständlichkeit ist mit dem angelsächsischen Liberalismus untergegangen. Die "regelbasierte Ordnung" lässt Kleinststaaten überheblich werden. https://t.co/UC9PLDGjxm
1531455852154081282, 1510672948646092802, 2022-05-31T02:01:42.000Z, RT @historydefined: A 1400-year-old Ginkgo tree found within the walls of the Gu Guanyin Buddhist Temple, in the Zhongnan Mountains region…
1531488826233069568, 2930935453, 2022-05-31T04:12:44.000Z, The rebellion of local residents during Shanghai lockdown reminded the Chinese about legalist excesses of the State. There's none other than Han Fei, ancient political philosopher, whose theory influences Xi Jinping, says China domain specialist @aadilbrar https://t.co/Ut3tWNPn99
1531489632717836289, 77961487, 2022-05-31T04:15:56.000Z, RT @ThePrintIndia: The rebellion of local residents during Shanghai lockdown reminded the Chinese about legalist excesses of the State. The…
1531599070690680837, 841373949544058880, 2022-05-31T11:30:48.000Z, @Aendarus No, and that quote is by Han Fei.
1531599347045085184, 841373949544058880, 2022-05-31T11:31:54.000Z, @Aendarus I believe it is impossible to be sure of anything.  Also a quote by Han Fei.
1531599852232228864, 841373949544058880, 2022-05-31T11:33:55.000Z, @Aendarus Superior and inferior wage one hundred battles a day.  Damn, didnt know I could make this very sussy by only using Han Fei quotes.
1531604421158772742, 4218881140, 2022-05-31T11:52:04.000Z, @WindBakura @Aendarus are you Han Fei
1531691082823737351, 132206789, 2022-05-31T17:36:26.000Z, @songpinganq @catturd2 Sie haben Angst vor Bürgern mit Küchenmessern.  Sie kennen Goethe:  Fürchterlich ist einer, der nichts zu verlieren hat!  Aber Achtung!  Man schützt sich vor Feinden, aber zum Verhängnis werden diejenigen, die man liebt (Han Fei, ca. 280–233 v. Chr. - Die Kunst der Staatsführung)
1531698721343217664, 122854874, 2022-05-31T18:06:47.000Z, RT @ThePrintIndia: The rebellion of local residents during Shanghai lockdown reminded the Chinese about legalist excesses of the State. The…
1531704261251584000, 952497687596646400, 2022-05-31T18:28:48.000Z, God of Fishing - Chapter 1766 - Whale Valley  Chapter 1766: Whale Valley Over the years, Han Fei had encountered many “Greatly Ominous” situations. He had encountered even “Impasse” situations twice. Therefore, the “Greatly Ominous” situations might be https://t.co/vbkRqBdfdH
1531732397791793152, 746005474265468928, 2022-05-31T20:20:36.000Z, @HerrPanTau Abr, I han doch gar net gwisst, dass du den au so gut finsch wie I! Des isch fei voll unfair, gell. Und woisch, des war des letschte Moal, weil er si etz uff soin Kampf gegen de Trumpismus un fir die Demokratie oisetze dut.
1531734709587288065, 4218881140, 2022-05-31T20:29:47.000Z, @WindBakura @Aendarus bet Han Fei wouldve loved https://t.co/pMfssrhr9s
1531735723770257409, 1041967460, 2022-05-31T20:33:49.000Z, RT @RLN_Net: God of Fishing - Chapter 1766 - Whale Valley  Chapter 1766: Whale Valley Over the years, Han Fei had encountered many “Greatly…
1531739880329465857, 764592193969397761, 2022-05-31T20:50:20.000Z, @GioBosche Diferencia todos los del PNP han sido arrestado por el FBI y los del PPD el único que será acusado hasta el momento es el de Mayaguez y por el FEI.
1531778898127634432, 834393551005954048, 2022-05-31T23:25:23.000Z, A FEI TA TE esos tres pelos que te han salido en la cara JAJAJA
1531858211707363328, 884500116077293568, 2022-06-01T04:40:32.000Z, RT @historydefined: A 1400-year-old Ginkgo tree found within the walls of the Gu Guanyin Buddhist Temple, in the Zhongnan Mountains region…
1531898578394034176, 1389700670886924291, 2022-06-01T07:20:57.000Z, @BitcoinCarni @saffron_squad Oh am I? Did you read Han Fei’s legalist essays? No? Did you read Marcus Orelius meditations? You’re just as ignorant! How convenient then!
1531906464641687552, 524523087, 2022-06-01T07:52:17.000Z, RT @danielas0927: A FEI TA TE esos tres pelos que te han salido en la cara JAJAJA
1531977669818081280, 1417118324966805512, 2022-06-01T12:35:13.000Z, RT @danielas0927: A FEI TA TE esos tres pelos que te han salido en la cara JAJAJA
1531995863295606785, 727852339713986560, 2022-06-01T13:47:31.000Z, Han Fei, democrat https://t.co/L5auiiqeEd
1531997437833154560, 727852339713986560, 2022-06-01T13:53:46.000Z, Me: Wow this Han Feizi is full of such ancient profound insights   Han Fei: You utter fool. You stump-watcher https://t.co/dmx2kPv15u
1532047497883004928, 1371614846857383939, 2022-06-01T17:12:42.000Z, @LUISANG21247340 Lo unico que hay detras de esto es desacreditarlo para dejar el campo abierto para pintar a Mayaguez de azul,nunca han podido.¿Quien preside el FEI?. Caso cerrado.
1532137140309598209, 1510606918481498117, 2022-06-01T23:08:54.000Z, RT @ThamKhaiMeng: Incredible explosion of gold from a 1,400-year-old Ginkgo tree  Photography by Han Fei https://t.co/WYJ9bCzIvk
1532179886391148545, 925867061183737857, 2022-06-02T01:58:46.000Z, November 11, drivers, etc.). Common during the Han Fei
1532208709773848577, 1112361456006119425, 2022-06-02T03:53:18.000Z, @strayselling @FEI_IXLEE binsung alias Changbin Han
1532237657669259265, 1451767786124967936, 2022-06-02T05:48:19.000Z, RT @CGdrawing: 1400 year old ginkgo tree.  地點：陝西省西安市古觀音禪寺 Photography: Han Fei https://t.co/ke7VAoGtOG
1532245687836225536, 1341810280418832389, 2022-06-02T06:20:14.000Z, Slot   Chan : @hwgjeong   Leeknow : @rasiemiese  Abin : @hyunoeu ✅ Hyunjin : @hyunoeu @hwgjeong  Han : ✅✅ Felix : @FEI_IXLEE✅ seungmin : ✅ I.n : @hwgjeong
1532245988341338112, 1341810280418832389, 2022-06-02T06:21:26.000Z, Slot   Chan : @hwgjeong   Leeknow : @rasiemiese @puppiym  Abin : @hyunoeu ✅ Hyunjin : @hyunoeu @hwgjeong  Han : ✅✅ Felix : @FEI_IXLEE✅ seungmin : @puppiym ✅ I.n : @hwgjeong✅
1532246785485602817, 1341810280418832389, 2022-06-02T06:24:36.000Z, Slot   Chan : @hwgjeong   Leeknow : @rasiemiese @puppiym  Abin : @hyunoeu ✅ Hyunjin : @hyunoeu @hwgjeong  Han : ✅✅ Felix : @FEI_IXLEE @xoxanneleyysbt seungmin : @puppiym ✅ I.n : @hwgjeong✅
1532247394305609728, 1341810280418832389, 2022-06-02T06:27:01.000Z, Slot   Chan : @hwgjeong   Leeknow : @rasiemiese @puppiym  Abin : @hyunoeu ✅ Hyunjin : @hyunoeu @hwgjeong  Han : @jooyeonjype ✅ Felix : @FEI_IXLEE @xoxanneleyysbt seungmin : @puppiym ✅ I.n : @hwgjeong✅
1532248164685971457, 1341810280418832389, 2022-06-02T06:30:04.000Z, Slot   Chan : @hwgjeong   Leeknow : @rasiemiese @puppiym  Abin : @hyunoeu ✅ Hyunjin : @hyunoeu @hwgjeong  Han : @jooyeonjype @one_moonz  Felix : @FEI_IXLEE @xoxanneleyysbt seungmin : @puppiym ✅ I.n : @hwgjeong✅
1532248532593577985, 1341810280418832389, 2022-06-02T06:31:32.000Z, Slot   Chan : @hwgjeong   Leeknow : @rasiemiese @puppiym  Abin : @hyunoeu @rasiemiese  Hyunjin : @hyunoeu @hwgjeong  Han : @jooyeonjype @one_moonz  Felix : @FEI_IXLEE @xoxanneleyysbt seungmin : @puppiym ✅ I.n : @hwgjeong✅
1532273230857183232, 1341810280418832389, 2022-06-02T08:09:41.000Z, Slot   Chan : @hwgjeong  @charlllnayer  Leeknow : @rasiemiese @puppiym  Abin : @hyunoeu @rasiemiese  Hyunjin : @hyunoeu @hwgjeong  Han : @jooyeonjype @one_moonz  Felix : @FEI_IXLEE @xoxanneleyysbt seungmin : @puppiym ✅ I.n : @hwgjeong✅
1532273954718482434, 1341810280418832389, 2022-06-02T08:12:33.000Z, Slot   Chan : @hwgjeong  @charlllnayer  Leeknow : @rasiemiese @iinosell Abin : @hyunoeu @rasiemiese  Hyunjin : @hyunoeu @hwgjeong  Han : @jooyeonjype @one_moonz  Felix : @FEI_IXLEE @xoxanneleyysbt seungmin : @iinosell ✅ I.n : @hwgjeong✅
1532285268706873345, 1530958822642262022, 2022-06-02T08:57:31.000Z, @peteapie @Fei_wangfan @SilvioH67400516 @Jo1Marieta @abc_es Por eso todos los países que eran comunistas y han probado el capitalismo han vuelto al comunismo, ni uno, ni uno quiere volver a tocar el comunismo con un palo, China los primeros
1532289416152358913, 1442919105724497922, 2022-06-02T09:14:00.000Z, RT @FEI_IXLEE: Polaroid set D9 Felix  Tc oddinary seungbin &amp; minlix Id pict noeasy Felix Han   Set 200K IDR / 15$ https://t.co/FgIMV9ZAUw
1532361319617273858, 874728585562660865, 2022-06-02T13:59:43.000Z, @Fei_wangfan @percy_vaughan El argumento de siempre de los cuñaos es que el PIB de Rusia es como el de Italia, que es una estación de gas con armas nucleares, etc. Casi siempre viene de gente de países que ni siquiera han lanzado un satélite al espacio.Resulta que la estación de gas tiene sufriendo a la UE
1532394247164289027, 15457017, 2022-06-02T16:10:33.000Z, RT @historydefined: A 1400-year-old Ginkgo tree found within the walls of the Gu Guanyin Buddhist Temple, in the Zhongnan Mountains region…
1532538441912553473, 1389700670886924291, 2022-06-03T01:43:32.000Z, @Brutalist_ @The_Nevermeant @caitoz The modern Chinese nation is not a Han supremacist nation. It's a Chinese supremacist nation. China refuses to adopt western constitutionalism, because they want to retain CHINESE culture and traditions (Han fei's Legalism, Confucianism etc)
1532643272593510400, 343842708, 2022-06-03T08:40:05.000Z, RT @historydefined: A 1400-year-old Ginkgo tree found within the walls of the Gu Guanyin Buddhist Temple, in the Zhongnan Mountains region…
1532691909713481732, 1181501988049215489, 2022-06-03T11:53:21.000Z, RT @historydefined: A 1400-year-old Ginkgo tree found within the walls of the Gu Guanyin Buddhist Temple, in the Zhongnan Mountains region…
1532692798893432833, 1397647030865080328, 2022-06-03T11:56:53.000Z, RT @historydefined: A 1400-year-old Ginkgo tree found within the walls of the Gu Guanyin Buddhist Temple, in the Zhongnan Mountains region…
