id, author_id, created_at, text
733888524664066048, 3322034721, 2016-05-21T05:13:53.000Z, Que pena por la fran y julio cesar que pierdan su tiempo con este pobre weon , me pregunto como la mamá lo deja que hable weas #primerplano
733897523044200448, 67986775, 2016-05-21T05:49:39.000Z, RT @FunaoYeta: Que pena por la fran y julio cesar que pierdan su tiempo con este pobre weon , me pregunto como la mamá lo deja que hable we…
734812467834953728, 17685447, 2016-05-23T18:25:19.000Z, Motorcyclist shot, killed in Wilmington area id'd as 34yo Julio Cesar Pena. @LapdHarborDiv looking for suspect https://t.co/9hTepll2OC
734834968598216705, 614962906, 2016-05-23T19:54:43.000Z, Julio Cesar Pena, 34 : #IHateTimWaterman
735525192072470528, 473440107, 2016-05-25T17:37:25.000Z, @El__Venegas @JuanChavito @martindelp si me acuerdo. La era Julio Cesar Yegros. Era d pena ajena. Me pego mas lo q dijo martin q perder ayer
735610730024558592, 892390657, 2016-05-25T23:17:19.000Z, Click here to support Rest in Peace Julio Cesar Pena by Diana Vergara https://t.co/Bbn4BffSMy
736386747282665472, 148976164, 2016-05-28T02:40:56.000Z, Mi sentido pèsame a la Familia Monzòn Peña  por la partida a la eternidad de Julio Cesar Monzòn Peña Q.E.P.D.
736393997262938112, 2572129633, 2016-05-28T03:09:45.000Z, RT @ElsaGamez_28: Mi sentido pèsame a la Familia Monzòn Peña  por la partida a la eternidad de Julio Cesar Monzòn Peña Q.E.P.D.
737498802114826242, 143590842, 2016-05-31T04:19:51.000Z, NO VALE LA PENA PERDER AMISTADES O PELEAR A CAUSA DE LA POLÍTICA:  Hola Soy Julio Cesar Baluarte y tengo 39 años,... https://t.co/NNtKk0SmlG
738108375788093441, 62539990, 2016-06-01T20:42:04.000Z, @ESPNagora E lamentavel,ditos "Profissionais de imprensa",chamarem por alguma derrota,um Julio Cesar ou Guardiola de fracassados. So da pena
738128509135003648, 315143, 2016-06-01T22:02:04.000Z, @sylvanella @cronicasdelocio Y alla sin pena ni gloria el Julio Cesar
738535942403809281, 48383900, 2016-06-03T01:01:04.000Z, Model:MARIANA Photography:Julio César León Peña  2016 https://t.co/6NfDQYUuHH
738728822992994304, 78886375, 2016-06-03T13:47:30.000Z, Brillantes @ShirleyVarnagy y Julio César Pineda por @CircuitoExitos. Vale la pena escucharlos
738728849668722689, 115308684, 2016-06-03T13:47:37.000Z, RT @cjaimesb: Brillantes @ShirleyVarnagy y Julio César Pineda por @CircuitoExitos. Vale la pena escucharlos
738953159469568000, 4848445977, 2016-06-04T04:38:56.000Z, 25 cosas sobre mí 😌 — Julio Cesar Rodrigues Peña. 16 años. 4 de marzo Ojos Cafes  Pestañas largas 😍 chocolate Ki… https://t.co/87nM1bNbJg
