id, author_id, created_at, text
1460751162466979841, 624367140, 2021-11-16T23:26:31.000Z, Where Grizzlies rank (among 319 players)...  22-Ja Morant 98-Steven Adams 120-De'Anthony Melton 136-Tyus Jones 137-Jaren Jackson 145-Brandon Clarke 156-Desmond Bane 208-Kyle Anderson 221-Xavier Tillman 265-John Konchar 315-Ziaire Williams https://t.co/sFey0NrL7z
1462837526503170056, 624367140, 2021-11-22T17:36:59.000Z, Where Grizzlies rank (among 332 players)...  37-Ja Morant 113-Tyus Jones 123-Desmond Bane 129-De'Anthony Melton 131-Steven Adams 136-Jaren Jackson 139-Brandon Clarke 181-Dillon Brooks 234-Xavier Tillman 236-Kyle Anderson 301-John Konchar 331-Ziaire Williams https://t.co/jDCD27Y0ta
1465393197111144448, 624367140, 2021-11-29T18:52:18.000Z, Where Grizzlies rank (among 352 players)...  36-Ja Morant 93-Desmond Bane 107-Brandon Clarke 111-Jaren Jackson 141-De'Anthony Melton 147-Steven Adams 169-Tyus Jones 194-Dillon Brooks 248-Kyle Anderson 260-John Konchar 264-Xavier Tillman 349-Ziaire Williams https://t.co/Cy9TBzXbVn
1465427785749450753, 856678398847930369, 2021-11-29T21:09:45.000Z, RT @AndrewDBailey: Where Grizzlies rank (among 352 players)...  36-Ja Morant 93-Desmond Bane 107-Brandon Clarke 111-Jaren Jackson 141-De'An…
