id, author_id, created_at, text
1477345643895181315, 1587419887, 2022-01-01T18:27:03.000Z, Prospectos do Citrus Bowl  Iowa  C, Tyler Linderbaum, #65 CB, Riley Moss, #33 RB, Tyler Goodson, #15 LB, Jack Campbell, #31  Kentucky  OT, Darrian Kinnard, #70 WR, Wan'Dale Robinson, #11 RB, Chirs Rodriguez, #24 EDGE, Joshua Pascal, #4 OL, Dare Rosenthal, #51  #CollegeNaESPN
1477357581161095169, 844687536, 2022-01-01T19:14:29.000Z, RT @alexcastrofilho: Prospectos do Citrus Bowl  Iowa  C, Tyler Linderbaum, #65 CB, Riley Moss, #33 RB, Tyler Goodson, #15 LB, Jack Campbell…
1477658569449291777, 245862130, 2022-01-02T15:10:31.000Z, CONVERGE ONLINE!  Enjoy worship &amp; the Word from NYE LIVE Experience featuring messages from Pastor Ray Harmon (Converge Church), Pastor Joshua Campbell (God's Nation Church) &amp; Pastor Derrick Golden (Amazing Church).  •https://t.co/2Hq9mSYbyu  •https://t.co/3IlokKgSyc   10 am CT https://t.co/De0LwG8hVX
1477687988515659780, 596066155, 2022-01-02T17:07:25.000Z, @ScientiaPercept @GaryGm9999 @DrSly16 @PatricktheB @megafant1 @willsworldview @wpcguy @Bitcoinbabbi @nadsshoes @HeathenWombat @dadah_83 @kraegkust @MucusMucous @ei9iw @dirk_fasshauer @p3driver @AweNature_ @horusrage @MichaelSteidel @MassillonAt @TheCOAPodcast @brough_joshua @pramkzone @ScriptureAlone_ @foxbarlad @tk_the_kitsune @Truthwiththord @GreekVikingX @Pandeism @geraldpayne25 @Skeptic_8 @CobraElDiablo @dghyhyh @PBDerbysAtheist @bumpus_lumpus @Omarmarketanci @malo_j @Samson37123571 @tarquinrees @impeachqueen @Pollyesther34 @AnthonyT2_Mufc @odktiger @Thedukeistheman @michellmybell1 @Max62937370 @jojointassie @IngridIngwah @reactiveIntent @BrianNazarenus My sister in Marshall, TX; took me to an event 10+years ago where I met Bill Moyers. His Power of Myth interviews from the 80’s w/Campbell made me want to know everything I could about religions. Anyway Moyers signed my copy of the Power of Myth:Too bad couldn’t meet Campbell!
1477701437006114819, 714927402992807937, 2022-01-02T18:00:51.000Z, And this cast. So many of 18-year old Aaron's big crushes: Neve Campbell of course (whose next movie would be "Wild Things"), Sarah Michelle Gellar, Rebecca Gayheart, and Heather Graham. Plus Joshua Jackson, who I wanted to be, and roleplayed as on Livejournal. Haha
1477720964850987014, 947344349821657088, 2022-01-02T19:18:27.000Z, @WW_Marcus Dang you saying Joshua Perry, Parris Campbell, Darron Lee, Tyvis Powell, Cardale Jones, Evan Spencer are all liars and cowards? @ them or you’re the coward.
1477722778124103683, 2504912360, 2022-01-02T19:25:39.000Z, RT @G35or335evan: @WW_Marcus Dang you saying Joshua Perry, Parris Campbell, Darron Lee, Tyvis Powell, Cardale Jones, Evan Spencer are all l…
1477739873733906442, 534973752, 2022-01-02T20:33:35.000Z, @BobbyRayJr @jonathandnye @jemelehill Lol this incident happened 3 years ago. Paris Campbell, Cardelle Jones, Joshua Perry, and like 5 other former players from that team, who were THERE said it never happened
1477771518604201989, 395384453, 2022-01-02T22:39:20.000Z, RT @we_are_converge: CONVERGE ONLINE!  Enjoy worship &amp; the Word from NYE LIVE Experience featuring messages from Pastor Ray Harmon (Converg…
1477792562291245056, 3184391, 2022-01-03T00:02:57.000Z, We have another terrific guest cast with Anne Gee Byrd, Joshua Chang, Tui Asau, Grant Jordan, Milissa Sears, Michael Ocampo, and Duncan Campbell! ♥️  Enjoy the show and happy 2022!! 🥳  #ncisla  #happynewyear  #happy2022 https://t.co/x0WpRshbVs
1477801677726040073, 1391879263712915460, 2022-01-03T00:39:10.000Z, late 90s snl has maybe the most hosts i’ve never heard of  scott wolf greg kinnear roma downey lucy lawless joan allen heather graham julianne moore claire danes jennifer love hewitt julianna margulies joshua jackson neve campbell elle macpherson laura leighton
1477825585057607680, 395288502, 2022-01-03T02:14:10.000Z, @H8TTUN I’ve just read through his tweets (briefly) and seen some of the things Players like Darron Lee, Joshua Perry, Evan Spencer, and Parris Campbell have said in rebuttal to said claims.
1477870459911913477, 4790501773, 2022-01-03T05:12:29.000Z, RT @G35or335evan: @WW_Marcus Dang you saying Joshua Perry, Parris Campbell, Darron Lee, Tyvis Powell, Cardale Jones, Evan Spencer are all l…
1478034027219238916, 1965012716, 2022-01-03T16:02:27.000Z, RT @we_are_converge: CONVERGE ONLINE!  Enjoy worship &amp; the Word from NYE LIVE Experience featuring messages from Pastor Ray Harmon (Converg…
1478169356966273027, 766775449263366144, 2022-01-04T01:00:12.000Z, Home Game Result: Torrinar (Joshua Campbell) battled Gloves1010 (Collin Anderson) heads up prior to defeating a field of 18 players to earn his first Daily Series title in 2022 for an International event.  Full result:  https://t.co/5EGuHNULd8
1478471604548034560, 1477714273258381312, 2022-01-04T21:01:13.000Z, duncan campbell, eight years old, youngest son of joshua campbell and bianca dumàs, born in ottawa, canada, one of the five victim in the missing children accident, posseses foxy . duncan Is a caring, determined kid who want to [...]
1478557211236257794, 1478539100965654529, 2022-01-05T02:41:24.000Z, Joshua Campbell Grade 12 2 Game Mixtape https://t.co/qJuZsKEL68
1478618953039560709, 1289007596410531840, 2022-01-05T06:46:44.000Z, RT @shiftyjoshua11: Joshua Campbell Grade 12 2 Game Mixtape https://t.co/qJuZsKEL68
1478791042610745353, 50462368, 2022-01-05T18:10:33.000Z, @jemelehill @BSO we need to get all that same energy from Cardale, Joshua Perry, Paris Campbell…
1478870876258983936, 1388111360626728961, 2022-01-05T23:27:47.000Z, 🚨Unrivaled Player Profile🚨@CoachP_eterson 🎓: 2️⃣0️⃣2️⃣3️⃣ 🏈: CB/ATH  🗣: Joshua Clarke  📏: 6’1” 160lbs  🏃: 4.6 40 yard dash  Offers: Campbell  🎥: Junior Film https://t.co/fQTVPNjxMj 🐦: @jclarke1_  🏫: T.C Williams HS (VA) https://t.co/f3h2zCMb5V
1478874252904390657, 2488457477, 2022-01-05T23:41:12.000Z, RT @ProcessExposure: 🚨Unrivaled Player Profile🚨@CoachP_eterson 🎓: 2️⃣0️⃣2️⃣3️⃣ 🏈: CB/ATH  🗣: Joshua Clarke  📏: 6’1” 160lbs  🏃: 4.6 40 yard…
1478956146589577223, 1174686829137842176, 2022-01-06T05:06:37.000Z, Canadian Tire National Skating Championships 2022 Senior Dance Entries  Elysia-Marie Campbell / Liam Fawcett Torri Hollstein / Joshua Burger Maia Iannetta / Liam Carr Marie-Jade Lauriault / Romain Le Gac  #CTNats22 #FigureSkating https://t.co/RhQufKkPWF https://t.co/wvp9L7n9Ry
1478956438534103040, 1174686829137842176, 2022-01-06T05:07:47.000Z, Championnats Nationaux de Patinage Canadian Tire 2022 Danse Senior  Elysia-Marie Campbell / Liam Fawcett Torri Hollstein / Joshua Burger Maia Iannetta / Liam Carr Marie-Jade Lauriault / Romain Le Gac  #CTNats22 #PatinageArtistique https://t.co/RhQufKkPWF https://t.co/el1Fy4ryd9
1479187083541495815, 605094989, 2022-01-06T20:24:17.000Z, @Chime My money goals are to finally be able to buy a bigger home for me and my family.  That would be the best 2022..  #ChimeMoneyGoals  Joshua-Campbell-23
1479187767322099726, 1264308640246304771, 2022-01-06T20:27:00.000Z, RT @ProcessExposure: 🚨Unrivaled Player Profile🚨@CoachP_eterson 🎓: 2️⃣0️⃣2️⃣3️⃣ 🏈: CB/ATH  🗣: Joshua Clarke  📏: 6’1” 160lbs  🏃: 4.6 40 yard…
1479190773979570181, 1342662080, 2022-01-06T20:38:57.000Z, 2022 Top 150: Player Rankings 📊  136: Joseph Pinion / @josephpinion2 137: Dom Campbell / @thedomcampbell 138: Malik Dia / @malikkdia 139: Demarion Watson / @WatsonDemarion 140: Josh Jefferson / @Joshua_LV0   FULL RANKINGS 👇🏾 https://t.co/wlTGiUODIT @CircuitScouting @RP3natural
1479193464541786112, 2620166894, 2022-01-06T20:49:38.000Z, RT @TheCircuit: 2022 Top 150: Player Rankings 📊  136: Joseph Pinion / @josephpinion2 137: Dom Campbell / @thedomcampbell 138: Malik Dia / @…
1479410771041955846, 1445112983877738508, 2022-01-07T11:13:08.000Z, 1/6 NJ Hoopers HS Hoops Results  Cedar Grove 39 at Technology 55  Technology was led by Joshua Campbell with 19 Pts, 3 Rebs, 2 Asts &amp; 3 Stls. Marc Cosmeus added 13 Pts, 11 Rebs, 3 Asts &amp; 5 Blks. Alex Rivera had 13 Pts &amp; 7 Rebs. Eric Mazal led Cedar Grove with 12 Pts.  #NJHoopers
1479423856083599366, 1363658427822608384, 2022-01-07T12:05:08.000Z, https://t.co/puxAhWtWBw Boxing fans stunned after Campbell Hatton is awarded win on Joshua undercard https://t.co/4UMkS3BGXH
1479467447598170112, 1445112983877738508, 2022-01-07T14:58:21.000Z, 1/6 NJ Hoopers High School Basketball Monster Game 🚨  Technology Edition   Alexander Rivera Technology 13 Pts, 7 Rebs, 2 Ast &amp; 2 Stls  Marc Cosmeus Technology 13 Pts, 11 Rebs, 3 Asts, 5 Blks &amp; 1 Stl  Joshua Campbell Technology 19 Pts, 3 Rebs, 2 Asts &amp; 3 Stls  #NJHoopers
1479470398073106435, 1174686829137842176, 2022-01-07T15:10:04.000Z, Group1 1◆ Elysia-Marie Campbell / Liam Fawcett 2◆ Torri Hollstein / Joshua Burger 3◆ Maia Iannetta / Liam Carr 4◆ Marie-Jade Lauriault / Romain Le Gac  #CTNats22 #FigureSkating
1479470423364759555, 1174686829137842176, 2022-01-07T15:10:10.000Z, Group1 1◆ Elysia-Marie Campbell / Liam Fawcett 2◆ Torri Hollstein / Joshua Burger 3◆ Maia Iannetta / Liam Carr 4◆ Marie-Jade Lauriault / Romain Le Gac  #CTNats22 #PatinageArtistique
1479499611534503943, 905743078367137793, 2022-01-07T17:06:09.000Z, ❤🖤💚July 18th, Mothership: Tales from Afrofuturism &amp; Beyond (ed. Edward Austin Hall &amp; Bill Campbell, 2013) + Dominion: An Anthology of Speculative Fiction from Africa &amp; the African Diaspora (ed. Oghenechovwe Donald Ekpeki, Zelda Knight &amp; Joshua Omenga, 2020) Short stories tbc. https://t.co/K5keylGvAN
1479574014708310023, 1156191139759906817, 2022-01-07T22:01:48.000Z, The extension "EBG DevOps Tools" from Joshua Campbell has been updated to version 1.1.1. Link: https://t.co/pcsOJHud6P #CDS #CRM #CRM365 #CustomerEngagement #Dynamics #Dynamics365 #EarlyBoundGenerator #EBG #Powerapps
1479826624250269700, 1174686829137842176, 2022-01-08T14:45:35.000Z, Group1 1◆ Maia Iannetta / Liam Carr 2◆ Jessica Lee Behiel / Jackson Behiel 3◆ Torri Hollstein / Joshua Burger 4◆ Elysia-Marie Campbell / Liam Fawcett  #CTNats22 #FigureSkating
1479826652998041601, 1174686829137842176, 2022-01-08T14:45:42.000Z, Group1 1◆ Maia Iannetta / Liam Carr 2◆ Jessica Lee Behiel / Jackson Behiel 3◆ Torri Hollstein / Joshua Burger 4◆ Elysia-Marie Campbell / Liam Fawcett  #CTNats22 #PatinageArtistique
1480072742195978240, 1040678133215576069, 2022-01-09T07:03:34.000Z, Joshua Lee Campbell #CRJ https://t.co/y2CEEVr947 https://t.co/uDlbgHXNYe
1480242918610853898, 1295877567703134208, 2022-01-09T18:19:48.000Z, @sohashgn @jdevans141 @JaimeJames90 @JABmedia01 2016 was awful but 2012 - Katie Taylor, Anthony Joshua, Callum Smith, Kal Yafai, Luke Campbell, Josh Taylor.
1480730615817424896, 1336720598781845514, 2022-01-11T02:37:44.000Z, Costarring: Joshua Hoffman Supporting: @EllenMonohan, @theheatherhop and @JamieLuner Director: Doug Campbell Production co: @johnsonproduct2
1481026514455969792, 2236392193, 2022-01-11T22:13:31.000Z, @SteveBoxman - Rigo should be WBO Champion and beat Casimero, no matter how boring that fight was  -Campbell beat Linares  - Wilder and his team wanted nothing  to do with Joshua
1481028002104463364, 1160340429910499328, 2022-01-11T22:19:26.000Z, My son Joshua Campbell was nominated for boys basketball player of the week. He’s averaging 31 points per game at his new school… votes are greatly appreciated!
1481251669199540226, 1295877567703134208, 2022-01-12T13:08:12.000Z, @JaimeJames90 @PForPKingCanelo @owen02_ Joshua Buatsi Dereck Chisora Souleymane Cissokho  Ramla Ali Campbell Hatton  I'd take that, if they're in solid fights.
1481279975105904640, 735287389, 2022-01-12T15:00:41.000Z, Joshua Campbell received an acceptance from Florida Polytechnic University. Way to go, Joshua! #collegebound https://t.co/O6tRxOK2gy
1481341109108604928, 1309694381603995648, 2022-01-12T19:03:37.000Z, 📝⏰📻🎥🎶 13th January 2022 (GMT+9)  00:30 Joshua Roman*, Jader Bignamini Live 01:00 Joy Campbell*, Eckart Preu 17:00 Cornelius Zirbo*, Cadmiel Botac Live 19:00 Emmanuelle Bertrand*, Ensemble arabesques https://t.co/mwqxawRDMb
1481448598621634560, 1449029358992113664, 2022-01-13T02:10:44.000Z, @ksosnsj3 @josh757tv Online and washed up streamer extraordinaire! Oh it pays to be self aware XD (Joshua McCarthy)  Morty aka Joshua Seth Campbell - The NFT ape  More can be found in our discord like where we are from and a little bit about us :)
1481452159065538561, 2574490539, 2022-01-13T02:24:53.000Z, RT @SolBakeryNFT: @ksosnsj3 @josh757tv Online and washed up streamer extraordinaire! Oh it pays to be self aware XD (Joshua McCarthy)  Mort…
1481843794874179584, 1445112983877738508, 2022-01-14T04:21:06.000Z, 1/13 NJ HS 🏀 Results   Technology 56 at American History 58   Jr Marcel Clark led History with 16 Pts, 10 Rebs, &amp; 2 Asts in the close win. Sr Luis Martinez added 15 Pts &amp; 6 Rebs. Sr Marc Cosmeus led Technology with 17 Pts &amp; 24 Rebs. Sr Joshua Campbell had 26 Pts.  #NJHoopers
1481880484556771331, 3084920300, 2022-01-14T06:46:54.000Z, @BBCRadioStoke Morning John,Matt,Rhinestone cowboy ,Glen Campbell ,  what a tune, John Wyane, wolf. Please could you give a shout out to Joshua Plant it’s his birthday on Sunday many thanks have a good en .
1482301543881793540, 1413195415931875331, 2022-01-15T10:40:02.000Z, Joshua Chin made a YouTube video about Zac Campbell for asking ridiculous questions in the ISOWC pre-drivers meeting
1482358053760606209, 80281006, 2022-01-15T14:24:35.000Z, Leonard Gates 6-2 Owen Emmett-Bowden Kai Fan Leung 6-4 Steve Brown Matthew Edgar 6-3 Liam Meek Jason Hogg 6-2 Scott Campbell Joshua Richardson 6-3 Simon Stevenson Nathan Girvan 6-2 Martin Thomas Robert Rickwood 6-1 Darren Penhall
1482413181620400128, 154260962, 2022-01-15T18:03:39.000Z, All Michigan hockey team F Connor Larkin Debrincat Motte Norris  Rust Watson Copp Brown Joshua Glendening Czarnik D Werenknski Trouba Krug Petry Martinez Roy (Dekeyser/Greene/Oesterle/Cole) G Campbell/Hellebuyck  C✔️ W ❌ D ✔️ G ✔️
1482499362026663943, 191754938, 2022-01-15T23:46:06.000Z, Shout out to our U14 XV who came out on top in their League Semi Final against a really good Dungannon side today 27-21!  2 great try’s from Rauri Lester with the winner coming from Harvey Campbell. Joshua Woods was 5/5 today from the tee  #stagsup https://t.co/e87JjJgI9N
