id, author_id, created_at, text
965155763093213184, 300861582, 2018-02-18T09:27:20.000Z, RT @uava_org: Nuestr+s soci+s, Jesús Algovi, Tete Álvarez, Fernando Clemente, Eduardo D´Acosta, Mª A. Díaz Barbado, Gonzalo Fuentes, Manuel…
965298449951358979, 50791965, 2018-02-18T18:54:19.000Z, Miguel Ángel Mancera, Alejandra Barrales, Graco Ramírez, Dante Delgado, Santiago Creel y Manuel Granados se toman una foto previo al evento de Anaya. Arturo Núñez charla con Jesús Ortega.
966386861089357825, 364743280, 2018-02-21T18:59:16.000Z, ...Coria: Álex Hornillo. Isla Cristina: Diego. La Palma: Pablo, Pavón y Manolo Suárez. Rota: Chico Benítez. También 1 partido para técnicos y ayudantes: Dioni Arroyo y Juan Manuel Núñez (San José). Juan Antonio Cabrera (Algabeño). Jesús Mendoza (Antoniano).
966397643659403264, 2505891286, 2018-02-21T19:42:07.000Z, RT @litelchau: ...Coria: Álex Hornillo. Isla Cristina: Diego. La Palma: Pablo, Pavón y Manolo Suárez. Rota: Chico Benítez. También 1 partid…
967839098143637505, 2763295702, 2018-02-25T19:09:57.000Z, RT @litelchau: ...Coria: Álex Hornillo. Isla Cristina: Diego. La Palma: Pablo, Pavón y Manolo Suárez. Rota: Chico Benítez. También 1 partid…
967946917375348736, 545566553, 2018-02-26T02:18:23.000Z, Después de un GRAN día una GRAN noche PAC- MAN!!!! Jesus Manuel Alvarez Carmen Rivera Maria Nunez Rosimar... https://t.co/66Ixbw7Oyw
968022581080150017, 35892643, 2018-02-26T07:19:02.000Z, “Jesús Nazareno en el Arco de San Roque” por Manuel Cobano Nuñez https://t.co/gbFKJtCM84 https://t.co/aV0AuJZiQR
968025280982999040, 3064289103, 2018-02-26T07:29:46.000Z, 🥁✝️📸"Jesús Nazareno en el Arco de San Roque" por Manuel Cobano Nuñez https://t.co/PcpJWAtvQl vía @calandanazareno @KalandaCalanda @SemSantaCalanda @CulturaAragon @RUTATAMBORYBOMB @Jordisantacanaf @JoelBondia @Enric1971 @VisitBajoAragon #semanasantacalanda @TurismoTeruel
968592215386869760, 516373607, 2018-02-27T21:02:34.000Z, Manuel Jesús Núñez Feria https://t.co/18oknWHU6i
968987601410564096, 944754966664683520, 2018-02-28T23:13:41.000Z, @MaRKiToSsCR @JuaNCHoOo77 @Nachufax @Myrtia_Wolves @MyrtiaGamesBar @wipoid Ya esta todo listo esperó ganar mandame un mensaje en  Facebook Nuñez gutierrez yisus Jesús Manuel y ps en twiter me lo mandas espero ganar y suerte en las partidas con tu equipo
970016347064283136, 479626163, 2018-03-03T19:21:33.000Z, ATP presenta cartelera artística de la Feria de Soná en Veraguas, disfruta en la tarima de espectáculos hoy sábado 3 de marzo la presetación de Manuel de Jesús y Abdiel Nuñez. Sus atracciones turísticas, agropecuarias, artesanales, y culturales te esperan hasta mañana 4 de marzo https://t.co/M3yAQcfR89
970021294069731328, 2981209221, 2018-03-03T19:41:13.000Z, RT @ATP_panama: ATP presenta cartelera artística de la Feria de Soná en Veraguas, disfruta en la tarima de espectáculos hoy sábado 3 de mar…
970049376293965825, 169489073, 2018-03-03T21:32:48.000Z, RT @ATP_panama: ATP presenta cartelera artística de la Feria de Soná en Veraguas, disfruta en la tarima de espectáculos hoy sábado 3 de mar…
970066967104286720, 67236209, 2018-03-03T22:42:42.000Z, RT @ATP_panama: ATP presenta cartelera artística de la Feria de Soná en Veraguas, disfruta en la tarima de espectáculos hoy sábado 3 de mar…
970129388942610432, 2727070178, 2018-03-04T02:50:45.000Z, Un paseo más con mi esposa Perla Nuñez   y mis buenos amigos Jesus Manuel Ontiveros Corrales y Ana Lilia https://t.co/vHVTn9hJ4T
