id, author_id, created_at, text
645768510015078400, 55402782, 2015-09-21T01:16:25.000Z, Naomi Watts in Dior Couture and Liev Schreiber in Calvin Klein @ the 67th Annual Primetime Emmy Awards http://t.co/kJ61aI4kXf
645876666296856576, 1216366322, 2015-09-21T08:26:11.000Z, Foto: hollywood-fashion: Naomi Watts (in Christian Dior Couture) and Liev Schreiber (in Calvin Klein) at... http://t.co/UrRgZ7LDXA
647914255774318593, 26848054, 2015-09-26T23:22:50.000Z, Women, Whiskey &amp; Watts!!! Calvin is hooking it up on HIS birthday!!!… https://t.co/m1nB1aLVLn
649278761100308480, 27511850, 2015-09-30T17:44:54.000Z, When the last time u seen a watts #Calvin Klein model ??? 💪🏾💸 https://t.co/GMWV3pyOvY
