id, author_id, created_at, text
1009309571968479232, 124086056, 2018-06-20T05:38:48.000Z, ¡NO TE PUEDES PERDER! El encuentro con Candidatos a Diputados Locales del Distrito 02 el Miércoles 20 de Junio a las 5:30 pm en las instalaciones de la UNID Campus Durango  Ya confirmaron asistencia: ✅Paty Jiménez ✅Jacky Carreón Lugo ✅Arturo Yañez ✅Carlos Segovia Mijares https://t.co/FCnG02WGRx
1009428395845795840, 3304383954, 2018-06-20T13:30:58.000Z, RT @jkcalu: ¡NO TE PUEDES PERDER! El encuentro con Candidatos a Diputados Locales del Distrito 02 el Miércoles 20 de Junio a las 5:30 pm en…
1009441835834474496, 992627610675920896, 2018-06-20T14:24:22.000Z, RT @jkcalu: ¡NO TE PUEDES PERDER! El encuentro con Candidatos a Diputados Locales del Distrito 02 el Miércoles 20 de Junio a las 5:30 pm en…
1009522168626139137, 1006607348104925184, 2018-06-20T19:43:35.000Z, RT @jkcalu: ¡NO TE PUEDES PERDER! El encuentro con Candidatos a Diputados Locales del Distrito 02 el Miércoles 20 de Junio a las 5:30 pm en…
1009545433423798272, 435185384, 2018-06-20T21:16:02.000Z, RT @jkcalu: ¡NO TE PUEDES PERDER! El encuentro con Candidatos a Diputados Locales del Distrito 02 el Miércoles 20 de Junio a las 5:30 pm en…
