id, author_id, created_at, text
1595514392363532288, 546383985, 2022-11-23T20:27:29.000Z, Mujer llama al 911 y a su familia temiendo por su vida. Lo que pasó después se convirtió en una tragedia y convirtió a su padre en un fugitivo. ¿Qué opinas? https://t.co/fElrSgFSRP
1595586409884418048, 155470237, 2022-11-24T01:13:39.000Z, Dead: Giovannie Gutierrez  Giovannie = 3-x-6 Mendoza = 3-x-6 Like attracts like  "Giovannie Gutierrez" = 9-destiny.  The losses &amp; tragedies destiny.  #uDecide
1595622682850115584, 1516685536592863232, 2022-11-24T03:37:47.000Z, Jose Mendoza Accused of Fatally Shooting Giovannie Gutierrez : NEWSFINALE  https://t.co/8gTJ1WakX4
1595688772729200642, 97664800, 2022-11-24T08:00:24.000Z, The 59-year-old allegedly shot, 26-year-old Giovannie Gutierrez, after he had 'chased his daughter in his car' Gutierrez had been the source of a domestic violence call for service and had 'gotten his hands around Mendoza's daughter's throat' https://t.co/3x2C1Yli3y
1595824693063335938, 546383985, 2022-11-24T17:00:30.000Z, Luis Mendoza es buscado por el Departamento del Sheriff de Los Ángeles, como presunto responsable de la muerte de Giovannie Gutiérrez, exnovio de su hija. ➡️ https://t.co/hX3WK2TCq8 https://t.co/zOHUyMwqj4
1595950302347280387, 1513635906946744329, 2022-11-25T01:19:38.000Z, Jose Mendoza Accused of Fatally Shooting Giovannie Gutierrez https://t.co/AB7lehhL9k
1597739144507457536, 546383985, 2022-11-29T23:47:51.000Z, Una persecución terminó con la muerte de un joven hispano en plena carretera de Palmdale. Su familia rompe el silencio y pide justicia por lo que pasó. https://t.co/KOPTpzgWY3
1597832836450508800, 546383985, 2022-11-30T06:00:09.000Z, Los familiares de la víctima aseguraron que el joven era muy “amable, lleno de amor con todas las personas que lo conocían”. ➡️ https://t.co/Co0WZfDeZv https://t.co/wq2oEkgUOd
1599236898462973954, 1195204160112779268, 2022-12-04T02:59:23.000Z, Team results @ The Gage:   Boys placed 3rd Girls placed 4th  🥉Medalist: Edison Sutton, Stephen Gutierrez, Rene Williams, Laura Kim, SaDante Gomez-Scott, Destiny Lopez, Elijah Gomez  🥈Medalist: Manny Garay  🥇Medalist: Giovannie Gomez &amp; Erica Cobos  @915Wrestling @Americas_HS https://t.co/cH3dxVHRYX https://t.co/aWWmuNxcuq
1599239127274135552, 1711639387, 2022-12-04T03:08:15.000Z, RT @Blazers_Wrestle: Team results @ The Gage:   Boys placed 3rd Girls placed 4th  🥉Medalist: Edison Sutton, Stephen Gutierrez, Rene William…
1599240468839079936, 3949261393, 2022-12-04T03:13:34.000Z, RT @Blazers_Wrestle: Team results @ The Gage:   Boys placed 3rd Girls placed 4th  🥉Medalist: Edison Sutton, Stephen Gutierrez, Rene William…
1599264043256074240, 2876972143, 2022-12-04T04:47:15.000Z, RT @Blazers_Wrestle: Team results @ The Gage:   Boys placed 3rd Girls placed 4th  🥉Medalist: Edison Sutton, Stephen Gutierrez, Rene William…
1599428230796435457, 891050128437587968, 2022-12-04T15:39:40.000Z, RT @Blazers_Wrestle: Team results @ The Gage:   Boys placed 3rd Girls placed 4th  🥉Medalist: Edison Sutton, Stephen Gutierrez, Rene William…
