id, author_id, created_at, text
1573372093374291971, 1379981407305486337, 2022-09-23T18:01:53.000Z, @DeniseMaerker ABLO NI HIJA MENOR  2 VÍDEOS VICTIMA EN FACEBOOK ALEJANDRO CORALES DENUNCIO ABUSÓ D AUTORIDAD DE REPRESENTANTE D  CL SHEINBAUM VC PIDO SENADO Y SENADORA LILLIY TELLEZ  CÁMARA DE DIPUTADOS SEGUIMIENTO  FOLIO C SHEIINBAUM 012294/20 PROTECCION DIF https://t.co/muo0sEInSa
1574016170662977536, 1542082107329183744, 2022-09-25T12:41:13.000Z, RT @AEPEMadrid: 10 de la AEPE Sala de Exposiciones Maruja Mallo Junta de Retiro hasta el 28 de septiembre  Alejandro Aguilar Soria, Ángel A…
1574016186551046144, 1542082107329183744, 2022-09-25T12:41:17.000Z, RT @AEPEMadrid: 10 de la AEPE Sala de Exposiciones Maruja Mallo Junta de Retiro hasta el 28 de septiembre  Alejandro Aguilar Soria, Ángel A…
1574061149855043585, 731696669893394432, 2022-09-25T15:39:57.000Z, @ngtcollectibles Mandy Rose Liv Morgan Ruby Riott Gigi Dolin Jacy Jayne WWE Autos Alejandro Kirk Rowdy Tellez Blue Jays Autos Current Blue Jays (can be older uniforms I.E 2020 Matt Chapman)  2022 GQ 301-320 cards and Inserts
1574079660282945536, 33094865, 2022-09-25T16:53:30.000Z, RT @drunkleaderNOR: @ngtcollectibles Mandy Rose Liv Morgan Ruby Riott Gigi Dolin Jacy Jayne WWE Autos Alejandro Kirk Rowdy Tellez Blue Jays…
1574130444030906370, 4443069073, 2022-09-25T20:15:18.000Z, @PGuillermoSerra Yadira Tellez Gutierrez 🙏 Ale Martínez v 🙏 Diego Alejandro Martinez 🙏 Yadi Martinez 🙏
1574470555482222592, 1295780382097506307, 2022-09-26T18:46:47.000Z, Agradezco la presencia de la maestra @Griselda Camacho Téllez, titular de la @UMS_edomex, al Mayor de Arma Blindada, Edén Alejandro Fuentes Martínez, Jefe de la sección personal de abastecimiento del Octavo Regimiento y a las demás personas que nos acompañaron. https://t.co/S5GglbsLFs
1574773782841069568, 4443069073, 2022-09-27T14:51:42.000Z, @PGuillermoSerra Yadira Tellez Gutierrez 🙏 Ale Martínez v 🙏 Diego Alejandro Martinez 🙏 Yadira Martinez 🙏
1574806072279326727, 1475528808853868545, 2022-09-27T17:00:00.000Z, 🖋 | “Mis prejuicios me alejan de lo que alegan las señoras López y Téllez. Son capaces de gritar que viven en un país donde soldados armados con bazucas disparan a cuanto opositor se les atraviesa en las calles”.  #Opinión de Alejandro Páez Varela 👉🔗https://t.co/NuAhRIzDRP https://t.co/OEqxhltRIb
1574842971974926341, 1561633416017321987, 2022-09-27T19:26:38.000Z, @tavojeda5 Me gustaría TAAANTO que esto también lo hagamos con los narcoprianistaprdmc que son la mayor delincuencia, empezando con Lili Téllez,  El cabeza de vaca,Marko cortés,Alejandro,Fox,Peña, Calderón,Zedillo, Salinas la rata mayor y narco mayor y todos los jueces corruptos ah Zavala..
1574851928386899971, 3224606318, 2022-09-27T20:02:13.000Z, RT @coahuilense_el: 🖋 | “Mis prejuicios me alejan de lo que alegan las señoras López y Téllez. Son capaces de gritar que viven en un país d…
1575193818479005697, 365752732, 2022-09-28T18:40:46.000Z, GoFundMe for Alejandro Tellez who was fatally stabbed Sunday in his Hacienda Heights neighborhood. https://t.co/2k1QO4jvAr
1575223828816744448, 3830274317, 2022-09-28T20:40:01.000Z, @pausadelfutbol2 @ESPNFC En Colombia Julian Tellez propone Alejandro Sabella para dirigir la selección Colombia y sigue en Win
1575297884316123137, 3830274317, 2022-09-29T01:34:17.000Z, RT @EduardTob: @pausadelfutbol2 @ESPNFC En Colombia Julian Tellez propone Alejandro Sabella para dirigir la selección Colombia y sigue en W…
1575648994361212928, 1054548579140943873, 2022-09-30T00:49:29.000Z, @JULIAN TELLEZ DEBE SER RETIRADO DE WINS ESPORT POR DESACTUALIZO; HACE UNOS DIAS PIDIO PARA TECNICO DE LA SELECCIÓN COLOMBIA A ALEJANDRO SABELA; QUIEN TIENE 5 AÑOS DE MUERTO EFIGENIO MENDOZA ZAYAS ABOGADO ESPECIALIZADO
1575829006758207488, 2292167228, 2022-09-30T12:44:47.000Z, @JTrianaT @lopezobrador_ Y de los políticos cuál consideras que lo sea? Cuáles son tus estándares ? Lili Téllez, Xóchitl Gálvez Alejandro Moreno, Moreira Anaya? o quién ?
1575932974188892160, 1379981407305486337, 2022-09-30T19:37:55.000Z, @DeniseMaerker CONTESTA PETICIO OFICINA SENADORA LILLIY TELLEZ ABLO M HIJA VICTRIA FACEBOOK ALEJANDRO CORALES D INTE SECUESTRO Y ACOSO Y FOLIO C SHEIINBAUM 012294/20 INPEC DIF D 2NIÑAS Y MADRE  RIESGO C ACOSADORHERMANO D JAIIME BERNAL EX GE SEG PUBLICA EN VC https://t.co/OLgR7iMBb3
1575981502847807488, 14551262, 2022-09-30T22:50:45.000Z, Fundraiser by Esther Camarillo : Alejandro Tellez Jr https://t.co/KXUqWV2a4Y
1576297198010368000, 1511769792939659269, 2022-10-01T19:45:12.000Z, @ferbelaunzaran @CartonCalderon No entiendo el cartón. Ósea está con ( de izq a ser) lili Téllez, Alejandro Encinas, y al otro extremo la Kenia López ?
1576603936492257282, 731696669893394432, 2022-10-02T16:04:05.000Z, @ngtcollectibles Mandy Rose Liv Morgan Ruby Riott Gigi Dolin Jacy Jayne WWE Autos Alejandro Kirk Rowdy Tellez Blue Jays Autos Current Blue Jays (can be older uniforms I.E 2020 Matt Chapman)  2022 GQ 301-320 cards and Inserts
1577037472583647232, 1392251946501824520, 2022-10-03T20:46:48.000Z, @stevenarce Le puedes explicar a Julián Téllez que a Autuori....le dicen Alejandro Sabella...para que no sea tan malito.
1577111707167518721, 149957830, 2022-10-04T01:41:46.000Z, @elgatopolitico_ Este es un buen ejemplo para todos estos opositores golpistas defensores del pueblo, como Alejandro Moreno, Marco Cortez, Lilly Téllez, etc. ¿De que pinche pueblo están hablando?
1577434640880746496, 244218738, 2022-10-04T23:05:00.000Z, 🔴#EnVivo | Mancera investigado | ¿A dónde va Lilly Téllez? | Sedena no espía: AMLO  🖥 Ya comienzan #LosPeriodistas con @alvaro_delgado y Alejandro @paezvarela por nuestro canal de YouTube #SinEmbargoAlAire https://t.co/jB5lrv8zj6 https://t.co/3J9BnrnJxQ
1577435281787342848, 82615530, 2022-10-04T23:07:33.000Z, RT @SinEmbargoMX: 🔴#EnVivo | Mancera investigado | ¿A dónde va Lilly Téllez? | Sedena no espía: AMLO  🖥 Ya comienzan #LosPeriodistas con @a…
1577435767239999489, 3157266182, 2022-10-04T23:09:28.000Z, RT @SinEmbargoMX: 🔴#EnVivo | Mancera investigado | ¿A dónde va Lilly Téllez? | Sedena no espía: AMLO  🖥 Ya comienzan #LosPeriodistas con @a…
1577435843744014336, 186686208, 2022-10-04T23:09:47.000Z, RT @SinEmbargoMX: 🔴#EnVivo | Mancera investigado | ¿A dónde va Lilly Téllez? | Sedena no espía: AMLO  🖥 Ya comienzan #LosPeriodistas con @a…
1577436383475400704, 1423122102291292160, 2022-10-04T23:11:55.000Z, RT @SinEmbargoMX: 🔴#EnVivo | Mancera investigado | ¿A dónde va Lilly Téllez? | Sedena no espía: AMLO  🖥 Ya comienzan #LosPeriodistas con @a…
1577436639097655297, 764888720239570944, 2022-10-04T23:12:56.000Z, RT @SinEmbargoMX: 🔴#EnVivo | Mancera investigado | ¿A dónde va Lilly Téllez? | Sedena no espía: AMLO  🖥 Ya comienzan #LosPeriodistas con @a…
1577436812083023872, 132952643, 2022-10-04T23:13:38.000Z, RT @SinEmbargoMX: 🔴#EnVivo | Mancera investigado | ¿A dónde va Lilly Téllez? | Sedena no espía: AMLO  🖥 Ya comienzan #LosPeriodistas con @a…
1577438411593777152, 924831814165848064, 2022-10-04T23:19:59.000Z, RT @SinEmbargoMX: 🔴#EnVivo | Mancera investigado | ¿A dónde va Lilly Téllez? | Sedena no espía: AMLO  🖥 Ya comienzan #LosPeriodistas con @a…
1577442216204636160, 906194045881409536, 2022-10-04T23:35:06.000Z, RT @SinEmbargoMX: 🔴#EnVivo | Mancera investigado | ¿A dónde va Lilly Téllez? | Sedena no espía: AMLO  🖥 Ya comienzan #LosPeriodistas con @a…
1577445246144765953, 87358298, 2022-10-04T23:47:08.000Z, RT @SinEmbargoMX: 🔴#EnVivo | Mancera investigado | ¿A dónde va Lilly Téllez? | Sedena no espía: AMLO  🖥 Ya comienzan #LosPeriodistas con @a…
1577445395264831494, 1123332371405651968, 2022-10-04T23:47:44.000Z, RT @SinEmbargoMX: 🔴#EnVivo | Mancera investigado | ¿A dónde va Lilly Téllez? | Sedena no espía: AMLO  🖥 Ya comienzan #LosPeriodistas con @a…
1577445486558052356, 1490905188982534151, 2022-10-04T23:48:06.000Z, RT @SinEmbargoMX: 🔴#EnVivo | Mancera investigado | ¿A dónde va Lilly Téllez? | Sedena no espía: AMLO  🖥 Ya comienzan #LosPeriodistas con @a…
1577446460739682304, 82788234, 2022-10-04T23:51:58.000Z, RT @SinEmbargoMX: 🔴#EnVivo | Mancera investigado | ¿A dónde va Lilly Téllez? | Sedena no espía: AMLO  🖥 Ya comienzan #LosPeriodistas con @a…
1577446547800965120, 599561196, 2022-10-04T23:52:19.000Z, RT @SinEmbargoMX: 🔴#EnVivo | Mancera investigado | ¿A dónde va Lilly Téllez? | Sedena no espía: AMLO  🖥 Ya comienzan #LosPeriodistas con @a…
1577446575827214338, 168948077, 2022-10-04T23:52:25.000Z, RT @SinEmbargoMX: 🔴#EnVivo | Mancera investigado | ¿A dónde va Lilly Téllez? | Sedena no espía: AMLO  🖥 Ya comienzan #LosPeriodistas con @a…
1577446597062844416, 1301272308951080960, 2022-10-04T23:52:30.000Z, RT @SinEmbargoMX: 🔴#EnVivo | Mancera investigado | ¿A dónde va Lilly Téllez? | Sedena no espía: AMLO  🖥 Ya comienzan #LosPeriodistas con @a…
1577446871131267072, 576798612, 2022-10-04T23:53:36.000Z, RT @SinEmbargoMX: 🔴#EnVivo | Mancera investigado | ¿A dónde va Lilly Téllez? | Sedena no espía: AMLO  🖥 Ya comienzan #LosPeriodistas con @a…
1577450603990630400, 290805400, 2022-10-05T00:08:26.000Z, RT @SinEmbargoMX: 🔴#EnVivo | Mancera investigado | ¿A dónde va Lilly Téllez? | Sedena no espía: AMLO  🖥 Ya comienzan #LosPeriodistas con @a…
1577451618320011264, 2169692473, 2022-10-05T00:12:28.000Z, RT @SinEmbargoMX: 🔴#EnVivo | Mancera investigado | ¿A dónde va Lilly Téllez? | Sedena no espía: AMLO  🖥 Ya comienzan #LosPeriodistas con @a…
1577451640445177858, 179761204, 2022-10-05T00:12:33.000Z, RT @SinEmbargoMX: 🔴#EnVivo | Mancera investigado | ¿A dónde va Lilly Téllez? | Sedena no espía: AMLO  🖥 Ya comienzan #LosPeriodistas con @a…
1577454384832970752, 182492126, 2022-10-05T00:23:27.000Z, Mas clara Lily Téllez! Que el agua!  ¡Echa un vistazo a la Story de Alejandro Velasco! https://t.co/pxa6SkcT0D
1577457347446083584, 279932948, 2022-10-05T00:35:14.000Z, RT @SinEmbargoMX: 🔴#EnVivo | Mancera investigado | ¿A dónde va Lilly Téllez? | Sedena no espía: AMLO  🖥 Ya comienzan #LosPeriodistas con @a…
1577459351324794880, 1571667765823524867, 2022-10-05T00:43:11.000Z, RT @SinEmbargoMX: 🔴#EnVivo | Mancera investigado | ¿A dónde va Lilly Téllez? | Sedena no espía: AMLO  🖥 Ya comienzan #LosPeriodistas con @a…
1577459460825833472, 272622442, 2022-10-05T00:43:37.000Z, RT @SinEmbargoMX: 🔴#EnVivo | Mancera investigado | ¿A dónde va Lilly Téllez? | Sedena no espía: AMLO  🖥 Ya comienzan #LosPeriodistas con @a…
1577460030776832000, 819906446, 2022-10-05T00:45:53.000Z, RT @SinEmbargoMX: 🔴#EnVivo | Mancera investigado | ¿A dónde va Lilly Téllez? | Sedena no espía: AMLO  🖥 Ya comienzan #LosPeriodistas con @a…
1577460912906117121, 834140684, 2022-10-05T00:49:24.000Z, RT @SinEmbargoMX: 🔴#EnVivo | Mancera investigado | ¿A dónde va Lilly Téllez? | Sedena no espía: AMLO  🖥 Ya comienzan #LosPeriodistas con @a…
1577461162496630785, 976608132351832064, 2022-10-05T00:50:23.000Z, RT @SinEmbargoMX: 🔴#EnVivo | Mancera investigado | ¿A dónde va Lilly Téllez? | Sedena no espía: AMLO  🖥 Ya comienzan #LosPeriodistas con @a…
1577463423390330881, 33783455, 2022-10-05T00:59:22.000Z, RT @SinEmbargoMX: 🔴#EnVivo | Mancera investigado | ¿A dónde va Lilly Téllez? | Sedena no espía: AMLO  🖥 Ya comienzan #LosPeriodistas con @a…
1577463467627323394, 988206282845904897, 2022-10-05T00:59:33.000Z, RT @SinEmbargoMX: 🔴#EnVivo | Mancera investigado | ¿A dónde va Lilly Téllez? | Sedena no espía: AMLO  🖥 Ya comienzan #LosPeriodistas con @a…
1577465902144303107, 1573647237116268544, 2022-10-05T01:09:13.000Z, Hoy en “Los Periodistas” Alejandro Páez Varela dijo; cuando se acaban los hechos, comienzan: insultos, mentiras y la desestimación, eso pasa porq la persona q lo hace, carece del intelecto suficiente para seguir argumentando y lo único q queda es insultar, lela téllez te hablan!!
1577472271534653440, 1275851376, 2022-10-05T01:34:32.000Z, RT @SinEmbargoMX: 🔴#EnVivo | Mancera investigado | ¿A dónde va Lilly Téllez? | Sedena no espía: AMLO  🖥 Ya comienzan #LosPeriodistas con @a…
1577474449313566721, 1199437999748132870, 2022-10-05T01:43:11.000Z, @LOVREGA ¿Si escuchaste en tribuna a la finísima senadora Lilly Téllez? “El insulto es el combustible más barato de la gente menos inteligente” Alejandro Páez Varela
1577475903818342400, 225672174, 2022-10-05T01:48:58.000Z, RT @Francis21845191: @LOVREGA ¿Si escuchaste en tribuna a la finísima senadora Lilly Téllez? “El insulto es el combustible más barato de la…
1577476949370232832, 928064782762233861, 2022-10-05T01:53:07.000Z, @paezvarela si alejandro pero no compares a Irma serrano joven, hermosa y muuuy buena con ese zombie viejo y ambulante de tellez.
1577477423662522368, 974967174, 2022-10-05T01:55:00.000Z, RT @SinEmbargoMX: 🔴#EnVivo | Mancera investigado | ¿A dónde va Lilly Téllez? | Sedena no espía: AMLO  🖥 Ya comienzan #LosPeriodistas con @a…
1577477476371992576, 1478876706, 2022-10-05T01:55:13.000Z, RT @SinEmbargoMX: 🔴#EnVivo | Mancera investigado | ¿A dónde va Lilly Téllez? | Sedena no espía: AMLO  🖥 Ya comienzan #LosPeriodistas con @a…
1577479120866484225, 84101343, 2022-10-05T02:01:45.000Z, RT @SinEmbargoMX: 🔴#EnVivo | Mancera investigado | ¿A dónde va Lilly Téllez? | Sedena no espía: AMLO  🖥 Ya comienzan #LosPeriodistas con @a…
1577482644069445633, 798926991500177408, 2022-10-05T02:15:45.000Z, RT @SinEmbargoMX: 🔴#EnVivo | Mancera investigado | ¿A dónde va Lilly Téllez? | Sedena no espía: AMLO  🖥 Ya comienzan #LosPeriodistas con @a…
1577486204035076099, 1209138674341994501, 2022-10-05T02:29:53.000Z, RT @SinEmbargoMX: 🔴#EnVivo | Mancera investigado | ¿A dónde va Lilly Téllez? | Sedena no espía: AMLO  🖥 Ya comienzan #LosPeriodistas con @a…
1577486858484858881, 2198940318, 2022-10-05T02:32:30.000Z, RT @SinEmbargoMX: 🔴#EnVivo | Mancera investigado | ¿A dónde va Lilly Téllez? | Sedena no espía: AMLO  🖥 Ya comienzan #LosPeriodistas con @a…
1577488924565544961, 3512130912, 2022-10-05T02:40:42.000Z, RT @SinEmbargoMX: 🔴#EnVivo | Mancera investigado | ¿A dónde va Lilly Téllez? | Sedena no espía: AMLO  🖥 Ya comienzan #LosPeriodistas con @a…
1577491915267776513, 131533124, 2022-10-05T02:52:35.000Z, RT @SinEmbargoMX: 🔴#EnVivo | Mancera investigado | ¿A dónde va Lilly Téllez? | Sedena no espía: AMLO  🖥 Ya comienzan #LosPeriodistas con @a…
1577495092591484928, 1277244543642058753, 2022-10-05T03:05:13.000Z, Hay niveles.   Ustedes, tan Lily, Téllez   Nosotros tan Andrea Chávez  Ustedes, tan Alejandro  Moreno  Nosotros tan Miguel Ángel Torruco
1577495492174356480, 958703531577327617, 2022-10-05T03:06:48.000Z, @LillyTellez María Lilia Téllez, te agradecemos mucho todo el gran trabajo que has realizado hasta el momento, eres como el Alejandro Moreno del PRI, te estas llevando entre las patas a tus nuevos aliados, espero que Mecko Cortez te deje donde estas.
1577498886972661760, 1536028145865957379, 2022-10-05T03:20:17.000Z, @LillyTellez @Luciatraswbcs NO LA ÚNICA ARMADA DE ESTIÉRCOL, COMO DICE EL PERIODISTA ALEJANDRO PÁEZ ERES TU TELLEZ!!!!
1577501364590182400, 1261909862541295616, 2022-10-05T03:30:08.000Z, El presidente del Senado Alejandro Armenta Mier , pregunta a Lilly Téllez si desea que se retiren del registro de la sesión las ofensas e injurias que profirió.  La Téllez acepta que si hubo ofensas e injurias de su parte.  Esto es el PAN @AccionNacional  esto es @LillyTellez https://t.co/nODVu9cAc2
1577503432381980672, 1263208379029295104, 2022-10-05T03:38:21.000Z, AMIGOS CERRAMOS LA PUBLICACIÓN DEL VIDEO DE @mau_rodriguez77 CHAPUCERO TODAY EN SU CANAL. ESTO ACABAN DE OCURRIR! @LaydaSansores GANA DEMANDA A LILLY TELLEZ... Y LA SANCIONAN! NUEVO CHAT DE ALEJANDRO MORENO, REGALO DE CAMIONETAS NOTICIAS DE HOY ES TODO   https://t.co/fnxewHMnKF
1577504468077350913, 1472057684950237190, 2022-10-05T03:42:28.000Z, RT @Francis21845191: @LOVREGA ¿Si escuchaste en tribuna a la finísima senadora Lilly Téllez? “El insulto es el combustible más barato de la…
1577506526742577152, 1240905677586845696, 2022-10-05T03:50:39.000Z, RT @SinEmbargoMX: 🔴#EnVivo | Mancera investigado | ¿A dónde va Lilly Téllez? | Sedena no espía: AMLO  🖥 Ya comienzan #LosPeriodistas con @a…
1577507040821334016, 534715029, 2022-10-05T03:52:41.000Z, RT @Zoroastro_2021: El presidente del Senado Alejandro Armenta Mier , pregunta a Lilly Téllez si desea que se retiren del registro de la se…
1577507061612834816, 95050846, 2022-10-05T03:52:46.000Z, RT @Zoroastro_2021: El presidente del Senado Alejandro Armenta Mier , pregunta a Lilly Téllez si desea que se retiren del registro de la se…
1577507421047517185, 1497318305685716992, 2022-10-05T03:54:12.000Z, RT @Zoroastro_2021: El presidente del Senado Alejandro Armenta Mier , pregunta a Lilly Téllez si desea que se retiren del registro de la se…
1577507759146278914, 153630375, 2022-10-05T03:55:33.000Z, RT @SinEmbargoMX: 🔴#EnVivo | Mancera investigado | ¿A dónde va Lilly Téllez? | Sedena no espía: AMLO  🖥 Ya comienzan #LosPeriodistas con @a…
1577507848778485761, 1523531654526025728, 2022-10-05T03:55:54.000Z, RT @Zoroastro_2021: El presidente del Senado Alejandro Armenta Mier , pregunta a Lilly Téllez si desea que se retiren del registro de la se…
1577508552016822272, 2598309559, 2022-10-05T03:58:42.000Z, RT @Zoroastro_2021: El presidente del Senado Alejandro Armenta Mier , pregunta a Lilly Téllez si desea que se retiren del registro de la se…
1577508566583214081, 1552857658088095744, 2022-10-05T03:58:45.000Z, #Comunidad4T   #NoticiasMéxico  El Presidente del @senadomexicano  Alejandro @armentapuebla_  Mier, pregunta a #LillyTéllez si desea q se retiren del registro de la sesión las ofensas e injurias que profirió.  La #Téllez acepta que si hubo ofensas e injurias de su parte. https://t.co/tDRFFG0FgG
1577509095455629312, 1293955243936448512, 2022-10-05T04:00:51.000Z, RT @Zoroastro_2021: El presidente del Senado Alejandro Armenta Mier , pregunta a Lilly Téllez si desea que se retiren del registro de la se…
1577509445923381248, 311591576, 2022-10-05T04:02:15.000Z, RT @Zoroastro_2021: El presidente del Senado Alejandro Armenta Mier , pregunta a Lilly Téllez si desea que se retiren del registro de la se…
1577509684856004608, 1225659452, 2022-10-05T04:03:12.000Z, RT @Zoroastro_2021: El presidente del Senado Alejandro Armenta Mier , pregunta a Lilly Téllez si desea que se retiren del registro de la se…
1577510038058303488, 3051196724, 2022-10-05T04:04:36.000Z, RT @SinEmbargoMX: 🔴#EnVivo | Mancera investigado | ¿A dónde va Lilly Téllez? | Sedena no espía: AMLO  🖥 Ya comienzan #LosPeriodistas con @a…
1577510797743251456, 1147173864, 2022-10-05T04:07:37.000Z, RT @Zoroastro_2021: El presidente del Senado Alejandro Armenta Mier , pregunta a Lilly Téllez si desea que se retiren del registro de la se…
1577511451027275779, 260436749, 2022-10-05T04:10:13.000Z, RT @Zoroastro_2021: El presidente del Senado Alejandro Armenta Mier , pregunta a Lilly Téllez si desea que se retiren del registro de la se…
1577511628777689088, 1335778336967172098, 2022-10-05T04:10:55.000Z, RT @Zoroastro_2021: El presidente del Senado Alejandro Armenta Mier , pregunta a Lilly Téllez si desea que se retiren del registro de la se…
1577512259131162624, 1420451801854320642, 2022-10-05T04:13:25.000Z, RT @Zoroastro_2021: El presidente del Senado Alejandro Armenta Mier , pregunta a Lilly Téllez si desea que se retiren del registro de la se…
1577512747528589313, 817375670565212160, 2022-10-05T04:15:22.000Z, RT @Zoroastro_2021: El presidente del Senado Alejandro Armenta Mier , pregunta a Lilly Téllez si desea que se retiren del registro de la se…
1577513515841163264, 913460700974141440, 2022-10-05T04:18:25.000Z, RT @Zoroastro_2021: El presidente del Senado Alejandro Armenta Mier , pregunta a Lilly Téllez si desea que se retiren del registro de la se…
1577513598754197506, 1396193016, 2022-10-05T04:18:45.000Z, RT @Zoroastro_2021: El presidente del Senado Alejandro Armenta Mier , pregunta a Lilly Téllez si desea que se retiren del registro de la se…
1577514544766668800, 86880392, 2022-10-05T04:22:30.000Z, RT @Zoroastro_2021: El presidente del Senado Alejandro Armenta Mier , pregunta a Lilly Téllez si desea que se retiren del registro de la se…
1577514911193784321, 2537058578, 2022-10-05T04:23:58.000Z, RT @Zoroastro_2021: El presidente del Senado Alejandro Armenta Mier , pregunta a Lilly Téllez si desea que se retiren del registro de la se…
1577515959098695681, 732308993855475712, 2022-10-05T04:28:08.000Z, RT @Zoroastro_2021: El presidente del Senado Alejandro Armenta Mier , pregunta a Lilly Téllez si desea que se retiren del registro de la se…
1577516947469656064, 1395373270577332225, 2022-10-05T04:32:03.000Z, RT @Zoroastro_2021: El presidente del Senado Alejandro Armenta Mier , pregunta a Lilly Téllez si desea que se retiren del registro de la se…
1577517551722156033, 390393107, 2022-10-05T04:34:27.000Z, RT @SinEmbargoMX: 🔴#EnVivo | Mancera investigado | ¿A dónde va Lilly Téllez? | Sedena no espía: AMLO  🖥 Ya comienzan #LosPeriodistas con @a…
1577517882107432962, 569729292, 2022-10-05T04:35:46.000Z, RT @Zoroastro_2021: El presidente del Senado Alejandro Armenta Mier , pregunta a Lilly Téllez si desea que se retiren del registro de la se…
1577518295212621826, 148185803, 2022-10-05T04:37:25.000Z, RT @Zoroastro_2021: El presidente del Senado Alejandro Armenta Mier , pregunta a Lilly Téllez si desea que se retiren del registro de la se…
1577518312971538432, 2997728382, 2022-10-05T04:37:29.000Z, RT @Zoroastro_2021: El presidente del Senado Alejandro Armenta Mier , pregunta a Lilly Téllez si desea que se retiren del registro de la se…
1577518499508981762, 135003167, 2022-10-05T04:38:13.000Z, RT @Zoroastro_2021: El presidente del Senado Alejandro Armenta Mier , pregunta a Lilly Téllez si desea que se retiren del registro de la se…
1577518820041936896, 1251554750354554882, 2022-10-05T04:39:30.000Z, RT @Zoroastro_2021: El presidente del Senado Alejandro Armenta Mier , pregunta a Lilly Téllez si desea que se retiren del registro de la se…
1577518908491415552, 832246740, 2022-10-05T04:39:51.000Z, RT @Zoroastro_2021: El presidente del Senado Alejandro Armenta Mier , pregunta a Lilly Téllez si desea que se retiren del registro de la se…
1577519017077755905, 1238932164684722178, 2022-10-05T04:40:17.000Z, RT @Zoroastro_2021: El presidente del Senado Alejandro Armenta Mier , pregunta a Lilly Téllez si desea que se retiren del registro de la se…
1577519092394860545, 623503842, 2022-10-05T04:40:35.000Z, RT @Zoroastro_2021: El presidente del Senado Alejandro Armenta Mier , pregunta a Lilly Téllez si desea que se retiren del registro de la se…
1577519202625359874, 3231097447, 2022-10-05T04:41:01.000Z, RT @Zoroastro_2021: El presidente del Senado Alejandro Armenta Mier , pregunta a Lilly Téllez si desea que se retiren del registro de la se…
1577519631950036994, 1052412596249419776, 2022-10-05T04:42:43.000Z, RT @Zoroastro_2021: El presidente del Senado Alejandro Armenta Mier , pregunta a Lilly Téllez si desea que se retiren del registro de la se…
1577520871417126912, 45774860, 2022-10-05T04:47:39.000Z, RT @Zoroastro_2021: El presidente del Senado Alejandro Armenta Mier , pregunta a Lilly Téllez si desea que se retiren del registro de la se…
1577522011777089537, 344302003, 2022-10-05T04:52:11.000Z, RT @SinEmbargoMX: 🔴#EnVivo | Mancera investigado | ¿A dónde va Lilly Téllez? | Sedena no espía: AMLO  🖥 Ya comienzan #LosPeriodistas con @a…
1577523192628846592, 1239039968, 2022-10-05T04:56:52.000Z, RT @Zoroastro_2021: El presidente del Senado Alejandro Armenta Mier , pregunta a Lilly Téllez si desea que se retiren del registro de la se…
1577523281225285632, 102696287, 2022-10-05T04:57:13.000Z, RT @Zoroastro_2021: El presidente del Senado Alejandro Armenta Mier , pregunta a Lilly Téllez si desea que se retiren del registro de la se…
1577524349468397573, 992530600493027329, 2022-10-05T05:01:28.000Z, RT @Zoroastro_2021: El presidente del Senado Alejandro Armenta Mier , pregunta a Lilly Téllez si desea que se retiren del registro de la se…
1577524658965979137, 1517358229524733953, 2022-10-05T05:02:42.000Z, RT @Zoroastro_2021: El presidente del Senado Alejandro Armenta Mier , pregunta a Lilly Téllez si desea que se retiren del registro de la se…
1577525127344013312, 1482128476672958464, 2022-10-05T05:04:34.000Z, RT @Zoroastro_2021: El presidente del Senado Alejandro Armenta Mier , pregunta a Lilly Téllez si desea que se retiren del registro de la se…
1577525878359265281, 2749764192, 2022-10-05T05:07:33.000Z, #Campeche | #MartesDelJaguar   El Instituto Electoral (IEEC) dictó medidas precautorias y cautelares a la senadora Lilly Téllez; la gobernadora Layda Sansores exhibió documentos de Emigdio Moreno Cárdenas, hermano de Alejandro Moreno Cárdenas, 'Alito'.   https://t.co/AncgeXYdbV
1577526036014710784, 1577120318048669697, 2022-10-05T05:08:10.000Z, RT @LaJornadaMaya: #Campeche | #MartesDelJaguar   El Instituto Electoral (IEEC) dictó medidas precautorias y cautelares a la senadora Lilly…
1577526593492246531, 1624842638, 2022-10-05T05:10:23.000Z, RT @Zoroastro_2021: El presidente del Senado Alejandro Armenta Mier , pregunta a Lilly Téllez si desea que se retiren del registro de la se…
1577526748530475008, 1533350113711734785, 2022-10-05T05:11:00.000Z, 🔴🔴El presidente del Senado Alejandro Armenta Mier , pregunta a Lilly Téllez si desea que se retiren del registro de la sesión las ofensas e injurias que profirió. No solo dijo que no, dijo que quería que quedara registro que se quedó corta....que horror. https://t.co/bqgj0uKqcy
1577527712217849856, 1508160572700991498, 2022-10-05T05:14:50.000Z, RT @Zoroastro_2021: El presidente del Senado Alejandro Armenta Mier , pregunta a Lilly Téllez si desea que se retiren del registro de la se…
1577531016998277121, 2945466440, 2022-10-05T05:27:58.000Z, RT @SinEmbargoMX: 🔴#EnVivo | Mancera investigado | ¿A dónde va Lilly Téllez? | Sedena no espía: AMLO  🖥 Ya comienzan #LosPeriodistas con @a…
1577531412994932736, 607296874, 2022-10-05T05:29:32.000Z, RT @Zoroastro_2021: El presidente del Senado Alejandro Armenta Mier , pregunta a Lilly Téllez si desea que se retiren del registro de la se…
1577531987803443201, 90437274, 2022-10-05T05:31:49.000Z, RT @SinEmbargoMX: 🔴#EnVivo | Mancera investigado | ¿A dónde va Lilly Téllez? | Sedena no espía: AMLO  🖥 Ya comienzan #LosPeriodistas con @a…
1577533781363380226, 1075255360871653376, 2022-10-05T05:38:57.000Z, RT @Zoroastro_2021: El presidente del Senado Alejandro Armenta Mier , pregunta a Lilly Téllez si desea que se retiren del registro de la se…
1577536594180857857, 1247026886796075009, 2022-10-05T05:50:07.000Z, RT @Zoroastro_2021: El presidente del Senado Alejandro Armenta Mier , pregunta a Lilly Téllez si desea que se retiren del registro de la se…
1577537919706812416, 85878073, 2022-10-05T05:55:23.000Z, RT @Zoroastro_2021: El presidente del Senado Alejandro Armenta Mier , pregunta a Lilly Téllez si desea que se retiren del registro de la se…
1577539792249700353, 428827227, 2022-10-05T06:02:50.000Z, RT @Zoroastro_2021: El presidente del Senado Alejandro Armenta Mier , pregunta a Lilly Téllez si desea que se retiren del registro de la se…
1577542743857025026, 1525550064, 2022-10-05T06:14:34.000Z, RT @Zoroastro_2021: El presidente del Senado Alejandro Armenta Mier , pregunta a Lilly Téllez si desea que se retiren del registro de la se…
1577543293847556096, 227434599, 2022-10-05T06:16:45.000Z, RT @Zoroastro_2021: El presidente del Senado Alejandro Armenta Mier , pregunta a Lilly Téllez si desea que se retiren del registro de la se…
1577543481886547968, 1447372278, 2022-10-05T06:17:30.000Z, RT @Zoroastro_2021: El presidente del Senado Alejandro Armenta Mier , pregunta a Lilly Téllez si desea que se retiren del registro de la se…
1577544193890738183, 823925049145094144, 2022-10-05T06:20:19.000Z, RT @Zoroastro_2021: El presidente del Senado Alejandro Armenta Mier , pregunta a Lilly Téllez si desea que se retiren del registro de la se…
1577544560707772417, 576343017, 2022-10-05T06:21:47.000Z, RT @Zoroastro_2021: El presidente del Senado Alejandro Armenta Mier , pregunta a Lilly Téllez si desea que se retiren del registro de la se…
1577545095523565573, 1347371602279804928, 2022-10-05T06:23:54.000Z, RT @Zoroastro_2021: El presidente del Senado Alejandro Armenta Mier , pregunta a Lilly Téllez si desea que se retiren del registro de la se…
1577545218865344512, 2946980076, 2022-10-05T06:24:24.000Z, RT @Zoroastro_2021: El presidente del Senado Alejandro Armenta Mier , pregunta a Lilly Téllez si desea que se retiren del registro de la se…
1577547515636768769, 894629356764487680, 2022-10-05T06:33:31.000Z, RT @Zoroastro_2021: El presidente del Senado Alejandro Armenta Mier , pregunta a Lilly Téllez si desea que se retiren del registro de la se…
1577550412114182146, 1503956221795184643, 2022-10-05T06:45:02.000Z, RT @Zoroastro_2021: El presidente del Senado Alejandro Armenta Mier , pregunta a Lilly Téllez si desea que se retiren del registro de la se…
1577555436563202048, 244218738, 2022-10-05T07:05:00.000Z, #Análisis | Los aplausos del PAN convierten a Lilly Téllez en su personaje emblemático   #LosPeriodistas @alvaro_delgado y Alejandro @paezvarela analizan los insultos de la Senadora panista, Lilly Téllez https://t.co/586cPstrQj https://t.co/gzwOZBRrnM
1577558740382806016, 1571568208506920961, 2022-10-05T07:18:07.000Z, RT @SinEmbargoMX: #Análisis | Los aplausos del PAN convierten a Lilly Téllez en su personaje emblemático   #LosPeriodistas @alvaro_delgado…
1577558827083374601, 351851471, 2022-10-05T07:18:28.000Z, RT @LaJornadaMaya: #Campeche | #MartesDelJaguar   El Instituto Electoral (IEEC) dictó medidas precautorias y cautelares a la senadora Lilly…
1577574437553160195, 710333660491218944, 2022-10-05T08:20:30.000Z, RT @Zoroastro_2021: El presidente del Senado Alejandro Armenta Mier , pregunta a Lilly Téllez si desea que se retiren del registro de la se…
1577578449895497732, 1368456801012699140, 2022-10-05T08:36:27.000Z, RT @Zoroastro_2021: El presidente del Senado Alejandro Armenta Mier , pregunta a Lilly Téllez si desea que se retiren del registro de la se…
1577578584083820544, 1276336939851845632, 2022-10-05T08:36:59.000Z, RT @SinEmbargoMX: 🔴#EnVivo | Mancera investigado | ¿A dónde va Lilly Téllez? | Sedena no espía: AMLO  🖥 Ya comienzan #LosPeriodistas con @a…
1577580653075480579, 1468728274318680066, 2022-10-05T08:45:12.000Z, RT @SinEmbargoMX: #Análisis | Los aplausos del PAN convierten a Lilly Téllez en su personaje emblemático   #LosPeriodistas @alvaro_delgado…
1577590874279759874, 2195364846, 2022-10-05T09:25:49.000Z, RT @Zoroastro_2021: El presidente del Senado Alejandro Armenta Mier , pregunta a Lilly Téllez si desea que se retiren del registro de la se…
1577599747363422209, 781658475390574594, 2022-10-05T10:01:04.000Z, RT @Zoroastro_2021: El presidente del Senado Alejandro Armenta Mier , pregunta a Lilly Téllez si desea que se retiren del registro de la se…
1577600735306387456, 244218738, 2022-10-05T10:05:00.000Z, #Análisis | Los aplausos del PAN convierten a Lilly Téllez en su personaje emblemático   #LosPeriodistas @alvaro_delgado y Alejandro @paezvarela analizan los insultos de la Senadora panista, Lilly Téllez https://t.co/586cPsL2HR https://t.co/gdSXrQtO9u
1577602981381521410, 76546628, 2022-10-05T10:13:55.000Z, RT @Zoroastro_2021: El presidente del Senado Alejandro Armenta Mier , pregunta a Lilly Téllez si desea que se retiren del registro de la se…
1577603633369255937, 4249619212, 2022-10-05T10:16:31.000Z, RT @SinEmbargoMX: #Análisis | Los aplausos del PAN convierten a Lilly Téllez en su personaje emblemático   #LosPeriodistas @alvaro_delgado…
1577604481763741696, 1126966164893130752, 2022-10-05T10:19:53.000Z, RT @SinEmbargoMX: #Análisis | Los aplausos del PAN convierten a Lilly Téllez en su personaje emblemático   #LosPeriodistas @alvaro_delgado…
1577620515971387393, 1132456048391008257, 2022-10-05T11:23:36.000Z, RT @Zoroastro_2021: El presidente del Senado Alejandro Armenta Mier , pregunta a Lilly Téllez si desea que se retiren del registro de la se…
1577629319622381569, 53946543, 2022-10-05T11:58:35.000Z, RT @Zoroastro_2021: El presidente del Senado Alejandro Armenta Mier , pregunta a Lilly Téllez si desea que se retiren del registro de la se…
1577632334899302400, 1055449869538807809, 2022-10-05T12:10:34.000Z, Lilly Téllez es al pan lo que Alejandro Moreno es al pri Y comerciantes del dolor ajeno aliados sin importarles la salud de nadie con el narcotráfico se tenía que #Méxiconovendastuvoto #votomasivovacunacontrafraudelectoral
1577638871352877057, 1861644602, 2022-10-05T12:36:32.000Z, RT @Zoroastro_2021: El presidente del Senado Alejandro Armenta Mier , pregunta a Lilly Téllez si desea que se retiren del registro de la se…
1577640198300737536, 1055967415132012544, 2022-10-05T12:41:49.000Z, RT @Zoroastro_2021: El presidente del Senado Alejandro Armenta Mier , pregunta a Lilly Téllez si desea que se retiren del registro de la se…
1577640294874599425, 1078132326389886976, 2022-10-05T12:42:12.000Z, RT @Zoroastro_2021: El presidente del Senado Alejandro Armenta Mier , pregunta a Lilly Téllez si desea que se retiren del registro de la se…
1577642286954971137, 1321241382774804482, 2022-10-05T12:50:07.000Z, RT @Zoroastro_2021: El presidente del Senado Alejandro Armenta Mier , pregunta a Lilly Téllez si desea que se retiren del registro de la se…
1577644844280958978, 3237123215, 2022-10-05T13:00:16.000Z, RT @Zoroastro_2021: El presidente del Senado Alejandro Armenta Mier , pregunta a Lilly Téllez si desea que se retiren del registro de la se…
1577645498084753409, 1267506889321000960, 2022-10-05T13:02:52.000Z, RT @Zoroastro_2021: El presidente del Senado Alejandro Armenta Mier , pregunta a Lilly Téllez si desea que se retiren del registro de la se…
1577649934387613696, 986668276800368640, 2022-10-05T13:20:30.000Z, RT @Zoroastro_2021: El presidente del Senado Alejandro Armenta Mier , pregunta a Lilly Téllez si desea que se retiren del registro de la se…
1577650922393583616, 1179567457293492225, 2022-10-05T13:24:25.000Z, RT @Zoroastro_2021: El presidente del Senado Alejandro Armenta Mier , pregunta a Lilly Téllez si desea que se retiren del registro de la se…
1577651172558643202, 1282452651091783680, 2022-10-05T13:25:25.000Z, RT @Zoroastro_2021: El presidente del Senado Alejandro Armenta Mier , pregunta a Lilly Téllez si desea que se retiren del registro de la se…
1577654017475461124, 1237178984384925697, 2022-10-05T13:36:43.000Z, RT @SinEmbargoMX: 🔴#EnVivo | Mancera investigado | ¿A dónde va Lilly Téllez? | Sedena no espía: AMLO  🖥 Ya comienzan #LosPeriodistas con @a…
1577655466750091264, 940255773912981506, 2022-10-05T13:42:29.000Z, RT @Zoroastro_2021: El presidente del Senado Alejandro Armenta Mier , pregunta a Lilly Téllez si desea que se retiren del registro de la se…
1577659253132644352, 1494048669355548673, 2022-10-05T13:57:32.000Z, RT @Zoroastro_2021: El presidente del Senado Alejandro Armenta Mier , pregunta a Lilly Téllez si desea que se retiren del registro de la se…
1577664238469931016, 1522671856632754176, 2022-10-05T14:17:20.000Z, RT @Zoroastro_2021: El presidente del Senado Alejandro Armenta Mier , pregunta a Lilly Téllez si desea que se retiren del registro de la se…
1577665065452437508, 1104592350653890560, 2022-10-05T14:20:37.000Z, RT @SinEmbargoMX: #Análisis | Los aplausos del PAN convierten a Lilly Téllez en su personaje emblemático   #LosPeriodistas @alvaro_delgado…
1577665723593375745, 1223089205682851840, 2022-10-05T14:23:14.000Z, RT @Zoroastro_2021: El presidente del Senado Alejandro Armenta Mier , pregunta a Lilly Téllez si desea que se retiren del registro de la se…
1577667128806850566, 1528486513171906560, 2022-10-05T14:28:49.000Z, RT @SinEmbargoMX: 🔴#EnVivo | Mancera investigado | ¿A dónde va Lilly Téllez? | Sedena no espía: AMLO  🖥 Ya comienzan #LosPeriodistas con @a…
1577668487165657089, 996589866367508480, 2022-10-05T14:34:13.000Z, RT @Zoroastro_2021: El presidente del Senado Alejandro Armenta Mier , pregunta a Lilly Téllez si desea que se retiren del registro de la se…
1577671033288642567, 2958114643, 2022-10-05T14:44:20.000Z, RT @Zoroastro_2021: El presidente del Senado Alejandro Armenta Mier , pregunta a Lilly Téllez si desea que se retiren del registro de la se…
1577672439236120576, 620089494, 2022-10-05T14:49:55.000Z, RT @Zoroastro_2021: El presidente del Senado Alejandro Armenta Mier , pregunta a Lilly Téllez si desea que se retiren del registro de la se…
1577673272711430144, 2802222500, 2022-10-05T14:53:14.000Z, RT @Zoroastro_2021: El presidente del Senado Alejandro Armenta Mier , pregunta a Lilly Téllez si desea que se retiren del registro de la se…
1577674213565108226, 4896398715, 2022-10-05T14:56:58.000Z, RT @Zoroastro_2021: El presidente del Senado Alejandro Armenta Mier , pregunta a Lilly Téllez si desea que se retiren del registro de la se…
1577677521419747329, 2177164742, 2022-10-05T15:10:07.000Z, RT @Zoroastro_2021: El presidente del Senado Alejandro Armenta Mier , pregunta a Lilly Téllez si desea que se retiren del registro de la se…
1577679691804278795, 989004789055983617, 2022-10-05T15:18:45.000Z, RT @SinEmbargoMX: 🔴#EnVivo | Mancera investigado | ¿A dónde va Lilly Téllez? | Sedena no espía: AMLO  🖥 Ya comienzan #LosPeriodistas con @a…
1577680689331421184, 4238066777, 2022-10-05T15:22:42.000Z, RT @Zoroastro_2021: El presidente del Senado Alejandro Armenta Mier , pregunta a Lilly Téllez si desea que se retiren del registro de la se…
1577681463260192768, 4771521984, 2022-10-05T15:25:47.000Z, RT @Zoroastro_2021: El presidente del Senado Alejandro Armenta Mier , pregunta a Lilly Téllez si desea que se retiren del registro de la se…
1577682458987794432, 1492534551112925185, 2022-10-05T15:29:44.000Z, RT @Zoroastro_2021: El presidente del Senado Alejandro Armenta Mier , pregunta a Lilly Téllez si desea que se retiren del registro de la se…
1577682692476477441, 1507858487879114753, 2022-10-05T15:30:40.000Z, RT @Zoroastro_2021: El presidente del Senado Alejandro Armenta Mier , pregunta a Lilly Téllez si desea que se retiren del registro de la se…
1577684035836424192, 446705836, 2022-10-05T15:36:00.000Z, RT @Zoroastro_2021: El presidente del Senado Alejandro Armenta Mier , pregunta a Lilly Téllez si desea que se retiren del registro de la se…
1577694806100348931, 981355928963485702, 2022-10-05T16:18:48.000Z, RT @Aplacamensos: Hoy en “Los Periodistas” Alejandro Páez Varela dijo; cuando se acaban los hechos, comienzan: insultos, mentiras y la dese…
1577695388621885445, 1125224374544490496, 2022-10-05T16:21:07.000Z, RT @Aplacamensos: Hoy en “Los Periodistas” Alejandro Páez Varela dijo; cuando se acaban los hechos, comienzan: insultos, mentiras y la dese…
1577700995513081856, 1306254489960275975, 2022-10-05T16:43:24.000Z, RT @Zoroastro_2021: El presidente del Senado Alejandro Armenta Mier , pregunta a Lilly Téllez si desea que se retiren del registro de la se…
1577702692968972290, 1472243030, 2022-10-05T16:50:08.000Z, RT @Zoroastro_2021: El presidente del Senado Alejandro Armenta Mier , pregunta a Lilly Téllez si desea que se retiren del registro de la se…
1577704564370841601, 1474899124017414145, 2022-10-05T16:57:35.000Z, RT @Zoroastro_2021: El presidente del Senado Alejandro Armenta Mier , pregunta a Lilly Téllez si desea que se retiren del registro de la se…
1577706145535377409, 187822415, 2022-10-05T17:03:52.000Z, RT @Zoroastro_2021: El presidente del Senado Alejandro Armenta Mier , pregunta a Lilly Téllez si desea que se retiren del registro de la se…
1577706188011175936, 1324853286445420544, 2022-10-05T17:04:02.000Z, RT @Zoroastro_2021: El presidente del Senado Alejandro Armenta Mier , pregunta a Lilly Téllez si desea que se retiren del registro de la se…
1577706784348946435, 94596524, 2022-10-05T17:06:24.000Z, RT @Zoroastro_2021: El presidente del Senado Alejandro Armenta Mier , pregunta a Lilly Téllez si desea que se retiren del registro de la se…
1577707970628096001, 323415063, 2022-10-05T17:11:07.000Z, RT @Zoroastro_2021: El presidente del Senado Alejandro Armenta Mier , pregunta a Lilly Téllez si desea que se retiren del registro de la se…
1577719865887989760, 1014509705903910913, 2022-10-05T17:58:23.000Z, RT @Zoroastro_2021: El presidente del Senado Alejandro Armenta Mier , pregunta a Lilly Téllez si desea que se retiren del registro de la se…
1577726061852270593, 1521717943486222336, 2022-10-05T18:23:00.000Z, RT @Zoroastro_2021: El presidente del Senado Alejandro Armenta Mier , pregunta a Lilly Téllez si desea que se retiren del registro de la se…
1577728038099456014, 1423118779995856896, 2022-10-05T18:30:51.000Z, RT @Zoroastro_2021: El presidente del Senado Alejandro Armenta Mier , pregunta a Lilly Téllez si desea que se retiren del registro de la se…
1577728409991614472, 1533350113711734785, 2022-10-05T18:32:20.000Z, RT @TeranGenaro: 🔴🔴El presidente del Senado Alejandro Armenta Mier , pregunta a Lilly Téllez si desea que se retiren del registro de la ses…
1577728540757590016, 1174739619772063751, 2022-10-05T18:32:51.000Z, RT @Zoroastro_2021: El presidente del Senado Alejandro Armenta Mier , pregunta a Lilly Téllez si desea que se retiren del registro de la se…
1577731250487529508, 2484368102, 2022-10-05T18:43:37.000Z, RT @Zoroastro_2021: El presidente del Senado Alejandro Armenta Mier , pregunta a Lilly Téllez si desea que se retiren del registro de la se…
1577731549495103488, 213388093, 2022-10-05T18:44:48.000Z, RT @Zoroastro_2021: El presidente del Senado Alejandro Armenta Mier , pregunta a Lilly Téllez si desea que se retiren del registro de la se…
1577732090522521600, 1479426675742056456, 2022-10-05T18:46:57.000Z, RT @Zoroastro_2021: El presidente del Senado Alejandro Armenta Mier , pregunta a Lilly Téllez si desea que se retiren del registro de la se…
1577732463308292128, 422358481, 2022-10-05T18:48:26.000Z, RT @Zoroastro_2021: El presidente del Senado Alejandro Armenta Mier , pregunta a Lilly Téllez si desea que se retiren del registro de la se…
1577742498654347264, 1436829352285642758, 2022-10-05T19:28:19.000Z, RT @Zoroastro_2021: El presidente del Senado Alejandro Armenta Mier , pregunta a Lilly Téllez si desea que se retiren del registro de la se…
1577748689522724867, 2739501047, 2022-10-05T19:52:55.000Z, RT @niz_alejandro: Falta Lela Téllez 😂🤣😂 https://t.co/1Prq6sTzAK
1577754070420312064, 380403320, 2022-10-05T20:14:18.000Z, RT @Aplacamensos: Hoy en “Los Periodistas” Alejandro Páez Varela dijo; cuando se acaban los hechos, comienzan: insultos, mentiras y la dese…
1577758942087839745, 722471364, 2022-10-05T20:33:39.000Z, RT @Zoroastro_2021: El presidente del Senado Alejandro Armenta Mier , pregunta a Lilly Téllez si desea que se retiren del registro de la se…
1577759623523844097, 1508536625441214468, 2022-10-05T20:36:22.000Z, RT @Zoroastro_2021: El presidente del Senado Alejandro Armenta Mier , pregunta a Lilly Téllez si desea que se retiren del registro de la se…
1577759786111623168, 825490154282430464, 2022-10-05T20:37:01.000Z, RT @Zoroastro_2021: El presidente del Senado Alejandro Armenta Mier , pregunta a Lilly Téllez si desea que se retiren del registro de la se…
1577760929424371712, 137400659, 2022-10-05T20:41:33.000Z, RT @Zoroastro_2021: El presidente del Senado Alejandro Armenta Mier , pregunta a Lilly Téllez si desea que se retiren del registro de la se…
1577761018125684748, 131533124, 2022-10-05T20:41:54.000Z, RT @Zoroastro_2021: El presidente del Senado Alejandro Armenta Mier , pregunta a Lilly Téllez si desea que se retiren del registro de la se…
1577767640839426055, 2995332287, 2022-10-05T21:08:13.000Z, RT @Zoroastro_2021: El presidente del Senado Alejandro Armenta Mier , pregunta a Lilly Téllez si desea que se retiren del registro de la se…
1577768836983623685, 1437610806829531138, 2022-10-05T21:12:58.000Z, RT @Zoroastro_2021: El presidente del Senado Alejandro Armenta Mier , pregunta a Lilly Téllez si desea que se retiren del registro de la se…
1577771751596957696, 1124908814061441024, 2022-10-05T21:24:33.000Z, RT @Zoroastro_2021: El presidente del Senado Alejandro Armenta Mier , pregunta a Lilly Téllez si desea que se retiren del registro de la se…
1577779585789284352, 1448337068136878082, 2022-10-05T21:55:41.000Z, @OscarAthie @aidafarahv Claro que los hay Lilly Téllez Marko Cortés Mariana Gómez del Campo Enrique de la Madrid  Alejandro Moreno (el hombre fuerte del PRI) Claudia Ruiz Massieu (Andorra) Diego Fernández de Cevallos (la sangre fresca e incorruptible)
1577781996083879957, 565201629, 2022-10-05T22:05:16.000Z, RT @SinEmbargoMX: 🔴#EnVivo | Mancera investigado | ¿A dónde va Lilly Téllez? | Sedena no espía: AMLO  🖥 Ya comienzan #LosPeriodistas con @a…
1577788773059989505, 105949526, 2022-10-05T22:32:12.000Z, @LillyTellez @LillyTellez Pongan atencion a lo que les dire ALEJANDRO MORENO @alitomorenoc ES SEPULTURERO del pri como LILLY TELLEZ ES @LillyTellez ES SEPULTURERA DEL pan estos dos estan acabando con este par de partidos que ya nadie les cree el prd no hablo ese se enterro solo.
1577792651595862016, 1422046831, 2022-10-05T22:47:36.000Z, RT @Zoroastro_2021: El presidente del Senado Alejandro Armenta Mier , pregunta a Lilly Téllez si desea que se retiren del registro de la se…
1577795195961110529, 2393385229, 2022-10-05T22:57:43.000Z, RT @Zoroastro_2021: El presidente del Senado Alejandro Armenta Mier , pregunta a Lilly Téllez si desea que se retiren del registro de la se…
1577801329723908096, 3276640436, 2022-10-05T23:22:05.000Z, RT @Zoroastro_2021: El presidente del Senado Alejandro Armenta Mier , pregunta a Lilly Téllez si desea que se retiren del registro de la se…
1577811900913500160, 372611190, 2022-10-06T00:04:06.000Z, RT @SinEmbargoMX: 🔴#EnVivo | Mancera investigado | ¿A dónde va Lilly Téllez? | Sedena no espía: AMLO  🖥 Ya comienzan #LosPeriodistas con @a…
1577833264949198848, 2255891196, 2022-10-06T01:28:59.000Z, RT @Zoroastro_2021: El presidente del Senado Alejandro Armenta Mier , pregunta a Lilly Téllez si desea que se retiren del registro de la se…
1577837210530975746, 34452152, 2022-10-06T01:44:40.000Z, RT @Zoroastro_2021: El presidente del Senado Alejandro Armenta Mier , pregunta a Lilly Téllez si desea que se retiren del registro de la se…
1577843129981476865, 1059958736544923648, 2022-10-06T02:08:11.000Z, RT @Zoroastro_2021: El presidente del Senado Alejandro Armenta Mier , pregunta a Lilly Téllez si desea que se retiren del registro de la se…
1577844732138512385, 1548155208, 2022-10-06T02:14:33.000Z, RT @Zoroastro_2021: El presidente del Senado Alejandro Armenta Mier , pregunta a Lilly Téllez si desea que se retiren del registro de la se…
1577899088376365057, 797152196, 2022-10-06T05:50:33.000Z, RT @SinEmbargoMX: #Análisis | Los aplausos del PAN convierten a Lilly Téllez en su personaje emblemático   #LosPeriodistas @alvaro_delgado…
1577987030096744448, 244218738, 2022-10-06T11:40:00.000Z, #Análisis | Los aplausos del PAN convierten a Lilly Téllez en su personaje emblemático   #LosPeriodistas @alvaro_delgado y Alejandro @paezvarela analizan los insultos de la Senadora panista, Lilly Téllez https://t.co/1Pxvim79Cp https://t.co/VMr5oSeepe
1577989257129508866, 1083298896, 2022-10-06T11:48:51.000Z, RT @SinEmbargoMX: #Análisis | Los aplausos del PAN convierten a Lilly Téllez en su personaje emblemático   #LosPeriodistas @alvaro_delgado…
1577991003390152704, 962353584368009216, 2022-10-06T11:55:47.000Z, RT @SinEmbargoMX: #Análisis | Los aplausos del PAN convierten a Lilly Téllez en su personaje emblemático   #LosPeriodistas @alvaro_delgado…
1577991819450880002, 1104592350653890560, 2022-10-06T11:59:02.000Z, RT @SinEmbargoMX: #Análisis | Los aplausos del PAN convierten a Lilly Téllez en su personaje emblemático   #LosPeriodistas @alvaro_delgado…
1577994804977434624, 1425853065710669828, 2022-10-06T12:10:53.000Z, RT @Zoroastro_2021: El presidente del Senado Alejandro Armenta Mier , pregunta a Lilly Téllez si desea que se retiren del registro de la se…
1578002679149858816, 403522919, 2022-10-06T12:42:11.000Z, RT @SinEmbargoMX: #Análisis | Los aplausos del PAN convierten a Lilly Téllez en su personaje emblemático   #LosPeriodistas @alvaro_delgado…
1578006916420276225, 918875494874882048, 2022-10-06T12:59:01.000Z, RT @SinEmbargoMX: #Análisis | Los aplausos del PAN convierten a Lilly Téllez en su personaje emblemático   #LosPeriodistas @alvaro_delgado…
1578009180274888704, 1447072658, 2022-10-06T13:08:01.000Z, En minutos ⏰ Juana Téllez, Alejandro Reyes y Mauricio Hernández, economistas de BBVA Research para Colombia, compartirán la actualización de las proyecciones económicas para 2022 y 2023. #SituaciónColombia https://t.co/VDyf5sQgs8
1578009875258425345, 1405526667041202184, 2022-10-06T13:10:46.000Z, RT @BBVAPrensa_co: En minutos ⏰ Juana Téllez, Alejandro Reyes y Mauricio Hernández, economistas de BBVA Research para Colombia, compartirán…
1578012633336188930, 1487868051500544000, 2022-10-06T13:21:44.000Z, RT @SinEmbargoMX: #Análisis | Los aplausos del PAN convierten a Lilly Téllez en su personaje emblemático   #LosPeriodistas @alvaro_delgado…
1578028938260905984, 1346153018476142593, 2022-10-06T14:26:31.000Z, RT @SinEmbargoMX: #Análisis | Los aplausos del PAN convierten a Lilly Téllez en su personaje emblemático   #LosPeriodistas @alvaro_delgado…
1578030195969490944, 1116432058186911749, 2022-10-06T14:31:31.000Z, RT @Zoroastro_2021: El presidente del Senado Alejandro Armenta Mier , pregunta a Lilly Téllez si desea que se retiren del registro de la se…
1578033072544526336, 966379544662986753, 2022-10-06T14:42:57.000Z, RT @SinEmbargoMX: #Análisis | Los aplausos del PAN convierten a Lilly Téllez en su personaje emblemático   #LosPeriodistas @alvaro_delgado…
1578076932557750290, 394851230, 2022-10-06T17:37:14.000Z, RT @SinEmbargoMX: #Análisis | Los aplausos del PAN convierten a Lilly Téllez en su personaje emblemático   #LosPeriodistas @alvaro_delgado…
1578082264801583104, 3008582213, 2022-10-06T17:58:25.000Z, RT @SinEmbargoMX: #Análisis | Los aplausos del PAN convierten a Lilly Téllez en su personaje emblemático   #LosPeriodistas @alvaro_delgado…
1578100775540166661, 1013545651102208000, 2022-10-06T19:11:59.000Z, RT @SinEmbargoMX: #Análisis | Los aplausos del PAN convierten a Lilly Téllez en su personaje emblemático   #LosPeriodistas @alvaro_delgado…
1578102799237140481, 290970370, 2022-10-06T19:20:01.000Z, RT @SinEmbargoMX: #Análisis | Los aplausos del PAN convierten a Lilly Téllez en su personaje emblemático   #LosPeriodistas @alvaro_delgado…
1578108941296635904, 1324540839868174340, 2022-10-06T19:44:26.000Z, @gilbestre @DiazGonzalo55 Desafortunadamente Lilly Tellez está dañando severamente al PAN; tal y como lo hizo Alejandro Moreno con el PRI. Una oposición que se destruye sola; está condenada al fracaso total.
1578110111683411980, 1273621363325128705, 2022-10-06T19:49:05.000Z, @AmerangelLorenz Estas hablando de: -las Diputadas de los PRI 🟢 ⚪🔴 vados de los #Revolucionarios -De Lilly Téllez @LillyTellez -De El #ElReyDeLaBasura “Cuauhtémoc Gutiérrez de la Torre”  -De Alejandro Moreno Alito #AlitoCochino -De Enrique Vargas Del Villar De quién hablas 🤔
1578111025660194816, 3304291806, 2022-10-06T19:52:43.000Z, RT @ErickLopez985: @AmerangelLorenz Estas hablando de: -las Diputadas de los PRI 🟢 ⚪🔴 vados de los #Revolucionarios -De Lilly Téllez @Lilly…
1578126152316616704, 949386263907446786, 2022-10-06T20:52:49.000Z, RT @Zoroastro_2021: El presidente del Senado Alejandro Armenta Mier , pregunta a Lilly Téllez si desea que se retiren del registro de la se…
1578126819521429532, 966379544662986753, 2022-10-06T20:55:28.000Z, RT @Zoroastro_2021: El presidente del Senado Alejandro Armenta Mier , pregunta a Lilly Téllez si desea que se retiren del registro de la se…
1578127113542057984, 104848719, 2022-10-06T20:56:38.000Z, RT @Zoroastro_2021: El presidente del Senado Alejandro Armenta Mier , pregunta a Lilly Téllez si desea que se retiren del registro de la se…
1578158463833677824, 1084488558910599168, 2022-10-06T23:01:13.000Z, RT @SinEmbargoMX: #Análisis | Los aplausos del PAN convierten a Lilly Téllez en su personaje emblemático   #LosPeriodistas @alvaro_delgado…
1578168176172335104, 4026713478, 2022-10-06T23:39:48.000Z, RT @ErickLopez985: @AmerangelLorenz Estas hablando de: -las Diputadas de los PRI 🟢 ⚪🔴 vados de los #Revolucionarios -De Lilly Téllez @Lilly…
1578176077180149760, 702586807, 2022-10-07T00:11:12.000Z, RT @SinEmbargoMX: #Análisis | Los aplausos del PAN convierten a Lilly Téllez en su personaje emblemático   #LosPeriodistas @alvaro_delgado…
1578200994734915584, 1246838254567075840, 2022-10-07T01:50:13.000Z, RT @SinEmbargoMX: #Análisis | Los aplausos del PAN convierten a Lilly Téllez en su personaje emblemático   #LosPeriodistas @alvaro_delgado…
1578202784649854976, 1284511430268514305, 2022-10-07T01:57:20.000Z, RT @Zoroastro_2021: El presidente del Senado Alejandro Armenta Mier , pregunta a Lilly Téllez si desea que se retiren del registro de la se…
1578223127246430208, 1578016354946383872, 2022-10-07T03:18:10.000Z, @ruizhealy FALTAN OTROS 20  ASESINATOS  CÓMO LÓPEZ DÓRIGA CARLOS ALAZRAKI CARLOS LORET  CIRO GOMEZ RIVAPALACIO DE MAULEON CARLOS MARIN AGUILAR CAMIN   LEO ZUKERMAN ALEJANDRO CACHO  DENISE DRESSER AZÚCENA URESTI BEATRIZ PAGES XOCHITL GALVEZ KENIA LÓPEZ LILLY TELLEZ CLAUDIO X  FELIPE CALDERÓN
1578404455363461120, 1452870776986669058, 2022-10-07T15:18:42.000Z, RT @Zoroastro_2021: El presidente del Senado Alejandro Armenta Mier , pregunta a Lilly Téllez si desea que se retiren del registro de la se…
1578407845963255808, 1196124554516668417, 2022-10-07T15:32:10.000Z, RT @alejandro_goor: Jajajaja. Un punto para la Téllez
1578418837367975941, 1379981407305486337, 2022-10-07T16:15:51.000Z, @DeniseMaerker CONTESTA OFICINA SENADORA LILLIY TELLEZ AGREGE QUEJA D0286/21 DH CARPETAS  815/12_2019,429/2017 FAS CARPETA SER PUBLI 1403/4_2022 Y FOLIO C SHEIINBAUM 012294/20 INPE DIF 2NIÑAS Y MADRE EN PELIGO ABLA M MENOR E  VIDEO FACEBOOK ALEJANDRO CORALES https://t.co/qtjN8ItBJa https://t.co/xGlP1hmSSM
1578527289142173697, 139393181, 2022-10-07T23:26:48.000Z, @AmerangelLorenz Con dedicatoria a lela tellez y a las Amiguis de Alejandro Moreno verdad?
1578529153590054912, 347398080, 2022-10-07T23:34:12.000Z, RT @mmaryluzzz: @AmerangelLorenz Con dedicatoria a lela tellez y a las Amiguis de Alejandro Moreno verdad?
1578530845853261825, 1470646195, 2022-10-07T23:40:55.000Z, RT @mmaryluzzz: @AmerangelLorenz Con dedicatoria a lela tellez y a las Amiguis de Alejandro Moreno verdad?
1578531111113658370, 1167690057626656771, 2022-10-07T23:41:59.000Z, RT @mmaryluzzz: @AmerangelLorenz Con dedicatoria a lela tellez y a las Amiguis de Alejandro Moreno verdad?
1578549611882459136, 1277237609295740928, 2022-10-08T00:55:30.000Z, RT @SinEmbargoMX: 🔴#EnVivo | Mancera investigado | ¿A dónde va Lilly Téllez? | Sedena no espía: AMLO  🖥 Ya comienzan #LosPeriodistas con @a…
1578560691081924608, 894629356764487680, 2022-10-08T01:39:31.000Z, RT @mmaryluzzz: @AmerangelLorenz Con dedicatoria a lela tellez y a las Amiguis de Alejandro Moreno verdad?
1578795267771363328, 544728695, 2022-10-08T17:11:39.000Z, @leonidas6389 @AntonySopranoI Platícame el chisme: ¿Qué delitos cometieron  Marko, Téllez, Lozano y la lista que sigue?  Los de Alejandro Moreno ya los conozco. Los de Anaya, están en proceso.
