id, author_id, created_at, text
614241804028911616, 109070638, 2015-06-26T01:20:32.000Z, RT @Roberto_R_R: También @lucio_pilar en #iAguaMagazine "servicio municipal bien llevado puede ser igual de rentable que uno privado" http:…
614250482090004480, 3329798278, 2015-06-26T01:55:01.000Z, @10Ronaldinho  marcos , cafu lucio edmilson roberto carlos gilberto silva roque jr ronaldo ronaldinho gaucho rivaldo e kleberson ...
614274096147214336, 45864378, 2015-06-26T03:28:51.000Z, POR QUE NÃO DUCHAMP? Paulo Chaves considerou que essa foto de Roberto Lúcio não tem magia para ser equivalente a... http://t.co/4bKdh7sjXK
614324485773201408, 267849696, 2015-06-26T06:49:05.000Z, RT @Roberto_R_R: También @lucio_pilar en #iAguaMagazine "servicio municipal bien llevado puede ser igual de rentable que uno privado" http:…
614382118207029248, 2687192449, 2015-06-26T10:38:06.000Z, @luketookmeaway Dear Lucio Roberto, ang pagmumura habang naka-all caps ay hindi magandang kombinasyon.
614468547377516547, 504983700, 2015-06-26T16:21:32.000Z, RT @Assiteca_sim: Da sinistra il giornalista Lucio Bussi @larenait @Roberto_Russo1 #AssitecaSim l'economista Enrico Ascari @asca56 http://t…
614511094997098497, 373571637, 2015-06-26T19:10:36.000Z, “@Roberto_R_R: También @lucio_pilar en #iAguaMagazine " eso no se lo cree nadie
614613716642988033, 600521117, 2015-06-27T01:58:23.000Z, RT @Roberto_R_R: También @lucio_pilar en #iAguaMagazine "servicio municipal bien llevado puede ser igual de rentable que uno privado" http:…
614849678404943872, 393020756, 2015-06-27T17:36:01.000Z, Dida, Cafu, Lúcio, Juan, Roberto Carlos, Emerson, Zé Roberto, Kaká,Juninho Pernambucano, Ronaldinho Gaúcho, Adriano, Ronaldo e Robinho.
614875750047612929, 2536566972, 2015-06-27T19:19:37.000Z, Paulo César, Célio Lúcio, AB, Boiadeiro, Roberto Gaúcho e Paulinho McLaren e Marcelo Ramos em campo. 👏👏👏👏👏👏
614875950858260480, 355250763, 2015-06-27T19:20:25.000Z, RT @EuVivoCruzeiro: Paulo César, Célio Lúcio, AB, Boiadeiro, Roberto Gaúcho e Paulinho McLaren e Marcelo Ramos em campo. 👏👏👏👏👏👏
614876058622558208, 2753663002, 2015-06-27T19:20:50.000Z, RT @EuVivoCruzeiro: Paulo César, Célio Lúcio, AB, Boiadeiro, Roberto Gaúcho e Paulinho McLaren e Marcelo Ramos em campo. 👏👏👏👏👏👏
614876102130016256, 2669302580, 2015-06-27T19:21:01.000Z, RT @EuVivoCruzeiro: Paulo César, Célio Lúcio, AB, Boiadeiro, Roberto Gaúcho e Paulinho McLaren e Marcelo Ramos em campo. 👏👏👏👏👏👏
614876172233650176, 51859135, 2015-06-27T19:21:17.000Z, Marcelo Ramos, Balu, Célio Lúcio, Marcos Paulo, Roberto Gaúcho, Boiadeiro, Rui e Sandro são alguns dos que entraram no 2º tempo. #trcruzeiro
614876191388999680, 327539178, 2015-06-27T19:21:22.000Z, RT @EuVivoCruzeiro: Paulo César, Célio Lúcio, AB, Boiadeiro, Roberto Gaúcho e Paulinho McLaren e Marcelo Ramos em campo. 👏👏👏👏👏👏
614876246170857473, 290702532, 2015-06-27T19:21:35.000Z, RT @EuVivoCruzeiro: Paulo César, Célio Lúcio, AB, Boiadeiro, Roberto Gaúcho e Paulinho McLaren e Marcelo Ramos em campo. 👏👏👏👏👏👏
614906179270148096, 1656465570, 2015-06-27T21:20:32.000Z, El #BRA que dába miedo era el #Brasil de.: Dida, Cafú, Lucio, Roberto Carlos, Kaka, Ronaldo, Ronaldinho, Adriano...etc. Ese si daba miedo.
614906457998368771, 3302275199, 2015-06-27T21:21:38.000Z, #Brasil: Marcos, Roberto Carlos, Lucio, Roque Junior, Cafu, Edmilson, Gilberto Silva, Kleberson, Rivaldo, Hulk y Fred.
614917712947638272, 1362495630, 2015-06-27T22:06:22.000Z, Roberto Carlos, Cafu, Juan y Lucio se deben estar muriendo viendo la defensa de Brasil
614917722577743873, 321324433, 2015-06-27T22:06:24.000Z, #MÁS PARTIDOS con BRASIL Mayores: Cafú [142] Roberto Carlos [125] Lúcio [105] ROBINHO [100].
614918437190529024, 549906364, 2015-06-27T22:09:14.000Z, اكثر من لعب بقميص المنتخب البرازيلي:  142 - Cafu 125 - Roberto Carlos 105 - Lúcio 102 - Taffarel 101 - Robinho  https://t.co/4d5TGih4om
614918523257663492, 298672392, 2015-06-27T22:09:35.000Z, RT @Brazil_Selecao: اكثر من لعب بقميص المنتخب البرازيلي:  142 - Cafu 125 - Roberto Carlos 105 - Lúcio 102 - Taffarel 101 - Robinho  https:/…
614918597832392704, 566470696, 2015-06-27T22:09:53.000Z, RT @Brazil_Selecao: اكثر من لعب بقميص المنتخب البرازيلي:  142 - Cafu 125 - Roberto Carlos 105 - Lúcio 102 - Taffarel 101 - Robinho  https:/…
614918949457801217, 796996387, 2015-06-27T22:11:16.000Z, RT @Brazil_Selecao: اكثر من لعب بقميص المنتخب البرازيلي:  142 - Cafu 125 - Roberto Carlos 105 - Lúcio 102 - Taffarel 101 - Robinho  https:/…
614919136859291648, 627210066, 2015-06-27T22:12:01.000Z, #MÁS PARTIDOS con BRASIL Mayores: Cafú [142] Roberto Carlos [125] Lúcio [105] ROBINHO [100].
614920119265964032, 143921717, 2015-06-27T22:15:55.000Z, sdds cafu, lucio, juan e roberto carlos
614920272412590080, 217224913, 2015-06-27T22:16:32.000Z, Le Brésil de Kaka , Ronaldo , Ronaldinho , Cafu , Ze Roberto , Pele , Lucio etc ...
614920722436198401, 3087361961, 2015-06-27T22:18:19.000Z, RT @Brazil_Selecao: اكثر من لعب بقميص المنتخب البرازيلي:  142 - Cafu 125 - Roberto Carlos 105 - Lúcio 102 - Taffarel 101 - Robinho  https:/…
614921947525197829, 2958319879, 2015-06-27T22:23:11.000Z, RT @Brazil_Selecao: اكثر من لعب بقميص المنتخب البرازيلي:  142 - Cafu 125 - Roberto Carlos 105 - Lúcio 102 - Taffarel 101 - Robinho  https:/…
614922357912645632, 447188680, 2015-06-27T22:24:49.000Z, RT @Brazil_Selecao: اكثر من لعب بقميص المنتخب البرازيلي:  142 - Cafu 125 - Roberto Carlos 105 - Lúcio 102 - Taffarel 101 - Robinho  https:/…
614922788340510720, 236770884, 2015-06-27T22:26:32.000Z, RT @Brazil_Selecao: اكثر من لعب بقميص المنتخب البرازيلي:  142 - Cafu 125 - Roberto Carlos 105 - Lúcio 102 - Taffarel 101 - Robinho  https:/…
614923243850461184, 3097603167, 2015-06-27T22:28:20.000Z, @E_FLEISCHMAN Los Emerson, Lucio, JCesar, Adriano, Ze Roberto, Denilson ... Continuará
614923819942322180, 3333590482, 2015-06-27T22:30:38.000Z, Mais jogos pela Seleção Brasileira:  142 - Cafu 125 - Roberto Carlos 105 - Lúcio 102 - Taffarel 101 - Robinho http://t.co/VP7c6orgcq
614924310675890178, 69962890, 2015-06-27T22:32:35.000Z, Más partidos con #Brasil 142 Cafú 125 Roberto Carlos 105 Lúcio 101 Taffarel 099 ROBINHO 098 Djalma Santos y Ronaldo 097 Ronaldinho
614924340056956928, 634824745, 2015-06-27T22:32:42.000Z, RT @2010MisterChip: Más partidos con #Brasil 142 Cafú 125 Roberto Carlos 105 Lúcio 101 Taffarel 099 ROBINHO 098 Djalma Santos y Ronaldo 097…
614924361624121344, 1077968184, 2015-06-27T22:32:47.000Z, RT @2010MisterChip: Más partidos con #Brasil 142 Cafú 125 Roberto Carlos 105 Lúcio 101 Taffarel 099 ROBINHO 098 Djalma Santos y Ronaldo 097…
614924381320572928, 1013280385, 2015-06-27T22:32:51.000Z, RT @2010MisterChip: Más partidos con #Brasil 142 Cafú 125 Roberto Carlos 105 Lúcio 101 Taffarel 099 ROBINHO 098 Djalma Santos y Ronaldo 097…
614924385032409088, 276792795, 2015-06-27T22:32:52.000Z, RT @2010MisterChip: Más partidos con #Brasil 142 Cafú 125 Roberto Carlos 105 Lúcio 101 Taffarel 099 ROBINHO 098 Djalma Santos y Ronaldo 097…
614924389834993664, 331274994, 2015-06-27T22:32:53.000Z, RT @2010MisterChip: Más partidos con #Brasil 142 Cafú 125 Roberto Carlos 105 Lúcio 101 Taffarel 099 ROBINHO 098 Djalma Santos y Ronaldo 097…
614924390355050498, 359641676, 2015-06-27T22:32:54.000Z, RT @2010MisterChip: Más partidos con #Brasil 142 Cafú 125 Roberto Carlos 105 Lúcio 101 Taffarel 099 ROBINHO 098 Djalma Santos y Ronaldo 097…
614924395824443392, 51168218, 2015-06-27T22:32:55.000Z, RT @2010MisterChip: Más partidos con #Brasil 142 Cafú 125 Roberto Carlos 105 Lúcio 101 Taffarel 099 ROBINHO 098 Djalma Santos y Ronaldo 097…
614924396566679552, 79661621, 2015-06-27T22:32:55.000Z, RT @2010MisterChip: Más partidos con #Brasil 142 Cafú 125 Roberto Carlos 105 Lúcio 101 Taffarel 099 ROBINHO 098 Djalma Santos y Ronaldo 097…
614924402723938304, 276792795, 2015-06-27T22:32:57.000Z, Retweeted MisterChip (Alexis) (@2010MisterChip):  Más partidos con #Brasil 142 Cafú 125 Roberto Carlos 105 Lúcio... http://t.co/jtx1xiYjCo
614924407866281984, 2851367452, 2015-06-27T22:32:58.000Z, RT @2010MisterChip: Más partidos con #Brasil 142 Cafú 125 Roberto Carlos 105 Lúcio 101 Taffarel 099 ROBINHO 098 Djalma Santos y Ronaldo 097…
614924414371631104, 630605198, 2015-06-27T22:32:59.000Z, RT @2010MisterChip: Más partidos con #Brasil 142 Cafú 125 Roberto Carlos 105 Lúcio 101 Taffarel 099 ROBINHO 098 Djalma Santos y Ronaldo 097…
614924417592786944, 1255231736, 2015-06-27T22:33:00.000Z, RT @2010MisterChip: Más partidos con #Brasil 142 Cafú 125 Roberto Carlos 105 Lúcio 101 Taffarel 099 ROBINHO 098 Djalma Santos y Ronaldo 097…
614924435942993920, 191571748, 2015-06-27T22:33:04.000Z, RT @2010MisterChip: Más partidos con #Brasil 142 Cafú 125 Roberto Carlos 105 Lúcio 101 Taffarel 099 ROBINHO 098 Djalma Santos y Ronaldo 097…
614924454502756352, 262437335, 2015-06-27T22:33:09.000Z, RT @2010MisterChip: Más partidos con #Brasil 142 Cafú 125 Roberto Carlos 105 Lúcio 101 Taffarel 099 ROBINHO 098 Djalma Santos y Ronaldo 097…
614924477332332544, 106475163, 2015-06-27T22:33:14.000Z, RT @2010MisterChip: Más partidos con #Brasil 142 Cafú 125 Roberto Carlos 105 Lúcio 101 Taffarel 099 ROBINHO 098 Djalma Santos y Ronaldo 097…
614924497058201600, 109943815, 2015-06-27T22:33:19.000Z, RT @2010MisterChip: Más partidos con #Brasil 142 Cafú 125 Roberto Carlos 105 Lúcio 101 Taffarel 099 ROBINHO 098 Djalma Santos y Ronaldo 097…
614924515383054336, 77227577, 2015-06-27T22:33:23.000Z, RT @2010MisterChip: Más partidos con #Brasil 142 Cafú 125 Roberto Carlos 105 Lúcio 101 Taffarel 099 ROBINHO 098 Djalma Santos y Ronaldo 097…
614924520399470592, 107101235, 2015-06-27T22:33:25.000Z, RT @2010MisterChip: Más partidos con #Brasil 142 Cafú 125 Roberto Carlos 105 Lúcio 101 Taffarel 099 ROBINHO 098 Djalma Santos y Ronaldo 097…
614924531740880896, 348175668, 2015-06-27T22:33:27.000Z, RT @2010MisterChip: Más partidos con #Brasil 142 Cafú 125 Roberto Carlos 105 Lúcio 101 Taffarel 099 ROBINHO 098 Djalma Santos y Ronaldo 097…
614924532034482177, 2505376029, 2015-06-27T22:33:27.000Z, RT @2010MisterChip: Más partidos con #Brasil 142 Cafú 125 Roberto Carlos 105 Lúcio 101 Taffarel 099 ROBINHO 098 Djalma Santos y Ronaldo 097…
614924536140689408, 195481134, 2015-06-27T22:33:28.000Z, RT @2010MisterChip: Más partidos con #Brasil 142 Cafú 125 Roberto Carlos 105 Lúcio 101 Taffarel 099 ROBINHO 098 Djalma Santos y Ronaldo 097…
614924546831814656, 2664523116, 2015-06-27T22:33:31.000Z, RT @2010MisterChip: Más partidos con #Brasil 142 Cafú 125 Roberto Carlos 105 Lúcio 101 Taffarel 099 ROBINHO 098 Djalma Santos y Ronaldo 097…
614924549075935232, 169805680, 2015-06-27T22:33:31.000Z, RT @2010MisterChip: Más partidos con #Brasil 142 Cafú 125 Roberto Carlos 105 Lúcio 101 Taffarel 099 ROBINHO 098 Djalma Santos y Ronaldo 097…
614924551793823744, 843482606, 2015-06-27T22:33:32.000Z, RT @2010MisterChip: Más partidos con #Brasil 142 Cafú 125 Roberto Carlos 105 Lúcio 101 Taffarel 099 ROBINHO 098 Djalma Santos y Ronaldo 097…
614924553991684096, 335291328, 2015-06-27T22:33:33.000Z, RT @2010MisterChip: Más partidos con #Brasil 142 Cafú 125 Roberto Carlos 105 Lúcio 101 Taffarel 099 ROBINHO 098 Djalma Santos y Ronaldo 097…
614924558446014464, 1507883178, 2015-06-27T22:33:34.000Z, RT @2010MisterChip: Más partidos con #Brasil 142 Cafú 125 Roberto Carlos 105 Lúcio 101 Taffarel 099 ROBINHO 098 Djalma Santos y Ronaldo 097…
614924559347748864, 602827360, 2015-06-27T22:33:34.000Z, RT @2010MisterChip: Más partidos con #Brasil 142 Cafú 125 Roberto Carlos 105 Lúcio 101 Taffarel 099 ROBINHO 098 Djalma Santos y Ronaldo 097…
614924613391413249, 253128869, 2015-06-27T22:33:47.000Z, RT @2010MisterChip: Más partidos con #Brasil 142 Cafú 125 Roberto Carlos 105 Lúcio 101 Taffarel 099 ROBINHO 098 Djalma Santos y Ronaldo 097…
614924613659852806, 1296678864, 2015-06-27T22:33:47.000Z, RT @2010MisterChip: Más partidos con #Brasil 142 Cafú 125 Roberto Carlos 105 Lúcio 101 Taffarel 099 ROBINHO 098 Djalma Santos y Ronaldo 097…
614924620014055424, 290620494, 2015-06-27T22:33:48.000Z, RT @2010MisterChip: Más partidos con #Brasil 142 Cafú 125 Roberto Carlos 105 Lúcio 101 Taffarel 099 ROBINHO 098 Djalma Santos y Ronaldo 097…
614924621998125057, 1970172828, 2015-06-27T22:33:49.000Z, RT @2010MisterChip: Más partidos con #Brasil 142 Cafú 125 Roberto Carlos 105 Lúcio 101 Taffarel 099 ROBINHO 098 Djalma Santos y Ronaldo 097…
614924623122186245, 106572326, 2015-06-27T22:33:49.000Z, RT @2010MisterChip: Más partidos con #Brasil 142 Cafú 125 Roberto Carlos 105 Lúcio 101 Taffarel 099 ROBINHO 098 Djalma Santos y Ronaldo 097…
614924641342214144, 159274713, 2015-06-27T22:33:53.000Z, RT @2010MisterChip: Más partidos con #Brasil 142 Cafú 125 Roberto Carlos 105 Lúcio 101 Taffarel 099 ROBINHO 098 Djalma Santos y Ronaldo 097…
614924649240002560, 310586992, 2015-06-27T22:33:55.000Z, RT @2010MisterChip: Más partidos con #Brasil 142 Cafú 125 Roberto Carlos 105 Lúcio 101 Taffarel 099 ROBINHO 098 Djalma Santos y Ronaldo 097…
614924652570378240, 617166488, 2015-06-27T22:33:56.000Z, RT @2010MisterChip: Más partidos con #Brasil 142 Cafú 125 Roberto Carlos 105 Lúcio 101 Taffarel 099 ROBINHO 098 Djalma Santos y Ronaldo 097…
614924658815533056, 1929481032, 2015-06-27T22:33:58.000Z, RT @2010MisterChip: Más partidos con #Brasil 142 Cafú 125 Roberto Carlos 105 Lúcio 101 Taffarel 099 ROBINHO 098 Djalma Santos y Ronaldo 097…
614924669909504000, 915773683, 2015-06-27T22:34:00.000Z, RT @2010MisterChip: Más partidos con #Brasil 142 Cafú 125 Roberto Carlos 105 Lúcio 101 Taffarel 099 ROBINHO 098 Djalma Santos y Ronaldo 097…
614924696061124609, 2472791148, 2015-06-27T22:34:06.000Z, RT @2010MisterChip: Más partidos con #Brasil 142 Cafú 125 Roberto Carlos 105 Lúcio 101 Taffarel 099 ROBINHO 098 Djalma Santos y Ronaldo 097…
614924741762252800, 45414827, 2015-06-27T22:34:17.000Z, RT @2010MisterChip: Más partidos con #Brasil 142 Cafú 125 Roberto Carlos 105 Lúcio 101 Taffarel 099 ROBINHO 098 Djalma Santos y Ronaldo 097…
614924742949228544, 102593064, 2015-06-27T22:34:18.000Z, RT @2010MisterChip: Más partidos con #Brasil 142 Cafú 125 Roberto Carlos 105 Lúcio 101 Taffarel 099 ROBINHO 098 Djalma Santos y Ronaldo 097…
614924780492455937, 197296025, 2015-06-27T22:34:27.000Z, RT @2010MisterChip: Más partidos con #Brasil 142 Cafú 125 Roberto Carlos 105 Lúcio 101 Taffarel 099 ROBINHO 098 Djalma Santos y Ronaldo 097…
614924782090493956, 930803514, 2015-06-27T22:34:27.000Z, RT @2010MisterChip: Más partidos con #Brasil 142 Cafú 125 Roberto Carlos 105 Lúcio 101 Taffarel 099 ROBINHO 098 Djalma Santos y Ronaldo 097…
614924782648193024, 162614968, 2015-06-27T22:34:27.000Z, RT @2010MisterChip: Más partidos con #Brasil 142 Cafú 125 Roberto Carlos 105 Lúcio 101 Taffarel 099 ROBINHO 098 Djalma Santos y Ronaldo 097…
614924814629892097, 272580464, 2015-06-27T22:34:35.000Z, RT @2010MisterChip: Más partidos con #Brasil 142 Cafú 125 Roberto Carlos 105 Lúcio 101 Taffarel 099 ROBINHO 098 Djalma Santos y Ronaldo 097…
614924815548424192, 166369621, 2015-06-27T22:34:35.000Z, Más partidos con #Brasil 142 Cafú 125 Roberto Carlos 105 Lúcio 101 Taffarel 99 ROBINHO   [Via @2010MisterChip] http://t.co/MHGEZXwI35
614924820371898368, 2207940235, 2015-06-27T22:34:36.000Z, RT @2010MisterChip: Más partidos con #Brasil 142 Cafú 125 Roberto Carlos 105 Lúcio 101 Taffarel 099 ROBINHO 098 Djalma Santos y Ronaldo 097…
614924858519089152, 1676255904, 2015-06-27T22:34:45.000Z, RT @FutboolFlchajes: Más partidos con #Brasil 142 Cafú 125 Roberto Carlos 105 Lúcio 101 Taffarel 99 ROBINHO   [Via @2010MisterChip] http://…
614924866312105984, 344925751, 2015-06-27T22:34:47.000Z, RT @2010MisterChip: Más partidos con #Brasil 142 Cafú 125 Roberto Carlos 105 Lúcio 101 Taffarel 099 ROBINHO 098 Djalma Santos y Ronaldo 097…
614924871513063424, 60646851, 2015-06-27T22:34:48.000Z, RT @2010MisterChip: Más partidos con #Brasil 142 Cafú 125 Roberto Carlos 105 Lúcio 101 Taffarel 099 ROBINHO 098 Djalma Santos y Ronaldo 097…
614924877561241600, 199484919, 2015-06-27T22:34:50.000Z, RT @2010MisterChip: Más partidos con #Brasil 142 Cafú 125 Roberto Carlos 105 Lúcio 101 Taffarel 099 ROBINHO 098 Djalma Santos y Ronaldo 097…
614924892031569921, 190876060, 2015-06-27T22:34:53.000Z, RT @FutboolFlchajes: Más partidos con #Brasil 142 Cafú 125 Roberto Carlos 105 Lúcio 101 Taffarel 99 ROBINHO   [Via @2010MisterChip] http://…
614924893784817664, 1394738720, 2015-06-27T22:34:54.000Z, RT @FutboolFlchajes: Más partidos con #Brasil 142 Cafú 125 Roberto Carlos 105 Lúcio 101 Taffarel 99 ROBINHO   [Via @2010MisterChip] http://…
614924906405462016, 308580064, 2015-06-27T22:34:57.000Z, RT @2010MisterChip: Más partidos con #Brasil 142 Cafú 125 Roberto Carlos 105 Lúcio 101 Taffarel 099 ROBINHO 098 Djalma Santos y Ronaldo 097…
614924909958053888, 292057423, 2015-06-27T22:34:57.000Z, RT @FutboolFlchajes: Más partidos con #Brasil 142 Cafú 125 Roberto Carlos 105 Lúcio 101 Taffarel 99 ROBINHO   [Via @2010MisterChip] http://…
614924912659202049, 143278650, 2015-06-27T22:34:58.000Z, RT @FutboolFlchajes: Más partidos con #Brasil 142 Cafú 125 Roberto Carlos 105 Lúcio 101 Taffarel 99 ROBINHO   [Via @2010MisterChip] http://…
614924915733581824, 529445594, 2015-06-27T22:34:59.000Z, RT @2010MisterChip: Más partidos con #Brasil 142 Cafú 125 Roberto Carlos 105 Lúcio 101 Taffarel 099 ROBINHO 098 Djalma Santos y Ronaldo 097…
614924970653843456, 29836809, 2015-06-27T22:35:12.000Z, Más partidos con #BRA  142 Cafú 125 Roberto Carlos 105 Lúcio 101 Taffarel 099 ROBINHO 098 Djalma Santos y Ronaldo 097 Ronaldinho #Chile2015
614924993881841664, 1621300531, 2015-06-27T22:35:17.000Z, RT @FutboolFlchajes: Más partidos con #Brasil 142 Cafú 125 Roberto Carlos 105 Lúcio 101 Taffarel 99 ROBINHO   [Via @2010MisterChip] http://…
614925005370040320, 2591205370, 2015-06-27T22:35:20.000Z, RT @2010MisterChip: Más partidos con #Brasil 142 Cafú 125 Roberto Carlos 105 Lúcio 101 Taffarel 099 ROBINHO 098 Djalma Santos y Ronaldo 097…
614925015960690688, 88076000, 2015-06-27T22:35:23.000Z, RT @2010MisterChip: Más partidos con #Brasil 142 Cafú 125 Roberto Carlos 105 Lúcio 101 Taffarel 099 ROBINHO 098 Djalma Santos y Ronaldo 097…
614925038454751232, 132950579, 2015-06-27T22:35:28.000Z, RT @2010MisterChip: Más partidos con #Brasil 142 Cafú 125 Roberto Carlos 105 Lúcio 101 Taffarel 099 ROBINHO 098 Djalma Santos y Ronaldo 097…
614925040262455296, 117446846, 2015-06-27T22:35:29.000Z, RT @2010MisterChip: Más partidos con #Brasil 142 Cafú 125 Roberto Carlos 105 Lúcio 101 Taffarel 099 ROBINHO 098 Djalma Santos y Ronaldo 097…
614925062148358146, 120643668, 2015-06-27T22:35:34.000Z, RT @2010MisterChip: Más partidos con #Brasil 142 Cafú 125 Roberto Carlos 105 Lúcio 101 Taffarel 099 ROBINHO 098 Djalma Santos y Ronaldo 097…
614925090086617088, 2370061299, 2015-06-27T22:35:40.000Z, RT @FutboolFlchajes: Más partidos con #Brasil 142 Cafú 125 Roberto Carlos 105 Lúcio 101 Taffarel 99 ROBINHO   [Via @2010MisterChip] http://…
614925133682245632, 361010487, 2015-06-27T22:35:51.000Z, RT @2010MisterChip: Más partidos con #Brasil 142 Cafú 125 Roberto Carlos 105 Lúcio 101 Taffarel 099 ROBINHO 098 Djalma Santos y Ronaldo 097…
614925145514332160, 77765818, 2015-06-27T22:35:54.000Z, RT @2010MisterChip: Más partidos con #Brasil 142 Cafú 125 Roberto Carlos 105 Lúcio 101 Taffarel 099 ROBINHO 098 Djalma Santos y Ronaldo 097…
614925161557553152, 781603970, 2015-06-27T22:35:57.000Z, RT @2010MisterChip: Más partidos con #Brasil 142 Cafú 125 Roberto Carlos 105 Lúcio 101 Taffarel 099 ROBINHO 098 Djalma Santos y Ronaldo 097…
614925165474910208, 41983914, 2015-06-27T22:35:58.000Z, RT @2010MisterChip: Más partidos con #Brasil 142 Cafú 125 Roberto Carlos 105 Lúcio 101 Taffarel 099 ROBINHO 098 Djalma Santos y Ronaldo 097…
614925193769840640, 148947268, 2015-06-27T22:36:05.000Z, RT @2010MisterChip: Más partidos con #Brasil 142 Cafú 125 Roberto Carlos 105 Lúcio 101 Taffarel 099 ROBINHO 098 Djalma Santos y Ronaldo 097…
614925196575707136, 395013980, 2015-06-27T22:36:06.000Z, RT @FutboolFlchajes: Más partidos con #Brasil 142 Cafú 125 Roberto Carlos 105 Lúcio 101 Taffarel 99 ROBINHO   [Via @2010MisterChip] http://…
614925221884203008, 857875573, 2015-06-27T22:36:12.000Z, RT @2010MisterChip: Más partidos con #Brasil 142 Cafú 125 Roberto Carlos 105 Lúcio 101 Taffarel 099 ROBINHO 098 Djalma Santos y Ronaldo 097…
614925226787360768, 243483853, 2015-06-27T22:36:13.000Z, RT @FutboolFlchajes: Más partidos con #Brasil 142 Cafú 125 Roberto Carlos 105 Lúcio 101 Taffarel 99 ROBINHO   [Via @2010MisterChip] http://…
614925230063112192, 292686776, 2015-06-27T22:36:14.000Z, RT @2010MisterChip: Más partidos con #Brasil 142 Cafú 125 Roberto Carlos 105 Lúcio 101 Taffarel 099 ROBINHO 098 Djalma Santos y Ronaldo 097…
614925315505127424, 848517360, 2015-06-27T22:36:34.000Z, RT @2010MisterChip: Más partidos con #Brasil 142 Cafú 125 Roberto Carlos 105 Lúcio 101 Taffarel 099 ROBINHO 098 Djalma Santos y Ronaldo 097…
614925326666346497, 77775265, 2015-06-27T22:36:37.000Z, RT @2010MisterChip: Más partidos con #Brasil 142 Cafú 125 Roberto Carlos 105 Lúcio 101 Taffarel 099 ROBINHO 098 Djalma Santos y Ronaldo 097…
614925328641859584, 2214941209, 2015-06-27T22:36:37.000Z, RT @FutboolFlchajes: Más partidos con #Brasil 142 Cafú 125 Roberto Carlos 105 Lúcio 101 Taffarel 99 ROBINHO   [Via @2010MisterChip] http://…
614925340104892416, 1356050172, 2015-06-27T22:36:40.000Z, RT @2010MisterChip: Más partidos con #Brasil 142 Cafú 125 Roberto Carlos 105 Lúcio 101 Taffarel 099 ROBINHO 098 Djalma Santos y Ronaldo 097…
614925341442863104, 423449400, 2015-06-27T22:36:40.000Z, RT @2010MisterChip: Más partidos con #Brasil 142 Cafú 125 Roberto Carlos 105 Lúcio 101 Taffarel 099 ROBINHO 098 Djalma Santos y Ronaldo 097…
614925446573113344, 2334367634, 2015-06-27T22:37:05.000Z, RT @2010MisterChip: Más partidos con #Brasil 142 Cafú 125 Roberto Carlos 105 Lúcio 101 Taffarel 099 ROBINHO 098 Djalma Santos y Ronaldo 097…
614925469415284736, 126755426, 2015-06-27T22:37:11.000Z, RT @2010MisterChip: Más partidos con #Brasil 142 Cafú 125 Roberto Carlos 105 Lúcio 101 Taffarel 099 ROBINHO 098 Djalma Santos y Ronaldo 097…
614925512373354496, 2270778686, 2015-06-27T22:37:21.000Z, Most matches with #Brazil  142 Cafú 125 Roberto Carlos 105 Lúcio 101 Taffarel 099 ROBINHO 098 Djalma Santos and Ronaldo 097 Ronaldinho
614925564030246912, 575468510, 2015-06-27T22:37:33.000Z, RT @2010MisterChip: Más partidos con #Brasil 142 Cafú 125 Roberto Carlos 105 Lúcio 101 Taffarel 099 ROBINHO 098 Djalma Santos y Ronaldo 097…
614925565494173697, 491669844, 2015-06-27T22:37:34.000Z, RT @2010MisterChip: Más partidos con #Brasil 142 Cafú 125 Roberto Carlos 105 Lúcio 101 Taffarel 099 ROBINHO 098 Djalma Santos y Ronaldo 097…
614925642291916805, 387232867, 2015-06-27T22:37:52.000Z, RT @MisterChiping: Most matches with #Brazil  142 Cafú 125 Roberto Carlos 105 Lúcio 101 Taffarel 099 ROBINHO 098 Djalma Santos and Ronaldo …
614925654950326272, 348695489, 2015-06-27T22:37:55.000Z, RT @FutboolFlchajes: Más partidos con #Brasil 142 Cafú 125 Roberto Carlos 105 Lúcio 101 Taffarel 99 ROBINHO   [Via @2010MisterChip] http://…
614925661854138368, 295272970, 2015-06-27T22:37:57.000Z, RT @2010MisterChip: Más partidos con #Brasil 142 Cafú 125 Roberto Carlos 105 Lúcio 101 Taffarel 099 ROBINHO 098 Djalma Santos y Ronaldo 097…
614925705718054912, 242897421, 2015-06-27T22:38:07.000Z, RT @2010MisterChip: Más partidos con #Brasil 142 Cafú 125 Roberto Carlos 105 Lúcio 101 Taffarel 099 ROBINHO 098 Djalma Santos y Ronaldo 097…
614925776333320192, 242897421, 2015-06-27T22:38:24.000Z, RT @FutboolFlchajes: Más partidos con #Brasil 142 Cafú 125 Roberto Carlos 105 Lúcio 101 Taffarel 99 ROBINHO   [Via @2010MisterChip] http://…
614925792015949824, 264844847, 2015-06-27T22:38:28.000Z, RT @2010MisterChip: Más partidos con #Brasil 142 Cafú 125 Roberto Carlos 105 Lúcio 101 Taffarel 099 ROBINHO 098 Djalma Santos y Ronaldo 097…
614925818343628800, 3324249681, 2015-06-27T22:38:34.000Z, RT @2010MisterChip: Más partidos con #Brasil 142 Cafú 125 Roberto Carlos 105 Lúcio 101 Taffarel 099 ROBINHO 098 Djalma Santos y Ronaldo 097…
614925943958704129, 948670765, 2015-06-27T22:39:04.000Z, RT @FutboolFlchajes: Más partidos con #Brasil 142 Cafú 125 Roberto Carlos 105 Lúcio 101 Taffarel 99 ROBINHO   [Via @2010MisterChip] http://…
614925971305668608, 246043020, 2015-06-27T22:39:10.000Z, RT @2010MisterChip: Más partidos con #Brasil 142 Cafú 125 Roberto Carlos 105 Lúcio 101 Taffarel 099 ROBINHO 098 Djalma Santos y Ronaldo 097…
614926033234604033, 553912389, 2015-06-27T22:39:25.000Z, RT @FutboolFlchajes: Más partidos con #Brasil 142 Cafú 125 Roberto Carlos 105 Lúcio 101 Taffarel 99 ROBINHO   [Via @2010MisterChip] http://…
614926043871248384, 354588235, 2015-06-27T22:39:28.000Z, RT @2010MisterChip: Más partidos con #Brasil 142 Cafú 125 Roberto Carlos 105 Lúcio 101 Taffarel 099 ROBINHO 098 Djalma Santos y Ronaldo 097…
614926071423737856, 1115143567, 2015-06-27T22:39:34.000Z, RT @2010MisterChip: Más partidos con #Brasil 142 Cafú 125 Roberto Carlos 105 Lúcio 101 Taffarel 099 ROBINHO 098 Djalma Santos y Ronaldo 097…
614926118399963136, 220528845, 2015-06-27T22:39:46.000Z, RT @FutboolFlchajes: Más partidos con #Brasil 142 Cafú 125 Roberto Carlos 105 Lúcio 101 Taffarel 99 ROBINHO   [Via @2010MisterChip] http://…
614926165124317185, 343323067, 2015-06-27T22:39:57.000Z, RT @MisterChiping: Most matches with #Brazil  142 Cafú 125 Roberto Carlos 105 Lúcio 101 Taffarel 099 ROBINHO 098 Djalma Santos and Ronaldo …
614926168073109504, 68801961, 2015-06-27T22:39:57.000Z, RT @2010MisterChip: Más partidos con #Brasil 142 Cafú 125 Roberto Carlos 105 Lúcio 101 Taffarel 099 ROBINHO 098 Djalma Santos y Ronaldo 097…
614926219138744320, 402630312, 2015-06-27T22:40:10.000Z, RT @2010MisterChip: Más partidos con #Brasil 142 Cafú 125 Roberto Carlos 105 Lúcio 101 Taffarel 099 ROBINHO 098 Djalma Santos y Ronaldo 097…
614926361879289856, 200571077, 2015-06-27T22:40:44.000Z, RT @2010MisterChip: Más partidos con #Brasil 142 Cafú 125 Roberto Carlos 105 Lúcio 101 Taffarel 099 ROBINHO 098 Djalma Santos y Ronaldo 097…
614926392388661248, 99855207, 2015-06-27T22:40:51.000Z, RT @FutboolFlchajes: Más partidos con #Brasil 142 Cafú 125 Roberto Carlos 105 Lúcio 101 Taffarel 99 ROBINHO   [Via @2010MisterChip] http://…
614926469018468353, 65040440, 2015-06-27T22:41:09.000Z, RT @MisterChiping: Most matches with #Brazil  142 Cafú 125 Roberto Carlos 105 Lúcio 101 Taffarel 099 ROBINHO 098 Djalma Santos and Ronaldo …
614926498596810752, 16688459, 2015-06-27T22:41:16.000Z, RT @2010MisterChip: Más partidos con #Brasil 142 Cafú 125 Roberto Carlos 105 Lúcio 101 Taffarel 099 ROBINHO 098 Djalma Santos y Ronaldo 097…
614926590091235328, 200317653, 2015-06-27T22:41:38.000Z, RT @2010MisterChip: Más partidos con #Brasil 142 Cafú 125 Roberto Carlos 105 Lúcio 101 Taffarel 099 ROBINHO 098 Djalma Santos y Ronaldo 097…
614926601827000320, 313686246, 2015-06-27T22:41:41.000Z, RT @2010MisterChip: Más partidos con #Brasil 142 Cafú 125 Roberto Carlos 105 Lúcio 101 Taffarel 099 ROBINHO 098 Djalma Santos y Ronaldo 097…
614926634634846208, 1617025868, 2015-06-27T22:41:49.000Z, RT @2010MisterChip: Más partidos con #Brasil 142 Cafú 125 Roberto Carlos 105 Lúcio 101 Taffarel 099 ROBINHO 098 Djalma Santos y Ronaldo 097…
614926706906783744, 3018241254, 2015-06-27T22:42:06.000Z, RT @MisterChiping: Most matches with #Brazil  142 Cafú 125 Roberto Carlos 105 Lúcio 101 Taffarel 099 ROBINHO 098 Djalma Santos and Ronaldo …
614926741237334017, 45760280, 2015-06-27T22:42:14.000Z, RT @2010MisterChip: Más partidos con #Brasil 142 Cafú 125 Roberto Carlos 105 Lúcio 101 Taffarel 099 ROBINHO 098 Djalma Santos y Ronaldo 097…
614926848208711680, 328776358, 2015-06-27T22:42:40.000Z, RT @2010MisterChip: Más partidos con #Brasil 142 Cafú 125 Roberto Carlos 105 Lúcio 101 Taffarel 099 ROBINHO 098 Djalma Santos y Ronaldo 097…
614926863559819264, 2782651675, 2015-06-27T22:42:43.000Z, RT @2010MisterChip: Más partidos con #Brasil 142 Cafú 125 Roberto Carlos 105 Lúcio 101 Taffarel 099 ROBINHO 098 Djalma Santos y Ronaldo 097…
614926930954059776, 2621167899, 2015-06-27T22:42:59.000Z, RT @2010MisterChip: Más partidos con #Brasil 142 Cafú 125 Roberto Carlos 105 Lúcio 101 Taffarel 099 ROBINHO 098 Djalma Santos y Ronaldo 097…
614926933541818372, 2534659396, 2015-06-27T22:43:00.000Z, RT @2010MisterChip: Más partidos con #Brasil 142 Cafú 125 Roberto Carlos 105 Lúcio 101 Taffarel 099 ROBINHO 098 Djalma Santos y Ronaldo 097…
614926962621050880, 72307032, 2015-06-27T22:43:07.000Z, RT @2010MisterChip: Más partidos con #Brasil 142 Cafú 125 Roberto Carlos 105 Lúcio 101 Taffarel 099 ROBINHO 098 Djalma Santos y Ronaldo 097…
614926996829704192, 377205816, 2015-06-27T22:43:15.000Z, RT @MisterChiping: Most matches with #Brazil  142 Cafú 125 Roberto Carlos 105 Lúcio 101 Taffarel 099 ROBINHO 098 Djalma Santos and Ronaldo …
614927024218439680, 257924444, 2015-06-27T22:43:22.000Z, RT @2010MisterChip: Más partidos con #Brasil 142 Cafú 125 Roberto Carlos 105 Lúcio 101 Taffarel 099 ROBINHO 098 Djalma Santos y Ronaldo 097…
614927077695995904, 380468451, 2015-06-27T22:43:34.000Z, RT @2010MisterChip: Más partidos con #Brasil 142 Cafú 125 Roberto Carlos 105 Lúcio 101 Taffarel 099 ROBINHO 098 Djalma Santos y Ronaldo 097…
614927160567066624, 216960815, 2015-06-27T22:43:54.000Z, RT @2010MisterChip: Más partidos con #Brasil 142 Cafú 125 Roberto Carlos 105 Lúcio 101 Taffarel 099 ROBINHO 098 Djalma Santos y Ronaldo 097…
614927188111007744, 400385008, 2015-06-27T22:44:01.000Z, RT @2010MisterChip: Más partidos con #Brasil 142 Cafú 125 Roberto Carlos 105 Lúcio 101 Taffarel 099 ROBINHO 098 Djalma Santos y Ronaldo 097…
614927371897077760, 398379918, 2015-06-27T22:44:44.000Z, RT @MisterChiping: Most matches with #Brazil  142 Cafú 125 Roberto Carlos 105 Lúcio 101 Taffarel 099 ROBINHO 098 Djalma Santos and Ronaldo …
614927410388201472, 121650551, 2015-06-27T22:44:54.000Z, RT @2010MisterChip: Más partidos con #Brasil 142 Cafú 125 Roberto Carlos 105 Lúcio 101 Taffarel 099 ROBINHO 098 Djalma Santos y Ronaldo 097…
614927412795576320, 1345634208, 2015-06-27T22:44:54.000Z, RT @2010MisterChip: Más partidos con #Brasil 142 Cafú 125 Roberto Carlos 105 Lúcio 101 Taffarel 099 ROBINHO 098 Djalma Santos y Ronaldo 097…
614927480395141120, 390621499, 2015-06-27T22:45:10.000Z, RT @MisterChiping: Most matches with #Brazil  142 Cafú 125 Roberto Carlos 105 Lúcio 101 Taffarel 099 ROBINHO 098 Djalma Santos and Ronaldo …
614927534292115456, 252351690, 2015-06-27T22:45:23.000Z, RT @2010MisterChip: Más partidos con #Brasil 142 Cafú 125 Roberto Carlos 105 Lúcio 101 Taffarel 099 ROBINHO 098 Djalma Santos y Ronaldo 097…
614927560971980801, 1545690542, 2015-06-27T22:45:29.000Z, Most matches with #Brazil 142 Cafú 125 Roberto Carlos 105 Lúcio 101 Taffarel 099 ROBINHO 098 Djalma Santos and Ronaldo 097 Ronaldinho
614927628638797824, 2718193384, 2015-06-27T22:45:46.000Z, Most matches with #Brazil  142 Cafú 125 Roberto Carlos 105 Lúcio 101 Taffarel 099 ROBINHO 098 Djalma Santos and Ronaldo 097 Ronaldinho"
614927645868990464, 314047517, 2015-06-27T22:45:50.000Z, RT @2010MisterChip: Más partidos con #Brasil 142 Cafú 125 Roberto Carlos 105 Lúcio 101 Taffarel 099 ROBINHO 098 Djalma Santos y Ronaldo 097…
614927749241827328, 89059230, 2015-06-27T22:46:14.000Z, RT @2010MisterChip: Más partidos con #Brasil 142 Cafú 125 Roberto Carlos 105 Lúcio 101 Taffarel 099 ROBINHO 098 Djalma Santos y Ronaldo 097…
614927770389508096, 632945403, 2015-06-27T22:46:19.000Z, RT @MisterChiping: Most matches with #Brazil  142 Cafú 125 Roberto Carlos 105 Lúcio 101 Taffarel 099 ROBINHO 098 Djalma Santos and Ronaldo …
614927802874335233, 122712600, 2015-06-27T22:46:27.000Z, RT @2010MisterChip: Más partidos con #Brasil 142 Cafú 125 Roberto Carlos 105 Lúcio 101 Taffarel 099 ROBINHO 098 Djalma Santos y Ronaldo 097…
614927945774141440, 828190550, 2015-06-27T22:47:01.000Z, RT @FutboolFlchajes: Más partidos con #Brasil 142 Cafú 125 Roberto Carlos 105 Lúcio 101 Taffarel 99 ROBINHO   [Via @2010MisterChip] http://…
614927999973072901, 118124033, 2015-06-27T22:47:14.000Z, RT @2010MisterChip: Más partidos con #Brasil 142 Cafú 125 Roberto Carlos 105 Lúcio 101 Taffarel 099 ROBINHO 098 Djalma Santos y Ronaldo 097…
614928064317943808, 2886148121, 2015-06-27T22:47:30.000Z, RT @FutboolFlchajes: Más partidos con #Brasil 142 Cafú 125 Roberto Carlos 105 Lúcio 101 Taffarel 99 ROBINHO   [Via @2010MisterChip] http://…
614928112808271872, 2347105863, 2015-06-27T22:47:41.000Z, RT @2010MisterChip: Más partidos con #Brasil 142 Cafú 125 Roberto Carlos 105 Lúcio 101 Taffarel 099 ROBINHO 098 Djalma Santos y Ronaldo 097…
614928162036797440, 1315507676, 2015-06-27T22:47:53.000Z, RT @2010MisterChip: Más partidos con #Brasil 142 Cafú 125 Roberto Carlos 105 Lúcio 101 Taffarel 099 ROBINHO 098 Djalma Santos y Ronaldo 097…
614928206798307328, 595026343, 2015-06-27T22:48:03.000Z, RT @2010MisterChip: Más partidos con #Brasil 142 Cafú 125 Roberto Carlos 105 Lúcio 101 Taffarel 099 ROBINHO 098 Djalma Santos y Ronaldo 097…
614928315418284032, 155524579, 2015-06-27T22:48:29.000Z, RT @2010MisterChip: Más partidos con #Brasil 142 Cafú 125 Roberto Carlos 105 Lúcio 101 Taffarel 099 ROBINHO 098 Djalma Santos y Ronaldo 097…
614928440429572100, 560481599, 2015-06-27T22:48:59.000Z, RT @FutboolFlchajes: Más partidos con #Brasil 142 Cafú 125 Roberto Carlos 105 Lúcio 101 Taffarel 99 ROBINHO   [Via @2010MisterChip] http://…
614928583203487744, 2164386610, 2015-06-27T22:49:33.000Z, RT @2010MisterChip: Más partidos con #Brasil 142 Cafú 125 Roberto Carlos 105 Lúcio 101 Taffarel 099 ROBINHO 098 Djalma Santos y Ronaldo 097…
614928652178956288, 204512670, 2015-06-27T22:49:50.000Z, RT @2010MisterChip: Más partidos con #Brasil 142 Cafú 125 Roberto Carlos 105 Lúcio 101 Taffarel 099 ROBINHO 098 Djalma Santos y Ronaldo 097…
614928725528854528, 418273788, 2015-06-27T22:50:07.000Z, RT @2010MisterChip: Más partidos con #Brasil 142 Cafú 125 Roberto Carlos 105 Lúcio 101 Taffarel 099 ROBINHO 098 Djalma Santos y Ronaldo 097…
614928763831193600, 51044670, 2015-06-27T22:50:16.000Z, Most matches with  #Brazil  142 Cafú 125 Roberto Carlos 105 Lúcio 101 Taffarel 099 ROBINHO 098 Djalma Santos and Ronaldo 097 Ronaldinho
614928775692840962, 174352184, 2015-06-27T22:50:19.000Z, RT @2010MisterChip: Más partidos con #Brasil 142 Cafú 125 Roberto Carlos 105 Lúcio 101 Taffarel 099 ROBINHO 098 Djalma Santos y Ronaldo 097…
614928955234209792, 157161198, 2015-06-27T22:51:02.000Z, RT @2010MisterChip: Más partidos con #Brasil 142 Cafú 125 Roberto Carlos 105 Lúcio 101 Taffarel 099 ROBINHO 098 Djalma Santos y Ronaldo 097…
614928967376719876, 111971227, 2015-06-27T22:51:05.000Z, RT @2010MisterChip: Más partidos con #Brasil 142 Cafú 125 Roberto Carlos 105 Lúcio 101 Taffarel 099 ROBINHO 098 Djalma Santos y Ronaldo 097…
614928978088996864, 247542139, 2015-06-27T22:51:07.000Z, RT @AhmedAbdouMoha: Most matches with  #Brazil  142 Cafú 125 Roberto Carlos 105 Lúcio 101 Taffarel 099 ROBINHO 098 Djalma Santos and Ronald…
614928990738993152, 100140358, 2015-06-27T22:51:10.000Z, RT @2010MisterChip: Más partidos con #Brasil 142 Cafú 125 Roberto Carlos 105 Lúcio 101 Taffarel 099 ROBINHO 098 Djalma Santos y Ronaldo 097…
614929026831020032, 887128549, 2015-06-27T22:51:19.000Z, RT @2010MisterChip: Más partidos con #Brasil 142 Cafú 125 Roberto Carlos 105 Lúcio 101 Taffarel 099 ROBINHO 098 Djalma Santos y Ronaldo 097…
614929057784827904, 2429515689, 2015-06-27T22:51:26.000Z, RT @AhmedAbdouMoha: Most matches with  #Brazil  142 Cafú 125 Roberto Carlos 105 Lúcio 101 Taffarel 099 ROBINHO 098 Djalma Santos and Ronald…
614929211334103040, 2509503022, 2015-06-27T22:52:03.000Z, RT @2010MisterChip: Más partidos con #Brasil 142 Cafú 125 Roberto Carlos 105 Lúcio 101 Taffarel 099 ROBINHO 098 Djalma Santos y Ronaldo 097…
614929227868176384, 398252767, 2015-06-27T22:52:07.000Z, RT @2010MisterChip: Más partidos con #Brasil 142 Cafú 125 Roberto Carlos 105 Lúcio 101 Taffarel 099 ROBINHO 098 Djalma Santos y Ronaldo 097…
614929624208941056, 2700814445, 2015-06-27T22:53:41.000Z, RT @2010MisterChip: Más partidos con #Brasil 142 Cafú 125 Roberto Carlos 105 Lúcio 101 Taffarel 099 ROBINHO 098 Djalma Santos y Ronaldo 097…
614929680429412352, 207714703, 2015-06-27T22:53:55.000Z, Más partidos con #Brasil  142 Cafú  125 Roberto Carlos  105 Lúcio  101 Taffarel  099 ROBINHO  098 Djalma Santos y Ronaldo  097 Ronaldinho
614929711072956416, 92607632, 2015-06-27T22:54:02.000Z, RT @2010MisterChip: Más partidos con #Brasil 142 Cafú 125 Roberto Carlos 105 Lúcio 101 Taffarel 099 ROBINHO 098 Djalma Santos y Ronaldo 097…
614929865255583745, 208807219, 2015-06-27T22:54:39.000Z, RT @2010MisterChip: Más partidos con #Brasil 142 Cafú 125 Roberto Carlos 105 Lúcio 101 Taffarel 099 ROBINHO 098 Djalma Santos y Ronaldo 097…
614929932079210496, 156827866, 2015-06-27T22:54:55.000Z, RT @2010MisterChip: Más partidos con #Brasil 142 Cafú 125 Roberto Carlos 105 Lúcio 101 Taffarel 099 ROBINHO 098 Djalma Santos y Ronaldo 097…
614929944590716928, 1332239978, 2015-06-27T22:54:58.000Z, RT @2010MisterChip: Más partidos con #Brasil 142 Cafú 125 Roberto Carlos 105 Lúcio 101 Taffarel 099 ROBINHO 098 Djalma Santos y Ronaldo 097…
614930315719634944, 2981124682, 2015-06-27T22:56:26.000Z, @csguimaraes de 2005 tinha Dida,Cafu,Lúcio,Juan,Roberto C.,G. Silva,Zé R.,Kaka,Ronaldinho,Robinho e Adriano
614930417406226432, 96447297, 2015-06-27T22:56:51.000Z, RT @2010MisterChip: Más partidos con #Brasil 142 Cafú 125 Roberto Carlos 105 Lúcio 101 Taffarel 099 ROBINHO 098 Djalma Santos y Ronaldo 097…
614930570842374145, 970347408, 2015-06-27T22:57:27.000Z, RT @2010MisterChip: Más partidos con #Brasil 142 Cafú 125 Roberto Carlos 105 Lúcio 101 Taffarel 099 ROBINHO 098 Djalma Santos y Ronaldo 097…
614930592979771392, 149678288, 2015-06-27T22:57:32.000Z, RT @2010MisterChip: Más partidos con #Brasil 142 Cafú 125 Roberto Carlos 105 Lúcio 101 Taffarel 099 ROBINHO 098 Djalma Santos y Ronaldo 097…
614930623761907712, 156395065, 2015-06-27T22:57:40.000Z, RT @2010MisterChip: Más partidos con #Brasil 142 Cafú 125 Roberto Carlos 105 Lúcio 101 Taffarel 099 ROBINHO 098 Djalma Santos y Ronaldo 097…
614930803689168896, 708004378, 2015-06-27T22:58:23.000Z, RT @MisterChiping: Most matches with #Brazil  142 Cafú 125 Roberto Carlos 105 Lúcio 101 Taffarel 099 ROBINHO 098 Djalma Santos and Ronaldo …
614930812614545408, 145716297, 2015-06-27T22:58:25.000Z, RT @2010MisterChip: Más partidos con #Brasil 142 Cafú 125 Roberto Carlos 105 Lúcio 101 Taffarel 099 ROBINHO 098 Djalma Santos y Ronaldo 097…
614930913374392322, 1465173566, 2015-06-27T22:58:49.000Z, RT @FutboolFlchajes: Más partidos con #Brasil 142 Cafú 125 Roberto Carlos 105 Lúcio 101 Taffarel 99 ROBINHO   [Via @2010MisterChip] http://…
614931198637404160, 1251941707, 2015-06-27T22:59:57.000Z, RT @2010MisterChip: Más partidos con #Brasil 142 Cafú 125 Roberto Carlos 105 Lúcio 101 Taffarel 099 ROBINHO 098 Djalma Santos y Ronaldo 097…
614931248289566721, 297528936, 2015-06-27T23:00:09.000Z, RT @MisterChiping: Most matches with #Brazil  142 Cafú 125 Roberto Carlos 105 Lúcio 101 Taffarel 099 ROBINHO 098 Djalma Santos and Ronaldo …
614931403470413824, 67214950, 2015-06-27T23:00:46.000Z, RT @2010MisterChip: Más partidos con #Brasil 142 Cafú 125 Roberto Carlos 105 Lúcio 101 Taffarel 099 ROBINHO 098 Djalma Santos y Ronaldo 097…
614931816181428224, 937994251, 2015-06-27T23:02:24.000Z, RT @2010MisterChip: Más partidos con #Brasil 142 Cafú 125 Roberto Carlos 105 Lúcio 101 Taffarel 099 ROBINHO 098 Djalma Santos y Ronaldo 097…
614931901091065858, 2154420909, 2015-06-27T23:02:44.000Z, RT @2010MisterChip: Más partidos con #Brasil 142 Cafú 125 Roberto Carlos 105 Lúcio 101 Taffarel 099 ROBINHO 098 Djalma Santos y Ronaldo 097…
614932140942233600, 618805724, 2015-06-27T23:03:41.000Z, RT @2010MisterChip: Más partidos con #Brasil 142 Cafú 125 Roberto Carlos 105 Lúcio 101 Taffarel 099 ROBINHO 098 Djalma Santos y Ronaldo 097…
614932221028339712, 53936897, 2015-06-27T23:04:01.000Z, RT @2010MisterChip: Más partidos con #Brasil 142 Cafú 125 Roberto Carlos 105 Lúcio 101 Taffarel 099 ROBINHO 098 Djalma Santos y Ronaldo 097…
614932291186507776, 517782615, 2015-06-27T23:04:17.000Z, RT @2010MisterChip: Más partidos con #Brasil 142 Cafú 125 Roberto Carlos 105 Lúcio 101 Taffarel 099 ROBINHO 098 Djalma Santos y Ronaldo 097…
614932375718354944, 283774383, 2015-06-27T23:04:37.000Z, RT @2010MisterChip: Más partidos con #Brasil 142 Cafú 125 Roberto Carlos 105 Lúcio 101 Taffarel 099 ROBINHO 098 Djalma Santos y Ronaldo 097…
614932429636247552, 2338471073, 2015-06-27T23:04:50.000Z, RT @FutboolFlchajes: Más partidos con #Brasil 142 Cafú 125 Roberto Carlos 105 Lúcio 101 Taffarel 99 ROBINHO   [Via @2010MisterChip] http://…
614932676609503232, 267405236, 2015-06-27T23:05:49.000Z, Dida, Cafu , Lucio, Juan, Roberto Carlos, Juninho  , ze roberto, RONALDINHO, KAKA, RONALDO Y ADRIANO(robinho) como ha cambiado brasil..
614932838698352640, 191966644, 2015-06-27T23:06:28.000Z, RT @2010MisterChip: Más partidos con #Brasil 142 Cafú 125 Roberto Carlos 105 Lúcio 101 Taffarel 099 ROBINHO 098 Djalma Santos y Ronaldo 097…
614933235626217472, 480784786, 2015-06-27T23:08:02.000Z, RT @2010MisterChip: Más partidos con #Brasil 142 Cafú 125 Roberto Carlos 105 Lúcio 101 Taffarel 099 ROBINHO 098 Djalma Santos y Ronaldo 097…
614933639923695617, 3065027134, 2015-06-27T23:09:39.000Z, RT @MisterChiping: Most matches with #Brazil  142 Cafú 125 Roberto Carlos 105 Lúcio 101 Taffarel 099 ROBINHO 098 Djalma Santos and Ronaldo …
614933856857292801, 315893845, 2015-06-27T23:10:31.000Z, RT @2010MisterChip: Más partidos con #Brasil 142 Cafú 125 Roberto Carlos 105 Lúcio 101 Taffarel 099 ROBINHO 098 Djalma Santos y Ronaldo 097…
614934315869294600, 210156781, 2015-06-27T23:12:20.000Z, Kaka ,Ronaldinho,Ronaldo,Adriano,Roberto Carlos,Lúcio,Juan,Dida, saudades,saudades
614934610900750337, 2781665172, 2015-06-27T23:13:30.000Z, RT @MisterChiping: Most matches with #Brazil  142 Cafú 125 Roberto Carlos 105 Lúcio 101 Taffarel 099 ROBINHO 098 Djalma Santos and Ronaldo …
614934798981857280, 241914343, 2015-06-27T23:14:15.000Z, RT @MisterChiping: Most matches with #Brazil  142 Cafú 125 Roberto Carlos 105 Lúcio 101 Taffarel 099 ROBINHO 098 Djalma Santos and Ronaldo …
614934834419507200, 210191398, 2015-06-27T23:14:24.000Z, RT @2010MisterChip: Más partidos con #Brasil 142 Cafú 125 Roberto Carlos 105 Lúcio 101 Taffarel 099 ROBINHO 098 Djalma Santos y Ronaldo 097…
614934932297748480, 336692103, 2015-06-27T23:14:47.000Z, RT @2010MisterChip: Más partidos con #Brasil 142 Cafú 125 Roberto Carlos 105 Lúcio 101 Taffarel 099 ROBINHO 098 Djalma Santos y Ronaldo 097…
614935255653425153, 149267505, 2015-06-27T23:16:04.000Z, Juan, Lucio, Cafu e Roberto Carlos, parece miragem 😂😂
614935346619400192, 609317139, 2015-06-27T23:16:26.000Z, 1. Dida 2. Cafu 3. Lúcio 4. Juan 5. Gilberto Silva 6. Roberto Carlos 7. Zé Roberto 8. Kaka 9. Ronaldo 10.... http://t.co/olM7OKXV1i
614935592372191232, 3204618244, 2015-06-27T23:17:24.000Z, RT @2010MisterChip: Más partidos con #Brasil 142 Cafú 125 Roberto Carlos 105 Lúcio 101 Taffarel 099 ROBINHO 098 Djalma Santos y Ronaldo 097…
614935840528199680, 2876573326, 2015-06-27T23:18:23.000Z, RT @2010MisterChip: Más partidos con #Brasil 142 Cafú 125 Roberto Carlos 105 Lúcio 101 Taffarel 099 ROBINHO 098 Djalma Santos y Ronaldo 097…
614936285225070592, 498556176, 2015-06-27T23:20:10.000Z, Dida, Cafú, Lucio, Juan, Roberto Carlos, Ze Roberto, Emerson, Ronaldinho, Kaká, Ronaldo, Adriano. 😥
614936289046040576, 249719386, 2015-06-27T23:20:10.000Z, Marcos, Cafu, Roque Jr., Lucio, Roberto Carlos, Edimilson, Gilberto Silva, Ronaldinho Gaucho, Rivaldo e Ronaldo. Isso sim era Seleção.
614936496823533568, 129049775, 2015-06-27T23:21:00.000Z, volta ronaldinho volta fenômeno volta adriano volta kaka volta roberto carlos volta lucio volta juan volta 2002
614936602138312704, 329500044, 2015-06-27T23:21:25.000Z, RT @otprurr: volta ronaldinho volta fenômeno volta adriano volta kaka volta roberto carlos volta lucio volta juan volta 2002
614936606445830144, 2427624398, 2015-06-27T23:21:26.000Z, RT @otprurr: volta ronaldinho volta fenômeno volta adriano volta kaka volta roberto carlos volta lucio volta juan volta 2002
614936760800444416, 1418570785, 2015-06-27T23:22:03.000Z, RT @otprurr: volta ronaldinho volta fenômeno volta adriano volta kaka volta roberto carlos volta lucio volta juan volta 2002
614937320790343680, 56925806, 2015-06-27T23:24:16.000Z, RT @cristianelgumy: Dida, Cafú, Lucio, Juan, Roberto Carlos, Ze Roberto, Emerson, Ronaldinho, Kaká, Ronaldo, Adriano. 😥
614937369284734976, 72642015, 2015-06-27T23:24:28.000Z, RT @2010MisterChip: Más partidos con #Brasil 142 Cafú 125 Roberto Carlos 105 Lúcio 101 Taffarel 099 ROBINHO 098 Djalma Santos y Ronaldo 097…
614937400087814144, 2578721521, 2015-06-27T23:24:35.000Z, Julio cesar. Cafu. Roberto carlos. Lucio. Elano. Kaka. Robinho. Ronaldinho. Ronaldo. Adriano. Maicon. Murio futbolisticamente brasil bldo...
614937931141226497, 59316730, 2015-06-27T23:26:42.000Z, cobradores do brasil: ronaldo lúcio kaká zé roberto adriano imperador  (imagina que loko)
614938073080721412, 2582706498, 2015-06-27T23:27:16.000Z, Dida; Cafu, Lucio, Roque Junior, Roberto Carlos; Gilberto Silva, Kaka, Dinho, Ze Roberto; Adriano, Ronaldo y +. Donde quedaron esos nombres?
614938414488645633, 39264802, 2015-06-27T23:28:37.000Z, RT @sludgefact0ry: cobradores do brasil: ronaldo lúcio kaká zé roberto adriano imperador  (imagina que loko)
614939409276928000, 454808103, 2015-06-27T23:32:34.000Z, Volta Adriano,Ronaldo,Ronaldinho,Rivaldo, Cafu, Roberto Carlos, roque Jr, Lucio,Romário, Bebeto ....
614939577623539712, 1019350981, 2015-06-27T23:33:14.000Z, RT @MisterChiping: Most matches with #Brazil  142 Cafú 125 Roberto Carlos 105 Lúcio 101 Taffarel 099 ROBINHO 098 Djalma Santos and Ronaldo …
614939759920685056, 1222658784, 2015-06-27T23:33:58.000Z, un tempo c'erano Kakà, Roberto Carlos, Ronaldo, Rivaldo, Ronaldinho, Lucio e altri...ora il nulla...
614939836340928512, 354458990, 2015-06-27T23:34:16.000Z, Saudade Brasil que tinha Ronaldo, Ronaldinho, Adriano, Rivaldo, Kaká, Lúcio, Roberto Carlos etc
614940161198157824, 466677692, 2015-06-27T23:35:34.000Z, RT @GabrielTaylor_: Saudade Brasil que tinha Ronaldo, Ronaldinho, Adriano, Rivaldo, Kaká, Lúcio, Roberto Carlos etc
614940271294464001, 267962979, 2015-06-27T23:36:00.000Z, Este Brasil...... Como extrañamos a Ronaldo, Ronaldinho, Kaka, Roberto Carlos, Lucio. Etc etc etc....
614940658374209536, 362848046, 2015-06-27T23:37:32.000Z, Ronaldo, Ronaldinho, Cafú, Roberto Carlos, Lúcio, Kaká, Rivaldo, Bebeto, Dida...qué manera de hacerse extrañar. #BRA
614940676036255745, 367044858, 2015-06-27T23:37:36.000Z, Dida cafu roberto carlos roque junior lucio emerson edu rivaldo ronaldinho kaka ronaldo RT @yusufspriadi: @SulthonMusa dongo
614940723264258048, 2917859333, 2015-06-27T23:37:48.000Z, RT @CorbalanTomy: Dida; Cafu, Lucio, Roque Junior, Roberto Carlos; Gilberto Silva, Kaka, Dinho, Ze Roberto; Adriano, Ronaldo y +. Donde que…
614940811608891392, 66695159, 2015-06-27T23:38:09.000Z, Vaya vergüenza da esta Brasil cuando no hace mucho juntaban a los: Roberto Carlos, Cafú, Lucio, Kaká, Ronaldo, Rivaldo, Ronaldinho,...
614940984074481665, 1413313975, 2015-06-27T23:38:50.000Z, Vuelvannnn: Dida, Cafu, Lucio, Alex, Roberto Carlos, Gilverto silva, Kaka, Ronaldinho, Ronaldo Adriano y Robinho.
614941139016253440, 412380634, 2015-06-27T23:39:27.000Z, RT @2010MisterChip: Más partidos con #Brasil 142 Cafú 125 Roberto Carlos 105 Lúcio 101 Taffarel 099 ROBINHO 098 Djalma Santos y Ronaldo 097…
614941332692443136, 329953223, 2015-06-27T23:40:13.000Z, RT @2010MisterChip: Más partidos con #Brasil 142 Cafú 125 Roberto Carlos 105 Lúcio 101 Taffarel 099 ROBINHO 098 Djalma Santos y Ronaldo 097…
614941386123681793, 2504701008, 2015-06-27T23:40:26.000Z, RT @2010MisterChip: Más partidos con #Brasil 142 Cafú 125 Roberto Carlos 105 Lúcio 101 Taffarel 099 ROBINHO 098 Djalma Santos y Ronaldo 097…
614941426779049984, 35561535, 2015-06-27T23:40:35.000Z, Apuremos la clonación, Brasil necesita clonar a Dida, Cafu, Ronaldinho, Rivaldo, Ronaldo, Lucio, Ze Roberto, Juninho, Kaka, Roberto Carlos
614941502465306624, 466723443, 2015-06-27T23:40:53.000Z, Nada que ver el Brasil de antes, con Kaká, Ronaldinho, Ronaldo, Adriano,  Cafú, Lucio, Juan, Robinho, Dida, Roberto Carlos, Baptista, MAMITA
614941507850764288, 1613525006, 2015-06-27T23:40:55.000Z, Marcos; Cafu, Lúcio, Juan, Edmílson, Roberto Carlos; Gilberto Silva, Kléberson, Ronaldinho Gaúcho, Rivaldo e Ronaldo.
614941548682346496, 277037356, 2015-06-27T23:41:04.000Z, Esperando Marcos; Lúcio, Roque Júnior Edmílson; Cafu, Gilberto Silva,Kléberson, Ronaldinho, Rivaldo ,Roberto Carlos e  Ronaldo voltarem --"
614941716450279424, 1400316020, 2015-06-27T23:41:44.000Z, Marcos; Roberto Carlos; Lúcio; Roque Júnior; Cafú; Edmílson; Gilberto Silva; Kléberson; Ronaldinho; Ronaldo; Rivaldo. Terrible equipo.
614941721189842944, 324661487, 2015-06-27T23:41:46.000Z, Seleção não tem mais time, jamais serão como Ronaldo, Ronaldinho, Rivaldo, Roberto Carlos, Cafú, Kaká, Lúcio e cia...
614941781659099136, 2331313707, 2015-06-27T23:42:00.000Z, Pensar que Brasil hace 10 años daba miedo,con tantos crack como Kaka,Adriano,Ronaldo,Ronaldinho,Cafu,Roberto Carlos,Dida,Lucio y mas...
614941864429518848, 1473910748, 2015-06-27T23:42:20.000Z, adriano ronaldinho kaka roberto carlos robinho ronaldo juninho gilberto silva cafu lucio cicinho romario rivaldo bebeto dida, eso era brasil
614941864890892288, 188990223, 2015-06-27T23:42:20.000Z, Que vuelva el gordo, el emperador, dinho, lucio, kaka, Roberto Carlos... todos estos en muletas juegan mejor https://t.co/59rL2IVxpI
614941895924535296, 390428286, 2015-06-27T23:42:27.000Z, Me acuerdo cuando en Brasil estaban dida, cafu, lucio, roberto carlos, ronaldinho, y los que estan ahora, una locura 😱
614942014396833792, 30140733, 2015-06-27T23:42:55.000Z, Saudades Kaká, Ronaldinho, Ronaldo, Roberto Carlos, Cafú, Lúcio, Ruan, Dida... Saudades seleção de 2002 😿
614942068650209280, 2986684173, 2015-06-27T23:43:08.000Z, Kaka . fenômeno . Ronaldinho gaúcho . Roberto Carlos . cafú . Lucio . Adriano . como fazem falta mano .. Q sdd deles 😭
614942074614493184, 120374269, 2015-06-27T23:43:10.000Z, Dida, Cafú, Lucio, Juan, Roberto Carlos, Emerson, Zé Roberto, Kaká, Ronaldinho, Ronaldo, Adriano.
614942164963999745, 81126510, 2015-06-27T23:43:31.000Z, RT @2010MisterChip: Más partidos con #Brasil 142 Cafú 125 Roberto Carlos 105 Lúcio 101 Taffarel 099 ROBINHO 098 Djalma Santos y Ronaldo 097…
614942564072996864, 2878443052, 2015-06-27T23:45:07.000Z, RT @2010MisterChip: Más partidos con #Brasil 142 Cafú 125 Roberto Carlos 105 Lúcio 101 Taffarel 099 ROBINHO 098 Djalma Santos y Ronaldo 097…
614942666313367554, 251809983, 2015-06-27T23:45:31.000Z, Plena que esta selección de Brasil da lástima comparada con la de Ronaldo, Ronaldinho, Adriano, Dida, Cafú, Rivaldo, Roberto Carlos y Lucio
614942746323910656, 2857420222, 2015-06-27T23:45:50.000Z, Sdd do RONALDINHO, ADRIANO, KAKÁ, RONALDO, ROBERTO CARLOS, RIVALDO, DIDA,  LUCIO, isso sim era uma seleção de verdade..
614942748886585344, 545505762, 2015-06-27T23:45:51.000Z, RT @2010MisterChip: Más partidos con #Brasil 142 Cafú 125 Roberto Carlos 105 Lúcio 101 Taffarel 099 ROBINHO 098 Djalma Santos y Ronaldo 097…
614942770185244672, 483094855, 2015-06-27T23:45:56.000Z, Brasil só falta , Ronaldo, Ronaldinho Gaúcho, rivaldo, kaka, roberto carlos, tavarel, Ramires , Adriano, Luis Fabiano,Lucio!
614942857690939392, 41405384, 2015-06-27T23:46:17.000Z, "@fudgie8: Ronaldo, Rivaldo, Ronaldinho, Roberto Carlos, Gilberto Silva, Cafu, Lucio, Juninho etc etc etc"😔
614942906521120768, 219134460, 2015-06-27T23:46:28.000Z, eu ja assisti seleção com Ronaldinho, Kaka, Ronaldo, Adriano, Lucio, Roberto Carlos... agora tem Firmino, Costa, Everton Ribeiro! TNC
614942916352606208, 309663452, 2015-06-27T23:46:31.000Z, Que vuelva la Brasil de Ronaldo, Adriano, Ronaldinho, Lucio, Roberto Carlos, Cafu, Dida, Kaka, Ze Roberto, Gilberto Silva... ESO ERA BRASIL🙏
614943072527515648, 205305813, 2015-06-27T23:47:08.000Z, "Dida, Cafu, Lúcio, Juan e R. Carlos. Emerson, Zé Roberto, Kaká e Ronaldinho. Adriano e Ronaldo..." Saudades... #BRA
614943217553965058, 346660959, 2015-06-27T23:47:42.000Z, RT @Alexmarchamalo7: Que vuelva la Brasil de Ronaldo, Adriano, Ronaldinho, Lucio, Roberto Carlos, Cafu, Dida, Kaka, Ze Roberto, Gilberto Si…
614943278501363712, 74883793, 2015-06-27T23:47:57.000Z, RT @2010MisterChip: Más partidos con #Brasil 142 Cafú 125 Roberto Carlos 105 Lúcio 101 Taffarel 099 ROBINHO 098 Djalma Santos y Ronaldo 097…
614943458382467072, 70182471, 2015-06-27T23:48:40.000Z, Marcos, Cafú, Juan, Lúcio, Roberto Carlos; Edmílson, Gilberto Silva, Kleberson; Ronaldinho, Rivaldo e Ronaldo. Saudades seleção 2002.
614943660166279169, 312837534, 2015-06-27T23:49:28.000Z, Más partidos con #Brasil 142 Cafú 125 Roberto Carlos 105 Lúcio 101 Taffarel 099 ROBINHO 098 Djalma Santos y Ronaldo 097 Ronaldinho
614943670299664385, 405775265, 2015-06-27T23:49:30.000Z, De Lúcio a Thiago Silva, de Roberto Carlos a Filipe Luís,de Cafu a Daniel Alves, de Gilberto Silva a Elias,de Ronaldo a Firmino e por aí vai
614943702709084160, 160048925, 2015-06-27T23:49:38.000Z, Saudades!  Marcos Lúcio Edmílson Roque Júnior Cafu Gilberto Silva Kléberson Roberto Carlos Ronaldinho Rivaldo Ronaldo http://t.co/9hZu2Kr8cc
614943716617416711, 474452679, 2015-06-27T23:49:41.000Z, RT @2010MisterChip: Más partidos con #Brasil 142 Cafú 125 Roberto Carlos 105 Lúcio 101 Taffarel 099 ROBINHO 098 Djalma Santos y Ronaldo 097…
614944024663736320, 1415464704, 2015-06-27T23:50:55.000Z, RT @2010MisterChip: Más partidos con #Brasil 142 Cafú 125 Roberto Carlos 105 Lúcio 101 Taffarel 099 ROBINHO 098 Djalma Santos y Ronaldo 097…
614944169472229376, 308856387, 2015-06-27T23:51:29.000Z, @MotivacionesF  Dida, Adriano , Lució, Juan, Cafu, Ronaldinho, Ze Roberto, Kaka, Roberto Carlos, Ronaldo equipaso!!
614944326938947592, 68823222, 2015-06-27T23:52:07.000Z, Ronaldo, Ronaldinho, Kaka, Roberto Carlos, Cafu, Lucio, Tafarel e tantos outros... puta saudade mas não vejo esperança pra seleção tão cedo
614944407100522496, 974640164, 2015-06-27T23:52:26.000Z, @ivarno_xx La bonne époque ... Kaka Ze Roberto , R Carlos , R10 , R9 ,R70, Lucio , Cafu , Adriano etc ... Rien a voir avec mnt
614944449785954311, 167495049, 2015-06-27T23:52:36.000Z, RT @2010MisterChip: Más partidos con #Brasil 142 Cafú 125 Roberto Carlos 105 Lúcio 101 Taffarel 099 ROBINHO 098 Djalma Santos y Ronaldo 097…
614944531331608576, 153440590, 2015-06-27T23:52:56.000Z, RT @2010MisterChip: Más partidos con #Brasil 142 Cafú 125 Roberto Carlos 105 Lúcio 101 Taffarel 099 ROBINHO 098 Djalma Santos y Ronaldo 097…
614944630795169793, 66451795, 2015-06-27T23:53:19.000Z, Not to mention Cafu, Lucio, Ze Roberto and Juninho @GeniusFootball: Once upon a time in Brazil... http://t.co/2NapLTnl9K"
614944713725116416, 1706122194, 2015-06-27T23:53:39.000Z, Que estarán diciendo? Pele ,Ronaldo ,Ronaldinho ,Zico ,Rivelinho ,Lucio,Roberto Carlos, Cafu y Kaka??
614944715734151168, 608489389, 2015-06-27T23:53:40.000Z, RT @2010MisterChip: Más partidos con #Brasil 142 Cafú 125 Roberto Carlos 105 Lúcio 101 Taffarel 099 ROBINHO 098 Djalma Santos y Ronaldo 097…
614944758851600384, 99982103, 2015-06-27T23:53:50.000Z, Los mejores defensas de los que vi: Cafu, Luisâo, Lúcio y Roberto Carlos. #BRA
614944880356388864, 84363819, 2015-06-27T23:54:19.000Z, RT @2010MisterChip: Más partidos con #Brasil 142 Cafú 125 Roberto Carlos 105 Lúcio 101 Taffarel 099 ROBINHO 098 Djalma Santos y Ronaldo 097…
614945009838759936, 64742612, 2015-06-27T23:54:50.000Z, @PsymonRos Dida, Lucio, Adriano, Juan, Emerson, Cafú, Roberto Carlos, Ze Roberto, Kaká, Ronaldo y Ronaldinho. Tremendo.
614945147005071361, 199096687, 2015-06-27T23:55:22.000Z, @FutboolFichajes dida cafu lucio juan r carlos emerson ze roberto kaka ronaldinho adriano y ronaldo espectacular
614945189870895104, 110916292, 2015-06-27T23:55:33.000Z, @_4mich @MotivacionesF Dida, Adriano, Lucio, Juan, Emerson, Cafú, Ronaldinho, Ze Roberto, Kaká, Roberto Carlos y Ronaldo... EQUIPAZO.
614945306246049792, 40066625, 2015-06-27T23:56:00.000Z, Dida, Adriano, Lucio, Juan, Emerson, Cafu, Dinho, Ze Roberto, Kaka, Roberto Carlos y Ronaldo Nazario. https://t.co/Ux4KBLvec7
614945366052634624, 152125700, 2015-06-27T23:56:15.000Z, @MotivacionesF Dida, Adriano, Lucio, Juan, Emerson, cafu, Ronaldinho, ze roberto, kaka, Roberto carlos, ronaldo.
614945576472461312, 2446392158, 2015-06-27T23:57:05.000Z, RT @BrandonElMecha1: Pensar que Brasil hace 10 años daba miedo,con tantos crack como Kaka,Adriano,Ronaldo,Ronaldinho,Cafu,Roberto Carlos,Di…
614946531247001600, 328852536, 2015-06-28T00:00:52.000Z, #Bra só tem Neymar. Saudades daquela seleção cheia de craques. Os R's. Ronaldo, Ronaldinho, Rivaldo, Roberto Carlos. Além de Kaká e Lucio.
614946679368847360, 1257363043, 2015-06-28T00:01:28.000Z, Brasil ha pasado de los Dida, Cafú, Lucio, Roberto Carlos, Kaká, Ronaldinho, Ronaldo, Rivaldo... (+)
614947347768954882, 51440774, 2015-06-28T00:04:07.000Z, Marcos; Lúcio, Roque Júnior e Edmílson; Cafu, Gilberto Silva, Kléberson, Ronaldinho e Roberto Carlos; Rivaldo e Ronaldo. Saudades.
614947911554740224, 634364055, 2015-06-28T00:06:21.000Z, RT @2010MisterChip: Más partidos con #Brasil 142 Cafú 125 Roberto Carlos 105 Lúcio 101 Taffarel 099 ROBINHO 098 Djalma Santos y Ronaldo 097…
614948498757283840, 1491448819, 2015-06-28T00:08:41.000Z, RT @BrandonElMecha1: Pensar que Brasil hace 10 años daba miedo,con tantos crack como Kaka,Adriano,Ronaldo,Ronaldinho,Cafu,Roberto Carlos,Di…
614948773794594817, 486173675, 2015-06-28T00:09:47.000Z, CAFU, LUCIO, ROQUE JR, ROBERTO CARLOS, EDMILSON DE VOLANTE, GILBERTO SILVA,OLHA Q MARAVILHA
614948863993057280, 2664753714, 2015-06-28T00:10:09.000Z, dida  cafu      lucio       juan        r.carlos   g.silva        kaka  juninho      ze roberto ronaldo              ronaldinho
614949321528709120, 1015972446, 2015-06-28T00:11:58.000Z, Otros como : Dida,Cafu,Adriano,Ronaldo,ronaldinho,Lucio,juan,roberto carlos,kaka. No otros igual.
614949567428214784, 90456419, 2015-06-28T00:12:56.000Z, El Brasil de Dida, Roberto carlos, Cafú, Lucio, Kaká, Ronaldinho, Adriano y Ronaldo, ese Brasil Daba miedo, Q.E.P.D El jogo bonito
614949607253143555, 1105299548, 2015-06-28T00:13:06.000Z, RT @2010MisterChip: Más partidos con #Brasil 142 Cafú 125 Roberto Carlos 105 Lúcio 101 Taffarel 099 ROBINHO 098 Djalma Santos y Ronaldo 097…
614949789436809216, 314045862, 2015-06-28T00:13:49.000Z, RT @2010MisterChip: Más partidos con #Brasil 142 Cafú 125 Roberto Carlos 105 Lúcio 101 Taffarel 099 ROBINHO 098 Djalma Santos y Ronaldo 097…
614950138524643328, 43582579, 2015-06-28T00:15:12.000Z, Marcos; Cafu, Lúcio, Roque Júnior, Roberto Carlos; Edmílson, Gilberto Silva, Kléberson; Ronaldinho Gaúcho, Rivaldo; Ronaldo.  &lt;3
614950297065103360, 243346175, 2015-06-28T00:15:50.000Z, Seleção boa era Dida Cafu Juan Lucio Roberto Carlos emerson g. Silva kaka Ronaldinho Ronaldo e Adriano
614951550985834496, 3344470438, 2015-06-28T00:20:49.000Z, Ahora si con orgullo digo que ví a Roberto Carlos, Ronaldinho, kaka, Adriano, Ronaldo, Lucio, Gilberto Silva, Cafú, etc. @DeChalaca
614952500718891008, 127757463, 2015-06-28T00:24:36.000Z, RT @2010MisterChip: Más partidos con #Brasil 142 Cafú 125 Roberto Carlos 105 Lúcio 101 Taffarel 099 ROBINHO 098 Djalma Santos y Ronaldo 097…
614952832073101312, 250433701, 2015-06-28T00:25:55.000Z, RT @Alexmarchamalo7: Que vuelva la Brasil de Ronaldo, Adriano, Ronaldinho, Lucio, Roberto Carlos, Cafu, Dida, Kaka, Ze Roberto, Gilberto Si…
614952859742777344, 759938707, 2015-06-28T00:26:01.000Z, RT @MisterChiping: Most matches with #Brazil  142 Cafú 125 Roberto Carlos 105 Lúcio 101 Taffarel 099 ROBINHO 098 Djalma Santos and Ronaldo …
614953696342974464, 303835006, 2015-06-28T00:29:21.000Z, @wendellfp Lucio, Cafu. Gilberto Silva, Roberto Carlos, Ronaldinho, Rivaldo e Ronaldo. Hj Neymar! Quer explicação ainda?
614953988950237184, 176198629, 2015-06-28T00:30:30.000Z, RT @2010MisterChip: Más partidos con #Brasil 142 Cafú 125 Roberto Carlos 105 Lúcio 101 Taffarel 099 ROBINHO 098 Djalma Santos y Ronaldo 097…
614954530220998656, 1578118358, 2015-06-28T00:32:39.000Z, Pensar que antes elegias en la play a Brasil por Ronaldinho,Kaka,Roberto Carlos,Ronaldo,Rivaldo, Cafu, Lucio, Juan,Dida &amp; hoy es feo verlo
614955858900963328, 564781618, 2015-06-28T00:37:56.000Z, RT @2010MisterChip: Más partidos con #Brasil 142 Cafú 125 Roberto Carlos 105 Lúcio 101 Taffarel 099 ROBINHO 098 Djalma Santos y Ronaldo 097…
614956085028519937, 965039414, 2015-06-28T00:38:50.000Z, Dida, Adriano, Juan, Kaka, Lucio, Cafú, Ronaldo, Ronaldinho, Ze Roberto, Roberto Carlos y Emerson. Eso si era Jogo.  https://t.co/Qh2QpElvit
614957392237842432, 148749882, 2015-06-28T00:44:02.000Z, RT @2010MisterChip: Más partidos con #Brasil 142 Cafú 125 Roberto Carlos 105 Lúcio 101 Taffarel 099 ROBINHO 098 Djalma Santos y Ronaldo 097…
614959074271174657, 571100592, 2015-06-28T00:50:43.000Z, @wendellfp Dida, Cafu, Lúcio, Juan e Roberto Carlos, Gilberto Silva, Zé Roberto, Kaka, Ronaldinho, Adriano e Ronaldo
614959412935917568, 2809768070, 2015-06-28T00:52:04.000Z, @LuisKlee_ como que se le olvida ronaldinho dida lució Roberto cCarlos cafu caca. pendejo es
614959834417528832, 353434686, 2015-06-28T00:53:44.000Z, RT @Alexmarchamalo7: Que vuelva la Brasil de Ronaldo, Adriano, Ronaldinho, Lucio, Roberto Carlos, Cafu, Dida, Kaka, Ze Roberto, Gilberto Si…
614960194305585152, 454858714, 2015-06-28T00:55:10.000Z, Ronaldinho, Dida, Cafú, Lucio, Ronaldo, Roberto Carlos, Robinho &gt;&gt;&gt;&gt;&gt;&gt;&gt;&gt;&gt;&gt;&gt;&gt;
614961584222269440, 204932325, 2015-06-28T01:00:41.000Z, RT @2010MisterChip: Más partidos con #Brasil 142 Cafú 125 Roberto Carlos 105 Lúcio 101 Taffarel 099 ROBINHO 098 Djalma Santos y Ronaldo 097…
614963387357921281, 1365740034, 2015-06-28T01:07:51.000Z, RT @2010MisterChip: Más partidos con #Brasil 142 Cafú 125 Roberto Carlos 105 Lúcio 101 Taffarel 099 ROBINHO 098 Djalma Santos y Ronaldo 097…
614969036133150721, 1034805709, 2015-06-28T01:30:18.000Z, RT @MisterChiping: Most matches with #Brazil  142 Cafú 125 Roberto Carlos 105 Lúcio 101 Taffarel 099 ROBINHO 098 Djalma Santos and Ronaldo …
614970433360760833, 2555859253, 2015-06-28T01:35:51.000Z, RT @FrancoPelle11: Pensar que antes elegias en la play a Brasil por Ronaldinho,Kaka,Roberto Carlos,Ronaldo,Rivaldo, Cafu, Lucio, Juan,Dida …
614971096425754625, 355004138, 2015-06-28T01:38:29.000Z, RT @2010MisterChip: Más partidos con #Brasil 142 Cafú 125 Roberto Carlos 105 Lúcio 101 Taffarel 099 ROBINHO 098 Djalma Santos y Ronaldo 097…
614974168786821120, 24437279, 2015-06-28T01:50:42.000Z, RT @2010MisterChip: Más partidos con #Brasil 142 Cafú 125 Roberto Carlos 105 Lúcio 101 Taffarel 099 ROBINHO 098 Djalma Santos y Ronaldo 097…
614977092283944965, 2830661823, 2015-06-28T02:02:19.000Z, RT @MisterChiping: Most matches with #Brazil  142 Cafú 125 Roberto Carlos 105 Lúcio 101 Taffarel 099 ROBINHO 098 Djalma Santos and Ronaldo …
614977241001254912, 115141670, 2015-06-28T02:02:54.000Z, RT @2010MisterChip: Más partidos con #Brasil 142 Cafú 125 Roberto Carlos 105 Lúcio 101 Taffarel 099 ROBINHO 098 Djalma Santos y Ronaldo 097…
614977541884002304, 3239690327, 2015-06-28T02:04:06.000Z, #FutbolTotalDIRECTVNo desde que se fue ronaldo ronaldinho kaka roberto carlos cafu lucio juan etc que brasil no a tenido un equipo decente
614977857085943808, 76324714, 2015-06-28T02:05:21.000Z, #FutbolTotalDIRECTVNo años luz de esa Brasil de ronaldo, kaka, Roberto Carlos, cafu, ronaldinho, lucio, dida,etc
614978747507310592, 113135341, 2015-06-28T02:08:53.000Z, RT @2010MisterChip: Más partidos con #Brasil 142 Cafú 125 Roberto Carlos 105 Lúcio 101 Taffarel 099 ROBINHO 098 Djalma Santos y Ronaldo 097…
614979147140501504, 1512404995, 2015-06-28T02:10:29.000Z, RT @FutboolFlchajes: Más partidos con #Brasil 142 Cafú 125 Roberto Carlos 105 Lúcio 101 Taffarel 99 ROBINHO   [Via @2010MisterChip] http://…
614980264100524032, 1350905696, 2015-06-28T02:14:55.000Z, RT @2010MisterChip: Más partidos con #Brasil 142 Cafú 125 Roberto Carlos 105 Lúcio 101 Taffarel 099 ROBINHO 098 Djalma Santos y Ronaldo 097…
614983014888681472, 127253384, 2015-06-28T02:25:51.000Z, RT @2010MisterChip: Más partidos con #Brasil 142 Cafú 125 Roberto Carlos 105 Lúcio 101 Taffarel 099 ROBINHO 098 Djalma Santos y Ronaldo 097…
614986121206988800, 60458043, 2015-06-28T02:38:11.000Z, RT @2010MisterChip: Más partidos con #Brasil 142 Cafú 125 Roberto Carlos 105 Lúcio 101 Taffarel 099 ROBINHO 098 Djalma Santos y Ronaldo 097…
614988753766096896, 917284789, 2015-06-28T02:48:39.000Z, RT @2010MisterChip: Más partidos con #Brasil 142 Cafú 125 Roberto Carlos 105 Lúcio 101 Taffarel 099 ROBINHO 098 Djalma Santos y Ronaldo 097…
614999214687420417, 427908964, 2015-06-28T03:30:13.000Z, RT @2010MisterChip: Más partidos con #Brasil 142 Cafú 125 Roberto Carlos 105 Lúcio 101 Taffarel 099 ROBINHO 098 Djalma Santos y Ronaldo 097…
615003806435160065, 781558640, 2015-06-28T03:48:28.000Z, RT @2010MisterChip: Más partidos con #Brasil 142 Cafú 125 Roberto Carlos 105 Lúcio 101 Taffarel 099 ROBINHO 098 Djalma Santos y Ronaldo 097…
615009343507972096, 3057964447, 2015-06-28T04:10:28.000Z, @fercarlos75 Dida, Roberto Carlos,  cafu, Juan, lució, gilberto silva, Emerson, kaka, ronaldinho, adriano y Ronaldo #Brasil
615025158621757440, 857266189, 2015-06-28T05:13:19.000Z, Xuzo Brasil ya no es Brasil .......q regresen esos ...Dida.. Caffu...Lucio...Juan...Roberto Carlos Ze Roberto..Emerson..Ronaldinho
615026526875164672, 111458142, 2015-06-28T05:18:45.000Z, RT @2010MisterChip: Más partidos con #Brasil 142 Cafú 125 Roberto Carlos 105 Lúcio 101 Taffarel 099 ROBINHO 098 Djalma Santos y Ronaldo 097…
615027104011268096, 175833415, 2015-06-28T05:21:02.000Z, RT @2010MisterChip: Más partidos con #Brasil 142 Cafú 125 Roberto Carlos 105 Lúcio 101 Taffarel 099 ROBINHO 098 Djalma Santos y Ronaldo 097…
615038713526030336, 151921335, 2015-06-28T06:07:10.000Z, RT @2010MisterChip: Más partidos con #Brasil 142 Cafú 125 Roberto Carlos 105 Lúcio 101 Taffarel 099 ROBINHO 098 Djalma Santos y Ronaldo 097…
615040245415849984, 68553686, 2015-06-28T06:13:16.000Z, RT @2010MisterChip: Más partidos con #Brasil 142 Cafú 125 Roberto Carlos 105 Lúcio 101 Taffarel 099 ROBINHO 098 Djalma Santos y Ronaldo 097…
615046120889257984, 327592164, 2015-06-28T06:36:36.000Z, RT @2010MisterChip: Más partidos con #Brasil 142 Cafú 125 Roberto Carlos 105 Lúcio 101 Taffarel 099 ROBINHO 098 Djalma Santos y Ronaldo 097…
615067923284164608, 127593111, 2015-06-28T08:03:14.000Z, @Polsport @leszekmilewski Lucio, Belletti?Gilberto Silva, Roque Junior,Cafu, Rivaldo, Roberto Carlos, Ronaldo, Ronaldinho a bramkarz i 19?:)
615071862066925568, 2743229911, 2015-06-28T08:18:54.000Z, RT @Brazil_Selecao: اكثر من لعب بقميص المنتخب البرازيلي:  142 - Cafu 125 - Roberto Carlos 105 - Lúcio 102 - Taffarel 101 - Robinho  https:/…
615129071509499904, 923903724, 2015-06-28T12:06:13.000Z, RT @2010MisterChip: Más partidos con #Brasil 142 Cafú 125 Roberto Carlos 105 Lúcio 101 Taffarel 099 ROBINHO 098 Djalma Santos y Ronaldo 097…
615135869628981248, 429332322, 2015-06-28T12:33:14.000Z, @Amidalaa_ @Paskhabatman @carlthejj  @Aje_yassine dida lucio juan emerson adriano cafu ronaldinho roberto carlos ze roberto kaka ronaldo
615136332080381952, 184866349, 2015-06-28T12:35:04.000Z, Na Seleção de 2002 tínhamos grandes jogadores Marcos, Lúcio, Cafu, Roberto Carlos,Rivaldo e Ronaldo, além de um ótimo líbero.
615144457550327808, 157555226, 2015-06-28T13:07:22.000Z, RT @2010MisterChip: Más partidos con #Brasil 142 Cafú 125 Roberto Carlos 105 Lúcio 101 Taffarel 099 ROBINHO 098 Djalma Santos y Ronaldo 097…
615148211339177984, 311545409, 2015-06-28T13:22:17.000Z, RT @2010MisterChip: Más partidos con #Brasil 142 Cafú 125 Roberto Carlos 105 Lúcio 101 Taffarel 099 ROBINHO 098 Djalma Santos y Ronaldo 097…
615151520988983297, 710765850, 2015-06-28T13:35:26.000Z, RT @2010MisterChip: Más partidos con #Brasil 142 Cafú 125 Roberto Carlos 105 Lúcio 101 Taffarel 099 ROBINHO 098 Djalma Santos y Ronaldo 097…
615154233151758336, 210297631, 2015-06-28T13:46:12.000Z, RT @2010MisterChip: Más partidos con #Brasil 142 Cafú 125 Roberto Carlos 105 Lúcio 101 Taffarel 099 ROBINHO 098 Djalma Santos y Ronaldo 097…
615202099886956544, 855665894, 2015-06-28T16:56:25.000Z, Ronaldo, Ronaldinho, kaka, Robinho, ze Roberto , Roberto Carlos, cicinho, Juan , Lucio , Dida ,Cafu..Eso era Brasil el Brasil que daba miedo
615204481966456833, 57072525, 2015-06-28T17:05:53.000Z, RT @2010MisterChip: Más partidos con #Brasil 142 Cafú 125 Roberto Carlos 105 Lúcio 101 Taffarel 099 ROBINHO 098 Djalma Santos y Ronaldo 097…
615214804479909892, 1979531485, 2015-06-28T17:46:54.000Z, RT @2010MisterChip: Más partidos con #Brasil 142 Cafú 125 Roberto Carlos 105 Lúcio 101 Taffarel 099 ROBINHO 098 Djalma Santos y Ronaldo 097…
615231284927987712, 254346095, 2015-06-28T18:52:23.000Z, RT @2010MisterChip: Más partidos con #Brasil 142 Cafú 125 Roberto Carlos 105 Lúcio 101 Taffarel 099 ROBINHO 098 Djalma Santos y Ronaldo 097…
615233237141602304, 176599998, 2015-06-28T19:00:08.000Z, RT @2010MisterChip: Más partidos con #Brasil 142 Cafú 125 Roberto Carlos 105 Lúcio 101 Taffarel 099 ROBINHO 098 Djalma Santos y Ronaldo 097…
615259524295864320, 1072912603, 2015-06-28T20:44:36.000Z, RT @2010MisterChip: Más partidos con #Brasil 142 Cafú 125 Roberto Carlos 105 Lúcio 101 Taffarel 099 ROBINHO 098 Djalma Santos y Ronaldo 097…
615269808028815360, 2983302718, 2015-06-28T21:25:28.000Z, @ElCipitioSV_  Dida Cafu Lucio Roque jr Roberto carlos Emerson Kaka Rivaldo Robinho Ronaldinho Ronaldo el verdadero ronaldo
615271415961550848, 206686873, 2015-06-28T21:31:51.000Z, Brasileirão Série A:Bola Rolando Arena PantanalVascoXFlamengo Arb:Heber Roberto Lopes SC Ass:Kleber Lucio Gil SC e Guilherme Dias Camilo MG
615280379381952512, 2716637344, 2015-06-28T22:07:28.000Z, Dida juan cafu Lucio ze Roberto Ronaldo Ronaldinho Roberto Carlos Ronaldo Adriano emerson
615316572224258048, 701238762, 2015-06-29T00:31:17.000Z, No ar, as resenhas de Felipe Fleury, Lucio Bairral e Paulo-Roberto Andel no PANORAMA sobre a vitória tricolor no Serra Dourada.
615330927959515136, 54534330, 2015-06-29T01:28:20.000Z, RT @PanoramaTri: No ar, as resenhas de Felipe Fleury, Lucio Bairral e Paulo-Roberto Andel no PANORAMA sobre a vitória tricolor no Serra Dou…
615337315628482560, 2205638713, 2015-06-29T01:53:43.000Z, @MADbien @KAKA @10Ronaldinho @A10imperador R9 RIVALDO ROBERTO CARLOS CAFU EDMILSON G.SILVA LUCIO http://t.co/xNvzRrfZIh
615489816373919744, 1246052275, 2015-06-29T11:59:42.000Z, Reuniões regulares, visita do Pr João Roberto Lucio Silva, Participação no Vida por vidas em Contagem.
615522056319434752, 14061673, 2015-06-29T14:07:48.000Z, @joaoluisjr Ceni, Marcelinho Paraíba, Zé Roberto, Apodi, Lúcio Flávio. O showbol virou o principal esporte do país e a gente nem percebeu.
615525269236006912, 410771963, 2015-06-29T14:20:34.000Z, @CBF_Futebol @CA2015 Marcos,Lucio,Edmilson,Roque Junior,Cafù,Gilberto Silva,Kleberson,Roberto Carlos,Ronaldinho,Rivaldo,Ronaldo !!! :(
615535496681361408, 67948296, 2015-06-29T15:01:13.000Z, @rofinlo copiei de outra conversa: "Ceni, M. Paraíba, Zé Roberto, Apodi, Lúcio Flávio. Showbol virou principal esporte br e nem percebemos"
615541422587027456, 3252967839, 2015-06-29T15:24:46.000Z, @98FC faltou Ronaldo Gilberto silva Romário Bebeto Lucio tafarel Cafu Roberto Carlos Ronaldinho só isso
615546562467467264, 1391005098, 2015-06-29T15:45:11.000Z, RT @2010MisterChip: Más partidos con #Brasil 142 Cafú 125 Roberto Carlos 105 Lúcio 101 Taffarel 099 ROBINHO 098 Djalma Santos y Ronaldo 097…
615554103809306624, 183857015, 2015-06-29T16:15:09.000Z, Seleçao do sonho:  Tafarel Cafu Thiago Silva Lucio Roberto Carlos Paulinho Zico Pele Ronaldinho Gaucho Ronaldo fenomeno
615560571459506176, 101681846, 2015-06-29T16:40:51.000Z, RT @2010MisterChip: Más partidos con #Brasil 142 Cafú 125 Roberto Carlos 105 Lúcio 101 Taffarel 099 ROBINHO 098 Djalma Santos y Ronaldo 097…
615632905570807808, 2932739023, 2015-06-29T21:28:17.000Z, @Lucio_98K quien es "ella"? Roberto?
615657186052677632, 453503883, 2015-06-29T23:04:46.000Z, RT @2010MisterChip: Más partidos con #Brasil 142 Cafú 125 Roberto Carlos 105 Lúcio 101 Taffarel 099 ROBINHO 098 Djalma Santos y Ronaldo 097…
615658649629949952, 2315178454, 2015-06-29T23:10:35.000Z, RT @2010MisterChip: Más partidos con #Brasil 142 Cafú 125 Roberto Carlos 105 Lúcio 101 Taffarel 099 ROBINHO 098 Djalma Santos y Ronaldo 097…
615669143321206784, 447804471, 2015-06-29T23:52:17.000Z, Roberto Lucio, 25:  Roberto Lucio, a 25-year-old Latino male, died Sunday, June 28, after being shot in Compto... http://t.co/oFzUlgsDgE
615669147024764928, 441187574, 2015-06-29T23:52:17.000Z, Roberto Lucio, 25:  Roberto Lucio, a 25-year-old Latino male, died Sunday, June 28, after being shot in Compto... http://t.co/sCKVQe9qAk
615669148627013632, 733264453, 2015-06-29T23:52:18.000Z, Roberto Lucio, 25:  Roberto Lucio, a 25-year-old Latino male, died Sunday, June 28, after being shot in Compto... http://t.co/YRPQ3om0fx
615673283090890752, 614962906, 2015-06-30T00:08:44.000Z, Roberto Lucio, 25 : #IHateTimWaterman
615732633474048001, 273603691, 2015-06-30T04:04:34.000Z, Todo era mejor con Roberto Carlos, Kaka, Ronaldinho, Ronaldo, Adriano, Lucio, Dida, bueno ni seguir... Brasil... http://t.co/gn51JFji2S
615780170293575680, 713981192, 2015-06-30T07:13:27.000Z, dinho, og ronaldo, rivaldo, roberto carlos, kaka, cafu, gilberto silva, lucio smh too stacked 🐐🐐🐐🐐🐐🐐🐐🐐🐐🐐🐐🐐🐐🐐🐐🐐🐐🐐🐐🐐
615805332741173248, 1162239824, 2015-06-30T08:53:27.000Z, RT @fraanciscoooo: dinho, og ronaldo, rivaldo, roberto carlos, kaka, cafu, gilberto silva, lucio smh too stacked 🐐🐐🐐🐐🐐🐐🐐🐐🐐🐐🐐🐐🐐🐐🐐🐐🐐🐐🐐🐐
615825804707131392, 262633381, 2015-06-30T10:14:47.000Z, Previous Brazilian generation had Ronaldo,Ronaldinho,Kaka,Cafu,Lucio,Roberto Carlos,Adriano,Rivaldo...This one has Neymar,says it all really
615826001050894336, 397612896, 2015-06-30T10:15:34.000Z, Roberto DjClio D'Alessandro Andrea Undertour Torre Marcello Riotta Lucio Scarpa per la vecchiaia 󾌴󾌴󾌴 http://t.co/GYXwZzIlVu
615880198232350721, 24824309, 2015-06-30T13:50:56.000Z, Falta colocar nesse time o Charles, Roberto Gaúcho, Célio Lúcio, Luiz Fernando Flores...
615908435272560640, 238654436, 2015-06-30T15:43:08.000Z, @thallysfonseca Dida, R.Carlos e Cafu, Juan e Lúcio, Emerson e Zé Roberto, Kaka e Ronaldinho, Ronaldo e Adriano.. Fora o banco de reservas
615936447195918336, 298041486, 2015-06-30T17:34:27.000Z, Marcos, Edmílson, Lúcio e Roque Jr; Cafu, Gilberto Silva,Kleberson, R10 e Roberto Carlos; Rivaldo e Ronaldo (Felipão) http://t.co/MBv199VMW1
615936507208179712, 2957040945, 2015-06-30T17:34:41.000Z, RT @goleada_info: Marcos, Edmílson, Lúcio e Roque Jr; Cafu, Gilberto Silva,Kleberson, R10 e Roberto Carlos; Rivaldo e Ronaldo (Felipão) htt…
615936512648069120, 86737462, 2015-06-30T17:34:42.000Z, RT @goleada_info: Marcos, Edmílson, Lúcio e Roque Jr; Cafu, Gilberto Silva,Kleberson, R10 e Roberto Carlos; Rivaldo e Ronaldo (Felipão) htt…
615936546236182528, 21048237, 2015-06-30T17:34:50.000Z, RT @goleada_info: Marcos, Edmílson, Lúcio e Roque Jr; Cafu, Gilberto Silva,Kleberson, R10 e Roberto Carlos; Rivaldo e Ronaldo (Felipão) htt…
615936704193687552, 174898730, 2015-06-30T17:35:28.000Z, RT @goleada_info: Marcos, Edmílson, Lúcio e Roque Jr; Cafu, Gilberto Silva,Kleberson, R10 e Roberto Carlos; Rivaldo e Ronaldo (Felipão) htt…
615936923887124482, 3119195434, 2015-06-30T17:36:20.000Z, RT @goleada_info: Marcos, Edmílson, Lúcio e Roque Jr; Cafu, Gilberto Silva,Kleberson, R10 e Roberto Carlos; Rivaldo e Ronaldo (Felipão) htt…
615936969747615744, 162083746, 2015-06-30T17:36:31.000Z, RT @goleada_info: Marcos, Edmílson, Lúcio e Roque Jr; Cafu, Gilberto Silva,Kleberson, R10 e Roberto Carlos; Rivaldo e Ronaldo (Felipão) htt…
615937064920567808, 2236304332, 2015-06-30T17:36:54.000Z, RT @goleada_info: Marcos, Edmílson, Lúcio e Roque Jr; Cafu, Gilberto Silva,Kleberson, R10 e Roberto Carlos; Rivaldo e Ronaldo (Felipão) htt…
615937089331417089, 168167841, 2015-06-30T17:37:00.000Z, RT @goleada_info: Marcos, Edmílson, Lúcio e Roque Jr; Cafu, Gilberto Silva,Kleberson, R10 e Roberto Carlos; Rivaldo e Ronaldo (Felipão) htt…
615937164833112064, 1337372612, 2015-06-30T17:37:18.000Z, RT @goleada_info: Marcos, Edmílson, Lúcio e Roque Jr; Cafu, Gilberto Silva,Kleberson, R10 e Roberto Carlos; Rivaldo e Ronaldo (Felipão) htt…
615937377484316672, 3349934157, 2015-06-30T17:38:09.000Z, RT @goleada_info: Marcos, Edmílson, Lúcio e Roque Jr; Cafu, Gilberto Silva,Kleberson, R10 e Roberto Carlos; Rivaldo e Ronaldo (Felipão) htt…
615937544077877248, 173961473, 2015-06-30T17:38:48.000Z, RT @goleada_info: Marcos, Edmílson, Lúcio e Roque Jr; Cafu, Gilberto Silva,Kleberson, R10 e Roberto Carlos; Rivaldo e Ronaldo (Felipão) htt…
615937763955875840, 389018198, 2015-06-30T17:39:41.000Z, RT @goleada_info: Marcos, Edmílson, Lúcio e Roque Jr; Cafu, Gilberto Silva,Kleberson, R10 e Roberto Carlos; Rivaldo e Ronaldo (Felipão) htt…
615937953651630080, 792459415, 2015-06-30T17:40:26.000Z, RT @goleada_info: Marcos, Edmílson, Lúcio e Roque Jr; Cafu, Gilberto Silva,Kleberson, R10 e Roberto Carlos; Rivaldo e Ronaldo (Felipão) htt…
615938075911409664, 349189254, 2015-06-30T17:40:55.000Z, RT @goleada_info: Marcos, Edmílson, Lúcio e Roque Jr; Cafu, Gilberto Silva,Kleberson, R10 e Roberto Carlos; Rivaldo e Ronaldo (Felipão) htt…
615938482331066369, 383860403, 2015-06-30T17:42:32.000Z, RT @goleada_info: Marcos, Edmílson, Lúcio e Roque Jr; Cafu, Gilberto Silva,Kleberson, R10 e Roberto Carlos; Rivaldo e Ronaldo (Felipão) htt…
615940200645165056, 125220494, 2015-06-30T17:49:22.000Z, RT @goleada_info: Marcos, Edmílson, Lúcio e Roque Jr; Cafu, Gilberto Silva,Kleberson, R10 e Roberto Carlos; Rivaldo e Ronaldo (Felipão) htt…
615944009635262464, 57174123, 2015-06-30T18:04:30.000Z, RT @goleada_info: Marcos, Edmílson, Lúcio e Roque Jr; Cafu, Gilberto Silva,Kleberson, R10 e Roberto Carlos; Rivaldo e Ronaldo (Felipão) htt…
615945443671998465, 284145399, 2015-06-30T18:10:12.000Z, RT @goleada_info: Marcos, Edmílson, Lúcio e Roque Jr; Cafu, Gilberto Silva,Kleberson, R10 e Roberto Carlos; Rivaldo e Ronaldo (Felipão) htt…
615945521954463744, 2740211746, 2015-06-30T18:10:30.000Z, RT @goleada_info: Marcos, Edmílson, Lúcio e Roque Jr; Cafu, Gilberto Silva,Kleberson, R10 e Roberto Carlos; Rivaldo e Ronaldo (Felipão) htt…
615947475959025664, 337212782, 2015-06-30T18:18:16.000Z, RT @goleada_info: Marcos, Edmílson, Lúcio e Roque Jr; Cafu, Gilberto Silva,Kleberson, R10 e Roberto Carlos; Rivaldo e Ronaldo (Felipão) htt…
615948133181325312, 94448403, 2015-06-30T18:20:53.000Z, RT @goleada_info: Marcos, Edmílson, Lúcio e Roque Jr; Cafu, Gilberto Silva,Kleberson, R10 e Roberto Carlos; Rivaldo e Ronaldo (Felipão) htt…
615949027218202624, 2983315857, 2015-06-30T18:24:26.000Z, RT @goleada_info: Marcos, Edmílson, Lúcio e Roque Jr; Cafu, Gilberto Silva,Kleberson, R10 e Roberto Carlos; Rivaldo e Ronaldo (Felipão) htt…
615954557642911744, 521581554, 2015-06-30T18:46:25.000Z, RT @goleada_info: Marcos, Edmílson, Lúcio e Roque Jr; Cafu, Gilberto Silva,Kleberson, R10 e Roberto Carlos; Rivaldo e Ronaldo (Felipão) htt…
615959761956245504, 56747453, 2015-06-30T19:07:05.000Z, Brasil 2002: Marcos, Lúcio, Edmilson, Roque Jr, Cafu, Kleberson, Roberto Carlos, Ronaldinho Gaúcho, Rivaldo e... http://t.co/TnSv57wTMh
615964743371722753, 14792689, 2015-06-30T19:26:53.000Z, @Classic11Shirts Dida, Adriano, Juan, Kaka, Lucio e Cafu; Ronaldo, Ronaldinho, Zé Roberto, Roberto Carlos e Emerson.
615983304001593344, 179704580, 2015-06-30T20:40:38.000Z, Ronaldinho, Rivaldo, Kaka, Roberto Carlos, Cafú, Lúcio, Ronaldo, Dida. Que te pasó Brasil?
615991338820046848, 95437013, 2015-06-30T21:12:34.000Z, Marcos  Lucio Roque Jr.  Cafu Roberto Carlos  Edmilson Gilberto Silva  Ricardinho Ronaldinho gaúcho  Ronaldo Rivaldo  SEM COMENTÁRIOS!
615991576926507008, 415122843, 2015-06-30T21:13:31.000Z, RT @Parmalattos: Marcos  Lucio Roque Jr.  Cafu Roberto Carlos  Edmilson Gilberto Silva  Ricardinho Ronaldinho gaúcho  Ronaldo Rivaldo  SEM …
615995712598372353, 965044784, 2015-06-30T21:29:57.000Z, AQUELE TIME DA COPA DE 2002 TINHA RONALDINHO, RONALDO FENÔMENO, RIVALDO, MARCOS, LUCIO, ROQUE JUNIOR, ROBERTO CARLOS,EDMILSON,GILBERTO SILVA
616004893640409089, 145252992, 2015-06-30T22:06:26.000Z, tenia a dida, roberto carlos,lucio, cafu, ronaldinho,kaka, ze roberto,gilberto silva sin contar a los suplentes
616025071656636416, 1586065657, 2015-06-30T23:26:36.000Z, 1 MARCOS  2 CAFU  3 LÚCIO  4 ROQUE JUNIOR  5 EDMILSON  6 ROBERTO CARLOS  7 RICARDINHO  8 GILBERTO SILVA  9 RONALDO 10 RIVALDO  11 R.GAÚCHO
616065512879960064, 294938961, 2015-07-01T02:07:18.000Z, @FutAdelantado ese brasil si daba miedo. Con dida, cafu, lucio, roberto carlos entre otras estrellas
616070771413225472, 2904465616, 2015-07-01T02:28:12.000Z, Elber, Paulo Sergio, Rafinha, Dante, Lucio, Ze Roberto, ahora llegará Douglas Costa!!!
616071456385052672, 2904465616, 2015-07-01T02:30:55.000Z, Que yo recuerde, estos jugadores brasileños han jugado en el Bayern: Elber Paulo Sergio Luiz Gustavo Breno Ze Roberto Lucio Rafinha Dante
616331728072806401, 2312181258, 2015-07-01T19:45:09.000Z, Elber, Lúcio, Zé Roberto, Bernardo... Douglas Costa é o 12º brasileiro da história do @FCBayern. Confira todos: http://t.co/2RZBZ7KG3q
616337667119259649, 2469678014, 2015-07-01T20:08:45.000Z, RT @AlemanhaFC_: Elber, Lúcio, Zé Roberto, Bernardo... Douglas Costa é o 12º brasileiro da história do @FCBayern. Confira todos: http://t.c…
616373288030187520, 2202260004, 2015-07-01T22:30:18.000Z, @Fiscalia_Mor: #Morelos n colaboración con el estado #Gto, solicita d tu apoyo para localizar a ROBERTO GARCÍA LUCIO. http://t.co/kdeO3G587O
616400822553804801, 2904465616, 2015-07-02T00:19:42.000Z, Douglas Costa siguiendo los pasos de Dante, Rafinha, Luiz Gustavo, Breno, Ze Roberto, Lucio, Paulo Sergio, Elber
616446282584956928, 480873812, 2015-07-02T03:20:21.000Z, RT @goleada_info: Marcos, Edmílson, Lúcio e Roque Jr; Cafu, Gilberto Silva,Kleberson, R10 e Roberto Carlos; Rivaldo e Ronaldo (Felipão) htt…
616454499994071041, 295492696, 2015-07-02T03:53:00.000Z, Dida;Cafu, Lúcio, Juan e R.Carlos; Emerson, Kaká, Zé Roberto e Ronaldinho; Adriano e Ronaldo. PORRA, COMO PERDEMOS CARA, IMPOSSIBLE
616619697132437505, 288489921, 2015-07-02T14:49:26.000Z, En su momento al que si desmantelamos fue al Leverkusen. Kovac, Lucio, Ballack, Zé Roberto. Eventualmente Butt.
616621893773303809, 864461606, 2015-07-02T14:58:10.000Z, prospettive di investimento e #valueinvesting: ne han parlato @Roberto_Russo1 @asca56 Lucio Bussi in @confindustriaVR http://t.co/BdBQrGIer7
616652072306524160, 535621473, 2015-07-02T16:58:05.000Z, RT @Assiteca_sim: prospettive di investimento e #valueinvesting: ne han parlato @Roberto_Russo1 @asca56 Lucio Bussi in @confindustriaVR htt…
616699284302336001, 54104128, 2015-07-02T20:05:41.000Z, Marcos, Lúcio, Juan, Cafu, Roberto Carlos, Emerson, Zé Roberto, Kaká, Ronaldinho, Adriano, Ronaldo https://t.co/WYO0rLLl6d
616795030515249152, 69998439, 2015-07-03T02:26:09.000Z, Dida, Lahm, Lúcio, Mascherano, Roberto Carlos, Scholes, Gilberto Silva, Riquelme, Ronaldinho, Messi e Neymar https://t.co/yLmrgCLwD7
616795980877402112, 69998439, 2015-07-03T02:29:56.000Z, "Dida, Lahm, Lúcio, Mascherano, Roberto Carlos, Scholes, Gilberto Silva, Riquelme, Ronaldinho, Messi e Neymar"  Imagina este time
616933469160140800, 188330732, 2015-07-03T11:36:15.000Z, @roberto_nand @JaqueKaka @GuilhermeFpolis @lucio_flavio @TIOBIG @magalyanna vamos as lutas #bbb16
616973400544804864, 128608887, 2015-07-03T14:14:56.000Z, @FCBayernUpdate @redonx11 jugadores como Elber, Ze Roberto, Lucio, Quizás Javi M, Luiz Gustavo, Mandzukic, entre otros, no hubiesen sido
616977802433298432, 1952211163, 2015-07-03T14:32:25.000Z, dida, cafu, lucio, juan,roberto carlos, silva, kaka, juninho, zé roberto, ronaldo e ronaldinho, ISTO ERA O BRASIL
616978233192509440, 3300961576, 2015-07-03T14:34:08.000Z, RT @o_anjo14: dida, cafu, lucio, juan,roberto carlos, silva, kaka, juninho, zé roberto, ronaldo e ronaldinho, ISTO ERA O BRASIL
617021663876661249, 1551596946, 2015-07-03T17:26:43.000Z, La defensa que asustaba... Roque Jr. - Cafu - Lucio - Roberto Carlos.
617031614967775232, 201366477, 2015-07-03T18:06:15.000Z, RT @ailson1984: @roberto_nand @JaqueKaka @GuilhermeFpolis @lucio_flavio @TIOBIG @magalyanna vamos as lutas #bbb16
617046641175076864, 298910126, 2015-07-03T19:05:58.000Z, HAY ESTOY MAREADOOOOO 😂😂😂😂 @Roberto_Cardona se lucio con ese grito 🙌👏 @ChechoRod @los40colombia
617074528984899584, 117292827, 2015-07-03T20:56:47.000Z, Buffon - Cafu - Chiellin - Lucio - Roberto Carlos- Gilberto Silva - Pirlo - Ronaldinho - Messi - Del Piero - Ronaldo https://t.co/iGykHUze2Z
617224756560035840, 308261977, 2015-07-04T06:53:44.000Z, FRENTE MAR - Av. Sernambetiba (Lúcio Costa) R$ 1.800.000,00 - Roberto Guedes Imóveis http://t.co/D7YWhbky82
617375115244908545, 185214711, 2015-07-04T16:51:12.000Z, Lucio, Roberto e Gamaliéu (LRG)
617723035806777348, 154713197, 2015-07-05T15:53:43.000Z, Rivaldo, Cafu, Roberto Carlos, Ronaldinho,  Ronaldo, Denílson, Emerson, Lúcio, Luizão,  J.Paulista e por ai vai.
617767967217070081, 1289335231, 2015-07-05T18:52:15.000Z, boa tarde a todos estadio serra dourada juiz eber roberto lopes ban nadine schramm bastos ban kleber lucio gil
617771794242650113, 429897851, 2015-07-05T19:07:28.000Z, Aniversário juvena Roberto com garotinho dando show e Lúcio dando aquela palha show @ aniversario… https://t.co/IMLBtL6J9e
617851781444464642, 1066660147, 2015-07-06T00:25:18.000Z, RT @VcSabia_Futebol: Mais jogos pela Seleção Brasileira:  142 - Cafu 125 - Roberto Carlos 105 - Lúcio 102 - Taffarel 101 - Robinho http://t…
617948608768438272, 1903644638, 2015-07-06T06:50:03.000Z, @PiotrKlama Brazylijczycy, którzy wcześniej grali w BL np. Elber, Lucio, Ze Roberto, Dante, a Breno wiemy gdzie wylądował 2/2
618043587901698052, 104454048, 2015-07-06T13:07:28.000Z, O CARA MATA A PAU!!!  Com Lucio Mendonça Jose Roberto Lima Marcílio Bento Sandro Faria Faria Andro Araujo André http://t.co/UvvJj9QFsL
618074935580340224, 2203164894, 2015-07-06T15:12:02.000Z, @BHEsporteNews Se eu fosse o Dunga levaria Dida,Ceni,Fábio,Zé Roberto,Lúcio, R10,Sóbis,Robinho,Nilmar,Kaká,Fred...CBF pro colo do Kpeta!!!
618075268415115265, 2203164894, 2015-07-06T15:13:21.000Z, @pequetitoglobo Se eu fosse o Dunga levaria Dida,Ceni,Fábio,Zé Roberto,Lúcio, R10,Sóbis,Robinho,Nilmar,Kaká,Fred...CBF pro colo do Kpeta!!!
618143937618931712, 219365537, 2015-07-06T19:46:13.000Z, @PSPalmeiras_ lúcio Zé Roberto
618149568274894848, 1865559817, 2015-07-06T20:08:36.000Z, Roberto Sabrina Sara e Rita con l animatore più bravo più bello ecc....... @lucio_rocco #beeldorado #letsgotoeldora… http://t.co/BYCtozHozK
618149890112229376, 1865349104, 2015-07-06T20:09:53.000Z, Roberto Sabrina Sara e Rita con l animatore più bravo più bello ecc....... @lucio_rocco #beeldorado #letsgotoeldora… http://t.co/yO0T3IeJwK
618152861273296896, 1865396497, 2015-07-06T20:21:41.000Z, Roberto Sabrina Sara e Rita con l animatore più bravo più bello ecc....... @lucio_rocco #beeldorado #letsgotoeldora… http://t.co/6acQAQ0va0
618153861367353344, 1865494902, 2015-07-06T20:25:39.000Z, Roberto Sabrina Sara e Rita con l animatore più bravo più bello ecc....... @lucio_rocco #beeldorado #letsgotoeldora… http://t.co/DCYFTTbTpN
618436318998212608, 2203164894, 2015-07-07T15:08:03.000Z, @BHEsporteNews  Se eu fosse o Dunga levaria Dida,Ceni,Fábio,Zé Roberto,Lúcio, R10,Sóbis,Robinho,Nilmar,Kaká,Fred...CBF pro colo do Kpeta!!!
618525048543027200, 2230347464, 2015-07-07T21:00:37.000Z, @andrizek Ronaldo, Ronaldinho, Rivaldo, Kaka, Cafu, Roberto Carlos, juninho,lucio e gilberto silva em grande fase..qual o credito do felipao
618626761551560704, 14622071, 2015-07-08T03:44:48.000Z, Kaká, Ronaldo Fenômeno, Ronaldinho Gaucho, Lúcio, Roberto Carlos, Denilson e outros q eu esqueci https://t.co/oF97iCOhuD
618636964498132992, 3353890065, 2015-07-08T04:25:20.000Z, @j85royals @AshesOfPot Those Leverkusen squads were fantastic. He could have played with Ballack, Ze Roberto, Lucio, basturk,
618735943722364928, 58017999, 2015-07-08T10:58:39.000Z, ATENÇÃO - poetas/escritores - Carlos Carlos Lúcio Gontijo, L Roberto Meira e Remisson Aniceto, tem artigo/poemas... http://t.co/NcCiILvErM
618759030920585216, 218145326, 2015-07-08T12:30:23.000Z, Isso era SELEÇÃO : Marcos,Cafu,Lúcio,Roque Júnior,Edmilson e Roberto Carlos,Gilberto Silva,Kleberson,Ronaldinho Gaúcho, Rivaldo e Ronaldo.
618775705246150656, 33384662, 2015-07-08T13:36:39.000Z, Marcos; Cafu, Lúcio, Roque Jr e Roberto Carlos; Edmilson, Junior, Juninho Paulista e Rivaldo; Edilson e Luizão. Penta 2002 - diz algo???
618894052797325312, 227047574, 2015-07-08T21:26:55.000Z, @Ifedotunxii ze Roberto Lucio Oliver Neuville
618901229100507136, 227047574, 2015-07-08T21:55:26.000Z, Yes. Placente, Schneider "@TfcknSAR: Ze Roberto, Hans Jorg Butt, Micheal Ballack, Berbatov, Lucio(?),  https://t.co/613UamehPs"
618999142111662080, 795064735, 2015-07-09T04:24:30.000Z, @dbatista31 zé Roberto é mais um ex jogador em atividade, tal como lúcio, Rogério ceni e Rivaldo
619074200888737792, 90689862, 2015-07-09T09:22:45.000Z, For many years we have been complaining about the sorry state of Indian Football. Names like Roberto Carlos and Lucio will fix that. #ISL
619126247252197376, 28015880, 2015-07-09T12:49:34.000Z, Essa semana o Rivaldo e o Roberto Carlos voltaram a jogar, Ronaldinho ainda tá por aí. Bora resgatar o Lúcio e já temos a metade do hexa
619206953651339265, 231387796, 2015-07-09T18:10:16.000Z, @Rubensinho_sfc @JosemiSvq Lucio Wagner que le pega mas fuerte que Roberto Carlos y arriba Mornar y Molnar....
619212583418130432, 1116543295, 2015-07-09T18:32:38.000Z, @Futbiados Ronaldo, Rivaldo, Kaka, Lucio, Roberto Carlos, Cafu, Ronaldinho, Dida
619212887685472257, 2464606236, 2015-07-09T18:33:51.000Z, @Futbiados Lúcio, Roberto Carlos, Ronaldo, Ronaldinho, Kaká
619213475697553408, 353162305, 2015-07-09T18:36:11.000Z, @Futbiados Lucio, Edmilson, Gilberto Silva, Kaka, Belleti, Ronaldinho, Ronaldo, Roberto Carlos, Rivaldo, Cafu, Denilson.......
619213680492838912, 2274429889, 2015-07-09T18:37:00.000Z, @Futbiados cafu, roberto carlos, ronaldinho, kaka, rivaldo, denilson, lucio...
619219209063673856, 2889086868, 2015-07-09T18:58:58.000Z, Heber Roberto Lopes apita hoje. Ele será auxiliado por Kleber Lucio Gil e Sidmar dos Santos Meurer.
619219510265016321, 58350892, 2015-07-09T19:00:10.000Z, RT @FluExpress: Heber Roberto Lopes apita hoje. Ele será auxiliado por Kleber Lucio Gil e Sidmar dos Santos Meurer.
619219517504401409, 510492290, 2015-07-09T19:00:12.000Z, RT @FluExpress: Heber Roberto Lopes apita hoje. Ele será auxiliado por Kleber Lucio Gil e Sidmar dos Santos Meurer.
619220125787553792, 591300561, 2015-07-09T19:02:37.000Z, @Futbiados Rivaldo, Kaká, Ronaldinho, Ronaldo, Roberto Carlos, Lucio, Edmilson...
619225477954301952, 819366618, 2015-07-09T19:23:53.000Z, @Futbiados Lucio, Kaka, Ronaldo, Ronaldinho y Roberto Carlos
619255561436073984, 566681272, 2015-07-09T21:23:25.000Z, @Futbiados Rivaldo, Kaka, Ronaldinho, Lucio y Roberto Carlos
619264151207157760, 132762672, 2015-07-09T21:57:33.000Z, @Futbiados Lucio, Ronaldinho, Roberto Carlos, Cafú, Rivaldo, Ronaldo
619282932906201089, 105215785, 2015-07-09T23:12:11.000Z, Heber Roberto Lopes apita Fluminense x Cruzeiro. Auxiliado por Kleber Lucio Gil e Sidmar dos Santos Meurer.
619287675309264896, 29457831, 2015-07-09T23:31:02.000Z, #CRUZEIRO #FLUMINENSE #BRASILEIRÃO2015 Árbitro: Heber Roberto Lopes (SC) Assistentes: Kleber Lúcio Gil (SC) e Sidmar dos Santos Meurer (PR)
619293594764070912, 238665317, 2015-07-09T23:54:33.000Z, @Futbiados Ronaldo, Rivaldo, Kaka, Lucio, Roberto Carlos, Cafu, Ronaldinho, Dida
619348125845590017, 199138058, 2015-07-10T03:31:14.000Z, @Futbiados Lucio, Edmilson, Gilberto, Kaka, Dida, Belleti, Ronaldinho, Ronaldo, Roberto Carlos, Rivaldo, Cafu....
619526101564526596, 141222392, 2015-07-10T15:18:27.000Z, Sen. @Eunicio, Lúcio Alcântara, Capitão Wagner, Gaudêncio Lucena, Roberto Pessoa e Sergio Novaes ao fim da solenidade http://t.co/QlKBpx8wjc
619533238432886784, 66048429, 2015-07-10T15:46:49.000Z, RT @EunicioSenador: Sen. @Eunicio, Lúcio Alcântara, Capitão Wagner, Gaudêncio Lucena, Roberto Pessoa e Sergio Novaes ao fim da solenidade h…
619538682689753089, 3157225667, 2015-07-10T16:08:27.000Z, RT @EunicioSenador: Sen. @Eunicio, Lúcio Alcântara, Capitão Wagner, Gaudêncio Lucena, Roberto Pessoa e Sergio Novaes ao fim da solenidade h…
619546778417917954, 75484290, 2015-07-10T16:40:37.000Z, Arnoldo Cardenas Luque Lucio Ruiz Bernal Omar Delval Apodaca Javier Rivera Valdez Roberto Véliz Rojo Roberto... http://t.co/Y7l1FsGJyT
619553734826303488, 40055566, 2015-07-10T17:08:15.000Z, RT @EunicioSenador: Sen. @Eunicio, Lúcio Alcântara, Capitão Wagner, Gaudêncio Lucena, Roberto Pessoa e Sergio Novaes ao fim da solenidade h…
619607158443872256, 30215561, 2015-07-10T20:40:32.000Z, Trio Argentino (Agustín Irusta-Roberto Fugazot-Lucio Demare) - Tango en Barcelona: http://t.co/sfnYb2GDaK
619842044572364804, 1482430766, 2015-07-11T12:13:54.000Z, Brasilianer beim #FCBayern: Mazinho, Bernardo, Jorginho, Elber, Sergio, Ze Roberto, Lucio, Breno, Rafinha, Gustavo, Dante, Costa. #Daggles
619878625882542080, 45130439, 2015-07-11T14:39:15.000Z, Roberto Pessoa reúne principais nomes de oposição ao assumir o PSB. Eunício Oliveira, Lúcio Alcântara, Heitor... http://t.co/cX6ubIsl6o
619939924641456129, 1262887878, 2015-07-11T18:42:50.000Z, Okay, noch enttäuschter muss man von Brasilien sein: Dida, Cafu, Lucio, Adriano, Ronaldo, Ronaldinho, Roberto Carlos, Ze Roberto, Kaka
