id, author_id, created_at, text
1415392644684029955, 183975354, 2021-07-14T19:27:57.000Z, @RaulGW90 @Jose85hu @recreoficial Y Antonio Molina, Ángel Bermejo, Álvaro Vázquez (este ya no)…
1417899641421586434, 416306316, 2021-07-21T17:29:52.000Z, Equipos  A y B del Indio en el amistoso de hoy Primer Tiempo  Devis Vazquez; Juan Franco, Jhon Murillo, Richard Rentería y Miguel Benítez; Marcelo Gonzalez, Angel Benítez, Jorge Valdez y Milton Maciel (Alan Pereira); Antonio Marin y Daniel Villalba.
1417916540540932096, 2823698633, 2021-07-21T18:37:01.000Z, RT @Danytroche: Equipos  A y B del Indio en el amistoso de hoy Primer Tiempo  Devis Vazquez; Juan Franco, Jhon Murillo, Richard Rentería y…
1417998362255691780, 203148067, 2021-07-22T00:02:09.000Z, RT @Danytroche: Equipos  A y B del Indio en el amistoso de hoy Primer Tiempo  Devis Vazquez; Juan Franco, Jhon Murillo, Richard Rentería y…
1418218920679378944, 2365662558, 2021-07-22T14:38:34.000Z, El proyecto se presentará en la Convocatoria https://t.co/x8S2eD1jqd. En el encuentro estuvieron representantes de la @UNVM, los intendentes de San Antonio de Litín, Juan Pablo Vázquez y de Noetinger, Ángel Bevilacqua, además de otras autoridades. https://t.co/T3Mu7ZIYuS
1420115904260677635, 317485763, 2021-07-27T20:16:30.000Z, #Guarani confirmado con: 1 Devis Vazquez  6 Juan Franco  27 Fernando Roman 22 Gustavo Navarro 4 Miguel Benitez 26 Marcelo Gonzalez  16 Angel Benitez  8 Jorge Valdez Chamorro  20 Milton Maciel  35 Antonio Marin 17 Daniel Villalva DT Fernando Jubero @SomosVersusPY @Universo970py
1420117224698884097, 117088691, 2021-07-27T20:21:45.000Z, RT @Serna_Carlos: #Guarani confirmado con: 1 Devis Vazquez  6 Juan Franco  27 Fernando Roman 22 Gustavo Navarro 4 Miguel Benitez 26 Marcelo…
1420131899981406214, 151514975, 2021-07-27T21:20:04.000Z, RT @Serna_Carlos: #Guarani confirmado con: 1 Devis Vazquez  6 Juan Franco  27 Fernando Roman 22 Gustavo Navarro 4 Miguel Benitez 26 Marcelo…
