id, author_id, created_at, text
794329819165192192, 263185346, 2016-11-04T00:06:01.000Z, Congratulations to Spartan Freshman Ahmad Brown, Isaiah Gerena, Elijah Gray and Brandon Johnson for being name to... https://t.co/qYIU3mb1E7
794340315985494021, 298020042, 2016-11-04T00:47:44.000Z, RT @hsspartans: Congratulations to Spartan Freshman Ahmad Brown, Isaiah Gerena, Elijah Gray and Brandon Johnson for being name to... https:…
794377641159786496, 287357905, 2016-11-04T03:16:03.000Z, https://t.co/6mraUX5qf6
794510042003292160, 1002914214, 2016-11-04T12:02:09.000Z, @Elijah_N_Brown 😂😂😂 https://t.co/7rSP6hqSom
794532704700235776, 2494583114, 2016-11-04T13:32:13.000Z, Utica teen Elijah Brown is going to plead guilty to manslaughter in the shooting death of another man
794535081935192064, 3081659314, 2016-11-04T13:41:39.000Z, “It’s about our future.” —12 year old Elijah Coles-Brown  Elijah can’t vote, but we can. Let’s speak up for him: https://t.co/yqpXb0XUnM https://t.co/Y6G4jV5Ek5
794535456629264384, 461885084, 2016-11-04T13:43:09.000Z, RT @HillaryforVA: “It’s about our future.” —12 year old Elijah Coles-Brown  Elijah can’t vote, but we can. Let’s speak up for him: https://…
794536674055204864, 3310860606, 2016-11-04T13:47:59.000Z, RT @HillaryforVA: “It’s about our future.” —12 year old Elijah Coles-Brown  Elijah can’t vote, but we can. Let’s speak up for him: https://…
794538389995278336, 23482709, 2016-11-04T13:54:48.000Z, Retweeted Nicole Todd WUTR (@NicoleTodd_WUTR):  Elijah brown has pleaded guilty to manslaughter in the first... https://t.co/hqnAmKvI89
794538615690919936, 791685277702090758, 2016-11-04T13:55:42.000Z, RT @HillaryforVA: “It’s about our future.” —12 year old Elijah Coles-Brown  Elijah can’t vote, but we can. Let’s speak up for him: https://…
794539053760679937, 887030672, 2016-11-04T13:57:26.000Z, RT @HillaryforVA: “It’s about our future.” —12 year old Elijah Coles-Brown  Elijah can’t vote, but we can. Let’s speak up for him: https://…
794540709466566659, 1037766188, 2016-11-04T14:04:01.000Z, RT @HillaryforVA: “It’s about our future.” —12 year old Elijah Coles-Brown  Elijah can’t vote, but we can. Let’s speak up for him: https://…
794540919374516224, 2415593703, 2016-11-04T14:04:51.000Z, RT @HillaryforVA: “It’s about our future.” —12 year old Elijah Coles-Brown  Elijah can’t vote, but we can. Let’s speak up for him: https://…
794540947212292096, 3192132308, 2016-11-04T14:04:58.000Z, RT @HillaryforVA: “It’s about our future.” —12 year old Elijah Coles-Brown  Elijah can’t vote, but we can. Let’s speak up for him: https://…
794545945933479936, 556224141, 2016-11-04T14:24:50.000Z, RT @HillaryforVA: “It’s about our future.” —12 year old Elijah Coles-Brown  Elijah can’t vote, but we can. Let’s speak up for him: https://…
794548004430770184, 1658947328, 2016-11-04T14:33:00.000Z, RT @HillaryforVA: “It’s about our future.” —12 year old Elijah Coles-Brown  Elijah can’t vote, but we can. Let’s speak up for him: https://…
794548437417127936, 373439919, 2016-11-04T14:34:44.000Z, RT @hsspartans: Congratulations to Spartan Freshman Ahmad Brown, Isaiah Gerena, Elijah Gray and Brandon Johnson for being name to... https:…
794549736791568384, 1365967123, 2016-11-04T14:39:53.000Z, RT @HillaryforVA: “It’s about our future.” —12 year old Elijah Coles-Brown  Elijah can’t vote, but we can. Let’s speak up for him: https://…
794551405612847104, 67364035, 2016-11-04T14:46:31.000Z, RT @HillaryforVA: “It’s about our future.” —12 year old Elijah Coles-Brown  Elijah can’t vote, but we can. Let’s speak up for him: https://…
794552091612065793, 346402393, 2016-11-04T14:49:15.000Z, RT @HillaryforVA: “It’s about our future.” —12 year old Elijah Coles-Brown  Elijah can’t vote, but we can. Let’s speak up for him: https://…
794554540741816320, 718635053685862400, 2016-11-04T14:58:59.000Z, RT @HillaryforVA: “It’s about our future.” —12 year old Elijah Coles-Brown  Elijah can’t vote, but we can. Let’s speak up for him: https://…
794564792300306438, 2311063720, 2016-11-04T15:39:43.000Z, RT @HillaryforVA: “It’s about our future.” —12 year old Elijah Coles-Brown  Elijah can’t vote, but we can. Let’s speak up for him: https://…
794567600269164544, 235214519, 2016-11-04T15:50:52.000Z, RT @HillaryforVA: “It’s about our future.” —12 year old Elijah Coles-Brown  Elijah can’t vote, but we can. Let’s speak up for him: https://…
794571555703558144, 3643249035, 2016-11-04T16:06:35.000Z, RT @HillaryforVA: “It’s about our future.” —12 year old Elijah Coles-Brown  Elijah can’t vote, but we can. Let’s speak up for him: https://…
794576594551476224, 746292988918140929, 2016-11-04T16:26:37.000Z, RT @HillaryforVA: “It’s about our future.” —12 year old Elijah Coles-Brown  Elijah can’t vote, but we can. Let’s speak up for him: https://…
794582305842921472, 708830884300873730, 2016-11-04T16:49:18.000Z, RT @HillaryforVA: “It’s about our future.” —12 year old Elijah Coles-Brown  Elijah can’t vote, but we can. Let’s speak up for him: https://…
794588041234890752, 4764058106, 2016-11-04T17:12:06.000Z, RT @HillaryforVA: “It’s about our future.” —12 year old Elijah Coles-Brown  Elijah can’t vote, but we can. Let’s speak up for him: https://…
794591787465641986, 607294108, 2016-11-04T17:26:59.000Z, RT @HillaryforVA: “It’s about our future.” —12 year old Elijah Coles-Brown  Elijah can’t vote, but we can. Let’s speak up for him: https://…
794596150766661632, 2429060390, 2016-11-04T17:44:19.000Z, RT @HillaryforVA: “It’s about our future.” —12 year old Elijah Coles-Brown  Elijah can’t vote, but we can. Let’s speak up for him: https://…
794598354147622912, 187657428, 2016-11-04T17:53:05.000Z, RT @HillaryforVA: “It’s about our future.” —12 year old Elijah Coles-Brown  Elijah can’t vote, but we can. Let’s speak up for him: https://…
794602279517245440, 554674982, 2016-11-04T18:08:41.000Z, RT @HillaryforVA: “It’s about our future.” —12 year old Elijah Coles-Brown  Elijah can’t vote, but we can. Let’s speak up for him: https://…
794604283572473856, 1583912646, 2016-11-04T18:16:38.000Z, Thank you, Corbin Kopetzky &amp; Elijah Brown, Lenoir-Rhyne students, for being with us today for Lunch &amp; Learn!
794609559918678016, 3310873800, 2016-11-04T18:37:36.000Z, RT @HillaryforVA: “It’s about our future.” —12 year old Elijah Coles-Brown  Elijah can’t vote, but we can. Let’s speak up for him: https://…
794611793612144640, 480664276, 2016-11-04T18:46:29.000Z, RT @HillaryforVA: “It’s about our future.” —12 year old Elijah Coles-Brown  Elijah can’t vote, but we can. Let’s speak up for him: https://…
794613911316262912, 2296966700, 2016-11-04T18:54:54.000Z, RT @HillaryforVA: “It’s about our future.” —12 year old Elijah Coles-Brown  Elijah can’t vote, but we can. Let’s speak up for him: https://…
794614051292741633, 34323350, 2016-11-04T18:55:27.000Z, RT @HillaryforVA: “It’s about our future.” —12 year old Elijah Coles-Brown  Elijah can’t vote, but we can. Let’s speak up for him: https://…
794614239847706624, 14466551, 2016-11-04T18:56:12.000Z, RT @HillaryforVA: “It’s about our future.” —12 year old Elijah Coles-Brown  Elijah can’t vote, but we can. Let’s speak up for him: https://…
794617085498368000, 474053956, 2016-11-04T19:07:31.000Z, RT @HillaryforVA: “It’s about our future.” —12 year old Elijah Coles-Brown  Elijah can’t vote, but we can. Let’s speak up for him: https://…
794618444633276416, 471324936, 2016-11-04T19:12:55.000Z, RT @HillaryforVA: “It’s about our future.” —12 year old Elijah Coles-Brown  Elijah can’t vote, but we can. Let’s speak up for him: https://…
794629984514142212, 741050639409635328, 2016-11-04T19:58:46.000Z, RT @HillaryforVA: “It’s about our future.” —12 year old Elijah Coles-Brown  Elijah can’t vote, but we can. Let’s speak up for him: https://…
794632467483336705, 41669035, 2016-11-04T20:08:38.000Z, RT @HillaryforVA: “It’s about our future.” —12 year old Elijah Coles-Brown  Elijah can’t vote, but we can. Let’s speak up for him: https://…
794637451360870400, 184309528, 2016-11-04T20:28:26.000Z, RT @HillaryforVA: “It’s about our future.” —12 year old Elijah Coles-Brown  Elijah can’t vote, but we can. Let’s speak up for him: https://…
794644621078986754, 49852308, 2016-11-04T20:56:56.000Z, RT @HillaryforVA: “It’s about our future.” —12 year old Elijah Coles-Brown  Elijah can’t vote, but we can. Let’s speak up for him: https://…
794651647578345472, 2665780009, 2016-11-04T21:24:51.000Z, RT @HillaryforVA: “It’s about our future.” —12 year old Elijah Coles-Brown  Elijah can’t vote, but we can. Let’s speak up for him: https://…
794654286508654592, 131953680, 2016-11-04T21:35:20.000Z, RT @HillaryforVA: “It’s about our future.” —12 year old Elijah Coles-Brown  Elijah can’t vote, but we can. Let’s speak up for him: https://…
794661791435542528, 454456942, 2016-11-04T22:05:09.000Z, RT @HillaryforVA: “It’s about our future.” —12 year old Elijah Coles-Brown  Elijah can’t vote, but we can. Let’s speak up for him: https://…
794666931483602945, 23482709, 2016-11-04T22:25:35.000Z, In Oneida County Court, Elijah Brown agreed with Judge Barry Donalty that he intended to cause serious physical... https://t.co/M5Z3XZYUWT
794686319674982400, 589914443, 2016-11-04T23:42:37.000Z, RT @HillaryforVA: “It’s about our future.” —12 year old Elijah Coles-Brown  Elijah can’t vote, but we can. Let’s speak up for him: https://…
794689902197673984, 2699827792, 2016-11-04T23:56:51.000Z, RT @HillaryforVA: “It’s about our future.” —12 year old Elijah Coles-Brown  Elijah can’t vote, but we can. Let’s speak up for him: https://…
794691627877072896, 3147901760, 2016-11-05T00:03:43.000Z, RT @HillaryforVA: “It’s about our future.” —12 year old Elijah Coles-Brown  Elijah can’t vote, but we can. Let’s speak up for him: https://…
794735293492559872, 479176098, 2016-11-05T02:57:14.000Z, RT @HillaryforVA: “It’s about our future.” —12 year old Elijah Coles-Brown  Elijah can’t vote, but we can. Let’s speak up for him: https://…
794893030809632768, 2139581, 2016-11-05T13:24:01.000Z, RT @HillaryforVA: “It’s about our future.” —12 year old Elijah Coles-Brown  Elijah can’t vote, but we can. Let’s speak up for him: https://…
794895555659005952, 735603498558054400, 2016-11-05T13:34:03.000Z, RT @HillaryforVA: “It’s about our future.” —12 year old Elijah Coles-Brown  Elijah can’t vote, but we can. Let’s speak up for him: https://…
794898315800363008, 16578807, 2016-11-05T13:45:01.000Z, RT @HillaryforVA: “It’s about our future.” —12 year old Elijah Coles-Brown  Elijah can’t vote, but we can. Let’s speak up for him: https://…
794903901954777088, 128347825, 2016-11-05T14:07:13.000Z, RT @HillaryforVA: “It’s about our future.” —12 year old Elijah Coles-Brown  Elijah can’t vote, but we can. Let’s speak up for him: https://…
794919190952083458, 2314440847, 2016-11-05T15:07:58.000Z, RT @HillaryforVA: “It’s about our future.” —12 year old Elijah Coles-Brown  Elijah can’t vote, but we can. Let’s speak up for him: https://…
794940698118291456, 461357584, 2016-11-05T16:33:26.000Z, Lawrence Brown 2 run, plus Elijah Walton 2-pt run. Conrad 21, Tatnall 21, 3:51 3Q #delhs
794962873680351232, 2964974777, 2016-11-05T18:01:33.000Z, RT @HillaryforVA: “It’s about our future.” —12 year old Elijah Coles-Brown  Elijah can’t vote, but we can. Let’s speak up for him: https://…
794987824504340480, 19796807, 2016-11-05T19:40:42.000Z, RT @HillaryforVA: “It’s about our future.” —12 year old Elijah Coles-Brown  Elijah can’t vote, but we can. Let’s speak up for him: https://…
795014176133541888, 762831302248767488, 2016-11-05T21:25:24.000Z, Official Results  Chris - 17:53 40th Brooks - 19:09 Brown - 19:11 PR Elijah - 19:49 PR Matt - 20:40 Nate - 20:54 PR Michael - 21:28
795014554338152448, 762831302248767488, 2016-11-05T21:26:55.000Z, Career day yesterday from Ryan Brown, big day from Nate and Elijah, and a bit of redemption for Chris.  XC now in the books time for winter!
795031736405127168, 4237014471, 2016-11-05T22:35:11.000Z, #Elijah_Benz, 25yo #camgirl Average body, 24B tits, Brown eyes and Black hair.  #WOMANCAM &gt;&gt;  https://t.co/WqgfzT8rIN https://t.co/X6jztzH8Jy
795109990541340672, 16088799, 2016-11-06T03:46:08.000Z, Mt. San Jacinto's Elijah Brown pass to helmet not hands against @sdmesacollege. DeeAnn Bradley/@MSJCedu #juco #CollegeFootball https://t.co/vBQV7RHaNk
795121422511259650, 287357905, 2016-11-06T04:31:34.000Z, Damn, these birds and loyal.... https://t.co/TREX9MjY3Y
795226213975465985, 973205959, 2016-11-06T11:27:58.000Z, RT @HillaryforVA: “It’s about our future.” —12 year old Elijah Coles-Brown  Elijah can’t vote, but we can. Let’s speak up for him: https://…
795299816909705217, 1403462221, 2016-11-06T16:20:26.000Z, @Shifteam_Brown @Elijah_Mason13 @JadonHayes3 https://t.co/XDU9ReKCSq
795375096345067520, 711565889833807873, 2016-11-06T21:19:34.000Z, RT @HillaryforVA: “It’s about our future.” —12 year old Elijah Coles-Brown  Elijah can’t vote, but we can. Let’s speak up for him: https://…
795397469303668736, 2664683520, 2016-11-06T22:48:29.000Z, RT @HillaryforVA: “It’s about our future.” —12 year old Elijah Coles-Brown  Elijah can’t vote, but we can. Let’s speak up for him: https://…
795411302709686272, 1002914214, 2016-11-06T23:43:27.000Z, @BrodyPatterson3 @muchonealo @Elijah_N_Brown @Mdavidson16B
795411587494510592, 2470285376, 2016-11-06T23:44:35.000Z, @corcutt61 @muchonealo @Elijah_N_Brown @Mdavidson16B ¯\_( ツ)_/¯
795413291917053952, 4190534177, 2016-11-06T23:51:21.000Z, @corcutt61 @BrodyPatterson3 @Elijah_N_Brown @Mdavidson16B I could care less lmao
795414126340243456, 2269171772, 2016-11-06T23:54:40.000Z, @muchonealo @corcutt61 @BrodyPatterson3 @Elijah_N_Brown I really don't care ... I'm rooting for them , it's over for us
795414333958291456, 1002914214, 2016-11-06T23:55:29.000Z, @Mdavidson16B @muchonealo @BrodyPatterson3 @Elijah_N_Brown right idk why that had to be said ouch
795416464077574148, 2470285376, 2016-11-07T00:03:57.000Z, @muchonealo @corcutt61 @Elijah_N_Brown @Mdavidson16B you guys were well liked, you still are but the truth hurts
795416812330647553, 2269171772, 2016-11-07T00:05:20.000Z, @BrodyPatterson3 @muchonealo @corcutt61 @Elijah_N_Brown we led perfectly fine 😂 the TEAM didn't perform well, you can't blame it all on us
795417960655491072, 4190534177, 2016-11-07T00:09:54.000Z, @Mdavidson16B @BrodyPatterson3 @corcutt61 @Elijah_N_Brown congratulations Eastwood, you guys deserve it obviously https://t.co/P1wKMTINXC
795613054369198080, 2633475609, 2016-11-07T13:05:08.000Z, RT @kaykay_brown: When you don't even feel the earthquake because Elijah's and I sleep to damn much @Ehankins1225 😂💀😴
795628368100200449, 327794592, 2016-11-07T14:05:59.000Z, UNM's Elijah Brown and NMSU's Ian Baker included as mid-major All-Americans. (Also IdahoSt's Ethan Telfair who plays in Pit Friday). https://t.co/vRubaZA6fT
795629418957905920, 122152529, 2016-11-07T14:10:10.000Z, RT @GeoffGrammer: UNM's Elijah Brown and NMSU's Ian Baker included as mid-major All-Americans. (Also IdahoSt's Ethan Telfair who plays in P…
795644420892737536, 162894954, 2016-11-07T15:09:46.000Z, RT @GeoffGrammer: UNM's Elijah Brown and NMSU's Ian Baker included as mid-major All-Americans. (Also IdahoSt's Ethan Telfair who plays in P…
795656263359221760, 287357905, 2016-11-07T15:56:50.000Z, https://t.co/B09v9T1c0t
795659289675210752, 466183973, 2016-11-07T16:08:51.000Z, RT @GeoffGrammer: UNM's Elijah Brown and NMSU's Ian Baker included as mid-major All-Americans. (Also IdahoSt's Ethan Telfair who plays in P…
795792887623614464, 287357905, 2016-11-08T00:59:44.000Z, https://t.co/r8LvSzgGbF
796001550086717440, 35586638, 2016-11-08T14:48:53.000Z, @BarstoolReags I thought about Peters but feel like every list like this hit him. Wanted to get guys like Elijah Brown on there. I had some
796004603481493504, 780408727, 2016-11-08T15:01:01.000Z, 🏀 @JayBilas includes a little mid-major love in his preseason rant. Ian Baker, UNM's Elijah Brown, UTEP's Dominic Artis mentioned... https://t.co/GDJtuGDzHo
796012387258220544, 141963213, 2016-11-08T15:31:56.000Z, RT @Deshaa_Vuu: #NamesIWouldNameMyChild Boys : Isiah, Nasir, Elijah, or Christopher Maurice Brown Jr. Lmao
796030746599235585, 287357905, 2016-11-08T16:44:54.000Z, https://t.co/jkR0GH6yrw
796057972497678336, 754116583958515713, 2016-11-08T18:33:05.000Z, #AllSports Elijah Brown leads New Mexico past New Mexico State https://t.co/o7gN4AiJ52
796091726050066432, 287357905, 2016-11-08T20:47:12.000Z, So I'm back in Philly to vote, feel so good to be home. Just riding around near West Philly. Such a dope place!... https://t.co/8FIFOjYewl
796189257043943428, 755447568, 2016-11-09T03:14:46.000Z, RT @hsspartans: Congratulations to Spartan Freshman Ahmad Brown, Isaiah Gerena, Elijah Gray and Brandon Johnson for being name to... https:…
796229005032570882, 1523288238, 2016-11-09T05:52:42.000Z, RT @_Elijah__Brown_: Why is nobody talking about Prop 57 being passed in California?!? Early parole shouldn't be given to rapist,arsonist,…
796230570007085056, 2409906264, 2016-11-09T05:58:55.000Z, @_Elijah__Brown_ people didn't do their research :/
796370358416896001, 2152341210, 2016-11-09T15:14:23.000Z, *with you by Chris brown comes on Elijah: ahhhh shitttttttt
796387180201594882, 287357905, 2016-11-09T16:21:14.000Z, I hear all this crazy talk about how it's the end of the world and there are a lot of jokes this morning. It's... https://t.co/UXIeiRVOey
796412568374050821, 184466894, 2016-11-09T18:02:07.000Z, Malik William @malikwilliam38 - Clemson  Chaundee Brown @cbrownballin935 - Wake Forest   Elijah Jordan @Unc_drew2 - New Hampshire https://t.co/tkDQTWRM7I
796412638607659008, 1230176624, 2016-11-09T18:02:24.000Z, RT @OntheRadarHoops: Malik William @malikwilliam38 - Clemson  Chaundee Brown @cbrownballin935 - Wake Forest   Elijah Jordan @Unc_drew2 - Ne…
796423107477180416, 4759650621, 2016-11-09T18:44:00.000Z, RT @OntheRadarHoops: Malik William @malikwilliam38 - Clemson  Chaundee Brown @cbrownballin935 - Wake Forest   Elijah Jordan @Unc_drew2 - Ne…
796442006197305358, 2215085324, 2016-11-09T19:59:06.000Z, RT @OntheRadarHoops: Malik William @malikwilliam38 - Clemson  Chaundee Brown @cbrownballin935 - Wake Forest   Elijah Jordan @Unc_drew2 - Ne…
796452521606860801, 4573439314, 2016-11-09T20:40:53.000Z, We gone miss you Obama!!!! 🇺🇸(You must watch)👀(🖕🏾Donald trump) (I am Elijah Brown)😎!!!!!!! #comedy #funny #UNCC # https://t.co/uDCPqXxfmf
796455117876822016, 25853465, 2016-11-09T20:51:12.000Z, RT @ElijahB65066536: We gone miss you Obama!!!! 🇺🇸(You must watch)👀(🖕🏾Donald trump) (I am Elijah Brown)😎!!!!!!! #comedy #funny #UNCC # http…
796458376162983936, 2229109003, 2016-11-09T21:04:09.000Z, College Court Report Preseason @MountainWest Player of the Year: Elijah Brown - @UNMLOBOS! https://t.co/bzSlDO9qXZ https://t.co/pbmmEdAQDG
796482415472455681, 1217187890, 2016-11-09T22:39:40.000Z, RT @OntheRadarHoops: Malik William @malikwilliam38 - Clemson  Chaundee Brown @cbrownballin935 - Wake Forest   Elijah Jordan @Unc_drew2 - Ne…
796484082209148928, 327794592, 2016-11-09T22:46:17.000Z, That's a healthy Lobo guard Elijah Brown as a full participant for 5th practice in a row a today's practice in the Pit. #mwbb https://t.co/e7ZJBGzwBB
796484340582477824, 23736539, 2016-11-09T22:47:19.000Z, RT @GeoffGrammer: That's a healthy Lobo guard Elijah Brown as a full participant for 5th practice in a row a today's practice in the Pit. #…
796487552253521921, 887340253, 2016-11-09T23:00:05.000Z, RT @OntheRadarHoops: Malik William @malikwilliam38 - Clemson  Chaundee Brown @cbrownballin935 - Wake Forest   Elijah Jordan @Unc_drew2 - Ne…
796508771098849280, 1085166139, 2016-11-10T00:24:24.000Z, @_Elijah__Brown_ @charjohnson11 thanks EB!
796532923365138432, 781545457143025664, 2016-11-10T02:00:22.000Z, RT @_Elijah__Brown_: Shoutout to my brothers @ericmadrid1234 and @charjohnson11 for signing today! #BlueBannerChasin
796541918888873984, 61630300, 2016-11-10T02:36:07.000Z, Elijah Brown returns from injury in season opener https://t.co/L32ws9qkw2
796543395040731136, 60146520, 2016-11-10T02:41:59.000Z, RT @KOBSports: Elijah Brown returns from injury in season opener https://t.co/L32ws9qkw2
796548513626632192, 202361674, 2016-11-10T03:02:19.000Z, RT @KOBSports: Elijah Brown returns from injury in season opener https://t.co/L32ws9qkw2
796554269469982720, 327794592, 2016-11-10T03:25:11.000Z, Tim Williams on defense from he and top scorer Elijah Brown: "If me and Elijah can step up our defense this year, we should be pretty good."
796558780469219328, 758772836597129217, 2016-11-10T03:43:07.000Z, Elijah Brown: Will play on Friday - https://t.co/0cfynhgGFX
796559617736273921, 506812264, 2016-11-10T03:46:26.000Z, @Rell_Brown @Book_Of_Elijah knowing you, you probably took off
796560221019705344, 42282134, 2016-11-10T03:48:50.000Z, RT @GeoffGrammer: Elijah Brown on hamstring injury that cost him 20 practices: First injured last Dec v Purdue. Admits he never rested it l…
796564416246509568, 53959333, 2016-11-10T04:05:30.000Z, RT @GeoffGrammer: Tim Williams on defense from he and top scorer Elijah Brown: "If me and Elijah can step up our defense this year, we shou…
796568337610407937, 52631757, 2016-11-10T04:21:05.000Z, RT @GeoffGrammer: That's a healthy Lobo guard Elijah Brown as a full participant for 5th practice in a row a today's practice in the Pit. #…
796573038217232384, 512771571, 2016-11-10T04:39:46.000Z, RT @GeoffGrammer: Elijah Brown on hamstring injury that cost him 20 practices: First injured last Dec v Purdue. Admits he never rested it l…
796605665674465280, 1216872054, 2016-11-10T06:49:25.000Z, Hot brown hair guy gets gay fucked hard Elijah White and Max Morgan are https://t.co/kHcme3quYo
796704495669415936, 246515860, 2016-11-10T13:22:08.000Z, Elijah Brown ready to play for the Lobos: The Mountain West Preseason Player of the Year is ready to get his hoop… https://t.co/ummZ701ixf
796774479556919296, 3874581672, 2016-11-10T18:00:13.000Z, Mountain West Basketball Countdown: #1 - Elijah Brown https://t.co/as86LGNfYb https://t.co/tg2BsBnCzB
796774484338507776, 1117068859, 2016-11-10T18:00:15.000Z, Mountain West Basketball Countdown: #1 - Elijah Brown https://t.co/ZItFJqerzN https://t.co/SBfIbzr0mq
796777215291781121, 16745374, 2016-11-10T18:11:06.000Z, Mountain West Basketball Countdown: #1 - Elijah Brown https://t.co/zW1mrdMDSM
796792961627463684, 2882823783, 2016-11-10T19:13:40.000Z, RT @OntheRadarHoops: Malik William @malikwilliam38 - Clemson  Chaundee Brown @cbrownballin935 - Wake Forest   Elijah Jordan @Unc_drew2 - Ne…
796797338190811136, 287357905, 2016-11-10T19:31:03.000Z, historic moment here... https://t.co/Mg0qbNFbdn
796806173508902912, 10494042, 2016-11-10T20:06:10.000Z, HAPPENING NOW: @21Wilberforce's Elijah Brown says 1052 non-Fulani killed btwn Jan-Oct 2016 during @AfricaUpClose panel on #NG's #MiddleBelt https://t.co/PmpKTp9HWc
796806395026964480, 1222016192, 2016-11-10T20:07:03.000Z, RT @tomozeus: HAPPENING NOW: @21Wilberforce's Elijah Brown says 1052 non-Fulani killed btwn Jan-Oct 2016 during @AfricaUpClose panel on #NG…
796835389734522880, 925991886, 2016-11-10T22:02:16.000Z, RT @OntheRadarHoops: Malik William @malikwilliam38 - Clemson  Chaundee Brown @cbrownballin935 - Wake Forest   Elijah Jordan @Unc_drew2 - Ne…
796835798188429313, 3004188632, 2016-11-10T22:03:53.000Z, RT @OntheRadarHoops: Malik William @malikwilliam38 - Clemson  Chaundee Brown @cbrownballin935 - Wake Forest   Elijah Jordan @Unc_drew2 - Ne…
796839492053307393, 470797395, 2016-11-10T22:18:34.000Z, RT @OntheRadarHoops: Malik William @malikwilliam38 - Clemson  Chaundee Brown @cbrownballin935 - Wake Forest   Elijah Jordan @Unc_drew2 - Ne…
797032229260197888, 791754975877693440, 2016-11-11T11:04:26.000Z, @Sk3tchYT Aw your eyes are so shiny omg awwww AWWWWWWW.Look at dat eyes, Elijah i need to tell you your eyes are OMG, have brown eyes too... https://t.co/GCsSoaZxbk
797165112012345344, 14622091, 2016-11-11T19:52:27.000Z, @cisabelg: MW Preseason Player of the Year to return just in time for regular season opener. https://t.co/ifvAF8U5Y0
797205970812338176, 287357905, 2016-11-11T22:34:49.000Z, Shout out to my bro Josue Guerrero https://t.co/qr4x4wso8e
797258963272265728, 166706067, 2016-11-12T02:05:23.000Z, Morristown West's Elijah Brown recovers a Halls fumble on the Trojan 35, and West takes over leading 20-17 with 7:20 left
797258964538970112, 20592139, 2016-11-12T02:05:24.000Z, Morristown West's Elijah Brown recovers a Halls fumble on the Trojan 35, and West takes over leading 20-17 with 7:20 left
797259018582495233, 1194962054, 2016-11-12T02:05:37.000Z, RT @The_Matty_D: Morristown West's Elijah Brown recovers a Halls fumble on the Trojan 35, and West takes over leading 20-17 with 7:20 left
797269252575137792, 327794592, 2016-11-12T02:46:17.000Z, UNM starters vs. Idaho State: Jordan Hunter 5-11, Elijah Brown 6-4, Sam Logwood 6-7, Tim Williams 6-8, Obij Aget 7-1.  #mwbb
797270352309141504, 3295993103, 2016-11-12T02:50:39.000Z, RT @elijah_geldard: Jalen brown is my boi
797271344274493440, 3038819418, 2016-11-12T02:54:35.000Z, Elijah Brown on fire during warm ups
797273835426807808, 327794592, 2016-11-12T03:04:29.000Z, This year's new Lobo intro song says they're getting back to their roots...Elijah Brown w/ huge ovation for intro...Good crowd tonight #mwbb
797274834937909248, 327794592, 2016-11-12T03:08:27.000Z, Tim Williams old fashioned 3-point play starts scoring for the season for UNM, Elijah Brown 3-pointer for next 3. #mwbb
797295541814034432, 74898635, 2016-11-12T04:30:44.000Z, Now instead of complaining about Cullen Neal, our fans are complaining about Elijah Brown. 🙄
797297024160776192, 76171011, 2016-11-12T04:36:38.000Z, Elijah Brown with just 8 points on 3-of-10 shooting in 20-plus minutes. Rusty much?
797298718928048128, 349887067, 2016-11-12T04:43:22.000Z, @_eb4_ Elijah Brown with 12 pts, Tim @Tim_Williams32  10 for UNM. Ethan Telfair 22 for Bengals. #TheLoboLair
797298885798424576, 27736752, 2016-11-12T04:44:02.000Z, Elijah Brown put some extra sauce on this eurostep for the and-1! Lobos on top in the 2nd half! #GoLobos https://t.co/t660AOGBGF
797299024785248257, 35602287, 2016-11-12T04:44:35.000Z, RT @UNMLOBOS: Elijah Brown put some extra sauce on this eurostep for the and-1! Lobos on top in the 2nd half! #GoLobos https://t.co/t660AOG…
797299597999603712, 1117068859, 2016-11-12T04:46:51.000Z, RT @GeoffGrammer: Lobo Elijah Brown on a breakaway. (Pic by @rosalesquique) #mwbb https://t.co/bpTOe7OU9O
797301674696024065, 3338759893, 2016-11-12T04:55:07.000Z, RT @UNMLOBOS: Elijah Brown put some extra sauce on this eurostep for the and-1! Lobos on top in the 2nd half! #GoLobos https://t.co/t660AOG…
797303692772933632, 4458938007, 2016-11-12T05:03:08.000Z, @Brooklyn_1694 I'll go for 2 because  blue and brown are my favorite colors... but I think 1 is more Elijah's stile ...
797438193511571457, 287357905, 2016-11-12T13:57:35.000Z, Facts https://t.co/uwdbcKyLtg
797478319516241920, 287357905, 2016-11-12T16:37:02.000Z, All dogs go to....here https://t.co/ttp9Q1OMrl
797649284569001984, 36488524, 2016-11-13T03:56:23.000Z, Elijah Brown scores his first of the season at 1:10 of the 2nd period to put Seattle up 2-0 😔
797653771887067136, 35886480, 2016-11-13T04:14:13.000Z, Elijah Brown scores 1:10 into 2nd to give T-Birds 2-0 lead. Giants counter at 3:01 on goal from Barberis.
797655947346722816, 36488524, 2016-11-13T04:22:52.000Z, The G-men are going back to the power play! Elijah Brown is sitting in the 📦 for the next 2 minutes for tripping!   #BeAGiant
797658142704168960, 28833005, 2016-11-13T04:31:35.000Z, RT @SeattleTbirds: Elijah Brown scores 1:10 into 2nd to give T-Birds 2-0 lead. Giants counter at 3:01 on goal from Barberis.
797838720204505090, 2309484979, 2016-11-13T16:29:08.000Z, Saw Nolan Berry now playing D2. Besides for Elijah Brown, the Dawgs kind of dodged a bullet by having everyone in 2013 class leave
797871550015934464, 1550947524, 2016-11-13T18:39:35.000Z, 184 | Parker VonEgidy up against UNC's Elijah Kerr-Brown
797876455342505984, 63894589, 2016-11-13T18:59:05.000Z, RT @AKasle_BU: Saw Nolan Berry now playing D2. Besides for Elijah Brown, the Dawgs kind of dodged a bullet by having everyone in 2013 class…
797881363839913984, 1566072650, 2016-11-13T19:18:35.000Z, 2019 A/M Greg Elijah-Brown (Oneida Braves) takes his room on the man up and buries a high riser at the #NXTCAI16
797895108146397184, 1078428241, 2016-11-13T20:13:12.000Z, RT @NXT_Showcase: 2019 A/M Greg Elijah-Brown (Oneida Braves) takes his room on the man up and buries a high riser at the #NXTCAI16
797937803384360960, 743514835053314048, 2016-11-13T23:02:51.000Z, Old fashioned with brown sugar instead of syrup. Barrel strength Elijah and football. #RavensFlock
797947244150276098, 1401517118, 2016-11-13T23:40:22.000Z, RT @NXT_Showcase: 2019 A/M Greg Elijah-Brown (Oneida Braves) takes his room on the man up and buries a high riser at the #NXTCAI16
797950845786746880, 729544177139089408, 2016-11-13T23:54:41.000Z, RT @whiskeyandweeks: Old fashioned with brown sugar instead of syrup. Barrel strength Elijah and football. #RavensFlock
797983241844178944, 94005406, 2016-11-14T02:03:25.000Z, RT @NXT_Showcase: 2019 A/M Greg Elijah-Brown (Oneida Braves) takes his room on the man up and buries a high riser at the #NXTCAI16
797995672423301121, 1164466194, 2016-11-14T02:52:49.000Z, RT @NXT_Showcase: 2019 A/M Greg Elijah-Brown (Oneida Braves) takes his room on the man up and buries a high riser at the #NXTCAI16
798141594914258944, 83683389, 2016-11-14T12:32:39.000Z, From Saturday. Elijah Barnwell and Piscataway topped Hunterdon Central with ease to advance to Semi's. @kelsi__brown on coverage. https://t.co/lKaKol7Zy1
798182807830986752, 1249717548, 2016-11-14T15:16:25.000Z, RT @DoubleGSports: From Saturday. Elijah Barnwell and Piscataway topped Hunterdon Central with ease to advance to Semi's. @kelsi__brown on…
798234112066613248, 1362117048, 2016-11-14T18:40:17.000Z, AJ Brodeur, Elijah Pemberton, Miye Oni, Wenyen Gabriel, Bruce Brown, Tyrn Flowers, Mark Gasperini &amp; Nassir Barrino   https://t.co/dtinXbh69w
798234269361573888, 3294488169, 2016-11-14T18:40:54.000Z, RT @NERRHoops: AJ Brodeur, Elijah Pemberton, Miye Oni, Wenyen Gabriel, Bruce Brown, Tyrn Flowers, Mark Gasperini &amp; Nassir Barrino   https:/…
798236104432287744, 2213484356, 2016-11-14T18:48:12.000Z, RT @NERRHoops: AJ Brodeur, Elijah Pemberton, Miye Oni, Wenyen Gabriel, Bruce Brown, Tyrn Flowers, Mark Gasperini &amp; Nassir Barrino   https:/…
798236747310186496, 337960977, 2016-11-14T18:50:45.000Z, RT @NERRHoops: AJ Brodeur, Elijah Pemberton, Miye Oni, Wenyen Gabriel, Bruce Brown, Tyrn Flowers, Mark Gasperini &amp; Nassir Barrino   https:/…
798250586751856640, 1090030519, 2016-11-14T19:45:45.000Z, RT @NERRHoops: AJ Brodeur, Elijah Pemberton, Miye Oni, Wenyen Gabriel, Bruce Brown, Tyrn Flowers, Mark Gasperini &amp; Nassir Barrino   https:/…
798338000144896001, 87782994, 2016-11-15T01:33:06.000Z, Come join Newark native Elijah Brown and Jersey City Native Jamal… https://t.co/ewpeeg0zNW
798343793585991680, 327794592, 2016-11-15T01:56:07.000Z, UNM starters vs. Houston Baptist: Jordan Hunter 5-11, Elijah Brown 6-4, Sam Logwood 6-7, Tim Williams 6-8, Obij Aget 7-1. #mwbb
798343920891600896, 42282134, 2016-11-15T01:56:37.000Z, RT @GeoffGrammer: UNM starters vs. Houston Baptist: Jordan Hunter 5-11, Elijah Brown 6-4, Sam Logwood 6-7, Tim Williams 6-8, Obij Aget 7-1.…
798353834250641408, 327794592, 2016-11-15T02:36:01.000Z, Elijah Brown hits two free throws for his first points of the game with 5:28 left 1st half... Lobos lead 34-15. #mwbb
798362323098316800, 327794592, 2016-11-15T03:09:45.000Z, Elijah Brown missing those 20 preseason practices still showing... 6-18 shooting this season, 1-8 from 3. (1-5/0-2 this game)
798365741510631424, 76171011, 2016-11-15T03:23:20.000Z, Elijah Brown checks back in. He's still not in game shape; held to 4 points in 19-plus minutes.
798373635207503873, 76171011, 2016-11-15T03:54:42.000Z, Exactly how concerned are the Lobos that Elijah Brown isn't up to speed? His 4 points in 26 minutes (1-8 FG) comes with 4 turnovers, 5 ast.
798374634496331776, 3224819138, 2016-11-15T03:58:40.000Z, Big night for Tim Williams, rough night for Elijah Brown. Williams: 29 pts, 10 rebounds Brown: 6 pts., 2 rebounds, but 5 assists
798377282247065600, 26165253, 2016-11-15T04:09:11.000Z, Elijah Brown looks like he's forcing it. It's gunna come once he settles in to the routine again.
798394310077063168, 76171011, 2016-11-15T05:16:51.000Z, UNM hoops fans: does Elijah Brown's slow start concern you?
798426126708260864, 327794592, 2016-11-15T07:23:17.000Z, Obvious bad so far for Lobo hoops: D hasn't yet proven to be better than last year &amp; Elijah Brown hasn't yet shook rust of missing preseason
798556113214066688, 287357905, 2016-11-15T15:59:48.000Z, I learned a long time ago you can't trust the media now I definitely will not be trusting the nowthis page.... https://t.co/aoQxwnbxZ8
798575030430994434, 2931566262, 2016-11-15T17:14:58.000Z, Lots of talent and depth on lobo roster this year...just wait until Elijah Brown is back to 100%...Go Lobos!!! https://t.co/EEOVulNLDi
798580472641191936, 16651215, 2016-11-15T17:36:36.000Z, NG Will Brown and S Elijah Benton are out vs. Coastal. Holder is doubtful; Isaacson, Avery, McGinty and Wells are questionable.
798616140738019328, 70603590, 2016-11-15T19:58:20.000Z, RT @NERRHoops: AJ Brodeur, Elijah Pemberton, Miye Oni, Wenyen Gabriel, Bruce Brown, Tyrn Flowers, Mark Gasperini &amp; Nassir Barrino   https:/…
798644530383720448, 24737098, 2016-11-15T21:51:08.000Z, @tkinder The ballot box is being stuffed, Jerry Brown, Harry Reid, Nancy Pelosi, Elijah Cummings, Shelia Jackson Lee all won by landslides..
798739680111906816, 61630300, 2016-11-16T04:09:14.000Z, "I don't think there's much to worry about there," said Tim Williams on Elijah Brown's slow start after his return from hamstring injury
798743929843748864, 287357905, 2016-11-16T04:26:07.000Z, I will be stopping thru this tomorrow to support my New Jersey family. If you're in Philly tomorrow come out! https://t.co/NmK89QGeBP
798943751771193349, 287357905, 2016-11-16T17:40:08.000Z, Epic Party Nerdz https://t.co/ux7vVpxoi0
798988003477553153, 287357905, 2016-11-16T20:35:59.000Z, Any of my fellow Android users out there having an issue with Facebook Messenger competes with your regular phone... https://t.co/GVMu7ga0lv
799001532008202240, 287357905, 2016-11-16T21:29:44.000Z, ...Or she's a comedic genius.... https://t.co/jLrlTRNEP6
799159589484670977, 2912400116, 2016-11-17T07:57:48.000Z, 🎃👻Win Some Halloween Treats! Elijah Brown-grant: https://t.co/VT2f75XdKV https://t.co/vt6ulrxduB
799479209219371008, 31295345, 2016-11-18T05:07:51.000Z, The Official Tony Brown's Journal -- 1972 Black Summit -- Part 2 https://t.co/5OFo1cutAs via @YouTube The Honorable Elijah Muhammad
799485950703194112, 2227259542, 2016-11-18T05:34:39.000Z, @UnhUnh_GetMoney you're brown-skinned, Elijah
799486500895334400, 25877287, 2016-11-18T05:36:50.000Z, Since when?  RT @lineleeedaaahhh: @UnhUnh_GetMoney you're brown-skinned, Elijah
799487274773860352, 142148135, 2016-11-18T05:39:54.000Z, RT @lineleeedaaahhh: @UnhUnh_GetMoney you're brown-skinned, Elijah
799620523386769408, 393780144, 2016-11-18T14:29:23.000Z, Elijah Brown look at this! https://t.co/WxC908xoBt
799625167777501184, 2831070864, 2016-11-18T14:47:50.000Z, Light brown hair white dick gay porn movie Elijah White is optimistic https://t.co/621aqHyTsC
799760313969217536, 287357905, 2016-11-18T23:44:52.000Z, https://t.co/3ruJzNDXCz
799793731603861504, 327794592, 2016-11-19T01:57:39.000Z, UNM starters vs. NMSU: Jordan Hunter 5-11, Elijah Brown 6-4, Sam Logwood 6-7, Tim Williams 6-8, Obij Aget 7-1. #mwbb
799793931466797057, 42282134, 2016-11-19T01:58:27.000Z, RT @GeoffGrammer: UNM starters vs. NMSU: Jordan Hunter 5-11, Elijah Brown 6-4, Sam Logwood 6-7, Tim Williams 6-8, Obij Aget 7-1. #mwbb
799794798215319552, 4417171758, 2016-11-19T02:01:54.000Z, Ian Baker with the block on Elijah Brown's layup to start!! #AggieUp
799801463555751936, 76171011, 2016-11-19T02:28:23.000Z, Elijah Brown with a rushed 3-pointer that was a foot to the right and at least a foot short. Eeeek. Lobos lead the Aggies, 16-15, 7:50 left.
799804753664352256, 27736752, 2016-11-19T02:41:27.000Z, #4 Elijah Brown with two for the Lobos in the first half against the Aggies #GoLobos @unmhoops https://t.co/Qe2HZIpdfp
799805203906056192, 1355847049, 2016-11-19T02:43:14.000Z, RT @UNMLOBOS: #4 Elijah Brown with two for the Lobos in the first half against the Aggies #GoLobos @unmhoops https://t.co/Qe2HZIpdfp
799805825871060992, 1616009192, 2016-11-19T02:45:43.000Z, RT @UNMLOBOS: #4 Elijah Brown with two for the Lobos in the first half against the Aggies #GoLobos @unmhoops https://t.co/Qe2HZIpdfp
799806139621703680, 760436942, 2016-11-19T02:46:58.000Z, RT @UNMLOBOS: #4 Elijah Brown with two for the Lobos in the first half against the Aggies #GoLobos @unmhoops https://t.co/Qe2HZIpdfp
799810580836028416, 2307518924, 2016-11-19T03:04:36.000Z, Quick 1st half stats: Elijah Brown led UNM with 7 points. Ian Baker led NMSU with 11 points.
799814805796200450, 27736752, 2016-11-19T03:21:24.000Z, #4 Elijah Brown with the jumper for two in the second half of the Rio Grand Rivalry here at WisePies Arena- The Pit #GoLobos @unmhoops https://t.co/2h3T3Dm1DG
799816801781776384, 2746174633, 2016-11-19T03:29:20.000Z, RT @UNMLOBOS: #4 Elijah Brown with the jumper for two in the second half of the Rio Grand Rivalry here at WisePies Arena- The Pit #GoLobos…
799820623975301121, 327794592, 2016-11-19T03:44:31.000Z, Lobo Elijah Brown now 0-for-6 from 3 (1-17 on season). #mwbb
799821359505285121, 327794592, 2016-11-19T03:47:26.000Z, Elijah Brown read my tweet... hits a 3.
799821371979100161, 55159606, 2016-11-19T03:47:29.000Z, Elijah Brown's 3 gives UNM a 51-44 lead. But Tanveer Bhullar to shoot 2 FTs.
799821380917215232, 76171011, 2016-11-19T03:47:31.000Z, Elijah Brown finally hits UNM's first 3-pointer at the 6:39 mark of the second half. It's a big one. Lobos lead NMSU 51-44
799823307923038208, 27736752, 2016-11-19T03:55:11.000Z, Great hustle by #11 Obij Aget that leads to the 3 pointer by #4 Elijah Brown #GoLobos @unmhoops https://t.co/yGzEYS9S6w
799823576782147585, 1355847049, 2016-11-19T03:56:15.000Z, RT @UNMLOBOS: Great hustle by #11 Obij Aget that leads to the 3 pointer by #4 Elijah Brown #GoLobos @unmhoops https://t.co/yGzEYS9S6w
799823680519815170, 3053489425, 2016-11-19T03:56:40.000Z, @UNMLOBOS @_eb4_ there's the Elijah Brown we all know and love!!
799823764959666178, 2746174633, 2016-11-19T03:57:00.000Z, RT @UNMLOBOS: Great hustle by #11 Obij Aget that leads to the 3 pointer by #4 Elijah Brown #GoLobos @unmhoops https://t.co/yGzEYS9S6w
799827195174600704, 1355847049, 2016-11-19T04:10:38.000Z, UNM WINS! Lobos down NMSU 72-59 behind a combined 39 pts from Tim Williams &amp; Elijah Brown. #GoLobos
799827286967156736, 55650291, 2016-11-19T04:10:59.000Z, RT @UNMHoops: UNM WINS! Lobos down NMSU 72-59 behind a combined 39 pts from Tim Williams &amp; Elijah Brown. #GoLobos
799827321263980544, 2420761064, 2016-11-19T04:11:08.000Z, RT @UNMHoops: UNM WINS! Lobos down NMSU 72-59 behind a combined 39 pts from Tim Williams &amp; Elijah Brown. #GoLobos
799827354965123073, 2420839808, 2016-11-19T04:11:16.000Z, RT @UNMHoops: UNM WINS! Lobos down NMSU 72-59 behind a combined 39 pts from Tim Williams &amp; Elijah Brown. #GoLobos
799827431293120512, 473177596, 2016-11-19T04:11:34.000Z, RT @UNMHoops: UNM WINS! Lobos down NMSU 72-59 behind a combined 39 pts from Tim Williams &amp; Elijah Brown. #GoLobos
799827437886599168, 59331234, 2016-11-19T04:11:35.000Z, RT @UNMHoops: UNM WINS! Lobos down NMSU 72-59 behind a combined 39 pts from Tim Williams &amp; Elijah Brown. #GoLobos
799827438935142401, 429237242, 2016-11-19T04:11:36.000Z, RT @UNMHoops: UNM WINS! Lobos down NMSU 72-59 behind a combined 39 pts from Tim Williams &amp; Elijah Brown. #GoLobos
799827492856950785, 378964089, 2016-11-19T04:11:49.000Z, RT @UNMHoops: UNM WINS! Lobos down NMSU 72-59 behind a combined 39 pts from Tim Williams &amp; Elijah Brown. #GoLobos
799827533202006021, 599685702, 2016-11-19T04:11:58.000Z, RT @UNMHoops: UNM WINS! Lobos down NMSU 72-59 behind a combined 39 pts from Tim Williams &amp; Elijah Brown. #GoLobos
799827705474772992, 16175607, 2016-11-19T04:12:39.000Z, RT @UNMHoops: UNM WINS! Lobos down NMSU 72-59 behind a combined 39 pts from Tim Williams &amp; Elijah Brown. #GoLobos
799827819660394496, 194017836, 2016-11-19T04:13:06.000Z, RT @UNMHoops: UNM WINS! Lobos down NMSU 72-59 behind a combined 39 pts from Tim Williams &amp; Elijah Brown. #GoLobos
799827852258607104, 23443870, 2016-11-19T04:13:14.000Z, Tim Williams led the Lobos in scoring with 20 points. Elijah Brown had 19 points. Ian Baker scored 25 points for the Aggies.
799827952384909312, 306030177, 2016-11-19T04:13:38.000Z, RT @UNMHoops: UNM WINS! Lobos down NMSU 72-59 behind a combined 39 pts from Tim Williams &amp; Elijah Brown. #GoLobos
799827998916497408, 26165253, 2016-11-19T04:13:49.000Z, RT @krqesports: Tim Williams led the Lobos in scoring with 20 points. Elijah Brown had 19 points. Ian Baker scored 25 points for the Aggies.
799828117103804421, 588818525, 2016-11-19T04:14:17.000Z, RT @UNMHoops: UNM WINS! Lobos down NMSU 72-59 behind a combined 39 pts from Tim Williams &amp; Elijah Brown. #GoLobos
799828147109851136, 2746174633, 2016-11-19T04:14:25.000Z, RT @UNMHoops: UNM WINS! Lobos down NMSU 72-59 behind a combined 39 pts from Tim Williams &amp; Elijah Brown. #GoLobos
799828363749851138, 423866447, 2016-11-19T04:15:16.000Z, RT @UNMHoops: UNM WINS! Lobos down NMSU 72-59 behind a combined 39 pts from Tim Williams &amp; Elijah Brown. #GoLobos
799828742944264192, 1332221029, 2016-11-19T04:16:47.000Z, RT @UNMHoops: UNM WINS! Lobos down NMSU 72-59 behind a combined 39 pts from Tim Williams &amp; Elijah Brown. #GoLobos
799829222399184896, 596850419, 2016-11-19T04:18:41.000Z, RT @UNMHoops: UNM WINS! Lobos down NMSU 72-59 behind a combined 39 pts from Tim Williams &amp; Elijah Brown. #GoLobos
799831049429798913, 2635177537, 2016-11-19T04:25:56.000Z, RT @UNMHoops: UNM WINS! Lobos down NMSU 72-59 behind a combined 39 pts from Tim Williams &amp; Elijah Brown. #GoLobos
799832119686008834, 33952336, 2016-11-19T04:30:12.000Z, RT @UNMHoops: UNM WINS! Lobos down NMSU 72-59 behind a combined 39 pts from Tim Williams &amp; Elijah Brown. #GoLobos
799834148479397889, 2678290758, 2016-11-19T04:38:15.000Z, RT @cisabelg: Quick 1st half stats: Elijah Brown led UNM with 7 points. Ian Baker led NMSU with 11 points.
799838794811932672, 3269259140, 2016-11-19T04:56:43.000Z, RT @UNMHoops: UNM WINS! Lobos down NMSU 72-59 behind a combined 39 pts from Tim Williams &amp; Elijah Brown. #GoLobos
799842298561523712, 1448025061, 2016-11-19T05:10:38.000Z, RT @UNMHoops: UNM WINS! Lobos down NMSU 72-59 behind a combined 39 pts from Tim Williams &amp; Elijah Brown. #GoLobos
799847022509654016, 776174565596672002, 2016-11-19T05:29:25.000Z, RT @UNMHoops: UNM WINS! Lobos down NMSU 72-59 behind a combined 39 pts from Tim Williams &amp; Elijah Brown. #GoLobos
799851367162646528, 234633478, 2016-11-19T05:46:41.000Z, RT @UNMHoops: UNM WINS! Lobos down NMSU 72-59 behind a combined 39 pts from Tim Williams &amp; Elijah Brown. #GoLobos
799852519690301440, 1461661537, 2016-11-19T05:51:15.000Z, RT @UNMHoops: UNM WINS! Lobos down NMSU 72-59 behind a combined 39 pts from Tim Williams &amp; Elijah Brown. #GoLobos
799858384300216320, 1967657988, 2016-11-19T06:14:34.000Z, RT @UNMHoops: UNM WINS! Lobos down NMSU 72-59 behind a combined 39 pts from Tim Williams &amp; Elijah Brown. #GoLobos
799861877392216064, 1654305679, 2016-11-19T06:28:26.000Z, RT @UNMLOBOS: Great hustle by #11 Obij Aget that leads to the 3 pointer by #4 Elijah Brown #GoLobos @unmhoops https://t.co/yGzEYS9S6w
799862027875401728, 1654305679, 2016-11-19T06:29:02.000Z, RT @UNMLOBOS: #4 Elijah Brown with the jumper for two in the second half of the Rio Grand Rivalry here at WisePies Arena- The Pit #GoLobos…
799863360863043584, 466183973, 2016-11-19T06:34:20.000Z, RT @UNMHoops: UNM WINS! Lobos down NMSU 72-59 behind a combined 39 pts from Tim Williams &amp; Elijah Brown. #GoLobos
799864569028026369, 466183973, 2016-11-19T06:39:08.000Z, RT @UNMLOBOS: Great hustle by #11 Obij Aget that leads to the 3 pointer by #4 Elijah Brown #GoLobos @unmhoops https://t.co/yGzEYS9S6w
799868939845115904, 23416351, 2016-11-19T06:56:30.000Z, RT @UNMHoops: UNM WINS! Lobos down NMSU 72-59 behind a combined 39 pts from Tim Williams &amp; Elijah Brown. #GoLobos
799889610117509120, 27391567, 2016-11-19T08:18:38.000Z, Elijah Brown @_eb4_ starts to shine, @JoeFurstinger &amp; Damien Jefferson @DJTrey23 help Tim Williams&amp;Sam Logwood in Lobo Hoops win. https://t.co/py5TdMORF3
799889735963525121, 327794592, 2016-11-19T08:19:08.000Z, @boettger_eli Tim Williams and Elijah Brown might get as many free throw attempts as just about any duo in the country this season.
799979782167527425, 287357905, 2016-11-19T14:16:57.000Z, https://t.co/61XAmbNotZ
799984145569087488, 496011844, 2016-11-19T14:34:17.000Z, RT @UNMHoops: UNM WINS! Lobos down NMSU 72-59 behind a combined 39 pts from Tim Williams &amp; Elijah Brown. #GoLobos
800008783363772420, 366238942, 2016-11-19T16:12:12.000Z, RT @UNMHoops: UNM WINS! Lobos down NMSU 72-59 behind a combined 39 pts from Tim Williams &amp; Elijah Brown. #GoLobos
800031275964841984, 287357905, 2016-11-19T17:41:34.000Z, https://t.co/fwtgTFYZvN
800105221917528064, 74282633, 2016-11-19T22:35:24.000Z, HALFTIME: RB Isaiah Brown has 66 yards on 8 carries. WR Elijah Alexander has 5 catches for 45 yards and a TD. @VCAthletics #NationalBowl
800108056063283200, 381745604, 2016-11-19T22:46:40.000Z, RT @vcscolleges: HALFTIME: RB Isaiah Brown has 66 yards on 8 carries. WR Elijah Alexander has 5 catches for 45 yards and a TD. @VCAthletics…
800116726931324928, 291337742, 2016-11-19T23:21:07.000Z, RT @UNMHoops: UNM WINS! Lobos down NMSU 72-59 behind a combined 39 pts from Tim Williams &amp; Elijah Brown. #GoLobos
