id, author_id, created_at, text
667862754850684929, 2151934289, 2015-11-21T00:31:03.000Z, RT @BocaJrsOficial: #Básquet Fabián Ramírez Barrios : "Este equipo no depende de un solo jugador". https://t.co/Ir6je9a6hE https://t.co/kZK…
667881386943098880, 3337655278, 2015-11-21T01:45:05.000Z, RT @BocaJrsOficial: #Básquet Fabián Ramírez Barrios : "Este equipo no depende de un solo jugador". https://t.co/Ir6je9a6hE https://t.co/kZK…
668057977962803201, 3041479253, 2015-11-21T13:26:48.000Z, RT @BocaJrsOficial: #Básquet Fabián Ramírez Barrios : "Este equipo no depende de un solo jugador". https://t.co/Ir6je9a6hE https://t.co/kZK…
668145096534188033, 529662469, 2015-11-21T19:12:59.000Z, Sin messi al 100% , en su casa y luego 4 que pudieron ser 7 u 8  Como siempre neymi y suarez echándose el equipo... https://t.co/b8FnQ9So2I
668220446169411586, 2590281924, 2015-11-22T00:12:23.000Z, RT @BocaJrsOficial: #Básquet Fabián Ramírez Barrios : "Este equipo no depende de un solo jugador". https://t.co/Ir6je9a6hE https://t.co/kZK…
668238690045571073, 64222507, 2015-11-22T01:24:53.000Z, #JuegosNacionales @IndeportesAnt Fabián Puerta, Santiago Ramírez, Juliana Gaviria,  Juan Esteban Arango, Alejandro González, Céiber Ávila
668337226380500992, 355497815, 2015-11-22T07:56:26.000Z, https://t.co/bdxZ562tuw
668529027607605248, 529662469, 2015-11-22T20:38:35.000Z, Me doy cuenta que uno no puede cambiar a las personas a su antojo siempre seguirán siendo las mismas aunque te... https://t.co/klJhZFHJIw
668553777784426498, 3236191227, 2015-11-22T22:16:56.000Z, #Básquet Fabián Ramírez Barrios : "Este equipo no depende de un solo jugador".
668606454216060928, 551458907, 2015-11-23T01:46:15.000Z, Marco Fabian y Ramirez por Lozano de Pachuca donde firmo
668805463148855297, 557212168, 2015-11-23T14:57:02.000Z, @VILLALVAZO13 Hola Alex Buenos días! !!! Soy fabian Ramirez  y tenemos una historia de terror en iztapalapa. Por favor dale seguirme.
668809036670885888, 3173632315, 2015-11-23T15:11:14.000Z, RT @AlvaroUribeVel: ‘Fabian Ramírez’, ‘Carlos Antonio Lozada’ y ‘Romaña’ en la mesa, estaban muertos, Cuba - https://t.co/89A9NiqO0K https:…
668843237705179136, 4258737100, 2015-11-23T17:27:09.000Z, RT @BocaJrsOficial: #Básquet Fabián Ramírez Barrios : "Este equipo no depende de un solo jugador". https://t.co/Ir6je9a6hE https://t.co/kZK…
668967310045130752, 138091650, 2015-11-24T01:40:10.000Z, @MuchoHP @AzulCDLM Henríquez, "Leticiano", Robayo, Fabián Vargas, Carlos Ramírez y otros que se me olvidan, son más malo que los de ISIS!
669281635611885573, 43957626, 2015-11-24T22:29:11.000Z, Can we get a turkey bowl?  Valerio Fabian Henry Ramirez Danny Helms Jr. Bizzy Bailey Zy High   Lil 8 on 8 ??
669289850772824065, 1692806599, 2015-11-24T23:01:49.000Z, Basquet | Los 5 iniciales de #Boca Jonathan Treise, Manny Atkins, Adrián Boccia, Fabián Ramírez Barrios y Facundo Vallejos. #VamosBoca
669307296900587520, 521697522, 2015-11-25T00:11:09.000Z, RT @Bosterizados: Basquet | Los 5 iniciales de #Boca Jonathan Treise, Manny Atkins, Adrián Boccia, Fabián Ramírez Barrios y Facundo Vallejo…
669541285682745344, 529662469, 2015-11-25T15:40:56.000Z, Jajajaja , porque me acorde de algo ?  Diego Ramirez , Mauricio Cristiano Vargas Ballesteros https://t.co/okP0MkScvo
669580372640952320, 145132929, 2015-11-25T18:16:15.000Z, Fabián Ramírez Barrios y el triunfo de @BocaJrsOficial en @Pickandrollweb https://t.co/H9BJ6dDkg8
669596300795617280, 68794948, 2015-11-25T19:19:33.000Z, @hmillos @PinoCalad Carlos ramírez, Kevin rendon, Fabián Vargas, Ramiro Sánchez.... Y la lista no para
670037240903507968, 4039525513, 2015-11-27T00:31:41.000Z, ¿Quién es la última persona con la que has hablado por teléfono? — FABIAN RAMIREZ https://t.co/bxnvnn2unK
670320152362135552, 529662469, 2015-11-27T19:15:52.000Z, Tienes razón en algo soy muy noble y por eso me ven la cara de pendejo la neta 󾮟 Creó que empezaré a aplicar el... https://t.co/WphjCcUx20
670392449769054208, 718464320, 2015-11-28T00:03:09.000Z, #LaLiga El quinteto de #Boca: Jony Treise, Manny Atkins, Adrián Boccia, Fabián Ramirez Barrios y Facundo Vallejos. 💪🏼💪🏼💪🏼 #VamosBoca!!!
670392724349169664, 2710961690, 2015-11-28T00:04:15.000Z, RT @TripleXeneize: #LaLiga El quinteto de #Boca: Jony Treise, Manny Atkins, Adrián Boccia, Fabián Ramirez Barrios y Facundo Vallejos. 💪🏼💪🏼💪…
670392792435318784, 3959513717, 2015-11-28T00:04:31.000Z, RT @TripleXeneize: #LaLiga El quinteto de #Boca: Jony Treise, Manny Atkins, Adrián Boccia, Fabián Ramirez Barrios y Facundo Vallejos. 💪🏼💪🏼💪…
670401284667764736, 171650465, 2015-11-28T00:38:16.000Z, RT @TripleXeneize: #LaLiga El quinteto de #Boca: Jony Treise, Manny Atkins, Adrián Boccia, Fabián Ramirez Barrios y Facundo Vallejos. 💪🏼💪🏼💪…
670453523465662464, 991654508, 2015-11-28T04:05:51.000Z, Walter Ramirez Fabian Gabriel Castro Santana https://t.co/w1cjKPluhp
670483043786838017, 202233305, 2015-11-28T06:03:09.000Z, RT @cecollm: Tres ‘muertos vivientes’ de las FARC en Cuba https://t.co/Ua3LTV3sRJ vía @RevistaSemana https://t.co/OEAMAahHh9
670667302468124672, 759711366, 2015-11-28T18:15:19.000Z, RT @cecollm: Tres ‘muertos vivientes’ de las FARC en Cuba https://t.co/Ua3LTV3sRJ vía @RevistaSemana https://t.co/OEAMAahHh9
670670431062499328, 1054949095, 2015-11-28T18:27:45.000Z, RT @cecollm: Tres ‘muertos vivientes’ de las FARC en Cuba https://t.co/Ua3LTV3sRJ vía @RevistaSemana https://t.co/OEAMAahHh9
670670812828057600, 3386683301, 2015-11-28T18:29:16.000Z, RT @cecollm: Tres ‘muertos vivientes’ de las FARC en Cuba https://t.co/Ua3LTV3sRJ vía @RevistaSemana https://t.co/OEAMAahHh9
670745688439980036, 2376650185, 2015-11-28T23:26:48.000Z, RT @BocaJrsOficial: #Básquet Fabián Ramírez Barrios : "Este equipo no depende de un solo jugador". https://t.co/Ir6je9a6hE https://t.co/kZK…
670751791424798721, 529662469, 2015-11-28T23:51:03.000Z, Luis ? Que pedo con esto tienes alguna explicación coherente ? https://t.co/1EIvUIiqCb
670989431218806784, 1347139328, 2015-11-29T15:35:21.000Z, RT @cecollm: Tres ‘muertos vivientes’ de las FARC en Cuba https://t.co/Ua3LTV3sRJ vía @RevistaSemana https://t.co/OEAMAahHh9
671101927652888576, 355497815, 2015-11-29T23:02:22.000Z, https://t.co/xN9O3HXxX9
671156613949087745, 355497815, 2015-11-30T02:39:40.000Z, https://t.co/1JTxQHSfYP
671465348768468992, 1584652477, 2015-11-30T23:06:29.000Z, Here is the the social entrepreneurs of the day//El emprendedor social del día es Fabian Ramírez, Soacha... https://t.co/ZY2OKyzZUh
671467007754268672, 42129615, 2015-11-30T23:13:04.000Z, Here is the the social entrepreneurs of the day//El emprendedor social del día es Fabian Ramírez, Soacha... https://t.co/gn85khlOuG
671482644497043457, 3436194317, 2015-12-01T00:15:12.000Z, Tres ‘muertos vivientes’ de las FARC en Cuba https://t.co/dxtQPBYCLw vía RevistaSemana. #juanmanuelsantos
671550573104115713, 109030247, 2015-12-01T04:45:08.000Z, cont. (arriba) Fabián Estay, José Cardozo, Beto Aspe, Paco Ramírez y Carlos María Morales. https://t.co/tPvzARtvCF
671550791874809856, 2784697011, 2015-12-01T04:46:00.000Z, RT @SanCadilla: cont. (arriba) Fabián Estay, José Cardozo, Beto Aspe, Paco Ramírez y Carlos María Morales. https://t.co/tPvzARtvCF
671550940328026113, 85232129, 2015-12-01T04:46:35.000Z, RT @SanCadilla: cont. (arriba) Fabián Estay, José Cardozo, Beto Aspe, Paco Ramírez y Carlos María Morales. https://t.co/tPvzARtvCF
671551228938088448, 484476587, 2015-12-01T04:47:44.000Z, RT @SanCadilla: cont. (arriba) Fabián Estay, José Cardozo, Beto Aspe, Paco Ramírez y Carlos María Morales. https://t.co/tPvzARtvCF
671552218462478337, 186456751, 2015-12-01T04:51:40.000Z, RT @SanCadilla: cont. (arriba) Fabián Estay, José Cardozo, Beto Aspe, Paco Ramírez y Carlos María Morales. https://t.co/tPvzARtvCF
671553959329337344, 75721865, 2015-12-01T04:58:35.000Z, RT @SanCadilla: cont. (arriba) Fabián Estay, José Cardozo, Beto Aspe, Paco Ramírez y Carlos María Morales. https://t.co/tPvzARtvCF
671554991404900352, 143961385, 2015-12-01T05:02:41.000Z, #ExtrañaDama en la voz de #ValeriaLinch a petición de Fabian Ramirez a través de : https://t.co/iC2BwSYcGi
671556773396942848, 161410704, 2015-12-01T05:09:46.000Z, RT @SanCadilla: cont. (arriba) Fabián Estay, José Cardozo, Beto Aspe, Paco Ramírez y Carlos María Morales. https://t.co/tPvzARtvCF
671572540934885376, 121303288, 2015-12-01T06:12:25.000Z, RT @SanCadilla: cont. (arriba) Fabián Estay, José Cardozo, Beto Aspe, Paco Ramírez y Carlos María Morales. https://t.co/tPvzARtvCF
671683213903814656, 3517556894, 2015-12-01T13:32:12.000Z, RT @SanCadilla: cont. (arriba) Fabián Estay, José Cardozo, Beto Aspe, Paco Ramírez y Carlos María Morales. https://t.co/tPvzARtvCF
672117544317116416, 2904848532, 2015-12-02T18:18:04.000Z, RT @SanCadilla: cont. (arriba) Fabián Estay, José Cardozo, Beto Aspe, Paco Ramírez y Carlos María Morales. https://t.co/tPvzARtvCF
672130369471188992, 31711397, 2015-12-02T19:09:02.000Z, Missing Fabian Ramirez - NM Please support family seeking him at... https://t.co/tCmMz1hsT4
672285442004283392, 529662469, 2015-12-03T05:25:14.000Z, No hagas promesas que no vas cumplir.  Al final de cuentas las palabras se las lleva el viento , al igual que lo... https://t.co/8XXS4u6XkG
672396374869016578, 355497815, 2015-12-03T12:46:02.000Z, https://t.co/xqWTxNL5oU
672413675630759937, 418221180, 2015-12-03T13:54:47.000Z, RT @loa_ramirez: Me acuerdo cuando vino gaston y fabian a mi casa, me bajaron la heladera los muy hijos de su madre 😒
672494958029496320, 1388062195, 2015-12-03T19:17:47.000Z, Fabian Puerta lidera la Selección Colombia en la Copa Mundo #TWCNZ, Ramirez, Gaviria, Murillo, Salcedo,Arango,Parra,Sánchez, Bayona,Estrada
672524882257707008, 991654508, 2015-12-03T21:16:41.000Z, Jajajaja Walter Ramirez Fabian Emmanuel Rosario Frías Ricardo Rosario Frias Arturo Castro Mills Jacm Gabriel... https://t.co/xm5oWQ3Fjf
672539154161541120, 274613342, 2015-12-03T22:13:24.000Z, RT @RobayoColombia: Fabian Puerta lidera la Selección Colombia en la Copa Mundo #TWCNZ, Ramirez, Gaviria, Murillo, Salcedo,Arango,Parra,Sán…
672585306982375425, 529662469, 2015-12-04T01:16:47.000Z, Si amas algo déjalo ir ? . . . . . . . No gracias hoy me di cuenta que si lo amas hay que luchar aferrarse nada... https://t.co/XkVvwiyqYM
672638347945205761, 529662469, 2015-12-04T04:47:33.000Z, Jajajaja https://t.co/MHImdaedw6
672750325015646208, 57348793, 2015-12-04T12:12:31.000Z, Adiós a otro grande de nuestra generación.  Juan Pablo. Fabian Augusto Quintero Ramirez Miguel Suárez https://t.co/RB24TkbU50
672987467906199553, 355497815, 2015-12-05T03:54:50.000Z, https://t.co/2cFD3Oo1Nl
672987931418718208, 355497815, 2015-12-05T03:56:41.000Z, https://t.co/CyaoxHUjIG
672991115855826944, 355497815, 2015-12-05T04:09:20.000Z, https://t.co/erqmEQPrvP
672991905806983169, 1388062195, 2015-12-05T04:12:28.000Z, Santiago Ramirez será el ciclista de Colombia en la prueba de Velocidad Hombres de la Copa Mundo de Pista #TWCNZ, ¿q pasó con Fabián Puerta?
672995533796020224, 1441548986, 2015-12-05T04:26:53.000Z, J Fabian Molina Ramirez jajaja https://t.co/vesvdKBQIt
673005374887325696, 4315869196, 2015-12-05T05:05:59.000Z, @ElMiyashiro chino X favor Salado's a Mi hijo Fabian Augusto Ramirez Sanchez q ve tu programa tiene 3 años u esta viendo la final
673119596078112768, 274613342, 2015-12-05T12:39:52.000Z, RT @RobayoColombia: Santiago Ramirez será el ciclista de Colombia en la prueba de Velocidad Hombres de la Copa Mundo de Pista #TWCNZ, ¿q pa…
673135344720740353, 355497815, 2015-12-05T13:42:27.000Z, Cuantas personas hay a nuestro alrededor comportandose como culebra? https://t.co/CE7ueUVmA5
673136094037336064, 355497815, 2015-12-05T13:45:25.000Z, https://t.co/wQLCbwMWnc
673152490901082112, 355497815, 2015-12-05T14:50:35.000Z, https://t.co/l0sm7fAcJI
673274927294734336, 3310007245, 2015-12-05T22:57:06.000Z, It was such an honor meeting the mayor of Eagle Pass &amp; a HUGE thank you to C.C. Winn HS &amp; Mr. Fabian Ramirez. https://t.co/uWcfPEhxb8
673306344317829121, 323300083, 2015-12-06T01:01:56.000Z, Myriam Diaz, Claudia Gonzalez Diaz, Micaela Ramirez, Rodrigo Ramirez, Fabián Marquez, Lulii Ramirez , Nathii... https://t.co/xnsdWZH8MA
673321550037262336, 4261824378, 2015-12-06T02:02:21.000Z, un placer saludar a nuestros grandes amigos Fabian Tongolele Ramirez como trabajan los Inges. de Grupo Despegue Raza
673363186947522560, 1654118011, 2015-12-06T04:47:48.000Z, RT @AASC_StuCo: It was such an honor meeting the mayor of Eagle Pass &amp; a HUGE thank you to C.C. Winn HS &amp; Mr. Fabian Ramirez. https://t.co/…
673516573718544384, 2727699022, 2015-12-06T14:57:19.000Z, QUILLON / FUENTE SOYCHILLAN  Padre murió calcinado en Quillón tras salvar a sus hijos 10:20 Fabián Ramírez Parra... https://t.co/wXimT3rpmJ
673520166718844928, 1421056818, 2015-12-06T15:11:35.000Z, RT @biobioinforma1: QUILLON / FUENTE SOYCHILLAN  Padre murió calcinado en Quillón tras salvar a sus hijos 10:20 Fabián Ramírez Parra... htt…
673532104349769729, 96557366, 2015-12-06T15:59:01.000Z, Incendio Quillon destrozo vivienda fallecio Fabian Ramirez Parra pje. Maitenes  1770 pob. https://t.co/9YRBrq97tX. https://t.co/Jc52hS8ezH
673547998241009664, 1699826820, 2015-12-06T17:02:11.000Z, RedBioBio.cl | Salvó a sus hijas de un incendio pero murió calcinado: Como Fabián Ramírez Parra de 37 años fue... https://t.co/ME8flWqKWK
673548000556269568, 105309243, 2015-12-06T17:02:11.000Z, Salvó a sus hijas de un incendio pero murió calcinado: Como Fabián Ramírez Parra de 37 años fue identificado e... https://t.co/4J6aCabzea
673650038053171201, 4183461015, 2015-12-06T23:47:39.000Z, Fabián García y Carlos Ramírez, Sub-campeones copa de plata categoría 2005-2006 en el… https://t.co/OtdCW3VguN
