id, author_id, created_at, text
662408276307525632, 76335079, 2015-11-05T23:16:54.000Z, E os ensaios já estão rolando... 🎭👏🏼⭐️👍🏻. #teatroinfantil #dominngosmourao #Estrada #professor… https://t.co/uDbbVNxGKW
662692475358826497, 172822492, 2015-11-06T18:06:13.000Z, 📷 Las entrañas del Gigante por Rolando Estrada Por Flickr: Barrilete elaborado por el Grupo Jovenes... https://t.co/vVZb34IesC
662708514297548800, 172822492, 2015-11-06T19:09:56.000Z, Las entrañas del Gigante por Rolando EstradaPor... https://t.co/cMyEMDZN2E
662722976136097792, 1089145122, 2015-11-06T20:07:24.000Z, Não tenho direção, eu só estou rolando estrada abaixo esperando você me tirar desse frio
662998297527762944, 3233416287, 2015-11-07T14:21:26.000Z, Segundo entrenamiento 1 Cabrera 2 Conci 3 Ciarrochi 4 Bundziak 5 Rolando 6 Marino 7 Estrada 8 Soto Z 9 Satler 10 Moggia
662998455824977922, 3233416287, 2015-11-07T14:22:04.000Z, Enternamiento (General) 1 Cabrera (1:33.495) 2 Conci 3 Moggia 4 Ciarrochi 5 Bundziak 6 Rolando 7 Marino 8 Soto Z 9 Estrada 10 Cavagnero
663001777759997952, 1578136172, 2015-11-07T14:35:16.000Z, RT @FRenaultOficial: Enternamiento (General) 1 Cabrera (1:33.495) 2 Conci 3 Moggia 4 Ciarrochi 5 Bundziak 6 Rolando 7 Marino 8 Soto Z 9 Est…
663001793987768320, 1578136172, 2015-11-07T14:35:20.000Z, RT @FRenaultOficial: Segundo entrenamiento 1 Cabrera 2 Conci 3 Ciarrochi 4 Bundziak 5 Rolando 6 Marino 7 Estrada 8 Soto Z 9 Satler 10 Moggia
663008125650378752, 2950101651, 2015-11-07T15:00:29.000Z, RT @FRenaultOficial: Enternamiento (General) 1 Cabrera (1:33.495) 2 Conci 3 Moggia 4 Ciarrochi 5 Bundziak 6 Rolando 7 Marino 8 Soto Z 9 Est…
663017634632437764, 3873538547, 2015-11-07T15:38:17.000Z, RT @FRenaultOficial: Segundo entrenamiento 1 Cabrera 2 Conci 3 Ciarrochi 4 Bundziak 5 Rolando 6 Marino 7 Estrada 8 Soto Z 9 Satler 10 Moggia
663125079853768705, 2509075382, 2015-11-07T22:45:13.000Z, RT @FRenaultOficial: Segundo entrenamiento 1 Cabrera 2 Conci 3 Ciarrochi 4 Bundziak 5 Rolando 6 Marino 7 Estrada 8 Soto Z 9 Satler 10 Moggia
663218400081125376, 365252901, 2015-11-08T04:56:03.000Z, Tem um somzinho rolando na estrada com a queridíssima Yolanda! https://t.co/G6VXeU52RE
663355434909237248, 465792221, 2015-11-08T14:00:34.000Z, Final en la #FRenault 1 Ciarrocchi 2 Marino 3 Rolando 4 Bundziak 5 Moggia 6 Satler 7 Conci 8 Estrada 9 Kissling 10 Cavagnero
663355750664794112, 2460422262, 2015-11-08T14:01:50.000Z, RT @CarburandoTV: Final en la #FRenault 1 Ciarrocchi 2 Marino 3 Rolando 4 Bundziak 5 Moggia 6 Satler 7 Conci 8 Estrada 9 Kissling 10 Cavagn…
663355863860649984, 29039722, 2015-11-08T14:02:17.000Z, #FórmulaRenault2.0 Final 2 #Mendoza 1 M.Ciarrocchi 2 E.Marino 3 R.Rolando 4 R.Bundziak 5 M.Moggia (Campeon) 6 H.Satler 7 A.Conci 8 L.Estrada
663355886493110272, 81104429, 2015-11-08T14:02:22.000Z, #FórmulaRenault2.0 Final 2 #Mendoza 1 M.Ciarrocchi 2 E.Marino 3 R.Rolando 4 R.Bundziak 5 M.Moggia (Campeon) 6 H.Satler 7 A.Conci 8 L.Estrada
663548896493379584, 3291658784, 2015-11-09T02:49:19.000Z, Eu to aq mandando mensagem pra Dona Alessandra avisando q ta rolando tiro na estrada do mendanha e ela me manda um audio rindo e bêbada 😡👊
663682944511418368, 2315293862, 2015-11-09T11:41:59.000Z, Vídeo que tá rolando no facebook da menina que viu algo branco na estrada e no fim confundiu o local, a BR e tudo mais. Apenas rindo.
664157248583827456, 1268002016, 2015-11-10T19:06:42.000Z, @leocta nao sabemos se vamos pq ta rolando que os caminhoneiros vao fechar amanha a estrada e ai fudeu pra gnt aqui
664194799969398784, 172822492, 2015-11-10T21:35:55.000Z, 📷 Colores sublimes por Rolando Estrada Por Flickr: El 1 de Noviembre de 2015 fue un dia particularmente... https://t.co/JRnxqeIR7Q
664205746679205889, 1369269325, 2015-11-10T22:19:25.000Z, 📷 chinoestrada: Colores sublimes por Rolando Estrada Por Flickr: El 1 de Noviembre de 2015 fue un dia... https://t.co/E771pr761E
664208135175847936, 172822492, 2015-11-10T22:28:54.000Z, Colores sublimes por Rolando EstradaPor Flickr:El 1 de... https://t.co/6mJGh750C4
664858470898868224, 172822492, 2015-11-12T17:33:06.000Z, 📷 Sun tanning, 2015 por Rolando Estrada Por Flickr: De frente a un solazo de inicios de Noviembre, este... https://t.co/HK4Qkbb1Y9
664890958467612672, 172822492, 2015-11-12T19:42:12.000Z, Sun tanning, 2015 por Rolando EstradaPor Flickr:De... https://t.co/IPBlh7w8dH
666305741368651776, 172822492, 2015-11-16T17:24:02.000Z, 📷 En el Cementerio en dia de los Santos por Rolando Estrada Por Flickr: Comienzo de la tradición No se... https://t.co/YlR9lo6PNv
666320800031617024, 3013785852, 2015-11-16T18:23:53.000Z, Tudo resolvido agora é pegar a estrada e chegar em casa bem, ja rolou a bagana, o som ja ta rolando e partiu
666471735735091200, 367267476, 2015-11-17T04:23:38.000Z, Nos Preguntamos Muchos Porque No Hemos Visto A Rolando Estrada #FaraonDeOro En #TTMT @pepegarza @Don__Cheto @anabarbaramusic @TengoTalento
666480993277120513, 367267476, 2015-11-17T05:00:26.000Z, @TengoTalento PORQUE NO LE AN HABLADO A ROLANDO ESTRADA (FARAON DE ORO)
666492276730761216, 367267476, 2015-11-17T05:45:16.000Z, @elisaberistain comadre, preguntele a Don pepe que porque no le an hablado a Rolando (FaraonDeOro) estrada en tengo talento mucho talento.
666701756009574400, 367267476, 2015-11-17T19:37:40.000Z, @luiscoronel281 why don't yah answer, we want to know what happened why haven't yah called Rolando Estrada, He received the 4 pases
667153796032630785, 162132278, 2015-11-19T01:33:54.000Z, Ensaio rolando e Eu na estrada.  #GrupoChuvaDePrata  #BrinquedoDeAmor  🎼🎼🎼 #AoVivo https://t.co/VZ143nyj40
667404318857961472, 172822492, 2015-11-19T18:09:24.000Z, 📹 Fotografos en los techos por Rolando Estrada Por Flickr: Como parte de las Festividades del Centro... https://t.co/CGo7DLqYX0
667432449824137216, 54611454, 2015-11-19T20:01:10.000Z, Estrada, cerveja, chuva e Free rolando no último volume. Poucas combinações são tão perfeitas.
667436165658710020, 172822492, 2015-11-19T20:15:56.000Z, Fotografos en los techos por Rolando EstradaPor... https://t.co/Otwu7k3mZM
