id, author_id, created_at, text
644620812075560960, 1366777999, 2015-09-17T21:15:52.000Z, Herrera duke ngrënë darkë në Manchester me të dashurën..  /D.SH/ http://t.co/B3VmyaiQNN
645288239570534401, 242278984, 2015-09-19T17:27:59.000Z, Mr. Daniel Herrera with Rhythm Divine  Duke City Pix http://t.co/QmmN9Dwdm8
646001523240083456, 17379685, 2015-09-21T16:42:19.000Z, JUST IN: Man found shot to death in San Gabriel riverbed ID’d as Duke Herrera, 24 http://t.co/hHENb6HODc http://t.co/WVw5w0dr5u
646002637096153088, 53226878, 2015-09-21T16:46:45.000Z, RT @NBCLA: JUST IN: Man found shot to death in San Gabriel riverbed ID’d as Duke Herrera, 24 http://t.co/hHENb6HODc http://t.co/WVw5w0dr5u
646003380603588608, 199056422, 2015-09-21T16:49:42.000Z, RT @NBCLA: JUST IN: Man found shot to death in San Gabriel riverbed ID’d as Duke Herrera, 24 http://t.co/hHENb6HODc http://t.co/WVw5w0dr5u
646042328902291457, 118829062, 2015-09-21T19:24:28.000Z, Identifican cadáver encontrado en el río San Gabriel http://t.co/juheQqrFF7 http://t.co/tSajaMkngp
646044078103240704, 137732538, 2015-09-21T19:31:25.000Z, Identifican cadáver encontrado en río de L.A. - LOS ANGELES (California) - El Departamento del Alguacil identificó... http://t.co/cITzq5mkfT
646050777337716736, 1618416878, 2015-09-21T19:58:03.000Z, Duke Herrera, 24 http://t.co/aa26OsMh3A
646053407875317760, 614962906, 2015-09-21T20:08:30.000Z, Duke Herrera, 24 : #IHateTimWaterman
646056385617068032, 447804471, 2015-09-21T20:20:20.000Z, Duke Herrera, 24:  Duke Herrera, a 24-year-old Latino male, died Saturday, Sept. 19, after being shot in Long ... http://t.co/Id1IUNjVu8
646056389446537216, 441187574, 2015-09-21T20:20:21.000Z, Duke Herrera, 24:  Duke Herrera, a 24-year-old Latino male, died Saturday, Sept. 19, after being shot in Long ... http://t.co/fDho4e5war
646056391237480449, 733264453, 2015-09-21T20:20:21.000Z, Duke Herrera, 24:  Duke Herrera, a 24-year-old Latino male, died Saturday, Sept. 19, after being shot in Long ... http://t.co/Qt8RmKDPNr
646136017049686016, 353488365, 2015-09-22T01:36:45.000Z, R.I.P. Friend of mine, Duke Herrera, 🙏🏻🙏🏻 you deserved better...
646808712045297664, 594772286, 2015-09-23T22:09:48.000Z, Su hermana dice que fue a la escuela y nunca regresó. Duke Herrera,con necesidades especiales, fue hallado muerto http://t.co/tlEFRP4Rnu
646829233206005760, 313816484, 2015-09-23T23:31:21.000Z, RT @NBCLA: JUST IN: Man found shot to death in San Gabriel riverbed ID’d as Duke Herrera, 24 http://t.co/hHENb6HODc http://t.co/WVw5w0dr5u
646836211055591424, 1098838110, 2015-09-23T23:59:05.000Z, RT @NBCLA: JUST IN: Man found shot to death in San Gabriel riverbed ID’d as Duke Herrera, 24 http://t.co/hHENb6HODc http://t.co/WVw5w0dr5u
646846177246220288, 349549922, 2015-09-24T00:38:41.000Z, RT @NBCLA: JUST IN: Man found shot to death in San Gabriel riverbed ID’d as Duke Herrera, 24 http://t.co/hHENb6HODc http://t.co/WVw5w0dr5u
646850705400008704, 2650303847, 2015-09-24T00:56:40.000Z, RT @NBCLA: JUST IN: Man found shot to death in San Gabriel riverbed ID’d as Duke Herrera, 24 http://t.co/hHENb6HODc http://t.co/WVw5w0dr5u
