id, author_id, created_at, text
644909202515828737, 17379685, 2015-09-18T16:21:50.000Z, UPDATE: Missing mom found dead near homeless camp ID'd as Sally Michel Mityas: LA Co. Coroner http://t.co/b0Zp73HAin http://t.co/HBNDpN8Afj
644909335571787777, 1378713350, 2015-09-18T16:22:22.000Z, RT @NBCLA: UPDATE: Missing mom found dead near homeless camp ID'd as Sally Michel Mityas: LA Co. Coroner http://t.co/b0Zp73HAin http://t.co…
644909796466913281, 225949194, 2015-09-18T16:24:11.000Z, RT @NBCLA: UPDATE: Missing mom found dead near homeless camp ID'd as Sally Michel Mityas: LA Co. Coroner http://t.co/b0Zp73HAin http://t.co…
644913773145231360, 216149245, 2015-09-18T16:40:00.000Z, RT @NBCLA: UPDATE: Missing mom found dead near homeless camp ID'd as Sally Michel Mityas: LA Co. Coroner http://t.co/b0Zp73HAin http://t.co…
644915637589004288, 23136966, 2015-09-18T16:47:24.000Z, RT @NBCLA: UPDATE: Missing mom found dead near homeless camp ID'd as Sally Michel Mityas: LA Co. Coroner http://t.co/b0Zp73HAin http://t.co…
644939764886577153, 2909921668, 2015-09-18T18:23:17.000Z, RT @NBCLA: UPDATE: Missing mom found dead near homeless camp ID'd as Sally Michel Mityas: LA Co. Coroner http://t.co/b0Zp73HAin http://t.co…
644943936792891392, 2962014020, 2015-09-18T18:39:51.000Z, RT @NBCLA: UPDATE: Missing mom found dead near homeless camp ID'd as Sally Michel Mityas: LA Co. Coroner http://t.co/b0Zp73HAin http://t.co…
644981993726283776, 177020398, 2015-09-18T21:11:05.000Z, RT @NBCLA: UPDATE: Missing mom found dead near homeless camp ID'd as Sally Michel Mityas: LA Co. Coroner http://t.co/b0Zp73HAin http://t.co…
645024094019149824, 2078481, 2015-09-18T23:58:22.000Z, RT @NBCLA: UPDATE: Missing mom found dead near homeless camp ID'd as Sally Michel Mityas: LA Co. Coroner http://t.co/b0Zp73HAin http://t.co…
645462420018716672, 1000080487, 2015-09-20T05:00:07.000Z, RT @NBCLA: UPDATE: Missing mom found dead near homeless camp ID'd as Sally Michel Mityas: LA Co. Coroner http://t.co/b0Zp73HAin http://t.co…
