id, author_id, created_at, text
1404393956511784963, 21529239, 2021-06-14T11:03:06.000Z, Monmouth Park Leading Jockey Wins (Thru Week 3):🏇🏇  Jose Ferrer 16 @NikJuarez 10 Isaac Castillo 9 Paco Lopez 9 @HectorDiazjr4 8 Tomas Mejia 7 @DavisJockey 6 Jomar Torres 5 @1CarlosMontalvo 4 @carlosh87032527 4
1404394219716988934, 1573586352, 2021-06-14T11:04:09.000Z, RT @josephirace: Monmouth Park Leading Jockey Wins (Thru Week 3):🏇🏇  Jose Ferrer 16 @NikJuarez 10 Isaac Castillo 9 Paco Lopez 9 @HectorDiaz…
1406015204274544643, 23562333, 2021-06-18T22:25:21.000Z, Today we look at the life of Jose Tomas Mejia. He was stabbed to death while on the job as a janitor at a Park La Brea apartment building. Hear about his work to improve the lives of people around him... on KCAL9 at 4 and CBS2 at 5:30 | @CBSLA https://t.co/DYFQZDu6FV https://t.co/qThmYJdZdT
1406024216558850048, 24928809, 2021-06-18T23:01:10.000Z, RT @RickCBSLA: Today we look at the life of Jose Tomas Mejia. He was stabbed to death while on the job as a janitor at a Park La Brea apart…
1406026457919463425, 1368886673841479681, 2021-06-18T23:10:04.000Z, RT @RickCBSLA: Today we look at the life of Jose Tomas Mejia. He was stabbed to death while on the job as a janitor at a Park La Brea apart…
1406026616107454468, 4229671694, 2021-06-18T23:10:42.000Z, RT @RickCBSLA: Today we look at the life of Jose Tomas Mejia. He was stabbed to death while on the job as a janitor at a Park La Brea apart…
1406028755827671041, 1368886673841479681, 2021-06-18T23:19:12.000Z, RT @CBSLA: “He did die fighting to protect,” Alejandra Valles, a friend and colleague, said of Tomas “Jose” Mejia. Mejia was working at Par…
1406029263694749706, 46319644, 2021-06-18T23:21:13.000Z, RT @CBSLA: “He did die fighting to protect,” Alejandra Valles, a friend and colleague, said of Tomas “Jose” Mejia. Mejia was working at Par…
1406042704610402307, 38034435, 2021-06-19T00:14:38.000Z, RT @CBSLA: “He did die fighting to protect,” Alejandra Valles, a friend and colleague, said of Tomas “Jose” Mejia. Mejia was working at Par…
1406067018437066755, 1082123408895365120, 2021-06-19T01:51:15.000Z, RT @RickCBSLA: Today we look at the life of Jose Tomas Mejia. He was stabbed to death while on the job as a janitor at a Park La Brea apart…
1406076934816100353, 711720939822551040, 2021-06-19T02:30:39.000Z, RT @CBSLA: “He did die fighting to protect,” Alejandra Valles, a friend and colleague, said of Tomas “Jose” Mejia. Mejia was working at Par…
1406127625823686658, 82507743, 2021-06-19T05:52:05.000Z, RT @CBSLA: “He did die fighting to protect,” Alejandra Valles, a friend and colleague, said of Tomas “Jose” Mejia. Mejia was working at Par…
1406130183896133635, 1043830995714158592, 2021-06-19T06:02:15.000Z, RT @CBSLA: “He did die fighting to protect,” Alejandra Valles, a friend and colleague, said of Tomas “Jose” Mejia. Mejia was working at Par…
1406147760240398337, 595162282, 2021-06-19T07:12:05.000Z, RT @CBSLA: “He did die fighting to protect,” Alejandra Valles, a friend and colleague, said of Tomas “Jose” Mejia. Mejia was working at Par…
1406148874792624131, 236892243, 2021-06-19T07:16:31.000Z, RT @CBSLA: “He did die fighting to protect,” Alejandra Valles, a friend and colleague, said of Tomas “Jose” Mejia. Mejia was working at Par…
1406246124197793792, 142711372, 2021-06-19T13:42:57.000Z, RT @CBSLA: “He did die fighting to protect,” Alejandra Valles, a friend and colleague, said of Tomas “Jose” Mejia. Mejia was working at Par…
1406266744252125194, 1021230040044863488, 2021-06-19T15:04:53.000Z, y Tarelo y José Tomás de la Luz Mejía Camacho, lo que marcó el fin del Segundo Imperio Mexicano. El cadáver de Maximiliano fue embalsamado en Querétaro, y posteriormente se trasladó a la Ciudad de México.
1406267555199676419, 1117896578, 2021-06-19T15:08:07.000Z, RT @Jodorowskys: y Tarelo y José Tomás de la Luz Mejía Camacho, lo que marcó el fin del Segundo Imperio Mexicano. El cadáver de Maximiliano…
1406297376403361796, 1200996914272976897, 2021-06-19T17:06:36.000Z, Miramón y Tarelo y José Tomás de la Luz Mejía Camacho, lo que marcó el fin del Segundo Imperio Mexicano. El cadáver de Maximiliano fue embalsamado en Querétaro, y posteriormente se trasladó a la Ciudad de México. Allí sus restos fueron nuevamente embalsamados...
1406310218212855808, 142788247, 2021-06-19T17:57:38.000Z, Fernando Maximiliano José María de Habsburgo-Lorena, junto con los generales Miguel Miramón y Tomás Mejía, las tres "M". Ante los soldados del pelotón que los iban a fusilar, Maximiliano honró a Miramón colocándolo al centro, dio a cada uno de los soldados un “maximiliano”... https://t.co/seFhsVSro8
1406314124238372874, 2786736735, 2021-06-19T18:13:09.000Z, RT @FranciscoBurgoa: Fernando Maximiliano José María de Habsburgo-Lorena, junto con los generales Miguel Miramón y Tomás Mejía, las tres "M…
1406352712229212163, 41006064, 2021-06-19T20:46:30.000Z, FOLLOW-UP :: Thursday’s Murder At Park La Brea..Suspect 17 years old Approached PLB Staff Member Demanded Keys To Premises Apparently For Purposes To Commit Burglary. The Employee Refused And Was Repeatedly Stabbed. Victim Was Jose Tomas Mejia - Married, Father Of Two Teens(1/2)
1406358433754882049, 9178922, 2021-06-19T21:09:14.000Z, RT @melroseaction: FOLLOW-UP :: Thursday’s Murder At Park La Brea..Suspect 17 years old Approached PLB Staff Member Demanded Keys To Premis…
1406384515426095104, 821372254558756865, 2021-06-19T22:52:52.000Z, Last Wednesday there was a tragedy in our neighborhood. Please consider donating to support Jose’s (Tomas) family through this most difficult time. We are all heartbroken. https://t.co/eBEE6qz9ii
1406399572595798017, 2829150121, 2021-06-19T23:52:42.000Z, RT @ReganDunn5: Last Wednesday there was a tragedy in our neighborhood. Please consider donating to support Jose’s (Tomas) family through t…
1406448082598780928, 2167134798, 2021-06-20T03:05:28.000Z, This is a terrible tragedy/act of violence at #ParkLaBrea in #AD50. Our thoughts are with the family and friends of the victim, Jose Tomas Mejia, who acted heroically. https://t.co/hUaYnpxnfI
1406479447012700164, 162257764, 2021-06-20T05:10:05.000Z, @Mexico_Canta CON UNA EMISIÓN *BIEN PADRE* CELEBRÓ A LOS JEFES DE FAMILIA JOSÉ ALFREDO JIMÉNEZ,CHAVA FLORES,JUAN ZAIZAR,CORNELIO REYNA JR, MANUEL VALDÉS, YOSHIO,HUMBERTO CRAVIOTO TIRSO NARVÁEZ,GUILLERMO MEJÍA,CEPILLÍN,JULIO FERNANDO PAZ,ARTURO GONZÁLEZ,TOMÁS MÉNDEZ.. @juliapalma https://t.co/553wtM1kRB
1406500438350856193, 16374678, 2021-06-20T06:33:30.000Z, A GoFundMe has been started for Jose Tomas Mejia, who was the sold breadwinner for his wife and two children and had recently become a first-time homeowner https://t.co/sGFnJESlMJ https://t.co/v0LBLPaepD
1406500756241350657, 78737033, 2021-06-20T06:34:46.000Z, RT @ABC7: A GoFundMe has been started for Jose Tomas Mejia, who was the sold breadwinner for his wife and two children and had recently bec…
1406500769415647233, 828379495, 2021-06-20T06:34:49.000Z, RT @ABC7: A GoFundMe has been started for Jose Tomas Mejia, who was the sold breadwinner for his wife and two children and had recently bec…
1406500912433037318, 73914579, 2021-06-20T06:35:23.000Z, RT @ABC7: A GoFundMe has been started for Jose Tomas Mejia, who was the sold breadwinner for his wife and two children and had recently bec…
1406500947191242756, 216271468, 2021-06-20T06:35:31.000Z, RT @ABC7: A GoFundMe has been started for Jose Tomas Mejia, who was the sold breadwinner for his wife and two children and had recently bec…
1406501180453244929, 1301797423866507264, 2021-06-20T06:36:27.000Z, RT @ABC7: A GoFundMe has been started for Jose Tomas Mejia, who was the sold breadwinner for his wife and two children and had recently bec…
1406501508695302145, 4127023700, 2021-06-20T06:37:45.000Z, RT @ABC7: A GoFundMe has been started for Jose Tomas Mejia, who was the sold breadwinner for his wife and two children and had recently bec…
1406501787217973254, 108106562, 2021-06-20T06:38:52.000Z, RT @ABC7: A GoFundMe has been started for Jose Tomas Mejia, who was the sold breadwinner for his wife and two children and had recently bec…
1406501841186168836, 474429946, 2021-06-20T06:39:05.000Z, RT @ABC7: A GoFundMe has been started for Jose Tomas Mejia, who was the sold breadwinner for his wife and two children and had recently bec…
1406502233735241729, 1039007497, 2021-06-20T06:40:38.000Z, RT @ABC7: A GoFundMe has been started for Jose Tomas Mejia, who was the sold breadwinner for his wife and two children and had recently bec…
1406502234699878401, 1301291474475077633, 2021-06-20T06:40:38.000Z, RT @ABC7: A GoFundMe has been started for Jose Tomas Mejia, who was the sold breadwinner for his wife and two children and had recently bec…
1406503042745212931, 339794231, 2021-06-20T06:43:51.000Z, RT @ABC7: A GoFundMe has been started for Jose Tomas Mejia, who was the sold breadwinner for his wife and two children and had recently bec…
1406503070209482761, 2955129517, 2021-06-20T06:43:58.000Z, RT @ABC7: A GoFundMe has been started for Jose Tomas Mejia, who was the sold breadwinner for his wife and two children and had recently bec…
1406503148940713985, 967142510265999360, 2021-06-20T06:44:16.000Z, RT @ABC7: A GoFundMe has been started for Jose Tomas Mejia, who was the sold breadwinner for his wife and two children and had recently bec…
1406503294847967236, 14150186, 2021-06-20T06:44:51.000Z, RT @ABC7: A GoFundMe has been started for Jose Tomas Mejia, who was the sold breadwinner for his wife and two children and had recently bec…
1406504333743583240, 405106784, 2021-06-20T06:48:59.000Z, RT @ABC7: A GoFundMe has been started for Jose Tomas Mejia, who was the sold breadwinner for his wife and two children and had recently bec…
1406504954139869189, 2357464831, 2021-06-20T06:51:27.000Z, RT @ABC7: A GoFundMe has been started for Jose Tomas Mejia, who was the sold breadwinner for his wife and two children and had recently bec…
1406505187942883329, 354087052, 2021-06-20T06:52:23.000Z, RT @ABC7: A GoFundMe has been started for Jose Tomas Mejia, who was the sold breadwinner for his wife and two children and had recently bec…
1406505314489229317, 438737762, 2021-06-20T06:52:53.000Z, RT @ABC7: A GoFundMe has been started for Jose Tomas Mejia, who was the sold breadwinner for his wife and two children and had recently bec…
1406505434765086721, 2300569116, 2021-06-20T06:53:21.000Z, RT @ABC7: A GoFundMe has been started for Jose Tomas Mejia, who was the sold breadwinner for his wife and two children and had recently bec…
1406505605347508225, 763430248918626304, 2021-06-20T06:54:02.000Z, RT @ABC7: A GoFundMe has been started for Jose Tomas Mejia, who was the sold breadwinner for his wife and two children and had recently bec…
1406505669008625670, 29189198, 2021-06-20T06:54:17.000Z, RT @ABC7: A GoFundMe has been started for Jose Tomas Mejia, who was the sold breadwinner for his wife and two children and had recently bec…
1406505694925266946, 736606513674870784, 2021-06-20T06:54:23.000Z, RT @ABC7: A GoFundMe has been started for Jose Tomas Mejia, who was the sold breadwinner for his wife and two children and had recently bec…
1406505997502349314, 74064888, 2021-06-20T06:55:36.000Z, RT @ABC7: A GoFundMe has been started for Jose Tomas Mejia, who was the sold breadwinner for his wife and two children and had recently bec…
1406506939022942209, 33252652, 2021-06-20T06:59:20.000Z, RT @ABC7: A GoFundMe has been started for Jose Tomas Mejia, who was the sold breadwinner for his wife and two children and had recently bec…
1406510416927232011, 220220729, 2021-06-20T07:13:09.000Z, RT @ABC7: A GoFundMe has been started for Jose Tomas Mejia, who was the sold breadwinner for his wife and two children and had recently bec…
1406511166633897986, 1899097753, 2021-06-20T07:16:08.000Z, RT @ABC7: A GoFundMe has been started for Jose Tomas Mejia, who was the sold breadwinner for his wife and two children and had recently bec…
1406513120877580288, 451720580, 2021-06-20T07:23:54.000Z, RT @ABC7: A GoFundMe has been started for Jose Tomas Mejia, who was the sold breadwinner for his wife and two children and had recently bec…
1406515319045124099, 2729536953, 2021-06-20T07:32:38.000Z, RT @ABC7: A GoFundMe has been started for Jose Tomas Mejia, who was the sold breadwinner for his wife and two children and had recently bec…
1406515982076563460, 33291270, 2021-06-20T07:35:16.000Z, RT @ABC7: A GoFundMe has been started for Jose Tomas Mejia, who was the sold breadwinner for his wife and two children and had recently bec…
1406517315689017344, 3552790093, 2021-06-20T07:40:34.000Z, RT @ABC7: A GoFundMe has been started for Jose Tomas Mejia, who was the sold breadwinner for his wife and two children and had recently bec…
1406519304628051972, 505544145, 2021-06-20T07:48:28.000Z, RT @ABC7: A GoFundMe has been started for Jose Tomas Mejia, who was the sold breadwinner for his wife and two children and had recently bec…
1406525941170331650, 1069408310, 2021-06-20T08:14:51.000Z, RT @ABC7: A GoFundMe has been started for Jose Tomas Mejia, who was the sold breadwinner for his wife and two children and had recently bec…
1406526015875149829, 1213219798705827840, 2021-06-20T08:15:08.000Z, RT @ABC7: A GoFundMe has been started for Jose Tomas Mejia, who was the sold breadwinner for his wife and two children and had recently bec…
1406531692588797953, 304685252, 2021-06-20T08:37:42.000Z, RT @ABC7: A GoFundMe has been started for Jose Tomas Mejia, who was the sold breadwinner for his wife and two children and had recently bec…
1406534199922728967, 3301224559, 2021-06-20T08:47:40.000Z, RT @ABC7: A GoFundMe has been started for Jose Tomas Mejia, who was the sold breadwinner for his wife and two children and had recently bec…
1406534850119536645, 140667103, 2021-06-20T08:50:15.000Z, RT @ABC7: A GoFundMe has been started for Jose Tomas Mejia, who was the sold breadwinner for his wife and two children and had recently bec…
1406546918482747398, 548767492, 2021-06-20T09:38:12.000Z, RT @ABC7: A GoFundMe has been started for Jose Tomas Mejia, who was the sold breadwinner for his wife and two children and had recently bec…
1406562922503958531, 1258781282, 2021-06-20T10:41:48.000Z, RT @ABC7: A GoFundMe has been started for Jose Tomas Mejia, who was the sold breadwinner for his wife and two children and had recently bec…
1406566904177827847, 172419531, 2021-06-20T10:57:37.000Z, RT @ABC7: A GoFundMe has been started for Jose Tomas Mejia, who was the sold breadwinner for his wife and two children and had recently bec…
1406595243995111425, 1018944932, 2021-06-20T12:50:14.000Z, RT @ABC7: A GoFundMe has been started for Jose Tomas Mejia, who was the sold breadwinner for his wife and two children and had recently bec…
1406597923471708161, 177406919, 2021-06-20T13:00:52.000Z, RT @ABC7: A GoFundMe has been started for Jose Tomas Mejia, who was the sold breadwinner for his wife and two children and had recently bec…
1406617302536130561, 1351349078647402497, 2021-06-20T14:17:53.000Z, RT @ABC7: A GoFundMe has been started for Jose Tomas Mejia, who was the sold breadwinner for his wife and two children and had recently bec…
1406618065673072643, 41060996, 2021-06-20T14:20:55.000Z, RT @RickCBSLA: Today we look at the life of Jose Tomas Mejia. He was stabbed to death while on the job as a janitor at a Park La Brea apart…
1406621467224068098, 466459653, 2021-06-20T14:34:26.000Z, Jose Tomas Mejia was stabbed to death by a 17 year old trying to get into a girl's apartment.  We live in a foolish society where a 17 year old 'is considered an innocent child'    The killer is protected from having his photo shown.  https://t.co/1uI1SYBihR
1406626477471199241, 979120013633142784, 2021-06-20T14:54:20.000Z, RT @ABC7: A GoFundMe has been started for Jose Tomas Mejia, who was the sold breadwinner for his wife and two children and had recently bec…
1406629242494799874, 797339276979511297, 2021-06-20T15:05:19.000Z, RT @ABC7: A GoFundMe has been started for Jose Tomas Mejia, who was the sold breadwinner for his wife and two children and had recently bec…
1406630511699578883, 1308413876, 2021-06-20T15:10:22.000Z, RT @ABC7: A GoFundMe has been started for Jose Tomas Mejia, who was the sold breadwinner for his wife and two children and had recently bec…
1406636212241133574, 744302911807578112, 2021-06-20T15:33:01.000Z, RT @ABC7: A GoFundMe has been started for Jose Tomas Mejia, who was the sold breadwinner for his wife and two children and had recently bec…
1406637080906592257, 3677918472, 2021-06-20T15:36:28.000Z, RT @ABC7: A GoFundMe has been started for Jose Tomas Mejia, who was the sold breadwinner for his wife and two children and had recently bec…
1406637850028769280, 36892711, 2021-06-20T15:39:32.000Z, RT @ABC7: A GoFundMe has been started for Jose Tomas Mejia, who was the sold breadwinner for his wife and two children and had recently bec…
1406643466461802504, 740039058873679872, 2021-06-20T16:01:51.000Z, RT @ABC7: A GoFundMe has been started for Jose Tomas Mejia, who was the sold breadwinner for his wife and two children and had recently bec…
1406645295379890182, 453346793, 2021-06-20T16:09:07.000Z, RT @melroseaction: FOLLOW-UP :: Thursday’s Murder At Park La Brea..Suspect 17 years old Approached PLB Staff Member Demanded Keys To Premis…
1406683741724893185, 827234740147138560, 2021-06-20T18:41:53.000Z, RT @ABC7: A GoFundMe has been started for Jose Tomas Mejia, who was the sold breadwinner for his wife and two children and had recently bec…
1406690589005946883, 273184240, 2021-06-20T19:09:06.000Z, "A touching memorial sits in front of the Park La Brea apartment building Jose Tomas Mejia took care of."  "Unfortunately he lost his life protecting the tenants he loved and the tenants that loved him." https://t.co/JKFYbbLXWw
1406693290867531777, 546459414, 2021-06-20T19:19:50.000Z, RT @RainyDaysAZ: "A touching memorial sits in front of the Park La Brea apartment building Jose Tomas Mejia took care of."  "Unfortunately…
1406705219849785347, 451298399, 2021-06-20T20:07:14.000Z, RT @ABC7: A GoFundMe has been started for Jose Tomas Mejia, who was the sold breadwinner for his wife and two children and had recently bec…
1406723961673510919, 1183621428999938048, 2021-06-20T21:21:42.000Z, RT @ABC7: A GoFundMe has been started for Jose Tomas Mejia, who was the sold breadwinner for his wife and two children and had recently bec…
1406743403711406083, 546383985, 2021-06-20T22:38:58.000Z, José Tomas Mejía fue un embajador de paz y conciliación entre trabajadores, sin embargo, murió apuñalado cuando intentó impedir un ataque de violencia doméstica contra residentes del edificio donde trabajaba. @SEIU  https://t.co/79JWeCoK6C
1406746215111290882, 119972997, 2021-06-20T22:50:08.000Z, RT @ABC7: A GoFundMe has been started for Jose Tomas Mejia, who was the sold breadwinner for his wife and two children and had recently bec…
1406762136051716101, 416557582, 2021-06-20T23:53:24.000Z, RT @ABC7: A GoFundMe has been started for Jose Tomas Mejia, who was the sold breadwinner for his wife and two children and had recently bec…
1406821028232237060, 781474620, 2021-06-21T03:47:25.000Z, RT @ABC7: A GoFundMe has been started for Jose Tomas Mejia, who was the sold breadwinner for his wife and two children and had recently bec…
1406864088525950976, 177700392, 2021-06-21T06:38:31.000Z, Here’s the news story about Mr. Mejia   https://t.co/42y01lOVPC  Go Fund me link is in the tweet below https://t.co/lrXkLHMyxr
1406930008690593795, 21529239, 2021-06-21T11:00:28.000Z, Monmouth Park Leading Jockey Wins (Thru Week 4):🏇🏇  Jose Ferrer 19 @NikJuarez 16 Paco Lopez 14 Isaac Castillo 13 @HectorDiazjr4 10 Tomas Mejia 9 @DavisJockey 7 Jomar Torres 6 @1CarlosMontalvo 4 @carlosh87032527 4 Christian Navarro 4
1406930531275755522, 1573586352, 2021-06-21T11:02:32.000Z, RT @josephirace: Monmouth Park Leading Jockey Wins (Thru Week 4):🏇🏇  Jose Ferrer 19 @NikJuarez 16 Paco Lopez 14 Isaac Castillo 13 @HectorDi…
1406937558903312386, 933857356429123584, 2021-06-21T11:30:28.000Z, RT @josephirace: Monmouth Park Leading Jockey Wins (Thru Week 4):🏇🏇  Jose Ferrer 19 @NikJuarez 16 Paco Lopez 14 Isaac Castillo 13 @HectorDi…
1406944084598476801, 839310063282053120, 2021-06-21T11:56:24.000Z, Janitor stabbed to death in struggle over keys to LA building he cleaned ABC7 LA 20Jun2021  Jose Tomas Mejia was stabbed to death trying to prevent  from stealing keys to LA bldg he cleaned as a janitor. Suspect was trying to get into his girlfriend's apt  https://t.co/FtY4ZPeCvO
1406953704323006470, 92603118, 2021-06-21T12:34:37.000Z, RT @alexdelbarrio: Here’s the news story about Mr. Mejia   https://t.co/42y01lOVPC  Go Fund me link is in the tweet below https://t.co/lrXk…
1406963233811013636, 408629845, 2021-06-21T13:12:29.000Z, RT @josephirace: Monmouth Park Leading Jockey Wins (Thru Week 4):🏇🏇  Jose Ferrer 19 @NikJuarez 16 Paco Lopez 14 Isaac Castillo 13 @HectorDi…
1407019511283335176, 1351266309988904977, 2021-06-21T16:56:07.000Z, Jose Tomas Mejia Death – Obituary – Jose Tomas Mejia Has Died – Funeral – Dead https://t.co/aE0IQ5M3Gn
1407023358617739273, 707402189434691584, 2021-06-21T17:11:24.000Z, RT @josephirace: Monmouth Park Leading Jockey Wins (Thru Week 4):🏇🏇  Jose Ferrer 19 @NikJuarez 16 Paco Lopez 14 Isaac Castillo 13 @HectorDi…
1407054996286418949, 16927366, 2021-06-21T19:17:07.000Z, RT @josephirace: Monmouth Park Leading Jockey Wins (Thru Week 4):🏇🏇  Jose Ferrer 19 @NikJuarez 16 Paco Lopez 14 Isaac Castillo 13 @HectorDi…
1407074302244098051, 52615210, 2021-06-21T20:33:50.000Z, Tomas “Jose” Mejia, an executive board member of the Service Employees International Union-United Service Workers West, murdered on the job  https://t.co/wspxBW7KQS
1407074382242103305, 10165452, 2021-06-21T20:34:09.000Z, RT @MikeElk: Tomas “Jose” Mejia, an executive board member of the Service Employees International Union-United Service Workers West, murder…
1407150971566891009, 180870762, 2021-06-22T01:38:29.000Z, RT @josephirace: Monmouth Park Leading Jockey Wins (Thru Week 4):🏇🏇  Jose Ferrer 19 @NikJuarez 16 Paco Lopez 14 Isaac Castillo 13 @HectorDi…
1407185302179827714, 1353854317908742144, 2021-06-22T03:54:54.000Z, @maxxszabo BTW max. I hope you donate to this family. Because of your boss’s policies this kid will be out of jail in 8 years.  Does that really sound like justice?  Make sure you explain that to his family.  https://t.co/xdCUI0887z
1407230626772795395, 41416662, 2021-06-22T06:55:01.000Z, Familiares recuerdan a José Tomas Mejía, un querido activista que fue asesinado en su empleo https://t.co/wMPZxuHFpj
1407234466171478017, 238840746, 2021-06-22T07:10:16.000Z, RT @LaOpinionLA: Familiares recuerdan a José Tomas Mejía, un querido activista que fue asesinado en su empleo https://t.co/wMPZxuHFpj
1407236255079964673, 992943418052460544, 2021-06-22T07:17:23.000Z, RT @LaOpinionLA: Familiares recuerdan a José Tomas Mejía, un querido activista que fue asesinado en su empleo https://t.co/wMPZxuHFpj
1407250774346842112, 9648652, 2021-06-22T08:15:04.000Z, The janitor, Jose Tomas Mejia, was believed to be stabbed by a tenant's boyfriend during a struggle over keys.  https://t.co/hr3g0pRWWr
1407265617678274561, 2157244796, 2021-06-22T09:14:03.000Z, RT @FOXLA: The janitor, Jose Tomas Mejia, was believed to be stabbed by a tenant's boyfriend during a struggle over keys.  https://t.co/hr3…
1407384154040373248, 1161688069973651456, 2021-06-22T17:05:04.000Z, RT @josephirace: Monmouth Park Leading Jockey Wins (Thru Week 4):🏇🏇  Jose Ferrer 19 @NikJuarez 16 Paco Lopez 14 Isaac Castillo 13 @HectorDi…
1407452427003908098, 2800570890, 2021-06-22T21:36:22.000Z, RT @AsmRichardBloom: This is a terrible tragedy/act of violence at #ParkLaBrea in #AD50. Our thoughts are with the family and friends of th…
1407767078279467008, 41416662, 2021-06-23T18:26:41.000Z, Familiares recuerdan a José Tomas Mejía, un querido activista que fue asesinado en su empleo https://t.co/22ZiziVlQZ
1408109279794630656, 2231816451, 2021-06-24T17:06:28.000Z, Jockey Agents, Smooth Steve Worsley @steveosupremo3 (Leading Monmouth Rider Jose Ferrer),Bobby 2 Steps @rj112712 (Tomas Mejia), flanking, The Governor, John @CoachWeilbacher who is holding Aces representing Top 2 Riders at @DelParkRacing  J Rod &amp; @Jockeydc and look at those Win% https://t.co/Kk8ypz3SMS https://t.co/qcL5VPkDUA
1408995692027076614, 79290029, 2021-06-27T03:48:45.000Z, RT @ABC7: A GoFundMe has been started for Jose Tomas Mejia, who was the sold breadwinner for his wife and two children and had recently bec…
1409467798078865412, 21529239, 2021-06-28T11:04:44.000Z, Monmouth Park Leading Jockey Wins (Thru Week 5):🏇🏇  Jose Ferrer 21 Paco Lopez 20 @NikJuarez 17 Isaac Castillo 17 Tomas Mejia 12 @HectorDiazjr4 11 @DavisJockey 7 Jomar Torres 7 @1CarlosMontalvo 6 @carlosh87032527 5 @FerrinPeterson 5
1409472725018681344, 1573586352, 2021-06-28T11:24:19.000Z, RT @josephirace: Monmouth Park Leading Jockey Wins (Thru Week 5):🏇🏇  Jose Ferrer 21 Paco Lopez 20 @NikJuarez 17 Isaac Castillo 17 Tomas Mej…
1409641678093242378, 1175975426067501056, 2021-06-28T22:35:40.000Z, RT @josephirace: Monmouth Park Leading Jockey Wins (Thru Week 5):🏇🏇  Jose Ferrer 21 Paco Lopez 20 @NikJuarez 17 Isaac Castillo 17 Tomas Mej…
1409724899489374210, 1583305766, 2021-06-29T04:06:22.000Z, RT @josephirace: Monmouth Park Leading Jockey Wins (Thru Week 5):🏇🏇  Jose Ferrer 21 Paco Lopez 20 @NikJuarez 17 Isaac Castillo 17 Tomas Mej…
