id, author_id, created_at, text
984582040111722497, 72609288, 2018-04-13T00:00:25.000Z, Ahora, el segundo capítulo de la segunda temporada de Archivolat, con registros del concierto de cierre de PerforAndo 2018 de Enrique Trelles, Riff Mann, Silvana Tello y Patricia Saucedo, por Radio Tsonami | https://t.co/VaPYpjcmxj https://t.co/Rb0VQuLsHl
988439554297401344, 169919182, 2018-04-23T15:28:48.000Z, @JULIO_SAUCEDO Luis Enrique Santander y su "Rebaño Sagrado"
988831021478051840, 195968584, 2018-04-24T17:24:21.000Z, #Campeche  LA DIRIGENCIA NACIONAL ES QUIEN TOMÓ LA DECISIÓN DE INCLUIR A ENRIQUE KU HERRERA COMO CANDIDATO PLURINOMINAL A DIPUTADO LOCAL: ANTONIO GÓMEZ SAUCEDO, DIRIGENTE ESTATAL DEL PT. https://t.co/hOgUmVDC5a
989569413467787266, 246949536, 2018-04-26T18:18:28.000Z, Seremos respetuosos de la decisión del Comité Ejecutivo Nacional y daremos vuelta a la página para respetar a Enrique Ku Herrera en la lista plurinominal, aseguró el dirigente del PT, Antonio Gómez Saucedo. https://t.co/EHXfs5XSuP
989672490074103810, 1005307740, 2018-04-27T01:08:03.000Z, RT @RADIOFORMULACAM: Seremos respetuosos de la decisión del Comité Ejecutivo Nacional y daremos vuelta a la página para respetar a Enrique…
