id, author_id, created_at, text
1317137308575989766, 59618082, 2020-10-16T16:16:20.000Z, A community is heartbroken after 2 young men were shot &amp; killed while driving near Willowbrook. 16 year old Millyon Colquitt, an 11th grader at Centennial High School &amp; 17 year old Jamele Hill, a senior at Gardena both died on the scene. The latest at 11AM on @CBSLA https://t.co/TYTVF2P4Ai
1317153359757860864, 16191064, 2020-10-16T17:20:07.000Z, #Willowbrook: 17 year old Jamel Hill &amp; 16 year old Millyon Colquitt were gunned down off Maple st. &amp; 124th while sitting in their car; Hill’s family said he came to the area after texting with a girl; Deputies are still investigating the motive. More on Channel 4 @nbcla at 11am https://t.co/rNWYWNuSRU
1317154008981676032, 1267331146603360256, 2020-10-16T17:22:41.000Z, RT @joybenedict: A community is heartbroken after 2 young men were shot &amp; killed while driving near Willowbrook. 16 year old Millyon Colqui…
1317154610977624065, 325862777, 2020-10-16T17:25:05.000Z, RT @MekahloNBCLA: #Willowbrook: 17 year old Jamel Hill &amp; 16 year old Millyon Colquitt were gunned down off Maple st. &amp; 124th while sitting…
1317158988333543425, 992064598231560192, 2020-10-16T17:42:29.000Z, RT @joybenedict: A community is heartbroken after 2 young men were shot &amp; killed while driving near Willowbrook. 16 year old Millyon Colqui…
1317159025012658176, 3187148846, 2020-10-16T17:42:37.000Z, RT @joybenedict: A community is heartbroken after 2 young men were shot &amp; killed while driving near Willowbrook. 16 year old Millyon Colqui…
1317159744117690368, 1259510099199922177, 2020-10-16T17:45:29.000Z, RT @joybenedict: A community is heartbroken after 2 young men were shot &amp; killed while driving near Willowbrook. 16 year old Millyon Colqui…
1317160721621282816, 862205646384406528, 2020-10-16T17:49:22.000Z, RT @joybenedict: A community is heartbroken after 2 young men were shot &amp; killed while driving near Willowbrook. 16 year old Millyon Colqui…
1317161668862828544, 1112571675051065344, 2020-10-16T17:53:08.000Z, RT @joybenedict: A community is heartbroken after 2 young men were shot &amp; killed while driving near Willowbrook. 16 year old Millyon Colqui…
1317161702811578368, 1250642686467399680, 2020-10-16T17:53:16.000Z, RT @joybenedict: A community is heartbroken after 2 young men were shot &amp; killed while driving near Willowbrook. 16 year old Millyon Colqui…
1317162249207738369, 1123024015314964481, 2020-10-16T17:55:26.000Z, RT @joybenedict: A community is heartbroken after 2 young men were shot &amp; killed while driving near Willowbrook. 16 year old Millyon Colqui…
1317162423531360263, 1123024015314964481, 2020-10-16T17:56:08.000Z, RT @MekahloNBCLA: #Willowbrook: 17 year old Jamel Hill &amp; 16 year old Millyon Colquitt were gunned down off Maple st. &amp; 124th while sitting…
1317163276128587776, 1087048681650479104, 2020-10-16T17:59:31.000Z, RT @joybenedict: A community is heartbroken after 2 young men were shot &amp; killed while driving near Willowbrook. 16 year old Millyon Colqui…
1317163898684928000, 2447619745, 2020-10-16T18:01:59.000Z, RT @joybenedict: A community is heartbroken after 2 young men were shot &amp; killed while driving near Willowbrook. 16 year old Millyon Colqui…
1317164422738046976, 714287303674335232, 2020-10-16T18:04:04.000Z, RT @joybenedict: A community is heartbroken after 2 young men were shot &amp; killed while driving near Willowbrook. 16 year old Millyon Colqui…
1317164921977630721, 40843389, 2020-10-16T18:06:03.000Z, RT @joybenedict: A community is heartbroken after 2 young men were shot &amp; killed while driving near Willowbrook. 16 year old Millyon Colqui…
1317165534866141184, 166056669, 2020-10-16T18:08:29.000Z, RT @joybenedict: A community is heartbroken after 2 young men were shot &amp; killed while driving near Willowbrook. 16 year old Millyon Colqui…
1317165556890435585, 1066184123448840193, 2020-10-16T18:08:35.000Z, RT @joybenedict: A community is heartbroken after 2 young men were shot &amp; killed while driving near Willowbrook. 16 year old Millyon Colqui…
1317165646883430400, 1015736553845346304, 2020-10-16T18:08:56.000Z, RT @joybenedict: A community is heartbroken after 2 young men were shot &amp; killed while driving near Willowbrook. 16 year old Millyon Colqui…
1317166059489722368, 908779333, 2020-10-16T18:10:35.000Z, RT @joybenedict: A community is heartbroken after 2 young men were shot &amp; killed while driving near Willowbrook. 16 year old Millyon Colqui…
1317166100304470017, 3303873056, 2020-10-16T18:10:44.000Z, RT @joybenedict: A community is heartbroken after 2 young men were shot &amp; killed while driving near Willowbrook. 16 year old Millyon Colqui…
1317166339132248066, 2494539680, 2020-10-16T18:11:41.000Z, RT @joybenedict: A community is heartbroken after 2 young men were shot &amp; killed while driving near Willowbrook. 16 year old Millyon Colqui…
1317166529838940160, 880194394430636033, 2020-10-16T18:12:27.000Z, RT @joybenedict: A community is heartbroken after 2 young men were shot &amp; killed while driving near Willowbrook. 16 year old Millyon Colqui…
1317166647606730752, 1251560201012088832, 2020-10-16T18:12:55.000Z, RT @joybenedict: A community is heartbroken after 2 young men were shot &amp; killed while driving near Willowbrook. 16 year old Millyon Colqui…
1317167106308206592, 3311196134, 2020-10-16T18:14:44.000Z, RT @joybenedict: A community is heartbroken after 2 young men were shot &amp; killed while driving near Willowbrook. 16 year old Millyon Colqui…
1317167877103943681, 33544240, 2020-10-16T18:17:48.000Z, RT @joybenedict: A community is heartbroken after 2 young men were shot &amp; killed while driving near Willowbrook. 16 year old Millyon Colqui…
1317168004702957569, 76883089, 2020-10-16T18:18:18.000Z, RT @joybenedict: A community is heartbroken after 2 young men were shot &amp; killed while driving near Willowbrook. 16 year old Millyon Colqui…
1317168226002821120, 16191064, 2020-10-16T18:19:11.000Z, #Willowbrook: 17 year old Jamel Hill &amp; 16 year old Millyon Colquitt were gunned down off Maple st. &amp; 124th while sitting in their car; Hill’s family said he came to the area after texting with a girl; Deputies are still investigating the motive. @NBCLA https://t.co/L8ca2iHgeD
1317168699434938369, 1146509880154476544, 2020-10-16T18:21:04.000Z, RT @joybenedict: A community is heartbroken after 2 young men were shot &amp; killed while driving near Willowbrook. 16 year old Millyon Colqui…
1317169163945701376, 935809135072776192, 2020-10-16T18:22:55.000Z, RT @joybenedict: A community is heartbroken after 2 young men were shot &amp; killed while driving near Willowbrook. 16 year old Millyon Colqui…
1317169986398400512, 1071123559643107328, 2020-10-16T18:26:11.000Z, RT @joybenedict: A community is heartbroken after 2 young men were shot &amp; killed while driving near Willowbrook. 16 year old Millyon Colqui…
1317169996821266432, 51269802, 2020-10-16T18:26:13.000Z, RT @joybenedict: A community is heartbroken after 2 young men were shot &amp; killed while driving near Willowbrook. 16 year old Millyon Colqui…
1317170019076239360, 3029706203, 2020-10-16T18:26:19.000Z, RT @joybenedict: A community is heartbroken after 2 young men were shot &amp; killed while driving near Willowbrook. 16 year old Millyon Colqui…
1317170391740076039, 1201206325054599168, 2020-10-16T18:27:47.000Z, RT @joybenedict: A community is heartbroken after 2 young men were shot &amp; killed while driving near Willowbrook. 16 year old Millyon Colqui…
1317170616575799296, 1031045753341263872, 2020-10-16T18:28:41.000Z, RT @joybenedict: A community is heartbroken after 2 young men were shot &amp; killed while driving near Willowbrook. 16 year old Millyon Colqui…
1317170724109471745, 1190413049418510336, 2020-10-16T18:29:07.000Z, RT @joybenedict: A community is heartbroken after 2 young men were shot &amp; killed while driving near Willowbrook. 16 year old Millyon Colqui…
1317170866464071681, 1268667674118090753, 2020-10-16T18:29:41.000Z, RT @joybenedict: A community is heartbroken after 2 young men were shot &amp; killed while driving near Willowbrook. 16 year old Millyon Colqui…
1317171747427373057, 1202773051479224320, 2020-10-16T18:33:11.000Z, RT @joybenedict: A community is heartbroken after 2 young men were shot &amp; killed while driving near Willowbrook. 16 year old Millyon Colqui…
1317171880797745153, 851807804, 2020-10-16T18:33:42.000Z, RT @joybenedict: A community is heartbroken after 2 young men were shot &amp; killed while driving near Willowbrook. 16 year old Millyon Colqui…
1317171976092504064, 912390538145312768, 2020-10-16T18:34:05.000Z, RT @joybenedict: A community is heartbroken after 2 young men were shot &amp; killed while driving near Willowbrook. 16 year old Millyon Colqui…
1317172057616961538, 736410681147199490, 2020-10-16T18:34:25.000Z, RT @joybenedict: A community is heartbroken after 2 young men were shot &amp; killed while driving near Willowbrook. 16 year old Millyon Colqui…
1317172715875233792, 1275773378494783489, 2020-10-16T18:37:02.000Z, RT @joybenedict: A community is heartbroken after 2 young men were shot &amp; killed while driving near Willowbrook. 16 year old Millyon Colqui…
1317172716072415235, 2423347615, 2020-10-16T18:37:02.000Z, RT @joybenedict: A community is heartbroken after 2 young men were shot &amp; killed while driving near Willowbrook. 16 year old Millyon Colqui…
1317172900089098240, 996391024661442560, 2020-10-16T18:37:45.000Z, RT @joybenedict: A community is heartbroken after 2 young men were shot &amp; killed while driving near Willowbrook. 16 year old Millyon Colqui…
1317173006427324417, 4880795870, 2020-10-16T18:38:11.000Z, RT @joybenedict: A community is heartbroken after 2 young men were shot &amp; killed while driving near Willowbrook. 16 year old Millyon Colqui…
1317173114271195137, 1014087119415808002, 2020-10-16T18:38:36.000Z, RT @joybenedict: A community is heartbroken after 2 young men were shot &amp; killed while driving near Willowbrook. 16 year old Millyon Colqui…
1317173631126941698, 962089275188629504, 2020-10-16T18:40:40.000Z, RT @joybenedict: A community is heartbroken after 2 young men were shot &amp; killed while driving near Willowbrook. 16 year old Millyon Colqui…
1317173877617745921, 1267475548277620737, 2020-10-16T18:41:38.000Z, RT @joybenedict: A community is heartbroken after 2 young men were shot &amp; killed while driving near Willowbrook. 16 year old Millyon Colqui…
1317174059449212929, 1068805625193226243, 2020-10-16T18:42:22.000Z, RT @joybenedict: A community is heartbroken after 2 young men were shot &amp; killed while driving near Willowbrook. 16 year old Millyon Colqui…
1317174895969665024, 1074406069693104128, 2020-10-16T18:45:41.000Z, RT @joybenedict: A community is heartbroken after 2 young men were shot &amp; killed while driving near Willowbrook. 16 year old Millyon Colqui…
1317175527023796225, 2366607535, 2020-10-16T18:48:12.000Z, RT @joybenedict: A community is heartbroken after 2 young men were shot &amp; killed while driving near Willowbrook. 16 year old Millyon Colqui…
1317175589900517378, 826672071900065792, 2020-10-16T18:48:27.000Z, RT @joybenedict: A community is heartbroken after 2 young men were shot &amp; killed while driving near Willowbrook. 16 year old Millyon Colqui…
1317175770687565825, 775157559321726977, 2020-10-16T18:49:10.000Z, RT @joybenedict: A community is heartbroken after 2 young men were shot &amp; killed while driving near Willowbrook. 16 year old Millyon Colqui…
1317176245394710529, 731277078, 2020-10-16T18:51:03.000Z, RT @joybenedict: A community is heartbroken after 2 young men were shot &amp; killed while driving near Willowbrook. 16 year old Millyon Colqui…
1317176447824392193, 1112603735048413184, 2020-10-16T18:51:51.000Z, RT @joybenedict: A community is heartbroken after 2 young men were shot &amp; killed while driving near Willowbrook. 16 year old Millyon Colqui…
1317176628515135488, 463506965, 2020-10-16T18:52:34.000Z, RT @joybenedict: A community is heartbroken after 2 young men were shot &amp; killed while driving near Willowbrook. 16 year old Millyon Colqui…
1317177761732046849, 917258391545724928, 2020-10-16T18:57:05.000Z, RT @joybenedict: A community is heartbroken after 2 young men were shot &amp; killed while driving near Willowbrook. 16 year old Millyon Colqui…
1317178106210234369, 449247393, 2020-10-16T18:58:27.000Z, RT @joybenedict: A community is heartbroken after 2 young men were shot &amp; killed while driving near Willowbrook. 16 year old Millyon Colqui…
1317179250471043072, 988861113948229632, 2020-10-16T19:02:59.000Z, RT @joybenedict: A community is heartbroken after 2 young men were shot &amp; killed while driving near Willowbrook. 16 year old Millyon Colqui…
1317179264983134208, 283598587, 2020-10-16T19:03:03.000Z, RT @joybenedict: A community is heartbroken after 2 young men were shot &amp; killed while driving near Willowbrook. 16 year old Millyon Colqui…
1317180880499085312, 356526999, 2020-10-16T19:09:28.000Z, RT @joybenedict: A community is heartbroken after 2 young men were shot &amp; killed while driving near Willowbrook. 16 year old Millyon Colqui…
1317181034664914946, 1062905407935406080, 2020-10-16T19:10:05.000Z, RT @joybenedict: A community is heartbroken after 2 young men were shot &amp; killed while driving near Willowbrook. 16 year old Millyon Colqui…
1317181210859343873, 2254023026, 2020-10-16T19:10:47.000Z, RT @joybenedict: A community is heartbroken after 2 young men were shot &amp; killed while driving near Willowbrook. 16 year old Millyon Colqui…
1317181413347786752, 333598336, 2020-10-16T19:11:35.000Z, RT @joybenedict: A community is heartbroken after 2 young men were shot &amp; killed while driving near Willowbrook. 16 year old Millyon Colqui…
1317182418328190982, 1100413012496793600, 2020-10-16T19:15:35.000Z, RT @joybenedict: A community is heartbroken after 2 young men were shot &amp; killed while driving near Willowbrook. 16 year old Millyon Colqui…
1317182746511527936, 1125871796169912332, 2020-10-16T19:16:53.000Z, RT @joybenedict: A community is heartbroken after 2 young men were shot &amp; killed while driving near Willowbrook. 16 year old Millyon Colqui…
1317183095142031361, 2988912312, 2020-10-16T19:18:16.000Z, RT @joybenedict: A community is heartbroken after 2 young men were shot &amp; killed while driving near Willowbrook. 16 year old Millyon Colqui…
1317183251430010882, 1286156022336196608, 2020-10-16T19:18:53.000Z, RT @joybenedict: A community is heartbroken after 2 young men were shot &amp; killed while driving near Willowbrook. 16 year old Millyon Colqui…
1317184297774714880, 54473068, 2020-10-16T19:23:03.000Z, RT @joybenedict: A community is heartbroken after 2 young men were shot &amp; killed while driving near Willowbrook. 16 year old Millyon Colqui…
1317184641879531520, 1000417621185974272, 2020-10-16T19:24:25.000Z, RT @joybenedict: A community is heartbroken after 2 young men were shot &amp; killed while driving near Willowbrook. 16 year old Millyon Colqui…
1317184791528140800, 1215526707546877952, 2020-10-16T19:25:01.000Z, RT @joybenedict: A community is heartbroken after 2 young men were shot &amp; killed while driving near Willowbrook. 16 year old Millyon Colqui…
1317187305480728576, 982001607901458432, 2020-10-16T19:35:00.000Z, RT @joybenedict: A community is heartbroken after 2 young men were shot &amp; killed while driving near Willowbrook. 16 year old Millyon Colqui…
1317187750563508224, 980122717679640582, 2020-10-16T19:36:46.000Z, RT @joybenedict: A community is heartbroken after 2 young men were shot &amp; killed while driving near Willowbrook. 16 year old Millyon Colqui…
1317188565680279552, 285280801, 2020-10-16T19:40:00.000Z, RT @joybenedict: A community is heartbroken after 2 young men were shot &amp; killed while driving near Willowbrook. 16 year old Millyon Colqui…
1317189792610672640, 96252067, 2020-10-16T19:44:53.000Z, RT @joybenedict: A community is heartbroken after 2 young men were shot &amp; killed while driving near Willowbrook. 16 year old Millyon Colqui…
1317190317825789956, 21291663, 2020-10-16T19:46:58.000Z, RT @joybenedict: A community is heartbroken after 2 young men were shot &amp; killed while driving near Willowbrook. 16 year old Millyon Colqui…
1317190492224856064, 1200313514331496448, 2020-10-16T19:47:40.000Z, RT @joybenedict: A community is heartbroken after 2 young men were shot &amp; killed while driving near Willowbrook. 16 year old Millyon Colqui…
1317191599604920320, 3138557784, 2020-10-16T19:52:04.000Z, RT @joybenedict: A community is heartbroken after 2 young men were shot &amp; killed while driving near Willowbrook. 16 year old Millyon Colqui…
1317192031802953729, 1266058249, 2020-10-16T19:53:47.000Z, RT @joybenedict: A community is heartbroken after 2 young men were shot &amp; killed while driving near Willowbrook. 16 year old Millyon Colqui…
1317192194227404801, 708388431643209728, 2020-10-16T19:54:26.000Z, RT @joybenedict: A community is heartbroken after 2 young men were shot &amp; killed while driving near Willowbrook. 16 year old Millyon Colqui…
1317193354724061184, 4721613151, 2020-10-16T19:59:02.000Z, RT @joybenedict: A community is heartbroken after 2 young men were shot &amp; killed while driving near Willowbrook. 16 year old Millyon Colqui…
1317194496862400512, 1235092571212230657, 2020-10-16T20:03:34.000Z, RT @joybenedict: A community is heartbroken after 2 young men were shot &amp; killed while driving near Willowbrook. 16 year old Millyon Colqui…
1317194507100639232, 258649782, 2020-10-16T20:03:37.000Z, RT @joybenedict: A community is heartbroken after 2 young men were shot &amp; killed while driving near Willowbrook. 16 year old Millyon Colqui…
1317194654241103872, 1056814210179448832, 2020-10-16T20:04:12.000Z, RT @joybenedict: A community is heartbroken after 2 young men were shot &amp; killed while driving near Willowbrook. 16 year old Millyon Colqui…
1317195580464975873, 197548641, 2020-10-16T20:07:53.000Z, RT @joybenedict: A community is heartbroken after 2 young men were shot &amp; killed while driving near Willowbrook. 16 year old Millyon Colqui…
1317195932987924480, 1027790623263182848, 2020-10-16T20:09:17.000Z, RT @joybenedict: A community is heartbroken after 2 young men were shot &amp; killed while driving near Willowbrook. 16 year old Millyon Colqui…
1317196046448156674, 3090550592, 2020-10-16T20:09:44.000Z, RT @joybenedict: A community is heartbroken after 2 young men were shot &amp; killed while driving near Willowbrook. 16 year old Millyon Colqui…
1317196120922021888, 4919913620, 2020-10-16T20:10:02.000Z, RT @joybenedict: A community is heartbroken after 2 young men were shot &amp; killed while driving near Willowbrook. 16 year old Millyon Colqui…
1317196703435423744, 757407593660768256, 2020-10-16T20:12:21.000Z, RT @joybenedict: A community is heartbroken after 2 young men were shot &amp; killed while driving near Willowbrook. 16 year old Millyon Colqui…
1317197586839711744, 2257311978, 2020-10-16T20:15:51.000Z, RT @joybenedict: A community is heartbroken after 2 young men were shot &amp; killed while driving near Willowbrook. 16 year old Millyon Colqui…
1317197749327048704, 1255785883569016839, 2020-10-16T20:16:30.000Z, RT @joybenedict: A community is heartbroken after 2 young men were shot &amp; killed while driving near Willowbrook. 16 year old Millyon Colqui…
1317198084615536640, 225560210, 2020-10-16T20:17:50.000Z, RT @joybenedict: A community is heartbroken after 2 young men were shot &amp; killed while driving near Willowbrook. 16 year old Millyon Colqui…
1317198482017382400, 1151674759794479104, 2020-10-16T20:19:25.000Z, RT @joybenedict: A community is heartbroken after 2 young men were shot &amp; killed while driving near Willowbrook. 16 year old Millyon Colqui…
1317199110835892225, 1051128586671816704, 2020-10-16T20:21:55.000Z, RT @joybenedict: A community is heartbroken after 2 young men were shot &amp; killed while driving near Willowbrook. 16 year old Millyon Colqui…
1317199428093050880, 2946787932, 2020-10-16T20:23:10.000Z, RT @joybenedict: A community is heartbroken after 2 young men were shot &amp; killed while driving near Willowbrook. 16 year old Millyon Colqui…
1317199604421554178, 1730222756, 2020-10-16T20:23:52.000Z, RT @joybenedict: A community is heartbroken after 2 young men were shot &amp; killed while driving near Willowbrook. 16 year old Millyon Colqui…
1317199718028517376, 1701970994, 2020-10-16T20:24:19.000Z, RT @joybenedict: A community is heartbroken after 2 young men were shot &amp; killed while driving near Willowbrook. 16 year old Millyon Colqui…
1317200273723420672, 34017280, 2020-10-16T20:26:32.000Z, This violence has to end and end fast. Compton Centennial 2022 Millyon Colquitt life was taken last night by a fucking coward. Shot into the car he was in killing him &amp; his friend. As i sit in the hotel lobby thinking man I don’t wanna coach today. It’s now #biggerthenbasketball https://t.co/RbBWAgBKDK
1317200275111772160, 96006684, 2020-10-16T20:26:32.000Z, RT @joybenedict: A community is heartbroken after 2 young men were shot &amp; killed while driving near Willowbrook. 16 year old Millyon Colqui…
1317202898644881423, 1599414680, 2020-10-16T20:36:58.000Z, RT @joybenedict: A community is heartbroken after 2 young men were shot &amp; killed while driving near Willowbrook. 16 year old Millyon Colqui…
1317203234973315072, 1921871052, 2020-10-16T20:38:18.000Z, RT @joybenedict: A community is heartbroken after 2 young men were shot &amp; killed while driving near Willowbrook. 16 year old Millyon Colqui…
1317204313106640900, 24809705, 2020-10-16T20:42:35.000Z, RT @joybenedict: A community is heartbroken after 2 young men were shot &amp; killed while driving near Willowbrook. 16 year old Millyon Colqui…
1317204404064301057, 461862384, 2020-10-16T20:42:57.000Z, RT @joybenedict: A community is heartbroken after 2 young men were shot &amp; killed while driving near Willowbrook. 16 year old Millyon Colqui…
1317206819803066368, 945506461706174464, 2020-10-16T20:52:33.000Z, RT @joybenedict: A community is heartbroken after 2 young men were shot &amp; killed while driving near Willowbrook. 16 year old Millyon Colqui…
1317207779589853184, 1256779286347841537, 2020-10-16T20:56:21.000Z, RT @joybenedict: A community is heartbroken after 2 young men were shot &amp; killed while driving near Willowbrook. 16 year old Millyon Colqui…
1317208423943921664, 29411828, 2020-10-16T20:58:55.000Z, RT @joybenedict: A community is heartbroken after 2 young men were shot &amp; killed while driving near Willowbrook. 16 year old Millyon Colqui…
1317210466087661568, 2821568734, 2020-10-16T21:07:02.000Z, RT @joybenedict: A community is heartbroken after 2 young men were shot &amp; killed while driving near Willowbrook. 16 year old Millyon Colqui…
1317212183818764288, 614968775, 2020-10-16T21:13:51.000Z, RT @joybenedict: A community is heartbroken after 2 young men were shot &amp; killed while driving near Willowbrook. 16 year old Millyon Colqui…
1317212476782465024, 717466226453118976, 2020-10-16T21:15:01.000Z, RT @joybenedict: A community is heartbroken after 2 young men were shot &amp; killed while driving near Willowbrook. 16 year old Millyon Colqui…
1317213422119919621, 1368762876, 2020-10-16T21:18:47.000Z, RT @joybenedict: A community is heartbroken after 2 young men were shot &amp; killed while driving near Willowbrook. 16 year old Millyon Colqui…
1317213433796939777, 30400222, 2020-10-16T21:18:49.000Z, RT @burrellee3: This violence has to end and end fast. Compton Centennial 2022 Millyon Colquitt life was taken last night by a fucking cowa…
1317213927692935170, 79020313, 2020-10-16T21:20:47.000Z, RT @burrellee3: This violence has to end and end fast. Compton Centennial 2022 Millyon Colquitt life was taken last night by a fucking cowa…
1317214131095707648, 860341122, 2020-10-16T21:21:36.000Z, RT @burrellee3: This violence has to end and end fast. Compton Centennial 2022 Millyon Colquitt life was taken last night by a fucking cowa…
1317214861634367488, 378342104, 2020-10-16T21:24:30.000Z, RT @MekahloNBCLA: #Willowbrook: 17 year old Jamel Hill &amp; 16 year old Millyon Colquitt were gunned down off Maple st. &amp; 124th while sitting…
1317215156401709056, 1107705406560694272, 2020-10-16T21:25:40.000Z, RT @joybenedict: A community is heartbroken after 2 young men were shot &amp; killed while driving near Willowbrook. 16 year old Millyon Colqui…
1317215281140297729, 2781373285, 2020-10-16T21:26:10.000Z, RT @burrellee3: This violence has to end and end fast. Compton Centennial 2022 Millyon Colquitt life was taken last night by a fucking cowa…
1317215979957415936, 846538956325904384, 2020-10-16T21:28:56.000Z, RT @joybenedict: A community is heartbroken after 2 young men were shot &amp; killed while driving near Willowbrook. 16 year old Millyon Colqui…
1317216337035366400, 841771869753688064, 2020-10-16T21:30:22.000Z, RT @joybenedict: A community is heartbroken after 2 young men were shot &amp; killed while driving near Willowbrook. 16 year old Millyon Colqui…
1317216432778747904, 730525995040575489, 2020-10-16T21:30:44.000Z, RT @joybenedict: A community is heartbroken after 2 young men were shot &amp; killed while driving near Willowbrook. 16 year old Millyon Colqui…
1317217342305206272, 838807868, 2020-10-16T21:34:21.000Z, RT @joybenedict: A community is heartbroken after 2 young men were shot &amp; killed while driving near Willowbrook. 16 year old Millyon Colqui…
1317219283982712833, 1684114082, 2020-10-16T21:42:04.000Z, RT @burrellee3: This violence has to end and end fast. Compton Centennial 2022 Millyon Colquitt life was taken last night by a fucking cowa…
1317219658928328704, 3052844844, 2020-10-16T21:43:34.000Z, RT @joybenedict: A community is heartbroken after 2 young men were shot &amp; killed while driving near Willowbrook. 16 year old Millyon Colqui…
1317220584082743296, 882855786996580352, 2020-10-16T21:47:14.000Z, RT @joybenedict: A community is heartbroken after 2 young men were shot &amp; killed while driving near Willowbrook. 16 year old Millyon Colqui…
1317221139534413824, 516615975, 2020-10-16T21:49:27.000Z, RT @burrellee3: This violence has to end and end fast. Compton Centennial 2022 Millyon Colquitt life was taken last night by a fucking cowa…
1317221592447938560, 717138872891613185, 2020-10-16T21:51:15.000Z, RT @joybenedict: A community is heartbroken after 2 young men were shot &amp; killed while driving near Willowbrook. 16 year old Millyon Colqui…
1317224307219521536, 42662491, 2020-10-16T22:02:02.000Z, RT @joybenedict: A community is heartbroken after 2 young men were shot &amp; killed while driving near Willowbrook. 16 year old Millyon Colqui…
1317226119150538752, 855589601833910275, 2020-10-16T22:09:14.000Z, Wishing condolences to the family of Millyon Colquitt. Wishing you peace and comfort in this difficult time.
1317226491151867905, 1171800696007643136, 2020-10-16T22:10:43.000Z, RT @joybenedict: A community is heartbroken after 2 young men were shot &amp; killed while driving near Willowbrook. 16 year old Millyon Colqui…
1317226543999901696, 1235041819576029185, 2020-10-16T22:10:55.000Z, RT @joybenedict: A community is heartbroken after 2 young men were shot &amp; killed while driving near Willowbrook. 16 year old Millyon Colqui…
1317227409955979264, 358439419, 2020-10-16T22:14:22.000Z, RT @joybenedict: A community is heartbroken after 2 young men were shot &amp; killed while driving near Willowbrook. 16 year old Millyon Colqui…
1317228318375071744, 3262182012, 2020-10-16T22:17:58.000Z, RT @joybenedict: A community is heartbroken after 2 young men were shot &amp; killed while driving near Willowbrook. 16 year old Millyon Colqui…
1317228663490760704, 3151861494, 2020-10-16T22:19:20.000Z, RT @joybenedict: A community is heartbroken after 2 young men were shot &amp; killed while driving near Willowbrook. 16 year old Millyon Colqui…
1317229172096299010, 180261151, 2020-10-16T22:21:22.000Z, RT @burrellee3: This violence has to end and end fast. Compton Centennial 2022 Millyon Colquitt life was taken last night by a fucking cowa…
1317229247266607104, 1212623410880114693, 2020-10-16T22:21:40.000Z, RT @joybenedict: A community is heartbroken after 2 young men were shot &amp; killed while driving near Willowbrook. 16 year old Millyon Colqui…
1317229566407118849, 1196236688185532418, 2020-10-16T22:22:56.000Z, RT @joybenedict: A community is heartbroken after 2 young men were shot &amp; killed while driving near Willowbrook. 16 year old Millyon Colqui…
1317230394920607748, 1126847359927767041, 2020-10-16T22:26:13.000Z, RT @joybenedict: A community is heartbroken after 2 young men were shot &amp; killed while driving near Willowbrook. 16 year old Millyon Colqui…
1317230498981109761, 2808610075, 2020-10-16T22:26:38.000Z, RT @joybenedict: A community is heartbroken after 2 young men were shot &amp; killed while driving near Willowbrook. 16 year old Millyon Colqui…
1317230528215412741, 57723981, 2020-10-16T22:26:45.000Z, RT @burrellee3: This violence has to end and end fast. Compton Centennial 2022 Millyon Colquitt life was taken last night by a fucking cowa…
1317230665977393152, 2386070048, 2020-10-16T22:27:18.000Z, RT @burrellee3: This violence has to end and end fast. Compton Centennial 2022 Millyon Colquitt life was taken last night by a fucking cowa…
1317231941603651591, 380039761, 2020-10-16T22:32:22.000Z, RT @joybenedict: A community is heartbroken after 2 young men were shot &amp; killed while driving near Willowbrook. 16 year old Millyon Colqui…
1317232077708824577, 244830942, 2020-10-16T22:32:54.000Z, RT @burrellee3: This violence has to end and end fast. Compton Centennial 2022 Millyon Colquitt life was taken last night by a fucking cowa…
1317234094078447616, 2566546417, 2020-10-16T22:40:55.000Z, RT @joybenedict: A community is heartbroken after 2 young men were shot &amp; killed while driving near Willowbrook. 16 year old Millyon Colqui…
1317235178171887616, 2995498435, 2020-10-16T22:45:14.000Z, RT @joybenedict: A community is heartbroken after 2 young men were shot &amp; killed while driving near Willowbrook. 16 year old Millyon Colqui…
1317235617248411648, 552322990, 2020-10-16T22:46:58.000Z, RT @joybenedict: A community is heartbroken after 2 young men were shot &amp; killed while driving near Willowbrook. 16 year old Millyon Colqui…
1317236579413286912, 1078906031525117952, 2020-10-16T22:50:48.000Z, RT @joybenedict: A community is heartbroken after 2 young men were shot &amp; killed while driving near Willowbrook. 16 year old Millyon Colqui…
1317236766655434754, 4633559396, 2020-10-16T22:51:32.000Z, RT @joybenedict: A community is heartbroken after 2 young men were shot &amp; killed while driving near Willowbrook. 16 year old Millyon Colqui…
1317237105546887169, 1128722020257026048, 2020-10-16T22:52:53.000Z, RT @burrellee3: This violence has to end and end fast. Compton Centennial 2022 Millyon Colquitt life was taken last night by a fucking cowa…
1317238909701550080, 1690039316, 2020-10-16T23:00:03.000Z, RT @joybenedict: A community is heartbroken after 2 young men were shot &amp; killed while driving near Willowbrook. 16 year old Millyon Colqui…
1317239741960450049, 936948761871368198, 2020-10-16T23:03:22.000Z, RT @joybenedict: A community is heartbroken after 2 young men were shot &amp; killed while driving near Willowbrook. 16 year old Millyon Colqui…
1317240583451250688, 3070027128, 2020-10-16T23:06:42.000Z, RT @burrellee3: This violence has to end and end fast. Compton Centennial 2022 Millyon Colquitt life was taken last night by a fucking cowa…
1317240721494183939, 1066987208, 2020-10-16T23:07:15.000Z, RT @joybenedict: A community is heartbroken after 2 young men were shot &amp; killed while driving near Willowbrook. 16 year old Millyon Colqui…
1317240826032914432, 815120283354873856, 2020-10-16T23:07:40.000Z, RT @joybenedict: A community is heartbroken after 2 young men were shot &amp; killed while driving near Willowbrook. 16 year old Millyon Colqui…
1317241810637389825, 592521268, 2020-10-16T23:11:35.000Z, RT @joybenedict: A community is heartbroken after 2 young men were shot &amp; killed while driving near Willowbrook. 16 year old Millyon Colqui…
1317241926500798464, 37466399, 2020-10-16T23:12:03.000Z, RT @joybenedict: A community is heartbroken after 2 young men were shot &amp; killed while driving near Willowbrook. 16 year old Millyon Colqui…
1317242743593127936, 1222242642286628864, 2020-10-16T23:15:17.000Z, RT @joybenedict: A community is heartbroken after 2 young men were shot &amp; killed while driving near Willowbrook. 16 year old Millyon Colqui…
1317242991237603328, 4686624998, 2020-10-16T23:16:16.000Z, RT @burrellee3: This violence has to end and end fast. Compton Centennial 2022 Millyon Colquitt life was taken last night by a fucking cowa…
1317245160187514881, 198420647, 2020-10-16T23:24:54.000Z, RT @joybenedict: A community is heartbroken after 2 young men were shot &amp; killed while driving near Willowbrook. 16 year old Millyon Colqui…
1317256425370836992, 886723680474025984, 2020-10-17T00:09:39.000Z, RT @burrellee3: This violence has to end and end fast. Compton Centennial 2022 Millyon Colquitt life was taken last night by a fucking cowa…
1317256542161231872, 2436360853, 2020-10-17T00:10:07.000Z, RT @joybenedict: A community is heartbroken after 2 young men were shot &amp; killed while driving near Willowbrook. 16 year old Millyon Colqui…
1317256760265039873, 1172638699265200128, 2020-10-17T00:10:59.000Z, RT @burrellee3: This violence has to end and end fast. Compton Centennial 2022 Millyon Colquitt life was taken last night by a fucking cowa…
1317258960139776000, 1046471104699617280, 2020-10-17T00:19:44.000Z, RT @burrellee3: This violence has to end and end fast. Compton Centennial 2022 Millyon Colquitt life was taken last night by a fucking cowa…
1317259692914008064, 4786495154, 2020-10-17T00:22:38.000Z, RT @joybenedict: A community is heartbroken after 2 young men were shot &amp; killed while driving near Willowbrook. 16 year old Millyon Colqui…
1317260993324486658, 1192491174717607936, 2020-10-17T00:27:48.000Z, RT @burrellee3: This violence has to end and end fast. Compton Centennial 2022 Millyon Colquitt life was taken last night by a fucking cowa…
1317261613380947969, 3248416326, 2020-10-17T00:30:16.000Z, RT @joybenedict: A community is heartbroken after 2 young men were shot &amp; killed while driving near Willowbrook. 16 year old Millyon Colqui…
1317263342478663681, 868599576097312768, 2020-10-17T00:37:09.000Z, RT @burrellee3: This violence has to end and end fast. Compton Centennial 2022 Millyon Colquitt life was taken last night by a fucking cowa…
1317264896409567233, 1082727775927132160, 2020-10-17T00:43:19.000Z, RT @burrellee3: This violence has to end and end fast. Compton Centennial 2022 Millyon Colquitt life was taken last night by a fucking cowa…
1317266346296582144, 802020829173194753, 2020-10-17T00:49:05.000Z, RT @MekahloNBCLA: #Willowbrook: 17 year old Jamel Hill &amp; 16 year old Millyon Colquitt were gunned down off Maple st. &amp; 124th while sitting…
1317270241458724865, 126856112, 2020-10-17T01:04:33.000Z, RT @joybenedict: A community is heartbroken after 2 young men were shot &amp; killed while driving near Willowbrook. 16 year old Millyon Colqui…
1317270728220160000, 1096119524686848000, 2020-10-17T01:06:29.000Z, RT @joybenedict: A community is heartbroken after 2 young men were shot &amp; killed while driving near Willowbrook. 16 year old Millyon Colqui…
1317274110196510721, 4612731052, 2020-10-17T01:19:56.000Z, RT @joybenedict: A community is heartbroken after 2 young men were shot &amp; killed while driving near Willowbrook. 16 year old Millyon Colqui…
1317274566201233408, 2607897650, 2020-10-17T01:21:45.000Z, RT @burrellee3: This violence has to end and end fast. Compton Centennial 2022 Millyon Colquitt life was taken last night by a fucking cowa…
1317275874115297282, 1668071142, 2020-10-17T01:26:56.000Z, RT @burrellee3: This violence has to end and end fast. Compton Centennial 2022 Millyon Colquitt life was taken last night by a fucking cowa…
1317276028138627073, 368230054, 2020-10-17T01:27:33.000Z, RT @joybenedict: A community is heartbroken after 2 young men were shot &amp; killed while driving near Willowbrook. 16 year old Millyon Colqui…
1317280799004057600, 867279529559040001, 2020-10-17T01:46:31.000Z, RT @joybenedict: A community is heartbroken after 2 young men were shot &amp; killed while driving near Willowbrook. 16 year old Millyon Colqui…
1317282594442997760, 1213250067856941056, 2020-10-17T01:53:39.000Z, RT @joybenedict: A community is heartbroken after 2 young men were shot &amp; killed while driving near Willowbrook. 16 year old Millyon Colqui…
1317283386042449920, 759343663398789120, 2020-10-17T01:56:47.000Z, RT @joybenedict: A community is heartbroken after 2 young men were shot &amp; killed while driving near Willowbrook. 16 year old Millyon Colqui…
1317289507947937793, 53831189, 2020-10-17T02:21:07.000Z, RT @joybenedict: A community is heartbroken after 2 young men were shot &amp; killed while driving near Willowbrook. 16 year old Millyon Colqui…
1317292696399048704, 58113197, 2020-10-17T02:33:47.000Z, RT @burrellee3: This violence has to end and end fast. Compton Centennial 2022 Millyon Colquitt life was taken last night by a fucking cowa…
1317292823591284736, 28701053, 2020-10-17T02:34:17.000Z, RT @burrellee3: This violence has to end and end fast. Compton Centennial 2022 Millyon Colquitt life was taken last night by a fucking cowa…
1317293008203653120, 334853420, 2020-10-17T02:35:01.000Z, RT @burrellee3: This violence has to end and end fast. Compton Centennial 2022 Millyon Colquitt life was taken last night by a fucking cowa…
1317293129662300160, 28284905, 2020-10-17T02:35:30.000Z, RT @burrellee3: This violence has to end and end fast. Compton Centennial 2022 Millyon Colquitt life was taken last night by a fucking cowa…
1317293386479603716, 138886885, 2020-10-17T02:36:32.000Z, RT @joybenedict: A community is heartbroken after 2 young men were shot &amp; killed while driving near Willowbrook. 16 year old Millyon Colqui…
1317293393085562880, 114079534, 2020-10-17T02:36:33.000Z, RT @burrellee3: This violence has to end and end fast. Compton Centennial 2022 Millyon Colquitt life was taken last night by a fucking cowa…
1317293686292574208, 2281568521, 2020-10-17T02:37:43.000Z, RT @joybenedict: A community is heartbroken after 2 young men were shot &amp; killed while driving near Willowbrook. 16 year old Millyon Colqui…
1317293878928642048, 182141078, 2020-10-17T02:38:29.000Z, RT @burrellee3: This violence has to end and end fast. Compton Centennial 2022 Millyon Colquitt life was taken last night by a fucking cowa…
1317294135863169024, 295817391, 2020-10-17T02:39:30.000Z, RT @burrellee3: This violence has to end and end fast. Compton Centennial 2022 Millyon Colquitt life was taken last night by a fucking cowa…
1317294360090746880, 619554557, 2020-10-17T02:40:24.000Z, RT @burrellee3: This violence has to end and end fast. Compton Centennial 2022 Millyon Colquitt life was taken last night by a fucking cowa…
1317296455665659904, 37541304, 2020-10-17T02:48:43.000Z, RT @joybenedict: A community is heartbroken after 2 young men were shot &amp; killed while driving near Willowbrook. 16 year old Millyon Colqui…
1317297230521331712, 63372844, 2020-10-17T02:51:48.000Z, RT @burrellee3: This violence has to end and end fast. Compton Centennial 2022 Millyon Colquitt life was taken last night by a fucking cowa…
1317298344251727873, 2829234768, 2020-10-17T02:56:14.000Z, RT @burrellee3: This violence has to end and end fast. Compton Centennial 2022 Millyon Colquitt life was taken last night by a fucking cowa…
1317298983459434496, 388581071, 2020-10-17T02:58:46.000Z, RT @joybenedict: A community is heartbroken after 2 young men were shot &amp; killed while driving near Willowbrook. 16 year old Millyon Colqui…
1317299919481315328, 842254558168399875, 2020-10-17T03:02:29.000Z, RT @burrellee3: This violence has to end and end fast. Compton Centennial 2022 Millyon Colquitt life was taken last night by a fucking cowa…
1317300028600328192, 21914726, 2020-10-17T03:02:55.000Z, RT @joybenedict: A community is heartbroken after 2 young men were shot &amp; killed while driving near Willowbrook. 16 year old Millyon Colqui…
1317300337355616256, 133123571, 2020-10-17T03:04:09.000Z, RT @burrellee3: This violence has to end and end fast. Compton Centennial 2022 Millyon Colquitt life was taken last night by a fucking cowa…
1317303347477581824, 38693178, 2020-10-17T03:16:07.000Z, RT @burrellee3: This violence has to end and end fast. Compton Centennial 2022 Millyon Colquitt life was taken last night by a fucking cowa…
1317304851982733313, 2829234768, 2020-10-17T03:22:05.000Z, RT @joybenedict: A community is heartbroken after 2 young men were shot &amp; killed while driving near Willowbrook. 16 year old Millyon Colqui…
1317307124591038464, 79259160, 2020-10-17T03:31:07.000Z, RT @burrellee3: This violence has to end and end fast. Compton Centennial 2022 Millyon Colquitt life was taken last night by a fucking cowa…
1317310452762775552, 27500834, 2020-10-17T03:44:21.000Z, RT @burrellee3: This violence has to end and end fast. Compton Centennial 2022 Millyon Colquitt life was taken last night by a fucking cowa…
1317311548054933507, 729835489973272576, 2020-10-17T03:48:42.000Z, RT @burrellee3: This violence has to end and end fast. Compton Centennial 2022 Millyon Colquitt life was taken last night by a fucking cowa…
1317316907167408128, 157235165, 2020-10-17T04:09:59.000Z, RT @joybenedict: A community is heartbroken after 2 young men were shot &amp; killed while driving near Willowbrook. 16 year old Millyon Colqui…
1317317754265890816, 3253267556, 2020-10-17T04:13:21.000Z, RT @joybenedict: A community is heartbroken after 2 young men were shot &amp; killed while driving near Willowbrook. 16 year old Millyon Colqui…
1317321403499081729, 157735902, 2020-10-17T04:27:51.000Z, RT @joybenedict: A community is heartbroken after 2 young men were shot &amp; killed while driving near Willowbrook. 16 year old Millyon Colqui…
1317321786116042752, 860975050756718592, 2020-10-17T04:29:23.000Z, RT @burrellee3: This violence has to end and end fast. Compton Centennial 2022 Millyon Colquitt life was taken last night by a fucking cowa…
1317322534258307072, 584574852, 2020-10-17T04:32:21.000Z, RT @burrellee3: This violence has to end and end fast. Compton Centennial 2022 Millyon Colquitt life was taken last night by a fucking cowa…
1317324636586213376, 2649504901, 2020-10-17T04:40:42.000Z, RT @joybenedict: A community is heartbroken after 2 young men were shot &amp; killed while driving near Willowbrook. 16 year old Millyon Colqui…
1317325500667236352, 2489395418, 2020-10-17T04:44:08.000Z, RT @joybenedict: A community is heartbroken after 2 young men were shot &amp; killed while driving near Willowbrook. 16 year old Millyon Colqui…
1317330183360315393, 1348025876, 2020-10-17T05:02:45.000Z, RT @burrellee3: This violence has to end and end fast. Compton Centennial 2022 Millyon Colquitt life was taken last night by a fucking cowa…
1317330727411863552, 557132983, 2020-10-17T05:04:54.000Z, RT @burrellee3: This violence has to end and end fast. Compton Centennial 2022 Millyon Colquitt life was taken last night by a fucking cowa…
1317332288300969984, 1310114886295252992, 2020-10-17T05:11:07.000Z, RT @joybenedict: A community is heartbroken after 2 young men were shot &amp; killed while driving near Willowbrook. 16 year old Millyon Colqui…
1317336954724249600, 1032671333140713474, 2020-10-17T05:29:39.000Z, RT @burrellee3: This violence has to end and end fast. Compton Centennial 2022 Millyon Colquitt life was taken last night by a fucking cowa…
1317337746378170370, 167993563, 2020-10-17T05:32:48.000Z, RT @joybenedict: A community is heartbroken after 2 young men were shot &amp; killed while driving near Willowbrook. 16 year old Millyon Colqui…
1317337772064088066, 1091858117300609025, 2020-10-17T05:32:54.000Z, RT @burrellee3: This violence has to end and end fast. Compton Centennial 2022 Millyon Colquitt life was taken last night by a fucking cowa…
1317337954956705793, 734885983397634048, 2020-10-17T05:33:38.000Z, RT @burrellee3: This violence has to end and end fast. Compton Centennial 2022 Millyon Colquitt life was taken last night by a fucking cowa…
1317338300105936901, 1244834827, 2020-10-17T05:35:00.000Z, RT @burrellee3: This violence has to end and end fast. Compton Centennial 2022 Millyon Colquitt life was taken last night by a fucking cowa…
1317339946215075841, 1162855647081144320, 2020-10-17T05:41:32.000Z, RT @burrellee3: This violence has to end and end fast. Compton Centennial 2022 Millyon Colquitt life was taken last night by a fucking cowa…
1317341000721854464, 246049771, 2020-10-17T05:45:44.000Z, RT @burrellee3: This violence has to end and end fast. Compton Centennial 2022 Millyon Colquitt life was taken last night by a fucking cowa…
1317346087221428225, 1689204752, 2020-10-17T06:05:56.000Z, RT @joybenedict: A community is heartbroken after 2 young men were shot &amp; killed while driving near Willowbrook. 16 year old Millyon Colqui…
1317346743227355137, 350681611, 2020-10-17T06:08:33.000Z, RT @burrellee3: This violence has to end and end fast. Compton Centennial 2022 Millyon Colquitt life was taken last night by a fucking cowa…
1317347583593910272, 335056239, 2020-10-17T06:11:53.000Z, RT @burrellee3: This violence has to end and end fast. Compton Centennial 2022 Millyon Colquitt life was taken last night by a fucking cowa…
1317347616678584320, 186565114, 2020-10-17T06:12:01.000Z, RT @burrellee3: This violence has to end and end fast. Compton Centennial 2022 Millyon Colquitt life was taken last night by a fucking cowa…
1317349172274630656, 1048979253885325314, 2020-10-17T06:18:12.000Z, RT @joybenedict: A community is heartbroken after 2 young men were shot &amp; killed while driving near Willowbrook. 16 year old Millyon Colqui…
1317356459529621507, 1143290021228601345, 2020-10-17T06:47:09.000Z, RT @joybenedict: A community is heartbroken after 2 young men were shot &amp; killed while driving near Willowbrook. 16 year old Millyon Colqui…
1317357231634108417, 243197568, 2020-10-17T06:50:13.000Z, RT @joybenedict: A community is heartbroken after 2 young men were shot &amp; killed while driving near Willowbrook. 16 year old Millyon Colqui…
1317365007491887104, 796554368614965248, 2020-10-17T07:21:07.000Z, RT @burrellee3: This violence has to end and end fast. Compton Centennial 2022 Millyon Colquitt life was taken last night by a fucking cowa…
1317366206957973504, 1197901144112029696, 2020-10-17T07:25:53.000Z, RT @burrellee3: This violence has to end and end fast. Compton Centennial 2022 Millyon Colquitt life was taken last night by a fucking cowa…
1317370629604089856, 3289267304, 2020-10-17T07:43:28.000Z, RT @joybenedict: A community is heartbroken after 2 young men were shot &amp; killed while driving near Willowbrook. 16 year old Millyon Colqui…
1317421554200961024, 2852580480, 2020-10-17T11:05:49.000Z, RT @joybenedict: A community is heartbroken after 2 young men were shot &amp; killed while driving near Willowbrook. 16 year old Millyon Colqui…
1317454612236992512, 2547355909, 2020-10-17T13:17:11.000Z, RT @burrellee3: This violence has to end and end fast. Compton Centennial 2022 Millyon Colquitt life was taken last night by a fucking cowa…
1317457388753031168, 42459636, 2020-10-17T13:28:13.000Z, RT @burrellee3: This violence has to end and end fast. Compton Centennial 2022 Millyon Colquitt life was taken last night by a fucking cowa…
1317457553639366656, 2185487466, 2020-10-17T13:28:52.000Z, RT @burrellee3: This violence has to end and end fast. Compton Centennial 2022 Millyon Colquitt life was taken last night by a fucking cowa…
1317460476641579008, 1179558394681860098, 2020-10-17T13:40:29.000Z, RT @burrellee3: This violence has to end and end fast. Compton Centennial 2022 Millyon Colquitt life was taken last night by a fucking cowa…
1317468039621660672, 1314938266932580352, 2020-10-17T14:10:32.000Z, RT @burrellee3: This violence has to end and end fast. Compton Centennial 2022 Millyon Colquitt life was taken last night by a fucking cowa…
1317468208341942277, 295633438, 2020-10-17T14:11:12.000Z, RT @burrellee3: This violence has to end and end fast. Compton Centennial 2022 Millyon Colquitt life was taken last night by a fucking cowa…
1317472912811712513, 2173112341, 2020-10-17T14:29:54.000Z, RT @joybenedict: A community is heartbroken after 2 young men were shot &amp; killed while driving near Willowbrook. 16 year old Millyon Colqui…
1317485100112605186, 1242278412233789440, 2020-10-17T15:18:20.000Z, RT @joybenedict: A community is heartbroken after 2 young men were shot &amp; killed while driving near Willowbrook. 16 year old Millyon Colqui…
1317485173475168257, 2864207482, 2020-10-17T15:18:37.000Z, RT @burrellee3: This violence has to end and end fast. Compton Centennial 2022 Millyon Colquitt life was taken last night by a fucking cowa…
1317487034424946688, 2185487466, 2020-10-17T15:26:01.000Z, RT @LACourtReport: Wishing condolences to the family of Millyon Colquitt. Wishing you peace and comfort in this difficult time.
1317501363237113857, 1151358612364779521, 2020-10-17T16:22:57.000Z, RT @joybenedict: A community is heartbroken after 2 young men were shot &amp; killed while driving near Willowbrook. 16 year old Millyon Colqui…
1317501615029374976, 1368306030, 2020-10-17T16:23:57.000Z, RT @burrellee3: This violence has to end and end fast. Compton Centennial 2022 Millyon Colquitt life was taken last night by a fucking cowa…
1317508985629540357, 28891464, 2020-10-17T16:53:14.000Z, Millyon Colquitt 🙏🏼 https://t.co/F00W2QOisi
1317509223274536961, 1280600359644172288, 2020-10-17T16:54:11.000Z, RT @burrellee3: This violence has to end and end fast. Compton Centennial 2022 Millyon Colquitt life was taken last night by a fucking cowa…
1317509731498434564, 111986276, 2020-10-17T16:56:12.000Z, RT @burrellee3: This violence has to end and end fast. Compton Centennial 2022 Millyon Colquitt life was taken last night by a fucking cowa…
1317509920317636608, 1056715416016424960, 2020-10-17T16:56:57.000Z, RT @burrellee3: This violence has to end and end fast. Compton Centennial 2022 Millyon Colquitt life was taken last night by a fucking cowa…
1317512321749544963, 1102602979, 2020-10-17T17:06:30.000Z, RT @joybenedict: A community is heartbroken after 2 young men were shot &amp; killed while driving near Willowbrook. 16 year old Millyon Colqui…
1317512340321939457, 321164843, 2020-10-17T17:06:34.000Z, RT @burrellee3: This violence has to end and end fast. Compton Centennial 2022 Millyon Colquitt life was taken last night by a fucking cowa…
1317512528264531969, 1102602979, 2020-10-17T17:07:19.000Z, RT @burrellee3: This violence has to end and end fast. Compton Centennial 2022 Millyon Colquitt life was taken last night by a fucking cowa…
1317515456064999424, 2856103161, 2020-10-17T17:18:57.000Z, RT @burrellee3: This violence has to end and end fast. Compton Centennial 2022 Millyon Colquitt life was taken last night by a fucking cowa…
1317517415790579717, 56258542, 2020-10-17T17:26:44.000Z, RT @burrellee3: This violence has to end and end fast. Compton Centennial 2022 Millyon Colquitt life was taken last night by a fucking cowa…
1317523702817431553, 1043625340671860736, 2020-10-17T17:51:43.000Z, RT @burrellee3: This violence has to end and end fast. Compton Centennial 2022 Millyon Colquitt life was taken last night by a fucking cowa…
1317523841443266560, 1022124713500393473, 2020-10-17T17:52:16.000Z, RT @burrellee3: This violence has to end and end fast. Compton Centennial 2022 Millyon Colquitt life was taken last night by a fucking cowa…
1317524667104546817, 745186819797454849, 2020-10-17T17:55:33.000Z, RT @joybenedict: A community is heartbroken after 2 young men were shot &amp; killed while driving near Willowbrook. 16 year old Millyon Colqui…
1317524825984823296, 1295424857513984000, 2020-10-17T17:56:11.000Z, RT @burrellee3: This violence has to end and end fast. Compton Centennial 2022 Millyon Colquitt life was taken last night by a fucking cowa…
1317525673804656642, 909822340820738048, 2020-10-17T17:59:33.000Z, RT @burrellee3: This violence has to end and end fast. Compton Centennial 2022 Millyon Colquitt life was taken last night by a fucking cowa…
1317528227846385665, 305238593, 2020-10-17T18:09:42.000Z, RT @burrellee3: This violence has to end and end fast. Compton Centennial 2022 Millyon Colquitt life was taken last night by a fucking cowa…
1317533618391064576, 496309400, 2020-10-17T18:31:07.000Z, RT @joybenedict: A community is heartbroken after 2 young men were shot &amp; killed while driving near Willowbrook. 16 year old Millyon Colqui…
1317535411246231552, 4665852133, 2020-10-17T18:38:15.000Z, RT @burrellee3: This violence has to end and end fast. Compton Centennial 2022 Millyon Colquitt life was taken last night by a fucking cowa…
1317538146016399360, 368431962, 2020-10-17T18:49:07.000Z, RT @burrellee3: This violence has to end and end fast. Compton Centennial 2022 Millyon Colquitt life was taken last night by a fucking cowa…
1317538696329981952, 18575039, 2020-10-17T18:51:18.000Z, RT @burrellee3: This violence has to end and end fast. Compton Centennial 2022 Millyon Colquitt life was taken last night by a fucking cowa…
1317539828196671490, 21516583, 2020-10-17T18:55:48.000Z, RT @burrellee3: This violence has to end and end fast. Compton Centennial 2022 Millyon Colquitt life was taken last night by a fucking cowa…
1317542494788177920, 739605460563693569, 2020-10-17T19:06:24.000Z, RT @burrellee3: This violence has to end and end fast. Compton Centennial 2022 Millyon Colquitt life was taken last night by a fucking cowa…
1317552341508182017, 1299233183326564352, 2020-10-17T19:45:31.000Z, RT @joybenedict: A community is heartbroken after 2 young men were shot &amp; killed while driving near Willowbrook. 16 year old Millyon Colqui…
1317614347850412033, 22801903, 2020-10-17T23:51:55.000Z, RT @burrellee3: This violence has to end and end fast. Compton Centennial 2022 Millyon Colquitt life was taken last night by a fucking cowa…
1317632692943343616, 1050205575609339905, 2020-10-18T01:04:49.000Z, RT @burrellee3: This violence has to end and end fast. Compton Centennial 2022 Millyon Colquitt life was taken last night by a fucking cowa…
1317647948704931840, 1153375125632212993, 2020-10-18T02:05:26.000Z, RT @joybenedict: A community is heartbroken after 2 young men were shot &amp; killed while driving near Willowbrook. 16 year old Millyon Colqui…
1317650963822465026, 21870046, 2020-10-18T02:17:25.000Z, RT @burrellee3: This violence has to end and end fast. Compton Centennial 2022 Millyon Colquitt life was taken last night by a fucking cowa…
1317651547636027392, 256192675, 2020-10-18T02:19:44.000Z, RT @burrellee3: This violence has to end and end fast. Compton Centennial 2022 Millyon Colquitt life was taken last night by a fucking cowa…
1317651699591499776, 2896016778, 2020-10-18T02:20:20.000Z, RT @burrellee3: This violence has to end and end fast. Compton Centennial 2022 Millyon Colquitt life was taken last night by a fucking cowa…
1317652219966140417, 1107417915882643458, 2020-10-18T02:22:24.000Z, RT @burrellee3: This violence has to end and end fast. Compton Centennial 2022 Millyon Colquitt life was taken last night by a fucking cowa…
1317653282945368064, 1242627036, 2020-10-18T02:26:38.000Z, RT @burrellee3: This violence has to end and end fast. Compton Centennial 2022 Millyon Colquitt life was taken last night by a fucking cowa…
1317655081412591616, 24314323, 2020-10-18T02:33:46.000Z, RT @burrellee3: This violence has to end and end fast. Compton Centennial 2022 Millyon Colquitt life was taken last night by a fucking cowa…
1317655399160373248, 1176298884156383232, 2020-10-18T02:35:02.000Z, RT @joybenedict: A community is heartbroken after 2 young men were shot &amp; killed while driving near Willowbrook. 16 year old Millyon Colqui…
1317656629140213761, 152717653, 2020-10-18T02:39:55.000Z, RT @burrellee3: This violence has to end and end fast. Compton Centennial 2022 Millyon Colquitt life was taken last night by a fucking cowa…
1317662288673787909, 78993092, 2020-10-18T03:02:25.000Z, RT @burrellee3: This violence has to end and end fast. Compton Centennial 2022 Millyon Colquitt life was taken last night by a fucking cowa…
1317682520989761536, 1952867778, 2020-10-18T04:22:49.000Z, RT @joybenedict: A community is heartbroken after 2 young men were shot &amp; killed while driving near Willowbrook. 16 year old Millyon Colqui…
1317684751038320641, 1925377093, 2020-10-18T04:31:40.000Z, RT @burrellee3: This violence has to end and end fast. Compton Centennial 2022 Millyon Colquitt life was taken last night by a fucking cowa…
1317684760420909058, 3272137880, 2020-10-18T04:31:42.000Z, RT @burrellee3: This violence has to end and end fast. Compton Centennial 2022 Millyon Colquitt life was taken last night by a fucking cowa…
1317728382419828741, 1251319294329155590, 2020-10-18T07:25:03.000Z, RT @joybenedict: A community is heartbroken after 2 young men were shot &amp; killed while driving near Willowbrook. 16 year old Millyon Colqui…
1317810515280683009, 250513107, 2020-10-18T12:51:25.000Z, RT @burrellee3: This violence has to end and end fast. Compton Centennial 2022 Millyon Colquitt life was taken last night by a fucking cowa…
1317903469269848064, 755957504857694209, 2020-10-18T19:00:47.000Z, 🙏🏾💜 https://t.co/Do7Buhlz8J
1317903508167950336, 1663254474, 2020-10-18T19:00:56.000Z, RT @ThatsSoColby_: 🙏🏾💜 https://t.co/Do7Buhlz8J
1317904517132775424, 3074936545, 2020-10-18T19:04:57.000Z, RT @ThatsSoColby_: 🙏🏾💜 https://t.co/Do7Buhlz8J
1317904661274370048, 56873992, 2020-10-18T19:05:31.000Z, RT @ThatsSoColby_: 🙏🏾💜 https://t.co/Do7Buhlz8J
1317904665174921216, 70062915, 2020-10-18T19:05:32.000Z, RT @ThatsSoColby_: 🙏🏾💜 https://t.co/Do7Buhlz8J
1317904712847577089, 4482226694, 2020-10-18T19:05:43.000Z, RT @ThatsSoColby_: 🙏🏾💜 https://t.co/Do7Buhlz8J
1317904795806519296, 705979534676340736, 2020-10-18T19:06:03.000Z, RT @ThatsSoColby_: 🙏🏾💜 https://t.co/Do7Buhlz8J
1317904956935032834, 785096816, 2020-10-18T19:06:41.000Z, RT @ThatsSoColby_: 🙏🏾💜 https://t.co/Do7Buhlz8J
1317905106629808128, 1172161710188310528, 2020-10-18T19:07:17.000Z, In Loving Memory of our beloved Millyon Colquitt https://t.co/TquDlF6tuf
1317905301421629440, 904400268468654081, 2020-10-18T19:08:04.000Z, RT @ThatsSoColby_: 🙏🏾💜 https://t.co/Do7Buhlz8J
1317905306303623168, 67213532, 2020-10-18T19:08:05.000Z, RT @ThatsSoColby_: 🙏🏾💜 https://t.co/Do7Buhlz8J
1317905306316275713, 276713273, 2020-10-18T19:08:05.000Z, RT @ThatsSoColby_: 🙏🏾💜 https://t.co/Do7Buhlz8J
1317905798215929856, 1169325170487697408, 2020-10-18T19:10:02.000Z, RT @ThatsSoColby_: 🙏🏾💜 https://t.co/Do7Buhlz8J
1317905883016298501, 791410459874328577, 2020-10-18T19:10:22.000Z, RT @ThatsSoColby_: 🙏🏾💜 https://t.co/Do7Buhlz8J
1317906356616265728, 2980718460, 2020-10-18T19:12:15.000Z, RT @ThatsSoColby_: 🙏🏾💜 https://t.co/Do7Buhlz8J
1317908926520844288, 2418915419, 2020-10-18T19:22:28.000Z, RT @ThatsSoColby_: 🙏🏾💜 https://t.co/Do7Buhlz8J
1317910305905823748, 742627080584736768, 2020-10-18T19:27:57.000Z, RT @ThatsSoColby_: 🙏🏾💜 https://t.co/Do7Buhlz8J
1317912216058892291, 3328324059, 2020-10-18T19:35:32.000Z, RT @ThatsSoColby_: 🙏🏾💜 https://t.co/Do7Buhlz8J
1317913790458023936, 4100090607, 2020-10-18T19:41:47.000Z, RT @ThatsSoColby_: 🙏🏾💜 https://t.co/Do7Buhlz8J
1317916536942809090, 702517890508005376, 2020-10-18T19:52:42.000Z, RT @ThatsSoColby_: 🙏🏾💜 https://t.co/Do7Buhlz8J
1317917640002863105, 4543280893, 2020-10-18T19:57:05.000Z, RT @ThatsSoColby_: 🙏🏾💜 https://t.co/Do7Buhlz8J
1317919458736762881, 26934483, 2020-10-18T20:04:19.000Z, RT @ThatsSoColby_: 🙏🏾💜 https://t.co/Do7Buhlz8J
1317919802195873793, 1627131079, 2020-10-18T20:05:41.000Z, RT @ThatsSoColby_: 🙏🏾💜 https://t.co/Do7Buhlz8J
1317920492255367179, 2392197547, 2020-10-18T20:08:25.000Z, RT @ThatsSoColby_: 🙏🏾💜 https://t.co/Do7Buhlz8J
1317920942635581440, 1189739496482332672, 2020-10-18T20:10:13.000Z, https://t.co/cVmqI4jdJ0
1317921788626563072, 1106267282055954432, 2020-10-18T20:13:34.000Z, RT @4PFKARI: https://t.co/cVmqI4jdJ0
1317922660400050176, 1083224096417050625, 2020-10-18T20:17:02.000Z, RT @4PFKARI: https://t.co/cVmqI4jdJ0
1317922912628666370, 2388505764, 2020-10-18T20:18:02.000Z, RT @4PFKARI: https://t.co/cVmqI4jdJ0
1317922961857208320, 1136815398622416898, 2020-10-18T20:18:14.000Z, RT @4PFKARI: https://t.co/cVmqI4jdJ0
1317925283454840833, 1097325985165242368, 2020-10-18T20:27:28.000Z, RT @4PFKARI: https://t.co/cVmqI4jdJ0
1317927225992318976, 713815116647690241, 2020-10-18T20:35:11.000Z, RT @ThatsSoColby_: 🙏🏾💜 https://t.co/Do7Buhlz8J
1317928588684001281, 65989270, 2020-10-18T20:40:36.000Z, RT @ThatsSoColby_: 🙏🏾💜 https://t.co/Do7Buhlz8J
1317930423406657536, 3283144591, 2020-10-18T20:47:53.000Z, RT @4PFKARI: https://t.co/cVmqI4jdJ0
1317932968971706369, 92664687, 2020-10-18T20:58:00.000Z, RT @ThatsSoColby_: 🙏🏾💜 https://t.co/Do7Buhlz8J
1317934093808566273, 1293285806, 2020-10-18T21:02:28.000Z, RT @ThatsSoColby_: 🙏🏾💜 https://t.co/Do7Buhlz8J
1317940814811639808, 776534476130164736, 2020-10-18T21:29:11.000Z, RT @ThatsSoColby_: 🙏🏾💜 https://t.co/Do7Buhlz8J
1317941932035768320, 1067265438843727872, 2020-10-18T21:33:37.000Z, https://t.co/fjzbNHlNn3
1317945679042531328, 741472225765756928, 2020-10-18T21:48:30.000Z, RT @ThatsSoColby_: 🙏🏾💜 https://t.co/Do7Buhlz8J
1317946859193659392, 1251560201012088832, 2020-10-18T21:53:12.000Z, RT @ThatsSoColby_: 🙏🏾💜 https://t.co/Do7Buhlz8J
1317946969633955840, 1316803633296470016, 2020-10-18T21:53:38.000Z, In Loving Memory of our beloved Millyon Colquitt https://t.co/tXUbOWWnA4
1317947193601425408, 746349240264310784, 2020-10-18T21:54:31.000Z, RT @ThatsSoColby_: 🙏🏾💜 https://t.co/Do7Buhlz8J
1317949848570781696, 976301808569212928, 2020-10-18T22:05:04.000Z, RT @ThatsSoColby_: 🙏🏾💜 https://t.co/Do7Buhlz8J
1317950511727955969, 1006341354472005632, 2020-10-18T22:07:42.000Z, RT @ThatsSoColby_: 🙏🏾💜 https://t.co/Do7Buhlz8J
1317951499151024129, 1072224968367374338, 2020-10-18T22:11:38.000Z, RT @ThatsSoColby_: 🙏🏾💜 https://t.co/Do7Buhlz8J
1317952030741270538, 1088524491934912512, 2020-10-18T22:13:45.000Z, RT @ThatsSoColby_: 🙏🏾💜 https://t.co/Do7Buhlz8J
1317953116579377152, 1237801179553206272, 2020-10-18T22:18:04.000Z, RT @sin3ade: https://t.co/fjzbNHlNn3
1317954499714125830, 874448221086646278, 2020-10-18T22:23:33.000Z, RT @ThatsSoColby_: 🙏🏾💜 https://t.co/Do7Buhlz8J
1317955006423834631, 1125871796169912332, 2020-10-18T22:25:34.000Z, RT @ThatsSoColby_: 🙏🏾💜 https://t.co/Do7Buhlz8J
1317956390036492289, 755957504857694209, 2020-10-18T22:31:04.000Z, RT @ThatsSoColby_: 🙏🏾💜 https://t.co/Do7Buhlz8J
1317957678900121601, 207794625, 2020-10-18T22:36:11.000Z, RT @ThatsSoColby_: 🙏🏾💜 https://t.co/Do7Buhlz8J
1317962360925999104, 1323415387, 2020-10-18T22:54:48.000Z, RT @ThatsSoColby_: 🙏🏾💜 https://t.co/Do7Buhlz8J
1317962517549780992, 307517869, 2020-10-18T22:55:25.000Z, RT @ThatsSoColby_: 🙏🏾💜 https://t.co/Do7Buhlz8J
1317963003086598144, 48544819, 2020-10-18T22:57:21.000Z, RT @ThatsSoColby_: 🙏🏾💜 https://t.co/Do7Buhlz8J
1317963909551325185, 1129526127414915075, 2020-10-18T23:00:57.000Z, RT @ThatsSoColby_: 🙏🏾💜 https://t.co/Do7Buhlz8J
1317964181941911558, 1291741219, 2020-10-18T23:02:02.000Z, RT @ThatsSoColby_: 🙏🏾💜 https://t.co/Do7Buhlz8J
1317964687611486209, 716738000, 2020-10-18T23:04:02.000Z, RT @ThatsSoColby_: 🙏🏾💜 https://t.co/Do7Buhlz8J
1317969879585026048, 190522422, 2020-10-18T23:24:40.000Z, RT @ThatsSoColby_: 🙏🏾💜 https://t.co/Do7Buhlz8J
1317971098563080193, 516891339, 2020-10-18T23:29:31.000Z, RT @ThatsSoColby_: 🙏🏾💜 https://t.co/Do7Buhlz8J
1317973793826955264, 1277516219994628101, 2020-10-18T23:40:13.000Z, RT @sin3ade: https://t.co/fjzbNHlNn3
1317976541742075904, 3287138838, 2020-10-18T23:51:09.000Z, RT @ThatsSoColby_: 🙏🏾💜 https://t.co/Do7Buhlz8J
1317985897200066560, 701320825220141056, 2020-10-19T00:28:19.000Z, RT @ThatsSoColby_: 🙏🏾💜 https://t.co/Do7Buhlz8J
1317998632210223104, 1136034198597382145, 2020-10-19T01:18:55.000Z, RT @ThatsSoColby_: 🙏🏾💜 https://t.co/Do7Buhlz8J
1318012413589872641, 802020829173194753, 2020-10-19T02:13:41.000Z, RT @ThatsSoColby_: 🙏🏾💜 https://t.co/Do7Buhlz8J
1318012551863488512, 15671982, 2020-10-19T02:14:14.000Z, RT @ThatsSoColby_: 🙏🏾💜 https://t.co/Do7Buhlz8J
1318048886380843009, 813478334520668161, 2020-10-19T04:38:37.000Z, RT @ThatsSoColby_: 🙏🏾💜 https://t.co/Do7Buhlz8J
1318049948177293313, 1302353727232204800, 2020-10-19T04:42:50.000Z, RT @joybenedict: A community is heartbroken after 2 young men were shot &amp; killed while driving near Willowbrook. 16 year old Millyon Colqui…
1318117034702512128, 769994107624251392, 2020-10-19T09:09:25.000Z, RT @4PFKARI: https://t.co/cVmqI4jdJ0
1318213266485645313, 1003783699203145729, 2020-10-19T15:31:48.000Z, If you can help that would be great, if not please share 🙏🏾🙏🏾 https://t.co/VuUSKW5j8m
1318214366139830273, 1038723326472904705, 2020-10-19T15:36:10.000Z, RT @ajanito_barnes: If you can help that would be great, if not please share 🙏🏾🙏🏾 https://t.co/VuUSKW5j8m
1318215903620726784, 927323917064183808, 2020-10-19T15:42:17.000Z, RT @ajanito_barnes: If you can help that would be great, if not please share 🙏🏾🙏🏾 https://t.co/VuUSKW5j8m
1318216923449073677, 4706109498, 2020-10-19T15:46:20.000Z, RT @ajanito_barnes: If you can help that would be great, if not please share 🙏🏾🙏🏾 https://t.co/VuUSKW5j8m
1318229066034614272, 37112646, 2020-10-19T16:34:35.000Z, RT @burrellee3: This violence has to end and end fast. Compton Centennial 2022 Millyon Colquitt life was taken last night by a fucking cowa…
1318229179452764167, 270138871, 2020-10-19T16:35:02.000Z, RT @burrellee3: This violence has to end and end fast. Compton Centennial 2022 Millyon Colquitt life was taken last night by a fucking cowa…
1318229252584726530, 96820126, 2020-10-19T16:35:19.000Z, RT @burrellee3: This violence has to end and end fast. Compton Centennial 2022 Millyon Colquitt life was taken last night by a fucking cowa…
1318229265716948996, 40843389, 2020-10-19T16:35:23.000Z, RT @burrellee3: This violence has to end and end fast. Compton Centennial 2022 Millyon Colquitt life was taken last night by a fucking cowa…
1318229337494196225, 2195415173, 2020-10-19T16:35:40.000Z, RT @burrellee3: This violence has to end and end fast. Compton Centennial 2022 Millyon Colquitt life was taken last night by a fucking cowa…
1318229379818917890, 1153477904610840584, 2020-10-19T16:35:50.000Z, RT @burrellee3: This violence has to end and end fast. Compton Centennial 2022 Millyon Colquitt life was taken last night by a fucking cowa…
1318229478460379136, 2793454618, 2020-10-19T16:36:13.000Z, RT @burrellee3: This violence has to end and end fast. Compton Centennial 2022 Millyon Colquitt life was taken last night by a fucking cowa…
1318229711173025792, 1284392470491496449, 2020-10-19T16:37:09.000Z, RT @burrellee3: This violence has to end and end fast. Compton Centennial 2022 Millyon Colquitt life was taken last night by a fucking cowa…
1318229918103339008, 1107667063, 2020-10-19T16:37:58.000Z, RT @burrellee3: This violence has to end and end fast. Compton Centennial 2022 Millyon Colquitt life was taken last night by a fucking cowa…
1318230038500737024, 354339089, 2020-10-19T16:38:27.000Z, RT @burrellee3: This violence has to end and end fast. Compton Centennial 2022 Millyon Colquitt life was taken last night by a fucking cowa…
1318230260622778368, 295260873, 2020-10-19T16:39:20.000Z, RT @burrellee3: This violence has to end and end fast. Compton Centennial 2022 Millyon Colquitt life was taken last night by a fucking cowa…
1318230542333005824, 564937888, 2020-10-19T16:40:27.000Z, RT @burrellee3: This violence has to end and end fast. Compton Centennial 2022 Millyon Colquitt life was taken last night by a fucking cowa…
1318230880645746688, 2513831083, 2020-10-19T16:41:48.000Z, RT @burrellee3: This violence has to end and end fast. Compton Centennial 2022 Millyon Colquitt life was taken last night by a fucking cowa…
1318230974744977408, 1122743041209655296, 2020-10-19T16:42:10.000Z, RT @burrellee3: This violence has to end and end fast. Compton Centennial 2022 Millyon Colquitt life was taken last night by a fucking cowa…
1318231192509075459, 608353505, 2020-10-19T16:43:02.000Z, RT @burrellee3: This violence has to end and end fast. Compton Centennial 2022 Millyon Colquitt life was taken last night by a fucking cowa…
1318231215535755266, 25205548, 2020-10-19T16:43:07.000Z, RT @burrellee3: This violence has to end and end fast. Compton Centennial 2022 Millyon Colquitt life was taken last night by a fucking cowa…
1318231724480884737, 4481045359, 2020-10-19T16:45:09.000Z, RT @burrellee3: This violence has to end and end fast. Compton Centennial 2022 Millyon Colquitt life was taken last night by a fucking cowa…
1318231779258429440, 988861113948229632, 2020-10-19T16:45:22.000Z, RT @burrellee3: This violence has to end and end fast. Compton Centennial 2022 Millyon Colquitt life was taken last night by a fucking cowa…
1318231854458277888, 2683325866, 2020-10-19T16:45:40.000Z, RT @burrellee3: This violence has to end and end fast. Compton Centennial 2022 Millyon Colquitt life was taken last night by a fucking cowa…
1318231941640933376, 934323319574183937, 2020-10-19T16:46:01.000Z, RT @burrellee3: This violence has to end and end fast. Compton Centennial 2022 Millyon Colquitt life was taken last night by a fucking cowa…
1318232872076017664, 1064320479769518080, 2020-10-19T16:49:42.000Z, RT @burrellee3: This violence has to end and end fast. Compton Centennial 2022 Millyon Colquitt life was taken last night by a fucking cowa…
1318232997800411136, 3058400138, 2020-10-19T16:50:12.000Z, RT @burrellee3: This violence has to end and end fast. Compton Centennial 2022 Millyon Colquitt life was taken last night by a fucking cowa…
1318233478522167296, 339163988, 2020-10-19T16:52:07.000Z, RT @burrellee3: This violence has to end and end fast. Compton Centennial 2022 Millyon Colquitt life was taken last night by a fucking cowa…
1318233693899624448, 864595342729334784, 2020-10-19T16:52:58.000Z, RT @burrellee3: This violence has to end and end fast. Compton Centennial 2022 Millyon Colquitt life was taken last night by a fucking cowa…
1318234931156451328, 634336854, 2020-10-19T16:57:53.000Z, RT @burrellee3: This violence has to end and end fast. Compton Centennial 2022 Millyon Colquitt life was taken last night by a fucking cowa…
1318235505499107329, 459023883, 2020-10-19T17:00:10.000Z, RT @burrellee3: This violence has to end and end fast. Compton Centennial 2022 Millyon Colquitt life was taken last night by a fucking cowa…
1318236186033336320, 1263555127, 2020-10-19T17:02:53.000Z, RT @burrellee3: This violence has to end and end fast. Compton Centennial 2022 Millyon Colquitt life was taken last night by a fucking cowa…
1318242806956261377, 2373158330, 2020-10-19T17:29:11.000Z, RT @burrellee3: This violence has to end and end fast. Compton Centennial 2022 Millyon Colquitt life was taken last night by a fucking cowa…
1318243410915086336, 1287801637, 2020-10-19T17:31:35.000Z, RT @burrellee3: This violence has to end and end fast. Compton Centennial 2022 Millyon Colquitt life was taken last night by a fucking cowa…
1318247951534227458, 2233855826, 2020-10-19T17:49:38.000Z, RT @burrellee3: This violence has to end and end fast. Compton Centennial 2022 Millyon Colquitt life was taken last night by a fucking cowa…
1318250961752776706, 948279959604416513, 2020-10-19T18:01:35.000Z, RT @burrellee3: This violence has to end and end fast. Compton Centennial 2022 Millyon Colquitt life was taken last night by a fucking cowa…
1318256343950651392, 1703119568, 2020-10-19T18:22:59.000Z, RT @burrellee3: This violence has to end and end fast. Compton Centennial 2022 Millyon Colquitt life was taken last night by a fucking cowa…
1318280960740241408, 3306604963, 2020-10-19T20:00:48.000Z, RT @ajanito_barnes: If you can help that would be great, if not please share 🙏🏾🙏🏾 https://t.co/VuUSKW5j8m
1318284761643814912, 1182859544373972994, 2020-10-19T20:15:54.000Z, RT @ajanito_barnes: If you can help that would be great, if not please share 🙏🏾🙏🏾 https://t.co/VuUSKW5j8m
1318292754145906689, 746423194068852737, 2020-10-19T20:47:39.000Z, RT @burrellee3: This violence has to end and end fast. Compton Centennial 2022 Millyon Colquitt life was taken last night by a fucking cowa…
1318294050148110342, 56362303, 2020-10-19T20:52:48.000Z, RT @burrellee3: This violence has to end and end fast. Compton Centennial 2022 Millyon Colquitt life was taken last night by a fucking cowa…
1318305967084195841, 1191657564112474113, 2020-10-19T21:40:10.000Z, RT @ajanito_barnes: If you can help that would be great, if not please share 🙏🏾🙏🏾 https://t.co/VuUSKW5j8m
1318312814973456390, 276057688, 2020-10-19T22:07:22.000Z, RT @burrellee3: This violence has to end and end fast. Compton Centennial 2022 Millyon Colquitt life was taken last night by a fucking cowa…
1318344325932191745, 1035001427201089538, 2020-10-20T00:12:35.000Z, RT @burrellee3: This violence has to end and end fast. Compton Centennial 2022 Millyon Colquitt life was taken last night by a fucking cowa…
1318374505035726849, 320569895, 2020-10-20T02:12:30.000Z, RT @burrellee3: This violence has to end and end fast. Compton Centennial 2022 Millyon Colquitt life was taken last night by a fucking cowa…
1318377405740806145, 1248101274781757440, 2020-10-20T02:24:02.000Z, RT @ajanito_barnes: If you can help that would be great, if not please share 🙏🏾🙏🏾 https://t.co/VuUSKW5j8m
1318439178011435008, 919297291323785216, 2020-10-20T06:29:30.000Z, In Loving Memory of our beloved Millyon Colquitt https://t.co/to4XMgXwVc
1319015024191365120, 1211530489430851584, 2020-10-21T20:37:42.000Z, can y’all pls repost n share with everyone, click the link to donate anything helps , LLMILLYON ❤️ https://t.co/C44IdLJnc5 https://t.co/r7IuNOTWiY
1319019791303127040, 1071986392018763776, 2020-10-21T20:56:39.000Z, RT @MSOCTOBER23: can y’all pls repost n share with everyone, click the link to donate anything helps , LLMILLYON ❤️ https://t.co/C44IdLJnc5…
1319022342773772288, 2834201940, 2020-10-21T21:06:47.000Z, RT @MSOCTOBER23: can y’all pls repost n share with everyone, click the link to donate anything helps , LLMILLYON ❤️ https://t.co/C44IdLJnc5…
1319023019692445696, 1157895352583782400, 2020-10-21T21:09:28.000Z, RT @MSOCTOBER23: can y’all pls repost n share with everyone, click the link to donate anything helps , LLMILLYON ❤️ https://t.co/C44IdLJnc5…
1319024390332272640, 873663305595838464, 2020-10-21T21:14:55.000Z, RT @MSOCTOBER23: can y’all pls repost n share with everyone, click the link to donate anything helps , LLMILLYON ❤️ https://t.co/C44IdLJnc5…
1319087234520215559, 1082486328585900032, 2020-10-22T01:24:38.000Z, RT @MSOCTOBER23: can y’all pls repost n share with everyone, click the link to donate anything helps , LLMILLYON ❤️ https://t.co/C44IdLJnc5…
1319790531203923970, 391388499, 2020-10-23T23:59:17.000Z, RT @ajanito_barnes: If you can help that would be great, if not please share 🙏🏾🙏🏾 https://t.co/VuUSKW5j8m
