id, author_id, created_at, text
1047808350052896768, 999515112, 2018-10-04T11:19:12.000Z, Posible 11 de #DeportivoCuenca vs #Fluminense: Brian Heras; Bryan Carabalí, Luca Sosa, Anthony Bedoya, Carlos Cuero; Marco Mosquera, Jhon Rodríguez; Emmanuel Martínez, Edison Preciado, Juan Rojas; y Jacson Pita. DT: Richard Páez.
1047813341345980417, 213133302, 2018-10-04T11:39:02.000Z, RT @JuanDonadioPaz: Posible 11 de #DeportivoCuenca vs #Fluminense: Brian Heras; Bryan Carabalí, Luca Sosa, Anthony Bedoya, Carlos Cuero; Ma…
1047819942962352128, 2836299322, 2018-10-04T12:05:16.000Z, #TeBuscamos Bryan Alejandro Reyes Rodríguez, 14 años, 24/10/16 #Aguascalientes #911 https://t.co/kw19GVsgAb
1047852906886516740, 915319016, 2018-10-04T14:16:15.000Z, RT @AlamedaAgs: #TeBuscamos Bryan Alejandro Reyes Rodríguez, 14 años, 24/10/16 #Aguascalientes #911 https://t.co/kw19GVsgAb
1047854769019256832, 4351562413, 2018-10-04T14:23:39.000Z, Los apresados son John Manuel Arias Sosa (a) Semillita, de 24 años; Henry Bryan Alcántara y Miguel Jáquez Rodríguez, de la misma edad, y Erick Vargas Morillo, de 26 años.  #PrensaPolítica #TodoEsAhora #YoLeoPrensaPolítica https://t.co/Jnusf0hNh1
1047862337452068870, 2955855741, 2018-10-04T14:53:44.000Z, RT @AlamedaAgs: #TeBuscamos Bryan Alejandro Reyes Rodríguez, 14 años, 24/10/16 #Aguascalientes #911 https://t.co/kw19GVsgAb
1047878422255624197, 2327483335, 2018-10-04T15:57:39.000Z, Fall SuperNews Available!  Member Article – Bryan Klock, Superintendent Article – Matt Urban, Member Profile Jimmy Rodriguez, Southwest Turfgrass Conference Registration, Cochita July Wrapup, https://t.co/J7iJ7FC2Fu  Click here for a PDF version  https://t.co/ICTnbvTwiw
1047890674153148416, 120960092, 2018-10-04T16:46:20.000Z, RT @prensapoliticRD: Los apresados son John Manuel Arias Sosa (a) Semillita, de 24 años; Henry Bryan Alcántara y Miguel Jáquez Rodríguez, d…
1047926238101327873, 1023921006912647168, 2018-10-04T19:07:39.000Z, RT @prensapoliticRD: Los apresados son John Manuel Arias Sosa (a) Semillita, de 24 años; Henry Bryan Alcántara y Miguel Jáquez Rodríguez, d…
1047966339946696707, 213720520, 2018-10-04T21:47:00.000Z, Alineación @DCuencaOficial   26.Brian Heras 24.Bryan Carabalí 27.Anthony Bedoya 16.Luca Sosa 19.Carlos Cuero 8.Jhon Rodríguez 15.Marco Mosquera 10.Emmanuel Martínez 13.Edison Preciado  7.Juan Diego Rojas 9.Jackson Pita  #CopaSudamericana https://t.co/j7yC5qvexq
1047966444535910400, 37717733, 2018-10-04T21:47:25.000Z, Once confirmado #DCuenca: Bryan Heras; Bryan Carabalí, Anthony Bedoya, Luca Sosa y Carlos Cuero; Marco Mosquera, Jhon Rodríguez, Emmanuel Martínez, Edison Preciado y Juan Diego Rojas; Jackson Pita.
1047966898892234752, 356489466, 2018-10-04T21:49:13.000Z, Alineación @DCuencaOficial : Brian Heras 26; Bryan Carabali 24, Anthony Bedoya 27, Luca Sosa 23, Carlos Cuero 19; Jhon Rodríguez 8, Marco Mosquera 15, Emmanuel Martínez 10; Édison Preciado 13, Jacson Pita 9, Juan Rojas 7
1047970116284174339, 132290625, 2018-10-04T22:02:00.000Z, Nos vemos este fin de semana en dos lugares diferentes para que te sientas en ambiente.. Este viernes nos vamos para #MamboLoungeBar junto a Dj Bryan Rodriguez en la #AllDanceNeon y el sábado en #TuPlayita junto a... https://t.co/MEpHp8pXXk
1047971755640455168, 3310026189, 2018-10-04T22:08:31.000Z, Titulares de @DCuencaOficial: Bryan Heras; Bryan Carabalí, Anthony Bedoya, Luca Sosa y Carlos Cuero; Marco Mosquera, Jhon Rodríguez, Emmanuel Martínez, Edison Preciado y Juan Diego Rojas; Jackson Pita.
1047974965243523073, 264115618, 2018-10-04T22:21:16.000Z, RT @LaRedEcuador: Alineación @DCuencaOficial   26.Brian Heras 24.Bryan Carabalí 27.Anthony Bedoya 16.Luca Sosa 19.Carlos Cuero 8.Jhon Rodrí…
1047977818934657025, 390220919, 2018-10-04T22:32:37.000Z, Así alinea #DCuenca: Brian Heras; Bryan Carabalí, Anthony Bedoya, Luca Sosa, Carlos Cuero; Marco Mosquera, Jhon Rodríguez, Emmanuel Martínez, Edison Preciado, Juan Diego Rojas; Jacson Pita.
1047997074816417792, 527727710, 2018-10-04T23:49:08.000Z, Twitterless Víctor Rodríguez just scored a stunner on Bryan Meredith and 5 minutes earlier @CristianRoldan was showing him controls 😂  THE CELEBRATION. #FIFA19 https://t.co/cmoputfpUV
1047997355268562944, 19407477, 2018-10-04T23:50:15.000Z, RT @DannyCiaccio: Twitterless Víctor Rodríguez just scored a stunner on Bryan Meredith and 5 minutes earlier @CristianRoldan was showing hi…
1048062380532359168, 3146731634, 2018-10-05T04:08:38.000Z, RT @DannyCiaccio: Twitterless Víctor Rodríguez just scored a stunner on Bryan Meredith and 5 minutes earlier @CristianRoldan was showing hi…
1048067881303343105, 888485749376471040, 2018-10-05T04:30:29.000Z, RT @DannyCiaccio: Twitterless Víctor Rodríguez just scored a stunner on Bryan Meredith and 5 minutes earlier @CristianRoldan was showing hi…
1048087111491117057, 289094775, 2018-10-05T05:46:54.000Z, Erick Bryan Troncoso Chookoolatoo Balotelli Oswaldo Vieyra Roman Ivan Santibañez Dani Rodriguez Sergio González https://t.co/0Xh5TrQlNe
1048182334019780608, 2836299322, 2018-10-05T12:05:17.000Z, #TeBuscamos Bryan Alejandro Reyes Rodríguez, 14 años, 24/10/16 #Aguascalientes #911 https://t.co/TRSY2kMXNs
1048202712872050688, 279823744, 2018-10-05T13:26:16.000Z, Bryan Rodriguez https://t.co/ygt86UEnne
1048202841385447424, 1535732437, 2018-10-05T13:26:46.000Z, RT @AlamedaAgs: #TeBuscamos Bryan Alejandro Reyes Rodríguez, 14 años, 24/10/16 #Aguascalientes #911 https://t.co/TRSY2kMXNs
1048233099270787072, 915319016, 2018-10-05T15:27:00.000Z, RT @AlamedaAgs: #TeBuscamos Bryan Alejandro Reyes Rodríguez, 14 años, 24/10/16 #Aguascalientes #911 https://t.co/TRSY2kMXNs
1048235932271431691, 167744248, 2018-10-05T15:38:16.000Z, RT @AlamedaAgs: #TeBuscamos Bryan Alejandro Reyes Rodríguez, 14 años, 24/10/16 #Aguascalientes #911 https://t.co/TRSY2kMXNs
1048297278019133440, 29495426, 2018-10-05T19:42:02.000Z, RT @AlamedaAgs: #TeBuscamos Bryan Alejandro Reyes Rodríguez, 14 años, 24/10/16 #Aguascalientes #911 https://t.co/TRSY2kMXNs
1048303426617184257, 619881765, 2018-10-05T20:06:28.000Z, RT @AlamedaAgs: #TeBuscamos Bryan Alejandro Reyes Rodríguez, 14 años, 24/10/16 #Aguascalientes #911 https://t.co/TRSY2kMXNs
1048311642465992704, 710281915907985408, 2018-10-05T20:39:06.000Z, RT @AlamedaAgs: #TeBuscamos Bryan Alejandro Reyes Rodríguez, 14 años, 24/10/16 #Aguascalientes #911 https://t.co/TRSY2kMXNs
1048527495237185536, 510189098, 2018-10-06T10:56:50.000Z, XI del FCB Infantil B vs Amposta:  Nono; Aleix del Castillo, Héctor Fort, Jan Colomé, Jan Montes; Pau Prim, Aleix Galceran, Tomi Marqués; Bryan Ramírez, Iván Rodríguez, Ianis Tarba  #FCBMasia
1048544724737544192, 2836299322, 2018-10-06T12:05:18.000Z, #TeBuscamos Bryan Alejandro Reyes Rodríguez, 14 años, 24/10/16 #Aguascalientes #911 https://t.co/6Tw7ZTekmh
1048577029652840449, 10126672, 2018-10-06T14:13:40.000Z, This week, Marines and @Navy Sailors assisted Philippine local, Bryan S. Rodriguez after his motorcycle crashed in Ternate, Cavite, Philippines. https://t.co/SbyafeYDu0
1048577180798791681, 137766465, 2018-10-06T14:14:16.000Z, This week, Marines and Navy Sailors assisted Philippine local, Bryan S. Rodriguez after his motorcycle crashed in Ternate, Cavite, Philippines. https://t.co/HBHqkFoBJs #Marines
1048577328438304768, 763718509805305856, 2018-10-06T14:14:51.000Z, RT @USMC: This week, Marines and @Navy Sailors assisted Philippine local, Bryan S. Rodriguez after his motorcycle crashed in Ternate, Cavit…
1048577381924065280, 2911601163, 2018-10-06T14:15:04.000Z, RT @USMC: This week, Marines and @Navy Sailors assisted Philippine local, Bryan S. Rodriguez after his motorcycle crashed in Ternate, Cavit…
1048577478795644929, 1077970982, 2018-10-06T14:15:27.000Z, RT @USMC: This week, Marines and @Navy Sailors assisted Philippine local, Bryan S. Rodriguez after his motorcycle crashed in Ternate, Cavit…
1048577655371653121, 1025513274, 2018-10-06T14:16:09.000Z, RT @USMC: This week, Marines and @Navy Sailors assisted Philippine local, Bryan S. Rodriguez after his motorcycle crashed in Ternate, Cavit…
1048577766420041730, 1471047924, 2018-10-06T14:16:35.000Z, RT USMC:  This week, Marines and Navy Sailors assisted Philippine local, Bryan S. Rodriguez after his motorcycle crashed in Ternate, Cavite, Philippines. https://t.co/Kg2w8hMHV0  — U.S. Marines (USMC) October 6, 2018
1048577936977215488, 54591031, 2018-10-06T14:17:16.000Z, USMC: This week, Marines and Navy Sailors assisted Philippine local, Bryan S. Rodriguez after his motorcycle crashed in Ternate, Cavite, Philippines. https://t.co/lbu7lhIuPB
1048578396698103810, 1486097077, 2018-10-06T14:19:06.000Z, RT @USMC: This week, Marines and @Navy Sailors assisted Philippine local, Bryan S. Rodriguez after his motorcycle crashed in Ternate, Cavit…
1048578422811717632, 2645344076, 2018-10-06T14:19:12.000Z, RT @USMC: This week, Marines and @Navy Sailors assisted Philippine local, Bryan S. Rodriguez after his motorcycle crashed in Ternate, Cavit…
1048578431359885312, 477034033, 2018-10-06T14:19:14.000Z, RT @USMC: This week, Marines and @Navy Sailors assisted Philippine local, Bryan S. Rodriguez after his motorcycle crashed in Ternate, Cavit…
1048578466713686016, 3363967365, 2018-10-06T14:19:22.000Z, RT @USMC: This week, Marines and @Navy Sailors assisted Philippine local, Bryan S. Rodriguez after his motorcycle crashed in Ternate, Cavit…
1048579443856494592, 463926975, 2018-10-06T14:23:15.000Z, RT @USMC: This week, Marines and @Navy Sailors assisted Philippine local, Bryan S. Rodriguez after his motorcycle crashed in Ternate, Cavit…
1048580369157705728, 1012586799661830144, 2018-10-06T14:26:56.000Z, RT @USMC: This week, Marines and @Navy Sailors assisted Philippine local, Bryan S. Rodriguez after his motorcycle crashed in Ternate, Cavit…
1048582259932946432, 256435851, 2018-10-06T14:34:27.000Z, RT @USMC: This week, Marines and @Navy Sailors assisted Philippine local, Bryan S. Rodriguez after his motorcycle crashed in Ternate, Cavit…
1048583029831213056, 449892839, 2018-10-06T14:37:30.000Z, RT @USMC: This week, Marines and @Navy Sailors assisted Philippine local, Bryan S. Rodriguez after his motorcycle crashed in Ternate, Cavit…
1048583377568354306, 311270772, 2018-10-06T14:38:53.000Z, RT @USMC: This week, Marines and @Navy Sailors assisted Philippine local, Bryan S. Rodriguez after his motorcycle crashed in Ternate, Cavit…
1048584388299116544, 897099537751343104, 2018-10-06T14:42:54.000Z, RT @USMC: This week, Marines and @Navy Sailors assisted Philippine local, Bryan S. Rodriguez after his motorcycle crashed in Ternate, Cavit…
1048584829414068224, 897617168967372801, 2018-10-06T14:44:39.000Z, RT @USMC: This week, Marines and @Navy Sailors assisted Philippine local, Bryan S. Rodriguez after his motorcycle crashed in Ternate, Cavit…
1048584840726163457, 1369484797, 2018-10-06T14:44:42.000Z, RT @USMC: This week, Marines and @Navy Sailors assisted Philippine local, Bryan S. Rodriguez after his motorcycle crashed in Ternate, Cavit…
1048585052416827392, 42447922, 2018-10-06T14:45:32.000Z, RT @USMC: This week, Marines and @Navy Sailors assisted Philippine local, Bryan S. Rodriguez after his motorcycle crashed in Ternate, Cavit…
1048585659903090688, 964925272977002497, 2018-10-06T14:47:57.000Z, RT @USMC: This week, Marines and @Navy Sailors assisted Philippine local, Bryan S. Rodriguez after his motorcycle crashed in Ternate, Cavit…
1048587213498408961, 765281676029145089, 2018-10-06T14:54:08.000Z, RT @USMC: This week, Marines and @Navy Sailors assisted Philippine local, Bryan S. Rodriguez after his motorcycle crashed in Ternate, Cavit…
1048588489984499712, 1225009399, 2018-10-06T14:59:12.000Z, RT @USMC: This week, Marines and @Navy Sailors assisted Philippine local, Bryan S. Rodriguez after his motorcycle crashed in Ternate, Cavit…
1048597178422362113, 22583725, 2018-10-06T15:33:43.000Z, RT @USMC: This week, Marines and @Navy Sailors assisted Philippine local, Bryan S. Rodriguez after his motorcycle crashed in Ternate, Cavit…
1048597825179869185, 880754880859840513, 2018-10-06T15:36:18.000Z, RT @USMC: This week, Marines and @Navy Sailors assisted Philippine local, Bryan S. Rodriguez after his motorcycle crashed in Ternate, Cavit…
1048600708386181121, 958003292243660801, 2018-10-06T15:47:45.000Z, RT @USMC: This week, Marines and @Navy Sailors assisted Philippine local, Bryan S. Rodriguez after his motorcycle crashed in Ternate, Cavit…
1048601355148021761, 1011101260471205888, 2018-10-06T15:50:19.000Z, RT @USMC: This week, Marines and @Navy Sailors assisted Philippine local, Bryan S. Rodriguez after his motorcycle crashed in Ternate, Cavit…
1048601859567415296, 851885310778716161, 2018-10-06T15:52:20.000Z, U19 | 41’ | 🔺🔻 | Bernardo Padilla, Max Garcia and Bryan Rodriguez into the game.
1048605326210084864, 822858608639512576, 2018-10-06T16:06:06.000Z, RT @USMC: This week, Marines and @Navy Sailors assisted Philippine local, Bryan S. Rodriguez after his motorcycle crashed in Ternate, Cavit…
1048608054927712256, 1013874449840345088, 2018-10-06T16:16:57.000Z, RT @USMC: This week, Marines and @Navy Sailors assisted Philippine local, Bryan S. Rodriguez after his motorcycle crashed in Ternate, Cavit…
1048609768967794688, 851885310778716161, 2018-10-06T16:23:45.000Z, U19 | 70’ | GOAL! | Max Garcia plays Tyler Hutchinson on the left side, Hutchinson drives into the box and finds Bryan Rodriguez who puts it away! 2-1
1048610140381831173, 176292487, 2018-10-06T16:25:14.000Z, RT @USMC: This week, Marines and @Navy Sailors assisted Philippine local, Bryan S. Rodriguez after his motorcycle crashed in Ternate, Cavit…
1048624175555006469, 851211143238602754, 2018-10-06T17:21:00.000Z, RT @USMC: This week, Marines and @Navy Sailors assisted Philippine local, Bryan S. Rodriguez after his motorcycle crashed in Ternate, Cavit…
1048626840691253248, 915319016, 2018-10-06T17:31:36.000Z, RT @AlamedaAgs: #TeBuscamos Bryan Alejandro Reyes Rodríguez, 14 años, 24/10/16 #Aguascalientes #911 https://t.co/6Tw7ZTekmh
1048628458753052672, 406250308, 2018-10-06T17:38:01.000Z, RT @USMC: This week, Marines and @Navy Sailors assisted Philippine local, Bryan S. Rodriguez after his motorcycle crashed in Ternate, Cavit…
1048648882945581056, 1566854886, 2018-10-06T18:59:11.000Z, Marcador final en la Ciudad de México: @Tec_CSF 86-74 @CEU_monterrey • Raúl Olalde 29P 10R 5A 4S (FG 11/14) | Jorge Jiménez 29P 5R | R. Rodríguez 13P 9R • CEU: Bryan Rivera 21P 5R 4A #ABEDivisiónUno
1048656328581939200, 827773236146470912, 2018-10-06T19:28:46.000Z, RT @USMC: This week, Marines and @Navy Sailors assisted Philippine local, Bryan S. Rodriguez after his motorcycle crashed in Ternate, Cavit…
1048661431401566208, 2381098465, 2018-10-06T19:49:03.000Z, RT @USMC: This week, Marines and @Navy Sailors assisted Philippine local, Bryan S. Rodriguez after his motorcycle crashed in Ternate, Cavit…
1048664073519472645, 572326143, 2018-10-06T19:59:33.000Z, @nuevonuevojotai 😯 , entonces no mufes como con Bryan Rodríguez 🌚
1048664430857400324, 3044607661, 2018-10-06T20:00:58.000Z, #PrimeraDivision | Banca: de Huachipato  Bryan Mano salva Ignacio Tapia Juan Cordova-José Bizama Joaquin Verdugo Charlis Ortiz Maximiliano Rodriguez Tecnico : Nicolás Lacarmón
1048677075916345344, 3487423034, 2018-10-06T20:51:13.000Z, Conseguir un buen armador nativo, contratar un refuerzo para la 4 y 5  en adicion a Terry y trabajar con el fisico d Bryan damos un gran paso. Recomiendo tratar d conseguir  a Angel Rodriguez o Javi Gonzalez d los Vaqueros;trabajar con Bryan es un "must".
1048694506286141440, 2163766165, 2018-10-06T22:00:28.000Z, Courtney Rodriguez Bryan Rader https://t.co/AY5xSAssGB
1048718010876395520, 1035724244825649152, 2018-10-06T23:33:52.000Z, RT @USMC: This week, Marines and @Navy Sailors assisted Philippine local, Bryan S. Rodriguez after his motorcycle crashed in Ternate, Cavit…
1048720579229089792, 2764046366, 2018-10-06T23:44:05.000Z, Bryan Rodriguez Van 2 https://t.co/CQNKSkwzfd
1048723269971374080, 1007676031614894080, 2018-10-06T23:54:46.000Z, RT @USMC: This week, Marines and @Navy Sailors assisted Philippine local, Bryan S. Rodriguez after his motorcycle crashed in Ternate, Cavit…
1048737115062882305, 4292937077, 2018-10-07T00:49:47.000Z, RT @USMC: This week, Marines and @Navy Sailors assisted Philippine local, Bryan S. Rodriguez after his motorcycle crashed in Ternate, Cavit…
1048747287298695168, 386702992, 2018-10-07T01:30:12.000Z, RT @USMC: This week, Marines and @Navy Sailors assisted Philippine local, Bryan S. Rodriguez after his motorcycle crashed in Ternate, Cavit…
1048764897276907520, 3024207495, 2018-10-07T02:40:11.000Z, @snow_bryan Gary Rodriguez
1048780011216539649, 588061771, 2018-10-07T03:40:14.000Z, RT @USMC: This week, Marines and @Navy Sailors assisted Philippine local, Bryan S. Rodriguez after his motorcycle crashed in Ternate, Cavit…
1048907104952758272, 2836299322, 2018-10-07T12:05:16.000Z, #TeBuscamos Bryan Alejandro Reyes Rodríguez, 14 años, 24/10/16 #Aguascalientes #911 https://t.co/54e5B0z4lN
1048944872055611392, 915319016, 2018-10-07T14:35:20.000Z, RT @AlamedaAgs: #TeBuscamos Bryan Alejandro Reyes Rodríguez, 14 años, 24/10/16 #Aguascalientes #911 https://t.co/54e5B0z4lN
1048999747288104960, 964970093955264512, 2018-10-07T18:13:23.000Z, RT @AlamedaAgs: #TeBuscamos Bryan Alejandro Reyes Rodríguez, 14 años, 24/10/16 #Aguascalientes #911 https://t.co/54e5B0z4lN
1049017949607088130, 130280948, 2018-10-07T19:25:43.000Z, RT @AsocBasquetEst: Marcador final en la Ciudad de México: @Tec_CSF 86-74 @CEU_monterrey • Raúl Olalde 29P 10R 5A 4S (FG 11/14) | Jorge Jim…
1049051846793486336, 2329553107, 2018-10-07T21:40:25.000Z, Buy 1 Get 1 Free Entree at Casa Rodriguez Mexican Restaurant in Historic Downtown Bryan https://t.co/FRh569IJOv https://t.co/qoRieDHnpk
1049051860286545921, 739233552559022081, 2018-10-07T21:40:28.000Z, Buy 1 Get 1 Free Entree at Casa Rodriguez Mexican Restaurant in Historic Downtown Bryan https://t.co/uxNzQ5fAvT https://t.co/nYEBlr1NVY
1049051896839856129, 2370851078, 2018-10-07T21:40:37.000Z, Buy 1 Get 1 Free Entree at Casa Rodriguez Mexican Restaurant in Historic Downtown Bryan https://t.co/Emwhx7M8oz https://t.co/WsZjIOGKc6
1049051908470714368, 597043535, 2018-10-07T21:40:40.000Z, Buy 1 Get 1 Free Entree at Casa Rodriguez Mexican Restaurant in Historic Downtown Bryan https://t.co/gpgppUjYTU https://t.co/7DSvzmCI0M
1049051933103837185, 3292723130, 2018-10-07T21:40:45.000Z, Buy 1 Get 1 Free Entree at Casa Rodriguez Mexican Restaurant in Historic Downtown Bryan https://t.co/GG3zAww65f https://t.co/uwQOg8H4oz
1049051946060005376, 220122279, 2018-10-07T21:40:49.000Z, Buy 1 Get 1 Free Entree at Casa Rodriguez Mexican Restaurant in Historic Downtown Bryan https://t.co/O3beCKNNIl https://t.co/RteJRnk660
1049141353400025088, 887624120476680192, 2018-10-08T03:36:05.000Z, RT @USMC: This week, Marines and @Navy Sailors assisted Philippine local, Bryan S. Rodriguez after his motorcycle crashed in Ternate, Cavit…
1049237947403231233, 961664050701611008, 2018-10-08T09:59:55.000Z, RT @USMC: This week, Marines and @Navy Sailors assisted Philippine local, Bryan S. Rodriguez after his motorcycle crashed in Ternate, Cavit…
1049269497834733569, 2836299322, 2018-10-08T12:05:17.000Z, #TeBuscamos Bryan Alejandro Reyes Rodríguez, 14 años, 24/10/16 #Aguascalientes #911 https://t.co/zLayaahvoc
1049291122000900096, 810586446855806976, 2018-10-08T13:31:13.000Z, RT @USMC: This week, Marines and @Navy Sailors assisted Philippine local, Bryan S. Rodriguez after his motorcycle crashed in Ternate, Cavit…
1049295702336126976, 915319016, 2018-10-08T13:49:25.000Z, RT @AlamedaAgs: #TeBuscamos Bryan Alejandro Reyes Rodríguez, 14 años, 24/10/16 #Aguascalientes #911 https://t.co/zLayaahvoc
1049326143835439104, 142796963, 2018-10-08T15:50:22.000Z, El IF Samuel Castro de los Marlins, el lanzador Leovanny Rodríguez y el OF Bryan De La Cruz de los Astros todos electos en el draft 2018 por @TorosdelEste han impresionado bastante en los entrenamientos.
1049326536871104513, 204008557, 2018-10-08T15:51:56.000Z, RT @antoniopuesan: El IF Samuel Castro de los Marlins, el lanzador Leovanny Rodríguez y el OF Bryan De La Cruz de los Astros todos electos…
1049327288242921472, 156047666, 2018-10-08T15:54:55.000Z, RT @antoniopuesan: El IF Samuel Castro de los Marlins, el lanzador Leovanny Rodríguez y el OF Bryan De La Cruz de los Astros todos electos…
1049340755289022464, 603622396, 2018-10-08T16:48:26.000Z, RT @antoniopuesan: El IF Samuel Castro de los Marlins, el lanzador Leovanny Rodríguez y el OF Bryan De La Cruz de los Astros todos electos…
1049351086811701249, 3255065654, 2018-10-08T17:29:29.000Z, Bryan Alexander Cortez Rodriguez is a trump lover
1049367012810641413, 380362001, 2018-10-08T18:32:46.000Z, Men’s Soccer lands another commitment! 2019 midfielder, Frank Rodriguez from Bryan HS in Bryan, Texas!  #WeAreFC ⚽️
1049369615577567232, 1083467756, 2018-10-08T18:43:07.000Z, RT @USMC: This week, Marines and @Navy Sailors assisted Philippine local, Bryan S. Rodriguez after his motorcycle crashed in Ternate, Cavit…
1049397605841682432, 3007033619, 2018-10-08T20:34:20.000Z, RT @FC_Athletics_: Men’s Soccer lands another commitment! 2019 midfielder, Frank Rodriguez from Bryan HS in Bryan, Texas!  #WeAreFC ⚽️
1049412921225347072, 3279959293, 2018-10-08T21:35:12.000Z, RT @FC_Athletics_: Men’s Soccer lands another commitment! 2019 midfielder, Frank Rodriguez from Bryan HS in Bryan, Texas!  #WeAreFC ⚽️
1049439547195559937, 37717733, 2018-10-08T23:21:00.000Z, Once confirmado #DCuenca: Bryan Heras; Bryan Carabalín, Exon Vallecilla, Rubén Cangá y Fabricio Bagüí; Marco Mosquera, Jhon Rodríguez, Emmanuel Martínez, Jonathan De la Cruz y Juan Diego Rojas; Jackson Pita.
1049443956680007680, 804412730, 2018-10-08T23:38:31.000Z, RT @antoniopuesan: El IF Samuel Castro de los Marlins, el lanzador Leovanny Rodríguez y el OF Bryan De La Cruz de los Astros todos electos…
1049446845494304768, 213720520, 2018-10-08T23:50:00.000Z, Alineación @DCuencaOficial   26.Brian Heras 24.Bryan Carabalí 3.Rubén Cangá 4.Gustavo Vallecilla 20.Fabricio Bagui  8.Jhon Rodríguez 15.Marco Mosquera 10.Emmanuel Martínez 7.Juan Diego Rojas 21.Jonathan De La Cruz 9.Jackson Pita  #DesdeLasCanchasEc
1049446865396215809, 1007753859165548545, 2018-10-08T23:50:05.000Z, Alineación de #DCuenca  26. Brian Heras 24. Bryan Carabali 3. Rubén Canga 4. G. Valencia 20. F Baguí 8. Jhon Rodríguez 15. Marco Mosquera 21. J. De La Cruz  07. Juan Rojas 10. Emmanuel Martínez 9. Jacson Pita  #SerieA_EC #UDLAChannel
1049449288403755008, 246507155, 2018-10-08T23:59:42.000Z, Alineación de #DCuenca  26. Brian Heras 24. Bryan Carabali 3. Rubén Canga 4. Gustavo Valencia 20. Fabricio Baguí 8. Jhon Rodríguez 15. Marco Mosquera 21. Jonathan De La Cruz  07. Juan Rojas 10. Emmanuel Martínez 9. Jacson Pita  #SerieA_EC https://t.co/vGi3vcZAUL
1049449909685014528, 894629136957833217, 2018-10-09T00:02:10.000Z, RT @larepublica_ec: Alineación de #DCuenca  26. Brian Heras 24. Bryan Carabali 3. Rubén Canga 4. Gustavo Valencia 20. Fabricio Baguí 8. Jho…
1049450029801459712, 2995977465, 2018-10-09T00:02:39.000Z, RT @LaRedEcuador: Alineación @DCuencaOficial   26.Brian Heras 24.Bryan Carabalí 3.Rubén Cangá 4.Gustavo Vallecilla 20.Fabricio Bagui  8.Jho…
1049453575783542784, 390220919, 2018-10-09T00:16:45.000Z, Alineación de @DCuencaOficial: Bryan Heras; Bryan Carabalín, Exon Vallecilla, Rubén Cangá, Fabricio Bagüí; Marco Mosquera, Jhon Rodríguez, Emmanuel Martínez, Jonathan De La Cruz, Juan Diego Rojas; Jackson Pita. DT: Richard Páez. #CampeonatoEcuatoriano
1049455715771961344, 105045543, 2018-10-09T00:25:15.000Z, RT @LaRedEcuador: Alineación @DCuencaOficial   26.Brian Heras 24.Bryan Carabalí 3.Rubén Cangá 4.Gustavo Vallecilla 20.Fabricio Bagui  8.Jho…
1049468448135438336, 353284427, 2018-10-09T01:15:50.000Z, RT @antoniopuesan: El IF Samuel Castro de los Marlins, el lanzador Leovanny Rodríguez y el OF Bryan De La Cruz de los Astros todos electos…
1049526750525513728, 952782482545500160, 2018-10-09T05:07:31.000Z, RT @antoniopuesan: El IF Samuel Castro de los Marlins, el lanzador Leovanny Rodríguez y el OF Bryan De La Cruz de los Astros todos electos…
1049631886195257346, 2836299322, 2018-10-09T12:05:17.000Z, #TeBuscamos Bryan Alejandro Reyes Rodríguez, 14 años, 24/10/16 #Aguascalientes #911 https://t.co/8cLcYbR6Nr
1049686220157136896, 915319016, 2018-10-09T15:41:11.000Z, RT @AlamedaAgs: #TeBuscamos Bryan Alejandro Reyes Rodríguez, 14 años, 24/10/16 #Aguascalientes #911 https://t.co/8cLcYbR6Nr
1049758355890327553, 213070378, 2018-10-09T20:27:50.000Z, RT @AlamedaAgs: #TeBuscamos Bryan Alejandro Reyes Rodríguez, 14 años, 24/10/16 #Aguascalientes #911 https://t.co/8cLcYbR6Nr
1049835156083761152, 2257020192, 2018-10-10T01:33:00.000Z, Edwin Gamboa Ocampo Almhar Bryan Ponce Rome De Castro Mañalac Rhonmar De Castro Mañalac Edmar G. Ocampo Al Phillip Santos Gamboa Ismael Rodriguez Gamboa Jr.   Oh miwas nakayu ne ahahahaha😂😂😂 https://t.co/oXmE8g1VD4
1049994278276161537, 2836299322, 2018-10-10T12:05:18.000Z, #TeBuscamos Bryan Alejandro Reyes Rodríguez, 14 años, 24/10/16 #Aguascalientes #911 https://t.co/m4pQ9i0trh
1050010718227984384, 186303351, 2018-10-10T13:10:38.000Z, ¡ATENCIÓN! El puertorriqueño Neftalí Soto capturó hoy (10/10) el título de jonrones de la Liga Central con 41 estacazos. El dominicano Bryan Rodríguez ganó su 3er juego de la temporada. 👇👇👇👇👇 https://t.co/7NhLzxBpmo https://t.co/cy27BD4g5E
1050020025078349824, 2251271622, 2018-10-10T13:47:37.000Z, I liked a @YouTube video https://t.co/DXkgQ6IknX "NO HAY NADIE MAS" DE SEBASTIAN YATRA(COVER-BRYAN RODRIGUEZ)
1050021296405401600, 715187819577081856, 2018-10-10T13:52:40.000Z, RT @FC_Athletics_: Men’s Soccer lands another commitment! 2019 midfielder, Frank Rodriguez from Bryan HS in Bryan, Texas!  #WeAreFC ⚽️
1050049031303548929, 2305624128, 2018-10-10T15:42:52.000Z, RT @FC_Athletics_: Men’s Soccer lands another commitment! 2019 midfielder, Frank Rodriguez from Bryan HS in Bryan, Texas!  #WeAreFC ⚽️
1050051251180851201, 915319016, 2018-10-10T15:51:41.000Z, RT @AlamedaAgs: #TeBuscamos Bryan Alejandro Reyes Rodríguez, 14 años, 24/10/16 #Aguascalientes #911 https://t.co/m4pQ9i0trh
1050090070688980992, 890659390935707648, 2018-10-10T18:25:57.000Z, 🚨 Orgullo mexicano 🚨  🇲🇽 Más mexicanos que seguirán su camino por la NCAA 🇲🇽  Bryan Urrutia ➡️ @ESHawksHoops   @Valeriatapia98 ➡️ @UTRGVWOMENHOOPS   Paulina Rodríguez ➡️ @WNMU   Alejandro Tostado ➡️ @TerrapinHoops https://t.co/iYqOUNjEOb
1050091858729361409, 804880207790403585, 2018-10-10T18:33:03.000Z, RT @Enlaceacancha: 🚨 Orgullo mexicano 🚨  🇲🇽 Más mexicanos que seguirán su camino por la NCAA 🇲🇽  Bryan Urrutia ➡️ @ESHawksHoops   @Valeriat…
1050194904348024832, 2955855741, 2018-10-11T01:22:31.000Z, RT @AlamedaAgs: #TeBuscamos Bryan Alejandro Reyes Rodríguez, 14 años, 24/10/16 #Aguascalientes #911 https://t.co/m4pQ9i0trh
1050356663243419648, 2836299322, 2018-10-11T12:05:17.000Z, #TeBuscamos Bryan Alejandro Reyes Rodríguez, 14 años, 24/10/16 #Aguascalientes #911 https://t.co/UqAiRRnv9S
1050378302857199616, 915319016, 2018-10-11T13:31:17.000Z, RT @AlamedaAgs: #TeBuscamos Bryan Alejandro Reyes Rodríguez, 14 años, 24/10/16 #Aguascalientes #911 https://t.co/UqAiRRnv9S
1050386027746127872, 167744248, 2018-10-11T14:01:58.000Z, RT @AlamedaAgs: #TeBuscamos Bryan Alejandro Reyes Rodríguez, 14 años, 24/10/16 #Aguascalientes #911 https://t.co/UqAiRRnv9S
1050411358263623681, 180591248, 2018-10-11T15:42:38.000Z, Mira Eduardo Flores Gina Godoy Bryan De Los Santos Christian Rodriguez https://t.co/ZzY9VYJ6Yt
1050565849973760000, 3398166040, 2018-10-12T01:56:31.000Z, Tiempo de adoracion con Bryan Rodriguez y Maleja #militantes2018
1050586406303744000, 1710125372, 2018-10-12T03:18:12.000Z, Bryan Rodriguez - Ojala que llueva cafe (Cover) #BryanRodriguez https://t.co/z7HM9NSrDx via @YouTube
1050660472666513408, 997176423335972864, 2018-10-12T08:12:31.000Z, Mexico 3 Costa Rica 2: Hosts end losing run  Language English  Standfirst:   Raul Jimenez's second-half penalty helped Mexico overcome Costa Rica in a friendly.  Bryan Ruiz González  - Show all tags  Joel Campbell Samuels  Raúl Jiménez Rodríguez  Costa R… https://t.co/Wr5lVnHbhG https://t.co/nYE0s2vgz4
1050719056419057664, 2836299322, 2018-10-12T12:05:19.000Z, #TeBuscamos Bryan Alejandro Reyes Rodríguez, 14 años, 24/10/16 #Aguascalientes #911 https://t.co/h9G74C3vig
1050742730689863680, 915319016, 2018-10-12T13:39:23.000Z, RT @AlamedaAgs: #TeBuscamos Bryan Alejandro Reyes Rodríguez, 14 años, 24/10/16 #Aguascalientes #911 https://t.co/h9G74C3vig
1050742959069528065, 1880074776, 2018-10-12T13:40:17.000Z, RT @AlamedaAgs: #TeBuscamos Bryan Alejandro Reyes Rodríguez, 14 años, 24/10/16 #Aguascalientes #911 https://t.co/h9G74C3vig
1050744237883514881, 84122251, 2018-10-12T13:45:22.000Z, RT @AlamedaAgs: #TeBuscamos Bryan Alejandro Reyes Rodríguez, 14 años, 24/10/16 #Aguascalientes #911 https://t.co/h9G74C3vig
1050749221299613697, 2883562337, 2018-10-12T14:05:10.000Z, RT @AlamedaAgs: #TeBuscamos Bryan Alejandro Reyes Rodríguez, 14 años, 24/10/16 #Aguascalientes #911 https://t.co/h9G74C3vig
1050817442962796544, 1535732437, 2018-10-12T18:36:16.000Z, RT @AlamedaAgs: #TeBuscamos Bryan Alejandro Reyes Rodríguez, 14 años, 24/10/16 #Aguascalientes #911 https://t.co/h9G74C3vig
1050862899227516929, 2329553107, 2018-10-12T21:36:53.000Z, Buy 1 Get 1 Free Entree at Casa Rodriguez Mexican Restaurant in Historic Downtown Bryan https://t.co/AXiJd1Cdf9 https://t.co/t3P7G6PSBE
1050862913563561984, 739233552559022081, 2018-10-12T21:36:57.000Z, Buy 1 Get 1 Free Entree at Casa Rodriguez Mexican Restaurant in Historic Downtown Bryan https://t.co/K5luQoBkCt https://t.co/LWPlpzXJ7C
1050862950762893312, 2370851078, 2018-10-12T21:37:06.000Z, Buy 1 Get 1 Free Entree at Casa Rodriguez Mexican Restaurant in Historic Downtown Bryan https://t.co/4A48IEfDvP https://t.co/6EnEmyiRMd
1050862964373377025, 597043535, 2018-10-12T21:37:09.000Z, Buy 1 Get 1 Free Entree at Casa Rodriguez Mexican Restaurant in Historic Downtown Bryan https://t.co/V0Bbg61vV8 https://t.co/WMRoOBGgjY
1050862986989109248, 3292723130, 2018-10-12T21:37:14.000Z, Buy 1 Get 1 Free Entree at Casa Rodriguez Mexican Restaurant in Historic Downtown Bryan https://t.co/51os2fmkUK https://t.co/IOEriLE7Ao
1050862998896726016, 220122279, 2018-10-12T21:37:17.000Z, Buy 1 Get 1 Free Entree at Casa Rodriguez Mexican Restaurant in Historic Downtown Bryan https://t.co/D9Tt8ZWlkT https://t.co/W09ydCbo2g
1050888256794099712, 3419311139, 2018-10-12T23:17:39.000Z, Xl titular  @AzueroFc  2. Santiago Cedeño 4. Carlos Candelaria 5. Manuel García 6. Ehistein Gómez 8. Marcos Ángulo 10. Franklin Escobar 12. Ricardo Rodríguez 14. Jose Rivera 23. Bryan Martínez  29. Ermilson Calle 32. Roberto Pinilla
1051081430976094208, 2836299322, 2018-10-13T12:05:15.000Z, #TeBuscamos Bryan Alejandro Reyes Rodríguez, 14 años, 24/10/16 #Aguascalientes #911 https://t.co/sKPDK26OJy
1051135722281951232, 915319016, 2018-10-13T15:41:00.000Z, RT @AlamedaAgs: #TeBuscamos Bryan Alejandro Reyes Rodríguez, 14 años, 24/10/16 #Aguascalientes #911 https://t.co/sKPDK26OJy
1051158752181846016, 2955855741, 2018-10-13T17:12:30.000Z, RT @AlamedaAgs: #TeBuscamos Bryan Alejandro Reyes Rodríguez, 14 años, 24/10/16 #Aguascalientes #911 https://t.co/sKPDK26OJy
1051214580750401537, 281078307, 2018-10-13T20:54:21.000Z, A las 3 pm dará inicio el partido #Santos- #GuadalupeFC:  #Santos: Morales, Sandoval, Madrigal, Garro, Alvarado, Mason, López, Rodríguez, Ronaldo, Bryan, Salas.  #GuadalupeFC: Jara, Meneses, Prendas, Mora, González, Juarez, Montero, Ramírez, Carvajal, Campos, Espinoza.
1051319557602848771, 393812093, 2018-10-14T03:51:29.000Z, RT @AlamedaAgs: #TeBuscamos Bryan Alejandro Reyes Rodríguez, 14 años, 24/10/16 #Aguascalientes #911 https://t.co/h9G74C3vig
1051443830116020225, 2836299322, 2018-10-14T12:05:18.000Z, #TeBuscamos Bryan Alejandro Reyes Rodríguez, 14 años, 24/10/16 #Aguascalientes #911 https://t.co/Nq68DSn18f
1051497160838172673, 915319016, 2018-10-14T15:37:13.000Z, RT @AlamedaAgs: #TeBuscamos Bryan Alejandro Reyes Rodríguez, 14 años, 24/10/16 #Aguascalientes #911 https://t.co/Nq68DSn18f
1051497644533538816, 1880074776, 2018-10-14T15:39:08.000Z, RT @AlamedaAgs: #TeBuscamos Bryan Alejandro Reyes Rodríguez, 14 años, 24/10/16 #Aguascalientes #911 https://t.co/Nq68DSn18f
1051497662409842688, 3275008033, 2018-10-14T15:39:13.000Z, Now Available for download on Community Creations (Xbox)  - Eddie Rodriguez | Hashtags: PSW-Original - Tyson Tyler | Hashtags: PSW-Original - Rick Nelson | Hashtags: PSW-Original - Bryan Evans (Personal CAW) Hashtags: PSW-PWR GT: TopTheBeast05 #WWE2K19 #GiveCAWCreationsAChance https://t.co/fOQSFurxVx
1051498005063487488, 1018659408069517312, 2018-10-14T15:40:34.000Z, RT @bryanevansbe: Now Available for download on Community Creations (Xbox)  - Eddie Rodriguez | Hashtags: PSW-Original - Tyson Tyler | Hash…
1051498088400072705, 1020579232060264448, 2018-10-14T15:40:54.000Z, RT @bryanevansbe: Now Available for download on Community Creations (Xbox)  - Eddie Rodriguez | Hashtags: PSW-Original - Tyson Tyler | Hash…
1051498158931501057, 946839271905943553, 2018-10-14T15:41:11.000Z, RT @bryanevansbe: Now Available for download on Community Creations (Xbox)  - Eddie Rodriguez | Hashtags: PSW-Original - Tyson Tyler | Hash…
1051535720005931009, 480108187, 2018-10-14T18:10:26.000Z, Formación de #DeportivoCuenca  26 Brian Heras 20 Fabricio Bagüi  23 Luca Sosa 3 Rubén Canga  24 Bryan Carabali 15 Marco Mosquera  21 Jonathan De La Cruz 8 Jhon Rodríguez  7 Juan Rojas  10 Leandro Martínez  9 Jacson Pita
1051540642579578881, 213720520, 2018-10-14T18:30:00.000Z, ¡Alineación confirmada de @DCuencaOficial!  26.Bryan Heras 24.Bryan Carabalí 3.Rubén Cangá  23.Luca Sosa 20.Fabricio Bagüí 15.Marcos Mosquera 8.Jhon Jairo Rodríguez 21.Jonathan De la Cruz 10.Emmanuel Martínez 7.Juan Diego Rojas 9.Jacson Pita  #CopaLubricantesHavoline
1051543628546478081, 37717733, 2018-10-14T18:41:52.000Z, Once #DCuenca: Bryan Heras; Bryan Carabalí, Rubén Cangá, Luca Sosa y Fabricio Bagüí; John Rodríguez, Marco Mosquera; Jonathan De La Cruz y Emiliano Martínez; Juan Diego Rojas y Jackson Pita.
1051545599844204544, 801087542238085121, 2018-10-14T18:49:42.000Z, RT @futbolecuador: Once #DCuenca: Bryan Heras; Bryan Carabalí, Rubén Cangá, Luca Sosa y Fabricio Bagüí; John Rodríguez, Marco Mosquera; Jon…
1051546418782056448, 390220919, 2018-10-14T18:52:57.000Z, Alineación del @DCuencaOficial: Bryan Heras; Bryan Carabalí, Rubén Cangá, Luca Sosa, Fabricio Bagüí; John Rodríguez, Marco Mosquera; Jonathan De La Cruz, Emiliano Martínez; Juan Diego Rojas, Jackson Pita. DT: Richard Páez. #CampeonatoEcuatoriano
1051549468754104322, 105045543, 2018-10-14T19:05:04.000Z, RT @LaRedEcuador: ¡Alineación confirmada de @DCuencaOficial!  26.Bryan Heras 24.Bryan Carabalí 3.Rubén Cangá  23.Luca Sosa 20.Fabricio Bagü…
1051605770846912512, 259434563, 2018-10-14T22:48:48.000Z, ¡TIENEN CINCO!  Lobos BUAP tiene a cinco jugadores que llegaron como refuerzos que no se han perdido actividad en las 12 jornadas.  Abraham González (*) Aldo Cruz (*) Bryan Rabello José Rodríguez (*) Michael Orozco  (*) No se ha perdido ningún minuto. https://t.co/c2C9dobGOK
1051607957232906240, 121305310, 2018-10-14T22:57:29.000Z, RT @golesycifras: ¡TIENEN CINCO!  Lobos BUAP tiene a cinco jugadores que llegaron como refuerzos que no se han perdido actividad en las 12…
1051610673040556032, 527073883, 2018-10-14T23:08:17.000Z, @UnafutOficial Fecha 16 🇨🇷 @UCR_Oficial 3 Sebastián Bermúdez '44 Andrés Mendoza '85 Francisco Rodríguez '89 @ADCarmelitaCR 4 Jonathan Martínez '7 Jorge Rodríguez '10 Nextalí Rodríguez '20 Bryan Rojas '47 https://t.co/ckRTKv8xNf
1051626016358187009, 3004264126, 2018-10-15T00:09:15.000Z, Carmelita venció de visita a la UCR 3-4 con anotaciones de Jonathan Martinez, Jorge Gutierrez, Nextalí Rodríguez y Bryan Rojas. Los goles de la U fueron de Sebastian Bermudez, Andrés Mendoza y Francisco Rodríguez. #Apertura2018
1051674127222939648, 598093137, 2018-10-15T03:20:25.000Z, Cómo cuando nos reunimos para beber  el té.....  Cristhian Guanoluisa Alexander Paul Liquinchana Marlon Leandro Bryan C VF Stalin Guanin Rodriguez Pablin Gr Dennys GR Steven Saguano Tian Chris Javier Ramírez Andy Zion Beltran Juan Francisco.... https://t.co/VSWsD6TtI2
1051806215125241857, 2836299322, 2018-10-15T12:05:17.000Z, #TeBuscamos Bryan Alejandro Reyes Rodríguez, 14 años, 24/10/16 #Aguascalientes #911 https://t.co/v7FYaRAt5k
1051807051377037317, 2884972871, 2018-10-15T12:08:37.000Z, RT @AlamedaAgs: #TeBuscamos Bryan Alejandro Reyes Rodríguez, 14 años, 24/10/16 #Aguascalientes #911 https://t.co/v7FYaRAt5k
1051874853748334592, 915319016, 2018-10-15T16:38:02.000Z, RT @AlamedaAgs: #TeBuscamos Bryan Alejandro Reyes Rodríguez, 14 años, 24/10/16 #Aguascalientes #911 https://t.co/v7FYaRAt5k
1051875333379694597, 726424496, 2018-10-15T16:39:57.000Z, RT @AlamedaAgs: #TeBuscamos Bryan Alejandro Reyes Rodríguez, 14 años, 24/10/16 #Aguascalientes #911 https://t.co/v7FYaRAt5k
1051881671018958848, 602325817, 2018-10-15T17:05:08.000Z, RT @AlamedaAgs: #TeBuscamos Bryan Alejandro Reyes Rodríguez, 14 años, 24/10/16 #Aguascalientes #911 https://t.co/v7FYaRAt5k
1051918264341843969, 2892066015, 2018-10-15T19:30:32.000Z, Roster semanal @aguilascibaenas   Entran: 1. Yunesky Maya RHP 2. Michael Roth RHP 3. Wandy Rodríguez LHP 4. Pedro Araujo RHP 5. Víctor Robles OF  Salen: 1. Williams Ramírez RHP 2. Bryan Valdez LHP 3. Scarlyn Reyes RHP 4. Rafelín Lorenzo C 5. Lolo Sánchez OF  #YoSoyLeña #YSLSigue https://t.co/3EzXdc5Fgx
1051918300400226304, 478932255, 2018-10-15T19:30:41.000Z, RT @YoSoyLenaRD: Roster semanal @aguilascibaenas   Entran: 1. Yunesky Maya RHP 2. Michael Roth RHP 3. Wandy Rodríguez LHP 4. Pedro Araujo R…
1051920167515680769, 275574071, 2018-10-15T19:38:06.000Z, RT @YoSoyLenaRD: Roster semanal @aguilascibaenas   Entran: 1. Yunesky Maya RHP 2. Michael Roth RHP 3. Wandy Rodríguez LHP 4. Pedro Araujo R…
1051920367764295681, 168200133, 2018-10-15T19:38:54.000Z, RT @YoSoyLenaRD: Roster semanal @aguilascibaenas   Entran: 1. Yunesky Maya RHP 2. Michael Roth RHP 3. Wandy Rodríguez LHP 4. Pedro Araujo R…
1051921885271916545, 1146846138, 2018-10-15T19:44:55.000Z, RT @YoSoyLenaRD: Roster semanal @aguilascibaenas   Entran: 1. Yunesky Maya RHP 2. Michael Roth RHP 3. Wandy Rodríguez LHP 4. Pedro Araujo R…
1051925930556444673, 582054574, 2018-10-15T20:01:00.000Z, RT @YoSoyLenaRD: Roster semanal @aguilascibaenas   Entran: 1. Yunesky Maya RHP 2. Michael Roth RHP 3. Wandy Rodríguez LHP 4. Pedro Araujo R…
1051939979230896129, 147971227, 2018-10-15T20:56:49.000Z, RT @YoSoyLenaRD: Roster semanal @aguilascibaenas   Entran: 1. Yunesky Maya RHP 2. Michael Roth RHP 3. Wandy Rodríguez LHP 4. Pedro Araujo R…
1051945846584020993, 414185539, 2018-10-15T21:20:08.000Z, RT @YoSoyLenaRD: Roster semanal @aguilascibaenas   Entran: 1. Yunesky Maya RHP 2. Michael Roth RHP 3. Wandy Rodríguez LHP 4. Pedro Araujo R…
1051950894806429697, 870028230, 2018-10-15T21:40:12.000Z, RT @YoSoyLenaRD: Roster semanal @aguilascibaenas   Entran: 1. Yunesky Maya RHP 2. Michael Roth RHP 3. Wandy Rodríguez LHP 4. Pedro Araujo R…
1051951148150722560, 2329553107, 2018-10-15T21:41:12.000Z, Buy 1 Get 1 Free Entree at Casa Rodriguez Mexican Restaurant in Historic Downtown Bryan https://t.co/BzmjIGrvVh https://t.co/7H2KKVx155
1051951162684006401, 739233552559022081, 2018-10-15T21:41:16.000Z, Buy 1 Get 1 Free Entree at Casa Rodriguez Mexican Restaurant in Historic Downtown Bryan https://t.co/k7H7AbV6ED https://t.co/F8riTIs5KT
1051951201804259328, 2370851078, 2018-10-15T21:41:25.000Z, Buy 1 Get 1 Free Entree at Casa Rodriguez Mexican Restaurant in Historic Downtown Bryan https://t.co/2S4UE19rTm https://t.co/thUqq4mgTJ
1051951215234490368, 597043535, 2018-10-15T21:41:28.000Z, Buy 1 Get 1 Free Entree at Casa Rodriguez Mexican Restaurant in Historic Downtown Bryan https://t.co/izF8enWeD8 https://t.co/aMmry3qeMU
1051951240496734208, 3292723130, 2018-10-15T21:41:34.000Z, Buy 1 Get 1 Free Entree at Casa Rodriguez Mexican Restaurant in Historic Downtown Bryan https://t.co/4S6Rm47N8L https://t.co/RDXSICTliC
1051951252777721856, 220122279, 2018-10-15T21:41:37.000Z, Buy 1 Get 1 Free Entree at Casa Rodriguez Mexican Restaurant in Historic Downtown Bryan https://t.co/1X3MnGdJHz https://t.co/DQGQvdwtTj
1051962712010477569, 82964983, 2018-10-15T22:27:09.000Z, RT @YoSoyLenaRD: Roster semanal @aguilascibaenas   Entran: 1. Yunesky Maya RHP 2. Michael Roth RHP 3. Wandy Rodríguez LHP 4. Pedro Araujo R…
1052015017493549059, 3067960535, 2018-10-16T01:55:00.000Z, https://t.co/j5NW6TeDpl
1052023815893594117, 167744248, 2018-10-16T02:29:58.000Z, RT @AlamedaAgs: #TeBuscamos Bryan Alejandro Reyes Rodríguez, 14 años, 24/10/16 #Aguascalientes #911 https://t.co/v7FYaRAt5k
1052098040440528901, 321824036, 2018-10-16T07:24:54.000Z, El club de #Sentmenat Món Taekwondo 🥋 torna amb dues 🏅medalles del XIII Open Internacional Taekwondo de la Ciutat de Benicàssim de mans dels esportistes 👤Bryan Armijos i 👤Eva Rodríguez 🗣️📢 Felicitats a tots, campions❗ ➕ informació a https://t.co/GOqN8KxLRt https://t.co/0zx4qnEdgi
1052102750744514563, 24746242, 2018-10-16T07:43:37.000Z, RT @AjSentmenat: El club de #Sentmenat Món Taekwondo 🥋 torna amb dues 🏅medalles del XIII Open Internacional Taekwondo de la Ciutat de Benic…
1052106502012424192, 518699833, 2018-10-16T07:58:31.000Z, RT @AjSentmenat: El club de #Sentmenat Món Taekwondo 🥋 torna amb dues 🏅medalles del XIII Open Internacional Taekwondo de la Ciutat de Benic…
1052133637632786433, 1007349979, 2018-10-16T09:46:21.000Z, RT @AjSentmenat: El club de #Sentmenat Món Taekwondo 🥋 torna amb dues 🏅medalles del XIII Open Internacional Taekwondo de la Ciutat de Benic…
1052173647450914816, 2836299322, 2018-10-16T12:25:20.000Z, #TeBuscamos Bryan Alejandro Reyes Rodríguez, 14 años, 24/10/16 #Aguascalientes #911 https://t.co/H3CmgxTHWW
1052231638678036480, 1050683583646625792, 2018-10-16T16:15:46.000Z, RT @AjSentmenat: El club de #Sentmenat Món Taekwondo 🥋 torna amb dues 🏅medalles del XIII Open Internacional Taekwondo de la Ciutat de Benic…
1052530984686678018, 2836299322, 2018-10-17T12:05:16.000Z, #TeBuscamos Bryan Alejandro Reyes Rodríguez, 14 años, 24/10/16 #Aguascalientes #911 https://t.co/4tQZVfNDEm
1052563090099789824, 915319016, 2018-10-17T14:12:51.000Z, RT @AlamedaAgs: #TeBuscamos Bryan Alejandro Reyes Rodríguez, 14 años, 24/10/16 #Aguascalientes #911 https://t.co/4tQZVfNDEm
1052563990113439747, 1535732437, 2018-10-17T14:16:25.000Z, RT @AlamedaAgs: #TeBuscamos Bryan Alejandro Reyes Rodríguez, 14 años, 24/10/16 #Aguascalientes #911 https://t.co/4tQZVfNDEm
1052603367212687360, 726424496, 2018-10-17T16:52:53.000Z, RT @AlamedaAgs: #TeBuscamos Bryan Alejandro Reyes Rodríguez, 14 años, 24/10/16 #Aguascalientes #911 https://t.co/4tQZVfNDEm
1052645279818629126, 203298051, 2018-10-17T19:39:26.000Z, Harvesting Opportunities was a smashing success! Thank you to everyone who joined us, and a huge congrats to our award winners former BOD chair Don MacKenzie and CWEE alumnus Bryan Rodriguez!   https://t.co/igZbeIdw4O
1052729083652497408, 4622315713, 2018-10-18T01:12:26.000Z, RT @AlamedaAgs: #TeBuscamos Bryan Alejandro Reyes Rodríguez, 14 años, 24/10/16 #Aguascalientes #911 https://t.co/4tQZVfNDEm
1052738012004671488, 279200377, 2018-10-18T01:47:55.000Z, @juamcas @danielmol10 Bryan Chajon es la opción o Richard Rodríguez. Willy no puede inventar más con lo de Gordillo.
1052738350728151040, 279200377, 2018-10-18T01:49:16.000Z, @rodrigol87 Esta Bryan Chajon y Richard Rodríguez, deben jugar si o si y dejar de inventar con Gordillo. O bien, respaldar a Marquéz con Lombardi y alguien más.
1052780300671934464, 1001275771279826945, 2018-10-18T04:35:58.000Z, choose: james rodriguez and 15m or patrik schick and bryan cristante
1052893372170559489, 2836299322, 2018-10-18T12:05:16.000Z, #TeBuscamos Bryan Alejandro Reyes Rodríguez, 14 años, 24/10/16 #Aguascalientes #911 https://t.co/yGXQWKxGWd
1052927478212255744, 2955855741, 2018-10-18T14:20:47.000Z, RT @AlamedaAgs: #TeBuscamos Bryan Alejandro Reyes Rodríguez, 14 años, 24/10/16 #Aguascalientes #911 https://t.co/yGXQWKxGWd
1052955759401680896, 504831081, 2018-10-18T16:13:10.000Z, You're very kind Abe. However, as coach Belichick says: players win 'em &amp; coaches lose 'em. Guys named Abraham(s), Donovan(s), Gendron(s), Giardina, Coppinger, Rodriguez, Polanco, Carney, Nong, Gibson, Rivera, Bryan, Kalenoski, Andujar, McCarthy, Pinales, etc. are the real reason https://t.co/vcmfq8vCbd
1052956298902409221, 915319016, 2018-10-18T16:15:19.000Z, RT @AlamedaAgs: #TeBuscamos Bryan Alejandro Reyes Rodríguez, 14 años, 24/10/16 #Aguascalientes #911 https://t.co/yGXQWKxGWd
1052977276458070018, 881923723720351745, 2018-10-18T17:38:40.000Z, RT @LowellTrack: You're very kind Abe. However, as coach Belichick says: players win 'em &amp; coaches lose 'em. Guys named Abraham(s), Donovan…
1052978947569451008, 1015381299937333250, 2018-10-18T17:45:19.000Z, Leyting Chavarría de 16 años, Bryan  Picado Blandón de 22, y Benito Rodríguez de 34.  Murieron en Jinotega de impacto de bala el 24 de julio.  Amnistía Internacional dice q cuenta con evidencias que responsabilizan directamente a la policía de esas muertes.   @Sosnicaragua DDHH
1052989104009433090, 2286605008, 2018-10-18T18:25:40.000Z, RT @SosDesde: Leyting Chavarría de 16 años, Bryan  Picado Blandón de 22, y Benito Rodríguez de 34.  Murieron en Jinotega de impacto de bala…
1053094690755674113, 213070378, 2018-10-19T01:25:14.000Z, RT @AlamedaAgs: #TeBuscamos Bryan Alejandro Reyes Rodríguez, 14 años, 24/10/16 #Aguascalientes #911 https://t.co/yGXQWKxGWd
1053169441968664576, 79504999, 2018-10-19T06:22:16.000Z, RT @SosDesde: Leyting Chavarría de 16 años, Bryan  Picado Blandón de 22, y Benito Rodríguez de 34.  Murieron en Jinotega de impacto de bala…
1053202650622296064, 619881765, 2018-10-19T08:34:14.000Z, RT @AlamedaAgs: #TeBuscamos Bryan Alejandro Reyes Rodríguez, 14 años, 24/10/16 #Aguascalientes #911 https://t.co/yGXQWKxGWd
1053245713864364033, 939349532, 2018-10-19T11:25:21.000Z, Señor de los Milagros 🗻 181019 Memorial of Saints John de Brébeuf and Isaac Jogues, Priests, and Companions, Martyrs 🐏 (📸©️YouVersion/ Bryan Rodríguez Núñez,… https://t.co/Njl0f0sxAj
1053255754298413056, 2836299322, 2018-10-19T12:05:15.000Z, #TeBuscamos Bryan Alejandro Reyes Rodríguez, 14 años, 24/10/16 #Aguascalientes #911 https://t.co/Pk4YBash3J
1053281778214096897, 167744248, 2018-10-19T13:48:39.000Z, RT @AlamedaAgs: #TeBuscamos Bryan Alejandro Reyes Rodríguez, 14 años, 24/10/16 #Aguascalientes #911 https://t.co/Pk4YBash3J
1053287224567943169, 915319016, 2018-10-19T14:10:18.000Z, RT @AlamedaAgs: #TeBuscamos Bryan Alejandro Reyes Rodríguez, 14 años, 24/10/16 #Aguascalientes #911 https://t.co/Pk4YBash3J
1053319495836729344, 410770282, 2018-10-19T16:18:32.000Z, Look Bryan Rodriguez que trizte😢 https://t.co/U8nHKJpRQe
1053327996805898240, 1340834304, 2018-10-19T16:52:18.000Z, Los efectos del Refuerzo Pedagógico fueron abordados los la Maestra Alexandra Rodriguez y el Lic. Bryan Rodríguez.
1053397167359098885, 202253307, 2018-10-19T21:27:10.000Z, #DelegaciónSantaAna #PDDH y #AdjuntaMujerYFamilia dan seguimiento al proceso judicial contra Bryan Alexis Arévalo por el caso de feminicidio agravado de Katherine Lisbeth Rodriguez Cárcamo. Actualmente se realiza la audiencia judicial de instrucción. @Anxelique https://t.co/OVviFCLyHj
1053399652685504513, 365557331, 2018-10-19T21:37:03.000Z, RT @PDDHElSalvador: #DelegaciónSantaAna #PDDH y #AdjuntaMujerYFamilia dan seguimiento al proceso judicial contra Bryan Alexis Arévalo por e…
1053400176818380800, 2329553107, 2018-10-19T21:39:08.000Z, Buy 1 Get 1 Free Entree at Casa Rodriguez Mexican Restaurant in Historic Downtown Bryan https://t.co/jGeQJSeINj https://t.co/lbZYjZA508
1053400196904878085, 739233552559022081, 2018-10-19T21:39:12.000Z, Buy 1 Get 1 Free Entree at Casa Rodriguez Mexican Restaurant in Historic Downtown Bryan https://t.co/r1gbcF8gpr https://t.co/XvzmmMby3F
1053400236754984960, 2370851078, 2018-10-19T21:39:22.000Z, Buy 1 Get 1 Free Entree at Casa Rodriguez Mexican Restaurant in Historic Downtown Bryan https://t.co/FMN2TnPOcb https://t.co/1OWMLFvsWe
1053400247794393095, 597043535, 2018-10-19T21:39:24.000Z, Buy 1 Get 1 Free Entree at Casa Rodriguez Mexican Restaurant in Historic Downtown Bryan https://t.co/jvtqVtFr3S https://t.co/FpsPoUpR23
1053400270900740097, 3292723130, 2018-10-19T21:39:30.000Z, Buy 1 Get 1 Free Entree at Casa Rodriguez Mexican Restaurant in Historic Downtown Bryan https://t.co/SI4PwbFAsr https://t.co/WdJjcgaZsx
1053400285295591425, 220122279, 2018-10-19T21:39:33.000Z, Buy 1 Get 1 Free Entree at Casa Rodriguez Mexican Restaurant in Historic Downtown Bryan https://t.co/bsF40GisXq https://t.co/djUukC3mtP
1053405238588260352, 426135051, 2018-10-19T21:59:14.000Z, RT @freyurilo: Los efectos del Refuerzo Pedagógico fueron abordados los la Maestra Alexandra Rodriguez y el Lic. Bryan Rodríguez.
1053425919380086784, 509120105, 2018-10-19T23:21:25.000Z, RT @PDDHElSalvador: #DelegaciónSantaAna #PDDH y #AdjuntaMujerYFamilia dan seguimiento al proceso judicial contra Bryan Alexis Arévalo por e…
