id, author_id, created_at, text
1017488831241596928, 75720951, 2018-07-12T19:20:16.000Z, The Coroners’ office has just released the names &amp; ages of the people shot in an apparent double-murder/suicide in #RedondoBeach.   48-year-old Marc Waz.  48-year-old Ivana Waz.  And 13-year-old Makani Waz.   @KNX1070 https://t.co/6aZwLPxRIk
1017491913757216768, 18149465, 2018-07-12T19:32:30.000Z, RT @KNXBaird: The Coroners’ office has just released the names &amp; ages of the people shot in an apparent double-murder/suicide in #RedondoBe…
1017493485660672000, 1895962765, 2018-07-12T19:38:45.000Z, RT @KNXBaird: The Coroners’ office has just released the names &amp; ages of the people shot in an apparent double-murder/suicide in #RedondoBe…
1017497125104447489, 858053451481178112, 2018-07-12T19:53:13.000Z, We have confirmed the identities of the victims in the double-murder suicide in Redondo Beach last night. Ivana Waz, 48, Makani Waz, 13, were killed and father Marc Waz, 48. committed suicide.
1017505593433583616, 49442241, 2018-07-12T20:26:52.000Z, RT @RosenfeldReport: We have confirmed the identities of the victims in the double-murder suicide in Redondo Beach last night. Ivana Waz, 4…
1017507328734588928, 2658491564, 2018-07-12T20:33:46.000Z, RT @RosenfeldReport: We have confirmed the identities of the victims in the double-murder suicide in Redondo Beach last night. Ivana Waz, 4…
1017513327902093312, 15306488, 2018-07-12T20:57:36.000Z, Redondo Beach Police have confirmed that Marc Waz, husband to Ivana and father to Makani, was indeed the shooter in last night's double-murder and suicide. Update to the story coming. https://t.co/ksgDeULLPC
1017516468890529792, 16335547, 2018-07-12T21:10:05.000Z, RT @KNXBaird: The Coroners’ office has just released the names &amp; ages of the people shot in an apparent double-murder/suicide in #RedondoBe…
1017530977575243776, 23909143, 2018-07-12T22:07:44.000Z, RT @RosenfeldReport: We have confirmed the identities of the victims in the double-murder suicide in Redondo Beach last night. Ivana Waz, 4…
1017583811146575872, 43959399, 2018-07-13T01:37:41.000Z, RT @RosenfeldReport: We have confirmed the identities of the victims in the double-murder suicide in Redondo Beach last night. Ivana Waz, 4…
1017583817035411456, 16137142, 2018-07-13T01:37:42.000Z, Redondo Beach Police say Marc Waz killed himself after shooting and killing  his wife and son 48 yr old Ivana Waz and 13 year old  Makani Waz at their condo last night. Friends say he was depressed following an injury. https://t.co/rEQruIuQQS
1017587764664020993, 2182725650, 2018-07-13T01:53:23.000Z, RT @AngieNBCLA: Redondo Beach Police say Marc Waz killed himself after shooting and killing  his wife and son 48 yr old Ivana Waz and 13 ye…
1017610349384818690, 779857710250471424, 2018-07-13T03:23:08.000Z, Father Kills Wife, Son and Self in Redondo Beach Authorities say police answering a report of shots fired at a condominium Wednesday night found the bodies of Marc and Ivana Waz and their son, ... https://t.co/vEqWzGzZe0
1017655742881382400, 41444765, 2018-07-13T06:23:30.000Z, Another woman and mother killed, the failure killed their child also. A double murder-suicide Wednesday night. The deceased were identified as Ivana Waz and 13-yr-old Makani Waz. The male is suspected of killing his wife and child before himself. https://t.co/k96OssRf7U via @ktla
1017756990552985600, 365752732, 2018-07-13T13:05:50.000Z, RT @RosenfeldReport: We have confirmed the identities of the victims in the double-murder suicide in Redondo Beach last night. Ivana Waz, 4…
1017834343702716418, 373518412, 2018-07-13T18:13:12.000Z, Dear Evolution Soccer Families and Friends,  Evolution Soccer would like to help the family of Makani and Ivana Waz during this extraordinarily... https://t.co/veRDFXfQeD
1017849398871461888, 52988457, 2018-07-13T19:13:02.000Z, This beautiful soul Ivana Waz and her young son were killed yesterday, apparently by her husband before he shot himself. I had the opportunity to work with her on many projects and she was a very calm and centered human being. I am so deeply saddened by h…https://t.co/8hp9eLciEy
1017915086378229760, 204458046, 2018-07-13T23:34:03.000Z, Soccer league tribute: Team scarves placed in memory of Makani Waz and his mom, Ivana. Both killed by her husband in murder/suicide. #NBCLA https://t.co/uIccGBINrV
1017920644233621504, 17379685, 2018-07-13T23:56:08.000Z, RT @GordonNBCLA: Soccer league tribute: Team scarves placed in memory of Makani Waz and his mom, Ivana. Both killed by her husband in murde…
1017920927126970368, 92576893, 2018-07-13T23:57:15.000Z, RT @GordonNBCLA: Soccer league tribute: Team scarves placed in memory of Makani Waz and his mom, Ivana. Both killed by her husband in murde…
1017922571554062336, 944041026, 2018-07-14T00:03:47.000Z, RT @GordonNBCLA: Soccer league tribute: Team scarves placed in memory of Makani Waz and his mom, Ivana. Both killed by her husband in murde…
1017922744917229568, 21777352, 2018-07-14T00:04:29.000Z, #HAPPENINGNOW:  A memorial by the L.A. Galaxy South Bay Soccer Group to honor 13-year-old Makani Waz and his mother Ivana Waz will start at 6pm. The two were killed in what authorities call a murder-suicide-- police said Marc Waz killed his wife and son before killing himself. https://t.co/hzXyW3FsW0
1017923908530343936, 2687522323, 2018-07-14T00:09:06.000Z, RT @abc7anabel: #HAPPENINGNOW:  A memorial by the L.A. Galaxy South Bay Soccer Group to honor 13-year-old Makani Waz and his mother Ivana W…
1017925763935244288, 2166938988, 2018-07-14T00:16:28.000Z, RT @abc7anabel: #HAPPENINGNOW:  A memorial by the L.A. Galaxy South Bay Soccer Group to honor 13-year-old Makani Waz and his mother Ivana W…
1017932414536986626, 858053451481178112, 2018-07-14T00:42:54.000Z, At a memorial now at Toyota Sports Complex for Ivana and Makani Waz, killed this week in Redondo Beach. https://t.co/BNXV9O7WyR
1017932817877983232, 21777352, 2018-07-14T00:44:30.000Z, #HAPPENINGNOW: loved ones gather on the soccer field for a memorial to honor and remember 13-year-old Makani Waz and his mother Ivana Waz. https://t.co/0PuM37z0Uq
1017938953486327809, 466821972, 2018-07-14T01:08:53.000Z, RT @abc7anabel: #HAPPENINGNOW: loved ones gather on the soccer field for a memorial to honor and remember 13-year-old Makani Waz and his mo…
1017939280960708609, 16374678, 2018-07-14T01:10:11.000Z, RT @abc7anabel: #HAPPENINGNOW: loved ones gather on the soccer field for a memorial to honor and remember 13-year-old Makani Waz and his mo…
1017939999424049152, 718125581854859264, 2018-07-14T01:13:02.000Z, RT @abc7anabel: #HAPPENINGNOW: loved ones gather on the soccer field for a memorial to honor and remember 13-year-old Makani Waz and his mo…
1017942458003423232, 528044985, 2018-07-14T01:22:49.000Z, RT @abc7anabel: #HAPPENINGNOW: loved ones gather on the soccer field for a memorial to honor and remember 13-year-old Makani Waz and his mo…
1017943744186732547, 469896364, 2018-07-14T01:27:55.000Z, A crowd of about 150 turned out to remember 13-year-old soccer player Makani Waz and his mother Ivana. #LAGalaxy organzied the memorial service on a Torrance soccer field. Makani and Ivana were killed this week by Makani's father, who took his own life, according to police. https://t.co/CglhFF1xtT
1017948650847105024, 3237211085, 2018-07-14T01:47:25.000Z, RT @GordonNBCLA: Soccer league tribute: Team scarves placed in memory of Makani Waz and his mom, Ivana. Both killed by her husband in murde…
1017955405836660737, 23909143, 2018-07-14T02:14:16.000Z, RT @VarleyPhoto: A crowd of about 150 turned out to remember 13-year-old soccer player Makani Waz and his mother Ivana. #LAGalaxy organzied…
1017955532382994432, 23909143, 2018-07-14T02:14:46.000Z, RT @RosenfeldReport: At a memorial now at Toyota Sports Complex for Ivana and Makani Waz, killed this week in Redondo Beach. https://t.co/B…
1017963047002886144, 2166938988, 2018-07-14T02:44:37.000Z, RT @abc7anabel: #HAPPENINGNOW: loved ones gather on the soccer field for a memorial to honor and remember 13-year-old Makani Waz and his mo…
1017970119010422785, 452412269, 2018-07-14T03:12:43.000Z, RT @abc7anabel: #HAPPENINGNOW: loved ones gather on the soccer field for a memorial to honor and remember 13-year-old Makani Waz and his mo…
1017989346266267648, 39606676, 2018-07-14T04:29:08.000Z, RT @VarleyPhoto: A crowd of about 150 turned out to remember 13-year-old soccer player Makani Waz and his mother Ivana. #LAGalaxy organzied…
1018003840212357120, 745107346800553984, 2018-07-14T05:26:43.000Z, RT @VarleyPhoto: A crowd of about 150 turned out to remember 13-year-old soccer player Makani Waz and his mother Ivana. #LAGalaxy organzied…
1018010992637181953, 1066749277, 2018-07-14T05:55:09.000Z, RT @VarleyPhoto: A crowd of about 150 turned out to remember 13-year-old soccer player Makani Waz and his mother Ivana. #LAGalaxy organzied…
1018023122409148416, 363129363, 2018-07-14T06:43:20.000Z, RT @VarleyPhoto: A crowd of about 150 turned out to remember 13-year-old soccer player Makani Waz and his mother Ivana. #LAGalaxy organzied…
1018164510400524289, 15751988, 2018-07-14T16:05:10.000Z, RT @RosenfeldReport: We have confirmed the identities of the victims in the double-murder suicide in Redondo Beach last night. Ivana Waz, 4…
1018194032332177408, 2634179564, 2018-07-14T18:02:29.000Z, RT @VarleyPhoto: A crowd of about 150 turned out to remember 13-year-old soccer player Makani Waz and his mother Ivana. #LAGalaxy organzied…
1018491243364417537, 933218017395195905, 2018-07-15T13:43:29.000Z, RT @RosenfeldReport: At a memorial now at Toyota Sports Complex for Ivana and Makani Waz, killed this week in Redondo Beach. https://t.co/B…
1018714135918514176, 983854870796095488, 2018-07-16T04:29:11.000Z, RT @VarleyPhoto: A crowd of about 150 turned out to remember 13-year-old soccer player Makani Waz and his mother Ivana. #LAGalaxy organzied…
