id, author_id, created_at, text
705140024581296128, 1977120084, 2016-03-02T21:17:37.000Z, RT @samspiegs: Jackson State has offered 2017 @StAugnola OL Tyree Rhodes @ecager73
705140127706673153, 3116621625, 2016-03-02T21:18:01.000Z, RT @samspiegs: Jackson State has offered 2017 @StAugnola OL Tyree Rhodes @ecager73
705141370902556673, 2148000636, 2016-03-02T21:22:58.000Z, RT @samspiegs: Jackson State has offered 2017 @StAugnola OL Tyree Rhodes @ecager73
705143666357088256, 4021426833, 2016-03-02T21:32:05.000Z, RT @samspiegs: Jackson State has offered 2017 @StAugnola OL Tyree Rhodes @ecager73
705244095296311296, 338844947, 2016-03-03T04:11:09.000Z, RT @BTWildcatFootba: Amazing run by #6 Tyree "Juice" Jackson in 2nd qtr scoring to give Cats 14-0 lead vs Catholic #GoCats! #pnjpreps https…
705244961403342848, 66057952, 2016-03-03T04:14:36.000Z, RT @BTWildcatFootba: Amazing run by #6 Tyree "Juice" Jackson in 2nd qtr scoring to give Cats 14-0 lead vs Catholic #GoCats! #pnjpreps https…
707784746881961984, 164805308, 2016-03-10T04:26:48.000Z, @GRONKorDIE @KD9512 @SterlingLifts @Jackson_Mayo he also made the insane play that put them there. It was more impressive than tyree...
708484070632595457, 246119799, 2016-03-12T02:45:40.000Z, When y'all wanna turn up again ? Jhon Jhon Tyree Jackson Vincent Antonio
709504687960158208, 2742920797, 2016-03-14T22:21:14.000Z, Brandon scoring: Luke Rekuta 11pts Tyree Gibbs 10pt 3stl Deshawn Jackson 3pt 6rb 2stl Jack Monro 5pt  Caleb Carter 4pt 7reb
709504801986334721, 334861641, 2016-03-14T22:21:41.000Z, RT @PrepHoopsMI: Brandon scoring: Luke Rekuta 11pts Tyree Gibbs 10pt 3stl Deshawn Jackson 3pt 6rb 2stl Jack Monro 5pt  Caleb Carter 4pt 7reb
709505557787357184, 566044003, 2016-03-14T22:24:41.000Z, RT @PrepHoopsMI: Brandon scoring: Luke Rekuta 11pts Tyree Gibbs 10pt 3stl Deshawn Jackson 3pt 6rb 2stl Jack Monro 5pt  Caleb Carter 4pt 7reb
