id, author_id, created_at, text
840936898189234177, 1058367726, 2017-03-12T14:45:55.000Z, - "Esto se cae solo"-- MUDA - "Cual hambruna?"-- Luis Vicente León - "Nicolás, te damos 6 meses para que te vayas!"-- Henry Ramos Allup https://t.co/LujxB5AzxU
841052345844826117, 128414324, 2017-03-12T22:24:39.000Z, Para Luis Vicente León, los "LIDERES" de la OPOSICION son: Leopoldo López; Henrique Capriles; Henry Falcón y Henry Ramos Allup en ese ORDEN. https://t.co/ceIE2Juy5Q
841109972746403840, 3232356599, 2017-03-13T02:13:39.000Z, RT @SUKOICRIOLLO: Para Luis Vicente León, los "LIDERES" de la OPOSICION son: Leopoldo López; Henrique Capriles; Henry Falcón y Henry Ramos…
842102849660153856, 860833580, 2017-03-15T19:58:59.000Z, A excepción de Maria Corina y los diputados Luis Florido, Henry Ramos A  y Freddy Guevara, el resto están deshojando  Margaritas. https://t.co/KX0anbZQtG
842319056413855744, 191771776, 2017-03-16T10:18:07.000Z, @Hernancanorea Retiren la inmunidad a los diputados Luis Florido,Henry Ramos y otros apátridas. Prohibición de salida del país YA
842320131921440768, 191771776, 2017-03-16T10:22:23.000Z, @LaPautaVTV RETIREN LA INMUNIDAD A LUIS FLORIDO,HENRY RAMOS Y OTROS.PROHIBICIÓN DE SALIDA DEL PAÍS YA,NO SIGAMOS SIENDO BLANDENGUES ?
