id, author_id, created_at, text
780949274280333312, 447804471, 2016-09-28T01:56:30.000Z, Mohammed Kalam, 61:  Mohammed Kalam, a 61-year-old white male, died Sunday, Sept. 25, in Valley Glen, accordi... https://t.co/SgGZe0ksNa
780949277321285632, 441187574, 2016-09-28T01:56:31.000Z, Mohammed Kalam, 61:  Mohammed Kalam, a 61-year-old white male, died Sunday, Sept. 25, in Valley Glen, accordi... https://t.co/gpqU6Q5RGZ
780949278717976576, 733264453, 2016-09-28T01:56:32.000Z, Mohammed Kalam, 61:  Mohammed Kalam, a 61-year-old white male, died Sunday, Sept. 25, in Valley Glen, accordi... https://t.co/AHi60zhi8q
781800762590494720, 726041716126584832, 2016-09-30T10:20:01.000Z, Saif Ul Malook Mian Mohammed Bakhsh Full Kalam by Break Point YouTube: https://t.co/IFivyCTPyT via @YouTube
