id, author_id, created_at, text
893227317891346432, 353240557, 2017-08-03T21:49:22.000Z, Jose Luis Sandoval ahora entiendo tanta demora  JAJAJAJAJAJAJ https://t.co/pQP9qtmZuB
893866138018476032, 393420828, 2017-08-05T16:07:49.000Z, Once inicial en La Robla: 1.Iván Torres 2.David 3.Lucas 4.Enol 5.Ángel 6.Arias 7.Jandro 8.José Luis 9.Costel 10.Sandoval 11.Bryan #VamosCova
893908490829410304, 755140728284712960, 2017-08-05T18:56:06.000Z, RT @CDCovadonga: Once inicial en La Robla: 1.Iván Torres 2.David 3.Lucas 4.Enol 5.Ángel 6.Arias 7.Jandro 8.José Luis 9.Costel 10.Sandoval 1…
893994757386645505, 375787747, 2017-08-06T00:38:54.000Z, 75´ Minutos Modificación en #Cobresal Ingresa Iván Sandoval en lugar de José Luis Cabión  CU 1 - CSAL 0
895330019676889088, 870552282, 2017-08-09T17:04:45.000Z, Eres el puto diablo José Luis Melendrez Sandoval en tu cumple ve lo qué pasó :/ https://t.co/RzWNBedXXt
895361557152096257, 393420828, 2017-08-09T19:10:04.000Z, 51' Muchos cambios en el @CDCovadonga al descanso. Se fueron Jaime,José Luis,Ángel y Jandro. Entraron Pablo,Marcos Iglesias,Sandoval y Nacho
895380208861282311, 948372986, 2017-08-09T20:24:11.000Z, RT @CDCovadonga: 51' Muchos cambios en el @CDCovadonga al descanso. Se fueron Jaime,José Luis,Ángel y Jandro. Entraron Pablo,Marcos Iglesia…
896139669791952896, 893235603596341248, 2017-08-11T22:42:01.000Z, 2HISTORIAS PRI DF ALFREDO VILLEGAS OFICIAL MAYOR Y JOAQUIN MENDIZABAL SECRETARIO  ORGANIZACION CON JOSE LUIS ALONZO SANDOVAL @EnriqueOchoaR https://t.co/gH4eWU2Byp
897152048130650115, 298235175, 2017-08-14T17:44:51.000Z, Rafa Junior Vàsquez Andrea Sandoval Edgar Jose Polo Arias Luis Pino Jimenez😂😂😂😂😂😂 https://t.co/OWr9OCafEW
897163988349399040, 1225525800, 2017-08-14T18:32:17.000Z, El Numero 1 Reivindicado CR7 .. Jeferson Gomez Sandoval Eduardo Luis Millan Yordy Jose Diaz Padilla https://t.co/lMgcA4J8mI
