id, author_id, created_at, text
1479245258953273352, 54581306, 2022-01-07T00:15:27.000Z, Esse seu amigo Juarez heim  @christian_acn kkkkkkkkk https://t.co/MVxb1eTE5y
1480643338286080004, 369032420, 2022-01-10T20:50:55.000Z, Becas Benito Juárez, apoyo para las familias duranguenses: @JeanEsparzaC @CongresoDurango - https://t.co/3NAS6IJ9uV https://t.co/fGQ2wyCwdK
1480662717757374467, 49039826, 2022-01-10T22:07:55.000Z, Becas Benito Juárez, apoyo para las  familias duranguenses: Christian Jean https://t.co/QA7rhYzWbU @CongresoDurango @ivanbarrios84 https://t.co/lXkCneSf5D
1480664227803111427, 366778357, 2022-01-10T22:13:55.000Z, #DURANGO | BECAS BENITO JUÁREZ, APOYO PARA LAS FAMILIAS DURANGUENSES: CHRISTIAN JEAN https://t.co/IBR4Gf4axQ @JeanEsparzaC https://t.co/tTYRueFcOj
1480706803876843521, 714963083131617280, 2022-01-11T01:03:06.000Z, RT @LaVozdeDurango: Becas Benito Juárez, apoyo para las familias duranguenses: @JeanEsparzaC @CongresoDurango - https://t.co/3NAS6IJ9uV htt…
1480890989698961410, 3113187543, 2022-01-11T13:15:00.000Z, “El Gobierno de México ha demostrado en los hechos, que está enfocado en poner a los grupos más vulnerables en el centro de la administración federal”, aseguró el coordinador de los diputados de Morena, @JeanEsparzaC   https://t.co/q88Pid7SwF https://t.co/iHWO21AG5o
1480917701044449295, 4663087002, 2022-01-11T15:01:08.000Z, RT @LaVozdeDurango: Becas Benito Juárez, apoyo para las familias duranguenses: @JeanEsparzaC @CongresoDurango - https://t.co/3NAS6IJ9uV htt…
1480965228883898373, 66715854, 2022-01-11T18:10:00.000Z, Becas Benito Juárez, apoyo para las familias duranguenses: Christian Jean https://t.co/qnQpj0xnu4
1480972933803945984, 1041736265786380288, 2022-01-11T18:40:37.000Z, RT @rosecarvalhoam: No Exclusiva desta semana, os historiadores Ygor Cavalcante e Juarez Silva Jr e o presidente do instituto nacional afro…
1480995173559590919, 750623858, 2022-01-11T20:08:59.000Z, Becas Benito Juárez, apoyo para las familias duranguenses: Christian Jean.  Los estudiantes recibirán en este año $1,680 pesos bimestrales. https://t.co/nQCeLlnxj2 #Durango https://t.co/lblUVskKfT
1481114739384066050, 714963083131617280, 2022-01-12T04:04:06.000Z, RT @DurangoMASmx: Becas Benito Juárez, apoyo para las familias duranguenses: Christian Jean.  Los estudiantes recibirán en este año $1,680…
1481115179727212549, 106508412, 2022-01-12T04:05:51.000Z, RT @DurangoMASmx: Becas Benito Juárez, apoyo para las familias duranguenses: Christian Jean.  Los estudiantes recibirán en este año $1,680…
1481115639083196417, 4243039152, 2022-01-12T04:07:40.000Z, RT @DurangoMASmx: Becas Benito Juárez, apoyo para las familias duranguenses: Christian Jean.  Los estudiantes recibirán en este año $1,680…
1481334754385571841, 1327528638, 2022-01-12T18:38:21.000Z, @Christian_Hudw Dejo que roben millones a la ciudad, nos deja políticos mafiosos y corruptos, le vendió su partido al psicópata @rlopezaliaga1,nos dejo a @patty_juarez_ ahora en comisión de Constitución del @congresoperu jodiendo al país,tres veces Alcalde de Lima,acusado x corrupción. QEPD
1481385152282603525, 1063692431055568896, 2022-01-12T21:58:37.000Z, @Christian_Hudw Los ciudadanos debemos recordar sin duda algunos avances pero sin duda también retrocesos, es sabido q el Sr. Castañeda en su última gestión estaba ya con problemas d salud ¿Por qué postulo?¿Quienes utilizaron su figura y gobernaron Lima?¿Sra. P. Juárez necesitamos explicaciones?
1481423247061225474, 1082374204538859521, 2022-01-13T00:30:00.000Z, Los estudiantes recibirán en este año $1,680 pesos bimestrales...  #Durango #estudiantes #educacion #Becas  https://t.co/QaAegOjNIs
1481431551829164037, 268905431, 2022-01-13T01:03:00.000Z, “En Durango, las Becas para el Bienestar Benito Juárez, son un apoyo real para las familias duranguenses”, aseguró el coordinador de los diputados de Morena, @JeanEsparzaC.  https://t.co/qqYPIYUP9x
1481433838156845056, 223499686, 2022-01-13T01:12:05.000Z, RT @RevistaMaat: Los estudiantes recibirán en este año $1,680 pesos bimestrales...  #Durango #estudiantes #educacion #Becas  https://t.co/Q…
1481477515009052672, 1402487977201315841, 2022-01-13T04:05:38.000Z, @Christian_Hudw Se fumo un troncho este periodista mermelero para decir q el  corrupto, ladron y el puente no se cayo   vendio los peajes y Comunicore ..otros ahora Patricia Juarez de la Sra K..queda sin el corrupto Muñequito diabolico
1481606639455072259, 714963083131617280, 2022-01-13T12:38:44.000Z, RT @CongresoDurango: “En Durango, las Becas para el Bienestar Benito Juárez, son un apoyo real para las familias duranguenses”, aseguró el…
1481619147440152584, 4055887455, 2022-01-13T13:28:26.000Z, @Christian_Hudw Por su gestión muy bien y las condolencias a su familia, pero nunca le llegó la justicia, siempre aliado el triángulo político (apra, fuerza popular, solidaridad nacional). Queda liberado Patricia Juárez
1481665112704442374, 542683011, 2022-01-13T16:31:05.000Z, RT @CongresoDurango: “En Durango, las Becas para el Bienestar Benito Juárez, son un apoyo real para las familias duranguenses”, aseguró el…
1481668188035108865, 224819666, 2022-01-13T16:43:18.000Z, RT @CongresoDurango: “En Durango, las Becas para el Bienestar Benito Juárez, son un apoyo real para las familias duranguenses”, aseguró el…
1481668223665848327, 158729308, 2022-01-13T16:43:27.000Z, RT @CongresoDurango: “En Durango, las Becas para el Bienestar Benito Juárez, son un apoyo real para las familias duranguenses”, aseguró el…
1481668270025441284, 793325744889876480, 2022-01-13T16:43:38.000Z, “En Durango, las Becas para el Bienestar Benito Juárez, son un apoyo real para las familias duranguenses”, aseguró el coordinador de los diputados de Morena, Christian Alan Jean Esparza.  https://t.co/Bx0MSsYBqv
1481699900798742528, 256324210, 2022-01-13T18:49:19.000Z, @augustoxao @Borja_Pardo @Torres Gran jugador y gran equipo.  En el Salón de la Fama de delanteros de la década 2000-2010 también están Jan Koller, Roy Makaay, Jimmy Floyd Hasselbeink, Christian Vieri y Cuqui Juarez
1481795718117478400, 1898231724, 2022-01-14T01:10:04.000Z, @Christian_IC @AndreaChavezTre @BeatrizGMuller https://t.co/b27mvWbA3T  Qué INSENSIBLE, sólo habla de Juárez cuando le conviene o cuando puede culpar a Calderón. Ojalá la diputada se dé la oportunidad de conocer lo que padecemos en el Juárez de 2022 en donde por cierto, se eligió a la 4t para gobernar y eso aún no sucede 🤷🏻‍♀️
1481965762340438016, 78102170, 2022-01-14T12:25:45.000Z, SANTA MISA: Viernes 14 de Enero - I Semana del Tiempo Ordinario.  07:00 am. Radio María comparte con ustedes la transmisión de la Santa Misa desde la Parroquia San Roque - Santiago de Surco - Lima. * Celebra la Eucaristía el Rev. Padre Christian Juárez * https://t.co/PJj4YsfaDA
1482137238620282883, 1473849242858962945, 2022-01-14T23:47:09.000Z, @meny10 @scp_bs Enrique Vera 5 Alberto Becerra 12 portero Narciso Mina 7 Andrés Ríos 7 Juan Ángel paredes 9 Richard Báez 18 Horacio Hameli 2 Christian Giménez 21 Richard Nuñez 10 Federico Higuaín 7 Efraín Juárez 4 Sebastián Saja 1 portero Jeremy Menez 20 Christian Pellerano 15 Darwin Quintero 31
1483231878635261954, 368575717, 2022-01-18T00:16:51.000Z, @AMERICA_1916 Navarrete  Efraín Juárez  Erick Pimentel  Vizcarrondo  Chema Cardenas  Oso González Christian Paredes  Gerson Torres  Antonio López   Sergio Díaz  Narciso Mina  Toma, te dejo esta joya por aquí 🙃
1483604230569037826, 1357013644811280384, 2022-01-19T00:56:27.000Z, @JohnKin39038937 @UnitedW22607736 @realLizUSA @KariLake @maddow Voluntary Christian ministry, great. You should volunteer in Juárez Mexico. If you survive, you could preach at Juárez prison. I did… do you know how many Texans were in that prison? Because they were carrying guns in Mexico…
