id, author_id, created_at, text
764236116132102144, 447804471, 2016-08-12T23:04:23.000Z, Elena Lillian Moore, 16:  Elena Lillian Moore, a 16-year-old Latino female, died Friday, Aug. 12, in Pico Riv... https://t.co/lNWUHdQEwK
764236118522941440, 441187574, 2016-08-12T23:04:24.000Z, Elena Lillian Moore, 16:  Elena Lillian Moore, a 16-year-old Latino female, died Friday, Aug. 12, in Pico Riv... https://t.co/j2OKnt6r2d
764236120091525120, 733264453, 2016-08-12T23:04:24.000Z, Elena Lillian Moore, 16:  Elena Lillian Moore, a 16-year-old Latino female, died Friday, Aug. 12, in Pico Riv... https://t.co/2NcegLgWqv
764261169297100800, 1618416878, 2016-08-13T00:43:56.000Z, Elena Lillian Moore, 16 https://t.co/u8t44Wi3ul
764341852707299328, 2359695638, 2016-08-13T06:04:33.000Z, Teen stabbed in home staggered to mother's room and 'screamed name of her ex-boyfriend': Elena Lillian Moore,... https://t.co/GBKYuuQlm2
764341889612918785, 245480863, 2016-08-13T06:04:41.000Z, Teen stabbed in home staggered to mother's room and 'screamed name of her ex-boyfriend': Elena Lillian Moore,... https://t.co/Rd135grIo7
764341989970092032, 1877161100, 2016-08-13T06:05:05.000Z, Teen stabbed in home staggered to mother's room and 'screamed name of her ex-boyfriend': Elena Lillian Moore,... https://t.co/aMCDERQsH5
764342000455786496, 608026732, 2016-08-13T06:05:08.000Z, Teen stabbed in home staggered to mother's room and 'screamed name of her ex-boyfriend': Elena Lillian Moore,... https://t.co/H2kP9Q9hj2
764342013420371968, 714485502410407938, 2016-08-13T06:05:11.000Z, Teen stabbed in home staggered to mother's room and 'screamed name of her ex-boyfriend': Elena Lillian Moore,... https://t.co/iVRkE25Tv9
764342023549624321, 2942503126, 2016-08-13T06:05:13.000Z, Teen stabbed in home staggered to mother's room and 'screamed name of her ex-boyfriend': Elena Lillian Moore,... https://t.co/b2xikGd7zU
765511893763010560, 36967422, 2016-08-16T11:33:52.000Z, Rory Murga Named Person of Interest in Alleged Murder of His Ex-Girlfriend Elena… https://t.co/CLbeC7Xx11 https://t.co/Wq3wlpdKDe
765703978436792320, 4900521494, 2016-08-17T00:17:09.000Z, I'm supporting this fundraiser, please check it out: 'Services for Elena Lillian Moore' -  https://t.co/YMR7Pvq6mE
765876848127389696, 2838600941, 2016-08-17T11:44:04.000Z, Ex-boyfriend Rory Murga, 17, arrested in fatal stabbing of Elena Lillian Moore, 16, in Pico… https://t.co/a8kRZGZepG https://t.co/eH4r308WMW
