id, author_id, created_at, text
655196082281037824, 3310891223, 2015-10-17T01:38:13.000Z, RT @mescolarzamora: #Z16-10 Cumpliendo instruciones del Vice @LeonelParica Hoy Visita-inspección en la UEN Gral José Francisco Bermúdez. ht…
655207830757187584, 130642886, 2015-10-17T02:24:54.000Z, RT @ZonaEducMiranda: Cumpliendo instrucciones del Vice @LeonelParica Hoy Visita-inspección en la UEN Gral José Francisco Bermúdez.  https:/…
655208201441443840, 1302316712, 2015-10-17T02:26:23.000Z, RT @mescolarzamora: #Z16-10 Cumpliendo instruciones del Vice @LeonelParica Hoy Visita-inspección en la UEN Gral José Francisco Bermúdez. ht…
655208246819573760, 1302316712, 2015-10-17T02:26:33.000Z, RT @ZonaEducMiranda: Cumpliendo instrucciones del Vice @LeonelParica Hoy Visita-inspección en la UEN Gral José Francisco Bermúdez.  https:/…
655211774329888768, 619367031, 2015-10-17T02:40:34.000Z, RT @mescolarzamora: #Z16-10 Cumpliendo instruciones del Vice @LeonelParica Hoy Visita-inspección en la UEN Gral José Francisco Bermúdez. ht…
655237257000038400, 2896529464, 2015-10-17T04:21:50.000Z, RT @ZonaEducMiranda: Cumpliendo instrucciones del Vice @LeonelParica Hoy Visita-inspección en la UEN Gral José Francisco Bermúdez.  https:/…
655244838288412672, 1908828816, 2015-10-17T04:51:57.000Z, RT @mescolarzamora: #Z16-10 Cumpliendo instruciones del Vice @LeonelParica Hoy Visita-inspección en la UEN Gral José Francisco Bermúdez. ht…
655245001941753856, 1908828816, 2015-10-17T04:52:36.000Z, RT @ZonaEducMiranda: Cumpliendo instrucciones del Vice @LeonelParica Hoy Visita-inspección en la UEN Gral José Francisco Bermúdez.  https:/…
655326003938594816, 140487058, 2015-10-17T10:14:29.000Z, RT @mescolarzamora: #Z16-10 Cumpliendo instruciones del Vice @LeonelParica Hoy Visita-inspección en la UEN Gral José Francisco Bermúdez. ht…
655326006279061504, 140487058, 2015-10-17T10:14:29.000Z, RT @ZonaEducMiranda: Cumpliendo instrucciones del Vice @LeonelParica Hoy Visita-inspección en la UEN Gral José Francisco Bermúdez.  https:/…
655353165030817793, 135891480, 2015-10-17T12:02:25.000Z, RT @mescolarzamora: #Z16-10 Cumpliendo instruciones del Vice @LeonelParica Hoy Visita-inspección en la UEN Gral José Francisco Bermúdez. ht…
655353197729574912, 135891480, 2015-10-17T12:02:32.000Z, RT @ZonaEducMiranda: Cumpliendo instrucciones del Vice @LeonelParica Hoy Visita-inspección en la UEN Gral José Francisco Bermúdez.  https:/…
655368824380878848, 152749652, 2015-10-17T13:04:38.000Z, RT @mescolarzamora: #Z16-10 Cumpliendo instruciones del Vice @LeonelParica Hoy Visita-inspección en la UEN Gral José Francisco Bermúdez. ht…
655391237634170880, 3291142203, 2015-10-17T14:33:42.000Z, RT @mescolarzamora: #Z16-10 Cumpliendo instruciones del Vice @LeonelParica Hoy Visita-inspección en la UEN Gral José Francisco Bermúdez. ht…
655391260790927360, 3291142203, 2015-10-17T14:33:47.000Z, RT @mescolarzamora: #Z15-10 Hoy apoyando la visita de Corpoelect. UEN General José Francisco Bermúdez. @rodulfohumberto @WilliamsMacondo ht…
655449964248563712, 163492901, 2015-10-17T18:27:03.000Z, Algo asi, Abraham Martinez Bermudez  Mauro Discplay CA  Francisco Diaz  Ricardo José Montaña  Teofilo Saul... http://t.co/e54waqPVMC
655475035243720708, 612584462, 2015-10-17T20:06:41.000Z, .@Mercal_Sucre beneficia 355 familias con 3,98 tn de alimentos en Comunidades Democracia y José Francisco Bermúdez http://t.co/qGmbOB9H8V
655475563465981953, 3347482701, 2015-10-17T20:08:47.000Z, RT @MercalOficial: .@Mercal_Sucre beneficia 355 familias con 3,98 tn de alimentos en Comunidades Democracia y José Francisco Bermúdez http:…
655475942148734980, 1337757470, 2015-10-17T20:10:17.000Z, RT @MercalOficial: .@Mercal_Sucre beneficia 355 familias con 3,98 tn de alimentos en Comunidades Democracia y José Francisco Bermúdez http:…
655483494785773568, 1510892912, 2015-10-17T20:40:18.000Z, RT @MercalOficial: .@Mercal_Sucre beneficia 355 familias con 3,98 tn de alimentos en Comunidades Democracia y José Francisco Bermúdez http:…
655496599146098688, 3770609199, 2015-10-17T21:32:22.000Z, RT @MercalOficial: .@Mercal_Sucre beneficia 355 familias con 3,98 tn de alimentos en Comunidades Democracia y José Francisco Bermúdez http:…
655546505152077824, 3940680556, 2015-10-18T00:50:40.000Z, RT @MercalOficial: .@Mercal_Sucre beneficia 355 familias con 3,98 tn de alimentos en Comunidades Democracia y José Francisco Bermúdez http:…
655725206867156993, 139254925, 2015-10-18T12:40:46.000Z, RT @MercalOficial: .@Mercal_Sucre beneficia 355 familias con 3,98 tn de alimentos en Comunidades Democracia y José Francisco Bermúdez http:…
655762325148966912, 491946856, 2015-10-18T15:08:16.000Z, Los Centros de Votacion en la parroquia Santa Catalina y Macarapana : Liceo Jose Francisco Bermudez
655780291328548865, 227222085, 2015-10-18T16:19:39.000Z, ¡Francisco Jordán (@fjordanv) está disponible! http://t.co/OC4lLZmMVM Gracias a @YazminBoll @golsmedia @emma_bermudez
656039860680196096, 2188794080, 2015-10-19T09:31:06.000Z, El gobierno de Francisco Cea Bermúdez en 1832 http://t.co/7uDLf5qUQZ http://t.co/iFoE6uaWPD
656075202825207808, 1451862427, 2015-10-19T11:51:32.000Z, RT @MercalOficial: .@Mercal_Sucre beneficia 355 familias con 3,98 tn de alimentos en Comunidades Democracia y José Francisco Bermúdez http:…
656098021260816384, 3374157741, 2015-10-19T13:22:12.000Z, Cumpliendo instruciones del Vice @LeonelParica Hoy Visita-inspección en la UEN Gral José Francisco Bermúdez.  https://t.co/wwtjTkAMiT
656134601371492352, 1556506441, 2015-10-19T15:47:34.000Z, RT @MercalOficial: .@Mercal_Sucre beneficia 355 familias con 3,98 tn de alimentos en Comunidades Democracia y José Francisco Bermúdez http:…
656135569001598976, 1383128456, 2015-10-19T15:51:24.000Z, RT @MercalOficial: .@Mercal_Sucre beneficia 355 familias con 3,98 tn de alimentos en Comunidades Democracia y José Francisco Bermúdez http:…
656158746901684228, 347168614, 2015-10-19T17:23:30.000Z, Entrevista al alcalde de Siles, Francisco Javier Bermudez antes de inaugurar la presa. Tras 23 años de espera... http://t.co/uHR9nhTvsK
656331243919806464, 3192883154, 2015-10-20T04:48:57.000Z, francisco Javier gonzalez sera el nuevo jefe y podria regresar el perro bermudez
656594337975939072, 322153264, 2015-10-20T22:14:23.000Z, Reunión con el Dir. U.E Francisco Bermudez  Parroquia Alto de los Godos https://t.co/1jLWGVmN11
656596698110775297, 3305754707, 2015-10-20T22:23:46.000Z, RT @DPDMonagas: Reunión con el Dir. U.E Francisco Bermudez  Parroquia Alto de los Godos https://t.co/1jLWGVmN11
656739274386182144, 81081065, 2015-10-21T07:50:19.000Z, Artículo de Víctor Francisco Bermúdez: 'El 12-O no se celebra un genocidio' https://t.co/Gk0F8HV03K
656740211511185408, 2359570078, 2015-10-21T07:54:02.000Z, RT @cronicaglobal: Artículo de Víctor Francisco Bermúdez: 'El 12-O no se celebra un genocidio' https://t.co/Gk0F8HV03K
656749968049459201, 261234494, 2015-10-21T08:32:48.000Z, RT @cronicaglobal: Artículo de Víctor Francisco Bermúdez: 'El 12-O no se celebra un genocidio' https://t.co/Gk0F8HV03K
656790599245406208, 3318301090, 2015-10-21T11:14:16.000Z, RT @DPDMonagas: Reunión con el Dir. U.E Francisco Bermudez  Parroquia Alto de los Godos https://t.co/1jLWGVmN11
656831111897743361, 81081065, 2015-10-21T13:55:15.000Z, 'El 12-O no se celebra un genocidio', por Víctor Francisco Bermúdez https://t.co/JhtTGH9z1g
656834045507194880, 300511083, 2015-10-21T14:06:54.000Z, RT @cronicaglobal: 'El 12-O no se celebra un genocidio', por Víctor Francisco Bermúdez https://t.co/JhtTGH9z1g
656834289653436416, 3159029973, 2015-10-21T14:07:52.000Z, RT @cronicaglobal: 'El 12-O no se celebra un genocidio', por Víctor Francisco Bermúdez https://t.co/JhtTGH9z1g
656886732168810496, 261234494, 2015-10-21T17:36:15.000Z, RT @cronicaglobal: 'El 12-O no se celebra un genocidio', por Víctor Francisco Bermúdez https://t.co/JhtTGH9z1g
657266013713489920, 312883246, 2015-10-22T18:43:23.000Z, Francisco Javier González quiere de regreso al perro Bermúdez y a Luis Omar Tapia. ¡Agárrense!
657292679198437377, 2571981883, 2015-10-22T20:29:21.000Z, #Z22_10 Visita de la empresa de construcción y mantenimiento Alix C.S a la UEN General José Francisco Bermúdez. https://t.co/fBzTtlsu8d
657353790878781440, 3291142203, 2015-10-23T00:32:11.000Z, RT @mescolarzamora: #Z22_10 Visita de la empresa de construcción y mantenimiento Alix C.S a la UEN General José Francisco Bermúdez. https:/…
657561415914516480, 3374157741, 2015-10-23T14:17:13.000Z, Visita de la empresa de construcción y mantenimiento Alix C.S a la UEN General José Francisco Bermúdez https://t.co/W4rSMaeZnY
657573984360386560, 624891663, 2015-10-23T15:07:09.000Z, 24-10-1877, trasladaron los restos mortales del prócer José Francisco Bermúdez al Panteón Nacional. https://t.co/CsG24lJ537
657683367157100544, 481681977, 2015-10-23T22:21:48.000Z, Seguimos trabajando, gracias al Maestro Arturo Bermúdez Zurita, Secretario De Seguridad. Pública por el apoyo que... https://t.co/hW8dxVRyMh
657713491202052100, 404457461, 2015-10-24T00:21:30.000Z, OMAR EDUARDO FRANCO RAMIREZ  NESTOR MAURIICIO BERMUDEZ GONZALEZ  ANDREA LOPEZ TAPIA  FRANCISCO SOTO CERON
657759441316659200, 26778965, 2015-10-24T03:24:06.000Z, Batallones Blindados “G/J José Francisco Bermúdez, G/B Pedro León Torres y Bravos de Apure hace tres días con graves problemas o NO?
657759584543731712, 34635984, 2015-10-24T03:24:40.000Z, RT @estebangerbasi: Batallones Blindados “G/J José Francisco Bermúdez, G/B Pedro León Torres y Bravos de Apure hace tres días con graves pr…
657759625903783936, 108323122, 2015-10-24T03:24:50.000Z, RT @estebangerbasi: Batallones Blindados “G/J José Francisco Bermúdez, G/B Pedro León Torres y Bravos de Apure hace tres días con graves pr…
657759669964947456, 490450212, 2015-10-24T03:25:00.000Z, RT @estebangerbasi: Batallones Blindados “G/J José Francisco Bermúdez, G/B Pedro León Torres y Bravos de Apure hace tres días con graves pr…
657759775611080704, 998559379, 2015-10-24T03:25:25.000Z, RT @estebangerbasi: Batallones Blindados “G/J José Francisco Bermúdez, G/B Pedro León Torres y Bravos de Apure hace tres días con graves pr…
657759868862992384, 189686263, 2015-10-24T03:25:47.000Z, RT @estebangerbasi: Batallones Blindados “G/J José Francisco Bermúdez, G/B Pedro León Torres y Bravos de Apure hace tres días con graves pr…
657759879520755713, 114553996, 2015-10-24T03:25:50.000Z, RT @estebangerbasi: Batallones Blindados “G/J José Francisco Bermúdez, G/B Pedro León Torres y Bravos de Apure hace tres días con graves pr…
657759921795178496, 124035212, 2015-10-24T03:26:00.000Z, RT @estebangerbasi: Batallones Blindados “G/J José Francisco Bermúdez, G/B Pedro León Torres y Bravos de Apure hace tres días con graves pr…
657759944641531904, 3615513316, 2015-10-24T03:26:06.000Z, RT @estebangerbasi: Batallones Blindados “G/J José Francisco Bermúdez, G/B Pedro León Torres y Bravos de Apure hace tres días con graves pr…
657759947980218370, 138914912, 2015-10-24T03:26:06.000Z, RT @estebangerbasi: Batallones Blindados “G/J José Francisco Bermúdez, G/B Pedro León Torres y Bravos de Apure hace tres días con graves pr…
657759978942545920, 2404282207, 2015-10-24T03:26:14.000Z, RT @estebangerbasi: Batallones Blindados “G/J José Francisco Bermúdez, G/B Pedro León Torres y Bravos de Apure hace tres días con graves pr…
657760221738201092, 63818836, 2015-10-24T03:27:12.000Z, RT @estebangerbasi: Batallones Blindados “G/J José Francisco Bermúdez, G/B Pedro León Torres y Bravos de Apure hace tres días con graves pr…
657760244265828352, 483355371, 2015-10-24T03:27:17.000Z, RT @estebangerbasi: Batallones Blindados “G/J José Francisco Bermúdez, G/B Pedro León Torres y Bravos de Apure hace tres días con graves pr…
657760265832919040, 236592936, 2015-10-24T03:27:22.000Z, RT @estebangerbasi: Batallones Blindados “G/J José Francisco Bermúdez, G/B Pedro León Torres y Bravos de Apure hace tres días con graves pr…
657760459760803840, 206035863, 2015-10-24T03:28:08.000Z, RT @estebangerbasi: Batallones Blindados “G/J José Francisco Bermúdez, G/B Pedro León Torres y Bravos de Apure hace tres días con graves pr…
657760697338757121, 58976044, 2015-10-24T03:29:05.000Z, RT @estebangerbasi: Batallones Blindados “G/J José Francisco Bermúdez, G/B Pedro León Torres y Bravos de Apure hace tres días con graves pr…
657760747473248256, 142454810, 2015-10-24T03:29:17.000Z, RT @estebangerbasi: Batallones Blindados “G/J José Francisco Bermúdez, G/B Pedro León Torres y Bravos de Apure hace tres días con graves pr…
657761046950727680, 66391037, 2015-10-24T03:30:28.000Z, RT @estebangerbasi: Batallones Blindados “G/J José Francisco Bermúdez, G/B Pedro León Torres y Bravos de Apure hace tres días con graves pr…
657761065992912896, 2316336204, 2015-10-24T03:30:33.000Z, RT @estebangerbasi: Batallones Blindados “G/J José Francisco Bermúdez, G/B Pedro León Torres y Bravos de Apure hace tres días con graves pr…
657761193709408256, 141597150, 2015-10-24T03:31:03.000Z, RT @estebangerbasi: Batallones Blindados “G/J José Francisco Bermúdez, G/B Pedro León Torres y Bravos de Apure hace tres días con graves pr…
657761319387574272, 110580364, 2015-10-24T03:31:33.000Z, RT @estebangerbasi: Batallones Blindados “G/J José Francisco Bermúdez, G/B Pedro León Torres y Bravos de Apure hace tres días con graves pr…
657761936436785152, 1390791854, 2015-10-24T03:34:00.000Z, RT @estebangerbasi: Batallones Blindados “G/J José Francisco Bermúdez, G/B Pedro León Torres y Bravos de Apure hace tres días con graves pr…
657761999217106944, 440318497, 2015-10-24T03:34:15.000Z, RT @estebangerbasi: Batallones Blindados “G/J José Francisco Bermúdez, G/B Pedro León Torres y Bravos de Apure hace tres días con graves pr…
657762446451474432, 270086636, 2015-10-24T03:36:02.000Z, RT @estebangerbasi: Batallones Blindados “G/J José Francisco Bermúdez, G/B Pedro León Torres y Bravos de Apure hace tres días con graves pr…
657762663242559488, 149748270, 2015-10-24T03:36:54.000Z, RT @estebangerbasi: Batallones Blindados “G/J José Francisco Bermúdez, G/B Pedro León Torres y Bravos de Apure hace tres días con graves pr…
657763057326772224, 760788390, 2015-10-24T03:38:28.000Z, RT @estebangerbasi: Batallones Blindados “G/J José Francisco Bermúdez, G/B Pedro León Torres y Bravos de Apure hace tres días con graves pr…
657763284414832640, 3351248182, 2015-10-24T03:39:22.000Z, RT @estebangerbasi: Batallones Blindados “G/J José Francisco Bermúdez, G/B Pedro León Torres y Bravos de Apure hace tres días con graves pr…
657763327045718016, 119977079, 2015-10-24T03:39:32.000Z, RT @estebangerbasi: Batallones Blindados “G/J José Francisco Bermúdez, G/B Pedro León Torres y Bravos de Apure hace tres días con graves pr…
657763476551704577, 120625928, 2015-10-24T03:40:08.000Z, RT @estebangerbasi: Batallones Blindados “G/J José Francisco Bermúdez, G/B Pedro León Torres y Bravos de Apure hace tres días con graves pr…
657764533537259520, 120595027, 2015-10-24T03:44:20.000Z, RT @estebangerbasi: Batallones Blindados “G/J José Francisco Bermúdez, G/B Pedro León Torres y Bravos de Apure hace tres días con graves pr…
657764699694608384, 1308955110, 2015-10-24T03:44:59.000Z, RT @estebangerbasi: Batallones Blindados “G/J José Francisco Bermúdez, G/B Pedro León Torres y Bravos de Apure hace tres días con graves pr…
657766181613490180, 65767467, 2015-10-24T03:50:53.000Z, RT @estebangerbasi: Batallones Blindados “G/J José Francisco Bermúdez, G/B Pedro León Torres y Bravos de Apure hace tres días con graves pr…
657766464795996161, 17161102, 2015-10-24T03:52:00.000Z, RT @estebangerbasi: Batallones Blindados “G/J José Francisco Bermúdez, G/B Pedro León Torres y Bravos de Apure hace tres días con graves pr…
657766701564567552, 1090779115, 2015-10-24T03:52:57.000Z, RT @estebangerbasi: Batallones Blindados “G/J José Francisco Bermúdez, G/B Pedro León Torres y Bravos de Apure hace tres días con graves pr…
657766926593208321, 62957739, 2015-10-24T03:53:50.000Z, RT @estebangerbasi: Batallones Blindados “G/J José Francisco Bermúdez, G/B Pedro León Torres y Bravos de Apure hace tres días con graves pr…
657770201086345216, 88834058, 2015-10-24T04:06:51.000Z, RT @estebangerbasi: Batallones Blindados “G/J José Francisco Bermúdez, G/B Pedro León Torres y Bravos de Apure hace tres días con graves pr…
657775203032797185, 2277226992, 2015-10-24T04:26:43.000Z, RT @estebangerbasi: Batallones Blindados “G/J José Francisco Bermúdez, G/B Pedro León Torres y Bravos de Apure hace tres días con graves pr…
657776769408376832, 2333897834, 2015-10-24T04:32:57.000Z, RT @estebangerbasi: Batallones Blindados “G/J José Francisco Bermúdez, G/B Pedro León Torres y Bravos de Apure hace tres días con graves pr…
657776770268200969, 33135320, 2015-10-24T04:32:57.000Z, RT @estebangerbasi: Batallones Blindados “G/J José Francisco Bermúdez, G/B Pedro León Torres y Bravos de Apure hace tres días con graves pr…
657790909636067328, 321100972, 2015-10-24T05:29:08.000Z, RT @estebangerbasi: Batallones Blindados “G/J José Francisco Bermúdez, G/B Pedro León Torres y Bravos de Apure hace tres días con graves pr…
657794071260479488, 374489943, 2015-10-24T05:41:42.000Z, RT @estebangerbasi: Batallones Blindados “G/J José Francisco Bermúdez, G/B Pedro León Torres y Bravos de Apure hace tres días con graves pr…
657808543022784512, 202967200, 2015-10-24T06:39:12.000Z, RT @estebangerbasi: Batallones Blindados “G/J José Francisco Bermúdez, G/B Pedro León Torres y Bravos de Apure hace tres días con graves pr…
657842885409284096, 3067197709, 2015-10-24T08:55:40.000Z, RT @estebangerbasi: Batallones Blindados “G/J José Francisco Bermúdez, G/B Pedro León Torres y Bravos de Apure hace tres días con graves pr…
657857941714923520, 172535142, 2015-10-24T09:55:30.000Z, RT @estebangerbasi: Batallones Blindados “G/J José Francisco Bermúdez, G/B Pedro León Torres y Bravos de Apure hace tres días con graves pr…
657858175924838400, 919800662, 2015-10-24T09:56:26.000Z, RT @estebangerbasi: Batallones Blindados “G/J José Francisco Bermúdez, G/B Pedro León Torres y Bravos de Apure hace tres días con graves pr…
657858469349957632, 250319901, 2015-10-24T09:57:36.000Z, RT @estebangerbasi: Batallones Blindados “G/J José Francisco Bermúdez, G/B Pedro León Torres y Bravos de Apure hace tres días con graves pr…
657859209233604608, 481936732, 2015-10-24T10:00:32.000Z, RT @estebangerbasi: Batallones Blindados “G/J José Francisco Bermúdez, G/B Pedro León Torres y Bravos de Apure hace tres días con graves pr…
657859616248877056, 2952344800, 2015-10-24T10:02:09.000Z, RT @estebangerbasi: Batallones Blindados “G/J José Francisco Bermúdez, G/B Pedro León Torres y Bravos de Apure hace tres días con graves pr…
657901062674849792, 1663696130, 2015-10-24T12:46:51.000Z, Hace 138 años trasladaron los restos mortales del prócer José Francisco Bermúdez al #PanteónNacional. #FelizSabado #HoyHistoria
657903535040954368, 3067142053, 2015-10-24T12:56:40.000Z, RT @estebangerbasi: Batallones Blindados “G/J José Francisco Bermúdez, G/B Pedro León Torres y Bravos de Apure hace tres días con graves pr…
657903817728598016, 108719112, 2015-10-24T12:57:48.000Z, RT @estebangerbasi: Batallones Blindados “G/J José Francisco Bermúdez, G/B Pedro León Torres y Bravos de Apure hace tres días con graves pr…
657903903133016064, 406520176, 2015-10-24T12:58:08.000Z, RT @estebangerbasi: Batallones Blindados “G/J José Francisco Bermúdez, G/B Pedro León Torres y Bravos de Apure hace tres días con graves pr…
657903949723344896, 2948738356, 2015-10-24T12:58:19.000Z, RT @estebangerbasi: Batallones Blindados “G/J José Francisco Bermúdez, G/B Pedro León Torres y Bravos de Apure hace tres días con graves pr…
657904887330680832, 903030655, 2015-10-24T13:02:03.000Z, RT @estebangerbasi: Batallones Blindados “G/J José Francisco Bermúdez, G/B Pedro León Torres y Bravos de Apure hace tres días con graves pr…
657905092419592193, 49747617, 2015-10-24T13:02:51.000Z, RT @estebangerbasi: Batallones Blindados “G/J José Francisco Bermúdez, G/B Pedro León Torres y Bravos de Apure hace tres días con graves pr…
657905532825698304, 598621305, 2015-10-24T13:04:36.000Z, RT @estebangerbasi: Batallones Blindados “G/J José Francisco Bermúdez, G/B Pedro León Torres y Bravos de Apure hace tres días con graves pr…
657905697330470912, 1325542890, 2015-10-24T13:05:16.000Z, RT @pdazodemitierra: Hace 138 años trasladaron los restos mortales del prócer José Francisco Bermúdez al #PanteónNacional. #FelizSabado #Ho…
657906112348430336, 3955254977, 2015-10-24T13:06:55.000Z, RT @pdazodemitierra: Hace 138 años trasladaron los restos mortales del prócer José Francisco Bermúdez al #PanteónNacional. #FelizSabado #Ho…
657909648591319040, 2151596978, 2015-10-24T13:20:58.000Z, RT @hoyhistoria: 24-10-1877, trasladaron los restos mortales del prócer José Francisco Bermúdez al Panteón Nacional. https://t.co/CsG24lJ537
657909687996829696, 1230607328, 2015-10-24T13:21:07.000Z, RT @estebangerbasi: Batallones Blindados “G/J José Francisco Bermúdez, G/B Pedro León Torres y Bravos de Apure hace tres días con graves pr…
657911048301903872, 291725964, 2015-10-24T13:26:31.000Z, RT @hoyhistoria: 24-10-1877, trasladaron los restos mortales del prócer José Francisco Bermúdez al Panteón Nacional. https://t.co/CsG24lJ537
657912785548869632, 1045753364, 2015-10-24T13:33:26.000Z, RT @estebangerbasi: Batallones Blindados “G/J José Francisco Bermúdez, G/B Pedro León Torres y Bravos de Apure hace tres días con graves pr…
657916659559215104, 2327712896, 2015-10-24T13:48:49.000Z, RT @estebangerbasi: Batallones Blindados “G/J José Francisco Bermúdez, G/B Pedro León Torres y Bravos de Apure hace tres días con graves pr…
657918592546115584, 107030855, 2015-10-24T13:56:30.000Z, RT @estebangerbasi: Batallones Blindados “G/J José Francisco Bermúdez, G/B Pedro León Torres y Bravos de Apure hace tres días con graves pr…
657925050327289856, 311204987, 2015-10-24T14:22:10.000Z, RT @estebangerbasi: Batallones Blindados “G/J José Francisco Bermúdez, G/B Pedro León Torres y Bravos de Apure hace tres días con graves pr…
657928861628440576, 99355587, 2015-10-24T14:37:18.000Z, RT @estebangerbasi: Batallones Blindados “G/J José Francisco Bermúdez, G/B Pedro León Torres y Bravos de Apure hace tres días con graves pr…
657935811116187648, 111237738, 2015-10-24T15:04:55.000Z, RT @estebangerbasi: Batallones Blindados “G/J José Francisco Bermúdez, G/B Pedro León Torres y Bravos de Apure hace tres días con graves pr…
657937836537217024, 107618069, 2015-10-24T15:12:58.000Z, RT @estebangerbasi: Batallones Blindados “G/J José Francisco Bermúdez, G/B Pedro León Torres y Bravos de Apure hace tres días con graves pr…
657939119432183809, 335718998, 2015-10-24T15:18:04.000Z, RT @estebangerbasi: Batallones Blindados “G/J José Francisco Bermúdez, G/B Pedro León Torres y Bravos de Apure hace tres días con graves pr…
657941841032167424, 855309374, 2015-10-24T15:28:53.000Z, @JorgeArrietaFM 24-10-1877, trasladaron los restos mortales del prócer José Francisco Bermúdez al Panteón Nacional.
657951989117140994, 428200761, 2015-10-24T16:09:13.000Z, RT @estebangerbasi: Batallones Blindados “G/J José Francisco Bermúdez, G/B Pedro León Torres y Bravos de Apure hace tres días con graves pr…
657953542792196096, 1535202696, 2015-10-24T16:15:23.000Z, RT @estebangerbasi: Batallones Blindados “G/J José Francisco Bermúdez, G/B Pedro León Torres y Bravos de Apure hace tres días con graves pr…
657958692697063424, 2962321851, 2015-10-24T16:35:51.000Z, RT @estebangerbasi: Batallones Blindados “G/J José Francisco Bermúdez, G/B Pedro León Torres y Bravos de Apure hace tres días con graves pr…
657961818279780353, 2379583170, 2015-10-24T16:48:16.000Z, RT @estebangerbasi: Batallones Blindados “G/J José Francisco Bermúdez, G/B Pedro León Torres y Bravos de Apure hace tres días con graves pr…
657973746825830400, 113798685, 2015-10-24T17:35:40.000Z, RT @estebangerbasi: Batallones Blindados “G/J José Francisco Bermúdez, G/B Pedro León Torres y Bravos de Apure hace tres días con graves pr…
657984942744457216, 3368030368, 2015-10-24T18:20:09.000Z, RT @estebangerbasi: Batallones Blindados “G/J José Francisco Bermúdez, G/B Pedro León Torres y Bravos de Apure hace tres días con graves pr…
657985209816784896, 117214947, 2015-10-24T18:21:13.000Z, RT @estebangerbasi: Batallones Blindados “G/J José Francisco Bermúdez, G/B Pedro León Torres y Bravos de Apure hace tres días con graves pr…
657985318835134469, 2718296208, 2015-10-24T18:21:39.000Z, RT @estebangerbasi: Batallones Blindados “G/J José Francisco Bermúdez, G/B Pedro León Torres y Bravos de Apure hace tres días con graves pr…
657990557550190592, 1921306808, 2015-10-24T18:42:28.000Z, RT @estebangerbasi: Batallones Blindados “G/J José Francisco Bermúdez, G/B Pedro León Torres y Bravos de Apure hace tres días con graves pr…
657994824184930304, 243454998, 2015-10-24T18:59:25.000Z, RT @estebangerbasi: Batallones Blindados “G/J José Francisco Bermúdez, G/B Pedro León Torres y Bravos de Apure hace tres días con graves pr…
657999231899324418, 124797524, 2015-10-24T19:16:56.000Z, RT @estebangerbasi: Batallones Blindados “G/J José Francisco Bermúdez, G/B Pedro León Torres y Bravos de Apure hace tres días con graves pr…
657999823740760064, 334597093, 2015-10-24T19:19:17.000Z, RT @estebangerbasi: Batallones Blindados “G/J José Francisco Bermúdez, G/B Pedro León Torres y Bravos de Apure hace tres días con graves pr…
658003606268985345, 560468293, 2015-10-24T19:34:19.000Z, RT @pdazodemitierra: Hace 138 años trasladaron los restos mortales del prócer José Francisco Bermúdez al #PanteónNacional. #FelizSabado #Ho…
658004999704834048, 49803073, 2015-10-24T19:39:51.000Z, RT @estebangerbasi: Batallones Blindados “G/J José Francisco Bermúdez, G/B Pedro León Torres y Bravos de Apure hace tres días con graves pr…
658009001221865472, 230476880, 2015-10-24T19:55:45.000Z, RT @estebangerbasi: Batallones Blindados “G/J José Francisco Bermúdez, G/B Pedro León Torres y Bravos de Apure hace tres días con graves pr…
658011883316887552, 156112108, 2015-10-24T20:07:12.000Z, RT @estebangerbasi: Batallones Blindados “G/J José Francisco Bermúdez, G/B Pedro León Torres y Bravos de Apure hace tres días con graves pr…
658013248923549697, 490858252, 2015-10-24T20:12:38.000Z, RT @estebangerbasi: Batallones Blindados “G/J José Francisco Bermúdez, G/B Pedro León Torres y Bravos de Apure hace tres días con graves pr…
658018888936984579, 146572269, 2015-10-24T20:35:03.000Z, RT @estebangerbasi: Batallones Blindados “G/J José Francisco Bermúdez, G/B Pedro León Torres y Bravos de Apure hace tres días con graves pr…
658034195877490689, 111181031, 2015-10-24T21:35:52.000Z, RT @estebangerbasi: Batallones Blindados “G/J José Francisco Bermúdez, G/B Pedro León Torres y Bravos de Apure hace tres días con graves pr…
658070181856595968, 109342569, 2015-10-24T23:58:52.000Z, RT @estebangerbasi: Batallones Blindados “G/J José Francisco Bermúdez, G/B Pedro León Torres y Bravos de Apure hace tres días con graves pr…
658092507629273088, 198321099, 2015-10-25T01:27:35.000Z, RT @estebangerbasi: Batallones Blindados “G/J José Francisco Bermúdez, G/B Pedro León Torres y Bravos de Apure hace tres días con graves pr…
658095453347663877, 881349366, 2015-10-25T01:39:17.000Z, RT @estebangerbasi: Batallones Blindados “G/J José Francisco Bermúdez, G/B Pedro León Torres y Bravos de Apure hace tres días con graves pr…
658105053602062336, 114587926, 2015-10-25T02:17:26.000Z, RT @estebangerbasi: Batallones Blindados “G/J José Francisco Bermúdez, G/B Pedro León Torres y Bravos de Apure hace tres días con graves pr…
658130010411257856, 194712848, 2015-10-25T03:56:36.000Z, RT @estebangerbasi: Batallones Blindados “G/J José Francisco Bermúdez, G/B Pedro León Torres y Bravos de Apure hace tres días con graves pr…
658390045401989120, 1588704386, 2015-10-25T21:09:53.000Z, – Fabian Peralta &amp; Josefina Bermudez Avila – Aoniken Quiroga &amp; Alejandra Mantinan – Francisco Forquera &amp; Melina... https://t.co/vv1CsdgbHX
658645772024442880, 475895705, 2015-10-26T14:06:03.000Z, Click here to support Ravens Cadet Nationals Fundraiser by Francisco Bermudez https://t.co/Wa2Zddac0P
658774032897155072, 277562069, 2015-10-26T22:35:43.000Z, Francisco Bermúdez G is now following me on Twitter! https://t.co/kXTs2qacJ9
658808010685423616, 3004119399, 2015-10-27T00:50:44.000Z, Cierre De Elecciones De Voceros Por Año.L.B.N "General Jose Francisco Bermudez" https://t.co/7TMTqTmUWI
659079659859103744, 1382247630, 2015-10-27T18:50:10.000Z, @MQuevedoF General, lo estamos esperando en el Liceo José Francisco Bermudez del Rodeo, La vice Min Gisela Toro nos inf q BNBT se encargaria
659107626857312256, 2651605025, 2015-10-27T20:41:18.000Z, #Z27_10 @mescolarzamora  formación: planificación por proyectos y uso de las tics en la UEN Jose Francisco Bermudez https://t.co/QQUV5tx8gz
659128883548155904, 3329137354, 2015-10-27T22:05:46.000Z, RT @bocguz: #Z27_10 @mescolarzamora  formación: planificación por proyectos y uso de las tics en la UEN Jose Francisco Bermudez https://t.c…
659290498809614336, 774172070, 2015-10-28T08:47:58.000Z, #TalDiaComoHoy nacieron San Francisco de Borja, San Estanislao Kostka, Francisco Cea Bermúdez, Valle-Inclán, B. Ecclestone, Garrincha (I)
659775454145069056, 1303551115, 2015-10-29T16:55:00.000Z, #PlanMunicipalDeASfaltoBermudez2015 llega a calle José Francisco Bermúdez donde se colocaran más de 500 toneladas de asfalto @JulioRPSUV
659775454212136960, 1732387357, 2015-10-29T16:55:00.000Z, #PlanMunicipalDeASfaltoBermudez2015 llega a calle José Francisco Bermúdez donde se colocaran más de 500 toneladas de asfalto @JulioRPSUV
659775454749073408, 66455867, 2015-10-29T16:55:01.000Z, #PlanMunicipalDeASfaltoBermudez2015 llega a calle José Francisco Bermúdez donde se colocaran más de 500 toneladas de asfalto @JulioRPSUV
659775455227154432, 2416393700, 2015-10-29T16:55:01.000Z, #PlanMunicipalDeASfaltoBermudez2015 llega a calle José Francisco Bermúdez donde se colocaran más de 500 toneladas de asfalto @JulioRPSUV
659817734176415745, 2510880620, 2015-10-29T19:43:01.000Z, ,#NoSeLoDigasANadie Celebrando los 15años de Infocentro células los hijos de Paria y José Francisco Bermúdez—  Sucre https://t.co/I77VkmYRXf
660162105379856385, 1273763233, 2015-10-30T18:31:25.000Z, @ANDRESAR16 @BDPTV LAS fue Senador y Haya Presidente de la Constituyente q firmó y autorizo el dictador Francisco Morales Bermudez
660344172084260865, 3184539097, 2015-10-31T06:34:53.000Z, Lic.Francisco Javier Bermúdez Almada Delegado Regional del IMSS, en B.C.S. francisco.bermudez@im... https://t.co/anEs9CrTqV vía @Change_Mex
660348727966588928, 201423540, 2015-10-31T06:53:00.000Z, Lic. Francisco Javier Bermúdez Almada Delegado Regional del IMSS, en B.C.S. francisco.bermudez@im... https://t.co/sQMUfcHSiP vía @Change_Mex
660633583556698112, 156764829, 2015-11-01T01:44:54.000Z, RT @DPDMonagas: Reunión con el Dir. U.E Francisco Bermudez  Parroquia Alto de los Godos https://t.co/1jLWGVmN11
