id, author_id, created_at, text
769673390428786688, 988503090, 2016-08-27T23:10:10.000Z, #RIP Yonatan Daniel Aguilar. And prayers for his mother. #AnInnocentLittleBoy | https://t.co/iVJZiN6IUJ by @LAcrimes &amp; @haileybranson
770488645837004800, 290312127, 2016-08-30T05:09:42.000Z, RT @jwbidwell: #RIP Yonatan Daniel Aguilar. And prayers for his mother. #AnInnocentLittleBoy | https://t.co/iVJZiN6IUJ by @LAcrimes &amp; @hail…
770652249307553793, 57211570, 2016-08-30T15:59:48.000Z, THIS IS A TRAVESTY BY THE LOS ANGELES SOCIAL SERVICES, EDUCATION &amp; LAW ENFORCEMENT SYSTEMS. 🌾YONATAN DANIEL AGUILAR🌾 https://t.co/pZ4VC8EaHO
770656228326318081, 57211570, 2016-08-30T16:15:37.000Z, A TRAVESTY &amp; FAILURE BY LOS ANGELES SCHOOLS, SOCIAL SERVICES AND LAW ENFORCEMENT SYSTEMS. 🌾YONATAN DANIEL AGUILAR🌾 https://t.co/pV2WrgxNKI
770681831846838272, 57211570, 2016-08-30T17:57:21.000Z, @adrianachavira YONATAN DANIEL AGUILAR is dead because he "fell through the cracks". That is not acceptable.
