id, author_id, created_at, text
1496632277937254402, 1263940632143212544, 2022-02-23T23:45:15.000Z, Please help my family in these tough times anything helps                                             https://t.co/vosKANzSwz
1496635916416286723, 2237139552, 2022-02-23T23:59:43.000Z, RT @Zoo_Manny: Please help my family in these tough times anything helps                                             https://t.co/vosKANzSwz
1496641594887323653, 1263940632143212544, 2022-02-24T00:22:17.000Z, RT @Zoo_Manny: Please help my family in these tough times anything helps                                             https://t.co/vosKANzSwz
1496643159643676675, 919779856874741761, 2022-02-24T00:28:30.000Z, RT @Zoo_Manny: Please help my family in these tough times anything helps                                             https://t.co/vosKANzSwz
1496650186143285257, 1089621475399593984, 2022-02-24T00:56:25.000Z, anything &amp; everything is appreciated, rip tio 🕊  Funeral expensive for Efrain Sobampo https://t.co/8atpuRah0F
1496656845242613767, 24544536, 2022-02-24T01:22:53.000Z, RT @Zoo_Manny: Please help my family in these tough times anything helps                                             https://t.co/vosKANzSwz
1496656894059896832, 24038702, 2022-02-24T01:23:04.000Z, RT @Zoo_Manny: Please help my family in these tough times anything helps                                             https://t.co/vosKANzSwz
1496658239005474818, 875130619, 2022-02-24T01:28:25.000Z, RT @Zoo_Manny: Please help my family in these tough times anything helps                                             https://t.co/vosKANzSwz
1496730800263352323, 1075120103451062272, 2022-02-24T06:16:45.000Z, RT @_myamartinezz: anything &amp; everything is appreciated, rip tio 🕊  Funeral expensive for Efrain Sobampo https://t.co/8atpuRah0F
1496971592177381415, 53164181, 2022-02-24T22:13:34.000Z, RT @Zoo_Manny: Please help my family in these tough times anything helps                                             https://t.co/vosKANzSwz
1496973145948909591, 1230990756065624064, 2022-02-24T22:19:45.000Z, RT @Zoo_Manny: Please help my family in these tough times anything helps                                             https://t.co/vosKANzSwz
1499028456474316803, 1478134914558017537, 2022-03-02T14:26:49.000Z, RT @Zoo_Manny: Please help my family in these tough times anything helps                                             https://t.co/vosKANzSwz
