id, author_id, created_at, text
1000203245988581377, 142436803, 2018-05-26T02:33:31.000Z, @Alejo_Tabares @sergio_fajardo Según quién?
1000206730943451136, 142436803, 2018-05-26T02:47:22.000Z, @Alejo_Tabares @sergio_fajardo La denuncia la saco la veeduría Nacional no la Contraloría y la PGN también investigo sobre el tema y lo absolvió por qué no tubo pruebas.
1000208095258259456, 142436803, 2018-05-26T02:52:47.000Z, @Alejo_Tabares @sergio_fajardo Pues la actual PGN lo exoneró. https://t.co/1TP3Asoc4A
1000209351838257152, 142436803, 2018-05-26T02:57:47.000Z, @Alejo_Tabares @sergio_fajardo Eso es detrimento patrimonial y era por eso que la PGN lo investigo en 2016 y lo exoneró a inicios de este año.
1000210593444515841, 142436803, 2018-05-26T03:02:43.000Z, @Alejo_Tabares @sergio_fajardo Incluso según el portal la silla paisa a corte de 2017 no existio ninguna investigación de la Contraloría.
1000212120112369665, 142436803, 2018-05-26T03:08:47.000Z, @Alejo_Tabares @sergio_fajardo Pero ya le contesté. Me habla que la Contraloría lo investigo cuando no es asi, ni siquiera tiene investigaciones por el tema.
1000213054477479936, 142436803, 2018-05-26T03:12:29.000Z, @Alejo_Tabares @sergio_fajardo Cuando hay gastos excesivos la contraloria actúa y abre investigación. Como se lo dije la verdura que denunció esos gastos excesivos denunciaron el caso a la PGN donde lo exoneró.
1000877414132699137, 179303628, 2018-05-27T23:12:25.000Z, @Alejo_Tabares @sergio_fajardo @ClaudiaLopez Jajajajaja, eso es absolutamente precioso!!!
1003496823615623168, 40791312, 2018-06-04T04:41:01.000Z, @juancastroMDP marcelo penta, sergio matinella y tabares, esos baldoseros si se pueden ver.
