id, author_id, created_at, text
1155968318303395842, 516635515, 2019-07-29T22:28:18.000Z, Younger sister of Azucena ‘Susie’ Lepe - killed at a North Hollywood gas station - said Zaragoza stalked her. She said they dated briefly about a year ago. @KNX1070 https://t.co/gVd99rrLRf
1155969391537692680, 18149465, 2019-07-29T22:32:34.000Z, RT @KNXmargaret: Younger sister of Azucena ‘Susie’ Lepe - killed at a North Hollywood gas station - said Zaragoza stalked her. She said the…
1156334689537232896, 3018408120, 2019-07-30T22:44:08.000Z, Fundraiser tomorrow for Susie (Azucena) Lepe at @TequilasBurbank She was killed in a shooting rampage. She leaves behind 4 children. We will donate 15% of your check. #azucenalepe #susielepe #shootingvictim #fundraiser #tequilascantinaandgrill #tequilasburbank  #shootingspree https://t.co/v064ldVHHo
1156375086951124992, 16898660, 2019-07-31T01:24:39.000Z, RT @RetroDairyMart: Fundraiser tomorrow for Susie (Azucena) Lepe at @TequilasBurbank She was killed in a shooting rampage. She leaves behin…
1156417372170985472, 796788914518368256, 2019-07-31T04:12:41.000Z, RT @RetroDairyMart: Fundraiser tomorrow for Susie (Azucena) Lepe at @TequilasBurbank She was killed in a shooting rampage. She leaves behin…
1156712049402974208, 3018408120, 2019-07-31T23:43:37.000Z, Stop by today and support our fundraiser @TequilasBurbank for Susie (Azucena) Lepe, a mother and victim of a shooting rampage. 15% of your check will be donated to her family.  Sending prayers to the Lepe family. #susielepe #azucenalepe #prayers https://t.co/9hRm0qU034
1156915451009482753, 3018408120, 2019-08-01T13:11:52.000Z, Thank you to all our customers, staff and the Lepe family. We appreciate everyone’s support @TequilasBurbank May Susie (Azucena) Lepe Rest In Peace. Continued prayers for the Lepe familia. 🙏🏽 #susieazucenalepe #restinpeace #prayers https://t.co/NZgxIV2o62
