id, author_id, created_at, text
976625018166829056, 3439076600, 2018-03-22T01:02:03.000Z, "Cada canción, cada interpretación y cada show de Roberto Carlos fueron importantes fuentes de inspiración para varias generaciones!"
976644030930018309, 414534515, 2018-03-22T02:17:36.000Z, Esto me recordó ai buen amigo y colega Roberto Fuentes. Saludos mi Rober. https://t.co/xyJ0RtdmTG
976832296904024064, 3385048329, 2018-03-22T14:45:42.000Z, Roberto Abramowitz: Fuentes a ESPN: Ibrahimovic llega al Galaxy https://t.co/ZzJt2kGXvC | Va en contra de la nueva tendencia de la MLS, pero a ver qué le queda en el tanque. AQUÍ VIENE ZLATAN 🦁  Ibrahimovic sellará esta semana su llegada al Galaxy https://t.co/ZzJt2kGXvC
976877152711868417, 960829020085673985, 2018-03-22T17:43:57.000Z, @glorialasso Cabo Miguel Guerrero, FPMR Cabo Gerardo Rebolledo, FPMR Cabo Cardenio Hernández, FPMR Cabo Pablo Silva, FPMR Cabo Roberto Rosales, FPMR Jaime Guzmán Cabo Luis Fuentes Sargento Inostroza Comandante Roger Vergara Gral Carol Urzúa Cabo Carlos Rivero Cabo José Aguayo
976880435597926401, 960829020085673985, 2018-03-22T17:57:00.000Z, @glorialasso Suboficial Alejandro Avendaño Sargento René Lara Mario Pérez Correa, civil Simón Yévenes, civil Jorge Campos, civil Fernando Parra, civil Subte Eduardo Tamayo Cdte Roberto Fuentes Crel Luis Fontaine Víctor Valenzuela Anita Schlager Marcos Villegas Tatiana Navarro GabrielaCastillo
976924836055453697, 960829020085673985, 2018-03-22T20:53:25.000Z, @FridaSiKahlo Suboficial Alejandro Avendaño Sargento René Lara Mario Pérez Correa, civil Simón Yévenes, civil Jorge Campos, civil Fernando Parra, civil Subte Eduardo Tamayo Cdte Roberto Fuentes Crel Luis Fontaine Víctor Valenzuela Anita Schlager Marcos Villegas Tatiana Navarro GabrielaCastillo
976924946105536512, 960829020085673985, 2018-03-22T20:53:52.000Z, @FridaSiKahlo Cabo Miguel Guerrero, FPMR Cabo Gerardo Rebolledo, FPMR Cabo Cardenio Hernández, FPMR Cabo Pablo Silva, FPMR Cabo Roberto Rosales, FPMR Jaime Guzmán Cabo Luis Fuentes Sargento Inostroza Comandante Roger Vergara Gral Carol Urzúa Cabo Carlos Rivero Cabo José Aguayo
976926273011441664, 138151954, 2018-03-22T20:59:08.000Z, ROBERTO HELIO FUENTES 😡😡 https://t.co/FG0xi33ILJ
976977671493054464, 561386092, 2018-03-23T00:23:22.000Z, @Expect_theworst I wonder what else Roberto Fuentes sells
977152822264418305, 861853615279026176, 2018-03-23T11:59:22.000Z, Convocados equipos Seniors para el partido de hoy en los Corrales:        Victor ◦Antonio rueda  ◦Sebastian ◦Raül ◦Alvaro ◦Moya ◦Roberto ◦Pablo ◦Ostos ◦Roti ◦Peri ◦Fuentes ◦Alex ◦Dani ◦Nico ◦Manolo ◦J mari ◦Jesusillo
977152974446387200, 1860737407, 2018-03-23T11:59:58.000Z, RT @BadolatosaCFS17: Convocados equipos Seniors para el partido de hoy en los Corrales:        Victor ◦Antonio rueda  ◦Sebastian ◦Raül ◦Alv…
977153989799305217, 483966528, 2018-03-23T12:04:00.000Z, RT @BadolatosaCFS17: Convocados equipos Seniors para el partido de hoy en los Corrales:        Victor ◦Antonio rueda  ◦Sebastian ◦Raül ◦Alv…
977171655616335872, 1036962565, 2018-03-23T13:14:12.000Z, @MashiRoberto Hola Roberto, no es una conclusión mía. Hay varias fuentes, el informe de la OIT, el resultado de los estudios actuariales y la información de muchos expertos, por ejemplo, Carmen Corral, Marco Proaño, todos coinciden en que la política de Correa no era sostenible en el tiempo.
977177894589001730, 257186141, 2018-03-23T13:38:59.000Z, Mira que yo a estos “confidenciales”, tanto a este como (sobre todo) a ECD los pongo siempre en cuarentena cuando leo algo. No en vano tienen en nómina al mayor experto en inventarse datos sin dar sus fuentes pero siempre muy exaltado: Roberto Centeno.
977180727497412608, 71595373, 2018-03-23T13:50:15.000Z, Esta mañana en Macul, el equipo forma con Miguel Pinto; Alejandro Márquez, Bastián San Juan, Albert Acevedo y Roberto Cereceda; Juan Fuentes, Matías Vera y Hugo Herrera; Pedro Muñoz, Nicolás Mazzola y Fabián Hormazábal   #SomosIncondicionales https://t.co/9gPvYgLuJE
977180815963586565, 3051565975, 2018-03-23T13:50:36.000Z, RT @OHigginsoficial: Esta mañana en Macul, el equipo forma con Miguel Pinto; Alejandro Márquez, Bastián San Juan, Albert Acevedo y Roberto…
977180850180718592, 957747464764887041, 2018-03-23T13:50:44.000Z, RT @OHigginsoficial: Esta mañana en Macul, el equipo forma con Miguel Pinto; Alejandro Márquez, Bastián San Juan, Albert Acevedo y Roberto…
977181197687230464, 536126205, 2018-03-23T13:52:07.000Z, RT @OHigginsoficial: Esta mañana en Macul, el equipo forma con Miguel Pinto; Alejandro Márquez, Bastián San Juan, Albert Acevedo y Roberto…
977186636936155136, 2962320321, 2018-03-23T14:13:44.000Z, RT @OHigginsoficial: Esta mañana en Macul, el equipo forma con Miguel Pinto; Alejandro Márquez, Bastián San Juan, Albert Acevedo y Roberto…
977194548039319552, 2431363704, 2018-03-23T14:45:10.000Z, RT @OHigginsoficial: Esta mañana en Macul, el equipo forma con Miguel Pinto; Alejandro Márquez, Bastián San Juan, Albert Acevedo y Roberto…
977194575407255557, 348682547, 2018-03-23T14:45:16.000Z, Las cinco mordazas del periodismo por Roberto Fuentes Vivar  (...) dieron a conocer datos e informes que demuestran que el periodismo en México está cada vez más sujeto a diferentes tipos de mordazas...  Columna completa en: https://t.co/0eGxxV1z52 https://t.co/YVrobFHV1D
977215256895410176, 67650638, 2018-03-23T16:07:27.000Z, Las cinco mordazas del periodismo  (Roberto Fuentes) https://t.co/vtYF9NGtOX
977226185909383173, 711043070549217280, 2018-03-23T16:50:53.000Z, RT @andreselopeze: @MashiRoberto Hola Roberto, no es una conclusión mía. Hay varias fuentes, el informe de la OIT, el resultado de los estu…
977324659074101248, 931200482260942848, 2018-03-23T23:22:11.000Z, RT @andreselopeze: @MashiRoberto Hola Roberto, no es una conclusión mía. Hay varias fuentes, el informe de la OIT, el resultado de los estu…
977356934650191872, 202824247, 2018-03-24T01:30:26.000Z, @TSEElSalvador confirma que ya deliberó sobre urna 9140 de San Vicente. Según fuentes del TSE se otorgó curul a Roberto Angulo del PCN. #Ampliaremos https://t.co/QwTMmW3Vlz
977357361257091072, 3227166102, 2018-03-24T01:32:08.000Z, RT @ElMundoSV: @TSEElSalvador confirma que ya deliberó sobre urna 9140 de San Vicente. Según fuentes del TSE se otorgó curul a Roberto Angu…
977493416807452672, 243264333, 2018-03-24T10:32:46.000Z, RT @ElMundoSV: @TSEElSalvador confirma que ya deliberó sobre urna 9140 de San Vicente. Según fuentes del TSE se otorgó curul a Roberto Angu…
977508742458732544, 64935254, 2018-03-24T11:33:40.000Z, RT @Jaime_Fuentes_T: Hablar con Nestor Roberto siempre es bueno. Te hace ver las mierdas deprimentes de una manera tan divertida.
977561700638568448, 44043759, 2018-03-24T15:04:06.000Z, 4 of 5 stars to Algo malo dentro de mí by Fuentes Roberto https://t.co/hTzcbC92w7
977565444595945472, 177734181, 2018-03-24T15:18:58.000Z, RT @BosqueInvierno: 4 of 5 stars to Algo malo dentro de mí by Fuentes Roberto https://t.co/hTzcbC92w7
977595254495784960, 2806833871, 2018-03-24T17:17:26.000Z, La MEMORIA colectiva es una construcción permanente... Gracias Compañera Alicia Silvia Rodríguez por tu aporte!!! En Juan N Fernandez, Roberto Ibañez PRESENTE AHORA Y SIEMPRE!!! En Claraz, Amilcar y Edgardo Fuentes PRESENTES AHORA Y SIEMPRE!!!!!
977629214294896645, 1276512956, 2018-03-24T19:32:22.000Z, CON UN PIE A FUERA DIRECTOR DEL SECTOR SALUD.  Desde el interior del GORESAM, se anuncia cambios en el sector salud de Juanjui. Según nuestras fuentes hasta fines de marzo estaría en el cargo Roberto Carlos... https://t.co/cHYByDc8pP
977658395548377088, 2445319092, 2018-03-24T21:28:20.000Z, CHIPCOUNT  José Fuentes - 1.346.000  Ángel Salvador - 1.164.000  Pablo Canals - 1.155.000  David Jiménez - 1.149.000  Miguel Ángel Rojo - 1.129.000  Francisco José Garri - 982.000  Roberto Carlos García - 936.000  Emilio Manuel Molina - 840.000
977889245942702080, 520912795, 2018-03-25T12:45:39.000Z, RT @andreselopeze: @MashiRoberto Hola Roberto, no es una conclusión mía. Hay varias fuentes, el informe de la OIT, el resultado de los estu…
977938112092557313, 176979194, 2018-03-25T15:59:49.000Z, La tecnología amenaza muchas fuentes de trabajo https://t.co/Q4DQv5K9Z5 #LosEntretelonesDeLaCasaDeGobierno #ÚnicoAcreditadoPorDécadas #LasParedesDeLaRosadaEscuchan #YDespuésSeLoCuentanAlTano por Roberto Di Sandro https://t.co/7pDV1cas34
977939233238323202, 880535657248149508, 2018-03-25T16:04:17.000Z, RT @cronicaweb: La tecnología amenaza muchas fuentes de trabajo https://t.co/Q4DQv5K9Z5 #LosEntretelonesDeLaCasaDeGobierno #ÚnicoAcreditado…
977949172589629441, 391619087, 2018-03-25T16:43:46.000Z, RT @cronicaweb: La tecnología amenaza muchas fuentes de trabajo https://t.co/Q4DQv5K9Z5 #LosEntretelonesDeLaCasaDeGobierno #ÚnicoAcreditado…
977965993166336000, 433234155, 2018-03-25T17:50:37.000Z, Ole vuestros huevos @cp_valdivia Roberto, Serván, David, Adri, Loren, etc. Seguíd así que se puede conseguir. Vaya 3 puntazos que os traéis hoy de Sierra De Fuentes.
977990988663844864, 224073436, 2018-03-25T19:29:56.000Z, RT @cronicaweb: La tecnología amenaza muchas fuentes de trabajo https://t.co/Q4DQv5K9Z5 #LosEntretelonesDeLaCasaDeGobierno #ÚnicoAcreditado…
977992565529219072, 59912753, 2018-03-25T19:36:12.000Z, Susana Fernández Zoila Orellana Erica de la O Nancy Lizcano Contreras Roberto Hernández Clarita Ivonne Pérez Xiomara Niño Fuentes Marco Antonio Ontiveros   ;) https://t.co/c3hgwSydVV
978101889807024129, 782411399402323968, 2018-03-26T02:50:37.000Z, @Info_Crema @Universitario - Dimas Zegarra - H. H. Ballesteros - Nicolás Fuentes - Héctor Chumpitaz - José Fernández - Fernando Cuéllar - Leo Rojas - Luis Cruzado - José Carranza - Rainer Torres - Roberto Challe - Alberto Terry - Germán Leguía - Jorge Nunes - Percy Rojas - J. J. Oré - Daniel Ruiz - Lolo
978105118192218113, 904774621500669957, 2018-03-26T03:03:27.000Z, declaraciones del buen guarda meta del Peñarol de Acomayo  Fuentes Falcón.. que hoy entrego su valla invicta felicitaciones https://t.co/qvXidXkUcF
978250026949496832, 498215299, 2018-03-26T12:39:16.000Z, SUB-19: Deportes Santa Cruz 2-5 Rangers Goles: Nicolás Plaza, Matías Quintanilla DSC; Roberto Castro x2, Nicolás Ortuya, Diego Fuentes, Bryan Reyes RAN
978296214792830977, 348682547, 2018-03-26T15:42:48.000Z, Medios: dueños ricos, #periodistas pobres/2 por Roberto Fuentes Vivar (...) el informe #MOM dio a conocer que el salario promedio de los #periodistas se ha reducido en cuatro años de 7 mil pesos a 4 mil 560 pesos mensuales, en promedio Columna completa en: https://t.co/mW2Rzvox8m https://t.co/KZEgQtZXUS
978331372950519811, 204457652, 2018-03-26T18:02:30.000Z, No te pierdas Diario Ejecutivo, una columna de Roberto Fuentes Vivar https://t.co/h4atWGiSwO
978387436177973249, 866688519313522689, 2018-03-26T21:45:17.000Z, RT @CarmenSanCarlos: @AntonioGarPas @aena @el_pais @alvizlo @HidroSostenible @progrifo @greendreambug @fomentogob @Roberto_R_R @juralde @Sa…
978394557200117761, 199667065, 2018-03-26T22:13:34.000Z, Hoy a las 10 en @adnradiochile, Roberto Fuentes conversa con Pancho Mouat y conmigo en el programa Entre líneas.
978413887249842176, 564667141, 2018-03-26T23:30:23.000Z, #AlgoMaloDentroDeMí de Roberto Fuentes también está disponible en formato digital ¡No se lo pierdan! Consíguelo aquí: - Amazon ➡️ https://t.co/X40B7kZSJP - Google Play ➡️ https://t.co/sRyWXhkrNV https://t.co/KHoFl2HBeY
978421341912104960, 78058372, 2018-03-27T00:00:00.000Z, Para el canciller Roberto Ampuero, Bolivia argumentó y no hizo más que “victimizarse” mientras que la académica Astrid Espaliat señalo que fue una apelación a fuentes del derecho internacional, argumentos históricos y emocionales.  https://t.co/XG1y7khZdh
978431419390275586, 4886556502, 2018-03-27T00:40:03.000Z, RT @uchileradio: Para el canciller Roberto Ampuero, Bolivia argumentó y no hizo más que “victimizarse” mientras que la académica Astrid Esp…
978436439556939777, 201493641, 2018-03-27T01:00:00.000Z, Comienza un nuevo #EntrelíneasADN con Pancho Mouat y @eme_aguilar. En esta edición el invitado es Roberto Fuentes. Escúchalo en https://t.co/YhhSTkNdJo https://t.co/JOI6Rw5jU9
978437433007247360, 201493641, 2018-03-27T01:03:57.000Z, RT @eme_aguilar: Hoy a las 10 en @adnradiochile, Roberto Fuentes conversa con Pancho Mouat y conmigo en el programa Entre líneas.
978440312828940288, 3007937309, 2018-03-27T01:15:23.000Z, Comienza un nuevo #EntrelíneasADN con Pancho Mouat y @eme_aguilar. En esta edición el invitado es Roberto Fuentes. Escúchalo en   https://t.co/nVyOBZ0Ld4 https://t.co/aIL6zrjBwd
978530923703689221, 3437880117, 2018-03-27T07:15:27.000Z, Hoy a las 10 en @adnradiochile, Roberto Fuentes conversa con Pancho Mouat y conmigo en Alemania hasta que se decida su extradición.
978531937005514752, 1610234719, 2018-03-27T07:19:28.000Z, RT @CarmenSanCarlos: @AntonioGarPas @aena @el_pais @alvizlo @HidroSostenible @progrifo @greendreambug @fomentogob @Roberto_R_R @juralde @Sa…
978571369402322944, 185121043, 2018-03-27T09:56:10.000Z, @AntonioGarPas @aena @el_pais @alvizlo @HidroSostenible @progrifo @greendreambug @fomentogob @Roberto_R_R @juralde @Santi_MBarajas @blogsostenible @luis_babiano Esto justo en la semana que sabemos que  la mancha de plásticos del Pacífico norte triplica la superficie de España. Mejor poner fuentes públicas, ¿Verdad?  https://t.co/x4d6C3w47L
978571531252101120, 866688519313522689, 2018-03-27T09:56:48.000Z, RT @Celia_Ojeda: @AntonioGarPas @aena @el_pais @alvizlo @HidroSostenible @progrifo @greendreambug @fomentogob @Roberto_R_R @juralde @Santi_…
978583619047444481, 863471279998947328, 2018-03-27T10:44:50.000Z, RT @Celia_Ojeda: @AntonioGarPas @aena @el_pais @alvizlo @HidroSostenible @progrifo @greendreambug @fomentogob @Roberto_R_R @juralde @Santi_…
978589418096390144, 2596233061, 2018-03-27T11:07:53.000Z, RT @Celia_Ojeda: @AntonioGarPas @aena @el_pais @alvizlo @HidroSostenible @progrifo @greendreambug @fomentogob @Roberto_R_R @juralde @Santi_…
978590181237325824, 1684341979, 2018-03-27T11:10:55.000Z, RT @Celia_Ojeda: @AntonioGarPas @aena @el_pais @alvizlo @HidroSostenible @progrifo @greendreambug @fomentogob @Roberto_R_R @juralde @Santi_…
978594496823820288, 4136433496, 2018-03-27T11:28:04.000Z, RT @Celia_Ojeda: @AntonioGarPas @aena @el_pais @alvizlo @HidroSostenible @progrifo @greendreambug @fomentogob @Roberto_R_R @juralde @Santi_…
978633530619162624, 2364327103, 2018-03-27T14:03:10.000Z, RT @Celia_Ojeda: @AntonioGarPas @aena @el_pais @alvizlo @HidroSostenible @progrifo @greendreambug @fomentogob @Roberto_R_R @juralde @Santi_…
978634732211724289, 1610234719, 2018-03-27T14:07:56.000Z, RT @Celia_Ojeda: @AntonioGarPas @aena @el_pais @alvizlo @HidroSostenible @progrifo @greendreambug @fomentogob @Roberto_R_R @juralde @Santi_…
978670024259964928, 96856790, 2018-03-27T16:28:11.000Z, Roberto Fuentes https://t.co/QI36qVfj5o
978702463875338242, 760256904794873856, 2018-03-27T18:37:05.000Z, Según fuentes cercanas a la entidad, Chile se viene a sumar a lo que ha hecho el grupo Santander en otras filiales en el mundo, donde se ha renovado su plana ejecutiva. https://t.co/zBDNF9nNJ6 vía @pulso_tw
978714485119770625, 122418435, 2018-03-27T19:24:51.000Z, @Celia_Ojeda @AntonioGarPas @aena @el_pais @HidroSostenible @progrifo @greendreambug @fomentogob @Roberto_R_R @juralde @Santi_MBarajas @blogsostenible @luis_babiano Por lo visto, la propuesta de @aena también incluye más fuentes respondiendo a la demanda de #aguadegrifo https://t.co/CTfoIeO0NS
978715036012204035, 185121043, 2018-03-27T19:27:02.000Z, @alvizlo @AntonioGarPas @aena @el_pais @HidroSostenible @progrifo @greendreambug @fomentogob @Roberto_R_R @juralde @Santi_MBarajas @blogsostenible @luis_babiano Mira que bien!! Pues más fuentes, menos plásticos y a seguir por el resto de cosas...pajitas, bolsas, vasos de café, cucharillas
978715821097869313, 555498300, 2018-03-27T19:30:10.000Z, El Mundial, 40% más publicidad: #Firmas @Milenio Roberto Fuentes Vivar https://t.co/XGEkWznGeY
978716256009379840, 1610234719, 2018-03-27T19:31:53.000Z, RT @Celia_Ojeda: @alvizlo @AntonioGarPas @aena @el_pais @HidroSostenible @progrifo @greendreambug @fomentogob @Roberto_R_R @juralde @Santi_…
978720649773543424, 2364327103, 2018-03-27T19:49:21.000Z, @alvizlo @Celia_Ojeda @aena @el_pais @HidroSostenible @progrifo @greendreambug @fomentogob @Roberto_R_R @juralde @Santi_MBarajas @blogsostenible @luis_babiano Genial pero ¿cuantas? Más fuentes pueden ser 2 ó 2.000 Sería interesante que @aena concretase mejor cuántas son más y para cuando está planificado. Concretando igual que con las botellas de plástico al baratísimo precio de 3€/lit Un litro de #aguadegrifo cuesta 0,0015€ 🤔
978720706807689216, 2364327103, 2018-03-27T19:49:34.000Z, RT @alvizlo: @Celia_Ojeda @AntonioGarPas @aena @el_pais @HidroSostenible @progrifo @greendreambug @fomentogob @Roberto_R_R @juralde @Santi_…
978720740773187584, 2364327103, 2018-03-27T19:49:43.000Z, RT @Celia_Ojeda: @alvizlo @AntonioGarPas @aena @el_pais @HidroSostenible @progrifo @greendreambug @fomentogob @Roberto_R_R @juralde @Santi_…
978723500851646469, 255554457, 2018-03-27T20:00:41.000Z, Medios: dueños ricos, periodistas pobres - El análisis de Roberto Fuentes Vivar https://t.co/p0318AjTnc https://t.co/AYsgG0ys2V
978725932956610560, 146254703, 2018-03-27T20:10:20.000Z, RT @homozapp: Medios: dueños ricos, periodistas pobres - El análisis de Roberto Fuentes Vivar https://t.co/p0318AjTnc https://t.co/AYsgG0ys…
978729565299224576, 390393107, 2018-03-27T20:24:46.000Z, RT @homozapp: Medios: dueños ricos, periodistas pobres - El análisis de Roberto Fuentes Vivar https://t.co/p0318AjTnc https://t.co/AYsgG0ys…
978731066860212224, 732142267, 2018-03-27T20:30:44.000Z, Medios: dueños ricos, periodistas pobres - El análisis de Roberto Fuentes Vivar https://t.co/jSQPWPU5nA  via #homozapp https://t.co/JmViFjGhVa
978732976212193283, 185121043, 2018-03-27T20:38:20.000Z, RT @AntonioGarPas: @alvizlo @Celia_Ojeda @aena @el_pais @HidroSostenible @progrifo @greendreambug @fomentogob @Roberto_R_R @juralde @Santi_…
978734596664823808, 332325477, 2018-03-27T20:44:46.000Z, RT @homozapp: Medios: dueños ricos, periodistas pobres - El análisis de Roberto Fuentes Vivar https://t.co/p0318AjTnc https://t.co/AYsgG0ys…
978737356705488896, 450283379, 2018-03-27T20:55:44.000Z, RT @homozapp: Medios: dueños ricos, periodistas pobres - El análisis de Roberto Fuentes Vivar https://t.co/p0318AjTnc https://t.co/AYsgG0ys…
978741039795187712, 132346487, 2018-03-27T21:10:22.000Z, RT @homozapp: Medios: dueños ricos, periodistas pobres - El análisis de Roberto Fuentes Vivar https://t.co/p0318AjTnc https://t.co/AYsgG0ys…
978741836280983556, 451005800, 2018-03-27T21:13:32.000Z, RT @homozapp: Medios: dueños ricos, periodistas pobres - El análisis de Roberto Fuentes Vivar https://t.co/p0318AjTnc https://t.co/AYsgG0ys…
978741896985137152, 164745106, 2018-03-27T21:13:47.000Z, RT @homozapp: Medios: dueños ricos, periodistas pobres - El análisis de Roberto Fuentes Vivar https://t.co/p0318AjTnc https://t.co/AYsgG0ys…
978742376201060352, 566810410, 2018-03-27T21:15:41.000Z, El Arzobispo Roberto González Nieves, la semana pasada salió del closet y se declaró "independentista comunista" y mis fuentes me indican que endosará a @CarmenYulinCruz! Para la gobernación!!!
978742452797440001, 1040904073, 2018-03-27T21:15:59.000Z, RT @perezperez1973: El Arzobispo Roberto González Nieves, la semana pasada salió del closet y se declaró "independentista comunista" y mis…
978742763607941120, 974485345239797760, 2018-03-27T21:17:13.000Z, RT @homozapp: Medios: dueños ricos, periodistas pobres - El análisis de Roberto Fuentes Vivar https://t.co/p0318AjTnc https://t.co/AYsgG0ys…
978743054965379072, 633994562, 2018-03-27T21:18:23.000Z, RT @homozapp: Medios: dueños ricos, periodistas pobres - El análisis de Roberto Fuentes Vivar https://t.co/p0318AjTnc https://t.co/AYsgG0ys…
978743191666126848, 785891919041822720, 2018-03-27T21:18:55.000Z, RT @perezperez1973: El Arzobispo Roberto González Nieves, la semana pasada salió del closet y se declaró "independentista comunista" y mis…
978743272007901184, 923481644, 2018-03-27T21:19:14.000Z, RT @homozapp: Medios: dueños ricos, periodistas pobres - El análisis de Roberto Fuentes Vivar https://t.co/p0318AjTnc https://t.co/AYsgG0ys…
978744184021639168, 24661045, 2018-03-27T21:22:52.000Z, RT @homozapp: Medios: dueños ricos, periodistas pobres - El análisis de Roberto Fuentes Vivar https://t.co/p0318AjTnc https://t.co/AYsgG0ys…
978754322925318145, 1655766132, 2018-03-27T22:03:09.000Z, RT @perezperez1973: El Arzobispo Roberto González Nieves, la semana pasada salió del closet y se declaró "independentista comunista" y mis…
978754995431538688, 3984355365, 2018-03-27T22:05:49.000Z, RT @perezperez1973: El Arzobispo Roberto González Nieves, la semana pasada salió del closet y se declaró "independentista comunista" y mis…
978764142491258880, 136625163, 2018-03-27T22:42:10.000Z, RT @homozapp: Medios: dueños ricos, periodistas pobres - El análisis de Roberto Fuentes Vivar https://t.co/p0318AjTnc https://t.co/AYsgG0ys…
978765114840174593, 299935641, 2018-03-27T22:46:02.000Z, RT @homozapp: Medios: dueños ricos, periodistas pobres - El análisis de Roberto Fuentes Vivar https://t.co/p0318AjTnc https://t.co/AYsgG0ys…
978769380392820736, 79741996, 2018-03-27T23:02:59.000Z, RT @homozapp: Medios: dueños ricos, periodistas pobres - El análisis de Roberto Fuentes Vivar https://t.co/p0318AjTnc https://t.co/AYsgG0ys…
978770882389856258, 1961220008, 2018-03-27T23:08:57.000Z, RT @perezperez1973: El Arzobispo Roberto González Nieves, la semana pasada salió del closet y se declaró "independentista comunista" y mis…
978778605571452928, 1122896292, 2018-03-27T23:39:39.000Z, RT @homozapp: Medios: dueños ricos, periodistas pobres - El análisis de Roberto Fuentes Vivar https://t.co/p0318AjTnc https://t.co/AYsgG0ys…
978784441811324928, 2357954832, 2018-03-28T00:02:50.000Z, RT @perezperez1973: El Arzobispo Roberto González Nieves, la semana pasada salió del closet y se declaró "independentista comunista" y mis…
978788448357244930, 2153702318, 2018-03-28T00:18:45.000Z, RT @perezperez1973: El Arzobispo Roberto González Nieves, la semana pasada salió del closet y se declaró "independentista comunista" y mis…
978790032730411009, 2266355266, 2018-03-28T00:25:03.000Z, RT @perezperez1973: El Arzobispo Roberto González Nieves, la semana pasada salió del closet y se declaró "independentista comunista" y mis…
978790468271079424, 1562159954, 2018-03-28T00:26:47.000Z, RT @perezperez1973: El Arzobispo Roberto González Nieves, la semana pasada salió del closet y se declaró "independentista comunista" y mis…
978791604734619649, 2780403317, 2018-03-28T00:31:18.000Z, RT @perezperez1973: El Arzobispo Roberto González Nieves, la semana pasada salió del closet y se declaró "independentista comunista" y mis…
978793358486319104, 766450196276445185, 2018-03-28T00:38:16.000Z, RT @perezperez1973: El Arzobispo Roberto González Nieves, la semana pasada salió del closet y se declaró "independentista comunista" y mis…
978794092749451264, 374118908, 2018-03-28T00:41:11.000Z, RT @perezperez1973: El Arzobispo Roberto González Nieves, la semana pasada salió del closet y se declaró "independentista comunista" y mis…
978796970583232517, 4206414855, 2018-03-28T00:52:37.000Z, Reunión Territorial #MargaMarga con presentación de los candidatos a Consejero Politico Regional: Eugenio González, Juan Fco. Collao y Roberto Orellana.  ✊😎 @juanma_fuentes @CesarPedrini @NopagaMoya @lebasizenabi @EspinozaIsaeef https://t.co/qKhLcrjdjp
978802243477606401, 92621528, 2018-03-28T01:13:34.000Z, RT @RdMarga: Reunión Territorial #MargaMarga con presentación de los candidatos a Consejero Politico Regional: Eugenio González, Juan Fco.…
978802525141897216, 750302240254988288, 2018-03-28T01:14:41.000Z, RT @perezperez1973: El Arzobispo Roberto González Nieves, la semana pasada salió del closet y se declaró "independentista comunista" y mis…
978807000393048065, 191279165, 2018-03-28T01:32:28.000Z, RT @RdMarga: Reunión Territorial #MargaMarga con presentación de los candidatos a Consejero Politico Regional: Eugenio González, Juan Fco.…
978810436803072000, 2260189626, 2018-03-28T01:46:08.000Z, RT @perezperez1973: El Arzobispo Roberto González Nieves, la semana pasada salió del closet y se declaró "independentista comunista" y mis…
978846431573356544, 205912920, 2018-03-28T04:09:10.000Z, Jersey Hombre Mujer y niño. sudadera  Selección Mexicana #PonteLaVerde Ale de Way Estibaliz Fernandez Luna Mony de Fuentes Veronica Fuentes Edgar Rangel Eliseo Ramírez Roberto Santos Yepez Jose Angel... https://t.co/q2Fo82AvNM
978850834434985985, 1301658084, 2018-03-28T04:26:39.000Z, RT @homozapp: Medios: dueños ricos, periodistas pobres - El análisis de Roberto Fuentes Vivar https://t.co/p0318AjTnc https://t.co/AYsgG0ys…
978943236885680128, 600482850, 2018-03-28T10:33:50.000Z, RT @ComillasAlumni: Entrevistamos a Roberto Martín Fuentes, Ingeniero Industrial 1998 @UCOMILLAS Co-fundador de @MoahViajes, donde un viaje…
978953609764392960, 882253756938768384, 2018-03-28T11:15:03.000Z, RT @homozapp: Medios: dueños ricos, periodistas pobres - El análisis de Roberto Fuentes Vivar https://t.co/p0318AjTnc https://t.co/AYsgG0ys…
978955710888333313, 878594012478877697, 2018-03-28T11:23:24.000Z, RT @perezperez1973: El Arzobispo Roberto González Nieves, la semana pasada salió del closet y se declaró "independentista comunista" y mis…
978957276525617152, 839575818510684160, 2018-03-28T11:29:37.000Z, RT @perezperez1973: El Arzobispo Roberto González Nieves, la semana pasada salió del closet y se declaró "independentista comunista" y mis…
978958227600822272, 75799727, 2018-03-28T11:33:24.000Z, RT @perezperez1973: El Arzobispo Roberto González Nieves, la semana pasada salió del closet y se declaró "independentista comunista" y mis…
978958516768649216, 968116081612197888, 2018-03-28T11:34:33.000Z, RT @perezperez1973: El Arzobispo Roberto González Nieves, la semana pasada salió del closet y se declaró "independentista comunista" y mis…
978972167332343808, 3312407380, 2018-03-28T12:28:47.000Z, RT @perezperez1973: El Arzobispo Roberto González Nieves, la semana pasada salió del closet y se declaró "independentista comunista" y mis…
978979052211011584, 721764693166174208, 2018-03-28T12:56:09.000Z, RT @perezperez1973: El Arzobispo Roberto González Nieves, la semana pasada salió del closet y se declaró "independentista comunista" y mis…
978999258790748160, 1529504870, 2018-03-28T14:16:26.000Z, RT @perezperez1973: El Arzobispo Roberto González Nieves, la semana pasada salió del closet y se declaró "independentista comunista" y mis…
979003493011869696, 705866199456980992, 2018-03-28T14:33:16.000Z, RT @Celia_Ojeda: @AntonioGarPas @aena @el_pais @alvizlo @HidroSostenible @progrifo @greendreambug @fomentogob @Roberto_R_R @juralde @Santi_…
979022903265124352, 2555702959, 2018-03-28T15:50:24.000Z, RT @perezperez1973: El Arzobispo Roberto González Nieves, la semana pasada salió del closet y se declaró "independentista comunista" y mis…
979055782565212162, 63806219, 2018-03-28T18:01:03.000Z, El Mundial, 40% más publicidad: #Firmas @Milenio  Roberto Fuentes Vivar https://t.co/Rsxb68enxe https://t.co/Egh103WLZA
979063911243804673, 2220565552, 2018-03-28T18:33:21.000Z, RT @perezperez1973: El Arzobispo Roberto González Nieves, la semana pasada salió del closet y se declaró "independentista comunista" y mis…
979080903174639616, 137576673, 2018-03-28T19:40:52.000Z, RT @RdMarga: Reunión Territorial #MargaMarga con presentación de los candidatos a Consejero Politico Regional: Eugenio González, Juan Fco.…
979100919550889984, 2201704634, 2018-03-28T21:00:24.000Z, RT @homozapp: Medios: dueños ricos, periodistas pobres - El análisis de Roberto Fuentes Vivar https://t.co/p0318AjTnc https://t.co/AYsgG0ys…
979125418052562944, 3066247949, 2018-03-28T22:37:45.000Z, #Ahora #UltimoMomento Fuentes extraoficiales confirman la detención del joven de 26 años quien sería el presunto homicida de Roberto Diego Oviedo, quien falleciera ayer martes luego de la gresca del viernes... https://t.co/hXJpRphQDX
979149284267495424, 960613982183837697, 2018-03-29T00:12:35.000Z, RT @perezperez1973: El Arzobispo Roberto González Nieves, la semana pasada salió del closet y se declaró "independentista comunista" y mis…
979319704539025408, 1439813826, 2018-03-29T11:29:47.000Z, Ayer en la presentación de Roberto Fuentes y Francisco Ortega
979376236928618496, 3013715401, 2018-03-29T15:14:25.000Z, LA ALAMEDA.  Solitaria alameda, Sin fuentes ni rosales, Sin árboles frutales Ni praderas de seda.  Tristísima alameda, Sin pájaros cantores, Sin lagos…sin flores… Huérfana de alegría  De tu melancolía Huyen... https://t.co/SGzSZJbEhM
979449253918625793, 626398293, 2018-03-29T20:04:34.000Z, Fuentes de la universidad @urjc cuentan que la idea es "llegar hasta el final", sin importar "las consecuencias". Unas expresiones que el presidente de la CRUE, Roberto Fernández, también ha atribuido al rector Ramos, sobre el caso del máster de Cifuentes. https://t.co/dVKPeRCrIr
979451121361137665, 900172764, 2018-03-29T20:11:59.000Z, RT @cupumad: Fuentes de la universidad @urjc cuentan que la idea es "llegar hasta el final", sin importar "las consecuencias". Unas expresi…
979451195059294213, 1909168592, 2018-03-29T20:12:16.000Z, RT @cupumad: Fuentes de la universidad @urjc cuentan que la idea es "llegar hasta el final", sin importar "las consecuencias". Unas expresi…
979466569993674752, 2299690216, 2018-03-29T21:13:22.000Z, RT @cupumad: Fuentes de la universidad @urjc cuentan que la idea es "llegar hasta el final", sin importar "las consecuencias". Unas expresi…
979478333892321280, 2659519624, 2018-03-29T22:00:07.000Z, RT @cupumad: Fuentes de la universidad @urjc cuentan que la idea es "llegar hasta el final", sin importar "las consecuencias". Unas expresi…
979488577158549504, 1361724126, 2018-03-29T22:40:49.000Z, RT @cupumad: Fuentes de la universidad @urjc cuentan que la idea es "llegar hasta el final", sin importar "las consecuencias". Unas expresi…
979489018055483392, 835151363298426880, 2018-03-29T22:42:34.000Z, RT @perezperez1973: El Arzobispo Roberto González Nieves, la semana pasada salió del closet y se declaró "independentista comunista" y mis…
979494642554109952, 450754346, 2018-03-29T23:04:55.000Z, Samborondón participará con un equipo en regata Guayaquil-Posorja S.Fuentes, Roberto Quintero, Jean C Rodríguez, Bruce Pazmiño y el prof Manuel Ante, representarán cantón en la tradicional regata Guayaquil-Posorja, considerada una de las competencias más largas del mundo. https://t.co/LMS5SJTkaX
979537756815806464, 283093921, 2018-03-30T01:56:14.000Z, Steven Fuentes, Roberto Quintero, Jean Carlos Rodríguez, Bruce Pazmiño y el profesor Manuel Ante representan a Samborondón en la tradicional regata Guayaquil-Posorja. @MuniSamborondon @CocoYunez_6 #CadaVezMejor https://t.co/C4dsNJhHhq
979539080189952001, 1383242246, 2018-03-30T02:01:30.000Z, Quiénes son los más beneficiados con el NAICM  Roberto Fuentes Vivar https://t.co/ym7DzQPr2k https://t.co/QqUF4kiR1L
979539150515908608, 113731357, 2018-03-30T02:01:47.000Z, Quiénes son los más beneficiados con el NAICM  Roberto Fuentes Vivar https://t.co/FXkUnwf7yk https://t.co/s0qu02TJkL https://t.co/GMPHrfV7R1
979651056413151232, 614962906, 2018-03-30T09:26:27.000Z, Roberto Fuentes, 31 : #IHateTimWaterman
979684841129152513, 946305145, 2018-03-30T11:40:42.000Z, @MarcosPublirrpp @Robertohorche @mindaliacom @LCajaDePandora Déjale Roberto, debatir con alguien que tiene que utilizar cuentas de tuiter como 'fuentes serias' es perder el tiempo. Mientras, por si te apetece aprender qué son las líneas que dejan a su paso los aviones -de un fuente fiable de verdad- te dejo el link. https://t.co/tK2lgPdCSs
979708972625166336, 741579771100995584, 2018-03-30T13:16:35.000Z, RT @cupumad: Fuentes de la universidad @urjc cuentan que la idea es "llegar hasta el final", sin importar "las consecuencias". Unas expresi…
979739998277832704, 303097370, 2018-03-30T15:19:52.000Z, RT @cupumad: Fuentes de la universidad @urjc cuentan que la idea es "llegar hasta el final", sin importar "las consecuencias". Unas expresi…
979761361948422146, 4332133109, 2018-03-30T16:44:46.000Z, Felicitaciones a la Escuela Municipal de Remo, que obtuvo el tercer lugar en la Regata Guayaquil-Posorja. El equipo de Steven Fuentes, Roberto Quintero, Jean C. Rodríguez y el profesor Manuel Ante,  participó por primera vez y registró un tiempo de 7h25m. Orgullo samborondeño. https://t.co/5ZQtKi4PFn
979761437823287296, 270116911, 2018-03-30T16:45:04.000Z, RT @MuniSamborondon: Felicitaciones a la Escuela Municipal de Remo, que obtuvo el tercer lugar en la Regata Guayaquil-Posorja. El equipo de…
979762719137165312, 804773416234549248, 2018-03-30T16:50:10.000Z, RT @MuniSamborondon: Felicitaciones a la Escuela Municipal de Remo, que obtuvo el tercer lugar en la Regata Guayaquil-Posorja. El equipo de…
979762967981027328, 1541317272, 2018-03-30T16:51:09.000Z, RT @MuniSamborondon: Felicitaciones a la Escuela Municipal de Remo, que obtuvo el tercer lugar en la Regata Guayaquil-Posorja. El equipo de…
979767503231561730, 781919476526813185, 2018-03-30T17:09:10.000Z, RT @cupumad: Fuentes de la universidad @urjc cuentan que la idea es "llegar hasta el final", sin importar "las consecuencias". Unas expresi…
979770784217534464, 283093921, 2018-03-30T17:22:12.000Z, RT @MuniSamborondon: Felicitaciones a la Escuela Municipal de Remo, que obtuvo el tercer lugar en la Regata Guayaquil-Posorja. El equipo de…
979805801677230080, 270099745, 2018-03-30T19:41:21.000Z, RT @MuniSamborondon: Felicitaciones a la Escuela Municipal de Remo, que obtuvo el tercer lugar en la Regata Guayaquil-Posorja. El equipo de…
979831104453607425, 488077234, 2018-03-30T21:21:54.000Z, RT @MuniSamborondon: Felicitaciones a la Escuela Municipal de Remo, que obtuvo el tercer lugar en la Regata Guayaquil-Posorja. El equipo de…
979887204100124674, 176253370, 2018-03-31T01:04:49.000Z, Los invitamos a revisar nuestra reseña de la novela juvenil "Algo malo dentro de mí" de Roberto Fuentes ¡No se la pierdan! #AhoraEnLibrerías @megustaleercl   https://t.co/RvXiSHCEIU
979911445218459659, 249866118, 2018-03-31T02:41:09.000Z, RT @MuniSamborondon: Felicitaciones a la Escuela Municipal de Remo, que obtuvo el tercer lugar en la Regata Guayaquil-Posorja. El equipo de…
979943078369865729, 961480759, 2018-03-31T04:46:51.000Z, RT @MuniSamborondon: Felicitaciones a la Escuela Municipal de Remo, que obtuvo el tercer lugar en la Regata Guayaquil-Posorja. El equipo de…
979952512827568128, 607819770, 2018-03-31T05:24:20.000Z, "Los periodistas solemos tener fuentes, pero no las vemos como lo que son, gente como nosotros. Los vemos como expertos, testigos o víctimas. Las fuentes largan parrafadas sin contexto, tirando conclusiones sin decir muchas veces de dónde las sacaron"-Roberto Herrscher.
979957313854308352, 128359754, 2018-03-31T05:43:25.000Z, RT @MarisolSonne: "Los periodistas solemos tener fuentes, pero no las vemos como lo que son, gente como nosotros. Los vemos como expertos,…
979981861630988288, 464600521, 2018-03-31T07:20:57.000Z, RT @cupumad: Fuentes de la universidad @urjc cuentan que la idea es "llegar hasta el final", sin importar "las consecuencias". Unas expresi…
979985349400244224, 884768760, 2018-03-31T07:34:49.000Z, RT @cupumad: Fuentes de la universidad @urjc cuentan que la idea es "llegar hasta el final", sin importar "las consecuencias". Unas expresi…
980005259903987712, 2181233931, 2018-03-31T08:53:56.000Z, RT @cupumad: Fuentes de la universidad @urjc cuentan que la idea es "llegar hasta el final", sin importar "las consecuencias". Unas expresi…
980015585605160960, 585941934, 2018-03-31T09:34:58.000Z, RT @cupumad: Fuentes de la universidad @urjc cuentan que la idea es "llegar hasta el final", sin importar "las consecuencias". Unas expresi…
980019497494044672, 17144794, 2018-03-31T09:50:30.000Z, RT @cupumad: Fuentes de la universidad @urjc cuentan que la idea es "llegar hasta el final", sin importar "las consecuencias". Unas expresi…
980041499713921024, 564667141, 2018-03-31T11:17:56.000Z, RT @Hojasmagicas: Los invitamos a revisar nuestra reseña de la novela juvenil "Algo malo dentro de mí" de Roberto Fuentes ¡No se la pierdan…
980084318440771584, 939594755599732736, 2018-03-31T14:08:05.000Z, FE DE EROTHE = Imperdonable, hasta después de una noche de tragos: en mi Tuitter confundí a Octavio Paz con Carlos Fuentes, como me lo hizo ver Roberto Malaver y se lo agradezco.  La pluma es el castigo del cuerpo.
980084768112041984, 245969509, 2018-03-31T14:09:52.000Z, RT @profesorlupa2: FE DE EROTHE = Imperdonable, hasta después de una noche de tragos: en mi Tuitter confundí a Octavio Paz con Carlos Fuent…
980086164374937602, 184550595, 2018-03-31T14:15:25.000Z, RT @profesorlupa2: FE DE EROTHE = Imperdonable, hasta después de una noche de tragos: en mi Tuitter confundí a Octavio Paz con Carlos Fuent…
980086195211423745, 305769488, 2018-03-31T14:15:32.000Z, RT @profesorlupa2: FE DE EROTHE = Imperdonable, hasta después de una noche de tragos: en mi Tuitter confundí a Octavio Paz con Carlos Fuent…
980086596765614080, 929725040207237123, 2018-03-31T14:17:08.000Z, RT @profesorlupa2: FE DE EROTHE = Imperdonable, hasta después de una noche de tragos: en mi Tuitter confundí a Octavio Paz con Carlos Fuent…
980087850237612032, 138396650, 2018-03-31T14:22:07.000Z, RT @profesorlupa2: FE DE EROTHE = Imperdonable, hasta después de una noche de tragos: en mi Tuitter confundí a Octavio Paz con Carlos Fuent…
980088047109853184, 1461065660, 2018-03-31T14:22:54.000Z, RT @profesorlupa2: FE DE EROTHE = Imperdonable, hasta después de una noche de tragos: en mi Tuitter confundí a Octavio Paz con Carlos Fuent…
980088510748258304, 218883480, 2018-03-31T14:24:44.000Z, RT @profesorlupa2: FE DE EROTHE = Imperdonable, hasta después de una noche de tragos: en mi Tuitter confundí a Octavio Paz con Carlos Fuent…
980088809047187456, 141807523, 2018-03-31T14:25:55.000Z, RT @profesorlupa2: FE DE EROTHE = Imperdonable, hasta después de una noche de tragos: en mi Tuitter confundí a Octavio Paz con Carlos Fuent…
980089407347875841, 597683994, 2018-03-31T14:28:18.000Z, RT @profesorlupa2: FE DE EROTHE = Imperdonable, hasta después de una noche de tragos: en mi Tuitter confundí a Octavio Paz con Carlos Fuent…
980093202916167682, 4422315034, 2018-03-31T14:43:23.000Z, RT @MuniSamborondon: Felicitaciones a la Escuela Municipal de Remo, que obtuvo el tercer lugar en la Regata Guayaquil-Posorja. El equipo de…
980094369603706880, 198339690, 2018-03-31T14:48:01.000Z, RT @profesorlupa2: FE DE EROTHE = Imperdonable, hasta después de una noche de tragos: en mi Tuitter confundí a Octavio Paz con Carlos Fuent…
980097672307707905, 707632978923560962, 2018-03-31T15:01:09.000Z, RT @MuniSamborondon: Felicitaciones a la Escuela Municipal de Remo, que obtuvo el tercer lugar en la Regata Guayaquil-Posorja. El equipo de…
980116012250157068, 113422695, 2018-03-31T16:14:01.000Z, RT @profesorlupa2: FE DE EROTHE = Imperdonable, hasta después de una noche de tragos: en mi Tuitter confundí a Octavio Paz con Carlos Fuent…
980116766801252354, 134281021, 2018-03-31T16:17:01.000Z, RT @profesorlupa2: FE DE EROTHE = Imperdonable, hasta después de una noche de tragos: en mi Tuitter confundí a Octavio Paz con Carlos Fuent…
980141820591173633, 702232597, 2018-03-31T17:56:34.000Z, RT @MuniSamborondon: Felicitaciones a la Escuela Municipal de Remo, que obtuvo el tercer lugar en la Regata Guayaquil-Posorja. El equipo de…
980143584165924864, 156980874, 2018-03-31T18:03:35.000Z, RT @profesorlupa2: FE DE EROTHE = Imperdonable, hasta después de una noche de tragos: en mi Tuitter confundí a Octavio Paz con Carlos Fuent…
980179975591559169, 3044607661, 2018-03-31T20:28:11.000Z, #PrimeraDivisión | Formación de O'Higgins de Rancagua:  Miguel Pinto  Albert Acevedo (C) Juan Fuentes Raúl Osorio  Roberto Cereceda Alejandro Márquez Matías Vera Nicolás Oroz Ramón Fernández  Joel Acosta Nicolás Mazzola https://t.co/TVqtgLFwqY
980185084484562945, 235682022, 2018-03-31T20:48:29.000Z, O´HIGGINS FORMA DE LA SIGUIENTE MANERA  1 Miguel Pinto; 3 Albert Acevedo (C), 6 Juan Fuentes, 20 Raúl Osorio; 5 Alejandro Márquez, 34 Matías Vera, 17 Roberto Cereceda; 10 Ramón Fernández; 8 Nicolás Oroz, 18 Nicolás Mazzola y 11 Joel Acosta
980190251539992576, 846243589, 2018-03-31T21:09:01.000Z, RT @MuniSamborondon: Felicitaciones a la Escuela Municipal de Remo, que obtuvo el tercer lugar en la Regata Guayaquil-Posorja. El equipo de…
980320204189126656, 267610073, 2018-04-01T05:45:24.000Z, RT @MarisolSonne: "Los periodistas solemos tener fuentes, pero no las vemos como lo que son, gente como nosotros. Los vemos como expertos,…
980450838983389185, 2419524972, 2018-04-01T14:24:30.000Z, Kevin Kevin G. Rios ParraKevin G. Rios Parra Rios Parra Gerardo Lafuente Claros Rodrigo Rodríguez Juan Severiche Anghelo Rios León Ronald Aquino Cruz Daniel Andia Jesus Troncoso Jalacori Jarol Jesus Fuentes Paulo Roberto Jaldin Pacheco https://t.co/CVOhViBvAL
980452540604174336, 802663370, 2018-04-01T14:31:16.000Z, RT @cupumad: Fuentes de la universidad @urjc cuentan que la idea es "llegar hasta el final", sin importar "las consecuencias". Unas expresi…
980483567577858050, 980433752391372800, 2018-04-01T16:34:33.000Z, RT @MonicaPardo7: Dante Barra Maria José Vazquez Coti Perez Roberto Samar Eduardo Luis Fuentes Osio Miguel Castillo https://t.co/gBjv0wdsjd
980531994412101633, 35877632, 2018-04-01T19:46:59.000Z, RT @Roberto_Chicano: @NachoRgz Mta madre y tienes fuentes o pruebas? Ya ni la chingan estos gachos
980538277315993604, 712650432091459584, 2018-04-01T20:11:57.000Z, RT @cupumad: Fuentes de la universidad @urjc cuentan que la idea es "llegar hasta el final", sin importar "las consecuencias". Unas expresi…
980552239700901888, 2161057301, 2018-04-01T21:07:26.000Z, RT @profesorlupa2: FE DE EROTHE = Imperdonable, hasta después de una noche de tragos: en mi Tuitter confundí a Octavio Paz con Carlos Fuent…
980611008703205376, 205969899, 2018-04-02T01:00:58.000Z, @PrecisoRam Ronald Fuentes renunció luego de perder con Cobreloa en 2008, jamás he visto una pifiadera y una rabia igual en el Roberto Bravo, esa vez pensé que rompían la reja de camarines.
980745820533338113, 1139607258, 2018-04-02T09:56:39.000Z, José Roberto Fernández Caspio lleva años con esta lucha,silenciosa, pero muy preocupante, la contaminación por mercurio en las fuentes de La Piquera, el Muselín y la Parra. Un problema que es la punta del iceberg de la degradación de los acuíferos.  https://t.co/gLrc4I0MWO
980757822421045248, 546469239, 2018-04-02T10:44:21.000Z, ☎️ Roberto Baratta en #CronicaAnunciada: “El perito de la causa invento fuentes, medidas y hasta su título profesional” @FMLaPatriada https://t.co/Y8gSqTTJDg
980757867530776576, 117660336, 2018-04-02T10:44:31.000Z, 📞 Roberto Baratta en #CronicaAnunciada:”El perito de la causa inventó fuentes, medidas y hasta su título profesional” https://t.co/Zbi8rz78Lx
980757917967138816, 1227877970, 2018-04-02T10:44:43.000Z, 📞 Roberto Baratta en #CronicaAnunciada: “El perito de la causa invento fuentes, medidas y hasta su título profesional”
980757920500600833, 846490166994894848, 2018-04-02T10:44:44.000Z, 📻Roberto Baratta en #CronicaAnunciada: “El perito de la causa invento fuentes, medidas y hasta su título profesional” 🔗https://t.co/yCVktIJu4g https://t.co/GANbwboDlR
980758019586871297, 4630503857, 2018-04-02T10:45:08.000Z, RT @juan_amorin: 📞 Roberto Baratta en #CronicaAnunciada:”El perito de la causa inventó fuentes, medidas y hasta su título profesional” http…
980758266417381376, 730197283950624768, 2018-04-02T10:46:06.000Z, RT @juan_amorin: 📞 Roberto Baratta en #CronicaAnunciada:”El perito de la causa inventó fuentes, medidas y hasta su título profesional” http…
980758630998990849, 61040826, 2018-04-02T10:47:33.000Z, 🎙️ Roberto Baratta en #CronicaAnunciada:  "El perito de la causa invento fuentes, medidas y hasta su título profesional" @FMLaPatriada
980758926441447426, 4475961447, 2018-04-02T10:48:44.000Z, RT @juan_amorin: 📞 Roberto Baratta en #CronicaAnunciada:”El perito de la causa inventó fuentes, medidas y hasta su título profesional” http…
980759445985775616, 745019695074533376, 2018-04-02T10:50:48.000Z, RT @juan_amorin: 📞 Roberto Baratta en #CronicaAnunciada:”El perito de la causa inventó fuentes, medidas y hasta su título profesional” http…
980760351141777409, 193212813, 2018-04-02T10:54:24.000Z, RT @juan_amorin: 📞 Roberto Baratta en #CronicaAnunciada:”El perito de la causa inventó fuentes, medidas y hasta su título profesional” http…
980761275234963456, 77634770, 2018-04-02T10:58:04.000Z, RT @Cronicanunciada: 📻Roberto Baratta en #CronicaAnunciada: “El perito de la causa invento fuentes, medidas y hasta su título profesional”…
980764185540939776, 240538201, 2018-04-02T11:09:38.000Z, RT @juan_amorin: 📞 Roberto Baratta en #CronicaAnunciada:”El perito de la causa inventó fuentes, medidas y hasta su título profesional” http…
980764824929034240, 918995677623017472, 2018-04-02T11:12:10.000Z, RT @juan_amorin: 📞 Roberto Baratta en #CronicaAnunciada:”El perito de la causa inventó fuentes, medidas y hasta su título profesional” http…
980775506068033537, 956136195708383232, 2018-04-02T11:54:37.000Z, RT @juan_amorin: 📞 Roberto Baratta en #CronicaAnunciada:”El perito de la causa inventó fuentes, medidas y hasta su título profesional” http…
980775983061127168, 4197106439, 2018-04-02T11:56:30.000Z, RT @juan_amorin: 📞 Roberto Baratta en #CronicaAnunciada:”El perito de la causa inventó fuentes, medidas y hasta su título profesional” http…
980776763637796864, 2213164394, 2018-04-02T11:59:37.000Z, RT @juan_amorin: 📞 Roberto Baratta en #CronicaAnunciada:”El perito de la causa inventó fuentes, medidas y hasta su título profesional” http…
980778149079322624, 1491418777, 2018-04-02T12:05:07.000Z, RT @juan_amorin: 📞 Roberto Baratta en #CronicaAnunciada:”El perito de la causa inventó fuentes, medidas y hasta su título profesional” http…
980778316377542656, 702463329902698496, 2018-04-02T12:05:47.000Z, RT @juan_amorin: 📞 Roberto Baratta en #CronicaAnunciada:”El perito de la causa inventó fuentes, medidas y hasta su título profesional” http…
980779877505945600, 2991145329, 2018-04-02T12:11:59.000Z, RT @juan_amorin: 📞 Roberto Baratta en #CronicaAnunciada:”El perito de la causa inventó fuentes, medidas y hasta su título profesional” http…
980781962066620417, 177299732, 2018-04-02T12:20:16.000Z, RT @juan_amorin: 📞 Roberto Baratta en #CronicaAnunciada:”El perito de la causa inventó fuentes, medidas y hasta su título profesional” http…
980821261575163904, 2869895543, 2018-04-02T14:56:26.000Z, El Entrelíneas de la semana: Pancho Mouat y Marcela Aguilar conversaron con Roberto Fuentes, quien acaba de publicar "Algo malo dentro de mí" 📚🎙▶ https://t.co/HrVY2U8yiA @RobFuentesM
980827214810959873, 958409198, 2018-04-02T15:20:05.000Z, RT @juan_amorin: 📞 Roberto Baratta en #CronicaAnunciada:”El perito de la causa inventó fuentes, medidas y hasta su título profesional” http…
980834563986546688, 1431189150, 2018-04-02T15:49:17.000Z, RT @juan_amorin: 📞 Roberto Baratta en #CronicaAnunciada:”El perito de la causa inventó fuentes, medidas y hasta su título profesional” http…
980840073695584258, 42921168, 2018-04-02T16:11:11.000Z, #Imperdible panorama para este fin de semana.  En @Biblioteca_Viva #Vespucio se presentarà Roberto Fuentes con su último libro: Algo malo dentro de mi. Todos invitados este sábado 7 de abril. Todos invitados. https://t.co/RprFHs8LCu
980841975678210048, 564667141, 2018-04-02T16:18:44.000Z, RT @fundalafuente: #Imperdible panorama para este fin de semana.  En @Biblioteca_Viva #Vespucio se presentarà Roberto Fuentes con su último…
980842761862766593, 2574683079, 2018-04-02T16:21:52.000Z, RT @fundalafuente: #Imperdible panorama para este fin de semana.  En @Biblioteca_Viva #Vespucio se presentarà Roberto Fuentes con su último…
980913059274379266, 1245042536, 2018-04-02T21:01:12.000Z, Algo malo dentro de mí una novela juvenil de Roberto Fuentes @megustaleercl https://t.co/6Knx6PB16Y
980914433340903424, 564667141, 2018-04-02T21:06:40.000Z, RT @mama_2punto0: Algo malo dentro de mí una novela juvenil de Roberto Fuentes @megustaleercl https://t.co/6Knx6PB16Y
980939877649960960, 4624652921, 2018-04-02T22:47:46.000Z, RT @juan_amorin: 📞 Roberto Baratta en #CronicaAnunciada:”El perito de la causa inventó fuentes, medidas y hasta su título profesional” http…
980949520082227201, 255098969, 2018-04-02T23:26:05.000Z, RT @juan_amorin: 📞 Roberto Baratta en #CronicaAnunciada:”El perito de la causa inventó fuentes, medidas y hasta su título profesional” http…
980949738441904128, 191623167, 2018-04-02T23:26:57.000Z, RT @juan_amorin: 📞 Roberto Baratta en #CronicaAnunciada:”El perito de la causa inventó fuentes, medidas y hasta su título profesional” http…
980982179919364097, 44739154, 2018-04-03T01:35:52.000Z, Angélica Rivera - Primera Dama del país. Victoria Ruffo - Primera Dama de Hidalgo. Cuauhtémoc Blanco - Presidente Municipal de Cuernavaca. Anahí Fuentes - Primera Dama de Chiapas. Carmen Salinas - Diputada. Roberto Palazuelos, Eduardo Capetillo, Alfonso de Nigris, candidatos WTF?
981001166778781696, 2349095475, 2018-04-03T02:51:18.000Z, RT @Roberto_BsAs: Más allá de sus modos, qué hizo de diferente Natacha Jaitt de lo que hace cualquier periodista, contar algo en base a fue…
981001252896206848, 3579222736, 2018-04-03T02:51:39.000Z, RT @Roberto_BsAs: Más allá de sus modos, qué hizo de diferente Natacha Jaitt de lo que hace cualquier periodista, contar algo en base a fue…
981001439974748160, 208384917, 2018-04-03T02:52:24.000Z, RT @Roberto_BsAs: Más allá de sus modos, qué hizo de diferente Natacha Jaitt de lo que hace cualquier periodista, contar algo en base a fue…
981001584686632960, 3400652687, 2018-04-03T02:52:58.000Z, RT @Roberto_BsAs: Más allá de sus modos, qué hizo de diferente Natacha Jaitt de lo que hace cualquier periodista, contar algo en base a fue…
981001615133077505, 262878916, 2018-04-03T02:53:05.000Z, RT @Roberto_BsAs: Más allá de sus modos, qué hizo de diferente Natacha Jaitt de lo que hace cualquier periodista, contar algo en base a fue…
981001708015947777, 1708342104, 2018-04-03T02:53:27.000Z, RT @Roberto_BsAs: Más allá de sus modos, qué hizo de diferente Natacha Jaitt de lo que hace cualquier periodista, contar algo en base a fue…
981001727787888640, 792790153, 2018-04-03T02:53:32.000Z, RT @Roberto_BsAs: Más allá de sus modos, qué hizo de diferente Natacha Jaitt de lo que hace cualquier periodista, contar algo en base a fue…
981001774671847424, 185356033, 2018-04-03T02:53:43.000Z, RT @Roberto_BsAs: Más allá de sus modos, qué hizo de diferente Natacha Jaitt de lo que hace cualquier periodista, contar algo en base a fue…
981002185193541633, 1359606312, 2018-04-03T02:55:21.000Z, RT @Roberto_BsAs: Más allá de sus modos, qué hizo de diferente Natacha Jaitt de lo que hace cualquier periodista, contar algo en base a fue…
981002266701434881, 2348031603, 2018-04-03T02:55:41.000Z, RT @Roberto_BsAs: Más allá de sus modos, qué hizo de diferente Natacha Jaitt de lo que hace cualquier periodista, contar algo en base a fue…
981002508268171266, 837098111474487296, 2018-04-03T02:56:38.000Z, RT @Roberto_BsAs: Más allá de sus modos, qué hizo de diferente Natacha Jaitt de lo que hace cualquier periodista, contar algo en base a fue…
981002538165133312, 2220737827, 2018-04-03T02:56:45.000Z, RT @Roberto_BsAs: Más allá de sus modos, qué hizo de diferente Natacha Jaitt de lo que hace cualquier periodista, contar algo en base a fue…
981002606440042496, 140435373, 2018-04-03T02:57:02.000Z, RT @Roberto_BsAs: Más allá de sus modos, qué hizo de diferente Natacha Jaitt de lo que hace cualquier periodista, contar algo en base a fue…
981003343349927936, 235148567, 2018-04-03T02:59:57.000Z, RT @Roberto_BsAs: Se sienta un periodista en un programa de televisión y cuenta sus investigaciones sin revelar fuentes, pero lo hace Natac…
981003344973127680, 4572181162, 2018-04-03T02:59:58.000Z, RT @Roberto_BsAs: Más allá de sus modos, qué hizo de diferente Natacha Jaitt de lo que hace cualquier periodista, contar algo en base a fue…
981003402669936641, 3578310742, 2018-04-03T03:00:12.000Z, RT @Roberto_BsAs: Más allá de sus modos, qué hizo de diferente Natacha Jaitt de lo que hace cualquier periodista, contar algo en base a fue…
981003666554540032, 457469845, 2018-04-03T03:01:14.000Z, RT @Roberto_BsAs: Se sienta un periodista en un programa de televisión y cuenta sus investigaciones sin revelar fuentes, pero lo hace Natac…
981003679263281152, 2349095475, 2018-04-03T03:01:17.000Z, RT @Roberto_BsAs: Se sienta un periodista en un programa de televisión y cuenta sus investigaciones sin revelar fuentes, pero lo hace Natac…
981003746405691392, 2492879710, 2018-04-03T03:01:33.000Z, RT @Roberto_BsAs: Más allá de sus modos, qué hizo de diferente Natacha Jaitt de lo que hace cualquier periodista, contar algo en base a fue…
981003805415411712, 140683906, 2018-04-03T03:01:48.000Z, RT @Roberto_BsAs: Más allá de sus modos, qué hizo de diferente Natacha Jaitt de lo que hace cualquier periodista, contar algo en base a fue…
981003890459070464, 2349095475, 2018-04-03T03:02:08.000Z, RT @Roberto_BsAs: Más allá de sus modos, qué hizo de diferente Natacha Jaitt de lo que hace cualquier periodista, contar algo en base a fue…
981003986672259072, 2349095475, 2018-04-03T03:02:31.000Z, RT @Roberto_BsAs: Más allá de sus modos, qué hizo de diferente Natacha Jaitt de lo que hace cualquier periodista, contar algo en base a fue…
981004304608788480, 821494844585603072, 2018-04-03T03:03:47.000Z, RT @Roberto_BsAs: Más allá de sus modos, qué hizo de diferente Natacha Jaitt de lo que hace cualquier periodista, contar algo en base a fue…
981004361408106497, 2492879710, 2018-04-03T03:04:00.000Z, RT @Roberto_BsAs: Más allá de sus modos, qué hizo de diferente Natacha Jaitt de lo que hace cualquier periodista, contar algo en base a fue…
981004524054896640, 235148567, 2018-04-03T03:04:39.000Z, RT @Roberto_BsAs: Más allá de sus modos, qué hizo de diferente Natacha Jaitt de lo que hace cualquier periodista, contar algo en base a fue…
981004958416941056, 4831228780, 2018-04-03T03:06:22.000Z, RT @Roberto_BsAs: Más allá de sus modos, qué hizo de diferente Natacha Jaitt de lo que hace cualquier periodista, contar algo en base a fue…
981004965031366656, 427704403, 2018-04-03T03:06:24.000Z, RT @Roberto_BsAs: Se sienta un periodista en un programa de televisión y cuenta sus investigaciones sin revelar fuentes, pero lo hace Natac…
981004984455237633, 83943345, 2018-04-03T03:06:29.000Z, RT @Roberto_BsAs: Más allá de sus modos, qué hizo de diferente Natacha Jaitt de lo que hace cualquier periodista, contar algo en base a fue…
981005444264185856, 4836964912, 2018-04-03T03:08:18.000Z, RT @Roberto_BsAs: Más allá de sus modos, qué hizo de diferente Natacha Jaitt de lo que hace cualquier periodista, contar algo en base a fue…
981005568054890496, 235148567, 2018-04-03T03:08:48.000Z, RT @Roberto_BsAs: Más allá de sus modos, qué hizo de diferente Natacha Jaitt de lo que hace cualquier periodista, contar algo en base a fue…
981005888214523904, 83943345, 2018-04-03T03:10:04.000Z, RT @Roberto_BsAs: Se sienta un periodista en un programa de televisión y cuenta sus investigaciones sin revelar fuentes, pero lo hace Natac…
981006021664694272, 856343124972642304, 2018-04-03T03:10:36.000Z, RT @Roberto_BsAs: Se sienta un periodista en un programa de televisión y cuenta sus investigaciones sin revelar fuentes, pero lo hace Natac…
981006390604058625, 4836964912, 2018-04-03T03:12:04.000Z, RT @Roberto_BsAs: Más allá de sus modos, qué hizo de diferente Natacha Jaitt de lo que hace cualquier periodista, contar algo en base a fue…
981006556581023746, 884552675429429248, 2018-04-03T03:12:43.000Z, RT @Roberto_BsAs: Más allá de sus modos, qué hizo de diferente Natacha Jaitt de lo que hace cualquier periodista, contar algo en base a fue…
981006665389694977, 4006582007, 2018-04-03T03:13:09.000Z, RT @Roberto_BsAs: Más allá de sus modos, qué hizo de diferente Natacha Jaitt de lo que hace cualquier periodista, contar algo en base a fue…
981006833182826497, 316464185, 2018-04-03T03:13:49.000Z, RT @Roberto_BsAs: Más allá de sus modos, qué hizo de diferente Natacha Jaitt de lo que hace cualquier periodista, contar algo en base a fue…
981006883237580800, 886033437295075328, 2018-04-03T03:14:01.000Z, RT @Roberto_BsAs: Más allá de sus modos, qué hizo de diferente Natacha Jaitt de lo que hace cualquier periodista, contar algo en base a fue…
981007297399926790, 856343124972642304, 2018-04-03T03:15:40.000Z, RT @Roberto_BsAs: Más allá de sus modos, qué hizo de diferente Natacha Jaitt de lo que hace cualquier periodista, contar algo en base a fue…
981007874607538176, 69954153, 2018-04-03T03:17:58.000Z, RT @Roberto_BsAs: Más allá de sus modos, qué hizo de diferente Natacha Jaitt de lo que hace cualquier periodista, contar algo en base a fue…
981008092942004225, 4643429801, 2018-04-03T03:18:50.000Z, RT @Roberto_BsAs: Más allá de sus modos, qué hizo de diferente Natacha Jaitt de lo que hace cualquier periodista, contar algo en base a fue…
981008203449237505, 62139262, 2018-04-03T03:19:16.000Z, RT @Roberto_BsAs: Más allá de sus modos, qué hizo de diferente Natacha Jaitt de lo que hace cualquier periodista, contar algo en base a fue…
981009475917242368, 634909784, 2018-04-03T03:24:19.000Z, RT @Roberto_BsAs: Más allá de sus modos, qué hizo de diferente Natacha Jaitt de lo que hace cualquier periodista, contar algo en base a fue…
981009913634787329, 3991226542, 2018-04-03T03:26:04.000Z, RT @Roberto_BsAs: Más allá de sus modos, qué hizo de diferente Natacha Jaitt de lo que hace cualquier periodista, contar algo en base a fue…
981010291524849665, 1319017194, 2018-04-03T03:27:34.000Z, RT @Roberto_BsAs: Más allá de sus modos, qué hizo de diferente Natacha Jaitt de lo que hace cualquier periodista, contar algo en base a fue…
981010473909981185, 1306423514, 2018-04-03T03:28:17.000Z, RT @Roberto_BsAs: Se sienta un periodista en un programa de televisión y cuenta sus investigaciones sin revelar fuentes, pero lo hace Natac…
981011018850725889, 2380574449, 2018-04-03T03:30:27.000Z, @Roberto_BsAs @estefaniacogni2 no es periodista y no hablo de fuentes, dijo que ella siguió a periodistas y otras personas y que por eso cobraba... algo ilegal mi amigo. si ahora dijera que sos pedófilo, con razón me mandarias a la mierda si mis argumentos fueran que soy trola y por eso nomiento? a la justicia
981011116410187776, 1684130443, 2018-04-03T03:30:51.000Z, RT @Roberto_BsAs: Más allá de sus modos, qué hizo de diferente Natacha Jaitt de lo que hace cualquier periodista, contar algo en base a fue…
981011225910837248, 1319017194, 2018-04-03T03:31:17.000Z, RT @Roberto_BsAs: Se sienta un periodista en un programa de televisión y cuenta sus investigaciones sin revelar fuentes, pero lo hace Natac…
981011416286220288, 243438382, 2018-04-03T03:32:02.000Z, RT @Roberto_BsAs: Más allá de sus modos, qué hizo de diferente Natacha Jaitt de lo que hace cualquier periodista, contar algo en base a fue…
981013542303301632, 61546242, 2018-04-03T03:40:29.000Z, RT @Roberto_BsAs: Se sienta un periodista en un programa de televisión y cuenta sus investigaciones sin revelar fuentes, pero lo hace Natac…
981013813267980289, 52228089, 2018-04-03T03:41:34.000Z, RT @Roberto_BsAs: Más allá de sus modos, qué hizo de diferente Natacha Jaitt de lo que hace cualquier periodista, contar algo en base a fue…
981013826194812928, 741813463354355712, 2018-04-03T03:41:37.000Z, RT @Roberto_BsAs: Más allá de sus modos, qué hizo de diferente Natacha Jaitt de lo que hace cualquier periodista, contar algo en base a fue…
981014287463403521, 147267819, 2018-04-03T03:43:27.000Z, RT @Roberto_BsAs: Más allá de sus modos, qué hizo de diferente Natacha Jaitt de lo que hace cualquier periodista, contar algo en base a fue…
981014690397609984, 2578951295, 2018-04-03T03:45:03.000Z, RT @Roberto_BsAs: Más allá de sus modos, qué hizo de diferente Natacha Jaitt de lo que hace cualquier periodista, contar algo en base a fue…
981015387084132353, 945682506975797249, 2018-04-03T03:47:49.000Z, RT @Roberto_BsAs: Se sienta un periodista en un programa de televisión y cuenta sus investigaciones sin revelar fuentes, pero lo hace Natac…
981015615023517696, 4023834813, 2018-04-03T03:48:43.000Z, RT @Roberto_BsAs: Más allá de sus modos, qué hizo de diferente Natacha Jaitt de lo que hace cualquier periodista, contar algo en base a fue…
981016147821846528, 774285367499513857, 2018-04-03T03:50:50.000Z, RT @Roberto_BsAs: Se sienta un periodista en un programa de televisión y cuenta sus investigaciones sin revelar fuentes, pero lo hace Natac…
981016452768714755, 2578951295, 2018-04-03T03:52:03.000Z, RT @Roberto_BsAs: Se sienta un periodista en un programa de televisión y cuenta sus investigaciones sin revelar fuentes, pero lo hace Natac…
981017188999028736, 4046659701, 2018-04-03T03:54:58.000Z, RT @Roberto_BsAs: Más allá de sus modos, qué hizo de diferente Natacha Jaitt de lo que hace cualquier periodista, contar algo en base a fue…
981021147734204423, 3368387537, 2018-04-03T04:10:42.000Z, RT @Roberto_BsAs: Más allá de sus modos, qué hizo de diferente Natacha Jaitt de lo que hace cualquier periodista, contar algo en base a fue…
981021435392151552, 720016005414699009, 2018-04-03T04:11:51.000Z, RT @Roberto_BsAs: Se sienta un periodista en un programa de televisión y cuenta sus investigaciones sin revelar fuentes, pero lo hace Natac…
981025818020335616, 1523661289, 2018-04-03T04:29:16.000Z, RT @Roberto_BsAs: Se sienta un periodista en un programa de televisión y cuenta sus investigaciones sin revelar fuentes, pero lo hace Natac…
981028486092554242, 3481864828, 2018-04-03T04:39:52.000Z, RT @Roberto_BsAs: Más allá de sus modos, qué hizo de diferente Natacha Jaitt de lo que hace cualquier periodista, contar algo en base a fue…
981031079883796480, 140601848, 2018-04-03T04:50:10.000Z, RT @Roberto_BsAs: Más allá de sus modos, qué hizo de diferente Natacha Jaitt de lo que hace cualquier periodista, contar algo en base a fue…
981031923513483264, 92138339, 2018-04-03T04:53:31.000Z, RT @Roberto_BsAs: Más allá de sus modos, qué hizo de diferente Natacha Jaitt de lo que hace cualquier periodista, contar algo en base a fue…
981033507647623168, 1604220710, 2018-04-03T04:59:49.000Z, RT @Roberto_BsAs: Más allá de sus modos, qué hizo de diferente Natacha Jaitt de lo que hace cualquier periodista, contar algo en base a fue…
981033794684833799, 92138339, 2018-04-03T05:00:58.000Z, RT @Roberto_BsAs: Se sienta un periodista en un programa de televisión y cuenta sus investigaciones sin revelar fuentes, pero lo hace Natac…
981038970741108736, 967178162525351936, 2018-04-03T05:21:32.000Z, RT @Roberto_BsAs: Más allá de sus modos, qué hizo de diferente Natacha Jaitt de lo que hace cualquier periodista, contar algo en base a fue…
981050879875919872, 1518086492, 2018-04-03T06:08:51.000Z, RT @Roberto_BsAs: Más allá de sus modos, qué hizo de diferente Natacha Jaitt de lo que hace cualquier periodista, contar algo en base a fue…
981052173286105093, 1518086492, 2018-04-03T06:13:59.000Z, RT @Roberto_BsAs: Se sienta un periodista en un programa de televisión y cuenta sus investigaciones sin revelar fuentes, pero lo hace Natac…
981062666117578752, 252930608, 2018-04-03T06:55:41.000Z, RT @Roberto_BsAs: Se sienta un periodista en un programa de televisión y cuenta sus investigaciones sin revelar fuentes, pero lo hace Natac…
981076985962287104, 3314004873, 2018-04-03T07:52:35.000Z, RT @Roberto_BsAs: Más allá de sus modos, qué hizo de diferente Natacha Jaitt de lo que hace cualquier periodista, contar algo en base a fue…
981078958073634816, 3314004873, 2018-04-03T08:00:25.000Z, RT @Roberto_BsAs: Se sienta un periodista en un programa de televisión y cuenta sus investigaciones sin revelar fuentes, pero lo hace Natac…
981085455381880832, 2245826771, 2018-04-03T08:26:14.000Z, RT @Roberto_BsAs: Más allá de sus modos, qué hizo de diferente Natacha Jaitt de lo que hace cualquier periodista, contar algo en base a fue…
981086941419638784, 551316759, 2018-04-03T08:32:09.000Z, RT @Roberto_BsAs: Se sienta un periodista en un programa de televisión y cuenta sus investigaciones sin revelar fuentes, pero lo hace Natac…
981088623415218176, 2256347447, 2018-04-03T08:38:50.000Z, RT @Roberto_BsAs: Más allá de sus modos, qué hizo de diferente Natacha Jaitt de lo que hace cualquier periodista, contar algo en base a fue…
981094716396703744, 4851173565, 2018-04-03T09:03:02.000Z, RT @Roberto_BsAs: Se sienta un periodista en un programa de televisión y cuenta sus investigaciones sin revelar fuentes, pero lo hace Natac…
981098343018434561, 4584600568, 2018-04-03T09:17:27.000Z, RT @Roberto_BsAs: Más allá de sus modos, qué hizo de diferente Natacha Jaitt de lo que hace cualquier periodista, contar algo en base a fue…
981101115461824512, 700448611381989376, 2018-04-03T09:28:28.000Z, RT @DavidAlonsoMed: José Roberto Fernández Caspio lleva años con esta lucha,silenciosa, pero muy preocupante, la contaminación por mercurio…
981109287350165505, 303344035, 2018-04-03T10:00:56.000Z, RT @Roberto_BsAs: Más allá de sus modos, qué hizo de diferente Natacha Jaitt de lo que hace cualquier periodista, contar algo en base a fue…
981115266263379969, 296451017, 2018-04-03T10:24:42.000Z, RT @Roberto_BsAs: Se sienta un periodista en un programa de televisión y cuenta sus investigaciones sin revelar fuentes, pero lo hace Natac…
981116466710933505, 1135435208, 2018-04-03T10:29:28.000Z, RT @Roberto_BsAs: Más allá de sus modos, qué hizo de diferente Natacha Jaitt de lo que hace cualquier periodista, contar algo en base a fue…
981117775098900480, 1747333177, 2018-04-03T10:34:40.000Z, RT @Cronicanunciada: 📻Roberto Baratta en #CronicaAnunciada: “El perito de la causa invento fuentes, medidas y hasta su título profesional”…
981119350458511366, 1135435208, 2018-04-03T10:40:56.000Z, RT @Roberto_BsAs: Se sienta un periodista en un programa de televisión y cuenta sus investigaciones sin revelar fuentes, pero lo hace Natac…
981119479341047809, 4006582007, 2018-04-03T10:41:26.000Z, RT @Roberto_BsAs: Se sienta un periodista en un programa de televisión y cuenta sus investigaciones sin revelar fuentes, pero lo hace Natac…
981119656051331072, 1370327316, 2018-04-03T10:42:08.000Z, RT @Cronicanunciada: 📻Roberto Baratta en #CronicaAnunciada: “El perito de la causa invento fuentes, medidas y hasta su título profesional”…
981127059878612992, 1379643769, 2018-04-03T11:11:34.000Z, RT @Roberto_BsAs: Más allá de sus modos, qué hizo de diferente Natacha Jaitt de lo que hace cualquier periodista, contar algo en base a fue…
981127855621967872, 38440550, 2018-04-03T11:14:43.000Z, RT @Roberto_BsAs: Más allá de sus modos, qué hizo de diferente Natacha Jaitt de lo que hace cualquier periodista, contar algo en base a fue…
981129395845976065, 937457557, 2018-04-03T11:20:51.000Z, RT @Roberto_BsAs: Más allá de sus modos, qué hizo de diferente Natacha Jaitt de lo que hace cualquier periodista, contar algo en base a fue…
981131525717716992, 1068879786, 2018-04-03T11:29:18.000Z, RT @Roberto_BsAs: Más allá de sus modos, qué hizo de diferente Natacha Jaitt de lo que hace cualquier periodista, contar algo en base a fue…
981132815805886464, 3775269923, 2018-04-03T11:34:26.000Z, RT @Roberto_BsAs: Más allá de sus modos, qué hizo de diferente Natacha Jaitt de lo que hace cualquier periodista, contar algo en base a fue…
981133173110210563, 195951682, 2018-04-03T11:35:51.000Z, RT @Roberto_BsAs: Más allá de sus modos, qué hizo de diferente Natacha Jaitt de lo que hace cualquier periodista, contar algo en base a fue…
981134592928337920, 2869225792, 2018-04-03T11:41:30.000Z, RT @Roberto_BsAs: Se sienta un periodista en un programa de televisión y cuenta sus investigaciones sin revelar fuentes, pero lo hace Natac…
981142590413266944, 561356979, 2018-04-03T12:13:16.000Z, RT @Roberto_BsAs: Más allá de sus modos, qué hizo de diferente Natacha Jaitt de lo que hace cualquier periodista, contar algo en base a fue…
981144595198300164, 301038211, 2018-04-03T12:21:14.000Z, RT @Roberto_BsAs: Más allá de sus modos, qué hizo de diferente Natacha Jaitt de lo que hace cualquier periodista, contar algo en base a fue…
981145833939898368, 958723947855572993, 2018-04-03T12:26:10.000Z, RT @Roberto_BsAs: Se sienta un periodista en un programa de televisión y cuenta sus investigaciones sin revelar fuentes, pero lo hace Natac…
981146151427674112, 732376542890885124, 2018-04-03T12:27:25.000Z, RT @Roberto_BsAs: Más allá de sus modos, qué hizo de diferente Natacha Jaitt de lo que hace cualquier periodista, contar algo en base a fue…
981147157716664325, 713184945750032385, 2018-04-03T12:31:25.000Z, RT @Roberto_BsAs: Más allá de sus modos, qué hizo de diferente Natacha Jaitt de lo que hace cualquier periodista, contar algo en base a fue…
981151213185110017, 3006339893, 2018-04-03T12:47:32.000Z, RT @Roberto_BsAs: Más allá de sus modos, qué hizo de diferente Natacha Jaitt de lo que hace cualquier periodista, contar algo en base a fue…
981153778413064194, 742197759042805760, 2018-04-03T12:57:44.000Z, RT @Roberto_BsAs: Más allá de sus modos, qué hizo de diferente Natacha Jaitt de lo que hace cualquier periodista, contar algo en base a fue…
981155989092265984, 490807594, 2018-04-03T13:06:31.000Z, RT @Roberto_BsAs: Más allá de sus modos, qué hizo de diferente Natacha Jaitt de lo que hace cualquier periodista, contar algo en base a fue…
981156369293283330, 88916289, 2018-04-03T13:08:02.000Z, Han leído a Roberto Fuentes? En el mes de marzo Me gusta leer Chile sacó su nuevo libro bajo el sello Nube de tinta. Ya lo leímos, pasen a ver nuestra reseña en la página. #MeGustaGaladnorCL  https://t.co/JNghWWalUp https://t.co/JNghWWalUp
981157058799120384, 1831553784, 2018-04-03T13:10:46.000Z, RT @Roberto_BsAs: Más allá de sus modos, qué hizo de diferente Natacha Jaitt de lo que hace cualquier periodista, contar algo en base a fue…
981158290917941248, 710987037281755137, 2018-04-03T13:15:40.000Z, RT @Roberto_BsAs: Se sienta un periodista en un programa de televisión y cuenta sus investigaciones sin revelar fuentes, pero lo hace Natac…
981166642162888704, 803347364, 2018-04-03T13:48:51.000Z, RT @Roberto_BsAs: Más allá de sus modos, qué hizo de diferente Natacha Jaitt de lo que hace cualquier periodista, contar algo en base a fue…
981167668664258561, 2924522779, 2018-04-03T13:52:56.000Z, RT @Roberto_BsAs: Más allá de sus modos, qué hizo de diferente Natacha Jaitt de lo que hace cualquier periodista, contar algo en base a fue…
981175867870126080, 202196587, 2018-04-03T14:25:30.000Z, RT @Roberto_BsAs: Más allá de sus modos, qué hizo de diferente Natacha Jaitt de lo que hace cualquier periodista, contar algo en base a fue…
981179608736256000, 709652292, 2018-04-03T14:40:22.000Z, RT @Roberto_BsAs: Más allá de sus modos, qué hizo de diferente Natacha Jaitt de lo que hace cualquier periodista, contar algo en base a fue…
981181382570496001, 905406630107512832, 2018-04-03T14:47:25.000Z, RT @Roberto_BsAs: Más allá de sus modos, qué hizo de diferente Natacha Jaitt de lo que hace cualquier periodista, contar algo en base a fue…
981182046147108865, 308851747, 2018-04-03T14:50:03.000Z, RT @Roberto_BsAs: Se sienta un periodista en un programa de televisión y cuenta sus investigaciones sin revelar fuentes, pero lo hace Natac…
981185099311075330, 1663302181, 2018-04-03T15:02:11.000Z, RT @Roberto_BsAs: Más allá de sus modos, qué hizo de diferente Natacha Jaitt de lo que hace cualquier periodista, contar algo en base a fue…
981185412805922817, 2550151646, 2018-04-03T15:03:26.000Z, RT @Roberto_BsAs: Más allá de sus modos, qué hizo de diferente Natacha Jaitt de lo que hace cualquier periodista, contar algo en base a fue…
981187581726613506, 427704403, 2018-04-03T15:12:03.000Z, RT @Roberto_BsAs: Más allá de sus modos, qué hizo de diferente Natacha Jaitt de lo que hace cualquier periodista, contar algo en base a fue…
981187700836401152, 392999994, 2018-04-03T15:12:32.000Z, RT @Roberto_BsAs: Más allá de sus modos, qué hizo de diferente Natacha Jaitt de lo que hace cualquier periodista, contar algo en base a fue…
981196698017034241, 720667056803311618, 2018-04-03T15:48:17.000Z, RT @Roberto_BsAs: Más allá de sus modos, qué hizo de diferente Natacha Jaitt de lo que hace cualquier periodista, contar algo en base a fue…
981197885235777537, 4321866322, 2018-04-03T15:53:00.000Z, RT @Roberto_BsAs: Más allá de sus modos, qué hizo de diferente Natacha Jaitt de lo que hace cualquier periodista, contar algo en base a fue…
981201902959497216, 315278595, 2018-04-03T16:08:58.000Z, ...Fernando Vázquez Rosas, nuevo titular de #CORAT; Manuel Fuentes Esperón, nuevo titular de @sedafoptab; Abraham López Cámara, nuevo titular de la @SCT_Tabasco; Eduardo Abreu, va a la @JEC_Tabasco en sustitución de Roberto Ocaña. (2/2) | #Tabasco #Noticias https://t.co/O2RJXiq5bn
981202152340246534, 160226882, 2018-04-03T16:09:57.000Z, RT @Roberto_BsAs: Más allá de sus modos, qué hizo de diferente Natacha Jaitt de lo que hace cualquier periodista, contar algo en base a fue…
981202384436293633, 886867863738486788, 2018-04-03T16:10:52.000Z, RT @Roberto_BsAs: Más allá de sus modos, qué hizo de diferente Natacha Jaitt de lo que hace cualquier periodista, contar algo en base a fue…
981203129445339140, 3096814089, 2018-04-03T16:13:50.000Z, RT @Roberto_BsAs: Más allá de sus modos, qué hizo de diferente Natacha Jaitt de lo que hace cualquier periodista, contar algo en base a fue…
981203994138865664, 132790941, 2018-04-03T16:17:16.000Z, RT @AhoraTabasco: ...Fernando Vázquez Rosas, nuevo titular de #CORAT; Manuel Fuentes Esperón, nuevo titular de @sedafoptab; Abraham López C…
981204818424487937, 3392850521, 2018-04-03T16:20:33.000Z, RT @Roberto_BsAs: Se sienta un periodista en un programa de televisión y cuenta sus investigaciones sin revelar fuentes, pero lo hace Natac…
981210915428331520, 1251690812, 2018-04-03T16:44:46.000Z, RT @Roberto_BsAs: Más allá de sus modos, qué hizo de diferente Natacha Jaitt de lo que hace cualquier periodista, contar algo en base a fue…
981216859897950209, 333009314, 2018-04-03T17:08:24.000Z, RT @Roberto_BsAs: Se sienta un periodista en un programa de televisión y cuenta sus investigaciones sin revelar fuentes, pero lo hace Natac…
981226912394641408, 3929056817, 2018-04-03T17:48:20.000Z, RT @Roberto_BsAs: Más allá de sus modos, qué hizo de diferente Natacha Jaitt de lo que hace cualquier periodista, contar algo en base a fue…
981228287488913408, 3403398057, 2018-04-03T17:53:48.000Z, RT @Roberto_BsAs: Se sienta un periodista en un programa de televisión y cuenta sus investigaciones sin revelar fuentes, pero lo hace Natac…
981234546040541184, 200239408, 2018-04-03T18:18:40.000Z, RT @Roberto_BsAs: Más allá de sus modos, qué hizo de diferente Natacha Jaitt de lo que hace cualquier periodista, contar algo en base a fue…
981236737413472257, 782961882634280960, 2018-04-03T18:27:23.000Z, RT @Roberto_BsAs: Más allá de sus modos, qué hizo de diferente Natacha Jaitt de lo que hace cualquier periodista, contar algo en base a fue…
981238469547749378, 3579222736, 2018-04-03T18:34:16.000Z, RT @Roberto_BsAs: Más allá de sus modos, qué hizo de diferente Natacha Jaitt de lo que hace cualquier periodista, contar algo en base a fue…
981245982854864896, 189347902, 2018-04-03T19:04:07.000Z, RT @Roberto_BsAs: Más allá de sus modos, qué hizo de diferente Natacha Jaitt de lo que hace cualquier periodista, contar algo en base a fue…
981262920276414466, 993733866, 2018-04-03T20:11:25.000Z, RT @Roberto_BsAs: Más allá de sus modos, qué hizo de diferente Natacha Jaitt de lo que hace cualquier periodista, contar algo en base a fue…
981266176008269824, 42921168, 2018-04-03T20:24:22.000Z, #Panorama #Imperdible para lectores. Este sábado 7 de abril a las 18pm el escritor Roberto Fuentes estará conversando en @Biblioteca_Viva  #Vespucio y presentando su nueva novela juvenil #AlgoMaloDentroDeMi ¡Todos invitados! https://t.co/yP1izF73GU
981267097765412865, 3293483935, 2018-04-03T20:28:01.000Z, RT @Roberto_BsAs: Más allá de sus modos, qué hizo de diferente Natacha Jaitt de lo que hace cualquier periodista, contar algo en base a fue…
981271184758198272, 564667141, 2018-04-03T20:44:16.000Z, RT @fundalafuente: #Panorama #Imperdible para lectores. Este sábado 7 de abril a las 18pm el escritor Roberto Fuentes estará conversando en…
981274590642147331, 723478814, 2018-04-03T20:57:48.000Z, RT @Roberto_BsAs: Más allá de sus modos, qué hizo de diferente Natacha Jaitt de lo que hace cualquier periodista, contar algo en base a fue…
981299659422486528, 929071049760804866, 2018-04-03T22:37:25.000Z, RT @Roberto_BsAs: Más allá de sus modos, qué hizo de diferente Natacha Jaitt de lo que hace cualquier periodista, contar algo en base a fue…
981299891594031104, 1597329390, 2018-04-03T22:38:20.000Z, RT @Roberto_BsAs: Se sienta un periodista en un programa de televisión y cuenta sus investigaciones sin revelar fuentes, pero lo hace Natac…
981323388588306436, 348682547, 2018-04-04T00:11:42.000Z, Diario Ejecutivo Por: #RobertoFuentesVivar &gt;&gt; Chipinque, Atalayos y #Eleccionesde2018 &gt;&gt; El modelo económico en juego de #Campañas &gt;&gt; ICE, #Banxico, peso, CNH, IDEAL, QR, #Bancomer https://t.co/BK2hYFh60Y https://t.co/toXJjeLPm3
981326750838919168, 752650178306465792, 2018-04-04T00:25:04.000Z, RT @Roberto_BsAs: Se sienta un periodista en un programa de televisión y cuenta sus investigaciones sin revelar fuentes, pero lo hace Natac…
981329482706509825, 223691573, 2018-04-04T00:35:55.000Z, On page 44 of 224 of Algo malo dentro de mí, by Roberto Fuentes https://t.co/CgsEjHwfCE
981346904880553984, 1383242246, 2018-04-04T01:45:09.000Z, Chipinque, Atalayos y elecciones de 2018  Roberto Fuentes Vivar https://t.co/Xhnek8rHj4 https://t.co/IsY4XFObz1
981346967182651392, 113731357, 2018-04-04T01:45:24.000Z, Chipinque, Atalayos y elecciones de 2018  Roberto Fuentes Vivar https://t.co/ip9ZaWZrXC https://t.co/1wxfXF63bN https://t.co/VDRjeNAV0n
981354162226188289, 2160334930, 2018-04-04T02:13:59.000Z, RT @Roberto_BsAs: Más allá de sus modos, qué hizo de diferente Natacha Jaitt de lo que hace cualquier periodista, contar algo en base a fue…
981355456470843392, 833364444445081600, 2018-04-04T02:19:08.000Z, RT @Roberto_BsAs: Más allá de sus modos, qué hizo de diferente Natacha Jaitt de lo que hace cualquier periodista, contar algo en base a fue…
981361170077581312, 701936033798168581, 2018-04-04T02:41:50.000Z, RT @Roberto_BsAs: Más allá de sus modos, qué hizo de diferente Natacha Jaitt de lo que hace cualquier periodista, contar algo en base a fue…
981445031088226304, 73869200, 2018-04-04T08:15:04.000Z, El cese de Roberto Llamas es a «petición propia», y fuentes del organismo aeroportuario recordaron que es debido a que su mujer y sus hijos viven en Palma. https://t.co/sNT9JC8Wo2
981482651843551239, 1728314785, 2018-04-04T10:44:33.000Z, RT @RdMarga: Reunión Territorial #MargaMarga con presentación de los candidatos a Consejero Politico Regional: Eugenio González, Juan Fco.…
981522374939021312, 1108253940, 2018-04-04T13:22:24.000Z, El frentista Raúl Escorza reconoce en entrevista frente a las cámaras de televisión que el FPMR ajustició (por no decir asesinó) al senador Guzmán, al Cdte Fach Roberto Fuentes Morrison (el 9.6.1989) y del Crl de Carab. Luis Fontaine (el 10.5.1990)  https://t.co/fEN2YWn3Y1 https://t.co/fpwURTAjgG
981522454161100801, 1604078918, 2018-04-04T13:22:43.000Z, RT @PLastropo: El frentista Raúl Escorza reconoce en entrevista frente a las cámaras de televisión que el FPMR ajustició (por no decir ases…
981522817652060160, 128235845, 2018-04-04T13:24:10.000Z, RT @PLastropo: El frentista Raúl Escorza reconoce en entrevista frente a las cámaras de televisión que el FPMR ajustició (por no decir ases…
981548664345767936, 115977443, 2018-04-04T15:06:52.000Z, RT @PLastropo: El frentista Raúl Escorza reconoce en entrevista frente a las cámaras de televisión que el FPMR ajustició (por no decir ases…
981554670387843072, 878331772320104448, 2018-04-04T15:30:44.000Z, RT @profesorlupa2: FE DE EROTHE = Imperdonable, hasta después de una noche de tragos: en mi Tuitter confundí a Octavio Paz con Carlos Fuent…
981559759496253440, 1942710062, 2018-04-04T15:50:57.000Z, #HN Arranca juicio contra Mario Zelaya y Bertetty. San Pedro Sula, HondurasEl exdirector del Seguro Social Mario Zelaya, el exgerente administrativo José Bertetty, Juan Carlos Maradiaga Ortiz y Carlos Roberto Fuentes llegaron este miércoles a los ... https://t.co/0rXqYR6zuX https://t.co/nNnVuRJXP5
981579002711363584, 143545821, 2018-04-04T17:07:25.000Z, #Nicaragua 🇳🇮| #Managua: Atrapan a mujer en el Huembes por tráfico de drogas  Fuentes ligadas a la Policía Nacional 👮‍♂️aseguran que la ciudadana es fuerte expendedora de la zona de ropa del Mercado Roberto Huembes.   Lea más en: https://t.co/xcUX7GS1Mm https://t.co/yqdgfrzcFO
981585692601004032, 141341391, 2018-04-04T17:34:00.000Z, El escritor Roberto Fuentes, autor de libros juveniles como "Küyen" y "Estrella", visitará @Biblioteca_Viva #Vespucio el sábado 7 a las 18h, para conversar sobre su nueva publicación "Algo malo dentro de mí". 👉 https://t.co/Oe08G4ztLD https://t.co/dEFAIJbd3E
981666881215098880, 223691573, 2018-04-04T22:56:37.000Z, On page 194 of 224 of Algo malo dentro de mí, by Roberto Fuentes https://t.co/1oe0hsKVOM
981707019378835456, 703649665, 2018-04-05T01:36:07.000Z, @adioszurdos @GirealaDerecha @MarianaLaActriz @gteillier @Claunubed @Regia_Pam @michellenomasab @cgloriabb @Poracando @anzunza @Budoia2005 @FridaSiKahlo @lauritalumaco1 Cara dura / nombraremos más de 1:  cabo Luis Fuentes, Senador Jaime Guzmán, Teniente Coronel Roger Vergara, Mayor General Carol Urzúa junto a dos escoltas, el cabo 1° Carlos Riveros y el cabo 2° José Aguayo, comandante FACH Roberto Fuentes y hay más!!!!!! #ChileDijoNoALosZurdos
981708927359508481, 1452965868, 2018-04-05T01:43:42.000Z, RT @CototoA: @adioszurdos @GirealaDerecha @MarianaLaActriz @gteillier @Claunubed @Regia_Pam @michellenomasab @cgloriabb @Poracando @anzunza…
981709424925569025, 342261466, 2018-04-05T01:45:40.000Z, RT @CototoA: @adioszurdos @GirealaDerecha @MarianaLaActriz @gteillier @Claunubed @Regia_Pam @michellenomasab @cgloriabb @Poracando @anzunza…
981718053338542081, 2430989185, 2018-04-05T02:19:58.000Z, Conoci a Roberto Fuentes Morison https://t.co/eJ8DMnrbg3
981719092662022144, 939671172, 2018-04-05T02:24:05.000Z, RT @CototoA: @adioszurdos @GirealaDerecha @MarianaLaActriz @gteillier @Claunubed @Regia_Pam @michellenomasab @cgloriabb @Poracando @anzunza…
981719266926977024, 136071990, 2018-04-05T02:24:47.000Z, RT @diazfarfanm: Conoci a Roberto Fuentes Morison https://t.co/eJ8DMnrbg3
981719963059843072, 2165230101, 2018-04-05T02:27:33.000Z, RT @CototoA: @adioszurdos @GirealaDerecha @MarianaLaActriz @gteillier @Claunubed @Regia_Pam @michellenomasab @cgloriabb @Poracando @anzunza…
981720527059513344, 99224528, 2018-04-05T02:29:47.000Z, RT @diazfarfanm: Conoci a Roberto Fuentes Morison https://t.co/eJ8DMnrbg3
981723776651063298, 223691573, 2018-04-05T02:42:42.000Z, 3 of 5 stars to Algo malo dentro de mí by Roberto Fuentes https://t.co/kARMl830jn
981753844693483521, 865940452754763776, 2018-04-05T04:42:11.000Z, RT @CototoA: @adioszurdos @GirealaDerecha @MarianaLaActriz @gteillier @Claunubed @Regia_Pam @michellenomasab @cgloriabb @Poracando @anzunza…
981862636534009857, 322126942, 2018-04-05T11:54:29.000Z, RT @CototoA: @adioszurdos @GirealaDerecha @MarianaLaActriz @gteillier @Claunubed @Regia_Pam @michellenomasab @cgloriabb @Poracando @anzunza…
981866712621633536, 1473022574, 2018-04-05T12:10:41.000Z, RT @CototoA: @adioszurdos @GirealaDerecha @MarianaLaActriz @gteillier @Claunubed @Regia_Pam @michellenomasab @cgloriabb @Poracando @anzunza…
981884428774445056, 59252524, 2018-04-05T13:21:05.000Z, @FiloContigo @roberto_saa @rodrigoulloa No olvidar que hubo un "Somos el Mundo" interpetado por el Pollo Fuentes, la Simonetti, Gervasio, Jorge Caraccioli, Wildo y Juan Antonio Labra, entre otros... acá la joya https://t.co/CDPQl8aUXE
981904632950808577, 145329335, 2018-04-05T14:41:22.000Z, RT @Roberto_BsAs: Más allá de sus modos, qué hizo de diferente Natacha Jaitt de lo que hace cualquier periodista, contar algo en base a fue…
981937358118498305, 70007518, 2018-04-05T16:51:24.000Z, #ESTADO Maclovio Murillo deja coordinación jurídica estatal, arriban Jorge Espinoza, Roberto Fuentes y Víctor Rodríguez.  https://t.co/CyovynzmLX https://t.co/KKwBQsgxBI
981948815312814081, 564667141, 2018-04-05T17:36:55.000Z, RT @Biblioteca_Viva: El escritor Roberto Fuentes, autor de libros juveniles como "Küyen" y "Estrella", visitará @Biblioteca_Viva #Vespucio…
981951999544561667, 2574683079, 2018-04-05T17:49:35.000Z, RT @Biblioteca_Viva: El escritor Roberto Fuentes, autor de libros juveniles como "Küyen" y "Estrella", visitará @Biblioteca_Viva #Vespucio…
981956101791870977, 92433798, 2018-04-05T18:05:53.000Z, Con gran gusto recibimos en @GobiernoEdoChih a 4 nuevos titulares seleccionados por su experiencia y profesionalismo: Jorge Espinoza, Consejería Jurídica; Víctor Rodríguez en @SDMCHIHUAHUA1; Pablo García, Subsría de Ingresos en @SHGobChih; Roberto Fuentes, Coord. de Asesores. https://t.co/EQ9chCDeUP
981956236106231808, 73504958, 2018-04-05T18:06:25.000Z, RT @Javier_Corral: Con gran gusto recibimos en @GobiernoEdoChih a 4 nuevos titulares seleccionados por su experiencia y profesionalismo: Jo…
981956519100006405, 60235922, 2018-04-05T18:07:32.000Z, RT @Javier_Corral: Con gran gusto recibimos en @GobiernoEdoChih a 4 nuevos titulares seleccionados por su experiencia y profesionalismo: Jo…
981956521838784513, 284302324, 2018-04-05T18:07:33.000Z, RT @Javier_Corral: Con gran gusto recibimos en @GobiernoEdoChih a 4 nuevos titulares seleccionados por su experiencia y profesionalismo: Jo…
981958495493939200, 53476755, 2018-04-05T18:15:23.000Z, RT @Javier_Corral: Con gran gusto recibimos en @GobiernoEdoChih a 4 nuevos titulares seleccionados por su experiencia y profesionalismo: Jo…
981960101530611712, 4333775001, 2018-04-05T18:21:46.000Z, @oscarortizsv en conferencia de @Ecomsv "Reafirmamos que no habrá incremento de impuestos en el transcurso de este período" Acompañan conferencia Ministro de Hacienda, Nelson Fuentes,  y Viceministro de Hacienda, Roberto Solórzano. https://t.co/ISR7tihi1v
981960206711250944, 2966063019, 2018-04-05T18:22:11.000Z, RT @AduanasESA: @oscarortizsv en conferencia de @Ecomsv "Reafirmamos que no habrá incremento de impuestos en el transcurso de este período"…
981961068162486272, 269830428, 2018-04-05T18:25:37.000Z, RT @AduanasESA: @oscarortizsv en conferencia de @Ecomsv "Reafirmamos que no habrá incremento de impuestos en el transcurso de este período"…
981961255614369792, 177286247, 2018-04-05T18:26:21.000Z, RT @Javier_Corral: Con gran gusto recibimos en @GobiernoEdoChih a 4 nuevos titulares seleccionados por su experiencia y profesionalismo: Jo…
981961416839258114, 141341391, 2018-04-05T18:27:00.000Z, Roberto Fuentes, autor de libros juveniles como "Küyen" y "Estrella", visitará @Biblioteca_Viva #Vespucio, para presentar su obra más reciente: "Algo malo dentro de mí". La cita es para el sábado 7 a las 18h. 👉 https://t.co/Oe08G4ztLD https://t.co/weS4bf5nUi
981966742447706112, 1270741339, 2018-04-05T18:48:10.000Z, RT @Javier_Corral: Con gran gusto recibimos en @GobiernoEdoChih a 4 nuevos titulares seleccionados por su experiencia y profesionalismo: Jo…
981968354830319618, 379017586, 2018-04-05T18:54:34.000Z, RT @Javier_Corral: Con gran gusto recibimos en @GobiernoEdoChih a 4 nuevos titulares seleccionados por su experiencia y profesionalismo: Jo…
981968455250391040, 2319603968, 2018-04-05T18:54:58.000Z, RT @AduanasESA: @oscarortizsv en conferencia de @Ecomsv "Reafirmamos que no habrá incremento de impuestos en el transcurso de este período"…
981970377629827072, 820387254577176576, 2018-04-05T19:02:36.000Z, RT @Javier_Corral: Con gran gusto recibimos en @GobiernoEdoChih a 4 nuevos titulares seleccionados por su experiencia y profesionalismo: Jo…
981985073216897024, 42921168, 2018-04-05T20:01:00.000Z, #Panorama #Imperdible para lectores. En @Biblioteca_Viva #Vespucio el escritor Roberto Fuentes estará conversando en y presentando su nueva novela juvenil #AlgoMaloDentroDeMi ¡Todos invitados! La cita es a las 18:00. Más detalles en la imagen! https://t.co/PBbSMQMzym
981985802682068992, 31196936, 2018-04-05T20:03:54.000Z, RT @fundalafuente: #Panorama #Imperdible para lectores. En @Biblioteca_Viva #Vespucio el escritor Roberto Fuentes estará conversando en y p…
981996518231199746, 223691573, 2018-04-05T20:46:29.000Z, Algo malo dentro de mí (Roberto Fuentes) https://t.co/SYT5laZx2j on @bloglovin
981996615811526656, 3018831033, 2018-04-05T20:46:52.000Z, RT @Javier_Corral: Con gran gusto recibimos en @GobiernoEdoChih a 4 nuevos titulares seleccionados por su experiencia y profesionalismo: Jo…
982001452481642496, 113090072, 2018-04-05T21:06:05.000Z, Para lo que ver sirve ser Runner. Miguel Oliveros Xera Attaque Edmundo Emmanuel Hernandez Fernando Gallardo Fernando Fuentes De La Torre Charlie Ruh Jorge Luis Pérez Javier Acosta Rodriguez Roberto Blanco https://t.co/xqAVDAPCur
982037772415283200, 106578864, 2018-04-05T23:30:24.000Z, ... Roberto Andrés Fuentes Rascón como Coordinador de Asesores y Proyectos Especiales y Juan Pablo García Delgado a la Subsecretaría de Ingresos.
982039154283466752, 412662196, 2018-04-05T23:35:54.000Z, RT @Javier_Corral: Con gran gusto recibimos en @GobiernoEdoChih a 4 nuevos titulares seleccionados por su experiencia y profesionalismo: Jo…
982060716457889792, 130692711, 2018-04-06T01:01:35.000Z, RT @Javier_Corral: Con gran gusto recibimos en @GobiernoEdoChih a 4 nuevos titulares seleccionados por su experiencia y profesionalismo: Jo…
982072853406285824, 936079350822260742, 2018-04-06T01:49:48.000Z, RT @fundalafuente: #Panorama #Imperdible para lectores. En @Biblioteca_Viva #Vespucio el escritor Roberto Fuentes estará conversando en y p…
982085918562529280, 203388357, 2018-04-06T02:41:43.000Z, RT @Javier_Corral: Con gran gusto recibimos en @GobiernoEdoChih a 4 nuevos titulares seleccionados por su experiencia y profesionalismo: Jo…
982087598272163842, 913591874819985408, 2018-04-06T02:48:24.000Z, RT @Javier_Corral: Con gran gusto recibimos en @GobiernoEdoChih a 4 nuevos titulares seleccionados por su experiencia y profesionalismo: Jo…
982143790264631296, 865775547292553217, 2018-04-06T06:31:41.000Z, RT @Javier_Corral: Con gran gusto recibimos en @GobiernoEdoChih a 4 nuevos titulares seleccionados por su experiencia y profesionalismo: Jo…
982169987132547073, 335229459, 2018-04-06T08:15:47.000Z, CAMPEONES (Comedia) ft. @javiergutialva Luisa Gavasa, Daniel Freire, Itziar Castro, Juan Margallo, Athenea Mata, Roberto Chinchilla, Julio Fernández, Alberto Nieto Ferrández, Jesús Vidal, Gloria Ramos, Jesús Lago, Fran Fuentes, Stefan López, Sergio Olmo #EstrenosDeCine #Campeones https://t.co/QimWDqA3nf
982214809176358923, 236602067, 2018-04-06T11:13:53.000Z, La dimensión del proceso electoral 2018, escribe Roberto Fuentes López https://t.co/AmeSihz8qv
982240336884916224, 1029078740, 2018-04-06T12:55:20.000Z, #DíasDeRadio @radionica  Creo que hay muchos "primeros" libros. Aquellos que te cambian la manera de leer.  Pienso en los cuentos de Borges, Joyce, Carlos Fuentes, Cortázar.  Recomiendo La ceiba de la memoria de Roberto Burgos.
982288185664462848, 284183428, 2018-04-06T16:05:28.000Z, RT @fundalafuente: #Panorama #Imperdible para lectores. En @Biblioteca_Viva #Vespucio el escritor Roberto Fuentes estará conversando en y p…
982302407077048320, 564667141, 2018-04-06T17:01:58.000Z, RT @Biblioteca_Viva: Roberto Fuentes, autor de libros juveniles como "Küyen" y "Estrella", visitará @Biblioteca_Viva #Vespucio, para presen…
982327579947380736, 872529876, 2018-04-06T18:42:00.000Z, 🗓️ 6 de abril de 1940   👉🏼 Justo Roberto Maeso, 27 años, #jornalero, de #Caudete de las Fuentes   ☠️ ASESINADO por #Franco en 'El Terrer' de #Paterna
982327823040958466, 826921796037402630, 2018-04-06T18:42:58.000Z, RT @paredonpaterna: 🗓️ 6 de abril de 1940   👉🏼 Justo Roberto Maeso, 27 años, #jornalero, de #Caudete de las Fuentes   ☠️ ASESINADO por #Fra…
982331283673112576, 3064247597, 2018-04-06T18:56:43.000Z, RT @paredonpaterna: 🗓️ 6 de abril de 1940   👉🏼 Justo Roberto Maeso, 27 años, #jornalero, de #Caudete de las Fuentes   ☠️ ASESINADO por #Fra…
982332807149219840, 894135973, 2018-04-06T19:02:46.000Z, RT @paredonpaterna: 🗓️ 6 de abril de 1940   👉🏼 Justo Roberto Maeso, 27 años, #jornalero, de #Caudete de las Fuentes   ☠️ ASESINADO por #Fra…
982341421377011712, 141341391, 2018-04-06T19:37:00.000Z, #EventoLiterario Mañana sábado, a las 18.00 horas, Roberto Fuentes, autor de los libros juveniles "Küyen" y "Estrella", visitará @Biblioteca_Viva #Vespucio para presentarnos su nuevo libro "Algo malo dentro de mí". ¡Todos invitados! 👉 https://t.co/Oe08G4R4Db https://t.co/HLK4tuul7d
982346865235537921, 2575871049, 2018-04-06T19:58:38.000Z, RT @paredonpaterna: 🗓️ 6 de abril de 1940   👉🏼 Justo Roberto Maeso, 27 años, #jornalero, de #Caudete de las Fuentes   ☠️ ASESINADO por #Fra…
982366832953831424, 35885190, 2018-04-06T21:17:59.000Z, Cosas que te gustaría ver en LUIS MIGUEL: LA SERIE / cuando se drogaba con Roberto Palazuelos, cómo se ligó a Deisy Fuentes y Mariah Carey, cuando lo evangelizaron los hermanos Hermosillo (Torre Fuerte) etc.
