id, author_id, created_at, text
610877171322777600, 15914076, 2015-06-16T18:30:41.000Z, You Need This, FREE Training By Multimillionaire &amp; Success In Minutes Coach Robert Hollis, Sr.... http://t.co/NXRAx8crUp
610877247608737792, 15914076, 2015-06-16T18:31:00.000Z, You Need This, FREE Training By Multimillionaire &amp; Success In Minutes Coach Robert Hollis, Sr.  http://t.co/Y8BnMsjnk1
610995029994139648, 131998380, 2015-06-17T02:19:01.000Z, Robert Hollis se Une a GanoLife http://t.co/Fsmz9tEj3i
611087801044631552, 1121028096, 2015-06-17T08:27:39.000Z, http://t.co/0xVIIQnOMl... http://t.co/6TnVI6GgyC
611203809705086976, 302537006, 2015-06-17T16:08:38.000Z, Gethro Shecko LaCroix and Robert Hollis https://t.co/ZCxwOxfD1l via @YouTube
611304789071273985, 131998380, 2015-06-17T22:49:53.000Z, Robert Hollis se Une a GanoLife http://t.co/Fsmz9tmIbK
611306923204476928, 307103079, 2015-06-17T22:58:22.000Z, : Timeline PhotosLive Q&amp;A / Ask Us Anything with Robert Hollis Jr. Tonight 9pm ET / 6pm PT https://t.co/CNmFr3Mcvq... http://t.co/mXYkosR4s2
611483214654259200, 974365879, 2015-06-18T10:38:53.000Z, We have a better way   Robert Hollis tells you about our industry and profession. Why is what we do better then... http://t.co/z5Xc5Q72La
611683432473624576, 974365879, 2015-06-18T23:54:29.000Z, My goal is to sponsor and help train 10 people in Robert Hollis' "Success In Minutes  University" in the year to... http://t.co/AYUyiNl064
611684589132775424, 61875868, 2015-06-18T23:59:05.000Z, They have Hollis Thompson, Jerami Grant, and Robert Covington here as well. #sixers
611723197667536896, 546383985, 2015-06-19T02:32:30.000Z, Encuentran cuerpo decapitado de Robert Lee Hollis en Inglewood @oborraez con más del caso--&gt; http://t.co/xPUtIO9ulo http://t.co/eKXt658JVI
611723859973136385, 341230706, 2015-06-19T02:35:08.000Z, RT @NU34LA: Encuentran cuerpo decapitado de Robert Lee Hollis en Inglewood @oborraez con más del caso--&gt; http://t.co/xPUtIO9ulo http://t.co…
611725010000986112, 84963209, 2015-06-19T02:39:42.000Z, RT @NU34LA: Encuentran cuerpo decapitado de Robert Lee Hollis en Inglewood @oborraez con más del caso--&gt; http://t.co/xPUtIO9ulo http://t.co…
611727349885710337, 963939163, 2015-06-19T02:49:00.000Z, RT @NU34LA: Encuentran cuerpo decapitado de Robert Lee Hollis en Inglewood @oborraez con más del caso--&gt; http://t.co/xPUtIO9ulo http://t.co…
611731393299636225, 1350806827, 2015-06-19T03:05:04.000Z, RT @NU34LA: Encuentran cuerpo decapitado de Robert Lee Hollis en Inglewood @oborraez con más del caso--&gt; http://t.co/xPUtIO9ulo http://t.co…
611758640555532288, 3055908227, 2015-06-19T04:53:20.000Z, ABC7: RT ABC7Elex: Sources tell ABC7 Robert Hollis was found decapitated inside his #Inglewood apt. Homicide inves… http://t.co/rKibJD8GQu
611763143706963968, 217171644, 2015-06-19T05:11:14.000Z, huge star power out tonight at Sixers uniform unveiling. Hollis Thompson, Robert Covington AND Jerami Grant all under one roof. #2manystars
611765148525539329, 1064472972, 2015-06-19T05:19:12.000Z, wTf RT @ABC7Elex: Sources tell @ABC7 Robert Hollis was found decapitated inside his #Inglewood apt. ... http://t.co/5mCkNSIa63
611791242339422208, 16374678, 2015-06-19T07:02:53.000Z, INGLEWOOD UPDATE: Robert Hollis' head remains missing, according to family members http://t.co/6L5qX8f7lh http://t.co/yhx2bxBxUZ
611791291563638785, 19515702, 2015-06-19T07:03:05.000Z, RT @ABC7: INGLEWOOD UPDATE: Robert Hollis' head remains missing, according to family members http://t.co/6L5qX8f7lh http://t.co/yhx2bxBxUZ
611791754883280896, 181831750, 2015-06-19T07:04:55.000Z, RT @ABC7: INGLEWOOD UPDATE: Robert Hollis' head remains missing, according to family members http://t.co/6L5qX8f7lh http://t.co/yhx2bxBxUZ
611791834130427904, 878496672, 2015-06-19T07:05:14.000Z, RT @ABC7: INGLEWOOD UPDATE: Robert Hollis' head remains missing, according to family members http://t.co/6L5qX8f7lh http://t.co/yhx2bxBxUZ
611792092096892928, 53226263, 2015-06-19T07:06:15.000Z, RT @ABC7: INGLEWOOD UPDATE: Robert Hollis' head remains missing, according to family members http://t.co/6L5qX8f7lh http://t.co/yhx2bxBxUZ
611792153140969472, 60298957, 2015-06-19T07:06:30.000Z, RT @ABC7: INGLEWOOD UPDATE: Robert Hollis' head remains missing, according to family members http://t.co/6L5qX8f7lh http://t.co/yhx2bxBxUZ
611792242550833153, 113204555, 2015-06-19T07:06:51.000Z, RT @ABC7: INGLEWOOD UPDATE: Robert Hollis' head remains missing, according to family members http://t.co/6L5qX8f7lh http://t.co/yhx2bxBxUZ
611792501419081728, 21507441, 2015-06-19T07:07:53.000Z, RT @ABC7: INGLEWOOD UPDATE: Robert Hollis' head remains missing, according to family members http://t.co/6L5qX8f7lh http://t.co/yhx2bxBxUZ
611792595610566656, 131021774, 2015-06-19T07:08:16.000Z, WTFRT @ABC7: INGLEWOOD UPDATE: Robert Hollis' head remains missin, according to family members http://t.co/bpiBRdTCis http://t.co/j6Ne8nbLPT
611792652044861440, 51664995, 2015-06-19T07:08:29.000Z, RT @ABC7: INGLEWOOD UPDATE: Robert Hollis' head remains missing, according to family members http://t.co/6L5qX8f7lh http://t.co/yhx2bxBxUZ
611792785285316608, 609444082, 2015-06-19T07:09:01.000Z, RT @ABC7: INGLEWOOD UPDATE: Robert Hollis' head remains missing, according to family members http://t.co/6L5qX8f7lh http://t.co/yhx2bxBxUZ
611792882647699456, 1852596007, 2015-06-19T07:09:24.000Z, RT @ABC7: INGLEWOOD UPDATE: Robert Hollis' head remains missing, according to family members http://t.co/6L5qX8f7lh http://t.co/yhx2bxBxUZ
611792948317962240, 568536761, 2015-06-19T07:09:40.000Z, RT @ABC7: INGLEWOOD UPDATE: Robert Hollis' head remains missing, according to family members http://t.co/6L5qX8f7lh http://t.co/yhx2bxBxUZ
611793044187185156, 29401785, 2015-06-19T07:10:02.000Z, RT @2Tanks_DRE: WTFRT @ABC7: INGLEWOOD UPDATE: Robert Hollis' head remains missin, according to family members http://t.co/bpiBRdTCis http:…
611793276052463616, 142109546, 2015-06-19T07:10:58.000Z, RT @ABC7: INGLEWOOD UPDATE: Robert Hollis' head remains missing, according to family members http://t.co/6L5qX8f7lh http://t.co/yhx2bxBxUZ
611793355895259136, 834672494, 2015-06-19T07:11:17.000Z, RT @ABC7: INGLEWOOD UPDATE: Robert Hollis' head remains missing, according to family members http://t.co/6L5qX8f7lh http://t.co/yhx2bxBxUZ
611793598967906305, 622348818, 2015-06-19T07:12:15.000Z, RT @ABC7: INGLEWOOD UPDATE: Robert Hollis' head remains missing, according to family members http://t.co/6L5qX8f7lh http://t.co/yhx2bxBxUZ
611793697726791680, 394123460, 2015-06-19T07:12:38.000Z, RT @ABC7: INGLEWOOD UPDATE: Robert Hollis' head remains missing, according to family members http://t.co/6L5qX8f7lh http://t.co/yhx2bxBxUZ
611793731277074432, 441500689, 2015-06-19T07:12:46.000Z, RT @ABC7: INGLEWOOD UPDATE: Robert Hollis' head remains missing, according to family members http://t.co/6L5qX8f7lh http://t.co/yhx2bxBxUZ
611794425577013248, 397018861, 2015-06-19T07:15:32.000Z, RT @ABC7: INGLEWOOD UPDATE: Robert Hollis' head remains missing, according to family members http://t.co/6L5qX8f7lh http://t.co/yhx2bxBxUZ
611794609719635968, 3055908227, 2015-06-19T07:16:16.000Z, ABC7: INGLEWOOD UPDATE: Robert Hollis' head remains missing, according to family members http://t.co/CpAH9zsIPr http://t.co/QrYAkUNhZH
611796234764849152, 163727675, 2015-06-19T07:22:43.000Z, RT @ABC7: INGLEWOOD UPDATE: Robert Hollis' head remains missing, according to family members http://t.co/6L5qX8f7lh http://t.co/yhx2bxBxUZ
611798480122589184, 2398834460, 2015-06-19T07:31:38.000Z, RT @ABC7: INGLEWOOD UPDATE: Robert Hollis' head remains missing, according to family members http://t.co/6L5qX8f7lh http://t.co/yhx2bxBxUZ
611800674766958592, 1575920516, 2015-06-19T07:40:22.000Z, RT @ABC7: INGLEWOOD UPDATE: Robert Hollis' head remains missing, according to family members http://t.co/6L5qX8f7lh http://t.co/yhx2bxBxUZ
611800812113694720, 433689392, 2015-06-19T07:40:54.000Z, RT @ABC7: INGLEWOOD UPDATE: Robert Hollis' head remains missing, according to family members http://t.co/6L5qX8f7lh http://t.co/yhx2bxBxUZ
611801902070657024, 885381829, 2015-06-19T07:45:14.000Z, RT @NU34LA: Encuentran cuerpo decapitado de Robert Lee Hollis en Inglewood @oborraez con más del caso--&gt; http://t.co/xPUtIO9ulo http://t.co…
611801934182256640, 55450952, 2015-06-19T07:45:22.000Z, RT @ABC7: INGLEWOOD UPDATE: Robert Hollis' head remains missing, according to family members http://t.co/6L5qX8f7lh http://t.co/yhx2bxBxUZ
611804733234253824, 3331822781, 2015-06-19T07:56:29.000Z, RT @ABC7: INGLEWOOD UPDATE: Robert Hollis' head remains missing, according to family members http://t.co/6L5qX8f7lh http://t.co/yhx2bxBxUZ
611809039970775040, 199056422, 2015-06-19T08:13:36.000Z, RT @ABC7: INGLEWOOD UPDATE: Robert Hollis' head remains missing, according to family members http://t.co/6L5qX8f7lh http://t.co/yhx2bxBxUZ
611809629056581632, 2542989063, 2015-06-19T08:15:57.000Z, RT @ABC7: INGLEWOOD UPDATE: Robert Hollis' head remains missing, according to family members http://t.co/6L5qX8f7lh http://t.co/yhx2bxBxUZ
611810373637804033, 158200214, 2015-06-19T08:18:54.000Z, "@ABC7: INGLEWOOD UPDATE: Robert Hollis' head remains missing, according to family members http://t.co/OpCDUAIpFe http://t.co/CwhTWTzde2"
611818735620517888, 2975158612, 2015-06-19T08:52:08.000Z, Thank you Robert Hollis for being my mentor and friend, you have really change my life!  #comfortzone… https://t.co/s89R01v0GC
611851933263867904, 974365879, 2015-06-19T11:04:03.000Z, Who Is Your Coach/Mentor?  Robert Hollis  http://t.co/FHtfHUwSpy http://t.co/t7c3jZWAhP
611886660855296001, 3094950536, 2015-06-19T13:22:02.000Z, RT @ABC7: INGLEWOOD UPDATE: Robert Hollis' head remains missing, according to family members http://t.co/6L5qX8f7lh http://t.co/yhx2bxBxUZ
611893374392471552, 627014279, 2015-06-19T13:48:43.000Z, RT @NU34LA: Encuentran cuerpo decapitado de Robert Lee Hollis en Inglewood @oborraez con más del caso--&gt; http://t.co/xPUtIO9ulo http://t.co…
611903889076391936, 29713568, 2015-06-19T14:30:30.000Z, RT @NU34LA: Encuentran cuerpo decapitado de Robert Lee Hollis en Inglewood @oborraez con más del caso--&gt; http://t.co/xPUtIO9ulo http://t.co…
611933343274242048, 48356699, 2015-06-19T16:27:32.000Z, RT @ABC7: INGLEWOOD UPDATE: Robert Hollis' head remains missing, according to family members http://t.co/6L5qX8f7lh http://t.co/yhx2bxBxUZ
611933448408698880, 263825528, 2015-06-19T16:27:57.000Z, RT @ABC7: INGLEWOOD UPDATE: Robert Hollis' head remains missing, according to family members http://t.co/6L5qX8f7lh http://t.co/yhx2bxBxUZ
611936831060447232, 10252962, 2015-06-19T16:41:24.000Z, Update: Body of man, 75, found Thursday in Inglewood identified as Robert Hollis http://t.co/LyyoZVEpzN http://t.co/3qzPAfh0Yq
611937301917085696, 348201245, 2015-06-19T16:43:16.000Z, RT @KTLA: Update: Body of man, 75, found Thursday in Inglewood identified as Robert Hollis http://t.co/LyyoZVEpzN http://t.co/3qzPAfh0Yq
611937440345882624, 18820246, 2015-06-19T16:43:49.000Z, RT @KTLA: Update: Body of man, 75, found Thursday in Inglewood identified as Robert Hollis http://t.co/LyyoZVEpzN http://t.co/3qzPAfh0Yq
611938897031860224, 2360656116, 2015-06-19T16:49:36.000Z, RT @KTLA: Update: Body of man, 75, found Thursday in Inglewood identified as Robert Hollis http://t.co/LyyoZVEpzN http://t.co/3qzPAfh0Yq
611942059197378560, 17520908, 2015-06-19T17:02:10.000Z, RT @KTLA: Update: Body of man, 75, found Thursday in Inglewood identified as Robert Hollis http://t.co/LyyoZVEpzN http://t.co/3qzPAfh0Yq
611944466669301760, 1678846069, 2015-06-19T17:11:44.000Z, RT @KTLA: Update: Body of man, 75, found Thursday in Inglewood identified as Robert Hollis http://t.co/LyyoZVEpzN http://t.co/3qzPAfh0Yq
611946822559363072, 2450804846, 2015-06-19T17:21:06.000Z, RT @KTLA: Update: Body of man, 75, found Thursday in Inglewood identified as Robert Hollis http://t.co/LyyoZVEpzN http://t.co/3qzPAfh0Yq
611953694569951232, 485957998, 2015-06-19T17:48:24.000Z, RT @KTLA: Update: Body of man, 75, found Thursday in Inglewood identified as Robert Hollis http://t.co/LyyoZVEpzN http://t.co/3qzPAfh0Yq
611963337446944768, 276137595, 2015-06-19T18:26:44.000Z, Bro. Robert Hollis (requiem et pace)  graciously agreed to participate in the 1994 St. Brigid Black Catholic... http://t.co/kX5VeK9D1o
611964234012983296, 15914076, 2015-06-19T18:30:17.000Z, You Need This, FREE Training By Multimillionaire &amp; Success In Minutes Coach Robert Hollis, Sr.... http://t.co/G87HOaFBJp
611964278078369792, 15914076, 2015-06-19T18:30:28.000Z, You Need This, FREE Training By Multimillionaire &amp; Success In Minutes Coach Robert Hollis, Sr.  http://t.co/Y8BnMsjnk1
611993208030150657, 460644620, 2015-06-19T20:25:25.000Z, RT @ABC7: INGLEWOOD UPDATE: Robert Hollis' head remains missing, according to family members http://t.co/6L5qX8f7lh http://t.co/yhx2bxBxUZ
611998470573039616, 2927853665, 2015-06-19T20:46:20.000Z, RT @KTLA: Update: Body of man, 75, found Thursday in Inglewood identified as Robert Hollis http://t.co/LyyoZVEpzN http://t.co/3qzPAfh0Yq
612067492559597568, 21313397, 2015-06-20T01:20:36.000Z, Please keep the family of Robert Hollis in your prayers. http://t.co/UOzGLrEWE9
612075795054505984, 532381129, 2015-06-20T01:53:36.000Z, Man's body found decapitated in Inglewood apartment http://t.co/le1AOYIraK Every day, 75-year-old Robert Hollis walked the courtyard of t…
612101568599449601, 2287316594, 2015-06-20T03:36:00.000Z, RT @BishopUlmer: Please keep the family of Robert Hollis in your prayers. http://t.co/UOzGLrEWE9
612108480976039936, 879010688, 2015-06-20T04:03:28.000Z, RT @ABC7: INGLEWOOD UPDATE: Robert Hollis' head remains missing, according to family members http://t.co/6L5qX8f7lh http://t.co/yhx2bxBxUZ
612118564380798976, 302537006, 2015-06-20T04:43:33.000Z, Gethro Shecko LaCroix and Robert Hollis http://t.co/6jFWAZPq2V
612128047823622144, 872574740, 2015-06-20T05:21:14.000Z, RT @BishopUlmer: Please keep the family of Robert Hollis in your prayers. http://t.co/UOzGLrEWE9
612135098570280960, 143887656, 2015-06-20T05:49:15.000Z, @TLN24 I agree! I really like Russell...  and I'd like to see us get Robert Upshaw or Hollis -Jefferson wit the later picks
612142776139055104, 22515946, 2015-06-20T06:19:45.000Z, Our church family is both grieved and horrified by the vicious, senseless murder of Robert Hollis. Robert was not... http://t.co/SbYTH6m5hN
612149323971719169, 974365879, 2015-06-20T06:45:46.000Z, Robert Hollis explains UnlimitedProfits  https://t.co/J7oI5UFjyw http://t.co/vbnno92RLs
612190287578828800, 131998380, 2015-06-20T09:28:33.000Z, Robert Hollis se Une a GanoLife http://t.co/Fsmz9tEj3i
612238619957436416, 203867751, 2015-06-20T12:40:36.000Z, (U.S.) Los Angeles Police searching for head of elderly blind man Robert Hollis, decapitated in his home - http://t.co/uhM8PEzZJ4
612264584473260033, 3004028673, 2015-06-20T14:23:46.000Z, Try It You Will Love It - Robert Hollis https://t.co/ufgyuIZK0g via @YouTube
612308202558849025, 21313397, 2015-06-20T17:17:06.000Z, Join us this Monday in the Tabernacle as we hold a Candlelight Vigil for Faithful Central member, Robert Hollis #FCBC http://t.co/4a6QVpgDm2
612362784668430336, 15996412, 2015-06-20T20:53:59.000Z, Robert Hollis murder 618/2015 Inglewood, CA *Found in his apartment dead and decapitated* https://t.co/7ymPWcljup http://t.co/JfjfkPcyrj
612362828494712832, 17888852, 2015-06-20T20:54:10.000Z, Bonnie: Robert Hollis murder 618/2015 Inglewood, CA *Found in his apartment dead and decapitated*: Robert Holl... http://t.co/GRhm5muOAu
612377260881014784, 2975158612, 2015-06-20T21:51:31.000Z, She really touche my hart big time.  Listen to this Robert Hollis :) http://t.co/Ls89xmm8yW
612383470573060097, 988503090, 2015-06-20T22:16:11.000Z, #RIP Robert "Mr. Bo" Hollis: A beloved neighbor, a true artist, and a good man. | http://t.co/FmF0nfcJ9z by @AngelJennings
612383607886221312, 988503090, 2015-06-20T22:16:44.000Z, RT @BishopUlmer: Please keep the family of Robert Hollis in your prayers. http://t.co/UOzGLrEWE9
612398387715936256, 130942636, 2015-06-20T23:15:28.000Z, Pray for the family of Robert Hollis who was beheaded in Inglewood, CA. He was a member of my home church @FaithfulCentral @BishopUlmer
612398483492843520, 21313397, 2015-06-20T23:15:50.000Z, RT @bcloritts: Pray for the family of Robert Hollis who was beheaded in Inglewood, CA. He was a member of my home church @FaithfulCentral @…
612398947177357312, 2972548276, 2015-06-20T23:17:41.000Z, RT @bcloritts: Pray for the family of Robert Hollis who was beheaded in Inglewood, CA. He was a member of my home church @FaithfulCentral @…
612399582132092928, 1568492708, 2015-06-20T23:20:12.000Z, RT @bcloritts: Pray for the family of Robert Hollis who was beheaded in Inglewood, CA. He was a member of my home church @FaithfulCentral @…
612400015474987008, 115871738, 2015-06-20T23:21:56.000Z, RT @bcloritts: Pray for the family of Robert Hollis who was beheaded in Inglewood, CA. He was a member of my home church @FaithfulCentral @…
612425720699027456, 26105414, 2015-06-21T01:04:04.000Z, My grand daughter Kayleigh at her summer dance recital Is that me or Robert Hollis? lol :)
612433577511395328, 3031334811, 2015-06-21T01:35:18.000Z, Million Dollar Earner Robert Hollis - NMPRO #1,116 http://t.co/rADWoeOtoz #artburleigh #vemma http://t.co/bZsJRf9XL3
612444294876672000, 31628631, 2015-06-21T02:17:53.000Z, I am realizing more and more each day that having access to millionaire maker Mr Robert Hollis is a dream come... http://t.co/xAk1bPKNrg
612613999373512704, 16973333, 2015-06-21T13:32:13.000Z, Police search for elderly man's head after son finds decapitated body in apartment http://t.co/9Gw4jiWcFh
612614375845855237, 619047439, 2015-06-21T13:33:43.000Z, RT @Independent: Police search for elderly man's head after son finds decapitated body in apartment http://t.co/9Gw4jiWcFh
612614606456950784, 330796282, 2015-06-21T13:34:38.000Z, RT @Independent: Police search for elderly man's head after son finds decapitated body in apartment http://t.co/9Gw4jiWcFh
612614879455899649, 2437359612, 2015-06-21T13:35:43.000Z, RT @Independent: Police search for elderly man's head after son finds decapitated body in apartment http://t.co/9Gw4jiWcFh
612615560875114496, 16973333, 2015-06-21T13:38:26.000Z, Police search for blind, elderly man's head after decapitated body discovered http://t.co/WdB6LUt56h http://t.co/L2N14jbO5e
612615642638876672, 490611421, 2015-06-21T13:38:45.000Z, RT @Independent: Police search for blind, elderly man's head after decapitated body discovered http://t.co/WdB6LUt56h http://t.co/L2N14jbO5e
612616910497120256, 241386939, 2015-06-21T13:43:47.000Z, RT @Independent: Police search for blind, elderly man's head after decapitated body discovered http://t.co/WdB6LUt56h http://t.co/L2N14jbO5e
612617371207897088, 859446558, 2015-06-21T13:45:37.000Z, LA Police search for elderly man's head after decapitated body discovered: US police are investigating the dea... http://t.co/XuqOaahJpO
612620126861422592, 144852542, 2015-06-21T13:56:34.000Z, RT @Independent: Police search for elderly man's head after son finds decapitated body in apartment http://t.co/9Gw4jiWcFh
612621168944803841, 625345739, 2015-06-21T14:00:43.000Z, RT @Independent: Police search for elderly man's head after son finds decapitated body in apartment http://t.co/9Gw4jiWcFh
612622208473694209, 138859351, 2015-06-21T14:04:51.000Z, RT @Independent: Police search for elderly man's head after son finds decapitated body in apartment http://t.co/9Gw4jiWcFh
612623710047109120, 1020397926, 2015-06-21T14:10:49.000Z, LA Police search for elderly man's head after decapitated body discovered http://t.co/Scsh7BQGvN
612625037284147200, 323936160, 2015-06-21T14:16:05.000Z, LA Police search for elderly man's head after decapitated body discovered http://t.co/0shI8Fueu2
612625099368235009, 381652598, 2015-06-21T14:16:20.000Z, LA Police search for elderly man's head after decapitated body discovered http://t.co/DeaASIhdIP #ItsParto
612625103193378817, 3065921583, 2015-06-21T14:16:21.000Z, BUY CANNABIS SEEDS: LA Police search for elderly man's head after decapitated body discov... http://t.co/Ed3ntVJVZZ #salford #manchester
612625110894120960, 3130082215, 2015-06-21T14:16:23.000Z, DON'T TELL PORKIES LA Police search for elderly man's head after decapitated body discove... http://t.co/w26VkeASxn #salford #manchester
612625180821581824, 297443753, 2015-06-21T14:16:39.000Z, LA Police search for elderly man's head after decapitated body discovered: US police are investigating ... http://t.co/1WRsVnHBOW (Indp)
612663036038418433, 150248433, 2015-06-21T16:47:05.000Z, Independent: LA Police search for elderly man's head after decapitated body discovered http://t.co/VSklYM9Q6h
612728971650834432, 1229135353, 2015-06-21T21:09:05.000Z, LA Police search for elderly man's head after decapitated body ... - The Independent http://t.co/kuKHemVvGc
612730714233143296, 9283282, 2015-06-21T21:16:00.000Z, #crime Police in Los Angeles are looking for the head of a decapitated body that was found in Inglewood.... http://t.co/dO1ME6egXq
612764974436511744, 2724922116, 2015-06-21T23:32:09.000Z, RT @ABC7: INGLEWOOD UPDATE: Robert Hollis' head remains missing, according to family members http://t.co/6L5qX8f7lh http://t.co/yhx2bxBxUZ
612767613681291264, 575110972, 2015-06-21T23:42:38.000Z, LA Police search for elderly man's head after son finds decapitated body in Inglewood apartment http://t.co/JPBHhNd3QY
612856059619717120, 24786154, 2015-06-22T05:34:05.000Z, RT @BishopUlmer: Join us this Monday in the Tabernacle as we hold a Candlelight Vigil for Faithful Central member, Robert Hollis #FCBC http…
613103437304197122, 281065055, 2015-06-22T21:57:05.000Z, Candlelight Vigil Today in LA ~ In Memory of Robert Hollis #constantcontact http://t.co/RIFFLfMiAi
613103437304233984, 531522300, 2015-06-22T21:57:05.000Z, Candlelight Vigil Today in LA ~ In Memory of Robert Hollis #constantcontact http://t.co/XsaifuHJ6X
613133539475755012, 614962906, 2015-06-22T23:56:41.000Z, Robert Hollis, 75 : #IHateTimWaterman
613134827047378944, 69201760, 2015-06-23T00:01:48.000Z, Where will you be in Five Years! With the help of a mentor like Robert Hollis your chances are 100% better! Join... http://t.co/BsH8PeepVN
613135584983392256, 948407377, 2015-06-23T00:04:49.000Z, RT @ClydeLewis: Where will you be in Five Years! With the help of a mentor like Robert Hollis your chances are 100% better! Join... http://…
613151043887599616, 21313397, 2015-06-23T01:06:15.000Z, Join us tonight in the Tabernacle at 7pm as we hold a special candlelight vigil for Faithful Central member, Robert Hollis. #fcbc
613173763870322688, 365752732, 2015-06-23T02:36:32.000Z, RT @BishopUlmer: Join us tonight in the Tabernacle at 7pm as we hold a special candlelight vigil for Faithful Central member, Robert Hollis…
613176330650288130, 3055908227, 2015-06-23T02:46:44.000Z, ABC7: RT ABC7Elex: #Inglewood church plays music recorded by Robert Hollis. He was found beheaded on Thursday. Kil… http://t.co/mDlLbd88ye
613183636045606912, 103753659, 2015-06-23T03:15:45.000Z, Candlelight Vigil For Robert Hollis. @MRTempower Black Lives Matter. Thank You Supervisor For Supporting!
613188596208504833, 21271480, 2015-06-23T03:35:28.000Z, Church members, family, friends hold lights during vigil for Robert Hollis, who was brutally murdered last week http://t.co/kJFhJG3xMN
613189750007140352, 3055908227, 2015-06-23T03:40:03.000Z, ABC7: RT ABC7Elex: #Inglewood Mayor Butts &amp; city leaders at service for beheaded Robert Hollis. Wants $50K reward … http://t.co/mSXTS7pUSn
613192294649458688, 2403126061, 2015-06-23T03:50:10.000Z, Photo: Battery-powered #Candle #Light #Vigil for #Robert ... http://t.co/AIHAClvmFS #75yearold #Batterypowered
613193767743389696, 143130854, 2015-06-23T03:56:01.000Z, Robert Hollis, his life mattered...
613194129057579009, 103753659, 2015-06-23T03:57:27.000Z, Robert Hollis' Life Matters! #ungodly #demonic #daysofdarkness #light
613194231218368513, 3055908227, 2015-06-23T03:57:51.000Z, ABC7: RT ABC7Elex: Battery-powered candle light vigil for Robert Hollis. The 75 yr old blind man was beheaded insi… http://t.co/jE72owcNpg
613194670596866049, 41508279, 2015-06-23T03:59:36.000Z, #BreakingNews https://t.co/Oqa5Wz8jHi Photo: Battery-powered candle light vigil for Robert Hollis, 75-year-old bl… http://t.co/5n4hUsewLy
613195591225593856, 1365812287, 2015-06-23T04:03:16.000Z, candle light vigil for Robert Hollis, 75-yold blind man who was found beheaded inside Inglewood, calif., apartment http://t.co/xf95XdhVRv
613195629913899008, 2521522134, 2015-06-23T04:03:25.000Z, ALERT: Photo: Battery-powered candle light vigil for Robert Hollis, 75-year-old blind man who was found beheaded inside Inglewood, calif., …
613195750592376832, 276544322, 2015-06-23T04:03:54.000Z, Photo: Battery-powered candle light vigil for Robert Hollis, 75-year-old blind man who was found beheaded inside I… https://t.co/pzvrNyW50X
613197114148028416, 12896172, 2015-06-23T04:09:19.000Z, #breaking #news Photo: Battery-powered candle light vigil for Robert Hollis, 75-year-old blind man who was found b... http://t.co/I1zzwOuBAm
613197331698200576, 27404671, 2015-06-23T04:10:11.000Z, Photo: Battery-powered candle light vigil for Robert Hollis, 75-year-old blind man who was found beheaded inside I… https://t.co/XdBW1pAjZT
613197373494423552, 3187405644, 2015-06-23T04:10:21.000Z, Photo: Battery-powered candle light vigil for Robert Hollis, 75-year-old blind man who was found beheaded inside I… http://t.co/lrrB6cjgvI
613202789435613184, 1344220315, 2015-06-23T04:31:52.000Z, Photo: Battery-powered candle light vigil for Robert Hollis, 75-year-old blind man who was found beheaded insi.. http://t.co/zeWfLxmXEb
613208412290183168, 435625148, 2015-06-23T04:54:13.000Z, #Photo: Battery-powered candle light vigil for Robert Hollis, 75-year-old blind man who was found beheaded inside … https://t.co/FJk37NUVZU
613217685195718656, 3761241, 2015-06-23T05:31:03.000Z, Photo: Battery-powered candle light vigil for Robert Hollis, 75-year-old blind man who… http://t.co/gClU0z2XE0 #breaking #news #headlines
613227754184577024, 403156757, 2015-06-23T06:11:04.000Z, R.I.P Robert Hollis 🙏
613232067006967808, 21313397, 2015-06-23T06:28:12.000Z, Thank you to everyone who came to our Candlelight Vigil in honor of Robert Hollis.  https://t.co/BVfoL9qvT9
613335687438270464, 131998380, 2015-06-23T13:19:57.000Z, Robert Hollis se Une a GanoLife http://t.co/Fsmz9tEj3i
613377511259402240, 29740826, 2015-06-23T16:06:09.000Z, "He Lived a Life That Matters": Vigil Held for Murdered Inglewood Senior Robert Hollis   http://t.co/1LZMrfZHEW http://t.co/T1J9IgZByE
613395276062048256, 2569743630, 2015-06-23T17:16:44.000Z, I pray for the family of my fellow choir member, Robert Hollis, found decapitated in his home last week. So evil to attack a blind senior.
613399250668421120, 2531700485, 2015-06-23T17:32:32.000Z, RT @BishopUlmer: Thank you to everyone who came to our Candlelight Vigil in honor of Robert Hollis.  https://t.co/BVfoL9qvT9
613404500141961216, 3122240513, 2015-06-23T17:53:23.000Z, .@senatorshaheen "If you vote YES on #FastTrack for #TPP, I'll vote NO on your re-election." --robert d. in Hollis, NH
613413866006052864, 15914076, 2015-06-23T18:30:36.000Z, You Need This, FREE Training By Multimillionaire &amp; Success In Minutes Coach Robert Hollis, Sr.... http://t.co/hOiNSfwskR
613413941096660992, 15914076, 2015-06-23T18:30:54.000Z, You Need This, FREE Training By Multimillionaire &amp; Success In Minutes Coach Robert Hollis, Sr.  http://t.co/Y8BnMsjnk1
613432419744657409, 1844384810, 2015-06-23T19:44:20.000Z, Great Video about how to make a video for your business... By Robert Hollis Jr. http://t.co/GgxEQmIo7g
613450181615292416, 22287757, 2015-06-23T20:54:55.000Z, I liked a @YouTube video from @roberthollis http://t.co/oVnsxdAjdd Jackie Williams and Robert Hollis
613454872248102912, 369760961, 2015-06-23T21:13:33.000Z, Elderly blind victim’s head still missing in grisly L.A. killing: Robert Hollis, a 75-year-old blind black man... http://t.co/Xrls6mr9ZH
613457822668292096, 974365879, 2015-06-23T21:25:17.000Z, How Millions Are Made by Robert Hollis  https://t.co/3br7C8VSba http://t.co/skHUuMQV9n
613460958120271872, 1029764929, 2015-06-23T21:37:44.000Z, Robert Hollis murder 618/2015 Inglewood, CA *Found in his apartment dead and decapitated* http://t.co/Ifz6udA2Wx via @mylifeofcrime
613469498037833728, 1029764929, 2015-06-23T22:11:40.000Z, Robert Hollis, 75.Found Decapitated  - The Homicide Report http://t.co/9iDj5crM87
613540372434653184, 3254107196, 2015-06-24T02:53:18.000Z, Monday Live Lead Calls! w/ Robert Hollis Jr. http://t.co/n5InHEM3vJ
613556302342701056, 2525442424, 2015-06-24T03:56:36.000Z, Awesome Interview with Robert Hollis Jr. Robert went From High school drop out, to well over a million dollars in... http://t.co/CRG1l5f3TD
613692527573504000, 888064308, 2015-06-24T12:57:55.000Z, Robert Hollis The Millionaire Mentor Explains How He Makes a Millionaire http://t.co/ewWaMsp2bl
613810393371254784, 251959202, 2015-06-24T20:46:16.000Z, Please keep in prayer a long time friend and business associate, Norma T. Hollis. She was the mate of Robert... http://t.co/nlJmGDd4qs
613948203680034818, 100779526, 2015-06-25T05:53:53.000Z, Blind Californian Robert Hollis, who was decapitated, 'victim of satanic ritual' http://t.co/rh6SNEG8Mp #news
613948217760288770, 103286585, 2015-06-25T05:53:56.000Z, Blind Californian Robert Hollis, who was decapitated, 'victim of satanic ritual' http://t.co/v8xbALK4wI
613948225020559360, 16468239, 2015-06-25T05:53:58.000Z, Blind Californian Robert Hollis, who was decapitated, 'victim of satanic ritual' http://t.co/giUbimZyQ0 #usnews
613948234386386944, 2359695638, 2015-06-25T05:54:00.000Z, Blind Californian Robert Hollis, who was decapitated, 'victim of satanic ritual': Robert Hollis, 75, of Inglew... http://t.co/HekqCQZkYc
613948291525423104, 245480863, 2015-06-25T05:54:13.000Z, Blind Californian Robert Hollis, who was decapitated, 'victim of satanic ritual': Robert Hollis, 75, of Inglew... http://t.co/iavwIqvDCk
613949069526855680, 45449805, 2015-06-25T05:57:19.000Z, RT @BishopUlmer: Thank you to everyone who came to our Candlelight Vigil in honor of Robert Hollis.  https://t.co/BVfoL9qvT9
613952063177777152, 45449805, 2015-06-25T06:09:13.000Z, Oh Robert Hollis was a great neighbor and his family so kind and loving! The Bell family sends their love to the Hollis Family #RobertHollis
613952729422123008, 1229641040, 2015-06-25T06:11:52.000Z, Blind Californian Robert Hollis, who was decapitated, 'victim of satanic ritual': Robert… http://t.co/fIOMZvmhxq
613953244721582081, 2942029428, 2015-06-25T06:13:54.000Z, Blind #Californian Robert #Hollis, who was decapitated, 'victim of satanic ritual' http://t.co/9DQr2c0dM0 #ZippedNews http://t.co/xIdP3dsnHU
613972486426882048, 32385154, 2015-06-25T07:30:22.000Z, Blind Californian Robert Hollis, who was decapitated, ‘victim of satanic ritual‘ http://t.co/0mqxuEq9AH
613972592702132224, 32385154, 2015-06-25T07:30:47.000Z, Blind Californian Robert Hollis, who was decapitated, 'victim of satanic ritual' - Blind Californian Robert... http://t.co/bTo074WtqH
614080985253048320, 1482220118, 2015-06-25T14:41:30.000Z, If I were Hollis Thompson or Robert Covington, I would make sure I have an out in my lease for July. Just in case tonight gets crazy.
614110576621424644, 743537652, 2015-06-25T16:39:05.000Z, Blind Californian Robert Hollis, who was decapitated, 'victim of satanic ritual'
614208202045952000, 208336820, 2015-06-25T23:07:01.000Z, Best value picks in draft : Montrezl Harell, Jerian Grant, Hollis Jeferson, Robert Upshaw
614225521455427584, 74897126, 2015-06-26T00:15:50.000Z, RT @bcloritts: Pray for the family of Robert Hollis who was beheaded in Inglewood, CA. He was a member of my home church @FaithfulCentral @…
614229520959279105, 255675534, 2015-06-26T00:31:44.000Z, Lakers need hollis-jefferson or justin anderson with the 27th and then take robert upshaw with the 34th and I'll be happy @LakersNation
614242377885048832, 355608798, 2015-06-26T01:22:49.000Z, Candlelight Vigil Held for Robert ‘Bojangles’ Hollis http://t.co/BsgduIF0Qp
614252528650194944, 1639711914, 2015-06-26T02:03:09.000Z, Lakers still have a chance to get Brendan Dawson, Rj Hunter, Rondae Hollis-Jefferson, Robert Upshaw, Dakari
614253867820273664, 3106624468, 2015-06-26T02:08:29.000Z, Best guys left- Harrell, Christmas, Joseph Young, Robert Upshaw, Hollis/Jefferson
614297769302458368, 367808117, 2015-06-26T05:02:55.000Z, @hodge1124 they can pair him with Robert covington, hollis thompson, and the rest of the scrubs they got
614425317827047424, 974365879, 2015-06-26T13:29:45.000Z, How Millions Are Made by Robert Hollis  https://t.co/3br7C9dtzK http://t.co/Nj6HYlC4UM
614500936921317376, 15914076, 2015-06-26T18:30:14.000Z, You Need This, FREE Training By Multimillionaire &amp; Success In Minutes Coach Robert Hollis, Sr.... http://t.co/c9YWP9vGka
614500981775183873, 15914076, 2015-06-26T18:30:25.000Z, You Need This, FREE Training By Multimillionaire &amp; Success In Minutes Coach Robert Hollis, Sr.  http://t.co/Y8BnMsjnk1
614501087077396480, 974365879, 2015-06-26T18:30:50.000Z, Robert Hollis $10,000 A Month!! It\'s YOUR TIME!   Join Now - http://t.co/zQ6T9GlJPa
614530587643265024, 69201760, 2015-06-26T20:28:04.000Z, Thank you Robert Hollis you have helped so many! When you are this great people are bound to talk badly about you... http://t.co/3HLP318JLY
614533249503768577, 948407377, 2015-06-26T20:38:38.000Z, RT @ClydeLewis: Thank you Robert Hollis you have helped so many! When you are this great people are bound to talk badly about you... http:/…
614552314968457217, 48466515, 2015-06-26T21:54:24.000Z, DECAPITATED &amp; THEY RULED IT HOMICIDE, DUH Robert Hollis was found dead, his body decapitated, in his http://t.co/5bazCbS0pn
614631456250441728, 22287757, 2015-06-27T03:08:53.000Z, $10,000 A Month!! It's YOUR TIME! - Robert Hollis http://t.co/5BOkvsEzFz
614742963143491584, 302537006, 2015-06-27T10:31:58.000Z, Gethro Shecko LaCroix and Robert Hollis http://t.co/6jFWAZPq2V
614893299908739072, 26105414, 2015-06-27T20:29:21.000Z, Perhaps the best video ever made about believing in yourself by Robert Hollis http://t.co/ExlcVLr19R
614901342662983680, 2601039649, 2015-06-27T21:01:19.000Z, Watch on #Periscope: How do I Change my Beliefs with #Robert Hollis https://t.co/mZCwflszd9
615003027938914304, 266314014, 2015-06-28T03:45:22.000Z, RT @BayyBeeBella: Oh Robert Hollis was a great neighbor and his family so kind and loving! The Bell family sends their love to the Hollis F…
615129802270310401, 1645080612, 2015-06-28T12:09:08.000Z, Diner patrons struggle to understand a regular's gruesome death http://t.co/vD1XQH0woz
615129825062203392, 2476428205, 2015-06-28T12:09:13.000Z, Diner patrons struggle to understand a regular's gruesome death http://t.co/Vi5SRLjtP7
615129946546049024, 279021683, 2015-06-28T12:09:42.000Z, Diner patrons struggle to understand a regular's gruesome death http://t.co/6aizChJloL
615130171654344704, 1645080612, 2015-06-28T12:10:36.000Z, Diner patrons struggle to understand a regular's gruesome death http://t.co/1C4kTy8vGA
615130425174790144, 1645080612, 2015-06-28T12:11:36.000Z, Diner patrons struggle to understand a regular's gruesome death http://t.co/LeaiqEDoXS
615130447396212737, 236753010, 2015-06-28T12:11:41.000Z, Diner patrons struggle to understand a regular's gruesome death http://t.co/uEEky2EyNE
615131434328547328, 1256522946, 2015-06-28T12:15:37.000Z, Diner patrons struggle to understand a regular's gruesome death http://t.co/vB0ghgNjhM
615131879214333953, 2252233292, 2015-06-28T12:17:23.000Z, Diner patrons struggle to understand a regular's gruesome death Robert Hollis was found dead, decapitated, in his … http://t.co/ntnnHmrDB9
615132049217720320, 15727485, 2015-06-28T12:18:03.000Z, http://t.co/mLcqiyWVhN - Diner patrons struggle to understand a regular's gruesome death:  http://t.co/7vHwJtAhLp
615137206349381632, 26105414, 2015-06-28T12:38:33.000Z, On Day  179 of my 365 Days of Gratitude, I am especially grateful for Michael Wenniger, Robert Hollis, Joyce... http://t.co/U7uNBpnfpJ
615137783905005568, 447804471, 2015-06-28T12:40:51.000Z, Diner patrons struggle to understand a regular's gruesome death: Each Sunday, Robert Hollis sent a text messag... http://t.co/B9XyMgSWnw
615137787872817153, 441187574, 2015-06-28T12:40:51.000Z, Diner patrons struggle to understand a regular's gruesome death: Each Sunday, Robert Hollis sent a text messag... http://t.co/njGX3jKZHy
615137789575757824, 733264453, 2015-06-28T12:40:52.000Z, Diner patrons struggle to understand a regular's gruesome death: Each Sunday, Robert Hollis sent a text messag... http://t.co/wdJj5rpgWy
615138601202921472, 2582859890, 2015-06-28T12:44:05.000Z, #KONE Diner patrons struggle to understand a regular's gruesome death - Los Angeles Times http://t.co/IoIQvbrBX0 #losangeles
615138855730024448, 244317966, 2015-06-28T12:45:06.000Z, Diner patrons struggle to understand a regular's gruesome death http://t.co/0McuIZowGp
615138869860642816, 377684929, 2015-06-28T12:45:09.000Z, Diner patrons struggle to understand a regular's gruesome death http://t.co/ksiDem3WXp
615142130005078016, 1618416878, 2015-06-28T12:58:07.000Z, Diner patrons struggle to understand a regular's gruesome death http://t.co/oLGdajV658
615142762506162176, 477856294, 2015-06-28T13:00:38.000Z, LA Times - Diner patrons struggle to understand a regular's gruesome death http://t.co/RuR6KPdstu
615146396803448832, 2582859890, 2015-06-28T13:15:04.000Z, #KONE Diner patrons struggle to understand a regular's gruesome death - Los Angeles Times http://t.co/gJ3Q0SiPKT #losangeles
615150807151804416, 150248433, 2015-06-28T13:32:36.000Z, LA Times: Diner patrons struggle to understand a regular's gruesome death http://t.co/8LePkXZAeN
615154587851292672, 80093264, 2015-06-28T13:47:37.000Z, http://t.co/dG4W1CTvdz Diner patrons struggle to understand a regular's gruesome death http://t.co/FNUjtS0G34
615156790259548161, 18427369, 2015-06-28T13:56:22.000Z, Don't accept who you are, become who you want to be. ~ Robert Hollis
615159649868845056, 34503618, 2015-06-28T14:07:44.000Z, Diner patrons struggle to understand a regular's gruesome death http://t.co/VymtN2Tw5Y
615161570851704832, 16664681, 2015-06-28T14:15:22.000Z, Diner patrons struggle to understand a regular's gruesome death by decapitation in Inglewood http://t.co/fJf0bYgVDC http://t.co/JQyulkSw2S
615162274190200832, 325862777, 2015-06-28T14:18:09.000Z, RT @latimes: Diner patrons struggle to understand a regular's gruesome death by decapitation in Inglewood http://t.co/fJf0bYgVDC http://t.c…
615162368792772608, 255710330, 2015-06-28T14:18:32.000Z, RT @latimes: Diner patrons struggle to understand a regular's gruesome death by decapitation in Inglewood http://t.co/fJf0bYgVDC http://t.c…
615163088908595202, 325862777, 2015-06-28T14:21:24.000Z, Diner patrons struggle to understand a regular's gruesome death -  http://t.co/Y80GsFi6Cr RT @jolinegkg Heartbreaking. In my old 'hood.
615163108953174016, 22517744, 2015-06-28T14:21:29.000Z, RT @latimes: Diner patrons struggle to understand a regular's gruesome death by decapitation in Inglewood http://t.co/fJf0bYgVDC http://t.c…
615163292172967936, 2820744853, 2015-06-28T14:22:12.000Z, RT @latimes: Diner patrons struggle to understand a regular's gruesome death by decapitation in Inglewood http://t.co/fJf0bYgVDC http://t.c…
615163669945540609, 1228636412, 2015-06-28T14:23:42.000Z, RT @latimes: Diner patrons struggle to understand a regular's gruesome death by decapitation in Inglewood http://t.co/fJf0bYgVDC http://t.c…
615163912841854977, 21112866, 2015-06-28T14:24:40.000Z, RT @latimes: Diner patrons struggle to understand a regular's gruesome death by decapitation in Inglewood http://t.co/fJf0bYgVDC http://t.c…
615163917820506112, 22644848, 2015-06-28T14:24:41.000Z, RT @latimes: Diner patrons struggle to understand a regular's gruesome death by decapitation in Inglewood http://t.co/fJf0bYgVDC http://t.c…
615164275452198912, 1480429314, 2015-06-28T14:26:07.000Z, RT @latimes: Diner patrons struggle to understand a regular's gruesome death by decapitation in Inglewood http://t.co/fJf0bYgVDC http://t.c…
615166421790773248, 1318582820, 2015-06-28T14:34:38.000Z, RT @latimes: Diner patrons struggle to understand a regular's gruesome death by decapitation in Inglewood http://t.co/fJf0bYgVDC http://t.c…
615166769527918592, 1610770580, 2015-06-28T14:36:01.000Z, RT @latimes: Diner patrons struggle to understand a regular's gruesome death by decapitation in Inglewood http://t.co/fJf0bYgVDC http://t.c…
615167550570168320, 1078306448, 2015-06-28T14:39:07.000Z, RT @latimes: Diner patrons struggle to understand a regular's gruesome death by decapitation in Inglewood http://t.co/fJf0bYgVDC http://t.c…
615167667025125376, 1678846069, 2015-06-28T14:39:35.000Z, RT @latimes: Diner patrons struggle to understand a regular's gruesome death by decapitation in Inglewood http://t.co/fJf0bYgVDC http://t.c…
615173048539422720, 1372453574, 2015-06-28T15:00:58.000Z, RT @latimes: Diner patrons struggle to understand a regular's gruesome death by decapitation in Inglewood http://t.co/fJf0bYgVDC http://t.c…
615190773147959296, 2562188513, 2015-06-28T16:11:24.000Z, RT @latimes: Diner patrons struggle to understand a regular's gruesome death by decapitation in Inglewood http://t.co/fJf0bYgVDC http://t.c…
615201075100921856, 950426113, 2015-06-28T16:52:20.000Z, Diner patrons struggle to understand a regular's gruesome death - The Homicide Report http://t.co/JkHsQ3SWVX
615202242212204544, 19258731, 2015-06-28T16:56:59.000Z, RT @latimes: Diner patrons struggle to understand a regular's gruesome death by decapitation in Inglewood http://t.co/fJf0bYgVDC http://t.c…
615225593949503493, 2252132011, 2015-06-28T18:29:46.000Z, Diner patrons struggle to understand a regular's gruesome death http://t.co/7dd5aWMng3 #coffee
615231478574657536, 26105414, 2015-06-28T18:53:09.000Z, Sunrise Gratitude Day 179 Michael Wenniger, Robert Hollis + http://t.co/6Ehc0Ezlum
615231893320146944, 948708523, 2015-06-28T18:54:48.000Z, RT @latimes: Diner patrons struggle to understand a regular's gruesome death by decapitation in Inglewood http://t.co/fJf0bYgVDC http://t.c…
615256861940449280, 108526490, 2015-06-28T20:34:01.000Z, Diner patrons struggle to understand a regular's gruesome death http://t.co/ra2J3wO0AJ
615259906644447232, 85957271, 2015-06-28T20:46:07.000Z, RT @Alyea310: Diner patrons struggle to understand a regular's gruesome death http://t.co/ra2J3wO0AJ
615261512647585792, 48049813, 2015-06-28T20:52:30.000Z, Diner patrons struggle to understand a regular's gruesome death - The Homicide Report http://t.co/79deuv3uXG
615282462726426624, 314659616, 2015-06-28T22:15:45.000Z, Meet Robert Hollis - Multi Millionaire - William O'Toole Online Marketing http://t.co/Ehzr5WHsJQ
615302153779810304, 66110384, 2015-06-28T23:33:59.000Z, Diner patrons struggle to understand a regular's gruesome death - The Homicide Report http://t.co/aKyAkjr9I4
615376508236996608, 20353057, 2015-06-29T04:29:27.000Z, This is very jacked up;  I met him once when I was there on (Florence in Hyde Park)...  Nice man... Hideous idea... http://t.co/ocBujgEj0r
615494989309706241, 44299861, 2015-06-29T12:20:15.000Z, RT @Independent: Police search for blind, elderly man's head after decapitated body discovered http://t.co/WdB6LUt56h http://t.co/L2N14jbO5e
615516473142808577, 41418040, 2015-06-29T13:45:37.000Z, Diner patrons struggle to understand a regular's gruesome death @nicolesantacruz http://t.co/HnfwA7RKMT
615523805922922496, 69004966, 2015-06-29T14:14:45.000Z, Partially blind 75-year-old church singer found decapitated in Inglewood. Robert Hollis needs justice. http://t.co/oqOI3yW7FP
615525269214920704, 28343954, 2015-06-29T14:20:34.000Z, RT @mattdpearce: Partially blind 75-year-old church singer found decapitated in Inglewood. Robert Hollis needs justice. http://t.co/oqOI3yW…
615525508059541504, 133425731, 2015-06-29T14:21:31.000Z, 75yr old visually disabled man found decapitated in his home??? WTF is going on?!! http://t.co/dhOoETW5z1
615526184542060544, 17550093, 2015-06-29T14:24:12.000Z, RT @mattdpearce: Partially blind 75-year-old church singer found decapitated in Inglewood. Robert Hollis needs justice. http://t.co/oqOI3yW…
615527480187727872, 331660563, 2015-06-29T14:29:21.000Z, RT @mattdpearce: Partially blind 75-year-old church singer found decapitated in Inglewood. Robert Hollis needs justice. http://t.co/oqOI3yW…
615528400128610304, 24734288, 2015-06-29T14:33:01.000Z, RT @mattdpearce: Partially blind 75-year-old church singer found decapitated in Inglewood. Robert Hollis needs justice. http://t.co/oqOI3yW…
615528849619599360, 2374404228, 2015-06-29T14:34:48.000Z, RT @mattdpearce: Partially blind 75-year-old church singer found decapitated in Inglewood. Robert Hollis needs justice. http://t.co/oqOI3yW…
615531240297508864, 3632161, 2015-06-29T14:44:18.000Z, RT @mattdpearce: Partially blind 75-year-old church singer found decapitated in Inglewood. Robert Hollis needs justice. http://t.co/oqOI3yW…
615532006307438592, 250057361, 2015-06-29T14:47:20.000Z, RT @mattdpearce: Partially blind 75-year-old church singer found decapitated in Inglewood. Robert Hollis needs justice. http://t.co/oqOI3yW…
615535495255334913, 1904873047, 2015-06-29T15:01:12.000Z, RT @mattdpearce: Partially blind 75-year-old church singer found decapitated in Inglewood. Robert Hollis needs justice. http://t.co/oqOI3yW…
615548155564683264, 194860511, 2015-06-29T15:51:31.000Z, Robert Hollis The Millionaire Mentor Explains How He Makes a Millionaire http://t.co/CQk4ua7DYf
615551367042613248, 1573456909, 2015-06-29T16:04:16.000Z, RT @mattdpearce: Partially blind 75-year-old church singer found decapitated in Inglewood. Robert Hollis needs justice. http://t.co/oqOI3yW…
615552099254824964, 15819729, 2015-06-29T16:07:11.000Z, RT @mattdpearce: Partially blind 75-year-old church singer found decapitated in Inglewood. Robert Hollis needs justice. http://t.co/oqOI3yW…
615556664830373888, 16664681, 2015-06-29T16:25:20.000Z, Diner patrons struggle to understand a regular's gruesome death http://t.co/nQyJ5zm9UR http://t.co/rK6cRlHV5I
615556789463953409, 132767120, 2015-06-29T16:25:49.000Z, RT @latimes: Diner patrons struggle to understand a regular's gruesome death http://t.co/nQyJ5zm9UR http://t.co/rK6cRlHV5I
615556881705111552, 3149710088, 2015-06-29T16:26:11.000Z, RT @latimes: Diner patrons struggle to understand a regular's gruesome death http://t.co/nQyJ5zm9UR http://t.co/rK6cRlHV5I
615557178431123456, 53226878, 2015-06-29T16:27:22.000Z, RT @latimes: Diner patrons struggle to understand a regular's gruesome death http://t.co/nQyJ5zm9UR http://t.co/rK6cRlHV5I
615557499882733569, 329773110, 2015-06-29T16:28:39.000Z, RT @latimes: Diner patrons struggle to understand a regular's gruesome death http://t.co/nQyJ5zm9UR http://t.co/rK6cRlHV5I
615558030730596352, 250057361, 2015-06-29T16:30:45.000Z, RT @latimes: Diner patrons struggle to understand a regular's gruesome death http://t.co/nQyJ5zm9UR http://t.co/rK6cRlHV5I
615560408519327745, 332312558, 2015-06-29T16:40:12.000Z, RT @latimes: Diner patrons struggle to understand a regular's gruesome death http://t.co/nQyJ5zm9UR http://t.co/rK6cRlHV5I
615560849139367937, 1480429314, 2015-06-29T16:41:57.000Z, RT @latimes: Diner patrons struggle to understand a regular's gruesome death http://t.co/nQyJ5zm9UR http://t.co/rK6cRlHV5I
615561496899244033, 1699891098, 2015-06-29T16:44:32.000Z, RT @latimes: Diner patrons struggle to understand a regular's gruesome death http://t.co/nQyJ5zm9UR http://t.co/rK6cRlHV5I
615562477309423616, 1610770580, 2015-06-29T16:48:25.000Z, RT @latimes: Diner patrons struggle to understand a regular's gruesome death http://t.co/nQyJ5zm9UR http://t.co/rK6cRlHV5I
615563381727174656, 1254703837, 2015-06-29T16:52:01.000Z, RT @latimes: Diner patrons struggle to understand a regular's gruesome death http://t.co/nQyJ5zm9UR http://t.co/rK6cRlHV5I
615564007198601216, 48049813, 2015-06-29T16:54:30.000Z, Sad story on diner patrons struggling to understand a regular's gruesome death. http://t.co/tUF2KBICAC by @nicolesantacruz @latimeshomicide
615566465748627456, 1678846069, 2015-06-29T17:04:16.000Z, RT @latimes: Diner patrons struggle to understand a regular's gruesome death http://t.co/nQyJ5zm9UR http://t.co/rK6cRlHV5I
615568746527240193, 223225128, 2015-06-29T17:13:20.000Z, Diner patrons struggle to understand a regular's gruesome death - The Homicide Report http://t.co/4V3yUF80af
615576203441799168, 21258129, 2015-06-29T17:42:58.000Z, RT @karihow: He was 75 and sang in church. Some monster beheaded him in Inglewood. By @nicolesantacruz on @latimeshomicide  http://t.co/swX…
615578247343042561, 79321325, 2015-06-29T17:51:05.000Z, RT @mattdpearce: Partially blind 75-year-old church singer found decapitated in Inglewood. Robert Hollis needs justice. http://t.co/oqOI3yW…
615585413495820288, 18011595, 2015-06-29T18:19:34.000Z, @oliveoyljenn Hey Jenna! How are you? Saw you on Robert Hollis' periscope. Do you scope too?
615641149705965569, 157690631, 2015-06-29T22:01:02.000Z, Diner patrons struggle to understand a regular's gruesome death via @nicolesantacruz http://t.co/sOlb2eIOwn http://t.co/YmDvigDib0
615641389255122944, 443297726, 2015-06-29T22:01:59.000Z, RT @aflores: Diner patrons struggle to understand a regular's gruesome death via @nicolesantacruz http://t.co/sOlb2eIOwn http://t.co/YmDvig…
615642165343969280, 608470984, 2015-06-29T22:05:04.000Z, RT @latimes: Diner patrons struggle to understand a regular's gruesome death http://t.co/nQyJ5zm9UR http://t.co/rK6cRlHV5I
615662253879070720, 112621373, 2015-06-29T23:24:54.000Z, I’ve just published my website, check it out at http://t.co/pLjjcsbx2d via GoDaddy http://t.co/qX2MKSznby  http://t.co/kqa110dYWD
615665130538315780, 26105414, 2015-06-29T23:36:20.000Z, So true, thank you Robert Hollis http://t.co/ViSY2Kn7wX
615673344701132800, 831132427, 2015-06-30T00:08:58.000Z, RT @mattdpearce: Partially blind 75-year-old church singer found decapitated in Inglewood. Robert Hollis needs justice. http://t.co/oqOI3yW…
615683837687762945, 2963935789, 2015-06-30T00:50:40.000Z, RT @mattdpearce: Partially blind 75-year-old church singer found decapitated in Inglewood. Robert Hollis needs justice. http://t.co/oqOI3yW…
615691809700732928, 1618539859, 2015-06-30T01:22:21.000Z, RT @mattdpearce: Partially blind 75-year-old church singer found decapitated in Inglewood. Robert Hollis needs justice. http://t.co/oqOI3yW…
615711774936027136, 50193051, 2015-06-30T02:41:41.000Z, @ZZZ__1034 Tony Wroten, Robert Covington, Jerami Grant, Hollis Thompson can all be rotation players in the NBA
615935955078414336, 531522300, 2015-06-30T17:32:29.000Z, June 30, 2015 -  Announcing Services for Robert Hollis #constantcontact http://t.co/ys2j8ehPCE
615940730238947328, 281065055, 2015-06-30T17:51:28.000Z, June 30, 2015 -  Announcing Services for Robert Hollis #constantcontact http://t.co/p0rsWgJAb7
615949736495874048, 26105414, 2015-06-30T18:27:15.000Z, Just like the post Robert Hollis had today http://t.co/oykLGb6eqh
615950591114780672, 15914076, 2015-06-30T18:30:39.000Z, You Need This, FREE Training By Multimillionaire &amp; Success In Minutes Coach Robert Hollis, Sr.... http://t.co/1uTL83weEo
615950989133238272, 15914076, 2015-06-30T18:32:14.000Z, You Need This, FREE Training By Multimillionaire &amp; Success In Minutes Coach Robert Hollis, Sr.  http://t.co/Y8BnMsjnk1
615980476432519169, 1467298340, 2015-06-30T20:29:24.000Z, For you Robert Hollis, was an absolute pleasure making this video for you. You have done so MUCH for me, I had a... http://t.co/6TS5GSOozt
615988055510376448, 3328382212, 2015-06-30T20:59:31.000Z, ***** Robert Hollis YOU GOTTA MEET THIS MAN!!))))***: http://t.co/US5ndClZFE via @YouTube
616173535074078720, 340045746, 2015-07-01T09:16:33.000Z, Barbara Wagner Shirley Burnett Hollis Wagner Dana Davis. Robert Mccallister MikeMcCallister Marilyn Straley http://t.co/0DDMWDoEgH
616196991324819456, 201570099, 2015-07-01T10:49:45.000Z, @robert_hollis large Student Offers in Norwich check - http://t.co/IErqT0eMHE #Student
616211329645330432, 1623554539, 2015-07-01T11:46:44.000Z, Inglewood's Mayor and Police Chief answer questions on KJLH regarding the brutal beheading of Robert Hollis. #abc7 http://t.co/awmeXfUlnT
616213018414858240, 179232751, 2015-07-01T11:53:26.000Z, There is no script, no right and wrong. There's just knowledge. Thank you so much Robert Hollis http://t.co/AVRbhKryD2
616215830053957632, 16374678, 2015-07-01T12:04:37.000Z, RT @ABC7JohnGregory: Inglewood's Mayor and Police Chief answer questions on KJLH regarding the brutal beheading of Robert Hollis. #abc7 htt…
616216379767701504, 368235783, 2015-07-01T12:06:48.000Z, RT @ABC7JohnGregory: Inglewood's Mayor and Police Chief answer questions on KJLH regarding the brutal beheading of Robert Hollis. #abc7 htt…
616217915533058048, 100337867, 2015-07-01T12:12:54.000Z, Find the murderer of Robert Hollis http://t.co/yFOR7nZfr5
616223506930335744, 21986441, 2015-07-01T12:35:07.000Z, RT @ABC7JohnGregory: Inglewood's Mayor and Police Chief answer questions on KJLH regarding the brutal beheading of Robert Hollis. #abc7 htt…
616225254592020480, 466821972, 2015-07-01T12:42:04.000Z, RT @ABC7JohnGregory: Inglewood's Mayor and Police Chief answer questions on KJLH regarding the brutal beheading of Robert Hollis. #abc7 htt…
616226446084673537, 2274407522, 2015-07-01T12:46:48.000Z, RT @ABC7JohnGregory: Inglewood's Mayor and Police Chief answer questions on KJLH regarding the brutal beheading of Robert Hollis. #abc7 htt…
616243657729925120, 419107085, 2015-07-01T13:55:11.000Z, RT @ABC7JohnGregory: Inglewood's Mayor and Police Chief answer questions on KJLH regarding the brutal beheading of Robert Hollis. #abc7 htt…
616243890883035136, 68753031, 2015-07-01T13:56:07.000Z, RT @ABC7JohnGregory: Inglewood's Mayor and Police Chief answer questions on KJLH regarding the brutal beheading of Robert Hollis. #abc7 htt…
616254647653699584, 2787125066, 2015-07-01T14:38:52.000Z, RT @ABC7JohnGregory: Inglewood's Mayor and Police Chief answer questions on KJLH regarding the brutal beheading of Robert Hollis. #abc7 htt…
616281097211629568, 1108698702, 2015-07-01T16:23:58.000Z, Robert Hollis The Millionaire Mentor Explains How He Makes a Millionaire http://t.co/6otQOCQKGE
616326873186865152, 2780899562, 2015-07-01T19:25:52.000Z, watching LIVE on #Periscope: My 1st Million! https://t.co/2hr7xjLSwh Robert Hollis is awesome!
