id, author_id, created_at, text
1081235260766081024, 23691810, 2019-01-04T17:05:49.000Z, This is Frank Borsotti. He was a friend and customer of the shop and he was killed yesterday after being struck in the head by a stranger following an altercation at the Jack in the Box on… https://t.co/JijIhLjg3A
1081431612489838593, 1948693812, 2019-01-05T06:06:03.000Z, RT @horizoncomics: This is Frank Borsotti. He was a friend and customer of the shop and he was killed yesterday after being struck in the h…
1081590299154149376, 883066790812712960, 2019-01-05T16:36:36.000Z, My heart is breaking, please help find his murderer.  Frank Borsotti, Grandfather Who Died After Being Assaulted in Lancaster Jack in the Box Parking Lot Was Getting Lunch for Wife https://t.co/bSMi1fdxZZ via @ktla
1082775029081874433, 1056860042, 2019-01-08T23:04:18.000Z, Authorities have formally identified the man who suffered fatal injuries in an assault in Lancaster last week as 62-year-old Frank Borsotti. Read more... https://t.co/eeh7UBFIcj
1082845254125006848, 333696688, 2019-01-09T03:43:21.000Z, No one should go out like this https://t.co/r3LxIn7mfJ
1083112468652515328, 15698908, 2019-01-09T21:25:10.000Z, RT @The_AV_Times: Authorities have formally identified the man who suffered fatal injuries in an assault in Lancaster last week as 62-year-…
