id, author_id, created_at, text
1557157485118509058, 873365528613715968, 2022-08-10T00:10:49.000Z, Un poco de historia en Ciudad Universitaria 🇺🇦 Fatídico torneo 90-91. Ausencias marcadas (@LRZague y Edú) y un DT que nunca entendió qué era el @ClubAmerica @antonio84131526 @cesilio6 Ten4 Chávez @josenriquerodon Alex Domínguez JE Córdova @ghostfigueroa @GONZALOFARFAN7 Cristóbal https://t.co/ZaeOfC6LU3
1557159256490758145, 873365528613715968, 2022-08-10T00:17:52.000Z, Un poco de historia en Ciudad Universitaria 🇺🇦 Tarde negra en el Pedregal, sin Farfán y sin el Capitán Furia. El Tanque Miloc en el banquillo.   Toninho @cesilio6 Edú Chávez @josenriquerodon @antonio84131526 Alex Domínguez Cheché Hdz JE Córdova Cristóbal @LRZague 🦅🇺🇦🏟️ https://t.co/iOOdtJXt7t
1557163975644778497, 2809700638, 2022-08-10T00:36:37.000Z, RT @esportsvcr: 📰 | #OPINIÓN  📌 Cómo descapitalizar un club centenario, firmado Peter Lim  ✒️ Álex Domínguez (@aleex1919)  💻 ¡Toda la infor…
1557249537110073344, 4090980329, 2022-08-10T06:16:36.000Z, RT @aleex1919: 📉 | ¿Cómo descapitalizar a un club centenario?  💰 "Lo vendo todo y no gasto nada".  🔃 Cesión como estilo de vida.  🔨 Al más…
1557250076786974720, 4090980329, 2022-08-10T06:18:45.000Z, RT @esportsvcr: 📰 | #OPINIÓN  📌 Cómo descapitalizar un club centenario, firmado Peter Lim  ✒️ Álex Domínguez (@aleex1919)  💻 ¡Toda la infor…
1557250764610887682, 245320085, 2022-08-10T06:21:29.000Z, RT @esportsvcr: 📰 | #OPINIÓN  📌 Cómo descapitalizar un club centenario, firmado Peter Lim  ✒️ Álex Domínguez (@aleex1919)  💻 ¡Toda la infor…
1557251769243164672, 383984851, 2022-08-10T06:25:28.000Z, RT @esportsvcr: 📰 | #OPINIÓN  📌 Cómo descapitalizar un club centenario, firmado Peter Lim  ✒️ Álex Domínguez (@aleex1919)  💻 ¡Toda la infor…
1557252641067094016, 1342211404309344258, 2022-08-10T06:28:56.000Z, RT @aleex1919: 📉 | ¿Cómo descapitalizar a un club centenario?  💰 "Lo vendo todo y no gasto nada".  🔃 Cesión como estilo de vida.  🔨 Al más…
1557293174707654656, 1464560991644098562, 2022-08-10T09:10:00.000Z, RT @udlaspalmasNET: 🧤 Álex Domínguez llevará el dorsal 1 y Álvaro Valles seguirá con el 13  ⚽️ Marc Cardona llevará el dorsal 19  ❓️ El dor…
1557296877132972032, 785764741922885632, 2022-08-10T09:24:43.000Z, RT @udlaspalmasNET: 🧤 Álex Domínguez llevará el dorsal 1 y Álvaro Valles seguirá con el 13  ⚽️ Marc Cardona llevará el dorsal 19  ❓️ El dor…
1557310882199355393, 1353421487206760448, 2022-08-10T10:20:22.000Z, 📰 | #NOTICIAS  📌 Samu Lino y Castillejo ya están inscritos y podrán jugar la primera jornada  🏷️ @valenciacf   ✒️ Álex Domínguez (@aleex1919)  💻 ¡Toda la información en la web!  ⛓️ Pincha aquí ⬇️ https://t.co/10osH5eBBd
1557310956602118144, 1353647578966073346, 2022-08-10T10:20:40.000Z, 📰 | #NOTICIAS  📌 Samu Lino y Castillejo ya están inscritos y podrán jugar la primera jornada  🏷️ @valenciacf   ✒️ Álex Domínguez (@aleex1919)  💻 ¡Toda la información en la web!  ⛓️ Pincha aquí ⬇️ https://t.co/SVwzBVMSkB
1557315139875082241, 1353421487206760448, 2022-08-10T10:37:17.000Z, 📰 | #NOTICIAS  📌 Nico González y Bryan Gil, los elegidos tras la venta de Guedes  🏷️ @valenciacf   ✒️ Álex Domínguez (@aleex1919)  💻 ¡Toda la información en la web!  ⛓️ Pincha aquí ⬇️ https://t.co/0r4LEvDIJo
1557315698329796608, 1353647578966073346, 2022-08-10T10:39:30.000Z, 📰 | #NOTICIAS  📌 Nico González y Bryan Gil, los elegidos tras la venta de Guedes  🏷️ @valenciacf   ✒️ Álex Domínguez (@aleex1919)  💻 ¡Toda la información en la web!  ⛓️ Pincha aquí ⬇️ https://t.co/Q82cTfu6dC
1557336808995815431, 1141432912061054978, 2022-08-10T12:03:23.000Z, UD IBIZA   🟢Altas: Fuzato, Iván Morante, Armando Shashoua, Camara, Zé Carlos*, Darío Poveda*, Álvaro García y Martín Pascual*.   🔴Bajas: Manu Molina, Davo, Rubén González, Javi Lara, Morillas, Bogusz, Álvaro Jiménez y Álex Domínguez. https://t.co/KZpkG3tqYQ
1557370025476063232, 1539308021439795203, 2022-08-10T14:15:23.000Z, Fabio saca el 8 a Maikel Mesa y Saúl Coco el 23 a Unai Veiga  https://t.co/mmm0gs4Nkn presenta:  Poco a poco se van conociendo los dorsales de la Unión Deportiva Las Palmas, donde Álex Domínguez lucirá el dorsal 1 y también se confirma que Marc Cardona j… https://t.co/LbYw1lGZxL
1557373707756118017, 1353421487206760448, 2022-08-10T14:30:01.000Z, 📰 | #NOTICIAS  📌 Nico González y Bryan Gil, los elegidos tras la venta de Guedes  🏷️ @valenciacf   ✒️ Álex Domínguez (@aleex1919)  💻 ¡Toda la información en la web!  ⛓️ Pincha aquí ⬇️ https://t.co/0r4LEvDIJo
1557388806290132993, 1353421487206760448, 2022-08-10T15:30:00.000Z, 📰 | #NOTICIAS  📌 Cómo descapitalizar un club centenario, firmado Peter Lim  ✒️ Álex Domínguez (@aleex1919)  💻 ¡Toda la información en la web!  ⛓️ Pincha aquí ⬇️ https://t.co/UwOW944ltj
1557398275237486592, 1686748710, 2022-08-10T16:07:38.000Z, RT @Capital_vlc: 📰 | #NOTICIAS  📌 Cómo descapitalizar un club centenario, firmado Peter Lim  ✒️ Álex Domínguez (@aleex1919)  💻 ¡Toda la inf…
1557398441369673731, 164990755, 2022-08-10T16:08:18.000Z, RT @Capital_vlc: 📰 | #NOTICIAS  📌 Cómo descapitalizar un club centenario, firmado Peter Lim  ✒️ Álex Domínguez (@aleex1919)  💻 ¡Toda la inf…
1557401708933910528, 2990880550, 2022-08-10T16:21:17.000Z, RT @Capital_vlc: 📰 | #NOTICIAS  📌 Cómo descapitalizar un club centenario, firmado Peter Lim  ✒️ Álex Domínguez (@aleex1919)  💻 ¡Toda la inf…
1557402156851945481, 1353647578966073346, 2022-08-10T16:23:03.000Z, RT @Capital_vlc: 📰 | #NOTICIAS  📌 Cómo descapitalizar un club centenario, firmado Peter Lim  ✒️ Álex Domínguez (@aleex1919)  💻 ¡Toda la inf…
1557402247084081154, 1102617926870409216, 2022-08-10T16:23:25.000Z, RT @Capital_vlc: 📰 | #NOTICIAS  📌 Cómo descapitalizar un club centenario, firmado Peter Lim  ✒️ Álex Domínguez (@aleex1919)  💻 ¡Toda la inf…
1557417077706838017, 822008857547468800, 2022-08-10T17:22:21.000Z, RT @Capital_vlc: 📰 | #NOTICIAS  📌 Cómo descapitalizar un club centenario, firmado Peter Lim  ✒️ Álex Domínguez (@aleex1919)  💻 ¡Toda la inf…
1557419002036555776, 1353421487206760448, 2022-08-10T17:30:00.000Z, 📰 | #NOTICIAS  📌 Samu Lino y Castillejo ya están inscritos y podrán jugar la primera jornada  🏷️ @valenciacf   ✒️ Álex Domínguez (@aleex1919)  💻 ¡Toda la información en la web!  ⛓️ Pincha aquí ⬇️ https://t.co/10osH4X0cD
1557419193024524290, 443062523, 2022-08-10T17:30:45.000Z, RT @esportsvcr: 📰 | #OPINIÓN  📌 Cómo descapitalizar un club centenario, firmado Peter Lim  ✒️ Álex Domínguez (@aleex1919)  💻 ¡Toda la infor…
1557435954780147714, 710591262, 2022-08-10T18:37:22.000Z, Xa estamos en A Illa! Dez minutos para o comezo do partido e este é o noso once:   David Conde  Sergio Prieto  Dani Sánchez  Martín Sánchez  Álex Rodríguez  Mario Domínguez  Miguel Fernández  Iñaki Martínez  Hugo Barcia  Hugo Losada  Brais Vidal https://t.co/3Iw7S75lP9
1557441068613918721, 1160614567384354817, 2022-08-10T18:57:41.000Z, @CidKaiser @AlexDominguezB El nuevo Loret. El nuevo lord montajes es tal Alex Domínguez, asco de periodista
1557537213348515841, 1391371586557579265, 2022-08-11T01:19:43.000Z, @bravoleo @PantallaDeOro HOLA DR ALEX IS MI FALLECIDA ESPOSA NELLY Y YO ALBERTO DOMINGUEZ FUIMOS.MUY AMIGOS Y COMPADRES DE SU SRA MADRE MAURA Y JERIAS BRAVO .SIEMPRE A LA ORDEN
1557543430921900032, 162190944, 2022-08-11T01:44:26.000Z, RT @TribunAzulcrema: Un poco de historia en Ciudad Universitaria 🇺🇦 La 88-89. El campeón con puros mexicanos. Triunfo 1-2 en un juego donde…
1557556263223009280, 4858570432, 2022-08-11T02:35:25.000Z, RT @mccrystal_alex: It cannot be overstated how much I love and cherish seranthony dominguez
1557580144872669185, 223981015, 2022-08-11T04:10:19.000Z, RT @mccrystal_alex: It cannot be overstated how much I love and cherish seranthony dominguez
1557672261850636288, 1353421487206760448, 2022-08-11T10:16:22.000Z, 📰 | #NOTICIAS  📌 Nico González ya está en Valencia dispuesto a jugar la primera jornada  🏷️ @valenciacf   ✒️ Álex Domínguez (@aleex1919)  💻 ¡Toda la información en la web!  ⛓️ Pincha aquí ⬇️ https://t.co/P2wgN5HNqo
1557672496551399426, 1353647578966073346, 2022-08-11T10:17:17.000Z, 📰 | #NOTICIAS  📌 Nico González ya está en Valencia dispuesto a jugar la primera jornada  🏷️ @valenciacf   ✒️ Álex Domínguez (@aleex1919)  💻 ¡Toda la información en la web!  ⛓️ Pincha aquí ⬇️ https://t.co/a5AhutJ94h
1557684935581962241, 1400786940207718404, 2022-08-11T11:06:43.000Z, RT @mccrystal_alex: It cannot be overstated how much I love and cherish seranthony dominguez
1557722530038923264, 2328912938, 2022-08-11T13:36:06.000Z, @FedeColussi @JuaniAnc Domínguez estuvo 2 años. Tampoco vas a pretender un Alex Ferguson para Colón. Y ahora sin nada a la vista en vez de dejar a Marini vas y buscas un DT bien medio pelo sin ningún antecedente serio
1557744005064056832, 258599927, 2022-08-11T15:01:26.000Z, RT @VivaaChiapas: Alex Domínguez mi amor, pasado de comestible. 🤤😍❤️ https://t.co/1DGDvuIme3
1557759862687375365, 2314088274, 2022-08-11T16:04:27.000Z, RT @mccrystal_alex: It cannot be overstated how much I love and cherish seranthony dominguez
1557782230499348485, 49210558, 2022-08-11T17:33:20.000Z, RT @mccrystal_alex: It cannot be overstated how much I love and cherish seranthony dominguez
1557800352220594180, 869586877, 2022-08-11T18:45:21.000Z, 🔥 Joshua Filler 🆚 Eklent Kaçi 🇪🇺 Alex Kazakis 🆚 David Alcaide 🇺🇸 Oscar Dominguez 🆚 Tyler Styer  Some HUGE matches in the last 64 of the European Open Pool Championship coming your way tomorrow from 10am local  Full draw: https://t.co/SNrjKY33Xc #EuropeanOpenPool 🇪🇺 https://t.co/9PXQtQizRY
1557800459150163972, 72032547, 2022-08-11T18:45:46.000Z, RT @MatchroomPool: 🔥 Joshua Filler 🆚 Eklent Kaçi 🇪🇺 Alex Kazakis 🆚 David Alcaide 🇺🇸 Oscar Dominguez 🆚 Tyler Styer  Some HUGE matches in the…
1557817714424545281, 442216716, 2022-08-11T19:54:20.000Z, (2/2) Other members included Jeff Shamberg, Eric McLimore, Susan Goldenberg, Patricia Cain, Linda Lemel Hoseman, David A. Wheeler, Alexis "Alex" Dominguez, Sonya Rosenberg, Betsy Thelen, Chadwick Hoyt, David Milligan, Nancy Z., Jessica Cohen, Andrew Fraker &amp; Tara Anderson.
1557841040240943104, 424250023, 2022-08-11T21:27:01.000Z, RT @MatchroomPool: 🔥 Joshua Filler 🆚 Eklent Kaçi 🇪🇺 Alex Kazakis 🆚 David Alcaide 🇺🇸 Oscar Dominguez 🆚 Tyler Styer  Some HUGE matches in the…
1557864038289350661, 296820045, 2022-08-11T22:58:25.000Z, Club América @cesilio6, C4pi Ten4, Gallo García, @josenriquerodon y @antonio84131526. Alex Domínguez, Cheche Hernández, Toninho, don Cristóbal, @LRZague y Edu. #Aguilas 🦅⚽ https://t.co/GfaumNPMZ2
1557867572997013504, 1488979548498808839, 2022-08-11T23:12:27.000Z, RT @CFACentroUnion: Club América @cesilio6, C4pi Ten4, Gallo García, @josenriquerodon y @antonio84131526. Alex Domínguez, Cheche Hernández,…
1557880929271435265, 112459281, 2022-08-12T00:05:32.000Z, RT @CFACentroUnion: Club América @cesilio6, C4pi Ten4, Gallo García, @josenriquerodon y @antonio84131526. Alex Domínguez, Cheche Hernández,…
1557937420888289281, 49164979, 2022-08-12T03:50:00.000Z, @omarzeron Didi, Enilton Meneses, Kléber, Alex Mineiro, Itamar, Laurenco Andrade, Saritama, Rolando Zarate, Guillermo Marino, Perci Colque, Gastón Fernández, Marcelo Domínguez, Chamagol, Blas Pérez, Luis García, Uche, Kolo, Nagamura, Ariel Bogado y las lista sigue y sigue y sigue...
1558106277041029122, 1285994041293918209, 2022-08-12T15:00:59.000Z, @David44441 @UDLP_Oficial Kirian, Moleiro, Curbelo, Benito, Alex Domínguez, Viera, Saúl Coco, Fabio,  Vitolo, Alex Suárez y Clemente. Todos canarios, puto chicharrero mono neuronal. En el Tete cuántos canarios hay? No serán por algún casual el mismo número de ascensos q el los últimos 10 años, es decir 0
1558155053034344450, 884838962354900993, 2022-08-12T18:14:48.000Z, CONVOCATORIA🔴⚫️ #MirandésSporting 1•Ramón J.R. 2•Santos 3•Raúl Parra 4•Álex martín 6•Prados 7•Nico Serrano 8•Juanlu 9•Raúl 12•Salinas 13•A. Herrero 20•O. Rey 21•R. López 26•Barbu 27•Michelis 29•Durán 30•Caropitche 31•Iago Domínguez 32•N. Castillo 33•Gudiño https://t.co/xanUlqn1dF
1558156525058793473, 3407483675, 2022-08-12T18:20:39.000Z, RT @OndaRojilla: CONVOCATORIA🔴⚫️ #MirandésSporting 1•Ramón J.R. 2•Santos 3•Raúl Parra 4•Álex martín 6•Prados 7•Nico Serrano 8•Juanlu 9•Raúl…
1558159336433750017, 481212083, 2022-08-12T18:31:49.000Z, 🔁 Comienza la segunda mitad con carrusel de cambios en el Cayón:  🔼 Canales, David Sanz, Quitora, Sergio Domínguez, Saúl, Vegas  y Negue  🔽 Raúl Domínguez, Miguelín, Peredo, Óscar, Resines, Álex Bolado y Riki  #aúpaCAYÓN #PretemporadaCDC https://t.co/xunP7lEMVz
1558161808845832192, 554677818, 2022-08-12T18:41:39.000Z, RT @CDCayon: 🔁 Comienza la segunda mitad con carrusel de cambios en el Cayón:  🔼 Canales, David Sanz, Quitora, Sergio Domínguez, Saúl, Vega…
1558164534195625989, 2206206346, 2022-08-12T18:52:28.000Z, RT @OndaRojilla: CONVOCATORIA🔴⚫️ #MirandésSporting 1•Ramón J.R. 2•Santos 3•Raúl Parra 4•Álex martín 6•Prados 7•Nico Serrano 8•Juanlu 9•Raúl…
1558167253660606464, 556768277, 2022-08-12T19:03:17.000Z, RT @OndaRojilla: CONVOCATORIA🔴⚫️ #MirandésSporting 1•Ramón J.R. 2•Santos 3•Raúl Parra 4•Álex martín 6•Prados 7•Nico Serrano 8•Juanlu 9•Raúl…
1558201298599743492, 1122067845003796485, 2022-08-12T21:18:34.000Z, @Chus2633ByB @PDarias83 Álex Domínguez (23) por Raúl F. (34). Viene de jugar 10 partidos de 42 en el Ibiza. El portero más veterano tiene 25 años. Ya vimos frente al CDT que la falta de experiencia en momentos delicados puede ser peligroso a la hora de gestionar los nervios y la importancia del partido.
1558251084963102720, 1361816592267493378, 2022-08-13T00:36:24.000Z, Los personajes que   #BenditaTV @Edi_hermida admiran... Cordera. Alex Fernando. Los k. Cacho castaño. María Domínguez Mühlberger Duggan. Tenembaun.
1558540549208129537, 14958039, 2022-08-13T19:46:37.000Z, Suplentes UDLP Álex Domínguez, Vitolo, Fabio, Benito, Álvaro Lemos, Óscar Clemente, Coco, Palanca, Ale García y Julen. via @24liveblog https://t.co/bkzhVyBHGa
1558554298954440705, 62554223, 2022-08-13T20:41:16.000Z, @jg_dominguez equipo de todos los tiempos del futbol. Vi una final de la Copa de Europa entre el Manchester United entrenado por Alex Ferguson. En esa final que gano el Barcelona, los jugadores del Manchester United, no hicieron una sola entrada a un jugador del Barcelona.
1558612203951079425, 1347479912, 2022-08-14T00:31:21.000Z, Esta @UDLP_Oficial “actual” es peor equipo y peor plantilla que la del año pasado. Sidnei no mejora a Navas. Alvaro Jimenez no mejora a Robert, Marc Cardona no mejora ni a Mujica ni a Sadiku. Alex Dominguez no mejora a Raúl Fdez. Donde hemos mejorado exactamente Helguera? 🤔🤔
1558613664533544960, 314152693, 2022-08-14T00:37:09.000Z, RT @EfrainYD: Esta @UDLP_Oficial “actual” es peor equipo y peor plantilla que la del año pasado. Sidnei no mejora a Navas. Alvaro Jimenez n…
1558663505951133697, 907676137215680513, 2022-08-14T03:55:13.000Z, @Soy_Ail @Alm0ndFl0wer Ni que hubieramos hablado con Alex Dominguez porque lo etiqueta en twitter jajaja la audaciaaaaa
1558815991920041985, 819640714887856128, 2022-08-14T14:01:08.000Z, 🚨Em comenten que el Girona ha preguntat per la situacio del porter del Las Palmas, Álex Domínguez.   El de Granollers va jugar la temporada passada cedit a l’Eivissa i és internacional amb la Selecció sub21. https://t.co/jdqk5aDTtD
1558817908964335616, 1547708661253869569, 2022-08-14T14:08:45.000Z, 👉El Girona sigue en busca de un portero.  ☎️Informa @BrunoArnaiz13 que el conjunto catalán habría preguntado por la situación de ALEX DOMÍNGUEZ.  El guardameta de 24 años internacional con la sub 21 jugó el curso pasado cedido en la UD Ibiza, dónde disputó 10 partidos. https://t.co/6pUGNAmtPm
1558820408891146240, 261289794, 2022-08-14T14:18:41.000Z, RT @BrunoArnaiz13: 🚨Em comenten que el Girona ha preguntat per la situacio del porter del Las Palmas, Álex Domínguez.   El de Granollers va…
1558820754246057984, 1146098425563353088, 2022-08-14T14:20:03.000Z, RT @BrunoArnaiz13: 🚨Em comenten que el Girona ha preguntat per la situacio del porter del Las Palmas, Álex Domínguez.   El de Granollers va…
1558820948211630081, 1161997690898735104, 2022-08-14T14:20:50.000Z, RT @BrunoArnaiz13: 🚨Em comenten que el Girona ha preguntat per la situacio del porter del Las Palmas, Álex Domínguez.   El de Granollers va…
1558822359846584320, 1273716101281710080, 2022-08-14T14:26:26.000Z, RT @BrunoArnaiz13: 🚨Em comenten que el Girona ha preguntat per la situacio del porter del Las Palmas, Álex Domínguez.   El de Granollers va…
1558823047561416709, 1452656728848355335, 2022-08-14T14:29:10.000Z, @Senadorivanl @DominguezBrito En esta vida hay tres cosas imposible 1 que el mar se seque 2 que jlo vuelva con Alex Rodríguez y 3 que Domínguez  brito se presidente 🤣
1558823316047204355, 1161997690898735104, 2022-08-14T14:30:14.000Z, Álex Domínguez UD Las Palmas Porter 24 anys https://t.co/GJhqK9xBm7
1558823460775682049, 4472466319, 2022-08-14T14:30:49.000Z, RT @BrunoArnaiz13: 🚨Em comenten que el Girona ha preguntat per la situacio del porter del Las Palmas, Álex Domínguez.   El de Granollers va…
1558831056978997249, 1080825534031060992, 2022-08-14T15:01:00.000Z, Informa @BrunoArnaiz13 que el @GironaFC se interesa en el portero de la @UDLP_Oficial Álex Domínguez, internacional sub'21 con España que jugó a préstamo en el @Ibizaud la pasada campaña
1558831212738772997, 835132056887832578, 2022-08-14T15:01:37.000Z, RT @solofichajes123: Informa @BrunoArnaiz13 que el @GironaFC se interesa en el portero de la @UDLP_Oficial Álex Domínguez, internacional su…
1558831464896241664, 3884752101, 2022-08-14T15:02:37.000Z, RT @BrunoArnaiz13: 🚨Em comenten que el Girona ha preguntat per la situacio del porter del Las Palmas, Álex Domínguez.   El de Granollers va…
1558832088807358467, 3092735267, 2022-08-14T15:05:06.000Z, El Girona pregunta por Àlex Domínguez https://t.co/FOM0uWRLV0
1558832341073760258, 364877488, 2022-08-14T15:06:06.000Z, RT @BrunoArnaiz13: 🚨Em comenten que el Girona ha preguntat per la situacio del porter del Las Palmas, Álex Domínguez.   El de Granollers va…
1558833008957857792, 318672263, 2022-08-14T15:08:45.000Z, Mercado El adiós de San José, Bartra, Alex Domínguez, Dani Carnevali, ... https://t.co/PO2rmbvJky
1558833384574656515, 918841880, 2022-08-14T15:10:15.000Z, RT @solofichajes123: Informa @BrunoArnaiz13 que el @GironaFC se interesa en el portero de la @UDLP_Oficial Álex Domínguez, internacional su…
1558833579609710592, 1291116481925779461, 2022-08-14T15:11:01.000Z, RT @BrunoArnaiz13: 🚨Em comenten que el Girona ha preguntat per la situacio del porter del Las Palmas, Álex Domínguez.   El de Granollers va…
1558836564364607488, 261289794, 2022-08-14T15:22:53.000Z, RT @solofichajes123: Informa @BrunoArnaiz13 que el @GironaFC se interesa en el portero de la @UDLP_Oficial Álex Domínguez, internacional su…
1558852867573809153, 14958039, 2022-08-14T16:27:40.000Z, Informa @BrunoArnaiz13   ➡️ El Girona sondea la situación de Álex Domínguez  https://t.co/fges0uXZTn https://t.co/McyMQhjhUZ
1558855227197063171, 2588056886, 2022-08-14T16:37:02.000Z, RT @BrunoArnaiz13: 🚨Em comenten que el Girona ha preguntat per la situacio del porter del Las Palmas, Álex Domínguez.   El de Granollers va…
1558855744405094401, 483143937, 2022-08-14T16:39:06.000Z, 🔴 Última hora | Comienzan a desalojar varias poblaciones por el incendio en La Vall d’Ebo (Alicante)   https://t.co/nKcjOcxadO  📸 Alex Domínguez (@alexalicante) https://t.co/rz7nIyGHrT
1558859539637731334, 960596279905701890, 2022-08-14T16:54:11.000Z, RT @BrunoArnaiz13: 🚨Em comenten que el Girona ha preguntat per la situacio del porter del Las Palmas, Álex Domínguez.   El de Granollers va…
1558861148140830720, 860149402014449664, 2022-08-14T17:00:34.000Z, El Girona sondea la situación de Álex Domínguez #LaLiga #LasPalmasOviedo #LaUniónHaceLasPalmas | https://t.co/9tyyOjJoOp https://t.co/UfJeETBKij
1558861626568220679, 466759694, 2022-08-14T17:02:28.000Z, RT @afuentes51: 🔴 Última hora | Comienzan a desalojar varias poblaciones por el incendio en La Vall d’Ebo (Alicante)   https://t.co/nKcjOcx…
1558863469641977856, 313361142, 2022-08-14T17:09:48.000Z, RT @afuentes51: 🔴 Última hora | Comienzan a desalojar varias poblaciones por el incendio en La Vall d’Ebo (Alicante)   https://t.co/nKcjOcx…
1558864885227855872, 1539308021439795203, 2022-08-14T17:15:25.000Z, El Girona investiga la situación de Álex Domínguez  https://t.co/mmm0gs4Nkn presenta:  El equipo catalán, de Primera División, pidió información sobre la situación del portero de la Unión Deportiva Las Palmas, suplente en su debut en Liga ante el Zaragoz… https://t.co/jzBGN6ncCV
1558865979211489282, 556768277, 2022-08-14T17:19:46.000Z, RT @solofichajes123: Informa @BrunoArnaiz13 que el @GironaFC se interesa en el portero de la @UDLP_Oficial Álex Domínguez, internacional su…
1558890270241873922, 718028400376434688, 2022-08-14T18:56:17.000Z, RT @rams_alex: @superatlas74p @LaislaMariscos Josefa Ortiz de Domínguez número 19, ahí te recibimos con mucho gusto, perdón por la tardanza
1558906931879845888, 301586083, 2022-08-14T20:02:30.000Z, RT @BrunoArnaiz13: 🚨Em comenten que el Girona ha preguntat per la situacio del porter del Las Palmas, Álex Domínguez.   El de Granollers va…
1558913924887523328, 580203412, 2022-08-14T20:30:17.000Z, El Girona sondea la situación de Álex Domínguez https://t.co/38sFXN3twh /vía @udlaspalmasnet
1558929737938092044, 398279650, 2022-08-14T21:33:07.000Z, RT @udlaspalmasNET: Informa @BrunoArnaiz13   ➡️ El Girona sondea la situación de Álex Domínguez  https://t.co/fges0uXZTn https://t.co/McyMQ…
1558984991811444736, 436619307, 2022-08-15T01:12:41.000Z, RT @afuentes51: 🔴 Última hora | Comienzan a desalojar varias poblaciones por el incendio en La Vall d’Ebo (Alicante)   https://t.co/nKcjOcx…
1559061773629661187, 318672263, 2022-08-15T06:17:47.000Z, El adiós de San José, Bartra, Alex Domínguez, Dani Carnevali, ... https://t.co/PO2rmbvJky
1559094688946294784, 3380791168, 2022-08-15T08:28:35.000Z, @BoixRigau Traducció:  - Dituro, Álvaro O Àlex Domínguez - Chavarria - Pol Lozano - Campaña (utòpic) - Abde o Melero - Mika Marmol
1559172040065687552, 1546444525006110722, 2022-08-15T13:35:57.000Z, ¡El @GironaFC se interesa en Alex Domínguez!  El equipo blanquirrojo, tras la falta de porteros, sondea la situación del guardameta de la @UDLP_Oficial.  El portero catalán fue suplente el sábado ante el @RealZaragoza. https://t.co/lDGpiCTb2z
1559172114896326657, 1396835065829728257, 2022-08-15T13:36:14.000Z, RT @FutbolCanario__: ¡El @GironaFC se interesa en Alex Domínguez!  El equipo blanquirrojo, tras la falta de porteros, sondea la situación d…
1559190607704244226, 2437682043, 2022-08-15T14:49:43.000Z, RT @afuentes51: 🔴 Última hora | Comienzan a desalojar varias poblaciones por el incendio en La Vall d’Ebo (Alicante)   https://t.co/nKcjOcx…
1559377276973760512, 1109372617, 2022-08-16T03:11:29.000Z, How about a little rivalry to start off the slate of FREE MiLB on https://t.co/Q7ImZhrJSK games this week?  Jasson Dominguez and Hudson Valley head to Coney Island to meet Alex Ramirez and Brooklyn: https://t.co/6or1LHB03G https://t.co/6KfT2uNcYC
1559377484583428096, 21492737, 2022-08-16T03:12:18.000Z, RT @MLBPipeline: How about a little rivalry to start off the slate of FREE MiLB on https://t.co/Q7ImZhrJSK games this week?  Jasson Domingu…
1559377812640960512, 1486352997932224516, 2022-08-16T03:13:37.000Z, RT @MLBPipeline: How about a little rivalry to start off the slate of FREE MiLB on https://t.co/Q7ImZhrJSK games this week?  Jasson Domingu…
1559377815044329473, 3310939669, 2022-08-16T03:13:37.000Z, RT @MLBPipeline: How about a little rivalry to start off the slate of FREE MiLB on https://t.co/Q7ImZhrJSK games this week?  Jasson Domingu…
1559378435226624000, 18479513, 2022-08-16T03:16:05.000Z, RT @MLBPipeline: How about a little rivalry to start off the slate of FREE MiLB on https://t.co/Q7ImZhrJSK games this week?  Jasson Domingu…
1559379345726119937, 21024360, 2022-08-16T03:19:42.000Z, RT @MLBPipeline: How about a little rivalry to start off the slate of FREE MiLB on https://t.co/Q7ImZhrJSK games this week?  Jasson Domingu…
1559379723951775746, 4650495737, 2022-08-16T03:21:12.000Z, RT @MLBPipeline: How about a little rivalry to start off the slate of FREE MiLB on https://t.co/Q7ImZhrJSK games this week?  Jasson Domingu…
1559379868269297664, 806136333378981890, 2022-08-16T03:21:47.000Z, RT @MLBPipeline: How about a little rivalry to start off the slate of FREE MiLB on https://t.co/Q7ImZhrJSK games this week?  Jasson Domingu…
1559385097559855104, 1090008005935095810, 2022-08-16T03:42:33.000Z, RT @MLBPipeline: How about a little rivalry to start off the slate of FREE MiLB on https://t.co/Q7ImZhrJSK games this week?  Jasson Domingu…
1559424967682379776, 860002195, 2022-08-16T06:20:59.000Z, El @GironaFC se habría interesa en una pieza de la @UDLP_Oficial para reforzar su plantilla https://t.co/kq30YXkAZb
1559426676932710400, 1112596644, 2022-08-16T06:27:47.000Z, RT @Grada3com: El @GironaFC se habría interesa en una pieza de la @UDLP_Oficial para reforzar su plantilla https://t.co/kq30YXkAZb
1559436495391526913, 2658052218, 2022-08-16T07:06:48.000Z, RT @MLBPipeline: How about a little rivalry to start off the slate of FREE MiLB on https://t.co/Q7ImZhrJSK games this week?  Jasson Domingu…
1559440552285847553, 50351205, 2022-08-16T07:22:55.000Z, RT MLB: RT @MLBPipeline: How about a little rivalry to start off the slate of FREE MiLB on https://t.co/Mj4kUY95OG games this week?  Jasson Dominguez and Hudson Valley head to Coney Island to meet Alex Ramirez and Brooklyn: https://t.co/q2fGVrQuy4 https://t.co/KPd5lFfON0
1559487038466015232, 1353421487206760448, 2022-08-16T10:27:38.000Z, 📰 | #NOTICIAS  📌 El Valencia atento a las opciones de mercado: Denayer, Weah, Winks…  🏷️ @valenciacf   ✒️ Álex Domínguez (@aleex1919)  💻 ¡Toda la información en la web!  ⛓️ Pincha aquí ⬇️  https://t.co/fo22o5xQYV
1559494597822320641, 1686748710, 2022-08-16T10:57:40.000Z, RT @Capital_vlc: 📰 | #NOTICIAS  📌 El Valencia atento a las opciones de mercado: Denayer, Weah, Winks…  🏷️ @valenciacf   ✒️ Álex Domínguez (…
1559495290499088386, 1444651556, 2022-08-16T11:00:25.000Z, 🦇 | El Valencia atento a las opciones de mercado  🇮🇹 Gattuso quiere, al menos, 3 fichajes: un central, un medio y un delantero.  🇧🇪 Denayer, la opción deseada.  Izzo y Álvaro González, ofrecidos.  🇺🇸 Weah gana enteros para el ataque.  ✒️ Álex Domínguez ⬇️ https://t.co/yWBEkGKaLi
1559495771011031040, 1323251772492754944, 2022-08-16T11:02:20.000Z, RT @aleex1919: 🦇 | El Valencia atento a las opciones de mercado  🇮🇹 Gattuso quiere, al menos, 3 fichajes: un central, un medio y un delante…
1559496037194153985, 1353421487206760448, 2022-08-16T11:03:23.000Z, RT @aleex1919: 🦇 | El Valencia atento a las opciones de mercado  🇮🇹 Gattuso quiere, al menos, 3 fichajes: un central, un medio y un delante…
1559497089557700608, 3426702838, 2022-08-16T11:07:34.000Z, RT @MLBPipeline: How about a little rivalry to start off the slate of FREE MiLB on https://t.co/Q7ImZhrJSK games this week?  Jasson Domingu…
1559499019839234050, 824318934690238464, 2022-08-16T11:15:15.000Z, RT @aleex1919: 🦇 | El Valencia atento a las opciones de mercado  🇮🇹 Gattuso quiere, al menos, 3 fichajes: un central, un medio y un delante…
1559505594641424386, 25550748, 2022-08-16T11:41:22.000Z, RT @MLBPipeline: How about a little rivalry to start off the slate of FREE MiLB on https://t.co/Q7ImZhrJSK games this week?  Jasson Domingu…
1559514070641950724, 1430688375766503429, 2022-08-16T12:15:03.000Z, RT @aleex1919: 🦇 | El Valencia atento a las opciones de mercado  🇮🇹 Gattuso quiere, al menos, 3 fichajes: un central, un medio y un delante…
1559517307780612096, 1353647578966073346, 2022-08-16T12:27:55.000Z, 📰 | #NOTICIAS  📌 El Valencia atento a las opciones de mercado: Denayer, Weah, Winks…  🏷️ @valenciacf   ✒️ Álex Domínguez (@aleex1919)  💻 ¡Toda la información en la web!  ⛓️ Pincha aquí ⬇️  https://t.co/nqUkNMrMoj
1559526899524698113, 797965035033264128, 2022-08-16T13:06:02.000Z, RT @aleex1919: 🦇 | El Valencia atento a las opciones de mercado  🇮🇹 Gattuso quiere, al menos, 3 fichajes: un central, un medio y un delante…
1559544645180334084, 1315464661, 2022-08-16T14:16:33.000Z, RT @aleex1919: 🦇 | El Valencia atento a las opciones de mercado  🇮🇹 Gattuso quiere, al menos, 3 fichajes: un central, un medio y un delante…
1559547735967154178, 1353421487206760448, 2022-08-16T14:28:49.000Z, 📰 | #NOTICIAS  📌 El Valencia atento a las opciones de mercado: Denayer, Weah, Winks…  ✒️ Álex Domínguez (@aleex1919)  💻 ¡Toda la información en la web!  ⛓️ Pincha aquí ⬇️  https://t.co/fo22o5xQYV
1559553982279913475, 20624747, 2022-08-16T14:53:39.000Z, RT @MLBPipeline: How about a little rivalry to start off the slate of FREE MiLB on https://t.co/Q7ImZhrJSK games this week?  Jasson Domingu…
1559557049427677185, 16333796, 2022-08-16T15:05:50.000Z, RT @MLBPipeline: How about a little rivalry to start off the slate of FREE MiLB on https://t.co/Q7ImZhrJSK games this week?  Jasson Domingu…
1559558583762796546, 302032213, 2022-08-16T15:11:56.000Z, Así forma Acassuso   1 TOMAS DOMÍNGUEZ 4 AGUSTÍN POLITO 2 EZEQUIEL OTERO   6 MAXI DENIS 3 ALEX RUIZ 5 AGUSTÍN BLANCO 8 AGUSTÍN HERMOSO 10 TOMAS CRUZ 7 VICTOR BARRIONUEVO 11 BAUTI HERNÁNDEZ 9 AGUSTÍN DINATALE  #Reserva
1559563894875721730, 1122067845003796485, 2022-08-16T15:33:02.000Z, @AlbertoUDLP @ElNuevoInsular @diarioas Sí también. Y si el Girona nos compra a Álex Domínguez, se podría firmar un portero. Para él sería una opción interesante... Mucho más cerca de casa y en 1º. Teóricamente muy suplente, pero como aquí a día de hoy. Ojalá se haga, sería bueno para UD y para él.
1559564990889304067, 149370909, 2022-08-16T15:37:23.000Z, @VirginiaYankee1 When he leads off with comments about Dominguez strutting around, you can stop reading right there.  Saw Jasson play against Alex Ramirez of the Mets, and I would love to see what the “scout” wrote about him.
1559605005124079616, 1214992636525924359, 2022-08-16T18:16:23.000Z, Good news for #Knoxville #dog lovers!  Kern’s is going to have outdoor space for your four-legged family members. Hear the exciting plans from developer Alex Dominguez and help us spread the word.  #experiencekernsbakery #sliceofthegoodlife  #dogsofknox #dogsofknoxville https://t.co/69DUU6Z1HA
1559608886344257537, 953725688929906688, 2022-08-16T18:31:49.000Z, #Concierto 🎶  Falta poco para el regreso de @MAGNETOOFICIAL2 a #Querétaro, ya que el 3 de septiembre, Mauri, Elías, Alex, Alan y Toño se presentarán en el Auditorio Josefa Ortiz de Domínguez, con sus grandes éxitos cmo «Para siempre» y «Vuela vuela».  👉 https://t.co/cwJEKh05oB https://t.co/vFt8wn0NAI
1559609196831703041, 1422364007223201797, 2022-08-16T18:33:03.000Z, RT @MLBPipeline: How about a little rivalry to start off the slate of FREE MiLB on https://t.co/Q7ImZhrJSK games this week?  Jasson Domingu…
1559632012952195072, 1353647578966073346, 2022-08-16T20:03:43.000Z, RT @Capital_vlc: 📰 | #NOTICIAS  📌 El Valencia atento a las opciones de mercado: Denayer, Weah, Winks…  ✒️ Álex Domínguez (@aleex1919)  💻 ¡T…
1559646860331057153, 1370074141211119629, 2022-08-16T21:02:42.000Z, @UDLP_Oficial Las para mejor que Álex Domínguez.
1559650489960112129, 2415749820, 2022-08-16T21:17:08.000Z, RT @MLBPipeline: How about a little rivalry to start off the slate of FREE MiLB on https://t.co/Q7ImZhrJSK games this week?  Jasson Domingu…
1559671739591925760, 1011989680622129153, 2022-08-16T22:41:34.000Z, Two of baseballs top prospects meet again! Alex Ramirez and Jasson Dominguez with first place on the line!  @BKCyclones and @HVRenegades open a 6-game set in Brooklyn at 7!   Catch @KeithRaad and me on https://t.co/henhGHFNyQ and MILB First Pitch. https://t.co/15RY4rvbOv https://t.co/jez4K4jRDN
1559675209527005194, 1109372617, 2022-08-16T22:55:21.000Z, The Subway Series comes to Brooklyn!  Watch #Yankees' Jasson Domínguez and #Mets' Alex Ramirez FOR FREE on @MLBTV.  📺 https://t.co/6or1LHB03G https://t.co/ics9uv94ch
1559675559726153731, 20624747, 2022-08-16T22:56:45.000Z, RT @MLBPipeline: The Subway Series comes to Brooklyn!  Watch #Yankees' Jasson Domínguez and #Mets' Alex Ramirez FOR FREE on @MLBTV.  📺 http…
1559675805449555975, 34363347, 2022-08-16T22:57:44.000Z, RT @MLBPipeline: The Subway Series comes to Brooklyn!  Watch #Yankees' Jasson Domínguez and #Mets' Alex Ramirez FOR FREE on @MLBTV.  📺 http…
1559679825232658432, 1060577794751651841, 2022-08-16T23:13:42.000Z, RT @MLBPipeline: The Subway Series comes to Brooklyn!  Watch #Yankees' Jasson Domínguez and #Mets' Alex Ramirez FOR FREE on @MLBTV.  📺 http…
1559696378284081158, 624185705, 2022-08-17T00:19:28.000Z, RT @MLBPipeline: How about a little rivalry to start off the slate of FREE MiLB on https://t.co/Q7ImZhrJSK games this week?  Jasson Domingu…
1559799460988964865, 1516422891117678594, 2022-08-17T07:09:05.000Z, @gianniniabril1 Alex Dominguez
1559871250339696642, 3423597917, 2022-08-17T11:54:21.000Z, @DxQuike @forzaDepor_19o6 @DCCoruna La “cantera” que muchos reclaman es la de solo producir estrellas de nivel, o eso parece… igual no es cantera Marcos Vales (internacional), o igual no lo es David (jugando en el Celtic), o Àlex Bergantiños, Juan Domínguez o Hugo Novoa, o ya q lo hemos re-fichado, Raúl Carnero…
1559914717921124353, 1242977138, 2022-08-17T14:47:05.000Z, RT @MLBPipeline: How about a little rivalry to start off the slate of FREE MiLB on https://t.co/Q7ImZhrJSK games this week?  Jasson Domingu…
1559914753316818944, 1242977138, 2022-08-17T14:47:13.000Z, RT @MLBPipeline: The Subway Series comes to Brooklyn!  Watch #Yankees' Jasson Domínguez and #Mets' Alex Ramirez FOR FREE on @MLBTV.  📺 http…
1559959638463991813, 856509759545016321, 2022-08-17T17:45:35.000Z, 🏉La plantilla del @rugbyciencias 2022/23 queda  perfilada y con la llegada del ala Sergio Molinero son 11 las incorporaciones: Enrique Quinteros, Vicente del Hoyo, Alex Gimeno, Daniel Stöhr, Manu Mora, Luciano Molina, Facundo Nogueira, Iñaki Mateu, Jordi Jorba y Guille Domínguez https://t.co/Rr4AYrfFw5
1559986422282686464, 1360748700843270151, 2022-08-17T19:32:00.000Z, Quien de aquí firmaría vender a Alex Domínguez y traer a Joan femenias o incluso a filip jorgensen del Villarreal b.
1559989666245496832, 1389063463071268866, 2022-08-17T19:44:54.000Z, @griego_alex @Milney1989 @TalkinYanks If Volpe continues his great minor league play into AAA, there's definitely a chance he could make an appearance next year. Dominguez definitely has further to go as he's still just in High-A.
1560000049316339718, 2850850020, 2022-08-17T20:26:09.000Z, ALEX DOMINGUEZ estará en el mundial de QATAR 2022 https://t.co/wCff00iNmi
1560002579970539522, 2850850020, 2022-08-17T20:36:13.000Z, RT @jeffreymundial: ALEX DOMINGUEZ estará en el mundial de QATAR 2022 https://t.co/wCff00iNmi
1560022115411271683, 883751509284052994, 2022-08-17T21:53:50.000Z, RT @Pepelias17_: 🏉La plantilla del @rugbyciencias 2022/23 queda  perfilada y con la llegada del ala Sergio Molinero son 11 las incorporacio…
1560070924589797376, 2391600667, 2022-08-18T01:07:47.000Z, Cyclones top prospect Alex Ramirez flys out the Renegades top prospect Jasson Dominguez. https://t.co/N2fjG3S8Xl
1560071109835366400, 1103026303635214336, 2022-08-18T01:08:31.000Z, RT @JulianGuilarte1: Cyclones top prospect Alex Ramirez flys out the Renegades top prospect Jasson Dominguez. https://t.co/N2fjG3S8Xl
1560071251728732160, 1297620899986907136, 2022-08-18T01:09:05.000Z, RT @JulianGuilarte1: Cyclones top prospect Alex Ramirez flys out the Renegades top prospect Jasson Dominguez. https://t.co/N2fjG3S8Xl
1560074213611827200, 1067587420881858560, 2022-08-18T01:20:51.000Z, ¡DOBLE FONDO ESTE VIERNES!  🥊FEDERICO PEDRAZA VS. NICOLÁS PAZ Título sudamericano pluma int.  🥊MARCELO CÓCERES-JAVIER MACIEL  🥊KEVIN ACUÑA-ALEX DOMÍNGUEZ 🥊DANIEL COMBI-MARTÍN ROCHA 🥊SEBASTIÁN DÍAZ-KEVIN RAMÍREZ  📺📲EN VIVO 23 hs. x @BoxeoDePrimera @TyCSports @TyCSportsPlay https://t.co/0BpmBWHTuk
1560079154988683266, 1472641098, 2022-08-18T01:40:30.000Z, RT @ArgentinaBoxing: ¡DOBLE FONDO ESTE VIERNES!  🥊FEDERICO PEDRAZA VS. NICOLÁS PAZ Título sudamericano pluma int.  🥊MARCELO CÓCERES-JAVIER…
1560082897083568129, 759571028414717952, 2022-08-18T01:55:22.000Z, RT @ArgentinaBoxing: ¡DOBLE FONDO ESTE VIERNES!  🥊FEDERICO PEDRAZA VS. NICOLÁS PAZ Título sudamericano pluma int.  🥊MARCELO CÓCERES-JAVIER…
1560086753423134720, 347656188, 2022-08-18T02:10:41.000Z, RT @ArgentinaBoxing: ¡DOBLE FONDO ESTE VIERNES!  🥊FEDERICO PEDRAZA VS. NICOLÁS PAZ Título sudamericano pluma int.  🥊MARCELO CÓCERES-JAVIER…
1560099032650854400, 2932773795, 2022-08-18T02:59:29.000Z, RT @ArgentinaBoxing: ¡DOBLE FONDO ESTE VIERNES!  🥊FEDERICO PEDRAZA VS. NICOLÁS PAZ Título sudamericano pluma int.  🥊MARCELO CÓCERES-JAVIER…
1560099499539939330, 1243885920, 2022-08-18T03:01:20.000Z, RT @ArgentinaBoxing: ¡DOBLE FONDO ESTE VIERNES!  🥊FEDERICO PEDRAZA VS. NICOLÁS PAZ Título sudamericano pluma int.  🥊MARCELO CÓCERES-JAVIER…
1560102352970911744, 1147669274410070017, 2022-08-18T03:12:40.000Z, RT @ArgentinaBoxing: ¡DOBLE FONDO ESTE VIERNES!  🥊FEDERICO PEDRAZA VS. NICOLÁS PAZ Título sudamericano pluma int.  🥊MARCELO CÓCERES-JAVIER…
1560204859034386432, 134845472, 2022-08-18T10:00:00.000Z, #Digital104FilmDistribution  STORNI de Agustín Domínguez y SOPHÍA de Alex Duck han sido seleccionados en el @ScambiFestival. El festival tendrá lugar del 25 al 28 de agosto en Pigna, #Italia. https://t.co/FjzYwsJvlK
1560294186267553792, 1067587420881858560, 2022-08-18T15:54:57.000Z, ¡DOBLE FONDO ESTE VIERNES!  🥊FEDERICO PEDRAZA VS. NICOLÁS PAZ Título sudamericano pluma int.  🥊MARCELO CÓCERES-JAVIER MACIEL  🥊KEVIN ACUÑA-ALEX DOMÍNGUEZ 🥊DANIEL COMBI-MARTÍN ROCHA 🥊SEBASTIÁN DÍAZ-KEVIN RAMÍREZ  📺📲EN VIVO 23 hs. x @BoxeoDePrimera @TyCSports @TyCSportsPlay https://t.co/aOU68OCw9z
1560299584210931712, 347656188, 2022-08-18T16:16:24.000Z, RT @ArgentinaBoxing: ¡DOBLE FONDO ESTE VIERNES!  🥊FEDERICO PEDRAZA VS. NICOLÁS PAZ Título sudamericano pluma int.  🥊MARCELO CÓCERES-JAVIER…
1560449356486025216, 465206334, 2022-08-19T02:11:32.000Z, #TorneoBinance  #Boca | El xeneize rechazó la oferta de #Almeria 🇪🇸 por Agustin Almendra.  #River | El millonario rechazó una oferta de #Ludogorets 🇧🇬 por Alex Vigo.  #Colon | descartado el arribo de Eduardo Dominguez, Sebastián Battaglia es candidato a ser el DT sabalero. https://t.co/PIj55TMObm
1560454514473312257, 2932773795, 2022-08-19T02:32:02.000Z, RT @ArgentinaBoxing: ¡DOBLE FONDO ESTE VIERNES!  🥊FEDERICO PEDRAZA VS. NICOLÁS PAZ Título sudamericano pluma int.  🥊MARCELO CÓCERES-JAVIER…
1560457554634973185, 128702757, 2022-08-19T02:44:07.000Z, RT @ArgentinaBoxing: ¡DOBLE FONDO ESTE VIERNES!  🥊FEDERICO PEDRAZA VS. NICOLÁS PAZ Título sudamericano pluma int.  🥊MARCELO CÓCERES-JAVIER…
1560473091238727680, 128702757, 2022-08-19T03:45:51.000Z, RT @ArgentinaBoxing: ¡DOBLE FONDO ESTE VIERNES!  🥊FEDERICO PEDRAZA VS. NICOLÁS PAZ Título sudamericano pluma int.  🥊MARCELO CÓCERES-JAVIER…
1560566843257065474, 206748390, 2022-08-19T09:58:24.000Z, RT @ArgentinaBoxing: ¡DOBLE FONDO ESTE VIERNES!  🥊FEDERICO PEDRAZA VS. NICOLÁS PAZ Título sudamericano pluma int.  🥊MARCELO CÓCERES-JAVIER…
1560603365184266240, 875803871066673152, 2022-08-19T12:23:31.000Z, RT @ArgentinaBoxing: ¡DOBLE FONDO ESTE VIERNES!  🥊FEDERICO PEDRAZA VS. NICOLÁS PAZ Título sudamericano pluma int.  🥊MARCELO CÓCERES-JAVIER…
1560629916235857925, 36397762, 2022-08-19T14:09:01.000Z, @ChicagoSHRM is helping guide HR leaders in this changing landscape ! Join us at this year's #Elevate22 Conference as William Tarnow and Alex Dominguez guide us through the current legal landscape and discuss what's ahead for HR leaders. Register today: https://t.co/e2aiWezupB https://t.co/uwQgSmz0mv
1560634393508585475, 602843963, 2022-08-19T14:26:49.000Z, Alex Ramirez is an impressive prospect, but Jasson Dominguez has better numbers across the board and is a couple months younger and yet Ramirez is in the top 100 and Jasson fell out
1560646156811730952, 404302755, 2022-08-19T15:13:33.000Z, RT @VirginiaYankee1: Alex Ramirez is an impressive prospect, but Jasson Dominguez has better numbers across the board and is a couple month…
1560654645495599106, 1308862913323696129, 2022-08-19T15:47:17.000Z, @MartinchoRoldan @El_110 @FacuFazio91 Me olvidaba que Beccacece, Pusineri, Dominguez y Falcioni son la reencarnación de Sir Alex Ferguson! Por favor… y usted trabaja hablando de fútbol jajajaja
1560703492582514688, 1067587420881858560, 2022-08-19T19:01:23.000Z, ¡LISTOS PARA ESTA NOCHE!  🥊MARCELO CÓCERES-JAVIER MACIEL  🥊FEDERICO PEDRAZA-NICOLÁS PAZ  🥊KEVIN ACUÑA-ALEX DOMÍNGUEZ 🥊DANIEL COMBI-MARTÍN ROCHA 🥊SEBASTIÁN DÍAZ-KEVIN RAMÍREZ  🏟️Club Unión Carmeña, Carmen de Areco.  📺📲EN VIVO 23 hs. @BoxeoDePrimera @TyCSports @TyCSportsPlay https://t.co/f9Nkiw9g7B
1560703628289138692, 347656188, 2022-08-19T19:01:56.000Z, RT @ArgentinaBoxing: ¡LISTOS PARA ESTA NOCHE!  🥊MARCELO CÓCERES-JAVIER MACIEL  🥊FEDERICO PEDRAZA-NICOLÁS PAZ  🥊KEVIN ACUÑA-ALEX DOMÍNGUEZ 🥊…
1560704259259338752, 3436301933, 2022-08-19T19:04:26.000Z, RT @ArgentinaBoxing: ¡LISTOS PARA ESTA NOCHE!  🥊MARCELO CÓCERES-JAVIER MACIEL  🥊FEDERICO PEDRAZA-NICOLÁS PAZ  🥊KEVIN ACUÑA-ALEX DOMÍNGUEZ 🥊…
1560705298813407233, 833087305275564033, 2022-08-19T19:08:34.000Z, RT @ArgentinaBoxing: ¡LISTOS PARA ESTA NOCHE!  🥊MARCELO CÓCERES-JAVIER MACIEL  🥊FEDERICO PEDRAZA-NICOLÁS PAZ  🥊KEVIN ACUÑA-ALEX DOMÍNGUEZ 🥊…
1560714262623961093, 2932773795, 2022-08-19T19:44:11.000Z, RT @ArgentinaBoxing: ¡LISTOS PARA ESTA NOCHE!  🥊MARCELO CÓCERES-JAVIER MACIEL  🥊FEDERICO PEDRAZA-NICOLÁS PAZ  🥊KEVIN ACUÑA-ALEX DOMÍNGUEZ 🥊…
1560724412546138114, 1460002478964023301, 2022-08-19T20:24:31.000Z, @alex_rojas_aaaj @Encu5Futbol y el 3-3 de sabia tmb, le va a pegar dominguez, 44 domingueeeez calderoooon gabariniiiiii lo tiene canuto le queda a sabiaaaaa, las 2 veces dijoo canuto jajjaj
1560764111662845952, 299852810, 2022-08-19T23:02:16.000Z, Cyclones vs Renegades.    Here to see Alex Ramirez for the Mets. Dominguez for the Yanks and all the other prospects. https://t.co/hn6dwxX7gM
1560944367912845314, 206748390, 2022-08-20T10:58:32.000Z, RT @ArgentinaBoxing: ¡LISTOS PARA ESTA NOCHE!  🥊MARCELO CÓCERES-JAVIER MACIEL  🥊FEDERICO PEDRAZA-NICOLÁS PAZ  🥊KEVIN ACUÑA-ALEX DOMÍNGUEZ 🥊…
1560949649246195715, 485517951, 2022-08-20T11:19:32.000Z, No acto estiveron presentes os compañeiros do BNG de Cee Serxio Domínguez -voceiro no Concello- e Andrés Castro e os do @BNG_Corcubion Álex López e Rafa Mouzo Lago (alcalde desde 1979 a 2003), ben como no noso portavoz en María Pita @jorqueracaselas (e 3). https://t.co/JsIeHZOjCF
1561053560883789827, 305449141, 2022-08-20T18:12:26.000Z, RT @BNGACorunha: No acto estiveron presentes os compañeiros do BNG de Cee Serxio Domínguez -voceiro no Concello- e Andrés Castro e os do @B…
1561202377759154176, 623081505, 2022-08-21T04:03:47.000Z, @Alex_Asmitia @julianmaster21 Esto es culpa de esos vendidos de Cata Dominguez y Rafael Baca,esos dos grillos se tienen que ir YA
1561393374174797825, 710591262, 2022-08-21T16:42:44.000Z, 👥 | ALIÑACIÓN fronte ao @CDBoiro:   David Conde  Cotilla Mario Domínguez  Julio Rey  Dani Sánchez  Miguel Fernández  Hugo Losada  Hugo Barcia  Álex Rodríguez  Sergio Prieto  Fernando   #ForzaArosa https://t.co/MciIetHQSR
1561404093842616320, 927183308, 2022-08-21T17:25:20.000Z, RT @AROSASCOFICIAL: 👥 | ALIÑACIÓN fronte ao @CDBoiro:   David Conde  Cotilla Mario Domínguez  Julio Rey  Dani Sánchez  Miguel Fernández  Hu…
1561413521614716928, 560642792, 2022-08-21T18:02:47.000Z, RT @AROSASCOFICIAL: 👥 | ALIÑACIÓN fronte ao @CDBoiro:   David Conde  Cotilla Mario Domínguez  Julio Rey  Dani Sánchez  Miguel Fernández  Hu…
1561418608131162113, 710591262, 2022-08-21T18:23:00.000Z, 🔃 Trocos no descanso:  🔺 Entran Pablo Rial, Sylla, Borja Míguez, Iñaki Martínez, Javi Sandá, Brais Pedreira, Brais Vidal  🔻 Saen David Conde, Mario Domínguez, Miguel Fernández, Hugo Losada, Hugo Barcia, Álex Rodríguez e Fernando  CD Boiro 1 - 0 #ArosaSC
1561430909332570112, 2238030378, 2022-08-21T19:11:53.000Z, @Alex_jgomez Correría también al director deportivo… traería a Toni Mohamed de inmediato … lo dejaría armar al equipo y estructurar un nuevo proyecto .. correría este lunes a Cata Dominguez y a Baca … trabajaría en fuerzas básicas y traería nuevos refuerzos…!!😢😢😰😰🥺🥺
1561432323840679937, 2238030378, 2022-08-21T19:17:30.000Z, RT @licpepecarranza: @Alex_jgomez Correría también al director deportivo… traería a Toni Mohamed de inmediato … lo dejaría armar al equipo…
1561443014329118720, 1258064435450609664, 2022-08-21T19:59:59.000Z, RT @AROSASCOFICIAL: 👥 | ALIÑACIÓN fronte ao @CDBoiro:   David Conde  Cotilla Mario Domínguez  Julio Rey  Dani Sánchez  Miguel Fernández  Hu…
1561656927091716096, 1353421487206760448, 2022-08-22T10:10:00.000Z, 📰 | #OPINIÓN  📌 Buenas ideas y pocos mimbres  🏷️ @valenciacf   ✒️ Álex Domínguez (@aleex1919)  💻 ¡Toda la información en la web!  ⛓️ Pincha aquí ⬇️ https://t.co/UvOUc9NI5P
1561657570447720449, 1353647578966073346, 2022-08-22T10:12:33.000Z, 📰 | #OPINIÓN  📌 Buenas ideas y pocos mimbres  🏷️ @valenciacf   ✒️ Álex Domínguez (@aleex1919)  💻 ¡Toda la información en la web!  ⛓️ Pincha aquí ⬇️ https://t.co/BNkzrWFrf7
1561657876799754241, 1444651556, 2022-08-22T10:13:46.000Z, 📰 | Buenas ideas y pocos mimbres  🏟 Primera derrota liguera  🗣 "Para desarrollar esta idea de juego hace falta algo más que buenas intenciones"  🤞🏻 Faltan fichajes CONTRASTADOS, no apuestas como Özkacar  💭 Esta es mi opinión…  ✒️ Álex Domínguez ⬇️ https://t.co/NtuDBEtMtw
1561657953870045187, 1323251772492754944, 2022-08-22T10:14:05.000Z, RT @aleex1919: 📰 | Buenas ideas y pocos mimbres  🏟 Primera derrota liguera  🗣 "Para desarrollar esta idea de juego hace falta algo más que…
1561658508365512704, 1686748710, 2022-08-22T10:16:17.000Z, RT @esportsvcr: 📰 | #OPINIÓN  📌 Buenas ideas y pocos mimbres  🏷️ @valenciacf   ✒️ Álex Domínguez (@aleex1919)  💻 ¡Toda la información en la…
1561680047437750272, 1353647578966073346, 2022-08-22T11:41:52.000Z, RT @aleex1919: 📰 | Buenas ideas y pocos mimbres  🏟 Primera derrota liguera  🗣 "Para desarrollar esta idea de juego hace falta algo más que…
1561714813159579653, 1353421487206760448, 2022-08-22T14:00:01.000Z, 📰 | #OPINIÓN  📌 Buenas ideas y pocos mimbres  🏷️ @valenciacf   ✒️ Álex Domínguez (@aleex1919)  💻 ¡Toda la información en la web!  ⛓️ Pincha aquí ⬇️ https://t.co/UvOUc9w7eh
1561737461650411521, 1353647578966073346, 2022-08-22T15:30:01.000Z, 📰 | #OPINIÓN  📌 Buenas ideas y pocos mimbres  🏷️ @valenciacf   ✒️ Álex Domínguez (@aleex1919)  💻 ¡Toda la información en la web!  ⛓️ Pincha aquí ⬇️ https://t.co/BNkzrWFrf7
1561787077636853760, 14958039, 2022-08-22T18:47:10.000Z, Banquillo UD Las Palmas: Álex Domínguez, Marvin, Eric Curbelo, Fabio, Benito, Álvaro Lemos, Palanca, Ale García y Julen. via @24liveblog https://t.co/vqx6seQYU0
1562019911374966788, 1353421487206760448, 2022-08-23T10:12:22.000Z, 📰 | #OPINIÓN  📌 La necesaria ilusión por Cavani  🏷️ @valenciacf @ECavaniOfficial   ✒️ Álex Domínguez (@aleex1919)  💻 ¡Toda la información en la web!  ⛓️ Pincha aquí ⬇️ https://t.co/2mgMFvzitL
1562020976866492416, 1310981990687088641, 2022-08-23T10:16:36.000Z, Ostia que Alex Domínguez se nos ilusiona jajajajajja https://t.co/JmmGlI4xKz
1562021118650769408, 1444651556, 2022-08-23T10:17:10.000Z, 🦇🇺🇾 | La necesaria ilusión por Cavani  🔥 Un goleador de época para el VCF  🗣 "En tiempos negros, todavía existen nombres que ilusionan"  🦇 "Fútbol y VCF tienen algo especial cuando lo combinas, y el respeto de grandes jugadores"  ✒️ Álex Domínguez ⬇️ https://t.co/NljLXZRgds
1562021289942044672, 1323251772492754944, 2022-08-23T10:17:51.000Z, RT @aleex1919: 🦇🇺🇾 | La necesaria ilusión por Cavani  🔥 Un goleador de época para el VCF  🗣 "En tiempos negros, todavía existen nombres que…
1562021360901177345, 2263249296, 2022-08-23T10:18:08.000Z, RT @aleex1919: 🦇🇺🇾 | La necesaria ilusión por Cavani  🔥 Un goleador de época para el VCF  🗣 "En tiempos negros, todavía existen nombres que…
1562021742591320064, 465952924, 2022-08-23T10:19:39.000Z, RT @aleex1919: 🦇🇺🇾 | La necesaria ilusión por Cavani  🔥 Un goleador de época para el VCF  🗣 "En tiempos negros, todavía existen nombres que…
1562021838712176642, 1353421487206760448, 2022-08-23T10:20:01.000Z, RT @aleex1919: 🦇🇺🇾 | La necesaria ilusión por Cavani  🔥 Un goleador de época para el VCF  🗣 "En tiempos negros, todavía existen nombres que…
1562021936611352577, 443062523, 2022-08-23T10:20:25.000Z, RT @aleex1919: 🦇🇺🇾 | La necesaria ilusión por Cavani  🔥 Un goleador de época para el VCF  🗣 "En tiempos negros, todavía existen nombres que…
1562022214215540736, 824318934690238464, 2022-08-23T10:21:31.000Z, RT @aleex1919: 🦇🇺🇾 | La necesaria ilusión por Cavani  🔥 Un goleador de época para el VCF  🗣 "En tiempos negros, todavía existen nombres que…
1562023085104152578, 912458356828393472, 2022-08-23T10:24:59.000Z, RT @aleex1919: 🦇🇺🇾 | La necesaria ilusión por Cavani  🔥 Un goleador de época para el VCF  🗣 "En tiempos negros, todavía existen nombres que…
1562023255166287872, 1353647578966073346, 2022-08-23T10:25:39.000Z, 📰 | #OPINIÓN  📌 La necesaria ilusión por Cavani  🏷️ @valenciacf @ECavaniOfficial   ✒️ Álex Domínguez (@aleex1919)  💻 ¡Toda la información en la web!  ⛓️ Pincha aquí ⬇️ https://t.co/tCoGecuFUo
1562023573341884416, 471499872, 2022-08-23T10:26:55.000Z, RT @aleex1919: 🦇🇺🇾 | La necesaria ilusión por Cavani  🔥 Un goleador de época para el VCF  🗣 "En tiempos negros, todavía existen nombres que…
1562024589902872577, 1163497092616204288, 2022-08-23T10:30:57.000Z, RT @aleex1919: 🦇🇺🇾 | La necesaria ilusión por Cavani  🔥 Un goleador de época para el VCF  🗣 "En tiempos negros, todavía existen nombres que…
1562027216149819392, 449759878, 2022-08-23T10:41:24.000Z, RT @aleex1919: 🦇🇺🇾 | La necesaria ilusión por Cavani  🔥 Un goleador de época para el VCF  🗣 "En tiempos negros, todavía existen nombres que…
1562030162891444226, 328928225, 2022-08-23T10:53:06.000Z, RT @aleex1919: 🦇🇺🇾 | La necesaria ilusión por Cavani  🔥 Un goleador de época para el VCF  🗣 "En tiempos negros, todavía existen nombres que…
1562038045666410497, 2247296165, 2022-08-23T11:24:26.000Z, RT @aleex1919: 🦇🇺🇾 | La necesaria ilusión por Cavani  🔥 Un goleador de época para el VCF  🗣 "En tiempos negros, todavía existen nombres que…
1562057910707945473, 3367480474, 2022-08-23T12:43:22.000Z, RT @aleex1919: 🦇🇺🇾 | La necesaria ilusión por Cavani  🔥 Un goleador de época para el VCF  🗣 "En tiempos negros, todavía existen nombres que…
1562063436716072961, 1235485922092867585, 2022-08-23T13:05:19.000Z, RT @aleex1919: 🦇🇺🇾 | La necesaria ilusión por Cavani  🔥 Un goleador de época para el VCF  🗣 "En tiempos negros, todavía existen nombres que…
1562073243925749761, 487715198, 2022-08-23T13:44:17.000Z, RT @aleex1919: 🦇🇺🇾 | La necesaria ilusión por Cavani  🔥 Un goleador de época para el VCF  🗣 "En tiempos negros, todavía existen nombres que…
1562074128013721600, 1273284291028488194, 2022-08-23T13:47:48.000Z, RT @aleex1919: 🦇🇺🇾 | La necesaria ilusión por Cavani  🔥 Un goleador de época para el VCF  🗣 "En tiempos negros, todavía existen nombres que…
1562075848408272899, 3349314839, 2022-08-23T13:54:38.000Z, RT @aleex1919: 🦇🇺🇾 | La necesaria ilusión por Cavani  🔥 Un goleador de época para el VCF  🗣 "En tiempos negros, todavía existen nombres que…
1562077212509032448, 1353421487206760448, 2022-08-23T14:00:04.000Z, 📰 | #OPINIÓN  📌 La necesaria ilusión por Cavani  🏷️ @valenciacf @ECavaniOfficial   ✒️ Álex Domínguez (@aleex1919)  💻 ¡Toda la información en la web!  ⛓️ Pincha aquí ⬇️ https://t.co/2mgMFvQTlj
1562114948062396416, 1353647578966073346, 2022-08-23T16:30:00.000Z, 📰 | #OPINIÓN  📌 La necesaria ilusión por Cavani  🏷️ @valenciacf @ECavaniOfficial  ✒️ Álex Domínguez (@aleex1919)  💻 ¡Toda la información en la web!  ⛓️ Pincha aquí ⬇️ https://t.co/tCoGecuFUo
1562136209937375236, 1507749559, 2022-08-23T17:54:30.000Z, @HULETTSC @dominguez_cody @AP Have to ask… MAGA, KAG, Alex Jones supporter, Qanon Numbnut, Nitwit or #covididiot ?
1562141020636139521, 1373746781398257664, 2022-08-23T18:13:37.000Z, @RebolledoIsaura @ecamarena1 @HenryCosta011 @Alvaro10fidalgo @Carlos8Reinoso @ClubAmerica Ok, quitando nacionalidades, a Córdova lo mataron por no llenar la 10 ¿ Estamos deacuerdo ? Pues fidalgo no es la excepción, no llena la 8. Y no quiero ofender al maestro @Carlos8Reinoso pero fidalgo está lejos de llenar la 8 de Del Olmo, Alex Domínguez que ya es decir mucho.
1562168218218799104, 1643385337, 2022-08-23T20:01:41.000Z, MILLONARIOS FC 1996 Arriba de izquierda derecha: Flaminio Rivas, Eddy Villarraga, Osman López, Leiner Orejuela, Ricardo Lunari, Bonner Mosquera. Abajo en el mismo orden: "Toro" Medina, Harry Castillo Alex Daza, Edinson Domínguez, Marcio Rodríguez Cruz. https://t.co/AtxJX8oerY
1562169138721742852, 742769480, 2022-08-23T20:05:21.000Z, RT @MemoriaFPC: MILLONARIOS FC 1996 Arriba de izquierda derecha: Flaminio Rivas, Eddy Villarraga, Osman López, Leiner Orejuela, Ricardo Lun…
1562178546725945344, 2871079894, 2022-08-23T20:42:44.000Z, RT @MemoriaFPC: MILLONARIOS FC 1996 Arriba de izquierda derecha: Flaminio Rivas, Eddy Villarraga, Osman López, Leiner Orejuela, Ricardo Lun…
1562199863101882368, 280664117, 2022-08-23T22:07:26.000Z, @poncho_nevarez Numerically it’s Alex Dominguez’s seat. But he’s not seeking re-election and Republicans heavily redistricted it to be  a toss-up seat covering most of Cameron County, minus most of Brownsville, plus all of Willacy.
1562217874181312512, 1242004758, 2022-08-23T23:19:00.000Z, RT @MemoriaFPC: MILLONARIOS FC 1996 Arriba de izquierda derecha: Flaminio Rivas, Eddy Villarraga, Osman López, Leiner Orejuela, Ricardo Lun…
1562219609650073600, 316529176, 2022-08-23T23:25:54.000Z, RT @MemoriaFPC: MILLONARIOS FC 1996 Arriba de izquierda derecha: Flaminio Rivas, Eddy Villarraga, Osman López, Leiner Orejuela, Ricardo Lun…
1562240738527789056, 935886714, 2022-08-24T00:49:51.000Z, RT @MemoriaFPC: MILLONARIOS FC 1996 Arriba de izquierda derecha: Flaminio Rivas, Eddy Villarraga, Osman López, Leiner Orejuela, Ricardo Lun…
1562261390508843008, 1082399728850124802, 2022-08-24T02:11:55.000Z, RT @MemoriaFPC: MILLONARIOS FC 1996 Arriba de izquierda derecha: Flaminio Rivas, Eddy Villarraga, Osman López, Leiner Orejuela, Ricardo Lun…
1562263727247970304, 1063232666798092288, 2022-08-24T02:21:12.000Z, RT @MemoriaFPC: MILLONARIOS FC 1996 Arriba de izquierda derecha: Flaminio Rivas, Eddy Villarraga, Osman López, Leiner Orejuela, Ricardo Lun…
1562274611961757696, 142393952, 2022-08-24T03:04:27.000Z, RT @MemoriaFPC: MILLONARIOS FC 1996 Arriba de izquierda derecha: Flaminio Rivas, Eddy Villarraga, Osman López, Leiner Orejuela, Ricardo Lun…
1562276654612987904, 219168217, 2022-08-24T03:12:34.000Z, RT @MemoriaFPC: MILLONARIOS FC 1996 Arriba de izquierda derecha: Flaminio Rivas, Eddy Villarraga, Osman López, Leiner Orejuela, Ricardo Lun…
1562293319278936064, 247973853, 2022-08-24T04:18:47.000Z, RT @MemoriaFPC: MILLONARIOS FC 1996 Arriba de izquierda derecha: Flaminio Rivas, Eddy Villarraga, Osman López, Leiner Orejuela, Ricardo Lun…
1562337642359955456, 377898663, 2022-08-24T07:14:55.000Z, RT @aleex1919: 🦇🇺🇾 | La necesaria ilusión por Cavani  🔥 Un goleador de época para el VCF  🗣 "En tiempos negros, todavía existen nombres que…
1562344735724998656, 1436649225388019713, 2022-08-24T07:43:06.000Z, @Mikelone2 @Lediakhov @RealOviedo Eloy Olaya es a la radio lo que Alex Ubago a la música. El ultra dice ... Ultra es Iñigo Dominguez con su famoso "a la cueva" que tan retratado le dejó.
1562377011313737728, 1353647578966073346, 2022-08-24T09:51:21.000Z, RT @esportsvcr: 📰 | #OPINIÓN  📌 La necesaria ilusión por Cavani  🏷️ @valenciacf @ECavaniOfficial  ✒️ Álex Domínguez (@aleex1919)  💻 ¡Toda l…
1562439493570834432, 1052364957289988096, 2022-08-24T13:59:38.000Z, @cavalier500 Buenos días Bendiciones Alex Dominguez
1562446364910682112, 1546228857900072962, 2022-08-24T14:26:56.000Z, RT @MemoriaFPC: MILLONARIOS FC 1996 Arriba de izquierda derecha: Flaminio Rivas, Eddy Villarraga, Osman López, Leiner Orejuela, Ricardo Lun…
1562464536329719815, 2616088703, 2022-08-24T15:39:09.000Z, RT @MemoriaFPC: MILLONARIOS FC 1996 Arriba de izquierda derecha: Flaminio Rivas, Eddy Villarraga, Osman López, Leiner Orejuela, Ricardo Lun…
1562469553350709255, 582488440, 2022-08-24T15:59:05.000Z, @Jesus_Roel @Rodrigo_JR5 Y más, vs León, Pachuca, q fueron robos o vs pumas q Alex Domínguez la tuvo al último, o vs tigres, faltando un minuto nos anotaron
1562483265357115393, 148368264, 2022-08-24T16:53:34.000Z, Infantil A: Jean Paul Viveros Alex Cantarell - DAMM  Infantil B: Biel Sayos - DAMM Michal Zuk - Akademia Pogoni Arnau Luque - RCD Espanyol  Alevin A: Marc Martinez-At Segre Alevin B: Hugo Izquierdo - CE Mercantil Marc Dominguez  Oriol Oliver Alex Perea-Girona
1562613500299468801, 305803021, 2022-08-25T01:31:05.000Z, RT @MemoriaFPC: MILLONARIOS FC 1996 Arriba de izquierda derecha: Flaminio Rivas, Eddy Villarraga, Osman López, Leiner Orejuela, Ricardo Lun…
1562737626901204993, 337678958, 2022-08-25T09:44:19.000Z, La @Academiadecine acaba de anunciar las 3 películas seleccionadas en 1º ronda para representar a España en los #Oscars  ALCARRÀS (dir. Carla Simón, dop. Daniela Cajías) AS BESTAS (dir. Rodrigo Sorogoyen, dop. Álex de Pablo) CINCO LOBITOS (Alauda Ruiz de Azúa, Jon D. Domínguez) https://t.co/eYWtNNNk6X
1562828544761155584, 1245897242981969920, 2022-08-25T15:45:35.000Z, @MadaiGutirrez4 @AlexDominguezB Por más periodicazos en el hocico que te dé Alex Domínguez no vas a entender, fanática. Las víctimas de Naasón Joaquín son reales y tu secta es un peligro para muchos.
1562877591199297543, 15135752, 2022-08-25T19:00:29.000Z, Lara Dominguez is back and trying to balance life as the Black Ghost!  Next week, she returns in the Black Ghost Season 2 by @alex_segura, @eatyourlipstick, @GeorgeKambadais, @elliecries, @TaylorEspo, &amp; @greglockard.  @monkeys_robots has the preview: https://t.co/TWBtGdDMa0 https://t.co/l4qAemyVXE
1562877992032174082, 395714566, 2022-08-25T19:02:04.000Z, RT @comiXology: Lara Dominguez is back and trying to balance life as the Black Ghost!  Next week, she returns in the Black Ghost Season 2 b…
1562878540689047552, 382109626, 2022-08-25T19:04:15.000Z, RT @comiXology: Lara Dominguez is back and trying to balance life as the Black Ghost!  Next week, she returns in the Black Ghost Season 2 b…
1562879264978255875, 1542638606363369472, 2022-08-25T19:07:08.000Z, RT @comiXology: Lara Dominguez is back and trying to balance life as the Black Ghost!  Next week, she returns in the Black Ghost Season 2 b…
