id, author_id, created_at, text
762441326772183040, 841517202, 2016-08-08T00:12:32.000Z, RT @GreatestQuotes: "In the hopes of reaching the moon men fail to see the flowers that blossom at their feet." -  Albert Schweitzer
762443741198032897, 372356719, 2016-08-08T00:22:08.000Z, RT @GreatestQuotes: "In the hopes of reaching the moon men fail to see the flowers that blossom at their feet." -  Albert Schweitzer
762449255986372608, 100134262, 2016-08-08T00:44:02.000Z, RT @GreatestQuotes: "In the hopes of reaching the moon men fail to see the flowers that blossom at their feet." -  Albert Schweitzer
762455799109070848, 35795848, 2016-08-08T01:10:02.000Z, In the hopes of reaching the moon men fail to see the flowers that blossom at their feet.  ~ Albert Schweitzer    https://t.co/RTVQpDqDex
762457208818835457, 35795848, 2016-08-08T01:15:39.000Z, In the hopes of reaching the moon men fail to see the flowers that blossom at their feet.  ~ Albert Schweitzer https://t.co/cTCszMhjOl
762457654023249920, 35795848, 2016-08-08T01:17:25.000Z, In the hopes of reaching the moon men fail to see the flowers that blossom at their feet.  ~ Albert… [pic] — https://t.co/rpj4wQ3jaZ
762481080351854592, 108438704, 2016-08-08T02:50:30.000Z, "In the hopes of reaching the moon men fail to see the flowers that blossom at their feet." -Albert Schweitzer
762484588824317952, 216585407, 2016-08-08T03:04:26.000Z, RT @GreatestQuotes: "In the hopes of reaching the moon men fail to see the flowers that blossom at their feet." -  Albert Schweitzer
762487292481056768, 461079991, 2016-08-08T03:15:11.000Z, RT @GreatestQuotes: "In the hopes of reaching the moon men fail to see the flowers that blossom at their feet." -  Albert Schweitzer
762494965960146947, 184069274, 2016-08-08T03:45:41.000Z, RT @Paul_O_Williams: In the hopes of reaching the moon men fail to see the flowers that blossom at their feet. ~ Albert Schweitzer
762506022783025152, 144215600, 2016-08-08T04:29:37.000Z, RT @GreatestQuotes: "In the hopes of reaching the moon men fail to see the flowers that blossom at their feet." -  Albert Schweitzer
762519633467498496, 742711082, 2016-08-08T05:23:42.000Z, RT @GreatestQuotes: "In the hopes of reaching the moon men fail to see the flowers that blossom at their feet." -  Albert Schweitzer
762524584419745792, 2471869057, 2016-08-08T05:43:22.000Z, Royal Albert Blue Tea Cup and Saucer with Blue Flowers, Vintage Bone China https://t.co/dh0ecJYXJc
762569840326508544, 54910298, 2016-08-08T08:43:12.000Z, RT @GreatestQuotes: "In the hopes of reaching the moon men fail to see the flowers that blossom at their feet." -  Albert Schweitzer
762592981216030720, 86532500, 2016-08-08T10:15:09.000Z, “In the hopes of reaching the moon men fail to see the flowers that blossom at their feet.”  ― Albert Schweitzer
762634601541939200, 1388520433, 2016-08-08T13:00:32.000Z, RT @GreatestQuotes: "In the hopes of reaching the moon men fail to see the flowers that blossom at their feet." -  Albert Schweitzer
762657479142563840, 465336755, 2016-08-08T14:31:27.000Z, "In the hopes of reaching the moon men fail to see the flowers that blossom at their feet." -  Albert Schweitzer
762688577801162752, 2711960443, 2016-08-08T16:35:01.000Z, #RoyalAlbert #Black #Teacup and Saucer White Flowers Pattern 315 #tea #vintage #antique  https://t.co/Al6MrCndm2 https://t.co/Krm54HImC8
762689177393754112, 275886179, 2016-08-08T16:37:24.000Z, RT @TheTeacupAttic: #RoyalAlbert #Black #Teacup and Saucer White Flowers Pattern 315 #tea #vintage #antique  https://t.co/Al6MrCndm2 https:…
762691162113187840, 33788427, 2016-08-08T16:45:17.000Z, RT @TheTeacupAttic: #RoyalAlbert #Black #Teacup and Saucer White Flowers Pattern 315 #tea #vintage #antique  https://t.co/Al6MrCndm2 https:…
762744184180658176, 937814060, 2016-08-08T20:15:59.000Z, RT @GreatestQuotes: "In the hopes of reaching the moon men fail to see the flowers that blossom at their feet." -  Albert Schweitzer
762811789784543232, 3548147854, 2016-08-09T00:44:37.000Z, RT @j_spirit: "In the hopes of reaching the moon men fail to see the flowers...at their feet."  #Albert #Schweitzer
762880100656218119, 250624671, 2016-08-09T05:16:04.000Z, RT @Paul_O_Williams: In the hopes of reaching the moon men fail to see the flowers that blossom at their feet. ~ Albert Schweitzer
762883733112270849, 106368459, 2016-08-09T05:30:30.000Z, "In the hopes of reaching the moon men fail to see the flowers that blossom at their feet." -  Albert Schweitzer
762887557688373249, 3236228729, 2016-08-09T05:45:42.000Z, RT @KevinKennethLau: "In the hopes of reaching the moon men fail to see the flowers that blossom at their feet." -  Albert Schweitzer
762887557935878144, 40747778, 2016-08-09T05:45:42.000Z, RT @KevinKennethLau: "In the hopes of reaching the moon men fail to see the flowers that blossom at their feet." -  Albert Schweitzer
762899410942562304, 2473684992, 2016-08-09T06:32:48.000Z, "In the hopes of reaching the moon men fail to see the flowers that blossom at their feet." -  Albert Schweitzer
762900292472037376, 546822548, 2016-08-09T06:36:18.000Z, RT @KevinKennethLau: "In the hopes of reaching the moon men fail to see the flowers that blossom at their feet." -  Albert Schweitzer
762920548712185856, 734831145041465351, 2016-08-09T07:56:47.000Z, RT @KevinKennethLau: "In the hopes of reaching the moon men fail to see the flowers that blossom at their feet." -  Albert Schweitzer
762925251332222976, 3648185534, 2016-08-09T08:15:29.000Z, RT @KevinKennethLau: "In the hopes of reaching the moon men fail to see the flowers that blossom at their feet." -  Albert Schweitzer
763005371304800257, 314947270, 2016-08-09T13:33:51.000Z, "In the hopes of reaching the moon men fail to see the flowers that blossom at their feet." -  Albert Schweitzer
763012756370886660, 162047194, 2016-08-09T14:03:11.000Z, In the hopes of reaching the moon men fail to see the flowers that blossom at their feet. Albert Schweitzer
763016488051539969, 1589738251, 2016-08-09T14:18:01.000Z, "In the hopes of reaching the moon men fail to see the flowers that blossom at their feet." -  Albert Schweitzer
763064692969537536, 1221473737, 2016-08-09T17:29:34.000Z, .@ragazzini64 Albert Lynch - Gathering flowers https://t.co/jN3wUrKvw7
763064786540236800, 2187516904, 2016-08-09T17:29:56.000Z, RT @claudioborlotto: .@ragazzini64 Albert Lynch - Gathering flowers https://t.co/jN3wUrKvw7
763082294026436608, 733625056392286209, 2016-08-09T18:39:30.000Z, RT @GreatestQuotes: "In the hopes of reaching the moon men fail to see the flowers that blossom at their feet." -  Albert Schweitzer
763094126510256128, 236651774, 2016-08-09T19:26:32.000Z, RT @TheTeacupAttic: Royal Albert #Orange And #Purple Flowers #Teacup Set #tea #vintage #antique  ca. 1960-1970 https://t.co/i70rKisszr http…
763143318838599680, 2289064918, 2016-08-09T22:42:00.000Z, RT @GreatestQuotes: "In the hopes of reaching the moon men fail to see the flowers that blossom at their feet." -  Albert Schweitzer
763174173569011712, 1589698460, 2016-08-10T00:44:36.000Z, "In the hopes of reaching the moon men fail to see the flowers that blossom at their feet." -  Albert Schweitzer
763189314972848128, 1731174276, 2016-08-10T01:44:46.000Z, "In the hopes of reaching the moon men fail to see the flowers that blossom at their feet." -  Albert Schweitzer
763210074047123457, 3437621843, 2016-08-10T03:07:16.000Z, RT @GreatestQuotes: "In the hopes of reaching the moon men fail to see the flowers that blossom at their feet." -  Albert Schweitzer
763224202581344260, 14468043, 2016-08-10T04:03:24.000Z, In the hopes of reaching the moon men fail to see the flowers that blossom at their feet. Albert Schweitzer #TRB #quote #wisdom
763246859695427585, 743858923, 2016-08-10T05:33:26.000Z, RT @brentnhunter: In the hopes of reaching the moon men fail to see the flowers that blossom at their feet. Albert Schweitzer #TRB #quote #…
763256480233553920, 37961028, 2016-08-10T06:11:40.000Z, In the hopes of reaching the moon men fail to see the flowers that blossom at their feet. Albert Schweitzer
763310111645237248, 1589661990, 2016-08-10T09:44:46.000Z, "In the hopes of reaching the moon men fail to see the flowers that blossom at their feet." -  Albert Schweitzer
763333883232485376, 320123690, 2016-08-10T11:19:14.000Z, ❝In the hopes of reaching the moon men fail to see the flowers that blossom at their feet.❞~(Albert Schweitzer)
763335248503386113, 44834940, 2016-08-10T11:24:39.000Z, “In the hopes of reaching the moon men fail to see the flowers that blossom at their feet.” Albert Schweitzer
763356344263081986, 1962085568, 2016-08-10T12:48:29.000Z, RT @GreatestQuotes: "In the hopes of reaching the moon men fail to see the flowers that blossom at their feet." -  Albert Schweitzer
763384579147300864, 720438483865767936, 2016-08-10T14:40:41.000Z, In the hopes of reaching the moon men fail to see the flowers that blossom at their feet. - Albert Schweitzer #quote
763385592663060480, 1731174276, 2016-08-10T14:44:42.000Z, "In the hopes of reaching the moon men fail to see the flowers that blossom at their feet." -  Albert Schweitzer
763428449809788928, 118184228, 2016-08-10T17:35:00.000Z, RT @claudioborlotto: .@ragazzini64 Albert Lynch - Gathering flowers https://t.co/jN3wUrKvw7
763457888048250880, 2202849645, 2016-08-10T19:31:59.000Z, RT @GreatestQuotes: "In the hopes of reaching the moon men fail to see the flowers that blossom at their feet." -  Albert Schweitzer
763578453660663808, 718599509232607232, 2016-08-11T03:31:04.000Z, Walking route: Regents Park  Primrose Hill, ... - https://t.co/BNpEydqQhR #garden #nature #flowers #gardening https://t.co/YnamTK1I2N
763635533922775040, 1731212671, 2016-08-11T07:17:53.000Z, "In the hopes of reaching the moon men fail to see the flowers that blossom at their feet." -  Albert Schweitzer
763680192263061505, 858782810, 2016-08-11T10:15:20.000Z, In the hopes of reaching the moon men fail to see the flowers that blossom at their feet. - Albert Schweitzer
763695947884793856, 1731183654, 2016-08-11T11:17:57.000Z, "In the hopes of reaching the moon men fail to see the flowers that blossom at their feet." -  Albert Schweitzer
763705859725746176, 216247387, 2016-08-11T11:57:20.000Z, RT @GreatestQuotes: "In the hopes of reaching the moon men fail to see the flowers that blossom at their feet." -  Albert Schweitzer
763755626040266752, 2711960443, 2016-08-11T15:15:05.000Z, #RoyalAlbert #Black #Teacup and Saucer White Flowers Pattern 315 #tea #vintage #antique  https://t.co/yoFJ9ZuSBh https://t.co/wXujNhF76c
763756934637977600, 275886179, 2016-08-11T15:20:17.000Z, RT @TheTeacupAttic: #RoyalAlbert #Black #Teacup and Saucer White Flowers Pattern 315 #tea #vintage #antique  https://t.co/yoFJ9ZuSBh https:…
763810658488094720, 2308956505, 2016-08-11T18:53:46.000Z, RT @claudioborlotto: .@ragazzini64 Albert Lynch - Gathering flowers https://t.co/jN3wUrKvw7
763828098571784192, 3118794255, 2016-08-11T20:03:04.000Z, RT @TheTeacupAttic: #RoyalAlbert #Black #Teacup and Saucer White Flowers Pattern 315 #tea #vintage #antique  https://t.co/yoFJ9ZuSBh https:…
763829013605339136, 2604513600, 2016-08-11T20:06:42.000Z, RT @TheTeacupAttic: #RoyalAlbert #Black #Teacup and Saucer White Flowers Pattern 315 #tea #vintage #antique  https://t.co/yoFJ9ZuSBh https:…
763959383747272704, 1731278312, 2016-08-12T04:44:45.000Z, "In the hopes of reaching the moon men fail to see the flowers that blossom at their feet." -  Albert Schweitzer
764004733480673280, 1589678208, 2016-08-12T07:44:57.000Z, "In the hopes of reaching the moon men fail to see the flowers that blossom at their feet." -  Albert Schweitzer
764009319318695938, 162047194, 2016-08-12T08:03:10.000Z, In the hopes of reaching the moon men fail to see the flowers that blossom at their feet. Albert Schweitzer
764045275711217666, 3342322120, 2016-08-12T10:26:03.000Z, RT @TheTeacupAttic: #RoyalAlbert #Black #Teacup and Saucer White Flowers Pattern 315 #tea #vintage #antique  https://t.co/yoFJ9ZuSBh https:…
764065078777749504, 1731221485, 2016-08-12T11:44:45.000Z, "In the hopes of reaching the moon men fail to see the flowers that blossom at their feet." -  Albert Schweitzer
764110885325381632, 391587830, 2016-08-12T14:46:46.000Z, Royal Albert Alberta Rose Provincial Flowers by Cupsofthepast https://t.co/QzWfyax0JQ via @Etsy
764149067073159173, 142253343, 2016-08-12T17:18:29.000Z, RT @GreatestQuotes: "In the hopes of reaching the moon men fail to see the flowers that blossom at their feet." -  Albert Schweitzer
764187124568588293, 764150985551937538, 2016-08-12T19:49:43.000Z, RT @GreatestQuotes: "In the hopes of reaching the moon men fail to see the flowers that blossom at their feet." -  Albert Schweitzer
764284756850798592, 1407756060, 2016-08-13T02:17:40.000Z, "In the hopes of reaching the moon men fail to see the flowers that blossom at their feet." -  Albert Schweitzer
764306682771943424, 1731271465, 2016-08-13T03:44:47.000Z, "In the hopes of reaching the moon men fail to see the flowers that blossom at their feet." -  Albert Schweitzer
764390479324585985, 1731292465, 2016-08-13T09:17:46.000Z, "In the hopes of reaching the moon men fail to see the flowers that blossom at their feet." -  Albert Schweitzer
764390518952370176, 1589687209, 2016-08-13T09:17:56.000Z, "In the hopes of reaching the moon men fail to see the flowers that blossom at their feet." -  Albert Schweitzer
764397232049172480, 1589693148, 2016-08-13T09:44:36.000Z, "In the hopes of reaching the moon men fail to see the flowers that blossom at their feet." -  Albert Schweitzer
764596996917358592, 3271074276, 2016-08-13T22:58:24.000Z, "In the hopes of reaching the moon men fail to see the flowers that blossom at their feet." - Albert Schweitzer
764604087925141505, 702250608045068289, 2016-08-13T23:26:34.000Z, Have a colorful Saturday! #flowers #colorful #roses #orchid #saturday #lilies #iris @ Albert's… https://t.co/7zGYg1oHi6
764608702443692033, 1589744341, 2016-08-13T23:44:55.000Z, "In the hopes of reaching the moon men fail to see the flowers that blossom at their feet." -  Albert Schweitzer
764714352620339200, 1731174276, 2016-08-14T06:44:44.000Z, "In the hopes of reaching the moon men fail to see the flowers that blossom at their feet." -  Albert Schweitzer
764820094648135680, 1589687209, 2016-08-14T13:44:54.000Z, "In the hopes of reaching the moon men fail to see the flowers that blossom at their feet." -  Albert Schweitzer
764883947142590464, 169499805, 2016-08-14T17:58:38.000Z, Royal Albert #Teacup + Saucer Petit Point Flowers Bone China #England #teacups #vintage #auction $4.99 bid Ends 8-14 https://t.co/UAEmrNZB33
764890308404387840, 60326433, 2016-08-14T18:23:55.000Z, RT @WatkinsTreasure: Royal Albert #Teacup + Saucer Petit Point Flowers Bone China #England #teacups #vintage #auction $4.99 bid Ends 8-14 h…
764918952472346625, 1731163254, 2016-08-14T20:17:44.000Z, "In the hopes of reaching the moon men fail to see the flowers that blossom at their feet." -  Albert Schweitzer
764938623187881984, 4904491077, 2016-08-14T21:35:54.000Z, RT @claudioborlotto: .@ragazzini64 Albert Lynch - Gathering flowers https://t.co/jN3wUrKvw7
764946804261683200, 858782810, 2016-08-14T22:08:24.000Z, In the hopes of reaching the moon men fail to see the flowers that blossom at their feet. - Albert Schweitzer
764964334397030404, 1589743099, 2016-08-14T23:18:04.000Z, "In the hopes of reaching the moon men fail to see the flowers that blossom at their feet." -  Albert Schweitzer
764991281672163328, 3046534786, 2016-08-15T01:05:09.000Z, RT @claudioborlotto: .@ragazzini64 Albert Lynch - Gathering flowers https://t.co/jN3wUrKvw7
765005888042086401, 162047194, 2016-08-15T02:03:11.000Z, In the hopes of reaching the moon men fail to see the flowers that blossom at their feet. Albert Schweitzer
765027401264930816, 1027582938, 2016-08-15T03:28:40.000Z, Check out "Juliets Flowers" by Albert Bevia - https://t.co/eORav4qyOi
765054941039763458, 1731128214, 2016-08-15T05:18:06.000Z, "In the hopes of reaching the moon men fail to see the flowers that blossom at their feet." -  Albert Schweitzer
765076805208330242, 1731138228, 2016-08-15T06:44:59.000Z, "In the hopes of reaching the moon men fail to see the flowers that blossom at their feet." -  Albert Schweitzer
765175759581290496, 1589657388, 2016-08-15T13:18:12.000Z, "In the hopes of reaching the moon men fail to see the flowers that blossom at their feet." -  Albert Schweitzer
765334463664521218, 702250608045068289, 2016-08-15T23:48:50.000Z, Revival, sweet akito and polar Star roses. #monday #roses #pink #ilovepink #flowers @ Albert's… https://t.co/JUYCGPeZ0X
765341773400911872, 1731183654, 2016-08-16T00:17:52.000Z, "In the hopes of reaching the moon men fail to see the flowers that blossom at their feet." -  Albert Schweitzer
765368742649950209, 709059767390638081, 2016-08-16T02:05:02.000Z, Check out Beautiful Royal Albert Radiance Series Light Blue with Flowers Tea Cup &amp; Saucer https://t.co/fCSRbOEV0t @eBay
765417307162095619, 1589687209, 2016-08-16T05:18:01.000Z, "In the hopes of reaching the moon men fail to see the flowers that blossom at their feet." -  Albert Schweitzer
765432368492535808, 1589661990, 2016-08-16T06:17:52.000Z, "In the hopes of reaching the moon men fail to see the flowers that blossom at their feet." -  Albert Schweitzer
765467671102193664, 547144221, 2016-08-16T08:38:09.000Z, In the hopes of reaching the moon men fail to see the flowers that bloom at their feet. - Albert Schweitzer
765559887153639424, 1589672618, 2016-08-16T14:44:35.000Z, "In the hopes of reaching the moon men fail to see the flowers that blossom at their feet." -  Albert Schweitzer
765667712190164992, 67352245, 2016-08-16T21:53:02.000Z, Albert Chong, Field of Flowers, 1995. A gift from the private collection of Mark and Polly… https://t.co/s1HGGKDf74
765690029356253185, 702250608045068289, 2016-08-16T23:21:43.000Z, That purple ornamental kale tho...  #kale #flowers #iris #arrangement #love #tuesday @ Albert's… https://t.co/IS7HLye6ml
765786432011132929, 1731226472, 2016-08-17T05:44:47.000Z, "In the hopes of reaching the moon men fail to see the flowers that blossom at their feet." -  Albert Schweitzer
765958347048701952, 517823814, 2016-08-17T17:07:55.000Z, In the hopes of reaching the moon men fail to see the flowers that blossom at their feet. -Albert Schweitzer #quote
765962904315256832, 2711960443, 2016-08-17T17:26:01.000Z, Royal Albert #Orange And #Purple Flowers #Teacup Set #tea #vintage #antique  ca. 1960-1970 https://t.co/R5zL9SJHlR https://t.co/LstkVj3uYg
765963460677165057, 275886179, 2016-08-17T17:28:14.000Z, RT @TheTeacupAttic: Royal Albert #Orange And #Purple Flowers #Teacup Set #tea #vintage #antique  ca. 1960-1970 https://t.co/R5zL9SJHlR http…
765973360920649729, 33788427, 2016-08-17T18:07:34.000Z, RT @TheTeacupAttic: Royal Albert #Orange And #Purple Flowers #Teacup Set #tea #vintage #antique  ca. 1960-1970 https://t.co/R5zL9SJHlR http…
766002396367429632, 162047194, 2016-08-17T20:02:57.000Z, In the hopes of reaching the moon men fail to see the flowers that blossom at their feet. Albert Schweitzer
766051460471631872, 1731212671, 2016-08-17T23:17:55.000Z, "In the hopes of reaching the moon men fail to see the flowers that blossom at their feet." -  Albert Schweitzer
766073290355986432, 1731256291, 2016-08-18T00:44:40.000Z, "In the hopes of reaching the moon men fail to see the flowers that blossom at their feet." -  Albert Schweitzer
766142980071710720, 762047730772500481, 2016-08-18T05:21:35.000Z, "In the hopes of reaching the moon men fail to see the flowers that blossom at their feet." -  Albert Schweitzer
766163871887335425, 1589693148, 2016-08-18T06:44:36.000Z, "In the hopes of reaching the moon men fail to see the flowers that blossom at their feet." -  Albert Schweitzer
766246957148999681, 1135006164, 2016-08-18T12:14:45.000Z, RT @GreatestQuotes: "In the hopes of reaching the moon men fail to see the flowers that blossom at their feet." -  Albert Schweitzer
766246957362753536, 1135006164, 2016-08-18T12:14:45.000Z, RT @GreatestQuotes: "In the hopes of reaching the moon men fail to see the flowers that blossom at their feet." -  Albert Schweitzer
766259391813169152, 391587830, 2016-08-18T13:04:10.000Z, Royal Albert Alberta Rose Provincial Flowers by Cupsofthepast https://t.co/QzWfyax0JQ via @Etsy
766357483011047425, 1151838667, 2016-08-18T19:33:56.000Z, Royal Albert Marguerite Footed CUP Saucer Blue Flowers Daisy Bone China | eBay https://t.co/RJXeWXmIBm
766401654975557632, 1151838667, 2016-08-18T22:29:28.000Z, Check out ROYAL ALBERT MARGUERITE FOOTED CUP &amp; SAUCER BLUE FLOWERS DAISY BONE CHINA #RoyalAlbert https://t.co/PSEC7oW5TB via @eBay
766413812501057536, 1407756060, 2016-08-18T23:17:46.000Z, "In the hopes of reaching the moon men fail to see the flowers that blossom at their feet." -  Albert Schweitzer
766415490033922048, 335354812, 2016-08-18T23:24:26.000Z, What a lovely 1930s Un-Named Royal Albert wooded scene with pink flowers! #andeverythingnice https://t.co/OuIvTljPai
766472061829181440, 1027582938, 2016-08-19T03:09:14.000Z, Check out "Juliets Flowers" by Albert Bevia - https://t.co/eORav4qyOi
766558886383890436, 760335374505967620, 2016-08-19T08:54:15.000Z, "In the hopes of reaching the moon men fail to see the flowers that blossom at their feet." -  Albert Schweitzer
766567127193100288, 17498138, 2016-08-19T09:26:59.000Z, Artist: Albert Koetsier Title: Bo Tree Style: contemporary Format: vertical Size: small Subject: flowers Product type: framed print Frame...
766613232182321152, 2213520308, 2016-08-19T12:30:12.000Z, "In the hopes of reaching the moon men fail to see the flowers that blossom at their feet." -  Albert Schweitzer
766736345326759936, 744034623664062464, 2016-08-19T20:39:24.000Z, "In the hopes of reaching the moon men fail to see the flowers that blossom at their feet." -  Albert Schweitzer
766737673302134784, 1731286712, 2016-08-19T20:44:41.000Z, "In the hopes of reaching the moon men fail to see the flowers that blossom at their feet." -  Albert Schweitzer
766742304103264256, 740342858268463104, 2016-08-19T21:03:05.000Z, Royal Albert Serving Plate Provencial Flowers by designfrills https://t.co/Q0mmfDyiiX via @Etsy
766894861177937921, 3225418006, 2016-08-20T07:09:17.000Z, Always good to see @PBrookFball greats Thomas Flowers, Tabugbo Anyansi, Calvin Ward, and Albert McRae
766933941647384577, 1589698460, 2016-08-20T09:44:35.000Z, "In the hopes of reaching the moon men fail to see the flowers that blossom at their feet." -  Albert Schweitzer
766982339859668992, 3290625622, 2016-08-20T12:56:54.000Z, RT @PBrookFball: Always good to see @PBrookFball greats Thomas Flowers, Tabugbo Anyansi, Calvin Ward, and Albert McRae
766998442841411584, 182941319, 2016-08-20T14:00:53.000Z, Quote of the day: "In the hopes of reaching the moon men fail to see the flowers that blossom at their feet." -  Albert Schweitzer
766999005704314882, 162047194, 2016-08-20T14:03:07.000Z, In the hopes of reaching the moon men fail to see the flowers that blossom at their feet. Albert Schweitzer
767047375055687688, 20999305, 2016-08-20T17:15:19.000Z, Took a little walk yesterday. #flowers  #naturalbeauty #green @ Albert Park, Auckland https://t.co/D7RvjeKs7d
767081956177838080, 371150718, 2016-08-20T19:32:44.000Z, "@CarolineBuffa: "In the hopes of reaching the moon men fail to see the flowers that blossom at their feet."   - Albert Schweitzer
767126052686565376, 744034623664062464, 2016-08-20T22:27:58.000Z, "In the hopes of reaching the moon men fail to see the flowers that blossom at their feet." -  Albert Schweitzer
767140903177814016, 40313290, 2016-08-20T23:26:58.000Z, After church - morning walk - flowers in full bloom in winter at #albertpark #auckland @ Albert… https://t.co/FWhbW8J7N7
767170543321751552, 440256898, 2016-08-21T01:24:45.000Z, @angelvs645 ah claro... Este año mientras veía a Albert Hammond Jr, Noel Gallagher y a Brandon Flowers, me di cuenta que iban puras huecas 😅
767210754793541632, 44383109, 2016-08-21T04:04:32.000Z, New artwork for sale! - "Water and Lotus Flowers" - https://t.co/1Y8AKubWtf @fineartamerica https://t.co/auWlvwSlEp
767235994357604352, 1731226472, 2016-08-21T05:44:50.000Z, "In the hopes of reaching the moon men fail to see the flowers that blossom at their feet." -  Albert Schweitzer
767262748774326272, 1251040585, 2016-08-21T07:31:09.000Z, "In the hopes of reaching the moon men fail to see the flowers that blossom at their feet." -  Albert Schweitzer
767281274566225920, 1589661990, 2016-08-21T08:44:45.000Z, "In the hopes of reaching the moon men fail to see the flowers that blossom at their feet." -  Albert Schweitzer
767502969491300352, 709059767390638081, 2016-08-21T23:25:42.000Z, Check out Beautiful Royal Albert Radiance Series Light Blue with Flowers Tea Cup &amp; Saucer https://t.co/fCSRbOEV0t @eBay
767503069248618496, 709059767390638081, 2016-08-21T23:26:05.000Z, Check out Royal Albert Crown China Flowers &amp; Red Raised Dots Tea Cup &amp; Saucer #1098 https://t.co/XxQubUnE5e @eBay
767598353756467201, 1731183654, 2016-08-22T05:44:43.000Z, "In the hopes of reaching the moon men fail to see the flowers that blossom at their feet." -  Albert Schweitzer
767649026678198272, 110029780, 2016-08-22T09:06:04.000Z, RT @GreatestQuotes: "In the hopes of reaching the moon men fail to see the flowers that blossom at their feet." -  Albert Schweitzer
767712150030651392, 44834940, 2016-08-22T13:16:54.000Z, “In the hopes of reaching the moon men fail to see the flowers that blossom at their feet.” Albert Schweitzer
767759032081719297, 438192247, 2016-08-22T16:23:12.000Z, RT @GreatestQuotes: "In the hopes of reaching the moon men fail to see the flowers that blossom at their feet." -  Albert Schweitzer
767769984973934593, 56198905, 2016-08-22T17:06:43.000Z, "In the hopes of reaching the moon men fail to see the flowers that blossom at their feet." - Albert Schweitzer https://t.co/rnFJ5Pwm7D
767824923515584513, 2711960443, 2016-08-22T20:45:01.000Z, #RoyalAlbert  Teacup Set With Deep #Yellow Shasta #Daisy Flowers  #Bonechina #Tea #Cup https://t.co/zCXFgFlVak https://t.co/3LwocWVm24
767885471191937024, 14209664, 2016-08-23T00:45:37.000Z, “I saw a flower breathing and it wasn’t a hallucination. Flowers do breathe, but you don’t really see it.” https://t.co/wHL0jYh7Oi #ummm
767923780593209344, 1589715397, 2016-08-23T03:17:51.000Z, "In the hopes of reaching the moon men fail to see the flowers that blossom at their feet." -  Albert Schweitzer
767953938318405632, 1589693148, 2016-08-23T05:17:41.000Z, "In the hopes of reaching the moon men fail to see the flowers that blossom at their feet." -  Albert Schweitzer
767971816690286593, 3476372783, 2016-08-23T06:28:43.000Z, "In the hopes of reaching the moon men fail to see the flowers that blossom at their feet." - Albert Schweitzer
767973131101372416, 3882557777, 2016-08-23T06:33:57.000Z, "In the hopes of reaching the moon men fail to see the flowers that blossom at their feet." - Albert Schweitzer
767989246187540480, 1027582938, 2016-08-23T07:37:59.000Z, Check out "Juliets Flowers" by Albert Bevia - https://t.co/eORav48XpI
767989280140558336, 356044518, 2016-08-23T07:38:07.000Z, RT @Night_Wolf_1: Check out "Juliets Flowers" by Albert Bevia - https://t.co/eORav48XpI
768010713440804864, 162047194, 2016-08-23T09:03:17.000Z, In the hopes of reaching the moon men fail to see the flowers that blossom at their feet. Albert Schweitzer
768074780260130816, 1731226472, 2016-08-23T13:17:52.000Z, "In the hopes of reaching the moon men fail to see the flowers that blossom at their feet." -  Albert Schweitzer
768133233179525120, 61049041, 2016-08-23T17:10:08.000Z, Where man sees but withered leaves, God sees sweet flowers growing. Albert Laighton#QUOTE
768144816911753216, 737088446, 2016-08-23T17:56:10.000Z, In the hopes of reaching the moon men fail to see the flowers that blossom at their feet. --Albert Schweitzer #nature #quotes
768172918081748992, 995164500, 2016-08-23T19:47:50.000Z, I liked a @YouTube video https://t.co/EyWQZZAdmP Albert Lee - Flowers of Edinburgh
768211981832716288, 2711960443, 2016-08-23T22:23:03.000Z, #RoyalAlbert Flowers of the Month #August #Replacement #Saucer Only ca. 1970 https://t.co/kIBRpDMTiH https://t.co/FWfBxyxy6w
