id, author_id, created_at, text
607570717375217665, 113768836, 2015-06-07T15:32:01.000Z, ha terminado una Runtastic caminata de 8,07 km en 1h 24m con #Runtastic Pedometer PRO App: https://t.co/HR4A1y3suO
607925369002434560, 67106434, 2015-06-08T15:01:17.000Z, @oscato Sé que hoy se juntaban en Huachipato para analizar la oferta por Juan Carlos Espinoza y la por Carlos Espinosa.
607938278269034497, 41245023, 2015-06-08T15:52:35.000Z, RT @Jrubio12: @oscato Sé que hoy se juntaban en Huachipato para analizar la oferta por Juan Carlos Espinoza y la por Carlos Espinosa.
607938524105605120, 153173352, 2015-06-08T15:53:33.000Z, RT @Jrubio12: @oscato Sé que hoy se juntaban en Huachipato para analizar la oferta por Juan Carlos Espinoza y la por Carlos Espinosa.
607948693686386688, 119511655, 2015-06-08T16:33:58.000Z, @oscato Según entiendo están cerrando  a Juan Carlos Espinoza y también a  Carlos Espinosa. Eso por ahora.
608092724328173568, 113768836, 2015-06-09T02:06:17.000Z, ha terminado una Runtastic caminata de 7,36 km en 1h 27m con #Runtastic Pedometer PRO App: https://t.co/QxSDP1UvLz
608110782904213507, 829891274, 2015-06-09T03:18:03.000Z, Empiezan las celebraciones con mis amigos.. Juan Carlos Arroyo Espinosa azha y Ada Guzman... http://t.co/BHXcrKtT9m
608266167569031168, 941761622, 2015-06-09T13:35:30.000Z, En que instituto estás? — Jesús María pero con suerte el año que viene estoy en el Juan Carlos o el Espinosa http://t.co/zXheVkPlRD
608306287428911104, 298284168, 2015-06-09T16:14:55.000Z, @CGajardo22 acuerdate    juan  carlos  ,   y  espinosa  y  fuentes   listos   tengo  muy  buena   fuente   de  info
608334670191820800, 2484042344, 2015-06-09T18:07:42.000Z, Juan Carlos Espinoza y Carlos Espinosa, ambos de Huachipato, están a solo detalles de convertirse en jugadores de la UC. #LosCruzados
608394595823665152, 1115950520, 2015-06-09T22:05:49.000Z, Con dinero baila el perro... $$$ 🐕 Ahora resulta que Juan Carlos Fernández Zulueta es representante del PRI/Verde... http://t.co/k2CXdxxNeM
608454367793020929, 113768836, 2015-06-10T02:03:20.000Z, ha terminado una Runtastic caminata de 8,02 km en 1h 33m con #Runtastic Pedometer PRO App: https://t.co/dAspc3Pv9z
608487484692004864, 387282980, 2015-06-10T04:14:56.000Z, Alonso Barrientos Gamboa Juan Carlos Guízar Blanca Rios Hernandez Madián Espinosa Eve Galindo Ivan Eltio Rivera... http://t.co/yMwarZQ3h3
608613896417591296, 298284168, 2015-06-10T12:37:15.000Z, tranquilo   cruzados    llegaran  los  refuerzos    ya  nombrados    juan  c  espinoza    y  carlos  espinosa  y  cesar   fuentes
608614106757758977, 197291917, 2015-06-10T12:38:05.000Z, RT @pelaocatolica: tranquilo   cruzados    llegaran  los  refuerzos    ya  nombrados    juan  c  espinoza    y  carlos  espinosa  y  cesar …
608701043778666496, 2857128368, 2015-06-10T18:23:32.000Z, Dimisión de Juan Carlos Pérez Cabello y Agustín Espinosa  http://t.co/Q4bIVLrNXi
608825651886436353, 487180775, 2015-06-11T02:38:41.000Z, RT @delacatoradio: #TemporadadelHumo 4 serían los nuevos refuerzos UC: Juan Carlos Espinoza y Carlos Espinosa de HUA Jorge Luna y Marcos Me…
609052287026233344, 259822072, 2015-06-11T17:39:15.000Z, Se confirman también las partidas de Juan Carlos Espinoza y Carlos Espinosa a la UC.
609062725801644032, 41245023, 2015-06-11T18:20:44.000Z, RT @figueroa_camilo: Se confirman también las partidas de Juan Carlos Espinoza y Carlos Espinosa a la UC.
609065973476405248, 228190476, 2015-06-11T18:33:38.000Z, @don_teko Por traspaso de Juan Carlos Espinoza y préstamo de Carlos Espinosa a #UC, Acereros se quedan con 50% de Claudio Sepúlveda.
609066622633017344, 633659826, 2015-06-11T18:36:13.000Z, RT @SGodoyAcosta: @don_teko Por traspaso de Juan Carlos Espinoza y préstamo de Carlos Espinosa a #UC, Acereros se quedan con 50% de Claudio…
609066711120252928, 108268235, 2015-06-11T18:36:34.000Z, RT @SGodoyAcosta: @don_teko Por traspaso de Juan Carlos Espinoza y préstamo de Carlos Espinosa a #UC, Acereros se quedan con 50% de Claudio…
609068374287613952, 109040464, 2015-06-11T18:43:11.000Z, RT @SGodoyAcosta: @don_teko Por traspaso de Juan Carlos Espinoza y préstamo de Carlos Espinosa a #UC, Acereros se quedan con 50% de Claudio…
609069404802940928, 298284168, 2015-06-11T18:47:16.000Z, Se confirman también las partidas de Juan Carlos Espinoza y Carlos Espinosa a la UC
609069799990267904, 298284168, 2015-06-11T18:48:50.000Z, ven  que  no  mentia   carajo     Se confirman también las partidas de Juan Carlos Espinoza y Carlos Espinosa a la UC
609070403198283776, 178915946, 2015-06-11T18:51:14.000Z, RT @figueroa_camilo: Se confirman también las partidas de Juan Carlos Espinoza y Carlos Espinosa a la UC.
609071681806708737, 118574554, 2015-06-11T18:56:19.000Z, RT @figueroa_camilo: Se confirman también las partidas de Juan Carlos Espinoza y Carlos Espinosa a la UC.
609071735250522113, 252219449, 2015-06-11T18:56:32.000Z, RT @figueroa_camilo: Se confirman también las partidas de Juan Carlos Espinoza y Carlos Espinosa a la UC.
609071848052125696, 1339916832, 2015-06-11T18:56:59.000Z, RT @pelaocatolica: Se confirman también las partidas de Juan Carlos Espinoza y Carlos Espinosa a la UC
609072320842493952, 97120163, 2015-06-11T18:58:51.000Z, RT @SGodoyAcosta: @don_teko Por traspaso de Juan Carlos Espinoza y préstamo de Carlos Espinosa a #UC, Acereros se quedan con 50% de Claudio…
609072952705970176, 198042973, 2015-06-11T19:01:22.000Z, RT @figueroa_camilo: Se confirman también las partidas de Juan Carlos Espinoza y Carlos Espinosa a la UC.
609073038257176576, 1096495304, 2015-06-11T19:01:43.000Z, RT @figueroa_camilo: Se confirman también las partidas de Juan Carlos Espinoza y Carlos Espinosa a la UC.
609073565284077568, 259119395, 2015-06-11T19:03:48.000Z, RT @figueroa_camilo: Se confirman también las partidas de Juan Carlos Espinoza y Carlos Espinosa a la UC.
609073660964540416, 34060510, 2015-06-11T19:04:11.000Z, RT @figueroa_camilo: Se confirman también las partidas de Juan Carlos Espinoza y Carlos Espinosa a la UC.
609077221739909120, 298284168, 2015-06-11T19:18:20.000Z, @simonmunzer Se confirman también las partidas de Juan Carlos Espinoza y Carlos Espinosa a la UC  y  esto   yo  tambien  te  lo  dije
609094239935447041, 156769782, 2015-06-11T20:25:57.000Z, RT @figueroa_camilo: Se confirman también las partidas de Juan Carlos Espinoza y Carlos Espinosa a la UC.
609096079645245440, 259822072, 2015-06-11T20:33:16.000Z, Tremenda la confusión de los hinchas de la UC con Juan Carlos Espinoza y Carlos Espinosa. Uno es defensor, el otro es volante.
609101481556459520, 132708907, 2015-06-11T20:54:44.000Z, RT @figueroa_camilo: Tremenda la confusión de los hinchas de la UC con Juan Carlos Espinoza y Carlos Espinosa. Uno es defensor, el otro es …
609101616294322176, 132708907, 2015-06-11T20:55:16.000Z, RT @figueroa_camilo: Se confirman también las partidas de Juan Carlos Espinoza y Carlos Espinosa a la UC.
609101728554864640, 132708907, 2015-06-11T20:55:43.000Z, RT @SGodoyAcosta: @don_teko Por traspaso de Juan Carlos Espinoza y préstamo de Carlos Espinosa a #UC, Acereros se quedan con 50% de Claudio…
609487349148483584, 156462701, 2015-06-12T22:28:02.000Z, @MercadoCruzado estimados Juan Carlos espinosa es o no refuerzo??
609496157727911936, 298284168, 2015-06-12T23:03:02.000Z, tranquilo   ya  oficializaran    a  juan carlos espinoza  y   carlos  espinosa
609496573966450689, 197291917, 2015-06-12T23:04:41.000Z, RT @pelaocatolica: tranquilo   ya  oficializaran    a  juan carlos espinoza  y   carlos  espinosa
609499977316986882, 437873062, 2015-06-12T23:18:13.000Z, RT @pelaocatolica: tranquilo   ya  oficializaran    a  juan carlos espinoza  y   carlos  espinosa
609540700917641216, 3312651232, 2015-06-13T02:00:02.000Z, @mipatronaucas Hay varias personas presidenciables, Rodrigo Espinosa, Juan Carlos Valenzuela o Santamaria.
609773590867779584, 829891274, 2015-06-13T17:25:27.000Z, Juan Carlos Arroyo Espinosa ahahaha http://t.co/Imr8DKClrB
609867540320358400, 367743245, 2015-06-13T23:38:47.000Z, ⚡La presentación "PENSAMIENTO Y LENGUAJE Psic. Juan Carlos Espinosa Ramírez." http://t.co/zhCqjb2X28
610116367992385536, 637049812, 2015-06-14T16:07:32.000Z, Carlos espinosa y juan carlos espinoza serian presentados la próxima semana en San Carlos.. Matias donoso seria el tapado de Mario Salas
610163063078129665, 163518001, 2015-06-14T19:13:05.000Z, RT @futbolmercadocl: Juan Carlos Espinoza y Carlos Espinosa, ambos de Huachipato, están a solo detalles de convertirse en jugadores de la U…
610425773145620480, 96807516, 2015-06-15T12:37:00.000Z, RT @Valdivielso9: Carlos espinosa y juan carlos espinoza serian presentados la próxima semana en San Carlos.. Matias donoso seria el tapado…
610661616007409665, 123782082, 2015-06-16T04:14:09.000Z, RT @Valdivielso9: Carlos espinosa y juan carlos espinoza serian presentados la próxima semana en San Carlos.. Matias donoso seria el tapado…
610729644153786368, 192661690, 2015-06-16T08:44:28.000Z, Hoy a las 12, en directo: Alberto Garzón Espinosa, Juan Carlos Monedero, Inés Sabanés Nadal, Xosé Manuel Beiras.... http://t.co/uGKJCiNNsq
610731336979103744, 2774606102, 2015-06-16T08:51:12.000Z, RT @begonys: Hoy a las 12, en directo: Alberto Garzón Espinosa, Juan Carlos Monedero, Inés Sabanés Nadal, Xosé Manuel Beiras.... http://t.c…
610732016733175808, 322577469, 2015-06-16T08:53:54.000Z, RT @begonys: Hoy a las 12, en directo: Alberto Garzón Espinosa, Juan Carlos Monedero, Inés Sabanés Nadal, Xosé Manuel Beiras.... http://t.c…
610815536772071424, 152897565, 2015-06-16T14:25:47.000Z, RT @Valdivielso9: Carlos espinosa y juan carlos espinoza serian presentados la próxima semana en San Carlos.. Matias donoso seria el tapado…
610816115661504512, 235846362, 2015-06-16T14:28:05.000Z, RT @Valdivielso9: Carlos espinosa y juan carlos espinoza serian presentados la próxima semana en San Carlos.. Matias donoso seria el tapado…
611117627281395712, 3223671179, 2015-06-17T10:26:11.000Z, Con Jaime Roldán, José M. Álvarez de @EnergyHouse_ES, Fco Espinosa, Diego Gervás de @TetraPak_es y Juan Carlos López de @Calidad_Pascual
611507964294377472, 496455655, 2015-06-18T12:17:14.000Z, Al aire el titular de la regional de Viedma, Juan Carlos Espinosa
611617823790641152, 298284168, 2015-06-18T19:33:47.000Z, @atarimenares juan  carlos   espinoza  y  carlos  espinosa
611978253306318852, 199609922, 2015-06-19T19:26:00.000Z, @dieguillo_uc 2 jugadores diferente. Uno es Juan Carlos Espinoza y el otro el Carlos Espinosa.
612009582894915584, 228190476, 2015-06-19T21:30:29.000Z, #UCatólica suma a los acereros Juan Carlos Espinoza (Lateral-23) y Carlos Espinosa (Volante-32) http://t.co/FyMmVpmVCh
612010445050875904, 601332760, 2015-06-19T21:33:55.000Z, RT @SGodoyAcosta: #UCatólica suma a los acereros Juan Carlos Espinoza (Lateral-23) y Carlos Espinosa (Volante-32) http://t.co/FyMmVpmVCh
612027644125814784, 480999340, 2015-06-19T22:42:15.000Z, Como anuncié hace algunas semanas, Carlos Espinosa tiene todo acordado para llegar a la #UC y se suma a Juan Carlos Espinoza. #LosCruzados
612047275494363136, 162205074, 2015-06-20T00:00:16.000Z, RT @TarekDababneh: Como anuncié hace algunas semanas, Carlos Espinosa tiene todo acordado para llegar a la #UC y se suma a Juan Carlos Espi…
612296771780378625, 326920772, 2015-06-20T16:31:40.000Z, @CruzadosSADP todos los medios los dan por hechos menos ustedes, podrían decir algo con respecto a Juan Carlos Espinoza y Carlos Espinosa?
612300174824763392, 257102691, 2015-06-20T16:45:12.000Z, El lunes parte la "pretemporada". Espero que ese día ya estén Juan Carlos Espinoza y el 10, que ya estoy resignado a que sea Espinosa.
612412885432705028, 637049812, 2015-06-21T00:13:04.000Z, RT @TarekDababneh: Como anuncié hace algunas semanas, Carlos Espinosa tiene todo acordado para llegar a la #UC y se suma a Juan Carlos Espi…
612436159910776832, 105057827, 2015-06-21T01:45:33.000Z, @Cato__Noticias Juan Carlos Espinoza, el otro es Carlos Espinosa
612511418030538753, 286890297, 2015-06-21T06:44:36.000Z, IKiko Idrovo Marco Patricio Espinosa Suarez Walter A. Moscoso Parra Juan K Neira Fabrizio Cabrera Pazmiño Carlos... http://t.co/NvpR3vhJCC
612657287056920576, 2333956837, 2015-06-21T16:24:14.000Z, Les presentamos a Juan Carlos Espinosa Escamilla, midió 47 cms. y peso 2.760 kgs @VeroEscamilla1 http://t.co/AGp76GabtZ
