id, author_id, created_at, text
1336848414194028544, 3119457745, 2020-12-10T01:41:14.000Z, @ABC7 Rest In Peace Ky Alicia Thomas.   My heart goes out to her family and friends. 🙏🏾
1337073774944952322, 16374678, 2020-12-10T16:36:44.000Z, Ky Alicia Thomas, 28, leaves behind a newborn less than 4 weeks old &amp; 8-year-old daughter. She was fatally shot near Venice Beach Boardwalk last week. Her daughter asked grandma this heartbreaking question wondering about her mom: "Can you text in heaven?" https://t.co/dVnQ4uRbSV https://t.co/JuNd3ATZrq
1337074450773147649, 579513390, 2020-12-10T16:39:25.000Z, RT @ABC7: Ky Alicia Thomas, 28, leaves behind a newborn less than 4 weeks old &amp; 8-year-old daughter. She was fatally shot near Venice Beach…
1337074657023803392, 2321478247, 2020-12-10T16:40:14.000Z, RT @ABC7: Ky Alicia Thomas, 28, leaves behind a newborn less than 4 weeks old &amp; 8-year-old daughter. She was fatally shot near Venice Beach…
1337074885932187649, 140598153, 2020-12-10T16:41:09.000Z, RT @ABC7: Ky Alicia Thomas, 28, leaves behind a newborn less than 4 weeks old &amp; 8-year-old daughter. She was fatally shot near Venice Beach…
1337075032162410498, 168564721, 2020-12-10T16:41:43.000Z, RT @ABC7: Ky Alicia Thomas, 28, leaves behind a newborn less than 4 weeks old &amp; 8-year-old daughter. She was fatally shot near Venice Beach…
1337075089834045440, 1406092542, 2020-12-10T16:41:57.000Z, RT @ABC7: Ky Alicia Thomas, 28, leaves behind a newborn less than 4 weeks old &amp; 8-year-old daughter. She was fatally shot near Venice Beach…
1337075345812463616, 55450952, 2020-12-10T16:42:58.000Z, RT @ABC7: Ky Alicia Thomas, 28, leaves behind a newborn less than 4 weeks old &amp; 8-year-old daughter. She was fatally shot near Venice Beach…
1337075884281487361, 956955048185131008, 2020-12-10T16:45:07.000Z, RT @ABC7: Ky Alicia Thomas, 28, leaves behind a newborn less than 4 weeks old &amp; 8-year-old daughter. She was fatally shot near Venice Beach…
1337076494212820994, 1057330298, 2020-12-10T16:47:32.000Z, RT @ABC7: Ky Alicia Thomas, 28, leaves behind a newborn less than 4 weeks old &amp; 8-year-old daughter. She was fatally shot near Venice Beach…
1337076737604141057, 1301209761589858305, 2020-12-10T16:48:30.000Z, RT @ABC7: Ky Alicia Thomas, 28, leaves behind a newborn less than 4 weeks old &amp; 8-year-old daughter. She was fatally shot near Venice Beach…
1337077661286473728, 412544559, 2020-12-10T16:52:10.000Z, RT @ABC7: Ky Alicia Thomas, 28, leaves behind a newborn less than 4 weeks old &amp; 8-year-old daughter. She was fatally shot near Venice Beach…
1337081072635568129, 206993498, 2020-12-10T17:05:44.000Z, RT @ABC7: Ky Alicia Thomas, 28, leaves behind a newborn less than 4 weeks old &amp; 8-year-old daughter. She was fatally shot near Venice Beach…
1337081967536291841, 885650290661249028, 2020-12-10T17:09:17.000Z, RT @ABC7: Ky Alicia Thomas, 28, leaves behind a newborn less than 4 weeks old &amp; 8-year-old daughter. She was fatally shot near Venice Beach…
1337084231630151689, 879370182858219521, 2020-12-10T17:18:17.000Z, RT @ABC7: Ky Alicia Thomas, 28, leaves behind a newborn less than 4 weeks old &amp; 8-year-old daughter. She was fatally shot near Venice Beach…
1337084613655556098, 450332536, 2020-12-10T17:19:48.000Z, RT @ABC7: Ky Alicia Thomas, 28, leaves behind a newborn less than 4 weeks old &amp; 8-year-old daughter. She was fatally shot near Venice Beach…
1337090276846837760, 57811391, 2020-12-10T17:42:18.000Z, RT @ABC7: Ky Alicia Thomas, 28, leaves behind a newborn less than 4 weeks old &amp; 8-year-old daughter. She was fatally shot near Venice Beach…
1337098359878819840, 1386178315, 2020-12-10T18:14:25.000Z, RT @ABC7: Ky Alicia Thomas, 28, leaves behind a newborn less than 4 weeks old &amp; 8-year-old daughter. She was fatally shot near Venice Beach…
1337119677932171266, 472604056, 2020-12-10T19:39:08.000Z, RT @ABC7: Ky Alicia Thomas, 28, leaves behind a newborn less than 4 weeks old &amp; 8-year-old daughter. She was fatally shot near Venice Beach…
1337127995698515970, 196456627, 2020-12-10T20:12:11.000Z, RT @ABC7: Ky Alicia Thomas, 28, leaves behind a newborn less than 4 weeks old &amp; 8-year-old daughter. She was fatally shot near Venice Beach…
1337141582491840513, 73267955, 2020-12-10T21:06:10.000Z, RT @ABC7: Ky Alicia Thomas, 28, leaves behind a newborn less than 4 weeks old &amp; 8-year-old daughter. She was fatally shot near Venice Beach…
1337158865884905473, 760743545531576321, 2020-12-10T22:14:51.000Z, RT @ABC7: Ky Alicia Thomas, 28, leaves behind a newborn less than 4 weeks old &amp; 8-year-old daughter. She was fatally shot near Venice Beach…
1337178846395654147, 158064701, 2020-12-10T23:34:15.000Z, RT @ABC7: Ky Alicia Thomas, 28, leaves behind a newborn less than 4 weeks old &amp; 8-year-old daughter. She was fatally shot near Venice Beach…
1337210979294179328, 1257179989201416197, 2020-12-11T01:41:56.000Z, RT @ABC7: Ky Alicia Thomas, 28, leaves behind a newborn less than 4 weeks old &amp; 8-year-old daughter. She was fatally shot near Venice Beach…
1337272905172848641, 94262926, 2020-12-11T05:48:00.000Z, RT @ABC7: Ky Alicia Thomas, 28, leaves behind a newborn less than 4 weeks old &amp; 8-year-old daughter. She was fatally shot near Venice Beach…
1337277604546539520, 1481610283, 2020-12-11T06:06:40.000Z, RT @ABC7: Ky Alicia Thomas, 28, leaves behind a newborn less than 4 weeks old &amp; 8-year-old daughter. She was fatally shot near Venice Beach…
1337300398395121674, 4273901898, 2020-12-11T07:37:15.000Z, RT @ABC7: Ky Alicia Thomas, 28, leaves behind a newborn less than 4 weeks old &amp; 8-year-old daughter. She was fatally shot near Venice Beach…
1337326566565560323, 1296612560481869824, 2020-12-11T09:21:14.000Z, RT @ABC7: Ky Alicia Thomas, 28, leaves behind a newborn less than 4 weeks old &amp; 8-year-old daughter. She was fatally shot near Venice Beach…
1337402909441490945, 158214406, 2020-12-11T14:24:36.000Z, RT @ABC7: Ky Alicia Thomas, 28, leaves behind a newborn less than 4 weeks old &amp; 8-year-old daughter. She was fatally shot near Venice Beach…
