id, author_id, created_at, text
1526748629809102852, 1230874021060861953, 2022-05-18T02:16:53.000Z, hauntedbystorytelling: George Hurrell (American, 1904-1992) :: Ramon Navarro (or Novarro) as a Clown, 1930. Gelatin silver print. | src Heritage Auctions view on wordPress https://t.co/Nf4K3JQztU
1526826173111705602, 834325898480459777, 2022-05-18T07:25:01.000Z, RT @LaTardeCOPE: 🎙️@FernandodeHaro se hace esta pregunta: ¿Cómo se puede reducir el hambre en el mundo? 🍽️  🗣️Carmen Santolaya, responsable…
1526852941893738497, 1438818306, 2022-05-18T09:11:23.000Z, RT @abc_es: Los obispos acusan al Gobierno de cruzar «una de las líneas rojas que expresan la salud moral de un pueblo» con la ley del Abor…
1526887334309937154, 2867473090, 2022-05-18T11:28:03.000Z, RT @zoidoJI: Un día como hoy, ETA asesinó a los guardias civiles Francisco Puig y Francisco Ramón Ruiz en Goiuzeta, al cabo primero de la P…
1526923750574370816, 950349234401890304, 2022-05-18T13:52:45.000Z, RT @abc_es: Los obispos acusan al Gobierno de cruzar «una de las líneas rojas que expresan la salud moral de un pueblo» con la ley del Abor…
1526980343831613442, 394621026, 2022-05-18T17:37:38.000Z, Estamos en la presentación del libro en @UA_Universidad @SedeAlicante_UA de la calle San Fernando en #Alicante  📚De la utopía al desencanto. Un paseo por la literatura y la ingeniería, de Josė Ramón Navarro Vera https://t.co/2vXlPVNfUo
1526981199608135683, 51025341, 2022-05-18T17:41:02.000Z, RT @PublicacionesUA: Estamos en la presentación del libro en @UA_Universidad @SedeAlicante_UA de la calle San Fernando en #Alicante  📚De la…
1527000298971095042, 123833769, 2022-05-18T18:56:56.000Z, RT @PublicacionesUA: Estamos en la presentación del libro en @UA_Universidad @SedeAlicante_UA de la calle San Fernando en #Alicante  📚De la…
1527013668164091904, 2853499246, 2022-05-18T19:50:03.000Z, RT @zoidoJI: Un día como hoy, ETA asesinó a los guardias civiles Francisco Puig y Francisco Ramón Ruiz en Goiuzeta, al cabo primero de la P…
1527035176026525696, 790882831035662336, 2022-05-18T21:15:31.000Z, RT @zoidoJI: Un día como hoy, ETA asesinó a los guardias civiles Francisco Puig y Francisco Ramón Ruiz en Goiuzeta, al cabo primero de la P…
1527267725705465857, 969654082901299202, 2022-05-19T12:39:35.000Z, Toma de posesión de Rosa Ana Morán como Fiscal de Sala Jefa de la Fiscalía Especial #Antidroga. El acto ha estado presidido por Mª Ángeles Sánchez, Teniente Fiscal del Tribunal Supremo y José Ramón Navarro, presidente de la Audiencia Nacional.  🔗https://t.co/oBj9z1UIZ3 https://t.co/RyZcPg1qI7
1527273913243377665, 1457817405263056898, 2022-05-19T13:04:10.000Z, RT @fiscal_es: Toma de posesión de Rosa Ana Morán como Fiscal de Sala Jefa de la Fiscalía Especial #Antidroga. El acto ha estado presidido…
1527286354576453633, 4255613157, 2022-05-19T13:53:37.000Z, RT @fiscal_es: Toma de posesión de Rosa Ana Morán como Fiscal de Sala Jefa de la Fiscalía Especial #Antidroga. El acto ha estado presidido…
1527315480201302016, 1225073646185721856, 2022-05-19T15:49:21.000Z, RT @PublicacionesUA: Estamos en la presentación del libro en @UA_Universidad @SedeAlicante_UA de la calle San Fernando en #Alicante  📚De la…
1527316511534501888, 1248656822, 2022-05-19T15:53:27.000Z, RT @PublicacionesUA: Estamos en la presentación del libro en @UA_Universidad @SedeAlicante_UA de la calle San Fernando en #Alicante  📚De la…
1527321032327327746, 855861590301790208, 2022-05-19T16:11:25.000Z, RT @fiscal_es: Toma de posesión de Rosa Ana Morán como Fiscal de Sala Jefa de la Fiscalía Especial #Antidroga. El acto ha estado presidido…
1527375499147681792, 978257435579346944, 2022-05-19T19:47:50.000Z, @RicardoGonDuq @sergio_fajardo @JERobledo @CristoBustos Siiii,  y Navarro, Mockus, Ramon. Creo que con 16 años intentandolo es suficiente
1527433230110146580, 841075823713124352, 2022-05-19T23:37:15.000Z, RT @fiscal_es: Toma de posesión de Rosa Ana Morán como Fiscal de Sala Jefa de la Fiscalía Especial #Antidroga. El acto ha estado presidido…
1527596918557265920, 998799077755248640, 2022-05-20T10:27:41.000Z, Aquí podéis escuchar o descargar el 'Puntos de Vista' con Asun París @psoeraspeig, Pachi Pascual @Cs_SanVicente, Óscar Lillo @SanVicentePP, Alberto Beviá @EURaspeig, Adrián García @vox_sanvicente, David Navarro @podemos_sv y Ramon Leyda @compromis_stvic   https://t.co/1YW5PNuh2P https://t.co/UMfKa2C8AI
1527598523885268992, 372245384, 2022-05-20T10:34:04.000Z, 🔴 DIRECTO | Turismo de experiencia, la naturaleza como escenario  Eneko Egiguren, presidente Junta del Roncal  José María Agramonte @BardenasRN   Iván López-Barco @caudalia   Ramón Navarro, Hotel Beragu, Gallipienzo Viejo  #SEREspañaDespoblada   👉 https://t.co/FdvrF0vKVZ https://t.co/8z3zG4NDZs
1527613865126772738, 19923515, 2022-05-20T11:35:01.000Z, 🔴 Garzón propone «menos carne y productos lácteos» para reducir la huella de consumo en España https://t.co/GJMh2PQ2Tn Informa José Ramón Navarro-Pareja
1527614960225984512, 459202451, 2022-05-20T11:39:22.000Z, RT @abc_es: 🔴 Garzón propone «menos carne y productos lácteos» para reducir la huella de consumo en España https://t.co/GJMh2PQ2Tn Informa…
1527615323414855684, 2714777790, 2022-05-20T11:40:49.000Z, RT @abc_es: 🔴 Garzón propone «menos carne y productos lácteos» para reducir la huella de consumo en España https://t.co/GJMh2PQ2Tn Informa…
1527615649979125760, 989199145440333830, 2022-05-20T11:42:07.000Z, RT @abc_es: 🔴 Garzón propone «menos carne y productos lácteos» para reducir la huella de consumo en España https://t.co/GJMh2PQ2Tn Informa…
1527617119881416705, 234374457, 2022-05-20T11:47:57.000Z, RT @abc_es: 🔴 Garzón propone «menos carne y productos lácteos» para reducir la huella de consumo en España https://t.co/GJMh2PQ2Tn Informa…
1527617491974860801, 1501337805414412289, 2022-05-20T11:49:26.000Z, RT @abc_es: 🔴 Garzón propone «menos carne y productos lácteos» para reducir la huella de consumo en España https://t.co/GJMh2PQ2Tn Informa…
1527619483472482306, 2768338400, 2022-05-20T11:57:21.000Z, RT @abc_es: 🔴 Garzón propone «menos carne y productos lácteos» para reducir la huella de consumo en España https://t.co/GJMh2PQ2Tn Informa…
1527620950753165312, 357584516, 2022-05-20T12:03:11.000Z, RT @abc_es: 🔴 Garzón propone «menos carne y productos lácteos» para reducir la huella de consumo en España https://t.co/GJMh2PQ2Tn Informa…
1527628589692342273, 584882199, 2022-05-20T12:33:32.000Z, RT @abc_es: 🔴 Garzón propone «menos carne y productos lácteos» para reducir la huella de consumo en España https://t.co/GJMh2PQ2Tn Informa…
1527628982585331712, 1461429014808125441, 2022-05-20T12:35:06.000Z, @hazelflag Ramon Navarro
1527634151314280448, 1339277574581706756, 2022-05-20T12:55:38.000Z, RT @fiscal_es: Toma de posesión de Rosa Ana Morán como Fiscal de Sala Jefa de la Fiscalía Especial #Antidroga. El acto ha estado presidido…
1527635117434347523, 2271561669, 2022-05-20T12:59:28.000Z, RT @abc_es: 🔴 Garzón propone «menos carne y productos lácteos» para reducir la huella de consumo en España https://t.co/GJMh2PQ2Tn Informa…
1527639075578068994, 545273899, 2022-05-20T13:15:12.000Z, RT @abc_es: 🔴 Garzón propone «menos carne y productos lácteos» para reducir la huella de consumo en España https://t.co/GJMh2PQ2Tn Informa…
1527640672936812544, 982366752532320256, 2022-05-20T13:21:33.000Z, RT @abc_es: 🔴 Garzón propone «menos carne y productos lácteos» para reducir la huella de consumo en España https://t.co/GJMh2PQ2Tn Informa…
1527645644927770625, 365285863, 2022-05-20T13:41:18.000Z, RT @abc_es: 🔴 Garzón propone «menos carne y productos lácteos» para reducir la huella de consumo en España https://t.co/GJMh2PQ2Tn Informa…
1527646384475848704, 941818984776728577, 2022-05-20T13:44:15.000Z, RT @abc_es: 🔴 Garzón propone «menos carne y productos lácteos» para reducir la huella de consumo en España https://t.co/GJMh2PQ2Tn Informa…
1527649231699337220, 567967844, 2022-05-20T13:55:33.000Z, RT @abc_es: 🔴 Garzón propone «menos carne y productos lácteos» para reducir la huella de consumo en España https://t.co/GJMh2PQ2Tn Informa…
1527651469662597121, 1214164388086607872, 2022-05-20T14:04:27.000Z, RT @abc_es: 🔴 Garzón propone «menos carne y productos lácteos» para reducir la huella de consumo en España https://t.co/GJMh2PQ2Tn Informa…
1527652535003136000, 1255237684869693442, 2022-05-20T14:08:41.000Z, RT @abc_es: 🔴 Garzón propone «menos carne y productos lácteos» para reducir la huella de consumo en España https://t.co/GJMh2PQ2Tn Informa…
1527655587508543489, 1689686448, 2022-05-20T14:20:49.000Z, RT @abc_es: 🔴 Garzón propone «menos carne y productos lácteos» para reducir la huella de consumo en España https://t.co/GJMh2PQ2Tn Informa…
1527655778156429313, 1440363981009403912, 2022-05-20T14:21:34.000Z, RT @rsv952fm: Aquí podéis escuchar o descargar el 'Puntos de Vista' con Asun París @psoeraspeig, Pachi Pascual @Cs_SanVicente, Óscar Lillo…
1527659050149859330, 414274629, 2022-05-20T14:34:34.000Z, RT @abc_es: 🔴 Garzón propone «menos carne y productos lácteos» para reducir la huella de consumo en España https://t.co/GJMh2PQ2Tn Informa…
1527659782202695682, 1504914134852321291, 2022-05-20T14:37:29.000Z, RT @abc_es: 🔴 Garzón propone «menos carne y productos lácteos» para reducir la huella de consumo en España https://t.co/GJMh2PQ2Tn Informa…
1527676257990746113, 534042878, 2022-05-20T15:42:57.000Z, RT @abc_es: 🔴 Garzón propone «menos carne y productos lácteos» para reducir la huella de consumo en España https://t.co/GJMh2PQ2Tn Informa…
1527678544637214720, 3323196071, 2022-05-20T15:52:02.000Z, RT @abc_es: 🔴 Garzón propone «menos carne y productos lácteos» para reducir la huella de consumo en España https://t.co/GJMh2PQ2Tn Informa…
1527679458571870209, 877891385155878912, 2022-05-20T15:55:40.000Z, RT @abc_es: 🔴 Garzón propone «menos carne y productos lácteos» para reducir la huella de consumo en España https://t.co/GJMh2PQ2Tn Informa…
1527687925793599488, 21593761, 2022-05-20T16:29:19.000Z, RT @Drednm: The ghosts from MGM's greatest era. Clark Gable, Wallace Beery, William Haines, Joan Crawford, Norma Shearer, Marion Davies, Ma…
1527688334977425410, 1067949804737781760, 2022-05-20T16:30:56.000Z, RT @abc_es: 🔴 Garzón propone «menos carne y productos lácteos» para reducir la huella de consumo en España https://t.co/GJMh2PQ2Tn Informa…
1527688529702174729, 174711366, 2022-05-20T16:31:43.000Z, RT @abc_es: 🔴 Garzón propone «menos carne y productos lácteos» para reducir la huella de consumo en España https://t.co/GJMh2PQ2Tn Informa…
1527692168533524480, 823006973465595908, 2022-05-20T16:46:10.000Z, RT @abc_es: 🔴 Garzón propone «menos carne y productos lácteos» para reducir la huella de consumo en España https://t.co/GJMh2PQ2Tn Informa…
1527692984858337282, 1477632710294360066, 2022-05-20T16:49:25.000Z, RT @abc_es: 🔴 Garzón propone «menos carne y productos lácteos» para reducir la huella de consumo en España https://t.co/GJMh2PQ2Tn Informa…
1527717224299089921, 1511347210763616267, 2022-05-20T18:25:44.000Z, RT @abc_es: 🔴 Garzón propone «menos carne y productos lácteos» para reducir la huella de consumo en España https://t.co/GJMh2PQ2Tn Informa…
1527720325869408262, 900714383642431488, 2022-05-20T18:38:04.000Z, RT @abc_es: 🔴 Garzón propone «menos carne y productos lácteos» para reducir la huella de consumo en España https://t.co/GJMh2PQ2Tn Informa…
1527748928111779840, 1854366840, 2022-05-20T20:31:43.000Z, RT @abc_es: 🔴 Garzón propone «menos carne y productos lácteos» para reducir la huella de consumo en España https://t.co/GJMh2PQ2Tn Informa…
1527749237102022657, 1385691280886411269, 2022-05-20T20:32:56.000Z, RT @abc_es: 🔴 Garzón propone «menos carne y productos lácteos» para reducir la huella de consumo en España https://t.co/GJMh2PQ2Tn Informa…
1527750199921328128, 4892178136, 2022-05-20T20:36:46.000Z, RT @abc_es: 🔴 Garzón propone «menos carne y productos lácteos» para reducir la huella de consumo en España https://t.co/GJMh2PQ2Tn Informa…
1527752553089343488, 3188167888, 2022-05-20T20:46:07.000Z, RT @abc_es: 🔴 Garzón propone «menos carne y productos lácteos» para reducir la huella de consumo en España https://t.co/GJMh2PQ2Tn Informa…
1527770062496665603, 267792043, 2022-05-20T21:55:42.000Z, RT @abc_es: 🔴 Garzón propone «menos carne y productos lácteos» para reducir la huella de consumo en España https://t.co/GJMh2PQ2Tn Informa…
1527802357454716929, 8314412, 2022-05-21T00:04:01.000Z, RT @abc_es: 🔴 Garzón propone «menos carne y productos lácteos» para reducir la huella de consumo en España https://t.co/GJMh2PQ2Tn Informa…
1527830363552518146, 1390624150503399424, 2022-05-21T01:55:19.000Z, The wonderful Ramon Navarro, mostly silent star of old Hollywood. Original Ben Hur. Tremendous actor.  #ramonnovarro #Hollywood #oldmovies #benhur #gay #cinema #design #interiordesign #fashion #architecture #murder #Trending #style #artdeco #elegant  https://t.co/59zwteNn72 https://t.co/Az68cuxBEL
1527832933184200712, 400199381, 2022-05-21T02:05:31.000Z, Así estuvo, muy bien, representado México 🇲🇽⛹🏻‍♀️⛹🏻‍♂️ en el Basketball Without Boders Americas #FIBA #NBA #BWB   Aram Soqui, Alex Castro, Gizel Navarro, Regina Yáñez, Daniela Mendoza, Santiago Camacho, Valeria Flores, Erica Carr, Dana Ramón, Gualberto Landavazo y Diego Martínez. https://t.co/z5b9uVuqdQ
1527833592960897024, 222367037, 2022-05-21T02:08:08.000Z, RT @AlejandraRomo21: Así estuvo, muy bien, representado México 🇲🇽⛹🏻‍♀️⛹🏻‍♂️ en el Basketball Without Boders Americas #FIBA #NBA #BWB   Aram…
1527844932588666880, 1063475536457056256, 2022-05-21T02:53:12.000Z, RT @AlejandraRomo21: Así estuvo, muy bien, representado México 🇲🇽⛹🏻‍♀️⛹🏻‍♂️ en el Basketball Without Boders Americas #FIBA #NBA #BWB   Aram…
1527889919246585856, 925061838898855937, 2022-05-21T05:51:58.000Z, RT @abc_es: 🔴 Garzón propone «menos carne y productos lácteos» para reducir la huella de consumo en España https://t.co/GJMh2PQ2Tn Informa…
1527898300090925056, 2161531012, 2022-05-21T06:25:16.000Z, RT @abc_es: 🔴 Garzón propone «menos carne y productos lácteos» para reducir la huella de consumo en España https://t.co/GJMh2PQ2Tn Informa…
1527932130159996929, 956058283, 2022-05-21T08:39:42.000Z, RT @abc_es: 🔴 Garzón propone «menos carne y productos lácteos» para reducir la huella de consumo en España https://t.co/GJMh2PQ2Tn Informa…
1527941291052507137, 719594871053492225, 2022-05-21T09:16:06.000Z, RT @abc_es: 🔴 Garzón propone «menos carne y productos lácteos» para reducir la huella de consumo en España https://t.co/GJMh2PQ2Tn Informa…
1527987292647866368, 4520818702, 2022-05-21T12:18:53.000Z, RT @abc_es: 🔴 Garzón propone «menos carne y productos lácteos» para reducir la huella de consumo en España https://t.co/GJMh2PQ2Tn Informa…
1527997814151651328, 766331065887850496, 2022-05-21T13:00:42.000Z, RT @AlejandraRomo21: Así estuvo, muy bien, representado México 🇲🇽⛹🏻‍♀️⛹🏻‍♂️ en el Basketball Without Boders Americas #FIBA #NBA #BWB   Aram…
1528032456783314944, 835877091962937345, 2022-05-21T15:18:21.000Z, RT @abc_es: 🔴 Garzón propone «menos carne y productos lácteos» para reducir la huella de consumo en España https://t.co/GJMh2PQ2Tn Informa…
1528426844390711296, 1340939466, 2022-05-22T17:25:31.000Z, Sporting Cristal 1977: De pie; Alfredo Quezada, Eleazar Soria, Josè Navarro, Fernando Mellan, Hector Chumpitaz, Ramón Quiroga. Hincados; Roberto Mosquera, Raul Gorriti, Percy Rojas, Enrique Camacho y Oswaldo Ramires. https://t.co/bzmPf5kQYW
1528428495780491264, 1340939466, 2022-05-22T17:32:04.000Z, @GuillermitoGA Sporting Cristal 1977: De pie; Alfredo Quezada, Eleazar Soria, Josè Navarro, Fernando Mellan, Hector Chumpitaz, Ramón Quiroga. Hincados; Roberto Mosquera, Raul Gorriti, Percy Rojas, Enrique Camacho y Oswaldo Ramires. https://t.co/U9dBvoOYde
1528709317301522433, 148297194, 2022-05-23T12:07:57.000Z, @VLorente_5 @chaviladaga @Nestor_Perez_ @UteboFC @QHyTR @ZaragozaCFF @Cristiansv_ @pablobarrantes @costa_el21 📻📻 #AragónDeporteTeruel 14:40 || Este lunes @Lara95_ nos acerca:  ➡️Declaraciones de Víctor Bravo y Ramón Navarro, entrenador y presidente del @TeruelCd, valorando el sorteo de la fase de ascenso a #PrimeraRFEF ➡️Charla con Daniel González, entrenador del @cfcalamocha https://t.co/eq4Cx911OX
1528936333003169792, 158961162, 2022-05-24T03:10:02.000Z, Sanuk: Split Screen Radness w/ Paige ...   https://t.co/IGuqdAzrOG   #Chiba #ChibaDestinations #ChibaTour #ChibaTravel #ChibaTrip https://t.co/Pb8aFiJrnQ
1528994264469934080, 251347448, 2022-05-24T07:00:14.000Z, RT @abc_es: 🔴 Garzón propone «menos carne y productos lácteos» para reducir la huella de consumo en España https://t.co/GJMh2PQ2Tn Informa…
1529032663411179522, 34566351, 2022-05-24T09:32:49.000Z, 🔥 Ramón Colillas y Mario Navarro rozan el doblete en el SCOOP  👏 El catalán lograba un 🥉 valorado en 65.120$ en el 66-H, mientras Mario era 🥈 por 28.043$ en el 64-H.  ☀️ Junto a ellos brillaba Miguel "elneok", que sumaba 33.018$ gracias a dos🥈   https://t.co/xVDk3pAMiV https://t.co/vv1y41zMLN
1529039028233830400, 142220792, 2022-05-24T09:58:07.000Z, Ramón Colillas, Mario Navarro y elneok pelearon tres podios en la resaca del domingo del SCOOP.  https://t.co/PAu9lq7UFN
1529097577446182915, 2240681125, 2022-05-24T13:50:46.000Z, Esta noche nuestro compañero y concejal del @PPPortugalete José Ramón Navarro @navarro_bedoya, participa en el debate político de @LaKapitalTB en @TeleBilbao  Síguelo en directo 👇 https://t.co/OWBBn9PCVO  🗓️ Hoy, martes 24 de mayo 🕙 22:00 horas 📺 Tele Bilbao https://t.co/BzAEacodf7
1529099762036887555, 1020644080525692928, 2022-05-24T13:59:27.000Z, RT @PPdeBilbao: Esta noche nuestro compañero y concejal del @PPPortugalete José Ramón Navarro @navarro_bedoya, participa en el debate polít…
1529104714872369158, 465798661, 2022-05-24T14:19:08.000Z, RT @PPdeBilbao: Esta noche nuestro compañero y concejal del @PPPortugalete José Ramón Navarro @navarro_bedoya, participa en el debate polít…
1529105381770899456, 529555322, 2022-05-24T14:21:47.000Z, RT @PPdeBilbao: Esta noche nuestro compañero y concejal del @PPPortugalete José Ramón Navarro @navarro_bedoya, participa en el debate polít…
1529105755500068864, 963893157594267649, 2022-05-24T14:23:16.000Z, RT @PPdeBilbao: Esta noche nuestro compañero y concejal del @PPPortugalete José Ramón Navarro @navarro_bedoya, participa en el debate polít…
1529113758395662338, 1112774514574848001, 2022-05-24T14:55:04.000Z, RT @PPdeBilbao: Esta noche nuestro compañero y concejal del @PPPortugalete José Ramón Navarro @navarro_bedoya, participa en el debate polít…
1529114685194346498, 58747987, 2022-05-24T14:58:45.000Z, RT @PPdeBilbao: Esta noche nuestro compañero y concejal del @PPPortugalete José Ramón Navarro @navarro_bedoya, participa en el debate polít…
1529131713330397184, 858623104175812611, 2022-05-24T16:06:25.000Z, RT @PPdeBilbao: Esta noche nuestro compañero y concejal del @PPPortugalete José Ramón Navarro @navarro_bedoya, participa en el debate polít…
1529144222431035393, 1178924029849276416, 2022-05-24T16:56:07.000Z, Un placer haber recibido la visita de Leire Castro, directora de Relaciones Institucionales y Juan González García, Secretario General de @Correos. Les han acompañado @pere_navarro, @SorigueBlanca y Ramon Xuclà, DEE, DG y SG del @ConsorciZF. https://t.co/9O8FO5h7NB
1529147435901149185, 148297194, 2022-05-24T17:08:53.000Z, 🔴🔴 #CDTeruel || Ramón Navarro: "Todavía no me hago idea de dónde estamos"  https://t.co/o0Dbj9v5SN
1529168590083178496, 1232041649833988098, 2022-05-24T18:32:57.000Z, RT @DFactoryBCN: Un placer haber recibido la visita de Leire Castro, directora de Relaciones Institucionales y Juan González García, Secret…
1529174075691700230, 196748496, 2022-05-24T18:54:44.000Z, RT @DFactoryBCN: Un placer haber recibido la visita de Leire Castro, directora de Relaciones Institucionales y Juan González García, Secret…
1529177147952308225, 1055733243251773440, 2022-05-24T19:06:57.000Z, En el 170 aniversario del nacimiento del Premio Nobel, Santiago Ramón y Cajal, visitamos su pueblo, Petilla de Aragón.  Acompañarnos a conocer este bonito enclave navarro en tierras aragonesas, el VIERNES a las 22:15 horas y DOMINGO a las 20:15 horas en #ETB2 .   @eitb https://t.co/JDhwZb1Zo6
1529182278349467652, 1313052688419086336, 2022-05-24T19:27:20.000Z, RT @PPdeBilbao: Esta noche nuestro compañero y concejal del @PPPortugalete José Ramón Navarro @navarro_bedoya, participa en el debate polít…
1529185458273624065, 202358561, 2022-05-24T19:39:58.000Z, RT @navarra_hoy: En el 170 aniversario del nacimiento del Premio Nobel, Santiago Ramón y Cajal, visitamos su pueblo, Petilla de Aragón.  Ac…
1529269842297368577, 881364986886369280, 2022-05-25T01:15:17.000Z, @RAZ0RFIST Ramon Navarro can kiss my ass.
1529376682926346240, 41329328, 2022-05-25T08:19:50.000Z, RT @navarra_hoy: En el 170 aniversario del nacimiento del Premio Nobel, Santiago Ramón y Cajal, visitamos su pueblo, Petilla de Aragón.  Ac…
1529464578328911873, 131633193, 2022-05-25T14:09:06.000Z, @CoupleClassic Norma Shearer and Ramon Navarro in Ernst Lubitsch's beautiful The Student Prince in Old Heidelberg (1927) https://t.co/w3ZjkLxYi7
1529481062870568961, 2545361670, 2022-05-25T15:14:36.000Z, RT @DFactoryBCN: Un placer haber recibido la visita de Leire Castro, directora de Relaciones Institucionales y Juan González García, Secret…
1529552319091712002, 1520730477212094470, 2022-05-25T19:57:45.000Z, RT @abc_es: 🔴 Garzón propone «menos carne y productos lácteos» para reducir la huella de consumo en España https://t.co/GJMh2PQ2Tn Informa…
1529644397255598080, 1643385337, 2022-05-26T02:03:38.000Z, ATLÉTICO NACIONAL 1976 Arriba de izquierda a derecha: Jorge Olmedo, Miguel Ángel López, Francisco Maturana, Eduardo Retat, Gerardo Moncada y Gilberto Salgado. Abajo en el mismo orden: Ramón César Bóveda, Iván Darío Castañeda, Eduardo Vilarete, Eduardo Raschetti y Raúl Navarro. https://t.co/zaUR6A7pJz
1529644903969349633, 206368264, 2022-05-26T02:05:39.000Z, RT @MemoriaFPC: ATLÉTICO NACIONAL 1976 Arriba de izquierda a derecha: Jorge Olmedo, Miguel Ángel López, Francisco Maturana, Eduardo Retat,…
1529776578791620614, 1234904835926962177, 2022-05-26T10:48:52.000Z, @paquito_navarro La Giralda de nuestra ciudad, solo ve un equipo ganarrrr, el equipo del arte y salerooooo, el equipo del Ramón Sánchez Pizjuan, lo lo lo lo
1529945805465042971, 835471083381878785, 2022-05-26T22:01:19.000Z, Con el propósito de sembrar valores en nuestros niños y niñas, @senadesapure_ visitó este #26May la Escuela Primaria "Juan Ramón Navarro" en el sector El Muertico de San Fernando.   Sin armas, con amor, respeto y sana convivencia se logra la Paz.   #MiClapProductivo https://t.co/bjcLPBD18u
1529945884905160725, 1504482975555022854, 2022-05-26T22:01:38.000Z, RT @senadesapure_: Con el propósito de sembrar valores en nuestros niños y niñas, @senadesapure_ visitó este #26May la Escuela Primaria "Ju…
1529946760944271391, 1504490842148454403, 2022-05-26T22:05:07.000Z, RT @senadesapure_: Con el propósito de sembrar valores en nuestros niños y niñas, @senadesapure_ visitó este #26May la Escuela Primaria "Ju…
1529950660736729089, 1518725618707402757, 2022-05-26T22:20:37.000Z, RT @senadesapure_: Con el propósito de sembrar valores en nuestros niños y niñas, @senadesapure_ visitó este #26May la Escuela Primaria "Ju…
1529951052446982147, 1511383718107271171, 2022-05-26T22:22:10.000Z, RT @senadesapure_: Con el propósito de sembrar valores en nuestros niños y niñas, @senadesapure_ visitó este #26May la Escuela Primaria "Ju…
1529981497398251526, 1491072363173232641, 2022-05-27T00:23:09.000Z, RT @senadesapure_: Con el propósito de sembrar valores en nuestros niños y niñas, @senadesapure_ visitó este #26May la Escuela Primaria "Ju…
1530008848148340744, 1331668977035177997, 2022-05-27T02:11:50.000Z, RT @senadesapure_: Con el propósito de sembrar valores en nuestros niños y niñas, @senadesapure_ visitó este #26May la Escuela Primaria "Ju…
1530105310144344064, 198430529, 2022-05-27T08:35:08.000Z, 🗣️El diputat de Suport a Entitats Locals, Josep Maria Bagot, obre la 2a sessió del X Seminari Ramon Massaguer d'Actualització Jurídica i Dret Local de la #DdGi.  🪦 Està focalitzada en el servei de cementiri. 👉Amb els ponents Sebastià Martínez de Trincheria i Albert Navarro. https://t.co/cLMAbolb0v
1530472729538961409, 1237846845713338369, 2022-05-28T08:55:08.000Z, @NEUDC_RNE  ¡Buenos dias¡ Carlos mis libros recoemendados-NO MATARAS.¿Dime quien soy? de Julia Navarro-Violeta de Isabel ayende.Vivir de la noche sin https://t.co/uwquKuHNRZ Ramon Pazos.Un saludo deste Tarraco.Dias de Berlin.Muy buen libro. https://t.co/W7cZO8GE9Y
1530590077306425349, 1325238417702100992, 2022-05-28T16:41:26.000Z, Ayer Gustavo Torrico, hoy Cesar Navarro y Jessica Jordan….. mañana Elena Juan Ramón Quintana?
1530590853655314432, 1099297018588082176, 2022-05-28T16:44:31.000Z, RT @WalticaC: Ayer Gustavo Torrico, hoy Cesar Navarro y Jessica Jordan….. mañana Elena Juan Ramón Quintana?
1530604575593418753, 996564904911032323, 2022-05-28T17:39:02.000Z, RT @WalticaC: Ayer Gustavo Torrico, hoy Cesar Navarro y Jessica Jordan….. mañana Elena Juan Ramón Quintana?
1530606689799614465, 1372553333534232580, 2022-05-28T17:47:26.000Z, RT @WalticaC: Ayer Gustavo Torrico, hoy Cesar Navarro y Jessica Jordan….. mañana Elena Juan Ramón Quintana?
1530648789781987336, 1094415927653867520, 2022-05-28T20:34:44.000Z, RT @WalticaC: Ayer Gustavo Torrico, hoy Cesar Navarro y Jessica Jordan….. mañana Elena Juan Ramón Quintana?
1530655442820648960, 1394152992228659200, 2022-05-28T21:01:10.000Z, so funny how society in the 20s tried to put Ramon Navarro and Valentino as rivals when it was most likely they f*cked
1530714640275193856, 1343970298392174592, 2022-05-29T00:56:24.000Z, 🗞️ SETROI #NEWS #ULTIMAHORA La Iglesia no es un «club de quejicas». https://t.co/RbrMZR9nJj La publicación de los datos de la práctica sacramental en España durante el pasado año, magníficamente explicados en estas páginas por José Ramón Navarro Pareja, ha producido un profundo i
1530816486717149184, 238967465, 2022-05-29T07:41:06.000Z, Tras la biblioteca era el turno del Museo del Pueblo con las reproducciones del @museodelprado @CarlosG_Navarro @_ana_moreno_ por los alumn@s del CEIP Juan Carlos I acompañadas de textos de Manuel Bartolomé Cossío y Ramón Gaya. https://t.co/d3EOfCvw7L
1530856753478389760, 596877900, 2022-05-29T10:21:06.000Z, RT @Felixgonchicote: Tras la biblioteca era el turno del Museo del Pueblo con las reproducciones del @museodelprado @CarlosG_Navarro @_ana_…
1530870589593997312, 248265858, 2022-05-29T11:16:05.000Z, RT @WalticaC: Ayer Gustavo Torrico, hoy Cesar Navarro y Jessica Jordan….. mañana Elena Juan Ramón Quintana?
1530881643895922688, 1481723574352166914, 2022-05-29T12:00:00.000Z, In honor of #NMAM thank you Ramon Navarro for your service in the USMC... https://t.co/7KN0y1YQnQ
1530892816255176704, 3345764734, 2022-05-29T12:44:24.000Z, RT @WalticaC: Ayer Gustavo Torrico, hoy Cesar Navarro y Jessica Jordan….. mañana Elena Juan Ramón Quintana?
1531118416979009536, 742769480, 2022-05-30T03:40:52.000Z, RT @MemoriaFPC: ATLÉTICO NACIONAL 1976 Arriba de izquierda a derecha: Jorge Olmedo, Miguel Ángel López, Francisco Maturana, Eduardo Retat,…
1531239313777823744, 148297194, 2022-05-30T11:41:16.000Z, @VLorente_5 @chaviladaga @ADSala10 @ZaragozaCFF @Cristiansv_ @pablobarrantes 📻📻 #AragónDeporteTeruel 14:40 || Para este lunes hemos preparado:  ➡️ Entrevista con Ramón Navarro, presidente del @TeruelCd  ➡️ Conexión con Carlos Sánchez, organizador de la @jamoncup que se disputa este próximo fin de semana en Calamocha https://t.co/fBHEd7ejvQ
1531263784182071296, 1393698363309281286, 2022-05-30T13:18:30.000Z, @MonederoJC  posibles invitados Jalife Rahme,Wim dierckxsens,Thierry Meysan,Rafael Poch de Feliu,Ramon Grosfoguel Michel Chossudovsky,Pedro Baños,Walter Formento,Pepe Escobar,Carlos Monedero,Vicenç Navarro,Éric Toussaint,Claudio Katz…..…..
1531264260466216964, 1393698363309281286, 2022-05-30T13:20:23.000Z, @LaBasePublico posibles invitados Jalife Rahme,Wim dierckxsens,Thierry Meysan,Rafael Poch de Feliu,Ramon Grosfoguel Michel Chossudovsky,Pedro Baños,Walter Formento,Pepe Escobar,Carlos Monedero,Vicenç Navarro,Éric Toussaint,Claudio Katz…..…..
1531264728261181441, 1393698363309281286, 2022-05-30T13:22:15.000Z, @PabloIglesias posibles invitados Jalife Rahme,Wim dierckxsens,Thierry Meysan,Rafael Poch de Feliu,Ramon Grosfoguel Michel Chossudovsky,Pedro Baños,Walter Formento,Pepe Escobar,Carlos Monedero,Vicenç Navarro,Éric Toussaint,Claudio Katz…..…..
1531298254679326722, 141436861, 2022-05-30T15:35:28.000Z, HOW DARE YOU GET MY HOPES UP ABOUT THE CONCEPT OF "CARTOONIST VIRGIL PARTCH BUT AS A STERILE QUEER PERSON WHO DATED RAMON NAVARRO" https://t.co/livVETrgGM
1531298428411645952, 1519459079298727936, 2022-05-30T15:36:10.000Z, Entrevista a Ramon Navarro ( presidente @teruelcd) https://t.co/9ao1DyMcpU
1531313938297667587, 802322342, 2022-05-30T16:37:47.000Z, 🗣D. Arturo Ramón Anadón Navarro, Presidente de la Real Academia de Ciencias Veterinarias de España (RACVE), realiza la laudatio del 👨🏽‍⚕️Dr. Pedro Guillén en el acto de investidura como Académico de Honor de la RACVE.  🔴Síguelo en directo vía Zoom👇🏽 https://t.co/eoTcgz1kHY https://t.co/vrIh7tgdaX
1531386003457511429, 1393698363309281286, 2022-05-30T21:24:09.000Z, @_PabloFdez_     posibles invitados Jalife Rahme,Wim dierckxsens,Thierry Meysan,Rafael Poch de Feliu,Ramon Grosfoguel Michel Chossudovsky,Pedro Baños,Walter Formento,Pepe Escobar,Carlos Monedero,Vicenç Navarro,Éric Toussaint,Claudio Katz…..…..
1531386595890319361, 1393698363309281286, 2022-05-30T21:26:30.000Z, @Yolanda_Diaz_  posibles invitados Jalife Rahme,Wim dierckxsens,Thierry Meysan,Rafael Poch de Feliu,Ramon Grosfoguel Michel Chossudovsky,Pedro Baños,Walter Formento,Pepe Escobar,Carlos Monedero,Vicenç Navarro,Éric Toussaint,Claudio Katz…..…..
1531396024052420611, 1393698363309281286, 2022-05-30T22:03:58.000Z, @EnriqueSantiago posibles invitados Jalife Rahme,Wim dierckxsens,Thierry Meysan,Rafael Poch de Feliu,Ramon Grosfoguel Michel Chossudovsky,Pedro Baños,Walter Formento,Pepe Escobar,Carlos Monedero,Vicenç Navarro,Éric Toussaint,Claudio Katz…..…..
1531560887366066176, 1475795401966071819, 2022-05-31T08:59:05.000Z, RT @_NAC2022: NOVA's Ramon Navarro (@navarrr) shows that the Netherlands can be proud of our instruments that are in telescopes all over th…
1531579542426603520, 1313791948801675268, 2022-05-31T10:13:12.000Z, RT @_NAC2022: NOVA's Ramon Navarro (@navarrr) shows that the Netherlands can be proud of our instruments that are in telescopes all over th…
1531609630270291975, 1125585425022763009, 2022-05-31T12:12:46.000Z, 3-5-2: Navarro Montoya; Luan Patrick, Léo Pereira, Lucas Fasson; Kleiton, Luiz Otávio, Ramon, Jean Carlo, Sidcley; Elias Carioca, Morro Garcia.
1531641653555040257, 19923515, 2022-05-31T14:20:01.000Z, El Gobierno se cruza de brazos ante la Generalitat y se limita a decir que «hay que cumplir las sentencias» https://t.co/JAj7p2Sm8g Informa José Ramón Navarro-Pareja
1531662791312130048, 3323196071, 2022-05-31T15:44:01.000Z, RT @abc_es: El Gobierno se cruza de brazos ante la Generalitat y se limita a decir que «hay que cumplir las sentencias» https://t.co/JAj7p2…
1531664986765918208, 282468087, 2022-05-31T15:52:44.000Z, RT @abc_es: El Gobierno se cruza de brazos ante la Generalitat y se limita a decir que «hay que cumplir las sentencias» https://t.co/JAj7p2…
1531698963144900609, 920795076523065344, 2022-05-31T18:07:45.000Z, Las emocionadas palabras de Ramón Navarro en la recepción municipal. “Tatin” y “Redo” dos de los protagonistas, así como la AFICIÓN que se ha dado cita en las puertas del Ayuntamiento. https://t.co/6s8USGkroC @TeruelCd @FMudejar @Ayto_Teruel #teruel #deportesteruel https://t.co/bqlha3TSbf
1531702037095886849, 1158152443462598656, 2022-05-31T18:19:57.000Z, RT @DeportesTeruel: Las emocionadas palabras de Ramón Navarro en la recepción municipal. “Tatin” y “Redo” dos de los protagonistas, así com…
1531702627678965761, 717281315037519872, 2022-05-31T18:22:18.000Z, @DeportesTeruel @TeruelCd @FMudejar @Ayto_Teruel Grandeeeee Ramon Navarro!!!
1531703912020967427, 826822711720759296, 2022-05-31T18:27:24.000Z, RT @DeportesTeruel: Las emocionadas palabras de Ramón Navarro en la recepción municipal. “Tatin” y “Redo” dos de los protagonistas, así com…
1531756680207286275, 370222587, 2022-05-31T21:57:05.000Z, RT @abc_es: El Gobierno se cruza de brazos ante la Generalitat y se limita a decir que «hay que cumplir las sentencias» https://t.co/JAj7p2…
1531760599172104193, 1158351420, 2022-05-31T22:12:40.000Z, RT @abc_es: El Gobierno se cruza de brazos ante la Generalitat y se limita a decir que «hay que cumplir las sentencias» https://t.co/JAj7p2…
1531762640208416776, 1460583223, 2022-05-31T22:20:46.000Z, RT @DeportesTeruel: Las emocionadas palabras de Ramón Navarro en la recepción municipal. “Tatin” y “Redo” dos de los protagonistas, así com…
1531859772353519616, 1336808047, 2022-06-01T04:46:44.000Z, '…a los políticos alicantinos les falta coraje para defender nuestros intereses frente a otras administraciones…' Juan Ramón Navarro hoy en @informacion_es  https://t.co/u149NyulPX
1531893761994805249, 2768338400, 2022-06-01T07:01:48.000Z, RT @abc_es: El Gobierno se cruza de brazos ante la Generalitat y se limita a decir que «hay que cumplir las sentencias» https://t.co/JAj7p2…
1531905955453083648, 877667341533929477, 2022-06-01T07:50:15.000Z, RT @abc_es: El Gobierno se cruza de brazos ante la Generalitat y se limita a decir que «hay que cumplir las sentencias» https://t.co/JAj7p2…
1531909302113402883, 1030801356, 2022-06-01T08:03:33.000Z, RT @_NAC2022: NOVA's Ramon Navarro (@navarrr) shows that the Netherlands can be proud of our instruments that are in telescopes all over th…
1531911911138381824, 3221180183, 2022-06-01T08:13:55.000Z, En la sesión de hoy el Dr Ramon Navarro. Jefe de servicio AMI. Nos ha hablado "Vision del HACLE desde Medicina Interna" Un tema muy interesante, un éxito de asistencia. GRACIAS por compartir tus conocimientos con nosotros.  #formación#areamedicaintegral@gvasanitat. https://t.co/JkDee6wgl4
1531913552021315584, 1496594200300769291, 2022-06-01T08:20:27.000Z, RT @DeportesTeruel: Las emocionadas palabras de Ramón Navarro en la recepción municipal. “Tatin” y “Redo” dos de los protagonistas, así com…
1531949495541432322, 397275355, 2022-06-01T10:43:16.000Z, RT @DeportesTeruel: Las emocionadas palabras de Ramón Navarro en la recepción municipal. “Tatin” y “Redo” dos de los protagonistas, así com…
1531954873746481152, 282583260, 2022-06-01T11:04:38.000Z, @persianas__h @TeruelCd @rfef @educabetas @Merida_AD Como dice el gran Ramon Navarro... vale mas la honradez   del Club Deportivo Teruel que todo el merida junto... PUES ESO
1531967631711928324, 365121084, 2022-06-01T11:55:20.000Z, 1r #tribunajove a @UManresa #UEmpresa #valors #empresa #esport , hem dialogat sobre el valor #Iniciativa amb @C_Castillejo i @bloodbare (Ramon Navarro) de @nuclia_ i els estudiants de batxillerat del Grup de professors d'economia de la Catalunya Central. Gràcies a tots i totes https://t.co/E7LcEU4n6g
1531968484770553856, 2913007612, 2022-06-01T11:58:44.000Z, RT @jordiconca: 1r #tribunajove a @UManresa #UEmpresa #valors #empresa #esport , hem dialogat sobre el valor #Iniciativa amb @C_Castillejo…
1531970515404980227, 1468296655795630087, 2022-06-01T12:06:48.000Z, RT @ramon_ochoteco: @jaumecollboni @raquelsjimenez @Junta_Ex @GFVara @pere_navarro @ConsorciZF @SILBarcelona @Fira_Barcelona @mitmagob @Mar…
1531992137788686337, 393440112, 2022-06-01T13:32:43.000Z, RT @jordiconca: 1r #tribunajove a @UManresa #UEmpresa #valors #empresa #esport , hem dialogat sobre el valor #Iniciativa amb @C_Castillejo…
1531998193361244165, 133030557, 2022-06-01T13:56:47.000Z, RT @jordiconca: 1r #tribunajove a @UManresa #UEmpresa #valors #empresa #esport , hem dialogat sobre el valor #Iniciativa amb @C_Castillejo…
1532085135432097799, 300186621, 2022-06-01T19:42:15.000Z, RT @jordiconca: 1r #tribunajove a @UManresa #UEmpresa #valors #empresa #esport , hem dialogat sobre el valor #Iniciativa amb @C_Castillejo…
1532166668012617729, 232347900, 2022-06-02T01:06:14.000Z, RT @jorgehenav: .@NBAMEX y @FIBA anunciaron a las y los jóvenes que formarán parte del BWB Americas. Por México estarán:  Gizel Navarro Reg…
1532202618860326912, 1410332857, 2022-06-02T03:29:05.000Z, @DarbysCastle @nicolejames Navarro will go silent as per Ramon
1532291187175981056, 55244823, 2022-06-02T09:21:02.000Z, RT @abc_es: El Gobierno se cruza de brazos ante la Generalitat y se limita a decir que «hay que cumplir las sentencias» https://t.co/JAj7p2…
1532386564688515072, 19923515, 2022-06-02T15:40:02.000Z, La Iglesia española se plantea si lleva el celibato opcional o la ordenación femenina entre sus propuestas al Sínodo https://t.co/5UidG2sPCJ Informa José Ramón Navarro-Pareja
1532386646536204290, 1241443761424605189, 2022-06-02T15:40:21.000Z, RT @abc_es: La Iglesia española se plantea si lleva el celibato opcional o la ordenación femenina entre sus propuestas al Sínodo https://t.…
1532388361863942144, 1118991390275506177, 2022-06-02T15:47:10.000Z, #TiempoExtra de jueves con la última hora Del Real Zaragoza y la SD Huesca, hacemos balance de gran la temporada del CD Teruel con Ramón Navarro y hablamos de la @jamoncup ⚽️  ¡Nos escuchamos a las 23:00! 👇 https://t.co/7PMQ0XP4IZ
1532390491089776641, 339790236, 2022-06-02T15:55:38.000Z, RT @abc_es: La Iglesia española se plantea si lleva el celibato opcional o la ordenación femenina entre sus propuestas al Sínodo https://t.…
1532413696894504960, 302870090, 2022-06-02T17:27:50.000Z, RT @abc_es: La Iglesia española se plantea si lleva el celibato opcional o la ordenación femenina entre sus propuestas al Sínodo https://t.…
1532418985207205888, 3188167888, 2022-06-02T17:48:51.000Z, RT @abc_es: La Iglesia española se plantea si lleva el celibato opcional o la ordenación femenina entre sus propuestas al Sínodo https://t.…
1532419881588727808, 72827339, 2022-06-02T17:52:25.000Z, SOCIO DE HONOR: #68CongresoAEP -De la SOCIEDAD DE PEDIATRIA DE ANDALUCÍA OCCIDENTAL Y EXTREMADURA @spaoyex : DR. MANUEL RAMÓN NAVARRO VILLÉN -De la SOCIEDAD DE PEDIATRIA DE ANDALUCÍA ORIENTAL #SPAO DR. GUILLERMO MILANO MANSO recoge el Dr. Julio Romero
1532422226875662336, 194453575, 2022-06-02T18:01:44.000Z, RT @aepediatria: SOCIO DE HONOR: #68CongresoAEP -De la SOCIEDAD DE PEDIATRIA DE ANDALUCÍA OCCIDENTAL Y EXTREMADURA @spaoyex : DR. MANUEL RA…
1532424809145065472, 148297194, 2022-06-02T18:12:00.000Z, 📻📻 #TiempoExtra 23:00 || Hoy, con @ortizremacha y @JaviCebollaE:   ➡️ Última hora del Real Zaragoza y SD Huesca  ➡️ Hacemos balance de la temporada del @TeruelCd con su Presidente Ramón Navarro  ➡️ Hablamos de la @jamoncup https://t.co/4Bl7BaiQ3X
1532429152078503941, 148319344, 2022-06-02T18:29:15.000Z, RT @ardeportes: 📻📻 #TiempoExtra 23:00 || Hoy, con @ortizremacha y @JaviCebollaE:   ➡️ Última hora del Real Zaragoza y SD Huesca  ➡️ Hacemos…
1532430825198866440, 1118991390275506177, 2022-06-02T18:35:54.000Z, RT @ardeportes: 📻📻 #TiempoExtra 23:00 || Hoy, con @ortizremacha y @JaviCebollaE:   ➡️ Última hora del Real Zaragoza y SD Huesca  ➡️ Hacemos…
1532476399335841792, 148297194, 2022-06-02T21:37:00.000Z, 📻📻 #TiempoExtra || Pódcast con @ortizremacha y @JaviCebollaE:   ➡️ Última hora del Real Zaragoza y SD Huesca  ➡️ Hacemos balance de la temporada del @TeruelCd con su Presidente Ramón Navarro  ➡️ Hablamos de la @jamoncup  https://t.co/YJCfZW4baH https://t.co/5XLezpGcNh
1532476720443543553, 148319344, 2022-06-02T21:38:16.000Z, RT @ardeportes: 📻📻 #TiempoExtra || Pódcast con @ortizremacha y @JaviCebollaE:   ➡️ Última hora del Real Zaragoza y SD Huesca  ➡️ Hacemos ba…
1532478435284639745, 148319344, 2022-06-02T21:45:05.000Z, 📻📻 #TiempoExtra || Pódcast con @ortizremacha y @JaviCebollaE:   ➡️ Última hora del Real Zaragoza y SD Huesca  ➡️ Hacemos balance de la temporada del @TeruelCd con su Presidente Ramón Navarro  ➡️ Hablamos de la @jamoncup  https://t.co/Edh4BCla9W https://t.co/StI2Xh2lQW
1532484408636231681, 148319344, 2022-06-02T22:08:49.000Z, RT @ortizremacha: 📻📻 #TiempoExtra || Pódcast con @ortizremacha y @JaviCebollaE:   ➡️ Última hora del Real Zaragoza y SD Huesca  ➡️ Hacemos…
1532490273619693592, 145563011, 2022-06-02T22:32:08.000Z, RT @abc_es: La Iglesia española se plantea si lleva el celibato opcional o la ordenación femenina entre sus propuestas al Sínodo https://t.…
