id, author_id, created_at, text
1467561081988026371, 163170531, 2021-12-05T18:26:42.000Z, @JosueGMurillo @fcasuso Ni te desgastes, Josue! Recuerda que Felipe era de los que decía que Bruno Valdez no iba a callar la boca…
1467856894698078211, 1868280848, 2021-12-06T14:02:09.000Z, @FelipeGalindot Gorriaran y Valdez! Danos buenas noticias, Felipe!
1467871218573266948, 1462651634765295616, 2021-12-06T14:59:04.000Z, RT @joeibarra88: @FelipeGalindot Gorriaran y Valdez! Danos buenas noticias, Felipe!
1468317516980125697, 1407786806561501185, 2021-12-07T20:32:30.000Z, @FBI π•^°∆¶¶¶∆ SERIAL KILLERS: DANIEL ROSENDO BRITO, MASSIEL SÁNCHEZ ARANDA, SERGIO ALEJANDRO FONICK MORA, LUIS FELIPE CARIÑO PRECIADO, JULIO CESAR LÓPEZ URIZA, JOSÉ LUIS CUADRAS LÓPEZ. MARIO LÓPEZ VALDEZ 🇺🇸🇲🇽🇧🇪🇺🇳🤴⚖️
1468419023721406464, 1103510206653321217, 2021-12-08T03:15:51.000Z, @RompasIsBack En américa si hay billetes se fue diego valdez Felipe Galindo dice no hay dinero y Diego armando medina dice que si rompas a quien le creemos uno dice van x todo otro dice a pedir prestamos o intercambios
1468440424465448960, 932078773620674563, 2021-12-08T04:40:54.000Z, #Juchitepec :: Vacunación Anti Covid-19 para Adolescentes de 15 a 17 años.  Felipe Mejía Valdez informa que llego a su municipio la jornada de vacunación, inesperada, comento él, porque no esperaba que se diera esa oportunidad.  https://t.co/w7GolfVZyO
1468462744970092546, 932078773620674563, 2021-12-08T06:09:35.000Z, #ENTERATÉ :: Tercer informe de Gobierno de Juchitepec. Felipe Mejía Valdez, presidente municipal en funciones, emite su tercer informe de gobierno a tres años de servir a Juchitepec. Destaco que en el periodo se pudieron llevar acabo más de 65 obras, https://t.co/XViDndLDBZ
1469020868873490433, 505064313, 2021-12-09T19:07:22.000Z, @lahoragt Faltan @DrGiammattei y Miguel Martínez, @jimmymoralesgt, @drjafethcabrera, Leyla Lemus, @RobertoMolinaB_, Silvia Valdez, Dina Ochoa, @Vitalina O., Allan Rodríguez, Felipe Baquix, el @TSEGuatemala en pleno y un montón mas.
1470497830255087618, 2750936599, 2021-12-13T20:56:17.000Z, La @FGE a través de la Unidad de Investigación Foránea de San Felipe, logró una sentencia de 10 años de prisión para Víctor Hugo Valdez Martínez, Juan Carlos Valdez Martínez y Cristian Ignacio Mascareño, por delito de violación agravada por haberse cometido por dos o más personas https://t.co/0WM03kwJLF
1471160769362284545, 459472452, 2021-12-15T16:50:34.000Z, Celebrando el cumpleaños de Jesús Lozoya; de izq. a der., Vicente Gómez, César Maldonado, Carmen Maldonado, Edgar Cazarez, Alejandro Pérez, Jesús Lozoya, Carlos Valdez, Krystel Noyola, Felipe Mendoza, Nancy Farias, Javier Palacios y Norma Osiris Moreno. Felicidades Lozoya. https://t.co/2efXf3bgv5
1471769681564426243, 68260979, 2021-12-17T09:10:10.000Z, Supervisa Alcalde labores de rehabilitación en el parque de la colonia Felipe Ángeles  Culiacán, Sinaloa.- El presidente municipal Jesús Estrada Ferreiro, en compañía de la Síndica Procuradora, Rosario Valdez Payán, acudió al parque de la colonia Felipe … https://t.co/EDBUPQAnQW https://t.co/BTjoVU99KR
1471867288177496075, 141466271, 2021-12-17T15:38:02.000Z, Supervisan labores de rehabilitación en el parque de la colonia Felipe Ángeles… Véala en https://t.co/Fmofn19av6 Vía | Adiscusión  El presidente municipal @estradaferreiro, en compañía de la Síndica Procuradora, Rosario Valdez Payán, acudió al parque de la colonia Felipe Ángeles https://t.co/sR6mein9kt
1471868155559505923, 1377015830991486977, 2021-12-17T15:41:28.000Z, RT @PeriodistaMarco: Supervisa Alcalde labores de rehabilitación en el parque de la colonia Felipe Ángeles  Culiacán, Sinaloa.- El presiden…
1472588101600137224, 2471284916, 2021-12-19T15:22:17.000Z, 📷 ¡ES HOY! ¡ES HOY! 🆚️ Municipal ⏱ 11:00 hrs. 🏟 Estadio Manuel Felipe Carrera ⚽️ 4tos de Final / Apertura 2021 📱💻 Publicaciones en Redes Sociales de Visión Deportiva ¡Superchivos Superchivos! 🔴⚪🔵 #VisionDeportiva #VisionChiva/Oswaldo Valdez... https://t.co/qVmgOZzqje
