id, author_id, created_at, text
932667231984594944, 781523217584271360, 2017-11-20T17:49:30.000Z, El mejor evento de educación financiera en México WORLD CASHFLOW RECORD MX Grandes del Sector Inmobiliario: ☑Robert Kiyosaki ☑Luis Ramírez ☑Darren Weeks ☑Mariana Padilla 9 y 10 de Dic. en el Centro Expositor en Puebla Más información registrate aquí https://t.co/DIOeqPTcVF https://t.co/ekIjHutDA3
932667634805551106, 3075673886, 2017-11-20T17:51:06.000Z, El mejor evento de educación financiera en México WORLD CASHFLOW RECORD MX Grandes del Sector Inmobiliario: ☑Robert Kiyosaki ☑Luis Ramírez ☑Darren Weeks ☑Mariana Padilla 9 y 10 de Dic. en el Centro Expositor en Puebla Más información registrate aquí https://t.co/JZh5fU2orl https://t.co/eElKvusMDJ
933072380129198080, 2228757343, 2017-11-21T20:39:25.000Z, RT @mundoinmomx: El mejor evento de educación financiera en México WORLD CASHFLOW RECORD MX Grandes del Sector Inmobiliario: ☑Robert Kiyosa…
933406344576688130, 254194637, 2017-11-22T18:46:29.000Z, #Segunda | Suplentes de El Vigía FC:  01. Marfre Durand 15. Manuel Padilla 24. Iván Alandete (J) 19. Armando Araque 29. Erlys Vásquez 22. Alfredo Padilla 30. Robert Mejía  DT: Gustavo Romanello
933456645304279040, 781523217584271360, 2017-11-22T22:06:21.000Z, WORLD CASHFLOW RECORD MX  Grandes del Sector Inmobiliario: ☑Robert Kiyosaki ☑Luis Ramírez ☑Darren Weeks ☑Mariana Padilla Acompañanos este 9 y 10 de Diciembre en el Centro Expositor en Puebla  Más info. registrate aquí👇  https://t.co/DIOeqPTcVF https://t.co/BwKoAm1L4S
933457025987678211, 3075673886, 2017-11-22T22:07:52.000Z, WORLD CASHFLOW RECORD MX  Grandes del Sector Inmobiliario: ☑Robert Kiyosaki ☑Luis Ramírez ☑Darren Weeks ☑Mariana Padilla Acompañanos este 9 y 10 de Diciembre en el Centro Expositor en Puebla  Más info. registrate aquí👇  (link: https://t.co/JZh5fU2orl) https://t.co/JZh5fU2orl https://t.co/7LTDoeVJjU
933884056982474752, 230314591, 2017-11-24T02:24:44.000Z, And Happy Birthday to Kevin Gallacher, Jerry Kelly, Steve Deacon, Gary Kirsten, Salli Richardson, Robert Denmark, Hamid Hassani, Mark Soden, Anthony Sullivan, Kirsty Young, Jonathan Seet, Kenichi Yoshida, Mike Lunsmann, Olivier Beretta, Robin Padilla and Jonathan Seet.
934181537343524864, 781523217584271360, 2017-11-24T22:06:49.000Z, WORLD CASHFLOW RECORD MX  Grandes del Sector Inmobiliario: ☑Robert Kiyosaki ☑Luis Ramírez ☑Darren Weeks ☑Mariana Padilla Acompañanos este 9 y 10 de Diciembre en el Centro Expositor en Puebla  Más info. registrate aquí👇  https://t.co/DIOeqPTcVF https://t.co/l6x1DaGgpb
934181906257776640, 3075673886, 2017-11-24T22:08:17.000Z, WORLD CASHFLOW RECORD MX  Grandes del Sector Inmobiliario: ☑Robert Kiyosaki ☑Luis Ramírez ☑Darren Weeks ☑Mariana Padilla Acompañanos este 9 y 10 de Diciembre en el Centro Expositor en Puebla  Más info. registrate aquí👇  (link: https://t.co/JZh5fU2orl) https://t.co/JZh5fU2orl https://t.co/qmbZ7LtkD0
935287589854068736, 253676947, 2017-11-27T23:21:52.000Z, A Life taken way to soon! We are going to miss you Bobby!   Please Help us help the Padilla family in this time... https://t.co/3tcVcI21eg
935596928976543745, 3075673886, 2017-11-28T19:51:05.000Z, El mejor evento de educación financiera más grande en México WORLD CASHFLOW RECORD MX Los grandes del Sector Inmobiliario: ☑Robert Kiyosaki ☑Luis Ramírez ☑Darren Weeks ☑Mariana Padilla 9 y 10 de Diciembre-Centro Expositor en Puebla Registrate aquí👇  https://t.co/JZh5fU2orl https://t.co/ZixOLslLfu
935597126662402054, 781523217584271360, 2017-11-28T19:51:52.000Z, El mejor evento de educación financiera más grande en México WORLD CASHFLOW RECORD MX Los grandes del Sector Inmobiliario: ☑Robert Kiyosaki ☑Luis Ramírez ☑Darren Weeks ☑Mariana Padilla 9 y 10 de Diciembre-Centro Expositor en Puebla Registrate aquí👇  https://t.co/DIOeqPTcVF https://t.co/0YVbzNe24t
936361705742962689, 3075673886, 2017-11-30T22:30:02.000Z, El mejor evento de educación financiera más grande en México WORLD CASHFLOW RECORD MX Grandes del Sector Inmobiliario: ☑Robert Kiyosaki ☑Luis Ramírez ☑Darren Weeks ☑Mariana Padilla 9 y 10 de Diciembre-Centro Expositor en Puebla Registrate aquí👇  https://t.co/q5bMY58cA5 https://t.co/xwHFwVqu9S
936361736193630208, 781523217584271360, 2017-11-30T22:30:09.000Z, El mejor evento de educación financiera más grande en México WORLD CASHFLOW RECORD MX Grandes del Sector Inmobiliario: ☑Robert Kiyosaki ☑Luis Ramírez ☑Darren Weeks ☑Mariana Padilla 9 y 10 de Diciembre-Centro Expositor en Puebla Registrate aquí👇  https://t.co/2hTzIqxSgI https://t.co/H1rArAEdAu
936365094321180672, 431909533, 2017-11-30T22:43:29.000Z, RT @mundoinmomx: El mejor evento de educación financiera más grande en México WORLD CASHFLOW RECORD MX Grandes del Sector Inmobiliario: ☑Ro…
937566280961359872, 826697795872518144, 2017-12-04T06:16:35.000Z, @Forever_Rimaine Pwede. Let's be OPEN MINDED. Let's mature naman. Look at Robert de Niro. Eddie Garcia. Bembol Roco.  Lito Lapid. Robin Padilla. Dante Rivero. Christopher de Leon. Albert Martinez.
937573778774638592, 1712950190, 2017-12-04T06:46:22.000Z, RT @Lalipetteph: @Forever_Rimaine Pwede. Let's be OPEN MINDED. Let's mature naman. Look at Robert de Niro. Eddie Garcia. Bembol Roco.  Lito…
937614859100983296, 835316426831462400, 2017-12-04T09:29:37.000Z, RT @Lalipetteph: @Forever_Rimaine Pwede. Let's be OPEN MINDED. Let's mature naman. Look at Robert de Niro. Eddie Garcia. Bembol Roco.  Lito…
937664999220158464, 4237124234, 2017-12-04T12:48:51.000Z, RT @Lalipetteph: @Forever_Rimaine Pwede. Let's be OPEN MINDED. Let's mature naman. Look at Robert de Niro. Eddie Garcia. Bembol Roco.  Lito…
937773881330405376, 781523217584271360, 2017-12-04T20:01:30.000Z, El mejor evento de educación financiera más grande en México WORLD CASHFLOW RECORD MX Grandes del Sector Inmobiliario: ☑Robert Kiyosaki ☑Luis Ramírez ☑Darren Weeks ☑Mariana Padilla 9 y 10 de Diciembre -Centro Expositor en Puebla Registrate aquí👇  https://t.co/GvEmsKm11U https://t.co/QGxsyD8SQN
937773938360373250, 3075673886, 2017-12-04T20:01:44.000Z, El mejor evento de educación financiera más grande en México WORLD CASHFLOW RECORD MX Grandes del Sector Inmobiliario: ☑Robert Kiyosaki ☑Luis Ramírez ☑Darren Weeks ☑Mariana Padilla 9 y 10 de Diciembre -Centro Expositor en Puebla Registrate aquí👇  https://t.co/OF0FL6CvhY https://t.co/2VDHOKhyex
938011307764338688, 780564255103782913, 2017-12-05T11:44:57.000Z, #LIVP - Resultado #VzlaProspectAgency 0-7 #InTheBiginning P.G: Padilla, Luis (1-0) / P.P:Alfaro, Robert (0-1). Ver BoxScore https://t.co/EGWTID8Mk2 https://t.co/IFIwrHCgtQ
