id, author_id, created_at, text
1605092116056662016, 1346438343060566019, 2022-12-20T06:45:56.000Z, @jgnaredo @fernandeznorona Y con mentiras!! La rueda existía.  Y el fierro traído de España para marcar esclavos tb. 👈 radio Uruz Oruz Fernando Mendoza historiador.
1605242691586887681, 3316212691, 2022-12-20T16:44:16.000Z, Paquete económico 2023; Entrevista con Fernando Fierro Leyva, Director General de Firma Fuerza Legal. https://t.co/ShL8VEj0KG @SATMX https://t.co/M4H718eBut
1605243322720587778, 3316212691, 2022-12-20T16:46:46.000Z, Paquete económico 2023; Entrevista con Fernando Fierro Leyva, Director General de Firma Fuerza Legal. https://t.co/ShL8VEj0KG @SATMX  #SAT #PAQUETEECONOMICO2023 #OPINION #HOY #AHORA #ALMOMENTO #SINALOA Firma Fuerza Legal #alternativasinaloa #culiacan https://t.co/zJzmVzv3wn
1605595875299819522, 981547271987834882, 2022-12-21T16:07:41.000Z, LA EJECUCIÓN DE EL GENERAL RAFAEL DEL RIEGO ( "CABEZA DE FIERRO") El general Rafael del Riego fue un oficial de la Guardia Real que abrió las puertas al liberalismo europeo con su alzamiento. Contrario al Rey absoluto Fernando VII, alzó al pueblo y a la mayoría de un ejército... https://t.co/Yr8iKNNMSv
1605603436401246210, 3844128316, 2022-12-21T16:37:44.000Z, RT @RomaHistoria: LA EJECUCIÓN DE EL GENERAL RAFAEL DEL RIEGO ( "CABEZA DE FIERRO") El general Rafael del Riego fue un oficial de la Guardi…
1605610455908507650, 564978480, 2022-12-21T17:05:38.000Z, RT @RomaHistoria: LA EJECUCIÓN DE EL GENERAL RAFAEL DEL RIEGO ( "CABEZA DE FIERRO") El general Rafael del Riego fue un oficial de la Guardi…
1605615916053680128, 194969180, 2022-12-21T17:27:19.000Z, RT @RomaHistoria: LA EJECUCIÓN DE EL GENERAL RAFAEL DEL RIEGO ( "CABEZA DE FIERRO") El general Rafael del Riego fue un oficial de la Guardi…
1605617202505269253, 462822080, 2022-12-21T17:32:26.000Z, RT @RomaHistoria: LA EJECUCIÓN DE EL GENERAL RAFAEL DEL RIEGO ( "CABEZA DE FIERRO") El general Rafael del Riego fue un oficial de la Guardi…
1605619578079481856, 1207161882311897089, 2022-12-21T17:41:53.000Z, RT @RomaHistoria: LA EJECUCIÓN DE EL GENERAL RAFAEL DEL RIEGO ( "CABEZA DE FIERRO") El general Rafael del Riego fue un oficial de la Guardi…
1605622497449152514, 312123577, 2022-12-21T17:53:29.000Z, RT @RomaHistoria: LA EJECUCIÓN DE EL GENERAL RAFAEL DEL RIEGO ( "CABEZA DE FIERRO") El general Rafael del Riego fue un oficial de la Guardi…
1605625246328836101, 1558117820478660610, 2022-12-21T18:04:24.000Z, RT @RomaHistoria: LA EJECUCIÓN DE EL GENERAL RAFAEL DEL RIEGO ( "CABEZA DE FIERRO") El general Rafael del Riego fue un oficial de la Guardi…
1605633285916217344, 1587860720896598017, 2022-12-21T18:36:21.000Z, RT @RomaHistoria: LA EJECUCIÓN DE EL GENERAL RAFAEL DEL RIEGO ( "CABEZA DE FIERRO") El general Rafael del Riego fue un oficial de la Guardi…
1605658323306614798, 168854785, 2022-12-21T20:15:50.000Z, RT @RomaHistoria: LA EJECUCIÓN DE EL GENERAL RAFAEL DEL RIEGO ( "CABEZA DE FIERRO") El general Rafael del Riego fue un oficial de la Guardi…
1605675710659584028, 1230891648525070336, 2022-12-21T21:24:56.000Z, RT @RomaHistoria: LA EJECUCIÓN DE EL GENERAL RAFAEL DEL RIEGO ( "CABEZA DE FIERRO") El general Rafael del Riego fue un oficial de la Guardi…
1605683194602430478, 703059584, 2022-12-21T21:54:40.000Z, RT @RomaHistoria: LA EJECUCIÓN DE EL GENERAL RAFAEL DEL RIEGO ( "CABEZA DE FIERRO") El general Rafael del Riego fue un oficial de la Guardi…
1605740181897613313, 1530046711061573632, 2022-12-22T01:41:07.000Z, Nombre: fernando Apellido: fernández  Fruta o Verdura: frambuesa Pais o Ciudad: francia Animal: foca Color: fucsia  Cosa: fierro https://t.co/BZO8IMa0a5
1605879418294894592, 484175495, 2022-12-22T10:54:23.000Z, RT @RomaHistoria: LA EJECUCIÓN DE EL GENERAL RAFAEL DEL RIEGO ( "CABEZA DE FIERRO") El general Rafael del Riego fue un oficial de la Guardi…
1605917458484760576, 25235198, 2022-12-22T13:25:33.000Z, UPDATE: Suspect CHP says led them on pursuit doing 130+ mph and then held his 17 month old son hostage at gunpoint identified as Fernando Fierro.  Fierro, who is dead, reportedly spent 15 years in prison and has long criminal record of domestic abuse, carjacking and more. @foxla
1605917627267682307, 9648652, 2022-12-22T13:26:13.000Z, RT @GigiGraciette: UPDATE: Suspect CHP says led them on pursuit doing 130+ mph and then held his 17 month old son hostage at gunpoint ident…
1605917855828291584, 1427651393037475846, 2022-12-22T13:27:07.000Z, RT @GigiGraciette: UPDATE: Suspect CHP says led them on pursuit doing 130+ mph and then held his 17 month old son hostage at gunpoint ident…
1605918416598188032, 451720580, 2022-12-22T13:29:21.000Z, RT @GigiGraciette: UPDATE: Suspect CHP says led them on pursuit doing 130+ mph and then held his 17 month old son hostage at gunpoint ident…
1605924130892701698, 33796429, 2022-12-22T13:52:04.000Z, RT @GigiGraciette: UPDATE: Suspect CHP says led them on pursuit doing 130+ mph and then held his 17 month old son hostage at gunpoint ident…
1605956605429764098, 866733398626193408, 2022-12-22T16:01:06.000Z, RT @GigiGraciette: UPDATE: Suspect CHP says led them on pursuit doing 130+ mph and then held his 17 month old son hostage at gunpoint ident…
1606310137643339782, 1593282570015358976, 2022-12-23T15:25:55.000Z, https://t.co/qQAj5xVuNk
1607906250507055104, 1096635540529651712, 2022-12-28T01:08:18.000Z, 🔸 #Tigres igualó 1-1 ante Santos en el último encuentro de la #CopaSky.   ⚽️ El tanto felino lo anotó el joven canterano Sebastián Fierro.   🟥 Culminaron con 10 hombres por la expulsión de Fernando Gorriarán por doble amarilla.   #DinastíaTigre #LigaMx https://t.co/zpszKL4eFC
1607906316336381953, 107205555, 2022-12-28T01:08:33.000Z, RT @DinastiaTigre: 🔸 #Tigres igualó 1-1 ante Santos en el último encuentro de la #CopaSky.   ⚽️ El tanto felino lo anotó el joven canterano…
1607906624953528320, 337519951, 2022-12-28T01:09:47.000Z, RT @DinastiaTigre: 🔸 #Tigres igualó 1-1 ante Santos en el último encuentro de la #CopaSky.   ⚽️ El tanto felino lo anotó el joven canterano…
1607909832669134849, 711695597892308993, 2022-12-28T01:22:32.000Z, RT @DinastiaTigre: 🔸 #Tigres igualó 1-1 ante Santos en el último encuentro de la #CopaSky.   ⚽️ El tanto felino lo anotó el joven canterano…
1607910112651345921, 870824917826011136, 2022-12-28T01:23:39.000Z, Lo más destacado fue:  ⚽️ 35’ GOL de Sebastián Fierro ⚽️ 54’ GOL de Marcelo Javier Correa 🟥 78’ ROJA para Fernando Gorriarán (Salió EXPULDADO)
1607958220437422080, 1345429254964580352, 2022-12-28T04:34:48.000Z, RT @DinastiaTigre: 🔸 #Tigres igualó 1-1 ante Santos en el último encuentro de la #CopaSky.   ⚽️ El tanto felino lo anotó el joven canterano…
1608113099592155137, 136664338, 2022-12-28T14:50:14.000Z, RT @DinastiaTigre: 🔸 #Tigres igualó 1-1 ante Santos en el último encuentro de la #CopaSky.   ⚽️ El tanto felino lo anotó el joven canterano…
1608124012038656001, 1375849847694229509, 2022-12-28T15:33:36.000Z, RT @DinastiaTigre: 🔸 #Tigres igualó 1-1 ante Santos en el último encuentro de la #CopaSky.   ⚽️ El tanto felino lo anotó el joven canterano…
1608508343957471232, 59567795, 2022-12-29T17:00:48.000Z, RT @DinastiaTigre: 🔸 #Tigres igualó 1-1 ante Santos en el último encuentro de la #CopaSky.   ⚽️ El tanto felino lo anotó el joven canterano…
1609544138470612993, 602764819, 2023-01-01T13:36:41.000Z, @PatoBullrich @FerIglesias @ajmechet Feliz año Pato! Veo a mi presidente con amigos a su lado, familia y los de fierro Fernando Iglesias y Beto Brandoni. Que alegría verlos también en los momentos lindos! Felicidades para nosotros! #Patricia2023
1609544613567631360, 1467207049465499660, 2023-01-01T13:38:34.000Z, RT @decimealberta: @PatoBullrich @FerIglesias @ajmechet Feliz año Pato! Veo a mi presidente con amigos a su lado, familia y los de fierro F…
1610019748007534592, 413430728, 2023-01-02T21:06:35.000Z, Los hijos de Fierro (1972, Fernando Pino Solanas). José Hernández en clave setentista: Fierro está en el exilio y sus hijos -la clase obrera, la tendencia revolucionaria, los sindicatos- desbandados y resistiendo o transando. Imágenes de picana eléctrica en 1972. Historia y épica https://t.co/RzIXw15Um1
1610371867738787842, 1589336660705103872, 2023-01-03T20:25:47.000Z, Colo-Colo 2023 + juveniles   Arqueros   Brayan Cortés (27|🇨🇱)  Fernando De Paul (31|🇨🇱🇦🇷) Eduardo Villanueva (18|🇨🇱) Benjamín Morales (18|🇨🇱) ------------------------------- Omar Carabali (25|🇨🇱🇪🇨) Préstamo Unión La Calera  Julio Fierro (20|🇨🇱) Préstamo San Antonio Unido
1610376389483446273, 1303750840038182913, 2023-01-03T20:43:45.000Z, RT @titowestcoast3: Colo-Colo 2023 + juveniles   Arqueros   Brayan Cortés (27|🇨🇱)  Fernando De Paul (31|🇨🇱🇦🇷) Eduardo Villanueva (18|🇨🇱) Be…
