id, author_id, created_at, text
633500642783289344, 420775734, 2015-08-18T04:48:17.000Z, Seahawk rookies looked great Saturday! Tye Smith looks like Richard Sherman and Frank Clark looks like Michael Bennett. Can't wait! #GoHawks
633732890560344068, 1148519803, 2015-08-18T20:11:09.000Z, http://t.co/z6e05YUBYy DT Justin Smith? Gone. Harbaugh? Gone. Michael Crabtree? Gone. Frank Gore? Gone. Half the o-line? Gone.
634157066366509056, 979324777, 2015-08-20T00:16:41.000Z, #BREAKING: @LongBeachPD_CA report in-custody death Tuesday of 71-year-old Long Beach resident Michael Frank Smith. Full story to come
634157301134323712, 264393361, 2015-08-20T00:17:37.000Z, RT @GregoryYYee: #BREAKING: @LongBeachPD_CA report in-custody death Tuesday of 71-year-old Long Beach resident Michael Frank Smith. Full st…
634163292680777728, 377220892, 2015-08-20T00:41:25.000Z, RT @GregoryYYee: #BREAKING: @LongBeachPD_CA report in-custody death Tuesday of 71-year-old Long Beach resident Michael Frank Smith. Full st…
634163936741490688, 2547790158, 2015-08-20T00:43:59.000Z, RT @GregoryYYee: #BREAKING: @LongBeachPD_CA report in-custody death Tuesday of 71-year-old Long Beach resident Michael Frank Smith. Full st…
634164802726727680, 27490812, 2015-08-20T00:47:25.000Z, RT @GregoryYYee: #BREAKING: @LongBeachPD_CA report in-custody death Tuesday of 71-year-old Long Beach resident Michael Frank Smith. Full st…
634165047502090240, 51100232, 2015-08-20T00:48:24.000Z, RT @GregoryYYee: #BREAKING: @LongBeachPD_CA report in-custody death Tuesday of 71-year-old Long Beach resident Michael Frank Smith. Full st…
634165178624442368, 325862777, 2015-08-20T00:48:55.000Z, RT @GregoryYYee: #BREAKING: @LongBeachPD_CA report in-custody death Tuesday of 71-year-old Long Beach resident Michael Frank Smith. Full st…
636699844422144000, 606111138, 2015-08-27T00:40:46.000Z, Ray McDonald Patrick Willis Aldon Smith Ahmad Brooks Michael Crabtree Frank Gore Mike Iupati Chris Borland Anthony Davis Harbaugh &amp; Fangio
637200555085950977, 15529133, 2015-08-28T09:50:25.000Z, Aldon Smith Justin Smith  Patrick Willis Frank Gore Michael Crabtree Ray McDonald  Mike Iuapati Anthony Davis Chris Borland #StillFaithful
