id, author_id, created_at, text
871341153865666560, 208211622, 2017-06-04T12:21:34.000Z, The latest El Diario de Fabián Núñez! https://t.co/icnn1v68cs Thanks to @Miliomo @xiscoturismo @ASAgustinMartin #travel #turismo
871703564841877506, 208211622, 2017-06-05T12:21:39.000Z, The latest El Diario de Fabián Núñez! https://t.co/qySaax3uQK Thanks to @almumadrid2015 @myklikin #socialmedia #marketingdigital
872065939805806592, 208211622, 2017-06-06T12:21:36.000Z, The latest El Diario de Fabián Núñez! https://t.co/YBNqz6nBPb Thanks to @Maytematias @EstherHortolano @asirimk #socialmedia #tecnologia
872124706639429632, 2776508461, 2017-06-06T16:15:08.000Z, Family members say 17 y/o shot and killed in #Wilmington early this morning was Fabian Nunez and he was days away from graduating #CBSLA https://t.co/uKTJKrCL88
872248098340225024, 1659424074, 2017-06-07T00:25:26.000Z, Wear all black tomorrow to honor our  classmate Fabian Nunez #RIPFabian https://t.co/Z4voiFcmks
872248340959772672, 792798542507106304, 2017-06-07T00:26:24.000Z, RT @GauchoASB: Wear all black tomorrow to honor our  classmate Fabian Nunez #RIPFabian https://t.co/Z4voiFcmks
872248811019620353, 3161838284, 2017-06-07T00:28:16.000Z, RT @GauchoASB: Wear all black tomorrow to honor our  classmate Fabian Nunez #RIPFabian https://t.co/Z4voiFcmks
872248895400624129, 1065134528, 2017-06-07T00:28:36.000Z, RT @GauchoASB: Wear all black tomorrow to honor our  classmate Fabian Nunez #RIPFabian https://t.co/Z4voiFcmks
872251694741991425, 3287267366, 2017-06-07T00:39:44.000Z, RT @GauchoASB: Wear all black tomorrow to honor our  classmate Fabian Nunez #RIPFabian https://t.co/Z4voiFcmks
872251853978845184, 2567673278, 2017-06-07T00:40:22.000Z, RT @GauchoASB: Wear all black tomorrow to honor our  classmate Fabian Nunez #RIPFabian https://t.co/Z4voiFcmks
872253034750853120, 3321599544, 2017-06-07T00:45:03.000Z, RT @GauchoASB: Wear all black tomorrow to honor our  classmate Fabian Nunez #RIPFabian https://t.co/Z4voiFcmks
872253145291735040, 725200663848738816, 2017-06-07T00:45:30.000Z, RT @GauchoASB: Wear all black tomorrow to honor our  classmate Fabian Nunez #RIPFabian https://t.co/Z4voiFcmks
872254237547216896, 2884365824, 2017-06-07T00:49:50.000Z, RT @GauchoASB: Wear all black tomorrow to honor our  classmate Fabian Nunez #RIPFabian https://t.co/Z4voiFcmks
872254794567565312, 777725827832131585, 2017-06-07T00:52:03.000Z, RT @GauchoASB: Wear all black tomorrow to honor our  classmate Fabian Nunez #RIPFabian https://t.co/Z4voiFcmks
872255151955771392, 2295371826, 2017-06-07T00:53:28.000Z, RT @GauchoASB: Wear all black tomorrow to honor our  classmate Fabian Nunez #RIPFabian https://t.co/Z4voiFcmks
872256078448271360, 2800810291, 2017-06-07T00:57:09.000Z, RT @GauchoASB: Wear all black tomorrow to honor our  classmate Fabian Nunez #RIPFabian https://t.co/Z4voiFcmks
872257436286984193, 720135069663232000, 2017-06-07T01:02:33.000Z, RT @GauchoASB: Wear all black tomorrow to honor our  classmate Fabian Nunez #RIPFabian https://t.co/Z4voiFcmks
872257762117394432, 4427298733, 2017-06-07T01:03:50.000Z, RT @GauchoASB: Wear all black tomorrow to honor our  classmate Fabian Nunez #RIPFabian https://t.co/Z4voiFcmks
872259000988909568, 2586623528, 2017-06-07T01:08:46.000Z, RT @GauchoASB: Wear all black tomorrow to honor our  classmate Fabian Nunez #RIPFabian https://t.co/Z4voiFcmks
872259272695992320, 807011669268303872, 2017-06-07T01:09:51.000Z, RT @GauchoASB: Wear all black tomorrow to honor our  classmate Fabian Nunez #RIPFabian https://t.co/Z4voiFcmks
872259527084720128, 300547828, 2017-06-07T01:10:51.000Z, RT @GauchoASB: Wear all black tomorrow to honor our  classmate Fabian Nunez #RIPFabian https://t.co/Z4voiFcmks
872260670074503168, 3073625232, 2017-06-07T01:15:24.000Z, RT @GauchoASB: Wear all black tomorrow to honor our  classmate Fabian Nunez #RIPFabian https://t.co/Z4voiFcmks
872263683757400064, 3075849578, 2017-06-07T01:27:22.000Z, RT @GauchoASB: Wear all black tomorrow to honor our  classmate Fabian Nunez #RIPFabian https://t.co/Z4voiFcmks
872265852602638339, 4105563974, 2017-06-07T01:35:59.000Z, RT @GauchoASB: Wear all black tomorrow to honor our  classmate Fabian Nunez #RIPFabian https://t.co/Z4voiFcmks
872267208113639424, 2394941906, 2017-06-07T01:41:23.000Z, RT @GauchoASB: Wear all black tomorrow to honor our  classmate Fabian Nunez #RIPFabian https://t.co/Z4voiFcmks
872268993918193665, 1396351502, 2017-06-07T01:48:28.000Z, RT @GauchoASB: Wear all black tomorrow to honor our  classmate Fabian Nunez #RIPFabian https://t.co/Z4voiFcmks
872269013224611840, 360464632, 2017-06-07T01:48:33.000Z, RT @GauchoASB: Wear all black tomorrow to honor our  classmate Fabian Nunez #RIPFabian https://t.co/Z4voiFcmks
872270214687203329, 10252962, 2017-06-07T01:53:19.000Z, "He cared about everybody. He made everybody laugh," cousin said of Fabian Nunez, 17, killed in Wilmington shooting https://t.co/f4T4v5oYyK https://t.co/z6wWwCAlXo
872270638932574212, 4323110002, 2017-06-07T01:55:00.000Z, RT @GauchoASB: Wear all black tomorrow to honor our  classmate Fabian Nunez #RIPFabian https://t.co/Z4voiFcmks
872272971808645120, 173589466, 2017-06-07T02:04:17.000Z, RT @KTLA: "He cared about everybody. He made everybody laugh," cousin said of Fabian Nunez, 17, killed in Wilmington shooting https://t.co/…
872273095456731136, 3272113369, 2017-06-07T02:04:46.000Z, RT @GauchoASB: Wear all black tomorrow to honor our  classmate Fabian Nunez #RIPFabian https://t.co/Z4voiFcmks
872273929745727488, 718172570839715840, 2017-06-07T02:08:05.000Z, RT @KTLA: "He cared about everybody. He made everybody laugh," cousin said of Fabian Nunez, 17, killed in Wilmington shooting https://t.co/…
872274968360263681, 1945772204, 2017-06-07T02:12:13.000Z, RT @GauchoASB: Wear all black tomorrow to honor our  classmate Fabian Nunez #RIPFabian https://t.co/Z4voiFcmks
872274970650361856, 739373002882568193, 2017-06-07T02:12:13.000Z, RT @GauchoASB: Wear all black tomorrow to honor our  classmate Fabian Nunez #RIPFabian https://t.co/Z4voiFcmks
872275092742393857, 344381276, 2017-06-07T02:12:42.000Z, RT @GauchoASB: Wear all black tomorrow to honor our  classmate Fabian Nunez #RIPFabian https://t.co/Z4voiFcmks
872276170422722560, 1350944226, 2017-06-07T02:16:59.000Z, RT @KTLA: "He cared about everybody. He made everybody laugh," cousin said of Fabian Nunez, 17, killed in Wilmington shooting https://t.co/…
872277333104746496, 739214253635207168, 2017-06-07T02:21:36.000Z, RT @KTLA: "He cared about everybody. He made everybody laugh," cousin said of Fabian Nunez, 17, killed in Wilmington shooting https://t.co/…
872279310337327105, 2163785587, 2017-06-07T02:29:28.000Z, RT @GauchoASB: Wear all black tomorrow to honor our  classmate Fabian Nunez #RIPFabian https://t.co/Z4voiFcmks
872279554651340800, 2318292762, 2017-06-07T02:30:26.000Z, RT @GauchoASB: Wear all black tomorrow to honor our  classmate Fabian Nunez #RIPFabian https://t.co/Z4voiFcmks
872281051703287808, 2943415664, 2017-06-07T02:36:23.000Z, RT @GauchoASB: Wear all black tomorrow to honor our  classmate Fabian Nunez #RIPFabian https://t.co/Z4voiFcmks
872281405660610560, 872279926132547584, 2017-06-07T02:37:47.000Z, RT @GauchoASB: Wear all black tomorrow to honor our  classmate Fabian Nunez #RIPFabian https://t.co/Z4voiFcmks
872283269848457217, 2917751682, 2017-06-07T02:45:12.000Z, RT @GauchoASB: Wear all black tomorrow to honor our  classmate Fabian Nunez #RIPFabian https://t.co/Z4voiFcmks
872285029937893376, 2931867944, 2017-06-07T02:52:12.000Z, RT @GauchoASB: Wear all black tomorrow to honor our  classmate Fabian Nunez #RIPFabian https://t.co/Z4voiFcmks
872289947687960576, 2332856286, 2017-06-07T03:11:44.000Z, RT @GauchoASB: Wear all black tomorrow to honor our  classmate Fabian Nunez #RIPFabian https://t.co/Z4voiFcmks
872290975464382465, 2398854560, 2017-06-07T03:15:49.000Z, RT @GauchoASB: Wear all black tomorrow to honor our  classmate Fabian Nunez #RIPFabian https://t.co/Z4voiFcmks
872292603500220417, 3113436924, 2017-06-07T03:22:17.000Z, RT @GauchoASB: Wear all black tomorrow to honor our  classmate Fabian Nunez #RIPFabian https://t.co/Z4voiFcmks
872297335602032640, 2688753282, 2017-06-07T03:41:05.000Z, RT @GauchoASB: Wear all black tomorrow to honor our  classmate Fabian Nunez #RIPFabian https://t.co/Z4voiFcmks
872299477251510272, 828331777282367488, 2017-06-07T03:49:36.000Z, RT @GauchoASB: Wear all black tomorrow to honor our  classmate Fabian Nunez #RIPFabian https://t.co/Z4voiFcmks
872301438025822208, 256731643, 2017-06-07T03:57:24.000Z, Fotos que realizamos en Chile para F&amp;T Cecilia Nuñez Lizzy CB Fabian Ibarra Alemany
872301770621435904, 2799075091, 2017-06-07T03:58:43.000Z, RT @GauchoASB: Wear all black tomorrow to honor our  classmate Fabian Nunez #RIPFabian https://t.co/Z4voiFcmks
872305980561920000, 1730521554, 2017-06-07T04:15:27.000Z, RT @KTLA: "He cared about everybody. He made everybody laugh," cousin said of Fabian Nunez, 17, killed in Wilmington shooting https://t.co/…
872306178705039361, 814605218729988096, 2017-06-07T04:16:14.000Z, RT @GauchoASB: Wear all black tomorrow to honor our  classmate Fabian Nunez #RIPFabian https://t.co/Z4voiFcmks
872308611032199168, 2886498870, 2017-06-07T04:25:54.000Z, RT @GauchoASB: Wear all black tomorrow to honor our  classmate Fabian Nunez #RIPFabian https://t.co/Z4voiFcmks
872308910958444546, 2200310448, 2017-06-07T04:27:05.000Z, RT @GauchoASB: Wear all black tomorrow to honor our  classmate Fabian Nunez #RIPFabian https://t.co/Z4voiFcmks
872313627663007745, 4184379312, 2017-06-07T04:45:50.000Z, RT @KTLA: "He cared about everybody. He made everybody laugh," cousin said of Fabian Nunez, 17, killed in Wilmington shooting https://t.co/…
872314095239933952, 1041163056, 2017-06-07T04:47:41.000Z, Check it out! I donated to 'Fabian Nunez' -  https://t.co/Cmk243eNo8 via @gofundme
872315552253054979, 798330062336499712, 2017-06-07T04:53:29.000Z, RT @GauchoASB: Wear all black tomorrow to honor our  classmate Fabian Nunez #RIPFabian https://t.co/Z4voiFcmks
872316883936137216, 765404430694920192, 2017-06-07T04:58:46.000Z, RT @GauchoASB: Wear all black tomorrow to honor our  classmate Fabian Nunez #RIPFabian https://t.co/Z4voiFcmks
872318524647247872, 3257188608, 2017-06-07T05:05:17.000Z, RT @GauchoASB: Wear all black tomorrow to honor our  classmate Fabian Nunez #RIPFabian https://t.co/Z4voiFcmks
872318715609722880, 2582963160, 2017-06-07T05:06:03.000Z, RT @GauchoASB: Wear all black tomorrow to honor our  classmate Fabian Nunez #RIPFabian https://t.co/Z4voiFcmks
872319188253147136, 4358857698, 2017-06-07T05:07:56.000Z, RT @GauchoASB: Wear all black tomorrow to honor our  classmate Fabian Nunez #RIPFabian https://t.co/Z4voiFcmks
872320441846816768, 1970249064, 2017-06-07T05:12:54.000Z, RT @GauchoASB: Wear all black tomorrow to honor our  classmate Fabian Nunez #RIPFabian https://t.co/Z4voiFcmks
872321072296845313, 3298296252, 2017-06-07T05:15:25.000Z, RT @GauchoASB: Wear all black tomorrow to honor our  classmate Fabian Nunez #RIPFabian https://t.co/Z4voiFcmks
872324470236741632, 1111674422, 2017-06-07T05:28:55.000Z, RT @GauchoASB: Wear all black tomorrow to honor our  classmate Fabian Nunez #RIPFabian https://t.co/Z4voiFcmks
872325949945257984, 3309353384, 2017-06-07T05:34:48.000Z, RT @GauchoASB: Wear all black tomorrow to honor our  classmate Fabian Nunez #RIPFabian https://t.co/Z4voiFcmks
872330536882241536, 3096691158, 2017-06-07T05:53:01.000Z, RT @GauchoASB: Wear all black tomorrow to honor our  classmate Fabian Nunez #RIPFabian https://t.co/Z4voiFcmks
872330855536087041, 2614840766, 2017-06-07T05:54:17.000Z, RT @GauchoASB: Wear all black tomorrow to honor our  classmate Fabian Nunez #RIPFabian https://t.co/Z4voiFcmks
872332789017972737, 2540015694, 2017-06-07T06:01:58.000Z, RT @GauchoASB: Wear all black tomorrow to honor our  classmate Fabian Nunez #RIPFabian https://t.co/Z4voiFcmks
872334842222051328, 52546993, 2017-06-07T06:10:08.000Z, RT @KTLA: "He cared about everybody. He made everybody laugh," cousin said of Fabian Nunez, 17, killed in Wilmington shooting https://t.co/…
872344062145310725, 857202883, 2017-06-07T06:46:46.000Z, RT @GauchoASB: Wear all black tomorrow to honor our  classmate Fabian Nunez #RIPFabian https://t.co/Z4voiFcmks
872348992583196673, 3849229874, 2017-06-07T07:06:21.000Z, RT @GauchoASB: Wear all black tomorrow to honor our  classmate Fabian Nunez #RIPFabian https://t.co/Z4voiFcmks
872350314644615168, 4276917792, 2017-06-07T07:11:37.000Z, RT @GauchoASB: Wear all black tomorrow to honor our  classmate Fabian Nunez #RIPFabian https://t.co/Z4voiFcmks
872350470643351554, 289622156, 2017-06-07T07:12:14.000Z, RT @GauchoASB: Wear all black tomorrow to honor our  classmate Fabian Nunez #RIPFabian https://t.co/Z4voiFcmks
872350940929642496, 3039900365, 2017-06-07T07:14:06.000Z, RT @GauchoASB: Wear all black tomorrow to honor our  classmate Fabian Nunez #RIPFabian https://t.co/Z4voiFcmks
872428322801807360, 208211622, 2017-06-07T12:21:35.000Z, The latest El Diario de Fabián Núñez! https://t.co/hzdsBou9m5 Thanks to @ricardoperezh @idayvueltablog #socialmedia #turismo
872447916417273858, 719696352016535552, 2017-06-07T13:39:27.000Z, RT @GauchoASB: Wear all black tomorrow to honor our  classmate Fabian Nunez #RIPFabian https://t.co/Z4voiFcmks
872450311289307136, 433887684, 2017-06-07T13:48:58.000Z, RT @GauchoASB: Wear all black tomorrow to honor our  classmate Fabian Nunez #RIPFabian https://t.co/Z4voiFcmks
872485559129722880, 701976712892928000, 2017-06-07T16:09:01.000Z, RT @GauchoASB: Wear all black tomorrow to honor our  classmate Fabian Nunez #RIPFabian https://t.co/Z4voiFcmks
872610387119579136, 47270638, 2017-06-08T00:25:03.000Z, RT @KTLA: "He cared about everybody. He made everybody laugh," cousin said of Fabian Nunez, 17, killed in Wilmington shooting https://t.co/…
872773913830461441, 78301495, 2017-06-08T11:14:51.000Z, RT @PBRFlorida: PBR #ProCase Full Statistical Breakdown-&gt; Denaburg, Fabian, Antonini, Nunez and more impress: https://t.co/BrlOmEVL08 https…
872790713368551424, 208211622, 2017-06-08T12:21:36.000Z, The latest El Diario de Fabián Núñez! https://t.co/xYNX3hNc6l Thanks to @F_Mier #socialmedia #tecnologia
872833707865931779, 257524084, 2017-06-08T15:12:27.000Z, @Fabian_87MFC @AbsalomHerreraA @PicoAzul14 Y Quiñónez no corre, toca buscar otra solución... mientras estuvo Nuñez no nos llegaron, más que una pelota parada!
872834450576560129, 267616388, 2017-06-08T15:15:24.000Z, RT @diegopulido31: @Fabian_87MFC @AbsalomHerreraA @PicoAzul14 Y Quiñónez no corre, toca buscar otra solución... mientras estuvo Nuñez no no…
872911163905916928, 2444525100, 2017-06-08T20:20:14.000Z, Pitzer alumni include: CEO of FX Networks/Productions; Debra Yang, first Asian-American Attorney &amp; Fabian Núñez, speaker of the CA Assembly.
872941323673755648, 4795868425, 2017-06-08T22:20:04.000Z, RT @aiccucal: Pitzer alumni include: CEO of FX Networks/Productions; Debra Yang, first Asian-American Attorney &amp; Fabian Núñez, speaker of t…
872960540771045376, 197197297, 2017-06-08T23:36:26.000Z, @albertoreyna Nardoni, recuerdo el apellido y nada más. Falta Silvio Rudman, Fabián Alegre, Torpedo Núñez, Adilson Heleno, Almir, Pinheiro, Mané Ferreyra
872980162769543169, 29778623, 2017-06-09T00:54:24.000Z, Fabián Nunez, de 17 años, estaba a dos días de alcanzar uno de sus mayores logros, pero un individuo armado lo... https://t.co/d2PIBKKiHf
872983273714188288, 163609570, 2017-06-09T01:06:46.000Z, RT @MundoHispanico: Fabián Nunez, de 17 años, estaba a dos días de alcanzar uno de sus mayores logros, pero un individuo armado lo... https…
873003510979117056, 988503090, 2017-06-09T02:27:11.000Z, #RIP Fabian Nunez: "He had a big heart." | https://t.co/i17Dktvo7m by @nicolesantacruz; cc: @GauchoASB
873153091759202306, 208211622, 2017-06-09T12:21:34.000Z, The latest El Diario de Fabián Núñez! https://t.co/XwHYVUSeub Thanks to @davidgilpou @josemcarbo @luisajmanzorro #socialmedia #turismo
873222964157718529, 1659424074, 2017-06-09T16:59:13.000Z, RT @jwbidwell: #RIP Fabian Nunez: "He had a big heart." | https://t.co/i17Dktvo7m by @nicolesantacruz; cc: @GauchoASB
873276072162455553, 108649328, 2017-06-09T20:30:14.000Z, Yeckson Fabian Vergel Nuñez Johana Gallardo https://t.co/9fHssmmoDS
873319566415466496, 150131716, 2017-06-09T23:23:04.000Z, #PelotasQuieroMiHuawei #gentepelota  para participar Fabián Núñez https://t.co/fSl0UOsrnq
873515495798046721, 208211622, 2017-06-10T12:21:37.000Z, The latest El Diario de Fabián Núñez! https://t.co/tO6xdgbLcE Thanks to @mavillacampab @CuencaEnamora #turismo #bebee
873598399291027456, 2639049612, 2017-06-10T17:51:03.000Z, Fabian Lavalle Nuñez tan tú 😂😂 https://t.co/UbRDoZXipw
873611637927923713, 819721297, 2017-06-10T18:43:40.000Z, Con gol de Fabián Núñez se cerró la victoria de la #Sub17 de @FormativasCAP, 2-1 sobre @JuventudUy y quedar segundos en el Apertura
873615036656340992, 1670479184, 2017-06-10T18:57:10.000Z, RT @Sentimiento1891: Con gol de Fabián Núñez se cerró la victoria de la #Sub17 de @FormativasCAP, 2-1 sobre @JuventudUy y quedar segundos e…
873877874700427265, 208211622, 2017-06-11T12:21:35.000Z, The latest El Diario de Fabián Núñez! https://t.co/ZhDTLDDXId Thanks to @rafaelchamorro @HLequeu @Estelamgm #travel #turismo
873982536443101188, 336079225, 2017-06-11T19:17:29.000Z, Triste noticia la muerte de un banderillero en una carrera zonal en Chaco. Nuestro respeto a la memoria de Gustavo Fabián Nuñez.
873982837778767873, 3429793385, 2017-06-11T19:18:40.000Z, RT @TGR_Arg: Triste noticia la muerte de un banderillero en una carrera zonal en Chaco. Nuestro respeto a la memoria de Gustavo Fabián Nuñe…
873983000433786880, 877709004, 2017-06-11T19:19:19.000Z, RT @TGR_Arg: Triste noticia la muerte de un banderillero en una carrera zonal en Chaco. Nuestro respeto a la memoria de Gustavo Fabián Nuñe…
873983523732025344, 2677591719, 2017-06-11T19:21:24.000Z, RT @TGR_Arg: Triste noticia la muerte de un banderillero en una carrera zonal en Chaco. Nuestro respeto a la memoria de Gustavo Fabián Nuñe…
873992735820324866, 420756416, 2017-06-11T19:58:00.000Z, RT @TGR_Arg: Triste noticia la muerte de un banderillero en una carrera zonal en Chaco. Nuestro respeto a la memoria de Gustavo Fabián Nuñe…
873993798703087619, 383602231, 2017-06-11T20:02:14.000Z, RT @TGR_Arg: Triste noticia la muerte de un banderillero en una carrera zonal en Chaco. Nuestro respeto a la memoria de Gustavo Fabián Nuñe…
873998341033439233, 1582972734, 2017-06-11T20:20:17.000Z, RT @TGR_Arg: Triste noticia la muerte de un banderillero en una carrera zonal en Chaco. Nuestro respeto a la memoria de Gustavo Fabián Nuñe…
874002304793489409, 289507684, 2017-06-11T20:36:02.000Z, RT @TGR_Arg: Triste noticia la muerte de un banderillero en una carrera zonal en Chaco. Nuestro respeto a la memoria de Gustavo Fabián Nuñe…
874028995142193152, 532655081, 2017-06-11T22:22:05.000Z, RT @TGR_Arg: Triste noticia la muerte de un banderillero en una carrera zonal en Chaco. Nuestro respeto a la memoria de Gustavo Fabián Nuñe…
874042680057229312, 68551232, 2017-06-11T23:16:28.000Z, RT @TGR_Arg: Triste noticia la muerte de un banderillero en una carrera zonal en Chaco. Nuestro respeto a la memoria de Gustavo Fabián Nuñe…
874044577447018496, 636527369, 2017-06-11T23:24:00.000Z, RT @TGR_Arg: Triste noticia la muerte de un banderillero en una carrera zonal en Chaco. Nuestro respeto a la memoria de Gustavo Fabián Nuñe…
874055079367761920, 2977577656, 2017-06-12T00:05:44.000Z, RT @TGR_Arg: Triste noticia la muerte de un banderillero en una carrera zonal en Chaco. Nuestro respeto a la memoria de Gustavo Fabián Nuñe…
874076126020337664, 205506856, 2017-06-12T01:29:22.000Z, RT @TGR_Arg: Triste noticia la muerte de un banderillero en una carrera zonal en Chaco. Nuestro respeto a la memoria de Gustavo Fabián Nuñe…
874084224931966976, 135327345, 2017-06-12T02:01:33.000Z, RT @TGR_Arg: Triste noticia la muerte de un banderillero en una carrera zonal en Chaco. Nuestro respeto a la memoria de Gustavo Fabián Nuñe…
874086725680861184, 984701132, 2017-06-12T02:11:29.000Z, RT @TGR_Arg: Triste noticia la muerte de un banderillero en una carrera zonal en Chaco. Nuestro respeto a la memoria de Gustavo Fabián Nuñe…
874097926309629952, 3125111151, 2017-06-12T02:56:00.000Z, RT @TGR_Arg: Triste noticia la muerte de un banderillero en una carrera zonal en Chaco. Nuestro respeto a la memoria de Gustavo Fabián Nuñe…
874240251178475523, 208211622, 2017-06-12T12:21:33.000Z, The latest El Diario de Fabián Núñez! https://t.co/qi2h9Nn2Tt Thanks to @viajarcondiego @jcmilena @ASAgustinMartin #socialmedia #tecnologia
874317987536359424, 293272772, 2017-06-12T17:30:26.000Z, Hablamos con Fabian Flores, nuestro amigo de Chaco sobre el fallecimiento del banderillero Gustavo Núñez en el autódromo de la provincia
874320880687566849, 158978776, 2017-06-12T17:41:56.000Z, RT @mundosportextra: Hablamos con Fabian Flores, nuestro amigo de Chaco sobre el fallecimiento del banderillero Gustavo Núñez en el autódro…
874325420723904513, 830474863563390976, 2017-06-12T17:59:59.000Z, RT @TGR_Arg: Triste noticia la muerte de un banderillero en una carrera zonal en Chaco. Nuestro respeto a la memoria de Gustavo Fabián Nuñe…
874382268130897922, 1109784708, 2017-06-12T21:45:52.000Z, https://t.co/QUxyRT38U6: MUY TRISTE… Gustavo Fabián Núñez, banderil https://t.co/OwWrTuviut
874602646488965120, 208211622, 2017-06-13T12:21:34.000Z, The latest El Diario de Fabián Núñez! https://t.co/Havjf5xTUe Thanks to @MartaRenovales @gerenciafihr #socialmedia #tecnologia
874616025471483908, 1098731546, 2017-06-13T13:14:44.000Z, RT @fanuvp: The latest El Diario de Fabián Núñez! https://t.co/Havjf5xTUe Thanks to @MartaRenovales @gerenciafihr #socialmedia #tecnologia
874965034434273280, 208211622, 2017-06-14T12:21:34.000Z, The latest El Diario de Fabián Núñez! https://t.co/Rlfym86l0I Thanks to @VicenteHerreroD @ejalepaco @martasimonet #socialmedia #turismo
875049615346855936, 189396141, 2017-06-14T17:57:40.000Z, RT @fanuvp: The latest El Diario de Fabián Núñez! https://t.co/Rlfym86l0I Thanks to @VicenteHerreroD @ejalepaco @martasimonet #socialmedia…
875140689805418498, 150131716, 2017-06-14T23:59:34.000Z, @GentePelota  @HuaweiMobileCo  #Pelotasquieromihuawei   para participar Fabián Nuñez https://t.co/u7dBMPvjHn
875327424401219584, 208211622, 2017-06-15T12:21:35.000Z, The latest El Diario de Fabián Núñez! https://t.co/9KfsQrA1V8 Thanks to @gerenciafihr @Maytematias @flyriviera #socialmedia #tecnologia
875689807384649728, 208211622, 2017-06-16T12:21:34.000Z, The latest El Diario de Fabián Núñez! https://t.co/TC8BPmIGFk Thanks to @SaboreaMad @pichuesca @juanrb1 #turismo #socialmedia
875898695384014854, 1109642418, 2017-06-17T02:11:37.000Z, Fabián Nuñez seguirá a préstamo en Cobresal por todo el torneo de transición. #VamosCobresal
875900967723708416, 199098322, 2017-06-17T02:20:38.000Z, RT @ClubDepCobresal: Fabián Nuñez seguirá a préstamo en Cobresal por todo el torneo de transición. #VamosCobresal
875961294859272192, 52927979, 2017-06-17T06:20:21.000Z, RT @ClubDepCobresal: Fabián Nuñez seguirá a préstamo en Cobresal por todo el torneo de transición. #VamosCobresal
876052204565803008, 208211622, 2017-06-17T12:21:36.000Z, The latest El Diario de Fabián Núñez! https://t.co/NzbTjMSGxb Thanks to @portalhoreca @carlesalmagro @MarkoLauhiala #travel #socialmedia
876070415323607040, 324547132, 2017-06-17T13:33:58.000Z, RT @ClubDepCobresal: Fabián Nuñez seguirá a préstamo en Cobresal por todo el torneo de transición. #VamosCobresal
876136686731833344, 1283052800, 2017-06-17T17:57:18.000Z, RT @fanuvp: The latest El Diario de Fabián Núñez! https://t.co/NzbTjMSGxb Thanks to @portalhoreca @carlesalmagro @MarkoLauhiala #travel #so…
876414646886039553, 208211622, 2017-06-18T12:21:49.000Z, The latest El Diario de Fabián Núñez! https://t.co/fyWyGK0GEn Thanks to @objetivo_viajar @alejandrafkir @rafaelchamorro #bebee #blogging
876481629480419330, 72794584, 2017-06-18T16:47:59.000Z, Fabián "Zombie" Ñuñez renovó con COBRESAL y será parte del plantel este 2do semestre de 2017 #OPERACIONRETORNO
876776962202771456, 208211622, 2017-06-19T12:21:32.000Z, The latest El Diario de Fabián Núñez! https://t.co/a0AFFFqDcO Thanks to @Rusticae @BTCS_Turismo @idayvueltablog #blogging #bebee
876930250319450112, 76837916, 2017-06-19T22:30:38.000Z, @CA_FPPC Mercury partner Fabian Nunez took Sen. Ron Calderon &amp; his wife to dinner in April 2013, which turned out to be a bad year for Calderon.
