id, author_id, created_at, text
606179264342290432, 1666050073, 2015-06-03T19:22:53.000Z, #LAPD Y FBI arrestán a joven sospechoso por el doble homicidio de los hermanos Eleazar y Aurelio Lico. http://t.co/fjhw3dC1CE @LAPDOlympic
606179812260999168, 885381829, 2015-06-03T19:25:04.000Z, RT @LAPDHQEnEspanol: #LAPD Y FBI arrestán a joven sospechoso por el doble homicidio de los hermanos Eleazar y Aurelio Lico. http://t.co/fjh…
606179913930973184, 963939163, 2015-06-03T19:25:28.000Z, RT @LAPDHQEnEspanol: #LAPD Y FBI arrestán a joven sospechoso por el doble homicidio de los hermanos Eleazar y Aurelio Lico. http://t.co/fjh…
606186054476034050, 555260563, 2015-06-03T19:49:52.000Z, RT @LAPDHQEnEspanol: #LAPD Y FBI arrestán a joven sospechoso por el doble homicidio de los hermanos Eleazar y Aurelio Lico. http://t.co/fjh…
606581682452299776, 447804471, 2015-06-04T22:01:57.000Z, Aurelio Lico, 24:  Aurelio Lico, a 24-year-old Latino male, died Thursday, June 4, after being shot in Koreato... http://t.co/DD7w7Z0xjx
606581686210420736, 441187574, 2015-06-04T22:01:58.000Z, Aurelio Lico, 24:  Aurelio Lico, a 24-year-old Latino male, died Thursday, June 4, after being shot in Koreato... http://t.co/Gx1phb3QrK
606581687749713921, 733264453, 2015-06-04T22:01:58.000Z, Aurelio Lico, 24:  Aurelio Lico, a 24-year-old Latino male, died Thursday, June 4, after being shot in Koreato... http://t.co/xo2fmS05fd
606583599391834112, 614962906, 2015-06-04T22:09:34.000Z, Aurelio Lico, 24 : #IHateTimWaterman
606605066108178433, 1618416878, 2015-06-04T23:34:52.000Z, Aurelio Lico, 24 http://t.co/DXfe84eAgj
