id, author_id, created_at, text
1254252576847081473, 969137173, 2020-04-26T03:34:51.000Z, @elmeroTenedor @andresfsanchezv @OfficialLuifer @ValentinaSiado @Janseljcastro @Gerardo_Gomez_R
1254299434801942529, 723351902491168768, 2020-04-26T06:41:03.000Z, @LOVREGA ¿Políticos desprestigiados? Manuel Bartlett Napoleón Gómez Urritia Gerardo Fernández Noroña Marcelo Ebrard Casaubón Dolores Padierna Agreguen a su favorito, hay de dónde.
1254394848028831744, 894993018, 2020-04-26T13:00:11.000Z, Lunes 4 de mayo, 18:00 h, segunda webinar del Dr. Gerardo Gómez Moreno, @ggomezmoreno seguro que es igual de interesante que el primero, nosotr@s no nos lo pensamos perder “Diagnóstico y tratamiento del Covid-19” #hides #webinar #covid_19 #diagnósticoytratamiento https://t.co/XlWYj0Sbwy
1254457237692612610, 824048795839328257, 2020-04-26T17:08:06.000Z, @MorfiTelefe Excelente gicela! Aguante el chamamé, Gerardo invita a Patricia Gómez también
1254465037684682755, 207173384, 2020-04-26T17:39:06.000Z, RT @ForumChaves: A equipe continua a mesma do Chaves Animado: Roberto Gómez Fernández (filho de Chespirito) na produção executiva, Heribert…
1254465513033535489, 1139924275924787201, 2020-04-26T17:40:59.000Z, RT @HidesCyL: Lunes 4 de mayo, 18:00 h, segunda webinar del Dr. Gerardo Gómez Moreno, @ggomezmoreno seguro que es igual de interesante que…
1254622515726598145, 272471119, 2020-04-27T04:04:52.000Z, RT @BerStamateas: Aquí les comparto la nota que realicé el día de hoy en @telefecordoba, junto a Gerardo López y Cruz Gómez Paz.   https://…
1254624111612981249, 1241513404969304064, 2020-04-27T04:11:12.000Z, Lleno de tristeza me uno a la pena que embarga a los familiares, amigos y colegas de nuestro compañero de la Guardia Estatal de Seguridad e Investigación. En paz descanse nuestro amigo Gerardo Gómez Quezada. https://t.co/tF1AQoOVFd
1254624467201867776, 974824731848294401, 2020-04-27T04:12:37.000Z, RT @jguillermoruizh: Lleno de tristeza me uno a la pena que embarga a los familiares, amigos y colegas de nuestro compañero de la Guardia E…
1254682109026983936, 1219216155941928960, 2020-04-27T08:01:40.000Z, Entre sus corresponsales aparecen figuras de la talla de Vicente Aleixandre, Gerardo Diego, Camilo José Cela, Carmen Conde, Dámaso Alonso, Max Aub, Gabriel Celaya, Luis Cernuda, Gabriela Mistral, Ramón Gómez de la Serna, Gregorio Marañón, Sofía Casanova, Julián Marías, [...] https://t.co/gENixkwT2u
1254699668438581248, 1240972285244329985, 2020-04-27T09:11:26.000Z, RT @ArchivoGRMurcia: Entre sus corresponsales aparecen figuras de la talla de Vicente Aleixandre, Gerardo Diego, Camilo José Cela, Carmen C…
1254828661599088640, 168210256, 2020-04-27T17:44:01.000Z, -Los que optan por apoyar a la 4T, pero que ocasionalmente son críticos solo para no verse tan "acríticos". A veces lucen bien por fuera, pero no tanto para el presidente. (Hernán Gómez, Gerardo Esquivel). 3
1254832757697626112, 326450618, 2020-04-27T18:00:17.000Z, Photo by Carlos Briano, Public Affairs Coordinator, shows Construction Superintendent Gerardo Gomez meeting with engineers and plumbers regarding the new Montana Vista Wastewater system. We stay at work for you; please stay at home for us. #workingforyou #elpaso #iamelpaso https://t.co/cYtpruRev1
1254834006249611264, 194442582, 2020-04-27T18:05:15.000Z, RT @Gerardo_Gomez_R: ¡Oh, oh! ¡Yo no abandono!
1254839886508486658, 42087636, 2020-04-27T18:28:37.000Z, RT @EPWater: Photo by Carlos Briano, Public Affairs Coordinator, shows Construction Superintendent Gerardo Gomez meeting with engineers and…
1254858527895465996, 3036928370, 2020-04-27T19:42:41.000Z, RT @EPWater: Photo by Carlos Briano, Public Affairs Coordinator, shows Construction Superintendent Gerardo Gomez meeting with engineers and…
1254900632835641344, 735716042, 2020-04-27T22:30:00.000Z, #Tijuana La Fiscalía General del Estado lamentó el fallecimiento del agente estatal Gerardo Gómez Quezada, quien perdió la vida por complicaciones de salud.  Lee la nota aquí: https://t.co/vJXaF1iTDQ
1254918694557421569, 19889168, 2020-04-27T23:41:46.000Z, #CréditosBienestar | Galia Borja Gómez, tesorera de la Federación, informó que no hay intermediarios, todo es directo entre @Banxico y la cuenta de cada uno de los #beneficiarios.  📷 Gerardo Luna  @Notimex_TV  • #Notimex https://t.co/kGDaVPDyio
1254919738767151104, 1087144814116814850, 2020-04-27T23:45:55.000Z, RT @Notimex: #CréditosBienestar | Galia Borja Gómez, tesorera de la Federación, informó que no hay intermediarios, todo es directo entre @B…
1254920067466354689, 1029183198461415424, 2020-04-27T23:47:14.000Z, RT @Notimex: #CréditosBienestar | «Llegamos a buen puerto con este proceso, y hoy pudimos instruir a @Banxico el pago de los 21 mil 582 ben…
1254920267010359296, 501903957, 2020-04-27T23:48:01.000Z, RT @Notimex: #CréditosBienestar | «Llegamos a buen puerto con este proceso, y hoy pudimos instruir a @Banxico el pago de los 21 mil 582 ben…
1254920276460146691, 19889168, 2020-04-27T23:48:03.000Z, #CréditosBienestar | Galia Borja Gómez, tesorera de la Federación, informó que son en total 539 millones de pesos los «que se están dispersando».  📷 Gerardo Luna  @Notimex_TV  • #Notimex https://t.co/4J3EvVajbi
1254920856460902400, 43689657, 2020-04-27T23:50:22.000Z, RT @Notimex: #CréditosBienestar | «Llegamos a buen puerto con este proceso, y hoy pudimos instruir a @Banxico el pago de los 21 mil 582 ben…
1254921390123294722, 104527283, 2020-04-27T23:52:29.000Z, RT @Notimex: #CréditosBienestar | «Llegamos a buen puerto con este proceso, y hoy pudimos instruir a @Banxico el pago de los 21 mil 582 ben…
1254921445718679552, 319155019, 2020-04-27T23:52:42.000Z, RT @Notimex: #CréditosBienestar | Galia Borja Gómez, tesorera de la Federación, informó que no hay intermediarios, todo es directo entre @B…
1254921597950889987, 952721750608920576, 2020-04-27T23:53:18.000Z, RT @Notimex: #CréditosBienestar | Galia Borja Gómez, tesorera de la Federación, informó que son en total 539 millones de pesos los «que se…
1254924167901851651, 138547898, 2020-04-28T00:03:31.000Z, @Garaed28 @gerardo_salazar @Aldaorku @lajornadaonline @HLGatell @FelipeCalderon @AngelesCruzM @jaircabrerafoto Felipe Calderon, Peña Nieto, que regrese a la cárcel Elba Esther Gordillo, Deschamps, Bartlett, Salinas, Martha Sahagún, Gomez Urrutia, Aceves del Olmo, Azcarraga, Salinas Pliego, Slim (estos últimos por lo menos que se les vete de ganar cualquier contrato de por vida).
1254925508644605952, 547006743, 2020-04-28T00:08:51.000Z, RT @Notimex: #CréditosBienestar | Galia Borja Gómez, tesorera de la Federación, informó que son en total 539 millones de pesos los «que se…
1254925631596359683, 250198156, 2020-04-28T00:09:20.000Z, RT @Notimex: #CréditosBienestar | Galia Borja Gómez, tesorera de la Federación, informó que son en total 539 millones de pesos los «que se…
1254959684144041984, 208679150, 2020-04-28T02:24:39.000Z, @casanovaordemar L Cordova, German cerro, NN, Silva, Patrullero Gonzalez, Cornelio Heredia, Rigoberto felandro, Adelfo Magallanes (entrenador) Gerardo Arce, Felix Fuentes, NN; abajo: Gastòn Batanero, Oscar Herrera, Felix castillo, Emilio Vargas, V. Lopez, C. Gomez Sanchez, NN, y Roberto Castillo
1254961823616503813, 1185050365127024640, 2020-04-28T02:33:09.000Z, RT @Notimex: #CréditosBienestar | Galia Borja Gómez, tesorera de la Federación, informó que son en total 539 millones de pesos los «que se…
1255017558559916032, 1037078123936993282, 2020-04-28T06:14:37.000Z, RT @ArchivoGRMurcia: Entre sus corresponsales aparecen figuras de la talla de Vicente Aleixandre, Gerardo Diego, Camilo José Cela, Carmen C…
1255049191497187328, 436951385, 2020-04-28T08:20:19.000Z, RT @Notimex: #CréditosBienestar | Galia Borja Gómez, tesorera de la Federación, informó que son en total 539 millones de pesos los «que se…
1255143818522882059, 399464003, 2020-04-28T14:36:20.000Z, RT @ArchivoGRMurcia: Entre sus corresponsales aparecen figuras de la talla de Vicente Aleixandre, Gerardo Diego, Camilo José Cela, Carmen C…
1255314735408525312, 95299791, 2020-04-29T01:55:30.000Z, 👉 #EnConcretoRadio con @marielzuniga_:  Dante Teytud de @CredifielMexico; @JCostolaza de @soyccmx; Gerardo Gómez de @HIRCASAMEXICO  🗓️ Miércoles 29 ⏰10:00 hrs. FbLive 🤳 https://t.co/FUKfuOerOO 📻 https://t.co/JPFv2B55SN https://t.co/M6Q3dnIwdT
1255476980365082624, 462531653, 2020-04-29T12:40:12.000Z, @PGN_COL Coroneles y generales: trafican con madera... El coronel y general violador, José Gerardo Acevedo Sosa, hacía deforestaciones... La otra loca del Reinaldo Gómez: le aprendió...
1255516856695300096, 296343496, 2020-04-29T15:18:39.000Z, RT @enconcreto: 👉 #EnConcretoRadio con @marielzuniga_:  Dante Teytud de @CredifielMexico; @JCostolaza de @soyccmx; Gerardo Gómez de @HIRCAS…
1255517036849041408, 95299791, 2020-04-29T15:19:22.000Z, #EnVivo #EnConcretoContigo  Escríbenos tus dudas https://t.co/PLvmwESqbQ  En este momento nos acompaña Gerardo Gómez, Director Comercial de @HIRCASAMEXICO   Si quieres alguna asesoría del financiamiento. Escribe a sus redes: Tw: @HIRCASAMEXICO y FB: @HIRCasaMexico
1255540012453523456, 977530512, 2020-04-29T16:50:40.000Z, @DonPorfifirio Copie la pregunta en mi cuenta de FB y esto es lo que obtuve; ---se be en los precios de gasolina Ocultar o reportar Me gusta Gerardo Garcia Gerardo Garcia Humberto Gomez reducio el Pago asus compañeros Lito el Pago años precidentes anteriores y les kite la seguridad k más kieres
1255540720464564225, 977530512, 2020-04-29T16:53:29.000Z, Copie la pregunta en mi cuenta de FB y esto es lo que obtuve: Gerardo Garcia se be en los precios de gasolina Ocultar o reportar Me gusta Gerardo Garcia Humberto Gomez reducio el Pago asus compañeros Lito el Pago años precidentes anteriores y les kite la seguridad k más kieres https://t.co/V6QzrHYg2S
1255556102466539527, 1255549403114409985, 2020-04-29T17:54:36.000Z, RT @AlfredoGBasurt0: T3 en #Netflix quiero felicitar a todos mis colegas #DoblajeMexicano por su estupendo trabajo, principalmente a Mike L…
1255678255929032704, 95299791, 2020-04-30T02:00:00.000Z, 👉 Revive la #EnConcretoRadio con @marielzuniga_: 📻https://t.co/1hhPH9Jl2x  Invitados: Dante Teytud de @CredifielMexico; @JCostolaza de @soyccmx; Gerardo Gómez de @HIRCASAMEXICO https://t.co/Wt14yUN3af
1255682250986962946, 3056977332, 2020-04-30T02:15:52.000Z, RT @enconcreto: 👉 Revive la #EnConcretoRadio con @marielzuniga_: 📻https://t.co/1hhPH9Jl2x  Invitados: Dante Teytud de @CredifielMexico; @JC…
1255707918227378179, 794321943985983488, 2020-04-30T03:57:52.000Z, RT @enconcreto: 👉 Revive la #EnConcretoRadio con @marielzuniga_: 📻https://t.co/1hhPH9Jl2x  Invitados: Dante Teytud de @CredifielMexico; @JC…
1255722545300602880, 240977806, 2020-04-30T04:55:59.000Z, RT @Humbert_oGomez: Copie la pregunta en mi cuenta de FB y esto es lo que obtuve: Gerardo Garcia se be en los precios de gasolina Ocultar o…
1255762091824369664, 914803389053140992, 2020-04-30T07:33:08.000Z, RT @Notimex: #CréditosBienestar | Galia Borja Gómez, tesorera de la Federación, informó que son en total 539 millones de pesos los «que se…
1255844350271066121, 1054394794305302528, 2020-04-30T13:00:00.000Z, “La labor periodística conlleva una responsabilidad importante, gracias a las personas comprometidas con la verdad podemos estar enterados” En #Opinión de hoy: “Prensa libre”, la colaboración de Gerardo Salmón Gómez para #Ecodiario #Zacatecas https://t.co/hKsm9EZuoD
1255848645049479168, 385039786, 2020-04-30T13:17:04.000Z, La tarde del miércoles  en  el poblado San Gerardo, Lerdo, Dgo.,   el taxista  Juan Carlos Gallegos Hernández,  38, con  domicilio en  Puente La Torreña,   Gómez Palacio, Dgo., fue asesinado a puñaladas por su pasajero en  calles del poblado San Gerardo,  Lerdo, Dgo.
1255849796226609152, 261298991, 2020-04-30T13:21:38.000Z, RT @pilaraguilarm: La tarde del miércoles  en  el poblado San Gerardo, Lerdo, Dgo.,   el taxista  Juan Carlos Gallegos Hernández,  38, con…
1255861303790505985, 619663248, 2020-04-30T14:07:22.000Z, RT @EPWater: Photo by Carlos Briano, Public Affairs Coordinator, shows Construction Superintendent Gerardo Gomez meeting with engineers and…
1255863467900235780, 115065409, 2020-04-30T14:15:58.000Z, RT @pilaraguilarm: La tarde del miércoles  en  el poblado San Gerardo, Lerdo, Dgo.,   el taxista  Juan Carlos Gallegos Hernández,  38, con…
1255875391643926528, 1526595085, 2020-04-30T15:03:21.000Z, @gerardo_gomez @lopezobrador_ Te juro que eso hago, pero nada más abro tuiter o veo la tv y nada más no puedo con tanta estupidez!
1255911856243384321, 296343496, 2020-04-30T17:28:14.000Z, RT @enconcreto: 👉 Revive la #EnConcretoRadio con @marielzuniga_: 📻https://t.co/1hhPH9Jl2x  Invitados: Dante Teytud de @CredifielMexico; @JC…
1255922237909204992, 2233233289, 2020-04-30T18:09:30.000Z, Los especialistas más connotados de la ciudad los encuentras en Hospital Rojas.  Hoy nos complace tener en nuestras instalaciones al Dr. Gerardo Llavén Gómez / Cirujano Urólogo culminando su cirugía con éxito.  Para nosotros tu Salud y Seguridad siempre sera lo más importante. https://t.co/qMMnfPCgPd
1255937996500676608, 2450238495, 2020-04-30T19:12:07.000Z, @Gerardo_Gomez_R Jajajajajaajjajajajajajajajaja totaaaal
1255939872503857159, 2450238495, 2020-04-30T19:19:34.000Z, @Gerardo_Gomez_R Estás muy chistoso
1255950049843929088, 1054394794305302528, 2020-04-30T20:00:00.000Z, “La labor periodística conlleva una responsabilidad importante, gracias a las personas comprometidas con la verdad podemos estar enterados” En #Opinión de hoy: “Prensa libre”, la colaboración de Gerardo Salmón Gómez para #Ecodiario #Zacatecas https://t.co/hKsm9EHT03
1255992931934224384, 907425086671650817, 2020-04-30T22:50:24.000Z, @Gerardo_Gomez_R Jajajajajajajaa muy ocurrente mi estimado colega
1255992957112631297, 907425086671650817, 2020-04-30T22:50:30.000Z, RT @Gerardo_Gomez_R: Cómo es posible que en lugar llamado "SOLEDAD" no sepan hacer un aislamiento?
1255994354801487874, 71547397, 2020-04-30T22:56:04.000Z, RT @Gerardo_Gomez_R: Cómo es posible que en lugar llamado "SOLEDAD" no sepan hacer un aislamiento?
1256040802679246849, 1041885772784259072, 2020-05-01T02:00:38.000Z, RT @Gerardo_Gomez_R: @FalcoJoselo @Rodrigo_Lara_ Complicado, porque de otra forma apoyaría al partido cuyo ideólogo es el primo del que mat…
1256045160498106369, 613961679, 2020-05-01T02:17:57.000Z, RT @Gerardo_Gomez_R: @FalcoJoselo @Rodrigo_Lara_ Complicado, porque de otra forma apoyaría al partido cuyo ideólogo es el primo del que mat…
1256114107788357632, 263809798, 2020-05-01T06:51:55.000Z, El Fiscal Estatal de Jalisco, Gerardo Octavio Solís Gomez informó que hasta el momento suman 20 medidas de protección dictadas en favor de personal médico en el marco de la pandemia por el COVID-19-https://t.co/LkZqDNUzRA https://t.co/dPeNHUU1R6
1256115019001061376, 772532237346574336, 2020-05-01T06:55:32.000Z, RT @Trafico_ZMG: El Fiscal Estatal de Jalisco, Gerardo Octavio Solís Gomez informó que hasta el momento suman 20 medidas de protección dict…
1256139026165366785, 461575670, 2020-05-01T08:30:56.000Z, RT @quimica_unam: Gerardo Leyva Gómez, académico de la FQ, participó en un equipo multidisciplinario que identificó el gen que provoca la i…
1256139067454115841, 461575670, 2020-05-01T08:31:06.000Z, RT @DEBATEQRO: Gerardo Leyva Gómez, quien encabeza la investigación, recordó que hay heridas de diferentes tipos: por quemaduras, por objet…
1256139157065302016, 461575670, 2020-05-01T08:31:27.000Z, RT @AlexiaMinely: Hoy 11 de Julio,la UNAM desarrolla un hidrogel capaz de cicatrizar héridas sin farmacos,uno de tantos fue Gerardo Leyva G…
1256139203139776513, 461575670, 2020-05-01T08:31:38.000Z, RT @VoxPopuliNoti: UNAM desarrolla nuevos materiales para heridas por quemaduras: El Universal/Vox Populi CIUDAD DE MÉXICO: En la Facultad…
1256238416343293953, 1182103153434595329, 2020-05-01T15:05:52.000Z, Reportan a tres detenidos por agredir a 17 trabajadores de la salud en #Jalisco, informó el Fiscal, Gerardo Octavio Solís Gómez.
1256374225369092096, 748899719083012097, 2020-05-02T00:05:32.000Z, Conozco varios pero algunos ejemplos: el more Mosqueda, Tressor moreno, el guameru garcia, la momia Gomez, Gerardo Lugo, cesar Villaluz, jehu chiapas,Liborio Sanchez, Luis Ángel landin, Adolfo rosinei, etc... https://t.co/aLv4O1tfq4
1256382781367648258, 1252967130213036032, 2020-05-02T00:39:32.000Z, Jorge Gerber Langley Billy Gerardo Hyun-Jin MacInnis Mookie Paul Luciano Betts Isaiah Chase Travis Litton Mike Alfaro Ramsey Madison Wilson Bourjos Ryu Peter Lester Elvis Ryan Jon Carlos Zajac Jalen Niemann Bowey Ben Dano Brandon G&amp;#243;mez Reyes Turn https://t.co/aIo70JE15t
1256391096143241216, 112757144, 2020-05-02T01:12:34.000Z, Alfaro Moreno, Insúa, Trobbiani, Gilson, Chino Gómez, Rosero, Alcivar, Macías, Morales, Bernuncio, Habegger, Brindisi, Isidro Romero, cuentan lindas anécdotas en #Amarillo95, programa especial por los #95AñosBSC 💛🖤 Conduce Gerardo España 🎙️ 📺 En vivo ➡️ https://t.co/xh4N1sNhE4 https://t.co/7IBTCEd6g7
1256391164552413193, 2164260808, 2020-05-02T01:12:50.000Z, RT @BarcelonaSC: Alfaro Moreno, Insúa, Trobbiani, Gilson, Chino Gómez, Rosero, Alcivar, Macías, Morales, Bernuncio, Habegger, Brindisi, Isi…
1256391485873946625, 391665167, 2020-05-02T01:14:07.000Z, RT @BarcelonaSC: Alfaro Moreno, Insúa, Trobbiani, Gilson, Chino Gómez, Rosero, Alcivar, Macías, Morales, Bernuncio, Habegger, Brindisi, Isi…
1256391703289831426, 2368119321, 2020-05-02T01:14:59.000Z, RT @BarcelonaSC: Alfaro Moreno, Insúa, Trobbiani, Gilson, Chino Gómez, Rosero, Alcivar, Macías, Morales, Bernuncio, Habegger, Brindisi, Isi…
1256392472885780481, 1209992551, 2020-05-02T01:18:02.000Z, RT @BarcelonaSC: Alfaro Moreno, Insúa, Trobbiani, Gilson, Chino Gómez, Rosero, Alcivar, Macías, Morales, Bernuncio, Habegger, Brindisi, Isi…
1256393184336326657, 276096940, 2020-05-02T01:20:52.000Z, RT @BarcelonaSC: Alfaro Moreno, Insúa, Trobbiani, Gilson, Chino Gómez, Rosero, Alcivar, Macías, Morales, Bernuncio, Habegger, Brindisi, Isi…
1256393199138091008, 170834195, 2020-05-02T01:20:55.000Z, RT @BarcelonaSC: Alfaro Moreno, Insúa, Trobbiani, Gilson, Chino Gómez, Rosero, Alcivar, Macías, Morales, Bernuncio, Habegger, Brindisi, Isi…
1256393327525724162, 3922272995, 2020-05-02T01:21:26.000Z, RT @BarcelonaSC: Alfaro Moreno, Insúa, Trobbiani, Gilson, Chino Gómez, Rosero, Alcivar, Macías, Morales, Bernuncio, Habegger, Brindisi, Isi…
1256393467799973896, 56733980, 2020-05-02T01:22:00.000Z, RT @BarcelonaSC: Alfaro Moreno, Insúa, Trobbiani, Gilson, Chino Gómez, Rosero, Alcivar, Macías, Morales, Bernuncio, Habegger, Brindisi, Isi…
1256394291607453696, 723349825589260289, 2020-05-02T01:25:16.000Z, RT @BarcelonaSC: Alfaro Moreno, Insúa, Trobbiani, Gilson, Chino Gómez, Rosero, Alcivar, Macías, Morales, Bernuncio, Habegger, Brindisi, Isi…
1256394655614275590, 978831138113359873, 2020-05-02T01:26:43.000Z, RT @BarcelonaSC: Alfaro Moreno, Insúa, Trobbiani, Gilson, Chino Gómez, Rosero, Alcivar, Macías, Morales, Bernuncio, Habegger, Brindisi, Isi…
1256394730918854663, 140513962, 2020-05-02T01:27:01.000Z, RT @BarcelonaSC: Alfaro Moreno, Insúa, Trobbiani, Gilson, Chino Gómez, Rosero, Alcivar, Macías, Morales, Bernuncio, Habegger, Brindisi, Isi…
1256394835273101313, 1606190767, 2020-05-02T01:27:26.000Z, RT @BarcelonaSC: Alfaro Moreno, Insúa, Trobbiani, Gilson, Chino Gómez, Rosero, Alcivar, Macías, Morales, Bernuncio, Habegger, Brindisi, Isi…
1256395246411419651, 790708775837691904, 2020-05-02T01:29:04.000Z, RT @BarcelonaSC: Alfaro Moreno, Insúa, Trobbiani, Gilson, Chino Gómez, Rosero, Alcivar, Macías, Morales, Bernuncio, Habegger, Brindisi, Isi…
1256395524737060870, 53124460, 2020-05-02T01:30:10.000Z, RT @BarcelonaSC: Alfaro Moreno, Insúa, Trobbiani, Gilson, Chino Gómez, Rosero, Alcivar, Macías, Morales, Bernuncio, Habegger, Brindisi, Isi…
1256395628281815041, 2661429094, 2020-05-02T01:30:35.000Z, RT @BarcelonaSC: Alfaro Moreno, Insúa, Trobbiani, Gilson, Chino Gómez, Rosero, Alcivar, Macías, Morales, Bernuncio, Habegger, Brindisi, Isi…
1256396207053815811, 258148593, 2020-05-02T01:32:53.000Z, RT @BarcelonaSC: Alfaro Moreno, Insúa, Trobbiani, Gilson, Chino Gómez, Rosero, Alcivar, Macías, Morales, Bernuncio, Habegger, Brindisi, Isi…
1256396589490409472, 88559882, 2020-05-02T01:34:24.000Z, RT @BarcelonaSC: Alfaro Moreno, Insúa, Trobbiani, Gilson, Chino Gómez, Rosero, Alcivar, Macías, Morales, Bernuncio, Habegger, Brindisi, Isi…
1256398107417415681, 628754890, 2020-05-02T01:40:26.000Z, RT @BarcelonaSC: Alfaro Moreno, Insúa, Trobbiani, Gilson, Chino Gómez, Rosero, Alcivar, Macías, Morales, Bernuncio, Habegger, Brindisi, Isi…
1256399893045940226, 787091652754235392, 2020-05-02T01:47:31.000Z, RT @BarcelonaSC: Alfaro Moreno, Insúa, Trobbiani, Gilson, Chino Gómez, Rosero, Alcivar, Macías, Morales, Bernuncio, Habegger, Brindisi, Isi…
1256400251939930112, 229552246, 2020-05-02T01:48:57.000Z, RT @BarcelonaSC: Alfaro Moreno, Insúa, Trobbiani, Gilson, Chino Gómez, Rosero, Alcivar, Macías, Morales, Bernuncio, Habegger, Brindisi, Isi…
1256400656472178689, 1240816281605017602, 2020-05-02T01:50:33.000Z, RT @BarcelonaSC: Alfaro Moreno, Insúa, Trobbiani, Gilson, Chino Gómez, Rosero, Alcivar, Macías, Morales, Bernuncio, Habegger, Brindisi, Isi…
1256400722742165504, 1099696568, 2020-05-02T01:50:49.000Z, RT @BarcelonaSC: Alfaro Moreno, Insúa, Trobbiani, Gilson, Chino Gómez, Rosero, Alcivar, Macías, Morales, Bernuncio, Habegger, Brindisi, Isi…
1256404977230262272, 222570704, 2020-05-02T02:07:44.000Z, RT @BarcelonaSC: Alfaro Moreno, Insúa, Trobbiani, Gilson, Chino Gómez, Rosero, Alcivar, Macías, Morales, Bernuncio, Habegger, Brindisi, Isi…
1256405096440758280, 2315508312, 2020-05-02T02:08:12.000Z, RT @BarcelonaSC: Alfaro Moreno, Insúa, Trobbiani, Gilson, Chino Gómez, Rosero, Alcivar, Macías, Morales, Bernuncio, Habegger, Brindisi, Isi…
1256408277019176967, 843738878, 2020-05-02T02:20:50.000Z, RT @BarcelonaSC: Alfaro Moreno, Insúa, Trobbiani, Gilson, Chino Gómez, Rosero, Alcivar, Macías, Morales, Bernuncio, Habegger, Brindisi, Isi…
1256409429739634688, 1449971995, 2020-05-02T02:25:25.000Z, RT @BarcelonaSC: Alfaro Moreno, Insúa, Trobbiani, Gilson, Chino Gómez, Rosero, Alcivar, Macías, Morales, Bernuncio, Habegger, Brindisi, Isi…
1256410079739482112, 809977793056481280, 2020-05-02T02:28:00.000Z, RT @BarcelonaSC: Alfaro Moreno, Insúa, Trobbiani, Gilson, Chino Gómez, Rosero, Alcivar, Macías, Morales, Bernuncio, Habegger, Brindisi, Isi…
1256412825687392258, 1005280360161144832, 2020-05-02T02:38:55.000Z, RT @BarcelonaSC: Alfaro Moreno, Insúa, Trobbiani, Gilson, Chino Gómez, Rosero, Alcivar, Macías, Morales, Bernuncio, Habegger, Brindisi, Isi…
1256414496492531712, 227677577, 2020-05-02T02:45:33.000Z, RT @BarcelonaSC: Alfaro Moreno, Insúa, Trobbiani, Gilson, Chino Gómez, Rosero, Alcivar, Macías, Morales, Bernuncio, Habegger, Brindisi, Isi…
1256417850782343169, 522341809, 2020-05-02T02:58:53.000Z, RT @BarcelonaSC: Alfaro Moreno, Insúa, Trobbiani, Gilson, Chino Gómez, Rosero, Alcivar, Macías, Morales, Bernuncio, Habegger, Brindisi, Isi…
1256419349054795776, 922420153, 2020-05-02T03:04:50.000Z, RT @BarcelonaSC: Alfaro Moreno, Insúa, Trobbiani, Gilson, Chino Gómez, Rosero, Alcivar, Macías, Morales, Bernuncio, Habegger, Brindisi, Isi…
1256421573856288768, 1241963729702584320, 2020-05-02T03:13:41.000Z, RT @BarcelonaSC: Alfaro Moreno, Insúa, Trobbiani, Gilson, Chino Gómez, Rosero, Alcivar, Macías, Morales, Bernuncio, Habegger, Brindisi, Isi…
1256422488025763841, 267773175, 2020-05-02T03:17:19.000Z, RT @BarcelonaSC: Alfaro Moreno, Insúa, Trobbiani, Gilson, Chino Gómez, Rosero, Alcivar, Macías, Morales, Bernuncio, Habegger, Brindisi, Isi…
1256424093525696512, 207601007, 2020-05-02T03:23:41.000Z, RT @BarcelonaSC: Alfaro Moreno, Insúa, Trobbiani, Gilson, Chino Gómez, Rosero, Alcivar, Macías, Morales, Bernuncio, Habegger, Brindisi, Isi…
1256424657584107521, 92544436, 2020-05-02T03:25:56.000Z, RT @BarcelonaSC: Alfaro Moreno, Insúa, Trobbiani, Gilson, Chino Gómez, Rosero, Alcivar, Macías, Morales, Bernuncio, Habegger, Brindisi, Isi…
1256425117099442176, 395401242, 2020-05-02T03:27:45.000Z, RT @BarcelonaSC: Alfaro Moreno, Insúa, Trobbiani, Gilson, Chino Gómez, Rosero, Alcivar, Macías, Morales, Bernuncio, Habegger, Brindisi, Isi…
1256425155640901633, 57199588, 2020-05-02T03:27:55.000Z, RT @BarcelonaSC: Alfaro Moreno, Insúa, Trobbiani, Gilson, Chino Gómez, Rosero, Alcivar, Macías, Morales, Bernuncio, Habegger, Brindisi, Isi…
1256430387783520256, 312533596, 2020-05-02T03:48:42.000Z, RT @BarcelonaSC: Alfaro Moreno, Insúa, Trobbiani, Gilson, Chino Gómez, Rosero, Alcivar, Macías, Morales, Bernuncio, Habegger, Brindisi, Isi…
1256435552787869696, 243727391, 2020-05-02T04:09:13.000Z, RT @BarcelonaSC: Alfaro Moreno, Insúa, Trobbiani, Gilson, Chino Gómez, Rosero, Alcivar, Macías, Morales, Bernuncio, Habegger, Brindisi, Isi…
1256440022393380866, 2947162198, 2020-05-02T04:26:59.000Z, RT @BarcelonaSC: Alfaro Moreno, Insúa, Trobbiani, Gilson, Chino Gómez, Rosero, Alcivar, Macías, Morales, Bernuncio, Habegger, Brindisi, Isi…
1256448100920709120, 281172976, 2020-05-02T04:59:05.000Z, RT @BarcelonaSC: Alfaro Moreno, Insúa, Trobbiani, Gilson, Chino Gómez, Rosero, Alcivar, Macías, Morales, Bernuncio, Habegger, Brindisi, Isi…
1256452412224819200, 1310969552, 2020-05-02T05:16:13.000Z, RT @BarcelonaSC: Alfaro Moreno, Insúa, Trobbiani, Gilson, Chino Gómez, Rosero, Alcivar, Macías, Morales, Bernuncio, Habegger, Brindisi, Isi…
1256463185428832256, 1631301229, 2020-05-02T05:59:02.000Z, RT @BarcelonaSC: Alfaro Moreno, Insúa, Trobbiani, Gilson, Chino Gómez, Rosero, Alcivar, Macías, Morales, Bernuncio, Habegger, Brindisi, Isi…
1256466840240390144, 127131140, 2020-05-02T06:13:33.000Z, RT @BarcelonaSC: Alfaro Moreno, Insúa, Trobbiani, Gilson, Chino Gómez, Rosero, Alcivar, Macías, Morales, Bernuncio, Habegger, Brindisi, Isi…
1256500975315169280, 2395967772, 2020-05-02T08:29:11.000Z, Enhorabuena al equipo de @Fisicas_UCM: Víctor Zamora Castro, José Polo Gómez, Guillermo Herranz Álvarez y Gerardo García Moreno! Panda Team ha sido campeón absoluto entre 31 equipos de 7 universidades y se ha clasificado para competir en la fase final internacional PLANCKS 2020. https://t.co/rIxFKiBpVW
1256513340412760064, 1035442208, 2020-05-02T09:18:19.000Z, RT @Fisicas_UCM: Enhorabuena al equipo de @Fisicas_UCM: Víctor Zamora Castro, José Polo Gómez, Guillermo Herranz Álvarez y Gerardo García M…
1256513346238545920, 1699238424, 2020-05-02T09:18:21.000Z, RT @Fisicas_UCM: Enhorabuena al equipo de @Fisicas_UCM: Víctor Zamora Castro, José Polo Gómez, Guillermo Herranz Álvarez y Gerardo García M…
1256516986085027842, 431706073, 2020-05-02T09:32:49.000Z, RT @Fisicas_UCM: Enhorabuena al equipo de @Fisicas_UCM: Víctor Zamora Castro, José Polo Gómez, Guillermo Herranz Álvarez y Gerardo García M…
1256518903360098304, 2731978367, 2020-05-02T09:40:26.000Z, RT @Fisicas_UCM: Enhorabuena al equipo de @Fisicas_UCM: Víctor Zamora Castro, José Polo Gómez, Guillermo Herranz Álvarez y Gerardo García M…
1256543560419196928, 414762543, 2020-05-02T11:18:24.000Z, RT @Fisicas_UCM: Enhorabuena al equipo de @Fisicas_UCM: Víctor Zamora Castro, José Polo Gómez, Guillermo Herranz Álvarez y Gerardo García M…
1256555255266971649, 940254829917753345, 2020-05-02T12:04:53.000Z, RT @Fisicas_UCM: Enhorabuena al equipo de @Fisicas_UCM: Víctor Zamora Castro, José Polo Gómez, Guillermo Herranz Álvarez y Gerardo García M…
1256571967660007427, 229566445, 2020-05-02T13:11:17.000Z, RT @BarcelonaSC: Alfaro Moreno, Insúa, Trobbiani, Gilson, Chino Gómez, Rosero, Alcivar, Macías, Morales, Bernuncio, Habegger, Brindisi, Isi…
1256584041400283136, 2279498256, 2020-05-02T13:59:16.000Z, RT @BarcelonaSC: Alfaro Moreno, Insúa, Trobbiani, Gilson, Chino Gómez, Rosero, Alcivar, Macías, Morales, Bernuncio, Habegger, Brindisi, Isi…
1256596154986442752, 791018629500461056, 2020-05-02T14:47:24.000Z, @mjsolanofranco @JeosmPhoto Leí el libro, nada más publicarse, en una isla. Vi la película presentada por Gerardo Herrero y Carmelo Gómez. Todo fue muy impactante. Gracias porque me has traído estos recuerdos. Márquez y @perezreverte ni más ni menos. Las fotos de @JeosmPhoto   son fabulosas.
1256598922757373954, 2270673963, 2020-05-02T14:58:24.000Z, RT @BarcelonaSC: Alfaro Moreno, Insúa, Trobbiani, Gilson, Chino Gómez, Rosero, Alcivar, Macías, Morales, Bernuncio, Habegger, Brindisi, Isi…
1256618829637193728, 571291583, 2020-05-02T16:17:30.000Z, RT @BarcelonaSC: Alfaro Moreno, Insúa, Trobbiani, Gilson, Chino Gómez, Rosero, Alcivar, Macías, Morales, Bernuncio, Habegger, Brindisi, Isi…
1256623965340160000, 1168861419544203264, 2020-05-02T16:37:54.000Z, RT @Fisicas_UCM: Enhorabuena al equipo de @Fisicas_UCM: Víctor Zamora Castro, José Polo Gómez, Guillermo Herranz Álvarez y Gerardo García M…
1256624509458710529, 491801214, 2020-05-02T16:40:04.000Z, RT @Fisicas_UCM: Enhorabuena al equipo de @Fisicas_UCM: Víctor Zamora Castro, José Polo Gómez, Guillermo Herranz Álvarez y Gerardo García M…
1256639474827657216, 565409187, 2020-05-02T17:39:32.000Z, RT @Fisicas_UCM: Enhorabuena al equipo de @Fisicas_UCM: Víctor Zamora Castro, José Polo Gómez, Guillermo Herranz Álvarez y Gerardo García M…
1256643031228440582, 203354693, 2020-05-02T17:53:40.000Z, RT @BarcelonaSC: Alfaro Moreno, Insúa, Trobbiani, Gilson, Chino Gómez, Rosero, Alcivar, Macías, Morales, Bernuncio, Habegger, Brindisi, Isi…
1256643822500618243, 316673331, 2020-05-02T17:56:49.000Z, RT @Fisicas_UCM: Enhorabuena al equipo de @Fisicas_UCM: Víctor Zamora Castro, José Polo Gómez, Guillermo Herranz Álvarez y Gerardo García M…
1256660542372134916, 576159420, 2020-05-02T19:03:15.000Z, RT @Fisicas_UCM: Enhorabuena al equipo de @Fisicas_UCM: Víctor Zamora Castro, José Polo Gómez, Guillermo Herranz Álvarez y Gerardo García M…
1256663827732717569, 217108422, 2020-05-02T19:16:18.000Z, Pedro Pineda, Pedro Duana, Gerardo Torres, el Mudo Juárez, Norberto Ángeles, Camilo Romero, Felipe Robles, David Oteo, Alejandro Argüello, el Gallo García, Nacho Vázquez, el Iguala Carreón, Nicolás Ramírez, el Chema Higareda, Markus López, el Bolillo Gómez, el Vaquero Jaúregui. https://t.co/knklU9fP2l
1256679523392925697, 400253569, 2020-05-02T20:18:41.000Z, @acho130 Hay varias líneas historiograficas que separan a los expertos... yo siempre me sentí más cerca de Ezequiel Gallo, Roberto Cortes Conde, Roberto Alemán, Gerardo della Paolera, Alejandro Gomez, Carlos Newland... pero no se si han escrito sobre finanzas en Roma... @AleGomez63 ?
1256703226533105664, 185015014, 2020-05-02T21:52:52.000Z, RT @BarcelonaSC: Alfaro Moreno, Insúa, Trobbiani, Gilson, Chino Gómez, Rosero, Alcivar, Macías, Morales, Bernuncio, Habegger, Brindisi, Isi…
1256731582037032960, 1224420853498040320, 2020-05-02T23:45:32.000Z, RT @jguillermoruizh: Lleno de tristeza me uno a la pena que embarga a los familiares, amigos y colegas de nuestro compañero de la Guardia E…
1256765419383222272, 95299791, 2020-05-03T02:00:00.000Z, 👉🏻 Revive la #EnConcretoRadio con  @marielzuniga_: https://t.co/1hhPH9Jl2x  Invitados: Dante Teytud de @CredifielMexico; @JCostolaza de @soyccmx; Gerardo Gómez de @HIRCASAMEXICO https://t.co/LIT33nrTBC
1256805662367105025, 272069920, 2020-05-03T04:39:54.000Z, RT @BarcelonaSC: Alfaro Moreno, Insúa, Trobbiani, Gilson, Chino Gómez, Rosero, Alcivar, Macías, Morales, Bernuncio, Habegger, Brindisi, Isi…
1256817646319763457, 374130877, 2020-05-03T05:27:32.000Z, LR21: Gómez: La cabeza de los medios públicos debe ser un organismo descentralizado de tres personas: El pasado 29 de abril, el director del Servicio de Comunicación Audiovisual Nacional (SECAN), Gerardo Sotelo, solicitó a los coordinadores de Televisión… https://t.co/JoAAUc7Ze5
1256888933541167104, 90856947, 2020-05-03T10:10:48.000Z, RT @Fisicas_UCM: Enhorabuena al equipo de @Fisicas_UCM: Víctor Zamora Castro, José Polo Gómez, Guillermo Herranz Álvarez y Gerardo García M…
1256889363339804673, 1246775607880552448, 2020-05-03T10:12:30.000Z, RT @Fisicas_UCM: Enhorabuena al equipo de @Fisicas_UCM: Víctor Zamora Castro, José Polo Gómez, Guillermo Herranz Álvarez y Gerardo García M…
1256892601174757377, 895982551, 2020-05-03T10:25:22.000Z, RT @Fisicas_UCM: Enhorabuena al equipo de @Fisicas_UCM: Víctor Zamora Castro, José Polo Gómez, Guillermo Herranz Álvarez y Gerardo García M…
1256969098195398656, 782066233134813184, 2020-05-03T15:29:21.000Z, now how will I sleep huh, Juan Gerardo Gómez De Liaño?? 😔 @juan_swish9 https://t.co/K4iebPJl5w
1256977780610420738, 40046861, 2020-05-03T16:03:51.000Z, RT @wp_es: Seguimos de la #SalaB. El viernes 8 a las 17:40 @gerardobot nos hará amar a #Gutenberg y cómo contribuir a su evolución https://…
1257036086703910913, 3056977332, 2020-05-03T19:55:32.000Z, RT @enconcreto: 👉🏻 Revive la #EnConcretoRadio con  @marielzuniga_: https://t.co/1hhPH9Jl2x  Invitados: Dante Teytud de @CredifielMexico; @J…
1257063328196759553, 794321943985983488, 2020-05-03T21:43:47.000Z, RT @enconcreto: 👉🏻 Revive la #EnConcretoRadio con  @marielzuniga_: https://t.co/1hhPH9Jl2x  Invitados: Dante Teytud de @CredifielMexico; @J…
1257128081992581121, 355831086, 2020-05-04T02:01:05.000Z, @ratingcordoba @LagartoShowOk @ElDoce @VCompartido Los Matías Barzola, los Bruno Espinosa, los Colorete Gianola, los Titi Ciabattoni, los Petete Martínez, las Gaby Tessio, las Cruz Gómez Paz, los Gerardo López;  los hay, tienen que buscar y apoyar un poco
1257136262126977025, 1118295697885937668, 2020-05-04T02:33:36.000Z, RT @MiQuii_Gomez: No era Gerardo si no lloraba #BakeOffArgentina
1257318890226331648, 3363549165, 2020-05-04T14:39:17.000Z, RT @saludconlupa: ¿Por qué la cifra de muertos real #COVID19 puede ser 4 veces mayor a la oficial en Lima? Los economistas Marco Carrasco y…
1257331667485720578, 156507945, 2020-05-04T15:30:04.000Z, @elkinjosevilla Algunos: Jaime Brand Gómez, @JUANPABLOANGEL , Carlos Andrés Vásquez, Juan Guillermo Villa (QEPD), Neider Morantes, Gerardo Bedoya, Arley Rodríguez (tío de James) QEPD...
1257333168266457095, 3111599441, 2020-05-04T15:36:02.000Z, RT @saludconlupa: ¿Por qué la cifra de muertos real #COVID19 puede ser 4 veces mayor a la oficial en Lima? Los economistas Marco Carrasco y…
1257352367663730689, 194442582, 2020-05-04T16:52:19.000Z, @jaimepumarejo @SecdeportesBAQ @Gerardo_Gomez_R
1257392767212404738, 542549021, 2020-05-04T19:32:51.000Z, RT @saludconlupa: ¿Por qué la cifra de muertos real #COVID19 puede ser 4 veces mayor a la oficial en Lima? Los economistas Marco Carrasco y…
1257395015686512641, 707152596948164608, 2020-05-04T19:41:47.000Z, #RECUERDOS #AÑO1985 • Campeones 2da. División▪️🔹• ARRIBA: Cabeza Sosa, “Gorrión” Lima, Luna, Felipe Pereira, De los Santos y Gerardo Machado.  ABAJO: Agustín Gómez, Dos Díaz, Rubén Bas, David Silva y Iván Souza. https://t.co/FHDJ8PnCj9
1257396105073111040, 1051271446201294848, 2020-05-04T19:46:07.000Z, RT @FutbolClu: #RECUERDOS #AÑO1985 • Campeones 2da. División▪️🔹• ARRIBA: Cabeza Sosa, “Gorrión” Lima, Luna, Felipe Pereira, De los Santos y…
1257426399956209667, 511385669, 2020-05-04T21:46:30.000Z, Arranca @juanangel_fb programa nutricional " Semillas de Jojutla" con apoyo de Fundación Midas A.C., a cargo de Gerardo Gómez Lastiri. @Britovsky @ayuntamientojo1 @noce02 @MarC_GRcia @Yazsanz @CESARSASO @erikaconectate @cuauhtemocb10 https://t.co/ERpB5YJPaw
1257427502248722436, 213349088, 2020-05-04T21:50:53.000Z, RT @daxmultimedios: Arranca @juanangel_fb programa nutricional " Semillas de Jojutla" con apoyo de Fundación Midas A.C., a cargo de Gerardo…
1257447254488756226, 1172656862027755520, 2020-05-04T23:09:22.000Z, RT @saludconlupa: ¿Por qué la cifra de muertos real #COVID19 puede ser 4 veces mayor a la oficial en Lima? Los economistas Marco Carrasco y…
1257448653322620932, 160219556, 2020-05-04T23:14:55.000Z, RT @daxmultimedios: Arranca @juanangel_fb programa nutricional " Semillas de Jojutla" con apoyo de Fundación Midas A.C., a cargo de Gerardo…
1257452042915917831, 370909069, 2020-05-04T23:28:24.000Z, RT @daxmultimedios: Arranca @juanangel_fb programa nutricional " Semillas de Jojutla" con apoyo de Fundación Midas A.C., a cargo de Gerardo…
1257456008831602688, 959467928381984768, 2020-05-04T23:44:09.000Z, MORTALIDAD POR COVID-19 EN LIMA PUEDE SER 4 VECES MAYOR QUE LAS CIFRAS CONFIRMADAS, según la metodología de Marco Carrasco (Harvard University), Gerardo Gómez (UNMSM, Perú), Dr. Carlos Carrasco (HMC, Perú), Int. Med. Walter Villacrés (UNACH, Ecuador).   https://t.co/AZmsipBrIo https://t.co/WuUvJghfgZ
1257465090263199745, 925849696991629312, 2020-05-05T00:20:14.000Z, RT @RevAndinaPol: MORTALIDAD POR COVID-19 EN LIMA PUEDE SER 4 VECES MAYOR QUE LAS CIFRAS CONFIRMADAS, según la metodología de Marco Carrasc…
1257465201324101633, 283221097, 2020-05-05T00:20:41.000Z, RT @RevAndinaPol: MORTALIDAD POR COVID-19 EN LIMA PUEDE SER 4 VECES MAYOR QUE LAS CIFRAS CONFIRMADAS, según la metodología de Marco Carrasc…
1257466387477528578, 68076402, 2020-05-05T00:25:24.000Z, RT @RevAndinaPol: MORTALIDAD POR COVID-19 EN LIMA PUEDE SER 4 VECES MAYOR QUE LAS CIFRAS CONFIRMADAS, según la metodología de Marco Carrasc…
1257466773198307334, 27538548, 2020-05-05T00:26:55.000Z, RT @RevAndinaPol: MORTALIDAD POR COVID-19 EN LIMA PUEDE SER 4 VECES MAYOR QUE LAS CIFRAS CONFIRMADAS, según la metodología de Marco Carrasc…
1257469575244976128, 2336207869, 2020-05-05T00:38:04.000Z, RT @daxmultimedios: Arranca @juanangel_fb programa nutricional " Semillas de Jojutla" con apoyo de Fundación Midas A.C., a cargo de Gerardo…
1257516280061583366, 25956562, 2020-05-05T03:43:39.000Z, ENTREVISTA: Relación entre Periodontitis y Enfermedades Cardiovasculares - Dr. Gerardo Gómez https://t.co/cImf3edhXv #Periodoncia #Odontología #QuedateEnCasa
1257536024504340481, 260410343, 2020-05-05T05:02:06.000Z, RT @daxmultimedios: Arranca @juanangel_fb programa nutricional " Semillas de Jojutla" con apoyo de Fundación Midas A.C., a cargo de Gerardo…
1257545911351357440, 2450238495, 2020-05-05T05:41:23.000Z, @Gerardo_Gomez_R Chismoso
1257564627346620417, 60445466, 2020-05-05T06:55:46.000Z, RT @saludconlupa: ¿Por qué la cifra de muertos real #COVID19 puede ser 4 veces mayor a la oficial en Lima? Los economistas Marco Carrasco y…
1257636135347589122, 874209163, 2020-05-05T11:39:55.000Z, RT @Gerardo_Gomez_R: Habeas corpus, se fue la luz, ¿Que otros misterios traerá la noche?
1257653773289181185, 2749764192, 2020-05-05T12:50:00.000Z, A pesar de las protestas en contra del proyecto del hotel Grand Solaris Cancún, el biólogo y consultor ambiental Gerardo Gómez Nieto validó dicha construcción, argumentando contar con todas las autorizaciones vigentes.  #QuintanaRoo | #MedioAmbiente   https://t.co/S2LrbHjfSg
1257681877051363331, 11816412, 2020-05-05T14:41:40.000Z, #AnálisisPolíticoLocal Montenegro espera que llegue la ayuda de la Provincia para poder pagar los salarios | por por Gerardo Gómez Muñoz https://t.co/jX0cYPL2yV
1257688654606106624, 949474220442116097, 2020-05-05T15:08:36.000Z, La cantidad real de fallecidos por #COVID19 en Lima podría ser el cuádruple a la cifra oficial. Los economistas Marco Carrasco y Gerardo Gómez, y los médicos Carlos Carrasco y Walter Villacrés explican las causas de este subregistro de muertes. [Hilo] https://t.co/DFaGqKz4MQ
1257689293713260544, 53093491, 2020-05-05T15:11:09.000Z, RT @saludconlupa: La cantidad real de fallecidos por #COVID19 en Lima podría ser el cuádruple a la cifra oficial. Los economistas Marco Car…
1257690505246375943, 911005419593662464, 2020-05-05T15:15:57.000Z, RT @saludconlupa: La cantidad real de fallecidos por #COVID19 en Lima podría ser el cuádruple a la cifra oficial. Los economistas Marco Car…
1257698505134653440, 67402553, 2020-05-05T15:47:45.000Z, Imagínate que tu casa sea todo en uno 😲 Descubre como tu casa es tu mejor aliado ante la contingencia con Gerardo Gómez, Director Comercial Interior de la República de @HIRCASAMEXICO  Ve la videoconferencia en https://t.co/TqP6O7CSmg https://t.co/3jn66FJuaJ
1257704824914743297, 1242674401, 2020-05-05T16:12:51.000Z, RT @Vivanuncios: Imagínate que tu casa sea todo en uno 😲 Descubre como tu casa es tu mejor aliado ante la contingencia con Gerardo Gómez, D…
1257706637747511296, 542549021, 2020-05-05T16:20:04.000Z, RT @saludconlupa: La cantidad real de fallecidos por #COVID19 en Lima podría ser el cuádruple a la cifra oficial. Los economistas Marco Car…
1257716098042138624, 1186730218356125696, 2020-05-05T16:57:39.000Z, Vamos a ponerle #ritmo a este #díanublado con los alumnos de la E.E.P N° 1🎵   🎶La Seño Elda Portillo y el Profe de música Gerardo Gomez comparten con nosotros como sus alumnos de 3°grado del turno tarde, continuan realizando sus prácticas de la materia #Música desde sus casas https://t.co/O6atv9RWXc
1257728272097579008, 2889031819, 2020-05-05T17:46:02.000Z, RT @Chacoenredes: Vamos a ponerle #ritmo a este #díanublado con los alumnos de la E.E.P N° 1🎵   🎶La Seño Elda Portillo y el Profe de música…
1257729571245494272, 65236748, 2020-05-05T17:51:11.000Z, RT @Vivanuncios: Imagínate que tu casa sea todo en uno 😲 Descubre como tu casa es tu mejor aliado ante la contingencia con Gerardo Gómez, D…
1257765366111010822, 1401058579, 2020-05-05T20:13:26.000Z, @ECFutbol @nacionaloficial Gerardo el Alemán Moncada  Diego León Osorio  Luis Fernando el Chonto Herrera  Juan Camilo Zúñiga Chontico  León Fernando Villa  Y Gildardo Gómez  Los mejores laterales de la historia del FPC y la Selección y no lo pienso discutir con nadie .
1257805105581232129, 53730401, 2020-05-05T22:51:20.000Z, RT @saludconlupa: La cantidad real de fallecidos por #COVID19 en Lima podría ser el cuádruple a la cifra oficial. Los economistas Marco Car…
1257808378673446917, 907425086671650817, 2020-05-05T23:04:21.000Z, @Gerardo_Gomez_R Confirmo!!! 😂😂
1257808850218102789, 1368406206, 2020-05-05T23:06:13.000Z, RT @saludconlupa: La cantidad real de fallecidos por #COVID19 en Lima podría ser el cuádruple a la cifra oficial. Los economistas Marco Car…
1257812782927548423, 104566237, 2020-05-05T23:21:51.000Z, RT @Gerardo_Gomez_R: Un Habeas Corpus quita más el sueño que el tinto.
1257817555231784962, 1249437936283607040, 2020-05-05T23:40:48.000Z, RT @daxmultimedios: Arranca @juanangel_fb programa nutricional " Semillas de Jojutla" con apoyo de Fundación Midas A.C., a cargo de Gerardo…
1257832556965355525, 162137517, 2020-05-06T00:40:25.000Z, RT @gerardo_gomez: @TapiaFernanda Aqui el video sin taparle la cara por si alguien la reconoce https://t.co/Fvjd69G0nq
1257848086447230976, 283232913, 2020-05-06T01:42:08.000Z, @Gerardo_Gomez_R @ingmaeloruiz @grolong @jaimepumarejo @elheraldoco O sea se equivocó el alcalde? Tenía que decir era lo que publicó @elheraldoco haciendo chiva mediocre?
1257849967030517762, 1850503975, 2020-05-06T01:49:36.000Z, @ingmaeloruiz @Gerardo_Gomez_R @grolong @jaimepumarejo @elheraldoco SÍ, inicialmente enviaron ese boletín de prensa a todos los medios locales, y luego del trino del Alcalde, aclararon que esta es la información oficial.
1257851010644611078, 1850503975, 2020-05-06T01:53:45.000Z, RT @mariapaulapg_: @ingmaeloruiz @Gerardo_Gomez_R @grolong @jaimepumarejo @elheraldoco SÍ, inicialmente enviaron ese boletín de prensa a to…
1257854093957255170, 139579792, 2020-05-06T02:06:00.000Z, @mariapaulapg_ @Gerardo_Gomez_R @grolong @jaimepumarejo @elheraldoco Eso es lo que pasa por el afán de dar una chica periodística, terminaron confundiendo a los lectores
1257855047976837124, 1850503975, 2020-05-06T02:09:47.000Z, @ingmaeloruiz @Gerardo_Gomez_R @grolong @jaimepumarejo @elheraldoco O de pronto mala organización en el equipo de comunicaciones del alcalde. No podemos juzgar sin saber. Empatía, amigo.
1257855601226461186, 139579792, 2020-05-06T02:11:59.000Z, @mariapaulapg_ @Gerardo_Gomez_R @grolong @jaimepumarejo @elheraldoco En estos tiempos de pánico, es una irresponsabilidad total dar esa información y después el alcalde salió con otra
1257973666823929862, 854389118683537410, 2020-05-06T10:01:08.000Z, @TorrasLuis @JordiMolinaBCN totalmente de acuerdo en tu ultimo tuit, me han recomendado estos autores que todavía no he investigado . Ezequiel Gallo, Roberto Cortes Conde, Roberto Alemán, Gerardo della Paolera, Alejandro Gomez, Carlos Newland, a ver si tienen algo relacionado con lo que buscaba
1257995087981744128, 57127662, 2020-05-06T11:26:16.000Z, Las Noticias comienzan Antes de ver el Sol.  🎙 Hugo Lombardi,  Susana Gomez, Hugo Videla,  Raùl Gerardo Vasquez  📻Ciudad FM 90.5  🕗 8:00 a 10:30 hs  💻podés vernos  en https://t.co/uwHyivkLLN   📲 WhatsApp 2634623969 https://t.co/7znWgDbqkR
1257996206476865537, 1104238802464358400, 2020-05-06T11:30:42.000Z, RT @CIUDADFM: Las Noticias comienzan Antes de ver el Sol.  🎙 Hugo Lombardi,  Susana Gomez, Hugo Videla,  Raùl Gerardo Vasquez  📻Ciudad FM 9…
1258067339905585161, 1850503975, 2020-05-06T16:13:22.000Z, RT @mariapaulapg_: @ingmaeloruiz @Gerardo_Gomez_R @grolong @jaimepumarejo @elheraldoco O de pronto mala organización en el equipo de comuni…
1258089672099524610, 95820171, 2020-05-06T17:42:06.000Z, #NoticiasDMX ● Al realizar trabajos, el señor Gerardo Gómez Gámiz sufrió una descarga eléctrica de 13 mil voltios, su estado de salud se reporta grave y fue trasladado al Hospital General 450. en Victoria de… https://t.co/5yWkVF5YU2
1258106692178337792, 385039786, 2020-05-06T18:49:44.000Z, El albañil Gerardo Gómez Gámiz,   43,    quien este miércoles en la mañana realizaba trabajos   en  la vivienda  número 216, de la calle Beatriz Prado, al electrocutarse sufrió severas lesiones, lo llevaron al Hospital 450 y ahí falleció. https://t.co/PNLeM75h9V
1258110798662193152, 194442582, 2020-05-06T19:06:03.000Z, @Gerardo_Gomez_R @CathyJuvinao Si amor, recuerdo el día que te dio
1258115317311520768, 4854189598, 2020-05-06T19:24:00.000Z, https://t.co/7FipnfD6e7
1258128871511162881, 371276574, 2020-05-06T20:17:52.000Z, @GNocturnaMX Dira el amenazado @EnriqueAlfaroR que solo quieren llamar la atención del cobarde @GobiernoJalisco el vocero de la @FiscaliaJal Gerardo Solís Gómez narrara como ocurrieron los hechos como siempre, su gran experiencia como vocero y no como fiscal.
1258196725841440769, 256628571, 2020-05-07T00:47:30.000Z, Alex Lora y Gerardo Gómez Borbolla ayudarán a músicos con subasta de silla https://t.co/HWoQJKgcfv
1258202005719461893, 2903297604, 2020-05-07T01:08:29.000Z, En la colonia 16 de setiembre calle Beatriz Prado numero 216, el señor Gerardo Gomez Gamiz sufrio una descarga electrica de 13,000 volteos mientras realizaba trabajos de construcción en el domicilio. Se reporta grabe, ya fue trasladado al hosoital 450. https://t.co/hp1le1Ly2G
1258202923055616007, 384651426, 2020-05-07T01:12:07.000Z, #Entérate Alex Lora y Gerardo Gómez Borbolla ayudarán a músicos con subasta de silla https://t.co/V95ZQJRRhZ https://t.co/lO6sMmoFDH
1258207108186734592, 363700866, 2020-05-07T01:28:45.000Z, @Gerardo_Gomez_R Que nos lo digan a Nosotros!
1258223224493690881, 82294541, 2020-05-07T02:32:48.000Z, RT @enconcreto: 👉 #EnConcretoRadio con @marielzuniga_:  Dante Teytud de @CredifielMexico; @JCostolaza de @soyccmx; Gerardo Gómez de @HIRCAS…
1258223563519266816, 82294541, 2020-05-07T02:34:08.000Z, RT @enconcreto: #EnVivo #EnConcretoContigo  Escríbenos tus dudas https://t.co/PLvmwESqbQ  En este momento nos acompaña Gerardo Gómez, Direc…
1258248309719924736, 52998787, 2020-05-07T04:12:28.000Z, Para el Cepad es urgente poner atención en que Gerardo Octavio Solís Gómez, quien fue procurador cuando la represión a la marcha altermundista, sea actualmente fiscal y que haya cero sentencias por tortura en Jalisco. (Colaboración especial de @PdPagina en EMEEQUIS). #FinDeHilo
1258250491257028611, 739609790, 2020-05-07T04:21:08.000Z, RT @emeequis: Para el Cepad es urgente poner atención en que Gerardo Octavio Solís Gómez, quien fue procurador cuando la represión a la mar…
1258255408881377280, 180892875, 2020-05-07T04:40:41.000Z, @jodabolo @saulosoriob @JoseReeinoso Difiero, la cagó con el segundo Adele. Tomó un riesgo y no resultó.   Lic en chistes - Gerardo Gomez
1258261342349336577, 96859554, 2020-05-07T05:04:16.000Z, El hilazo que se está aventando Gerardo Esquivel no tiene desperdicio. No se veía nada igual desde el hilo con todas las infidelidades de Justin Bieber a Selena Gomez. https://t.co/Fkg9UfBRSB
1258316797696045056, 91141660, 2020-05-07T08:44:37.000Z, RT @gerardo_gomez: @GracielaOlverah https://t.co/4YavtZtUu8
1258376320381267969, 841075823713124352, 2020-05-07T12:41:08.000Z, RT @gerardo_perez_s: De nuevo sobre el Real Decreto 463/2020: ¿estado de alarma o de excepción?, por Pablo Áureo Orellana Gómez https://t.c…
1258381066307547137, 1054394794305302528, 2020-05-07T13:00:00.000Z, “La labor periodística y la expresión de cualquier persona por los medios de comunicación tiene dos facetas” En #Opinión de hoy: “Sobre la libertad de expresión”, la colaboración de Gerardo Salmón Gómez para #Ecodiario #Zacatecas  https://t.co/xnnghioGs3
1258391760524492801, 147125060, 2020-05-07T13:42:30.000Z, RT @gerardo_perez_s: De nuevo sobre el Real Decreto 463/2020: ¿estado de alarma o de excepción?, por Pablo Áureo Orellana Gómez https://t.c…
1258486765586792448, 1054394794305302528, 2020-05-07T20:00:01.000Z, “La labor periodística y la expresión de cualquier persona por los medios de comunicación tiene dos facetas” En #Opinión de hoy: “Sobre la libertad de expresión”, la colaboración de Gerardo Salmón Gómez para #Ecodiario #Zacatecas https://t.co/xnnghiGhjB
1258494000484495360, 1258414617828757504, 2020-05-07T20:28:46.000Z, RT @Cristian_A27B: Trabajo de mi linda #Barichara dos maestros de la Tapia, padre e hijo, DON Climaco  Y DON Gerardo Gómez #arquitecturaent…
1258496514252582912, 346620565, 2020-05-07T20:38:45.000Z, ¿Gerardo Gómez Borbolla vio a #AlejandraGuzmán drogarse frente a #FridaSofía? #DePrimeraMano👌: https://t.co/oaYomlm1L7 https://t.co/9UjPe333wR
1258496605927456768, 923364240974417920, 2020-05-07T20:39:07.000Z, RT @deprimeramano: ¿Gerardo Gómez Borbolla vio a #AlejandraGuzmán drogarse frente a #FridaSofía? #DePrimeraMano👌: https://t.co/oaYomlm1L7 h…
1258496930465931268, 780103512155824128, 2020-05-07T20:40:24.000Z, RT @deprimeramano: ¿Gerardo Gómez Borbolla vio a #AlejandraGuzmán drogarse frente a #FridaSofía? #DePrimeraMano👌: https://t.co/oaYomlm1L7 h…
1258506889538662400, 64451201, 2020-05-07T21:19:59.000Z, RT @deprimeramano: ¿Gerardo Gómez Borbolla vio a #AlejandraGuzmán drogarse frente a #FridaSofía? #DePrimeraMano👌: https://t.co/oaYomlm1L7 h…
1258530813743738885, 725403105202839552, 2020-05-07T22:55:03.000Z, Reunión Hospital Regional Dr. Valentín Gómez Farías, "Entrega de alimentos para los familiares de pacientes ISSSTE", Dr. Alan Ulises Solano, Subdelegado Médico, Directora Dra. Miriam Eugenia Rubio; Mtro. Gerardo Hernández; Subsecretario de Educación. @ISSSTE_mx @LuisAntoRamirez https://t.co/CMYl0dhn6r
1258547297790554112, 151514912, 2020-05-08T00:00:33.000Z, ¡Mamaaaaá, apoyemos la causa!  🎸🤘   https://t.co/5afWFYrSVx
1258555780321730560, 1221216090396798976, 2020-05-08T00:34:15.000Z, @Gerardo_Gomez_R @meza82160 @PTiburona @RomarioQR @tiburoncanibal @elsemblante @insolado @WillyFPC @VictorRomero155 @SOLO_JUNIOR @Somos_Junior @elambito @Pasion1924 @JuniorClubSA Asi es.
1258556964012822529, 1152984917724131330, 2020-05-08T00:38:57.000Z, @Lunamoo89399428 @Humana2_0 @sadikholk ¿Cacarizo?  Pues mira amika, tu enojo contra Sadik te nubla el juicio, yo podré ser todo lo que tu quieras, pero cacarizo eso si que no JAJAJA me saludas a Jared Gerardo Gomez ✌🏻🤡
1258570698014052352, 346620565, 2020-05-08T01:33:32.000Z, ¿Por qué Gerardo Gómez Borbolla no sabe nada de su hija mayor? #DePrimeraMano👌: https://t.co/kyWLROvLrX https://t.co/2Z7LHhzLbg
1258596991677763589, 1007739408198578176, 2020-05-08T03:18:01.000Z, RT @daxmultimedios: Arranca @juanangel_fb programa nutricional " Semillas de Jojutla" con apoyo de Fundación Midas A.C., a cargo de Gerardo…
1258612703544905728, 3191664241, 2020-05-08T04:20:27.000Z, @elanafre @MemoriaFutbol_ @GLugo23 No, Sergio Lugo Barrón fue jugador de las Chivas, Gerardo Lugo Gomez jugó en Atlante y Cruz Azul❗️🙂
1258659191272755200, 1157837533020971009, 2020-05-08T07:25:10.000Z, ¡Mamaaaaá, apoyemos la causa!   https://t.co/aOj5x6nm1J … https://t.co/OAMR4an1na
1258675538669047808, 541131311, 2020-05-08T08:30:08.000Z, RT @gerardo_perez_s: De nuevo sobre el Real Decreto 463/2020: ¿estado de alarma o de excepción?, por Pablo Áureo Orellana Gómez https://t.c…
1258761549268869122, 1620898532, 2020-05-08T14:11:54.000Z, @JD_shoe No pero si hay algunos con carrera univdrsitaria, no todos son como cuauhtemoc blanco. Hugo Sanchez, Gerardo Torrado, Luis Michel, Alejandro Palacios, Miguel Mejía Baron, con mencion especial a Roberto Gomez Junco
1258957608511291392, 805580755829018625, 2020-05-09T03:10:58.000Z, RT @daxmultimedios: Arranca @juanangel_fb programa nutricional " Semillas de Jojutla" con apoyo de Fundación Midas A.C., a cargo de Gerardo…
1259019579059326976, 874209163, 2020-05-09T07:17:13.000Z, @Gerardo_Gomez_R Gracias... Eres tan cuidadoso como el.qie me.dijo que Kevin Spacey muere♥️
1259022980178460672, 874209163, 2020-05-09T07:30:44.000Z, Gerardooooooooo están llamando a votacioneeees  @Gerardo_Gomez_R https://t.co/U6oRpxguGm
1259059857883303936, 1151602057389989888, 2020-05-09T09:57:16.000Z, RT @img_delsilencio: Quedan 84 días para la 25º #marchadelsilencio  Pepe Vázquez, actor Gerardo Gatti Antuña, linotipista ⠀⠀⠀ © Fotografías…
1259060988495695872, 1151602057389989888, 2020-05-09T10:01:46.000Z, RT @img_delsilencio: Quedan 133 días para la 25º #marchadelsilencio  Gerardo Caetano, historiador Ada Burgueño Pereira, estudiante  © Fotog…
1259112323995906048, 2523570679, 2020-05-09T13:25:45.000Z, ¡Simplemente maravilloso! Un #Cuento de Gerardo Gómez de su Libro "En un lugar muy lejano.., dentro de ti" con ilustración de Aldo Tonelli,  música de Wally von Haus y el relato de Eva Espejo.  https://t.co/xlMnGBQonD
1259112587247190017, 874209163, 2020-05-09T13:26:48.000Z, Señores fanáticos de la guayaba y conscientes de sus propiedades juntenseeeee  Hay que voltear estos resultados.  @Gerardo_Gomez_R y https://t.co/U6oRpxguGm
1259113736545189888, 2523570679, 2020-05-09T13:31:22.000Z, ¡Simplemente maravilloso! Un #Cuento de Gerardo Gómez de su Libro "En un lugar muy lejano.., dentro de ti" con ilustración de Aldo Tonelli,  música de Wally von Haus y el relato de Eva Espejo.  https://t.co/xlMnGBQonD  #perdon
1259115443438092289, 454930865, 2020-05-09T13:38:09.000Z, RT @aljolahu: Señores fanáticos de la guayaba y conscientes de sus propiedades juntenseeeee  Hay que voltear estos resultados.  @Gerardo_Go…
1259160763111026688, 16164541, 2020-05-09T16:38:14.000Z, Gerardo Gómez: No odies Gutenberg, ¡mejóralo! Aprende cómo contribuir al desarrollo de un proyecto de software libre #WCES https://t.co/0WrfuXHVRe
1259336106283339777, 194442582, 2020-05-10T04:14:59.000Z, 🎙Te prefiero más que a nada en este mundo🥤 @Gerardo_Gomez_R
1259527532413665282, 2770494682, 2020-05-10T16:55:39.000Z, Ya pueden ir a escuchar el #Podcast de #InformáTICOS en esta sesión Gerardo Gómez y su servidor Fauricio hablan sobre el tema del momento #TeleTrabajo   También disponible en #GooglePodcast #ApplePodcast   https://t.co/OaaUGN9J6x
1259554945352622081, 52998787, 2020-05-10T18:44:35.000Z, A 16 años de la represión a la marcha altermundista de 2004, hay cero sentencias por #tortura en Jalisco. @CEPAD_AC, que nació en ese marco, pide no olvidar que el hoy fiscal Gerardo Octavio Solís Gómez era entonces el procurador estatal. @danielareaRea en colaboración @PdPagina
1259556622889652225, 40031709, 2020-05-10T18:51:14.000Z, RT @emeequis: A 16 años de la represión a la marcha altermundista de 2004, hay cero sentencias por #tortura en Jalisco. @CEPAD_AC, que naci…
1259633013102727177, 1255856290099847171, 2020-05-10T23:54:47.000Z, @fjolavarria @SRE_mx @maximilianoreyz @mborregol @EmbaChileMX @m_ebrard @Minrel_Chile @gfabianmedina @salimod Muchas gracias por su magnífico trabajo y su presencia y hacer posible lo imposible en este vuelo que participe, mi familia se los agradece también, Sr Olavarria Embajador de México en Chile y su equipo de trabajo en especial al Sr Gerardo Regalado y La Srita Ximena Gomez.
1259655618618671104, 875881771, 2020-05-11T01:24:37.000Z, Gerardo Eloy Viloria Cantillo❤ Maicol Pineda Gómez❤ Wadyn Ever Llanos Tapias❤ Yuseph De La Cruz❤ ETERNOS POR SIEMPRE MIS HERMANOS❤
1259699251174465536, 346620565, 2020-05-11T04:18:00.000Z, #LoMásVisto ¿Gerardo Gómez Borbolla vio a #AlejandraGuzmán drogarse frente a #FridaSofía? #DePrimeraMano👌: https://t.co/kyWLROea3n https://t.co/nefHvzzL49
1259726242548310017, 981956128065118209, 2020-05-11T06:05:15.000Z, RT @deprimeramano: #LoMásVisto ¿Gerardo Gómez Borbolla vio a #AlejandraGuzmán drogarse frente a #FridaSofía? #DePrimeraMano👌: https://t.co/…
1259809764667686914, 1104238802464358400, 2020-05-11T11:37:08.000Z, Buen Lunes! 🙃Te acompañamos hasta las 10:30 por Ciudad FM con 🎙 Hugo Lombardi, Susana Gomez, Hugo Videla y Raùl Gerardo Vasquez  ⛅️Pronóstico del tiempo para hoy: Algo nublado con descenso de la temperatura, vientos leves a moderados del sudeste. Máxima: 18ºC Mínima: 12ºC https://t.co/0sL1wumfI2
1259829526940483584, 135234426, 2020-05-11T12:55:40.000Z, @Gerardo_Gomez_R @RojoFenix79 @riosgonzalezp Llave James no debutó en argentina, el debutó aquí en el envigado! 👍
1259833953445388288, 1045867186496196609, 2020-05-11T13:13:15.000Z, ✳ Daiana y equipo de YPF de Cañada de Ruiz Gómez Morón (descartables, film, tenedores, bolsas) ✳ El Abastecedor y equipo de Calles Solidarias (zanahorias) ✳ Silvina Murtagh y Gerardo Quaglia (papas, cebollas, útiles) ✳ Francisco (mercadería y ropa) ✳ Adriana (pan) https://t.co/kvR0uTrygj
1259845904384884740, 135234426, 2020-05-11T14:00:45.000Z, @Gerardo_Gomez_R @RojoFenix79 @riosgonzalezp Tu lo has dicho debutó en segunda división, lo cual se considera debut profesional y no le resta su participación en el torneo colombiano👍
1259853369084186639, 455021120, 2020-05-11T14:30:24.000Z, @jaraujo7256 @Gerardo_Gomez_R @RojoFenix79 @riosgonzalezp La b no es fútbol profesional
1259896146958397441, 275821969, 2020-05-11T17:20:23.000Z, @kamilfutbol @jaraujo7256 @Gerardo_Gomez_R @RojoFenix79 @riosgonzalezp Jajajajaja que loquito
1259906666201591813, 135234426, 2020-05-11T18:02:11.000Z, @Gerardo_Gomez_R @RojoFenix79 @riosgonzalezp Entendido llave, falta de enfoque de mi parte 👍
