id, author_id, created_at, text
735702515602202633, 4179620885, 2016-05-26T05:22:03.000Z, @rayanee_t Testa Hugo Ragelli ou Coutinho no lugar de Willian. Gino no lugar de Henrique(até Romero voltar da suspensão)...
735828144289112064, 4872824129, 2016-05-26T13:41:15.000Z, Para conseguir tu número podes comunicarte con: Berra Victor Hugo, Chirino Daniel, Bucci Marcelo, Sotomayor Mario, Romero Lucas (+)
735860386038173696, 139138734, 2016-05-26T15:49:22.000Z, RT @klis_romero: Reflexión del Comandante Hugo Chávez https://t.co/tMWtlemW85 vía @YouTube
735861550083362816, 117226290, 2016-05-26T15:53:59.000Z, RT @klis_romero: Reflexión del Comandante Hugo Chávez https://t.co/tMWtlemW85 vía @YouTube
735997774332727296, 462551118, 2016-05-27T00:55:18.000Z, Esto Seria America  -Hugo -Paul -Goltz -Aguilar -Samudio -Chepe -Oswaldito -Rubens -Darwin -S.Romero -Peralta   Que Banca Tendria EQUIPAZO
736154438121967617, 236453589, 2016-05-27T11:17:49.000Z, @PapeSalazar @RadioActivaFm buenosdiaspape!! Con losojoscrsposalapega un saludo a Hugo romero k me lleva con pasienciaaltrabajo
736404355860025344, 4876680739, 2016-05-28T03:50:54.000Z, #PiedrasNegras #Policiaca  Hugo Romero Ramos se encontraba ingiriendo bebidas embriagantes en las calles de Allen... https://t.co/vZ554rHglN
736471808010915840, 363123845, 2016-05-28T08:18:56.000Z, RT @hugo_hdzc: 11:!!  @Karla_Romero7  @Katiia_Romero  @KaarenRomero7
736574257136869376, 90559397, 2016-05-28T15:06:02.000Z, I'm at Barbacoa Romero y Victor Hugo https://t.co/iCaQDm4etg
736667592232833024, 1231486832, 2016-05-28T21:16:55.000Z, Me ha gustado un vídeo de @YouTube (https://t.co/agsvF8Kpc9 - Asia 2015. Hugo Romero, acompaña a Gisela Gonzales, Campeona Mundial
736693109174771713, 1275665492, 2016-05-28T22:58:18.000Z, RT @sandro_penedo: Dr. Hugo Romero palestrante Política de Redução de Riscos e Desastres da Universidade do Chile. https://t.co/Vj77TM7wAl
737117447128518657, 498215299, 2016-05-30T03:04:29.000Z, SUB-17: Ñublense 1-3 Iberia  Goles: Rodrigo Romero (ÑUB); Joaquín Arratia, Jhon Contreras, Hugo Mardones (IBE)
737121730406277120, 2691453294, 2016-05-30T03:21:30.000Z, #SinAgua #SinLuz #SOSVzla via Hugo Romero F.
737124940680433664, 2691453294, 2016-05-30T03:34:15.000Z, #SinAgua #SinLuz #SOSVzla via Hugo Romero F. via La Chilindrina #GAR
737128761800458240, 2691453294, 2016-05-30T03:49:26.000Z, #SinAgua #SinLuz #SOSVzla via Hugo Romero F. via La Chilindrina #GAR via La Chilindrina #GAR
737132650754871296, 2691453294, 2016-05-30T04:04:53.000Z, #SinAgua #SinLuz #SOSVzla via Hugo Romero F. via La Chilindrina #GAR via La Chilindrina #GAR via La Chilindrina #GAR
737152372112248832, 2691453294, 2016-05-30T05:23:15.000Z, #SinAgua #SinLuz #SOSVzla via Hugo Romero F. via La Chilindrina #GAR via La Chilindrina #GAR via La Chilindrina #GAR via La Chilindrina #GAR
737278055878516736, 175480446, 2016-05-30T13:42:41.000Z, En MD 92.1 y AM780 dialogamos con Hugo Romero concejal FPV
737287179651698688, 267404696, 2016-05-30T14:18:56.000Z, #notasderadio Hugo Romero Cam de Comercio pide que se retrotraiga el incremento en la Habilitacion comercial. Las... https://t.co/0bQfXSdE6e
737287845023453190, 267404696, 2016-05-30T14:21:35.000Z, #notasderadio Hugo Romero Comerciante "es para asustarse la situacion, las ventas cayeron entre un 15 y un 17%" @pauesquel  @muniesquel
737288525406691328, 146025662, 2016-05-30T14:24:17.000Z, RT @fmsol947esquel: #notasderadio Hugo Romero Comerciante "es para asustarse la situacion, las ventas cayeron entre un 15 y un 17%" @pauesq…
737289112345059328, 722779966870536192, 2016-05-30T14:26:37.000Z, RT @fmsol947esquel: #notasderadio Hugo Romero Comerciante "es para asustarse la situacion, las ventas cayeron entre un 15 y un 17%" @pauesq…
737291002835304448, 733313929292701696, 2016-05-30T14:34:07.000Z, RT @fmsol947esquel: #notasderadio Hugo Romero Comerciante "es para asustarse la situacion, las ventas cayeron entre un 15 y un 17%" @pauesq…
737432071640059909, 114900611, 2016-05-30T23:54:41.000Z, Retweeted Carlos Romero (@CRomeroTachira):  Injerencia contra Venezuela busca instaurar la antidemocracia: El... https://t.co/3ESG74Aps1
737432986119987201, 245216923, 2016-05-30T23:58:19.000Z, RT @richardgamboa: Retweeted Carlos Romero (@CRomeroTachira):  Injerencia contra Venezuela busca instaurar la antidemocracia: El... https:/…
737462551848583168, 371424475, 2016-05-31T01:55:48.000Z, Marcelo Hugo la puso toda en esta apertura. Para el torneo que viene @SanLorenzo se refuerza con Matricardi y Chirola Romero
737462646132203521, 1564452439, 2016-05-31T01:56:10.000Z, RT @SANGREXENEIZE: Marcelo Hugo la puso toda en esta apertura. Para el torneo que viene @SanLorenzo se refuerza con Matricardi y Chirola Ro…
737462672652783616, 569420163, 2016-05-31T01:56:17.000Z, RT @SANGREXENEIZE: Marcelo Hugo la puso toda en esta apertura. Para el torneo que viene @SanLorenzo se refuerza con Matricardi y Chirola Ro…
737462688159281152, 1278864529, 2016-05-31T01:56:20.000Z, RT @SANGREXENEIZE: Marcelo Hugo la puso toda en esta apertura. Para el torneo que viene @SanLorenzo se refuerza con Matricardi y Chirola Ro…
737462711668314113, 371520504, 2016-05-31T01:56:26.000Z, RT @SANGREXENEIZE: Marcelo Hugo la puso toda en esta apertura. Para el torneo que viene @SanLorenzo se refuerza con Matricardi y Chirola Ro…
737462737308160000, 2576346321, 2016-05-31T01:56:32.000Z, RT @SANGREXENEIZE: Marcelo Hugo la puso toda en esta apertura. Para el torneo que viene @SanLorenzo se refuerza con Matricardi y Chirola Ro…
737462852387262464, 138103126, 2016-05-31T01:57:00.000Z, RT @SANGREXENEIZE: Marcelo Hugo la puso toda en esta apertura. Para el torneo que viene @SanLorenzo se refuerza con Matricardi y Chirola Ro…
737462926982942720, 306420053, 2016-05-31T01:57:17.000Z, RT @SANGREXENEIZE: Marcelo Hugo la puso toda en esta apertura. Para el torneo que viene @SanLorenzo se refuerza con Matricardi y Chirola Ro…
737463025687465984, 1626966810, 2016-05-31T01:57:41.000Z, RT @SANGREXENEIZE: Marcelo Hugo la puso toda en esta apertura. Para el torneo que viene @SanLorenzo se refuerza con Matricardi y Chirola Ro…
737463061532037120, 1733267042, 2016-05-31T01:57:49.000Z, RT @SANGREXENEIZE: Marcelo Hugo la puso toda en esta apertura. Para el torneo que viene @SanLorenzo se refuerza con Matricardi y Chirola Ro…
737463091714215936, 988882699, 2016-05-31T01:57:57.000Z, RT @SANGREXENEIZE: Marcelo Hugo la puso toda en esta apertura. Para el torneo que viene @SanLorenzo se refuerza con Matricardi y Chirola Ro…
737463176493694977, 212072548, 2016-05-31T01:58:17.000Z, RT @SANGREXENEIZE: Marcelo Hugo la puso toda en esta apertura. Para el torneo que viene @SanLorenzo se refuerza con Matricardi y Chirola Ro…
737463217367158784, 3082951585, 2016-05-31T01:58:27.000Z, RT @SANGREXENEIZE: Marcelo Hugo la puso toda en esta apertura. Para el torneo que viene @SanLorenzo se refuerza con Matricardi y Chirola Ro…
737463275617718272, 271966042, 2016-05-31T01:58:40.000Z, RT @SANGREXENEIZE: Marcelo Hugo la puso toda en esta apertura. Para el torneo que viene @SanLorenzo se refuerza con Matricardi y Chirola Ro…
737463339069132801, 354561397, 2016-05-31T01:58:56.000Z, RT @SANGREXENEIZE: Marcelo Hugo la puso toda en esta apertura. Para el torneo que viene @SanLorenzo se refuerza con Matricardi y Chirola Ro…
737463404252762113, 3130189137, 2016-05-31T01:59:11.000Z, RT @SANGREXENEIZE: Marcelo Hugo la puso toda en esta apertura. Para el torneo que viene @SanLorenzo se refuerza con Matricardi y Chirola Ro…
737463576013746176, 969130424, 2016-05-31T01:59:52.000Z, RT @SANGREXENEIZE: Marcelo Hugo la puso toda en esta apertura. Para el torneo que viene @SanLorenzo se refuerza con Matricardi y Chirola Ro…
737463603981258753, 2328570930, 2016-05-31T01:59:59.000Z, RT @SANGREXENEIZE: Marcelo Hugo la puso toda en esta apertura. Para el torneo que viene @SanLorenzo se refuerza con Matricardi y Chirola Ro…
737463837260173312, 613741556, 2016-05-31T02:00:54.000Z, RT @SANGREXENEIZE: Marcelo Hugo la puso toda en esta apertura. Para el torneo que viene @SanLorenzo se refuerza con Matricardi y Chirola Ro…
737463910161362944, 2151810338, 2016-05-31T02:01:12.000Z, RT @SANGREXENEIZE: Marcelo Hugo la puso toda en esta apertura. Para el torneo que viene @SanLorenzo se refuerza con Matricardi y Chirola Ro…
737464020144390144, 2925658415, 2016-05-31T02:01:38.000Z, RT @SANGREXENEIZE: Marcelo Hugo la puso toda en esta apertura. Para el torneo que viene @SanLorenzo se refuerza con Matricardi y Chirola Ro…
737464371094380544, 468481693, 2016-05-31T02:03:02.000Z, RT @SANGREXENEIZE: Marcelo Hugo la puso toda en esta apertura. Para el torneo que viene @SanLorenzo se refuerza con Matricardi y Chirola Ro…
737464392183386112, 4228108934, 2016-05-31T02:03:07.000Z, RT @SANGREXENEIZE: Marcelo Hugo la puso toda en esta apertura. Para el torneo que viene @SanLorenzo se refuerza con Matricardi y Chirola Ro…
737465134092816384, 1968775740, 2016-05-31T02:06:04.000Z, RT @SANGREXENEIZE: Marcelo Hugo la puso toda en esta apertura. Para el torneo que viene @SanLorenzo se refuerza con Matricardi y Chirola Ro…
737467309720240128, 254374448, 2016-05-31T02:14:42.000Z, RT @SANGREXENEIZE: Marcelo Hugo la puso toda en esta apertura. Para el torneo que viene @SanLorenzo se refuerza con Matricardi y Chirola Ro…
737469080316313600, 880622539, 2016-05-31T02:21:44.000Z, RT @SANGREXENEIZE: Marcelo Hugo la puso toda en esta apertura. Para el torneo que viene @SanLorenzo se refuerza con Matricardi y Chirola Ro…
737470568384110595, 2868128535, 2016-05-31T02:27:39.000Z, RT @SANGREXENEIZE: Marcelo Hugo la puso toda en esta apertura. Para el torneo que viene @SanLorenzo se refuerza con Matricardi y Chirola Ro…
737518098052321282, 875933365, 2016-05-31T05:36:31.000Z, RT @SANGREXENEIZE: Marcelo Hugo la puso toda en esta apertura. Para el torneo que viene @SanLorenzo se refuerza con Matricardi y Chirola Ro…
737572883698851841, 1127318954, 2016-05-31T09:14:13.000Z, RT @SANGREXENEIZE: Marcelo Hugo la puso toda en esta apertura. Para el torneo que viene @SanLorenzo se refuerza con Matricardi y Chirola Ro…
737611146933374980, 2274816157, 2016-05-31T11:46:16.000Z, https://t.co/N4fHt6lEfh
737628816970027013, 601379921, 2016-05-31T12:56:29.000Z, RT @SANGREXENEIZE: Marcelo Hugo la puso toda en esta apertura. Para el torneo que viene @SanLorenzo se refuerza con Matricardi y Chirola Ro…
737662676675989504, 2274816157, 2016-05-31T15:11:01.000Z, https://t.co/YYNS9A61y9
737662769223376896, 2274816157, 2016-05-31T15:11:23.000Z, https://t.co/2cyFsywta9
737662825447968768, 2274816157, 2016-05-31T15:11:37.000Z, https://t.co/ZKBUODFww7
737662983317389312, 2274816157, 2016-05-31T15:12:14.000Z, https://t.co/22bj1O2Cv3
737663174351130624, 2274816157, 2016-05-31T15:13:00.000Z, https://t.co/Z7X1JB7oEB
738066189243424769, 696141171374993408, 2016-06-01T17:54:26.000Z, El amparo de Ramon Hugo Gonzalez (gente de Roberto Romero) le sobreseen amparo vs Fiscalía Anticorrupción @ABN58 @Samvalor @IselaHong ¡RT!
738092579531591681, 321785165, 2016-06-01T19:39:18.000Z, RT @ricardo_margain: El amparo de Ramon Hugo Gonzalez (gente de Roberto Romero) le sobreseen amparo vs Fiscalía Anticorrupción @ABN58 @Samv…
738100399752794113, 1578957056, 2016-06-01T20:10:23.000Z, I'll keep cheering for Michigan in the #WCWS but I hope Georgia does well too. SRs Alex Hugo and Sierra Romero are my 2 fav's #lastchance
738135826270294017, 386897699, 2016-06-01T22:31:09.000Z, RT @ricardo_margain: El amparo de Ramon Hugo Gonzalez (gente de Roberto Romero) le sobreseen amparo vs Fiscalía Anticorrupción @ABN58 @Samv…
738153604368846848, 363123845, 2016-06-01T23:41:48.000Z, RT @hugo_hdzc: @Karla_Romero7  @Katiia_Romero  @KaarenRomero7  buen miercoles  amigas cuidense
738153660236992512, 363123845, 2016-06-01T23:42:01.000Z, @hugo_hdzc @Katiia_Romero @KaarenRomero7 Cuídate hugito! ☺️
738168281723375617, 570849797, 2016-06-02T00:40:07.000Z, Placer bailar con ellos 🙌🏽 joe_.romero @belennoelig flrncisea coreo del groso @matinapp @ Hugo… https://t.co/IX3JoRwI8f
738415024582991872, 744265446, 2016-06-02T17:00:35.000Z, Ya que estoy con el "mame" de las alineaciones... 1.Hugo 2.Goltz 3.Buron 4.Valdéz 5.Molina 6.Samudio 7.William 8.Lozano 9.Romero 10. Osvaldo
738455077698965504, 254225921, 2016-06-02T19:39:45.000Z, UNA GRAN ACCION y UN GRAN EJEMPLO EN LAS PALMAS CHACO. El Concejal de Las Palmas, Víctor Hugo Romero (Tocino) de... https://t.co/YtoeoGt3eS
738493584286978048, 462126025, 2016-06-02T22:12:45.000Z, ha terminado una Runtastic carrera de 3,02 km en 22m 35s con #Runtastic PRO App: https://t.co/7qh8Q9XMEf
738582867261849600, 254225921, 2016-06-03T04:07:32.000Z, El Tábano TV&amp;Radio .- NOTA AL CONCEJAL VICTOR HUGO (TOCINO) ROMERO https://t.co/8vddDXr1an
738583068944961536, 286124242, 2016-06-03T04:08:20.000Z, El Tábano TV&amp;Radio .- NOTA AL CONCEJAL VICTOR HUGO (TOCINO) ROMERO: https://t.co/CbEL1NBPZW via @YouTube
738806924939001856, 703400925881307136, 2016-06-03T18:57:51.000Z, Se aprobó el proyecto impulsado por el Concejal Hugo Romero sobre el Fondo del Deporte. - https://t.co/SNOFV8Jb4d https://t.co/B0NdO8hBOt
738814825812393984, 792126205, 2016-06-03T19:29:15.000Z, 15' PT Gol de Libertad ⚽ ¡Hugo Romero! Cerro Porteño 0-1 Libertad #FormativasSub20 #Fecha19  ¡Vamos Ciclón!
738816001341595649, 12664, 2016-06-03T19:33:55.000Z, С един приятел @SSavchev си говоря, че превъртях интернет в този му вид. Jordan Mechner, John Romero, Hugo Bara и Skrillex сме си писали...
738852963905589248, 2986004217, 2016-06-03T22:00:48.000Z, IMPULSADA POR EL CONCEJAL HUGO ROMERO (FPV) Vuoto: “Celebramos la creación del fondo del deporte” https://t.co/pI4tHyLZvv
738859449822117888, 248190234, 2016-06-03T22:26:34.000Z, @TigoSportsPY @rockandgol955 #RockangGOLTV Hugo Romero 077... por las camisetas
738886930226544640, 479671534, 2016-06-04T00:15:46.000Z, Feliz cumpleaños a nuestro queridísimo Hugo Romero, su gran pasión por la marinera y por la vida nos alegra cada... https://t.co/huk30Ko4Eh
738889385337192448, 479671534, 2016-06-04T00:25:32.000Z, Feliz cumpleaños a nuestro queridísimo Hugo Romero, su gran pasión por la marinera y por la vida nos alegra cada... https://t.co/ywk57TlBmm
739075252639129600, 555621382, 2016-06-04T12:44:06.000Z, #NEWS   El Concejal Hugo Romero, impulsor del proyecto en la 4ta sesión   El proyecto presentado por el concejal... https://t.co/hvQb5X77Fy
739134223173423104, 325204032, 2016-06-04T16:38:25.000Z, INFERIORES | Fecha19 #Sub20 Cerro Porteño 2-3 #Libertad Goles: Edgar Villalba, Hugo Romero, Leandro Flecha (L)
739141256593309696, 384986089, 2016-06-04T17:06:22.000Z, Hugo "El Inmortal" Romero....
739201350953766913, 248190234, 2016-06-04T21:05:10.000Z, @Ovacion650py Hugo Romero 077
739207203601670144, 605911568, 2016-06-04T21:28:25.000Z, I can't wait to watch Hugo and Romero play tonight 😍😭
739248692234833922, 104061860, 2016-06-05T00:13:17.000Z, Hugo Rodríguez o Jordan Silva  Central volante Jefferson Montero Contencion Molina y Delantero Romero @ClubAmerica en mi opinión
739260145960505344, 250304990, 2016-06-05T00:58:48.000Z, Vía @Hugo "McPato" Romero https://t.co/YtFtIugZGm
739265186503270400, 3185118701, 2016-06-05T01:18:50.000Z, ALEX HUGO AND SIERRA ROMERO ARE THE GOATS
739266574234718208, 536988231, 2016-06-05T01:24:20.000Z, RT @16TITULOSDELIGA: Hugo Rodríguez o Jordan Silva  Central volante Jefferson Montero Contencion Molina y Delantero Romero @ClubAmerica en…
739267017816059904, 3656546369, 2016-06-05T01:26:06.000Z, RT @isabellabrooks_: ALEX HUGO AND SIERRA ROMERO ARE THE GOATS
739286629194584064, 3009444545, 2016-06-05T02:44:02.000Z, RT @isabellabrooks_: ALEX HUGO AND SIERRA ROMERO ARE THE GOATS
739341888008814592, 144638444, 2016-06-05T06:23:37.000Z, If I don't get Romero or Hugo's autograph tomorrow or if they both lose I'm going to cry a river
739501693524684800, 136308887, 2016-06-05T16:58:37.000Z, Víctor Hugo Romero @vhromero666 analiza el populismo de Trump.  https://t.co/V08Z3EfXfG
739666875668275200, 116084395, 2016-06-06T03:55:00.000Z, #America 2016-2017 #Centenario  Hugo  Paul, Goltz, Pablo, Bruno Valdez  Molina, Osvaldito  Carlos Vela, Silvio Romero, Rubens  Cepillo
739681053376282624, 255681446, 2016-06-06T04:51:20.000Z, En las Barrancas de Pinal de Amoles Jen Dva Polen Juan Antonio Romero Nieto Hugo Ramirez Mendez y el rescata hormigas
739769660044902405, 262628608, 2016-06-06T10:43:25.000Z, Carrera Hortaleza #TrofeoBMP Clasificación masculina absoluta 5km 1º Daniel Romero 2º Roberto Méndez 3º Hugo Bravo https://t.co/EIV2TAdcKw
739778742386601984, 2471731120, 2016-06-06T11:19:31.000Z, RT @BlasMendezPonce: Carrera Hortaleza #TrofeoBMP Clasificación masculina absoluta 5km 1º Daniel Romero 2º Roberto Méndez 3º Hugo Bravo htt…
739782979032121345, 236453589, 2016-06-06T11:36:21.000Z, Wenos días estamos,en un taco en la carretera del sol saludos al Hugo Romero que va manejando #loquieromucho
739848853298511872, 3302456039, 2016-06-06T15:58:07.000Z, Alex Hugo and Sierra Romero will always be my two favorite players ❤️⚾️ @16newt @Sierrajoy32
739906433290895360, 845956658, 2016-06-06T19:46:55.000Z, Hugo, Paul A., Pablito, Valdez, Samudio, Molina, Sambueza, Martinez, Quintero, Oribe y Romero @MarcoVargas @Luisitno @Rubram25 que opinan?
739925319910580224, 3307046110, 2016-06-06T21:01:58.000Z, RT @klis_romero: Reflexión del Comandante Hugo Chávez https://t.co/tMWtlemW85 vía @YouTube
740002350497140736, 146941448, 2016-06-07T02:08:03.000Z, Resultados qualy US Open: Martin Ureta 73-71, Hugo Leon 75-72; Villegas 73-70; Ortiz 66-66 (C), Romero 72-68, Mechereffe 72-71, (sigue)
740009924692955136, 506434809, 2016-06-07T02:38:09.000Z, Amazing save de Tiny Romero luego de que Hugo FM, el mellizo maldito criado a cabezas de pescado, soltara el balón en las yardas bajas. 0-0.
740010007224287233, 1151648748, 2016-06-07T02:38:29.000Z, RT @NFLPARATODOS: Amazing save de Tiny Romero luego de que Hugo FM, el mellizo maldito criado a cabezas de pescado, soltara el balón en las…
740010015260610560, 15190448, 2016-06-07T02:38:31.000Z, RT @NFLPARATODOS: Amazing save de Tiny Romero luego de que Hugo FM, el mellizo maldito criado a cabezas de pescado, soltara el balón en las…
740010018569891840, 383498598, 2016-06-07T02:38:31.000Z, RT @NFLPARATODOS: Amazing save de Tiny Romero luego de que Hugo FM, el mellizo maldito criado a cabezas de pescado, soltara el balón en las…
740010023942815744, 99855207, 2016-06-07T02:38:33.000Z, RT @NFLPARATODOS: Amazing save de Tiny Romero luego de que Hugo FM, el mellizo maldito criado a cabezas de pescado, soltara el balón en las…
740010055941140480, 39376746, 2016-06-07T02:38:40.000Z, RT @NFLPARATODOS: Amazing save de Tiny Romero luego de que Hugo FM, el mellizo maldito criado a cabezas de pescado, soltara el balón en las…
740010072793853952, 1053417416, 2016-06-07T02:38:44.000Z, RT @NFLPARATODOS: Amazing save de Tiny Romero luego de que Hugo FM, el mellizo maldito criado a cabezas de pescado, soltara el balón en las…
740010086190440448, 1628428602, 2016-06-07T02:38:47.000Z, RT @NFLPARATODOS: Amazing save de Tiny Romero luego de que Hugo FM, el mellizo maldito criado a cabezas de pescado, soltara el balón en las…
740010092456775681, 981478291, 2016-06-07T02:38:49.000Z, RT @NFLPARATODOS: Amazing save de Tiny Romero luego de que Hugo FM, el mellizo maldito criado a cabezas de pescado, soltara el balón en las…
740010093543067648, 339939262, 2016-06-07T02:38:49.000Z, RT @NFLPARATODOS: Amazing save de Tiny Romero luego de que Hugo FM, el mellizo maldito criado a cabezas de pescado, soltara el balón en las…
740010123070967808, 825991555, 2016-06-07T02:38:56.000Z, RT @NFLPARATODOS: Amazing save de Tiny Romero luego de que Hugo FM, el mellizo maldito criado a cabezas de pescado, soltara el balón en las…
740010124006313984, 171841954, 2016-06-07T02:38:56.000Z, RT @NFLPARATODOS: Amazing save de Tiny Romero luego de que Hugo FM, el mellizo maldito criado a cabezas de pescado, soltara el balón en las…
740010152598835200, 307715477, 2016-06-07T02:39:03.000Z, RT @NFLPARATODOS: Amazing save de Tiny Romero luego de que Hugo FM, el mellizo maldito criado a cabezas de pescado, soltara el balón en las…
740010166481997824, 66512538, 2016-06-07T02:39:07.000Z, RT @NFLPARATODOS: Amazing save de Tiny Romero luego de que Hugo FM, el mellizo maldito criado a cabezas de pescado, soltara el balón en las…
740010172001701888, 932867239, 2016-06-07T02:39:08.000Z, RT @NFLPARATODOS: Amazing save de Tiny Romero luego de que Hugo FM, el mellizo maldito criado a cabezas de pescado, soltara el balón en las…
740010269242470400, 158576331, 2016-06-07T02:39:31.000Z, RT @NFLPARATODOS: Amazing save de Tiny Romero luego de que Hugo FM, el mellizo maldito criado a cabezas de pescado, soltara el balón en las…
740010288104235008, 993722305, 2016-06-07T02:39:36.000Z, RT @NFLPARATODOS: Amazing save de Tiny Romero luego de que Hugo FM, el mellizo maldito criado a cabezas de pescado, soltara el balón en las…
740010330219249664, 1433994300, 2016-06-07T02:39:46.000Z, RT @NFLPARATODOS: Amazing save de Tiny Romero luego de que Hugo FM, el mellizo maldito criado a cabezas de pescado, soltara el balón en las…
740010351715028992, 290330810, 2016-06-07T02:39:51.000Z, RT @NFLPARATODOS: Amazing save de Tiny Romero luego de que Hugo FM, el mellizo maldito criado a cabezas de pescado, soltara el balón en las…
740010444526616577, 51135872, 2016-06-07T02:40:13.000Z, RT @NFLPARATODOS: Amazing save de Tiny Romero luego de que Hugo FM, el mellizo maldito criado a cabezas de pescado, soltara el balón en las…
740010455905734656, 103738540, 2016-06-07T02:40:16.000Z, RT @NFLPARATODOS: Amazing save de Tiny Romero luego de que Hugo FM, el mellizo maldito criado a cabezas de pescado, soltara el balón en las…
740010458883710977, 1621685940, 2016-06-07T02:40:16.000Z, RT @NFLPARATODOS: Amazing save de Tiny Romero luego de que Hugo FM, el mellizo maldito criado a cabezas de pescado, soltara el balón en las…
740010659182698496, 4916901095, 2016-06-07T02:41:04.000Z, RT @NFLPARATODOS: Amazing save de Tiny Romero luego de que Hugo FM, el mellizo maldito criado a cabezas de pescado, soltara el balón en las…
740010774953873409, 95688388, 2016-06-07T02:41:32.000Z, RT @NFLPARATODOS: Amazing save de Tiny Romero luego de que Hugo FM, el mellizo maldito criado a cabezas de pescado, soltara el balón en las…
740010802908925952, 956153696, 2016-06-07T02:41:38.000Z, RT @NFLPARATODOS: Amazing save de Tiny Romero luego de que Hugo FM, el mellizo maldito criado a cabezas de pescado, soltara el balón en las…
740010823473594368, 1359565969, 2016-06-07T02:41:43.000Z, RT @NFLPARATODOS: Amazing save de Tiny Romero luego de que Hugo FM, el mellizo maldito criado a cabezas de pescado, soltara el balón en las…
740010837398687745, 291813551, 2016-06-07T02:41:47.000Z, RT @NFLPARATODOS: Amazing save de Tiny Romero luego de que Hugo FM, el mellizo maldito criado a cabezas de pescado, soltara el balón en las…
740010894395092992, 418079385, 2016-06-07T02:42:00.000Z, RT @NFLPARATODOS: Amazing save de Tiny Romero luego de que Hugo FM, el mellizo maldito criado a cabezas de pescado, soltara el balón en las…
740011004088750080, 390152228, 2016-06-07T02:42:26.000Z, RT @NFLPARATODOS: Amazing save de Tiny Romero luego de que Hugo FM, el mellizo maldito criado a cabezas de pescado, soltara el balón en las…
740011013148397568, 106441099, 2016-06-07T02:42:28.000Z, RT @NFLPARATODOS: Amazing save de Tiny Romero luego de que Hugo FM, el mellizo maldito criado a cabezas de pescado, soltara el balón en las…
740011044635021312, 828155695, 2016-06-07T02:42:36.000Z, RT @NFLPARATODOS: Amazing save de Tiny Romero luego de que Hugo FM, el mellizo maldito criado a cabezas de pescado, soltara el balón en las…
740011093200887808, 629908492, 2016-06-07T02:42:48.000Z, RT @NFLPARATODOS: Amazing save de Tiny Romero luego de que Hugo FM, el mellizo maldito criado a cabezas de pescado, soltara el balón en las…
740011187933487104, 209351778, 2016-06-07T02:43:10.000Z, RT @NFLPARATODOS: Amazing save de Tiny Romero luego de que Hugo FM, el mellizo maldito criado a cabezas de pescado, soltara el balón en las…
740011213820710912, 515625740, 2016-06-07T02:43:16.000Z, RT @NFLPARATODOS: Amazing save de Tiny Romero luego de que Hugo FM, el mellizo maldito criado a cabezas de pescado, soltara el balón en las…
740011316480475136, 426361170, 2016-06-07T02:43:41.000Z, RT @NFLPARATODOS: Amazing save de Tiny Romero luego de que Hugo FM, el mellizo maldito criado a cabezas de pescado, soltara el balón en las…
740011316811845633, 130738754, 2016-06-07T02:43:41.000Z, RT @NFLPARATODOS: Amazing save de Tiny Romero luego de que Hugo FM, el mellizo maldito criado a cabezas de pescado, soltara el balón en las…
740011387372605440, 378017054, 2016-06-07T02:43:58.000Z, RT @NFLPARATODOS: Amazing save de Tiny Romero luego de que Hugo FM, el mellizo maldito criado a cabezas de pescado, soltara el balón en las…
740011411930284032, 172309885, 2016-06-07T02:44:04.000Z, #CopaAmericaDIRECTVArgentina el comentario de JP sobre Romero me hizo acordar lo que Victor Hugo decía de Chilavert. Hace fácil lo difícil
740011521242189828, 250431196, 2016-06-07T02:44:30.000Z, RT @NFLPARATODOS: Amazing save de Tiny Romero luego de que Hugo FM, el mellizo maldito criado a cabezas de pescado, soltara el balón en las…
740011821734596608, 1372614950, 2016-06-07T02:45:41.000Z, RT @NFLPARATODOS: Amazing save de Tiny Romero luego de que Hugo FM, el mellizo maldito criado a cabezas de pescado, soltara el balón en las…
740012286262317056, 431211621, 2016-06-07T02:47:32.000Z, RT @NFLPARATODOS: Amazing save de Tiny Romero luego de que Hugo FM, el mellizo maldito criado a cabezas de pescado, soltara el balón en las…
740012606589636609, 360435513, 2016-06-07T02:48:48.000Z, RT @NFLPARATODOS: Amazing save de Tiny Romero luego de que Hugo FM, el mellizo maldito criado a cabezas de pescado, soltara el balón en las…
740012822168502272, 3153114863, 2016-06-07T02:49:40.000Z, RT @NFLPARATODOS: Amazing save de Tiny Romero luego de que Hugo FM, el mellizo maldito criado a cabezas de pescado, soltara el balón en las…
740012997654007808, 239202337, 2016-06-07T02:50:22.000Z, RT @NFLPARATODOS: Amazing save de Tiny Romero luego de que Hugo FM, el mellizo maldito criado a cabezas de pescado, soltara el balón en las…
740013056277786624, 4495763723, 2016-06-07T02:50:36.000Z, RT @NFLPARATODOS: Amazing save de Tiny Romero luego de que Hugo FM, el mellizo maldito criado a cabezas de pescado, soltara el balón en las…
740013287102910464, 34490135, 2016-06-07T02:51:31.000Z, RT @NFLPARATODOS: Amazing save de Tiny Romero luego de que Hugo FM, el mellizo maldito criado a cabezas de pescado, soltara el balón en las…
740013801668550656, 205581022, 2016-06-07T02:53:33.000Z, RT @NFLPARATODOS: Amazing save de Tiny Romero luego de que Hugo FM, el mellizo maldito criado a cabezas de pescado, soltara el balón en las…
740013827538964481, 153166929, 2016-06-07T02:53:39.000Z, RT @NFLPARATODOS: Amazing save de Tiny Romero luego de que Hugo FM, el mellizo maldito criado a cabezas de pescado, soltara el balón en las…
740014647009480704, 1651342261, 2016-06-07T02:56:55.000Z, RT @NFLPARATODOS: Amazing save de Tiny Romero luego de que Hugo FM, el mellizo maldito criado a cabezas de pescado, soltara el balón en las…
740014750172581893, 584428691, 2016-06-07T02:57:19.000Z, RT @NFLPARATODOS: Amazing save de Tiny Romero luego de que Hugo FM, el mellizo maldito criado a cabezas de pescado, soltara el balón en las…
740014995044438016, 1332716174, 2016-06-07T02:58:18.000Z, RT @NFLPARATODOS: Amazing save de Tiny Romero luego de que Hugo FM, el mellizo maldito criado a cabezas de pescado, soltara el balón en las…
740015079165448192, 754089072, 2016-06-07T02:58:38.000Z, RT @NFLPARATODOS: Amazing save de Tiny Romero luego de que Hugo FM, el mellizo maldito criado a cabezas de pescado, soltara el balón en las…
740015807556521984, 529806690, 2016-06-07T03:01:32.000Z, RT @NFLPARATODOS: Amazing save de Tiny Romero luego de que Hugo FM, el mellizo maldito criado a cabezas de pescado, soltara el balón en las…
740017076929241088, 132766495, 2016-06-07T03:06:34.000Z, RT @NFLPARATODOS: Amazing save de Tiny Romero luego de que Hugo FM, el mellizo maldito criado a cabezas de pescado, soltara el balón en las…
740018026330902528, 351114702, 2016-06-07T03:10:21.000Z, RT @NFLPARATODOS: Amazing save de Tiny Romero luego de que Hugo FM, el mellizo maldito criado a cabezas de pescado, soltara el balón en las…
740019350334283776, 472688702, 2016-06-07T03:15:36.000Z, RT @NFLPARATODOS: Amazing save de Tiny Romero luego de que Hugo FM, el mellizo maldito criado a cabezas de pescado, soltara el balón en las…
740031697178267648, 832474806, 2016-06-07T04:04:40.000Z, RT @NFLPARATODOS: Amazing save de Tiny Romero luego de que Hugo FM, el mellizo maldito criado a cabezas de pescado, soltara el balón en las…
740034874648592390, 288351826, 2016-06-07T04:17:17.000Z, RT @NFLPARATODOS: Amazing save de Tiny Romero luego de que Hugo FM, el mellizo maldito criado a cabezas de pescado, soltara el balón en las…
740073865842438144, 162636508, 2016-06-07T06:52:14.000Z, RT @NFLPARATODOS: Amazing save de Tiny Romero luego de que Hugo FM, el mellizo maldito criado a cabezas de pescado, soltara el balón en las…
740076333028368384, 739250256991264768, 2016-06-07T07:02:02.000Z, VICTOR HUGO ROMERO https://t.co/J6l7HkPVnz vía @YouTube
740164763427147776, 3066082811, 2016-06-07T12:53:25.000Z, My new sounds: LLamada - Hugo Romero(07/06/2016) https://t.co/InpW8sKWXI on #SoundCloud
740190297414631424, 175480446, 2016-06-07T14:34:53.000Z, En MD, x la 92.1 y AM780 dialogamos con Hugo Romero concejal FPV
740210113923981312, 423627782, 2016-06-07T15:53:38.000Z, RT @NFLPARATODOS: Amazing save de Tiny Romero luego de que Hugo FM, el mellizo maldito criado a cabezas de pescado, soltara el balón en las…
740211106015281154, 626866130, 2016-06-07T15:57:34.000Z, Hugo Barrera: ¿Cómo hay para vehículos blindados para un pinche funcionario y no hay medicinas? por Fernando Romero https://t.co/rzOeECmFX1
740277471682134017, 248190234, 2016-06-07T20:21:17.000Z, @LaUnionAM800 @Albirroja @celsonunez gana Paraguay.. gol de Lezcano.. por la pelota. Hugo Romero 077
740281445244145666, 555621382, 2016-06-07T20:37:04.000Z, #NEWS   El concejal Hugo Romero (FPV) destacó la creación del Fondo Municipal del Deporte en la última sesión... https://t.co/7ViG65u95Q
740292580034904064, 447532727, 2016-06-07T21:21:19.000Z, RT @hugo_v15: Tiene que jugar Almiron y Romero sea como sea @oscar_marandu @ArturoMRubin soy Olimpista aca no tiene nada que ver el club
740309481846898688, 358570516, 2016-06-07T22:28:29.000Z, @maclorena @adripuppo @puppotenis @eltatoyoung hoy no es el día d la prensa terrorista.hoy eseldia del periodismo.Navarro,Romero,Victor Hugo
740372733633146880, 335544657, 2016-06-08T02:39:49.000Z, RT @NFLPARATODOS: Amazing save de Tiny Romero luego de que Hugo FM, el mellizo maldito criado a cabezas de pescado, soltara el balón en las…
740386109184565253, 278736869, 2016-06-08T03:32:58.000Z, @pepsinono gran robo de Hugo Cordero, penal de Camilo Romero a chilena Montes
740587113863778304, 541258217, 2016-06-08T16:51:42.000Z, @ClubAmerica  #DraftLigaMX 11: Hugo, Paul,Valdez,Pablo,Samudio Molina,Chpo Montes (contención) Pulpo (o Sosa), Sambu Romero ,E.Triverio
740594450007621633, 116084395, 2016-06-08T17:20:51.000Z, #América #Centenario 2016-2017:   Hugo  Paul, Goltz, Pablo, Bruno Valdez  Chepe, Osvaldito  Gabriel Hachen, Silvio Romero, Rubens  Cepillo
740607325879324672, 626866130, 2016-06-08T18:12:00.000Z, Hugo Barrera: ¿Cómo hay para vehículos blindados para un pinche funcionario y no hay medicinas? por Fernando Romero https://t.co/bgEuzJAnDS
740695584617680896, 701049991389908994, 2016-06-09T00:02:43.000Z, Ademas estaran Hugo Canal Bialy acompañado por Pablo Romero y luego el Concejal de Cambiemos Carlos Albertella.
740736662750126085, 3727931536, 2016-06-09T02:45:57.000Z, @moncadajorge @absalon78 @SraLozano26 aldrete, hugo rdz, calderon, rifle, romero, cabrera, dedos, gallo... Le sigo?
740739215579746304, 3727931536, 2016-06-09T02:56:05.000Z, @moncadajorge @absalon78 @SraLozano26 silvio romero vs neri? Hugo rdz vs mier? Dedos lopez vs efraín? Gallo vazquez vs candido?
740811938725306368, 19963431, 2016-06-09T07:45:04.000Z, Amaia Salamanca, Vanesa Romero o Hugo Silva, veraniegos en la noche madrileña https://t.co/IEGFJf9Frn https://t.co/CGqqxv9cQv
740812554067410949, 703913984399962112, 2016-06-09T07:47:31.000Z, Amaia Salamanca, Vanesa Romero o Hugo Silva, veraniegos en la noche madrileña https://t.co/LEsFrYT3BZ https://t.co/jlmtDD2MK0
740812645478092800, 730829773514125312, 2016-06-09T07:47:52.000Z, elle_es: Amaia Salamanca, Vanesa Romero o Hugo Silva, veraniegos en la noche madrileña https://t.co/OU9zZyePWM https://t.co/IQ5Klm0Q35
740814171433017348, 898049034, 2016-06-09T07:53:56.000Z, Amaia Salamanca, Vanesa Romero o Hugo Silva, veraniegos en la noche madrileña … https://t.co/wbCzzlKQ3r https://t.co/ktlvlkc9Wv
740814185530068992, 710400769661538304, 2016-06-09T07:54:00.000Z, Amaia Salamanca, Vanesa Romero o Hugo Silva, veraniegos en la noche madrileña https://t.co/qtKCcqdBwT https://t.co/QPY0M9PGES
740816285718700032, 972177265, 2016-06-09T08:02:20.000Z, Amaia Salamanca, Vanesa Romero o Hugo Silva, veraniegos en la noche madrileña https://t.co/TahvP95zw8   https://t.co/nL37z0MFsO
740816411229065216, 732630581742338049, 2016-06-09T08:02:50.000Z, elle_es: Amaia Salamanca, Vanesa Romero o Hugo Silva, veraniegos en la noche madrileña https://t.co/2kcqe4uTGa https://t.co/bvK9gm6q7C
740816427200958466, 703886877506535426, 2016-06-09T08:02:54.000Z, Amaia Salamanca, Vanesa Romero o Hugo Silva, veraniegos en la noche madrileña https://t.co/XuwZhQqsuP https://t.co/47LopGxqPO
740817615447334912, 4493130015, 2016-06-09T08:07:37.000Z, Amaia Salamanca, Vanesa Romero o Hugo Silva, veraniegos en la noche madrileña https://t.co/v1CCRpKvmi https://t.co/Q0tJkA9Xbe
740819321857974273, 732869472881651712, 2016-06-09T08:14:24.000Z, RT @elle_es: Amaia Salamanca, Vanesa Romero o Hugo Silva, veraniegos en la noche madrileña https://t.co/IEGFJf9Frn https://t.co/CGqqxv9cQv
740819853448204288, 3624544036, 2016-06-09T08:16:31.000Z, Chic: Fiesta de presentación del nuevo Seat Ateca - Celebrities como Amaia Salamanca, Vanesa Romero, Hugo Silva... https://t.co/JUiUZdcXjO
740823578866798596, 334799806, 2016-06-09T08:31:19.000Z, Fiesta de presentación del nuevo Seat Ateca: Celebrities como Amaia Salamanca, Vanesa Romero, Hugo Silva o Pa... https://t.co/aer4dg7CvL
740823584571072512, 2368834904, 2016-06-09T08:31:21.000Z, Fiesta de presentación del nuevo Seat Ateca: Celebrities como Amaia Salamanca, Vanesa Romero, Hugo Silva o Pa... https://t.co/OGnlVIkzfL
740823596281528320, 102482164, 2016-06-09T08:31:23.000Z, Fiesta de presentación del nuevo Seat Ateca: Celebrities como Amaia Salamanca, Vanesa Romero, Hugo Silva o Pa... https://t.co/v4JQeMTxhm
740823644218261504, 2727038832, 2016-06-09T08:31:35.000Z, Fiesta de presentación del nuevo Seat Ateca: Celebrities como Amaia Salamanca, Vanesa Romero, Hugo Silva o Pa... https://t.co/VQIUcup1Mj
740823657442861056, 2689564568, 2016-06-09T08:31:38.000Z, Fiesta de presentación del nuevo Seat Ateca: Celebrities como Amaia Salamanca, Vanesa Romero, Hugo Silva o Pa... https://t.co/r3ZqIg53Jl
740823663126142976, 3007605365, 2016-06-09T08:31:39.000Z, Fiesta de presentación del nuevo Seat Ateca: Celebrities como Amaia Salamanca, Vanesa Romero, Hugo Silva o Pa... https://t.co/ahMkKzPZ9F
740823665370116096, 3007665347, 2016-06-09T08:31:40.000Z, Fiesta de presentación del nuevo Seat Ateca: Celebrities como Amaia Salamanca, Vanesa Romero, Hugo Silva o Pa... https://t.co/K0527rPkae
740823667135909888, 3060292174, 2016-06-09T08:31:40.000Z, Fiesta de presentación del nuevo Seat Ateca: Celebrities como Amaia Salamanca, Vanesa Romero, Hugo Silva o Pa... https://t.co/3K7phL7rba
740823685410480128, 1380797018, 2016-06-09T08:31:45.000Z, Fiesta de presentación del nuevo Seat Ateca: Celebrities como Amaia Salamanca, Vanesa Romero, Hugo Silva o Pa... https://t.co/MgCpzNsdI4
740823693576830977, 2193942380, 2016-06-09T08:31:47.000Z, Celebrities como Amaia Salamanca, Vanesa Romero, Hugo Silva o Patricia Montero no se perdieron la pr... https://t.co/CWy4ablV6n #belleza
740823696756084737, 3289987095, 2016-06-09T08:31:47.000Z, Fiesta de presentación del nuevo Seat Ateca: Celebrities como Amaia Salamanca, Vanesa Romero, Hugo Silva o Pa... https://t.co/SzO9xcFMB0
740826611428261889, 2872263796, 2016-06-09T08:43:22.000Z, RT @elle_es: Amaia Salamanca, Vanesa Romero o Hugo Silva, veraniegos en la noche madrileña https://t.co/IEGFJf9Frn https://t.co/CGqqxv9cQv
740836128530530304, 56496468, 2016-06-09T09:21:11.000Z, Fiesta de presentación del nuevo Seat Ateca: Celebrities como Amaia Salamanca, Vanesa Romero, Hugo Silva o Pa... https://t.co/vQfOAh0vKD
740838080924557313, 1578227227, 2016-06-09T09:28:57.000Z, Amaia Salamanca, Vanesa Romero o Hugo Silva, veraniegos en la noche madrileña de la presentación del SUV de Seat https://t.co/miUruTd8qm
740846749670072320, 2615307954, 2016-06-09T10:03:24.000Z, Fiesta de presentación del nuevo Seat Ateca: Celebrities como Amaia Salamanca, Vanesa Romero, Hugo Silva o Pa... https://t.co/U4Pogg6aWQ
740848570207731714, 4360196654, 2016-06-09T10:10:38.000Z, Fiesta de presentación del nuevo Seat Ateca: Celebrities como Amaia Salamanca, Vanesa Romero, Hugo Silva o Pa... https://t.co/0G9HB0ke3U
740848584699092992, 81060190, 2016-06-09T10:10:41.000Z, Fiesta de presentación del nuevo Seat Ateca: Celebrities como Amaia Salamanca, Vanesa Romero, Hugo Silva o Pa... https://t.co/WNe6vQPTHi
740851416739221504, 702517120895225856, 2016-06-09T10:21:56.000Z, RT @elle_es: Amaia Salamanca, Vanesa Romero o Hugo Silva, veraniegos en la noche madrileña https://t.co/IEGFJf9Frn https://t.co/CGqqxv9cQv
741088404998217728, 139735877, 2016-06-10T02:03:39.000Z, Susana Vega, Maria Del Carmen Romero, Teresita Romero, Soledad Salerno https://t.co/T5e9a1pXEl
741120251291652098, 467704413, 2016-06-10T04:10:11.000Z, @LosAzulcremas19 (4-3-3)                Hugo   Paul Pablo Goltz Sumudio      Osavldo Chepe Sambu       Romero Peralta Darwin
741131775544561665, 2301603655, 2016-06-10T04:55:59.000Z, Hugo   Paul Goltz Pablo Samudio   Güemez Osvaldo   El refuerzo Quintero Miky   Romero
741132737491402754, 166055982, 2016-06-10T04:59:48.000Z, @CF_Ameriica @16TITULOSDELIGA  Hugo  Paul, Goltz, Aguilar, Samudio Chepe, Osvaldito, Rubens, Quintero, Peralta y Romero
741133985837948928, 104061860, 2016-06-10T05:04:46.000Z, RT @Paaaacko: @CF_Ameriica @16TITULOSDELIGA  Hugo  Paul, Goltz, Aguilar, Samudio Chepe, Osvaldito, Rubens, Quintero, Peralta y Romero
741136045387993088, 3740183473, 2016-06-10T05:12:57.000Z, @SomosAmerica Hugo, Paul, Aguilar, Goltz, Samudio, Sambueza, Martínez, Guerrero, Ibarra, Peralta, Romero. Un Cohete 🚀 de equipo.
741136241027108866, 3195768223, 2016-06-10T05:13:44.000Z, RT @MiguelG1109: @SomosAmerica Hugo, Paul, Aguilar, Goltz, Samudio, Sambueza, Martínez, Guerrero, Ibarra, Peralta, Romero. Un Cohete 🚀 de e…
741136360229179392, 2834173769, 2016-06-10T05:14:12.000Z, RT @MiguelG1109: @SomosAmerica Hugo, Paul, Aguilar, Goltz, Samudio, Sambueza, Martínez, Guerrero, Ibarra, Peralta, Romero. Un Cohete 🚀 de e…
741137381928140805, 4535325200, 2016-06-10T05:18:16.000Z, @SomosAmerica Hugo, Paul, Goltz, Aguilar, Samudio, Osvaldo, Sambu, Ibarra, Quintero, Peralta, Romero.
741137854609379329, 2429393918, 2016-06-10T05:20:08.000Z, @SomosAmerica hugo paul goltz pablo samudio  osvaldo, guerrero, renato ibarra darwin oribe y romero
741144446184611840, 739274583312728064, 2016-06-10T05:46:20.000Z, @don_sambuezaso hugo samudio aguilar goltz aguilar sambu guerrero ibarra martinez quinterro romero(peralta) perdon pero ambriz nobankea quin
741144649025388544, 3235647601, 2016-06-10T05:47:08.000Z, RT @ricardo_paul_gu: @SomosAmerica Hugo, Paul, Goltz, Aguilar, Samudio, Osvaldo, Sambu, Ibarra, Quintero, Peralta, Romero.
741145137066192896, 3235647601, 2016-06-10T05:49:05.000Z, @SomosAmerica Hugo, Paul, Aguilar, Goltz, Samudio, Sambu (Dios), Osvaldito, Chepe, Ibarra, Peralta, Romero.
741145530177323008, 2451972414, 2016-06-10T05:50:38.000Z, Hugo Paúl ,Pablo , goltz/ Valdez, samudio , chepe, Osvaldo , sambueza, micky , oribe y Romero  https://t.co/310AliikN7
741287549562413056, 291742163, 2016-06-10T15:14:58.000Z, AUMENTO TARIFARIO ENERGÍA ELÉCTRICA. Los concejales fueron invitados a la audiencia pública pero el único que se presentó fue Hugo Romero.
741289842152083456, 262305196, 2016-06-10T15:24:05.000Z, @MagoGaucho mira mas o menos así va la cosa; hugo Paul Pablo goltz samudio/Renato chepe Martínez Sambueza/ Peralta y Romero
741301875262300160, 160768360, 2016-06-10T16:11:54.000Z, @Juntosporla13 El mío sería Hugo, Paul, Goltz, Pablo, Samudio, Guerrero, Martínez, Darwin, Sambu, Romero y Oribe
741308528594296833, 116084395, 2016-06-10T16:38:20.000Z, #América #Centenario 2016-2017:   Hugo  Paul, Goltz, Pablo, Bruno Valdez  Chepe, Osvaldito  Renato Ibarra, Silvio Romero, Rubens  Cepillo
741324986036588544, 213843524, 2016-06-10T17:43:44.000Z, Hugo Paul Goltz/Valdez Aguilar Samudio Chepe Osva Sambu Ibarra Darwin Romero/Oribe
741391872476729344, 172590071, 2016-06-10T22:09:31.000Z, RT @hugo_hdzc: @Karla_Romero7  @Katiia_Romero  @KaarenRomero7  bonito lunes  amigas  cuidense
741391894165393408, 172590071, 2016-06-10T22:09:36.000Z, RT @hugo_hdzc: @kaarenromero7 @karla_romero7 @katiia_romero   buen  martes  amigas  cuidensre  mucho
741391907901739009, 172590071, 2016-06-10T22:09:39.000Z, RT @hugo_hdzc: @kaarenromero7 @karla_romero7 @katiia_romero  buenos  dias  amigas  que  tengan  un  gran   miercoles
741391923676487680, 172590071, 2016-06-10T22:09:43.000Z, RT @hugo_hdzc: @Karla_Romero7   @Katiia_Romero  @KaarenRomero7   buen  jueves   amigas  cuidense
741391952868868096, 172590071, 2016-06-10T22:09:50.000Z, RT @hugo_hdzc: @Karla_Romero7  @Katiia_Romero  @Katiia_Romero  pasense  ungran  viernes   que  les  vaya     bien
741391963702759425, 172590071, 2016-06-10T22:09:53.000Z, RT @hugo_hdzc: 11:!!  @Karla_Romero7  @Katiia_Romero  @KaarenRomero7
741391976621187072, 172590071, 2016-06-10T22:09:56.000Z, RT @hugo_hdzc: @kaarenromero7 @karla_romero7 @katiia_romero  bonito  sabado
741391991204765696, 172590071, 2016-06-10T22:09:59.000Z, RT @hugo_hdzc: @Karla_Romero7  @Katiia_Romero  @KaarenRomero7  buen domingo   amigas   cuidense
741392005838688256, 172590071, 2016-06-10T22:10:03.000Z, RT @hugo_hdzc: @Karla_Romero7  @Katiia_Romero  @KaarenRomero7  buen  dia   buen inicio  de semana
741392022611759107, 172590071, 2016-06-10T22:10:07.000Z, RT @hugo_hdzc: @Karla_Romero7  @Katiia_Romero  @KaarenRomero7  buen martes amigas
741392043549696000, 172590071, 2016-06-10T22:10:12.000Z, RT @hugo_hdzc: @Karla_Romero7  @Katiia_Romero  @KaarenRomero7  buen miercoles  amigas cuidense
741392099023585280, 172590071, 2016-06-10T22:10:25.000Z, RT @hugo_hdzc: @Karla_Romero7 @Katiia_Romero @KaarenRomero7  buen jueves   amigas cuidense mucho  :)
741392130602455040, 172590071, 2016-06-10T22:10:32.000Z, RT @hugo_hdzc: @Karla_Romero7  @Katiia_Romero  @KaarenRomero7  buenos dias  pasense  un muy buen viernes   amigas
741392143831293952, 172590071, 2016-06-10T22:10:36.000Z, RT @hugo_hdzc: @Karla_Romero7  @Katiia_Romero  @KaarenRomero7  buen sabado  amigas   que  les  vaya bien  en todo
741392157190197250, 172590071, 2016-06-10T22:10:39.000Z, RT @hugo_hdzc: @kaarenromero7 @karla_romero7 @katiia_romero   buen  domingo  cuidense  ucho
741392171664711680, 172590071, 2016-06-10T22:10:42.000Z, RT @hugo_hdzc: @Karla_Romero7  @Katiia_Romero  @KaarenRomero7  buen inicio  de semana  amigas   :)
741392205261066240, 172590071, 2016-06-10T22:10:50.000Z, RT @hugo_hdzc: @Karla_Romero7  @Katiia_Romero  @KaarenRomero7  buen martes  amigas  que les vaya    bien
741392255181721600, 172590071, 2016-06-10T22:11:02.000Z, RT @hugo_hdzc: @Karla_Romero7  @Katiia_Romero  @KaarenRomero7  buenos dias  que tengan un gran   jueve
741392750470299649, 172590071, 2016-06-10T22:13:00.000Z, RT @hugo_hdzc: @Karla_Romero7  @Katiia_Romero  @KaarenRomero7  amigas  pasense un muy  buen  viernes
741404793382395904, 467704413, 2016-06-10T23:00:52.000Z, No mms! Viéndolo bien:  Hugo Paul, Pablo, Goltz, Samudio Osvaldo, Chepe, Sambueza Romero, Peralta, Darwin
741407623359156224, 1279151814, 2016-06-10T23:12:06.000Z, RT @elle_es: Amaia Salamanca, Vanesa Romero o Hugo Silva, veraniegos en la noche madrileña https://t.co/IEGFJf9Frn https://t.co/CGqqxv9cQv
