id, author_id, created_at, text
1415152322657857537, 167265399, 2021-07-14T03:33:00.000Z, @OriginalesTdmas Yo quiero ir Anthony Chavarría Mora
1415353366268452864, 806129765237149696, 2021-07-14T16:51:53.000Z, TIKTOK CHALLENGE: Watermelon Sugar  Mister Grand Cuba-Yunior Mora  Mister Grand Ukraine- Alex Demianenko Mister Grand South Sudan- James Kawajja Mister Grand Dominican Republic- Dean Mendoza Mister Grand South Africa-  Anthony Sikanadze  Mister Grand Russia-Dmitry Bodyako https://t.co/r9LYs0IRKz
1415877362869227523, 2480233138, 2021-07-16T03:34:03.000Z, A Creative Surrealistic fantasy with the architectural perspective of the ancient Hospice of St. Nicholas Tolentino - current Culture House Of Mora.  Founded in 1711 by the Hermits of St. Anthony, this building gave birth to a convent of friars for many years. https://t.co/FSDtZk0fqn
1416020386865717255, 3044631158, 2021-07-16T13:02:23.000Z, Cara, eu morro de rir com minha mãe não dá. Ela ensinou o nome dele todo pra ele caso ele se perca ne, aí ok aprendeu. Logo depois ela pergunta “Anthony aonde vc mora” ele responde “na minha casa” , não aguentei. Tive que rir 😂😂
1416089005549051906, 21466569, 2021-07-16T17:35:03.000Z, Anthony Mora died from his injuries a few hours later in a hospital.  https://t.co/DV8BW3SKzF
1416092994869108736, 962918810138370048, 2021-07-16T17:50:54.000Z, RT @TheEastsiderLA: Anthony Mora died from his injuries a few hours later in a hospital.  https://t.co/DV8BW3SKzF
1416564822385340416, 1076877770221895681, 2021-07-18T01:05:46.000Z, Anthony Sartori   22 anos professor de artes na NYU (New York University); amigo do Benjamin e do Luca; mora com a Maddie, sua prima, à três anos, depois de uma briga com os pais. https://t.co/STxngrYzSE
1417259672512368640, 47747770, 2021-07-19T23:06:51.000Z, @soxfangrubb Melvin Mora vs. Anthony Reyes
1417385802137493509, 618466286, 2021-07-20T07:28:03.000Z, Anthony Mackie mora no meu coração ❤
1417565244201836545, 178062569, 2021-07-20T19:21:05.000Z, @cinthia_mora @abarriosaguilar @Universo970py @SomosGEN @anthony_colman
1418961164667691025, 3119476901, 2021-07-24T15:47:59.000Z, e dou total razão p anthony odiar o phillip pq estamos falando sobre o séc xix e sobre a eloise ter fugido de noite só p ir conhecer um agroboy que mora longe e ela nunca tinha conhecido
