id, author_id, created_at, text
673732177838915584, 614962906, 2015-12-07T05:14:03.000Z, Kirk Devon Traylor, 53 : #IHateTimWaterman
673739713291751424, 447804471, 2015-12-07T05:43:59.000Z, Kirk Devon Traylor, 53:  Kirk Devon Traylor, a 53-year-old black male, died Friday, Dec. 4, in Compton, accord... https://t.co/7XiWLmRJWx
673739716936601601, 441187574, 2015-12-07T05:44:00.000Z, Kirk Devon Traylor, 53:  Kirk Devon Traylor, a 53-year-old black male, died Friday, Dec. 4, in Compton, accord... https://t.co/pfOL4mew11
673739718660505600, 733264453, 2015-12-07T05:44:01.000Z, Kirk Devon Traylor, 53:  Kirk Devon Traylor, a 53-year-old black male, died Friday, Dec. 4, in Compton, accord... https://t.co/fHPU9d7ZKu
673752316936249344, 1618416878, 2015-12-07T06:34:04.000Z, Kirk Devon Traylor, 53 https://t.co/iVkkZxBr91
673907581568598021, 23276708, 2015-12-07T16:51:02.000Z, Kirk Devon Traylor, 53 - The Homicide Report https://t.co/VUh9AdiwTA
