{"data": [{"edit_history_tweet_ids": ["848970771825340416"], "author_id": "343660782", "id": "848970771825340416", "text": "RT @FSBolivar: Nuestra gente en la Feria!!\n\nBolivarenses disfrutaron al m\u00e1ximo la Feria del Caballo 2017, gracias a la Gesti\u00f3n Francisco Ra\u2026", "created_at": "2017-04-03T18:49:39.000Z"}, {"edit_history_tweet_ids": ["848970149885431808"], "author_id": "891923820", "id": "848970149885431808", "text": "RT @IndicePolitico: FRANCISCO G\u00d3MEZ MAZA\nAn\u00e1lisis a Fondo: Ya lo sab\u00edamos @# https://t.co/4qLIUO4Feu via@pacorodriguez", "created_at": "2017-04-03T18:47:11.000Z"}, {"edit_history_tweet_ids": ["848965415636279296"], "author_id": "625167593", "id": "848965415636279296", "text": "RT @YelitzaFebres1: Nuestra gente en la Feria!!  Bolivarenses disfrutaron al m\u00e1ximo la Feria del Caballo 2017, gracias a la Gesti\u00f3n Francis\u2026", "created_at": "2017-04-03T18:28:22.000Z"}, {"edit_history_tweet_ids": ["848964388832903169"], "author_id": "177289328", "id": "848964388832903169", "text": "13.24 Asentamientos vehiculares a esta hora por salidas de Escuelas  sobre  Villada  de G\u00f3mez  Far\u00edas a Francisco Murgu\u00eda", "created_at": "2017-04-03T18:24:17.000Z"}, {"edit_history_tweet_ids": ["848964179658764288"], "author_id": "841987604824350720", "id": "848964179658764288", "text": "RT @FSBolivar: Nuestra gente en la Feria!!\n\nBolivarenses disfrutaron al m\u00e1ximo la Feria del Caballo 2017, gracias a la Gesti\u00f3n Francisco Ra\u2026", "created_at": "2017-04-03T18:23:28.000Z"}, {"edit_history_tweet_ids": ["848958163227377667"], "author_id": "1250302848", "id": "848958163227377667", "text": "Jhonny Rivera y Francisco Gomez-Tomando Cerveza (Video Oficial) https://t.co/lDGZGAVkQk", "created_at": "2017-04-03T17:59:33.000Z"}, {"edit_history_tweet_ids": ["848956050422321154"], "author_id": "821847856386609152", "id": "848956050422321154", "text": "Tribunal 2: \n Finaliza su ejercicio el opositor n\u00ba 532, D/D\u00f1a FRANCISCO LUIS CANO G\u00d3MEZ", "created_at": "2017-04-03T17:51:09.000Z"}, {"edit_history_tweet_ids": ["848947711705534464"], "author_id": "4284730395", "id": "848947711705534464", "text": "RT @fococor: Autor: Francisco G\u00f3mez Sanmiguel\nHermandad: @etriunfal https://t.co/qQwDiKDvmC", "created_at": "2017-04-03T17:18:01.000Z"}, {"edit_history_tweet_ids": ["848942501729796097"], "author_id": "182601111", "id": "848942501729796097", "text": "RT @GriteloF: Francisco Arce en @GriteloF \"Por eso cuando me hicieron la pregunta respond\u00ed de esa manera, no sab\u00eda el grado de la dolencia\"\u2026", "created_at": "2017-04-03T16:57:19.000Z"}, {"edit_history_tweet_ids": ["848942395131658240"], "author_id": "3298618962", "id": "848942395131658240", "text": "Francisco Arce en @GriteloF \"Por eso cuando me hicieron la pregunta respond\u00ed de esa manera, no sab\u00eda el grado de la dolencia\" (S/G G\u00f3mez)", "created_at": "2017-04-03T16:56:54.000Z"}, {"edit_history_tweet_ids": ["848942362638286851"], "author_id": "182601111", "id": "848942362638286851", "text": "RT @GriteloF: Francisco Arce en @GriteloF \"Hubo un tweet en la noche anterior a la conferencia de que Gomez estaba sentido, no parec\u00eda de g\u2026", "created_at": "2017-04-03T16:56:46.000Z"}, {"edit_history_tweet_ids": ["848942236310151169"], "author_id": "3298618962", "id": "848942236310151169", "text": "Francisco Arce en @GriteloF \"Hubo un tweet en la noche anterior a la conferencia de que Gomez estaba sentido, no parec\u00eda de gravedad\"", "created_at": "2017-04-03T16:56:16.000Z"}, {"edit_history_tweet_ids": ["848941350728978437"], "author_id": "821847856386609152", "id": "848941350728978437", "text": "Tribunal 2: \n Comienza su ejercicio el opositor n\u00ba 532, D/D\u00f1a FRANCISCO LUIS CANO G\u00d3MEZ\nC: 21, 62, 102 F: 32", "created_at": "2017-04-03T16:52:45.000Z"}, {"edit_history_tweet_ids": ["848936966661865474"], "author_id": "875959494", "id": "848936966661865474", "text": "FRANCISCO G\u00d3MEZ MAZA\nAn\u00e1lisis a Fondo: Ya lo sab\u00edamos @# https://t.co/4qLIUO4Feu via@pacorodriguez", "created_at": "2017-04-03T16:35:19.000Z"}, {"edit_history_tweet_ids": ["848931956704280578"], "author_id": "440399960", "id": "848931956704280578", "text": "Nuestra gente en la Feria!!  Bolivarenses disfrutaron al m\u00e1ximo la Feria del Caballo 2017, gracias a la Gesti\u00f3n Francisco Rangel G\u00f3mez", "created_at": "2017-04-03T16:15:25.000Z"}, {"edit_history_tweet_ids": ["848930650967224324"], "author_id": "138604444", "id": "848930650967224324", "text": "RT @FSBolivar: Nuestra gente en la Feria!!\n\nBolivarenses disfrutaron al m\u00e1ximo la Feria del Caballo 2017, gracias a la Gesti\u00f3n Francisco Ra\u2026", "created_at": "2017-04-03T16:10:14.000Z"}, {"edit_history_tweet_ids": ["848930491956961280"], "author_id": "1259686196", "id": "848930491956961280", "text": "RT @FSBolivar: Nuestra gente en la Feria!!\n\nBolivarenses disfrutaron al m\u00e1ximo la Feria del Caballo 2017, gracias a la Gesti\u00f3n Francisco Ra\u2026", "created_at": "2017-04-03T16:09:36.000Z"}, {"edit_history_tweet_ids": ["848930353133875200"], "author_id": "218944709", "id": "848930353133875200", "text": "Aqu\u00ed puedes ver todas las cosas que anuncia FRANCISCO GOMEZ LUPION https://t.co/nw6xY6y0xO #Almer\u00eda #tablondeanuncios", "created_at": "2017-04-03T16:09:03.000Z"}, {"edit_history_tweet_ids": ["848916998151077888"], "author_id": "273075152", "id": "848916998151077888", "text": "DIARIO TRIBUNA CHIAPAS\nCOLUMNA:\nAN\u00c1LISIS A FONDO\nFrancisco G\u00f3mez Maza\nhttps://t.co/iO96lFf3WL https://t.co/qSTE6MnjvT", "created_at": "2017-04-03T15:15:59.000Z"}, {"edit_history_tweet_ids": ["848912931324657665"], "author_id": "588678098", "id": "848912931324657665", "text": "RT @fococor: Autor: Francisco G\u00f3mez Sanmiguel\nHermandad: @etriunfal https://t.co/qQwDiKDvmC", "created_at": "2017-04-03T14:59:49.000Z"}, {"edit_history_tweet_ids": ["848911383102181376"], "author_id": "2999988754", "id": "848911383102181376", "text": "Autor: Francisco G\u00f3mez Sanmiguel\nHermandad: @etriunfal https://t.co/qQwDiKDvmC", "created_at": "2017-04-03T14:53:40.000Z"}, {"edit_history_tweet_ids": ["848907300702232576"], "author_id": "86470930", "id": "848907300702232576", "text": "An\u00e1lisis a Fondo\nYa lo sab\u00edamos\n* De econom\u00eda exitosa\n* S\u00f3lo alardes y mentiras\nPor Francisco G\u00d3MEZ MAZA\n\nhttps://t.co/cjBvla3muf https://t.co/lsJOG49MtA", "created_at": "2017-04-03T14:37:27.000Z"}, {"edit_history_tweet_ids": ["848898857652170753"], "author_id": "844840149175304193", "id": "848898857652170753", "text": "Xa temos ganador do sorteo do I #TapeoTrabada!\n\nhttps://t.co/cghd6Rp7er\n\nNoraboa, Francisco G\u00f3mez Fern\u00e1ndez!", "created_at": "2017-04-03T14:03:54.000Z"}, {"edit_history_tweet_ids": ["848895557624094724"], "author_id": "834067903334989824", "id": "848895557624094724", "text": "Me gust\u00f3 un video de @YouTube https://t.co/40Ebkzaxe1 No vuelvo a querer - Francisco G\u00f3mez \"El Nuevo Rey de la M\u00fasica Popular\"", "created_at": "2017-04-03T13:50:47.000Z"}, {"edit_history_tweet_ids": ["848894013281271809"], "author_id": "834067903334989824", "id": "848894013281271809", "text": "Me gust\u00f3 un video de @YouTube https://t.co/iENDEpr8Ni Sanaste mi Herida - Francisco G\u00f3mez - \"El Nuevo Rey de la M\u00fasica Popular\"", "created_at": "2017-04-03T13:44:39.000Z"}, {"edit_history_tweet_ids": ["848888239352098816"], "author_id": "204457652", "id": "848888239352098816", "text": "Te entregamos An\u00e1lisis a Fondo, la columna del periodista Francisco G\u00f3mez Maza https://t.co/RT35bATcfS", "created_at": "2017-04-03T13:21:42.000Z"}, {"edit_history_tweet_ids": ["848877483361538048"], "author_id": "293082163", "id": "848877483361538048", "text": "Preparemos la visita del Papa Francisco estudiando su pensamiento pol\u00edtico https://t.co/NQncmvMdkT v\u00eda @vanguardiacom", "created_at": "2017-04-03T12:38:58.000Z"}, {"edit_history_tweet_ids": ["848869061853360129"], "author_id": "214206482", "id": "848869061853360129", "text": "Art\u00edculo de opini\u00f3n de Francisco Rangel G\u00f3mez // El peligro de la inconsciencia https://t.co/fzB0DNhtSr  https://t.co/7RPRrYfGbg", "created_at": "2017-04-03T12:05:30.000Z"}, {"edit_history_tweet_ids": ["848867686054416384"], "author_id": "2442777030", "id": "848867686054416384", "text": "#VozP\u00fablica An\u00e1lisis a Fondo, de Francisco G\u00f3mez Maza (@ANALISISAFONDO): \"Ya lo sab\u00edamos\"\nhttps://t.co/oWlKD9g9ws", "created_at": "2017-04-03T12:00:02.000Z"}, {"edit_history_tweet_ids": ["848864827653189632"], "author_id": "4448669956", "id": "848864827653189632", "text": "RT @PartidoPSUV: Art\u00edculo de opini\u00f3n de Francisco Rangel G\u00f3mez // El peligro de la inconsciencia https://t.co/zWZuYahpzR  https://t.co/bwUO\u2026", "created_at": "2017-04-03T11:48:40.000Z"}, {"edit_history_tweet_ids": ["848862620174229507"], "author_id": "817455315427979266", "id": "848862620174229507", "text": "RT @PartidoPSUV: Art\u00edculo de opini\u00f3n de Francisco Rangel G\u00f3mez // El peligro de la inconsciencia https://t.co/zWZuYahpzR  https://t.co/bwUO\u2026", "created_at": "2017-04-03T11:39:54.000Z"}, {"edit_history_tweet_ids": ["848861391356219392"], "author_id": "102094084", "id": "848861391356219392", "text": "Art\u00edculo de opini\u00f3n de Francisco Rangel G\u00f3mez // El peligro de la inconsciencia https://t.co/zWZuYahpzR  https://t.co/bwUOeyzAp9", "created_at": "2017-04-03T11:35:01.000Z"}, {"edit_history_tweet_ids": ["848857264404537349"], "author_id": "185055984", "id": "848857264404537349", "text": "He a\u00f1adido un v\u00eddeo a una lista de reproducci\u00f3n de @YouTube (https://t.co/a4c3hoKj0X - Resucit\u00f3 - Francisco Jos\u00e9 G\u00f3mez Arg\u00fcello", "created_at": "2017-04-03T11:18:37.000Z"}, {"edit_history_tweet_ids": ["848841496388288512"], "author_id": "341123036", "id": "848841496388288512", "text": "RT @Mosquera_Abg: Preparemos la visita del Papa Francisco estudiando su pensamiento pol\u00edtico https://t.co/BKsAuLuQf2 v\u00eda @vanguardiacom @Le\u2026", "created_at": "2017-04-03T10:15:58.000Z"}, {"edit_history_tweet_ids": ["848808891282579456"], "author_id": "3308054909", "id": "848808891282579456", "text": ".@pacogomezpalma defiende el orgullo de ser cat\u00f3lico y cofrade frente a los \u00abataques\u00bb https://t.co/bNphupKYwi v\u00eda @diariosur", "created_at": "2017-04-03T08:06:24.000Z"}, {"edit_history_tweet_ids": ["848801478903046144"], "author_id": "2253200246", "id": "848801478903046144", "text": "RT @CEUAndalucia: Francisco Molina, Raquel G\u00f3mez y Rafael D\u00edaz del @AytoBormujos, Virginia Borrero de @CEUAndalucia y el director de la #OC\u2026", "created_at": "2017-04-03T07:36:57.000Z"}, {"edit_history_tweet_ids": ["848786127993544705"], "author_id": "113063344", "id": "848786127993544705", "text": "RT @RadioCosta_: El regidor Francisco Javier \u00b4Paco\u00b4 G\u00f3mez renunci\u00f3 al PAN - Copia de la carta-renuncia que entreg\u00f3 el regidor Fr... https:/\u2026", "created_at": "2017-04-03T06:35:57.000Z"}, {"edit_history_tweet_ids": ["848779361100722180"], "author_id": "218944709", "id": "848779361100722180", "text": "Tabl\u00f3n de Anuncios particular de FRANCISCO GOMEZ LUPION https://t.co/nw6xY6y0xO #Almer\u00eda #tablondeanuncios", "created_at": "2017-04-03T06:09:03.000Z"}, {"edit_history_tweet_ids": ["848725340453253124"], "author_id": "891923820", "id": "848725340453253124", "text": "RT @ANALISISAFONDO: Ya lo sab\u00edamos An\u00e1lisis a Fondo de Francisco G\u00f3mez Maza || https://t.co/YPIplu3YZ3 https://t.co/hYfYUBfSWf https://t.co\u2026", "created_at": "2017-04-03T02:34:24.000Z"}, {"edit_history_tweet_ids": ["848721837810909185"], "author_id": "113731357", "id": "848721837810909185", "text": "Ya lo sab\u00edamos An\u00e1lisis a Fondo de Francisco G\u00f3mez Maza || https://t.co/AyIW2M42lS https://t.co/MdHxv4jDWf https://t.co/ShLEHIzgIO", "created_at": "2017-04-03T02:20:29.000Z"}, {"edit_history_tweet_ids": ["848721835164225536"], "author_id": "113731357", "id": "848721835164225536", "text": "Ya lo sab\u00edamos An\u00e1lisis a Fondo de Francisco G\u00f3mez Maza || https://t.co/YPIplu3YZ3 https://t.co/hYfYUBfSWf https://t.co/n7DwrTmUUB", "created_at": "2017-04-03T02:20:28.000Z"}, {"edit_history_tweet_ids": ["848721780504186880"], "author_id": "1383242246", "id": "848721780504186880", "text": "Ya lo sab\u00edamos An\u00e1lisis a Fondo de Francisco G\u00f3mez Maza || https://t.co/vwNPqJyBzX https://t.co/cqpijKIods", "created_at": "2017-04-03T02:20:15.000Z"}, {"edit_history_tweet_ids": ["848713039268466691"], "author_id": "1244852881", "id": "848713039268466691", "text": "El Rvdmo. Obispo Francisco Duque Gomez, Obispo de la Di\u00f3cesis de Colombia, invita a los cl\u00e9rigos y laicos de la... https://t.co/lyMP9TjeCu", "created_at": "2017-04-03T01:45:31.000Z"}, {"edit_history_tweet_ids": ["848702005992464386"], "author_id": "475035249", "id": "848702005992464386", "text": "Preparemos la visita del papa Francisco estudiando su pensamiento pol\u00edtico; por Leonidas G\u00f3mez (@leonidasgomezg): https://t.co/P0caFl2031", "created_at": "2017-04-03T01:01:41.000Z"}, {"edit_history_tweet_ids": ["848690483111112708"], "author_id": "3407681637", "id": "848690483111112708", "text": "Retweeted Francisco G\u00f3mez R (@franciscogomezr):\n\n@cazainfractor @Bocarejo_JP muy bien parqueados los del cuerpo... https://t.co/sKBwZbAao9", "created_at": "2017-04-03T00:15:53.000Z"}, {"edit_history_tweet_ids": ["848690436730376193"], "author_id": "237294658", "id": "848690436730376193", "text": "Francisco G\u00f3mez defiende el orgullo de ser cat\u00f3lico y cofrade frente a los \u00abataques\u00bb https://t.co/3y4hHlp61e https://t.co/lcXisK921Q", "created_at": "2017-04-03T00:15:42.000Z"}, {"edit_history_tweet_ids": ["848690316324491264"], "author_id": "237285911", "id": "848690316324491264", "text": "Francisco G\u00f3mez defiende el orgullo de ser cat\u00f3lico y cofrade frente a los \u00abataques\u00bb https://t.co/PMfMyypbpL https://t.co/6sbO2sFWZE", "created_at": "2017-04-03T00:15:13.000Z"}, {"edit_history_tweet_ids": ["848690304924368896"], "author_id": "237294658", "id": "848690304924368896", "text": "Francisco G\u00f3mez defiende el orgullo de ser cat\u00f3lico y cofrade frente a los \u00abataques\u00bb https://t.co/YKYBsVffjU https://t.co/Wmmrl6oD5U", "created_at": "2017-04-03T00:15:11.000Z"}, {"edit_history_tweet_ids": ["848687498918338561"], "author_id": "1452724699", "id": "848687498918338561", "text": "PartidoPSUV Art\u00edculo de opini\u00f3n de Francisco Rangel G\u00f3mez // El peligro de la inconsciencia https://t.co/xnCbaUngfp\u2026 https://t.co/CeLVkvSMnL", "created_at": "2017-04-03T00:04:02.000Z"}, {"edit_history_tweet_ids": ["848686855516299264"], "author_id": "773619481738375168", "id": "848686855516299264", "text": "Art\u00edculo de opini\u00f3n de Francisco Rangel G\u00f3mez // El peligro de la inconsciencia https://t.co/Q7UDt7VzCE\u2026 https://t.co/DUmvnF3uAj", "created_at": "2017-04-03T00:01:28.000Z"}, {"edit_history_tweet_ids": ["848682225239556098"], "author_id": "81616673", "id": "848682225239556098", "text": "Francisco G\u00f3mez defiende el orgullo de ser cat\u00f3lico y cofrade frente a los \u00abataques\u00bb  https://t.co/XfF8QN9ZlH", "created_at": "2017-04-02T23:43:04.000Z"}, {"edit_history_tweet_ids": ["848679597889777666"], "author_id": "157819544", "id": "848679597889777666", "text": "RT @PartidoPSUV: Art\u00edculo de opini\u00f3n de Francisco Rangel G\u00f3mez // El peligro de la inconsciencia https://t.co/zWZuYaz0Yr #DomingoConMaduro8\u2026", "created_at": "2017-04-02T23:32:38.000Z"}, {"edit_history_tweet_ids": ["848677652361748481"], "author_id": "177751323", "id": "848677652361748481", "text": "RT @revistacinefago: #Cartelera Cineclub G\u00f3mez Palacio LA LLEGADA 4 de abril Centro de Convenciones Francisco Zarco 6:30 pm. Entrada libre.", "created_at": "2017-04-02T23:24:54.000Z"}, {"edit_history_tweet_ids": ["848675703893655553"], "author_id": "916919472", "id": "848675703893655553", "text": "@FSBolivar  -  Gobernador Francisco Rangel G\u00f3mez y primera dama Nidia Escobar de Rangel\u2026 https://t.co/NxU5doLUdI", "created_at": "2017-04-02T23:17:10.000Z"}, {"edit_history_tweet_ids": ["848672690332459009"], "author_id": "67717703", "id": "848672690332459009", "text": "RT @PoderopediaVe: Denuncias por mafia de cabillas y de c\u00e1rtel del hierro salpican al gobernador de #Bol\u00edvar, Francisco Rangel G\u00f3mez https:\u2026", "created_at": "2017-04-02T23:05:11.000Z"}, {"edit_history_tweet_ids": ["848671819091648517"], "author_id": "847887209411825664", "id": "848671819091648517", "text": "RT @PartidoPSUV: Art\u00edculo de opini\u00f3n de Francisco Rangel G\u00f3mez // El peligro de la inconsciencia https://t.co/zWZuYaz0Yr #DomingoConMaduro8\u2026", "created_at": "2017-04-02T23:01:43.000Z"}, {"edit_history_tweet_ids": ["848671440060678145"], "author_id": "2464932602", "id": "848671440060678145", "text": "Denuncias por mafia de cabillas y de c\u00e1rtel del hierro salpican al gobernador de #Bol\u00edvar, Francisco Rangel G\u00f3mez https://t.co/kFJ0pjoF8l https://t.co/YJcK8BzE25", "created_at": "2017-04-02T23:00:13.000Z"}, {"edit_history_tweet_ids": ["848671216755978240"], "author_id": "291321017", "id": "848671216755978240", "text": "RT @PartidoPSUV: Art\u00edculo de opini\u00f3n de Francisco Rangel G\u00f3mez // El peligro de la inconsciencia https://t.co/zWZuYaz0Yr #DomingoConMaduro8\u2026", "created_at": "2017-04-02T22:59:20.000Z"}, {"edit_history_tweet_ids": ["848669858736766978"], "author_id": "102094084", "id": "848669858736766978", "text": "Art\u00edculo de opini\u00f3n de Francisco Rangel G\u00f3mez // El peligro de la inconsciencia https://t.co/zWZuYaz0Yr #DomingoConMaduro83 https://t.co/bwUOeyzAp9", "created_at": "2017-04-02T22:53:56.000Z"}, {"edit_history_tweet_ids": ["848665912043487232"], "author_id": "1394093162", "id": "848665912043487232", "text": "#Cartelera Cineclub G\u00f3mez Palacio LA LLEGADA 4 de abril Centro de Convenciones Francisco Zarco 6:30 pm. Entrada libre.", "created_at": "2017-04-02T22:38:15.000Z"}, {"edit_history_tweet_ids": ["848664567530102784"], "author_id": "394267356", "id": "848664567530102784", "text": "RT @Pedro_L_Gomez: Si Francisco Carmona Dominguez levantara la cabeza y leyera @DiarioSUR hoy estar\u00eda muy orgulloso. @agalmendres @cocojura\u2026", "created_at": "2017-04-02T22:32:54.000Z"}, {"edit_history_tweet_ids": ["848661982664437761"], "author_id": "591052649", "id": "848661982664437761", "text": "La mujer que tanto amaba - Francisco Gomez  \"El nuevo Rey de la m\u00fasica p... https://t.co/GyITeD79ar v\u00eda @YouTube,,", "created_at": "2017-04-02T22:22:38.000Z"}, {"edit_history_tweet_ids": ["848661954302554112"], "author_id": "591052649", "id": "848661954302554112", "text": "La mujer que tanto amaba - Francisco Gomez  \"El nuevo Rey de la m\u00fasica p... https://t.co/GyITeD79ar v\u00eda @YouTube,", "created_at": "2017-04-02T22:22:31.000Z"}, {"edit_history_tweet_ids": ["848661929103171588"], "author_id": "591052649", "id": "848661929103171588", "text": "La mujer que tanto amaba - Francisco Gomez  \"El nuevo Rey de la m\u00fasica p... https://t.co/GyITeD79ar v\u00eda @YouTube", "created_at": "2017-04-02T22:22:25.000Z"}, {"edit_history_tweet_ids": ["848654630557016064"], "author_id": "780082909986324480", "id": "848654630557016064", "text": "RT @tvayamonte: Preg\u00f3n oficial de la Semana Santa Ayamontina 2017 por Francisco Hidalgo Gomez, puedes verlo @tvayamonte https://t.co/GvAwQ4\u2026", "created_at": "2017-04-02T21:53:25.000Z"}, {"edit_history_tweet_ids": ["848647219481681920"], "author_id": "256620899", "id": "848647219481681920", "text": "VENTA DE TERRENO EN FRANCISCO JAVIER G\u00d3MEZ, ALTOTONGA, VERACRUZ https://t.co/JJH2WdejLT v\u00eda @c21mexico\nLL\u00c1MAME AL 2281124444", "created_at": "2017-04-02T21:23:58.000Z"}, {"edit_history_tweet_ids": ["848625560465133568"], "author_id": "104623135", "id": "848625560465133568", "text": "RT @RobyKing: .@tiburones_net @MLB @thesardisardi @Cafejr40 @CarlosSan29 @alcidesescobar2 @SalvadorPerez15 @MRojasOfficial @juni1685 @odube\u2026", "created_at": "2017-04-02T19:57:54.000Z"}, {"edit_history_tweet_ids": ["848617761915981825"], "author_id": "636471469", "id": "848617761915981825", "text": "El alcalde, Jos\u00e9 Bernal, ha asistido hoy al preg\u00f3n oficial de la Semana Santa 2017 a cargo de Francisco G\u00f3mez Palma. https://t.co/kfgFeylLkG", "created_at": "2017-04-02T19:26:55.000Z"}, {"edit_history_tweet_ids": ["848617016093224961"], "author_id": "28966096", "id": "848617016093224961", "text": "RT @tvayamonte: Preg\u00f3n oficial de la Semana Santa Ayamontina 2017 por Francisco Hidalgo Gomez, puedes verlo @tvayamonte https://t.co/GvAwQ4\u2026", "created_at": "2017-04-02T19:23:57.000Z"}, {"edit_history_tweet_ids": ["848611676782026753"], "author_id": "234962840", "id": "848611676782026753", "text": "RT @CanalcostaTv: Francisco Hidalgo G\u00f3mez pregonando la #SemanaSanta de #Ayamonte ante un Cardenio expectante https://t.co/PuKR5aVu3o", "created_at": "2017-04-02T19:02:44.000Z"}, {"edit_history_tweet_ids": ["848610906913296384"], "author_id": "425354541", "id": "848610906913296384", "text": "RT @ApoLeu: Ma\u00f1ana a las 13:30 charla a cargo de nuestro colaborador Alberto y nuestro amigo Francisco G\u00f3mez\u2026 https://t.co/QezsCkgnti", "created_at": "2017-04-02T18:59:41.000Z"}, {"edit_history_tweet_ids": ["848602799592005632"], "author_id": "2521679689", "id": "848602799592005632", "text": "https://t.co/9d9PZx7Arx", "created_at": "2017-04-02T18:27:28.000Z"}, {"edit_history_tweet_ids": ["848601108192931840"], "author_id": "1498907786", "id": "848601108192931840", "text": "Ma\u00f1ana a las 13:30 charla a cargo de nuestro colaborador Alberto y nuestro amigo Francisco G\u00f3mez\u2026 https://t.co/QezsCkgnti", "created_at": "2017-04-02T18:20:45.000Z"}, {"edit_history_tweet_ids": ["848574517194756096"], "author_id": "2521679689", "id": "848574517194756096", "text": "https://t.co/Gvf2OpBvvd", "created_at": "2017-04-02T16:35:05.000Z"}, {"edit_history_tweet_ids": ["848572554000445440"], "author_id": "2521679689", "id": "848572554000445440", "text": "https://t.co/StzfqKzFg2", "created_at": "2017-04-02T16:27:17.000Z"}, {"edit_history_tweet_ids": ["848567969366106112"], "author_id": "218944709", "id": "848567969366106112", "text": "Tabl\u00f3n de Anuncios particular de FRANCISCO GOMEZ LUPION https://t.co/nw6xY6y0xO #Almer\u00eda #tablondeanuncios", "created_at": "2017-04-02T16:09:04.000Z"}, {"edit_history_tweet_ids": ["848565917239959556"], "author_id": "2872223637", "id": "848565917239959556", "text": "RT @Ayto_Marbella: .@pepebernal asiste al preg\u00f3n oficial de la Semana Santa 2017 a cargo de Francisco G\u00f3mez Palma #Marbella #MarbellaSUMA h\u2026", "created_at": "2017-04-02T16:00:54.000Z"}, {"edit_history_tweet_ids": ["848565461822447616"], "author_id": "831963183627825153", "id": "848565461822447616", "text": "Feliz cumplea\u00f1os mi compadre Francisco Gomez chupuluntrt miles de\u2026 https://t.co/jWxADTJiC5", "created_at": "2017-04-02T15:59:06.000Z"}, {"edit_history_tweet_ids": ["848563859434745856"], "author_id": "35392624", "id": "848563859434745856", "text": "RT @Leonidasgomezg: Preparemos la visita del @Pontifex_es a #Colombia estudiando su pensamiento pol\u00edtico \nhttps://t.co/Z0hP0OUvGh @vanguard\u2026", "created_at": "2017-04-02T15:52:44.000Z"}, {"edit_history_tweet_ids": ["848563824353574912"], "author_id": "225047520", "id": "848563824353574912", "text": "RT @Ayto_Marbella: .@pepebernal asiste al preg\u00f3n oficial de la Semana Santa 2017 a cargo de Francisco G\u00f3mez Palma #Marbella #MarbellaSUMA h\u2026", "created_at": "2017-04-02T15:52:35.000Z"}, {"edit_history_tweet_ids": ["848563066757369856"], "author_id": "82976962", "id": "848563066757369856", "text": "RT @Ayto_Marbella: .@pepebernal asiste al preg\u00f3n oficial de la Semana Santa 2017 a cargo de Francisco G\u00f3mez Palma #Marbella #MarbellaSUMA h\u2026", "created_at": "2017-04-02T15:49:35.000Z"}, {"edit_history_tweet_ids": ["848562231809908736"], "author_id": "561252896", "id": "848562231809908736", "text": ".@pepebernal asiste al preg\u00f3n oficial de la Semana Santa 2017 a cargo de Francisco G\u00f3mez Palma #Marbella #MarbellaSUMA https://t.co/6gPn01iJe2", "created_at": "2017-04-02T15:46:16.000Z"}, {"edit_history_tweet_ids": ["848561173230473217"], "author_id": "141979370", "id": "848561173230473217", "text": "RT @Leonidasgomezg: Preparemos la visita del @Pontifex_es a #Colombia estudiando su pensamiento pol\u00edtico \nhttps://t.co/Z0hP0OUvGh @vanguard\u2026", "created_at": "2017-04-02T15:42:03.000Z"}, {"edit_history_tweet_ids": ["848547830381912065"], "author_id": "364804682", "id": "848547830381912065", "text": "RT @CESabadell: Arbitrar\u00e0 el partit el senyor Cristian Adri\u00e1n Lixandru, del col\u00b7legi d'Arag\u00f3. Ser\u00e0 assistit per Francisco Mur i Guillermo G\u2026", "created_at": "2017-04-02T14:49:02.000Z"}, {"edit_history_tweet_ids": ["848547032868499456"], "author_id": "2162729498", "id": "848547032868499456", "text": "RT @RobyKing: .@tiburones_net @MLB @thesardisardi @Cafejr40 @CarlosSan29 @alcidesescobar2 @SalvadorPerez15 @MRojasOfficial @juni1685 @odube\u2026", "created_at": "2017-04-02T14:45:52.000Z"}, {"edit_history_tweet_ids": ["848546335439679488"], "author_id": "64422319", "id": "848546335439679488", "text": ".@tiburones_net @MLB @thesardisardi @Cafejr40 @CarlosSan29 @alcidesescobar2 @SalvadorPerez15 @MRojasOfficial @juni1685 @odubelherrera1 .@tiburones_net en @MLB:\n\nEdubray Ramos\nH\u00e9ctor S\u00e1nchez\nJeanmar G\u00f3mez\nFrancisco Rodr\u00edguez", "created_at": "2017-04-02T14:43:06.000Z"}, {"edit_history_tweet_ids": ["848541341239980033"], "author_id": "3339488914", "id": "848541341239980033", "text": "RT @tvayamonte: Preg\u00f3n oficial de la Semana Santa Ayamontina 2017 por Francisco Hidalgo Gomez, puedes verlo @tvayamonte https://t.co/GvAwQ4\u2026", "created_at": "2017-04-02T14:23:15.000Z"}, {"edit_history_tweet_ids": ["848537300837576704"], "author_id": "3165525310", "id": "848537300837576704", "text": "RT @CESabadell: Arbitrar\u00e0 el partit el senyor Cristian Adri\u00e1n Lixandru, del col\u00b7legi d'Arag\u00f3. Ser\u00e0 assistit per Francisco Mur i Guillermo G\u2026", "created_at": "2017-04-02T14:07:12.000Z"}, {"edit_history_tweet_ids": ["848537273599750144"], "author_id": "40275914", "id": "848537273599750144", "text": "Arbitrar\u00e0 el partit el senyor Cristian Adri\u00e1n Lixandru, del col\u00b7legi d'Arag\u00f3. Ser\u00e0 assistit per Francisco Mur i Guillermo G\u00f3mez.", "created_at": "2017-04-02T14:07:05.000Z"}, {"edit_history_tweet_ids": ["848536392728805376"], "author_id": "705469032359661568", "id": "848536392728805376", "text": "RT @Leonidasgomezg: Preparemos la visita del @Pontifex_es a #Colombia estudiando su pensamiento pol\u00edtico \nhttps://t.co/Z0hP0OUvGh @vanguard\u2026", "created_at": "2017-04-02T14:03:35.000Z"}, {"edit_history_tweet_ids": ["848536285509820416"], "author_id": "2830440814", "id": "848536285509820416", "text": "RT @Leonidasgomezg: Preparemos la visita del @Pontifex_es a #Colombia estudiando su pensamiento pol\u00edtico \nhttps://t.co/Z0hP0OUvGh @vanguard\u2026", "created_at": "2017-04-02T14:03:10.000Z"}, {"edit_history_tweet_ids": ["848536234595057664"], "author_id": "2830440814", "id": "848536234595057664", "text": "RT @Anne_Oduber: Politica nueva como @Pontifex_es ,\"sin miedo, necesitamos un cambio\" columna de  @Leonidasgomezg https://t.co/Gg8Yq7gpJf", "created_at": "2017-04-02T14:02:58.000Z"}, {"edit_history_tweet_ids": ["848536208301060096"], "author_id": "2830440814", "id": "848536208301060096", "text": "RT @Mosquera_Abg: Preparemos la visita del Papa Francisco estudiando su pensamiento pol\u00edtico https://t.co/BKsAuLuQf2 v\u00eda @vanguardiacom @Le\u2026", "created_at": "2017-04-02T14:02:51.000Z"}, {"edit_history_tweet_ids": ["848533871239065600"], "author_id": "969137173", "id": "848533871239065600", "text": "RT @Leonidasgomezg: Preparemos la visita del @Pontifex_es a #Colombia estudiando su pensamiento pol\u00edtico \nhttps://t.co/Z0hP0OUvGh @vanguard\u2026", "created_at": "2017-04-02T13:53:34.000Z"}, {"edit_history_tweet_ids": ["848531990982909953"], "author_id": "321087703", "id": "848531990982909953", "text": "Preparemos la visita del Papa Francisco estudiando su pensamiento pol\u00edtico https://t.co/BKsAuLuQf2 v\u00eda @vanguardiacom @Leonidasgomezg", "created_at": "2017-04-02T13:46:06.000Z"}, {"edit_history_tweet_ids": ["848529757591531520"], "author_id": "1650904332", "id": "848529757591531520", "text": "RT @LaureanoTirado: #Izquierda invita a preparar visita @Pontifex_es estudiando su pensamiento pol\u00edtico. H\u00e1game el favor @episcopadocol htt\u2026", "created_at": "2017-04-02T13:37:13.000Z"}, {"edit_history_tweet_ids": ["848522138004971520"], "author_id": "1057895576", "id": "848522138004971520", "text": "Politica nueva como @Pontifex_es ,\"sin miedo, necesitamos un cambio\" columna de  @Leonidasgomezg https://t.co/Gg8Yq7gpJf", "created_at": "2017-04-02T13:06:57.000Z"}, {"edit_history_tweet_ids": ["848518262241603585"], "author_id": "67167025", "id": "848518262241603585", "text": "RT @LaureanoTirado: #Izquierda invita a preparar visita @Pontifex_es estudiando su pensamiento pol\u00edtico. H\u00e1game el favor @episcopadocol htt\u2026", "created_at": "2017-04-02T12:51:33.000Z"}], "meta": {"newest_id": "848970771825340416", "oldest_id": "848518262241603585", "result_count": 98, "next_token": "1jzu9lk96gu5npw3ja30b2o4do21mq17ti6nf5ruxoql"}}