{"data": [{"text": "RT @CidadedaCultura: Coa axuda dunha sofisticada tecnolox\u00eda, Alejandro G. I\u00f1\u00e1rritu, premiado con 5 Oscar da Academia, dirixiu #CarneyArena,\u2026", "id": "1542386240070238211", "created_at": "2022-06-30T05:55:10.000Z", "author_id": "1365944733110050816", "edit_history_tweet_ids": ["1542386240070238211"]}, {"text": "RT @CidadedaCultura: Coa axuda dunha sofisticada tecnolox\u00eda, Alejandro G. I\u00f1\u00e1rritu, premiado con 5 Oscar da Academia, dirixiu #CarneyArena,\u2026", "id": "1542386049988575239", "created_at": "2022-06-30T05:54:25.000Z", "author_id": "12148062", "edit_history_tweet_ids": ["1542386049988575239"]}, {"text": "RT @CidadedaCultura: Coa axuda dunha sofisticada tecnolox\u00eda, Alejandro G. I\u00f1\u00e1rritu, premiado con 5 Oscar da Academia, dirixiu #CarneyArena,\u2026", "id": "1542063458828550144", "created_at": "2022-06-29T08:32:33.000Z", "author_id": "119713821", "edit_history_tweet_ids": ["1542063458828550144"]}, {"text": "RT @CidadedaCultura: Coa axuda dunha sofisticada tecnolox\u00eda, Alejandro G. I\u00f1\u00e1rritu, premiado con 5 Oscar da Academia, dirixiu #CarneyArena,\u2026", "id": "1542059886787297280", "created_at": "2022-06-29T08:18:21.000Z", "author_id": "17410385", "edit_history_tweet_ids": ["1542059886787297280"]}, {"text": "Coa axuda dunha sofisticada tecnolox\u00eda, Alejandro G. I\u00f1\u00e1rritu, premiado con 5 Oscar da Academia, dirixiu #CarneyArena, a experiencia de realidade virtual extrema que chega este venres a Santiago, primeira vez en Espa\u00f1a.\n\n\ud83d\udccdMuseo #Gai\u00e1s\n\ud83d\udcc51 XUL-18 SET\n\u2139 https://t.co/HWrRW0GTkH https://t.co/awZzPsLvzP", "id": "1542041928706904064", "created_at": "2022-06-29T07:07:00.000Z", "author_id": "263217800", "edit_history_tweet_ids": ["1542041928706904064"]}, {"text": "ando m\u00e1s soltera que un Diego,Damian, David, Daniel, Santiago, Samuel, Sa\u00fal, Salvador, Simon,Oscar, Octavio, Osmar, Omar, Oziel, Osvaldo, Olver, Jorge,Javier, Jacob, Jave, Armando, Alexis, Anuel, Jos\u00e9, Luis, Leo, Leonel, Leonardo,Alex, Alejandro, Axel, Alan, Brayan con novix.", "id": "1541608439704584192", "created_at": "2022-06-28T02:24:28.000Z", "author_id": "1503916181824155652", "edit_history_tweet_ids": ["1541608439704584192"]}, {"text": "@Rivas_Santiago Est\u00e1 ente \"Detalles\" de Oscar de Le\u00f3n (...s\u00e1cala \ud83d\udc15, ll\u00e9vala al cine\ud83d\udecd...), \"M\u00e1talas\" de Alejandro Fern\u00e1ndez y \"La reina\" de Diomedes. Quien gusta de esas canciones, no las ha escuchado con cuidado. Machismo al 100%", "id": "1540893260155158528", "created_at": "2022-06-26T03:02:36.000Z", "author_id": "389886637", "edit_history_tweet_ids": ["1540893260155158528"]}, {"text": "\ud83c\udfc6 2002\n\nOscar Aballe, Walter Acevedo, Ulises Agull\u00f3, Sebasti\u00e1n Aleksoski, Mart\u00edn Allende, Alejandro Chotard, Mart\u00edn Fabi, Fernando Lliteras, Juan Pablo Monti, Constantino Paglialunga, Fabio Pagnanelli, Sebasti\u00e1n Santiago y Gustavo Walter. DT: Roberto Juanpataoro. https://t.co/w4ojEFj5tD", "id": "1539327498412085248", "created_at": "2022-06-21T19:20:49.000Z", "author_id": "492463075", "edit_history_tweet_ids": ["1539327498412085248"]}], "meta": {"newest_id": "1542386240070238211", "oldest_id": "1539327498412085248", "result_count": 8}}