{"data": [{"text": "#ComunidadENESMorelia\nExtendemos la invitaci\u00f3n a la conferencia magistral: Un paseo por la Crom\u00f3sfera y el Disco Solar, impartida por el Dr. Mario Rodr\u00edguez Mart\u00ednez, director de la ENES Unidad Morelia.\n\ud83d\udd35 Martes 19 de abril\n\ud83d\udfe1 11:00 h.\n\ud83d\udce1 Transmisi\u00f3n por FB Live @CCHOte_UNAM https://t.co/6sZ1lErBWx", "author_id": "570377291", "edit_history_tweet_ids": ["1516225774533193730"], "created_at": "2022-04-19T01:22:49.000Z", "id": "1516225774533193730"}, {"text": "@Salcedo_Hugo reinaldo navia,bofo bautista,roberto palacios,cheto lea\u00f1o,said godinez,mario rodriguez etc espectacular ese tecos", "author_id": "910644801392877568", "edit_history_tweet_ids": ["1516218475810889731"], "created_at": "2022-04-19T00:53:49.000Z", "id": "1516218475810889731"}, {"text": "\ud83d\udd39En su examen profesional para optar por el grado de Maestro en Ciencia e Ingenier\u00eda de Materiales por la Universidad Nacional Aut\u00f3noma de M\u00e9xico, @Cfata_Unam \ud83d\udd38Tutor: Mario Enrique Rodr\u00edguez Garc\u00eda, investigador del CFATA.", "author_id": "985918862288879622", "edit_history_tweet_ids": ["1516215664045867012"], "created_at": "2022-04-19T00:42:38.000Z", "id": "1516215664045867012"}, {"text": "@SalvadorGSR @alefrausto Pues si  es otra persona queAMLO, Arturo Herrera, Dolores Padierna, Mario Delgado, Scherer, Jesusa Rodr\u00edguez,  con quienes -a excepci\u00f3n del precios, directa o indirectamente ya nos entrevistamos- \u00a1por favor! jajajaja. Aunque no s\u00e9 si mi h\u00edgado ya quiera.", "author_id": "359156006", "edit_history_tweet_ids": ["1516209340356517894"], "created_at": "2022-04-19T00:17:31.000Z", "id": "1516209340356517894"}, {"text": "RT @bagnotrash: I RODRIGUEZ SONO I MARIO DRAGHI DEI REALITY #isola https://t.co/ruQSnXVLHj", "author_id": "4480481955", "edit_history_tweet_ids": ["1516203994959564802"], "created_at": "2022-04-18T23:56:16.000Z", "id": "1516203994959564802"}, {"text": "@RunRunesWeb Tarek y d\u00f3nde est\u00e1 la orden de captura de la Mario Silva y Diosdado cabello, ellos y su basura de programa todas las semanas instigan al odio tambi\u00e9n iris Valera, los hnos siniestros Rodr\u00edguez y pare de contar, Tarek hay que ser justo y equitativo al momento de impartir justicia.", "author_id": "201035985", "edit_history_tweet_ids": ["1516197556614799368"], "created_at": "2022-04-18T23:30:41.000Z", "id": "1516197556614799368"}, {"text": "RT @bagnotrash: I RODRIGUEZ SONO I MARIO DRAGHI DEI REALITY #isola https://t.co/ruQSnXVLHj", "author_id": "1322516302091661312", "edit_history_tweet_ids": ["1516195728120496133"], "created_at": "2022-04-18T23:23:25.000Z", "id": "1516195728120496133"}, {"text": "Loco Abreu, Mario Rodr\u00edguez, Zdenko Muf https://t.co/WFDYSFa8S5", "author_id": "80906197", "edit_history_tweet_ids": ["1516181043782590471"], "created_at": "2022-04-18T22:25:04.000Z", "id": "1516181043782590471"}, {"text": "RT @DeputacionOU: O presidente da @DeputacionOU asiste \u00e1 presentaci\u00f3n das novas sendas peon\u00eds proxectadas pola @Xunta en @ConcelloEsgos e @\u2026", "author_id": "442802772", "edit_history_tweet_ids": ["1516177101958823936"], "created_at": "2022-04-18T22:09:24.000Z", "id": "1516177101958823936"}, {"text": "RT @ManuelBaltar: Nas Vendas @ConcelloEsgos con @EthelVazquez_m con Proxecto da senda peonil con @ConcelloPereiro . Con @Luis_MenorPerez Ma\u2026", "author_id": "1573187220", "edit_history_tweet_ids": ["1516175836965130240"], "created_at": "2022-04-18T22:04:23.000Z", "id": "1516175836965130240"}, {"text": "RT @ManuelBaltar: Nas Vendas @ConcelloEsgos con @EthelVazquez_m con Proxecto da senda peonil con @ConcelloPereiro . Con @Luis_MenorPerez Ma\u2026", "author_id": "1481342295341424641", "edit_history_tweet_ids": ["1516174806315585542"], "created_at": "2022-04-18T22:00:17.000Z", "id": "1516174806315585542"}, {"text": "RT @ManuelBaltar: Nas Vendas @ConcelloEsgos con @EthelVazquez_m con Proxecto da senda peonil con @ConcelloPereiro . Con @Luis_MenorPerez Ma\u2026", "author_id": "422159509", "edit_history_tweet_ids": ["1516174358200393733"], "created_at": "2022-04-18T21:58:30.000Z", "id": "1516174358200393733"}, {"text": "RT @ManuelBaltar: Nas Vendas @ConcelloEsgos con @EthelVazquez_m con Proxecto da senda peonil con @ConcelloPereiro . Con @Luis_MenorPerez Ma\u2026", "author_id": "210947782", "edit_history_tweet_ids": ["1516174102188417035"], "created_at": "2022-04-18T21:57:29.000Z", "id": "1516174102188417035"}, {"text": "Nas Vendas @ConcelloEsgos con @EthelVazquez_m con Proxecto da senda peonil con @ConcelloPereiro . Con @Luis_MenorPerez Mario Rodr\u00edguez e @GabrielOurense . Parab\u00e9ns! @DeputacionOU @eixoatlantico @ThermalTowns @fempcomunica https://t.co/B1W92aRKGS", "author_id": "98009595", "edit_history_tweet_ids": ["1516174080625549324"], "created_at": "2022-04-18T21:57:24.000Z", "id": "1516174080625549324"}, {"text": "RT @bagnotrash: I RODRIGUEZ SONO I MARIO DRAGHI DEI REALITY #isola https://t.co/ruQSnXVLHj", "author_id": "1341786333199687681", "edit_history_tweet_ids": ["1516170622975545348"], "created_at": "2022-04-18T21:43:40.000Z", "id": "1516170622975545348"}, {"text": "#Edomex C\u00c0DIZ SENEGAL KENDRICK LITIO #ElOro THOR TASTE THE FUTURE CRISTIANO RONALDO #HeresToTheFuture GEORGINA RODR\u00ccGUEZ ROSAL\u00ccA KOEMAN NACIONALIZAR FEDERICA NIJI NATALIE PORTMAN RM3 IS COMING PIQU\u00c8 REBSAMEN NAPOLI CRIS PRATT EL 80% MARIO DELGADO KABAH DEMBELE @lopezobrador_ AMLO https://t.co/Q8F4NyMiSx", "author_id": "1426658893728522248", "edit_history_tweet_ids": ["1516169724165505043"], "created_at": "2022-04-18T21:40:05.000Z", "id": "1516169724165505043"}, {"text": "Gustavo rodriguez 5% \u2026 un mario ermito qualunque! #isola \ud83d\ude02\ud83d\ude02", "author_id": "499221837", "edit_history_tweet_ids": ["1516166042019667971"], "created_at": "2022-04-18T21:25:28.000Z", "id": "1516166042019667971"}, {"text": "\u2705 MARIO GRANADENO (29) 3:05:08\n\u2705 SOFIA CARIAS (24) 3:13:29\n\u2705 HUMBERTO ZEPEDA (43) 3:14:19\n\u2705 CARLOS MARIN (47) 3:18:22\n\u2705 MARIO SALMER\u00d3N (58) 3:21:04\n\u2705 VIRGINA RODR\u00cdGUEZ (31) 3:22:22\n\u2705 MIGUEL S\u00c1NCHEZ RUANO (54) 3:22:54\n\u2705 KAREN CUBIAS (48) 3:26:42\n\ud83d\udc47", "author_id": "241186833", "edit_history_tweet_ids": ["1516161979249041416"], "created_at": "2022-04-18T21:09:19.000Z", "id": "1516161979249041416"}, {"text": "RT @bagnotrash: I RODRIGUEZ SONO I MARIO DRAGHI DEI REALITY #isola https://t.co/ruQSnXVLHj", "author_id": "828223254250786816", "edit_history_tweet_ids": ["1516160494276689928"], "created_at": "2022-04-18T21:03:25.000Z", "id": "1516160494276689928"}, {"text": "RT @bagnotrash: I RODRIGUEZ SONO I MARIO DRAGHI DEI REALITY #isola https://t.co/ruQSnXVLHj", "author_id": "1428344058678759425", "edit_history_tweet_ids": ["1516158273732362249"], "created_at": "2022-04-18T20:54:35.000Z", "id": "1516158273732362249"}, {"text": "Mario Irivarren tras paseo por Semana Santa en Trujillo: \u201cQu\u00e9 matado es manejar toda la madrugada\u201d\n\u25bahttps://t.co/UTdkLFsJZ4", "author_id": "204962679", "edit_history_tweet_ids": ["1516157117098463235"], "created_at": "2022-04-18T20:50:00.000Z", "id": "1516157117098463235"}, {"text": "@futboholik1947 Bramka Diego Alves\nObrona Willy Sagnol\nPomoc Vicente Rodriguez\nAtak Mario Gomez", "author_id": "2252015472", "edit_history_tweet_ids": ["1516154860495941632"], "created_at": "2022-04-18T20:41:02.000Z", "id": "1516154860495941632"}, {"text": "RT @bagnotrash: I RODRIGUEZ SONO I MARIO DRAGHI DEI REALITY #isola https://t.co/ruQSnXVLHj", "author_id": "3140057315", "edit_history_tweet_ids": ["1516149288904056838"], "created_at": "2022-04-18T20:18:53.000Z", "id": "1516149288904056838"}, {"text": "RT @bagnotrash: I RODRIGUEZ SONO I MARIO DRAGHI DEI REALITY #isola https://t.co/ruQSnXVLHj", "author_id": "2490233792", "edit_history_tweet_ids": ["1516149165520269328"], "created_at": "2022-04-18T20:18:24.000Z", "id": "1516149165520269328"}, {"text": "RT @bagnotrash: I RODRIGUEZ SONO I MARIO DRAGHI DEI REALITY #isola https://t.co/ruQSnXVLHj", "author_id": "1435206324715929602", "edit_history_tweet_ids": ["1516148767661117456"], "created_at": "2022-04-18T20:16:49.000Z", "id": "1516148767661117456"}, {"text": "RT @bagnotrash: I RODRIGUEZ SONO I MARIO DRAGHI DEI REALITY #isola https://t.co/ruQSnXVLHj", "author_id": "3298459832", "edit_history_tweet_ids": ["1516148585791905792"], "created_at": "2022-04-18T20:16:06.000Z", "id": "1516148585791905792"}, {"text": "RT @bagnotrash: I RODRIGUEZ SONO I MARIO DRAGHI DEI REALITY #isola https://t.co/ruQSnXVLHj", "author_id": "1058644007935533056", "edit_history_tweet_ids": ["1516147840510271505"], "created_at": "2022-04-18T20:13:08.000Z", "id": "1516147840510271505"}, {"text": "RT @bagnotrash: I RODRIGUEZ SONO I MARIO DRAGHI DEI REALITY #isola https://t.co/ruQSnXVLHj", "author_id": "173385078", "edit_history_tweet_ids": ["1516147757064536072"], "created_at": "2022-04-18T20:12:48.000Z", "id": "1516147757064536072"}, {"text": "RT @bagnotrash: I RODRIGUEZ SONO I MARIO DRAGHI DEI REALITY #isola https://t.co/ruQSnXVLHj", "author_id": "828714962851880962", "edit_history_tweet_ids": ["1516147536821633032"], "created_at": "2022-04-18T20:11:56.000Z", "id": "1516147536821633032"}, {"text": "RT @bagnotrash: I RODRIGUEZ SONO I MARIO DRAGHI DEI REALITY #isola https://t.co/ruQSnXVLHj", "author_id": "34355343", "edit_history_tweet_ids": ["1516147505246920706"], "created_at": "2022-04-18T20:11:48.000Z", "id": "1516147505246920706"}, {"text": "RT @bagnotrash: I RODRIGUEZ SONO I MARIO DRAGHI DEI REALITY #isola https://t.co/ruQSnXVLHj", "author_id": "417382644", "edit_history_tweet_ids": ["1516146883806347271"], "created_at": "2022-04-18T20:09:20.000Z", "id": "1516146883806347271"}, {"text": "RT @bagnotrash: I RODRIGUEZ SONO I MARIO DRAGHI DEI REALITY #isola https://t.co/ruQSnXVLHj", "author_id": "1440228533423403014", "edit_history_tweet_ids": ["1516146819666956299"], "created_at": "2022-04-18T20:09:05.000Z", "id": "1516146819666956299"}, {"text": "I Rodriguez sono i nuovi Mario Draghi dei reality hahahahahah\nMA IO NON\n#isola https://t.co/bI4er7OQQD", "author_id": "1474428492636987394", "edit_history_tweet_ids": ["1516146723823005698"], "created_at": "2022-04-18T20:08:42.000Z", "id": "1516146723823005698"}, {"text": "I RODRIGUEZ SONO I MARIO DRAGHI DEI REALITY #isola https://t.co/ruQSnXVLHj", "author_id": "913847849053548544", "edit_history_tweet_ids": ["1516146628012425216"], "created_at": "2022-04-18T20:08:19.000Z", "id": "1516146628012425216"}, {"text": "@vinithedev @PsGoularte @TheOliveiralol @Thiagocartman @monitor16x9foda @JoJo_SP3 @6ssss6S @breno_rodriguez @_natanael666 Que Mario?", "author_id": "1352063640887832577", "edit_history_tweet_ids": ["1516136737730445320"], "created_at": "2022-04-18T19:29:01.000Z", "id": "1516136737730445320"}, {"text": "RT @Drago237: 11. Christi\u00e1n Rodr\u00edguez. Actual Administraci\u00f3n;\u201cles ha visto la cara\u201d, porque en 3 a\u00f1os no les ha dado Respuestas e Instituci\u2026", "author_id": "1188881303816589314", "edit_history_tweet_ids": ["1516134947329032192"], "created_at": "2022-04-18T19:21:54.000Z", "id": "1516134947329032192"}, {"text": "RT @Drago237: 16. Everardo Rodr\u00edguez. Actual Administraci\u00f3n;\u201cles ha visto la cara\u201d, porque en 3 a\u00f1os no les ha dado Respuestas e Institucio\u2026", "author_id": "1188881303816589314", "edit_history_tweet_ids": ["1516134862977122310"], "created_at": "2022-04-18T19:21:34.000Z", "id": "1516134862977122310"}, {"text": "RT @Drago237: 21. Jes\u00fas Rodr\u00edguez. Actual Administraci\u00f3n;\u201cles ha visto la cara\u201d, porque en 3 a\u00f1os no les ha dado Respuestas e Instituciones\u2026", "author_id": "1188881303816589314", "edit_history_tweet_ids": ["1516134769788133387"], "created_at": "2022-04-18T19:21:12.000Z", "id": "1516134769788133387"}, {"text": "RT @DeputacionOU: O presidente da @DeputacionOU asiste \u00e1 presentaci\u00f3n das novas sendas peon\u00eds proxectadas pola @Xunta en @ConcelloEsgos e @\u2026", "author_id": "751027753860890624", "edit_history_tweet_ids": ["1516124761428049922"], "created_at": "2022-04-18T18:41:26.000Z", "id": "1516124761428049922"}, {"text": "RT @LPNLaPampa: \u2b50\ufe0fHugo Ampuero \u2b50\ufe0f Mario Rodr\u00edguez, dos viajeros que \"encontraron la muerte\" en Santa Rosa. \n\nVisibilizar para prevenir @Est\u2026", "author_id": "51753868", "edit_history_tweet_ids": ["1516121529494474754"], "created_at": "2022-04-18T18:28:35.000Z", "id": "1516121529494474754"}, {"text": "\u2b50\ufe0fHugo Ampuero \u2b50\ufe0f Mario Rodr\u00edguez, dos viajeros que \"encontraron la muerte\" en Santa Rosa. \n\nVisibilizar para prevenir @EstrellasPampa \ud83d\udc47\nhttps://t.co/hXGZwGHGlC", "author_id": "843914282328821761", "edit_history_tweet_ids": ["1516121273574825987"], "created_at": "2022-04-18T18:27:34.000Z", "id": "1516121273574825987"}, {"text": "RT @DeputacionOU: O presidente da @DeputacionOU asiste \u00e1 presentaci\u00f3n das novas sendas peon\u00eds proxectadas pola @Xunta en @ConcelloEsgos e @\u2026", "author_id": "210947782", "edit_history_tweet_ids": ["1516106273409933330"], "created_at": "2022-04-18T17:27:58.000Z", "id": "1516106273409933330"}, {"text": "@SensaCineMx 21 de abril. Mario Rodr\u00edguez Carmona", "author_id": "2636670113", "edit_history_tweet_ids": ["1516106163795996672"], "created_at": "2022-04-18T17:27:31.000Z", "id": "1516106163795996672"}, {"text": "RT @DeputacionOU: O presidente da @DeputacionOU asiste \u00e1 presentaci\u00f3n das novas sendas peon\u00eds proxectadas pola @Xunta en @ConcelloEsgos e @\u2026", "author_id": "351967561", "edit_history_tweet_ids": ["1516105180663713797"], "created_at": "2022-04-18T17:23:37.000Z", "id": "1516105180663713797"}, {"text": "Si t\u00fa cambias, todo cambia - Carlos Mario Rodr\u00edguez https://t.co/jw51bfbQ5K", "author_id": "25084484", "edit_history_tweet_ids": ["1516084244224782336"], "created_at": "2022-04-18T16:00:25.000Z", "id": "1516084244224782336"}, {"text": "RT @DeputacionOU: O presidente da @DeputacionOU asiste \u00e1 presentaci\u00f3n das novas sendas peon\u00eds proxectadas pola @Xunta en @ConcelloEsgos e @\u2026", "author_id": "2392706936", "edit_history_tweet_ids": ["1516083771224776707"], "created_at": "2022-04-18T15:58:33.000Z", "id": "1516083771224776707"}, {"text": "RT @Sinremitente21: \"Echaremos mano de ley de Industria El\u00e9ctrica para bajar tarifas de luz\", anticipa @manuel_rdgn  https://t.co/LDZKews1h\u2026", "author_id": "742920843571781633", "edit_history_tweet_ids": ["1516068378603044870"], "created_at": "2022-04-18T14:57:23.000Z", "id": "1516068378603044870"}, {"text": "\"Echaremos mano de ley de Industria El\u00e9ctrica para bajar tarifas de luz\", anticipa @manuel_rdgn  https://t.co/LDZKews1hk v\u00eda @sinremitente21 @lopezobrador_ @adan_augusto @cmmerino @AbrahmSolorzano @leonelconsultor @mario_delgado @Mx_Diputados", "author_id": "742920843571781633", "edit_history_tweet_ids": ["1516068186143264771"], "created_at": "2022-04-18T14:56:37.000Z", "id": "1516068186143264771"}, {"text": "@mario_delgado Jajaja hasta dentro \ud83d\udc47igualito tuvieron respuesta como cuando Jesusa Rodr\u00edguez contest\u00f3; Qu\u00e9 se chinguen ogts. Ja ja ja ja https://t.co/4IGXAX2yaA", "author_id": "1448691767558168577", "edit_history_tweet_ids": ["1516066317056446469"], "created_at": "2022-04-18T14:49:11.000Z", "id": "1516066317056446469"}, {"text": "O presidente da @DeputacionOU asiste \u00e1 presentaci\u00f3n das novas sendas peon\u00eds proxectadas pola @Xunta en @ConcelloEsgos e @ConcelloPereiro \n\n\ud83c\udfa5 @ManuelBaltar @GabrielOurense @EthelVazquez_m @Luis_MenorPerez e Mario Rodr\u00edguez  \nhttps://t.co/nm3V7XIQGz https://t.co/GbNudKEf5A", "author_id": "533023501", "edit_history_tweet_ids": ["1516059005252259845"], "created_at": "2022-04-18T14:20:08.000Z", "id": "1516059005252259845"}, {"text": "\ud83d\udd1c PR\u00d3XIMO PARTIDO\n\n\ud83c\udd9a Talleres\n\ud83d\uddd3 Mi\u00e9rcoles 20 de abril\n\u231a\ufe0f 19.00\n\ud83c\udfc6 Copa de la Liga Profesional\n\ud83d\udccc Fecha 11\n\ud83c\udfdf Mario Alberto Kempes\n\ud83d\udcfb @Guemes1050\n\ud83d\udd17 https://t.co/XfufYkNS2B\n\u2696\ufe0f \u00c1rbitro: Patricio Loustau\n\ud83c\udff3\ufe0f 1-Juan Pablo Belatti\n\ud83c\udff3\ufe0f 2-Facundo Rodr\u00edguez\n\ud83d\udda5 VAR: Pablo D\u00f3valo https://t.co/nds6Tp2Vxj", "author_id": "2336982692", "edit_history_tweet_ids": ["1516052036038578176"], "created_at": "2022-04-18T13:52:26.000Z", "id": "1516052036038578176"}, {"text": "RT @projectdivebomb: New Article in DIVEBOMB:\n\"Australian Grand Prix Preview\" by Mario Rodr\u00edguez\nhttps://t.co/o0wutFINy2", "author_id": "933109256672473090", "edit_history_tweet_ids": ["1516050302880866305"], "created_at": "2022-04-18T13:45:33.000Z", "id": "1516050302880866305"}, {"text": "RT @VirnaJohnson: Lideramos controles en las playas de #SantaMarta con el CC Mario Rodr\u00edguez, Comandante de la Estaci\u00f3n de Guardacostas y e\u2026", "author_id": "991132189000642560", "edit_history_tweet_ids": ["1516040518656012291"], "created_at": "2022-04-18T13:06:40.000Z", "id": "1516040518656012291"}, {"text": "#TeBuscamos Mario Reyes Rodr\u00edguez 1/5/10 #VillaUni\u00f3n #Durango    #Dgo #911 @MissJuliaOrwell https://t.co/rFAKmYEzY8", "author_id": "915319016", "edit_history_tweet_ids": ["1516036097901486083"], "created_at": "2022-04-18T12:49:06.000Z", "id": "1516036097901486083"}, {"text": "@PsGoularte @TheOliveiralol @Thiagocartman @monitor16x9foda @JoJo_SP3 @6ssss6S @breno_rodriguez @_natanael666 Que Mario?", "author_id": "194831502", "edit_history_tweet_ids": ["1516031060622073859"], "created_at": "2022-04-18T12:29:06.000Z", "id": "1516031060622073859"}, {"text": "@TheOliveiralol @Thiagocartman @monitor16x9foda @JoJo_SP3 @6ssss6S @breno_rodriguez @_natanael666 Que mario?", "author_id": "1366899904392671239", "edit_history_tweet_ids": ["1516006064403017728"], "created_at": "2022-04-18T10:49:46.000Z", "id": "1516006064403017728"}, {"text": "\u00a1\u00a1 Aguas John @JohnMAckerman !! Hablas de los \"amigos impresentables\" de @mario_delgado . Pero t\u00fa invitaste a cenar a tu casa a Nacho Rodr\u00edguez @NachoRgz El Chapucero, el cual daba a entender que AMLO se DROGABA, que es ABURRIDO ESCUCHARLO HABLAR y hasta aludiendo al infarto https://t.co/RTHbTfF3qS", "author_id": "1089046870112911361", "edit_history_tweet_ids": ["1515988964322287621"], "created_at": "2022-04-18T09:41:49.000Z", "id": "1515988964322287621"}, {"text": "@Thiagocartman @monitor16x9foda @JoJo_SP3 @6ssss6S @breno_rodriguez @_natanael666 Que Mario?", "author_id": "722029776102387712", "edit_history_tweet_ids": ["1515987974487519239"], "created_at": "2022-04-18T09:37:53.000Z", "id": "1515987974487519239"}, {"text": "@monitor16x9foda @JoJo_SP3 @6ssss6S @breno_rodriguez @_natanael666 Que Mario?", "author_id": "863063334215614466", "edit_history_tweet_ids": ["1515953670336229380"], "created_at": "2022-04-18T07:21:34.000Z", "id": "1515953670336229380"}, {"text": "@6ssss6S @breno_rodriguez @_natanael666 Que Mario?", "author_id": "1159668161991598083", "edit_history_tweet_ids": ["1515915783645372424"], "created_at": "2022-04-18T04:51:01.000Z", "id": "1515915783645372424"}, {"text": "SOFIA CARIAS (24)\nKAREN CUBIAS (48)\nHECTOR FUENTES RIVERA (42)\nTANIA GARCIA (47)\nCARLOS GOMEZ (46)\nMARIO GRANADENO (29)\nELVIN ROLANDO JIM\u00c9NEZ (57)\nCARLOS MARIN (47)\nKATTIA MARTINEZ (51)\nGLADIS MEL\u00c9NDEZ (43)\nJOCELYN RIVAS (25)\nVIRGINA RODR\u00cdGUEZ (31)\nILEANA ROMERO (44)\n\ud83d\udc47", "author_id": "241186833", "edit_history_tweet_ids": ["1515888714244886528"], "created_at": "2022-04-18T03:03:27.000Z", "id": "1515888714244886528"}, {"text": "RT @CapitanOlvido: @GustavoBolivar Que los caballistas en EEUU est\u00e9n con @FicoGutierrez dice mucho, ya que notables ciudadanos como Jos\u00e9 Go\u2026", "author_id": "987862494", "edit_history_tweet_ids": ["1515848891467538439"], "created_at": "2022-04-18T00:25:13.000Z", "id": "1515848891467538439"}, {"text": "@GustavoBolivar Que los caballistas en EEUU est\u00e9n con @FicoGutierrez dice mucho, ya que notables ciudadanos como Jos\u00e9 Gonzalo Rodr\u00edguez Gacha, Joaqu\u00edn Mario Valencia, Roberto Escobar Gaviria y N\u00e9stor Tarazona y otros m\u00e1s han sido notables caballistas... mafiosos.", "author_id": "201366071", "edit_history_tweet_ids": ["1515842311099408398"], "created_at": "2022-04-17T23:59:04.000Z", "id": "1515842311099408398"}, {"text": "RT @Sinremitente21: O est\u00e1n con M\u00e9xico o siguen a favor de intereses de transnacionales, exige @manuel_rdgn a la oposici\u00f3n https://t.co/xEs\u2026", "author_id": "174352085", "edit_history_tweet_ids": ["1515829282752417792"], "created_at": "2022-04-17T23:07:18.000Z", "id": "1515829282752417792"}, {"text": "@CDOlimpia Bajo rendimiento futbol\u00edstico de Edwin Rodr\u00edguez , igual Mario pinto", "author_id": "1485067440325382146", "edit_history_tweet_ids": ["1515810710542073876"], "created_at": "2022-04-17T21:53:30.000Z", "id": "1515810710542073876"}, {"text": "RT @ISTUSV: \u00a1Como tocar el cielo! \u2601\ufe0f\n\nRico clima, contacto directo con la naturaleza y el buen ambiente que le pone Mario Rodr\u00edguez con sus\u2026", "author_id": "1034332325730050048", "edit_history_tweet_ids": ["1515809324966334467"], "created_at": "2022-04-17T21:48:00.000Z", "id": "1515809324966334467"}, {"text": "@reyesenrry SI ESTO LO HACIA CARLOS ANDRES LUSINCHE O LUIS HERRERA PARA MADURO,DELCY,JACKELINE  JORGE RODRIGUEZ,MARIO SILVA,ETC ERA EL MEGA ESCANDOLO Y HABIA QUE QUEMAR CAUCHOS Y LLEGAR A MIRAFLORES PERO COMO AHORA LO HACEN ELLOS...Y EL PUEBLO CALLADITO Y APLAUDIENDO NO PIDEN CUENTAS", "author_id": "263183208", "edit_history_tweet_ids": ["1515805394748198922"], "created_at": "2022-04-17T21:32:23.000Z", "id": "1515805394748198922"}, {"text": "\u00a1Como tocar el cielo! \u2601\ufe0f\n\nRico clima, contacto directo con la naturaleza y el buen ambiente que le pone Mario Rodr\u00edguez con sus interpretaciones hacen que el parque natural #CerroVerde sea el lugar perfecto para compartir en estas vacaciones. \ud83d\ude0e https://t.co/cFaM74o55S", "author_id": "1397742260", "edit_history_tweet_ids": ["1515801783913824267"], "created_at": "2022-04-17T21:18:02.000Z", "id": "1515801783913824267"}, {"text": "RT @Sinremitente21: O est\u00e1n con M\u00e9xico o siguen a favor de intereses de transnacionales, exige @manuel_rdgn a la oposici\u00f3n https://t.co/xEs\u2026", "author_id": "305957464", "edit_history_tweet_ids": ["1515798449488244739"], "created_at": "2022-04-17T21:04:47.000Z", "id": "1515798449488244739"}, {"text": "@Betocoralg @FicoGutierrez Insignes caballistas:Gonzalo Rodr\u00edguez Gacha, Joaquin Mario Valencia (esposo de Luz Mery Trist\u00e1n) extraditado. Nestor Tarazona alias \u201cel caballista\u201d lavador del Cartel de Sinaloa, Roberto Escobar \u201cel Osito\u201d due\u00f1o del caballo Terremoto al que los Pepes castraron y la lista sigue.", "author_id": "201366071", "edit_history_tweet_ids": ["1515796909616734210"], "created_at": "2022-04-17T20:58:40.000Z", "id": "1515796909616734210"}, {"text": "RT @Noticias_Tabasc: Rodr\u00edguez Gonz\u00e1lez asevera que el pa\u00eds enfrenta a saber qui\u00e9nes son los legisladores que est\u00e1n a favor de la Patria o\u2026", "author_id": "188994953", "edit_history_tweet_ids": ["1515792726071119872"], "created_at": "2022-04-17T20:42:02.000Z", "id": "1515792726071119872"}, {"text": "RT @Sinremitente21: O est\u00e1n con M\u00e9xico o siguen a favor de intereses de transnacionales, exige @manuel_rdgn a la oposici\u00f3n https://t.co/xEs\u2026", "author_id": "188994953", "edit_history_tweet_ids": ["1515792204412899328"], "created_at": "2022-04-17T20:39:58.000Z", "id": "1515792204412899328"}, {"text": "RT @Noticias_Tabasc: Rodr\u00edguez Gonz\u00e1lez asevera que el pa\u00eds enfrenta a saber qui\u00e9nes son los legisladores que est\u00e1n a favor de la Patria o\u2026", "author_id": "492465986", "edit_history_tweet_ids": ["1515784397399769090"], "created_at": "2022-04-17T20:08:56.000Z", "id": "1515784397399769090"}, {"text": "Rodr\u00edguez Gonz\u00e1lez asevera que el pa\u00eds enfrenta a saber qui\u00e9nes son los legisladores que est\u00e1n a favor de la Patria o en contra, y benefician a los privados.\n\n@CFEmx @PartidoMorenaMx @Mx_Diputados @mario_delgado @adan_augusto", "author_id": "880173799160909825", "edit_history_tweet_ids": ["1515781116950634496"], "created_at": "2022-04-17T19:55:54.000Z", "id": "1515781116950634496"}, {"text": "@Cgarry1022 Acosta, Arriola, Luis Gil, Jose Villarreal, Mario Rodr\u00edguez, Brooks, Yedlin come to mind", "author_id": "247878078", "edit_history_tweet_ids": ["1515776246482972672"], "created_at": "2022-04-17T19:36:33.000Z", "id": "1515776246482972672"}, {"text": "RT @Sinremitente21: O est\u00e1n con M\u00e9xico o siguen a favor de intereses de transnacionales, exige @manuel_rdgn a la oposici\u00f3n https://t.co/xEs\u2026", "author_id": "436483032", "edit_history_tweet_ids": ["1515774578827616257"], "created_at": "2022-04-17T19:29:55.000Z", "id": "1515774578827616257"}, {"text": "Mario Rodr\u00edguez: inmerso en el sue\u00f1o de la actuaci\u00f3n https://t.co/hHHtqolPIr", "author_id": "4530539653", "edit_history_tweet_ids": ["1515772152796098572"], "created_at": "2022-04-17T19:20:17.000Z", "id": "1515772152796098572"}, {"text": "RT @Sinremitente21: O est\u00e1n con M\u00e9xico o siguen a favor de intereses de transnacionales, exige @manuel_rdgn a la oposici\u00f3n https://t.co/xEs\u2026", "author_id": "492465986", "edit_history_tweet_ids": ["1515771312706306052"], "created_at": "2022-04-17T19:16:57.000Z", "id": "1515771312706306052"}, {"text": "#PrimeraRP | Suplentes de #Huachipato\n\n1. Yerko Urra \ud83e\udde4\n11. Juan C\u00f3rdova \ud83c\udde8\ud83c\udde6\n15. Maximiliano Rodr\u00edguez\n19. Marcelo Ca\u00f1ete \ud83c\udde6\ud83c\uddf7\n20. Jimmy Mart\u00ednez\n26. Basti\u00e1n Roco\n29. Claudio Torres\n\nDT: Mario Salas", "author_id": "3044607661", "edit_history_tweet_ids": ["1515767425001684992"], "created_at": "2022-04-17T19:01:30.000Z", "id": "1515767425001684992"}, {"text": "RT @Sinremitente21: O est\u00e1n con M\u00e9xico o siguen a favor de intereses de transnacionales, exige @manuel_rdgn a la oposici\u00f3n https://t.co/xEs\u2026", "author_id": "742920843571781633", "edit_history_tweet_ids": ["1515764337591336960"], "created_at": "2022-04-17T18:49:14.000Z", "id": "1515764337591336960"}, {"text": "O est\u00e1n con M\u00e9xico o siguen a favor de intereses de transnacionales, exige @manuel_rdgn a la oposici\u00f3n https://t.co/xEssf2SDPH v\u00eda @sinremitente21 @lopezobrador_ @adan_augusto @Mx_Diputados @cmmerino @victor_ulin @leonelconsultor @AbrahmSolorzano @mario_delgado", "author_id": "742920843571781633", "edit_history_tweet_ids": ["1515764091683495936"], "created_at": "2022-04-17T18:48:15.000Z", "id": "1515764091683495936"}, {"text": "RT @rcdlccom: #Fabril (4-2-3-1) Brais Su\u00e1rez \u2013 Curr\u00e1s, Dani Barcia, David Su\u00e1rez, Juan Rodr\u00edguez \u2013 Mario Dom\u00ednguez, Barba \u2013 V\u00edctor Guerra,\u2026", "author_id": "893552662578438144", "edit_history_tweet_ids": ["1515761177921527816"], "created_at": "2022-04-17T18:36:40.000Z", "id": "1515761177921527816"}, {"text": "\u23f0 \u00a1Final en el Heliodoro Rodr\u00edguez L\u00f3pez!\nEl Tenerife se pone a cinco puntos del ascenso directo ante un Fuenlabrada que acumula su cuarta derrota seguida.\n(3-1)\n\u26bd\u26bd\u26bd Enric Gallego y Mario Gonz\u00e1lez (2)\n\u26bd Pedro Le\u00f3n (penalti)\n#TenerifeFuenla \n#LaLigaSmartBank https://t.co/cCRBxQUabh", "author_id": "797446196273016832", "edit_history_tweet_ids": ["1515756787508654080"], "created_at": "2022-04-17T18:19:14.000Z", "id": "1515756787508654080"}, {"text": "RT @rcdlccom: #Fabril (4-2-3-1) Brais Su\u00e1rez \u2013 Curr\u00e1s, Dani Barcia, David Su\u00e1rez, Juan Rodr\u00edguez \u2013 Mario Dom\u00ednguez, Barba \u2013 V\u00edctor Guerra,\u2026", "author_id": "432977028", "edit_history_tweet_ids": ["1515755649283547156"], "created_at": "2022-04-17T18:14:42.000Z", "id": "1515755649283547156"}, {"text": "RT @VirnaJohnson: Lideramos controles en las playas de #SantaMarta con el CC Mario Rodr\u00edguez, Comandante de la Estaci\u00f3n de Guardacostas y e\u2026", "author_id": "1478112341774540807", "edit_history_tweet_ids": ["1515753819438825473"], "created_at": "2022-04-17T18:07:26.000Z", "id": "1515753819438825473"}, {"text": "\u201cTHE POPE IS MY FATHER.\u201d CUBA. \u201cPOPE JOHN PAUL. THE SECOND.\u201d \u201cAFONSO MARIO BERGOLIO RIVERA RODRIGUEZ EMMANUEL ALEXANDER.\u201d May 18th. 1920. Leviticus 34. Holy Queen. April 2nd, 2005. Kathleen Alexandra Regalado. Sofia of Greece Rome Denmark Skagerrak Strait. Holy Bible. USA. https://t.co/XSLxgerQwV", "author_id": "2157610926", "edit_history_tweet_ids": ["1515747074746294281"], "created_at": "2022-04-17T17:40:38.000Z", "id": "1515747074746294281"}, {"text": "EN DIRECTO | \u00a1Goooooooooool de Mario Gonz\u00e1lez, al rematar de lado un buen centro de Bermejo! \u00a1Gooooooooooooool del Tenerife en el Heliodoro Rodr\u00edguez L\u00f3pez!\n\n53' @CDTOficial 3-0 @Fuenla  \u26bd\ufe0f#LaLigaSmartBank\n\nhttps://t.co/48uC6r0upj https://t.co/h7uVIwLH94", "author_id": "826121524834877441", "edit_history_tweet_ids": ["1515744581308067845"], "created_at": "2022-04-17T17:30:44.000Z", "id": "1515744581308067845"}, {"text": "#Fabril (4-2-3-1) Brais Su\u00e1rez \u2013 Curr\u00e1s, Dani Barcia, David Su\u00e1rez, Juan Rodr\u00edguez \u2013 Mario Dom\u00ednguez, Barba \u2013 V\u00edctor Guerra, Jairo, Mella \u2013 Davo.", "author_id": "274806743", "edit_history_tweet_ids": ["1515739062916816896"], "created_at": "2022-04-17T17:08:48.000Z", "id": "1515739062916816896"}, {"text": "@modohistoriapod @tono_rodriguez Ah\u00ed est\u00e1 lo que dec\u00eda Mato, n\u00famero 8, presentando a Mario Paint pintando Mario Kart en portada https://t.co/mi4iXhKUTi", "author_id": "280168823", "edit_history_tweet_ids": ["1515719687325237256"], "created_at": "2022-04-17T15:51:48.000Z", "id": "1515719687325237256"}], "meta": {"newest_id": "1516225774533193730", "oldest_id": "1515719687325237256", "result_count": 89, "next_token": "b26v89c19zqg8o3fpytn4p8vxu1tnbxtn7jpq8hyts9z1"}}