{"data": [{"created_at": "2022-04-26T16:50:36.000Z", "id": "1518995975779631104", "author_id": "239080216", "edit_history_tweet_ids": ["1518995975779631104"], "text": "RT @JMPereira61: Hoy presentamos este libro en @FILBogota Autores: @DiegoGaRam @juanramosmartin Germ\u00e1n Rey, Daniel Valencia, Jos\u00e9 Miguel Pe\u2026"}, {"created_at": "2022-04-26T16:49:24.000Z", "id": "1518995672707616776", "author_id": "221975126", "edit_history_tweet_ids": ["1518995672707616776"], "text": "RT @milenio_edomex: #Edomex | Aproximadamente 200 vecinos de Temoaya bloquearon el Libramiento Ruta de la Independencia Bicentenario, con d\u2026"}, {"created_at": "2022-04-26T16:43:43.000Z", "id": "1518994241568997376", "author_id": "90688877", "edit_history_tweet_ids": ["1518994241568997376"], "text": "#Edomex | Aproximadamente 200 vecinos de Temoaya bloquearon el Libramiento Ruta de la Independencia Bicentenario, con direcci\u00f3n a Ixtapan de la Sal y Valle de Bravo. \nPiden solucionar la falta de agua y frenar la presunta tala de \u00e1rboles. \n\nVideo: Mario C. Rodr\u00edguez https://t.co/YnoDhUBT7N"}, {"created_at": "2022-04-26T16:13:27.000Z", "id": "1518986623576334338", "author_id": "2802778752", "edit_history_tweet_ids": ["1518986623576334338"], "text": "RT @JMPereira61: Hoy presentamos este libro en @FILBogota Autores: @DiegoGaRam @juanramosmartin Germ\u00e1n Rey, Daniel Valencia, Jos\u00e9 Miguel Pe\u2026"}, {"created_at": "2022-04-26T16:07:25.000Z", "id": "1518985108820213760", "author_id": "395580139", "edit_history_tweet_ids": ["1518985108820213760"], "text": "@PGuillermoSerra Viena Sof\u00eda Plata Guao\nMartha Cecilia Guao Rodr\u00edguez\nThal\u00eda Plata Guao\nPedro Mario Plata Guao"}, {"created_at": "2022-04-26T16:00:07.000Z", "id": "1518983270809186307", "author_id": "181810818", "edit_history_tweet_ids": ["1518983270809186307"], "text": "RT @JMPereira61: Hoy presentamos este libro en @FILBogota Autores: @DiegoGaRam @juanramosmartin Germ\u00e1n Rey, Daniel Valencia, Jos\u00e9 Miguel Pe\u2026"}, {"created_at": "2022-04-26T15:47:42.000Z", "id": "1518980143275991041", "author_id": "388592826", "edit_history_tweet_ids": ["1518980143275991041"], "text": "Hoy presentamos este libro en @FILBogota Autores: @DiegoGaRam @juanramosmartin Germ\u00e1n Rey, Daniel Valencia, Jos\u00e9 Miguel Pereira, Mirla Villadiego, Jairo Rodr\u00edguez, Juan Carlos Garz\u00f3n, Fredy Pinilla, D\u00e9bora P\u00e9rez, Anc\u00edzar Narv\u00e1ez, Andr\u00e9s Medina, Mario Guerrero, Ava G\u00f3mez... https://t.co/87Bta6SwIa"}, {"created_at": "2022-04-26T15:44:24.000Z", "id": "1518979314426933248", "author_id": "1206997770021720064", "edit_history_tweet_ids": ["1518979314426933248"], "text": "@LidiaRodGon @JTrianaT @mario_delgado JAJA QUIEN LO DICE UN BOTS JAJA\nCHULADA DE PERFIL JAJA\n\nLidia Rodr\u00edguez\n@LidiaRodGon\n215 Siguiendo\ud83d\ude02\ud83d\ude02\ud83d\ude02\ud83d\ude02\n106 Seguidores\ud83e\udd23\ud83e\udd23\ud83e\udd23\ud83e\udd23 https://t.co/ROsJTz7Csf"}, {"created_at": "2022-04-26T15:36:50.000Z", "id": "1518977411123224577", "author_id": "894535526472089605", "edit_history_tweet_ids": ["1518977411123224577"], "text": "Participaron:\n\ud83c\udfc3\ud83c\udffb\u200d\u2642\ufe0f \ud83c\udfc3\ud83c\udffb\u200d\u2640\ufe0fMiguel P\u00e9rez, Mario Tudela (sub-8), Sergio Rodr\u00edguez,Ana Ibarra,Lara Rosales (sub-10), Natalia Vilar,Andrea Mart\u00ednez, Ra\u00fal Alcazar, \u00c1ngel Navarro,Rafael M\u00e9ndez, Joaqu\u00edn L\u00f3pez,Miguel Ibarra, Luc\u00eda Ruiz,Luc\u00eda Florencio,Fabiola Rodr\u00edguez (sub-12). \n\u203c\ufe0fEnhorabuena\u203c\ufe0f https://t.co/tvp7eSL2yV"}, {"created_at": "2022-04-26T15:34:40.000Z", "id": "1518976866341863426", "author_id": "728581489605120000", "edit_history_tweet_ids": ["1518976866341863426"], "text": "Cuando despert\u00f3, Mario Rodr\u00edguez Cervantes ya no estaba all\u00ed."}, {"created_at": "2022-04-26T14:43:15.000Z", "id": "1518963924145741825", "author_id": "1508636130", "edit_history_tweet_ids": ["1518963924145741825"], "text": "@SportsCenterBR Pelo Santos, fico na d\u00favida entre M\u00e1rio Agostin Cejas e Rodolfo S\u00e9rgio Rodriguez y Rodriguez. N\u00e3o vi Cl\u00e1udio nem Gilmar. Fora o Santos gostava muito  do alem\u00e3o Sepp Mayer e do ingl\u00eas Gordon Banks."}, {"created_at": "2022-04-26T14:19:17.000Z", "id": "1518957893151825920", "author_id": "160015297", "edit_history_tweet_ids": ["1518957893151825920"], "text": "Mario Abdo\nCarlos Antonio L\u00f3pez\nGaspar Rodr\u00edguez de Francia\nNicanor Duarte Frutos\n\nLos mejores presidentes de la historia de este pa\u00eds de morondanga"}, {"created_at": "2022-04-26T14:16:03.000Z", "id": "1518957079024832515", "author_id": "1504281286122352645", "edit_history_tweet_ids": ["1518957079024832515"], "text": "RT @eldoctorpelaez: INDEPENDIENTE. MEDELLIN 1964/65. Arriba iz a de: Mario Agudelo, Jos\u00e9 M Ramaciotti, Fernando Sierra, Dante Alvarez, Rodo\u2026"}, {"created_at": "2022-04-26T14:05:56.000Z", "id": "1518954535762464768", "author_id": "924832620931887104", "edit_history_tweet_ids": ["1518954535762464768"], "text": "RT @eldoctorpelaez: INDEPENDIENTE. MEDELLIN 1964/65. Arriba iz a de: Mario Agudelo, Jos\u00e9 M Ramaciotti, Fernando Sierra, Dante Alvarez, Rodo\u2026"}, {"created_at": "2022-04-26T14:05:03.000Z", "id": "1518954310926848000", "author_id": "271952753", "edit_history_tweet_ids": ["1518954310926848000"], "text": "RT @eldoctorpelaez: INDEPENDIENTE. MEDELLIN 1964/65. Arriba iz a de: Mario Agudelo, Jos\u00e9 M Ramaciotti, Fernando Sierra, Dante Alvarez, Rodo\u2026"}, {"created_at": "2022-04-26T14:01:00.000Z", "id": "1518953294114213888", "author_id": "1000846989008015362", "edit_history_tweet_ids": ["1518953294114213888"], "text": "RT @eldoctorpelaez: INDEPENDIENTE. MEDELLIN 1964/65. Arriba iz a de: Mario Agudelo, Jos\u00e9 M Ramaciotti, Fernando Sierra, Dante Alvarez, Rodo\u2026"}, {"created_at": "2022-04-26T13:17:20.000Z", "id": "1518942302990962688", "author_id": "99750977", "edit_history_tweet_ids": ["1518942302990962688"], "text": "RT @eldoctorpelaez: INDEPENDIENTE. MEDELLIN 1964/65. Arriba iz a de: Mario Agudelo, Jos\u00e9 M Ramaciotti, Fernando Sierra, Dante Alvarez, Rodo\u2026"}, {"created_at": "2022-04-26T13:11:49.000Z", "id": "1518940914013675520", "author_id": "708294560993116160", "edit_history_tweet_ids": ["1518940914013675520"], "text": "RT @eldoctorpelaez: INDEPENDIENTE. MEDELLIN 1964/65. Arriba iz a de: Mario Agudelo, Jos\u00e9 M Ramaciotti, Fernando Sierra, Dante Alvarez, Rodo\u2026"}, {"created_at": "2022-04-26T13:00:11.000Z", "id": "1518937986032881665", "author_id": "15169032", "edit_history_tweet_ids": ["1518937986032881665"], "text": "\ud83d\udc4fWay to go teacher Jose Rodriguez! \u201cI was pretty surprised when I started choking, and I thought to myself that I was going to die,\u201d said the student, Mario DonJuan. \n\nhttps://t.co/a4ml7rWeBn"}, {"created_at": "2022-04-26T12:57:53.000Z", "id": "1518937411115491329", "author_id": "915319016", "edit_history_tweet_ids": ["1518937411115491329"], "text": "#TeBuscamos Mario Reyes Rodr\u00edguez 1/5/10 #VillaUni\u00f3n #Durango    #Dgo #911 @MissJuliaOrwell https://t.co/rFAKmYEzY8"}, {"created_at": "2022-04-26T12:43:35.000Z", "id": "1518933811014377472", "author_id": "206368264", "edit_history_tweet_ids": ["1518933811014377472"], "text": "RT @eldoctorpelaez: INDEPENDIENTE. MEDELLIN 1964/65. Arriba iz a de: Mario Agudelo, Jos\u00e9 M Ramaciotti, Fernando Sierra, Dante Alvarez, Rodo\u2026"}, {"created_at": "2022-04-26T12:30:00.000Z", "id": "1518930393470279680", "author_id": "3082558156", "edit_history_tweet_ids": ["1518930393470279680"], "text": "RT @eldoctorpelaez: INDEPENDIENTE. MEDELLIN 1964/65. Arriba iz a de: Mario Agudelo, Jos\u00e9 M Ramaciotti, Fernando Sierra, Dante Alvarez, Rodo\u2026"}, {"created_at": "2022-04-26T12:08:24.000Z", "id": "1518924954678358016", "author_id": "2475180543", "edit_history_tweet_ids": ["1518924954678358016"], "text": "RT @eldoctorpelaez: INDEPENDIENTE. MEDELLIN 1964/65. Arriba iz a de: Mario Agudelo, Jos\u00e9 M Ramaciotti, Fernando Sierra, Dante Alvarez, Rodo\u2026"}, {"created_at": "2022-04-26T12:07:10.000Z", "id": "1518924646325923842", "author_id": "248395475", "edit_history_tweet_ids": ["1518924646325923842"], "text": "RT @eldoctorpelaez: INDEPENDIENTE. MEDELLIN 1964/65. Arriba iz a de: Mario Agudelo, Jos\u00e9 M Ramaciotti, Fernando Sierra, Dante Alvarez, Rodo\u2026"}, {"created_at": "2022-04-26T12:01:17.000Z", "id": "1518923163815583745", "author_id": "2614657212", "edit_history_tweet_ids": ["1518923163815583745"], "text": "RT @eldoctorpelaez: INDEPENDIENTE. MEDELLIN 1964/65. Arriba iz a de: Mario Agudelo, Jos\u00e9 M Ramaciotti, Fernando Sierra, Dante Alvarez, Rodo\u2026"}, {"created_at": "2022-04-26T11:55:03.000Z", "id": "1518921595988885506", "author_id": "1471907040306081795", "edit_history_tweet_ids": ["1518921595988885506"], "text": "RT @Alfonso45177686: For FREE \ud83d\udc48 estamos Mario Negron \u2753 piri y papoteo el chota con la polic\u00eda estatal hormigueros mayag\u00fcez \ud83d\udc6e\ud83d\udc37\ud83d\udc48\ud83d\udcf2\ud83d\udc48 estamos ko\u2026"}, {"created_at": "2022-04-26T11:54:53.000Z", "id": "1518921554259857408", "author_id": "1471907040306081795", "edit_history_tweet_ids": ["1518921554259857408"], "text": "For FREE \ud83d\udc48 estamos Mario Negron \u2753 piri y papoteo el chota con la polic\u00eda estatal hormigueros mayag\u00fcez \ud83d\udc6e\ud83d\udc37\ud83d\udc48\ud83d\udcf2\ud83d\udc48 estamos kopper y la gesti\u00f3n municipal de hormigueros \ud83d\udc6e\ud83d\udc37\ud83d\udc37\ud83d\udcf2 for FREE \ud83d\udc48\ud83d\udcf2\ud83d\udc48 sin usar s nadie Alberto Rodr\u00edguez \ud83d\udc02\ud83d\udc48\ud83d\udc6e\ud83d\udc37\ud83d\udcf2\ud83d\udc02 sin FO \ud83e\udd27 conecting \ud83e\udd27\ud83d\udc48\ud83d\udc6e\ud83d\udc37\ud83d\udc01\ud83d\udc38\ud83d\udc48\ud83d\udcf2\ud83d\udc48 https://t.co/HXC5P6pQmM https://t.co/p8e2yAcR5f"}, {"created_at": "2022-04-26T11:52:28.000Z", "id": "1518920947419340805", "author_id": "83926968", "edit_history_tweet_ids": ["1518920947419340805"], "text": "RT @eldoctorpelaez: INDEPENDIENTE. MEDELLIN 1964/65. Arriba iz a de: Mario Agudelo, Jos\u00e9 M Ramaciotti, Fernando Sierra, Dante Alvarez, Rodo\u2026"}, {"created_at": "2022-04-26T11:49:46.000Z", "id": "1518920268919541760", "author_id": "451648397", "edit_history_tweet_ids": ["1518920268919541760"], "text": "RT @eldoctorpelaez: INDEPENDIENTE. MEDELLIN 1964/65. Arriba iz a de: Mario Agudelo, Jos\u00e9 M Ramaciotti, Fernando Sierra, Dante Alvarez, Rodo\u2026"}, {"created_at": "2022-04-26T11:48:08.000Z", "id": "1518919858011918337", "author_id": "570068936", "edit_history_tweet_ids": ["1518919858011918337"], "text": "RT @eldoctorpelaez: INDEPENDIENTE. MEDELLIN 1964/65. Arriba iz a de: Mario Agudelo, Jos\u00e9 M Ramaciotti, Fernando Sierra, Dante Alvarez, Rodo\u2026"}, {"created_at": "2022-04-26T11:46:42.000Z", "id": "1518919496727207937", "author_id": "793473667053289472", "edit_history_tweet_ids": ["1518919496727207937"], "text": "RT @eldoctorpelaez: INDEPENDIENTE. MEDELLIN 1964/65. Arriba iz a de: Mario Agudelo, Jos\u00e9 M Ramaciotti, Fernando Sierra, Dante Alvarez, Rodo\u2026"}, {"created_at": "2022-04-26T11:44:28.000Z", "id": "1518918932316495878", "author_id": "756187284", "edit_history_tweet_ids": ["1518918932316495878"], "text": "RT @eldoctorpelaez: INDEPENDIENTE. MEDELLIN 1964/65. Arriba iz a de: Mario Agudelo, Jos\u00e9 M Ramaciotti, Fernando Sierra, Dante Alvarez, Rodo\u2026"}, {"created_at": "2022-04-26T11:42:05.000Z", "id": "1518918334259019777", "author_id": "3171885767", "edit_history_tweet_ids": ["1518918334259019777"], "text": "INDEPENDIENTE. MEDELLIN 1964/65. Arriba iz a de: Mario Agudelo, Jos\u00e9 M Ramaciotti, Fernando Sierra, Dante Alvarez, Rodolfo Avila, Jaime Salazar. Abajo igual orden: Herman \u201c cuca \u201c Aceros, Perfecto Rodr\u00edguez, Eusebio Escobar, Hector Gatti, John Jaramillo.DTs ,L Lopez,F Hormazabal https://t.co/7GgaFg50EX"}, {"created_at": "2022-04-26T10:45:07.000Z", "id": "1518903999084343297", "author_id": "1471907040306081795", "edit_history_tweet_ids": ["1518903999084343297"], "text": "RT @Alfonso45177686: Hoy ma arrestan se activo el patoragzy con Alberto Rodr\u00edguez \ud83d\udc02\ud83d\udc48 conecting \ud83d\udcf2 FO H 3 y puggyvirgin \ud83d\udc37\ud83d\udc48 H 2 diablos todo e\u2026"}, {"created_at": "2022-04-26T10:44:51.000Z", "id": "1518903929987284992", "author_id": "1471907040306081795", "edit_history_tweet_ids": ["1518903929987284992"], "text": "Hoy ma arrestan se activo el patoragzy con Alberto Rodr\u00edguez \ud83d\udc02\ud83d\udc48 conecting \ud83d\udcf2 FO H 3 y puggyvirgin \ud83d\udc37\ud83d\udc48 H 2 diablos todo en pueblo con la gesti\u00f3n municipal de hormigueros by piri y papoteo el chota con la polic\u00eda estatal hormigueros mayag\u00fcez \ud83d\udc6e\ud83e\udd27\ud83d\udc48 att Mario Negron \ud83d\udc02\ud83d\udc37\ud83d\udc6e\u2714\ufe0f https://t.co/v4Pnk1sf57 https://t.co/YXhntKQ81t"}, {"created_at": "2022-04-26T09:52:30.000Z", "id": "1518890757305868290", "author_id": "1153633575444594695", "edit_history_tweet_ids": ["1518890757305868290"], "text": "RT @GolmunioFinanza: \ud83d\udccb\u203c\ufe0f Lista de parches fantasy para esta jornada 3\ufe0f\u20e34\ufe0f\u20e3 de #LaLigaFantasy.\n\n\u2022 Ceballos \u00d7 @GolmunioMadrid\n\n\u2022 En-Nesyri \u00d7\u2026"}, {"created_at": "2022-04-26T09:46:41.000Z", "id": "1518889291052634115", "author_id": "121607659", "edit_history_tweet_ids": ["1518889291052634115"], "text": "RT @mario_villegas: Asegur\u00f3 William Rodr\u00edguez q en el PPT no habr\u00e1 divisi\u00f3n: \"A @PPTIleniMedina y su grupo no la queremos fuera del partido\u2026"}, {"created_at": "2022-04-26T09:02:19.000Z", "id": "1518878127950282752", "author_id": "1291471463313276928", "edit_history_tweet_ids": ["1518878127950282752"], "text": "RT @Ajmoore21: All of these guys are projected third round or later, but I think they'd have an impact for us:\n\nLB:\n- Darrian Beavers, Cin\u2026"}, {"created_at": "2022-04-26T09:01:22.000Z", "id": "1518877888124272640", "author_id": "26582849", "edit_history_tweet_ids": ["1518877888124272640"], "text": "All of these guys are projected third round or later, but I think they'd have an impact for us:\n\nLB:\n- Darrian Beavers, Cin\n- Malcolm Rodriguez, Ok St\n- Jeremiah Gemmel, UNC\n\nCB:\n- Damarri Mathis, Pitt\n- Tariq Castro-Fields, PSU\n- Mario Goodrich, Clemson\n\nI'm such an ACC guy."}, {"created_at": "2022-04-26T08:16:44.000Z", "id": "1518866653580349440", "author_id": "1005351074985922560", "edit_history_tweet_ids": ["1518866653580349440"], "text": "RT @GolmunioFinanza: \ud83d\udccb\u203c\ufe0f Lista de parches fantasy para esta jornada 3\ufe0f\u20e34\ufe0f\u20e3 de #LaLigaFantasy.\n\n\u2022 Ceballos \u00d7 @GolmunioMadrid\n\n\u2022 En-Nesyri \u00d7\u2026"}, {"created_at": "2022-04-26T08:15:33.000Z", "id": "1518866359626743809", "author_id": "889133831575482375", "edit_history_tweet_ids": ["1518866359626743809"], "text": "RT @GolmunioFinanza: \ud83d\udccb\u203c\ufe0f Lista de parches fantasy para esta jornada 3\ufe0f\u20e34\ufe0f\u20e3 de #LaLigaFantasy.\n\n\u2022 Ceballos \u00d7 @GolmunioMadrid\n\n\u2022 En-Nesyri \u00d7\u2026"}, {"created_at": "2022-04-26T08:10:50.000Z", "id": "1518865171644571648", "author_id": "1159484321020989440", "edit_history_tweet_ids": ["1518865171644571648"], "text": "RT @GolmunioFinanza: \ud83d\udccb\u203c\ufe0f Lista de parches fantasy para esta jornada 3\ufe0f\u20e34\ufe0f\u20e3 de #LaLigaFantasy.\n\n\u2022 Ceballos \u00d7 @GolmunioMadrid\n\n\u2022 En-Nesyri \u00d7\u2026"}, {"created_at": "2022-04-26T08:03:36.000Z", "id": "1518863351501275138", "author_id": "1260677366235516928", "edit_history_tweet_ids": ["1518863351501275138"], "text": "RT @GolmunioFinanza: \ud83d\udccb\u203c\ufe0f Lista de parches fantasy para esta jornada 3\ufe0f\u20e34\ufe0f\u20e3 de #LaLigaFantasy.\n\n\u2022 Ceballos \u00d7 @GolmunioMadrid\n\n\u2022 En-Nesyri \u00d7\u2026"}, {"created_at": "2022-04-26T08:03:24.000Z", "id": "1518863302046146560", "author_id": "1210487504329162752", "edit_history_tweet_ids": ["1518863302046146560"], "text": "RT @GolmunioFinanza: \ud83d\udccb\u203c\ufe0f Lista de parches fantasy para esta jornada 3\ufe0f\u20e34\ufe0f\u20e3 de #LaLigaFantasy.\n\n\u2022 Ceballos \u00d7 @GolmunioMadrid\n\n\u2022 En-Nesyri \u00d7\u2026"}, {"created_at": "2022-04-26T08:02:39.000Z", "id": "1518863109640929280", "author_id": "244298152", "edit_history_tweet_ids": ["1518863109640929280"], "text": "RT @mario_villegas: El tambi\u00e9n dirigente del PPT William Rodr\u00edguez objet\u00f3 la permanencia de @PPTIleniMedina al frente del partido: \"A Ileni\u2026"}, {"created_at": "2022-04-26T08:00:56.000Z", "id": "1518862677916930051", "author_id": "1153669221999611904", "edit_history_tweet_ids": ["1518862677916930051"], "text": "RT @GolmunioFinanza: \ud83d\udccb\u203c\ufe0f Lista de parches fantasy para esta jornada 3\ufe0f\u20e34\ufe0f\u20e3 de #LaLigaFantasy.\n\n\u2022 Ceballos \u00d7 @GolmunioMadrid\n\n\u2022 En-Nesyri \u00d7\u2026"}, {"created_at": "2022-04-26T08:00:48.000Z", "id": "1518862647600553984", "author_id": "1286696953380823045", "edit_history_tweet_ids": ["1518862647600553984"], "text": "RT @GolmunioFinanza: \ud83d\udccb\u203c\ufe0f Lista de parches fantasy para esta jornada 3\ufe0f\u20e34\ufe0f\u20e3 de #LaLigaFantasy.\n\n\u2022 Ceballos \u00d7 @GolmunioMadrid\n\n\u2022 En-Nesyri \u00d7\u2026"}, {"created_at": "2022-04-26T07:59:34.000Z", "id": "1518862336508977152", "author_id": "1160195284489658368", "edit_history_tweet_ids": ["1518862336508977152"], "text": "RT @GolmunioFinanza: \ud83d\udccb\u203c\ufe0f Lista de parches fantasy para esta jornada 3\ufe0f\u20e34\ufe0f\u20e3 de #LaLigaFantasy.\n\n\u2022 Ceballos \u00d7 @GolmunioMadrid\n\n\u2022 En-Nesyri \u00d7\u2026"}, {"created_at": "2022-04-26T07:57:17.000Z", "id": "1518861760614256640", "author_id": "1251583812234027013", "edit_history_tweet_ids": ["1518861760614256640"], "text": "\ud83d\udccb\u203c\ufe0f Lista de parches fantasy para esta jornada 3\ufe0f\u20e34\ufe0f\u20e3 de #LaLigaFantasy.\n\n\u2022 Ceballos \u00d7 @GolmunioMadrid\n\n\u2022 En-Nesyri \u00d7 @Golmunio_SFC\n\n\u2022 Nico Williams \u00d7 @Golmunio_Ath\n\n\u2022 Mario Hern\u00e1ndez \u00d7 @GolmunioRV\n\n\u2022 Dani Alves \u00d7 @GolmunioFCB\n\n\u2022 \u00d3scar Rodr\u00edguez \u00d7 @GolmunioGTF https://t.co/y2Uazgq1UC"}, {"created_at": "2022-04-26T04:43:25.000Z", "id": "1518812974038802433", "author_id": "587162980", "edit_history_tweet_ids": ["1518812974038802433"], "text": "RT @mario_villegas: En nuestro programa \"En buena hora\" el diputado William Rodr\u00edguez dijo no estar de acuerdo con eliminar el subsidio a l\u2026"}, {"created_at": "2022-04-26T02:18:55.000Z", "id": "1518776607091179520", "author_id": "2557178436", "edit_history_tweet_ids": ["1518776607091179520"], "text": "El S.E. Jeque Fahim Al Qasimi @fahimaq en compa\u00f1\u00eda de la directora general del #Inguat Anayansy Rodr\u00edguez, el Viceministro de Patrimonio Cultural y Natural, Mario Roberto Maldonado. https://t.co/Hm9Sl5m2eM"}, {"created_at": "2022-04-26T01:46:13.000Z", "id": "1518768380794265601", "author_id": "1491377152540950532", "edit_history_tweet_ids": ["1518768380794265601"], "text": "RT @mario_villegas: William Rodr\u00edguez, Pdte de la SubComisi\u00f3n de Hidrocarburos de la AN: \"Los enviados de Biden no vinieron por petr\u00f3leo po\u2026"}, {"created_at": "2022-04-26T01:46:09.000Z", "id": "1518768363694088192", "author_id": "1491377152540950532", "edit_history_tweet_ids": ["1518768363694088192"], "text": "RT @mario_villegas: En nuestro programa \"En buena hora\" el diputado William Rodr\u00edguez dijo no estar de acuerdo con eliminar el subsidio a l\u2026"}, {"created_at": "2022-04-26T01:46:06.000Z", "id": "1518768348972175361", "author_id": "1491377152540950532", "edit_history_tweet_ids": ["1518768348972175361"], "text": "RT @mario_villegas: El tambi\u00e9n dirigente del PPT William Rodr\u00edguez objet\u00f3 la permanencia de @PPTIleniMedina al frente del partido: \"A Ileni\u2026"}, {"created_at": "2022-04-26T01:46:01.000Z", "id": "1518768327249866752", "author_id": "1491377152540950532", "edit_history_tweet_ids": ["1518768327249866752"], "text": "RT @mario_villegas: Asegur\u00f3 William Rodr\u00edguez q en el PPT no habr\u00e1 divisi\u00f3n: \"A @PPTIleniMedina y su grupo no la queremos fuera del partido\u2026"}, {"created_at": "2022-04-26T01:45:19.000Z", "id": "1518768150883483648", "author_id": "721830728779067393", "edit_history_tweet_ids": ["1518768150883483648"], "text": "RT @KCH_FM: C\u00e9sar Rodr\u00edguez, vocal del Consejo Directivo del @IESSec; Mario V\u00e1sconez, director provincial @IessGuayas y autoridades de @cei\u2026"}, {"created_at": "2022-04-26T01:44:06.000Z", "id": "1518767846754557952", "author_id": "1423470885877522433", "edit_history_tweet_ids": ["1518767846754557952"], "text": "RT @mario_villegas: En nuestro programa \"En buena hora\" el diputado William Rodr\u00edguez dijo no estar de acuerdo con eliminar el subsidio a l\u2026"}, {"created_at": "2022-04-26T01:40:49.000Z", "id": "1518767020145315840", "author_id": "1423470885877522433", "edit_history_tweet_ids": ["1518767020145315840"], "text": "RT @mario_villegas: William Rodr\u00edguez, Pdte de la SubComisi\u00f3n de Hidrocarburos de la AN: \"Los enviados de Biden no vinieron por petr\u00f3leo po\u2026"}, {"created_at": "2022-04-26T01:39:07.000Z", "id": "1518766592938684416", "author_id": "1483872462261690371", "edit_history_tweet_ids": ["1518766592938684416"], "text": "RT @mario_villegas: William Rodr\u00edguez, Pdte de la SubComisi\u00f3n de Hidrocarburos de la AN: \"Los enviados de Biden no vinieron por petr\u00f3leo po\u2026"}, {"created_at": "2022-04-26T01:39:05.000Z", "id": "1518766582809473024", "author_id": "1423470885877522433", "edit_history_tweet_ids": ["1518766582809473024"], "text": "@mario_villegas @PPTIleniMedina Las bases activas Pptista del Estado Bolivar totalmente de acuerdo con el Diputado William Rodriguez. La Sra.ilania media  debe y tiene que RESPETAR!! los estatutos internos del PPT..."}, {"created_at": "2022-04-26T01:39:03.000Z", "id": "1518766575326793728", "author_id": "1483872462261690371", "edit_history_tweet_ids": ["1518766575326793728"], "text": "RT @mario_villegas: En nuestro programa \"En buena hora\" el diputado William Rodr\u00edguez dijo no estar de acuerdo con eliminar el subsidio a l\u2026"}, {"created_at": "2022-04-26T01:39:00.000Z", "id": "1518766561502322690", "author_id": "1483872462261690371", "edit_history_tweet_ids": ["1518766561502322690"], "text": "RT @mario_villegas: El tambi\u00e9n dirigente del PPT William Rodr\u00edguez objet\u00f3 la permanencia de @PPTIleniMedina al frente del partido: \"A Ileni\u2026"}, {"created_at": "2022-04-26T01:38:56.000Z", "id": "1518766546532904960", "author_id": "1483872462261690371", "edit_history_tweet_ids": ["1518766546532904960"], "text": "RT @mario_villegas: Asegur\u00f3 William Rodr\u00edguez q en el PPT no habr\u00e1 divisi\u00f3n: \"A @PPTIleniMedina y su grupo no la queremos fuera del partido\u2026"}, {"created_at": "2022-04-26T01:32:29.000Z", "id": "1518764920774565888", "author_id": "1423470885877522433", "edit_history_tweet_ids": ["1518764920774565888"], "text": "RT @mario_villegas: El tambi\u00e9n dirigente del PPT William Rodr\u00edguez objet\u00f3 la permanencia de @PPTIleniMedina al frente del partido: \"A Ileni\u2026"}, {"created_at": "2022-04-26T01:20:34.000Z", "id": "1518761925039071233", "author_id": "187333086", "edit_history_tweet_ids": ["1518761925039071233"], "text": "RT @mario_villegas: El tambi\u00e9n dirigente del PPT William Rodr\u00edguez objet\u00f3 la permanencia de @PPTIleniMedina al frente del partido: \"A Ileni\u2026"}, {"created_at": "2022-04-26T01:20:24.000Z", "id": "1518761882953433088", "author_id": "187333086", "edit_history_tweet_ids": ["1518761882953433088"], "text": "RT @mario_villegas: Asegur\u00f3 William Rodr\u00edguez q en el PPT no habr\u00e1 divisi\u00f3n: \"A @PPTIleniMedina y su grupo no la queremos fuera del partido\u2026"}, {"created_at": "2022-04-26T01:19:55.000Z", "id": "1518761760551055361", "author_id": "1423470885877522433", "edit_history_tweet_ids": ["1518761760551055361"], "text": "RT @mario_villegas: Asegur\u00f3 William Rodr\u00edguez q en el PPT no habr\u00e1 divisi\u00f3n: \"A @PPTIleniMedina y su grupo no la queremos fuera del partido\u2026"}, {"created_at": "2022-04-26T01:16:00.000Z", "id": "1518760776143679489", "author_id": "408173960", "edit_history_tweet_ids": ["1518760776143679489"], "text": "RT @mario_villegas: El tambi\u00e9n dirigente del PPT William Rodr\u00edguez objet\u00f3 la permanencia de @PPTIleniMedina al frente del partido: \"A Ileni\u2026"}, {"created_at": "2022-04-26T01:15:52.000Z", "id": "1518760741444202497", "author_id": "408173960", "edit_history_tweet_ids": ["1518760741444202497"], "text": "RT @mario_villegas: En nuestro programa \"En buena hora\" el diputado William Rodr\u00edguez dijo no estar de acuerdo con eliminar el subsidio a l\u2026"}, {"created_at": "2022-04-26T01:06:00.000Z", "id": "1518758256281366529", "author_id": "1309466380081733633", "edit_history_tweet_ids": ["1518758256281366529"], "text": "RT @mario_villegas: En nuestro programa \"En buena hora\" el diputado William Rodr\u00edguez dijo no estar de acuerdo con eliminar el subsidio a l\u2026"}, {"created_at": "2022-04-26T01:05:12.000Z", "id": "1518758058113081347", "author_id": "1309466380081733633", "edit_history_tweet_ids": ["1518758058113081347"], "text": "RT @mario_villegas: El tambi\u00e9n dirigente del PPT William Rodr\u00edguez objet\u00f3 la permanencia de @PPTIleniMedina al frente del partido: \"A Ileni\u2026"}, {"created_at": "2022-04-26T00:50:53.000Z", "id": "1518754453163319297", "author_id": "2960898052", "edit_history_tweet_ids": ["1518754453163319297"], "text": "RT @mario_villegas: En nuestro programa \"En buena hora\" el diputado William Rodr\u00edguez dijo no estar de acuerdo con eliminar el subsidio a l\u2026"}, {"created_at": "2022-04-26T00:44:21.000Z", "id": "1518752807565811713", "author_id": "1181238023394140160", "edit_history_tweet_ids": ["1518752807565811713"], "text": "C\u00e9sar Rodr\u00edguez, vocal del Consejo Directivo del @IESSec; Mario V\u00e1sconez, director provincial @IessGuayas y autoridades de @ceibos_iess, junto a dirigentes de prestadores de servicio de limpieza, acordaron gestionar el pago de haberes econ\u00f3micos pendientes https://t.co/Iat5g7fi1C"}, {"created_at": "2022-04-26T00:32:11.000Z", "id": "1518749746583810048", "author_id": "1498719040394735618", "edit_history_tweet_ids": ["1518749746583810048"], "text": "@SARAVALENZUELA hola buenas tardes quisiera participar para ver a Charles Turner soy Mario Montalvo Rodr\u00edguez"}, {"created_at": "2022-04-25T23:28:46.000Z", "id": "1518733786711797761", "author_id": "271260245", "edit_history_tweet_ids": ["1518733786711797761"], "text": "@mario_delgado Es mi impresi\u00f3n o usaron una modelo con un estilo similar al de Mariana Rodr\u00edguez para ejemplificar al \u201cpueblo bueno\u201d? \ud83e\udd14"}, {"created_at": "2022-04-25T23:22:46.000Z", "id": "1518732278976942086", "author_id": "768854102994460672", "edit_history_tweet_ids": ["1518732278976942086"], "text": "RT @Shini7o: @PaseDeGooooool Raymundo Rodriguez, Bah\u00eda, D\u00edaz Avalos, Gustavo N\u00e1poles, Ra\u00fal Gonz\u00e1lez y Mario Hern\u00e1ndez."}, {"created_at": "2022-04-25T23:21:41.000Z", "id": "1518732007420878856", "author_id": "772579063", "edit_history_tweet_ids": ["1518732007420878856"], "text": "@PaseDeGooooool Raymundo Rodriguez, Bah\u00eda, D\u00edaz Avalos, Gustavo N\u00e1poles, Ra\u00fal Gonz\u00e1lez y Mario Hern\u00e1ndez."}, {"created_at": "2022-04-25T23:07:09.000Z", "id": "1518728347953606659", "author_id": "408173960", "edit_history_tweet_ids": ["1518728347953606659"], "text": "RT @mario_villegas: Este lunes a las 2 PM el diputado William Rodr\u00edguez, Pdte de la Sub Comisi\u00f3n de Hidrocarburos de la AN y dirigente del\u2026"}, {"created_at": "2022-04-25T23:03:48.000Z", "id": "1518727506077138944", "author_id": "1499564011699982336", "edit_history_tweet_ids": ["1518727506077138944"], "text": "RT @mario_villegas: Este lunes a las 2 PM el diputado William Rodr\u00edguez, Pdte de la Sub Comisi\u00f3n de Hidrocarburos de la AN y dirigente del\u2026"}, {"created_at": "2022-04-25T23:00:08.000Z", "id": "1518726582030028802", "author_id": "1417562678260862976", "edit_history_tweet_ids": ["1518726582030028802"], "text": "RT @jpkrysko: Entusiasmo al finalizar el congreso de la Juventud Radical, 1984. Cantan las estrofas del himno partidario los j\u00f3venes Jes\u00fas\u2026"}, {"created_at": "2022-04-25T22:35:24.000Z", "id": "1518720359020834816", "author_id": "158153591", "edit_history_tweet_ids": ["1518720359020834816"], "text": "RT @jpkrysko: Entusiasmo al finalizar el congreso de la Juventud Radical, 1984. Cantan las estrofas del himno partidario los j\u00f3venes Jes\u00fas\u2026"}, {"created_at": "2022-04-25T21:06:42.000Z", "id": "1518698034384756740", "author_id": "979168531", "edit_history_tweet_ids": ["1518698034384756740"], "text": "#CollegeSigningDay congratulations Mario Rodriguez and family on your opportunity to continue academics and athletics (football) pursuits at the collegiate level - University of St. Francis  (Joliet, IL). #Ramily #WeAreEast https://t.co/EaQlPyiEBp"}, {"created_at": "2022-04-25T20:47:35.000Z", "id": "1518693225254604806", "author_id": "1268182897225277441", "edit_history_tweet_ids": ["1518693225254604806"], "text": "RT @VirnaJohnson: Lideramos controles en las playas de #SantaMarta con el CC Mario Rodr\u00edguez, Comandante de la Estaci\u00f3n de Guardacostas y e\u2026"}, {"created_at": "2022-04-25T20:01:26.000Z", "id": "1518681609670733825", "author_id": "2282725712", "edit_history_tweet_ids": ["1518681609670733825"], "text": "Para todos los demas Estados que jalisco ya cerro su babilonia y no nos responzabilizamos alv ni les vamos a poder colaborar como con Don Mario el puto de Bronco que el matando ni\u00f1as chikitas alv el gringo no es rodriguez y pa la otra mataste al que hace el jale pa salvarte"}, {"created_at": "2022-04-25T18:29:50.000Z", "id": "1518658557817856001", "author_id": "1511554804715302913", "edit_history_tweet_ids": ["1518658557817856001"], "text": "RT @mario_villegas: Este lunes a las 2 PM el diputado William Rodr\u00edguez, Pdte de la Sub Comisi\u00f3n de Hidrocarburos de la AN y dirigente del\u2026"}, {"created_at": "2022-04-25T17:50:46.000Z", "id": "1518648729074556934", "author_id": "587162980", "edit_history_tweet_ids": ["1518648729074556934"], "text": "RT @mario_villegas: Este lunes a las 2 PM el diputado William Rodr\u00edguez, Pdte de la Sub Comisi\u00f3n de Hidrocarburos de la AN y dirigente del\u2026"}, {"created_at": "2022-04-25T17:40:44.000Z", "id": "1518646200823685121", "author_id": "2562337104", "edit_history_tweet_ids": ["1518646200823685121"], "text": "@MarioloOrtegaL Hola Mario saludos, muy cierto lo que opinas pero tambi\u00e9n cabe destacar que Rescalvo es el t\u00e9cnico que menos oportunidad le da a los m\u00e1s j\u00f3venes, la \u00fanica excepci\u00f3n es la de J. Rodr\u00edguez, seamos sinceros sin las lesiones de Jefferson y Caicedo, Dixon Ver\u00e1 jugaba menos."}, {"created_at": "2022-04-25T17:15:12.000Z", "id": "1518639776395669504", "author_id": "46217506", "edit_history_tweet_ids": ["1518639776395669504"], "text": "I also always made the \"announcer voice\" saying my name \"Please welcome, Mario Rodriguez\". Then I would pretend I would pass it on to @Reggie. Reggie has always been someone I look up to so I've always tried to present like him &amp; learn as much as I could. (Excited for his book!!)"}, {"created_at": "2022-04-25T16:06:43.000Z", "id": "1518622540964450307", "author_id": "1423470885877522433", "edit_history_tweet_ids": ["1518622540964450307"], "text": "@mario_villegas Desde el Estado Bol\u00edvar. Atentos a la entrevista con el  diputado Sr. William Rodr\u00edguez. PPT. Asamblea Nacional."}, {"created_at": "2022-04-25T16:01:51.000Z", "id": "1518621318211682305", "author_id": "977181780284530692", "edit_history_tweet_ids": ["1518621318211682305"], "text": "2/2 Juan I. Jimenez Grull\u00f3n, Guerrero Prats, Pascal Pe\u00f1a, Fradique Lizardo, Ar\u00edstides Incha\u00fastegui, Mario y J. A. Concepci\u00f3n, Fco. De Moya, J Angiolino, A. Felix De\u00f1o, S. Herasme, R. Ram\u00edrez, H. Cede\u00f1o, E. Corniel, G. Alfonso, B. DeWindt, W. \u00c1lvarez, Julio C. Rodr\u00edguez y D. Ma\u00f1\u00f3n https://t.co/4YInWMTBnF"}], "meta": {"newest_id": "1518995975779631104", "oldest_id": "1518621318211682305", "result_count": 90, "next_token": "b26v89c19zqg8o3fpytoe3y9zxu3qi3l0eyjk0m2vtksd"}}