{"data": [{"author_id": "330790826", "id": "1518619227745406981", "created_at": "2022-04-25T15:53:33.000Z", "text": "RT @_LaAlameda: #TeBuscamos Mario Reyes Rodr\u00edguez 1/5/10 #VillaUni\u00f3n #Durango    #Dgo #911 @MissJuliaOrwell https://t.co/rFAKmYEzY8", "edit_history_tweet_ids": ["1518619227745406981"]}, {"author_id": "1401236096453951493", "id": "1518619102948036613", "created_at": "2022-04-25T15:53:03.000Z", "text": "RT @VirnaJohnson: Lideramos controles en las playas de #SantaMarta con el CC Mario Rodr\u00edguez, Comandante de la Estaci\u00f3n de Guardacostas y e\u2026", "edit_history_tweet_ids": ["1518619102948036613"]}, {"author_id": "1490676706646151170", "id": "1518618287898308608", "created_at": "2022-04-25T15:49:49.000Z", "text": "RT @mario_villegas: Este lunes a las 2 PM el diputado William Rodr\u00edguez, Pdte de la Sub Comisi\u00f3n de Hidrocarburos de la AN y dirigente del\u2026", "edit_history_tweet_ids": ["1518618287898308608"]}, {"author_id": "1483872462261690371", "id": "1518617608911822849", "created_at": "2022-04-25T15:47:07.000Z", "text": "RT @mario_villegas: Este lunes a las 2 PM el diputado William Rodr\u00edguez, Pdte de la Sub Comisi\u00f3n de Hidrocarburos de la AN y dirigente del\u2026", "edit_history_tweet_ids": ["1518617608911822849"]}, {"author_id": "188994953", "id": "1518613245753540613", "created_at": "2022-04-25T15:29:46.000Z", "text": "@manuel_rdgn @AndreaChavezTre @CanalCongreso @abrahamendieta @mario_delgado @cmmerino @AnaAyala_4T @CitlaHM @DamianAIcazar Mucho \u00e9xitos Diputado Manuel Rodr\u00edguez. \ud83e\udd17", "edit_history_tweet_ids": ["1518613245753540613"]}, {"author_id": "3262815012", "id": "1518612913266778113", "created_at": "2022-04-25T15:28:27.000Z", "text": "En esta charla l\u00fadica nos acompa\u00f1aron el Director del AHML, Mtro. Mario V\u00e1zquez Cant\u00fa; Silvia Rodr\u00edguez Fuentes, Paulina Quintana y Lluvia Estela Jacobo Ju\u00e1rez, compa\u00f1eras de la Colectiva \u201cMemorias de Mi Barrio\u201d ... https://t.co/rd6Aif3hBF", "edit_history_tweet_ids": ["1518612913266778113"]}, {"author_id": "4056051873", "id": "1518603284700925956", "created_at": "2022-04-25T14:50:12.000Z", "text": "RT @DespachoInfoRD: \u2b50\ufe0f Rosa Garc\u00eda\n\u2b50\ufe0f Williams V\u00e1squez\n\u2b50\ufe0f Mario Leonaldo \n\u2b50\ufe0f Apolinar Mu\u00f1oz.\nFinanzas\n\u2b50\ufe0f Carina V\u00e1squez.\nPromoci\u00f3n\n\u2b50\ufe0f Jos\u00e9\u2026", "edit_history_tweet_ids": ["1518603284700925956"]}, {"author_id": "1481130447614750720", "id": "1518601960953368576", "created_at": "2022-04-25T14:44:56.000Z", "text": "RT @FerwinsonG: @bsmarinos @AliomarBracho @dcabellor Si no sabe diosdado sabe mario silva o jorge rodriguez, esos bandidos son los que mand\u2026", "edit_history_tweet_ids": ["1518601960953368576"]}, {"author_id": "1481130447614750720", "id": "1518600145549643776", "created_at": "2022-04-25T14:37:43.000Z", "text": "RT @rafamorenove: @MichelCaballero Ustedes hablan del \u201codio\u201d de otros e ignoran todo lo que durante 23 a\u00f1os tu chavismo han sembrando en es\u2026", "edit_history_tweet_ids": ["1518600145549643776"]}, {"author_id": "1267849088013393924", "id": "1518594111129153537", "created_at": "2022-04-25T14:13:44.000Z", "text": "Entre los acusados est\u00e1n el exdiputado paname\u00f1ista, Adolfo Valderrama Rodr\u00edguez; dos exdirectores de Pandeportes, Roberto Arango y Mario P\u00e9rez; y la exdirectora t\u00e9cnica de deporte y recreaci\u00f3n, Ana Virginia Tejada de Zambrano, entre otros. https://t.co/Bd7qTSmqfj", "edit_history_tweet_ids": ["1518594111129153537"]}, {"author_id": "297520013", "id": "1518587080808484874", "created_at": "2022-04-25T13:45:48.000Z", "text": "RT @GuatemalaGob: El Jeque @fahimaq fue acompa\u00f1ado por la viceministra Francisca C\u00e1rdenas del @MINECOGT, el viceministro Mario Maldonado de\u2026", "edit_history_tweet_ids": ["1518587080808484874"]}, {"author_id": "1412359411344056320", "id": "1518575092954853376", "created_at": "2022-04-25T12:58:10.000Z", "text": "RT @LucasMo30744233: #ContigoCHV #MuchoGustoMega #BuenosDiasTVN #tudia13\nPERO QUE VAN A HABLAR DE ESO \nUSTEDES MARIONESTAS CTM INSERVIBLES,\u2026", "edit_history_tweet_ids": ["1518575092954853376"]}, {"author_id": "915319016", "id": "1518573685657030657", "created_at": "2022-04-25T12:52:35.000Z", "text": "#TeBuscamos Mario Reyes Rodr\u00edguez 1/5/10 #VillaUni\u00f3n #Durango    #Dgo #911 @MissJuliaOrwell https://t.co/rFAKmYEzY8", "edit_history_tweet_ids": ["1518573685657030657"]}, {"author_id": "65033429", "id": "1518573606313160704", "created_at": "2022-04-25T12:52:16.000Z", "text": "RT @LucasMo30744233: #ContigoCHV #MuchoGustoMega #BuenosDiasTVN #tudia13\nPERO QUE VAN A HABLAR DE ESO \nUSTEDES MARIONESTAS CTM INSERVIBLES,\u2026", "edit_history_tweet_ids": ["1518573606313160704"]}, {"author_id": "1465479447847452675", "id": "1518573350670548994", "created_at": "2022-04-25T12:51:15.000Z", "text": "#ContigoCHV #MuchoGustoMega #BuenosDiasTVN #tudia13\nPERO QUE VAN A HABLAR DE ESO \nUSTEDES MARIONESTAS CTM INSERVIBLES, QUE VAN A HABLAR DE RAFAEL FERRADA TU SOCIO CRIMINAL JC RODR\u00cdGUEZ O DE MARIO CARRION EL JOVEN QUEMADO A LO BONSO POR CULPA DE  BORIC.\nhttps://t.co/ivo4C3KfzT", "edit_history_tweet_ids": ["1518573350670548994"]}, {"author_id": "1497595168438079492", "id": "1518560478368305152", "created_at": "2022-04-25T12:00:06.000Z", "text": "RT @latvpetare: luego de 2 cuentas bloqueadas, sabotajes internos y robos de equipos, volvemos a la redes para seguir informando, comunican\u2026", "edit_history_tweet_ids": ["1518560478368305152"]}, {"author_id": "1335650934", "id": "1518554005542252547", "created_at": "2022-04-25T11:34:22.000Z", "text": "RT @GuatemalaGob: El Jeque @fahimaq fue acompa\u00f1ado por la viceministra Francisca C\u00e1rdenas del @MINECOGT, el viceministro Mario Maldonado de\u2026", "edit_history_tweet_ids": ["1518554005542252547"]}, {"author_id": "3144175415", "id": "1518543030927519746", "created_at": "2022-04-25T10:50:46.000Z", "text": "Entusiasmo al finalizar el congreso de la Juventud Radical, 1984. Cantan las estrofas del himno partidario los j\u00f3venes Jes\u00fas Rodr\u00edguez y Mario Negri, presidente y vice reelectos. Hubo un documento cr\u00edtico a los resultados econ\u00f3micos del primer a\u00f1o de Alfonsin. https://t.co/7JWmFkZj3j", "edit_history_tweet_ids": ["1518543030927519746"]}, {"author_id": "1192137913313705985", "id": "1518504974971334656", "created_at": "2022-04-25T08:19:33.000Z", "text": "RT @gayasstomouth: Antonio Miracle gets fucked by Mario Domenech while also sucking Rainer's cock straight from John Rodriguez's hole - pt\u2026", "edit_history_tweet_ids": ["1518504974971334656"]}, {"author_id": "2730018288", "id": "1518460996284821504", "created_at": "2022-04-25T05:24:47.000Z", "text": "@mariocraft_pvp  \nCalle 27 #341A, Ampliaci\u00f3n Granada, CDMX\nNombre: Mario Rodriguez\nEdad: 19 a\u00f1os\nSale de su casa de lunes a viernes a las 6:30 am con direcci\u00f3n a la COBAC, sale 12:35 de regreso a su casa y llega a la 1:50 PM", "edit_history_tweet_ids": ["1518460996284821504"]}, {"author_id": "328327480", "id": "1518446619921944576", "created_at": "2022-04-25T04:27:40.000Z", "text": "RT @InguatPrensa: #VisitaOficialEAU | Se cont\u00f3 con la participaci\u00f3n de la directora general Anayansy Rodr\u00edguez (#INGUAT),  la viceministra\u2026", "edit_history_tweet_ids": ["1518446619921944576"]}, {"author_id": "1367236905193123843", "id": "1518436317910155264", "created_at": "2022-04-25T03:46:44.000Z", "text": "RT @InguatPrensa: #VisitaOficialEAU | Se cont\u00f3 con la participaci\u00f3n de la directora general Anayansy Rodr\u00edguez (#INGUAT),  la viceministra\u2026", "edit_history_tweet_ids": ["1518436317910155264"]}, {"author_id": "1324076693187895297", "id": "1518436267196887041", "created_at": "2022-04-25T03:46:31.000Z", "text": "RT @InguatPrensa: #VisitaOficialEAU | Se cont\u00f3 con la participaci\u00f3n de la directora general Anayansy Rodr\u00edguez (#INGUAT),  la viceministra\u2026", "edit_history_tweet_ids": ["1518436267196887041"]}, {"author_id": "2557178436", "id": "1518435852245995521", "created_at": "2022-04-25T03:44:53.000Z", "text": "#VisitaOficialEAU | Se cont\u00f3 con la participaci\u00f3n de la directora general Anayansy Rodr\u00edguez (#INGUAT),  la viceministra Francisca C\u00e1rdenas (@MINECOGT), el viceministro Mario Maldonado (@McdGuate), la viceministra @ShirleyAGt (@MinexGt)  y el consejero comercial @josebassila https://t.co/UL9SKH7vKY", "edit_history_tweet_ids": ["1518435852245995521"]}, {"author_id": "2316443172", "id": "1518435127327604738", "created_at": "2022-04-25T03:42:00.000Z", "text": "RT @jorgedue_12: Hoy en el D\u00eda Mundial del Idioma Espa\u00f1ol, recuerdo las palabras del vocalista de los ajices Mario Rodr\u00edguez: Feliz d\u00eda del\u2026", "edit_history_tweet_ids": ["1518435127327604738"]}, {"author_id": "1477460383006920704", "id": "1518429346796646403", "created_at": "2022-04-25T03:19:01.000Z", "text": "@lexpineda The ones that were missing eric zavaleta,mario gonzalez,Alexander roldan,enrico due\u00f1as,darwin ceren,ronald Rodriguez, mauricio rivas,nelson bonilla solo 9 but there is no excuse", "edit_history_tweet_ids": ["1518429346796646403"]}, {"author_id": "83985248", "id": "1518424644381859840", "created_at": "2022-04-25T03:00:20.000Z", "text": "@hdemauleon @EnriqueKrauze Ser\u00e1 a doscientosfuegos?\no a Rodr\u00edguez Bucio ?\n\na @JohnMAckerman ?\na @ManuelBartlett ?\na @mario_delgado ?\na @AlfonsoDurazo ?\na @leonelgodoy ? o su hermano Julio Ces\u00e1r Gody\na @FelixSalMac ?\n\nA qui\u00e9n?", "edit_history_tweet_ids": ["1518424644381859840"]}, {"author_id": "1470845306896064516", "id": "1518423422895861761", "created_at": "2022-04-25T02:55:29.000Z", "text": "@PamCerdeira @mario_delgado Y Samuel Garcia?? Y Mariana Rodriguez \nQue tienes para ellos??", "edit_history_tweet_ids": ["1518423422895861761"]}, {"author_id": "899876287564705793", "id": "1518417176088219648", "created_at": "2022-04-25T02:30:40.000Z", "text": "RT @donaldrodolfo: Aca @CremasOficial 1961, Pantera Gamboa, Fito de Leon, Beto Rodriguez, Indio Guevara, Mynor Sigui,  Mario Ortega y Pepe\u2026", "edit_history_tweet_ids": ["1518417176088219648"]}, {"author_id": "58336289", "id": "1518397545499738119", "created_at": "2022-04-25T01:12:39.000Z", "text": "RT @mario_villegas: Este lunes a las 2 PM el diputado William Rodr\u00edguez, Pdte de la Sub Comisi\u00f3n de Hidrocarburos de la AN y dirigente del\u2026", "edit_history_tweet_ids": ["1518397545499738119"]}, {"author_id": "177415752", "id": "1518390681793974273", "created_at": "2022-04-25T00:45:23.000Z", "text": "@Mela_Rodriguez Queeee mi beb\u00e9 tambi\u00e9n, ser\u00e1 que el algoritmo lo est\u00e1 poniendo de moda ? Yo amo a Mario ok", "edit_history_tweet_ids": ["1518390681793974273"]}, {"author_id": "48398847", "id": "1518386810904219648", "created_at": "2022-04-25T00:30:00.000Z", "text": "En #TecladoAbierto Mario Rodr\u00edguez escribe: \"nsto, a la Municipalidad de Atenas, al Gobierno de la Rep\u00fablica y a la Iglesia Cat\u00f3lica a colocar el nombre y las obras del Padre Ricardo en el lugar que merecen en la historia del pa\u00eds y del cant\u00f3n\". https://t.co/xP3SMFOc5M", "edit_history_tweet_ids": ["1518386810904219648"]}, {"author_id": "1226675371", "id": "1518383652568285187", "created_at": "2022-04-25T00:17:27.000Z", "text": "Entra \u27a1\ufe0f Arz\u00fa\nSale \u2b05\ufe0f Rodrigo Rodr\u00edguez \n\nEntra \u27a1\ufe0f Maylor N\u00fa\u00f1ez \nSale \u2b05\ufe0f F\u00e9lix Crisanto \n\nEntra \u27a1\ufe0f Michaell Chirinos \nSale \u2b05\ufe0f Jos\u00e9 Mario Pinto \n\n#LlegamosParaQuedarnos #SomosOlimpia #RugeLe\u00f3n \ud83d\udd34 \u26aa \ud83d\udd35 https://t.co/G7TseNk9If", "edit_history_tweet_ids": ["1518383652568285187"]}, {"author_id": "263330295", "id": "1518375369828712448", "created_at": "2022-04-24T23:44:32.000Z", "text": "RT @donaldrodolfo: Aca @CremasOficial 1961, Pantera Gamboa, Fito de Leon, Beto Rodriguez, Indio Guevara, Mynor Sigui,  Mario Ortega y Pepe\u2026", "edit_history_tweet_ids": ["1518375369828712448"]}, {"author_id": "3158763667", "id": "1518370275963940865", "created_at": "2022-04-24T23:24:18.000Z", "text": "@MichelCaballero Ustedes hablan del \u201codio\u201d de otros e ignoran todo lo que durante 23 a\u00f1os tu chavismo han sembrando en este pa\u00eds. El lenguaje soez de Chavez, Mario Silva, Diosdado, Jorge Rodriguez han calado profundo. No te sorprendas si se les devuelve.", "edit_history_tweet_ids": ["1518370275963940865"]}, {"author_id": "1107367484016025600", "id": "1518369451158167562", "created_at": "2022-04-24T23:21:01.000Z", "text": "Edwin Rodr\u00edguez futuro Mario Mart\u00ednez?", "edit_history_tweet_ids": ["1518369451158167562"]}, {"author_id": "3033806914", "id": "1518366098827227138", "created_at": "2022-04-24T23:07:42.000Z", "text": "RT @elespectador: \u00a1TALLER GRATUITO EN #FILBo2022!\ud83d\udd8c\ufe0f\n\nMario Fernando Rodr\u00edguez, director de Dise\u00f1o, y Leandro Rodr\u00edguez, ilustrador, te acom\u2026", "edit_history_tweet_ids": ["1518366098827227138"]}, {"author_id": "1367236905193123843", "id": "1518360009717030913", "created_at": "2022-04-24T22:43:30.000Z", "text": "RT @GuatemalaGob: El Jeque @fahimaq fue acompa\u00f1ado por la viceministra Francisca C\u00e1rdenas del @MINECOGT, el viceministro Mario Maldonado de\u2026", "edit_history_tweet_ids": ["1518360009717030913"]}, {"author_id": "389733756", "id": "1518341122766127105", "created_at": "2022-04-24T21:28:27.000Z", "text": "RT @donaldrodolfo: Aca @CremasOficial 1961, Pantera Gamboa, Fito de Leon, Beto Rodriguez, Indio Guevara, Mynor Sigui,  Mario Ortega y Pepe\u2026", "edit_history_tweet_ids": ["1518341122766127105"]}, {"author_id": "1324076693187895297", "id": "1518339103716163585", "created_at": "2022-04-24T21:20:26.000Z", "text": "RT @GuatemalaGob: El Jeque @fahimaq fue acompa\u00f1ado por la viceministra Francisca C\u00e1rdenas del @MINECOGT, el viceministro Mario Maldonado de\u2026", "edit_history_tweet_ids": ["1518339103716163585"]}, {"author_id": "2601880958", "id": "1518337000960626695", "created_at": "2022-04-24T21:12:05.000Z", "text": "RT @GuatemalaGob: El Jeque @fahimaq fue acompa\u00f1ado por la viceministra Francisca C\u00e1rdenas del @MINECOGT, el viceministro Mario Maldonado de\u2026", "edit_history_tweet_ids": ["1518337000960626695"]}, {"author_id": "526691430", "id": "1518336628200292354", "created_at": "2022-04-24T21:10:36.000Z", "text": "RT @GuatemalaGob: El Jeque @fahimaq fue acompa\u00f1ado por la viceministra Francisca C\u00e1rdenas del @MINECOGT, el viceministro Mario Maldonado de\u2026", "edit_history_tweet_ids": ["1518336628200292354"]}, {"author_id": "495102115", "id": "1518335789393973251", "created_at": "2022-04-24T21:07:16.000Z", "text": "El Jeque @fahimaq fue acompa\u00f1ado por la viceministra Francisca C\u00e1rdenas del @MINECOGT, el viceministro Mario Maldonado del @McdGuate, la directora general Anayansi Rodr\u00edguez del @InguatPrensa, la viceministra @ShirleyAGt del @MinexGt y @josebassila. #VisitaOficialEAU \ud83c\uddec\ud83c\uddf9\ud83c\udde6\ud83c\uddea https://t.co/1kMT3xYP6v", "edit_history_tweet_ids": ["1518335789393973251"]}, {"author_id": "2217798044", "id": "1518331381151064067", "created_at": "2022-04-24T20:49:45.000Z", "text": "RT @mario_villegas: Este lunes a las 2 PM el diputado William Rodr\u00edguez, Pdte de la Sub Comisi\u00f3n de Hidrocarburos de la AN y dirigente del\u2026", "edit_history_tweet_ids": ["1518331381151064067"]}, {"author_id": "2279047573", "id": "1518331366567563264", "created_at": "2022-04-24T20:49:41.000Z", "text": "RT @mario_villegas: Este lunes a las 2 PM el diputado William Rodr\u00edguez, Pdte de la Sub Comisi\u00f3n de Hidrocarburos de la AN y dirigente del\u2026", "edit_history_tweet_ids": ["1518331366567563264"]}, {"author_id": "425263448", "id": "1518316611907862530", "created_at": "2022-04-24T19:51:03.000Z", "text": "RT @donaldrodolfo: Aca @CremasOficial 1961, Pantera Gamboa, Fito de Leon, Beto Rodriguez, Indio Guevara, Mynor Sigui,  Mario Ortega y Pepe\u2026", "edit_history_tweet_ids": ["1518316611907862530"]}, {"author_id": "3094359822", "id": "1518313750608203777", "created_at": "2022-04-24T19:39:41.000Z", "text": "RT @donaldrodolfo: Aca @CremasOficial 1961, Pantera Gamboa, Fito de Leon, Beto Rodriguez, Indio Guevara, Mynor Sigui,  Mario Ortega y Pepe\u2026", "edit_history_tweet_ids": ["1518313750608203777"]}, {"author_id": "125159096", "id": "1518309199255592961", "created_at": "2022-04-24T19:21:36.000Z", "text": "RT @donaldrodolfo: Aca @CremasOficial 1961, Pantera Gamboa, Fito de Leon, Beto Rodriguez, Indio Guevara, Mynor Sigui,  Mario Ortega y Pepe\u2026", "edit_history_tweet_ids": ["1518309199255592961"]}, {"author_id": "1212557618", "id": "1518307896085430275", "created_at": "2022-04-24T19:16:25.000Z", "text": "RT @DespachoInfoRD: \u2b50\ufe0f Rosa Garc\u00eda\n\u2b50\ufe0f Williams V\u00e1squez\n\u2b50\ufe0f Mario Leonaldo \n\u2b50\ufe0f Apolinar Mu\u00f1oz.\nFinanzas\n\u2b50\ufe0f Carina V\u00e1squez.\nPromoci\u00f3n\n\u2b50\ufe0f Jos\u00e9\u2026", "edit_history_tweet_ids": ["1518307896085430275"]}, {"author_id": "68205347", "id": "1518299044522639361", "created_at": "2022-04-24T18:41:15.000Z", "text": "RT @cvenegasvv: Parece que el municipio de Chill\u00e1n otra vez no se prepar\u00f3 para las lluvias, ac\u00e1 Manuel Rodriguez con P. Hurtado\u2026 y en Mario\u2026", "edit_history_tweet_ids": ["1518299044522639361"]}, {"author_id": "1439628381474246657", "id": "1518294851091111943", "created_at": "2022-04-24T18:24:35.000Z", "text": "#CLUBHIPICO Buenas tardes Manuel Rodriguez y equipo club hipico,excelente transmision. Francisco Quevedo Gano sobre Gran Mario corriendo y montanto como lo hacen en las huertas Boca de Tocuyo su pueblo, exitos y saludos desde la  Costa oriental de Falcon.", "edit_history_tweet_ids": ["1518294851091111943"]}, {"author_id": "105199517", "id": "1518292639178702850", "created_at": "2022-04-24T18:15:48.000Z", "text": "RT @donaldrodolfo: Aca @CremasOficial 1961, Pantera Gamboa, Fito de Leon, Beto Rodriguez, Indio Guevara, Mynor Sigui,  Mario Ortega y Pepe\u2026", "edit_history_tweet_ids": ["1518292639178702850"]}, {"author_id": "224691622", "id": "1518292257987862528", "created_at": "2022-04-24T18:14:17.000Z", "text": "Aca @CremasOficial 1961, Pantera Gamboa, Fito de Leon, Beto Rodriguez, Indio Guevara, Mynor Sigui,  Mario Ortega y Pepe Cases, Abajo Pinula Contreras, Hugo Pe\u00f1a, Guillermo Palomo, Geronimo Pericullo y Carlos Pollo Ruiz. Recuerdos Del Crema, RT\u00a1 https://t.co/tq370B3ifG", "edit_history_tweet_ids": ["1518292257987862528"]}, {"author_id": "65489432", "id": "1518290389538844672", "created_at": "2022-04-24T18:06:51.000Z", "text": "Parece que el municipio de Chill\u00e1n otra vez no se prepar\u00f3 para las lluvias, ac\u00e1 Manuel Rodriguez con P. Hurtado\u2026 y en Mario Vergara con Libertad Oriente . Tr\u00e1nsito cortado #Chill\u00e1n #\u00d1uble #Lluvias #Improvisaci\u00f3n https://t.co/Z1epX38LYE", "edit_history_tweet_ids": ["1518290389538844672"]}, {"author_id": "3097263101", "id": "1518290145870442496", "created_at": "2022-04-24T18:05:53.000Z", "text": "La final del 64' se defini\u00f3 en 3 partidos. El ida y vuelta y el desempate. El primero se jug\u00f3 en la Doble Visera \ud83c\udde6\ud83c\uddf7 con victoria del local por 1 a 0 (gol de Mario Rodr\u00edguez Varela). El segundo tuvo lugar en el San Siro \ud83c\uddee\ud83c\uddf9 Fue derrota para el Rojo por 2 a 0. https://t.co/HQIlilM6YM", "edit_history_tweet_ids": ["1518290145870442496"]}, {"author_id": "501404820", "id": "1518271086017798149", "created_at": "2022-04-24T16:50:09.000Z", "text": "RT @JordanRodas: #Opini\u00f3n | Usac: la pol\u00edtica democr\u00e1tica implica el di\u00e1logo orientado al bien com\u00fan. La sociedad en que vivimos est\u00e1 en cr\u2026", "edit_history_tweet_ids": ["1518271086017798149"]}, {"author_id": "3856056192", "id": "1518263436815261696", "created_at": "2022-04-24T16:19:45.000Z", "text": "RT @JordanRodas: #Opini\u00f3n | Usac: la pol\u00edtica democr\u00e1tica implica el di\u00e1logo orientado al bien com\u00fan. La sociedad en que vivimos est\u00e1 en cr\u2026", "edit_history_tweet_ids": ["1518263436815261696"]}, {"author_id": "2636670113", "id": "1518260178642214912", "created_at": "2022-04-24T16:06:49.000Z", "text": "@lemoncomunicamx Mario Rodr\u00edguez Carmona. El circo es magia pura. Los acr\u00f3batas son espectaculares. #LemonMX @sara2304vaz @BetopVillarreal @sismaito", "edit_history_tweet_ids": ["1518260178642214912"]}, {"author_id": "68876107", "id": "1518252038999711745", "created_at": "2022-04-24T15:34:28.000Z", "text": "@PGuillermoSerra Mario Javier Rodr\u00edguez Archundia", "edit_history_tweet_ids": ["1518252038999711745"]}, {"author_id": "1459876420889554947", "id": "1518251469639761921", "created_at": "2022-04-24T15:32:12.000Z", "text": "@bsmarinos @AliomarBracho @dcabellor Si no sabe diosdado sabe mario silva o jorge rodriguez, esos bandidos son los que mandan a encarcelar y desaparecer", "edit_history_tweet_ids": ["1518251469639761921"]}, {"author_id": "166881481", "id": "1518248630708314113", "created_at": "2022-04-24T15:20:55.000Z", "text": "RT @CrisisRevista: \ud83c\udde8\ud83c\uddfa \u00bfC\u00f3mo ve Silvio Rodr\u00edguez las disidencias en Cuba? \u00bfQu\u00e9 rol ocupa la juventud desencantada? \u00bfHacia d\u00f3nde va la isla e\u2026", "edit_history_tweet_ids": ["1518248630708314113"]}, {"author_id": "840625546367258625", "id": "1518246159646658560", "created_at": "2022-04-24T15:11:06.000Z", "text": "RT @DespachoInfoRD: \u2b50\ufe0f Rosa Garc\u00eda\n\u2b50\ufe0f Williams V\u00e1squez\n\u2b50\ufe0f Mario Leonaldo \n\u2b50\ufe0f Apolinar Mu\u00f1oz.\nFinanzas\n\u2b50\ufe0f Carina V\u00e1squez.\nPromoci\u00f3n\n\u2b50\ufe0f Jos\u00e9\u2026", "edit_history_tweet_ids": ["1518246159646658560"]}, {"author_id": "837999977217593344", "id": "1518245868155068423", "created_at": "2022-04-24T15:09:57.000Z", "text": "\u2b50\ufe0f Rosa Garc\u00eda\n\u2b50\ufe0f Williams V\u00e1squez\n\u2b50\ufe0f Mario Leonaldo \n\u2b50\ufe0f Apolinar Mu\u00f1oz.\nFinanzas\n\u2b50\ufe0f Carina V\u00e1squez.\nPromoci\u00f3n\n\u2b50\ufe0f Jos\u00e9 Tom\u00e1s Bautista.\nMagisterio\n\u2b50\ufe0f Ang\u00e9lica Mar\u00eda V\u00e1squez.\nMotoconchos\n\u2b50\ufe0f Junior Hidalgo\nSeguridad\n\u2b50\ufe0f Cristian Rodr\u00edguez https://t.co/L9A264eTJY", "edit_history_tweet_ids": ["1518245868155068423"]}, {"author_id": "2160617400", "id": "1518237368871968771", "created_at": "2022-04-24T14:36:10.000Z", "text": "\ud83d\udc80 V\u00edctimas y verdugos en el #CNP888 \u2663 M\u00e1laga...\n\nEn las \u00faltimas horas han ca\u00eddo Cesar Mart\u00edn, Francisco Javier Sanjuan, Daniel Guerrero, Devid Berlin, Valter Martins, el ganador del High Roller Khashayar Moghaddam, Oscar Orive, Mario Rodr\u00edguez, Pedro Ingl\u00e9s y Pedro Gonz\u00e1lez. https://t.co/Q4Cxf5nldo", "edit_history_tweet_ids": ["1518237368871968771"]}, {"author_id": "1423470885877522433", "id": "1518226792267530242", "created_at": "2022-04-24T13:54:09.000Z", "text": "@williancontig @NicolasMaduro @dcabellor @TareckPSUV Congratulamos desde las bases Pptista activas del Estado Bolivar al Diputado William Rodriguez y su equipo por su notable Rebeli\u00f3n y refundaci\u00f3n democr\u00e1tica a la luz de todos los militantes del partido Pptista...Vaya nuestros salutaciones para Don Mario Chavez.", "edit_history_tweet_ids": ["1518226792267530242"]}, {"author_id": "1566682112", "id": "1518226441913212930", "created_at": "2022-04-24T13:52:45.000Z", "text": "RT @JordanRodas: #Opini\u00f3n | Usac: la pol\u00edtica democr\u00e1tica implica el di\u00e1logo orientado al bien com\u00fan. La sociedad en que vivimos est\u00e1 en cr\u2026", "edit_history_tweet_ids": ["1518226441913212930"]}, {"author_id": "1409335355992596483", "id": "1518223667678916608", "created_at": "2022-04-24T13:41:44.000Z", "text": "@MargaritaRepo C\u00f3mo! Qu\u00e9 enlodar el buen nombre de un desprestigiado y rastrero ej\u00e9rcito, \u00e9s culpa de Petro? Sucios ellos mismo s\u00e9 han encargado de desgenersrse con las mafias, asesinas de Polombia, rito Alejo del r\u00edo, plazas Vega, Mario montoya, el general barreiro, el coronel Rodr\u00edguez,etc", "edit_history_tweet_ids": ["1518223667678916608"]}, {"author_id": "873590056652558336", "id": "1518213174385946625", "created_at": "2022-04-24T13:00:02.000Z", "text": "#TalD\u00edaComoHoy Hace 13 a\u00f1os que se estren\u00f3 'Fuga de cerebros', comedia espa\u00f1ola dirigida por Fernando Gonz\u00e1lez Molina y protagonizada por Mario Casas, Amaia Salamanca, Alberto Amarilla y Canco Rodr\u00edguez https://t.co/tiXNnVMEFs", "edit_history_tweet_ids": ["1518213174385946625"]}, {"author_id": "2599380037", "id": "1518207305858400258", "created_at": "2022-04-24T12:36:43.000Z", "text": "El Santuario de la Virgen de la Paz ha acogido el preg\u00f3n del 75 Aniversario de la Coronaci\u00f3n Can\u00f3nica de la Virgen a cargo del comunicador sevillano Jos\u00e9 Antonio Rodr\u00edguez, presentado por el director de 'El Escaparate de Sevilla', Mario Niebla del Toro https://t.co/RGvq3QYJHJ", "edit_history_tweet_ids": ["1518207305858400258"]}, {"author_id": "915319016", "id": "1518204086163755009", "created_at": "2022-04-24T12:23:55.000Z", "text": "#TeBuscamos Mario Reyes Rodr\u00edguez 1/5/10 #VillaUni\u00f3n #Durango    #Dgo #911 @MissJuliaOrwell https://t.co/rFAKmYEzY8", "edit_history_tweet_ids": ["1518204086163755009"]}, {"author_id": "869623456823992320", "id": "1518190948265639936", "created_at": "2022-04-24T11:31:43.000Z", "text": "Suban a Mario Rodr\u00edguez, pelotero, jugon.\n\n(Levante Edits usando el meme de suban a...)", "edit_history_tweet_ids": ["1518190948265639936"]}, {"author_id": "738299665", "id": "1518168920141742080", "created_at": "2022-04-24T10:04:11.000Z", "text": "Cambio en el descanso entran Mario Rodr\u00edguez y Mathieu se van stiven y \u00e1ngel https://t.co/YtA3mIRmC2", "edit_history_tweet_ids": ["1518168920141742080"]}, {"author_id": "3346007411", "id": "1518162382090129410", "created_at": "2022-04-24T09:38:12.000Z", "text": "\u26bd\ufe0fCHICLANA C.F. vs A. ONUBENSE\u26bd\ufe0f\n\nAlineaci\u00f3n. Suplentes: Diego, Julio, Mario, Sergio, Vallejo, Ad\u00e1n y Pablo Rodr\u00edguez. \n\n#ChiclanaCF #chiclanatracatr\u00e1 #YoNoS\u00e9Rendirme #chiclana https://t.co/FkMPg6BSto", "edit_history_tweet_ids": ["1518162382090129410"]}, {"author_id": "1500216401218322434", "id": "1518151735297990656", "created_at": "2022-04-24T08:55:54.000Z", "text": "@antoanml @oppenheimera @mario_delgado @fmartinmoreno @PartidoMorenaMx Esa pinchi Dientesfalsos Rodriguez, no haya ni como publicitarse con sus pinchis selfies  mmns!", "edit_history_tweet_ids": ["1518151735297990656"]}, {"author_id": "583043908", "id": "1518120256937594882", "created_at": "2022-04-24T06:50:49.000Z", "text": "RT @Drago237: 11. Christi\u00e1n Rodr\u00edguez. \"Frustraci\u00f3n\", a 3 a\u00f1os sale una informaci\u00f3n que ten\u00eda que haber salido antes? \u00bfD\u00f3nde? Est\u00e1n Mandos\u2026", "edit_history_tweet_ids": ["1518120256937594882"]}, {"author_id": "130247080", "id": "1518108811499819013", "created_at": "2022-04-24T06:05:20.000Z", "text": "RT @OnThisDayCrew96: Columbus Crew club debuts on this day...\n2005 - Mario Rodriguez\n#Crew96 https://t.co/23tAZdGZei", "edit_history_tweet_ids": ["1518108811499819013"]}, {"author_id": "391759727", "id": "1518053137864708096", "created_at": "2022-04-24T02:24:06.000Z", "text": "RT @JordanRodas: #Opini\u00f3n | Usac: la pol\u00edtica democr\u00e1tica implica el di\u00e1logo orientado al bien com\u00fan. La sociedad en que vivimos est\u00e1 en cr\u2026", "edit_history_tweet_ids": ["1518053137864708096"]}, {"author_id": "1252071896830676992", "id": "1518033682736500736", "created_at": "2022-04-24T01:06:48.000Z", "text": "El PRM adquiere el regidor Wilkins Mart\u00ednez, electo en la  boleta municipal del PLD en el municipio Cayetano Germos\u00e9n (Guan\u00e1bano).\n\nEl regidor Wilkins Mart\u00ednez fue juramentado en el PRM por el Alcalde en Cayetano Germosen, Mario Emilio Rodr\u00edguez.\n\n#DiarioPol\u00edticoRD #DP\n#PRM #PLD https://t.co/DDTJSgBQzW", "edit_history_tweet_ids": ["1518033682736500736"]}, {"author_id": "3731695816", "id": "1518032638052913152", "created_at": "2022-04-24T01:02:39.000Z", "text": "RT @JordanRodas: #Opini\u00f3n | Usac: la pol\u00edtica democr\u00e1tica implica el di\u00e1logo orientado al bien com\u00fan. La sociedad en que vivimos est\u00e1 en cr\u2026", "edit_history_tweet_ids": ["1518032638052913152"]}, {"author_id": "355934373", "id": "1518017753424318465", "created_at": "2022-04-24T00:03:30.000Z", "text": "RT @Drago237: 21. Jes\u00fas Rodr\u00edguez. \"Frustraci\u00f3n\", a 3 a\u00f1os sale una informaci\u00f3n que ten\u00eda que haber salido antes? \u00bfD\u00f3nde? Est\u00e1n Mandos que\u2026", "edit_history_tweet_ids": ["1518017753424318465"]}, {"author_id": "355934373", "id": "1518017656573546497", "created_at": "2022-04-24T00:03:07.000Z", "text": "RT @Drago237: 16. Everardo Rodr\u00edguez \"Frustraci\u00f3n\", a 3 a\u00f1os sale una informaci\u00f3n que ten\u00eda que haber salido antes? \u00bfD\u00f3nde? Est\u00e1n Mandos qu\u2026", "edit_history_tweet_ids": ["1518017656573546497"]}, {"author_id": "355934373", "id": "1518017559500632065", "created_at": "2022-04-24T00:02:44.000Z", "text": "RT @Drago237: 11. Christi\u00e1n Rodr\u00edguez. \"Frustraci\u00f3n\", a 3 a\u00f1os sale una informaci\u00f3n que ten\u00eda que haber salido antes? \u00bfD\u00f3nde? Est\u00e1n Mandos\u2026", "edit_history_tweet_ids": ["1518017559500632065"]}, {"author_id": "2486396360", "id": "1518004186364977152", "created_at": "2022-04-23T23:09:35.000Z", "text": "RT @JordanRodas: #Opini\u00f3n | Usac: la pol\u00edtica democr\u00e1tica implica el di\u00e1logo orientado al bien com\u00fan. La sociedad en que vivimos est\u00e1 en cr\u2026", "edit_history_tweet_ids": ["1518004186364977152"]}, {"author_id": "1478031240477429770", "id": "1517989516132368384", "created_at": "2022-04-23T22:11:18.000Z", "text": "RT @JordanRodas: #Opini\u00f3n | Usac: la pol\u00edtica democr\u00e1tica implica el di\u00e1logo orientado al bien com\u00fan. La sociedad en que vivimos est\u00e1 en cr\u2026", "edit_history_tweet_ids": ["1517989516132368384"]}, {"author_id": "2997727790", "id": "1517988915637932034", "created_at": "2022-04-23T22:08:55.000Z", "text": "RT @Drago237: 21. Jes\u00fas Rodr\u00edguez. \"Frustraci\u00f3n\", a 3 a\u00f1os sale una informaci\u00f3n que ten\u00eda que haber salido antes? \u00bfD\u00f3nde? Est\u00e1n Mandos que\u2026", "edit_history_tweet_ids": ["1517988915637932034"]}, {"author_id": "2997727790", "id": "1517988865427922944", "created_at": "2022-04-23T22:08:43.000Z", "text": "RT @Drago237: 16. Everardo Rodr\u00edguez \"Frustraci\u00f3n\", a 3 a\u00f1os sale una informaci\u00f3n que ten\u00eda que haber salido antes? \u00bfD\u00f3nde? Est\u00e1n Mandos qu\u2026", "edit_history_tweet_ids": ["1517988865427922944"]}, {"author_id": "2997727790", "id": "1517988820083388416", "created_at": "2022-04-23T22:08:32.000Z", "text": "RT @Drago237: 11. Christi\u00e1n Rodr\u00edguez. \"Frustraci\u00f3n\", a 3 a\u00f1os sale una informaci\u00f3n que ten\u00eda que haber salido antes? \u00bfD\u00f3nde? Est\u00e1n Mandos\u2026", "edit_history_tweet_ids": ["1517988820083388416"]}, {"author_id": "1134139716469690368", "id": "1517984484309749767", "created_at": "2022-04-23T21:51:18.000Z", "text": "RT @JordanRodas: #Opini\u00f3n | Usac: la pol\u00edtica democr\u00e1tica implica el di\u00e1logo orientado al bien com\u00fan. La sociedad en que vivimos est\u00e1 en cr\u2026", "edit_history_tweet_ids": ["1517984484309749767"]}, {"author_id": "1046387772", "id": "1517978101589889026", "created_at": "2022-04-23T21:25:56.000Z", "text": "RT @JordanRodas: #Opini\u00f3n | Usac: la pol\u00edtica democr\u00e1tica implica el di\u00e1logo orientado al bien com\u00fan. La sociedad en que vivimos est\u00e1 en cr\u2026", "edit_history_tweet_ids": ["1517978101589889026"]}, {"author_id": "168835221", "id": "1517964731998474245", "created_at": "2022-04-23T20:32:49.000Z", "text": "RT @JordanRodas: #Opini\u00f3n | Usac: la pol\u00edtica democr\u00e1tica implica el di\u00e1logo orientado al bien com\u00fan. La sociedad en que vivimos est\u00e1 en cr\u2026", "edit_history_tweet_ids": ["1517964731998474245"]}, {"author_id": "3175303572", "id": "1517963678179540992", "created_at": "2022-04-23T20:28:37.000Z", "text": "RT @JordanRodas: #Opini\u00f3n | Usac: la pol\u00edtica democr\u00e1tica implica el di\u00e1logo orientado al bien com\u00fan. La sociedad en que vivimos est\u00e1 en cr\u2026", "edit_history_tweet_ids": ["1517963678179540992"]}, {"author_id": "2282738017", "id": "1517962106204827649", "created_at": "2022-04-23T20:22:23.000Z", "text": "RT @JordanRodas: #Opini\u00f3n | Usac: la pol\u00edtica democr\u00e1tica implica el di\u00e1logo orientado al bien com\u00fan. La sociedad en que vivimos est\u00e1 en cr\u2026", "edit_history_tweet_ids": ["1517962106204827649"]}, {"author_id": "183373413", "id": "1517960393590775808", "created_at": "2022-04-23T20:15:34.000Z", "text": "RT @JordanRodas: #Opini\u00f3n | Usac: la pol\u00edtica democr\u00e1tica implica el di\u00e1logo orientado al bien com\u00fan. La sociedad en que vivimos est\u00e1 en cr\u2026", "edit_history_tweet_ids": ["1517960393590775808"]}, {"author_id": "1485280466651516938", "id": "1517958871440052224", "created_at": "2022-04-23T20:09:31.000Z", "text": "RT @JordanRodas: #Opini\u00f3n | Usac: la pol\u00edtica democr\u00e1tica implica el di\u00e1logo orientado al bien com\u00fan. La sociedad en que vivimos est\u00e1 en cr\u2026", "edit_history_tweet_ids": ["1517958871440052224"]}, {"author_id": "899257775238336512", "id": "1517956670160355328", "created_at": "2022-04-23T20:00:47.000Z", "text": "RT @JordanRodas: #Opini\u00f3n | Usac: la pol\u00edtica democr\u00e1tica implica el di\u00e1logo orientado al bien com\u00fan. La sociedad en que vivimos est\u00e1 en cr\u2026", "edit_history_tweet_ids": ["1517956670160355328"]}, {"author_id": "860382481", "id": "1517955729654702080", "created_at": "2022-04-23T19:57:02.000Z", "text": "RT @JordanRodas: #Opini\u00f3n | Usac: la pol\u00edtica democr\u00e1tica implica el di\u00e1logo orientado al bien com\u00fan. La sociedad en que vivimos est\u00e1 en cr\u2026", "edit_history_tweet_ids": ["1517955729654702080"]}, {"author_id": "167076328", "id": "1517955549484093440", "created_at": "2022-04-23T19:56:19.000Z", "text": "RT @altavozmxradio: Desde Paris, el escritor Mario Rodr\u00edguez te invita a prender la radio y escuchar los especiales del #D\u00edaMundialDelLibro\u2026", "edit_history_tweet_ids": ["1517955549484093440"]}, {"author_id": "1133121045265883139", "id": "1517952028969943041", "created_at": "2022-04-23T19:42:20.000Z", "text": "Desde Paris, el escritor Mario Rodr\u00edguez te invita a prender la radio y escuchar los especiales del #D\u00edaMundialDelLibro. \ud83d\udcd6\n\nS\u00ed, por Altavoz Radio. https://t.co/F5eOiGKzyD", "edit_history_tweet_ids": ["1517952028969943041"]}, {"author_id": "523244875", "id": "1517951515893321731", "created_at": "2022-04-23T19:40:18.000Z", "text": "\u201cLa disciplina es el igualador de talentos\u201d.\nMario Rodr\u00edguez.", "edit_history_tweet_ids": ["1517951515893321731"]}], "meta": {"newest_id": "1518619227745406981", "oldest_id": "1517951515893321731", "result_count": 99, "next_token": "b26v89c19zqg8o3fpytnz4rew69r51ocvmhyb0iaputfh"}}